{"statuses":[{"created_at":"Thu Jul 13 10:11:25 +0000 2017","id":885441527446552600,"id_str":"885441527446552576","text":"ヨハネこと津島善子ちゃんのお誕生日😈❤\n♡o｡+..:*ハッピーバースデー♡o｡+..:*\n私はもうとっくにあなたのリトルデーモンっ!!ψ◥(ºωº`｡)◤↷","truncated":false,"entities":{"hashtags":[],"symbols":[],"user_mentions":[],"urls":[]},"metadata":{"iso_language_code":"ja","result_type":"recent"},"source":"<a href=\"http://twitter.com/download/iphone\" rel=\"nofollow\">Twitter for iPhone</a>","in_reply_to_status_id":null,"in_reply_to_status_id_str":null,"in_reply_to_user_id":null,"in_reply_to_user_id_str":null,"in_reply_to_screen_name":null,"user":{"id":3177547086,"id_str":"3177547086","name":"鈴木愛奈","screen_name":"aina_suzuki723","location":"","description":"IAMエージェンシー所属新人声優。リプは事務所の方針で基本的に関係者のみですが、皆さんからのコメントとっても嬉しいので、時々お返しする事も(*^^*)よろしくお願いします♪「ラブライブ！サンシャイン!!」小原鞠莉役/「城下町のダンデライオン」櫻田栞役/「アカメが斬る!」メズ役/「第7回アニグラ」best3入 他","url":null,"entities":{"description":{"urls":[]}},"protected":false,"followers_count":173137,"friends_count":73,"listed_count":6151,"created_at":"Mon Apr 27 08:03:05 +0000 2015","favourites_count":395,"utc_offset":32400,"time_zone":"Osaka","geo_enabled":false,"verified":false,"statuses_count":1323,"lang":"ja","contributors_enabled":false,"is_translator":false,"is_translation_enabled":false,"profile_background_color":"C0DEED","profile_background_image_url":"http://abs.twimg.com/images/themes/theme1/bg.png","profile_background_image_url_https":"https://abs.twimg.com/images/themes/theme1/bg.png","profile_background_tile":false,"profile_image_url":"http://pbs.twimg.com/profile_images/757455849522466816/cSdrxTKq_normal.jpg","profile_image_url_https":"https://pbs.twimg.com/profile_images/757455849522466816/cSdrxTKq_normal.jpg","profile_link_color":"1DA1F2","profile_sidebar_border_color":"C0DEED","profile_sidebar_fill_color":"DDEEF6","profile_text_color":"333333","profile_use_background_image":true,"has_extended_profile":false,"default_profile":true,"default_profile_image":false,"following":false,"follow_request_sent":false,"notifications":false,"translator_type":"none"},"geo":null,"coordinates":null,"place":null,"contributors":null,"is_quote_status":false,"retweet_count":573,"favorite_count":1382,"favorited":false,"retweeted":false,"lang":"ja"},{"created_at":"Thu Jul 13 10:02:17 +0000 2017","id":885439227290202100,"id_str":"885439227290202112","text":"「THE IDOLM@STER SideM 3rd Anniversary ST@RTING SIGNAL!!! 2017」まで2日！本日は桜庭薫役・内田雄馬さんのサインを公開！タイムシフト予約はこちらから→… https://t.co/msXfGuNvkG","truncated":true,"entities":{"hashtags":[],"symbols":[],"user_mentions":[],"urls":[{"url":"https://t.co/msXfGuNvkG","expanded_url":"https://twitter.com/i/web/status/885439227290202112","display_url":"twitter.com/i/web/status/8…","indices":[106,129]}]},"metadata":{"iso_language_code":"ja","result_type":"recent"},"source":"<a href=\"http://twitter.com\" rel=\"nofollow\">Twitter Web Client</a>","in_reply_to_status_id":null,"in_reply_to_status_id_str":null,"in_reply_to_user_id":null,"in_reply_to_user_id_str":null,"in_reply_to_screen_name":null,"user":{"id":230095408,"id_str":"230095408","name":"アイドルマスター","screen_name":"imas_anime","location":"","description":"『アイドルマスター アニメプロジェクト』公式アカウントです。","url":"http://t.co/JWSUgwEdm6","entities":{"url":{"urls":[{"url":"http://t.co/JWSUgwEdm6","expanded_url":"http://imas-anime-project.com","display_url":"imas-anime-project.com","indices":[0,22]}]},"description":{"urls":[]}},"protected":false,"followers_count":294312,"friends_count":9,"listed_count":5538,"created_at":"Fri Dec 24 07:32:57 +0000 2010","favourites_count":43,"utc_offset":32400,"time_zone":"Tokyo","geo_enabled":false,"verified":false,"statuses_count":6588,"lang":"ja","contributors_enabled":false,"is_translator":false,"is_translation_enabled":false,"profile_background_color":"C0DEED","profile_background_image_url":"http://pbs.twimg.com/profile_background_images/538366372154077184/vAXFlu2y.jpeg","profile_background_image_url_https":"https://pbs.twimg.com/profile_background_images/538366372154077184/vAXFlu2y.jpeg","profile_background_tile":true,"profile_image_url":"http://pbs.twimg.com/profile_images/538365006903910401/3u8n-us-_normal.png","profile_image_url_https":"https://pbs.twimg.com/profile_images/538365006903910401/3u8n-us-_normal.png","profile_link_color":"0084B4","profile_sidebar_border_color":"C0DEED","profile_sidebar_fill_color":"DDEEF6","profile_text_color":"333333","profile_use_background_image":true,"has_extended_profile":false,"default_profile":false,"default_profile_image":false,"following":false,"follow_request_sent":false,"notifications":false,"translator_type":"none"},"geo":null,"coordinates":null,"place":null,"contributors":null,"is_quote_status":false,"retweet_count":526,"favorite_count":543,"favorited":false,"retweeted":false,"possibly_sensitive":false,"lang":"ja"},{"created_at":"Thu Jul 13 10:00:40 +0000 2017","id":885438821260705800,"id_str":"885438821260705792","text":"3周年ニコ生まであと3時間٩(๑❛ᴗ❛๑)۶\nデザイナーの「師匠」から、かわいいアイリスの応援イラストが届いたにゃ(´ω｀*)\nニコ生をお楽しみに☆\nhttps://t.co/hxuTtW2Auz\n#白猫 https://t.co/vGG3gPIBem","truncated":false,"entities":{"hashtags":[{"text":"白猫","indices":[99,102]}],"symbols":[],"user_mentions":[],"urls":[{"url":"https://t.co/hxuTtW2Auz","expanded_url":"http://live.nicovideo.jp/gate/lv300707447","display_url":"live.nicovideo.jp/gate/lv3007074…","indices":[75,98]}],"media":[{"id":885437102770356200,"id_str":"885437102770356226","indices":[103,126],"media_url":"http://pbs.twimg.com/media/DEm0Wo2UAAIe3Y5.jpg","media_url_https":"https://pbs.twimg.com/media/DEm0Wo2UAAIe3Y5.jpg","url":"https://t.co/vGG3gPIBem","display_url":"pic.twitter.com/vGG3gPIBem","expanded_url":"https://twitter.com/wcat_project/status/885438821260705792/photo/1","type":"photo","sizes":{"small":{"w":680,"h":510,"resize":"fit"},"medium":{"w":1000,"h":750,"resize":"fit"},"large":{"w":1000,"h":750,"resize":"fit"},"thumb":{"w":150,"h":150,"resize":"crop"}}}]},"extended_entities":{"media":[{"id":885437102770356200,"id_str":"885437102770356226","indices":[103,126],"media_url":"http://pbs.twimg.com/media/DEm0Wo2UAAIe3Y5.jpg","media_url_https":"https://pbs.twimg.com/media/DEm0Wo2UAAIe3Y5.jpg","url":"https://t.co/vGG3gPIBem","display_url":"pic.twitter.com/vGG3gPIBem","expanded_url":"https://twitter.com/wcat_project/status/885438821260705792/photo/1","type":"photo","sizes":{"small":{"w":680,"h":510,"resize":"fit"},"medium":{"w":1000,"h":750,"resize":"fit"},"large":{"w":1000,"h":750,"resize":"fit"},"thumb":{"w":150,"h":150,"resize":"crop"}}}]},"metadata":{"iso_language_code":"ja","result_type":"recent"},"source":"<a href=\"http://twitter.com\" rel=\"nofollow\">Twitter Web Client</a>","in_reply_to_status_id":null,"in_reply_to_status_id_str":null,"in_reply_to_user_id":null,"in_reply_to_user_id_str":null,"in_reply_to_screen_name":null,"user":{"id":2656641666,"id_str":"2656641666","name":"【公式】白猫プロジェクト","screen_name":"wcat_project","location":"","description":"白猫プロジェクトの公式twitterです。 宣伝担当の「しろっきー」が皆様と会話していきたいと思います！(๑・ .̫ ・๑)   開発陣一同、白猫プロジェクトを盛り上げていきますのでどうぞよろしくお願いいたします！ #白猫  ※お問い合わせはこちら→https://t.co/hCwb7YP9Ug","url":"https://t.co/UikkyQGv5O","entities":{"url":{"urls":[{"url":"https://t.co/UikkyQGv5O","expanded_url":"http://colopl.co.jp/shironekoproject/","display_url":"colopl.co.jp/shironekoproje…","indices":[0,23]}]},"description":{"urls":[{"url":"https://t.co/hCwb7YP9Ug","expanded_url":"http://colopl.co.jp/contact","display_url":"colopl.co.jp/contact","indices":[125,148]}]}},"protected":false,"followers_count":975005,"friends_count":23,"listed_count":4703,"created_at":"Fri Jul 18 12:36:21 +0000 2014","favourites_count":0,"utc_offset":28800,"time_zone":"Irkutsk","geo_enabled":false,"verified":true,"statuses_count":2239,"lang":"ja","contributors_enabled":false,"is_translator":false,"is_translation_enabled":false,"profile_background_color":"C0DEED","profile_background_image_url":"http://abs.twimg.com/images/themes/theme1/bg.png","profile_background_image_url_https":"https://abs.twimg.com/images/themes/theme1/bg.png","profile_background_tile":false,"profile_image_url":"http://pbs.twimg.com/profile_images/848188075431809026/T6JLHiW9_normal.jpg","profile_image_url_https":"https://pbs.twimg.com/profile_images/848188075431809026/T6JLHiW9_normal.jpg","profile_banner_url":"https://pbs.twimg.com/profile_banners/2656641666/1491058772","profile_link_color":"1DA1F2","profile_sidebar_border_color":"C0DEED","profile_sidebar_fill_color":"DDEEF6","profile_text_color":"333333","profile_use_background_image":true,"has_extended_profile":false,"default_profile":true,"default_profile_image":false,"following":false,"follow_request_sent":false,"notifications":false,"translator_type":"none"},"geo":null,"coordinates":null,"place":null,"contributors":null,"is_quote_status":false,"retweet_count":692,"favorite_count":1396,"favorited":false,"retweeted":false,"possibly_sensitive":false,"lang":"ja"},{"created_at":"Thu Jul 13 10:00:10 +0000 2017","id":885438696010338300,"id_str":"885438696010338304","text":"【動画】あの娘シークレット / 初音ミク https://t.co/YyfYFec3rz を投稿しました。 #sm31562175","truncated":false,"entities":{"hashtags":[{"text":"sm31562175","indices":[54,65]}],"symbols":[],"user_mentions":[],"urls":[{"url":"https://t.co/YyfYFec3rz","expanded_url":"http://nico.ms/sm31562175?nicorepotwitter_upload_video","display_url":"nico.ms/sm31562175?nic…","indices":[21,44]}]},"metadata":{"iso_language_code":"ja","result_type":"recent"},"source":"<a href=\"http://www.nicovideo.jp/\" rel=\"nofollow\">niconico ニコレポ連携</a>","in_reply_to_status_id":null,"in_reply_to_status_id_str":null,"in_reply_to_user_id":null,"in_reply_to_user_id_str":null,"in_reply_to_screen_name":null,"user":{"id":99853725,"id_str":"99853725","name":"Eve@本日19時新曲","screen_name":"oO0Eve0Oo","location":"はらぺこ商店：店長","description":"歌ったり曲作ったりです\nyoutube：https://t.co/2o33ljriNt\nniconico : https://t.co/pn3KwBCVTB\n服もつくる：https://t.co/RuIVyNZsu6","url":"https://t.co/TPwMu5vAGh","entities":{"url":{"urls":[{"url":"https://t.co/TPwMu5vAGh","expanded_url":"http://eveofficial.com/","display_url":"eveofficial.com","indices":[0,23]}]},"description":{"urls":[{"url":"https://t.co/2o33ljriNt","expanded_url":"https://www.youtube.com/user/ooo0eve0ooo","display_url":"youtube.com/user/ooo0eve0o…","indices":[20,43]},{"url":"https://t.co/pn3KwBCVTB","expanded_url":"http://sp.nicovideo.jp/mylist/17255242","display_url":"sp.nicovideo.jp/mylist/17255242","indices":[55,78]},{"url":"https://t.co/RuIVyNZsu6","expanded_url":"http://harapecostore.net","display_url":"harapecostore.net","indices":[85,108]}]}},"protected":false,"followers_count":113748,"friends_count":246,"listed_count":2075,"created_at":"Mon Dec 28 03:54:14 +0000 2009","favourites_count":210588,"utc_offset":32400,"time_zone":"Tokyo","geo_enabled":false,"verified":false,"statuses_count":36143,"lang":"ja","contributors_enabled":false,"is_translator":false,"is_translation_enabled":false,"profile_background_color":"000000","profile_background_image_url":"http://pbs.twimg.com/profile_background_images/526692926655455232/itQKFhwE.png","profile_background_image_url_https":"https://pbs.twimg.com/profile_background_images/526692926655455232/itQKFhwE.png","profile_background_tile":true,"profile_image_url":"http://pbs.twimg.com/profile_images/882901933672902656/XMiRPYmx_normal.jpg","profile_image_url_https":"https://pbs.twimg.com/profile_images/882901933672902656/XMiRPYmx_normal.jpg","profile_banner_url":"https://pbs.twimg.com/profile_banners/99853725/1436343201","profile_link_color":"3B94D9","profile_sidebar_border_color":"000000","profile_sidebar_fill_color":"C0DFEC","profile_text_color":"333333","profile_use_background_image":true,"has_extended_profile":false,"default_profile":false,"default_profile_image":false,"following":false,"follow_request_sent":false,"notifications":false,"translator_type":"none"},"geo":null,"coordinates":null,"place":null,"contributors":null,"is_quote_status":false,"retweet_count":984,"favorite_count":1838,"favorited":false,"retweeted":false,"possibly_sensitive":false,"lang":"ja"},{"created_at":"Thu Jul 13 09:59:20 +0000 2017","id":885438484516749300,"id_str":"885438484516749313","text":"コウペンちゃんの描き方メモです。\n元気なときや元気がないときにレッツチャレンジ https://t.co/BRhebz2kii","truncated":false,"entities":{"hashtags":[],"symbols":[],"user_mentions":[],"urls":[],"media":[{"id":885438476123914200,"id_str":"885438476123914240","indices":[40,63],"media_url":"http://pbs.twimg.com/media/DEm1mk_UQAAqLei.jpg","media_url_https":"https://pbs.twimg.com/media/DEm1mk_UQAAqLei.jpg","url":"https://t.co/BRhebz2kii","display_url":"pic.twitter.com/BRhebz2kii","expanded_url":"https://twitter.com/k_r_r_l_l_/status/885438484516749313/photo/1","type":"photo","sizes":{"medium":{"w":811,"h":1200,"resize":"fit"},"small":{"w":460,"h":680,"resize":"fit"},"thumb":{"w":150,"h":150,"resize":"crop"},"large":{"w":1384,"h":2048,"resize":"fit"}}}]},"extended_entities":{"media":[{"id":885438476123914200,"id_str":"885438476123914240","indices":[40,63],"media_url":"http://pbs.twimg.com/media/DEm1mk_UQAAqLei.jpg","media_url_https":"https://pbs.twimg.com/media/DEm1mk_UQAAqLei.jpg","url":"https://t.co/BRhebz2kii","display_url":"pic.twitter.com/BRhebz2kii","expanded_url":"https://twitter.com/k_r_r_l_l_/status/885438484516749313/photo/1","type":"photo","sizes":{"medium":{"w":811,"h":1200,"resize":"fit"},"small":{"w":460,"h":680,"resize":"fit"},"thumb":{"w":150,"h":150,"resize":"crop"},"large":{"w":1384,"h":2048,"resize":"fit"}}}]},"metadata":{"iso_language_code":"ja","result_type":"recent"},"source":"<a href=\"http://twitter.com/download/iphone\" rel=\"nofollow\">Twitter for iPhone</a>","in_reply_to_status_id":null,"in_reply_to_status_id_str":null,"in_reply_to_user_id":null,"in_reply_to_user_id_str":null,"in_reply_to_screen_name":null,"user":{"id":228727136,"id_str":"228727136","name":"るるてあ","screen_name":"k_r_r_l_l_","location":"","description":"鶏卵が好きです。 ■LINEスタンプはこちら→https://t.co/pdmpZQP31U ■イラストのアイコン・ヘッダー使用はご自由にどうぞ。画像の加工・商用利用はお控えください。■商品化の御連絡はこちらにお願い致します。→https://t.co/0Rqh1X5CTr","url":null,"entities":{"description":{"urls":[{"url":"https://t.co/pdmpZQP31U","expanded_url":"http://line.me/S/sticker/1457374","display_url":"line.me/S/sticker/1457…","indices":[23,46]},{"url":"https://t.co/0Rqh1X5CTr","expanded_url":"https://spiralcute.com/contact/index","display_url":"spiralcute.com/contact/index","indices":[114,137]}]}},"protected":false,"followers_count":154473,"friends_count":180,"listed_count":1148,"created_at":"Mon Dec 20 14:20:27 +0000 2010","favourites_count":22107,"utc_offset":32400,"time_zone":"Tokyo","geo_enabled":false,"verified":false,"statuses_count":66392,"lang":"ja","contributors_enabled":false,"is_translator":false,"is_translation_enabled":false,"profile_background_color":"C0DEED","profile_background_image_url":"http://abs.twimg.com/images/themes/theme1/bg.png","profile_background_image_url_https":"https://abs.twimg.com/images/themes/theme1/bg.png","profile_background_tile":false,"profile_image_url":"http://pbs.twimg.com/profile_images/846307150703935488/_WU1B7sY_normal.jpg","profile_image_url_https":"https://pbs.twimg.com/profile_images/846307150703935488/_WU1B7sY_normal.jpg","profile_banner_url":"https://pbs.twimg.com/profile_banners/228727136/1491489775","profile_link_color":"1DA1F2","profile_sidebar_border_color":"C0DEED","profile_sidebar_fill_color":"DDEEF6","profile_text_color":"333333","profile_use_background_image":true,"has_extended_profile":false,"default_profile":true,"default_profile_image":false,"following":false,"follow_request_sent":false,"notifications":false,"translator_type":"none"},"geo":null,"coordinates":null,"place":null,"contributors":null,"is_quote_status":false,"retweet_count":1183,"favorite_count":2799,"favorited":false,"retweeted":false,"possibly_sensitive":false,"lang":"ja"},{"created_at":"Thu Jul 13 09:57:34 +0000 2017","id":885438040461541400,"id_str":"885438040461541377","text":"うーん仲睦まじいなー♡ https://t.co/65Z96039pk","truncated":false,"entities":{"hashtags":[],"symbols":[],"user_mentions":[],"urls":[{"url":"https://t.co/65Z96039pk","expanded_url":"https://twitter.com/shima_s2/status/885437704455860224","display_url":"twitter.com/shima_s2/statu…","indices":[12,35]}]},"metadata":{"iso_language_code":"ja","result_type":"recent"},"source":"<a href=\"http://twitter.com/download/iphone\" rel=\"nofollow\">Twitter for iPhone</a>","in_reply_to_status_id":null,"in_reply_to_status_id_str":null,"in_reply_to_user_id":null,"in_reply_to_user_id_str":null,"in_reply_to_screen_name":null,"user":{"id":106996737,"id_str":"106996737","name":"センラ@浦島坂田船","screen_name":"sen_sen_sen_sen","location":"KYOTO→NAGOYA","description":"テラ4年目社会人、好きな言葉「連休」 / センラー・ラ / スタミュ2期OPテーマ Fourpe :CV / 色々ぶちまけているSub→( @senra_kise ) 浦島坂田船→( @USSS_info ) ( senra_rarara@yahoo.co.jp ) アイコン→月森フユカ","url":"https://t.co/74SiCXJMOv","entities":{"url":{"urls":[{"url":"https://t.co/74SiCXJMOv","expanded_url":"http://sp.nicovideo.jp/mylist/5979643","display_url":"sp.nicovideo.jp/mylist/5979643","indices":[0,23]}]},"description":{"urls":[]}},"protected":false,"followers_count":202364,"friends_count":357,"listed_count":3837,"created_at":"Thu Jan 21 08:40:30 +0000 2010","favourites_count":1511,"utc_offset":32400,"time_zone":"Tokyo","geo_enabled":false,"verified":true,"statuses_count":90727,"lang":"ja","contributors_enabled":false,"is_translator":false,"is_translation_enabled":false,"profile_background_color":"C0DEED","profile_background_image_url":"http://abs.twimg.com/images/themes/theme1/bg.png","profile_background_image_url_https":"https://abs.twimg.com/images/themes/theme1/bg.png","profile_background_tile":false,"profile_image_url":"http://pbs.twimg.com/profile_images/853961966695571456/6DW3Adss_normal.jpg","profile_image_url_https":"https://pbs.twimg.com/profile_images/853961966695571456/6DW3Adss_normal.jpg","profile_banner_url":"https://pbs.twimg.com/profile_banners/106996737/1420779534","profile_link_color":"1DA1F2","profile_sidebar_border_color":"C0DEED","profile_sidebar_fill_color":"DDEEF6","profile_text_color":"333333","profile_use_background_image":true,"has_extended_profile":true,"default_profile":true,"default_profile_image":false,"following":false,"follow_request_sent":false,"notifications":false,"translator_type":"none"},"geo":null,"coordinates":null,"place":null,"contributors":null,"is_quote_status":true,"quoted_status_id":885437704455860200,"quoted_status_id_str":"885437704455860224","quoted_status":{"created_at":"Thu Jul 13 09:56:14 +0000 2017","id":885437704455860200,"id_str":"885437704455860224","text":"うらたさんが水を飲んでたので頂戴と言ったら……\n\n(志麻の許可済) https://t.co/jTJkc3XK8E","truncated":false,"entities":{"hashtags":[],"symbols":[],"user_mentions":[],"urls":[],"media":[{"id":885437442794242000,"id_str":"885437442794242048","indices":[34,57],"media_url":"http://pbs.twimg.com/ext_tw_video_thumb/885437442794242048/pu/img/YQJWl1UI22tLReMr.jpg","media_url_https":"https://pbs.twimg.com/ext_tw_video_thumb/885437442794242048/pu/img/YQJWl1UI22tLReMr.jpg","url":"https://t.co/jTJkc3XK8E","display_url":"pic.twitter.com/jTJkc3XK8E","expanded_url":"https://twitter.com/shima_s2/status/885437704455860224/video/1","type":"photo","sizes":{"large":{"w":528,"h":960,"resize":"fit"},"thumb":{"w":150,"h":150,"resize":"crop"},"small":{"w":340,"h":618,"resize":"fit"},"medium":{"w":528,"h":960,"resize":"fit"}}}]},"extended_entities":{"media":[{"id":885437442794242000,"id_str":"885437442794242048","indices":[34,57],"media_url":"http://pbs.twimg.com/ext_tw_video_thumb/885437442794242048/pu/img/YQJWl1UI22tLReMr.jpg","media_url_https":"https://pbs.twimg.com/ext_tw_video_thumb/885437442794242048/pu/img/YQJWl1UI22tLReMr.jpg","url":"https://t.co/jTJkc3XK8E","display_url":"pic.twitter.com/jTJkc3XK8E","expanded_url":"https://twitter.com/shima_s2/status/885437704455860224/video/1","type":"video","sizes":{"large":{"w":528,"h":960,"resize":"fit"},"thumb":{"w":150,"h":150,"resize":"crop"},"small":{"w":340,"h":618,"resize":"fit"},"medium":{"w":528,"h":960,"resize":"fit"}},"video_info":{"aspect_ratio":[11,20],"duration_millis":32583,"variants":[{"content_type":"application/x-mpegURL","url":"https://video.twimg.com/ext_tw_video/885437442794242048/pu/pl/RxNsk2YaC9bDEIvc.m3u8"},{"bitrate":320000,"content_type":"video/mp4","url":"https://video.twimg.com/ext_tw_video/885437442794242048/pu/vid/176x320/8njX6pxghh9wGEAc.mp4"},{"bitrate":832000,"content_type":"video/mp4","url":"https://video.twimg.com/ext_tw_video/885437442794242048/pu/vid/352x640/TZbIJe29w8D1e5bS.mp4"}]},"additional_media_info":{"monetizable":false}}]},"metadata":{"iso_language_code":"ja","result_type":"recent"},"source":"<a href=\"http://twitter.com/download/iphone\" rel=\"nofollow\">Twitter for iPhone</a>","in_reply_to_status_id":null,"in_reply_to_status_id_str":null,"in_reply_to_user_id":null,"in_reply_to_user_id_str":null,"in_reply_to_screen_name":null,"user":{"id":49379814,"id_str":"49379814","name":"志麻@浦島坂田船♔","screen_name":"shima_s2","location":"乃木坂⊿","description":"Work→スタミュ2期OP/歌/ゲーム/ベース/番組MCなど♔ショートカットと長身が好物。乃木坂46とでんぱ組大好き。チャームポイントはホクロとプリチーなお尻♡土佐出身。浦島坂田船の紫。サバゲーチームS.H.代表。コスプレたまに。icon:月森フユカ 仕事の依頼→shima_stardust@hotmail.co.jp","url":"https://t.co/blt8uPKjNc","entities":{"url":{"urls":[{"url":"https://t.co/blt8uPKjNc","expanded_url":"http://com.nicovideo.jp/community/co1186343","display_url":"com.nicovideo.jp/community/co11…","indices":[0,23]}]},"description":{"urls":[]}},"protected":false,"followers_count":217537,"friends_count":360,"listed_count":4166,"created_at":"Sun Jun 21 18:03:35 +0000 2009","favourites_count":6744,"utc_offset":32400,"time_zone":"Tokyo","geo_enabled":false,"verified":true,"statuses_count":11779,"lang":"ja","contributors_enabled":false,"is_translator":false,"is_translation_enabled":false,"profile_background_color":"000000","profile_background_image_url":"http://abs.twimg.com/images/themes/theme14/bg.gif","profile_background_image_url_https":"https://abs.twimg.com/images/themes/theme14/bg.gif","profile_background_tile":false,"profile_image_url":"http://pbs.twimg.com/profile_images/853961483335589889/xXnZ895x_normal.jpg","profile_image_url_https":"https://pbs.twimg.com/profile_images/853961483335589889/xXnZ895x_normal.jpg","profile_banner_url":"https://pbs.twimg.com/profile_banners/49379814/1489648720","profile_link_color":"9349E8","profile_sidebar_border_color":"000000","profile_sidebar_fill_color":"000000","profile_text_color":"000000","profile_use_background_image":false,"has_extended_profile":true,"default_profile":false,"default_profile_image":false,"following":false,"follow_request_sent":false,"notifications":false,"translator_type":"none"},"geo":null,"coordinates":null,"place":null,"contributors":null,"is_quote_status":false,"retweet_count":2978,"favorite_count":7845,"favorited":false,"retweeted":false,"possibly_sensitive":false,"lang":"ja"},"retweet_count":844,"favorite_count":4700,"favorited":false,"retweeted":false,"possibly_sensitive":false,"lang":"ja"},{"created_at":"Thu Jul 13 09:57:15 +0000 2017","id":885437963093524500,"id_str":"885437963093524480","text":"【Splatoon2部門設立発表】\nDetonatioN Gamingはこの度、新部門として#Splatoon2 設立を発表致します。設立に先立ち、選手単位、チーム単位での募集を開始致します。詳細はWebサイトをご確認ください。… https://t.co/xPfqIdqIjw","truncated":true,"entities":{"hashtags":[],"symbols":[],"user_mentions":[],"urls":[{"url":"https://t.co/xPfqIdqIjw","expanded_url":"https://twitter.com/i/web/status/885437963093524480","display_url":"twitter.com/i/web/status/8…","indices":[116,139]}]},"metadata":{"iso_language_code":"ja","result_type":"recent"},"source":"<a href=\"http://twitter.com/download/iphone\" rel=\"nofollow\">Twitter for iPhone</a>","in_reply_to_status_id":null,"in_reply_to_status_id_str":null,"in_reply_to_user_id":null,"in_reply_to_user_id_str":null,"in_reply_to_screen_name":null,"user":{"id":768582823,"id_str":"768582823","name":"DetonatioN Gaming","screen_name":"team_detonation","location":"Tokyo, Japan","description":"Pro eSports Team - DetonatioN Gaming LoL／BF／スマブラ／SC2／BlackSquad／Hearthstone／ストV／Overwatch／Vainglory／CS:GO\nSponsored URL\nhttps://t.co/8qctbMYX9C","url":"https://t.co/2ShclKeTU8","entities":{"url":{"urls":[{"url":"https://t.co/2ShclKeTU8","expanded_url":"http://team-detonation.net/","display_url":"team-detonation.net","indices":[0,23]}]},"description":{"urls":[{"url":"https://t.co/8qctbMYX9C","expanded_url":"http://team-detonation.net/team-sponsors","display_url":"team-detonation.net/team-sponsors","indices":[120,143]}]}},"protected":false,"followers_count":30146,"friends_count":5347,"listed_count":327,"created_at":"Mon Aug 20 01:24:06 +0000 2012","favourites_count":2837,"utc_offset":32400,"time_zone":"Tokyo","geo_enabled":true,"verified":false,"statuses_count":14214,"lang":"ja","contributors_enabled":false,"is_translator":false,"is_translation_enabled":false,"profile_background_color":"131516","profile_background_image_url":"http://abs.twimg.com/images/themes/theme14/bg.gif","profile_background_image_url_https":"https://abs.twimg.com/images/themes/theme14/bg.gif","profile_background_tile":true,"profile_image_url":"http://pbs.twimg.com/profile_images/663203247218278400/ysJsdF0n_normal.jpg","profile_image_url_https":"https://pbs.twimg.com/profile_images/663203247218278400/ysJsdF0n_normal.jpg","profile_banner_url":"https://pbs.twimg.com/profile_banners/768582823/1493778900","profile_link_color":"009999","profile_sidebar_border_color":"EEEEEE","profile_sidebar_fill_color":"EFEFEF","profile_text_color":"333333","profile_use_background_image":true,"has_extended_profile":false,"default_profile":false,"default_profile_image":false,"following":false,"follow_request_sent":false,"notifications":false,"translator_type":"none"},"geo":null,"coordinates":null,"place":null,"contributors":null,"is_quote_status":false,"retweet_count":546,"favorite_count":246,"favorited":false,"retweeted":false,"possibly_sensitive":false,"lang":"ja"},{"created_at":"Thu Jul 13 09:56:30 +0000 2017","id":885437774391763000,"id_str":"885437774391762944","text":"🔥ドームツアー日程解禁🔥","truncated":false,"entities":{"hashtags":[],"symbols":[],"user_mentions":[],"urls":[]},"metadata":{"iso_language_code":"ja","result_type":"recent"},"source":"<a href=\"http://twitter.com/download/iphone\" rel=\"nofollow\">Twitter for iPhone</a>","in_reply_to_status_id":null,"in_reply_to_status_id_str":null,"in_reply_to_user_id":null,"in_reply_to_user_id_str":null,"in_reply_to_screen_name":null,"user":{"id":2188431318,"id_str":"2188431318","name":"CRAZYBOY","screen_name":"elly24soul","location":"","description":"「NEOTOKYO II EP」","url":"https://t.co/wGBljEDzGX","entities":{"url":{"urls":[{"url":"https://t.co/wGBljEDzGX","expanded_url":"https://itun.es/jp/d6gNkb","display_url":"itun.es/jp/d6gNkb","indices":[0,23]}]},"description":{"urls":[]}},"protected":false,"followers_count":938745,"friends_count":125,"listed_count":2668,"created_at":"Mon Nov 11 13:57:47 +0000 2013","favourites_count":219,"utc_offset":28800,"time_zone":"Irkutsk","geo_enabled":false,"verified":true,"statuses_count":381,"lang":"ja","contributors_enabled":false,"is_translator":false,"is_translation_enabled":false,"profile_background_color":"C0DEED","profile_background_image_url":"http://abs.twimg.com/images/themes/theme1/bg.png","profile_background_image_url_https":"https://abs.twimg.com/images/themes/theme1/bg.png","profile_background_tile":false,"profile_image_url":"http://pbs.twimg.com/profile_images/796989216915791872/6nmV6joh_normal.jpg","profile_image_url_https":"https://pbs.twimg.com/profile_images/796989216915791872/6nmV6joh_normal.jpg","profile_banner_url":"https://pbs.twimg.com/profile_banners/2188431318/1478852181","profile_link_color":"1DA1F2","profile_sidebar_border_color":"C0DEED","profile_sidebar_fill_color":"DDEEF6","profile_text_color":"333333","profile_use_background_image":true,"has_extended_profile":false,"default_profile":true,"default_profile_image":false,"following":false,"follow_request_sent":false,"notifications":false,"translator_type":"none"},"geo":null,"coordinates":null,"place":null,"contributors":null,"is_quote_status":false,"retweet_count":2755,"favorite_count":11814,"favorited":false,"retweeted":false,"lang":"ja"},{"created_at":"Thu Jul 13 09:56:14 +0000 2017","id":885437704455860200,"id_str":"885437704455860224","text":"うらたさんが水を飲んでたので頂戴と言ったら……\n\n(志麻の許可済) https://t.co/jTJkc3XK8E","truncated":false,"entities":{"hashtags":[],"symbols":[],"user_mentions":[],"urls":[],"media":[{"id":885437442794242000,"id_str":"885437442794242048","indices":[34,57],"media_url":"http://pbs.twimg.com/ext_tw_video_thumb/885437442794242048/pu/img/YQJWl1UI22tLReMr.jpg","media_url_https":"https://pbs.twimg.com/ext_tw_video_thumb/885437442794242048/pu/img/YQJWl1UI22tLReMr.jpg","url":"https://t.co/jTJkc3XK8E","display_url":"pic.twitter.com/jTJkc3XK8E","expanded_url":"https://twitter.com/shima_s2/status/885437704455860224/video/1","type":"photo","sizes":{"large":{"w":528,"h":960,"resize":"fit"},"thumb":{"w":150,"h":150,"resize":"crop"},"small":{"w":340,"h":618,"resize":"fit"},"medium":{"w":528,"h":960,"resize":"fit"}}}]},"extended_entities":{"media":[{"id":885437442794242000,"id_str":"885437442794242048","indices":[34,57],"media_url":"http://pbs.twimg.com/ext_tw_video_thumb/885437442794242048/pu/img/YQJWl1UI22tLReMr.jpg","media_url_https":"https://pbs.twimg.com/ext_tw_video_thumb/885437442794242048/pu/img/YQJWl1UI22tLReMr.jpg","url":"https://t.co/jTJkc3XK8E","display_url":"pic.twitter.com/jTJkc3XK8E","expanded_url":"https://twitter.com/shima_s2/status/885437704455860224/video/1","type":"video","sizes":{"large":{"w":528,"h":960,"resize":"fit"},"thumb":{"w":150,"h":150,"resize":"crop"},"small":{"w":340,"h":618,"resize":"fit"},"medium":{"w":528,"h":960,"resize":"fit"}},"video_info":{"aspect_ratio":[11,20],"duration_millis":32583,"variants":[{"content_type":"application/x-mpegURL","url":"https://video.twimg.com/ext_tw_video/885437442794242048/pu/pl/RxNsk2YaC9bDEIvc.m3u8"},{"bitrate":320000,"content_type":"video/mp4","url":"https://video.twimg.com/ext_tw_video/885437442794242048/pu/vid/176x320/8njX6pxghh9wGEAc.mp4"},{"bitrate":832000,"content_type":"video/mp4","url":"https://video.twimg.com/ext_tw_video/885437442794242048/pu/vid/352x640/TZbIJe29w8D1e5bS.mp4"}]},"additional_media_info":{"monetizable":false}}]},"metadata":{"iso_language_code":"ja","result_type":"recent"},"source":"<a href=\"http://twitter.com/download/iphone\" rel=\"nofollow\">Twitter for iPhone</a>","in_reply_to_status_id":null,"in_reply_to_status_id_str":null,"in_reply_to_user_id":null,"in_reply_to_user_id_str":null,"in_reply_to_screen_name":null,"user":{"id":49379814,"id_str":"49379814","name":"志麻@浦島坂田船♔","screen_name":"shima_s2","location":"乃木坂⊿","description":"Work→スタミュ2期OP/歌/ゲーム/ベース/番組MCなど♔ショートカットと長身が好物。乃木坂46とでんぱ組大好き。チャームポイントはホクロとプリチーなお尻♡土佐出身。浦島坂田船の紫。サバゲーチームS.H.代表。コスプレたまに。icon:月森フユカ 仕事の依頼→shima_stardust@hotmail.co.jp","url":"https://t.co/blt8uPKjNc","entities":{"url":{"urls":[{"url":"https://t.co/blt8uPKjNc","expanded_url":"http://com.nicovideo.jp/community/co1186343","display_url":"com.nicovideo.jp/community/co11…","indices":[0,23]}]},"description":{"urls":[]}},"protected":false,"followers_count":217537,"friends_count":360,"listed_count":4166,"created_at":"Sun Jun 21 18:03:35 +0000 2009","favourites_count":6744,"utc_offset":32400,"time_zone":"Tokyo","geo_enabled":false,"verified":true,"statuses_count":11779,"lang":"ja","contributors_enabled":false,"is_translator":false,"is_translation_enabled":false,"profile_background_color":"000000","profile_background_image_url":"http://abs.twimg.com/images/themes/theme14/bg.gif","profile_background_image_url_https":"https://abs.twimg.com/images/themes/theme14/bg.gif","profile_background_tile":false,"profile_image_url":"http://pbs.twimg.com/profile_images/853961483335589889/xXnZ895x_normal.jpg","profile_image_url_https":"https://pbs.twimg.com/profile_images/853961483335589889/xXnZ895x_normal.jpg","profile_banner_url":"https://pbs.twimg.com/profile_banners/49379814/1489648720","profile_link_color":"9349E8","profile_sidebar_border_color":"000000","profile_sidebar_fill_color":"000000","profile_text_color":"000000","profile_use_background_image":false,"has_extended_profile":true,"default_profile":false,"default_profile_image":false,"following":false,"follow_request_sent":false,"notifications":false,"translator_type":"none"},"geo":null,"coordinates":null,"place":null,"contributors":null,"is_quote_status":false,"retweet_count":2978,"favorite_count":7845,"favorited":false,"retweeted":false,"possibly_sensitive":false,"lang":"ja"},{"created_at":"Thu Jul 13 09:52:08 +0000 2017","id":885436674129272800,"id_str":"885436674129272833","text":"【ブログ更新 星野みなみ】 ラッキーセブン https://t.co/MHmy5rq8tX https://t.co/zF2WJoUjUo","truncated":false,"entities":{"hashtags":[],"symbols":[],"user_mentions":[],"urls":[{"url":"https://t.co/MHmy5rq8tX","expanded_url":"http://dlvr.it/PVG6s0","display_url":"dlvr.it/PVG6s0","indices":[22,45]}],"media":[{"id":885436671231017000,"id_str":"885436671231016960","indices":[46,69],"media_url":"http://pbs.twimg.com/media/DEmz9hPUQAAHTAZ.jpg","media_url_https":"https://pbs.twimg.com/media/DEmz9hPUQAAHTAZ.jpg","url":"https://t.co/zF2WJoUjUo","display_url":"pic.twitter.com/zF2WJoUjUo","expanded_url":"https://twitter.com/nogizaka46/status/885436674129272833/photo/1","type":"photo","sizes":{"small":{"w":240,"h":181,"resize":"fit"},"large":{"w":240,"h":181,"resize":"fit"},"thumb":{"w":150,"h":150,"resize":"crop"},"medium":{"w":240,"h":181,"resize":"fit"}}}]},"extended_entities":{"media":[{"id":885436671231017000,"id_str":"885436671231016960","indices":[46,69],"media_url":"http://pbs.twimg.com/media/DEmz9hPUQAAHTAZ.jpg","media_url_https":"https://pbs.twimg.com/media/DEmz9hPUQAAHTAZ.jpg","url":"https://t.co/zF2WJoUjUo","display_url":"pic.twitter.com/zF2WJoUjUo","expanded_url":"https://twitter.com/nogizaka46/status/885436674129272833/photo/1","type":"photo","sizes":{"small":{"w":240,"h":181,"resize":"fit"},"large":{"w":240,"h":181,"resize":"fit"},"thumb":{"w":150,"h":150,"resize":"crop"},"medium":{"w":240,"h":181,"resize":"fit"}}}]},"metadata":{"iso_language_code":"ja","result_type":"recent"},"source":"<a href=\"https://dlvrit.com/\" rel=\"nofollow\">dlvr.it</a>","in_reply_to_status_id":null,"in_reply_to_status_id_str":null,"in_reply_to_user_id":null,"in_reply_to_user_id_str":null,"in_reply_to_screen_name":null,"user":{"id":317684165,"id_str":"317684165","name":"乃木坂46","screen_name":"nogizaka46","location":"乃木坂","description":"AKB48公式ライバルとして結成したアイドルグループです。\r\nグループ名の「乃木坂」は、最終オーディション会場の「SME乃木坂ビル」に由来し「46」は、『AKB48より人数が少なくても負けないという意気込み（秋元康氏）』からです。よろしくお願いします。","url":"http://t.co/f7TOymAV8b","entities":{"url":{"urls":[{"url":"http://t.co/f7TOymAV8b","expanded_url":"http://www.nogizaka46.com/","display_url":"nogizaka46.com","indices":[0,22]}]},"description":{"urls":[]}},"protected":false,"followers_count":763244,"friends_count":11,"listed_count":3705,"created_at":"Wed Jun 15 09:35:11 +0000 2011","favourites_count":15,"utc_offset":32400,"time_zone":"Tokyo","geo_enabled":false,"verified":true,"statuses_count":10611,"lang":"ja","contributors_enabled":false,"is_translator":false,"is_translation_enabled":false,"profile_background_color":"C0DEED","profile_background_image_url":"http://abs.twimg.com/images/themes/theme1/bg.png","profile_background_image_url_https":"https://abs.twimg.com/images/themes/theme1/bg.png","profile_background_tile":false,"profile_image_url":"http://pbs.twimg.com/profile_images/879321670640558081/LJqAoLcs_normal.jpg","profile_image_url_https":"https://pbs.twimg.com/profile_images/879321670640558081/LJqAoLcs_normal.jpg","profile_banner_url":"https://pbs.twimg.com/profile_banners/317684165/1400066488","profile_link_color":"1DA1F2","profile_sidebar_border_color":"C0DEED","profile_sidebar_fill_color":"DDEEF6","profile_text_color":"333333","profile_use_background_image":true,"has_extended_profile":false,"default_profile":true,"default_profile_image":false,"following":false,"follow_request_sent":false,"notifications":false,"translator_type":"none"},"geo":null,"coordinates":null,"place":null,"contributors":null,"is_quote_status":false,"retweet_count":681,"favorite_count":3176,"favorited":false,"retweeted":false,"possibly_sensitive":false,"lang":"ja"},{"created_at":"Thu Jul 13 09:48:46 +0000 2017","id":885435829304164400,"id_str":"885435829304164352","text":"【注意喚起】今回も警察からの非常に強い警備強化要請があり、コミックマーケット９２当日は、警備強化を行った上での開催となり、一般参加者の手荷物確認を実施します。参加者の皆さんのご協力をお願いします。詳細は→https://t.co/y6bpZRlTV2 #C92","truncated":false,"entities":{"hashtags":[{"text":"C92","indices":[126,130]}],"symbols":[],"user_mentions":[],"urls":[{"url":"https://t.co/y6bpZRlTV2","expanded_url":"http://bit.ly/2tPaiYx","display_url":"bit.ly/2tPaiYx","indices":[102,125]}]},"metadata":{"iso_language_code":"ja","result_type":"recent"},"source":"<a href=\"http://twitter.com\" rel=\"nofollow\">Twitter Web Client</a>","in_reply_to_status_id":null,"in_reply_to_status_id_str":null,"in_reply_to_user_id":null,"in_reply_to_user_id_str":null,"in_reply_to_screen_name":null,"user":{"id":249393307,"id_str":"249393307","name":"コミックマーケット準備会","screen_name":"comiketofficial","location":"","description":"コミックマーケット準備会公式アカウント。公式サイト更新、メールニュースの情報等をご紹介していきます。（過去ログ： http://t.co/BsmyE2VM)準備会へのお問い合わせは、http://t.co/MsORWsdO　を参照。なお、１ツイートに情報を収めるために文体が丁寧でない場合があります。","url":"http://t.co/KmZQoTfTMr","entities":{"url":{"urls":[{"url":"http://t.co/KmZQoTfTMr","expanded_url":"http://www.comiket.co.jp","display_url":"comiket.co.jp","indices":[0,22]}]},"description":{"urls":[{"url":"http://t.co/BsmyE2VM","expanded_url":"http://twilog.org/comiketofficial","display_url":"twilog.org/comiketofficial","indices":[57,77]},{"url":"http://t.co/MsORWsdO","expanded_url":"http://www.comiket.co.jp/ForQuestioner.html","display_url":"comiket.co.jp/ForQuestioner.…","indices":[91,111]}]}},"protected":false,"followers_count":148505,"friends_count":22,"listed_count":4755,"created_at":"Tue Feb 08 23:34:23 +0000 2011","favourites_count":0,"utc_offset":32400,"time_zone":"Tokyo","geo_enabled":false,"verified":false,"statuses_count":7890,"lang":"ja","contributors_enabled":false,"is_translator":false,"is_translation_enabled":false,"profile_background_color":"C0DEED","profile_background_image_url":"http://abs.twimg.com/images/themes/theme1/bg.png","profile_background_image_url_https":"https://abs.twimg.com/images/themes/theme1/bg.png","profile_background_tile":false,"profile_image_url":"http://pbs.twimg.com/profile_images/1238829931/comiket_logo__1__normal.jpg","profile_image_url_https":"https://pbs.twimg.com/profile_images/1238829931/comiket_logo__1__normal.jpg","profile_banner_url":"https://pbs.twimg.com/profile_banners/249393307/1441697637","profile_link_color":"1DA1F2","profile_sidebar_border_color":"C0DEED","profile_sidebar_fill_color":"DDEEF6","profile_text_color":"333333","profile_use_background_image":true,"has_extended_profile":false,"default_profile":true,"default_profile_image":false,"following":false,"follow_request_sent":false,"notifications":false,"translator_type":"none"},"geo":null,"coordinates":null,"place":null,"contributors":null,"is_quote_status":false,"retweet_count":1280,"favorite_count":293,"favorited":false,"retweeted":false,"possibly_sensitive":false,"lang":"ja"},{"created_at":"Thu Jul 13 09:44:20 +0000 2017","id":885434712100962300,"id_str":"885434712100962305","text":"最近のマイブームは妻の料理中に実況中継をつける事です。絶対に怒られます。 https://t.co/uJM94sZ5jf","truncated":false,"entities":{"hashtags":[],"symbols":[],"user_mentions":[],"urls":[],"media":[{"id":885434448157659100,"id_str":"885434448157659137","indices":[37,60],"media_url":"http://pbs.twimg.com/ext_tw_video_thumb/885434448157659137/pu/img/7uc6LEqazWi1o64u.jpg","media_url_https":"https://pbs.twimg.com/ext_tw_video_thumb/885434448157659137/pu/img/7uc6LEqazWi1o64u.jpg","url":"https://t.co/uJM94sZ5jf","display_url":"pic.twitter.com/uJM94sZ5jf","expanded_url":"https://twitter.com/yashi09/status/885434712100962305/video/1","type":"photo","sizes":{"small":{"w":340,"h":604,"resize":"fit"},"large":{"w":720,"h":1280,"resize":"fit"},"thumb":{"w":150,"h":150,"resize":"crop"},"medium":{"w":600,"h":1067,"resize":"fit"}}}]},"extended_entities":{"media":[{"id":885434448157659100,"id_str":"885434448157659137","indices":[37,60],"media_url":"http://pbs.twimg.com/ext_tw_video_thumb/885434448157659137/pu/img/7uc6LEqazWi1o64u.jpg","media_url_https":"https://pbs.twimg.com/ext_tw_video_thumb/885434448157659137/pu/img/7uc6LEqazWi1o64u.jpg","url":"https://t.co/uJM94sZ5jf","display_url":"pic.twitter.com/uJM94sZ5jf","expanded_url":"https://twitter.com/yashi09/status/885434712100962305/video/1","type":"video","sizes":{"small":{"w":340,"h":604,"resize":"fit"},"large":{"w":720,"h":1280,"resize":"fit"},"thumb":{"w":150,"h":150,"resize":"crop"},"medium":{"w":600,"h":1067,"resize":"fit"}},"video_info":{"aspect_ratio":[9,16],"duration_millis":32711,"variants":[{"bitrate":2176000,"content_type":"video/mp4","url":"https://video.twimg.com/ext_tw_video/885434448157659137/pu/vid/720x1280/MhIQE1kIyce7UdYj.mp4"},{"bitrate":320000,"content_type":"video/mp4","url":"https://video.twimg.com/ext_tw_video/885434448157659137/pu/vid/180x320/_sUg3HHvtdGm-dGB.mp4"},{"content_type":"application/x-mpegURL","url":"https://video.twimg.com/ext_tw_video/885434448157659137/pu/pl/JYO6Ep5XyHUv5VOh.m3u8"},{"bitrate":832000,"content_type":"video/mp4","url":"https://video.twimg.com/ext_tw_video/885434448157659137/pu/vid/360x640/UqFK6ShU6XFdwWVP.mp4"}]},"additional_media_info":{"monetizable":false}}]},"metadata":{"iso_language_code":"ja","result_type":"recent"},"source":"<a href=\"http://twitter.com/download/iphone\" rel=\"nofollow\">Twitter for iPhone</a>","in_reply_to_status_id":null,"in_reply_to_status_id_str":null,"in_reply_to_user_id":null,"in_reply_to_user_id_str":null,"in_reply_to_screen_name":null,"user":{"id":83495654,"id_str":"83495654","name":"やしろあずき@1日目M-03a","screen_name":"yashi09","location":"横浜みなとみらい⇔八王子みなみ野","description":"元ゲームプランナーな漫画家、webライター(Lv.1)。単行本～→https://t.co/S8PUNJLr4R　連載→GANMA!、ねとらぼ、マイナビ4コマ、ブレイジングオデッセイ4コマ　LINEスタンプ販売中→https://t.co/Hj0H3vJTdm  お仕事は→yashiroya099@gmail.com","url":"https://t.co/Hc44fgk7Ta","entities":{"url":{"urls":[{"url":"https://t.co/Hc44fgk7Ta","expanded_url":"http://ameblo.jp/yashiro-azuki/","display_url":"ameblo.jp/yashiro-azuki/","indices":[0,23]}]},"description":{"urls":[{"url":"https://t.co/S8PUNJLr4R","expanded_url":"http://urx.mobi/xyDy","display_url":"urx.mobi/xyDy","indices":[33,56]},{"url":"https://t.co/Hj0H3vJTdm","expanded_url":"https://store.line.me/stickershop/product/1147158/ja","display_url":"store.line.me/stickershop/pr…","indices":[107,130]}]}},"protected":false,"followers_count":101049,"friends_count":928,"listed_count":1662,"created_at":"Mon Oct 19 01:42:02 +0000 2009","favourites_count":5673,"utc_offset":32400,"time_zone":"Tokyo","geo_enabled":true,"verified":false,"statuses_count":133664,"lang":"ja","contributors_enabled":false,"is_translator":false,"is_translation_enabled":false,"profile_background_color":"131516","profile_background_image_url":"http://pbs.twimg.com/profile_background_images/475341892964458497/ISPj0dQV.png","profile_background_image_url_https":"https://pbs.twimg.com/profile_background_images/475341892964458497/ISPj0dQV.png","profile_background_tile":false,"profile_image_url":"http://pbs.twimg.com/profile_images/876093907934642176/UFWxalYx_normal.jpg","profile_image_url_https":"https://pbs.twimg.com/profile_images/876093907934642176/UFWxalYx_normal.jpg","profile_banner_url":"https://pbs.twimg.com/profile_banners/83495654/1497696923","profile_link_color":"566161","profile_sidebar_border_color":"FFFFFF","profile_sidebar_fill_color":"EFEFEF","profile_text_color":"333333","profile_use_background_image":true,"has_extended_profile":true,"default_profile":false,"default_profile_image":false,"following":false,"follow_request_sent":false,"notifications":false,"translator_type":"none"},"geo":null,"coordinates":null,"place":null,"contributors":null,"is_quote_status":false,"retweet_count":1452,"favorite_count":1820,"favorited":false,"retweeted":false,"possibly_sensitive":false,"lang":"ja"},{"created_at":"Thu Jul 13 09:43:25 +0000 2017","id":885434478939656200,"id_str":"885434478939656194","text":"POINTJPプレゼント企画\n\nお好きなギフト券１つ\n応募方法：フォロー＆RT\n締め切り：48時間以内\n発送方法：DMでコード送信\n\nサイト登録一切なし。当選者はいいねにまとめていますのでご参考に。LINEプリペイドカード以外は全… https://t.co/08o4COfp4t","truncated":true,"entities":{"hashtags":[],"symbols":[],"user_mentions":[],"urls":[{"url":"https://t.co/08o4COfp4t","expanded_url":"https://twitter.com/i/web/status/885434478939656194","display_url":"twitter.com/i/web/status/8…","indices":[117,140]}]},"metadata":{"iso_language_code":"ja","result_type":"recent"},"source":"<a href=\"http://twitter.com/download/android\" rel=\"nofollow\">Twitter for Android</a>","in_reply_to_status_id":null,"in_reply_to_status_id_str":null,"in_reply_to_user_id":null,"in_reply_to_user_id_str":null,"in_reply_to_screen_name":null,"user":{"id":794870563835478000,"id_str":"794870563835478016","name":"POINTJP","screen_name":"POINTJP_TSUTOMU","location":"","description":"【日本ポイントサイト情報 POINTJP】の公式アカウントです。ポイントサイトのお得な情報の発信からプレゼント企画も開催。ポイントサイトの記事を「RT＆いいね」すると当選率アップ。当選者はhttps://t.co/RF53ZYbCEMで公開。基本的に質問には滅多に返答は致しませんのでご了承下さい。サイト内の画像等の無断転載禁止。","url":"https://t.co/yTOghMt3Td","entities":{"url":{"urls":[{"url":"https://t.co/yTOghMt3Td","expanded_url":"http://pointjp.com/","display_url":"pointjp.com","indices":[0,23]}]},"description":{"urls":[{"url":"https://t.co/RF53ZYbCEM","expanded_url":"http://pointjp.com","display_url":"pointjp.com","indices":[94,117]}]}},"protected":false,"followers_count":65939,"friends_count":1,"listed_count":68,"created_at":"Sat Nov 05 11:54:45 +0000 2016","favourites_count":565,"utc_offset":null,"time_zone":null,"geo_enabled":false,"verified":false,"statuses_count":1048,"lang":"ja","contributors_enabled":false,"is_translator":false,"is_translation_enabled":false,"profile_background_color":"000000","profile_background_image_url":"http://abs.twimg.com/images/themes/theme1/bg.png","profile_background_image_url_https":"https://abs.twimg.com/images/themes/theme1/bg.png","profile_background_tile":false,"profile_image_url":"http://pbs.twimg.com/profile_images/809630656955183104/55W_t8Gx_normal.jpg","profile_image_url_https":"https://pbs.twimg.com/profile_images/809630656955183104/55W_t8Gx_normal.jpg","profile_banner_url":"https://pbs.twimg.com/profile_banners/794870563835478016/1481865722","profile_link_color":"1B95E0","profile_sidebar_border_color":"000000","profile_sidebar_fill_color":"000000","profile_text_color":"000000","profile_use_background_image":false,"has_extended_profile":false,"default_profile":false,"default_profile_image":false,"following":false,"follow_request_sent":false,"notifications":false,"translator_type":"none"},"geo":null,"coordinates":null,"place":null,"contributors":null,"is_quote_status":false,"retweet_count":1353,"favorite_count":390,"favorited":false,"retweeted":false,"possibly_sensitive":false,"lang":"ja"},{"created_at":"Thu Jul 13 09:35:15 +0000 2017","id":885432426163392500,"id_str":"885432426163392512","text":"#BTS「BTS MEMORIES OF 2016」 DVD発売及び予約受付開始に関するご案内！詳細はコチラ⇒ https://t.co/2LkjoidlLZ","truncated":false,"entities":{"hashtags":[{"text":"BTS","indices":[0,4]}],"symbols":[],"user_mentions":[],"urls":[{"url":"https://t.co/2LkjoidlLZ","expanded_url":"http://tower.jp/article/news/2017/07/13/n501","display_url":"tower.jp/article/news/2…","indices":[56,79]}]},"metadata":{"iso_language_code":"ja","result_type":"recent"},"source":"<a href=\"http://twitter.com\" rel=\"nofollow\">Twitter Web Client</a>","in_reply_to_status_id":null,"in_reply_to_status_id_str":null,"in_reply_to_user_id":null,"in_reply_to_user_id_str":null,"in_reply_to_screen_name":null,"user":{"id":1878450026,"id_str":"1878450026","name":"BTS JAPAN OFFICIAL","screen_name":"BTS_jp_official","location":"","description":"#防弾少年団（BTS）日本7thシングル「血、汗、涙」2017年5月10日に発売！#BTS #血汗涙","url":"https://t.co/nu6ib4oIL8","entities":{"url":{"urls":[{"url":"https://t.co/nu6ib4oIL8","expanded_url":"http://bts-official.jp","display_url":"bts-official.jp","indices":[0,23]}]},"description":{"urls":[]}},"protected":false,"followers_count":1582120,"friends_count":3,"listed_count":4393,"created_at":"Wed Sep 18 07:18:57 +0000 2013","favourites_count":0,"utc_offset":28800,"time_zone":"Irkutsk","geo_enabled":false,"verified":false,"statuses_count":1462,"lang":"ja","contributors_enabled":false,"is_translator":false,"is_translation_enabled":false,"profile_background_color":"89C9FA","profile_background_image_url":"http://abs.twimg.com/images/themes/theme1/bg.png","profile_background_image_url_https":"https://abs.twimg.com/images/themes/theme1/bg.png","profile_background_tile":false,"profile_image_url":"http://pbs.twimg.com/profile_images/882433903796961281/BxedJCQr_normal.jpg","profile_image_url_https":"https://pbs.twimg.com/profile_images/882433903796961281/BxedJCQr_normal.jpg","profile_banner_url":"https://pbs.twimg.com/profile_banners/1878450026/1499223604","profile_link_color":"3B94D9","profile_sidebar_border_color":"000000","profile_sidebar_fill_color":"000000","profile_text_color":"000000","profile_use_background_image":true,"has_extended_profile":false,"default_profile":false,"default_profile_image":false,"following":false,"follow_request_sent":false,"notifications":false,"translator_type":"none"},"geo":null,"coordinates":null,"place":null,"contributors":null,"is_quote_status":false,"retweet_count":7294,"favorite_count":17993,"favorited":false,"retweeted":false,"possibly_sensitive":false,"lang":"ja"},{"created_at":"Thu Jul 13 09:34:45 +0000 2017","id":885432298941927400,"id_str":"885432298941927424","text":"【三代目J Soul Brothers】LIVE TOUR UNKNOWN METROPOLIZ開催！\n\n9/16～20 京セラドーム\n11/10～12 ナゴヤドーム\n12/1～3 京セラドーム\n12/15～17 ヤフオク!ドーム… https://t.co/KPHqfb4j8l","truncated":true,"entities":{"hashtags":[],"symbols":[],"user_mentions":[],"urls":[{"url":"https://t.co/KPHqfb4j8l","expanded_url":"https://twitter.com/i/web/status/885432298941927424","display_url":"twitter.com/i/web/status/8…","indices":[117,140]}]},"metadata":{"iso_language_code":"ja","result_type":"recent"},"source":"<a href=\"http://bufferapp.com\" rel=\"nofollow\">Buffer</a>","in_reply_to_status_id":null,"in_reply_to_status_id_str":null,"in_reply_to_user_id":null,"in_reply_to_user_id_str":null,"in_reply_to_screen_name":null,"user":{"id":188261799,"id_str":"188261799","name":"EXILE最新ニュース24","screen_name":"exnews24","location":"TOKYO","description":"EXILE TRIBE【EXILE・THE SECOND・三代目J Soul Brothers・GENERATIONSなど】に関する番組出演・リリースなどの最新情報を配信しています。EXILE TRIBEが好きな方からのフォロー＆RT歓迎です。【unofficial】ログ→https://t.co/JDQBTfT0iL","url":"https://t.co/6CzLMfwm5q","entities":{"url":{"urls":[{"url":"https://t.co/6CzLMfwm5q","expanded_url":"http://www.facebook.com/exn24","display_url":"facebook.com/exn24","indices":[0,23]}]},"description":{"urls":[{"url":"https://t.co/JDQBTfT0iL","expanded_url":"http://bit.ly/dNLWFK","display_url":"bit.ly/dNLWFK","indices":[137,160]}]}},"protected":false,"followers_count":756860,"friends_count":3274,"listed_count":1641,"created_at":"Wed Sep 08 09:15:44 +0000 2010","favourites_count":1988,"utc_offset":32400,"time_zone":"Tokyo","geo_enabled":false,"verified":false,"statuses_count":44961,"lang":"ja","contributors_enabled":false,"is_translator":false,"is_translation_enabled":false,"profile_background_color":"FFFFFF","profile_background_image_url":"http://abs.twimg.com/images/themes/theme16/bg.gif","profile_background_image_url_https":"https://abs.twimg.com/images/themes/theme16/bg.gif","profile_background_tile":false,"profile_image_url":"http://pbs.twimg.com/profile_images/1534064711/exnews_ico_normal.gif","profile_image_url_https":"https://pbs.twimg.com/profile_images/1534064711/exnews_ico_normal.gif","profile_banner_url":"https://pbs.twimg.com/profile_banners/188261799/1469599351","profile_link_color":"0084B4","profile_sidebar_border_color":"000000","profile_sidebar_fill_color":"000000","profile_text_color":"000000","profile_use_background_image":false,"has_extended_profile":true,"default_profile":false,"default_profile_image":false,"following":false,"follow_request_sent":false,"notifications":false,"translator_type":"none"},"geo":null,"coordinates":null,"place":null,"contributors":null,"is_quote_status":false,"retweet_count":2243,"favorite_count":7164,"favorited":false,"retweeted":false,"possibly_sensitive":false,"lang":"ja"}],"search_metadata":{"completed_in":0.142,"max_id":885441527446552600,"max_id_str":"885441527446552576","next_results":"?max_id=885432298941927423&q=lang%3Aja%20min_retweets%3A500&include_entities=1","query":"lang%3Aja+min_retweets%3A500","refresh_url":"?since_id=885441527446552576&q=lang%3Aja%20min_retweets%3A500&include_entities=1","count":15,"since_id":0,"since_id_str":"0"}}