{"statuses":[{"created_at":"Thu Jul 06 09:40:53 +0000 2017","id":882897129630425100,"id_str":"882897129630425088","text":"明日の19時に3rdシングル 「Mr.Fake」のMVをyoutubeに公開します！\n\nかなり際どく攻めた作品で自分でもとても頑張れたと思ってるので是非お楽しみにー！！\n3rdシングル沢山の人の手に届きますように( ᵕᴗᵕ )*･… https://t.co/LuN3DVt4n7","truncated":true,"entities":{"hashtags":[],"symbols":[],"user_mentions":[],"urls":[{"url":"https://t.co/LuN3DVt4n7","expanded_url":"https://twitter.com/i/web/status/882897129630425088","display_url":"twitter.com/i/web/status/8…","indices":[117,140]}]},"metadata":{"iso_language_code":"ja","result_type":"recent"},"source":"<a href=\"http://twitter.com/download/iphone\" rel=\"nofollow\">Twitter for iPhone</a>","in_reply_to_status_id":null,"in_reply_to_status_id_str":null,"in_reply_to_user_id":null,"in_reply_to_user_id_str":null,"in_reply_to_screen_name":null,"user":{"id":94322333,"id_str":"94322333","name":"天月 7/19 3rdシングル発売！","screen_name":"_amatsuki_","location":"依頼など【amatsuki2525@yahoo.co.jp】","description":"どこまでも届くように歌います。 7/19 3rdシングル『Mr.fake / ツナゲル』リリースします！ 「トモダチゲーム」主題歌、声優担当 niconico☞https://t.co/S4lxjOmZbL Youtube ☞ https://t.co/6tJz6H1C2X","url":"https://t.co/NKrARBl0oR","entities":{"url":{"urls":[{"url":"https://t.co/NKrARBl0oR","expanded_url":"http://amatsuki.jp/","display_url":"amatsuki.jp","indices":[0,23]}]},"description":{"urls":[{"url":"https://t.co/S4lxjOmZbL","expanded_url":"http://goo.gl/zAlcRg","display_url":"goo.gl/zAlcRg","indices":[80,103]},{"url":"https://t.co/6tJz6H1C2X","expanded_url":"http://bit.ly/1FLfr2s","display_url":"bit.ly/1FLfr2s","indices":[114,137]}]}},"protected":false,"followers_count":700740,"friends_count":658,"listed_count":8788,"created_at":"Thu Dec 03 12:50:34 +0000 2009","favourites_count":17997,"utc_offset":32400,"time_zone":"Tokyo","geo_enabled":true,"verified":false,"statuses_count":71540,"lang":"ja","contributors_enabled":false,"is_translator":false,"is_translation_enabled":false,"profile_background_color":"0099B9","profile_background_image_url":"http://pbs.twimg.com/profile_background_images/571927444/gghle38lydw51pogjv0d.jpeg","profile_background_image_url_https":"https://pbs.twimg.com/profile_background_images/571927444/gghle38lydw51pogjv0d.jpeg","profile_background_tile":false,"profile_image_url":"http://pbs.twimg.com/profile_images/813460090845949952/3OuQ2AvO_normal.jpg","profile_image_url_https":"https://pbs.twimg.com/profile_images/813460090845949952/3OuQ2AvO_normal.jpg","profile_banner_url":"https://pbs.twimg.com/profile_banners/94322333/1494926414","profile_link_color":"0099B9","profile_sidebar_border_color":"5ED4DC","profile_sidebar_fill_color":"95E8EC","profile_text_color":"3C3940","profile_use_background_image":true,"has_extended_profile":true,"default_profile":false,"default_profile_image":false,"following":false,"follow_request_sent":false,"notifications":false,"translator_type":"none"},"geo":null,"coordinates":null,"place":null,"contributors":null,"is_quote_status":false,"retweet_count":1176,"favorite_count":4063,"favorited":false,"retweeted":false,"possibly_sensitive":false,"lang":"ja"},{"created_at":"Thu Jul 06 09:36:12 +0000 2017","id":882895949047119900,"id_str":"882895949047119872","text":"【東京でもヒアリ発見 大井ふ頭】東京都は、品川区の大井埠頭（ふとう）で、強い毒を持つ南米産のアリ「ヒアリ」が見つかったと発表。大阪や尼崎でも発見。 https://t.co/Z68WZWKKzI","truncated":false,"entities":{"hashtags":[],"symbols":[],"user_mentions":[],"urls":[{"url":"https://t.co/Z68WZWKKzI","expanded_url":"https://yahoo.jp/V4XEp7","display_url":"yahoo.jp/V4XEp7","indices":[74,97]}]},"metadata":{"iso_language_code":"ja","result_type":"recent"},"source":"<a href=\"http://dailynews.yahoo.co.jp/fc/\" rel=\"nofollow\">ヤフトピbot</a>","in_reply_to_status_id":null,"in_reply_to_status_id_str":null,"in_reply_to_user_id":null,"in_reply_to_user_id_str":null,"in_reply_to_screen_name":null,"user":{"id":88846085,"id_str":"88846085","name":"Yahoo!ニュース","screen_name":"YahooNewsTopics","location":"","description":"Yahoo!ニュースの公式アカウントです。365日24時間、Yahoo! JAPANトップページに掲出される話題を速報でお届け。※株式会社アフロ社提供の写真を使用している場合があります。","url":"https://t.co/PORT0VCtyG","entities":{"url":{"urls":[{"url":"https://t.co/PORT0VCtyG","expanded_url":"https://news.yahoo.co.jp/","display_url":"news.yahoo.co.jp","indices":[0,23]}]},"description":{"urls":[]}},"protected":false,"followers_count":300425,"friends_count":8,"listed_count":12310,"created_at":"Tue Nov 10 03:59:51 +0000 2009","favourites_count":0,"utc_offset":32400,"time_zone":"Tokyo","geo_enabled":false,"verified":true,"statuses_count":253186,"lang":"ja","contributors_enabled":false,"is_translator":false,"is_translation_enabled":false,"profile_background_color":"DFD7C7","profile_background_image_url":"http://pbs.twimg.com/profile_background_images/56797173/background.jpg","profile_background_image_url_https":"https://pbs.twimg.com/profile_background_images/56797173/background.jpg","profile_background_tile":true,"profile_image_url":"http://pbs.twimg.com/profile_images/875506779743895552/jqN_tEe4_normal.jpg","profile_image_url_https":"https://pbs.twimg.com/profile_images/875506779743895552/jqN_tEe4_normal.jpg","profile_banner_url":"https://pbs.twimg.com/profile_banners/88846085/1490596288","profile_link_color":"0084B4","profile_sidebar_border_color":"A1A33B","profile_sidebar_fill_color":"FFFCDE","profile_text_color":"333333","profile_use_background_image":true,"has_extended_profile":false,"default_profile":false,"default_profile_image":false,"following":false,"follow_request_sent":false,"notifications":false,"translator_type":"none"},"geo":null,"coordinates":null,"place":null,"contributors":null,"is_quote_status":false,"retweet_count":490,"favorite_count":136,"favorited":false,"retweeted":false,"possibly_sensitive":false,"lang":"ja"},{"created_at":"Thu Jul 06 09:33:15 +0000 2017","id":882895205686366200,"id_str":"882895205686366208","text":"田中賢介選手、通算200盗塁おめでとうございます！\n#lovefighters #宇宙一のその先へ https://t.co/aEoV3ayXe1","truncated":false,"entities":{"hashtags":[{"text":"lovefighters","indices":[26,39]},{"text":"宇宙一のその先へ","indices":[40,49]}],"symbols":[],"user_mentions":[],"urls":[],"media":[{"id":882894927734100000,"id_str":"882894927734099968","indices":[50,73],"media_url":"http://pbs.twimg.com/amplify_video_thumb/882894927734099968/img/MvvTnCBWPptSYDuF.jpg","media_url_https":"https://pbs.twimg.com/amplify_video_thumb/882894927734099968/img/MvvTnCBWPptSYDuF.jpg","url":"https://t.co/aEoV3ayXe1","display_url":"pic.twitter.com/aEoV3ayXe1","expanded_url":"https://twitter.com/FightersPR/status/882895205686366208/video/1","type":"photo","sizes":{"large":{"w":960,"h":540,"resize":"fit"},"small":{"w":340,"h":191,"resize":"fit"},"thumb":{"w":150,"h":150,"resize":"crop"},"medium":{"w":600,"h":338,"resize":"fit"}}}]},"extended_entities":{"media":[{"id":882894927734100000,"id_str":"882894927734099968","indices":[50,73],"media_url":"http://pbs.twimg.com/amplify_video_thumb/882894927734099968/img/MvvTnCBWPptSYDuF.jpg","media_url_https":"https://pbs.twimg.com/amplify_video_thumb/882894927734099968/img/MvvTnCBWPptSYDuF.jpg","url":"https://t.co/aEoV3ayXe1","display_url":"pic.twitter.com/aEoV3ayXe1","expanded_url":"https://twitter.com/FightersPR/status/882895205686366208/video/1","type":"video","sizes":{"large":{"w":960,"h":540,"resize":"fit"},"small":{"w":340,"h":191,"resize":"fit"},"thumb":{"w":150,"h":150,"resize":"crop"},"medium":{"w":600,"h":338,"resize":"fit"}},"video_info":{"aspect_ratio":[16,9],"duration_millis":27128,"variants":[{"bitrate":320000,"content_type":"video/mp4","url":"https://video.twimg.com/amplify_video/882894927734099968/vid/320x180/RmZhV9IrB2yqM7ov.mp4"},{"content_type":"application/x-mpegURL","url":"https://video.twimg.com/amplify_video/882894927734099968/pl/y24YvPNvjJaEBq3j.m3u8"},{"bitrate":832000,"content_type":"video/mp4","url":"https://video.twimg.com/amplify_video/882894927734099968/vid/640x360/DbZMlS8aBRoYMR8Q.mp4"}]},"additional_media_info":{"title":"","description":"","embeddable":true,"monetizable":false}}]},"metadata":{"iso_language_code":"ja","result_type":"recent"},"source":"<a href=\"https://studio.twitter.com\" rel=\"nofollow\">Media Studio</a>","in_reply_to_status_id":null,"in_reply_to_status_id_str":null,"in_reply_to_user_id":null,"in_reply_to_user_id_str":null,"in_reply_to_screen_name":null,"user":{"id":2991223079,"id_str":"2991223079","name":"北海道日本ハムファイターズ公式","screen_name":"FightersPR","location":"北海道","description":"北海道日本ハムファイターズの公式アカウントです。沢山の情報をつぶやきますのでお楽しみに！一丸となって日本一を、いや宇宙一を目指しましょう！ファイターズの応援宜しくお願いします！！ ※スパム行為や過度の誹謗中傷などに関しましては通報またはブロックをさせて頂くことがありますのでご了承ください。","url":"https://t.co/SA73lnjwFO","entities":{"url":{"urls":[{"url":"https://t.co/SA73lnjwFO","expanded_url":"http://www.fighters.co.jp","display_url":"fighters.co.jp","indices":[0,23]}]},"description":{"urls":[]}},"protected":false,"followers_count":640966,"friends_count":73,"listed_count":1456,"created_at":"Thu Jan 22 02:52:41 +0000 2015","favourites_count":323,"utc_offset":-25200,"time_zone":"Pacific Time (US & Canada)","geo_enabled":false,"verified":true,"statuses_count":5479,"lang":"ja","contributors_enabled":false,"is_translator":false,"is_translation_enabled":false,"profile_background_color":"C0DEED","profile_background_image_url":"http://pbs.twimg.com/profile_background_images/563589746245386241/LWHTm-3G.jpeg","profile_background_image_url_https":"https://pbs.twimg.com/profile_background_images/563589746245386241/LWHTm-3G.jpeg","profile_background_tile":true,"profile_image_url":"http://pbs.twimg.com/profile_images/881859077759918084/AwPe9WXG_normal.jpg","profile_image_url_https":"https://pbs.twimg.com/profile_images/881859077759918084/AwPe9WXG_normal.jpg","profile_banner_url":"https://pbs.twimg.com/profile_banners/2991223079/1499181526","profile_link_color":"1B95E0","profile_sidebar_border_color":"000000","profile_sidebar_fill_color":"000000","profile_text_color":"000000","profile_use_background_image":true,"has_extended_profile":false,"default_profile":false,"default_profile_image":false,"following":false,"follow_request_sent":false,"notifications":false,"translator_type":"none"},"geo":null,"coordinates":null,"place":null,"contributors":null,"is_quote_status":false,"retweet_count":612,"favorite_count":1538,"favorited":false,"retweeted":false,"possibly_sensitive":false,"lang":"ja"},{"created_at":"Thu Jul 06 09:31:46 +0000 2017","id":882894836092682200,"id_str":"882894836092682240","text":"【都心でゲリラ雷雨】\n東京都心では局地的に猛烈な雨が降っています。足元に十分ご注意ください。","truncated":false,"entities":{"hashtags":[],"symbols":[],"user_mentions":[],"urls":[]},"metadata":{"iso_language_code":"ja","result_type":"recent"},"source":"<a href=\"http://twitter.com/download/iphone\" rel=\"nofollow\">Twitter for iPhone</a>","in_reply_to_status_id":null,"in_reply_to_status_id_str":null,"in_reply_to_user_id":null,"in_reply_to_user_id_str":null,"in_reply_to_screen_name":null,"user":{"id":116548789,"id_str":"116548789","name":"特務機関NERV","screen_name":"UN_NERV","location":"第3新東京市","description":"U.N.NERV\r\nネルフです。本アカウントからの返信やRTは行えません。発表のみを行うアカウントとなります。お問い合わせなどは広報アカウント @NERVPR 宛にお願いいたします。ヤシマ作戦公式アカウントです。ヤシマ作戦及び本アカウントはエヴァンゲリオン版権元のご理解とご協力により、公認ですが非公式です。","url":"https://t.co/h4VV1lfQxP","entities":{"url":{"urls":[{"url":"https://t.co/h4VV1lfQxP","expanded_url":"https://unnerv.jp/@UN_NERV","display_url":"unnerv.jp/@UN_NERV","indices":[0,23]}]},"description":{"urls":[]}},"protected":false,"followers_count":424142,"friends_count":101,"listed_count":17121,"created_at":"Mon Feb 22 21:35:21 +0000 2010","favourites_count":1,"utc_offset":32400,"time_zone":"Tokyo","geo_enabled":false,"verified":false,"statuses_count":176126,"lang":"ja","contributors_enabled":false,"is_translator":false,"is_translation_enabled":false,"profile_background_color":"808080","profile_background_image_url":"http://pbs.twimg.com/profile_background_images/77623949/img74d96c6fzik8zj.png","profile_background_image_url_https":"https://pbs.twimg.com/profile_background_images/77623949/img74d96c6fzik8zj.png","profile_background_tile":false,"profile_image_url":"http://pbs.twimg.com/profile_images/1874890040/un_nerv_normal.png","profile_image_url_https":"https://pbs.twimg.com/profile_images/1874890040/un_nerv_normal.png","profile_banner_url":"https://pbs.twimg.com/profile_banners/116548789/1352202156","profile_link_color":"A8A8A8","profile_sidebar_border_color":"C20F0F","profile_sidebar_fill_color":"000000","profile_text_color":"D41515","profile_use_background_image":true,"has_extended_profile":false,"default_profile":false,"default_profile_image":false,"following":false,"follow_request_sent":false,"notifications":false,"translator_type":"none"},"geo":null,"coordinates":null,"place":null,"contributors":null,"is_quote_status":false,"retweet_count":529,"favorite_count":135,"favorited":false,"retweeted":false,"lang":"ja"},{"created_at":"Thu Jul 06 09:28:49 +0000 2017","id":882894091666706400,"id_str":"882894091666706432","text":"【ヨクボウメダル(Ⅵ)の期限について】\nヨクボウメダル(Ⅵ)の獲得可能期間と有効期限は下記のようになってますので、お気を付けください。\n\n[獲得可能期間] 2017年7月7日14:59まで\n[有効期限] 2017年7月14日23:59まで\n※詳細はゲーム内お知らせをご確認ください","truncated":false,"entities":{"hashtags":[],"symbols":[],"user_mentions":[],"urls":[]},"metadata":{"iso_language_code":"ja","result_type":"recent"},"source":"<a href=\"http://twitter.com\" rel=\"nofollow\">Twitter Web Client</a>","in_reply_to_status_id":null,"in_reply_to_status_id_str":null,"in_reply_to_user_id":null,"in_reply_to_user_id_str":null,"in_reply_to_screen_name":null,"user":{"id":818752826025181200,"id_str":"818752826025181184","name":"SINoALICE -シノアリス-","screen_name":"sinoalice_jp","location":"","description":"ヨコオタロウ×スクエニ×ポケラボ がおくる新作スマホ向けゲーム #シノアリス 公式Twitterアカウントです。\n◆アプリDLはこちら\n⇒https://t.co/0Bvhhbs0A4\n◆公式LINE@はこちら⇒https://t.co/PMEq2MRxjO","url":"https://t.co/DKtf1B4qVc","entities":{"url":{"urls":[{"url":"https://t.co/DKtf1B4qVc","expanded_url":"http://sinoalice.jp","display_url":"sinoalice.jp","indices":[0,23]}]},"description":{"urls":[{"url":"https://t.co/0Bvhhbs0A4","expanded_url":"https://app.adjust.com/pgmu79","display_url":"app.adjust.com/pgmu79","indices":[69,92]},{"url":"https://t.co/PMEq2MRxjO","expanded_url":"https://line.me/R/ti/p/%40kzc6995v","display_url":"line.me/R/ti/p/%40kzc6…","indices":[106,129]}]}},"protected":false,"followers_count":475097,"friends_count":25,"listed_count":2210,"created_at":"Tue Jan 10 09:34:20 +0000 2017","favourites_count":0,"utc_offset":32400,"time_zone":"Tokyo","geo_enabled":false,"verified":true,"statuses_count":240,"lang":"ja","contributors_enabled":false,"is_translator":false,"is_translation_enabled":false,"profile_background_color":"000000","profile_background_image_url":"http://abs.twimg.com/images/themes/theme1/bg.png","profile_background_image_url_https":"https://abs.twimg.com/images/themes/theme1/bg.png","profile_background_tile":false,"profile_image_url":"http://pbs.twimg.com/profile_images/832048740965851136/FdKSkqlu_normal.jpg","profile_image_url_https":"https://pbs.twimg.com/profile_images/832048740965851136/FdKSkqlu_normal.jpg","profile_banner_url":"https://pbs.twimg.com/profile_banners/818752826025181184/1496718704","profile_link_color":"ABB8C2","profile_sidebar_border_color":"000000","profile_sidebar_fill_color":"000000","profile_text_color":"000000","profile_use_background_image":false,"has_extended_profile":false,"default_profile":false,"default_profile_image":false,"following":false,"follow_request_sent":false,"notifications":false,"translator_type":"none"},"geo":null,"coordinates":null,"place":null,"contributors":null,"is_quote_status":false,"retweet_count":590,"favorite_count":677,"favorited":false,"retweeted":false,"lang":"ja"},{"created_at":"Thu Jul 06 09:28:02 +0000 2017","id":882893896157511700,"id_str":"882893896157511680","text":"スペシャルレッスン後のGS+カードはセクシーなコスチュームで夏フェスのステージ！\nこの衣装を着こなせるのはスミレちゃんだけですねっ！\n\nG+、GS+はカード獲得と同時に特別なメールが届くのでお楽しみに♪\n\n#t7s #ナナシス https://t.co/IepVVeVYYG","truncated":false,"entities":{"hashtags":[{"text":"t7s","indices":[103,107]},{"text":"ナナシス","indices":[108,113]}],"symbols":[],"user_mentions":[],"urls":[],"media":[{"id":882893236477468700,"id_str":"882893236477468672","indices":[114,137],"media_url":"http://pbs.twimg.com/media/DECquIbVoAAlDOU.jpg","media_url_https":"https://pbs.twimg.com/media/DECquIbVoAAlDOU.jpg","url":"https://t.co/IepVVeVYYG","display_url":"pic.twitter.com/IepVVeVYYG","expanded_url":"https://twitter.com/t7s_staff/status/882893896157511680/photo/1","type":"photo","sizes":{"small":{"w":453,"h":680,"resize":"fit"},"large":{"w":640,"h":960,"resize":"fit"},"medium":{"w":640,"h":960,"resize":"fit"},"thumb":{"w":150,"h":150,"resize":"crop"}}}]},"extended_entities":{"media":[{"id":882893236477468700,"id_str":"882893236477468672","indices":[114,137],"media_url":"http://pbs.twimg.com/media/DECquIbVoAAlDOU.jpg","media_url_https":"https://pbs.twimg.com/media/DECquIbVoAAlDOU.jpg","url":"https://t.co/IepVVeVYYG","display_url":"pic.twitter.com/IepVVeVYYG","expanded_url":"https://twitter.com/t7s_staff/status/882893896157511680/photo/1","type":"photo","sizes":{"small":{"w":453,"h":680,"resize":"fit"},"large":{"w":640,"h":960,"resize":"fit"},"medium":{"w":640,"h":960,"resize":"fit"},"thumb":{"w":150,"h":150,"resize":"crop"}}}]},"metadata":{"iso_language_code":"ja","result_type":"recent"},"source":"<a href=\"http://twitter.com\" rel=\"nofollow\">Twitter Web Client</a>","in_reply_to_status_id":null,"in_reply_to_status_id_str":null,"in_reply_to_user_id":null,"in_reply_to_user_id_str":null,"in_reply_to_screen_name":null,"user":{"id":2236300380,"id_str":"2236300380","name":"「Tokyo 7th シスターズ」公式","screen_name":"t7s_staff","location":"Tokyo 7th","description":"メンテナンスやアップデート、イベント情報などを、支配人の皆様にお伝え致します。リプライ、お問い合わせについては、お手数ですがゲーム内お問い合せよりお願い致します。AppのDLはコチラから（iOS)→ http://t.co/b4TBsqu6VR (Android)→http://t.co/YArdsbxrNK","url":"http://t.co/c8u1JK6yxP","entities":{"url":{"urls":[{"url":"http://t.co/c8u1JK6yxP","expanded_url":"http://t7s.jp/","display_url":"t7s.jp","indices":[0,22]}]},"description":{"urls":[{"url":"http://t.co/b4TBsqu6VR","expanded_url":"http://goo.gl/C8VLl4","display_url":"goo.gl/C8VLl4","indices":[100,122]},{"url":"http://t.co/YArdsbxrNK","expanded_url":"http://goo.gl/ZKVVq8","display_url":"goo.gl/ZKVVq8","indices":[133,155]}]}},"protected":false,"followers_count":79073,"friends_count":0,"listed_count":1749,"created_at":"Sun Dec 08 16:54:49 +0000 2013","favourites_count":0,"utc_offset":32400,"time_zone":"Tokyo","geo_enabled":false,"verified":false,"statuses_count":5269,"lang":"ja","contributors_enabled":false,"is_translator":false,"is_translation_enabled":false,"profile_background_color":"C0DEED","profile_background_image_url":"http://abs.twimg.com/images/themes/theme1/bg.png","profile_background_image_url_https":"https://abs.twimg.com/images/themes/theme1/bg.png","profile_background_tile":false,"profile_image_url":"http://pbs.twimg.com/profile_images/527650700390457344/pYWr0fFY_normal.jpeg","profile_image_url_https":"https://pbs.twimg.com/profile_images/527650700390457344/pYWr0fFY_normal.jpeg","profile_banner_url":"https://pbs.twimg.com/profile_banners/2236300380/1414653106","profile_link_color":"1DA1F2","profile_sidebar_border_color":"C0DEED","profile_sidebar_fill_color":"DDEEF6","profile_text_color":"333333","profile_use_background_image":true,"has_extended_profile":false,"default_profile":true,"default_profile_image":false,"following":false,"follow_request_sent":false,"notifications":false,"translator_type":"none"},"geo":null,"coordinates":null,"place":null,"contributors":null,"is_quote_status":false,"retweet_count":669,"favorite_count":744,"favorited":false,"retweeted":false,"possibly_sensitive":false,"lang":"ja"},{"created_at":"Thu Jul 06 09:27:37 +0000 2017","id":882893789185966100,"id_str":"882893789185966081","text":"☆☆☆\n★┷┓\n┃選┃\n┃手┃\n┃の┃\n┃ケ┃\n┃ガ┃\n┃が┃\n┃早┃\n┃く┃\n┃よ┃\n┃く┃\n┃な┃\n┃り┃\n┃ま┃\n┃す┃\n┃よ┃\n┃う┃\n┃に┃\n┗━★","truncated":false,"entities":{"hashtags":[],"symbols":[],"user_mentions":[],"urls":[]},"metadata":{"iso_language_code":"ja","result_type":"recent"},"source":"<a href=\"http://twitter.com/download/iphone\" rel=\"nofollow\">Twitter for iPhone</a>","in_reply_to_status_id":null,"in_reply_to_status_id_str":null,"in_reply_to_user_id":null,"in_reply_to_user_id_str":null,"in_reply_to_screen_name":null,"user":{"id":188248222,"id_str":"188248222","name":"松嵜　麗","screen_name":"reimatsuzaki","location":"神宮球場１塁側外野自由席","description":"ﾏｳｽﾌﾟﾛﾓｰｼｮﾝ所属の声優、松嵜麗です！ 「のうコメ」麗華堂絢女、「ｼﾞｭｴﾙﾍﾟｯﾄｻﾝｼｬｲﾝ」水城花音、「織田信奈の野望」丹羽長秀、「はいたい七葉」ﾆｰﾅ、「ｱｲﾄﾞﾙﾏｽﾀｰｼﾝﾃﾞﾚﾗｶﾞｰﾙｽﾞ」諸星きらり、「ﾘｽｱﾆTV」ﾘｽ君、などやらせていただいてます。よろしくお願いします( ^ω^ )","url":"http://t.co/S6qDkNIODR","entities":{"url":{"urls":[{"url":"http://t.co/S6qDkNIODR","expanded_url":"http://ameblo.jp/matsuzaki-rei/","display_url":"ameblo.jp/matsuzaki-rei/","indices":[0,22]}]},"description":{"urls":[]}},"protected":false,"followers_count":112841,"friends_count":271,"listed_count":4647,"created_at":"Wed Sep 08 08:09:27 +0000 2010","favourites_count":1177,"utc_offset":-36000,"time_zone":"Hawaii","geo_enabled":true,"verified":false,"statuses_count":15576,"lang":"ja","contributors_enabled":false,"is_translator":false,"is_translation_enabled":false,"profile_background_color":"FF6699","profile_background_image_url":"http://abs.twimg.com/images/themes/theme11/bg.gif","profile_background_image_url_https":"https://abs.twimg.com/images/themes/theme11/bg.gif","profile_background_tile":true,"profile_image_url":"http://pbs.twimg.com/profile_images/378800000796124572/cf04a5b3ff10498f728e5464c162746c_normal.jpeg","profile_image_url_https":"https://pbs.twimg.com/profile_images/378800000796124572/cf04a5b3ff10498f728e5464c162746c_normal.jpeg","profile_banner_url":"https://pbs.twimg.com/profile_banners/188248222/1383797683","profile_link_color":"B40B43","profile_sidebar_border_color":"CC3366","profile_sidebar_fill_color":"E5507E","profile_text_color":"362720","profile_use_background_image":true,"has_extended_profile":false,"default_profile":false,"default_profile_image":false,"following":false,"follow_request_sent":false,"notifications":false,"translator_type":"none"},"geo":null,"coordinates":null,"place":null,"contributors":null,"is_quote_status":false,"retweet_count":746,"favorite_count":756,"favorited":false,"retweeted":false,"lang":"ja"},{"created_at":"Thu Jul 06 09:25:32 +0000 2017","id":882893263975309300,"id_str":"882893263975309312","text":"4600万DL達成記念イベント開催のおしらせです！先ほどご紹介したカマエルちゃんが、まれに「極限降臨ラッシュ！」の「百花繚乱2」フロアに出現します！ #パズドラ\nhttps://t.co/7RoRbgsFMW https://t.co/5LDVKKqotL","truncated":false,"entities":{"hashtags":[{"text":"パズドラ","indices":[75,80]}],"symbols":[],"user_mentions":[],"urls":[{"url":"https://t.co/7RoRbgsFMW","expanded_url":"https://pad.gungho.jp/member/event/170706_4600m.html","display_url":"pad.gungho.jp/member/event/1…","indices":[81,104]}],"media":[{"id":882893124342751200,"id_str":"882893124342751233","indices":[105,128],"media_url":"http://pbs.twimg.com/media/DECqnmsVoAEH-64.jpg","media_url_https":"https://pbs.twimg.com/media/DECqnmsVoAEH-64.jpg","url":"https://t.co/5LDVKKqotL","display_url":"pic.twitter.com/5LDVKKqotL","expanded_url":"https://twitter.com/pad_sexy/status/882893263975309312/photo/1","type":"photo","sizes":{"medium":{"w":640,"h":240,"resize":"fit"},"thumb":{"w":150,"h":150,"resize":"crop"},"large":{"w":640,"h":240,"resize":"fit"},"small":{"w":640,"h":240,"resize":"fit"}}}]},"extended_entities":{"media":[{"id":882893124342751200,"id_str":"882893124342751233","indices":[105,128],"media_url":"http://pbs.twimg.com/media/DECqnmsVoAEH-64.jpg","media_url_https":"https://pbs.twimg.com/media/DECqnmsVoAEH-64.jpg","url":"https://t.co/5LDVKKqotL","display_url":"pic.twitter.com/5LDVKKqotL","expanded_url":"https://twitter.com/pad_sexy/status/882893263975309312/photo/1","type":"photo","sizes":{"medium":{"w":640,"h":240,"resize":"fit"},"thumb":{"w":150,"h":150,"resize":"crop"},"large":{"w":640,"h":240,"resize":"fit"},"small":{"w":640,"h":240,"resize":"fit"}}}]},"metadata":{"iso_language_code":"ja","result_type":"recent"},"source":"<a href=\"http://twitter.com\" rel=\"nofollow\">Twitter Web Client</a>","in_reply_to_status_id":null,"in_reply_to_status_id_str":null,"in_reply_to_user_id":null,"in_reply_to_user_id_str":null,"in_reply_to_screen_name":null,"user":{"id":488103057,"id_str":"488103057","name":"pad_sexy　パズル＆ドラゴンズ公式","screen_name":"pad_sexy","location":"真・無限回廊","description":"「パズル＆ドラゴンズ」公式広報のムラコです！パズドラのニュースをつぶやいたり、ユーザー様と会話したりするょ！よろしくね！(๑◡๑) ɭ ɿ兯ん❤  不具合/要望はコチラ！https://t.co/TP0HbtxzZt  #パズドラ","url":"https://t.co/WRdsTiG3FI","entities":{"url":{"urls":[{"url":"https://t.co/WRdsTiG3FI","expanded_url":"http://pad.gungho.jp/","display_url":"pad.gungho.jp","indices":[0,23]}]},"description":{"urls":[{"url":"https://t.co/TP0HbtxzZt","expanded_url":"https://pad.gungho.jp/member/help/","display_url":"pad.gungho.jp/member/help/","indices":[85,108]}]}},"protected":false,"followers_count":2562022,"friends_count":47,"listed_count":13799,"created_at":"Fri Feb 10 02:46:01 +0000 2012","favourites_count":2,"utc_offset":null,"time_zone":null,"geo_enabled":false,"verified":true,"statuses_count":5901,"lang":"ja","contributors_enabled":false,"is_translator":false,"is_translation_enabled":false,"profile_background_color":"131516","profile_background_image_url":"http://pbs.twimg.com/profile_background_images/429832288/twitter__.jpg","profile_background_image_url_https":"https://pbs.twimg.com/profile_background_images/429832288/twitter__.jpg","profile_background_tile":true,"profile_image_url":"http://pbs.twimg.com/profile_images/875555261137551360/CmeP-0Gr_normal.jpg","profile_image_url_https":"https://pbs.twimg.com/profile_images/875555261137551360/CmeP-0Gr_normal.jpg","profile_banner_url":"https://pbs.twimg.com/profile_banners/488103057/1464326672","profile_link_color":"EB09B6","profile_sidebar_border_color":"C0DEED","profile_sidebar_fill_color":"DDEEF6","profile_text_color":"333333","profile_use_background_image":true,"has_extended_profile":false,"default_profile":false,"default_profile_image":false,"following":false,"follow_request_sent":false,"notifications":false,"translator_type":"none"},"geo":null,"coordinates":null,"place":null,"contributors":null,"is_quote_status":false,"retweet_count":555,"favorite_count":585,"favorited":false,"retweeted":false,"possibly_sensitive":false,"lang":"ja"},{"created_at":"Thu Jul 06 09:25:15 +0000 2017","id":882893192130998300,"id_str":"882893192130998272","text":"こちらがEP3.5を切り取ったスミレちゃんのG+カード！\n\n「アタシはライブをやらなくちゃ……！」\n大切な人への想いを胸に、笑顔で向かうステージ。\nその輝きはきっと遠く離れていても届くはずです！\n\n気になるその内容はエピソードにて… https://t.co/X48IvzP6wj","truncated":true,"entities":{"hashtags":[],"symbols":[],"user_mentions":[],"urls":[{"url":"https://t.co/X48IvzP6wj","expanded_url":"https://twitter.com/i/web/status/882893192130998272","display_url":"twitter.com/i/web/status/8…","indices":[117,140]}]},"metadata":{"iso_language_code":"ja","result_type":"recent"},"source":"<a href=\"http://twitter.com\" rel=\"nofollow\">Twitter Web Client</a>","in_reply_to_status_id":null,"in_reply_to_status_id_str":null,"in_reply_to_user_id":null,"in_reply_to_user_id_str":null,"in_reply_to_screen_name":null,"user":{"id":2236300380,"id_str":"2236300380","name":"「Tokyo 7th シスターズ」公式","screen_name":"t7s_staff","location":"Tokyo 7th","description":"メンテナンスやアップデート、イベント情報などを、支配人の皆様にお伝え致します。リプライ、お問い合わせについては、お手数ですがゲーム内お問い合せよりお願い致します。AppのDLはコチラから（iOS)→ http://t.co/b4TBsqu6VR (Android)→http://t.co/YArdsbxrNK","url":"http://t.co/c8u1JK6yxP","entities":{"url":{"urls":[{"url":"http://t.co/c8u1JK6yxP","expanded_url":"http://t7s.jp/","display_url":"t7s.jp","indices":[0,22]}]},"description":{"urls":[{"url":"http://t.co/b4TBsqu6VR","expanded_url":"http://goo.gl/C8VLl4","display_url":"goo.gl/C8VLl4","indices":[100,122]},{"url":"http://t.co/YArdsbxrNK","expanded_url":"http://goo.gl/ZKVVq8","display_url":"goo.gl/ZKVVq8","indices":[133,155]}]}},"protected":false,"followers_count":79073,"friends_count":0,"listed_count":1749,"created_at":"Sun Dec 08 16:54:49 +0000 2013","favourites_count":0,"utc_offset":32400,"time_zone":"Tokyo","geo_enabled":false,"verified":false,"statuses_count":5269,"lang":"ja","contributors_enabled":false,"is_translator":false,"is_translation_enabled":false,"profile_background_color":"C0DEED","profile_background_image_url":"http://abs.twimg.com/images/themes/theme1/bg.png","profile_background_image_url_https":"https://abs.twimg.com/images/themes/theme1/bg.png","profile_background_tile":false,"profile_image_url":"http://pbs.twimg.com/profile_images/527650700390457344/pYWr0fFY_normal.jpeg","profile_image_url_https":"https://pbs.twimg.com/profile_images/527650700390457344/pYWr0fFY_normal.jpeg","profile_banner_url":"https://pbs.twimg.com/profile_banners/2236300380/1414653106","profile_link_color":"1DA1F2","profile_sidebar_border_color":"C0DEED","profile_sidebar_fill_color":"DDEEF6","profile_text_color":"333333","profile_use_background_image":true,"has_extended_profile":false,"default_profile":true,"default_profile_image":false,"following":false,"follow_request_sent":false,"notifications":false,"translator_type":"none"},"geo":null,"coordinates":null,"place":null,"contributors":null,"is_quote_status":false,"retweet_count":563,"favorite_count":619,"favorited":false,"retweeted":false,"possibly_sensitive":false,"lang":"ja"},{"created_at":"Thu Jul 06 09:25:11 +0000 2017","id":882893179099398100,"id_str":"882893179099398144","text":"コールド・ストーンの夏スイーツ「カラフル スプラッシュ パーティー」タピオカのフローズンドリンクも - https://t.co/oKkluTaYnT https://t.co/Ng67N4hmA1","truncated":false,"entities":{"hashtags":[],"symbols":[],"user_mentions":[],"urls":[{"url":"https://t.co/oKkluTaYnT","expanded_url":"https://www.fashion-press.net/news/31940","display_url":"fashion-press.net/news/31940","indices":[52,75]}],"media":[{"id":882893156798177300,"id_str":"882893156798177281","indices":[76,99],"media_url":"http://pbs.twimg.com/media/DECqpfmUIAEcRc7.jpg","media_url_https":"https://pbs.twimg.com/media/DECqpfmUIAEcRc7.jpg","url":"https://t.co/Ng67N4hmA1","display_url":"pic.twitter.com/Ng67N4hmA1","expanded_url":"https://twitter.com/fashionpressnet/status/882893179099398144/photo/1","type":"photo","sizes":{"small":{"w":453,"h":680,"resize":"fit"},"large":{"w":500,"h":750,"resize":"fit"},"thumb":{"w":150,"h":150,"resize":"crop"},"medium":{"w":500,"h":750,"resize":"fit"}}}]},"extended_entities":{"media":[{"id":882893156798177300,"id_str":"882893156798177281","indices":[76,99],"media_url":"http://pbs.twimg.com/media/DECqpfmUIAEcRc7.jpg","media_url_https":"https://pbs.twimg.com/media/DECqpfmUIAEcRc7.jpg","url":"https://t.co/Ng67N4hmA1","display_url":"pic.twitter.com/Ng67N4hmA1","expanded_url":"https://twitter.com/fashionpressnet/status/882893179099398144/photo/1","type":"photo","sizes":{"small":{"w":453,"h":680,"resize":"fit"},"large":{"w":500,"h":750,"resize":"fit"},"thumb":{"w":150,"h":150,"resize":"crop"},"medium":{"w":500,"h":750,"resize":"fit"}}},{"id":882893163140075500,"id_str":"882893163140075523","indices":[76,99],"media_url":"http://pbs.twimg.com/media/DECqp3OV0AM1GcQ.jpg","media_url_https":"https://pbs.twimg.com/media/DECqp3OV0AM1GcQ.jpg","url":"https://t.co/Ng67N4hmA1","display_url":"pic.twitter.com/Ng67N4hmA1","expanded_url":"https://twitter.com/fashionpressnet/status/882893179099398144/photo/1","type":"photo","sizes":{"small":{"w":453,"h":680,"resize":"fit"},"large":{"w":500,"h":750,"resize":"fit"},"thumb":{"w":150,"h":150,"resize":"crop"},"medium":{"w":500,"h":750,"resize":"fit"}}},{"id":882893170182193200,"id_str":"882893170182193152","indices":[76,99],"media_url":"http://pbs.twimg.com/media/DECqqRdUAAAPmTl.jpg","media_url_https":"https://pbs.twimg.com/media/DECqqRdUAAAPmTl.jpg","url":"https://t.co/Ng67N4hmA1","display_url":"pic.twitter.com/Ng67N4hmA1","expanded_url":"https://twitter.com/fashionpressnet/status/882893179099398144/photo/1","type":"photo","sizes":{"small":{"w":453,"h":680,"resize":"fit"},"large":{"w":500,"h":750,"resize":"fit"},"thumb":{"w":150,"h":150,"resize":"crop"},"medium":{"w":500,"h":750,"resize":"fit"}}},{"id":882893176574419000,"id_str":"882893176574418944","indices":[76,99],"media_url":"http://pbs.twimg.com/media/DECqqpRVoAA7UBv.jpg","media_url_https":"https://pbs.twimg.com/media/DECqqpRVoAA7UBv.jpg","url":"https://t.co/Ng67N4hmA1","display_url":"pic.twitter.com/Ng67N4hmA1","expanded_url":"https://twitter.com/fashionpressnet/status/882893179099398144/photo/1","type":"photo","sizes":{"small":{"w":453,"h":680,"resize":"fit"},"large":{"w":500,"h":750,"resize":"fit"},"thumb":{"w":150,"h":150,"resize":"crop"},"medium":{"w":500,"h":750,"resize":"fit"}}}]},"metadata":{"iso_language_code":"ja","result_type":"recent"},"source":"<a href=\"http://www.fashion-press.net/\" rel=\"nofollow\">Fashion Press</a>","in_reply_to_status_id":null,"in_reply_to_status_id_str":null,"in_reply_to_user_id":null,"in_reply_to_user_id_str":null,"in_reply_to_screen_name":null,"user":{"id":168816611,"id_str":"168816611","name":"Fashion Press","screen_name":"fashionpressnet","location":"","description":"ファッションWEBマガジン「ファッションプレス」公式アカウント。 【Instagram】http://t.co/3myapCJ1Ax【Facebook】http://t.co/8FFmQA2set","url":"http://t.co/rSEGQEqMH0","entities":{"url":{"urls":[{"url":"http://t.co/rSEGQEqMH0","expanded_url":"http://www.fashion-press.net/","display_url":"fashion-press.net","indices":[0,22]}]},"description":{"urls":[{"url":"http://t.co/3myapCJ1Ax","expanded_url":"http://instagram.com/fashionpressjp","display_url":"instagram.com/fashionpressjp","indices":[44,66]},{"url":"http://t.co/8FFmQA2set","expanded_url":"http://www.facebook.com/FashionPress.net","display_url":"facebook.com/FashionPress.n…","indices":[76,98]}]}},"protected":false,"followers_count":2272951,"friends_count":2,"listed_count":8935,"created_at":"Tue Jul 20 21:38:17 +0000 2010","favourites_count":0,"utc_offset":32400,"time_zone":"Tokyo","geo_enabled":false,"verified":true,"statuses_count":80374,"lang":"ja","contributors_enabled":false,"is_translator":false,"is_translation_enabled":false,"profile_background_color":"F5F8FA","profile_background_image_url":"http://abs.twimg.com/images/themes/theme14/bg.gif","profile_background_image_url_https":"https://abs.twimg.com/images/themes/theme14/bg.gif","profile_background_tile":false,"profile_image_url":"http://pbs.twimg.com/profile_images/491483872677228544/fuq52Rp2_normal.jpeg","profile_image_url_https":"https://pbs.twimg.com/profile_images/491483872677228544/fuq52Rp2_normal.jpeg","profile_banner_url":"https://pbs.twimg.com/profile_banners/168816611/1444307408","profile_link_color":"343738","profile_sidebar_border_color":"FFFFFF","profile_sidebar_fill_color":"DDEEF6","profile_text_color":"333333","profile_use_background_image":true,"has_extended_profile":false,"default_profile":false,"default_profile_image":false,"following":false,"follow_request_sent":false,"notifications":false,"translator_type":"none"},"geo":null,"coordinates":null,"place":null,"contributors":null,"is_quote_status":false,"retweet_count":547,"favorite_count":1414,"favorited":false,"retweeted":false,"possibly_sensitive":false,"lang":"ja"},{"created_at":"Thu Jul 06 09:24:21 +0000 2017","id":882892967119167500,"id_str":"882892967119167488","text":"7/8(土)12:00 - 7/11(火)11:59\n\n・バナーの「Two for all」と「背徳ピストルズ」が限定キャラとして登場\n・排出されるのは火と闇のみ\n・火/闇の限定キャラも排出対象\n・Two進化=シールド、Two神化… https://t.co/avVMYCN8dO","truncated":true,"entities":{"hashtags":[],"symbols":[],"user_mentions":[],"urls":[{"url":"https://t.co/avVMYCN8dO","expanded_url":"https://twitter.com/i/web/status/882892967119167488","display_url":"twitter.com/i/web/status/8…","indices":[117,140]}]},"metadata":{"iso_language_code":"ja","result_type":"recent"},"source":"<a href=\"http://twitter.com\" rel=\"nofollow\">Twitter Web Client</a>","in_reply_to_status_id":null,"in_reply_to_status_id_str":null,"in_reply_to_user_id":null,"in_reply_to_user_id_str":null,"in_reply_to_screen_name":null,"user":{"id":733480850919055400,"id_str":"733480850919055360","name":"しろ@GameWith","screen_name":"shiro_gw","location":"なうしろチャンネル","description":"モンスト、バンドリ、スクフェスやってます(*￣▽￣*)  アイコン→ @norision_mnst さん　ヘッダー→ @ksnb0324 さん　 GWSNS→https://t.co/PoBhD5ENvT","url":"https://t.co/PqFhVt6diG","entities":{"url":{"urls":[{"url":"https://t.co/PqFhVt6diG","expanded_url":"https://www.youtube.com/channel/UCHxqtnCwn_NEm4aEIU-O85A","display_url":"youtube.com/channel/UCHxqt…","indices":[0,23]}]},"description":{"urls":[{"url":"https://t.co/PoBhD5ENvT","expanded_url":"https://gamewith.jp/user/profile/519105","display_url":"gamewith.jp/user/profile/5…","indices":[79,102]}]}},"protected":false,"followers_count":189867,"friends_count":172,"listed_count":894,"created_at":"Fri May 20 02:13:57 +0000 2016","favourites_count":22,"utc_offset":-25200,"time_zone":"Pacific Time (US & Canada)","geo_enabled":true,"verified":false,"statuses_count":12396,"lang":"ja","contributors_enabled":false,"is_translator":false,"is_translation_enabled":false,"profile_background_color":"000000","profile_background_image_url":"http://abs.twimg.com/images/themes/theme1/bg.png","profile_background_image_url_https":"https://abs.twimg.com/images/themes/theme1/bg.png","profile_background_tile":false,"profile_image_url":"http://pbs.twimg.com/profile_images/739991540261474304/Du06YglV_normal.jpg","profile_image_url_https":"https://pbs.twimg.com/profile_images/739991540261474304/Du06YglV_normal.jpg","profile_banner_url":"https://pbs.twimg.com/profile_banners/733480850919055360/1479551725","profile_link_color":"F58EA8","profile_sidebar_border_color":"000000","profile_sidebar_fill_color":"000000","profile_text_color":"000000","profile_use_background_image":false,"has_extended_profile":true,"default_profile":false,"default_profile_image":false,"following":false,"follow_request_sent":false,"notifications":false,"translator_type":"none"},"geo":null,"coordinates":null,"place":null,"contributors":null,"is_quote_status":false,"retweet_count":774,"favorite_count":953,"favorited":false,"retweeted":false,"possibly_sensitive":false,"lang":"ja"},{"created_at":"Thu Jul 06 09:23:37 +0000 2017","id":882892781345284100,"id_str":"882892781345284096","text":"今日は水溜まりさんが来てくださって一緒に動画撮影してます🤗♡\n今日は初めて水溜まりボンドの動画に出るのでお楽しみに！！☆\n\nポンス、トミーの顔みて大笑いしてました。カンタの時は真顔。その様子も今日のサブちゃんにて！！w https://t.co/ArxjQgnkM7","truncated":false,"entities":{"hashtags":[],"symbols":[],"user_mentions":[],"urls":[],"media":[{"id":882892769735225300,"id_str":"882892769735225344","indices":[110,133],"media_url":"http://pbs.twimg.com/media/DECqS9rUMAAlpZ3.jpg","media_url_https":"https://pbs.twimg.com/media/DECqS9rUMAAlpZ3.jpg","url":"https://t.co/ArxjQgnkM7","display_url":"pic.twitter.com/ArxjQgnkM7","expanded_url":"https://twitter.com/ayachan0619/status/882892781345284096/photo/1","type":"photo","sizes":{"large":{"w":1000,"h":750,"resize":"fit"},"small":{"w":680,"h":510,"resize":"fit"},"thumb":{"w":150,"h":150,"resize":"crop"},"medium":{"w":1000,"h":750,"resize":"fit"}}}]},"extended_entities":{"media":[{"id":882892769735225300,"id_str":"882892769735225344","indices":[110,133],"media_url":"http://pbs.twimg.com/media/DECqS9rUMAAlpZ3.jpg","media_url_https":"https://pbs.twimg.com/media/DECqS9rUMAAlpZ3.jpg","url":"https://t.co/ArxjQgnkM7","display_url":"pic.twitter.com/ArxjQgnkM7","expanded_url":"https://twitter.com/ayachan0619/status/882892781345284096/photo/1","type":"photo","sizes":{"large":{"w":1000,"h":750,"resize":"fit"},"small":{"w":680,"h":510,"resize":"fit"},"thumb":{"w":150,"h":150,"resize":"crop"},"medium":{"w":1000,"h":750,"resize":"fit"}}},{"id":882892769735229400,"id_str":"882892769735229441","indices":[110,133],"media_url":"http://pbs.twimg.com/media/DECqS9rUQAE9CkU.jpg","media_url_https":"https://pbs.twimg.com/media/DECqS9rUQAE9CkU.jpg","url":"https://t.co/ArxjQgnkM7","display_url":"pic.twitter.com/ArxjQgnkM7","expanded_url":"https://twitter.com/ayachan0619/status/882892781345284096/photo/1","type":"photo","sizes":{"large":{"w":999,"h":593,"resize":"fit"},"small":{"w":680,"h":404,"resize":"fit"},"thumb":{"w":150,"h":150,"resize":"crop"},"medium":{"w":999,"h":593,"resize":"fit"}}}]},"metadata":{"iso_language_code":"ja","result_type":"recent"},"source":"<a href=\"http://twitter.com/download/iphone\" rel=\"nofollow\">Twitter for iPhone</a>","in_reply_to_status_id":null,"in_reply_to_status_id_str":null,"in_reply_to_user_id":null,"in_reply_to_user_id_str":null,"in_reply_to_screen_name":null,"user":{"id":611803048,"id_str":"611803048","name":"あやなん♡","screen_name":"ayachan0619","location":"","description":"YouTube「しばなんチャンネル」で夫婦で仲良く激しく動画をあげてます😁🍓アメブロも赤裸々に更新してるので良かったらみてね〜(*^_^*)→https://t.co/PrPOYtPVDL ポンくん誕生💕😁0427🍓インスタは「ayachan_0619」で検索☆","url":"https://t.co/3yface0lDO","entities":{"url":{"urls":[{"url":"https://t.co/3yface0lDO","expanded_url":"https://www.youtube.com/channel/UColoXxvhfz54o0icqQRPzYw?sub_confirmation=1","display_url":"youtube.com/channel/UColoX…","indices":[0,23]}]},"description":{"urls":[{"url":"https://t.co/PrPOYtPVDL","expanded_url":"http://ameblo.jp/ayanannn0619","display_url":"ameblo.jp/ayanannn0619","indices":[71,94]}]}},"protected":false,"followers_count":328585,"friends_count":114,"listed_count":574,"created_at":"Mon Jun 18 16:20:20 +0000 2012","favourites_count":2581,"utc_offset":32400,"time_zone":"Tokyo","geo_enabled":true,"verified":false,"statuses_count":22154,"lang":"ja","contributors_enabled":false,"is_translator":false,"is_translation_enabled":false,"profile_background_color":"C0DEED","profile_background_image_url":"http://abs.twimg.com/images/themes/theme1/bg.png","profile_background_image_url_https":"https://abs.twimg.com/images/themes/theme1/bg.png","profile_background_tile":false,"profile_image_url":"http://pbs.twimg.com/profile_images/877573251316170753/zf3Vv_0r_normal.jpg","profile_image_url_https":"https://pbs.twimg.com/profile_images/877573251316170753/zf3Vv_0r_normal.jpg","profile_banner_url":"https://pbs.twimg.com/profile_banners/611803048/1499069210","profile_link_color":"1DA1F2","profile_sidebar_border_color":"C0DEED","profile_sidebar_fill_color":"DDEEF6","profile_text_color":"333333","profile_use_background_image":true,"has_extended_profile":true,"default_profile":true,"default_profile_image":false,"following":false,"follow_request_sent":false,"notifications":false,"translator_type":"none"},"geo":null,"coordinates":null,"place":null,"contributors":null,"is_quote_status":false,"retweet_count":532,"favorite_count":4413,"favorited":false,"retweeted":false,"possibly_sensitive":false,"lang":"ja"},{"created_at":"Thu Jul 06 09:23:21 +0000 2017","id":882892714039058400,"id_str":"882892714039058432","text":"みなさん今年もたくさんのメッセージ、写真、動画などなどありがとうございました！25年目も更にバレーボールを通して成長していきます！\nこれもいただきました↓ https://t.co/40c3t3CA6h","truncated":false,"entities":{"hashtags":[],"symbols":[],"user_mentions":[],"urls":[],"media":[{"id":882892695101857800,"id_str":"882892695101857792","indices":[78,101],"media_url":"http://pbs.twimg.com/media/DECqOnpVYAAj2_I.jpg","media_url_https":"https://pbs.twimg.com/media/DECqOnpVYAAj2_I.jpg","url":"https://t.co/40c3t3CA6h","display_url":"pic.twitter.com/40c3t3CA6h","expanded_url":"https://twitter.com/y_masaaaa_yk/status/882892714039058432/photo/1","type":"photo","sizes":{"large":{"w":1536,"h":2048,"resize":"fit"},"medium":{"w":900,"h":1200,"resize":"fit"},"thumb":{"w":150,"h":150,"resize":"crop"},"small":{"w":510,"h":680,"resize":"fit"}}}]},"extended_entities":{"media":[{"id":882892695101857800,"id_str":"882892695101857792","indices":[78,101],"media_url":"http://pbs.twimg.com/media/DECqOnpVYAAj2_I.jpg","media_url_https":"https://pbs.twimg.com/media/DECqOnpVYAAj2_I.jpg","url":"https://t.co/40c3t3CA6h","display_url":"pic.twitter.com/40c3t3CA6h","expanded_url":"https://twitter.com/y_masaaaa_yk/status/882892714039058432/photo/1","type":"photo","sizes":{"large":{"w":1536,"h":2048,"resize":"fit"},"medium":{"w":900,"h":1200,"resize":"fit"},"thumb":{"w":150,"h":150,"resize":"crop"},"small":{"w":510,"h":680,"resize":"fit"}}}]},"metadata":{"iso_language_code":"ja","result_type":"recent"},"source":"<a href=\"http://twitter.com/download/iphone\" rel=\"nofollow\">Twitter for iPhone</a>","in_reply_to_status_id":null,"in_reply_to_status_id_str":null,"in_reply_to_user_id":null,"in_reply_to_user_id_str":null,"in_reply_to_screen_name":null,"user":{"id":278887629,"id_str":"278887629","name":"Yanagida Masahiro","screen_name":"y_masaaaa_yk","location":"東京都","description":"🇯🇵ProVolleyballplayer Amuse所属                            Suntory#8 → 2017Japan#8→🇩🇪TV ingersoll Buhl(next)","url":"https://t.co/TQy2ecOFA8","entities":{"url":{"urls":[{"url":"https://t.co/TQy2ecOFA8","expanded_url":"http://Instagram.com/masahiro.8.0706","display_url":"Instagram.com/masahiro.8.0706","indices":[0,23]}]},"description":{"urls":[]}},"protected":false,"followers_count":147882,"friends_count":215,"listed_count":602,"created_at":"Fri Apr 08 04:59:57 +0000 2011","favourites_count":83,"utc_offset":-36000,"time_zone":"Hawaii","geo_enabled":false,"verified":true,"statuses_count":3740,"lang":"ja","contributors_enabled":false,"is_translator":false,"is_translation_enabled":false,"profile_background_color":"C0DEED","profile_background_image_url":"http://abs.twimg.com/images/themes/theme1/bg.png","profile_background_image_url_https":"https://abs.twimg.com/images/themes/theme1/bg.png","profile_background_tile":false,"profile_image_url":"http://pbs.twimg.com/profile_images/869914355541921794/8r3Wkkhi_normal.jpg","profile_image_url_https":"https://pbs.twimg.com/profile_images/869914355541921794/8r3Wkkhi_normal.jpg","profile_banner_url":"https://pbs.twimg.com/profile_banners/278887629/1472639423","profile_link_color":"1DA1F2","profile_sidebar_border_color":"C0DEED","profile_sidebar_fill_color":"DDEEF6","profile_text_color":"333333","profile_use_background_image":true,"has_extended_profile":true,"default_profile":true,"default_profile_image":false,"following":false,"follow_request_sent":false,"notifications":false,"translator_type":"none"},"geo":null,"coordinates":null,"place":null,"contributors":null,"is_quote_status":false,"retweet_count":804,"favorite_count":3184,"favorited":false,"retweeted":false,"possibly_sensitive":false,"lang":"ja"},{"created_at":"Thu Jul 06 09:21:41 +0000 2017","id":882892296051499000,"id_str":"882892296051499008","text":"【メンテナンスのお知らせ】\n明日7/7 15:00〜16:00にて、新ガチャ開催準備に伴うメンテナンスを実施いたします。メンテナンス開始時に参加していたモノガタリは敗北となります。ユーザーの皆様には大変ご迷惑をおかけしますが、ご理解ご協力のほどお願い申し上げます。","truncated":false,"entities":{"hashtags":[],"symbols":[],"user_mentions":[],"urls":[]},"metadata":{"iso_language_code":"ja","result_type":"recent"},"source":"<a href=\"http://twitter.com\" rel=\"nofollow\">Twitter Web Client</a>","in_reply_to_status_id":null,"in_reply_to_status_id_str":null,"in_reply_to_user_id":null,"in_reply_to_user_id_str":null,"in_reply_to_screen_name":null,"user":{"id":818752826025181200,"id_str":"818752826025181184","name":"SINoALICE -シノアリス-","screen_name":"sinoalice_jp","location":"","description":"ヨコオタロウ×スクエニ×ポケラボ がおくる新作スマホ向けゲーム #シノアリス 公式Twitterアカウントです。\n◆アプリDLはこちら\n⇒https://t.co/0Bvhhbs0A4\n◆公式LINE@はこちら⇒https://t.co/PMEq2MRxjO","url":"https://t.co/DKtf1B4qVc","entities":{"url":{"urls":[{"url":"https://t.co/DKtf1B4qVc","expanded_url":"http://sinoalice.jp","display_url":"sinoalice.jp","indices":[0,23]}]},"description":{"urls":[{"url":"https://t.co/0Bvhhbs0A4","expanded_url":"https://app.adjust.com/pgmu79","display_url":"app.adjust.com/pgmu79","indices":[69,92]},{"url":"https://t.co/PMEq2MRxjO","expanded_url":"https://line.me/R/ti/p/%40kzc6995v","display_url":"line.me/R/ti/p/%40kzc6…","indices":[106,129]}]}},"protected":false,"followers_count":475097,"friends_count":25,"listed_count":2210,"created_at":"Tue Jan 10 09:34:20 +0000 2017","favourites_count":0,"utc_offset":32400,"time_zone":"Tokyo","geo_enabled":false,"verified":true,"statuses_count":240,"lang":"ja","contributors_enabled":false,"is_translator":false,"is_translation_enabled":false,"profile_background_color":"000000","profile_background_image_url":"http://abs.twimg.com/images/themes/theme1/bg.png","profile_background_image_url_https":"https://abs.twimg.com/images/themes/theme1/bg.png","profile_background_tile":false,"profile_image_url":"http://pbs.twimg.com/profile_images/832048740965851136/FdKSkqlu_normal.jpg","profile_image_url_https":"https://pbs.twimg.com/profile_images/832048740965851136/FdKSkqlu_normal.jpg","profile_banner_url":"https://pbs.twimg.com/profile_banners/818752826025181184/1496718704","profile_link_color":"ABB8C2","profile_sidebar_border_color":"000000","profile_sidebar_fill_color":"000000","profile_text_color":"000000","profile_use_background_image":false,"has_extended_profile":false,"default_profile":false,"default_profile_image":false,"following":false,"follow_request_sent":false,"notifications":false,"translator_type":"none"},"geo":null,"coordinates":null,"place":null,"contributors":null,"is_quote_status":false,"retweet_count":1355,"favorite_count":1174,"favorited":false,"retweeted":false,"lang":"ja"},{"created_at":"Thu Jul 06 09:20:05 +0000 2017","id":882891892387655700,"id_str":"882891892387655681","text":"リラックマストアで🐤 #キイロイトリダイアリー 🐤が好評発売中✨キイロイトリがい〜っぱい！\nぜひお店に遊びにきてくださいね。\n※店舗により入荷日・入荷内容が異なります。品切れの場合もございます。… https://t.co/W50zr7PDHU","truncated":true,"entities":{"hashtags":[{"text":"キイロイトリダイアリー","indices":[11,23]}],"symbols":[],"user_mentions":[],"urls":[{"url":"https://t.co/W50zr7PDHU","expanded_url":"https://twitter.com/i/web/status/882891892387655681","display_url":"twitter.com/i/web/status/8…","indices":[99,122]}]},"metadata":{"iso_language_code":"ja","result_type":"recent"},"source":"<a href=\"http://bufferapp.com\" rel=\"nofollow\">Buffer</a>","in_reply_to_status_id":null,"in_reply_to_status_id_str":null,"in_reply_to_user_id":null,"in_reply_to_user_id_str":null,"in_reply_to_screen_name":null,"user":{"id":1547779548,"id_str":"1547779548","name":"リラックマごゆるりサイト【公式】","screen_name":"rilakkuma_gyr","location":"","description":"リラックマ情報がすべてわかる「リラックマごゆるりサイト」公式Twitterです。サンエックス株式会社の運営。7月には🐤キイロイトリダイアリー🐤が発売！ コリラックマ情報は→@korilakkuma_15  ⒸSAN-X CO., LTD. ALL RIGHTS RESERVED.","url":"https://t.co/SFsQzZCugh","entities":{"url":{"urls":[{"url":"https://t.co/SFsQzZCugh","expanded_url":"http://www.san-x.co.jp/rilakkuma/","display_url":"san-x.co.jp/rilakkuma/","indices":[0,23]}]},"description":{"urls":[]}},"protected":false,"followers_count":190628,"friends_count":8,"listed_count":1610,"created_at":"Wed Jun 26 09:58:06 +0000 2013","favourites_count":14,"utc_offset":32400,"time_zone":"Tokyo","geo_enabled":false,"verified":false,"statuses_count":3622,"lang":"ja","contributors_enabled":false,"is_translator":false,"is_translation_enabled":false,"profile_background_color":"FFCC4D","profile_background_image_url":"http://pbs.twimg.com/profile_background_images/680180548875108352/aEZaqBxl.png","profile_background_image_url_https":"https://pbs.twimg.com/profile_background_images/680180548875108352/aEZaqBxl.png","profile_background_tile":true,"profile_image_url":"http://pbs.twimg.com/profile_images/870555630704115715/j_BFic_W_normal.jpg","profile_image_url_https":"https://pbs.twimg.com/profile_images/870555630704115715/j_BFic_W_normal.jpg","profile_banner_url":"https://pbs.twimg.com/profile_banners/1547779548/1496391672","profile_link_color":"FA743E","profile_sidebar_border_color":"000000","profile_sidebar_fill_color":"000000","profile_text_color":"000000","profile_use_background_image":true,"has_extended_profile":false,"default_profile":false,"default_profile_image":false,"following":false,"follow_request_sent":false,"notifications":false,"translator_type":"none"},"geo":null,"coordinates":null,"place":null,"contributors":null,"is_quote_status":false,"retweet_count":505,"favorite_count":1169,"favorited":false,"retweeted":false,"possibly_sensitive":false,"lang":"ja"}],"search_metadata":{"completed_in":0.021,"max_id":882897129630425100,"max_id_str":"882897129630425088","next_results":"?max_id=882891892387655680&q=lang%3Aja%20min_retweets%3A500&include_entities=1","query":"lang%3Aja+min_retweets%3A500","refresh_url":"?since_id=882897129630425088&q=lang%3Aja%20min_retweets%3A500&include_entities=1","count":15,"since_id":0,"since_id_str":"0"}}