{"statuses":[{"created_at":"Thu Jul 13 11:05:47 +0000 2017","id":885455208033038300,"id_str":"885455208033038336","text":"ヨハネの住む街…やっぱり。素敵な街だったなぁ。\n#津島善子生誕祭2017\n#ヨハネ誕生祭2017 https://t.co/IuiC7ZyvhT","truncated":false,"entities":{"hashtags":[{"text":"津島善子生誕祭2017","indices":[24,36]},{"text":"ヨハネ誕生祭2017","indices":[37,48]}],"symbols":[],"user_mentions":[],"urls":[],"media":[{"id":885455187086778400,"id_str":"885455187086778368","indices":[49,72],"media_url":"http://pbs.twimg.com/media/DEnEzSLVoAAvqBm.jpg","media_url_https":"https://pbs.twimg.com/media/DEnEzSLVoAAvqBm.jpg","url":"https://t.co/IuiC7ZyvhT","display_url":"pic.twitter.com/IuiC7ZyvhT","expanded_url":"https://twitter.com/Aikyan_/status/885455208033038336/photo/1","type":"photo","sizes":{"large":{"w":2048,"h":1706,"resize":"fit"},"thumb":{"w":150,"h":150,"resize":"crop"},"medium":{"w":1200,"h":1000,"resize":"fit"},"small":{"w":680,"h":566,"resize":"fit"}}}]},"extended_entities":{"media":[{"id":885455187086778400,"id_str":"885455187086778368","indices":[49,72],"media_url":"http://pbs.twimg.com/media/DEnEzSLVoAAvqBm.jpg","media_url_https":"https://pbs.twimg.com/media/DEnEzSLVoAAvqBm.jpg","url":"https://t.co/IuiC7ZyvhT","display_url":"pic.twitter.com/IuiC7ZyvhT","expanded_url":"https://twitter.com/Aikyan_/status/885455208033038336/photo/1","type":"photo","sizes":{"large":{"w":2048,"h":1706,"resize":"fit"},"thumb":{"w":150,"h":150,"resize":"crop"},"medium":{"w":1200,"h":1000,"resize":"fit"},"small":{"w":680,"h":566,"resize":"fit"}}}]},"metadata":{"iso_language_code":"ja","result_type":"recent"},"source":"<a href=\"http://twitter.com/download/iphone\" rel=\"nofollow\">Twitter for iPhone</a>","in_reply_to_status_id":null,"in_reply_to_status_id_str":null,"in_reply_to_user_id":null,"in_reply_to_user_id_str":null,"in_reply_to_screen_name":null,"user":{"id":260986258,"id_str":"260986258","name":"😈小林 愛香😈","screen_name":"Aikyan_","location":"","description":"あいきゃん / SINGER. / 声優 /「ラブライブ！サンシャイン‼︎」Aqours 津島善子( ヨハネ )役 ʚ✞ɞ /「ピアシェ~私のイタリアン~」花月李依役 / みなさまからのリプは気まぐれにお返ししてます♫ https://t.co/iCA0YnlTYD","url":"https://t.co/QUepA9givg","entities":{"url":{"urls":[{"url":"https://t.co/QUepA9givg","expanded_url":"https://www.instagram.com/kyanstagram_/","display_url":"instagram.com/kyanstagram_/","indices":[0,23]}]},"description":{"urls":[{"url":"https://t.co/iCA0YnlTYD","expanded_url":"http://newcome.jp","display_url":"newcome.jp","indices":[110,133]}]}},"protected":false,"followers_count":190464,"friends_count":78,"listed_count":6082,"created_at":"Sat Mar 05 00:58:36 +0000 2011","favourites_count":3122,"utc_offset":-36000,"time_zone":"Hawaii","geo_enabled":false,"verified":false,"statuses_count":7243,"lang":"ja","contributors_enabled":false,"is_translator":false,"is_translation_enabled":false,"profile_background_color":"ACDED6","profile_background_image_url":"http://abs.twimg.com/images/themes/theme18/bg.gif","profile_background_image_url_https":"https://abs.twimg.com/images/themes/theme18/bg.gif","profile_background_tile":false,"profile_image_url":"http://pbs.twimg.com/profile_images/790719836930252800/iTUYXTzQ_normal.jpg","profile_image_url_https":"https://pbs.twimg.com/profile_images/790719836930252800/iTUYXTzQ_normal.jpg","profile_banner_url":"https://pbs.twimg.com/profile_banners/260986258/1477734091","profile_link_color":"038543","profile_sidebar_border_color":"EEEEEE","profile_sidebar_fill_color":"F6F6F6","profile_text_color":"333333","profile_use_background_image":true,"has_extended_profile":false,"default_profile":false,"default_profile_image":false,"following":false,"follow_request_sent":false,"notifications":false,"translator_type":"none"},"geo":null,"coordinates":null,"place":null,"contributors":null,"is_quote_status":false,"retweet_count":1230,"favorite_count":2969,"favorited":false,"retweeted":false,"possibly_sensitive":false,"lang":"ja"},{"created_at":"Thu Jul 13 11:03:43 +0000 2017","id":885454688727875600,"id_str":"885454688727875584","text":"今となっては激レアなフルメイクメンバー5人ショット。in金沢。撮ろうって言ったらメンバーも驚くくらーい🐥 https://t.co/SHkZ4pLxbh","truncated":false,"entities":{"hashtags":[],"symbols":[],"user_mentions":[],"urls":[],"media":[{"id":885454678825156600,"id_str":"885454678825156608","indices":[53,76],"media_url":"http://pbs.twimg.com/media/DEnEVswUwAAtyvC.jpg","media_url_https":"https://pbs.twimg.com/media/DEnEVswUwAAtyvC.jpg","url":"https://t.co/SHkZ4pLxbh","display_url":"pic.twitter.com/SHkZ4pLxbh","expanded_url":"https://twitter.com/mam0_0fficialt/status/885454688727875584/photo/1","type":"photo","sizes":{"large":{"w":924,"h":1242,"resize":"fit"},"thumb":{"w":150,"h":150,"resize":"crop"},"medium":{"w":893,"h":1200,"resize":"fit"},"small":{"w":506,"h":680,"resize":"fit"}}}]},"extended_entities":{"media":[{"id":885454678825156600,"id_str":"885454678825156608","indices":[53,76],"media_url":"http://pbs.twimg.com/media/DEnEVswUwAAtyvC.jpg","media_url_https":"https://pbs.twimg.com/media/DEnEVswUwAAtyvC.jpg","url":"https://t.co/SHkZ4pLxbh","display_url":"pic.twitter.com/SHkZ4pLxbh","expanded_url":"https://twitter.com/mam0_0fficialt/status/885454688727875584/photo/1","type":"photo","sizes":{"large":{"w":924,"h":1242,"resize":"fit"},"thumb":{"w":150,"h":150,"resize":"crop"},"medium":{"w":893,"h":1200,"resize":"fit"},"small":{"w":506,"h":680,"resize":"fit"}}}]},"metadata":{"iso_language_code":"ja","result_type":"recent"},"source":"<a href=\"http://twitter.com/download/iphone\" rel=\"nofollow\">Twitter for iPhone</a>","in_reply_to_status_id":null,"in_reply_to_status_id_str":null,"in_reply_to_user_id":null,"in_reply_to_user_id_str":null,"in_reply_to_screen_name":null,"user":{"id":4035350352,"id_str":"4035350352","name":"マモ","screen_name":"mam0_0fficialt","location":"浅草","description":"R指定ボーカルマモです。 ギターも弾きます。作詞作曲担当です。Twitterをはじめて一年が経ちました。熊本県出身です。名前の由来はくマモとです。宜しく。https://t.co/t6CF8akl8L","url":"https://t.co/4qY2yWAdWD","entities":{"url":{"urls":[{"url":"https://t.co/4qY2yWAdWD","expanded_url":"http://www.r-shitei.net","display_url":"r-shitei.net","indices":[0,23]}]},"description":{"urls":[{"url":"https://t.co/t6CF8akl8L","expanded_url":"http://Instagram.com/yuuyakemamomichan","display_url":"Instagram.com/yuuyakemamomic…","indices":[77,100]}]}},"protected":false,"followers_count":62785,"friends_count":56,"listed_count":834,"created_at":"Tue Oct 27 12:34:01 +0000 2015","favourites_count":0,"utc_offset":-25200,"time_zone":"Pacific Time (US & Canada)","geo_enabled":false,"verified":false,"statuses_count":1947,"lang":"ja","contributors_enabled":false,"is_translator":false,"is_translation_enabled":false,"profile_background_color":"C0DEED","profile_background_image_url":"http://abs.twimg.com/images/themes/theme1/bg.png","profile_background_image_url_https":"https://abs.twimg.com/images/themes/theme1/bg.png","profile_background_tile":false,"profile_image_url":"http://pbs.twimg.com/profile_images/871677890135445504/Y2LBsBKL_normal.jpg","profile_image_url_https":"https://pbs.twimg.com/profile_images/871677890135445504/Y2LBsBKL_normal.jpg","profile_banner_url":"https://pbs.twimg.com/profile_banners/4035350352/1496660202","profile_link_color":"1DA1F2","profile_sidebar_border_color":"C0DEED","profile_sidebar_fill_color":"DDEEF6","profile_text_color":"333333","profile_use_background_image":true,"has_extended_profile":false,"default_profile":true,"default_profile_image":false,"following":false,"follow_request_sent":false,"notifications":false,"translator_type":"none"},"geo":null,"coordinates":null,"place":null,"contributors":null,"is_quote_status":false,"retweet_count":595,"favorite_count":1575,"favorited":false,"retweeted":false,"possibly_sensitive":false,"lang":"ja"},{"created_at":"Thu Jul 13 11:01:37 +0000 2017","id":885454159172030500,"id_str":"885454159172030464","text":"POINTJPプレゼント企画\n\niTunesコード500円\n応募方法：フォロー＆RT\n締め切り：22時30分\n発送方法：DMでコード送信\n\nサイト登録一切なし。当選者はいいねにまとめていますのでご参考に。お気軽にご応募下さい。 https://t.co/mNKjBYH2ax","truncated":false,"entities":{"hashtags":[],"symbols":[],"user_mentions":[],"urls":[],"media":[{"id":885454147482288100,"id_str":"885454147482288128","indices":[114,137],"media_url":"http://pbs.twimg.com/media/DEnD2xWUAAAdDDD.jpg","media_url_https":"https://pbs.twimg.com/media/DEnD2xWUAAAdDDD.jpg","url":"https://t.co/mNKjBYH2ax","display_url":"pic.twitter.com/mNKjBYH2ax","expanded_url":"https://twitter.com/POINTJP_TSUTOMU/status/885454159172030464/photo/1","type":"photo","sizes":{"thumb":{"w":150,"h":150,"resize":"crop"},"large":{"w":704,"h":690,"resize":"fit"},"small":{"w":680,"h":666,"resize":"fit"},"medium":{"w":704,"h":690,"resize":"fit"}}}]},"extended_entities":{"media":[{"id":885454147482288100,"id_str":"885454147482288128","indices":[114,137],"media_url":"http://pbs.twimg.com/media/DEnD2xWUAAAdDDD.jpg","media_url_https":"https://pbs.twimg.com/media/DEnD2xWUAAAdDDD.jpg","url":"https://t.co/mNKjBYH2ax","display_url":"pic.twitter.com/mNKjBYH2ax","expanded_url":"https://twitter.com/POINTJP_TSUTOMU/status/885454159172030464/photo/1","type":"photo","sizes":{"thumb":{"w":150,"h":150,"resize":"crop"},"large":{"w":704,"h":690,"resize":"fit"},"small":{"w":680,"h":666,"resize":"fit"},"medium":{"w":704,"h":690,"resize":"fit"}}}]},"metadata":{"iso_language_code":"ja","result_type":"recent"},"source":"<a href=\"http://twitter.com/download/android\" rel=\"nofollow\">Twitter for Android</a>","in_reply_to_status_id":null,"in_reply_to_status_id_str":null,"in_reply_to_user_id":null,"in_reply_to_user_id_str":null,"in_reply_to_screen_name":null,"user":{"id":794870563835478000,"id_str":"794870563835478016","name":"POINTJP","screen_name":"POINTJP_TSUTOMU","location":"","description":"【日本ポイントサイト情報 POINTJP】の公式アカウントです。ポイントサイトのお得な情報の発信からプレゼント企画も開催。ポイントサイトの記事を「RT＆いいね」すると当選率アップ。当選者はhttps://t.co/RF53ZYbCEMで公開。基本的に質問には滅多に返答は致しませんのでご了承下さい。サイト内の画像等の無断転載禁止。","url":"https://t.co/yTOghMt3Td","entities":{"url":{"urls":[{"url":"https://t.co/yTOghMt3Td","expanded_url":"http://pointjp.com/","display_url":"pointjp.com","indices":[0,23]}]},"description":{"urls":[{"url":"https://t.co/RF53ZYbCEM","expanded_url":"http://pointjp.com","display_url":"pointjp.com","indices":[94,117]}]}},"protected":false,"followers_count":66031,"friends_count":1,"listed_count":68,"created_at":"Sat Nov 05 11:54:45 +0000 2016","favourites_count":565,"utc_offset":null,"time_zone":null,"geo_enabled":false,"verified":false,"statuses_count":1047,"lang":"ja","contributors_enabled":false,"is_translator":false,"is_translation_enabled":false,"profile_background_color":"000000","profile_background_image_url":"http://abs.twimg.com/images/themes/theme1/bg.png","profile_background_image_url_https":"https://abs.twimg.com/images/themes/theme1/bg.png","profile_background_tile":false,"profile_image_url":"http://pbs.twimg.com/profile_images/809630656955183104/55W_t8Gx_normal.jpg","profile_image_url_https":"https://pbs.twimg.com/profile_images/809630656955183104/55W_t8Gx_normal.jpg","profile_banner_url":"https://pbs.twimg.com/profile_banners/794870563835478016/1481865722","profile_link_color":"1B95E0","profile_sidebar_border_color":"000000","profile_sidebar_fill_color":"000000","profile_text_color":"000000","profile_use_background_image":false,"has_extended_profile":false,"default_profile":false,"default_profile_image":false,"following":false,"follow_request_sent":false,"notifications":false,"translator_type":"none"},"geo":null,"coordinates":null,"place":null,"contributors":null,"is_quote_status":false,"retweet_count":655,"favorite_count":153,"favorited":false,"retweeted":false,"possibly_sensitive":false,"lang":"ja"},{"created_at":"Thu Jul 13 11:00:05 +0000 2017","id":885453776450068500,"id_str":"885453776450068480","text":"このみさんを子供だと思い込んでる歌織さんと\n助けを求めるこのみさん\n#かおこの\n#ミリシタ https://t.co/hFSNflYGjD","truncated":false,"entities":{"hashtags":[{"text":"かおこの","indices":[34,39]},{"text":"ミリシタ","indices":[40,45]}],"symbols":[],"user_mentions":[],"urls":[],"media":[{"id":885453099485155300,"id_str":"885453099485155328","indices":[46,69],"media_url":"http://pbs.twimg.com/media/DEnC5xQU0AAuFC-.jpg","media_url_https":"https://pbs.twimg.com/media/DEnC5xQU0AAuFC-.jpg","url":"https://t.co/hFSNflYGjD","display_url":"pic.twitter.com/hFSNflYGjD","expanded_url":"https://twitter.com/joey_koguma/status/885453776450068480/photo/1","type":"photo","sizes":{"medium":{"w":912,"h":1200,"resize":"fit"},"small":{"w":517,"h":680,"resize":"fit"},"thumb":{"w":150,"h":150,"resize":"crop"},"large":{"w":912,"h":1200,"resize":"fit"}}}]},"extended_entities":{"media":[{"id":885453099485155300,"id_str":"885453099485155328","indices":[46,69],"media_url":"http://pbs.twimg.com/media/DEnC5xQU0AAuFC-.jpg","media_url_https":"https://pbs.twimg.com/media/DEnC5xQU0AAuFC-.jpg","url":"https://t.co/hFSNflYGjD","display_url":"pic.twitter.com/hFSNflYGjD","expanded_url":"https://twitter.com/joey_koguma/status/885453776450068480/photo/1","type":"photo","sizes":{"medium":{"w":912,"h":1200,"resize":"fit"},"small":{"w":517,"h":680,"resize":"fit"},"thumb":{"w":150,"h":150,"resize":"crop"},"large":{"w":912,"h":1200,"resize":"fit"}}}]},"metadata":{"iso_language_code":"ja","result_type":"recent"},"source":"<a href=\"http://twitter.com\" rel=\"nofollow\">Twitter Web Client</a>","in_reply_to_status_id":null,"in_reply_to_status_id_str":null,"in_reply_to_user_id":null,"in_reply_to_user_id_str":null,"in_reply_to_screen_name":null,"user":{"id":3181811792,"id_str":"3181811792","name":"こぐまのジョーイ","screen_name":"joey_koguma","location":"","description":"お絵描きしてます🌞気軽に絡んでください🌞\n【リクエストBOX】https://t.co/n74aHfXl1k\nお仕事のご連絡はjoey.koguma@gmail.com\nまでお願い致します。","url":"https://t.co/S9DMSnSFy0","entities":{"url":{"urls":[{"url":"https://t.co/S9DMSnSFy0","expanded_url":"http://www.pixiv.net/member.php?id=376948","display_url":"pixiv.net/member.php?id=…","indices":[0,23]}]},"description":{"urls":[{"url":"https://t.co/n74aHfXl1k","expanded_url":"http://clap.webclap.com/clap.php?id=joey_kogumaLud","display_url":"clap.webclap.com/clap.php?id=jo…","indices":[31,54]}]}},"protected":false,"followers_count":3318,"friends_count":499,"listed_count":121,"created_at":"Fri May 01 14:20:00 +0000 2015","favourites_count":2848,"utc_offset":null,"time_zone":null,"geo_enabled":false,"verified":false,"statuses_count":2696,"lang":"ja","contributors_enabled":false,"is_translator":false,"is_translation_enabled":false,"profile_background_color":"C0DEED","profile_background_image_url":"http://abs.twimg.com/images/themes/theme1/bg.png","profile_background_image_url_https":"https://abs.twimg.com/images/themes/theme1/bg.png","profile_background_tile":false,"profile_image_url":"http://pbs.twimg.com/profile_images/781125912066560001/fb60vn7V_normal.jpg","profile_image_url_https":"https://pbs.twimg.com/profile_images/781125912066560001/fb60vn7V_normal.jpg","profile_banner_url":"https://pbs.twimg.com/profile_banners/3181811792/1488983134","profile_link_color":"1DA1F2","profile_sidebar_border_color":"C0DEED","profile_sidebar_fill_color":"DDEEF6","profile_text_color":"333333","profile_use_background_image":true,"has_extended_profile":true,"default_profile":true,"default_profile_image":false,"following":false,"follow_request_sent":false,"notifications":false,"translator_type":"none"},"geo":null,"coordinates":null,"place":null,"contributors":null,"is_quote_status":false,"retweet_count":710,"favorite_count":1079,"favorited":false,"retweeted":false,"possibly_sensitive":false,"lang":"ja"},{"created_at":"Thu Jul 13 11:00:05 +0000 2017","id":885453776026443800,"id_str":"885453776026443776","text":"【動画】SILVANA ❡ レディーレ ❡ 歌ってみた https://t.co/NgL4igfXuN を投稿しました。 #sm31559975","truncated":false,"entities":{"hashtags":[{"text":"sm31559975","indices":[61,72]}],"symbols":[],"user_mentions":[],"urls":[{"url":"https://t.co/NgL4igfXuN","expanded_url":"http://nico.ms/sm31559975?nicorepotwitter_upload_video","display_url":"nico.ms/sm31559975?nic…","indices":[28,51]}]},"metadata":{"iso_language_code":"ja","result_type":"recent"},"source":"<a href=\"http://www.nicovideo.jp/\" rel=\"nofollow\">niconico ニコレポ連携</a>","in_reply_to_status_id":null,"in_reply_to_status_id_str":null,"in_reply_to_user_id":null,"in_reply_to_user_id_str":null,"in_reply_to_screen_name":null,"user":{"id":1672814137,"id_str":"1672814137","name":"しるばーな@れでぃーれ","screen_name":"silvana4687","location":"","description":"しるばーなと申します。好きなピザは食べ物です。 youtube【https://t.co/VWUM4EAgpo】 ニコニコ【https://t.co/iMpnltMcpg】 ご連絡【silvana4687@yahoo.co.jp】","url":null,"entities":{"description":{"urls":[{"url":"https://t.co/VWUM4EAgpo","expanded_url":"https://goo.gl/U7bFFP","display_url":"goo.gl/U7bFFP","indices":[32,55]},{"url":"https://t.co/iMpnltMcpg","expanded_url":"https://goo.gl/neunjm","display_url":"goo.gl/neunjm","indices":[62,85]}]}},"protected":false,"followers_count":36457,"friends_count":359,"listed_count":663,"created_at":"Thu Aug 15 09:56:24 +0000 2013","favourites_count":8192,"utc_offset":32400,"time_zone":"Tokyo","geo_enabled":false,"verified":false,"statuses_count":22942,"lang":"ja","contributors_enabled":false,"is_translator":false,"is_translation_enabled":false,"profile_background_color":"0099B9","profile_background_image_url":"http://abs.twimg.com/images/themes/theme4/bg.gif","profile_background_image_url_https":"https://abs.twimg.com/images/themes/theme4/bg.gif","profile_background_tile":false,"profile_image_url":"http://pbs.twimg.com/profile_images/806822651914113024/vbKbqNI0_normal.jpg","profile_image_url_https":"https://pbs.twimg.com/profile_images/806822651914113024/vbKbqNI0_normal.jpg","profile_banner_url":"https://pbs.twimg.com/profile_banners/1672814137/1469828552","profile_link_color":"0099B9","profile_sidebar_border_color":"5ED4DC","profile_sidebar_fill_color":"95E8EC","profile_text_color":"3C3940","profile_use_background_image":true,"has_extended_profile":true,"default_profile":false,"default_profile_image":false,"following":false,"follow_request_sent":false,"notifications":false,"translator_type":"none"},"geo":null,"coordinates":null,"place":null,"contributors":null,"is_quote_status":false,"retweet_count":576,"favorite_count":1009,"favorited":false,"retweeted":false,"possibly_sensitive":false,"lang":"ja"},{"created_at":"Thu Jul 13 11:00:04 +0000 2017","id":885453770573791200,"id_str":"885453770573791232","text":"るんるる〜ん♪　明日から〜バカンス〜♪ https://t.co/9I9Uk1SgBy","truncated":false,"entities":{"hashtags":[],"symbols":[],"user_mentions":[],"urls":[],"media":[{"id":885453767725899800,"id_str":"885453767725899776","indices":[20,43],"media_url":"http://pbs.twimg.com/media/DEnDgqpVYAA_uT3.jpg","media_url_https":"https://pbs.twimg.com/media/DEnDgqpVYAA_uT3.jpg","url":"https://t.co/9I9Uk1SgBy","display_url":"pic.twitter.com/9I9Uk1SgBy","expanded_url":"https://twitter.com/purin_sanrio/status/885453770573791232/photo/1","type":"photo","sizes":{"medium":{"w":913,"h":456,"resize":"fit"},"thumb":{"w":150,"h":150,"resize":"crop"},"small":{"w":680,"h":340,"resize":"fit"},"large":{"w":913,"h":456,"resize":"fit"}}}]},"extended_entities":{"media":[{"id":885453767725899800,"id_str":"885453767725899776","indices":[20,43],"media_url":"http://pbs.twimg.com/media/DEnDgqpVYAA_uT3.jpg","media_url_https":"https://pbs.twimg.com/media/DEnDgqpVYAA_uT3.jpg","url":"https://t.co/9I9Uk1SgBy","display_url":"pic.twitter.com/9I9Uk1SgBy","expanded_url":"https://twitter.com/purin_sanrio/status/885453770573791232/photo/1","type":"photo","sizes":{"medium":{"w":913,"h":456,"resize":"fit"},"thumb":{"w":150,"h":150,"resize":"crop"},"small":{"w":680,"h":340,"resize":"fit"},"large":{"w":913,"h":456,"resize":"fit"}}}]},"metadata":{"iso_language_code":"ja","result_type":"recent"},"source":"<a href=\"http://engagemanager.tribalmedia.co.jp/\" rel=\"nofollow\">EngageManager</a>","in_reply_to_status_id":null,"in_reply_to_status_id_str":null,"in_reply_to_user_id":null,"in_reply_to_user_id_str":null,"in_reply_to_screen_name":null,"user":{"id":2874466880,"id_str":"2874466880","name":"ポムポムプリン【公式】","screen_name":"purin_sanrio","location":"飼い主のお姉さんの家の玄関にあるプリン用バスケットがお家。","description":"ぼくプリンだよ♪　ゴールデンレトリバーの男のコなんだ。のんびり屋さんだから、つぶやきたい時にのんびりつぶやくね♪　誕生日：4月16日のお天気いい日　サンリオのソーシャルメディアポリシー→http://t.co/WcGHmxTNIx","url":"http://t.co/2ZxPqC3zxI","entities":{"url":{"urls":[{"url":"http://t.co/2ZxPqC3zxI","expanded_url":"http://www.sanrio.co.jp/character/pompompurin/","display_url":"sanrio.co.jp/character/pomp…","indices":[0,22]}]},"description":{"urls":[{"url":"http://t.co/WcGHmxTNIx","expanded_url":"http://www.sanrio.co.jp/social/policy/","display_url":"sanrio.co.jp/social/policy/","indices":[93,115]}]}},"protected":false,"followers_count":337483,"friends_count":1770,"listed_count":2684,"created_at":"Fri Oct 24 03:04:37 +0000 2014","favourites_count":1,"utc_offset":32400,"time_zone":"Tokyo","geo_enabled":false,"verified":true,"statuses_count":1073,"lang":"ja","contributors_enabled":false,"is_translator":false,"is_translation_enabled":false,"profile_background_color":"FFCC4D","profile_background_image_url":"http://pbs.twimg.com/profile_background_images/528018863976222720/YEiqipUs.png","profile_background_image_url_https":"https://pbs.twimg.com/profile_background_images/528018863976222720/YEiqipUs.png","profile_background_tile":true,"profile_image_url":"http://pbs.twimg.com/profile_images/867904111240458240/uYyrdT8v_normal.jpg","profile_image_url_https":"https://pbs.twimg.com/profile_images/867904111240458240/uYyrdT8v_normal.jpg","profile_banner_url":"https://pbs.twimg.com/profile_banners/2874466880/1498978806","profile_link_color":"FFCC4D","profile_sidebar_border_color":"FFFFFF","profile_sidebar_fill_color":"DDEEF6","profile_text_color":"333333","profile_use_background_image":true,"has_extended_profile":false,"default_profile":false,"default_profile_image":false,"following":false,"follow_request_sent":false,"notifications":false,"translator_type":"none"},"geo":null,"coordinates":null,"place":null,"contributors":null,"is_quote_status":false,"retweet_count":623,"favorite_count":2011,"favorited":false,"retweeted":false,"possibly_sensitive":false,"lang":"ja"},{"created_at":"Thu Jul 13 10:57:01 +0000 2017","id":885453002277961700,"id_str":"885453002277961728","text":"【生放送中】\n「戦姫絶唱シンフォギアXD UNLIMITED」リリース記念生特番放送中ですッ！超豪華声優陣と共にアプリに関する様々な情報をお届けしますッ！！\nhttps://t.co/wmI1VN5WJY  #symphogearxd","truncated":false,"entities":{"hashtags":[{"text":"symphogearxd","indices":[104,117]}],"symbols":[],"user_mentions":[],"urls":[{"url":"https://t.co/wmI1VN5WJY","expanded_url":"https://www.periscope.tv/w/1BdGYWjzERBxX","display_url":"periscope.tv/w/1BdGYWjzERBxX","indices":[79,102]}]},"metadata":{"iso_language_code":"ja","result_type":"recent"},"source":"<a href=\"http://twitter.com\" rel=\"nofollow\">Twitter Web Client</a>","in_reply_to_status_id":null,"in_reply_to_status_id_str":null,"in_reply_to_user_id":null,"in_reply_to_user_id_str":null,"in_reply_to_screen_name":null,"user":{"id":770925552811126800,"id_str":"770925552811126786","name":"戦姫絶唱シンフォギアXD","screen_name":"symphogear_XD","location":"","description":"好評配信中ッ！ブシロードとポケラボが贈る新作スマートフォンゲーム「戦姫絶唱シンフォギアXD UNLIMITED」の公式アカウントです。最新情報は随時こちらでお知らせしていきます。 推薦ハッシュタグは #symphogearxd #シンフォギアxd","url":"https://t.co/natNZIj7uz","entities":{"url":{"urls":[{"url":"https://t.co/natNZIj7uz","expanded_url":"http://symphogear.bushimo.jp/","display_url":"symphogear.bushimo.jp","indices":[0,23]}]},"description":{"urls":[]}},"protected":false,"followers_count":73887,"friends_count":22,"listed_count":535,"created_at":"Wed Aug 31 10:05:49 +0000 2016","favourites_count":12,"utc_offset":-25200,"time_zone":"Pacific Time (US & Canada)","geo_enabled":false,"verified":false,"statuses_count":376,"lang":"ja","contributors_enabled":false,"is_translator":false,"is_translation_enabled":false,"profile_background_color":"000000","profile_background_image_url":"http://abs.twimg.com/images/themes/theme1/bg.png","profile_background_image_url_https":"https://abs.twimg.com/images/themes/theme1/bg.png","profile_background_tile":false,"profile_image_url":"http://pbs.twimg.com/profile_images/878193668288462848/wurFEHPq_normal.jpg","profile_image_url_https":"https://pbs.twimg.com/profile_images/878193668288462848/wurFEHPq_normal.jpg","profile_banner_url":"https://pbs.twimg.com/profile_banners/770925552811126786/1480645824","profile_link_color":"FAB81E","profile_sidebar_border_color":"000000","profile_sidebar_fill_color":"000000","profile_text_color":"000000","profile_use_background_image":false,"has_extended_profile":false,"default_profile":false,"default_profile_image":false,"following":false,"follow_request_sent":false,"notifications":false,"translator_type":"none"},"geo":null,"coordinates":null,"place":null,"contributors":null,"is_quote_status":false,"retweet_count":680,"favorite_count":340,"favorited":false,"retweeted":false,"possibly_sensitive":false,"lang":"ja"},{"created_at":"Thu Jul 13 10:53:37 +0000 2017","id":885452147017400300,"id_str":"885452147017400320","text":"ヘデデとなぜか成田投手のインタビューが終わるまで見つめ続けていたつば九郎。「すごい視線を感じました！」と成田投手。(広報) #chibalotte https://t.co/6i4vIRoY9q","truncated":false,"entities":{"hashtags":[{"text":"chibalotte","indices":[62,73]}],"symbols":[],"user_mentions":[],"urls":[],"media":[{"id":885452139161501700,"id_str":"885452139161501697","indices":[74,97],"media_url":"http://pbs.twimg.com/media/DEnCB3xUwAET3Yd.jpg","media_url_https":"https://pbs.twimg.com/media/DEnCB3xUwAET3Yd.jpg","url":"https://t.co/6i4vIRoY9q","display_url":"pic.twitter.com/6i4vIRoY9q","expanded_url":"https://twitter.com/Chiba_Lotte/status/885452147017400320/photo/1","type":"photo","sizes":{"medium":{"w":640,"h":526,"resize":"fit"},"small":{"w":640,"h":526,"resize":"fit"},"thumb":{"w":150,"h":150,"resize":"crop"},"large":{"w":640,"h":526,"resize":"fit"}}}]},"extended_entities":{"media":[{"id":885452139161501700,"id_str":"885452139161501697","indices":[74,97],"media_url":"http://pbs.twimg.com/media/DEnCB3xUwAET3Yd.jpg","media_url_https":"https://pbs.twimg.com/media/DEnCB3xUwAET3Yd.jpg","url":"https://t.co/6i4vIRoY9q","display_url":"pic.twitter.com/6i4vIRoY9q","expanded_url":"https://twitter.com/Chiba_Lotte/status/885452147017400320/photo/1","type":"photo","sizes":{"medium":{"w":640,"h":526,"resize":"fit"},"small":{"w":640,"h":526,"resize":"fit"},"thumb":{"w":150,"h":150,"resize":"crop"},"large":{"w":640,"h":526,"resize":"fit"}}}]},"metadata":{"iso_language_code":"ja","result_type":"recent"},"source":"<a href=\"http://twitter.com/download/iphone\" rel=\"nofollow\">Twitter for iPhone</a>","in_reply_to_status_id":null,"in_reply_to_status_id_str":null,"in_reply_to_user_id":null,"in_reply_to_user_id_str":null,"in_reply_to_screen_name":null,"user":{"id":124313306,"id_str":"124313306","name":"千葉ロッテマリーンズ公式アカウント","screen_name":"Chiba_Lotte","location":"ZOZOマリンスタジアム","description":"マリーンズ公式twitterです。イベントスタッフ、球団職員がつぶやきます。\r\n\r\n公式facebookページはこちら\r\nhttp://t.co/nHdY2fQzgI","url":"http://t.co/ceMNmNz00Q","entities":{"url":{"urls":[{"url":"http://t.co/ceMNmNz00Q","expanded_url":"http://www.marines.co.jp/","display_url":"marines.co.jp","indices":[0,22]}]},"description":{"urls":[{"url":"http://t.co/nHdY2fQzgI","expanded_url":"http://www.facebook.com/chibalotte","display_url":"facebook.com/chibalotte","indices":[61,83]}]}},"protected":false,"followers_count":560301,"friends_count":57,"listed_count":3852,"created_at":"Fri Mar 19 00:28:19 +0000 2010","favourites_count":0,"utc_offset":32400,"time_zone":"Tokyo","geo_enabled":true,"verified":true,"statuses_count":16594,"lang":"ja","contributors_enabled":false,"is_translator":false,"is_translation_enabled":false,"profile_background_color":"C0DEED","profile_background_image_url":"http://pbs.twimg.com/profile_background_images/378800000067870471/90d110f1550b579b4c6f49e8e2c1a824.jpeg","profile_background_image_url_https":"https://pbs.twimg.com/profile_background_images/378800000067870471/90d110f1550b579b4c6f49e8e2c1a824.jpeg","profile_background_tile":true,"profile_image_url":"http://pbs.twimg.com/profile_images/875603832381648897/_oqmG5ih_normal.jpg","profile_image_url_https":"https://pbs.twimg.com/profile_images/875603832381648897/_oqmG5ih_normal.jpg","profile_banner_url":"https://pbs.twimg.com/profile_banners/124313306/1480647218","profile_link_color":"0084B4","profile_sidebar_border_color":"FFFFFF","profile_sidebar_fill_color":"DDEEF6","profile_text_color":"333333","profile_use_background_image":true,"has_extended_profile":false,"default_profile":false,"default_profile_image":false,"following":false,"follow_request_sent":false,"notifications":false,"translator_type":"none"},"geo":null,"coordinates":null,"place":null,"contributors":null,"is_quote_status":false,"retweet_count":633,"favorite_count":958,"favorited":false,"retweeted":false,"possibly_sensitive":false,"lang":"ja"},{"created_at":"Thu Jul 13 10:51:35 +0000 2017","id":885451636067323900,"id_str":"885451636067323904","text":"なんでだぶってるんだw","truncated":false,"entities":{"hashtags":[],"symbols":[],"user_mentions":[],"urls":[]},"metadata":{"iso_language_code":"ja","result_type":"recent"},"source":"<a href=\"http://twitter.com/#!/download/ipad\" rel=\"nofollow\">Twitter for iPad</a>","in_reply_to_status_id":null,"in_reply_to_status_id_str":null,"in_reply_to_user_id":null,"in_reply_to_user_id_str":null,"in_reply_to_screen_name":null,"user":{"id":167733138,"id_str":"167733138","name":"蒼井翔太","screen_name":"shouta0811aoi","location":"","description":"1月25日Newシングル『flower』発売！ 株式会社S所属の声優、歌手として頑張っています！ 公式HP→https://t.co/F3uqQKntXe","url":null,"entities":{"description":{"urls":[{"url":"https://t.co/F3uqQKntXe","expanded_url":"http://www.shouta-aoi.jp/","display_url":"shouta-aoi.jp","indices":[54,77]}]}},"protected":false,"followers_count":668469,"friends_count":388,"listed_count":8468,"created_at":"Sat Jul 17 10:28:19 +0000 2010","favourites_count":23,"utc_offset":32400,"time_zone":"Tokyo","geo_enabled":false,"verified":false,"statuses_count":10834,"lang":"ja","contributors_enabled":false,"is_translator":false,"is_translation_enabled":false,"profile_background_color":"131516","profile_background_image_url":"http://abs.twimg.com/images/themes/theme14/bg.gif","profile_background_image_url_https":"https://abs.twimg.com/images/themes/theme14/bg.gif","profile_background_tile":true,"profile_image_url":"http://pbs.twimg.com/profile_images/856699948921790464/K10TJf15_normal.jpg","profile_image_url_https":"https://pbs.twimg.com/profile_images/856699948921790464/K10TJf15_normal.jpg","profile_banner_url":"https://pbs.twimg.com/profile_banners/167733138/1463447928","profile_link_color":"009999","profile_sidebar_border_color":"EEEEEE","profile_sidebar_fill_color":"EFEFEF","profile_text_color":"333333","profile_use_background_image":true,"has_extended_profile":false,"default_profile":false,"default_profile_image":false,"following":false,"follow_request_sent":false,"notifications":false,"translator_type":"none"},"geo":null,"coordinates":null,"place":null,"contributors":null,"is_quote_status":false,"retweet_count":534,"favorite_count":2680,"favorited":false,"retweeted":false,"lang":"ja"},{"created_at":"Thu Jul 13 10:51:07 +0000 2017","id":885451518513602600,"id_str":"885451518513602561","text":"あーーーーーーーーーー\n\nかわいいorz https://t.co/ViZM1iUuov","truncated":false,"entities":{"hashtags":[],"symbols":[],"user_mentions":[],"urls":[{"url":"https://t.co/ViZM1iUuov","expanded_url":"https://twitter.com/banyaro_net/status/885409315426717700","display_url":"twitter.com/banyaro_net/st…","indices":[21,44]}]},"metadata":{"iso_language_code":"ja","result_type":"recent"},"source":"<a href=\"http://twitter.com/#!/download/ipad\" rel=\"nofollow\">Twitter for iPad</a>","in_reply_to_status_id":null,"in_reply_to_status_id_str":null,"in_reply_to_user_id":null,"in_reply_to_user_id_str":null,"in_reply_to_screen_name":null,"user":{"id":167733138,"id_str":"167733138","name":"蒼井翔太","screen_name":"shouta0811aoi","location":"","description":"1月25日Newシングル『flower』発売！ 株式会社S所属の声優、歌手として頑張っています！ 公式HP→https://t.co/F3uqQKntXe","url":null,"entities":{"description":{"urls":[{"url":"https://t.co/F3uqQKntXe","expanded_url":"http://www.shouta-aoi.jp/","display_url":"shouta-aoi.jp","indices":[54,77]}]}},"protected":false,"followers_count":668469,"friends_count":388,"listed_count":8468,"created_at":"Sat Jul 17 10:28:19 +0000 2010","favourites_count":23,"utc_offset":32400,"time_zone":"Tokyo","geo_enabled":false,"verified":false,"statuses_count":10834,"lang":"ja","contributors_enabled":false,"is_translator":false,"is_translation_enabled":false,"profile_background_color":"131516","profile_background_image_url":"http://abs.twimg.com/images/themes/theme14/bg.gif","profile_background_image_url_https":"https://abs.twimg.com/images/themes/theme14/bg.gif","profile_background_tile":true,"profile_image_url":"http://pbs.twimg.com/profile_images/856699948921790464/K10TJf15_normal.jpg","profile_image_url_https":"https://pbs.twimg.com/profile_images/856699948921790464/K10TJf15_normal.jpg","profile_banner_url":"https://pbs.twimg.com/profile_banners/167733138/1463447928","profile_link_color":"009999","profile_sidebar_border_color":"EEEEEE","profile_sidebar_fill_color":"EFEFEF","profile_text_color":"333333","profile_use_background_image":true,"has_extended_profile":false,"default_profile":false,"default_profile_image":false,"following":false,"follow_request_sent":false,"notifications":false,"translator_type":"none"},"geo":null,"coordinates":null,"place":null,"contributors":null,"is_quote_status":true,"quoted_status_id":885409315426717700,"quoted_status_id_str":"885409315426717700","quoted_status":{"created_at":"Thu Jul 13 08:03:25 +0000 2017","id":885409315426717700,"id_str":"885409315426717700","text":"【バンやろ運営チームより】\n【予告】7月14日(金) 17:00より、Fairy Aprilメインイベントを開催！\nFairy Aprilメンバーと絆を深め、豪華報酬をGETしましょう！→… https://t.co/s35bFU7YGf","truncated":true,"entities":{"hashtags":[],"symbols":[],"user_mentions":[],"urls":[{"url":"https://t.co/s35bFU7YGf","expanded_url":"https://twitter.com/i/web/status/885409315426717700","display_url":"twitter.com/i/web/status/8…","indices":[96,119]}]},"metadata":{"iso_language_code":"ja","result_type":"recent"},"source":"<a href=\"http://twitter.com\" rel=\"nofollow\">Twitter Web Client</a>","in_reply_to_status_id":null,"in_reply_to_status_id_str":null,"in_reply_to_user_id":null,"in_reply_to_user_id_str":null,"in_reply_to_screen_name":null,"user":{"id":3282039870,"id_str":"3282039870","name":"【公式】バンドやろうぜ！","screen_name":"banyaro_net","location":"","description":"「バンドやろうぜ！」公式アカウント。 Aniplex×Sony Musicが贈る「青春」×「バンド」リズムゲーム！ iOS版&Android版、好評配信中！キャラクター原案：曽我部修司/さらちよみ/いとうのいぢ/ゆーげん ※個別返信は行っておりませんご了承下さい。 公式ハッシュタグ #banyaro #バンやろ","url":"https://t.co/hBkzj3MDkn","entities":{"url":{"urls":[{"url":"https://t.co/hBkzj3MDkn","expanded_url":"http://www.banyaro.net/","display_url":"banyaro.net","indices":[0,23]}]},"description":{"urls":[]}},"protected":false,"followers_count":79177,"friends_count":34,"listed_count":1296,"created_at":"Fri Jul 17 05:05:27 +0000 2015","favourites_count":756,"utc_offset":null,"time_zone":null,"geo_enabled":false,"verified":true,"statuses_count":2132,"lang":"ja","contributors_enabled":false,"is_translator":false,"is_translation_enabled":false,"profile_background_color":"000000","profile_background_image_url":"http://pbs.twimg.com/profile_background_images/630385687867424768/txIN3g6P.jpg","profile_background_image_url_https":"https://pbs.twimg.com/profile_background_images/630385687867424768/txIN3g6P.jpg","profile_background_tile":true,"profile_image_url":"http://pbs.twimg.com/profile_images/849286630829572096/3HxawV96_normal.jpg","profile_image_url_https":"https://pbs.twimg.com/profile_images/849286630829572096/3HxawV96_normal.jpg","profile_banner_url":"https://pbs.twimg.com/profile_banners/3282039870/1491321028","profile_link_color":"ABB8C2","profile_sidebar_border_color":"000000","profile_sidebar_fill_color":"000000","profile_text_color":"000000","profile_use_background_image":true,"has_extended_profile":false,"default_profile":false,"default_profile_image":false,"following":false,"follow_request_sent":false,"notifications":false,"translator_type":"none"},"geo":null,"coordinates":null,"place":null,"contributors":null,"is_quote_status":false,"retweet_count":5404,"favorite_count":3964,"favorited":false,"retweeted":false,"possibly_sensitive":false,"lang":"ja"},"retweet_count":570,"favorite_count":2100,"favorited":false,"retweeted":false,"possibly_sensitive":false,"lang":"ja"},{"created_at":"Thu Jul 13 10:50:13 +0000 2017","id":885451291639427100,"id_str":"885451291639427072","text":"～戦姫絶笑シンフォギアRadio出張版〜 アプリ「戦姫絶唱シンフォギアXD UNLIMITED」 リリース記念生特番 https://t.co/Y4W9wKzBy6","truncated":false,"entities":{"hashtags":[],"symbols":[],"user_mentions":[],"urls":[{"url":"https://t.co/Y4W9wKzBy6","expanded_url":"https://www.pscp.tv/w/bDX2ZTFvTlFsRGFYWXliUXd8MUJkR1lXanpFUkJ4WFzSIJpCOlDBOvuu6u6DRNfDT_sTII_dBGXGYQa-lV08","display_url":"pscp.tv/w/bDX2ZTFvTlFs…","indices":[59,82]}]},"metadata":{"iso_language_code":"ja","result_type":"recent"},"source":"<a href=\"https://periscope.tv\" rel=\"nofollow\">Periscope</a>","in_reply_to_status_id":null,"in_reply_to_status_id_str":null,"in_reply_to_user_id":null,"in_reply_to_user_id_str":null,"in_reply_to_screen_name":null,"user":{"id":770925552811126800,"id_str":"770925552811126786","name":"戦姫絶唱シンフォギアXD","screen_name":"symphogear_XD","location":"","description":"好評配信中ッ！ブシロードとポケラボが贈る新作スマートフォンゲーム「戦姫絶唱シンフォギアXD UNLIMITED」の公式アカウントです。最新情報は随時こちらでお知らせしていきます。 推薦ハッシュタグは #symphogearxd #シンフォギアxd","url":"https://t.co/natNZIj7uz","entities":{"url":{"urls":[{"url":"https://t.co/natNZIj7uz","expanded_url":"http://symphogear.bushimo.jp/","display_url":"symphogear.bushimo.jp","indices":[0,23]}]},"description":{"urls":[]}},"protected":false,"followers_count":73887,"friends_count":22,"listed_count":535,"created_at":"Wed Aug 31 10:05:49 +0000 2016","favourites_count":12,"utc_offset":-25200,"time_zone":"Pacific Time (US & Canada)","geo_enabled":false,"verified":false,"statuses_count":376,"lang":"ja","contributors_enabled":false,"is_translator":false,"is_translation_enabled":false,"profile_background_color":"000000","profile_background_image_url":"http://abs.twimg.com/images/themes/theme1/bg.png","profile_background_image_url_https":"https://abs.twimg.com/images/themes/theme1/bg.png","profile_background_tile":false,"profile_image_url":"http://pbs.twimg.com/profile_images/878193668288462848/wurFEHPq_normal.jpg","profile_image_url_https":"https://pbs.twimg.com/profile_images/878193668288462848/wurFEHPq_normal.jpg","profile_banner_url":"https://pbs.twimg.com/profile_banners/770925552811126786/1480645824","profile_link_color":"FAB81E","profile_sidebar_border_color":"000000","profile_sidebar_fill_color":"000000","profile_text_color":"000000","profile_use_background_image":false,"has_extended_profile":false,"default_profile":false,"default_profile_image":false,"following":false,"follow_request_sent":false,"notifications":false,"translator_type":"none"},"geo":null,"coordinates":null,"place":null,"contributors":null,"is_quote_status":false,"retweet_count":581,"favorite_count":348,"favorited":false,"retweeted":false,"possibly_sensitive":false,"lang":"ja"},{"created_at":"Thu Jul 13 10:48:09 +0000 2017","id":885450770090344400,"id_str":"885450770090344449","text":"見て見てー！\n先日のバースデーライブの映像です！\n新曲の「マリオネットラヴァーズ」もチラッと聞けます( ᵕᴗᵕ )*･☪︎·̩͙\n\n改めて幸せ空間でしたーー！！大感謝です！\n楽しかったー！夏も張り切って歌うぞー！！ https://t.co/WMc297GctK","truncated":false,"entities":{"hashtags":[],"symbols":[],"user_mentions":[],"urls":[],"media":[{"id":885450046681919500,"id_str":"885450046681919488","indices":[108,131],"media_url":"http://pbs.twimg.com/ext_tw_video_thumb/885450046681919488/pu/img/xYNOfP4busdRsZ7g.jpg","media_url_https":"https://pbs.twimg.com/ext_tw_video_thumb/885450046681919488/pu/img/xYNOfP4busdRsZ7g.jpg","url":"https://t.co/WMc297GctK","display_url":"pic.twitter.com/WMc297GctK","expanded_url":"https://twitter.com/_amatsuki_/status/885450770090344449/video/1","type":"photo","sizes":{"small":{"w":340,"h":191,"resize":"fit"},"thumb":{"w":150,"h":150,"resize":"crop"},"medium":{"w":600,"h":338,"resize":"fit"},"large":{"w":1024,"h":576,"resize":"fit"}}}]},"extended_entities":{"media":[{"id":885450046681919500,"id_str":"885450046681919488","indices":[108,131],"media_url":"http://pbs.twimg.com/ext_tw_video_thumb/885450046681919488/pu/img/xYNOfP4busdRsZ7g.jpg","media_url_https":"https://pbs.twimg.com/ext_tw_video_thumb/885450046681919488/pu/img/xYNOfP4busdRsZ7g.jpg","url":"https://t.co/WMc297GctK","display_url":"pic.twitter.com/WMc297GctK","expanded_url":"https://twitter.com/_amatsuki_/status/885450770090344449/video/1","type":"video","sizes":{"small":{"w":340,"h":191,"resize":"fit"},"thumb":{"w":150,"h":150,"resize":"crop"},"medium":{"w":600,"h":338,"resize":"fit"},"large":{"w":1024,"h":576,"resize":"fit"}},"video_info":{"aspect_ratio":[16,9],"duration_millis":105567,"variants":[{"content_type":"application/x-mpegURL","url":"https://video.twimg.com/ext_tw_video/885450046681919488/pu/pl/tCsB8H6RnelD6T0Q.m3u8"},{"bitrate":2176000,"content_type":"video/mp4","url":"https://video.twimg.com/ext_tw_video/885450046681919488/pu/vid/1280x720/1mNJEQmq5RYqjRaa.mp4"},{"bitrate":320000,"content_type":"video/mp4","url":"https://video.twimg.com/ext_tw_video/885450046681919488/pu/vid/320x180/SgQq2IAZIC2W9QKt.mp4"},{"bitrate":832000,"content_type":"video/mp4","url":"https://video.twimg.com/ext_tw_video/885450046681919488/pu/vid/640x360/6Se_UMCdmmdUJgUM.mp4"}]},"additional_media_info":{"monetizable":false}}]},"metadata":{"iso_language_code":"ja","result_type":"recent"},"source":"<a href=\"http://twitter.com/download/iphone\" rel=\"nofollow\">Twitter for iPhone</a>","in_reply_to_status_id":null,"in_reply_to_status_id_str":null,"in_reply_to_user_id":null,"in_reply_to_user_id_str":null,"in_reply_to_screen_name":null,"user":{"id":94322333,"id_str":"94322333","name":"天月 7/19 3rdシングル発売！","screen_name":"_amatsuki_","location":"依頼など【amatsuki2525@yahoo.co.jp】","description":"どこまでも届くように歌います。 7/19 3rdシングル『Mr.fake / ツナゲル』リリースします！ 「トモダチゲーム」主題歌、声優担当 niconico☞https://t.co/S4lxjOmZbL Youtube ☞ https://t.co/6tJz6H1C2X","url":"https://t.co/NKrARBl0oR","entities":{"url":{"urls":[{"url":"https://t.co/NKrARBl0oR","expanded_url":"http://amatsuki.jp/","display_url":"amatsuki.jp","indices":[0,23]}]},"description":{"urls":[{"url":"https://t.co/S4lxjOmZbL","expanded_url":"http://goo.gl/zAlcRg","display_url":"goo.gl/zAlcRg","indices":[80,103]},{"url":"https://t.co/6tJz6H1C2X","expanded_url":"http://bit.ly/1FLfr2s","display_url":"bit.ly/1FLfr2s","indices":[114,137]}]}},"protected":false,"followers_count":711938,"friends_count":658,"listed_count":8794,"created_at":"Thu Dec 03 12:50:34 +0000 2009","favourites_count":17749,"utc_offset":32400,"time_zone":"Tokyo","geo_enabled":true,"verified":false,"statuses_count":71581,"lang":"ja","contributors_enabled":false,"is_translator":false,"is_translation_enabled":false,"profile_background_color":"0099B9","profile_background_image_url":"http://pbs.twimg.com/profile_background_images/571927444/gghle38lydw51pogjv0d.jpeg","profile_background_image_url_https":"https://pbs.twimg.com/profile_background_images/571927444/gghle38lydw51pogjv0d.jpeg","profile_background_tile":false,"profile_image_url":"http://pbs.twimg.com/profile_images/813460090845949952/3OuQ2AvO_normal.jpg","profile_image_url_https":"https://pbs.twimg.com/profile_images/813460090845949952/3OuQ2AvO_normal.jpg","profile_banner_url":"https://pbs.twimg.com/profile_banners/94322333/1494926414","profile_link_color":"0099B9","profile_sidebar_border_color":"5ED4DC","profile_sidebar_fill_color":"95E8EC","profile_text_color":"3C3940","profile_use_background_image":true,"has_extended_profile":true,"default_profile":false,"default_profile_image":false,"following":false,"follow_request_sent":false,"notifications":false,"translator_type":"none"},"geo":null,"coordinates":null,"place":null,"contributors":null,"is_quote_status":false,"retweet_count":2320,"favorite_count":7115,"favorited":false,"retweeted":false,"possibly_sensitive":false,"lang":"ja"},{"created_at":"Thu Jul 13 10:48:00 +0000 2017","id":885450735499976700,"id_str":"885450735499976704","text":"火9 ドラマ 僕たちがやりました\n7月18日スタートです。\nぜひぜひぜひ！ https://t.co/bEJ2aEp0Bf","truncated":false,"entities":{"hashtags":[],"symbols":[],"user_mentions":[],"urls":[],"media":[{"id":885450726696042500,"id_str":"885450726696042498","indices":[38,61],"media_url":"http://pbs.twimg.com/media/DEnAvp7UQAIs5FT.jpg","media_url_https":"https://pbs.twimg.com/media/DEnAvp7UQAIs5FT.jpg","url":"https://t.co/bEJ2aEp0Bf","display_url":"pic.twitter.com/bEJ2aEp0Bf","expanded_url":"https://twitter.com/Mackenyu1116/status/885450735499976704/photo/1","type":"photo","sizes":{"small":{"w":680,"h":453,"resize":"fit"},"thumb":{"w":150,"h":150,"resize":"crop"},"medium":{"w":1200,"h":799,"resize":"fit"},"large":{"w":2048,"h":1364,"resize":"fit"}}}]},"extended_entities":{"media":[{"id":885450726696042500,"id_str":"885450726696042498","indices":[38,61],"media_url":"http://pbs.twimg.com/media/DEnAvp7UQAIs5FT.jpg","media_url_https":"https://pbs.twimg.com/media/DEnAvp7UQAIs5FT.jpg","url":"https://t.co/bEJ2aEp0Bf","display_url":"pic.twitter.com/bEJ2aEp0Bf","expanded_url":"https://twitter.com/Mackenyu1116/status/885450735499976704/photo/1","type":"photo","sizes":{"small":{"w":680,"h":453,"resize":"fit"},"thumb":{"w":150,"h":150,"resize":"crop"},"medium":{"w":1200,"h":799,"resize":"fit"},"large":{"w":2048,"h":1364,"resize":"fit"}}}]},"metadata":{"iso_language_code":"ja","result_type":"recent"},"source":"<a href=\"http://twitter.com/download/iphone\" rel=\"nofollow\">Twitter for iPhone</a>","in_reply_to_status_id":null,"in_reply_to_status_id_str":null,"in_reply_to_user_id":null,"in_reply_to_user_id_str":null,"in_reply_to_screen_name":null,"user":{"id":715924042532929500,"id_str":"715924042532929536","name":"Mackenyu 新田真剣佑","screen_name":"Mackenyu1116","location":"","description":"Instagram: https://t.co/AzxqjmGlWL IMDB: https://t.co/g3Ynpvbwef","url":"https://t.co/B7CVTPfavv","entities":{"url":{"urls":[{"url":"https://t.co/B7CVTPfavv","expanded_url":"http://www.topcoat.co.jp/artist/arata-mackenyu/","display_url":"topcoat.co.jp/artist/arata-m…","indices":[0,23]}]},"description":{"urls":[{"url":"https://t.co/AzxqjmGlWL","expanded_url":"https://www.instagram.com/mackenyu.1116/","display_url":"instagram.com/mackenyu.1116/","indices":[11,34]},{"url":"https://t.co/g3Ynpvbwef","expanded_url":"http://www.imdb.com/name/nm5018289/?ref_=fn_al_nm_1","display_url":"imdb.com/name/nm5018289…","indices":[41,64]}]}},"protected":false,"followers_count":282550,"friends_count":45,"listed_count":490,"created_at":"Fri Apr 01 15:29:27 +0000 2016","favourites_count":3177,"utc_offset":32400,"time_zone":"JST","geo_enabled":false,"verified":true,"statuses_count":107,"lang":"ja","contributors_enabled":false,"is_translator":false,"is_translation_enabled":false,"profile_background_color":"F5F8FA","profile_background_image_url":null,"profile_background_image_url_https":null,"profile_background_tile":false,"profile_image_url":"http://pbs.twimg.com/profile_images/864780944707682306/bakEFUfV_normal.jpg","profile_image_url_https":"https://pbs.twimg.com/profile_images/864780944707682306/bakEFUfV_normal.jpg","profile_banner_url":"https://pbs.twimg.com/profile_banners/715924042532929536/1499943132","profile_link_color":"1DA1F2","profile_sidebar_border_color":"C0DEED","profile_sidebar_fill_color":"DDEEF6","profile_text_color":"333333","profile_use_background_image":true,"has_extended_profile":false,"default_profile":true,"default_profile_image":false,"following":false,"follow_request_sent":false,"notifications":false,"translator_type":"none"},"geo":null,"coordinates":null,"place":null,"contributors":null,"is_quote_status":false,"retweet_count":910,"favorite_count":5269,"favorited":false,"retweeted":false,"possibly_sensitive":false,"lang":"ja"},{"created_at":"Thu Jul 13 10:47:13 +0000 2017","id":885450537277182000,"id_str":"885450537277181953","text":"【Pastel＊Palettes情報！】\n7/12(水)付のオリコンデイリーランキングにて「しゅわりん☆どり〜みん」が3位になりました！！お手に取って頂きありがとうございます☆\nスペシャルイベントもぜひぜひご応募ください♪♪… https://t.co/R3GrsmaU58","truncated":true,"entities":{"hashtags":[],"symbols":[],"user_mentions":[],"urls":[{"url":"https://t.co/R3GrsmaU58","expanded_url":"https://twitter.com/i/web/status/885450537277181953","display_url":"twitter.com/i/web/status/8…","indices":[114,137]}]},"metadata":{"iso_language_code":"ja","result_type":"recent"},"source":"<a href=\"http://twitter.com/download/iphone\" rel=\"nofollow\">Twitter for iPhone</a>","in_reply_to_status_id":null,"in_reply_to_status_id_str":null,"in_reply_to_user_id":null,"in_reply_to_user_id_str":null,"in_reply_to_screen_name":null,"user":{"id":3009772568,"id_str":"3009772568","name":"BanG Dream!（バンドリ！）公式","screen_name":"bang_dream_info","location":"","description":"キャラクター×リアルライブがリンクする次世代ガールズバンドプロジェクト「バンドリ！」公式ツイッター  ★2017年8月21日4thライブ日本武道館公演決定 ★月刊ブシロード「コミック版バンドリ！」連載中","url":"https://t.co/7zxacpSm0e","entities":{"url":{"urls":[{"url":"https://t.co/7zxacpSm0e","expanded_url":"http://bang-dream.com","display_url":"bang-dream.com","indices":[0,23]}]},"description":{"urls":[]}},"protected":false,"followers_count":211382,"friends_count":57,"listed_count":1512,"created_at":"Thu Feb 05 05:23:23 +0000 2015","favourites_count":3,"utc_offset":-25200,"time_zone":"Pacific Time (US & Canada)","geo_enabled":true,"verified":true,"statuses_count":3521,"lang":"ja","contributors_enabled":false,"is_translator":false,"is_translation_enabled":false,"profile_background_color":"000000","profile_background_image_url":"http://abs.twimg.com/images/themes/theme1/bg.png","profile_background_image_url_https":"https://abs.twimg.com/images/themes/theme1/bg.png","profile_background_tile":false,"profile_image_url":"http://pbs.twimg.com/profile_images/875580699486507008/_qScCKQd_normal.jpg","profile_image_url_https":"https://pbs.twimg.com/profile_images/875580699486507008/_qScCKQd_normal.jpg","profile_banner_url":"https://pbs.twimg.com/profile_banners/3009772568/1497588418","profile_link_color":"E4007F","profile_sidebar_border_color":"000000","profile_sidebar_fill_color":"000000","profile_text_color":"000000","profile_use_background_image":false,"has_extended_profile":false,"default_profile":false,"default_profile_image":false,"following":false,"follow_request_sent":false,"notifications":false,"translator_type":"none"},"geo":null,"coordinates":null,"place":null,"contributors":null,"is_quote_status":false,"retweet_count":574,"favorite_count":878,"favorited":false,"retweeted":false,"possibly_sensitive":false,"lang":"ja"},{"created_at":"Thu Jul 13 10:42:22 +0000 2017","id":885449317426659300,"id_str":"885449317426659329","text":"試聴しました。\nこれだけは言わせてください。\n\n笑顔が一番！！！！！！！！！！！！！！！！！！！！！！！！！！！！！！！！！！！！！！！！！！！！！！！！！！！！！！！！！！！！！！！！！！！！！！！！！！！！！！！！！！！！！！！！！！！！！！！！！！！！！！！！\n#SideM","truncated":false,"entities":{"hashtags":[{"text":"SideM","indices":[134,140]}],"symbols":[],"user_mentions":[],"urls":[]},"metadata":{"iso_language_code":"ja","result_type":"recent"},"source":"<a href=\"http://twitter.com/download/iphone\" rel=\"nofollow\">Twitter for iPhone</a>","in_reply_to_status_id":null,"in_reply_to_status_id_str":null,"in_reply_to_user_id":null,"in_reply_to_user_id_str":null,"in_reply_to_screen_name":null,"user":{"id":3103232448,"id_str":"3103232448","name":"高塚智人","screen_name":"tomohito0825","location":"","description":"ゆーりんプロ所属、新人声優の高塚智人です！！！「DANDAN学園」「café グラススリッパー」「アイドルマスターSideＭ」渡辺みのり「夕刻のペルセウス」雪待続 「スチームプリズン」ウルリク・フェリエ「スタンドマイヒーローズ！」荒木田蒼生 「白猫プロジェクト」ライフォード など","url":null,"entities":{"description":{"urls":[]}},"protected":false,"followers_count":33166,"friends_count":249,"listed_count":2476,"created_at":"Sun Mar 22 13:10:06 +0000 2015","favourites_count":1236,"utc_offset":null,"time_zone":null,"geo_enabled":false,"verified":false,"statuses_count":4283,"lang":"ja","contributors_enabled":false,"is_translator":false,"is_translation_enabled":false,"profile_background_color":"C0DEED","profile_background_image_url":"http://abs.twimg.com/images/themes/theme1/bg.png","profile_background_image_url_https":"https://abs.twimg.com/images/themes/theme1/bg.png","profile_background_tile":false,"profile_image_url":"http://pbs.twimg.com/profile_images/843693198408994816/9ZiSApiD_normal.jpg","profile_image_url_https":"https://pbs.twimg.com/profile_images/843693198408994816/9ZiSApiD_normal.jpg","profile_banner_url":"https://pbs.twimg.com/profile_banners/3103232448/1486999135","profile_link_color":"1DA1F2","profile_sidebar_border_color":"C0DEED","profile_sidebar_fill_color":"DDEEF6","profile_text_color":"333333","profile_use_background_image":true,"has_extended_profile":false,"default_profile":true,"default_profile_image":false,"following":false,"follow_request_sent":false,"notifications":false,"translator_type":"none"},"geo":null,"coordinates":null,"place":null,"contributors":null,"is_quote_status":false,"retweet_count":521,"favorite_count":1062,"favorited":false,"retweeted":false,"lang":"ja"}],"search_metadata":{"completed_in":0.146,"max_id":885455208033038300,"max_id_str":"885455208033038336","next_results":"?max_id=885449317426659328&q=lang%3Aja%20min_retweets%3A500&include_entities=1","query":"lang%3Aja+min_retweets%3A500","refresh_url":"?since_id=885455208033038336&q=lang%3Aja%20min_retweets%3A500&include_entities=1","count":15,"since_id":0,"since_id_str":"0"}}