{"statuses":[{"created_at":"Thu Jul 13 07:11:12 +0000 2017","id":885396173997068300,"id_str":"885396173997068288","text":"★A3! 限定スカウト配信開始★\nメンテナンスが終了し、限定スカウト『あやかしMidnight』の配信を開始しました。配信は【7/17 23:59】まで。 #エースリー https://t.co/vIYQD6COpB","truncated":false,"entities":{"hashtags":[{"text":"エースリー","indices":[78,84]}],"symbols":[],"user_mentions":[],"urls":[],"media":[{"id":885396170566062100,"id_str":"885396170566062080","indices":[85,108],"media_url":"http://pbs.twimg.com/media/DEmPIEgU0AA1WPY.jpg","media_url_https":"https://pbs.twimg.com/media/DEmPIEgU0AA1WPY.jpg","url":"https://t.co/vIYQD6COpB","display_url":"pic.twitter.com/vIYQD6COpB","expanded_url":"https://twitter.com/mankai_company/status/885396173997068288/photo/1","type":"photo","sizes":{"small":{"w":614,"h":345,"resize":"fit"},"thumb":{"w":150,"h":150,"resize":"crop"},"medium":{"w":614,"h":345,"resize":"fit"},"large":{"w":614,"h":345,"resize":"fit"}}}]},"extended_entities":{"media":[{"id":885396170566062100,"id_str":"885396170566062080","indices":[85,108],"media_url":"http://pbs.twimg.com/media/DEmPIEgU0AA1WPY.jpg","media_url_https":"https://pbs.twimg.com/media/DEmPIEgU0AA1WPY.jpg","url":"https://t.co/vIYQD6COpB","display_url":"pic.twitter.com/vIYQD6COpB","expanded_url":"https://twitter.com/mankai_company/status/885396173997068288/photo/1","type":"photo","sizes":{"small":{"w":614,"h":345,"resize":"fit"},"thumb":{"w":150,"h":150,"resize":"crop"},"medium":{"w":614,"h":345,"resize":"fit"},"large":{"w":614,"h":345,"resize":"fit"}}}]},"metadata":{"iso_language_code":"ja","result_type":"recent"},"source":"<a href=\"http://twitter.com/download/android\" rel=\"nofollow\">Twitter for Android</a>","in_reply_to_status_id":null,"in_reply_to_status_id_str":null,"in_reply_to_user_id":null,"in_reply_to_user_id_str":null,"in_reply_to_screen_name":null,"user":{"id":768448988626333700,"id_str":"768448988626333697","name":"【公式】A3!（エースリー）","screen_name":"mankai_company","location":"","description":"１月２７日（金）配信スタート！イケメン役者育成アプリ『A3!』公式Twitterアカウントです。 ハッシュタグは #エースリー アプリに関するお問合せは、アプリ内「サポート」または公式HP内のお問合せフォームよりお願いいたします。","url":"https://t.co/BVvtqOsoYc","entities":{"url":{"urls":[{"url":"https://t.co/BVvtqOsoYc","expanded_url":"http://www.a3-liber.jp/","display_url":"a3-liber.jp","indices":[0,23]}]},"description":{"urls":[]}},"protected":false,"followers_count":300180,"friends_count":54,"listed_count":2647,"created_at":"Wed Aug 24 14:04:50 +0000 2016","favourites_count":0,"utc_offset":-25200,"time_zone":"Pacific Time (US & Canada)","geo_enabled":false,"verified":true,"statuses_count":802,"lang":"ja","contributors_enabled":false,"is_translator":false,"is_translation_enabled":false,"profile_background_color":"000000","profile_background_image_url":"http://abs.twimg.com/images/themes/theme1/bg.png","profile_background_image_url_https":"https://abs.twimg.com/images/themes/theme1/bg.png","profile_background_tile":false,"profile_image_url":"http://pbs.twimg.com/profile_images/848187532135153664/VeXZsEYh_normal.jpg","profile_image_url_https":"https://pbs.twimg.com/profile_images/848187532135153664/VeXZsEYh_normal.jpg","profile_banner_url":"https://pbs.twimg.com/profile_banners/768448988626333697/1476954146","profile_link_color":"1B95E0","profile_sidebar_border_color":"000000","profile_sidebar_fill_color":"000000","profile_text_color":"000000","profile_use_background_image":false,"has_extended_profile":false,"default_profile":false,"default_profile_image":false,"following":false,"follow_request_sent":false,"notifications":false,"translator_type":"none"},"geo":null,"coordinates":null,"place":null,"contributors":null,"is_quote_status":false,"retweet_count":1291,"favorite_count":1540,"favorited":false,"retweeted":false,"possibly_sensitive":false,"lang":"ja"},{"created_at":"Thu Jul 13 07:03:46 +0000 2017","id":885394301756129300,"id_str":"885394301756129281","text":"アイマスクってこう使うのか https://t.co/0p89rNlcmU","truncated":false,"entities":{"hashtags":[],"symbols":[],"user_mentions":[],"urls":[],"media":[{"id":885394285092159500,"id_str":"885394285092159488","indices":[14,37],"media_url":"http://pbs.twimg.com/media/DEmNaUkUQAAx5aK.jpg","media_url_https":"https://pbs.twimg.com/media/DEmNaUkUQAAx5aK.jpg","url":"https://t.co/0p89rNlcmU","display_url":"pic.twitter.com/0p89rNlcmU","expanded_url":"https://twitter.com/uratasama/status/885394301756129281/photo/1","type":"photo","sizes":{"large":{"w":1538,"h":2048,"resize":"fit"},"medium":{"w":901,"h":1200,"resize":"fit"},"thumb":{"w":150,"h":150,"resize":"crop"},"small":{"w":511,"h":680,"resize":"fit"}}}]},"extended_entities":{"media":[{"id":885394285092159500,"id_str":"885394285092159488","indices":[14,37],"media_url":"http://pbs.twimg.com/media/DEmNaUkUQAAx5aK.jpg","media_url_https":"https://pbs.twimg.com/media/DEmNaUkUQAAx5aK.jpg","url":"https://t.co/0p89rNlcmU","display_url":"pic.twitter.com/0p89rNlcmU","expanded_url":"https://twitter.com/uratasama/status/885394301756129281/photo/1","type":"photo","sizes":{"large":{"w":1538,"h":2048,"resize":"fit"},"medium":{"w":901,"h":1200,"resize":"fit"},"thumb":{"w":150,"h":150,"resize":"crop"},"small":{"w":511,"h":680,"resize":"fit"}}}]},"metadata":{"iso_language_code":"ja","result_type":"recent"},"source":"<a href=\"http://twitter.com/download/iphone\" rel=\"nofollow\">Twitter for iPhone</a>","in_reply_to_status_id":null,"in_reply_to_status_id_str":null,"in_reply_to_user_id":null,"in_reply_to_user_id_str":null,"in_reply_to_screen_name":null,"user":{"id":112207890,"id_str":"112207890","name":"浦田わたる/うらたぬき♣︎浦島坂田船","screen_name":"uratasama","location":"東京ドーム","description":"「スワロウ」で声優をしております！/浦島坂田船「CRUISE TICKET」オリコンウィークリー5位！/スタミュ2期OP Fourpe 「SHOW MUST GO ON!!」 8位！/LINE@⇨「@ lzx7334a」 間をつめて@マークから検索してね！","url":"https://t.co/Wi6r4DEHA6","entities":{"url":{"urls":[{"url":"https://t.co/Wi6r4DEHA6","expanded_url":"http://nicovideo.jp/mylist/35789880","display_url":"nicovideo.jp/mylist/35789880","indices":[0,23]}]},"description":{"urls":[]}},"protected":false,"followers_count":314375,"friends_count":640,"listed_count":5719,"created_at":"Sun Feb 07 16:42:44 +0000 2010","favourites_count":28790,"utc_offset":28800,"time_zone":"Irkutsk","geo_enabled":false,"verified":true,"statuses_count":55651,"lang":"ja","contributors_enabled":false,"is_translator":false,"is_translation_enabled":false,"profile_background_color":"9AE4E8","profile_background_image_url":"http://abs.twimg.com/images/themes/theme16/bg.gif","profile_background_image_url_https":"https://abs.twimg.com/images/themes/theme16/bg.gif","profile_background_tile":false,"profile_image_url":"http://pbs.twimg.com/profile_images/853961483276795906/FSY1Sai7_normal.jpg","profile_image_url_https":"https://pbs.twimg.com/profile_images/853961483276795906/FSY1Sai7_normal.jpg","profile_banner_url":"https://pbs.twimg.com/profile_banners/112207890/1471035369","profile_link_color":"0084B4","profile_sidebar_border_color":"BDDCAD","profile_sidebar_fill_color":"DDFFCC","profile_text_color":"333333","profile_use_background_image":true,"has_extended_profile":false,"default_profile":false,"default_profile_image":false,"following":false,"follow_request_sent":false,"notifications":false,"translator_type":"none"},"geo":null,"coordinates":null,"place":null,"contributors":null,"is_quote_status":false,"retweet_count":1014,"favorite_count":3751,"favorited":false,"retweeted":false,"possibly_sensitive":false,"lang":"ja"},{"created_at":"Thu Jul 13 07:01:48 +0000 2017","id":885393807050653700,"id_str":"885393807050653696","text":"アイマスク付けての撮影が困難であった為本来の用途とは逸脱した使い方をしております。ご了承ください。 https://t.co/uXWWj5Rf8g","truncated":false,"entities":{"hashtags":[],"symbols":[],"user_mentions":[],"urls":[],"media":[{"id":885393798540349400,"id_str":"885393798540349440","indices":[50,73],"media_url":"http://pbs.twimg.com/media/DEmM-ABU0AA5JVp.jpg","media_url_https":"https://pbs.twimg.com/media/DEmM-ABU0AA5JVp.jpg","url":"https://t.co/uXWWj5Rf8g","display_url":"pic.twitter.com/uXWWj5Rf8g","expanded_url":"https://twitter.com/sen_sen_sen_sen/status/885393807050653696/photo/1","type":"photo","sizes":{"medium":{"w":675,"h":1200,"resize":"fit"},"small":{"w":383,"h":680,"resize":"fit"},"thumb":{"w":150,"h":150,"resize":"crop"},"large":{"w":720,"h":1280,"resize":"fit"}}}]},"extended_entities":{"media":[{"id":885393798540349400,"id_str":"885393798540349440","indices":[50,73],"media_url":"http://pbs.twimg.com/media/DEmM-ABU0AA5JVp.jpg","media_url_https":"https://pbs.twimg.com/media/DEmM-ABU0AA5JVp.jpg","url":"https://t.co/uXWWj5Rf8g","display_url":"pic.twitter.com/uXWWj5Rf8g","expanded_url":"https://twitter.com/sen_sen_sen_sen/status/885393807050653696/photo/1","type":"photo","sizes":{"medium":{"w":675,"h":1200,"resize":"fit"},"small":{"w":383,"h":680,"resize":"fit"},"thumb":{"w":150,"h":150,"resize":"crop"},"large":{"w":720,"h":1280,"resize":"fit"}}}]},"metadata":{"iso_language_code":"ja","result_type":"recent"},"source":"<a href=\"http://twitter.com/download/iphone\" rel=\"nofollow\">Twitter for iPhone</a>","in_reply_to_status_id":null,"in_reply_to_status_id_str":null,"in_reply_to_user_id":null,"in_reply_to_user_id_str":null,"in_reply_to_screen_name":null,"user":{"id":106996737,"id_str":"106996737","name":"センラ@浦島坂田船","screen_name":"sen_sen_sen_sen","location":"KYOTO→NAGOYA","description":"テラ4年目社会人、好きな言葉「連休」 / センラー・ラ / スタミュ2期OPテーマ Fourpe :CV / 色々ぶちまけているSub→( @senra_kise ) 浦島坂田船→( @USSS_info ) ( senra_rarara@yahoo.co.jp ) アイコン→月森フユカ","url":"https://t.co/74SiCXJMOv","entities":{"url":{"urls":[{"url":"https://t.co/74SiCXJMOv","expanded_url":"http://sp.nicovideo.jp/mylist/5979643","display_url":"sp.nicovideo.jp/mylist/5979643","indices":[0,23]}]},"description":{"urls":[]}},"protected":false,"followers_count":202225,"friends_count":357,"listed_count":3831,"created_at":"Thu Jan 21 08:40:30 +0000 2010","favourites_count":1511,"utc_offset":32400,"time_zone":"Tokyo","geo_enabled":false,"verified":true,"statuses_count":90726,"lang":"ja","contributors_enabled":false,"is_translator":false,"is_translation_enabled":false,"profile_background_color":"C0DEED","profile_background_image_url":"http://abs.twimg.com/images/themes/theme1/bg.png","profile_background_image_url_https":"https://abs.twimg.com/images/themes/theme1/bg.png","profile_background_tile":false,"profile_image_url":"http://pbs.twimg.com/profile_images/853961966695571456/6DW3Adss_normal.jpg","profile_image_url_https":"https://pbs.twimg.com/profile_images/853961966695571456/6DW3Adss_normal.jpg","profile_banner_url":"https://pbs.twimg.com/profile_banners/106996737/1420779534","profile_link_color":"1DA1F2","profile_sidebar_border_color":"C0DEED","profile_sidebar_fill_color":"DDEEF6","profile_text_color":"333333","profile_use_background_image":true,"has_extended_profile":true,"default_profile":true,"default_profile_image":false,"following":false,"follow_request_sent":false,"notifications":false,"translator_type":"none"},"geo":null,"coordinates":null,"place":null,"contributors":null,"is_quote_status":false,"retweet_count":835,"favorite_count":3353,"favorited":false,"retweeted":false,"possibly_sensitive":false,"lang":"ja"},{"created_at":"Thu Jul 13 06:59:13 +0000 2017","id":885393160037257200,"id_str":"885393160037257216","text":"ここ数年でリスナーも頭おかしい奴急激に増えたよね","truncated":false,"entities":{"hashtags":[],"symbols":[],"user_mentions":[],"urls":[]},"metadata":{"iso_language_code":"ja","result_type":"recent"},"source":"<a href=\"http://twitter.com/download/iphone\" rel=\"nofollow\">Twitter for iPhone</a>","in_reply_to_status_id":null,"in_reply_to_status_id_str":null,"in_reply_to_user_id":null,"in_reply_to_user_id_str":null,"in_reply_to_screen_name":null,"user":{"id":160560121,"id_str":"160560121","name":"マホト","screen_name":"MAHOTONNN","location":"仲間家、カイワレハンマー","description":"清純派YouTuber。全国ツアー中。4thアルバム「BegInner2」発売中。フォトブック「にゃにゃにゃの本」発売中。REBERTASというブランドやってます。BEMA名義でラップしてます。リプ返せない時がありますがリプ返した瞬間ハート押した瞬間からあなたとは友達。12月8日生まれの24歳","url":"https://t.co/5lZPJadna5","entities":{"url":{"urls":[{"url":"https://t.co/5lZPJadna5","expanded_url":"https://www.youtube.com/channel/UC4Au2QrbfaSjHPSdk5tUBeg","display_url":"youtube.com/channel/UC4Au2…","indices":[0,23]}]},"description":{"urls":[]}},"protected":false,"followers_count":1383747,"friends_count":432,"listed_count":3659,"created_at":"Mon Jun 28 14:25:38 +0000 2010","favourites_count":49052,"utc_offset":-36000,"time_zone":"Hawaii","geo_enabled":false,"verified":false,"statuses_count":67684,"lang":"ja","contributors_enabled":false,"is_translator":false,"is_translation_enabled":false,"profile_background_color":"C0DEED","profile_background_image_url":"http://pbs.twimg.com/profile_background_images/216029617/2222.jpg","profile_background_image_url_https":"https://pbs.twimg.com/profile_background_images/216029617/2222.jpg","profile_background_tile":true,"profile_image_url":"http://pbs.twimg.com/profile_images/881851634837463040/JXV7PToA_normal.jpg","profile_image_url_https":"https://pbs.twimg.com/profile_images/881851634837463040/JXV7PToA_normal.jpg","profile_banner_url":"https://pbs.twimg.com/profile_banners/160560121/1493273389","profile_link_color":"0084B4","profile_sidebar_border_color":"C0DEED","profile_sidebar_fill_color":"DDEEF6","profile_text_color":"333333","profile_use_background_image":true,"has_extended_profile":true,"default_profile":false,"default_profile_image":false,"following":false,"follow_request_sent":false,"notifications":false,"translator_type":"none"},"geo":null,"coordinates":null,"place":null,"contributors":null,"is_quote_status":false,"retweet_count":892,"favorite_count":4736,"favorited":false,"retweeted":false,"lang":"ja"},{"created_at":"Thu Jul 13 06:52:42 +0000 2017","id":885391518600634400,"id_str":"885391518600634368","text":"自分以外の人の事が信じれへん時はせめて自分を信じよう。自分を信じれへん時はせめて誰かの言葉に耳を傾けよう。成功や喜びよりも失敗や悔しさから学ぶ事の方が多かったこれまで。皆で笑う為に失敗や悔しさに負け切らない自分で居よう。全部物語り… https://t.co/2EzXEpbeCH","truncated":true,"entities":{"hashtags":[],"symbols":[],"user_mentions":[],"urls":[{"url":"https://t.co/2EzXEpbeCH","expanded_url":"https://twitter.com/i/web/status/885391518600634368","display_url":"twitter.com/i/web/status/8…","indices":[117,140]}]},"metadata":{"iso_language_code":"ja","result_type":"recent"},"source":"<a href=\"http://www.echofon.com/\" rel=\"nofollow\">Echofon</a>","in_reply_to_status_id":null,"in_reply_to_status_id_str":null,"in_reply_to_user_id":null,"in_reply_to_user_id_str":null,"in_reply_to_screen_name":null,"user":{"id":141139056,"id_str":"141139056","name":"タクマ 10-FEET","screen_name":"takuma10feet","location":"京都","description":"タクマといいます。10-FEETというバンドやってます。京都は左京区下鴨生まれのマクリン幼稚園→下鴨小学校→比叡平小学校→皇子山中学→北大津→大阪経済法科大学→メタルの世界→10-FEET。見知らぬ人の中からも自分とは環境や趣味や感性が違う人など共感出来る人などランダムにフォローします。よろしくです。","url":"https://t.co/KNXFyQoFMf","entities":{"url":{"urls":[{"url":"https://t.co/KNXFyQoFMf","expanded_url":"http://www.10-feet.kyoto","display_url":"10-feet.kyoto","indices":[0,23]}]},"description":{"urls":[]}},"protected":false,"followers_count":281291,"friends_count":1614,"listed_count":3230,"created_at":"Fri May 07 08:20:26 +0000 2010","favourites_count":53,"utc_offset":32400,"time_zone":"Tokyo","geo_enabled":false,"verified":true,"statuses_count":10023,"lang":"ja","contributors_enabled":false,"is_translator":false,"is_translation_enabled":false,"profile_background_color":"C0DEED","profile_background_image_url":"http://abs.twimg.com/images/themes/theme1/bg.png","profile_background_image_url_https":"https://abs.twimg.com/images/themes/theme1/bg.png","profile_background_tile":false,"profile_image_url":"http://pbs.twimg.com/profile_images/808953570670178304/HK0x4axM_normal.jpg","profile_image_url_https":"https://pbs.twimg.com/profile_images/808953570670178304/HK0x4axM_normal.jpg","profile_link_color":"1DA1F2","profile_sidebar_border_color":"C0DEED","profile_sidebar_fill_color":"DDEEF6","profile_text_color":"333333","profile_use_background_image":true,"has_extended_profile":false,"default_profile":true,"default_profile_image":false,"following":false,"follow_request_sent":false,"notifications":false,"translator_type":"none"},"geo":null,"coordinates":null,"place":null,"contributors":null,"is_quote_status":false,"retweet_count":610,"favorite_count":1772,"favorited":false,"retweeted":false,"possibly_sensitive":false,"lang":"ja"},{"created_at":"Thu Jul 13 06:51:04 +0000 2017","id":885391106078158800,"id_str":"885391106078158849","text":"RT\nからめるさんと対談インタビューをしたときの内容が記事になりました！\nLINEさんがおもしろうつくしくまとめてくださっている上にプレゼントも用意してあります…⛩ https://t.co/1g8PenD2ID","truncated":false,"entities":{"hashtags":[],"symbols":[],"user_mentions":[],"urls":[],"media":[{"id":885391091729551400,"id_str":"885391091729551360","indices":[83,106],"media_url":"http://pbs.twimg.com/media/DEmKgcXV0AAJ9m3.jpg","media_url_https":"https://pbs.twimg.com/media/DEmKgcXV0AAJ9m3.jpg","url":"https://t.co/1g8PenD2ID","display_url":"pic.twitter.com/1g8PenD2ID","expanded_url":"https://twitter.com/k_r_r_l_l_/status/885391106078158849/photo/1","type":"photo","sizes":{"medium":{"w":1200,"h":1064,"resize":"fit"},"large":{"w":2048,"h":1816,"resize":"fit"},"small":{"w":680,"h":603,"resize":"fit"},"thumb":{"w":150,"h":150,"resize":"crop"}}}]},"extended_entities":{"media":[{"id":885391091729551400,"id_str":"885391091729551360","indices":[83,106],"media_url":"http://pbs.twimg.com/media/DEmKgcXV0AAJ9m3.jpg","media_url_https":"https://pbs.twimg.com/media/DEmKgcXV0AAJ9m3.jpg","url":"https://t.co/1g8PenD2ID","display_url":"pic.twitter.com/1g8PenD2ID","expanded_url":"https://twitter.com/k_r_r_l_l_/status/885391106078158849/photo/1","type":"photo","sizes":{"medium":{"w":1200,"h":1064,"resize":"fit"},"large":{"w":2048,"h":1816,"resize":"fit"},"small":{"w":680,"h":603,"resize":"fit"},"thumb":{"w":150,"h":150,"resize":"crop"}}}]},"metadata":{"iso_language_code":"ja","result_type":"recent"},"source":"<a href=\"http://twitter.com/download/iphone\" rel=\"nofollow\">Twitter for iPhone</a>","in_reply_to_status_id":null,"in_reply_to_status_id_str":null,"in_reply_to_user_id":null,"in_reply_to_user_id_str":null,"in_reply_to_screen_name":null,"user":{"id":228727136,"id_str":"228727136","name":"るるてあ","screen_name":"k_r_r_l_l_","location":"","description":"鶏卵が好きです。 ■LINEスタンプはこちら→https://t.co/pdmpZQP31U ■イラストのアイコン・ヘッダー使用はご自由にどうぞ。画像の加工・商用利用はお控えください。■商品化の御連絡はこちらにお願い致します。→https://t.co/0Rqh1X5CTr","url":null,"entities":{"description":{"urls":[{"url":"https://t.co/pdmpZQP31U","expanded_url":"http://line.me/S/sticker/1457374","display_url":"line.me/S/sticker/1457…","indices":[23,46]},{"url":"https://t.co/0Rqh1X5CTr","expanded_url":"https://spiralcute.com/contact/index","display_url":"spiralcute.com/contact/index","indices":[114,137]}]}},"protected":false,"followers_count":154194,"friends_count":180,"listed_count":1153,"created_at":"Mon Dec 20 14:20:27 +0000 2010","favourites_count":22100,"utc_offset":32400,"time_zone":"Tokyo","geo_enabled":false,"verified":false,"statuses_count":66386,"lang":"ja","contributors_enabled":false,"is_translator":false,"is_translation_enabled":false,"profile_background_color":"C0DEED","profile_background_image_url":"http://abs.twimg.com/images/themes/theme1/bg.png","profile_background_image_url_https":"https://abs.twimg.com/images/themes/theme1/bg.png","profile_background_tile":false,"profile_image_url":"http://pbs.twimg.com/profile_images/846307150703935488/_WU1B7sY_normal.jpg","profile_image_url_https":"https://pbs.twimg.com/profile_images/846307150703935488/_WU1B7sY_normal.jpg","profile_banner_url":"https://pbs.twimg.com/profile_banners/228727136/1491489775","profile_link_color":"1DA1F2","profile_sidebar_border_color":"C0DEED","profile_sidebar_fill_color":"DDEEF6","profile_text_color":"333333","profile_use_background_image":true,"has_extended_profile":false,"default_profile":true,"default_profile_image":false,"following":false,"follow_request_sent":false,"notifications":false,"translator_type":"none"},"geo":null,"coordinates":null,"place":null,"contributors":null,"is_quote_status":false,"retweet_count":523,"favorite_count":1569,"favorited":false,"retweeted":false,"possibly_sensitive":false,"lang":"ja"},{"created_at":"Thu Jul 13 06:40:03 +0000 2017","id":885388335304155100,"id_str":"885388335304155136","text":"ちんぽこどっこいしょ","truncated":false,"entities":{"hashtags":[],"symbols":[],"user_mentions":[],"urls":[]},"metadata":{"iso_language_code":"ja","result_type":"recent"},"source":"<a href=\"http://carotene.sakura.ne.jp/shuumai/\" rel=\"nofollow\">せいろ</a>","in_reply_to_status_id":null,"in_reply_to_status_id_str":null,"in_reply_to_user_id":null,"in_reply_to_user_id_str":null,"in_reply_to_screen_name":null,"user":{"id":54882396,"id_str":"54882396","name":"しゅうまい君","screen_name":"shuumai","location":"せいろ","description":"followingの皆さんの最近の発言を学習して喋るよ。（何かあったら@enpitsuまで）／LINEスタンプもあるよhttps://t.co/dRzUm39fDe","url":"https://t.co/33QcJKtmeV","entities":{"url":{"urls":[{"url":"https://t.co/33QcJKtmeV","expanded_url":"http://enpitsu.org/shuumai/","display_url":"enpitsu.org/shuumai/","indices":[0,23]}]},"description":{"urls":[{"url":"https://t.co/dRzUm39fDe","expanded_url":"http://line.me/S/sticker/1010497","display_url":"line.me/S/sticker/1010…","indices":[59,82]}]}},"protected":false,"followers_count":294528,"friends_count":252948,"listed_count":15210,"created_at":"Wed Jul 08 12:37:32 +0000 2009","favourites_count":0,"utc_offset":32400,"time_zone":"Tokyo","geo_enabled":false,"verified":false,"statuses_count":185330,"lang":"en","contributors_enabled":false,"is_translator":false,"is_translation_enabled":false,"profile_background_color":"0099B9","profile_background_image_url":"http://abs.twimg.com/images/themes/theme4/bg.gif","profile_background_image_url_https":"https://abs.twimg.com/images/themes/theme4/bg.gif","profile_background_tile":false,"profile_image_url":"http://pbs.twimg.com/profile_images/303370559/shuumai_normal.jpg","profile_image_url_https":"https://pbs.twimg.com/profile_images/303370559/shuumai_normal.jpg","profile_link_color":"0099B9","profile_sidebar_border_color":"5ED4DC","profile_sidebar_fill_color":"95E8EC","profile_text_color":"3C3940","profile_use_background_image":true,"has_extended_profile":true,"default_profile":false,"default_profile_image":false,"following":false,"follow_request_sent":false,"notifications":false,"translator_type":"none"},"geo":null,"coordinates":null,"place":null,"contributors":null,"is_quote_status":false,"retweet_count":1675,"favorite_count":1911,"favorited":false,"retweeted":false,"lang":"ja"},{"created_at":"Thu Jul 13 06:39:49 +0000 2017","id":885388276911095800,"id_str":"885388276911095809","text":"【アイドルマスター SideM】\nピアス2個セット 各種[ブロッコリー]⇒https://t.co/y2EUpV537t\n#sideM https://t.co/QXvGwWP2Sd","truncated":false,"entities":{"hashtags":[{"text":"sideM","indices":[61,67]}],"symbols":[],"user_mentions":[],"urls":[{"url":"https://t.co/y2EUpV537t","expanded_url":"http://slist.amiami.jp/top/search/list?pagemax=30&s_originaltitle_id=16228&s_keywords=%E3%83%96%E3%83%AD%E3%83%83%E3%82%B3%E3%83%AA%E3%83%BC%20%E3%83%94%E3%82%A2%E3%82%B92%E5%80%8B%E3%82%BB%E3%83%83%E3%83%88","display_url":"slist.amiami.jp/top/search/lis…","indices":[37,60]}],"media":[{"id":885388269814403100,"id_str":"885388269814403072","indices":[68,91],"media_url":"http://pbs.twimg.com/media/DEmH8L6V0AAQjvc.jpg","media_url_https":"https://pbs.twimg.com/media/DEmH8L6V0AAQjvc.jpg","url":"https://t.co/QXvGwWP2Sd","display_url":"pic.twitter.com/QXvGwWP2Sd","expanded_url":"https://twitter.com/amiami_otome/status/885388276911095809/photo/1","type":"photo","sizes":{"medium":{"w":450,"h":450,"resize":"fit"},"small":{"w":450,"h":450,"resize":"fit"},"thumb":{"w":150,"h":150,"resize":"crop"},"large":{"w":450,"h":450,"resize":"fit"}}}]},"extended_entities":{"media":[{"id":885388269814403100,"id_str":"885388269814403072","indices":[68,91],"media_url":"http://pbs.twimg.com/media/DEmH8L6V0AAQjvc.jpg","media_url_https":"https://pbs.twimg.com/media/DEmH8L6V0AAQjvc.jpg","url":"https://t.co/QXvGwWP2Sd","display_url":"pic.twitter.com/QXvGwWP2Sd","expanded_url":"https://twitter.com/amiami_otome/status/885388276911095809/photo/1","type":"photo","sizes":{"medium":{"w":450,"h":450,"resize":"fit"},"small":{"w":450,"h":450,"resize":"fit"},"thumb":{"w":150,"h":150,"resize":"crop"},"large":{"w":450,"h":450,"resize":"fit"}}},{"id":885388272171532300,"id_str":"885388272171532289","indices":[68,91],"media_url":"http://pbs.twimg.com/media/DEmH8UsUwAEPzC4.jpg","media_url_https":"https://pbs.twimg.com/media/DEmH8UsUwAEPzC4.jpg","url":"https://t.co/QXvGwWP2Sd","display_url":"pic.twitter.com/QXvGwWP2Sd","expanded_url":"https://twitter.com/amiami_otome/status/885388276911095809/photo/1","type":"photo","sizes":{"medium":{"w":450,"h":450,"resize":"fit"},"small":{"w":450,"h":450,"resize":"fit"},"thumb":{"w":150,"h":150,"resize":"crop"},"large":{"w":450,"h":450,"resize":"fit"}}},{"id":885388274579103700,"id_str":"885388274579103744","indices":[68,91],"media_url":"http://pbs.twimg.com/media/DEmH8dqVYAANKCl.jpg","media_url_https":"https://pbs.twimg.com/media/DEmH8dqVYAANKCl.jpg","url":"https://t.co/QXvGwWP2Sd","display_url":"pic.twitter.com/QXvGwWP2Sd","expanded_url":"https://twitter.com/amiami_otome/status/885388276911095809/photo/1","type":"photo","sizes":{"medium":{"w":450,"h":450,"resize":"fit"},"small":{"w":450,"h":450,"resize":"fit"},"thumb":{"w":150,"h":150,"resize":"crop"},"large":{"w":450,"h":450,"resize":"fit"}}}]},"metadata":{"iso_language_code":"ja","result_type":"recent"},"source":"<a href=\"http://www.amiami.jp/\" rel=\"nofollow\">amiami_otome post</a>","in_reply_to_status_id":null,"in_reply_to_status_id_str":null,"in_reply_to_user_id":null,"in_reply_to_user_id_str":null,"in_reply_to_screen_name":null,"user":{"id":1724985620,"id_str":"1724985620","name":"あみあみ@乙女","screen_name":"amiami_otome","location":"東京都文京区","description":"キャラ＆ホビー通販 ”あみあみ” の女性向け商品情報用アカウントです。グッズ・フィギュアの新商品情報や、あみあみ限定特典の情報などをお知らせします。\r\n商品やご注文などに関する質問にはお答えできませんので、メール（info@amiami.com）よりご連絡下さいませ。","url":"http://t.co/sXNyr4sLF1","entities":{"url":{"urls":[{"url":"http://t.co/sXNyr4sLF1","expanded_url":"http://www.amiami.jp/","display_url":"amiami.jp","indices":[0,22]}]},"description":{"urls":[]}},"protected":false,"followers_count":11817,"friends_count":8,"listed_count":305,"created_at":"Tue Sep 03 09:44:25 +0000 2013","favourites_count":0,"utc_offset":32400,"time_zone":"Tokyo","geo_enabled":false,"verified":false,"statuses_count":15051,"lang":"ja","contributors_enabled":false,"is_translator":false,"is_translation_enabled":false,"profile_background_color":"C0DEED","profile_background_image_url":"http://pbs.twimg.com/profile_background_images/378800000104415408/1c7a4892398fc47609f48c30f2aaf273.jpeg","profile_background_image_url_https":"https://pbs.twimg.com/profile_background_images/378800000104415408/1c7a4892398fc47609f48c30f2aaf273.jpeg","profile_background_tile":true,"profile_image_url":"http://pbs.twimg.com/profile_images/875563560478195712/QsOjDihF_normal.jpg","profile_image_url_https":"https://pbs.twimg.com/profile_images/875563560478195712/QsOjDihF_normal.jpg","profile_banner_url":"https://pbs.twimg.com/profile_banners/1724985620/1387872034","profile_link_color":"E81C4F","profile_sidebar_border_color":"FFFFFF","profile_sidebar_fill_color":"DDEEF6","profile_text_color":"333333","profile_use_background_image":true,"has_extended_profile":false,"default_profile":false,"default_profile_image":false,"following":false,"follow_request_sent":false,"notifications":false,"translator_type":"none"},"geo":null,"coordinates":null,"place":null,"contributors":null,"is_quote_status":false,"retweet_count":742,"favorite_count":230,"favorited":false,"retweeted":false,"possibly_sensitive":false,"lang":"ja"},{"created_at":"Thu Jul 13 06:37:20 +0000 2017","id":885387650944778200,"id_str":"885387650944778240","text":"₀: *ﾟ✲ฺ٩(ˊᗜˋ*)و ✲ฺﾟ*:₀\nぶらんにゅーしあたーらーいぶ！ https://t.co/fAolaYxufG","truncated":false,"entities":{"hashtags":[],"symbols":[],"user_mentions":[],"urls":[],"media":[{"id":885387643722145800,"id_str":"885387643722145793","indices":[39,62],"media_url":"http://pbs.twimg.com/media/DEmHXviUIAEF0iW.jpg","media_url_https":"https://pbs.twimg.com/media/DEmHXviUIAEF0iW.jpg","url":"https://t.co/fAolaYxufG","display_url":"pic.twitter.com/fAolaYxufG","expanded_url":"https://twitter.com/yk_yu002/status/885387650944778240/photo/1","type":"photo","sizes":{"medium":{"w":1200,"h":675,"resize":"fit"},"thumb":{"w":150,"h":150,"resize":"crop"},"small":{"w":680,"h":382,"resize":"fit"},"large":{"w":1334,"h":750,"resize":"fit"}}}]},"extended_entities":{"media":[{"id":885387643722145800,"id_str":"885387643722145793","indices":[39,62],"media_url":"http://pbs.twimg.com/media/DEmHXviUIAEF0iW.jpg","media_url_https":"https://pbs.twimg.com/media/DEmHXviUIAEF0iW.jpg","url":"https://t.co/fAolaYxufG","display_url":"pic.twitter.com/fAolaYxufG","expanded_url":"https://twitter.com/yk_yu002/status/885387650944778240/photo/1","type":"photo","sizes":{"medium":{"w":1200,"h":675,"resize":"fit"},"thumb":{"w":150,"h":150,"resize":"crop"},"small":{"w":680,"h":382,"resize":"fit"},"large":{"w":1334,"h":750,"resize":"fit"}}}]},"metadata":{"iso_language_code":"ja","result_type":"recent"},"source":"<a href=\"http://twitter.com/download/iphone\" rel=\"nofollow\">Twitter for iPhone</a>","in_reply_to_status_id":null,"in_reply_to_status_id_str":null,"in_reply_to_user_id":null,"in_reply_to_user_id_str":null,"in_reply_to_screen_name":null,"user":{"id":778792910,"id_str":"778792910","name":"郁原ゆう","screen_name":"yk_yu002","location":"","description":"声のお仕事をしています郁原ゆう(かはらゆう)です。【ｱｲﾄﾞﾙﾏｽﾀｰﾐﾘｵﾝﾗｲﾌﾞ!】ｴﾐﾘｰ ｽﾁｭｱｰﾄ【ｶﾃﾞﾝﾂｧ】ｱﾘｼｱ=ｶﾃﾘｰﾈ【ｳﾁ姫】ｻﾗ･ﾊｰﾄﾛｯｸ等。【ゆうちゃのゆう遊自的】月2配信おたより募集中！「kahara☆s-mfs.jp」ﾘﾌﾟは全て拝見していますがお返事は気まぐれです。","url":"https://t.co/QA7gJT1EyD","entities":{"url":{"urls":[{"url":"https://t.co/QA7gJT1EyD","expanded_url":"http://s.ameblo.jp/yukahara219","display_url":"s.ameblo.jp/yukahara219","indices":[0,23]}]},"description":{"urls":[]}},"protected":false,"followers_count":26960,"friends_count":143,"listed_count":1703,"created_at":"Fri Aug 24 19:07:32 +0000 2012","favourites_count":57,"utc_offset":32400,"time_zone":"Tokyo","geo_enabled":false,"verified":false,"statuses_count":12861,"lang":"ja","contributors_enabled":false,"is_translator":false,"is_translation_enabled":false,"profile_background_color":"C0DEED","profile_background_image_url":"http://abs.twimg.com/images/themes/theme1/bg.png","profile_background_image_url_https":"https://abs.twimg.com/images/themes/theme1/bg.png","profile_background_tile":false,"profile_image_url":"http://pbs.twimg.com/profile_images/876061368792657922/p0geh6vG_normal.jpg","profile_image_url_https":"https://pbs.twimg.com/profile_images/876061368792657922/p0geh6vG_normal.jpg","profile_banner_url":"https://pbs.twimg.com/profile_banners/778792910/1400260914","profile_link_color":"A060B5","profile_sidebar_border_color":"C0DEED","profile_sidebar_fill_color":"DDEEF6","profile_text_color":"333333","profile_use_background_image":true,"has_extended_profile":false,"default_profile":false,"default_profile_image":false,"following":false,"follow_request_sent":false,"notifications":false,"translator_type":"none"},"geo":null,"coordinates":null,"place":null,"contributors":null,"is_quote_status":false,"retweet_count":564,"favorite_count":622,"favorited":false,"retweeted":false,"possibly_sensitive":false,"lang":"ja"},{"created_at":"Thu Jul 13 06:25:08 +0000 2017","id":885384580441571300,"id_str":"885384580441571328","text":"「ベートーヴェン」の獣神化が可能に！7/18（火）15時頃より解禁！詳細は公式サイトをチェック！ #モンスト https://t.co/q4nIz1j7Bj https://t.co/GANSCQLKDC","truncated":false,"entities":{"hashtags":[{"text":"モンスト","indices":[49,54]}],"symbols":[],"user_mentions":[],"urls":[{"url":"https://t.co/q4nIz1j7Bj","expanded_url":"https://www.monster-strike.com/news/20170713_1.html","display_url":"monster-strike.com/news/20170713_…","indices":[55,78]}],"media":[{"id":885384446358114300,"id_str":"885384446358114304","indices":[79,102],"media_url":"http://pbs.twimg.com/media/DEmEdobU0AAAzL1.png","media_url_https":"https://pbs.twimg.com/media/DEmEdobU0AAAzL1.png","url":"https://t.co/GANSCQLKDC","display_url":"pic.twitter.com/GANSCQLKDC","expanded_url":"https://twitter.com/monst_mixi/status/885384580441571328/photo/1","type":"photo","sizes":{"thumb":{"w":150,"h":150,"resize":"crop"},"small":{"w":401,"h":357,"resize":"fit"},"large":{"w":401,"h":357,"resize":"fit"},"medium":{"w":401,"h":357,"resize":"fit"}}}]},"extended_entities":{"media":[{"id":885384446358114300,"id_str":"885384446358114304","indices":[79,102],"media_url":"http://pbs.twimg.com/media/DEmEdobU0AAAzL1.png","media_url_https":"https://pbs.twimg.com/media/DEmEdobU0AAAzL1.png","url":"https://t.co/GANSCQLKDC","display_url":"pic.twitter.com/GANSCQLKDC","expanded_url":"https://twitter.com/monst_mixi/status/885384580441571328/photo/1","type":"photo","sizes":{"thumb":{"w":150,"h":150,"resize":"crop"},"small":{"w":401,"h":357,"resize":"fit"},"large":{"w":401,"h":357,"resize":"fit"},"medium":{"w":401,"h":357,"resize":"fit"}}}]},"metadata":{"iso_language_code":"ja","result_type":"recent"},"source":"<a href=\"http://twitter.com\" rel=\"nofollow\">Twitter Web Client</a>","in_reply_to_status_id":null,"in_reply_to_status_id_str":null,"in_reply_to_user_id":null,"in_reply_to_user_id_str":null,"in_reply_to_screen_name":null,"user":{"id":1930287096,"id_str":"1930287096","name":"モンスターストライク公式(モンスト)","screen_name":"monst_mixi","location":"公式HP","description":"「モンスターストライク（モンスト）」の公式twitterです！ゲームに関する情報やイベントの出現情報など最新のお知らせをツイート中！お問い合わせやご要望はこちら⇒ http://t.co/l5Vb4U2jfi　#モンスト","url":"http://t.co/236lNhcpzY","entities":{"url":{"urls":[{"url":"http://t.co/236lNhcpzY","expanded_url":"http://www.monster-strike.com/","display_url":"monster-strike.com","indices":[0,22]}]},"description":{"urls":[{"url":"http://t.co/l5Vb4U2jfi","expanded_url":"http://www.monster-strike.com/support/","display_url":"monster-strike.com/support/","indices":[82,104]}]}},"protected":false,"followers_count":2511854,"friends_count":16,"listed_count":4646,"created_at":"Thu Oct 03 11:04:08 +0000 2013","favourites_count":0,"utc_offset":32400,"time_zone":"Seoul","geo_enabled":true,"verified":true,"statuses_count":16673,"lang":"ja","contributors_enabled":false,"is_translator":false,"is_translation_enabled":false,"profile_background_color":"C0DEED","profile_background_image_url":"http://abs.twimg.com/images/themes/theme1/bg.png","profile_background_image_url_https":"https://abs.twimg.com/images/themes/theme1/bg.png","profile_background_tile":false,"profile_image_url":"http://pbs.twimg.com/profile_images/875584833749110785/-RLaSHFb_normal.jpg","profile_image_url_https":"https://pbs.twimg.com/profile_images/875584833749110785/-RLaSHFb_normal.jpg","profile_banner_url":"https://pbs.twimg.com/profile_banners/1930287096/1498717473","profile_link_color":"1DA1F2","profile_sidebar_border_color":"C0DEED","profile_sidebar_fill_color":"DDEEF6","profile_text_color":"333333","profile_use_background_image":true,"has_extended_profile":false,"default_profile":true,"default_profile_image":false,"following":false,"follow_request_sent":false,"notifications":false,"translator_type":"none"},"geo":null,"coordinates":null,"place":null,"contributors":null,"is_quote_status":false,"retweet_count":545,"favorite_count":795,"favorited":false,"retweeted":false,"possibly_sensitive":false,"lang":"ja"},{"created_at":"Thu Jul 13 06:25:03 +0000 2017","id":885384559298134000,"id_str":"885384559298134016","text":"７月１６日１５時より『真夏のミステリーワンダーランド』開催！\nエスパーニャンコを追って、\nニートワンダーランドに迷い込んだ「トド松」\n※真夏のミステリーワンダーランドはボス戦なしのイベントとなります。\n#たび松 https://t.co/aKE1fINHxx","truncated":false,"entities":{"hashtags":[{"text":"たび松","indices":[101,105]}],"symbols":[],"user_mentions":[],"urls":[],"media":[{"id":885384412652752900,"id_str":"885384412652752896","indices":[106,129],"media_url":"http://pbs.twimg.com/media/DEmEbq3V0AArmhH.jpg","media_url_https":"https://pbs.twimg.com/media/DEmEbq3V0AArmhH.jpg","url":"https://t.co/aKE1fINHxx","display_url":"pic.twitter.com/aKE1fINHxx","expanded_url":"https://twitter.com/tabimatsu_game/status/885384559298134016/photo/1","type":"photo","sizes":{"medium":{"w":506,"h":506,"resize":"fit"},"large":{"w":506,"h":506,"resize":"fit"},"thumb":{"w":150,"h":150,"resize":"crop"},"small":{"w":506,"h":506,"resize":"fit"}}}]},"extended_entities":{"media":[{"id":885384412652752900,"id_str":"885384412652752896","indices":[106,129],"media_url":"http://pbs.twimg.com/media/DEmEbq3V0AArmhH.jpg","media_url_https":"https://pbs.twimg.com/media/DEmEbq3V0AArmhH.jpg","url":"https://t.co/aKE1fINHxx","display_url":"pic.twitter.com/aKE1fINHxx","expanded_url":"https://twitter.com/tabimatsu_game/status/885384559298134016/photo/1","type":"photo","sizes":{"medium":{"w":506,"h":506,"resize":"fit"},"large":{"w":506,"h":506,"resize":"fit"},"thumb":{"w":150,"h":150,"resize":"crop"},"small":{"w":506,"h":506,"resize":"fit"}}}]},"metadata":{"iso_language_code":"ja","result_type":"recent"},"source":"<a href=\"http://twitter.com\" rel=\"nofollow\">Twitter Web Client</a>","in_reply_to_status_id":null,"in_reply_to_status_id_str":null,"in_reply_to_user_id":null,"in_reply_to_user_id_str":null,"in_reply_to_screen_name":null,"user":{"id":760371500612395000,"id_str":"760371500612395009","name":"おそ松さんのニートスゴロクぶらり旅【公式","screen_name":"tabimatsu_game","location":"","description":"TVアニメ「おそ松さん」の公式アプリ「おそ松さんのニートスゴロクぶらり旅」の公式アカウントです。略して「たび松」！不具合などのご報告はアプリ内のお問い合わせ、または「info@tabimatsu-game.com」へお願いいたします。","url":"https://t.co/57a9oK3JQV","entities":{"url":{"urls":[{"url":"https://t.co/57a9oK3JQV","expanded_url":"https://tabimatsu-game.com/","display_url":"tabimatsu-game.com","indices":[0,23]}]},"description":{"urls":[]}},"protected":false,"followers_count":62464,"friends_count":2,"listed_count":741,"created_at":"Tue Aug 02 07:07:47 +0000 2016","favourites_count":0,"utc_offset":32400,"time_zone":"Tokyo","geo_enabled":false,"verified":false,"statuses_count":709,"lang":"ja","contributors_enabled":false,"is_translator":false,"is_translation_enabled":false,"profile_background_color":"F5F8FA","profile_background_image_url":null,"profile_background_image_url_https":null,"profile_background_tile":false,"profile_image_url":"http://pbs.twimg.com/profile_images/874504751316062209/KYj3MkRl_normal.jpg","profile_image_url_https":"https://pbs.twimg.com/profile_images/874504751316062209/KYj3MkRl_normal.jpg","profile_banner_url":"https://pbs.twimg.com/profile_banners/760371500612395009/1473155463","profile_link_color":"1DA1F2","profile_sidebar_border_color":"C0DEED","profile_sidebar_fill_color":"DDEEF6","profile_text_color":"333333","profile_use_background_image":true,"has_extended_profile":false,"default_profile":true,"default_profile_image":false,"following":false,"follow_request_sent":false,"notifications":false,"translator_type":"none"},"geo":null,"coordinates":null,"place":null,"contributors":null,"is_quote_status":false,"retweet_count":527,"favorite_count":860,"favorited":false,"retweeted":false,"possibly_sensitive":false,"lang":"ja"},{"created_at":"Thu Jul 13 06:22:55 +0000 2017","id":885384024478306300,"id_str":"885384024478306304","text":"皆さん‼️番組のポスターが出来上がりました😆20年前と今のヤマトたちは如何でしょうか⁉️街でポスターを見かけた際は教えて下さいね✨ #ぼくらの勇気 #未満都市😸 https://t.co/v0KK2O3W0V","truncated":false,"entities":{"hashtags":[{"text":"ぼくらの勇気","indices":[66,73]},{"text":"未満都市","indices":[74,79]}],"symbols":[],"user_mentions":[],"urls":[],"media":[{"id":885384011329163300,"id_str":"885384011329163264","indices":[81,104],"media_url":"http://pbs.twimg.com/media/DEmEET0V0AAz6Ep.jpg","media_url_https":"https://pbs.twimg.com/media/DEmEET0V0AAz6Ep.jpg","url":"https://t.co/v0KK2O3W0V","display_url":"pic.twitter.com/v0KK2O3W0V","expanded_url":"https://twitter.com/mimancity_ntv/status/885384024478306304/photo/1","type":"photo","sizes":{"small":{"w":680,"h":490,"resize":"fit"},"medium":{"w":1200,"h":865,"resize":"fit"},"thumb":{"w":150,"h":150,"resize":"crop"},"large":{"w":1500,"h":1081,"resize":"fit"}}}]},"extended_entities":{"media":[{"id":885384011329163300,"id_str":"885384011329163264","indices":[81,104],"media_url":"http://pbs.twimg.com/media/DEmEET0V0AAz6Ep.jpg","media_url_https":"https://pbs.twimg.com/media/DEmEET0V0AAz6Ep.jpg","url":"https://t.co/v0KK2O3W0V","display_url":"pic.twitter.com/v0KK2O3W0V","expanded_url":"https://twitter.com/mimancity_ntv/status/885384024478306304/photo/1","type":"photo","sizes":{"small":{"w":680,"h":490,"resize":"fit"},"medium":{"w":1200,"h":865,"resize":"fit"},"thumb":{"w":150,"h":150,"resize":"crop"},"large":{"w":1500,"h":1081,"resize":"fit"}}}]},"metadata":{"iso_language_code":"ja","result_type":"recent"},"source":"<a href=\"http://twitter.com/download/iphone\" rel=\"nofollow\">Twitter for iPhone</a>","in_reply_to_status_id":null,"in_reply_to_status_id_str":null,"in_reply_to_user_id":null,"in_reply_to_user_id_str":null,"in_reply_to_screen_name":null,"user":{"id":863518474198319100,"id_str":"863518474198319104","name":"【公式】ぼくらの勇気 未満都市2017","screen_name":"mimancity_ntv","location":"","description":"NTV「ぼくらの勇気 未満都市2017」公式Twitterです。出演:堂本光一、堂本剛・相葉雅紀(友情出演)、松本潤(友情出演)・矢田亜希子、小原裕貴、道枝駿佑(関西ジャニーズJr.)、早見あかり、千葉雄大・山内圭哉、向井理 ほか。2017年7月21日(金)よる9時放送！","url":"https://t.co/eIi79QWxVg","entities":{"url":{"urls":[{"url":"https://t.co/eIi79QWxVg","expanded_url":"http://www.ntv.co.jp/mimancity/","display_url":"ntv.co.jp/mimancity/","indices":[0,23]}]},"description":{"urls":[]}},"protected":false,"followers_count":77201,"friends_count":0,"listed_count":209,"created_at":"Sat May 13 22:17:02 +0000 2017","favourites_count":1,"utc_offset":null,"time_zone":null,"geo_enabled":true,"verified":false,"statuses_count":26,"lang":"ja","contributors_enabled":false,"is_translator":false,"is_translation_enabled":false,"profile_background_color":"F5F8FA","profile_background_image_url":null,"profile_background_image_url_https":null,"profile_background_tile":false,"profile_image_url":"http://pbs.twimg.com/profile_images/876891599279497216/IU7a47_G_normal.jpg","profile_image_url_https":"https://pbs.twimg.com/profile_images/876891599279497216/IU7a47_G_normal.jpg","profile_banner_url":"https://pbs.twimg.com/profile_banners/863518474198319104/1497902225","profile_link_color":"1DA1F2","profile_sidebar_border_color":"C0DEED","profile_sidebar_fill_color":"DDEEF6","profile_text_color":"333333","profile_use_background_image":true,"has_extended_profile":false,"default_profile":true,"default_profile_image":false,"following":false,"follow_request_sent":false,"notifications":false,"translator_type":"none"},"geo":null,"coordinates":null,"place":null,"contributors":null,"is_quote_status":false,"retweet_count":2382,"favorite_count":3722,"favorited":false,"retweeted":false,"possibly_sensitive":false,"lang":"ja"},{"created_at":"Thu Jul 13 06:20:32 +0000 2017","id":885383424520839200,"id_str":"885383424520839168","text":"７月１６日１５時より『真夏のミステリーワンダーランド』開催！\nエスパーニャンコを追って、\nニートワンダーランドに迷い込んだ「十四松」\n※真夏のミステリーワンダーランドはボス戦なしのイベントとなります。\n#たび松 https://t.co/ckHc8N6fOe","truncated":false,"entities":{"hashtags":[{"text":"たび松","indices":[101,105]}],"symbols":[],"user_mentions":[],"urls":[],"media":[{"id":885383389863321600,"id_str":"885383389863321604","indices":[106,129],"media_url":"http://pbs.twimg.com/media/DEmDgIrVoAQ50X-.jpg","media_url_https":"https://pbs.twimg.com/media/DEmDgIrVoAQ50X-.jpg","url":"https://t.co/ckHc8N6fOe","display_url":"pic.twitter.com/ckHc8N6fOe","expanded_url":"https://twitter.com/tabimatsu_game/status/885383424520839168/photo/1","type":"photo","sizes":{"medium":{"w":506,"h":506,"resize":"fit"},"large":{"w":506,"h":506,"resize":"fit"},"thumb":{"w":150,"h":150,"resize":"crop"},"small":{"w":506,"h":506,"resize":"fit"}}}]},"extended_entities":{"media":[{"id":885383389863321600,"id_str":"885383389863321604","indices":[106,129],"media_url":"http://pbs.twimg.com/media/DEmDgIrVoAQ50X-.jpg","media_url_https":"https://pbs.twimg.com/media/DEmDgIrVoAQ50X-.jpg","url":"https://t.co/ckHc8N6fOe","display_url":"pic.twitter.com/ckHc8N6fOe","expanded_url":"https://twitter.com/tabimatsu_game/status/885383424520839168/photo/1","type":"photo","sizes":{"medium":{"w":506,"h":506,"resize":"fit"},"large":{"w":506,"h":506,"resize":"fit"},"thumb":{"w":150,"h":150,"resize":"crop"},"small":{"w":506,"h":506,"resize":"fit"}}}]},"metadata":{"iso_language_code":"ja","result_type":"recent"},"source":"<a href=\"http://twitter.com\" rel=\"nofollow\">Twitter Web Client</a>","in_reply_to_status_id":null,"in_reply_to_status_id_str":null,"in_reply_to_user_id":null,"in_reply_to_user_id_str":null,"in_reply_to_screen_name":null,"user":{"id":760371500612395000,"id_str":"760371500612395009","name":"おそ松さんのニートスゴロクぶらり旅【公式","screen_name":"tabimatsu_game","location":"","description":"TVアニメ「おそ松さん」の公式アプリ「おそ松さんのニートスゴロクぶらり旅」の公式アカウントです。略して「たび松」！不具合などのご報告はアプリ内のお問い合わせ、または「info@tabimatsu-game.com」へお願いいたします。","url":"https://t.co/57a9oK3JQV","entities":{"url":{"urls":[{"url":"https://t.co/57a9oK3JQV","expanded_url":"https://tabimatsu-game.com/","display_url":"tabimatsu-game.com","indices":[0,23]}]},"description":{"urls":[]}},"protected":false,"followers_count":62464,"friends_count":2,"listed_count":741,"created_at":"Tue Aug 02 07:07:47 +0000 2016","favourites_count":0,"utc_offset":32400,"time_zone":"Tokyo","geo_enabled":false,"verified":false,"statuses_count":709,"lang":"ja","contributors_enabled":false,"is_translator":false,"is_translation_enabled":false,"profile_background_color":"F5F8FA","profile_background_image_url":null,"profile_background_image_url_https":null,"profile_background_tile":false,"profile_image_url":"http://pbs.twimg.com/profile_images/874504751316062209/KYj3MkRl_normal.jpg","profile_image_url_https":"https://pbs.twimg.com/profile_images/874504751316062209/KYj3MkRl_normal.jpg","profile_banner_url":"https://pbs.twimg.com/profile_banners/760371500612395009/1473155463","profile_link_color":"1DA1F2","profile_sidebar_border_color":"C0DEED","profile_sidebar_fill_color":"DDEEF6","profile_text_color":"333333","profile_use_background_image":true,"has_extended_profile":false,"default_profile":true,"default_profile_image":false,"following":false,"follow_request_sent":false,"notifications":false,"translator_type":"none"},"geo":null,"coordinates":null,"place":null,"contributors":null,"is_quote_status":false,"retweet_count":615,"favorite_count":946,"favorited":false,"retweeted":false,"possibly_sensitive":false,"lang":"ja"},{"created_at":"Thu Jul 13 06:17:16 +0000 2017","id":885382602227458000,"id_str":"885382602227458048","text":"はい。四条貴音さん。 https://t.co/cWetX42m6d","truncated":false,"entities":{"hashtags":[],"symbols":[],"user_mentions":[],"urls":[],"media":[{"id":885382590139519000,"id_str":"885382590139518976","indices":[11,34],"media_url":"http://pbs.twimg.com/media/DEmCxleU0AAN0zM.jpg","media_url_https":"https://pbs.twimg.com/media/DEmCxleU0AAN0zM.jpg","url":"https://t.co/cWetX42m6d","display_url":"pic.twitter.com/cWetX42m6d","expanded_url":"https://twitter.com/PaP_hanatsumi/status/885382602227458048/photo/1","type":"photo","sizes":{"large":{"w":1136,"h":640,"resize":"fit"},"thumb":{"w":150,"h":150,"resize":"crop"},"medium":{"w":1136,"h":640,"resize":"fit"},"small":{"w":680,"h":383,"resize":"fit"}}}]},"extended_entities":{"media":[{"id":885382590139519000,"id_str":"885382590139518976","indices":[11,34],"media_url":"http://pbs.twimg.com/media/DEmCxleU0AAN0zM.jpg","media_url_https":"https://pbs.twimg.com/media/DEmCxleU0AAN0zM.jpg","url":"https://t.co/cWetX42m6d","display_url":"pic.twitter.com/cWetX42m6d","expanded_url":"https://twitter.com/PaP_hanatsumi/status/885382602227458048/photo/1","type":"photo","sizes":{"large":{"w":1136,"h":640,"resize":"fit"},"thumb":{"w":150,"h":150,"resize":"crop"},"medium":{"w":1136,"h":640,"resize":"fit"},"small":{"w":680,"h":383,"resize":"fit"}}},{"id":885382590147866600,"id_str":"885382590147866625","indices":[11,34],"media_url":"http://pbs.twimg.com/media/DEmCxlgUMAEGiAL.jpg","media_url_https":"https://pbs.twimg.com/media/DEmCxlgUMAEGiAL.jpg","url":"https://t.co/cWetX42m6d","display_url":"pic.twitter.com/cWetX42m6d","expanded_url":"https://twitter.com/PaP_hanatsumi/status/885382602227458048/photo/1","type":"photo","sizes":{"large":{"w":640,"h":1136,"resize":"fit"},"small":{"w":383,"h":680,"resize":"fit"},"thumb":{"w":150,"h":150,"resize":"crop"},"medium":{"w":640,"h":1136,"resize":"fit"}}},{"id":885382590135377900,"id_str":"885382590135377920","indices":[11,34],"media_url":"http://pbs.twimg.com/media/DEmCxldVoAAY-he.jpg","media_url_https":"https://pbs.twimg.com/media/DEmCxldVoAAY-he.jpg","url":"https://t.co/cWetX42m6d","display_url":"pic.twitter.com/cWetX42m6d","expanded_url":"https://twitter.com/PaP_hanatsumi/status/885382602227458048/photo/1","type":"photo","sizes":{"large":{"w":640,"h":1136,"resize":"fit"},"small":{"w":383,"h":680,"resize":"fit"},"thumb":{"w":150,"h":150,"resize":"crop"},"medium":{"w":640,"h":1136,"resize":"fit"}}}]},"metadata":{"iso_language_code":"ja","result_type":"recent"},"source":"<a href=\"http://twitter.com/download/iphone\" rel=\"nofollow\">Twitter for iPhone</a>","in_reply_to_status_id":null,"in_reply_to_status_id_str":null,"in_reply_to_user_id":null,"in_reply_to_user_id_str":null,"in_reply_to_screen_name":null,"user":{"id":1151409162,"id_str":"1151409162","name":"花摘み","screen_name":"PaP_hanatsumi","location":"","description":"歌織Pで百合子Pで紬Pです。(｀・ω・´)シアターデイズ MBBRY767 グラブルは2460759、空の果てに生息中","url":null,"entities":{"description":{"urls":[]}},"protected":false,"followers_count":1458,"friends_count":602,"listed_count":53,"created_at":"Tue Feb 05 16:55:06 +0000 2013","favourites_count":787,"utc_offset":28800,"time_zone":"Irkutsk","geo_enabled":false,"verified":false,"statuses_count":17880,"lang":"ja","contributors_enabled":false,"is_translator":false,"is_translation_enabled":false,"profile_background_color":"C0DEED","profile_background_image_url":"http://abs.twimg.com/images/themes/theme1/bg.png","profile_background_image_url_https":"https://abs.twimg.com/images/themes/theme1/bg.png","profile_background_tile":false,"profile_image_url":"http://pbs.twimg.com/profile_images/879972097660821504/QHv6gy5q_normal.jpg","profile_image_url_https":"https://pbs.twimg.com/profile_images/879972097660821504/QHv6gy5q_normal.jpg","profile_banner_url":"https://pbs.twimg.com/profile_banners/1151409162/1497258209","profile_link_color":"1DA1F2","profile_sidebar_border_color":"C0DEED","profile_sidebar_fill_color":"DDEEF6","profile_text_color":"333333","profile_use_background_image":true,"has_extended_profile":false,"default_profile":true,"default_profile_image":false,"following":false,"follow_request_sent":false,"notifications":false,"translator_type":"none"},"geo":null,"coordinates":null,"place":null,"contributors":null,"is_quote_status":false,"retweet_count":628,"favorite_count":385,"favorited":false,"retweeted":false,"possibly_sensitive":false,"lang":"ja"},{"created_at":"Thu Jul 13 06:15:56 +0000 2017","id":885382265986965500,"id_str":"885382265986965504","text":"７月１６日１５時より『真夏のミステリーワンダーランド』開催！\nエスパーニャンコを追って、\nニートワンダーランドに迷い込んだ「一松」\n※真夏のミステリーワンダーランドはボス戦なしのイベントとなります。\n#たび松 https://t.co/mkszSmeMGV","truncated":false,"entities":{"hashtags":[{"text":"たび松","indices":[100,104]}],"symbols":[],"user_mentions":[],"urls":[],"media":[{"id":885382244793110500,"id_str":"885382244793110529","indices":[105,128],"media_url":"http://pbs.twimg.com/media/DEmCde9U0AEVdyP.jpg","media_url_https":"https://pbs.twimg.com/media/DEmCde9U0AEVdyP.jpg","url":"https://t.co/mkszSmeMGV","display_url":"pic.twitter.com/mkszSmeMGV","expanded_url":"https://twitter.com/tabimatsu_game/status/885382265986965504/photo/1","type":"photo","sizes":{"thumb":{"w":150,"h":150,"resize":"crop"},"large":{"w":506,"h":506,"resize":"fit"},"medium":{"w":506,"h":506,"resize":"fit"},"small":{"w":506,"h":506,"resize":"fit"}}}]},"extended_entities":{"media":[{"id":885382244793110500,"id_str":"885382244793110529","indices":[105,128],"media_url":"http://pbs.twimg.com/media/DEmCde9U0AEVdyP.jpg","media_url_https":"https://pbs.twimg.com/media/DEmCde9U0AEVdyP.jpg","url":"https://t.co/mkszSmeMGV","display_url":"pic.twitter.com/mkszSmeMGV","expanded_url":"https://twitter.com/tabimatsu_game/status/885382265986965504/photo/1","type":"photo","sizes":{"thumb":{"w":150,"h":150,"resize":"crop"},"large":{"w":506,"h":506,"resize":"fit"},"medium":{"w":506,"h":506,"resize":"fit"},"small":{"w":506,"h":506,"resize":"fit"}}}]},"metadata":{"iso_language_code":"ja","result_type":"recent"},"source":"<a href=\"http://twitter.com\" rel=\"nofollow\">Twitter Web Client</a>","in_reply_to_status_id":null,"in_reply_to_status_id_str":null,"in_reply_to_user_id":null,"in_reply_to_user_id_str":null,"in_reply_to_screen_name":null,"user":{"id":760371500612395000,"id_str":"760371500612395009","name":"おそ松さんのニートスゴロクぶらり旅【公式","screen_name":"tabimatsu_game","location":"","description":"TVアニメ「おそ松さん」の公式アプリ「おそ松さんのニートスゴロクぶらり旅」の公式アカウントです。略して「たび松」！不具合などのご報告はアプリ内のお問い合わせ、または「info@tabimatsu-game.com」へお願いいたします。","url":"https://t.co/57a9oK3JQV","entities":{"url":{"urls":[{"url":"https://t.co/57a9oK3JQV","expanded_url":"https://tabimatsu-game.com/","display_url":"tabimatsu-game.com","indices":[0,23]}]},"description":{"urls":[]}},"protected":false,"followers_count":62464,"friends_count":2,"listed_count":741,"created_at":"Tue Aug 02 07:07:47 +0000 2016","favourites_count":0,"utc_offset":32400,"time_zone":"Tokyo","geo_enabled":false,"verified":false,"statuses_count":709,"lang":"ja","contributors_enabled":false,"is_translator":false,"is_translation_enabled":false,"profile_background_color":"F5F8FA","profile_background_image_url":null,"profile_background_image_url_https":null,"profile_background_tile":false,"profile_image_url":"http://pbs.twimg.com/profile_images/874504751316062209/KYj3MkRl_normal.jpg","profile_image_url_https":"https://pbs.twimg.com/profile_images/874504751316062209/KYj3MkRl_normal.jpg","profile_banner_url":"https://pbs.twimg.com/profile_banners/760371500612395009/1473155463","profile_link_color":"1DA1F2","profile_sidebar_border_color":"C0DEED","profile_sidebar_fill_color":"DDEEF6","profile_text_color":"333333","profile_use_background_image":true,"has_extended_profile":false,"default_profile":true,"default_profile_image":false,"following":false,"follow_request_sent":false,"notifications":false,"translator_type":"none"},"geo":null,"coordinates":null,"place":null,"contributors":null,"is_quote_status":false,"retweet_count":1109,"favorite_count":1576,"favorited":false,"retweeted":false,"possibly_sensitive":false,"lang":"ja"}],"search_metadata":{"completed_in":0.192,"max_id":885396173997068300,"max_id_str":"885396173997068288","next_results":"?max_id=885382265986965503&q=lang%3Aja%20min_retweets%3A500&include_entities=1","query":"lang%3Aja+min_retweets%3A500","refresh_url":"?since_id=885396173997068288&q=lang%3Aja%20min_retweets%3A500&include_entities=1","count":15,"since_id":0,"since_id_str":"0"}}