{"statuses":[{"created_at":"Thu Jul 13 06:40:03 +0000 2017","id":885388335304155100,"id_str":"885388335304155136","text":"ちんぽこどっこいしょ","truncated":false,"entities":{"hashtags":[],"symbols":[],"user_mentions":[],"urls":[]},"metadata":{"iso_language_code":"ja","result_type":"recent"},"source":"<a href=\"http://carotene.sakura.ne.jp/shuumai/\" rel=\"nofollow\">せいろ</a>","in_reply_to_status_id":null,"in_reply_to_status_id_str":null,"in_reply_to_user_id":null,"in_reply_to_user_id_str":null,"in_reply_to_screen_name":null,"user":{"id":54882396,"id_str":"54882396","name":"しゅうまい君","screen_name":"shuumai","location":"せいろ","description":"followingの皆さんの最近の発言を学習して喋るよ。（何かあったら@enpitsuまで）／LINEスタンプもあるよhttps://t.co/dRzUm39fDe","url":"https://t.co/33QcJKtmeV","entities":{"url":{"urls":[{"url":"https://t.co/33QcJKtmeV","expanded_url":"http://enpitsu.org/shuumai/","display_url":"enpitsu.org/shuumai/","indices":[0,23]}]},"description":{"urls":[{"url":"https://t.co/dRzUm39fDe","expanded_url":"http://line.me/S/sticker/1010497","display_url":"line.me/S/sticker/1010…","indices":[59,82]}]}},"protected":false,"followers_count":294522,"friends_count":252948,"listed_count":15210,"created_at":"Wed Jul 08 12:37:32 +0000 2009","favourites_count":0,"utc_offset":32400,"time_zone":"Tokyo","geo_enabled":false,"verified":false,"statuses_count":185330,"lang":"en","contributors_enabled":false,"is_translator":false,"is_translation_enabled":false,"profile_background_color":"0099B9","profile_background_image_url":"http://abs.twimg.com/images/themes/theme4/bg.gif","profile_background_image_url_https":"https://abs.twimg.com/images/themes/theme4/bg.gif","profile_background_tile":false,"profile_image_url":"http://pbs.twimg.com/profile_images/303370559/shuumai_normal.jpg","profile_image_url_https":"https://pbs.twimg.com/profile_images/303370559/shuumai_normal.jpg","profile_link_color":"0099B9","profile_sidebar_border_color":"5ED4DC","profile_sidebar_fill_color":"95E8EC","profile_text_color":"3C3940","profile_use_background_image":true,"has_extended_profile":true,"default_profile":false,"default_profile_image":false,"following":false,"follow_request_sent":false,"notifications":false,"translator_type":"none"},"geo":null,"coordinates":null,"place":null,"contributors":null,"is_quote_status":false,"retweet_count":1492,"favorite_count":1639,"favorited":false,"retweeted":false,"lang":"ja"},{"created_at":"Thu Jul 13 06:39:49 +0000 2017","id":885388276911095800,"id_str":"885388276911095809","text":"【アイドルマスター SideM】\nピアス2個セット 各種[ブロッコリー]⇒https://t.co/y2EUpV537t\n#sideM https://t.co/QXvGwWP2Sd","truncated":false,"entities":{"hashtags":[{"text":"sideM","indices":[61,67]}],"symbols":[],"user_mentions":[],"urls":[{"url":"https://t.co/y2EUpV537t","expanded_url":"http://slist.amiami.jp/top/search/list?pagemax=30&s_originaltitle_id=16228&s_keywords=%E3%83%96%E3%83%AD%E3%83%83%E3%82%B3%E3%83%AA%E3%83%BC%20%E3%83%94%E3%82%A2%E3%82%B92%E5%80%8B%E3%82%BB%E3%83%83%E3%83%88","display_url":"slist.amiami.jp/top/search/lis…","indices":[37,60]}],"media":[{"id":885388269814403100,"id_str":"885388269814403072","indices":[68,91],"media_url":"http://pbs.twimg.com/media/DEmH8L6V0AAQjvc.jpg","media_url_https":"https://pbs.twimg.com/media/DEmH8L6V0AAQjvc.jpg","url":"https://t.co/QXvGwWP2Sd","display_url":"pic.twitter.com/QXvGwWP2Sd","expanded_url":"https://twitter.com/amiami_otome/status/885388276911095809/photo/1","type":"photo","sizes":{"medium":{"w":450,"h":450,"resize":"fit"},"small":{"w":450,"h":450,"resize":"fit"},"thumb":{"w":150,"h":150,"resize":"crop"},"large":{"w":450,"h":450,"resize":"fit"}}}]},"extended_entities":{"media":[{"id":885388269814403100,"id_str":"885388269814403072","indices":[68,91],"media_url":"http://pbs.twimg.com/media/DEmH8L6V0AAQjvc.jpg","media_url_https":"https://pbs.twimg.com/media/DEmH8L6V0AAQjvc.jpg","url":"https://t.co/QXvGwWP2Sd","display_url":"pic.twitter.com/QXvGwWP2Sd","expanded_url":"https://twitter.com/amiami_otome/status/885388276911095809/photo/1","type":"photo","sizes":{"medium":{"w":450,"h":450,"resize":"fit"},"small":{"w":450,"h":450,"resize":"fit"},"thumb":{"w":150,"h":150,"resize":"crop"},"large":{"w":450,"h":450,"resize":"fit"}}},{"id":885388272171532300,"id_str":"885388272171532289","indices":[68,91],"media_url":"http://pbs.twimg.com/media/DEmH8UsUwAEPzC4.jpg","media_url_https":"https://pbs.twimg.com/media/DEmH8UsUwAEPzC4.jpg","url":"https://t.co/QXvGwWP2Sd","display_url":"pic.twitter.com/QXvGwWP2Sd","expanded_url":"https://twitter.com/amiami_otome/status/885388276911095809/photo/1","type":"photo","sizes":{"medium":{"w":450,"h":450,"resize":"fit"},"small":{"w":450,"h":450,"resize":"fit"},"thumb":{"w":150,"h":150,"resize":"crop"},"large":{"w":450,"h":450,"resize":"fit"}}},{"id":885388274579103700,"id_str":"885388274579103744","indices":[68,91],"media_url":"http://pbs.twimg.com/media/DEmH8dqVYAANKCl.jpg","media_url_https":"https://pbs.twimg.com/media/DEmH8dqVYAANKCl.jpg","url":"https://t.co/QXvGwWP2Sd","display_url":"pic.twitter.com/QXvGwWP2Sd","expanded_url":"https://twitter.com/amiami_otome/status/885388276911095809/photo/1","type":"photo","sizes":{"medium":{"w":450,"h":450,"resize":"fit"},"small":{"w":450,"h":450,"resize":"fit"},"thumb":{"w":150,"h":150,"resize":"crop"},"large":{"w":450,"h":450,"resize":"fit"}}}]},"metadata":{"iso_language_code":"ja","result_type":"recent"},"source":"<a href=\"http://www.amiami.jp/\" rel=\"nofollow\">amiami_otome post</a>","in_reply_to_status_id":null,"in_reply_to_status_id_str":null,"in_reply_to_user_id":null,"in_reply_to_user_id_str":null,"in_reply_to_screen_name":null,"user":{"id":1724985620,"id_str":"1724985620","name":"あみあみ@乙女","screen_name":"amiami_otome","location":"東京都文京区","description":"キャラ＆ホビー通販 ”あみあみ” の女性向け商品情報用アカウントです。グッズ・フィギュアの新商品情報や、あみあみ限定特典の情報などをお知らせします。\r\n商品やご注文などに関する質問にはお答えできませんので、メール（info@amiami.com）よりご連絡下さいませ。","url":"http://t.co/sXNyr4sLF1","entities":{"url":{"urls":[{"url":"http://t.co/sXNyr4sLF1","expanded_url":"http://www.amiami.jp/","display_url":"amiami.jp","indices":[0,22]}]},"description":{"urls":[]}},"protected":false,"followers_count":11817,"friends_count":8,"listed_count":305,"created_at":"Tue Sep 03 09:44:25 +0000 2013","favourites_count":0,"utc_offset":32400,"time_zone":"Tokyo","geo_enabled":false,"verified":false,"statuses_count":15051,"lang":"ja","contributors_enabled":false,"is_translator":false,"is_translation_enabled":false,"profile_background_color":"C0DEED","profile_background_image_url":"http://pbs.twimg.com/profile_background_images/378800000104415408/1c7a4892398fc47609f48c30f2aaf273.jpeg","profile_background_image_url_https":"https://pbs.twimg.com/profile_background_images/378800000104415408/1c7a4892398fc47609f48c30f2aaf273.jpeg","profile_background_tile":true,"profile_image_url":"http://pbs.twimg.com/profile_images/875563560478195712/QsOjDihF_normal.jpg","profile_image_url_https":"https://pbs.twimg.com/profile_images/875563560478195712/QsOjDihF_normal.jpg","profile_banner_url":"https://pbs.twimg.com/profile_banners/1724985620/1387872034","profile_link_color":"E81C4F","profile_sidebar_border_color":"FFFFFF","profile_sidebar_fill_color":"DDEEF6","profile_text_color":"333333","profile_use_background_image":true,"has_extended_profile":false,"default_profile":false,"default_profile_image":false,"following":false,"follow_request_sent":false,"notifications":false,"translator_type":"none"},"geo":null,"coordinates":null,"place":null,"contributors":null,"is_quote_status":false,"retweet_count":622,"favorite_count":181,"favorited":false,"retweeted":false,"possibly_sensitive":false,"lang":"ja"},{"created_at":"Thu Jul 13 06:37:20 +0000 2017","id":885387650944778200,"id_str":"885387650944778240","text":"₀: *ﾟ✲ฺ٩(ˊᗜˋ*)و ✲ฺﾟ*:₀\nぶらんにゅーしあたーらーいぶ！ https://t.co/fAolaYxufG","truncated":false,"entities":{"hashtags":[],"symbols":[],"user_mentions":[],"urls":[],"media":[{"id":885387643722145800,"id_str":"885387643722145793","indices":[39,62],"media_url":"http://pbs.twimg.com/media/DEmHXviUIAEF0iW.jpg","media_url_https":"https://pbs.twimg.com/media/DEmHXviUIAEF0iW.jpg","url":"https://t.co/fAolaYxufG","display_url":"pic.twitter.com/fAolaYxufG","expanded_url":"https://twitter.com/yk_yu002/status/885387650944778240/photo/1","type":"photo","sizes":{"medium":{"w":1200,"h":675,"resize":"fit"},"thumb":{"w":150,"h":150,"resize":"crop"},"small":{"w":680,"h":382,"resize":"fit"},"large":{"w":1334,"h":750,"resize":"fit"}}}]},"extended_entities":{"media":[{"id":885387643722145800,"id_str":"885387643722145793","indices":[39,62],"media_url":"http://pbs.twimg.com/media/DEmHXviUIAEF0iW.jpg","media_url_https":"https://pbs.twimg.com/media/DEmHXviUIAEF0iW.jpg","url":"https://t.co/fAolaYxufG","display_url":"pic.twitter.com/fAolaYxufG","expanded_url":"https://twitter.com/yk_yu002/status/885387650944778240/photo/1","type":"photo","sizes":{"medium":{"w":1200,"h":675,"resize":"fit"},"thumb":{"w":150,"h":150,"resize":"crop"},"small":{"w":680,"h":382,"resize":"fit"},"large":{"w":1334,"h":750,"resize":"fit"}}}]},"metadata":{"iso_language_code":"ja","result_type":"recent"},"source":"<a href=\"http://twitter.com/download/iphone\" rel=\"nofollow\">Twitter for iPhone</a>","in_reply_to_status_id":null,"in_reply_to_status_id_str":null,"in_reply_to_user_id":null,"in_reply_to_user_id_str":null,"in_reply_to_screen_name":null,"user":{"id":778792910,"id_str":"778792910","name":"郁原ゆう","screen_name":"yk_yu002","location":"","description":"声のお仕事をしています郁原ゆう(かはらゆう)です。【ｱｲﾄﾞﾙﾏｽﾀｰﾐﾘｵﾝﾗｲﾌﾞ!】ｴﾐﾘｰ ｽﾁｭｱｰﾄ【ｶﾃﾞﾝﾂｧ】ｱﾘｼｱ=ｶﾃﾘｰﾈ【ｳﾁ姫】ｻﾗ･ﾊｰﾄﾛｯｸ等。【ゆうちゃのゆう遊自的】月2配信おたより募集中！「kahara☆s-mfs.jp」ﾘﾌﾟは全て拝見していますがお返事は気まぐれです。","url":"https://t.co/QA7gJT1EyD","entities":{"url":{"urls":[{"url":"https://t.co/QA7gJT1EyD","expanded_url":"http://s.ameblo.jp/yukahara219","display_url":"s.ameblo.jp/yukahara219","indices":[0,23]}]},"description":{"urls":[]}},"protected":false,"followers_count":26960,"friends_count":143,"listed_count":1703,"created_at":"Fri Aug 24 19:07:32 +0000 2012","favourites_count":57,"utc_offset":32400,"time_zone":"Tokyo","geo_enabled":false,"verified":false,"statuses_count":12861,"lang":"ja","contributors_enabled":false,"is_translator":false,"is_translation_enabled":false,"profile_background_color":"C0DEED","profile_background_image_url":"http://abs.twimg.com/images/themes/theme1/bg.png","profile_background_image_url_https":"https://abs.twimg.com/images/themes/theme1/bg.png","profile_background_tile":false,"profile_image_url":"http://pbs.twimg.com/profile_images/876061368792657922/p0geh6vG_normal.jpg","profile_image_url_https":"https://pbs.twimg.com/profile_images/876061368792657922/p0geh6vG_normal.jpg","profile_banner_url":"https://pbs.twimg.com/profile_banners/778792910/1400260914","profile_link_color":"A060B5","profile_sidebar_border_color":"C0DEED","profile_sidebar_fill_color":"DDEEF6","profile_text_color":"333333","profile_use_background_image":true,"has_extended_profile":false,"default_profile":false,"default_profile_image":false,"following":false,"follow_request_sent":false,"notifications":false,"translator_type":"none"},"geo":null,"coordinates":null,"place":null,"contributors":null,"is_quote_status":false,"retweet_count":519,"favorite_count":548,"favorited":false,"retweeted":false,"possibly_sensitive":false,"lang":"ja"},{"created_at":"Thu Jul 13 06:25:08 +0000 2017","id":885384580441571300,"id_str":"885384580441571328","text":"「ベートーヴェン」の獣神化が可能に！7/18（火）15時頃より解禁！詳細は公式サイトをチェック！ #モンスト https://t.co/q4nIz1j7Bj https://t.co/GANSCQLKDC","truncated":false,"entities":{"hashtags":[{"text":"モンスト","indices":[49,54]}],"symbols":[],"user_mentions":[],"urls":[{"url":"https://t.co/q4nIz1j7Bj","expanded_url":"https://www.monster-strike.com/news/20170713_1.html","display_url":"monster-strike.com/news/20170713_…","indices":[55,78]}],"media":[{"id":885384446358114300,"id_str":"885384446358114304","indices":[79,102],"media_url":"http://pbs.twimg.com/media/DEmEdobU0AAAzL1.png","media_url_https":"https://pbs.twimg.com/media/DEmEdobU0AAAzL1.png","url":"https://t.co/GANSCQLKDC","display_url":"pic.twitter.com/GANSCQLKDC","expanded_url":"https://twitter.com/monst_mixi/status/885384580441571328/photo/1","type":"photo","sizes":{"thumb":{"w":150,"h":150,"resize":"crop"},"small":{"w":401,"h":357,"resize":"fit"},"large":{"w":401,"h":357,"resize":"fit"},"medium":{"w":401,"h":357,"resize":"fit"}}}]},"extended_entities":{"media":[{"id":885384446358114300,"id_str":"885384446358114304","indices":[79,102],"media_url":"http://pbs.twimg.com/media/DEmEdobU0AAAzL1.png","media_url_https":"https://pbs.twimg.com/media/DEmEdobU0AAAzL1.png","url":"https://t.co/GANSCQLKDC","display_url":"pic.twitter.com/GANSCQLKDC","expanded_url":"https://twitter.com/monst_mixi/status/885384580441571328/photo/1","type":"photo","sizes":{"thumb":{"w":150,"h":150,"resize":"crop"},"small":{"w":401,"h":357,"resize":"fit"},"large":{"w":401,"h":357,"resize":"fit"},"medium":{"w":401,"h":357,"resize":"fit"}}}]},"metadata":{"iso_language_code":"ja","result_type":"recent"},"source":"<a href=\"http://twitter.com\" rel=\"nofollow\">Twitter Web Client</a>","in_reply_to_status_id":null,"in_reply_to_status_id_str":null,"in_reply_to_user_id":null,"in_reply_to_user_id_str":null,"in_reply_to_screen_name":null,"user":{"id":1930287096,"id_str":"1930287096","name":"モンスターストライク公式(モンスト)","screen_name":"monst_mixi","location":"公式HP","description":"「モンスターストライク（モンスト）」の公式twitterです！ゲームに関する情報やイベントの出現情報など最新のお知らせをツイート中！お問い合わせやご要望はこちら⇒ http://t.co/l5Vb4U2jfi　#モンスト","url":"http://t.co/236lNhcpzY","entities":{"url":{"urls":[{"url":"http://t.co/236lNhcpzY","expanded_url":"http://www.monster-strike.com/","display_url":"monster-strike.com","indices":[0,22]}]},"description":{"urls":[{"url":"http://t.co/l5Vb4U2jfi","expanded_url":"http://www.monster-strike.com/support/","display_url":"monster-strike.com/support/","indices":[82,104]}]}},"protected":false,"followers_count":2511849,"friends_count":16,"listed_count":4646,"created_at":"Thu Oct 03 11:04:08 +0000 2013","favourites_count":0,"utc_offset":32400,"time_zone":"Seoul","geo_enabled":true,"verified":true,"statuses_count":16673,"lang":"ja","contributors_enabled":false,"is_translator":false,"is_translation_enabled":false,"profile_background_color":"C0DEED","profile_background_image_url":"http://abs.twimg.com/images/themes/theme1/bg.png","profile_background_image_url_https":"https://abs.twimg.com/images/themes/theme1/bg.png","profile_background_tile":false,"profile_image_url":"http://pbs.twimg.com/profile_images/875584833749110785/-RLaSHFb_normal.jpg","profile_image_url_https":"https://pbs.twimg.com/profile_images/875584833749110785/-RLaSHFb_normal.jpg","profile_banner_url":"https://pbs.twimg.com/profile_banners/1930287096/1498717473","profile_link_color":"1DA1F2","profile_sidebar_border_color":"C0DEED","profile_sidebar_fill_color":"DDEEF6","profile_text_color":"333333","profile_use_background_image":true,"has_extended_profile":false,"default_profile":true,"default_profile_image":false,"following":false,"follow_request_sent":false,"notifications":false,"translator_type":"none"},"geo":null,"coordinates":null,"place":null,"contributors":null,"is_quote_status":false,"retweet_count":504,"favorite_count":694,"favorited":false,"retweeted":false,"possibly_sensitive":false,"lang":"ja"},{"created_at":"Thu Jul 13 06:22:55 +0000 2017","id":885384024478306300,"id_str":"885384024478306304","text":"皆さん‼️番組のポスターが出来上がりました😆20年前と今のヤマトたちは如何でしょうか⁉️街でポスターを見かけた際は教えて下さいね✨ #ぼくらの勇気 #未満都市😸 https://t.co/v0KK2O3W0V","truncated":false,"entities":{"hashtags":[{"text":"ぼくらの勇気","indices":[66,73]},{"text":"未満都市","indices":[74,79]}],"symbols":[],"user_mentions":[],"urls":[],"media":[{"id":885384011329163300,"id_str":"885384011329163264","indices":[81,104],"media_url":"http://pbs.twimg.com/media/DEmEET0V0AAz6Ep.jpg","media_url_https":"https://pbs.twimg.com/media/DEmEET0V0AAz6Ep.jpg","url":"https://t.co/v0KK2O3W0V","display_url":"pic.twitter.com/v0KK2O3W0V","expanded_url":"https://twitter.com/mimancity_ntv/status/885384024478306304/photo/1","type":"photo","sizes":{"small":{"w":680,"h":490,"resize":"fit"},"medium":{"w":1200,"h":865,"resize":"fit"},"thumb":{"w":150,"h":150,"resize":"crop"},"large":{"w":1500,"h":1081,"resize":"fit"}}}]},"extended_entities":{"media":[{"id":885384011329163300,"id_str":"885384011329163264","indices":[81,104],"media_url":"http://pbs.twimg.com/media/DEmEET0V0AAz6Ep.jpg","media_url_https":"https://pbs.twimg.com/media/DEmEET0V0AAz6Ep.jpg","url":"https://t.co/v0KK2O3W0V","display_url":"pic.twitter.com/v0KK2O3W0V","expanded_url":"https://twitter.com/mimancity_ntv/status/885384024478306304/photo/1","type":"photo","sizes":{"small":{"w":680,"h":490,"resize":"fit"},"medium":{"w":1200,"h":865,"resize":"fit"},"thumb":{"w":150,"h":150,"resize":"crop"},"large":{"w":1500,"h":1081,"resize":"fit"}}}]},"metadata":{"iso_language_code":"ja","result_type":"recent"},"source":"<a href=\"http://twitter.com/download/iphone\" rel=\"nofollow\">Twitter for iPhone</a>","in_reply_to_status_id":null,"in_reply_to_status_id_str":null,"in_reply_to_user_id":null,"in_reply_to_user_id_str":null,"in_reply_to_screen_name":null,"user":{"id":863518474198319100,"id_str":"863518474198319104","name":"【公式】ぼくらの勇気 未満都市2017","screen_name":"mimancity_ntv","location":"","description":"NTV「ぼくらの勇気 未満都市2017」公式Twitterです。出演:堂本光一、堂本剛・相葉雅紀(友情出演)、松本潤(友情出演)・矢田亜希子、小原裕貴、道枝駿佑(関西ジャニーズJr.)、早見あかり、千葉雄大・山内圭哉、向井理 ほか。2017年7月21日(金)よる9時放送！","url":"https://t.co/eIi79QWxVg","entities":{"url":{"urls":[{"url":"https://t.co/eIi79QWxVg","expanded_url":"http://www.ntv.co.jp/mimancity/","display_url":"ntv.co.jp/mimancity/","indices":[0,23]}]},"description":{"urls":[]}},"protected":false,"followers_count":77172,"friends_count":0,"listed_count":208,"created_at":"Sat May 13 22:17:02 +0000 2017","favourites_count":1,"utc_offset":null,"time_zone":null,"geo_enabled":true,"verified":false,"statuses_count":26,"lang":"ja","contributors_enabled":false,"is_translator":false,"is_translation_enabled":false,"profile_background_color":"F5F8FA","profile_background_image_url":null,"profile_background_image_url_https":null,"profile_background_tile":false,"profile_image_url":"http://pbs.twimg.com/profile_images/876891599279497216/IU7a47_G_normal.jpg","profile_image_url_https":"https://pbs.twimg.com/profile_images/876891599279497216/IU7a47_G_normal.jpg","profile_banner_url":"https://pbs.twimg.com/profile_banners/863518474198319104/1497902225","profile_link_color":"1DA1F2","profile_sidebar_border_color":"C0DEED","profile_sidebar_fill_color":"DDEEF6","profile_text_color":"333333","profile_use_background_image":true,"has_extended_profile":false,"default_profile":true,"default_profile_image":false,"following":false,"follow_request_sent":false,"notifications":false,"translator_type":"none"},"geo":null,"coordinates":null,"place":null,"contributors":null,"is_quote_status":false,"retweet_count":2080,"favorite_count":3200,"favorited":false,"retweeted":false,"possibly_sensitive":false,"lang":"ja"},{"created_at":"Thu Jul 13 06:20:32 +0000 2017","id":885383424520839200,"id_str":"885383424520839168","text":"７月１６日１５時より『真夏のミステリーワンダーランド』開催！\nエスパーニャンコを追って、\nニートワンダーランドに迷い込んだ「十四松」\n※真夏のミステリーワンダーランドはボス戦なしのイベントとなります。\n#たび松 https://t.co/ckHc8N6fOe","truncated":false,"entities":{"hashtags":[{"text":"たび松","indices":[101,105]}],"symbols":[],"user_mentions":[],"urls":[],"media":[{"id":885383389863321600,"id_str":"885383389863321604","indices":[106,129],"media_url":"http://pbs.twimg.com/media/DEmDgIrVoAQ50X-.jpg","media_url_https":"https://pbs.twimg.com/media/DEmDgIrVoAQ50X-.jpg","url":"https://t.co/ckHc8N6fOe","display_url":"pic.twitter.com/ckHc8N6fOe","expanded_url":"https://twitter.com/tabimatsu_game/status/885383424520839168/photo/1","type":"photo","sizes":{"medium":{"w":506,"h":506,"resize":"fit"},"large":{"w":506,"h":506,"resize":"fit"},"thumb":{"w":150,"h":150,"resize":"crop"},"small":{"w":506,"h":506,"resize":"fit"}}}]},"extended_entities":{"media":[{"id":885383389863321600,"id_str":"885383389863321604","indices":[106,129],"media_url":"http://pbs.twimg.com/media/DEmDgIrVoAQ50X-.jpg","media_url_https":"https://pbs.twimg.com/media/DEmDgIrVoAQ50X-.jpg","url":"https://t.co/ckHc8N6fOe","display_url":"pic.twitter.com/ckHc8N6fOe","expanded_url":"https://twitter.com/tabimatsu_game/status/885383424520839168/photo/1","type":"photo","sizes":{"medium":{"w":506,"h":506,"resize":"fit"},"large":{"w":506,"h":506,"resize":"fit"},"thumb":{"w":150,"h":150,"resize":"crop"},"small":{"w":506,"h":506,"resize":"fit"}}}]},"metadata":{"iso_language_code":"ja","result_type":"recent"},"source":"<a href=\"http://twitter.com\" rel=\"nofollow\">Twitter Web Client</a>","in_reply_to_status_id":null,"in_reply_to_status_id_str":null,"in_reply_to_user_id":null,"in_reply_to_user_id_str":null,"in_reply_to_screen_name":null,"user":{"id":760371500612395000,"id_str":"760371500612395009","name":"おそ松さんのニートスゴロクぶらり旅【公式","screen_name":"tabimatsu_game","location":"","description":"TVアニメ「おそ松さん」の公式アプリ「おそ松さんのニートスゴロクぶらり旅」の公式アカウントです。略して「たび松」！不具合などのご報告はアプリ内のお問い合わせ、または「info@tabimatsu-game.com」へお願いいたします。","url":"https://t.co/57a9oK3JQV","entities":{"url":{"urls":[{"url":"https://t.co/57a9oK3JQV","expanded_url":"https://tabimatsu-game.com/","display_url":"tabimatsu-game.com","indices":[0,23]}]},"description":{"urls":[]}},"protected":false,"followers_count":62465,"friends_count":2,"listed_count":741,"created_at":"Tue Aug 02 07:07:47 +0000 2016","favourites_count":0,"utc_offset":32400,"time_zone":"Tokyo","geo_enabled":false,"verified":false,"statuses_count":709,"lang":"ja","contributors_enabled":false,"is_translator":false,"is_translation_enabled":false,"profile_background_color":"F5F8FA","profile_background_image_url":null,"profile_background_image_url_https":null,"profile_background_tile":false,"profile_image_url":"http://pbs.twimg.com/profile_images/874504751316062209/KYj3MkRl_normal.jpg","profile_image_url_https":"https://pbs.twimg.com/profile_images/874504751316062209/KYj3MkRl_normal.jpg","profile_banner_url":"https://pbs.twimg.com/profile_banners/760371500612395009/1473155463","profile_link_color":"1DA1F2","profile_sidebar_border_color":"C0DEED","profile_sidebar_fill_color":"DDEEF6","profile_text_color":"333333","profile_use_background_image":true,"has_extended_profile":false,"default_profile":true,"default_profile_image":false,"following":false,"follow_request_sent":false,"notifications":false,"translator_type":"none"},"geo":null,"coordinates":null,"place":null,"contributors":null,"is_quote_status":false,"retweet_count":556,"favorite_count":840,"favorited":false,"retweeted":false,"possibly_sensitive":false,"lang":"ja"},{"created_at":"Thu Jul 13 06:17:16 +0000 2017","id":885382602227458000,"id_str":"885382602227458048","text":"はい。四条貴音さん。 https://t.co/cWetX42m6d","truncated":false,"entities":{"hashtags":[],"symbols":[],"user_mentions":[],"urls":[],"media":[{"id":885382590139519000,"id_str":"885382590139518976","indices":[11,34],"media_url":"http://pbs.twimg.com/media/DEmCxleU0AAN0zM.jpg","media_url_https":"https://pbs.twimg.com/media/DEmCxleU0AAN0zM.jpg","url":"https://t.co/cWetX42m6d","display_url":"pic.twitter.com/cWetX42m6d","expanded_url":"https://twitter.com/PaP_hanatsumi/status/885382602227458048/photo/1","type":"photo","sizes":{"large":{"w":1136,"h":640,"resize":"fit"},"thumb":{"w":150,"h":150,"resize":"crop"},"medium":{"w":1136,"h":640,"resize":"fit"},"small":{"w":680,"h":383,"resize":"fit"}}}]},"extended_entities":{"media":[{"id":885382590139519000,"id_str":"885382590139518976","indices":[11,34],"media_url":"http://pbs.twimg.com/media/DEmCxleU0AAN0zM.jpg","media_url_https":"https://pbs.twimg.com/media/DEmCxleU0AAN0zM.jpg","url":"https://t.co/cWetX42m6d","display_url":"pic.twitter.com/cWetX42m6d","expanded_url":"https://twitter.com/PaP_hanatsumi/status/885382602227458048/photo/1","type":"photo","sizes":{"large":{"w":1136,"h":640,"resize":"fit"},"thumb":{"w":150,"h":150,"resize":"crop"},"medium":{"w":1136,"h":640,"resize":"fit"},"small":{"w":680,"h":383,"resize":"fit"}}},{"id":885382590147866600,"id_str":"885382590147866625","indices":[11,34],"media_url":"http://pbs.twimg.com/media/DEmCxlgUMAEGiAL.jpg","media_url_https":"https://pbs.twimg.com/media/DEmCxlgUMAEGiAL.jpg","url":"https://t.co/cWetX42m6d","display_url":"pic.twitter.com/cWetX42m6d","expanded_url":"https://twitter.com/PaP_hanatsumi/status/885382602227458048/photo/1","type":"photo","sizes":{"large":{"w":640,"h":1136,"resize":"fit"},"small":{"w":383,"h":680,"resize":"fit"},"thumb":{"w":150,"h":150,"resize":"crop"},"medium":{"w":640,"h":1136,"resize":"fit"}}},{"id":885382590135377900,"id_str":"885382590135377920","indices":[11,34],"media_url":"http://pbs.twimg.com/media/DEmCxldVoAAY-he.jpg","media_url_https":"https://pbs.twimg.com/media/DEmCxldVoAAY-he.jpg","url":"https://t.co/cWetX42m6d","display_url":"pic.twitter.com/cWetX42m6d","expanded_url":"https://twitter.com/PaP_hanatsumi/status/885382602227458048/photo/1","type":"photo","sizes":{"large":{"w":640,"h":1136,"resize":"fit"},"small":{"w":383,"h":680,"resize":"fit"},"thumb":{"w":150,"h":150,"resize":"crop"},"medium":{"w":640,"h":1136,"resize":"fit"}}}]},"metadata":{"iso_language_code":"ja","result_type":"recent"},"source":"<a href=\"http://twitter.com/download/iphone\" rel=\"nofollow\">Twitter for iPhone</a>","in_reply_to_status_id":null,"in_reply_to_status_id_str":null,"in_reply_to_user_id":null,"in_reply_to_user_id_str":null,"in_reply_to_screen_name":null,"user":{"id":1151409162,"id_str":"1151409162","name":"花摘み","screen_name":"PaP_hanatsumi","location":"","description":"歌織Pで百合子Pで紬Pです。(｀・ω・´)シアターデイズ MBBRY767 グラブルは2460759、空の果てに生息中","url":null,"entities":{"description":{"urls":[]}},"protected":false,"followers_count":1456,"friends_count":602,"listed_count":56,"created_at":"Tue Feb 05 16:55:06 +0000 2013","favourites_count":787,"utc_offset":28800,"time_zone":"Irkutsk","geo_enabled":false,"verified":false,"statuses_count":17880,"lang":"ja","contributors_enabled":false,"is_translator":false,"is_translation_enabled":false,"profile_background_color":"C0DEED","profile_background_image_url":"http://abs.twimg.com/images/themes/theme1/bg.png","profile_background_image_url_https":"https://abs.twimg.com/images/themes/theme1/bg.png","profile_background_tile":false,"profile_image_url":"http://pbs.twimg.com/profile_images/879972097660821504/QHv6gy5q_normal.jpg","profile_image_url_https":"https://pbs.twimg.com/profile_images/879972097660821504/QHv6gy5q_normal.jpg","profile_banner_url":"https://pbs.twimg.com/profile_banners/1151409162/1497258209","profile_link_color":"1DA1F2","profile_sidebar_border_color":"C0DEED","profile_sidebar_fill_color":"DDEEF6","profile_text_color":"333333","profile_use_background_image":true,"has_extended_profile":false,"default_profile":true,"default_profile_image":false,"following":false,"follow_request_sent":false,"notifications":false,"translator_type":"none"},"geo":null,"coordinates":null,"place":null,"contributors":null,"is_quote_status":false,"retweet_count":580,"favorite_count":340,"favorited":false,"retweeted":false,"possibly_sensitive":false,"lang":"ja"},{"created_at":"Thu Jul 13 06:15:56 +0000 2017","id":885382265986965500,"id_str":"885382265986965504","text":"７月１６日１５時より『真夏のミステリーワンダーランド』開催！\nエスパーニャンコを追って、\nニートワンダーランドに迷い込んだ「一松」\n※真夏のミステリーワンダーランドはボス戦なしのイベントとなります。\n#たび松 https://t.co/mkszSmeMGV","truncated":false,"entities":{"hashtags":[{"text":"たび松","indices":[100,104]}],"symbols":[],"user_mentions":[],"urls":[],"media":[{"id":885382244793110500,"id_str":"885382244793110529","indices":[105,128],"media_url":"http://pbs.twimg.com/media/DEmCde9U0AEVdyP.jpg","media_url_https":"https://pbs.twimg.com/media/DEmCde9U0AEVdyP.jpg","url":"https://t.co/mkszSmeMGV","display_url":"pic.twitter.com/mkszSmeMGV","expanded_url":"https://twitter.com/tabimatsu_game/status/885382265986965504/photo/1","type":"photo","sizes":{"thumb":{"w":150,"h":150,"resize":"crop"},"large":{"w":506,"h":506,"resize":"fit"},"medium":{"w":506,"h":506,"resize":"fit"},"small":{"w":506,"h":506,"resize":"fit"}}}]},"extended_entities":{"media":[{"id":885382244793110500,"id_str":"885382244793110529","indices":[105,128],"media_url":"http://pbs.twimg.com/media/DEmCde9U0AEVdyP.jpg","media_url_https":"https://pbs.twimg.com/media/DEmCde9U0AEVdyP.jpg","url":"https://t.co/mkszSmeMGV","display_url":"pic.twitter.com/mkszSmeMGV","expanded_url":"https://twitter.com/tabimatsu_game/status/885382265986965504/photo/1","type":"photo","sizes":{"thumb":{"w":150,"h":150,"resize":"crop"},"large":{"w":506,"h":506,"resize":"fit"},"medium":{"w":506,"h":506,"resize":"fit"},"small":{"w":506,"h":506,"resize":"fit"}}}]},"metadata":{"iso_language_code":"ja","result_type":"recent"},"source":"<a href=\"http://twitter.com\" rel=\"nofollow\">Twitter Web Client</a>","in_reply_to_status_id":null,"in_reply_to_status_id_str":null,"in_reply_to_user_id":null,"in_reply_to_user_id_str":null,"in_reply_to_screen_name":null,"user":{"id":760371500612395000,"id_str":"760371500612395009","name":"おそ松さんのニートスゴロクぶらり旅【公式","screen_name":"tabimatsu_game","location":"","description":"TVアニメ「おそ松さん」の公式アプリ「おそ松さんのニートスゴロクぶらり旅」の公式アカウントです。略して「たび松」！不具合などのご報告はアプリ内のお問い合わせ、または「info@tabimatsu-game.com」へお願いいたします。","url":"https://t.co/57a9oK3JQV","entities":{"url":{"urls":[{"url":"https://t.co/57a9oK3JQV","expanded_url":"https://tabimatsu-game.com/","display_url":"tabimatsu-game.com","indices":[0,23]}]},"description":{"urls":[]}},"protected":false,"followers_count":62465,"friends_count":2,"listed_count":741,"created_at":"Tue Aug 02 07:07:47 +0000 2016","favourites_count":0,"utc_offset":32400,"time_zone":"Tokyo","geo_enabled":false,"verified":false,"statuses_count":709,"lang":"ja","contributors_enabled":false,"is_translator":false,"is_translation_enabled":false,"profile_background_color":"F5F8FA","profile_background_image_url":null,"profile_background_image_url_https":null,"profile_background_tile":false,"profile_image_url":"http://pbs.twimg.com/profile_images/874504751316062209/KYj3MkRl_normal.jpg","profile_image_url_https":"https://pbs.twimg.com/profile_images/874504751316062209/KYj3MkRl_normal.jpg","profile_banner_url":"https://pbs.twimg.com/profile_banners/760371500612395009/1473155463","profile_link_color":"1DA1F2","profile_sidebar_border_color":"C0DEED","profile_sidebar_fill_color":"DDEEF6","profile_text_color":"333333","profile_use_background_image":true,"has_extended_profile":false,"default_profile":true,"default_profile_image":false,"following":false,"follow_request_sent":false,"notifications":false,"translator_type":"none"},"geo":null,"coordinates":null,"place":null,"contributors":null,"is_quote_status":false,"retweet_count":1011,"favorite_count":1423,"favorited":false,"retweeted":false,"possibly_sensitive":false,"lang":"ja"},{"created_at":"Thu Jul 13 06:13:25 +0000 2017","id":885381633506852900,"id_str":"885381633506852864","text":"「幽劇」\n顔合わせでした！\n\n素敵な方たちばかりで\nとても楽しみ。\n\nしっかり食らいついて\n深みある作品にします！！！ https://t.co/nCvFwhdiiQ","truncated":false,"entities":{"hashtags":[],"symbols":[],"user_mentions":[],"urls":[],"media":[{"id":885381617014812700,"id_str":"885381617014812672","indices":[60,83],"media_url":"http://pbs.twimg.com/media/DEmB48TUMAAUd5f.jpg","media_url_https":"https://pbs.twimg.com/media/DEmB48TUMAAUd5f.jpg","url":"https://t.co/nCvFwhdiiQ","display_url":"pic.twitter.com/nCvFwhdiiQ","expanded_url":"https://twitter.com/shotaro_arsw/status/885381633506852864/photo/1","type":"photo","sizes":{"large":{"w":2048,"h":1448,"resize":"fit"},"small":{"w":680,"h":481,"resize":"fit"},"thumb":{"w":150,"h":150,"resize":"crop"},"medium":{"w":1200,"h":848,"resize":"fit"}}}]},"extended_entities":{"media":[{"id":885381617014812700,"id_str":"885381617014812672","indices":[60,83],"media_url":"http://pbs.twimg.com/media/DEmB48TUMAAUd5f.jpg","media_url_https":"https://pbs.twimg.com/media/DEmB48TUMAAUd5f.jpg","url":"https://t.co/nCvFwhdiiQ","display_url":"pic.twitter.com/nCvFwhdiiQ","expanded_url":"https://twitter.com/shotaro_arsw/status/885381633506852864/photo/1","type":"photo","sizes":{"large":{"w":2048,"h":1448,"resize":"fit"},"small":{"w":680,"h":481,"resize":"fit"},"thumb":{"w":150,"h":150,"resize":"crop"},"medium":{"w":1200,"h":848,"resize":"fit"}}},{"id":885381617006518300,"id_str":"885381617006518273","indices":[60,83],"media_url":"http://pbs.twimg.com/media/DEmB48RVoAE7kU1.jpg","media_url_https":"https://pbs.twimg.com/media/DEmB48RVoAE7kU1.jpg","url":"https://t.co/nCvFwhdiiQ","display_url":"pic.twitter.com/nCvFwhdiiQ","expanded_url":"https://twitter.com/shotaro_arsw/status/885381633506852864/photo/1","type":"photo","sizes":{"medium":{"w":1200,"h":900,"resize":"fit"},"thumb":{"w":150,"h":150,"resize":"crop"},"large":{"w":1920,"h":1440,"resize":"fit"},"small":{"w":680,"h":510,"resize":"fit"}}}]},"metadata":{"iso_language_code":"ja","result_type":"recent"},"source":"<a href=\"http://twitter.com/download/iphone\" rel=\"nofollow\">Twitter for iPhone</a>","in_reply_to_status_id":null,"in_reply_to_status_id_str":null,"in_reply_to_user_id":null,"in_reply_to_user_id_str":null,"in_reply_to_screen_name":null,"user":{"id":4342840873,"id_str":"4342840873","name":"有澤樟太郎","screen_name":"shotaro_arsw","location":"","description":"キャストコーポレーション所属/95.9.28生/21歳/184cm/兵庫県出身/ミュージカル『刀剣乱舞』和泉守兼定/ハイパープロジェクション演劇「ハイキュー!!」国見 英/7月19.22日 朗読劇「陰陽師」安倍晴明/8月17日〜23日 舞台「幽劇」/7月15日〜GYAO！配信ドラマ「めがだん」本屋のめがねくん","url":"https://t.co/FiypvTVrNp","entities":{"url":{"urls":[{"url":"https://t.co/FiypvTVrNp","expanded_url":"http://s.ameblo.jp/arisawa-shotaro","display_url":"s.ameblo.jp/arisawa-shotaro","indices":[0,23]}]},"description":{"urls":[]}},"protected":false,"followers_count":47514,"friends_count":97,"listed_count":2577,"created_at":"Tue Nov 24 07:57:53 +0000 2015","favourites_count":38,"utc_offset":null,"time_zone":null,"geo_enabled":false,"verified":false,"statuses_count":1084,"lang":"en","contributors_enabled":false,"is_translator":false,"is_translation_enabled":false,"profile_background_color":"C0DEED","profile_background_image_url":"http://abs.twimg.com/images/themes/theme1/bg.png","profile_background_image_url_https":"https://abs.twimg.com/images/themes/theme1/bg.png","profile_background_tile":false,"profile_image_url":"http://pbs.twimg.com/profile_images/669088353040527360/VzZzlteQ_normal.jpg","profile_image_url_https":"https://pbs.twimg.com/profile_images/669088353040527360/VzZzlteQ_normal.jpg","profile_banner_url":"https://pbs.twimg.com/profile_banners/4342840873/1482829909","profile_link_color":"1DA1F2","profile_sidebar_border_color":"C0DEED","profile_sidebar_fill_color":"DDEEF6","profile_text_color":"333333","profile_use_background_image":true,"has_extended_profile":true,"default_profile":true,"default_profile_image":false,"following":false,"follow_request_sent":false,"notifications":false,"translator_type":"none"},"geo":null,"coordinates":null,"place":null,"contributors":null,"is_quote_status":false,"retweet_count":721,"favorite_count":1309,"favorited":false,"retweeted":false,"possibly_sensitive":false,"lang":"ja"},{"created_at":"Thu Jul 13 06:11:43 +0000 2017","id":885381204773449700,"id_str":"885381204773449729","text":"はい。七尾百合子さん。 https://t.co/hBjJ69kvyS","truncated":false,"entities":{"hashtags":[],"symbols":[],"user_mentions":[],"urls":[],"media":[{"id":885381196741435400,"id_str":"885381196741435393","indices":[12,35],"media_url":"http://pbs.twimg.com/media/DEmBgeqVYAEqgTb.jpg","media_url_https":"https://pbs.twimg.com/media/DEmBgeqVYAEqgTb.jpg","url":"https://t.co/hBjJ69kvyS","display_url":"pic.twitter.com/hBjJ69kvyS","expanded_url":"https://twitter.com/PaP_hanatsumi/status/885381204773449729/photo/1","type":"photo","sizes":{"small":{"w":680,"h":383,"resize":"fit"},"large":{"w":1136,"h":640,"resize":"fit"},"thumb":{"w":150,"h":150,"resize":"crop"},"medium":{"w":1136,"h":640,"resize":"fit"}}}]},"extended_entities":{"media":[{"id":885381196741435400,"id_str":"885381196741435393","indices":[12,35],"media_url":"http://pbs.twimg.com/media/DEmBgeqVYAEqgTb.jpg","media_url_https":"https://pbs.twimg.com/media/DEmBgeqVYAEqgTb.jpg","url":"https://t.co/hBjJ69kvyS","display_url":"pic.twitter.com/hBjJ69kvyS","expanded_url":"https://twitter.com/PaP_hanatsumi/status/885381204773449729/photo/1","type":"photo","sizes":{"small":{"w":680,"h":383,"resize":"fit"},"large":{"w":1136,"h":640,"resize":"fit"},"thumb":{"w":150,"h":150,"resize":"crop"},"medium":{"w":1136,"h":640,"resize":"fit"}}},{"id":885381196733075500,"id_str":"885381196733075457","indices":[12,35],"media_url":"http://pbs.twimg.com/media/DEmBgeoV0AEFtzy.jpg","media_url_https":"https://pbs.twimg.com/media/DEmBgeoV0AEFtzy.jpg","url":"https://t.co/hBjJ69kvyS","display_url":"pic.twitter.com/hBjJ69kvyS","expanded_url":"https://twitter.com/PaP_hanatsumi/status/885381204773449729/photo/1","type":"photo","sizes":{"large":{"w":640,"h":1136,"resize":"fit"},"small":{"w":383,"h":680,"resize":"fit"},"thumb":{"w":150,"h":150,"resize":"crop"},"medium":{"w":640,"h":1136,"resize":"fit"}}},{"id":885381196741451800,"id_str":"885381196741451777","indices":[12,35],"media_url":"http://pbs.twimg.com/media/DEmBgeqVoAERzTV.jpg","media_url_https":"https://pbs.twimg.com/media/DEmBgeqVoAERzTV.jpg","url":"https://t.co/hBjJ69kvyS","display_url":"pic.twitter.com/hBjJ69kvyS","expanded_url":"https://twitter.com/PaP_hanatsumi/status/885381204773449729/photo/1","type":"photo","sizes":{"large":{"w":640,"h":1136,"resize":"fit"},"small":{"w":383,"h":680,"resize":"fit"},"thumb":{"w":150,"h":150,"resize":"crop"},"medium":{"w":640,"h":1136,"resize":"fit"}}}]},"metadata":{"iso_language_code":"ja","result_type":"recent"},"source":"<a href=\"http://twitter.com/download/iphone\" rel=\"nofollow\">Twitter for iPhone</a>","in_reply_to_status_id":null,"in_reply_to_status_id_str":null,"in_reply_to_user_id":null,"in_reply_to_user_id_str":null,"in_reply_to_screen_name":null,"user":{"id":1151409162,"id_str":"1151409162","name":"花摘み","screen_name":"PaP_hanatsumi","location":"","description":"歌織Pで百合子Pで紬Pです。(｀・ω・´)シアターデイズ MBBRY767 グラブルは2460759、空の果てに生息中","url":null,"entities":{"description":{"urls":[]}},"protected":false,"followers_count":1456,"friends_count":602,"listed_count":56,"created_at":"Tue Feb 05 16:55:06 +0000 2013","favourites_count":787,"utc_offset":28800,"time_zone":"Irkutsk","geo_enabled":false,"verified":false,"statuses_count":17880,"lang":"ja","contributors_enabled":false,"is_translator":false,"is_translation_enabled":false,"profile_background_color":"C0DEED","profile_background_image_url":"http://abs.twimg.com/images/themes/theme1/bg.png","profile_background_image_url_https":"https://abs.twimg.com/images/themes/theme1/bg.png","profile_background_tile":false,"profile_image_url":"http://pbs.twimg.com/profile_images/879972097660821504/QHv6gy5q_normal.jpg","profile_image_url_https":"https://pbs.twimg.com/profile_images/879972097660821504/QHv6gy5q_normal.jpg","profile_banner_url":"https://pbs.twimg.com/profile_banners/1151409162/1497258209","profile_link_color":"1DA1F2","profile_sidebar_border_color":"C0DEED","profile_sidebar_fill_color":"DDEEF6","profile_text_color":"333333","profile_use_background_image":true,"has_extended_profile":false,"default_profile":true,"default_profile_image":false,"following":false,"follow_request_sent":false,"notifications":false,"translator_type":"none"},"geo":null,"coordinates":null,"place":null,"contributors":null,"is_quote_status":false,"retweet_count":880,"favorite_count":463,"favorited":false,"retweeted":false,"possibly_sensitive":false,"lang":"ja"},{"created_at":"Thu Jul 13 06:11:34 +0000 2017","id":885381167087669200,"id_str":"885381167087669249","text":"【ミリシタ】暑い夏もアイドルと一緒に楽しもう！『夏だ！海だ！真夏の海水浴ガシャ』開催！→→ https://t.co/R32znIKLbo #idolmaster #ミリシタ https://t.co/MNsfsfL7C1","truncated":false,"entities":{"hashtags":[{"text":"idolmaster","indices":[70,81]},{"text":"ミリシタ","indices":[82,87]}],"symbols":[],"user_mentions":[],"urls":[{"url":"https://t.co/R32znIKLbo","expanded_url":"http://idolmaster.jp/blog/?p=31444","display_url":"idolmaster.jp/blog/?p=31444","indices":[46,69]}],"media":[{"id":885381164059328500,"id_str":"885381164059328512","indices":[88,111],"media_url":"http://pbs.twimg.com/media/DEmBek6UAAA1isa.jpg","media_url_https":"https://pbs.twimg.com/media/DEmBek6UAAA1isa.jpg","url":"https://t.co/MNsfsfL7C1","display_url":"pic.twitter.com/MNsfsfL7C1","expanded_url":"https://twitter.com/imas_official/status/885381167087669249/photo/1","type":"photo","sizes":{"thumb":{"w":150,"h":150,"resize":"crop"},"medium":{"w":640,"h":320,"resize":"fit"},"small":{"w":640,"h":320,"resize":"fit"},"large":{"w":640,"h":320,"resize":"fit"}}}]},"extended_entities":{"media":[{"id":885381164059328500,"id_str":"885381164059328512","indices":[88,111],"media_url":"http://pbs.twimg.com/media/DEmBek6UAAA1isa.jpg","media_url_https":"https://pbs.twimg.com/media/DEmBek6UAAA1isa.jpg","url":"https://t.co/MNsfsfL7C1","display_url":"pic.twitter.com/MNsfsfL7C1","expanded_url":"https://twitter.com/imas_official/status/885381167087669249/photo/1","type":"photo","sizes":{"thumb":{"w":150,"h":150,"resize":"crop"},"medium":{"w":640,"h":320,"resize":"fit"},"small":{"w":640,"h":320,"resize":"fit"},"large":{"w":640,"h":320,"resize":"fit"}}}]},"metadata":{"iso_language_code":"ja","result_type":"recent"},"source":"<a href=\"http://idolmaster.jp/blog/\" rel=\"nofollow\">アイドルマスター公式ブログ</a>","in_reply_to_status_id":null,"in_reply_to_status_id_str":null,"in_reply_to_user_id":null,"in_reply_to_user_id_str":null,"in_reply_to_screen_name":null,"user":{"id":2386153344,"id_str":"2386153344","name":"アイドルマスター公式ツイッター","screen_name":"imas_official","location":"PROJECT IM@S 2nd VISION","description":"アイドルマスター公式ブログの更新情報を中心につぶやきます！\r\n※本アカウントでは、リプライに対する返信や、お問い合わせのお答えはしておりません。\r\nお問い合わせについてはこちらをご覧下さい→ http://t.co/vt4FcVGkDe","url":"http://t.co/nKOsLrXUo5","entities":{"url":{"urls":[{"url":"http://t.co/nKOsLrXUo5","expanded_url":"http://idolmaster.jp/","display_url":"idolmaster.jp","indices":[0,22]}]},"description":{"urls":[{"url":"http://t.co/vt4FcVGkDe","expanded_url":"http://bandainam.co/17Cz1OI","display_url":"bandainam.co/17Cz1OI","indices":[96,118]}]}},"protected":false,"followers_count":178716,"friends_count":11,"listed_count":3877,"created_at":"Thu Mar 13 02:27:31 +0000 2014","favourites_count":2,"utc_offset":-25200,"time_zone":"Pacific Time (US & Canada)","geo_enabled":false,"verified":true,"statuses_count":2162,"lang":"ja","contributors_enabled":false,"is_translator":false,"is_translation_enabled":false,"profile_background_color":"AEF1ED","profile_background_image_url":"http://pbs.twimg.com/profile_background_images/496195845088215040/2A-9o1W_.png","profile_background_image_url_https":"https://pbs.twimg.com/profile_background_images/496195845088215040/2A-9o1W_.png","profile_background_tile":false,"profile_image_url":"http://pbs.twimg.com/profile_images/824435672094167040/8pUyep82_normal.jpg","profile_image_url_https":"https://pbs.twimg.com/profile_images/824435672094167040/8pUyep82_normal.jpg","profile_banner_url":"https://pbs.twimg.com/profile_banners/2386153344/1493696883","profile_link_color":"0084B4","profile_sidebar_border_color":"FFFFFF","profile_sidebar_fill_color":"DDEEF6","profile_text_color":"333333","profile_use_background_image":false,"has_extended_profile":false,"default_profile":false,"default_profile_image":false,"following":false,"follow_request_sent":false,"notifications":false,"translator_type":"none"},"geo":null,"coordinates":null,"place":null,"contributors":null,"is_quote_status":false,"retweet_count":559,"favorite_count":523,"favorited":false,"retweeted":false,"possibly_sensitive":false,"lang":"ja"},{"created_at":"Thu Jul 13 06:10:01 +0000 2017","id":885380775989739500,"id_str":"885380775989739521","text":"７月１６日１５時より『真夏のミステリーワンダーランド』開催！\nエスパーニャンコを追って、\nニートワンダーランドに迷い込んだ「チョロ松」\n※真夏のミステリーワンダーランドはボス戦なしのイベントとなります。\n#たび松 https://t.co/ndeOm9KMVB","truncated":false,"entities":{"hashtags":[{"text":"たび松","indices":[102,106]}],"symbols":[],"user_mentions":[],"urls":[],"media":[{"id":885380698659356700,"id_str":"885380698659356674","indices":[107,130],"media_url":"http://pbs.twimg.com/media/DEmBDfKUAAIaQQl.jpg","media_url_https":"https://pbs.twimg.com/media/DEmBDfKUAAIaQQl.jpg","url":"https://t.co/ndeOm9KMVB","display_url":"pic.twitter.com/ndeOm9KMVB","expanded_url":"https://twitter.com/tabimatsu_game/status/885380775989739521/photo/1","type":"photo","sizes":{"medium":{"w":506,"h":506,"resize":"fit"},"thumb":{"w":150,"h":150,"resize":"crop"},"large":{"w":506,"h":506,"resize":"fit"},"small":{"w":506,"h":506,"resize":"fit"}}}]},"extended_entities":{"media":[{"id":885380698659356700,"id_str":"885380698659356674","indices":[107,130],"media_url":"http://pbs.twimg.com/media/DEmBDfKUAAIaQQl.jpg","media_url_https":"https://pbs.twimg.com/media/DEmBDfKUAAIaQQl.jpg","url":"https://t.co/ndeOm9KMVB","display_url":"pic.twitter.com/ndeOm9KMVB","expanded_url":"https://twitter.com/tabimatsu_game/status/885380775989739521/photo/1","type":"photo","sizes":{"medium":{"w":506,"h":506,"resize":"fit"},"thumb":{"w":150,"h":150,"resize":"crop"},"large":{"w":506,"h":506,"resize":"fit"},"small":{"w":506,"h":506,"resize":"fit"}}}]},"metadata":{"iso_language_code":"ja","result_type":"recent"},"source":"<a href=\"http://twitter.com\" rel=\"nofollow\">Twitter Web Client</a>","in_reply_to_status_id":null,"in_reply_to_status_id_str":null,"in_reply_to_user_id":null,"in_reply_to_user_id_str":null,"in_reply_to_screen_name":null,"user":{"id":760371500612395000,"id_str":"760371500612395009","name":"おそ松さんのニートスゴロクぶらり旅【公式","screen_name":"tabimatsu_game","location":"","description":"TVアニメ「おそ松さん」の公式アプリ「おそ松さんのニートスゴロクぶらり旅」の公式アカウントです。略して「たび松」！不具合などのご報告はアプリ内のお問い合わせ、または「info@tabimatsu-game.com」へお願いいたします。","url":"https://t.co/57a9oK3JQV","entities":{"url":{"urls":[{"url":"https://t.co/57a9oK3JQV","expanded_url":"https://tabimatsu-game.com/","display_url":"tabimatsu-game.com","indices":[0,23]}]},"description":{"urls":[]}},"protected":false,"followers_count":62465,"friends_count":2,"listed_count":741,"created_at":"Tue Aug 02 07:07:47 +0000 2016","favourites_count":0,"utc_offset":32400,"time_zone":"Tokyo","geo_enabled":false,"verified":false,"statuses_count":709,"lang":"ja","contributors_enabled":false,"is_translator":false,"is_translation_enabled":false,"profile_background_color":"F5F8FA","profile_background_image_url":null,"profile_background_image_url_https":null,"profile_background_tile":false,"profile_image_url":"http://pbs.twimg.com/profile_images/874504751316062209/KYj3MkRl_normal.jpg","profile_image_url_https":"https://pbs.twimg.com/profile_images/874504751316062209/KYj3MkRl_normal.jpg","profile_banner_url":"https://pbs.twimg.com/profile_banners/760371500612395009/1473155463","profile_link_color":"1DA1F2","profile_sidebar_border_color":"C0DEED","profile_sidebar_fill_color":"DDEEF6","profile_text_color":"333333","profile_use_background_image":true,"has_extended_profile":false,"default_profile":true,"default_profile_image":false,"following":false,"follow_request_sent":false,"notifications":false,"translator_type":"none"},"geo":null,"coordinates":null,"place":null,"contributors":null,"is_quote_status":false,"retweet_count":625,"favorite_count":957,"favorited":false,"retweeted":false,"possibly_sensitive":false,"lang":"ja"},{"created_at":"Thu Jul 13 06:09:46 +0000 2017","id":885380712165032000,"id_str":"885380712165031937","text":"【NEWS】Professional eSports Team SCARZはこの度、新部門として Splatoon2部門[Switch] を設立致しました。それに伴い選手公募も開始します。募集の詳細はURLをご覧下さい。求ム、猛者… https://t.co/wLx1Vzbimm","truncated":true,"entities":{"hashtags":[],"symbols":[],"user_mentions":[],"urls":[{"url":"https://t.co/wLx1Vzbimm","expanded_url":"https://twitter.com/i/web/status/885380712165031937","display_url":"twitter.com/i/web/status/8…","indices":[117,140]}]},"metadata":{"iso_language_code":"ja","result_type":"recent"},"source":"<a href=\"http://twitter.com\" rel=\"nofollow\">Twitter Web Client</a>","in_reply_to_status_id":null,"in_reply_to_status_id_str":null,"in_reply_to_user_id":null,"in_reply_to_user_id_str":null,"in_reply_to_screen_name":null,"user":{"id":502825690,"id_str":"502825690","name":"SCARZ(SZ)","screen_name":"SCARZ5","location":"","description":"🇯🇵 Professional eSports Team ■ VG、DotA2、LoL、HS、SV、AVA、BS、CS:GO、WoT、OW、FIFA、CoD、SFV ■ AMD、ロンヨンジャパン、朝日フィナンシャル、ホリ、DXRACER、LG、Twitch、XSplit、Acer、マネーパートナーズ、NETGEAR","url":"https://t.co/TDLgZJHGw0","entities":{"url":{"urls":[{"url":"https://t.co/TDLgZJHGw0","expanded_url":"http://www.scarz.net/","display_url":"scarz.net","indices":[0,23]}]},"description":{"urls":[]}},"protected":false,"followers_count":12774,"friends_count":662,"listed_count":100,"created_at":"Sat Feb 25 10:41:11 +0000 2012","favourites_count":1038,"utc_offset":32400,"time_zone":"Tokyo","geo_enabled":false,"verified":false,"statuses_count":3838,"lang":"ja","contributors_enabled":false,"is_translator":false,"is_translation_enabled":false,"profile_background_color":"000000","profile_background_image_url":"http://abs.twimg.com/images/themes/theme1/bg.png","profile_background_image_url_https":"https://abs.twimg.com/images/themes/theme1/bg.png","profile_background_tile":false,"profile_image_url":"http://pbs.twimg.com/profile_images/829009604767997952/PTCAlcOA_normal.jpg","profile_image_url_https":"https://pbs.twimg.com/profile_images/829009604767997952/PTCAlcOA_normal.jpg","profile_banner_url":"https://pbs.twimg.com/profile_banners/502825690/1497596297","profile_link_color":"353535","profile_sidebar_border_color":"000000","profile_sidebar_fill_color":"000000","profile_text_color":"000000","profile_use_background_image":false,"has_extended_profile":false,"default_profile":false,"default_profile_image":false,"following":false,"follow_request_sent":false,"notifications":false,"translator_type":"none"},"geo":null,"coordinates":null,"place":null,"contributors":null,"is_quote_status":false,"retweet_count":592,"favorite_count":315,"favorited":false,"retweeted":false,"possibly_sensitive":false,"lang":"ja"},{"created_at":"Thu Jul 13 06:08:02 +0000 2017","id":885380278541205500,"id_str":"885380278541205505","text":"shuta sueyoshi ソログッズ本日16:00から販売開始です！\n\nめちゃくちゃオシャレに仕上がったので沢山の方々に届いてくれたら嬉しいです☻\n\nhttps://t.co/TETi4xKcGp","truncated":false,"entities":{"hashtags":[],"symbols":[],"user_mentions":[],"urls":[{"url":"https://t.co/TETi4xKcGp","expanded_url":"http://avex.jp/aaa/goods/detail.php?id=1001002","display_url":"avex.jp/aaa/goods/deta…","indices":[77,100]}]},"metadata":{"iso_language_code":"ja","result_type":"recent"},"source":"<a href=\"http://www.echofon.com/\" rel=\"nofollow\">Echofon</a>","in_reply_to_status_id":null,"in_reply_to_status_id_str":null,"in_reply_to_user_id":null,"in_reply_to_user_id_str":null,"in_reply_to_screen_name":null,"user":{"id":177903766,"id_str":"177903766","name":"shuta  sueyoshi『AAA』","screen_name":"SHUUTY_ss","location":"","description":"**Official Twitter.**","url":null,"entities":{"description":{"urls":[]}},"protected":false,"followers_count":875575,"friends_count":350,"listed_count":4750,"created_at":"Fri Aug 13 10:36:58 +0000 2010","favourites_count":1,"utc_offset":32400,"time_zone":"Tokyo","geo_enabled":false,"verified":true,"statuses_count":4006,"lang":"ja","contributors_enabled":false,"is_translator":false,"is_translation_enabled":false,"profile_background_color":"C0DEED","profile_background_image_url":"http://abs.twimg.com/images/themes/theme1/bg.png","profile_background_image_url_https":"https://abs.twimg.com/images/themes/theme1/bg.png","profile_background_tile":false,"profile_image_url":"http://pbs.twimg.com/profile_images/875277582903660545/exVCIw-W_normal.jpg","profile_image_url_https":"https://pbs.twimg.com/profile_images/875277582903660545/exVCIw-W_normal.jpg","profile_banner_url":"https://pbs.twimg.com/profile_banners/177903766/1487585664","profile_link_color":"1DA1F2","profile_sidebar_border_color":"C0DEED","profile_sidebar_fill_color":"DDEEF6","profile_text_color":"333333","profile_use_background_image":true,"has_extended_profile":false,"default_profile":true,"default_profile_image":false,"following":false,"follow_request_sent":false,"notifications":false,"translator_type":"none"},"geo":null,"coordinates":null,"place":null,"contributors":null,"is_quote_status":false,"retweet_count":822,"favorite_count":5802,"favorited":false,"retweeted":false,"possibly_sensitive":false,"lang":"ja"},{"created_at":"Thu Jul 13 06:07:11 +0000 2017","id":885380065436942300,"id_str":"885380065436942338","text":"ガンガンGAちゃんねる配信になりました！ただただ楽しかった！写真もたくさん撮ったからまた載せますヽ(*＾ω＾*)ﾉ https://t.co/IJ4EHv1Kt6","truncated":false,"entities":{"hashtags":[],"symbols":[],"user_mentions":[],"urls":[],"media":[{"id":885379962554826800,"id_str":"885379962554826752","indices":[58,81],"media_url":"http://pbs.twimg.com/ext_tw_video_thumb/885379962554826752/pu/img/s9CqlR7KA88RErcZ.jpg","media_url_https":"https://pbs.twimg.com/ext_tw_video_thumb/885379962554826752/pu/img/s9CqlR7KA88RErcZ.jpg","url":"https://t.co/IJ4EHv1Kt6","display_url":"pic.twitter.com/IJ4EHv1Kt6","expanded_url":"https://twitter.com/hidaka_rina0615/status/885380065436942338/video/1","type":"photo","sizes":{"small":{"w":340,"h":604,"resize":"fit"},"medium":{"w":360,"h":640,"resize":"fit"},"thumb":{"w":150,"h":150,"resize":"crop"},"large":{"w":360,"h":640,"resize":"fit"}}}]},"extended_entities":{"media":[{"id":885379962554826800,"id_str":"885379962554826752","indices":[58,81],"media_url":"http://pbs.twimg.com/ext_tw_video_thumb/885379962554826752/pu/img/s9CqlR7KA88RErcZ.jpg","media_url_https":"https://pbs.twimg.com/ext_tw_video_thumb/885379962554826752/pu/img/s9CqlR7KA88RErcZ.jpg","url":"https://t.co/IJ4EHv1Kt6","display_url":"pic.twitter.com/IJ4EHv1Kt6","expanded_url":"https://twitter.com/hidaka_rina0615/status/885380065436942338/video/1","type":"video","sizes":{"small":{"w":340,"h":604,"resize":"fit"},"medium":{"w":360,"h":640,"resize":"fit"},"thumb":{"w":150,"h":150,"resize":"crop"},"large":{"w":360,"h":640,"resize":"fit"}},"video_info":{"aspect_ratio":[9,16],"duration_millis":10164,"variants":[{"bitrate":320000,"content_type":"video/mp4","url":"https://video.twimg.com/ext_tw_video/885379962554826752/pu/vid/180x320/Fz_gTk8rgMaMvGra.mp4"},{"bitrate":832000,"content_type":"video/mp4","url":"https://video.twimg.com/ext_tw_video/885379962554826752/pu/vid/360x640/r8oQZWDAzAxkz3U5.mp4"},{"content_type":"application/x-mpegURL","url":"https://video.twimg.com/ext_tw_video/885379962554826752/pu/pl/vdjlGHxl40XGsuz1.m3u8"}]},"additional_media_info":{"monetizable":false}}]},"metadata":{"iso_language_code":"ja","result_type":"recent"},"source":"<a href=\"http://twitter.com/download/iphone\" rel=\"nofollow\">Twitter for iPhone</a>","in_reply_to_status_id":null,"in_reply_to_status_id_str":null,"in_reply_to_user_id":null,"in_reply_to_user_id_str":null,"in_reply_to_screen_name":null,"user":{"id":850611306470047700,"id_str":"850611306470047745","name":"日高里菜","screen_name":"hidaka_rina0615","location":"","description":"声優の日高里菜です！はじめました。個々のお返事はできませんが、ちゃんとみてるよ！","url":null,"entities":{"description":{"urls":[]}},"protected":false,"followers_count":67501,"friends_count":76,"listed_count":1317,"created_at":"Sat Apr 08 07:28:33 +0000 2017","favourites_count":0,"utc_offset":null,"time_zone":null,"geo_enabled":false,"verified":false,"statuses_count":259,"lang":"ja","contributors_enabled":false,"is_translator":false,"is_translation_enabled":false,"profile_background_color":"F5F8FA","profile_background_image_url":null,"profile_background_image_url_https":null,"profile_background_tile":false,"profile_image_url":"http://pbs.twimg.com/profile_images/850648841669836800/vOUkukfZ_normal.jpg","profile_image_url_https":"https://pbs.twimg.com/profile_images/850648841669836800/vOUkukfZ_normal.jpg","profile_link_color":"1DA1F2","profile_sidebar_border_color":"C0DEED","profile_sidebar_fill_color":"DDEEF6","profile_text_color":"333333","profile_use_background_image":true,"has_extended_profile":false,"default_profile":true,"default_profile_image":false,"following":false,"follow_request_sent":false,"notifications":false,"translator_type":"none"},"geo":null,"coordinates":null,"place":null,"contributors":null,"is_quote_status":false,"retweet_count":1167,"favorite_count":2406,"favorited":false,"retweeted":false,"possibly_sensitive":false,"lang":"ja"}],"search_metadata":{"completed_in":0.152,"max_id":885388335304155100,"max_id_str":"885388335304155136","next_results":"?max_id=885380065436942337&q=lang%3Aja%20min_retweets%3A500&include_entities=1","query":"lang%3Aja+min_retweets%3A500","refresh_url":"?since_id=885388335304155136&q=lang%3Aja%20min_retweets%3A500&include_entities=1","count":15,"since_id":0,"since_id_str":"0"}}