{"statuses":[{"created_at":"Thu Jul 13 08:04:53 +0000 2017","id":885409683225272300,"id_str":"885409683225272320","text":"動画投稿ーー！改めて90万人突破あざっっっっっす！！！自由に楽しく生きまああああす！どうぞーー⇒⇒キヨ、チャンネル登録者90万記念でわけわからん歌をうたう https://t.co/qWOKuktmTI @YouTubeさんから\n\n歌もギターも全て即興そして適当。意外と良かった。","truncated":false,"entities":{"hashtags":[],"symbols":[],"user_mentions":[{"screen_name":"YouTube","name":"YouTube","id":10228272,"id_str":"10228272","indices":[102,110]}],"urls":[{"url":"https://t.co/qWOKuktmTI","expanded_url":"https://youtu.be/S1HhnaOS2MY","display_url":"youtu.be/S1HhnaOS2MY","indices":[78,101]}]},"metadata":{"iso_language_code":"ja","result_type":"recent"},"source":"<a href=\"http://twitter.com\" rel=\"nofollow\">Twitter Web Client</a>","in_reply_to_status_id":null,"in_reply_to_status_id_str":null,"in_reply_to_user_id":null,"in_reply_to_user_id_str":null,"in_reply_to_screen_name":null,"user":{"id":129471863,"id_str":"129471863","name":"キヨ","screen_name":"kiyo_saiore","location":"スペイン（北海道）","description":"最俺です。サッカーと女優さんが大好きです⊿ 【YouTubeもやってまする→https://t.co/M2G1Ca630B】【インスタ→https://t.co/VGRhuAb1Kg】【 何かありましたら→saiorenraku@yahoo.co.jp】","url":"https://t.co/7HAKQXfg1o","entities":{"url":{"urls":[{"url":"https://t.co/7HAKQXfg1o","expanded_url":"http://ch.nicovideo.jp/kiyo-saiore","display_url":"ch.nicovideo.jp/kiyo-saiore","indices":[0,23]}]},"description":{"urls":[{"url":"https://t.co/M2G1Ca630B","expanded_url":"http://goo.gl/zcqUED","display_url":"goo.gl/zcqUED","indices":[38,61]},{"url":"https://t.co/VGRhuAb1Kg","expanded_url":"http://instagram.com/kiyo_yuusya","display_url":"instagram.com/kiyo_yuusya","indices":[68,91]}]}},"protected":false,"followers_count":696872,"friends_count":134,"listed_count":10572,"created_at":"Sun Apr 04 11:41:01 +0000 2010","favourites_count":3,"utc_offset":null,"time_zone":null,"geo_enabled":false,"verified":false,"statuses_count":11021,"lang":"ja","contributors_enabled":false,"is_translator":false,"is_translation_enabled":false,"profile_background_color":"C0DEED","profile_background_image_url":"http://pbs.twimg.com/profile_background_images/260683996/45274__.jpg","profile_background_image_url_https":"https://pbs.twimg.com/profile_background_images/260683996/45274__.jpg","profile_background_tile":true,"profile_image_url":"http://pbs.twimg.com/profile_images/482906167367041024/s0nqByHX_normal.jpeg","profile_image_url_https":"https://pbs.twimg.com/profile_images/482906167367041024/s0nqByHX_normal.jpeg","profile_banner_url":"https://pbs.twimg.com/profile_banners/129471863/1471178099","profile_link_color":"0084B4","profile_sidebar_border_color":"C0DEED","profile_sidebar_fill_color":"DDEEF6","profile_text_color":"333333","profile_use_background_image":true,"has_extended_profile":false,"default_profile":false,"default_profile_image":false,"following":false,"follow_request_sent":false,"notifications":false,"translator_type":"none"},"geo":null,"coordinates":null,"place":null,"contributors":null,"is_quote_status":false,"retweet_count":898,"favorite_count":2910,"favorited":false,"retweeted":false,"possibly_sensitive":false,"lang":"ja"},{"created_at":"Thu Jul 13 08:03:25 +0000 2017","id":885409315426717700,"id_str":"885409315426717700","text":"【バンやろ運営チームより】\n【予告】7月14日(金) 17:00より、Fairy Aprilメインイベントを開催！\nFairy Aprilメンバーと絆を深め、豪華報酬をGETしましょう！→… https://t.co/s35bFU7YGf","truncated":true,"entities":{"hashtags":[],"symbols":[],"user_mentions":[],"urls":[{"url":"https://t.co/s35bFU7YGf","expanded_url":"https://twitter.com/i/web/status/885409315426717700","display_url":"twitter.com/i/web/status/8…","indices":[96,119]}]},"metadata":{"iso_language_code":"ja","result_type":"recent"},"source":"<a href=\"http://twitter.com\" rel=\"nofollow\">Twitter Web Client</a>","in_reply_to_status_id":null,"in_reply_to_status_id_str":null,"in_reply_to_user_id":null,"in_reply_to_user_id_str":null,"in_reply_to_screen_name":null,"user":{"id":3282039870,"id_str":"3282039870","name":"【公式】バンドやろうぜ！","screen_name":"banyaro_net","location":"","description":"「バンドやろうぜ！」公式アカウント。 Aniplex×Sony Musicが贈る「青春」×「バンド」リズムゲーム！ iOS版&Android版、好評配信中！キャラクター原案：曽我部修司/さらちよみ/いとうのいぢ/ゆーげん ※個別返信は行っておりませんご了承下さい。 公式ハッシュタグ #banyaro #バンやろ","url":"https://t.co/hBkzj3MDkn","entities":{"url":{"urls":[{"url":"https://t.co/hBkzj3MDkn","expanded_url":"http://www.banyaro.net/","display_url":"banyaro.net","indices":[0,23]}]},"description":{"urls":[]}},"protected":false,"followers_count":79035,"friends_count":34,"listed_count":1294,"created_at":"Fri Jul 17 05:05:27 +0000 2015","favourites_count":756,"utc_offset":null,"time_zone":null,"geo_enabled":false,"verified":true,"statuses_count":2130,"lang":"ja","contributors_enabled":false,"is_translator":false,"is_translation_enabled":false,"profile_background_color":"000000","profile_background_image_url":"http://pbs.twimg.com/profile_background_images/630385687867424768/txIN3g6P.jpg","profile_background_image_url_https":"https://pbs.twimg.com/profile_background_images/630385687867424768/txIN3g6P.jpg","profile_background_tile":true,"profile_image_url":"http://pbs.twimg.com/profile_images/849286630829572096/3HxawV96_normal.jpg","profile_image_url_https":"https://pbs.twimg.com/profile_images/849286630829572096/3HxawV96_normal.jpg","profile_banner_url":"https://pbs.twimg.com/profile_banners/3282039870/1491321028","profile_link_color":"ABB8C2","profile_sidebar_border_color":"000000","profile_sidebar_fill_color":"000000","profile_text_color":"000000","profile_use_background_image":true,"has_extended_profile":false,"default_profile":false,"default_profile_image":false,"following":false,"follow_request_sent":false,"notifications":false,"translator_type":"none"},"geo":null,"coordinates":null,"place":null,"contributors":null,"is_quote_status":false,"retweet_count":1751,"favorite_count":977,"favorited":false,"retweeted":false,"possibly_sensitive":false,"lang":"ja"},{"created_at":"Thu Jul 13 08:03:10 +0000 2017","id":885409251190952000,"id_str":"885409251190951936","text":"「ユーリ!!! on FESTIVAL」の協賛ブースにて、ドライブイン鳥の出張販売とブラックモンブランの販売が決定!!!購入者には特典として特製缶バッチをプレゼント！HPでイラストも特別公開😆ご来場の際は是非お立ちよりください♪… https://t.co/QFVTE1bJ3n","truncated":true,"entities":{"hashtags":[],"symbols":[],"user_mentions":[],"urls":[{"url":"https://t.co/QFVTE1bJ3n","expanded_url":"https://twitter.com/i/web/status/885409251190951936","display_url":"twitter.com/i/web/status/8…","indices":[116,139]}]},"metadata":{"iso_language_code":"ja","result_type":"recent"},"source":"<a href=\"http://twitter.com\" rel=\"nofollow\">Twitter Web Client</a>","in_reply_to_status_id":null,"in_reply_to_status_id_str":null,"in_reply_to_user_id":null,"in_reply_to_user_id_str":null,"in_reply_to_screen_name":null,"user":{"id":712890188633022500,"id_str":"712890188633022464","name":"TVアニメ「ユーリ!!! on ICE」","screen_name":"yurionice_PR","location":"","description":"豪華特典満載のBlu-ray&DVDシリーズ発売中！　原案：久保ミツロウ×山本沙代、アニメーション制作：MAPPA、キャスト：豊永利行、諏訪部順一、内山昂輝、日野聡、細谷佳正、羽多野渉、安元洋貴、本城雄太郎、宮野真守、小野賢章、前野智昭、村瀬歩、野島健児、土岐隼一、福山潤 #yurionice","url":"https://t.co/pCRm3EshOz","entities":{"url":{"urls":[{"url":"https://t.co/pCRm3EshOz","expanded_url":"http://yurionice.com","display_url":"yurionice.com","indices":[0,23]}]},"description":{"urls":[]}},"protected":false,"followers_count":360665,"friends_count":131,"listed_count":2857,"created_at":"Thu Mar 24 06:34:00 +0000 2016","favourites_count":5,"utc_offset":32400,"time_zone":"Tokyo","geo_enabled":false,"verified":false,"statuses_count":2060,"lang":"ja","contributors_enabled":false,"is_translator":false,"is_translation_enabled":false,"profile_background_color":"C0DEED","profile_background_image_url":"http://abs.twimg.com/images/themes/theme1/bg.png","profile_background_image_url_https":"https://abs.twimg.com/images/themes/theme1/bg.png","profile_background_tile":false,"profile_image_url":"http://pbs.twimg.com/profile_images/881718313176268800/93gbhHRM_normal.jpg","profile_image_url_https":"https://pbs.twimg.com/profile_images/881718313176268800/93gbhHRM_normal.jpg","profile_banner_url":"https://pbs.twimg.com/profile_banners/712890188633022464/1486843547","profile_link_color":"3171D4","profile_sidebar_border_color":"000000","profile_sidebar_fill_color":"000000","profile_text_color":"000000","profile_use_background_image":true,"has_extended_profile":false,"default_profile":false,"default_profile_image":false,"following":false,"follow_request_sent":false,"notifications":false,"translator_type":"none"},"geo":null,"coordinates":null,"place":null,"contributors":null,"is_quote_status":false,"retweet_count":646,"favorite_count":1009,"favorited":false,"retweeted":false,"possibly_sensitive":false,"lang":"ja"},{"created_at":"Thu Jul 13 08:02:27 +0000 2017","id":885409071251152900,"id_str":"885409071251152897","text":"TIF2017タイムテーブル発表‼️\n\n過去最大、３日間９ステージで展開される600枠以上のステージが明らかに😳✨\n \n▼ TIME TABLE\n https://t.co/pD5PrhJYnE\n\n#TIF2017 https://t.co/4e0bcPf2Zy","truncated":false,"entities":{"hashtags":[{"text":"TIF2017","indices":[99,107]}],"symbols":[],"user_mentions":[],"urls":[{"url":"https://t.co/pD5PrhJYnE","expanded_url":"http://www.idolfes.com/2017/timetable/","display_url":"idolfes.com/2017/timetable/","indices":[74,97]}],"media":[{"id":885409037382148100,"id_str":"885409037382148096","indices":[108,131],"media_url":"http://pbs.twimg.com/media/DEma1BIVYAACoRd.jpg","media_url_https":"https://pbs.twimg.com/media/DEma1BIVYAACoRd.jpg","url":"https://t.co/4e0bcPf2Zy","display_url":"pic.twitter.com/4e0bcPf2Zy","expanded_url":"https://twitter.com/TIP_TIF_staff/status/885409071251152897/photo/1","type":"photo","sizes":{"small":{"w":680,"h":485,"resize":"fit"},"large":{"w":1280,"h":912,"resize":"fit"},"thumb":{"w":150,"h":150,"resize":"crop"},"medium":{"w":1200,"h":855,"resize":"fit"}}}]},"extended_entities":{"media":[{"id":885409037382148100,"id_str":"885409037382148096","indices":[108,131],"media_url":"http://pbs.twimg.com/media/DEma1BIVYAACoRd.jpg","media_url_https":"https://pbs.twimg.com/media/DEma1BIVYAACoRd.jpg","url":"https://t.co/4e0bcPf2Zy","display_url":"pic.twitter.com/4e0bcPf2Zy","expanded_url":"https://twitter.com/TIP_TIF_staff/status/885409071251152897/photo/1","type":"photo","sizes":{"small":{"w":680,"h":485,"resize":"fit"},"large":{"w":1280,"h":912,"resize":"fit"},"thumb":{"w":150,"h":150,"resize":"crop"},"medium":{"w":1200,"h":855,"resize":"fit"}}}]},"metadata":{"iso_language_code":"ja","result_type":"recent"},"source":"<a href=\"http://twitter.com/download/iphone\" rel=\"nofollow\">Twitter for iPhone</a>","in_reply_to_status_id":null,"in_reply_to_status_id_str":null,"in_reply_to_user_id":null,"in_reply_to_user_id_str":null,"in_reply_to_screen_name":null,"user":{"id":328405395,"id_str":"328405395","name":"TIP&TIF 公式","screen_name":"TIP_TIF_staff","location":"お台場・青海周辺エリア","description":"TOKYO IDOL FESTIVAL（#TIF：ティフ）を擁する TOKYO IDOL PROJECT（#TIP：ティップ）スタッフが綴る公式アカウントです。\n#TIF2017 は2017年8月4日（金）、5日（土）、6日（日）の3日間、お台場・青海周辺エリアにて開催決定！","url":"https://t.co/JHMqWjdJtz","entities":{"url":{"urls":[{"url":"https://t.co/JHMqWjdJtz","expanded_url":"http://fes.tokyoidol.jp/","display_url":"fes.tokyoidol.jp","indices":[0,23]}]},"description":{"urls":[]}},"protected":false,"followers_count":33266,"friends_count":178,"listed_count":745,"created_at":"Sun Jul 03 09:20:52 +0000 2011","favourites_count":34,"utc_offset":32400,"time_zone":"Tokyo","geo_enabled":true,"verified":false,"statuses_count":4216,"lang":"ja","contributors_enabled":false,"is_translator":false,"is_translation_enabled":false,"profile_background_color":"FFFFFF","profile_background_image_url":"http://pbs.twimg.com/profile_background_images/453039437304180736/zZZWtpMK.png","profile_background_image_url_https":"https://pbs.twimg.com/profile_background_images/453039437304180736/zZZWtpMK.png","profile_background_tile":true,"profile_image_url":"http://pbs.twimg.com/profile_images/879543933033791488/iI6jSYl2_normal.jpg","profile_image_url_https":"https://pbs.twimg.com/profile_images/879543933033791488/iI6jSYl2_normal.jpg","profile_banner_url":"https://pbs.twimg.com/profile_banners/328405395/1470661414","profile_link_color":"009999","profile_sidebar_border_color":"FFFFFF","profile_sidebar_fill_color":"EFEFEF","profile_text_color":"333333","profile_use_background_image":true,"has_extended_profile":false,"default_profile":false,"default_profile_image":false,"following":false,"follow_request_sent":false,"notifications":false,"translator_type":"none"},"geo":null,"coordinates":null,"place":null,"contributors":null,"is_quote_status":false,"retweet_count":565,"favorite_count":425,"favorited":false,"retweeted":false,"possibly_sensitive":false,"lang":"ja"},{"created_at":"Thu Jul 13 08:00:57 +0000 2017","id":885408694564831200,"id_str":"885408694564831235","text":"【緊急生放送】SEVENTEEN総出演！ワールドツアー緊急直前SP🎉\nセブチが日本で初めての生放送特番に挑戦✊チーム対抗でのバラエティ企画など盛りだくさんの内容でお届け♪放送は7月22日夜8時！\n見逃さないように通知予約してね▷… https://t.co/aTkS5WKe1H","truncated":true,"entities":{"hashtags":[],"symbols":[],"user_mentions":[],"urls":[{"url":"https://t.co/aTkS5WKe1H","expanded_url":"https://twitter.com/i/web/status/885408694564831235","display_url":"twitter.com/i/web/status/8…","indices":[116,139]}]},"metadata":{"iso_language_code":"ja","result_type":"recent"},"source":"<a href=\"https://ads.twitter.com\" rel=\"nofollow\">Twitter Ads</a>","in_reply_to_status_id":null,"in_reply_to_status_id_str":null,"in_reply_to_user_id":null,"in_reply_to_user_id_str":null,"in_reply_to_screen_name":null,"user":{"id":3255473401,"id_str":"3255473401","name":"AbemaTV@今日の番組表から","screen_name":"AbemaTV","location":"日本 東京","description":"インターネットテレビ局 #AbemaTV (アベマTV)公式アカウントです。今日の番組表から、おススメの番組を紹介しています！\n#ニュース #アニメ #音楽 #ドラマ #バラエティ #スポーツ など約30の多彩なCHを24時間すべて無料、登録も一切不要でお楽しみ頂けます♪","url":"https://t.co/uWgj8ZS0je","entities":{"url":{"urls":[{"url":"https://t.co/uWgj8ZS0je","expanded_url":"https://abema.tv?utm_source=twitter&utm_medium=social&utm_campaign=official_tw_profile","display_url":"abema.tv/?utm_source=tw…","indices":[0,23]}]},"description":{"urls":[]}},"protected":false,"followers_count":821677,"friends_count":1998,"listed_count":2016,"created_at":"Thu Jun 25 08:33:53 +0000 2015","favourites_count":6262,"utc_offset":32400,"time_zone":"Tokyo","geo_enabled":true,"verified":true,"statuses_count":11865,"lang":"ja","contributors_enabled":false,"is_translator":false,"is_translation_enabled":false,"profile_background_color":"000000","profile_background_image_url":"http://abs.twimg.com/images/themes/theme1/bg.png","profile_background_image_url_https":"https://abs.twimg.com/images/themes/theme1/bg.png","profile_background_tile":false,"profile_image_url":"http://pbs.twimg.com/profile_images/874937416414412800/KaCH7ISt_normal.jpg","profile_image_url_https":"https://pbs.twimg.com/profile_images/874937416414412800/KaCH7ISt_normal.jpg","profile_banner_url":"https://pbs.twimg.com/profile_banners/3255473401/1494173733","profile_link_color":"1B95E0","profile_sidebar_border_color":"000000","profile_sidebar_fill_color":"000000","profile_text_color":"000000","profile_use_background_image":false,"has_extended_profile":true,"default_profile":false,"default_profile_image":false,"following":false,"follow_request_sent":false,"notifications":false,"translator_type":"none"},"geo":null,"coordinates":null,"place":null,"contributors":null,"is_quote_status":false,"retweet_count":637,"favorite_count":1308,"favorited":false,"retweeted":false,"possibly_sensitive":false,"lang":"ja"},{"created_at":"Thu Jul 13 08:00:40 +0000 2017","id":885408624046202900,"id_str":"885408624046202880","text":"『もっとマンガで分かる！Fate/Grand Order』第82話更新！ついにマシュたちの居所を突き止めた主人公。覚悟を決める一行達だったが、事態は予想外の方向へ…!? #FateGO https://t.co/UmGfS8GxIk https://t.co/dvsdYoZVpl","truncated":false,"entities":{"hashtags":[{"text":"FateGO","indices":[85,92]}],"symbols":[],"user_mentions":[],"urls":[{"url":"https://t.co/UmGfS8GxIk","expanded_url":"http://www.fate-go.jp/manga_fgo2/","display_url":"fate-go.jp/manga_fgo2/","indices":[93,116]}],"media":[{"id":885408622041346000,"id_str":"885408622041346049","indices":[117,140],"media_url":"http://pbs.twimg.com/media/DEmac13XsAE_TB3.jpg","media_url_https":"https://pbs.twimg.com/media/DEmac13XsAE_TB3.jpg","url":"https://t.co/dvsdYoZVpl","display_url":"pic.twitter.com/dvsdYoZVpl","expanded_url":"https://twitter.com/fgoproject/status/885408624046202880/photo/1","type":"photo","sizes":{"medium":{"w":990,"h":560,"resize":"fit"},"small":{"w":680,"h":385,"resize":"fit"},"large":{"w":990,"h":560,"resize":"fit"},"thumb":{"w":150,"h":150,"resize":"crop"}}}]},"extended_entities":{"media":[{"id":885408622041346000,"id_str":"885408622041346049","indices":[117,140],"media_url":"http://pbs.twimg.com/media/DEmac13XsAE_TB3.jpg","media_url_https":"https://pbs.twimg.com/media/DEmac13XsAE_TB3.jpg","url":"https://t.co/dvsdYoZVpl","display_url":"pic.twitter.com/dvsdYoZVpl","expanded_url":"https://twitter.com/fgoproject/status/885408624046202880/photo/1","type":"photo","sizes":{"medium":{"w":990,"h":560,"resize":"fit"},"small":{"w":680,"h":385,"resize":"fit"},"large":{"w":990,"h":560,"resize":"fit"},"thumb":{"w":150,"h":150,"resize":"crop"}}}]},"metadata":{"iso_language_code":"ja","result_type":"recent"},"source":"<a href=\"http://www.hootsuite.com\" rel=\"nofollow\">Hootsuite</a>","in_reply_to_status_id":null,"in_reply_to_status_id_str":null,"in_reply_to_user_id":null,"in_reply_to_user_id_str":null,"in_reply_to_screen_name":null,"user":{"id":2968069742,"id_str":"2968069742","name":"【公式】Fate/Grand Order","screen_name":"fgoproject","location":"","description":"TYPE-MOONが贈る、新たな「Fate」RPG「Fate/Grand Order」公式アカウント。カルデア広報局より、皆様に最新情報をお届けします！公式ハッシュタグ → #FateGO","url":"http://t.co/NtAp9EJPBj","entities":{"url":{"urls":[{"url":"http://t.co/NtAp9EJPBj","expanded_url":"http://www.fate-go.jp/","display_url":"fate-go.jp","indices":[0,22]}]},"description":{"urls":[]}},"protected":false,"followers_count":717379,"friends_count":0,"listed_count":8797,"created_at":"Fri Jan 09 04:12:09 +0000 2015","favourites_count":0,"utc_offset":32400,"time_zone":"Seoul","geo_enabled":false,"verified":true,"statuses_count":1938,"lang":"ja","contributors_enabled":false,"is_translator":false,"is_translation_enabled":false,"profile_background_color":"C0DEED","profile_background_image_url":"http://abs.twimg.com/images/themes/theme1/bg.png","profile_background_image_url_https":"https://abs.twimg.com/images/themes/theme1/bg.png","profile_background_tile":false,"profile_image_url":"http://pbs.twimg.com/profile_images/848188127462031361/LR9bGs9q_normal.jpg","profile_image_url_https":"https://pbs.twimg.com/profile_images/848188127462031361/LR9bGs9q_normal.jpg","profile_banner_url":"https://pbs.twimg.com/profile_banners/2968069742/1491058804","profile_link_color":"3B94D9","profile_sidebar_border_color":"C0DEED","profile_sidebar_fill_color":"DDEEF6","profile_text_color":"333333","profile_use_background_image":true,"has_extended_profile":false,"default_profile":false,"default_profile_image":false,"following":false,"follow_request_sent":false,"notifications":false,"translator_type":"none"},"geo":null,"coordinates":null,"place":null,"contributors":null,"is_quote_status":false,"retweet_count":1856,"favorite_count":1156,"favorited":false,"retweeted":false,"possibly_sensitive":false,"lang":"ja"},{"created_at":"Thu Jul 13 08:00:05 +0000 2017","id":885408477656604700,"id_str":"885408477656604674","text":"7月14日（金）から発売！ #マックフルーリー #ピカチュウのチョコバナナ を、全国のマクドナルドで販売するよ！ お楽しみに！ https://t.co/V8TEwaOZTQ #ポケモン https://t.co/myCkmcA1if","truncated":false,"entities":{"hashtags":[{"text":"マックフルーリー","indices":[14,23]},{"text":"ピカチュウのチョコバナナ","indices":[24,37]},{"text":"ポケモン","indices":[88,93]}],"symbols":[],"user_mentions":[],"urls":[{"url":"https://t.co/V8TEwaOZTQ","expanded_url":"http://www.mcdonalds.co.jp/campaign/bymcsweets/","display_url":"mcdonalds.co.jp/campaign/bymcs…","indices":[64,87]}],"media":[{"id":885408473005117400,"id_str":"885408473005117441","indices":[94,117],"media_url":"http://pbs.twimg.com/media/DEmaUKqXUAE3DZH.jpg","media_url_https":"https://pbs.twimg.com/media/DEmaUKqXUAE3DZH.jpg","url":"https://t.co/myCkmcA1if","display_url":"pic.twitter.com/myCkmcA1if","expanded_url":"https://twitter.com/Pokemon_cojp/status/885408477656604674/photo/1","type":"photo","sizes":{"thumb":{"w":150,"h":150,"resize":"crop"},"medium":{"w":1200,"h":675,"resize":"fit"},"large":{"w":2048,"h":1152,"resize":"fit"},"small":{"w":680,"h":383,"resize":"fit"}}}]},"extended_entities":{"media":[{"id":885408473005117400,"id_str":"885408473005117441","indices":[94,117],"media_url":"http://pbs.twimg.com/media/DEmaUKqXUAE3DZH.jpg","media_url_https":"https://pbs.twimg.com/media/DEmaUKqXUAE3DZH.jpg","url":"https://t.co/myCkmcA1if","display_url":"pic.twitter.com/myCkmcA1if","expanded_url":"https://twitter.com/Pokemon_cojp/status/885408477656604674/photo/1","type":"photo","sizes":{"thumb":{"w":150,"h":150,"resize":"crop"},"medium":{"w":1200,"h":675,"resize":"fit"},"large":{"w":2048,"h":1152,"resize":"fit"},"small":{"w":680,"h":383,"resize":"fit"}}}]},"metadata":{"iso_language_code":"ja","result_type":"recent"},"source":"<a href=\"http://www.radian6.com\" rel=\"nofollow\">Radian6 -Social Media Management</a>","in_reply_to_status_id":null,"in_reply_to_status_id_str":null,"in_reply_to_user_id":null,"in_reply_to_user_id_str":null,"in_reply_to_screen_name":null,"user":{"id":323091128,"id_str":"323091128","name":"ポケモン公式ツイッター","screen_name":"Pokemon_cojp","location":"東京都","description":"株式会社ポケモンの公式アカウントより、「ポケットモンスターオフィシャルサイト」最新情報をお届けします。\r\nお客様からの個別のメッセージなどは、Twitter上ではご返答できかねますのでご了承下さい。\r\n「ポケットモンスターオフィシャルサイト」のお問い合わせ窓口よりご連絡下さい。","url":"http://t.co/fpHgcccZIk","entities":{"url":{"urls":[{"url":"http://t.co/fpHgcccZIk","expanded_url":"http://www.pokemon.co.jp/","display_url":"pokemon.co.jp","indices":[0,22]}]},"description":{"urls":[]}},"protected":false,"followers_count":459701,"friends_count":3,"listed_count":5491,"created_at":"Fri Jun 24 07:12:45 +0000 2011","favourites_count":0,"utc_offset":32400,"time_zone":"Tokyo","geo_enabled":false,"verified":true,"statuses_count":7612,"lang":"ja","contributors_enabled":false,"is_translator":false,"is_translation_enabled":false,"profile_background_color":"FFE017","profile_background_image_url":"http://pbs.twimg.com/profile_background_images/747564846/b1272a6602f8339072079eb2863042fe.gif","profile_background_image_url_https":"https://pbs.twimg.com/profile_background_images/747564846/b1272a6602f8339072079eb2863042fe.gif","profile_background_tile":true,"profile_image_url":"http://pbs.twimg.com/profile_images/875568149554274307/dC3miYeA_normal.jpg","profile_image_url_https":"https://pbs.twimg.com/profile_images/875568149554274307/dC3miYeA_normal.jpg","profile_banner_url":"https://pbs.twimg.com/profile_banners/323091128/1499398880","profile_link_color":"0088CC","profile_sidebar_border_color":"FFFFFF","profile_sidebar_fill_color":"FFF9CF","profile_text_color":"333333","profile_use_background_image":true,"has_extended_profile":false,"default_profile":false,"default_profile_image":false,"following":false,"follow_request_sent":false,"notifications":false,"translator_type":"none"},"geo":null,"coordinates":null,"place":null,"contributors":null,"is_quote_status":false,"retweet_count":946,"favorite_count":1135,"favorited":false,"retweeted":false,"possibly_sensitive":false,"lang":"ja"},{"created_at":"Thu Jul 13 08:00:00 +0000 2017","id":885408456047460400,"id_str":"885408456047460352","text":"⚡EXRミント登場記念⚡\nこのツイートをRT＆本アカウントをフォローで\n村川梨衣さんのサイン色紙を3名様にプレゼント！\n#バンやろ　#バンドやろうぜ 　#村川梨衣 https://t.co/RYPSs9oNUO","truncated":false,"entities":{"hashtags":[{"text":"バンやろ","indices":[60,65]},{"text":"バンドやろうぜ","indices":[66,74]},{"text":"村川梨衣","indices":[76,81]}],"symbols":[],"user_mentions":[],"urls":[],"media":[{"id":885386396755558400,"id_str":"885386396755558400","indices":[82,105],"media_url":"http://pbs.twimg.com/media/DEmGPKOUAAAVT3x.jpg","media_url_https":"https://pbs.twimg.com/media/DEmGPKOUAAAVT3x.jpg","url":"https://t.co/RYPSs9oNUO","display_url":"pic.twitter.com/RYPSs9oNUO","expanded_url":"https://twitter.com/banyaro_net/status/885408456047460352/photo/1","type":"photo","sizes":{"small":{"w":680,"h":383,"resize":"fit"},"large":{"w":800,"h":450,"resize":"fit"},"thumb":{"w":150,"h":150,"resize":"crop"},"medium":{"w":800,"h":450,"resize":"fit"}}}]},"extended_entities":{"media":[{"id":885386396755558400,"id_str":"885386396755558400","indices":[82,105],"media_url":"http://pbs.twimg.com/media/DEmGPKOUAAAVT3x.jpg","media_url_https":"https://pbs.twimg.com/media/DEmGPKOUAAAVT3x.jpg","url":"https://t.co/RYPSs9oNUO","display_url":"pic.twitter.com/RYPSs9oNUO","expanded_url":"https://twitter.com/banyaro_net/status/885408456047460352/photo/1","type":"photo","sizes":{"small":{"w":680,"h":383,"resize":"fit"},"large":{"w":800,"h":450,"resize":"fit"},"thumb":{"w":150,"h":150,"resize":"crop"},"medium":{"w":800,"h":450,"resize":"fit"}}}]},"metadata":{"iso_language_code":"ja","result_type":"recent"},"source":"<a href=\"https://about.twitter.com/products/tweetdeck\" rel=\"nofollow\">TweetDeck</a>","in_reply_to_status_id":null,"in_reply_to_status_id_str":null,"in_reply_to_user_id":null,"in_reply_to_user_id_str":null,"in_reply_to_screen_name":null,"user":{"id":3282039870,"id_str":"3282039870","name":"【公式】バンドやろうぜ！","screen_name":"banyaro_net","location":"","description":"「バンドやろうぜ！」公式アカウント。 Aniplex×Sony Musicが贈る「青春」×「バンド」リズムゲーム！ iOS版&Android版、好評配信中！キャラクター原案：曽我部修司/さらちよみ/いとうのいぢ/ゆーげん ※個別返信は行っておりませんご了承下さい。 公式ハッシュタグ #banyaro #バンやろ","url":"https://t.co/hBkzj3MDkn","entities":{"url":{"urls":[{"url":"https://t.co/hBkzj3MDkn","expanded_url":"http://www.banyaro.net/","display_url":"banyaro.net","indices":[0,23]}]},"description":{"urls":[]}},"protected":false,"followers_count":79035,"friends_count":34,"listed_count":1294,"created_at":"Fri Jul 17 05:05:27 +0000 2015","favourites_count":756,"utc_offset":null,"time_zone":null,"geo_enabled":false,"verified":true,"statuses_count":2130,"lang":"ja","contributors_enabled":false,"is_translator":false,"is_translation_enabled":false,"profile_background_color":"000000","profile_background_image_url":"http://pbs.twimg.com/profile_background_images/630385687867424768/txIN3g6P.jpg","profile_background_image_url_https":"https://pbs.twimg.com/profile_background_images/630385687867424768/txIN3g6P.jpg","profile_background_tile":true,"profile_image_url":"http://pbs.twimg.com/profile_images/849286630829572096/3HxawV96_normal.jpg","profile_image_url_https":"https://pbs.twimg.com/profile_images/849286630829572096/3HxawV96_normal.jpg","profile_banner_url":"https://pbs.twimg.com/profile_banners/3282039870/1491321028","profile_link_color":"ABB8C2","profile_sidebar_border_color":"000000","profile_sidebar_fill_color":"000000","profile_text_color":"000000","profile_use_background_image":true,"has_extended_profile":false,"default_profile":false,"default_profile_image":false,"following":false,"follow_request_sent":false,"notifications":false,"translator_type":"none"},"geo":null,"coordinates":null,"place":null,"contributors":null,"is_quote_status":false,"retweet_count":529,"favorite_count":226,"favorited":false,"retweeted":false,"possibly_sensitive":false,"lang":"ja"},{"created_at":"Thu Jul 13 07:42:08 +0000 2017","id":885403956972732400,"id_str":"885403956972732416","text":"皆様、誠に申し訳ありません！\n先程の四条貴音ちゃんのカードのツイート画像に誤りがありましたので再度ツイートさせていただきます。\nこの機会にぜひ、ゲットしてくださいね。\n\n四条貴音『プロデューサー、そこにいては暑くはありませんか？』 https://t.co/zi4KZ9qn0m","truncated":false,"entities":{"hashtags":[],"symbols":[],"user_mentions":[],"urls":[],"media":[{"id":885403155021742100,"id_str":"885403155021742080","indices":[116,139],"media_url":"http://pbs.twimg.com/media/DEmVenoUwAAuv8_.jpg","media_url_https":"https://pbs.twimg.com/media/DEmVenoUwAAuv8_.jpg","url":"https://t.co/zi4KZ9qn0m","display_url":"pic.twitter.com/zi4KZ9qn0m","expanded_url":"https://twitter.com/imasml_theater/status/885403956972732416/photo/1","type":"photo","sizes":{"medium":{"w":1024,"h":512,"resize":"fit"},"thumb":{"w":150,"h":150,"resize":"crop"},"small":{"w":680,"h":340,"resize":"fit"},"large":{"w":1024,"h":512,"resize":"fit"}}}]},"extended_entities":{"media":[{"id":885403155021742100,"id_str":"885403155021742080","indices":[116,139],"media_url":"http://pbs.twimg.com/media/DEmVenoUwAAuv8_.jpg","media_url_https":"https://pbs.twimg.com/media/DEmVenoUwAAuv8_.jpg","url":"https://t.co/zi4KZ9qn0m","display_url":"pic.twitter.com/zi4KZ9qn0m","expanded_url":"https://twitter.com/imasml_theater/status/885403956972732416/photo/1","type":"photo","sizes":{"medium":{"w":1024,"h":512,"resize":"fit"},"thumb":{"w":150,"h":150,"resize":"crop"},"small":{"w":680,"h":340,"resize":"fit"},"large":{"w":1024,"h":512,"resize":"fit"}}}]},"metadata":{"iso_language_code":"ja","result_type":"recent"},"source":"<a href=\"http://twitter.com\" rel=\"nofollow\">Twitter Web Client</a>","in_reply_to_status_id":null,"in_reply_to_status_id_str":null,"in_reply_to_user_id":null,"in_reply_to_user_id_str":null,"in_reply_to_screen_name":null,"user":{"id":854195545941753900,"id_str":"854195545941753856","name":"ミリオンライブ！ シアターデイズ【公式】","screen_name":"imasml_theater","location":"","description":"スマートフォンアプリ「アイドルマスター ミリオンライブ！ シアターデイズ」の公式Twitterアカウントです！これからゲームに関する情報をお伝えしていきます♪","url":"https://t.co/npimqAX8OA","entities":{"url":{"urls":[{"url":"https://t.co/npimqAX8OA","expanded_url":"https://millionlive.idolmaster.jp/theaterdays/","display_url":"millionlive.idolmaster.jp/theaterdays/","indices":[0,23]}]},"description":{"urls":[]}},"protected":false,"followers_count":132582,"friends_count":3,"listed_count":1697,"created_at":"Tue Apr 18 04:51:03 +0000 2017","favourites_count":0,"utc_offset":32400,"time_zone":"Tokyo","geo_enabled":false,"verified":true,"statuses_count":46,"lang":"ja","contributors_enabled":false,"is_translator":false,"is_translation_enabled":false,"profile_background_color":"000000","profile_background_image_url":"http://abs.twimg.com/images/themes/theme1/bg.png","profile_background_image_url_https":"https://abs.twimg.com/images/themes/theme1/bg.png","profile_background_tile":false,"profile_image_url":"http://pbs.twimg.com/profile_images/882108935846494208/Dt4Z0cKT_normal.jpg","profile_image_url_https":"https://pbs.twimg.com/profile_images/882108935846494208/Dt4Z0cKT_normal.jpg","profile_banner_url":"https://pbs.twimg.com/profile_banners/854195545941753856/1498720880","profile_link_color":"1B95E0","profile_sidebar_border_color":"000000","profile_sidebar_fill_color":"000000","profile_text_color":"000000","profile_use_background_image":false,"has_extended_profile":false,"default_profile":false,"default_profile_image":false,"following":false,"follow_request_sent":false,"notifications":false,"translator_type":"none"},"geo":null,"coordinates":null,"place":null,"contributors":null,"is_quote_status":false,"retweet_count":2165,"favorite_count":2133,"favorited":false,"retweeted":false,"possibly_sensitive":false,"lang":"ja"},{"created_at":"Thu Jul 13 07:38:41 +0000 2017","id":885403091683557400,"id_str":"885403091683557376","text":"うちの夫、40年週刊文春の表紙を描いてるんだけど、今週号は2000枚目の記念号よ！表紙を描いてる姿を撮影したから、動画見てみて！時計の収益は画材道具にして子供たちに贈るの。未来の和田誠が育ちますように！https://t.co/CUBzcO1f1n","truncated":false,"entities":{"hashtags":[],"symbols":[],"user_mentions":[],"urls":[{"url":"https://t.co/CUBzcO1f1n","expanded_url":"https://remy.jp/products/clock.html","display_url":"remy.jp/products/clock…","indices":[101,124]}]},"metadata":{"iso_language_code":"ja","result_type":"recent"},"source":"<a href=\"http://twipple.jp/\" rel=\"nofollow\">ついっぷる for iPhone</a>","in_reply_to_status_id":null,"in_reply_to_status_id_str":null,"in_reply_to_user_id":null,"in_reply_to_user_id_str":null,"in_reply_to_screen_name":null,"user":{"id":166486354,"id_str":"166486354","name":"平野レミ","screen_name":"Remi_Hirano","location":"","description":"シェフでなくシュフの、平野レミです。\r\nホームページ新しく作ったので遊びに来てくださーい。\r\nみんな野菜食べてね！","url":"https://t.co/jyqCxIz1Au","entities":{"url":{"urls":[{"url":"https://t.co/jyqCxIz1Au","expanded_url":"https://remy.jp","display_url":"remy.jp","indices":[0,23]}]},"description":{"urls":[]}},"protected":false,"followers_count":371131,"friends_count":8,"listed_count":6629,"created_at":"Wed Jul 14 07:54:16 +0000 2010","favourites_count":0,"utc_offset":null,"time_zone":null,"geo_enabled":false,"verified":true,"statuses_count":507,"lang":"ja","contributors_enabled":false,"is_translator":false,"is_translation_enabled":false,"profile_background_color":"C0DEED","profile_background_image_url":"http://pbs.twimg.com/profile_background_images/137435072/_____-1.jpg","profile_background_image_url_https":"https://pbs.twimg.com/profile_background_images/137435072/_____-1.jpg","profile_background_tile":true,"profile_image_url":"http://pbs.twimg.com/profile_images/2462163197/ypnmcwa4dksky0yckbe6_normal.jpeg","profile_image_url_https":"https://pbs.twimg.com/profile_images/2462163197/ypnmcwa4dksky0yckbe6_normal.jpeg","profile_link_color":"0084B4","profile_sidebar_border_color":"C0DEED","profile_sidebar_fill_color":"DDEEF6","profile_text_color":"333333","profile_use_background_image":true,"has_extended_profile":false,"default_profile":false,"default_profile_image":false,"following":false,"follow_request_sent":false,"notifications":false,"translator_type":"none"},"geo":null,"coordinates":null,"place":null,"contributors":null,"is_quote_status":false,"retweet_count":611,"favorite_count":841,"favorited":false,"retweeted":false,"possibly_sensitive":false,"lang":"ja"},{"created_at":"Thu Jul 13 07:33:15 +0000 2017","id":885401723799429100,"id_str":"885401723799429122","text":"誰にも注目されずに文句言うだけの人生か文句言われても注目される人生\nワタナベは後者を選んだので今日も明日も頑張ります！！！\nいきなり毒吐いてすみませんでした、、","truncated":false,"entities":{"hashtags":[],"symbols":[],"user_mentions":[],"urls":[]},"metadata":{"iso_language_code":"ja","result_type":"recent"},"source":"<a href=\"http://twitter.com/download/iphone\" rel=\"nofollow\">Twitter for iPhone</a>","in_reply_to_status_id":null,"in_reply_to_status_id_str":null,"in_reply_to_user_id":null,"in_reply_to_user_id_str":null,"in_reply_to_screen_name":null,"user":{"id":160560121,"id_str":"160560121","name":"マホト","screen_name":"MAHOTONNN","location":"仲間家、カイワレハンマー","description":"清純派YouTuber。全国ツアー中。4thアルバム「BegInner2」発売中。フォトブック「にゃにゃにゃの本」発売中。REBERTASというブランドやってます。BEMA名義でラップしてます。リプ返せない時がありますがリプ返した瞬間ハート押した瞬間からあなたとは友達。12月8日生まれの24歳","url":"https://t.co/5lZPJadna5","entities":{"url":{"urls":[{"url":"https://t.co/5lZPJadna5","expanded_url":"https://www.youtube.com/channel/UC4Au2QrbfaSjHPSdk5tUBeg","display_url":"youtube.com/channel/UC4Au2…","indices":[0,23]}]},"description":{"urls":[]}},"protected":false,"followers_count":1384011,"friends_count":432,"listed_count":3662,"created_at":"Mon Jun 28 14:25:38 +0000 2010","favourites_count":49054,"utc_offset":-36000,"time_zone":"Hawaii","geo_enabled":false,"verified":false,"statuses_count":67685,"lang":"ja","contributors_enabled":false,"is_translator":false,"is_translation_enabled":false,"profile_background_color":"C0DEED","profile_background_image_url":"http://pbs.twimg.com/profile_background_images/216029617/2222.jpg","profile_background_image_url_https":"https://pbs.twimg.com/profile_background_images/216029617/2222.jpg","profile_background_tile":true,"profile_image_url":"http://pbs.twimg.com/profile_images/881851634837463040/JXV7PToA_normal.jpg","profile_image_url_https":"https://pbs.twimg.com/profile_images/881851634837463040/JXV7PToA_normal.jpg","profile_banner_url":"https://pbs.twimg.com/profile_banners/160560121/1493273389","profile_link_color":"0084B4","profile_sidebar_border_color":"C0DEED","profile_sidebar_fill_color":"DDEEF6","profile_text_color":"333333","profile_use_background_image":true,"has_extended_profile":true,"default_profile":false,"default_profile_image":false,"following":false,"follow_request_sent":false,"notifications":false,"translator_type":"none"},"geo":null,"coordinates":null,"place":null,"contributors":null,"is_quote_status":false,"retweet_count":1491,"favorite_count":9940,"favorited":false,"retweeted":false,"lang":"ja"},{"created_at":"Thu Jul 13 07:29:34 +0000 2017","id":885400798296854500,"id_str":"885400798296854529","text":"ツイッターのアイコンも四角に戻ったとかなんとかって噂を聞いたんだけど結局どうなんですかね","truncated":false,"entities":{"hashtags":[],"symbols":[],"user_mentions":[],"urls":[]},"metadata":{"iso_language_code":"ja","result_type":"recent"},"source":"<a href=\"http://twitter.com/download/iphone\" rel=\"nofollow\">Twitter for iPhone</a>","in_reply_to_status_id":null,"in_reply_to_status_id_str":null,"in_reply_to_user_id":null,"in_reply_to_user_id_str":null,"in_reply_to_screen_name":null,"user":{"id":53949113,"id_str":"53949113","name":"そらる@CD出るよ","screen_name":"soraruru","location":"イスの上","description":"歌うのが好きです。なにかあれば（soraru_nico@yahoo.co.jp） 「After the Rain」 歌 / ミックス ★HP（https://t.co/DXerRbidZD） ★youtube（https://t.co/BPyoT0WpgD） ★インフォ （@soraru_info）","url":"https://t.co/DXerRbidZD","entities":{"url":{"urls":[{"url":"https://t.co/DXerRbidZD","expanded_url":"http://soraruru.jp/","display_url":"soraruru.jp","indices":[0,23]}]},"description":{"urls":[{"url":"https://t.co/DXerRbidZD","expanded_url":"http://soraruru.jp/","display_url":"soraruru.jp","indices":[71,94]},{"url":"https://t.co/BPyoT0WpgD","expanded_url":"https://www.youtube.com/user/soraruYT","display_url":"youtube.com/user/soraruYT","indices":[105,128]}]}},"protected":false,"followers_count":805226,"friends_count":490,"listed_count":11481,"created_at":"Sun Jul 05 16:52:48 +0000 2009","favourites_count":52,"utc_offset":-36000,"time_zone":"Hawaii","geo_enabled":false,"verified":true,"statuses_count":108345,"lang":"ja","contributors_enabled":false,"is_translator":false,"is_translation_enabled":false,"profile_background_color":"C0DEED","profile_background_image_url":"http://pbs.twimg.com/profile_background_images/204536235/AIMAI.jpg","profile_background_image_url_https":"https://pbs.twimg.com/profile_background_images/204536235/AIMAI.jpg","profile_background_tile":false,"profile_image_url":"http://pbs.twimg.com/profile_images/849083115255541760/DMfTzKmA_normal.jpg","profile_image_url_https":"https://pbs.twimg.com/profile_images/849083115255541760/DMfTzKmA_normal.jpg","profile_banner_url":"https://pbs.twimg.com/profile_banners/53949113/1429782818","profile_link_color":"0084B4","profile_sidebar_border_color":"C0DEED","profile_sidebar_fill_color":"ABC5D1","profile_text_color":"333333","profile_use_background_image":true,"has_extended_profile":false,"default_profile":false,"default_profile_image":false,"following":false,"follow_request_sent":false,"notifications":false,"translator_type":"none"},"geo":null,"coordinates":null,"place":null,"contributors":null,"is_quote_status":false,"retweet_count":665,"favorite_count":6410,"favorited":false,"retweeted":false,"lang":"ja"},{"created_at":"Thu Jul 13 07:27:17 +0000 2017","id":885400222125350900,"id_str":"885400222125350913","text":"1限目が水泳のろり https://t.co/yrB2y6O0ja","truncated":false,"entities":{"hashtags":[],"symbols":[],"user_mentions":[],"urls":[],"media":[{"id":885400080072691700,"id_str":"885400080072691712","indices":[10,33],"media_url":"http://pbs.twimg.com/media/DEmSrojV0AAlJFM.jpg","media_url_https":"https://pbs.twimg.com/media/DEmSrojV0AAlJFM.jpg","url":"https://t.co/yrB2y6O0ja","display_url":"pic.twitter.com/yrB2y6O0ja","expanded_url":"https://twitter.com/kanihamiso/status/885400222125350913/photo/1","type":"photo","sizes":{"thumb":{"w":150,"h":150,"resize":"crop"},"medium":{"w":500,"h":480,"resize":"fit"},"small":{"w":500,"h":480,"resize":"fit"},"large":{"w":500,"h":480,"resize":"fit"}}}]},"extended_entities":{"media":[{"id":885400080072691700,"id_str":"885400080072691712","indices":[10,33],"media_url":"http://pbs.twimg.com/media/DEmSrojV0AAlJFM.jpg","media_url_https":"https://pbs.twimg.com/media/DEmSrojV0AAlJFM.jpg","url":"https://t.co/yrB2y6O0ja","display_url":"pic.twitter.com/yrB2y6O0ja","expanded_url":"https://twitter.com/kanihamiso/status/885400222125350913/photo/1","type":"photo","sizes":{"thumb":{"w":150,"h":150,"resize":"crop"},"medium":{"w":500,"h":480,"resize":"fit"},"small":{"w":500,"h":480,"resize":"fit"},"large":{"w":500,"h":480,"resize":"fit"}}}]},"metadata":{"iso_language_code":"ja","result_type":"recent"},"source":"<a href=\"http://twitter.com\" rel=\"nofollow\">Twitter Web Client</a>","in_reply_to_status_id":null,"in_reply_to_status_id_str":null,"in_reply_to_user_id":null,"in_reply_to_user_id_str":null,"in_reply_to_screen_name":null,"user":{"id":71858403,"id_str":"71858403","name":"かにかま","screen_name":"kanihamiso","location":"山口","description":"絵を描きます！","url":"http://t.co/K1qwwRXxVs","entities":{"url":{"urls":[{"url":"http://t.co/K1qwwRXxVs","expanded_url":"http://www.pixiv.net/member.php?id=53993","display_url":"pixiv.net/member.php?id=…","indices":[0,22]}]},"description":{"urls":[]}},"protected":false,"followers_count":122482,"friends_count":913,"listed_count":2255,"created_at":"Sat Sep 05 18:12:39 +0000 2009","favourites_count":14053,"utc_offset":-36000,"time_zone":"Hawaii","geo_enabled":false,"verified":false,"statuses_count":21398,"lang":"ja","contributors_enabled":false,"is_translator":false,"is_translation_enabled":false,"profile_background_color":"C6E2EE","profile_background_image_url":"http://pbs.twimg.com/profile_background_images/74985651/assss.jpg","profile_background_image_url_https":"https://pbs.twimg.com/profile_background_images/74985651/assss.jpg","profile_background_tile":false,"profile_image_url":"http://pbs.twimg.com/profile_images/412220691115544576/sCo2GEZX_normal.jpeg","profile_image_url_https":"https://pbs.twimg.com/profile_images/412220691115544576/sCo2GEZX_normal.jpeg","profile_banner_url":"https://pbs.twimg.com/profile_banners/71858403/1454156677","profile_link_color":"1F98C7","profile_sidebar_border_color":"C6E2EE","profile_sidebar_fill_color":"DAECF4","profile_text_color":"663B12","profile_use_background_image":true,"has_extended_profile":false,"default_profile":false,"default_profile_image":false,"following":false,"follow_request_sent":false,"notifications":false,"translator_type":"none"},"geo":null,"coordinates":null,"place":null,"contributors":null,"is_quote_status":false,"retweet_count":1070,"favorite_count":2571,"favorited":false,"retweeted":false,"possibly_sensitive":true,"lang":"ja"},{"created_at":"Thu Jul 13 07:25:44 +0000 2017","id":885399830587035600,"id_str":"885399830587035648","text":"ニコニコ変わってる！またなんかよくわからなくなったぞ・・・","truncated":false,"entities":{"hashtags":[],"symbols":[],"user_mentions":[],"urls":[]},"metadata":{"iso_language_code":"ja","result_type":"recent"},"source":"<a href=\"http://janetter.net/\" rel=\"nofollow\">Janetter</a>","in_reply_to_status_id":null,"in_reply_to_status_id_str":null,"in_reply_to_user_id":null,"in_reply_to_user_id_str":null,"in_reply_to_screen_name":null,"user":{"id":53949113,"id_str":"53949113","name":"そらる@CD出るよ","screen_name":"soraruru","location":"イスの上","description":"歌うのが好きです。なにかあれば（soraru_nico@yahoo.co.jp） 「After the Rain」 歌 / ミックス ★HP（https://t.co/DXerRbidZD） ★youtube（https://t.co/BPyoT0WpgD） ★インフォ （@soraru_info）","url":"https://t.co/DXerRbidZD","entities":{"url":{"urls":[{"url":"https://t.co/DXerRbidZD","expanded_url":"http://soraruru.jp/","display_url":"soraruru.jp","indices":[0,23]}]},"description":{"urls":[{"url":"https://t.co/DXerRbidZD","expanded_url":"http://soraruru.jp/","display_url":"soraruru.jp","indices":[71,94]},{"url":"https://t.co/BPyoT0WpgD","expanded_url":"https://www.youtube.com/user/soraruYT","display_url":"youtube.com/user/soraruYT","indices":[105,128]}]}},"protected":false,"followers_count":805226,"friends_count":490,"listed_count":11481,"created_at":"Sun Jul 05 16:52:48 +0000 2009","favourites_count":52,"utc_offset":-36000,"time_zone":"Hawaii","geo_enabled":false,"verified":true,"statuses_count":108345,"lang":"ja","contributors_enabled":false,"is_translator":false,"is_translation_enabled":false,"profile_background_color":"C0DEED","profile_background_image_url":"http://pbs.twimg.com/profile_background_images/204536235/AIMAI.jpg","profile_background_image_url_https":"https://pbs.twimg.com/profile_background_images/204536235/AIMAI.jpg","profile_background_tile":false,"profile_image_url":"http://pbs.twimg.com/profile_images/849083115255541760/DMfTzKmA_normal.jpg","profile_image_url_https":"https://pbs.twimg.com/profile_images/849083115255541760/DMfTzKmA_normal.jpg","profile_banner_url":"https://pbs.twimg.com/profile_banners/53949113/1429782818","profile_link_color":"0084B4","profile_sidebar_border_color":"C0DEED","profile_sidebar_fill_color":"ABC5D1","profile_text_color":"333333","profile_use_background_image":true,"has_extended_profile":false,"default_profile":false,"default_profile_image":false,"following":false,"follow_request_sent":false,"notifications":false,"translator_type":"none"},"geo":null,"coordinates":null,"place":null,"contributors":null,"is_quote_status":false,"retweet_count":639,"favorite_count":6343,"favorited":false,"retweeted":false,"lang":"ja"},{"created_at":"Thu Jul 13 07:17:19 +0000 2017","id":885397712799060000,"id_str":"885397712799059968","text":"今日は舞台『幽劇』の顔合わせ&amp;本読みでした😄✨いよいよ稽古開始⤴️✨このチームめちゃくちゃデカイです🕺🏾👏✨✨✨ https://t.co/TwmW6A2poB","truncated":false,"entities":{"hashtags":[],"symbols":[],"user_mentions":[],"urls":[],"media":[{"id":885397652761845800,"id_str":"885397652761845760","indices":[61,84],"media_url":"http://pbs.twimg.com/media/DEmQeWHVoAA06OW.jpg","media_url_https":"https://pbs.twimg.com/media/DEmQeWHVoAA06OW.jpg","url":"https://t.co/TwmW6A2poB","display_url":"pic.twitter.com/TwmW6A2poB","expanded_url":"https://twitter.com/kenchi_official/status/885397712799059968/photo/1","type":"photo","sizes":{"medium":{"w":1200,"h":848,"resize":"fit"},"large":{"w":2048,"h":1448,"resize":"fit"},"thumb":{"w":150,"h":150,"resize":"crop"},"small":{"w":680,"h":481,"resize":"fit"}}}]},"extended_entities":{"media":[{"id":885397652761845800,"id_str":"885397652761845760","indices":[61,84],"media_url":"http://pbs.twimg.com/media/DEmQeWHVoAA06OW.jpg","media_url_https":"https://pbs.twimg.com/media/DEmQeWHVoAA06OW.jpg","url":"https://t.co/TwmW6A2poB","display_url":"pic.twitter.com/TwmW6A2poB","expanded_url":"https://twitter.com/kenchi_official/status/885397712799059968/photo/1","type":"photo","sizes":{"medium":{"w":1200,"h":848,"resize":"fit"},"large":{"w":2048,"h":1448,"resize":"fit"},"thumb":{"w":150,"h":150,"resize":"crop"},"small":{"w":680,"h":481,"resize":"fit"}}},{"id":885397652791107600,"id_str":"885397652791107584","indices":[61,84],"media_url":"http://pbs.twimg.com/media/DEmQeWOUIAA2DIw.jpg","media_url_https":"https://pbs.twimg.com/media/DEmQeWOUIAA2DIw.jpg","url":"https://t.co/TwmW6A2poB","display_url":"pic.twitter.com/TwmW6A2poB","expanded_url":"https://twitter.com/kenchi_official/status/885397712799059968/photo/1","type":"photo","sizes":{"thumb":{"w":150,"h":150,"resize":"crop"},"large":{"w":2048,"h":1536,"resize":"fit"},"medium":{"w":1200,"h":900,"resize":"fit"},"small":{"w":680,"h":510,"resize":"fit"}}}]},"metadata":{"iso_language_code":"ja","result_type":"recent"},"source":"<a href=\"http://twitter.com/download/iphone\" rel=\"nofollow\">Twitter for iPhone</a>","in_reply_to_status_id":null,"in_reply_to_status_id_str":null,"in_reply_to_user_id":null,"in_reply_to_user_id_str":null,"in_reply_to_screen_name":null,"user":{"id":774592068706369500,"id_str":"774592068706369537","name":"Kenchi Tachibana","screen_name":"kenchi_official","location":"","description":"EXILE/EXILE THE SECOND Official Twitter","url":"https://t.co/NUecQDXB5W","entities":{"url":{"urls":[{"url":"https://t.co/NUecQDXB5W","expanded_url":"http://m.ex-m.jp","display_url":"m.ex-m.jp","indices":[0,23]}]},"description":{"urls":[]}},"protected":false,"followers_count":214855,"friends_count":60,"listed_count":671,"created_at":"Sat Sep 10 12:55:15 +0000 2016","favourites_count":0,"utc_offset":null,"time_zone":null,"geo_enabled":false,"verified":true,"statuses_count":362,"lang":"ja","contributors_enabled":false,"is_translator":false,"is_translation_enabled":false,"profile_background_color":"F5F8FA","profile_background_image_url":null,"profile_background_image_url_https":null,"profile_background_tile":false,"profile_image_url":"http://pbs.twimg.com/profile_images/774600474397769728/TLMzPFB1_normal.jpg","profile_image_url_https":"https://pbs.twimg.com/profile_images/774600474397769728/TLMzPFB1_normal.jpg","profile_banner_url":"https://pbs.twimg.com/profile_banners/774592068706369537/1474968223","profile_link_color":"1DA1F2","profile_sidebar_border_color":"C0DEED","profile_sidebar_fill_color":"DDEEF6","profile_text_color":"333333","profile_use_background_image":true,"has_extended_profile":true,"default_profile":true,"default_profile_image":false,"following":false,"follow_request_sent":false,"notifications":false,"translator_type":"none"},"geo":null,"coordinates":null,"place":null,"contributors":null,"is_quote_status":false,"retweet_count":669,"favorite_count":4064,"favorited":false,"retweeted":false,"possibly_sensitive":false,"lang":"ja"}],"search_metadata":{"completed_in":0.226,"max_id":885409683225272300,"max_id_str":"885409683225272320","next_results":"?max_id=885397712799059967&q=lang%3Aja%20min_retweets%3A500&include_entities=1","query":"lang%3Aja+min_retweets%3A500","refresh_url":"?since_id=885409683225272320&q=lang%3Aja%20min_retweets%3A500&include_entities=1","count":15,"since_id":0,"since_id_str":"0"}}