{"statuses":[{"created_at":"Mon Jul 10 12:30:58 +0000 2017","id":884389484028076000,"id_str":"884389484028076032","text":"昨夜は大好きな友達に会えた❤\n少し会うだけで元気になる好きのパワーは凄いなといつも思います。\nありがとう😊\n#貫地谷しほり #上野なつひ #中村沙織 #川村ゆきえ #WOG #さいたまスーパーアリーナ #AAA https://t.co/VHw1rhyV7S","truncated":false,"entities":{"hashtags":[{"text":"貫地谷しほり","indices":[54,61]},{"text":"上野なつひ","indices":[62,68]},{"text":"中村沙織","indices":[69,74]},{"text":"川村ゆきえ","indices":[75,81]},{"text":"WOG","indices":[82,86]},{"text":"さいたまスーパーアリーナ","indices":[87,100]},{"text":"AAA","indices":[101,105]}],"symbols":[],"user_mentions":[],"urls":[],"media":[{"id":884389474137800700,"id_str":"884389474137800704","indices":[106,129],"media_url":"http://pbs.twimg.com/media/DEX7ioEUAAAt5M0.jpg","media_url_https":"https://pbs.twimg.com/media/DEX7ioEUAAAt5M0.jpg","url":"https://t.co/VHw1rhyV7S","display_url":"pic.twitter.com/VHw1rhyV7S","expanded_url":"https://twitter.com/uno_uno_0716/status/884389484028076032/photo/1","type":"photo","sizes":{"large":{"w":1800,"h":1200,"resize":"fit"},"medium":{"w":1200,"h":800,"resize":"fit"},"thumb":{"w":150,"h":150,"resize":"crop"},"small":{"w":680,"h":453,"resize":"fit"}}}]},"extended_entities":{"media":[{"id":884389474137800700,"id_str":"884389474137800704","indices":[106,129],"media_url":"http://pbs.twimg.com/media/DEX7ioEUAAAt5M0.jpg","media_url_https":"https://pbs.twimg.com/media/DEX7ioEUAAAt5M0.jpg","url":"https://t.co/VHw1rhyV7S","display_url":"pic.twitter.com/VHw1rhyV7S","expanded_url":"https://twitter.com/uno_uno_0716/status/884389484028076032/photo/1","type":"photo","sizes":{"large":{"w":1800,"h":1200,"resize":"fit"},"medium":{"w":1200,"h":800,"resize":"fit"},"thumb":{"w":150,"h":150,"resize":"crop"},"small":{"w":680,"h":453,"resize":"fit"}}},{"id":884389474129502200,"id_str":"884389474129502208","indices":[106,129],"media_url":"http://pbs.twimg.com/media/DEX7ioCVYAAQGAQ.jpg","media_url_https":"https://pbs.twimg.com/media/DEX7ioCVYAAQGAQ.jpg","url":"https://t.co/VHw1rhyV7S","display_url":"pic.twitter.com/VHw1rhyV7S","expanded_url":"https://twitter.com/uno_uno_0716/status/884389484028076032/photo/1","type":"photo","sizes":{"small":{"w":680,"h":453,"resize":"fit"},"thumb":{"w":150,"h":150,"resize":"crop"},"medium":{"w":1200,"h":799,"resize":"fit"},"large":{"w":1495,"h":996,"resize":"fit"}}}]},"metadata":{"iso_language_code":"ja","result_type":"recent"},"source":"<a href=\"http://twitter.com/download/iphone\" rel=\"nofollow\">Twitter for iPhone</a>","in_reply_to_status_id":null,"in_reply_to_status_id_str":null,"in_reply_to_user_id":null,"in_reply_to_user_id_str":null,"in_reply_to_screen_name":null,"user":{"id":175292499,"id_str":"175292499","name":"宇野実彩子 AAA","screen_name":"uno_uno_0716","location":"","description":"AAA宇野実彩子です。♡   https://t.co/vI0rZGNNmW","url":null,"entities":{"description":{"urls":[{"url":"https://t.co/vI0rZGNNmW","expanded_url":"http://instagram.com/misako_uno_aaa","display_url":"instagram.com/misako_uno_aaa","indices":[15,38]}]}},"protected":false,"followers_count":950763,"friends_count":58,"listed_count":5820,"created_at":"Fri Aug 06 05:45:06 +0000 2010","favourites_count":0,"utc_offset":null,"time_zone":null,"geo_enabled":false,"verified":true,"statuses_count":3981,"lang":"ja","contributors_enabled":false,"is_translator":false,"is_translation_enabled":false,"profile_background_color":"C0DEED","profile_background_image_url":"http://abs.twimg.com/images/themes/theme1/bg.png","profile_background_image_url_https":"https://abs.twimg.com/images/themes/theme1/bg.png","profile_background_tile":false,"profile_image_url":"http://pbs.twimg.com/profile_images/848347777713045504/UQZvEaFv_normal.jpg","profile_image_url_https":"https://pbs.twimg.com/profile_images/848347777713045504/UQZvEaFv_normal.jpg","profile_banner_url":"https://pbs.twimg.com/profile_banners/175292499/1491096848","profile_link_color":"1DA1F2","profile_sidebar_border_color":"C0DEED","profile_sidebar_fill_color":"DDEEF6","profile_text_color":"333333","profile_use_background_image":true,"has_extended_profile":false,"default_profile":true,"default_profile_image":false,"following":false,"follow_request_sent":false,"notifications":false,"translator_type":"none"},"geo":null,"coordinates":null,"place":null,"contributors":null,"is_quote_status":false,"retweet_count":1233,"favorite_count":6847,"favorited":false,"retweeted":false,"possibly_sensitive":false,"lang":"ja"},{"created_at":"Mon Jul 10 12:23:58 +0000 2017","id":884387720843284500,"id_str":"884387720843284480","text":"「誰と入れ替わりたいか？」との質問に、小栗さんは「えー俺、絶対吉沢亮」ムロさんは「新井さん。あ、でも剛さんと入れ替わりたい」とのことです #映画銀魂","truncated":false,"entities":{"hashtags":[{"text":"映画銀魂","indices":[69,74]}],"symbols":[],"user_mentions":[],"urls":[]},"metadata":{"iso_language_code":"ja","result_type":"recent"},"source":"<a href=\"http://twitter.com/download/iphone\" rel=\"nofollow\">Twitter for iPhone</a>","in_reply_to_status_id":null,"in_reply_to_status_id_str":null,"in_reply_to_user_id":null,"in_reply_to_user_id_str":null,"in_reply_to_screen_name":null,"user":{"id":742990922053476400,"id_str":"742990922053476353","name":"映画『銀魂』公式","screen_name":"gintama_film","location":"宇宙一バカな侍だ、コノヤロー！！","description":"7/14（金）全国公開！出演: #小栗旬 #菅田将暉 #橋本環奈 #柳楽優弥 #新井浩文 #吉沢亮 #早見あかり #ムロツヨシ #長澤まさみ #岡田将生 #佐藤二朗 #菜々緒 #安田顕 #中村勘九郎 #堂本剛 監督: #福田雄一 。原作:#空知英秋 主題歌: #UVERworld #映画銀魂","url":"https://t.co/ouY8dPAuVA","entities":{"url":{"urls":[{"url":"https://t.co/ouY8dPAuVA","expanded_url":"http://gintama-film.com","display_url":"gintama-film.com","indices":[0,23]}]},"description":{"urls":[]}},"protected":false,"followers_count":376899,"friends_count":16,"listed_count":1519,"created_at":"Wed Jun 15 08:03:34 +0000 2016","favourites_count":0,"utc_offset":32400,"time_zone":"Tokyo","geo_enabled":false,"verified":true,"statuses_count":378255,"lang":"ja","contributors_enabled":false,"is_translator":false,"is_translation_enabled":false,"profile_background_color":"F5F8FA","profile_background_image_url":null,"profile_background_image_url_https":null,"profile_background_tile":false,"profile_image_url":"http://pbs.twimg.com/profile_images/856317082475966464/lFnmsf0P_normal.jpg","profile_image_url_https":"https://pbs.twimg.com/profile_images/856317082475966464/lFnmsf0P_normal.jpg","profile_banner_url":"https://pbs.twimg.com/profile_banners/742990922053476353/1494498690","profile_link_color":"1DA1F2","profile_sidebar_border_color":"C0DEED","profile_sidebar_fill_color":"DDEEF6","profile_text_color":"333333","profile_use_background_image":true,"has_extended_profile":false,"default_profile":true,"default_profile_image":false,"following":false,"follow_request_sent":false,"notifications":false,"translator_type":"none"},"geo":null,"coordinates":null,"place":null,"contributors":null,"is_quote_status":false,"retweet_count":695,"favorite_count":1680,"favorited":false,"retweeted":false,"lang":"ja"},{"created_at":"Mon Jul 10 12:22:47 +0000 2017","id":884387423634849800,"id_str":"884387423634849792","text":"POINTJPプレゼント企画\n\niTunesコード500円\n応募方法：フォロー＆RT\n締め切り：本日23時59分\n発送方法：DMでコード送信\n\nサイト登録一切なし。当選者はいいねにまとめていますのでご参考に。お気軽にご応募ください… https://t.co/JTh71p98ER","truncated":true,"entities":{"hashtags":[],"symbols":[],"user_mentions":[],"urls":[{"url":"https://t.co/JTh71p98ER","expanded_url":"https://twitter.com/i/web/status/884387423634849792","display_url":"twitter.com/i/web/status/8…","indices":[117,140]}]},"metadata":{"iso_language_code":"ja","result_type":"recent"},"source":"<a href=\"http://twitter.com/download/android\" rel=\"nofollow\">Twitter for Android</a>","in_reply_to_status_id":null,"in_reply_to_status_id_str":null,"in_reply_to_user_id":null,"in_reply_to_user_id_str":null,"in_reply_to_screen_name":null,"user":{"id":794870563835478000,"id_str":"794870563835478016","name":"POINTJP","screen_name":"POINTJP_TSUTOMU","location":"","description":"【日本ポイントサイト情報 POINTJP】の公式アカウントです。ポイントサイトのお得な情報の発信からプレゼント企画も開催。ポイントサイトの記事を「RT＆いいね」すると当選率アップ。当選者はhttps://t.co/RF53ZYbCEMで公開。基本的に質問には滅多に返答は致しませんのでご了承下さい。サイト内の画像等の無断転載禁止。","url":"https://t.co/yTOghMt3Td","entities":{"url":{"urls":[{"url":"https://t.co/yTOghMt3Td","expanded_url":"http://pointjp.com/","display_url":"pointjp.com","indices":[0,23]}]},"description":{"urls":[{"url":"https://t.co/RF53ZYbCEM","expanded_url":"http://pointjp.com","display_url":"pointjp.com","indices":[94,117]}]}},"protected":false,"followers_count":65070,"friends_count":1,"listed_count":69,"created_at":"Sat Nov 05 11:54:45 +0000 2016","favourites_count":557,"utc_offset":null,"time_zone":null,"geo_enabled":false,"verified":false,"statuses_count":1024,"lang":"ja","contributors_enabled":false,"is_translator":false,"is_translation_enabled":false,"profile_background_color":"000000","profile_background_image_url":"http://abs.twimg.com/images/themes/theme1/bg.png","profile_background_image_url_https":"https://abs.twimg.com/images/themes/theme1/bg.png","profile_background_tile":false,"profile_image_url":"http://pbs.twimg.com/profile_images/809630656955183104/55W_t8Gx_normal.jpg","profile_image_url_https":"https://pbs.twimg.com/profile_images/809630656955183104/55W_t8Gx_normal.jpg","profile_banner_url":"https://pbs.twimg.com/profile_banners/794870563835478016/1481865722","profile_link_color":"1B95E0","profile_sidebar_border_color":"000000","profile_sidebar_fill_color":"000000","profile_text_color":"000000","profile_use_background_image":false,"has_extended_profile":false,"default_profile":false,"default_profile_image":false,"following":false,"follow_request_sent":false,"notifications":false,"translator_type":"none"},"geo":null,"coordinates":null,"place":null,"contributors":null,"is_quote_status":false,"retweet_count":775,"favorite_count":195,"favorited":false,"retweeted":false,"possibly_sensitive":false,"lang":"ja"},{"created_at":"Mon Jul 10 12:20:16 +0000 2017","id":884386791029063700,"id_str":"884386791029063680","text":"夢の国。\nhttps://t.co/V9u41NkyF0 https://t.co/UWzM3BYCh3","truncated":false,"entities":{"hashtags":[],"symbols":[],"user_mentions":[],"urls":[{"url":"https://t.co/V9u41NkyF0","expanded_url":"http://ameblo.jp/masanariwada","display_url":"ameblo.jp/masanariwada","indices":[5,28]}],"media":[{"id":884386784385261600,"id_str":"884386784385261568","indices":[29,52],"media_url":"http://pbs.twimg.com/media/DEX5GD9VYAAxMKe.jpg","media_url_https":"https://pbs.twimg.com/media/DEX5GD9VYAAxMKe.jpg","url":"https://t.co/UWzM3BYCh3","display_url":"pic.twitter.com/UWzM3BYCh3","expanded_url":"https://twitter.com/masanari6/status/884386791029063680/photo/1","type":"photo","sizes":{"medium":{"w":640,"h":852,"resize":"fit"},"large":{"w":640,"h":852,"resize":"fit"},"thumb":{"w":150,"h":150,"resize":"crop"},"small":{"w":511,"h":680,"resize":"fit"}}}]},"extended_entities":{"media":[{"id":884386784385261600,"id_str":"884386784385261568","indices":[29,52],"media_url":"http://pbs.twimg.com/media/DEX5GD9VYAAxMKe.jpg","media_url_https":"https://pbs.twimg.com/media/DEX5GD9VYAAxMKe.jpg","url":"https://t.co/UWzM3BYCh3","display_url":"pic.twitter.com/UWzM3BYCh3","expanded_url":"https://twitter.com/masanari6/status/884386791029063680/photo/1","type":"photo","sizes":{"medium":{"w":640,"h":852,"resize":"fit"},"large":{"w":640,"h":852,"resize":"fit"},"thumb":{"w":150,"h":150,"resize":"crop"},"small":{"w":511,"h":680,"resize":"fit"}}}]},"metadata":{"iso_language_code":"ja","result_type":"recent"},"source":"<a href=\"http://twitter.com/download/iphone\" rel=\"nofollow\">Twitter for iPhone</a>","in_reply_to_status_id":null,"in_reply_to_status_id_str":null,"in_reply_to_user_id":null,"in_reply_to_user_id_str":null,"in_reply_to_screen_name":null,"user":{"id":332214869,"id_str":"332214869","name":"和田雅成","screen_name":"masanari6","location":"","description":"和田雅成チャンネル『りんりんのたこ焼き屋さん』 https://t.co/EuciLuK9vP","url":"https://t.co/tVEnR54nWp","entities":{"url":{"urls":[{"url":"https://t.co/tVEnR54nWp","expanded_url":"http://s.ameblo.jp/masanariwada","display_url":"s.ameblo.jp/masanariwada","indices":[0,23]}]},"description":{"urls":[{"url":"https://t.co/EuciLuK9vP","expanded_url":"http://sp.ch.nicovideo.jp/wadamasanari-rubyparade","display_url":"sp.ch.nicovideo.jp/wadamasanari-r…","indices":[24,47]}]}},"protected":false,"followers_count":79482,"friends_count":127,"listed_count":4172,"created_at":"Sat Jul 09 12:17:15 +0000 2011","favourites_count":84,"utc_offset":32400,"time_zone":"Tokyo","geo_enabled":true,"verified":false,"statuses_count":6393,"lang":"ja","contributors_enabled":false,"is_translator":false,"is_translation_enabled":false,"profile_background_color":"C0DEED","profile_background_image_url":"http://abs.twimg.com/images/themes/theme1/bg.png","profile_background_image_url_https":"https://abs.twimg.com/images/themes/theme1/bg.png","profile_background_tile":false,"profile_image_url":"http://pbs.twimg.com/profile_images/822750078771134464/cm3PGKEX_normal.jpg","profile_image_url_https":"https://pbs.twimg.com/profile_images/822750078771134464/cm3PGKEX_normal.jpg","profile_banner_url":"https://pbs.twimg.com/profile_banners/332214869/1425913971","profile_link_color":"1DA1F2","profile_sidebar_border_color":"C0DEED","profile_sidebar_fill_color":"DDEEF6","profile_text_color":"333333","profile_use_background_image":true,"has_extended_profile":false,"default_profile":true,"default_profile_image":false,"following":false,"follow_request_sent":false,"notifications":false,"translator_type":"none"},"geo":null,"coordinates":null,"place":null,"contributors":null,"is_quote_status":false,"retweet_count":723,"favorite_count":1588,"favorited":false,"retweeted":false,"possibly_sensitive":false,"lang":"ja"},{"created_at":"Mon Jul 10 12:18:00 +0000 2017","id":884386219924144100,"id_str":"884386219924144130","text":"【パワプロアプリRTキャンペーン】\nこのツイートをRTしてゲーム内アイテムをゲットしよー！\n明日7/11(火)からのBOXガチャで可愛い水着の3人が復刻！\nRTキャンペーン期間は、7/13(木)23:59までだよ。\n#パワプロTV… https://t.co/0zpI5ldhqG","truncated":true,"entities":{"hashtags":[{"text":"パワプロTV","indices":[108,115]}],"symbols":[],"user_mentions":[],"urls":[{"url":"https://t.co/0zpI5ldhqG","expanded_url":"https://twitter.com/i/web/status/884386219924144130","display_url":"twitter.com/i/web/status/8…","indices":[117,140]}]},"metadata":{"iso_language_code":"ja","result_type":"recent"},"source":"<a href=\"http://twitter.com\" rel=\"nofollow\">Twitter Web Client</a>","in_reply_to_status_id":null,"in_reply_to_status_id_str":null,"in_reply_to_user_id":null,"in_reply_to_user_id_str":null,"in_reply_to_screen_name":null,"user":{"id":856424848901288000,"id_str":"856424848901287936","name":"パワプロアプリ公式","screen_name":"pawa_app573","location":"東京 港区","description":"モバイルゲーム「実況パワフルプロ野球」の最新情報をお知らせするKONAMI公式アカウントです。\nゲームに関するお問合せは、アプリ内お問い合わせ、またはお客様相談室 https://t.co/c6mm6KvoJt まで。\n当社Twitter利用方針 https://t.co/muese0Hh4f","url":"https://t.co/CD05REvust","entities":{"url":{"urls":[{"url":"https://t.co/CD05REvust","expanded_url":"https://www.konami.com/pawa/app/","display_url":"konami.com/pawa/app/","indices":[0,23]}]},"description":{"urls":[{"url":"https://t.co/c6mm6KvoJt","expanded_url":"http://573.jp/inqu","display_url":"573.jp/inqu","indices":[82,105]},{"url":"https://t.co/muese0Hh4f","expanded_url":"http://573.jp/twpl","display_url":"573.jp/twpl","indices":[124,147]}]}},"protected":false,"followers_count":159588,"friends_count":6,"listed_count":42,"created_at":"Mon Apr 24 08:29:30 +0000 2017","favourites_count":2,"utc_offset":32400,"time_zone":"Tokyo","geo_enabled":false,"verified":true,"statuses_count":226,"lang":"ja","contributors_enabled":false,"is_translator":false,"is_translation_enabled":false,"profile_background_color":"000000","profile_background_image_url":"http://abs.twimg.com/images/themes/theme1/bg.png","profile_background_image_url_https":"https://abs.twimg.com/images/themes/theme1/bg.png","profile_background_tile":false,"profile_image_url":"http://pbs.twimg.com/profile_images/875516105523027968/6nz6rGi8_normal.jpg","profile_image_url_https":"https://pbs.twimg.com/profile_images/875516105523027968/6nz6rGi8_normal.jpg","profile_banner_url":"https://pbs.twimg.com/profile_banners/856424848901287936/1495612433","profile_link_color":"0065C6","profile_sidebar_border_color":"000000","profile_sidebar_fill_color":"000000","profile_text_color":"000000","profile_use_background_image":false,"has_extended_profile":false,"default_profile":false,"default_profile_image":false,"following":false,"follow_request_sent":false,"notifications":false,"translator_type":"none"},"geo":null,"coordinates":null,"place":null,"contributors":null,"is_quote_status":false,"retweet_count":1986,"favorite_count":197,"favorited":false,"retweeted":false,"possibly_sensitive":false,"lang":"ja"},{"created_at":"Mon Jul 10 12:16:02 +0000 2017","id":884385726690754600,"id_str":"884385726690754561","text":"「TYPE-MOONエース VOL.12」の発売日が8月26日に決定しました！ 大充実の内容にすべく鋭意制作中ですので、続報をお楽しみに！ https://t.co/OGatJSYcEC","truncated":false,"entities":{"hashtags":[],"symbols":[],"user_mentions":[],"urls":[],"media":[{"id":884385537590673400,"id_str":"884385537590673410","indices":[70,93],"media_url":"http://pbs.twimg.com/media/DEX39fSVwAIq0bR.jpg","media_url_https":"https://pbs.twimg.com/media/DEX39fSVwAIq0bR.jpg","url":"https://t.co/OGatJSYcEC","display_url":"pic.twitter.com/OGatJSYcEC","expanded_url":"https://twitter.com/comptiq/status/884385726690754561/photo/1","type":"photo","sizes":{"large":{"w":1241,"h":1674,"resize":"fit"},"thumb":{"w":150,"h":150,"resize":"crop"},"small":{"w":504,"h":680,"resize":"fit"},"medium":{"w":890,"h":1200,"resize":"fit"}}}]},"extended_entities":{"media":[{"id":884385537590673400,"id_str":"884385537590673410","indices":[70,93],"media_url":"http://pbs.twimg.com/media/DEX39fSVwAIq0bR.jpg","media_url_https":"https://pbs.twimg.com/media/DEX39fSVwAIq0bR.jpg","url":"https://t.co/OGatJSYcEC","display_url":"pic.twitter.com/OGatJSYcEC","expanded_url":"https://twitter.com/comptiq/status/884385726690754561/photo/1","type":"photo","sizes":{"large":{"w":1241,"h":1674,"resize":"fit"},"thumb":{"w":150,"h":150,"resize":"crop"},"small":{"w":504,"h":680,"resize":"fit"},"medium":{"w":890,"h":1200,"resize":"fit"}}}]},"metadata":{"iso_language_code":"ja","result_type":"recent"},"source":"<a href=\"http://twitter.com\" rel=\"nofollow\">Twitter Web Client</a>","in_reply_to_status_id":null,"in_reply_to_status_id_str":null,"in_reply_to_user_id":null,"in_reply_to_user_id_str":null,"in_reply_to_screen_name":null,"user":{"id":147516560,"id_str":"147516560","name":"コンプティーク＆コンプエース","screen_name":"comptiq","location":"","description":"コンプティーク＆コンプエースの公式アカウントです。最新情報や告知などいろいろとつぶやいていきます。  たまーにお客さんが登場するかも!?  宜しくお願いいたします。","url":"https://t.co/7YZZngjou7","entities":{"url":{"urls":[{"url":"https://t.co/7YZZngjou7","expanded_url":"https://web-ace.jp/","display_url":"web-ace.jp","indices":[0,23]}]},"description":{"urls":[]}},"protected":false,"followers_count":20281,"friends_count":380,"listed_count":633,"created_at":"Mon May 24 10:09:55 +0000 2010","favourites_count":3,"utc_offset":32400,"time_zone":"Tokyo","geo_enabled":false,"verified":false,"statuses_count":4658,"lang":"ja","contributors_enabled":false,"is_translator":false,"is_translation_enabled":false,"profile_background_color":"C0DEED","profile_background_image_url":"http://abs.twimg.com/images/themes/theme1/bg.png","profile_background_image_url_https":"https://abs.twimg.com/images/themes/theme1/bg.png","profile_background_tile":false,"profile_image_url":"http://pbs.twimg.com/profile_images/884389909091426304/J5q4cXDj_normal.jpg","profile_image_url_https":"https://pbs.twimg.com/profile_images/884389909091426304/J5q4cXDj_normal.jpg","profile_banner_url":"https://pbs.twimg.com/profile_banners/147516560/1499689158","profile_link_color":"1DA1F2","profile_sidebar_border_color":"C0DEED","profile_sidebar_fill_color":"DDEEF6","profile_text_color":"333333","profile_use_background_image":true,"has_extended_profile":false,"default_profile":true,"default_profile_image":false,"following":false,"follow_request_sent":false,"notifications":false,"translator_type":"none"},"geo":null,"coordinates":null,"place":null,"contributors":null,"is_quote_status":false,"retweet_count":2042,"favorite_count":1170,"favorited":false,"retweeted":false,"possibly_sensitive":false,"lang":"ja"},{"created_at":"Mon Jul 10 12:14:43 +0000 2017","id":884385391708471300,"id_str":"884385391708471296","text":"アイオワの夏 https://t.co/FffDXziKeH","truncated":false,"entities":{"hashtags":[],"symbols":[],"user_mentions":[],"urls":[],"media":[{"id":884385348842774500,"id_str":"884385348842774528","indices":[7,30],"media_url":"http://pbs.twimg.com/media/DEX3ygJVYAAttBL.jpg","media_url_https":"https://pbs.twimg.com/media/DEX3ygJVYAAttBL.jpg","url":"https://t.co/FffDXziKeH","display_url":"pic.twitter.com/FffDXziKeH","expanded_url":"https://twitter.com/idonum/status/884385391708471296/photo/1","type":"photo","sizes":{"medium":{"w":846,"h":1200,"resize":"fit"},"thumb":{"w":150,"h":150,"resize":"crop"},"large":{"w":846,"h":1200,"resize":"fit"},"small":{"w":479,"h":680,"resize":"fit"}}}]},"extended_entities":{"media":[{"id":884385348842774500,"id_str":"884385348842774528","indices":[7,30],"media_url":"http://pbs.twimg.com/media/DEX3ygJVYAAttBL.jpg","media_url_https":"https://pbs.twimg.com/media/DEX3ygJVYAAttBL.jpg","url":"https://t.co/FffDXziKeH","display_url":"pic.twitter.com/FffDXziKeH","expanded_url":"https://twitter.com/idonum/status/884385391708471296/photo/1","type":"photo","sizes":{"medium":{"w":846,"h":1200,"resize":"fit"},"thumb":{"w":150,"h":150,"resize":"crop"},"large":{"w":846,"h":1200,"resize":"fit"},"small":{"w":479,"h":680,"resize":"fit"}}}]},"metadata":{"iso_language_code":"ja","result_type":"recent"},"source":"<a href=\"http://twitter.com\" rel=\"nofollow\">Twitter Web Client</a>","in_reply_to_status_id":null,"in_reply_to_status_id_str":null,"in_reply_to_user_id":null,"in_reply_to_user_id_str":null,"in_reply_to_screen_name":null,"user":{"id":2955793471,"id_str":"2955793471","name":"いど☆夏コミ1日目","screen_name":"idonum","location":"","description":"よろしくお願いします！大体絵をかいています。","url":"https://t.co/fQQHYSRKq0","entities":{"url":{"urls":[{"url":"https://t.co/fQQHYSRKq0","expanded_url":"http://www.pixiv.net/member.php?id=1101145","display_url":"pixiv.net/member.php?id=…","indices":[0,23]}]},"description":{"urls":[]}},"protected":false,"followers_count":62868,"friends_count":284,"listed_count":1336,"created_at":"Fri Jan 02 07:59:47 +0000 2015","favourites_count":4931,"utc_offset":32400,"time_zone":"Tokyo","geo_enabled":false,"verified":false,"statuses_count":10995,"lang":"ja","contributors_enabled":false,"is_translator":false,"is_translation_enabled":false,"profile_background_color":"000000","profile_background_image_url":"http://abs.twimg.com/images/themes/theme1/bg.png","profile_background_image_url_https":"https://abs.twimg.com/images/themes/theme1/bg.png","profile_background_tile":false,"profile_image_url":"http://pbs.twimg.com/profile_images/880813892254941185/Fqgx37MF_normal.jpg","profile_image_url_https":"https://pbs.twimg.com/profile_images/880813892254941185/Fqgx37MF_normal.jpg","profile_banner_url":"https://pbs.twimg.com/profile_banners/2955793471/1498837430","profile_link_color":"1B95E0","profile_sidebar_border_color":"000000","profile_sidebar_fill_color":"000000","profile_text_color":"000000","profile_use_background_image":false,"has_extended_profile":true,"default_profile":false,"default_profile_image":false,"following":false,"follow_request_sent":false,"notifications":false,"translator_type":"none"},"geo":null,"coordinates":null,"place":null,"contributors":null,"is_quote_status":false,"retweet_count":581,"favorite_count":859,"favorited":false,"retweeted":false,"possibly_sensitive":false,"lang":"ja"},{"created_at":"Mon Jul 10 12:14:04 +0000 2017","id":884385228516610000,"id_str":"884385228516610048","text":"今日の動画です！\n甘えん坊猫を無視してぬいぐるみを可愛がりまくった結果www\nhttps://t.co/hAPxa1ye7O https://t.co/1C61DmQkbC","truncated":false,"entities":{"hashtags":[],"symbols":[],"user_mentions":[],"urls":[{"url":"https://t.co/hAPxa1ye7O","expanded_url":"https://youtu.be/_a6DIt8qnnQ","display_url":"youtu.be/_a6DIt8qnnQ","indices":[39,62]}],"media":[{"id":884385215220600800,"id_str":"884385215220600832","indices":[63,86],"media_url":"http://pbs.twimg.com/media/DEX3quXU0AAdhzk.jpg","media_url_https":"https://pbs.twimg.com/media/DEX3quXU0AAdhzk.jpg","url":"https://t.co/1C61DmQkbC","display_url":"pic.twitter.com/1C61DmQkbC","expanded_url":"https://twitter.com/MAHOTONNN/status/884385228516610048/photo/1","type":"photo","sizes":{"large":{"w":1920,"h":1080,"resize":"fit"},"thumb":{"w":150,"h":150,"resize":"crop"},"medium":{"w":1200,"h":675,"resize":"fit"},"small":{"w":680,"h":383,"resize":"fit"}}}]},"extended_entities":{"media":[{"id":884385215220600800,"id_str":"884385215220600832","indices":[63,86],"media_url":"http://pbs.twimg.com/media/DEX3quXU0AAdhzk.jpg","media_url_https":"https://pbs.twimg.com/media/DEX3quXU0AAdhzk.jpg","url":"https://t.co/1C61DmQkbC","display_url":"pic.twitter.com/1C61DmQkbC","expanded_url":"https://twitter.com/MAHOTONNN/status/884385228516610048/photo/1","type":"photo","sizes":{"large":{"w":1920,"h":1080,"resize":"fit"},"thumb":{"w":150,"h":150,"resize":"crop"},"medium":{"w":1200,"h":675,"resize":"fit"},"small":{"w":680,"h":383,"resize":"fit"}}}]},"metadata":{"iso_language_code":"ja","result_type":"recent"},"source":"<a href=\"http://twitter.com\" rel=\"nofollow\">Twitter Web Client</a>","in_reply_to_status_id":null,"in_reply_to_status_id_str":null,"in_reply_to_user_id":null,"in_reply_to_user_id_str":null,"in_reply_to_screen_name":null,"user":{"id":160560121,"id_str":"160560121","name":"マホト","screen_name":"MAHOTONNN","location":"仲間家、カイワレハンマー","description":"清純派YouTuber。全国ツアー中。4thアルバム「BegInner2」発売中。フォトブック「にゃにゃにゃの本」発売中。REBERTASというブランドやってます。BEMA名義でラップしてます。リプ返せない時がありますがリプ返した瞬間ハート押した瞬間からあなたとは友達。12月8日生まれの24歳","url":"https://t.co/5lZPJadna5","entities":{"url":{"urls":[{"url":"https://t.co/5lZPJadna5","expanded_url":"https://www.youtube.com/channel/UC4Au2QrbfaSjHPSdk5tUBeg","display_url":"youtube.com/channel/UC4Au2…","indices":[0,23]}]},"description":{"urls":[]}},"protected":false,"followers_count":1378957,"friends_count":432,"listed_count":3658,"created_at":"Mon Jun 28 14:25:38 +0000 2010","favourites_count":49067,"utc_offset":-36000,"time_zone":"Hawaii","geo_enabled":false,"verified":false,"statuses_count":67670,"lang":"ja","contributors_enabled":false,"is_translator":false,"is_translation_enabled":false,"profile_background_color":"C0DEED","profile_background_image_url":"http://pbs.twimg.com/profile_background_images/216029617/2222.jpg","profile_background_image_url_https":"https://pbs.twimg.com/profile_background_images/216029617/2222.jpg","profile_background_tile":true,"profile_image_url":"http://pbs.twimg.com/profile_images/881851634837463040/JXV7PToA_normal.jpg","profile_image_url_https":"https://pbs.twimg.com/profile_images/881851634837463040/JXV7PToA_normal.jpg","profile_banner_url":"https://pbs.twimg.com/profile_banners/160560121/1493273389","profile_link_color":"0084B4","profile_sidebar_border_color":"C0DEED","profile_sidebar_fill_color":"DDEEF6","profile_text_color":"333333","profile_use_background_image":true,"has_extended_profile":true,"default_profile":false,"default_profile_image":false,"following":false,"follow_request_sent":false,"notifications":false,"translator_type":"none"},"geo":null,"coordinates":null,"place":null,"contributors":null,"is_quote_status":false,"retweet_count":851,"favorite_count":5198,"favorited":false,"retweeted":false,"possibly_sensitive":false,"lang":"ja"},{"created_at":"Mon Jul 10 12:12:56 +0000 2017","id":884384945346494500,"id_str":"884384945346494465","text":"サッカー部あるある その28 \n\n#卍やなぁ https://t.co/zsPBuyIWGV","truncated":false,"entities":{"hashtags":[{"text":"卍やなぁ","indices":[17,22]}],"symbols":[],"user_mentions":[],"urls":[],"media":[{"id":884384569457131500,"id_str":"884384569457131520","indices":[23,46],"media_url":"http://pbs.twimg.com/ext_tw_video_thumb/884384569457131520/pu/img/FG4WfLa6gQMqwei6.jpg","media_url_https":"https://pbs.twimg.com/ext_tw_video_thumb/884384569457131520/pu/img/FG4WfLa6gQMqwei6.jpg","url":"https://t.co/zsPBuyIWGV","display_url":"pic.twitter.com/zsPBuyIWGV","expanded_url":"https://twitter.com/dazaifu910/status/884384945346494465/video/1","type":"photo","sizes":{"small":{"w":340,"h":191,"resize":"fit"},"thumb":{"w":150,"h":150,"resize":"crop"},"medium":{"w":600,"h":338,"resize":"fit"},"large":{"w":1024,"h":576,"resize":"fit"}}}]},"extended_entities":{"media":[{"id":884384569457131500,"id_str":"884384569457131520","indices":[23,46],"media_url":"http://pbs.twimg.com/ext_tw_video_thumb/884384569457131520/pu/img/FG4WfLa6gQMqwei6.jpg","media_url_https":"https://pbs.twimg.com/ext_tw_video_thumb/884384569457131520/pu/img/FG4WfLa6gQMqwei6.jpg","url":"https://t.co/zsPBuyIWGV","display_url":"pic.twitter.com/zsPBuyIWGV","expanded_url":"https://twitter.com/dazaifu910/status/884384945346494465/video/1","type":"video","sizes":{"small":{"w":340,"h":191,"resize":"fit"},"thumb":{"w":150,"h":150,"resize":"crop"},"medium":{"w":600,"h":338,"resize":"fit"},"large":{"w":1024,"h":576,"resize":"fit"}},"video_info":{"aspect_ratio":[16,9],"duration_millis":43443,"variants":[{"bitrate":2176000,"content_type":"video/mp4","url":"https://video.twimg.com/ext_tw_video/884384569457131520/pu/vid/1280x720/NRvHa8WUImGkITKW.mp4"},{"bitrate":832000,"content_type":"video/mp4","url":"https://video.twimg.com/ext_tw_video/884384569457131520/pu/vid/640x360/MJ9UDWEPIkd3ouec.mp4"},{"content_type":"application/x-mpegURL","url":"https://video.twimg.com/ext_tw_video/884384569457131520/pu/pl/qGHnL1ZgZrGcVvlN.m3u8"},{"bitrate":320000,"content_type":"video/mp4","url":"https://video.twimg.com/ext_tw_video/884384569457131520/pu/vid/320x180/FrXWHUpY8A3dLcip.mp4"}]},"additional_media_info":{"monetizable":false}}]},"metadata":{"iso_language_code":"ja","result_type":"recent"},"source":"<a href=\"http://twitter.com/download/iphone\" rel=\"nofollow\">Twitter for iPhone</a>","in_reply_to_status_id":null,"in_reply_to_status_id_str":null,"in_reply_to_user_id":null,"in_reply_to_user_id_str":null,"in_reply_to_screen_name":null,"user":{"id":2162351606,"id_str":"2162351606","name":"James J","screen_name":"dazaifu910","location":"マイボーの人らしい","description":"動画クリエーターってやつやってるカナダと日本のハーフ。お仕事はこちらから→jnt4274@gmail.com GROVE →https://t.co/nO4im6dN05","url":"https://t.co/Qt5VcwPRr2","entities":{"url":{"urls":[{"url":"https://t.co/Qt5VcwPRr2","expanded_url":"https://m.youtube.com/channel/UCUdKnSB7YEXAvnMMoToohYw","display_url":"m.youtube.com/channel/UCUdKn…","indices":[0,23]}]},"description":{"urls":[{"url":"https://t.co/nO4im6dN05","expanded_url":"http://grove.tokyo/1258","display_url":"grove.tokyo/1258","indices":[62,85]}]}},"protected":false,"followers_count":43804,"friends_count":314,"listed_count":29,"created_at":"Tue Oct 29 07:33:00 +0000 2013","favourites_count":11311,"utc_offset":null,"time_zone":null,"geo_enabled":true,"verified":false,"statuses_count":12959,"lang":"ja","contributors_enabled":false,"is_translator":false,"is_translation_enabled":false,"profile_background_color":"C0DEED","profile_background_image_url":"http://abs.twimg.com/images/themes/theme1/bg.png","profile_background_image_url_https":"https://abs.twimg.com/images/themes/theme1/bg.png","profile_background_tile":false,"profile_image_url":"http://pbs.twimg.com/profile_images/862977203750920193/HXLTqBGn_normal.jpg","profile_image_url_https":"https://pbs.twimg.com/profile_images/862977203750920193/HXLTqBGn_normal.jpg","profile_banner_url":"https://pbs.twimg.com/profile_banners/2162351606/1497265403","profile_link_color":"1DA1F2","profile_sidebar_border_color":"C0DEED","profile_sidebar_fill_color":"DDEEF6","profile_text_color":"333333","profile_use_background_image":true,"has_extended_profile":false,"default_profile":true,"default_profile_image":false,"following":false,"follow_request_sent":false,"notifications":false,"translator_type":"none"},"geo":null,"coordinates":null,"place":null,"contributors":null,"is_quote_status":false,"retweet_count":462,"favorite_count":972,"favorited":false,"retweeted":false,"possibly_sensitive":false,"lang":"ja"},{"created_at":"Mon Jul 10 12:10:33 +0000 2017","id":884384342662721500,"id_str":"884384342662721538","text":"「おしゃべや」\n記者発表見てくれましたでしょうか！\n\n初回は、7/31配信！\n北村諒×和田雅成でお届けします！\n\nお楽しみにーーー(*^^*)！\n\nそして今日は、記者発表後にとあるお仕事でディズニーランド&amp;シーへ☆\nそちらは情報解… https://t.co/rDbjNHUo7O","truncated":true,"entities":{"hashtags":[],"symbols":[],"user_mentions":[],"urls":[{"url":"https://t.co/rDbjNHUo7O","expanded_url":"https://twitter.com/i/web/status/884384342662721538","display_url":"twitter.com/i/web/status/8…","indices":[121,144]}]},"metadata":{"iso_language_code":"ja","result_type":"recent"},"source":"<a href=\"http://twitter.com/download/iphone\" rel=\"nofollow\">Twitter for iPhone</a>","in_reply_to_status_id":null,"in_reply_to_status_id_str":null,"in_reply_to_user_id":null,"in_reply_to_user_id_str":null,"in_reply_to_screen_name":null,"user":{"id":135437775,"id_str":"135437775","name":"北村諒","screen_name":"gdgd37458","location":"","description":"2017年もよろしくお願いします。OFFICIAL MEMBER'S SITE【https://t.co/ihQUbBR6qn】","url":"https://t.co/cFh3AiMfUi","entities":{"url":{"urls":[{"url":"https://t.co/cFh3AiMfUi","expanded_url":"http://ameblo.jp/gdgd-37458/","display_url":"ameblo.jp/gdgd-37458/","indices":[0,23]}]},"description":{"urls":[{"url":"https://t.co/ihQUbBR6qn","expanded_url":"https://kitamuraryo.com/","display_url":"kitamuraryo.com","indices":[40,63]}]}},"protected":false,"followers_count":177762,"friends_count":405,"listed_count":7612,"created_at":"Wed Apr 21 09:04:20 +0000 2010","favourites_count":15,"utc_offset":32400,"time_zone":"Tokyo","geo_enabled":false,"verified":false,"statuses_count":21329,"lang":"ja","contributors_enabled":false,"is_translator":false,"is_translation_enabled":false,"profile_background_color":"C0DEED","profile_background_image_url":"http://abs.twimg.com/images/themes/theme1/bg.png","profile_background_image_url_https":"https://abs.twimg.com/images/themes/theme1/bg.png","profile_background_tile":false,"profile_image_url":"http://pbs.twimg.com/profile_images/853513017769644032/I7Ibvz8v_normal.jpg","profile_image_url_https":"https://pbs.twimg.com/profile_images/853513017769644032/I7Ibvz8v_normal.jpg","profile_banner_url":"https://pbs.twimg.com/profile_banners/135437775/1382242610","profile_link_color":"1DA1F2","profile_sidebar_border_color":"C0DEED","profile_sidebar_fill_color":"DDEEF6","profile_text_color":"333333","profile_use_background_image":true,"has_extended_profile":true,"default_profile":true,"default_profile_image":false,"following":false,"follow_request_sent":false,"notifications":false,"translator_type":"none"},"geo":null,"coordinates":null,"place":null,"contributors":null,"is_quote_status":false,"retweet_count":1020,"favorite_count":2928,"favorited":false,"retweeted":false,"possibly_sensitive":false,"lang":"ja"},{"created_at":"Mon Jul 10 12:08:33 +0000 2017","id":884383840038395900,"id_str":"884383840038395908","text":"チャンネル登録者数が30万人を突破しました！！！🎉🎉🎉\n\nグループ結成から約3ヶ月半、メンバーの一時離脱や、東京引っ越しなど、様々な変化にも、変わらずに応援して下さった視聴者の皆さんには本当に感謝です😂\n\nこれからもよろしくお願い… https://t.co/AzBR8jA1zW","truncated":true,"entities":{"hashtags":[],"symbols":[],"user_mentions":[],"urls":[{"url":"https://t.co/AzBR8jA1zW","expanded_url":"https://twitter.com/i/web/status/884383840038395908","display_url":"twitter.com/i/web/status/8…","indices":[117,140]}]},"metadata":{"iso_language_code":"ja","result_type":"recent"},"source":"<a href=\"http://twitter.com/download/iphone\" rel=\"nofollow\">Twitter for iPhone</a>","in_reply_to_status_id":null,"in_reply_to_status_id_str":null,"in_reply_to_user_id":null,"in_reply_to_user_id_str":null,"in_reply_to_screen_name":null,"user":{"id":833658469475459100,"id_str":"833658469475459074","name":"チョコレートスモーカーズ","screen_name":"chocosumowxyz","location":"WXYZ","description":"YouTubeチャンネル「チョコレートスモーカーズ」の公式Twitterアカウントです。 略して #チョコスモ 🍫🚬","url":"https://t.co/xuLWmoJ5pC","entities":{"url":{"urls":[{"url":"https://t.co/xuLWmoJ5pC","expanded_url":"https://www.youtube.com/channel/UCpr2WHYQX3KzAd7aRlAJ2SA","display_url":"youtube.com/channel/UCpr2W…","indices":[0,23]}]},"description":{"urls":[]}},"protected":false,"followers_count":30805,"friends_count":21,"listed_count":60,"created_at":"Mon Feb 20 12:44:02 +0000 2017","favourites_count":0,"utc_offset":null,"time_zone":null,"geo_enabled":false,"verified":false,"statuses_count":264,"lang":"ja","contributors_enabled":false,"is_translator":false,"is_translation_enabled":false,"profile_background_color":"F5F8FA","profile_background_image_url":null,"profile_background_image_url_https":null,"profile_background_tile":false,"profile_image_url":"http://pbs.twimg.com/profile_images/870853965591609345/1B8jqb_W_normal.jpg","profile_image_url_https":"https://pbs.twimg.com/profile_images/870853965591609345/1B8jqb_W_normal.jpg","profile_banner_url":"https://pbs.twimg.com/profile_banners/833658469475459074/1496755923","profile_link_color":"1DA1F2","profile_sidebar_border_color":"C0DEED","profile_sidebar_fill_color":"DDEEF6","profile_text_color":"333333","profile_use_background_image":true,"has_extended_profile":false,"default_profile":true,"default_profile_image":false,"following":false,"follow_request_sent":false,"notifications":false,"translator_type":"none"},"geo":null,"coordinates":null,"place":null,"contributors":null,"is_quote_status":false,"retweet_count":782,"favorite_count":3099,"favorited":false,"retweeted":false,"possibly_sensitive":false,"lang":"ja"},{"created_at":"Mon Jul 10 12:08:29 +0000 2017","id":884383825102463000,"id_str":"884383825102462977","text":"＼#山崎退 監察レポート10日目📸／\n俺に文句を言う資格はない。撮影倉庫がゴムの焼けた匂いでむせ返るようだったとしても、彼を遠くから見ている事しかできなかった俺は、仕方なく傍観者であったわけではない。\n顔を歪めたくなる様な悪臭の中… https://t.co/NeHdBY6V9i","truncated":true,"entities":{"hashtags":[{"text":"山崎退","indices":[1,5]}],"symbols":[],"user_mentions":[],"urls":[{"url":"https://t.co/NeHdBY6V9i","expanded_url":"https://twitter.com/i/web/status/884383825102462977","display_url":"twitter.com/i/web/status/8…","indices":[117,140]}]},"metadata":{"iso_language_code":"ja","result_type":"recent"},"source":"<a href=\"http://twitter.com\" rel=\"nofollow\">Twitter Web Client</a>","in_reply_to_status_id":null,"in_reply_to_status_id_str":null,"in_reply_to_user_id":null,"in_reply_to_user_id_str":null,"in_reply_to_screen_name":null,"user":{"id":875257410121683000,"id_str":"875257410121682944","name":"dTV『銀魂-ミツバ篇-』公式","screen_name":"gintama_dTV","location":"俺ｧ、最後までおまえらにつきあうぜ!!","description":"7/15(土)配信スタート！出演: #小栗旬 #柳楽優弥 #吉沢亮 #北乃きい #中村勘九郎 監督: #福田雄一 原作:#空知英秋 主題歌: #UVERworld #ドラマ銀魂 #銀魂ミツバ篇","url":"https://t.co/oBRDqPlwwh","entities":{"url":{"urls":[{"url":"https://t.co/oBRDqPlwwh","expanded_url":"http://bit.ly/2rDNMio","display_url":"bit.ly/2rDNMio","indices":[0,23]}]},"description":{"urls":[]}},"protected":false,"followers_count":14242,"friends_count":3,"listed_count":76,"created_at":"Thu Jun 15 07:43:22 +0000 2017","favourites_count":137,"utc_offset":-25200,"time_zone":"Pacific Time (US & Canada)","geo_enabled":false,"verified":false,"statuses_count":57,"lang":"ja","contributors_enabled":false,"is_translator":false,"is_translation_enabled":false,"profile_background_color":"F5F8FA","profile_background_image_url":null,"profile_background_image_url_https":null,"profile_background_tile":false,"profile_image_url":"http://pbs.twimg.com/profile_images/876832270673297408/nev2oArL_normal.jpg","profile_image_url_https":"https://pbs.twimg.com/profile_images/876832270673297408/nev2oArL_normal.jpg","profile_banner_url":"https://pbs.twimg.com/profile_banners/875257410121682944/1498014049","profile_link_color":"1DA1F2","profile_sidebar_border_color":"C0DEED","profile_sidebar_fill_color":"DDEEF6","profile_text_color":"333333","profile_use_background_image":true,"has_extended_profile":false,"default_profile":true,"default_profile_image":false,"following":false,"follow_request_sent":false,"notifications":false,"translator_type":"none"},"geo":null,"coordinates":null,"place":null,"contributors":null,"is_quote_status":false,"retweet_count":624,"favorite_count":1540,"favorited":false,"retweeted":false,"possibly_sensitive":false,"lang":"ja"},{"created_at":"Mon Jul 10 12:07:02 +0000 2017","id":884383461561073700,"id_str":"884383461561073664","text":"えぇ……\n\n“在来種のアリはヒアリの定着を防ぐ”ネット上にウワサ広がる → アリの研究者は「在来種では勝負にならない」 - ねとらぼ https://t.co/xYNgQq6wYO @itm_nlab https://t.co/pSriE8HKFf","truncated":false,"entities":{"hashtags":[],"symbols":[],"user_mentions":[{"screen_name":"itm_nlab","name":"ねとらぼ","id":274331049,"id_str":"274331049","indices":[91,100]}],"urls":[{"url":"https://t.co/xYNgQq6wYO","expanded_url":"http://nlab.itmedia.co.jp/nl/articles/1707/10/news133.html","display_url":"nlab.itmedia.co.jp/nl/articles/17…","indices":[67,90]}],"media":[{"id":884383433362784300,"id_str":"884383433362784257","indices":[101,124],"media_url":"http://pbs.twimg.com/media/DEX2DAbUQAEtYFh.jpg","media_url_https":"https://pbs.twimg.com/media/DEX2DAbUQAEtYFh.jpg","url":"https://t.co/pSriE8HKFf","display_url":"pic.twitter.com/pSriE8HKFf","expanded_url":"https://twitter.com/itm_nlab/status/884383461561073664/photo/1","type":"photo","sizes":{"large":{"w":400,"h":366,"resize":"fit"},"medium":{"w":400,"h":366,"resize":"fit"},"thumb":{"w":150,"h":150,"resize":"crop"},"small":{"w":400,"h":366,"resize":"fit"}}}]},"extended_entities":{"media":[{"id":884383433362784300,"id_str":"884383433362784257","indices":[101,124],"media_url":"http://pbs.twimg.com/media/DEX2DAbUQAEtYFh.jpg","media_url_https":"https://pbs.twimg.com/media/DEX2DAbUQAEtYFh.jpg","url":"https://t.co/pSriE8HKFf","display_url":"pic.twitter.com/pSriE8HKFf","expanded_url":"https://twitter.com/itm_nlab/status/884383461561073664/photo/1","type":"photo","sizes":{"large":{"w":400,"h":366,"resize":"fit"},"medium":{"w":400,"h":366,"resize":"fit"},"thumb":{"w":150,"h":150,"resize":"crop"},"small":{"w":400,"h":366,"resize":"fit"}}}]},"metadata":{"iso_language_code":"ja","result_type":"recent"},"source":"<a href=\"http://twitter.com\" rel=\"nofollow\">Twitter Web Client</a>","in_reply_to_status_id":null,"in_reply_to_status_id_str":null,"in_reply_to_user_id":null,"in_reply_to_user_id_str":null,"in_reply_to_screen_name":null,"user":{"id":274331049,"id_str":"274331049","name":"ねとらぼ","screen_name":"itm_nlab","location":"東京都千代田区紀尾井町","description":"ネット上の旬な情報を国内外から、ジャンルを問わず、幅広く紹介するWebメディア「ねとらぼ」のTwitterです。","url":"https://t.co/aDKmIqSfJl","entities":{"url":{"urls":[{"url":"https://t.co/aDKmIqSfJl","expanded_url":"http://nlab.itmedia.co.jp/","display_url":"nlab.itmedia.co.jp","indices":[0,23]}]},"description":{"urls":[]}},"protected":false,"followers_count":105625,"friends_count":9531,"listed_count":3780,"created_at":"Wed Mar 30 04:31:30 +0000 2011","favourites_count":80,"utc_offset":32400,"time_zone":"Tokyo","geo_enabled":false,"verified":true,"statuses_count":129079,"lang":"ja","contributors_enabled":false,"is_translator":false,"is_translation_enabled":false,"profile_background_color":"FFF6F2","profile_background_image_url":"http://pbs.twimg.com/profile_background_images/224912902/iPhone____800.jpg","profile_background_image_url_https":"https://pbs.twimg.com/profile_background_images/224912902/iPhone____800.jpg","profile_background_tile":false,"profile_image_url":"http://pbs.twimg.com/profile_images/875585661222273024/__F5GwAW_normal.jpg","profile_image_url_https":"https://pbs.twimg.com/profile_images/875585661222273024/__F5GwAW_normal.jpg","profile_banner_url":"https://pbs.twimg.com/profile_banners/274331049/1397626509","profile_link_color":"9E489E","profile_sidebar_border_color":"7D4580","profile_sidebar_fill_color":"FFF6F2","profile_text_color":"333333","profile_use_background_image":false,"has_extended_profile":true,"default_profile":false,"default_profile_image":false,"following":false,"follow_request_sent":false,"notifications":false,"translator_type":"none"},"geo":null,"coordinates":null,"place":null,"contributors":null,"is_quote_status":false,"retweet_count":1242,"favorite_count":323,"favorited":false,"retweeted":false,"possibly_sensitive":false,"lang":"ja"},{"created_at":"Mon Jul 10 12:06:23 +0000 2017","id":884383296242630700,"id_str":"884383296242630657","text":"よろしくお願いいたします！ https://t.co/KCRAtarHeW","truncated":false,"entities":{"hashtags":[],"symbols":[],"user_mentions":[],"urls":[{"url":"https://t.co/KCRAtarHeW","expanded_url":"https://twitter.com/Theatrical_Live/status/884341685957705728","display_url":"twitter.com/Theatrical_Liv…","indices":[14,37]}]},"metadata":{"iso_language_code":"ja","result_type":"recent"},"source":"<a href=\"https://mobile.twitter.com\" rel=\"nofollow\">Twitter Lite</a>","in_reply_to_status_id":null,"in_reply_to_status_id_str":null,"in_reply_to_user_id":null,"in_reply_to_user_id_str":null,"in_reply_to_screen_name":null,"user":{"id":167733138,"id_str":"167733138","name":"蒼井翔太","screen_name":"shouta0811aoi","location":"","description":"1月25日Newシングル『flower』発売！ 株式会社S所属の声優、歌手として頑張っています！ 公式HP→https://t.co/F3uqQKntXe","url":null,"entities":{"description":{"urls":[{"url":"https://t.co/F3uqQKntXe","expanded_url":"http://www.shouta-aoi.jp/","display_url":"shouta-aoi.jp","indices":[54,77]}]}},"protected":false,"followers_count":666011,"friends_count":388,"listed_count":8460,"created_at":"Sat Jul 17 10:28:19 +0000 2010","favourites_count":23,"utc_offset":32400,"time_zone":"Tokyo","geo_enabled":false,"verified":false,"statuses_count":10827,"lang":"ja","contributors_enabled":false,"is_translator":false,"is_translation_enabled":false,"profile_background_color":"131516","profile_background_image_url":"http://abs.twimg.com/images/themes/theme14/bg.gif","profile_background_image_url_https":"https://abs.twimg.com/images/themes/theme14/bg.gif","profile_background_tile":true,"profile_image_url":"http://pbs.twimg.com/profile_images/856699948921790464/K10TJf15_normal.jpg","profile_image_url_https":"https://pbs.twimg.com/profile_images/856699948921790464/K10TJf15_normal.jpg","profile_banner_url":"https://pbs.twimg.com/profile_banners/167733138/1463447928","profile_link_color":"009999","profile_sidebar_border_color":"EEEEEE","profile_sidebar_fill_color":"EFEFEF","profile_text_color":"333333","profile_use_background_image":true,"has_extended_profile":false,"default_profile":false,"default_profile_image":false,"following":false,"follow_request_sent":false,"notifications":false,"translator_type":"none"},"geo":null,"coordinates":null,"place":null,"contributors":null,"is_quote_status":true,"quoted_status_id":884341685957705700,"quoted_status_id_str":"884341685957705728","quoted_status":{"created_at":"Mon Jul 10 09:21:02 +0000 2017","id":884341685957705700,"id_str":"884341685957705728","text":"【お知らせ】\n２０１６年５月に上演しました「Relic 〜tale of the last ninja〜」の配信が決定！！\n7月14日(金)よりAmazonプライム・ビデオにて見放題独占配信。\n是非この機会にご覧ください！！\nhttps://t.co/LDbuSLzadF","truncated":false,"entities":{"hashtags":[],"symbols":[],"user_mentions":[],"urls":[{"url":"https://t.co/LDbuSLzadF","expanded_url":"http://relic.theatrical-live.com/","display_url":"relic.theatrical-live.com","indices":[113,136]}]},"metadata":{"iso_language_code":"ja","result_type":"recent"},"source":"<a href=\"http://twitter.com\" rel=\"nofollow\">Twitter Web Client</a>","in_reply_to_status_id":null,"in_reply_to_status_id_str":null,"in_reply_to_user_id":null,"in_reply_to_user_id_str":null,"in_reply_to_screen_name":null,"user":{"id":4629647779,"id_str":"4629647779","name":"シアトリカル・ライブ","screen_name":"Theatrical_Live","location":"","description":"新感覚・音楽朗読劇 シアトリカル・ライブ　＃シアトリカルライブ　＃藤沢朗読劇 #theatrical #voiceacter","url":"https://t.co/0mcbtsuR7M","entities":{"url":{"urls":[{"url":"https://t.co/0mcbtsuR7M","expanded_url":"https://www.theatrical-live.com/","display_url":"theatrical-live.com","indices":[0,23]}]},"description":{"urls":[]}},"protected":false,"followers_count":2512,"friends_count":14,"listed_count":44,"created_at":"Tue Dec 22 08:55:17 +0000 2015","favourites_count":109,"utc_offset":32400,"time_zone":"Tokyo","geo_enabled":false,"verified":false,"statuses_count":318,"lang":"ja","contributors_enabled":false,"is_translator":false,"is_translation_enabled":false,"profile_background_color":"000000","profile_background_image_url":"http://abs.twimg.com/images/themes/theme1/bg.png","profile_background_image_url_https":"https://abs.twimg.com/images/themes/theme1/bg.png","profile_background_tile":false,"profile_image_url":"http://pbs.twimg.com/profile_images/796246715003125760/kJ0BO8Yy_normal.jpg","profile_image_url_https":"https://pbs.twimg.com/profile_images/796246715003125760/kJ0BO8Yy_normal.jpg","profile_banner_url":"https://pbs.twimg.com/profile_banners/4629647779/1485498269","profile_link_color":"191970","profile_sidebar_border_color":"000000","profile_sidebar_fill_color":"000000","profile_text_color":"000000","profile_use_background_image":false,"has_extended_profile":false,"default_profile":false,"default_profile_image":false,"following":false,"follow_request_sent":false,"notifications":false,"translator_type":"none"},"geo":null,"coordinates":null,"place":null,"contributors":null,"is_quote_status":false,"retweet_count":390,"favorite_count":440,"favorited":false,"retweeted":false,"possibly_sensitive":false,"lang":"ja"},"retweet_count":591,"favorite_count":2311,"favorited":false,"retweeted":false,"possibly_sensitive":false,"lang":"ja"},{"created_at":"Mon Jul 10 12:04:59 +0000 2017","id":884382942000070700,"id_str":"884382942000070656","text":"デレラジの～\n元ネタはまこネキのブログの写真だよ https://t.co/Jl4IHIzGre","truncated":false,"entities":{"hashtags":[],"symbols":[],"user_mentions":[],"urls":[],"media":[{"id":884382722684100600,"id_str":"884382722684100609","indices":[25,48],"media_url":"http://pbs.twimg.com/media/DEX1Zo8UIAEs4s-.jpg","media_url_https":"https://pbs.twimg.com/media/DEX1Zo8UIAEs4s-.jpg","url":"https://t.co/Jl4IHIzGre","display_url":"pic.twitter.com/Jl4IHIzGre","expanded_url":"https://twitter.com/hiduki_9/status/884382942000070656/photo/1","type":"photo","sizes":{"large":{"w":2048,"h":1551,"resize":"fit"},"medium":{"w":1200,"h":909,"resize":"fit"},"thumb":{"w":150,"h":150,"resize":"crop"},"small":{"w":680,"h":515,"resize":"fit"}}}]},"extended_entities":{"media":[{"id":884382722684100600,"id_str":"884382722684100609","indices":[25,48],"media_url":"http://pbs.twimg.com/media/DEX1Zo8UIAEs4s-.jpg","media_url_https":"https://pbs.twimg.com/media/DEX1Zo8UIAEs4s-.jpg","url":"https://t.co/Jl4IHIzGre","display_url":"pic.twitter.com/Jl4IHIzGre","expanded_url":"https://twitter.com/hiduki_9/status/884382942000070656/photo/1","type":"photo","sizes":{"large":{"w":2048,"h":1551,"resize":"fit"},"medium":{"w":1200,"h":909,"resize":"fit"},"thumb":{"w":150,"h":150,"resize":"crop"},"small":{"w":680,"h":515,"resize":"fit"}}}]},"metadata":{"iso_language_code":"ja","result_type":"recent"},"source":"<a href=\"http://twitter.com\" rel=\"nofollow\">Twitter Web Client</a>","in_reply_to_status_id":null,"in_reply_to_status_id_str":null,"in_reply_to_user_id":null,"in_reply_to_user_id_str":null,"in_reply_to_screen_name":null,"user":{"id":177086423,"id_str":"177086423","name":"氷月ショウ(´＞♡＜｀)💦","screen_name":"hiduki_9","location":"","description":"気分屋ラクガキマン、名ばかりありすP/紬P  ﾓﾊﾞｹﾞID：5550612　リク箱→https://t.co/9eaZj7BGX8","url":"https://t.co/fLIe4w6pFl","entities":{"url":{"urls":[{"url":"https://t.co/fLIe4w6pFl","expanded_url":"http://www.pixiv.net/member.php?id=573493","display_url":"pixiv.net/member.php?id=…","indices":[0,23]}]},"description":{"urls":[{"url":"https://t.co/9eaZj7BGX8","expanded_url":"http://odaibako.net/u/hiduki_9","display_url":"odaibako.net/u/hiduki_9","indices":[43,66]}]}},"protected":false,"followers_count":8821,"friends_count":477,"listed_count":308,"created_at":"Wed Aug 11 06:02:55 +0000 2010","favourites_count":25563,"utc_offset":null,"time_zone":null,"geo_enabled":false,"verified":false,"statuses_count":80032,"lang":"ja","contributors_enabled":false,"is_translator":false,"is_translation_enabled":false,"profile_background_color":"0099B9","profile_background_image_url":"http://pbs.twimg.com/profile_background_images/378800000175601512/2BISbxt7.jpeg","profile_background_image_url_https":"https://pbs.twimg.com/profile_background_images/378800000175601512/2BISbxt7.jpeg","profile_background_tile":false,"profile_image_url":"http://pbs.twimg.com/profile_images/875728112046153728/HNxtGdIE_normal.jpg","profile_image_url_https":"https://pbs.twimg.com/profile_images/875728112046153728/HNxtGdIE_normal.jpg","profile_banner_url":"https://pbs.twimg.com/profile_banners/177086423/1496942304","profile_link_color":"143BB3","profile_sidebar_border_color":"FFFFFF","profile_sidebar_fill_color":"95E8EC","profile_text_color":"3C3940","profile_use_background_image":true,"has_extended_profile":true,"default_profile":false,"default_profile_image":false,"following":false,"follow_request_sent":false,"notifications":false,"translator_type":"none"},"geo":null,"coordinates":null,"place":null,"contributors":null,"is_quote_status":false,"retweet_count":565,"favorite_count":699,"favorited":false,"retweeted":false,"possibly_sensitive":false,"lang":"ja"}],"search_metadata":{"completed_in":0.14,"max_id":884389484028076000,"max_id_str":"884389484028076032","next_results":"?max_id=884382942000070655&q=lang%3Aja%20min_retweets%3A500&include_entities=1","query":"lang%3Aja+min_retweets%3A500","refresh_url":"?since_id=884389484028076032&q=lang%3Aja%20min_retweets%3A500&include_entities=1","count":15,"since_id":0,"since_id_str":"0"}}