{"statuses":[{"created_at":"Thu Jul 06 11:41:33 +0000 2017","id":882927497037307900,"id_str":"882927497037307904","text":"横浜店さんありがとうございましたぁー！ https://t.co/jalSnFqUwo","truncated":false,"entities":{"hashtags":[],"symbols":[],"user_mentions":[],"urls":[],"media":[{"id":882927485045715000,"id_str":"882927485045714944","indices":[20,43],"media_url":"http://pbs.twimg.com/media/DEDJ3qSUMAAzn_f.jpg","media_url_https":"https://pbs.twimg.com/media/DEDJ3qSUMAAzn_f.jpg","url":"https://t.co/jalSnFqUwo","display_url":"pic.twitter.com/jalSnFqUwo","expanded_url":"https://twitter.com/uratasama/status/882927497037307904/photo/1","type":"photo","sizes":{"medium":{"w":902,"h":1200,"resize":"fit"},"large":{"w":1160,"h":1544,"resize":"fit"},"thumb":{"w":150,"h":150,"resize":"crop"},"small":{"w":511,"h":680,"resize":"fit"}}}]},"extended_entities":{"media":[{"id":882927485045715000,"id_str":"882927485045714944","indices":[20,43],"media_url":"http://pbs.twimg.com/media/DEDJ3qSUMAAzn_f.jpg","media_url_https":"https://pbs.twimg.com/media/DEDJ3qSUMAAzn_f.jpg","url":"https://t.co/jalSnFqUwo","display_url":"pic.twitter.com/jalSnFqUwo","expanded_url":"https://twitter.com/uratasama/status/882927497037307904/photo/1","type":"photo","sizes":{"medium":{"w":902,"h":1200,"resize":"fit"},"large":{"w":1160,"h":1544,"resize":"fit"},"thumb":{"w":150,"h":150,"resize":"crop"},"small":{"w":511,"h":680,"resize":"fit"}}}]},"metadata":{"iso_language_code":"ja","result_type":"recent"},"source":"<a href=\"http://twitter.com/download/iphone\" rel=\"nofollow\">Twitter for iPhone</a>","in_reply_to_status_id":null,"in_reply_to_status_id_str":null,"in_reply_to_user_id":null,"in_reply_to_user_id_str":null,"in_reply_to_screen_name":null,"user":{"id":112207890,"id_str":"112207890","name":"浦田わたる/うらたぬき♣︎浦島坂田船","screen_name":"uratasama","location":"東京ドーム","description":"「スワロウ」で声優をしております！/浦島坂田船「CRUISE TICKET」オリコンウィークリー5位！/スタミュ2期OP Fourpe 「SHOW MUST GO ON!!」 8位！/LINE@⇨「@ lzx7334a」 間をつめて@マークから検索してね！","url":"https://t.co/Wi6r4DEHA6","entities":{"url":{"urls":[{"url":"https://t.co/Wi6r4DEHA6","expanded_url":"http://nicovideo.jp/mylist/35789880","display_url":"nicovideo.jp/mylist/35789880","indices":[0,23]}]},"description":{"urls":[]}},"protected":false,"followers_count":311423,"friends_count":636,"listed_count":5705,"created_at":"Sun Feb 07 16:42:44 +0000 2010","favourites_count":28835,"utc_offset":28800,"time_zone":"Irkutsk","geo_enabled":false,"verified":true,"statuses_count":55606,"lang":"ja","contributors_enabled":false,"is_translator":false,"is_translation_enabled":false,"profile_background_color":"9AE4E8","profile_background_image_url":"http://abs.twimg.com/images/themes/theme16/bg.gif","profile_background_image_url_https":"https://abs.twimg.com/images/themes/theme16/bg.gif","profile_background_tile":false,"profile_image_url":"http://pbs.twimg.com/profile_images/853961483276795906/FSY1Sai7_normal.jpg","profile_image_url_https":"https://pbs.twimg.com/profile_images/853961483276795906/FSY1Sai7_normal.jpg","profile_banner_url":"https://pbs.twimg.com/profile_banners/112207890/1471035369","profile_link_color":"0084B4","profile_sidebar_border_color":"BDDCAD","profile_sidebar_fill_color":"DDFFCC","profile_text_color":"333333","profile_use_background_image":true,"has_extended_profile":false,"default_profile":false,"default_profile_image":false,"following":false,"follow_request_sent":false,"notifications":false,"translator_type":"none"},"geo":null,"coordinates":null,"place":null,"contributors":null,"is_quote_status":false,"retweet_count":1028,"favorite_count":4782,"favorited":false,"retweeted":false,"possibly_sensitive":false,"lang":"ja"},{"created_at":"Thu Jul 06 11:40:52 +0000 2017","id":882927325083426800,"id_str":"882927325083426819","text":"好き。 https://t.co/eBYtntYL4b","truncated":false,"entities":{"hashtags":[],"symbols":[],"user_mentions":[],"urls":[],"media":[{"id":882926997961179100,"id_str":"882926997961179137","indices":[4,27],"media_url":"http://pbs.twimg.com/ext_tw_video_thumb/882926997961179137/pu/img/Cu-SuAQKWOCLvl5h.jpg","media_url_https":"https://pbs.twimg.com/ext_tw_video_thumb/882926997961179137/pu/img/Cu-SuAQKWOCLvl5h.jpg","url":"https://t.co/eBYtntYL4b","display_url":"pic.twitter.com/eBYtntYL4b","expanded_url":"https://twitter.com/Hayato_Onozuka/status/882927325083426819/video/1","type":"photo","sizes":{"large":{"w":480,"h":854,"resize":"fit"},"thumb":{"w":150,"h":150,"resize":"crop"},"small":{"w":340,"h":605,"resize":"fit"},"medium":{"w":480,"h":854,"resize":"fit"}}}]},"extended_entities":{"media":[{"id":882926997961179100,"id_str":"882926997961179137","indices":[4,27],"media_url":"http://pbs.twimg.com/ext_tw_video_thumb/882926997961179137/pu/img/Cu-SuAQKWOCLvl5h.jpg","media_url_https":"https://pbs.twimg.com/ext_tw_video_thumb/882926997961179137/pu/img/Cu-SuAQKWOCLvl5h.jpg","url":"https://t.co/eBYtntYL4b","display_url":"pic.twitter.com/eBYtntYL4b","expanded_url":"https://twitter.com/Hayato_Onozuka/status/882927325083426819/video/1","type":"video","sizes":{"large":{"w":480,"h":854,"resize":"fit"},"thumb":{"w":150,"h":150,"resize":"crop"},"small":{"w":340,"h":605,"resize":"fit"},"medium":{"w":480,"h":854,"resize":"fit"}},"video_info":{"aspect_ratio":[240,427],"duration_millis":10033,"variants":[{"bitrate":320000,"content_type":"video/mp4","url":"https://video.twimg.com/ext_tw_video/882926997961179137/pu/vid/178x320/ivP_QYGStqrGMKXs.mp4"},{"content_type":"application/x-mpegURL","url":"https://video.twimg.com/ext_tw_video/882926997961179137/pu/pl/CGbw6l5hjhaVZ5x0.m3u8"},{"bitrate":832000,"content_type":"video/mp4","url":"https://video.twimg.com/ext_tw_video/882926997961179137/pu/vid/358x640/sO1tXMzDiexBPBJz.mp4"}]},"additional_media_info":{"monetizable":false}}]},"metadata":{"iso_language_code":"ja","result_type":"recent"},"source":"<a href=\"http://twitter.com/download/iphone\" rel=\"nofollow\">Twitter for iPhone</a>","in_reply_to_status_id":null,"in_reply_to_status_id_str":null,"in_reply_to_user_id":null,"in_reply_to_user_id_str":null,"in_reply_to_screen_name":null,"user":{"id":782410915744317400,"id_str":"782410915744317440","name":"小野塚勇人","screen_name":"Hayato_Onozuka","location":"","description":"俳優・小野塚勇人 OfficialTwitter。 劇団EXILE。仮面ライダーエグゼイド 九条貴利矢役。","url":null,"entities":{"description":{"urls":[]}},"protected":false,"followers_count":74738,"friends_count":65,"listed_count":855,"created_at":"Sun Oct 02 02:44:33 +0000 2016","favourites_count":4193,"utc_offset":null,"time_zone":null,"geo_enabled":false,"verified":true,"statuses_count":268,"lang":"ja","contributors_enabled":false,"is_translator":false,"is_translation_enabled":false,"profile_background_color":"F5F8FA","profile_background_image_url":null,"profile_background_image_url_https":null,"profile_background_tile":false,"profile_image_url":"http://pbs.twimg.com/profile_images/782418850721607680/DiKIf1Zz_normal.jpg","profile_image_url_https":"https://pbs.twimg.com/profile_images/782418850721607680/DiKIf1Zz_normal.jpg","profile_banner_url":"https://pbs.twimg.com/profile_banners/782410915744317440/1483435632","profile_link_color":"1DA1F2","profile_sidebar_border_color":"C0DEED","profile_sidebar_fill_color":"DDEEF6","profile_text_color":"333333","profile_use_background_image":true,"has_extended_profile":true,"default_profile":true,"default_profile_image":false,"following":false,"follow_request_sent":false,"notifications":false,"translator_type":"none"},"geo":null,"coordinates":null,"place":null,"contributors":null,"is_quote_status":false,"retweet_count":616,"favorite_count":1286,"favorited":false,"retweeted":false,"possibly_sensitive":false,"lang":"ja"},{"created_at":"Thu Jul 06 11:38:09 +0000 2017","id":882926641042702300,"id_str":"882926641042702336","text":"ようやく発表された\nオールテニプリイベント(仮)🎾\n楽しみですね(*´∀`)♪\n\n✨✨１日限定のアンケートが今夜0時からスタートします🌉✨✨\n\n好きな試合を教えてね(  •̀ᴗ•́  )و\n詳細は公式ツイッターをチェックして、どん… https://t.co/OUwmJ4LfgY","truncated":true,"entities":{"hashtags":[],"symbols":[],"user_mentions":[],"urls":[{"url":"https://t.co/OUwmJ4LfgY","expanded_url":"https://twitter.com/i/web/status/882926641042702336","display_url":"twitter.com/i/web/status/8…","indices":[117,140]}]},"metadata":{"iso_language_code":"ja","result_type":"recent"},"source":"<a href=\"http://twitter.com/download/android\" rel=\"nofollow\">Twitter for Android</a>","in_reply_to_status_id":null,"in_reply_to_status_id_str":null,"in_reply_to_user_id":null,"in_reply_to_user_id_str":null,"in_reply_to_screen_name":null,"user":{"id":2209943778,"id_str":"2209943778","name":"許斐剛","screen_name":"konomi_takeshi","location":"","description":"ハッピーメディアクリエイター時々漫画家…皆に夢と笑いをお届け( ^-^)ノ∠※。.:*:・'°☆","url":null,"entities":{"description":{"urls":[]}},"protected":false,"followers_count":241281,"friends_count":0,"listed_count":3226,"created_at":"Sat Nov 23 03:56:17 +0000 2013","favourites_count":0,"utc_offset":null,"time_zone":null,"geo_enabled":false,"verified":false,"statuses_count":2234,"lang":"ja","contributors_enabled":false,"is_translator":false,"is_translation_enabled":false,"profile_background_color":"C0DEED","profile_background_image_url":"http://abs.twimg.com/images/themes/theme1/bg.png","profile_background_image_url_https":"https://abs.twimg.com/images/themes/theme1/bg.png","profile_background_tile":false,"profile_image_url":"http://pbs.twimg.com/profile_images/460750658652475392/TrxdzJFh_normal.jpeg","profile_image_url_https":"https://pbs.twimg.com/profile_images/460750658652475392/TrxdzJFh_normal.jpeg","profile_banner_url":"https://pbs.twimg.com/profile_banners/2209943778/1391181654","profile_link_color":"1DA1F2","profile_sidebar_border_color":"C0DEED","profile_sidebar_fill_color":"DDEEF6","profile_text_color":"333333","profile_use_background_image":true,"has_extended_profile":false,"default_profile":true,"default_profile_image":false,"following":false,"follow_request_sent":false,"notifications":false,"translator_type":"none"},"geo":null,"coordinates":null,"place":null,"contributors":null,"is_quote_status":true,"quoted_status_id":882058657030062100,"quoted_status_id_str":"882058657030062081","quoted_status":{"created_at":"Tue Jul 04 02:09:06 +0000 2017","id":882058657030062100,"id_str":"882058657030062081","text":"イベント開催にあたり、今週末に1日限定のアンケートを実施します。アンケート内容はずばり、「あなたが選ぶテニプリベストゲーム」！これまでに「テニスの王子様」「新テニスの王子様」で描かれた全試合（原作、アニメ、テニミュ等全て含みます）の中で【あなたの一番好きな試合】を教えてください。","truncated":false,"entities":{"hashtags":[],"symbols":[],"user_mentions":[],"urls":[]},"metadata":{"iso_language_code":"ja","result_type":"recent"},"source":"<a href=\"http://twitter.com\" rel=\"nofollow\">Twitter Web Client</a>","in_reply_to_status_id":null,"in_reply_to_status_id_str":null,"in_reply_to_user_id":null,"in_reply_to_user_id_str":null,"in_reply_to_screen_name":null,"user":{"id":867899144450433000,"id_str":"867899144450433024","name":"オールテニプリイベント（仮）","screen_name":"All_tenipuri_ev","location":"京都造形芸術大学","description":"2017年10月12日（木）から10月26日（木）まで京都造形芸術大学にて開催予定の『オールテニプリイベント(仮)』特設アカウントです。 開催情報などをつぶやきます。個別の返信はしておりませんので、何卒ご了承ください。","url":null,"entities":{"description":{"urls":[]}},"protected":false,"followers_count":12807,"friends_count":4,"listed_count":68,"created_at":"Fri May 26 00:24:15 +0000 2017","favourites_count":0,"utc_offset":-25200,"time_zone":"Pacific Time (US & Canada)","geo_enabled":false,"verified":false,"statuses_count":7,"lang":"ja","contributors_enabled":false,"is_translator":false,"is_translation_enabled":false,"profile_background_color":"F5F8FA","profile_background_image_url":null,"profile_background_image_url_https":null,"profile_background_tile":false,"profile_image_url":"http://pbs.twimg.com/profile_images/881826359600750592/9KnbImva_normal.jpg","profile_image_url_https":"https://pbs.twimg.com/profile_images/881826359600750592/9KnbImva_normal.jpg","profile_banner_url":"https://pbs.twimg.com/profile_banners/867899144450433024/1499078162","profile_link_color":"1DA1F2","profile_sidebar_border_color":"C0DEED","profile_sidebar_fill_color":"DDEEF6","profile_text_color":"333333","profile_use_background_image":true,"has_extended_profile":false,"default_profile":true,"default_profile_image":false,"following":false,"follow_request_sent":false,"notifications":false,"translator_type":"none"},"geo":null,"coordinates":null,"place":null,"contributors":null,"is_quote_status":false,"retweet_count":2816,"favorite_count":1649,"favorited":false,"retweeted":false,"lang":"ja"},"retweet_count":544,"favorite_count":644,"favorited":false,"retweeted":false,"possibly_sensitive":false,"lang":"ja"},{"created_at":"Thu Jul 06 11:36:52 +0000 2017","id":882926317699649500,"id_str":"882926317699649537","text":"アニメイト 横浜店リリイベおわった！！！お疲れ様！いろいろ応援ありがとうがんばります！！！！あ、自撮りを求められてる気がしたので。 どーぞ https://t.co/19WgKfzzc2","truncated":false,"entities":{"hashtags":[],"symbols":[],"user_mentions":[],"urls":[],"media":[{"id":882926307826212900,"id_str":"882926307826212869","indices":[70,93],"media_url":"http://pbs.twimg.com/media/DEDIzIzUIAUfIhB.jpg","media_url_https":"https://pbs.twimg.com/media/DEDIzIzUIAUfIhB.jpg","url":"https://t.co/19WgKfzzc2","display_url":"pic.twitter.com/19WgKfzzc2","expanded_url":"https://twitter.com/sakatandao/status/882926317699649537/photo/1","type":"photo","sizes":{"medium":{"w":675,"h":1200,"resize":"fit"},"small":{"w":383,"h":680,"resize":"fit"},"thumb":{"w":150,"h":150,"resize":"crop"},"large":{"w":1152,"h":2048,"resize":"fit"}}}]},"extended_entities":{"media":[{"id":882926307826212900,"id_str":"882926307826212869","indices":[70,93],"media_url":"http://pbs.twimg.com/media/DEDIzIzUIAUfIhB.jpg","media_url_https":"https://pbs.twimg.com/media/DEDIzIzUIAUfIhB.jpg","url":"https://t.co/19WgKfzzc2","display_url":"pic.twitter.com/19WgKfzzc2","expanded_url":"https://twitter.com/sakatandao/status/882926317699649537/photo/1","type":"photo","sizes":{"medium":{"w":675,"h":1200,"resize":"fit"},"small":{"w":383,"h":680,"resize":"fit"},"thumb":{"w":150,"h":150,"resize":"crop"},"large":{"w":1152,"h":2048,"resize":"fit"}}}]},"metadata":{"iso_language_code":"ja","result_type":"recent"},"source":"<a href=\"http://twitter.com/download/iphone\" rel=\"nofollow\">Twitter for iPhone</a>","in_reply_to_status_id":null,"in_reply_to_status_id_str":null,"in_reply_to_user_id":null,"in_reply_to_user_id_str":null,"in_reply_to_screen_name":null,"user":{"id":108223197,"id_str":"108223197","name":"となりの坂田。@浦島坂田船","screen_name":"sakatandao","location":"企画はこちらへsakata_info@yahoo.co.jp","description":"あほの坂田、となりの坂田という二つの名前でネット中心に活動してます。ラインでも色々お知らせしてるよ検索してみて👉《@ lgz4390q》 youtubeもやってるので気軽に登録してね！👉《https://t.co/9FPxmKmiXF》","url":"https://t.co/XxJSl8kHga","entities":{"url":{"urls":[{"url":"https://t.co/XxJSl8kHga","expanded_url":"http://com.nicovideo.jp/community/co15480","display_url":"com.nicovideo.jp/community/co15…","indices":[0,23]}]},"description":{"urls":[{"url":"https://t.co/9FPxmKmiXF","expanded_url":"https://m.youtube.com/channel/UCvOX0NWMvYrgSV15vuxV4Pg","display_url":"m.youtube.com/channel/UCvOX0…","indices":[94,117]}]}},"protected":false,"followers_count":401286,"friends_count":1175,"listed_count":6919,"created_at":"Mon Jan 25 07:18:05 +0000 2010","favourites_count":4510,"utc_offset":-25200,"time_zone":"Pacific Time (US & Canada)","geo_enabled":false,"verified":true,"statuses_count":1478,"lang":"ja","contributors_enabled":false,"is_translator":false,"is_translation_enabled":false,"profile_background_color":"C0DEED","profile_background_image_url":"http://pbs.twimg.com/profile_background_images/136408029/____________.jpg","profile_background_image_url_https":"https://pbs.twimg.com/profile_background_images/136408029/____________.jpg","profile_background_tile":false,"profile_image_url":"http://pbs.twimg.com/profile_images/853961833744547842/ypUnwuNe_normal.jpg","profile_image_url_https":"https://pbs.twimg.com/profile_images/853961833744547842/ypUnwuNe_normal.jpg","profile_banner_url":"https://pbs.twimg.com/profile_banners/108223197/1420547626","profile_link_color":"E81C4F","profile_sidebar_border_color":"C1C9EB","profile_sidebar_fill_color":"DDEEF6","profile_text_color":"333333","profile_use_background_image":true,"has_extended_profile":true,"default_profile":false,"default_profile_image":false,"following":false,"follow_request_sent":false,"notifications":false,"translator_type":"none"},"geo":null,"coordinates":null,"place":null,"contributors":null,"is_quote_status":false,"retweet_count":1548,"favorite_count":6998,"favorited":false,"retweeted":false,"possibly_sensitive":false,"lang":"ja"},{"created_at":"Thu Jul 06 11:36:50 +0000 2017","id":882926307784380400,"id_str":"882926307784380417","text":"もうすぐ誕生日かぁ…\n\n誕生日までに歌投稿するの間に合わなそうだなぁ…\n\nちょっと過ぎちゃうかもなぁ…\n\nてかてみじweekも明日で最後かぁ…\n\n寂しいなぁ…\n\nなぁ…","truncated":false,"entities":{"hashtags":[],"symbols":[],"user_mentions":[],"urls":[]},"metadata":{"iso_language_code":"ja","result_type":"recent"},"source":"<a href=\"http://twitter.com/download/iphone\" rel=\"nofollow\">Twitter for iPhone</a>","in_reply_to_status_id":null,"in_reply_to_status_id_str":null,"in_reply_to_user_id":null,"in_reply_to_user_id_str":null,"in_reply_to_screen_name":null,"user":{"id":2897656159,"id_str":"2897656159","name":"みやかわくん","screen_name":"My_kwk_N","location":"","description":"ｱｯ","url":null,"entities":{"description":{"urls":[]}},"protected":false,"followers_count":369487,"friends_count":66,"listed_count":1210,"created_at":"Wed Nov 12 14:34:23 +0000 2014","favourites_count":36798,"utc_offset":-25200,"time_zone":"Pacific Time (US & Canada)","geo_enabled":false,"verified":false,"statuses_count":6089,"lang":"ja","contributors_enabled":false,"is_translator":false,"is_translation_enabled":false,"profile_background_color":"000000","profile_background_image_url":"http://abs.twimg.com/images/themes/theme1/bg.png","profile_background_image_url_https":"https://abs.twimg.com/images/themes/theme1/bg.png","profile_background_tile":false,"profile_image_url":"http://pbs.twimg.com/profile_images/863795897691287552/Hx3P2xcH_normal.jpg","profile_image_url_https":"https://pbs.twimg.com/profile_images/863795897691287552/Hx3P2xcH_normal.jpg","profile_banner_url":"https://pbs.twimg.com/profile_banners/2897656159/1473694510","profile_link_color":"9266CC","profile_sidebar_border_color":"000000","profile_sidebar_fill_color":"000000","profile_text_color":"000000","profile_use_background_image":false,"has_extended_profile":false,"default_profile":false,"default_profile_image":false,"following":false,"follow_request_sent":false,"notifications":false,"translator_type":"none"},"geo":null,"coordinates":null,"place":null,"contributors":null,"is_quote_status":false,"retweet_count":557,"favorite_count":5530,"favorited":false,"retweeted":false,"lang":"ja"},{"created_at":"Thu Jul 06 11:36:46 +0000 2017","id":882926290956730400,"id_str":"882926290956730369","text":"お料理教室。今日は魚のさばき方を教わりました。 https://t.co/fi1pUEhVIO","truncated":false,"entities":{"hashtags":[],"symbols":[],"user_mentions":[],"urls":[],"media":[{"id":882926030435999700,"id_str":"882926030435999744","indices":[24,47],"media_url":"http://pbs.twimg.com/ext_tw_video_thumb/882926030435999744/pu/img/6yU0T6KepJg_c0B2.jpg","media_url_https":"https://pbs.twimg.com/ext_tw_video_thumb/882926030435999744/pu/img/6yU0T6KepJg_c0B2.jpg","url":"https://t.co/fi1pUEhVIO","display_url":"pic.twitter.com/fi1pUEhVIO","expanded_url":"https://twitter.com/pamyurin/status/882926290956730369/video/1","type":"photo","sizes":{"small":{"w":340,"h":425,"resize":"fit"},"thumb":{"w":150,"h":150,"resize":"crop"},"medium":{"w":600,"h":750,"resize":"fit"},"large":{"w":720,"h":900,"resize":"fit"}}}]},"extended_entities":{"media":[{"id":882926030435999700,"id_str":"882926030435999744","indices":[24,47],"media_url":"http://pbs.twimg.com/ext_tw_video_thumb/882926030435999744/pu/img/6yU0T6KepJg_c0B2.jpg","media_url_https":"https://pbs.twimg.com/ext_tw_video_thumb/882926030435999744/pu/img/6yU0T6KepJg_c0B2.jpg","url":"https://t.co/fi1pUEhVIO","display_url":"pic.twitter.com/fi1pUEhVIO","expanded_url":"https://twitter.com/pamyurin/status/882926290956730369/video/1","type":"video","sizes":{"small":{"w":340,"h":425,"resize":"fit"},"thumb":{"w":150,"h":150,"resize":"crop"},"medium":{"w":600,"h":750,"resize":"fit"},"large":{"w":720,"h":900,"resize":"fit"}},"video_info":{"aspect_ratio":[4,5],"duration_millis":31033,"variants":[{"bitrate":320000,"content_type":"video/mp4","url":"https://video.twimg.com/ext_tw_video/882926030435999744/pu/vid/256x320/fY6Id7RJCJQif-Xp.mp4"},{"content_type":"application/x-mpegURL","url":"https://video.twimg.com/ext_tw_video/882926030435999744/pu/pl/Y2Dv11mCoG7WXI28.m3u8"},{"bitrate":832000,"content_type":"video/mp4","url":"https://video.twimg.com/ext_tw_video/882926030435999744/pu/vid/512x640/yU0gRQTrttLV7BSR.mp4"}]},"additional_media_info":{"monetizable":false}}]},"metadata":{"iso_language_code":"ja","result_type":"recent"},"source":"<a href=\"http://twitter.com/download/iphone\" rel=\"nofollow\">Twitter for iPhone</a>","in_reply_to_status_id":null,"in_reply_to_status_id_str":null,"in_reply_to_user_id":null,"in_reply_to_user_id_str":null,"in_reply_to_screen_name":null,"user":{"id":220332457,"id_str":"220332457","name":"きゃりーぱみゅぱみゅ","screen_name":"pamyurin","location":"ASOBISYSTEM","description":"きゃりーなんとかです。","url":null,"entities":{"description":{"urls":[]}},"protected":false,"followers_count":4909543,"friends_count":287,"listed_count":16525,"created_at":"Sat Nov 27 13:30:22 +0000 2010","favourites_count":14,"utc_offset":-36000,"time_zone":"Hawaii","geo_enabled":false,"verified":true,"statuses_count":14374,"lang":"ja","contributors_enabled":false,"is_translator":false,"is_translation_enabled":true,"profile_background_color":"C0DEED","profile_background_image_url":"http://abs.twimg.com/images/themes/theme1/bg.png","profile_background_image_url_https":"https://abs.twimg.com/images/themes/theme1/bg.png","profile_background_tile":false,"profile_image_url":"http://pbs.twimg.com/profile_images/851946420554711040/z51oPSy8_normal.jpg","profile_image_url_https":"https://pbs.twimg.com/profile_images/851946420554711040/z51oPSy8_normal.jpg","profile_banner_url":"https://pbs.twimg.com/profile_banners/220332457/1462937798","profile_link_color":"1DA1F2","profile_sidebar_border_color":"C0DEED","profile_sidebar_fill_color":"DDEEF6","profile_text_color":"333333","profile_use_background_image":true,"has_extended_profile":false,"default_profile":true,"default_profile_image":false,"following":false,"follow_request_sent":false,"notifications":false,"translator_type":"none"},"geo":null,"coordinates":null,"place":null,"contributors":null,"is_quote_status":false,"retweet_count":669,"favorite_count":3838,"favorited":false,"retweeted":false,"possibly_sensitive":false,"lang":"ja"},{"created_at":"Thu Jul 06 11:35:49 +0000 2017","id":882926053513023500,"id_str":"882926053513023490","text":"アニメイト横浜店さんありがとうございました！！！ https://t.co/KxMqbmlomG","truncated":false,"entities":{"hashtags":[],"symbols":[],"user_mentions":[],"urls":[],"media":[{"id":882926037457182700,"id_str":"882926037457182721","indices":[25,48],"media_url":"http://pbs.twimg.com/media/DEDIjZmUIAEVviR.jpg","media_url_https":"https://pbs.twimg.com/media/DEDIjZmUIAEVviR.jpg","url":"https://t.co/KxMqbmlomG","display_url":"pic.twitter.com/KxMqbmlomG","expanded_url":"https://twitter.com/uratasama/status/882926053513023490/photo/1","type":"photo","sizes":{"medium":{"w":806,"h":1200,"resize":"fit"},"large":{"w":993,"h":1478,"resize":"fit"},"thumb":{"w":150,"h":150,"resize":"crop"},"small":{"w":457,"h":680,"resize":"fit"}}}]},"extended_entities":{"media":[{"id":882926037457182700,"id_str":"882926037457182721","indices":[25,48],"media_url":"http://pbs.twimg.com/media/DEDIjZmUIAEVviR.jpg","media_url_https":"https://pbs.twimg.com/media/DEDIjZmUIAEVviR.jpg","url":"https://t.co/KxMqbmlomG","display_url":"pic.twitter.com/KxMqbmlomG","expanded_url":"https://twitter.com/uratasama/status/882926053513023490/photo/1","type":"photo","sizes":{"medium":{"w":806,"h":1200,"resize":"fit"},"large":{"w":993,"h":1478,"resize":"fit"},"thumb":{"w":150,"h":150,"resize":"crop"},"small":{"w":457,"h":680,"resize":"fit"}}}]},"metadata":{"iso_language_code":"ja","result_type":"recent"},"source":"<a href=\"http://twitter.com/download/iphone\" rel=\"nofollow\">Twitter for iPhone</a>","in_reply_to_status_id":null,"in_reply_to_status_id_str":null,"in_reply_to_user_id":null,"in_reply_to_user_id_str":null,"in_reply_to_screen_name":null,"user":{"id":112207890,"id_str":"112207890","name":"浦田わたる/うらたぬき♣︎浦島坂田船","screen_name":"uratasama","location":"東京ドーム","description":"「スワロウ」で声優をしております！/浦島坂田船「CRUISE TICKET」オリコンウィークリー5位！/スタミュ2期OP Fourpe 「SHOW MUST GO ON!!」 8位！/LINE@⇨「@ lzx7334a」 間をつめて@マークから検索してね！","url":"https://t.co/Wi6r4DEHA6","entities":{"url":{"urls":[{"url":"https://t.co/Wi6r4DEHA6","expanded_url":"http://nicovideo.jp/mylist/35789880","display_url":"nicovideo.jp/mylist/35789880","indices":[0,23]}]},"description":{"urls":[]}},"protected":false,"followers_count":311423,"friends_count":636,"listed_count":5705,"created_at":"Sun Feb 07 16:42:44 +0000 2010","favourites_count":28835,"utc_offset":28800,"time_zone":"Irkutsk","geo_enabled":false,"verified":true,"statuses_count":55606,"lang":"ja","contributors_enabled":false,"is_translator":false,"is_translation_enabled":false,"profile_background_color":"9AE4E8","profile_background_image_url":"http://abs.twimg.com/images/themes/theme16/bg.gif","profile_background_image_url_https":"https://abs.twimg.com/images/themes/theme16/bg.gif","profile_background_tile":false,"profile_image_url":"http://pbs.twimg.com/profile_images/853961483276795906/FSY1Sai7_normal.jpg","profile_image_url_https":"https://pbs.twimg.com/profile_images/853961483276795906/FSY1Sai7_normal.jpg","profile_banner_url":"https://pbs.twimg.com/profile_banners/112207890/1471035369","profile_link_color":"0084B4","profile_sidebar_border_color":"BDDCAD","profile_sidebar_fill_color":"DDFFCC","profile_text_color":"333333","profile_use_background_image":true,"has_extended_profile":false,"default_profile":false,"default_profile_image":false,"following":false,"follow_request_sent":false,"notifications":false,"translator_type":"none"},"geo":null,"coordinates":null,"place":null,"contributors":null,"is_quote_status":false,"retweet_count":1567,"favorite_count":6177,"favorited":false,"retweeted":false,"possibly_sensitive":false,"lang":"ja"},{"created_at":"Thu Jul 06 11:34:48 +0000 2017","id":882925798323216400,"id_str":"882925798323216385","text":"お気づきの方もいるかもだけど、わりとばっさり髪を切りました。人生でいちばん嫌いな時間が髪を乾かしてる時間なのですっきりです。きゃんに盗撮された一枚を添えて。(ガチ寝) https://t.co/5qdakTPVYL","truncated":false,"entities":{"hashtags":[],"symbols":[],"user_mentions":[],"urls":[],"media":[{"id":882925788961456100,"id_str":"882925788961456128","indices":[84,107],"media_url":"http://pbs.twimg.com/media/DEDIU74UQAABr-j.jpg","media_url_https":"https://pbs.twimg.com/media/DEDIU74UQAABr-j.jpg","url":"https://t.co/5qdakTPVYL","display_url":"pic.twitter.com/5qdakTPVYL","expanded_url":"https://twitter.com/Kanako_tktk/status/882925798323216385/photo/1","type":"photo","sizes":{"medium":{"w":1200,"h":1200,"resize":"fit"},"small":{"w":680,"h":680,"resize":"fit"},"thumb":{"w":150,"h":150,"resize":"crop"},"large":{"w":2048,"h":2048,"resize":"fit"}}}]},"extended_entities":{"media":[{"id":882925788961456100,"id_str":"882925788961456128","indices":[84,107],"media_url":"http://pbs.twimg.com/media/DEDIU74UQAABr-j.jpg","media_url_https":"https://pbs.twimg.com/media/DEDIU74UQAABr-j.jpg","url":"https://t.co/5qdakTPVYL","display_url":"pic.twitter.com/5qdakTPVYL","expanded_url":"https://twitter.com/Kanako_tktk/status/882925798323216385/photo/1","type":"photo","sizes":{"medium":{"w":1200,"h":1200,"resize":"fit"},"small":{"w":680,"h":680,"resize":"fit"},"thumb":{"w":150,"h":150,"resize":"crop"},"large":{"w":2048,"h":2048,"resize":"fit"}}},{"id":882925788965646300,"id_str":"882925788965646336","indices":[84,107],"media_url":"http://pbs.twimg.com/media/DEDIU75UMAAWgnl.jpg","media_url_https":"https://pbs.twimg.com/media/DEDIU75UMAAWgnl.jpg","url":"https://t.co/5qdakTPVYL","display_url":"pic.twitter.com/5qdakTPVYL","expanded_url":"https://twitter.com/Kanako_tktk/status/882925798323216385/photo/1","type":"photo","sizes":{"small":{"w":680,"h":680,"resize":"fit"},"medium":{"w":1200,"h":1200,"resize":"fit"},"thumb":{"w":150,"h":150,"resize":"crop"},"large":{"w":1478,"h":1478,"resize":"fit"}}}]},"metadata":{"iso_language_code":"ja","result_type":"recent"},"source":"<a href=\"http://twitter.com/download/iphone\" rel=\"nofollow\">Twitter for iPhone</a>","in_reply_to_status_id":null,"in_reply_to_status_id_str":null,"in_reply_to_user_id":null,"in_reply_to_user_id_str":null,"in_reply_to_screen_name":null,"user":{"id":4065828913,"id_str":"4065828913","name":"高槻かなこ","screen_name":"Kanako_tktk","location":"","description":"あいむたかつきんぐ。 歌・声優 / 「ラブライブ！サンシャイン!!」Aqours 国木田花丸役 / TVアニメ「恋と嘘」加藤絢乃役 / 木曜21時〜電撃PlayStationLive / https://t.co/TmmFwsnRQJ","url":"https://t.co/ceAHIrRPFS","entities":{"url":{"urls":[{"url":"https://t.co/ceAHIrRPFS","expanded_url":"http://artist.amuse.co.jp/artist/takatsuki_kanako/","display_url":"artist.amuse.co.jp/artist/takatsu…","indices":[0,23]}]},"description":{"urls":[{"url":"https://t.co/TmmFwsnRQJ","expanded_url":"http://Instagram.com/kanako.tktk","display_url":"Instagram.com/kanako.tktk","indices":[94,117]}]}},"protected":false,"followers_count":164353,"friends_count":96,"listed_count":5778,"created_at":"Fri Oct 30 06:25:44 +0000 2015","favourites_count":130,"utc_offset":null,"time_zone":null,"geo_enabled":false,"verified":false,"statuses_count":2282,"lang":"ja","contributors_enabled":false,"is_translator":false,"is_translation_enabled":false,"profile_background_color":"C0DEED","profile_background_image_url":"http://abs.twimg.com/images/themes/theme1/bg.png","profile_background_image_url_https":"https://abs.twimg.com/images/themes/theme1/bg.png","profile_background_tile":false,"profile_image_url":"http://pbs.twimg.com/profile_images/859002645524041728/5Lw7sD_q_normal.jpg","profile_image_url_https":"https://pbs.twimg.com/profile_images/859002645524041728/5Lw7sD_q_normal.jpg","profile_banner_url":"https://pbs.twimg.com/profile_banners/4065828913/1493911155","profile_link_color":"1DA1F2","profile_sidebar_border_color":"C0DEED","profile_sidebar_fill_color":"DDEEF6","profile_text_color":"333333","profile_use_background_image":true,"has_extended_profile":true,"default_profile":true,"default_profile_image":false,"following":false,"follow_request_sent":false,"notifications":false,"translator_type":"none"},"geo":null,"coordinates":null,"place":null,"contributors":null,"is_quote_status":false,"retweet_count":585,"favorite_count":1892,"favorited":false,"retweeted":false,"possibly_sensitive":false,"lang":"ja"},{"created_at":"Thu Jul 06 11:30:25 +0000 2017","id":882924694424268800,"id_str":"882924694424268800","text":"先着フォロー第8弾開始しますっ！✌️\n\n今回は300人先着フォローさせていただきます！\n予告ないんですがすみません🙇\nみんなどしどしRTしてね🙇\n\n#足立佳奈\n#RT希望\n#RTした順にフォローするよ\n#みんな待ってます\n#RT＋… https://t.co/qb09Yaw8Z8","truncated":true,"entities":{"hashtags":[{"text":"足立佳奈","indices":[74,79]},{"text":"RT希望","indices":[80,85]},{"text":"RTした順にフォローするよ","indices":[86,100]},{"text":"みんな待ってます","indices":[101,110]},{"text":"RT","indices":[111,114]}],"symbols":[],"user_mentions":[],"urls":[{"url":"https://t.co/qb09Yaw8Z8","expanded_url":"https://twitter.com/i/web/status/882924694424268800","display_url":"twitter.com/i/web/status/8…","indices":[117,140]}]},"metadata":{"iso_language_code":"ja","result_type":"recent"},"source":"<a href=\"http://twitter.com/download/android\" rel=\"nofollow\">Twitter for Android</a>","in_reply_to_status_id":null,"in_reply_to_status_id_str":null,"in_reply_to_user_id":null,"in_reply_to_user_id_str":null,"in_reply_to_screen_name":null,"user":{"id":878990022283636700,"id_str":"878990022283636736","name":"足立佳奈","screen_name":"kana1014lm____","location":"adachikana.com","description":"第１回LINEオーディショングランプリ！非公式応援垢です。皆さんの応援に感謝してます。2017年８月30日「笑顔の作り方～キムチ/ココロハレテ」でメジャーデビュー決定！","url":null,"entities":{"description":{"urls":[]}},"protected":false,"followers_count":5458,"friends_count":1719,"listed_count":0,"created_at":"Sun Jun 25 14:55:26 +0000 2017","favourites_count":21,"utc_offset":null,"time_zone":null,"geo_enabled":false,"verified":false,"statuses_count":29,"lang":"ja","contributors_enabled":false,"is_translator":false,"is_translation_enabled":false,"profile_background_color":"F5F8FA","profile_background_image_url":null,"profile_background_image_url_https":null,"profile_background_tile":false,"profile_image_url":"http://pbs.twimg.com/profile_images/878996754087133184/IVLPy4ik_normal.jpg","profile_image_url_https":"https://pbs.twimg.com/profile_images/878996754087133184/IVLPy4ik_normal.jpg","profile_banner_url":"https://pbs.twimg.com/profile_banners/878990022283636736/1498402802","profile_link_color":"1DA1F2","profile_sidebar_border_color":"C0DEED","profile_sidebar_fill_color":"DDEEF6","profile_text_color":"333333","profile_use_background_image":true,"has_extended_profile":true,"default_profile":true,"default_profile_image":false,"following":false,"follow_request_sent":false,"notifications":false,"translator_type":"none"},"geo":null,"coordinates":null,"place":null,"contributors":null,"is_quote_status":false,"retweet_count":477,"favorite_count":515,"favorited":false,"retweeted":false,"possibly_sensitive":false,"lang":"ja"},{"created_at":"Thu Jul 06 11:28:27 +0000 2017","id":882924197508390900,"id_str":"882924197508390912","text":"急にまた気候も変わって\n体調くずしてませんか？\nもうそろそろ、星の王子さまの再演ですね！\n皆様にお会い出来るのを楽しみにしてます！","truncated":false,"entities":{"hashtags":[],"symbols":[],"user_mentions":[],"urls":[]},"metadata":{"iso_language_code":"ja","result_type":"recent"},"source":"<a href=\"http://twitter.com\" rel=\"nofollow\">Twitter Web Client</a>","in_reply_to_status_id":null,"in_reply_to_status_id_str":null,"in_reply_to_user_id":null,"in_reply_to_user_id_str":null,"in_reply_to_screen_name":null,"user":{"id":167733138,"id_str":"167733138","name":"蒼井翔太","screen_name":"shouta0811aoi","location":"","description":"1月25日Newシングル『flower』発売！ 株式会社S所属の声優、歌手として頑張っています！ 公式HP→https://t.co/F3uqQKntXe","url":null,"entities":{"description":{"urls":[{"url":"https://t.co/F3uqQKntXe","expanded_url":"http://www.shouta-aoi.jp/","display_url":"shouta-aoi.jp","indices":[54,77]}]}},"protected":false,"followers_count":661415,"friends_count":388,"listed_count":8440,"created_at":"Sat Jul 17 10:28:19 +0000 2010","favourites_count":23,"utc_offset":32400,"time_zone":"Tokyo","geo_enabled":false,"verified":false,"statuses_count":10816,"lang":"ja","contributors_enabled":false,"is_translator":false,"is_translation_enabled":false,"profile_background_color":"131516","profile_background_image_url":"http://abs.twimg.com/images/themes/theme14/bg.gif","profile_background_image_url_https":"https://abs.twimg.com/images/themes/theme14/bg.gif","profile_background_tile":true,"profile_image_url":"http://pbs.twimg.com/profile_images/856699948921790464/K10TJf15_normal.jpg","profile_image_url_https":"https://pbs.twimg.com/profile_images/856699948921790464/K10TJf15_normal.jpg","profile_banner_url":"https://pbs.twimg.com/profile_banners/167733138/1463447928","profile_link_color":"009999","profile_sidebar_border_color":"EEEEEE","profile_sidebar_fill_color":"EFEFEF","profile_text_color":"333333","profile_use_background_image":true,"has_extended_profile":false,"default_profile":false,"default_profile_image":false,"following":false,"follow_request_sent":false,"notifications":false,"translator_type":"none"},"geo":null,"coordinates":null,"place":null,"contributors":null,"is_quote_status":false,"retweet_count":926,"favorite_count":4168,"favorited":false,"retweeted":false,"lang":"ja"},{"created_at":"Thu Jul 06 11:28:19 +0000 2017","id":882924165690347500,"id_str":"882924165690347520","text":"全身これい建築関係🚧🔨🔨🔨 https://t.co/TJzD1BufBx","truncated":false,"entities":{"hashtags":[],"symbols":[],"user_mentions":[],"urls":[],"media":[{"id":882924154583830500,"id_str":"882924154583830528","indices":[14,37],"media_url":"http://pbs.twimg.com/media/DEDG1zWU0AADTnS.jpg","media_url_https":"https://pbs.twimg.com/media/DEDG1zWU0AADTnS.jpg","url":"https://t.co/TJzD1BufBx","display_url":"pic.twitter.com/TJzD1BufBx","expanded_url":"https://twitter.com/aNo2mass/status/882924165690347520/photo/1","type":"photo","sizes":{"large":{"w":681,"h":957,"resize":"fit"},"thumb":{"w":150,"h":150,"resize":"crop"},"small":{"w":484,"h":680,"resize":"fit"},"medium":{"w":681,"h":957,"resize":"fit"}}}]},"extended_entities":{"media":[{"id":882924154583830500,"id_str":"882924154583830528","indices":[14,37],"media_url":"http://pbs.twimg.com/media/DEDG1zWU0AADTnS.jpg","media_url_https":"https://pbs.twimg.com/media/DEDG1zWU0AADTnS.jpg","url":"https://t.co/TJzD1BufBx","display_url":"pic.twitter.com/TJzD1BufBx","expanded_url":"https://twitter.com/aNo2mass/status/882924165690347520/photo/1","type":"photo","sizes":{"large":{"w":681,"h":957,"resize":"fit"},"thumb":{"w":150,"h":150,"resize":"crop"},"small":{"w":484,"h":680,"resize":"fit"},"medium":{"w":681,"h":957,"resize":"fit"}}},{"id":882924154583867400,"id_str":"882924154583867392","indices":[14,37],"media_url":"http://pbs.twimg.com/media/DEDG1zWVYAAXCue.jpg","media_url_https":"https://pbs.twimg.com/media/DEDG1zWVYAAXCue.jpg","url":"https://t.co/TJzD1BufBx","display_url":"pic.twitter.com/TJzD1BufBx","expanded_url":"https://twitter.com/aNo2mass/status/882924165690347520/photo/1","type":"photo","sizes":{"large":{"w":655,"h":956,"resize":"fit"},"thumb":{"w":150,"h":150,"resize":"crop"},"small":{"w":466,"h":680,"resize":"fit"},"medium":{"w":655,"h":956,"resize":"fit"}}},{"id":882924154583826400,"id_str":"882924154583826433","indices":[14,37],"media_url":"http://pbs.twimg.com/media/DEDG1zWUwAEoNyh.jpg","media_url_https":"https://pbs.twimg.com/media/DEDG1zWUwAEoNyh.jpg","url":"https://t.co/TJzD1BufBx","display_url":"pic.twitter.com/TJzD1BufBx","expanded_url":"https://twitter.com/aNo2mass/status/882924165690347520/photo/1","type":"photo","sizes":{"small":{"w":545,"h":680,"resize":"fit"},"large":{"w":750,"h":935,"resize":"fit"},"thumb":{"w":150,"h":150,"resize":"crop"},"medium":{"w":750,"h":935,"resize":"fit"}}}]},"metadata":{"iso_language_code":"ja","result_type":"recent"},"source":"<a href=\"http://twitter.com/download/iphone\" rel=\"nofollow\">Twitter for iPhone</a>","in_reply_to_status_id":null,"in_reply_to_status_id_str":null,"in_reply_to_user_id":null,"in_reply_to_user_id_str":null,"in_reply_to_screen_name":null,"user":{"id":1685124498,"id_str":"1685124498","name":"あの","screen_name":"aNo2mass","location":"","description":"ゆるめるモ あのせつ子 １6５©︎m https://t.co/swTXpYxdic ※このアカウントは運営が管理しております。","url":"https://t.co/MnefBHUOtL","entities":{"url":{"urls":[{"url":"https://t.co/MnefBHUOtL","expanded_url":"http://ano2mass.livedoor.biz","display_url":"ano2mass.livedoor.biz","indices":[0,23]}]},"description":{"urls":[{"url":"https://t.co/swTXpYxdic","expanded_url":"https://www.instagram.com/a_n_o2mass/","display_url":"instagram.com/a_n_o2mass/","indices":[19,42]}]}},"protected":false,"followers_count":212652,"friends_count":214,"listed_count":3033,"created_at":"Tue Aug 20 07:40:12 +0000 2013","favourites_count":15863,"utc_offset":null,"time_zone":null,"geo_enabled":false,"verified":true,"statuses_count":2533,"lang":"ja","contributors_enabled":false,"is_translator":false,"is_translation_enabled":false,"profile_background_color":"C0DEED","profile_background_image_url":"http://abs.twimg.com/images/themes/theme1/bg.png","profile_background_image_url_https":"https://abs.twimg.com/images/themes/theme1/bg.png","profile_background_tile":false,"profile_image_url":"http://pbs.twimg.com/profile_images/868712011122712576/jx_BREj9_normal.jpg","profile_image_url_https":"https://pbs.twimg.com/profile_images/868712011122712576/jx_BREj9_normal.jpg","profile_banner_url":"https://pbs.twimg.com/profile_banners/1685124498/1494107080","profile_link_color":"1DA1F2","profile_sidebar_border_color":"C0DEED","profile_sidebar_fill_color":"DDEEF6","profile_text_color":"333333","profile_use_background_image":true,"has_extended_profile":false,"default_profile":true,"default_profile_image":false,"following":false,"follow_request_sent":false,"notifications":false,"translator_type":"none"},"geo":null,"coordinates":null,"place":null,"contributors":null,"is_quote_status":false,"retweet_count":1311,"favorite_count":4911,"favorited":false,"retweeted":false,"possibly_sensitive":false,"lang":"ja"},{"created_at":"Thu Jul 06 11:28:13 +0000 2017","id":882924138653810700,"id_str":"882924138653810688","text":"森田美勇人「FINEBOYS」でモデルデビュー\n森田美勇人「FINEBOYS」でモデルデビュー\n森田美勇人「FINEBOYS」でモデルデビュー\n森田美勇人「FINEBOYS」でモデルデビュー\n\nhttps://t.co/RC6gdvuoUE","truncated":false,"entities":{"hashtags":[],"symbols":[],"user_mentions":[],"urls":[{"url":"https://t.co/RC6gdvuoUE","expanded_url":"http://j-matome.com/jjj/content.php?extra_id=334","display_url":"j-matome.com/jjj/content.ph…","indices":[97,120]}]},"metadata":{"iso_language_code":"ja","result_type":"recent"},"source":"<a href=\"http://twitter.com/download/iphone\" rel=\"nofollow\">Twitter for iPhone</a>","in_reply_to_status_id":null,"in_reply_to_status_id_str":null,"in_reply_to_user_id":null,"in_reply_to_user_id_str":null,"in_reply_to_screen_name":null,"user":{"id":848909052008554500,"id_str":"848909052008554496","name":"ジャニーズ遭遇情報","screen_name":"js4662","location":"","description":"情報はDMにいただけると気付きやすいです。","url":null,"entities":{"description":{"urls":[]}},"protected":false,"followers_count":135844,"friends_count":0,"listed_count":229,"created_at":"Mon Apr 03 14:44:24 +0000 2017","favourites_count":239,"utc_offset":null,"time_zone":null,"geo_enabled":false,"verified":false,"statuses_count":1100,"lang":"ja","contributors_enabled":false,"is_translator":false,"is_translation_enabled":false,"profile_background_color":"F5F8FA","profile_background_image_url":null,"profile_background_image_url_https":null,"profile_background_tile":false,"profile_image_url":"http://pbs.twimg.com/profile_images/848911931956019204/fwwY30IV_normal.jpg","profile_image_url_https":"https://pbs.twimg.com/profile_images/848911931956019204/fwwY30IV_normal.jpg","profile_link_color":"1DA1F2","profile_sidebar_border_color":"C0DEED","profile_sidebar_fill_color":"DDEEF6","profile_text_color":"333333","profile_use_background_image":true,"has_extended_profile":false,"default_profile":true,"default_profile_image":false,"following":false,"follow_request_sent":false,"notifications":false,"translator_type":"none"},"geo":null,"coordinates":null,"place":null,"contributors":null,"is_quote_status":false,"retweet_count":644,"favorite_count":1486,"favorited":false,"retweeted":false,"possibly_sensitive":false,"lang":"ja"},{"created_at":"Thu Jul 06 11:26:46 +0000 2017","id":882923773820682200,"id_str":"882923773820682240","text":"うおおおおおおお！！！\n\nデイリー3位！！！！！！！！！ https://t.co/YsvhYoSxxO","truncated":false,"entities":{"hashtags":[],"symbols":[],"user_mentions":[],"urls":[],"media":[{"id":882923768443576300,"id_str":"882923768443576320","indices":[29,52],"media_url":"http://pbs.twimg.com/media/DEDGfU3UIAAFN-r.jpg","media_url_https":"https://pbs.twimg.com/media/DEDGfU3UIAAFN-r.jpg","url":"https://t.co/YsvhYoSxxO","display_url":"pic.twitter.com/YsvhYoSxxO","expanded_url":"https://twitter.com/uratasama/status/882923773820682240/photo/1","type":"photo","sizes":{"small":{"w":680,"h":219,"resize":"fit"},"thumb":{"w":150,"h":150,"resize":"crop"},"medium":{"w":749,"h":241,"resize":"fit"},"large":{"w":749,"h":241,"resize":"fit"}}}]},"extended_entities":{"media":[{"id":882923768443576300,"id_str":"882923768443576320","indices":[29,52],"media_url":"http://pbs.twimg.com/media/DEDGfU3UIAAFN-r.jpg","media_url_https":"https://pbs.twimg.com/media/DEDGfU3UIAAFN-r.jpg","url":"https://t.co/YsvhYoSxxO","display_url":"pic.twitter.com/YsvhYoSxxO","expanded_url":"https://twitter.com/uratasama/status/882923773820682240/photo/1","type":"photo","sizes":{"small":{"w":680,"h":219,"resize":"fit"},"thumb":{"w":150,"h":150,"resize":"crop"},"medium":{"w":749,"h":241,"resize":"fit"},"large":{"w":749,"h":241,"resize":"fit"}}}]},"metadata":{"iso_language_code":"ja","result_type":"recent"},"source":"<a href=\"http://twitter.com/download/iphone\" rel=\"nofollow\">Twitter for iPhone</a>","in_reply_to_status_id":null,"in_reply_to_status_id_str":null,"in_reply_to_user_id":null,"in_reply_to_user_id_str":null,"in_reply_to_screen_name":null,"user":{"id":112207890,"id_str":"112207890","name":"浦田わたる/うらたぬき♣︎浦島坂田船","screen_name":"uratasama","location":"東京ドーム","description":"「スワロウ」で声優をしております！/浦島坂田船「CRUISE TICKET」オリコンウィークリー5位！/スタミュ2期OP Fourpe 「SHOW MUST GO ON!!」 8位！/LINE@⇨「@ lzx7334a」 間をつめて@マークから検索してね！","url":"https://t.co/Wi6r4DEHA6","entities":{"url":{"urls":[{"url":"https://t.co/Wi6r4DEHA6","expanded_url":"http://nicovideo.jp/mylist/35789880","display_url":"nicovideo.jp/mylist/35789880","indices":[0,23]}]},"description":{"urls":[]}},"protected":false,"followers_count":311423,"friends_count":636,"listed_count":5705,"created_at":"Sun Feb 07 16:42:44 +0000 2010","favourites_count":28835,"utc_offset":28800,"time_zone":"Irkutsk","geo_enabled":false,"verified":true,"statuses_count":55606,"lang":"ja","contributors_enabled":false,"is_translator":false,"is_translation_enabled":false,"profile_background_color":"9AE4E8","profile_background_image_url":"http://abs.twimg.com/images/themes/theme16/bg.gif","profile_background_image_url_https":"https://abs.twimg.com/images/themes/theme16/bg.gif","profile_background_tile":false,"profile_image_url":"http://pbs.twimg.com/profile_images/853961483276795906/FSY1Sai7_normal.jpg","profile_image_url_https":"https://pbs.twimg.com/profile_images/853961483276795906/FSY1Sai7_normal.jpg","profile_banner_url":"https://pbs.twimg.com/profile_banners/112207890/1471035369","profile_link_color":"0084B4","profile_sidebar_border_color":"BDDCAD","profile_sidebar_fill_color":"DDFFCC","profile_text_color":"333333","profile_use_background_image":true,"has_extended_profile":false,"default_profile":false,"default_profile_image":false,"following":false,"follow_request_sent":false,"notifications":false,"translator_type":"none"},"geo":null,"coordinates":null,"place":null,"contributors":null,"is_quote_status":false,"retweet_count":950,"favorite_count":5528,"favorited":false,"retweeted":false,"possibly_sensitive":false,"lang":"ja"},{"created_at":"Thu Jul 06 11:20:33 +0000 2017","id":882922208800063500,"id_str":"882922208800063489","text":"止まない雨は無いのである\nhttps://t.co/Ys22NfJGdb https://t.co/s80X1QPR2n","truncated":false,"entities":{"hashtags":[],"symbols":[],"user_mentions":[],"urls":[{"url":"https://t.co/Ys22NfJGdb","expanded_url":"https://youtu.be/ofEqKkwD3tc","display_url":"youtu.be/ofEqKkwD3tc","indices":[13,36]}],"media":[{"id":882922195705409500,"id_str":"882922195705409538","indices":[37,60],"media_url":"http://pbs.twimg.com/media/DEDFDx9UMAILS4i.jpg","media_url_https":"https://pbs.twimg.com/media/DEDFDx9UMAILS4i.jpg","url":"https://t.co/s80X1QPR2n","display_url":"pic.twitter.com/s80X1QPR2n","expanded_url":"https://twitter.com/Osiri_Joe/status/882922208800063489/photo/1","type":"photo","sizes":{"medium":{"w":1200,"h":900,"resize":"fit"},"thumb":{"w":150,"h":150,"resize":"crop"},"small":{"w":680,"h":510,"resize":"fit"},"large":{"w":2048,"h":1536,"resize":"fit"}}}]},"extended_entities":{"media":[{"id":882922195705409500,"id_str":"882922195705409538","indices":[37,60],"media_url":"http://pbs.twimg.com/media/DEDFDx9UMAILS4i.jpg","media_url_https":"https://pbs.twimg.com/media/DEDFDx9UMAILS4i.jpg","url":"https://t.co/s80X1QPR2n","display_url":"pic.twitter.com/s80X1QPR2n","expanded_url":"https://twitter.com/Osiri_Joe/status/882922208800063489/photo/1","type":"photo","sizes":{"medium":{"w":1200,"h":900,"resize":"fit"},"thumb":{"w":150,"h":150,"resize":"crop"},"small":{"w":680,"h":510,"resize":"fit"},"large":{"w":2048,"h":1536,"resize":"fit"}}}]},"metadata":{"iso_language_code":"ja","result_type":"recent"},"source":"<a href=\"http://twitter.com/download/iphone\" rel=\"nofollow\">Twitter for iPhone</a>","in_reply_to_status_id":null,"in_reply_to_status_id_str":null,"in_reply_to_user_id":null,"in_reply_to_user_id_str":null,"in_reply_to_screen_name":null,"user":{"id":289244234,"id_str":"289244234","name":"カワグチ ジン","screen_name":"Osiri_Joe","location":"仲間家","description":"無所属YouTuber 企業の方の窓口はこちらです chichisagasu@yahoo.co.jp","url":"https://t.co/OdnHPWO8JJ","entities":{"url":{"urls":[{"url":"https://t.co/OdnHPWO8JJ","expanded_url":"https://www.instagram.com/kurtcojain/","display_url":"instagram.com/kurtcojain/","indices":[0,23]}]},"description":{"urls":[]}},"protected":false,"followers_count":158542,"friends_count":184,"listed_count":385,"created_at":"Thu Apr 28 08:51:38 +0000 2011","favourites_count":47187,"utc_offset":-36000,"time_zone":"Hawaii","geo_enabled":true,"verified":false,"statuses_count":13420,"lang":"ja","contributors_enabled":false,"is_translator":false,"is_translation_enabled":false,"profile_background_color":"C0DEED","profile_background_image_url":"http://abs.twimg.com/images/themes/theme1/bg.png","profile_background_image_url_https":"https://abs.twimg.com/images/themes/theme1/bg.png","profile_background_tile":false,"profile_image_url":"http://pbs.twimg.com/profile_images/867466083560808448/hZo5bUyA_normal.jpg","profile_image_url_https":"https://pbs.twimg.com/profile_images/867466083560808448/hZo5bUyA_normal.jpg","profile_banner_url":"https://pbs.twimg.com/profile_banners/289244234/1495655206","profile_link_color":"1DA1F2","profile_sidebar_border_color":"C0DEED","profile_sidebar_fill_color":"DDEEF6","profile_text_color":"333333","profile_use_background_image":true,"has_extended_profile":true,"default_profile":true,"default_profile_image":false,"following":false,"follow_request_sent":false,"notifications":false,"translator_type":"none"},"geo":null,"coordinates":null,"place":null,"contributors":null,"is_quote_status":false,"retweet_count":763,"favorite_count":4756,"favorited":false,"retweeted":false,"possibly_sensitive":false,"lang":"ja"},{"created_at":"Thu Jul 06 11:18:03 +0000 2017","id":882921580459769900,"id_str":"882921580459769856","text":"LINE LIVEにて、7/2(日)「#TAEMINTHE1stSTAGE日本武道館」公演の一部楽曲の放送が急遽決定!!余韻冷めぬ「初ソロステージ」を再編集版にて、もう一度その目で見るチャンス!! 視聴予約はこちらから→https://t.co/iWhdMXUvPO\n#テミン","truncated":false,"entities":{"hashtags":[{"text":"TAEMINTHE1stSTAGE日本武道館","indices":[19,42]},{"text":"テミン","indices":[134,138]}],"symbols":[],"user_mentions":[],"urls":[{"url":"https://t.co/iWhdMXUvPO","expanded_url":"https://live.line.me/channels/21/upcoming/3886209","display_url":"live.line.me/channels/21/up…","indices":[110,133]}]},"metadata":{"iso_language_code":"ja","result_type":"recent"},"source":"<a href=\"http://twitter.com/download/iphone\" rel=\"nofollow\">Twitter for iPhone</a>","in_reply_to_status_id":null,"in_reply_to_status_id_str":null,"in_reply_to_user_id":null,"in_reply_to_user_id_str":null,"in_reply_to_screen_name":null,"user":{"id":427122847,"id_str":"427122847","name":"SHINetter シャイニッター","screen_name":"shinetter","location":"","description":"UNIVERSAL MUSIC EMI Records のスタッフが主にSHINeeのリリース情報をつぶやきます。","url":"https://t.co/JoCcrfz9NO","entities":{"url":{"urls":[{"url":"https://t.co/JoCcrfz9NO","expanded_url":"http://shinee.jp/","display_url":"shinee.jp","indices":[0,23]}]},"description":{"urls":[]}},"protected":false,"followers_count":134275,"friends_count":0,"listed_count":1012,"created_at":"Sat Dec 03 04:19:47 +0000 2011","favourites_count":0,"utc_offset":32400,"time_zone":"Tokyo","geo_enabled":true,"verified":true,"statuses_count":1442,"lang":"ja","contributors_enabled":false,"is_translator":false,"is_translation_enabled":false,"profile_background_color":"44A688","profile_background_image_url":"http://pbs.twimg.com/profile_background_images/558622410/shineech_0507_S.jpg","profile_background_image_url_https":"https://pbs.twimg.com/profile_background_images/558622410/shineech_0507_S.jpg","profile_background_tile":false,"profile_image_url":"http://pbs.twimg.com/profile_images/875606884044099584/E6E7Hqsn_normal.jpg","profile_image_url_https":"https://pbs.twimg.com/profile_images/875606884044099584/E6E7Hqsn_normal.jpg","profile_banner_url":"https://pbs.twimg.com/profile_banners/427122847/1486617372","profile_link_color":"44A688","profile_sidebar_border_color":"C0DEED","profile_sidebar_fill_color":"DDEEF6","profile_text_color":"333333","profile_use_background_image":true,"has_extended_profile":false,"default_profile":false,"default_profile_image":false,"following":false,"follow_request_sent":false,"notifications":false,"translator_type":"none"},"geo":null,"coordinates":null,"place":null,"contributors":null,"is_quote_status":false,"retweet_count":589,"favorite_count":918,"favorited":false,"retweeted":false,"possibly_sensitive":false,"lang":"ja"}],"search_metadata":{"completed_in":0.146,"max_id":882927497037307900,"max_id_str":"882927497037307904","next_results":"?max_id=882921580459769855&q=lang%3Aja%20min_retweets%3A500&include_entities=1","query":"lang%3Aja+min_retweets%3A500","refresh_url":"?since_id=882927497037307904&q=lang%3Aja%20min_retweets%3A500&include_entities=1","count":15,"since_id":0,"since_id_str":"0"}}