{"statuses":[{"created_at":"Wed Jul 19 14:05:52 +0000 2017","id":887674854874300400,"id_str":"887674854874300416","text":"ニコニコ生放送『メンバー全員出演〜屋形船からDirtyDisco〜』ご覧頂いた皆さんありがとうございました✨\n僕たちも素敵な夏の思い出ができました！\nMCの土屋礼央さん、ありがとうございました！\n\n明日はめざましライブという事でパ… https://t.co/xgZFk0hTZE","truncated":true,"entities":{"hashtags":[],"symbols":[],"user_mentions":[],"urls":[{"url":"https://t.co/xgZFk0hTZE","expanded_url":"https://twitter.com/i/web/status/887674854874300416","display_url":"twitter.com/i/web/status/8…","indices":[117,140]}]},"metadata":{"iso_language_code":"ja","result_type":"recent"},"source":"<a href=\"http://twitter.com/download/iphone\" rel=\"nofollow\">Twitter for iPhone</a>","in_reply_to_status_id":null,"in_reply_to_status_id_str":null,"in_reply_to_user_id":null,"in_reply_to_user_id_str":null,"in_reply_to_screen_name":null,"user":{"id":703069848457228300,"id_str":"703069848457228288","name":"THE RAMPAGE OFFICIAL","screen_name":"therampagefext","location":"","description":"THE RAMPAGE from EXILE TRIBE Official account‼ https://t.co/b2w9QtZAv0","url":"https://t.co/OTrUwgzH9S","entities":{"url":{"urls":[{"url":"https://t.co/OTrUwgzH9S","expanded_url":"https://www.instagram.com/the_rampage_official/","display_url":"instagram.com/the_rampage_of…","indices":[0,23]}]},"description":{"urls":[{"url":"https://t.co/b2w9QtZAv0","expanded_url":"http://the-rampage.jp/","display_url":"the-rampage.jp","indices":[47,70]}]}},"protected":false,"followers_count":309890,"friends_count":96,"listed_count":761,"created_at":"Fri Feb 26 04:11:29 +0000 2016","favourites_count":19,"utc_offset":-25200,"time_zone":"Pacific Time (US & Canada)","geo_enabled":false,"verified":true,"statuses_count":1499,"lang":"ja","contributors_enabled":false,"is_translator":false,"is_translation_enabled":false,"profile_background_color":"F5F8FA","profile_background_image_url":null,"profile_background_image_url_https":null,"profile_background_tile":false,"profile_image_url":"http://pbs.twimg.com/profile_images/791561824906809344/38ndfy6N_normal.jpg","profile_image_url_https":"https://pbs.twimg.com/profile_images/791561824906809344/38ndfy6N_normal.jpg","profile_banner_url":"https://pbs.twimg.com/profile_banners/703069848457228288/1498890358","profile_link_color":"1DA1F2","profile_sidebar_border_color":"C0DEED","profile_sidebar_fill_color":"DDEEF6","profile_text_color":"333333","profile_use_background_image":true,"has_extended_profile":false,"default_profile":true,"default_profile_image":false,"following":false,"follow_request_sent":false,"notifications":false,"translator_type":"none"},"geo":null,"coordinates":null,"place":null,"contributors":null,"is_quote_status":false,"retweet_count":689,"favorite_count":4047,"favorited":false,"retweeted":false,"possibly_sensitive":false,"lang":"ja"},{"created_at":"Wed Jul 19 14:05:40 +0000 2017","id":887674804563722200,"id_str":"887674804563722240","text":"酔いが来るとKinKiを熱弁してしまうのやめたいけどやめられない","truncated":false,"entities":{"hashtags":[],"symbols":[],"user_mentions":[],"urls":[]},"metadata":{"iso_language_code":"ja","result_type":"recent"},"source":"<a href=\"http://twitter.com/download/iphone\" rel=\"nofollow\">Twitter for iPhone</a>","in_reply_to_status_id":null,"in_reply_to_status_id_str":null,"in_reply_to_user_id":null,"in_reply_to_user_id_str":null,"in_reply_to_screen_name":null,"user":{"id":120200591,"id_str":"120200591","name":"堂島孝平","screen_name":"Dojima_Kohei","location":"Tokyo","description":"ミュージシャン / シンガー・ソングライターです。いろいろと活動しています。今年も9月からSOLO TOUR【名古屋/広島/岡山/京都/札幌/仙台/東京/高知/高松/新潟/熊本/福岡/大阪】が始まります。オフィシャルのアナウンスは @DJKH_STAFF で。サンフレッチェ広島が好きです。","url":"https://t.co/XNj3hY5Tww","entities":{"url":{"urls":[{"url":"https://t.co/XNj3hY5Tww","expanded_url":"http://www.djkh.jp","display_url":"djkh.jp","indices":[0,23]}]},"description":{"urls":[]}},"protected":false,"followers_count":36413,"friends_count":869,"listed_count":1364,"created_at":"Fri Mar 05 19:33:12 +0000 2010","favourites_count":133,"utc_offset":32400,"time_zone":"Tokyo","geo_enabled":false,"verified":false,"statuses_count":17203,"lang":"ja","contributors_enabled":false,"is_translator":false,"is_translation_enabled":false,"profile_background_color":"C0DEED","profile_background_image_url":"http://pbs.twimg.com/profile_background_images/529542271822090240/9aM8D2v4.jpeg","profile_background_image_url_https":"https://pbs.twimg.com/profile_background_images/529542271822090240/9aM8D2v4.jpeg","profile_background_tile":true,"profile_image_url":"http://pbs.twimg.com/profile_images/838734220897890304/27SAXji2_normal.jpg","profile_image_url_https":"https://pbs.twimg.com/profile_images/838734220897890304/27SAXji2_normal.jpg","profile_banner_url":"https://pbs.twimg.com/profile_banners/120200591/1488805171","profile_link_color":"981CEB","profile_sidebar_border_color":"FFFFFF","profile_sidebar_fill_color":"FFFFFF","profile_text_color":"333333","profile_use_background_image":true,"has_extended_profile":false,"default_profile":false,"default_profile_image":false,"following":false,"follow_request_sent":false,"notifications":false,"translator_type":"none"},"geo":null,"coordinates":null,"place":null,"contributors":null,"is_quote_status":false,"retweet_count":640,"favorite_count":919,"favorited":false,"retweeted":false,"lang":"ja"},{"created_at":"Wed Jul 19 14:00:21 +0000 2017","id":887673465972506600,"id_str":"887673465972506624","text":"現役を引退してもなお\n困っている人を助けたいイルカ https://t.co/OcPXjTbTkY","truncated":false,"entities":{"hashtags":[],"symbols":[],"user_mentions":[],"urls":[],"media":[{"id":887673460788351000,"id_str":"887673460788350976","indices":[26,49],"media_url":"http://pbs.twimg.com/media/DFGmTzrU0AAhPrO.jpg","media_url_https":"https://pbs.twimg.com/media/DFGmTzrU0AAhPrO.jpg","url":"https://t.co/OcPXjTbTkY","display_url":"pic.twitter.com/OcPXjTbTkY","expanded_url":"https://twitter.com/mok2mok2/status/887673465972506624/photo/1","type":"photo","sizes":{"small":{"w":680,"h":680,"resize":"fit"},"medium":{"w":768,"h":768,"resize":"fit"},"thumb":{"w":150,"h":150,"resize":"crop"},"large":{"w":768,"h":768,"resize":"fit"}}}]},"extended_entities":{"media":[{"id":887673460788351000,"id_str":"887673460788350976","indices":[26,49],"media_url":"http://pbs.twimg.com/media/DFGmTzrU0AAhPrO.jpg","media_url_https":"https://pbs.twimg.com/media/DFGmTzrU0AAhPrO.jpg","url":"https://t.co/OcPXjTbTkY","display_url":"pic.twitter.com/OcPXjTbTkY","expanded_url":"https://twitter.com/mok2mok2/status/887673465972506624/photo/1","type":"photo","sizes":{"small":{"w":680,"h":680,"resize":"fit"},"medium":{"w":768,"h":768,"resize":"fit"},"thumb":{"w":150,"h":150,"resize":"crop"},"large":{"w":768,"h":768,"resize":"fit"}}}]},"metadata":{"iso_language_code":"ja","result_type":"recent"},"source":"<a href=\"http://twitter.com/download/iphone\" rel=\"nofollow\">Twitter for iPhone</a>","in_reply_to_status_id":null,"in_reply_to_status_id_str":null,"in_reply_to_user_id":null,"in_reply_to_user_id_str":null,"in_reply_to_screen_name":null,"user":{"id":344001930,"id_str":"344001930","name":"もくもくちゃん＊8月カフェ","screen_name":"mok2mok2","location":"ヴィレヴァンさまオンラインでグッズ販売中","description":"優しいひとには優しい出来事がありますように。。。。インスタ(https://t.co/41e5T92MGy)☆★☆★☆ご連絡はこちらまで(mok2mok2chan@gmail.com)","url":"https://t.co/QJ90JPwdYM","entities":{"url":{"urls":[{"url":"https://t.co/QJ90JPwdYM","expanded_url":"http://vvstore.jp/feature/detail/9365/","display_url":"vvstore.jp/feature/detail…","indices":[0,23]}]},"description":{"urls":[{"url":"https://t.co/41e5T92MGy","expanded_url":"http://Instagram.com/mok2mok2chan","display_url":"Instagram.com/mok2mok2chan","indices":[30,53]}]}},"protected":false,"followers_count":91541,"friends_count":315,"listed_count":593,"created_at":"Thu Jul 28 11:54:31 +0000 2011","favourites_count":7193,"utc_offset":-36000,"time_zone":"Hawaii","geo_enabled":false,"verified":false,"statuses_count":13668,"lang":"ja","contributors_enabled":false,"is_translator":false,"is_translation_enabled":false,"profile_background_color":"FFFFFF","profile_background_image_url":"http://abs.twimg.com/images/themes/theme1/bg.png","profile_background_image_url_https":"https://abs.twimg.com/images/themes/theme1/bg.png","profile_background_tile":false,"profile_image_url":"http://pbs.twimg.com/profile_images/816890998362021888/aAAwZGw0_normal.jpg","profile_image_url_https":"https://pbs.twimg.com/profile_images/816890998362021888/aAAwZGw0_normal.jpg","profile_banner_url":"https://pbs.twimg.com/profile_banners/344001930/1477461566","profile_link_color":"000000","profile_sidebar_border_color":"FFFFFF","profile_sidebar_fill_color":"DDEEF6","profile_text_color":"333333","profile_use_background_image":false,"has_extended_profile":true,"default_profile":false,"default_profile_image":false,"following":false,"follow_request_sent":false,"notifications":false,"translator_type":"none"},"geo":null,"coordinates":null,"place":null,"contributors":null,"is_quote_status":false,"retweet_count":622,"favorite_count":1859,"favorited":false,"retweeted":false,"possibly_sensitive":false,"lang":"ja"},{"created_at":"Wed Jul 19 13:56:40 +0000 2017","id":887672540692332500,"id_str":"887672540692332545","text":"畠中祐くんのソロデビューCD\n最高にカッコいい！！\n痺れるとはまさにこの事！！\nスタンダァァァァップ！！！ https://t.co/AeEjh5uviM","truncated":false,"entities":{"hashtags":[],"symbols":[],"user_mentions":[],"urls":[],"media":[{"id":887672528692420600,"id_str":"887672528692420608","indices":[54,77],"media_url":"http://pbs.twimg.com/media/DFGldjWVoAAN32b.jpg","media_url_https":"https://pbs.twimg.com/media/DFGldjWVoAAN32b.jpg","url":"https://t.co/AeEjh5uviM","display_url":"pic.twitter.com/AeEjh5uviM","expanded_url":"https://twitter.com/DaiKing_boy/status/887672540692332545/photo/1","type":"photo","sizes":{"medium":{"w":1200,"h":900,"resize":"fit"},"small":{"w":680,"h":510,"resize":"fit"},"thumb":{"w":150,"h":150,"resize":"crop"},"large":{"w":2048,"h":1536,"resize":"fit"}}}]},"extended_entities":{"media":[{"id":887672528692420600,"id_str":"887672528692420608","indices":[54,77],"media_url":"http://pbs.twimg.com/media/DFGldjWVoAAN32b.jpg","media_url_https":"https://pbs.twimg.com/media/DFGldjWVoAAN32b.jpg","url":"https://t.co/AeEjh5uviM","display_url":"pic.twitter.com/AeEjh5uviM","expanded_url":"https://twitter.com/DaiKing_boy/status/887672540692332545/photo/1","type":"photo","sizes":{"medium":{"w":1200,"h":900,"resize":"fit"},"small":{"w":680,"h":510,"resize":"fit"},"thumb":{"w":150,"h":150,"resize":"crop"},"large":{"w":2048,"h":1536,"resize":"fit"}}}]},"metadata":{"iso_language_code":"ja","result_type":"recent"},"source":"<a href=\"http://twitter.com/download/iphone\" rel=\"nofollow\">Twitter for iPhone</a>","in_reply_to_status_id":null,"in_reply_to_status_id_str":null,"in_reply_to_user_id":null,"in_reply_to_user_id_str":null,"in_reply_to_screen_name":null,"user":{"id":371610505,"id_str":"371610505","name":"山下大輝","screen_name":"DaiKing_boy","location":"","description":"新人声優です！！ 今よりもっと！を胸に毎日楽しく全力で駆け抜けていきます！！！肉が好きです。","url":null,"entities":{"description":{"urls":[]}},"protected":false,"followers_count":220604,"friends_count":320,"listed_count":7385,"created_at":"Sun Sep 11 05:28:38 +0000 2011","favourites_count":81,"utc_offset":-36000,"time_zone":"Hawaii","geo_enabled":false,"verified":false,"statuses_count":17763,"lang":"ja","contributors_enabled":false,"is_translator":false,"is_translation_enabled":false,"profile_background_color":"C0DEED","profile_background_image_url":"http://abs.twimg.com/images/themes/theme1/bg.png","profile_background_image_url_https":"https://abs.twimg.com/images/themes/theme1/bg.png","profile_background_tile":false,"profile_image_url":"http://pbs.twimg.com/profile_images/816265444092841984/D2oKnB38_normal.jpg","profile_image_url_https":"https://pbs.twimg.com/profile_images/816265444092841984/D2oKnB38_normal.jpg","profile_banner_url":"https://pbs.twimg.com/profile_banners/371610505/1478561702","profile_link_color":"1DA1F2","profile_sidebar_border_color":"C0DEED","profile_sidebar_fill_color":"DDEEF6","profile_text_color":"333333","profile_use_background_image":true,"has_extended_profile":true,"default_profile":true,"default_profile_image":false,"following":false,"follow_request_sent":false,"notifications":false,"translator_type":"none"},"geo":null,"coordinates":null,"place":null,"contributors":null,"is_quote_status":false,"retweet_count":587,"favorite_count":2004,"favorited":false,"retweeted":false,"possibly_sensitive":false,"lang":"ja"},{"created_at":"Wed Jul 19 13:51:21 +0000 2017","id":887671204705783800,"id_str":"887671204705783808","text":"私が女の子と一緒にいるなんて #意外にマンゴー https://t.co/0wYahkqByw","truncated":false,"entities":{"hashtags":[{"text":"意外にマンゴー","indices":[15,23]}],"symbols":[],"user_mentions":[],"urls":[],"media":[{"id":887671191665729500,"id_str":"887671191665729536","indices":[24,47],"media_url":"http://pbs.twimg.com/media/DFGkPuiVYAADP3q.jpg","media_url_https":"https://pbs.twimg.com/media/DFGkPuiVYAADP3q.jpg","url":"https://t.co/0wYahkqByw","display_url":"pic.twitter.com/0wYahkqByw","expanded_url":"https://twitter.com/dandieno/status/887671204705783808/photo/1","type":"photo","sizes":{"medium":{"w":1200,"h":900,"resize":"fit"},"thumb":{"w":150,"h":150,"resize":"crop"},"small":{"w":680,"h":510,"resize":"fit"},"large":{"w":2048,"h":1536,"resize":"fit"}}}]},"extended_entities":{"media":[{"id":887671191665729500,"id_str":"887671191665729536","indices":[24,47],"media_url":"http://pbs.twimg.com/media/DFGkPuiVYAADP3q.jpg","media_url_https":"https://pbs.twimg.com/media/DFGkPuiVYAADP3q.jpg","url":"https://t.co/0wYahkqByw","display_url":"pic.twitter.com/0wYahkqByw","expanded_url":"https://twitter.com/dandieno/status/887671204705783808/photo/1","type":"photo","sizes":{"medium":{"w":1200,"h":900,"resize":"fit"},"thumb":{"w":150,"h":150,"resize":"crop"},"small":{"w":680,"h":510,"resize":"fit"},"large":{"w":2048,"h":1536,"resize":"fit"}}}]},"metadata":{"iso_language_code":"ja","result_type":"recent"},"source":"<a href=\"http://twitter.com/download/iphone\" rel=\"nofollow\">Twitter for iPhone</a>","in_reply_to_status_id":null,"in_reply_to_status_id_str":null,"in_reply_to_user_id":null,"in_reply_to_user_id_str":null,"in_reply_to_screen_name":null,"user":{"id":110345683,"id_str":"110345683","name":"男色ディーノ","screen_name":"dandieno","location":"日本","description":"ゲイレスラーです。いい奴だと思われたいのでツイッターでは思ってなくても熱いこと言っとこうと決めました。好感度NO.1を目指します！","url":null,"entities":{"description":{"urls":[]}},"protected":false,"followers_count":24795,"friends_count":4,"listed_count":1007,"created_at":"Mon Feb 01 06:24:05 +0000 2010","favourites_count":3,"utc_offset":null,"time_zone":null,"geo_enabled":true,"verified":false,"statuses_count":2156,"lang":"ja","contributors_enabled":false,"is_translator":false,"is_translation_enabled":false,"profile_background_color":"C0DEED","profile_background_image_url":"http://pbs.twimg.com/profile_background_images/71548888/dieno.jpg","profile_background_image_url_https":"https://pbs.twimg.com/profile_background_images/71548888/dieno.jpg","profile_background_tile":true,"profile_image_url":"http://pbs.twimg.com/profile_images/830055236559523840/EcicKjUq_normal.jpg","profile_image_url_https":"https://pbs.twimg.com/profile_images/830055236559523840/EcicKjUq_normal.jpg","profile_banner_url":"https://pbs.twimg.com/profile_banners/110345683/1499759901","profile_link_color":"0084B4","profile_sidebar_border_color":"C0DEED","profile_sidebar_fill_color":"DDEEF6","profile_text_color":"333333","profile_use_background_image":true,"has_extended_profile":false,"default_profile":false,"default_profile_image":false,"following":false,"follow_request_sent":false,"notifications":false,"translator_type":"none"},"geo":null,"coordinates":null,"place":null,"contributors":null,"is_quote_status":false,"retweet_count":771,"favorite_count":1116,"favorited":false,"retweeted":false,"possibly_sensitive":false,"lang":"ja"},{"created_at":"Wed Jul 19 13:46:17 +0000 2017","id":887669926068076500,"id_str":"887669926068076544","text":"丸雛の記念写真が可愛い最優秀賞受賞… https://t.co/5AsYIkghlq","truncated":false,"entities":{"hashtags":[],"symbols":[],"user_mentions":[],"urls":[],"media":[{"id":887669910159085600,"id_str":"887669910159085568","indices":[19,42],"media_url":"http://pbs.twimg.com/media/DFGjFIjV0AACU1K.jpg","media_url_https":"https://pbs.twimg.com/media/DFGjFIjV0AACU1K.jpg","url":"https://t.co/5AsYIkghlq","display_url":"pic.twitter.com/5AsYIkghlq","expanded_url":"https://twitter.com/ke8574/status/887669926068076544/photo/1","type":"photo","sizes":{"large":{"w":2048,"h":1152,"resize":"fit"},"thumb":{"w":150,"h":150,"resize":"crop"},"medium":{"w":1200,"h":675,"resize":"fit"},"small":{"w":680,"h":383,"resize":"fit"}}}]},"extended_entities":{"media":[{"id":887669910159085600,"id_str":"887669910159085568","indices":[19,42],"media_url":"http://pbs.twimg.com/media/DFGjFIjV0AACU1K.jpg","media_url_https":"https://pbs.twimg.com/media/DFGjFIjV0AACU1K.jpg","url":"https://t.co/5AsYIkghlq","display_url":"pic.twitter.com/5AsYIkghlq","expanded_url":"https://twitter.com/ke8574/status/887669926068076544/photo/1","type":"photo","sizes":{"large":{"w":2048,"h":1152,"resize":"fit"},"thumb":{"w":150,"h":150,"resize":"crop"},"medium":{"w":1200,"h":675,"resize":"fit"},"small":{"w":680,"h":383,"resize":"fit"}}}]},"metadata":{"iso_language_code":"ja","result_type":"recent"},"source":"<a href=\"http://twitter.com/download/iphone\" rel=\"nofollow\">Twitter for iPhone</a>","in_reply_to_status_id":null,"in_reply_to_status_id_str":null,"in_reply_to_user_id":null,"in_reply_to_user_id_str":null,"in_reply_to_screen_name":null,"user":{"id":310086897,"id_str":"310086897","name":"椎名","screen_name":"ke8574","location":"","description":"90年/大倉担。人により程度は異なりますが、その計画により関ジャニ∞への依存が生じます。実況(ネタバレ注意)多め。Mr.Children/娘。/椎名林檎さん/キュウソネコカミ/SHISHAMO。TLを追いきれないためフォロバはお休みしています。","url":null,"entities":{"description":{"urls":[]}},"protected":false,"followers_count":90031,"friends_count":149,"listed_count":668,"created_at":"Fri Jun 03 05:16:44 +0000 2011","favourites_count":1980,"utc_offset":32400,"time_zone":"Tokyo","geo_enabled":false,"verified":false,"statuses_count":42671,"lang":"ja","contributors_enabled":false,"is_translator":false,"is_translation_enabled":false,"profile_background_color":"C0DEED","profile_background_image_url":"http://abs.twimg.com/images/themes/theme1/bg.png","profile_background_image_url_https":"https://abs.twimg.com/images/themes/theme1/bg.png","profile_background_tile":false,"profile_image_url":"http://pbs.twimg.com/profile_images/2640210159/7026661ebada91bb86f392f1832d71b9_normal.jpeg","profile_image_url_https":"https://pbs.twimg.com/profile_images/2640210159/7026661ebada91bb86f392f1832d71b9_normal.jpeg","profile_banner_url":"https://pbs.twimg.com/profile_banners/310086897/1497027005","profile_link_color":"1DA1F2","profile_sidebar_border_color":"C0DEED","profile_sidebar_fill_color":"DDEEF6","profile_text_color":"333333","profile_use_background_image":true,"has_extended_profile":false,"default_profile":true,"default_profile_image":false,"following":false,"follow_request_sent":false,"notifications":false,"translator_type":"none"},"geo":null,"coordinates":null,"place":null,"contributors":null,"is_quote_status":false,"retweet_count":647,"favorite_count":1816,"favorited":false,"retweeted":false,"possibly_sensitive":false,"lang":"ja"},{"created_at":"Wed Jul 19 13:45:34 +0000 2017","id":887669747768205300,"id_str":"887669747768205314","text":"男と女。 https://t.co/agYw8XpWBw","truncated":false,"entities":{"hashtags":[],"symbols":[],"user_mentions":[],"urls":[],"media":[{"id":887669705158180900,"id_str":"887669705158180864","indices":[5,28],"media_url":"http://pbs.twimg.com/media/DFGi5M3UQAAMGGO.jpg","media_url_https":"https://pbs.twimg.com/media/DFGi5M3UQAAMGGO.jpg","url":"https://t.co/agYw8XpWBw","display_url":"pic.twitter.com/agYw8XpWBw","expanded_url":"https://twitter.com/joker_budou/status/887669747768205314/photo/1","type":"photo","sizes":{"thumb":{"w":150,"h":150,"resize":"crop"},"small":{"w":516,"h":313,"resize":"fit"},"large":{"w":516,"h":313,"resize":"fit"},"medium":{"w":516,"h":313,"resize":"fit"}}}]},"extended_entities":{"media":[{"id":887669705158180900,"id_str":"887669705158180864","indices":[5,28],"media_url":"http://pbs.twimg.com/media/DFGi5M3UQAAMGGO.jpg","media_url_https":"https://pbs.twimg.com/media/DFGi5M3UQAAMGGO.jpg","url":"https://t.co/agYw8XpWBw","display_url":"pic.twitter.com/agYw8XpWBw","expanded_url":"https://twitter.com/joker_budou/status/887669747768205314/photo/1","type":"photo","sizes":{"thumb":{"w":150,"h":150,"resize":"crop"},"small":{"w":516,"h":313,"resize":"fit"},"large":{"w":516,"h":313,"resize":"fit"},"medium":{"w":516,"h":313,"resize":"fit"}}},{"id":887669705166671900,"id_str":"887669705166671873","indices":[5,28],"media_url":"http://pbs.twimg.com/media/DFGi5M5V0AEyuZd.jpg","media_url_https":"https://pbs.twimg.com/media/DFGi5M5V0AEyuZd.jpg","url":"https://t.co/agYw8XpWBw","display_url":"pic.twitter.com/agYw8XpWBw","expanded_url":"https://twitter.com/joker_budou/status/887669747768205314/photo/1","type":"photo","sizes":{"large":{"w":607,"h":371,"resize":"fit"},"small":{"w":607,"h":371,"resize":"fit"},"medium":{"w":607,"h":371,"resize":"fit"},"thumb":{"w":150,"h":150,"resize":"crop"}}},{"id":887669705170759700,"id_str":"887669705170759682","indices":[5,28],"media_url":"http://pbs.twimg.com/media/DFGi5M6UMAIfB2t.jpg","media_url_https":"https://pbs.twimg.com/media/DFGi5M6UMAIfB2t.jpg","url":"https://t.co/agYw8XpWBw","display_url":"pic.twitter.com/agYw8XpWBw","expanded_url":"https://twitter.com/joker_budou/status/887669747768205314/photo/1","type":"photo","sizes":{"thumb":{"w":150,"h":150,"resize":"crop"},"large":{"w":561,"h":305,"resize":"fit"},"medium":{"w":561,"h":305,"resize":"fit"},"small":{"w":561,"h":305,"resize":"fit"}}},{"id":887669705191727100,"id_str":"887669705191727104","indices":[5,28],"media_url":"http://pbs.twimg.com/media/DFGi5M_UIAAI-Og.jpg","media_url_https":"https://pbs.twimg.com/media/DFGi5M_UIAAI-Og.jpg","url":"https://t.co/agYw8XpWBw","display_url":"pic.twitter.com/agYw8XpWBw","expanded_url":"https://twitter.com/joker_budou/status/887669747768205314/photo/1","type":"photo","sizes":{"large":{"w":534,"h":353,"resize":"fit"},"small":{"w":534,"h":353,"resize":"fit"},"medium":{"w":534,"h":353,"resize":"fit"},"thumb":{"w":150,"h":150,"resize":"crop"}}}]},"metadata":{"iso_language_code":"ja","result_type":"recent"},"source":"<a href=\"http://twitter.com/download/iphone\" rel=\"nofollow\">Twitter for iPhone</a>","in_reply_to_status_id":null,"in_reply_to_status_id_str":null,"in_reply_to_user_id":null,"in_reply_to_user_id_str":null,"in_reply_to_screen_name":null,"user":{"id":4266191599,"id_str":"4266191599","name":"うたさん","screen_name":"joker_budou","location":"とうきょう","description":"フォローすると幸せになります。Follow Me.","url":null,"entities":{"description":{"urls":[]}},"protected":false,"followers_count":187385,"friends_count":99999,"listed_count":507,"created_at":"Tue Nov 17 09:13:48 +0000 2015","favourites_count":10010,"utc_offset":-25200,"time_zone":"Pacific Time (US & Canada)","geo_enabled":true,"verified":false,"statuses_count":4088,"lang":"ja","contributors_enabled":false,"is_translator":false,"is_translation_enabled":false,"profile_background_color":"C0DEED","profile_background_image_url":"http://abs.twimg.com/images/themes/theme1/bg.png","profile_background_image_url_https":"https://abs.twimg.com/images/themes/theme1/bg.png","profile_background_tile":false,"profile_image_url":"http://pbs.twimg.com/profile_images/825428894207447040/KpiUnrup_normal.jpg","profile_image_url_https":"https://pbs.twimg.com/profile_images/825428894207447040/KpiUnrup_normal.jpg","profile_banner_url":"https://pbs.twimg.com/profile_banners/4266191599/1485632999","profile_link_color":"1DA1F2","profile_sidebar_border_color":"C0DEED","profile_sidebar_fill_color":"DDEEF6","profile_text_color":"333333","profile_use_background_image":true,"has_extended_profile":false,"default_profile":true,"default_profile_image":false,"following":false,"follow_request_sent":false,"notifications":false,"translator_type":"none"},"geo":null,"coordinates":null,"place":null,"contributors":null,"is_quote_status":false,"retweet_count":964,"favorite_count":2773,"favorited":false,"retweeted":false,"possibly_sensitive":false,"lang":"ja"},{"created_at":"Wed Jul 19 13:43:12 +0000 2017","id":887669150176247800,"id_str":"887669150176247810","text":"身を削る https://t.co/Lidxd3x7Qi","truncated":false,"entities":{"hashtags":[],"symbols":[],"user_mentions":[],"urls":[],"media":[{"id":887668950271537200,"id_str":"887668950271537153","indices":[5,28],"media_url":"http://pbs.twimg.com/media/DFGiNQsUMAEhGl0.jpg","media_url_https":"https://pbs.twimg.com/media/DFGiNQsUMAEhGl0.jpg","url":"https://t.co/Lidxd3x7Qi","display_url":"pic.twitter.com/Lidxd3x7Qi","expanded_url":"https://twitter.com/avogado6/status/887669150176247810/photo/1","type":"photo","sizes":{"small":{"w":680,"h":680,"resize":"fit"},"thumb":{"w":150,"h":150,"resize":"crop"},"large":{"w":800,"h":800,"resize":"fit"},"medium":{"w":800,"h":800,"resize":"fit"}}}]},"extended_entities":{"media":[{"id":887668950271537200,"id_str":"887668950271537153","indices":[5,28],"media_url":"http://pbs.twimg.com/media/DFGiNQsUMAEhGl0.jpg","media_url_https":"https://pbs.twimg.com/media/DFGiNQsUMAEhGl0.jpg","url":"https://t.co/Lidxd3x7Qi","display_url":"pic.twitter.com/Lidxd3x7Qi","expanded_url":"https://twitter.com/avogado6/status/887669150176247810/photo/1","type":"photo","sizes":{"small":{"w":680,"h":680,"resize":"fit"},"thumb":{"w":150,"h":150,"resize":"crop"},"large":{"w":800,"h":800,"resize":"fit"},"medium":{"w":800,"h":800,"resize":"fit"}}}]},"metadata":{"iso_language_code":"ja","result_type":"recent"},"source":"<a href=\"http://twitter.com\" rel=\"nofollow\">Twitter Web Client</a>","in_reply_to_status_id":null,"in_reply_to_status_id_str":null,"in_reply_to_user_id":null,"in_reply_to_user_id_str":null,"in_reply_to_screen_name":null,"user":{"id":324391547,"id_str":"324391547","name":"アボガド6","screen_name":"avogado6","location":"","description":"化学が好きな一般人です。映像作品とか創ってます。http://t.co/ipBsbge0ll","url":"http://t.co/EiHogSmY2Z","entities":{"url":{"urls":[{"url":"http://t.co/EiHogSmY2Z","expanded_url":"http://avogado6.wix.com/6022e-plus20","display_url":"avogado6.wix.com/6022e-plus20","indices":[0,22]}]},"description":{"urls":[{"url":"http://t.co/ipBsbge0ll","expanded_url":"http://www.nicovideo.jp/mylist/28725264","display_url":"nicovideo.jp/mylist/28725264","indices":[24,46]}]}},"protected":false,"followers_count":229499,"friends_count":27,"listed_count":1927,"created_at":"Sun Jun 26 14:46:50 +0000 2011","favourites_count":36,"utc_offset":-25200,"time_zone":"Pacific Time (US & Canada)","geo_enabled":false,"verified":false,"statuses_count":3212,"lang":"ja","contributors_enabled":false,"is_translator":false,"is_translation_enabled":false,"profile_background_color":"000000","profile_background_image_url":"http://pbs.twimg.com/profile_background_images/873958585/01311c34236282338aeee06442317e97.jpeg","profile_background_image_url_https":"https://pbs.twimg.com/profile_background_images/873958585/01311c34236282338aeee06442317e97.jpeg","profile_background_tile":false,"profile_image_url":"http://pbs.twimg.com/profile_images/715865999673675777/imuBDN9A_normal.jpg","profile_image_url_https":"https://pbs.twimg.com/profile_images/715865999673675777/imuBDN9A_normal.jpg","profile_banner_url":"https://pbs.twimg.com/profile_banners/324391547/1431398698","profile_link_color":"8F0072","profile_sidebar_border_color":"FFFFFF","profile_sidebar_fill_color":"FFFFFF","profile_text_color":"333333","profile_use_background_image":true,"has_extended_profile":false,"default_profile":false,"default_profile_image":false,"following":false,"follow_request_sent":false,"notifications":false,"translator_type":"none"},"geo":null,"coordinates":null,"place":null,"contributors":null,"is_quote_status":false,"retweet_count":3593,"favorite_count":11343,"favorited":false,"retweeted":false,"possibly_sensitive":false,"lang":"ja"},{"created_at":"Wed Jul 19 13:38:56 +0000 2017","id":887668078670094300,"id_str":"887668078670094336","text":"すれ違う男女は\n\n異性しか見ないのだろうか\n\n異性からの〜同性\n\n同性からの〜異性\n\nこんなとこですかね？\n\nそう\n\nすれ違ってるのは男女ではなく\n\nアナタです！！ପ(⑅ˊᵕˋ⑅)ଓ","truncated":false,"entities":{"hashtags":[],"symbols":[],"user_mentions":[],"urls":[]},"metadata":{"iso_language_code":"ja","result_type":"recent"},"source":"<a href=\"http://twipple.jp/\" rel=\"nofollow\">ついっぷる for iPhone</a>","in_reply_to_status_id":null,"in_reply_to_status_id_str":null,"in_reply_to_user_id":null,"in_reply_to_user_id_str":null,"in_reply_to_screen_name":null,"user":{"id":451457423,"id_str":"451457423","name":"吉野裕行","screen_name":"_yocchin_______","location":"Earth","description":"御無沙汰しております。 シグマ・セブンの吉野裕行です。 6年目もつぶやく。 ひっそり始めた2012年。 まさかの13年。14年ブラジルW杯・15年LIVE 燃え尽きた。16年ツアーに挑み、17年修行続行…いつだってenjoy〜ハロカツ！","url":null,"entities":{"description":{"urls":[]}},"protected":false,"followers_count":240036,"friends_count":0,"listed_count":7823,"created_at":"Sat Dec 31 13:35:24 +0000 2011","favourites_count":7,"utc_offset":32400,"time_zone":"Tokyo","geo_enabled":false,"verified":false,"statuses_count":1820,"lang":"ja","contributors_enabled":false,"is_translator":false,"is_translation_enabled":false,"profile_background_color":"C0DEED","profile_background_image_url":"http://abs.twimg.com/images/themes/theme1/bg.png","profile_background_image_url_https":"https://abs.twimg.com/images/themes/theme1/bg.png","profile_background_tile":false,"profile_image_url":"http://pbs.twimg.com/profile_images/769913890889084929/0g78497k_normal.png","profile_image_url_https":"https://pbs.twimg.com/profile_images/769913890889084929/0g78497k_normal.png","profile_link_color":"1DA1F2","profile_sidebar_border_color":"C0DEED","profile_sidebar_fill_color":"DDEEF6","profile_text_color":"333333","profile_use_background_image":true,"has_extended_profile":false,"default_profile":true,"default_profile_image":false,"following":false,"follow_request_sent":false,"notifications":false,"translator_type":"none"},"geo":null,"coordinates":null,"place":null,"contributors":null,"is_quote_status":false,"retweet_count":917,"favorite_count":2524,"favorited":false,"retweeted":false,"lang":"ja"},{"created_at":"Wed Jul 19 13:35:31 +0000 2017","id":887667219643027500,"id_str":"887667219643027456","text":"水曜ヨーソロー～表紙(仮)２～ https://t.co/P6MCFFt716","truncated":false,"entities":{"hashtags":[],"symbols":[],"user_mentions":[],"urls":[],"media":[{"id":887666922082377700,"id_str":"887666922082377728","indices":[16,39],"media_url":"http://pbs.twimg.com/media/DFGgXNGVoAAkgvU.jpg","media_url_https":"https://pbs.twimg.com/media/DFGgXNGVoAAkgvU.jpg","url":"https://t.co/P6MCFFt716","display_url":"pic.twitter.com/P6MCFFt716","expanded_url":"https://twitter.com/sankuro396/status/887667219643027456/photo/1","type":"photo","sizes":{"large":{"w":900,"h":1292,"resize":"fit"},"small":{"w":474,"h":680,"resize":"fit"},"thumb":{"w":150,"h":150,"resize":"crop"},"medium":{"w":836,"h":1200,"resize":"fit"}}}]},"extended_entities":{"media":[{"id":887666922082377700,"id_str":"887666922082377728","indices":[16,39],"media_url":"http://pbs.twimg.com/media/DFGgXNGVoAAkgvU.jpg","media_url_https":"https://pbs.twimg.com/media/DFGgXNGVoAAkgvU.jpg","url":"https://t.co/P6MCFFt716","display_url":"pic.twitter.com/P6MCFFt716","expanded_url":"https://twitter.com/sankuro396/status/887667219643027456/photo/1","type":"photo","sizes":{"large":{"w":900,"h":1292,"resize":"fit"},"small":{"w":474,"h":680,"resize":"fit"},"thumb":{"w":150,"h":150,"resize":"crop"},"medium":{"w":836,"h":1200,"resize":"fit"}}}]},"metadata":{"iso_language_code":"ja","result_type":"recent"},"source":"<a href=\"http://twitter.com\" rel=\"nofollow\">Twitter Web Client</a>","in_reply_to_status_id":null,"in_reply_to_status_id_str":null,"in_reply_to_user_id":null,"in_reply_to_user_id_str":null,"in_reply_to_screen_name":null,"user":{"id":115673821,"id_str":"115673821","name":"三九呂＠3日目ラ45a","screen_name":"sankuro396","location":"ヒバリーヒルズ","description":"漫画とかイラストとか描いてます。最近は原画家もやってます。","url":"http://t.co/6iYWlccCkl","entities":{"url":{"urls":[{"url":"http://t.co/6iYWlccCkl","expanded_url":"http://agoi.web.fc2.com/","display_url":"agoi.web.fc2.com","indices":[0,22]}]},"description":{"urls":[]}},"protected":false,"followers_count":41352,"friends_count":154,"listed_count":1068,"created_at":"Fri Feb 19 14:17:26 +0000 2010","favourites_count":633,"utc_offset":-36000,"time_zone":"Hawaii","geo_enabled":false,"verified":false,"statuses_count":3835,"lang":"ja","contributors_enabled":false,"is_translator":false,"is_translation_enabled":false,"profile_background_color":"C0DEED","profile_background_image_url":"http://pbs.twimg.com/profile_background_images/666431497/22313a5c841002aefd56f27037ea8fb3.jpeg","profile_background_image_url_https":"https://pbs.twimg.com/profile_background_images/666431497/22313a5c841002aefd56f27037ea8fb3.jpeg","profile_background_tile":true,"profile_image_url":"http://pbs.twimg.com/profile_images/633934933342355456/KeLIODiU_normal.jpg","profile_image_url_https":"https://pbs.twimg.com/profile_images/633934933342355456/KeLIODiU_normal.jpg","profile_banner_url":"https://pbs.twimg.com/profile_banners/115673821/1487636150","profile_link_color":"0084B4","profile_sidebar_border_color":"FFFFFF","profile_sidebar_fill_color":"DDEEF6","profile_text_color":"333333","profile_use_background_image":true,"has_extended_profile":false,"default_profile":false,"default_profile_image":false,"following":false,"follow_request_sent":false,"notifications":false,"translator_type":"none"},"geo":null,"coordinates":null,"place":null,"contributors":null,"is_quote_status":false,"retweet_count":1076,"favorite_count":2496,"favorited":false,"retweeted":false,"possibly_sensitive":false,"lang":"ja"},{"created_at":"Wed Jul 19 13:33:49 +0000 2017","id":887666792193114100,"id_str":"887666792193114115","text":"「キミはオレが嫌い？」 https://t.co/PtCbv9dWg7","truncated":false,"entities":{"hashtags":[],"symbols":[],"user_mentions":[],"urls":[],"media":[{"id":887666749256081400,"id_str":"887666749256081408","indices":[12,35],"media_url":"http://pbs.twimg.com/media/DFGgNJRVoAApgwv.jpg","media_url_https":"https://pbs.twimg.com/media/DFGgNJRVoAApgwv.jpg","url":"https://t.co/PtCbv9dWg7","display_url":"pic.twitter.com/PtCbv9dWg7","expanded_url":"https://twitter.com/moa151/status/887666792193114115/photo/1","type":"photo","sizes":{"medium":{"w":502,"h":280,"resize":"fit"},"small":{"w":502,"h":280,"resize":"fit"},"thumb":{"w":150,"h":150,"resize":"crop"},"large":{"w":502,"h":280,"resize":"fit"}}}]},"extended_entities":{"media":[{"id":887666749256081400,"id_str":"887666749256081408","indices":[12,35],"media_url":"http://pbs.twimg.com/media/DFGgNJRVoAApgwv.jpg","media_url_https":"https://pbs.twimg.com/media/DFGgNJRVoAApgwv.jpg","url":"https://t.co/PtCbv9dWg7","display_url":"pic.twitter.com/PtCbv9dWg7","expanded_url":"https://twitter.com/moa151/status/887666792193114115/photo/1","type":"photo","sizes":{"medium":{"w":502,"h":280,"resize":"fit"},"small":{"w":502,"h":280,"resize":"fit"},"thumb":{"w":150,"h":150,"resize":"crop"},"large":{"w":502,"h":280,"resize":"fit"}}}]},"metadata":{"iso_language_code":"ja","result_type":"recent"},"source":"<a href=\"http://twitter.com\" rel=\"nofollow\">Twitter Web Client</a>","in_reply_to_status_id":null,"in_reply_to_status_id_str":null,"in_reply_to_user_id":null,"in_reply_to_user_id_str":null,"in_reply_to_screen_name":null,"user":{"id":114143927,"id_str":"114143927","name":"ポケモア@土曜12日 東Ｍ48-b","screen_name":"moa151","location":"","description":"ポケがつく例の作品が好きなヘンな人です。　自分が描いたファンアートは好きに使ってください。  pixiv→　https://t.co/4bj5rpICWq  個人アカウント→　https://t.co/VATpKBLoWN","url":"http://t.co/ORAD8Fgh7b","entities":{"url":{"urls":[{"url":"http://t.co/ORAD8Fgh7b","expanded_url":"http://www.pokesho.com/","display_url":"pokesho.com","indices":[0,22]}]},"description":{"urls":[{"url":"https://t.co/4bj5rpICWq","expanded_url":"http://www.pixiv.net/member.php?id=3542036","display_url":"pixiv.net/member.php?id=…","indices":[54,77]},{"url":"https://t.co/VATpKBLoWN","expanded_url":"https://twitter.com/caret_egg","display_url":"twitter.com/caret_egg","indices":[88,111]}]}},"protected":false,"followers_count":57639,"friends_count":5237,"listed_count":752,"created_at":"Sun Feb 14 08:42:37 +0000 2010","favourites_count":9438,"utc_offset":32400,"time_zone":"Tokyo","geo_enabled":false,"verified":false,"statuses_count":15141,"lang":"ja","contributors_enabled":false,"is_translator":false,"is_translation_enabled":true,"profile_background_color":"DBE9ED","profile_background_image_url":"http://pbs.twimg.com/profile_background_images/688559879842181120/OrXEUpxN.jpg","profile_background_image_url_https":"https://pbs.twimg.com/profile_background_images/688559879842181120/OrXEUpxN.jpg","profile_background_tile":true,"profile_image_url":"http://pbs.twimg.com/profile_images/378800000487567810/df9e1a1a3ef35463dfa26d2750e06b7b_normal.png","profile_image_url_https":"https://pbs.twimg.com/profile_images/378800000487567810/df9e1a1a3ef35463dfa26d2750e06b7b_normal.png","profile_banner_url":"https://pbs.twimg.com/profile_banners/114143927/1434808286","profile_link_color":"4A913C","profile_sidebar_border_color":"FFFFFF","profile_sidebar_fill_color":"E6F6F9","profile_text_color":"333333","profile_use_background_image":true,"has_extended_profile":true,"default_profile":false,"default_profile_image":false,"following":false,"follow_request_sent":false,"notifications":false,"translator_type":"none"},"geo":null,"coordinates":null,"place":null,"contributors":null,"is_quote_status":false,"retweet_count":587,"favorite_count":864,"favorited":false,"retweeted":false,"possibly_sensitive":false,"lang":"ja"},{"created_at":"Wed Jul 19 13:33:14 +0000 2017","id":887666643324751900,"id_str":"887666643324751874","text":"うーわカープファンーやりよったーwwwwwwwwwwwwwwwwww https://t.co/8njhAFsNUh","truncated":false,"entities":{"hashtags":[],"symbols":[],"user_mentions":[],"urls":[],"media":[{"id":887666621879271400,"id_str":"887666621879271425","indices":[35,58],"media_url":"http://pbs.twimg.com/media/DFGgFuwVwAEPmua.jpg","media_url_https":"https://pbs.twimg.com/media/DFGgFuwVwAEPmua.jpg","url":"https://t.co/8njhAFsNUh","display_url":"pic.twitter.com/8njhAFsNUh","expanded_url":"https://twitter.com/toritani_marin/status/887666643324751874/photo/1","type":"photo","sizes":{"large":{"w":2048,"h":1536,"resize":"fit"},"small":{"w":680,"h":510,"resize":"fit"},"thumb":{"w":150,"h":150,"resize":"crop"},"medium":{"w":1200,"h":900,"resize":"fit"}}}]},"extended_entities":{"media":[{"id":887666621879271400,"id_str":"887666621879271425","indices":[35,58],"media_url":"http://pbs.twimg.com/media/DFGgFuwVwAEPmua.jpg","media_url_https":"https://pbs.twimg.com/media/DFGgFuwVwAEPmua.jpg","url":"https://t.co/8njhAFsNUh","display_url":"pic.twitter.com/8njhAFsNUh","expanded_url":"https://twitter.com/toritani_marin/status/887666643324751874/photo/1","type":"photo","sizes":{"large":{"w":2048,"h":1536,"resize":"fit"},"small":{"w":680,"h":510,"resize":"fit"},"thumb":{"w":150,"h":150,"resize":"crop"},"medium":{"w":1200,"h":900,"resize":"fit"}}}]},"metadata":{"iso_language_code":"ja","result_type":"recent"},"source":"<a href=\"http://twitter.com/download/iphone\" rel=\"nofollow\">Twitter for iPhone</a>","in_reply_to_status_id":null,"in_reply_to_status_id_str":null,"in_reply_to_user_id":null,"in_reply_to_user_id_str":null,"in_reply_to_screen_name":null,"user":{"id":3580116259,"id_str":"3580116259","name":"まりん@7/17~19 甲子園","screen_name":"toritani_marin","location":"6/25 鳥谷に名前付きでｻｲﾝ…♡","description":"❥❥ #1 鳥谷敬 #32 #24 #7❥❥￤2016年：22勝24敗5☔￤ 相方❤《@Rapunzelmisaki》愛人❤《@uepon_4 》￤2017年：強化試合→2勝 OP戦→6勝2敗 公式戦→25勝16敗1☔","url":null,"entities":{"description":{"urls":[]}},"protected":false,"followers_count":1735,"friends_count":419,"listed_count":55,"created_at":"Wed Sep 16 07:02:46 +0000 2015","favourites_count":11251,"utc_offset":null,"time_zone":null,"geo_enabled":false,"verified":false,"statuses_count":17705,"lang":"ja","contributors_enabled":false,"is_translator":false,"is_translation_enabled":false,"profile_background_color":"C0DEED","profile_background_image_url":"http://abs.twimg.com/images/themes/theme1/bg.png","profile_background_image_url_https":"https://abs.twimg.com/images/themes/theme1/bg.png","profile_background_tile":false,"profile_image_url":"http://pbs.twimg.com/profile_images/883359043712045056/WNacfPoJ_normal.jpg","profile_image_url_https":"https://pbs.twimg.com/profile_images/883359043712045056/WNacfPoJ_normal.jpg","profile_banner_url":"https://pbs.twimg.com/profile_banners/3580116259/1494256470","profile_link_color":"1DA1F2","profile_sidebar_border_color":"C0DEED","profile_sidebar_fill_color":"DDEEF6","profile_text_color":"333333","profile_use_background_image":true,"has_extended_profile":true,"default_profile":true,"default_profile_image":false,"following":false,"follow_request_sent":false,"notifications":false,"translator_type":"none"},"geo":null,"coordinates":null,"place":null,"contributors":null,"is_quote_status":false,"retweet_count":468,"favorite_count":339,"favorited":false,"retweeted":false,"possibly_sensitive":false,"lang":"ja"},{"created_at":"Wed Jul 19 13:32:53 +0000 2017","id":887666555504304100,"id_str":"887666555504304128","text":"【オフショット公開📸】\nこちらの中学時代も🙌\n撮影現場では明るい笑顔をありがとうございます😊皆さんの笑顔にスタッフも助けられました☺️\n\n24:59〜「#残酷な観客達」最終回放送です🌟\n\n#欅坂46 #けやき坂46 https://t.co/Y2j4ezBrWg","truncated":false,"entities":{"hashtags":[{"text":"残酷な観客達","indices":[76,83]},{"text":"欅坂46","indices":[94,99]},{"text":"けやき坂46","indices":[100,107]}],"symbols":[],"user_mentions":[],"urls":[],"media":[{"id":887666547468021800,"id_str":"887666547468021761","indices":[108,131],"media_url":"http://pbs.twimg.com/media/DFGgBZjUMAEb2TA.jpg","media_url_https":"https://pbs.twimg.com/media/DFGgBZjUMAEb2TA.jpg","url":"https://t.co/Y2j4ezBrWg","display_url":"pic.twitter.com/Y2j4ezBrWg","expanded_url":"https://twitter.com/kankyakutachi/status/887666555504304128/photo/1","type":"photo","sizes":{"thumb":{"w":150,"h":150,"resize":"crop"},"small":{"w":680,"h":383,"resize":"fit"},"medium":{"w":800,"h":450,"resize":"fit"},"large":{"w":800,"h":450,"resize":"fit"}}}]},"extended_entities":{"media":[{"id":887666547468021800,"id_str":"887666547468021761","indices":[108,131],"media_url":"http://pbs.twimg.com/media/DFGgBZjUMAEb2TA.jpg","media_url_https":"https://pbs.twimg.com/media/DFGgBZjUMAEb2TA.jpg","url":"https://t.co/Y2j4ezBrWg","display_url":"pic.twitter.com/Y2j4ezBrWg","expanded_url":"https://twitter.com/kankyakutachi/status/887666555504304128/photo/1","type":"photo","sizes":{"thumb":{"w":150,"h":150,"resize":"crop"},"small":{"w":680,"h":383,"resize":"fit"},"medium":{"w":800,"h":450,"resize":"fit"},"large":{"w":800,"h":450,"resize":"fit"}}},{"id":887666547468025900,"id_str":"887666547468025856","indices":[108,131],"media_url":"http://pbs.twimg.com/media/DFGgBZjUQAAgOUZ.jpg","media_url_https":"https://pbs.twimg.com/media/DFGgBZjUQAAgOUZ.jpg","url":"https://t.co/Y2j4ezBrWg","display_url":"pic.twitter.com/Y2j4ezBrWg","expanded_url":"https://twitter.com/kankyakutachi/status/887666555504304128/photo/1","type":"photo","sizes":{"medium":{"w":800,"h":600,"resize":"fit"},"thumb":{"w":150,"h":150,"resize":"crop"},"large":{"w":800,"h":600,"resize":"fit"},"small":{"w":680,"h":510,"resize":"fit"}}},{"id":887666547463864300,"id_str":"887666547463864320","indices":[108,131],"media_url":"http://pbs.twimg.com/media/DFGgBZiUwAAaffZ.jpg","media_url_https":"https://pbs.twimg.com/media/DFGgBZiUwAAaffZ.jpg","url":"https://t.co/Y2j4ezBrWg","display_url":"pic.twitter.com/Y2j4ezBrWg","expanded_url":"https://twitter.com/kankyakutachi/status/887666555504304128/photo/1","type":"photo","sizes":{"large":{"w":600,"h":800,"resize":"fit"},"thumb":{"w":150,"h":150,"resize":"crop"},"medium":{"w":600,"h":800,"resize":"fit"},"small":{"w":510,"h":680,"resize":"fit"}}},{"id":887666547463864300,"id_str":"887666547463864322","indices":[108,131],"media_url":"http://pbs.twimg.com/media/DFGgBZiUwAIHQug.jpg","media_url_https":"https://pbs.twimg.com/media/DFGgBZiUwAIHQug.jpg","url":"https://t.co/Y2j4ezBrWg","display_url":"pic.twitter.com/Y2j4ezBrWg","expanded_url":"https://twitter.com/kankyakutachi/status/887666555504304128/photo/1","type":"photo","sizes":{"small":{"w":510,"h":680,"resize":"fit"},"medium":{"w":600,"h":800,"resize":"fit"},"thumb":{"w":150,"h":150,"resize":"crop"},"large":{"w":600,"h":800,"resize":"fit"}}}]},"metadata":{"iso_language_code":"ja","result_type":"recent"},"source":"<a href=\"http://twitter.com/download/iphone\" rel=\"nofollow\">Twitter for iPhone</a>","in_reply_to_status_id":null,"in_reply_to_status_id_str":null,"in_reply_to_user_id":null,"in_reply_to_user_id_str":null,"in_reply_to_screen_name":null,"user":{"id":852388444584030200,"id_str":"852388444584030209","name":"連続ドラマ「残酷な観客達」公式","screen_name":"kankyakutachi","location":"","description":"欅坂46主演・連続ドラマ「残酷な観客達」2017年5月18日より毎週木曜午前0:59〜（水曜深夜）、日本テレビにて放送スタート！※都合により放送時間は変更の可能性がございます。 【欅坂46総出演のミステリー、始動。】 ▶︎企画・原作：秋元 康 ▶︎脚本：矢島弘一 ▶︎主題歌：欅坂46「エキセントリック」","url":"https://t.co/pGOCIR6Ohk","entities":{"url":{"urls":[{"url":"https://t.co/pGOCIR6Ohk","expanded_url":"http://www.ntv.co.jp/kankyakutachi/","display_url":"ntv.co.jp/kankyakutachi/","indices":[0,23]}]},"description":{"urls":[]}},"protected":false,"followers_count":35437,"friends_count":3,"listed_count":148,"created_at":"Thu Apr 13 05:10:16 +0000 2017","favourites_count":6,"utc_offset":null,"time_zone":null,"geo_enabled":true,"verified":false,"statuses_count":142,"lang":"ja","contributors_enabled":false,"is_translator":false,"is_translation_enabled":false,"profile_background_color":"F5F8FA","profile_background_image_url":null,"profile_background_image_url_https":null,"profile_background_tile":false,"profile_image_url":"http://pbs.twimg.com/profile_images/861871169602895874/n503lExT_normal.jpg","profile_image_url_https":"https://pbs.twimg.com/profile_images/861871169602895874/n503lExT_normal.jpg","profile_banner_url":"https://pbs.twimg.com/profile_banners/852388444584030209/1494321076","profile_link_color":"1DA1F2","profile_sidebar_border_color":"C0DEED","profile_sidebar_fill_color":"DDEEF6","profile_text_color":"333333","profile_use_background_image":true,"has_extended_profile":false,"default_profile":true,"default_profile_image":false,"following":false,"follow_request_sent":false,"notifications":false,"translator_type":"none"},"geo":null,"coordinates":null,"place":null,"contributors":null,"is_quote_status":false,"retweet_count":535,"favorite_count":1964,"favorited":false,"retweeted":false,"possibly_sensitive":false,"lang":"ja"},{"created_at":"Wed Jul 19 13:31:33 +0000 2017","id":887666219704135700,"id_str":"887666219704135681","text":"DANCE EARTH PARTYさんがモデルプレスに来社😍新曲秘話やE-girls LIVE 2017の裏側も！たっぷりと語ってもらったインタビューは後日配信\n\n関連記事一覧⇒https://t.co/00dH1Kj1u3… https://t.co/FAQuLYVj4n","truncated":true,"entities":{"hashtags":[],"symbols":[],"user_mentions":[],"urls":[{"url":"https://t.co/00dH1Kj1u3","expanded_url":"https://mdpr.jp/model/detail/1872","display_url":"mdpr.jp/model/detail/1…","indices":[89,112]},{"url":"https://t.co/FAQuLYVj4n","expanded_url":"https://twitter.com/i/web/status/887666219704135681","display_url":"twitter.com/i/web/status/8…","indices":[114,137]}]},"metadata":{"iso_language_code":"ja","result_type":"recent"},"source":"<a href=\"http://twitter.com\" rel=\"nofollow\">Twitter Web Client</a>","in_reply_to_status_id":null,"in_reply_to_status_id_str":null,"in_reply_to_user_id":null,"in_reply_to_user_id_str":null,"in_reply_to_screen_name":null,"user":{"id":142921471,"id_str":"142921471","name":"モデルプレス","screen_name":"modelpress","location":"TOKYO,JAPAN","description":"日本最大級の女性向けエンタメ＆ライフスタイルニュースサイト。ファッション、モデル、恋愛、ヘア、コスメ、ダイエット、ディズニー、カフェ、ドラマ、映画、音楽、海外セレブ、女子旅の最新情報をお届け","url":"https://t.co/5eMAE7fr2T","entities":{"url":{"urls":[{"url":"https://t.co/5eMAE7fr2T","expanded_url":"http://mdpr.jp/","display_url":"mdpr.jp","indices":[0,23]}]},"description":{"urls":[]}},"protected":false,"followers_count":1058952,"friends_count":168017,"listed_count":5246,"created_at":"Wed May 12 03:06:36 +0000 2010","favourites_count":8,"utc_offset":32400,"time_zone":"Tokyo","geo_enabled":true,"verified":true,"statuses_count":166743,"lang":"ja","contributors_enabled":false,"is_translator":false,"is_translation_enabled":false,"profile_background_color":"FAFAFA","profile_background_image_url":"http://abs.twimg.com/images/themes/theme15/bg.png","profile_background_image_url_https":"https://abs.twimg.com/images/themes/theme15/bg.png","profile_background_tile":false,"profile_image_url":"http://pbs.twimg.com/profile_images/876655035043545088/mH8EijPm_normal.jpg","profile_image_url_https":"https://pbs.twimg.com/profile_images/876655035043545088/mH8EijPm_normal.jpg","profile_banner_url":"https://pbs.twimg.com/profile_banners/142921471/1486948630","profile_link_color":"FA0A4E","profile_sidebar_border_color":"FFFFFF","profile_sidebar_fill_color":"000000","profile_text_color":"FFFFFF","profile_use_background_image":false,"has_extended_profile":false,"default_profile":false,"default_profile_image":false,"following":false,"follow_request_sent":false,"notifications":false,"translator_type":"none"},"geo":null,"coordinates":null,"place":null,"contributors":null,"is_quote_status":false,"retweet_count":782,"favorite_count":4141,"favorited":false,"retweeted":false,"possibly_sensitive":false,"lang":"ja"},{"created_at":"Wed Jul 19 13:30:15 +0000 2017","id":887665893399867400,"id_str":"887665893399867393","text":"懐かしいひとが描きたくなったので🐻 https://t.co/M1whQHLDkP","truncated":false,"entities":{"hashtags":[],"symbols":[],"user_mentions":[],"urls":[],"media":[{"id":887665550670798800,"id_str":"887665550670798848","indices":[18,41],"media_url":"http://pbs.twimg.com/media/DFGfHYMVoAAxc37.jpg","media_url_https":"https://pbs.twimg.com/media/DFGfHYMVoAAxc37.jpg","url":"https://t.co/M1whQHLDkP","display_url":"pic.twitter.com/M1whQHLDkP","expanded_url":"https://twitter.com/kilacco/status/887665893399867393/photo/1","type":"photo","sizes":{"medium":{"w":526,"h":741,"resize":"fit"},"thumb":{"w":150,"h":150,"resize":"crop"},"large":{"w":526,"h":741,"resize":"fit"},"small":{"w":483,"h":680,"resize":"fit"}}}]},"extended_entities":{"media":[{"id":887665550670798800,"id_str":"887665550670798848","indices":[18,41],"media_url":"http://pbs.twimg.com/media/DFGfHYMVoAAxc37.jpg","media_url_https":"https://pbs.twimg.com/media/DFGfHYMVoAAxc37.jpg","url":"https://t.co/M1whQHLDkP","display_url":"pic.twitter.com/M1whQHLDkP","expanded_url":"https://twitter.com/kilacco/status/887665893399867393/photo/1","type":"photo","sizes":{"medium":{"w":526,"h":741,"resize":"fit"},"thumb":{"w":150,"h":150,"resize":"crop"},"large":{"w":526,"h":741,"resize":"fit"},"small":{"w":483,"h":680,"resize":"fit"}}}]},"metadata":{"iso_language_code":"ja","result_type":"recent"},"source":"<a href=\"https://about.twitter.com/products/tweetdeck\" rel=\"nofollow\">TweetDeck</a>","in_reply_to_status_id":null,"in_reply_to_status_id_str":null,"in_reply_to_user_id":null,"in_reply_to_user_id_str":null,"in_reply_to_screen_name":null,"user":{"id":73876548,"id_str":"73876548","name":"🐰いぬきら🐰","screen_name":"kilacco","location":"","description":"◆狗神煌。フリーの絵描き◆DM・リプ有難く拝見しております。お返事は出来てないですすいません😢◆腐のほう@ki0u014 （プロフ必読）◆","url":"https://t.co/sZWzOBRsgi","entities":{"url":{"urls":[{"url":"https://t.co/sZWzOBRsgi","expanded_url":"http://kilacoro.chu.jp","display_url":"kilacoro.chu.jp","indices":[0,23]}]},"description":{"urls":[]}},"protected":false,"followers_count":91146,"friends_count":47797,"listed_count":2928,"created_at":"Sun Sep 13 12:49:51 +0000 2009","favourites_count":2017,"utc_offset":32400,"time_zone":"Tokyo","geo_enabled":false,"verified":false,"statuses_count":15409,"lang":"ja","contributors_enabled":false,"is_translator":false,"is_translation_enabled":false,"profile_background_color":"0D0005","profile_background_image_url":"http://pbs.twimg.com/profile_background_images/397521112/____A.jpg","profile_background_image_url_https":"https://pbs.twimg.com/profile_background_images/397521112/____A.jpg","profile_background_tile":true,"profile_image_url":"http://pbs.twimg.com/profile_images/814441522145808384/3I-8W9R6_normal.jpg","profile_image_url_https":"https://pbs.twimg.com/profile_images/814441522145808384/3I-8W9R6_normal.jpg","profile_banner_url":"https://pbs.twimg.com/profile_banners/73876548/1445545396","profile_link_color":"AD617A","profile_sidebar_border_color":"FFFFFF","profile_sidebar_fill_color":"471626","profile_text_color":"CFBFC3","profile_use_background_image":true,"has_extended_profile":false,"default_profile":false,"default_profile_image":false,"following":false,"follow_request_sent":false,"notifications":false,"translator_type":"none"},"geo":null,"coordinates":null,"place":null,"contributors":null,"is_quote_status":false,"retweet_count":2215,"favorite_count":3263,"favorited":false,"retweeted":false,"possibly_sensitive":false,"lang":"ja"}],"search_metadata":{"completed_in":0.198,"max_id":887674854874300400,"max_id_str":"887674854874300416","next_results":"?max_id=887665893399867392&q=lang%3Aja%20min_retweets%3A500&include_entities=1","query":"lang%3Aja+min_retweets%3A500","refresh_url":"?since_id=887674854874300416&q=lang%3Aja%20min_retweets%3A500&include_entities=1","count":15,"since_id":0,"since_id_str":"0"}}