{"statuses":[{"created_at":"Tue Jul 18 15:04:09 +0000 2017","id":887327135752306700,"id_str":"887327135752306688","text":"スカイピースの、\nチャンネル登録者数が\n100万人突破しました！！！\n\nノリだけでやってる二人組ですが、\nこれからもどうか、\n宜しくお願い致します🙇✨\n\nピーーーース✌️✌️✌️✌️ https://t.co/0VYBwOgejP","truncated":false,"entities":{"hashtags":[],"symbols":[],"user_mentions":[],"urls":[],"media":[{"id":887327129737642000,"id_str":"887327129737641984","indices":[92,115],"media_url":"http://pbs.twimg.com/media/DFBrUr-UQAAhjp9.jpg","media_url_https":"https://pbs.twimg.com/media/DFBrUr-UQAAhjp9.jpg","url":"https://t.co/0VYBwOgejP","display_url":"pic.twitter.com/0VYBwOgejP","expanded_url":"https://twitter.com/skypeace_teojin/status/887327135752306688/photo/1","type":"photo","sizes":{"small":{"w":680,"h":528,"resize":"fit"},"thumb":{"w":150,"h":150,"resize":"crop"},"large":{"w":750,"h":582,"resize":"fit"},"medium":{"w":750,"h":582,"resize":"fit"}}}]},"extended_entities":{"media":[{"id":887327129737642000,"id_str":"887327129737641984","indices":[92,115],"media_url":"http://pbs.twimg.com/media/DFBrUr-UQAAhjp9.jpg","media_url_https":"https://pbs.twimg.com/media/DFBrUr-UQAAhjp9.jpg","url":"https://t.co/0VYBwOgejP","display_url":"pic.twitter.com/0VYBwOgejP","expanded_url":"https://twitter.com/skypeace_teojin/status/887327135752306688/photo/1","type":"photo","sizes":{"small":{"w":680,"h":528,"resize":"fit"},"thumb":{"w":150,"h":150,"resize":"crop"},"large":{"w":750,"h":582,"resize":"fit"},"medium":{"w":750,"h":582,"resize":"fit"}}}]},"metadata":{"iso_language_code":"ja","result_type":"recent"},"source":"<a href=\"http://twitter.com/download/iphone\" rel=\"nofollow\">Twitter for iPhone</a>","in_reply_to_status_id":null,"in_reply_to_status_id_str":null,"in_reply_to_user_id":null,"in_reply_to_user_id_str":null,"in_reply_to_screen_name":null,"user":{"id":753155670820593700,"id_str":"753155670820593664","name":"スカイピース@SP","screen_name":"skypeace_teojin","location":"","description":"どうもぉ〜スカイピース！Yeah！！テオ(@teokun711)じん(@JINJIN1027)空にピースだ！","url":"https://t.co/dDebxfywPn","entities":{"url":{"urls":[{"url":"https://t.co/dDebxfywPn","expanded_url":"https://www.youtube.com/channel/UC8_wmm5DX9mb4jrLiw8ZYzw","display_url":"youtube.com/channel/UC8_wm…","indices":[0,23]}]},"description":{"urls":[]}},"protected":false,"followers_count":281534,"friends_count":7,"listed_count":487,"created_at":"Wed Jul 13 09:14:39 +0000 2016","favourites_count":517,"utc_offset":null,"time_zone":null,"geo_enabled":false,"verified":false,"statuses_count":583,"lang":"ja","contributors_enabled":false,"is_translator":false,"is_translation_enabled":false,"profile_background_color":"F5F8FA","profile_background_image_url":null,"profile_background_image_url_https":null,"profile_background_tile":false,"profile_image_url":"http://pbs.twimg.com/profile_images/753571447751139329/kSnZ43Ec_normal.jpg","profile_image_url_https":"https://pbs.twimg.com/profile_images/753571447751139329/kSnZ43Ec_normal.jpg","profile_banner_url":"https://pbs.twimg.com/profile_banners/753155670820593664/1468500612","profile_link_color":"1DA1F2","profile_sidebar_border_color":"C0DEED","profile_sidebar_fill_color":"DDEEF6","profile_text_color":"333333","profile_use_background_image":true,"has_extended_profile":false,"default_profile":true,"default_profile_image":false,"following":false,"follow_request_sent":false,"notifications":false,"translator_type":"none"},"geo":null,"coordinates":null,"place":null,"contributors":null,"is_quote_status":false,"retweet_count":1648,"favorite_count":4693,"favorited":false,"retweeted":false,"possibly_sensitive":false,"lang":"ja"},{"created_at":"Tue Jul 18 15:03:17 +0000 2017","id":887326918504140800,"id_str":"887326918504140802","text":"今月のきららMAX掲載「ご注文はうさぎですか？」は、\nリゼにとても良く似た人が登場です…、\nあれ？ この人はたしか…？？ #gochiusa https://t.co/outTZaDK0A","truncated":false,"entities":{"hashtags":[{"text":"gochiusa","indices":[61,70]}],"symbols":[],"user_mentions":[],"urls":[],"media":[{"id":887326838057345000,"id_str":"887326838057345024","indices":[71,94],"media_url":"http://pbs.twimg.com/media/DFBrDtYUIAA2iBo.jpg","media_url_https":"https://pbs.twimg.com/media/DFBrDtYUIAA2iBo.jpg","url":"https://t.co/outTZaDK0A","display_url":"pic.twitter.com/outTZaDK0A","expanded_url":"https://twitter.com/mangatimekirara/status/887326918504140802/photo/1","type":"photo","sizes":{"large":{"w":850,"h":609,"resize":"fit"},"small":{"w":680,"h":487,"resize":"fit"},"medium":{"w":850,"h":609,"resize":"fit"},"thumb":{"w":150,"h":150,"resize":"crop"}}}]},"extended_entities":{"media":[{"id":887326838057345000,"id_str":"887326838057345024","indices":[71,94],"media_url":"http://pbs.twimg.com/media/DFBrDtYUIAA2iBo.jpg","media_url_https":"https://pbs.twimg.com/media/DFBrDtYUIAA2iBo.jpg","url":"https://t.co/outTZaDK0A","display_url":"pic.twitter.com/outTZaDK0A","expanded_url":"https://twitter.com/mangatimekirara/status/887326918504140802/photo/1","type":"photo","sizes":{"large":{"w":850,"h":609,"resize":"fit"},"small":{"w":680,"h":487,"resize":"fit"},"medium":{"w":850,"h":609,"resize":"fit"},"thumb":{"w":150,"h":150,"resize":"crop"}}},{"id":887326865374847000,"id_str":"887326865374846976","indices":[71,94],"media_url":"http://pbs.twimg.com/media/DFBrFTJUIAASpzN.jpg","media_url_https":"https://pbs.twimg.com/media/DFBrFTJUIAASpzN.jpg","url":"https://t.co/outTZaDK0A","display_url":"pic.twitter.com/outTZaDK0A","expanded_url":"https://twitter.com/mangatimekirara/status/887326918504140802/photo/1","type":"photo","sizes":{"small":{"w":680,"h":540,"resize":"fit"},"thumb":{"w":150,"h":150,"resize":"crop"},"medium":{"w":700,"h":556,"resize":"fit"},"large":{"w":700,"h":556,"resize":"fit"}}},{"id":887326880759562200,"id_str":"887326880759562240","indices":[71,94],"media_url":"http://pbs.twimg.com/media/DFBrGMdUQAADyXT.jpg","media_url_https":"https://pbs.twimg.com/media/DFBrGMdUQAADyXT.jpg","url":"https://t.co/outTZaDK0A","display_url":"pic.twitter.com/outTZaDK0A","expanded_url":"https://twitter.com/mangatimekirara/status/887326918504140802/photo/1","type":"photo","sizes":{"thumb":{"w":150,"h":150,"resize":"crop"},"large":{"w":700,"h":511,"resize":"fit"},"small":{"w":680,"h":496,"resize":"fit"},"medium":{"w":700,"h":511,"resize":"fit"}}},{"id":887326898170150900,"id_str":"887326898170150913","indices":[71,94],"media_url":"http://pbs.twimg.com/media/DFBrHNUUwAE-Tq2.jpg","media_url_https":"https://pbs.twimg.com/media/DFBrHNUUwAE-Tq2.jpg","url":"https://t.co/outTZaDK0A","display_url":"pic.twitter.com/outTZaDK0A","expanded_url":"https://twitter.com/mangatimekirara/status/887326918504140802/photo/1","type":"photo","sizes":{"medium":{"w":700,"h":614,"resize":"fit"},"small":{"w":680,"h":596,"resize":"fit"},"thumb":{"w":150,"h":150,"resize":"crop"},"large":{"w":700,"h":614,"resize":"fit"}}}]},"metadata":{"iso_language_code":"ja","result_type":"recent"},"source":"<a href=\"http://twitter.com\" rel=\"nofollow\">Twitter Web Client</a>","in_reply_to_status_id":null,"in_reply_to_status_id_str":null,"in_reply_to_user_id":null,"in_reply_to_user_id_str":null,"in_reply_to_screen_name":null,"user":{"id":961844316,"id_str":"961844316","name":"まんがタイムきらら編集部","screen_name":"mangatimekirara","location":"東京都文京区","description":"芳文社発行の「まんがタイムきらら」グループの公式Twitterです。告知メインのアカウントですのでお返事はできませんが、リプライは全て読ませていただいてます。※お問い合わせはまんがタイムきららWebのお問い合わせフォームか、お電話又はお便りにてお願いします。","url":"http://t.co/fUjHheJd","entities":{"url":{"urls":[{"url":"http://t.co/fUjHheJd","expanded_url":"http://www.dokidokivisual.com/","display_url":"dokidokivisual.com","indices":[0,20]}]},"description":{"urls":[]}},"protected":false,"followers_count":63903,"friends_count":25,"listed_count":1292,"created_at":"Wed Nov 21 06:10:03 +0000 2012","favourites_count":0,"utc_offset":32400,"time_zone":"Tokyo","geo_enabled":true,"verified":false,"statuses_count":11234,"lang":"ja","contributors_enabled":false,"is_translator":false,"is_translation_enabled":false,"profile_background_color":"FFFFFF","profile_background_image_url":"http://pbs.twimg.com/profile_background_images/722613223/30eb406cbe6599032d4fd4bab33bd3b6.jpeg","profile_background_image_url_https":"https://pbs.twimg.com/profile_background_images/722613223/30eb406cbe6599032d4fd4bab33bd3b6.jpeg","profile_background_tile":true,"profile_image_url":"http://pbs.twimg.com/profile_images/2888601800/a76b992e95ed4add6dba6cb95eb9701a_normal.png","profile_image_url_https":"https://pbs.twimg.com/profile_images/2888601800/a76b992e95ed4add6dba6cb95eb9701a_normal.png","profile_link_color":"0099B9","profile_sidebar_border_color":"FFFFFF","profile_sidebar_fill_color":"DDEEF6","profile_text_color":"333333","profile_use_background_image":true,"has_extended_profile":false,"default_profile":false,"default_profile_image":false,"following":false,"follow_request_sent":false,"notifications":false,"translator_type":"none"},"geo":null,"coordinates":null,"place":null,"contributors":null,"is_quote_status":false,"retweet_count":1243,"favorite_count":1630,"favorited":false,"retweeted":false,"possibly_sensitive":false,"lang":"ja"},{"created_at":"Tue Jul 18 15:02:04 +0000 2017","id":887326612391252000,"id_str":"887326612391251968","text":"『ご注文はうさぎですか？？ ～Dear My Sister～』特設ページがオープン！新作エピソードのあらすじと上映館情報を公開しました！\nさらにコミックマーケット92にてグッズ付前売券第1弾の先行販売も決定♪… https://t.co/PEbHR7cqb4","truncated":true,"entities":{"hashtags":[],"symbols":[],"user_mentions":[],"urls":[{"url":"https://t.co/PEbHR7cqb4","expanded_url":"https://twitter.com/i/web/status/887326612391251968","display_url":"twitter.com/i/web/status/8…","indices":[106,129]}]},"metadata":{"iso_language_code":"ja","result_type":"recent"},"source":"<a href=\"http://twitter.com\" rel=\"nofollow\">Twitter Web Client</a>","in_reply_to_status_id":null,"in_reply_to_status_id_str":null,"in_reply_to_user_id":null,"in_reply_to_user_id_str":null,"in_reply_to_screen_name":null,"user":{"id":2179819292,"id_str":"2179819292","name":"TVアニメ『ご注文はうさぎですか？？』","screen_name":"usagi_anime","location":"Rabbit House","description":"TVアニメ『ご注文はうさぎですか？？』公式ツイッターです。 新作アニメスペシャルエピソード「ご注文はうさぎですか？？ ～Dear My Sister～」11月11日(土)より全国40館にて上映決定！第1期BD/DVD BOX、「chimame march」発売中！","url":"https://t.co/5Wn6Gxw7Xf","entities":{"url":{"urls":[{"url":"https://t.co/5Wn6Gxw7Xf","expanded_url":"http://www.gochiusa.com/","display_url":"gochiusa.com","indices":[0,23]}]},"description":{"urls":[]}},"protected":false,"followers_count":245240,"friends_count":27,"listed_count":4051,"created_at":"Thu Nov 07 10:29:29 +0000 2013","favourites_count":0,"utc_offset":32400,"time_zone":"Tokyo","geo_enabled":true,"verified":true,"statuses_count":3326,"lang":"ja","contributors_enabled":false,"is_translator":false,"is_translation_enabled":false,"profile_background_color":"000000","profile_background_image_url":"http://abs.twimg.com/images/themes/theme1/bg.png","profile_background_image_url_https":"https://abs.twimg.com/images/themes/theme1/bg.png","profile_background_tile":false,"profile_image_url":"http://pbs.twimg.com/profile_images/886239642529316864/PL8x53wC_normal.jpg","profile_image_url_https":"https://pbs.twimg.com/profile_images/886239642529316864/PL8x53wC_normal.jpg","profile_banner_url":"https://pbs.twimg.com/profile_banners/2179819292/1491058956","profile_link_color":"985858","profile_sidebar_border_color":"000000","profile_sidebar_fill_color":"000000","profile_text_color":"000000","profile_use_background_image":false,"has_extended_profile":false,"default_profile":false,"default_profile_image":false,"following":false,"follow_request_sent":false,"notifications":false,"translator_type":"none"},"geo":null,"coordinates":null,"place":null,"contributors":null,"is_quote_status":false,"retweet_count":2217,"favorite_count":2297,"favorited":false,"retweeted":false,"possibly_sensitive":false,"lang":"ja"},{"created_at":"Tue Jul 18 15:01:06 +0000 2017","id":887326369453142000,"id_str":"887326369453142017","text":"少年サンデー第34号は7月19日発売！シリーズ第2話！！灰原がなくしてしまった比護選手のぬいぐるみストラップを少年探偵団と安室さんが追跡！！見つけたら、元の姿で修学旅行に行くための解毒薬もらえっかな… 連載1000話まであと2話！… https://t.co/vc8uB2TKAF","truncated":true,"entities":{"hashtags":[],"symbols":[],"user_mentions":[],"urls":[{"url":"https://t.co/vc8uB2TKAF","expanded_url":"https://twitter.com/i/web/status/887326369453142017","display_url":"twitter.com/i/web/status/8…","indices":[117,140]}]},"metadata":{"iso_language_code":"ja","result_type":"recent"},"source":"<a href=\"http://bufferapp.com\" rel=\"nofollow\">Buffer</a>","in_reply_to_status_id":null,"in_reply_to_status_id_str":null,"in_reply_to_user_id":null,"in_reply_to_user_id_str":null,"in_reply_to_screen_name":null,"user":{"id":128179494,"id_str":"128179494","name":"江戸川コナン","screen_name":"conan_file","location":"","description":"「ボクの名前は江戸川コナン！探偵さ‼」こちらは週刊少年サンデー公式『名探偵コナン』のアカウントです！コナン君が日常の出来事や、最新情報をお知らせします。事件のヒントも呟いちゃう、かも…？\n(c)青山剛昌 ／小学館","url":"https://t.co/VQpJffl5VS","entities":{"url":{"urls":[{"url":"https://t.co/VQpJffl5VS","expanded_url":"http://www.conan-portal.com/","display_url":"conan-portal.com","indices":[0,23]}]},"description":{"urls":[]}},"protected":false,"followers_count":170509,"friends_count":5,"listed_count":1800,"created_at":"Wed Mar 31 10:10:32 +0000 2010","favourites_count":3,"utc_offset":32400,"time_zone":"Tokyo","geo_enabled":false,"verified":false,"statuses_count":10512,"lang":"ja","contributors_enabled":false,"is_translator":false,"is_translation_enabled":false,"profile_background_color":"C0DEED","profile_background_image_url":"http://pbs.twimg.com/profile_background_images/123040339/conan_twitter.jpg","profile_background_image_url_https":"https://pbs.twimg.com/profile_background_images/123040339/conan_twitter.jpg","profile_background_tile":false,"profile_image_url":"http://pbs.twimg.com/profile_images/848551710003871744/SrzUeMli_normal.jpg","profile_image_url_https":"https://pbs.twimg.com/profile_images/848551710003871744/SrzUeMli_normal.jpg","profile_link_color":"000000","profile_sidebar_border_color":"C0DEED","profile_sidebar_fill_color":"DDEEF6","profile_text_color":"333333","profile_use_background_image":true,"has_extended_profile":false,"default_profile":false,"default_profile_image":false,"following":false,"follow_request_sent":false,"notifications":false,"translator_type":"none"},"geo":null,"coordinates":null,"place":null,"contributors":null,"is_quote_status":false,"retweet_count":978,"favorite_count":977,"favorited":false,"retweeted":false,"possibly_sensitive":false,"lang":"ja"},{"created_at":"Tue Jul 18 15:00:06 +0000 2017","id":887326118172282900,"id_str":"887326118172282880","text":"【毎日RTキャンペーン第4弾】\n\nぷよクエ×サクラ大戦コラボ決定！\nこのツイートをRTすると、抽選で1名様に[★5] フローレver.エリカをプレゼント! \n〆切は7月23日! \n#ぷよクエ\n#サクラ大戦\n#コラボ… https://t.co/OzumcgQKql","truncated":true,"entities":{"hashtags":[{"text":"ぷよクエ","indices":[90,95]},{"text":"サクラ大戦","indices":[96,102]},{"text":"コラボ","indices":[103,107]}],"symbols":[],"user_mentions":[],"urls":[{"url":"https://t.co/OzumcgQKql","expanded_url":"https://twitter.com/i/web/status/887326118172282880","display_url":"twitter.com/i/web/status/8…","indices":[109,132]}]},"metadata":{"iso_language_code":"ja","result_type":"recent"},"source":"<a href=\"https://studio.twitter.com\" rel=\"nofollow\">Media Studio</a>","in_reply_to_status_id":null,"in_reply_to_status_id_str":null,"in_reply_to_user_id":null,"in_reply_to_user_id_str":null,"in_reply_to_screen_name":null,"user":{"id":1147032848,"id_str":"1147032848","name":"ぷよぷよ!!クエスト公式(ぷよクエ)","screen_name":"puyoquest","location":"プワープアイランド","description":"『ぷよぷよ!!クエスト』公式Twitterアカウントです。 iOS・Android好評配信中! 1700万ダウンロード達成✨ ◆インスタグラム⇒https://t.co/j0cISLF4t7 ◆生放送⇒https://t.co/8AzCul0LTx ◆お問合せ⇒https://t.co/iOeHztXFwL","url":"https://t.co/mnL8BJSe1a","entities":{"url":{"urls":[{"url":"https://t.co/mnL8BJSe1a","expanded_url":"http://puyopuyoquest.sega-net.com/","display_url":"puyopuyoquest.sega-net.com","indices":[0,23]}]},"description":{"urls":[{"url":"https://t.co/j0cISLF4t7","expanded_url":"http://sgap.ps/puyoinsta","display_url":"sgap.ps/puyoinsta","indices":[72,95]},{"url":"https://t.co/8AzCul0LTx","expanded_url":"http://sgap.ps/puyoperi","display_url":"sgap.ps/puyoperi","indices":[101,124]},{"url":"https://t.co/iOeHztXFwL","expanded_url":"http://sgap.ps/contact","display_url":"sgap.ps/contact","indices":[131,154]}]}},"protected":false,"followers_count":115192,"friends_count":57830,"listed_count":1103,"created_at":"Mon Feb 04 04:32:06 +0000 2013","favourites_count":769,"utc_offset":32400,"time_zone":"Tokyo","geo_enabled":false,"verified":true,"statuses_count":1456,"lang":"ja","contributors_enabled":false,"is_translator":false,"is_translation_enabled":false,"profile_background_color":"000000","profile_background_image_url":"http://abs.twimg.com/images/themes/theme4/bg.gif","profile_background_image_url_https":"https://abs.twimg.com/images/themes/theme4/bg.gif","profile_background_tile":false,"profile_image_url":"http://pbs.twimg.com/profile_images/875526848330874881/JK9itJS9_normal.jpg","profile_image_url_https":"https://pbs.twimg.com/profile_images/875526848330874881/JK9itJS9_normal.jpg","profile_banner_url":"https://pbs.twimg.com/profile_banners/1147032848/1500331994","profile_link_color":"89C9FA","profile_sidebar_border_color":"000000","profile_sidebar_fill_color":"000000","profile_text_color":"000000","profile_use_background_image":false,"has_extended_profile":false,"default_profile":false,"default_profile_image":false,"following":false,"follow_request_sent":false,"notifications":false,"translator_type":"none"},"geo":null,"coordinates":null,"place":null,"contributors":null,"is_quote_status":false,"retweet_count":867,"favorite_count":128,"favorited":false,"retweeted":false,"possibly_sensitive":false,"lang":"ja"},{"created_at":"Tue Jul 18 14:49:26 +0000 2017","id":887323432181833700,"id_str":"887323432181833728","text":"親子デザイン工房 (No.29)\nピンクヘッドグライダー\n原案:長男\nイラスト:パパ\n\nPink-Head Glider\nOriginal design: son (11)\nIllustration : dad… https://t.co/BZiqdvLlls","truncated":true,"entities":{"hashtags":[],"symbols":[],"user_mentions":[],"urls":[{"url":"https://t.co/BZiqdvLlls","expanded_url":"https://twitter.com/i/web/status/887323432181833728","display_url":"twitter.com/i/web/status/8…","indices":[107,130]}]},"metadata":{"iso_language_code":"ja","result_type":"recent"},"source":"<a href=\"http://twitter.com/download/iphone\" rel=\"nofollow\">Twitter for iPhone</a>","in_reply_to_status_id":null,"in_reply_to_status_id_str":null,"in_reply_to_user_id":null,"in_reply_to_user_id_str":null,"in_reply_to_screen_name":null,"user":{"id":281842132,"id_str":"281842132","name":"ThomasRomain  ロマン・トマ","screen_name":"Thomasintokyo","location":"Tokyo, Koenji","description":"Animation creator. アニメクリエーター [Code Lyoko][Ōban Star-racers][Basquash!][Symphogear][Space Dandy][Cannon Busters][Father & Sons' Design Workshop]... and more","url":"https://t.co/Sy4bm1XbBZ","entities":{"url":{"urls":[{"url":"https://t.co/Sy4bm1XbBZ","expanded_url":"https://www.patreon.com/thomasromain","display_url":"patreon.com/thomasromain","indices":[0,23]}]},"description":{"urls":[]}},"protected":false,"followers_count":116463,"friends_count":554,"listed_count":1546,"created_at":"Thu Apr 14 02:31:26 +0000 2011","favourites_count":12730,"utc_offset":null,"time_zone":null,"geo_enabled":false,"verified":false,"statuses_count":9860,"lang":"en","contributors_enabled":false,"is_translator":false,"is_translation_enabled":false,"profile_background_color":"131516","profile_background_image_url":"http://pbs.twimg.com/profile_background_images/597603816427495424/j1BuJi1U.jpg","profile_background_image_url_https":"https://pbs.twimg.com/profile_background_images/597603816427495424/j1BuJi1U.jpg","profile_background_tile":true,"profile_image_url":"http://pbs.twimg.com/profile_images/3226455136/6604da84a3b20b1c00407c2995f0a1a5_normal.jpeg","profile_image_url_https":"https://pbs.twimg.com/profile_images/3226455136/6604da84a3b20b1c00407c2995f0a1a5_normal.jpeg","profile_banner_url":"https://pbs.twimg.com/profile_banners/281842132/1497585066","profile_link_color":"1B95E0","profile_sidebar_border_color":"FFFFFF","profile_sidebar_fill_color":"DDEEF6","profile_text_color":"333333","profile_use_background_image":true,"has_extended_profile":true,"default_profile":false,"default_profile_image":false,"following":false,"follow_request_sent":false,"notifications":false,"translator_type":"none"},"geo":null,"coordinates":null,"place":null,"contributors":null,"is_quote_status":false,"retweet_count":817,"favorite_count":1572,"favorited":false,"retweeted":false,"possibly_sensitive":false,"lang":"ja"},{"created_at":"Tue Jul 18 14:18:13 +0000 2017","id":887315574325338100,"id_str":"887315574325338112","text":"ローソンのリベッチオクリアファイルがあるじゃろ\n紙に褐色のお肌を描いて間に挟むじゃろ\noh！濡れ透け！濡れ透けです！！\n\nﾃﾞｰﾀﾄﾞｿﾞｰ\nhttps://t.co/iaqyMGSn5V\nパス:Libeccio https://t.co/n8NbWQxWCl","truncated":false,"entities":{"hashtags":[],"symbols":[],"user_mentions":[],"urls":[{"url":"https://t.co/iaqyMGSn5V","expanded_url":"http://fast-uploader.com/file/7055942882752/","display_url":"fast-uploader.com/file/705594288…","indices":[71,94]}],"media":[{"id":887314282085470200,"id_str":"887314282085470208","indices":[107,130],"media_url":"http://pbs.twimg.com/media/DFBfo2vV0AA_2Wp.jpg","media_url_https":"https://pbs.twimg.com/media/DFBfo2vV0AA_2Wp.jpg","url":"https://t.co/n8NbWQxWCl","display_url":"pic.twitter.com/n8NbWQxWCl","expanded_url":"https://twitter.com/tamayan22/status/887315574325338112/photo/1","type":"photo","sizes":{"medium":{"w":900,"h":1200,"resize":"fit"},"thumb":{"w":150,"h":150,"resize":"crop"},"large":{"w":1536,"h":2048,"resize":"fit"},"small":{"w":510,"h":680,"resize":"fit"}}}]},"extended_entities":{"media":[{"id":887314282085470200,"id_str":"887314282085470208","indices":[107,130],"media_url":"http://pbs.twimg.com/media/DFBfo2vV0AA_2Wp.jpg","media_url_https":"https://pbs.twimg.com/media/DFBfo2vV0AA_2Wp.jpg","url":"https://t.co/n8NbWQxWCl","display_url":"pic.twitter.com/n8NbWQxWCl","expanded_url":"https://twitter.com/tamayan22/status/887315574325338112/photo/1","type":"photo","sizes":{"medium":{"w":900,"h":1200,"resize":"fit"},"thumb":{"w":150,"h":150,"resize":"crop"},"large":{"w":1536,"h":2048,"resize":"fit"},"small":{"w":510,"h":680,"resize":"fit"}}},{"id":887314309629464600,"id_str":"887314309629464576","indices":[107,130],"media_url":"http://pbs.twimg.com/media/DFBfqdWV0AAOQTN.jpg","media_url_https":"https://pbs.twimg.com/media/DFBfqdWV0AAOQTN.jpg","url":"https://t.co/n8NbWQxWCl","display_url":"pic.twitter.com/n8NbWQxWCl","expanded_url":"https://twitter.com/tamayan22/status/887315574325338112/photo/1","type":"photo","sizes":{"medium":{"w":900,"h":1200,"resize":"fit"},"thumb":{"w":150,"h":150,"resize":"crop"},"large":{"w":1536,"h":2048,"resize":"fit"},"small":{"w":510,"h":680,"resize":"fit"}}},{"id":887314341963243500,"id_str":"887314341963243520","indices":[107,130],"media_url":"http://pbs.twimg.com/media/DFBfsVzUIAA-Lma.jpg","media_url_https":"https://pbs.twimg.com/media/DFBfsVzUIAA-Lma.jpg","url":"https://t.co/n8NbWQxWCl","display_url":"pic.twitter.com/n8NbWQxWCl","expanded_url":"https://twitter.com/tamayan22/status/887315574325338112/photo/1","type":"photo","sizes":{"medium":{"w":900,"h":1200,"resize":"fit"},"thumb":{"w":150,"h":150,"resize":"crop"},"large":{"w":1536,"h":2048,"resize":"fit"},"small":{"w":510,"h":680,"resize":"fit"}}},{"id":887314369528315900,"id_str":"887314369528315904","indices":[107,130],"media_url":"http://pbs.twimg.com/media/DFBft8fVwAAA5lE.jpg","media_url_https":"https://pbs.twimg.com/media/DFBft8fVwAAA5lE.jpg","url":"https://t.co/n8NbWQxWCl","display_url":"pic.twitter.com/n8NbWQxWCl","expanded_url":"https://twitter.com/tamayan22/status/887315574325338112/photo/1","type":"photo","sizes":{"thumb":{"w":150,"h":150,"resize":"crop"},"small":{"w":510,"h":680,"resize":"fit"},"medium":{"w":900,"h":1200,"resize":"fit"},"large":{"w":1536,"h":2048,"resize":"fit"}}}]},"metadata":{"iso_language_code":"ja","result_type":"recent"},"source":"<a href=\"http://twitter.com\" rel=\"nofollow\">Twitter Web Client</a>","in_reply_to_status_id":null,"in_reply_to_status_id_str":null,"in_reply_to_user_id":null,"in_reply_to_user_id_str":null,"in_reply_to_screen_name":null,"user":{"id":541533365,"id_str":"541533365","name":"たまやん","screen_name":"tamayan22","location":"","description":"艦これ中心でたまにお絵かきしたりアニメやゲームについて呟いたりするのです。なのです。\n※リクエストはお断りしております。\nすまないさん。","url":"https://t.co/CA0udxeOr6","entities":{"url":{"urls":[{"url":"https://t.co/CA0udxeOr6","expanded_url":"http://www.pixiv.net/member.php?id=136424","display_url":"pixiv.net/member.php?id=…","indices":[0,23]}]},"description":{"urls":[]}},"protected":false,"followers_count":7074,"friends_count":499,"listed_count":178,"created_at":"Sat Mar 31 10:12:18 +0000 2012","favourites_count":7982,"utc_offset":null,"time_zone":null,"geo_enabled":false,"verified":false,"statuses_count":11415,"lang":"ja","contributors_enabled":false,"is_translator":false,"is_translation_enabled":false,"profile_background_color":"000000","profile_background_image_url":"http://abs.twimg.com/images/themes/theme4/bg.gif","profile_background_image_url_https":"https://abs.twimg.com/images/themes/theme4/bg.gif","profile_background_tile":false,"profile_image_url":"http://pbs.twimg.com/profile_images/860178320293371904/uzJAzHPV_normal.jpg","profile_image_url_https":"https://pbs.twimg.com/profile_images/860178320293371904/uzJAzHPV_normal.jpg","profile_banner_url":"https://pbs.twimg.com/profile_banners/541533365/1495982269","profile_link_color":"3B94D9","profile_sidebar_border_color":"000000","profile_sidebar_fill_color":"000000","profile_text_color":"000000","profile_use_background_image":false,"has_extended_profile":false,"default_profile":false,"default_profile_image":false,"following":false,"follow_request_sent":false,"notifications":false,"translator_type":"none"},"geo":null,"coordinates":null,"place":null,"contributors":null,"is_quote_status":false,"retweet_count":1102,"favorite_count":1016,"favorited":false,"retweeted":false,"possibly_sensitive":false,"lang":"ja"},{"created_at":"Tue Jul 18 14:16:29 +0000 2017","id":887315138709028900,"id_str":"887315138709028864","text":"POINTJPプレゼント企画\n\niTunesコード500円\nAmazonギフト券500円\n\n応募方法：フォロー＆RT\n締め切り：明日am9時\n発送方法：DMでコード送信\n\nサイト登録一切なし。当選者はいいねにまとめていますのでご参… https://t.co/CLHPYSHpkf","truncated":true,"entities":{"hashtags":[],"symbols":[],"user_mentions":[],"urls":[{"url":"https://t.co/CLHPYSHpkf","expanded_url":"https://twitter.com/i/web/status/887315138709028864","display_url":"twitter.com/i/web/status/8…","indices":[117,140]}]},"metadata":{"iso_language_code":"ja","result_type":"recent"},"source":"<a href=\"http://twitter.com/download/android\" rel=\"nofollow\">Twitter for Android</a>","in_reply_to_status_id":null,"in_reply_to_status_id_str":null,"in_reply_to_user_id":null,"in_reply_to_user_id_str":null,"in_reply_to_screen_name":null,"user":{"id":794870563835478000,"id_str":"794870563835478016","name":"POINTJP","screen_name":"POINTJP_TSUTOMU","location":"","description":"【日本ポイントサイト情報 POINTJP】の公式アカウントです。ポイントサイトのお得な情報の発信からプレゼント企画も開催。ポイントサイトの記事を「RT＆いいね」すると当選率アップ。当選者はhttps://t.co/RF53ZYbCEMで公開。基本的に質問には滅多に返答は致しませんのでご了承下さい。サイト内の画像等の無断転載禁止。","url":"https://t.co/yTOghMt3Td","entities":{"url":{"urls":[{"url":"https://t.co/yTOghMt3Td","expanded_url":"http://pointjp.com/","display_url":"pointjp.com","indices":[0,23]}]},"description":{"urls":[{"url":"https://t.co/RF53ZYbCEM","expanded_url":"http://pointjp.com","display_url":"pointjp.com","indices":[94,117]}]}},"protected":false,"followers_count":67359,"friends_count":1,"listed_count":68,"created_at":"Sat Nov 05 11:54:45 +0000 2016","favourites_count":577,"utc_offset":null,"time_zone":null,"geo_enabled":false,"verified":false,"statuses_count":1133,"lang":"ja","contributors_enabled":false,"is_translator":false,"is_translation_enabled":false,"profile_background_color":"000000","profile_background_image_url":"http://abs.twimg.com/images/themes/theme1/bg.png","profile_background_image_url_https":"https://abs.twimg.com/images/themes/theme1/bg.png","profile_background_tile":false,"profile_image_url":"http://pbs.twimg.com/profile_images/809630656955183104/55W_t8Gx_normal.jpg","profile_image_url_https":"https://pbs.twimg.com/profile_images/809630656955183104/55W_t8Gx_normal.jpg","profile_banner_url":"https://pbs.twimg.com/profile_banners/794870563835478016/1481865722","profile_link_color":"1B95E0","profile_sidebar_border_color":"000000","profile_sidebar_fill_color":"000000","profile_text_color":"000000","profile_use_background_image":false,"has_extended_profile":false,"default_profile":false,"default_profile_image":false,"following":false,"follow_request_sent":false,"notifications":false,"translator_type":"none"},"geo":null,"coordinates":null,"place":null,"contributors":null,"is_quote_status":false,"retweet_count":1454,"favorite_count":358,"favorited":false,"retweeted":false,"possibly_sensitive":false,"lang":"ja"},{"created_at":"Tue Jul 18 14:13:19 +0000 2017","id":887314342932131800,"id_str":"887314342932131840","text":"#テミン 明日7/19(水) 日本テレビ「ZIP!」インタビューOA決定！！\n※生放送の為、急遽放送内容に変更が出る場合がございます。予めご了承ください。#TAEMIN #FlameofLove https://t.co/16DwsCEVgc","truncated":false,"entities":{"hashtags":[{"text":"テミン","indices":[0,4]},{"text":"TAEMIN","indices":[77,84]},{"text":"FlameofLove","indices":[85,97]}],"symbols":[],"user_mentions":[],"urls":[{"url":"https://t.co/16DwsCEVgc","expanded_url":"https://twitter.com/zip_tv/status/887233898630987777","display_url":"twitter.com/zip_tv/status/…","indices":[98,121]}]},"metadata":{"iso_language_code":"ja","result_type":"recent"},"source":"<a href=\"http://twitter.com/download/iphone\" rel=\"nofollow\">Twitter for iPhone</a>","in_reply_to_status_id":null,"in_reply_to_status_id_str":null,"in_reply_to_user_id":null,"in_reply_to_user_id_str":null,"in_reply_to_screen_name":null,"user":{"id":427122847,"id_str":"427122847","name":"SHINetter シャイニッター","screen_name":"shinetter","location":"","description":"UNIVERSAL MUSIC EMI Records のスタッフが主にSHINeeのリリース情報をつぶやきます。","url":"https://t.co/JoCcrfz9NO","entities":{"url":{"urls":[{"url":"https://t.co/JoCcrfz9NO","expanded_url":"http://shinee.jp/","display_url":"shinee.jp","indices":[0,23]}]},"description":{"urls":[]}},"protected":false,"followers_count":135337,"friends_count":0,"listed_count":1009,"created_at":"Sat Dec 03 04:19:47 +0000 2011","favourites_count":0,"utc_offset":32400,"time_zone":"Tokyo","geo_enabled":true,"verified":true,"statuses_count":1474,"lang":"ja","contributors_enabled":false,"is_translator":false,"is_translation_enabled":false,"profile_background_color":"44A688","profile_background_image_url":"http://pbs.twimg.com/profile_background_images/558622410/shineech_0507_S.jpg","profile_background_image_url_https":"https://pbs.twimg.com/profile_background_images/558622410/shineech_0507_S.jpg","profile_background_tile":false,"profile_image_url":"http://pbs.twimg.com/profile_images/875606884044099584/E6E7Hqsn_normal.jpg","profile_image_url_https":"https://pbs.twimg.com/profile_images/875606884044099584/E6E7Hqsn_normal.jpg","profile_banner_url":"https://pbs.twimg.com/profile_banners/427122847/1486617372","profile_link_color":"44A688","profile_sidebar_border_color":"C0DEED","profile_sidebar_fill_color":"DDEEF6","profile_text_color":"333333","profile_use_background_image":true,"has_extended_profile":false,"default_profile":false,"default_profile_image":false,"following":false,"follow_request_sent":false,"notifications":false,"translator_type":"none"},"geo":null,"coordinates":null,"place":null,"contributors":null,"is_quote_status":true,"quoted_status_id":887233898630987800,"quoted_status_id_str":"887233898630987777","quoted_status":{"created_at":"Tue Jul 18 08:53:40 +0000 2017","id":887233898630987800,"id_str":"887233898630987777","text":"🎂誕生日を迎えたSHINeeテミンが、24歳の目標を教えてくれましたー‼\n#明日のZIP! #SHOWBIZコーナー #限定動画 #ziptv https://t.co/6rTZggYt5Q","truncated":false,"entities":{"hashtags":[{"text":"明日のZIP","indices":[37,44]},{"text":"SHOWBIZコーナー","indices":[46,58]},{"text":"限定動画","indices":[59,64]},{"text":"ziptv","indices":[65,71]}],"symbols":[],"user_mentions":[],"urls":[],"media":[{"id":887233665087950800,"id_str":"887233665087950848","indices":[72,95],"media_url":"http://pbs.twimg.com/ext_tw_video_thumb/887233665087950848/pu/img/eAE_CTZGzrJJTUUk.jpg","media_url_https":"https://pbs.twimg.com/ext_tw_video_thumb/887233665087950848/pu/img/eAE_CTZGzrJJTUUk.jpg","url":"https://t.co/6rTZggYt5Q","display_url":"pic.twitter.com/6rTZggYt5Q","expanded_url":"https://twitter.com/ZIP_TV/status/887233898630987777/video/1","type":"photo","sizes":{"small":{"w":340,"h":191,"resize":"fit"},"thumb":{"w":150,"h":150,"resize":"crop"},"medium":{"w":600,"h":338,"resize":"fit"},"large":{"w":1024,"h":576,"resize":"fit"}}}]},"extended_entities":{"media":[{"id":887233665087950800,"id_str":"887233665087950848","indices":[72,95],"media_url":"http://pbs.twimg.com/ext_tw_video_thumb/887233665087950848/pu/img/eAE_CTZGzrJJTUUk.jpg","media_url_https":"https://pbs.twimg.com/ext_tw_video_thumb/887233665087950848/pu/img/eAE_CTZGzrJJTUUk.jpg","url":"https://t.co/6rTZggYt5Q","display_url":"pic.twitter.com/6rTZggYt5Q","expanded_url":"https://twitter.com/ZIP_TV/status/887233898630987777/video/1","type":"video","sizes":{"small":{"w":340,"h":191,"resize":"fit"},"thumb":{"w":150,"h":150,"resize":"crop"},"medium":{"w":600,"h":338,"resize":"fit"},"large":{"w":1024,"h":576,"resize":"fit"}},"video_info":{"aspect_ratio":[16,9],"duration_millis":25005,"variants":[{"content_type":"application/x-mpegURL","url":"https://video.twimg.com/ext_tw_video/887233665087950848/pu/pl/aKz35LXW79No93Ln.m3u8"},{"bitrate":320000,"content_type":"video/mp4","url":"https://video.twimg.com/ext_tw_video/887233665087950848/pu/vid/320x180/FXSHvKiWQBkthhTE.mp4"},{"bitrate":2176000,"content_type":"video/mp4","url":"https://video.twimg.com/ext_tw_video/887233665087950848/pu/vid/1280x720/JgxwpHoj9UrWHj4u.mp4"},{"bitrate":832000,"content_type":"video/mp4","url":"https://video.twimg.com/ext_tw_video/887233665087950848/pu/vid/640x360/C6pPsFHQLDSH397y.mp4"}]},"additional_media_info":{"monetizable":false}}]},"metadata":{"iso_language_code":"ja","result_type":"recent"},"source":"<a href=\"http://twitter.com\" rel=\"nofollow\">Twitter Web Client</a>","in_reply_to_status_id":null,"in_reply_to_status_id_str":null,"in_reply_to_user_id":null,"in_reply_to_user_id_str":null,"in_reply_to_screen_name":null,"user":{"id":271859211,"id_str":"271859211","name":"ZIP! 日テレ","screen_name":"ZIP_TV","location":"汐留","description":"日テレ系『ZIP!』公式アカウントは「@ZIP_TV」★ZIP!web編集スタッフがゆる～くつぶやきます。ハッシュタグは[#ziptv]。放送内容は変更になる場合があります。ご了承ください。★番組へのご意見、ご要望、お問い合わせは番組HPからお願いします。⇒https://t.co/OM0lQTPMl9","url":"https://t.co/OM0lQTPMl9","entities":{"url":{"urls":[{"url":"https://t.co/OM0lQTPMl9","expanded_url":"http://www.ntv.co.jp/zip/","display_url":"ntv.co.jp/zip/","indices":[0,23]}]},"description":{"urls":[{"url":"https://t.co/OM0lQTPMl9","expanded_url":"http://www.ntv.co.jp/zip/","display_url":"ntv.co.jp/zip/","indices":[129,152]}]}},"protected":false,"followers_count":256689,"friends_count":5452,"listed_count":2319,"created_at":"Fri Mar 25 09:49:04 +0000 2011","favourites_count":2286,"utc_offset":32400,"time_zone":"Tokyo","geo_enabled":false,"verified":true,"statuses_count":14675,"lang":"ja","contributors_enabled":false,"is_translator":false,"is_translation_enabled":false,"profile_background_color":"C0DEED","profile_background_image_url":"http://pbs.twimg.com/profile_background_images/712644569/4b8833d8201c2038f6c2e715f6e2e626.gif","profile_background_image_url_https":"https://pbs.twimg.com/profile_background_images/712644569/4b8833d8201c2038f6c2e715f6e2e626.gif","profile_background_tile":false,"profile_image_url":"http://pbs.twimg.com/profile_images/776067245583675392/Q_20qcaf_normal.jpg","profile_image_url_https":"https://pbs.twimg.com/profile_images/776067245583675392/Q_20qcaf_normal.jpg","profile_banner_url":"https://pbs.twimg.com/profile_banners/271859211/1447402331","profile_link_color":"E16EA6","profile_sidebar_border_color":"FFFFFF","profile_sidebar_fill_color":"DDEEF6","profile_text_color":"333333","profile_use_background_image":true,"has_extended_profile":false,"default_profile":false,"default_profile_image":false,"following":false,"follow_request_sent":false,"notifications":false,"translator_type":"none"},"geo":null,"coordinates":null,"place":null,"contributors":null,"is_quote_status":false,"retweet_count":6493,"favorite_count":10740,"favorited":false,"retweeted":false,"possibly_sensitive":false,"lang":"ja"},"retweet_count":862,"favorite_count":1465,"favorited":false,"retweeted":false,"possibly_sensitive":false,"lang":"ja"},{"created_at":"Tue Jul 18 14:11:44 +0000 2017","id":887313945576460300,"id_str":"887313945576460291","text":"🇫🇷移籍合意？🇧🇷\nネイマール、パリSG加入合意か…移籍金285億、ブラジルメディア報道\nhttps://t.co/Tzg7q2FqTw\n#ネイマール の #パリ・サンジェルマン 移籍が合意に達したとブラジルメディアが報じています… https://t.co/DZNUTcbCJN","truncated":true,"entities":{"hashtags":[{"text":"ネイマール","indices":[69,75]},{"text":"パリ・サンジェルマン","indices":[78,89]}],"symbols":[],"user_mentions":[],"urls":[{"url":"https://t.co/Tzg7q2FqTw","expanded_url":"https://www.soccer-king.jp/news/world/esp/20170718/614905.html","display_url":"soccer-king.jp/news/world/esp…","indices":[45,68]},{"url":"https://t.co/DZNUTcbCJN","expanded_url":"https://twitter.com/i/web/status/887313945576460291","display_url":"twitter.com/i/web/status/8…","indices":[117,140]}]},"metadata":{"iso_language_code":"ja","result_type":"recent"},"source":"<a href=\"http://twitter.com\" rel=\"nofollow\">Twitter Web Client</a>","in_reply_to_status_id":null,"in_reply_to_status_id_str":null,"in_reply_to_user_id":null,"in_reply_to_user_id_str":null,"in_reply_to_screen_name":null,"user":{"id":46588298,"id_str":"46588298","name":"⚽️サッカーキング","screen_name":"SoccerKingJP","location":"東京都中央区","description":"日本最大級のサッカー総合情報サイト『サッカーキング』の公式アカウント。国内外の最新✒️ニュース、✏️コラム、インタビュー、試合リポートを毎日お届けします。 サクサクみるならアプリがオススメ!! iOS版⇒https://t.co/DRfTUpCRop Android版⇒https://t.co/Ig7JkBN0DH","url":"https://t.co/Ge97ADO6vG","entities":{"url":{"urls":[{"url":"https://t.co/Ge97ADO6vG","expanded_url":"https://www.soccer-king.jp/","display_url":"soccer-king.jp","indices":[0,23]}]},"description":{"urls":[{"url":"https://t.co/DRfTUpCRop","expanded_url":"https://goo.gl/31334o","display_url":"goo.gl/31334o","indices":[102,125]},{"url":"https://t.co/Ig7JkBN0DH","expanded_url":"https://goo.gl/dEMTbj","display_url":"goo.gl/dEMTbj","indices":[135,158]}]}},"protected":false,"followers_count":1062409,"friends_count":519275,"listed_count":6990,"created_at":"Fri Jun 12 05:18:31 +0000 2009","favourites_count":84,"utc_offset":32400,"time_zone":"Tokyo","geo_enabled":true,"verified":true,"statuses_count":143743,"lang":"ja","contributors_enabled":false,"is_translator":false,"is_translation_enabled":false,"profile_background_color":"FFF04D","profile_background_image_url":"http://pbs.twimg.com/profile_background_images/378800000091552340/cd0693b5ba0f9a08570cb7aabf6a3c36.jpeg","profile_background_image_url_https":"https://pbs.twimg.com/profile_background_images/378800000091552340/cd0693b5ba0f9a08570cb7aabf6a3c36.jpeg","profile_background_tile":false,"profile_image_url":"http://pbs.twimg.com/profile_images/884427072281624576/FRcpCZnI_normal.jpg","profile_image_url_https":"https://pbs.twimg.com/profile_images/884427072281624576/FRcpCZnI_normal.jpg","profile_banner_url":"https://pbs.twimg.com/profile_banners/46588298/1473064199","profile_link_color":"0099CC","profile_sidebar_border_color":"FFFFFF","profile_sidebar_fill_color":"F7F4F7","profile_text_color":"000000","profile_use_background_image":false,"has_extended_profile":false,"default_profile":false,"default_profile_image":false,"following":false,"follow_request_sent":false,"notifications":false,"translator_type":"none"},"geo":null,"coordinates":null,"place":null,"contributors":null,"is_quote_status":false,"retweet_count":841,"favorite_count":1322,"favorited":false,"retweeted":false,"possibly_sensitive":false,"lang":"ja"},{"created_at":"Tue Jul 18 14:10:42 +0000 2017","id":887313685726634000,"id_str":"887313685726633986","text":"ファンの人には申し訳ないけどこれは似てると自分でも思った。 https://t.co/rU6Nl6pNOp","truncated":false,"entities":{"hashtags":[],"symbols":[],"user_mentions":[],"urls":[{"url":"https://t.co/rU6Nl6pNOp","expanded_url":"https://twitter.com/rimolaend_ni26/status/887312696420442113","display_url":"twitter.com/rimolaend_ni26…","indices":[30,53]}]},"metadata":{"iso_language_code":"ja","result_type":"recent"},"source":"<a href=\"http://twitter.com/download/iphone\" rel=\"nofollow\">Twitter for iPhone</a>","in_reply_to_status_id":null,"in_reply_to_status_id_str":null,"in_reply_to_user_id":null,"in_reply_to_user_id_str":null,"in_reply_to_screen_name":null,"user":{"id":136914199,"id_str":"136914199","name":"enon kawatani","screen_name":"indigolaEnd","location":"突然川谷","description":"川谷絵音です。indigo la End(@indigo_la_End)のVoGt・作詞作曲、そして「ゲスの極み乙女。」(@gesu_otome)のVoGtSyn・作詞作曲、さらにDADARAY(@DADARAY_)にも関わってます。https://t.co/PN05efo5cA","url":"https://t.co/w9p69AVZaD","entities":{"url":{"urls":[{"url":"https://t.co/w9p69AVZaD","expanded_url":"http://ailovei.com/?p=15591","display_url":"ailovei.com/?p=15591","indices":[0,23]}]},"description":{"urls":[{"url":"https://t.co/PN05efo5cA","expanded_url":"https://Instagram.com/indigolaend/","display_url":"Instagram.com/indigolaend/","indices":[117,140]}]}},"protected":false,"followers_count":248532,"friends_count":362,"listed_count":3308,"created_at":"Sun Apr 25 07:33:51 +0000 2010","favourites_count":26,"utc_offset":32400,"time_zone":"Tokyo","geo_enabled":false,"verified":true,"statuses_count":25459,"lang":"ja","contributors_enabled":false,"is_translator":false,"is_translation_enabled":false,"profile_background_color":"C0DEED","profile_background_image_url":"http://abs.twimg.com/images/themes/theme1/bg.png","profile_background_image_url_https":"https://abs.twimg.com/images/themes/theme1/bg.png","profile_background_tile":false,"profile_image_url":"http://pbs.twimg.com/profile_images/860740351660761089/A2Y5Mwnu_normal.jpg","profile_image_url_https":"https://pbs.twimg.com/profile_images/860740351660761089/A2Y5Mwnu_normal.jpg","profile_banner_url":"https://pbs.twimg.com/profile_banners/136914199/1427953521","profile_link_color":"1DA1F2","profile_sidebar_border_color":"C0DEED","profile_sidebar_fill_color":"DDEEF6","profile_text_color":"333333","profile_use_background_image":true,"has_extended_profile":true,"default_profile":true,"default_profile_image":false,"following":false,"follow_request_sent":false,"notifications":false,"translator_type":"none"},"geo":null,"coordinates":null,"place":null,"contributors":null,"is_quote_status":true,"quoted_status_id":887312696420442100,"quoted_status_id_str":"887312696420442113","quoted_status":{"created_at":"Tue Jul 18 14:06:46 +0000 2017","id":887312696420442100,"id_str":"887312696420442113","text":"@indigolaEnd あれ、https://t.co/o3tqjuwSeT APPLEの方でも歌ってないんですか？笑 https://t.co/bmy8nGQU5b","truncated":false,"entities":{"hashtags":[],"symbols":[],"user_mentions":[{"screen_name":"indigolaEnd","name":"enon kawatani","id":136914199,"id_str":"136914199","indices":[0,12]}],"urls":[{"url":"https://t.co/o3tqjuwSeT","expanded_url":"http://Mrs.GREEN","display_url":"Mrs.GREEN","indices":[16,39]}],"media":[{"id":887312689176862700,"id_str":"887312689176862721","indices":[61,84],"media_url":"http://pbs.twimg.com/media/DFBeMIsVYAEEnXT.jpg","media_url_https":"https://pbs.twimg.com/media/DFBeMIsVYAEEnXT.jpg","url":"https://t.co/bmy8nGQU5b","display_url":"pic.twitter.com/bmy8nGQU5b","expanded_url":"https://twitter.com/rimolaEnd_ni26/status/887312696420442113/photo/1","type":"photo","sizes":{"large":{"w":682,"h":1024,"resize":"fit"},"thumb":{"w":150,"h":150,"resize":"crop"},"medium":{"w":682,"h":1024,"resize":"fit"},"small":{"w":453,"h":680,"resize":"fit"}}}]},"extended_entities":{"media":[{"id":887312689176862700,"id_str":"887312689176862721","indices":[61,84],"media_url":"http://pbs.twimg.com/media/DFBeMIsVYAEEnXT.jpg","media_url_https":"https://pbs.twimg.com/media/DFBeMIsVYAEEnXT.jpg","url":"https://t.co/bmy8nGQU5b","display_url":"pic.twitter.com/bmy8nGQU5b","expanded_url":"https://twitter.com/rimolaEnd_ni26/status/887312696420442113/photo/1","type":"photo","sizes":{"large":{"w":682,"h":1024,"resize":"fit"},"thumb":{"w":150,"h":150,"resize":"crop"},"medium":{"w":682,"h":1024,"resize":"fit"},"small":{"w":453,"h":680,"resize":"fit"}}}]},"metadata":{"iso_language_code":"ja","result_type":"recent"},"source":"<a href=\"http://twitter.com/download/iphone\" rel=\"nofollow\">Twitter for iPhone</a>","in_reply_to_status_id":887311255165296600,"in_reply_to_status_id_str":"887311255165296640","in_reply_to_user_id":136914199,"in_reply_to_user_id_str":"136914199","in_reply_to_screen_name":"indigolaEnd","user":{"id":3163895569,"id_str":"3163895569","name":"リモロール@RESCUE余韻","screen_name":"rimolaEnd_ni26","location":"Next → 9.3 ゲス野音","description":"二次元と邦ロックが好き / 趣味で絵描いてます / 絵垢【 @04blORAL26 】","url":"https://t.co/x11AnDFMiG","entities":{"url":{"urls":[{"url":"https://t.co/x11AnDFMiG","expanded_url":"http://twpf.jp/rimolaEnd_ni26","display_url":"twpf.jp/rimolaEnd_ni26","indices":[0,23]}]},"description":{"urls":[]}},"protected":false,"followers_count":965,"friends_count":309,"listed_count":40,"created_at":"Sun Apr 19 12:01:34 +0000 2015","favourites_count":10637,"utc_offset":-25200,"time_zone":"Pacific Time (US & Canada)","geo_enabled":false,"verified":false,"statuses_count":14338,"lang":"ja","contributors_enabled":false,"is_translator":false,"is_translation_enabled":false,"profile_background_color":"C0DEED","profile_background_image_url":"http://abs.twimg.com/images/themes/theme1/bg.png","profile_background_image_url_https":"https://abs.twimg.com/images/themes/theme1/bg.png","profile_background_tile":false,"profile_image_url":"http://pbs.twimg.com/profile_images/875495689526038528/vr2MRjZf_normal.jpg","profile_image_url_https":"https://pbs.twimg.com/profile_images/875495689526038528/vr2MRjZf_normal.jpg","profile_banner_url":"https://pbs.twimg.com/profile_banners/3163895569/1500389869","profile_link_color":"1DA1F2","profile_sidebar_border_color":"C0DEED","profile_sidebar_fill_color":"DDEEF6","profile_text_color":"333333","profile_use_background_image":true,"has_extended_profile":true,"default_profile":true,"default_profile_image":false,"following":false,"follow_request_sent":false,"notifications":false,"translator_type":"none"},"geo":null,"coordinates":null,"place":null,"contributors":null,"is_quote_status":false,"retweet_count":22,"favorite_count":192,"favorited":false,"retweeted":false,"possibly_sensitive":false,"lang":"ja"},"retweet_count":836,"favorite_count":3405,"favorited":false,"retweeted":false,"possibly_sensitive":false,"lang":"ja"},{"created_at":"Tue Jul 18 14:08:50 +0000 2017","id":887313213636755500,"id_str":"887313213636755456","text":"彼氏とデートなうに使っていいよに使っていいよって言われたから使っていいよ https://t.co/uLpHOBUuVe","truncated":false,"entities":{"hashtags":[],"symbols":[],"user_mentions":[],"urls":[],"media":[{"id":887313196180062200,"id_str":"887313196180062208","indices":[37,60],"media_url":"http://pbs.twimg.com/media/DFBeppbUQAAvKlq.jpg","media_url_https":"https://pbs.twimg.com/media/DFBeppbUQAAvKlq.jpg","url":"https://t.co/uLpHOBUuVe","display_url":"pic.twitter.com/uLpHOBUuVe","expanded_url":"https://twitter.com/tokishunichi/status/887313213636755456/photo/1","type":"photo","sizes":{"medium":{"w":900,"h":1200,"resize":"fit"},"thumb":{"w":150,"h":150,"resize":"crop"},"large":{"w":1536,"h":2048,"resize":"fit"},"small":{"w":510,"h":680,"resize":"fit"}}}]},"extended_entities":{"media":[{"id":887313196180062200,"id_str":"887313196180062208","indices":[37,60],"media_url":"http://pbs.twimg.com/media/DFBeppbUQAAvKlq.jpg","media_url_https":"https://pbs.twimg.com/media/DFBeppbUQAAvKlq.jpg","url":"https://t.co/uLpHOBUuVe","display_url":"pic.twitter.com/uLpHOBUuVe","expanded_url":"https://twitter.com/tokishunichi/status/887313213636755456/photo/1","type":"photo","sizes":{"medium":{"w":900,"h":1200,"resize":"fit"},"thumb":{"w":150,"h":150,"resize":"crop"},"large":{"w":1536,"h":2048,"resize":"fit"},"small":{"w":510,"h":680,"resize":"fit"}}}]},"metadata":{"iso_language_code":"ja","result_type":"recent"},"source":"<a href=\"http://twitter.com/download/iphone\" rel=\"nofollow\">Twitter for iPhone</a>","in_reply_to_status_id":null,"in_reply_to_status_id_str":null,"in_reply_to_user_id":null,"in_reply_to_user_id_str":null,"in_reply_to_screen_name":null,"user":{"id":3789057558,"id_str":"3789057558","name":"土岐 隼一","screen_name":"tokishunichi","location":"東京都","description":"WITH LINE所属／土岐隼一の公式アカウントです。新人の声優でございます。まだまだ多くはありませんが出演情報と、ちょっとした日常や聞いてもらいたい事をつぶやければなと思います！注)ポンコツなんで誤字ったときは許してください。 ※事務所スタッフがつぶやくこともあります。","url":"https://t.co/vtVZhn5i4s","entities":{"url":{"urls":[{"url":"https://t.co/vtVZhn5i4s","expanded_url":"http://www.withline.jp/talent/?id=shunichi_toki","display_url":"withline.jp/talent/?id=shu…","indices":[0,23]}]},"description":{"urls":[]}},"protected":false,"followers_count":34280,"friends_count":126,"listed_count":2206,"created_at":"Mon Oct 05 06:06:17 +0000 2015","favourites_count":133,"utc_offset":null,"time_zone":null,"geo_enabled":false,"verified":false,"statuses_count":1399,"lang":"ja","contributors_enabled":false,"is_translator":false,"is_translation_enabled":false,"profile_background_color":"000000","profile_background_image_url":"http://abs.twimg.com/images/themes/theme1/bg.png","profile_background_image_url_https":"https://abs.twimg.com/images/themes/theme1/bg.png","profile_background_tile":false,"profile_image_url":"http://pbs.twimg.com/profile_images/762826474109841408/na5cPinz_normal.jpg","profile_image_url_https":"https://pbs.twimg.com/profile_images/762826474109841408/na5cPinz_normal.jpg","profile_link_color":"ABB8C2","profile_sidebar_border_color":"000000","profile_sidebar_fill_color":"000000","profile_text_color":"000000","profile_use_background_image":false,"has_extended_profile":true,"default_profile":false,"default_profile_image":false,"following":false,"follow_request_sent":false,"notifications":false,"translator_type":"none"},"geo":null,"coordinates":null,"place":null,"contributors":null,"is_quote_status":false,"retweet_count":997,"favorite_count":2439,"favorited":false,"retweeted":false,"possibly_sensitive":false,"lang":"ja"},{"created_at":"Tue Jul 18 14:08:25 +0000 2017","id":887313109592887300,"id_str":"887313109592887296","text":"謎の魚の必殺技バク転への接近に成功しました！ちなみに魚は「技はまだある！」と豪語しています。小技らしいですが(笑)(広報) #chibalotte #謎の魚 https://t.co/IZiJ6ysogA","truncated":false,"entities":{"hashtags":[{"text":"chibalotte","indices":[62,73]},{"text":"謎の魚","indices":[74,78]}],"symbols":[],"user_mentions":[],"urls":[],"media":[{"id":887312943657787400,"id_str":"887312943657787392","indices":[79,102],"media_url":"http://pbs.twimg.com/ext_tw_video_thumb/887312943657787392/pu/img/YG2EhDUr_0Q--R3A.jpg","media_url_https":"https://pbs.twimg.com/ext_tw_video_thumb/887312943657787392/pu/img/YG2EhDUr_0Q--R3A.jpg","url":"https://t.co/IZiJ6ysogA","display_url":"pic.twitter.com/IZiJ6ysogA","expanded_url":"https://twitter.com/Chiba_Lotte/status/887313109592887296/video/1","type":"photo","sizes":{"small":{"w":340,"h":604,"resize":"fit"},"large":{"w":720,"h":1280,"resize":"fit"},"thumb":{"w":150,"h":150,"resize":"crop"},"medium":{"w":600,"h":1067,"resize":"fit"}}}]},"extended_entities":{"media":[{"id":887312943657787400,"id_str":"887312943657787392","indices":[79,102],"media_url":"http://pbs.twimg.com/ext_tw_video_thumb/887312943657787392/pu/img/YG2EhDUr_0Q--R3A.jpg","media_url_https":"https://pbs.twimg.com/ext_tw_video_thumb/887312943657787392/pu/img/YG2EhDUr_0Q--R3A.jpg","url":"https://t.co/IZiJ6ysogA","display_url":"pic.twitter.com/IZiJ6ysogA","expanded_url":"https://twitter.com/Chiba_Lotte/status/887313109592887296/video/1","type":"video","sizes":{"small":{"w":340,"h":604,"resize":"fit"},"large":{"w":720,"h":1280,"resize":"fit"},"thumb":{"w":150,"h":150,"resize":"crop"},"medium":{"w":600,"h":1067,"resize":"fit"}},"video_info":{"aspect_ratio":[9,16],"duration_millis":14238,"variants":[{"bitrate":320000,"content_type":"video/mp4","url":"https://video.twimg.com/ext_tw_video/887312943657787392/pu/vid/180x320/MD9ZyZBxpaO2IJy0.mp4"},{"bitrate":2176000,"content_type":"video/mp4","url":"https://video.twimg.com/ext_tw_video/887312943657787392/pu/vid/720x1280/bd9K49MgpjAGTxG3.mp4"},{"content_type":"application/x-mpegURL","url":"https://video.twimg.com/ext_tw_video/887312943657787392/pu/pl/2F9KhP9jylZyi_m9.m3u8"},{"bitrate":832000,"content_type":"video/mp4","url":"https://video.twimg.com/ext_tw_video/887312943657787392/pu/vid/360x640/072s5VcSYO8yeLfH.mp4"}]},"additional_media_info":{"monetizable":false}}]},"metadata":{"iso_language_code":"ja","result_type":"recent"},"source":"<a href=\"http://twitter.com/download/iphone\" rel=\"nofollow\">Twitter for iPhone</a>","in_reply_to_status_id":null,"in_reply_to_status_id_str":null,"in_reply_to_user_id":null,"in_reply_to_user_id_str":null,"in_reply_to_screen_name":null,"user":{"id":124313306,"id_str":"124313306","name":"千葉ロッテマリーンズ公式アカウント","screen_name":"Chiba_Lotte","location":"ZOZOマリンスタジアム","description":"マリーンズ公式twitterです。イベントスタッフ、球団職員がつぶやきます。\r\n\r\n公式facebookページはこちら\r\nhttp://t.co/nHdY2fQzgI","url":"http://t.co/ceMNmNz00Q","entities":{"url":{"urls":[{"url":"http://t.co/ceMNmNz00Q","expanded_url":"http://www.marines.co.jp/","display_url":"marines.co.jp","indices":[0,22]}]},"description":{"urls":[{"url":"http://t.co/nHdY2fQzgI","expanded_url":"http://www.facebook.com/chibalotte","display_url":"facebook.com/chibalotte","indices":[61,83]}]}},"protected":false,"followers_count":566059,"friends_count":57,"listed_count":3862,"created_at":"Fri Mar 19 00:28:19 +0000 2010","favourites_count":0,"utc_offset":32400,"time_zone":"Tokyo","geo_enabled":true,"verified":true,"statuses_count":16681,"lang":"ja","contributors_enabled":false,"is_translator":false,"is_translation_enabled":false,"profile_background_color":"C0DEED","profile_background_image_url":"http://pbs.twimg.com/profile_background_images/378800000067870471/90d110f1550b579b4c6f49e8e2c1a824.jpeg","profile_background_image_url_https":"https://pbs.twimg.com/profile_background_images/378800000067870471/90d110f1550b579b4c6f49e8e2c1a824.jpeg","profile_background_tile":true,"profile_image_url":"http://pbs.twimg.com/profile_images/875603832381648897/_oqmG5ih_normal.jpg","profile_image_url_https":"https://pbs.twimg.com/profile_images/875603832381648897/_oqmG5ih_normal.jpg","profile_banner_url":"https://pbs.twimg.com/profile_banners/124313306/1480647218","profile_link_color":"0084B4","profile_sidebar_border_color":"FFFFFF","profile_sidebar_fill_color":"DDEEF6","profile_text_color":"333333","profile_use_background_image":true,"has_extended_profile":false,"default_profile":false,"default_profile_image":false,"following":false,"follow_request_sent":false,"notifications":false,"translator_type":"none"},"geo":null,"coordinates":null,"place":null,"contributors":null,"is_quote_status":false,"retweet_count":1850,"favorite_count":2656,"favorited":false,"retweeted":false,"possibly_sensitive":false,"lang":"ja"},{"created_at":"Tue Jul 18 14:07:49 +0000 2017","id":887312959713587200,"id_str":"887312959713587200","text":"風邪を引いたつぐみちゃんの看病をしに来たはずの蘭ちゃんの熱が上がる蘭つぐ https://t.co/cNplVwfj5S","truncated":false,"entities":{"hashtags":[],"symbols":[],"user_mentions":[],"urls":[],"media":[{"id":887312946417631200,"id_str":"887312946417631232","indices":[37,60],"media_url":"http://pbs.twimg.com/media/DFBebG_UAAAPZdU.jpg","media_url_https":"https://pbs.twimg.com/media/DFBebG_UAAAPZdU.jpg","url":"https://t.co/cNplVwfj5S","display_url":"pic.twitter.com/cNplVwfj5S","expanded_url":"https://twitter.com/syu_612/status/887312959713587200/photo/1","type":"photo","sizes":{"small":{"w":510,"h":680,"resize":"fit"},"thumb":{"w":150,"h":150,"resize":"crop"},"medium":{"w":900,"h":1200,"resize":"fit"},"large":{"w":1200,"h":1600,"resize":"fit"}}}]},"extended_entities":{"media":[{"id":887312946417631200,"id_str":"887312946417631232","indices":[37,60],"media_url":"http://pbs.twimg.com/media/DFBebG_UAAAPZdU.jpg","media_url_https":"https://pbs.twimg.com/media/DFBebG_UAAAPZdU.jpg","url":"https://t.co/cNplVwfj5S","display_url":"pic.twitter.com/cNplVwfj5S","expanded_url":"https://twitter.com/syu_612/status/887312959713587200/photo/1","type":"photo","sizes":{"small":{"w":510,"h":680,"resize":"fit"},"thumb":{"w":150,"h":150,"resize":"crop"},"medium":{"w":900,"h":1200,"resize":"fit"},"large":{"w":1200,"h":1600,"resize":"fit"}}}]},"metadata":{"iso_language_code":"ja","result_type":"recent"},"source":"<a href=\"http://twitter.com/download/iphone\" rel=\"nofollow\">Twitter for iPhone</a>","in_reply_to_status_id":null,"in_reply_to_status_id_str":null,"in_reply_to_user_id":null,"in_reply_to_user_id_str":null,"in_reply_to_screen_name":null,"user":{"id":719097679,"id_str":"719097679","name":"矢坂しゅう@土曜日東D-09a","screen_name":"syu_612","location":"","description":"晴れた空とあの風とバンドパーティと百合。サークル「すまいるすたじお」活動中。連絡先→smilestudio_ysk@hotmail.com","url":"https://t.co/zbGRIsUic2","entities":{"url":{"urls":[{"url":"https://t.co/zbGRIsUic2","expanded_url":"http://www.pixiv.net/member.php?id=2798316","display_url":"pixiv.net/member.php?id=…","indices":[0,23]}]},"description":{"urls":[]}},"protected":false,"followers_count":42719,"friends_count":196,"listed_count":1069,"created_at":"Fri Jul 27 00:43:52 +0000 2012","favourites_count":2826,"utc_offset":28800,"time_zone":"Irkutsk","geo_enabled":true,"verified":false,"statuses_count":62387,"lang":"ja","contributors_enabled":false,"is_translator":false,"is_translation_enabled":false,"profile_background_color":"C0DEED","profile_background_image_url":"http://abs.twimg.com/images/themes/theme1/bg.png","profile_background_image_url_https":"https://abs.twimg.com/images/themes/theme1/bg.png","profile_background_tile":false,"profile_image_url":"http://pbs.twimg.com/profile_images/871350311872372736/GbMfbqRx_normal.jpg","profile_image_url_https":"https://pbs.twimg.com/profile_images/871350311872372736/GbMfbqRx_normal.jpg","profile_banner_url":"https://pbs.twimg.com/profile_banners/719097679/1497015427","profile_link_color":"1DA1F2","profile_sidebar_border_color":"C0DEED","profile_sidebar_fill_color":"DDEEF6","profile_text_color":"333333","profile_use_background_image":true,"has_extended_profile":true,"default_profile":true,"default_profile_image":false,"following":false,"follow_request_sent":false,"notifications":false,"translator_type":"none"},"geo":null,"coordinates":null,"place":null,"contributors":null,"is_quote_status":false,"retweet_count":933,"favorite_count":1764,"favorited":false,"retweeted":false,"possibly_sensitive":false,"lang":"ja"},{"created_at":"Tue Jul 18 14:03:10 +0000 2017","id":887311787774713900,"id_str":"887311787774713857","text":"もふもふえんはショタユニットだと思うだろ……違うんだぜ！！周りより少し身体が小さいだけの、アツくてちょーーーーーーーカッコいい315なユニットなんだぜ！！","truncated":false,"entities":{"hashtags":[],"symbols":[],"user_mentions":[],"urls":[]},"metadata":{"iso_language_code":"ja","result_type":"recent"},"source":"<a href=\"http://twitter.com/download/iphone\" rel=\"nofollow\">Twitter for iPhone</a>","in_reply_to_status_id":null,"in_reply_to_status_id_str":null,"in_reply_to_user_id":null,"in_reply_to_user_id_str":null,"in_reply_to_screen_name":null,"user":{"id":2152793994,"id_str":"2152793994","name":"古畑恵介","screen_name":"KSK__F","location":"","description":"SMA所属 新人声優です。 『アイドルマスターSideM』橘志狼/『劇団アルタイル』大崎イズモ https://t.co/t2nuAiPvrN『プンママと一緒』毎週月曜放送中〜","url":"https://t.co/eOHBEP9TLO","entities":{"url":{"urls":[{"url":"https://t.co/eOHBEP9TLO","expanded_url":"http://www.sma.co.jp/artists/keisukefuruhata","display_url":"sma.co.jp/artists/keisuk…","indices":[0,23]}]},"description":{"urls":[{"url":"https://t.co/t2nuAiPvrN","expanded_url":"http://OPENREC.tv","display_url":"OPENREC.tv","indices":[48,71]}]}},"protected":false,"followers_count":20429,"friends_count":221,"listed_count":1948,"created_at":"Thu Oct 24 11:37:36 +0000 2013","favourites_count":8257,"utc_offset":null,"time_zone":null,"geo_enabled":true,"verified":false,"statuses_count":11644,"lang":"ja","contributors_enabled":false,"is_translator":false,"is_translation_enabled":false,"profile_background_color":"C0DEED","profile_background_image_url":"http://abs.twimg.com/images/themes/theme1/bg.png","profile_background_image_url_https":"https://abs.twimg.com/images/themes/theme1/bg.png","profile_background_tile":false,"profile_image_url":"http://pbs.twimg.com/profile_images/878324220253487106/i-zVxYdr_normal.jpg","profile_image_url_https":"https://pbs.twimg.com/profile_images/878324220253487106/i-zVxYdr_normal.jpg","profile_banner_url":"https://pbs.twimg.com/profile_banners/2152793994/1471703598","profile_link_color":"1DA1F2","profile_sidebar_border_color":"C0DEED","profile_sidebar_fill_color":"DDEEF6","profile_text_color":"333333","profile_use_background_image":true,"has_extended_profile":false,"default_profile":true,"default_profile_image":false,"following":false,"follow_request_sent":false,"notifications":false,"translator_type":"none"},"geo":null,"coordinates":null,"place":null,"contributors":null,"is_quote_status":false,"retweet_count":1109,"favorite_count":1611,"favorited":false,"retweeted":false,"lang":"ja"}],"search_metadata":{"completed_in":0.166,"max_id":887327135752306700,"max_id_str":"887327135752306688","next_results":"?max_id=887311787774713856&q=lang%3Aja%20min_retweets%3A500&include_entities=1","query":"lang%3Aja+min_retweets%3A500","refresh_url":"?since_id=887327135752306688&q=lang%3Aja%20min_retweets%3A500&include_entities=1","count":15,"since_id":0,"since_id_str":"0"}}