{"statuses":[{"created_at":"Thu Jul 20 08:41:45 +0000 2017","id":887955676080648200,"id_str":"887955676080648192","text":"LINE新機能満喫。\n古賀氏はしりとりを知らない模様。。 https://t.co/jvP2kOU9QG","truncated":false,"entities":{"hashtags":[],"symbols":[],"user_mentions":[],"urls":[],"media":[{"id":887955667239059500,"id_str":"887955667239059456","indices":[29,52],"media_url":"http://pbs.twimg.com/media/DFKm-YoUQAAL_mq.jpg","media_url_https":"https://pbs.twimg.com/media/DFKm-YoUQAAL_mq.jpg","url":"https://t.co/jvP2kOU9QG","display_url":"pic.twitter.com/jvP2kOU9QG","expanded_url":"https://twitter.com/SayakaNeon/status/887955676080648192/photo/1","type":"photo","sizes":{"thumb":{"w":150,"h":150,"resize":"crop"},"large":{"w":1240,"h":1592,"resize":"fit"},"medium":{"w":935,"h":1200,"resize":"fit"},"small":{"w":530,"h":680,"resize":"fit"}}}]},"extended_entities":{"media":[{"id":887955667239059500,"id_str":"887955667239059456","indices":[29,52],"media_url":"http://pbs.twimg.com/media/DFKm-YoUQAAL_mq.jpg","media_url_https":"https://pbs.twimg.com/media/DFKm-YoUQAAL_mq.jpg","url":"https://t.co/jvP2kOU9QG","display_url":"pic.twitter.com/jvP2kOU9QG","expanded_url":"https://twitter.com/SayakaNeon/status/887955676080648192/photo/1","type":"photo","sizes":{"thumb":{"w":150,"h":150,"resize":"crop"},"large":{"w":1240,"h":1592,"resize":"fit"},"medium":{"w":935,"h":1200,"resize":"fit"},"small":{"w":530,"h":680,"resize":"fit"}}}]},"metadata":{"iso_language_code":"ja","result_type":"recent"},"source":"<a href=\"http://twitter.com/download/iphone\" rel=\"nofollow\">Twitter for iPhone</a>","in_reply_to_status_id":null,"in_reply_to_status_id_str":null,"in_reply_to_user_id":null,"in_reply_to_user_id_str":null,"in_reply_to_screen_name":null,"user":{"id":2847742519,"id_str":"2847742519","name":"山本彩","screen_name":"SayakaNeon","location":"10/4 2ndソロアルバム発売！！！！","description":"彩と書いて(さやか)と読みます（^人^） ㅤㅤㅤㅤㅤㅤㅤㅤㅤㅤㅤㅤㅤNMB48です。。ずっと音楽をやっていたい多趣味人間です。。。。。。 https://t.co/qeoZrFLWnH","url":"https://t.co/cJltaIMVtA","entities":{"url":{"urls":[{"url":"https://t.co/cJltaIMVtA","expanded_url":"https://www.instagram.com/sayaka__714/","display_url":"instagram.com/sayaka__714/","indices":[0,23]}]},"description":{"urls":[{"url":"https://t.co/qeoZrFLWnH","expanded_url":"http://yamamotosayaka.jp/","display_url":"yamamotosayaka.jp","indices":[69,92]}]}},"protected":false,"followers_count":1687161,"friends_count":333,"listed_count":8136,"created_at":"Wed Oct 08 17:37:59 +0000 2014","favourites_count":408,"utc_offset":32400,"time_zone":"Seoul","geo_enabled":false,"verified":true,"statuses_count":4104,"lang":"ja","contributors_enabled":false,"is_translator":false,"is_translation_enabled":false,"profile_background_color":"C0DEED","profile_background_image_url":"http://abs.twimg.com/images/themes/theme1/bg.png","profile_background_image_url_https":"https://abs.twimg.com/images/themes/theme1/bg.png","profile_background_tile":false,"profile_image_url":"http://pbs.twimg.com/profile_images/801092463838392321/-ER7HjRP_normal.jpg","profile_image_url_https":"https://pbs.twimg.com/profile_images/801092463838392321/-ER7HjRP_normal.jpg","profile_banner_url":"https://pbs.twimg.com/profile_banners/2847742519/1451644059","profile_link_color":"1DA1F2","profile_sidebar_border_color":"C0DEED","profile_sidebar_fill_color":"DDEEF6","profile_text_color":"333333","profile_use_background_image":true,"has_extended_profile":false,"default_profile":true,"default_profile_image":false,"following":false,"follow_request_sent":false,"notifications":false,"translator_type":"none"},"geo":null,"coordinates":null,"place":null,"contributors":null,"is_quote_status":false,"retweet_count":550,"favorite_count":2444,"favorited":false,"retweeted":false,"possibly_sensitive":false,"lang":"ja"},{"created_at":"Thu Jul 20 08:34:17 +0000 2017","id":887953799846928400,"id_str":"887953799846928388","text":"本日はお暑い中『めざましライブ』にお越し下さった皆さん、最高の盛り上がりをありがとうございました🙏✨✨✨\n\nアンコールでは久しぶりに『FRONTIERS』もパフォーマンスさせて頂きました😁✨\n\n川村壱馬\n\n#夏の暑さ吹き飛ぶくらい… https://t.co/lEGqtZZrnF","truncated":true,"entities":{"hashtags":[{"text":"夏の暑さ吹き飛ぶくらい","indices":[103,115]}],"symbols":[],"user_mentions":[],"urls":[{"url":"https://t.co/lEGqtZZrnF","expanded_url":"https://twitter.com/i/web/status/887953799846928388","display_url":"twitter.com/i/web/status/8…","indices":[117,140]}]},"metadata":{"iso_language_code":"ja","result_type":"recent"},"source":"<a href=\"http://twitter.com/download/iphone\" rel=\"nofollow\">Twitter for iPhone</a>","in_reply_to_status_id":null,"in_reply_to_status_id_str":null,"in_reply_to_user_id":null,"in_reply_to_user_id_str":null,"in_reply_to_screen_name":null,"user":{"id":703069848457228300,"id_str":"703069848457228288","name":"THE RAMPAGE OFFICIAL","screen_name":"therampagefext","location":"","description":"THE RAMPAGE from EXILE TRIBE Official account‼ https://t.co/b2w9QtZAv0","url":"https://t.co/OTrUwgzH9S","entities":{"url":{"urls":[{"url":"https://t.co/OTrUwgzH9S","expanded_url":"https://www.instagram.com/the_rampage_official/","display_url":"instagram.com/the_rampage_of…","indices":[0,23]}]},"description":{"urls":[{"url":"https://t.co/b2w9QtZAv0","expanded_url":"http://the-rampage.jp/","display_url":"the-rampage.jp","indices":[47,70]}]}},"protected":false,"followers_count":310419,"friends_count":96,"listed_count":758,"created_at":"Fri Feb 26 04:11:29 +0000 2016","favourites_count":19,"utc_offset":-25200,"time_zone":"Pacific Time (US & Canada)","geo_enabled":false,"verified":true,"statuses_count":1502,"lang":"ja","contributors_enabled":false,"is_translator":false,"is_translation_enabled":false,"profile_background_color":"F5F8FA","profile_background_image_url":null,"profile_background_image_url_https":null,"profile_background_tile":false,"profile_image_url":"http://pbs.twimg.com/profile_images/791561824906809344/38ndfy6N_normal.jpg","profile_image_url_https":"https://pbs.twimg.com/profile_images/791561824906809344/38ndfy6N_normal.jpg","profile_banner_url":"https://pbs.twimg.com/profile_banners/703069848457228288/1498890358","profile_link_color":"1DA1F2","profile_sidebar_border_color":"C0DEED","profile_sidebar_fill_color":"DDEEF6","profile_text_color":"333333","profile_use_background_image":true,"has_extended_profile":false,"default_profile":true,"default_profile_image":false,"following":false,"follow_request_sent":false,"notifications":false,"translator_type":"none"},"geo":null,"coordinates":null,"place":null,"contributors":null,"is_quote_status":false,"retweet_count":875,"favorite_count":4150,"favorited":false,"retweeted":false,"possibly_sensitive":false,"lang":"ja"},{"created_at":"Thu Jul 20 08:28:31 +0000 2017","id":887952347002937300,"id_str":"887952347002937344","text":"@staff_aoi うおおおおお！可愛い！！！可愛い！！！おっぱいあげる！！！","truncated":false,"entities":{"hashtags":[],"symbols":[],"user_mentions":[{"screen_name":"staff_aoi","name":"悠木碧【公式】","id":882789714201198600,"id_str":"882789714201198592","indices":[0,10]}],"urls":[]},"metadata":{"iso_language_code":"ja","result_type":"recent"},"source":"<a href=\"http://twipple.jp/\" rel=\"nofollow\">ついっぷる for Android</a>","in_reply_to_status_id":887928759252271100,"in_reply_to_status_id_str":"887928759252271105","in_reply_to_user_id":882789714201198600,"in_reply_to_user_id_str":"882789714201198592","in_reply_to_screen_name":"staff_aoi","user":{"id":420077970,"id_str":"420077970","name":"竹達 彩奈","screen_name":"Ayana_take","location":"おなかいっぱい☺","description":"声優をしています。","url":"https://t.co/eq4TGE7ov1","entities":{"url":{"urls":[{"url":"https://t.co/eq4TGE7ov1","expanded_url":"http://ayanataketatsu.jp/","display_url":"ayanataketatsu.jp","indices":[0,23]}]},"description":{"urls":[]}},"protected":false,"followers_count":772517,"friends_count":315,"listed_count":14224,"created_at":"Thu Nov 24 04:55:50 +0000 2011","favourites_count":325,"utc_offset":-36000,"time_zone":"Hawaii","geo_enabled":false,"verified":true,"statuses_count":8638,"lang":"ja","contributors_enabled":false,"is_translator":false,"is_translation_enabled":true,"profile_background_color":"C0DEED","profile_background_image_url":"http://abs.twimg.com/images/themes/theme1/bg.png","profile_background_image_url_https":"https://abs.twimg.com/images/themes/theme1/bg.png","profile_background_tile":false,"profile_image_url":"http://pbs.twimg.com/profile_images/883709821509279744/FELB3yOF_normal.jpg","profile_image_url_https":"https://pbs.twimg.com/profile_images/883709821509279744/FELB3yOF_normal.jpg","profile_link_color":"1DA1F2","profile_sidebar_border_color":"C0DEED","profile_sidebar_fill_color":"DDEEF6","profile_text_color":"333333","profile_use_background_image":true,"has_extended_profile":true,"default_profile":true,"default_profile_image":false,"following":false,"follow_request_sent":false,"notifications":false,"translator_type":"none"},"geo":null,"coordinates":null,"place":null,"contributors":null,"is_quote_status":false,"retweet_count":1115,"favorite_count":1540,"favorited":false,"retweeted":false,"lang":"ja"},{"created_at":"Thu Jul 20 08:28:11 +0000 2017","id":887952261665628200,"id_str":"887952261665628160","text":"さらに、明日はKinKi Kidsの堂本光一さん、堂本剛さんがZIP!のスタジオに登場！！\n#明日のZIP! #ziptv","truncated":false,"entities":{"hashtags":[{"text":"明日のZIP","indices":[46,53]},{"text":"ziptv","indices":[55,61]}],"symbols":[],"user_mentions":[],"urls":[]},"metadata":{"iso_language_code":"ja","result_type":"recent"},"source":"<a href=\"http://twitter.com\" rel=\"nofollow\">Twitter Web Client</a>","in_reply_to_status_id":null,"in_reply_to_status_id_str":null,"in_reply_to_user_id":null,"in_reply_to_user_id_str":null,"in_reply_to_screen_name":null,"user":{"id":271859211,"id_str":"271859211","name":"ZIP! 日テレ","screen_name":"ZIP_TV","location":"汐留","description":"日テレ系『ZIP!』公式アカウントは「@ZIP_TV」★ZIP!web編集スタッフがゆる～くつぶやきます。ハッシュタグは[#ziptv]。放送内容は変更になる場合があります。ご了承ください。★番組へのご意見、ご要望、お問い合わせは番組HPからお願いします。⇒https://t.co/OM0lQTPMl9","url":"https://t.co/OM0lQTPMl9","entities":{"url":{"urls":[{"url":"https://t.co/OM0lQTPMl9","expanded_url":"http://www.ntv.co.jp/zip/","display_url":"ntv.co.jp/zip/","indices":[0,23]}]},"description":{"urls":[{"url":"https://t.co/OM0lQTPMl9","expanded_url":"http://www.ntv.co.jp/zip/","display_url":"ntv.co.jp/zip/","indices":[129,152]}]}},"protected":false,"followers_count":257189,"friends_count":5453,"listed_count":2309,"created_at":"Fri Mar 25 09:49:04 +0000 2011","favourites_count":2291,"utc_offset":32400,"time_zone":"Tokyo","geo_enabled":false,"verified":true,"statuses_count":14689,"lang":"ja","contributors_enabled":false,"is_translator":false,"is_translation_enabled":false,"profile_background_color":"C0DEED","profile_background_image_url":"http://pbs.twimg.com/profile_background_images/712644569/4b8833d8201c2038f6c2e715f6e2e626.gif","profile_background_image_url_https":"https://pbs.twimg.com/profile_background_images/712644569/4b8833d8201c2038f6c2e715f6e2e626.gif","profile_background_tile":false,"profile_image_url":"http://pbs.twimg.com/profile_images/776067245583675392/Q_20qcaf_normal.jpg","profile_image_url_https":"https://pbs.twimg.com/profile_images/776067245583675392/Q_20qcaf_normal.jpg","profile_banner_url":"https://pbs.twimg.com/profile_banners/271859211/1447402331","profile_link_color":"E16EA6","profile_sidebar_border_color":"FFFFFF","profile_sidebar_fill_color":"DDEEF6","profile_text_color":"333333","profile_use_background_image":true,"has_extended_profile":false,"default_profile":false,"default_profile_image":false,"following":false,"follow_request_sent":false,"notifications":false,"translator_type":"none"},"geo":null,"coordinates":null,"place":null,"contributors":null,"is_quote_status":false,"retweet_count":624,"favorite_count":497,"favorited":false,"retweeted":false,"lang":"ja"},{"created_at":"Thu Jul 20 08:24:09 +0000 2017","id":887951248153911300,"id_str":"887951248153911296","text":"今後の放送予定ですぅー📺\n◆明日　特別ドラマ企画「ぼくらの勇気 未満都市2017」\n◆７月２８日「ジュラシック・パーク」\n◆８月４日「ジュラシック・ワールド」\n◆１１日「HiGH&amp;LOW THE MOVIE特別版 from the… https://t.co/CXzfxybUYh","truncated":true,"entities":{"hashtags":[],"symbols":[],"user_mentions":[],"urls":[{"url":"https://t.co/CXzfxybUYh","expanded_url":"https://twitter.com/i/web/status/887951248153911296","display_url":"twitter.com/i/web/status/8…","indices":[121,144]}]},"metadata":{"iso_language_code":"ja","result_type":"recent"},"source":"<a href=\"http://twitter.com\" rel=\"nofollow\">Twitter Web Client</a>","in_reply_to_status_id":null,"in_reply_to_status_id_str":null,"in_reply_to_user_id":null,"in_reply_to_user_id_str":null,"in_reply_to_screen_name":null,"user":{"id":626126462,"id_str":"626126462","name":"スタンリー＠金曜ロードSHOW! 公式","screen_name":"kinro_ntv","location":"","description":"日本テレビ「金曜ロードSHOW!」の公式ツイッターアカウントです。番組の宣伝・PR大使を務める黒うさぎ・スタンリーが作品のみどころ、番組制作の裏話、ここでしか聞けないお得情報などをつぶやきます！放送中には実況しますよー（≧∇≦）","url":"https://t.co/49QWLvdjuv","entities":{"url":{"urls":[{"url":"https://t.co/49QWLvdjuv","expanded_url":"http://www.ntv.co.jp/kinro","display_url":"ntv.co.jp/kinro","indices":[0,23]}]},"description":{"urls":[]}},"protected":false,"followers_count":336856,"friends_count":14919,"listed_count":1926,"created_at":"Wed Jul 04 03:39:59 +0000 2012","favourites_count":941,"utc_offset":32400,"time_zone":"Tokyo","geo_enabled":true,"verified":true,"statuses_count":9120,"lang":"ja","contributors_enabled":false,"is_translator":false,"is_translation_enabled":false,"profile_background_color":"C0DEED","profile_background_image_url":"http://pbs.twimg.com/profile_background_images/712118681837252610/HVCaDa3l.jpg","profile_background_image_url_https":"https://pbs.twimg.com/profile_background_images/712118681837252610/HVCaDa3l.jpg","profile_background_tile":false,"profile_image_url":"http://pbs.twimg.com/profile_images/806425466647166976/TXwYLO4e_normal.jpg","profile_image_url_https":"https://pbs.twimg.com/profile_images/806425466647166976/TXwYLO4e_normal.jpg","profile_banner_url":"https://pbs.twimg.com/profile_banners/626126462/1460729875","profile_link_color":"FAB81E","profile_sidebar_border_color":"000000","profile_sidebar_fill_color":"000000","profile_text_color":"000000","profile_use_background_image":true,"has_extended_profile":false,"default_profile":false,"default_profile_image":false,"following":false,"follow_request_sent":false,"notifications":false,"translator_type":"none"},"geo":null,"coordinates":null,"place":null,"contributors":null,"is_quote_status":false,"retweet_count":624,"favorite_count":886,"favorited":false,"retweeted":false,"possibly_sensitive":false,"lang":"ja"},{"created_at":"Thu Jul 20 08:22:52 +0000 2017","id":887950922885677000,"id_str":"887950922885677056","text":"ツアーファイナル前なので\npizzicatoのタナカさんにカラーして貰いました！\n気合いマックスのシルバーアッシュ入れて貰ったよ！\n名古屋そして東京ファイナル頑張るぞ。 https://t.co/CdHJH0LxFo","truncated":false,"entities":{"hashtags":[],"symbols":[],"user_mentions":[],"urls":[],"media":[{"id":887950913322668000,"id_str":"887950913322668032","indices":[85,108],"media_url":"http://pbs.twimg.com/media/DFKipq6U0AA8IaH.jpg","media_url_https":"https://pbs.twimg.com/media/DFKipq6U0AA8IaH.jpg","url":"https://t.co/CdHJH0LxFo","display_url":"pic.twitter.com/CdHJH0LxFo","expanded_url":"https://twitter.com/luzabs/status/887950922885677056/photo/1","type":"photo","sizes":{"medium":{"w":959,"h":784,"resize":"fit"},"thumb":{"w":150,"h":150,"resize":"crop"},"large":{"w":959,"h":784,"resize":"fit"},"small":{"w":680,"h":556,"resize":"fit"}}}]},"extended_entities":{"media":[{"id":887950913322668000,"id_str":"887950913322668032","indices":[85,108],"media_url":"http://pbs.twimg.com/media/DFKipq6U0AA8IaH.jpg","media_url_https":"https://pbs.twimg.com/media/DFKipq6U0AA8IaH.jpg","url":"https://t.co/CdHJH0LxFo","display_url":"pic.twitter.com/CdHJH0LxFo","expanded_url":"https://twitter.com/luzabs/status/887950922885677056/photo/1","type":"photo","sizes":{"medium":{"w":959,"h":784,"resize":"fit"},"thumb":{"w":150,"h":150,"resize":"crop"},"large":{"w":959,"h":784,"resize":"fit"},"small":{"w":680,"h":556,"resize":"fit"}}}]},"metadata":{"iso_language_code":"ja","result_type":"recent"},"source":"<a href=\"http://twitter.com/download/iphone\" rel=\"nofollow\">Twitter for iPhone</a>","in_reply_to_status_id":null,"in_reply_to_status_id_str":null,"in_reply_to_user_id":null,"in_reply_to_user_id_str":null,"in_reply_to_screen_name":null,"user":{"id":181127176,"id_str":"181127176","name":"luz(ルス)Reflexión6/28","screen_name":"luzabs","location":"るすやけど","description":"3rd ALBUM 『Reflexión』2017.6.28発売決定！ XYZPオーガナイザー https://t.co/ZKyROrLgHS https://t.co/cNBAdEjVPF 連絡先:luz_renraku@yahoo.co.jp","url":"https://t.co/gdzJDbIkOH","entities":{"url":{"urls":[{"url":"https://t.co/gdzJDbIkOH","expanded_url":"http://luz-web.com/","display_url":"luz-web.com","indices":[0,23]}]},"description":{"urls":[{"url":"https://t.co/ZKyROrLgHS","expanded_url":"http://www.nicovideo.jp/mylist/22400954","display_url":"nicovideo.jp/mylist/22400954","indices":[48,71]},{"url":"https://t.co/cNBAdEjVPF","expanded_url":"https://www.instagram.com/luzofficial/","display_url":"instagram.com/luzofficial/","indices":[72,95]}]}},"protected":false,"followers_count":391580,"friends_count":450,"listed_count":4988,"created_at":"Sat Aug 21 10:32:20 +0000 2010","favourites_count":546,"utc_offset":-36000,"time_zone":"Hawaii","geo_enabled":false,"verified":true,"statuses_count":8454,"lang":"ja","contributors_enabled":false,"is_translator":false,"is_translation_enabled":false,"profile_background_color":"000000","profile_background_image_url":"http://abs.twimg.com/images/themes/theme14/bg.gif","profile_background_image_url_https":"https://abs.twimg.com/images/themes/theme14/bg.gif","profile_background_tile":false,"profile_image_url":"http://pbs.twimg.com/profile_images/856478504761696256/c-NHcDeJ_normal.jpg","profile_image_url_https":"https://pbs.twimg.com/profile_images/856478504761696256/c-NHcDeJ_normal.jpg","profile_banner_url":"https://pbs.twimg.com/profile_banners/181127176/1493035364","profile_link_color":"000000","profile_sidebar_border_color":"FFFFFF","profile_sidebar_fill_color":"FFFFFF","profile_text_color":"333333","profile_use_background_image":true,"has_extended_profile":false,"default_profile":false,"default_profile_image":false,"following":false,"follow_request_sent":false,"notifications":false,"translator_type":"none"},"geo":null,"coordinates":null,"place":null,"contributors":null,"is_quote_status":false,"retweet_count":1423,"favorite_count":6633,"favorited":false,"retweeted":false,"possibly_sensitive":false,"lang":"ja"},{"created_at":"Thu Jul 20 08:20:04 +0000 2017","id":887950221820350500,"id_str":"887950221820350464","text":"#shadowverse\n【構築済デッキ第2弾】\n大好評だった構築済デッキの第2弾が、7月31日にリリース予定！今回はエルフデッキの「異形の茨」を紹介いたします。\n https://t.co/K2mZGtUDhw https://t.co/U5ijKTgxln","truncated":false,"entities":{"hashtags":[{"text":"shadowverse","indices":[0,12]}],"symbols":[],"user_mentions":[],"urls":[{"url":"https://t.co/K2mZGtUDhw","expanded_url":"http://eng.mg/1e859","display_url":"eng.mg/1e859","indices":[83,106]}],"media":[{"id":887950218490028000,"id_str":"887950218490028033","indices":[107,130],"media_url":"http://pbs.twimg.com/media/DFKiBOdUIAEgY3H.jpg","media_url_https":"https://pbs.twimg.com/media/DFKiBOdUIAEgY3H.jpg","url":"https://t.co/U5ijKTgxln","display_url":"pic.twitter.com/U5ijKTgxln","expanded_url":"https://twitter.com/shadowverse_jp/status/887950221820350464/photo/1","type":"photo","sizes":{"large":{"w":1200,"h":750,"resize":"fit"},"medium":{"w":1200,"h":750,"resize":"fit"},"thumb":{"w":150,"h":150,"resize":"crop"},"small":{"w":680,"h":425,"resize":"fit"}}}]},"extended_entities":{"media":[{"id":887950218490028000,"id_str":"887950218490028033","indices":[107,130],"media_url":"http://pbs.twimg.com/media/DFKiBOdUIAEgY3H.jpg","media_url_https":"https://pbs.twimg.com/media/DFKiBOdUIAEgY3H.jpg","url":"https://t.co/U5ijKTgxln","display_url":"pic.twitter.com/U5ijKTgxln","expanded_url":"https://twitter.com/shadowverse_jp/status/887950221820350464/photo/1","type":"photo","sizes":{"large":{"w":1200,"h":750,"resize":"fit"},"medium":{"w":1200,"h":750,"resize":"fit"},"thumb":{"w":150,"h":150,"resize":"crop"},"small":{"w":680,"h":425,"resize":"fit"}}}]},"metadata":{"iso_language_code":"ja","result_type":"recent"},"source":"<a href=\"http://engagemanager.tribalmedia.co.jp/\" rel=\"nofollow\">EngageManager</a>","in_reply_to_status_id":null,"in_reply_to_status_id_str":null,"in_reply_to_user_id":null,"in_reply_to_user_id_str":null,"in_reply_to_screen_name":null,"user":{"id":3321204048,"id_str":"3321204048","name":"Shadowverse公式アカウント","screen_name":"shadowverse_jp","location":"","description":"株式会社Cygamesがお送りする本格対戦型デジタルTCG「Shadowverse (シャドウバース)」です。イベント情報やゲームに関連する情報をお知らせします。サイトはこちらhttp://t.co/uUPGk37VGV","url":null,"entities":{"description":{"urls":[{"url":"http://t.co/uUPGk37VGV","expanded_url":"http://shadowverse.jp/","display_url":"shadowverse.jp","indices":[88,110]}]}},"protected":false,"followers_count":510092,"friends_count":13,"listed_count":2661,"created_at":"Thu Aug 20 11:23:22 +0000 2015","favourites_count":0,"utc_offset":32400,"time_zone":"Tokyo","geo_enabled":false,"verified":true,"statuses_count":3552,"lang":"ja","contributors_enabled":false,"is_translator":false,"is_translation_enabled":false,"profile_background_color":"000000","profile_background_image_url":"http://abs.twimg.com/images/themes/theme1/bg.png","profile_background_image_url_https":"https://abs.twimg.com/images/themes/theme1/bg.png","profile_background_tile":false,"profile_image_url":"http://pbs.twimg.com/profile_images/654952195876458497/skxZNf4S_normal.jpg","profile_image_url_https":"https://pbs.twimg.com/profile_images/654952195876458497/skxZNf4S_normal.jpg","profile_banner_url":"https://pbs.twimg.com/profile_banners/3321204048/1466245987","profile_link_color":"000000","profile_sidebar_border_color":"000000","profile_sidebar_fill_color":"000000","profile_text_color":"000000","profile_use_background_image":false,"has_extended_profile":false,"default_profile":false,"default_profile_image":false,"following":false,"follow_request_sent":false,"notifications":false,"translator_type":"regular"},"geo":null,"coordinates":null,"place":null,"contributors":null,"is_quote_status":false,"retweet_count":2751,"favorite_count":1398,"favorited":false,"retweeted":false,"possibly_sensitive":false,"lang":"ja"},{"created_at":"Thu Jul 20 08:19:59 +0000 2017","id":887950198667788300,"id_str":"887950198667788288","text":"兵庫県明石さんエリア(艦娘MAP No.13) https://t.co/rgwueYtdsN","truncated":false,"entities":{"hashtags":[],"symbols":[],"user_mentions":[],"urls":[],"media":[{"id":887949580666413000,"id_str":"887949580666413056","indices":[24,47],"media_url":"http://pbs.twimg.com/media/DFKhcGYUIAAOwGX.png","media_url_https":"https://pbs.twimg.com/media/DFKhcGYUIAAOwGX.png","url":"https://t.co/rgwueYtdsN","display_url":"pic.twitter.com/rgwueYtdsN","expanded_url":"https://twitter.com/rinc7600/status/887950198667788288/photo/1","type":"photo","sizes":{"medium":{"w":800,"h":1116,"resize":"fit"},"thumb":{"w":150,"h":150,"resize":"crop"},"large":{"w":800,"h":1116,"resize":"fit"},"small":{"w":487,"h":680,"resize":"fit"}}}]},"extended_entities":{"media":[{"id":887949580666413000,"id_str":"887949580666413056","indices":[24,47],"media_url":"http://pbs.twimg.com/media/DFKhcGYUIAAOwGX.png","media_url_https":"https://pbs.twimg.com/media/DFKhcGYUIAAOwGX.png","url":"https://t.co/rgwueYtdsN","display_url":"pic.twitter.com/rgwueYtdsN","expanded_url":"https://twitter.com/rinc7600/status/887950198667788288/photo/1","type":"photo","sizes":{"medium":{"w":800,"h":1116,"resize":"fit"},"thumb":{"w":150,"h":150,"resize":"crop"},"large":{"w":800,"h":1116,"resize":"fit"},"small":{"w":487,"h":680,"resize":"fit"}}}]},"metadata":{"iso_language_code":"ja","result_type":"recent"},"source":"<a href=\"http://twitter.com\" rel=\"nofollow\">Twitter Web Client</a>","in_reply_to_status_id":null,"in_reply_to_status_id_str":null,"in_reply_to_user_id":null,"in_reply_to_user_id_str":null,"in_reply_to_screen_name":null,"user":{"id":2312186198,"id_str":"2312186198","name":"壱河ふぇーす@1日目 東C-17a","screen_name":"rinc7600","location":"お茶と海産物の国静岡","description":"艦これ絵や女の子を主に描いてます。同人サークル【いもほり農場】で活動中です。\npixiv=https://t.co/n0hnbvn3oN 宜しくお願い致します。","url":null,"entities":{"description":{"urls":[{"url":"https://t.co/n0hnbvn3oN","expanded_url":"http://pixiv.me/rinc7600","display_url":"pixiv.me/rinc7600","indices":[45,68]}]}},"protected":false,"followers_count":86251,"friends_count":602,"listed_count":2084,"created_at":"Sun Jan 26 17:24:03 +0000 2014","favourites_count":23788,"utc_offset":32400,"time_zone":"Tokyo","geo_enabled":false,"verified":false,"statuses_count":59807,"lang":"ja","contributors_enabled":false,"is_translator":false,"is_translation_enabled":false,"profile_background_color":"C0DEED","profile_background_image_url":"http://abs.twimg.com/images/themes/theme1/bg.png","profile_background_image_url_https":"https://abs.twimg.com/images/themes/theme1/bg.png","profile_background_tile":false,"profile_image_url":"http://pbs.twimg.com/profile_images/838385843198795776/GbtHikmW_normal.jpg","profile_image_url_https":"https://pbs.twimg.com/profile_images/838385843198795776/GbtHikmW_normal.jpg","profile_banner_url":"https://pbs.twimg.com/profile_banners/2312186198/1487976557","profile_link_color":"1DA1F2","profile_sidebar_border_color":"C0DEED","profile_sidebar_fill_color":"DDEEF6","profile_text_color":"333333","profile_use_background_image":true,"has_extended_profile":false,"default_profile":true,"default_profile_image":false,"following":false,"follow_request_sent":false,"notifications":false,"translator_type":"none"},"geo":null,"coordinates":null,"place":null,"contributors":null,"is_quote_status":false,"retweet_count":632,"favorite_count":1004,"favorited":false,"retweeted":false,"possibly_sensitive":false,"lang":"ja"},{"created_at":"Thu Jul 20 08:19:05 +0000 2017","id":887949970988453900,"id_str":"887949970988453889","text":"コルワより身長低空士の人達も元気だして！#グラブル\nhttps://t.co/116iGvQD3r\nもれなく頭のツムジにブランシェフィルしてくれるはず！今なら水着で！ https://t.co/2NUiqe71NQ","truncated":false,"entities":{"hashtags":[{"text":"グラブル","indices":[20,25]}],"symbols":[],"user_mentions":[],"urls":[{"url":"https://t.co/116iGvQD3r","expanded_url":"https://twitter.com/wahhoi765/status/887919985347092480","display_url":"twitter.com/wahhoi765/stat…","indices":[26,49]}],"media":[{"id":887949574433669100,"id_str":"887949574433669121","indices":[84,107],"media_url":"http://pbs.twimg.com/media/DFKhbvKUAAEytsW.jpg","media_url_https":"https://pbs.twimg.com/media/DFKhbvKUAAEytsW.jpg","url":"https://t.co/2NUiqe71NQ","display_url":"pic.twitter.com/2NUiqe71NQ","expanded_url":"https://twitter.com/kakage0904/status/887949970988453889/photo/1","type":"photo","sizes":{"large":{"w":928,"h":1045,"resize":"fit"},"small":{"w":604,"h":680,"resize":"fit"},"thumb":{"w":150,"h":150,"resize":"crop"},"medium":{"w":928,"h":1045,"resize":"fit"}}}]},"extended_entities":{"media":[{"id":887949574433669100,"id_str":"887949574433669121","indices":[84,107],"media_url":"http://pbs.twimg.com/media/DFKhbvKUAAEytsW.jpg","media_url_https":"https://pbs.twimg.com/media/DFKhbvKUAAEytsW.jpg","url":"https://t.co/2NUiqe71NQ","display_url":"pic.twitter.com/2NUiqe71NQ","expanded_url":"https://twitter.com/kakage0904/status/887949970988453889/photo/1","type":"photo","sizes":{"large":{"w":928,"h":1045,"resize":"fit"},"small":{"w":604,"h":680,"resize":"fit"},"thumb":{"w":150,"h":150,"resize":"crop"},"medium":{"w":928,"h":1045,"resize":"fit"}}}]},"metadata":{"iso_language_code":"ja","result_type":"recent"},"source":"<a href=\"http://twitter.com\" rel=\"nofollow\">Twitter Web Client</a>","in_reply_to_status_id":null,"in_reply_to_status_id_str":null,"in_reply_to_user_id":null,"in_reply_to_user_id_str":null,"in_reply_to_screen_name":null,"user":{"id":83881786,"id_str":"83881786","name":"かかげ","screen_name":"kakage0904","location":"奈良","description":"e-box株式会社に所属のイラストレーターです、お仕事のご相談は以下のメールアドレスへお願いします。 info@illust-box.com  担当者より連絡させて頂きます。 個人的・同人的なご相談はＤＭでお願いします。絵描き仲間ほしいマン（切実）","url":null,"entities":{"description":{"urls":[]}},"protected":false,"followers_count":7142,"friends_count":101,"listed_count":155,"created_at":"Tue Oct 20 16:55:52 +0000 2009","favourites_count":75,"utc_offset":32400,"time_zone":"Osaka","geo_enabled":false,"verified":false,"statuses_count":568,"lang":"ja","contributors_enabled":false,"is_translator":false,"is_translation_enabled":false,"profile_background_color":"C0DEED","profile_background_image_url":"http://pbs.twimg.com/profile_background_images/760138816/b7132240dd502b720870616b9f0e6d28.jpeg","profile_background_image_url_https":"https://pbs.twimg.com/profile_background_images/760138816/b7132240dd502b720870616b9f0e6d28.jpeg","profile_background_tile":false,"profile_image_url":"http://pbs.twimg.com/profile_images/887526657476640769/15K5c2i1_normal.jpg","profile_image_url_https":"https://pbs.twimg.com/profile_images/887526657476640769/15K5c2i1_normal.jpg","profile_banner_url":"https://pbs.twimg.com/profile_banners/83881786/1498486213","profile_link_color":"0084B4","profile_sidebar_border_color":"FFFFFF","profile_sidebar_fill_color":"DDEEF6","profile_text_color":"333333","profile_use_background_image":true,"has_extended_profile":false,"default_profile":false,"default_profile_image":false,"following":false,"follow_request_sent":false,"notifications":false,"translator_type":"none"},"geo":null,"coordinates":null,"place":null,"contributors":null,"is_quote_status":true,"quoted_status_id":887919985347092500,"quoted_status_id_str":"887919985347092480","quoted_status":{"created_at":"Thu Jul 20 06:19:55 +0000 2017","id":887919985347092500,"id_str":"887919985347092480","text":"コルワに身長まけてる男子ｗｗｗｗ https://t.co/7dyuJUnDLU","truncated":false,"entities":{"hashtags":[],"symbols":[],"user_mentions":[],"urls":[],"media":[{"id":887919981588914200,"id_str":"887919981588914176","indices":[17,40],"media_url":"http://pbs.twimg.com/media/DFKGhNOUIAAHX4G.jpg","media_url_https":"https://pbs.twimg.com/media/DFKGhNOUIAAHX4G.jpg","url":"https://t.co/7dyuJUnDLU","display_url":"pic.twitter.com/7dyuJUnDLU","expanded_url":"https://twitter.com/wahhoi765/status/887919985347092480/photo/1","type":"photo","sizes":{"medium":{"w":746,"h":715,"resize":"fit"},"small":{"w":680,"h":652,"resize":"fit"},"thumb":{"w":150,"h":150,"resize":"crop"},"large":{"w":746,"h":715,"resize":"fit"}}}]},"extended_entities":{"media":[{"id":887919981588914200,"id_str":"887919981588914176","indices":[17,40],"media_url":"http://pbs.twimg.com/media/DFKGhNOUIAAHX4G.jpg","media_url_https":"https://pbs.twimg.com/media/DFKGhNOUIAAHX4G.jpg","url":"https://t.co/7dyuJUnDLU","display_url":"pic.twitter.com/7dyuJUnDLU","expanded_url":"https://twitter.com/wahhoi765/status/887919985347092480/photo/1","type":"photo","sizes":{"medium":{"w":746,"h":715,"resize":"fit"},"small":{"w":680,"h":652,"resize":"fit"},"thumb":{"w":150,"h":150,"resize":"crop"},"large":{"w":746,"h":715,"resize":"fit"}}}]},"metadata":{"iso_language_code":"ja","result_type":"recent"},"source":"<a href=\"http://covelline.com/feather/\" rel=\"nofollow\">feather for iOS </a>","in_reply_to_status_id":null,"in_reply_to_status_id_str":null,"in_reply_to_user_id":null,"in_reply_to_user_id_str":null,"in_reply_to_screen_name":null,"user":{"id":3112974823,"id_str":"3112974823","name":"パン🥐AXZ","screen_name":"wahhoi765","location":"あーくとぅるす","description":"180くらいの団長(163664) 可愛い画像RTで世界平和を","url":null,"entities":{"description":{"urls":[]}},"protected":false,"followers_count":689,"friends_count":504,"listed_count":9,"created_at":"Sat Mar 28 13:14:33 +0000 2015","favourites_count":6355,"utc_offset":null,"time_zone":null,"geo_enabled":false,"verified":false,"statuses_count":25002,"lang":"ja","contributors_enabled":false,"is_translator":false,"is_translation_enabled":false,"profile_background_color":"C0DEED","profile_background_image_url":"http://abs.twimg.com/images/themes/theme1/bg.png","profile_background_image_url_https":"https://abs.twimg.com/images/themes/theme1/bg.png","profile_background_tile":false,"profile_image_url":"http://pbs.twimg.com/profile_images/779440652031369216/lZdVWCLH_normal.png","profile_image_url_https":"https://pbs.twimg.com/profile_images/779440652031369216/lZdVWCLH_normal.png","profile_banner_url":"https://pbs.twimg.com/profile_banners/3112974823/1464713394","profile_link_color":"1DA1F2","profile_sidebar_border_color":"C0DEED","profile_sidebar_fill_color":"DDEEF6","profile_text_color":"333333","profile_use_background_image":true,"has_extended_profile":false,"default_profile":true,"default_profile_image":false,"following":false,"follow_request_sent":false,"notifications":false,"translator_type":"none"},"geo":null,"coordinates":null,"place":null,"contributors":null,"is_quote_status":false,"retweet_count":680,"favorite_count":232,"favorited":false,"retweeted":false,"possibly_sensitive":false,"lang":"ja"},"retweet_count":556,"favorite_count":717,"favorited":false,"retweeted":false,"possibly_sensitive":false,"lang":"ja"},{"created_at":"Thu Jul 20 08:17:04 +0000 2017","id":887949464769396700,"id_str":"887949464769396738","text":"Eveくんの「あの娘にはシークレット」を歌わせていただきました！\n最高にポップでキャッチー！うおおこれからフリーライブ！\n来られない方は是非動画をお楽しみくださいな〜！！\n\n【動画】☪『あの娘シークレット』を 歌ってみた。by天月 https://t.co/wb0YxqOeuy","truncated":false,"entities":{"hashtags":[],"symbols":[],"user_mentions":[],"urls":[{"url":"https://t.co/wb0YxqOeuy","expanded_url":"http://nico.ms/sm31602648","display_url":"nico.ms/sm31602648","indices":[116,139]}]},"metadata":{"iso_language_code":"ja","result_type":"recent"},"source":"<a href=\"http://tapbots.com/tweetbot\" rel=\"nofollow\">Tweetbot for iΟS</a>","in_reply_to_status_id":null,"in_reply_to_status_id_str":null,"in_reply_to_user_id":null,"in_reply_to_user_id_str":null,"in_reply_to_screen_name":null,"user":{"id":94322333,"id_str":"94322333","name":"天月 7/19 3rdシングル発売！","screen_name":"_amatsuki_","location":"依頼など【amatsuki2525@yahoo.co.jp】","description":"どこまでも届くように歌います。 7/19 3rdシングル『Mr.fake / ツナゲル』リリースしました！ 「トモダチゲーム」主題歌、声優担当 niconico☞https://t.co/S4lxjOmZbL Youtube ☞ https://t.co/6tJz6H1C2X","url":"https://t.co/NKrARBl0oR","entities":{"url":{"urls":[{"url":"https://t.co/NKrARBl0oR","expanded_url":"http://amatsuki.jp/","display_url":"amatsuki.jp","indices":[0,23]}]},"description":{"urls":[{"url":"https://t.co/S4lxjOmZbL","expanded_url":"http://goo.gl/zAlcRg","display_url":"goo.gl/zAlcRg","indices":[81,104]},{"url":"https://t.co/6tJz6H1C2X","expanded_url":"http://bit.ly/1FLfr2s","display_url":"bit.ly/1FLfr2s","indices":[115,138]}]}},"protected":false,"followers_count":722597,"friends_count":660,"listed_count":8827,"created_at":"Thu Dec 03 12:50:34 +0000 2009","favourites_count":17769,"utc_offset":32400,"time_zone":"Tokyo","geo_enabled":true,"verified":false,"statuses_count":71636,"lang":"ja","contributors_enabled":false,"is_translator":false,"is_translation_enabled":false,"profile_background_color":"0099B9","profile_background_image_url":"http://pbs.twimg.com/profile_background_images/571927444/gghle38lydw51pogjv0d.jpeg","profile_background_image_url_https":"https://pbs.twimg.com/profile_background_images/571927444/gghle38lydw51pogjv0d.jpeg","profile_background_tile":false,"profile_image_url":"http://pbs.twimg.com/profile_images/813460090845949952/3OuQ2AvO_normal.jpg","profile_image_url_https":"https://pbs.twimg.com/profile_images/813460090845949952/3OuQ2AvO_normal.jpg","profile_banner_url":"https://pbs.twimg.com/profile_banners/94322333/1494926414","profile_link_color":"0099B9","profile_sidebar_border_color":"5ED4DC","profile_sidebar_fill_color":"95E8EC","profile_text_color":"3C3940","profile_use_background_image":true,"has_extended_profile":true,"default_profile":false,"default_profile_image":false,"following":false,"follow_request_sent":false,"notifications":false,"translator_type":"none"},"geo":null,"coordinates":null,"place":null,"contributors":null,"is_quote_status":false,"retweet_count":896,"favorite_count":4714,"favorited":false,"retweeted":false,"possibly_sensitive":false,"lang":"ja"},{"created_at":"Thu Jul 20 08:16:40 +0000 2017","id":887949365494431700,"id_str":"887949365494431745","text":"【波紋】TBS番組が心霊写真を合成？ 元画像の持ち主が告発\nhttps://t.co/8A1Thjbc7a\n\n『世界の怖い夜』で「女性の霊が写っている」と紹介された画像で、持ち主は元画像に霊らしきものは写っていないことを明らかにし… https://t.co/3Or9xuzRFM","truncated":true,"entities":{"hashtags":[],"symbols":[],"user_mentions":[],"urls":[{"url":"https://t.co/8A1Thjbc7a","expanded_url":"http://news.livedoor.com/article/detail/13361819/","display_url":"news.livedoor.com/article/detail…","indices":[30,53]},{"url":"https://t.co/3Or9xuzRFM","expanded_url":"https://twitter.com/i/web/status/887949365494431745","display_url":"twitter.com/i/web/status/8…","indices":[117,140]}]},"metadata":{"iso_language_code":"ja","result_type":"recent"},"source":"<a href=\"http://twitter.com\" rel=\"nofollow\">Twitter Web Client</a>","in_reply_to_status_id":null,"in_reply_to_status_id_str":null,"in_reply_to_user_id":null,"in_reply_to_user_id_str":null,"in_reply_to_screen_name":null,"user":{"id":17306975,"id_str":"17306975","name":"ライブドアニュース","screen_name":"livedoornews","location":"","description":"LINE →https://t.co/yhJO0o7Jns／FB → https://t.co/LHTCuyIEjr／インスタ／→https://t.co/SpmVgPtfCG","url":"http://t.co/Q4Bh3OCfgY","entities":{"url":{"urls":[{"url":"http://t.co/Q4Bh3OCfgY","expanded_url":"http://news.livedoor.com/","display_url":"news.livedoor.com","indices":[0,22]}]},"description":{"urls":[{"url":"https://t.co/yhJO0o7Jns","expanded_url":"http://goo.gl/upBgKP","display_url":"goo.gl/upBgKP","indices":[6,29]},{"url":"https://t.co/LHTCuyIEjr","expanded_url":"http://goo.gl/nDULhn","display_url":"goo.gl/nDULhn","indices":[35,58]},{"url":"https://t.co/SpmVgPtfCG","expanded_url":"http://goo.gl/cHGD9G","display_url":"goo.gl/cHGD9G","indices":[65,88]}]}},"protected":false,"followers_count":431948,"friends_count":88,"listed_count":6142,"created_at":"Tue Nov 11 09:56:31 +0000 2008","favourites_count":2609,"utc_offset":32400,"time_zone":"Tokyo","geo_enabled":false,"verified":true,"statuses_count":177138,"lang":"ja","contributors_enabled":false,"is_translator":false,"is_translation_enabled":false,"profile_background_color":"FFFFFF","profile_background_image_url":"http://pbs.twimg.com/profile_background_images/378800000085828060/4b07c1d868c917fb65a3d64a20904cd5.jpeg","profile_background_image_url_https":"https://pbs.twimg.com/profile_background_images/378800000085828060/4b07c1d868c917fb65a3d64a20904cd5.jpeg","profile_background_tile":false,"profile_image_url":"http://pbs.twimg.com/profile_images/875662964988166149/whdJTD2I_normal.jpg","profile_image_url_https":"https://pbs.twimg.com/profile_images/875662964988166149/whdJTD2I_normal.jpg","profile_link_color":"51ADD4","profile_sidebar_border_color":"FFFFFF","profile_sidebar_fill_color":"95E8EC","profile_text_color":"3C3940","profile_use_background_image":true,"has_extended_profile":false,"default_profile":false,"default_profile_image":false,"following":false,"follow_request_sent":false,"notifications":false,"translator_type":"none"},"geo":null,"coordinates":null,"place":null,"contributors":null,"is_quote_status":false,"retweet_count":858,"favorite_count":710,"favorited":false,"retweeted":false,"possibly_sensitive":false,"lang":"ja"},{"created_at":"Thu Jul 20 08:16:06 +0000 2017","id":887949222879809500,"id_str":"887949222879809537","text":"「文豪とアルケミストカプセル缶バッジMini」がガシャポンミニ自販機で８月に発売決定！\n具体的な発売日はこちらのアカウントで告知しますのでお楽しみに〜！\n#文豪とアルケミスト #文アル https://t.co/jjkKytQLBy","truncated":false,"entities":{"hashtags":[{"text":"文豪とアルケミスト","indices":[77,87]},{"text":"文アル","indices":[88,92]}],"symbols":[],"user_mentions":[],"urls":[],"media":[{"id":887949210183581700,"id_str":"887949210183581696","indices":[93,116],"media_url":"http://pbs.twimg.com/media/DFKhGiOUwAAauRy.jpg","media_url_https":"https://pbs.twimg.com/media/DFKhGiOUwAAauRy.jpg","url":"https://t.co/jjkKytQLBy","display_url":"pic.twitter.com/jjkKytQLBy","expanded_url":"https://twitter.com/gashaponanimebu/status/887949222879809537/photo/1","type":"photo","sizes":{"large":{"w":2048,"h":478,"resize":"fit"},"medium":{"w":1200,"h":280,"resize":"fit"},"thumb":{"w":150,"h":150,"resize":"crop"},"small":{"w":680,"h":159,"resize":"fit"}}}]},"extended_entities":{"media":[{"id":887949210183581700,"id_str":"887949210183581696","indices":[93,116],"media_url":"http://pbs.twimg.com/media/DFKhGiOUwAAauRy.jpg","media_url_https":"https://pbs.twimg.com/media/DFKhGiOUwAAauRy.jpg","url":"https://t.co/jjkKytQLBy","display_url":"pic.twitter.com/jjkKytQLBy","expanded_url":"https://twitter.com/gashaponanimebu/status/887949222879809537/photo/1","type":"photo","sizes":{"large":{"w":2048,"h":478,"resize":"fit"},"medium":{"w":1200,"h":280,"resize":"fit"},"thumb":{"w":150,"h":150,"resize":"crop"},"small":{"w":680,"h":159,"resize":"fit"}}}]},"metadata":{"iso_language_code":"ja","result_type":"recent"},"source":"<a href=\"http://twitter.com/#!/download/ipad\" rel=\"nofollow\">Twitter for iPad</a>","in_reply_to_status_id":null,"in_reply_to_status_id_str":null,"in_reply_to_user_id":null,"in_reply_to_user_id_str":null,"in_reply_to_screen_name":null,"user":{"id":1565355426,"id_str":"1565355426","name":"ガシャポンアニメ部","screen_name":"gashaponanimebu","location":"浅草","description":"㈱バンダイのガシャポン開発担当が個人で告知や宣伝を行うアカウントです。アニメキャラクター系商品の更新メインに、各担当が宣伝したい商品の情報を呟きます。開発こぼれ話や個人の呟きもあるかもしれません。※リプライは行っておりませんが、コメント・ご意見は有難く読ませて頂いております。","url":"https://t.co/sKH66wZAiZ","entities":{"url":{"urls":[{"url":"https://t.co/sKH66wZAiZ","expanded_url":"http://gashapon.jp/","display_url":"gashapon.jp","indices":[0,23]}]},"description":{"urls":[]}},"protected":false,"followers_count":46438,"friends_count":15,"listed_count":1066,"created_at":"Wed Jul 03 10:00:59 +0000 2013","favourites_count":3,"utc_offset":28800,"time_zone":"Irkutsk","geo_enabled":false,"verified":false,"statuses_count":1304,"lang":"ja","contributors_enabled":false,"is_translator":false,"is_translation_enabled":false,"profile_background_color":"C0DEED","profile_background_image_url":"http://abs.twimg.com/images/themes/theme1/bg.png","profile_background_image_url_https":"https://abs.twimg.com/images/themes/theme1/bg.png","profile_background_tile":false,"profile_image_url":"http://pbs.twimg.com/profile_images/878112191693463552/8VxXFhEV_normal.jpg","profile_image_url_https":"https://pbs.twimg.com/profile_images/878112191693463552/8VxXFhEV_normal.jpg","profile_link_color":"1DA1F2","profile_sidebar_border_color":"C0DEED","profile_sidebar_fill_color":"DDEEF6","profile_text_color":"333333","profile_use_background_image":true,"has_extended_profile":false,"default_profile":true,"default_profile_image":false,"following":false,"follow_request_sent":false,"notifications":false,"translator_type":"none"},"geo":null,"coordinates":null,"place":null,"contributors":null,"is_quote_status":false,"retweet_count":556,"favorite_count":487,"favorited":false,"retweeted":false,"possibly_sensitive":false,"lang":"ja"},{"created_at":"Thu Jul 20 08:15:28 +0000 2017","id":887949063793987600,"id_str":"887949063793987584","text":"ふぁ！！！！！！！！！！？マジで！！！？？？ https://t.co/6rqYuRBe45","truncated":false,"entities":{"hashtags":[],"symbols":[],"user_mentions":[],"urls":[{"url":"https://t.co/6rqYuRBe45","expanded_url":"https://twitter.com/rutan_cof/status/887312579319652356","display_url":"twitter.com/rutan_cof/stat…","indices":[23,46]}]},"metadata":{"iso_language_code":"ja","result_type":"recent"},"source":"<a href=\"http://twitter.com/download/iphone\" rel=\"nofollow\">Twitter for iPhone</a>","in_reply_to_status_id":null,"in_reply_to_status_id_str":null,"in_reply_to_user_id":null,"in_reply_to_user_id_str":null,"in_reply_to_screen_name":null,"user":{"id":108223197,"id_str":"108223197","name":"となりの坂田。@浦島坂田船","screen_name":"sakatandao","location":"企画はこちらへsakata_info@yahoo.co.jp","description":"あほの坂田、となりの坂田という二つの名前でネット中心に活動してます。ラインでも色々お知らせしてるよ検索してみて👉《@ lgz4390q》 youtubeもやってるので気軽に登録してね！👉《https://t.co/9FPxmKmiXF》","url":"https://t.co/XxJSl8kHga","entities":{"url":{"urls":[{"url":"https://t.co/XxJSl8kHga","expanded_url":"http://com.nicovideo.jp/community/co15480","display_url":"com.nicovideo.jp/community/co15…","indices":[0,23]}]},"description":{"urls":[{"url":"https://t.co/9FPxmKmiXF","expanded_url":"https://m.youtube.com/channel/UCvOX0NWMvYrgSV15vuxV4Pg","display_url":"m.youtube.com/channel/UCvOX0…","indices":[94,117]}]}},"protected":false,"followers_count":409940,"friends_count":1176,"listed_count":6985,"created_at":"Mon Jan 25 07:18:05 +0000 2010","favourites_count":4501,"utc_offset":-25200,"time_zone":"Pacific Time (US & Canada)","geo_enabled":false,"verified":true,"statuses_count":1530,"lang":"ja","contributors_enabled":false,"is_translator":false,"is_translation_enabled":false,"profile_background_color":"C0DEED","profile_background_image_url":"http://pbs.twimg.com/profile_background_images/136408029/____________.jpg","profile_background_image_url_https":"https://pbs.twimg.com/profile_background_images/136408029/____________.jpg","profile_background_tile":false,"profile_image_url":"http://pbs.twimg.com/profile_images/853961833744547842/ypUnwuNe_normal.jpg","profile_image_url_https":"https://pbs.twimg.com/profile_images/853961833744547842/ypUnwuNe_normal.jpg","profile_banner_url":"https://pbs.twimg.com/profile_banners/108223197/1420547626","profile_link_color":"E81C4F","profile_sidebar_border_color":"C1C9EB","profile_sidebar_fill_color":"DDEEF6","profile_text_color":"333333","profile_use_background_image":true,"has_extended_profile":true,"default_profile":false,"default_profile_image":false,"following":false,"follow_request_sent":false,"notifications":false,"translator_type":"none"},"geo":null,"coordinates":null,"place":null,"contributors":null,"is_quote_status":true,"quoted_status_id":887312579319652400,"quoted_status_id_str":"887312579319652356","quoted_status":{"created_at":"Tue Jul 18 14:06:19 +0000 2017","id":887312579319652400,"id_str":"887312579319652356","text":"@sakatandao @uratasama @shima_s2 @sen_sen_sen_sen このまえ八景島シーパラダイスに行ってなんか聞いたことがある曲が流れてると思ったら… https://t.co/FR5dhqP3nA","truncated":false,"entities":{"hashtags":[],"symbols":[],"user_mentions":[{"screen_name":"sakatandao","name":"となりの坂田。@浦島坂田船","id":108223197,"id_str":"108223197","indices":[0,11]},{"screen_name":"uratasama","name":"浦田わたる/うらたぬき♣︎浦島坂田船","id":112207890,"id_str":"112207890","indices":[12,22]},{"screen_name":"shima_s2","name":"志麻@浦島坂田船♔","id":49379814,"id_str":"49379814","indices":[23,32]},{"screen_name":"sen_sen_sen_sen","name":"センラ@浦島坂田船","id":106996737,"id_str":"106996737","indices":[33,49]}],"urls":[],"media":[{"id":887312383063937000,"id_str":"887312383063937024","indices":[92,115],"media_url":"http://pbs.twimg.com/ext_tw_video_thumb/887312383063937024/pu/img/ncsr-XXC23o5_kk0.jpg","media_url_https":"https://pbs.twimg.com/ext_tw_video_thumb/887312383063937024/pu/img/ncsr-XXC23o5_kk0.jpg","url":"https://t.co/FR5dhqP3nA","display_url":"pic.twitter.com/FR5dhqP3nA","expanded_url":"https://twitter.com/rutan_cof/status/887312579319652356/video/1","type":"photo","sizes":{"small":{"w":340,"h":604,"resize":"fit"},"large":{"w":720,"h":1280,"resize":"fit"},"thumb":{"w":150,"h":150,"resize":"crop"},"medium":{"w":600,"h":1067,"resize":"fit"}}}]},"extended_entities":{"media":[{"id":887312383063937000,"id_str":"887312383063937024","indices":[92,115],"media_url":"http://pbs.twimg.com/ext_tw_video_thumb/887312383063937024/pu/img/ncsr-XXC23o5_kk0.jpg","media_url_https":"https://pbs.twimg.com/ext_tw_video_thumb/887312383063937024/pu/img/ncsr-XXC23o5_kk0.jpg","url":"https://t.co/FR5dhqP3nA","display_url":"pic.twitter.com/FR5dhqP3nA","expanded_url":"https://twitter.com/rutan_cof/status/887312579319652356/video/1","type":"video","sizes":{"small":{"w":340,"h":604,"resize":"fit"},"large":{"w":720,"h":1280,"resize":"fit"},"thumb":{"w":150,"h":150,"resize":"crop"},"medium":{"w":600,"h":1067,"resize":"fit"}},"video_info":{"aspect_ratio":[9,16],"duration_millis":16833,"variants":[{"bitrate":2176000,"content_type":"video/mp4","url":"https://video.twimg.com/ext_tw_video/887312383063937024/pu/vid/720x1280/S4mAZP1x84qZD7JS.mp4"},{"bitrate":320000,"content_type":"video/mp4","url":"https://video.twimg.com/ext_tw_video/887312383063937024/pu/vid/180x320/6Et7eurdXSuvoEgX.mp4"},{"bitrate":832000,"content_type":"video/mp4","url":"https://video.twimg.com/ext_tw_video/887312383063937024/pu/vid/360x640/yIyY-OZfpeQ83JN_.mp4"},{"content_type":"application/x-mpegURL","url":"https://video.twimg.com/ext_tw_video/887312383063937024/pu/pl/zA7Ap3lhxM0b-RQK.m3u8"}]},"additional_media_info":{"monetizable":false}}]},"metadata":{"iso_language_code":"ja","result_type":"recent"},"source":"<a href=\"http://twitter.com/download/iphone\" rel=\"nofollow\">Twitter for iPhone</a>","in_reply_to_status_id":null,"in_reply_to_status_id_str":null,"in_reply_to_user_id":108223197,"in_reply_to_user_id_str":"108223197","in_reply_to_screen_name":"sakatandao","user":{"id":2790197656,"id_str":"2790197656","name":"ume☪︎","screen_name":"rutan_cof","location":"ライブハウスの中","description":"20 本命☞天月☪月ノ山天文部 1年生。Eve/りぶ/COF/HoneyWorks/melost/AtR/甘党加湿器/浦島坂田船/りりり,めろちん,アルスマグナ★月がいる所に私あり★ 雑食家★相互になりたい一言ください！٩( 'ω' )و","url":null,"entities":{"description":{"urls":[]}},"protected":false,"followers_count":397,"friends_count":474,"listed_count":11,"created_at":"Sun Sep 28 22:58:08 +0000 2014","favourites_count":4570,"utc_offset":null,"time_zone":null,"geo_enabled":false,"verified":false,"statuses_count":4031,"lang":"ja","contributors_enabled":false,"is_translator":false,"is_translation_enabled":false,"profile_background_color":"C0DEED","profile_background_image_url":"http://abs.twimg.com/images/themes/theme1/bg.png","profile_background_image_url_https":"https://abs.twimg.com/images/themes/theme1/bg.png","profile_background_tile":false,"profile_image_url":"http://pbs.twimg.com/profile_images/768244695537373184/s8hQccIF_normal.jpg","profile_image_url_https":"https://pbs.twimg.com/profile_images/768244695537373184/s8hQccIF_normal.jpg","profile_banner_url":"https://pbs.twimg.com/profile_banners/2790197656/1495848933","profile_link_color":"1DA1F2","profile_sidebar_border_color":"C0DEED","profile_sidebar_fill_color":"DDEEF6","profile_text_color":"333333","profile_use_background_image":true,"has_extended_profile":false,"default_profile":true,"default_profile_image":false,"following":false,"follow_request_sent":false,"notifications":false,"translator_type":"none"},"geo":null,"coordinates":null,"place":null,"contributors":null,"is_quote_status":false,"retweet_count":1244,"favorite_count":3962,"favorited":false,"retweeted":false,"possibly_sensitive":false,"lang":"ja"},"retweet_count":618,"favorite_count":4755,"favorited":false,"retweeted":false,"possibly_sensitive":false,"lang":"ja"},{"created_at":"Thu Jul 20 08:15:15 +0000 2017","id":887949009452544000,"id_str":"887949009452544000","text":"本日のスタメン！黒羽根選手、移籍後初スタメン！\n\n#lovefighters #宇宙一のその先へ https://t.co/M3VuRkFPvc","truncated":false,"entities":{"hashtags":[{"text":"lovefighters","indices":[25,38]},{"text":"宇宙一のその先へ","indices":[39,48]}],"symbols":[],"user_mentions":[],"urls":[],"media":[{"id":887948993061298200,"id_str":"887948993061298176","indices":[49,72],"media_url":"http://pbs.twimg.com/media/DFKg55YVoAAH8G4.jpg","media_url_https":"https://pbs.twimg.com/media/DFKg55YVoAAH8G4.jpg","url":"https://t.co/M3VuRkFPvc","display_url":"pic.twitter.com/M3VuRkFPvc","expanded_url":"https://twitter.com/FightersPR/status/887949009452544000/photo/1","type":"photo","sizes":{"large":{"w":2048,"h":982,"resize":"fit"},"thumb":{"w":150,"h":150,"resize":"crop"},"medium":{"w":1200,"h":575,"resize":"fit"},"small":{"w":680,"h":326,"resize":"fit"}}}]},"extended_entities":{"media":[{"id":887948993061298200,"id_str":"887948993061298176","indices":[49,72],"media_url":"http://pbs.twimg.com/media/DFKg55YVoAAH8G4.jpg","media_url_https":"https://pbs.twimg.com/media/DFKg55YVoAAH8G4.jpg","url":"https://t.co/M3VuRkFPvc","display_url":"pic.twitter.com/M3VuRkFPvc","expanded_url":"https://twitter.com/FightersPR/status/887949009452544000/photo/1","type":"photo","sizes":{"large":{"w":2048,"h":982,"resize":"fit"},"thumb":{"w":150,"h":150,"resize":"crop"},"medium":{"w":1200,"h":575,"resize":"fit"},"small":{"w":680,"h":326,"resize":"fit"}}}]},"metadata":{"iso_language_code":"ja","result_type":"recent"},"source":"<a href=\"http://twitter.com/download/iphone\" rel=\"nofollow\">Twitter for iPhone</a>","in_reply_to_status_id":null,"in_reply_to_status_id_str":null,"in_reply_to_user_id":null,"in_reply_to_user_id_str":null,"in_reply_to_screen_name":null,"user":{"id":2991223079,"id_str":"2991223079","name":"北海道日本ハムファイターズ公式","screen_name":"FightersPR","location":"北海道","description":"北海道日本ハムファイターズの公式アカウントです。沢山の情報をつぶやきますのでお楽しみに！一丸となって日本一を、いや宇宙一を目指しましょう！ファイターズの応援宜しくお願いします！！ ※スパム行為や過度の誹謗中傷などに関しましては通報またはブロックをさせて頂くことがありますのでご了承ください。","url":"https://t.co/SA73lnjwFO","entities":{"url":{"urls":[{"url":"https://t.co/SA73lnjwFO","expanded_url":"http://www.fighters.co.jp","display_url":"fighters.co.jp","indices":[0,23]}]},"description":{"urls":[]}},"protected":false,"followers_count":660053,"friends_count":73,"listed_count":1467,"created_at":"Thu Jan 22 02:52:41 +0000 2015","favourites_count":349,"utc_offset":-25200,"time_zone":"Pacific Time (US & Canada)","geo_enabled":false,"verified":true,"statuses_count":5555,"lang":"ja","contributors_enabled":false,"is_translator":false,"is_translation_enabled":false,"profile_background_color":"C0DEED","profile_background_image_url":"http://pbs.twimg.com/profile_background_images/563589746245386241/LWHTm-3G.jpeg","profile_background_image_url_https":"https://pbs.twimg.com/profile_background_images/563589746245386241/LWHTm-3G.jpeg","profile_background_tile":true,"profile_image_url":"http://pbs.twimg.com/profile_images/887130284486934528/ORzPxnpl_normal.jpg","profile_image_url_https":"https://pbs.twimg.com/profile_images/887130284486934528/ORzPxnpl_normal.jpg","profile_banner_url":"https://pbs.twimg.com/profile_banners/2991223079/1500362445","profile_link_color":"1B95E0","profile_sidebar_border_color":"000000","profile_sidebar_fill_color":"000000","profile_text_color":"000000","profile_use_background_image":true,"has_extended_profile":false,"default_profile":false,"default_profile_image":false,"following":false,"follow_request_sent":false,"notifications":false,"translator_type":"none"},"geo":null,"coordinates":null,"place":null,"contributors":null,"is_quote_status":false,"retweet_count":617,"favorite_count":1198,"favorited":false,"retweeted":false,"possibly_sensitive":false,"lang":"ja"},{"created_at":"Thu Jul 20 08:15:10 +0000 2017","id":887948986417430500,"id_str":"887948986417430528","text":"一部モンスター転生進化＆パワーアップのおしらせです！ #パズドラ\nhttps://t.co/YBmnaREKrN https://t.co/7sgHRD2ak0","truncated":false,"entities":{"hashtags":[{"text":"パズドラ","indices":[27,32]}],"symbols":[],"user_mentions":[],"urls":[{"url":"https://t.co/YBmnaREKrN","expanded_url":"https://pad.gungho.jp/member/sinka/powerup/170720.html","display_url":"pad.gungho.jp/member/sinka/p…","indices":[33,56]}],"media":[{"id":887948658959728600,"id_str":"887948658959728640","indices":[57,80],"media_url":"http://pbs.twimg.com/media/DFKgmcwUQAALjGi.jpg","media_url_https":"https://pbs.twimg.com/media/DFKgmcwUQAALjGi.jpg","url":"https://t.co/7sgHRD2ak0","display_url":"pic.twitter.com/7sgHRD2ak0","expanded_url":"https://twitter.com/pad_sexy/status/887948986417430528/photo/1","type":"photo","sizes":{"medium":{"w":640,"h":240,"resize":"fit"},"thumb":{"w":150,"h":150,"resize":"crop"},"large":{"w":640,"h":240,"resize":"fit"},"small":{"w":640,"h":240,"resize":"fit"}}}]},"extended_entities":{"media":[{"id":887948658959728600,"id_str":"887948658959728640","indices":[57,80],"media_url":"http://pbs.twimg.com/media/DFKgmcwUQAALjGi.jpg","media_url_https":"https://pbs.twimg.com/media/DFKgmcwUQAALjGi.jpg","url":"https://t.co/7sgHRD2ak0","display_url":"pic.twitter.com/7sgHRD2ak0","expanded_url":"https://twitter.com/pad_sexy/status/887948986417430528/photo/1","type":"photo","sizes":{"medium":{"w":640,"h":240,"resize":"fit"},"thumb":{"w":150,"h":150,"resize":"crop"},"large":{"w":640,"h":240,"resize":"fit"},"small":{"w":640,"h":240,"resize":"fit"}}}]},"metadata":{"iso_language_code":"ja","result_type":"recent"},"source":"<a href=\"http://twitter.com\" rel=\"nofollow\">Twitter Web Client</a>","in_reply_to_status_id":null,"in_reply_to_status_id_str":null,"in_reply_to_user_id":null,"in_reply_to_user_id_str":null,"in_reply_to_screen_name":null,"user":{"id":488103057,"id_str":"488103057","name":"pad_sexy　パズル＆ドラゴンズ公式","screen_name":"pad_sexy","location":"真・無限回廊","description":"「パズル＆ドラゴンズ」公式広報のムラコです！パズドラのニュースをつぶやいたり、ユーザー様と会話したりするょ！よろしくね！(๑◡๑) ɭ ɿ兯ん❤  不具合/要望はコチラ！https://t.co/TP0HbtxzZt  #パズドラ","url":"https://t.co/WRdsTiG3FI","entities":{"url":{"urls":[{"url":"https://t.co/WRdsTiG3FI","expanded_url":"http://pad.gungho.jp/","display_url":"pad.gungho.jp","indices":[0,23]}]},"description":{"urls":[{"url":"https://t.co/TP0HbtxzZt","expanded_url":"https://pad.gungho.jp/member/help/","display_url":"pad.gungho.jp/member/help/","indices":[85,108]}]}},"protected":false,"followers_count":2562010,"friends_count":47,"listed_count":13771,"created_at":"Fri Feb 10 02:46:01 +0000 2012","favourites_count":2,"utc_offset":null,"time_zone":null,"geo_enabled":false,"verified":true,"statuses_count":5951,"lang":"ja","contributors_enabled":false,"is_translator":false,"is_translation_enabled":false,"profile_background_color":"131516","profile_background_image_url":"http://pbs.twimg.com/profile_background_images/429832288/twitter__.jpg","profile_background_image_url_https":"https://pbs.twimg.com/profile_background_images/429832288/twitter__.jpg","profile_background_tile":true,"profile_image_url":"http://pbs.twimg.com/profile_images/875555261137551360/CmeP-0Gr_normal.jpg","profile_image_url_https":"https://pbs.twimg.com/profile_images/875555261137551360/CmeP-0Gr_normal.jpg","profile_banner_url":"https://pbs.twimg.com/profile_banners/488103057/1464326672","profile_link_color":"EB09B6","profile_sidebar_border_color":"C0DEED","profile_sidebar_fill_color":"DDEEF6","profile_text_color":"333333","profile_use_background_image":true,"has_extended_profile":false,"default_profile":false,"default_profile_image":false,"following":false,"follow_request_sent":false,"notifications":false,"translator_type":"none"},"geo":null,"coordinates":null,"place":null,"contributors":null,"is_quote_status":false,"retweet_count":1426,"favorite_count":1222,"favorited":false,"retweeted":false,"possibly_sensitive":false,"lang":"ja"}],"search_metadata":{"completed_in":0.15,"max_id":887955676080648200,"max_id_str":"887955676080648192","next_results":"?max_id=887948986417430527&q=lang%3Aja%20min_retweets%3A500&include_entities=1","query":"lang%3Aja+min_retweets%3A500","refresh_url":"?since_id=887955676080648192&q=lang%3Aja%20min_retweets%3A500&include_entities=1","count":15,"since_id":0,"since_id_str":"0"}}