{"statuses":[{"created_at":"Tue Jul 18 06:26:06 +0000 2017","id":887196764092080100,"id_str":"887196764092080128","text":"【東京豊島区の雹】まるで吹雪のような様子や積もっている様子など相次いで投稿が届いています。\nhttps://t.co/TLrXIvPvhm https://t.co/vsCjby9aqI","truncated":false,"entities":{"hashtags":[],"symbols":[],"user_mentions":[],"urls":[{"url":"https://t.co/TLrXIvPvhm","expanded_url":"https://weathernews.jp/s/topics/201707/180215/","display_url":"weathernews.jp/s/topics/20170…","indices":[46,69]}],"media":[{"id":887196302668251100,"id_str":"887196302668251137","indices":[70,93],"media_url":"http://pbs.twimg.com/media/DE_0VjKUwAE_FY3.jpg","media_url_https":"https://pbs.twimg.com/media/DE_0VjKUwAE_FY3.jpg","url":"https://t.co/vsCjby9aqI","display_url":"pic.twitter.com/vsCjby9aqI","expanded_url":"https://twitter.com/wni_jp/status/887196764092080128/photo/1","type":"photo","sizes":{"thumb":{"w":150,"h":150,"resize":"crop"},"medium":{"w":800,"h":600,"resize":"fit"},"large":{"w":800,"h":600,"resize":"fit"},"small":{"w":680,"h":510,"resize":"fit"}}}]},"extended_entities":{"media":[{"id":887196302668251100,"id_str":"887196302668251137","indices":[70,93],"media_url":"http://pbs.twimg.com/media/DE_0VjKUwAE_FY3.jpg","media_url_https":"https://pbs.twimg.com/media/DE_0VjKUwAE_FY3.jpg","url":"https://t.co/vsCjby9aqI","display_url":"pic.twitter.com/vsCjby9aqI","expanded_url":"https://twitter.com/wni_jp/status/887196764092080128/photo/1","type":"photo","sizes":{"thumb":{"w":150,"h":150,"resize":"crop"},"medium":{"w":800,"h":600,"resize":"fit"},"large":{"w":800,"h":600,"resize":"fit"},"small":{"w":680,"h":510,"resize":"fit"}}},{"id":887196325393047600,"id_str":"887196325393047552","indices":[70,93],"media_url":"http://pbs.twimg.com/media/DE_0W30VoAAoyyo.jpg","media_url_https":"https://pbs.twimg.com/media/DE_0W30VoAAoyyo.jpg","url":"https://t.co/vsCjby9aqI","display_url":"pic.twitter.com/vsCjby9aqI","expanded_url":"https://twitter.com/wni_jp/status/887196764092080128/photo/1","type":"photo","sizes":{"small":{"w":480,"h":360,"resize":"fit"},"large":{"w":480,"h":360,"resize":"fit"},"thumb":{"w":150,"h":150,"resize":"crop"},"medium":{"w":480,"h":360,"resize":"fit"}}},{"id":887196343067738100,"id_str":"887196343067738112","indices":[70,93],"media_url":"http://pbs.twimg.com/media/DE_0X5qUAAAmxPH.jpg","media_url_https":"https://pbs.twimg.com/media/DE_0X5qUAAAmxPH.jpg","url":"https://t.co/vsCjby9aqI","display_url":"pic.twitter.com/vsCjby9aqI","expanded_url":"https://twitter.com/wni_jp/status/887196764092080128/photo/1","type":"photo","sizes":{"medium":{"w":800,"h":600,"resize":"fit"},"small":{"w":680,"h":510,"resize":"fit"},"thumb":{"w":150,"h":150,"resize":"crop"},"large":{"w":800,"h":600,"resize":"fit"}}}]},"metadata":{"iso_language_code":"ja","result_type":"recent"},"source":"<a href=\"http://twitter.com\" rel=\"nofollow\">Twitter Web Client</a>","in_reply_to_status_id":null,"in_reply_to_status_id_str":null,"in_reply_to_user_id":null,"in_reply_to_user_id_str":null,"in_reply_to_screen_name":null,"user":{"id":712914636203434000,"id_str":"712914636203433984","name":"ウェザーニュース","screen_name":"wni_jp","location":"千葉県千葉市","description":"世界最大の民間気象情報会社ウェザーニューズ公式アカウント。究極の予報精度を目指して日々奮闘中！天気予報をはじめ、季節情報、地震速報･台風情報などの防災･減災情報、星空情報、生活情報、ちょっとマニアックな気象予報士解説などをつぶやきます。\n▼お天気情報番組SOLiVE24のアカウント→ @wni_solive24","url":"https://t.co/8lmm74c8uP","entities":{"url":{"urls":[{"url":"https://t.co/8lmm74c8uP","expanded_url":"https://weathernews.jp/s/download/weathernewstouch.html?fm=twitter_w","display_url":"weathernews.jp/s/download/wea…","indices":[0,23]}]},"description":{"urls":[]}},"protected":false,"followers_count":51050,"friends_count":140,"listed_count":1306,"created_at":"Thu Mar 24 08:11:09 +0000 2016","favourites_count":284,"utc_offset":32400,"time_zone":"Tokyo","geo_enabled":false,"verified":true,"statuses_count":8198,"lang":"ja","contributors_enabled":false,"is_translator":false,"is_translation_enabled":false,"profile_background_color":"000000","profile_background_image_url":"http://abs.twimg.com/images/themes/theme1/bg.png","profile_background_image_url_https":"https://abs.twimg.com/images/themes/theme1/bg.png","profile_background_tile":false,"profile_image_url":"http://pbs.twimg.com/profile_images/878447388641251328/ZAeYiaAF_normal.jpg","profile_image_url_https":"https://pbs.twimg.com/profile_images/878447388641251328/ZAeYiaAF_normal.jpg","profile_banner_url":"https://pbs.twimg.com/profile_banners/712914636203433984/1460670821","profile_link_color":"0C419A","profile_sidebar_border_color":"000000","profile_sidebar_fill_color":"000000","profile_text_color":"000000","profile_use_background_image":false,"has_extended_profile":false,"default_profile":false,"default_profile_image":false,"following":false,"follow_request_sent":false,"notifications":false,"translator_type":"none"},"geo":null,"coordinates":null,"place":null,"contributors":null,"is_quote_status":false,"retweet_count":787,"favorite_count":315,"favorited":false,"retweeted":false,"possibly_sensitive":false,"lang":"ja"},{"created_at":"Tue Jul 18 06:25:59 +0000 2017","id":887196735021305900,"id_str":"887196735021305857","text":"2nd楽曲『Goody-Good Girl』本日24時から配信スタートでーす！！！！！MVも配信されるのでみなさん是非聴いて観てやってください🙏🙏🙏\niTunesかレコチョクで🎶\n#Goodygoodgirl \n#GGG\n#SHINJIROATAE","truncated":false,"entities":{"hashtags":[{"text":"Goodygoodgirl","indices":[90,104]},{"text":"GGG","indices":[106,110]},{"text":"SHINJIROATAE","indices":[111,124]}],"symbols":[],"user_mentions":[],"urls":[]},"metadata":{"iso_language_code":"ja","result_type":"recent"},"source":"<a href=\"http://www.echofon.com/\" rel=\"nofollow\">Echofon</a>","in_reply_to_status_id":null,"in_reply_to_status_id_str":null,"in_reply_to_user_id":null,"in_reply_to_user_id_str":null,"in_reply_to_screen_name":null,"user":{"id":216733863,"id_str":"216733863","name":"Shinjiro Atae(AAA)","screen_name":"A_Shinjirooooo","location":"","description":"AAA 與 真司郎 Both English and Japanese are available. ☆ https://t.co/11MlYi01ix","url":"https://t.co/24NM4ljohM","entities":{"url":{"urls":[{"url":"https://t.co/24NM4ljohM","expanded_url":"https://freshlive.tv/shinjiro-atae","display_url":"freshlive.tv/shinjiro-atae","indices":[0,23]}]},"description":{"urls":[{"url":"https://t.co/11MlYi01ix","expanded_url":"https://www.instagram.com/shinjiroatae1126","display_url":"instagram.com/shinjiroatae11…","indices":[53,76]}]}},"protected":false,"followers_count":892906,"friends_count":66,"listed_count":5148,"created_at":"Wed Nov 17 15:30:55 +0000 2010","favourites_count":0,"utc_offset":32400,"time_zone":"Seoul","geo_enabled":true,"verified":true,"statuses_count":5853,"lang":"ja","contributors_enabled":false,"is_translator":false,"is_translation_enabled":true,"profile_background_color":"C0DEED","profile_background_image_url":"http://abs.twimg.com/images/themes/theme1/bg.png","profile_background_image_url_https":"https://abs.twimg.com/images/themes/theme1/bg.png","profile_background_tile":false,"profile_image_url":"http://pbs.twimg.com/profile_images/848336932765483008/PEPk-y37_normal.jpg","profile_image_url_https":"https://pbs.twimg.com/profile_images/848336932765483008/PEPk-y37_normal.jpg","profile_banner_url":"https://pbs.twimg.com/profile_banners/216733863/1491094263","profile_link_color":"1DA1F2","profile_sidebar_border_color":"C0DEED","profile_sidebar_fill_color":"DDEEF6","profile_text_color":"333333","profile_use_background_image":true,"has_extended_profile":false,"default_profile":true,"default_profile_image":false,"following":false,"follow_request_sent":false,"notifications":false,"translator_type":"none"},"geo":null,"coordinates":null,"place":null,"contributors":null,"is_quote_status":false,"retweet_count":798,"favorite_count":4538,"favorited":false,"retweeted":false,"lang":"ja"},{"created_at":"Tue Jul 18 06:23:38 +0000 2017","id":887196142739398700,"id_str":"887196142739398656","text":"【予告先発投手変更（7/18）】本日のD-G（ナゴヤドーム）で、予告先発投手として発表されていた読売・山口俊投手は、高木勇人投手に変更となりました。\n7/18（火）の予告先発\n（D-G）吉見×高木勇\n#NPB","truncated":false,"entities":{"hashtags":[{"text":"NPB","indices":[100,104]}],"symbols":[],"user_mentions":[],"urls":[]},"metadata":{"iso_language_code":"ja","result_type":"recent"},"source":"<a href=\"http://twitter.com\" rel=\"nofollow\">Twitter Web Client</a>","in_reply_to_status_id":null,"in_reply_to_status_id_str":null,"in_reply_to_user_id":null,"in_reply_to_user_id_str":null,"in_reply_to_screen_name":null,"user":{"id":3935217673,"id_str":"3935217673","name":"日本野球機構（NPB）","screen_name":"npb","location":"","description":"日本野球機構（NPB）の公式Twitterアカウントです。プロ野球の試合やイベントの情報をお届けします。","url":"https://t.co/Zd3Cn1LPaw","entities":{"url":{"urls":[{"url":"https://t.co/Zd3Cn1LPaw","expanded_url":"http://npb.jp","display_url":"npb.jp","indices":[0,23]}]},"description":{"urls":[]}},"protected":false,"followers_count":177345,"friends_count":16,"listed_count":1383,"created_at":"Sun Oct 18 10:59:58 +0000 2015","favourites_count":0,"utc_offset":32400,"time_zone":"Tokyo","geo_enabled":false,"verified":true,"statuses_count":3438,"lang":"ja","contributors_enabled":false,"is_translator":false,"is_translation_enabled":false,"profile_background_color":"000000","profile_background_image_url":"http://abs.twimg.com/images/themes/theme1/bg.png","profile_background_image_url_https":"https://abs.twimg.com/images/themes/theme1/bg.png","profile_background_tile":false,"profile_image_url":"http://pbs.twimg.com/profile_images/679056516679270400/_Tti-d3X_normal.png","profile_image_url_https":"https://pbs.twimg.com/profile_images/679056516679270400/_Tti-d3X_normal.png","profile_banner_url":"https://pbs.twimg.com/profile_banners/3935217673/1490850871","profile_link_color":"0084B4","profile_sidebar_border_color":"000000","profile_sidebar_fill_color":"000000","profile_text_color":"000000","profile_use_background_image":false,"has_extended_profile":false,"default_profile":false,"default_profile_image":false,"following":false,"follow_request_sent":false,"notifications":false,"translator_type":"regular"},"geo":null,"coordinates":null,"place":null,"contributors":null,"is_quote_status":false,"retweet_count":1030,"favorite_count":444,"favorited":false,"retweeted":false,"lang":"ja"},{"created_at":"Tue Jul 18 06:22:29 +0000 2017","id":887195852917178400,"id_str":"887195852917178369","text":"今度美味しいお茶とお団子をお持ちします。Dr.ロマン\n#ロマガウェ https://t.co/FmI4ITgosq","truncated":false,"entities":{"hashtags":[{"text":"ロマガウェ","indices":[27,33]}],"symbols":[],"user_mentions":[],"urls":[],"media":[{"id":887195847171088400,"id_str":"887195847171088384","indices":[34,57],"media_url":"http://pbs.twimg.com/media/DE_z7CTVoAA8E9_.jpg","media_url_https":"https://pbs.twimg.com/media/DE_z7CTVoAA8E9_.jpg","url":"https://t.co/FmI4ITgosq","display_url":"pic.twitter.com/FmI4ITgosq","expanded_url":"https://twitter.com/y_daichi0421/status/887195852917178369/photo/1","type":"photo","sizes":{"medium":{"w":812,"h":609,"resize":"fit"},"large":{"w":812,"h":609,"resize":"fit"},"thumb":{"w":150,"h":150,"resize":"crop"},"small":{"w":680,"h":510,"resize":"fit"}}}]},"extended_entities":{"media":[{"id":887195847171088400,"id_str":"887195847171088384","indices":[34,57],"media_url":"http://pbs.twimg.com/media/DE_z7CTVoAA8E9_.jpg","media_url_https":"https://pbs.twimg.com/media/DE_z7CTVoAA8E9_.jpg","url":"https://t.co/FmI4ITgosq","display_url":"pic.twitter.com/FmI4ITgosq","expanded_url":"https://twitter.com/y_daichi0421/status/887195852917178369/photo/1","type":"photo","sizes":{"medium":{"w":812,"h":609,"resize":"fit"},"large":{"w":812,"h":609,"resize":"fit"},"thumb":{"w":150,"h":150,"resize":"crop"},"small":{"w":680,"h":510,"resize":"fit"}}}]},"metadata":{"iso_language_code":"ja","result_type":"recent"},"source":"<a href=\"http://twitter.com/download/iphone\" rel=\"nofollow\">Twitter for iPhone</a>","in_reply_to_status_id":null,"in_reply_to_status_id_str":null,"in_reply_to_user_id":null,"in_reply_to_user_id_str":null,"in_reply_to_screen_name":null,"user":{"id":3314911740,"id_str":"3314911740","name":"山口大地","screen_name":"y_daichi0421","location":"鹿児島→東京","description":"殺陣と料理と瞑想がすきな俳優です next 7/14〜17【FGO THE STAGE 】ガウェイン役 8/15〜20【ゴリアテ】主演 9/6〜10【OZMAFIA!!】キリエ役 https://t.co/zWUtnttHMH","url":"https://t.co/8TiGUGcxCV","entities":{"url":{"urls":[{"url":"https://t.co/8TiGUGcxCV","expanded_url":"http://blue-label.jp/news/96/","display_url":"blue-label.jp/news/96/","indices":[0,23]}]},"description":{"urls":[{"url":"https://t.co/zWUtnttHMH","expanded_url":"https://www.instagram.com/y_daichi0421/","display_url":"instagram.com/y_daichi0421/","indices":[90,113]}]}},"protected":false,"followers_count":11051,"friends_count":140,"listed_count":527,"created_at":"Fri Aug 14 10:56:19 +0000 2015","favourites_count":778,"utc_offset":32400,"time_zone":"JST","geo_enabled":false,"verified":true,"statuses_count":2270,"lang":"ja","contributors_enabled":false,"is_translator":false,"is_translation_enabled":false,"profile_background_color":"EDECE9","profile_background_image_url":"http://abs.twimg.com/images/themes/theme3/bg.gif","profile_background_image_url_https":"https://abs.twimg.com/images/themes/theme3/bg.gif","profile_background_tile":false,"profile_image_url":"http://pbs.twimg.com/profile_images/838748175791861760/3hXh43eB_normal.jpg","profile_image_url_https":"https://pbs.twimg.com/profile_images/838748175791861760/3hXh43eB_normal.jpg","profile_banner_url":"https://pbs.twimg.com/profile_banners/3314911740/1498665168","profile_link_color":"088253","profile_sidebar_border_color":"D3D2CF","profile_sidebar_fill_color":"E3E2DE","profile_text_color":"634047","profile_use_background_image":true,"has_extended_profile":false,"default_profile":false,"default_profile_image":false,"following":false,"follow_request_sent":false,"notifications":false,"translator_type":"none"},"geo":null,"coordinates":null,"place":null,"contributors":null,"is_quote_status":false,"retweet_count":574,"favorite_count":850,"favorited":false,"retweeted":false,"possibly_sensitive":false,"lang":"ja"},{"created_at":"Tue Jul 18 06:21:57 +0000 2017","id":887195717655068700,"id_str":"887195717655068673","text":"やばいやばいやばいやばい、池袋に無数の大粒の雹が降り注いできてホームの天井が突き破られ、視覚と聴覚は奪われ、電車内にいても尚、暴風雨に曝されてる状況\nホームにいると電車の車体に当たった雹が飛散してきてかなり危険 https://t.co/HiloQpjseY","truncated":false,"entities":{"hashtags":[],"symbols":[],"user_mentions":[],"urls":[],"media":[{"id":887193938871713800,"id_str":"887193938871713792","indices":[106,129],"media_url":"http://pbs.twimg.com/ext_tw_video_thumb/887193938871713792/pu/img/L9xV12bipb2ZRtQX.jpg","media_url_https":"https://pbs.twimg.com/ext_tw_video_thumb/887193938871713792/pu/img/L9xV12bipb2ZRtQX.jpg","url":"https://t.co/HiloQpjseY","display_url":"pic.twitter.com/HiloQpjseY","expanded_url":"https://twitter.com/_rryouta/status/887195717655068673/video/1","type":"photo","sizes":{"small":{"w":340,"h":604,"resize":"fit"},"large":{"w":720,"h":1280,"resize":"fit"},"thumb":{"w":150,"h":150,"resize":"crop"},"medium":{"w":600,"h":1067,"resize":"fit"}}}]},"extended_entities":{"media":[{"id":887193938871713800,"id_str":"887193938871713792","indices":[106,129],"media_url":"http://pbs.twimg.com/ext_tw_video_thumb/887193938871713792/pu/img/L9xV12bipb2ZRtQX.jpg","media_url_https":"https://pbs.twimg.com/ext_tw_video_thumb/887193938871713792/pu/img/L9xV12bipb2ZRtQX.jpg","url":"https://t.co/HiloQpjseY","display_url":"pic.twitter.com/HiloQpjseY","expanded_url":"https://twitter.com/_rryouta/status/887195717655068673/video/1","type":"video","sizes":{"small":{"w":340,"h":604,"resize":"fit"},"large":{"w":720,"h":1280,"resize":"fit"},"thumb":{"w":150,"h":150,"resize":"crop"},"medium":{"w":600,"h":1067,"resize":"fit"}},"video_info":{"aspect_ratio":[9,16],"duration_millis":129733,"variants":[{"bitrate":832000,"content_type":"video/mp4","url":"https://video.twimg.com/ext_tw_video/887193938871713792/pu/vid/360x640/bMHkTyyR1_OXDah5.mp4"},{"bitrate":320000,"content_type":"video/mp4","url":"https://video.twimg.com/ext_tw_video/887193938871713792/pu/vid/180x320/Gj65MVVh8KOUXsy4.mp4"},{"bitrate":2176000,"content_type":"video/mp4","url":"https://video.twimg.com/ext_tw_video/887193938871713792/pu/vid/720x1280/K8k48l-pK3665_hn.mp4"},{"content_type":"application/x-mpegURL","url":"https://video.twimg.com/ext_tw_video/887193938871713792/pu/pl/peh6DbvfceCMkFPp.m3u8"}]},"additional_media_info":{"monetizable":false}}]},"metadata":{"iso_language_code":"ja","result_type":"recent"},"source":"<a href=\"http://twitter.com/download/iphone\" rel=\"nofollow\">Twitter for iPhone</a>","in_reply_to_status_id":null,"in_reply_to_status_id_str":null,"in_reply_to_user_id":null,"in_reply_to_user_id_str":null,"in_reply_to_screen_name":null,"user":{"id":544783043,"id_str":"544783043","name":"遼太","screen_name":"_rryouta","location":"東京　丸ノ内","description":"よろしく！","url":"https://t.co/YOXcaY7ruH","entities":{"url":{"urls":[{"url":"https://t.co/YOXcaY7ruH","expanded_url":"https://twitter.com/TwiSTAR_UNIT","display_url":"twitter.com/TwiSTAR_UNIT","indices":[0,23]}]},"description":{"urls":[]}},"protected":false,"followers_count":3153,"friends_count":1277,"listed_count":30,"created_at":"Wed Apr 04 02:50:47 +0000 2012","favourites_count":17699,"utc_offset":28800,"time_zone":"Irkutsk","geo_enabled":false,"verified":false,"statuses_count":69366,"lang":"ja","contributors_enabled":false,"is_translator":false,"is_translation_enabled":false,"profile_background_color":"642D8B","profile_background_image_url":"http://abs.twimg.com/images/themes/theme10/bg.gif","profile_background_image_url_https":"https://abs.twimg.com/images/themes/theme10/bg.gif","profile_background_tile":true,"profile_image_url":"http://pbs.twimg.com/profile_images/861850255939084288/H5fiEGgd_normal.jpg","profile_image_url_https":"https://pbs.twimg.com/profile_images/861850255939084288/H5fiEGgd_normal.jpg","profile_banner_url":"https://pbs.twimg.com/profile_banners/544783043/1427986321","profile_link_color":"8C00FF","profile_sidebar_border_color":"65B0DA","profile_sidebar_fill_color":"7AC3EE","profile_text_color":"3D1957","profile_use_background_image":true,"has_extended_profile":false,"default_profile":false,"default_profile_image":false,"following":false,"follow_request_sent":false,"notifications":false,"translator_type":"none"},"geo":null,"coordinates":null,"place":null,"contributors":null,"is_quote_status":false,"retweet_count":574,"favorite_count":221,"favorited":false,"retweeted":false,"possibly_sensitive":false,"lang":"ja"},{"created_at":"Tue Jul 18 06:21:40 +0000 2017","id":887195648834940900,"id_str":"887195648834940929","text":"ゲリラ豪雨ヤバイな！おい！\n#ゲリラ豪雨\n#落雷\n#雹 https://t.co/H05bRyd6XF","truncated":false,"entities":{"hashtags":[{"text":"ゲリラ豪雨","indices":[14,20]},{"text":"落雷","indices":[21,24]},{"text":"雹","indices":[25,27]}],"symbols":[],"user_mentions":[],"urls":[],"media":[{"id":887195166028611600,"id_str":"887195166028611584","indices":[28,51],"media_url":"http://pbs.twimg.com/ext_tw_video_thumb/887195166028611584/pu/img/fSXA4OqQ1qfBMtc6.jpg","media_url_https":"https://pbs.twimg.com/ext_tw_video_thumb/887195166028611584/pu/img/fSXA4OqQ1qfBMtc6.jpg","url":"https://t.co/H05bRyd6XF","display_url":"pic.twitter.com/H05bRyd6XF","expanded_url":"https://twitter.com/gaimonn/status/887195648834940929/video/1","type":"photo","sizes":{"small":{"w":340,"h":604,"resize":"fit"},"large":{"w":720,"h":1280,"resize":"fit"},"thumb":{"w":150,"h":150,"resize":"crop"},"medium":{"w":600,"h":1067,"resize":"fit"}}}]},"extended_entities":{"media":[{"id":887195166028611600,"id_str":"887195166028611584","indices":[28,51],"media_url":"http://pbs.twimg.com/ext_tw_video_thumb/887195166028611584/pu/img/fSXA4OqQ1qfBMtc6.jpg","media_url_https":"https://pbs.twimg.com/ext_tw_video_thumb/887195166028611584/pu/img/fSXA4OqQ1qfBMtc6.jpg","url":"https://t.co/H05bRyd6XF","display_url":"pic.twitter.com/H05bRyd6XF","expanded_url":"https://twitter.com/gaimonn/status/887195648834940929/video/1","type":"video","sizes":{"small":{"w":340,"h":604,"resize":"fit"},"large":{"w":720,"h":1280,"resize":"fit"},"thumb":{"w":150,"h":150,"resize":"crop"},"medium":{"w":600,"h":1067,"resize":"fit"}},"video_info":{"aspect_ratio":[9,16],"duration_millis":27600,"variants":[{"bitrate":832000,"content_type":"video/mp4","url":"https://video.twimg.com/ext_tw_video/887195166028611584/pu/vid/360x640/7xQSuTU-LnewqNfk.mp4"},{"content_type":"application/x-mpegURL","url":"https://video.twimg.com/ext_tw_video/887195166028611584/pu/pl/FwY8yE4AVCJpiydH.m3u8"},{"bitrate":2176000,"content_type":"video/mp4","url":"https://video.twimg.com/ext_tw_video/887195166028611584/pu/vid/720x1280/23wvKUKCiZqPuV0I.mp4"},{"bitrate":320000,"content_type":"video/mp4","url":"https://video.twimg.com/ext_tw_video/887195166028611584/pu/vid/180x320/0lV9WzYLJGpW5QOQ.mp4"}]},"additional_media_info":{"monetizable":false}}]},"metadata":{"iso_language_code":"ja","result_type":"recent"},"source":"<a href=\"http://twitter.com/download/iphone\" rel=\"nofollow\">Twitter for iPhone</a>","in_reply_to_status_id":null,"in_reply_to_status_id_str":null,"in_reply_to_user_id":null,"in_reply_to_user_id_str":null,"in_reply_to_screen_name":null,"user":{"id":152996709,"id_str":"152996709","name":"ガイモン","screen_name":"gaimonn","location":"","description":"アニメは世界に誇る日本文化だ！","url":null,"entities":{"description":{"urls":[]}},"protected":false,"followers_count":15,"friends_count":20,"listed_count":1,"created_at":"Mon Jun 07 12:16:50 +0000 2010","favourites_count":6,"utc_offset":32400,"time_zone":"Tokyo","geo_enabled":true,"verified":false,"statuses_count":173,"lang":"ja","contributors_enabled":false,"is_translator":false,"is_translation_enabled":false,"profile_background_color":"C0DEED","profile_background_image_url":"http://abs.twimg.com/images/themes/theme1/bg.png","profile_background_image_url_https":"https://abs.twimg.com/images/themes/theme1/bg.png","profile_background_tile":false,"profile_image_url":"http://pbs.twimg.com/profile_images/666940517423280128/pjTWmevh_normal.jpg","profile_image_url_https":"https://pbs.twimg.com/profile_images/666940517423280128/pjTWmevh_normal.jpg","profile_link_color":"1DA1F2","profile_sidebar_border_color":"C0DEED","profile_sidebar_fill_color":"DDEEF6","profile_text_color":"333333","profile_use_background_image":true,"has_extended_profile":false,"default_profile":true,"default_profile_image":false,"following":false,"follow_request_sent":false,"notifications":false,"translator_type":"none"},"geo":null,"coordinates":null,"place":null,"contributors":null,"is_quote_status":false,"retweet_count":2530,"favorite_count":1311,"favorited":false,"retweeted":false,"possibly_sensitive":false,"lang":"ja"},{"created_at":"Tue Jul 18 06:21:30 +0000 2017","id":887195607013630000,"id_str":"887195607013629953","text":"DDダンス\n一緒にやって頂きました👍\n\nありがとうございました！！！\n\n皆さんも是非覚えて一緒に踊りましょう🔥🔥🔥\n\n#THERAMPAGE\n#DirtyDisco\n#DDダンス https://t.co/4OD12qdWhf","truncated":false,"entities":{"hashtags":[{"text":"THERAMPAGE","indices":[59,70]},{"text":"DirtyDisco","indices":[71,82]},{"text":"DDダンス","indices":[83,89]}],"symbols":[],"user_mentions":[],"urls":[],"media":[{"id":887195483747176400,"id_str":"887195483747176448","indices":[90,113],"media_url":"http://pbs.twimg.com/ext_tw_video_thumb/887195483747176448/pu/img/V6YcsY_vFTfZrGgs.jpg","media_url_https":"https://pbs.twimg.com/ext_tw_video_thumb/887195483747176448/pu/img/V6YcsY_vFTfZrGgs.jpg","url":"https://t.co/4OD12qdWhf","display_url":"pic.twitter.com/4OD12qdWhf","expanded_url":"https://twitter.com/therampagefext/status/887195607013629953/video/1","type":"photo","sizes":{"large":{"w":960,"h":540,"resize":"fit"},"small":{"w":340,"h":191,"resize":"fit"},"thumb":{"w":150,"h":150,"resize":"crop"},"medium":{"w":600,"h":338,"resize":"fit"}}}]},"extended_entities":{"media":[{"id":887195483747176400,"id_str":"887195483747176448","indices":[90,113],"media_url":"http://pbs.twimg.com/ext_tw_video_thumb/887195483747176448/pu/img/V6YcsY_vFTfZrGgs.jpg","media_url_https":"https://pbs.twimg.com/ext_tw_video_thumb/887195483747176448/pu/img/V6YcsY_vFTfZrGgs.jpg","url":"https://t.co/4OD12qdWhf","display_url":"pic.twitter.com/4OD12qdWhf","expanded_url":"https://twitter.com/therampagefext/status/887195607013629953/video/1","type":"video","sizes":{"large":{"w":960,"h":540,"resize":"fit"},"small":{"w":340,"h":191,"resize":"fit"},"thumb":{"w":150,"h":150,"resize":"crop"},"medium":{"w":600,"h":338,"resize":"fit"}},"video_info":{"aspect_ratio":[16,9],"duration_millis":13000,"variants":[{"bitrate":320000,"content_type":"video/mp4","url":"https://video.twimg.com/ext_tw_video/887195483747176448/pu/vid/320x180/JEaGaPDap6BwH3di.mp4"},{"bitrate":832000,"content_type":"video/mp4","url":"https://video.twimg.com/ext_tw_video/887195483747176448/pu/vid/640x360/G6wA_aFW-nROPLos.mp4"},{"content_type":"application/x-mpegURL","url":"https://video.twimg.com/ext_tw_video/887195483747176448/pu/pl/EahrWaHqwP9eL0XO.m3u8"}]},"additional_media_info":{"monetizable":false}}]},"metadata":{"iso_language_code":"ja","result_type":"recent"},"source":"<a href=\"http://twitter.com/download/iphone\" rel=\"nofollow\">Twitter for iPhone</a>","in_reply_to_status_id":null,"in_reply_to_status_id_str":null,"in_reply_to_user_id":null,"in_reply_to_user_id_str":null,"in_reply_to_screen_name":null,"user":{"id":703069848457228300,"id_str":"703069848457228288","name":"THE RAMPAGE OFFICIAL","screen_name":"therampagefext","location":"","description":"THE RAMPAGE from EXILE TRIBE Official account‼ https://t.co/b2w9QtZAv0","url":"https://t.co/OTrUwgzH9S","entities":{"url":{"urls":[{"url":"https://t.co/OTrUwgzH9S","expanded_url":"https://www.instagram.com/the_rampage_official/","display_url":"instagram.com/the_rampage_of…","indices":[0,23]}]},"description":{"urls":[{"url":"https://t.co/b2w9QtZAv0","expanded_url":"http://the-rampage.jp/","display_url":"the-rampage.jp","indices":[47,70]}]}},"protected":false,"followers_count":308692,"friends_count":93,"listed_count":757,"created_at":"Fri Feb 26 04:11:29 +0000 2016","favourites_count":14,"utc_offset":-25200,"time_zone":"Pacific Time (US & Canada)","geo_enabled":false,"verified":true,"statuses_count":1452,"lang":"ja","contributors_enabled":false,"is_translator":false,"is_translation_enabled":false,"profile_background_color":"F5F8FA","profile_background_image_url":null,"profile_background_image_url_https":null,"profile_background_tile":false,"profile_image_url":"http://pbs.twimg.com/profile_images/791561824906809344/38ndfy6N_normal.jpg","profile_image_url_https":"https://pbs.twimg.com/profile_images/791561824906809344/38ndfy6N_normal.jpg","profile_banner_url":"https://pbs.twimg.com/profile_banners/703069848457228288/1498890358","profile_link_color":"1DA1F2","profile_sidebar_border_color":"C0DEED","profile_sidebar_fill_color":"DDEEF6","profile_text_color":"333333","profile_use_background_image":true,"has_extended_profile":false,"default_profile":true,"default_profile_image":false,"following":false,"follow_request_sent":false,"notifications":false,"translator_type":"none"},"geo":null,"coordinates":null,"place":null,"contributors":null,"is_quote_status":false,"retweet_count":769,"favorite_count":4139,"favorited":false,"retweeted":false,"possibly_sensitive":false,"lang":"ja"},{"created_at":"Tue Jul 18 06:21:03 +0000 2017","id":887195491657596900,"id_str":"887195491657596929","text":"※池袋です https://t.co/U6obDWnHsd","truncated":false,"entities":{"hashtags":[],"symbols":[],"user_mentions":[],"urls":[],"media":[{"id":887195474737811500,"id_str":"887195474737811456","indices":[6,29],"media_url":"http://pbs.twimg.com/media/DE_zlW4U0AAvWCa.jpg","media_url_https":"https://pbs.twimg.com/media/DE_zlW4U0AAvWCa.jpg","url":"https://t.co/U6obDWnHsd","display_url":"pic.twitter.com/U6obDWnHsd","expanded_url":"https://twitter.com/hana_kuma/status/887195491657596929/photo/1","type":"photo","sizes":{"small":{"w":680,"h":680,"resize":"fit"},"medium":{"w":1024,"h":1024,"resize":"fit"},"thumb":{"w":150,"h":150,"resize":"crop"},"large":{"w":1024,"h":1024,"resize":"fit"}}}]},"extended_entities":{"media":[{"id":887195474737811500,"id_str":"887195474737811456","indices":[6,29],"media_url":"http://pbs.twimg.com/media/DE_zlW4U0AAvWCa.jpg","media_url_https":"https://pbs.twimg.com/media/DE_zlW4U0AAvWCa.jpg","url":"https://t.co/U6obDWnHsd","display_url":"pic.twitter.com/U6obDWnHsd","expanded_url":"https://twitter.com/hana_kuma/status/887195491657596929/photo/1","type":"photo","sizes":{"small":{"w":680,"h":680,"resize":"fit"},"medium":{"w":1024,"h":1024,"resize":"fit"},"thumb":{"w":150,"h":150,"resize":"crop"},"large":{"w":1024,"h":1024,"resize":"fit"}}},{"id":887195474788208600,"id_str":"887195474788208640","indices":[6,29],"media_url":"http://pbs.twimg.com/media/DE_zlXEV0AAzh0M.jpg","media_url_https":"https://pbs.twimg.com/media/DE_zlXEV0AAzh0M.jpg","url":"https://t.co/U6obDWnHsd","display_url":"pic.twitter.com/U6obDWnHsd","expanded_url":"https://twitter.com/hana_kuma/status/887195491657596929/photo/1","type":"photo","sizes":{"small":{"w":680,"h":680,"resize":"fit"},"medium":{"w":1024,"h":1024,"resize":"fit"},"thumb":{"w":150,"h":150,"resize":"crop"},"large":{"w":1024,"h":1024,"resize":"fit"}}},{"id":887195475488550900,"id_str":"887195475488550914","indices":[6,29],"media_url":"http://pbs.twimg.com/media/DE_zlZrUMAI4u1i.jpg","media_url_https":"https://pbs.twimg.com/media/DE_zlZrUMAI4u1i.jpg","url":"https://t.co/U6obDWnHsd","display_url":"pic.twitter.com/U6obDWnHsd","expanded_url":"https://twitter.com/hana_kuma/status/887195491657596929/photo/1","type":"photo","sizes":{"small":{"w":680,"h":680,"resize":"fit"},"medium":{"w":1024,"h":1024,"resize":"fit"},"thumb":{"w":150,"h":150,"resize":"crop"},"large":{"w":1024,"h":1024,"resize":"fit"}}},{"id":887195477199822800,"id_str":"887195477199822853","indices":[6,29],"media_url":"http://pbs.twimg.com/media/DE_zlgDUIAU-_HS.jpg","media_url_https":"https://pbs.twimg.com/media/DE_zlgDUIAU-_HS.jpg","url":"https://t.co/U6obDWnHsd","display_url":"pic.twitter.com/U6obDWnHsd","expanded_url":"https://twitter.com/hana_kuma/status/887195491657596929/photo/1","type":"photo","sizes":{"small":{"w":680,"h":680,"resize":"fit"},"thumb":{"w":150,"h":150,"resize":"crop"},"large":{"w":1024,"h":1024,"resize":"fit"},"medium":{"w":1024,"h":1024,"resize":"fit"}}}]},"metadata":{"iso_language_code":"ja","result_type":"recent"},"source":"<a href=\"http://twitter.com/download/iphone\" rel=\"nofollow\">Twitter for iPhone</a>","in_reply_to_status_id":null,"in_reply_to_status_id_str":null,"in_reply_to_user_id":null,"in_reply_to_user_id_str":null,"in_reply_to_screen_name":null,"user":{"id":159109378,"id_str":"159109378","name":"はなくま(｀ε´)","screen_name":"hana_kuma","location":"tokyo都アカプルコ 俺の中の野獣がうず区","description":"ｱｰ!電波が〜！( ˘ω˘;)！ 電波が呟けと命令する〜！( ˘ω˘;)！ ｱｰ電波が〜！ｱｰ!( ˘ω˘;)ﾏﾝﾏﾐｰｱ！","url":null,"entities":{"description":{"urls":[]}},"protected":false,"followers_count":186,"friends_count":188,"listed_count":2,"created_at":"Thu Jun 24 13:35:55 +0000 2010","favourites_count":2656,"utc_offset":-36000,"time_zone":"Hawaii","geo_enabled":true,"verified":false,"statuses_count":21134,"lang":"ja","contributors_enabled":false,"is_translator":false,"is_translation_enabled":false,"profile_background_color":"0099B9","profile_background_image_url":"http://abs.twimg.com/images/themes/theme4/bg.gif","profile_background_image_url_https":"https://abs.twimg.com/images/themes/theme4/bg.gif","profile_background_tile":false,"profile_image_url":"http://pbs.twimg.com/profile_images/882720863266586625/xze-CxZe_normal.jpg","profile_image_url_https":"https://pbs.twimg.com/profile_images/882720863266586625/xze-CxZe_normal.jpg","profile_banner_url":"https://pbs.twimg.com/profile_banners/159109378/1494825077","profile_link_color":"0099B9","profile_sidebar_border_color":"5ED4DC","profile_sidebar_fill_color":"95E8EC","profile_text_color":"3C3940","profile_use_background_image":true,"has_extended_profile":true,"default_profile":false,"default_profile_image":false,"following":false,"follow_request_sent":false,"notifications":false,"translator_type":"none"},"geo":null,"coordinates":null,"place":null,"contributors":null,"is_quote_status":false,"retweet_count":5389,"favorite_count":2383,"favorited":false,"retweeted":false,"possibly_sensitive":false,"lang":"ja"},{"created_at":"Tue Jul 18 06:20:41 +0000 2017","id":887195398971850800,"id_str":"887195398971850754","text":"雹のサイズです in 鶯谷 https://t.co/S0X3nrLz0H","truncated":false,"entities":{"hashtags":[],"symbols":[],"user_mentions":[],"urls":[],"media":[{"id":887195396031660000,"id_str":"887195396031660032","indices":[14,37],"media_url":"http://pbs.twimg.com/media/DE_zgxrUQAAYNoo.jpg","media_url_https":"https://pbs.twimg.com/media/DE_zgxrUQAAYNoo.jpg","url":"https://t.co/S0X3nrLz0H","display_url":"pic.twitter.com/S0X3nrLz0H","expanded_url":"https://twitter.com/G3_1934/status/887195398971850754/photo/1","type":"photo","sizes":{"large":{"w":1224,"h":1632,"resize":"fit"},"medium":{"w":900,"h":1200,"resize":"fit"},"thumb":{"w":150,"h":150,"resize":"crop"},"small":{"w":510,"h":680,"resize":"fit"}}}]},"extended_entities":{"media":[{"id":887195396031660000,"id_str":"887195396031660032","indices":[14,37],"media_url":"http://pbs.twimg.com/media/DE_zgxrUQAAYNoo.jpg","media_url_https":"https://pbs.twimg.com/media/DE_zgxrUQAAYNoo.jpg","url":"https://t.co/S0X3nrLz0H","display_url":"pic.twitter.com/S0X3nrLz0H","expanded_url":"https://twitter.com/G3_1934/status/887195398971850754/photo/1","type":"photo","sizes":{"large":{"w":1224,"h":1632,"resize":"fit"},"medium":{"w":900,"h":1200,"resize":"fit"},"thumb":{"w":150,"h":150,"resize":"crop"},"small":{"w":510,"h":680,"resize":"fit"}}}]},"metadata":{"iso_language_code":"ja","result_type":"recent"},"source":"<a href=\"https://twitter.com/ABS104a\" rel=\"nofollow\">Biyon≡(　ε:) Pro</a>","in_reply_to_status_id":null,"in_reply_to_status_id_str":null,"in_reply_to_user_id":null,"in_reply_to_user_id_str":null,"in_reply_to_screen_name":null,"user":{"id":175148116,"id_str":"175148116","name":"ぼるしち","screen_name":"G3_1934","location":"無理","description":"A Kemash it' eomede to go The Imasu","url":null,"entities":{"description":{"urls":[]}},"protected":false,"followers_count":937,"friends_count":725,"listed_count":100,"created_at":"Thu Aug 05 19:23:25 +0000 2010","favourites_count":211746,"utc_offset":32400,"time_zone":"Tokyo","geo_enabled":true,"verified":false,"statuses_count":176338,"lang":"ja","contributors_enabled":false,"is_translator":false,"is_translation_enabled":false,"profile_background_color":"131516","profile_background_image_url":"http://abs.twimg.com/images/themes/theme14/bg.gif","profile_background_image_url_https":"https://abs.twimg.com/images/themes/theme14/bg.gif","profile_background_tile":false,"profile_image_url":"http://pbs.twimg.com/profile_images/647708514098397185/weEvTT6F_normal.jpg","profile_image_url_https":"https://pbs.twimg.com/profile_images/647708514098397185/weEvTT6F_normal.jpg","profile_banner_url":"https://pbs.twimg.com/profile_banners/175148116/1454429859","profile_link_color":"E81C4F","profile_sidebar_border_color":"000000","profile_sidebar_fill_color":"000000","profile_text_color":"000000","profile_use_background_image":false,"has_extended_profile":false,"default_profile":false,"default_profile_image":false,"following":false,"follow_request_sent":false,"notifications":false,"translator_type":"none"},"geo":null,"coordinates":null,"place":null,"contributors":null,"is_quote_status":false,"retweet_count":734,"favorite_count":257,"favorited":false,"retweeted":false,"possibly_sensitive":false,"lang":"ja"},{"created_at":"Tue Jul 18 06:18:41 +0000 2017","id":887194898314608600,"id_str":"887194898314608641","text":"ヴァリサちゃんお顔がかわいいし衣装の立体感好き… https://t.co/BqI6SWsCTi","truncated":false,"entities":{"hashtags":[],"symbols":[],"user_mentions":[],"urls":[],"media":[{"id":887194890106306600,"id_str":"887194890106306560","indices":[25,48],"media_url":"http://pbs.twimg.com/media/DE_zDU9UAAA6R-V.jpg","media_url_https":"https://pbs.twimg.com/media/DE_zDU9UAAA6R-V.jpg","url":"https://t.co/BqI6SWsCTi","display_url":"pic.twitter.com/BqI6SWsCTi","expanded_url":"https://twitter.com/er2nk/status/887194898314608641/photo/1","type":"photo","sizes":{"medium":{"w":1200,"h":675,"resize":"fit"},"thumb":{"w":150,"h":150,"resize":"crop"},"small":{"w":680,"h":382,"resize":"fit"},"large":{"w":1334,"h":750,"resize":"fit"}}}]},"extended_entities":{"media":[{"id":887194890106306600,"id_str":"887194890106306560","indices":[25,48],"media_url":"http://pbs.twimg.com/media/DE_zDU9UAAA6R-V.jpg","media_url_https":"https://pbs.twimg.com/media/DE_zDU9UAAA6R-V.jpg","url":"https://t.co/BqI6SWsCTi","display_url":"pic.twitter.com/BqI6SWsCTi","expanded_url":"https://twitter.com/er2nk/status/887194898314608641/photo/1","type":"photo","sizes":{"medium":{"w":1200,"h":675,"resize":"fit"},"thumb":{"w":150,"h":150,"resize":"crop"},"small":{"w":680,"h":382,"resize":"fit"},"large":{"w":1334,"h":750,"resize":"fit"}}},{"id":887194890102218800,"id_str":"887194890102218752","indices":[25,48],"media_url":"http://pbs.twimg.com/media/DE_zDU8VoAAibKL.jpg","media_url_https":"https://pbs.twimg.com/media/DE_zDU8VoAAibKL.jpg","url":"https://t.co/BqI6SWsCTi","display_url":"pic.twitter.com/BqI6SWsCTi","expanded_url":"https://twitter.com/er2nk/status/887194898314608641/photo/1","type":"photo","sizes":{"thumb":{"w":150,"h":150,"resize":"crop"},"medium":{"w":1200,"h":675,"resize":"fit"},"small":{"w":680,"h":382,"resize":"fit"},"large":{"w":1334,"h":750,"resize":"fit"}}},{"id":887194890106425300,"id_str":"887194890106425344","indices":[25,48],"media_url":"http://pbs.twimg.com/media/DE_zDU9V0AAHWqE.jpg","media_url_https":"https://pbs.twimg.com/media/DE_zDU9V0AAHWqE.jpg","url":"https://t.co/BqI6SWsCTi","display_url":"pic.twitter.com/BqI6SWsCTi","expanded_url":"https://twitter.com/er2nk/status/887194898314608641/photo/1","type":"photo","sizes":{"large":{"w":1334,"h":750,"resize":"fit"},"thumb":{"w":150,"h":150,"resize":"crop"},"small":{"w":680,"h":382,"resize":"fit"},"medium":{"w":1200,"h":675,"resize":"fit"}}},{"id":887194890118942700,"id_str":"887194890118942720","indices":[25,48],"media_url":"http://pbs.twimg.com/media/DE_zDVAU0AAp_vn.jpg","media_url_https":"https://pbs.twimg.com/media/DE_zDVAU0AAp_vn.jpg","url":"https://t.co/BqI6SWsCTi","display_url":"pic.twitter.com/BqI6SWsCTi","expanded_url":"https://twitter.com/er2nk/status/887194898314608641/photo/1","type":"photo","sizes":{"medium":{"w":1200,"h":675,"resize":"fit"},"thumb":{"w":150,"h":150,"resize":"crop"},"small":{"w":680,"h":382,"resize":"fit"},"large":{"w":1334,"h":750,"resize":"fit"}}}]},"metadata":{"iso_language_code":"ja","result_type":"recent"},"source":"<a href=\"http://twitter.com/download/iphone\" rel=\"nofollow\">Twitter for iPhone</a>","in_reply_to_status_id":null,"in_reply_to_status_id_str":null,"in_reply_to_user_id":null,"in_reply_to_user_id_str":null,"in_reply_to_screen_name":null,"user":{"id":1044901190,"id_str":"1044901190","name":"えり子","screen_name":"er2nk","location":"ﾟ･:*†┏┛墓┗┓†*:･ﾟ","description":"君との将来に課金をしたい人生だった","url":null,"entities":{"description":{"urls":[]}},"protected":false,"followers_count":77,"friends_count":74,"listed_count":3,"created_at":"Sat Dec 29 13:42:19 +0000 2012","favourites_count":4529,"utc_offset":null,"time_zone":null,"geo_enabled":false,"verified":false,"statuses_count":7519,"lang":"ja","contributors_enabled":false,"is_translator":false,"is_translation_enabled":false,"profile_background_color":"C0DEED","profile_background_image_url":"http://abs.twimg.com/images/themes/theme1/bg.png","profile_background_image_url_https":"https://abs.twimg.com/images/themes/theme1/bg.png","profile_background_tile":false,"profile_image_url":"http://pbs.twimg.com/profile_images/715859812643287040/OcUR7DMe_normal.jpg","profile_image_url_https":"https://pbs.twimg.com/profile_images/715859812643287040/OcUR7DMe_normal.jpg","profile_banner_url":"https://pbs.twimg.com/profile_banners/1044901190/1494561192","profile_link_color":"1DA1F2","profile_sidebar_border_color":"C0DEED","profile_sidebar_fill_color":"DDEEF6","profile_text_color":"333333","profile_use_background_image":true,"has_extended_profile":false,"default_profile":true,"default_profile_image":false,"following":false,"follow_request_sent":false,"notifications":false,"translator_type":"none"},"geo":null,"coordinates":null,"place":null,"contributors":null,"is_quote_status":false,"retweet_count":632,"favorite_count":488,"favorited":false,"retweeted":false,"possibly_sensitive":false,"lang":"ja"},{"created_at":"Tue Jul 18 06:18:31 +0000 2017","id":887194856954634200,"id_str":"887194856954634240","text":"すごい雷⚡️脚がすくむくらいの！そしてこれ、雹が降って来た。おっきい！！冷たい！！ https://t.co/QK3Cr7Rjqh","truncated":false,"entities":{"hashtags":[],"symbols":[],"user_mentions":[],"urls":[],"media":[{"id":887194854949662700,"id_str":"887194854949662720","indices":[42,65],"media_url":"http://pbs.twimg.com/media/DE_zBR_UMAAFbPd.jpg","media_url_https":"https://pbs.twimg.com/media/DE_zBR_UMAAFbPd.jpg","url":"https://t.co/QK3Cr7Rjqh","display_url":"pic.twitter.com/QK3Cr7Rjqh","expanded_url":"https://twitter.com/CHICAUMINO/status/887194856954634240/photo/1","type":"photo","sizes":{"thumb":{"w":150,"h":150,"resize":"crop"},"medium":{"w":768,"h":1024,"resize":"fit"},"large":{"w":768,"h":1024,"resize":"fit"},"small":{"w":510,"h":680,"resize":"fit"}}}]},"extended_entities":{"media":[{"id":887194854949662700,"id_str":"887194854949662720","indices":[42,65],"media_url":"http://pbs.twimg.com/media/DE_zBR_UMAAFbPd.jpg","media_url_https":"https://pbs.twimg.com/media/DE_zBR_UMAAFbPd.jpg","url":"https://t.co/QK3Cr7Rjqh","display_url":"pic.twitter.com/QK3Cr7Rjqh","expanded_url":"https://twitter.com/CHICAUMINO/status/887194856954634240/photo/1","type":"photo","sizes":{"thumb":{"w":150,"h":150,"resize":"crop"},"medium":{"w":768,"h":1024,"resize":"fit"},"large":{"w":768,"h":1024,"resize":"fit"},"small":{"w":510,"h":680,"resize":"fit"}}}]},"metadata":{"iso_language_code":"ja","result_type":"recent"},"source":"<a href=\"http://twitter.com/download/iphone\" rel=\"nofollow\">Twitter for iPhone</a>","in_reply_to_status_id":null,"in_reply_to_status_id_str":null,"in_reply_to_user_id":null,"in_reply_to_user_id_str":null,"in_reply_to_screen_name":null,"user":{"id":121099730,"id_str":"121099730","name":"名古屋・札幌・羽海野チカ世界展","screen_name":"CHICAUMINO","location":"全部の情報は下記ライオン公式HPへ","description":"映画公式 　https://t.co/NaCN3qq33G  @3lionmovie\n名古屋・札幌・世界展　https://t.co/k7ZX5XZ25s","url":"https://t.co/PDYdkGGCTn","entities":{"url":{"urls":[{"url":"https://t.co/PDYdkGGCTn","expanded_url":"http://3lion.younganimal.com/","display_url":"3lion.younganimal.com","indices":[0,23]}]},"description":{"urls":[{"url":"https://t.co/NaCN3qq33G","expanded_url":"http://3lion-movie.com/","display_url":"3lion-movie.com","indices":[6,29]},{"url":"https://t.co/k7ZX5XZ25s","expanded_url":"http://3lion.younganimal.com/sekaiten/","display_url":"3lion.younganimal.com/sekaiten/","indices":[54,77]}]}},"protected":false,"followers_count":373479,"friends_count":552,"listed_count":12404,"created_at":"Mon Mar 08 12:37:45 +0000 2010","favourites_count":4122,"utc_offset":32400,"time_zone":"Tokyo","geo_enabled":false,"verified":false,"statuses_count":50523,"lang":"ja","contributors_enabled":false,"is_translator":false,"is_translation_enabled":false,"profile_background_color":"9AE4E8","profile_background_image_url":"http://pbs.twimg.com/profile_background_images/94703060/PICT0087.JPG","profile_background_image_url_https":"https://pbs.twimg.com/profile_background_images/94703060/PICT0087.JPG","profile_background_tile":true,"profile_image_url":"http://pbs.twimg.com/profile_images/886232698179567616/wcKkgCSw_normal.jpg","profile_image_url_https":"https://pbs.twimg.com/profile_images/886232698179567616/wcKkgCSw_normal.jpg","profile_banner_url":"https://pbs.twimg.com/profile_banners/121099730/1500126979","profile_link_color":"0084B4","profile_sidebar_border_color":"BDDCAD","profile_sidebar_fill_color":"DDFFCC","profile_text_color":"333333","profile_use_background_image":true,"has_extended_profile":false,"default_profile":false,"default_profile_image":false,"following":false,"follow_request_sent":false,"notifications":false,"translator_type":"none"},"geo":null,"coordinates":null,"place":null,"contributors":null,"is_quote_status":false,"retweet_count":614,"favorite_count":683,"favorited":false,"retweeted":false,"possibly_sensitive":false,"lang":"ja"},{"created_at":"Tue Jul 18 06:18:04 +0000 2017","id":887194742215147500,"id_str":"887194742215147520","text":"ひ…ひょー！！！！！！！(´;゜;ё;゜;) https://t.co/8vEF9UnHVz","truncated":false,"entities":{"hashtags":[],"symbols":[],"user_mentions":[],"urls":[],"media":[{"id":887194738822004700,"id_str":"887194738822004736","indices":[23,46],"media_url":"http://pbs.twimg.com/media/DE_y6hYUwAAaqAM.jpg","media_url_https":"https://pbs.twimg.com/media/DE_y6hYUwAAaqAM.jpg","url":"https://t.co/8vEF9UnHVz","display_url":"pic.twitter.com/8vEF9UnHVz","expanded_url":"https://twitter.com/mikakokomatsu/status/887194742215147520/photo/1","type":"photo","sizes":{"large":{"w":960,"h":959,"resize":"fit"},"medium":{"w":960,"h":959,"resize":"fit"},"thumb":{"w":150,"h":150,"resize":"crop"},"small":{"w":680,"h":679,"resize":"fit"}}}]},"extended_entities":{"media":[{"id":887194738822004700,"id_str":"887194738822004736","indices":[23,46],"media_url":"http://pbs.twimg.com/media/DE_y6hYUwAAaqAM.jpg","media_url_https":"https://pbs.twimg.com/media/DE_y6hYUwAAaqAM.jpg","url":"https://t.co/8vEF9UnHVz","display_url":"pic.twitter.com/8vEF9UnHVz","expanded_url":"https://twitter.com/mikakokomatsu/status/887194742215147520/photo/1","type":"photo","sizes":{"large":{"w":960,"h":959,"resize":"fit"},"medium":{"w":960,"h":959,"resize":"fit"},"thumb":{"w":150,"h":150,"resize":"crop"},"small":{"w":680,"h":679,"resize":"fit"}}}]},"metadata":{"iso_language_code":"ja","result_type":"recent"},"source":"<a href=\"http://theworld09.com/\" rel=\"nofollow\">TheWorld⠀</a>","in_reply_to_status_id":null,"in_reply_to_status_id_str":null,"in_reply_to_user_id":null,"in_reply_to_user_id_str":null,"in_reply_to_screen_name":null,"user":{"id":255386927,"id_str":"255386927","name":"小松未可子","screen_name":"mikakokomatsu","location":"群青の空の下、エメラルドの丘の上","description":"2nd single「Maybe the next waltz」2017/8/9 on sale!!!","url":"https://t.co/Fl4yICCLDS","entities":{"url":{"urls":[{"url":"https://t.co/Fl4yICCLDS","expanded_url":"http://www.hirata-office.jp/komatsu_mikako/","display_url":"hirata-office.jp/komatsu_mikako/","indices":[0,23]}]},"description":{"urls":[]}},"protected":false,"followers_count":328745,"friends_count":364,"listed_count":8500,"created_at":"Mon Feb 21 07:40:35 +0000 2011","favourites_count":2,"utc_offset":32400,"time_zone":"Tokyo","geo_enabled":false,"verified":true,"statuses_count":35048,"lang":"ja","contributors_enabled":false,"is_translator":false,"is_translation_enabled":true,"profile_background_color":"C0DEED","profile_background_image_url":"http://abs.twimg.com/images/themes/theme1/bg.png","profile_background_image_url_https":"https://abs.twimg.com/images/themes/theme1/bg.png","profile_background_tile":false,"profile_image_url":"http://pbs.twimg.com/profile_images/826781812969967616/VsyVnXdB_normal.jpg","profile_image_url_https":"https://pbs.twimg.com/profile_images/826781812969967616/VsyVnXdB_normal.jpg","profile_link_color":"1DA1F2","profile_sidebar_border_color":"C0DEED","profile_sidebar_fill_color":"DDEEF6","profile_text_color":"333333","profile_use_background_image":true,"has_extended_profile":true,"default_profile":true,"default_profile_image":false,"following":false,"follow_request_sent":false,"notifications":false,"translator_type":"none"},"geo":null,"coordinates":null,"place":null,"contributors":null,"is_quote_status":false,"retweet_count":515,"favorite_count":1101,"favorited":false,"retweeted":false,"possibly_sensitive":false,"lang":"ja"},{"created_at":"Tue Jul 18 06:18:02 +0000 2017","id":887194732874432500,"id_str":"887194732874432512","text":"雹！一粒がえらいことに。とんがってるの初めて見た。 https://t.co/lUQbtRwZY9","truncated":false,"entities":{"hashtags":[],"symbols":[],"user_mentions":[],"urls":[],"media":[{"id":887194717720424400,"id_str":"887194717720424448","indices":[26,49],"media_url":"http://pbs.twimg.com/media/DE_y5SxUMAAlSes.jpg","media_url_https":"https://pbs.twimg.com/media/DE_y5SxUMAAlSes.jpg","url":"https://t.co/lUQbtRwZY9","display_url":"pic.twitter.com/lUQbtRwZY9","expanded_url":"https://twitter.com/shimurat0620/status/887194732874432512/photo/1","type":"photo","sizes":{"small":{"w":680,"h":680,"resize":"fit"},"thumb":{"w":150,"h":150,"resize":"crop"},"medium":{"w":1200,"h":1200,"resize":"fit"},"large":{"w":2048,"h":2048,"resize":"fit"}}}]},"extended_entities":{"media":[{"id":887194717720424400,"id_str":"887194717720424448","indices":[26,49],"media_url":"http://pbs.twimg.com/media/DE_y5SxUMAAlSes.jpg","media_url_https":"https://pbs.twimg.com/media/DE_y5SxUMAAlSes.jpg","url":"https://t.co/lUQbtRwZY9","display_url":"pic.twitter.com/lUQbtRwZY9","expanded_url":"https://twitter.com/shimurat0620/status/887194732874432512/photo/1","type":"photo","sizes":{"small":{"w":680,"h":680,"resize":"fit"},"thumb":{"w":150,"h":150,"resize":"crop"},"medium":{"w":1200,"h":1200,"resize":"fit"},"large":{"w":2048,"h":2048,"resize":"fit"}}}]},"metadata":{"iso_language_code":"ja","result_type":"recent"},"source":"<a href=\"http://twitter.com/download/iphone\" rel=\"nofollow\">Twitter for iPhone</a>","in_reply_to_status_id":null,"in_reply_to_status_id_str":null,"in_reply_to_user_id":null,"in_reply_to_user_id_str":null,"in_reply_to_screen_name":null,"user":{"id":748828598,"id_str":"748828598","name":"shim","screen_name":"shimurat0620","location":"","description":"ビール中心に成り立っています","url":null,"entities":{"description":{"urls":[]}},"protected":false,"followers_count":63,"friends_count":76,"listed_count":1,"created_at":"Fri Aug 10 07:14:01 +0000 2012","favourites_count":1905,"utc_offset":null,"time_zone":null,"geo_enabled":true,"verified":false,"statuses_count":3836,"lang":"ja","contributors_enabled":false,"is_translator":false,"is_translation_enabled":false,"profile_background_color":"C0DEED","profile_background_image_url":"http://abs.twimg.com/images/themes/theme1/bg.png","profile_background_image_url_https":"https://abs.twimg.com/images/themes/theme1/bg.png","profile_background_tile":false,"profile_image_url":"http://pbs.twimg.com/profile_images/882634869985091584/H7enmrG-_normal.jpg","profile_image_url_https":"https://pbs.twimg.com/profile_images/882634869985091584/H7enmrG-_normal.jpg","profile_banner_url":"https://pbs.twimg.com/profile_banners/748828598/1499559451","profile_link_color":"1DA1F2","profile_sidebar_border_color":"C0DEED","profile_sidebar_fill_color":"DDEEF6","profile_text_color":"333333","profile_use_background_image":true,"has_extended_profile":false,"default_profile":true,"default_profile_image":false,"following":false,"follow_request_sent":false,"notifications":false,"translator_type":"none"},"geo":null,"coordinates":null,"place":null,"contributors":null,"is_quote_status":false,"retweet_count":878,"favorite_count":477,"favorited":false,"retweeted":false,"possibly_sensitive":false,"lang":"ja"},{"created_at":"Tue Jul 18 06:17:58 +0000 2017","id":887194715539423200,"id_str":"887194715539423232","text":"池袋 雹だ やばい   #池袋 #雹 https://t.co/2OEg6clUNq","truncated":false,"entities":{"hashtags":[{"text":"池袋","indices":[12,15]},{"text":"雹","indices":[16,18]}],"symbols":[],"user_mentions":[],"urls":[],"media":[{"id":887194393223897100,"id_str":"887194393223897088","indices":[19,42],"media_url":"http://pbs.twimg.com/ext_tw_video_thumb/887194393223897088/pu/img/QK8p93Jyla2_lr4k.jpg","media_url_https":"https://pbs.twimg.com/ext_tw_video_thumb/887194393223897088/pu/img/QK8p93Jyla2_lr4k.jpg","url":"https://t.co/2OEg6clUNq","display_url":"pic.twitter.com/2OEg6clUNq","expanded_url":"https://twitter.com/zbitjp/status/887194715539423232/video/1","type":"photo","sizes":{"large":{"w":528,"h":960,"resize":"fit"},"thumb":{"w":150,"h":150,"resize":"crop"},"small":{"w":340,"h":618,"resize":"fit"},"medium":{"w":528,"h":960,"resize":"fit"}}}]},"extended_entities":{"media":[{"id":887194393223897100,"id_str":"887194393223897088","indices":[19,42],"media_url":"http://pbs.twimg.com/ext_tw_video_thumb/887194393223897088/pu/img/QK8p93Jyla2_lr4k.jpg","media_url_https":"https://pbs.twimg.com/ext_tw_video_thumb/887194393223897088/pu/img/QK8p93Jyla2_lr4k.jpg","url":"https://t.co/2OEg6clUNq","display_url":"pic.twitter.com/2OEg6clUNq","expanded_url":"https://twitter.com/zbitjp/status/887194715539423232/video/1","type":"video","sizes":{"large":{"w":528,"h":960,"resize":"fit"},"thumb":{"w":150,"h":150,"resize":"crop"},"small":{"w":340,"h":618,"resize":"fit"},"medium":{"w":528,"h":960,"resize":"fit"}},"video_info":{"aspect_ratio":[11,20],"duration_millis":36833,"variants":[{"bitrate":832000,"content_type":"video/mp4","url":"https://video.twimg.com/ext_tw_video/887194393223897088/pu/vid/352x640/_7oKeEYWbBLZNBuk.mp4"},{"bitrate":320000,"content_type":"video/mp4","url":"https://video.twimg.com/ext_tw_video/887194393223897088/pu/vid/176x320/e6gpmJbL_0EsApqV.mp4"},{"content_type":"application/x-mpegURL","url":"https://video.twimg.com/ext_tw_video/887194393223897088/pu/pl/ZUDsO_70lgLQKRuI.m3u8"}]},"additional_media_info":{"monetizable":false}}]},"metadata":{"iso_language_code":"ja","result_type":"recent"},"source":"<a href=\"http://twitter.com/download/iphone\" rel=\"nofollow\">Twitter for iPhone</a>","in_reply_to_status_id":null,"in_reply_to_status_id_str":null,"in_reply_to_user_id":null,"in_reply_to_user_id_str":null,"in_reply_to_screen_name":null,"user":{"id":116974649,"id_str":"116974649","name":"zbitjp","screen_name":"zbitjp","location":"東京都","description":"相当おっさんですがまだコード書いてます/Android/iPhone/Windows8/池袋在住のおっさん/ヒルズよりは浅草/日向よりは日陰/料理/酒があれば。。","url":"https://t.co/agIQnUqlLW","entities":{"url":{"urls":[{"url":"https://t.co/agIQnUqlLW","expanded_url":"http://rpx.jp/","display_url":"rpx.jp","indices":[0,23]}]},"description":{"urls":[]}},"protected":false,"followers_count":57,"friends_count":70,"listed_count":5,"created_at":"Wed Feb 24 04:19:05 +0000 2010","favourites_count":9,"utc_offset":32400,"time_zone":"Tokyo","geo_enabled":true,"verified":false,"statuses_count":590,"lang":"ja","contributors_enabled":false,"is_translator":false,"is_translation_enabled":false,"profile_background_color":"9AE4E8","profile_background_image_url":"http://abs.twimg.com/images/themes/theme16/bg.gif","profile_background_image_url_https":"https://abs.twimg.com/images/themes/theme16/bg.gif","profile_background_tile":false,"profile_image_url":"http://pbs.twimg.com/profile_images/1679191544/image_normal.jpg","profile_image_url_https":"https://pbs.twimg.com/profile_images/1679191544/image_normal.jpg","profile_link_color":"0084B4","profile_sidebar_border_color":"BDDCAD","profile_sidebar_fill_color":"DDFFCC","profile_text_color":"333333","profile_use_background_image":true,"has_extended_profile":false,"default_profile":false,"default_profile_image":false,"following":false,"follow_request_sent":false,"notifications":false,"translator_type":"none"},"geo":null,"coordinates":null,"place":null,"contributors":null,"is_quote_status":false,"retweet_count":1744,"favorite_count":717,"favorited":false,"retweeted":false,"possibly_sensitive":false,"lang":"ja"},{"created_at":"Tue Jul 18 06:16:51 +0000 2017","id":887194435556999200,"id_str":"887194435556999168","text":"🎊🎊🎊🎊🎊🎊 \n累計動員50万人突破！ \n🎊🎊🎊🎊🎊🎊 \n\n3連休も満席続出中！な #兄こま ✨ \n夏の大作が多いなか、今週もランキングTOP10入りしました😭😭！みなさん、ありがとうございます！ \n\n明日には大ヒットを記念したプ… https://t.co/ck9T6ngK7y","truncated":true,"entities":{"hashtags":[{"text":"兄こま","indices":[42,46]}],"symbols":[],"user_mentions":[],"urls":[{"url":"https://t.co/ck9T6ngK7y","expanded_url":"https://twitter.com/i/web/status/887194435556999168","display_url":"twitter.com/i/web/status/8…","indices":[117,140]}]},"metadata":{"iso_language_code":"ja","result_type":"recent"},"source":"<a href=\"http://twitter.com\" rel=\"nofollow\">Twitter Web Client</a>","in_reply_to_status_id":null,"in_reply_to_status_id_str":null,"in_reply_to_user_id":null,"in_reply_to_user_id_str":null,"in_reply_to_screen_name":null,"user":{"id":763281638470004700,"id_str":"763281638470004737","name":"映画『兄に愛されすぎて困ってます』公式","screen_name":"anikoma_movie","location":"","description":"映画『兄に愛されすぎて困ってます』公式Twitterです。2017.6.30（金）全国ロードショー！ドラマは2017.4.12（水）深夜より、日本テレビ他で放送スタート！ ♡公式Instagram→https://t.co/PPVn3uhvC0 #兄こま","url":"https://t.co/f21AagyUBF","entities":{"url":{"urls":[{"url":"https://t.co/f21AagyUBF","expanded_url":"http://anikoma-movie.jp/","display_url":"anikoma-movie.jp","indices":[0,23]}]},"description":{"urls":[{"url":"https://t.co/PPVn3uhvC0","expanded_url":"https://www.instagram.com/anikoma_movie/","display_url":"instagram.com/anikoma_movie/","indices":[99,122]}]}},"protected":false,"followers_count":201335,"friends_count":20,"listed_count":302,"created_at":"Wed Aug 10 07:51:38 +0000 2016","favourites_count":6,"utc_offset":null,"time_zone":null,"geo_enabled":false,"verified":false,"statuses_count":1190,"lang":"ja","contributors_enabled":false,"is_translator":false,"is_translation_enabled":false,"profile_background_color":"F5F8FA","profile_background_image_url":null,"profile_background_image_url_https":null,"profile_background_tile":false,"profile_image_url":"http://pbs.twimg.com/profile_images/811768830242353153/kkD1baIc_normal.jpg","profile_image_url_https":"https://pbs.twimg.com/profile_images/811768830242353153/kkD1baIc_normal.jpg","profile_banner_url":"https://pbs.twimg.com/profile_banners/763281638470004737/1482375747","profile_link_color":"1DA1F2","profile_sidebar_border_color":"C0DEED","profile_sidebar_fill_color":"DDEEF6","profile_text_color":"333333","profile_use_background_image":true,"has_extended_profile":false,"default_profile":true,"default_profile_image":false,"following":false,"follow_request_sent":false,"notifications":false,"translator_type":"none"},"geo":null,"coordinates":null,"place":null,"contributors":null,"is_quote_status":false,"retweet_count":597,"favorite_count":3546,"favorited":false,"retweeted":false,"possibly_sensitive":false,"lang":"ja"}],"search_metadata":{"completed_in":0.209,"max_id":887196764092080100,"max_id_str":"887196764092080128","next_results":"?max_id=887194435556999167&q=lang%3Aja%20min_retweets%3A500&include_entities=1","query":"lang%3Aja+min_retweets%3A500","refresh_url":"?since_id=887196764092080128&q=lang%3Aja%20min_retweets%3A500&include_entities=1","count":15,"since_id":0,"since_id_str":"0"}}