{"statuses":[{"created_at":"Tue Jul 18 23:11:00 +0000 2017","id":887449654622789600,"id_str":"887449654622789632","text":"1位 おとめ座♍️\n大事な場面で実力を発揮できそう。\n真剣に作業に取り組む姿勢がカギ。\n\n🌟ラッキーポイント🌟\n『アクセサリー』","truncated":false,"entities":{"hashtags":[],"symbols":[],"user_mentions":[],"urls":[]},"metadata":{"iso_language_code":"ja","result_type":"recent"},"source":"<a href=\"http://saikyo-tweet.com\" rel=\"nofollow\">mezauranai_bot</a>","in_reply_to_status_id":null,"in_reply_to_status_id_str":null,"in_reply_to_user_id":null,"in_reply_to_user_id_str":null,"in_reply_to_screen_name":null,"user":{"id":1557821088,"id_str":"1557821088","name":"めざまし占い","screen_name":"mezauranai","location":"","description":"","url":null,"entities":{"description":{"urls":[]}},"protected":false,"followers_count":359359,"friends_count":0,"listed_count":385,"created_at":"Sun Jun 30 11:21:35 +0000 2013","favourites_count":1,"utc_offset":-25200,"time_zone":"Pacific Time (US & Canada)","geo_enabled":false,"verified":false,"statuses_count":12181,"lang":"ja","contributors_enabled":false,"is_translator":false,"is_translation_enabled":false,"profile_background_color":"000000","profile_background_image_url":"http://abs.twimg.com/images/themes/theme1/bg.png","profile_background_image_url_https":"https://abs.twimg.com/images/themes/theme1/bg.png","profile_background_tile":false,"profile_image_url":"http://pbs.twimg.com/profile_images/378800000067564782/8b611be3582aaa90ff478a41eff85cc4_normal.png","profile_image_url_https":"https://pbs.twimg.com/profile_images/378800000067564782/8b611be3582aaa90ff478a41eff85cc4_normal.png","profile_link_color":"C9191C","profile_sidebar_border_color":"000000","profile_sidebar_fill_color":"000000","profile_text_color":"000000","profile_use_background_image":false,"has_extended_profile":false,"default_profile":false,"default_profile_image":false,"following":false,"follow_request_sent":false,"notifications":false,"translator_type":"none"},"geo":null,"coordinates":null,"place":null,"contributors":null,"is_quote_status":false,"retweet_count":2086,"favorite_count":3046,"favorited":false,"retweeted":false,"lang":"ja"},{"created_at":"Tue Jul 18 23:10:55 +0000 2017","id":887449632673996800,"id_str":"887449632673996800","text":"2位 かに座♋️\nアイディアがひらめく。\n素直な意見で評価ＵＰ。\n\n🌟ラッキーポイント🌟\n『ペン』","truncated":false,"entities":{"hashtags":[],"symbols":[],"user_mentions":[],"urls":[]},"metadata":{"iso_language_code":"ja","result_type":"recent"},"source":"<a href=\"http://saikyo-tweet.com\" rel=\"nofollow\">mezauranai_bot</a>","in_reply_to_status_id":null,"in_reply_to_status_id_str":null,"in_reply_to_user_id":null,"in_reply_to_user_id_str":null,"in_reply_to_screen_name":null,"user":{"id":1557821088,"id_str":"1557821088","name":"めざまし占い","screen_name":"mezauranai","location":"","description":"","url":null,"entities":{"description":{"urls":[]}},"protected":false,"followers_count":359359,"friends_count":0,"listed_count":385,"created_at":"Sun Jun 30 11:21:35 +0000 2013","favourites_count":1,"utc_offset":-25200,"time_zone":"Pacific Time (US & Canada)","geo_enabled":false,"verified":false,"statuses_count":12181,"lang":"ja","contributors_enabled":false,"is_translator":false,"is_translation_enabled":false,"profile_background_color":"000000","profile_background_image_url":"http://abs.twimg.com/images/themes/theme1/bg.png","profile_background_image_url_https":"https://abs.twimg.com/images/themes/theme1/bg.png","profile_background_tile":false,"profile_image_url":"http://pbs.twimg.com/profile_images/378800000067564782/8b611be3582aaa90ff478a41eff85cc4_normal.png","profile_image_url_https":"https://pbs.twimg.com/profile_images/378800000067564782/8b611be3582aaa90ff478a41eff85cc4_normal.png","profile_link_color":"C9191C","profile_sidebar_border_color":"000000","profile_sidebar_fill_color":"000000","profile_text_color":"000000","profile_use_background_image":false,"has_extended_profile":false,"default_profile":false,"default_profile_image":false,"following":false,"follow_request_sent":false,"notifications":false,"translator_type":"none"},"geo":null,"coordinates":null,"place":null,"contributors":null,"is_quote_status":false,"retweet_count":845,"favorite_count":1576,"favorited":false,"retweeted":false,"lang":"ja"},{"created_at":"Tue Jul 18 23:10:49 +0000 2017","id":887449610418966500,"id_str":"887449610418966532","text":"3位 やぎ座♑️\n大胆な考えで注目の的に。\n普段と違う服で気分転換。\n\n🌟ラッキーポイント🌟\n『料理雑誌』","truncated":false,"entities":{"hashtags":[],"symbols":[],"user_mentions":[],"urls":[]},"metadata":{"iso_language_code":"ja","result_type":"recent"},"source":"<a href=\"http://saikyo-tweet.com\" rel=\"nofollow\">mezauranai_bot</a>","in_reply_to_status_id":null,"in_reply_to_status_id_str":null,"in_reply_to_user_id":null,"in_reply_to_user_id_str":null,"in_reply_to_screen_name":null,"user":{"id":1557821088,"id_str":"1557821088","name":"めざまし占い","screen_name":"mezauranai","location":"","description":"","url":null,"entities":{"description":{"urls":[]}},"protected":false,"followers_count":359359,"friends_count":0,"listed_count":385,"created_at":"Sun Jun 30 11:21:35 +0000 2013","favourites_count":1,"utc_offset":-25200,"time_zone":"Pacific Time (US & Canada)","geo_enabled":false,"verified":false,"statuses_count":12181,"lang":"ja","contributors_enabled":false,"is_translator":false,"is_translation_enabled":false,"profile_background_color":"000000","profile_background_image_url":"http://abs.twimg.com/images/themes/theme1/bg.png","profile_background_image_url_https":"https://abs.twimg.com/images/themes/theme1/bg.png","profile_background_tile":false,"profile_image_url":"http://pbs.twimg.com/profile_images/378800000067564782/8b611be3582aaa90ff478a41eff85cc4_normal.png","profile_image_url_https":"https://pbs.twimg.com/profile_images/378800000067564782/8b611be3582aaa90ff478a41eff85cc4_normal.png","profile_link_color":"C9191C","profile_sidebar_border_color":"000000","profile_sidebar_fill_color":"000000","profile_text_color":"000000","profile_use_background_image":false,"has_extended_profile":false,"default_profile":false,"default_profile_image":false,"following":false,"follow_request_sent":false,"notifications":false,"translator_type":"none"},"geo":null,"coordinates":null,"place":null,"contributors":null,"is_quote_status":false,"retweet_count":659,"favorite_count":1357,"favorited":false,"retweeted":false,"lang":"ja"},{"created_at":"Tue Jul 18 23:10:39 +0000 2017","id":887449566387216400,"id_str":"887449566387216384","text":"5位 さそり座♏️\n新しい出会いがありそう。\n積極的に話しかけると○\n\n🌟ラッキーポイント🌟\n『枝豆』","truncated":false,"entities":{"hashtags":[],"symbols":[],"user_mentions":[],"urls":[]},"metadata":{"iso_language_code":"ja","result_type":"recent"},"source":"<a href=\"http://saikyo-tweet.com\" rel=\"nofollow\">mezauranai_bot</a>","in_reply_to_status_id":null,"in_reply_to_status_id_str":null,"in_reply_to_user_id":null,"in_reply_to_user_id_str":null,"in_reply_to_screen_name":null,"user":{"id":1557821088,"id_str":"1557821088","name":"めざまし占い","screen_name":"mezauranai","location":"","description":"","url":null,"entities":{"description":{"urls":[]}},"protected":false,"followers_count":359359,"friends_count":0,"listed_count":385,"created_at":"Sun Jun 30 11:21:35 +0000 2013","favourites_count":1,"utc_offset":-25200,"time_zone":"Pacific Time (US & Canada)","geo_enabled":false,"verified":false,"statuses_count":12181,"lang":"ja","contributors_enabled":false,"is_translator":false,"is_translation_enabled":false,"profile_background_color":"000000","profile_background_image_url":"http://abs.twimg.com/images/themes/theme1/bg.png","profile_background_image_url_https":"https://abs.twimg.com/images/themes/theme1/bg.png","profile_background_tile":false,"profile_image_url":"http://pbs.twimg.com/profile_images/378800000067564782/8b611be3582aaa90ff478a41eff85cc4_normal.png","profile_image_url_https":"https://pbs.twimg.com/profile_images/378800000067564782/8b611be3582aaa90ff478a41eff85cc4_normal.png","profile_link_color":"C9191C","profile_sidebar_border_color":"000000","profile_sidebar_fill_color":"000000","profile_text_color":"000000","profile_use_background_image":false,"has_extended_profile":false,"default_profile":false,"default_profile_image":false,"following":false,"follow_request_sent":false,"notifications":false,"translator_type":"none"},"geo":null,"coordinates":null,"place":null,"contributors":null,"is_quote_status":false,"retweet_count":782,"favorite_count":1570,"favorited":false,"retweeted":false,"lang":"ja"},{"created_at":"Tue Jul 18 23:10:34 +0000 2017","id":887449544450916400,"id_str":"887449544450916353","text":"6位 うお座♓️\n疑問が解消してスッキリ。\n思い切って発言してＯＫ。\n\n🌟ラッキーポイント🌟\n『タウン情報サイト』","truncated":false,"entities":{"hashtags":[],"symbols":[],"user_mentions":[],"urls":[]},"metadata":{"iso_language_code":"ja","result_type":"recent"},"source":"<a href=\"http://saikyo-tweet.com\" rel=\"nofollow\">mezauranai_bot</a>","in_reply_to_status_id":null,"in_reply_to_status_id_str":null,"in_reply_to_user_id":null,"in_reply_to_user_id_str":null,"in_reply_to_screen_name":null,"user":{"id":1557821088,"id_str":"1557821088","name":"めざまし占い","screen_name":"mezauranai","location":"","description":"","url":null,"entities":{"description":{"urls":[]}},"protected":false,"followers_count":359359,"friends_count":0,"listed_count":385,"created_at":"Sun Jun 30 11:21:35 +0000 2013","favourites_count":1,"utc_offset":-25200,"time_zone":"Pacific Time (US & Canada)","geo_enabled":false,"verified":false,"statuses_count":12181,"lang":"ja","contributors_enabled":false,"is_translator":false,"is_translation_enabled":false,"profile_background_color":"000000","profile_background_image_url":"http://abs.twimg.com/images/themes/theme1/bg.png","profile_background_image_url_https":"https://abs.twimg.com/images/themes/theme1/bg.png","profile_background_tile":false,"profile_image_url":"http://pbs.twimg.com/profile_images/378800000067564782/8b611be3582aaa90ff478a41eff85cc4_normal.png","profile_image_url_https":"https://pbs.twimg.com/profile_images/378800000067564782/8b611be3582aaa90ff478a41eff85cc4_normal.png","profile_link_color":"C9191C","profile_sidebar_border_color":"000000","profile_sidebar_fill_color":"000000","profile_text_color":"000000","profile_use_background_image":false,"has_extended_profile":false,"default_profile":false,"default_profile_image":false,"following":false,"follow_request_sent":false,"notifications":false,"translator_type":"none"},"geo":null,"coordinates":null,"place":null,"contributors":null,"is_quote_status":false,"retweet_count":714,"favorite_count":1404,"favorited":false,"retweeted":false,"lang":"ja"},{"created_at":"Tue Jul 18 23:10:28 +0000 2017","id":887449522292506600,"id_str":"887449522292506624","text":"7位 ふたご座♊️\n現状に満足せずイライラ。\n向上心を忘れずにＴＲＹ。\n\n🌟ラッキーポイント🌟\n『汗ふきシート』","truncated":false,"entities":{"hashtags":[],"symbols":[],"user_mentions":[],"urls":[]},"metadata":{"iso_language_code":"ja","result_type":"recent"},"source":"<a href=\"http://saikyo-tweet.com\" rel=\"nofollow\">mezauranai_bot</a>","in_reply_to_status_id":null,"in_reply_to_status_id_str":null,"in_reply_to_user_id":null,"in_reply_to_user_id_str":null,"in_reply_to_screen_name":null,"user":{"id":1557821088,"id_str":"1557821088","name":"めざまし占い","screen_name":"mezauranai","location":"","description":"","url":null,"entities":{"description":{"urls":[]}},"protected":false,"followers_count":359359,"friends_count":0,"listed_count":385,"created_at":"Sun Jun 30 11:21:35 +0000 2013","favourites_count":1,"utc_offset":-25200,"time_zone":"Pacific Time (US & Canada)","geo_enabled":false,"verified":false,"statuses_count":12181,"lang":"ja","contributors_enabled":false,"is_translator":false,"is_translation_enabled":false,"profile_background_color":"000000","profile_background_image_url":"http://abs.twimg.com/images/themes/theme1/bg.png","profile_background_image_url_https":"https://abs.twimg.com/images/themes/theme1/bg.png","profile_background_tile":false,"profile_image_url":"http://pbs.twimg.com/profile_images/378800000067564782/8b611be3582aaa90ff478a41eff85cc4_normal.png","profile_image_url_https":"https://pbs.twimg.com/profile_images/378800000067564782/8b611be3582aaa90ff478a41eff85cc4_normal.png","profile_link_color":"C9191C","profile_sidebar_border_color":"000000","profile_sidebar_fill_color":"000000","profile_text_color":"000000","profile_use_background_image":false,"has_extended_profile":false,"default_profile":false,"default_profile_image":false,"following":false,"follow_request_sent":false,"notifications":false,"translator_type":"none"},"geo":null,"coordinates":null,"place":null,"contributors":null,"is_quote_status":false,"retweet_count":591,"favorite_count":1157,"favorited":false,"retweeted":false,"lang":"ja"},{"created_at":"Tue Jul 18 23:10:13 +0000 2017","id":887449456466997200,"id_str":"887449456466997249","text":"10位 みずがめ座♒️\n疲れがたまり意気消沈。\n趣味の時間でひと休み。\n\n🌟ラッキーポイント🌟\n『カゴバック』","truncated":false,"entities":{"hashtags":[],"symbols":[],"user_mentions":[],"urls":[]},"metadata":{"iso_language_code":"ja","result_type":"recent"},"source":"<a href=\"http://saikyo-tweet.com\" rel=\"nofollow\">mezauranai_bot</a>","in_reply_to_status_id":null,"in_reply_to_status_id_str":null,"in_reply_to_user_id":null,"in_reply_to_user_id_str":null,"in_reply_to_screen_name":null,"user":{"id":1557821088,"id_str":"1557821088","name":"めざまし占い","screen_name":"mezauranai","location":"","description":"","url":null,"entities":{"description":{"urls":[]}},"protected":false,"followers_count":359359,"friends_count":0,"listed_count":385,"created_at":"Sun Jun 30 11:21:35 +0000 2013","favourites_count":1,"utc_offset":-25200,"time_zone":"Pacific Time (US & Canada)","geo_enabled":false,"verified":false,"statuses_count":12181,"lang":"ja","contributors_enabled":false,"is_translator":false,"is_translation_enabled":false,"profile_background_color":"000000","profile_background_image_url":"http://abs.twimg.com/images/themes/theme1/bg.png","profile_background_image_url_https":"https://abs.twimg.com/images/themes/theme1/bg.png","profile_background_tile":false,"profile_image_url":"http://pbs.twimg.com/profile_images/378800000067564782/8b611be3582aaa90ff478a41eff85cc4_normal.png","profile_image_url_https":"https://pbs.twimg.com/profile_images/378800000067564782/8b611be3582aaa90ff478a41eff85cc4_normal.png","profile_link_color":"C9191C","profile_sidebar_border_color":"000000","profile_sidebar_fill_color":"000000","profile_text_color":"000000","profile_use_background_image":false,"has_extended_profile":false,"default_profile":false,"default_profile_image":false,"following":false,"follow_request_sent":false,"notifications":false,"translator_type":"none"},"geo":null,"coordinates":null,"place":null,"contributors":null,"is_quote_status":false,"retweet_count":688,"favorite_count":1270,"favorited":false,"retweeted":false,"lang":"ja"},{"created_at":"Tue Jul 18 23:10:02 +0000 2017","id":887449411290251300,"id_str":"887449411290251264","text":"12位 しし座♌️\n励まそうとした友達を怒らせ失敗…。\n身構えすぎないでリラックスしよう。\n\n🌟ラッキーポイント🌟\n『歴史ある古い建物』","truncated":false,"entities":{"hashtags":[],"symbols":[],"user_mentions":[],"urls":[]},"metadata":{"iso_language_code":"ja","result_type":"recent"},"source":"<a href=\"http://saikyo-tweet.com\" rel=\"nofollow\">mezauranai_bot</a>","in_reply_to_status_id":null,"in_reply_to_status_id_str":null,"in_reply_to_user_id":null,"in_reply_to_user_id_str":null,"in_reply_to_screen_name":null,"user":{"id":1557821088,"id_str":"1557821088","name":"めざまし占い","screen_name":"mezauranai","location":"","description":"","url":null,"entities":{"description":{"urls":[]}},"protected":false,"followers_count":359359,"friends_count":0,"listed_count":385,"created_at":"Sun Jun 30 11:21:35 +0000 2013","favourites_count":1,"utc_offset":-25200,"time_zone":"Pacific Time (US & Canada)","geo_enabled":false,"verified":false,"statuses_count":12181,"lang":"ja","contributors_enabled":false,"is_translator":false,"is_translation_enabled":false,"profile_background_color":"000000","profile_background_image_url":"http://abs.twimg.com/images/themes/theme1/bg.png","profile_background_image_url_https":"https://abs.twimg.com/images/themes/theme1/bg.png","profile_background_tile":false,"profile_image_url":"http://pbs.twimg.com/profile_images/378800000067564782/8b611be3582aaa90ff478a41eff85cc4_normal.png","profile_image_url_https":"https://pbs.twimg.com/profile_images/378800000067564782/8b611be3582aaa90ff478a41eff85cc4_normal.png","profile_link_color":"C9191C","profile_sidebar_border_color":"000000","profile_sidebar_fill_color":"000000","profile_text_color":"000000","profile_use_background_image":false,"has_extended_profile":false,"default_profile":false,"default_profile_image":false,"following":false,"follow_request_sent":false,"notifications":false,"translator_type":"none"},"geo":null,"coordinates":null,"place":null,"contributors":null,"is_quote_status":false,"retweet_count":680,"favorite_count":1052,"favorited":false,"retweeted":false,"lang":"ja"},{"created_at":"Tue Jul 18 23:00:06 +0000 2017","id":887446911774359600,"id_str":"887446911774359553","text":"『怪盗グルーの #ミニオン大脱走』公開記念✨グルーとミニオンからプレゼント🎁\n豪華ミニオングッズやAmazonギフト券が100名様に当たる🍌※明日まで！！\n\n【フォロー&amp;RT】でスグに結果が届く！詳しくは👉… https://t.co/eRqJYheYFD","truncated":true,"entities":{"hashtags":[{"text":"ミニオン大脱走","indices":[8,16]}],"symbols":[],"user_mentions":[],"urls":[{"url":"https://t.co/eRqJYheYFD","expanded_url":"https://twitter.com/i/web/status/887446911774359553","display_url":"twitter.com/i/web/status/8…","indices":[109,132]}]},"metadata":{"iso_language_code":"ja","result_type":"recent"},"source":"<a href=\"https://ads.twitter.com\" rel=\"nofollow\">Twitter Ads</a>","in_reply_to_status_id":null,"in_reply_to_status_id_str":null,"in_reply_to_user_id":null,"in_reply_to_user_id_str":null,"in_reply_to_screen_name":null,"user":{"id":190518940,"id_str":"190518940","name":"ミニオン・ファンクラブ","screen_name":"minion_fanclub","location":"怪盗グルー宅","description":"映画「怪盗グルー」シリーズ公式アカウント。主人公グルーの相棒で、イタズラ好きな黄色の軍団ミニオンたちのおしゃべりと映画の最新情報をお届けします。『怪盗グルーのミニオン大脱走』7月21日（金）全国ロードショー！","url":"https://t.co/Yr5Q7SXG7G","entities":{"url":{"urls":[{"url":"https://t.co/Yr5Q7SXG7G","expanded_url":"http://minions.jp/","display_url":"minions.jp","indices":[0,23]}]},"description":{"urls":[]}},"protected":false,"followers_count":100455,"friends_count":145,"listed_count":225,"created_at":"Tue Sep 14 04:03:37 +0000 2010","favourites_count":3,"utc_offset":32400,"time_zone":"Tokyo","geo_enabled":true,"verified":true,"statuses_count":11852,"lang":"ja","contributors_enabled":false,"is_translator":false,"is_translation_enabled":false,"profile_background_color":"FFFFFF","profile_background_image_url":"http://pbs.twimg.com/profile_background_images/378800000153570412/YNSGsF-9.jpeg","profile_background_image_url_https":"https://pbs.twimg.com/profile_background_images/378800000153570412/YNSGsF-9.jpeg","profile_background_tile":false,"profile_image_url":"http://pbs.twimg.com/profile_images/542191572259844096/BfVqVZaU_normal.jpeg","profile_image_url_https":"https://pbs.twimg.com/profile_images/542191572259844096/BfVqVZaU_normal.jpeg","profile_banner_url":"https://pbs.twimg.com/profile_banners/190518940/1497929314","profile_link_color":"F58700","profile_sidebar_border_color":"FFFFFF","profile_sidebar_fill_color":"DDEEF6","profile_text_color":"333333","profile_use_background_image":false,"has_extended_profile":true,"default_profile":false,"default_profile_image":false,"following":false,"follow_request_sent":false,"notifications":false,"translator_type":"none"},"geo":null,"coordinates":null,"place":null,"contributors":null,"is_quote_status":false,"retweet_count":1660,"favorite_count":295,"favorited":false,"retweeted":false,"possibly_sensitive":false,"lang":"ja"},{"created_at":"Tue Jul 18 22:53:00 +0000 2017","id":887445125198041100,"id_str":"887445125198041088","text":"ファイナルからもう3日たつんだね🖐🏼a-nation、ドームツアーがどんどん近づいてくるね✨ https://t.co/ANdWtxvXlY","truncated":false,"entities":{"hashtags":[],"symbols":[],"user_mentions":[],"urls":[{"url":"https://t.co/ANdWtxvXlY","expanded_url":"https://www.instagram.com/p/BWtJLVwH0o1/","display_url":"instagram.com/p/BWtJLVwH0o1/","indices":[47,70]}]},"metadata":{"iso_language_code":"ja","result_type":"recent"},"source":"<a href=\"http://instagram.com\" rel=\"nofollow\">Instagram</a>","in_reply_to_status_id":null,"in_reply_to_status_id_str":null,"in_reply_to_user_id":null,"in_reply_to_user_id_str":null,"in_reply_to_screen_name":null,"user":{"id":96693702,"id_str":"96693702","name":"AAA浦田直也","screen_name":"un1982","location":"","description":"AAA 浦田直也 urata naoya (AAA)\n「https://t.co/Kyq6wYQRLb」","url":null,"entities":{"description":{"urls":[{"url":"https://t.co/Kyq6wYQRLb","expanded_url":"http://instagram.com/urata_naoya_aaa","display_url":"instagram.com/urata_naoya_aaa","indices":[28,51]}]}},"protected":false,"followers_count":986179,"friends_count":155,"listed_count":5672,"created_at":"Mon Dec 14 04:31:07 +0000 2009","favourites_count":3,"utc_offset":32400,"time_zone":"Tokyo","geo_enabled":false,"verified":true,"statuses_count":34985,"lang":"ja","contributors_enabled":false,"is_translator":false,"is_translation_enabled":true,"profile_background_color":"0D0B0B","profile_background_image_url":"http://abs.twimg.com/images/themes/theme1/bg.png","profile_background_image_url_https":"https://abs.twimg.com/images/themes/theme1/bg.png","profile_background_tile":false,"profile_image_url":"http://pbs.twimg.com/profile_images/875764974479474688/Qr8k5YPM_normal.jpg","profile_image_url_https":"https://pbs.twimg.com/profile_images/875764974479474688/Qr8k5YPM_normal.jpg","profile_banner_url":"https://pbs.twimg.com/profile_banners/96693702/1491074705","profile_link_color":"4A913C","profile_sidebar_border_color":"181A1E","profile_sidebar_fill_color":"000000","profile_text_color":"666666","profile_use_background_image":true,"has_extended_profile":false,"default_profile":false,"default_profile_image":false,"following":false,"follow_request_sent":false,"notifications":false,"translator_type":"none"},"geo":null,"coordinates":null,"place":null,"contributors":null,"is_quote_status":false,"retweet_count":681,"favorite_count":6156,"favorited":false,"retweeted":false,"possibly_sensitive":false,"lang":"ja"},{"created_at":"Tue Jul 18 22:52:58 +0000 2017","id":887445115647647700,"id_str":"887445115647647744","text":"おはくま〜！熊本県のスイカば食べて、みなさんも夏バテ対策してはいよ〜！ https://t.co/GUgROOEj6L","truncated":false,"entities":{"hashtags":[],"symbols":[],"user_mentions":[],"urls":[],"media":[{"id":887445104264269800,"id_str":"887445104264269824","indices":[36,59],"media_url":"http://pbs.twimg.com/media/DFDWntVU0AAsqwP.jpg","media_url_https":"https://pbs.twimg.com/media/DFDWntVU0AAsqwP.jpg","url":"https://t.co/GUgROOEj6L","display_url":"pic.twitter.com/GUgROOEj6L","expanded_url":"https://twitter.com/55_kumamon/status/887445115647647744/photo/1","type":"photo","sizes":{"medium":{"w":1200,"h":900,"resize":"fit"},"small":{"w":680,"h":510,"resize":"fit"},"thumb":{"w":150,"h":150,"resize":"crop"},"large":{"w":1478,"h":1108,"resize":"fit"}}}]},"extended_entities":{"media":[{"id":887445104264269800,"id_str":"887445104264269824","indices":[36,59],"media_url":"http://pbs.twimg.com/media/DFDWntVU0AAsqwP.jpg","media_url_https":"https://pbs.twimg.com/media/DFDWntVU0AAsqwP.jpg","url":"https://t.co/GUgROOEj6L","display_url":"pic.twitter.com/GUgROOEj6L","expanded_url":"https://twitter.com/55_kumamon/status/887445115647647744/photo/1","type":"photo","sizes":{"medium":{"w":1200,"h":900,"resize":"fit"},"small":{"w":680,"h":510,"resize":"fit"},"thumb":{"w":150,"h":150,"resize":"crop"},"large":{"w":1478,"h":1108,"resize":"fit"}}},{"id":887445104260022300,"id_str":"887445104260022272","indices":[36,59],"media_url":"http://pbs.twimg.com/media/DFDWntUUAAAxbHf.jpg","media_url_https":"https://pbs.twimg.com/media/DFDWntUUAAAxbHf.jpg","url":"https://t.co/GUgROOEj6L","display_url":"pic.twitter.com/GUgROOEj6L","expanded_url":"https://twitter.com/55_kumamon/status/887445115647647744/photo/1","type":"photo","sizes":{"medium":{"w":1200,"h":900,"resize":"fit"},"small":{"w":680,"h":510,"resize":"fit"},"thumb":{"w":150,"h":150,"resize":"crop"},"large":{"w":1478,"h":1108,"resize":"fit"}}}]},"metadata":{"iso_language_code":"ja","result_type":"recent"},"source":"<a href=\"http://twitter.com/#!/download/ipad\" rel=\"nofollow\">Twitter for iPad</a>","in_reply_to_status_id":null,"in_reply_to_status_id_str":null,"in_reply_to_user_id":null,"in_reply_to_user_id_str":null,"in_reply_to_screen_name":null,"user":{"id":602302847,"id_str":"602302847","name":"くまモン【公式】","screen_name":"55_kumamon","location":"","description":"くまもとサプライズくまモン隊、隊長のくまモンだモン！熊本県営業部長兼しあわせ部長も務めてるモン！熊本の人には熊本の魅力をもっと見つめなおしてもらい、県外の人には熊本のうまかモンやよかところを知ってもらうために、隊員のお姉さんやお兄さんと一緒に、色んなところに出動してるモン！みんな会いに来てほしいモン☆","url":"http://t.co/F2OfrYf9vy","entities":{"url":{"urls":[{"url":"http://t.co/F2OfrYf9vy","expanded_url":"http://kumamon-official.jp/","display_url":"kumamon-official.jp","indices":[0,22]}]},"description":{"urls":[]}},"protected":false,"followers_count":652723,"friends_count":113976,"listed_count":4486,"created_at":"Thu Jun 07 23:51:57 +0000 2012","favourites_count":0,"utc_offset":-36000,"time_zone":"Hawaii","geo_enabled":true,"verified":true,"statuses_count":45415,"lang":"ja","contributors_enabled":false,"is_translator":false,"is_translation_enabled":true,"profile_background_color":"C0DEED","profile_background_image_url":"http://abs.twimg.com/images/themes/theme1/bg.png","profile_background_image_url_https":"https://abs.twimg.com/images/themes/theme1/bg.png","profile_background_tile":false,"profile_image_url":"http://pbs.twimg.com/profile_images/2288955109/__B__normal","profile_image_url_https":"https://pbs.twimg.com/profile_images/2288955109/__B__normal","profile_banner_url":"https://pbs.twimg.com/profile_banners/602302847/1429848555","profile_link_color":"1DA1F2","profile_sidebar_border_color":"C0DEED","profile_sidebar_fill_color":"DDEEF6","profile_text_color":"333333","profile_use_background_image":true,"has_extended_profile":false,"default_profile":true,"default_profile_image":false,"following":false,"follow_request_sent":false,"notifications":false,"translator_type":"none"},"geo":null,"coordinates":null,"place":null,"contributors":null,"is_quote_status":false,"retweet_count":1078,"favorite_count":2335,"favorited":false,"retweeted":false,"possibly_sensitive":false,"lang":"ja"},{"created_at":"Tue Jul 18 22:37:14 +0000 2017","id":887441156660879400,"id_str":"887441156660879360","text":"転職サイトって、営業のことを「コンサルタント」と言い換えるし、研修なしで放り出すことを「OJT」「即戦力」とかいうし、離職率が高いことを「独立開業を目指せる」とか言うし、若者が定着しないのを「ベテラン多数の安心の職場」など耳障りよく表現する。無から有を生み出す言葉の錬金術師かよ。","truncated":false,"entities":{"hashtags":[],"symbols":[],"user_mentions":[],"urls":[]},"metadata":{"iso_language_code":"ja","result_type":"recent"},"source":"<a href=\"http://theworld09.com/\" rel=\"nofollow\">TheWorld⠀</a>","in_reply_to_status_id":null,"in_reply_to_status_id_str":null,"in_reply_to_user_id":null,"in_reply_to_user_id_str":null,"in_reply_to_screen_name":null,"user":{"id":2316810853,"id_str":"2316810853","name":"tonkotutarou","screen_name":"tonkotu0621","location":"関西","description":"文章や写真が好きだったのに、みんなこわれちゃった","url":"https://t.co/thwfoANUWW","entities":{"url":{"urls":[{"url":"https://t.co/thwfoANUWW","expanded_url":"http://tonkotsutarou.hatenablog.com/","display_url":"tonkotsutarou.hatenablog.com","indices":[0,23]}]},"description":{"urls":[]}},"protected":false,"followers_count":1059,"friends_count":41,"listed_count":17,"created_at":"Wed Jan 29 09:04:50 +0000 2014","favourites_count":2475,"utc_offset":-25200,"time_zone":"Pacific Time (US & Canada)","geo_enabled":false,"verified":false,"statuses_count":6292,"lang":"ja","contributors_enabled":false,"is_translator":false,"is_translation_enabled":false,"profile_background_color":"C0DEED","profile_background_image_url":"http://abs.twimg.com/images/themes/theme1/bg.png","profile_background_image_url_https":"https://abs.twimg.com/images/themes/theme1/bg.png","profile_background_tile":false,"profile_image_url":"http://pbs.twimg.com/profile_images/788718214268059649/M7Q5Fy0t_normal.jpg","profile_image_url_https":"https://pbs.twimg.com/profile_images/788718214268059649/M7Q5Fy0t_normal.jpg","profile_banner_url":"https://pbs.twimg.com/profile_banners/2316810853/1487242530","profile_link_color":"1DA1F2","profile_sidebar_border_color":"C0DEED","profile_sidebar_fill_color":"DDEEF6","profile_text_color":"333333","profile_use_background_image":true,"has_extended_profile":true,"default_profile":true,"default_profile_image":false,"following":false,"follow_request_sent":false,"notifications":false,"translator_type":"none"},"geo":null,"coordinates":null,"place":null,"contributors":null,"is_quote_status":false,"retweet_count":896,"favorite_count":794,"favorited":false,"retweeted":false,"lang":"ja"},{"created_at":"Tue Jul 18 22:30:01 +0000 2017","id":887439342309752800,"id_str":"887439342309752833","text":"＼☘#ここさけ 公開記念／\nあなたの願い叶えます⁉　🥚玉子に願掛け🙏してオリジナルグッズ🎁を当てよう❗\n\n①公式をフォロー\n②動画を最後まで見てRT\n③結果が届く\n\n1日1回挑戦できます❗　賞品は動画の最後に\n詳細👉… https://t.co/XXmwXPfbtn","truncated":true,"entities":{"hashtags":[{"text":"ここさけ","indices":[2,7]}],"symbols":[],"user_mentions":[],"urls":[{"url":"https://t.co/XXmwXPfbtn","expanded_url":"https://twitter.com/i/web/status/887439342309752833","display_url":"twitter.com/i/web/status/8…","indices":[110,133]}]},"metadata":{"iso_language_code":"ja","result_type":"recent"},"source":"<a href=\"https://ads.twitter.com\" rel=\"nofollow\">Twitter Ads</a>","in_reply_to_status_id":null,"in_reply_to_status_id_str":null,"in_reply_to_user_id":null,"in_reply_to_user_id_str":null,"in_reply_to_screen_name":null,"user":{"id":827476633833533400,"id_str":"827476633833533440","name":"実写映画『心が叫びたがってるんだ。』","screen_name":"kokosake_movie","location":"","description":"この夏、一番泣ける最高の感動作💘大ヒット劇場版オリジナルアニメ #ここさけ 待望の実写化🎬 7️⃣月2️⃣2️⃣日(土)全国ロードショー🎉 #心が叫びたがってるんだ #中島健人 #芳根京子 #石井杏奈 #寛一郎 Instagram➡https://t.co/w6fWKdIvT1","url":"https://t.co/PWjRFWqOGS","entities":{"url":{"urls":[{"url":"https://t.co/PWjRFWqOGS","expanded_url":"http://kokosake-movie.jp/","display_url":"kokosake-movie.jp","indices":[0,23]}]},"description":{"urls":[{"url":"https://t.co/w6fWKdIvT1","expanded_url":"https://www.instagram.com/kokosake_movie/","display_url":"instagram.com/kokosake_movie/","indices":[116,139]}]}},"protected":false,"followers_count":52646,"friends_count":26,"listed_count":102,"created_at":"Fri Feb 03 11:19:38 +0000 2017","favourites_count":110,"utc_offset":32400,"time_zone":"Tokyo","geo_enabled":false,"verified":true,"statuses_count":8809,"lang":"ja","contributors_enabled":false,"is_translator":false,"is_translation_enabled":false,"profile_background_color":"000000","profile_background_image_url":"http://abs.twimg.com/images/themes/theme1/bg.png","profile_background_image_url_https":"https://abs.twimg.com/images/themes/theme1/bg.png","profile_background_tile":false,"profile_image_url":"http://pbs.twimg.com/profile_images/841785571924103168/8wFqHaMz_normal.jpg","profile_image_url_https":"https://pbs.twimg.com/profile_images/841785571924103168/8wFqHaMz_normal.jpg","profile_banner_url":"https://pbs.twimg.com/profile_banners/827476633833533440/1489532315","profile_link_color":"0090CC","profile_sidebar_border_color":"000000","profile_sidebar_fill_color":"000000","profile_text_color":"000000","profile_use_background_image":false,"has_extended_profile":false,"default_profile":false,"default_profile_image":false,"following":false,"follow_request_sent":false,"notifications":false,"translator_type":"none"},"geo":null,"coordinates":null,"place":null,"contributors":null,"is_quote_status":false,"retweet_count":2313,"favorite_count":508,"favorited":false,"retweeted":false,"possibly_sensitive":false,"lang":"ja"},{"created_at":"Tue Jul 18 22:29:47 +0000 2017","id":887439282603831300,"id_str":"887439282603831296","text":"【おねだり】山田孝之、『ドラクエXI』新CMで駄々をこねる父親に\nhttps://t.co/j8f85LcF9W\n\n「やりたい、やりたい！」と地べたに寝そべり、全力で駄々をこねる。「小学生低学年の子の気持ちで演技しました」と語った。 https://t.co/JeJAZdz9nW","truncated":false,"entities":{"hashtags":[],"symbols":[],"user_mentions":[],"urls":[{"url":"https://t.co/j8f85LcF9W","expanded_url":"http://news.livedoor.com/article/detail/13354724/","display_url":"news.livedoor.com/article/detail…","indices":[33,56]}],"media":[{"id":887438845549072400,"id_str":"887438845549072384","indices":[117,140],"media_url":"http://pbs.twimg.com/media/DFDQ7ZzV0AADACn.jpg","media_url_https":"https://pbs.twimg.com/media/DFDQ7ZzV0AADACn.jpg","url":"https://t.co/JeJAZdz9nW","display_url":"pic.twitter.com/JeJAZdz9nW","expanded_url":"https://twitter.com/livedoornews/status/887439282603831296/photo/1","type":"photo","sizes":{"small":{"w":640,"h":360,"resize":"fit"},"thumb":{"w":150,"h":150,"resize":"crop"},"medium":{"w":640,"h":360,"resize":"fit"},"large":{"w":640,"h":360,"resize":"fit"}}}]},"extended_entities":{"media":[{"id":887438845549072400,"id_str":"887438845549072384","indices":[117,140],"media_url":"http://pbs.twimg.com/media/DFDQ7ZzV0AADACn.jpg","media_url_https":"https://pbs.twimg.com/media/DFDQ7ZzV0AADACn.jpg","url":"https://t.co/JeJAZdz9nW","display_url":"pic.twitter.com/JeJAZdz9nW","expanded_url":"https://twitter.com/livedoornews/status/887439282603831296/photo/1","type":"photo","sizes":{"small":{"w":640,"h":360,"resize":"fit"},"thumb":{"w":150,"h":150,"resize":"crop"},"medium":{"w":640,"h":360,"resize":"fit"},"large":{"w":640,"h":360,"resize":"fit"}}}]},"metadata":{"iso_language_code":"ja","result_type":"recent"},"source":"<a href=\"http://twitter.com\" rel=\"nofollow\">Twitter Web Client</a>","in_reply_to_status_id":null,"in_reply_to_status_id_str":null,"in_reply_to_user_id":null,"in_reply_to_user_id_str":null,"in_reply_to_screen_name":null,"user":{"id":17306975,"id_str":"17306975","name":"ライブドアニュース","screen_name":"livedoornews","location":"","description":"LINE →https://t.co/yhJO0o7Jns／FB → https://t.co/LHTCuyIEjr／インスタ／→https://t.co/SpmVgPtfCG","url":"http://t.co/Q4Bh3OCfgY","entities":{"url":{"urls":[{"url":"http://t.co/Q4Bh3OCfgY","expanded_url":"http://news.livedoor.com/","display_url":"news.livedoor.com","indices":[0,22]}]},"description":{"urls":[{"url":"https://t.co/yhJO0o7Jns","expanded_url":"http://goo.gl/upBgKP","display_url":"goo.gl/upBgKP","indices":[6,29]},{"url":"https://t.co/LHTCuyIEjr","expanded_url":"http://goo.gl/nDULhn","display_url":"goo.gl/nDULhn","indices":[35,58]},{"url":"https://t.co/SpmVgPtfCG","expanded_url":"http://goo.gl/cHGD9G","display_url":"goo.gl/cHGD9G","indices":[65,88]}]}},"protected":false,"followers_count":430215,"friends_count":88,"listed_count":6140,"created_at":"Tue Nov 11 09:56:31 +0000 2008","favourites_count":2608,"utc_offset":32400,"time_zone":"Tokyo","geo_enabled":false,"verified":true,"statuses_count":177001,"lang":"ja","contributors_enabled":false,"is_translator":false,"is_translation_enabled":false,"profile_background_color":"FFFFFF","profile_background_image_url":"http://pbs.twimg.com/profile_background_images/378800000085828060/4b07c1d868c917fb65a3d64a20904cd5.jpeg","profile_background_image_url_https":"https://pbs.twimg.com/profile_background_images/378800000085828060/4b07c1d868c917fb65a3d64a20904cd5.jpeg","profile_background_tile":false,"profile_image_url":"http://pbs.twimg.com/profile_images/875662964988166149/whdJTD2I_normal.jpg","profile_image_url_https":"https://pbs.twimg.com/profile_images/875662964988166149/whdJTD2I_normal.jpg","profile_link_color":"51ADD4","profile_sidebar_border_color":"FFFFFF","profile_sidebar_fill_color":"95E8EC","profile_text_color":"3C3940","profile_use_background_image":true,"has_extended_profile":false,"default_profile":false,"default_profile_image":false,"following":false,"follow_request_sent":false,"notifications":false,"translator_type":"none"},"geo":null,"coordinates":null,"place":null,"contributors":null,"is_quote_status":false,"retweet_count":598,"favorite_count":908,"favorited":false,"retweeted":false,"possibly_sensitive":false,"lang":"ja"},{"created_at":"Tue Jul 18 22:21:57 +0000 2017","id":887437310714716200,"id_str":"887437310714716160","text":"なぜメキシコか？なぜパチューカか？という問いに対する理由の1つが\n\n無難な選択をしようとしていた自分に腹が立っていたんです。\n\nそんな自分が退屈で。。\n\nそんな中、日々熱くなれそうなチームだったのがまだまだ僕のことを知らないメキシコでありパチューカでした。","truncated":false,"entities":{"hashtags":[],"symbols":[],"user_mentions":[],"urls":[]},"metadata":{"iso_language_code":"ja","result_type":"recent"},"source":"<a href=\"http://twitter.com/download/iphone\" rel=\"nofollow\">Twitter for iPhone</a>","in_reply_to_status_id":null,"in_reply_to_status_id_str":null,"in_reply_to_user_id":null,"in_reply_to_user_id_str":null,"in_reply_to_screen_name":null,"user":{"id":824122844258897900,"id_str":"824122844258897920","name":"KeisukeHonda(本田圭佑)","screen_name":"kskgroup2017","location":"Milano","description":"Soccer player,Entrepreneur and Educator","url":"https://t.co/r6jnXWPOUd","entities":{"url":{"urls":[{"url":"https://t.co/r6jnXWPOUd","expanded_url":"https://goo.gl/fY3uOt","display_url":"goo.gl/fY3uOt","indices":[0,23]}]},"description":{"urls":[]}},"protected":false,"followers_count":171576,"friends_count":32,"listed_count":800,"created_at":"Wed Jan 25 05:12:52 +0000 2017","favourites_count":25,"utc_offset":-25200,"time_zone":"Pacific Time (US & Canada)","geo_enabled":false,"verified":true,"statuses_count":32,"lang":"ja","contributors_enabled":false,"is_translator":false,"is_translation_enabled":false,"profile_background_color":"000000","profile_background_image_url":"http://abs.twimg.com/images/themes/theme1/bg.png","profile_background_image_url_https":"https://abs.twimg.com/images/themes/theme1/bg.png","profile_background_tile":false,"profile_image_url":"http://pbs.twimg.com/profile_images/878620805369876481/oORYN5QV_normal.jpg","profile_image_url_https":"https://pbs.twimg.com/profile_images/878620805369876481/oORYN5QV_normal.jpg","profile_banner_url":"https://pbs.twimg.com/profile_banners/824122844258897920/1495386349","profile_link_color":"E81C4F","profile_sidebar_border_color":"000000","profile_sidebar_fill_color":"000000","profile_text_color":"000000","profile_use_background_image":false,"has_extended_profile":true,"default_profile":false,"default_profile_image":false,"following":false,"follow_request_sent":false,"notifications":false,"translator_type":"none"},"geo":null,"coordinates":null,"place":null,"contributors":null,"is_quote_status":false,"retweet_count":2846,"favorite_count":9274,"favorited":false,"retweeted":false,"lang":"ja"}],"search_metadata":{"completed_in":0.182,"max_id":887449654622789600,"max_id_str":"887449654622789632","next_results":"?max_id=887437310714716159&q=lang%3Aja%20min_retweets%3A500&include_entities=1","query":"lang%3Aja+min_retweets%3A500","refresh_url":"?since_id=887449654622789632&q=lang%3Aja%20min_retweets%3A500&include_entities=1","count":15,"since_id":0,"since_id_str":"0"}}