{"statuses":[{"created_at":"Wed Jul 19 08:37:24 +0000 2017","id":887592193241763800,"id_str":"887592193241763840","text":"北山宏光・藤ヶ谷太輔・玉森裕太による新ユニット「まえあし from Kis-My-Ft2」が一夜限りで誕生決定！\n\n▽明後日7/21(金)のMステでTV初となるパフォーマンスを披露！\n\n▽結成のきっかけは舞祭組の活躍ぶりが影響… https://t.co/8jlCxRVhWH","truncated":true,"entities":{"hashtags":[],"symbols":[],"user_mentions":[],"urls":[{"url":"https://t.co/8jlCxRVhWH","expanded_url":"https://twitter.com/i/web/status/887592193241763840","display_url":"twitter.com/i/web/status/8…","indices":[115,138]}]},"metadata":{"iso_language_code":"ja","result_type":"recent"},"source":"<a href=\"http://twitter.com/download/android\" rel=\"nofollow\">Twitter for Android</a>","in_reply_to_status_id":null,"in_reply_to_status_id_str":null,"in_reply_to_user_id":null,"in_reply_to_user_id_str":null,"in_reply_to_screen_name":null,"user":{"id":115695070,"id_str":"115695070","name":"さおりん","screen_name":"saori629","location":"コボパ","description":"北山くんより年下のデコみつ担。","url":null,"entities":{"description":{"urls":[]}},"protected":false,"followers_count":85478,"friends_count":45,"listed_count":327,"created_at":"Fri Feb 19 15:46:53 +0000 2010","favourites_count":958,"utc_offset":32400,"time_zone":"Tokyo","geo_enabled":true,"verified":false,"statuses_count":17089,"lang":"ja","contributors_enabled":false,"is_translator":false,"is_translation_enabled":false,"profile_background_color":"C0DEED","profile_background_image_url":"http://abs.twimg.com/images/themes/theme1/bg.png","profile_background_image_url_https":"https://abs.twimg.com/images/themes/theme1/bg.png","profile_background_tile":false,"profile_image_url":"http://pbs.twimg.com/profile_images/761939725837926401/nSgrb34M_normal.jpg","profile_image_url_https":"https://pbs.twimg.com/profile_images/761939725837926401/nSgrb34M_normal.jpg","profile_banner_url":"https://pbs.twimg.com/profile_banners/115695070/1490776340","profile_link_color":"1DA1F2","profile_sidebar_border_color":"C0DEED","profile_sidebar_fill_color":"DDEEF6","profile_text_color":"333333","profile_use_background_image":true,"has_extended_profile":false,"default_profile":true,"default_profile_image":false,"following":false,"follow_request_sent":false,"notifications":false,"translator_type":"none"},"geo":null,"coordinates":null,"place":null,"contributors":null,"is_quote_status":false,"retweet_count":981,"favorite_count":1435,"favorited":false,"retweeted":false,"possibly_sensitive":false,"lang":"ja"},{"created_at":"Wed Jul 19 08:30:37 +0000 2017","id":887590488433229800,"id_str":"887590488433229824","text":"週刊少年マガジン発売日！(*∂ｖ∂)\nアプリでも写真が見れるらしいですよー？\n\n詳しくはマガジンさんをチェックしてくださいー！ https://t.co/Ki50jW9P9z","truncated":false,"entities":{"hashtags":[],"symbols":[],"user_mentions":[],"urls":[],"media":[{"id":887590479344287700,"id_str":"887590479344287744","indices":[64,87],"media_url":"http://pbs.twimg.com/media/DFFa1ptVwAAKO62.jpg","media_url_https":"https://pbs.twimg.com/media/DFFa1ptVwAAKO62.jpg","url":"https://t.co/Ki50jW9P9z","display_url":"pic.twitter.com/Ki50jW9P9z","expanded_url":"https://twitter.com/inoriminase/status/887590488433229824/photo/1","type":"photo","sizes":{"medium":{"w":1200,"h":900,"resize":"fit"},"small":{"w":680,"h":510,"resize":"fit"},"large":{"w":1440,"h":1080,"resize":"fit"},"thumb":{"w":150,"h":150,"resize":"crop"}}}]},"extended_entities":{"media":[{"id":887590479344287700,"id_str":"887590479344287744","indices":[64,87],"media_url":"http://pbs.twimg.com/media/DFFa1ptVwAAKO62.jpg","media_url_https":"https://pbs.twimg.com/media/DFFa1ptVwAAKO62.jpg","url":"https://t.co/Ki50jW9P9z","display_url":"pic.twitter.com/Ki50jW9P9z","expanded_url":"https://twitter.com/inoriminase/status/887590488433229824/photo/1","type":"photo","sizes":{"medium":{"w":1200,"h":900,"resize":"fit"},"small":{"w":680,"h":510,"resize":"fit"},"large":{"w":1440,"h":1080,"resize":"fit"},"thumb":{"w":150,"h":150,"resize":"crop"}}},{"id":887590479352676400,"id_str":"887590479352676352","indices":[64,87],"media_url":"http://pbs.twimg.com/media/DFFa1pvVwAAksOl.jpg","media_url_https":"https://pbs.twimg.com/media/DFFa1pvVwAAksOl.jpg","url":"https://t.co/Ki50jW9P9z","display_url":"pic.twitter.com/Ki50jW9P9z","expanded_url":"https://twitter.com/inoriminase/status/887590488433229824/photo/1","type":"photo","sizes":{"thumb":{"w":150,"h":150,"resize":"crop"},"large":{"w":1079,"h":1346,"resize":"fit"},"small":{"w":545,"h":680,"resize":"fit"},"medium":{"w":962,"h":1200,"resize":"fit"}}}]},"metadata":{"iso_language_code":"ja","result_type":"recent"},"source":"<a href=\"http://twitter.com/download/iphone\" rel=\"nofollow\">Twitter for iPhone</a>","in_reply_to_status_id":null,"in_reply_to_status_id_str":null,"in_reply_to_user_id":null,"in_reply_to_user_id_str":null,"in_reply_to_screen_name":null,"user":{"id":4446920537,"id_str":"4446920537","name":"水瀬いのりinfo","screen_name":"inoriminase","location":"","description":"声優水瀬いのりのオフィシャルinfoです。アーティスト活動情報や各種出演情報等をお知らせしつつ、時々本人もつぶやきます。","url":"https://t.co/Se3VhgwnrH","entities":{"url":{"urls":[{"url":"https://t.co/Se3VhgwnrH","expanded_url":"https://inoriminase.com/","display_url":"inoriminase.com","indices":[0,23]}]},"description":{"urls":[]}},"protected":false,"followers_count":231361,"friends_count":0,"listed_count":3411,"created_at":"Fri Dec 11 09:21:25 +0000 2015","favourites_count":0,"utc_offset":null,"time_zone":null,"geo_enabled":false,"verified":false,"statuses_count":1076,"lang":"ja","contributors_enabled":false,"is_translator":false,"is_translation_enabled":false,"profile_background_color":"F5F8FA","profile_background_image_url":null,"profile_background_image_url_https":null,"profile_background_tile":false,"profile_image_url":"http://pbs.twimg.com/profile_images/880638262217461760/sPBtqxgc_normal.jpg","profile_image_url_https":"https://pbs.twimg.com/profile_images/880638262217461760/sPBtqxgc_normal.jpg","profile_banner_url":"https://pbs.twimg.com/profile_banners/4446920537/1498795515","profile_link_color":"1DA1F2","profile_sidebar_border_color":"C0DEED","profile_sidebar_fill_color":"DDEEF6","profile_text_color":"333333","profile_use_background_image":true,"has_extended_profile":false,"default_profile":true,"default_profile_image":false,"following":false,"follow_request_sent":false,"notifications":false,"translator_type":"none"},"geo":null,"coordinates":null,"place":null,"contributors":null,"is_quote_status":false,"retweet_count":1195,"favorite_count":3038,"favorited":false,"retweeted":false,"possibly_sensitive":false,"lang":"ja"},{"created_at":"Wed Jul 19 08:26:25 +0000 2017","id":887589431909072900,"id_str":"887589431909072897","text":"Don't mistake us with UVERworld next door!\nHere, it's UNDERWORLD!\n\nとなりのUVERworldと間違えんなよ\nこっちはUNDERWORLD！\nhttps://t.co/FNRCa1Ikrc","truncated":false,"entities":{"hashtags":[],"symbols":[],"user_mentions":[],"urls":[{"url":"https://t.co/FNRCa1Ikrc","expanded_url":"http://instagram.com/p/BWuKn7ZBk7B","display_url":"instagram.com/p/BWuKn7ZBk7B","indices":[104,127]}]},"metadata":{"iso_language_code":"ja","result_type":"recent"},"source":"<a href=\"http://twitter.com\" rel=\"nofollow\">Twitter Web Client</a>","in_reply_to_status_id":null,"in_reply_to_status_id_str":null,"in_reply_to_user_id":null,"in_reply_to_user_id_str":null,"in_reply_to_screen_name":null,"user":{"id":3299319578,"id_str":"3299319578","name":"Hyde","screen_name":"HydeOfficial_","location":"All Over The World","description":"The vocalist of Japanese rock bands,\nL'Arc-en-Ciel and VAMPS\n \nL'Arc-en-Ciel\n http://t.co/FUSTukxcWF\nVAMPS\n http://t.co/Y7ybqveOaP","url":"https://t.co/fN5uCZfsK3","entities":{"url":{"urls":[{"url":"https://t.co/fN5uCZfsK3","expanded_url":"https://www.hyde.com","display_url":"hyde.com","indices":[0,23]}]},"description":{"urls":[{"url":"http://t.co/FUSTukxcWF","expanded_url":"http://www.larc-en-ciel.com/","display_url":"larc-en-ciel.com","indices":[78,100]},{"url":"http://t.co/Y7ybqveOaP","expanded_url":"http://www.vampsxxx.com/","display_url":"vampsxxx.com","indices":[108,130]}]}},"protected":false,"followers_count":198457,"friends_count":23,"listed_count":1491,"created_at":"Tue Jul 28 08:49:36 +0000 2015","favourites_count":0,"utc_offset":32400,"time_zone":"Tokyo","geo_enabled":false,"verified":true,"statuses_count":403,"lang":"ja","contributors_enabled":false,"is_translator":false,"is_translation_enabled":false,"profile_background_color":"000000","profile_background_image_url":"http://abs.twimg.com/images/themes/theme1/bg.png","profile_background_image_url_https":"https://abs.twimg.com/images/themes/theme1/bg.png","profile_background_tile":false,"profile_image_url":"http://pbs.twimg.com/profile_images/773083082161217537/_nsCF5Bq_normal.jpg","profile_image_url_https":"https://pbs.twimg.com/profile_images/773083082161217537/_nsCF5Bq_normal.jpg","profile_banner_url":"https://pbs.twimg.com/profile_banners/3299319578/1440222816","profile_link_color":"000000","profile_sidebar_border_color":"000000","profile_sidebar_fill_color":"000000","profile_text_color":"000000","profile_use_background_image":false,"has_extended_profile":false,"default_profile":false,"default_profile_image":false,"following":false,"follow_request_sent":false,"notifications":false,"translator_type":"none"},"geo":null,"coordinates":null,"place":null,"contributors":null,"is_quote_status":false,"retweet_count":775,"favorite_count":1332,"favorited":false,"retweeted":false,"possibly_sensitive":false,"lang":"ja"},{"created_at":"Wed Jul 19 08:24:29 +0000 2017","id":887588945214578700,"id_str":"887588945214578689","text":"【メンテナンス延長のお知らせ＜追伸＞】\n本日7/19 15:00〜16:00で実施中のメンテナンスにおきまして、メンテナンス時間を延長させていただておりましたが、17:30にメンテナンスを明ける予定になります。\nユーザーの皆様には大変ご迷惑をおかけし誠に申し訳ございません。","truncated":false,"entities":{"hashtags":[],"symbols":[],"user_mentions":[],"urls":[]},"metadata":{"iso_language_code":"ja","result_type":"recent"},"source":"<a href=\"http://twitter.com\" rel=\"nofollow\">Twitter Web Client</a>","in_reply_to_status_id":null,"in_reply_to_status_id_str":null,"in_reply_to_user_id":null,"in_reply_to_user_id_str":null,"in_reply_to_screen_name":null,"user":{"id":818752826025181200,"id_str":"818752826025181184","name":"SINoALICE -シノアリス-","screen_name":"sinoalice_jp","location":"","description":"ヨコオタロウ×スクエニ×ポケラボ がおくる新作スマホ向けゲーム #シノアリス 公式Twitterアカウントです。\n◆アプリDLはこちら\n⇒https://t.co/0Bvhhbs0A4\n◆公式LINE@はこちら⇒https://t.co/PMEq2MRxjO","url":"https://t.co/DKtf1B4qVc","entities":{"url":{"urls":[{"url":"https://t.co/DKtf1B4qVc","expanded_url":"http://sinoalice.jp","display_url":"sinoalice.jp","indices":[0,23]}]},"description":{"urls":[{"url":"https://t.co/0Bvhhbs0A4","expanded_url":"https://app.adjust.com/pgmu79","display_url":"app.adjust.com/pgmu79","indices":[69,92]},{"url":"https://t.co/PMEq2MRxjO","expanded_url":"https://line.me/R/ti/p/%40kzc6995v","display_url":"line.me/R/ti/p/%40kzc6…","indices":[106,129]}]}},"protected":false,"followers_count":457495,"friends_count":26,"listed_count":2223,"created_at":"Tue Jan 10 09:34:20 +0000 2017","favourites_count":0,"utc_offset":32400,"time_zone":"Tokyo","geo_enabled":false,"verified":true,"statuses_count":272,"lang":"ja","contributors_enabled":false,"is_translator":false,"is_translation_enabled":false,"profile_background_color":"000000","profile_background_image_url":"http://abs.twimg.com/images/themes/theme1/bg.png","profile_background_image_url_https":"https://abs.twimg.com/images/themes/theme1/bg.png","profile_background_tile":false,"profile_image_url":"http://pbs.twimg.com/profile_images/832048740965851136/FdKSkqlu_normal.jpg","profile_image_url_https":"https://pbs.twimg.com/profile_images/832048740965851136/FdKSkqlu_normal.jpg","profile_banner_url":"https://pbs.twimg.com/profile_banners/818752826025181184/1496718704","profile_link_color":"ABB8C2","profile_sidebar_border_color":"000000","profile_sidebar_fill_color":"000000","profile_text_color":"000000","profile_use_background_image":false,"has_extended_profile":false,"default_profile":false,"default_profile_image":false,"following":false,"follow_request_sent":false,"notifications":false,"translator_type":"none"},"geo":null,"coordinates":null,"place":null,"contributors":null,"is_quote_status":false,"retweet_count":586,"favorite_count":665,"favorited":false,"retweeted":false,"lang":"ja"},{"created_at":"Wed Jul 19 08:16:47 +0000 2017","id":887587007152570400,"id_str":"887587007152570369","text":"かわいい文字だけどうざ絡みの効果倍増\n\n（まふさかのLINE） https://t.co/thrHAvkfdK","truncated":false,"entities":{"hashtags":[],"symbols":[],"user_mentions":[],"urls":[],"media":[{"id":887586999451787300,"id_str":"887586999451787264","indices":[32,55],"media_url":"http://pbs.twimg.com/media/DFFXrGGUIAAs6Tt.jpg","media_url_https":"https://pbs.twimg.com/media/DFFXrGGUIAAs6Tt.jpg","url":"https://t.co/thrHAvkfdK","display_url":"pic.twitter.com/thrHAvkfdK","expanded_url":"https://twitter.com/uni_mafumafu/status/887587007152570369/photo/1","type":"photo","sizes":{"large":{"w":750,"h":1334,"resize":"fit"},"medium":{"w":675,"h":1200,"resize":"fit"},"thumb":{"w":150,"h":150,"resize":"crop"},"small":{"w":382,"h":680,"resize":"fit"}}}]},"extended_entities":{"media":[{"id":887586999451787300,"id_str":"887586999451787264","indices":[32,55],"media_url":"http://pbs.twimg.com/media/DFFXrGGUIAAs6Tt.jpg","media_url_https":"https://pbs.twimg.com/media/DFFXrGGUIAAs6Tt.jpg","url":"https://t.co/thrHAvkfdK","display_url":"pic.twitter.com/thrHAvkfdK","expanded_url":"https://twitter.com/uni_mafumafu/status/887587007152570369/photo/1","type":"photo","sizes":{"large":{"w":750,"h":1334,"resize":"fit"},"medium":{"w":675,"h":1200,"resize":"fit"},"thumb":{"w":150,"h":150,"resize":"crop"},"small":{"w":382,"h":680,"resize":"fit"}}}]},"metadata":{"iso_language_code":"ja","result_type":"recent"},"source":"<a href=\"http://twitter.com/download/iphone\" rel=\"nofollow\">Twitter for iPhone</a>","in_reply_to_status_id":null,"in_reply_to_status_id_str":null,"in_reply_to_user_id":null,"in_reply_to_user_id_str":null,"in_reply_to_screen_name":null,"user":{"id":268758461,"id_str":"268758461","name":"まふまふ＠何でも屋さん","screen_name":"uni_mafumafu","location":"夢の中","description":"何でも屋です。ねむり　歌 / 作詞作曲 / 編曲　After the Rain、オリコンウィークリー２位獲得しました　まふてる⇒(@uni_mafuteru) ニコニコ動画 https://t.co/9XtigvFrOE  Youtube https://t.co/QoUG6At4z2","url":"https://t.co/cSdsbyhY3S","entities":{"url":{"urls":[{"url":"https://t.co/cSdsbyhY3S","expanded_url":"http://uni-mafumafu.jp/","display_url":"uni-mafumafu.jp","indices":[0,23]}]},"description":{"urls":[{"url":"https://t.co/9XtigvFrOE","expanded_url":"http://goo.gl/UQU30u","display_url":"goo.gl/UQU30u","indices":[87,110]},{"url":"https://t.co/QoUG6At4z2","expanded_url":"http://youtube.com/c/uni_mafumafu","display_url":"youtube.com/c/uni_mafumafu","indices":[120,143]}]}},"protected":false,"followers_count":856602,"friends_count":427,"listed_count":9332,"created_at":"Sat Mar 19 12:05:43 +0000 2011","favourites_count":2181,"utc_offset":null,"time_zone":null,"geo_enabled":false,"verified":true,"statuses_count":51676,"lang":"ja","contributors_enabled":false,"is_translator":false,"is_translation_enabled":false,"profile_background_color":"131516","profile_background_image_url":"http://pbs.twimg.com/profile_background_images/489831337700777985/V9q5tR8K.png","profile_background_image_url_https":"https://pbs.twimg.com/profile_background_images/489831337700777985/V9q5tR8K.png","profile_background_tile":false,"profile_image_url":"http://pbs.twimg.com/profile_images/852817717774004225/yyRc5caq_normal.jpg","profile_image_url_https":"https://pbs.twimg.com/profile_images/852817717774004225/yyRc5caq_normal.jpg","profile_banner_url":"https://pbs.twimg.com/profile_banners/268758461/1464252254","profile_link_color":"009999","profile_sidebar_border_color":"FFFFFF","profile_sidebar_fill_color":"252429","profile_text_color":"666666","profile_use_background_image":true,"has_extended_profile":false,"default_profile":false,"default_profile_image":false,"following":false,"follow_request_sent":false,"notifications":false,"translator_type":"none"},"geo":null,"coordinates":null,"place":null,"contributors":null,"is_quote_status":false,"retweet_count":4117,"favorite_count":14889,"favorited":false,"retweeted":false,"possibly_sensitive":false,"lang":"ja"},{"created_at":"Wed Jul 19 08:16:47 +0000 2017","id":887587005781000200,"id_str":"887587005781000192","text":"文集砲「人気声優・浪川大輔 不倫！！泣け！騒げ！声優クラスタ！！！ﾄﾞｰﾝ」\n\n声優クラスタ「え、浪川不倫？結婚してたんだwww」「ってか不倫って漢字読めるのwww」「肌が黒いことネタにしてるけど本当に真っ黒かwww」「声優さんも有名になったねー(しみじみ)」\n\n文集砲「」","truncated":false,"entities":{"hashtags":[],"symbols":[],"user_mentions":[],"urls":[]},"metadata":{"iso_language_code":"ja","result_type":"recent"},"source":"<a href=\"http://twitter.com/download/iphone\" rel=\"nofollow\">Twitter for iPhone</a>","in_reply_to_status_id":null,"in_reply_to_status_id_str":null,"in_reply_to_user_id":null,"in_reply_to_user_id_str":null,"in_reply_to_screen_name":null,"user":{"id":706176286033465300,"id_str":"706176286033465344","name":"つっきーな水無月@柿梶沼が幸せ","screen_name":"minaduki_mo","location":"柿沼と梶沼とねばーらんどを行ったり来たり","description":"ユニゾン！全曜日リスナー。柿原徹也さん・梶裕貴さん・石田彰さん、ユニゾン！ぱーとなりてぃー(関さんてらしー鈴さん)の話題に反応しがち。しもかじ尊い。実はJUNK歴が長い。NEWS箱推しピンク担寄り。SH/LH王国民。夢100/ボイきら/アカセカ/ツキパラ。 icon＊ういちゃん【@cielarko123】","url":null,"entities":{"description":{"urls":[]}},"protected":false,"followers_count":264,"friends_count":256,"listed_count":11,"created_at":"Sat Mar 05 17:55:21 +0000 2016","favourites_count":6187,"utc_offset":null,"time_zone":null,"geo_enabled":true,"verified":false,"statuses_count":12289,"lang":"en","contributors_enabled":false,"is_translator":false,"is_translation_enabled":false,"profile_background_color":"F5F8FA","profile_background_image_url":null,"profile_background_image_url_https":null,"profile_background_tile":false,"profile_image_url":"http://pbs.twimg.com/profile_images/885904571356266496/8PnXEA9Y_normal.jpg","profile_image_url_https":"https://pbs.twimg.com/profile_images/885904571356266496/8PnXEA9Y_normal.jpg","profile_banner_url":"https://pbs.twimg.com/profile_banners/706176286033465344/1493738019","profile_link_color":"1DA1F2","profile_sidebar_border_color":"C0DEED","profile_sidebar_fill_color":"DDEEF6","profile_text_color":"333333","profile_use_background_image":true,"has_extended_profile":true,"default_profile":true,"default_profile_image":false,"following":false,"follow_request_sent":false,"notifications":false,"translator_type":"none"},"geo":null,"coordinates":null,"place":null,"contributors":null,"is_quote_status":false,"retweet_count":598,"favorite_count":460,"favorited":false,"retweeted":false,"lang":"ja"},{"created_at":"Wed Jul 19 08:16:02 +0000 2017","id":887586818945802200,"id_str":"887586818945802240","text":"キスマイ北山・藤ヶ谷・玉森、21日『Mステ』で一夜限り新ユニット結成\nhttps://t.co/wj8TzO0adn\n\n #ジャニーズ #KisMyFt2 #北山宏光 #藤ヶ谷太輔 #キスマイ #音楽 #ニュース","truncated":false,"entities":{"hashtags":[{"text":"ジャニーズ","indices":[61,67]},{"text":"KisMyFt2","indices":[68,77]},{"text":"北山宏光","indices":[78,83]},{"text":"藤ヶ谷太輔","indices":[84,90]},{"text":"キスマイ","indices":[91,96]},{"text":"音楽","indices":[97,100]},{"text":"ニュース","indices":[101,106]}],"symbols":[],"user_mentions":[],"urls":[{"url":"https://t.co/wj8TzO0adn","expanded_url":"http://www.oricon.co.jp/news/2094367/full/?ref_cd=tw","display_url":"oricon.co.jp/news/2094367/f…","indices":[35,58]}]},"metadata":{"iso_language_code":"ja","result_type":"recent"},"source":"<a href=\"http://www.oricon.co.jp/\" rel=\"nofollow\">ORICON STYLE</a>","in_reply_to_status_id":null,"in_reply_to_status_id_str":null,"in_reply_to_user_id":null,"in_reply_to_user_id_str":null,"in_reply_to_screen_name":null,"user":{"id":95207674,"id_str":"95207674","name":"ORICON NEWS（オリコン）","screen_name":"oricon","location":"東京都港区六本木","description":"ORICON NEWS（オリコンニュース）は、話題の最新芸能ニュースや音楽ニュース、オリコンランキングなどのエンタメ情報を毎日発信するエンターテインメントサイトです。","url":"http://t.co/TBiV19SVaI","entities":{"url":{"urls":[{"url":"http://t.co/TBiV19SVaI","expanded_url":"http://www.oricon.co.jp/","display_url":"oricon.co.jp","indices":[0,22]}]},"description":{"urls":[]}},"protected":false,"followers_count":203685,"friends_count":22515,"listed_count":5178,"created_at":"Mon Dec 07 14:15:16 +0000 2009","favourites_count":48,"utc_offset":32400,"time_zone":"Tokyo","geo_enabled":false,"verified":true,"statuses_count":113146,"lang":"ja","contributors_enabled":false,"is_translator":false,"is_translation_enabled":false,"profile_background_color":"C0DEED","profile_background_image_url":"http://abs.twimg.com/images/themes/theme1/bg.png","profile_background_image_url_https":"https://abs.twimg.com/images/themes/theme1/bg.png","profile_background_tile":false,"profile_image_url":"http://pbs.twimg.com/profile_images/875524928769937408/L9SZjS4l_normal.jpg","profile_image_url_https":"https://pbs.twimg.com/profile_images/875524928769937408/L9SZjS4l_normal.jpg","profile_banner_url":"https://pbs.twimg.com/profile_banners/95207674/1484123795","profile_link_color":"1B95E0","profile_sidebar_border_color":"FFFFFF","profile_sidebar_fill_color":"DDEEF6","profile_text_color":"333333","profile_use_background_image":true,"has_extended_profile":false,"default_profile":false,"default_profile_image":false,"following":false,"follow_request_sent":false,"notifications":false,"translator_type":"none"},"geo":null,"coordinates":null,"place":null,"contributors":null,"is_quote_status":false,"retweet_count":1047,"favorite_count":965,"favorited":false,"retweeted":false,"possibly_sensitive":false,"lang":"ja"},{"created_at":"Wed Jul 19 08:12:46 +0000 2017","id":887585993737420800,"id_str":"887585993737420800","text":"彼女居た事ある人が実際寝取られるとつらいって彼女居た事ない漏れに言ってくるの家族を皆殺しにされたサスケと家族を知らないナルトみたいな関係だからな","truncated":false,"entities":{"hashtags":[],"symbols":[],"user_mentions":[],"urls":[]},"metadata":{"iso_language_code":"ja","result_type":"recent"},"source":"<a href=\"http://yoshika23218.com/\" rel=\"nofollow\">twitcle plus</a>","in_reply_to_status_id":null,"in_reply_to_status_id_str":null,"in_reply_to_user_id":null,"in_reply_to_user_id_str":null,"in_reply_to_screen_name":null,"user":{"id":62466403,"id_str":"62466403","name":"ななふし","screen_name":"Nanafushi","location":"あつい","description":"金髪ロリ美少女になりてえ　アイコンは7724氏（@gyaaaaaaaaaaaa ） 音→https://t.co/aeDPwiH6X8　　　時折たんぶらーにえっちな文章を投げます","url":"https://t.co/8REpBHwECU","entities":{"url":{"urls":[{"url":"https://t.co/8REpBHwECU","expanded_url":"http://www.pixiv.net/member.php?id=268974","display_url":"pixiv.net/member.php?id=…","indices":[0,23]}]},"description":{"urls":[{"url":"https://t.co/aeDPwiH6X8","expanded_url":"http://soundcloud.com/nanafushi","display_url":"soundcloud.com/nanafushi","indices":[44,67]}]}},"protected":false,"followers_count":1850,"friends_count":814,"listed_count":106,"created_at":"Mon Aug 03 07:58:38 +0000 2009","favourites_count":158450,"utc_offset":32400,"time_zone":"Tokyo","geo_enabled":true,"verified":false,"statuses_count":47925,"lang":"ja","contributors_enabled":false,"is_translator":false,"is_translation_enabled":false,"profile_background_color":"C0DEED","profile_background_image_url":"http://pbs.twimg.com/profile_background_images/260589741/1296308348557.png","profile_background_image_url_https":"https://pbs.twimg.com/profile_background_images/260589741/1296308348557.png","profile_background_tile":false,"profile_image_url":"http://pbs.twimg.com/profile_images/882463968203218944/O9eXQW9g_normal.jpg","profile_image_url_https":"https://pbs.twimg.com/profile_images/882463968203218944/O9eXQW9g_normal.jpg","profile_banner_url":"https://pbs.twimg.com/profile_banners/62466403/1367329697","profile_link_color":"0084B4","profile_sidebar_border_color":"C0DEED","profile_sidebar_fill_color":"DDEEF6","profile_text_color":"333333","profile_use_background_image":true,"has_extended_profile":true,"default_profile":false,"default_profile_image":false,"following":false,"follow_request_sent":false,"notifications":false,"translator_type":"none"},"geo":null,"coordinates":null,"place":null,"contributors":null,"is_quote_status":false,"retweet_count":746,"favorite_count":579,"favorited":false,"retweeted":false,"lang":"ja"},{"created_at":"Wed Jul 19 08:07:50 +0000 2017","id":887584753896964100,"id_str":"887584753896964097","text":"『Splatoon2(スプラトゥーン2)』7/21発売！⇒ https://t.co/lJNaCyFMMm\n※Amazon限定版あり。購入時期により品切れの場合あり。\n\nその他ほしい物をアマゾンで検索⇒… https://t.co/1BpA3IbU7T","truncated":true,"entities":{"hashtags":[],"symbols":[],"user_mentions":[],"urls":[{"url":"https://t.co/lJNaCyFMMm","expanded_url":"http://amzn.to/2vdkHgI","display_url":"amzn.to/2vdkHgI","indices":[30,53]},{"url":"https://t.co/1BpA3IbU7T","expanded_url":"https://twitter.com/i/web/status/887584753896964097","display_url":"twitter.com/i/web/status/8…","indices":[103,126]}]},"metadata":{"iso_language_code":"ja","result_type":"recent"},"source":"<a href=\"http://twitter.com\" rel=\"nofollow\">Twitter Web Client</a>","in_reply_to_status_id":null,"in_reply_to_status_id_str":null,"in_reply_to_user_id":null,"in_reply_to_user_id_str":null,"in_reply_to_screen_name":null,"user":{"id":161616614,"id_str":"161616614","name":"Amazon.co.jp (アマゾン)","screen_name":"AmazonJP","location":"","description":"アマゾン公式","url":"https://t.co/0rY3OK0P9d","entities":{"url":{"urls":[{"url":"https://t.co/0rY3OK0P9d","expanded_url":"http://amzn.to/1cb2PGJ","display_url":"amzn.to/1cb2PGJ","indices":[0,23]}]},"description":{"urls":[]}},"protected":false,"followers_count":377205,"friends_count":19,"listed_count":3237,"created_at":"Thu Jul 01 08:55:06 +0000 2010","favourites_count":1500,"utc_offset":32400,"time_zone":"Tokyo","geo_enabled":true,"verified":true,"statuses_count":86267,"lang":"en","contributors_enabled":false,"is_translator":false,"is_translation_enabled":true,"profile_background_color":"FFFFFF","profile_background_image_url":"http://pbs.twimg.com/profile_background_images/378800000153538483/UI1NXiYS.png","profile_background_image_url_https":"https://pbs.twimg.com/profile_background_images/378800000153538483/UI1NXiYS.png","profile_background_tile":false,"profile_image_url":"http://pbs.twimg.com/profile_images/2633310485/a1a05849c45954332ca1a6a6891ab651_normal.png","profile_image_url_https":"https://pbs.twimg.com/profile_images/2633310485/a1a05849c45954332ca1a6a6891ab651_normal.png","profile_banner_url":"https://pbs.twimg.com/profile_banners/161616614/1499785270","profile_link_color":"0084B4","profile_sidebar_border_color":"FFFFFF","profile_sidebar_fill_color":"DDEEF6","profile_text_color":"333333","profile_use_background_image":true,"has_extended_profile":false,"default_profile":false,"default_profile_image":false,"following":false,"follow_request_sent":false,"notifications":false,"translator_type":"none"},"geo":null,"coordinates":null,"place":null,"contributors":null,"is_quote_status":false,"retweet_count":499,"favorite_count":1009,"favorited":false,"retweeted":false,"possibly_sensitive":false,"lang":"ja"},{"created_at":"Wed Jul 19 08:07:25 +0000 2017","id":887584649123254300,"id_str":"887584649123254272","text":"福岡キャンペーンバディのタクヤとユースケ(^_^)人(°▽°)\nまだまだ福岡で頑張ります！！\n\n#超特急\n#mybuddy\n#広がれ8号車の輪 https://t.co/1STXrbCG2H","truncated":false,"entities":{"hashtags":[{"text":"超特急","indices":[48,52]},{"text":"mybuddy","indices":[53,61]},{"text":"広がれ8号車の輪","indices":[62,71]}],"symbols":[],"user_mentions":[],"urls":[],"media":[{"id":887583855028322300,"id_str":"887583855028322304","indices":[72,95],"media_url":"http://pbs.twimg.com/ext_tw_video_thumb/887583855028322304/pu/img/q586gnIYdWpDCf4d.jpg","media_url_https":"https://pbs.twimg.com/ext_tw_video_thumb/887583855028322304/pu/img/q586gnIYdWpDCf4d.jpg","url":"https://t.co/1STXrbCG2H","display_url":"pic.twitter.com/1STXrbCG2H","expanded_url":"https://twitter.com/sd_bt/status/887584649123254272/video/1","type":"photo","sizes":{"small":{"w":340,"h":191,"resize":"fit"},"thumb":{"w":150,"h":150,"resize":"crop"},"medium":{"w":600,"h":338,"resize":"fit"},"large":{"w":1024,"h":576,"resize":"fit"}}}]},"extended_entities":{"media":[{"id":887583855028322300,"id_str":"887583855028322304","indices":[72,95],"media_url":"http://pbs.twimg.com/ext_tw_video_thumb/887583855028322304/pu/img/q586gnIYdWpDCf4d.jpg","media_url_https":"https://pbs.twimg.com/ext_tw_video_thumb/887583855028322304/pu/img/q586gnIYdWpDCf4d.jpg","url":"https://t.co/1STXrbCG2H","display_url":"pic.twitter.com/1STXrbCG2H","expanded_url":"https://twitter.com/sd_bt/status/887584649123254272/video/1","type":"video","sizes":{"small":{"w":340,"h":191,"resize":"fit"},"thumb":{"w":150,"h":150,"resize":"crop"},"medium":{"w":600,"h":338,"resize":"fit"},"large":{"w":1024,"h":576,"resize":"fit"}},"video_info":{"aspect_ratio":[16,9],"duration_millis":89396,"variants":[{"content_type":"application/x-mpegURL","url":"https://video.twimg.com/ext_tw_video/887583855028322304/pu/pl/dZ-gCQ3Ej7IBdl7e.m3u8"},{"bitrate":2176000,"content_type":"video/mp4","url":"https://video.twimg.com/ext_tw_video/887583855028322304/pu/vid/1280x720/Iux509fNgex28PNy.mp4"},{"bitrate":832000,"content_type":"video/mp4","url":"https://video.twimg.com/ext_tw_video/887583855028322304/pu/vid/640x360/bo1K0r2jkXlmyBFO.mp4"},{"bitrate":320000,"content_type":"video/mp4","url":"https://video.twimg.com/ext_tw_video/887583855028322304/pu/vid/320x180/sgmc7NmJHZZ_zAG3.mp4"}]},"additional_media_info":{"monetizable":false}}]},"metadata":{"iso_language_code":"ja","result_type":"recent"},"source":"<a href=\"http://twitter.com/download/iphone\" rel=\"nofollow\">Twitter for iPhone</a>","in_reply_to_status_id":null,"in_reply_to_status_id_str":null,"in_reply_to_user_id":null,"in_reply_to_user_id_str":null,"in_reply_to_screen_name":null,"user":{"id":830604613,"id_str":"830604613","name":"超特急 OFFICIAL","screen_name":"sd_bt","location":"君の笑顔が終着駅","description":"メインダンサー&バックボーカルグループ。エンターテインメント性の高さと、魅せるパフォーマンスで、超特急ワールドに染め上げるライブが今最もアツく面白いと話題に。2017年7月26日Sg「My Buddy」(7月期フジテレビ「警視庁いきもの係」主題歌)LINE ID: bullettrain","url":"https://t.co/bfP3ZjvsRe","entities":{"url":{"urls":[{"url":"https://t.co/bfP3ZjvsRe","expanded_url":"http://bullettrain.jp/","display_url":"bullettrain.jp","indices":[0,23]}]},"description":{"urls":[]}},"protected":false,"followers_count":105331,"friends_count":45,"listed_count":909,"created_at":"Tue Sep 18 08:17:12 +0000 2012","favourites_count":8,"utc_offset":32400,"time_zone":"Tokyo","geo_enabled":true,"verified":false,"statuses_count":21727,"lang":"ja","contributors_enabled":false,"is_translator":false,"is_translation_enabled":false,"profile_background_color":"000000","profile_background_image_url":"http://pbs.twimg.com/profile_background_images/663396601/vyo1bx2c8j2gbxx523e6.jpeg","profile_background_image_url_https":"https://pbs.twimg.com/profile_background_images/663396601/vyo1bx2c8j2gbxx523e6.jpeg","profile_background_tile":false,"profile_image_url":"http://pbs.twimg.com/profile_images/875960549284040704/AGxRD-AI_normal.jpg","profile_image_url_https":"https://pbs.twimg.com/profile_images/875960549284040704/AGxRD-AI_normal.jpg","profile_banner_url":"https://pbs.twimg.com/profile_banners/830604613/1497444188","profile_link_color":"F5ABB5","profile_sidebar_border_color":"000000","profile_sidebar_fill_color":"252429","profile_text_color":"666666","profile_use_background_image":true,"has_extended_profile":false,"default_profile":false,"default_profile_image":false,"following":false,"follow_request_sent":false,"notifications":false,"translator_type":"none"},"geo":null,"coordinates":null,"place":null,"contributors":null,"is_quote_status":false,"retweet_count":813,"favorite_count":2888,"favorited":false,"retweeted":false,"possibly_sensitive":false,"lang":"ja"},{"created_at":"Wed Jul 19 08:04:16 +0000 2017","id":887583857993629700,"id_str":"887583857993629696","text":"【イベント】お待たせいたしました！7/21 16時より「ビンゴイベント～Dancing Darling～」を開催します！F∞Fの奏多をメインとしたイベントです！休憩中の無防備な一面をお見せしちゃいます！　#アイチュウ https://t.co/RPNDfEyFRs","truncated":false,"entities":{"hashtags":[{"text":"アイチュウ","indices":[102,108]}],"symbols":[],"user_mentions":[],"urls":[],"media":[{"id":887583683611213800,"id_str":"887583683611213825","indices":[109,132],"media_url":"http://pbs.twimg.com/media/DFFUqFoUQAERGPG.jpg","media_url_https":"https://pbs.twimg.com/media/DFFUqFoUQAERGPG.jpg","url":"https://t.co/RPNDfEyFRs","display_url":"pic.twitter.com/RPNDfEyFRs","expanded_url":"https://twitter.com/ichu_official/status/887583857993629696/photo/1","type":"photo","sizes":{"medium":{"w":300,"h":450,"resize":"fit"},"large":{"w":300,"h":450,"resize":"fit"},"small":{"w":300,"h":450,"resize":"fit"},"thumb":{"w":150,"h":150,"resize":"crop"}}}]},"extended_entities":{"media":[{"id":887583683611213800,"id_str":"887583683611213825","indices":[109,132],"media_url":"http://pbs.twimg.com/media/DFFUqFoUQAERGPG.jpg","media_url_https":"https://pbs.twimg.com/media/DFFUqFoUQAERGPG.jpg","url":"https://t.co/RPNDfEyFRs","display_url":"pic.twitter.com/RPNDfEyFRs","expanded_url":"https://twitter.com/ichu_official/status/887583857993629696/photo/1","type":"photo","sizes":{"medium":{"w":300,"h":450,"resize":"fit"},"large":{"w":300,"h":450,"resize":"fit"},"small":{"w":300,"h":450,"resize":"fit"},"thumb":{"w":150,"h":150,"resize":"crop"}}},{"id":887583683636375600,"id_str":"887583683636375552","indices":[109,132],"media_url":"http://pbs.twimg.com/media/DFFUqFuUMAAQtn4.jpg","media_url_https":"https://pbs.twimg.com/media/DFFUqFuUMAAQtn4.jpg","url":"https://t.co/RPNDfEyFRs","display_url":"pic.twitter.com/RPNDfEyFRs","expanded_url":"https://twitter.com/ichu_official/status/887583857993629696/photo/1","type":"photo","sizes":{"medium":{"w":300,"h":450,"resize":"fit"},"large":{"w":300,"h":450,"resize":"fit"},"small":{"w":300,"h":450,"resize":"fit"},"thumb":{"w":150,"h":150,"resize":"crop"}}},{"id":887583715458666500,"id_str":"887583715458666496","indices":[109,132],"media_url":"http://pbs.twimg.com/media/DFFUr8RV0AA2A6M.jpg","media_url_https":"https://pbs.twimg.com/media/DFFUr8RV0AA2A6M.jpg","url":"https://t.co/RPNDfEyFRs","display_url":"pic.twitter.com/RPNDfEyFRs","expanded_url":"https://twitter.com/ichu_official/status/887583857993629696/photo/1","type":"photo","sizes":{"medium":{"w":300,"h":450,"resize":"fit"},"large":{"w":300,"h":450,"resize":"fit"},"small":{"w":300,"h":450,"resize":"fit"},"thumb":{"w":150,"h":150,"resize":"crop"}}}]},"metadata":{"iso_language_code":"ja","result_type":"recent"},"source":"<a href=\"http://twitter.com\" rel=\"nofollow\">Twitter Web Client</a>","in_reply_to_status_id":null,"in_reply_to_status_id_str":null,"in_reply_to_user_id":null,"in_reply_to_user_id_str":null,"in_reply_to_screen_name":null,"user":{"id":3032005563,"id_str":"3032005563","name":"アイ★チュウ","screen_name":"ichu_official","location":"株式会社リベル・エンタテインメント","description":"恋愛リズムアドベンチャー『アイ★チュウ』のAndroid版、iOS版が配信！公式twitterから今後の最新ニュースをお届けします。これからチェックをお願いします！ご要望不具合のお問い合わせはゲーム内のユーザーサポート、または公式サイトのお問い合わせよりご連絡ください。 #アイチュウ","url":"https://t.co/cIGe3G2q8f","entities":{"url":{"urls":[{"url":"https://t.co/cIGe3G2q8f","expanded_url":"http://www.i-chu.jp/","display_url":"i-chu.jp","indices":[0,23]}]},"description":{"urls":[]}},"protected":false,"followers_count":126104,"friends_count":89,"listed_count":1811,"created_at":"Thu Feb 12 04:12:03 +0000 2015","favourites_count":20,"utc_offset":28800,"time_zone":"Irkutsk","geo_enabled":false,"verified":true,"statuses_count":4480,"lang":"ja","contributors_enabled":false,"is_translator":false,"is_translation_enabled":false,"profile_background_color":"C0DEED","profile_background_image_url":"http://pbs.twimg.com/profile_background_images/589051167256154112/3TAvEErN.png","profile_background_image_url_https":"https://pbs.twimg.com/profile_background_images/589051167256154112/3TAvEErN.png","profile_background_tile":true,"profile_image_url":"http://pbs.twimg.com/profile_images/879593320602771456/qo7gcPj8_normal.jpg","profile_image_url_https":"https://pbs.twimg.com/profile_images/879593320602771456/qo7gcPj8_normal.jpg","profile_banner_url":"https://pbs.twimg.com/profile_banners/3032005563/1497334488","profile_link_color":"0084B4","profile_sidebar_border_color":"C0DEED","profile_sidebar_fill_color":"DDEEF6","profile_text_color":"333333","profile_use_background_image":true,"has_extended_profile":false,"default_profile":false,"default_profile_image":false,"following":false,"follow_request_sent":false,"notifications":false,"translator_type":"none"},"geo":null,"coordinates":null,"place":null,"contributors":null,"is_quote_status":false,"retweet_count":1904,"favorite_count":1746,"favorited":false,"retweeted":false,"possibly_sensitive":false,"lang":"ja"},{"created_at":"Wed Jul 19 08:01:31 +0000 2017","id":887583165077872600,"id_str":"887583165077872641","text":"【お知らせ】\n\n「ALL LEAD TRACKS」リリースを記念して、\nHiro、Nobから動画が届きました笑\n\n#マイファス\n#ALLLEADTRACKS\n#LetItDie https://t.co/dKXzPpwhNt","truncated":false,"entities":{"hashtags":[{"text":"マイファス","indices":[57,63]},{"text":"ALLLEADTRACKS","indices":[64,78]},{"text":"LetItDie","indices":[79,88]}],"symbols":[],"user_mentions":[],"urls":[],"media":[{"id":887582836315664400,"id_str":"887582836315664388","indices":[89,112],"media_url":"http://pbs.twimg.com/ext_tw_video_thumb/887582836315664388/pu/img/tXTHBgG6AtOHD-n_.jpg","media_url_https":"https://pbs.twimg.com/ext_tw_video_thumb/887582836315664388/pu/img/tXTHBgG6AtOHD-n_.jpg","url":"https://t.co/dKXzPpwhNt","display_url":"pic.twitter.com/dKXzPpwhNt","expanded_url":"https://twitter.com/MyFirstStory_of/status/887583165077872641/video/1","type":"photo","sizes":{"large":{"w":960,"h":540,"resize":"fit"},"small":{"w":340,"h":191,"resize":"fit"},"thumb":{"w":150,"h":150,"resize":"crop"},"medium":{"w":600,"h":338,"resize":"fit"}}}]},"extended_entities":{"media":[{"id":887582836315664400,"id_str":"887582836315664388","indices":[89,112],"media_url":"http://pbs.twimg.com/ext_tw_video_thumb/887582836315664388/pu/img/tXTHBgG6AtOHD-n_.jpg","media_url_https":"https://pbs.twimg.com/ext_tw_video_thumb/887582836315664388/pu/img/tXTHBgG6AtOHD-n_.jpg","url":"https://t.co/dKXzPpwhNt","display_url":"pic.twitter.com/dKXzPpwhNt","expanded_url":"https://twitter.com/MyFirstStory_of/status/887583165077872641/video/1","type":"video","sizes":{"large":{"w":960,"h":540,"resize":"fit"},"small":{"w":340,"h":191,"resize":"fit"},"thumb":{"w":150,"h":150,"resize":"crop"},"medium":{"w":600,"h":338,"resize":"fit"}},"video_info":{"aspect_ratio":[16,9],"duration_millis":50167,"variants":[{"content_type":"application/x-mpegURL","url":"https://video.twimg.com/ext_tw_video/887582836315664388/pu/pl/WAcQgfwW9jfsvTfT.m3u8"},{"bitrate":320000,"content_type":"video/mp4","url":"https://video.twimg.com/ext_tw_video/887582836315664388/pu/vid/320x180/W5DzgE5wPdwFvZcV.mp4"},{"bitrate":832000,"content_type":"video/mp4","url":"https://video.twimg.com/ext_tw_video/887582836315664388/pu/vid/640x360/dSx6C_A9m6WwHwqo.mp4"}]},"additional_media_info":{"monetizable":false}}]},"metadata":{"iso_language_code":"ja","result_type":"recent"},"source":"<a href=\"http://twitter.com/download/iphone\" rel=\"nofollow\">Twitter for iPhone</a>","in_reply_to_status_id":null,"in_reply_to_status_id_str":null,"in_reply_to_user_id":null,"in_reply_to_user_id_str":null,"in_reply_to_screen_name":null,"user":{"id":394422857,"id_str":"394422857","name":"MY FIRST STORY","screen_name":"MyFirstStory_of","location":"","description":"MY FIRST STORYの公式アカウントです。","url":"https://t.co/yK6imgrUs3","entities":{"url":{"urls":[{"url":"https://t.co/yK6imgrUs3","expanded_url":"http://www.myfirststory.net/","display_url":"myfirststory.net","indices":[0,23]}]},"description":{"urls":[]}},"protected":false,"followers_count":204312,"friends_count":0,"listed_count":1825,"created_at":"Thu Oct 20 01:47:00 +0000 2011","favourites_count":23,"utc_offset":null,"time_zone":null,"geo_enabled":true,"verified":true,"statuses_count":4299,"lang":"ja","contributors_enabled":false,"is_translator":false,"is_translation_enabled":false,"profile_background_color":"C0DEED","profile_background_image_url":"http://abs.twimg.com/images/themes/theme1/bg.png","profile_background_image_url_https":"https://abs.twimg.com/images/themes/theme1/bg.png","profile_background_tile":false,"profile_image_url":"http://pbs.twimg.com/profile_images/689529456734535681/jkwCLtD1_normal.jpg","profile_image_url_https":"https://pbs.twimg.com/profile_images/689529456734535681/jkwCLtD1_normal.jpg","profile_banner_url":"https://pbs.twimg.com/profile_banners/394422857/1497258118","profile_link_color":"1DA1F2","profile_sidebar_border_color":"C0DEED","profile_sidebar_fill_color":"DDEEF6","profile_text_color":"333333","profile_use_background_image":true,"has_extended_profile":false,"default_profile":true,"default_profile_image":false,"following":false,"follow_request_sent":false,"notifications":false,"translator_type":"none"},"geo":null,"coordinates":null,"place":null,"contributors":null,"is_quote_status":false,"retweet_count":788,"favorite_count":1851,"favorited":false,"retweeted":false,"possibly_sensitive":false,"lang":"ja"},{"created_at":"Wed Jul 19 08:01:08 +0000 2017","id":887583066348077000,"id_str":"887583066348077057","text":"キスマイ北山宏光×藤ヶ谷太輔×玉森裕太、新ユニット結成 「Mステ」でテレビ初パフォーマンス #KisMyFt2 #北山宏光 #藤ヶ谷太輔 #玉森裕太 #まえあし #Mステ\n\nhttps://t.co/aCEf5nTKXu","truncated":false,"entities":{"hashtags":[{"text":"KisMyFt2","indices":[46,55]},{"text":"北山宏光","indices":[56,61]},{"text":"藤ヶ谷太輔","indices":[62,68]},{"text":"玉森裕太","indices":[69,74]},{"text":"まえあし","indices":[75,80]},{"text":"Mステ","indices":[81,85]}],"symbols":[],"user_mentions":[],"urls":[{"url":"https://t.co/aCEf5nTKXu","expanded_url":"https://mdpr.jp/music/1701609","display_url":"mdpr.jp/music/1701609","indices":[87,110]}]},"metadata":{"iso_language_code":"ja","result_type":"recent"},"source":"<a href=\"http://mdpr.jp\" rel=\"nofollow\">modelpress appl</a>","in_reply_to_status_id":null,"in_reply_to_status_id_str":null,"in_reply_to_user_id":null,"in_reply_to_user_id_str":null,"in_reply_to_screen_name":null,"user":{"id":142921471,"id_str":"142921471","name":"モデルプレス","screen_name":"modelpress","location":"TOKYO,JAPAN","description":"日本最大級の女性向けエンタメ＆ライフスタイルニュースサイト。ファッション、モデル、恋愛、ヘア、コスメ、ダイエット、ディズニー、カフェ、ドラマ、映画、音楽、海外セレブ、女子旅の最新情報をお届け","url":"https://t.co/5eMAE7fr2T","entities":{"url":{"urls":[{"url":"https://t.co/5eMAE7fr2T","expanded_url":"http://mdpr.jp/","display_url":"mdpr.jp","indices":[0,23]}]},"description":{"urls":[]}},"protected":false,"followers_count":1058790,"friends_count":168017,"listed_count":5246,"created_at":"Wed May 12 03:06:36 +0000 2010","favourites_count":8,"utc_offset":32400,"time_zone":"Tokyo","geo_enabled":true,"verified":true,"statuses_count":166708,"lang":"ja","contributors_enabled":false,"is_translator":false,"is_translation_enabled":false,"profile_background_color":"FAFAFA","profile_background_image_url":"http://abs.twimg.com/images/themes/theme15/bg.png","profile_background_image_url_https":"https://abs.twimg.com/images/themes/theme15/bg.png","profile_background_tile":false,"profile_image_url":"http://pbs.twimg.com/profile_images/876655035043545088/mH8EijPm_normal.jpg","profile_image_url_https":"https://pbs.twimg.com/profile_images/876655035043545088/mH8EijPm_normal.jpg","profile_banner_url":"https://pbs.twimg.com/profile_banners/142921471/1486948630","profile_link_color":"FA0A4E","profile_sidebar_border_color":"FFFFFF","profile_sidebar_fill_color":"000000","profile_text_color":"FFFFFF","profile_use_background_image":false,"has_extended_profile":false,"default_profile":false,"default_profile_image":false,"following":false,"follow_request_sent":false,"notifications":false,"translator_type":"none"},"geo":null,"coordinates":null,"place":null,"contributors":null,"is_quote_status":false,"retweet_count":2344,"favorite_count":2238,"favorited":false,"retweeted":false,"possibly_sensitive":false,"lang":"ja"},{"created_at":"Wed Jul 19 08:00:38 +0000 2017","id":887582942230335500,"id_str":"887582942230335490","text":"浪川さんの謝罪文で\n内容に対する意見じゃなくて\n「浪川さんがこんなに漢字使えるわけない」ってツイート流れてきて草 https://t.co/zox67LD2sX","truncated":false,"entities":{"hashtags":[],"symbols":[],"user_mentions":[],"urls":[],"media":[{"id":887582936131752000,"id_str":"887582936131751936","indices":[57,80],"media_url":"http://pbs.twimg.com/media/DFFT-lDU0AAEjOG.jpg","media_url_https":"https://pbs.twimg.com/media/DFFT-lDU0AAEjOG.jpg","url":"https://t.co/zox67LD2sX","display_url":"pic.twitter.com/zox67LD2sX","expanded_url":"https://twitter.com/rs_hack/status/887582942230335490/photo/1","type":"photo","sizes":{"medium":{"w":720,"h":995,"resize":"fit"},"small":{"w":492,"h":680,"resize":"fit"},"thumb":{"w":150,"h":150,"resize":"crop"},"large":{"w":720,"h":995,"resize":"fit"}}}]},"extended_entities":{"media":[{"id":887582936131752000,"id_str":"887582936131751936","indices":[57,80],"media_url":"http://pbs.twimg.com/media/DFFT-lDU0AAEjOG.jpg","media_url_https":"https://pbs.twimg.com/media/DFFT-lDU0AAEjOG.jpg","url":"https://t.co/zox67LD2sX","display_url":"pic.twitter.com/zox67LD2sX","expanded_url":"https://twitter.com/rs_hack/status/887582942230335490/photo/1","type":"photo","sizes":{"medium":{"w":720,"h":995,"resize":"fit"},"small":{"w":492,"h":680,"resize":"fit"},"thumb":{"w":150,"h":150,"resize":"crop"},"large":{"w":720,"h":995,"resize":"fit"}}}]},"metadata":{"iso_language_code":"ja","result_type":"recent"},"source":"<a href=\"http://twitter.com/download/iphone\" rel=\"nofollow\">Twitter for iPhone</a>","in_reply_to_status_id":null,"in_reply_to_status_id_str":null,"in_reply_to_user_id":null,"in_reply_to_user_id_str":null,"in_reply_to_screen_name":null,"user":{"id":1261642868,"id_str":"1261642868","name":"リーサ@ルルーシュ狂","screen_name":"rs_hack","location":"大阪市内","description":"ルルーシュ・ランペルージ愛してます❤︎/ 腐女子 / 真姫ライバー.K.黒執事.らんま.犬夜叉.Free!!.デュラ.AB!.タイバニ.マギ.SAO.進撃.おそ松.薄桜鬼.YOI.セカロマ.コナン.グリザイア...その他_______✿✿プリズムのきらめき✿✿_______","url":null,"entities":{"description":{"urls":[]}},"protected":false,"followers_count":1029,"friends_count":793,"listed_count":4,"created_at":"Tue Mar 12 10:19:58 +0000 2013","favourites_count":568,"utc_offset":32400,"time_zone":"Tokyo","geo_enabled":true,"verified":false,"statuses_count":40149,"lang":"ja","contributors_enabled":false,"is_translator":false,"is_translation_enabled":false,"profile_background_color":"C0DEED","profile_background_image_url":"http://abs.twimg.com/images/themes/theme1/bg.png","profile_background_image_url_https":"https://abs.twimg.com/images/themes/theme1/bg.png","profile_background_tile":false,"profile_image_url":"http://pbs.twimg.com/profile_images/742248589284376576/nQv_S614_normal.jpg","profile_image_url_https":"https://pbs.twimg.com/profile_images/742248589284376576/nQv_S614_normal.jpg","profile_banner_url":"https://pbs.twimg.com/profile_banners/1261642868/1498745651","profile_link_color":"1DA1F2","profile_sidebar_border_color":"C0DEED","profile_sidebar_fill_color":"DDEEF6","profile_text_color":"333333","profile_use_background_image":true,"has_extended_profile":true,"default_profile":true,"default_profile_image":false,"following":false,"follow_request_sent":false,"notifications":false,"translator_type":"none"},"geo":null,"coordinates":null,"place":null,"contributors":null,"is_quote_status":false,"retweet_count":931,"favorite_count":527,"favorited":false,"retweeted":false,"possibly_sensitive":false,"lang":"ja"},{"created_at":"Wed Jul 19 08:00:34 +0000 2017","id":887582926648496100,"id_str":"887582926648496129","text":"「意味深ツイート」\n\n意味:女子が彼氏の存在をほのめかすためTwitterでおこなう惚気・悩みツイート\n\n例1:「寝ちゃったかなぁ 声聞いたら元気出た笑」\n例2:「気持ちの整理がつかない ダメかも」\n例3:「はぁ、好き。」","truncated":false,"entities":{"hashtags":[],"symbols":[],"user_mentions":[],"urls":[]},"metadata":{"iso_language_code":"ja","result_type":"recent"},"source":"<a href=\"https://twitter.com/e4t2gwwrtw\" rel=\"nofollow\">demiori</a>","in_reply_to_status_id":null,"in_reply_to_status_id_str":null,"in_reply_to_user_id":null,"in_reply_to_user_id_str":null,"in_reply_to_screen_name":null,"user":{"id":873079209584803800,"id_str":"873079209584803840","name":"大学生語図鑑","screen_name":"wey_daigaku","location":"","description":"ある人は言った。「大学は人生の夏休みだ」と。日常の言葉を大学生語に翻訳します。","url":null,"entities":{"description":{"urls":[]}},"protected":false,"followers_count":13200,"friends_count":0,"listed_count":22,"created_at":"Fri Jun 09 07:27:59 +0000 2017","favourites_count":0,"utc_offset":-25200,"time_zone":"Pacific Time (US & Canada)","geo_enabled":false,"verified":false,"statuses_count":71,"lang":"ja","contributors_enabled":false,"is_translator":false,"is_translation_enabled":false,"profile_background_color":"F5F8FA","profile_background_image_url":null,"profile_background_image_url_https":null,"profile_background_tile":false,"profile_image_url":"http://pbs.twimg.com/profile_images/883350369887174656/7e6oE1RU_normal.jpg","profile_image_url_https":"https://pbs.twimg.com/profile_images/883350369887174656/7e6oE1RU_normal.jpg","profile_banner_url":"https://pbs.twimg.com/profile_banners/873079209584803840/1499442104","profile_link_color":"1DA1F2","profile_sidebar_border_color":"C0DEED","profile_sidebar_fill_color":"DDEEF6","profile_text_color":"333333","profile_use_background_image":true,"has_extended_profile":false,"default_profile":true,"default_profile_image":false,"following":false,"follow_request_sent":false,"notifications":false,"translator_type":"none"},"geo":null,"coordinates":null,"place":null,"contributors":null,"is_quote_status":false,"retweet_count":462,"favorite_count":642,"favorited":false,"retweeted":false,"lang":"ja"}],"search_metadata":{"completed_in":0.143,"max_id":887592193241763800,"max_id_str":"887592193241763840","next_results":"?max_id=887582926648496128&q=lang%3Aja%20min_retweets%3A500&include_entities=1","query":"lang%3Aja+min_retweets%3A500","refresh_url":"?since_id=887592193241763840&q=lang%3Aja%20min_retweets%3A500&include_entities=1","count":15,"since_id":0,"since_id_str":"0"}}