{"statuses":[{"created_at":"Wed Jul 19 01:33:17 +0000 2017","id":887485462016688100,"id_str":"887485462016688129","text":"HappyBirthdayあずささん🎉🎊㊗️💜\n生まれてきてくれて…ワタクシと出会ってくれて…ありがとう🙏🙏🙏そんな風に思えるキャラクターを演じられる幸せを…かみしめて過ごしたいと思います💜💜💜 https://t.co/doBrz8yB2Q","truncated":false,"entities":{"hashtags":[],"symbols":[],"user_mentions":[],"urls":[{"url":"https://t.co/doBrz8yB2Q","expanded_url":"https://twitter.com/imasml_official/status/887326503603761152","display_url":"twitter.com/imasml_officia…","indices":[98,121]}]},"metadata":{"iso_language_code":"ja","result_type":"recent"},"source":"<a href=\"http://twitter.com/download/iphone\" rel=\"nofollow\">Twitter for iPhone</a>","in_reply_to_status_id":null,"in_reply_to_status_id_str":null,"in_reply_to_user_id":null,"in_reply_to_user_id_str":null,"in_reply_to_screen_name":null,"user":{"id":196454639,"id_str":"196454639","name":"たかはし智秋","screen_name":"chiaking58","location":"","description":"セクシーすぎる声優だったりします\\(//∇//)\\ https://t.co/iKYGGsMhcd ←LINEスタンプ販売中(^з^)-☆ ニコ生放送LADY LUCK CLUB放送中‼︎@chiaking_LLC インスタグラム→ juicy.chiaking 大正製薬コバラサポート","url":"https://t.co/y3blUiMZnD","entities":{"url":{"urls":[{"url":"https://t.co/y3blUiMZnD","expanded_url":"http://chiaking58.com","display_url":"chiaking58.com","indices":[0,23]}]},"description":{"urls":[{"url":"https://t.co/iKYGGsMhcd","expanded_url":"http://line.me/S/sticker/1043339","display_url":"line.me/S/sticker/1043…","indices":[26,49]}]}},"protected":false,"followers_count":157679,"friends_count":100,"listed_count":7760,"created_at":"Wed Sep 29 03:58:26 +0000 2010","favourites_count":0,"utc_offset":-36000,"time_zone":"Hawaii","geo_enabled":false,"verified":true,"statuses_count":7874,"lang":"ja","contributors_enabled":false,"is_translator":false,"is_translation_enabled":false,"profile_background_color":"C0DEED","profile_background_image_url":"http://abs.twimg.com/images/themes/theme1/bg.png","profile_background_image_url_https":"https://abs.twimg.com/images/themes/theme1/bg.png","profile_background_tile":false,"profile_image_url":"http://pbs.twimg.com/profile_images/875702783269249028/3hAvsXen_normal.jpg","profile_image_url_https":"https://pbs.twimg.com/profile_images/875702783269249028/3hAvsXen_normal.jpg","profile_banner_url":"https://pbs.twimg.com/profile_banners/196454639/1473079022","profile_link_color":"1DA1F2","profile_sidebar_border_color":"C0DEED","profile_sidebar_fill_color":"DDEEF6","profile_text_color":"333333","profile_use_background_image":true,"has_extended_profile":false,"default_profile":true,"default_profile_image":false,"following":false,"follow_request_sent":false,"notifications":false,"translator_type":"none"},"geo":null,"coordinates":null,"place":null,"contributors":null,"is_quote_status":true,"quoted_status_id":887326503603761200,"quoted_status_id_str":"887326503603761152","quoted_status":{"created_at":"Tue Jul 18 15:01:38 +0000 2017","id":887326503603761200,"id_str":"887326503603761152","text":"本日、7月19日はあずさの誕生日です！\nみんなでお祝いしましょう！\n誕生月アイドルの記念アイテムセットも販売中です！\n#imas_ml\n公式 https://t.co/XCfjhoUj1o https://t.co/Do101KVavB","truncated":false,"entities":{"hashtags":[{"text":"imas_ml","indices":[59,67]}],"symbols":[],"user_mentions":[],"urls":[{"url":"https://t.co/XCfjhoUj1o","expanded_url":"http://ow.ly/Tk4Zd","display_url":"ow.ly/Tk4Zd","indices":[71,94]}],"media":[{"id":887326501020020700,"id_str":"887326501020020737","indices":[95,118],"media_url":"http://pbs.twimg.com/media/DFBqwF0WsAE4Rf0.jpg","media_url_https":"https://pbs.twimg.com/media/DFBqwF0WsAE4Rf0.jpg","url":"https://t.co/Do101KVavB","display_url":"pic.twitter.com/Do101KVavB","expanded_url":"https://twitter.com/imasml_official/status/887326503603761152/photo/1","type":"photo","sizes":{"thumb":{"w":150,"h":150,"resize":"crop"},"medium":{"w":640,"h":180,"resize":"fit"},"small":{"w":640,"h":180,"resize":"fit"},"large":{"w":640,"h":180,"resize":"fit"}}}]},"extended_entities":{"media":[{"id":887326501020020700,"id_str":"887326501020020737","indices":[95,118],"media_url":"http://pbs.twimg.com/media/DFBqwF0WsAE4Rf0.jpg","media_url_https":"https://pbs.twimg.com/media/DFBqwF0WsAE4Rf0.jpg","url":"https://t.co/Do101KVavB","display_url":"pic.twitter.com/Do101KVavB","expanded_url":"https://twitter.com/imasml_official/status/887326503603761152/photo/1","type":"photo","sizes":{"thumb":{"w":150,"h":150,"resize":"crop"},"medium":{"w":640,"h":180,"resize":"fit"},"small":{"w":640,"h":180,"resize":"fit"},"large":{"w":640,"h":180,"resize":"fit"}}}]},"metadata":{"iso_language_code":"ja","result_type":"recent"},"source":"<a href=\"http://www.hootsuite.com\" rel=\"nofollow\">Hootsuite</a>","in_reply_to_status_id":null,"in_reply_to_status_id_str":null,"in_reply_to_user_id":null,"in_reply_to_user_id_str":null,"in_reply_to_screen_name":null,"user":{"id":3712249992,"id_str":"3712249992","name":"アイドルマスター ミリオンライブ！公式","screen_name":"imasml_official","location":"","description":"『アイドルマスター ミリオンライブ！』公式アカウントです。 ゲームの情報を中心にツイートしていきます。\n※本アカウントでは、リプライに対する個別の返信はおこなっておりません。あらかじめご了承ください。\n#imas_ml","url":"http://t.co/rVvlzqENFV","entities":{"url":{"urls":[{"url":"http://t.co/rVvlzqENFV","expanded_url":"http://bandainamcoent.co.jp/cs/list/idolmaster/million_live/","display_url":"bandainamcoent.co.jp/cs/list/idolma…","indices":[0,22]}]},"description":{"urls":[]}},"protected":false,"followers_count":59717,"friends_count":4,"listed_count":1343,"created_at":"Mon Sep 28 07:27:47 +0000 2015","favourites_count":0,"utc_offset":32400,"time_zone":"Tokyo","geo_enabled":false,"verified":true,"statuses_count":804,"lang":"ja","contributors_enabled":false,"is_translator":false,"is_translation_enabled":false,"profile_background_color":"C0DEED","profile_background_image_url":"http://abs.twimg.com/images/themes/theme1/bg.png","profile_background_image_url_https":"https://abs.twimg.com/images/themes/theme1/bg.png","profile_background_tile":false,"profile_image_url":"http://pbs.twimg.com/profile_images/848190133027225600/BPjT1wrf_normal.jpg","profile_image_url_https":"https://pbs.twimg.com/profile_images/848190133027225600/BPjT1wrf_normal.jpg","profile_banner_url":"https://pbs.twimg.com/profile_banners/3712249992/1491059285","profile_link_color":"1DA1F2","profile_sidebar_border_color":"C0DEED","profile_sidebar_fill_color":"DDEEF6","profile_text_color":"333333","profile_use_background_image":true,"has_extended_profile":false,"default_profile":true,"default_profile_image":false,"following":false,"follow_request_sent":false,"notifications":false,"translator_type":"none"},"geo":null,"coordinates":null,"place":null,"contributors":null,"is_quote_status":false,"retweet_count":1515,"favorite_count":1378,"favorited":false,"retweeted":false,"possibly_sensitive":false,"lang":"ja"},"retweet_count":744,"favorite_count":915,"favorited":false,"retweeted":false,"possibly_sensitive":false,"lang":"ja"},{"created_at":"Wed Jul 19 01:15:04 +0000 2017","id":887480876816252900,"id_str":"887480876816252929","text":"＼今すぐRT／\n平日毎日当たる！\n #アサヒドライゼロプレゼント ！\n締切は７／２０　午前９時５９分まで！\n① @asahibeer_jp をフォロー\n②この投稿をリツイート⇒ https://t.co/nx2XzXm8LE https://t.co/IwVF3fkYoO","truncated":false,"entities":{"hashtags":[{"text":"アサヒドライゼロプレゼント","indices":[18,32]}],"symbols":[],"user_mentions":[{"screen_name":"asahibeer_jp","name":"アサヒビール ASAHIBEER","id":561669474,"id_str":"561669474","indices":[56,69]}],"urls":[{"url":"https://t.co/nx2XzXm8LE","expanded_url":"http://ab-fb.jp/b1f65","display_url":"ab-fb.jp/b1f65","indices":[89,112]}],"media":[{"id":887480874219872300,"id_str":"887480874219872257","indices":[113,136],"media_url":"http://pbs.twimg.com/media/DFD3JyzUIAEEcTG.jpg","media_url_https":"https://pbs.twimg.com/media/DFD3JyzUIAEEcTG.jpg","url":"https://t.co/IwVF3fkYoO","display_url":"pic.twitter.com/IwVF3fkYoO","expanded_url":"https://twitter.com/asahibeer_jp/status/887480876816252929/photo/1","type":"photo","sizes":{"medium":{"w":800,"h":450,"resize":"fit"},"small":{"w":680,"h":383,"resize":"fit"},"large":{"w":800,"h":450,"resize":"fit"},"thumb":{"w":150,"h":150,"resize":"crop"}}}]},"extended_entities":{"media":[{"id":887480874219872300,"id_str":"887480874219872257","indices":[113,136],"media_url":"http://pbs.twimg.com/media/DFD3JyzUIAEEcTG.jpg","media_url_https":"https://pbs.twimg.com/media/DFD3JyzUIAEEcTG.jpg","url":"https://t.co/IwVF3fkYoO","display_url":"pic.twitter.com/IwVF3fkYoO","expanded_url":"https://twitter.com/asahibeer_jp/status/887480876816252929/photo/1","type":"photo","sizes":{"medium":{"w":800,"h":450,"resize":"fit"},"small":{"w":680,"h":383,"resize":"fit"},"large":{"w":800,"h":450,"resize":"fit"},"thumb":{"w":150,"h":150,"resize":"crop"}}}]},"metadata":{"iso_language_code":"ja","result_type":"recent"},"source":"<a href=\"http://engagemanager.tribalmedia.co.jp/\" rel=\"nofollow\">EngageManager</a>","in_reply_to_status_id":null,"in_reply_to_status_id_str":null,"in_reply_to_user_id":null,"in_reply_to_user_id_str":null,"in_reply_to_screen_name":null,"user":{"id":561669474,"id_str":"561669474","name":"アサヒビール ASAHIBEER","screen_name":"asahibeer_jp","location":"","description":"アサヒビール公式です！飲酒は20歳になってから。飲酒運転は法律で禁止されています。フォローは20歳以上の方限定です。 【ご利用規約】https://t.co/87vTVzXt5G【お問い合わせ】https://t.co/2cgJAsil8T","url":"http://t.co/JKM5mqm9OI","entities":{"url":{"urls":[{"url":"http://t.co/JKM5mqm9OI","expanded_url":"http://www.asahibeer.co.jp/","display_url":"asahibeer.co.jp","indices":[0,22]}]},"description":{"urls":[{"url":"https://t.co/87vTVzXt5G","expanded_url":"https://goo.gl/LxiI3c","display_url":"goo.gl/LxiI3c","indices":[66,89]},{"url":"https://t.co/2cgJAsil8T","expanded_url":"https://goo.gl/aOceCQ","display_url":"goo.gl/aOceCQ","indices":[97,120]}]}},"protected":false,"followers_count":616121,"friends_count":30,"listed_count":1438,"created_at":"Tue Apr 24 00:28:13 +0000 2012","favourites_count":1,"utc_offset":32400,"time_zone":"Tokyo","geo_enabled":false,"verified":true,"statuses_count":631333,"lang":"ja","contributors_enabled":false,"is_translator":false,"is_translation_enabled":false,"profile_background_color":"FFFFFF","profile_background_image_url":"http://pbs.twimg.com/profile_background_images/378800000182351567/6y9isvcT.jpeg","profile_background_image_url_https":"https://pbs.twimg.com/profile_background_images/378800000182351567/6y9isvcT.jpeg","profile_background_tile":false,"profile_image_url":"http://pbs.twimg.com/profile_images/551878698152914944/JwmVmkeK_normal.png","profile_image_url_https":"https://pbs.twimg.com/profile_images/551878698152914944/JwmVmkeK_normal.png","profile_banner_url":"https://pbs.twimg.com/profile_banners/561669474/1496216924","profile_link_color":"0084B4","profile_sidebar_border_color":"FFFFFF","profile_sidebar_fill_color":"DDEEF6","profile_text_color":"333333","profile_use_background_image":true,"has_extended_profile":false,"default_profile":false,"default_profile_image":false,"following":false,"follow_request_sent":false,"notifications":false,"translator_type":"none"},"geo":null,"coordinates":null,"place":null,"contributors":null,"is_quote_status":false,"retweet_count":2435,"favorite_count":228,"favorited":false,"retweeted":false,"possibly_sensitive":false,"lang":"ja"},{"created_at":"Wed Jul 19 01:09:41 +0000 2017","id":887479524513857500,"id_str":"887479524513857537","text":"戸籍の開示は差別助長に繋がる！だって？自称人権派は恥ずかしげもなくよく言うよな。俺は出自について散々報じられたけど、自称人権派は誰もその報道を批判しなかった。あの報道に比べれば蓮舫さんの戸籍開示なんてどうってことないこと。","truncated":false,"entities":{"hashtags":[],"symbols":[],"user_mentions":[],"urls":[]},"metadata":{"iso_language_code":"ja","result_type":"recent"},"source":"<a href=\"http://twitter.com\" rel=\"nofollow\">Twitter Web Client</a>","in_reply_to_status_id":null,"in_reply_to_status_id_str":null,"in_reply_to_user_id":null,"in_reply_to_user_id_str":null,"in_reply_to_screen_name":null,"user":{"id":245677083,"id_str":"245677083","name":"橋下徹","screen_name":"hashimoto_lo","location":"Osaka","description":"月４回火曜配信のメールマガジンhttps://t.co/C6tH0gVPNE、直接討論が出来るサロンhttps://t.co/VjvwS7vag1など、橋下徹からの発信は下のHPにてご覧ください！","url":"https://t.co/8wze0nPPcB","entities":{"url":{"urls":[{"url":"https://t.co/8wze0nPPcB","expanded_url":"http://hashimoto-law-office.jp/from.html","display_url":"hashimoto-law-office.jp/from.html","indices":[0,23]}]},"description":{"urls":[{"url":"https://t.co/C6tH0gVPNE","expanded_url":"http://hashimoto.president.co.jp/","display_url":"hashimoto.president.co.jp","indices":[15,38]},{"url":"https://t.co/VjvwS7vag1","expanded_url":"https://synapse.am/contents/monthly/gekikara","display_url":"synapse.am/contents/month…","indices":[50,73]}]}},"protected":false,"followers_count":1921456,"friends_count":37,"listed_count":27341,"created_at":"Tue Feb 01 06:42:50 +0000 2011","favourites_count":0,"utc_offset":32400,"time_zone":"Tokyo","geo_enabled":false,"verified":true,"statuses_count":18076,"lang":"ja","contributors_enabled":false,"is_translator":false,"is_translation_enabled":false,"profile_background_color":"000000","profile_background_image_url":"http://abs.twimg.com/images/themes/theme1/bg.png","profile_background_image_url_https":"https://abs.twimg.com/images/themes/theme1/bg.png","profile_background_tile":false,"profile_image_url":"http://pbs.twimg.com/profile_images/718434050315137025/mmdJSrVQ_normal.jpg","profile_image_url_https":"https://pbs.twimg.com/profile_images/718434050315137025/mmdJSrVQ_normal.jpg","profile_banner_url":"https://pbs.twimg.com/profile_banners/245677083/1454309904","profile_link_color":"ABB8C2","profile_sidebar_border_color":"000000","profile_sidebar_fill_color":"000000","profile_text_color":"000000","profile_use_background_image":false,"has_extended_profile":false,"default_profile":false,"default_profile_image":false,"following":false,"follow_request_sent":false,"notifications":false,"translator_type":"none"},"geo":null,"coordinates":null,"place":null,"contributors":null,"is_quote_status":false,"retweet_count":1680,"favorite_count":2344,"favorited":false,"retweeted":false,"lang":"ja"},{"created_at":"Wed Jul 19 01:08:58 +0000 2017","id":887479341424156700,"id_str":"887479341424156672","text":"「スプラトゥーン2」の発売まで、残すところあと2日。\n今作にも、多くの個性的なブキが登場する。\nお気に入りを見つけるのも良いが、複数のブキを使いこなせば、ステージやルールによって活躍できる場も広がるはず。\nすべてのブキは一長一短。… https://t.co/aSUc8WtCOJ","truncated":true,"entities":{"hashtags":[],"symbols":[],"user_mentions":[],"urls":[{"url":"https://t.co/aSUc8WtCOJ","expanded_url":"https://twitter.com/i/web/status/887479341424156672","display_url":"twitter.com/i/web/status/8…","indices":[117,140]}]},"metadata":{"iso_language_code":"ja","result_type":"recent"},"source":"<a href=\"http://twitter.com\" rel=\"nofollow\">Twitter Web Client</a>","in_reply_to_status_id":null,"in_reply_to_status_id_str":null,"in_reply_to_user_id":null,"in_reply_to_user_id_str":null,"in_reply_to_screen_name":null,"user":{"id":2888006497,"id_str":"2888006497","name":"Splatoon（スプラトゥーン）","screen_name":"SplatoonJP","location":"","description":"『スプラトゥーン』公式総合アカウント。イカ研究所の調査報告（ゲーム情報）やお知らせをお伝えします。最新作の『スプラトゥーン2』は2017年7月21日（金）発売予定。ご質問・お問い合わせにはお答えしておりませんのでご容赦ください。 ※イカ研究所は実在の人物、団体とは一切関係ございません。","url":"https://t.co/yCMNfZlVpz","entities":{"url":{"urls":[{"url":"https://t.co/yCMNfZlVpz","expanded_url":"https://www.nintendo.co.jp/switch/aab6a/index.html","display_url":"nintendo.co.jp/switch/aab6a/i…","indices":[0,23]}]},"description":{"urls":[]}},"protected":false,"followers_count":663380,"friends_count":1,"listed_count":6466,"created_at":"Mon Nov 03 01:36:06 +0000 2014","favourites_count":0,"utc_offset":32400,"time_zone":"Tokyo","geo_enabled":false,"verified":true,"statuses_count":1473,"lang":"ja","contributors_enabled":false,"is_translator":false,"is_translation_enabled":false,"profile_background_color":"000000","profile_background_image_url":"http://pbs.twimg.com/profile_background_images/530105343452274688/WJl6dNx5.jpeg","profile_background_image_url_https":"https://pbs.twimg.com/profile_background_images/530105343452274688/WJl6dNx5.jpeg","profile_background_tile":false,"profile_image_url":"http://pbs.twimg.com/profile_images/819765217957552132/1WftJJM1_normal.jpg","profile_image_url_https":"https://pbs.twimg.com/profile_images/819765217957552132/1WftJJM1_normal.jpg","profile_banner_url":"https://pbs.twimg.com/profile_banners/2888006497/1484282224","profile_link_color":"000000","profile_sidebar_border_color":"000000","profile_sidebar_fill_color":"E3E2DE","profile_text_color":"634047","profile_use_background_image":true,"has_extended_profile":false,"default_profile":false,"default_profile_image":false,"following":false,"follow_request_sent":false,"notifications":false,"translator_type":"none"},"geo":null,"coordinates":null,"place":null,"contributors":null,"is_quote_status":false,"retweet_count":3193,"favorite_count":5854,"favorited":false,"retweeted":false,"possibly_sensitive":false,"lang":"ja"},{"created_at":"Wed Jul 19 01:05:07 +0000 2017","id":887478374859366400,"id_str":"887478374859366402","text":"＜二重国籍問題＞蓮舫が公開した書類が偽造？捏造？ではないかと台湾人女性が疑義　ネットで話題に https://t.co/pXkX2kWF1Q","truncated":false,"entities":{"hashtags":[],"symbols":[],"user_mentions":[],"urls":[{"url":"https://t.co/pXkX2kWF1Q","expanded_url":"https://anonymous-post.news/archives/816","display_url":"anonymous-post.news/archives/816","indices":[47,70]}]},"metadata":{"iso_language_code":"ja","result_type":"recent"},"source":"<a href=\"http://twitter.com\" rel=\"nofollow\">Twitter Web Client</a>","in_reply_to_status_id":null,"in_reply_to_status_id_str":null,"in_reply_to_user_id":null,"in_reply_to_user_id_str":null,"in_reply_to_screen_name":null,"user":{"id":3147651630,"id_str":"3147651630","name":"アノニマス ポスト","screen_name":"anonymous201504","location":"日本","description":"2つのサイトを運営しています \n\n保守系ニュースまとめ配信サイト\nアノニマスポスト ニュースとネットの反応\nhttps://t.co/4DFEEdYreY\nアノニマスポスト ニュースとコラム\nhttps://t.co/ytArfEfsv9","url":"https://t.co/4DFEEdYreY","entities":{"url":{"urls":[{"url":"https://t.co/4DFEEdYreY","expanded_url":"http://anonymous-post.com","display_url":"anonymous-post.com","indices":[0,23]}]},"description":{"urls":[{"url":"https://t.co/4DFEEdYreY","expanded_url":"http://anonymous-post.com","display_url":"anonymous-post.com","indices":[54,77]},{"url":"https://t.co/ytArfEfsv9","expanded_url":"http://anonymous-post.news","display_url":"anonymous-post.news","indices":[96,119]}]}},"protected":false,"followers_count":30016,"friends_count":30212,"listed_count":463,"created_at":"Fri Apr 10 09:07:46 +0000 2015","favourites_count":80534,"utc_offset":32400,"time_zone":"Tokyo","geo_enabled":false,"verified":false,"statuses_count":13523,"lang":"ja","contributors_enabled":false,"is_translator":false,"is_translation_enabled":false,"profile_background_color":"000000","profile_background_image_url":"http://abs.twimg.com/images/themes/theme1/bg.png","profile_background_image_url_https":"https://abs.twimg.com/images/themes/theme1/bg.png","profile_background_tile":false,"profile_image_url":"http://pbs.twimg.com/profile_images/713181990690775040/BWrea93U_normal.jpg","profile_image_url_https":"https://pbs.twimg.com/profile_images/713181990690775040/BWrea93U_normal.jpg","profile_banner_url":"https://pbs.twimg.com/profile_banners/3147651630/1459170419","profile_link_color":"3B94D9","profile_sidebar_border_color":"000000","profile_sidebar_fill_color":"000000","profile_text_color":"000000","profile_use_background_image":false,"has_extended_profile":false,"default_profile":false,"default_profile_image":false,"following":false,"follow_request_sent":false,"notifications":false,"translator_type":"none"},"geo":null,"coordinates":null,"place":null,"contributors":null,"is_quote_status":false,"retweet_count":767,"favorite_count":464,"favorited":false,"retweeted":false,"possibly_sensitive":false,"lang":"ja"},{"created_at":"Wed Jul 19 01:00:13 +0000 2017","id":887477141557755900,"id_str":"887477141557755904","text":"【グッズ情報】公演グッズと1部商品のイメージ画像を公開致しました。また事前物販予約についても詳細を公開致しました。https://t.co/vR1A1kd6QO #あんステ","truncated":false,"entities":{"hashtags":[{"text":"あんステ","indices":[81,86]}],"symbols":[],"user_mentions":[],"urls":[{"url":"https://t.co/vR1A1kd6QO","expanded_url":"https://www.marv.jp/special/ensemble_stage/index.html","display_url":"marv.jp/special/ensemb…","indices":[57,80]}]},"metadata":{"iso_language_code":"ja","result_type":"recent"},"source":"<a href=\"http://twitter.com/download/iphone\" rel=\"nofollow\">Twitter for iPhone</a>","in_reply_to_status_id":null,"in_reply_to_status_id_str":null,"in_reply_to_user_id":null,"in_reply_to_user_id_str":null,"in_reply_to_screen_name":null,"user":{"id":713225083829878800,"id_str":"713225083829878784","name":"『あんさんぶるスターズ！オン・ステージ』","screen_name":"ensemble_stage","location":"","description":"「あんさんぶるスターズ!」舞台化作品 『あんさんぶるスターズ！オン・ステージ』公式アカウントです。2017年9月最新作上演決定！ ※当アカウントへのお問い合わせにはお答えできません。#あんステ","url":"https://t.co/QuoGTcHopb","entities":{"url":{"urls":[{"url":"https://t.co/QuoGTcHopb","expanded_url":"http://www.marv.jp/special/ensemble_stage/","display_url":"marv.jp/special/ensemb…","indices":[0,23]}]},"description":{"urls":[]}},"protected":false,"followers_count":81660,"friends_count":71,"listed_count":1565,"created_at":"Fri Mar 25 04:44:45 +0000 2016","favourites_count":1,"utc_offset":32400,"time_zone":"Tokyo","geo_enabled":false,"verified":true,"statuses_count":787,"lang":"ja","contributors_enabled":false,"is_translator":false,"is_translation_enabled":false,"profile_background_color":"000000","profile_background_image_url":"http://abs.twimg.com/images/themes/theme1/bg.png","profile_background_image_url_https":"https://abs.twimg.com/images/themes/theme1/bg.png","profile_background_tile":false,"profile_image_url":"http://pbs.twimg.com/profile_images/875562408315465730/fG-gOfY5_normal.jpg","profile_image_url_https":"https://pbs.twimg.com/profile_images/875562408315465730/fG-gOfY5_normal.jpg","profile_banner_url":"https://pbs.twimg.com/profile_banners/713225083829878784/1496631655","profile_link_color":"91D2FA","profile_sidebar_border_color":"000000","profile_sidebar_fill_color":"000000","profile_text_color":"000000","profile_use_background_image":false,"has_extended_profile":false,"default_profile":false,"default_profile_image":false,"following":false,"follow_request_sent":false,"notifications":false,"translator_type":"none"},"geo":null,"coordinates":null,"place":null,"contributors":null,"is_quote_status":false,"retweet_count":1496,"favorite_count":1295,"favorited":false,"retweeted":false,"possibly_sensitive":false,"lang":"ja"},{"created_at":"Wed Jul 19 00:56:59 +0000 2017","id":887476328496115700,"id_str":"887476328496115712","text":"&gt; 茜がPに全力タックルするところが見たいです https://t.co/bFSDZ3uEbs #odaibako https://t.co/X1E8c9wNDP","truncated":false,"entities":{"hashtags":[{"text":"odaibako","indices":[51,60]}],"symbols":[],"user_mentions":[],"urls":[{"url":"https://t.co/bFSDZ3uEbs","expanded_url":"https://odaibako.net/detail/request/5903a51d24dc48cf85d81507e6201649","display_url":"odaibako.net/detail/request…","indices":[27,50]}],"media":[{"id":887476311375007700,"id_str":"887476311375007746","indices":[61,84],"media_url":"http://pbs.twimg.com/media/DFDzAM4U0AIc7Qa.jpg","media_url_https":"https://pbs.twimg.com/media/DFDzAM4U0AIc7Qa.jpg","url":"https://t.co/X1E8c9wNDP","display_url":"pic.twitter.com/X1E8c9wNDP","expanded_url":"https://twitter.com/000apple/status/887476328496115712/photo/1","type":"photo","sizes":{"small":{"w":456,"h":680,"resize":"fit"},"medium":{"w":805,"h":1200,"resize":"fit"},"large":{"w":999,"h":1490,"resize":"fit"},"thumb":{"w":150,"h":150,"resize":"crop"}}}]},"extended_entities":{"media":[{"id":887476311375007700,"id_str":"887476311375007746","indices":[61,84],"media_url":"http://pbs.twimg.com/media/DFDzAM4U0AIc7Qa.jpg","media_url_https":"https://pbs.twimg.com/media/DFDzAM4U0AIc7Qa.jpg","url":"https://t.co/X1E8c9wNDP","display_url":"pic.twitter.com/X1E8c9wNDP","expanded_url":"https://twitter.com/000apple/status/887476328496115712/photo/1","type":"photo","sizes":{"small":{"w":456,"h":680,"resize":"fit"},"medium":{"w":805,"h":1200,"resize":"fit"},"large":{"w":999,"h":1490,"resize":"fit"},"thumb":{"w":150,"h":150,"resize":"crop"}}}]},"metadata":{"iso_language_code":"ja","result_type":"recent"},"source":"<a href=\"http://twitter.com\" rel=\"nofollow\">Twitter Web Client</a>","in_reply_to_status_id":null,"in_reply_to_status_id_str":null,"in_reply_to_user_id":null,"in_reply_to_user_id_str":null,"in_reply_to_screen_name":null,"user":{"id":145573608,"id_str":"145573608","name":"りんごくらぶ","screen_name":"000apple","location":"ノリと勢いとパスタの国","description":"絵を描いていたいラノベを読んでいたい美味しいものを食べていたい。名前はころころ変わるけど正式名称はりんごくらぶ。※人見知りなのでリプには滅多に返事しませんが、毎回大切に読ませていただいています。 漫画・絵等々お仕事募集中。連絡先→poisonapple000@gmail.com","url":"https://t.co/vHShGALrNM","entities":{"url":{"urls":[{"url":"https://t.co/vHShGALrNM","expanded_url":"http://poisonapple000.wix.com/ringo-club-site","display_url":"poisonapple000.wix.com/ringo-club-site","indices":[0,23]}]},"description":{"urls":[]}},"protected":false,"followers_count":17424,"friends_count":259,"listed_count":373,"created_at":"Wed May 19 09:02:52 +0000 2010","favourites_count":6387,"utc_offset":32400,"time_zone":"Tokyo","geo_enabled":false,"verified":false,"statuses_count":17938,"lang":"ja","contributors_enabled":false,"is_translator":false,"is_translation_enabled":false,"profile_background_color":"DEB887","profile_background_image_url":"http://pbs.twimg.com/profile_background_images/616180796181778432/2UojWsME.jpg","profile_background_image_url_https":"https://pbs.twimg.com/profile_background_images/616180796181778432/2UojWsME.jpg","profile_background_tile":false,"profile_image_url":"http://pbs.twimg.com/profile_images/875629382953345024/bn-k9L6U_normal.jpg","profile_image_url_https":"https://pbs.twimg.com/profile_images/875629382953345024/bn-k9L6U_normal.jpg","profile_banner_url":"https://pbs.twimg.com/profile_banners/145573608/1496029605","profile_link_color":"E81C4F","profile_sidebar_border_color":"FFFFFF","profile_sidebar_fill_color":"C0DFEC","profile_text_color":"333333","profile_use_background_image":true,"has_extended_profile":false,"default_profile":false,"default_profile_image":false,"following":false,"follow_request_sent":false,"notifications":false,"translator_type":"none"},"geo":null,"coordinates":null,"place":null,"contributors":null,"is_quote_status":false,"retweet_count":651,"favorite_count":1144,"favorited":false,"retweeted":false,"possibly_sensitive":false,"lang":"ja"},{"created_at":"Wed Jul 19 00:50:39 +0000 2017","id":887474732278218800,"id_str":"887474732278218752","text":"何より問題なのは、曖昧な発言ではぐらかしてきた自身の国籍について、追求した行為を差別呼ばわりしたことです。これは明らかな論点ずらしであり、政治家としての資質を問われて当然なんです。","truncated":false,"entities":{"hashtags":[],"symbols":[],"user_mentions":[],"urls":[]},"metadata":{"iso_language_code":"ja","result_type":"recent"},"source":"<a href=\"http://twitter.com/download/iphone\" rel=\"nofollow\">Twitter for iPhone</a>","in_reply_to_status_id":null,"in_reply_to_status_id_str":null,"in_reply_to_user_id":null,"in_reply_to_user_id_str":null,"in_reply_to_screen_name":null,"user":{"id":32394429,"id_str":"32394429","name":"フィフィ","screen_name":"FIFI_Egypt","location":"","description":"サンミュージック所属 著書：おかしいことを「おかしい」と言えない日本という社会へ（祥伝社）","url":"https://t.co/orNqv4QPAs","entities":{"url":{"urls":[{"url":"https://t.co/orNqv4QPAs","expanded_url":"http://ameblo.jp/fifi2121/","display_url":"ameblo.jp/fifi2121/","indices":[0,23]}]},"description":{"urls":[]}},"protected":false,"followers_count":258793,"friends_count":2,"listed_count":5367,"created_at":"Fri Apr 17 13:01:16 +0000 2009","favourites_count":2463,"utc_offset":32400,"time_zone":"Tokyo","geo_enabled":true,"verified":true,"statuses_count":28327,"lang":"ja","contributors_enabled":false,"is_translator":false,"is_translation_enabled":true,"profile_background_color":"C0DEED","profile_background_image_url":"http://abs.twimg.com/images/themes/theme1/bg.png","profile_background_image_url_https":"https://abs.twimg.com/images/themes/theme1/bg.png","profile_background_tile":false,"profile_image_url":"http://pbs.twimg.com/profile_images/502144047893327873/GQlMehiJ_normal.jpeg","profile_image_url_https":"https://pbs.twimg.com/profile_images/502144047893327873/GQlMehiJ_normal.jpeg","profile_banner_url":"https://pbs.twimg.com/profile_banners/32394429/1358948630","profile_link_color":"1DA1F2","profile_sidebar_border_color":"C0DEED","profile_sidebar_fill_color":"DDEEF6","profile_text_color":"333333","profile_use_background_image":true,"has_extended_profile":true,"default_profile":true,"default_profile_image":false,"following":false,"follow_request_sent":false,"notifications":false,"translator_type":"none"},"geo":null,"coordinates":null,"place":null,"contributors":null,"is_quote_status":false,"retweet_count":622,"favorite_count":729,"favorited":false,"retweeted":false,"lang":"ja"},{"created_at":"Wed Jul 19 00:31:28 +0000 2017","id":887469905213128700,"id_str":"887469905213128704","text":"銀魂大ヒット記念と、夏バテ予防キャンペーンフォトでーす！今年の夏は異常に暑いから、早めにうなぎでも食べてスタミナつけて下さいね！🤣そして、スタミナつけたら、是非是非、劇場で銀魂観て、たくさん笑って下さいね！😆っていうCM風写真😅菅… https://t.co/jiE9wCxHFv","truncated":true,"entities":{"hashtags":[],"symbols":[],"user_mentions":[],"urls":[{"url":"https://t.co/jiE9wCxHFv","expanded_url":"https://twitter.com/i/web/status/887469905213128704","display_url":"twitter.com/i/web/status/8…","indices":[117,140]}]},"metadata":{"iso_language_code":"ja","result_type":"recent"},"source":"<a href=\"http://twitter.com/download/iphone\" rel=\"nofollow\">Twitter for iPhone</a>","in_reply_to_status_id":null,"in_reply_to_status_id_str":null,"in_reply_to_user_id":null,"in_reply_to_user_id_str":null,"in_reply_to_screen_name":null,"user":{"id":1703325756,"id_str":"1703325756","name":"福田 雄一","screen_name":"fukuda_u1","location":"","description":"","url":null,"entities":{"description":{"urls":[]}},"protected":false,"followers_count":156409,"friends_count":64,"listed_count":1146,"created_at":"Tue Aug 27 00:58:29 +0000 2013","favourites_count":75,"utc_offset":32400,"time_zone":"Tokyo","geo_enabled":true,"verified":false,"statuses_count":4706,"lang":"ja","contributors_enabled":false,"is_translator":false,"is_translation_enabled":false,"profile_background_color":"C0DEED","profile_background_image_url":"http://abs.twimg.com/images/themes/theme1/bg.png","profile_background_image_url_https":"https://abs.twimg.com/images/themes/theme1/bg.png","profile_background_tile":false,"profile_image_url":"http://pbs.twimg.com/profile_images/885861645741826048/kvmSU6a1_normal.jpg","profile_image_url_https":"https://pbs.twimg.com/profile_images/885861645741826048/kvmSU6a1_normal.jpg","profile_banner_url":"https://pbs.twimg.com/profile_banners/1703325756/1493101457","profile_link_color":"1DA1F2","profile_sidebar_border_color":"C0DEED","profile_sidebar_fill_color":"DDEEF6","profile_text_color":"333333","profile_use_background_image":true,"has_extended_profile":false,"default_profile":true,"default_profile_image":false,"following":false,"follow_request_sent":false,"notifications":false,"translator_type":"none"},"geo":null,"coordinates":null,"place":null,"contributors":null,"is_quote_status":false,"retweet_count":890,"favorite_count":2958,"favorited":false,"retweeted":false,"possibly_sensitive":false,"lang":"ja"},{"created_at":"Wed Jul 19 00:21:15 +0000 2017","id":887467335019135000,"id_str":"887467335019134976","text":"朝だから少なめにしよーと思ってたら『竹達さん朝から結構食べられるんですね！』とスタッフさんに言われました。笑\n今日も元気です！！","truncated":false,"entities":{"hashtags":[],"symbols":[],"user_mentions":[],"urls":[]},"metadata":{"iso_language_code":"ja","result_type":"recent"},"source":"<a href=\"http://twitter.com/download/iphone\" rel=\"nofollow\">Twitter for iPhone</a>","in_reply_to_status_id":null,"in_reply_to_status_id_str":null,"in_reply_to_user_id":null,"in_reply_to_user_id_str":null,"in_reply_to_screen_name":null,"user":{"id":420077970,"id_str":"420077970","name":"竹達 彩奈","screen_name":"Ayana_take","location":"おなかいっぱい☺","description":"声優をしています。","url":"https://t.co/eq4TGE7ov1","entities":{"url":{"urls":[{"url":"https://t.co/eq4TGE7ov1","expanded_url":"http://ayanataketatsu.jp/","display_url":"ayanataketatsu.jp","indices":[0,23]}]},"description":{"urls":[]}},"protected":false,"followers_count":771102,"friends_count":315,"listed_count":14229,"created_at":"Thu Nov 24 04:55:50 +0000 2011","favourites_count":324,"utc_offset":-36000,"time_zone":"Hawaii","geo_enabled":false,"verified":true,"statuses_count":8634,"lang":"ja","contributors_enabled":false,"is_translator":false,"is_translation_enabled":true,"profile_background_color":"C0DEED","profile_background_image_url":"http://abs.twimg.com/images/themes/theme1/bg.png","profile_background_image_url_https":"https://abs.twimg.com/images/themes/theme1/bg.png","profile_background_tile":false,"profile_image_url":"http://pbs.twimg.com/profile_images/883709821509279744/FELB3yOF_normal.jpg","profile_image_url_https":"https://pbs.twimg.com/profile_images/883709821509279744/FELB3yOF_normal.jpg","profile_link_color":"1DA1F2","profile_sidebar_border_color":"C0DEED","profile_sidebar_fill_color":"DDEEF6","profile_text_color":"333333","profile_use_background_image":true,"has_extended_profile":true,"default_profile":true,"default_profile_image":false,"following":false,"follow_request_sent":false,"notifications":false,"translator_type":"none"},"geo":null,"coordinates":null,"place":null,"contributors":null,"is_quote_status":false,"retweet_count":903,"favorite_count":2393,"favorited":false,"retweeted":false,"lang":"ja"},{"created_at":"Wed Jul 19 00:04:06 +0000 2017","id":887463019705319400,"id_str":"887463019705319424","text":"サンスターOra2 新TVCM「Ora2と出かけましょう」篇が、7/22(土)より全国でオンエア開始！CM楽曲には、8/30(水)にシングルリリースする新曲「If you wanna」が抜擢！CMはこちらからご覧頂けます。#prfm\nhttps://t.co/qWD9ibo80Y","truncated":false,"entities":{"hashtags":[{"text":"prfm","indices":[111,116]}],"symbols":[],"user_mentions":[],"urls":[{"url":"https://t.co/qWD9ibo80Y","expanded_url":"http://www.ora2-perfume.com/","display_url":"ora2-perfume.com","indices":[117,140]}]},"metadata":{"iso_language_code":"ja","result_type":"recent"},"source":"<a href=\"http://twitter.com\" rel=\"nofollow\">Twitter Web Client</a>","in_reply_to_status_id":null,"in_reply_to_status_id_str":null,"in_reply_to_user_id":null,"in_reply_to_user_id_str":null,"in_reply_to_screen_name":null,"user":{"id":497659124,"id_str":"497659124","name":"Perfume_Staff","screen_name":"Perfume_Staff","location":"","description":"Perfume Official Staff Twitter","url":"http://t.co/oKWN1eRakO","entities":{"url":{"urls":[{"url":"http://t.co/oKWN1eRakO","expanded_url":"http://www.perfume-web.jp/","display_url":"perfume-web.jp","indices":[0,22]}]},"description":{"urls":[]}},"protected":false,"followers_count":216439,"friends_count":0,"listed_count":3302,"created_at":"Mon Feb 20 07:00:32 +0000 2012","favourites_count":0,"utc_offset":32400,"time_zone":"Tokyo","geo_enabled":false,"verified":false,"statuses_count":2300,"lang":"ja","contributors_enabled":false,"is_translator":false,"is_translation_enabled":false,"profile_background_color":"FFFFFF","profile_background_image_url":"http://pbs.twimg.com/profile_background_images/436675535/twitter_BG.jpg","profile_background_image_url_https":"https://pbs.twimg.com/profile_background_images/436675535/twitter_BG.jpg","profile_background_tile":true,"profile_image_url":"http://pbs.twimg.com/profile_images/2753888887/12ad0a0676e8a381fa0c53f8ffd2179c_normal.jpeg","profile_image_url_https":"https://pbs.twimg.com/profile_images/2753888887/12ad0a0676e8a381fa0c53f8ffd2179c_normal.jpeg","profile_link_color":"ED1DED","profile_sidebar_border_color":"C0DEED","profile_sidebar_fill_color":"DDEEF6","profile_text_color":"333333","profile_use_background_image":true,"has_extended_profile":false,"default_profile":false,"default_profile_image":false,"following":false,"follow_request_sent":false,"notifications":false,"translator_type":"none"},"geo":null,"coordinates":null,"place":null,"contributors":null,"is_quote_status":false,"retweet_count":606,"favorite_count":1342,"favorited":false,"retweeted":false,"possibly_sensitive":false,"lang":"ja"},{"created_at":"Tue Jul 18 23:58:46 +0000 2017","id":887461677976870900,"id_str":"887461677976870913","text":"マナーの悪い人をスマホで撮影して「こいつ、ヤバくね？」とSNSで袋叩きにしてる人をたまに見掛けますが、マナーの悪い人なんかよりも、赤の他人を勝手に撮影して無許可でSNSにアップすることに抵抗がないどころか、それを正義と疑わない人の方がよっぽどヤバいと思ってしまう。","truncated":false,"entities":{"hashtags":[],"symbols":[],"user_mentions":[],"urls":[]},"metadata":{"iso_language_code":"ja","result_type":"recent"},"source":"<a href=\"http://twitter.com\" rel=\"nofollow\">Twitter Web Client</a>","in_reply_to_status_id":null,"in_reply_to_status_id_str":null,"in_reply_to_user_id":null,"in_reply_to_user_id_str":null,"in_reply_to_screen_name":null,"user":{"id":956919996,"id_str":"956919996","name":"深爪@重版御礼「深爪式」絶賛発売中","screen_name":"fukazume_taro","location":"","description":"著書「深爪式　声に出して読めない53の話」（KADOKAWA、紙・電子版あり）／ 「深爪な愛とセックスのはなし」「深爪な家族と人生のはなし」（KADOKAWA、電子版のみ）／ 女性セブン（小学館）にて隔週コラム「立て板に泥水」連載中／note不定期更新（https://t.co/RlpFcpAqZh）","url":"https://t.co/skelu9TQOF","entities":{"url":{"urls":[{"url":"https://t.co/skelu9TQOF","expanded_url":"https://synapse.am/contents/monthly/fukazume_taro","display_url":"synapse.am/contents/month…","indices":[0,23]}]},"description":{"urls":[{"url":"https://t.co/RlpFcpAqZh","expanded_url":"https://note.mu/fukazume_taro","display_url":"note.mu/fukazume_taro","indices":[127,150]}]}},"protected":false,"followers_count":134909,"friends_count":473,"listed_count":2727,"created_at":"Mon Nov 19 07:23:29 +0000 2012","favourites_count":24702,"utc_offset":28800,"time_zone":"Irkutsk","geo_enabled":false,"verified":false,"statuses_count":12760,"lang":"ja","contributors_enabled":false,"is_translator":false,"is_translation_enabled":true,"profile_background_color":"B2DFDA","profile_background_image_url":"http://abs.twimg.com/images/themes/theme13/bg.gif","profile_background_image_url_https":"https://abs.twimg.com/images/themes/theme13/bg.gif","profile_background_tile":false,"profile_image_url":"http://pbs.twimg.com/profile_images/2868410421/6adbb9a7ec906a9c18353a4ca82a26bc_normal.jpeg","profile_image_url_https":"https://pbs.twimg.com/profile_images/2868410421/6adbb9a7ec906a9c18353a4ca82a26bc_normal.jpeg","profile_banner_url":"https://pbs.twimg.com/profile_banners/956919996/1431149361","profile_link_color":"93A644","profile_sidebar_border_color":"EEEEEE","profile_sidebar_fill_color":"FFFFFF","profile_text_color":"333333","profile_use_background_image":true,"has_extended_profile":false,"default_profile":false,"default_profile_image":false,"following":false,"follow_request_sent":false,"notifications":false,"translator_type":"none"},"geo":null,"coordinates":null,"place":null,"contributors":null,"is_quote_status":false,"retweet_count":1578,"favorite_count":2241,"favorited":false,"retweeted":false,"lang":"ja"},{"created_at":"Tue Jul 18 23:54:39 +0000 2017","id":887460641027444700,"id_str":"887460641027444736","text":"Twitterでよく思うこと。 https://t.co/hFzac8843v","truncated":false,"entities":{"hashtags":[],"symbols":[],"user_mentions":[],"urls":[],"media":[{"id":887460355261177900,"id_str":"887460355261177856","indices":[16,39],"media_url":"http://pbs.twimg.com/media/DFDkfbuVoAAvha6.jpg","media_url_https":"https://pbs.twimg.com/media/DFDkfbuVoAAvha6.jpg","url":"https://t.co/hFzac8843v","display_url":"pic.twitter.com/hFzac8843v","expanded_url":"https://twitter.com/sinrinet/status/887460641027444736/photo/1","type":"photo","sizes":{"medium":{"w":450,"h":630,"resize":"fit"},"large":{"w":450,"h":630,"resize":"fit"},"small":{"w":450,"h":630,"resize":"fit"},"thumb":{"w":150,"h":150,"resize":"crop"}}}]},"extended_entities":{"media":[{"id":887460355261177900,"id_str":"887460355261177856","indices":[16,39],"media_url":"http://pbs.twimg.com/media/DFDkfbuVoAAvha6.jpg","media_url_https":"https://pbs.twimg.com/media/DFDkfbuVoAAvha6.jpg","url":"https://t.co/hFzac8843v","display_url":"pic.twitter.com/hFzac8843v","expanded_url":"https://twitter.com/sinrinet/status/887460641027444736/photo/1","type":"photo","sizes":{"medium":{"w":450,"h":630,"resize":"fit"},"large":{"w":450,"h":630,"resize":"fit"},"small":{"w":450,"h":630,"resize":"fit"},"thumb":{"w":150,"h":150,"resize":"crop"}}}]},"metadata":{"iso_language_code":"ja","result_type":"recent"},"source":"<a href=\"http://twitter.com\" rel=\"nofollow\">Twitter Web Client</a>","in_reply_to_status_id":null,"in_reply_to_status_id_str":null,"in_reply_to_user_id":null,"in_reply_to_user_id_str":null,"in_reply_to_screen_name":null,"user":{"id":75540290,"id_str":"75540290","name":"ゆうきゆう❤️マンガで分かる心療内科❤️","screen_name":"sinrinet","location":"↓から取材・監修・お仕事などお気軽に！","description":"精神科医ゆうきゆうの学習ギャグマンガ！アドラー心理学・アランの幸福論・カウンセリング・糖質制限・ダイエット・脱毛・依存症・ＡＤＨＤなど！フォローはお気軽に！◆ゆうメンタルクリニック https://t.co/1UEl0raplC ゆうスキンクリニック https://t.co/tS998bl6CR","url":"https://t.co/oHdSuRGNns","entities":{"url":{"urls":[{"url":"https://t.co/oHdSuRGNns","expanded_url":"http://sinri.net/about","display_url":"sinri.net/about","indices":[0,23]}]},"description":{"urls":[{"url":"https://t.co/1UEl0raplC","expanded_url":"http://yakb.net","display_url":"yakb.net","indices":[91,114]},{"url":"https://t.co/tS998bl6CR","expanded_url":"http://yubt.net","display_url":"yubt.net","indices":[126,149]}]}},"protected":false,"followers_count":427852,"friends_count":243,"listed_count":4964,"created_at":"Sat Sep 19 12:38:47 +0000 2009","favourites_count":2183,"utc_offset":32400,"time_zone":"Tokyo","geo_enabled":false,"verified":false,"statuses_count":17362,"lang":"ja","contributors_enabled":false,"is_translator":false,"is_translation_enabled":false,"profile_background_color":"89C9FA","profile_background_image_url":"http://pbs.twimg.com/profile_background_images/585237900624728065/yVGKCWbs.jpg","profile_background_image_url_https":"https://pbs.twimg.com/profile_background_images/585237900624728065/yVGKCWbs.jpg","profile_background_tile":true,"profile_image_url":"http://pbs.twimg.com/profile_images/667958088033415169/N_RMT6rd_normal.jpg","profile_image_url_https":"https://pbs.twimg.com/profile_images/667958088033415169/N_RMT6rd_normal.jpg","profile_banner_url":"https://pbs.twimg.com/profile_banners/75540290/1432692422","profile_link_color":"E81C4F","profile_sidebar_border_color":"FFFFFF","profile_sidebar_fill_color":"FFB8FD","profile_text_color":"333333","profile_use_background_image":true,"has_extended_profile":true,"default_profile":false,"default_profile_image":false,"following":false,"follow_request_sent":false,"notifications":false,"translator_type":"none"},"geo":null,"coordinates":null,"place":null,"contributors":null,"is_quote_status":false,"retweet_count":735,"favorite_count":929,"favorited":false,"retweeted":false,"possibly_sensitive":false,"lang":"ja"},{"created_at":"Tue Jul 18 23:47:18 +0000 2017","id":887458791884677100,"id_str":"887458791884677120","text":"ヤリヤガッタナ！ https://t.co/jwMFRhliQ3","truncated":false,"entities":{"hashtags":[],"symbols":[],"user_mentions":[],"urls":[],"media":[{"id":887458783282085900,"id_str":"887458783282085888","indices":[9,32],"media_url":"http://pbs.twimg.com/media/DFDjD7pUQAAyFel.jpg","media_url_https":"https://pbs.twimg.com/media/DFDjD7pUQAAyFel.jpg","url":"https://t.co/jwMFRhliQ3","display_url":"pic.twitter.com/jwMFRhliQ3","expanded_url":"https://twitter.com/mwamjapan/status/887458791884677120/photo/1","type":"photo","sizes":{"medium":{"w":1020,"h":1024,"resize":"fit"},"thumb":{"w":150,"h":150,"resize":"crop"},"small":{"w":677,"h":680,"resize":"fit"},"large":{"w":1020,"h":1024,"resize":"fit"}}}]},"extended_entities":{"media":[{"id":887458783282085900,"id_str":"887458783282085888","indices":[9,32],"media_url":"http://pbs.twimg.com/media/DFDjD7pUQAAyFel.jpg","media_url_https":"https://pbs.twimg.com/media/DFDjD7pUQAAyFel.jpg","url":"https://t.co/jwMFRhliQ3","display_url":"pic.twitter.com/jwMFRhliQ3","expanded_url":"https://twitter.com/mwamjapan/status/887458791884677120/photo/1","type":"photo","sizes":{"medium":{"w":1020,"h":1024,"resize":"fit"},"thumb":{"w":150,"h":150,"resize":"crop"},"small":{"w":677,"h":680,"resize":"fit"},"large":{"w":1020,"h":1024,"resize":"fit"}}},{"id":887458783131193300,"id_str":"887458783131193344","indices":[9,32],"media_url":"http://pbs.twimg.com/media/DFDjD7FV0AABazt.jpg","media_url_https":"https://pbs.twimg.com/media/DFDjD7FV0AABazt.jpg","url":"https://t.co/jwMFRhliQ3","display_url":"pic.twitter.com/jwMFRhliQ3","expanded_url":"https://twitter.com/mwamjapan/status/887458791884677120/photo/1","type":"photo","sizes":{"medium":{"w":255,"h":278,"resize":"fit"},"small":{"w":255,"h":278,"resize":"fit"},"thumb":{"w":150,"h":150,"resize":"crop"},"large":{"w":255,"h":278,"resize":"fit"}}}]},"metadata":{"iso_language_code":"ja","result_type":"recent"},"source":"<a href=\"http://twitter.com/download/iphone\" rel=\"nofollow\">Twitter for iPhone</a>","in_reply_to_status_id":null,"in_reply_to_status_id_str":null,"in_reply_to_user_id":null,"in_reply_to_user_id_str":null,"in_reply_to_screen_name":null,"user":{"id":114729607,"id_str":"114729607","name":"MAN WITH A MISSION","screen_name":"mwamjapan","location":"MWAM総本山  ","description":"MAN WITH A MISSION。通称MWAM。彼らは天才科学者ジミーヘンドリックスがこの世に残した、究極の生命体。『使命を持った男』があなたの街に、あのライブハウスに、あの国に。世界中に出没して、次なる『使命』を全うしにやってくる・・・","url":"http://t.co/LZbt6h1foD","entities":{"url":{"urls":[{"url":"http://t.co/LZbt6h1foD","expanded_url":"http://www.mwamjapan.info/","display_url":"mwamjapan.info","indices":[0,22]}]},"description":{"urls":[]}},"protected":false,"followers_count":879420,"friends_count":16621,"listed_count":7091,"created_at":"Tue Feb 16 12:24:52 +0000 2010","favourites_count":279,"utc_offset":32400,"time_zone":"Tokyo","geo_enabled":true,"verified":true,"statuses_count":45263,"lang":"ja","contributors_enabled":false,"is_translator":false,"is_translation_enabled":true,"profile_background_color":"1A1B1F","profile_background_image_url":"http://pbs.twimg.com/profile_background_images/80673257/MWAM__twitter.JPG","profile_background_image_url_https":"https://pbs.twimg.com/profile_background_images/80673257/MWAM__twitter.JPG","profile_background_tile":true,"profile_image_url":"http://pbs.twimg.com/profile_images/3457556521/3021070150be343a23fb1dd353ca5fcb_normal.jpeg","profile_image_url_https":"https://pbs.twimg.com/profile_images/3457556521/3021070150be343a23fb1dd353ca5fcb_normal.jpeg","profile_banner_url":"https://pbs.twimg.com/profile_banners/114729607/1352175323","profile_link_color":"2FC2EF","profile_sidebar_border_color":"181A1E","profile_sidebar_fill_color":"252429","profile_text_color":"666666","profile_use_background_image":true,"has_extended_profile":false,"default_profile":false,"default_profile_image":false,"following":false,"follow_request_sent":false,"notifications":false,"translator_type":"none"},"geo":null,"coordinates":null,"place":null,"contributors":null,"is_quote_status":false,"retweet_count":5225,"favorite_count":14366,"favorited":false,"retweeted":false,"possibly_sensitive":false,"lang":"ja"},{"created_at":"Tue Jul 18 23:37:19 +0000 2017","id":887456279769296900,"id_str":"887456279769296896","text":"おはようございます。みなさんの１日が幸せでありますように。そして、みなさんが朝起きた時、エビにジャストフィットしてませんように。 https://t.co/G7wWuussrW","truncated":false,"entities":{"hashtags":[],"symbols":[],"user_mentions":[],"urls":[],"media":[{"id":887456270420066300,"id_str":"887456270420066305","indices":[65,88],"media_url":"http://pbs.twimg.com/media/DFDgxqgUwAEknJK.jpg","media_url_https":"https://pbs.twimg.com/media/DFDgxqgUwAEknJK.jpg","url":"https://t.co/G7wWuussrW","display_url":"pic.twitter.com/G7wWuussrW","expanded_url":"https://twitter.com/gakuishida/status/887456279769296896/photo/1","type":"photo","sizes":{"small":{"w":383,"h":680,"resize":"fit"},"medium":{"w":675,"h":1200,"resize":"fit"},"thumb":{"w":150,"h":150,"resize":"crop"},"large":{"w":1080,"h":1920,"resize":"fit"}}}]},"extended_entities":{"media":[{"id":887456270420066300,"id_str":"887456270420066305","indices":[65,88],"media_url":"http://pbs.twimg.com/media/DFDgxqgUwAEknJK.jpg","media_url_https":"https://pbs.twimg.com/media/DFDgxqgUwAEknJK.jpg","url":"https://t.co/G7wWuussrW","display_url":"pic.twitter.com/G7wWuussrW","expanded_url":"https://twitter.com/gakuishida/status/887456279769296896/photo/1","type":"photo","sizes":{"small":{"w":383,"h":680,"resize":"fit"},"medium":{"w":675,"h":1200,"resize":"fit"},"thumb":{"w":150,"h":150,"resize":"crop"},"large":{"w":1080,"h":1920,"resize":"fit"}}}]},"metadata":{"iso_language_code":"ja","result_type":"recent"},"source":"<a href=\"http://twitter.com/download/android\" rel=\"nofollow\">Twitter for Android</a>","in_reply_to_status_id":null,"in_reply_to_status_id_str":null,"in_reply_to_user_id":null,"in_reply_to_user_id_str":null,"in_reply_to_screen_name":null,"user":{"id":327434362,"id_str":"327434362","name":"NON STYLE　石田 明","screen_name":"gakuishida","location":"","description":"ノンスタ石田です。白い方です。ネタ書いてる方です。骨よく折れる方です。嫌われてない方です。よろしくです。漫才・脚本・演出・作家・おもちゃ開発など。ラインスタンプhttps://t.co/0yDEGjZ4k9…","url":"https://t.co/0qPD0KzymP","entities":{"url":{"urls":[{"url":"https://t.co/0qPD0KzymP","expanded_url":"http://m.blogs.yahoo.co.jp/nonstyleshiro_blog","display_url":"m.blogs.yahoo.co.jp/nonstyleshiro_…","indices":[0,23]}]},"description":{"urls":[{"url":"https://t.co/0yDEGjZ4k9","expanded_url":"http://store.line.me/stickershop/pr","display_url":"store.line.me/stickershop/pr","indices":[80,103]}]}},"protected":false,"followers_count":447293,"friends_count":428,"listed_count":1390,"created_at":"Fri Jul 01 15:21:08 +0000 2011","favourites_count":14,"utc_offset":-36000,"time_zone":"Hawaii","geo_enabled":true,"verified":true,"statuses_count":7807,"lang":"ja","contributors_enabled":false,"is_translator":false,"is_translation_enabled":false,"profile_background_color":"C0DEED","profile_background_image_url":"http://abs.twimg.com/images/themes/theme1/bg.png","profile_background_image_url_https":"https://abs.twimg.com/images/themes/theme1/bg.png","profile_background_tile":false,"profile_image_url":"http://pbs.twimg.com/profile_images/863206437790470144/DBwo-lRV_normal.jpg","profile_image_url_https":"https://pbs.twimg.com/profile_images/863206437790470144/DBwo-lRV_normal.jpg","profile_banner_url":"https://pbs.twimg.com/profile_banners/327434362/1358086200","profile_link_color":"1DA1F2","profile_sidebar_border_color":"C0DEED","profile_sidebar_fill_color":"DDEEF6","profile_text_color":"333333","profile_use_background_image":true,"has_extended_profile":true,"default_profile":true,"default_profile_image":false,"following":false,"follow_request_sent":false,"notifications":false,"translator_type":"none"},"geo":null,"coordinates":null,"place":null,"contributors":null,"is_quote_status":false,"retweet_count":1146,"favorite_count":7158,"favorited":false,"retweeted":false,"possibly_sensitive":false,"lang":"ja"}],"search_metadata":{"completed_in":0.2,"max_id":887485462016688100,"max_id_str":"887485462016688129","next_results":"?max_id=887456279769296895&q=lang%3Aja%20min_retweets%3A500&include_entities=1","query":"lang%3Aja+min_retweets%3A500","refresh_url":"?since_id=887485462016688129&q=lang%3Aja%20min_retweets%3A500&include_entities=1","count":15,"since_id":0,"since_id_str":"0"}}