{"statuses":[{"created_at":"Fri Jul 21 00:00:09 +0000 2017","id":888186801147437000,"id_str":"888186801147437056","text":"Nintendo Switchソフト『スプラトゥーン2』は本日発売。希望小売価格は5,980円＋税です。 https://t.co/IIzWISjrMr https://t.co/GzLTHScefC","truncated":false,"entities":{"hashtags":[],"symbols":[],"user_mentions":[],"urls":[{"url":"https://t.co/IIzWISjrMr","expanded_url":"https://www.nintendo.co.jp/switch/aab6a/index.html?utm_source=twitter&utm_medium=social&utm_content=20170721&utm_campaign=Switch_aab6a","display_url":"nintendo.co.jp/switch/aab6a/i…","indices":[53,76]}],"media":[{"id":888186797896769500,"id_str":"888186797896769536","indices":[77,100],"media_url":"http://pbs.twimg.com/media/DFN5L9bUIAA7pAg.jpg","media_url_https":"https://pbs.twimg.com/media/DFN5L9bUIAA7pAg.jpg","url":"https://t.co/GzLTHScefC","display_url":"pic.twitter.com/GzLTHScefC","expanded_url":"https://twitter.com/Nintendo/status/888186801147437056/photo/1","type":"photo","sizes":{"medium":{"w":620,"h":1004,"resize":"fit"},"thumb":{"w":150,"h":150,"resize":"crop"},"small":{"w":420,"h":680,"resize":"fit"},"large":{"w":620,"h":1004,"resize":"fit"}}}]},"extended_entities":{"media":[{"id":888186797896769500,"id_str":"888186797896769536","indices":[77,100],"media_url":"http://pbs.twimg.com/media/DFN5L9bUIAA7pAg.jpg","media_url_https":"https://pbs.twimg.com/media/DFN5L9bUIAA7pAg.jpg","url":"https://t.co/GzLTHScefC","display_url":"pic.twitter.com/GzLTHScefC","expanded_url":"https://twitter.com/Nintendo/status/888186801147437056/photo/1","type":"photo","sizes":{"medium":{"w":620,"h":1004,"resize":"fit"},"thumb":{"w":150,"h":150,"resize":"crop"},"small":{"w":420,"h":680,"resize":"fit"},"large":{"w":620,"h":1004,"resize":"fit"}}}]},"metadata":{"iso_language_code":"ja","result_type":"recent"},"source":"<a href=\"https://www.nintendo.co.jp/\" rel=\"nofollow\">任天堂</a>","in_reply_to_status_id":null,"in_reply_to_status_id_str":null,"in_reply_to_user_id":null,"in_reply_to_user_id_str":null,"in_reply_to_screen_name":null,"user":{"id":307902310,"id_str":"307902310","name":"任天堂株式会社","screen_name":"Nintendo","location":"京都市","description":"任天堂からのお知らせや、ホームページの更新情報をお伝えします。\r\nご質問・お問い合わせにはお答えしておりませんのでご容赦ください。","url":"https://t.co/S1hwx8jNqf","entities":{"url":{"urls":[{"url":"https://t.co/S1hwx8jNqf","expanded_url":"https://www.nintendo.co.jp/","display_url":"nintendo.co.jp","indices":[0,23]}]},"description":{"urls":[]}},"protected":false,"followers_count":810094,"friends_count":19,"listed_count":9889,"created_at":"Mon May 30 14:00:05 +0000 2011","favourites_count":0,"utc_offset":32400,"time_zone":"Tokyo","geo_enabled":false,"verified":true,"statuses_count":5893,"lang":"ja","contributors_enabled":false,"is_translator":false,"is_translation_enabled":false,"profile_background_color":"EFEFEF","profile_background_image_url":"http://abs.twimg.com/images/themes/theme1/bg.png","profile_background_image_url_https":"https://abs.twimg.com/images/themes/theme1/bg.png","profile_background_tile":false,"profile_image_url":"http://pbs.twimg.com/profile_images/823439425593954305/j0L7_KyW_normal.jpg","profile_image_url_https":"https://pbs.twimg.com/profile_images/823439425593954305/j0L7_KyW_normal.jpg","profile_banner_url":"https://pbs.twimg.com/profile_banners/307902310/1401174438","profile_link_color":"0084B4","profile_sidebar_border_color":"BEBEBE","profile_sidebar_fill_color":"EFEFEF","profile_text_color":"333333","profile_use_background_image":false,"has_extended_profile":false,"default_profile":false,"default_profile_image":false,"following":false,"follow_request_sent":false,"notifications":false,"translator_type":"none"},"geo":null,"coordinates":null,"place":null,"contributors":null,"is_quote_status":false,"retweet_count":1157,"favorite_count":1087,"favorited":false,"retweeted":false,"possibly_sensitive":false,"lang":"ja"},{"created_at":"Thu Jul 20 23:47:30 +0000 2017","id":888183617318408200,"id_str":"888183617318408192","text":"クリスコーネルに続きリンキンのチェスターまで…。\nマリオカートのスターロードのように、キラキラ輝いてる道ほど常に真っ暗な死が隣り合わせに存在している。 \n俺も落ちそうになる時、ハイロウズのこの歌を口ずさむ。\n「自殺するのが流行りな… https://t.co/79cCn3scMs","truncated":true,"entities":{"hashtags":[],"symbols":[],"user_mentions":[],"urls":[{"url":"https://t.co/79cCn3scMs","expanded_url":"https://twitter.com/i/web/status/888183617318408192","display_url":"twitter.com/i/web/status/8…","indices":[117,140]}]},"metadata":{"iso_language_code":"ja","result_type":"recent"},"source":"<a href=\"http://twitter.com/download/iphone\" rel=\"nofollow\">Twitter for iPhone</a>","in_reply_to_status_id":null,"in_reply_to_status_id_str":null,"in_reply_to_user_id":null,"in_reply_to_user_id_str":null,"in_reply_to_screen_name":null,"user":{"id":137915317,"id_str":"137915317","name":"マキシマム ザ ホルモン","screen_name":"MTH_OFFICIAL","location":"","description":"マキシマム ザ ホルモンの公式アカウント。ナヲの妊活・出産によるライブ活動休止を経て、約2年ぶりとなる“耳噛じる真打TOUR”を完遂したのも束の間、今夏は全国各地のフェスに出演予定！今後のホルモンの動きをお見逃しなく！※バンド名を略す時は「ホルモン」で！「マキホル」はなんとなく嫌だから禁止！笑","url":"https://t.co/IUnRTpQllh","entities":{"url":{"urls":[{"url":"https://t.co/IUnRTpQllh","expanded_url":"http://www.55mth.com/","display_url":"55mth.com","indices":[0,23]}]},"description":{"urls":[]}},"protected":false,"followers_count":529483,"friends_count":1,"listed_count":6845,"created_at":"Wed Apr 28 03:39:23 +0000 2010","favourites_count":0,"utc_offset":32400,"time_zone":"Tokyo","geo_enabled":true,"verified":true,"statuses_count":2830,"lang":"ja","contributors_enabled":false,"is_translator":false,"is_translation_enabled":false,"profile_background_color":"080808","profile_background_image_url":"http://pbs.twimg.com/profile_background_images/157932221/twit_background.jpg","profile_background_image_url_https":"https://pbs.twimg.com/profile_background_images/157932221/twit_background.jpg","profile_background_tile":false,"profile_image_url":"http://pbs.twimg.com/profile_images/856906596/metal_normal.jpg","profile_image_url_https":"https://pbs.twimg.com/profile_images/856906596/metal_normal.jpg","profile_banner_url":"https://pbs.twimg.com/profile_banners/137915317/1489291877","profile_link_color":"F70A12","profile_sidebar_border_color":"F70D0D","profile_sidebar_fill_color":"C5C6DB","profile_text_color":"807B7B","profile_use_background_image":true,"has_extended_profile":false,"default_profile":false,"default_profile_image":false,"following":false,"follow_request_sent":false,"notifications":false,"translator_type":"none"},"geo":null,"coordinates":null,"place":null,"contributors":null,"is_quote_status":false,"retweet_count":2432,"favorite_count":4107,"favorited":false,"retweeted":false,"possibly_sensitive":false,"lang":"ja"},{"created_at":"Thu Jul 20 23:22:11 +0000 2017","id":888177245788840000,"id_str":"888177245788839936","text":"～欅共和国の5ヶ条～\n \n・欅坂46が大好きであること！\n・暑さ対策、水分補給を忘れずに！\n・びしょ濡れになっても笑顔で！\n・ケンカしないで仲良く！\n・思いっきり欅共和国を楽しむこと！\n \n以上、欅共和国からのお知らせでした！\n\n#欅坂46\n#欅共和国","truncated":false,"entities":{"hashtags":[{"text":"欅坂46","indices":[115,120]},{"text":"欅共和国","indices":[121,126]}],"symbols":[],"user_mentions":[],"urls":[]},"metadata":{"iso_language_code":"ja","result_type":"recent"},"source":"<a href=\"http://www.echofon.com/\" rel=\"nofollow\">Echofon</a>","in_reply_to_status_id":null,"in_reply_to_status_id_str":null,"in_reply_to_user_id":null,"in_reply_to_user_id_str":null,"in_reply_to_screen_name":null,"user":{"id":3433403638,"id_str":"3433403638","name":"欅坂46","screen_name":"keyakizaka46","location":"","description":"秋元康 総合プロデュース、乃木坂46に続く「坂道シリーズ」第2弾。2015年8月21日、乃木坂46結成から4年後の同じ日・同じ場所で結成。応募総数22,509名の中から選ばれたメンバーで2016年4月6日「サイレントマジョリティー」でデビュー!2017年7月19日1stアルバム「真っ白なものは汚したくなる」リリース予定","url":"https://t.co/Rpjth8X8lU","entities":{"url":{"urls":[{"url":"https://t.co/Rpjth8X8lU","expanded_url":"http://www.keyakizaka46.com/","display_url":"keyakizaka46.com","indices":[0,23]}]},"description":{"urls":[]}},"protected":false,"followers_count":438806,"friends_count":0,"listed_count":2164,"created_at":"Thu Aug 20 22:00:08 +0000 2015","favourites_count":0,"utc_offset":null,"time_zone":null,"geo_enabled":false,"verified":true,"statuses_count":949,"lang":"ja","contributors_enabled":false,"is_translator":false,"is_translation_enabled":false,"profile_background_color":"000000","profile_background_image_url":"http://abs.twimg.com/images/themes/theme1/bg.png","profile_background_image_url_https":"https://abs.twimg.com/images/themes/theme1/bg.png","profile_background_tile":false,"profile_image_url":"http://pbs.twimg.com/profile_images/875580356996415488/tN4jYZEL_normal.jpg","profile_image_url_https":"https://pbs.twimg.com/profile_images/875580356996415488/tN4jYZEL_normal.jpg","profile_banner_url":"https://pbs.twimg.com/profile_banners/3433403638/1450171390","profile_link_color":"5FB955","profile_sidebar_border_color":"000000","profile_sidebar_fill_color":"000000","profile_text_color":"000000","profile_use_background_image":false,"has_extended_profile":false,"default_profile":false,"default_profile_image":false,"following":false,"follow_request_sent":false,"notifications":false,"translator_type":"none"},"geo":null,"coordinates":null,"place":null,"contributors":null,"is_quote_status":false,"retweet_count":3058,"favorite_count":8813,"favorited":false,"retweeted":false,"lang":"ja"},{"created_at":"Thu Jul 20 23:22:10 +0000 2017","id":888177240009130000,"id_str":"888177240009129989","text":"POINTJPプレゼント企画\n\niTunesコード500円\n応募方法：フォロー＆RT\n締め切り：本日13時\n発送方法：DMでコード送信\n\nサイト登録一切なし。当選者はいいねにまとめていますのでご参考に。お気軽にご応募ください(:3 https://t.co/DUNZTgbhDR","truncated":false,"entities":{"hashtags":[],"symbols":[],"user_mentions":[],"urls":[],"media":[{"id":888177224523722800,"id_str":"888177224523722752","indices":[116,139],"media_url":"http://pbs.twimg.com/media/DFNwet1UMAAy3yU.jpg","media_url_https":"https://pbs.twimg.com/media/DFNwet1UMAAy3yU.jpg","url":"https://t.co/DUNZTgbhDR","display_url":"pic.twitter.com/DUNZTgbhDR","expanded_url":"https://twitter.com/POINTJP_TSUTOMU/status/888177240009129989/photo/1","type":"photo","sizes":{"thumb":{"w":150,"h":150,"resize":"crop"},"large":{"w":704,"h":690,"resize":"fit"},"small":{"w":680,"h":666,"resize":"fit"},"medium":{"w":704,"h":690,"resize":"fit"}}}]},"extended_entities":{"media":[{"id":888177224523722800,"id_str":"888177224523722752","indices":[116,139],"media_url":"http://pbs.twimg.com/media/DFNwet1UMAAy3yU.jpg","media_url_https":"https://pbs.twimg.com/media/DFNwet1UMAAy3yU.jpg","url":"https://t.co/DUNZTgbhDR","display_url":"pic.twitter.com/DUNZTgbhDR","expanded_url":"https://twitter.com/POINTJP_TSUTOMU/status/888177240009129989/photo/1","type":"photo","sizes":{"thumb":{"w":150,"h":150,"resize":"crop"},"large":{"w":704,"h":690,"resize":"fit"},"small":{"w":680,"h":666,"resize":"fit"},"medium":{"w":704,"h":690,"resize":"fit"}}}]},"metadata":{"iso_language_code":"ja","result_type":"recent"},"source":"<a href=\"http://twitter.com/download/android\" rel=\"nofollow\">Twitter for Android</a>","in_reply_to_status_id":null,"in_reply_to_status_id_str":null,"in_reply_to_user_id":null,"in_reply_to_user_id_str":null,"in_reply_to_screen_name":null,"user":{"id":794870563835478000,"id_str":"794870563835478016","name":"POINTJP","screen_name":"POINTJP_TSUTOMU","location":"","description":"【日本ポイントサイト情報 POINTJP】の公式アカウントです。ポイントサイトのお得な情報の発信からプレゼント企画も開催。ポイントサイトの記事を「RT＆いいね」すると当選率アップ。当選者はhttps://t.co/RF53ZYbCEMで公開。基本的に質問には滅多に返答は致しませんのでご了承下さい。サイト内の画像等の無断転載禁止。","url":"https://t.co/yTOghMt3Td","entities":{"url":{"urls":[{"url":"https://t.co/yTOghMt3Td","expanded_url":"http://pointjp.com/","display_url":"pointjp.com","indices":[0,23]}]},"description":{"urls":[{"url":"https://t.co/RF53ZYbCEM","expanded_url":"http://pointjp.com","display_url":"pointjp.com","indices":[94,117]}]}},"protected":false,"followers_count":67813,"friends_count":1,"listed_count":69,"created_at":"Sat Nov 05 11:54:45 +0000 2016","favourites_count":581,"utc_offset":null,"time_zone":null,"geo_enabled":false,"verified":false,"statuses_count":1155,"lang":"ja","contributors_enabled":false,"is_translator":false,"is_translation_enabled":false,"profile_background_color":"000000","profile_background_image_url":"http://abs.twimg.com/images/themes/theme1/bg.png","profile_background_image_url_https":"https://abs.twimg.com/images/themes/theme1/bg.png","profile_background_tile":false,"profile_image_url":"http://pbs.twimg.com/profile_images/809630656955183104/55W_t8Gx_normal.jpg","profile_image_url_https":"https://pbs.twimg.com/profile_images/809630656955183104/55W_t8Gx_normal.jpg","profile_banner_url":"https://pbs.twimg.com/profile_banners/794870563835478016/1481865722","profile_link_color":"1B95E0","profile_sidebar_border_color":"000000","profile_sidebar_fill_color":"000000","profile_text_color":"000000","profile_use_background_image":false,"has_extended_profile":false,"default_profile":false,"default_profile_image":false,"following":false,"follow_request_sent":false,"notifications":false,"translator_type":"none"},"geo":null,"coordinates":null,"place":null,"contributors":null,"is_quote_status":false,"retweet_count":835,"favorite_count":197,"favorited":false,"retweeted":false,"possibly_sensitive":false,"lang":"ja"},{"created_at":"Thu Jul 20 23:21:50 +0000 2017","id":888177156261531600,"id_str":"888177156261531649","text":"チェスター嘘ダロ、、、(｢ﾟДﾟ)｢","truncated":false,"entities":{"hashtags":[],"symbols":[],"user_mentions":[],"urls":[]},"metadata":{"iso_language_code":"ja","result_type":"recent"},"source":"<a href=\"http://twitter.com/download/iphone\" rel=\"nofollow\">Twitter for iPhone</a>","in_reply_to_status_id":null,"in_reply_to_status_id_str":null,"in_reply_to_user_id":null,"in_reply_to_user_id_str":null,"in_reply_to_screen_name":null,"user":{"id":114729607,"id_str":"114729607","name":"MAN WITH A MISSION","screen_name":"mwamjapan","location":"MWAM総本山  ","description":"MAN WITH A MISSION。通称MWAM。彼らは天才科学者ジミーヘンドリックスがこの世に残した、究極の生命体。『使命を持った男』があなたの街に、あのライブハウスに、あの国に。世界中に出没して、次なる『使命』を全うしにやってくる・・・","url":"http://t.co/LZbt6h1foD","entities":{"url":{"urls":[{"url":"http://t.co/LZbt6h1foD","expanded_url":"http://www.mwamjapan.info/","display_url":"mwamjapan.info","indices":[0,22]}]},"description":{"urls":[]}},"protected":false,"followers_count":882321,"friends_count":16621,"listed_count":7095,"created_at":"Tue Feb 16 12:24:52 +0000 2010","favourites_count":279,"utc_offset":32400,"time_zone":"Tokyo","geo_enabled":true,"verified":true,"statuses_count":45268,"lang":"ja","contributors_enabled":false,"is_translator":false,"is_translation_enabled":true,"profile_background_color":"1A1B1F","profile_background_image_url":"http://pbs.twimg.com/profile_background_images/80673257/MWAM__twitter.JPG","profile_background_image_url_https":"https://pbs.twimg.com/profile_background_images/80673257/MWAM__twitter.JPG","profile_background_tile":true,"profile_image_url":"http://pbs.twimg.com/profile_images/3457556521/3021070150be343a23fb1dd353ca5fcb_normal.jpeg","profile_image_url_https":"https://pbs.twimg.com/profile_images/3457556521/3021070150be343a23fb1dd353ca5fcb_normal.jpeg","profile_banner_url":"https://pbs.twimg.com/profile_banners/114729607/1352175323","profile_link_color":"2FC2EF","profile_sidebar_border_color":"181A1E","profile_sidebar_fill_color":"252429","profile_text_color":"666666","profile_use_background_image":true,"has_extended_profile":false,"default_profile":false,"default_profile_image":false,"following":false,"follow_request_sent":false,"notifications":false,"translator_type":"none"},"geo":null,"coordinates":null,"place":null,"contributors":null,"is_quote_status":false,"retweet_count":1057,"favorite_count":3293,"favorited":false,"retweeted":false,"lang":"ja"},{"created_at":"Thu Jul 20 23:13:26 +0000 2017","id":888175044118986800,"id_str":"888175044118986753","text":"LINKIN PARKのChester Bennington（Vo）が逝去 https://t.co/80xvwuzquU https://t.co/akTZyexKpA","truncated":false,"entities":{"hashtags":[],"symbols":[],"user_mentions":[],"urls":[{"url":"https://t.co/80xvwuzquU","expanded_url":"http://gekirock.com/news/2017/07/linkin-park_chester-bennington_died.php","display_url":"gekirock.com/news/2017/07/l…","indices":[38,61]}],"media":[{"id":888174715264680000,"id_str":"888174715264679936","indices":[62,85],"media_url":"http://pbs.twimg.com/media/DFNuMqHVwAAEQx2.jpg","media_url_https":"https://pbs.twimg.com/media/DFNuMqHVwAAEQx2.jpg","url":"https://t.co/akTZyexKpA","display_url":"pic.twitter.com/akTZyexKpA","expanded_url":"https://twitter.com/gekirock/status/888175044118986753/photo/1","type":"photo","sizes":{"large":{"w":1200,"h":555,"resize":"fit"},"thumb":{"w":150,"h":150,"resize":"crop"},"medium":{"w":1200,"h":555,"resize":"fit"},"small":{"w":680,"h":315,"resize":"fit"}}}]},"extended_entities":{"media":[{"id":888174715264680000,"id_str":"888174715264679936","indices":[62,85],"media_url":"http://pbs.twimg.com/media/DFNuMqHVwAAEQx2.jpg","media_url_https":"https://pbs.twimg.com/media/DFNuMqHVwAAEQx2.jpg","url":"https://t.co/akTZyexKpA","display_url":"pic.twitter.com/akTZyexKpA","expanded_url":"https://twitter.com/gekirock/status/888175044118986753/photo/1","type":"photo","sizes":{"large":{"w":1200,"h":555,"resize":"fit"},"thumb":{"w":150,"h":150,"resize":"crop"},"medium":{"w":1200,"h":555,"resize":"fit"},"small":{"w":680,"h":315,"resize":"fit"}}}]},"metadata":{"iso_language_code":"ja","result_type":"recent"},"source":"<a href=\"http://twitter.com\" rel=\"nofollow\">Twitter Web Client</a>","in_reply_to_status_id":null,"in_reply_to_status_id_str":null,"in_reply_to_user_id":null,"in_reply_to_user_id_str":null,"in_reply_to_screen_name":null,"user":{"id":97679405,"id_str":"97679405","name":"激ロック","screen_name":"gekirock","location":"東京都渋谷区","description":"ラウドロックに特化したポータルサイト運営、フリーマガジン発行、フェス企画・制作、DJパーティー運営、国内外のブランドアイテムやバンドマーチを渋谷＆WEBで販売し、渋谷・下北沢でMUSIC BARを運営し、下北沢でライブハウスを運営しています。","url":"http://t.co/BefqbFGbDT","entities":{"url":{"urls":[{"url":"http://t.co/BefqbFGbDT","expanded_url":"http://gekirock.com/","display_url":"gekirock.com","indices":[0,22]}]},"description":{"urls":[]}},"protected":false,"followers_count":129397,"friends_count":3022,"listed_count":1476,"created_at":"Fri Dec 18 14:37:13 +0000 2009","favourites_count":1,"utc_offset":32400,"time_zone":"Tokyo","geo_enabled":true,"verified":false,"statuses_count":122267,"lang":"ja","contributors_enabled":false,"is_translator":false,"is_translation_enabled":false,"profile_background_color":"14130E","profile_background_image_url":"http://pbs.twimg.com/profile_background_images/705944039288238080/yh7S-tBd.jpg","profile_background_image_url_https":"https://pbs.twimg.com/profile_background_images/705944039288238080/yh7S-tBd.jpg","profile_background_tile":true,"profile_image_url":"http://pbs.twimg.com/profile_images/2236595315/twitter_thumb_normal.jpg","profile_image_url_https":"https://pbs.twimg.com/profile_images/2236595315/twitter_thumb_normal.jpg","profile_banner_url":"https://pbs.twimg.com/profile_banners/97679405/1445075040","profile_link_color":"005887","profile_sidebar_border_color":"FFFFFF","profile_sidebar_fill_color":"F2F2F2","profile_text_color":"636363","profile_use_background_image":true,"has_extended_profile":false,"default_profile":false,"default_profile_image":false,"following":false,"follow_request_sent":false,"notifications":false,"translator_type":"none"},"geo":null,"coordinates":null,"place":null,"contributors":null,"is_quote_status":false,"retweet_count":811,"favorite_count":634,"favorited":false,"retweeted":false,"possibly_sensitive":false,"lang":"ja"},{"created_at":"Thu Jul 20 23:11:03 +0000 2017","id":888174444576997400,"id_str":"888174444576997376","text":"カイ(EXO)初主演の日本ドラマ「春が来た」2018年1月に放送決定！ https://t.co/ImuvQc2JJF","truncated":false,"entities":{"hashtags":[],"symbols":[],"user_mentions":[],"urls":[{"url":"https://t.co/ImuvQc2JJF","expanded_url":"http://ift.tt/2uO6U3p","display_url":"ift.tt/2uO6U3p","indices":[36,59]}]},"metadata":{"iso_language_code":"ja","result_type":"recent"},"source":"<a href=\"https://ifttt.com\" rel=\"nofollow\">IFTTT</a>","in_reply_to_status_id":null,"in_reply_to_status_id_str":null,"in_reply_to_user_id":null,"in_reply_to_user_id_str":null,"in_reply_to_screen_name":null,"user":{"id":428933674,"id_str":"428933674","name":"Kstyle","screen_name":"Kstyle_news","location":"","description":"「Kstyle」では、エンタメ・ドラマ・映画・K-POPなどの韓国芸能ニュースをいち早くお届けしています。Twitterではレアアイテムなどのプレゼントも実施中！ LINEでもニュースを配信中です→【LINE ID：@ linekstyle】","url":"http://t.co/dcP1ZKAz9H","entities":{"url":{"urls":[{"url":"http://t.co/dcP1ZKAz9H","expanded_url":"http://www.kstyle.com/","display_url":"kstyle.com","indices":[0,22]}]},"description":{"urls":[]}},"protected":false,"followers_count":439358,"friends_count":31070,"listed_count":1803,"created_at":"Mon Dec 05 10:43:26 +0000 2011","favourites_count":1,"utc_offset":32400,"time_zone":"Tokyo","geo_enabled":true,"verified":true,"statuses_count":153670,"lang":"ja","contributors_enabled":false,"is_translator":false,"is_translation_enabled":false,"profile_background_color":"131516","profile_background_image_url":"http://pbs.twimg.com/profile_background_images/402930409/bg_pattern3s.png","profile_background_image_url_https":"https://pbs.twimg.com/profile_background_images/402930409/bg_pattern3s.png","profile_background_tile":true,"profile_image_url":"http://pbs.twimg.com/profile_images/1690614906/twitter_profile_normal.png","profile_image_url_https":"https://pbs.twimg.com/profile_images/1690614906/twitter_profile_normal.png","profile_banner_url":"https://pbs.twimg.com/profile_banners/428933674/1392980693","profile_link_color":"DB095D","profile_sidebar_border_color":"EEEEEE","profile_sidebar_fill_color":"EFEFEF","profile_text_color":"333333","profile_use_background_image":true,"has_extended_profile":false,"default_profile":false,"default_profile_image":false,"following":false,"follow_request_sent":false,"notifications":false,"translator_type":"none"},"geo":null,"coordinates":null,"place":null,"contributors":null,"is_quote_status":false,"retweet_count":1240,"favorite_count":1815,"favorited":false,"retweeted":false,"possibly_sensitive":false,"lang":"ja"},{"created_at":"Thu Jul 20 23:11:01 +0000 2017","id":888174433273225200,"id_str":"888174433273225216","text":"1位 しし座♌️\nサポートに恵まれ大きな夢に進展。\n仲間を信じて何事にもチャレンジ。\n\n🌟ラッキーポイント🌟\n『雑誌の切り抜き』","truncated":false,"entities":{"hashtags":[],"symbols":[],"user_mentions":[],"urls":[]},"metadata":{"iso_language_code":"ja","result_type":"recent"},"source":"<a href=\"http://saikyo-tweet.com\" rel=\"nofollow\">mezauranai_bot</a>","in_reply_to_status_id":null,"in_reply_to_status_id_str":null,"in_reply_to_user_id":null,"in_reply_to_user_id_str":null,"in_reply_to_screen_name":null,"user":{"id":1557821088,"id_str":"1557821088","name":"めざまし占い","screen_name":"mezauranai","location":"","description":"","url":null,"entities":{"description":{"urls":[]}},"protected":false,"followers_count":365058,"friends_count":0,"listed_count":394,"created_at":"Sun Jun 30 11:21:35 +0000 2013","favourites_count":1,"utc_offset":-25200,"time_zone":"Pacific Time (US & Canada)","geo_enabled":false,"verified":false,"statuses_count":12205,"lang":"ja","contributors_enabled":false,"is_translator":false,"is_translation_enabled":false,"profile_background_color":"000000","profile_background_image_url":"http://abs.twimg.com/images/themes/theme1/bg.png","profile_background_image_url_https":"https://abs.twimg.com/images/themes/theme1/bg.png","profile_background_tile":false,"profile_image_url":"http://pbs.twimg.com/profile_images/378800000067564782/8b611be3582aaa90ff478a41eff85cc4_normal.png","profile_image_url_https":"https://pbs.twimg.com/profile_images/378800000067564782/8b611be3582aaa90ff478a41eff85cc4_normal.png","profile_link_color":"C9191C","profile_sidebar_border_color":"000000","profile_sidebar_fill_color":"000000","profile_text_color":"000000","profile_use_background_image":false,"has_extended_profile":false,"default_profile":false,"default_profile_image":false,"following":false,"follow_request_sent":false,"notifications":false,"translator_type":"none"},"geo":null,"coordinates":null,"place":null,"contributors":null,"is_quote_status":false,"retweet_count":2205,"favorite_count":3316,"favorited":false,"retweeted":false,"lang":"ja"},{"created_at":"Thu Jul 20 23:10:55 +0000 2017","id":888174411089551400,"id_str":"888174411089551361","text":"2位 ふたご座♊️\n嬉しいお誘いがあるかも。\nアクティブに過ごすと◎\n\n🌟ラッキーポイント🌟\n『ピンバッジ』","truncated":false,"entities":{"hashtags":[],"symbols":[],"user_mentions":[],"urls":[]},"metadata":{"iso_language_code":"ja","result_type":"recent"},"source":"<a href=\"http://saikyo-tweet.com\" rel=\"nofollow\">mezauranai_bot</a>","in_reply_to_status_id":null,"in_reply_to_status_id_str":null,"in_reply_to_user_id":null,"in_reply_to_user_id_str":null,"in_reply_to_screen_name":null,"user":{"id":1557821088,"id_str":"1557821088","name":"めざまし占い","screen_name":"mezauranai","location":"","description":"","url":null,"entities":{"description":{"urls":[]}},"protected":false,"followers_count":365058,"friends_count":0,"listed_count":394,"created_at":"Sun Jun 30 11:21:35 +0000 2013","favourites_count":1,"utc_offset":-25200,"time_zone":"Pacific Time (US & Canada)","geo_enabled":false,"verified":false,"statuses_count":12205,"lang":"ja","contributors_enabled":false,"is_translator":false,"is_translation_enabled":false,"profile_background_color":"000000","profile_background_image_url":"http://abs.twimg.com/images/themes/theme1/bg.png","profile_background_image_url_https":"https://abs.twimg.com/images/themes/theme1/bg.png","profile_background_tile":false,"profile_image_url":"http://pbs.twimg.com/profile_images/378800000067564782/8b611be3582aaa90ff478a41eff85cc4_normal.png","profile_image_url_https":"https://pbs.twimg.com/profile_images/378800000067564782/8b611be3582aaa90ff478a41eff85cc4_normal.png","profile_link_color":"C9191C","profile_sidebar_border_color":"000000","profile_sidebar_fill_color":"000000","profile_text_color":"000000","profile_use_background_image":false,"has_extended_profile":false,"default_profile":false,"default_profile_image":false,"following":false,"follow_request_sent":false,"notifications":false,"translator_type":"none"},"geo":null,"coordinates":null,"place":null,"contributors":null,"is_quote_status":false,"retweet_count":1246,"favorite_count":2417,"favorited":false,"retweeted":false,"lang":"ja"},{"created_at":"Thu Jul 20 23:10:50 +0000 2017","id":888174388868141000,"id_str":"888174388868141056","text":"3位 みずがめ座♒️\n集中力がＵＰし目標達成。\n選択は自分らしさを優先。\n\n🌟ラッキーポイント🌟\n『スニーカー』","truncated":false,"entities":{"hashtags":[],"symbols":[],"user_mentions":[],"urls":[]},"metadata":{"iso_language_code":"ja","result_type":"recent"},"source":"<a href=\"http://saikyo-tweet.com\" rel=\"nofollow\">mezauranai_bot</a>","in_reply_to_status_id":null,"in_reply_to_status_id_str":null,"in_reply_to_user_id":null,"in_reply_to_user_id_str":null,"in_reply_to_screen_name":null,"user":{"id":1557821088,"id_str":"1557821088","name":"めざまし占い","screen_name":"mezauranai","location":"","description":"","url":null,"entities":{"description":{"urls":[]}},"protected":false,"followers_count":365058,"friends_count":0,"listed_count":394,"created_at":"Sun Jun 30 11:21:35 +0000 2013","favourites_count":1,"utc_offset":-25200,"time_zone":"Pacific Time (US & Canada)","geo_enabled":false,"verified":false,"statuses_count":12205,"lang":"ja","contributors_enabled":false,"is_translator":false,"is_translation_enabled":false,"profile_background_color":"000000","profile_background_image_url":"http://abs.twimg.com/images/themes/theme1/bg.png","profile_background_image_url_https":"https://abs.twimg.com/images/themes/theme1/bg.png","profile_background_tile":false,"profile_image_url":"http://pbs.twimg.com/profile_images/378800000067564782/8b611be3582aaa90ff478a41eff85cc4_normal.png","profile_image_url_https":"https://pbs.twimg.com/profile_images/378800000067564782/8b611be3582aaa90ff478a41eff85cc4_normal.png","profile_link_color":"C9191C","profile_sidebar_border_color":"000000","profile_sidebar_fill_color":"000000","profile_text_color":"000000","profile_use_background_image":false,"has_extended_profile":false,"default_profile":false,"default_profile_image":false,"following":false,"follow_request_sent":false,"notifications":false,"translator_type":"none"},"geo":null,"coordinates":null,"place":null,"contributors":null,"is_quote_status":false,"retweet_count":976,"favorite_count":2051,"favorited":false,"retweeted":false,"lang":"ja"},{"created_at":"Thu Jul 20 23:10:45 +0000 2017","id":888174366642405400,"id_str":"888174366642405376","text":"4位 てんびん座♎️\n掘り出しものをＧＥＴ！\n夏物バーゲンもオススメ。\n\n🌟ラッキーポイント🌟\n『マグネット』","truncated":false,"entities":{"hashtags":[],"symbols":[],"user_mentions":[],"urls":[]},"metadata":{"iso_language_code":"ja","result_type":"recent"},"source":"<a href=\"http://saikyo-tweet.com\" rel=\"nofollow\">mezauranai_bot</a>","in_reply_to_status_id":null,"in_reply_to_status_id_str":null,"in_reply_to_user_id":null,"in_reply_to_user_id_str":null,"in_reply_to_screen_name":null,"user":{"id":1557821088,"id_str":"1557821088","name":"めざまし占い","screen_name":"mezauranai","location":"","description":"","url":null,"entities":{"description":{"urls":[]}},"protected":false,"followers_count":365058,"friends_count":0,"listed_count":394,"created_at":"Sun Jun 30 11:21:35 +0000 2013","favourites_count":1,"utc_offset":-25200,"time_zone":"Pacific Time (US & Canada)","geo_enabled":false,"verified":false,"statuses_count":12205,"lang":"ja","contributors_enabled":false,"is_translator":false,"is_translation_enabled":false,"profile_background_color":"000000","profile_background_image_url":"http://abs.twimg.com/images/themes/theme1/bg.png","profile_background_image_url_https":"https://abs.twimg.com/images/themes/theme1/bg.png","profile_background_tile":false,"profile_image_url":"http://pbs.twimg.com/profile_images/378800000067564782/8b611be3582aaa90ff478a41eff85cc4_normal.png","profile_image_url_https":"https://pbs.twimg.com/profile_images/378800000067564782/8b611be3582aaa90ff478a41eff85cc4_normal.png","profile_link_color":"C9191C","profile_sidebar_border_color":"000000","profile_sidebar_fill_color":"000000","profile_text_color":"000000","profile_use_background_image":false,"has_extended_profile":false,"default_profile":false,"default_profile_image":false,"following":false,"follow_request_sent":false,"notifications":false,"translator_type":"none"},"geo":null,"coordinates":null,"place":null,"contributors":null,"is_quote_status":false,"retweet_count":651,"favorite_count":1498,"favorited":false,"retweeted":false,"lang":"ja"},{"created_at":"Thu Jul 20 23:10:39 +0000 2017","id":888174344383348700,"id_str":"888174344383348736","text":"5位 いて座♐️\n複雑な問題が解決する日。\n手間を惜しまずに行動を。\n\n🌟ラッキーポイント🌟\n『夕方の散歩』","truncated":false,"entities":{"hashtags":[],"symbols":[],"user_mentions":[],"urls":[]},"metadata":{"iso_language_code":"ja","result_type":"recent"},"source":"<a href=\"http://saikyo-tweet.com\" rel=\"nofollow\">mezauranai_bot</a>","in_reply_to_status_id":null,"in_reply_to_status_id_str":null,"in_reply_to_user_id":null,"in_reply_to_user_id_str":null,"in_reply_to_screen_name":null,"user":{"id":1557821088,"id_str":"1557821088","name":"めざまし占い","screen_name":"mezauranai","location":"","description":"","url":null,"entities":{"description":{"urls":[]}},"protected":false,"followers_count":365058,"friends_count":0,"listed_count":394,"created_at":"Sun Jun 30 11:21:35 +0000 2013","favourites_count":1,"utc_offset":-25200,"time_zone":"Pacific Time (US & Canada)","geo_enabled":false,"verified":false,"statuses_count":12205,"lang":"ja","contributors_enabled":false,"is_translator":false,"is_translation_enabled":false,"profile_background_color":"000000","profile_background_image_url":"http://abs.twimg.com/images/themes/theme1/bg.png","profile_background_image_url_https":"https://abs.twimg.com/images/themes/theme1/bg.png","profile_background_tile":false,"profile_image_url":"http://pbs.twimg.com/profile_images/378800000067564782/8b611be3582aaa90ff478a41eff85cc4_normal.png","profile_image_url_https":"https://pbs.twimg.com/profile_images/378800000067564782/8b611be3582aaa90ff478a41eff85cc4_normal.png","profile_link_color":"C9191C","profile_sidebar_border_color":"000000","profile_sidebar_fill_color":"000000","profile_text_color":"000000","profile_use_background_image":false,"has_extended_profile":false,"default_profile":false,"default_profile_image":false,"following":false,"follow_request_sent":false,"notifications":false,"translator_type":"none"},"geo":null,"coordinates":null,"place":null,"contributors":null,"is_quote_status":false,"retweet_count":578,"favorite_count":1317,"favorited":false,"retweeted":false,"lang":"ja"},{"created_at":"Thu Jul 20 23:10:34 +0000 2017","id":888174322170318800,"id_str":"888174322170318848","text":"6位 おひつじ座♈️\n思わぬ潜在能力が開花♪\n友達との会話がヒントに。\n\n🌟ラッキーポイント🌟\n『朝刊』","truncated":false,"entities":{"hashtags":[],"symbols":[],"user_mentions":[],"urls":[]},"metadata":{"iso_language_code":"ja","result_type":"recent"},"source":"<a href=\"http://saikyo-tweet.com\" rel=\"nofollow\">mezauranai_bot</a>","in_reply_to_status_id":null,"in_reply_to_status_id_str":null,"in_reply_to_user_id":null,"in_reply_to_user_id_str":null,"in_reply_to_screen_name":null,"user":{"id":1557821088,"id_str":"1557821088","name":"めざまし占い","screen_name":"mezauranai","location":"","description":"","url":null,"entities":{"description":{"urls":[]}},"protected":false,"followers_count":365058,"friends_count":0,"listed_count":394,"created_at":"Sun Jun 30 11:21:35 +0000 2013","favourites_count":1,"utc_offset":-25200,"time_zone":"Pacific Time (US & Canada)","geo_enabled":false,"verified":false,"statuses_count":12205,"lang":"ja","contributors_enabled":false,"is_translator":false,"is_translation_enabled":false,"profile_background_color":"000000","profile_background_image_url":"http://abs.twimg.com/images/themes/theme1/bg.png","profile_background_image_url_https":"https://abs.twimg.com/images/themes/theme1/bg.png","profile_background_tile":false,"profile_image_url":"http://pbs.twimg.com/profile_images/378800000067564782/8b611be3582aaa90ff478a41eff85cc4_normal.png","profile_image_url_https":"https://pbs.twimg.com/profile_images/378800000067564782/8b611be3582aaa90ff478a41eff85cc4_normal.png","profile_link_color":"C9191C","profile_sidebar_border_color":"000000","profile_sidebar_fill_color":"000000","profile_text_color":"000000","profile_use_background_image":false,"has_extended_profile":false,"default_profile":false,"default_profile_image":false,"following":false,"follow_request_sent":false,"notifications":false,"translator_type":"none"},"geo":null,"coordinates":null,"place":null,"contributors":null,"is_quote_status":false,"retweet_count":496,"favorite_count":1056,"favorited":false,"retweeted":false,"lang":"ja"},{"created_at":"Thu Jul 20 23:10:29 +0000 2017","id":888174299957256200,"id_str":"888174299957256192","text":"7位 かに座♋️\n気を遣い過ぎて逆効果。\nオープンな態度を意識。\n\n🌟ラッキーポイント🌟\n『ＣＭソング』","truncated":false,"entities":{"hashtags":[],"symbols":[],"user_mentions":[],"urls":[]},"metadata":{"iso_language_code":"ja","result_type":"recent"},"source":"<a href=\"http://saikyo-tweet.com\" rel=\"nofollow\">mezauranai_bot</a>","in_reply_to_status_id":null,"in_reply_to_status_id_str":null,"in_reply_to_user_id":null,"in_reply_to_user_id_str":null,"in_reply_to_screen_name":null,"user":{"id":1557821088,"id_str":"1557821088","name":"めざまし占い","screen_name":"mezauranai","location":"","description":"","url":null,"entities":{"description":{"urls":[]}},"protected":false,"followers_count":365058,"friends_count":0,"listed_count":394,"created_at":"Sun Jun 30 11:21:35 +0000 2013","favourites_count":1,"utc_offset":-25200,"time_zone":"Pacific Time (US & Canada)","geo_enabled":false,"verified":false,"statuses_count":12205,"lang":"ja","contributors_enabled":false,"is_translator":false,"is_translation_enabled":false,"profile_background_color":"000000","profile_background_image_url":"http://abs.twimg.com/images/themes/theme1/bg.png","profile_background_image_url_https":"https://abs.twimg.com/images/themes/theme1/bg.png","profile_background_tile":false,"profile_image_url":"http://pbs.twimg.com/profile_images/378800000067564782/8b611be3582aaa90ff478a41eff85cc4_normal.png","profile_image_url_https":"https://pbs.twimg.com/profile_images/378800000067564782/8b611be3582aaa90ff478a41eff85cc4_normal.png","profile_link_color":"C9191C","profile_sidebar_border_color":"000000","profile_sidebar_fill_color":"000000","profile_text_color":"000000","profile_use_background_image":false,"has_extended_profile":false,"default_profile":false,"default_profile_image":false,"following":false,"follow_request_sent":false,"notifications":false,"translator_type":"none"},"geo":null,"coordinates":null,"place":null,"contributors":null,"is_quote_status":false,"retweet_count":531,"favorite_count":1140,"favorited":false,"retweeted":false,"lang":"ja"},{"created_at":"Thu Jul 20 23:10:23 +0000 2017","id":888174277794480100,"id_str":"888174277794480129","text":"8位 おうし座♉️\n思ったことを口にして失敗。\n反論はやめて黙々と作業を。\n\n🌟ラッキーポイント🌟\n『ドライフルーツ』","truncated":false,"entities":{"hashtags":[],"symbols":[],"user_mentions":[],"urls":[]},"metadata":{"iso_language_code":"ja","result_type":"recent"},"source":"<a href=\"http://saikyo-tweet.com\" rel=\"nofollow\">mezauranai_bot</a>","in_reply_to_status_id":null,"in_reply_to_status_id_str":null,"in_reply_to_user_id":null,"in_reply_to_user_id_str":null,"in_reply_to_screen_name":null,"user":{"id":1557821088,"id_str":"1557821088","name":"めざまし占い","screen_name":"mezauranai","location":"","description":"","url":null,"entities":{"description":{"urls":[]}},"protected":false,"followers_count":365058,"friends_count":0,"listed_count":394,"created_at":"Sun Jun 30 11:21:35 +0000 2013","favourites_count":1,"utc_offset":-25200,"time_zone":"Pacific Time (US & Canada)","geo_enabled":false,"verified":false,"statuses_count":12205,"lang":"ja","contributors_enabled":false,"is_translator":false,"is_translation_enabled":false,"profile_background_color":"000000","profile_background_image_url":"http://abs.twimg.com/images/themes/theme1/bg.png","profile_background_image_url_https":"https://abs.twimg.com/images/themes/theme1/bg.png","profile_background_tile":false,"profile_image_url":"http://pbs.twimg.com/profile_images/378800000067564782/8b611be3582aaa90ff478a41eff85cc4_normal.png","profile_image_url_https":"https://pbs.twimg.com/profile_images/378800000067564782/8b611be3582aaa90ff478a41eff85cc4_normal.png","profile_link_color":"C9191C","profile_sidebar_border_color":"000000","profile_sidebar_fill_color":"000000","profile_text_color":"000000","profile_use_background_image":false,"has_extended_profile":false,"default_profile":false,"default_profile_image":false,"following":false,"follow_request_sent":false,"notifications":false,"translator_type":"none"},"geo":null,"coordinates":null,"place":null,"contributors":null,"is_quote_status":false,"retweet_count":485,"favorite_count":1039,"favorited":false,"retweeted":false,"lang":"ja"}],"search_metadata":{"completed_in":0.182,"max_id":888186801147437000,"max_id_str":"888186801147437056","next_results":"?max_id=888174277794480128&q=lang%3Aja%20min_retweets%3A500&include_entities=1","query":"lang%3Aja+min_retweets%3A500","refresh_url":"?since_id=888186801147437056&q=lang%3Aja%20min_retweets%3A500&include_entities=1","count":15,"since_id":0,"since_id_str":"0"}}