{"statuses":[{"created_at":"Wed Jul 19 07:45:50 +0000 2017","id":887579215956070400,"id_str":"887579215956070400","text":"アキラ役の #相葉雅紀 さんからクランクアップのコメントが届いています🎁「またこうやって呼んでいただけた事が凄く嬉しかったです。色んな方に20年ぶりにお会いでき、毎日勉強させてもらいました。また20年後期待しています」\nそして、明… https://t.co/eBMlr9zD42","truncated":true,"entities":{"hashtags":[{"text":"相葉雅紀","indices":[6,11]}],"symbols":[],"user_mentions":[],"urls":[{"url":"https://t.co/eBMlr9zD42","expanded_url":"https://twitter.com/i/web/status/887579215956070400","display_url":"twitter.com/i/web/status/8…","indices":[117,140]}]},"metadata":{"iso_language_code":"ja","result_type":"recent"},"source":"<a href=\"http://twitter.com/download/iphone\" rel=\"nofollow\">Twitter for iPhone</a>","in_reply_to_status_id":null,"in_reply_to_status_id_str":null,"in_reply_to_user_id":null,"in_reply_to_user_id_str":null,"in_reply_to_screen_name":null,"user":{"id":863518474198319100,"id_str":"863518474198319104","name":"【公式】ぼくらの勇気 未満都市2017","screen_name":"mimancity_ntv","location":"","description":"NTV「ぼくらの勇気 未満都市2017」公式Twitterです。出演:堂本光一、堂本剛・相葉雅紀(友情出演)、松本潤(友情出演)・矢田亜希子、小原裕貴、道枝駿佑(関西ジャニーズJr.)、早見あかり、千葉雄大・山内圭哉、向井理 ほか。2017年7月21日(金)よる9時放送！","url":"https://t.co/eIi79QWxVg","entities":{"url":{"urls":[{"url":"https://t.co/eIi79QWxVg","expanded_url":"http://www.ntv.co.jp/mimancity/","display_url":"ntv.co.jp/mimancity/","indices":[0,23]}]},"description":{"urls":[]}},"protected":false,"followers_count":82948,"friends_count":0,"listed_count":226,"created_at":"Sat May 13 22:17:02 +0000 2017","favourites_count":1,"utc_offset":null,"time_zone":null,"geo_enabled":true,"verified":false,"statuses_count":43,"lang":"ja","contributors_enabled":false,"is_translator":false,"is_translation_enabled":false,"profile_background_color":"F5F8FA","profile_background_image_url":null,"profile_background_image_url_https":null,"profile_background_tile":false,"profile_image_url":"http://pbs.twimg.com/profile_images/876891599279497216/IU7a47_G_normal.jpg","profile_image_url_https":"https://pbs.twimg.com/profile_images/876891599279497216/IU7a47_G_normal.jpg","profile_banner_url":"https://pbs.twimg.com/profile_banners/863518474198319104/1497902225","profile_link_color":"1DA1F2","profile_sidebar_border_color":"C0DEED","profile_sidebar_fill_color":"DDEEF6","profile_text_color":"333333","profile_use_background_image":true,"has_extended_profile":false,"default_profile":true,"default_profile_image":false,"following":false,"follow_request_sent":false,"notifications":false,"translator_type":"none"},"geo":null,"coordinates":null,"place":null,"contributors":null,"is_quote_status":false,"retweet_count":614,"favorite_count":1111,"favorited":false,"retweeted":false,"possibly_sensitive":false,"lang":"ja"},{"created_at":"Wed Jul 19 07:27:29 +0000 2017","id":887574598241230800,"id_str":"887574598241230848","text":"今日は雑誌撮影〜💃\nまた掲載される時、お知らせします！\nそして今日はホンマでっかTVの放送日です！\n21:00〜ぜひ見てくださーい！ https://t.co/JED3VN09vi","truncated":false,"entities":{"hashtags":[],"symbols":[],"user_mentions":[],"urls":[],"media":[{"id":887574592105062400,"id_str":"887574592105062400","indices":[67,90],"media_url":"http://pbs.twimg.com/media/DFFMY5IVoAAKG5r.jpg","media_url_https":"https://pbs.twimg.com/media/DFFMY5IVoAAKG5r.jpg","url":"https://t.co/JED3VN09vi","display_url":"pic.twitter.com/JED3VN09vi","expanded_url":"https://twitter.com/H_KANNA_0203/status/887574598241230848/photo/1","type":"photo","sizes":{"large":{"w":750,"h":1000,"resize":"fit"},"small":{"w":510,"h":680,"resize":"fit"},"thumb":{"w":150,"h":150,"resize":"crop"},"medium":{"w":750,"h":1000,"resize":"fit"}}}]},"extended_entities":{"media":[{"id":887574592105062400,"id_str":"887574592105062400","indices":[67,90],"media_url":"http://pbs.twimg.com/media/DFFMY5IVoAAKG5r.jpg","media_url_https":"https://pbs.twimg.com/media/DFFMY5IVoAAKG5r.jpg","url":"https://t.co/JED3VN09vi","display_url":"pic.twitter.com/JED3VN09vi","expanded_url":"https://twitter.com/H_KANNA_0203/status/887574598241230848/photo/1","type":"photo","sizes":{"large":{"w":750,"h":1000,"resize":"fit"},"small":{"w":510,"h":680,"resize":"fit"},"thumb":{"w":150,"h":150,"resize":"crop"},"medium":{"w":750,"h":1000,"resize":"fit"}}}]},"metadata":{"iso_language_code":"ja","result_type":"recent"},"source":"<a href=\"http://twitter.com/download/iphone\" rel=\"nofollow\">Twitter for iPhone</a>","in_reply_to_status_id":null,"in_reply_to_status_id_str":null,"in_reply_to_user_id":null,"in_reply_to_user_id_str":null,"in_reply_to_screen_name":null,"user":{"id":2377035565,"id_str":"2377035565","name":"橋本環奈","screen_name":"H_KANNA_0203","location":"","description":"18歳「奇跡」早見かんな役「セーラー服と機関銃-卒業-」星泉役「暗殺教室」律役「ハルチカ」穂村千夏役「銀魂」神楽役 公開中「斉木楠雄のΨ難」照橋心美役 10月21日公開「警視庁いきもの係」薄圭子役 フジテレビ日曜21:00〜","url":null,"entities":{"description":{"urls":[]}},"protected":false,"followers_count":643746,"friends_count":136,"listed_count":3127,"created_at":"Fri Mar 07 12:21:11 +0000 2014","favourites_count":6303,"utc_offset":-25200,"time_zone":"Pacific Time (US & Canada)","geo_enabled":false,"verified":true,"statuses_count":2380,"lang":"ja","contributors_enabled":false,"is_translator":false,"is_translation_enabled":false,"profile_background_color":"C0DEED","profile_background_image_url":"http://abs.twimg.com/images/themes/theme1/bg.png","profile_background_image_url_https":"https://abs.twimg.com/images/themes/theme1/bg.png","profile_background_tile":false,"profile_image_url":"http://pbs.twimg.com/profile_images/881828073309478916/_KQ5MToJ_normal.jpg","profile_image_url_https":"https://pbs.twimg.com/profile_images/881828073309478916/_KQ5MToJ_normal.jpg","profile_banner_url":"https://pbs.twimg.com/profile_banners/2377035565/1493053098","profile_link_color":"1DA1F2","profile_sidebar_border_color":"C0DEED","profile_sidebar_fill_color":"DDEEF6","profile_text_color":"333333","profile_use_background_image":true,"has_extended_profile":true,"default_profile":true,"default_profile_image":false,"following":false,"follow_request_sent":false,"notifications":false,"translator_type":"none"},"geo":null,"coordinates":null,"place":null,"contributors":null,"is_quote_status":false,"retweet_count":1476,"favorite_count":7733,"favorited":false,"retweeted":false,"possibly_sensitive":false,"lang":"ja"},{"created_at":"Wed Jul 19 07:24:59 +0000 2017","id":887573970358116400,"id_str":"887573970358116352","text":"真司郎くんの新曲「Goody-Good Girl」のMVにダンサーとして出演させていただきました！\n貴重な経験ありがとうございました🙌🙌🙌 https://t.co/6TYFgbse0h","truncated":false,"entities":{"hashtags":[],"symbols":[],"user_mentions":[],"urls":[{"url":"https://t.co/6TYFgbse0h","expanded_url":"https://www.instagram.com/p/BWuDwyohOaX/","display_url":"instagram.com/p/BWuDwyohOaX/","indices":[70,93]}]},"metadata":{"iso_language_code":"ja","result_type":"recent"},"source":"<a href=\"http://instagram.com\" rel=\"nofollow\">Instagram</a>","in_reply_to_status_id":null,"in_reply_to_status_id_str":null,"in_reply_to_user_id":null,"in_reply_to_user_id_str":null,"in_reply_to_screen_name":null,"user":{"id":210435262,"id_str":"210435262","name":"和田颯","screen_name":"Da_iCE_HAYATE","location":"","description":"Da-iCE","url":"https://t.co/GurbsMWWxU","entities":{"url":{"urls":[{"url":"https://t.co/GurbsMWWxU","expanded_url":"https://www.instagram.com/da_ice_hayate_wada/","display_url":"instagram.com/da_ice_hayate_…","indices":[0,23]}]},"description":{"urls":[]}},"protected":false,"followers_count":127709,"friends_count":253,"listed_count":1529,"created_at":"Sun Oct 31 12:38:41 +0000 2010","favourites_count":63,"utc_offset":32400,"time_zone":"Tokyo","geo_enabled":true,"verified":true,"statuses_count":15332,"lang":"ja","contributors_enabled":false,"is_translator":false,"is_translation_enabled":false,"profile_background_color":"352726","profile_background_image_url":"http://pbs.twimg.com/profile_background_images/233152169/michael-jackson-image2.gif","profile_background_image_url_https":"https://pbs.twimg.com/profile_background_images/233152169/michael-jackson-image2.gif","profile_background_tile":false,"profile_image_url":"http://pbs.twimg.com/profile_images/857942625592016896/nGpk7r2w_normal.jpg","profile_image_url_https":"https://pbs.twimg.com/profile_images/857942625592016896/nGpk7r2w_normal.jpg","profile_banner_url":"https://pbs.twimg.com/profile_banners/210435262/1455105273","profile_link_color":"D02B55","profile_sidebar_border_color":"829D5E","profile_sidebar_fill_color":"99CC33","profile_text_color":"3E4415","profile_use_background_image":true,"has_extended_profile":true,"default_profile":false,"default_profile_image":false,"following":false,"follow_request_sent":false,"notifications":false,"translator_type":"none"},"geo":null,"coordinates":null,"place":null,"contributors":null,"is_quote_status":false,"retweet_count":492,"favorite_count":2413,"favorited":false,"retweeted":false,"possibly_sensitive":false,"lang":"ja"},{"created_at":"Wed Jul 19 07:22:45 +0000 2017","id":887573409449754600,"id_str":"887573409449754624","text":"【公式サイトにて】声優・浪川大輔が不倫報道で謝罪\nhttps://t.co/0HUnBhuAlJ\n\n「私事にてお騒がせいたしまして、申し訳ございません」と謝罪。「皆様方からの信頼回復に向けて、今後もより一層精進してまいります」とし… https://t.co/3p5LEbHPku","truncated":true,"entities":{"hashtags":[],"symbols":[],"user_mentions":[],"urls":[{"url":"https://t.co/0HUnBhuAlJ","expanded_url":"http://news.livedoor.com/article/detail/13357593/","display_url":"news.livedoor.com/article/detail…","indices":[25,48]},{"url":"https://t.co/3p5LEbHPku","expanded_url":"https://twitter.com/i/web/status/887573409449754624","display_url":"twitter.com/i/web/status/8…","indices":[117,140]}]},"metadata":{"iso_language_code":"ja","result_type":"recent"},"source":"<a href=\"http://twitter.com\" rel=\"nofollow\">Twitter Web Client</a>","in_reply_to_status_id":null,"in_reply_to_status_id_str":null,"in_reply_to_user_id":null,"in_reply_to_user_id_str":null,"in_reply_to_screen_name":null,"user":{"id":17306975,"id_str":"17306975","name":"ライブドアニュース","screen_name":"livedoornews","location":"","description":"LINE →https://t.co/yhJO0o7Jns／FB → https://t.co/LHTCuyIEjr／インスタ／→https://t.co/SpmVgPtfCG","url":"http://t.co/Q4Bh3OCfgY","entities":{"url":{"urls":[{"url":"http://t.co/Q4Bh3OCfgY","expanded_url":"http://news.livedoor.com/","display_url":"news.livedoor.com","indices":[0,22]}]},"description":{"urls":[{"url":"https://t.co/yhJO0o7Jns","expanded_url":"http://goo.gl/upBgKP","display_url":"goo.gl/upBgKP","indices":[6,29]},{"url":"https://t.co/LHTCuyIEjr","expanded_url":"http://goo.gl/nDULhn","display_url":"goo.gl/nDULhn","indices":[35,58]},{"url":"https://t.co/SpmVgPtfCG","expanded_url":"http://goo.gl/cHGD9G","display_url":"goo.gl/cHGD9G","indices":[65,88]}]}},"protected":false,"followers_count":430747,"friends_count":88,"listed_count":6141,"created_at":"Tue Nov 11 09:56:31 +0000 2008","favourites_count":2609,"utc_offset":32400,"time_zone":"Tokyo","geo_enabled":false,"verified":true,"statuses_count":177039,"lang":"ja","contributors_enabled":false,"is_translator":false,"is_translation_enabled":false,"profile_background_color":"FFFFFF","profile_background_image_url":"http://pbs.twimg.com/profile_background_images/378800000085828060/4b07c1d868c917fb65a3d64a20904cd5.jpeg","profile_background_image_url_https":"https://pbs.twimg.com/profile_background_images/378800000085828060/4b07c1d868c917fb65a3d64a20904cd5.jpeg","profile_background_tile":false,"profile_image_url":"http://pbs.twimg.com/profile_images/875662964988166149/whdJTD2I_normal.jpg","profile_image_url_https":"https://pbs.twimg.com/profile_images/875662964988166149/whdJTD2I_normal.jpg","profile_link_color":"51ADD4","profile_sidebar_border_color":"FFFFFF","profile_sidebar_fill_color":"95E8EC","profile_text_color":"3C3940","profile_use_background_image":true,"has_extended_profile":false,"default_profile":false,"default_profile_image":false,"following":false,"follow_request_sent":false,"notifications":false,"translator_type":"none"},"geo":null,"coordinates":null,"place":null,"contributors":null,"is_quote_status":false,"retweet_count":2311,"favorite_count":1129,"favorited":false,"retweeted":false,"possibly_sensitive":false,"lang":"ja"},{"created_at":"Wed Jul 19 07:20:17 +0000 2017","id":887572785433792500,"id_str":"887572785433792512","text":"消費者庁，ガンホーとグリーに対して景品表示法に基づく措置命令を行う https://t.co/RFI14GEeZ9","truncated":false,"entities":{"hashtags":[],"symbols":[],"user_mentions":[],"urls":[{"url":"https://t.co/RFI14GEeZ9","expanded_url":"http://www.4gamer.net/games/999/G999905/20170719059/","display_url":"4gamer.net/games/999/G999…","indices":[34,57]}]},"metadata":{"iso_language_code":"ja","result_type":"recent"},"source":"<a href=\"http://www.4gamer.net/\" rel=\"nofollow\">4Gamer.net</a>","in_reply_to_status_id":null,"in_reply_to_status_id_str":null,"in_reply_to_user_id":null,"in_reply_to_user_id_str":null,"in_reply_to_screen_name":null,"user":{"id":44306171,"id_str":"44306171","name":"4Gamer","screen_name":"4GamerNews","location":"JAPAN","description":"日本最大級のゲーム情報サイト「http://t.co/YWIWdMSGR6」の公式アカウントです。オンラインゲームから家庭用ゲーム機まで，最新のゲーム情報を厳選して配信！ 中の人の発言もたまにある……かも？","url":"http://t.co/k8BcoUNnvn","entities":{"url":{"urls":[{"url":"http://t.co/k8BcoUNnvn","expanded_url":"http://www.4gamer.net/","display_url":"4gamer.net","indices":[0,22]}]},"description":{"urls":[{"url":"http://t.co/YWIWdMSGR6","expanded_url":"http://4Gamer.net","display_url":"4Gamer.net","indices":[15,37]}]}},"protected":false,"followers_count":416485,"friends_count":30855,"listed_count":9516,"created_at":"Wed Jun 03 06:10:29 +0000 2009","favourites_count":0,"utc_offset":32400,"time_zone":"Tokyo","geo_enabled":false,"verified":true,"statuses_count":86589,"lang":"ja","contributors_enabled":false,"is_translator":false,"is_translation_enabled":false,"profile_background_color":"C0DEED","profile_background_image_url":"http://abs.twimg.com/images/themes/theme1/bg.png","profile_background_image_url_https":"https://abs.twimg.com/images/themes/theme1/bg.png","profile_background_tile":false,"profile_image_url":"http://pbs.twimg.com/profile_images/250842535/4gamer_twitter_logo_blue_normal.png","profile_image_url_https":"https://pbs.twimg.com/profile_images/250842535/4gamer_twitter_logo_blue_normal.png","profile_link_color":"1DA1F2","profile_sidebar_border_color":"C0DEED","profile_sidebar_fill_color":"DDEEF6","profile_text_color":"333333","profile_use_background_image":true,"has_extended_profile":false,"default_profile":true,"default_profile_image":false,"following":false,"follow_request_sent":false,"notifications":false,"translator_type":"none"},"geo":null,"coordinates":null,"place":null,"contributors":null,"is_quote_status":false,"retweet_count":638,"favorite_count":133,"favorited":false,"retweeted":false,"possibly_sensitive":false,"lang":"ja"},{"created_at":"Wed Jul 19 07:08:32 +0000 2017","id":887569829883895800,"id_str":"887569829883895808","text":"「アイドルマスター ミリオンライブ！ ありがとう！３９フェア　in animate」がアニメイト39店舗にて開催！→→ https://t.co/sIAYSsgVq4 #idolmaster https://t.co/WIIjclO0sY","truncated":false,"entities":{"hashtags":[{"text":"idolmaster","indices":[84,95]}],"symbols":[],"user_mentions":[],"urls":[{"url":"https://t.co/sIAYSsgVq4","expanded_url":"http://idolmaster.jp/blog/?p=31719","display_url":"idolmaster.jp/blog/?p=31719","indices":[60,83]}],"media":[{"id":887569828118122500,"id_str":"887569828118122497","indices":[96,119],"media_url":"http://pbs.twimg.com/media/DFFIDl5V0AEuK8X.jpg","media_url_https":"https://pbs.twimg.com/media/DFFIDl5V0AEuK8X.jpg","url":"https://t.co/WIIjclO0sY","display_url":"pic.twitter.com/WIIjclO0sY","expanded_url":"https://twitter.com/imas_official/status/887569829883895808/photo/1","type":"photo","sizes":{"small":{"w":500,"h":296,"resize":"fit"},"thumb":{"w":150,"h":150,"resize":"crop"},"medium":{"w":500,"h":296,"resize":"fit"},"large":{"w":500,"h":296,"resize":"fit"}}}]},"extended_entities":{"media":[{"id":887569828118122500,"id_str":"887569828118122497","indices":[96,119],"media_url":"http://pbs.twimg.com/media/DFFIDl5V0AEuK8X.jpg","media_url_https":"https://pbs.twimg.com/media/DFFIDl5V0AEuK8X.jpg","url":"https://t.co/WIIjclO0sY","display_url":"pic.twitter.com/WIIjclO0sY","expanded_url":"https://twitter.com/imas_official/status/887569829883895808/photo/1","type":"photo","sizes":{"small":{"w":500,"h":296,"resize":"fit"},"thumb":{"w":150,"h":150,"resize":"crop"},"medium":{"w":500,"h":296,"resize":"fit"},"large":{"w":500,"h":296,"resize":"fit"}}}]},"metadata":{"iso_language_code":"ja","result_type":"recent"},"source":"<a href=\"http://idolmaster.jp/blog/\" rel=\"nofollow\">アイドルマスター公式ブログ</a>","in_reply_to_status_id":null,"in_reply_to_status_id_str":null,"in_reply_to_user_id":null,"in_reply_to_user_id_str":null,"in_reply_to_screen_name":null,"user":{"id":2386153344,"id_str":"2386153344","name":"アイドルマスター公式ツイッター","screen_name":"imas_official","location":"PROJECT IM@S 2nd VISION","description":"アイドルマスター公式ブログの更新情報を中心につぶやきます！\r\n※本アカウントでは、リプライに対する返信や、お問い合わせのお答えはしておりません。\r\nお問い合わせについてはこちらをご覧下さい→ http://t.co/vt4FcVGkDe","url":"http://t.co/nKOsLrXUo5","entities":{"url":{"urls":[{"url":"http://t.co/nKOsLrXUo5","expanded_url":"http://idolmaster.jp/","display_url":"idolmaster.jp","indices":[0,22]}]},"description":{"urls":[{"url":"http://t.co/vt4FcVGkDe","expanded_url":"http://bandainam.co/17Cz1OI","display_url":"bandainam.co/17Cz1OI","indices":[96,118]}]}},"protected":false,"followers_count":181113,"friends_count":11,"listed_count":3918,"created_at":"Thu Mar 13 02:27:31 +0000 2014","favourites_count":2,"utc_offset":-25200,"time_zone":"Pacific Time (US & Canada)","geo_enabled":false,"verified":true,"statuses_count":2176,"lang":"ja","contributors_enabled":false,"is_translator":false,"is_translation_enabled":false,"profile_background_color":"AEF1ED","profile_background_image_url":"http://pbs.twimg.com/profile_background_images/496195845088215040/2A-9o1W_.png","profile_background_image_url_https":"https://pbs.twimg.com/profile_background_images/496195845088215040/2A-9o1W_.png","profile_background_tile":false,"profile_image_url":"http://pbs.twimg.com/profile_images/824435672094167040/8pUyep82_normal.jpg","profile_image_url_https":"https://pbs.twimg.com/profile_images/824435672094167040/8pUyep82_normal.jpg","profile_banner_url":"https://pbs.twimg.com/profile_banners/2386153344/1493696883","profile_link_color":"0084B4","profile_sidebar_border_color":"FFFFFF","profile_sidebar_fill_color":"DDEEF6","profile_text_color":"333333","profile_use_background_image":false,"has_extended_profile":false,"default_profile":false,"default_profile_image":false,"following":false,"follow_request_sent":false,"notifications":false,"translator_type":"none"},"geo":null,"coordinates":null,"place":null,"contributors":null,"is_quote_status":false,"retweet_count":765,"favorite_count":651,"favorited":false,"retweeted":false,"possibly_sensitive":false,"lang":"ja"},{"created_at":"Wed Jul 19 07:06:54 +0000 2017","id":887569419571822600,"id_str":"887569419571822593","text":"今回のガンホーの件で分かったことがひとつある。\n\n「お上もこんなところまではチェックすまい」と思ってニコニコ生放送とかでテキトーな発言をしていると、きっちり議事録形式でまとめられて証拠として突き付けられる。 https://t.co/9Fi7fI0NP8","truncated":false,"entities":{"hashtags":[],"symbols":[],"user_mentions":[],"urls":[],"media":[{"id":887569415918592000,"id_str":"887569415918592001","indices":[104,127],"media_url":"http://pbs.twimg.com/media/DFFHrmVUIAE7KgW.jpg","media_url_https":"https://pbs.twimg.com/media/DFFHrmVUIAE7KgW.jpg","url":"https://t.co/9Fi7fI0NP8","display_url":"pic.twitter.com/9Fi7fI0NP8","expanded_url":"https://twitter.com/kuma_neko_/status/887569419571822593/photo/1","type":"photo","sizes":{"small":{"w":669,"h":680,"resize":"fit"},"large":{"w":787,"h":800,"resize":"fit"},"thumb":{"w":150,"h":150,"resize":"crop"},"medium":{"w":787,"h":800,"resize":"fit"}}}]},"extended_entities":{"media":[{"id":887569415918592000,"id_str":"887569415918592001","indices":[104,127],"media_url":"http://pbs.twimg.com/media/DFFHrmVUIAE7KgW.jpg","media_url_https":"https://pbs.twimg.com/media/DFFHrmVUIAE7KgW.jpg","url":"https://t.co/9Fi7fI0NP8","display_url":"pic.twitter.com/9Fi7fI0NP8","expanded_url":"https://twitter.com/kuma_neko_/status/887569419571822593/photo/1","type":"photo","sizes":{"small":{"w":669,"h":680,"resize":"fit"},"large":{"w":787,"h":800,"resize":"fit"},"thumb":{"w":150,"h":150,"resize":"crop"},"medium":{"w":787,"h":800,"resize":"fit"}}}]},"metadata":{"iso_language_code":"ja","result_type":"recent"},"source":"<a href=\"http://covelline.com/feather/\" rel=\"nofollow\">feather for iOS </a>","in_reply_to_status_id":null,"in_reply_to_status_id_str":null,"in_reply_to_user_id":null,"in_reply_to_user_id_str":null,"in_reply_to_screen_name":null,"user":{"id":90139711,"id_str":"90139711","name":"くまねこ","screen_name":"kuma_neko_","location":"","description":"ゲーム好きなamiiboおじさん。主に任天堂系。非電源系も好物。\n#kokw","url":null,"entities":{"description":{"urls":[]}},"protected":false,"followers_count":3189,"friends_count":320,"listed_count":135,"created_at":"Sun Nov 15 10:43:44 +0000 2009","favourites_count":8,"utc_offset":-36000,"time_zone":"Hawaii","geo_enabled":false,"verified":false,"statuses_count":50447,"lang":"ja","contributors_enabled":false,"is_translator":false,"is_translation_enabled":false,"profile_background_color":"C0DEED","profile_background_image_url":"http://abs.twimg.com/images/themes/theme1/bg.png","profile_background_image_url_https":"https://abs.twimg.com/images/themes/theme1/bg.png","profile_background_tile":false,"profile_image_url":"http://pbs.twimg.com/profile_images/527605467/bg_header_normal.jpg","profile_image_url_https":"https://pbs.twimg.com/profile_images/527605467/bg_header_normal.jpg","profile_link_color":"1DA1F2","profile_sidebar_border_color":"C0DEED","profile_sidebar_fill_color":"DDEEF6","profile_text_color":"333333","profile_use_background_image":true,"has_extended_profile":false,"default_profile":true,"default_profile_image":false,"following":false,"follow_request_sent":false,"notifications":false,"translator_type":"none"},"geo":null,"coordinates":null,"place":null,"contributors":null,"is_quote_status":false,"retweet_count":564,"favorite_count":195,"favorited":false,"retweeted":false,"possibly_sensitive":false,"lang":"ja"},{"created_at":"Wed Jul 19 07:06:47 +0000 2017","id":887569388382986200,"id_str":"887569388382986242","text":"【人気声優】浪川大輔に不倫疑惑、『週刊文春』報じる\nhttps://t.co/gJKUYSDxsk\n\n当時10代だった女性と交際し、3年ほどで破局したが、事務所独立前後から復縁したという。浪川は過去に親密だったことを認め、一部を否… https://t.co/TX81c9GDQc","truncated":true,"entities":{"hashtags":[],"symbols":[],"user_mentions":[],"urls":[{"url":"https://t.co/gJKUYSDxsk","expanded_url":"http://news.livedoor.com/article/detail/13357512/","display_url":"news.livedoor.com/article/detail…","indices":[26,49]},{"url":"https://t.co/TX81c9GDQc","expanded_url":"https://twitter.com/i/web/status/887569388382986242","display_url":"twitter.com/i/web/status/8…","indices":[117,140]}]},"metadata":{"iso_language_code":"ja","result_type":"recent"},"source":"<a href=\"http://twitter.com\" rel=\"nofollow\">Twitter Web Client</a>","in_reply_to_status_id":null,"in_reply_to_status_id_str":null,"in_reply_to_user_id":null,"in_reply_to_user_id_str":null,"in_reply_to_screen_name":null,"user":{"id":17306975,"id_str":"17306975","name":"ライブドアニュース","screen_name":"livedoornews","location":"","description":"LINE →https://t.co/yhJO0o7Jns／FB → https://t.co/LHTCuyIEjr／インスタ／→https://t.co/SpmVgPtfCG","url":"http://t.co/Q4Bh3OCfgY","entities":{"url":{"urls":[{"url":"http://t.co/Q4Bh3OCfgY","expanded_url":"http://news.livedoor.com/","display_url":"news.livedoor.com","indices":[0,22]}]},"description":{"urls":[{"url":"https://t.co/yhJO0o7Jns","expanded_url":"http://goo.gl/upBgKP","display_url":"goo.gl/upBgKP","indices":[6,29]},{"url":"https://t.co/LHTCuyIEjr","expanded_url":"http://goo.gl/nDULhn","display_url":"goo.gl/nDULhn","indices":[35,58]},{"url":"https://t.co/SpmVgPtfCG","expanded_url":"http://goo.gl/cHGD9G","display_url":"goo.gl/cHGD9G","indices":[65,88]}]}},"protected":false,"followers_count":430747,"friends_count":88,"listed_count":6141,"created_at":"Tue Nov 11 09:56:31 +0000 2008","favourites_count":2609,"utc_offset":32400,"time_zone":"Tokyo","geo_enabled":false,"verified":true,"statuses_count":177039,"lang":"ja","contributors_enabled":false,"is_translator":false,"is_translation_enabled":false,"profile_background_color":"FFFFFF","profile_background_image_url":"http://pbs.twimg.com/profile_background_images/378800000085828060/4b07c1d868c917fb65a3d64a20904cd5.jpeg","profile_background_image_url_https":"https://pbs.twimg.com/profile_background_images/378800000085828060/4b07c1d868c917fb65a3d64a20904cd5.jpeg","profile_background_tile":false,"profile_image_url":"http://pbs.twimg.com/profile_images/875662964988166149/whdJTD2I_normal.jpg","profile_image_url_https":"https://pbs.twimg.com/profile_images/875662964988166149/whdJTD2I_normal.jpg","profile_link_color":"51ADD4","profile_sidebar_border_color":"FFFFFF","profile_sidebar_fill_color":"95E8EC","profile_text_color":"3C3940","profile_use_background_image":true,"has_extended_profile":false,"default_profile":false,"default_profile_image":false,"following":false,"follow_request_sent":false,"notifications":false,"translator_type":"none"},"geo":null,"coordinates":null,"place":null,"contributors":null,"is_quote_status":false,"retweet_count":2234,"favorite_count":1160,"favorited":false,"retweeted":false,"possibly_sensitive":false,"lang":"ja"},{"created_at":"Wed Jul 19 07:03:47 +0000 2017","id":887568636642119700,"id_str":"887568636642119680","text":"甘いもの参上 https://t.co/W0kxALR9kQ","truncated":false,"entities":{"hashtags":[],"symbols":[],"user_mentions":[],"urls":[],"media":[{"id":887568627305553900,"id_str":"887568627305553920","indices":[7,30],"media_url":"http://pbs.twimg.com/media/DFFG9shUIAA8qJd.jpg","media_url_https":"https://pbs.twimg.com/media/DFFG9shUIAA8qJd.jpg","url":"https://t.co/W0kxALR9kQ","display_url":"pic.twitter.com/W0kxALR9kQ","expanded_url":"https://twitter.com/k_r_r_l_l_/status/887568636642119680/photo/1","type":"photo","sizes":{"large":{"w":2048,"h":1200,"resize":"fit"},"small":{"w":680,"h":398,"resize":"fit"},"thumb":{"w":150,"h":150,"resize":"crop"},"medium":{"w":1200,"h":703,"resize":"fit"}}}]},"extended_entities":{"media":[{"id":887568627305553900,"id_str":"887568627305553920","indices":[7,30],"media_url":"http://pbs.twimg.com/media/DFFG9shUIAA8qJd.jpg","media_url_https":"https://pbs.twimg.com/media/DFFG9shUIAA8qJd.jpg","url":"https://t.co/W0kxALR9kQ","display_url":"pic.twitter.com/W0kxALR9kQ","expanded_url":"https://twitter.com/k_r_r_l_l_/status/887568636642119680/photo/1","type":"photo","sizes":{"large":{"w":2048,"h":1200,"resize":"fit"},"small":{"w":680,"h":398,"resize":"fit"},"thumb":{"w":150,"h":150,"resize":"crop"},"medium":{"w":1200,"h":703,"resize":"fit"}}}]},"metadata":{"iso_language_code":"ja","result_type":"recent"},"source":"<a href=\"http://twitter.com/download/iphone\" rel=\"nofollow\">Twitter for iPhone</a>","in_reply_to_status_id":null,"in_reply_to_status_id_str":null,"in_reply_to_user_id":null,"in_reply_to_user_id_str":null,"in_reply_to_screen_name":null,"user":{"id":228727136,"id_str":"228727136","name":"るるてあ","screen_name":"k_r_r_l_l_","location":"","description":"鶏卵が好きです。 ■LINEスタンプはこちら→https://t.co/pdmpZQP31U ■イラストのアイコン・ヘッダー使用はご自由にどうぞ。画像の加工・商用利用はお控えください。■商品化の御連絡はこちらにお願い致します。→https://t.co/0Rqh1X5CTr","url":null,"entities":{"description":{"urls":[{"url":"https://t.co/pdmpZQP31U","expanded_url":"http://line.me/S/sticker/1457374","display_url":"line.me/S/sticker/1457…","indices":[23,46]},{"url":"https://t.co/0Rqh1X5CTr","expanded_url":"https://spiralcute.com/contact/index","display_url":"spiralcute.com/contact/index","indices":[114,137]}]}},"protected":false,"followers_count":158882,"friends_count":167,"listed_count":1200,"created_at":"Mon Dec 20 14:20:27 +0000 2010","favourites_count":22126,"utc_offset":32400,"time_zone":"Tokyo","geo_enabled":false,"verified":false,"statuses_count":66443,"lang":"ja","contributors_enabled":false,"is_translator":false,"is_translation_enabled":false,"profile_background_color":"C0DEED","profile_background_image_url":"http://abs.twimg.com/images/themes/theme1/bg.png","profile_background_image_url_https":"https://abs.twimg.com/images/themes/theme1/bg.png","profile_background_tile":false,"profile_image_url":"http://pbs.twimg.com/profile_images/846307150703935488/_WU1B7sY_normal.jpg","profile_image_url_https":"https://pbs.twimg.com/profile_images/846307150703935488/_WU1B7sY_normal.jpg","profile_banner_url":"https://pbs.twimg.com/profile_banners/228727136/1491489775","profile_link_color":"1DA1F2","profile_sidebar_border_color":"C0DEED","profile_sidebar_fill_color":"DDEEF6","profile_text_color":"333333","profile_use_background_image":true,"has_extended_profile":false,"default_profile":true,"default_profile_image":false,"following":false,"follow_request_sent":false,"notifications":false,"translator_type":"none"},"geo":null,"coordinates":null,"place":null,"contributors":null,"is_quote_status":false,"retweet_count":1218,"favorite_count":3112,"favorited":false,"retweeted":false,"possibly_sensitive":false,"lang":"ja"},{"created_at":"Wed Jul 19 07:03:14 +0000 2017","id":887568496648888300,"id_str":"887568496648888320","text":"7/22（土）から劇場でのムビチケカード購入特典第３弾が始まります！\nムゲン、雨宮兄弟、MIGHTY WARRIORS、DOUBT、プリズンギャングのチーム別ビジュアルのA4クリアファイル！！\n詳細はこちら↓… https://t.co/sOTzxjnBwz","truncated":true,"entities":{"hashtags":[],"symbols":[],"user_mentions":[],"urls":[{"url":"https://t.co/sOTzxjnBwz","expanded_url":"https://twitter.com/i/web/status/887568496648888320","display_url":"twitter.com/i/web/status/8…","indices":[106,129]}]},"metadata":{"iso_language_code":"ja","result_type":"recent"},"source":"<a href=\"http://twitter.com\" rel=\"nofollow\">Twitter Web Client</a>","in_reply_to_status_id":null,"in_reply_to_status_id_str":null,"in_reply_to_user_id":null,"in_reply_to_user_id_str":null,"in_reply_to_screen_name":null,"user":{"id":3226713546,"id_str":"3226713546","name":"HiGH&LOW OFFICIAL","screen_name":"HiGH_LOW_PR","location":"","description":"HiGH&LOWオフィシャルtwitter. HiGH&LOWの最新情報を発信します。","url":"http://t.co/Qpce29fIzY","entities":{"url":{"urls":[{"url":"http://t.co/Qpce29fIzY","expanded_url":"http://high-low.jp","display_url":"high-low.jp","indices":[0,22]}]},"description":{"urls":[]}},"protected":false,"followers_count":499384,"friends_count":60,"listed_count":1133,"created_at":"Tue May 26 03:56:29 +0000 2015","favourites_count":5,"utc_offset":-25200,"time_zone":"Pacific Time (US & Canada)","geo_enabled":false,"verified":true,"statuses_count":866,"lang":"ja","contributors_enabled":false,"is_translator":false,"is_translation_enabled":false,"profile_background_color":"C0DEED","profile_background_image_url":"http://abs.twimg.com/images/themes/theme1/bg.png","profile_background_image_url_https":"https://abs.twimg.com/images/themes/theme1/bg.png","profile_background_tile":false,"profile_image_url":"http://pbs.twimg.com/profile_images/722760502951084032/brnAIRRQ_normal.jpg","profile_image_url_https":"https://pbs.twimg.com/profile_images/722760502951084032/brnAIRRQ_normal.jpg","profile_banner_url":"https://pbs.twimg.com/profile_banners/3226713546/1461154490","profile_link_color":"1DA1F2","profile_sidebar_border_color":"C0DEED","profile_sidebar_fill_color":"DDEEF6","profile_text_color":"333333","profile_use_background_image":true,"has_extended_profile":false,"default_profile":true,"default_profile_image":false,"following":false,"follow_request_sent":false,"notifications":false,"translator_type":"none"},"geo":null,"coordinates":null,"place":null,"contributors":null,"is_quote_status":false,"retweet_count":870,"favorite_count":3969,"favorited":false,"retweeted":false,"possibly_sensitive":false,"lang":"ja"},{"created_at":"Wed Jul 19 07:03:12 +0000 2017","id":887568487442333700,"id_str":"887568487442333696","text":"【メンテナンス延長のお知らせ】\n本日7/19 15:00〜16:00で実施中のメンテナンスにおきまして、確認事項が発生したためメンテナンス時間を延長させていただております。終了時間は追ってご報告させていただきます。\nユーザーの皆様には大変ご迷惑をおかけし誠に申し訳ございません。","truncated":false,"entities":{"hashtags":[],"symbols":[],"user_mentions":[],"urls":[]},"metadata":{"iso_language_code":"ja","result_type":"recent"},"source":"<a href=\"http://twitter.com\" rel=\"nofollow\">Twitter Web Client</a>","in_reply_to_status_id":null,"in_reply_to_status_id_str":null,"in_reply_to_user_id":null,"in_reply_to_user_id_str":null,"in_reply_to_screen_name":null,"user":{"id":818752826025181200,"id_str":"818752826025181184","name":"SINoALICE -シノアリス-","screen_name":"sinoalice_jp","location":"","description":"ヨコオタロウ×スクエニ×ポケラボ がおくる新作スマホ向けゲーム #シノアリス 公式Twitterアカウントです。\n◆アプリDLはこちら\n⇒https://t.co/0Bvhhbs0A4\n◆公式LINE@はこちら⇒https://t.co/PMEq2MRxjO","url":"https://t.co/DKtf1B4qVc","entities":{"url":{"urls":[{"url":"https://t.co/DKtf1B4qVc","expanded_url":"http://sinoalice.jp","display_url":"sinoalice.jp","indices":[0,23]}]},"description":{"urls":[{"url":"https://t.co/0Bvhhbs0A4","expanded_url":"https://app.adjust.com/pgmu79","display_url":"app.adjust.com/pgmu79","indices":[69,92]},{"url":"https://t.co/PMEq2MRxjO","expanded_url":"https://line.me/R/ti/p/%40kzc6995v","display_url":"line.me/R/ti/p/%40kzc6…","indices":[106,129]}]}},"protected":false,"followers_count":457847,"friends_count":26,"listed_count":2222,"created_at":"Tue Jan 10 09:34:20 +0000 2017","favourites_count":0,"utc_offset":32400,"time_zone":"Tokyo","geo_enabled":false,"verified":true,"statuses_count":270,"lang":"ja","contributors_enabled":false,"is_translator":false,"is_translation_enabled":false,"profile_background_color":"000000","profile_background_image_url":"http://abs.twimg.com/images/themes/theme1/bg.png","profile_background_image_url_https":"https://abs.twimg.com/images/themes/theme1/bg.png","profile_background_tile":false,"profile_image_url":"http://pbs.twimg.com/profile_images/832048740965851136/FdKSkqlu_normal.jpg","profile_image_url_https":"https://pbs.twimg.com/profile_images/832048740965851136/FdKSkqlu_normal.jpg","profile_banner_url":"https://pbs.twimg.com/profile_banners/818752826025181184/1496718704","profile_link_color":"ABB8C2","profile_sidebar_border_color":"000000","profile_sidebar_fill_color":"000000","profile_text_color":"000000","profile_use_background_image":false,"has_extended_profile":false,"default_profile":false,"default_profile_image":false,"following":false,"follow_request_sent":false,"notifications":false,"translator_type":"none"},"geo":null,"coordinates":null,"place":null,"contributors":null,"is_quote_status":false,"retweet_count":1033,"favorite_count":982,"favorited":false,"retweeted":false,"lang":"ja"},{"created_at":"Wed Jul 19 07:02:25 +0000 2017","id":887568293074227200,"id_str":"887568293074227200","text":"🎁プレゼント🎁\n\nドラマ「銀魂-ミツバ篇-」吉沢亮さん、北乃きいさんのサイン入りチェキを3名様、サイン入りポスターを1名様に🎉この投稿をRT&amp;フォローで応募完了😉当選者にDMします💌締切7/20\n\n⏩… https://t.co/hnSY3PhWSZ","truncated":true,"entities":{"hashtags":[],"symbols":[],"user_mentions":[],"urls":[{"url":"https://t.co/hnSY3PhWSZ","expanded_url":"https://twitter.com/i/web/status/887568293074227200","display_url":"twitter.com/i/web/status/8…","indices":[106,129]}]},"metadata":{"iso_language_code":"ja","result_type":"recent"},"source":"<a href=\"https://www.sprinklr.com\" rel=\"nofollow\">Sprinklr</a>","in_reply_to_status_id":null,"in_reply_to_status_id_str":null,"in_reply_to_user_id":null,"in_reply_to_user_id_str":null,"in_reply_to_screen_name":null,"user":{"id":4301485453,"id_str":"4301485453","name":"LINE LIVE🤳ライブで話そう","screen_name":"LINELIVE_JP","location":"配信枠","description":"スマホ１つで誰でもライブ配信📱 #ラインライブ の公式アカウントです😉只今配信キャンペーン中！毎週総額100万円相当ポイントGETのチャンスhttps://t.co/UNYibhvUEz 今すぐアプリ起動https://t.co/oQcJgeqGrY","url":"https://t.co/oQcJgeqGrY","entities":{"url":{"urls":[{"url":"https://t.co/oQcJgeqGrY","expanded_url":"http://lin.ee/1aQvFMf/twprofUg78PdD","display_url":"lin.ee/1aQvFMf/twprof…","indices":[0,23]}]},"description":{"urls":[{"url":"https://t.co/UNYibhvUEz","expanded_url":"http://lin.ee/861TXBw/dtzb/twprofUg8WX7G","display_url":"lin.ee/861TXBw/dtzb/t…","indices":[70,93]},{"url":"https://t.co/oQcJgeqGrY","expanded_url":"http://lin.ee/1aQvFMf/twprofUg78PdD","display_url":"lin.ee/1aQvFMf/twprof…","indices":[102,125]}]}},"protected":false,"followers_count":307649,"friends_count":1071,"listed_count":420,"created_at":"Fri Nov 20 13:44:42 +0000 2015","favourites_count":738,"utc_offset":32400,"time_zone":"Tokyo","geo_enabled":true,"verified":true,"statuses_count":13678,"lang":"ja","contributors_enabled":false,"is_translator":false,"is_translation_enabled":false,"profile_background_color":"130D32","profile_background_image_url":"http://abs.twimg.com/images/themes/theme14/bg.gif","profile_background_image_url_https":"https://abs.twimg.com/images/themes/theme14/bg.gif","profile_background_tile":true,"profile_image_url":"http://pbs.twimg.com/profile_images/827097884617166852/2ahL69n8_normal.jpg","profile_image_url_https":"https://pbs.twimg.com/profile_images/827097884617166852/2ahL69n8_normal.jpg","profile_banner_url":"https://pbs.twimg.com/profile_banners/4301485453/1479442557","profile_link_color":"130D32","profile_sidebar_border_color":"000000","profile_sidebar_fill_color":"000000","profile_text_color":"000000","profile_use_background_image":true,"has_extended_profile":false,"default_profile":false,"default_profile_image":false,"following":false,"follow_request_sent":false,"notifications":false,"translator_type":"none"},"geo":null,"coordinates":null,"place":null,"contributors":null,"is_quote_status":false,"retweet_count":1979,"favorite_count":818,"favorited":false,"retweeted":false,"possibly_sensitive":false,"lang":"ja"},{"created_at":"Wed Jul 19 07:01:49 +0000 2017","id":887568141676564500,"id_str":"887568141676564484","text":"★A3! イベント配信開始★\nメンテナンスが終了し、イベント『春組第三回公演 ぜんまい仕掛けのココロ』の配信を開始いたしました。イベントpt獲得で限定ストーリーや限定劇団員がGETできます！配信は【7/28 13:59】まで… https://t.co/YIGoa3rEls","truncated":true,"entities":{"hashtags":[],"symbols":[],"user_mentions":[],"urls":[{"url":"https://t.co/YIGoa3rEls","expanded_url":"https://twitter.com/i/web/status/887568141676564484","display_url":"twitter.com/i/web/status/8…","indices":[114,137]}]},"metadata":{"iso_language_code":"ja","result_type":"recent"},"source":"<a href=\"http://twitter.com\" rel=\"nofollow\">Twitter Web Client</a>","in_reply_to_status_id":null,"in_reply_to_status_id_str":null,"in_reply_to_user_id":null,"in_reply_to_user_id_str":null,"in_reply_to_screen_name":null,"user":{"id":768448988626333700,"id_str":"768448988626333697","name":"【公式】A3!（エースリー）","screen_name":"mankai_company","location":"","description":"１月２７日（金）配信スタート！イケメン役者育成アプリ『A3!』公式Twitterアカウントです。 ハッシュタグは #エースリー アプリに関するお問合せは、アプリ内「サポート」または公式HP内のお問合せフォームよりお願いいたします。","url":"https://t.co/BVvtqOsoYc","entities":{"url":{"urls":[{"url":"https://t.co/BVvtqOsoYc","expanded_url":"http://www.a3-liber.jp/","display_url":"a3-liber.jp","indices":[0,23]}]},"description":{"urls":[]}},"protected":false,"followers_count":303959,"friends_count":54,"listed_count":2710,"created_at":"Wed Aug 24 14:04:50 +0000 2016","favourites_count":0,"utc_offset":-25200,"time_zone":"Pacific Time (US & Canada)","geo_enabled":false,"verified":true,"statuses_count":811,"lang":"ja","contributors_enabled":false,"is_translator":false,"is_translation_enabled":false,"profile_background_color":"000000","profile_background_image_url":"http://abs.twimg.com/images/themes/theme1/bg.png","profile_background_image_url_https":"https://abs.twimg.com/images/themes/theme1/bg.png","profile_background_tile":false,"profile_image_url":"http://pbs.twimg.com/profile_images/848187532135153664/VeXZsEYh_normal.jpg","profile_image_url_https":"https://pbs.twimg.com/profile_images/848187532135153664/VeXZsEYh_normal.jpg","profile_banner_url":"https://pbs.twimg.com/profile_banners/768448988626333697/1476954146","profile_link_color":"1B95E0","profile_sidebar_border_color":"000000","profile_sidebar_fill_color":"000000","profile_text_color":"000000","profile_use_background_image":false,"has_extended_profile":false,"default_profile":false,"default_profile_image":false,"following":false,"follow_request_sent":false,"notifications":false,"translator_type":"none"},"geo":null,"coordinates":null,"place":null,"contributors":null,"is_quote_status":false,"retweet_count":3499,"favorite_count":5234,"favorited":false,"retweeted":false,"possibly_sensitive":false,"lang":"ja"},{"created_at":"Wed Jul 19 07:00:59 +0000 2017","id":887567929427976200,"id_str":"887567929427976192","text":"【動画】【実況】ポケットモンスター(サン)を愚痴(ぐち)りながらやった その１ https://t.co/BNAg6sZ8BX  を投稿しました。 #sm31597387","truncated":false,"entities":{"hashtags":[{"text":"sm31597387","indices":[74,85]}],"symbols":[],"user_mentions":[],"urls":[{"url":"https://t.co/BNAg6sZ8BX","expanded_url":"http://nico.ms/sm31597387","display_url":"nico.ms/sm31597387","indices":[40,63]}]},"metadata":{"iso_language_code":"ja","result_type":"recent"},"source":"<a href=\"http://twitter.com\" rel=\"nofollow\">Twitter Web Client</a>","in_reply_to_status_id":null,"in_reply_to_status_id_str":null,"in_reply_to_user_id":null,"in_reply_to_user_id_str":null,"in_reply_to_screen_name":null,"user":{"id":2256141187,"id_str":"2256141187","name":"すぎる","screen_name":"sugiru2","location":"","description":"ゲーム実況やってます→　https://t.co/BSDm0Zl13F  リプにお返事できなくてすいません┏○ 『ナポリの男たち』チャンネル→https://t.co/Mtzf9KDh0M","url":null,"entities":{"description":{"urls":[{"url":"https://t.co/BSDm0Zl13F","expanded_url":"http://www.nicovideo.jp/user/13910424","display_url":"nicovideo.jp/user/13910424","indices":[12,35]},{"url":"https://t.co/Mtzf9KDh0M","expanded_url":"http://ch.nicovideo.jp/naporich","display_url":"ch.nicovideo.jp/naporich","indices":[71,94]}]}},"protected":false,"followers_count":53360,"friends_count":38743,"listed_count":1234,"created_at":"Sat Dec 21 07:31:44 +0000 2013","favourites_count":272,"utc_offset":-25200,"time_zone":"Pacific Time (US & Canada)","geo_enabled":false,"verified":false,"statuses_count":311,"lang":"ja","contributors_enabled":false,"is_translator":false,"is_translation_enabled":false,"profile_background_color":"131516","profile_background_image_url":"http://abs.twimg.com/images/themes/theme14/bg.gif","profile_background_image_url_https":"https://abs.twimg.com/images/themes/theme14/bg.gif","profile_background_tile":true,"profile_image_url":"http://pbs.twimg.com/profile_images/828231122609770496/E_8p25Ho_normal.jpg","profile_image_url_https":"https://pbs.twimg.com/profile_images/828231122609770496/E_8p25Ho_normal.jpg","profile_banner_url":"https://pbs.twimg.com/profile_banners/2256141187/1483650664","profile_link_color":"009999","profile_sidebar_border_color":"EEEEEE","profile_sidebar_fill_color":"EFEFEF","profile_text_color":"333333","profile_use_background_image":true,"has_extended_profile":false,"default_profile":false,"default_profile_image":false,"following":false,"follow_request_sent":false,"notifications":false,"translator_type":"none"},"geo":null,"coordinates":null,"place":null,"contributors":null,"is_quote_status":false,"retweet_count":1195,"favorite_count":1712,"favorited":false,"retweeted":false,"possibly_sensitive":false,"lang":"ja"},{"created_at":"Wed Jul 19 07:00:58 +0000 2017","id":887567925673984000,"id_str":"887567925673984000","text":"1ヶ月ギルキスジャックよろしくお願いします！\n浦ラジほんと楽しい(*´∇｀*) https://t.co/TYZM8OhjP1","truncated":false,"entities":{"hashtags":[],"symbols":[],"user_mentions":[],"urls":[{"url":"https://t.co/TYZM8OhjP1","expanded_url":"https://twitter.com/lovelive_staff/status/887564420615856128","display_url":"twitter.com/lovelive_staff…","indices":[40,63]}]},"metadata":{"iso_language_code":"ja","result_type":"recent"},"source":"<a href=\"http://twitter.com/download/iphone\" rel=\"nofollow\">Twitter for iPhone</a>","in_reply_to_status_id":null,"in_reply_to_status_id_str":null,"in_reply_to_user_id":null,"in_reply_to_user_id_str":null,"in_reply_to_screen_name":null,"user":{"id":3692123006,"id_str":"3692123006","name":"逢田梨香子","screen_name":"Rikako_Aida","location":"","description":"賢プロダクション所属。「ラブライブ！サンシャイン‼︎」桜内梨子役／Aqours／「nowisee」 ユウ役 ／「サクラダリセット」世良佐和子役 ／映画「くまのがっこう パティシエ・ジャッキーとおひさまのスイーツ」ジャッキー役   https://t.co/xJW5pDeUcY","url":"https://t.co/h4htW3LmBv","entities":{"url":{"urls":[{"url":"https://t.co/h4htW3LmBv","expanded_url":"http://www.kenproduction.co.jp/","display_url":"kenproduction.co.jp","indices":[0,23]}]},"description":{"urls":[{"url":"https://t.co/xJW5pDeUcY","expanded_url":"https://www.instagram.com/aida_rikako_/","display_url":"instagram.com/aida_rikako_/","indices":[115,138]}]}},"protected":false,"followers_count":189198,"friends_count":93,"listed_count":6069,"created_at":"Sat Sep 26 11:36:44 +0000 2015","favourites_count":17133,"utc_offset":null,"time_zone":null,"geo_enabled":false,"verified":false,"statuses_count":4292,"lang":"ja","contributors_enabled":false,"is_translator":false,"is_translation_enabled":false,"profile_background_color":"C0DEED","profile_background_image_url":"http://abs.twimg.com/images/themes/theme1/bg.png","profile_background_image_url_https":"https://abs.twimg.com/images/themes/theme1/bg.png","profile_background_tile":false,"profile_image_url":"http://pbs.twimg.com/profile_images/809025938625155072/FQ2enF5m_normal.jpg","profile_image_url_https":"https://pbs.twimg.com/profile_images/809025938625155072/FQ2enF5m_normal.jpg","profile_link_color":"1DA1F2","profile_sidebar_border_color":"C0DEED","profile_sidebar_fill_color":"DDEEF6","profile_text_color":"333333","profile_use_background_image":true,"has_extended_profile":true,"default_profile":true,"default_profile_image":false,"following":false,"follow_request_sent":false,"notifications":false,"translator_type":"none"},"geo":null,"coordinates":null,"place":null,"contributors":null,"is_quote_status":true,"quoted_status_id":887564420615856100,"quoted_status_id_str":"887564420615856128","quoted_status":{"created_at":"Wed Jul 19 06:47:02 +0000 2017","id":887564420615856100,"id_str":"887564420615856128","text":"【Webラジオ】ラブライブ！サンシャイン!! Aqours浦の星女学院RADIO!!!第67回配信中⇒https://t.co/1aPGtux31H\n今週からはGuilty Kissの3人が浦ラジをジャック！！是非ご視聴ください。\n#lovelive","truncated":false,"entities":{"hashtags":[{"text":"lovelive","indices":[116,125]}],"symbols":[],"user_mentions":[],"urls":[{"url":"https://t.co/1aPGtux31H","expanded_url":"http://www.lovelive-anime.jp/uranohoshi/news44.php#3635","display_url":"lovelive-anime.jp/uranohoshi/new…","indices":[51,74]}]},"metadata":{"iso_language_code":"ja","result_type":"recent"},"source":"<a href=\"http://twitter.com\" rel=\"nofollow\">Twitter Web Client</a>","in_reply_to_status_id":null,"in_reply_to_status_id_str":null,"in_reply_to_user_id":null,"in_reply_to_user_id_str":null,"in_reply_to_screen_name":null,"user":{"id":347849994,"id_str":"347849994","name":"ラブライブ！公式","screen_name":"LoveLive_staff","location":"","description":"サンライズ×ランティス×電撃G’sマガジン共同企画、スクールアイドル・プロジェクト「ラブライブ！」の公式アカウントです。「プロジェクトラブライブ！」の各スタッフが、それぞれいろいろな情報を「ラブライ部」のみなさんへ向けて発信します。　※なおツイッターでの個別返信はしておりません。","url":"http://t.co/moaQwvJL9K","entities":{"url":{"urls":[{"url":"http://t.co/moaQwvJL9K","expanded_url":"http://www.lovelive-anime.jp/","display_url":"lovelive-anime.jp","indices":[0,22]}]},"description":{"urls":[]}},"protected":false,"followers_count":771930,"friends_count":2,"listed_count":13144,"created_at":"Wed Aug 03 13:26:11 +0000 2011","favourites_count":0,"utc_offset":-36000,"time_zone":"Hawaii","geo_enabled":false,"verified":true,"statuses_count":7363,"lang":"ja","contributors_enabled":false,"is_translator":false,"is_translation_enabled":false,"profile_background_color":"C0DEED","profile_background_image_url":"http://abs.twimg.com/images/themes/theme1/bg.png","profile_background_image_url_https":"https://abs.twimg.com/images/themes/theme1/bg.png","profile_background_tile":false,"profile_image_url":"http://pbs.twimg.com/profile_images/641410148926296065/AzGd6KQ4_normal.jpg","profile_image_url_https":"https://pbs.twimg.com/profile_images/641410148926296065/AzGd6KQ4_normal.jpg","profile_link_color":"1DA1F2","profile_sidebar_border_color":"C0DEED","profile_sidebar_fill_color":"DDEEF6","profile_text_color":"333333","profile_use_background_image":true,"has_extended_profile":false,"default_profile":true,"default_profile_image":false,"following":false,"follow_request_sent":false,"notifications":false,"translator_type":"none"},"geo":null,"coordinates":null,"place":null,"contributors":null,"is_quote_status":false,"retweet_count":431,"favorite_count":1149,"favorited":false,"retweeted":false,"possibly_sensitive":false,"lang":"ja"},"retweet_count":542,"favorite_count":1817,"favorited":false,"retweeted":false,"possibly_sensitive":false,"lang":"ja"}],"search_metadata":{"completed_in":0.162,"max_id":887579215956070400,"max_id_str":"887579215956070400","next_results":"?max_id=887567925673983999&q=lang%3Aja%20min_retweets%3A500&include_entities=1","query":"lang%3Aja+min_retweets%3A500","refresh_url":"?since_id=887579215956070400&q=lang%3Aja%20min_retweets%3A500&include_entities=1","count":15,"since_id":0,"since_id_str":"0"}}