{"statuses":[{"created_at":"Wed Jul 19 04:43:17 +0000 2017","id":887533276906139600,"id_str":"887533276906139648","text":"キービジュアル公開！\n\nな…Knightsが並んでる…感動(°_°)！\n\nお楽しみにーー！！ https://t.co/gXZnvXkRIz","truncated":false,"entities":{"hashtags":[],"symbols":[],"user_mentions":[],"urls":[],"media":[{"id":887533267850715100,"id_str":"887533267850715136","indices":[47,70],"media_url":"http://pbs.twimg.com/media/DFEmzgSVYAAZA3d.jpg","media_url_https":"https://pbs.twimg.com/media/DFEmzgSVYAAZA3d.jpg","url":"https://t.co/gXZnvXkRIz","display_url":"pic.twitter.com/gXZnvXkRIz","expanded_url":"https://twitter.com/gdgd37458/status/887533276906139648/photo/1","type":"photo","sizes":{"medium":{"w":709,"h":1002,"resize":"fit"},"small":{"w":481,"h":680,"resize":"fit"},"large":{"w":709,"h":1002,"resize":"fit"},"thumb":{"w":150,"h":150,"resize":"crop"}}}]},"extended_entities":{"media":[{"id":887533267850715100,"id_str":"887533267850715136","indices":[47,70],"media_url":"http://pbs.twimg.com/media/DFEmzgSVYAAZA3d.jpg","media_url_https":"https://pbs.twimg.com/media/DFEmzgSVYAAZA3d.jpg","url":"https://t.co/gXZnvXkRIz","display_url":"pic.twitter.com/gXZnvXkRIz","expanded_url":"https://twitter.com/gdgd37458/status/887533276906139648/photo/1","type":"photo","sizes":{"medium":{"w":709,"h":1002,"resize":"fit"},"small":{"w":481,"h":680,"resize":"fit"},"large":{"w":709,"h":1002,"resize":"fit"},"thumb":{"w":150,"h":150,"resize":"crop"}}}]},"metadata":{"iso_language_code":"ja","result_type":"recent"},"source":"<a href=\"http://twitter.com/download/iphone\" rel=\"nofollow\">Twitter for iPhone</a>","in_reply_to_status_id":null,"in_reply_to_status_id_str":null,"in_reply_to_user_id":null,"in_reply_to_user_id_str":null,"in_reply_to_screen_name":null,"user":{"id":135437775,"id_str":"135437775","name":"北村諒","screen_name":"gdgd37458","location":"","description":"2017年もよろしくお願いします。OFFICIAL MEMBER'S SITE【https://t.co/ihQUbBR6qn】","url":"https://t.co/cFh3AiMfUi","entities":{"url":{"urls":[{"url":"https://t.co/cFh3AiMfUi","expanded_url":"http://ameblo.jp/gdgd-37458/","display_url":"ameblo.jp/gdgd-37458/","indices":[0,23]}]},"description":{"urls":[{"url":"https://t.co/ihQUbBR6qn","expanded_url":"https://kitamuraryo.com/","display_url":"kitamuraryo.com","indices":[40,63]}]}},"protected":false,"followers_count":179076,"friends_count":405,"listed_count":7626,"created_at":"Wed Apr 21 09:04:20 +0000 2010","favourites_count":15,"utc_offset":32400,"time_zone":"Tokyo","geo_enabled":false,"verified":false,"statuses_count":21339,"lang":"ja","contributors_enabled":false,"is_translator":false,"is_translation_enabled":false,"profile_background_color":"C0DEED","profile_background_image_url":"http://abs.twimg.com/images/themes/theme1/bg.png","profile_background_image_url_https":"https://abs.twimg.com/images/themes/theme1/bg.png","profile_background_tile":false,"profile_image_url":"http://pbs.twimg.com/profile_images/853513017769644032/I7Ibvz8v_normal.jpg","profile_image_url_https":"https://pbs.twimg.com/profile_images/853513017769644032/I7Ibvz8v_normal.jpg","profile_banner_url":"https://pbs.twimg.com/profile_banners/135437775/1382242610","profile_link_color":"1DA1F2","profile_sidebar_border_color":"C0DEED","profile_sidebar_fill_color":"DDEEF6","profile_text_color":"333333","profile_use_background_image":true,"has_extended_profile":true,"default_profile":true,"default_profile_image":false,"following":false,"follow_request_sent":false,"notifications":false,"translator_type":"none"},"geo":null,"coordinates":null,"place":null,"contributors":null,"is_quote_status":false,"retweet_count":829,"favorite_count":1592,"favorited":false,"retweeted":false,"possibly_sensitive":false,"lang":"ja"},{"created_at":"Wed Jul 19 04:35:58 +0000 2017","id":887531437246763000,"id_str":"887531437246763008","text":"昨日は、\n『映画くまのがっこう&amp;ふうせんいぬティニー』の取材日でした！\n映画の魅力だったり、役が決まった時の感想など、沢山お話させて頂きました🎉\n早く可愛いジャッキーを皆さんに観てほしい、、、！(*´∇｀*)\n公開は8月25日とな… https://t.co/qs5xUKCIJ9","truncated":true,"entities":{"hashtags":[],"symbols":[],"user_mentions":[],"urls":[{"url":"https://t.co/qs5xUKCIJ9","expanded_url":"https://twitter.com/i/web/status/887531437246763008","display_url":"twitter.com/i/web/status/8…","indices":[121,144]}]},"metadata":{"iso_language_code":"ja","result_type":"recent"},"source":"<a href=\"http://twitter.com/download/iphone\" rel=\"nofollow\">Twitter for iPhone</a>","in_reply_to_status_id":null,"in_reply_to_status_id_str":null,"in_reply_to_user_id":null,"in_reply_to_user_id_str":null,"in_reply_to_screen_name":null,"user":{"id":3692123006,"id_str":"3692123006","name":"逢田梨香子","screen_name":"Rikako_Aida","location":"","description":"賢プロダクション所属。「ラブライブ！サンシャイン‼︎」桜内梨子役／Aqours／「nowisee」 ユウ役 ／「サクラダリセット」世良佐和子役 ／映画「くまのがっこう パティシエ・ジャッキーとおひさまのスイーツ」ジャッキー役   https://t.co/xJW5pDeUcY","url":"https://t.co/h4htW3LmBv","entities":{"url":{"urls":[{"url":"https://t.co/h4htW3LmBv","expanded_url":"http://www.kenproduction.co.jp/","display_url":"kenproduction.co.jp","indices":[0,23]}]},"description":{"urls":[{"url":"https://t.co/xJW5pDeUcY","expanded_url":"https://www.instagram.com/aida_rikako_/","display_url":"instagram.com/aida_rikako_/","indices":[115,138]}]}},"protected":false,"followers_count":189140,"friends_count":93,"listed_count":6071,"created_at":"Sat Sep 26 11:36:44 +0000 2015","favourites_count":17133,"utc_offset":null,"time_zone":null,"geo_enabled":false,"verified":false,"statuses_count":4291,"lang":"ja","contributors_enabled":false,"is_translator":false,"is_translation_enabled":false,"profile_background_color":"C0DEED","profile_background_image_url":"http://abs.twimg.com/images/themes/theme1/bg.png","profile_background_image_url_https":"https://abs.twimg.com/images/themes/theme1/bg.png","profile_background_tile":false,"profile_image_url":"http://pbs.twimg.com/profile_images/809025938625155072/FQ2enF5m_normal.jpg","profile_image_url_https":"https://pbs.twimg.com/profile_images/809025938625155072/FQ2enF5m_normal.jpg","profile_link_color":"1DA1F2","profile_sidebar_border_color":"C0DEED","profile_sidebar_fill_color":"DDEEF6","profile_text_color":"333333","profile_use_background_image":true,"has_extended_profile":true,"default_profile":true,"default_profile_image":false,"following":false,"follow_request_sent":false,"notifications":false,"translator_type":"none"},"geo":null,"coordinates":null,"place":null,"contributors":null,"is_quote_status":false,"retweet_count":621,"favorite_count":1740,"favorited":false,"retweeted":false,"possibly_sensitive":false,"lang":"ja"},{"created_at":"Wed Jul 19 04:20:33 +0000 2017","id":887527554428555300,"id_str":"887527554428555264","text":"『ユーリ!!! on ICE×Sanrio characters』の “おまんじゅうにぎにぎマスコット サンリオキャラクターズver.”が登場！\nそれぞれサンリオキャラのきぐるみケースを着た特別仕様のおまんじゅうです。\n本日以降で… https://t.co/67q8gSMjmv","truncated":true,"entities":{"hashtags":[],"symbols":[],"user_mentions":[],"urls":[{"url":"https://t.co/67q8gSMjmv","expanded_url":"https://twitter.com/i/web/status/887527554428555264","display_url":"twitter.com/i/web/status/8…","indices":[117,140]}]},"metadata":{"iso_language_code":"ja","result_type":"recent"},"source":"<a href=\"http://twitter.com\" rel=\"nofollow\">Twitter Web Client</a>","in_reply_to_status_id":null,"in_reply_to_status_id_str":null,"in_reply_to_user_id":null,"in_reply_to_user_id_str":null,"in_reply_to_screen_name":null,"user":{"id":2842899044,"id_str":"2842899044","name":"エンスカイ公式","screen_name":"Ensky_Hobby","location":"","description":"エンスカイが運営する公式アカウントです。 ホビー関連商品の最新情報・イベント情報などを配信していきます。 宜しくお願いします。 #エンスカイホビー","url":null,"entities":{"description":{"urls":[]}},"protected":false,"followers_count":13308,"friends_count":5,"listed_count":360,"created_at":"Tue Oct 07 02:41:00 +0000 2014","favourites_count":14,"utc_offset":32400,"time_zone":"Seoul","geo_enabled":false,"verified":false,"statuses_count":842,"lang":"ja","contributors_enabled":false,"is_translator":false,"is_translation_enabled":false,"profile_background_color":"C0DEED","profile_background_image_url":"http://pbs.twimg.com/profile_background_images/527317908884426752/Pd5_Xh6w.jpeg","profile_background_image_url_https":"https://pbs.twimg.com/profile_background_images/527317908884426752/Pd5_Xh6w.jpeg","profile_background_tile":true,"profile_image_url":"http://pbs.twimg.com/profile_images/552652530425929729/LW-BM1Qu_normal.jpeg","profile_image_url_https":"https://pbs.twimg.com/profile_images/552652530425929729/LW-BM1Qu_normal.jpeg","profile_banner_url":"https://pbs.twimg.com/profile_banners/2842899044/1414557159","profile_link_color":"0084B4","profile_sidebar_border_color":"FFFFFF","profile_sidebar_fill_color":"DDEEF6","profile_text_color":"333333","profile_use_background_image":true,"has_extended_profile":false,"default_profile":false,"default_profile_image":false,"following":false,"follow_request_sent":false,"notifications":false,"translator_type":"none"},"geo":null,"coordinates":null,"place":null,"contributors":null,"is_quote_status":false,"retweet_count":1305,"favorite_count":1087,"favorited":false,"retweeted":false,"possibly_sensitive":false,"lang":"ja"},{"created_at":"Wed Jul 19 04:05:02 +0000 2017","id":887523652769468400,"id_str":"887523652769468417","text":"❤❤❤❤❤❤❤\n本日レディースデー!!!!!\n❤❤❤❤❤❤❤\n\n梅雨明け☔！\nいよいよ本格的に、「夏は兄こまー！」✨✨\nそんな今日はレディースデーです。\n\nぜひぜひお近くの劇場で、#兄こま ご覧ください💪❤… https://t.co/ebCllnY54x","truncated":true,"entities":{"hashtags":[{"text":"兄こま","indices":[90,94]}],"symbols":[],"user_mentions":[],"urls":[{"url":"https://t.co/ebCllnY54x","expanded_url":"https://twitter.com/i/web/status/887523652769468417","display_url":"twitter.com/i/web/status/8…","indices":[105,128]}]},"metadata":{"iso_language_code":"ja","result_type":"recent"},"source":"<a href=\"http://twitter.com\" rel=\"nofollow\">Twitter Web Client</a>","in_reply_to_status_id":null,"in_reply_to_status_id_str":null,"in_reply_to_user_id":null,"in_reply_to_user_id_str":null,"in_reply_to_screen_name":null,"user":{"id":763281638470004700,"id_str":"763281638470004737","name":"映画『兄に愛されすぎて困ってます』公式","screen_name":"anikoma_movie","location":"","description":"映画『兄に愛されすぎて困ってます』公式Twitterです。2017.6.30（金）全国ロードショー！ドラマは2017.4.12（水）深夜より、日本テレビ他で放送スタート！ ♡公式Instagram→https://t.co/PPVn3uhvC0 #兄こま","url":"https://t.co/f21AagyUBF","entities":{"url":{"urls":[{"url":"https://t.co/f21AagyUBF","expanded_url":"http://anikoma-movie.jp/","display_url":"anikoma-movie.jp","indices":[0,23]}]},"description":{"urls":[{"url":"https://t.co/PPVn3uhvC0","expanded_url":"https://www.instagram.com/anikoma_movie/","display_url":"instagram.com/anikoma_movie/","indices":[99,122]}]}},"protected":false,"followers_count":201681,"friends_count":20,"listed_count":302,"created_at":"Wed Aug 10 07:51:38 +0000 2016","favourites_count":6,"utc_offset":null,"time_zone":null,"geo_enabled":false,"verified":false,"statuses_count":1194,"lang":"ja","contributors_enabled":false,"is_translator":false,"is_translation_enabled":false,"profile_background_color":"F5F8FA","profile_background_image_url":null,"profile_background_image_url_https":null,"profile_background_tile":false,"profile_image_url":"http://pbs.twimg.com/profile_images/811768830242353153/kkD1baIc_normal.jpg","profile_image_url_https":"https://pbs.twimg.com/profile_images/811768830242353153/kkD1baIc_normal.jpg","profile_banner_url":"https://pbs.twimg.com/profile_banners/763281638470004737/1482375747","profile_link_color":"1DA1F2","profile_sidebar_border_color":"C0DEED","profile_sidebar_fill_color":"DDEEF6","profile_text_color":"333333","profile_use_background_image":true,"has_extended_profile":false,"default_profile":true,"default_profile_image":false,"following":false,"follow_request_sent":false,"notifications":false,"translator_type":"none"},"geo":null,"coordinates":null,"place":null,"contributors":null,"is_quote_status":false,"retweet_count":651,"favorite_count":4067,"favorited":false,"retweeted":false,"possibly_sensitive":false,"lang":"ja"},{"created_at":"Wed Jul 19 04:04:31 +0000 2017","id":887523522234298400,"id_str":"887523522234298368","text":"本日7月19日(水)発売の「blt graph.」vol.21に上村莉菜の撮り下ろし写真とインタビューが掲載されています⛱\nぜひチェックしてみてください🌊\n#欅坂46\n#bltgraph https://t.co/JUkEgwjexO","truncated":false,"entities":{"hashtags":[{"text":"欅坂46","indices":[78,83]},{"text":"bltgraph","indices":[84,93]}],"symbols":[],"user_mentions":[],"urls":[],"media":[{"id":887523518719471600,"id_str":"887523518719471617","indices":[94,117],"media_url":"http://pbs.twimg.com/media/DFEd8B8UMAEWoen.jpg","media_url_https":"https://pbs.twimg.com/media/DFEd8B8UMAEWoen.jpg","url":"https://t.co/JUkEgwjexO","display_url":"pic.twitter.com/JUkEgwjexO","expanded_url":"https://twitter.com/keyakizaka46/status/887523522234298368/photo/1","type":"photo","sizes":{"small":{"w":680,"h":510,"resize":"fit"},"thumb":{"w":150,"h":150,"resize":"crop"},"large":{"w":1478,"h":1108,"resize":"fit"},"medium":{"w":1200,"h":900,"resize":"fit"}}}]},"extended_entities":{"media":[{"id":887523518719471600,"id_str":"887523518719471617","indices":[94,117],"media_url":"http://pbs.twimg.com/media/DFEd8B8UMAEWoen.jpg","media_url_https":"https://pbs.twimg.com/media/DFEd8B8UMAEWoen.jpg","url":"https://t.co/JUkEgwjexO","display_url":"pic.twitter.com/JUkEgwjexO","expanded_url":"https://twitter.com/keyakizaka46/status/887523522234298368/photo/1","type":"photo","sizes":{"small":{"w":680,"h":510,"resize":"fit"},"thumb":{"w":150,"h":150,"resize":"crop"},"large":{"w":1478,"h":1108,"resize":"fit"},"medium":{"w":1200,"h":900,"resize":"fit"}}}]},"metadata":{"iso_language_code":"ja","result_type":"recent"},"source":"<a href=\"http://www.echofon.com/\" rel=\"nofollow\">Echofon</a>","in_reply_to_status_id":null,"in_reply_to_status_id_str":null,"in_reply_to_user_id":null,"in_reply_to_user_id_str":null,"in_reply_to_screen_name":null,"user":{"id":3433403638,"id_str":"3433403638","name":"欅坂46","screen_name":"keyakizaka46","location":"","description":"秋元康 総合プロデュース、乃木坂46に続く「坂道シリーズ」第2弾。2015年8月21日、乃木坂46結成から4年後の同じ日・同じ場所で結成。応募総数22,509名の中から選ばれたメンバーで2016年4月6日「サイレントマジョリティー」でデビュー!2017年7月19日1stアルバム「真っ白なものは汚したくなる」リリース予定","url":"https://t.co/Rpjth8X8lU","entities":{"url":{"urls":[{"url":"https://t.co/Rpjth8X8lU","expanded_url":"http://www.keyakizaka46.com/","display_url":"keyakizaka46.com","indices":[0,23]}]},"description":{"urls":[]}},"protected":false,"followers_count":435618,"friends_count":0,"listed_count":2160,"created_at":"Thu Aug 20 22:00:08 +0000 2015","favourites_count":0,"utc_offset":null,"time_zone":null,"geo_enabled":false,"verified":true,"statuses_count":942,"lang":"ja","contributors_enabled":false,"is_translator":false,"is_translation_enabled":false,"profile_background_color":"000000","profile_background_image_url":"http://abs.twimg.com/images/themes/theme1/bg.png","profile_background_image_url_https":"https://abs.twimg.com/images/themes/theme1/bg.png","profile_background_tile":false,"profile_image_url":"http://pbs.twimg.com/profile_images/875580356996415488/tN4jYZEL_normal.jpg","profile_image_url_https":"https://pbs.twimg.com/profile_images/875580356996415488/tN4jYZEL_normal.jpg","profile_banner_url":"https://pbs.twimg.com/profile_banners/3433403638/1450171390","profile_link_color":"5FB955","profile_sidebar_border_color":"000000","profile_sidebar_fill_color":"000000","profile_text_color":"000000","profile_use_background_image":false,"has_extended_profile":false,"default_profile":false,"default_profile_image":false,"following":false,"follow_request_sent":false,"notifications":false,"translator_type":"none"},"geo":null,"coordinates":null,"place":null,"contributors":null,"is_quote_status":false,"retweet_count":829,"favorite_count":4128,"favorited":false,"retweeted":false,"possibly_sensitive":false,"lang":"ja"},{"created_at":"Wed Jul 19 04:02:17 +0000 2017","id":887522959589482500,"id_str":"887522959589482496","text":"POINTJPプレゼント企画\n\niTunesコード500円\n応募方法：フォロー＆RT\n締め切り：本日20時\n発送方法：DMでコード送信\n\nサイト登録一切なし。当選者はいいねにまとめていますのでご参考に。お気軽にご応募ください(:3… https://t.co/b92KpiYbJP","truncated":true,"entities":{"hashtags":[],"symbols":[],"user_mentions":[],"urls":[{"url":"https://t.co/b92KpiYbJP","expanded_url":"https://twitter.com/i/web/status/887522959589482496","display_url":"twitter.com/i/web/status/8…","indices":[117,140]}]},"metadata":{"iso_language_code":"ja","result_type":"recent"},"source":"<a href=\"http://twitter.com/download/android\" rel=\"nofollow\">Twitter for Android</a>","in_reply_to_status_id":null,"in_reply_to_status_id_str":null,"in_reply_to_user_id":null,"in_reply_to_user_id_str":null,"in_reply_to_screen_name":null,"user":{"id":794870563835478000,"id_str":"794870563835478016","name":"POINTJP","screen_name":"POINTJP_TSUTOMU","location":"","description":"【日本ポイントサイト情報 POINTJP】の公式アカウントです。ポイントサイトのお得な情報の発信からプレゼント企画も開催。ポイントサイトの記事を「RT＆いいね」すると当選率アップ。当選者はhttps://t.co/RF53ZYbCEMで公開。基本的に質問には滅多に返答は致しませんのでご了承下さい。サイト内の画像等の無断転載禁止。","url":"https://t.co/yTOghMt3Td","entities":{"url":{"urls":[{"url":"https://t.co/yTOghMt3Td","expanded_url":"http://pointjp.com/","display_url":"pointjp.com","indices":[0,23]}]},"description":{"urls":[{"url":"https://t.co/RF53ZYbCEM","expanded_url":"http://pointjp.com","display_url":"pointjp.com","indices":[94,117]}]}},"protected":false,"followers_count":67430,"friends_count":1,"listed_count":68,"created_at":"Sat Nov 05 11:54:45 +0000 2016","favourites_count":579,"utc_offset":null,"time_zone":null,"geo_enabled":false,"verified":false,"statuses_count":1134,"lang":"ja","contributors_enabled":false,"is_translator":false,"is_translation_enabled":false,"profile_background_color":"000000","profile_background_image_url":"http://abs.twimg.com/images/themes/theme1/bg.png","profile_background_image_url_https":"https://abs.twimg.com/images/themes/theme1/bg.png","profile_background_tile":false,"profile_image_url":"http://pbs.twimg.com/profile_images/809630656955183104/55W_t8Gx_normal.jpg","profile_image_url_https":"https://pbs.twimg.com/profile_images/809630656955183104/55W_t8Gx_normal.jpg","profile_banner_url":"https://pbs.twimg.com/profile_banners/794870563835478016/1481865722","profile_link_color":"1B95E0","profile_sidebar_border_color":"000000","profile_sidebar_fill_color":"000000","profile_text_color":"000000","profile_use_background_image":false,"has_extended_profile":false,"default_profile":false,"default_profile_image":false,"following":false,"follow_request_sent":false,"notifications":false,"translator_type":"none"},"geo":null,"coordinates":null,"place":null,"contributors":null,"is_quote_status":false,"retweet_count":739,"favorite_count":172,"favorited":false,"retweeted":false,"possibly_sensitive":false,"lang":"ja"},{"created_at":"Wed Jul 19 04:02:15 +0000 2017","id":887522950492049400,"id_str":"887522950492049408","text":"vid_7.19 김포공항 입국 태민 TAEMIN テミン 👋✌️🔚💘 feat.pokemon https://t.co/ZSow7TlxsP","truncated":false,"entities":{"hashtags":[],"symbols":[],"user_mentions":[],"urls":[],"media":[{"id":887522497402331100,"id_str":"887522497402331136","indices":[50,73],"media_url":"http://pbs.twimg.com/ext_tw_video_thumb/887522497402331136/pu/img/uCvn3orTYqaK9BUW.jpg","media_url_https":"https://pbs.twimg.com/ext_tw_video_thumb/887522497402331136/pu/img/uCvn3orTYqaK9BUW.jpg","url":"https://t.co/ZSow7TlxsP","display_url":"pic.twitter.com/ZSow7TlxsP","expanded_url":"https://twitter.com/kin_718/status/887522950492049408/video/1","type":"photo","sizes":{"small":{"w":340,"h":191,"resize":"fit"},"thumb":{"w":150,"h":150,"resize":"crop"},"medium":{"w":600,"h":338,"resize":"fit"},"large":{"w":1024,"h":576,"resize":"fit"}}}]},"extended_entities":{"media":[{"id":887522497402331100,"id_str":"887522497402331136","indices":[50,73],"media_url":"http://pbs.twimg.com/ext_tw_video_thumb/887522497402331136/pu/img/uCvn3orTYqaK9BUW.jpg","media_url_https":"https://pbs.twimg.com/ext_tw_video_thumb/887522497402331136/pu/img/uCvn3orTYqaK9BUW.jpg","url":"https://t.co/ZSow7TlxsP","display_url":"pic.twitter.com/ZSow7TlxsP","expanded_url":"https://twitter.com/kin_718/status/887522950492049408/video/1","type":"video","sizes":{"small":{"w":340,"h":191,"resize":"fit"},"thumb":{"w":150,"h":150,"resize":"crop"},"medium":{"w":600,"h":338,"resize":"fit"},"large":{"w":1024,"h":576,"resize":"fit"}},"video_info":{"aspect_ratio":[16,9],"duration_millis":65100,"variants":[{"bitrate":832000,"content_type":"video/mp4","url":"https://video.twimg.com/ext_tw_video/887522497402331136/pu/vid/640x360/V-L_tT6aFBwrUH_X.mp4"},{"bitrate":2176000,"content_type":"video/mp4","url":"https://video.twimg.com/ext_tw_video/887522497402331136/pu/vid/1280x720/3HgDWusnKTImu1LR.mp4"},{"content_type":"application/x-mpegURL","url":"https://video.twimg.com/ext_tw_video/887522497402331136/pu/pl/4CPWMm07khe-hCS-.m3u8"},{"bitrate":320000,"content_type":"video/mp4","url":"https://video.twimg.com/ext_tw_video/887522497402331136/pu/vid/320x180/7k-03Tuvblt83uSV.mp4"}]},"additional_media_info":{"monetizable":false}}]},"metadata":{"iso_language_code":"ja","result_type":"recent"},"source":"<a href=\"http://twitter.com/download/iphone\" rel=\"nofollow\">Twitter for iPhone</a>","in_reply_to_status_id":null,"in_reply_to_status_id_str":null,"in_reply_to_user_id":null,"in_reply_to_user_id_str":null,"in_reply_to_screen_name":null,"user":{"id":426570758,"id_str":"426570758","name":"킨","screen_name":"kin_718","location":"","description":"kindergarten 킨","url":"https://t.co/fiwd0SOd3U","entities":{"url":{"urls":[{"url":"https://t.co/fiwd0SOd3U","expanded_url":"http://ohkr29.blog.me","display_url":"ohkr29.blog.me","indices":[0,23]}]},"description":{"urls":[]}},"protected":false,"followers_count":57562,"friends_count":77,"listed_count":1620,"created_at":"Fri Dec 02 12:06:01 +0000 2011","favourites_count":2523,"utc_offset":32400,"time_zone":"Seoul","geo_enabled":false,"verified":false,"statuses_count":7978,"lang":"ko","contributors_enabled":false,"is_translator":false,"is_translation_enabled":false,"profile_background_color":"111111","profile_background_image_url":"http://pbs.twimg.com/profile_background_images/703334310/a4d7ece30cb28c59018423fe372f379f.jpeg","profile_background_image_url_https":"https://pbs.twimg.com/profile_background_images/703334310/a4d7ece30cb28c59018423fe372f379f.jpeg","profile_background_tile":false,"profile_image_url":"http://pbs.twimg.com/profile_images/879484454476984320/HVwe5UKb_normal.jpg","profile_image_url_https":"https://pbs.twimg.com/profile_images/879484454476984320/HVwe5UKb_normal.jpg","profile_banner_url":"https://pbs.twimg.com/profile_banners/426570758/1498520343","profile_link_color":"805480","profile_sidebar_border_color":"FFFFFF","profile_sidebar_fill_color":"FFFCCC","profile_text_color":"333333","profile_use_background_image":false,"has_extended_profile":false,"default_profile":false,"default_profile_image":false,"following":false,"follow_request_sent":false,"notifications":false,"translator_type":"none"},"geo":null,"coordinates":null,"place":null,"contributors":null,"is_quote_status":false,"retweet_count":885,"favorite_count":1050,"favorited":false,"retweeted":false,"possibly_sensitive":false,"lang":"ja"},{"created_at":"Wed Jul 19 04:02:05 +0000 2017","id":887522906942591000,"id_str":"887522906942590976","text":"【いよいよ関東地方も #梅雨明け 】やってきました夏本番！水分補給と日焼け対策を忘れずに、パークをめいっぱい楽しんでくださいね！  https://t.co/A7xW1BBWL7 https://t.co/oyNLY2cvmS","truncated":false,"entities":{"hashtags":[{"text":"梅雨明け","indices":[11,16]}],"symbols":[],"user_mentions":[],"urls":[{"url":"https://t.co/A7xW1BBWL7","expanded_url":"http://tdr.eng.mg/23b4c","display_url":"tdr.eng.mg/23b4c","indices":[66,89]}],"media":[{"id":887522904249729000,"id_str":"887522904249729026","indices":[90,113],"media_url":"http://pbs.twimg.com/media/DFEdYQ3UAAIEIwX.jpg","media_url_https":"https://pbs.twimg.com/media/DFEdYQ3UAAIEIwX.jpg","url":"https://t.co/oyNLY2cvmS","display_url":"pic.twitter.com/oyNLY2cvmS","expanded_url":"https://twitter.com/TDR_PR/status/887522906942590976/photo/1","type":"photo","sizes":{"medium":{"w":820,"h":547,"resize":"fit"},"thumb":{"w":150,"h":150,"resize":"crop"},"small":{"w":680,"h":454,"resize":"fit"},"large":{"w":820,"h":547,"resize":"fit"}}}]},"extended_entities":{"media":[{"id":887522904249729000,"id_str":"887522904249729026","indices":[90,113],"media_url":"http://pbs.twimg.com/media/DFEdYQ3UAAIEIwX.jpg","media_url_https":"https://pbs.twimg.com/media/DFEdYQ3UAAIEIwX.jpg","url":"https://t.co/oyNLY2cvmS","display_url":"pic.twitter.com/oyNLY2cvmS","expanded_url":"https://twitter.com/TDR_PR/status/887522906942590976/photo/1","type":"photo","sizes":{"medium":{"w":820,"h":547,"resize":"fit"},"thumb":{"w":150,"h":150,"resize":"crop"},"small":{"w":680,"h":454,"resize":"fit"},"large":{"w":820,"h":547,"resize":"fit"}}}]},"metadata":{"iso_language_code":"ja","result_type":"recent"},"source":"<a href=\"http://engagemanager.tribalmedia.co.jp/\" rel=\"nofollow\">EngageManager</a>","in_reply_to_status_id":null,"in_reply_to_status_id_str":null,"in_reply_to_user_id":null,"in_reply_to_user_id_str":null,"in_reply_to_screen_name":null,"user":{"id":346393965,"id_str":"346393965","name":"東京ディズニーリゾートPR【公式】","screen_name":"TDR_PR","location":"東京ディズニーリゾート(R)","description":"東京ディズニーリゾートの情報をお伝えする公式アカウントです。イベントやチケットの情報、リゾートの過ごし方がもっと楽しくなるお知らせ、パークを身近に感じられるつぶやきを発信します。リプライへのお返事はこちらからはいたしかねますのでご了承ください。","url":"http://t.co/aNDg4NJl8r","entities":{"url":{"urls":[{"url":"http://t.co/aNDg4NJl8r","expanded_url":"http://www.tokyodisneyresort.jp/","display_url":"tokyodisneyresort.jp","indices":[0,22]}]},"description":{"urls":[]}},"protected":false,"followers_count":2061060,"friends_count":0,"listed_count":6557,"created_at":"Mon Aug 01 05:47:51 +0000 2011","favourites_count":0,"utc_offset":32400,"time_zone":"Tokyo","geo_enabled":true,"verified":true,"statuses_count":2601,"lang":"ja","contributors_enabled":false,"is_translator":false,"is_translation_enabled":false,"profile_background_color":"C0DEED","profile_background_image_url":"http://pbs.twimg.com/profile_background_images/551500766/bg.jpg","profile_background_image_url_https":"https://pbs.twimg.com/profile_background_images/551500766/bg.jpg","profile_background_tile":false,"profile_image_url":"http://pbs.twimg.com/profile_images/1521694963/____tw_logo6_normal.jpg","profile_image_url_https":"https://pbs.twimg.com/profile_images/1521694963/____tw_logo6_normal.jpg","profile_banner_url":"https://pbs.twimg.com/profile_banners/346393965/1499731515","profile_link_color":"0084B4","profile_sidebar_border_color":"C0DEED","profile_sidebar_fill_color":"DDEEF6","profile_text_color":"333333","profile_use_background_image":true,"has_extended_profile":false,"default_profile":false,"default_profile_image":false,"following":false,"follow_request_sent":false,"notifications":false,"translator_type":"regular"},"geo":null,"coordinates":null,"place":null,"contributors":null,"is_quote_status":false,"retweet_count":700,"favorite_count":2888,"favorited":false,"retweeted":false,"possibly_sensitive":false,"lang":"ja"},{"created_at":"Wed Jul 19 04:01:32 +0000 2017","id":887522770321461200,"id_str":"887522770321461248","text":"＼遂にイラスト公開！／\n詳細コチラ⇒⇒https://t.co/VrzAdlbDRz\nこのイラストが満載の【一番くじ おそ松さん～けも松さん☆パレード！～】はセブン-イレブンにて11／1(水)夜間より順次発売予定 #おそ松さん https://t.co/QMc5lpSI2a","truncated":false,"entities":{"hashtags":[{"text":"おそ松さん","indices":[107,113]}],"symbols":[],"user_mentions":[],"urls":[{"url":"https://t.co/VrzAdlbDRz","expanded_url":"http://bpnavi.jp/t/osomatsusan10-01","display_url":"bpnavi.jp/t/osomatsusan1…","indices":[19,42]}],"media":[{"id":887522767410651100,"id_str":"887522767410651136","indices":[114,137],"media_url":"http://pbs.twimg.com/media/DFEdQTGVYAAla99.jpg","media_url_https":"https://pbs.twimg.com/media/DFEdQTGVYAAla99.jpg","url":"https://t.co/QMc5lpSI2a","display_url":"pic.twitter.com/QMc5lpSI2a","expanded_url":"https://twitter.com/ichibanKUJI/status/887522770321461248/photo/1","type":"photo","sizes":{"medium":{"w":700,"h":300,"resize":"fit"},"thumb":{"w":150,"h":150,"resize":"crop"},"large":{"w":700,"h":300,"resize":"fit"},"small":{"w":680,"h":291,"resize":"fit"}}}]},"extended_entities":{"media":[{"id":887522767410651100,"id_str":"887522767410651136","indices":[114,137],"media_url":"http://pbs.twimg.com/media/DFEdQTGVYAAla99.jpg","media_url_https":"https://pbs.twimg.com/media/DFEdQTGVYAAla99.jpg","url":"https://t.co/QMc5lpSI2a","display_url":"pic.twitter.com/QMc5lpSI2a","expanded_url":"https://twitter.com/ichibanKUJI/status/887522770321461248/photo/1","type":"photo","sizes":{"medium":{"w":700,"h":300,"resize":"fit"},"thumb":{"w":150,"h":150,"resize":"crop"},"large":{"w":700,"h":300,"resize":"fit"},"small":{"w":680,"h":291,"resize":"fit"}}}]},"metadata":{"iso_language_code":"ja","result_type":"recent"},"source":"<a href=\"http://bpnavi.jp/\" rel=\"nofollow\">Banpresto Tweet Tool</a>","in_reply_to_status_id":null,"in_reply_to_status_id_str":null,"in_reply_to_user_id":null,"in_reply_to_user_id_str":null,"in_reply_to_screen_name":null,"user":{"id":91081573,"id_str":"91081573","name":"一番くじ","screen_name":"ichibanKUJI","location":"","description":"「一番くじ」の公式Twitterアカウントです。新商品情報やキャンペーン情報をお届けします！\nなお、個別のお問い合わせには対応しておりません。 Instagram⇒https://t.co/3wVhZITIMv","url":"http://t.co/leKFMK5Cqm","entities":{"url":{"urls":[{"url":"http://t.co/leKFMK5Cqm","expanded_url":"http://www.bpnavi.jp/kuji/","display_url":"bpnavi.jp/kuji/","indices":[0,22]}]},"description":{"urls":[{"url":"https://t.co/3wVhZITIMv","expanded_url":"https://www.instagram.com/ichibankuji/","display_url":"instagram.com/ichibankuji/","indices":[82,105]}]}},"protected":false,"followers_count":466066,"friends_count":12,"listed_count":4807,"created_at":"Thu Nov 19 11:03:10 +0000 2009","favourites_count":0,"utc_offset":32400,"time_zone":"Tokyo","geo_enabled":false,"verified":false,"statuses_count":10084,"lang":"ja","contributors_enabled":false,"is_translator":false,"is_translation_enabled":false,"profile_background_color":"F5030F","profile_background_image_url":"http://abs.twimg.com/images/themes/theme1/bg.png","profile_background_image_url_https":"https://abs.twimg.com/images/themes/theme1/bg.png","profile_background_tile":false,"profile_image_url":"http://pbs.twimg.com/profile_images/701926865154416640/kEH2dOrQ_normal.jpg","profile_image_url_https":"https://pbs.twimg.com/profile_images/701926865154416640/kEH2dOrQ_normal.jpg","profile_link_color":"F5030F","profile_sidebar_border_color":"F5030F","profile_sidebar_fill_color":"FFFFFF","profile_text_color":"575057","profile_use_background_image":false,"has_extended_profile":false,"default_profile":false,"default_profile_image":false,"following":false,"follow_request_sent":false,"notifications":false,"translator_type":"none"},"geo":null,"coordinates":null,"place":null,"contributors":null,"is_quote_status":false,"retweet_count":813,"favorite_count":756,"favorited":false,"retweeted":false,"possibly_sensitive":false,"lang":"ja"},{"created_at":"Wed Jul 19 03:55:52 +0000 2017","id":887521344786645000,"id_str":"887521344786644992","text":"12時51分頃にマイニンテンドーストアでNintendo Switch本体の在庫が復活しましたが、12時54分頃に在庫切れとなりました。\n次回販売日は未定です。\n\n3分で完売というのはきつすぎですね・・・。… https://t.co/glLmwnk9sk","truncated":true,"entities":{"hashtags":[],"symbols":[],"user_mentions":[],"urls":[{"url":"https://t.co/glLmwnk9sk","expanded_url":"https://twitter.com/i/web/status/887521344786644992","display_url":"twitter.com/i/web/status/8…","indices":[105,128]}]},"metadata":{"iso_language_code":"ja","result_type":"recent"},"source":"<a href=\"http://twitter.com\" rel=\"nofollow\">Twitter Web Client</a>","in_reply_to_status_id":null,"in_reply_to_status_id_str":null,"in_reply_to_user_id":null,"in_reply_to_user_id_str":null,"in_reply_to_screen_name":null,"user":{"id":728595867817500700,"id_str":"728595867817500672","name":"ニンテンドースイッチ情報@期待しないでね","screen_name":"net_syohin","location":"© Nintendo","description":"任天堂系ゲーム情報Twitterです。ブログの更新情報(入荷情報も)をつぶやきます。(最近は更新情報控えめ) フォロワーが多いのはスイッチの品薄が原因で、このアカウントには何の価値もなし。フォロワー多くなりすぎたのでTwitterはいずれやめるかも？【https://t.co/a9CMR3Cudlアソシエイト】","url":null,"entities":{"description":{"urls":[{"url":"https://t.co/a9CMR3Cudl","expanded_url":"http://Amazon.co.jp","display_url":"Amazon.co.jp","indices":[126,149]}]}},"protected":false,"followers_count":49964,"friends_count":1321,"listed_count":401,"created_at":"Fri May 06 14:42:46 +0000 2016","favourites_count":6391,"utc_offset":32400,"time_zone":"Tokyo","geo_enabled":false,"verified":false,"statuses_count":3397,"lang":"ja","contributors_enabled":false,"is_translator":false,"is_translation_enabled":false,"profile_background_color":"000000","profile_background_image_url":"http://abs.twimg.com/images/themes/theme1/bg.png","profile_background_image_url_https":"https://abs.twimg.com/images/themes/theme1/bg.png","profile_background_tile":false,"profile_image_url":"http://pbs.twimg.com/profile_images/819398458616389633/05ng8wsq_normal.jpg","profile_image_url_https":"https://pbs.twimg.com/profile_images/819398458616389633/05ng8wsq_normal.jpg","profile_banner_url":"https://pbs.twimg.com/profile_banners/728595867817500672/1484194845","profile_link_color":"1B95E0","profile_sidebar_border_color":"000000","profile_sidebar_fill_color":"000000","profile_text_color":"000000","profile_use_background_image":false,"has_extended_profile":false,"default_profile":false,"default_profile_image":false,"following":false,"follow_request_sent":false,"notifications":false,"translator_type":"none"},"geo":null,"coordinates":null,"place":null,"contributors":null,"is_quote_status":false,"retweet_count":798,"favorite_count":222,"favorited":false,"retweeted":false,"possibly_sensitive":false,"lang":"ja"},{"created_at":"Wed Jul 19 03:54:30 +0000 2017","id":887520998878138400,"id_str":"887520998878138370","text":"ユーリ展は渋谷タワレコでいよいよ明後日から。衣装＆シューズ再現、、20枚を超えるMAPPA描き下ろし、GPFその後を描く音声ガイド、オリジナルグッズ、そして＜そこにまさにいる等身大ヴィクトル＞。超充実の内容でお届ける。テレウサです… https://t.co/yQg5P5bGPL","truncated":true,"entities":{"hashtags":[],"symbols":[],"user_mentions":[],"urls":[{"url":"https://t.co/yQg5P5bGPL","expanded_url":"https://twitter.com/i/web/status/887520998878138370","display_url":"twitter.com/i/web/status/8…","indices":[117,140]}]},"metadata":{"iso_language_code":"ja","result_type":"recent"},"source":"<a href=\"http://twitter.com\" rel=\"nofollow\">Twitter Web Client</a>","in_reply_to_status_id":null,"in_reply_to_status_id_str":null,"in_reply_to_user_id":null,"in_reply_to_user_id_str":null,"in_reply_to_screen_name":null,"user":{"id":131254864,"id_str":"131254864","name":"テレウサ","screen_name":"tvusagi5","location":"六本木ヒルズ放送局","description":"お初なのです。テレウサです。 六本木ヒルズｕｍｕに住み、小耳にはさんだイベント業界の裏話なんかをつぶやくのです。兎イベントプロデューサーなのです。テレウサです。","url":"https://t.co/n5yWaXnKOc","entities":{"url":{"urls":[{"url":"https://t.co/n5yWaXnKOc","expanded_url":"http://tvusagi-blog.tumblr.com/","display_url":"tvusagi-blog.tumblr.com","indices":[0,23]}]},"description":{"urls":[]}},"protected":false,"followers_count":11032,"friends_count":21,"listed_count":518,"created_at":"Fri Apr 09 18:54:53 +0000 2010","favourites_count":0,"utc_offset":32400,"time_zone":"Tokyo","geo_enabled":true,"verified":false,"statuses_count":9306,"lang":"ja","contributors_enabled":false,"is_translator":false,"is_translation_enabled":false,"profile_background_color":"C0DEED","profile_background_image_url":"http://pbs.twimg.com/profile_background_images/241626967/tvusa.gif","profile_background_image_url_https":"https://pbs.twimg.com/profile_background_images/241626967/tvusa.gif","profile_background_tile":true,"profile_image_url":"http://pbs.twimg.com/profile_images/887171861523582977/nL2ZByaa_normal.jpg","profile_image_url_https":"https://pbs.twimg.com/profile_images/887171861523582977/nL2ZByaa_normal.jpg","profile_banner_url":"https://pbs.twimg.com/profile_banners/131254864/1436258843","profile_link_color":"0084B4","profile_sidebar_border_color":"C0DEED","profile_sidebar_fill_color":"DDEEF6","profile_text_color":"333333","profile_use_background_image":true,"has_extended_profile":true,"default_profile":false,"default_profile_image":false,"following":false,"follow_request_sent":false,"notifications":false,"translator_type":"none"},"geo":null,"coordinates":null,"place":null,"contributors":null,"is_quote_status":false,"retweet_count":1377,"favorite_count":1449,"favorited":false,"retweeted":false,"possibly_sensitive":false,"lang":"ja"},{"created_at":"Wed Jul 19 03:53:03 +0000 2017","id":887520634518904800,"id_str":"887520634518904832","text":"SSAのグッズかわいい！\nとおもってみてたら…\nよくみたら…\nsideMでした🏄","truncated":false,"entities":{"hashtags":[],"symbols":[],"user_mentions":[],"urls":[]},"metadata":{"iso_language_code":"ja","result_type":"recent"},"source":"<a href=\"http://twitter.com/download/iphone\" rel=\"nofollow\">Twitter for iPhone</a>","in_reply_to_status_id":null,"in_reply_to_status_id_str":null,"in_reply_to_user_id":null,"in_reply_to_user_id_str":null,"in_reply_to_screen_name":null,"user":{"id":242195987,"id_str":"242195987","name":"黒沢ともよ","screen_name":"TomoyoKurosawa","location":"","description":"すこやか","url":"https://t.co/A6hIHCH03j","entities":{"url":{"urls":[{"url":"https://t.co/A6hIHCH03j","expanded_url":"http://s.ameblo.jp/kurosawa-tomoyo/","display_url":"s.ameblo.jp/kurosawa-tomoy…","indices":[0,23]}]},"description":{"urls":[]}},"protected":false,"followers_count":117010,"friends_count":332,"listed_count":5393,"created_at":"Mon Jan 24 05:17:46 +0000 2011","favourites_count":12,"utc_offset":32400,"time_zone":"Tokyo","geo_enabled":false,"verified":false,"statuses_count":11096,"lang":"ja","contributors_enabled":false,"is_translator":false,"is_translation_enabled":false,"profile_background_color":"B2DFDA","profile_background_image_url":"http://abs.twimg.com/images/themes/theme13/bg.gif","profile_background_image_url_https":"https://abs.twimg.com/images/themes/theme13/bg.gif","profile_background_tile":false,"profile_image_url":"http://pbs.twimg.com/profile_images/866944520000344065/lSSzDvQU_normal.jpg","profile_image_url_https":"https://pbs.twimg.com/profile_images/866944520000344065/lSSzDvQU_normal.jpg","profile_banner_url":"https://pbs.twimg.com/profile_banners/242195987/1498470450","profile_link_color":"93A644","profile_sidebar_border_color":"EEEEEE","profile_sidebar_fill_color":"FFFFFF","profile_text_color":"333333","profile_use_background_image":true,"has_extended_profile":true,"default_profile":false,"default_profile_image":false,"following":false,"follow_request_sent":false,"notifications":false,"translator_type":"none"},"geo":null,"coordinates":null,"place":null,"contributors":null,"is_quote_status":false,"retweet_count":545,"favorite_count":876,"favorited":false,"retweeted":false,"lang":"ja"},{"created_at":"Wed Jul 19 03:51:13 +0000 2017","id":887520174747697200,"id_str":"887520174747697152","text":"と見せかけてやっぱハンバーーーーグ(￣Д￣)ﾉ https://t.co/QXwRo1067T","truncated":false,"entities":{"hashtags":[],"symbols":[],"user_mentions":[],"urls":[],"media":[{"id":887520051389022200,"id_str":"887520051389022208","indices":[24,47],"media_url":"http://pbs.twimg.com/media/DFEayNIUQAAB8mF.jpg","media_url_https":"https://pbs.twimg.com/media/DFEayNIUQAAB8mF.jpg","url":"https://t.co/QXwRo1067T","display_url":"pic.twitter.com/QXwRo1067T","expanded_url":"https://twitter.com/kishownstarmaps/status/887520174747697152/photo/1","type":"photo","sizes":{"small":{"w":680,"h":680,"resize":"fit"},"thumb":{"w":150,"h":150,"resize":"crop"},"medium":{"w":1200,"h":1200,"resize":"fit"},"large":{"w":2048,"h":2048,"resize":"fit"}}}]},"extended_entities":{"media":[{"id":887520051389022200,"id_str":"887520051389022208","indices":[24,47],"media_url":"http://pbs.twimg.com/media/DFEayNIUQAAB8mF.jpg","media_url_https":"https://pbs.twimg.com/media/DFEayNIUQAAB8mF.jpg","url":"https://t.co/QXwRo1067T","display_url":"pic.twitter.com/QXwRo1067T","expanded_url":"https://twitter.com/kishownstarmaps/status/887520174747697152/photo/1","type":"photo","sizes":{"small":{"w":680,"h":680,"resize":"fit"},"thumb":{"w":150,"h":150,"resize":"crop"},"medium":{"w":1200,"h":1200,"resize":"fit"},"large":{"w":2048,"h":2048,"resize":"fit"}}}]},"metadata":{"iso_language_code":"ja","result_type":"recent"},"source":"<a href=\"http://twitter.com/#!/download/ipad\" rel=\"nofollow\">Twitter for iPad</a>","in_reply_to_status_id":null,"in_reply_to_status_id_str":null,"in_reply_to_user_id":null,"in_reply_to_user_id_str":null,"in_reply_to_screen_name":null,"user":{"id":164720026,"id_str":"164720026","name":"谷山紀章","screen_name":"kishownstarmaps","location":"","description":"声優でGRANRODEO バカボンのパパと同い年 11:3=B","url":null,"entities":{"description":{"urls":[]}},"protected":false,"followers_count":660280,"friends_count":85,"listed_count":15295,"created_at":"Fri Jul 09 15:43:38 +0000 2010","favourites_count":27,"utc_offset":32400,"time_zone":"Tokyo","geo_enabled":false,"verified":false,"statuses_count":4325,"lang":"ja","contributors_enabled":false,"is_translator":false,"is_translation_enabled":false,"profile_background_color":"C0DEED","profile_background_image_url":"http://abs.twimg.com/images/themes/theme1/bg.png","profile_background_image_url_https":"https://abs.twimg.com/images/themes/theme1/bg.png","profile_background_tile":false,"profile_image_url":"http://pbs.twimg.com/profile_images/871960711231971328/-V5yZRPv_normal.jpg","profile_image_url_https":"https://pbs.twimg.com/profile_images/871960711231971328/-V5yZRPv_normal.jpg","profile_link_color":"1DA1F2","profile_sidebar_border_color":"C0DEED","profile_sidebar_fill_color":"DDEEF6","profile_text_color":"333333","profile_use_background_image":true,"has_extended_profile":true,"default_profile":true,"default_profile_image":false,"following":false,"follow_request_sent":false,"notifications":false,"translator_type":"none"},"geo":null,"coordinates":null,"place":null,"contributors":null,"is_quote_status":false,"retweet_count":1051,"favorite_count":4300,"favorited":false,"retweeted":false,"possibly_sensitive":false,"lang":"ja"},{"created_at":"Wed Jul 19 03:51:11 +0000 2017","id":887520166195494900,"id_str":"887520166195494912","text":"【2ちゃんで声優殺害予告 逮捕】「2ちゃんねる」で声優の上坂すみれさんの殺害を予告したとして、山形県の高専生を逮捕。20回ほど中傷の書き込みをしたことを認めているという。 https://t.co/kcTjZBLNDL","truncated":false,"entities":{"hashtags":[],"symbols":[],"user_mentions":[],"urls":[{"url":"https://t.co/kcTjZBLNDL","expanded_url":"https://yahoo.jp/i0Vtc2","display_url":"yahoo.jp/i0Vtc2","indices":[86,109]}]},"metadata":{"iso_language_code":"ja","result_type":"recent"},"source":"<a href=\"http://dailynews.yahoo.co.jp/fc/\" rel=\"nofollow\">ヤフトピbot</a>","in_reply_to_status_id":null,"in_reply_to_status_id_str":null,"in_reply_to_user_id":null,"in_reply_to_user_id_str":null,"in_reply_to_screen_name":null,"user":{"id":88846085,"id_str":"88846085","name":"Yahoo!ニュース","screen_name":"YahooNewsTopics","location":"","description":"Yahoo!ニュースの公式アカウントです。365日24時間、Yahoo! JAPANトップページに掲出される話題を速報でお届け。※株式会社アフロ社提供の写真を使用している場合があります。","url":"https://t.co/PORT0VCtyG","entities":{"url":{"urls":[{"url":"https://t.co/PORT0VCtyG","expanded_url":"https://news.yahoo.co.jp/","display_url":"news.yahoo.co.jp","indices":[0,23]}]},"description":{"urls":[]}},"protected":false,"followers_count":305733,"friends_count":8,"listed_count":12368,"created_at":"Tue Nov 10 03:59:51 +0000 2009","favourites_count":0,"utc_offset":32400,"time_zone":"Tokyo","geo_enabled":false,"verified":true,"statuses_count":254515,"lang":"ja","contributors_enabled":false,"is_translator":false,"is_translation_enabled":false,"profile_background_color":"DFD7C7","profile_background_image_url":"http://pbs.twimg.com/profile_background_images/56797173/background.jpg","profile_background_image_url_https":"https://pbs.twimg.com/profile_background_images/56797173/background.jpg","profile_background_tile":true,"profile_image_url":"http://pbs.twimg.com/profile_images/875506779743895552/jqN_tEe4_normal.jpg","profile_image_url_https":"https://pbs.twimg.com/profile_images/875506779743895552/jqN_tEe4_normal.jpg","profile_banner_url":"https://pbs.twimg.com/profile_banners/88846085/1490596288","profile_link_color":"0084B4","profile_sidebar_border_color":"A1A33B","profile_sidebar_fill_color":"FFFCDE","profile_text_color":"333333","profile_use_background_image":true,"has_extended_profile":false,"default_profile":false,"default_profile_image":false,"following":false,"follow_request_sent":false,"notifications":false,"translator_type":"none"},"geo":null,"coordinates":null,"place":null,"contributors":null,"is_quote_status":false,"retweet_count":705,"favorite_count":270,"favorited":false,"retweeted":false,"possibly_sensitive":false,"lang":"ja"},{"created_at":"Wed Jul 19 03:51:04 +0000 2017","id":887520136361410600,"id_str":"887520136361410560","text":"P活！第3弾【おみやリクエスト】いただいた新潟大阪屋の「涼味 流れ梅」を差し入れ！こちらは柏木翼役・八代拓さんからメッセージも頂きました♫ プロデューサーイチオシのおみや、リクエストお待ちしてます！→… https://t.co/zvpEScL7Xw","truncated":true,"entities":{"hashtags":[],"symbols":[],"user_mentions":[],"urls":[{"url":"https://t.co/zvpEScL7Xw","expanded_url":"https://twitter.com/i/web/status/887520136361410560","display_url":"twitter.com/i/web/status/8…","indices":[102,125]}]},"metadata":{"iso_language_code":"ja","result_type":"recent"},"source":"<a href=\"http://twitter.com\" rel=\"nofollow\">Twitter Web Client</a>","in_reply_to_status_id":null,"in_reply_to_status_id_str":null,"in_reply_to_user_id":null,"in_reply_to_user_id_str":null,"in_reply_to_screen_name":null,"user":{"id":230095408,"id_str":"230095408","name":"アイドルマスター","screen_name":"imas_anime","location":"","description":"『アイドルマスター アニメプロジェクト』公式アカウントです。","url":"http://t.co/JWSUgwEdm6","entities":{"url":{"urls":[{"url":"http://t.co/JWSUgwEdm6","expanded_url":"http://imas-anime-project.com","display_url":"imas-anime-project.com","indices":[0,22]}]},"description":{"urls":[]}},"protected":false,"followers_count":296509,"friends_count":9,"listed_count":5574,"created_at":"Fri Dec 24 07:32:57 +0000 2010","favourites_count":43,"utc_offset":32400,"time_zone":"Tokyo","geo_enabled":false,"verified":false,"statuses_count":6752,"lang":"ja","contributors_enabled":false,"is_translator":false,"is_translation_enabled":false,"profile_background_color":"C0DEED","profile_background_image_url":"http://pbs.twimg.com/profile_background_images/538366372154077184/vAXFlu2y.jpeg","profile_background_image_url_https":"https://pbs.twimg.com/profile_background_images/538366372154077184/vAXFlu2y.jpeg","profile_background_tile":true,"profile_image_url":"http://pbs.twimg.com/profile_images/538365006903910401/3u8n-us-_normal.png","profile_image_url_https":"https://pbs.twimg.com/profile_images/538365006903910401/3u8n-us-_normal.png","profile_link_color":"0084B4","profile_sidebar_border_color":"C0DEED","profile_sidebar_fill_color":"DDEEF6","profile_text_color":"333333","profile_use_background_image":true,"has_extended_profile":false,"default_profile":false,"default_profile_image":false,"following":false,"follow_request_sent":false,"notifications":false,"translator_type":"none"},"geo":null,"coordinates":null,"place":null,"contributors":null,"is_quote_status":false,"retweet_count":712,"favorite_count":1062,"favorited":false,"retweeted":false,"possibly_sensitive":false,"lang":"ja"}],"search_metadata":{"completed_in":0.152,"max_id":887533276906139600,"max_id_str":"887533276906139648","next_results":"?max_id=887520136361410559&q=lang%3Aja%20min_retweets%3A500&include_entities=1","query":"lang%3Aja+min_retweets%3A500","refresh_url":"?since_id=887533276906139648&q=lang%3Aja%20min_retweets%3A500&include_entities=1","count":15,"since_id":0,"since_id_str":"0"}}