{"statuses":[{"created_at":"Thu Jul 20 02:30:16 +0000 2017","id":887862189599674400,"id_str":"887862189599674369","text":"【7/20(木)　毎日8時間限定RT】\nフォロー＋本ツイートを11:30～19:30までにRTすると抽選で1名様にコカ・コーラ1ケース(500ml24本)が当たる！\n※当選者にはDMを送付します。\n\n#鈴鹿8耐 サイトはこちら… https://t.co/vv4pN8A5NS","truncated":true,"entities":{"hashtags":[{"text":"鈴鹿8耐","indices":[100,105]}],"symbols":[],"user_mentions":[],"urls":[{"url":"https://t.co/vv4pN8A5NS","expanded_url":"https://twitter.com/i/web/status/887862189599674369","display_url":"twitter.com/i/web/status/8…","indices":[115,138]}]},"metadata":{"iso_language_code":"ja","result_type":"recent"},"source":"<a href=\"http://bufferapp.com\" rel=\"nofollow\">Buffer</a>","in_reply_to_status_id":null,"in_reply_to_status_id_str":null,"in_reply_to_user_id":null,"in_reply_to_user_id_str":null,"in_reply_to_screen_name":null,"user":{"id":122877975,"id_str":"122877975","name":"鈴鹿サーキット","screen_name":"suzuka_event","location":"三重県鈴鹿市","description":"鈴鹿サーキット公式/レースとフェスが #アツすぎる！7.27-30 #鈴鹿8耐 40回記念大会/#8フェス やるよ！/#8耐の絶景 募集中/#8耐の持ち物 #8耐ファッション 教えて。/F1をお勉強 #えふスク 配信中！/描いてみて。#鈴鹿を描いてみた/お問い合わせは公式HPよりお願いします。","url":"https://t.co/Bs3RN78IS8","entities":{"url":{"urls":[{"url":"https://t.co/Bs3RN78IS8","expanded_url":"http://www.suzukacircuit.jp/","display_url":"suzukacircuit.jp","indices":[0,23]}]},"description":{"urls":[]}},"protected":false,"followers_count":175934,"friends_count":16642,"listed_count":2519,"created_at":"Sun Mar 14 06:14:33 +0000 2010","favourites_count":1155,"utc_offset":32400,"time_zone":"Tokyo","geo_enabled":true,"verified":true,"statuses_count":27992,"lang":"ja","contributors_enabled":false,"is_translator":false,"is_translation_enabled":false,"profile_background_color":"FFFFFF","profile_background_image_url":"http://pbs.twimg.com/profile_background_images/84603318/_____-1.jpg","profile_background_image_url_https":"https://pbs.twimg.com/profile_background_images/84603318/_____-1.jpg","profile_background_tile":false,"profile_image_url":"http://pbs.twimg.com/profile_images/885477003985469440/Lw4HCNTK_normal.jpg","profile_image_url_https":"https://pbs.twimg.com/profile_images/885477003985469440/Lw4HCNTK_normal.jpg","profile_banner_url":"https://pbs.twimg.com/profile_banners/122877975/1492946449","profile_link_color":"1B95E0","profile_sidebar_border_color":"C0DEED","profile_sidebar_fill_color":"DDEEF6","profile_text_color":"333333","profile_use_background_image":true,"has_extended_profile":true,"default_profile":false,"default_profile_image":false,"following":false,"follow_request_sent":false,"notifications":false,"translator_type":"none"},"geo":null,"coordinates":null,"place":null,"contributors":null,"is_quote_status":false,"retweet_count":643,"favorite_count":103,"favorited":false,"retweeted":false,"possibly_sensitive":false,"lang":"ja"},{"created_at":"Thu Jul 20 02:25:07 +0000 2017","id":887860894385885200,"id_str":"887860894385885186","text":"【とびだせ＋】みなさ～ん！暑中お見舞い申し上げます！暑い日が続きますが熱中症にならないように、水分をじゅうぶんとってくださいね♪ https://t.co/LVJl3mwkDz","truncated":false,"entities":{"hashtags":[],"symbols":[],"user_mentions":[],"urls":[],"media":[{"id":887860890099253200,"id_str":"887860890099253248","indices":[65,88],"media_url":"http://pbs.twimg.com/media/DFJQxoRUAAAbPvx.jpg","media_url_https":"https://pbs.twimg.com/media/DFJQxoRUAAAbPvx.jpg","url":"https://t.co/LVJl3mwkDz","display_url":"pic.twitter.com/LVJl3mwkDz","expanded_url":"https://twitter.com/doubutsuno_mori/status/887860894385885186/photo/1","type":"photo","sizes":{"medium":{"w":909,"h":1200,"resize":"fit"},"thumb":{"w":150,"h":150,"resize":"crop"},"large":{"w":1060,"h":1400,"resize":"fit"},"small":{"w":515,"h":680,"resize":"fit"}}}]},"extended_entities":{"media":[{"id":887860890099253200,"id_str":"887860890099253248","indices":[65,88],"media_url":"http://pbs.twimg.com/media/DFJQxoRUAAAbPvx.jpg","media_url_https":"https://pbs.twimg.com/media/DFJQxoRUAAAbPvx.jpg","url":"https://t.co/LVJl3mwkDz","display_url":"pic.twitter.com/LVJl3mwkDz","expanded_url":"https://twitter.com/doubutsuno_mori/status/887860894385885186/photo/1","type":"photo","sizes":{"medium":{"w":909,"h":1200,"resize":"fit"},"thumb":{"w":150,"h":150,"resize":"crop"},"large":{"w":1060,"h":1400,"resize":"fit"},"small":{"w":515,"h":680,"resize":"fit"}}}]},"metadata":{"iso_language_code":"ja","result_type":"recent"},"source":"<a href=\"http://www.nintendo.co.jp/3ds/egdj/index.html\" rel=\"nofollow\">とびだせ どうぶつの森</a>","in_reply_to_status_id":null,"in_reply_to_status_id_str":null,"in_reply_to_user_id":null,"in_reply_to_user_id_str":null,"in_reply_to_screen_name":null,"user":{"id":848450138,"id_str":"848450138","name":"どうぶつの森","screen_name":"doubutsuno_mori","location":"","description":"「どうぶつの森」の公式アカウントです。ゲームの内容や最新情報や、村の役場スタッフ「しずえ」のつぶやきを発信していきます。ご質問・お問い合わせにはお答えしておりませんのでご容赦ください。","url":"https://t.co/segXJS3uWx","entities":{"url":{"urls":[{"url":"https://t.co/segXJS3uWx","expanded_url":"https://www.nintendo.co.jp/series/mori/index.html","display_url":"nintendo.co.jp/series/mori/in…","indices":[0,23]}]},"description":{"urls":[]}},"protected":false,"followers_count":236327,"friends_count":2,"listed_count":3459,"created_at":"Thu Sep 27 01:29:24 +0000 2012","favourites_count":0,"utc_offset":32400,"time_zone":"Tokyo","geo_enabled":false,"verified":true,"statuses_count":914,"lang":"ja","contributors_enabled":false,"is_translator":false,"is_translation_enabled":true,"profile_background_color":"84BE72","profile_background_image_url":"http://pbs.twimg.com/profile_background_images/677086261/20c333f34750b2896f631deed02663d2.jpeg","profile_background_image_url_https":"https://pbs.twimg.com/profile_background_images/677086261/20c333f34750b2896f631deed02663d2.jpeg","profile_background_tile":false,"profile_image_url":"http://pbs.twimg.com/profile_images/778047555774984193/3S-zQ1K9_normal.jpg","profile_image_url_https":"https://pbs.twimg.com/profile_images/778047555774984193/3S-zQ1K9_normal.jpg","profile_banner_url":"https://pbs.twimg.com/profile_banners/848450138/1474349517","profile_link_color":"21AB38","profile_sidebar_border_color":"FFFFFF","profile_sidebar_fill_color":"DDEEF6","profile_text_color":"333333","profile_use_background_image":true,"has_extended_profile":true,"default_profile":false,"default_profile_image":false,"following":false,"follow_request_sent":false,"notifications":false,"translator_type":"none"},"geo":null,"coordinates":null,"place":null,"contributors":null,"is_quote_status":false,"retweet_count":583,"favorite_count":1002,"favorited":false,"retweeted":false,"possibly_sensitive":false,"lang":"ja"},{"created_at":"Thu Jul 20 02:24:22 +0000 2017","id":887860707013738500,"id_str":"887860707013738496","text":"【食べなきゃ】まるでピザ！サーティワンから『アイスクリームピザ』が新登場\nhttps://t.co/vKwsVTrwE9\n\nホールサイズでの販売。好きなサイズにカットして、家族や友達と手づかみで豪快に楽しめる。21日から発売する。 https://t.co/GkysqnL1JN","truncated":false,"entities":{"hashtags":[],"symbols":[],"user_mentions":[],"urls":[{"url":"https://t.co/vKwsVTrwE9","expanded_url":"http://news.livedoor.com/article/detail/13361237/","display_url":"news.livedoor.com/article/detail…","indices":[37,60]}],"media":[{"id":887860535282114600,"id_str":"887860535282114564","indices":[116,139],"media_url":"http://pbs.twimg.com/media/DFJQc-eUIAQ9WqJ.jpg","media_url_https":"https://pbs.twimg.com/media/DFJQc-eUIAQ9WqJ.jpg","url":"https://t.co/GkysqnL1JN","display_url":"pic.twitter.com/GkysqnL1JN","expanded_url":"https://twitter.com/livedoornews/status/887860707013738496/photo/1","type":"photo","sizes":{"large":{"w":640,"h":443,"resize":"fit"},"medium":{"w":640,"h":443,"resize":"fit"},"thumb":{"w":150,"h":150,"resize":"crop"},"small":{"w":640,"h":443,"resize":"fit"}}}]},"extended_entities":{"media":[{"id":887860535282114600,"id_str":"887860535282114564","indices":[116,139],"media_url":"http://pbs.twimg.com/media/DFJQc-eUIAQ9WqJ.jpg","media_url_https":"https://pbs.twimg.com/media/DFJQc-eUIAQ9WqJ.jpg","url":"https://t.co/GkysqnL1JN","display_url":"pic.twitter.com/GkysqnL1JN","expanded_url":"https://twitter.com/livedoornews/status/887860707013738496/photo/1","type":"photo","sizes":{"large":{"w":640,"h":443,"resize":"fit"},"medium":{"w":640,"h":443,"resize":"fit"},"thumb":{"w":150,"h":150,"resize":"crop"},"small":{"w":640,"h":443,"resize":"fit"}}}]},"metadata":{"iso_language_code":"ja","result_type":"recent"},"source":"<a href=\"http://twitter.com\" rel=\"nofollow\">Twitter Web Client</a>","in_reply_to_status_id":null,"in_reply_to_status_id_str":null,"in_reply_to_user_id":null,"in_reply_to_user_id_str":null,"in_reply_to_screen_name":null,"user":{"id":17306975,"id_str":"17306975","name":"ライブドアニュース","screen_name":"livedoornews","location":"","description":"LINE →https://t.co/yhJO0o7Jns／FB → https://t.co/LHTCuyIEjr／インスタ／→https://t.co/SpmVgPtfCG","url":"http://t.co/Q4Bh3OCfgY","entities":{"url":{"urls":[{"url":"http://t.co/Q4Bh3OCfgY","expanded_url":"http://news.livedoor.com/","display_url":"news.livedoor.com","indices":[0,22]}]},"description":{"urls":[{"url":"https://t.co/yhJO0o7Jns","expanded_url":"http://goo.gl/upBgKP","display_url":"goo.gl/upBgKP","indices":[6,29]},{"url":"https://t.co/LHTCuyIEjr","expanded_url":"http://goo.gl/nDULhn","display_url":"goo.gl/nDULhn","indices":[35,58]},{"url":"https://t.co/SpmVgPtfCG","expanded_url":"http://goo.gl/cHGD9G","display_url":"goo.gl/cHGD9G","indices":[65,88]}]}},"protected":false,"followers_count":430905,"friends_count":88,"listed_count":6140,"created_at":"Tue Nov 11 09:56:31 +0000 2008","favourites_count":2608,"utc_offset":32400,"time_zone":"Tokyo","geo_enabled":false,"verified":true,"statuses_count":177105,"lang":"ja","contributors_enabled":false,"is_translator":false,"is_translation_enabled":false,"profile_background_color":"FFFFFF","profile_background_image_url":"http://pbs.twimg.com/profile_background_images/378800000085828060/4b07c1d868c917fb65a3d64a20904cd5.jpeg","profile_background_image_url_https":"https://pbs.twimg.com/profile_background_images/378800000085828060/4b07c1d868c917fb65a3d64a20904cd5.jpeg","profile_background_tile":false,"profile_image_url":"http://pbs.twimg.com/profile_images/875662964988166149/whdJTD2I_normal.jpg","profile_image_url_https":"https://pbs.twimg.com/profile_images/875662964988166149/whdJTD2I_normal.jpg","profile_link_color":"51ADD4","profile_sidebar_border_color":"FFFFFF","profile_sidebar_fill_color":"95E8EC","profile_text_color":"3C3940","profile_use_background_image":true,"has_extended_profile":false,"default_profile":false,"default_profile_image":false,"following":false,"follow_request_sent":false,"notifications":false,"translator_type":"none"},"geo":null,"coordinates":null,"place":null,"contributors":null,"is_quote_status":false,"retweet_count":720,"favorite_count":912,"favorited":false,"retweeted":false,"possibly_sensitive":false,"lang":"ja"},{"created_at":"Thu Jul 20 02:16:17 +0000 2017","id":887858672663117800,"id_str":"887858672663117824","text":"POINTJPプレゼント企画\n\niTunesコード500円\n応募方法：フォロー＆RT\n締め切り：本日18時\n発送方法：DMでコード送信\n\nサイト登録一切なし。当選者はいいねにまとめていますのでご参考に。どしどしご応募ください(:3… https://t.co/nmsoEtTvvF","truncated":true,"entities":{"hashtags":[],"symbols":[],"user_mentions":[],"urls":[{"url":"https://t.co/nmsoEtTvvF","expanded_url":"https://twitter.com/i/web/status/887858672663117824","display_url":"twitter.com/i/web/status/8…","indices":[117,140]}]},"metadata":{"iso_language_code":"ja","result_type":"recent"},"source":"<a href=\"http://twitter.com/download/android\" rel=\"nofollow\">Twitter for Android</a>","in_reply_to_status_id":null,"in_reply_to_status_id_str":null,"in_reply_to_user_id":null,"in_reply_to_user_id_str":null,"in_reply_to_screen_name":null,"user":{"id":794870563835478000,"id_str":"794870563835478016","name":"POINTJP","screen_name":"POINTJP_TSUTOMU","location":"","description":"【日本ポイントサイト情報 POINTJP】の公式アカウントです。ポイントサイトのお得な情報の発信からプレゼント企画も開催。ポイントサイトの記事を「RT＆いいね」すると当選率アップ。当選者はhttps://t.co/RF53ZYbCEMで公開。基本的に質問には滅多に返答は致しませんのでご了承下さい。サイト内の画像等の無断転載禁止。","url":"https://t.co/yTOghMt3Td","entities":{"url":{"urls":[{"url":"https://t.co/yTOghMt3Td","expanded_url":"http://pointjp.com/","display_url":"pointjp.com","indices":[0,23]}]},"description":{"urls":[{"url":"https://t.co/RF53ZYbCEM","expanded_url":"http://pointjp.com","display_url":"pointjp.com","indices":[94,117]}]}},"protected":false,"followers_count":67670,"friends_count":1,"listed_count":69,"created_at":"Sat Nov 05 11:54:45 +0000 2016","favourites_count":579,"utc_offset":null,"time_zone":null,"geo_enabled":false,"verified":false,"statuses_count":1145,"lang":"ja","contributors_enabled":false,"is_translator":false,"is_translation_enabled":false,"profile_background_color":"000000","profile_background_image_url":"http://abs.twimg.com/images/themes/theme1/bg.png","profile_background_image_url_https":"https://abs.twimg.com/images/themes/theme1/bg.png","profile_background_tile":false,"profile_image_url":"http://pbs.twimg.com/profile_images/809630656955183104/55W_t8Gx_normal.jpg","profile_image_url_https":"https://pbs.twimg.com/profile_images/809630656955183104/55W_t8Gx_normal.jpg","profile_banner_url":"https://pbs.twimg.com/profile_banners/794870563835478016/1481865722","profile_link_color":"1B95E0","profile_sidebar_border_color":"000000","profile_sidebar_fill_color":"000000","profile_text_color":"000000","profile_use_background_image":false,"has_extended_profile":false,"default_profile":false,"default_profile_image":false,"following":false,"follow_request_sent":false,"notifications":false,"translator_type":"none"},"geo":null,"coordinates":null,"place":null,"contributors":null,"is_quote_status":false,"retweet_count":691,"favorite_count":148,"favorited":false,"retweeted":false,"possibly_sensitive":false,"lang":"ja"},{"created_at":"Thu Jul 20 02:11:35 +0000 2017","id":887857487885475800,"id_str":"887857487885475840","text":"大阪待ってろ! 🚂🇯🇵 https://t.co/ytVDklWkch","truncated":false,"entities":{"hashtags":[],"symbols":[],"user_mentions":[],"urls":[],"media":[{"id":887857485943513100,"id_str":"887857485943513088","indices":[12,35],"media_url":"http://pbs.twimg.com/media/DFJNrezVoAACftv.jpg","media_url_https":"https://pbs.twimg.com/media/DFJNrezVoAACftv.jpg","url":"https://t.co/ytVDklWkch","display_url":"pic.twitter.com/ytVDklWkch","expanded_url":"https://twitter.com/AustinMahone/status/887857487885475840/photo/1","type":"photo","sizes":{"small":{"w":680,"h":453,"resize":"fit"},"large":{"w":1024,"h":682,"resize":"fit"},"thumb":{"w":150,"h":150,"resize":"crop"},"medium":{"w":1024,"h":682,"resize":"fit"}}}]},"extended_entities":{"media":[{"id":887857485943513100,"id_str":"887857485943513088","indices":[12,35],"media_url":"http://pbs.twimg.com/media/DFJNrezVoAACftv.jpg","media_url_https":"https://pbs.twimg.com/media/DFJNrezVoAACftv.jpg","url":"https://t.co/ytVDklWkch","display_url":"pic.twitter.com/ytVDklWkch","expanded_url":"https://twitter.com/AustinMahone/status/887857487885475840/photo/1","type":"photo","sizes":{"small":{"w":680,"h":453,"resize":"fit"},"large":{"w":1024,"h":682,"resize":"fit"},"thumb":{"w":150,"h":150,"resize":"crop"},"medium":{"w":1024,"h":682,"resize":"fit"}}}]},"metadata":{"iso_language_code":"ja","result_type":"recent"},"source":"<a href=\"http://twitter.com/download/iphone\" rel=\"nofollow\">Twitter for iPhone</a>","in_reply_to_status_id":null,"in_reply_to_status_id_str":null,"in_reply_to_user_id":null,"in_reply_to_user_id_str":null,"in_reply_to_screen_name":null,"user":{"id":196795202,"id_str":"196795202","name":"Austin Mahone","screen_name":"AustinMahone","location":"Miami, FL","description":"Better With You music vid OUT NOW! Snapchat= YungMahone - NEW 2017 TOUR DATES UP ON https://t.co/hxIivJMtmL","url":"https://t.co/eZhIPxRNRF","entities":{"url":{"urls":[{"url":"https://t.co/eZhIPxRNRF","expanded_url":"http://www.youtube.com/watch?v=PEO5XaZvKbM","display_url":"youtube.com/watch?v=PEO5Xa…","indices":[0,23]}]},"description":{"urls":[{"url":"https://t.co/hxIivJMtmL","expanded_url":"http://AustinMahone.com","display_url":"AustinMahone.com","indices":[84,107]}]}},"protected":false,"followers_count":9938761,"friends_count":79048,"listed_count":20438,"created_at":"Wed Sep 29 22:53:34 +0000 2010","favourites_count":4884,"utc_offset":-18000,"time_zone":"Central Time (US & Canada)","geo_enabled":true,"verified":true,"statuses_count":40750,"lang":"en","contributors_enabled":false,"is_translator":false,"is_translation_enabled":true,"profile_background_color":"000000","profile_background_image_url":"http://pbs.twimg.com/profile_background_images/457179199141203968/VB9faNj0.jpeg","profile_background_image_url_https":"https://pbs.twimg.com/profile_background_images/457179199141203968/VB9faNj0.jpeg","profile_background_tile":true,"profile_image_url":"http://pbs.twimg.com/profile_images/882026678888910848/YIpKPrJk_normal.jpg","profile_image_url_https":"https://pbs.twimg.com/profile_images/882026678888910848/YIpKPrJk_normal.jpg","profile_banner_url":"https://pbs.twimg.com/profile_banners/196795202/1498865527","profile_link_color":"89C9FA","profile_sidebar_border_color":"000000","profile_sidebar_fill_color":"252429","profile_text_color":"666666","profile_use_background_image":false,"has_extended_profile":true,"default_profile":false,"default_profile_image":false,"following":false,"follow_request_sent":false,"notifications":false,"translator_type":"regular"},"geo":null,"coordinates":null,"place":null,"contributors":null,"is_quote_status":false,"retweet_count":1772,"favorite_count":5963,"favorited":false,"retweeted":false,"possibly_sensitive":false,"lang":"ja"},{"created_at":"Thu Jul 20 02:10:19 +0000 2017","id":887857167830798300,"id_str":"887857167830798337","text":"【仮装して走ろう！】東京ディズニーランドでは、体育の日の10月9日（月・祝）に、開園前のパーク内を仮装して走るスペシャルプログラム「ディズニー・ハロウィーン・ファン・アンド・ラン」を初開催します。くわしくは＞＞… https://t.co/4WZbDgLOOa","truncated":true,"entities":{"hashtags":[],"symbols":[],"user_mentions":[],"urls":[{"url":"https://t.co/4WZbDgLOOa","expanded_url":"https://twitter.com/i/web/status/887857167830798337","display_url":"twitter.com/i/web/status/8…","indices":[107,130]}]},"metadata":{"iso_language_code":"ja","result_type":"recent"},"source":"<a href=\"http://engagemanager.tribalmedia.co.jp/\" rel=\"nofollow\">EngageManager</a>","in_reply_to_status_id":null,"in_reply_to_status_id_str":null,"in_reply_to_user_id":null,"in_reply_to_user_id_str":null,"in_reply_to_screen_name":null,"user":{"id":346393965,"id_str":"346393965","name":"東京ディズニーリゾートPR【公式】","screen_name":"TDR_PR","location":"東京ディズニーリゾート(R)","description":"東京ディズニーリゾートの情報をお伝えする公式アカウントです。イベントやチケットの情報、リゾートの過ごし方がもっと楽しくなるお知らせ、パークを身近に感じられるつぶやきを発信します。リプライへのお返事はこちらからはいたしかねますのでご了承ください。","url":"http://t.co/aNDg4NJl8r","entities":{"url":{"urls":[{"url":"http://t.co/aNDg4NJl8r","expanded_url":"http://www.tokyodisneyresort.jp/","display_url":"tokyodisneyresort.jp","indices":[0,22]}]},"description":{"urls":[]}},"protected":false,"followers_count":2062356,"friends_count":0,"listed_count":6558,"created_at":"Mon Aug 01 05:47:51 +0000 2011","favourites_count":0,"utc_offset":32400,"time_zone":"Tokyo","geo_enabled":true,"verified":true,"statuses_count":2603,"lang":"ja","contributors_enabled":false,"is_translator":false,"is_translation_enabled":false,"profile_background_color":"C0DEED","profile_background_image_url":"http://pbs.twimg.com/profile_background_images/551500766/bg.jpg","profile_background_image_url_https":"https://pbs.twimg.com/profile_background_images/551500766/bg.jpg","profile_background_tile":false,"profile_image_url":"http://pbs.twimg.com/profile_images/1521694963/____tw_logo6_normal.jpg","profile_image_url_https":"https://pbs.twimg.com/profile_images/1521694963/____tw_logo6_normal.jpg","profile_banner_url":"https://pbs.twimg.com/profile_banners/346393965/1499731515","profile_link_color":"0084B4","profile_sidebar_border_color":"C0DEED","profile_sidebar_fill_color":"DDEEF6","profile_text_color":"333333","profile_use_background_image":true,"has_extended_profile":false,"default_profile":false,"default_profile_image":false,"following":false,"follow_request_sent":false,"notifications":false,"translator_type":"regular"},"geo":null,"coordinates":null,"place":null,"contributors":null,"is_quote_status":false,"retweet_count":1798,"favorite_count":3414,"favorited":false,"retweeted":false,"possibly_sensitive":false,"lang":"ja"},{"created_at":"Thu Jul 20 02:03:38 +0000 2017","id":887855489031127000,"id_str":"887855489031127041","text":"【LINEクリエイターズ着せ替え】本日からクリエイターズ着せ替えにTwinkle Bell、I♥B、ArS、天上天下が登場！プロデューサーの皆さんのLINEを可愛く彩ります♪ https://t.co/KuUw1AxlH5… https://t.co/GnIgRJwXnq","truncated":true,"entities":{"hashtags":[],"symbols":[],"user_mentions":[],"urls":[{"url":"https://t.co/KuUw1AxlH5","expanded_url":"https://store.line.me/themeshop/author/98973","display_url":"store.line.me/themeshop/auth…","indices":[88,111]},{"url":"https://t.co/GnIgRJwXnq","expanded_url":"https://twitter.com/i/web/status/887855489031127041","display_url":"twitter.com/i/web/status/8…","indices":[113,136]}]},"metadata":{"iso_language_code":"ja","result_type":"recent"},"source":"<a href=\"http://twitter.com\" rel=\"nofollow\">Twitter Web Client</a>","in_reply_to_status_id":null,"in_reply_to_status_id_str":null,"in_reply_to_user_id":null,"in_reply_to_user_id_str":null,"in_reply_to_screen_name":null,"user":{"id":3032005563,"id_str":"3032005563","name":"アイ★チュウ","screen_name":"ichu_official","location":"株式会社リベル・エンタテインメント","description":"恋愛リズムアドベンチャー『アイ★チュウ』のAndroid版、iOS版が配信！公式twitterから今後の最新ニュースをお届けします。これからチェックをお願いします！ご要望不具合のお問い合わせはゲーム内のユーザーサポート、または公式サイトのお問い合わせよりご連絡ください。 #アイチュウ","url":"https://t.co/cIGe3G2q8f","entities":{"url":{"urls":[{"url":"https://t.co/cIGe3G2q8f","expanded_url":"http://www.i-chu.jp/","display_url":"i-chu.jp","indices":[0,23]}]},"description":{"urls":[]}},"protected":false,"followers_count":126087,"friends_count":89,"listed_count":1810,"created_at":"Thu Feb 12 04:12:03 +0000 2015","favourites_count":20,"utc_offset":28800,"time_zone":"Irkutsk","geo_enabled":false,"verified":true,"statuses_count":4482,"lang":"ja","contributors_enabled":false,"is_translator":false,"is_translation_enabled":false,"profile_background_color":"C0DEED","profile_background_image_url":"http://pbs.twimg.com/profile_background_images/589051167256154112/3TAvEErN.png","profile_background_image_url_https":"https://pbs.twimg.com/profile_background_images/589051167256154112/3TAvEErN.png","profile_background_tile":true,"profile_image_url":"http://pbs.twimg.com/profile_images/879593320602771456/qo7gcPj8_normal.jpg","profile_image_url_https":"https://pbs.twimg.com/profile_images/879593320602771456/qo7gcPj8_normal.jpg","profile_banner_url":"https://pbs.twimg.com/profile_banners/3032005563/1497334488","profile_link_color":"0084B4","profile_sidebar_border_color":"C0DEED","profile_sidebar_fill_color":"DDEEF6","profile_text_color":"333333","profile_use_background_image":true,"has_extended_profile":false,"default_profile":false,"default_profile_image":false,"following":false,"follow_request_sent":false,"notifications":false,"translator_type":"none"},"geo":null,"coordinates":null,"place":null,"contributors":null,"is_quote_status":false,"retweet_count":979,"favorite_count":914,"favorited":false,"retweeted":false,"possibly_sensitive":false,"lang":"ja"},{"created_at":"Thu Jul 20 02:00:09 +0000 2017","id":887854610831953900,"id_str":"887854610831953920","text":"サーティワンの新作「アイスクリームピザ」ブラウニー生地×アイス、手づかみで楽しむ新感覚スイーツ - https://t.co/7cgAWJU4kf https://t.co/r30PH4ZQtW","truncated":false,"entities":{"hashtags":[],"symbols":[],"user_mentions":[],"urls":[{"url":"https://t.co/7cgAWJU4kf","expanded_url":"https://www.fashion-press.net/news/32219","display_url":"fashion-press.net/news/32219","indices":[50,73]}],"media":[{"id":887854596734853100,"id_str":"887854596734853121","indices":[74,97],"media_url":"http://pbs.twimg.com/media/DFJLDTqUIAEc_f_.jpg","media_url_https":"https://pbs.twimg.com/media/DFJLDTqUIAEc_f_.jpg","url":"https://t.co/r30PH4ZQtW","display_url":"pic.twitter.com/r30PH4ZQtW","expanded_url":"https://twitter.com/fashionpressnet/status/887854610831953920/photo/1","type":"photo","sizes":{"large":{"w":680,"h":471,"resize":"fit"},"small":{"w":680,"h":471,"resize":"fit"},"medium":{"w":680,"h":471,"resize":"fit"},"thumb":{"w":150,"h":150,"resize":"crop"}}}]},"extended_entities":{"media":[{"id":887854596734853100,"id_str":"887854596734853121","indices":[74,97],"media_url":"http://pbs.twimg.com/media/DFJLDTqUIAEc_f_.jpg","media_url_https":"https://pbs.twimg.com/media/DFJLDTqUIAEc_f_.jpg","url":"https://t.co/r30PH4ZQtW","display_url":"pic.twitter.com/r30PH4ZQtW","expanded_url":"https://twitter.com/fashionpressnet/status/887854610831953920/photo/1","type":"photo","sizes":{"large":{"w":680,"h":471,"resize":"fit"},"small":{"w":680,"h":471,"resize":"fit"},"medium":{"w":680,"h":471,"resize":"fit"},"thumb":{"w":150,"h":150,"resize":"crop"}}},{"id":887854601302556700,"id_str":"887854601302556673","indices":[74,97],"media_url":"http://pbs.twimg.com/media/DFJLDkrVwAEA__7.jpg","media_url_https":"https://pbs.twimg.com/media/DFJLDkrVwAEA__7.jpg","url":"https://t.co/r30PH4ZQtW","display_url":"pic.twitter.com/r30PH4ZQtW","expanded_url":"https://twitter.com/fashionpressnet/status/887854610831953920/photo/1","type":"photo","sizes":{"medium":{"w":680,"h":453,"resize":"fit"},"small":{"w":680,"h":453,"resize":"fit"},"thumb":{"w":150,"h":150,"resize":"crop"},"large":{"w":680,"h":453,"resize":"fit"}}},{"id":887854607421939700,"id_str":"887854607421939712","indices":[74,97],"media_url":"http://pbs.twimg.com/media/DFJLD7eUIAA8SaN.jpg","media_url_https":"https://pbs.twimg.com/media/DFJLD7eUIAA8SaN.jpg","url":"https://t.co/r30PH4ZQtW","display_url":"pic.twitter.com/r30PH4ZQtW","expanded_url":"https://twitter.com/fashionpressnet/status/887854610831953920/photo/1","type":"photo","sizes":{"medium":{"w":680,"h":453,"resize":"fit"},"small":{"w":680,"h":453,"resize":"fit"},"thumb":{"w":150,"h":150,"resize":"crop"},"large":{"w":680,"h":453,"resize":"fit"}}}]},"metadata":{"iso_language_code":"ja","result_type":"recent"},"source":"<a href=\"http://www.fashion-press.net/\" rel=\"nofollow\">Fashion Press</a>","in_reply_to_status_id":null,"in_reply_to_status_id_str":null,"in_reply_to_user_id":null,"in_reply_to_user_id_str":null,"in_reply_to_screen_name":null,"user":{"id":168816611,"id_str":"168816611","name":"Fashion Press","screen_name":"fashionpressnet","location":"","description":"ファッションWEBマガジン「ファッションプレス」公式アカウント。 【Instagram】http://t.co/3myapCJ1Ax【Facebook】http://t.co/8FFmQA2set","url":"http://t.co/rSEGQEqMH0","entities":{"url":{"urls":[{"url":"http://t.co/rSEGQEqMH0","expanded_url":"http://www.fashion-press.net/","display_url":"fashion-press.net","indices":[0,22]}]},"description":{"urls":[{"url":"http://t.co/3myapCJ1Ax","expanded_url":"http://instagram.com/fashionpressjp","display_url":"instagram.com/fashionpressjp","indices":[44,66]},{"url":"http://t.co/8FFmQA2set","expanded_url":"http://www.facebook.com/FashionPress.net","display_url":"facebook.com/FashionPress.n…","indices":[76,98]}]}},"protected":false,"followers_count":2343327,"friends_count":1,"listed_count":8954,"created_at":"Tue Jul 20 21:38:17 +0000 2010","favourites_count":0,"utc_offset":32400,"time_zone":"Tokyo","geo_enabled":false,"verified":true,"statuses_count":81265,"lang":"ja","contributors_enabled":false,"is_translator":false,"is_translation_enabled":false,"profile_background_color":"F5F8FA","profile_background_image_url":"http://abs.twimg.com/images/themes/theme14/bg.gif","profile_background_image_url_https":"https://abs.twimg.com/images/themes/theme14/bg.gif","profile_background_tile":false,"profile_image_url":"http://pbs.twimg.com/profile_images/491483872677228544/fuq52Rp2_normal.jpeg","profile_image_url_https":"https://pbs.twimg.com/profile_images/491483872677228544/fuq52Rp2_normal.jpeg","profile_banner_url":"https://pbs.twimg.com/profile_banners/168816611/1444307408","profile_link_color":"343738","profile_sidebar_border_color":"FFFFFF","profile_sidebar_fill_color":"DDEEF6","profile_text_color":"333333","profile_use_background_image":true,"has_extended_profile":false,"default_profile":false,"default_profile_image":false,"following":false,"follow_request_sent":false,"notifications":false,"translator_type":"none"},"geo":null,"coordinates":null,"place":null,"contributors":null,"is_quote_status":false,"retweet_count":1646,"favorite_count":3184,"favorited":false,"retweeted":false,"possibly_sensitive":false,"lang":"ja"},{"created_at":"Thu Jul 20 02:00:05 +0000 2017","id":887854593190748200,"id_str":"887854593190748161","text":"＼暑い！と思ったらRT／\n #暑い日には瞬冷辛口 !締切は７/２１午前９時５９分まで！\n\n① @asahibeer_jpをフォロー\n②この投稿をリツイート\n⇒https://t.co/cJS98piSeN https://t.co/df6NJMMEIg","truncated":false,"entities":{"hashtags":[{"text":"暑い日には瞬冷辛口","indices":[14,24]}],"symbols":[],"user_mentions":[{"screen_name":"asahibeer_jp","name":"アサヒビール ASAHIBEER","id":561669474,"id_str":"561669474","indices":[47,60]}],"urls":[{"url":"https://t.co/cJS98piSeN","expanded_url":"http://ab-fb.jp/54440","display_url":"ab-fb.jp/54440","indices":[79,102]}],"media":[{"id":887854590510510100,"id_str":"887854590510510081","indices":[103,126],"media_url":"http://pbs.twimg.com/media/DFJLC8eUMAE4zyH.jpg","media_url_https":"https://pbs.twimg.com/media/DFJLC8eUMAE4zyH.jpg","url":"https://t.co/df6NJMMEIg","display_url":"pic.twitter.com/df6NJMMEIg","expanded_url":"https://twitter.com/asahibeer_jp/status/887854593190748161/photo/1","type":"photo","sizes":{"medium":{"w":800,"h":450,"resize":"fit"},"large":{"w":800,"h":450,"resize":"fit"},"small":{"w":680,"h":383,"resize":"fit"},"thumb":{"w":150,"h":150,"resize":"crop"}}}]},"extended_entities":{"media":[{"id":887854590510510100,"id_str":"887854590510510081","indices":[103,126],"media_url":"http://pbs.twimg.com/media/DFJLC8eUMAE4zyH.jpg","media_url_https":"https://pbs.twimg.com/media/DFJLC8eUMAE4zyH.jpg","url":"https://t.co/df6NJMMEIg","display_url":"pic.twitter.com/df6NJMMEIg","expanded_url":"https://twitter.com/asahibeer_jp/status/887854593190748161/photo/1","type":"photo","sizes":{"medium":{"w":800,"h":450,"resize":"fit"},"large":{"w":800,"h":450,"resize":"fit"},"small":{"w":680,"h":383,"resize":"fit"},"thumb":{"w":150,"h":150,"resize":"crop"}}}]},"metadata":{"iso_language_code":"ja","result_type":"recent"},"source":"<a href=\"http://engagemanager.tribalmedia.co.jp/\" rel=\"nofollow\">EngageManager</a>","in_reply_to_status_id":null,"in_reply_to_status_id_str":null,"in_reply_to_user_id":null,"in_reply_to_user_id_str":null,"in_reply_to_screen_name":null,"user":{"id":561669474,"id_str":"561669474","name":"アサヒビール ASAHIBEER","screen_name":"asahibeer_jp","location":"","description":"アサヒビール公式です！飲酒は20歳になってから。飲酒運転は法律で禁止されています。フォローは20歳以上の方限定です。 【ご利用規約】https://t.co/87vTVzXt5G【お問い合わせ】https://t.co/2cgJAsil8T","url":"http://t.co/JKM5mqm9OI","entities":{"url":{"urls":[{"url":"http://t.co/JKM5mqm9OI","expanded_url":"http://www.asahibeer.co.jp/","display_url":"asahibeer.co.jp","indices":[0,22]}]},"description":{"urls":[{"url":"https://t.co/87vTVzXt5G","expanded_url":"https://goo.gl/LxiI3c","display_url":"goo.gl/LxiI3c","indices":[66,89]},{"url":"https://t.co/2cgJAsil8T","expanded_url":"https://goo.gl/aOceCQ","display_url":"goo.gl/aOceCQ","indices":[97,120]}]}},"protected":false,"followers_count":616772,"friends_count":30,"listed_count":1436,"created_at":"Tue Apr 24 00:28:13 +0000 2012","favourites_count":1,"utc_offset":32400,"time_zone":"Tokyo","geo_enabled":false,"verified":true,"statuses_count":631338,"lang":"ja","contributors_enabled":false,"is_translator":false,"is_translation_enabled":false,"profile_background_color":"FFFFFF","profile_background_image_url":"http://pbs.twimg.com/profile_background_images/378800000182351567/6y9isvcT.jpeg","profile_background_image_url_https":"https://pbs.twimg.com/profile_background_images/378800000182351567/6y9isvcT.jpeg","profile_background_tile":false,"profile_image_url":"http://pbs.twimg.com/profile_images/551878698152914944/JwmVmkeK_normal.png","profile_image_url_https":"https://pbs.twimg.com/profile_images/551878698152914944/JwmVmkeK_normal.png","profile_banner_url":"https://pbs.twimg.com/profile_banners/561669474/1496216924","profile_link_color":"0084B4","profile_sidebar_border_color":"FFFFFF","profile_sidebar_fill_color":"DDEEF6","profile_text_color":"333333","profile_use_background_image":true,"has_extended_profile":false,"default_profile":false,"default_profile_image":false,"following":false,"follow_request_sent":false,"notifications":false,"translator_type":"none"},"geo":null,"coordinates":null,"place":null,"contributors":null,"is_quote_status":false,"retweet_count":3020,"favorite_count":295,"favorited":false,"retweeted":false,"possibly_sensitive":false,"lang":"ja"},{"created_at":"Thu Jul 20 01:58:54 +0000 2017","id":887854297244815400,"id_str":"887854297244815360","text":"遊びたいモードの時は、こちらにズンズン🐯\nカメラを蹴飛ばし、レンズを乗越えやって来ます(笑)\n#トラ　#アフリカンサファリ https://t.co/rsnQKDvstZ","truncated":false,"entities":{"hashtags":[{"text":"トラ","indices":[47,50]},{"text":"アフリカンサファリ","indices":[51,61]}],"symbols":[],"user_mentions":[],"urls":[],"media":[{"id":887854104084529200,"id_str":"887854104084529152","indices":[62,85],"media_url":"http://pbs.twimg.com/ext_tw_video_thumb/887854104084529152/pu/img/wco42k_TsyjsvMqF.jpg","media_url_https":"https://pbs.twimg.com/ext_tw_video_thumb/887854104084529152/pu/img/wco42k_TsyjsvMqF.jpg","url":"https://t.co/rsnQKDvstZ","display_url":"pic.twitter.com/rsnQKDvstZ","expanded_url":"https://twitter.com/africansafari1/status/887854297244815360/video/1","type":"photo","sizes":{"large":{"w":960,"h":720,"resize":"fit"},"small":{"w":340,"h":255,"resize":"fit"},"medium":{"w":600,"h":450,"resize":"fit"},"thumb":{"w":150,"h":150,"resize":"crop"}}}]},"extended_entities":{"media":[{"id":887854104084529200,"id_str":"887854104084529152","indices":[62,85],"media_url":"http://pbs.twimg.com/ext_tw_video_thumb/887854104084529152/pu/img/wco42k_TsyjsvMqF.jpg","media_url_https":"https://pbs.twimg.com/ext_tw_video_thumb/887854104084529152/pu/img/wco42k_TsyjsvMqF.jpg","url":"https://t.co/rsnQKDvstZ","display_url":"pic.twitter.com/rsnQKDvstZ","expanded_url":"https://twitter.com/africansafari1/status/887854297244815360/video/1","type":"video","sizes":{"large":{"w":960,"h":720,"resize":"fit"},"small":{"w":340,"h":255,"resize":"fit"},"medium":{"w":600,"h":450,"resize":"fit"},"thumb":{"w":150,"h":150,"resize":"crop"}},"video_info":{"aspect_ratio":[4,3],"duration_millis":10377,"variants":[{"bitrate":832000,"content_type":"video/mp4","url":"https://video.twimg.com/ext_tw_video/887854104084529152/pu/vid/480x360/2j1GI8SMeNwxd1rD.mp4"},{"bitrate":2176000,"content_type":"video/mp4","url":"https://video.twimg.com/ext_tw_video/887854104084529152/pu/vid/960x720/xlmwfEH3x589LFeO.mp4"},{"bitrate":320000,"content_type":"video/mp4","url":"https://video.twimg.com/ext_tw_video/887854104084529152/pu/vid/240x180/rcmsKSOKF6wMR_6e.mp4"},{"content_type":"application/x-mpegURL","url":"https://video.twimg.com/ext_tw_video/887854104084529152/pu/pl/dJ6MggItmnWI7kZB.m3u8"}]},"additional_media_info":{"monetizable":false}}]},"metadata":{"iso_language_code":"ja","result_type":"recent"},"source":"<a href=\"http://twitter.com\" rel=\"nofollow\">Twitter Web Client</a>","in_reply_to_status_id":null,"in_reply_to_status_id_str":null,"in_reply_to_user_id":null,"in_reply_to_user_id_str":null,"in_reply_to_screen_name":null,"user":{"id":303054366,"id_str":"303054366","name":"アフリカンサファリ　【公式】","screen_name":"africansafari1","location":"大分県宇佐市安心院町","description":"アフリカンサファリ公式twitterです。  旬の動物情報を発信します。フォローをお願いします(^^)/\n営業情報等のお問い合わせにリプライできない場合がございます。","url":"http://t.co/7PJkVhG2YF","entities":{"url":{"urls":[{"url":"http://t.co/7PJkVhG2YF","expanded_url":"http://www.africansafari.co.jp/","display_url":"africansafari.co.jp","indices":[0,22]}]},"description":{"urls":[]}},"protected":false,"followers_count":37017,"friends_count":3,"listed_count":688,"created_at":"Sun May 22 07:02:39 +0000 2011","favourites_count":8416,"utc_offset":null,"time_zone":null,"geo_enabled":false,"verified":false,"statuses_count":1145,"lang":"ja","contributors_enabled":false,"is_translator":false,"is_translation_enabled":false,"profile_background_color":"B2DFDA","profile_background_image_url":"http://pbs.twimg.com/profile_background_images/257117839/IM.JPG","profile_background_image_url_https":"https://pbs.twimg.com/profile_background_images/257117839/IM.JPG","profile_background_tile":true,"profile_image_url":"http://pbs.twimg.com/profile_images/783139092640825344/fYQnbl4f_normal.jpg","profile_image_url_https":"https://pbs.twimg.com/profile_images/783139092640825344/fYQnbl4f_normal.jpg","profile_banner_url":"https://pbs.twimg.com/profile_banners/303054366/1462787419","profile_link_color":"93A644","profile_sidebar_border_color":"EEEEEE","profile_sidebar_fill_color":"FFFFFF","profile_text_color":"333333","profile_use_background_image":true,"has_extended_profile":false,"default_profile":false,"default_profile_image":false,"following":false,"follow_request_sent":false,"notifications":false,"translator_type":"none"},"geo":null,"coordinates":null,"place":null,"contributors":null,"is_quote_status":false,"retweet_count":834,"favorite_count":1188,"favorited":false,"retweeted":false,"possibly_sensitive":false,"lang":"ja"},{"created_at":"Thu Jul 20 01:57:46 +0000 2017","id":887854012619305000,"id_str":"887854012619304960","text":"ＡＶ感ある https://t.co/Bu4I8XJOjP","truncated":false,"entities":{"hashtags":[],"symbols":[],"user_mentions":[],"urls":[],"media":[{"id":887853969137033200,"id_str":"887853969137033216","indices":[6,29],"media_url":"http://pbs.twimg.com/media/DFJKexrVYAACO2j.jpg","media_url_https":"https://pbs.twimg.com/media/DFJKexrVYAACO2j.jpg","url":"https://t.co/Bu4I8XJOjP","display_url":"pic.twitter.com/Bu4I8XJOjP","expanded_url":"https://twitter.com/amaaaaaaa_/status/887854012619304960/photo/1","type":"photo","sizes":{"small":{"w":450,"h":633,"resize":"fit"},"thumb":{"w":150,"h":150,"resize":"crop"},"medium":{"w":450,"h":633,"resize":"fit"},"large":{"w":450,"h":633,"resize":"fit"}}}]},"extended_entities":{"media":[{"id":887853969137033200,"id_str":"887853969137033216","indices":[6,29],"media_url":"http://pbs.twimg.com/media/DFJKexrVYAACO2j.jpg","media_url_https":"https://pbs.twimg.com/media/DFJKexrVYAACO2j.jpg","url":"https://t.co/Bu4I8XJOjP","display_url":"pic.twitter.com/Bu4I8XJOjP","expanded_url":"https://twitter.com/amaaaaaaa_/status/887854012619304960/photo/1","type":"photo","sizes":{"small":{"w":450,"h":633,"resize":"fit"},"thumb":{"w":150,"h":150,"resize":"crop"},"medium":{"w":450,"h":633,"resize":"fit"},"large":{"w":450,"h":633,"resize":"fit"}}}]},"metadata":{"iso_language_code":"ja","result_type":"recent"},"source":"<a href=\"http://twitter.com\" rel=\"nofollow\">Twitter Web Client</a>","in_reply_to_status_id":null,"in_reply_to_status_id_str":null,"in_reply_to_user_id":null,"in_reply_to_user_id_str":null,"in_reply_to_screen_name":null,"user":{"id":127859553,"id_str":"127859553","name":"パリピあまー@３日目ネ-17a","screen_name":"amaaaaaaa_","location":"幸子Ｐ","description":"お絵描きとボードゲームをするアカウント。まんがタイムきらら「ヒトより私はそれが好き！」/「ヴぁるばいと！」単行本①②巻発売中。https://t.co/yMs1iSM3qX…","url":"https://t.co/pokHUly2pz","entities":{"url":{"urls":[{"url":"https://t.co/pokHUly2pz","expanded_url":"http://blog.livedoor.jp/ama709/","display_url":"blog.livedoor.jp/ama709/","indices":[0,23]}]},"description":{"urls":[{"url":"https://t.co/yMs1iSM3qX","expanded_url":"http://pixiv.net/member.php?id=","display_url":"pixiv.net/member.php?id=","indices":[63,86]}]}},"protected":false,"followers_count":35930,"friends_count":585,"listed_count":916,"created_at":"Tue Mar 30 13:09:43 +0000 2010","favourites_count":581,"utc_offset":-36000,"time_zone":"Hawaii","geo_enabled":false,"verified":false,"statuses_count":65641,"lang":"ja","contributors_enabled":false,"is_translator":false,"is_translation_enabled":false,"profile_background_color":"0099B9","profile_background_image_url":"http://pbs.twimg.com/profile_background_images/642706451551514628/ezzAT7dw.jpg","profile_background_image_url_https":"https://pbs.twimg.com/profile_background_images/642706451551514628/ezzAT7dw.jpg","profile_background_tile":true,"profile_image_url":"http://pbs.twimg.com/profile_images/877289263640961024/3mUint8K_normal.jpg","profile_image_url_https":"https://pbs.twimg.com/profile_images/877289263640961024/3mUint8K_normal.jpg","profile_banner_url":"https://pbs.twimg.com/profile_banners/127859553/1499014554","profile_link_color":"0099B9","profile_sidebar_border_color":"FFFFFF","profile_sidebar_fill_color":"95E8EC","profile_text_color":"3C3940","profile_use_background_image":true,"has_extended_profile":false,"default_profile":false,"default_profile_image":false,"following":false,"follow_request_sent":false,"notifications":false,"translator_type":"none"},"geo":null,"coordinates":null,"place":null,"contributors":null,"is_quote_status":false,"retweet_count":520,"favorite_count":1329,"favorited":false,"retweeted":false,"possibly_sensitive":false,"lang":"ja"},{"created_at":"Thu Jul 20 01:55:15 +0000 2017","id":887853379023536100,"id_str":"887853379023536128","text":"KinKi Kidsを追い続けたこの数ヶ月…🗓\n遂にっ💨\nKinKi KidsのCDデビュー💿からちょうど20年となる明日…\n\n2017年7月21日(金) よる9時〜🕰\n金曜ロードSHOW！特別ドラマ企画\n「ぼくらの勇気 未満都市 2017」放送📺\n\n青木のシーンも見てあげて〜🙏","truncated":false,"entities":{"hashtags":[],"symbols":[],"user_mentions":[],"urls":[]},"metadata":{"iso_language_code":"ja","result_type":"recent"},"source":"<a href=\"http://twitter.com/download/iphone\" rel=\"nofollow\">Twitter for iPhone</a>","in_reply_to_status_id":null,"in_reply_to_status_id_str":null,"in_reply_to_user_id":null,"in_reply_to_user_id_str":null,"in_reply_to_screen_name":null,"user":{"id":114570823,"id_str":"114570823","name":"PON!のP","screen_name":"ponnnop","location":"日本テレビで月曜〜木曜午前10時25分放送中","description":"月曜〜木曜 10時25分〜11時30分放送中！（日本テレビ・中京テレビで放送中） プロデューサーが番組のお知らせや、ちょっとした裏話をつぶやきます。また、ときどきスタッフが番組のリサーチや、お願いごとに使用することがあります。","url":"https://t.co/qRWRVSuizM","entities":{"url":{"urls":[{"url":"https://t.co/qRWRVSuizM","expanded_url":"http://www.ntv.co.jp/pon/","display_url":"ntv.co.jp/pon/","indices":[0,23]}]},"description":{"urls":[]}},"protected":false,"followers_count":82600,"friends_count":171,"listed_count":775,"created_at":"Mon Feb 15 21:37:31 +0000 2010","favourites_count":10,"utc_offset":32400,"time_zone":"Tokyo","geo_enabled":true,"verified":true,"statuses_count":3367,"lang":"ja","contributors_enabled":false,"is_translator":false,"is_translation_enabled":false,"profile_background_color":"000000","profile_background_image_url":"http://abs.twimg.com/images/themes/theme1/bg.png","profile_background_image_url_https":"https://abs.twimg.com/images/themes/theme1/bg.png","profile_background_tile":false,"profile_image_url":"http://pbs.twimg.com/profile_images/655948136964161537/RzZp_l4J_normal.png","profile_image_url_https":"https://pbs.twimg.com/profile_images/655948136964161537/RzZp_l4J_normal.png","profile_banner_url":"https://pbs.twimg.com/profile_banners/114570823/1460355010","profile_link_color":"FA743E","profile_sidebar_border_color":"000000","profile_sidebar_fill_color":"000000","profile_text_color":"000000","profile_use_background_image":false,"has_extended_profile":false,"default_profile":false,"default_profile_image":false,"following":false,"follow_request_sent":false,"notifications":false,"translator_type":"none"},"geo":null,"coordinates":null,"place":null,"contributors":null,"is_quote_status":false,"retweet_count":641,"favorite_count":919,"favorited":false,"retweeted":false,"lang":"ja"},{"created_at":"Thu Jul 20 01:47:14 +0000 2017","id":887851362502926300,"id_str":"887851362502926336","text":"Mare Nectaris [A] 正規 https://t.co/EIv4xL7Vi9","truncated":false,"entities":{"hashtags":[],"symbols":[],"user_mentions":[],"urls":[],"media":[{"id":887849607027277800,"id_str":"887849607027277824","indices":[21,44],"media_url":"http://pbs.twimg.com/ext_tw_video_thumb/887849607027277824/pu/img/YJNjVd6GHS7v50KY.jpg","media_url_https":"https://pbs.twimg.com/ext_tw_video_thumb/887849607027277824/pu/img/YJNjVd6GHS7v50KY.jpg","url":"https://t.co/EIv4xL7Vi9","display_url":"pic.twitter.com/EIv4xL7Vi9","expanded_url":"https://twitter.com/saqwz/status/887851362502926336/video/1","type":"photo","sizes":{"small":{"w":340,"h":191,"resize":"fit"},"thumb":{"w":150,"h":150,"resize":"crop"},"medium":{"w":600,"h":338,"resize":"fit"},"large":{"w":1024,"h":576,"resize":"fit"}}}]},"extended_entities":{"media":[{"id":887849607027277800,"id_str":"887849607027277824","indices":[21,44],"media_url":"http://pbs.twimg.com/ext_tw_video_thumb/887849607027277824/pu/img/YJNjVd6GHS7v50KY.jpg","media_url_https":"https://pbs.twimg.com/ext_tw_video_thumb/887849607027277824/pu/img/YJNjVd6GHS7v50KY.jpg","url":"https://t.co/EIv4xL7Vi9","display_url":"pic.twitter.com/EIv4xL7Vi9","expanded_url":"https://twitter.com/saqwz/status/887851362502926336/video/1","type":"video","sizes":{"small":{"w":340,"h":191,"resize":"fit"},"thumb":{"w":150,"h":150,"resize":"crop"},"medium":{"w":600,"h":338,"resize":"fit"},"large":{"w":1024,"h":576,"resize":"fit"}},"video_info":{"aspect_ratio":[16,9],"duration_millis":128295,"variants":[{"content_type":"application/x-mpegURL","url":"https://video.twimg.com/ext_tw_video/887849607027277824/pu/pl/sWvRvz5mbKn1TjCG.m3u8"},{"bitrate":2176000,"content_type":"video/mp4","url":"https://video.twimg.com/ext_tw_video/887849607027277824/pu/vid/1280x720/TlFgkXWwjPexxm9Z.mp4"},{"bitrate":832000,"content_type":"video/mp4","url":"https://video.twimg.com/ext_tw_video/887849607027277824/pu/vid/640x360/RNWFRCUP-ftkeur4.mp4"},{"bitrate":320000,"content_type":"video/mp4","url":"https://video.twimg.com/ext_tw_video/887849607027277824/pu/vid/320x180/AVo4y5H0K7DxEgJf.mp4"}]},"additional_media_info":{"monetizable":false}}]},"metadata":{"iso_language_code":"ja","result_type":"recent"},"source":"<a href=\"http://twitter.com\" rel=\"nofollow\">Twitter Web Client</a>","in_reply_to_status_id":null,"in_reply_to_status_id_str":null,"in_reply_to_user_id":null,"in_reply_to_user_id_str":null,"in_reply_to_screen_name":null,"user":{"id":187160979,"id_str":"187160979","name":"さくぅず","screen_name":"saqwz","location":"Tokyo","description":"曲作ってたりDJとかしてました/音げー(SP皆伝/発狂六段)/サバゲー/河合アメリ","url":null,"entities":{"description":{"urls":[]}},"protected":false,"followers_count":4511,"friends_count":2076,"listed_count":162,"created_at":"Sun Sep 05 12:54:52 +0000 2010","favourites_count":2222,"utc_offset":32400,"time_zone":"Tokyo","geo_enabled":false,"verified":false,"statuses_count":39447,"lang":"ja","contributors_enabled":false,"is_translator":false,"is_translation_enabled":false,"profile_background_color":"0C0C0C","profile_background_image_url":"http://pbs.twimg.com/profile_background_images/389556885/4.png","profile_background_image_url_https":"https://pbs.twimg.com/profile_background_images/389556885/4.png","profile_background_tile":false,"profile_image_url":"http://pbs.twimg.com/profile_images/617107591420751872/SLcrghTp_normal.jpg","profile_image_url_https":"https://pbs.twimg.com/profile_images/617107591420751872/SLcrghTp_normal.jpg","profile_banner_url":"https://pbs.twimg.com/profile_banners/187160979/1462798321","profile_link_color":"6B28A1","profile_sidebar_border_color":"181A1E","profile_sidebar_fill_color":"252429","profile_text_color":"666666","profile_use_background_image":true,"has_extended_profile":true,"default_profile":false,"default_profile_image":false,"following":false,"follow_request_sent":false,"notifications":false,"translator_type":"none"},"geo":null,"coordinates":null,"place":null,"contributors":null,"is_quote_status":false,"retweet_count":741,"favorite_count":230,"favorited":false,"retweeted":false,"possibly_sensitive":false,"lang":"ja"},{"created_at":"Thu Jul 20 01:33:01 +0000 2017","id":887847783696396300,"id_str":"887847783696396288","text":"今日7/20(木)は #ハンバーガーの日 です！🍔 夏カレーロコモコがおトクに楽しめる、スペシャルクーポンをご用意しました💥  夏カレーロコモコを食べて暑い夏を吹っ飛ばそう🎉  #ロコモコにハズレなし RTで友達にもシェアしてね🙋🏻 https://t.co/iI6GReW4yC","truncated":false,"entities":{"hashtags":[{"text":"ハンバーガーの日","indices":[11,20]},{"text":"ロコモコにハズレなし","indices":[89,100]}],"symbols":[],"user_mentions":[],"urls":[],"media":[{"id":887847781137821700,"id_str":"887847781137821700","indices":[117,140],"media_url":"http://pbs.twimg.com/media/DFJE2llWsAQYSbT.jpg","media_url_https":"https://pbs.twimg.com/media/DFJE2llWsAQYSbT.jpg","url":"https://t.co/iI6GReW4yC","display_url":"pic.twitter.com/iI6GReW4yC","expanded_url":"https://twitter.com/McDonaldsJapan/status/887847783696396288/photo/1","type":"photo","sizes":{"thumb":{"w":150,"h":150,"resize":"crop"},"small":{"w":680,"h":383,"resize":"fit"},"medium":{"w":800,"h":450,"resize":"fit"},"large":{"w":800,"h":450,"resize":"fit"}}}]},"extended_entities":{"media":[{"id":887847781137821700,"id_str":"887847781137821700","indices":[117,140],"media_url":"http://pbs.twimg.com/media/DFJE2llWsAQYSbT.jpg","media_url_https":"https://pbs.twimg.com/media/DFJE2llWsAQYSbT.jpg","url":"https://t.co/iI6GReW4yC","display_url":"pic.twitter.com/iI6GReW4yC","expanded_url":"https://twitter.com/McDonaldsJapan/status/887847783696396288/photo/1","type":"photo","sizes":{"thumb":{"w":150,"h":150,"resize":"crop"},"small":{"w":680,"h":383,"resize":"fit"},"medium":{"w":800,"h":450,"resize":"fit"},"large":{"w":800,"h":450,"resize":"fit"}}}]},"metadata":{"iso_language_code":"ja","result_type":"recent"},"source":"<a href=\"https://www.sprinklr.com\" rel=\"nofollow\">Sprinklr</a>","in_reply_to_status_id":null,"in_reply_to_status_id_str":null,"in_reply_to_user_id":null,"in_reply_to_user_id_str":null,"in_reply_to_screen_name":null,"user":{"id":184004752,"id_str":"184004752","name":"マクドナルド","screen_name":"McDonaldsJapan","location":"","description":"日本マクドナルド公式アカウントです。","url":"https://t.co/h8fsDdef2p","entities":{"url":{"urls":[{"url":"https://t.co/h8fsDdef2p","expanded_url":"http://www.mcdonalds.co.jp/","display_url":"mcdonalds.co.jp","indices":[0,23]}]},"description":{"urls":[]}},"protected":false,"followers_count":1530219,"friends_count":403,"listed_count":4661,"created_at":"Sat Aug 28 12:54:08 +0000 2010","favourites_count":15788,"utc_offset":32400,"time_zone":"Tokyo","geo_enabled":true,"verified":true,"statuses_count":8145,"lang":"en","contributors_enabled":false,"is_translator":false,"is_translation_enabled":false,"profile_background_color":"C0DEED","profile_background_image_url":"http://abs.twimg.com/images/themes/theme1/bg.png","profile_background_image_url_https":"https://abs.twimg.com/images/themes/theme1/bg.png","profile_background_tile":false,"profile_image_url":"http://pbs.twimg.com/profile_images/793025814300209152/9hEKi6CX_normal.jpg","profile_image_url_https":"https://pbs.twimg.com/profile_images/793025814300209152/9hEKi6CX_normal.jpg","profile_banner_url":"https://pbs.twimg.com/profile_banners/184004752/1491295736","profile_link_color":"1DA1F2","profile_sidebar_border_color":"C0DEED","profile_sidebar_fill_color":"DDEEF6","profile_text_color":"333333","profile_use_background_image":true,"has_extended_profile":false,"default_profile":true,"default_profile_image":false,"following":false,"follow_request_sent":false,"notifications":false,"translator_type":"none"},"geo":null,"coordinates":null,"place":null,"contributors":null,"is_quote_status":false,"retweet_count":734,"favorite_count":1112,"favorited":false,"retweeted":false,"possibly_sensitive":false,"lang":"ja"},{"created_at":"Thu Jul 20 01:29:48 +0000 2017","id":887846973717438500,"id_str":"887846973717438465","text":"「ホイちゃん洗面所好きやけーん！」 https://t.co/9rtuPi4DJn","truncated":false,"entities":{"hashtags":[],"symbols":[],"user_mentions":[],"urls":[],"media":[{"id":887846960907960300,"id_str":"887846960907960320","indices":[18,41],"media_url":"http://pbs.twimg.com/media/DFJEG1_UQAAd6CX.jpg","media_url_https":"https://pbs.twimg.com/media/DFJEG1_UQAAd6CX.jpg","url":"https://t.co/9rtuPi4DJn","display_url":"pic.twitter.com/9rtuPi4DJn","expanded_url":"https://twitter.com/HOIPPU_0722/status/887846973717438465/photo/1","type":"photo","sizes":{"large":{"w":2048,"h":1692,"resize":"fit"},"thumb":{"w":150,"h":150,"resize":"crop"},"medium":{"w":1200,"h":991,"resize":"fit"},"small":{"w":680,"h":562,"resize":"fit"}}}]},"extended_entities":{"media":[{"id":887846960907960300,"id_str":"887846960907960320","indices":[18,41],"media_url":"http://pbs.twimg.com/media/DFJEG1_UQAAd6CX.jpg","media_url_https":"https://pbs.twimg.com/media/DFJEG1_UQAAd6CX.jpg","url":"https://t.co/9rtuPi4DJn","display_url":"pic.twitter.com/9rtuPi4DJn","expanded_url":"https://twitter.com/HOIPPU_0722/status/887846973717438465/photo/1","type":"photo","sizes":{"large":{"w":2048,"h":1692,"resize":"fit"},"thumb":{"w":150,"h":150,"resize":"crop"},"medium":{"w":1200,"h":991,"resize":"fit"},"small":{"w":680,"h":562,"resize":"fit"}}},{"id":887846960878600200,"id_str":"887846960878600192","indices":[18,41],"media_url":"http://pbs.twimg.com/media/DFJEG14UQAADwKe.jpg","media_url_https":"https://pbs.twimg.com/media/DFJEG14UQAADwKe.jpg","url":"https://t.co/9rtuPi4DJn","display_url":"pic.twitter.com/9rtuPi4DJn","expanded_url":"https://twitter.com/HOIPPU_0722/status/887846973717438465/photo/1","type":"photo","sizes":{"small":{"w":680,"h":589,"resize":"fit"},"medium":{"w":1200,"h":1039,"resize":"fit"},"thumb":{"w":150,"h":150,"resize":"crop"},"large":{"w":2048,"h":1774,"resize":"fit"}}},{"id":887846960870211600,"id_str":"887846960870211584","indices":[18,41],"media_url":"http://pbs.twimg.com/media/DFJEG12UQAAQKJ4.jpg","media_url_https":"https://pbs.twimg.com/media/DFJEG12UQAAQKJ4.jpg","url":"https://t.co/9rtuPi4DJn","display_url":"pic.twitter.com/9rtuPi4DJn","expanded_url":"https://twitter.com/HOIPPU_0722/status/887846973717438465/photo/1","type":"photo","sizes":{"large":{"w":2048,"h":1730,"resize":"fit"},"thumb":{"w":150,"h":150,"resize":"crop"},"small":{"w":680,"h":574,"resize":"fit"},"medium":{"w":1200,"h":1014,"resize":"fit"}}}]},"metadata":{"iso_language_code":"ja","result_type":"recent"},"source":"<a href=\"http://twitter.com/download/iphone\" rel=\"nofollow\">Twitter for iPhone</a>","in_reply_to_status_id":null,"in_reply_to_status_id_str":null,"in_reply_to_user_id":null,"in_reply_to_user_id_str":null,"in_reply_to_screen_name":null,"user":{"id":3642094932,"id_str":"3642094932","name":"ホイップ@ねこ休み展","screen_name":"HOIPPU_0722","location":"","description":"甘え猫ホイップ(ホイティッシュホイルド♀ちくわ柄)と漫画好きホイ主の日常。基本的にゆるいので日々にお疲れの方はどうぞ。無断転載は禁止です。ブログはこちら↓","url":"https://t.co/cCuLV37jtZ","entities":{"url":{"urls":[{"url":"https://t.co/cCuLV37jtZ","expanded_url":"http://nekonavi.jp/archives/author/hoippu_0722","display_url":"nekonavi.jp/archives/autho…","indices":[0,23]}]},"description":{"urls":[]}},"protected":false,"followers_count":135032,"friends_count":180,"listed_count":1815,"created_at":"Mon Sep 21 22:20:26 +0000 2015","favourites_count":35184,"utc_offset":null,"time_zone":null,"geo_enabled":true,"verified":false,"statuses_count":12135,"lang":"ja","contributors_enabled":false,"is_translator":false,"is_translation_enabled":false,"profile_background_color":"C0DEED","profile_background_image_url":"http://abs.twimg.com/images/themes/theme1/bg.png","profile_background_image_url_https":"https://abs.twimg.com/images/themes/theme1/bg.png","profile_background_tile":false,"profile_image_url":"http://pbs.twimg.com/profile_images/830275686375895041/7tjk0iA-_normal.jpg","profile_image_url_https":"https://pbs.twimg.com/profile_images/830275686375895041/7tjk0iA-_normal.jpg","profile_banner_url":"https://pbs.twimg.com/profile_banners/3642094932/1443105215","profile_link_color":"1DA1F2","profile_sidebar_border_color":"C0DEED","profile_sidebar_fill_color":"DDEEF6","profile_text_color":"333333","profile_use_background_image":true,"has_extended_profile":true,"default_profile":true,"default_profile_image":false,"following":false,"follow_request_sent":false,"notifications":false,"translator_type":"none"},"geo":null,"coordinates":null,"place":null,"contributors":null,"is_quote_status":false,"retweet_count":610,"favorite_count":3412,"favorited":false,"retweeted":false,"possibly_sensitive":false,"lang":"ja"}],"search_metadata":{"completed_in":0.182,"max_id":887862189599674400,"max_id_str":"887862189599674369","next_results":"?max_id=887846973717438464&q=lang%3Aja%20min_retweets%3A500&include_entities=1","query":"lang%3Aja+min_retweets%3A500","refresh_url":"?since_id=887862189599674369&q=lang%3Aja%20min_retweets%3A500&include_entities=1","count":15,"since_id":0,"since_id_str":"0"}}