{"statuses":[{"created_at":"Wed Jul 19 07:06:47 +0000 2017","id":887569388382986200,"id_str":"887569388382986242","text":"【人気声優】浪川大輔に不倫疑惑、『週刊文春』報じる\nhttps://t.co/gJKUYSDxsk\n\n当時10代だった女性と交際し、3年ほどで破局したが、事務所独立前後から復縁したという。浪川は過去に親密だったことを認め、一部を否… https://t.co/TX81c9GDQc","truncated":true,"entities":{"hashtags":[],"symbols":[],"user_mentions":[],"urls":[{"url":"https://t.co/gJKUYSDxsk","expanded_url":"http://news.livedoor.com/article/detail/13357512/","display_url":"news.livedoor.com/article/detail…","indices":[26,49]},{"url":"https://t.co/TX81c9GDQc","expanded_url":"https://twitter.com/i/web/status/887569388382986242","display_url":"twitter.com/i/web/status/8…","indices":[117,140]}]},"metadata":{"iso_language_code":"ja","result_type":"recent"},"source":"<a href=\"http://twitter.com\" rel=\"nofollow\">Twitter Web Client</a>","in_reply_to_status_id":null,"in_reply_to_status_id_str":null,"in_reply_to_user_id":null,"in_reply_to_user_id_str":null,"in_reply_to_screen_name":null,"user":{"id":17306975,"id_str":"17306975","name":"ライブドアニュース","screen_name":"livedoornews","location":"","description":"LINE →https://t.co/yhJO0o7Jns／FB → https://t.co/LHTCuyIEjr／インスタ／→https://t.co/SpmVgPtfCG","url":"http://t.co/Q4Bh3OCfgY","entities":{"url":{"urls":[{"url":"http://t.co/Q4Bh3OCfgY","expanded_url":"http://news.livedoor.com/","display_url":"news.livedoor.com","indices":[0,22]}]},"description":{"urls":[{"url":"https://t.co/yhJO0o7Jns","expanded_url":"http://goo.gl/upBgKP","display_url":"goo.gl/upBgKP","indices":[6,29]},{"url":"https://t.co/LHTCuyIEjr","expanded_url":"http://goo.gl/nDULhn","display_url":"goo.gl/nDULhn","indices":[35,58]},{"url":"https://t.co/SpmVgPtfCG","expanded_url":"http://goo.gl/cHGD9G","display_url":"goo.gl/cHGD9G","indices":[65,88]}]}},"protected":false,"followers_count":430711,"friends_count":88,"listed_count":6139,"created_at":"Tue Nov 11 09:56:31 +0000 2008","favourites_count":2609,"utc_offset":32400,"time_zone":"Tokyo","geo_enabled":false,"verified":true,"statuses_count":177034,"lang":"ja","contributors_enabled":false,"is_translator":false,"is_translation_enabled":false,"profile_background_color":"FFFFFF","profile_background_image_url":"http://pbs.twimg.com/profile_background_images/378800000085828060/4b07c1d868c917fb65a3d64a20904cd5.jpeg","profile_background_image_url_https":"https://pbs.twimg.com/profile_background_images/378800000085828060/4b07c1d868c917fb65a3d64a20904cd5.jpeg","profile_background_tile":false,"profile_image_url":"http://pbs.twimg.com/profile_images/875662964988166149/whdJTD2I_normal.jpg","profile_image_url_https":"https://pbs.twimg.com/profile_images/875662964988166149/whdJTD2I_normal.jpg","profile_link_color":"51ADD4","profile_sidebar_border_color":"FFFFFF","profile_sidebar_fill_color":"95E8EC","profile_text_color":"3C3940","profile_use_background_image":true,"has_extended_profile":false,"default_profile":false,"default_profile_image":false,"following":false,"follow_request_sent":false,"notifications":false,"translator_type":"none"},"geo":null,"coordinates":null,"place":null,"contributors":null,"is_quote_status":false,"retweet_count":647,"favorite_count":386,"favorited":false,"retweeted":false,"possibly_sensitive":false,"lang":"ja"},{"created_at":"Wed Jul 19 07:03:47 +0000 2017","id":887568636642119700,"id_str":"887568636642119680","text":"甘いもの参上 https://t.co/W0kxALR9kQ","truncated":false,"entities":{"hashtags":[],"symbols":[],"user_mentions":[],"urls":[],"media":[{"id":887568627305553900,"id_str":"887568627305553920","indices":[7,30],"media_url":"http://pbs.twimg.com/media/DFFG9shUIAA8qJd.jpg","media_url_https":"https://pbs.twimg.com/media/DFFG9shUIAA8qJd.jpg","url":"https://t.co/W0kxALR9kQ","display_url":"pic.twitter.com/W0kxALR9kQ","expanded_url":"https://twitter.com/k_r_r_l_l_/status/887568636642119680/photo/1","type":"photo","sizes":{"large":{"w":2048,"h":1200,"resize":"fit"},"small":{"w":680,"h":398,"resize":"fit"},"thumb":{"w":150,"h":150,"resize":"crop"},"medium":{"w":1200,"h":703,"resize":"fit"}}}]},"extended_entities":{"media":[{"id":887568627305553900,"id_str":"887568627305553920","indices":[7,30],"media_url":"http://pbs.twimg.com/media/DFFG9shUIAA8qJd.jpg","media_url_https":"https://pbs.twimg.com/media/DFFG9shUIAA8qJd.jpg","url":"https://t.co/W0kxALR9kQ","display_url":"pic.twitter.com/W0kxALR9kQ","expanded_url":"https://twitter.com/k_r_r_l_l_/status/887568636642119680/photo/1","type":"photo","sizes":{"large":{"w":2048,"h":1200,"resize":"fit"},"small":{"w":680,"h":398,"resize":"fit"},"thumb":{"w":150,"h":150,"resize":"crop"},"medium":{"w":1200,"h":703,"resize":"fit"}}}]},"metadata":{"iso_language_code":"ja","result_type":"recent"},"source":"<a href=\"http://twitter.com/download/iphone\" rel=\"nofollow\">Twitter for iPhone</a>","in_reply_to_status_id":null,"in_reply_to_status_id_str":null,"in_reply_to_user_id":null,"in_reply_to_user_id_str":null,"in_reply_to_screen_name":null,"user":{"id":228727136,"id_str":"228727136","name":"るるてあ","screen_name":"k_r_r_l_l_","location":"","description":"鶏卵が好きです。 ■LINEスタンプはこちら→https://t.co/pdmpZQP31U ■イラストのアイコン・ヘッダー使用はご自由にどうぞ。画像の加工・商用利用はお控えください。■商品化の御連絡はこちらにお願い致します。→https://t.co/0Rqh1X5CTr","url":null,"entities":{"description":{"urls":[{"url":"https://t.co/pdmpZQP31U","expanded_url":"http://line.me/S/sticker/1457374","display_url":"line.me/S/sticker/1457…","indices":[23,46]},{"url":"https://t.co/0Rqh1X5CTr","expanded_url":"https://spiralcute.com/contact/index","display_url":"spiralcute.com/contact/index","indices":[114,137]}]}},"protected":false,"followers_count":158867,"friends_count":167,"listed_count":1195,"created_at":"Mon Dec 20 14:20:27 +0000 2010","favourites_count":22125,"utc_offset":32400,"time_zone":"Tokyo","geo_enabled":false,"verified":false,"statuses_count":66442,"lang":"ja","contributors_enabled":false,"is_translator":false,"is_translation_enabled":false,"profile_background_color":"C0DEED","profile_background_image_url":"http://abs.twimg.com/images/themes/theme1/bg.png","profile_background_image_url_https":"https://abs.twimg.com/images/themes/theme1/bg.png","profile_background_tile":false,"profile_image_url":"http://pbs.twimg.com/profile_images/846307150703935488/_WU1B7sY_normal.jpg","profile_image_url_https":"https://pbs.twimg.com/profile_images/846307150703935488/_WU1B7sY_normal.jpg","profile_banner_url":"https://pbs.twimg.com/profile_banners/228727136/1491489775","profile_link_color":"1DA1F2","profile_sidebar_border_color":"C0DEED","profile_sidebar_fill_color":"DDEEF6","profile_text_color":"333333","profile_use_background_image":true,"has_extended_profile":false,"default_profile":true,"default_profile_image":false,"following":false,"follow_request_sent":false,"notifications":false,"translator_type":"none"},"geo":null,"coordinates":null,"place":null,"contributors":null,"is_quote_status":false,"retweet_count":632,"favorite_count":1450,"favorited":false,"retweeted":false,"possibly_sensitive":false,"lang":"ja"},{"created_at":"Wed Jul 19 07:03:12 +0000 2017","id":887568487442333700,"id_str":"887568487442333696","text":"【メンテナンス延長のお知らせ】\n本日7/19 15:00〜16:00で実施中のメンテナンスにおきまして、確認事項が発生したためメンテナンス時間を延長させていただております。終了時間は追ってご報告させていただきます。\nユーザーの皆様には大変ご迷惑をおかけし誠に申し訳ございません。","truncated":false,"entities":{"hashtags":[],"symbols":[],"user_mentions":[],"urls":[]},"metadata":{"iso_language_code":"ja","result_type":"recent"},"source":"<a href=\"http://twitter.com\" rel=\"nofollow\">Twitter Web Client</a>","in_reply_to_status_id":null,"in_reply_to_status_id_str":null,"in_reply_to_user_id":null,"in_reply_to_user_id_str":null,"in_reply_to_screen_name":null,"user":{"id":818752826025181200,"id_str":"818752826025181184","name":"SINoALICE -シノアリス-","screen_name":"sinoalice_jp","location":"","description":"ヨコオタロウ×スクエニ×ポケラボ がおくる新作スマホ向けゲーム #シノアリス 公式Twitterアカウントです。\n◆アプリDLはこちら\n⇒https://t.co/0Bvhhbs0A4\n◆公式LINE@はこちら⇒https://t.co/PMEq2MRxjO","url":"https://t.co/DKtf1B4qVc","entities":{"url":{"urls":[{"url":"https://t.co/DKtf1B4qVc","expanded_url":"http://sinoalice.jp","display_url":"sinoalice.jp","indices":[0,23]}]},"description":{"urls":[{"url":"https://t.co/0Bvhhbs0A4","expanded_url":"https://app.adjust.com/pgmu79","display_url":"app.adjust.com/pgmu79","indices":[69,92]},{"url":"https://t.co/PMEq2MRxjO","expanded_url":"https://line.me/R/ti/p/%40kzc6995v","display_url":"line.me/R/ti/p/%40kzc6…","indices":[106,129]}]}},"protected":false,"followers_count":457954,"friends_count":26,"listed_count":2221,"created_at":"Tue Jan 10 09:34:20 +0000 2017","favourites_count":0,"utc_offset":32400,"time_zone":"Tokyo","geo_enabled":false,"verified":true,"statuses_count":270,"lang":"ja","contributors_enabled":false,"is_translator":false,"is_translation_enabled":false,"profile_background_color":"000000","profile_background_image_url":"http://abs.twimg.com/images/themes/theme1/bg.png","profile_background_image_url_https":"https://abs.twimg.com/images/themes/theme1/bg.png","profile_background_tile":false,"profile_image_url":"http://pbs.twimg.com/profile_images/832048740965851136/FdKSkqlu_normal.jpg","profile_image_url_https":"https://pbs.twimg.com/profile_images/832048740965851136/FdKSkqlu_normal.jpg","profile_banner_url":"https://pbs.twimg.com/profile_banners/818752826025181184/1496718704","profile_link_color":"ABB8C2","profile_sidebar_border_color":"000000","profile_sidebar_fill_color":"000000","profile_text_color":"000000","profile_use_background_image":false,"has_extended_profile":false,"default_profile":false,"default_profile_image":false,"following":false,"follow_request_sent":false,"notifications":false,"translator_type":"none"},"geo":null,"coordinates":null,"place":null,"contributors":null,"is_quote_status":false,"retweet_count":760,"favorite_count":617,"favorited":false,"retweeted":false,"lang":"ja"},{"created_at":"Wed Jul 19 07:02:25 +0000 2017","id":887568293074227200,"id_str":"887568293074227200","text":"🎁プレゼント🎁\n\nドラマ「銀魂-ミツバ篇-」吉沢亮さん、北乃きいさんのサイン入りチェキを3名様、サイン入りポスターを1名様に🎉この投稿をRT&amp;フォローで応募完了😉当選者にDMします💌締切7/20\n\n⏩… https://t.co/hnSY3PhWSZ","truncated":true,"entities":{"hashtags":[],"symbols":[],"user_mentions":[],"urls":[{"url":"https://t.co/hnSY3PhWSZ","expanded_url":"https://twitter.com/i/web/status/887568293074227200","display_url":"twitter.com/i/web/status/8…","indices":[106,129]}]},"metadata":{"iso_language_code":"ja","result_type":"recent"},"source":"<a href=\"https://www.sprinklr.com\" rel=\"nofollow\">Sprinklr</a>","in_reply_to_status_id":null,"in_reply_to_status_id_str":null,"in_reply_to_user_id":null,"in_reply_to_user_id_str":null,"in_reply_to_screen_name":null,"user":{"id":4301485453,"id_str":"4301485453","name":"LINE LIVE🤳ライブで話そう","screen_name":"LINELIVE_JP","location":"配信枠","description":"スマホ１つで誰でもライブ配信📱 #ラインライブ の公式アカウントです😉只今配信キャンペーン中！毎週総額100万円相当ポイントGETのチャンスhttps://t.co/UNYibhvUEz 今すぐアプリ起動https://t.co/oQcJgeqGrY","url":"https://t.co/oQcJgeqGrY","entities":{"url":{"urls":[{"url":"https://t.co/oQcJgeqGrY","expanded_url":"http://lin.ee/1aQvFMf/twprofUg78PdD","display_url":"lin.ee/1aQvFMf/twprof…","indices":[0,23]}]},"description":{"urls":[{"url":"https://t.co/UNYibhvUEz","expanded_url":"http://lin.ee/861TXBw/dtzb/twprofUg8WX7G","display_url":"lin.ee/861TXBw/dtzb/t…","indices":[70,93]},{"url":"https://t.co/oQcJgeqGrY","expanded_url":"http://lin.ee/1aQvFMf/twprofUg78PdD","display_url":"lin.ee/1aQvFMf/twprof…","indices":[102,125]}]}},"protected":false,"followers_count":307512,"friends_count":1071,"listed_count":419,"created_at":"Fri Nov 20 13:44:42 +0000 2015","favourites_count":738,"utc_offset":32400,"time_zone":"Tokyo","geo_enabled":true,"verified":true,"statuses_count":13677,"lang":"ja","contributors_enabled":false,"is_translator":false,"is_translation_enabled":false,"profile_background_color":"130D32","profile_background_image_url":"http://abs.twimg.com/images/themes/theme14/bg.gif","profile_background_image_url_https":"https://abs.twimg.com/images/themes/theme14/bg.gif","profile_background_tile":true,"profile_image_url":"http://pbs.twimg.com/profile_images/827097884617166852/2ahL69n8_normal.jpg","profile_image_url_https":"https://pbs.twimg.com/profile_images/827097884617166852/2ahL69n8_normal.jpg","profile_banner_url":"https://pbs.twimg.com/profile_banners/4301485453/1479442557","profile_link_color":"130D32","profile_sidebar_border_color":"000000","profile_sidebar_fill_color":"000000","profile_text_color":"000000","profile_use_background_image":true,"has_extended_profile":false,"default_profile":false,"default_profile_image":false,"following":false,"follow_request_sent":false,"notifications":false,"translator_type":"none"},"geo":null,"coordinates":null,"place":null,"contributors":null,"is_quote_status":false,"retweet_count":828,"favorite_count":325,"favorited":false,"retweeted":false,"possibly_sensitive":false,"lang":"ja"},{"created_at":"Wed Jul 19 07:01:49 +0000 2017","id":887568141676564500,"id_str":"887568141676564484","text":"★A3! イベント配信開始★\nメンテナンスが終了し、イベント『春組第三回公演 ぜんまい仕掛けのココロ』の配信を開始いたしました。イベントpt獲得で限定ストーリーや限定劇団員がGETできます！配信は【7/28 13:59】まで… https://t.co/YIGoa3rEls","truncated":true,"entities":{"hashtags":[],"symbols":[],"user_mentions":[],"urls":[{"url":"https://t.co/YIGoa3rEls","expanded_url":"https://twitter.com/i/web/status/887568141676564484","display_url":"twitter.com/i/web/status/8…","indices":[114,137]}]},"metadata":{"iso_language_code":"ja","result_type":"recent"},"source":"<a href=\"http://twitter.com\" rel=\"nofollow\">Twitter Web Client</a>","in_reply_to_status_id":null,"in_reply_to_status_id_str":null,"in_reply_to_user_id":null,"in_reply_to_user_id_str":null,"in_reply_to_screen_name":null,"user":{"id":768448988626333700,"id_str":"768448988626333697","name":"【公式】A3!（エースリー）","screen_name":"mankai_company","location":"","description":"１月２７日（金）配信スタート！イケメン役者育成アプリ『A3!』公式Twitterアカウントです。 ハッシュタグは #エースリー アプリに関するお問合せは、アプリ内「サポート」または公式HP内のお問合せフォームよりお願いいたします。","url":"https://t.co/BVvtqOsoYc","entities":{"url":{"urls":[{"url":"https://t.co/BVvtqOsoYc","expanded_url":"http://www.a3-liber.jp/","display_url":"a3-liber.jp","indices":[0,23]}]},"description":{"urls":[]}},"protected":false,"followers_count":303960,"friends_count":54,"listed_count":2705,"created_at":"Wed Aug 24 14:04:50 +0000 2016","favourites_count":0,"utc_offset":-25200,"time_zone":"Pacific Time (US & Canada)","geo_enabled":false,"verified":true,"statuses_count":811,"lang":"ja","contributors_enabled":false,"is_translator":false,"is_translation_enabled":false,"profile_background_color":"000000","profile_background_image_url":"http://abs.twimg.com/images/themes/theme1/bg.png","profile_background_image_url_https":"https://abs.twimg.com/images/themes/theme1/bg.png","profile_background_tile":false,"profile_image_url":"http://pbs.twimg.com/profile_images/848187532135153664/VeXZsEYh_normal.jpg","profile_image_url_https":"https://pbs.twimg.com/profile_images/848187532135153664/VeXZsEYh_normal.jpg","profile_banner_url":"https://pbs.twimg.com/profile_banners/768448988626333697/1476954146","profile_link_color":"1B95E0","profile_sidebar_border_color":"000000","profile_sidebar_fill_color":"000000","profile_text_color":"000000","profile_use_background_image":false,"has_extended_profile":false,"default_profile":false,"default_profile_image":false,"following":false,"follow_request_sent":false,"notifications":false,"translator_type":"none"},"geo":null,"coordinates":null,"place":null,"contributors":null,"is_quote_status":false,"retweet_count":1894,"favorite_count":2379,"favorited":false,"retweeted":false,"possibly_sensitive":false,"lang":"ja"},{"created_at":"Wed Jul 19 07:00:59 +0000 2017","id":887567929427976200,"id_str":"887567929427976192","text":"【動画】【実況】ポケットモンスター(サン)を愚痴(ぐち)りながらやった その１ https://t.co/BNAg6sZ8BX  を投稿しました。 #sm31597387","truncated":false,"entities":{"hashtags":[{"text":"sm31597387","indices":[74,85]}],"symbols":[],"user_mentions":[],"urls":[{"url":"https://t.co/BNAg6sZ8BX","expanded_url":"http://nico.ms/sm31597387","display_url":"nico.ms/sm31597387","indices":[40,63]}]},"metadata":{"iso_language_code":"ja","result_type":"recent"},"source":"<a href=\"http://twitter.com\" rel=\"nofollow\">Twitter Web Client</a>","in_reply_to_status_id":null,"in_reply_to_status_id_str":null,"in_reply_to_user_id":null,"in_reply_to_user_id_str":null,"in_reply_to_screen_name":null,"user":{"id":2256141187,"id_str":"2256141187","name":"すぎる","screen_name":"sugiru2","location":"","description":"ゲーム実況やってます→　https://t.co/BSDm0Zl13F  リプにお返事できなくてすいません┏○ 『ナポリの男たち』チャンネル→https://t.co/Mtzf9KDh0M","url":null,"entities":{"description":{"urls":[{"url":"https://t.co/BSDm0Zl13F","expanded_url":"http://www.nicovideo.jp/user/13910424","display_url":"nicovideo.jp/user/13910424","indices":[12,35]},{"url":"https://t.co/Mtzf9KDh0M","expanded_url":"http://ch.nicovideo.jp/naporich","display_url":"ch.nicovideo.jp/naporich","indices":[71,94]}]}},"protected":false,"followers_count":53347,"friends_count":38743,"listed_count":1235,"created_at":"Sat Dec 21 07:31:44 +0000 2013","favourites_count":272,"utc_offset":-25200,"time_zone":"Pacific Time (US & Canada)","geo_enabled":false,"verified":false,"statuses_count":311,"lang":"ja","contributors_enabled":false,"is_translator":false,"is_translation_enabled":false,"profile_background_color":"131516","profile_background_image_url":"http://abs.twimg.com/images/themes/theme14/bg.gif","profile_background_image_url_https":"https://abs.twimg.com/images/themes/theme14/bg.gif","profile_background_tile":true,"profile_image_url":"http://pbs.twimg.com/profile_images/828231122609770496/E_8p25Ho_normal.jpg","profile_image_url_https":"https://pbs.twimg.com/profile_images/828231122609770496/E_8p25Ho_normal.jpg","profile_banner_url":"https://pbs.twimg.com/profile_banners/2256141187/1483650664","profile_link_color":"009999","profile_sidebar_border_color":"EEEEEE","profile_sidebar_fill_color":"EFEFEF","profile_text_color":"333333","profile_use_background_image":true,"has_extended_profile":false,"default_profile":false,"default_profile_image":false,"following":false,"follow_request_sent":false,"notifications":false,"translator_type":"none"},"geo":null,"coordinates":null,"place":null,"contributors":null,"is_quote_status":false,"retweet_count":671,"favorite_count":867,"favorited":false,"retweeted":false,"possibly_sensitive":false,"lang":"ja"},{"created_at":"Wed Jul 19 07:00:01 +0000 2017","id":887567686523248600,"id_str":"887567686523248640","text":"【リリース日に関するお知らせ】\n現在リリースに向けて引き続き調整を進めております。\nお待ち頂いている皆様への、リリース日のご案内は\n来週改めてさせて頂きたいと存じます。\n引き続きよろしくお願いします。\n\n#マギレコ #madoka_magica　#魔法少女まどかマギカ","truncated":false,"entities":{"hashtags":[{"text":"マギレコ","indices":[102,107]},{"text":"madoka_magica","indices":[108,122]},{"text":"魔法少女まどかマギカ","indices":[123,134]}],"symbols":[],"user_mentions":[],"urls":[]},"metadata":{"iso_language_code":"ja","result_type":"recent"},"source":"<a href=\"https://about.twitter.com/products/tweetdeck\" rel=\"nofollow\">TweetDeck</a>","in_reply_to_status_id":null,"in_reply_to_status_id_str":null,"in_reply_to_user_id":null,"in_reply_to_user_id_str":null,"in_reply_to_screen_name":null,"user":{"id":761743038800474100,"id_str":"761743038800474112","name":"マギアレコード公式","screen_name":"magireco","location":"","description":"2017年7月配信予定のスマートフォンゲーム《事前登録 受付中》『マギアレコード 魔法少女まどか☆マギカ外伝』に関するお知らせ（＃マギレコ）をつぶやきます。メッセージ等への個別のご返信は行えません。","url":"https://t.co/ftgLAmLNA9","entities":{"url":{"urls":[{"url":"https://t.co/ftgLAmLNA9","expanded_url":"http://magireco.com","display_url":"magireco.com","indices":[0,23]}]},"description":{"urls":[]}},"protected":false,"followers_count":151070,"friends_count":1,"listed_count":737,"created_at":"Sat Aug 06 01:57:47 +0000 2016","favourites_count":0,"utc_offset":-25200,"time_zone":"Pacific Time (US & Canada)","geo_enabled":false,"verified":true,"statuses_count":97,"lang":"ja","contributors_enabled":false,"is_translator":false,"is_translation_enabled":false,"profile_background_color":"000000","profile_background_image_url":"http://abs.twimg.com/images/themes/theme1/bg.png","profile_background_image_url_https":"https://abs.twimg.com/images/themes/theme1/bg.png","profile_background_tile":false,"profile_image_url":"http://pbs.twimg.com/profile_images/838676369630375936/XGrdGpXc_normal.jpg","profile_image_url_https":"https://pbs.twimg.com/profile_images/838676369630375936/XGrdGpXc_normal.jpg","profile_banner_url":"https://pbs.twimg.com/profile_banners/761743038800474112/1495074644","profile_link_color":"FF84AE","profile_sidebar_border_color":"000000","profile_sidebar_fill_color":"000000","profile_text_color":"000000","profile_use_background_image":false,"has_extended_profile":false,"default_profile":false,"default_profile_image":false,"following":false,"follow_request_sent":false,"notifications":false,"translator_type":"none"},"geo":null,"coordinates":null,"place":null,"contributors":null,"is_quote_status":false,"retweet_count":1071,"favorite_count":726,"favorited":false,"retweeted":false,"lang":"ja"},{"created_at":"Wed Jul 19 06:55:18 +0000 2017","id":887566498855657500,"id_str":"887566498855657473","text":"夏のワンマンツアーのリハーサル中！\nMr.Fakeの生演奏はど迫力でめっちゃ楽しい〜！！！ https://t.co/pkvnuwWDoH","truncated":false,"entities":{"hashtags":[],"symbols":[],"user_mentions":[],"urls":[],"media":[{"id":887566361014054900,"id_str":"887566361014054913","indices":[46,69],"media_url":"http://pbs.twimg.com/ext_tw_video_thumb/887566361014054913/pu/img/v1HFmoiQ1Kl2a4xJ.jpg","media_url_https":"https://pbs.twimg.com/ext_tw_video_thumb/887566361014054913/pu/img/v1HFmoiQ1Kl2a4xJ.jpg","url":"https://t.co/pkvnuwWDoH","display_url":"pic.twitter.com/pkvnuwWDoH","expanded_url":"https://twitter.com/_amatsuki_/status/887566498855657473/video/1","type":"photo","sizes":{"small":{"w":340,"h":191,"resize":"fit"},"thumb":{"w":150,"h":150,"resize":"crop"},"medium":{"w":600,"h":338,"resize":"fit"},"large":{"w":1024,"h":576,"resize":"fit"}}}]},"extended_entities":{"media":[{"id":887566361014054900,"id_str":"887566361014054913","indices":[46,69],"media_url":"http://pbs.twimg.com/ext_tw_video_thumb/887566361014054913/pu/img/v1HFmoiQ1Kl2a4xJ.jpg","media_url_https":"https://pbs.twimg.com/ext_tw_video_thumb/887566361014054913/pu/img/v1HFmoiQ1Kl2a4xJ.jpg","url":"https://t.co/pkvnuwWDoH","display_url":"pic.twitter.com/pkvnuwWDoH","expanded_url":"https://twitter.com/_amatsuki_/status/887566498855657473/video/1","type":"video","sizes":{"small":{"w":340,"h":191,"resize":"fit"},"thumb":{"w":150,"h":150,"resize":"crop"},"medium":{"w":600,"h":338,"resize":"fit"},"large":{"w":1024,"h":576,"resize":"fit"}},"video_info":{"aspect_ratio":[16,9],"duration_millis":17678,"variants":[{"content_type":"application/x-mpegURL","url":"https://video.twimg.com/ext_tw_video/887566361014054913/pu/pl/AoJNnWsoWRHOYOwj.m3u8"},{"bitrate":832000,"content_type":"video/mp4","url":"https://video.twimg.com/ext_tw_video/887566361014054913/pu/vid/640x360/be1ACOpntuFwUqoV.mp4"},{"bitrate":2176000,"content_type":"video/mp4","url":"https://video.twimg.com/ext_tw_video/887566361014054913/pu/vid/1280x720/8PMX6g7r_sCtu8oD.mp4"},{"bitrate":320000,"content_type":"video/mp4","url":"https://video.twimg.com/ext_tw_video/887566361014054913/pu/vid/320x180/IQODAYZu77zK_CJ6.mp4"}]},"additional_media_info":{"monetizable":false}}]},"metadata":{"iso_language_code":"ja","result_type":"recent"},"source":"<a href=\"http://twitter.com/download/iphone\" rel=\"nofollow\">Twitter for iPhone</a>","in_reply_to_status_id":null,"in_reply_to_status_id_str":null,"in_reply_to_user_id":null,"in_reply_to_user_id_str":null,"in_reply_to_screen_name":null,"user":{"id":94322333,"id_str":"94322333","name":"天月 7/19 3rdシングル発売！","screen_name":"_amatsuki_","location":"依頼など【amatsuki2525@yahoo.co.jp】","description":"どこまでも届くように歌います。 7/19 3rdシングル『Mr.fake / ツナゲル』リリースします！ 「トモダチゲーム」主題歌、声優担当 niconico☞https://t.co/S4lxjOmZbL Youtube ☞ https://t.co/6tJz6H1C2X","url":"https://t.co/NKrARBl0oR","entities":{"url":{"urls":[{"url":"https://t.co/NKrARBl0oR","expanded_url":"http://amatsuki.jp/","display_url":"amatsuki.jp","indices":[0,23]}]},"description":{"urls":[{"url":"https://t.co/S4lxjOmZbL","expanded_url":"http://goo.gl/zAlcRg","display_url":"goo.gl/zAlcRg","indices":[80,103]},{"url":"https://t.co/6tJz6H1C2X","expanded_url":"http://bit.ly/1FLfr2s","display_url":"bit.ly/1FLfr2s","indices":[114,137]}]}},"protected":false,"followers_count":721167,"friends_count":660,"listed_count":8822,"created_at":"Thu Dec 03 12:50:34 +0000 2009","favourites_count":17758,"utc_offset":32400,"time_zone":"Tokyo","geo_enabled":true,"verified":false,"statuses_count":71624,"lang":"ja","contributors_enabled":false,"is_translator":false,"is_translation_enabled":false,"profile_background_color":"0099B9","profile_background_image_url":"http://pbs.twimg.com/profile_background_images/571927444/gghle38lydw51pogjv0d.jpeg","profile_background_image_url_https":"https://pbs.twimg.com/profile_background_images/571927444/gghle38lydw51pogjv0d.jpeg","profile_background_tile":false,"profile_image_url":"http://pbs.twimg.com/profile_images/813460090845949952/3OuQ2AvO_normal.jpg","profile_image_url_https":"https://pbs.twimg.com/profile_images/813460090845949952/3OuQ2AvO_normal.jpg","profile_banner_url":"https://pbs.twimg.com/profile_banners/94322333/1494926414","profile_link_color":"0099B9","profile_sidebar_border_color":"5ED4DC","profile_sidebar_fill_color":"95E8EC","profile_text_color":"3C3940","profile_use_background_image":true,"has_extended_profile":true,"default_profile":false,"default_profile_image":false,"following":false,"follow_request_sent":false,"notifications":false,"translator_type":"none"},"geo":null,"coordinates":null,"place":null,"contributors":null,"is_quote_status":false,"retweet_count":795,"favorite_count":3512,"favorited":false,"retweeted":false,"possibly_sensitive":false,"lang":"ja"},{"created_at":"Wed Jul 19 06:51:28 +0000 2017","id":887565537173053400,"id_str":"887565537173053440","text":"【MUSIC】本日7/19（水）B-PROJECT 1stALBUM『S級パラダイス』発売！14人で歌う表題曲他、BLACKにはTHRIVE・KiLLER KiNGの新曲、WHITEにはキタコレ・MooNsの新曲が収録。… https://t.co/qpbIDDfaRg","truncated":true,"entities":{"hashtags":[],"symbols":[],"user_mentions":[],"urls":[{"url":"https://t.co/qpbIDDfaRg","expanded_url":"https://twitter.com/i/web/status/887565537173053440","display_url":"twitter.com/i/web/status/8…","indices":[112,135]}]},"metadata":{"iso_language_code":"ja","result_type":"recent"},"source":"<a href=\"http://twitter.com\" rel=\"nofollow\">Twitter Web Client</a>","in_reply_to_status_id":null,"in_reply_to_status_id_str":null,"in_reply_to_user_id":null,"in_reply_to_user_id_str":null,"in_reply_to_screen_name":null,"user":{"id":3239391516,"id_str":"3239391516","name":"B-PROJECT official","screen_name":"Bpro_info","location":"※Twitterでの個別返信対応はしておりません※","description":"B-PROJECT及び所属アーティストに関する情報をお知らせします。 ★LOVE＆ART公式ニコ生ラジオB-PROJECT『ガンダーラBB+』毎月第2金曜日22時〜放送中★ #Bプロ","url":"https://t.co/pFpYYYYaPV","entities":{"url":{"urls":[{"url":"https://t.co/pFpYYYYaPV","expanded_url":"http://bpro-official.com/","display_url":"bpro-official.com","indices":[0,23]}]},"description":{"urls":[]}},"protected":false,"followers_count":189133,"friends_count":6,"listed_count":2219,"created_at":"Mon Jun 08 03:34:34 +0000 2015","favourites_count":0,"utc_offset":-25200,"time_zone":"Pacific Time (US & Canada)","geo_enabled":true,"verified":true,"statuses_count":874,"lang":"ja","contributors_enabled":false,"is_translator":false,"is_translation_enabled":false,"profile_background_color":"C0DEED","profile_background_image_url":"http://abs.twimg.com/images/themes/theme1/bg.png","profile_background_image_url_https":"https://abs.twimg.com/images/themes/theme1/bg.png","profile_background_tile":false,"profile_image_url":"http://pbs.twimg.com/profile_images/629890711492521984/H7YjkaXh_normal.png","profile_image_url_https":"https://pbs.twimg.com/profile_images/629890711492521984/H7YjkaXh_normal.png","profile_banner_url":"https://pbs.twimg.com/profile_banners/3239391516/1473432945","profile_link_color":"000000","profile_sidebar_border_color":"000000","profile_sidebar_fill_color":"000000","profile_text_color":"000000","profile_use_background_image":true,"has_extended_profile":true,"default_profile":false,"default_profile_image":false,"following":false,"follow_request_sent":false,"notifications":false,"translator_type":"none"},"geo":null,"coordinates":null,"place":null,"contributors":null,"is_quote_status":false,"retweet_count":1181,"favorite_count":1918,"favorited":false,"retweeted":false,"possibly_sensitive":false,"lang":"ja"},{"created_at":"Wed Jul 19 06:29:53 +0000 2017","id":887560104433680400,"id_str":"887560104433680385","text":"【幻のi5 UHDキャンペーン】\n世界に5台しかない、GIGABYTE BRIX GAMING \"i5\"モデル(GB-BNi5HG4-950)の内、残りの3台も抽選で3名様にプレゼント！！\n※応募方法：本アカウントをフォロー＆リツ… https://t.co/rhqzPFbqTx","truncated":true,"entities":{"hashtags":[],"symbols":[],"user_mentions":[],"urls":[{"url":"https://t.co/rhqzPFbqTx","expanded_url":"https://twitter.com/i/web/status/887560104433680385","display_url":"twitter.com/i/web/status/8…","indices":[117,140]}]},"metadata":{"iso_language_code":"ja","result_type":"recent"},"source":"<a href=\"http://twitter.com\" rel=\"nofollow\">Twitter Web Client</a>","in_reply_to_status_id":null,"in_reply_to_status_id_str":null,"in_reply_to_user_id":null,"in_reply_to_user_id_str":null,"in_reply_to_screen_name":null,"user":{"id":124370884,"id_str":"124370884","name":"GIGABYTE Japan","screen_name":"GIGABYTE_News","location":"東京 千代田区","description":"日本GIGABYTE株式会社が運営する公式アカウントです。弊社のマザーボード&BRIX製品情報や自作PC、事務所がある秋葉原などについて緩くツイートします。","url":"https://t.co/TH0gxF85fe","entities":{"url":{"urls":[{"url":"https://t.co/TH0gxF85fe","expanded_url":"http://www.gigabyte.jp/","display_url":"gigabyte.jp","indices":[0,23]}]},"description":{"urls":[]}},"protected":false,"followers_count":20517,"friends_count":902,"listed_count":569,"created_at":"Fri Mar 19 05:24:45 +0000 2010","favourites_count":4321,"utc_offset":32400,"time_zone":"Tokyo","geo_enabled":false,"verified":false,"statuses_count":7738,"lang":"ja","contributors_enabled":false,"is_translator":false,"is_translation_enabled":false,"profile_background_color":"FFE200","profile_background_image_url":"http://pbs.twimg.com/profile_background_images/530651028329226240/22krZOqA.png","profile_background_image_url_https":"https://pbs.twimg.com/profile_background_images/530651028329226240/22krZOqA.png","profile_background_tile":true,"profile_image_url":"http://pbs.twimg.com/profile_images/876768784081539072/gwieE2tN_normal.jpg","profile_image_url_https":"https://pbs.twimg.com/profile_images/876768784081539072/gwieE2tN_normal.jpg","profile_banner_url":"https://pbs.twimg.com/profile_banners/124370884/1496810107","profile_link_color":"0099CC","profile_sidebar_border_color":"FFFFFF","profile_sidebar_fill_color":"DFF6FA","profile_text_color":"333333","profile_use_background_image":true,"has_extended_profile":true,"default_profile":false,"default_profile_image":false,"following":false,"follow_request_sent":false,"notifications":false,"translator_type":"none"},"geo":null,"coordinates":null,"place":null,"contributors":null,"is_quote_status":false,"retweet_count":929,"favorite_count":191,"favorited":false,"retweeted":false,"possibly_sensitive":false,"lang":"ja"},{"created_at":"Wed Jul 19 06:29:42 +0000 2017","id":887560057457492000,"id_str":"887560057457491968","text":"今日は機能のアップデートがあるにゃ(ฅ'ω'ฅ)\nニコ生でお伝えした、全回収の地下対応や、パーティ数の上限解放などを実施します！\n16時以降に、一度タイトルに戻ってからお試しください٩(๑❛ᴗ❛๑)۶\n#白猫 https://t.co/cnQ0xP6TVl","truncated":false,"entities":{"hashtags":[{"text":"白猫","indices":[101,104]}],"symbols":[],"user_mentions":[],"urls":[],"media":[{"id":887559859754815500,"id_str":"887559859754815488","indices":[105,128],"media_url":"http://pbs.twimg.com/media/DFE-_W2U0AAXb17.jpg","media_url_https":"https://pbs.twimg.com/media/DFE-_W2U0AAXb17.jpg","url":"https://t.co/cnQ0xP6TVl","display_url":"pic.twitter.com/cnQ0xP6TVl","expanded_url":"https://twitter.com/wcat_project/status/887560057457491968/photo/1","type":"photo","sizes":{"medium":{"w":932,"h":878,"resize":"fit"},"small":{"w":680,"h":641,"resize":"fit"},"large":{"w":932,"h":878,"resize":"fit"},"thumb":{"w":150,"h":150,"resize":"crop"}}}]},"extended_entities":{"media":[{"id":887559859754815500,"id_str":"887559859754815488","indices":[105,128],"media_url":"http://pbs.twimg.com/media/DFE-_W2U0AAXb17.jpg","media_url_https":"https://pbs.twimg.com/media/DFE-_W2U0AAXb17.jpg","url":"https://t.co/cnQ0xP6TVl","display_url":"pic.twitter.com/cnQ0xP6TVl","expanded_url":"https://twitter.com/wcat_project/status/887560057457491968/photo/1","type":"photo","sizes":{"medium":{"w":932,"h":878,"resize":"fit"},"small":{"w":680,"h":641,"resize":"fit"},"large":{"w":932,"h":878,"resize":"fit"},"thumb":{"w":150,"h":150,"resize":"crop"}}}]},"metadata":{"iso_language_code":"ja","result_type":"recent"},"source":"<a href=\"http://twitter.com\" rel=\"nofollow\">Twitter Web Client</a>","in_reply_to_status_id":null,"in_reply_to_status_id_str":null,"in_reply_to_user_id":null,"in_reply_to_user_id_str":null,"in_reply_to_screen_name":null,"user":{"id":2656641666,"id_str":"2656641666","name":"【公式】白猫プロジェクト","screen_name":"wcat_project","location":"","description":"白猫プロジェクトの公式twitterです。 宣伝担当の「しろっきー」が皆様と会話していきたいと思います！(๑・ .̫ ・๑)   開発陣一同、白猫プロジェクトを盛り上げていきますのでどうぞよろしくお願いいたします！ #白猫  ※お問い合わせはこちら→https://t.co/hCwb7YP9Ug","url":"https://t.co/UikkyQGv5O","entities":{"url":{"urls":[{"url":"https://t.co/UikkyQGv5O","expanded_url":"http://colopl.co.jp/shironekoproject/","display_url":"colopl.co.jp/shironekoproje…","indices":[0,23]}]},"description":{"urls":[{"url":"https://t.co/hCwb7YP9Ug","expanded_url":"http://colopl.co.jp/contact","display_url":"colopl.co.jp/contact","indices":[125,148]}]}},"protected":false,"followers_count":983524,"friends_count":23,"listed_count":4708,"created_at":"Fri Jul 18 12:36:21 +0000 2014","favourites_count":0,"utc_offset":28800,"time_zone":"Irkutsk","geo_enabled":false,"verified":true,"statuses_count":2257,"lang":"ja","contributors_enabled":false,"is_translator":false,"is_translation_enabled":false,"profile_background_color":"C0DEED","profile_background_image_url":"http://abs.twimg.com/images/themes/theme1/bg.png","profile_background_image_url_https":"https://abs.twimg.com/images/themes/theme1/bg.png","profile_background_tile":false,"profile_image_url":"http://pbs.twimg.com/profile_images/848188075431809026/T6JLHiW9_normal.jpg","profile_image_url_https":"https://pbs.twimg.com/profile_images/848188075431809026/T6JLHiW9_normal.jpg","profile_banner_url":"https://pbs.twimg.com/profile_banners/2656641666/1491058772","profile_link_color":"1DA1F2","profile_sidebar_border_color":"C0DEED","profile_sidebar_fill_color":"DDEEF6","profile_text_color":"333333","profile_use_background_image":true,"has_extended_profile":false,"default_profile":true,"default_profile_image":false,"following":false,"follow_request_sent":false,"notifications":false,"translator_type":"none"},"geo":null,"coordinates":null,"place":null,"contributors":null,"is_quote_status":false,"retweet_count":893,"favorite_count":1219,"favorited":false,"retweeted":false,"possibly_sensitive":false,"lang":"ja"},{"created_at":"Wed Jul 19 06:28:03 +0000 2017","id":887559642657640400,"id_str":"887559642657640448","text":"わがままを言って親を困らせている子どもを見かけるとホッとする。イラッが１で、安心が９位の割合。なぜなら、親にわがままを言って今は怒られても、やさしく抱き留めてくれることを知っているから。虐待をされている子は、わがままを言うことさえ許されない。そう思うと、わがままの言える子は幸せ。","truncated":false,"entities":{"hashtags":[],"symbols":[],"user_mentions":[],"urls":[]},"metadata":{"iso_language_code":"ja","result_type":"recent"},"source":"<a href=\"http://twitter.com\" rel=\"nofollow\">Twitter Web Client</a>","in_reply_to_status_id":null,"in_reply_to_status_id_str":null,"in_reply_to_user_id":null,"in_reply_to_user_id_str":null,"in_reply_to_screen_name":null,"user":{"id":124383323,"id_str":"124383323","name":"小池一夫","screen_name":"koikekazuo","location":"東京 ","description":"寝ても覚めてもキャラクターマン！ 劇画原作者・小池一夫の公式ツイッターです。近況・最新情報をお知らせします。 小池一夫は基本的に毎日つぶやきます。【小池一夫キャラクターマン講座】 https://t.co/H4rbL3B0Pb 【小池一夫の漫画寺合宿】 https://t.co/EdEgC4fYpd","url":"https://t.co/qYHdW7vOrr","entities":{"url":{"urls":[{"url":"https://t.co/qYHdW7vOrr","expanded_url":"http://lineblog.me/koikekazuo/","display_url":"lineblog.me/koikekazuo/","indices":[0,23]}]},"description":{"urls":[{"url":"https://t.co/H4rbL3B0Pb","expanded_url":"http://www.koikekazuo.jp","display_url":"koikekazuo.jp","indices":[90,113]},{"url":"https://t.co/EdEgC4fYpd","expanded_url":"https://goo.gl/8fmR8q","display_url":"goo.gl/8fmR8q","indices":[127,150]}]}},"protected":false,"followers_count":519941,"friends_count":196,"listed_count":6383,"created_at":"Fri Mar 19 06:35:40 +0000 2010","favourites_count":1438,"utc_offset":32400,"time_zone":"Tokyo","geo_enabled":true,"verified":false,"statuses_count":11312,"lang":"ja","contributors_enabled":false,"is_translator":false,"is_translation_enabled":false,"profile_background_color":"C0DEED","profile_background_image_url":"http://abs.twimg.com/images/themes/theme1/bg.png","profile_background_image_url_https":"https://abs.twimg.com/images/themes/theme1/bg.png","profile_background_tile":false,"profile_image_url":"http://pbs.twimg.com/profile_images/813055750389932033/n3-j8Rfz_normal.jpg","profile_image_url_https":"https://pbs.twimg.com/profile_images/813055750389932033/n3-j8Rfz_normal.jpg","profile_link_color":"1DA1F2","profile_sidebar_border_color":"C0DEED","profile_sidebar_fill_color":"DDEEF6","profile_text_color":"333333","profile_use_background_image":true,"has_extended_profile":true,"default_profile":true,"default_profile_image":false,"following":false,"follow_request_sent":false,"notifications":false,"translator_type":"none"},"geo":null,"coordinates":null,"place":null,"contributors":null,"is_quote_status":false,"retweet_count":497,"favorite_count":1165,"favorited":false,"retweeted":false,"lang":"ja"},{"created_at":"Wed Jul 19 06:26:13 +0000 2017","id":887559179845500900,"id_str":"887559179845500928","text":"7月19日 15:00より、「レガシーMASTER+」モードを追加しました！\n過去のイベントでMASTER+が登場している楽曲を、イベント開催当時のリズムアイコン配置でプレイできます。\n#デレステ https://t.co/qabnzW8GAZ","truncated":false,"entities":{"hashtags":[{"text":"デレステ","indices":[93,98]}],"symbols":[],"user_mentions":[],"urls":[],"media":[{"id":887559175454076900,"id_str":"887559175454076928","indices":[99,122],"media_url":"http://pbs.twimg.com/media/DFE-XhoUMAA1Rpz.jpg","media_url_https":"https://pbs.twimg.com/media/DFE-XhoUMAA1Rpz.jpg","url":"https://t.co/qabnzW8GAZ","display_url":"pic.twitter.com/qabnzW8GAZ","expanded_url":"https://twitter.com/imascg_stage/status/887559179845500928/photo/1","type":"photo","sizes":{"medium":{"w":1024,"h":640,"resize":"fit"},"small":{"w":680,"h":425,"resize":"fit"},"thumb":{"w":150,"h":150,"resize":"crop"},"large":{"w":1024,"h":640,"resize":"fit"}}}]},"extended_entities":{"media":[{"id":887559175454076900,"id_str":"887559175454076928","indices":[99,122],"media_url":"http://pbs.twimg.com/media/DFE-XhoUMAA1Rpz.jpg","media_url_https":"https://pbs.twimg.com/media/DFE-XhoUMAA1Rpz.jpg","url":"https://t.co/qabnzW8GAZ","display_url":"pic.twitter.com/qabnzW8GAZ","expanded_url":"https://twitter.com/imascg_stage/status/887559179845500928/photo/1","type":"photo","sizes":{"medium":{"w":1024,"h":640,"resize":"fit"},"small":{"w":680,"h":425,"resize":"fit"},"thumb":{"w":150,"h":150,"resize":"crop"},"large":{"w":1024,"h":640,"resize":"fit"}}}]},"metadata":{"iso_language_code":"ja","result_type":"recent"},"source":"<a href=\"http://engagemanager.tribalmedia.co.jp/\" rel=\"nofollow\">EngageManager</a>","in_reply_to_status_id":null,"in_reply_to_status_id_str":null,"in_reply_to_user_id":null,"in_reply_to_user_id_str":null,"in_reply_to_screen_name":null,"user":{"id":3220191374,"id_str":"3220191374","name":"スターライトステージ","screen_name":"imascg_stage","location":"","description":"「アイドルマスター シンデレラガールズ スターライトステージ」公式アカウントです。※お客様からの個別のメッセージなどは、Twitter上ではご返答できかねますのでご了承下さい。 #デレステ Android:http://t.co/PfCtF9Biv4       iOS:http://t.co/0zb47ZumGb","url":"http://t.co/7REykaZIlX","entities":{"url":{"urls":[{"url":"http://t.co/7REykaZIlX","expanded_url":"http://cinderella.idolmaster.jp/sl-stage/","display_url":"cinderella.idolmaster.jp/sl-stage/","indices":[0,22]}]},"description":{"urls":[{"url":"http://t.co/PfCtF9Biv4","expanded_url":"http://eng.mg/8d0ca","display_url":"eng.mg/8d0ca","indices":[103,125]},{"url":"http://t.co/0zb47ZumGb","expanded_url":"http://eng.mg/a0f68","display_url":"eng.mg/a0f68","indices":[136,158]}]}},"protected":false,"followers_count":459064,"friends_count":7,"listed_count":7178,"created_at":"Tue May 19 09:34:46 +0000 2015","favourites_count":0,"utc_offset":32400,"time_zone":"Tokyo","geo_enabled":false,"verified":true,"statuses_count":1101,"lang":"ja","contributors_enabled":false,"is_translator":false,"is_translation_enabled":false,"profile_background_color":"000000","profile_background_image_url":"http://abs.twimg.com/images/themes/theme1/bg.png","profile_background_image_url_https":"https://abs.twimg.com/images/themes/theme1/bg.png","profile_background_tile":false,"profile_image_url":"http://pbs.twimg.com/profile_images/875515457364557825/zzJa2735_normal.jpg","profile_image_url_https":"https://pbs.twimg.com/profile_images/875515457364557825/zzJa2735_normal.jpg","profile_banner_url":"https://pbs.twimg.com/profile_banners/3220191374/1484740896","profile_link_color":"89C9FA","profile_sidebar_border_color":"000000","profile_sidebar_fill_color":"000000","profile_text_color":"000000","profile_use_background_image":false,"has_extended_profile":false,"default_profile":false,"default_profile_image":false,"following":false,"follow_request_sent":false,"notifications":false,"translator_type":"none"},"geo":null,"coordinates":null,"place":null,"contributors":null,"is_quote_status":false,"retweet_count":6813,"favorite_count":5087,"favorited":false,"retweeted":false,"possibly_sensitive":false,"lang":"ja"},{"created_at":"Wed Jul 19 06:25:51 +0000 2017","id":887559089735073800,"id_str":"887559089735073792","text":"「梅雨明けらしいわ。夏なのね。」\n\n#heroaca_a #ヒロアカ #梅雨ちゃん #ケロ https://t.co/3ZU7P7nUIS","truncated":false,"entities":{"hashtags":[{"text":"heroaca_a","indices":[18,28]},{"text":"ヒロアカ","indices":[29,34]},{"text":"梅雨ちゃん","indices":[35,41]},{"text":"ケロ","indices":[42,45]}],"symbols":[],"user_mentions":[],"urls":[],"media":[{"id":887559082655178800,"id_str":"887559082655178753","indices":[46,69],"media_url":"http://pbs.twimg.com/media/DFE-SH7VYAEyPV5.jpg","media_url_https":"https://pbs.twimg.com/media/DFE-SH7VYAEyPV5.jpg","url":"https://t.co/3ZU7P7nUIS","display_url":"pic.twitter.com/3ZU7P7nUIS","expanded_url":"https://twitter.com/heroaca_anime/status/887559089735073792/photo/1","type":"photo","sizes":{"large":{"w":640,"h":360,"resize":"fit"},"small":{"w":640,"h":360,"resize":"fit"},"thumb":{"w":150,"h":150,"resize":"crop"},"medium":{"w":640,"h":360,"resize":"fit"}}}]},"extended_entities":{"media":[{"id":887559082655178800,"id_str":"887559082655178753","indices":[46,69],"media_url":"http://pbs.twimg.com/media/DFE-SH7VYAEyPV5.jpg","media_url_https":"https://pbs.twimg.com/media/DFE-SH7VYAEyPV5.jpg","url":"https://t.co/3ZU7P7nUIS","display_url":"pic.twitter.com/3ZU7P7nUIS","expanded_url":"https://twitter.com/heroaca_anime/status/887559089735073792/photo/1","type":"photo","sizes":{"large":{"w":640,"h":360,"resize":"fit"},"small":{"w":640,"h":360,"resize":"fit"},"thumb":{"w":150,"h":150,"resize":"crop"},"medium":{"w":640,"h":360,"resize":"fit"}}}]},"metadata":{"iso_language_code":"ja","result_type":"recent"},"source":"<a href=\"http://twitter.com/download/iphone\" rel=\"nofollow\">Twitter for iPhone</a>","in_reply_to_status_id":null,"in_reply_to_status_id_str":null,"in_reply_to_user_id":null,"in_reply_to_user_id_str":null,"in_reply_to_screen_name":null,"user":{"id":3969691152,"id_str":"3969691152","name":"僕のヒーローアカデミア_アニメ公式","screen_name":"heroaca_anime","location":"","description":"毎週土曜夕方5:30より読売テレビ・日本テレビ系で放送！「週刊少年ジャンプ」（集英社）で連載中、堀越耕平原作による「僕のヒーローアカデミア」TVアニメ公式アカウント。ヒロアカの情報を発信します。 推奨ハッシュタグ：#heroaca_a #ヒロアカ ※原則個別リプライは行っておりません。","url":"https://t.co/DUZ6Q6Gq34","entities":{"url":{"urls":[{"url":"https://t.co/DUZ6Q6Gq34","expanded_url":"http://heroaca.com/","display_url":"heroaca.com","indices":[0,23]}]},"description":{"urls":[]}},"protected":false,"followers_count":146250,"friends_count":101,"listed_count":1674,"created_at":"Wed Oct 21 14:05:05 +0000 2015","favourites_count":0,"utc_offset":-25200,"time_zone":"Pacific Time (US & Canada)","geo_enabled":false,"verified":false,"statuses_count":3139,"lang":"ja","contributors_enabled":false,"is_translator":false,"is_translation_enabled":false,"profile_background_color":"C0DEED","profile_background_image_url":"http://abs.twimg.com/images/themes/theme1/bg.png","profile_background_image_url_https":"https://abs.twimg.com/images/themes/theme1/bg.png","profile_background_tile":false,"profile_image_url":"http://pbs.twimg.com/profile_images/881114171605004289/8QVDjhno_normal.jpg","profile_image_url_https":"https://pbs.twimg.com/profile_images/881114171605004289/8QVDjhno_normal.jpg","profile_banner_url":"https://pbs.twimg.com/profile_banners/3969691152/1491111187","profile_link_color":"1DA1F2","profile_sidebar_border_color":"C0DEED","profile_sidebar_fill_color":"DDEEF6","profile_text_color":"333333","profile_use_background_image":true,"has_extended_profile":false,"default_profile":true,"default_profile_image":false,"following":false,"follow_request_sent":false,"notifications":false,"translator_type":"none"},"geo":null,"coordinates":null,"place":null,"contributors":null,"is_quote_status":false,"retweet_count":687,"favorite_count":1862,"favorited":false,"retweeted":false,"possibly_sensitive":false,"lang":"ja"},{"created_at":"Wed Jul 19 06:21:57 +0000 2017","id":887558107471134700,"id_str":"887558107471134720","text":"「バタフライエフェクトって？」\n「一人のコピーライターの思いつきが、300年後にウナギを滅ぼすことだよ」","truncated":false,"entities":{"hashtags":[],"symbols":[],"user_mentions":[],"urls":[]},"metadata":{"iso_language_code":"ja","result_type":"recent"},"source":"<a href=\"https://about.twitter.com/products/tweetdeck\" rel=\"nofollow\">TweetDeck</a>","in_reply_to_status_id":null,"in_reply_to_status_id_str":null,"in_reply_to_user_id":null,"in_reply_to_user_id_str":null,"in_reply_to_screen_name":null,"user":{"id":42844057,"id_str":"42844057","name":"ゆんゆん探偵","screen_name":"yunyundetective","location":"","description":"俗物。エムツーというオールドタイム指向の会社のプログラマさん。でも最近のゲームも大好き。お仕事でE-moteとか作ってる。ゲハ禁止。","url":"https://t.co/DMj0eXmbzV","entities":{"url":{"urls":[{"url":"https://t.co/DMj0eXmbzV","expanded_url":"http://www.nekome.net/","display_url":"nekome.net","indices":[0,23]}]},"description":{"urls":[]}},"protected":false,"followers_count":2724,"friends_count":666,"listed_count":255,"created_at":"Wed May 27 08:35:32 +0000 2009","favourites_count":2133,"utc_offset":32400,"time_zone":"Tokyo","geo_enabled":true,"verified":false,"statuses_count":77609,"lang":"ja","contributors_enabled":false,"is_translator":false,"is_translation_enabled":false,"profile_background_color":"C0DEED","profile_background_image_url":"http://abs.twimg.com/images/themes/theme1/bg.png","profile_background_image_url_https":"https://abs.twimg.com/images/themes/theme1/bg.png","profile_background_tile":false,"profile_image_url":"http://pbs.twimg.com/profile_images/528622682/icon_03_normal.png","profile_image_url_https":"https://pbs.twimg.com/profile_images/528622682/icon_03_normal.png","profile_link_color":"1DA1F2","profile_sidebar_border_color":"C0DEED","profile_sidebar_fill_color":"DDEEF6","profile_text_color":"333333","profile_use_background_image":true,"has_extended_profile":false,"default_profile":true,"default_profile_image":false,"following":false,"follow_request_sent":false,"notifications":false,"translator_type":"none"},"geo":null,"coordinates":null,"place":null,"contributors":null,"is_quote_status":false,"retweet_count":758,"favorite_count":514,"favorited":false,"retweeted":false,"lang":"ja"}],"search_metadata":{"completed_in":0.139,"max_id":887569388382986200,"max_id_str":"887569388382986242","next_results":"?max_id=887558107471134719&q=lang%3Aja%20min_retweets%3A500&include_entities=1","query":"lang%3Aja+min_retweets%3A500","refresh_url":"?since_id=887569388382986242&q=lang%3Aja%20min_retweets%3A500&include_entities=1","count":15,"since_id":0,"since_id_str":"0"}}