{"statuses":[{"created_at":"Wed Jul 19 09:52:25 +0000 2017","id":887611074937102300,"id_str":"887611074937102338","text":"【グッズ情報追記】\nオリジナルペンライトは【通常版】と【Knights ver】の２種ございます。ご購入の際はお気をつけください。今回、すべて数の上限は設けておりませんので、期間中に是非申込みくださいませ！！… https://t.co/ItdRsec0MK","truncated":true,"entities":{"hashtags":[],"symbols":[],"user_mentions":[],"urls":[{"url":"https://t.co/ItdRsec0MK","expanded_url":"https://twitter.com/i/web/status/887611074937102338","display_url":"twitter.com/i/web/status/8…","indices":[106,129]}]},"metadata":{"iso_language_code":"ja","result_type":"recent"},"source":"<a href=\"http://twitter.com\" rel=\"nofollow\">Twitter Web Client</a>","in_reply_to_status_id":null,"in_reply_to_status_id_str":null,"in_reply_to_user_id":null,"in_reply_to_user_id_str":null,"in_reply_to_screen_name":null,"user":{"id":713225083829878800,"id_str":"713225083829878784","name":"『あんさんぶるスターズ！オン・ステージ』","screen_name":"ensemble_stage","location":"","description":"「あんさんぶるスターズ!」舞台化作品 『あんさんぶるスターズ！オン・ステージ』公式アカウントです。2017年9月最新作上演決定！ ※当アカウントへのお問い合わせにはお答えできません。#あんステ","url":"https://t.co/QuoGTcHopb","entities":{"url":{"urls":[{"url":"https://t.co/QuoGTcHopb","expanded_url":"http://www.marv.jp/special/ensemble_stage/","display_url":"marv.jp/special/ensemb…","indices":[0,23]}]},"description":{"urls":[]}},"protected":false,"followers_count":82136,"friends_count":71,"listed_count":1569,"created_at":"Fri Mar 25 04:44:45 +0000 2016","favourites_count":1,"utc_offset":32400,"time_zone":"Tokyo","geo_enabled":false,"verified":true,"statuses_count":791,"lang":"ja","contributors_enabled":false,"is_translator":false,"is_translation_enabled":false,"profile_background_color":"000000","profile_background_image_url":"http://abs.twimg.com/images/themes/theme1/bg.png","profile_background_image_url_https":"https://abs.twimg.com/images/themes/theme1/bg.png","profile_background_tile":false,"profile_image_url":"http://pbs.twimg.com/profile_images/875562408315465730/fG-gOfY5_normal.jpg","profile_image_url_https":"https://pbs.twimg.com/profile_images/875562408315465730/fG-gOfY5_normal.jpg","profile_banner_url":"https://pbs.twimg.com/profile_banners/713225083829878784/1496631655","profile_link_color":"91D2FA","profile_sidebar_border_color":"000000","profile_sidebar_fill_color":"000000","profile_text_color":"000000","profile_use_background_image":false,"has_extended_profile":false,"default_profile":false,"default_profile_image":false,"following":false,"follow_request_sent":false,"notifications":false,"translator_type":"none"},"geo":null,"coordinates":null,"place":null,"contributors":null,"is_quote_status":false,"retweet_count":671,"favorite_count":672,"favorited":false,"retweeted":false,"possibly_sensitive":false,"lang":"ja"},{"created_at":"Wed Jul 19 09:39:47 +0000 2017","id":887607892886474800,"id_str":"887607892886474752","text":"男子校っす https://t.co/rXjFKz9Yum","truncated":false,"entities":{"hashtags":[],"symbols":[],"user_mentions":[],"urls":[],"media":[{"id":887607886288793600,"id_str":"887607886288793600","indices":[6,29],"media_url":"http://pbs.twimg.com/media/DFFqq3oUMAAGJfJ.jpg","media_url_https":"https://pbs.twimg.com/media/DFFqq3oUMAAGJfJ.jpg","url":"https://t.co/rXjFKz9Yum","display_url":"pic.twitter.com/rXjFKz9Yum","expanded_url":"https://twitter.com/yuyutax/status/887607892886474752/photo/1","type":"photo","sizes":{"large":{"w":639,"h":854,"resize":"fit"},"medium":{"w":639,"h":854,"resize":"fit"},"thumb":{"w":150,"h":150,"resize":"crop"},"small":{"w":509,"h":680,"resize":"fit"}}}]},"extended_entities":{"media":[{"id":887607886288793600,"id_str":"887607886288793600","indices":[6,29],"media_url":"http://pbs.twimg.com/media/DFFqq3oUMAAGJfJ.jpg","media_url_https":"https://pbs.twimg.com/media/DFFqq3oUMAAGJfJ.jpg","url":"https://t.co/rXjFKz9Yum","display_url":"pic.twitter.com/rXjFKz9Yum","expanded_url":"https://twitter.com/yuyutax/status/887607892886474752/photo/1","type":"photo","sizes":{"large":{"w":639,"h":854,"resize":"fit"},"medium":{"w":639,"h":854,"resize":"fit"},"thumb":{"w":150,"h":150,"resize":"crop"},"small":{"w":509,"h":680,"resize":"fit"}}}]},"metadata":{"iso_language_code":"ja","result_type":"recent"},"source":"<a href=\"http://twitter.com/download/iphone\" rel=\"nofollow\">Twitter for iPhone</a>","in_reply_to_status_id":null,"in_reply_to_status_id_str":null,"in_reply_to_user_id":null,"in_reply_to_user_id_str":null,"in_reply_to_screen_name":null,"user":{"id":127552216,"id_str":"127552216","name":"ゆゆうた","screen_name":"yuyutax","location":"東京","description":"サンクラ: https://t.co/PMnfnayOdw ニコ生: https://t.co/3R59crQYeXご用のある方はDMまでお願い致します。","url":"https://t.co/V7QSyzzwFT","entities":{"url":{"urls":[{"url":"https://t.co/V7QSyzzwFT","expanded_url":"http://www.nicovideo.jp/mylist/2229196#+sort=1","display_url":"nicovideo.jp/mylist/2229196…","indices":[0,23]}]},"description":{"urls":[{"url":"https://t.co/PMnfnayOdw","expanded_url":"https://soundcloud.com/user-446498825","display_url":"soundcloud.com/user-446498825","indices":[6,29]},{"url":"https://t.co/3R59crQYeX","expanded_url":"http://com.nicovideo.jp/community/co3593415","display_url":"com.nicovideo.jp/community/co35…","indices":[35,58]}]}},"protected":false,"followers_count":33961,"friends_count":7194,"listed_count":225,"created_at":"Mon Mar 29 15:36:01 +0000 2010","favourites_count":4438,"utc_offset":32400,"time_zone":"Tokyo","geo_enabled":true,"verified":false,"statuses_count":4202,"lang":"ja","contributors_enabled":false,"is_translator":false,"is_translation_enabled":false,"profile_background_color":"ACDED6","profile_background_image_url":"http://pbs.twimg.com/profile_background_images/688410283023282176/CrU1pJ99.jpg","profile_background_image_url_https":"https://pbs.twimg.com/profile_background_images/688410283023282176/CrU1pJ99.jpg","profile_background_tile":false,"profile_image_url":"http://pbs.twimg.com/profile_images/836386624229367808/RpyDY53x_normal.jpg","profile_image_url_https":"https://pbs.twimg.com/profile_images/836386624229367808/RpyDY53x_normal.jpg","profile_banner_url":"https://pbs.twimg.com/profile_banners/127552216/1487074385","profile_link_color":"1B95E0","profile_sidebar_border_color":"000000","profile_sidebar_fill_color":"000000","profile_text_color":"000000","profile_use_background_image":true,"has_extended_profile":true,"default_profile":false,"default_profile_image":false,"following":false,"follow_request_sent":false,"notifications":false,"translator_type":"none"},"geo":null,"coordinates":null,"place":null,"contributors":null,"is_quote_status":false,"retweet_count":480,"favorite_count":642,"favorited":false,"retweeted":false,"possibly_sensitive":false,"lang":"ja"},{"created_at":"Wed Jul 19 09:38:40 +0000 2017","id":887607614212681700,"id_str":"887607614212681728","text":"さらに、明日のアニメ放送にはあの男たちも登場する……!? 「炎のバトル！ガラガラあらわる！！」は、明日18時55分から！https://t.co/kpyBo7GjJK #アニポケ https://t.co/GAGB7TAADk","truncated":false,"entities":{"hashtags":[{"text":"アニポケ","indices":[84,89]}],"symbols":[],"user_mentions":[],"urls":[{"url":"https://t.co/kpyBo7GjJK","expanded_url":"http://www.tv-tokyo.co.jp/anime/pokemon_sunmoon/","display_url":"tv-tokyo.co.jp/anime/pokemon_…","indices":[60,83]}],"media":[{"id":887600764599681000,"id_str":"887600764599681024","indices":[90,113],"media_url":"http://pbs.twimg.com/media/DFFkMVRUQAA_9aZ.jpg","media_url_https":"https://pbs.twimg.com/media/DFFkMVRUQAA_9aZ.jpg","url":"https://t.co/GAGB7TAADk","display_url":"pic.twitter.com/GAGB7TAADk","expanded_url":"https://twitter.com/Pokemon_cojp/status/887607614212681728/photo/1","type":"photo","sizes":{"thumb":{"w":150,"h":150,"resize":"crop"},"medium":{"w":1200,"h":675,"resize":"fit"},"large":{"w":1920,"h":1080,"resize":"fit"},"small":{"w":680,"h":383,"resize":"fit"}}}]},"extended_entities":{"media":[{"id":887600764599681000,"id_str":"887600764599681024","indices":[90,113],"media_url":"http://pbs.twimg.com/media/DFFkMVRUQAA_9aZ.jpg","media_url_https":"https://pbs.twimg.com/media/DFFkMVRUQAA_9aZ.jpg","url":"https://t.co/GAGB7TAADk","display_url":"pic.twitter.com/GAGB7TAADk","expanded_url":"https://twitter.com/Pokemon_cojp/status/887607614212681728/photo/1","type":"photo","sizes":{"thumb":{"w":150,"h":150,"resize":"crop"},"medium":{"w":1200,"h":675,"resize":"fit"},"large":{"w":1920,"h":1080,"resize":"fit"},"small":{"w":680,"h":383,"resize":"fit"}}}]},"metadata":{"iso_language_code":"ja","result_type":"recent"},"source":"<a href=\"http://twitter.com\" rel=\"nofollow\">Twitter Web Client</a>","in_reply_to_status_id":887597901349879800,"in_reply_to_status_id_str":"887597901349879809","in_reply_to_user_id":323091128,"in_reply_to_user_id_str":"323091128","in_reply_to_screen_name":"Pokemon_cojp","user":{"id":323091128,"id_str":"323091128","name":"ポケモン公式ツイッター","screen_name":"Pokemon_cojp","location":"東京都","description":"株式会社ポケモンの公式アカウントより、「ポケットモンスターオフィシャルサイト」最新情報をお届けします。\r\nお客様からの個別のメッセージなどは、Twitter上ではご返答できかねますのでご了承下さい。\r\n「ポケットモンスターオフィシャルサイト」のお問い合わせ窓口よりご連絡下さい。","url":"http://t.co/fpHgcccZIk","entities":{"url":{"urls":[{"url":"http://t.co/fpHgcccZIk","expanded_url":"http://www.pokemon.co.jp/","display_url":"pokemon.co.jp","indices":[0,22]}]},"description":{"urls":[]}},"protected":false,"followers_count":464776,"friends_count":3,"listed_count":5508,"created_at":"Fri Jun 24 07:12:45 +0000 2011","favourites_count":0,"utc_offset":32400,"time_zone":"Tokyo","geo_enabled":false,"verified":true,"statuses_count":7673,"lang":"ja","contributors_enabled":false,"is_translator":false,"is_translation_enabled":false,"profile_background_color":"FFE017","profile_background_image_url":"http://pbs.twimg.com/profile_background_images/747564846/b1272a6602f8339072079eb2863042fe.gif","profile_background_image_url_https":"https://pbs.twimg.com/profile_background_images/747564846/b1272a6602f8339072079eb2863042fe.gif","profile_background_tile":true,"profile_image_url":"http://pbs.twimg.com/profile_images/875568149554274307/dC3miYeA_normal.jpg","profile_image_url_https":"https://pbs.twimg.com/profile_images/875568149554274307/dC3miYeA_normal.jpg","profile_banner_url":"https://pbs.twimg.com/profile_banners/323091128/1499398880","profile_link_color":"0088CC","profile_sidebar_border_color":"FFFFFF","profile_sidebar_fill_color":"FFF9CF","profile_text_color":"333333","profile_use_background_image":true,"has_extended_profile":false,"default_profile":false,"default_profile_image":false,"following":false,"follow_request_sent":false,"notifications":false,"translator_type":"none"},"geo":null,"coordinates":null,"place":null,"contributors":null,"is_quote_status":false,"retweet_count":2439,"favorite_count":1493,"favorited":false,"retweeted":false,"possibly_sensitive":false,"lang":"ja"},{"created_at":"Wed Jul 19 09:37:30 +0000 2017","id":887607317339832300,"id_str":"887607317339832325","text":"目の上のラメが可愛いのでそれを伝えたくて懸命な顔 https://t.co/9Fx2rt4Fgu","truncated":false,"entities":{"hashtags":[],"symbols":[],"user_mentions":[],"urls":[],"media":[{"id":887607308351545300,"id_str":"887607308351545344","indices":[25,48],"media_url":"http://pbs.twimg.com/media/DFFqJOpVoAAOnuj.jpg","media_url_https":"https://pbs.twimg.com/media/DFFqJOpVoAAOnuj.jpg","url":"https://t.co/9Fx2rt4Fgu","display_url":"pic.twitter.com/9Fx2rt4Fgu","expanded_url":"https://twitter.com/345__chan/status/887607317339832325/photo/1","type":"photo","sizes":{"large":{"w":966,"h":1288,"resize":"fit"},"medium":{"w":900,"h":1200,"resize":"fit"},"thumb":{"w":150,"h":150,"resize":"crop"},"small":{"w":510,"h":680,"resize":"fit"}}}]},"extended_entities":{"media":[{"id":887607308351545300,"id_str":"887607308351545344","indices":[25,48],"media_url":"http://pbs.twimg.com/media/DFFqJOpVoAAOnuj.jpg","media_url_https":"https://pbs.twimg.com/media/DFFqJOpVoAAOnuj.jpg","url":"https://t.co/9Fx2rt4Fgu","display_url":"pic.twitter.com/9Fx2rt4Fgu","expanded_url":"https://twitter.com/345__chan/status/887607317339832325/photo/1","type":"photo","sizes":{"large":{"w":966,"h":1288,"resize":"fit"},"medium":{"w":900,"h":1200,"resize":"fit"},"thumb":{"w":150,"h":150,"resize":"crop"},"small":{"w":510,"h":680,"resize":"fit"}}},{"id":887607308343062500,"id_str":"887607308343062528","indices":[25,48],"media_url":"http://pbs.twimg.com/media/DFFqJOnUMAAdsrX.jpg","media_url_https":"https://pbs.twimg.com/media/DFFqJOnUMAAdsrX.jpg","url":"https://t.co/9Fx2rt4Fgu","display_url":"pic.twitter.com/9Fx2rt4Fgu","expanded_url":"https://twitter.com/345__chan/status/887607317339832325/photo/1","type":"photo","sizes":{"large":{"w":966,"h":1288,"resize":"fit"},"medium":{"w":900,"h":1200,"resize":"fit"},"thumb":{"w":150,"h":150,"resize":"crop"},"small":{"w":510,"h":680,"resize":"fit"}}}]},"metadata":{"iso_language_code":"ja","result_type":"recent"},"source":"<a href=\"http://twitter.com/download/iphone\" rel=\"nofollow\">Twitter for iPhone</a>","in_reply_to_status_id":null,"in_reply_to_status_id_str":null,"in_reply_to_user_id":null,"in_reply_to_user_id_str":null,"in_reply_to_screen_name":null,"user":{"id":2346809580,"id_str":"2346809580","name":"指原 莉乃","screen_name":"345__chan","location":"","description":"💛https://t.co/FbRPAshfuv💛","url":null,"entities":{"description":{"urls":[{"url":"https://t.co/FbRPAshfuv","expanded_url":"http://Instagram.com/345insta","display_url":"Instagram.com/345insta","indices":[1,24]}]}},"protected":false,"followers_count":1765597,"friends_count":359,"listed_count":8330,"created_at":"Sun Feb 16 12:57:31 +0000 2014","favourites_count":690,"utc_offset":null,"time_zone":null,"geo_enabled":true,"verified":true,"statuses_count":7795,"lang":"ja","contributors_enabled":false,"is_translator":false,"is_translation_enabled":false,"profile_background_color":"C0DEED","profile_background_image_url":"http://abs.twimg.com/images/themes/theme1/bg.png","profile_background_image_url_https":"https://abs.twimg.com/images/themes/theme1/bg.png","profile_background_tile":false,"profile_image_url":"http://pbs.twimg.com/profile_images/876252023536078849/iXFeJHVI_normal.jpg","profile_image_url_https":"https://pbs.twimg.com/profile_images/876252023536078849/iXFeJHVI_normal.jpg","profile_banner_url":"https://pbs.twimg.com/profile_banners/2346809580/1466265291","profile_link_color":"1DA1F2","profile_sidebar_border_color":"C0DEED","profile_sidebar_fill_color":"DDEEF6","profile_text_color":"333333","profile_use_background_image":true,"has_extended_profile":false,"default_profile":true,"default_profile_image":false,"following":false,"follow_request_sent":false,"notifications":false,"translator_type":"none"},"geo":null,"coordinates":null,"place":null,"contributors":null,"is_quote_status":false,"retweet_count":530,"favorite_count":4064,"favorited":false,"retweeted":false,"possibly_sensitive":false,"lang":"ja"},{"created_at":"Wed Jul 19 09:36:10 +0000 2017","id":887606985029320700,"id_str":"887606985029320704","text":"返事きた https://t.co/hVsKOZmrAO","truncated":false,"entities":{"hashtags":[],"symbols":[],"user_mentions":[],"urls":[],"media":[{"id":887606977777418200,"id_str":"887606977777418240","indices":[5,28],"media_url":"http://pbs.twimg.com/media/DFFp1_KUwAAU5oN.jpg","media_url_https":"https://pbs.twimg.com/media/DFFp1_KUwAAU5oN.jpg","url":"https://t.co/hVsKOZmrAO","display_url":"pic.twitter.com/hVsKOZmrAO","expanded_url":"https://twitter.com/shima___sub/status/887606985029320704/photo/1","type":"photo","sizes":{"large":{"w":1040,"h":775,"resize":"fit"},"thumb":{"w":150,"h":150,"resize":"crop"},"small":{"w":680,"h":507,"resize":"fit"},"medium":{"w":1040,"h":775,"resize":"fit"}}}]},"extended_entities":{"media":[{"id":887606977777418200,"id_str":"887606977777418240","indices":[5,28],"media_url":"http://pbs.twimg.com/media/DFFp1_KUwAAU5oN.jpg","media_url_https":"https://pbs.twimg.com/media/DFFp1_KUwAAU5oN.jpg","url":"https://t.co/hVsKOZmrAO","display_url":"pic.twitter.com/hVsKOZmrAO","expanded_url":"https://twitter.com/shima___sub/status/887606985029320704/photo/1","type":"photo","sizes":{"large":{"w":1040,"h":775,"resize":"fit"},"thumb":{"w":150,"h":150,"resize":"crop"},"small":{"w":680,"h":507,"resize":"fit"},"medium":{"w":1040,"h":775,"resize":"fit"}}}]},"metadata":{"iso_language_code":"ja","result_type":"recent"},"source":"<a href=\"http://twitter.com/download/iphone\" rel=\"nofollow\">Twitter for iPhone</a>","in_reply_to_status_id":null,"in_reply_to_status_id_str":null,"in_reply_to_user_id":null,"in_reply_to_user_id_str":null,"in_reply_to_screen_name":null,"user":{"id":822036370696736800,"id_str":"822036370696736768","name":"大天使ちゃんしま！@リス♔","screen_name":"shima___sub","location":"天界","description":"志麻(@shima_s2)のサブ垢になります。前のアカウントはログイン出来なくなったので新しくしました！ゲームの呟きはこちら→@shima___game","url":null,"entities":{"description":{"urls":[]}},"protected":false,"followers_count":47544,"friends_count":8,"listed_count":797,"created_at":"Thu Jan 19 11:01:58 +0000 2017","favourites_count":0,"utc_offset":null,"time_zone":null,"geo_enabled":false,"verified":false,"statuses_count":1164,"lang":"ja","contributors_enabled":false,"is_translator":false,"is_translation_enabled":false,"profile_background_color":"F5F8FA","profile_background_image_url":null,"profile_background_image_url_https":null,"profile_background_tile":false,"profile_image_url":"http://pbs.twimg.com/profile_images/822039910106349568/dqO6hwk8_normal.jpg","profile_image_url_https":"https://pbs.twimg.com/profile_images/822039910106349568/dqO6hwk8_normal.jpg","profile_banner_url":"https://pbs.twimg.com/profile_banners/822036370696736768/1495167087","profile_link_color":"1DA1F2","profile_sidebar_border_color":"C0DEED","profile_sidebar_fill_color":"DDEEF6","profile_text_color":"333333","profile_use_background_image":true,"has_extended_profile":true,"default_profile":true,"default_profile_image":false,"following":false,"follow_request_sent":false,"notifications":false,"translator_type":"none"},"geo":null,"coordinates":null,"place":null,"contributors":null,"is_quote_status":false,"retweet_count":1121,"favorite_count":4202,"favorited":false,"retweeted":false,"possibly_sensitive":false,"lang":"ja"},{"created_at":"Wed Jul 19 09:35:58 +0000 2017","id":887606932617416700,"id_str":"887606932617416704","text":"隔離エリアにシャケが近づくと、クマサン商会の募集が始まる謎のバイト「サーモンラン」。\n7月21日（金）の発売から3日間はシャケが大量発生し、特別に高頻度でバイトが募集されるらしい。\n参加にはランク4以上が必要だが、この機会に「サー… https://t.co/KGlBExdcT4","truncated":true,"entities":{"hashtags":[],"symbols":[],"user_mentions":[],"urls":[{"url":"https://t.co/KGlBExdcT4","expanded_url":"https://twitter.com/i/web/status/887606932617416704","display_url":"twitter.com/i/web/status/8…","indices":[117,140]}]},"metadata":{"iso_language_code":"ja","result_type":"recent"},"source":"<a href=\"http://twitter.com\" rel=\"nofollow\">Twitter Web Client</a>","in_reply_to_status_id":null,"in_reply_to_status_id_str":null,"in_reply_to_user_id":null,"in_reply_to_user_id_str":null,"in_reply_to_screen_name":null,"user":{"id":2888006497,"id_str":"2888006497","name":"Splatoon（スプラトゥーン）","screen_name":"SplatoonJP","location":"","description":"『スプラトゥーン』公式総合アカウント。イカ研究所の調査報告（ゲーム情報）やお知らせをお伝えします。最新作の『スプラトゥーン2』は2017年7月21日（金）発売予定。ご質問・お問い合わせにはお答えしておりませんのでご容赦ください。 ※イカ研究所は実在の人物、団体とは一切関係ございません。","url":"https://t.co/yCMNfZlVpz","entities":{"url":{"urls":[{"url":"https://t.co/yCMNfZlVpz","expanded_url":"https://www.nintendo.co.jp/switch/aab6a/index.html","display_url":"nintendo.co.jp/switch/aab6a/i…","indices":[0,23]}]},"description":{"urls":[]}},"protected":false,"followers_count":664425,"friends_count":1,"listed_count":6474,"created_at":"Mon Nov 03 01:36:06 +0000 2014","favourites_count":0,"utc_offset":32400,"time_zone":"Tokyo","geo_enabled":false,"verified":true,"statuses_count":1475,"lang":"ja","contributors_enabled":false,"is_translator":false,"is_translation_enabled":false,"profile_background_color":"000000","profile_background_image_url":"http://pbs.twimg.com/profile_background_images/530105343452274688/WJl6dNx5.jpeg","profile_background_image_url_https":"https://pbs.twimg.com/profile_background_images/530105343452274688/WJl6dNx5.jpeg","profile_background_tile":false,"profile_image_url":"http://pbs.twimg.com/profile_images/819765217957552132/1WftJJM1_normal.jpg","profile_image_url_https":"https://pbs.twimg.com/profile_images/819765217957552132/1WftJJM1_normal.jpg","profile_banner_url":"https://pbs.twimg.com/profile_banners/2888006497/1484282224","profile_link_color":"000000","profile_sidebar_border_color":"000000","profile_sidebar_fill_color":"E3E2DE","profile_text_color":"634047","profile_use_background_image":true,"has_extended_profile":false,"default_profile":false,"default_profile_image":false,"following":false,"follow_request_sent":false,"notifications":false,"translator_type":"none"},"geo":null,"coordinates":null,"place":null,"contributors":null,"is_quote_status":false,"retweet_count":3744,"favorite_count":4917,"favorited":false,"retweeted":false,"possibly_sensitive":false,"lang":"ja"},{"created_at":"Wed Jul 19 09:33:25 +0000 2017","id":887606289999646700,"id_str":"887606289999646722","text":"【御礼】\n本日7月19日をもって「胸を焦がす♡夏の思い出」イベントを終了致しました！ご参加頂きました皆様、ありがとうございました。ランキング報酬を配布させて頂きましたので、プレゼントボックスよりお受け取りのほど、宜しくお願い申し上… https://t.co/D53dkGIMqn","truncated":true,"entities":{"hashtags":[],"symbols":[],"user_mentions":[],"urls":[{"url":"https://t.co/D53dkGIMqn","expanded_url":"https://twitter.com/i/web/status/887606289999646722","display_url":"twitter.com/i/web/status/8…","indices":[117,140]}]},"metadata":{"iso_language_code":"ja","result_type":"recent"},"source":"<a href=\"http://twitter.com\" rel=\"nofollow\">Twitter Web Client</a>","in_reply_to_status_id":null,"in_reply_to_status_id_str":null,"in_reply_to_user_id":null,"in_reply_to_user_id_str":null,"in_reply_to_screen_name":null,"user":{"id":720551938731814900,"id_str":"720551938731814912","name":"【公式】スタンドマイヒーローズ","screen_name":"myhero_info","location":"","description":"２０人以上の豪華声優陣登場！女性向けスマホパズル×シナリオゲーム「スタンド マイヒーローズ」の公式アカウントです！ #スタマイ 個別返信は行っておりません。お問い合わせはゲームのタイトル画面よりお願い致します。【colyオフィシャルグッズストア https://t.co/GvFFkpPHYk 】","url":"https://t.co/wtjjk5YJTk","entities":{"url":{"urls":[{"url":"https://t.co/wtjjk5YJTk","expanded_url":"http://colyinc.com/myhero/","display_url":"colyinc.com/myhero/","indices":[0,23]}]},"description":{"urls":[{"url":"https://t.co/GvFFkpPHYk","expanded_url":"http://coly-shop.com/","display_url":"coly-shop.com","indices":[123,146]}]}},"protected":false,"followers_count":64651,"friends_count":49,"listed_count":786,"created_at":"Thu Apr 14 09:59:04 +0000 2016","favourites_count":226,"utc_offset":-25200,"time_zone":"Pacific Time (US & Canada)","geo_enabled":false,"verified":false,"statuses_count":1091,"lang":"ja","contributors_enabled":false,"is_translator":false,"is_translation_enabled":false,"profile_background_color":"F5F8FA","profile_background_image_url":null,"profile_background_image_url_https":null,"profile_background_tile":false,"profile_image_url":"http://pbs.twimg.com/profile_images/836752394331414528/ASQ7EMr9_normal.jpg","profile_image_url_https":"https://pbs.twimg.com/profile_images/836752394331414528/ASQ7EMr9_normal.jpg","profile_banner_url":"https://pbs.twimg.com/profile_banners/720551938731814912/1486981055","profile_link_color":"1DA1F2","profile_sidebar_border_color":"C0DEED","profile_sidebar_fill_color":"DDEEF6","profile_text_color":"333333","profile_use_background_image":true,"has_extended_profile":false,"default_profile":true,"default_profile_image":false,"following":false,"follow_request_sent":false,"notifications":false,"translator_type":"none"},"geo":null,"coordinates":null,"place":null,"contributors":null,"is_quote_status":false,"retweet_count":703,"favorite_count":1471,"favorited":false,"retweeted":false,"possibly_sensitive":false,"lang":"ja"},{"created_at":"Wed Jul 19 09:33:09 +0000 2017","id":887606223448662000,"id_str":"887606223448662017","text":"ゆず北川悠仁が、夏フェスツアー中の期間限定でインスタ開設！\nアカウント名：yz_summerfest\nをチェック！是非フォローお願いします♪\n#ゆずと夏フェス","truncated":false,"entities":{"hashtags":[{"text":"ゆずと夏フェス","indices":[71,79]}],"symbols":[],"user_mentions":[],"urls":[]},"metadata":{"iso_language_code":"ja","result_type":"recent"},"source":"<a href=\"http://twitter.com\" rel=\"nofollow\">Twitter Web Client</a>","in_reply_to_status_id":null,"in_reply_to_status_id_str":null,"in_reply_to_user_id":null,"in_reply_to_user_id_str":null,"in_reply_to_screen_name":null,"user":{"id":1138488049,"id_str":"1138488049","name":"ゆず公式ツイッター","screen_name":"yuzu_official","location":"横浜","description":"横浜出身・ゆずの公式Twitter デビュー20周年！オールタイムベストアルバム『ゆずイロハ 1997-2017』好評発売中。6月21日＆28日に新作EP『謳おう』『4LOVE』2週連続リリース決定！","url":"https://t.co/wSzGLkxcMA","entities":{"url":{"urls":[{"url":"https://t.co/wSzGLkxcMA","expanded_url":"http://www.senha-yuzu.jp/","display_url":"senha-yuzu.jp","indices":[0,23]}]},"description":{"urls":[]}},"protected":false,"followers_count":169565,"friends_count":0,"listed_count":940,"created_at":"Fri Feb 01 02:16:50 +0000 2013","favourites_count":1,"utc_offset":null,"time_zone":null,"geo_enabled":false,"verified":true,"statuses_count":2586,"lang":"ja","contributors_enabled":false,"is_translator":false,"is_translation_enabled":false,"profile_background_color":"C0DEED","profile_background_image_url":"http://abs.twimg.com/images/themes/theme1/bg.png","profile_background_image_url_https":"https://abs.twimg.com/images/themes/theme1/bg.png","profile_background_tile":false,"profile_image_url":"http://pbs.twimg.com/profile_images/867885232762081280/mYUffY67_normal.jpg","profile_image_url_https":"https://pbs.twimg.com/profile_images/867885232762081280/mYUffY67_normal.jpg","profile_banner_url":"https://pbs.twimg.com/profile_banners/1138488049/1495333687","profile_link_color":"0084B4","profile_sidebar_border_color":"FFFFFF","profile_sidebar_fill_color":"DDEEF6","profile_text_color":"333333","profile_use_background_image":false,"has_extended_profile":false,"default_profile":false,"default_profile_image":false,"following":false,"follow_request_sent":false,"notifications":false,"translator_type":"none"},"geo":null,"coordinates":null,"place":null,"contributors":null,"is_quote_status":false,"retweet_count":517,"favorite_count":1011,"favorited":false,"retweeted":false,"lang":"ja"},{"created_at":"Wed Jul 19 09:32:39 +0000 2017","id":887606097506312200,"id_str":"887606097506312193","text":"スペシャルレッスン後のGS+カードではアイドルとしてひと回り成長した姿をファンにお披露目！\n自信溢れるウィンクとポーズが魅力的です！\n\nG+、GS+はカード獲得と同時に特別なメールが届くのでお楽しみに♪\n\n#t7s #ナナシス https://t.co/Oa4c9kUtrP","truncated":false,"entities":{"hashtags":[{"text":"t7s","indices":[103,107]},{"text":"ナナシス","indices":[108,113]}],"symbols":[],"user_mentions":[],"urls":[],"media":[{"id":887605403479007200,"id_str":"887605403479007232","indices":[114,137],"media_url":"http://pbs.twimg.com/media/DFFoaWcVYAAFSik.jpg","media_url_https":"https://pbs.twimg.com/media/DFFoaWcVYAAFSik.jpg","url":"https://t.co/Oa4c9kUtrP","display_url":"pic.twitter.com/Oa4c9kUtrP","expanded_url":"https://twitter.com/t7s_staff/status/887606097506312193/photo/1","type":"photo","sizes":{"large":{"w":640,"h":960,"resize":"fit"},"medium":{"w":640,"h":960,"resize":"fit"},"small":{"w":453,"h":680,"resize":"fit"},"thumb":{"w":150,"h":150,"resize":"crop"}}}]},"extended_entities":{"media":[{"id":887605403479007200,"id_str":"887605403479007232","indices":[114,137],"media_url":"http://pbs.twimg.com/media/DFFoaWcVYAAFSik.jpg","media_url_https":"https://pbs.twimg.com/media/DFFoaWcVYAAFSik.jpg","url":"https://t.co/Oa4c9kUtrP","display_url":"pic.twitter.com/Oa4c9kUtrP","expanded_url":"https://twitter.com/t7s_staff/status/887606097506312193/photo/1","type":"photo","sizes":{"large":{"w":640,"h":960,"resize":"fit"},"medium":{"w":640,"h":960,"resize":"fit"},"small":{"w":453,"h":680,"resize":"fit"},"thumb":{"w":150,"h":150,"resize":"crop"}}}]},"metadata":{"iso_language_code":"ja","result_type":"recent"},"source":"<a href=\"http://twitter.com\" rel=\"nofollow\">Twitter Web Client</a>","in_reply_to_status_id":null,"in_reply_to_status_id_str":null,"in_reply_to_user_id":null,"in_reply_to_user_id_str":null,"in_reply_to_screen_name":null,"user":{"id":2236300380,"id_str":"2236300380","name":"「Tokyo 7th シスターズ」公式","screen_name":"t7s_staff","location":"Tokyo 7th","description":"メンテナンスやアップデート、イベント情報などを、支配人の皆様にお伝え致します。リプライ、お問い合わせについては、お手数ですがゲーム内お問い合せよりお願い致します。AppのDLはコチラから（iOS)→ http://t.co/b4TBsqu6VR (Android)→http://t.co/YArdsbxrNK","url":"http://t.co/c8u1JK6yxP","entities":{"url":{"urls":[{"url":"http://t.co/c8u1JK6yxP","expanded_url":"http://t7s.jp/","display_url":"t7s.jp","indices":[0,22]}]},"description":{"urls":[{"url":"http://t.co/b4TBsqu6VR","expanded_url":"http://goo.gl/C8VLl4","display_url":"goo.gl/C8VLl4","indices":[100,122]},{"url":"http://t.co/YArdsbxrNK","expanded_url":"http://goo.gl/ZKVVq8","display_url":"goo.gl/ZKVVq8","indices":[133,155]}]}},"protected":false,"followers_count":79239,"friends_count":0,"listed_count":1761,"created_at":"Sun Dec 08 16:54:49 +0000 2013","favourites_count":0,"utc_offset":32400,"time_zone":"Tokyo","geo_enabled":false,"verified":false,"statuses_count":5332,"lang":"ja","contributors_enabled":false,"is_translator":false,"is_translation_enabled":false,"profile_background_color":"C0DEED","profile_background_image_url":"http://abs.twimg.com/images/themes/theme1/bg.png","profile_background_image_url_https":"https://abs.twimg.com/images/themes/theme1/bg.png","profile_background_tile":false,"profile_image_url":"http://pbs.twimg.com/profile_images/527650700390457344/pYWr0fFY_normal.jpeg","profile_image_url_https":"https://pbs.twimg.com/profile_images/527650700390457344/pYWr0fFY_normal.jpeg","profile_banner_url":"https://pbs.twimg.com/profile_banners/2236300380/1414653106","profile_link_color":"1DA1F2","profile_sidebar_border_color":"C0DEED","profile_sidebar_fill_color":"DDEEF6","profile_text_color":"333333","profile_use_background_image":true,"has_extended_profile":false,"default_profile":true,"default_profile_image":false,"following":false,"follow_request_sent":false,"notifications":false,"translator_type":"none"},"geo":null,"coordinates":null,"place":null,"contributors":null,"is_quote_status":false,"retweet_count":783,"favorite_count":833,"favorited":false,"retweeted":false,"possibly_sensitive":false,"lang":"ja"},{"created_at":"Wed Jul 19 09:30:47 +0000 2017","id":887605629019279400,"id_str":"887605629019279360","text":"【アクセス殺到】Zoffサイトが混雑、“うたプリ”影響か\nhttps://t.co/NV4yEe78M2\n\nコラボ商品の予約開始直後から繋がりにくい状況になった。事前にサーバーを強化したが、想定以上にアクセスが集中したという。 https://t.co/M1pWVoM9bA","truncated":false,"entities":{"hashtags":[],"symbols":[],"user_mentions":[],"urls":[{"url":"https://t.co/NV4yEe78M2","expanded_url":"http://news.livedoor.com/article/detail/13357817/","display_url":"news.livedoor.com/article/detail…","indices":[29,52]}],"media":[{"id":887605304342360000,"id_str":"887605304342360064","indices":[114,137],"media_url":"http://pbs.twimg.com/media/DFFoUlIUMAATY7E.jpg","media_url_https":"https://pbs.twimg.com/media/DFFoUlIUMAATY7E.jpg","url":"https://t.co/M1pWVoM9bA","display_url":"pic.twitter.com/M1pWVoM9bA","expanded_url":"https://twitter.com/livedoornews/status/887605629019279360/photo/1","type":"photo","sizes":{"large":{"w":640,"h":360,"resize":"fit"},"small":{"w":640,"h":360,"resize":"fit"},"thumb":{"w":150,"h":150,"resize":"crop"},"medium":{"w":640,"h":360,"resize":"fit"}}}]},"extended_entities":{"media":[{"id":887605304342360000,"id_str":"887605304342360064","indices":[114,137],"media_url":"http://pbs.twimg.com/media/DFFoUlIUMAATY7E.jpg","media_url_https":"https://pbs.twimg.com/media/DFFoUlIUMAATY7E.jpg","url":"https://t.co/M1pWVoM9bA","display_url":"pic.twitter.com/M1pWVoM9bA","expanded_url":"https://twitter.com/livedoornews/status/887605629019279360/photo/1","type":"photo","sizes":{"large":{"w":640,"h":360,"resize":"fit"},"small":{"w":640,"h":360,"resize":"fit"},"thumb":{"w":150,"h":150,"resize":"crop"},"medium":{"w":640,"h":360,"resize":"fit"}}}]},"metadata":{"iso_language_code":"ja","result_type":"recent"},"source":"<a href=\"http://twitter.com\" rel=\"nofollow\">Twitter Web Client</a>","in_reply_to_status_id":null,"in_reply_to_status_id_str":null,"in_reply_to_user_id":null,"in_reply_to_user_id_str":null,"in_reply_to_screen_name":null,"user":{"id":17306975,"id_str":"17306975","name":"ライブドアニュース","screen_name":"livedoornews","location":"","description":"LINE →https://t.co/yhJO0o7Jns／FB → https://t.co/LHTCuyIEjr／インスタ／→https://t.co/SpmVgPtfCG","url":"http://t.co/Q4Bh3OCfgY","entities":{"url":{"urls":[{"url":"http://t.co/Q4Bh3OCfgY","expanded_url":"http://news.livedoor.com/","display_url":"news.livedoor.com","indices":[0,22]}]},"description":{"urls":[{"url":"https://t.co/yhJO0o7Jns","expanded_url":"http://goo.gl/upBgKP","display_url":"goo.gl/upBgKP","indices":[6,29]},{"url":"https://t.co/LHTCuyIEjr","expanded_url":"http://goo.gl/nDULhn","display_url":"goo.gl/nDULhn","indices":[35,58]},{"url":"https://t.co/SpmVgPtfCG","expanded_url":"http://goo.gl/cHGD9G","display_url":"goo.gl/cHGD9G","indices":[65,88]}]}},"protected":false,"followers_count":430874,"friends_count":88,"listed_count":6147,"created_at":"Tue Nov 11 09:56:31 +0000 2008","favourites_count":2609,"utc_offset":32400,"time_zone":"Tokyo","geo_enabled":false,"verified":true,"statuses_count":177047,"lang":"ja","contributors_enabled":false,"is_translator":false,"is_translation_enabled":false,"profile_background_color":"FFFFFF","profile_background_image_url":"http://pbs.twimg.com/profile_background_images/378800000085828060/4b07c1d868c917fb65a3d64a20904cd5.jpeg","profile_background_image_url_https":"https://pbs.twimg.com/profile_background_images/378800000085828060/4b07c1d868c917fb65a3d64a20904cd5.jpeg","profile_background_tile":false,"profile_image_url":"http://pbs.twimg.com/profile_images/875662964988166149/whdJTD2I_normal.jpg","profile_image_url_https":"https://pbs.twimg.com/profile_images/875662964988166149/whdJTD2I_normal.jpg","profile_link_color":"51ADD4","profile_sidebar_border_color":"FFFFFF","profile_sidebar_fill_color":"95E8EC","profile_text_color":"3C3940","profile_use_background_image":true,"has_extended_profile":false,"default_profile":false,"default_profile_image":false,"following":false,"follow_request_sent":false,"notifications":false,"translator_type":"none"},"geo":null,"coordinates":null,"place":null,"contributors":null,"is_quote_status":false,"retweet_count":551,"favorite_count":454,"favorited":false,"retweeted":false,"possibly_sensitive":false,"lang":"ja"},{"created_at":"Wed Jul 19 09:29:58 +0000 2017","id":887605421837434900,"id_str":"887605421837434880","text":"チャンスに強い糸原！！！先制タイムリーヒット！！！ #hanshin #虎テレ https://t.co/MxYdDsBVLl","truncated":false,"entities":{"hashtags":[{"text":"hanshin","indices":[26,34]},{"text":"虎テレ","indices":[35,39]}],"symbols":[],"user_mentions":[],"urls":[],"media":[{"id":887605339306180600,"id_str":"887605339306180608","indices":[40,63],"media_url":"http://pbs.twimg.com/media/DFFoa0KVwAAjtBK.jpg","media_url_https":"https://pbs.twimg.com/media/DFFoa0KVwAAjtBK.jpg","url":"https://t.co/MxYdDsBVLl","display_url":"pic.twitter.com/MxYdDsBVLl","expanded_url":"https://twitter.com/TigersDreamlink/status/887605421837434880/video/1","type":"photo","sizes":{"small":{"w":680,"h":383,"resize":"fit"},"medium":{"w":1200,"h":675,"resize":"fit"},"large":{"w":1280,"h":720,"resize":"fit"},"thumb":{"w":150,"h":150,"resize":"crop"}}}]},"extended_entities":{"media":[{"id":887605339306180600,"id_str":"887605339306180608","indices":[40,63],"media_url":"http://pbs.twimg.com/media/DFFoa0KVwAAjtBK.jpg","media_url_https":"https://pbs.twimg.com/media/DFFoa0KVwAAjtBK.jpg","url":"https://t.co/MxYdDsBVLl","display_url":"pic.twitter.com/MxYdDsBVLl","expanded_url":"https://twitter.com/TigersDreamlink/status/887605421837434880/video/1","type":"video","sizes":{"small":{"w":680,"h":383,"resize":"fit"},"medium":{"w":1200,"h":675,"resize":"fit"},"large":{"w":1280,"h":720,"resize":"fit"},"thumb":{"w":150,"h":150,"resize":"crop"}},"video_info":{"aspect_ratio":[16,9],"duration_millis":22634,"variants":[{"bitrate":832000,"content_type":"video/mp4","url":"https://video.twimg.com/amplify_video/887605339306180608/vid/640x360/c_gImgg18r1gmY_M.mp4"},{"content_type":"application/x-mpegURL","url":"https://video.twimg.com/amplify_video/887605339306180608/pl/33hvnvK-_Aki-_En.m3u8"},{"bitrate":2176000,"content_type":"video/mp4","url":"https://video.twimg.com/amplify_video/887605339306180608/vid/1280x720/e9vzdrc3x8FARHsc.mp4"},{"bitrate":320000,"content_type":"video/mp4","url":"https://video.twimg.com/amplify_video/887605339306180608/vid/320x180/Egehv362LkEwEyWM.mp4"}]},"additional_media_info":{"title":"チャンスに強い糸原！！！先制タイムリーヒット！！！ #hanshin #虎テレ","description":"Powered by SnappyTV","call_to_actions":{"visit_site":{"url":"https://movie.hanshintigers.jp/"}},"embeddable":true,"monetizable":false}}]},"metadata":{"iso_language_code":"ja","result_type":"recent"},"source":"<a href=\"http://snappytv.com\" rel=\"nofollow\">SnappyTV.com</a>","in_reply_to_status_id":null,"in_reply_to_status_id_str":null,"in_reply_to_user_id":null,"in_reply_to_user_id_str":null,"in_reply_to_screen_name":null,"user":{"id":257346169,"id_str":"257346169","name":"阪神タイガース","screen_name":"TigersDreamlink","location":"","description":"阪神タイガースの公式Twitterです。球団からの最新情報をイチ早くお届けいたします。 \n＊当ページはルールを定めています。詳細はこちらでご確認ください。https://t.co/KTizppzbuD\n＊画像等の転載・二次使用は禁止とさせていただきます。","url":"http://t.co/RtfU6TGchi","entities":{"url":{"urls":[{"url":"http://t.co/RtfU6TGchi","expanded_url":"http://hanshintigers.jp/","display_url":"hanshintigers.jp","indices":[0,22]}]},"description":{"urls":[{"url":"https://t.co/KTizppzbuD","expanded_url":"http://hanshintigers.jp/home/social/userpolicy.html","display_url":"hanshintigers.jp/home/social/us…","indices":[77,100]}]}},"protected":false,"followers_count":987256,"friends_count":6,"listed_count":2509,"created_at":"Fri Feb 25 06:31:11 +0000 2011","favourites_count":1,"utc_offset":32400,"time_zone":"Tokyo","geo_enabled":false,"verified":true,"statuses_count":6858,"lang":"ja","contributors_enabled":false,"is_translator":false,"is_translation_enabled":false,"profile_background_color":"000000","profile_background_image_url":"http://pbs.twimg.com/profile_background_images/561425801560600576/TTAXaOov.jpeg","profile_background_image_url_https":"https://pbs.twimg.com/profile_background_images/561425801560600576/TTAXaOov.jpeg","profile_background_tile":false,"profile_image_url":"http://pbs.twimg.com/profile_images/682590327702556672/R_kitcOs_normal.jpg","profile_image_url_https":"https://pbs.twimg.com/profile_images/682590327702556672/R_kitcOs_normal.jpg","profile_banner_url":"https://pbs.twimg.com/profile_banners/257346169/1499049168","profile_link_color":"766867","profile_sidebar_border_color":"FFFFFF","profile_sidebar_fill_color":"FFFFFF","profile_text_color":"333333","profile_use_background_image":true,"has_extended_profile":false,"default_profile":false,"default_profile_image":false,"following":false,"follow_request_sent":false,"notifications":false,"translator_type":"none"},"geo":null,"coordinates":null,"place":null,"contributors":null,"is_quote_status":false,"retweet_count":918,"favorite_count":2299,"favorited":false,"retweeted":false,"possibly_sensitive":false,"lang":"ja"},{"created_at":"Wed Jul 19 09:29:42 +0000 2017","id":887605354867040300,"id_str":"887605354867040256","text":"こちらがEP3.5を切り取ったムスビちゃんのG+カード！\n\n生徒会長の腕章を巻き、今まで見せたことのないこの表情。\nこのシーンがアイドル活動といったいどのように繋がるのでしょうか？\n\n気になるその内容はエピソードにてご確認下さいっ… https://t.co/m6F0nwRKAM","truncated":true,"entities":{"hashtags":[],"symbols":[],"user_mentions":[],"urls":[{"url":"https://t.co/m6F0nwRKAM","expanded_url":"https://twitter.com/i/web/status/887605354867040256","display_url":"twitter.com/i/web/status/8…","indices":[117,140]}]},"metadata":{"iso_language_code":"ja","result_type":"recent"},"source":"<a href=\"http://twitter.com\" rel=\"nofollow\">Twitter Web Client</a>","in_reply_to_status_id":null,"in_reply_to_status_id_str":null,"in_reply_to_user_id":null,"in_reply_to_user_id_str":null,"in_reply_to_screen_name":null,"user":{"id":2236300380,"id_str":"2236300380","name":"「Tokyo 7th シスターズ」公式","screen_name":"t7s_staff","location":"Tokyo 7th","description":"メンテナンスやアップデート、イベント情報などを、支配人の皆様にお伝え致します。リプライ、お問い合わせについては、お手数ですがゲーム内お問い合せよりお願い致します。AppのDLはコチラから（iOS)→ http://t.co/b4TBsqu6VR (Android)→http://t.co/YArdsbxrNK","url":"http://t.co/c8u1JK6yxP","entities":{"url":{"urls":[{"url":"http://t.co/c8u1JK6yxP","expanded_url":"http://t7s.jp/","display_url":"t7s.jp","indices":[0,22]}]},"description":{"urls":[{"url":"http://t.co/b4TBsqu6VR","expanded_url":"http://goo.gl/C8VLl4","display_url":"goo.gl/C8VLl4","indices":[100,122]},{"url":"http://t.co/YArdsbxrNK","expanded_url":"http://goo.gl/ZKVVq8","display_url":"goo.gl/ZKVVq8","indices":[133,155]}]}},"protected":false,"followers_count":79239,"friends_count":0,"listed_count":1761,"created_at":"Sun Dec 08 16:54:49 +0000 2013","favourites_count":0,"utc_offset":32400,"time_zone":"Tokyo","geo_enabled":false,"verified":false,"statuses_count":5332,"lang":"ja","contributors_enabled":false,"is_translator":false,"is_translation_enabled":false,"profile_background_color":"C0DEED","profile_background_image_url":"http://abs.twimg.com/images/themes/theme1/bg.png","profile_background_image_url_https":"https://abs.twimg.com/images/themes/theme1/bg.png","profile_background_tile":false,"profile_image_url":"http://pbs.twimg.com/profile_images/527650700390457344/pYWr0fFY_normal.jpeg","profile_image_url_https":"https://pbs.twimg.com/profile_images/527650700390457344/pYWr0fFY_normal.jpeg","profile_banner_url":"https://pbs.twimg.com/profile_banners/2236300380/1414653106","profile_link_color":"1DA1F2","profile_sidebar_border_color":"C0DEED","profile_sidebar_fill_color":"DDEEF6","profile_text_color":"333333","profile_use_background_image":true,"has_extended_profile":false,"default_profile":true,"default_profile_image":false,"following":false,"follow_request_sent":false,"notifications":false,"translator_type":"none"},"geo":null,"coordinates":null,"place":null,"contributors":null,"is_quote_status":false,"retweet_count":684,"favorite_count":753,"favorited":false,"retweeted":false,"possibly_sensitive":false,"lang":"ja"},{"created_at":"Wed Jul 19 09:27:07 +0000 2017","id":887604706054361100,"id_str":"887604706054361088","text":"メンバーにLINE送ってみたよ😉 https://t.co/DcnnaJM8Ih","truncated":false,"entities":{"hashtags":[],"symbols":[],"user_mentions":[],"urls":[],"media":[{"id":887604699829948400,"id_str":"887604699829948416","indices":[17,40],"media_url":"http://pbs.twimg.com/media/DFFnxZJU0AAzBdW.jpg","media_url_https":"https://pbs.twimg.com/media/DFFnxZJU0AAzBdW.jpg","url":"https://t.co/DcnnaJM8Ih","display_url":"pic.twitter.com/DcnnaJM8Ih","expanded_url":"https://twitter.com/shima___sub/status/887604706054361088/photo/1","type":"photo","sizes":{"large":{"w":481,"h":833,"resize":"fit"},"thumb":{"w":150,"h":150,"resize":"crop"},"small":{"w":393,"h":680,"resize":"fit"},"medium":{"w":481,"h":833,"resize":"fit"}}}]},"extended_entities":{"media":[{"id":887604699829948400,"id_str":"887604699829948416","indices":[17,40],"media_url":"http://pbs.twimg.com/media/DFFnxZJU0AAzBdW.jpg","media_url_https":"https://pbs.twimg.com/media/DFFnxZJU0AAzBdW.jpg","url":"https://t.co/DcnnaJM8Ih","display_url":"pic.twitter.com/DcnnaJM8Ih","expanded_url":"https://twitter.com/shima___sub/status/887604706054361088/photo/1","type":"photo","sizes":{"large":{"w":481,"h":833,"resize":"fit"},"thumb":{"w":150,"h":150,"resize":"crop"},"small":{"w":393,"h":680,"resize":"fit"},"medium":{"w":481,"h":833,"resize":"fit"}}}]},"metadata":{"iso_language_code":"ja","result_type":"recent"},"source":"<a href=\"http://twitter.com/download/iphone\" rel=\"nofollow\">Twitter for iPhone</a>","in_reply_to_status_id":null,"in_reply_to_status_id_str":null,"in_reply_to_user_id":null,"in_reply_to_user_id_str":null,"in_reply_to_screen_name":null,"user":{"id":822036370696736800,"id_str":"822036370696736768","name":"大天使ちゃんしま！@リス♔","screen_name":"shima___sub","location":"天界","description":"志麻(@shima_s2)のサブ垢になります。前のアカウントはログイン出来なくなったので新しくしました！ゲームの呟きはこちら→@shima___game","url":null,"entities":{"description":{"urls":[]}},"protected":false,"followers_count":47544,"friends_count":8,"listed_count":797,"created_at":"Thu Jan 19 11:01:58 +0000 2017","favourites_count":0,"utc_offset":null,"time_zone":null,"geo_enabled":false,"verified":false,"statuses_count":1164,"lang":"ja","contributors_enabled":false,"is_translator":false,"is_translation_enabled":false,"profile_background_color":"F5F8FA","profile_background_image_url":null,"profile_background_image_url_https":null,"profile_background_tile":false,"profile_image_url":"http://pbs.twimg.com/profile_images/822039910106349568/dqO6hwk8_normal.jpg","profile_image_url_https":"https://pbs.twimg.com/profile_images/822039910106349568/dqO6hwk8_normal.jpg","profile_banner_url":"https://pbs.twimg.com/profile_banners/822036370696736768/1495167087","profile_link_color":"1DA1F2","profile_sidebar_border_color":"C0DEED","profile_sidebar_fill_color":"DDEEF6","profile_text_color":"333333","profile_use_background_image":true,"has_extended_profile":true,"default_profile":true,"default_profile_image":false,"following":false,"follow_request_sent":false,"notifications":false,"translator_type":"none"},"geo":null,"coordinates":null,"place":null,"contributors":null,"is_quote_status":false,"retweet_count":835,"favorite_count":3820,"favorited":false,"retweeted":false,"possibly_sensitive":false,"lang":"ja"},{"created_at":"Wed Jul 19 09:26:51 +0000 2017","id":887604637922074600,"id_str":"887604637922074624","text":"トップニュースになるべき「蓮舫の国籍法違反と嘘」が、各局で全く報道されず。その反対に政府も防衛官僚も完全否定してる「稲田朋美の非公表を了承」は、朝から各局で長時間報道。3500円のカツカレーやカップラーメンの値段は報道して、嘘吐き二重国籍は報道しないマスコミの放送基準は異常だよ","truncated":false,"entities":{"hashtags":[],"symbols":[],"user_mentions":[],"urls":[]},"metadata":{"iso_language_code":"ja","result_type":"recent"},"source":"<a href=\"http://www.apple.com/\" rel=\"nofollow\">OS X</a>","in_reply_to_status_id":null,"in_reply_to_status_id_str":null,"in_reply_to_user_id":null,"in_reply_to_user_id_str":null,"in_reply_to_screen_name":null,"user":{"id":524294327,"id_str":"524294327","name":"500円","screen_name":"_500yen","location":"日本銀行","description":"ここは実況垢(@_500yen)です／ https://t.co/47sclMQccz ／本垢は(@bio_jackrose)です／ https://t.co/OdmT4fq1c1 ／ ※ツイートは誤字脱字が多目ですので「忖度」してください＼(^o^)／","url":"https://t.co/wePGds7zOE","entities":{"url":{"urls":[{"url":"https://t.co/wePGds7zOE","expanded_url":"https://aclog.rhe.jp/_500yen","display_url":"aclog.rhe.jp/_500yen","indices":[0,23]}]},"description":{"urls":[{"url":"https://t.co/47sclMQccz","expanded_url":"http://fivezerozero.tumblr.com","display_url":"fivezerozero.tumblr.com","indices":[20,43]},{"url":"https://t.co/OdmT4fq1c1","expanded_url":"http://jackrose.tumblr.com","display_url":"jackrose.tumblr.com","indices":[67,90]}]}},"protected":false,"followers_count":46356,"friends_count":579,"listed_count":846,"created_at":"Wed Mar 14 12:11:11 +0000 2012","favourites_count":134147,"utc_offset":32400,"time_zone":"Tokyo","geo_enabled":false,"verified":false,"statuses_count":27074,"lang":"ja","contributors_enabled":false,"is_translator":false,"is_translation_enabled":false,"profile_background_color":"00C6E1","profile_background_image_url":"http://pbs.twimg.com/profile_background_images/597033948468760576/yht65XtD.png","profile_background_image_url_https":"https://pbs.twimg.com/profile_background_images/597033948468760576/yht65XtD.png","profile_background_tile":false,"profile_image_url":"http://pbs.twimg.com/profile_images/2892403315/3b163fe3c2c3fea75c665836cef68767_normal.png","profile_image_url_https":"https://pbs.twimg.com/profile_images/2892403315/3b163fe3c2c3fea75c665836cef68767_normal.png","profile_banner_url":"https://pbs.twimg.com/profile_banners/524294327/1431184208","profile_link_color":"DD2E44","profile_sidebar_border_color":"000000","profile_sidebar_fill_color":"95E8EC","profile_text_color":"3C3940","profile_use_background_image":false,"has_extended_profile":false,"default_profile":false,"default_profile_image":false,"following":false,"follow_request_sent":false,"notifications":false,"translator_type":"regular"},"geo":null,"coordinates":null,"place":null,"contributors":null,"is_quote_status":false,"retweet_count":502,"favorite_count":483,"favorited":false,"retweeted":false,"lang":"ja"},{"created_at":"Wed Jul 19 09:26:12 +0000 2017","id":887604474184843300,"id_str":"887604474184843264","text":"「AKB48SHOW!」で\n”まさかシンガポール”収録しておりました！！\n\n7/22 23:15〜の放送を\n是非、ご覧下さいませませ☺️✨\n\n#akb48show\n#NMB48 \n#まさかシンガポール https://t.co/07meIpRso8","truncated":false,"entities":{"hashtags":[{"text":"akb48show","indices":[71,81]},{"text":"NMB48","indices":[82,88]},{"text":"まさかシンガポール","indices":[90,100]}],"symbols":[],"user_mentions":[],"urls":[],"media":[{"id":887604462516174800,"id_str":"887604462516174848","indices":[101,124],"media_url":"http://pbs.twimg.com/media/DFFnjlFUAAAXqyY.jpg","media_url_https":"https://pbs.twimg.com/media/DFFnjlFUAAAXqyY.jpg","url":"https://t.co/07meIpRso8","display_url":"pic.twitter.com/07meIpRso8","expanded_url":"https://twitter.com/SayakaNeon/status/887604474184843264/photo/1","type":"photo","sizes":{"large":{"w":1478,"h":1108,"resize":"fit"},"thumb":{"w":150,"h":150,"resize":"crop"},"small":{"w":680,"h":510,"resize":"fit"},"medium":{"w":1200,"h":900,"resize":"fit"}}}]},"extended_entities":{"media":[{"id":887604462516174800,"id_str":"887604462516174848","indices":[101,124],"media_url":"http://pbs.twimg.com/media/DFFnjlFUAAAXqyY.jpg","media_url_https":"https://pbs.twimg.com/media/DFFnjlFUAAAXqyY.jpg","url":"https://t.co/07meIpRso8","display_url":"pic.twitter.com/07meIpRso8","expanded_url":"https://twitter.com/SayakaNeon/status/887604474184843264/photo/1","type":"photo","sizes":{"large":{"w":1478,"h":1108,"resize":"fit"},"thumb":{"w":150,"h":150,"resize":"crop"},"small":{"w":680,"h":510,"resize":"fit"},"medium":{"w":1200,"h":900,"resize":"fit"}}}]},"metadata":{"iso_language_code":"ja","result_type":"recent"},"source":"<a href=\"http://twitter.com/download/iphone\" rel=\"nofollow\">Twitter for iPhone</a>","in_reply_to_status_id":null,"in_reply_to_status_id_str":null,"in_reply_to_user_id":null,"in_reply_to_user_id_str":null,"in_reply_to_screen_name":null,"user":{"id":2847742519,"id_str":"2847742519","name":"山本彩","screen_name":"SayakaNeon","location":"10/4 2ndソロアルバム発売！！！！","description":"彩と書いて(さやか)と読みます（^人^） ㅤㅤㅤㅤㅤㅤㅤㅤㅤㅤㅤㅤㅤNMB48です。。ずっと音楽をやっていたい多趣味人間です。。。。。。 https://t.co/qeoZrFLWnH","url":"https://t.co/cJltaIMVtA","entities":{"url":{"urls":[{"url":"https://t.co/cJltaIMVtA","expanded_url":"https://www.instagram.com/sayaka__714/","display_url":"instagram.com/sayaka__714/","indices":[0,23]}]},"description":{"urls":[{"url":"https://t.co/qeoZrFLWnH","expanded_url":"http://yamamotosayaka.jp/","display_url":"yamamotosayaka.jp","indices":[69,92]}]}},"protected":false,"followers_count":1684657,"friends_count":333,"listed_count":8140,"created_at":"Wed Oct 08 17:37:59 +0000 2014","favourites_count":404,"utc_offset":32400,"time_zone":"Seoul","geo_enabled":false,"verified":true,"statuses_count":4099,"lang":"ja","contributors_enabled":false,"is_translator":false,"is_translation_enabled":false,"profile_background_color":"C0DEED","profile_background_image_url":"http://abs.twimg.com/images/themes/theme1/bg.png","profile_background_image_url_https":"https://abs.twimg.com/images/themes/theme1/bg.png","profile_background_tile":false,"profile_image_url":"http://pbs.twimg.com/profile_images/801092463838392321/-ER7HjRP_normal.jpg","profile_image_url_https":"https://pbs.twimg.com/profile_images/801092463838392321/-ER7HjRP_normal.jpg","profile_banner_url":"https://pbs.twimg.com/profile_banners/2847742519/1451644059","profile_link_color":"1DA1F2","profile_sidebar_border_color":"C0DEED","profile_sidebar_fill_color":"DDEEF6","profile_text_color":"333333","profile_use_background_image":true,"has_extended_profile":false,"default_profile":true,"default_profile_image":false,"following":false,"follow_request_sent":false,"notifications":false,"translator_type":"none"},"geo":null,"coordinates":null,"place":null,"contributors":null,"is_quote_status":false,"retweet_count":891,"favorite_count":4139,"favorited":false,"retweeted":false,"possibly_sensitive":false,"lang":"ja"}],"search_metadata":{"completed_in":0.159,"max_id":887611074937102300,"max_id_str":"887611074937102338","next_results":"?max_id=887604474184843263&q=lang%3Aja%20min_retweets%3A500&include_entities=1","query":"lang%3Aja+min_retweets%3A500","refresh_url":"?since_id=887611074937102338&q=lang%3Aja%20min_retweets%3A500&include_entities=1","count":15,"since_id":0,"since_id_str":"0"}}