{"statuses":[{"created_at":"Wed Jul 19 17:11:00 +0000 2017","id":887721445245112300,"id_str":"887721445245112320","text":"夏ですね、去年の水着が小さくなったちゃん。 https://t.co/NgyiXCLjCP","truncated":false,"entities":{"hashtags":[],"symbols":[],"user_mentions":[],"urls":[],"media":[{"id":887721010497077200,"id_str":"887721010497077248","indices":[22,45],"media_url":"http://pbs.twimg.com/media/DFHRjkJUQAAdilw.jpg","media_url_https":"https://pbs.twimg.com/media/DFHRjkJUQAAdilw.jpg","url":"https://t.co/NgyiXCLjCP","display_url":"pic.twitter.com/NgyiXCLjCP","expanded_url":"https://twitter.com/ssokgng/status/887721445245112320/photo/1","type":"photo","sizes":{"small":{"w":493,"h":680,"resize":"fit"},"medium":{"w":725,"h":1000,"resize":"fit"},"large":{"w":725,"h":1000,"resize":"fit"},"thumb":{"w":150,"h":150,"resize":"crop"}}}]},"extended_entities":{"media":[{"id":887721010497077200,"id_str":"887721010497077248","indices":[22,45],"media_url":"http://pbs.twimg.com/media/DFHRjkJUQAAdilw.jpg","media_url_https":"https://pbs.twimg.com/media/DFHRjkJUQAAdilw.jpg","url":"https://t.co/NgyiXCLjCP","display_url":"pic.twitter.com/NgyiXCLjCP","expanded_url":"https://twitter.com/ssokgng/status/887721445245112320/photo/1","type":"photo","sizes":{"small":{"w":493,"h":680,"resize":"fit"},"medium":{"w":725,"h":1000,"resize":"fit"},"large":{"w":725,"h":1000,"resize":"fit"},"thumb":{"w":150,"h":150,"resize":"crop"}}}]},"metadata":{"iso_language_code":"ja","result_type":"recent"},"source":"<a href=\"http://twitter.com\" rel=\"nofollow\">Twitter Web Client</a>","in_reply_to_status_id":null,"in_reply_to_status_id_str":null,"in_reply_to_user_id":null,"in_reply_to_user_id_str":null,"in_reply_to_screen_name":null,"user":{"id":3024265242,"id_str":"3024265242","name":"笹岡ぐんぐ","screen_name":"ssokgng","location":"東京都","description":"思うところあって鍵開け中、また閉めるかも。Ｈな絵もあるので１８禁、チビッ子はブロックよ。 リプ返率低下。","url":"https://t.co/1SvaH4BSMk","entities":{"url":{"urls":[{"url":"https://t.co/1SvaH4BSMk","expanded_url":"http://www.pixiv.net/member.php?id=1019732","display_url":"pixiv.net/member.php?id=…","indices":[0,23]}]},"description":{"urls":[]}},"protected":false,"followers_count":38311,"friends_count":233,"listed_count":672,"created_at":"Tue Feb 17 18:14:56 +0000 2015","favourites_count":3689,"utc_offset":28800,"time_zone":"Irkutsk","geo_enabled":false,"verified":false,"statuses_count":4137,"lang":"ja","contributors_enabled":false,"is_translator":false,"is_translation_enabled":false,"profile_background_color":"3B94D9","profile_background_image_url":"http://abs.twimg.com/images/themes/theme4/bg.gif","profile_background_image_url_https":"https://abs.twimg.com/images/themes/theme4/bg.gif","profile_background_tile":false,"profile_image_url":"http://pbs.twimg.com/profile_images/805550681943777280/5hts54-m_normal.jpg","profile_image_url_https":"https://pbs.twimg.com/profile_images/805550681943777280/5hts54-m_normal.jpg","profile_link_color":"0C1927","profile_sidebar_border_color":"C0DEED","profile_sidebar_fill_color":"DDEEF6","profile_text_color":"333333","profile_use_background_image":false,"has_extended_profile":false,"default_profile":false,"default_profile_image":false,"following":false,"follow_request_sent":false,"notifications":false,"translator_type":"none"},"geo":null,"coordinates":null,"place":null,"contributors":null,"is_quote_status":false,"retweet_count":839,"favorite_count":2750,"favorited":false,"retweeted":false,"possibly_sensitive":true,"lang":"ja"},{"created_at":"Wed Jul 19 17:06:10 +0000 2017","id":887720231509966800,"id_str":"887720231509966848","text":"私「裸の明日花キララがいたらヤるでしょ？」彼「マジでやらない」私「嘘つかないでよ」彼「だってyuzukaだって、山田孝之が目の前にいるからってヤらないでしょ？」私「ヤる」彼「え？」私「必ずヤる」","truncated":false,"entities":{"hashtags":[],"symbols":[],"user_mentions":[],"urls":[]},"metadata":{"iso_language_code":"ja","result_type":"recent"},"source":"<a href=\"http://twitter.com/#!/download/ipad\" rel=\"nofollow\">Twitter for iPad</a>","in_reply_to_status_id":null,"in_reply_to_status_id_str":null,"in_reply_to_user_id":null,"in_reply_to_user_id_str":null,"in_reply_to_screen_name":null,"user":{"id":3224508662,"id_str":"3224508662","name":"yuzuka","screen_name":"yuzuka_tecpizza","location":"精神科、美容外科ナース","description":"【その男を捨てれば幸せになれるよ】コラムニスト。女子spa!『yuzukaの恋愛アドバイス』恋学『美容整形と幸せ』連載中。ハウコレでも新連載開始！週刊spa!や、AMにも出没。DMにて相談受付中。お仕事は担当者窓口まで→yuzuki.mari.info@gmail.com","url":"https://t.co/DJlaMEccQM","entities":{"url":{"urls":[{"url":"https://t.co/DJlaMEccQM","expanded_url":"https://note.mu/yuzuka_tecpizza","display_url":"note.mu/yuzuka_tecpizza","indices":[0,23]}]},"description":{"urls":[]}},"protected":false,"followers_count":37074,"friends_count":80,"listed_count":258,"created_at":"Sat May 23 18:27:21 +0000 2015","favourites_count":8991,"utc_offset":null,"time_zone":null,"geo_enabled":true,"verified":false,"statuses_count":10538,"lang":"ja","contributors_enabled":false,"is_translator":false,"is_translation_enabled":false,"profile_background_color":"C0DEED","profile_background_image_url":"http://abs.twimg.com/images/themes/theme1/bg.png","profile_background_image_url_https":"https://abs.twimg.com/images/themes/theme1/bg.png","profile_background_tile":false,"profile_image_url":"http://pbs.twimg.com/profile_images/853989543019593728/G-jQ2uI6_normal.jpg","profile_image_url_https":"https://pbs.twimg.com/profile_images/853989543019593728/G-jQ2uI6_normal.jpg","profile_banner_url":"https://pbs.twimg.com/profile_banners/3224508662/1492811290","profile_link_color":"1DA1F2","profile_sidebar_border_color":"C0DEED","profile_sidebar_fill_color":"DDEEF6","profile_text_color":"333333","profile_use_background_image":true,"has_extended_profile":false,"default_profile":true,"default_profile_image":false,"following":false,"follow_request_sent":false,"notifications":false,"translator_type":"none"},"geo":null,"coordinates":null,"place":null,"contributors":null,"is_quote_status":false,"retweet_count":561,"favorite_count":1573,"favorited":false,"retweeted":false,"lang":"ja"},{"created_at":"Wed Jul 19 16:31:31 +0000 2017","id":887711510646190100,"id_str":"887711510646190080","text":"桜守歌織さんやっと描けた😀💦 https://t.co/zCRJ0iE544","truncated":false,"entities":{"hashtags":[],"symbols":[],"user_mentions":[],"urls":[],"media":[{"id":887711494414016500,"id_str":"887711494414016512","indices":[15,38],"media_url":"http://pbs.twimg.com/media/DFHI5p-UIAAQuEp.jpg","media_url_https":"https://pbs.twimg.com/media/DFHI5p-UIAAQuEp.jpg","url":"https://t.co/zCRJ0iE544","display_url":"pic.twitter.com/zCRJ0iE544","expanded_url":"https://twitter.com/ast_2017/status/887711510646190080/photo/1","type":"photo","sizes":{"small":{"w":408,"h":680,"resize":"fit"},"large":{"w":720,"h":1200,"resize":"fit"},"thumb":{"w":150,"h":150,"resize":"crop"},"medium":{"w":720,"h":1200,"resize":"fit"}}}]},"extended_entities":{"media":[{"id":887711494414016500,"id_str":"887711494414016512","indices":[15,38],"media_url":"http://pbs.twimg.com/media/DFHI5p-UIAAQuEp.jpg","media_url_https":"https://pbs.twimg.com/media/DFHI5p-UIAAQuEp.jpg","url":"https://t.co/zCRJ0iE544","display_url":"pic.twitter.com/zCRJ0iE544","expanded_url":"https://twitter.com/ast_2017/status/887711510646190080/photo/1","type":"photo","sizes":{"small":{"w":408,"h":680,"resize":"fit"},"large":{"w":720,"h":1200,"resize":"fit"},"thumb":{"w":150,"h":150,"resize":"crop"},"medium":{"w":720,"h":1200,"resize":"fit"}}}]},"metadata":{"iso_language_code":"ja","result_type":"recent"},"source":"<a href=\"http://twitter.com\" rel=\"nofollow\">Twitter Web Client</a>","in_reply_to_status_id":null,"in_reply_to_status_id_str":null,"in_reply_to_user_id":null,"in_reply_to_user_id_str":null,"in_reply_to_screen_name":null,"user":{"id":805598058448703500,"id_str":"805598058448703489","name":"アシタ","screen_name":"ast_2017","location":"","description":"絵を描いてます","url":null,"entities":{"description":{"urls":[]}},"protected":false,"followers_count":6405,"friends_count":196,"listed_count":174,"created_at":"Mon Dec 05 02:21:59 +0000 2016","favourites_count":2750,"utc_offset":null,"time_zone":null,"geo_enabled":false,"verified":false,"statuses_count":3626,"lang":"ja","contributors_enabled":false,"is_translator":false,"is_translation_enabled":false,"profile_background_color":"F5F8FA","profile_background_image_url":null,"profile_background_image_url_https":null,"profile_background_tile":false,"profile_image_url":"http://pbs.twimg.com/profile_images/865242534427058176/cIs4zUAI_normal.jpg","profile_image_url_https":"https://pbs.twimg.com/profile_images/865242534427058176/cIs4zUAI_normal.jpg","profile_banner_url":"https://pbs.twimg.com/profile_banners/805598058448703489/1494292324","profile_link_color":"1DA1F2","profile_sidebar_border_color":"C0DEED","profile_sidebar_fill_color":"DDEEF6","profile_text_color":"333333","profile_use_background_image":true,"has_extended_profile":false,"default_profile":true,"default_profile_image":false,"following":false,"follow_request_sent":false,"notifications":false,"translator_type":"none"},"geo":null,"coordinates":null,"place":null,"contributors":null,"is_quote_status":false,"retweet_count":500,"favorite_count":1182,"favorited":false,"retweeted":false,"possibly_sensitive":false,"lang":"ja"},{"created_at":"Wed Jul 19 16:30:17 +0000 2017","id":887711200762486800,"id_str":"887711200762486785","text":"あのさースタバの\"店員\"さんの黒のエプロンと緑のエプロンの違いってなんなんだろ？","truncated":false,"entities":{"hashtags":[],"symbols":[],"user_mentions":[],"urls":[]},"metadata":{"iso_language_code":"ja","result_type":"recent"},"source":"<a href=\"http://twitter.com/download/iphone\" rel=\"nofollow\">Twitter for iPhone</a>","in_reply_to_status_id":887710169982918700,"in_reply_to_status_id_str":"887710169982918656","in_reply_to_user_id":274407179,"in_reply_to_user_id_str":"274407179","in_reply_to_screen_name":"Jin_Akanishi","user":{"id":274407179,"id_str":"274407179","name":"Jin Akanishi  赤西 仁","screen_name":"Jin_Akanishi","location":"The world","description":"~Jin Akanishi Official Twitter~ https://t.co/kDQTwnCJQ6 https://t.co/mHNTl2fr2Y https://t.co/a9Ud8fqg7A","url":"https://t.co/7xFHMmbcxV","entities":{"url":{"urls":[{"url":"https://t.co/7xFHMmbcxV","expanded_url":"http://jinakanishi.com","display_url":"jinakanishi.com","indices":[0,23]}]},"description":{"urls":[{"url":"https://t.co/kDQTwnCJQ6","expanded_url":"http://www.facebook.com/JinAkanishiMusic","display_url":"facebook.com/JinAkanishiMus…","indices":[32,55]},{"url":"https://t.co/mHNTl2fr2Y","expanded_url":"http://www.instagram.com/jinstagram_official","display_url":"instagram.com/jinstagram_off…","indices":[56,79]},{"url":"https://t.co/a9Ud8fqg7A","expanded_url":"http://weibo.com/JAofficial","display_url":"weibo.com/JAofficial","indices":[80,103]}]}},"protected":false,"followers_count":585366,"friends_count":68,"listed_count":3722,"created_at":"Wed Mar 30 07:36:20 +0000 2011","favourites_count":170,"utc_offset":28800,"time_zone":"Irkutsk","geo_enabled":false,"verified":true,"statuses_count":1221,"lang":"en","contributors_enabled":false,"is_translator":false,"is_translation_enabled":false,"profile_background_color":"131516","profile_background_image_url":"http://abs.twimg.com/images/themes/theme14/bg.gif","profile_background_image_url_https":"https://abs.twimg.com/images/themes/theme14/bg.gif","profile_background_tile":false,"profile_image_url":"http://pbs.twimg.com/profile_images/844727636450422784/KibDLO4s_normal.jpg","profile_image_url_https":"https://pbs.twimg.com/profile_images/844727636450422784/KibDLO4s_normal.jpg","profile_banner_url":"https://pbs.twimg.com/profile_banners/274407179/1464789630","profile_link_color":"09A3DB","profile_sidebar_border_color":"FFFFFF","profile_sidebar_fill_color":"EFEFEF","profile_text_color":"333333","profile_use_background_image":false,"has_extended_profile":false,"default_profile":false,"default_profile_image":false,"following":false,"follow_request_sent":false,"notifications":false,"translator_type":"none"},"geo":null,"coordinates":null,"place":null,"contributors":null,"is_quote_status":false,"retweet_count":795,"favorite_count":2708,"favorited":false,"retweeted":false,"lang":"ja"},{"created_at":"Wed Jul 19 16:26:12 +0000 2017","id":887710169982918700,"id_str":"887710169982918656","text":"あのさースタバの定員さんの黒のエプロンと緑のエプロンの違いってなんなんだろ？","truncated":false,"entities":{"hashtags":[],"symbols":[],"user_mentions":[],"urls":[]},"metadata":{"iso_language_code":"ja","result_type":"recent"},"source":"<a href=\"http://twitter.com/download/iphone\" rel=\"nofollow\">Twitter for iPhone</a>","in_reply_to_status_id":null,"in_reply_to_status_id_str":null,"in_reply_to_user_id":null,"in_reply_to_user_id_str":null,"in_reply_to_screen_name":null,"user":{"id":274407179,"id_str":"274407179","name":"Jin Akanishi  赤西 仁","screen_name":"Jin_Akanishi","location":"The world","description":"~Jin Akanishi Official Twitter~ https://t.co/kDQTwnCJQ6 https://t.co/mHNTl2fr2Y https://t.co/a9Ud8fqg7A","url":"https://t.co/7xFHMmbcxV","entities":{"url":{"urls":[{"url":"https://t.co/7xFHMmbcxV","expanded_url":"http://jinakanishi.com","display_url":"jinakanishi.com","indices":[0,23]}]},"description":{"urls":[{"url":"https://t.co/kDQTwnCJQ6","expanded_url":"http://www.facebook.com/JinAkanishiMusic","display_url":"facebook.com/JinAkanishiMus…","indices":[32,55]},{"url":"https://t.co/mHNTl2fr2Y","expanded_url":"http://www.instagram.com/jinstagram_official","display_url":"instagram.com/jinstagram_off…","indices":[56,79]},{"url":"https://t.co/a9Ud8fqg7A","expanded_url":"http://weibo.com/JAofficial","display_url":"weibo.com/JAofficial","indices":[80,103]}]}},"protected":false,"followers_count":585366,"friends_count":68,"listed_count":3722,"created_at":"Wed Mar 30 07:36:20 +0000 2011","favourites_count":170,"utc_offset":28800,"time_zone":"Irkutsk","geo_enabled":false,"verified":true,"statuses_count":1221,"lang":"en","contributors_enabled":false,"is_translator":false,"is_translation_enabled":false,"profile_background_color":"131516","profile_background_image_url":"http://abs.twimg.com/images/themes/theme14/bg.gif","profile_background_image_url_https":"https://abs.twimg.com/images/themes/theme14/bg.gif","profile_background_tile":false,"profile_image_url":"http://pbs.twimg.com/profile_images/844727636450422784/KibDLO4s_normal.jpg","profile_image_url_https":"https://pbs.twimg.com/profile_images/844727636450422784/KibDLO4s_normal.jpg","profile_banner_url":"https://pbs.twimg.com/profile_banners/274407179/1464789630","profile_link_color":"09A3DB","profile_sidebar_border_color":"FFFFFF","profile_sidebar_fill_color":"EFEFEF","profile_text_color":"333333","profile_use_background_image":false,"has_extended_profile":false,"default_profile":false,"default_profile_image":false,"following":false,"follow_request_sent":false,"notifications":false,"translator_type":"none"},"geo":null,"coordinates":null,"place":null,"contributors":null,"is_quote_status":false,"retweet_count":929,"favorite_count":3254,"favorited":false,"retweeted":false,"lang":"ja"},{"created_at":"Wed Jul 19 16:20:04 +0000 2017","id":887708627095609300,"id_str":"887708627095609344","text":"もう4時か","truncated":false,"entities":{"hashtags":[],"symbols":[],"user_mentions":[],"urls":[]},"metadata":{"iso_language_code":"ja","result_type":"recent"},"source":"<a href=\"http://carotene.sakura.ne.jp/shuumai/\" rel=\"nofollow\">せいろ</a>","in_reply_to_status_id":null,"in_reply_to_status_id_str":null,"in_reply_to_user_id":null,"in_reply_to_user_id_str":null,"in_reply_to_screen_name":null,"user":{"id":54882396,"id_str":"54882396","name":"しゅうまい君","screen_name":"shuumai","location":"せいろ","description":"followingの皆さんの最近の発言を学習して喋るよ。（何かあったら@enpitsuまで）／LINEスタンプもあるよhttps://t.co/dRzUm39fDe","url":"https://t.co/33QcJKtmeV","entities":{"url":{"urls":[{"url":"https://t.co/33QcJKtmeV","expanded_url":"http://enpitsu.org/shuumai/","display_url":"enpitsu.org/shuumai/","indices":[0,23]}]},"description":{"urls":[{"url":"https://t.co/dRzUm39fDe","expanded_url":"http://line.me/S/sticker/1010497","display_url":"line.me/S/sticker/1010…","indices":[59,82]}]}},"protected":false,"followers_count":294855,"friends_count":252772,"listed_count":15184,"created_at":"Wed Jul 08 12:37:32 +0000 2009","favourites_count":0,"utc_offset":32400,"time_zone":"Tokyo","geo_enabled":false,"verified":false,"statuses_count":185739,"lang":"en","contributors_enabled":false,"is_translator":false,"is_translation_enabled":false,"profile_background_color":"0099B9","profile_background_image_url":"http://abs.twimg.com/images/themes/theme4/bg.gif","profile_background_image_url_https":"https://abs.twimg.com/images/themes/theme4/bg.gif","profile_background_tile":false,"profile_image_url":"http://pbs.twimg.com/profile_images/303370559/shuumai_normal.jpg","profile_image_url_https":"https://pbs.twimg.com/profile_images/303370559/shuumai_normal.jpg","profile_link_color":"0099B9","profile_sidebar_border_color":"5ED4DC","profile_sidebar_fill_color":"95E8EC","profile_text_color":"3C3940","profile_use_background_image":true,"has_extended_profile":true,"default_profile":false,"default_profile_image":false,"following":false,"follow_request_sent":false,"notifications":false,"translator_type":"none"},"geo":null,"coordinates":null,"place":null,"contributors":null,"is_quote_status":false,"retweet_count":836,"favorite_count":749,"favorited":false,"retweeted":false,"lang":"ja"},{"created_at":"Wed Jul 19 16:17:45 +0000 2017","id":887708045094002700,"id_str":"887708045094002689","text":"ツキウタ。からはイラストでは黒白天狐のみ参戦ですが、眠る天狐の周りで、皆も楽しく宴をしていることと思います。\n天狐はその声を聞きながら、良い夢の中、仲良く微睡んでいるのでしょう。\n\n夏のオンリーショップ、宜しくお願いします！\n＃月野百鬼夜行","truncated":false,"entities":{"hashtags":[{"text":"月野百鬼夜行","indices":[113,120]}],"symbols":[],"user_mentions":[],"urls":[]},"metadata":{"iso_language_code":"ja","result_type":"recent"},"source":"<a href=\"http://twitter.com\" rel=\"nofollow\">Twitter Web Client</a>","in_reply_to_status_id":null,"in_reply_to_status_id_str":null,"in_reply_to_user_id":null,"in_reply_to_user_id_str":null,"in_reply_to_screen_name":null,"user":{"id":801746160,"id_str":"801746160","name":"ツキウタ。公式","screen_name":"tsukiuta1","location":"ツキノ寮","description":"声と音楽で綴る月々の物語…。オリジナルキャラクターソングCDシリーズ「ツキウタ。」のゆるめの公式アカウントです。公式HPの更新やリリース情報等をお知らせします。※こちらは基本的に情報発信用のアカウントです。個別の返信は行いません","url":"https://t.co/goRdd9wenr","entities":{"url":{"urls":[{"url":"https://t.co/goRdd9wenr","expanded_url":"http://www.tsukiuta.com/","display_url":"tsukiuta.com","indices":[0,23]}]},"description":{"urls":[]}},"protected":false,"followers_count":157514,"friends_count":76,"listed_count":3468,"created_at":"Tue Sep 04 03:49:10 +0000 2012","favourites_count":742,"utc_offset":32400,"time_zone":"Tokyo","geo_enabled":true,"verified":false,"statuses_count":14578,"lang":"ja","contributors_enabled":false,"is_translator":false,"is_translation_enabled":false,"profile_background_color":"FFCC4D","profile_background_image_url":"http://pbs.twimg.com/profile_background_images/550332367726841858/xkfr7yw8.jpeg","profile_background_image_url_https":"https://pbs.twimg.com/profile_background_images/550332367726841858/xkfr7yw8.jpeg","profile_background_tile":false,"profile_image_url":"http://pbs.twimg.com/profile_images/881157064722010114/xi4xHYYW_normal.jpg","profile_image_url_https":"https://pbs.twimg.com/profile_images/881157064722010114/xi4xHYYW_normal.jpg","profile_banner_url":"https://pbs.twimg.com/profile_banners/801746160/1491059502","profile_link_color":"89C9FA","profile_sidebar_border_color":"FFFFFF","profile_sidebar_fill_color":"95E8EC","profile_text_color":"3C3940","profile_use_background_image":true,"has_extended_profile":false,"default_profile":false,"default_profile_image":false,"following":false,"follow_request_sent":false,"notifications":false,"translator_type":"none"},"geo":null,"coordinates":null,"place":null,"contributors":null,"is_quote_status":false,"retweet_count":547,"favorite_count":1349,"favorited":false,"retweeted":false,"lang":"ja"},{"created_at":"Wed Jul 19 16:13:39 +0000 2017","id":887707013454495700,"id_str":"887707013454495744","text":"お誕生日！おめでとう！！新しい絵じゃなくて許してヒヤシンス。\nイリヤちゃんは細部修正して完成。人類(ロリコン)悪ビースト https://t.co/xO2G1y1dks","truncated":false,"entities":{"hashtags":[],"symbols":[],"user_mentions":[],"urls":[],"media":[{"id":887706330621804500,"id_str":"887706330621804545","indices":[61,84],"media_url":"http://pbs.twimg.com/media/DFHENFWUAAEv-4d.jpg","media_url_https":"https://pbs.twimg.com/media/DFHENFWUAAEv-4d.jpg","url":"https://t.co/xO2G1y1dks","display_url":"pic.twitter.com/xO2G1y1dks","expanded_url":"https://twitter.com/simejinameko/status/887707013454495744/photo/1","type":"photo","sizes":{"large":{"w":2048,"h":1448,"resize":"fit"},"thumb":{"w":150,"h":150,"resize":"crop"},"medium":{"w":1200,"h":848,"resize":"fit"},"small":{"w":680,"h":481,"resize":"fit"}}}]},"extended_entities":{"media":[{"id":887706330621804500,"id_str":"887706330621804545","indices":[61,84],"media_url":"http://pbs.twimg.com/media/DFHENFWUAAEv-4d.jpg","media_url_https":"https://pbs.twimg.com/media/DFHENFWUAAEv-4d.jpg","url":"https://t.co/xO2G1y1dks","display_url":"pic.twitter.com/xO2G1y1dks","expanded_url":"https://twitter.com/simejinameko/status/887707013454495744/photo/1","type":"photo","sizes":{"large":{"w":2048,"h":1448,"resize":"fit"},"thumb":{"w":150,"h":150,"resize":"crop"},"medium":{"w":1200,"h":848,"resize":"fit"},"small":{"w":680,"h":481,"resize":"fit"}}},{"id":887706343108247600,"id_str":"887706343108247552","indices":[61,84],"media_url":"http://pbs.twimg.com/media/DFHENz3UAAArnqq.jpg","media_url_https":"https://pbs.twimg.com/media/DFHENz3UAAArnqq.jpg","url":"https://t.co/xO2G1y1dks","display_url":"pic.twitter.com/xO2G1y1dks","expanded_url":"https://twitter.com/simejinameko/status/887707013454495744/photo/1","type":"photo","sizes":{"medium":{"w":1200,"h":964,"resize":"fit"},"thumb":{"w":150,"h":150,"resize":"crop"},"small":{"w":680,"h":546,"resize":"fit"},"large":{"w":2048,"h":1646,"resize":"fit"}}}]},"metadata":{"iso_language_code":"ja","result_type":"recent"},"source":"<a href=\"http://twitter.com\" rel=\"nofollow\">Twitter Web Client</a>","in_reply_to_status_id":null,"in_reply_to_status_id_str":null,"in_reply_to_user_id":null,"in_reply_to_user_id_str":null,"in_reply_to_screen_name":null,"user":{"id":3193156248,"id_str":"3193156248","name":"しめじなめこ","screen_name":"simejinameko","location":"","description":"主にnijieに生息しています※R-18表現が含まれるためご注意下さい。pixiv(https://t.co/Jl5t22knqm)","url":"https://t.co/t1w2Xs0wii","entities":{"url":{"urls":[{"url":"https://t.co/t1w2Xs0wii","expanded_url":"https://nijie.info/members.php?id=37166","display_url":"nijie.info/members.php?id…","indices":[0,23]}]},"description":{"urls":[{"url":"https://t.co/Jl5t22knqm","expanded_url":"http://www.pixiv.net/member.php?id=11817929","display_url":"pixiv.net/member.php?id=…","indices":[42,65]}]}},"protected":false,"followers_count":40338,"friends_count":749,"listed_count":730,"created_at":"Tue May 12 13:11:53 +0000 2015","favourites_count":6995,"utc_offset":-25200,"time_zone":"Pacific Time (US & Canada)","geo_enabled":false,"verified":false,"statuses_count":12862,"lang":"ja","contributors_enabled":false,"is_translator":false,"is_translation_enabled":false,"profile_background_color":"C0DEED","profile_background_image_url":"http://abs.twimg.com/images/themes/theme1/bg.png","profile_background_image_url_https":"https://abs.twimg.com/images/themes/theme1/bg.png","profile_background_tile":false,"profile_image_url":"http://pbs.twimg.com/profile_images/882886748904185856/YY6sjAgA_normal.jpg","profile_image_url_https":"https://pbs.twimg.com/profile_images/882886748904185856/YY6sjAgA_normal.jpg","profile_link_color":"1DA1F2","profile_sidebar_border_color":"C0DEED","profile_sidebar_fill_color":"DDEEF6","profile_text_color":"333333","profile_use_background_image":true,"has_extended_profile":true,"default_profile":true,"default_profile_image":false,"following":false,"follow_request_sent":false,"notifications":false,"translator_type":"none"},"geo":null,"coordinates":null,"place":null,"contributors":null,"is_quote_status":false,"retweet_count":734,"favorite_count":1843,"favorited":false,"retweeted":false,"possibly_sensitive":false,"lang":"ja"},{"created_at":"Wed Jul 19 16:10:57 +0000 2017","id":887706336040894500,"id_str":"887706336040894464","text":"☆月野百鬼夜行☆\nそこは、神をも凌ぐ強大な力を持つ、黒白天狐がおわす、それはそれは古い社。\n昼間は、人々の憩いの場として。\n夜は、不思議な者達が集う場として。\n夜な夜な不思議な宴が開かれているそうな…。\n＃月野百鬼夜行 https://t.co/rzCruRT4ys","truncated":false,"entities":{"hashtags":[{"text":"月野百鬼夜行","indices":[102,109]}],"symbols":[],"user_mentions":[],"urls":[],"media":[{"id":887706190695718900,"id_str":"887706190695718913","indices":[110,133],"media_url":"http://pbs.twimg.com/media/DFHEE8FVYAE3ngP.jpg","media_url_https":"https://pbs.twimg.com/media/DFHEE8FVYAE3ngP.jpg","url":"https://t.co/rzCruRT4ys","display_url":"pic.twitter.com/rzCruRT4ys","expanded_url":"https://twitter.com/tsukiuta1/status/887706336040894464/photo/1","type":"photo","sizes":{"small":{"w":680,"h":680,"resize":"fit"},"thumb":{"w":150,"h":150,"resize":"crop"},"medium":{"w":886,"h":886,"resize":"fit"},"large":{"w":886,"h":886,"resize":"fit"}}}]},"extended_entities":{"media":[{"id":887706190695718900,"id_str":"887706190695718913","indices":[110,133],"media_url":"http://pbs.twimg.com/media/DFHEE8FVYAE3ngP.jpg","media_url_https":"https://pbs.twimg.com/media/DFHEE8FVYAE3ngP.jpg","url":"https://t.co/rzCruRT4ys","display_url":"pic.twitter.com/rzCruRT4ys","expanded_url":"https://twitter.com/tsukiuta1/status/887706336040894464/photo/1","type":"photo","sizes":{"small":{"w":680,"h":680,"resize":"fit"},"thumb":{"w":150,"h":150,"resize":"crop"},"medium":{"w":886,"h":886,"resize":"fit"},"large":{"w":886,"h":886,"resize":"fit"}}}]},"metadata":{"iso_language_code":"ja","result_type":"recent"},"source":"<a href=\"http://twitter.com\" rel=\"nofollow\">Twitter Web Client</a>","in_reply_to_status_id":null,"in_reply_to_status_id_str":null,"in_reply_to_user_id":null,"in_reply_to_user_id_str":null,"in_reply_to_screen_name":null,"user":{"id":801746160,"id_str":"801746160","name":"ツキウタ。公式","screen_name":"tsukiuta1","location":"ツキノ寮","description":"声と音楽で綴る月々の物語…。オリジナルキャラクターソングCDシリーズ「ツキウタ。」のゆるめの公式アカウントです。公式HPの更新やリリース情報等をお知らせします。※こちらは基本的に情報発信用のアカウントです。個別の返信は行いません","url":"https://t.co/goRdd9wenr","entities":{"url":{"urls":[{"url":"https://t.co/goRdd9wenr","expanded_url":"http://www.tsukiuta.com/","display_url":"tsukiuta.com","indices":[0,23]}]},"description":{"urls":[]}},"protected":false,"followers_count":157514,"friends_count":76,"listed_count":3468,"created_at":"Tue Sep 04 03:49:10 +0000 2012","favourites_count":742,"utc_offset":32400,"time_zone":"Tokyo","geo_enabled":true,"verified":false,"statuses_count":14578,"lang":"ja","contributors_enabled":false,"is_translator":false,"is_translation_enabled":false,"profile_background_color":"FFCC4D","profile_background_image_url":"http://pbs.twimg.com/profile_background_images/550332367726841858/xkfr7yw8.jpeg","profile_background_image_url_https":"https://pbs.twimg.com/profile_background_images/550332367726841858/xkfr7yw8.jpeg","profile_background_tile":false,"profile_image_url":"http://pbs.twimg.com/profile_images/881157064722010114/xi4xHYYW_normal.jpg","profile_image_url_https":"https://pbs.twimg.com/profile_images/881157064722010114/xi4xHYYW_normal.jpg","profile_banner_url":"https://pbs.twimg.com/profile_banners/801746160/1491059502","profile_link_color":"89C9FA","profile_sidebar_border_color":"FFFFFF","profile_sidebar_fill_color":"95E8EC","profile_text_color":"3C3940","profile_use_background_image":true,"has_extended_profile":false,"default_profile":false,"default_profile_image":false,"following":false,"follow_request_sent":false,"notifications":false,"translator_type":"none"},"geo":null,"coordinates":null,"place":null,"contributors":null,"is_quote_status":false,"retweet_count":2776,"favorite_count":5066,"favorited":false,"retweeted":false,"possibly_sensitive":false,"lang":"ja"},{"created_at":"Wed Jul 19 16:04:02 +0000 2017","id":887704595295748100,"id_str":"887704595295748096","text":"嵐の相葉雅紀さんが、コーセーコスメポート「ソフティモ ナチュサボン セレクト」の新CMにメガネ姿で登場。21日から全国で放送。《報知》 https://t.co/KTz7d4JkOn","truncated":false,"entities":{"hashtags":[],"symbols":[],"user_mentions":[],"urls":[],"media":[{"id":887704531819155500,"id_str":"887704531819155456","indices":[68,91],"media_url":"http://pbs.twimg.com/media/DFHCkYSV0AAKKlt.jpg","media_url_https":"https://pbs.twimg.com/media/DFHCkYSV0AAKKlt.jpg","url":"https://t.co/KTz7d4JkOn","display_url":"pic.twitter.com/KTz7d4JkOn","expanded_url":"https://twitter.com/chura1011/status/887704595295748096/photo/1","type":"photo","sizes":{"thumb":{"w":150,"h":150,"resize":"crop"},"large":{"w":1355,"h":2048,"resize":"fit"},"medium":{"w":794,"h":1200,"resize":"fit"},"small":{"w":450,"h":680,"resize":"fit"}}}]},"extended_entities":{"media":[{"id":887704531819155500,"id_str":"887704531819155456","indices":[68,91],"media_url":"http://pbs.twimg.com/media/DFHCkYSV0AAKKlt.jpg","media_url_https":"https://pbs.twimg.com/media/DFHCkYSV0AAKKlt.jpg","url":"https://t.co/KTz7d4JkOn","display_url":"pic.twitter.com/KTz7d4JkOn","expanded_url":"https://twitter.com/chura1011/status/887704595295748096/photo/1","type":"photo","sizes":{"thumb":{"w":150,"h":150,"resize":"crop"},"large":{"w":1355,"h":2048,"resize":"fit"},"medium":{"w":794,"h":1200,"resize":"fit"},"small":{"w":450,"h":680,"resize":"fit"}}},{"id":887704569416884200,"id_str":"887704569416884224","indices":[68,91],"media_url":"http://pbs.twimg.com/media/DFHCmkWVoAAOETd.jpg","media_url_https":"https://pbs.twimg.com/media/DFHCmkWVoAAOETd.jpg","url":"https://t.co/KTz7d4JkOn","display_url":"pic.twitter.com/KTz7d4JkOn","expanded_url":"https://twitter.com/chura1011/status/887704595295748096/photo/1","type":"photo","sizes":{"large":{"w":2048,"h":1304,"resize":"fit"},"small":{"w":680,"h":433,"resize":"fit"},"thumb":{"w":150,"h":150,"resize":"crop"},"medium":{"w":1200,"h":764,"resize":"fit"}}}]},"metadata":{"iso_language_code":"ja","result_type":"recent"},"source":"<a href=\"http://twitter.com/download/android\" rel=\"nofollow\">Twitter for Android</a>","in_reply_to_status_id":null,"in_reply_to_status_id_str":null,"in_reply_to_user_id":null,"in_reply_to_user_id_str":null,"in_reply_to_screen_name":null,"user":{"id":116414141,"id_str":"116414141","name":"ちゅら","screen_name":"chura1011","location":"","description":"昼夜働くダブルワーカー。嵐さんが大好き。特ににのあいを溺愛しています。","url":null,"entities":{"description":{"urls":[]}},"protected":false,"followers_count":1770,"friends_count":140,"listed_count":21,"created_at":"Mon Feb 22 10:47:31 +0000 2010","favourites_count":104,"utc_offset":32400,"time_zone":"Tokyo","geo_enabled":false,"verified":false,"statuses_count":6035,"lang":"ja","contributors_enabled":false,"is_translator":false,"is_translation_enabled":false,"profile_background_color":"C0DEED","profile_background_image_url":"http://abs.twimg.com/images/themes/theme1/bg.png","profile_background_image_url_https":"https://abs.twimg.com/images/themes/theme1/bg.png","profile_background_tile":false,"profile_image_url":"http://pbs.twimg.com/profile_images/514528019210186752/b9IsLYBm_normal.jpeg","profile_image_url_https":"https://pbs.twimg.com/profile_images/514528019210186752/b9IsLYBm_normal.jpeg","profile_banner_url":"https://pbs.twimg.com/profile_banners/116414141/1409415794","profile_link_color":"1DA1F2","profile_sidebar_border_color":"C0DEED","profile_sidebar_fill_color":"DDEEF6","profile_text_color":"333333","profile_use_background_image":true,"has_extended_profile":false,"default_profile":true,"default_profile_image":false,"following":false,"follow_request_sent":false,"notifications":false,"translator_type":"none"},"geo":null,"coordinates":null,"place":null,"contributors":null,"is_quote_status":false,"retweet_count":992,"favorite_count":823,"favorited":false,"retweeted":false,"possibly_sensitive":false,"lang":"ja"},{"created_at":"Wed Jul 19 16:02:46 +0000 2017","id":887704276667031600,"id_str":"887704276667031552","text":"やっと表紙できた～　#FGO https://t.co/awCkYyWUKp","truncated":false,"entities":{"hashtags":[{"text":"FGO","indices":[10,14]}],"symbols":[],"user_mentions":[],"urls":[],"media":[{"id":887704138695430100,"id_str":"887704138695430144","indices":[15,38],"media_url":"http://pbs.twimg.com/media/DFHCNfyV0AAu8Cj.jpg","media_url_https":"https://pbs.twimg.com/media/DFHCNfyV0AAu8Cj.jpg","url":"https://t.co/awCkYyWUKp","display_url":"pic.twitter.com/awCkYyWUKp","expanded_url":"https://twitter.com/chan_co/status/887704276667031552/photo/1","type":"photo","sizes":{"medium":{"w":1000,"h":1000,"resize":"fit"},"small":{"w":680,"h":680,"resize":"fit"},"large":{"w":1000,"h":1000,"resize":"fit"},"thumb":{"w":150,"h":150,"resize":"crop"}}}]},"extended_entities":{"media":[{"id":887704138695430100,"id_str":"887704138695430144","indices":[15,38],"media_url":"http://pbs.twimg.com/media/DFHCNfyV0AAu8Cj.jpg","media_url_https":"https://pbs.twimg.com/media/DFHCNfyV0AAu8Cj.jpg","url":"https://t.co/awCkYyWUKp","display_url":"pic.twitter.com/awCkYyWUKp","expanded_url":"https://twitter.com/chan_co/status/887704276667031552/photo/1","type":"photo","sizes":{"medium":{"w":1000,"h":1000,"resize":"fit"},"small":{"w":680,"h":680,"resize":"fit"},"large":{"w":1000,"h":1000,"resize":"fit"},"thumb":{"w":150,"h":150,"resize":"crop"}}}]},"metadata":{"iso_language_code":"ja","result_type":"recent"},"source":"<a href=\"http://twitter.com\" rel=\"nofollow\">Twitter Web Client</a>","in_reply_to_status_id":null,"in_reply_to_status_id_str":null,"in_reply_to_user_id":null,"in_reply_to_user_id_str":null,"in_reply_to_screen_name":null,"user":{"id":23590987,"id_str":"23590987","name":"CHANxCO@3日目東シ51b","screen_name":"chan_co","location":"アキパパラ","description":"ちゃんこです\n ◆https://t.co/yorygP8t2p\n◆https://t.co/zI3T3W2BAb\n◆モーメントhttps://t.co/Z1lOtKOJSm \n◆ゲーム用https://t.co/jIVJoCGo5Y","url":"https://t.co/dVXwI2YvMk","entities":{"url":{"urls":[{"url":"https://t.co/dVXwI2YvMk","expanded_url":"http://insidebox.sakura.ne.jp/","display_url":"insidebox.sakura.ne.jp","indices":[0,23]}]},"description":{"urls":[{"url":"https://t.co/yorygP8t2p","expanded_url":"http://chanxco.tumblr.com/","display_url":"chanxco.tumblr.com","indices":[9,32]},{"url":"https://t.co/zI3T3W2BAb","expanded_url":"http://pixiv.me/chan_co","display_url":"pixiv.me/chan_co","indices":[34,57]},{"url":"https://t.co/Z1lOtKOJSm","expanded_url":"https://twitter.com/chan_co/moments","display_url":"twitter.com/chan_co/moments","indices":[64,87]},{"url":"https://t.co/jIVJoCGo5Y","expanded_url":"https://twitter.com/G_ta_chan","display_url":"twitter.com/G_ta_chan","indices":[94,117]}]}},"protected":false,"followers_count":70695,"friends_count":1018,"listed_count":2363,"created_at":"Tue Mar 10 13:30:07 +0000 2009","favourites_count":919,"utc_offset":32400,"time_zone":"Tokyo","geo_enabled":false,"verified":false,"statuses_count":117804,"lang":"en","contributors_enabled":false,"is_translator":false,"is_translation_enabled":false,"profile_background_color":"ABAAA8","profile_background_image_url":"http://pbs.twimg.com/profile_background_images/547664202391756801/Yy2-tFe8.png","profile_background_image_url_https":"https://pbs.twimg.com/profile_background_images/547664202391756801/Yy2-tFe8.png","profile_background_tile":true,"profile_image_url":"http://pbs.twimg.com/profile_images/881517334455754752/PC5fAnzP_normal.jpg","profile_image_url_https":"https://pbs.twimg.com/profile_images/881517334455754752/PC5fAnzP_normal.jpg","profile_banner_url":"https://pbs.twimg.com/profile_banners/23590987/1494342704","profile_link_color":"AEAFB0","profile_sidebar_border_color":"FFFFFF","profile_sidebar_fill_color":"DEDED3","profile_text_color":"7D7979","profile_use_background_image":true,"has_extended_profile":true,"default_profile":false,"default_profile_image":false,"following":false,"follow_request_sent":false,"notifications":false,"translator_type":"none"},"geo":null,"coordinates":null,"place":null,"contributors":null,"is_quote_status":false,"retweet_count":917,"favorite_count":2277,"favorited":false,"retweeted":false,"possibly_sensitive":false,"lang":"ja"},{"created_at":"Wed Jul 19 15:59:43 +0000 2017","id":887703505841963000,"id_str":"887703505841963009","text":"きらりんのを飾ってからずっとやりたかった。隣に置きたかった。やっと、やっと叶いました！！！ああ、どっちも可愛い(˶‾ ⁻̫ ‾˵) https://t.co/0Kxb5WTDtB","truncated":false,"entities":{"hashtags":[],"symbols":[],"user_mentions":[],"urls":[],"media":[{"id":887703498082500600,"id_str":"887703498082500608","indices":[66,89],"media_url":"http://pbs.twimg.com/media/DFHBoNUUQAAbkDM.jpg","media_url_https":"https://pbs.twimg.com/media/DFHBoNUUQAAbkDM.jpg","url":"https://t.co/0Kxb5WTDtB","display_url":"pic.twitter.com/0Kxb5WTDtB","expanded_url":"https://twitter.com/reimatsuzaki/status/887703505841963009/photo/1","type":"photo","sizes":{"small":{"w":510,"h":680,"resize":"fit"},"thumb":{"w":150,"h":150,"resize":"crop"},"large":{"w":640,"h":854,"resize":"fit"},"medium":{"w":640,"h":854,"resize":"fit"}}}]},"extended_entities":{"media":[{"id":887703498082500600,"id_str":"887703498082500608","indices":[66,89],"media_url":"http://pbs.twimg.com/media/DFHBoNUUQAAbkDM.jpg","media_url_https":"https://pbs.twimg.com/media/DFHBoNUUQAAbkDM.jpg","url":"https://t.co/0Kxb5WTDtB","display_url":"pic.twitter.com/0Kxb5WTDtB","expanded_url":"https://twitter.com/reimatsuzaki/status/887703505841963009/photo/1","type":"photo","sizes":{"small":{"w":510,"h":680,"resize":"fit"},"thumb":{"w":150,"h":150,"resize":"crop"},"large":{"w":640,"h":854,"resize":"fit"},"medium":{"w":640,"h":854,"resize":"fit"}}}]},"metadata":{"iso_language_code":"ja","result_type":"recent"},"source":"<a href=\"http://twitter.com/download/iphone\" rel=\"nofollow\">Twitter for iPhone</a>","in_reply_to_status_id":null,"in_reply_to_status_id_str":null,"in_reply_to_user_id":null,"in_reply_to_user_id_str":null,"in_reply_to_screen_name":null,"user":{"id":188248222,"id_str":"188248222","name":"松嵜　麗","screen_name":"reimatsuzaki","location":"神宮球場１塁側外野自由席","description":"ﾏｳｽﾌﾟﾛﾓｰｼｮﾝ所属の声優、松嵜麗です！ 「のうコメ」麗華堂絢女、「ｼﾞｭｴﾙﾍﾟｯﾄｻﾝｼｬｲﾝ」水城花音、「織田信奈の野望」丹羽長秀、「はいたい七葉」ﾆｰﾅ、「ｱｲﾄﾞﾙﾏｽﾀｰｼﾝﾃﾞﾚﾗｶﾞｰﾙｽﾞ」諸星きらり、「ﾘｽｱﾆTV」ﾘｽ君、などやらせていただいてます。よろしくお願いします( ^ω^ )","url":"http://t.co/S6qDkNIODR","entities":{"url":{"urls":[{"url":"http://t.co/S6qDkNIODR","expanded_url":"http://ameblo.jp/matsuzaki-rei/","display_url":"ameblo.jp/matsuzaki-rei/","indices":[0,22]}]},"description":{"urls":[]}},"protected":false,"followers_count":113964,"friends_count":273,"listed_count":4662,"created_at":"Wed Sep 08 08:09:27 +0000 2010","favourites_count":1248,"utc_offset":-36000,"time_zone":"Hawaii","geo_enabled":true,"verified":false,"statuses_count":15643,"lang":"ja","contributors_enabled":false,"is_translator":false,"is_translation_enabled":false,"profile_background_color":"FF6699","profile_background_image_url":"http://abs.twimg.com/images/themes/theme11/bg.gif","profile_background_image_url_https":"https://abs.twimg.com/images/themes/theme11/bg.gif","profile_background_tile":true,"profile_image_url":"http://pbs.twimg.com/profile_images/378800000796124572/cf04a5b3ff10498f728e5464c162746c_normal.jpeg","profile_image_url_https":"https://pbs.twimg.com/profile_images/378800000796124572/cf04a5b3ff10498f728e5464c162746c_normal.jpeg","profile_banner_url":"https://pbs.twimg.com/profile_banners/188248222/1383797683","profile_link_color":"B40B43","profile_sidebar_border_color":"CC3366","profile_sidebar_fill_color":"E5507E","profile_text_color":"362720","profile_use_background_image":true,"has_extended_profile":false,"default_profile":false,"default_profile_image":false,"following":false,"follow_request_sent":false,"notifications":false,"translator_type":"none"},"geo":null,"coordinates":null,"place":null,"contributors":null,"is_quote_status":false,"retweet_count":474,"favorite_count":939,"favorited":false,"retweeted":false,"possibly_sensitive":false,"lang":"ja"},{"created_at":"Wed Jul 19 15:56:15 +0000 2017","id":887702635746164700,"id_str":"887702635746164736","text":"ジョークが分かりにくい https://t.co/AwNhLdykhQ","truncated":false,"entities":{"hashtags":[],"symbols":[],"user_mentions":[],"urls":[],"media":[{"id":887702537561714700,"id_str":"887702537561714688","indices":[12,35],"media_url":"http://pbs.twimg.com/media/DFHAwTGUMAARzf9.jpg","media_url_https":"https://pbs.twimg.com/media/DFHAwTGUMAARzf9.jpg","url":"https://t.co/AwNhLdykhQ","display_url":"pic.twitter.com/AwNhLdykhQ","expanded_url":"https://twitter.com/877utb/status/887702635746164736/photo/1","type":"photo","sizes":{"thumb":{"w":150,"h":150,"resize":"crop"},"large":{"w":500,"h":707,"resize":"fit"},"small":{"w":481,"h":680,"resize":"fit"},"medium":{"w":500,"h":707,"resize":"fit"}}}]},"extended_entities":{"media":[{"id":887702537561714700,"id_str":"887702537561714688","indices":[12,35],"media_url":"http://pbs.twimg.com/media/DFHAwTGUMAARzf9.jpg","media_url_https":"https://pbs.twimg.com/media/DFHAwTGUMAARzf9.jpg","url":"https://t.co/AwNhLdykhQ","display_url":"pic.twitter.com/AwNhLdykhQ","expanded_url":"https://twitter.com/877utb/status/887702635746164736/photo/1","type":"photo","sizes":{"thumb":{"w":150,"h":150,"resize":"crop"},"large":{"w":500,"h":707,"resize":"fit"},"small":{"w":481,"h":680,"resize":"fit"},"medium":{"w":500,"h":707,"resize":"fit"}}},{"id":887702552757674000,"id_str":"887702552757673984","indices":[12,35],"media_url":"http://pbs.twimg.com/media/DFHAxLtUIAAn_8h.jpg","media_url_https":"https://pbs.twimg.com/media/DFHAxLtUIAAn_8h.jpg","url":"https://t.co/AwNhLdykhQ","display_url":"pic.twitter.com/AwNhLdykhQ","expanded_url":"https://twitter.com/877utb/status/887702635746164736/photo/1","type":"photo","sizes":{"large":{"w":424,"h":600,"resize":"fit"},"thumb":{"w":150,"h":150,"resize":"crop"},"medium":{"w":424,"h":600,"resize":"fit"},"small":{"w":424,"h":600,"resize":"fit"}}}]},"metadata":{"iso_language_code":"ja","result_type":"recent"},"source":"<a href=\"https://about.twitter.com/products/tweetdeck\" rel=\"nofollow\">TweetDeck</a>","in_reply_to_status_id":null,"in_reply_to_status_id_str":null,"in_reply_to_user_id":null,"in_reply_to_user_id_str":null,"in_reply_to_screen_name":null,"user":{"id":2728972812,"id_str":"2728972812","name":"15","screen_name":"877utb","location":"ブルズアイ","description":"腐ってます。ジャンルバラバラ。創作絵（@crim_son15）拍手（https://t.co/xcBbzl9uDu …）お返事（https://t.co/1RahIijZwt）","url":null,"entities":{"description":{"urls":[{"url":"https://t.co/xcBbzl9uDu","expanded_url":"http://clap.webclap.com/clap.php?id=crim","display_url":"clap.webclap.com/clap.php?id=cr…","indices":[34,57]},{"url":"https://t.co/1RahIijZwt","expanded_url":"https://note.mu/877utb","display_url":"note.mu/877utb","indices":[64,87]}]}},"protected":false,"followers_count":9139,"friends_count":96,"listed_count":263,"created_at":"Wed Aug 13 09:30:16 +0000 2014","favourites_count":2439,"utc_offset":32400,"time_zone":"Tokyo","geo_enabled":false,"verified":false,"statuses_count":11386,"lang":"ja","contributors_enabled":false,"is_translator":false,"is_translation_enabled":false,"profile_background_color":"000000","profile_background_image_url":"http://pbs.twimg.com/profile_background_images/667329863880015872/hVTMsEYs.png","profile_background_image_url_https":"https://pbs.twimg.com/profile_background_images/667329863880015872/hVTMsEYs.png","profile_background_tile":true,"profile_image_url":"http://pbs.twimg.com/profile_images/885899954916532224/9ArxHx9I_normal.png","profile_image_url_https":"https://pbs.twimg.com/profile_images/885899954916532224/9ArxHx9I_normal.png","profile_banner_url":"https://pbs.twimg.com/profile_banners/2728972812/1493826129","profile_link_color":"8A8A8A","profile_sidebar_border_color":"000000","profile_sidebar_fill_color":"000000","profile_text_color":"000000","profile_use_background_image":false,"has_extended_profile":false,"default_profile":false,"default_profile_image":false,"following":false,"follow_request_sent":false,"notifications":false,"translator_type":"none"},"geo":null,"coordinates":null,"place":null,"contributors":null,"is_quote_status":false,"retweet_count":917,"favorite_count":1460,"favorited":false,"retweeted":false,"possibly_sensitive":false,"lang":"ja"},{"created_at":"Wed Jul 19 15:53:06 +0000 2017","id":887701843857428500,"id_str":"887701843857428480","text":"紗倉まな×呂布カルマ https://t.co/9usVqYmlDk","truncated":false,"entities":{"hashtags":[],"symbols":[],"user_mentions":[],"urls":[],"media":[{"id":887701377090150400,"id_str":"887701377090150400","indices":[11,34],"media_url":"http://pbs.twimg.com/ext_tw_video_thumb/887701377090150400/pu/img/VUxV1Ktc4wTTrb9E.jpg","media_url_https":"https://pbs.twimg.com/ext_tw_video_thumb/887701377090150400/pu/img/VUxV1Ktc4wTTrb9E.jpg","url":"https://t.co/9usVqYmlDk","display_url":"pic.twitter.com/9usVqYmlDk","expanded_url":"https://twitter.com/SAITO_DISCO/status/887701843857428480/video/1","type":"photo","sizes":{"small":{"w":340,"h":340,"resize":"fit"},"thumb":{"w":150,"h":150,"resize":"crop"},"medium":{"w":600,"h":600,"resize":"fit"},"large":{"w":720,"h":720,"resize":"fit"}}}]},"extended_entities":{"media":[{"id":887701377090150400,"id_str":"887701377090150400","indices":[11,34],"media_url":"http://pbs.twimg.com/ext_tw_video_thumb/887701377090150400/pu/img/VUxV1Ktc4wTTrb9E.jpg","media_url_https":"https://pbs.twimg.com/ext_tw_video_thumb/887701377090150400/pu/img/VUxV1Ktc4wTTrb9E.jpg","url":"https://t.co/9usVqYmlDk","display_url":"pic.twitter.com/9usVqYmlDk","expanded_url":"https://twitter.com/SAITO_DISCO/status/887701843857428480/video/1","type":"video","sizes":{"small":{"w":340,"h":340,"resize":"fit"},"thumb":{"w":150,"h":150,"resize":"crop"},"medium":{"w":600,"h":600,"resize":"fit"},"large":{"w":720,"h":720,"resize":"fit"}},"video_info":{"aspect_ratio":[1,1],"duration_millis":59150,"variants":[{"bitrate":832000,"content_type":"video/mp4","url":"https://video.twimg.com/ext_tw_video/887701377090150400/pu/vid/480x480/zWRng7VpG-2GJfp0.mp4"},{"bitrate":320000,"content_type":"video/mp4","url":"https://video.twimg.com/ext_tw_video/887701377090150400/pu/vid/240x240/-ToYHsLu0xpYhfIt.mp4"},{"bitrate":1280000,"content_type":"video/mp4","url":"https://video.twimg.com/ext_tw_video/887701377090150400/pu/vid/720x720/RsSCVoIOBltzCjmg.mp4"},{"content_type":"application/x-mpegURL","url":"https://video.twimg.com/ext_tw_video/887701377090150400/pu/pl/5oAW2VCJwjZ7-QwD.m3u8"}]},"additional_media_info":{"monetizable":false}}]},"metadata":{"iso_language_code":"ja","result_type":"recent"},"source":"<a href=\"http://twitter.com/download/iphone\" rel=\"nofollow\">Twitter for iPhone</a>","in_reply_to_status_id":null,"in_reply_to_status_id_str":null,"in_reply_to_user_id":null,"in_reply_to_user_id_str":null,"in_reply_to_screen_name":null,"user":{"id":154943754,"id_str":"154943754","name":"ディスコ","screen_name":"SAITO_DISCO","location":"西五反田","description":"","url":null,"entities":{"description":{"urls":[]}},"protected":false,"followers_count":1348,"friends_count":756,"listed_count":11,"created_at":"Sat Jun 12 17:14:45 +0000 2010","favourites_count":568,"utc_offset":-36000,"time_zone":"Hawaii","geo_enabled":true,"verified":false,"statuses_count":23070,"lang":"ja","contributors_enabled":false,"is_translator":false,"is_translation_enabled":false,"profile_background_color":"C0DEED","profile_background_image_url":"http://pbs.twimg.com/profile_background_images/681935343117926400/C9iskoBm.jpg","profile_background_image_url_https":"https://pbs.twimg.com/profile_background_images/681935343117926400/C9iskoBm.jpg","profile_background_tile":true,"profile_image_url":"http://pbs.twimg.com/profile_images/884093224943443969/PdIFrh7v_normal.jpg","profile_image_url_https":"https://pbs.twimg.com/profile_images/884093224943443969/PdIFrh7v_normal.jpg","profile_banner_url":"https://pbs.twimg.com/profile_banners/154943754/1498595443","profile_link_color":"0084B4","profile_sidebar_border_color":"FFFFFF","profile_sidebar_fill_color":"DDEEF6","profile_text_color":"AA6AE6","profile_use_background_image":true,"has_extended_profile":true,"default_profile":false,"default_profile_image":false,"following":false,"follow_request_sent":false,"notifications":false,"translator_type":"none"},"geo":null,"coordinates":null,"place":null,"contributors":null,"is_quote_status":false,"retweet_count":2430,"favorite_count":5464,"favorited":false,"retweeted":false,"possibly_sensitive":false,"lang":"ja"},{"created_at":"Wed Jul 19 15:50:58 +0000 2017","id":887701307217150000,"id_str":"887701307217149952","text":"隠れたヒカキンを探せ！#5\n【難易度 爆絶】\n見つけた人はRT！ #ヒカキンを探せ https://t.co/XCmfBIgj7W","truncated":false,"entities":{"hashtags":[{"text":"ヒカキンを探せ","indices":[33,41]}],"symbols":[],"user_mentions":[],"urls":[],"media":[{"id":887701296379117600,"id_str":"887701296379117569","indices":[42,65],"media_url":"http://pbs.twimg.com/media/DFG_oDVUwAEFkBL.jpg","media_url_https":"https://pbs.twimg.com/media/DFG_oDVUwAEFkBL.jpg","url":"https://t.co/XCmfBIgj7W","display_url":"pic.twitter.com/XCmfBIgj7W","expanded_url":"https://twitter.com/hikakin/status/887701307217149952/photo/1","type":"photo","sizes":{"medium":{"w":1200,"h":900,"resize":"fit"},"small":{"w":680,"h":510,"resize":"fit"},"thumb":{"w":150,"h":150,"resize":"crop"},"large":{"w":2048,"h":1536,"resize":"fit"}}}]},"extended_entities":{"media":[{"id":887701296379117600,"id_str":"887701296379117569","indices":[42,65],"media_url":"http://pbs.twimg.com/media/DFG_oDVUwAEFkBL.jpg","media_url_https":"https://pbs.twimg.com/media/DFG_oDVUwAEFkBL.jpg","url":"https://t.co/XCmfBIgj7W","display_url":"pic.twitter.com/XCmfBIgj7W","expanded_url":"https://twitter.com/hikakin/status/887701307217149952/photo/1","type":"photo","sizes":{"medium":{"w":1200,"h":900,"resize":"fit"},"small":{"w":680,"h":510,"resize":"fit"},"thumb":{"w":150,"h":150,"resize":"crop"},"large":{"w":2048,"h":1536,"resize":"fit"}}}]},"metadata":{"iso_language_code":"ja","result_type":"recent"},"source":"<a href=\"http://twitter.com/download/iphone\" rel=\"nofollow\">Twitter for iPhone</a>","in_reply_to_status_id":null,"in_reply_to_status_id_str":null,"in_reply_to_user_id":null,"in_reply_to_user_id_str":null,"in_reply_to_screen_name":null,"user":{"id":130447415,"id_str":"130447415","name":"HIKAKIN ヒカキン","screen_name":"hikakin","location":"Tokyo","description":"YouTuber（ユーチューバー）やってます。平成生まれ。YouTube歴11年。再生回数計64億回、チャンネル登録者計970万人突破。 インスタグラムもフォロー是非→https://t.co/3N95acANAT","url":"https://t.co/TiG4bRwwRJ","entities":{"url":{"urls":[{"url":"https://t.co/TiG4bRwwRJ","expanded_url":"https://www.youtube.com/user/hikakintv","display_url":"youtube.com/user/hikakintv","indices":[0,23]}]},"description":{"urls":[{"url":"https://t.co/3N95acANAT","expanded_url":"https://www.instagram.com/hikakin/","display_url":"instagram.com/hikakin/","indices":[84,107]}]}},"protected":false,"followers_count":2125130,"friends_count":969,"listed_count":4854,"created_at":"Wed Apr 07 09:33:08 +0000 2010","favourites_count":4389,"utc_offset":-36000,"time_zone":"Hawaii","geo_enabled":false,"verified":true,"statuses_count":36977,"lang":"ja","contributors_enabled":false,"is_translator":false,"is_translation_enabled":false,"profile_background_color":"000000","profile_background_image_url":"http://pbs.twimg.com/profile_background_images/544921687/__________2012-05-05_18.56.52.png","profile_background_image_url_https":"https://pbs.twimg.com/profile_background_images/544921687/__________2012-05-05_18.56.52.png","profile_background_tile":false,"profile_image_url":"http://pbs.twimg.com/profile_images/826448439592366081/yNaadj6o_normal.jpg","profile_image_url_https":"https://pbs.twimg.com/profile_images/826448439592366081/yNaadj6o_normal.jpg","profile_banner_url":"https://pbs.twimg.com/profile_banners/130447415/1500095977","profile_link_color":"05B9F0","profile_sidebar_border_color":"000000","profile_sidebar_fill_color":"EFEFEF","profile_text_color":"333333","profile_use_background_image":false,"has_extended_profile":true,"default_profile":false,"default_profile_image":false,"following":false,"follow_request_sent":false,"notifications":false,"translator_type":"none"},"geo":null,"coordinates":null,"place":null,"contributors":null,"is_quote_status":false,"retweet_count":3854,"favorite_count":4329,"favorited":false,"retweeted":false,"possibly_sensitive":false,"lang":"ja"}],"search_metadata":{"completed_in":0.139,"max_id":887721445245112300,"max_id_str":"887721445245112320","next_results":"?max_id=887701307217149951&q=lang%3Aja%20min_retweets%3A500&include_entities=1","query":"lang%3Aja+min_retweets%3A500","refresh_url":"?since_id=887721445245112320&q=lang%3Aja%20min_retweets%3A500&include_entities=1","count":15,"since_id":0,"since_id_str":"0"}}