{"statuses":[{"created_at":"Tue Jul 18 23:58:46 +0000 2017","id":887461677976870900,"id_str":"887461677976870913","text":"マナーの悪い人をスマホで撮影して「こいつ、ヤバくね？」とSNSで袋叩きにしてる人をたまに見掛けますが、マナーの悪い人なんかよりも、赤の他人を勝手に撮影して無許可でSNSにアップすることに抵抗がないどころか、それを正義と疑わない人の方がよっぽどヤバいと思ってしまう。","truncated":false,"entities":{"hashtags":[],"symbols":[],"user_mentions":[],"urls":[]},"metadata":{"iso_language_code":"ja","result_type":"recent"},"source":"<a href=\"http://twitter.com\" rel=\"nofollow\">Twitter Web Client</a>","in_reply_to_status_id":null,"in_reply_to_status_id_str":null,"in_reply_to_user_id":null,"in_reply_to_user_id_str":null,"in_reply_to_screen_name":null,"user":{"id":956919996,"id_str":"956919996","name":"深爪@重版御礼「深爪式」絶賛発売中","screen_name":"fukazume_taro","location":"","description":"著書「深爪式　声に出して読めない53の話」（KADOKAWA、紙・電子版あり）／ 「深爪な愛とセックスのはなし」「深爪な家族と人生のはなし」（KADOKAWA、電子版のみ）／ 女性セブン（小学館）にて隔週コラム「立て板に泥水」連載中／note不定期更新（https://t.co/RlpFcpAqZh）","url":"https://t.co/skelu9TQOF","entities":{"url":{"urls":[{"url":"https://t.co/skelu9TQOF","expanded_url":"https://synapse.am/contents/monthly/fukazume_taro","display_url":"synapse.am/contents/month…","indices":[0,23]}]},"description":{"urls":[{"url":"https://t.co/RlpFcpAqZh","expanded_url":"https://note.mu/fukazume_taro","display_url":"note.mu/fukazume_taro","indices":[127,150]}]}},"protected":false,"followers_count":134905,"friends_count":473,"listed_count":2728,"created_at":"Mon Nov 19 07:23:29 +0000 2012","favourites_count":24702,"utc_offset":28800,"time_zone":"Irkutsk","geo_enabled":false,"verified":false,"statuses_count":12760,"lang":"ja","contributors_enabled":false,"is_translator":false,"is_translation_enabled":true,"profile_background_color":"B2DFDA","profile_background_image_url":"http://abs.twimg.com/images/themes/theme13/bg.gif","profile_background_image_url_https":"https://abs.twimg.com/images/themes/theme13/bg.gif","profile_background_tile":false,"profile_image_url":"http://pbs.twimg.com/profile_images/2868410421/6adbb9a7ec906a9c18353a4ca82a26bc_normal.jpeg","profile_image_url_https":"https://pbs.twimg.com/profile_images/2868410421/6adbb9a7ec906a9c18353a4ca82a26bc_normal.jpeg","profile_banner_url":"https://pbs.twimg.com/profile_banners/956919996/1431149361","profile_link_color":"93A644","profile_sidebar_border_color":"EEEEEE","profile_sidebar_fill_color":"FFFFFF","profile_text_color":"333333","profile_use_background_image":true,"has_extended_profile":false,"default_profile":false,"default_profile_image":false,"following":false,"follow_request_sent":false,"notifications":false,"translator_type":"none"},"geo":null,"coordinates":null,"place":null,"contributors":null,"is_quote_status":false,"retweet_count":802,"favorite_count":1161,"favorited":false,"retweeted":false,"lang":"ja"},{"created_at":"Tue Jul 18 23:47:18 +0000 2017","id":887458791884677100,"id_str":"887458791884677120","text":"ヤリヤガッタナ！ https://t.co/jwMFRhliQ3","truncated":false,"entities":{"hashtags":[],"symbols":[],"user_mentions":[],"urls":[],"media":[{"id":887458783282085900,"id_str":"887458783282085888","indices":[9,32],"media_url":"http://pbs.twimg.com/media/DFDjD7pUQAAyFel.jpg","media_url_https":"https://pbs.twimg.com/media/DFDjD7pUQAAyFel.jpg","url":"https://t.co/jwMFRhliQ3","display_url":"pic.twitter.com/jwMFRhliQ3","expanded_url":"https://twitter.com/mwamjapan/status/887458791884677120/photo/1","type":"photo","sizes":{"medium":{"w":1020,"h":1024,"resize":"fit"},"thumb":{"w":150,"h":150,"resize":"crop"},"small":{"w":677,"h":680,"resize":"fit"},"large":{"w":1020,"h":1024,"resize":"fit"}}}]},"extended_entities":{"media":[{"id":887458783282085900,"id_str":"887458783282085888","indices":[9,32],"media_url":"http://pbs.twimg.com/media/DFDjD7pUQAAyFel.jpg","media_url_https":"https://pbs.twimg.com/media/DFDjD7pUQAAyFel.jpg","url":"https://t.co/jwMFRhliQ3","display_url":"pic.twitter.com/jwMFRhliQ3","expanded_url":"https://twitter.com/mwamjapan/status/887458791884677120/photo/1","type":"photo","sizes":{"medium":{"w":1020,"h":1024,"resize":"fit"},"thumb":{"w":150,"h":150,"resize":"crop"},"small":{"w":677,"h":680,"resize":"fit"},"large":{"w":1020,"h":1024,"resize":"fit"}}},{"id":887458783131193300,"id_str":"887458783131193344","indices":[9,32],"media_url":"http://pbs.twimg.com/media/DFDjD7FV0AABazt.jpg","media_url_https":"https://pbs.twimg.com/media/DFDjD7FV0AABazt.jpg","url":"https://t.co/jwMFRhliQ3","display_url":"pic.twitter.com/jwMFRhliQ3","expanded_url":"https://twitter.com/mwamjapan/status/887458791884677120/photo/1","type":"photo","sizes":{"medium":{"w":255,"h":278,"resize":"fit"},"small":{"w":255,"h":278,"resize":"fit"},"thumb":{"w":150,"h":150,"resize":"crop"},"large":{"w":255,"h":278,"resize":"fit"}}}]},"metadata":{"iso_language_code":"ja","result_type":"recent"},"source":"<a href=\"http://twitter.com/download/iphone\" rel=\"nofollow\">Twitter for iPhone</a>","in_reply_to_status_id":null,"in_reply_to_status_id_str":null,"in_reply_to_user_id":null,"in_reply_to_user_id_str":null,"in_reply_to_screen_name":null,"user":{"id":114729607,"id_str":"114729607","name":"MAN WITH A MISSION","screen_name":"mwamjapan","location":"MWAM総本山  ","description":"MAN WITH A MISSION。通称MWAM。彼らは天才科学者ジミーヘンドリックスがこの世に残した、究極の生命体。『使命を持った男』があなたの街に、あのライブハウスに、あの国に。世界中に出没して、次なる『使命』を全うしにやってくる・・・","url":"http://t.co/LZbt6h1foD","entities":{"url":{"urls":[{"url":"http://t.co/LZbt6h1foD","expanded_url":"http://www.mwamjapan.info/","display_url":"mwamjapan.info","indices":[0,22]}]},"description":{"urls":[]}},"protected":false,"followers_count":879273,"friends_count":16621,"listed_count":7091,"created_at":"Tue Feb 16 12:24:52 +0000 2010","favourites_count":279,"utc_offset":32400,"time_zone":"Tokyo","geo_enabled":true,"verified":true,"statuses_count":45263,"lang":"ja","contributors_enabled":false,"is_translator":false,"is_translation_enabled":true,"profile_background_color":"1A1B1F","profile_background_image_url":"http://pbs.twimg.com/profile_background_images/80673257/MWAM__twitter.JPG","profile_background_image_url_https":"https://pbs.twimg.com/profile_background_images/80673257/MWAM__twitter.JPG","profile_background_tile":true,"profile_image_url":"http://pbs.twimg.com/profile_images/3457556521/3021070150be343a23fb1dd353ca5fcb_normal.jpeg","profile_image_url_https":"https://pbs.twimg.com/profile_images/3457556521/3021070150be343a23fb1dd353ca5fcb_normal.jpeg","profile_banner_url":"https://pbs.twimg.com/profile_banners/114729607/1352175323","profile_link_color":"2FC2EF","profile_sidebar_border_color":"181A1E","profile_sidebar_fill_color":"252429","profile_text_color":"666666","profile_use_background_image":true,"has_extended_profile":false,"default_profile":false,"default_profile_image":false,"following":false,"follow_request_sent":false,"notifications":false,"translator_type":"none"},"geo":null,"coordinates":null,"place":null,"contributors":null,"is_quote_status":false,"retweet_count":3046,"favorite_count":8395,"favorited":false,"retweeted":false,"possibly_sensitive":false,"lang":"ja"},{"created_at":"Tue Jul 18 23:37:19 +0000 2017","id":887456279769296900,"id_str":"887456279769296896","text":"おはようございます。みなさんの１日が幸せでありますように。そして、みなさんが朝起きた時、エビにジャストフィットしてませんように。 https://t.co/G7wWuussrW","truncated":false,"entities":{"hashtags":[],"symbols":[],"user_mentions":[],"urls":[],"media":[{"id":887456270420066300,"id_str":"887456270420066305","indices":[65,88],"media_url":"http://pbs.twimg.com/media/DFDgxqgUwAEknJK.jpg","media_url_https":"https://pbs.twimg.com/media/DFDgxqgUwAEknJK.jpg","url":"https://t.co/G7wWuussrW","display_url":"pic.twitter.com/G7wWuussrW","expanded_url":"https://twitter.com/gakuishida/status/887456279769296896/photo/1","type":"photo","sizes":{"small":{"w":383,"h":680,"resize":"fit"},"medium":{"w":675,"h":1200,"resize":"fit"},"thumb":{"w":150,"h":150,"resize":"crop"},"large":{"w":1080,"h":1920,"resize":"fit"}}}]},"extended_entities":{"media":[{"id":887456270420066300,"id_str":"887456270420066305","indices":[65,88],"media_url":"http://pbs.twimg.com/media/DFDgxqgUwAEknJK.jpg","media_url_https":"https://pbs.twimg.com/media/DFDgxqgUwAEknJK.jpg","url":"https://t.co/G7wWuussrW","display_url":"pic.twitter.com/G7wWuussrW","expanded_url":"https://twitter.com/gakuishida/status/887456279769296896/photo/1","type":"photo","sizes":{"small":{"w":383,"h":680,"resize":"fit"},"medium":{"w":675,"h":1200,"resize":"fit"},"thumb":{"w":150,"h":150,"resize":"crop"},"large":{"w":1080,"h":1920,"resize":"fit"}}}]},"metadata":{"iso_language_code":"ja","result_type":"recent"},"source":"<a href=\"http://twitter.com/download/android\" rel=\"nofollow\">Twitter for Android</a>","in_reply_to_status_id":null,"in_reply_to_status_id_str":null,"in_reply_to_user_id":null,"in_reply_to_user_id_str":null,"in_reply_to_screen_name":null,"user":{"id":327434362,"id_str":"327434362","name":"NON STYLE　石田 明","screen_name":"gakuishida","location":"","description":"ノンスタ石田です。白い方です。ネタ書いてる方です。骨よく折れる方です。嫌われてない方です。よろしくです。漫才・脚本・演出・作家・おもちゃ開発など。ラインスタンプhttps://t.co/0yDEGjZ4k9…","url":"https://t.co/0qPD0KzymP","entities":{"url":{"urls":[{"url":"https://t.co/0qPD0KzymP","expanded_url":"http://m.blogs.yahoo.co.jp/nonstyleshiro_blog","display_url":"m.blogs.yahoo.co.jp/nonstyleshiro_…","indices":[0,23]}]},"description":{"urls":[{"url":"https://t.co/0yDEGjZ4k9","expanded_url":"http://store.line.me/stickershop/pr","display_url":"store.line.me/stickershop/pr","indices":[80,103]}]}},"protected":false,"followers_count":447092,"friends_count":418,"listed_count":1388,"created_at":"Fri Jul 01 15:21:08 +0000 2011","favourites_count":14,"utc_offset":-36000,"time_zone":"Hawaii","geo_enabled":true,"verified":true,"statuses_count":7807,"lang":"ja","contributors_enabled":false,"is_translator":false,"is_translation_enabled":false,"profile_background_color":"C0DEED","profile_background_image_url":"http://abs.twimg.com/images/themes/theme1/bg.png","profile_background_image_url_https":"https://abs.twimg.com/images/themes/theme1/bg.png","profile_background_tile":false,"profile_image_url":"http://pbs.twimg.com/profile_images/863206437790470144/DBwo-lRV_normal.jpg","profile_image_url_https":"https://pbs.twimg.com/profile_images/863206437790470144/DBwo-lRV_normal.jpg","profile_banner_url":"https://pbs.twimg.com/profile_banners/327434362/1358086200","profile_link_color":"1DA1F2","profile_sidebar_border_color":"C0DEED","profile_sidebar_fill_color":"DDEEF6","profile_text_color":"333333","profile_use_background_image":true,"has_extended_profile":true,"default_profile":true,"default_profile_image":false,"following":false,"follow_request_sent":false,"notifications":false,"translator_type":"none"},"geo":null,"coordinates":null,"place":null,"contributors":null,"is_quote_status":false,"retweet_count":845,"favorite_count":5085,"favorited":false,"retweeted":false,"possibly_sensitive":false,"lang":"ja"},{"created_at":"Tue Jul 18 23:34:32 +0000 2017","id":887455577781162000,"id_str":"887455577781161984","text":"夏のっけから暑い日が続きますね。 https://t.co/QaWHpsfWKm","truncated":false,"entities":{"hashtags":[],"symbols":[],"user_mentions":[],"urls":[],"media":[{"id":887455453474472000,"id_str":"887455453474471937","indices":[17,40],"media_url":"http://pbs.twimg.com/media/DFDgCHJUQAEHThF.jpg","media_url_https":"https://pbs.twimg.com/media/DFDgCHJUQAEHThF.jpg","url":"https://t.co/QaWHpsfWKm","display_url":"pic.twitter.com/QaWHpsfWKm","expanded_url":"https://twitter.com/touco_shino/status/887455577781161984/photo/1","type":"photo","sizes":{"large":{"w":500,"h":537,"resize":"fit"},"thumb":{"w":150,"h":150,"resize":"crop"},"medium":{"w":500,"h":537,"resize":"fit"},"small":{"w":500,"h":537,"resize":"fit"}}}]},"extended_entities":{"media":[{"id":887455453474472000,"id_str":"887455453474471937","indices":[17,40],"media_url":"http://pbs.twimg.com/media/DFDgCHJUQAEHThF.jpg","media_url_https":"https://pbs.twimg.com/media/DFDgCHJUQAEHThF.jpg","url":"https://t.co/QaWHpsfWKm","display_url":"pic.twitter.com/QaWHpsfWKm","expanded_url":"https://twitter.com/touco_shino/status/887455577781161984/photo/1","type":"photo","sizes":{"large":{"w":500,"h":537,"resize":"fit"},"thumb":{"w":150,"h":150,"resize":"crop"},"medium":{"w":500,"h":537,"resize":"fit"},"small":{"w":500,"h":537,"resize":"fit"}}}]},"metadata":{"iso_language_code":"ja","result_type":"recent"},"source":"<a href=\"http://twitter.com\" rel=\"nofollow\">Twitter Web Client</a>","in_reply_to_status_id":null,"in_reply_to_status_id_str":null,"in_reply_to_user_id":null,"in_reply_to_user_id_str":null,"in_reply_to_screen_name":null,"user":{"id":266930184,"id_str":"266930184","name":"しのとうこ","screen_name":"touco_shino","location":"","description":"イラストレーター、しのとうこです。 おもにTRPG関連などで仕事させていただいております。装画担当書籍「ダブルクロス(TRPG)」シリーズ、「薬屋のひとりごと1～6」「ウロボロス・レコード1〜3」発売中です。よろしくお願いします。 サイト：https://t.co/ekDwKm4X5h","url":"http://t.co/Pcidrl36W6","entities":{"url":{"urls":[{"url":"http://t.co/Pcidrl36W6","expanded_url":"http://shinote.sblo.jp/","display_url":"shinote.sblo.jp","indices":[0,22]}]},"description":{"urls":[{"url":"https://t.co/ekDwKm4X5h","expanded_url":"http://touco.skr.jp","display_url":"touco.skr.jp","indices":[120,143]}]}},"protected":false,"followers_count":3886,"friends_count":96,"listed_count":289,"created_at":"Wed Mar 16 01:52:41 +0000 2011","favourites_count":63,"utc_offset":32400,"time_zone":"Tokyo","geo_enabled":false,"verified":false,"statuses_count":2216,"lang":"ja","contributors_enabled":false,"is_translator":false,"is_translation_enabled":false,"profile_background_color":"C0DEED","profile_background_image_url":"http://abs.twimg.com/images/themes/theme1/bg.png","profile_background_image_url_https":"https://abs.twimg.com/images/themes/theme1/bg.png","profile_background_tile":false,"profile_image_url":"http://pbs.twimg.com/profile_images/468612047400235008/JLtzrNc__normal.jpeg","profile_image_url_https":"https://pbs.twimg.com/profile_images/468612047400235008/JLtzrNc__normal.jpeg","profile_banner_url":"https://pbs.twimg.com/profile_banners/266930184/1400556793","profile_link_color":"1DA1F2","profile_sidebar_border_color":"C0DEED","profile_sidebar_fill_color":"DDEEF6","profile_text_color":"333333","profile_use_background_image":true,"has_extended_profile":false,"default_profile":true,"default_profile_image":false,"following":false,"follow_request_sent":false,"notifications":false,"translator_type":"none"},"geo":null,"coordinates":null,"place":null,"contributors":null,"is_quote_status":false,"retweet_count":629,"favorite_count":805,"favorited":false,"retweeted":false,"possibly_sensitive":false,"lang":"ja"},{"created_at":"Tue Jul 18 23:20:29 +0000 2017","id":887452040590352400,"id_str":"887452040590352384","text":"500RT：【御意】米倉涼子『ドクターX』、10月から新シリーズを放送！\nhttps://t.co/vFweGDMqBm\n\n“失敗しない女”が今年も帰ってくる。また、最新シリーズと過去に放送された全4シリーズの世界配信も決定した。 https://t.co/GHgvi8OG0A","truncated":false,"entities":{"hashtags":[],"symbols":[],"user_mentions":[],"urls":[{"url":"https://t.co/vFweGDMqBm","expanded_url":"http://news.livedoor.com/article/detail/13355009/","display_url":"news.livedoor.com/article/detail…","indices":[37,60]}],"media":[{"id":887450654129520600,"id_str":"887450654129520640","indices":[116,139],"media_url":"http://pbs.twimg.com/media/DFDbqwMUAAAycr-.jpg","media_url_https":"https://pbs.twimg.com/media/DFDbqwMUAAAycr-.jpg","url":"https://t.co/GHgvi8OG0A","display_url":"pic.twitter.com/GHgvi8OG0A","expanded_url":"https://twitter.com/livedoornews/status/887452040590352384/photo/1","type":"photo","sizes":{"thumb":{"w":150,"h":150,"resize":"crop"},"medium":{"w":640,"h":426,"resize":"fit"},"small":{"w":640,"h":426,"resize":"fit"},"large":{"w":640,"h":426,"resize":"fit"}}}]},"extended_entities":{"media":[{"id":887450654129520600,"id_str":"887450654129520640","indices":[116,139],"media_url":"http://pbs.twimg.com/media/DFDbqwMUAAAycr-.jpg","media_url_https":"https://pbs.twimg.com/media/DFDbqwMUAAAycr-.jpg","url":"https://t.co/GHgvi8OG0A","display_url":"pic.twitter.com/GHgvi8OG0A","expanded_url":"https://twitter.com/livedoornews/status/887452040590352384/photo/1","type":"photo","sizes":{"thumb":{"w":150,"h":150,"resize":"crop"},"medium":{"w":640,"h":426,"resize":"fit"},"small":{"w":640,"h":426,"resize":"fit"},"large":{"w":640,"h":426,"resize":"fit"}}}]},"metadata":{"iso_language_code":"ja","result_type":"recent"},"source":"<a href=\"http://news.livedoor.com/\" rel=\"nofollow\">ライブドアニュース（livedoorニュース）</a>","in_reply_to_status_id":null,"in_reply_to_status_id_str":null,"in_reply_to_user_id":null,"in_reply_to_user_id_str":null,"in_reply_to_screen_name":null,"user":{"id":17306975,"id_str":"17306975","name":"ライブドアニュース","screen_name":"livedoornews","location":"","description":"LINE →https://t.co/yhJO0o7Jns／FB → https://t.co/LHTCuyIEjr／インスタ／→https://t.co/SpmVgPtfCG","url":"http://t.co/Q4Bh3OCfgY","entities":{"url":{"urls":[{"url":"http://t.co/Q4Bh3OCfgY","expanded_url":"http://news.livedoor.com/","display_url":"news.livedoor.com","indices":[0,22]}]},"description":{"urls":[{"url":"https://t.co/yhJO0o7Jns","expanded_url":"http://goo.gl/upBgKP","display_url":"goo.gl/upBgKP","indices":[6,29]},{"url":"https://t.co/LHTCuyIEjr","expanded_url":"http://goo.gl/nDULhn","display_url":"goo.gl/nDULhn","indices":[35,58]},{"url":"https://t.co/SpmVgPtfCG","expanded_url":"http://goo.gl/cHGD9G","display_url":"goo.gl/cHGD9G","indices":[65,88]}]}},"protected":false,"followers_count":430304,"friends_count":88,"listed_count":6136,"created_at":"Tue Nov 11 09:56:31 +0000 2008","favourites_count":2608,"utc_offset":32400,"time_zone":"Tokyo","geo_enabled":false,"verified":true,"statuses_count":177004,"lang":"ja","contributors_enabled":false,"is_translator":false,"is_translation_enabled":false,"profile_background_color":"FFFFFF","profile_background_image_url":"http://pbs.twimg.com/profile_background_images/378800000085828060/4b07c1d868c917fb65a3d64a20904cd5.jpeg","profile_background_image_url_https":"https://pbs.twimg.com/profile_background_images/378800000085828060/4b07c1d868c917fb65a3d64a20904cd5.jpeg","profile_background_tile":false,"profile_image_url":"http://pbs.twimg.com/profile_images/875662964988166149/whdJTD2I_normal.jpg","profile_image_url_https":"https://pbs.twimg.com/profile_images/875662964988166149/whdJTD2I_normal.jpg","profile_link_color":"51ADD4","profile_sidebar_border_color":"FFFFFF","profile_sidebar_fill_color":"95E8EC","profile_text_color":"3C3940","profile_use_background_image":true,"has_extended_profile":false,"default_profile":false,"default_profile_image":false,"following":false,"follow_request_sent":false,"notifications":false,"translator_type":"none"},"geo":null,"coordinates":null,"place":null,"contributors":null,"is_quote_status":false,"retweet_count":622,"favorite_count":626,"favorited":false,"retweeted":false,"possibly_sensitive":false,"lang":"ja"},{"created_at":"Tue Jul 18 23:14:06 +0000 2017","id":887450437221142500,"id_str":"887450437221142528","text":"泉放送制作が蓮舫に忖度して朝の報道バラエティに「蓮舫」の名前無しw ～ネットの反応「番組スポンサーへ苦情を入れるべき案件やね」「これ効くから絶対にやるなよ」 https://t.co/F4mHUyEKfi","truncated":false,"entities":{"hashtags":[],"symbols":[],"user_mentions":[],"urls":[{"url":"https://t.co/F4mHUyEKfi","expanded_url":"http://anonymous-post.com/archives/9771","display_url":"anonymous-post.com/archives/9771","indices":[79,102]}]},"metadata":{"iso_language_code":"ja","result_type":"recent"},"source":"<a href=\"http://twitter.com\" rel=\"nofollow\">Twitter Web Client</a>","in_reply_to_status_id":null,"in_reply_to_status_id_str":null,"in_reply_to_user_id":null,"in_reply_to_user_id_str":null,"in_reply_to_screen_name":null,"user":{"id":3147651630,"id_str":"3147651630","name":"アノニマス ポスト","screen_name":"anonymous201504","location":"日本","description":"2つのサイトを運営しています \n\n保守系ニュースまとめ配信サイト\nアノニマスポスト ニュースとネットの反応\nhttps://t.co/4DFEEdYreY\nアノニマスポスト ニュースとコラム\nhttps://t.co/ytArfEfsv9","url":"https://t.co/4DFEEdYreY","entities":{"url":{"urls":[{"url":"https://t.co/4DFEEdYreY","expanded_url":"http://anonymous-post.com","display_url":"anonymous-post.com","indices":[0,23]}]},"description":{"urls":[{"url":"https://t.co/4DFEEdYreY","expanded_url":"http://anonymous-post.com","display_url":"anonymous-post.com","indices":[54,77]},{"url":"https://t.co/ytArfEfsv9","expanded_url":"http://anonymous-post.news","display_url":"anonymous-post.news","indices":[96,119]}]}},"protected":false,"followers_count":30002,"friends_count":30212,"listed_count":463,"created_at":"Fri Apr 10 09:07:46 +0000 2015","favourites_count":80528,"utc_offset":32400,"time_zone":"Tokyo","geo_enabled":false,"verified":false,"statuses_count":13520,"lang":"ja","contributors_enabled":false,"is_translator":false,"is_translation_enabled":false,"profile_background_color":"000000","profile_background_image_url":"http://abs.twimg.com/images/themes/theme1/bg.png","profile_background_image_url_https":"https://abs.twimg.com/images/themes/theme1/bg.png","profile_background_tile":false,"profile_image_url":"http://pbs.twimg.com/profile_images/713181990690775040/BWrea93U_normal.jpg","profile_image_url_https":"https://pbs.twimg.com/profile_images/713181990690775040/BWrea93U_normal.jpg","profile_banner_url":"https://pbs.twimg.com/profile_banners/3147651630/1459170419","profile_link_color":"3B94D9","profile_sidebar_border_color":"000000","profile_sidebar_fill_color":"000000","profile_text_color":"000000","profile_use_background_image":false,"has_extended_profile":false,"default_profile":false,"default_profile_image":false,"following":false,"follow_request_sent":false,"notifications":false,"translator_type":"none"},"geo":null,"coordinates":null,"place":null,"contributors":null,"is_quote_status":false,"retweet_count":611,"favorite_count":419,"favorited":false,"retweeted":false,"possibly_sensitive":false,"lang":"ja"},{"created_at":"Tue Jul 18 23:11:00 +0000 2017","id":887449654622789600,"id_str":"887449654622789632","text":"1位 おとめ座♍️\n大事な場面で実力を発揮できそう。\n真剣に作業に取り組む姿勢がカギ。\n\n🌟ラッキーポイント🌟\n『アクセサリー』","truncated":false,"entities":{"hashtags":[],"symbols":[],"user_mentions":[],"urls":[]},"metadata":{"iso_language_code":"ja","result_type":"recent"},"source":"<a href=\"http://saikyo-tweet.com\" rel=\"nofollow\">mezauranai_bot</a>","in_reply_to_status_id":null,"in_reply_to_status_id_str":null,"in_reply_to_user_id":null,"in_reply_to_user_id_str":null,"in_reply_to_screen_name":null,"user":{"id":1557821088,"id_str":"1557821088","name":"めざまし占い","screen_name":"mezauranai","location":"","description":"","url":null,"entities":{"description":{"urls":[]}},"protected":false,"followers_count":359607,"friends_count":0,"listed_count":388,"created_at":"Sun Jun 30 11:21:35 +0000 2013","favourites_count":1,"utc_offset":-25200,"time_zone":"Pacific Time (US & Canada)","geo_enabled":false,"verified":false,"statuses_count":12181,"lang":"ja","contributors_enabled":false,"is_translator":false,"is_translation_enabled":false,"profile_background_color":"000000","profile_background_image_url":"http://abs.twimg.com/images/themes/theme1/bg.png","profile_background_image_url_https":"https://abs.twimg.com/images/themes/theme1/bg.png","profile_background_tile":false,"profile_image_url":"http://pbs.twimg.com/profile_images/378800000067564782/8b611be3582aaa90ff478a41eff85cc4_normal.png","profile_image_url_https":"https://pbs.twimg.com/profile_images/378800000067564782/8b611be3582aaa90ff478a41eff85cc4_normal.png","profile_link_color":"C9191C","profile_sidebar_border_color":"000000","profile_sidebar_fill_color":"000000","profile_text_color":"000000","profile_use_background_image":false,"has_extended_profile":false,"default_profile":false,"default_profile_image":false,"following":false,"follow_request_sent":false,"notifications":false,"translator_type":"none"},"geo":null,"coordinates":null,"place":null,"contributors":null,"is_quote_status":false,"retweet_count":2781,"favorite_count":4245,"favorited":false,"retweeted":false,"lang":"ja"},{"created_at":"Tue Jul 18 23:10:55 +0000 2017","id":887449632673996800,"id_str":"887449632673996800","text":"2位 かに座♋️\nアイディアがひらめく。\n素直な意見で評価ＵＰ。\n\n🌟ラッキーポイント🌟\n『ペン』","truncated":false,"entities":{"hashtags":[],"symbols":[],"user_mentions":[],"urls":[]},"metadata":{"iso_language_code":"ja","result_type":"recent"},"source":"<a href=\"http://saikyo-tweet.com\" rel=\"nofollow\">mezauranai_bot</a>","in_reply_to_status_id":null,"in_reply_to_status_id_str":null,"in_reply_to_user_id":null,"in_reply_to_user_id_str":null,"in_reply_to_screen_name":null,"user":{"id":1557821088,"id_str":"1557821088","name":"めざまし占い","screen_name":"mezauranai","location":"","description":"","url":null,"entities":{"description":{"urls":[]}},"protected":false,"followers_count":359607,"friends_count":0,"listed_count":388,"created_at":"Sun Jun 30 11:21:35 +0000 2013","favourites_count":1,"utc_offset":-25200,"time_zone":"Pacific Time (US & Canada)","geo_enabled":false,"verified":false,"statuses_count":12181,"lang":"ja","contributors_enabled":false,"is_translator":false,"is_translation_enabled":false,"profile_background_color":"000000","profile_background_image_url":"http://abs.twimg.com/images/themes/theme1/bg.png","profile_background_image_url_https":"https://abs.twimg.com/images/themes/theme1/bg.png","profile_background_tile":false,"profile_image_url":"http://pbs.twimg.com/profile_images/378800000067564782/8b611be3582aaa90ff478a41eff85cc4_normal.png","profile_image_url_https":"https://pbs.twimg.com/profile_images/378800000067564782/8b611be3582aaa90ff478a41eff85cc4_normal.png","profile_link_color":"C9191C","profile_sidebar_border_color":"000000","profile_sidebar_fill_color":"000000","profile_text_color":"000000","profile_use_background_image":false,"has_extended_profile":false,"default_profile":false,"default_profile_image":false,"following":false,"follow_request_sent":false,"notifications":false,"translator_type":"none"},"geo":null,"coordinates":null,"place":null,"contributors":null,"is_quote_status":false,"retweet_count":1116,"favorite_count":2143,"favorited":false,"retweeted":false,"lang":"ja"},{"created_at":"Tue Jul 18 23:10:49 +0000 2017","id":887449610418966500,"id_str":"887449610418966532","text":"3位 やぎ座♑️\n大胆な考えで注目の的に。\n普段と違う服で気分転換。\n\n🌟ラッキーポイント🌟\n『料理雑誌』","truncated":false,"entities":{"hashtags":[],"symbols":[],"user_mentions":[],"urls":[]},"metadata":{"iso_language_code":"ja","result_type":"recent"},"source":"<a href=\"http://saikyo-tweet.com\" rel=\"nofollow\">mezauranai_bot</a>","in_reply_to_status_id":null,"in_reply_to_status_id_str":null,"in_reply_to_user_id":null,"in_reply_to_user_id_str":null,"in_reply_to_screen_name":null,"user":{"id":1557821088,"id_str":"1557821088","name":"めざまし占い","screen_name":"mezauranai","location":"","description":"","url":null,"entities":{"description":{"urls":[]}},"protected":false,"followers_count":359607,"friends_count":0,"listed_count":388,"created_at":"Sun Jun 30 11:21:35 +0000 2013","favourites_count":1,"utc_offset":-25200,"time_zone":"Pacific Time (US & Canada)","geo_enabled":false,"verified":false,"statuses_count":12181,"lang":"ja","contributors_enabled":false,"is_translator":false,"is_translation_enabled":false,"profile_background_color":"000000","profile_background_image_url":"http://abs.twimg.com/images/themes/theme1/bg.png","profile_background_image_url_https":"https://abs.twimg.com/images/themes/theme1/bg.png","profile_background_tile":false,"profile_image_url":"http://pbs.twimg.com/profile_images/378800000067564782/8b611be3582aaa90ff478a41eff85cc4_normal.png","profile_image_url_https":"https://pbs.twimg.com/profile_images/378800000067564782/8b611be3582aaa90ff478a41eff85cc4_normal.png","profile_link_color":"C9191C","profile_sidebar_border_color":"000000","profile_sidebar_fill_color":"000000","profile_text_color":"000000","profile_use_background_image":false,"has_extended_profile":false,"default_profile":false,"default_profile_image":false,"following":false,"follow_request_sent":false,"notifications":false,"translator_type":"none"},"geo":null,"coordinates":null,"place":null,"contributors":null,"is_quote_status":false,"retweet_count":864,"favorite_count":1842,"favorited":false,"retweeted":false,"lang":"ja"},{"created_at":"Tue Jul 18 23:10:44 +0000 2017","id":887449588503683100,"id_str":"887449588503683072","text":"4位 おうし座♉️\nフットワークが軽い１日。\n先を読んでの言動が重要。\n\n🌟ラッキーポイント🌟\n『愛好会』","truncated":false,"entities":{"hashtags":[],"symbols":[],"user_mentions":[],"urls":[]},"metadata":{"iso_language_code":"ja","result_type":"recent"},"source":"<a href=\"http://saikyo-tweet.com\" rel=\"nofollow\">mezauranai_bot</a>","in_reply_to_status_id":null,"in_reply_to_status_id_str":null,"in_reply_to_user_id":null,"in_reply_to_user_id_str":null,"in_reply_to_screen_name":null,"user":{"id":1557821088,"id_str":"1557821088","name":"めざまし占い","screen_name":"mezauranai","location":"","description":"","url":null,"entities":{"description":{"urls":[]}},"protected":false,"followers_count":359607,"friends_count":0,"listed_count":388,"created_at":"Sun Jun 30 11:21:35 +0000 2013","favourites_count":1,"utc_offset":-25200,"time_zone":"Pacific Time (US & Canada)","geo_enabled":false,"verified":false,"statuses_count":12181,"lang":"ja","contributors_enabled":false,"is_translator":false,"is_translation_enabled":false,"profile_background_color":"000000","profile_background_image_url":"http://abs.twimg.com/images/themes/theme1/bg.png","profile_background_image_url_https":"https://abs.twimg.com/images/themes/theme1/bg.png","profile_background_tile":false,"profile_image_url":"http://pbs.twimg.com/profile_images/378800000067564782/8b611be3582aaa90ff478a41eff85cc4_normal.png","profile_image_url_https":"https://pbs.twimg.com/profile_images/378800000067564782/8b611be3582aaa90ff478a41eff85cc4_normal.png","profile_link_color":"C9191C","profile_sidebar_border_color":"000000","profile_sidebar_fill_color":"000000","profile_text_color":"000000","profile_use_background_image":false,"has_extended_profile":false,"default_profile":false,"default_profile_image":false,"following":false,"follow_request_sent":false,"notifications":false,"translator_type":"none"},"geo":null,"coordinates":null,"place":null,"contributors":null,"is_quote_status":false,"retweet_count":741,"favorite_count":1569,"favorited":false,"retweeted":false,"lang":"ja"},{"created_at":"Tue Jul 18 23:10:39 +0000 2017","id":887449566387216400,"id_str":"887449566387216384","text":"5位 さそり座♏️\n新しい出会いがありそう。\n積極的に話しかけると○\n\n🌟ラッキーポイント🌟\n『枝豆』","truncated":false,"entities":{"hashtags":[],"symbols":[],"user_mentions":[],"urls":[]},"metadata":{"iso_language_code":"ja","result_type":"recent"},"source":"<a href=\"http://saikyo-tweet.com\" rel=\"nofollow\">mezauranai_bot</a>","in_reply_to_status_id":null,"in_reply_to_status_id_str":null,"in_reply_to_user_id":null,"in_reply_to_user_id_str":null,"in_reply_to_screen_name":null,"user":{"id":1557821088,"id_str":"1557821088","name":"めざまし占い","screen_name":"mezauranai","location":"","description":"","url":null,"entities":{"description":{"urls":[]}},"protected":false,"followers_count":359607,"friends_count":0,"listed_count":388,"created_at":"Sun Jun 30 11:21:35 +0000 2013","favourites_count":1,"utc_offset":-25200,"time_zone":"Pacific Time (US & Canada)","geo_enabled":false,"verified":false,"statuses_count":12181,"lang":"ja","contributors_enabled":false,"is_translator":false,"is_translation_enabled":false,"profile_background_color":"000000","profile_background_image_url":"http://abs.twimg.com/images/themes/theme1/bg.png","profile_background_image_url_https":"https://abs.twimg.com/images/themes/theme1/bg.png","profile_background_tile":false,"profile_image_url":"http://pbs.twimg.com/profile_images/378800000067564782/8b611be3582aaa90ff478a41eff85cc4_normal.png","profile_image_url_https":"https://pbs.twimg.com/profile_images/378800000067564782/8b611be3582aaa90ff478a41eff85cc4_normal.png","profile_link_color":"C9191C","profile_sidebar_border_color":"000000","profile_sidebar_fill_color":"000000","profile_text_color":"000000","profile_use_background_image":false,"has_extended_profile":false,"default_profile":false,"default_profile_image":false,"following":false,"follow_request_sent":false,"notifications":false,"translator_type":"none"},"geo":null,"coordinates":null,"place":null,"contributors":null,"is_quote_status":false,"retweet_count":1045,"favorite_count":2177,"favorited":false,"retweeted":false,"lang":"ja"},{"created_at":"Tue Jul 18 23:10:34 +0000 2017","id":887449544450916400,"id_str":"887449544450916353","text":"6位 うお座♓️\n疑問が解消してスッキリ。\n思い切って発言してＯＫ。\n\n🌟ラッキーポイント🌟\n『タウン情報サイト』","truncated":false,"entities":{"hashtags":[],"symbols":[],"user_mentions":[],"urls":[]},"metadata":{"iso_language_code":"ja","result_type":"recent"},"source":"<a href=\"http://saikyo-tweet.com\" rel=\"nofollow\">mezauranai_bot</a>","in_reply_to_status_id":null,"in_reply_to_status_id_str":null,"in_reply_to_user_id":null,"in_reply_to_user_id_str":null,"in_reply_to_screen_name":null,"user":{"id":1557821088,"id_str":"1557821088","name":"めざまし占い","screen_name":"mezauranai","location":"","description":"","url":null,"entities":{"description":{"urls":[]}},"protected":false,"followers_count":359607,"friends_count":0,"listed_count":388,"created_at":"Sun Jun 30 11:21:35 +0000 2013","favourites_count":1,"utc_offset":-25200,"time_zone":"Pacific Time (US & Canada)","geo_enabled":false,"verified":false,"statuses_count":12181,"lang":"ja","contributors_enabled":false,"is_translator":false,"is_translation_enabled":false,"profile_background_color":"000000","profile_background_image_url":"http://abs.twimg.com/images/themes/theme1/bg.png","profile_background_image_url_https":"https://abs.twimg.com/images/themes/theme1/bg.png","profile_background_tile":false,"profile_image_url":"http://pbs.twimg.com/profile_images/378800000067564782/8b611be3582aaa90ff478a41eff85cc4_normal.png","profile_image_url_https":"https://pbs.twimg.com/profile_images/378800000067564782/8b611be3582aaa90ff478a41eff85cc4_normal.png","profile_link_color":"C9191C","profile_sidebar_border_color":"000000","profile_sidebar_fill_color":"000000","profile_text_color":"000000","profile_use_background_image":false,"has_extended_profile":false,"default_profile":false,"default_profile_image":false,"following":false,"follow_request_sent":false,"notifications":false,"translator_type":"none"},"geo":null,"coordinates":null,"place":null,"contributors":null,"is_quote_status":false,"retweet_count":915,"favorite_count":1872,"favorited":false,"retweeted":false,"lang":"ja"},{"created_at":"Tue Jul 18 23:10:28 +0000 2017","id":887449522292506600,"id_str":"887449522292506624","text":"7位 ふたご座♊️\n現状に満足せずイライラ。\n向上心を忘れずにＴＲＹ。\n\n🌟ラッキーポイント🌟\n『汗ふきシート』","truncated":false,"entities":{"hashtags":[],"symbols":[],"user_mentions":[],"urls":[]},"metadata":{"iso_language_code":"ja","result_type":"recent"},"source":"<a href=\"http://saikyo-tweet.com\" rel=\"nofollow\">mezauranai_bot</a>","in_reply_to_status_id":null,"in_reply_to_status_id_str":null,"in_reply_to_user_id":null,"in_reply_to_user_id_str":null,"in_reply_to_screen_name":null,"user":{"id":1557821088,"id_str":"1557821088","name":"めざまし占い","screen_name":"mezauranai","location":"","description":"","url":null,"entities":{"description":{"urls":[]}},"protected":false,"followers_count":359607,"friends_count":0,"listed_count":388,"created_at":"Sun Jun 30 11:21:35 +0000 2013","favourites_count":1,"utc_offset":-25200,"time_zone":"Pacific Time (US & Canada)","geo_enabled":false,"verified":false,"statuses_count":12181,"lang":"ja","contributors_enabled":false,"is_translator":false,"is_translation_enabled":false,"profile_background_color":"000000","profile_background_image_url":"http://abs.twimg.com/images/themes/theme1/bg.png","profile_background_image_url_https":"https://abs.twimg.com/images/themes/theme1/bg.png","profile_background_tile":false,"profile_image_url":"http://pbs.twimg.com/profile_images/378800000067564782/8b611be3582aaa90ff478a41eff85cc4_normal.png","profile_image_url_https":"https://pbs.twimg.com/profile_images/378800000067564782/8b611be3582aaa90ff478a41eff85cc4_normal.png","profile_link_color":"C9191C","profile_sidebar_border_color":"000000","profile_sidebar_fill_color":"000000","profile_text_color":"000000","profile_use_background_image":false,"has_extended_profile":false,"default_profile":false,"default_profile_image":false,"following":false,"follow_request_sent":false,"notifications":false,"translator_type":"none"},"geo":null,"coordinates":null,"place":null,"contributors":null,"is_quote_status":false,"retweet_count":789,"favorite_count":1576,"favorited":false,"retweeted":false,"lang":"ja"},{"created_at":"Tue Jul 18 23:10:23 +0000 2017","id":887449500343599100,"id_str":"887449500343599105","text":"8位 てんびん座♎️\n気取った行動から問題発生。\n相手への気配りがポイント。\n\n🌟ラッキーポイント🌟\n『フローズンドリンク』","truncated":false,"entities":{"hashtags":[],"symbols":[],"user_mentions":[],"urls":[]},"metadata":{"iso_language_code":"ja","result_type":"recent"},"source":"<a href=\"http://saikyo-tweet.com\" rel=\"nofollow\">mezauranai_bot</a>","in_reply_to_status_id":null,"in_reply_to_status_id_str":null,"in_reply_to_user_id":null,"in_reply_to_user_id_str":null,"in_reply_to_screen_name":null,"user":{"id":1557821088,"id_str":"1557821088","name":"めざまし占い","screen_name":"mezauranai","location":"","description":"","url":null,"entities":{"description":{"urls":[]}},"protected":false,"followers_count":359607,"friends_count":0,"listed_count":388,"created_at":"Sun Jun 30 11:21:35 +0000 2013","favourites_count":1,"utc_offset":-25200,"time_zone":"Pacific Time (US & Canada)","geo_enabled":false,"verified":false,"statuses_count":12181,"lang":"ja","contributors_enabled":false,"is_translator":false,"is_translation_enabled":false,"profile_background_color":"000000","profile_background_image_url":"http://abs.twimg.com/images/themes/theme1/bg.png","profile_background_image_url_https":"https://abs.twimg.com/images/themes/theme1/bg.png","profile_background_tile":false,"profile_image_url":"http://pbs.twimg.com/profile_images/378800000067564782/8b611be3582aaa90ff478a41eff85cc4_normal.png","profile_image_url_https":"https://pbs.twimg.com/profile_images/378800000067564782/8b611be3582aaa90ff478a41eff85cc4_normal.png","profile_link_color":"C9191C","profile_sidebar_border_color":"000000","profile_sidebar_fill_color":"000000","profile_text_color":"000000","profile_use_background_image":false,"has_extended_profile":false,"default_profile":false,"default_profile_image":false,"following":false,"follow_request_sent":false,"notifications":false,"translator_type":"none"},"geo":null,"coordinates":null,"place":null,"contributors":null,"is_quote_status":false,"retweet_count":704,"favorite_count":1490,"favorited":false,"retweeted":false,"lang":"ja"},{"created_at":"Tue Jul 18 23:10:18 +0000 2017","id":887449478436765700,"id_str":"887449478436765697","text":"9位 いて座♐️\n無駄遣いでテンション↓\n本当に必要な物か判断を。\n\n🌟ラッキーポイント🌟\n『少し小さめの洋服』","truncated":false,"entities":{"hashtags":[],"symbols":[],"user_mentions":[],"urls":[]},"metadata":{"iso_language_code":"ja","result_type":"recent"},"source":"<a href=\"http://saikyo-tweet.com\" rel=\"nofollow\">mezauranai_bot</a>","in_reply_to_status_id":null,"in_reply_to_status_id_str":null,"in_reply_to_user_id":null,"in_reply_to_user_id_str":null,"in_reply_to_screen_name":null,"user":{"id":1557821088,"id_str":"1557821088","name":"めざまし占い","screen_name":"mezauranai","location":"","description":"","url":null,"entities":{"description":{"urls":[]}},"protected":false,"followers_count":359607,"friends_count":0,"listed_count":388,"created_at":"Sun Jun 30 11:21:35 +0000 2013","favourites_count":1,"utc_offset":-25200,"time_zone":"Pacific Time (US & Canada)","geo_enabled":false,"verified":false,"statuses_count":12181,"lang":"ja","contributors_enabled":false,"is_translator":false,"is_translation_enabled":false,"profile_background_color":"000000","profile_background_image_url":"http://abs.twimg.com/images/themes/theme1/bg.png","profile_background_image_url_https":"https://abs.twimg.com/images/themes/theme1/bg.png","profile_background_tile":false,"profile_image_url":"http://pbs.twimg.com/profile_images/378800000067564782/8b611be3582aaa90ff478a41eff85cc4_normal.png","profile_image_url_https":"https://pbs.twimg.com/profile_images/378800000067564782/8b611be3582aaa90ff478a41eff85cc4_normal.png","profile_link_color":"C9191C","profile_sidebar_border_color":"000000","profile_sidebar_fill_color":"000000","profile_text_color":"000000","profile_use_background_image":false,"has_extended_profile":false,"default_profile":false,"default_profile_image":false,"following":false,"follow_request_sent":false,"notifications":false,"translator_type":"none"},"geo":null,"coordinates":null,"place":null,"contributors":null,"is_quote_status":false,"retweet_count":551,"favorite_count":1133,"favorited":false,"retweeted":false,"lang":"ja"}],"search_metadata":{"completed_in":0.212,"max_id":887461677976870900,"max_id_str":"887461677976870913","next_results":"?max_id=887449478436765696&q=lang%3Aja%20min_retweets%3A500&include_entities=1","query":"lang%3Aja+min_retweets%3A500","refresh_url":"?since_id=887461677976870913&q=lang%3Aja%20min_retweets%3A500&include_entities=1","count":15,"since_id":0,"since_id_str":"0"}}