{"statuses":[{"created_at":"Thu Jul 20 12:44:19 +0000 2017","id":888016719993651200,"id_str":"888016719993651200","text":"20日より開催されておりますFate/Grand Orderの復刻イベントにて昨年描かせていただいたナイツ・オブ・マリーンズがまたラインナップされております。よろしくお願いします～！ https://t.co/DmbXWK3ruI","truncated":false,"entities":{"hashtags":[],"symbols":[],"user_mentions":[],"urls":[],"media":[{"id":888015683568582700,"id_str":"888015683568582657","indices":[92,115],"media_url":"http://pbs.twimg.com/media/DFLdjy4UwAE7XP-.png","media_url_https":"https://pbs.twimg.com/media/DFLdjy4UwAE7XP-.png","url":"https://t.co/DmbXWK3ruI","display_url":"pic.twitter.com/DmbXWK3ruI","expanded_url":"https://twitter.com/mielelatte/status/888016719993651200/photo/1","type":"photo","sizes":{"small":{"w":398,"h":680,"resize":"fit"},"large":{"w":512,"h":875,"resize":"fit"},"thumb":{"w":150,"h":150,"resize":"crop"},"medium":{"w":512,"h":875,"resize":"fit"}}}]},"extended_entities":{"media":[{"id":888015683568582700,"id_str":"888015683568582657","indices":[92,115],"media_url":"http://pbs.twimg.com/media/DFLdjy4UwAE7XP-.png","media_url_https":"https://pbs.twimg.com/media/DFLdjy4UwAE7XP-.png","url":"https://t.co/DmbXWK3ruI","display_url":"pic.twitter.com/DmbXWK3ruI","expanded_url":"https://twitter.com/mielelatte/status/888016719993651200/photo/1","type":"photo","sizes":{"small":{"w":398,"h":680,"resize":"fit"},"large":{"w":512,"h":875,"resize":"fit"},"thumb":{"w":150,"h":150,"resize":"crop"},"medium":{"w":512,"h":875,"resize":"fit"}}}]},"metadata":{"iso_language_code":"ja","result_type":"recent"},"source":"<a href=\"http://twitter.com\" rel=\"nofollow\">Twitter Web Client</a>","in_reply_to_status_id":null,"in_reply_to_status_id_str":null,"in_reply_to_user_id":null,"in_reply_to_user_id_str":null,"in_reply_to_screen_name":null,"user":{"id":97854967,"id_str":"97854967","name":"雪広うたこ@7/25魔界王子14巻発売","screen_name":"mielelatte","location":"※作品内容以外のお問合せは各出版社・制作会社へお願いします","description":"漫画やイラスト描いて生活してます。基本日常語り＋オタク話。\n【連載中】魔界王子devils and realist・少年王女\n【キャラデザ】B-PROJECT　他","url":"http://t.co/4mGZKJ3k2C","entities":{"url":{"urls":[{"url":"http://t.co/4mGZKJ3k2C","expanded_url":"http://77x16.com","display_url":"77x16.com","indices":[0,22]}]},"description":{"urls":[]}},"protected":false,"followers_count":87666,"friends_count":363,"listed_count":1605,"created_at":"Sat Dec 19 08:17:32 +0000 2009","favourites_count":481,"utc_offset":32400,"time_zone":"Tokyo","geo_enabled":false,"verified":false,"statuses_count":17575,"lang":"ja","contributors_enabled":false,"is_translator":false,"is_translation_enabled":false,"profile_background_color":"FFFFFF","profile_background_image_url":"http://pbs.twimg.com/profile_background_images/137403488/novo-dl.jpg","profile_background_image_url_https":"https://pbs.twimg.com/profile_background_images/137403488/novo-dl.jpg","profile_background_tile":true,"profile_image_url":"http://pbs.twimg.com/profile_images/426380652028502017/EH87-izX_normal.jpeg","profile_image_url_https":"https://pbs.twimg.com/profile_images/426380652028502017/EH87-izX_normal.jpeg","profile_link_color":"3B94D9","profile_sidebar_border_color":"2E2E2E","profile_sidebar_fill_color":"CEE4EB","profile_text_color":"333333","profile_use_background_image":true,"has_extended_profile":false,"default_profile":false,"default_profile_image":false,"following":false,"follow_request_sent":false,"notifications":false,"translator_type":"none"},"geo":null,"coordinates":null,"place":null,"contributors":null,"is_quote_status":false,"retweet_count":691,"favorite_count":901,"favorited":false,"retweeted":false,"possibly_sensitive":false,"lang":"ja"},{"created_at":"Thu Jul 20 12:44:12 +0000 2017","id":888016692827234300,"id_str":"888016692827234307","text":"Love☆Queenリリース記念\nハイタッチ会、大阪1日目\nありがとうございました☺️✨\n\nまた明日もあるので\n皆さん楽しみましょうね〜💑\n\n楓\n\n#ツインタワー https://t.co/6p0PAdteIX","truncated":false,"entities":{"hashtags":[{"text":"ツインタワー","indices":[74,81]}],"symbols":[],"user_mentions":[],"urls":[],"media":[{"id":888016681657749500,"id_str":"888016681657749504","indices":[82,105],"media_url":"http://pbs.twimg.com/media/DFLed5DU0AAlckL.jpg","media_url_https":"https://pbs.twimg.com/media/DFLed5DU0AAlckL.jpg","url":"https://t.co/6p0PAdteIX","display_url":"pic.twitter.com/6p0PAdteIX","expanded_url":"https://twitter.com/Happiness__LDH/status/888016692827234307/photo/1","type":"photo","sizes":{"large":{"w":751,"h":1000,"resize":"fit"},"thumb":{"w":150,"h":150,"resize":"crop"},"medium":{"w":751,"h":1000,"resize":"fit"},"small":{"w":511,"h":680,"resize":"fit"}}}]},"extended_entities":{"media":[{"id":888016681657749500,"id_str":"888016681657749504","indices":[82,105],"media_url":"http://pbs.twimg.com/media/DFLed5DU0AAlckL.jpg","media_url_https":"https://pbs.twimg.com/media/DFLed5DU0AAlckL.jpg","url":"https://t.co/6p0PAdteIX","display_url":"pic.twitter.com/6p0PAdteIX","expanded_url":"https://twitter.com/Happiness__LDH/status/888016692827234307/photo/1","type":"photo","sizes":{"large":{"w":751,"h":1000,"resize":"fit"},"thumb":{"w":150,"h":150,"resize":"crop"},"medium":{"w":751,"h":1000,"resize":"fit"},"small":{"w":511,"h":680,"resize":"fit"}}}]},"metadata":{"iso_language_code":"ja","result_type":"recent"},"source":"<a href=\"http://twitter.com/download/iphone\" rel=\"nofollow\">Twitter for iPhone</a>","in_reply_to_status_id":null,"in_reply_to_status_id_str":null,"in_reply_to_user_id":null,"in_reply_to_user_id_str":null,"in_reply_to_screen_name":null,"user":{"id":1560787860,"id_str":"1560787860","name":"Happiness","screen_name":"Happiness__LDH","location":"","description":"SAYAKA、楓、藤井夏恋、MIYUU、YURINO、須田アンナ、川本璃からなるガールズパフォーマンスグループ。 2017年9月New SingleをRelease!!","url":"https://t.co/1zlO2H4jbA","entities":{"url":{"urls":[{"url":"https://t.co/1zlO2H4jbA","expanded_url":"http://www.happiness-ldh.jp/","display_url":"happiness-ldh.jp","indices":[0,23]}]},"description":{"urls":[]}},"protected":false,"followers_count":994007,"friends_count":53,"listed_count":2170,"created_at":"Mon Jul 01 15:35:42 +0000 2013","favourites_count":12,"utc_offset":32400,"time_zone":"Tokyo","geo_enabled":false,"verified":true,"statuses_count":3370,"lang":"ja","contributors_enabled":false,"is_translator":false,"is_translation_enabled":false,"profile_background_color":"525141","profile_background_image_url":"http://abs.twimg.com/images/themes/theme11/bg.gif","profile_background_image_url_https":"https://abs.twimg.com/images/themes/theme11/bg.gif","profile_background_tile":true,"profile_image_url":"http://pbs.twimg.com/profile_images/824065207248916480/FMRzYcqd_normal.jpg","profile_image_url_https":"https://pbs.twimg.com/profile_images/824065207248916480/FMRzYcqd_normal.jpg","profile_banner_url":"https://pbs.twimg.com/profile_banners/1560787860/1496603809","profile_link_color":"594859","profile_sidebar_border_color":"000000","profile_sidebar_fill_color":"DDEEF6","profile_text_color":"333333","profile_use_background_image":false,"has_extended_profile":false,"default_profile":false,"default_profile_image":false,"following":false,"follow_request_sent":false,"notifications":false,"translator_type":"none"},"geo":null,"coordinates":null,"place":null,"contributors":null,"is_quote_status":false,"retweet_count":978,"favorite_count":6546,"favorited":false,"retweeted":false,"possibly_sensitive":false,"lang":"ja"},{"created_at":"Thu Jul 20 12:43:28 +0000 2017","id":888016507447394300,"id_str":"888016507447394304","text":"テニミュのキャストさん達から誕生日に戴いたメッセージが届き、感動しながら新テニの原稿描いていますﾟ*｡(˃̵ᴗ˂🌻̵)\n\n【ミュージカルテニスの王子様3rdシーズンvs立海】いよいよ始まりました❗作者も大好きな関東立海戦🎾詳細です… https://t.co/pru1GRn43g","truncated":true,"entities":{"hashtags":[],"symbols":[],"user_mentions":[],"urls":[{"url":"https://t.co/pru1GRn43g","expanded_url":"https://twitter.com/i/web/status/888016507447394304","display_url":"twitter.com/i/web/status/8…","indices":[117,140]}]},"metadata":{"iso_language_code":"ja","result_type":"recent"},"source":"<a href=\"http://twitter.com/download/android\" rel=\"nofollow\">Twitter for Android</a>","in_reply_to_status_id":null,"in_reply_to_status_id_str":null,"in_reply_to_user_id":null,"in_reply_to_user_id_str":null,"in_reply_to_screen_name":null,"user":{"id":2209943778,"id_str":"2209943778","name":"許斐剛","screen_name":"konomi_takeshi","location":"","description":"ハッピーメディアクリエイター時々漫画家…皆に夢と笑いをお届け( ^-^)ノ∠※。.:*:・'°☆","url":null,"entities":{"description":{"urls":[]}},"protected":false,"followers_count":242023,"friends_count":0,"listed_count":3224,"created_at":"Sat Nov 23 03:56:17 +0000 2013","favourites_count":0,"utc_offset":null,"time_zone":null,"geo_enabled":false,"verified":false,"statuses_count":2250,"lang":"ja","contributors_enabled":false,"is_translator":false,"is_translation_enabled":false,"profile_background_color":"C0DEED","profile_background_image_url":"http://abs.twimg.com/images/themes/theme1/bg.png","profile_background_image_url_https":"https://abs.twimg.com/images/themes/theme1/bg.png","profile_background_tile":false,"profile_image_url":"http://pbs.twimg.com/profile_images/460750658652475392/TrxdzJFh_normal.jpeg","profile_image_url_https":"https://pbs.twimg.com/profile_images/460750658652475392/TrxdzJFh_normal.jpeg","profile_banner_url":"https://pbs.twimg.com/profile_banners/2209943778/1391181654","profile_link_color":"1DA1F2","profile_sidebar_border_color":"C0DEED","profile_sidebar_fill_color":"DDEEF6","profile_text_color":"333333","profile_use_background_image":true,"has_extended_profile":false,"default_profile":true,"default_profile_image":false,"following":false,"follow_request_sent":false,"notifications":false,"translator_type":"none"},"geo":null,"coordinates":null,"place":null,"contributors":null,"is_quote_status":false,"retweet_count":636,"favorite_count":1049,"favorited":false,"retweeted":false,"possibly_sensitive":false,"lang":"ja"},{"created_at":"Thu Jul 20 12:42:53 +0000 2017","id":888016360994779100,"id_str":"888016360994779137","text":"鷲尾です✨\n\nE-girlsリリース記念イベントが\n明日も大阪であるので\nお近くの方、興味がある方\nお待ちしております(⑅˘͈ ᵕ ˘͈  )\n\n場所はインテックス大阪です https://t.co/7c7wgsM4sf","truncated":false,"entities":{"hashtags":[],"symbols":[],"user_mentions":[],"urls":[],"media":[{"id":888016344616026100,"id_str":"888016344616026113","indices":[87,110],"media_url":"http://pbs.twimg.com/media/DFLeKReUQAEVLKQ.jpg","media_url_https":"https://pbs.twimg.com/media/DFLeKReUQAEVLKQ.jpg","url":"https://t.co/7c7wgsM4sf","display_url":"pic.twitter.com/7c7wgsM4sf","expanded_url":"https://twitter.com/Flower__LDH/status/888016360994779137/photo/1","type":"photo","sizes":{"small":{"w":511,"h":680,"resize":"fit"},"thumb":{"w":150,"h":150,"resize":"crop"},"medium":{"w":751,"h":1000,"resize":"fit"},"large":{"w":751,"h":1000,"resize":"fit"}}}]},"extended_entities":{"media":[{"id":888016344616026100,"id_str":"888016344616026113","indices":[87,110],"media_url":"http://pbs.twimg.com/media/DFLeKReUQAEVLKQ.jpg","media_url_https":"https://pbs.twimg.com/media/DFLeKReUQAEVLKQ.jpg","url":"https://t.co/7c7wgsM4sf","display_url":"pic.twitter.com/7c7wgsM4sf","expanded_url":"https://twitter.com/Flower__LDH/status/888016360994779137/photo/1","type":"photo","sizes":{"small":{"w":511,"h":680,"resize":"fit"},"thumb":{"w":150,"h":150,"resize":"crop"},"medium":{"w":751,"h":1000,"resize":"fit"},"large":{"w":751,"h":1000,"resize":"fit"}}}]},"metadata":{"iso_language_code":"ja","result_type":"recent"},"source":"<a href=\"http://twitter.com/download/iphone\" rel=\"nofollow\">Twitter for iPhone</a>","in_reply_to_status_id":null,"in_reply_to_status_id_str":null,"in_reply_to_user_id":null,"in_reply_to_user_id_str":null,"in_reply_to_screen_name":null,"user":{"id":1529713513,"id_str":"1529713513","name":"Flower","screen_name":"Flower__LDH","location":"","description":"藤井 萩花、中島 美央、重留 真波、鷲尾 伶菜、坂東 希、佐藤 晴美からなるガールズ・エンタテインメント・ユニットFlower。 15th Single「たいようの哀悼歌」8.23Release。","url":"https://t.co/OAMLwoJl5J","entities":{"url":{"urls":[{"url":"https://t.co/OAMLwoJl5J","expanded_url":"http://www.flower-ldh.jp","display_url":"flower-ldh.jp","indices":[0,23]}]},"description":{"urls":[]}},"protected":false,"followers_count":1291697,"friends_count":43,"listed_count":2505,"created_at":"Wed Jun 19 04:31:42 +0000 2013","favourites_count":16,"utc_offset":28800,"time_zone":"Irkutsk","geo_enabled":false,"verified":true,"statuses_count":3285,"lang":"ja","contributors_enabled":false,"is_translator":false,"is_translation_enabled":false,"profile_background_color":"642D8B","profile_background_image_url":"http://abs.twimg.com/images/themes/theme10/bg.gif","profile_background_image_url_https":"https://abs.twimg.com/images/themes/theme10/bg.gif","profile_background_tile":false,"profile_image_url":"http://pbs.twimg.com/profile_images/871553015529918464/c-MBfztp_normal.jpg","profile_image_url_https":"https://pbs.twimg.com/profile_images/871553015529918464/c-MBfztp_normal.jpg","profile_banner_url":"https://pbs.twimg.com/profile_banners/1529713513/1447740324","profile_link_color":"EB70D2","profile_sidebar_border_color":"FFFFFF","profile_sidebar_fill_color":"7AC3EE","profile_text_color":"3D1957","profile_use_background_image":false,"has_extended_profile":false,"default_profile":false,"default_profile_image":false,"following":false,"follow_request_sent":false,"notifications":false,"translator_type":"none"},"geo":null,"coordinates":null,"place":null,"contributors":null,"is_quote_status":false,"retweet_count":1153,"favorite_count":7981,"favorited":false,"retweeted":false,"possibly_sensitive":false,"lang":"ja"},{"created_at":"Thu Jul 20 12:37:04 +0000 2017","id":888014896729735200,"id_str":"888014896729735168","text":"さらに「ノンノ」9月号『欅坂女子大美肌ゼミ』企画には渡邉理佐、志田愛佳、菅井友香、守屋茜が登場❣️\nぜひチェックしてみてください💕\n#欅坂46\n#ノンノ\n#nonno\nhttps://t.co/3CeaJ2tJty https://t.co/LypGw8I253","truncated":false,"entities":{"hashtags":[{"text":"欅坂46","indices":[66,71]},{"text":"ノンノ","indices":[72,76]},{"text":"nonno","indices":[77,83]}],"symbols":[],"user_mentions":[],"urls":[{"url":"https://t.co/3CeaJ2tJty","expanded_url":"https://nonno.hpplus.jp/","display_url":"nonno.hpplus.jp","indices":[84,107]}],"media":[{"id":888014892522815500,"id_str":"888014892522815488","indices":[108,131],"media_url":"http://pbs.twimg.com/media/DFLc1wAUQAATZhg.jpg","media_url_https":"https://pbs.twimg.com/media/DFLc1wAUQAATZhg.jpg","url":"https://t.co/LypGw8I253","display_url":"pic.twitter.com/LypGw8I253","expanded_url":"https://twitter.com/keyakizaka46/status/888014896729735168/photo/1","type":"photo","sizes":{"large":{"w":847,"h":846,"resize":"fit"},"small":{"w":680,"h":679,"resize":"fit"},"thumb":{"w":150,"h":150,"resize":"crop"},"medium":{"w":847,"h":846,"resize":"fit"}}}]},"extended_entities":{"media":[{"id":888014892522815500,"id_str":"888014892522815488","indices":[108,131],"media_url":"http://pbs.twimg.com/media/DFLc1wAUQAATZhg.jpg","media_url_https":"https://pbs.twimg.com/media/DFLc1wAUQAATZhg.jpg","url":"https://t.co/LypGw8I253","display_url":"pic.twitter.com/LypGw8I253","expanded_url":"https://twitter.com/keyakizaka46/status/888014896729735168/photo/1","type":"photo","sizes":{"large":{"w":847,"h":846,"resize":"fit"},"small":{"w":680,"h":679,"resize":"fit"},"thumb":{"w":150,"h":150,"resize":"crop"},"medium":{"w":847,"h":846,"resize":"fit"}}}]},"metadata":{"iso_language_code":"ja","result_type":"recent"},"source":"<a href=\"http://www.echofon.com/\" rel=\"nofollow\">Echofon</a>","in_reply_to_status_id":null,"in_reply_to_status_id_str":null,"in_reply_to_user_id":null,"in_reply_to_user_id_str":null,"in_reply_to_screen_name":null,"user":{"id":3433403638,"id_str":"3433403638","name":"欅坂46","screen_name":"keyakizaka46","location":"","description":"秋元康 総合プロデュース、乃木坂46に続く「坂道シリーズ」第2弾。2015年8月21日、乃木坂46結成から4年後の同じ日・同じ場所で結成。応募総数22,509名の中から選ばれたメンバーで2016年4月6日「サイレントマジョリティー」でデビュー!2017年7月19日1stアルバム「真っ白なものは汚したくなる」リリース予定","url":"https://t.co/Rpjth8X8lU","entities":{"url":{"urls":[{"url":"https://t.co/Rpjth8X8lU","expanded_url":"http://www.keyakizaka46.com/","display_url":"keyakizaka46.com","indices":[0,23]}]},"description":{"urls":[]}},"protected":false,"followers_count":438091,"friends_count":0,"listed_count":2164,"created_at":"Thu Aug 20 22:00:08 +0000 2015","favourites_count":0,"utc_offset":null,"time_zone":null,"geo_enabled":false,"verified":true,"statuses_count":948,"lang":"ja","contributors_enabled":false,"is_translator":false,"is_translation_enabled":false,"profile_background_color":"000000","profile_background_image_url":"http://abs.twimg.com/images/themes/theme1/bg.png","profile_background_image_url_https":"https://abs.twimg.com/images/themes/theme1/bg.png","profile_background_tile":false,"profile_image_url":"http://pbs.twimg.com/profile_images/875580356996415488/tN4jYZEL_normal.jpg","profile_image_url_https":"https://pbs.twimg.com/profile_images/875580356996415488/tN4jYZEL_normal.jpg","profile_banner_url":"https://pbs.twimg.com/profile_banners/3433403638/1450171390","profile_link_color":"5FB955","profile_sidebar_border_color":"000000","profile_sidebar_fill_color":"000000","profile_text_color":"000000","profile_use_background_image":false,"has_extended_profile":false,"default_profile":false,"default_profile_image":false,"following":false,"follow_request_sent":false,"notifications":false,"translator_type":"none"},"geo":null,"coordinates":null,"place":null,"contributors":null,"is_quote_status":false,"retweet_count":1174,"favorite_count":5379,"favorited":false,"retweeted":false,"possibly_sensitive":false,"lang":"ja"},{"created_at":"Thu Jul 20 12:35:23 +0000 2017","id":888014473277001700,"id_str":"888014473277001729","text":"仙台に毒盛ってきました https://t.co/tKOXPAK0vq","truncated":false,"entities":{"hashtags":[],"symbols":[],"user_mentions":[],"urls":[],"media":[{"id":888013683804094500,"id_str":"888013683804094466","indices":[12,35],"media_url":"http://pbs.twimg.com/ext_tw_video_thumb/888013683804094466/pu/img/RI-InKjltT-0C8Nw.jpg","media_url_https":"https://pbs.twimg.com/ext_tw_video_thumb/888013683804094466/pu/img/RI-InKjltT-0C8Nw.jpg","url":"https://t.co/tKOXPAK0vq","display_url":"pic.twitter.com/tKOXPAK0vq","expanded_url":"https://twitter.com/mam0_0fficialt/status/888014473277001729/video/1","type":"photo","sizes":{"large":{"w":960,"h":540,"resize":"fit"},"small":{"w":340,"h":191,"resize":"fit"},"thumb":{"w":150,"h":150,"resize":"crop"},"medium":{"w":600,"h":338,"resize":"fit"}}}]},"extended_entities":{"media":[{"id":888013683804094500,"id_str":"888013683804094466","indices":[12,35],"media_url":"http://pbs.twimg.com/ext_tw_video_thumb/888013683804094466/pu/img/RI-InKjltT-0C8Nw.jpg","media_url_https":"https://pbs.twimg.com/ext_tw_video_thumb/888013683804094466/pu/img/RI-InKjltT-0C8Nw.jpg","url":"https://t.co/tKOXPAK0vq","display_url":"pic.twitter.com/tKOXPAK0vq","expanded_url":"https://twitter.com/mam0_0fficialt/status/888014473277001729/video/1","type":"video","sizes":{"large":{"w":960,"h":540,"resize":"fit"},"small":{"w":340,"h":191,"resize":"fit"},"thumb":{"w":150,"h":150,"resize":"crop"},"medium":{"w":600,"h":338,"resize":"fit"}},"video_info":{"aspect_ratio":[16,9],"duration_millis":70254,"variants":[{"content_type":"application/x-mpegURL","url":"https://video.twimg.com/ext_tw_video/888013683804094466/pu/pl/ux1uAlQI01YeXOwR.m3u8"},{"bitrate":320000,"content_type":"video/mp4","url":"https://video.twimg.com/ext_tw_video/888013683804094466/pu/vid/320x180/nd3eAt3ipK6jcHjt.mp4"},{"bitrate":832000,"content_type":"video/mp4","url":"https://video.twimg.com/ext_tw_video/888013683804094466/pu/vid/640x360/9iL0c82wKa24uqCF.mp4"}]},"additional_media_info":{"monetizable":false}}]},"metadata":{"iso_language_code":"ja","result_type":"recent"},"source":"<a href=\"http://twitter.com/download/iphone\" rel=\"nofollow\">Twitter for iPhone</a>","in_reply_to_status_id":null,"in_reply_to_status_id_str":null,"in_reply_to_user_id":null,"in_reply_to_user_id_str":null,"in_reply_to_screen_name":null,"user":{"id":4035350352,"id_str":"4035350352","name":"マモ","screen_name":"mam0_0fficialt","location":"浅草","description":"R指定ボーカルマモです。 ギターも弾きます。作詞作曲担当です。Twitterをはじめて一年が経ちました。熊本県出身です。名前の由来はくマモとです。宜しく。https://t.co/t6CF8akl8L","url":"https://t.co/4qY2yWAdWD","entities":{"url":{"urls":[{"url":"https://t.co/4qY2yWAdWD","expanded_url":"http://www.r-shitei.net","display_url":"r-shitei.net","indices":[0,23]}]},"description":{"urls":[{"url":"https://t.co/t6CF8akl8L","expanded_url":"http://Instagram.com/yuuyakemamomichan","display_url":"Instagram.com/yuuyakemamomic…","indices":[77,100]}]}},"protected":false,"followers_count":63151,"friends_count":56,"listed_count":834,"created_at":"Tue Oct 27 12:34:01 +0000 2015","favourites_count":0,"utc_offset":-25200,"time_zone":"Pacific Time (US & Canada)","geo_enabled":false,"verified":false,"statuses_count":2010,"lang":"ja","contributors_enabled":false,"is_translator":false,"is_translation_enabled":false,"profile_background_color":"C0DEED","profile_background_image_url":"http://abs.twimg.com/images/themes/theme1/bg.png","profile_background_image_url_https":"https://abs.twimg.com/images/themes/theme1/bg.png","profile_background_tile":false,"profile_image_url":"http://pbs.twimg.com/profile_images/871677890135445504/Y2LBsBKL_normal.jpg","profile_image_url_https":"https://pbs.twimg.com/profile_images/871677890135445504/Y2LBsBKL_normal.jpg","profile_banner_url":"https://pbs.twimg.com/profile_banners/4035350352/1496660202","profile_link_color":"1DA1F2","profile_sidebar_border_color":"C0DEED","profile_sidebar_fill_color":"DDEEF6","profile_text_color":"333333","profile_use_background_image":true,"has_extended_profile":false,"default_profile":true,"default_profile_image":false,"following":false,"follow_request_sent":false,"notifications":false,"translator_type":"none"},"geo":null,"coordinates":null,"place":null,"contributors":null,"is_quote_status":false,"retweet_count":678,"favorite_count":1489,"favorited":false,"retweeted":false,"possibly_sensitive":false,"lang":"ja"},{"created_at":"Thu Jul 20 12:33:57 +0000 2017","id":888014112793313300,"id_str":"888014112793313280","text":"遅くなりましたがアニメ化おめでとうリプたくさんありがとうございます。\n全部読ませてもらってます。 https://t.co/aq5wGq6eQQ","truncated":false,"entities":{"hashtags":[],"symbols":[],"user_mentions":[],"urls":[],"media":[{"id":888014079175966700,"id_str":"888014079175966726","indices":[49,72],"media_url":"http://pbs.twimg.com/media/DFLcGaDUQAYaLML.jpg","media_url_https":"https://pbs.twimg.com/media/DFLcGaDUQAYaLML.jpg","url":"https://t.co/aq5wGq6eQQ","display_url":"pic.twitter.com/aq5wGq6eQQ","expanded_url":"https://twitter.com/udon0531/status/888014112793313280/photo/1","type":"photo","sizes":{"large":{"w":1440,"h":2048,"resize":"fit"},"small":{"w":478,"h":680,"resize":"fit"},"thumb":{"w":150,"h":150,"resize":"crop"},"medium":{"w":844,"h":1200,"resize":"fit"}}}]},"extended_entities":{"media":[{"id":888014079175966700,"id_str":"888014079175966726","indices":[49,72],"media_url":"http://pbs.twimg.com/media/DFLcGaDUQAYaLML.jpg","media_url_https":"https://pbs.twimg.com/media/DFLcGaDUQAYaLML.jpg","url":"https://t.co/aq5wGq6eQQ","display_url":"pic.twitter.com/aq5wGq6eQQ","expanded_url":"https://twitter.com/udon0531/status/888014112793313280/photo/1","type":"photo","sizes":{"large":{"w":1440,"h":2048,"resize":"fit"},"small":{"w":478,"h":680,"resize":"fit"},"thumb":{"w":150,"h":150,"resize":"crop"},"medium":{"w":844,"h":1200,"resize":"fit"}}}]},"metadata":{"iso_language_code":"ja","result_type":"recent"},"source":"<a href=\"http://twitter.com\" rel=\"nofollow\">Twitter Web Client</a>","in_reply_to_status_id":null,"in_reply_to_status_id_str":null,"in_reply_to_user_id":null,"in_reply_to_user_id_str":null,"in_reply_to_screen_name":null,"user":{"id":302252321,"id_str":"302252321","name":"山本崇一朗・高木さん⑥8/10","screen_name":"udon0531","location":"","description":"島生まれ島育ち。ゲッサンにて「からかい上手の高木さん」連載中。完結済→「ふだつきのキョーコちゃん」全７巻、あしたは土曜日」全２巻。落書き置き場→https://t.co/Vz4ELk6ul2\nお題箱→https://t.co/aygLNREG5i","url":"https://t.co/fbGbw4qlik","entities":{"url":{"urls":[{"url":"https://t.co/fbGbw4qlik","expanded_url":"http://www.pixiv.net/member.php?id=61937","display_url":"pixiv.net/member.php?id=…","indices":[0,23]}]},"description":{"urls":[{"url":"https://t.co/Vz4ELk6ul2","expanded_url":"http://udon0531.tumblr.com/","display_url":"udon0531.tumblr.com","indices":[72,95]},{"url":"https://t.co/aygLNREG5i","expanded_url":"http://odaibako.net/u/udon0531","display_url":"odaibako.net/u/udon0531","indices":[100,123]}]}},"protected":false,"followers_count":122817,"friends_count":292,"listed_count":2057,"created_at":"Fri May 20 21:34:21 +0000 2011","favourites_count":8173,"utc_offset":28800,"time_zone":"Irkutsk","geo_enabled":true,"verified":false,"statuses_count":14728,"lang":"ja","contributors_enabled":false,"is_translator":false,"is_translation_enabled":false,"profile_background_color":"C0DEED","profile_background_image_url":"http://pbs.twimg.com/profile_background_images/378800000169727534/rsWOMYna.jpeg","profile_background_image_url_https":"https://pbs.twimg.com/profile_background_images/378800000169727534/rsWOMYna.jpeg","profile_background_tile":false,"profile_image_url":"http://pbs.twimg.com/profile_images/697318018808852480/4Rs8xEXW_normal.png","profile_image_url_https":"https://pbs.twimg.com/profile_images/697318018808852480/4Rs8xEXW_normal.png","profile_banner_url":"https://pbs.twimg.com/profile_banners/302252321/1436779796","profile_link_color":"0084B4","profile_sidebar_border_color":"000000","profile_sidebar_fill_color":"DDEEF6","profile_text_color":"333333","profile_use_background_image":true,"has_extended_profile":false,"default_profile":false,"default_profile_image":false,"following":false,"follow_request_sent":false,"notifications":false,"translator_type":"none"},"geo":null,"coordinates":null,"place":null,"contributors":null,"is_quote_status":false,"retweet_count":744,"favorite_count":1944,"favorited":false,"retweeted":false,"possibly_sensitive":false,"lang":"ja"},{"created_at":"Thu Jul 20 12:30:04 +0000 2017","id":888013135566614500,"id_str":"888013135566614528","text":"だいすきなひとのたいせつな日は、わたしにとってもたいせつな日なの…！ https://t.co/DZxHw3RkFV","truncated":false,"entities":{"hashtags":[],"symbols":[],"user_mentions":[],"urls":[],"media":[{"id":888013133033242600,"id_str":"888013133033242624","indices":[35,58],"media_url":"http://pbs.twimg.com/media/DFLbPVZUAAAGdi1.jpg","media_url_https":"https://pbs.twimg.com/media/DFLbPVZUAAAGdi1.jpg","url":"https://t.co/DZxHw3RkFV","display_url":"pic.twitter.com/DZxHw3RkFV","expanded_url":"https://twitter.com/kirimi_sanrio/status/888013135566614528/photo/1","type":"photo","sizes":{"medium":{"w":1024,"h":512,"resize":"fit"},"thumb":{"w":150,"h":150,"resize":"crop"},"small":{"w":680,"h":340,"resize":"fit"},"large":{"w":1024,"h":512,"resize":"fit"}}}]},"extended_entities":{"media":[{"id":888013133033242600,"id_str":"888013133033242624","indices":[35,58],"media_url":"http://pbs.twimg.com/media/DFLbPVZUAAAGdi1.jpg","media_url_https":"https://pbs.twimg.com/media/DFLbPVZUAAAGdi1.jpg","url":"https://t.co/DZxHw3RkFV","display_url":"pic.twitter.com/DZxHw3RkFV","expanded_url":"https://twitter.com/kirimi_sanrio/status/888013135566614528/photo/1","type":"photo","sizes":{"medium":{"w":1024,"h":512,"resize":"fit"},"thumb":{"w":150,"h":150,"resize":"crop"},"small":{"w":680,"h":340,"resize":"fit"},"large":{"w":1024,"h":512,"resize":"fit"}}}]},"metadata":{"iso_language_code":"ja","result_type":"recent"},"source":"<a href=\"http://engagemanager.tribalmedia.co.jp/\" rel=\"nofollow\">EngageManager</a>","in_reply_to_status_id":null,"in_reply_to_status_id_str":null,"in_reply_to_user_id":null,"in_reply_to_user_id_str":null,"in_reply_to_screen_name":null,"user":{"id":2278796744,"id_str":"2278796744","name":"KIRIMIちゃん.【公式】","screen_name":"kirimi_sanrio","location":"切り身界とシャケルゼア","description":"わたし、シャケのきりみちゃん。良かったらフォローしてね…！ラブ・サーモン！ きりみの歌が聞けるよ♪→ http://t.co/mQdIuDAgfu キャラページ→ http://t.co/q19jzzZePY サンリオのソーシャルメディアポリシー→http://t.co/zmngDXVI6F","url":"http://t.co/q19jzzZePY","entities":{"url":{"urls":[{"url":"http://t.co/q19jzzZePY","expanded_url":"http://www.sanrio.co.jp/character/kirimichan/","display_url":"sanrio.co.jp/character/kiri…","indices":[0,22]}]},"description":{"urls":[{"url":"http://t.co/mQdIuDAgfu","expanded_url":"http://www.youtube.com/watch?v=UpDvhKznRKg&feature=youtu.be","display_url":"youtube.com/watch?v=UpDvhK…","indices":[51,73]},{"url":"http://t.co/q19jzzZePY","expanded_url":"http://www.sanrio.co.jp/character/kirimichan/","display_url":"sanrio.co.jp/character/kiri…","indices":[82,104]},{"url":"http://t.co/zmngDXVI6F","expanded_url":"http://www.sanrio.co.jp/social/policy/","display_url":"sanrio.co.jp/social/policy/","indices":[124,146]}]}},"protected":false,"followers_count":282934,"friends_count":17,"listed_count":3118,"created_at":"Mon Jan 06 08:46:49 +0000 2014","favourites_count":8,"utc_offset":32400,"time_zone":"Tokyo","geo_enabled":false,"verified":true,"statuses_count":2005,"lang":"ja","contributors_enabled":false,"is_translator":false,"is_translation_enabled":false,"profile_background_color":"C0DEED","profile_background_image_url":"http://pbs.twimg.com/profile_background_images/378800000168401053/iztk62Wc.png","profile_background_image_url_https":"https://pbs.twimg.com/profile_background_images/378800000168401053/iztk62Wc.png","profile_background_tile":true,"profile_image_url":"http://pbs.twimg.com/profile_images/875513696637788160/h485rLV__normal.jpg","profile_image_url_https":"https://pbs.twimg.com/profile_images/875513696637788160/h485rLV__normal.jpg","profile_banner_url":"https://pbs.twimg.com/profile_banners/2278796744/1495510689","profile_link_color":"FAB81E","profile_sidebar_border_color":"FFFFFF","profile_sidebar_fill_color":"DDEEF6","profile_text_color":"333333","profile_use_background_image":true,"has_extended_profile":true,"default_profile":false,"default_profile_image":false,"following":false,"follow_request_sent":false,"notifications":false,"translator_type":"none"},"geo":null,"coordinates":null,"place":null,"contributors":null,"is_quote_status":false,"retweet_count":792,"favorite_count":1940,"favorited":false,"retweeted":false,"possibly_sensitive":false,"lang":"ja"},{"created_at":"Thu Jul 20 12:26:23 +0000 2017","id":888012207455260700,"id_str":"888012207455260675","text":"いや、あと2980人かい！\n\nいや、この速度かい！\n\nいやもういい、いけ！いってしまえい！！ https://t.co/mTQlXEYsYu","truncated":false,"entities":{"hashtags":[],"symbols":[],"user_mentions":[],"urls":[],"media":[{"id":888012200534659100,"id_str":"888012200534659073","indices":[47,70],"media_url":"http://pbs.twimg.com/media/DFLaZDkU0AE10P3.jpg","media_url_https":"https://pbs.twimg.com/media/DFLaZDkU0AE10P3.jpg","url":"https://t.co/mTQlXEYsYu","display_url":"pic.twitter.com/mTQlXEYsYu","expanded_url":"https://twitter.com/miztamari_nikki/status/888012207455260675/photo/1","type":"photo","sizes":{"small":{"w":640,"h":537,"resize":"fit"},"thumb":{"w":150,"h":150,"resize":"crop"},"medium":{"w":640,"h":537,"resize":"fit"},"large":{"w":640,"h":537,"resize":"fit"}}}]},"extended_entities":{"media":[{"id":888012200534659100,"id_str":"888012200534659073","indices":[47,70],"media_url":"http://pbs.twimg.com/media/DFLaZDkU0AE10P3.jpg","media_url_https":"https://pbs.twimg.com/media/DFLaZDkU0AE10P3.jpg","url":"https://t.co/mTQlXEYsYu","display_url":"pic.twitter.com/mTQlXEYsYu","expanded_url":"https://twitter.com/miztamari_nikki/status/888012207455260675/photo/1","type":"photo","sizes":{"small":{"w":640,"h":537,"resize":"fit"},"thumb":{"w":150,"h":150,"resize":"crop"},"medium":{"w":640,"h":537,"resize":"fit"},"large":{"w":640,"h":537,"resize":"fit"}}}]},"metadata":{"iso_language_code":"ja","result_type":"recent"},"source":"<a href=\"http://twitter.com/download/iphone\" rel=\"nofollow\">Twitter for iPhone</a>","in_reply_to_status_id":null,"in_reply_to_status_id_str":null,"in_reply_to_user_id":null,"in_reply_to_user_id_str":null,"in_reply_to_screen_name":null,"user":{"id":3112928295,"id_str":"3112928295","name":"トミー(水溜りボンド)アカギネス","screen_name":"miztamari_nikki","location":"↓僕らのチャンネルはこちら↓","description":"2015.1.1〜毎日20時にYouTubeに動画を投稿中！登録者180万人突破！トークライブ情報はこのアカウントで！サブチャンネル企画編集.ドッキリ魔王 卵ソムリエの資格持ってます。アカギネス保持者。昨日友達に寿司奢りました。母親に誕生日プレゼント買いました。","url":"https://t.co/9QBZQ1LDef","entities":{"url":{"urls":[{"url":"https://t.co/9QBZQ1LDef","expanded_url":"https://www.youtube.com/channel/UCpOjLndjOqMoffA-fr8cbKA","display_url":"youtube.com/channel/UCpOjL…","indices":[0,23]}]},"description":{"urls":[]}},"protected":false,"followers_count":396175,"friends_count":19434,"listed_count":1475,"created_at":"Wed Mar 25 04:12:48 +0000 2015","favourites_count":7076,"utc_offset":-25200,"time_zone":"Pacific Time (US & Canada)","geo_enabled":true,"verified":false,"statuses_count":36031,"lang":"ja","contributors_enabled":false,"is_translator":false,"is_translation_enabled":false,"profile_background_color":"C0DEED","profile_background_image_url":"http://abs.twimg.com/images/themes/theme1/bg.png","profile_background_image_url_https":"https://abs.twimg.com/images/themes/theme1/bg.png","profile_background_tile":false,"profile_image_url":"http://pbs.twimg.com/profile_images/855756505835909121/0C5-5c5S_normal.jpg","profile_image_url_https":"https://pbs.twimg.com/profile_images/855756505835909121/0C5-5c5S_normal.jpg","profile_banner_url":"https://pbs.twimg.com/profile_banners/3112928295/1492863194","profile_link_color":"1DA1F2","profile_sidebar_border_color":"C0DEED","profile_sidebar_fill_color":"DDEEF6","profile_text_color":"333333","profile_use_background_image":true,"has_extended_profile":true,"default_profile":true,"default_profile_image":false,"following":false,"follow_request_sent":false,"notifications":false,"translator_type":"none"},"geo":null,"coordinates":null,"place":null,"contributors":null,"is_quote_status":false,"retweet_count":961,"favorite_count":5455,"favorited":false,"retweeted":false,"possibly_sensitive":false,"lang":"ja"},{"created_at":"Thu Jul 20 12:22:30 +0000 2017","id":888011231377858600,"id_str":"888011231377858560","text":"ミリオンラジオ！にて発表された、アイドルマスター×パ・リーグコラボ 765プロアイドルの応援イラスト。 https://t.co/xEgnl0GsfY","truncated":false,"entities":{"hashtags":[],"symbols":[],"user_mentions":[],"urls":[],"media":[{"id":888011084367409200,"id_str":"888011084367409152","indices":[52,75],"media_url":"http://pbs.twimg.com/media/DFLZYFhUMAAcMwo.jpg","media_url_https":"https://pbs.twimg.com/media/DFLZYFhUMAAcMwo.jpg","url":"https://t.co/xEgnl0GsfY","display_url":"pic.twitter.com/xEgnl0GsfY","expanded_url":"https://twitter.com/imas_DB/status/888011231377858560/photo/1","type":"photo","sizes":{"thumb":{"w":150,"h":150,"resize":"crop"},"large":{"w":832,"h":720,"resize":"fit"},"medium":{"w":832,"h":720,"resize":"fit"},"small":{"w":680,"h":588,"resize":"fit"}}}]},"extended_entities":{"media":[{"id":888011084367409200,"id_str":"888011084367409152","indices":[52,75],"media_url":"http://pbs.twimg.com/media/DFLZYFhUMAAcMwo.jpg","media_url_https":"https://pbs.twimg.com/media/DFLZYFhUMAAcMwo.jpg","url":"https://t.co/xEgnl0GsfY","display_url":"pic.twitter.com/xEgnl0GsfY","expanded_url":"https://twitter.com/imas_DB/status/888011231377858560/photo/1","type":"photo","sizes":{"thumb":{"w":150,"h":150,"resize":"crop"},"large":{"w":832,"h":720,"resize":"fit"},"medium":{"w":832,"h":720,"resize":"fit"},"small":{"w":680,"h":588,"resize":"fit"}}}]},"metadata":{"iso_language_code":"ja","result_type":"recent"},"source":"<a href=\"http://twitter.com\" rel=\"nofollow\">Twitter Web Client</a>","in_reply_to_status_id":null,"in_reply_to_status_id_str":null,"in_reply_to_user_id":null,"in_reply_to_user_id_str":null,"in_reply_to_screen_name":null,"user":{"id":135142148,"id_str":"135142148","name":"アイマスDB","screen_name":"imas_DB","location":"まるあみゅ.ねっと プロジェクト","description":"@mirai_iro による個人ファンサイト「アイドルマスターデータベース」が運営する、サイトの更新情報やアイドルマスター関連情報をお届けするアカウントです。ツイート内容は現地取材や公式発表などを元とするものですが、バンダイナムコそのほか各社さまとは関係ございません。アイコン画像制作：イトマ(@itomxy)","url":"https://t.co/oOaG6qk39T","entities":{"url":{"urls":[{"url":"https://t.co/oOaG6qk39T","expanded_url":"https://imas-db.jp/","display_url":"imas-db.jp","indices":[0,23]}]},"description":{"urls":[]}},"protected":false,"followers_count":29111,"friends_count":402,"listed_count":763,"created_at":"Tue Apr 20 13:08:16 +0000 2010","favourites_count":4320,"utc_offset":32400,"time_zone":"Tokyo","geo_enabled":true,"verified":false,"statuses_count":41918,"lang":"ja","contributors_enabled":false,"is_translator":false,"is_translation_enabled":false,"profile_background_color":"C0DEED","profile_background_image_url":"http://abs.twimg.com/images/themes/theme1/bg.png","profile_background_image_url_https":"https://abs.twimg.com/images/themes/theme1/bg.png","profile_background_tile":false,"profile_image_url":"http://pbs.twimg.com/profile_images/881916533957459968/2iyFrpab_normal.png","profile_image_url_https":"https://pbs.twimg.com/profile_images/881916533957459968/2iyFrpab_normal.png","profile_link_color":"1DA1F2","profile_sidebar_border_color":"C0DEED","profile_sidebar_fill_color":"DDEEF6","profile_text_color":"333333","profile_use_background_image":true,"has_extended_profile":false,"default_profile":true,"default_profile_image":false,"following":false,"follow_request_sent":false,"notifications":false,"translator_type":"regular"},"geo":null,"coordinates":null,"place":null,"contributors":null,"is_quote_status":false,"retweet_count":4765,"favorite_count":3087,"favorited":false,"retweeted":false,"possibly_sensitive":false,"lang":"ja"},{"created_at":"Thu Jul 20 12:21:59 +0000 2017","id":888011101685694500,"id_str":"888011101685694465","text":"心霊話への免疫 https://t.co/0c6XF7QFwB","truncated":false,"entities":{"hashtags":[],"symbols":[],"user_mentions":[],"urls":[],"media":[{"id":888010958077022200,"id_str":"888010958077022210","indices":[8,31],"media_url":"http://pbs.twimg.com/media/DFLZQvDV0AIdIpm.jpg","media_url_https":"https://pbs.twimg.com/media/DFLZQvDV0AIdIpm.jpg","url":"https://t.co/0c6XF7QFwB","display_url":"pic.twitter.com/0c6XF7QFwB","expanded_url":"https://twitter.com/idonum/status/888011101685694465/photo/1","type":"photo","sizes":{"thumb":{"w":150,"h":150,"resize":"crop"},"medium":{"w":846,"h":1200,"resize":"fit"},"small":{"w":479,"h":680,"resize":"fit"},"large":{"w":846,"h":1200,"resize":"fit"}}}]},"extended_entities":{"media":[{"id":888010958077022200,"id_str":"888010958077022210","indices":[8,31],"media_url":"http://pbs.twimg.com/media/DFLZQvDV0AIdIpm.jpg","media_url_https":"https://pbs.twimg.com/media/DFLZQvDV0AIdIpm.jpg","url":"https://t.co/0c6XF7QFwB","display_url":"pic.twitter.com/0c6XF7QFwB","expanded_url":"https://twitter.com/idonum/status/888011101685694465/photo/1","type":"photo","sizes":{"thumb":{"w":150,"h":150,"resize":"crop"},"medium":{"w":846,"h":1200,"resize":"fit"},"small":{"w":479,"h":680,"resize":"fit"},"large":{"w":846,"h":1200,"resize":"fit"}}}]},"metadata":{"iso_language_code":"ja","result_type":"recent"},"source":"<a href=\"http://twitter.com\" rel=\"nofollow\">Twitter Web Client</a>","in_reply_to_status_id":null,"in_reply_to_status_id_str":null,"in_reply_to_user_id":null,"in_reply_to_user_id_str":null,"in_reply_to_screen_name":null,"user":{"id":2955793471,"id_str":"2955793471","name":"いど☆1日目東C-02b","screen_name":"idonum","location":"","description":"よろしくお願いします！大体絵をかいています。","url":"https://t.co/fQQHYSRKq0","entities":{"url":{"urls":[{"url":"https://t.co/fQQHYSRKq0","expanded_url":"http://www.pixiv.net/member.php?id=1101145","display_url":"pixiv.net/member.php?id=…","indices":[0,23]}]},"description":{"urls":[]}},"protected":false,"followers_count":63581,"friends_count":284,"listed_count":1351,"created_at":"Fri Jan 02 07:59:47 +0000 2015","favourites_count":4940,"utc_offset":32400,"time_zone":"Tokyo","geo_enabled":false,"verified":false,"statuses_count":11130,"lang":"ja","contributors_enabled":false,"is_translator":false,"is_translation_enabled":false,"profile_background_color":"000000","profile_background_image_url":"http://abs.twimg.com/images/themes/theme1/bg.png","profile_background_image_url_https":"https://abs.twimg.com/images/themes/theme1/bg.png","profile_background_tile":false,"profile_image_url":"http://pbs.twimg.com/profile_images/880813892254941185/Fqgx37MF_normal.jpg","profile_image_url_https":"https://pbs.twimg.com/profile_images/880813892254941185/Fqgx37MF_normal.jpg","profile_banner_url":"https://pbs.twimg.com/profile_banners/2955793471/1498837430","profile_link_color":"1B95E0","profile_sidebar_border_color":"000000","profile_sidebar_fill_color":"000000","profile_text_color":"000000","profile_use_background_image":false,"has_extended_profile":true,"default_profile":false,"default_profile_image":false,"following":false,"follow_request_sent":false,"notifications":false,"translator_type":"none"},"geo":null,"coordinates":null,"place":null,"contributors":null,"is_quote_status":false,"retweet_count":530,"favorite_count":793,"favorited":false,"retweeted":false,"possibly_sensitive":false,"lang":"ja"},{"created_at":"Thu Jul 20 12:21:47 +0000 2017","id":888011051077206000,"id_str":"888011051077206016","text":"天月すんのシングル曲で一番すこ https://t.co/54dox5R7Ho","truncated":false,"entities":{"hashtags":[],"symbols":[],"user_mentions":[],"urls":[{"url":"https://t.co/54dox5R7Ho","expanded_url":"https://twitter.com/_amatsuki_/status/887997552125108226","display_url":"twitter.com/_amatsuki_/sta…","indices":[16,39]}]},"metadata":{"iso_language_code":"ja","result_type":"recent"},"source":"<a href=\"http://twitter.com/download/iphone\" rel=\"nofollow\">Twitter for iPhone</a>","in_reply_to_status_id":null,"in_reply_to_status_id_str":null,"in_reply_to_user_id":null,"in_reply_to_user_id_str":null,"in_reply_to_screen_name":null,"user":{"id":181127176,"id_str":"181127176","name":"luz(ルス)Reflexión6/28","screen_name":"luzabs","location":"るすやけど","description":"3rd ALBUM 『Reflexión』2017.6.28発売決定！ XYZPオーガナイザー https://t.co/ZKyROrLgHS https://t.co/cNBAdEjVPF 連絡先:luz_renraku@yahoo.co.jp","url":"https://t.co/gdzJDbIkOH","entities":{"url":{"urls":[{"url":"https://t.co/gdzJDbIkOH","expanded_url":"http://luz-web.com/","display_url":"luz-web.com","indices":[0,23]}]},"description":{"urls":[{"url":"https://t.co/ZKyROrLgHS","expanded_url":"http://www.nicovideo.jp/mylist/22400954","display_url":"nicovideo.jp/mylist/22400954","indices":[48,71]},{"url":"https://t.co/cNBAdEjVPF","expanded_url":"https://www.instagram.com/luzofficial/","display_url":"instagram.com/luzofficial/","indices":[72,95]}]}},"protected":false,"followers_count":391978,"friends_count":450,"listed_count":4988,"created_at":"Sat Aug 21 10:32:20 +0000 2010","favourites_count":546,"utc_offset":-36000,"time_zone":"Hawaii","geo_enabled":false,"verified":true,"statuses_count":8460,"lang":"ja","contributors_enabled":false,"is_translator":false,"is_translation_enabled":false,"profile_background_color":"000000","profile_background_image_url":"http://abs.twimg.com/images/themes/theme14/bg.gif","profile_background_image_url_https":"https://abs.twimg.com/images/themes/theme14/bg.gif","profile_background_tile":false,"profile_image_url":"http://pbs.twimg.com/profile_images/856478504761696256/c-NHcDeJ_normal.jpg","profile_image_url_https":"https://pbs.twimg.com/profile_images/856478504761696256/c-NHcDeJ_normal.jpg","profile_banner_url":"https://pbs.twimg.com/profile_banners/181127176/1493035364","profile_link_color":"000000","profile_sidebar_border_color":"FFFFFF","profile_sidebar_fill_color":"FFFFFF","profile_text_color":"333333","profile_use_background_image":true,"has_extended_profile":false,"default_profile":false,"default_profile_image":false,"following":false,"follow_request_sent":false,"notifications":false,"translator_type":"none"},"geo":null,"coordinates":null,"place":null,"contributors":null,"is_quote_status":true,"quoted_status_id":887997552125108200,"quoted_status_id_str":"887997552125108226","quoted_status":{"created_at":"Thu Jul 20 11:28:09 +0000 2017","id":887997552125108200,"id_str":"887997552125108226","text":"やったあああああ！！！！デイリー6位です！\n嬉しいぞおおおおお！！！！\nなんともう少しでDiVE!!の枚数を抜けそうらしくー！早い！！\n1歩1歩先に進めてるのが本当に感謝しかないですありがとうございます！ https://t.co/PFrKAUyTFF","truncated":false,"entities":{"hashtags":[],"symbols":[],"user_mentions":[],"urls":[{"url":"https://t.co/PFrKAUyTFF","expanded_url":"https://twitter.com/amararuru/status/887995870695665664","display_url":"twitter.com/amararuru/stat…","indices":[103,126]}]},"metadata":{"iso_language_code":"ja","result_type":"recent"},"source":"<a href=\"http://tapbots.com/tweetbot\" rel=\"nofollow\">Tweetbot for iΟS</a>","in_reply_to_status_id":null,"in_reply_to_status_id_str":null,"in_reply_to_user_id":null,"in_reply_to_user_id_str":null,"in_reply_to_screen_name":null,"user":{"id":94322333,"id_str":"94322333","name":"天月 7/19 3rdシングル発売！","screen_name":"_amatsuki_","location":"依頼など【amatsuki2525@yahoo.co.jp】","description":"どこまでも届くように歌います。 7/19 3rdシングル『Mr.fake / ツナゲル』リリースしました！ 「トモダチゲーム」主題歌、声優担当 niconico☞https://t.co/S4lxjOmZbL Youtube ☞ https://t.co/6tJz6H1C2X","url":"https://t.co/NKrARBl0oR","entities":{"url":{"urls":[{"url":"https://t.co/NKrARBl0oR","expanded_url":"http://amatsuki.jp/","display_url":"amatsuki.jp","indices":[0,23]}]},"description":{"urls":[{"url":"https://t.co/S4lxjOmZbL","expanded_url":"http://goo.gl/zAlcRg","display_url":"goo.gl/zAlcRg","indices":[81,104]},{"url":"https://t.co/6tJz6H1C2X","expanded_url":"http://bit.ly/1FLfr2s","display_url":"bit.ly/1FLfr2s","indices":[115,138]}]}},"protected":false,"followers_count":723091,"friends_count":660,"listed_count":8829,"created_at":"Thu Dec 03 12:50:34 +0000 2009","favourites_count":17769,"utc_offset":32400,"time_zone":"Tokyo","geo_enabled":true,"verified":false,"statuses_count":71647,"lang":"ja","contributors_enabled":false,"is_translator":false,"is_translation_enabled":false,"profile_background_color":"0099B9","profile_background_image_url":"http://pbs.twimg.com/profile_background_images/571927444/gghle38lydw51pogjv0d.jpeg","profile_background_image_url_https":"https://pbs.twimg.com/profile_background_images/571927444/gghle38lydw51pogjv0d.jpeg","profile_background_tile":false,"profile_image_url":"http://pbs.twimg.com/profile_images/813460090845949952/3OuQ2AvO_normal.jpg","profile_image_url_https":"https://pbs.twimg.com/profile_images/813460090845949952/3OuQ2AvO_normal.jpg","profile_banner_url":"https://pbs.twimg.com/profile_banners/94322333/1494926414","profile_link_color":"0099B9","profile_sidebar_border_color":"5ED4DC","profile_sidebar_fill_color":"95E8EC","profile_text_color":"3C3940","profile_use_background_image":true,"has_extended_profile":true,"default_profile":false,"default_profile_image":false,"following":false,"follow_request_sent":false,"notifications":false,"translator_type":"none"},"geo":null,"coordinates":null,"place":null,"contributors":null,"is_quote_status":true,"quoted_status_id":887995870695665700,"quoted_status_id_str":"887995870695665664","retweet_count":1211,"favorite_count":8835,"favorited":false,"retweeted":false,"possibly_sensitive":false,"lang":"ja"},"retweet_count":722,"favorite_count":5998,"favorited":false,"retweeted":false,"possibly_sensitive":false,"lang":"ja"},{"created_at":"Thu Jul 20 12:20:28 +0000 2017","id":888010717881749500,"id_str":"888010717881749504","text":"アンコールの澪音の世界で「サーンホラーイ！」＼さーんほらーい／をやったんですけど終わった後にRevoさんが「最初はやってなかったんですけどじまんぐおじさんって言う人がやり出してから定着しちゃって〜〜」みたいなこと言ってて死んだ","truncated":false,"entities":{"hashtags":[],"symbols":[],"user_mentions":[],"urls":[]},"metadata":{"iso_language_code":"ja","result_type":"recent"},"source":"<a href=\"http://twitter.com/download/iphone\" rel=\"nofollow\">Twitter for iPhone</a>","in_reply_to_status_id":null,"in_reply_to_status_id_str":null,"in_reply_to_user_id":null,"in_reply_to_user_id_str":null,"in_reply_to_screen_name":null,"user":{"id":169747634,"id_str":"169747634","name":"茄谷@LH7月→市原,新潟,金沢23日","screen_name":"Kaya_Laurant","location":"SHK＆しもつきんぐだむ","description":"サンホラーでシモツキンギルド員でジマンガーでモノノフです。音楽を聴く事と絵を描く事が大好きです。♡→Sound Horizon/Linked Horizon/Revo/霜月はるか/JIMANG/ももクロ(紫,推され隊)/Ceui/Kalafina/ディズニー/ラ!(花陽)サ!!(花丸＆ダイヤ)/アイドル/日本史","url":"https://t.co/hQWPRUYniq","entities":{"url":{"urls":[{"url":"https://t.co/hQWPRUYniq","expanded_url":"https://www.instagram.com/fnirxxkrs/","display_url":"instagram.com/fnirxxkrs/","indices":[0,23]}]},"description":{"urls":[]}},"protected":false,"followers_count":1007,"friends_count":1010,"listed_count":92,"created_at":"Fri Jul 23 02:15:49 +0000 2010","favourites_count":8598,"utc_offset":32400,"time_zone":"Tokyo","geo_enabled":false,"verified":false,"statuses_count":61177,"lang":"ja","contributors_enabled":false,"is_translator":false,"is_translation_enabled":false,"profile_background_color":"D6C580","profile_background_image_url":"http://pbs.twimg.com/profile_background_images/378800000005523209/3e00086706514328d43a48a1f2b1c587.jpeg","profile_background_image_url_https":"https://pbs.twimg.com/profile_background_images/378800000005523209/3e00086706514328d43a48a1f2b1c587.jpeg","profile_background_tile":true,"profile_image_url":"http://pbs.twimg.com/profile_images/882977852001460225/kY800oRA_normal.jpg","profile_image_url_https":"https://pbs.twimg.com/profile_images/882977852001460225/kY800oRA_normal.jpg","profile_banner_url":"https://pbs.twimg.com/profile_banners/169747634/1496118443","profile_link_color":"D79F6C","profile_sidebar_border_color":"FFFFFF","profile_sidebar_fill_color":"CCBDC2","profile_text_color":"8F8377","profile_use_background_image":true,"has_extended_profile":true,"default_profile":false,"default_profile_image":false,"following":false,"follow_request_sent":false,"notifications":false,"translator_type":"none"},"geo":null,"coordinates":null,"place":null,"contributors":null,"is_quote_status":false,"retweet_count":651,"favorite_count":513,"favorited":false,"retweeted":false,"lang":"ja"},{"created_at":"Thu Jul 20 12:20:07 +0000 2017","id":888010629692276700,"id_str":"888010629692276736","text":"野球コラボ（ミリオン、765）描き下ろし https://t.co/dHudNWH4tP #millionradio https://t.co/2PIvroQgna","truncated":false,"entities":{"hashtags":[{"text":"millionradio","indices":[45,58]}],"symbols":[],"user_mentions":[],"urls":[{"url":"https://t.co/dHudNWH4tP","expanded_url":"http://nico.ms/lv301152370?ref=sharetw","display_url":"nico.ms/lv301152370?re…","indices":[21,44]}],"media":[{"id":888010428604743700,"id_str":"888010428604743681","indices":[59,82],"media_url":"http://pbs.twimg.com/media/DFLYx6nUAAEUunR.jpg","media_url_https":"https://pbs.twimg.com/media/DFLYx6nUAAEUunR.jpg","url":"https://t.co/2PIvroQgna","display_url":"pic.twitter.com/2PIvroQgna","expanded_url":"https://twitter.com/eite21/status/888010629692276736/photo/1","type":"photo","sizes":{"small":{"w":680,"h":579,"resize":"fit"},"large":{"w":1268,"h":1080,"resize":"fit"},"thumb":{"w":150,"h":150,"resize":"crop"},"medium":{"w":1200,"h":1022,"resize":"fit"}}}]},"extended_entities":{"media":[{"id":888010428604743700,"id_str":"888010428604743681","indices":[59,82],"media_url":"http://pbs.twimg.com/media/DFLYx6nUAAEUunR.jpg","media_url_https":"https://pbs.twimg.com/media/DFLYx6nUAAEUunR.jpg","url":"https://t.co/2PIvroQgna","display_url":"pic.twitter.com/2PIvroQgna","expanded_url":"https://twitter.com/eite21/status/888010629692276736/photo/1","type":"photo","sizes":{"small":{"w":680,"h":579,"resize":"fit"},"large":{"w":1268,"h":1080,"resize":"fit"},"thumb":{"w":150,"h":150,"resize":"crop"},"medium":{"w":1200,"h":1022,"resize":"fit"}}}]},"metadata":{"iso_language_code":"ja","result_type":"recent"},"source":"<a href=\"http://twitter.com\" rel=\"nofollow\">Twitter Web Client</a>","in_reply_to_status_id":null,"in_reply_to_status_id_str":null,"in_reply_to_user_id":null,"in_reply_to_user_id_str":null,"in_reply_to_screen_name":null,"user":{"id":126304641,"id_str":"126304641","name":"エイテ２１","screen_name":"eite21","location":"北沢志保公式サイト","description":"ららマジ要素しかありません。プリパラとアイコネむんむんかましたらァ！","url":"https://t.co/gG8qcRZpyf","entities":{"url":{"urls":[{"url":"https://t.co/gG8qcRZpyf","expanded_url":"http://www54.atwiki.jp/ktzw3/","display_url":"www54.atwiki.jp/ktzw3/","indices":[0,23]}]},"description":{"urls":[]}},"protected":false,"followers_count":1363,"friends_count":1908,"listed_count":122,"created_at":"Thu Mar 25 12:32:12 +0000 2010","favourites_count":157888,"utc_offset":32400,"time_zone":"Tokyo","geo_enabled":false,"verified":false,"statuses_count":151824,"lang":"ja","contributors_enabled":false,"is_translator":false,"is_translation_enabled":true,"profile_background_color":"AFA690","profile_background_image_url":"http://pbs.twimg.com/profile_background_images/486166714778779650/iZFg3ovm.png","profile_background_image_url_https":"https://pbs.twimg.com/profile_background_images/486166714778779650/iZFg3ovm.png","profile_background_tile":true,"profile_image_url":"http://pbs.twimg.com/profile_images/881870857294839808/Kic_7c58_normal.jpg","profile_image_url_https":"https://pbs.twimg.com/profile_images/881870857294839808/Kic_7c58_normal.jpg","profile_banner_url":"https://pbs.twimg.com/profile_banners/126304641/1494255154","profile_link_color":"6495CF","profile_sidebar_border_color":"000000","profile_sidebar_fill_color":"DDEEF6","profile_text_color":"333333","profile_use_background_image":true,"has_extended_profile":false,"default_profile":false,"default_profile_image":false,"following":false,"follow_request_sent":false,"notifications":false,"translator_type":"none"},"geo":null,"coordinates":null,"place":null,"contributors":null,"is_quote_status":false,"retweet_count":763,"favorite_count":471,"favorited":false,"retweeted":false,"possibly_sensitive":false,"lang":"ja"},{"created_at":"Thu Jul 20 12:18:35 +0000 2017","id":888010244487389200,"id_str":"888010244487389184","text":"「私が目になり、僕が足になる」\nお互いの足りないものを補い合うのが愛ですよ。 https://t.co/LzjImgyfze","truncated":false,"entities":{"hashtags":[],"symbols":[],"user_mentions":[],"urls":[],"media":[{"id":888010237122273300,"id_str":"888010237122273280","indices":[39,62],"media_url":"http://pbs.twimg.com/media/DFLYmxSVYAAJ_dx.jpg","media_url_https":"https://pbs.twimg.com/media/DFLYmxSVYAAJ_dx.jpg","url":"https://t.co/LzjImgyfze","display_url":"pic.twitter.com/LzjImgyfze","expanded_url":"https://twitter.com/joker_budou/status/888010244487389184/photo/1","type":"photo","sizes":{"small":{"w":680,"h":601,"resize":"fit"},"thumb":{"w":150,"h":150,"resize":"crop"},"medium":{"w":750,"h":663,"resize":"fit"},"large":{"w":750,"h":663,"resize":"fit"}}}]},"extended_entities":{"media":[{"id":888010237122273300,"id_str":"888010237122273280","indices":[39,62],"media_url":"http://pbs.twimg.com/media/DFLYmxSVYAAJ_dx.jpg","media_url_https":"https://pbs.twimg.com/media/DFLYmxSVYAAJ_dx.jpg","url":"https://t.co/LzjImgyfze","display_url":"pic.twitter.com/LzjImgyfze","expanded_url":"https://twitter.com/joker_budou/status/888010244487389184/photo/1","type":"photo","sizes":{"small":{"w":680,"h":601,"resize":"fit"},"thumb":{"w":150,"h":150,"resize":"crop"},"medium":{"w":750,"h":663,"resize":"fit"},"large":{"w":750,"h":663,"resize":"fit"}}}]},"metadata":{"iso_language_code":"ja","result_type":"recent"},"source":"<a href=\"http://twitter.com/download/iphone\" rel=\"nofollow\">Twitter for iPhone</a>","in_reply_to_status_id":null,"in_reply_to_status_id_str":null,"in_reply_to_user_id":null,"in_reply_to_user_id_str":null,"in_reply_to_screen_name":null,"user":{"id":4266191599,"id_str":"4266191599","name":"うたさん","screen_name":"joker_budou","location":"とうきょう","description":"フォローすると幸せになります。Follow Me.","url":null,"entities":{"description":{"urls":[]}},"protected":false,"followers_count":188206,"friends_count":99527,"listed_count":510,"created_at":"Tue Nov 17 09:13:48 +0000 2015","favourites_count":10011,"utc_offset":-25200,"time_zone":"Pacific Time (US & Canada)","geo_enabled":true,"verified":false,"statuses_count":4089,"lang":"ja","contributors_enabled":false,"is_translator":false,"is_translation_enabled":false,"profile_background_color":"C0DEED","profile_background_image_url":"http://abs.twimg.com/images/themes/theme1/bg.png","profile_background_image_url_https":"https://abs.twimg.com/images/themes/theme1/bg.png","profile_background_tile":false,"profile_image_url":"http://pbs.twimg.com/profile_images/825428894207447040/KpiUnrup_normal.jpg","profile_image_url_https":"https://pbs.twimg.com/profile_images/825428894207447040/KpiUnrup_normal.jpg","profile_banner_url":"https://pbs.twimg.com/profile_banners/4266191599/1485632999","profile_link_color":"1DA1F2","profile_sidebar_border_color":"C0DEED","profile_sidebar_fill_color":"DDEEF6","profile_text_color":"333333","profile_use_background_image":true,"has_extended_profile":false,"default_profile":true,"default_profile_image":false,"following":false,"follow_request_sent":false,"notifications":false,"translator_type":"none"},"geo":null,"coordinates":null,"place":null,"contributors":null,"is_quote_status":false,"retweet_count":495,"favorite_count":1848,"favorited":false,"retweeted":false,"possibly_sensitive":false,"lang":"ja"}],"search_metadata":{"completed_in":0.151,"max_id":888016719993651200,"max_id_str":"888016719993651200","next_results":"?max_id=888010244487389183&q=lang%3Aja%20min_retweets%3A500&include_entities=1","query":"lang%3Aja+min_retweets%3A500","refresh_url":"?since_id=888016719993651200&q=lang%3Aja%20min_retweets%3A500&include_entities=1","count":15,"since_id":0,"since_id_str":"0"}}