{"statuses":[{"created_at":"Wed Jul 19 23:20:26 +0000 2017","id":887814416971857900,"id_str":"887814416971857920","text":"【まれに起こる】ロキソニンの「重大な副作用」、厚生労働省が追加を指示\nhttps://t.co/dd5xAx7OuG\n\n小腸・大腸の狭窄・閉塞、簡単に言うと「腸閉塞」のこと。そもそも解熱鎮痛剤は消化性潰瘍を起こす危険性があるという。 https://t.co/kVdNAziSLX","truncated":false,"entities":{"hashtags":[],"symbols":[],"user_mentions":[],"urls":[{"url":"https://t.co/dd5xAx7OuG","expanded_url":"http://news.livedoor.com/article/detail/13359262/","display_url":"news.livedoor.com/article/detail…","indices":[35,58]}],"media":[{"id":887814325397737500,"id_str":"887814325397737474","indices":[117,140],"media_url":"http://pbs.twimg.com/media/DFImbNPV0AI1MFC.jpg","media_url_https":"https://pbs.twimg.com/media/DFImbNPV0AI1MFC.jpg","url":"https://t.co/kVdNAziSLX","display_url":"pic.twitter.com/kVdNAziSLX","expanded_url":"https://twitter.com/livedoornews/status/887814416971857920/photo/1","type":"photo","sizes":{"small":{"w":639,"h":426,"resize":"fit"},"large":{"w":639,"h":426,"resize":"fit"},"thumb":{"w":150,"h":150,"resize":"crop"},"medium":{"w":639,"h":426,"resize":"fit"}}}]},"extended_entities":{"media":[{"id":887814325397737500,"id_str":"887814325397737474","indices":[117,140],"media_url":"http://pbs.twimg.com/media/DFImbNPV0AI1MFC.jpg","media_url_https":"https://pbs.twimg.com/media/DFImbNPV0AI1MFC.jpg","url":"https://t.co/kVdNAziSLX","display_url":"pic.twitter.com/kVdNAziSLX","expanded_url":"https://twitter.com/livedoornews/status/887814416971857920/photo/1","type":"photo","sizes":{"small":{"w":639,"h":426,"resize":"fit"},"large":{"w":639,"h":426,"resize":"fit"},"thumb":{"w":150,"h":150,"resize":"crop"},"medium":{"w":639,"h":426,"resize":"fit"}}}]},"metadata":{"iso_language_code":"ja","result_type":"recent"},"source":"<a href=\"http://twitter.com\" rel=\"nofollow\">Twitter Web Client</a>","in_reply_to_status_id":null,"in_reply_to_status_id_str":null,"in_reply_to_user_id":null,"in_reply_to_user_id_str":null,"in_reply_to_screen_name":null,"user":{"id":17306975,"id_str":"17306975","name":"ライブドアニュース","screen_name":"livedoornews","location":"","description":"LINE →https://t.co/yhJO0o7Jns／FB → https://t.co/LHTCuyIEjr／インスタ／→https://t.co/SpmVgPtfCG","url":"http://t.co/Q4Bh3OCfgY","entities":{"url":{"urls":[{"url":"http://t.co/Q4Bh3OCfgY","expanded_url":"http://news.livedoor.com/","display_url":"news.livedoor.com","indices":[0,22]}]},"description":{"urls":[{"url":"https://t.co/yhJO0o7Jns","expanded_url":"http://goo.gl/upBgKP","display_url":"goo.gl/upBgKP","indices":[6,29]},{"url":"https://t.co/LHTCuyIEjr","expanded_url":"http://goo.gl/nDULhn","display_url":"goo.gl/nDULhn","indices":[35,58]},{"url":"https://t.co/SpmVgPtfCG","expanded_url":"http://goo.gl/cHGD9G","display_url":"goo.gl/cHGD9G","indices":[65,88]}]}},"protected":false,"followers_count":431088,"friends_count":88,"listed_count":6148,"created_at":"Tue Nov 11 09:56:31 +0000 2008","favourites_count":2608,"utc_offset":32400,"time_zone":"Tokyo","geo_enabled":false,"verified":true,"statuses_count":177086,"lang":"ja","contributors_enabled":false,"is_translator":false,"is_translation_enabled":false,"profile_background_color":"FFFFFF","profile_background_image_url":"http://pbs.twimg.com/profile_background_images/378800000085828060/4b07c1d868c917fb65a3d64a20904cd5.jpeg","profile_background_image_url_https":"https://pbs.twimg.com/profile_background_images/378800000085828060/4b07c1d868c917fb65a3d64a20904cd5.jpeg","profile_background_tile":false,"profile_image_url":"http://pbs.twimg.com/profile_images/875662964988166149/whdJTD2I_normal.jpg","profile_image_url_https":"https://pbs.twimg.com/profile_images/875662964988166149/whdJTD2I_normal.jpg","profile_link_color":"51ADD4","profile_sidebar_border_color":"FFFFFF","profile_sidebar_fill_color":"95E8EC","profile_text_color":"3C3940","profile_use_background_image":true,"has_extended_profile":false,"default_profile":false,"default_profile_image":false,"following":false,"follow_request_sent":false,"notifications":false,"translator_type":"none"},"geo":null,"coordinates":null,"place":null,"contributors":null,"is_quote_status":false,"retweet_count":890,"favorite_count":442,"favorited":false,"retweeted":false,"possibly_sensitive":false,"lang":"ja"},{"created_at":"Wed Jul 19 23:18:15 +0000 2017","id":887813869191573500,"id_str":"887813869191573504","text":"最終解禁曲\n#IIDX #SINOBUZ https://t.co/MfxqANBcnA","truncated":false,"entities":{"hashtags":[{"text":"IIDX","indices":[6,11]},{"text":"SINOBUZ","indices":[12,20]}],"symbols":[],"user_mentions":[],"urls":[],"media":[{"id":887813833514917900,"id_str":"887813833514917888","indices":[21,44],"media_url":"http://pbs.twimg.com/media/DFIl-k1VoAA39sz.jpg","media_url_https":"https://pbs.twimg.com/media/DFIl-k1VoAA39sz.jpg","url":"https://t.co/MfxqANBcnA","display_url":"pic.twitter.com/MfxqANBcnA","expanded_url":"https://twitter.com/TORO3767/status/887813869191573504/photo/1","type":"photo","sizes":{"medium":{"w":1024,"h":768,"resize":"fit"},"thumb":{"w":150,"h":150,"resize":"crop"},"small":{"w":680,"h":510,"resize":"fit"},"large":{"w":1024,"h":768,"resize":"fit"}}}]},"extended_entities":{"media":[{"id":887813833514917900,"id_str":"887813833514917888","indices":[21,44],"media_url":"http://pbs.twimg.com/media/DFIl-k1VoAA39sz.jpg","media_url_https":"https://pbs.twimg.com/media/DFIl-k1VoAA39sz.jpg","url":"https://t.co/MfxqANBcnA","display_url":"pic.twitter.com/MfxqANBcnA","expanded_url":"https://twitter.com/TORO3767/status/887813869191573504/photo/1","type":"photo","sizes":{"medium":{"w":1024,"h":768,"resize":"fit"},"thumb":{"w":150,"h":150,"resize":"crop"},"small":{"w":680,"h":510,"resize":"fit"},"large":{"w":1024,"h":768,"resize":"fit"}}},{"id":887813834072703000,"id_str":"887813834072702976","indices":[21,44],"media_url":"http://pbs.twimg.com/media/DFIl-m6UwAAvKuw.jpg","media_url_https":"https://pbs.twimg.com/media/DFIl-m6UwAAvKuw.jpg","url":"https://t.co/MfxqANBcnA","display_url":"pic.twitter.com/MfxqANBcnA","expanded_url":"https://twitter.com/TORO3767/status/887813869191573504/photo/1","type":"photo","sizes":{"small":{"w":680,"h":510,"resize":"fit"},"medium":{"w":1024,"h":768,"resize":"fit"},"thumb":{"w":150,"h":150,"resize":"crop"},"large":{"w":1024,"h":768,"resize":"fit"}}}]},"metadata":{"iso_language_code":"ja","result_type":"recent"},"source":"<a href=\"http://twitter.com/download/iphone\" rel=\"nofollow\">Twitter for iPhone</a>","in_reply_to_status_id":null,"in_reply_to_status_id_str":null,"in_reply_to_user_id":null,"in_reply_to_user_id_str":null,"in_reply_to_screen_name":null,"user":{"id":1540117710,"id_str":"1540117710","name":"TORO","screen_name":"TORO3767","location":"ひるね姫の舞台","description":"音楽が好きで、音ゲーもプレイ(寺がメイン、それ以外は余りしない)。過去に行脚をしていたが、現在は休止中。PENDUAL行脚王ランキング店舗42位/筐体30位。岡山,広島,香川を中心にクラブイベントに良く出没している。DJ,VJへの絡みやイベント告知等が多い。post内容はごった煮。原則としてフォロバはしないので何卒。","url":"https://t.co/DEvAzkA8Gw","entities":{"url":{"urls":[{"url":"https://t.co/DEvAzkA8Gw","expanded_url":"http://twpf.jp/TORO3767","display_url":"twpf.jp/TORO3767","indices":[0,23]}]},"description":{"urls":[]}},"protected":false,"followers_count":326,"friends_count":109,"listed_count":7,"created_at":"Sun Jun 23 04:46:14 +0000 2013","favourites_count":325,"utc_offset":null,"time_zone":null,"geo_enabled":true,"verified":false,"statuses_count":38705,"lang":"ja","contributors_enabled":false,"is_translator":false,"is_translation_enabled":false,"profile_background_color":"89C9FA","profile_background_image_url":"http://pbs.twimg.com/profile_background_images/622110016649064448/walOzUUS.jpg","profile_background_image_url_https":"https://pbs.twimg.com/profile_background_images/622110016649064448/walOzUUS.jpg","profile_background_tile":true,"profile_image_url":"http://pbs.twimg.com/profile_images/576639857159618560/1sjCzM4x_normal.jpeg","profile_image_url_https":"https://pbs.twimg.com/profile_images/576639857159618560/1sjCzM4x_normal.jpeg","profile_banner_url":"https://pbs.twimg.com/profile_banners/1540117710/1398524109","profile_link_color":"3B94D9","profile_sidebar_border_color":"C0DEED","profile_sidebar_fill_color":"DDEEF6","profile_text_color":"333333","profile_use_background_image":true,"has_extended_profile":true,"default_profile":false,"default_profile_image":false,"following":false,"follow_request_sent":false,"notifications":false,"translator_type":"none"},"geo":null,"coordinates":null,"place":null,"contributors":null,"is_quote_status":false,"retweet_count":601,"favorite_count":143,"favorited":false,"retweeted":false,"possibly_sensitive":false,"lang":"ja"},{"created_at":"Wed Jul 19 23:14:31 +0000 2017","id":887812930053349400,"id_str":"887812930053349376","text":"9/6（水）リリースの新曲のタイトルが「キング&amp;クイーン」に決定！\nそして今夜20時から「しまなみテレビ」を放送！もちろん、新曲の話をしっかりお伝えします！お楽しみに！\nhttps://t.co/JgzNBgmUxv\n#ポルノグラフィティ #グラチャンバレー #しまなみテレビ","truncated":false,"entities":{"hashtags":[{"text":"ポルノグラフィティ","indices":[113,123]},{"text":"グラチャンバレー","indices":[124,133]},{"text":"しまなみテレビ","indices":[134,142]}],"symbols":[],"user_mentions":[],"urls":[{"url":"https://t.co/JgzNBgmUxv","expanded_url":"https://www.youtube.com/user/pornograffittiSMEJ?blend=1&ob=0","display_url":"youtube.com/user/pornograf…","indices":[89,112]}]},"metadata":{"iso_language_code":"ja","result_type":"recent"},"source":"<a href=\"http://twitter.com\" rel=\"nofollow\">Twitter Web Client</a>","in_reply_to_status_id":null,"in_reply_to_status_id_str":null,"in_reply_to_user_id":null,"in_reply_to_user_id_str":null,"in_reply_to_screen_name":null,"user":{"id":2889307669,"id_str":"2889307669","name":"ポルノグラフィティ 公式","screen_name":"pg_koushiki","location":"","description":"ポルノグラフィティ公式アカウントです。\n※ポルノグラフィティの全ての情報を掲載しているわけではありません。必ずオフィシャルサイトにてご確認下さい。※オンエア情報などは、地域によって日時が異なる場合があります。\n※深夜に更新する場合もありますので、ご了承下さい。※こちらにお問い合わせを頂いても、お答えはできません。","url":"http://t.co/bLp1lcgK4g","entities":{"url":{"urls":[{"url":"http://t.co/bLp1lcgK4g","expanded_url":"http://www.pornograffitti.jp","display_url":"pornograffitti.jp","indices":[0,22]}]},"description":{"urls":[]}},"protected":false,"followers_count":81648,"friends_count":3,"listed_count":841,"created_at":"Tue Nov 04 02:52:29 +0000 2014","favourites_count":0,"utc_offset":null,"time_zone":null,"geo_enabled":false,"verified":true,"statuses_count":1012,"lang":"ja","contributors_enabled":false,"is_translator":false,"is_translation_enabled":false,"profile_background_color":"C0DEED","profile_background_image_url":"http://abs.twimg.com/images/themes/theme1/bg.png","profile_background_image_url_https":"https://abs.twimg.com/images/themes/theme1/bg.png","profile_background_tile":false,"profile_image_url":"http://pbs.twimg.com/profile_images/786138712396619776/NPZtpsyt_normal.jpg","profile_image_url_https":"https://pbs.twimg.com/profile_images/786138712396619776/NPZtpsyt_normal.jpg","profile_banner_url":"https://pbs.twimg.com/profile_banners/2889307669/1484202726","profile_link_color":"1DA1F2","profile_sidebar_border_color":"C0DEED","profile_sidebar_fill_color":"DDEEF6","profile_text_color":"333333","profile_use_background_image":true,"has_extended_profile":true,"default_profile":true,"default_profile_image":false,"following":false,"follow_request_sent":false,"notifications":false,"translator_type":"none"},"geo":null,"coordinates":null,"place":null,"contributors":null,"is_quote_status":false,"retweet_count":680,"favorite_count":959,"favorited":false,"retweeted":false,"possibly_sensitive":false,"lang":"ja"},{"created_at":"Wed Jul 19 23:13:12 +0000 2017","id":887812595876470800,"id_str":"887812595876470784","text":"スマホの待ち受けに欲しい！って方いたので作ってみました〜！\n\nFF14アイドルとしてこれからは活動して行きますw https://t.co/ZJbzTPPndA","truncated":false,"entities":{"hashtags":[],"symbols":[],"user_mentions":[],"urls":[],"media":[{"id":887812215906066400,"id_str":"887812215906066432","indices":[57,80],"media_url":"http://pbs.twimg.com/media/DFIkgaxVYAAeg_i.jpg","media_url_https":"https://pbs.twimg.com/media/DFIkgaxVYAAeg_i.jpg","url":"https://t.co/ZJbzTPPndA","display_url":"pic.twitter.com/ZJbzTPPndA","expanded_url":"https://twitter.com/RE_TWIT_TERU/status/887812595876470784/photo/1","type":"photo","sizes":{"large":{"w":909,"h":1486,"resize":"fit"},"small":{"w":416,"h":680,"resize":"fit"},"thumb":{"w":150,"h":150,"resize":"crop"},"medium":{"w":734,"h":1200,"resize":"fit"}}}]},"extended_entities":{"media":[{"id":887812215906066400,"id_str":"887812215906066432","indices":[57,80],"media_url":"http://pbs.twimg.com/media/DFIkgaxVYAAeg_i.jpg","media_url_https":"https://pbs.twimg.com/media/DFIkgaxVYAAeg_i.jpg","url":"https://t.co/ZJbzTPPndA","display_url":"pic.twitter.com/ZJbzTPPndA","expanded_url":"https://twitter.com/RE_TWIT_TERU/status/887812595876470784/photo/1","type":"photo","sizes":{"large":{"w":909,"h":1486,"resize":"fit"},"small":{"w":416,"h":680,"resize":"fit"},"thumb":{"w":150,"h":150,"resize":"crop"},"medium":{"w":734,"h":1200,"resize":"fit"}}}]},"metadata":{"iso_language_code":"ja","result_type":"recent"},"source":"<a href=\"http://twitter.com\" rel=\"nofollow\">Twitter Web Client</a>","in_reply_to_status_id":null,"in_reply_to_status_id_str":null,"in_reply_to_user_id":null,"in_reply_to_user_id_str":null,"in_reply_to_screen_name":null,"user":{"id":247523145,"id_str":"247523145","name":"MUKKY♡QUEEN","screen_name":"RE_TWIT_TERU","location":"JAPAN","description":"ゲーム専用TERU垢 目指すはFF14アイドル \n/アウラのアイドルグループ/\nズラコレ GLAY  FF14 Copyright (C) 2010 - 2017 SQUARE ENIX CO., LTD. All Rights Reserved.  MONSTER HUNTER COPCOM  他、色々呟きます。","url":"https://t.co/KrjGhzdgsD","entities":{"url":{"urls":[{"url":"https://t.co/KrjGhzdgsD","expanded_url":"http://www.glay.co.jp/","display_url":"glay.co.jp","indices":[0,23]}]},"description":{"urls":[]}},"protected":false,"followers_count":79617,"friends_count":19,"listed_count":1156,"created_at":"Sat Feb 05 00:03:33 +0000 2011","favourites_count":1,"utc_offset":null,"time_zone":null,"geo_enabled":false,"verified":false,"statuses_count":1294,"lang":"ja","contributors_enabled":false,"is_translator":false,"is_translation_enabled":false,"profile_background_color":"C0DEED","profile_background_image_url":"http://abs.twimg.com/images/themes/theme1/bg.png","profile_background_image_url_https":"https://abs.twimg.com/images/themes/theme1/bg.png","profile_background_tile":false,"profile_image_url":"http://pbs.twimg.com/profile_images/886064178053521408/Za_woWR8_normal.jpg","profile_image_url_https":"https://pbs.twimg.com/profile_images/886064178053521408/Za_woWR8_normal.jpg","profile_banner_url":"https://pbs.twimg.com/profile_banners/247523145/1500425634","profile_link_color":"1DA1F2","profile_sidebar_border_color":"C0DEED","profile_sidebar_fill_color":"DDEEF6","profile_text_color":"333333","profile_use_background_image":true,"has_extended_profile":false,"default_profile":true,"default_profile_image":false,"following":false,"follow_request_sent":false,"notifications":false,"translator_type":"none"},"geo":null,"coordinates":null,"place":null,"contributors":null,"is_quote_status":false,"retweet_count":573,"favorite_count":1015,"favorited":false,"retweeted":false,"possibly_sensitive":false,"lang":"ja"},{"created_at":"Wed Jul 19 23:11:00 +0000 2017","id":887812042052182000,"id_str":"887812042052182017","text":"1位 ふたご座♊️\n手詰まりの物事が好転し大チャンス。\n多くの友人に相談する積極性がカギ。\n\n🌟ラッキーポイント🌟\n『スポーツサングラス』","truncated":false,"entities":{"hashtags":[],"symbols":[],"user_mentions":[],"urls":[]},"metadata":{"iso_language_code":"ja","result_type":"recent"},"source":"<a href=\"http://saikyo-tweet.com\" rel=\"nofollow\">mezauranai_bot</a>","in_reply_to_status_id":null,"in_reply_to_status_id_str":null,"in_reply_to_user_id":null,"in_reply_to_user_id_str":null,"in_reply_to_screen_name":null,"user":{"id":1557821088,"id_str":"1557821088","name":"めざまし占い","screen_name":"mezauranai","location":"","description":"","url":null,"entities":{"description":{"urls":[]}},"protected":false,"followers_count":362087,"friends_count":0,"listed_count":389,"created_at":"Sun Jun 30 11:21:35 +0000 2013","favourites_count":1,"utc_offset":-25200,"time_zone":"Pacific Time (US & Canada)","geo_enabled":false,"verified":false,"statuses_count":12193,"lang":"ja","contributors_enabled":false,"is_translator":false,"is_translation_enabled":false,"profile_background_color":"000000","profile_background_image_url":"http://abs.twimg.com/images/themes/theme1/bg.png","profile_background_image_url_https":"https://abs.twimg.com/images/themes/theme1/bg.png","profile_background_tile":false,"profile_image_url":"http://pbs.twimg.com/profile_images/378800000067564782/8b611be3582aaa90ff478a41eff85cc4_normal.png","profile_image_url_https":"https://pbs.twimg.com/profile_images/378800000067564782/8b611be3582aaa90ff478a41eff85cc4_normal.png","profile_link_color":"C9191C","profile_sidebar_border_color":"000000","profile_sidebar_fill_color":"000000","profile_text_color":"000000","profile_use_background_image":false,"has_extended_profile":false,"default_profile":false,"default_profile_image":false,"following":false,"follow_request_sent":false,"notifications":false,"translator_type":"none"},"geo":null,"coordinates":null,"place":null,"contributors":null,"is_quote_status":false,"retweet_count":1966,"favorite_count":2819,"favorited":false,"retweeted":false,"lang":"ja"},{"created_at":"Wed Jul 19 23:10:54 +0000 2017","id":887812019906326500,"id_str":"887812019906326529","text":"2位 てんびん座♎️\n夢の実現に向けて一歩前進。\n頼れる人と会話が弾みそう。\n\n🌟ラッキーポイント🌟\n『絶景の写真』","truncated":false,"entities":{"hashtags":[],"symbols":[],"user_mentions":[],"urls":[]},"metadata":{"iso_language_code":"ja","result_type":"recent"},"source":"<a href=\"http://saikyo-tweet.com\" rel=\"nofollow\">mezauranai_bot</a>","in_reply_to_status_id":null,"in_reply_to_status_id_str":null,"in_reply_to_user_id":null,"in_reply_to_user_id_str":null,"in_reply_to_screen_name":null,"user":{"id":1557821088,"id_str":"1557821088","name":"めざまし占い","screen_name":"mezauranai","location":"","description":"","url":null,"entities":{"description":{"urls":[]}},"protected":false,"followers_count":362087,"friends_count":0,"listed_count":389,"created_at":"Sun Jun 30 11:21:35 +0000 2013","favourites_count":1,"utc_offset":-25200,"time_zone":"Pacific Time (US & Canada)","geo_enabled":false,"verified":false,"statuses_count":12193,"lang":"ja","contributors_enabled":false,"is_translator":false,"is_translation_enabled":false,"profile_background_color":"000000","profile_background_image_url":"http://abs.twimg.com/images/themes/theme1/bg.png","profile_background_image_url_https":"https://abs.twimg.com/images/themes/theme1/bg.png","profile_background_tile":false,"profile_image_url":"http://pbs.twimg.com/profile_images/378800000067564782/8b611be3582aaa90ff478a41eff85cc4_normal.png","profile_image_url_https":"https://pbs.twimg.com/profile_images/378800000067564782/8b611be3582aaa90ff478a41eff85cc4_normal.png","profile_link_color":"C9191C","profile_sidebar_border_color":"000000","profile_sidebar_fill_color":"000000","profile_text_color":"000000","profile_use_background_image":false,"has_extended_profile":false,"default_profile":false,"default_profile_image":false,"following":false,"follow_request_sent":false,"notifications":false,"translator_type":"none"},"geo":null,"coordinates":null,"place":null,"contributors":null,"is_quote_status":false,"retweet_count":1044,"favorite_count":2074,"favorited":false,"retweeted":false,"lang":"ja"},{"created_at":"Wed Jul 19 23:10:49 +0000 2017","id":887811997856743400,"id_str":"887811997856743424","text":"3位 みずがめ座♒️\n幸せな出来事が訪れ満足。\n高い場所を訪問すると◎\n\n🌟ラッキーポイント🌟\n『英英辞書』","truncated":false,"entities":{"hashtags":[],"symbols":[],"user_mentions":[],"urls":[]},"metadata":{"iso_language_code":"ja","result_type":"recent"},"source":"<a href=\"http://saikyo-tweet.com\" rel=\"nofollow\">mezauranai_bot</a>","in_reply_to_status_id":null,"in_reply_to_status_id_str":null,"in_reply_to_user_id":null,"in_reply_to_user_id_str":null,"in_reply_to_screen_name":null,"user":{"id":1557821088,"id_str":"1557821088","name":"めざまし占い","screen_name":"mezauranai","location":"","description":"","url":null,"entities":{"description":{"urls":[]}},"protected":false,"followers_count":362087,"friends_count":0,"listed_count":389,"created_at":"Sun Jun 30 11:21:35 +0000 2013","favourites_count":1,"utc_offset":-25200,"time_zone":"Pacific Time (US & Canada)","geo_enabled":false,"verified":false,"statuses_count":12193,"lang":"ja","contributors_enabled":false,"is_translator":false,"is_translation_enabled":false,"profile_background_color":"000000","profile_background_image_url":"http://abs.twimg.com/images/themes/theme1/bg.png","profile_background_image_url_https":"https://abs.twimg.com/images/themes/theme1/bg.png","profile_background_tile":false,"profile_image_url":"http://pbs.twimg.com/profile_images/378800000067564782/8b611be3582aaa90ff478a41eff85cc4_normal.png","profile_image_url_https":"https://pbs.twimg.com/profile_images/378800000067564782/8b611be3582aaa90ff478a41eff85cc4_normal.png","profile_link_color":"C9191C","profile_sidebar_border_color":"000000","profile_sidebar_fill_color":"000000","profile_text_color":"000000","profile_use_background_image":false,"has_extended_profile":false,"default_profile":false,"default_profile_image":false,"following":false,"follow_request_sent":false,"notifications":false,"translator_type":"none"},"geo":null,"coordinates":null,"place":null,"contributors":null,"is_quote_status":false,"retweet_count":1108,"favorite_count":2144,"favorited":false,"retweeted":false,"lang":"ja"},{"created_at":"Wed Jul 19 23:10:44 +0000 2017","id":887811975899529200,"id_str":"887811975899529216","text":"4位 おひつじ座♈️\n実力以上の能力を発揮。\n少し強気な目標に挑戦。\n\n🌟ラッキーポイント🌟\n『長い名前のお店』","truncated":false,"entities":{"hashtags":[],"symbols":[],"user_mentions":[],"urls":[]},"metadata":{"iso_language_code":"ja","result_type":"recent"},"source":"<a href=\"http://saikyo-tweet.com\" rel=\"nofollow\">mezauranai_bot</a>","in_reply_to_status_id":null,"in_reply_to_status_id_str":null,"in_reply_to_user_id":null,"in_reply_to_user_id_str":null,"in_reply_to_screen_name":null,"user":{"id":1557821088,"id_str":"1557821088","name":"めざまし占い","screen_name":"mezauranai","location":"","description":"","url":null,"entities":{"description":{"urls":[]}},"protected":false,"followers_count":362087,"friends_count":0,"listed_count":389,"created_at":"Sun Jun 30 11:21:35 +0000 2013","favourites_count":1,"utc_offset":-25200,"time_zone":"Pacific Time (US & Canada)","geo_enabled":false,"verified":false,"statuses_count":12193,"lang":"ja","contributors_enabled":false,"is_translator":false,"is_translation_enabled":false,"profile_background_color":"000000","profile_background_image_url":"http://abs.twimg.com/images/themes/theme1/bg.png","profile_background_image_url_https":"https://abs.twimg.com/images/themes/theme1/bg.png","profile_background_tile":false,"profile_image_url":"http://pbs.twimg.com/profile_images/378800000067564782/8b611be3582aaa90ff478a41eff85cc4_normal.png","profile_image_url_https":"https://pbs.twimg.com/profile_images/378800000067564782/8b611be3582aaa90ff478a41eff85cc4_normal.png","profile_link_color":"C9191C","profile_sidebar_border_color":"000000","profile_sidebar_fill_color":"000000","profile_text_color":"000000","profile_use_background_image":false,"has_extended_profile":false,"default_profile":false,"default_profile_image":false,"following":false,"follow_request_sent":false,"notifications":false,"translator_type":"none"},"geo":null,"coordinates":null,"place":null,"contributors":null,"is_quote_status":false,"retweet_count":595,"favorite_count":1228,"favorited":false,"retweeted":false,"lang":"ja"},{"created_at":"Wed Jul 19 23:10:39 +0000 2017","id":887811953959157800,"id_str":"887811953959157760","text":"5位 しし座♌️\n気さくな対応で人気が上昇。\n緊張しても笑顔を忘れずに。\n\n🌟ラッキーポイント🌟\n『夜景スポット』","truncated":false,"entities":{"hashtags":[],"symbols":[],"user_mentions":[],"urls":[]},"metadata":{"iso_language_code":"ja","result_type":"recent"},"source":"<a href=\"http://saikyo-tweet.com\" rel=\"nofollow\">mezauranai_bot</a>","in_reply_to_status_id":null,"in_reply_to_status_id_str":null,"in_reply_to_user_id":null,"in_reply_to_user_id_str":null,"in_reply_to_screen_name":null,"user":{"id":1557821088,"id_str":"1557821088","name":"めざまし占い","screen_name":"mezauranai","location":"","description":"","url":null,"entities":{"description":{"urls":[]}},"protected":false,"followers_count":362087,"friends_count":0,"listed_count":389,"created_at":"Sun Jun 30 11:21:35 +0000 2013","favourites_count":1,"utc_offset":-25200,"time_zone":"Pacific Time (US & Canada)","geo_enabled":false,"verified":false,"statuses_count":12193,"lang":"ja","contributors_enabled":false,"is_translator":false,"is_translation_enabled":false,"profile_background_color":"000000","profile_background_image_url":"http://abs.twimg.com/images/themes/theme1/bg.png","profile_background_image_url_https":"https://abs.twimg.com/images/themes/theme1/bg.png","profile_background_tile":false,"profile_image_url":"http://pbs.twimg.com/profile_images/378800000067564782/8b611be3582aaa90ff478a41eff85cc4_normal.png","profile_image_url_https":"https://pbs.twimg.com/profile_images/378800000067564782/8b611be3582aaa90ff478a41eff85cc4_normal.png","profile_link_color":"C9191C","profile_sidebar_border_color":"000000","profile_sidebar_fill_color":"000000","profile_text_color":"000000","profile_use_background_image":false,"has_extended_profile":false,"default_profile":false,"default_profile_image":false,"following":false,"follow_request_sent":false,"notifications":false,"translator_type":"none"},"geo":null,"coordinates":null,"place":null,"contributors":null,"is_quote_status":false,"retweet_count":621,"favorite_count":1307,"favorited":false,"retweeted":false,"lang":"ja"},{"created_at":"Wed Jul 19 23:10:12 +0000 2017","id":887811843766444000,"id_str":"887811843766444032","text":"10位 うお座♓️\nイライラを引きずる１日。\n冷たい飲み物で気分転換。\n\n🌟ラッキーポイント🌟\n『鏡』","truncated":false,"entities":{"hashtags":[],"symbols":[],"user_mentions":[],"urls":[]},"metadata":{"iso_language_code":"ja","result_type":"recent"},"source":"<a href=\"http://saikyo-tweet.com\" rel=\"nofollow\">mezauranai_bot</a>","in_reply_to_status_id":null,"in_reply_to_status_id_str":null,"in_reply_to_user_id":null,"in_reply_to_user_id_str":null,"in_reply_to_screen_name":null,"user":{"id":1557821088,"id_str":"1557821088","name":"めざまし占い","screen_name":"mezauranai","location":"","description":"","url":null,"entities":{"description":{"urls":[]}},"protected":false,"followers_count":362087,"friends_count":0,"listed_count":389,"created_at":"Sun Jun 30 11:21:35 +0000 2013","favourites_count":1,"utc_offset":-25200,"time_zone":"Pacific Time (US & Canada)","geo_enabled":false,"verified":false,"statuses_count":12193,"lang":"ja","contributors_enabled":false,"is_translator":false,"is_translation_enabled":false,"profile_background_color":"000000","profile_background_image_url":"http://abs.twimg.com/images/themes/theme1/bg.png","profile_background_image_url_https":"https://abs.twimg.com/images/themes/theme1/bg.png","profile_background_tile":false,"profile_image_url":"http://pbs.twimg.com/profile_images/378800000067564782/8b611be3582aaa90ff478a41eff85cc4_normal.png","profile_image_url_https":"https://pbs.twimg.com/profile_images/378800000067564782/8b611be3582aaa90ff478a41eff85cc4_normal.png","profile_link_color":"C9191C","profile_sidebar_border_color":"000000","profile_sidebar_fill_color":"000000","profile_text_color":"000000","profile_use_background_image":false,"has_extended_profile":false,"default_profile":false,"default_profile_image":false,"following":false,"follow_request_sent":false,"notifications":false,"translator_type":"none"},"geo":null,"coordinates":null,"place":null,"contributors":null,"is_quote_status":false,"retweet_count":702,"favorite_count":1315,"favorited":false,"retweeted":false,"lang":"ja"},{"created_at":"Wed Jul 19 23:10:02 +0000 2017","id":887811799852105700,"id_str":"887811799852105728","text":"12位 おとめ座♍️\n頑固な考え方が原因で周囲から孤立。\n意地を張らずに力を抜くことが肝心。\n\n🌟ラッキーポイント🌟\n『扇風機』","truncated":false,"entities":{"hashtags":[],"symbols":[],"user_mentions":[],"urls":[]},"metadata":{"iso_language_code":"ja","result_type":"recent"},"source":"<a href=\"http://saikyo-tweet.com\" rel=\"nofollow\">mezauranai_bot</a>","in_reply_to_status_id":null,"in_reply_to_status_id_str":null,"in_reply_to_user_id":null,"in_reply_to_user_id_str":null,"in_reply_to_screen_name":null,"user":{"id":1557821088,"id_str":"1557821088","name":"めざまし占い","screen_name":"mezauranai","location":"","description":"","url":null,"entities":{"description":{"urls":[]}},"protected":false,"followers_count":362087,"friends_count":0,"listed_count":389,"created_at":"Sun Jun 30 11:21:35 +0000 2013","favourites_count":1,"utc_offset":-25200,"time_zone":"Pacific Time (US & Canada)","geo_enabled":false,"verified":false,"statuses_count":12193,"lang":"ja","contributors_enabled":false,"is_translator":false,"is_translation_enabled":false,"profile_background_color":"000000","profile_background_image_url":"http://abs.twimg.com/images/themes/theme1/bg.png","profile_background_image_url_https":"https://abs.twimg.com/images/themes/theme1/bg.png","profile_background_tile":false,"profile_image_url":"http://pbs.twimg.com/profile_images/378800000067564782/8b611be3582aaa90ff478a41eff85cc4_normal.png","profile_image_url_https":"https://pbs.twimg.com/profile_images/378800000067564782/8b611be3582aaa90ff478a41eff85cc4_normal.png","profile_link_color":"C9191C","profile_sidebar_border_color":"000000","profile_sidebar_fill_color":"000000","profile_text_color":"000000","profile_use_background_image":false,"has_extended_profile":false,"default_profile":false,"default_profile_image":false,"following":false,"follow_request_sent":false,"notifications":false,"translator_type":"none"},"geo":null,"coordinates":null,"place":null,"contributors":null,"is_quote_status":false,"retweet_count":798,"favorite_count":1320,"favorited":false,"retweeted":false,"lang":"ja"},{"created_at":"Wed Jul 19 23:08:32 +0000 2017","id":887811422037581800,"id_str":"887811422037581824","text":"二宮飛鳥が神対応に挑戦した結果 https://t.co/2nwHfUA465","truncated":false,"entities":{"hashtags":[],"symbols":[],"user_mentions":[],"urls":[],"media":[{"id":887810790639542300,"id_str":"887810790639542272","indices":[16,39],"media_url":"http://pbs.twimg.com/media/DFIjNdPUIAA2bP5.jpg","media_url_https":"https://pbs.twimg.com/media/DFIjNdPUIAA2bP5.jpg","url":"https://t.co/2nwHfUA465","display_url":"pic.twitter.com/2nwHfUA465","expanded_url":"https://twitter.com/Tara_831/status/887811422037581824/photo/1","type":"photo","sizes":{"medium":{"w":655,"h":1200,"resize":"fit"},"large":{"w":800,"h":1465,"resize":"fit"},"thumb":{"w":150,"h":150,"resize":"crop"},"small":{"w":371,"h":680,"resize":"fit"}}}]},"extended_entities":{"media":[{"id":887810790639542300,"id_str":"887810790639542272","indices":[16,39],"media_url":"http://pbs.twimg.com/media/DFIjNdPUIAA2bP5.jpg","media_url_https":"https://pbs.twimg.com/media/DFIjNdPUIAA2bP5.jpg","url":"https://t.co/2nwHfUA465","display_url":"pic.twitter.com/2nwHfUA465","expanded_url":"https://twitter.com/Tara_831/status/887811422037581824/photo/1","type":"photo","sizes":{"medium":{"w":655,"h":1200,"resize":"fit"},"large":{"w":800,"h":1465,"resize":"fit"},"thumb":{"w":150,"h":150,"resize":"crop"},"small":{"w":371,"h":680,"resize":"fit"}}}]},"metadata":{"iso_language_code":"ja","result_type":"recent"},"source":"<a href=\"http://twitter.com\" rel=\"nofollow\">Twitter Web Client</a>","in_reply_to_status_id":null,"in_reply_to_status_id_str":null,"in_reply_to_user_id":null,"in_reply_to_user_id_str":null,"in_reply_to_screen_name":null,"user":{"id":557689903,"id_str":"557689903","name":"たらちね@3日目東ト04a","screen_name":"Tara_831","location":"","description":"たらちねです！二宮飛鳥激推し中。https://t.co/42cCoav6BF","url":null,"entities":{"description":{"urls":[{"url":"https://t.co/42cCoav6BF","expanded_url":"http://www.pixiv.net/member.php?id=988588","display_url":"pixiv.net/member.php?id=…","indices":[16,39]}]}},"protected":false,"followers_count":21858,"friends_count":32,"listed_count":749,"created_at":"Thu Apr 19 12:51:10 +0000 2012","favourites_count":791,"utc_offset":-25200,"time_zone":"Arizona","geo_enabled":false,"verified":false,"statuses_count":42700,"lang":"ja","contributors_enabled":false,"is_translator":false,"is_translation_enabled":false,"profile_background_color":"C0DEED","profile_background_image_url":"http://pbs.twimg.com/profile_background_images/481447704766054401/4gbtzABi.png","profile_background_image_url_https":"https://pbs.twimg.com/profile_background_images/481447704766054401/4gbtzABi.png","profile_background_tile":true,"profile_image_url":"http://pbs.twimg.com/profile_images/875387093685379072/F2uJHCb1_normal.jpg","profile_image_url_https":"https://pbs.twimg.com/profile_images/875387093685379072/F2uJHCb1_normal.jpg","profile_banner_url":"https://pbs.twimg.com/profile_banners/557689903/1483973528","profile_link_color":"FF9514","profile_sidebar_border_color":"FFFFFF","profile_sidebar_fill_color":"DDEEF6","profile_text_color":"333333","profile_use_background_image":true,"has_extended_profile":true,"default_profile":false,"default_profile_image":false,"following":false,"follow_request_sent":false,"notifications":false,"translator_type":"none"},"geo":null,"coordinates":null,"place":null,"contributors":null,"is_quote_status":false,"retweet_count":608,"favorite_count":947,"favorited":false,"retweeted":false,"possibly_sensitive":false,"lang":"ja"},{"created_at":"Wed Jul 19 23:04:48 +0000 2017","id":887810484191117300,"id_str":"887810484191117312","text":"【買うしか】「鋼の錬金術師×サンリオ」、キュートなプロジェクトを発表\nhttps://t.co/IVzpRlHbaW\n\nかわいくデフォルメされた『ハガレン』キャラのグッズ化が決定。雑貨、アパレル、文具などの商品が今秋に発売される。 https://t.co/n4AnKZyyxB","truncated":false,"entities":{"hashtags":[],"symbols":[],"user_mentions":[],"urls":[{"url":"https://t.co/IVzpRlHbaW","expanded_url":"http://news.livedoor.com/article/detail/13359315/","display_url":"news.livedoor.com/article/detail…","indices":[35,58]}],"media":[{"id":887810346781614100,"id_str":"887810346781614081","indices":[116,139],"media_url":"http://pbs.twimg.com/media/DFIiznvVoAESh1c.jpg","media_url_https":"https://pbs.twimg.com/media/DFIiznvVoAESh1c.jpg","url":"https://t.co/n4AnKZyyxB","display_url":"pic.twitter.com/n4AnKZyyxB","expanded_url":"https://twitter.com/livedoornews/status/887810484191117312/photo/1","type":"photo","sizes":{"thumb":{"w":150,"h":150,"resize":"crop"},"medium":{"w":1198,"h":1168,"resize":"fit"},"large":{"w":1198,"h":1168,"resize":"fit"},"small":{"w":680,"h":663,"resize":"fit"}}}]},"extended_entities":{"media":[{"id":887810346781614100,"id_str":"887810346781614081","indices":[116,139],"media_url":"http://pbs.twimg.com/media/DFIiznvVoAESh1c.jpg","media_url_https":"https://pbs.twimg.com/media/DFIiznvVoAESh1c.jpg","url":"https://t.co/n4AnKZyyxB","display_url":"pic.twitter.com/n4AnKZyyxB","expanded_url":"https://twitter.com/livedoornews/status/887810484191117312/photo/1","type":"photo","sizes":{"thumb":{"w":150,"h":150,"resize":"crop"},"medium":{"w":1198,"h":1168,"resize":"fit"},"large":{"w":1198,"h":1168,"resize":"fit"},"small":{"w":680,"h":663,"resize":"fit"}}}]},"metadata":{"iso_language_code":"ja","result_type":"recent"},"source":"<a href=\"http://twitter.com\" rel=\"nofollow\">Twitter Web Client</a>","in_reply_to_status_id":null,"in_reply_to_status_id_str":null,"in_reply_to_user_id":null,"in_reply_to_user_id_str":null,"in_reply_to_screen_name":null,"user":{"id":17306975,"id_str":"17306975","name":"ライブドアニュース","screen_name":"livedoornews","location":"","description":"LINE →https://t.co/yhJO0o7Jns／FB → https://t.co/LHTCuyIEjr／インスタ／→https://t.co/SpmVgPtfCG","url":"http://t.co/Q4Bh3OCfgY","entities":{"url":{"urls":[{"url":"http://t.co/Q4Bh3OCfgY","expanded_url":"http://news.livedoor.com/","display_url":"news.livedoor.com","indices":[0,22]}]},"description":{"urls":[{"url":"https://t.co/yhJO0o7Jns","expanded_url":"http://goo.gl/upBgKP","display_url":"goo.gl/upBgKP","indices":[6,29]},{"url":"https://t.co/LHTCuyIEjr","expanded_url":"http://goo.gl/nDULhn","display_url":"goo.gl/nDULhn","indices":[35,58]},{"url":"https://t.co/SpmVgPtfCG","expanded_url":"http://goo.gl/cHGD9G","display_url":"goo.gl/cHGD9G","indices":[65,88]}]}},"protected":false,"followers_count":431088,"friends_count":88,"listed_count":6148,"created_at":"Tue Nov 11 09:56:31 +0000 2008","favourites_count":2608,"utc_offset":32400,"time_zone":"Tokyo","geo_enabled":false,"verified":true,"statuses_count":177086,"lang":"ja","contributors_enabled":false,"is_translator":false,"is_translation_enabled":false,"profile_background_color":"FFFFFF","profile_background_image_url":"http://pbs.twimg.com/profile_background_images/378800000085828060/4b07c1d868c917fb65a3d64a20904cd5.jpeg","profile_background_image_url_https":"https://pbs.twimg.com/profile_background_images/378800000085828060/4b07c1d868c917fb65a3d64a20904cd5.jpeg","profile_background_tile":false,"profile_image_url":"http://pbs.twimg.com/profile_images/875662964988166149/whdJTD2I_normal.jpg","profile_image_url_https":"https://pbs.twimg.com/profile_images/875662964988166149/whdJTD2I_normal.jpg","profile_link_color":"51ADD4","profile_sidebar_border_color":"FFFFFF","profile_sidebar_fill_color":"95E8EC","profile_text_color":"3C3940","profile_use_background_image":true,"has_extended_profile":false,"default_profile":false,"default_profile_image":false,"following":false,"follow_request_sent":false,"notifications":false,"translator_type":"none"},"geo":null,"coordinates":null,"place":null,"contributors":null,"is_quote_status":false,"retweet_count":622,"favorite_count":824,"favorited":false,"retweeted":false,"possibly_sensitive":false,"lang":"ja"},{"created_at":"Wed Jul 19 23:00:23 +0000 2017","id":887809372549652500,"id_str":"887809372549652480","text":"【ライラックニシブッポウソウ】\n\n14色からなる羽で覆われるカラフルな鳥。\n 36~40cmの小柄な鳥で、樹木のてっぺんに止まっていることが多く、見つけるのはとても簡単だそうです。 https://t.co/bl55fPWJTP","truncated":false,"entities":{"hashtags":[],"symbols":[],"user_mentions":[],"urls":[],"media":[{"id":887809318405328900,"id_str":"887809318405328896","indices":[91,114],"media_url":"http://pbs.twimg.com/media/DFIh3wvU0AARMyt.jpg","media_url_https":"https://pbs.twimg.com/media/DFIh3wvU0AARMyt.jpg","url":"https://t.co/bl55fPWJTP","display_url":"pic.twitter.com/bl55fPWJTP","expanded_url":"https://twitter.com/nidomi_bea/status/887809372549652480/photo/1","type":"photo","sizes":{"thumb":{"w":150,"h":150,"resize":"crop"},"small":{"w":680,"h":452,"resize":"fit"},"medium":{"w":1024,"h":680,"resize":"fit"},"large":{"w":1024,"h":680,"resize":"fit"}}}]},"extended_entities":{"media":[{"id":887809318405328900,"id_str":"887809318405328896","indices":[91,114],"media_url":"http://pbs.twimg.com/media/DFIh3wvU0AARMyt.jpg","media_url_https":"https://pbs.twimg.com/media/DFIh3wvU0AARMyt.jpg","url":"https://t.co/bl55fPWJTP","display_url":"pic.twitter.com/bl55fPWJTP","expanded_url":"https://twitter.com/nidomi_bea/status/887809372549652480/photo/1","type":"photo","sizes":{"thumb":{"w":150,"h":150,"resize":"crop"},"small":{"w":680,"h":452,"resize":"fit"},"medium":{"w":1024,"h":680,"resize":"fit"},"large":{"w":1024,"h":680,"resize":"fit"}}},{"id":887809346758860800,"id_str":"887809346758860800","indices":[91,114],"media_url":"http://pbs.twimg.com/media/DFIh5aXVYAAkwuy.jpg","media_url_https":"https://pbs.twimg.com/media/DFIh5aXVYAAkwuy.jpg","url":"https://t.co/bl55fPWJTP","display_url":"pic.twitter.com/bl55fPWJTP","expanded_url":"https://twitter.com/nidomi_bea/status/887809372549652480/photo/1","type":"photo","sizes":{"medium":{"w":1200,"h":800,"resize":"fit"},"small":{"w":680,"h":453,"resize":"fit"},"large":{"w":2048,"h":1366,"resize":"fit"},"thumb":{"w":150,"h":150,"resize":"crop"}}},{"id":887809364039422000,"id_str":"887809364039421952","indices":[91,114],"media_url":"http://pbs.twimg.com/media/DFIh6avV0AAwpO7.jpg","media_url_https":"https://pbs.twimg.com/media/DFIh6avV0AAwpO7.jpg","url":"https://t.co/bl55fPWJTP","display_url":"pic.twitter.com/bl55fPWJTP","expanded_url":"https://twitter.com/nidomi_bea/status/887809372549652480/photo/1","type":"photo","sizes":{"small":{"w":635,"h":450,"resize":"fit"},"thumb":{"w":150,"h":150,"resize":"crop"},"medium":{"w":635,"h":450,"resize":"fit"},"large":{"w":635,"h":450,"resize":"fit"}}}]},"metadata":{"iso_language_code":"ja","result_type":"recent"},"source":"<a href=\"https://twitter.com/eueu333e\" rel=\"nofollow\">welcre</a>","in_reply_to_status_id":null,"in_reply_to_status_id_str":null,"in_reply_to_user_id":null,"in_reply_to_user_id_str":null,"in_reply_to_screen_name":null,"user":{"id":863777239011278800,"id_str":"863777239011278848","name":"二度見するほど美しい生き物","screen_name":"nidomi_bea","location":"","description":"思わず二度見するほど美しい生き物を紹介します。アルビノやメラニズムの種も紹介します。","url":null,"entities":{"description":{"urls":[]}},"protected":false,"followers_count":45503,"friends_count":20,"listed_count":288,"created_at":"Sun May 14 15:25:16 +0000 2017","favourites_count":0,"utc_offset":-25200,"time_zone":"Pacific Time (US & Canada)","geo_enabled":false,"verified":false,"statuses_count":203,"lang":"ja","contributors_enabled":false,"is_translator":false,"is_translation_enabled":false,"profile_background_color":"F5F8FA","profile_background_image_url":null,"profile_background_image_url_https":null,"profile_background_tile":false,"profile_image_url":"http://pbs.twimg.com/profile_images/874925011726999555/x0kBvm9x_normal.jpg","profile_image_url_https":"https://pbs.twimg.com/profile_images/874925011726999555/x0kBvm9x_normal.jpg","profile_banner_url":"https://pbs.twimg.com/profile_banners/863777239011278848/1497433344","profile_link_color":"1DA1F2","profile_sidebar_border_color":"C0DEED","profile_sidebar_fill_color":"DDEEF6","profile_text_color":"333333","profile_use_background_image":true,"has_extended_profile":false,"default_profile":true,"default_profile_image":false,"following":false,"follow_request_sent":false,"notifications":false,"translator_type":"none"},"geo":null,"coordinates":null,"place":null,"contributors":null,"is_quote_status":false,"retweet_count":518,"favorite_count":1188,"favorited":false,"retweeted":false,"possibly_sensitive":false,"lang":"ja"},{"created_at":"Wed Jul 19 23:00:06 +0000 2017","id":887809298411135000,"id_str":"887809298411134977","text":"『怪盗グルーの #ミニオン大脱走』公開記念✨グルーとミニオンからプレゼント🎁\n豪華ミニオングッズやAmazonギフト券が100名様に当たる🍌※本日まで！！\n\n【フォロー&amp;RT】でスグに結果が届く！詳しくは👉… https://t.co/WfGzGAnJWa","truncated":true,"entities":{"hashtags":[{"text":"ミニオン大脱走","indices":[8,16]}],"symbols":[],"user_mentions":[],"urls":[{"url":"https://t.co/WfGzGAnJWa","expanded_url":"https://twitter.com/i/web/status/887809298411134977","display_url":"twitter.com/i/web/status/8…","indices":[109,132]}]},"metadata":{"iso_language_code":"ja","result_type":"recent"},"source":"<a href=\"https://ads.twitter.com\" rel=\"nofollow\">Twitter Ads</a>","in_reply_to_status_id":null,"in_reply_to_status_id_str":null,"in_reply_to_user_id":null,"in_reply_to_user_id_str":null,"in_reply_to_screen_name":null,"user":{"id":190518940,"id_str":"190518940","name":"ミニオン・ファンクラブ","screen_name":"minion_fanclub","location":"怪盗グルー宅","description":"映画「怪盗グルー」シリーズ公式アカウント。主人公グルーの相棒で、イタズラ好きな黄色の軍団ミニオンたちのおしゃべりと映画の最新情報をお届けします。『怪盗グルーのミニオン大脱走』7月21日（金）全国ロードショー！","url":"https://t.co/Yr5Q7SXG7G","entities":{"url":{"urls":[{"url":"https://t.co/Yr5Q7SXG7G","expanded_url":"http://minions.jp/","display_url":"minions.jp","indices":[0,23]}]},"description":{"urls":[]}},"protected":false,"followers_count":101671,"friends_count":145,"listed_count":223,"created_at":"Tue Sep 14 04:03:37 +0000 2010","favourites_count":3,"utc_offset":32400,"time_zone":"Tokyo","geo_enabled":true,"verified":true,"statuses_count":11486,"lang":"ja","contributors_enabled":false,"is_translator":false,"is_translation_enabled":false,"profile_background_color":"FFFFFF","profile_background_image_url":"http://pbs.twimg.com/profile_background_images/378800000153570412/YNSGsF-9.jpeg","profile_background_image_url_https":"https://pbs.twimg.com/profile_background_images/378800000153570412/YNSGsF-9.jpeg","profile_background_tile":false,"profile_image_url":"http://pbs.twimg.com/profile_images/542191572259844096/BfVqVZaU_normal.jpeg","profile_image_url_https":"https://pbs.twimg.com/profile_images/542191572259844096/BfVqVZaU_normal.jpeg","profile_banner_url":"https://pbs.twimg.com/profile_banners/190518940/1497929314","profile_link_color":"F58700","profile_sidebar_border_color":"FFFFFF","profile_sidebar_fill_color":"DDEEF6","profile_text_color":"333333","profile_use_background_image":false,"has_extended_profile":true,"default_profile":false,"default_profile_image":false,"following":false,"follow_request_sent":false,"notifications":false,"translator_type":"none"},"geo":null,"coordinates":null,"place":null,"contributors":null,"is_quote_status":false,"retweet_count":1727,"favorite_count":291,"favorited":false,"retweeted":false,"possibly_sensitive":false,"lang":"ja"}],"search_metadata":{"completed_in":0.194,"max_id":887814416971857900,"max_id_str":"887814416971857920","next_results":"?max_id=887809298411134976&q=lang%3Aja%20min_retweets%3A500&include_entities=1","query":"lang%3Aja+min_retweets%3A500","refresh_url":"?since_id=887814416971857920&q=lang%3Aja%20min_retweets%3A500&include_entities=1","count":15,"since_id":0,"since_id_str":"0"}}