{"statuses":[{"created_at":"Thu Jul 20 12:05:46 +0000 2017","id":888007017725546500,"id_str":"888007017725546496","text":"@_amatsuki_ なんで冷凍食品の日っていうのを知っているのか。\nありがとう！！あれ晩ごはん一緒に食べるのって今日だよね！？","truncated":false,"entities":{"hashtags":[],"symbols":[],"user_mentions":[{"screen_name":"_amatsuki_","name":"天月 7/19 3rdシングル発売！","id":94322333,"id_str":"94322333","indices":[0,11]}],"urls":[]},"metadata":{"iso_language_code":"ja","result_type":"recent"},"source":"<a href=\"http://twitter.com\" rel=\"nofollow\">Twitter Web Client</a>","in_reply_to_status_id":887996965891432400,"in_reply_to_status_id_str":"887996965891432448","in_reply_to_user_id":94322333,"in_reply_to_user_id_str":"94322333","in_reply_to_screen_name":"_amatsuki_","user":{"id":268758461,"id_str":"268758461","name":"まふまふ＠何でも屋さん","screen_name":"uni_mafumafu","location":"夢の中","description":"何でも屋です。ねむり　歌 / 作詞作曲 / 編曲　After the Rain、オリコンウィークリー２位獲得しました　まふてる⇒(@uni_mafuteru) ニコニコ動画 https://t.co/9XtigvFrOE  Youtube https://t.co/QoUG6At4z2","url":"https://t.co/cSdsbyhY3S","entities":{"url":{"urls":[{"url":"https://t.co/cSdsbyhY3S","expanded_url":"http://uni-mafumafu.jp/","display_url":"uni-mafumafu.jp","indices":[0,23]}]},"description":{"urls":[{"url":"https://t.co/9XtigvFrOE","expanded_url":"http://goo.gl/UQU30u","display_url":"goo.gl/UQU30u","indices":[87,110]},{"url":"https://t.co/QoUG6At4z2","expanded_url":"http://youtube.com/c/uni_mafumafu","display_url":"youtube.com/c/uni_mafumafu","indices":[120,143]}]}},"protected":false,"followers_count":859073,"friends_count":427,"listed_count":9331,"created_at":"Sat Mar 19 12:05:43 +0000 2011","favourites_count":2180,"utc_offset":null,"time_zone":null,"geo_enabled":false,"verified":true,"statuses_count":51690,"lang":"ja","contributors_enabled":false,"is_translator":false,"is_translation_enabled":false,"profile_background_color":"131516","profile_background_image_url":"http://pbs.twimg.com/profile_background_images/489831337700777985/V9q5tR8K.png","profile_background_image_url_https":"https://pbs.twimg.com/profile_background_images/489831337700777985/V9q5tR8K.png","profile_background_tile":false,"profile_image_url":"http://pbs.twimg.com/profile_images/852817717774004225/yyRc5caq_normal.jpg","profile_image_url_https":"https://pbs.twimg.com/profile_images/852817717774004225/yyRc5caq_normal.jpg","profile_banner_url":"https://pbs.twimg.com/profile_banners/268758461/1464252254","profile_link_color":"009999","profile_sidebar_border_color":"FFFFFF","profile_sidebar_fill_color":"252429","profile_text_color":"666666","profile_use_background_image":true,"has_extended_profile":false,"default_profile":false,"default_profile_image":false,"following":false,"follow_request_sent":false,"notifications":false,"translator_type":"none"},"geo":null,"coordinates":null,"place":null,"contributors":null,"is_quote_status":false,"retweet_count":624,"favorite_count":4256,"favorited":false,"retweeted":false,"lang":"ja"},{"created_at":"Thu Jul 20 12:00:06 +0000 2017","id":888005594577227800,"id_str":"888005594577227776","text":"【大 解 禁 ！】\n\n「真ん中のこと」Release Tour 2017\n〜ラクダの、中心〜\n\nゲストアーティストを一斉発表！\n\n全公演チケット一般発売は7月22日(土)スタートです！\n\n間違いなく最高の全国ツアーをお見逃しなく！… https://t.co/EKr2Yz0opV","truncated":true,"entities":{"hashtags":[],"symbols":[],"user_mentions":[],"urls":[{"url":"https://t.co/EKr2Yz0opV","expanded_url":"https://twitter.com/i/web/status/888005594577227776","display_url":"twitter.com/i/web/status/8…","indices":[117,140]}]},"metadata":{"iso_language_code":"ja","result_type":"recent"},"source":"<a href=\"http://twitter.com/download/iphone\" rel=\"nofollow\">Twitter for iPhone</a>","in_reply_to_status_id":null,"in_reply_to_status_id_str":null,"in_reply_to_user_id":null,"in_reply_to_user_id_str":null,"in_reply_to_screen_name":null,"user":{"id":111216143,"id_str":"111216143","name":"SUPER BEAVER","screen_name":"super_beaver","location":"東京","description":"SUPER BEAVER OFFICIAL Twitter 》 新曲「ひなた」iTunes限定配信中！2017年9月6日(水)ミニアルバム『真ん中のこと』発売決定！@gyakutarou @yayayayanagi @KentaUesugi @hiroakifujiwara","url":"https://t.co/chgfcJyIer","entities":{"url":{"urls":[{"url":"https://t.co/chgfcJyIer","expanded_url":"http://www.super-beaver.com/","display_url":"super-beaver.com","indices":[0,23]}]},"description":{"urls":[]}},"protected":false,"followers_count":67092,"friends_count":9234,"listed_count":907,"created_at":"Thu Feb 04 04:51:11 +0000 2010","favourites_count":139,"utc_offset":-36000,"time_zone":"Hawaii","geo_enabled":true,"verified":false,"statuses_count":16337,"lang":"ja","contributors_enabled":false,"is_translator":false,"is_translation_enabled":false,"profile_background_color":"FFFFFF","profile_background_image_url":"http://pbs.twimg.com/profile_background_images/378800000170756502/y2KOo_MI.jpeg","profile_background_image_url_https":"https://pbs.twimg.com/profile_background_images/378800000170756502/y2KOo_MI.jpeg","profile_background_tile":false,"profile_image_url":"http://pbs.twimg.com/profile_images/888007587043487750/pz0LK8ix_normal.jpg","profile_image_url_https":"https://pbs.twimg.com/profile_images/888007587043487750/pz0LK8ix_normal.jpg","profile_banner_url":"https://pbs.twimg.com/profile_banners/111216143/1462132056","profile_link_color":"3300FF","profile_sidebar_border_color":"FFFFFF","profile_sidebar_fill_color":"C2F8FF","profile_text_color":"000000","profile_use_background_image":true,"has_extended_profile":false,"default_profile":false,"default_profile_image":false,"following":false,"follow_request_sent":false,"notifications":false,"translator_type":"none"},"geo":null,"coordinates":null,"place":null,"contributors":null,"is_quote_status":false,"retweet_count":554,"favorite_count":944,"favorited":false,"retweeted":false,"possibly_sensitive":false,"lang":"ja"},{"created_at":"Thu Jul 20 11:56:29 +0000 2017","id":888004683201093600,"id_str":"888004683201093633","text":"★イベント予告★\nSOARAイベント「夕日と夢と青春と。～夏の思い出～」近日開催決定！イベントに先駆けて「Summer Memories」シリーズを7/21夕方頃～スタートします。お楽しみに♪ DLはこちら→… https://t.co/ybQ8XpPG0M","truncated":true,"entities":{"hashtags":[],"symbols":[],"user_mentions":[],"urls":[{"url":"https://t.co/ybQ8XpPG0M","expanded_url":"https://twitter.com/i/web/status/888004683201093633","display_url":"twitter.com/i/web/status/8…","indices":[106,129]}]},"metadata":{"iso_language_code":"ja","result_type":"recent"},"source":"<a href=\"http://twitter.com\" rel=\"nofollow\">Twitter Web Client</a>","in_reply_to_status_id":null,"in_reply_to_status_id_str":null,"in_reply_to_user_id":null,"in_reply_to_user_id_str":null,"in_reply_to_screen_name":null,"user":{"id":789381378613796900,"id_str":"789381378613796865","name":"アプリ「ツキパラ。」公式ツイッター","screen_name":"tsukipara_app","location":"","description":"「ツキウタ。」をはじめ、ツキノ芸能プロダクションのタレント大集合のリズムゲームアプリ 「ツキノパラダイス」が登場！最新情報をお届けいたしますので 皆様フォローをお待ちしております！ ※Twitterでの返信等はできませんのでご了承ください。DL→https://t.co/ZlzyZfP4mO","url":"https://t.co/NCvr3ZWL4h","entities":{"url":{"urls":[{"url":"https://t.co/NCvr3ZWL4h","expanded_url":"http://tsukinoparadise.bn-ent.net/","display_url":"tsukinoparadise.bn-ent.net","indices":[0,23]}]},"description":{"urls":[{"url":"https://t.co/ZlzyZfP4mO","expanded_url":"http://bnent.jp/tuki_tw/","display_url":"bnent.jp/tuki_tw/","indices":[123,146]}]}},"protected":false,"followers_count":86450,"friends_count":31,"listed_count":1107,"created_at":"Fri Oct 21 08:22:41 +0000 2016","favourites_count":0,"utc_offset":null,"time_zone":null,"geo_enabled":false,"verified":true,"statuses_count":280,"lang":"ja","contributors_enabled":false,"is_translator":false,"is_translation_enabled":false,"profile_background_color":"F5F8FA","profile_background_image_url":null,"profile_background_image_url_https":null,"profile_background_tile":false,"profile_image_url":"http://pbs.twimg.com/profile_images/880803469275176961/Rdj-Fm0Y_normal.jpg","profile_image_url_https":"https://pbs.twimg.com/profile_images/880803469275176961/Rdj-Fm0Y_normal.jpg","profile_banner_url":"https://pbs.twimg.com/profile_banners/789381378613796865/1488943004","profile_link_color":"1DA1F2","profile_sidebar_border_color":"C0DEED","profile_sidebar_fill_color":"DDEEF6","profile_text_color":"333333","profile_use_background_image":true,"has_extended_profile":false,"default_profile":true,"default_profile_image":false,"following":false,"follow_request_sent":false,"notifications":false,"translator_type":"none"},"geo":null,"coordinates":null,"place":null,"contributors":null,"is_quote_status":false,"retweet_count":1312,"favorite_count":1351,"favorited":false,"retweeted":false,"possibly_sensitive":false,"lang":"ja"},{"created_at":"Thu Jul 20 11:53:53 +0000 2017","id":888004031133515800,"id_str":"888004031133515776","text":"明日のやすひろさんとのアルバムもたくさん予約してもらえているみたいでわたしはうれしい やっぱり出すからには少しでも多くの人に聞いてもらいたいというのが素直な気持ちです きっと良いアルバムになっているのでたくさん聞いて欲しいんだぜ","truncated":false,"entities":{"hashtags":[],"symbols":[],"user_mentions":[],"urls":[]},"metadata":{"iso_language_code":"ja","result_type":"recent"},"source":"<a href=\"http://tapbots.com/tweetbot\" rel=\"nofollow\">Tweetbot for iΟS</a>","in_reply_to_status_id":null,"in_reply_to_status_id_str":null,"in_reply_to_user_id":null,"in_reply_to_user_id_str":null,"in_reply_to_screen_name":null,"user":{"id":53949113,"id_str":"53949113","name":"そらる@CD出るよ","screen_name":"soraruru","location":"イスの上","description":"歌うのが好きです。なにかあれば（soraru_nico@yahoo.co.jp） 「After the Rain」 歌 / ミックス ★HP（https://t.co/DXerRbidZD） ★youtube（https://t.co/BPyoT0WpgD） ★インフォ （@soraru_info）","url":"https://t.co/DXerRbidZD","entities":{"url":{"urls":[{"url":"https://t.co/DXerRbidZD","expanded_url":"http://soraruru.jp/","display_url":"soraruru.jp","indices":[0,23]}]},"description":{"urls":[{"url":"https://t.co/DXerRbidZD","expanded_url":"http://soraruru.jp/","display_url":"soraruru.jp","indices":[71,94]},{"url":"https://t.co/BPyoT0WpgD","expanded_url":"https://www.youtube.com/user/soraruYT","display_url":"youtube.com/user/soraruYT","indices":[105,128]}]}},"protected":false,"followers_count":816277,"friends_count":490,"listed_count":11530,"created_at":"Sun Jul 05 16:52:48 +0000 2009","favourites_count":52,"utc_offset":-36000,"time_zone":"Hawaii","geo_enabled":false,"verified":true,"statuses_count":108405,"lang":"ja","contributors_enabled":false,"is_translator":false,"is_translation_enabled":false,"profile_background_color":"C0DEED","profile_background_image_url":"http://pbs.twimg.com/profile_background_images/204536235/AIMAI.jpg","profile_background_image_url_https":"https://pbs.twimg.com/profile_background_images/204536235/AIMAI.jpg","profile_background_tile":false,"profile_image_url":"http://pbs.twimg.com/profile_images/849083115255541760/DMfTzKmA_normal.jpg","profile_image_url_https":"https://pbs.twimg.com/profile_images/849083115255541760/DMfTzKmA_normal.jpg","profile_banner_url":"https://pbs.twimg.com/profile_banners/53949113/1429782818","profile_link_color":"0084B4","profile_sidebar_border_color":"C0DEED","profile_sidebar_fill_color":"ABC5D1","profile_text_color":"333333","profile_use_background_image":true,"has_extended_profile":false,"default_profile":false,"default_profile_image":false,"following":false,"follow_request_sent":false,"notifications":false,"translator_type":"none"},"geo":null,"coordinates":null,"place":null,"contributors":null,"is_quote_status":false,"retweet_count":1023,"favorite_count":7249,"favorited":false,"retweeted":false,"lang":"ja"},{"created_at":"Thu Jul 20 11:52:58 +0000 2017","id":888003797183844400,"id_str":"888003797183844353","text":"億万年ぶりのテレビ取材にドキがムネムネ https://t.co/ESYFWAn9mI","truncated":false,"entities":{"hashtags":[],"symbols":[],"user_mentions":[],"urls":[{"url":"https://t.co/ESYFWAn9mI","expanded_url":"https://youtu.be/PYNvddjP57g","display_url":"youtu.be/PYNvddjP57g","indices":[20,43]}]},"metadata":{"iso_language_code":"ja","result_type":"recent"},"source":"<a href=\"http://twitter.com/download/iphone\" rel=\"nofollow\">Twitter for iPhone</a>","in_reply_to_status_id":null,"in_reply_to_status_id_str":null,"in_reply_to_user_id":null,"in_reply_to_user_id_str":null,"in_reply_to_screen_name":null,"user":{"id":434707585,"id_str":"434707585","name":"kemio","screen_name":"mmkemio","location":"New York, NY","description":"cash only","url":null,"entities":{"description":{"urls":[]}},"protected":false,"followers_count":599871,"friends_count":485,"listed_count":877,"created_at":"Mon Dec 12 06:25:52 +0000 2011","favourites_count":516,"utc_offset":-36000,"time_zone":"Hawaii","geo_enabled":false,"verified":true,"statuses_count":37516,"lang":"ja","contributors_enabled":false,"is_translator":false,"is_translation_enabled":false,"profile_background_color":"000000","profile_background_image_url":"http://abs.twimg.com/images/themes/theme1/bg.png","profile_background_image_url_https":"https://abs.twimg.com/images/themes/theme1/bg.png","profile_background_tile":false,"profile_image_url":"http://pbs.twimg.com/profile_images/887336999111229441/NuLiXjuu_normal.jpg","profile_image_url_https":"https://pbs.twimg.com/profile_images/887336999111229441/NuLiXjuu_normal.jpg","profile_link_color":"91D2FA","profile_sidebar_border_color":"000000","profile_sidebar_fill_color":"000000","profile_text_color":"000000","profile_use_background_image":false,"has_extended_profile":false,"default_profile":false,"default_profile_image":false,"following":false,"follow_request_sent":false,"notifications":false,"translator_type":"none"},"geo":null,"coordinates":null,"place":null,"contributors":null,"is_quote_status":false,"retweet_count":557,"favorite_count":3254,"favorited":false,"retweeted":false,"possibly_sensitive":false,"lang":"ja"},{"created_at":"Thu Jul 20 11:52:35 +0000 2017","id":888003702664986600,"id_str":"888003702664986624","text":"【写真追加】 #BLACKPINK が本日初お披露目 #BLACKPINK_JAPAN_DEBUT @YGEXStaff ほか写真は記事内にて→ https://t.co/ikXUPWBzQl https://t.co/zjbEQzPapz","truncated":false,"entities":{"hashtags":[{"text":"BLACKPINK","indices":[7,17]},{"text":"BLACKPINK_JAPAN_DEBUT","indices":[27,49]}],"symbols":[],"user_mentions":[{"screen_name":"YGEXStaff","name":"YGEX Staff","id":581774642,"id_str":"581774642","indices":[50,60]}],"urls":[{"url":"https://t.co/ikXUPWBzQl","expanded_url":"https://mdpr.jp/k-enta/1701896","display_url":"mdpr.jp/k-enta/1701896","indices":[73,96]}],"media":[{"id":888003565515489300,"id_str":"888003565515489280","indices":[97,120],"media_url":"http://pbs.twimg.com/media/DFLSibnUwAAaMC-.jpg","media_url_https":"https://pbs.twimg.com/media/DFLSibnUwAAaMC-.jpg","url":"https://t.co/zjbEQzPapz","display_url":"pic.twitter.com/zjbEQzPapz","expanded_url":"https://twitter.com/modelpress/status/888003702664986624/photo/1","type":"photo","sizes":{"large":{"w":1600,"h":1068,"resize":"fit"},"thumb":{"w":150,"h":150,"resize":"crop"},"small":{"w":680,"h":454,"resize":"fit"},"medium":{"w":1200,"h":801,"resize":"fit"}}}]},"extended_entities":{"media":[{"id":888003565515489300,"id_str":"888003565515489280","indices":[97,120],"media_url":"http://pbs.twimg.com/media/DFLSibnUwAAaMC-.jpg","media_url_https":"https://pbs.twimg.com/media/DFLSibnUwAAaMC-.jpg","url":"https://t.co/zjbEQzPapz","display_url":"pic.twitter.com/zjbEQzPapz","expanded_url":"https://twitter.com/modelpress/status/888003702664986624/photo/1","type":"photo","sizes":{"large":{"w":1600,"h":1068,"resize":"fit"},"thumb":{"w":150,"h":150,"resize":"crop"},"small":{"w":680,"h":454,"resize":"fit"},"medium":{"w":1200,"h":801,"resize":"fit"}}}]},"metadata":{"iso_language_code":"ja","result_type":"recent"},"source":"<a href=\"http://twitter.com\" rel=\"nofollow\">Twitter Web Client</a>","in_reply_to_status_id":null,"in_reply_to_status_id_str":null,"in_reply_to_user_id":null,"in_reply_to_user_id_str":null,"in_reply_to_screen_name":null,"user":{"id":142921471,"id_str":"142921471","name":"モデルプレス","screen_name":"modelpress","location":"TOKYO,JAPAN","description":"日本最大級の女性向けエンタメ＆ライフスタイルニュースサイト。ファッション、モデル、恋愛、ヘア、コスメ、ダイエット、ディズニー、カフェ、ドラマ、映画、音楽、海外セレブ、女子旅の最新情報をお届け","url":"https://t.co/5eMAE7fr2T","entities":{"url":{"urls":[{"url":"https://t.co/5eMAE7fr2T","expanded_url":"http://mdpr.jp/","display_url":"mdpr.jp","indices":[0,23]}]},"description":{"urls":[]}},"protected":false,"followers_count":1059105,"friends_count":168013,"listed_count":5242,"created_at":"Wed May 12 03:06:36 +0000 2010","favourites_count":8,"utc_offset":32400,"time_zone":"Tokyo","geo_enabled":true,"verified":true,"statuses_count":166869,"lang":"ja","contributors_enabled":false,"is_translator":false,"is_translation_enabled":false,"profile_background_color":"FAFAFA","profile_background_image_url":"http://abs.twimg.com/images/themes/theme15/bg.png","profile_background_image_url_https":"https://abs.twimg.com/images/themes/theme15/bg.png","profile_background_tile":false,"profile_image_url":"http://pbs.twimg.com/profile_images/876655035043545088/mH8EijPm_normal.jpg","profile_image_url_https":"https://pbs.twimg.com/profile_images/876655035043545088/mH8EijPm_normal.jpg","profile_banner_url":"https://pbs.twimg.com/profile_banners/142921471/1486948630","profile_link_color":"FA0A4E","profile_sidebar_border_color":"FFFFFF","profile_sidebar_fill_color":"000000","profile_text_color":"FFFFFF","profile_use_background_image":false,"has_extended_profile":false,"default_profile":false,"default_profile_image":false,"following":false,"follow_request_sent":false,"notifications":false,"translator_type":"none"},"geo":null,"coordinates":null,"place":null,"contributors":null,"is_quote_status":false,"retweet_count":758,"favorite_count":1434,"favorited":false,"retweeted":false,"possibly_sensitive":false,"lang":"ja"},{"created_at":"Thu Jul 20 11:52:23 +0000 2017","id":888003652316561400,"id_str":"888003652316561408","text":"スリーランホーーーームラン！！！これで同点！！\n#lovefighters #宇宙一のその先へ https://t.co/2Kq0aqpFII","truncated":false,"entities":{"hashtags":[{"text":"lovefighters","indices":[24,37]},{"text":"宇宙一のその先へ","indices":[38,47]}],"symbols":[],"user_mentions":[],"urls":[],"media":[{"id":888003109267447800,"id_str":"888003109267447808","indices":[48,71],"media_url":"http://pbs.twimg.com/amplify_video_thumb/888003109267447808/img/E0gNGylhwTAPnfwA.jpg","media_url_https":"https://pbs.twimg.com/amplify_video_thumb/888003109267447808/img/E0gNGylhwTAPnfwA.jpg","url":"https://t.co/2Kq0aqpFII","display_url":"pic.twitter.com/2Kq0aqpFII","expanded_url":"https://twitter.com/FightersPR/status/888003652316561408/video/1","type":"photo","sizes":{"large":{"w":960,"h":540,"resize":"fit"},"small":{"w":340,"h":191,"resize":"fit"},"thumb":{"w":150,"h":150,"resize":"crop"},"medium":{"w":600,"h":338,"resize":"fit"}}}]},"extended_entities":{"media":[{"id":888003109267447800,"id_str":"888003109267447808","indices":[48,71],"media_url":"http://pbs.twimg.com/amplify_video_thumb/888003109267447808/img/E0gNGylhwTAPnfwA.jpg","media_url_https":"https://pbs.twimg.com/amplify_video_thumb/888003109267447808/img/E0gNGylhwTAPnfwA.jpg","url":"https://t.co/2Kq0aqpFII","display_url":"pic.twitter.com/2Kq0aqpFII","expanded_url":"https://twitter.com/FightersPR/status/888003652316561408/video/1","type":"video","sizes":{"large":{"w":960,"h":540,"resize":"fit"},"small":{"w":340,"h":191,"resize":"fit"},"thumb":{"w":150,"h":150,"resize":"crop"},"medium":{"w":600,"h":338,"resize":"fit"}},"video_info":{"aspect_ratio":[16,9],"duration_millis":53587,"variants":[{"bitrate":832000,"content_type":"video/mp4","url":"https://video.twimg.com/amplify_video/888003109267447808/vid/640x360/blgY6twH_iZv-wvb.mp4"},{"content_type":"application/x-mpegURL","url":"https://video.twimg.com/amplify_video/888003109267447808/pl/ziPSxkf6nusdx92Y.m3u8"},{"bitrate":320000,"content_type":"video/mp4","url":"https://video.twimg.com/amplify_video/888003109267447808/vid/320x180/GzEja-hOWZZ8vNuj.mp4"}]},"additional_media_info":{"title":"","description":"","embeddable":true,"monetizable":false}}]},"metadata":{"iso_language_code":"ja","result_type":"recent"},"source":"<a href=\"https://studio.twitter.com\" rel=\"nofollow\">Media Studio</a>","in_reply_to_status_id":null,"in_reply_to_status_id_str":null,"in_reply_to_user_id":null,"in_reply_to_user_id_str":null,"in_reply_to_screen_name":null,"user":{"id":2991223079,"id_str":"2991223079","name":"北海道日本ハムファイターズ公式","screen_name":"FightersPR","location":"北海道","description":"北海道日本ハムファイターズの公式アカウントです。沢山の情報をつぶやきますのでお楽しみに！一丸となって日本一を、いや宇宙一を目指しましょう！ファイターズの応援宜しくお願いします！！ ※スパム行為や過度の誹謗中傷などに関しましては通報またはブロックをさせて頂くことがありますのでご了承ください。","url":"https://t.co/SA73lnjwFO","entities":{"url":{"urls":[{"url":"https://t.co/SA73lnjwFO","expanded_url":"http://www.fighters.co.jp","display_url":"fighters.co.jp","indices":[0,23]}]},"description":{"urls":[]}},"protected":false,"followers_count":660261,"friends_count":73,"listed_count":1468,"created_at":"Thu Jan 22 02:52:41 +0000 2015","favourites_count":349,"utc_offset":-25200,"time_zone":"Pacific Time (US & Canada)","geo_enabled":false,"verified":true,"statuses_count":5557,"lang":"ja","contributors_enabled":false,"is_translator":false,"is_translation_enabled":false,"profile_background_color":"C0DEED","profile_background_image_url":"http://pbs.twimg.com/profile_background_images/563589746245386241/LWHTm-3G.jpeg","profile_background_image_url_https":"https://pbs.twimg.com/profile_background_images/563589746245386241/LWHTm-3G.jpeg","profile_background_tile":true,"profile_image_url":"http://pbs.twimg.com/profile_images/887130284486934528/ORzPxnpl_normal.jpg","profile_image_url_https":"https://pbs.twimg.com/profile_images/887130284486934528/ORzPxnpl_normal.jpg","profile_banner_url":"https://pbs.twimg.com/profile_banners/2991223079/1500362445","profile_link_color":"1B95E0","profile_sidebar_border_color":"000000","profile_sidebar_fill_color":"000000","profile_text_color":"000000","profile_use_background_image":true,"has_extended_profile":false,"default_profile":false,"default_profile_image":false,"following":false,"follow_request_sent":false,"notifications":false,"translator_type":"none"},"geo":null,"coordinates":null,"place":null,"contributors":null,"is_quote_status":false,"retweet_count":1284,"favorite_count":2823,"favorited":false,"retweeted":false,"possibly_sensitive":false,"lang":"ja"},{"created_at":"Thu Jul 20 11:51:19 +0000 2017","id":888003383457529900,"id_str":"888003383457529856","text":"サウスポーーーーーッ🎳 https://t.co/qmrIiILZDO","truncated":false,"entities":{"hashtags":[],"symbols":[],"user_mentions":[],"urls":[],"media":[{"id":888003373064003600,"id_str":"888003373064003585","indices":[12,35],"media_url":"http://pbs.twimg.com/media/DFLSXOrUIAE_rEK.jpg","media_url_https":"https://pbs.twimg.com/media/DFLSXOrUIAE_rEK.jpg","url":"https://t.co/qmrIiILZDO","display_url":"pic.twitter.com/qmrIiILZDO","expanded_url":"https://twitter.com/boc_chama/status/888003383457529856/photo/1","type":"photo","sizes":{"medium":{"w":1200,"h":900,"resize":"fit"},"small":{"w":680,"h":510,"resize":"fit"},"thumb":{"w":150,"h":150,"resize":"crop"},"large":{"w":1478,"h":1108,"resize":"fit"}}}]},"extended_entities":{"media":[{"id":888003373064003600,"id_str":"888003373064003585","indices":[12,35],"media_url":"http://pbs.twimg.com/media/DFLSXOrUIAE_rEK.jpg","media_url_https":"https://pbs.twimg.com/media/DFLSXOrUIAE_rEK.jpg","url":"https://t.co/qmrIiILZDO","display_url":"pic.twitter.com/qmrIiILZDO","expanded_url":"https://twitter.com/boc_chama/status/888003383457529856/photo/1","type":"photo","sizes":{"medium":{"w":1200,"h":900,"resize":"fit"},"small":{"w":680,"h":510,"resize":"fit"},"thumb":{"w":150,"h":150,"resize":"crop"},"large":{"w":1478,"h":1108,"resize":"fit"}}}]},"metadata":{"iso_language_code":"ja","result_type":"recent"},"source":"<a href=\"http://twitter.com/download/iphone\" rel=\"nofollow\">Twitter for iPhone</a>","in_reply_to_status_id":null,"in_reply_to_status_id_str":null,"in_reply_to_user_id":null,"in_reply_to_user_id_str":null,"in_reply_to_screen_name":null,"user":{"id":1356286430,"id_str":"1356286430","name":"CHAMA","screen_name":"boc_chama","location":"","description":"BUMP OF CHICKENのBASS担当のCHAMAです。TRANSFORMERSが大好きです。","url":null,"entities":{"description":{"urls":[]}},"protected":false,"followers_count":561815,"friends_count":1,"listed_count":4222,"created_at":"Tue Apr 16 07:29:08 +0000 2013","favourites_count":0,"utc_offset":28800,"time_zone":"Irkutsk","geo_enabled":false,"verified":true,"statuses_count":1011,"lang":"ja","contributors_enabled":false,"is_translator":false,"is_translation_enabled":false,"profile_background_color":"000000","profile_background_image_url":"http://pbs.twimg.com/profile_background_images/450626747449348096/rM88qM3c.jpeg","profile_background_image_url_https":"https://pbs.twimg.com/profile_background_images/450626747449348096/rM88qM3c.jpeg","profile_background_tile":false,"profile_image_url":"http://pbs.twimg.com/profile_images/542521509705576448/0bvm0b-I_normal.jpeg","profile_image_url_https":"https://pbs.twimg.com/profile_images/542521509705576448/0bvm0b-I_normal.jpeg","profile_banner_url":"https://pbs.twimg.com/profile_banners/1356286430/1418182183","profile_link_color":"000000","profile_sidebar_border_color":"000000","profile_sidebar_fill_color":"DDEEF6","profile_text_color":"333333","profile_use_background_image":true,"has_extended_profile":false,"default_profile":false,"default_profile_image":false,"following":false,"follow_request_sent":false,"notifications":false,"translator_type":"none"},"geo":null,"coordinates":null,"place":null,"contributors":null,"is_quote_status":false,"retweet_count":1634,"favorite_count":7952,"favorited":false,"retweeted":false,"possibly_sensitive":false,"lang":"ja"},{"created_at":"Thu Jul 20 11:49:12 +0000 2017","id":888002852144037900,"id_str":"888002852144037888","text":"天月フリーライブinららぽーと豊洲、参加してきた！！そして、新しい顔手に入れた！！！ https://t.co/R4EpJ6ySxr","truncated":false,"entities":{"hashtags":[],"symbols":[],"user_mentions":[],"urls":[],"media":[{"id":888002836830732300,"id_str":"888002836830732288","indices":[43,66],"media_url":"http://pbs.twimg.com/media/DFLR4BDVwAAGydE.jpg","media_url_https":"https://pbs.twimg.com/media/DFLR4BDVwAAGydE.jpg","url":"https://t.co/R4EpJ6ySxr","display_url":"pic.twitter.com/R4EpJ6ySxr","expanded_url":"https://twitter.com/6masamune6/status/888002852144037888/photo/1","type":"photo","sizes":{"medium":{"w":900,"h":1200,"resize":"fit"},"thumb":{"w":150,"h":150,"resize":"crop"},"large":{"w":1536,"h":2048,"resize":"fit"},"small":{"w":510,"h":680,"resize":"fit"}}}]},"extended_entities":{"media":[{"id":888002836830732300,"id_str":"888002836830732288","indices":[43,66],"media_url":"http://pbs.twimg.com/media/DFLR4BDVwAAGydE.jpg","media_url_https":"https://pbs.twimg.com/media/DFLR4BDVwAAGydE.jpg","url":"https://t.co/R4EpJ6ySxr","display_url":"pic.twitter.com/R4EpJ6ySxr","expanded_url":"https://twitter.com/6masamune6/status/888002852144037888/photo/1","type":"photo","sizes":{"medium":{"w":900,"h":1200,"resize":"fit"},"thumb":{"w":150,"h":150,"resize":"crop"},"large":{"w":1536,"h":2048,"resize":"fit"},"small":{"w":510,"h":680,"resize":"fit"}}},{"id":888002836834824200,"id_str":"888002836834824192","indices":[43,66],"media_url":"http://pbs.twimg.com/media/DFLR4BEUMAAagD3.jpg","media_url_https":"https://pbs.twimg.com/media/DFLR4BEUMAAagD3.jpg","url":"https://t.co/R4EpJ6ySxr","display_url":"pic.twitter.com/R4EpJ6ySxr","expanded_url":"https://twitter.com/6masamune6/status/888002852144037888/photo/1","type":"photo","sizes":{"medium":{"w":900,"h":1200,"resize":"fit"},"thumb":{"w":150,"h":150,"resize":"crop"},"large":{"w":1536,"h":2048,"resize":"fit"},"small":{"w":510,"h":680,"resize":"fit"}}}]},"metadata":{"iso_language_code":"ja","result_type":"recent"},"source":"<a href=\"http://twitter.com/download/iphone\" rel=\"nofollow\">Twitter for iPhone</a>","in_reply_to_status_id":null,"in_reply_to_status_id_str":null,"in_reply_to_user_id":null,"in_reply_to_user_id_str":null,"in_reply_to_screen_name":null,"user":{"id":1560764215,"id_str":"1560764215","name":"正宗＠夏を生き抜く","screen_name":"6masamune6","location":"天月の家","description":"天月(@_amatsuki_)の家に住んでます。 僕の可愛さを全世界に知らしめる為にTwitterをはじめました！ LINEスタンプだってあるんだぞ！？  天文部 部長です。","url":"https://t.co/IadLIov8I3","entities":{"url":{"urls":[{"url":"https://t.co/IadLIov8I3","expanded_url":"http://amatsuki.jp","display_url":"amatsuki.jp","indices":[0,23]}]},"description":{"urls":[]}},"protected":false,"followers_count":51297,"friends_count":6,"listed_count":611,"created_at":"Mon Jul 01 15:02:11 +0000 2013","favourites_count":69,"utc_offset":28800,"time_zone":"Irkutsk","geo_enabled":false,"verified":false,"statuses_count":325,"lang":"ja","contributors_enabled":false,"is_translator":false,"is_translation_enabled":false,"profile_background_color":"C0DEED","profile_background_image_url":"http://abs.twimg.com/images/themes/theme1/bg.png","profile_background_image_url_https":"https://abs.twimg.com/images/themes/theme1/bg.png","profile_background_tile":false,"profile_image_url":"http://pbs.twimg.com/profile_images/567893970584236034/o5YGREYG_normal.jpeg","profile_image_url_https":"https://pbs.twimg.com/profile_images/567893970584236034/o5YGREYG_normal.jpeg","profile_banner_url":"https://pbs.twimg.com/profile_banners/1560764215/1372691404","profile_link_color":"1DA1F2","profile_sidebar_border_color":"C0DEED","profile_sidebar_fill_color":"DDEEF6","profile_text_color":"333333","profile_use_background_image":true,"has_extended_profile":false,"default_profile":true,"default_profile_image":false,"following":false,"follow_request_sent":false,"notifications":false,"translator_type":"none"},"geo":null,"coordinates":null,"place":null,"contributors":null,"is_quote_status":false,"retweet_count":615,"favorite_count":4219,"favorited":false,"retweeted":false,"possibly_sensitive":false,"lang":"ja"},{"created_at":"Thu Jul 20 11:47:31 +0000 2017","id":888002425772060700,"id_str":"888002425772060673","text":"麻婆豆腐なう(๑˃̵ᴗ˂̵) https://t.co/kz4KcbD2L5","truncated":false,"entities":{"hashtags":[],"symbols":[],"user_mentions":[],"urls":[],"media":[{"id":888002403684962300,"id_str":"888002403684962305","indices":[15,38],"media_url":"http://pbs.twimg.com/media/DFLRezdV0AErM7S.jpg","media_url_https":"https://pbs.twimg.com/media/DFLRezdV0AErM7S.jpg","url":"https://t.co/kz4KcbD2L5","display_url":"pic.twitter.com/kz4KcbD2L5","expanded_url":"https://twitter.com/joujinakata123/status/888002425772060673/photo/1","type":"photo","sizes":{"medium":{"w":1200,"h":900,"resize":"fit"},"small":{"w":680,"h":510,"resize":"fit"},"thumb":{"w":150,"h":150,"resize":"crop"},"large":{"w":2048,"h":1536,"resize":"fit"}}}]},"extended_entities":{"media":[{"id":888002403684962300,"id_str":"888002403684962305","indices":[15,38],"media_url":"http://pbs.twimg.com/media/DFLRezdV0AErM7S.jpg","media_url_https":"https://pbs.twimg.com/media/DFLRezdV0AErM7S.jpg","url":"https://t.co/kz4KcbD2L5","display_url":"pic.twitter.com/kz4KcbD2L5","expanded_url":"https://twitter.com/joujinakata123/status/888002425772060673/photo/1","type":"photo","sizes":{"medium":{"w":1200,"h":900,"resize":"fit"},"small":{"w":680,"h":510,"resize":"fit"},"thumb":{"w":150,"h":150,"resize":"crop"},"large":{"w":2048,"h":1536,"resize":"fit"}}}]},"metadata":{"iso_language_code":"ja","result_type":"recent"},"source":"<a href=\"http://twitter.com/download/iphone\" rel=\"nofollow\">Twitter for iPhone</a>","in_reply_to_status_id":null,"in_reply_to_status_id_str":null,"in_reply_to_user_id":null,"in_reply_to_user_id_str":null,"in_reply_to_screen_name":null,"user":{"id":343286186,"id_str":"343286186","name":"中田譲治","screen_name":"joujinakata123","location":"","description":"フォローして下さったのも何かの縁。ついでにヘルシング、巌窟王、ケロロ軍曹位はチェケラプリーズ。外画ならスリーハンドレッド、セックス・アンド・ザ・シティもね!","url":null,"entities":{"description":{"urls":[]}},"protected":false,"followers_count":300076,"friends_count":382,"listed_count":8550,"created_at":"Wed Jul 27 10:05:10 +0000 2011","favourites_count":3117,"utc_offset":32400,"time_zone":"Tokyo","geo_enabled":false,"verified":false,"statuses_count":46446,"lang":"ja","contributors_enabled":false,"is_translator":false,"is_translation_enabled":false,"profile_background_color":"C6E2EE","profile_background_image_url":"http://abs.twimg.com/images/themes/theme2/bg.gif","profile_background_image_url_https":"https://abs.twimg.com/images/themes/theme2/bg.gif","profile_background_tile":false,"profile_image_url":"http://pbs.twimg.com/profile_images/868849835008327680/_527ckFI_normal.jpg","profile_image_url_https":"https://pbs.twimg.com/profile_images/868849835008327680/_527ckFI_normal.jpg","profile_banner_url":"https://pbs.twimg.com/profile_banners/343286186/1500251716","profile_link_color":"1F98C7","profile_sidebar_border_color":"C6E2EE","profile_sidebar_fill_color":"DAECF4","profile_text_color":"663B12","profile_use_background_image":true,"has_extended_profile":false,"default_profile":false,"default_profile_image":false,"following":false,"follow_request_sent":false,"notifications":false,"translator_type":"none"},"geo":null,"coordinates":null,"place":null,"contributors":null,"is_quote_status":false,"retweet_count":522,"favorite_count":1039,"favorited":false,"retweeted":false,"possibly_sensitive":false,"lang":"ja"},{"created_at":"Thu Jul 20 11:47:29 +0000 2017","id":888002419409338400,"id_str":"888002419409338368","text":"めざましじゃんけん好きはRT♪\n【1戦目】５時５８分　まちかどじゃんけん\n【2戦目】６時５８分　THE RAMPAGE from EXILE TRIBE\n【3戦目】７時２９分　中島健人さん\n【4戦目】７時５８分　宮野真守さん\n#めざましテレビ","truncated":false,"entities":{"hashtags":[{"text":"めざましテレビ","indices":[113,121]}],"symbols":[],"user_mentions":[],"urls":[]},"metadata":{"iso_language_code":"ja","result_type":"recent"},"source":"<a href=\"http://twitter.com\" rel=\"nofollow\">Twitter Web Client</a>","in_reply_to_status_id":null,"in_reply_to_status_id_str":null,"in_reply_to_user_id":null,"in_reply_to_user_id_str":null,"in_reply_to_screen_name":null,"user":{"id":1463837886,"id_str":"1463837886","name":"めざましテレビ","screen_name":"cx_mezamashi","location":"","description":"フジテレビ「めざましテレビ」の公式アカウントです！「#めざましテレビ」を付けたコメントは放送で使われることも♪／「めざましテレビスタッフ(@mezastaff)」「ココ調スタッフ(@cx_mezacoco)」も番組公式アカウントです／出演者告知は予告なく変更する場合があります。","url":"http://t.co/fExlZ7pFie","entities":{"url":{"urls":[{"url":"http://t.co/fExlZ7pFie","expanded_url":"http://www.fujitv.co.jp/meza/index.html","display_url":"fujitv.co.jp/meza/index.html","indices":[0,22]}]},"description":{"urls":[]}},"protected":false,"followers_count":461502,"friends_count":14,"listed_count":2693,"created_at":"Tue May 28 05:04:01 +0000 2013","favourites_count":5,"utc_offset":32400,"time_zone":"Tokyo","geo_enabled":false,"verified":true,"statuses_count":25876,"lang":"ja","contributors_enabled":false,"is_translator":false,"is_translation_enabled":false,"profile_background_color":"E2FF98","profile_background_image_url":"http://pbs.twimg.com/profile_background_images/378800000015366466/38b8bc51c85a8fd756e7f6fe74554efb.jpeg","profile_background_image_url_https":"https://pbs.twimg.com/profile_background_images/378800000015366466/38b8bc51c85a8fd756e7f6fe74554efb.jpeg","profile_background_tile":false,"profile_image_url":"http://pbs.twimg.com/profile_images/875437355028463617/IO_ZaC6p_normal.jpg","profile_image_url_https":"https://pbs.twimg.com/profile_images/875437355028463617/IO_ZaC6p_normal.jpg","profile_banner_url":"https://pbs.twimg.com/profile_banners/1463837886/1459768595","profile_link_color":"F88F47","profile_sidebar_border_color":"FFFFFF","profile_sidebar_fill_color":"DDEEF6","profile_text_color":"333333","profile_use_background_image":true,"has_extended_profile":false,"default_profile":false,"default_profile_image":false,"following":false,"follow_request_sent":false,"notifications":false,"translator_type":"none"},"geo":null,"coordinates":null,"place":null,"contributors":null,"is_quote_status":false,"retweet_count":1094,"favorite_count":1858,"favorited":false,"retweeted":false,"lang":"ja"},{"created_at":"Thu Jul 20 11:46:43 +0000 2017","id":888002225464672300,"id_str":"888002225464672256","text":"【楽天】\n『0.00』終了―。\n\n2番手で登板した福山がレアードに同点3ランを被弾。今季37試合目にして初めて自責点が付きました。\n\n#rakuteneagles","truncated":false,"entities":{"hashtags":[{"text":"rakuteneagles","indices":[67,81]}],"symbols":[],"user_mentions":[],"urls":[]},"metadata":{"iso_language_code":"ja","result_type":"recent"},"source":"<a href=\"https://about.twitter.com/products/tweetdeck\" rel=\"nofollow\">TweetDeck</a>","in_reply_to_status_id":null,"in_reply_to_status_id_str":null,"in_reply_to_user_id":null,"in_reply_to_user_id_str":null,"in_reply_to_screen_name":null,"user":{"id":2462822395,"id_str":"2462822395","name":"ベースボールキング","screen_name":"BaseballkingJP","location":"プロ野球を明るく！楽しく！","description":"野球情報サイト『BASEBALL KING（ベースボールキング）』の公式アカウントです。ニュースやコラムなど、日米の野球情報を中心につぶやきます！","url":"https://t.co/397sqtZDjn","entities":{"url":{"urls":[{"url":"https://t.co/397sqtZDjn","expanded_url":"https://baseballking.jp/","display_url":"baseballking.jp","indices":[0,23]}]},"description":{"urls":[]}},"protected":false,"followers_count":108880,"friends_count":16952,"listed_count":1015,"created_at":"Fri Apr 25 06:59:48 +0000 2014","favourites_count":24,"utc_offset":32400,"time_zone":"Tokyo","geo_enabled":true,"verified":false,"statuses_count":35128,"lang":"ja","contributors_enabled":false,"is_translator":false,"is_translation_enabled":false,"profile_background_color":"C0DEED","profile_background_image_url":"http://abs.twimg.com/images/themes/theme1/bg.png","profile_background_image_url_https":"https://abs.twimg.com/images/themes/theme1/bg.png","profile_background_tile":false,"profile_image_url":"http://pbs.twimg.com/profile_images/875552573691838464/ifZIMyu__normal.jpg","profile_image_url_https":"https://pbs.twimg.com/profile_images/875552573691838464/ifZIMyu__normal.jpg","profile_banner_url":"https://pbs.twimg.com/profile_banners/2462822395/1474890379","profile_link_color":"4A913C","profile_sidebar_border_color":"000000","profile_sidebar_fill_color":"000000","profile_text_color":"000000","profile_use_background_image":true,"has_extended_profile":false,"default_profile":false,"default_profile_image":false,"following":false,"follow_request_sent":false,"notifications":false,"translator_type":"none"},"geo":null,"coordinates":null,"place":null,"contributors":null,"is_quote_status":false,"retweet_count":536,"favorite_count":377,"favorited":false,"retweeted":false,"lang":"ja"},{"created_at":"Thu Jul 20 11:45:19 +0000 2017","id":888001871893241900,"id_str":"888001871893241856","text":"まふまふ、10月にソロアルバム「明日色ワールドエンド」発表 https://t.co/RIgQAdZe1d","truncated":false,"entities":{"hashtags":[],"symbols":[],"user_mentions":[],"urls":[{"url":"https://t.co/RIgQAdZe1d","expanded_url":"http://natalie.mu/music/news/241631","display_url":"natalie.mu/music/news/241…","indices":[30,53]}]},"metadata":{"iso_language_code":"ja","result_type":"recent"},"source":"<a href=\"http://natalie.mu/music\" rel=\"nofollow\">ナタリー</a>","in_reply_to_status_id":null,"in_reply_to_status_id_str":null,"in_reply_to_user_id":null,"in_reply_to_user_id_str":null,"in_reply_to_screen_name":null,"user":{"id":5649672,"id_str":"5649672","name":"音楽ナタリー","screen_name":"natalie_mu","location":"東京","description":"国内No.1の情報量を誇る音楽ニュースサイト。コミックナタリー（@comic_natalie）、お笑いナタリー（@owarai_natalie）、映画ナタリー（@eiga_natalie）、ステージナタリー（@stage_natalie）、ナタリーストア（@natalie_store）もあわせてどうぞ。","url":"http://t.co/5Y8DX61xfe","entities":{"url":{"urls":[{"url":"http://t.co/5Y8DX61xfe","expanded_url":"http://natalie.mu/music","display_url":"natalie.mu/music","indices":[0,22]}]},"description":{"urls":[]}},"protected":false,"followers_count":1046513,"friends_count":5,"listed_count":22633,"created_at":"Mon Apr 30 11:00:09 +0000 2007","favourites_count":0,"utc_offset":32400,"time_zone":"Tokyo","geo_enabled":false,"verified":true,"statuses_count":122091,"lang":"ja","contributors_enabled":false,"is_translator":false,"is_translation_enabled":true,"profile_background_color":"E4E0D9","profile_background_image_url":"http://pbs.twimg.com/profile_background_images/4244540/music_bg.png","profile_background_image_url_https":"https://pbs.twimg.com/profile_background_images/4244540/music_bg.png","profile_background_tile":false,"profile_image_url":"http://pbs.twimg.com/profile_images/541889848726921216/idvp5jki_normal.png","profile_image_url_https":"https://pbs.twimg.com/profile_images/541889848726921216/idvp5jki_normal.png","profile_banner_url":"https://pbs.twimg.com/profile_banners/5649672/1418031562","profile_link_color":"F980BC","profile_sidebar_border_color":"E4E0D9","profile_sidebar_fill_color":"FFFFFF","profile_text_color":"000000","profile_use_background_image":true,"has_extended_profile":false,"default_profile":false,"default_profile_image":false,"following":false,"follow_request_sent":false,"notifications":false,"translator_type":"none"},"geo":null,"coordinates":null,"place":null,"contributors":null,"is_quote_status":false,"retweet_count":788,"favorite_count":1428,"favorited":false,"retweeted":false,"possibly_sensitive":false,"lang":"ja"},{"created_at":"Thu Jul 20 11:44:12 +0000 2017","id":888001594167402500,"id_str":"888001594167402496","text":"きょうのめざましライブにはTHE RAMPAGE from EXILE TRIBEのみなさんが登場！あすはテンションMAXなライブの模様をお届けするよ(*&gt;∀&lt;*)\n\nそしてみなさんはめざましじゃんけん2戦目にも登場！\n7時45分… https://t.co/uRmMZ75n6y","truncated":true,"entities":{"hashtags":[],"symbols":[],"user_mentions":[],"urls":[{"url":"https://t.co/uRmMZ75n6y","expanded_url":"https://twitter.com/i/web/status/888001594167402496","display_url":"twitter.com/i/web/status/8…","indices":[123,146]}]},"metadata":{"iso_language_code":"ja","result_type":"recent"},"source":"<a href=\"http://twitter.com\" rel=\"nofollow\">Twitter Web Client</a>","in_reply_to_status_id":null,"in_reply_to_status_id_str":null,"in_reply_to_user_id":null,"in_reply_to_user_id_str":null,"in_reply_to_screen_name":null,"user":{"id":1463837886,"id_str":"1463837886","name":"めざましテレビ","screen_name":"cx_mezamashi","location":"","description":"フジテレビ「めざましテレビ」の公式アカウントです！「#めざましテレビ」を付けたコメントは放送で使われることも♪／「めざましテレビスタッフ(@mezastaff)」「ココ調スタッフ(@cx_mezacoco)」も番組公式アカウントです／出演者告知は予告なく変更する場合があります。","url":"http://t.co/fExlZ7pFie","entities":{"url":{"urls":[{"url":"http://t.co/fExlZ7pFie","expanded_url":"http://www.fujitv.co.jp/meza/index.html","display_url":"fujitv.co.jp/meza/index.html","indices":[0,22]}]},"description":{"urls":[]}},"protected":false,"followers_count":461502,"friends_count":14,"listed_count":2693,"created_at":"Tue May 28 05:04:01 +0000 2013","favourites_count":5,"utc_offset":32400,"time_zone":"Tokyo","geo_enabled":false,"verified":true,"statuses_count":25876,"lang":"ja","contributors_enabled":false,"is_translator":false,"is_translation_enabled":false,"profile_background_color":"E2FF98","profile_background_image_url":"http://pbs.twimg.com/profile_background_images/378800000015366466/38b8bc51c85a8fd756e7f6fe74554efb.jpeg","profile_background_image_url_https":"https://pbs.twimg.com/profile_background_images/378800000015366466/38b8bc51c85a8fd756e7f6fe74554efb.jpeg","profile_background_tile":false,"profile_image_url":"http://pbs.twimg.com/profile_images/875437355028463617/IO_ZaC6p_normal.jpg","profile_image_url_https":"https://pbs.twimg.com/profile_images/875437355028463617/IO_ZaC6p_normal.jpg","profile_banner_url":"https://pbs.twimg.com/profile_banners/1463837886/1459768595","profile_link_color":"F88F47","profile_sidebar_border_color":"FFFFFF","profile_sidebar_fill_color":"DDEEF6","profile_text_color":"333333","profile_use_background_image":true,"has_extended_profile":false,"default_profile":false,"default_profile_image":false,"following":false,"follow_request_sent":false,"notifications":false,"translator_type":"none"},"geo":null,"coordinates":null,"place":null,"contributors":null,"is_quote_status":false,"retweet_count":564,"favorite_count":1761,"favorited":false,"retweeted":false,"possibly_sensitive":false,"lang":"ja"},{"created_at":"Thu Jul 20 11:42:50 +0000 2017","id":888001248846258200,"id_str":"888001248846258176","text":"『夢のまた夢』と『罰ゲーム』ミリオンありがとう！\nＣＤ発表までにいったらいいなって思っていたら...！　\nしかし！！それを予知して準備していたものが！！\n過去曲にもスポットをあてたくて！！例のアレです！！！\n\n明日の１８時に『夢のまた夢』の実写MVを投稿します！！（ようつべ）","truncated":false,"entities":{"hashtags":[],"symbols":[],"user_mentions":[],"urls":[]},"metadata":{"iso_language_code":"ja","result_type":"recent"},"source":"<a href=\"http://twitter.com\" rel=\"nofollow\">Twitter Web Client</a>","in_reply_to_status_id":null,"in_reply_to_status_id_str":null,"in_reply_to_user_id":null,"in_reply_to_user_id_str":null,"in_reply_to_screen_name":null,"user":{"id":268758461,"id_str":"268758461","name":"まふまふ＠何でも屋さん","screen_name":"uni_mafumafu","location":"夢の中","description":"何でも屋です。ねむり　歌 / 作詞作曲 / 編曲　After the Rain、オリコンウィークリー２位獲得しました　まふてる⇒(@uni_mafuteru) ニコニコ動画 https://t.co/9XtigvFrOE  Youtube https://t.co/QoUG6At4z2","url":"https://t.co/cSdsbyhY3S","entities":{"url":{"urls":[{"url":"https://t.co/cSdsbyhY3S","expanded_url":"http://uni-mafumafu.jp/","display_url":"uni-mafumafu.jp","indices":[0,23]}]},"description":{"urls":[{"url":"https://t.co/9XtigvFrOE","expanded_url":"http://goo.gl/UQU30u","display_url":"goo.gl/UQU30u","indices":[87,110]},{"url":"https://t.co/QoUG6At4z2","expanded_url":"http://youtube.com/c/uni_mafumafu","display_url":"youtube.com/c/uni_mafumafu","indices":[120,143]}]}},"protected":false,"followers_count":859073,"friends_count":427,"listed_count":9331,"created_at":"Sat Mar 19 12:05:43 +0000 2011","favourites_count":2180,"utc_offset":null,"time_zone":null,"geo_enabled":false,"verified":true,"statuses_count":51690,"lang":"ja","contributors_enabled":false,"is_translator":false,"is_translation_enabled":false,"profile_background_color":"131516","profile_background_image_url":"http://pbs.twimg.com/profile_background_images/489831337700777985/V9q5tR8K.png","profile_background_image_url_https":"https://pbs.twimg.com/profile_background_images/489831337700777985/V9q5tR8K.png","profile_background_tile":false,"profile_image_url":"http://pbs.twimg.com/profile_images/852817717774004225/yyRc5caq_normal.jpg","profile_image_url_https":"https://pbs.twimg.com/profile_images/852817717774004225/yyRc5caq_normal.jpg","profile_banner_url":"https://pbs.twimg.com/profile_banners/268758461/1464252254","profile_link_color":"009999","profile_sidebar_border_color":"FFFFFF","profile_sidebar_fill_color":"252429","profile_text_color":"666666","profile_use_background_image":true,"has_extended_profile":false,"default_profile":false,"default_profile_image":false,"following":false,"follow_request_sent":false,"notifications":false,"translator_type":"none"},"geo":null,"coordinates":null,"place":null,"contributors":null,"is_quote_status":false,"retweet_count":4771,"favorite_count":16318,"favorited":false,"retweeted":false,"lang":"ja"}],"search_metadata":{"completed_in":0.148,"max_id":888007017725546500,"max_id_str":"888007017725546496","next_results":"?max_id=888001248846258175&q=lang%3Aja%20min_retweets%3A500&include_entities=1","query":"lang%3Aja+min_retweets%3A500","refresh_url":"?since_id=888007017725546496&q=lang%3Aja%20min_retweets%3A500&include_entities=1","count":15,"since_id":0,"since_id_str":"0"}}