{"statuses":[{"created_at":"Wed Jul 19 11:04:06 +0000 2017","id":887629114873593900,"id_str":"887629114873593856","text":"8/24発売「OK?」に収録される\n#17thkiss\n#恋す肌\n#愛tears\n西島が作詞した3曲の歌詞がリリースに先駆けて先行公開されました！\n物語にも繋がる言葉たち\n是非チェックしてみてください♪… https://t.co/7nW8pU6LLE","truncated":true,"entities":{"hashtags":[{"text":"17thkiss","indices":[18,27]},{"text":"恋す肌","indices":[28,32]},{"text":"愛tears","indices":[33,40]}],"symbols":[],"user_mentions":[],"urls":[{"url":"https://t.co/7nW8pU6LLE","expanded_url":"https://twitter.com/i/web/status/887629114873593856","display_url":"twitter.com/i/web/status/8…","indices":[103,126]}]},"metadata":{"iso_language_code":"ja","result_type":"recent"},"source":"<a href=\"http://twitter.com/download/iphone\" rel=\"nofollow\">Twitter for iPhone</a>","in_reply_to_status_id":null,"in_reply_to_status_id_str":null,"in_reply_to_user_id":null,"in_reply_to_user_id_str":null,"in_reply_to_screen_name":null,"user":{"id":3180211088,"id_str":"3180211088","name":"Nissy_staff","screen_name":"NissyStaff","location":"","description":"Nissy(西島隆弘)のSTAFF Twitterです。","url":null,"entities":{"description":{"urls":[]}},"protected":false,"followers_count":262480,"friends_count":0,"listed_count":1657,"created_at":"Thu Apr 30 04:50:28 +0000 2015","favourites_count":1147,"utc_offset":null,"time_zone":null,"geo_enabled":true,"verified":false,"statuses_count":251,"lang":"ja","contributors_enabled":false,"is_translator":false,"is_translation_enabled":false,"profile_background_color":"C0DEED","profile_background_image_url":"http://abs.twimg.com/images/themes/theme1/bg.png","profile_background_image_url_https":"https://abs.twimg.com/images/themes/theme1/bg.png","profile_background_tile":false,"profile_image_url":"http://pbs.twimg.com/profile_images/593639633235251201/wySGl321_normal.jpg","profile_image_url_https":"https://pbs.twimg.com/profile_images/593639633235251201/wySGl321_normal.jpg","profile_banner_url":"https://pbs.twimg.com/profile_banners/3180211088/1430369692","profile_link_color":"1DA1F2","profile_sidebar_border_color":"C0DEED","profile_sidebar_fill_color":"DDEEF6","profile_text_color":"333333","profile_use_background_image":true,"has_extended_profile":false,"default_profile":true,"default_profile_image":false,"following":false,"follow_request_sent":false,"notifications":false,"translator_type":"none"},"geo":null,"coordinates":null,"place":null,"contributors":null,"is_quote_status":false,"retweet_count":1730,"favorite_count":5987,"favorited":false,"retweeted":false,"possibly_sensitive":false,"lang":"ja"},{"created_at":"Wed Jul 19 11:03:16 +0000 2017","id":887628902121652200,"id_str":"887628902121652224","text":"【グランブルーファンタジー】特別生放送「グランブルーファンタジー　夏だ！海だ！グラブルだ！SP」のお知らせを公式サイトにて掲載いたしました。詳しくはこちら⇒ https://t.co/cC1VrZWoRv  #グラブル https://t.co/kzjU0DKFxj","truncated":false,"entities":{"hashtags":[{"text":"グラブル","indices":[104,109]}],"symbols":[],"user_mentions":[],"urls":[{"url":"https://t.co/cC1VrZWoRv","expanded_url":"http://eng.mg/727db","display_url":"eng.mg/727db","indices":[79,102]}],"media":[{"id":887628899001094100,"id_str":"887628899001094145","indices":[110,133],"media_url":"http://pbs.twimg.com/media/DFF9x-FU0AEMC8m.jpg","media_url_https":"https://pbs.twimg.com/media/DFF9x-FU0AEMC8m.jpg","url":"https://t.co/kzjU0DKFxj","display_url":"pic.twitter.com/kzjU0DKFxj","expanded_url":"https://twitter.com/granbluefantasy/status/887628902121652224/photo/1","type":"photo","sizes":{"small":{"w":600,"h":300,"resize":"fit"},"thumb":{"w":150,"h":150,"resize":"crop"},"medium":{"w":600,"h":300,"resize":"fit"},"large":{"w":600,"h":300,"resize":"fit"}}}]},"extended_entities":{"media":[{"id":887628899001094100,"id_str":"887628899001094145","indices":[110,133],"media_url":"http://pbs.twimg.com/media/DFF9x-FU0AEMC8m.jpg","media_url_https":"https://pbs.twimg.com/media/DFF9x-FU0AEMC8m.jpg","url":"https://t.co/kzjU0DKFxj","display_url":"pic.twitter.com/kzjU0DKFxj","expanded_url":"https://twitter.com/granbluefantasy/status/887628902121652224/photo/1","type":"photo","sizes":{"small":{"w":600,"h":300,"resize":"fit"},"thumb":{"w":150,"h":150,"resize":"crop"},"medium":{"w":600,"h":300,"resize":"fit"},"large":{"w":600,"h":300,"resize":"fit"}}}]},"metadata":{"iso_language_code":"ja","result_type":"recent"},"source":"<a href=\"http://engagemanager.tribalmedia.co.jp/\" rel=\"nofollow\">EngageManager</a>","in_reply_to_status_id":null,"in_reply_to_status_id_str":null,"in_reply_to_user_id":null,"in_reply_to_user_id_str":null,"in_reply_to_screen_name":null,"user":{"id":1549889018,"id_str":"1549889018","name":"グランブルーファンタジー","screen_name":"granbluefantasy","location":"","description":"｢グランブルーファンタジー｣公式Twitterアカウントです。運営からのお知らせをツイートします。","url":"https://t.co/15Gqq9oUyB","entities":{"url":{"urls":[{"url":"https://t.co/15Gqq9oUyB","expanded_url":"http://granbluefantasy.jp/","display_url":"granbluefantasy.jp","indices":[0,23]}]},"description":{"urls":[]}},"protected":false,"followers_count":451997,"friends_count":15,"listed_count":6147,"created_at":"Thu Jun 27 06:05:10 +0000 2013","favourites_count":0,"utc_offset":28800,"time_zone":"Irkutsk","geo_enabled":false,"verified":true,"statuses_count":5147,"lang":"ja","contributors_enabled":false,"is_translator":false,"is_translation_enabled":false,"profile_background_color":"131516","profile_background_image_url":"http://pbs.twimg.com/profile_background_images/378800000141035672/NJ6ibXgz.jpeg","profile_background_image_url_https":"https://pbs.twimg.com/profile_background_images/378800000141035672/NJ6ibXgz.jpeg","profile_background_tile":false,"profile_image_url":"http://pbs.twimg.com/profile_images/875517323288891393/NAdjoxu8_normal.jpg","profile_image_url_https":"https://pbs.twimg.com/profile_images/875517323288891393/NAdjoxu8_normal.jpg","profile_banner_url":"https://pbs.twimg.com/profile_banners/1549889018/1401448093","profile_link_color":"009999","profile_sidebar_border_color":"FFFFFF","profile_sidebar_fill_color":"EFEFEF","profile_text_color":"333333","profile_use_background_image":true,"has_extended_profile":false,"default_profile":false,"default_profile_image":false,"following":false,"follow_request_sent":false,"notifications":false,"translator_type":"none"},"geo":null,"coordinates":null,"place":null,"contributors":null,"is_quote_status":false,"retweet_count":2390,"favorite_count":845,"favorited":false,"retweeted":false,"possibly_sensitive":false,"lang":"ja"},{"created_at":"Wed Jul 19 11:00:57 +0000 2017","id":887628321663590400,"id_str":"887628321663590400","text":"✨本編スタート予告✨\n荒木田本編スタートに先立ちまして、story0を《7月21日18:00》からパズルマップにて先行公開致します！\nこの数奇な“不運”は、近い将来、この青年に新たなストーリーを与えることになる。……これは本棚に積… https://t.co/XfgqQCUSUE","truncated":true,"entities":{"hashtags":[],"symbols":[],"user_mentions":[],"urls":[{"url":"https://t.co/XfgqQCUSUE","expanded_url":"https://twitter.com/i/web/status/887628321663590400","display_url":"twitter.com/i/web/status/8…","indices":[117,140]}]},"metadata":{"iso_language_code":"ja","result_type":"recent"},"source":"<a href=\"http://twitter.com\" rel=\"nofollow\">Twitter Web Client</a>","in_reply_to_status_id":null,"in_reply_to_status_id_str":null,"in_reply_to_user_id":null,"in_reply_to_user_id_str":null,"in_reply_to_screen_name":null,"user":{"id":720551938731814900,"id_str":"720551938731814912","name":"【公式】スタンドマイヒーローズ","screen_name":"myhero_info","location":"","description":"２０人以上の豪華声優陣登場！女性向けスマホパズル×シナリオゲーム「スタンド マイヒーローズ」の公式アカウントです！ #スタマイ 個別返信は行っておりません。お問い合わせはゲームのタイトル画面よりお願い致します。【colyオフィシャルグッズストア https://t.co/GvFFkpPHYk 】","url":"https://t.co/wtjjk5YJTk","entities":{"url":{"urls":[{"url":"https://t.co/wtjjk5YJTk","expanded_url":"http://colyinc.com/myhero/","display_url":"colyinc.com/myhero/","indices":[0,23]}]},"description":{"urls":[{"url":"https://t.co/GvFFkpPHYk","expanded_url":"http://coly-shop.com/","display_url":"coly-shop.com","indices":[123,146]}]}},"protected":false,"followers_count":64673,"friends_count":49,"listed_count":783,"created_at":"Thu Apr 14 09:59:04 +0000 2016","favourites_count":226,"utc_offset":-25200,"time_zone":"Pacific Time (US & Canada)","geo_enabled":false,"verified":false,"statuses_count":1092,"lang":"ja","contributors_enabled":false,"is_translator":false,"is_translation_enabled":false,"profile_background_color":"F5F8FA","profile_background_image_url":null,"profile_background_image_url_https":null,"profile_background_tile":false,"profile_image_url":"http://pbs.twimg.com/profile_images/836752394331414528/ASQ7EMr9_normal.jpg","profile_image_url_https":"https://pbs.twimg.com/profile_images/836752394331414528/ASQ7EMr9_normal.jpg","profile_banner_url":"https://pbs.twimg.com/profile_banners/720551938731814912/1486981055","profile_link_color":"1DA1F2","profile_sidebar_border_color":"C0DEED","profile_sidebar_fill_color":"DDEEF6","profile_text_color":"333333","profile_use_background_image":true,"has_extended_profile":false,"default_profile":true,"default_profile_image":false,"following":false,"follow_request_sent":false,"notifications":false,"translator_type":"none"},"geo":null,"coordinates":null,"place":null,"contributors":null,"is_quote_status":false,"retweet_count":1285,"favorite_count":1199,"favorited":false,"retweeted":false,"possibly_sensitive":false,"lang":"ja"},{"created_at":"Wed Jul 19 11:00:12 +0000 2017","id":887628132944969700,"id_str":"887628132944969728","text":"【動画】ツインズ／CHiCO with HoneyWorks https://t.co/3buGIYfX5B を投稿しました。 #sm31597968","truncated":false,"entities":{"hashtags":[{"text":"sm31597968","indices":[64,75]}],"symbols":[],"user_mentions":[],"urls":[{"url":"https://t.co/3buGIYfX5B","expanded_url":"http://nico.ms/sm31597968?nicorepotwitter_upload_video","display_url":"nico.ms/sm31597968?nic…","indices":[31,54]}]},"metadata":{"iso_language_code":"ja","result_type":"recent"},"source":"<a href=\"http://www.nicovideo.jp/\" rel=\"nofollow\">niconico ニコレポ連携</a>","in_reply_to_status_id":null,"in_reply_to_status_id_str":null,"in_reply_to_user_id":null,"in_reply_to_user_id_str":null,"in_reply_to_screen_name":null,"user":{"id":93682888,"id_str":"93682888","name":"shito(HoneyWorks)","screen_name":"shito_stereo","location":"","description":"音楽作ってます。HoneyWorks(ハニーワークス)／CHiCO with HoneyWorks／Instagram:https://t.co/bfhu1yI0E6","url":"https://t.co/zDR1txWbt7","entities":{"url":{"urls":[{"url":"https://t.co/zDR1txWbt7","expanded_url":"http://honeyworks.jp/","display_url":"honeyworks.jp","indices":[0,23]}]},"description":{"urls":[{"url":"https://t.co/bfhu1yI0E6","expanded_url":"http://www.instagram.com/shito_honeyworks/","display_url":"instagram.com/shito_honeywor…","indices":[60,83]}]}},"protected":false,"followers_count":173196,"friends_count":246,"listed_count":1673,"created_at":"Mon Nov 30 18:17:04 +0000 2009","favourites_count":0,"utc_offset":32400,"time_zone":"Tokyo","geo_enabled":false,"verified":true,"statuses_count":21185,"lang":"ja","contributors_enabled":false,"is_translator":false,"is_translation_enabled":false,"profile_background_color":"FFFFFF","profile_background_image_url":"http://pbs.twimg.com/profile_background_images/192678225/c.png","profile_background_image_url_https":"https://pbs.twimg.com/profile_background_images/192678225/c.png","profile_background_tile":false,"profile_image_url":"http://pbs.twimg.com/profile_images/877024473345540096/wYvIQDeE_normal.jpg","profile_image_url_https":"https://pbs.twimg.com/profile_images/877024473345540096/wYvIQDeE_normal.jpg","profile_banner_url":"https://pbs.twimg.com/profile_banners/93682888/1435699311","profile_link_color":"0099B9","profile_sidebar_border_color":"FFFFFF","profile_sidebar_fill_color":"95E8EC","profile_text_color":"3C3940","profile_use_background_image":false,"has_extended_profile":false,"default_profile":false,"default_profile_image":false,"following":false,"follow_request_sent":false,"notifications":false,"translator_type":"none"},"geo":null,"coordinates":null,"place":null,"contributors":null,"is_quote_status":false,"retweet_count":1120,"favorite_count":1755,"favorited":false,"retweeted":false,"possibly_sensitive":false,"lang":"ja"},{"created_at":"Wed Jul 19 11:00:12 +0000 2017","id":887628130956984300,"id_str":"887628130956984321","text":"【動画】【爽快に】あの娘シークレット 歌ってみた ver.Sou https://t.co/KDEUPvDbfd を投稿しました。 #sm31597999","truncated":false,"entities":{"hashtags":[{"text":"sm31597999","indices":[66,77]}],"symbols":[],"user_mentions":[],"urls":[{"url":"https://t.co/KDEUPvDbfd","expanded_url":"http://nico.ms/sm31597999?nicorepotwitter_upload_video","display_url":"nico.ms/sm31597999?nic…","indices":[33,56]}]},"metadata":{"iso_language_code":"ja","result_type":"recent"},"source":"<a href=\"http://www.nicovideo.jp/\" rel=\"nofollow\">niconico ニコレポ連携</a>","in_reply_to_status_id":null,"in_reply_to_status_id_str":null,"in_reply_to_user_id":null,"in_reply_to_user_id_str":null,"in_reply_to_screen_name":null,"user":{"id":1689545382,"id_str":"1689545382","name":"Sou@本日20時動画あげるでやんすー","screen_name":"Nico_nico_Sou","location":"爽快の人です ","description":"依頼等はこちらからお願いします→sou_nico_nico@yahoo.co.jp / YouTube：https://t.co/cLctDudGms niconico：https://t.co/tu8dXcg3mA","url":"https://t.co/JIencCCth1","entities":{"url":{"urls":[{"url":"https://t.co/JIencCCth1","expanded_url":"http://Instagram.com/____sou","display_url":"Instagram.com/____sou","indices":[0,23]}]},"description":{"urls":[{"url":"https://t.co/cLctDudGms","expanded_url":"https://www.youtube.com/c/niconicoSou","display_url":"youtube.com/c/niconicoSou","indices":[52,75]},{"url":"https://t.co/tu8dXcg3mA","expanded_url":"http://www.nicovideo.jp/mylist/35381695","display_url":"nicovideo.jp/mylist/35381695","indices":[85,108]}]}},"protected":false,"followers_count":191883,"friends_count":563,"listed_count":2693,"created_at":"Thu Aug 22 00:28:37 +0000 2013","favourites_count":12163,"utc_offset":32400,"time_zone":"Tokyo","geo_enabled":true,"verified":false,"statuses_count":60943,"lang":"ja","contributors_enabled":false,"is_translator":false,"is_translation_enabled":false,"profile_background_color":"C0DEED","profile_background_image_url":"http://pbs.twimg.com/profile_background_images/655070158608732162/0aslHuao.jpg","profile_background_image_url_https":"https://pbs.twimg.com/profile_background_images/655070158608732162/0aslHuao.jpg","profile_background_tile":true,"profile_image_url":"http://pbs.twimg.com/profile_images/868812284281344001/YUZA685V_normal.jpg","profile_image_url_https":"https://pbs.twimg.com/profile_images/868812284281344001/YUZA685V_normal.jpg","profile_banner_url":"https://pbs.twimg.com/profile_banners/1689545382/1461087807","profile_link_color":"0084B4","profile_sidebar_border_color":"000000","profile_sidebar_fill_color":"000000","profile_text_color":"000000","profile_use_background_image":true,"has_extended_profile":true,"default_profile":false,"default_profile_image":false,"following":false,"follow_request_sent":false,"notifications":false,"translator_type":"none"},"geo":null,"coordinates":null,"place":null,"contributors":null,"is_quote_status":false,"retweet_count":1622,"favorite_count":3039,"favorited":false,"retweeted":false,"possibly_sensitive":false,"lang":"ja"},{"created_at":"Wed Jul 19 10:58:46 +0000 2017","id":887627771752665100,"id_str":"887627771752665088","text":"今日放送した「おじゃＭＡＰ!!」で使用した楽曲を教えちゃいます！！\n\n忌野清志郎『少年時代』\n菊次郎の夏 サウンドトラック『Summer』\n奥田民生『花になる』\nSMAP『はじまりのうた』\n玉置浩二『田園』","truncated":false,"entities":{"hashtags":[],"symbols":[],"user_mentions":[],"urls":[]},"metadata":{"iso_language_code":"ja","result_type":"recent"},"source":"<a href=\"http://bufferapp.com\" rel=\"nofollow\">Buffer</a>","in_reply_to_status_id":null,"in_reply_to_status_id_str":null,"in_reply_to_user_id":null,"in_reply_to_user_id_str":null,"in_reply_to_screen_name":null,"user":{"id":838559106331893800,"id_str":"838559106331893760","name":"おじゃMAP!!【公式】","screen_name":"oja_map","location":"","description":"毎週水曜よる７時フジテレビ系列にて放送！なんでもありのロケバラエティ「おじゃＭＡＰ!!」国民的スター香取慎吾＆アンタッチャブル山崎弘也が日本中のあちこちにいきなりおじゃましちゃいます！ときには海外なんてことも…！？ハプニングあり！笑いあり！ときには感動の涙も？？どんな場所で、どんな出会いがあるのか！？ お楽しみに～！！","url":"https://t.co/28QcThpyWm","entities":{"url":{"urls":[{"url":"https://t.co/28QcThpyWm","expanded_url":"http://www.fujitv.co.jp/ojamap/","display_url":"fujitv.co.jp/ojamap/","indices":[0,23]}]},"description":{"urls":[]}},"protected":false,"followers_count":21596,"friends_count":0,"listed_count":86,"created_at":"Mon Mar 06 01:17:25 +0000 2017","favourites_count":0,"utc_offset":null,"time_zone":null,"geo_enabled":false,"verified":false,"statuses_count":132,"lang":"ja","contributors_enabled":false,"is_translator":false,"is_translation_enabled":false,"profile_background_color":"F5F8FA","profile_background_image_url":null,"profile_background_image_url_https":null,"profile_background_tile":false,"profile_image_url":"http://pbs.twimg.com/profile_images/846307384012156928/40B_NHFt_normal.jpg","profile_image_url_https":"https://pbs.twimg.com/profile_images/846307384012156928/40B_NHFt_normal.jpg","profile_banner_url":"https://pbs.twimg.com/profile_banners/838559106331893760/1490610688","profile_link_color":"1DA1F2","profile_sidebar_border_color":"C0DEED","profile_sidebar_fill_color":"DDEEF6","profile_text_color":"333333","profile_use_background_image":true,"has_extended_profile":false,"default_profile":true,"default_profile_image":false,"following":false,"follow_request_sent":false,"notifications":false,"translator_type":"none"},"geo":null,"coordinates":null,"place":null,"contributors":null,"is_quote_status":false,"retweet_count":620,"favorite_count":776,"favorited":false,"retweeted":false,"lang":"ja"},{"created_at":"Wed Jul 19 10:57:31 +0000 2017","id":887627456525500400,"id_str":"887627456525500416","text":"今日の放送はいかがでしたか？\n\n次回の「おじゃＭＡＰ!!」は、7/26(水)よる７時！\n\n初めてのお泊まり保育を経験する子どもたちのお世話を、新人保育士さんと共に、ガチでお手伝い！！\n\n男の保育士さんがいなくて、男手がどうしても欲… https://t.co/fVuONKQGRs","truncated":true,"entities":{"hashtags":[],"symbols":[],"user_mentions":[],"urls":[{"url":"https://t.co/fVuONKQGRs","expanded_url":"https://twitter.com/i/web/status/887627456525500416","display_url":"twitter.com/i/web/status/8…","indices":[117,140]}]},"metadata":{"iso_language_code":"ja","result_type":"recent"},"source":"<a href=\"http://bufferapp.com\" rel=\"nofollow\">Buffer</a>","in_reply_to_status_id":null,"in_reply_to_status_id_str":null,"in_reply_to_user_id":null,"in_reply_to_user_id_str":null,"in_reply_to_screen_name":null,"user":{"id":838559106331893800,"id_str":"838559106331893760","name":"おじゃMAP!!【公式】","screen_name":"oja_map","location":"","description":"毎週水曜よる７時フジテレビ系列にて放送！なんでもありのロケバラエティ「おじゃＭＡＰ!!」国民的スター香取慎吾＆アンタッチャブル山崎弘也が日本中のあちこちにいきなりおじゃましちゃいます！ときには海外なんてことも…！？ハプニングあり！笑いあり！ときには感動の涙も？？どんな場所で、どんな出会いがあるのか！？ お楽しみに～！！","url":"https://t.co/28QcThpyWm","entities":{"url":{"urls":[{"url":"https://t.co/28QcThpyWm","expanded_url":"http://www.fujitv.co.jp/ojamap/","display_url":"fujitv.co.jp/ojamap/","indices":[0,23]}]},"description":{"urls":[]}},"protected":false,"followers_count":21596,"friends_count":0,"listed_count":86,"created_at":"Mon Mar 06 01:17:25 +0000 2017","favourites_count":0,"utc_offset":null,"time_zone":null,"geo_enabled":false,"verified":false,"statuses_count":132,"lang":"ja","contributors_enabled":false,"is_translator":false,"is_translation_enabled":false,"profile_background_color":"F5F8FA","profile_background_image_url":null,"profile_background_image_url_https":null,"profile_background_tile":false,"profile_image_url":"http://pbs.twimg.com/profile_images/846307384012156928/40B_NHFt_normal.jpg","profile_image_url_https":"https://pbs.twimg.com/profile_images/846307384012156928/40B_NHFt_normal.jpg","profile_banner_url":"https://pbs.twimg.com/profile_banners/838559106331893760/1490610688","profile_link_color":"1DA1F2","profile_sidebar_border_color":"C0DEED","profile_sidebar_fill_color":"DDEEF6","profile_text_color":"333333","profile_use_background_image":true,"has_extended_profile":false,"default_profile":true,"default_profile_image":false,"following":false,"follow_request_sent":false,"notifications":false,"translator_type":"none"},"geo":null,"coordinates":null,"place":null,"contributors":null,"is_quote_status":false,"retweet_count":707,"favorite_count":790,"favorited":false,"retweeted":false,"possibly_sensitive":false,"lang":"ja"},{"created_at":"Wed Jul 19 10:51:56 +0000 2017","id":887626051559477200,"id_str":"887626051559477248","text":"【🔥出演情報🔥】\nまもなく20:00～ニコニコ生放送にて「THE RAMPAGE from EXILE TRIBE メンバー全員生出演～屋形船からDirty Disco～」スタートします✊\n是非、ご覧下さい‼️… https://t.co/CP4gu9hXU0","truncated":true,"entities":{"hashtags":[],"symbols":[],"user_mentions":[],"urls":[{"url":"https://t.co/CP4gu9hXU0","expanded_url":"https://twitter.com/i/web/status/887626051559477248","display_url":"twitter.com/i/web/status/8…","indices":[107,130]}]},"metadata":{"iso_language_code":"ja","result_type":"recent"},"source":"<a href=\"http://twitter.com/download/iphone\" rel=\"nofollow\">Twitter for iPhone</a>","in_reply_to_status_id":null,"in_reply_to_status_id_str":null,"in_reply_to_user_id":null,"in_reply_to_user_id_str":null,"in_reply_to_screen_name":null,"user":{"id":703069848457228300,"id_str":"703069848457228288","name":"THE RAMPAGE OFFICIAL","screen_name":"therampagefext","location":"","description":"THE RAMPAGE from EXILE TRIBE Official account‼ https://t.co/b2w9QtZAv0","url":"https://t.co/OTrUwgzH9S","entities":{"url":{"urls":[{"url":"https://t.co/OTrUwgzH9S","expanded_url":"https://www.instagram.com/the_rampage_official/","display_url":"instagram.com/the_rampage_of…","indices":[0,23]}]},"description":{"urls":[{"url":"https://t.co/b2w9QtZAv0","expanded_url":"http://the-rampage.jp/","display_url":"the-rampage.jp","indices":[47,70]}]}},"protected":false,"followers_count":309681,"friends_count":96,"listed_count":759,"created_at":"Fri Feb 26 04:11:29 +0000 2016","favourites_count":14,"utc_offset":-25200,"time_zone":"Pacific Time (US & Canada)","geo_enabled":false,"verified":true,"statuses_count":1496,"lang":"ja","contributors_enabled":false,"is_translator":false,"is_translation_enabled":false,"profile_background_color":"F5F8FA","profile_background_image_url":null,"profile_background_image_url_https":null,"profile_background_tile":false,"profile_image_url":"http://pbs.twimg.com/profile_images/791561824906809344/38ndfy6N_normal.jpg","profile_image_url_https":"https://pbs.twimg.com/profile_images/791561824906809344/38ndfy6N_normal.jpg","profile_banner_url":"https://pbs.twimg.com/profile_banners/703069848457228288/1498890358","profile_link_color":"1DA1F2","profile_sidebar_border_color":"C0DEED","profile_sidebar_fill_color":"DDEEF6","profile_text_color":"333333","profile_use_background_image":true,"has_extended_profile":false,"default_profile":true,"default_profile_image":false,"following":false,"follow_request_sent":false,"notifications":false,"translator_type":"none"},"geo":null,"coordinates":null,"place":null,"contributors":null,"is_quote_status":false,"retweet_count":587,"favorite_count":4214,"favorited":false,"retweeted":false,"possibly_sensitive":false,"lang":"ja"},{"created_at":"Wed Jul 19 10:51:52 +0000 2017","id":887626034408898600,"id_str":"887626034408898561","text":"我が創造主（@KSUWABE）より大いなる御言葉を承る #チュウニズムAIR https://t.co/j7Jx56icKF","truncated":false,"entities":{"hashtags":[{"text":"チュウニズムAIR","indices":[28,38]}],"symbols":[],"user_mentions":[{"screen_name":"KSUWABE","name":"ケースワベ【金-東M04b】","id":66100180,"id_str":"66100180","indices":[6,14]}],"urls":[],"media":[{"id":887625917706543100,"id_str":"887625917706543104","indices":[39,62],"media_url":"http://pbs.twimg.com/media/DFF7Eb5UIAApP1S.jpg","media_url_https":"https://pbs.twimg.com/media/DFF7Eb5UIAApP1S.jpg","url":"https://t.co/j7Jx56icKF","display_url":"pic.twitter.com/j7Jx56icKF","expanded_url":"https://twitter.com/anayama_daisuke/status/887626034408898561/photo/1","type":"photo","sizes":{"medium":{"w":1200,"h":600,"resize":"fit"},"thumb":{"w":150,"h":150,"resize":"crop"},"small":{"w":680,"h":340,"resize":"fit"},"large":{"w":2048,"h":1024,"resize":"fit"}}}]},"extended_entities":{"media":[{"id":887625917706543100,"id_str":"887625917706543104","indices":[39,62],"media_url":"http://pbs.twimg.com/media/DFF7Eb5UIAApP1S.jpg","media_url_https":"https://pbs.twimg.com/media/DFF7Eb5UIAApP1S.jpg","url":"https://t.co/j7Jx56icKF","display_url":"pic.twitter.com/j7Jx56icKF","expanded_url":"https://twitter.com/anayama_daisuke/status/887626034408898561/photo/1","type":"photo","sizes":{"medium":{"w":1200,"h":600,"resize":"fit"},"thumb":{"w":150,"h":150,"resize":"crop"},"small":{"w":680,"h":340,"resize":"fit"},"large":{"w":2048,"h":1024,"resize":"fit"}}}]},"metadata":{"iso_language_code":"ja","result_type":"recent"},"source":"<a href=\"http://twitter.com\" rel=\"nofollow\">Twitter Web Client</a>","in_reply_to_status_id":null,"in_reply_to_status_id_str":null,"in_reply_to_user_id":null,"in_reply_to_user_id_str":null,"in_reply_to_screen_name":null,"user":{"id":872432275228467200,"id_str":"872432275228467200","name":"穴山大輔＠SEGA","screen_name":"anayama_daisuke","location":"東京 大田区","description":"我が名は穴山大輔　混沌を司る破壊神也　チュウニズムを影から支配する者　セガ・インタラクティブ　サウンドチーム　@chunithm","url":"https://t.co/fwYdySo8fD","entities":{"url":{"urls":[{"url":"https://t.co/fwYdySo8fD","expanded_url":"http://chunithm.sega.jp/player/","display_url":"chunithm.sega.jp/player/","indices":[0,23]}]},"description":{"urls":[]}},"protected":false,"followers_count":388,"friends_count":7,"listed_count":2,"created_at":"Wed Jun 07 12:37:18 +0000 2017","favourites_count":1,"utc_offset":null,"time_zone":null,"geo_enabled":false,"verified":false,"statuses_count":4,"lang":"ja","contributors_enabled":false,"is_translator":false,"is_translation_enabled":false,"profile_background_color":"000000","profile_background_image_url":"http://abs.twimg.com/images/themes/theme1/bg.png","profile_background_image_url_https":"https://abs.twimg.com/images/themes/theme1/bg.png","profile_background_tile":false,"profile_image_url":"http://pbs.twimg.com/profile_images/887514226247385089/uP9oKTjS_normal.jpg","profile_image_url_https":"https://pbs.twimg.com/profile_images/887514226247385089/uP9oKTjS_normal.jpg","profile_banner_url":"https://pbs.twimg.com/profile_banners/872432275228467200/1500435392","profile_link_color":"981CEB","profile_sidebar_border_color":"000000","profile_sidebar_fill_color":"000000","profile_text_color":"000000","profile_use_background_image":false,"has_extended_profile":true,"default_profile":false,"default_profile_image":false,"following":false,"follow_request_sent":false,"notifications":false,"translator_type":"none"},"geo":null,"coordinates":null,"place":null,"contributors":null,"is_quote_status":false,"retweet_count":552,"favorite_count":403,"favorited":false,"retweeted":false,"possibly_sensitive":false,"lang":"ja"},{"created_at":"Wed Jul 19 10:51:14 +0000 2017","id":887625874870222800,"id_str":"887625874870222848","text":"ブログ更新させて頂きました🙌\n皆さん是非チェックお願い致します🙏✨✨✨\n↓↓↓\nhttps://t.co/uT0FJJ8MEb\n\n川村壱馬\n\n#本日は\n#3rdSingle\n#DirtyDisco\n#リリース日… https://t.co/uAlqqcbVuR","truncated":true,"entities":{"hashtags":[{"text":"本日は","indices":[71,75]},{"text":"3rdSingle","indices":[76,86]},{"text":"DirtyDisco","indices":[87,98]},{"text":"リリース日","indices":[99,105]}],"symbols":[],"user_mentions":[],"urls":[{"url":"https://t.co/uT0FJJ8MEb","expanded_url":"http://the-rampage.jp/","display_url":"the-rampage.jp","indices":[40,63]},{"url":"https://t.co/uAlqqcbVuR","expanded_url":"https://twitter.com/i/web/status/887625874870222848","display_url":"twitter.com/i/web/status/8…","indices":[107,130]}]},"metadata":{"iso_language_code":"ja","result_type":"recent"},"source":"<a href=\"http://twitter.com/download/iphone\" rel=\"nofollow\">Twitter for iPhone</a>","in_reply_to_status_id":null,"in_reply_to_status_id_str":null,"in_reply_to_user_id":null,"in_reply_to_user_id_str":null,"in_reply_to_screen_name":null,"user":{"id":703069848457228300,"id_str":"703069848457228288","name":"THE RAMPAGE OFFICIAL","screen_name":"therampagefext","location":"","description":"THE RAMPAGE from EXILE TRIBE Official account‼ https://t.co/b2w9QtZAv0","url":"https://t.co/OTrUwgzH9S","entities":{"url":{"urls":[{"url":"https://t.co/OTrUwgzH9S","expanded_url":"https://www.instagram.com/the_rampage_official/","display_url":"instagram.com/the_rampage_of…","indices":[0,23]}]},"description":{"urls":[{"url":"https://t.co/b2w9QtZAv0","expanded_url":"http://the-rampage.jp/","display_url":"the-rampage.jp","indices":[47,70]}]}},"protected":false,"followers_count":309681,"friends_count":96,"listed_count":759,"created_at":"Fri Feb 26 04:11:29 +0000 2016","favourites_count":14,"utc_offset":-25200,"time_zone":"Pacific Time (US & Canada)","geo_enabled":false,"verified":true,"statuses_count":1496,"lang":"ja","contributors_enabled":false,"is_translator":false,"is_translation_enabled":false,"profile_background_color":"F5F8FA","profile_background_image_url":null,"profile_background_image_url_https":null,"profile_background_tile":false,"profile_image_url":"http://pbs.twimg.com/profile_images/791561824906809344/38ndfy6N_normal.jpg","profile_image_url_https":"https://pbs.twimg.com/profile_images/791561824906809344/38ndfy6N_normal.jpg","profile_banner_url":"https://pbs.twimg.com/profile_banners/703069848457228288/1498890358","profile_link_color":"1DA1F2","profile_sidebar_border_color":"C0DEED","profile_sidebar_fill_color":"DDEEF6","profile_text_color":"333333","profile_use_background_image":true,"has_extended_profile":false,"default_profile":true,"default_profile_image":false,"following":false,"follow_request_sent":false,"notifications":false,"translator_type":"none"},"geo":null,"coordinates":null,"place":null,"contributors":null,"is_quote_status":false,"retweet_count":1034,"favorite_count":6775,"favorited":false,"retweeted":false,"possibly_sensitive":false,"lang":"ja"},{"created_at":"Wed Jul 19 10:46:42 +0000 2017","id":887624734292275200,"id_str":"887624734292275200","text":"香取が書いて、掛け軸も自作で作った作品！！\n\n「あちこたねぇ」は、「大丈夫だよ」という意味！\n\nさらに…\n\nみんなで作ったウェルカムボード！！\n\n部屋や玄関の雰囲気が、アイテム１つで、一気に変わりました!!!\n\n#おじゃマップ… https://t.co/Hw8lJI4Y1M","truncated":true,"entities":{"hashtags":[{"text":"おじゃマップ","indices":[106,113]}],"symbols":[],"user_mentions":[],"urls":[{"url":"https://t.co/Hw8lJI4Y1M","expanded_url":"https://twitter.com/i/web/status/887624734292275200","display_url":"twitter.com/i/web/status/8…","indices":[115,138]}]},"metadata":{"iso_language_code":"ja","result_type":"recent"},"source":"<a href=\"http://bufferapp.com\" rel=\"nofollow\">Buffer</a>","in_reply_to_status_id":null,"in_reply_to_status_id_str":null,"in_reply_to_user_id":null,"in_reply_to_user_id_str":null,"in_reply_to_screen_name":null,"user":{"id":838559106331893800,"id_str":"838559106331893760","name":"おじゃMAP!!【公式】","screen_name":"oja_map","location":"","description":"毎週水曜よる７時フジテレビ系列にて放送！なんでもありのロケバラエティ「おじゃＭＡＰ!!」国民的スター香取慎吾＆アンタッチャブル山崎弘也が日本中のあちこちにいきなりおじゃましちゃいます！ときには海外なんてことも…！？ハプニングあり！笑いあり！ときには感動の涙も？？どんな場所で、どんな出会いがあるのか！？ お楽しみに～！！","url":"https://t.co/28QcThpyWm","entities":{"url":{"urls":[{"url":"https://t.co/28QcThpyWm","expanded_url":"http://www.fujitv.co.jp/ojamap/","display_url":"fujitv.co.jp/ojamap/","indices":[0,23]}]},"description":{"urls":[]}},"protected":false,"followers_count":21596,"friends_count":0,"listed_count":86,"created_at":"Mon Mar 06 01:17:25 +0000 2017","favourites_count":0,"utc_offset":null,"time_zone":null,"geo_enabled":false,"verified":false,"statuses_count":132,"lang":"ja","contributors_enabled":false,"is_translator":false,"is_translation_enabled":false,"profile_background_color":"F5F8FA","profile_background_image_url":null,"profile_background_image_url_https":null,"profile_background_tile":false,"profile_image_url":"http://pbs.twimg.com/profile_images/846307384012156928/40B_NHFt_normal.jpg","profile_image_url_https":"https://pbs.twimg.com/profile_images/846307384012156928/40B_NHFt_normal.jpg","profile_banner_url":"https://pbs.twimg.com/profile_banners/838559106331893760/1490610688","profile_link_color":"1DA1F2","profile_sidebar_border_color":"C0DEED","profile_sidebar_fill_color":"DDEEF6","profile_text_color":"333333","profile_use_background_image":true,"has_extended_profile":false,"default_profile":true,"default_profile_image":false,"following":false,"follow_request_sent":false,"notifications":false,"translator_type":"none"},"geo":null,"coordinates":null,"place":null,"contributors":null,"is_quote_status":false,"retweet_count":1019,"favorite_count":1462,"favorited":false,"retweeted":false,"possibly_sensitive":false,"lang":"ja"},{"created_at":"Wed Jul 19 10:45:56 +0000 2017","id":887624541916209200,"id_str":"887624541916209152","text":"マンホールに向かって「母さん！もうわかったからあけて！！」と大声で鍵を締め出された風に演技する罰ゲームを実際にやってみたらただのヤバいやつになったwww https://t.co/UWpM3YCkLa","truncated":false,"entities":{"hashtags":[],"symbols":[],"user_mentions":[],"urls":[],"media":[{"id":887624296322940900,"id_str":"887624296322940930","indices":[77,100],"media_url":"http://pbs.twimg.com/ext_tw_video_thumb/887624296322940930/pu/img/HpBy9sr1mmZ-wGhF.jpg","media_url_https":"https://pbs.twimg.com/ext_tw_video_thumb/887624296322940930/pu/img/HpBy9sr1mmZ-wGhF.jpg","url":"https://t.co/UWpM3YCkLa","display_url":"pic.twitter.com/UWpM3YCkLa","expanded_url":"https://twitter.com/laters_kamemusi/status/887624541916209152/video/1","type":"photo","sizes":{"small":{"w":340,"h":191,"resize":"fit"},"thumb":{"w":150,"h":150,"resize":"crop"},"medium":{"w":600,"h":338,"resize":"fit"},"large":{"w":1024,"h":576,"resize":"fit"}}}]},"extended_entities":{"media":[{"id":887624296322940900,"id_str":"887624296322940930","indices":[77,100],"media_url":"http://pbs.twimg.com/ext_tw_video_thumb/887624296322940930/pu/img/HpBy9sr1mmZ-wGhF.jpg","media_url_https":"https://pbs.twimg.com/ext_tw_video_thumb/887624296322940930/pu/img/HpBy9sr1mmZ-wGhF.jpg","url":"https://t.co/UWpM3YCkLa","display_url":"pic.twitter.com/UWpM3YCkLa","expanded_url":"https://twitter.com/laters_kamemusi/status/887624541916209152/video/1","type":"video","sizes":{"small":{"w":340,"h":191,"resize":"fit"},"thumb":{"w":150,"h":150,"resize":"crop"},"medium":{"w":600,"h":338,"resize":"fit"},"large":{"w":1024,"h":576,"resize":"fit"}},"video_info":{"aspect_ratio":[16,9],"duration_millis":19333,"variants":[{"content_type":"application/x-mpegURL","url":"https://video.twimg.com/ext_tw_video/887624296322940930/pu/pl/I9HOPSHqv5MtYiNB.m3u8"},{"bitrate":2176000,"content_type":"video/mp4","url":"https://video.twimg.com/ext_tw_video/887624296322940930/pu/vid/1280x720/6cZfXhXO1mWisgTJ.mp4"},{"bitrate":832000,"content_type":"video/mp4","url":"https://video.twimg.com/ext_tw_video/887624296322940930/pu/vid/640x360/BwJRVmEjlmk6ASoM.mp4"},{"bitrate":320000,"content_type":"video/mp4","url":"https://video.twimg.com/ext_tw_video/887624296322940930/pu/vid/320x180/4C8db6AXsfcUoXtq.mp4"}]},"additional_media_info":{"monetizable":false}}]},"metadata":{"iso_language_code":"ja","result_type":"recent"},"source":"<a href=\"http://twitter.com/download/iphone\" rel=\"nofollow\">Twitter for iPhone</a>","in_reply_to_status_id":null,"in_reply_to_status_id_str":null,"in_reply_to_user_id":null,"in_reply_to_user_id_str":null,"in_reply_to_screen_name":null,"user":{"id":4564607594,"id_str":"4564607594","name":"🐢かめむし🐢【レイターズ】","screen_name":"laters_kamemusi","location":"YouTubeの動画は↓から","description":"臭くないかめむしです。 YouTubeに動画投稿している高校3年生の17歳です。Instagramもしてます→https://t.co/9CEY8AxEYv","url":"https://t.co/7fy25T0KBe","entities":{"url":{"urls":[{"url":"https://t.co/7fy25T0KBe","expanded_url":"https://www.youtube.com/channel/UCdcyRKYuKnUr7dgs8ZkIzKg","display_url":"youtube.com/channel/UCdcyR…","indices":[0,23]}]},"description":{"urls":[{"url":"https://t.co/9CEY8AxEYv","expanded_url":"https://www.instagram.com/laters_kamemushi/?hl=ja","display_url":"instagram.com/laters_kamemus…","indices":[55,78]}]}},"protected":false,"followers_count":165665,"friends_count":191,"listed_count":489,"created_at":"Tue Dec 15 09:29:13 +0000 2015","favourites_count":2608,"utc_offset":null,"time_zone":null,"geo_enabled":false,"verified":false,"statuses_count":12775,"lang":"en","contributors_enabled":false,"is_translator":false,"is_translation_enabled":false,"profile_background_color":"F5F8FA","profile_background_image_url":null,"profile_background_image_url_https":null,"profile_background_tile":false,"profile_image_url":"http://pbs.twimg.com/profile_images/826671802290016256/DEo7tb1w_normal.jpg","profile_image_url_https":"https://pbs.twimg.com/profile_images/826671802290016256/DEo7tb1w_normal.jpg","profile_banner_url":"https://pbs.twimg.com/profile_banners/4564607594/1497062664","profile_link_color":"1DA1F2","profile_sidebar_border_color":"C0DEED","profile_sidebar_fill_color":"DDEEF6","profile_text_color":"333333","profile_use_background_image":true,"has_extended_profile":true,"default_profile":true,"default_profile_image":false,"following":false,"follow_request_sent":false,"notifications":false,"translator_type":"none"},"geo":null,"coordinates":null,"place":null,"contributors":null,"is_quote_status":false,"retweet_count":887,"favorite_count":3661,"favorited":false,"retweeted":false,"possibly_sensitive":false,"lang":"ja"},{"created_at":"Wed Jul 19 10:45:45 +0000 2017","id":887624494407229400,"id_str":"887624494407229440","text":"昨日7/18東京で行われた #テミン 公開録音の模様が今夜放送!!お聞き逃しなく♪\n▼番組詳細▼\n#bayfm「#ON8＋1 with TAEMIN」スペシャルプログラム\n7/19(水) 21:00～22:24放送\n#radiko… https://t.co/sOjaEMmPEL","truncated":true,"entities":{"hashtags":[{"text":"テミン","indices":[14,18]},{"text":"bayfm","indices":[49,55]},{"text":"ON8","indices":[56,60]},{"text":"radiko","indices":[108,115]}],"symbols":[],"user_mentions":[],"urls":[{"url":"https://t.co/sOjaEMmPEL","expanded_url":"https://twitter.com/i/web/status/887624494407229440","display_url":"twitter.com/i/web/status/8…","indices":[117,140]}]},"metadata":{"iso_language_code":"ja","result_type":"recent"},"source":"<a href=\"http://twitter.com\" rel=\"nofollow\">Twitter Web Client</a>","in_reply_to_status_id":null,"in_reply_to_status_id_str":null,"in_reply_to_user_id":null,"in_reply_to_user_id_str":null,"in_reply_to_screen_name":null,"user":{"id":427122847,"id_str":"427122847","name":"SHINetter シャイニッター","screen_name":"shinetter","location":"","description":"UNIVERSAL MUSIC EMI Records のスタッフが主にSHINeeのリリース情報をつぶやきます。","url":"https://t.co/JoCcrfz9NO","entities":{"url":{"urls":[{"url":"https://t.co/JoCcrfz9NO","expanded_url":"http://shinee.jp/","display_url":"shinee.jp","indices":[0,23]}]},"description":{"urls":[]}},"protected":false,"followers_count":135453,"friends_count":0,"listed_count":1009,"created_at":"Sat Dec 03 04:19:47 +0000 2011","favourites_count":0,"utc_offset":32400,"time_zone":"Tokyo","geo_enabled":true,"verified":true,"statuses_count":1475,"lang":"ja","contributors_enabled":false,"is_translator":false,"is_translation_enabled":false,"profile_background_color":"44A688","profile_background_image_url":"http://pbs.twimg.com/profile_background_images/558622410/shineech_0507_S.jpg","profile_background_image_url_https":"https://pbs.twimg.com/profile_background_images/558622410/shineech_0507_S.jpg","profile_background_tile":false,"profile_image_url":"http://pbs.twimg.com/profile_images/875606884044099584/E6E7Hqsn_normal.jpg","profile_image_url_https":"https://pbs.twimg.com/profile_images/875606884044099584/E6E7Hqsn_normal.jpg","profile_banner_url":"https://pbs.twimg.com/profile_banners/427122847/1486617372","profile_link_color":"44A688","profile_sidebar_border_color":"C0DEED","profile_sidebar_fill_color":"DDEEF6","profile_text_color":"333333","profile_use_background_image":true,"has_extended_profile":false,"default_profile":false,"default_profile_image":false,"following":false,"follow_request_sent":false,"notifications":false,"translator_type":"none"},"geo":null,"coordinates":null,"place":null,"contributors":null,"is_quote_status":false,"retweet_count":542,"favorite_count":915,"favorited":false,"retweeted":false,"possibly_sensitive":false,"lang":"ja"},{"created_at":"Wed Jul 19 10:44:55 +0000 2017","id":887624285757427700,"id_str":"887624285757427712","text":"MAPPAさんのスーパーヤバい展覧会描き下ろしの中でもウルトラヤバいスペシャル描き下ろしを少しだけ。展覧会の完成が楽しみ。テレウサです。 https://t.co/FrWgNZKjKe","truncated":false,"entities":{"hashtags":[],"symbols":[],"user_mentions":[],"urls":[],"media":[{"id":887624259765321700,"id_str":"887624259765321728","indices":[69,92],"media_url":"http://pbs.twimg.com/media/DFF5j7lUwAAUxMs.jpg","media_url_https":"https://pbs.twimg.com/media/DFF5j7lUwAAUxMs.jpg","url":"https://t.co/FrWgNZKjKe","display_url":"pic.twitter.com/FrWgNZKjKe","expanded_url":"https://twitter.com/tvusagi5/status/887624285757427712/photo/1","type":"photo","sizes":{"medium":{"w":900,"h":1200,"resize":"fit"},"thumb":{"w":150,"h":150,"resize":"crop"},"large":{"w":1536,"h":2048,"resize":"fit"},"small":{"w":510,"h":680,"resize":"fit"}}}]},"extended_entities":{"media":[{"id":887624259765321700,"id_str":"887624259765321728","indices":[69,92],"media_url":"http://pbs.twimg.com/media/DFF5j7lUwAAUxMs.jpg","media_url_https":"https://pbs.twimg.com/media/DFF5j7lUwAAUxMs.jpg","url":"https://t.co/FrWgNZKjKe","display_url":"pic.twitter.com/FrWgNZKjKe","expanded_url":"https://twitter.com/tvusagi5/status/887624285757427712/photo/1","type":"photo","sizes":{"medium":{"w":900,"h":1200,"resize":"fit"},"thumb":{"w":150,"h":150,"resize":"crop"},"large":{"w":1536,"h":2048,"resize":"fit"},"small":{"w":510,"h":680,"resize":"fit"}}}]},"metadata":{"iso_language_code":"ja","result_type":"recent"},"source":"<a href=\"http://twitter.com/download/iphone\" rel=\"nofollow\">Twitter for iPhone</a>","in_reply_to_status_id":null,"in_reply_to_status_id_str":null,"in_reply_to_user_id":null,"in_reply_to_user_id_str":null,"in_reply_to_screen_name":null,"user":{"id":131254864,"id_str":"131254864","name":"テレウサ","screen_name":"tvusagi5","location":"六本木ヒルズ放送局","description":"お初なのです。テレウサです。 六本木ヒルズｕｍｕに住み、小耳にはさんだイベント業界の裏話なんかをつぶやくのです。兎イベントプロデューサーなのです。テレウサです。","url":"https://t.co/n5yWaXnKOc","entities":{"url":{"urls":[{"url":"https://t.co/n5yWaXnKOc","expanded_url":"http://tvusagi-blog.tumblr.com/","display_url":"tvusagi-blog.tumblr.com","indices":[0,23]}]},"description":{"urls":[]}},"protected":false,"followers_count":11787,"friends_count":21,"listed_count":545,"created_at":"Fri Apr 09 18:54:53 +0000 2010","favourites_count":0,"utc_offset":32400,"time_zone":"Tokyo","geo_enabled":true,"verified":false,"statuses_count":9312,"lang":"ja","contributors_enabled":false,"is_translator":false,"is_translation_enabled":false,"profile_background_color":"C0DEED","profile_background_image_url":"http://pbs.twimg.com/profile_background_images/241626967/tvusa.gif","profile_background_image_url_https":"https://pbs.twimg.com/profile_background_images/241626967/tvusa.gif","profile_background_tile":true,"profile_image_url":"http://pbs.twimg.com/profile_images/887171861523582977/nL2ZByaa_normal.jpg","profile_image_url_https":"https://pbs.twimg.com/profile_images/887171861523582977/nL2ZByaa_normal.jpg","profile_banner_url":"https://pbs.twimg.com/profile_banners/131254864/1436258843","profile_link_color":"0084B4","profile_sidebar_border_color":"C0DEED","profile_sidebar_fill_color":"DDEEF6","profile_text_color":"333333","profile_use_background_image":true,"has_extended_profile":true,"default_profile":false,"default_profile_image":false,"following":false,"follow_request_sent":false,"notifications":false,"translator_type":"none"},"geo":null,"coordinates":null,"place":null,"contributors":null,"is_quote_status":false,"retweet_count":1140,"favorite_count":1320,"favorited":false,"retweeted":false,"possibly_sensitive":false,"lang":"ja"},{"created_at":"Wed Jul 19 10:44:02 +0000 2017","id":887624062855508000,"id_str":"887624062855507968","text":"ザキヤマ＆佐々木健介さんの新ユニット⁉︎\n『細かい〜ズ』が、精魂込めて障子を貼った、農具の「枠」を使った照明!!\n\n２人が、１枚１枚、黙々と貼り続けてました！\n\nかなり趣のある作品に仕上がりました！！\n\nさすが！\n細かい〜ズ!!!… https://t.co/dXYNdddXqX","truncated":true,"entities":{"hashtags":[],"symbols":[],"user_mentions":[],"urls":[{"url":"https://t.co/dXYNdddXqX","expanded_url":"https://twitter.com/i/web/status/887624062855507968","display_url":"twitter.com/i/web/status/8…","indices":[117,140]}]},"metadata":{"iso_language_code":"ja","result_type":"recent"},"source":"<a href=\"http://bufferapp.com\" rel=\"nofollow\">Buffer</a>","in_reply_to_status_id":null,"in_reply_to_status_id_str":null,"in_reply_to_user_id":null,"in_reply_to_user_id_str":null,"in_reply_to_screen_name":null,"user":{"id":838559106331893800,"id_str":"838559106331893760","name":"おじゃMAP!!【公式】","screen_name":"oja_map","location":"","description":"毎週水曜よる７時フジテレビ系列にて放送！なんでもありのロケバラエティ「おじゃＭＡＰ!!」国民的スター香取慎吾＆アンタッチャブル山崎弘也が日本中のあちこちにいきなりおじゃましちゃいます！ときには海外なんてことも…！？ハプニングあり！笑いあり！ときには感動の涙も？？どんな場所で、どんな出会いがあるのか！？ お楽しみに～！！","url":"https://t.co/28QcThpyWm","entities":{"url":{"urls":[{"url":"https://t.co/28QcThpyWm","expanded_url":"http://www.fujitv.co.jp/ojamap/","display_url":"fujitv.co.jp/ojamap/","indices":[0,23]}]},"description":{"urls":[]}},"protected":false,"followers_count":21596,"friends_count":0,"listed_count":86,"created_at":"Mon Mar 06 01:17:25 +0000 2017","favourites_count":0,"utc_offset":null,"time_zone":null,"geo_enabled":false,"verified":false,"statuses_count":132,"lang":"ja","contributors_enabled":false,"is_translator":false,"is_translation_enabled":false,"profile_background_color":"F5F8FA","profile_background_image_url":null,"profile_background_image_url_https":null,"profile_background_tile":false,"profile_image_url":"http://pbs.twimg.com/profile_images/846307384012156928/40B_NHFt_normal.jpg","profile_image_url_https":"https://pbs.twimg.com/profile_images/846307384012156928/40B_NHFt_normal.jpg","profile_banner_url":"https://pbs.twimg.com/profile_banners/838559106331893760/1490610688","profile_link_color":"1DA1F2","profile_sidebar_border_color":"C0DEED","profile_sidebar_fill_color":"DDEEF6","profile_text_color":"333333","profile_use_background_image":true,"has_extended_profile":false,"default_profile":true,"default_profile_image":false,"following":false,"follow_request_sent":false,"notifications":false,"translator_type":"none"},"geo":null,"coordinates":null,"place":null,"contributors":null,"is_quote_status":false,"retweet_count":624,"favorite_count":883,"favorited":false,"retweeted":false,"possibly_sensitive":false,"lang":"ja"}],"search_metadata":{"completed_in":0.125,"max_id":887629114873593900,"max_id_str":"887629114873593856","next_results":"?max_id=887624062855507967&q=lang%3Aja%20min_retweets%3A500&include_entities=1","query":"lang%3Aja+min_retweets%3A500","refresh_url":"?since_id=887629114873593856&q=lang%3Aja%20min_retweets%3A500&include_entities=1","count":15,"since_id":0,"since_id_str":"0"}}