{"statuses":[{"created_at":"Thu Jul 20 09:09:30 +0000 2017","id":887962661341634600,"id_str":"887962661341634560","text":"『ガールズ＆パンツァー　ドリームタンクマッチ』PS4で今冬発売決定！本作品らしい臨場感・爽快感のある戦車の動きをお楽しみいただける戦車アクションゲームとなっており、オンライン対戦も可能になります！… https://t.co/r7YRWJB10U","truncated":true,"entities":{"hashtags":[],"symbols":[],"user_mentions":[],"urls":[{"url":"https://t.co/r7YRWJB10U","expanded_url":"https://twitter.com/i/web/status/887962661341634560","display_url":"twitter.com/i/web/status/8…","indices":[100,123]}]},"metadata":{"iso_language_code":"ja","result_type":"recent"},"source":"<a href=\"http://twitter.com\" rel=\"nofollow\">Twitter Web Client</a>","in_reply_to_status_id":null,"in_reply_to_status_id_str":null,"in_reply_to_user_id":null,"in_reply_to_user_id_str":null,"in_reply_to_screen_name":null,"user":{"id":580916046,"id_str":"580916046","name":"「ガールズ＆パンツァー」公式アカウント","screen_name":"garupan","location":"茨城県東茨城郡大洗町","description":"「ガールズ＆パンツァー 劇場版」BD&DVD好評発売中！「ガールズ＆パンツァー 最終章」は全6話で劇場イベント上映！第1話は2017年12月9日公開予定！パンツァーフォー！","url":"https://t.co/A6G1VN84qe","entities":{"url":{"urls":[{"url":"https://t.co/A6G1VN84qe","expanded_url":"http://girls-und-panzer.jp/","display_url":"girls-und-panzer.jp","indices":[0,23]}]},"description":{"urls":[]}},"protected":false,"followers_count":159677,"friends_count":131,"listed_count":3708,"created_at":"Tue May 15 12:15:17 +0000 2012","favourites_count":162,"utc_offset":-25200,"time_zone":"Pacific Time (US & Canada)","geo_enabled":false,"verified":true,"statuses_count":23234,"lang":"ja","contributors_enabled":false,"is_translator":false,"is_translation_enabled":false,"profile_background_color":"C0DEED","profile_background_image_url":"http://abs.twimg.com/images/themes/theme1/bg.png","profile_background_image_url_https":"https://abs.twimg.com/images/themes/theme1/bg.png","profile_background_tile":false,"profile_image_url":"http://pbs.twimg.com/profile_images/824154368693993472/7H3J35LI_normal.jpg","profile_image_url_https":"https://pbs.twimg.com/profile_images/824154368693993472/7H3J35LI_normal.jpg","profile_banner_url":"https://pbs.twimg.com/profile_banners/580916046/1480593040","profile_link_color":"1DA1F2","profile_sidebar_border_color":"C0DEED","profile_sidebar_fill_color":"DDEEF6","profile_text_color":"333333","profile_use_background_image":true,"has_extended_profile":true,"default_profile":true,"default_profile_image":false,"following":false,"follow_request_sent":false,"notifications":false,"translator_type":"none"},"geo":null,"coordinates":null,"place":null,"contributors":null,"is_quote_status":false,"retweet_count":1414,"favorite_count":727,"favorited":false,"retweeted":false,"possibly_sensitive":false,"lang":"ja"},{"created_at":"Thu Jul 20 09:07:07 +0000 2017","id":887962061585748000,"id_str":"887962061585747969","text":"真似するタヌキ https://t.co/r1GmimUvkm","truncated":false,"entities":{"hashtags":[],"symbols":[],"user_mentions":[],"urls":[],"media":[{"id":887961971898724400,"id_str":"887961971898724353","indices":[8,31],"media_url":"http://pbs.twimg.com/media/DFKstXUUMAEIh9Q.png","media_url_https":"https://pbs.twimg.com/media/DFKstXUUMAEIh9Q.png","url":"https://t.co/r1GmimUvkm","display_url":"pic.twitter.com/r1GmimUvkm","expanded_url":"https://twitter.com/atamotonu/status/887962061585747969/photo/1","type":"photo","sizes":{"medium":{"w":368,"h":500,"resize":"fit"},"large":{"w":368,"h":500,"resize":"fit"},"small":{"w":368,"h":500,"resize":"fit"},"thumb":{"w":150,"h":150,"resize":"crop"}}}]},"extended_entities":{"media":[{"id":887961971898724400,"id_str":"887961971898724353","indices":[8,31],"media_url":"http://pbs.twimg.com/media/DFKstXUUMAEIh9Q.png","media_url_https":"https://pbs.twimg.com/media/DFKstXUUMAEIh9Q.png","url":"https://t.co/r1GmimUvkm","display_url":"pic.twitter.com/r1GmimUvkm","expanded_url":"https://twitter.com/atamotonu/status/887962061585747969/photo/1","type":"photo","sizes":{"medium":{"w":368,"h":500,"resize":"fit"},"large":{"w":368,"h":500,"resize":"fit"},"small":{"w":368,"h":500,"resize":"fit"},"thumb":{"w":150,"h":150,"resize":"crop"}}}]},"metadata":{"iso_language_code":"ja","result_type":"recent"},"source":"<a href=\"http://twitter.com\" rel=\"nofollow\">Twitter Web Client</a>","in_reply_to_status_id":null,"in_reply_to_status_id_str":null,"in_reply_to_user_id":null,"in_reply_to_user_id_str":null,"in_reply_to_screen_name":null,"user":{"id":723128021540954100,"id_str":"723128021540954113","name":"アタモト","screen_name":"atamotonu","location":"","description":"仕事関係の告知と楽描き用アカウント。 「タヌキとキツネ」「たるしば」など色々描いてます。リプ返し出来なくてごめんなさい、いつもありがとうございます。タヌキとキツネLINEスタンプ→https://t.co/Xpx4P8NBPs ※当アカウントのイラストの加工や転載はご遠慮ください","url":"https://t.co/3h6zd8eIug","entities":{"url":{"urls":[{"url":"https://t.co/3h6zd8eIug","expanded_url":"http://inch.sakura.ne.jp/","display_url":"inch.sakura.ne.jp","indices":[0,23]}]},"description":{"urls":[{"url":"https://t.co/Xpx4P8NBPs","expanded_url":"http://line.me/S/shop/sticker/author/101150","display_url":"line.me/S/shop/sticker…","indices":[90,113]}]}},"protected":false,"followers_count":479506,"friends_count":21,"listed_count":3627,"created_at":"Thu Apr 21 12:35:30 +0000 2016","favourites_count":159,"utc_offset":32400,"time_zone":"Tokyo","geo_enabled":false,"verified":false,"statuses_count":833,"lang":"ja","contributors_enabled":false,"is_translator":false,"is_translation_enabled":false,"profile_background_color":"000000","profile_background_image_url":"http://abs.twimg.com/images/themes/theme1/bg.png","profile_background_image_url_https":"https://abs.twimg.com/images/themes/theme1/bg.png","profile_background_tile":false,"profile_image_url":"http://pbs.twimg.com/profile_images/812948188793434112/Mu7Li4la_normal.jpg","profile_image_url_https":"https://pbs.twimg.com/profile_images/812948188793434112/Mu7Li4la_normal.jpg","profile_link_color":"D98719","profile_sidebar_border_color":"000000","profile_sidebar_fill_color":"000000","profile_text_color":"000000","profile_use_background_image":false,"has_extended_profile":false,"default_profile":false,"default_profile_image":false,"following":false,"follow_request_sent":false,"notifications":false,"translator_type":"none"},"geo":null,"coordinates":null,"place":null,"contributors":null,"is_quote_status":false,"retweet_count":2069,"favorite_count":4379,"favorited":false,"retweeted":false,"possibly_sensitive":false,"lang":"ja"},{"created_at":"Thu Jul 20 09:06:29 +0000 2017","id":887961900645990400,"id_str":"887961900645990400","text":"そして、明日からこの特報映像が上映劇場にて上映開始！また、チラシ・ポスターも掲出されますので、宜しくお願い致します！ #garupan\n上映劇場：https://t.co/choRIDoUM5\n合わせて、15秒CMも公開しておりま… https://t.co/DvrG11MgFc","truncated":true,"entities":{"hashtags":[{"text":"garupan","indices":[59,67]}],"symbols":[],"user_mentions":[],"urls":[{"url":"https://t.co/choRIDoUM5","expanded_url":"http://girls-und-panzer.jp/final_chapter_01.html","display_url":"girls-und-panzer.jp/final_chapter_…","indices":[73,96]},{"url":"https://t.co/DvrG11MgFc","expanded_url":"https://twitter.com/i/web/status/887961900645990400","display_url":"twitter.com/i/web/status/8…","indices":[117,140]}]},"metadata":{"iso_language_code":"ja","result_type":"recent"},"source":"<a href=\"http://twitter.com\" rel=\"nofollow\">Twitter Web Client</a>","in_reply_to_status_id":null,"in_reply_to_status_id_str":null,"in_reply_to_user_id":null,"in_reply_to_user_id_str":null,"in_reply_to_screen_name":null,"user":{"id":580916046,"id_str":"580916046","name":"「ガールズ＆パンツァー」公式アカウント","screen_name":"garupan","location":"茨城県東茨城郡大洗町","description":"「ガールズ＆パンツァー 劇場版」BD&DVD好評発売中！「ガールズ＆パンツァー 最終章」は全6話で劇場イベント上映！第1話は2017年12月9日公開予定！パンツァーフォー！","url":"https://t.co/A6G1VN84qe","entities":{"url":{"urls":[{"url":"https://t.co/A6G1VN84qe","expanded_url":"http://girls-und-panzer.jp/","display_url":"girls-und-panzer.jp","indices":[0,23]}]},"description":{"urls":[]}},"protected":false,"followers_count":159677,"friends_count":131,"listed_count":3708,"created_at":"Tue May 15 12:15:17 +0000 2012","favourites_count":162,"utc_offset":-25200,"time_zone":"Pacific Time (US & Canada)","geo_enabled":false,"verified":true,"statuses_count":23234,"lang":"ja","contributors_enabled":false,"is_translator":false,"is_translation_enabled":false,"profile_background_color":"C0DEED","profile_background_image_url":"http://abs.twimg.com/images/themes/theme1/bg.png","profile_background_image_url_https":"https://abs.twimg.com/images/themes/theme1/bg.png","profile_background_tile":false,"profile_image_url":"http://pbs.twimg.com/profile_images/824154368693993472/7H3J35LI_normal.jpg","profile_image_url_https":"https://pbs.twimg.com/profile_images/824154368693993472/7H3J35LI_normal.jpg","profile_banner_url":"https://pbs.twimg.com/profile_banners/580916046/1480593040","profile_link_color":"1DA1F2","profile_sidebar_border_color":"C0DEED","profile_sidebar_fill_color":"DDEEF6","profile_text_color":"333333","profile_use_background_image":true,"has_extended_profile":true,"default_profile":true,"default_profile_image":false,"following":false,"follow_request_sent":false,"notifications":false,"translator_type":"none"},"geo":null,"coordinates":null,"place":null,"contributors":null,"is_quote_status":false,"retweet_count":663,"favorite_count":457,"favorited":false,"retweeted":false,"possibly_sensitive":false,"lang":"ja"},{"created_at":"Thu Jul 20 09:04:34 +0000 2017","id":887961418477092900,"id_str":"887961418477092865","text":"【ブログ更新】最終章 第1話 特報映像には、見覚えのない戦車が！キャラクターが！そして華は生徒会長としてどんな動きを・・・!?こちらは詳細を後日発表！続報をお待ち下さい！https://t.co/kfKm9qp4Lp… https://t.co/GzXZwDwt60","truncated":true,"entities":{"hashtags":[],"symbols":[],"user_mentions":[],"urls":[{"url":"https://t.co/kfKm9qp4Lp","expanded_url":"http://girls-und-panzer.at.webry.info/201707/article_4.html","display_url":"girls-und-panzer.at.webry.info/201707/article…","indices":[85,108]},{"url":"https://t.co/GzXZwDwt60","expanded_url":"https://twitter.com/i/web/status/887961418477092865","display_url":"twitter.com/i/web/status/8…","indices":[110,133]}]},"metadata":{"iso_language_code":"ja","result_type":"recent"},"source":"<a href=\"http://twitter.com\" rel=\"nofollow\">Twitter Web Client</a>","in_reply_to_status_id":null,"in_reply_to_status_id_str":null,"in_reply_to_user_id":null,"in_reply_to_user_id_str":null,"in_reply_to_screen_name":null,"user":{"id":580916046,"id_str":"580916046","name":"「ガールズ＆パンツァー」公式アカウント","screen_name":"garupan","location":"茨城県東茨城郡大洗町","description":"「ガールズ＆パンツァー 劇場版」BD&DVD好評発売中！「ガールズ＆パンツァー 最終章」は全6話で劇場イベント上映！第1話は2017年12月9日公開予定！パンツァーフォー！","url":"https://t.co/A6G1VN84qe","entities":{"url":{"urls":[{"url":"https://t.co/A6G1VN84qe","expanded_url":"http://girls-und-panzer.jp/","display_url":"girls-und-panzer.jp","indices":[0,23]}]},"description":{"urls":[]}},"protected":false,"followers_count":159677,"friends_count":131,"listed_count":3708,"created_at":"Tue May 15 12:15:17 +0000 2012","favourites_count":162,"utc_offset":-25200,"time_zone":"Pacific Time (US & Canada)","geo_enabled":false,"verified":true,"statuses_count":23234,"lang":"ja","contributors_enabled":false,"is_translator":false,"is_translation_enabled":false,"profile_background_color":"C0DEED","profile_background_image_url":"http://abs.twimg.com/images/themes/theme1/bg.png","profile_background_image_url_https":"https://abs.twimg.com/images/themes/theme1/bg.png","profile_background_tile":false,"profile_image_url":"http://pbs.twimg.com/profile_images/824154368693993472/7H3J35LI_normal.jpg","profile_image_url_https":"https://pbs.twimg.com/profile_images/824154368693993472/7H3J35LI_normal.jpg","profile_banner_url":"https://pbs.twimg.com/profile_banners/580916046/1480593040","profile_link_color":"1DA1F2","profile_sidebar_border_color":"C0DEED","profile_sidebar_fill_color":"DDEEF6","profile_text_color":"333333","profile_use_background_image":true,"has_extended_profile":true,"default_profile":true,"default_profile_image":false,"following":false,"follow_request_sent":false,"notifications":false,"translator_type":"none"},"geo":null,"coordinates":null,"place":null,"contributors":null,"is_quote_status":false,"retweet_count":1961,"favorite_count":1111,"favorited":false,"retweeted":false,"possibly_sensitive":false,"lang":"ja"},{"created_at":"Thu Jul 20 09:01:40 +0000 2017","id":887960688009687000,"id_str":"887960688009687040","text":"【超速報】アニメ『ガールズ＆パンツァー 最終章』第1話の特報映像＋PS4『ガールズ＆パンツァー ドリームタンクマッチ』ティザーPVを公開！PS4でゲーム化決定です！！まずは動画を御覧下さい。 #garupan https://t.co/ms5ytWl4P3","truncated":false,"entities":{"hashtags":[{"text":"garupan","indices":[96,104]}],"symbols":[],"user_mentions":[],"urls":[{"url":"https://t.co/ms5ytWl4P3","expanded_url":"https://youtu.be/C1Z6L31E0ZA","display_url":"youtu.be/C1Z6L31E0ZA","indices":[105,128]}]},"metadata":{"iso_language_code":"ja","result_type":"recent"},"source":"<a href=\"http://twitter.com\" rel=\"nofollow\">Twitter Web Client</a>","in_reply_to_status_id":null,"in_reply_to_status_id_str":null,"in_reply_to_user_id":null,"in_reply_to_user_id_str":null,"in_reply_to_screen_name":null,"user":{"id":580916046,"id_str":"580916046","name":"「ガールズ＆パンツァー」公式アカウント","screen_name":"garupan","location":"茨城県東茨城郡大洗町","description":"「ガールズ＆パンツァー 劇場版」BD&DVD好評発売中！「ガールズ＆パンツァー 最終章」は全6話で劇場イベント上映！第1話は2017年12月9日公開予定！パンツァーフォー！","url":"https://t.co/A6G1VN84qe","entities":{"url":{"urls":[{"url":"https://t.co/A6G1VN84qe","expanded_url":"http://girls-und-panzer.jp/","display_url":"girls-und-panzer.jp","indices":[0,23]}]},"description":{"urls":[]}},"protected":false,"followers_count":159677,"friends_count":131,"listed_count":3708,"created_at":"Tue May 15 12:15:17 +0000 2012","favourites_count":162,"utc_offset":-25200,"time_zone":"Pacific Time (US & Canada)","geo_enabled":false,"verified":true,"statuses_count":23234,"lang":"ja","contributors_enabled":false,"is_translator":false,"is_translation_enabled":false,"profile_background_color":"C0DEED","profile_background_image_url":"http://abs.twimg.com/images/themes/theme1/bg.png","profile_background_image_url_https":"https://abs.twimg.com/images/themes/theme1/bg.png","profile_background_tile":false,"profile_image_url":"http://pbs.twimg.com/profile_images/824154368693993472/7H3J35LI_normal.jpg","profile_image_url_https":"https://pbs.twimg.com/profile_images/824154368693993472/7H3J35LI_normal.jpg","profile_banner_url":"https://pbs.twimg.com/profile_banners/580916046/1480593040","profile_link_color":"1DA1F2","profile_sidebar_border_color":"C0DEED","profile_sidebar_fill_color":"DDEEF6","profile_text_color":"333333","profile_use_background_image":true,"has_extended_profile":true,"default_profile":true,"default_profile_image":false,"following":false,"follow_request_sent":false,"notifications":false,"translator_type":"none"},"geo":null,"coordinates":null,"place":null,"contributors":null,"is_quote_status":false,"retweet_count":1328,"favorite_count":643,"favorited":false,"retweeted":false,"possibly_sensitive":false,"lang":"ja"},{"created_at":"Thu Jul 20 09:01:36 +0000 2017","id":887960672893403100,"id_str":"887960672893403136","text":"本日発売のノンノ9月号、渡邉理佐がノンノモデルとして登場❣️\n今月号ではノンノのビューティーページが始まる目印「中表紙」にも理佐が登場いたします。\nこちらのページではそのアザーカットも公開💓\n皆様、ぜひチェックしてみてください👠\nhttps://t.co/AsmEtMsZli","truncated":false,"entities":{"hashtags":[],"symbols":[],"user_mentions":[],"urls":[{"url":"https://t.co/AsmEtMsZli","expanded_url":"https://nonno.hpplus.jp/article/9361","display_url":"nonno.hpplus.jp/article/9361","indices":[115,138]}]},"metadata":{"iso_language_code":"ja","result_type":"recent"},"source":"<a href=\"http://www.echofon.com/\" rel=\"nofollow\">Echofon</a>","in_reply_to_status_id":null,"in_reply_to_status_id_str":null,"in_reply_to_user_id":null,"in_reply_to_user_id_str":null,"in_reply_to_screen_name":null,"user":{"id":3433403638,"id_str":"3433403638","name":"欅坂46","screen_name":"keyakizaka46","location":"","description":"秋元康 総合プロデュース、乃木坂46に続く「坂道シリーズ」第2弾。2015年8月21日、乃木坂46結成から4年後の同じ日・同じ場所で結成。応募総数22,509名の中から選ばれたメンバーで2016年4月6日「サイレントマジョリティー」でデビュー!2017年7月19日1stアルバム「真っ白なものは汚したくなる」リリース予定","url":"https://t.co/Rpjth8X8lU","entities":{"url":{"urls":[{"url":"https://t.co/Rpjth8X8lU","expanded_url":"http://www.keyakizaka46.com/","display_url":"keyakizaka46.com","indices":[0,23]}]},"description":{"urls":[]}},"protected":false,"followers_count":437636,"friends_count":0,"listed_count":2160,"created_at":"Thu Aug 20 22:00:08 +0000 2015","favourites_count":0,"utc_offset":null,"time_zone":null,"geo_enabled":false,"verified":true,"statuses_count":946,"lang":"ja","contributors_enabled":false,"is_translator":false,"is_translation_enabled":false,"profile_background_color":"000000","profile_background_image_url":"http://abs.twimg.com/images/themes/theme1/bg.png","profile_background_image_url_https":"https://abs.twimg.com/images/themes/theme1/bg.png","profile_background_tile":false,"profile_image_url":"http://pbs.twimg.com/profile_images/875580356996415488/tN4jYZEL_normal.jpg","profile_image_url_https":"https://pbs.twimg.com/profile_images/875580356996415488/tN4jYZEL_normal.jpg","profile_banner_url":"https://pbs.twimg.com/profile_banners/3433403638/1450171390","profile_link_color":"5FB955","profile_sidebar_border_color":"000000","profile_sidebar_fill_color":"000000","profile_text_color":"000000","profile_use_background_image":false,"has_extended_profile":false,"default_profile":false,"default_profile_image":false,"following":false,"follow_request_sent":false,"notifications":false,"translator_type":"none"},"geo":null,"coordinates":null,"place":null,"contributors":null,"is_quote_status":false,"retweet_count":580,"favorite_count":2512,"favorited":false,"retweeted":false,"possibly_sensitive":false,"lang":"ja"},{"created_at":"Thu Jul 20 09:00:09 +0000 2017","id":887960308848840700,"id_str":"887960308848840704","text":"【カルデア広報局より】\n7月20日(木)17:00より実施しておりますメンテナンスを延長させていただきます。メンテナンス終了の目途が立ち次第、あらためてご報告いたします。お客様には、ご迷惑をおかけいたしますことをお詫び申し上げます。 #FateGO","truncated":false,"entities":{"hashtags":[{"text":"FateGO","indices":[117,124]}],"symbols":[],"user_mentions":[],"urls":[]},"metadata":{"iso_language_code":"ja","result_type":"recent"},"source":"<a href=\"http://twitter.com\" rel=\"nofollow\">Twitter Web Client</a>","in_reply_to_status_id":null,"in_reply_to_status_id_str":null,"in_reply_to_user_id":null,"in_reply_to_user_id_str":null,"in_reply_to_screen_name":null,"user":{"id":2968069742,"id_str":"2968069742","name":"【公式】Fate/Grand Order","screen_name":"fgoproject","location":"","description":"TYPE-MOONが贈る、新たな「Fate」RPG「Fate/Grand Order」公式アカウント。カルデア広報局より、皆様に最新情報をお届けします！公式ハッシュタグ → #FateGO","url":"http://t.co/NtAp9EJPBj","entities":{"url":{"urls":[{"url":"http://t.co/NtAp9EJPBj","expanded_url":null,"indices":[0,22]}]},"description":{"urls":[]}},"protected":false,"followers_count":730779,"friends_count":0,"listed_count":8948,"created_at":"Fri Jan 09 04:12:09 +0000 2015","favourites_count":0,"utc_offset":32400,"time_zone":"Seoul","geo_enabled":false,"verified":true,"statuses_count":1959,"lang":"ja","contributors_enabled":false,"is_translator":false,"is_translation_enabled":false,"profile_background_color":"C0DEED","profile_background_image_url":"http://abs.twimg.com/images/themes/theme1/bg.png","profile_background_image_url_https":"https://abs.twimg.com/images/themes/theme1/bg.png","profile_background_tile":false,"profile_image_url":"http://pbs.twimg.com/profile_images/848188127462031361/LR9bGs9q_normal.jpg","profile_image_url_https":"https://pbs.twimg.com/profile_images/848188127462031361/LR9bGs9q_normal.jpg","profile_banner_url":"https://pbs.twimg.com/profile_banners/2968069742/1491058804","profile_link_color":"3B94D9","profile_sidebar_border_color":"C0DEED","profile_sidebar_fill_color":"DDEEF6","profile_text_color":"333333","profile_use_background_image":true,"has_extended_profile":false,"default_profile":false,"default_profile_image":false,"following":false,"follow_request_sent":false,"notifications":false,"translator_type":"none"},"geo":null,"coordinates":null,"place":null,"contributors":null,"is_quote_status":false,"retweet_count":12770,"favorite_count":4997,"favorited":false,"retweeted":false,"lang":"ja"},{"created_at":"Thu Jul 20 09:00:09 +0000 2017","id":887960306667868200,"id_str":"887960306667868160","text":"【予告】アルケミア国王より、招待状が届きました。\n見る者を魅了するという赤い秘石、クリムライト。この「赤」をドレスコードにしたパーティに招かれ、王子様達も赤を基調とした正装で登場します。\n登場する王子様はいったい誰なのでしょうか？… https://t.co/aJo3UNZqXl","truncated":true,"entities":{"hashtags":[],"symbols":[],"user_mentions":[],"urls":[{"url":"https://t.co/aJo3UNZqXl","expanded_url":"https://twitter.com/i/web/status/887960306667868160","display_url":"twitter.com/i/web/status/8…","indices":[117,140]}]},"metadata":{"iso_language_code":"ja","result_type":"recent"},"source":"<a href=\"https://tabtter.jp\" rel=\"nofollow\">Tabtter</a>","in_reply_to_status_id":null,"in_reply_to_status_id_str":null,"in_reply_to_user_id":null,"in_reply_to_user_id_str":null,"in_reply_to_screen_name":null,"user":{"id":2857842834,"id_str":"2857842834","name":"夢王国と眠れる100人の王子様～公式","screen_name":"yume100prince","location":"夢王国","description":"女性向けスマホパズルRPG『夢王国と眠れる100人の王子様』の公式Twitterアカウントです♪ハッシュタグは #夢100 アプリの情報やおしらせをつぶやいてます！王子様描きおろしイラストや新情報も…♥ アプリに関するお問い合わせは、お手数ですがアプリ内または、公式サイトのお問い合わせよりお願いいたします","url":"https://t.co/XnNr4Jbo13","entities":{"url":{"urls":[{"url":"https://t.co/XnNr4Jbo13","expanded_url":"http://www.yume-100.com/","display_url":"yume-100.com","indices":[0,23]}]},"description":{"urls":[]}},"protected":false,"followers_count":258466,"friends_count":15820,"listed_count":2690,"created_at":"Thu Oct 16 10:25:52 +0000 2014","favourites_count":2937,"utc_offset":32400,"time_zone":"Tokyo","geo_enabled":false,"verified":true,"statuses_count":21273,"lang":"ja","contributors_enabled":false,"is_translator":false,"is_translation_enabled":false,"profile_background_color":"FFFFFF","profile_background_image_url":"http://pbs.twimg.com/profile_background_images/526729816100184064/siTZa0-E.jpeg","profile_background_image_url_https":"https://pbs.twimg.com/profile_background_images/526729816100184064/siTZa0-E.jpeg","profile_background_tile":false,"profile_image_url":"http://pbs.twimg.com/profile_images/875530707224846336/EpX2QcsB_normal.jpg","profile_image_url_https":"https://pbs.twimg.com/profile_images/875530707224846336/EpX2QcsB_normal.jpg","profile_banner_url":"https://pbs.twimg.com/profile_banners/2857842834/1499683098","profile_link_color":"F5ABB5","profile_sidebar_border_color":"FFFFFF","profile_sidebar_fill_color":"DDEEF6","profile_text_color":"333333","profile_use_background_image":true,"has_extended_profile":false,"default_profile":false,"default_profile_image":false,"following":false,"follow_request_sent":false,"notifications":false,"translator_type":"none"},"geo":null,"coordinates":null,"place":null,"contributors":null,"is_quote_status":false,"retweet_count":1003,"favorite_count":1002,"favorited":false,"retweeted":false,"possibly_sensitive":false,"lang":"ja"},{"created_at":"Thu Jul 20 09:00:02 +0000 2017","id":887960276305297400,"id_str":"887960276305297409","text":"✨声優サイン色紙プレゼントキャンペーン✨\n公式アカウントをフォロー＆このツイートをRTしてくれた方の中から\n抽選で茅野愛衣さん・堀江由衣さんの\nサイン色紙をプレゼントします。是非ご応募下さい♪\n #きららファンタジア　#きらファン… https://t.co/4QZMiEBNE1","truncated":true,"entities":{"hashtags":[{"text":"きららファンタジア","indices":[98,108]},{"text":"きらファン","indices":[109,115]}],"symbols":[],"user_mentions":[],"urls":[{"url":"https://t.co/4QZMiEBNE1","expanded_url":"https://twitter.com/i/web/status/887960276305297409","display_url":"twitter.com/i/web/status/8…","indices":[117,140]}]},"metadata":{"iso_language_code":"ja","result_type":"recent"},"source":"<a href=\"https://about.twitter.com/products/tweetdeck\" rel=\"nofollow\">TweetDeck</a>","in_reply_to_status_id":null,"in_reply_to_status_id_str":null,"in_reply_to_user_id":null,"in_reply_to_user_id_str":null,"in_reply_to_screen_name":null,"user":{"id":856385582401966100,"id_str":"856385582401966080","name":"【公式】きららファンタジア","screen_name":"kirarafantasia","location":"","description":"2017年配信予定のスマートフォンゲーム『きららファンタジア』に関するお知らせをつぶやきます。 メッセージ等への個別のご返信は行えません。#きららファンタジア　#きらファン","url":"https://t.co/rNfUl8aC6b","entities":{"url":{"urls":[{"url":"https://t.co/rNfUl8aC6b","expanded_url":"https://kirarafantasia.com/","display_url":"kirarafantasia.com","indices":[0,23]}]},"description":{"urls":[]}},"protected":false,"followers_count":55532,"friends_count":53,"listed_count":402,"created_at":"Mon Apr 24 05:53:28 +0000 2017","favourites_count":9,"utc_offset":-25200,"time_zone":"Pacific Time (US & Canada)","geo_enabled":false,"verified":false,"statuses_count":68,"lang":"ja","contributors_enabled":false,"is_translator":false,"is_translation_enabled":false,"profile_background_color":"000000","profile_background_image_url":"http://abs.twimg.com/images/themes/theme1/bg.png","profile_background_image_url_https":"https://abs.twimg.com/images/themes/theme1/bg.png","profile_background_tile":false,"profile_image_url":"http://pbs.twimg.com/profile_images/878854845964222464/G4Yh2pr5_normal.jpg","profile_image_url_https":"https://pbs.twimg.com/profile_images/878854845964222464/G4Yh2pr5_normal.jpg","profile_banner_url":"https://pbs.twimg.com/profile_banners/856385582401966080/1498370297","profile_link_color":"1B95E0","profile_sidebar_border_color":"000000","profile_sidebar_fill_color":"000000","profile_text_color":"000000","profile_use_background_image":false,"has_extended_profile":false,"default_profile":false,"default_profile_image":false,"following":false,"follow_request_sent":false,"notifications":false,"translator_type":"none"},"geo":null,"coordinates":null,"place":null,"contributors":null,"is_quote_status":false,"retweet_count":1600,"favorite_count":486,"favorited":false,"retweeted":false,"possibly_sensitive":false,"lang":"ja"},{"created_at":"Thu Jul 20 08:59:18 +0000 2017","id":887960094897393700,"id_str":"887960094897393664","text":"#ありはしないが読んでみたいラノベのタイトルを上げる\n「異世界に転生した呂布が\n同じく異世界に大量に転生してきた何かのトンチで魔力無限とか\nなんかの現代器具で国王にのし上がったりする日本の学生を\n良く判らない中国語の雄たけびを上げながら次々と腕力で滅ぼしていくそうです」","truncated":false,"entities":{"hashtags":[{"text":"ありはしないが読んでみたいラノベのタイトルを上げる","indices":[0,26]}],"symbols":[],"user_mentions":[],"urls":[]},"metadata":{"iso_language_code":"ja","result_type":"recent"},"source":"<a href=\"http://twitter.com\" rel=\"nofollow\">Twitter Web Client</a>","in_reply_to_status_id":null,"in_reply_to_status_id_str":null,"in_reply_to_user_id":null,"in_reply_to_user_id_str":null,"in_reply_to_screen_name":null,"user":{"id":141941002,"id_str":"141941002","name":"平野耕太","screen_name":"hiranokohta","location":"東京都足立区","description":"仕事とか備忘録とか。　個人的アカウントは@kootahiranoこちら","url":null,"entities":{"description":{"urls":[]}},"protected":false,"followers_count":301744,"friends_count":75,"listed_count":9723,"created_at":"Sun May 09 13:29:10 +0000 2010","favourites_count":0,"utc_offset":32400,"time_zone":"Tokyo","geo_enabled":false,"verified":false,"statuses_count":25660,"lang":"ja","contributors_enabled":false,"is_translator":false,"is_translation_enabled":false,"profile_background_color":"C0DEED","profile_background_image_url":"http://abs.twimg.com/images/themes/theme1/bg.png","profile_background_image_url_https":"https://abs.twimg.com/images/themes/theme1/bg.png","profile_background_tile":false,"profile_image_url":"http://pbs.twimg.com/profile_images/875507750423232512/Rt7zPrXs_normal.jpg","profile_image_url_https":"https://pbs.twimg.com/profile_images/875507750423232512/Rt7zPrXs_normal.jpg","profile_link_color":"1DA1F2","profile_sidebar_border_color":"C0DEED","profile_sidebar_fill_color":"DDEEF6","profile_text_color":"333333","profile_use_background_image":true,"has_extended_profile":false,"default_profile":true,"default_profile_image":false,"following":false,"follow_request_sent":false,"notifications":false,"translator_type":"none"},"geo":null,"coordinates":null,"place":null,"contributors":null,"is_quote_status":false,"retweet_count":734,"favorite_count":668,"favorited":false,"retweeted":false,"lang":"ja"},{"created_at":"Thu Jul 20 08:55:58 +0000 2017","id":887959256254734300,"id_str":"887959256254734337","text":"ヤマト役の #堂本光一 さんからクランクアップのコメントを頂きました🎁「今回この #未満都市 をやるにあたって、本当にスタッフの皆さんと松潤と相葉ちゃんと…いろいろなところから愛情を感じた期間でした。たくさんの支えをありがとうござ… https://t.co/Pyfy3k7WLo","truncated":true,"entities":{"hashtags":[{"text":"堂本光一","indices":[6,11]},{"text":"未満都市","indices":[41,46]}],"symbols":[],"user_mentions":[],"urls":[{"url":"https://t.co/Pyfy3k7WLo","expanded_url":"https://twitter.com/i/web/status/887959256254734337","display_url":"twitter.com/i/web/status/8…","indices":[117,140]}]},"metadata":{"iso_language_code":"ja","result_type":"recent"},"source":"<a href=\"http://twitter.com/download/iphone\" rel=\"nofollow\">Twitter for iPhone</a>","in_reply_to_status_id":null,"in_reply_to_status_id_str":null,"in_reply_to_user_id":null,"in_reply_to_user_id_str":null,"in_reply_to_screen_name":null,"user":{"id":863518474198319100,"id_str":"863518474198319104","name":"【公式】ぼくらの勇気 未満都市2017","screen_name":"mimancity_ntv","location":"","description":"NTV「ぼくらの勇気 未満都市2017」公式Twitterです。出演:堂本光一、堂本剛・相葉雅紀(友情出演)、松本潤(友情出演)・矢田亜希子、小原裕貴、道枝駿佑(関西ジャニーズJr.)、早見あかり、千葉雄大・山内圭哉、向井理 ほか。2017年7月21日(金)よる9時放送！","url":"https://t.co/eIi79QWxVg","entities":{"url":{"urls":[{"url":"https://t.co/eIi79QWxVg","expanded_url":"http://www.ntv.co.jp/mimancity/","display_url":"ntv.co.jp/mimancity/","indices":[0,23]}]},"description":{"urls":[]}},"protected":false,"followers_count":84159,"friends_count":0,"listed_count":230,"created_at":"Sat May 13 22:17:02 +0000 2017","favourites_count":2,"utc_offset":null,"time_zone":null,"geo_enabled":true,"verified":false,"statuses_count":47,"lang":"ja","contributors_enabled":false,"is_translator":false,"is_translation_enabled":false,"profile_background_color":"F5F8FA","profile_background_image_url":null,"profile_background_image_url_https":null,"profile_background_tile":false,"profile_image_url":"http://pbs.twimg.com/profile_images/876891599279497216/IU7a47_G_normal.jpg","profile_image_url_https":"https://pbs.twimg.com/profile_images/876891599279497216/IU7a47_G_normal.jpg","profile_banner_url":"https://pbs.twimg.com/profile_banners/863518474198319104/1497902225","profile_link_color":"1DA1F2","profile_sidebar_border_color":"C0DEED","profile_sidebar_fill_color":"DDEEF6","profile_text_color":"333333","profile_use_background_image":true,"has_extended_profile":false,"default_profile":true,"default_profile_image":false,"following":false,"follow_request_sent":false,"notifications":false,"translator_type":"none"},"geo":null,"coordinates":null,"place":null,"contributors":null,"is_quote_status":false,"retweet_count":1385,"favorite_count":2538,"favorited":false,"retweeted":false,"possibly_sensitive":false,"lang":"ja"},{"created_at":"Thu Jul 20 08:55:17 +0000 2017","id":887959083805851600,"id_str":"887959083805851648","text":"緊急決定‼️#新宿バルト９ にて、『#忍びの国』無門応援上映を実施致します👏✨詳しくはこちら：https://t.co/Tm7AbFjyY6\n\n#大ヒット上映中\n#無門 #無門様 #無門殿\n#大野智… https://t.co/sNLCey18iR","truncated":true,"entities":{"hashtags":[{"text":"新宿バルト９","indices":[6,13]},{"text":"忍びの国","indices":[18,23]},{"text":"大ヒット上映中","indices":[72,80]},{"text":"無門","indices":[81,84]},{"text":"無門様","indices":[85,89]},{"text":"無門殿","indices":[90,94]},{"text":"大野智","indices":[95,99]}],"symbols":[],"user_mentions":[],"urls":[{"url":"https://t.co/Tm7AbFjyY6","expanded_url":"http://kinezo.jp/pc/theater_news?ush=140feb4#8259","display_url":"kinezo.jp/pc/theater_new…","indices":[47,70]},{"url":"https://t.co/sNLCey18iR","expanded_url":"https://twitter.com/i/web/status/887959083805851648","display_url":"twitter.com/i/web/status/8…","indices":[101,124]}]},"metadata":{"iso_language_code":"ja","result_type":"recent"},"source":"<a href=\"http://twitter.com\" rel=\"nofollow\">Twitter Web Client</a>","in_reply_to_status_id":null,"in_reply_to_status_id_str":null,"in_reply_to_user_id":null,"in_reply_to_user_id_str":null,"in_reply_to_screen_name":null,"user":{"id":737146487226830800,"id_str":"737146487226830848","name":"映画『忍びの国』公式","screen_name":"shinobinokuni","location":"","description":"映画『忍びの国』公式アカウント。原作・脚本：和田竜 監督：中村義洋 出演：大野智 石原さとみ 鈴木亮平 知念侑李 マキタスポーツ 平祐奈 満島真之介 立川談春 國村隼 伊勢谷友介 主題歌：嵐「つなぐ」。大ヒット上映中！ #忍びの国","url":"https://t.co/anEPAQ4M4P","entities":{"url":{"urls":[{"url":"https://t.co/anEPAQ4M4P","expanded_url":"http://shinobinokuni.jp/","display_url":"shinobinokuni.jp","indices":[0,23]}]},"description":{"urls":[]}},"protected":false,"followers_count":141308,"friends_count":5,"listed_count":494,"created_at":"Mon May 30 04:59:52 +0000 2016","favourites_count":0,"utc_offset":32400,"time_zone":"Tokyo","geo_enabled":false,"verified":false,"statuses_count":491,"lang":"ja","contributors_enabled":false,"is_translator":false,"is_translation_enabled":false,"profile_background_color":"000000","profile_background_image_url":"http://abs.twimg.com/images/themes/theme1/bg.png","profile_background_image_url_https":"https://abs.twimg.com/images/themes/theme1/bg.png","profile_background_tile":false,"profile_image_url":"http://pbs.twimg.com/profile_images/848820418609782784/rAVYcW6x_normal.jpg","profile_image_url_https":"https://pbs.twimg.com/profile_images/848820418609782784/rAVYcW6x_normal.jpg","profile_banner_url":"https://pbs.twimg.com/profile_banners/737146487226830848/1491209521","profile_link_color":"710000","profile_sidebar_border_color":"000000","profile_sidebar_fill_color":"000000","profile_text_color":"000000","profile_use_background_image":false,"has_extended_profile":false,"default_profile":false,"default_profile_image":false,"following":false,"follow_request_sent":false,"notifications":false,"translator_type":"none"},"geo":null,"coordinates":null,"place":null,"contributors":null,"is_quote_status":true,"quoted_status_id":887947936293732400,"quoted_status_id_str":"887947936293732352","quoted_status":{"created_at":"Thu Jul 20 08:10:59 +0000 2017","id":887947936293732400,"id_str":"887947936293732352","text":"忍ばないぜ！！『忍びの国』無門応援上映実施決定!!\n\n大ヒット公開中の映画『忍びの国』にて、声だしＯＫ！コスプレＯＫ！\nサイリウム持ちこみＯＫ！の“応援上映”の実施が決定致しました！\n詳細はコチラ⇒https://t.co/ZaBTJghooL","truncated":false,"entities":{"hashtags":[],"symbols":[],"user_mentions":[],"urls":[{"url":"https://t.co/ZaBTJghooL","expanded_url":"http://kinezo.jp/pc/wald9/theater_news/#8259","display_url":"kinezo.jp/pc/wald9/theat…","indices":[99,122]}]},"metadata":{"iso_language_code":"ja","result_type":"recent"},"source":"<a href=\"http://twitter.com\" rel=\"nofollow\">Twitter Web Client</a>","in_reply_to_status_id":null,"in_reply_to_status_id_str":null,"in_reply_to_user_id":null,"in_reply_to_user_id_str":null,"in_reply_to_screen_name":null,"user":{"id":331492464,"id_str":"331492464","name":"新宿バルト9","screen_name":"wald_9","location":"新宿バルト9","description":"最高のエンタテイメントを追求するシネマコンプレックス 新宿バルト9！\r\n今日も皆様に最高のサービスを提供するため奮闘中！！","url":"http://t.co/vSXFRXXojT","entities":{"url":{"urls":[{"url":"http://t.co/vSXFRXXojT","expanded_url":"http://wald9.com/index.html","display_url":"wald9.com/index.html","indices":[0,22]}]},"description":{"urls":[]}},"protected":false,"followers_count":19333,"friends_count":1,"listed_count":713,"created_at":"Fri Jul 08 07:57:42 +0000 2011","favourites_count":0,"utc_offset":32400,"time_zone":"Tokyo","geo_enabled":false,"verified":false,"statuses_count":2317,"lang":"ja","contributors_enabled":false,"is_translator":false,"is_translation_enabled":false,"profile_background_color":"C0DEED","profile_background_image_url":"http://pbs.twimg.com/profile_background_images/298273735/______.JPG","profile_background_image_url_https":"https://pbs.twimg.com/profile_background_images/298273735/______.JPG","profile_background_tile":false,"profile_image_url":"http://pbs.twimg.com/profile_images/2825477356/275127da85ee292e0079d373a54193fc_normal.jpeg","profile_image_url_https":"https://pbs.twimg.com/profile_images/2825477356/275127da85ee292e0079d373a54193fc_normal.jpeg","profile_link_color":"0084B4","profile_sidebar_border_color":"C0DEED","profile_sidebar_fill_color":"DDEEF6","profile_text_color":"333333","profile_use_background_image":true,"has_extended_profile":false,"default_profile":false,"default_profile_image":false,"following":false,"follow_request_sent":false,"notifications":false,"translator_type":"none"},"geo":null,"coordinates":null,"place":null,"contributors":null,"is_quote_status":false,"retweet_count":935,"favorite_count":853,"favorited":false,"retweeted":false,"possibly_sensitive":false,"lang":"ja"},"retweet_count":603,"favorite_count":1013,"favorited":false,"retweeted":false,"possibly_sensitive":false,"lang":"ja"},{"created_at":"Thu Jul 20 08:47:53 +0000 2017","id":887957219928531000,"id_str":"887957219928530944","text":"キントレ会場例年までのサイドバルコがB2の指定最前の前まで延長されて会場一周してる！！すげー！！","truncated":false,"entities":{"hashtags":[],"symbols":[],"user_mentions":[],"urls":[]},"metadata":{"iso_language_code":"ja","result_type":"recent"},"source":"<a href=\"http://twitter.com/download/android\" rel=\"nofollow\">Twitter for Android</a>","in_reply_to_status_id":null,"in_reply_to_status_id_str":null,"in_reply_to_user_id":null,"in_reply_to_user_id_str":null,"in_reply_to_screen_name":null,"user":{"id":159435999,"id_str":"159435999","name":"りこ","screen_name":"ymmtriko1114","location":"松松はぴねすわんだーらんどへようこそ","description":"この道20年のジャニヲタ。SMAPからJr.まで手広くやってます。現在松倉海斗くん応援中！松松シンメらぶふぉーえばー＼(^o^)／フォロー等々ご自由にどうぞ～。","url":null,"entities":{"description":{"urls":[]}},"protected":false,"followers_count":644,"friends_count":67,"listed_count":8,"created_at":"Fri Jun 25 10:54:55 +0000 2010","favourites_count":2857,"utc_offset":32400,"time_zone":"Tokyo","geo_enabled":false,"verified":false,"statuses_count":9931,"lang":"ja","contributors_enabled":false,"is_translator":false,"is_translation_enabled":false,"profile_background_color":"C0DEED","profile_background_image_url":"http://abs.twimg.com/images/themes/theme1/bg.png","profile_background_image_url_https":"https://abs.twimg.com/images/themes/theme1/bg.png","profile_background_tile":false,"profile_image_url":"http://pbs.twimg.com/profile_images/1301810292/DVC00177_normal.jpg","profile_image_url_https":"https://pbs.twimg.com/profile_images/1301810292/DVC00177_normal.jpg","profile_banner_url":"https://pbs.twimg.com/profile_banners/159435999/1441201812","profile_link_color":"1DA1F2","profile_sidebar_border_color":"C0DEED","profile_sidebar_fill_color":"DDEEF6","profile_text_color":"333333","profile_use_background_image":true,"has_extended_profile":true,"default_profile":true,"default_profile_image":false,"following":false,"follow_request_sent":false,"notifications":false,"translator_type":"none"},"geo":null,"coordinates":null,"place":null,"contributors":null,"is_quote_status":false,"retweet_count":1342,"favorite_count":869,"favorited":false,"retweeted":false,"lang":"ja"},{"created_at":"Thu Jul 20 08:47:26 +0000 2017","id":887957109014282200,"id_str":"887957109014282240","text":"この夏目初めて見た気がするけどどっかであったっけ……？？ https://t.co/pKKhEB1n0v","truncated":false,"entities":{"hashtags":[],"symbols":[],"user_mentions":[],"urls":[],"media":[{"id":887957095462584300,"id_str":"887957095462584320","indices":[29,52],"media_url":"http://pbs.twimg.com/media/DFKoRhLVwAAWt3D.jpg","media_url_https":"https://pbs.twimg.com/media/DFKoRhLVwAAWt3D.jpg","url":"https://t.co/pKKhEB1n0v","display_url":"pic.twitter.com/pKKhEB1n0v","expanded_url":"https://twitter.com/nandemosengoku/status/887957109014282240/photo/1","type":"photo","sizes":{"thumb":{"w":150,"h":150,"resize":"crop"},"large":{"w":2048,"h":1536,"resize":"fit"},"small":{"w":680,"h":510,"resize":"fit"},"medium":{"w":1200,"h":900,"resize":"fit"}}}]},"extended_entities":{"media":[{"id":887957095462584300,"id_str":"887957095462584320","indices":[29,52],"media_url":"http://pbs.twimg.com/media/DFKoRhLVwAAWt3D.jpg","media_url_https":"https://pbs.twimg.com/media/DFKoRhLVwAAWt3D.jpg","url":"https://t.co/pKKhEB1n0v","display_url":"pic.twitter.com/pKKhEB1n0v","expanded_url":"https://twitter.com/nandemosengoku/status/887957109014282240/photo/1","type":"photo","sizes":{"thumb":{"w":150,"h":150,"resize":"crop"},"large":{"w":2048,"h":1536,"resize":"fit"},"small":{"w":680,"h":510,"resize":"fit"},"medium":{"w":1200,"h":900,"resize":"fit"}}}]},"metadata":{"iso_language_code":"ja","result_type":"recent"},"source":"<a href=\"http://twitter.com/#!/download/ipad\" rel=\"nofollow\">Twitter for iPad</a>","in_reply_to_status_id":null,"in_reply_to_status_id_str":null,"in_reply_to_user_id":null,"in_reply_to_user_id_str":null,"in_reply_to_screen_name":null,"user":{"id":859781328295739400,"id_str":"859781328295739393","name":"かえ@仙石忍の母","screen_name":"nandemosengoku","location":"","description":"しのぶー、俺だー！！！！  こっそり無言フォローすみません😳","url":null,"entities":{"description":{"urls":[]}},"protected":false,"followers_count":13,"friends_count":46,"listed_count":0,"created_at":"Wed May 03 14:46:57 +0000 2017","favourites_count":189,"utc_offset":null,"time_zone":null,"geo_enabled":false,"verified":false,"statuses_count":710,"lang":"ja","contributors_enabled":false,"is_translator":false,"is_translation_enabled":false,"profile_background_color":"F5F8FA","profile_background_image_url":null,"profile_background_image_url_https":null,"profile_background_tile":false,"profile_image_url":"http://pbs.twimg.com/profile_images/859782236211748866/AJ3ZlsWq_normal.jpg","profile_image_url_https":"https://pbs.twimg.com/profile_images/859782236211748866/AJ3ZlsWq_normal.jpg","profile_link_color":"1DA1F2","profile_sidebar_border_color":"C0DEED","profile_sidebar_fill_color":"DDEEF6","profile_text_color":"333333","profile_use_background_image":true,"has_extended_profile":false,"default_profile":true,"default_profile_image":false,"following":false,"follow_request_sent":false,"notifications":false,"translator_type":"none"},"geo":null,"coordinates":null,"place":null,"contributors":null,"is_quote_status":false,"retweet_count":531,"favorite_count":254,"favorited":false,"retweeted":false,"possibly_sensitive":false,"lang":"ja"},{"created_at":"Thu Jul 20 08:46:34 +0000 2017","id":887956890331758600,"id_str":"887956890331758592","text":"リサのお母様がBLACKPINKの日本デビューショーケースにいらっしゃっています:) #LISA https://t.co/xDReKkQ9v9","truncated":false,"entities":{"hashtags":[{"text":"LISA","indices":[43,48]}],"symbols":[],"user_mentions":[],"urls":[],"media":[{"id":887956880785424400,"id_str":"887956880785424384","indices":[49,72],"media_url":"http://pbs.twimg.com/media/DFKoFBcUQAAtdVz.jpg","media_url_https":"https://pbs.twimg.com/media/DFKoFBcUQAAtdVz.jpg","url":"https://t.co/xDReKkQ9v9","display_url":"pic.twitter.com/xDReKkQ9v9","expanded_url":"https://twitter.com/BLACKPINKJP_com/status/887956890331758592/photo/1","type":"photo","sizes":{"small":{"w":680,"h":502,"resize":"fit"},"medium":{"w":750,"h":554,"resize":"fit"},"large":{"w":750,"h":554,"resize":"fit"},"thumb":{"w":150,"h":150,"resize":"crop"}}}]},"extended_entities":{"media":[{"id":887956880785424400,"id_str":"887956880785424384","indices":[49,72],"media_url":"http://pbs.twimg.com/media/DFKoFBcUQAAtdVz.jpg","media_url_https":"https://pbs.twimg.com/media/DFKoFBcUQAAtdVz.jpg","url":"https://t.co/xDReKkQ9v9","display_url":"pic.twitter.com/xDReKkQ9v9","expanded_url":"https://twitter.com/BLACKPINKJP_com/status/887956890331758592/photo/1","type":"photo","sizes":{"small":{"w":680,"h":502,"resize":"fit"},"medium":{"w":750,"h":554,"resize":"fit"},"large":{"w":750,"h":554,"resize":"fit"},"thumb":{"w":150,"h":150,"resize":"crop"}}}]},"metadata":{"iso_language_code":"ja","result_type":"recent"},"source":"<a href=\"http://twitter.com/download/iphone\" rel=\"nofollow\">Twitter for iPhone</a>","in_reply_to_status_id":null,"in_reply_to_status_id_str":null,"in_reply_to_user_id":null,"in_reply_to_user_id_str":null,"in_reply_to_screen_name":null,"user":{"id":793820491567857700,"id_str":"793820491567857664","name":"BLACKPINK JAPAN","screen_name":"BLACKPINKJP_com","location":"","description":"YG ENTERTAINMENT BLΛCKPIИK JAPAN FANBASE #BLACKPINK ジス/ジェニ/リサ/ロゼ を日本から応援しています^^ #블랙핑크 #블링크 #BLINK","url":"https://t.co/vPChD8mlyo","entities":{"url":{"urls":[{"url":"https://t.co/vPChD8mlyo","expanded_url":"https://www.instagram.com/blackpinkofficial/","display_url":"instagram.com/blackpinkoffic…","indices":[0,23]}]},"description":{"urls":[]}},"protected":false,"followers_count":55502,"friends_count":0,"listed_count":172,"created_at":"Wed Nov 02 14:22:08 +0000 2016","favourites_count":43,"utc_offset":null,"time_zone":null,"geo_enabled":false,"verified":false,"statuses_count":4192,"lang":"ko","contributors_enabled":false,"is_translator":false,"is_translation_enabled":false,"profile_background_color":"F5F8FA","profile_background_image_url":null,"profile_background_image_url_https":null,"profile_background_tile":false,"profile_image_url":"http://pbs.twimg.com/profile_images/875964261008265216/Sthv4V7m_normal.jpg","profile_image_url_https":"https://pbs.twimg.com/profile_images/875964261008265216/Sthv4V7m_normal.jpg","profile_banner_url":"https://pbs.twimg.com/profile_banners/793820491567857664/1478308864","profile_link_color":"1DA1F2","profile_sidebar_border_color":"C0DEED","profile_sidebar_fill_color":"DDEEF6","profile_text_color":"333333","profile_use_background_image":true,"has_extended_profile":false,"default_profile":true,"default_profile_image":false,"following":false,"follow_request_sent":false,"notifications":false,"translator_type":"none"},"geo":null,"coordinates":null,"place":null,"contributors":null,"is_quote_status":false,"retweet_count":564,"favorite_count":1966,"favorited":false,"retweeted":false,"possibly_sensitive":false,"lang":"ja"}],"search_metadata":{"completed_in":0.137,"max_id":887962661341634600,"max_id_str":"887962661341634560","next_results":"?max_id=887956890331758591&q=lang%3Aja%20min_retweets%3A500&include_entities=1","query":"lang%3Aja+min_retweets%3A500","refresh_url":"?since_id=887962661341634560&q=lang%3Aja%20min_retweets%3A500&include_entities=1","count":15,"since_id":0,"since_id_str":"0"}}