{"statuses":[{"created_at":"Thu Jul 20 03:13:32 +0000 2017","id":887873080202154000,"id_str":"887873080202153985","text":"【マスカレイドミラージュ】現在キービジュアル制作中！みなさまへのお披露目は、8月上旬ごろを予定しています。お楽しみに！ https://t.co/AXNFGI9mE4","truncated":false,"entities":{"hashtags":[],"symbols":[],"user_mentions":[],"urls":[],"media":[{"id":887872930331246600,"id_str":"887872930331246592","indices":[60,83],"media_url":"http://pbs.twimg.com/media/DFJbudoUQAAZXT9.jpg","media_url_https":"https://pbs.twimg.com/media/DFJbudoUQAAZXT9.jpg","url":"https://t.co/AXNFGI9mE4","display_url":"pic.twitter.com/AXNFGI9mE4","expanded_url":"https://twitter.com/gekidan_shining/status/887873080202153985/photo/1","type":"photo","sizes":{"small":{"w":680,"h":569,"resize":"fit"},"medium":{"w":1200,"h":1004,"resize":"fit"},"thumb":{"w":150,"h":150,"resize":"crop"},"large":{"w":1344,"h":1125,"resize":"fit"}}}]},"extended_entities":{"media":[{"id":887872930331246600,"id_str":"887872930331246592","indices":[60,83],"media_url":"http://pbs.twimg.com/media/DFJbudoUQAAZXT9.jpg","media_url_https":"https://pbs.twimg.com/media/DFJbudoUQAAZXT9.jpg","url":"https://t.co/AXNFGI9mE4","display_url":"pic.twitter.com/AXNFGI9mE4","expanded_url":"https://twitter.com/gekidan_shining/status/887873080202153985/photo/1","type":"photo","sizes":{"small":{"w":680,"h":569,"resize":"fit"},"medium":{"w":1200,"h":1004,"resize":"fit"},"thumb":{"w":150,"h":150,"resize":"crop"},"large":{"w":1344,"h":1125,"resize":"fit"}}}]},"metadata":{"iso_language_code":"ja","result_type":"recent"},"source":"<a href=\"http://twitter.com\" rel=\"nofollow\">Twitter Web Client</a>","in_reply_to_status_id":null,"in_reply_to_status_id_str":null,"in_reply_to_user_id":null,"in_reply_to_user_id_str":null,"in_reply_to_screen_name":null,"user":{"id":842185893641244700,"id_str":"842185893641244673","name":"舞台 劇団シャイニング公式","screen_name":"gekidan_shining","location":"","description":"劇団シャイニング舞台シリーズ公式Twitterです。第1弾作品『天下無敵の忍び道』に関する情報をお知らせします。★当アカウントへのお客様からのご質問にはお答え致しかねます。","url":"https://t.co/eKaOlzzGk8","entities":{"url":{"urls":[{"url":"https://t.co/eKaOlzzGk8","expanded_url":"http://gs-shinobi.com","display_url":"gs-shinobi.com","indices":[0,23]}]},"description":{"urls":[]}},"protected":false,"followers_count":39907,"friends_count":9,"listed_count":679,"created_at":"Thu Mar 16 01:28:58 +0000 2017","favourites_count":0,"utc_offset":32400,"time_zone":"Tokyo","geo_enabled":false,"verified":false,"statuses_count":79,"lang":"ja","contributors_enabled":false,"is_translator":false,"is_translation_enabled":false,"profile_background_color":"F5F8FA","profile_background_image_url":null,"profile_background_image_url_https":null,"profile_background_tile":false,"profile_image_url":"http://pbs.twimg.com/profile_images/875592246774517761/dd5RSg3U_normal.jpg","profile_image_url_https":"https://pbs.twimg.com/profile_images/875592246774517761/dd5RSg3U_normal.jpg","profile_banner_url":"https://pbs.twimg.com/profile_banners/842185893641244673/1489631617","profile_link_color":"1DA1F2","profile_sidebar_border_color":"C0DEED","profile_sidebar_fill_color":"DDEEF6","profile_text_color":"333333","profile_use_background_image":true,"has_extended_profile":false,"default_profile":true,"default_profile_image":false,"following":false,"follow_request_sent":false,"notifications":false,"translator_type":"none"},"geo":null,"coordinates":null,"place":null,"contributors":null,"is_quote_status":false,"retweet_count":1315,"favorite_count":1062,"favorited":false,"retweeted":false,"possibly_sensitive":false,"lang":"ja"},{"created_at":"Thu Jul 20 03:11:27 +0000 2017","id":887872553280131100,"id_str":"887872553280131072","text":"4コマ漫画ネコノヒー「豆腐」/Tofu https://t.co/FidxXYK8p7 https://t.co/3lYrDKgKXj","truncated":false,"entities":{"hashtags":[],"symbols":[],"user_mentions":[],"urls":[{"url":"https://t.co/FidxXYK8p7","expanded_url":"http://www.q-rais.com/entry/2017/07/20/121002","display_url":"q-rais.com/entry/2017/07/…","indices":[20,43]}],"media":[{"id":887872515812360200,"id_str":"887872515812360192","indices":[44,67],"media_url":"http://pbs.twimg.com/media/DFJbWVbUAAAqshY.jpg","media_url_https":"https://pbs.twimg.com/media/DFJbWVbUAAAqshY.jpg","url":"https://t.co/3lYrDKgKXj","display_url":"pic.twitter.com/3lYrDKgKXj","expanded_url":"https://twitter.com/Qrais_Usagi/status/887872553280131072/photo/1","type":"photo","sizes":{"large":{"w":744,"h":2048,"resize":"fit"},"thumb":{"w":150,"h":150,"resize":"crop"},"medium":{"w":436,"h":1200,"resize":"fit"},"small":{"w":247,"h":680,"resize":"fit"}}}]},"extended_entities":{"media":[{"id":887872515812360200,"id_str":"887872515812360192","indices":[44,67],"media_url":"http://pbs.twimg.com/media/DFJbWVbUAAAqshY.jpg","media_url_https":"https://pbs.twimg.com/media/DFJbWVbUAAAqshY.jpg","url":"https://t.co/3lYrDKgKXj","display_url":"pic.twitter.com/3lYrDKgKXj","expanded_url":"https://twitter.com/Qrais_Usagi/status/887872553280131072/photo/1","type":"photo","sizes":{"large":{"w":744,"h":2048,"resize":"fit"},"thumb":{"w":150,"h":150,"resize":"crop"},"medium":{"w":436,"h":1200,"resize":"fit"},"small":{"w":247,"h":680,"resize":"fit"}}}]},"metadata":{"iso_language_code":"ja","result_type":"recent"},"source":"<a href=\"http://twitter.com\" rel=\"nofollow\">Twitter Web Client</a>","in_reply_to_status_id":null,"in_reply_to_status_id_str":null,"in_reply_to_user_id":null,"in_reply_to_user_id_str":null,"in_reply_to_screen_name":null,"user":{"id":858604256751788000,"id_str":"858604256751788032","name":"キューライス","screen_name":"Qrais_Usagi","location":"日本","description":"漫画家。   オモコロ→https://t.co/Mu96990UN6  XOYリーグ→https://t.co/dHiIVNA0oC  短編アニメhttps://t.co/HlBQAFfRM1ご依頼はこちらへqraisqrais@gmail.com","url":"https://t.co/FTRKplUt5d","entities":{"url":{"urls":[{"url":"https://t.co/FTRKplUt5d","expanded_url":"http://www.q-rais.com","display_url":"q-rais.com","indices":[0,23]}]},"description":{"urls":[{"url":"https://t.co/Mu96990UN6","expanded_url":"http://omocoro.jp/writer","display_url":"omocoro.jp/writer","indices":[12,35]},{"url":"https://t.co/dHiIVNA0oC","expanded_url":"http://xoy.webtoons.com/ja/challenge","display_url":"xoy.webtoons.com/ja/challenge","indices":[44,67]},{"url":"https://t.co/HlBQAFfRM1","expanded_url":"https://www.youtube.com/watch?v=48-RA4BNXVc","display_url":"youtube.com/watch?v=48-RA4…","indices":[74,97]}]}},"protected":false,"followers_count":119349,"friends_count":93,"listed_count":555,"created_at":"Sun Apr 30 08:49:41 +0000 2017","favourites_count":1101,"utc_offset":null,"time_zone":null,"geo_enabled":false,"verified":false,"statuses_count":225,"lang":"ja","contributors_enabled":false,"is_translator":false,"is_translation_enabled":false,"profile_background_color":"F5F8FA","profile_background_image_url":null,"profile_background_image_url_https":null,"profile_background_tile":false,"profile_image_url":"http://pbs.twimg.com/profile_images/858606013938716672/92qPwUv5_normal.jpg","profile_image_url_https":"https://pbs.twimg.com/profile_images/858606013938716672/92qPwUv5_normal.jpg","profile_banner_url":"https://pbs.twimg.com/profile_banners/858604256751788032/1493542909","profile_link_color":"1DA1F2","profile_sidebar_border_color":"C0DEED","profile_sidebar_fill_color":"DDEEF6","profile_text_color":"333333","profile_use_background_image":true,"has_extended_profile":true,"default_profile":true,"default_profile_image":false,"following":false,"follow_request_sent":false,"notifications":false,"translator_type":"none"},"geo":null,"coordinates":null,"place":null,"contributors":null,"is_quote_status":false,"retweet_count":803,"favorite_count":1338,"favorited":false,"retweeted":false,"possibly_sensitive":false,"lang":"ja"},{"created_at":"Thu Jul 20 03:04:50 +0000 2017","id":887870890506985500,"id_str":"887870890506985472","text":"バーベキューが来た！\nヒロアカの期間限定ショップ『僕のヒーローアカデミア×THEキャラSHOP ～真夏のBBQ大会～』8月2日（水）より東京池袋P'PARCOにオープン決定！\n詳細はこちら\n↓… https://t.co/lJozV5Rze8","truncated":true,"entities":{"hashtags":[],"symbols":[],"user_mentions":[],"urls":[{"url":"https://t.co/lJozV5Rze8","expanded_url":"https://twitter.com/i/web/status/887870890506985472","display_url":"twitter.com/i/web/status/8…","indices":[98,121]}]},"metadata":{"iso_language_code":"ja","result_type":"recent"},"source":"<a href=\"http://twitter.com\" rel=\"nofollow\">Twitter Web Client</a>","in_reply_to_status_id":null,"in_reply_to_status_id_str":null,"in_reply_to_user_id":null,"in_reply_to_user_id_str":null,"in_reply_to_screen_name":null,"user":{"id":3969691152,"id_str":"3969691152","name":"僕のヒーローアカデミア_アニメ公式","screen_name":"heroaca_anime","location":"","description":"毎週土曜夕方5:30より読売テレビ・日本テレビ系で放送！「週刊少年ジャンプ」（集英社）で連載中、堀越耕平原作による「僕のヒーローアカデミア」TVアニメ公式アカウント。ヒロアカの情報を発信します。 推奨ハッシュタグ：#heroaca_a #ヒロアカ ※原則個別リプライは行っておりません。","url":"https://t.co/DUZ6Q6Gq34","entities":{"url":{"urls":[{"url":"https://t.co/DUZ6Q6Gq34","expanded_url":"http://heroaca.com/","display_url":"heroaca.com","indices":[0,23]}]},"description":{"urls":[]}},"protected":false,"followers_count":146489,"friends_count":101,"listed_count":1677,"created_at":"Wed Oct 21 14:05:05 +0000 2015","favourites_count":0,"utc_offset":-25200,"time_zone":"Pacific Time (US & Canada)","geo_enabled":false,"verified":false,"statuses_count":3147,"lang":"ja","contributors_enabled":false,"is_translator":false,"is_translation_enabled":false,"profile_background_color":"C0DEED","profile_background_image_url":"http://abs.twimg.com/images/themes/theme1/bg.png","profile_background_image_url_https":"https://abs.twimg.com/images/themes/theme1/bg.png","profile_background_tile":false,"profile_image_url":"http://pbs.twimg.com/profile_images/881114171605004289/8QVDjhno_normal.jpg","profile_image_url_https":"https://pbs.twimg.com/profile_images/881114171605004289/8QVDjhno_normal.jpg","profile_banner_url":"https://pbs.twimg.com/profile_banners/3969691152/1491111187","profile_link_color":"1DA1F2","profile_sidebar_border_color":"C0DEED","profile_sidebar_fill_color":"DDEEF6","profile_text_color":"333333","profile_use_background_image":true,"has_extended_profile":false,"default_profile":true,"default_profile_image":false,"following":false,"follow_request_sent":false,"notifications":false,"translator_type":"none"},"geo":null,"coordinates":null,"place":null,"contributors":null,"is_quote_status":false,"retweet_count":1846,"favorite_count":2125,"favorited":false,"retweeted":false,"possibly_sensitive":false,"lang":"ja"},{"created_at":"Thu Jul 20 03:03:11 +0000 2017","id":887870472846626800,"id_str":"887870472846626816","text":"【GAME2/2】オープニングムービーを公開！7人が歌う楽曲「一緒にHang in there♪」はPremium Princess BOXに同梱の「Rainbow Stars CD」に収録されています。#utapri_AASSL https://t.co/6Bi8BaKABk","truncated":false,"entities":{"hashtags":[{"text":"utapri_AASSL","indices":[102,115]}],"symbols":[],"user_mentions":[],"urls":[{"url":"https://t.co/6Bi8BaKABk","expanded_url":"https://www.youtube.com/watch?v=gU4htUXGTQs","display_url":"youtube.com/watch?v=gU4htU…","indices":[116,139]}]},"metadata":{"iso_language_code":"ja","result_type":"recent"},"source":"<a href=\"http://twitter.com\" rel=\"nofollow\">Twitter Web Client</a>","in_reply_to_status_id":null,"in_reply_to_status_id_str":null,"in_reply_to_user_id":null,"in_reply_to_user_id_str":null,"in_reply_to_screen_name":null,"user":{"id":402547102,"id_str":"402547102","name":"utapri_official","screen_name":"utapri_official","location":"","description":"「うたの☆プリンスさまっ♪」公式twitterです。 うた☆プリに関する情報をお知らせします。 ★当アカウントへのお客様からのご質問はお答え致しかねます。 お問い合わせはブロッコリーユーザーサポートまでお願い申し上げます。［ユーザーサポート］https://t.co/xRDBWd6chD","url":"http://t.co/33RXcz6lND","entities":{"url":{"urls":[{"url":"http://t.co/33RXcz6lND","expanded_url":"http://www.utapri.com","display_url":"utapri.com","indices":[0,22]}]},"description":{"urls":[{"url":"https://t.co/xRDBWd6chD","expanded_url":"http://www.broccoli.co.jp/support/","display_url":"broccoli.co.jp/support/","indices":[121,144]}]}},"protected":false,"followers_count":478326,"friends_count":14,"listed_count":11814,"created_at":"Tue Nov 01 07:25:18 +0000 2011","favourites_count":0,"utc_offset":32400,"time_zone":"Tokyo","geo_enabled":false,"verified":false,"statuses_count":2419,"lang":"ja","contributors_enabled":false,"is_translator":false,"is_translation_enabled":false,"profile_background_color":"FFFFCC","profile_background_image_url":"http://pbs.twimg.com/profile_background_images/451011471976046594/sugMw9yI.jpeg","profile_background_image_url_https":"https://pbs.twimg.com/profile_background_images/451011471976046594/sugMw9yI.jpeg","profile_background_tile":false,"profile_image_url":"http://pbs.twimg.com/profile_images/875613182164779008/-eOqe25Z_normal.jpg","profile_image_url_https":"https://pbs.twimg.com/profile_images/875613182164779008/-eOqe25Z_normal.jpg","profile_banner_url":"https://pbs.twimg.com/profile_banners/402547102/1491058816","profile_link_color":"0084B4","profile_sidebar_border_color":"FFFFFF","profile_sidebar_fill_color":"E8FFFE","profile_text_color":"333333","profile_use_background_image":false,"has_extended_profile":false,"default_profile":false,"default_profile_image":false,"following":false,"follow_request_sent":false,"notifications":false,"translator_type":"none"},"geo":null,"coordinates":null,"place":null,"contributors":null,"is_quote_status":false,"retweet_count":1818,"favorite_count":2569,"favorited":false,"retweeted":false,"possibly_sensitive":false,"lang":"ja"},{"created_at":"Thu Jul 20 03:02:44 +0000 2017","id":887870360871354400,"id_str":"887870360871354368","text":"〜新イベントのお知らせ〜\n7月21日(金) 18:00より新イベント\n「恋する人造人間の逆襲」開催予定です！\nなぜ造った？なぜなら、そこに死体があるから…\n\n#へそくりウォーズ #へそウォ https://t.co/3GyW1RScge","truncated":false,"entities":{"hashtags":[{"text":"へそくりウォーズ","indices":[79,88]},{"text":"へそウォ","indices":[89,94]}],"symbols":[],"user_mentions":[],"urls":[],"media":[{"id":887869793109332000,"id_str":"887869793109331968","indices":[95,118],"media_url":"http://pbs.twimg.com/media/DFJY32kU0AA4lmx.png","media_url_https":"https://pbs.twimg.com/media/DFJY32kU0AA4lmx.png","url":"https://t.co/3GyW1RScge","display_url":"pic.twitter.com/3GyW1RScge","expanded_url":"https://twitter.com/osomatsu_hkw/status/887870360871354368/photo/1","type":"photo","sizes":{"large":{"w":800,"h":700,"resize":"fit"},"small":{"w":680,"h":595,"resize":"fit"},"thumb":{"w":150,"h":150,"resize":"crop"},"medium":{"w":800,"h":700,"resize":"fit"}}}]},"extended_entities":{"media":[{"id":887869793109332000,"id_str":"887869793109331968","indices":[95,118],"media_url":"http://pbs.twimg.com/media/DFJY32kU0AA4lmx.png","media_url_https":"https://pbs.twimg.com/media/DFJY32kU0AA4lmx.png","url":"https://t.co/3GyW1RScge","display_url":"pic.twitter.com/3GyW1RScge","expanded_url":"https://twitter.com/osomatsu_hkw/status/887870360871354368/photo/1","type":"photo","sizes":{"large":{"w":800,"h":700,"resize":"fit"},"small":{"w":680,"h":595,"resize":"fit"},"thumb":{"w":150,"h":150,"resize":"crop"},"medium":{"w":800,"h":700,"resize":"fit"}}},{"id":887869821320183800,"id_str":"887869821320183808","indices":[95,118],"media_url":"http://pbs.twimg.com/media/DFJY5fqUQAAZjOJ.png","media_url_https":"https://pbs.twimg.com/media/DFJY5fqUQAAZjOJ.png","url":"https://t.co/3GyW1RScge","display_url":"pic.twitter.com/3GyW1RScge","expanded_url":"https://twitter.com/osomatsu_hkw/status/887870360871354368/photo/1","type":"photo","sizes":{"medium":{"w":800,"h":794,"resize":"fit"},"small":{"w":680,"h":675,"resize":"fit"},"thumb":{"w":150,"h":150,"resize":"crop"},"large":{"w":800,"h":794,"resize":"fit"}}}]},"metadata":{"iso_language_code":"ja","result_type":"recent"},"source":"<a href=\"http://twitter.com\" rel=\"nofollow\">Twitter Web Client</a>","in_reply_to_status_id":null,"in_reply_to_status_id_str":null,"in_reply_to_user_id":null,"in_reply_to_user_id_str":null,"in_reply_to_screen_name":null,"user":{"id":704500960320573400,"id_str":"704500960320573440","name":"おそ松さんのへそくりウォーズ公式","screen_name":"osomatsu_hkw","location":"","description":"TVアニメ「おそ松さん」のアプリゲーム「おそ松さんのへそくりウォーズ~ニートの攻防~」公式アカウントです。 【キャスト】櫻井孝宏、中村悠一、神谷浩史、福山潤、小野大輔、入野自由 ※Twitterでは個別のご返答はしておりませんのでご了承ください。お問い合わせはhesokuri_cs@churapps.co.jpまで。","url":"https://t.co/TeDy09B8OD","entities":{"url":{"urls":[{"url":"https://t.co/TeDy09B8OD","expanded_url":"http://osomatsusan.com/game/","display_url":"osomatsusan.com/game/","indices":[0,23]}]},"description":{"urls":[]}},"protected":false,"followers_count":118706,"friends_count":1,"listed_count":1561,"created_at":"Tue Mar 01 02:58:12 +0000 2016","favourites_count":0,"utc_offset":32400,"time_zone":"Tokyo","geo_enabled":false,"verified":false,"statuses_count":650,"lang":"ja","contributors_enabled":false,"is_translator":false,"is_translation_enabled":false,"profile_background_color":"F5F8FA","profile_background_image_url":null,"profile_background_image_url_https":null,"profile_background_tile":false,"profile_image_url":"http://pbs.twimg.com/profile_images/887870681743998978/7JljFRUp_normal.jpg","profile_image_url_https":"https://pbs.twimg.com/profile_images/887870681743998978/7JljFRUp_normal.jpg","profile_banner_url":"https://pbs.twimg.com/profile_banners/704500960320573440/1491058841","profile_link_color":"1DA1F2","profile_sidebar_border_color":"C0DEED","profile_sidebar_fill_color":"DDEEF6","profile_text_color":"333333","profile_use_background_image":true,"has_extended_profile":false,"default_profile":true,"default_profile_image":false,"following":false,"follow_request_sent":false,"notifications":false,"translator_type":"none"},"geo":null,"coordinates":null,"place":null,"contributors":null,"is_quote_status":false,"retweet_count":787,"favorite_count":739,"favorited":false,"retweeted":false,"possibly_sensitive":false,"lang":"ja"},{"created_at":"Thu Jul 20 03:01:30 +0000 2017","id":887870052078297100,"id_str":"887870052078297088","text":"【イベント情報】\n武者小路実篤記念館とのコラボ用描き下ろしイラストを初公開致します！\n以下の期間でイベントを予定しております。\n期間：8/2～8/27\n場所：武者小路実篤記念館\n\nグッズ等の詳細な情報は来週告知いたします。… https://t.co/UmCLyG64Z3","truncated":true,"entities":{"hashtags":[],"symbols":[],"user_mentions":[],"urls":[{"url":"https://t.co/UmCLyG64Z3","expanded_url":"https://twitter.com/i/web/status/887870052078297088","display_url":"twitter.com/i/web/status/8…","indices":[113,136]}]},"metadata":{"iso_language_code":"ja","result_type":"recent"},"source":"<a href=\"http://admin.social.userlocal.jp/\" rel=\"nofollow\">Social Insight アプリ</a>","in_reply_to_status_id":null,"in_reply_to_status_id_str":null,"in_reply_to_user_id":null,"in_reply_to_user_id_str":null,"in_reply_to_screen_name":null,"user":{"id":770553427478753300,"id_str":"770553427478753281","name":"【DMM】文豪とアルケミスト_館報","screen_name":"BunAl_PR","location":"帝國図書館","description":"再びこの世に転生せし文豪たちが綴る、もうひとつの文学譚「文豪とアルケミスト」の文豪やグッズなどの情報を発信する公式アカウントです。 「文豪とアルケミスト」の メンテナンスやイベント情報など、ゲームについては @BunAl_Staff をご確認ください。 ハッシュタグ：#文アル","url":"https://t.co/IbPEiIPMhe","entities":{"url":{"urls":[{"url":"https://t.co/IbPEiIPMhe","expanded_url":"http://bungo.dmmgames.com/","display_url":"bungo.dmmgames.com","indices":[0,23]}]},"description":{"urls":[]}},"protected":false,"followers_count":117215,"friends_count":7,"listed_count":1359,"created_at":"Tue Aug 30 09:27:08 +0000 2016","favourites_count":0,"utc_offset":32400,"time_zone":"Tokyo","geo_enabled":false,"verified":false,"statuses_count":693,"lang":"ja","contributors_enabled":false,"is_translator":false,"is_translation_enabled":false,"profile_background_color":"000000","profile_background_image_url":"http://abs.twimg.com/images/themes/theme1/bg.png","profile_background_image_url_https":"https://abs.twimg.com/images/themes/theme1/bg.png","profile_background_tile":false,"profile_image_url":"http://pbs.twimg.com/profile_images/773707618141351936/SyKdl0jW_normal.jpg","profile_image_url_https":"https://pbs.twimg.com/profile_images/773707618141351936/SyKdl0jW_normal.jpg","profile_banner_url":"https://pbs.twimg.com/profile_banners/770553427478753281/1488191041","profile_link_color":"BA6443","profile_sidebar_border_color":"000000","profile_sidebar_fill_color":"000000","profile_text_color":"000000","profile_use_background_image":false,"has_extended_profile":false,"default_profile":false,"default_profile_image":false,"following":false,"follow_request_sent":false,"notifications":false,"translator_type":"none"},"geo":null,"coordinates":null,"place":null,"contributors":null,"is_quote_status":false,"retweet_count":1816,"favorite_count":1664,"favorited":false,"retweeted":false,"possibly_sensitive":false,"lang":"ja"},{"created_at":"Thu Jul 20 03:01:21 +0000 2017","id":887870011452174300,"id_str":"887870011452174337","text":"【GAME1/2】「うたの☆プリンスさまっ♪Amazing Aria &amp; Sweet Serenade LOVE」Premium Princess BOXの特典画像を掲載しました。#utapri_AASSL https://t.co/wK8t38jPnK","truncated":false,"entities":{"hashtags":[{"text":"utapri_AASSL","indices":[94,107]}],"symbols":[],"user_mentions":[],"urls":[{"url":"https://t.co/wK8t38jPnK","expanded_url":"http://www.utapri.com/game/aass_love/product/premium.php","display_url":"utapri.com/game/aass_love…","indices":[108,131]}]},"metadata":{"iso_language_code":"ja","result_type":"recent"},"source":"<a href=\"http://twitter.com\" rel=\"nofollow\">Twitter Web Client</a>","in_reply_to_status_id":null,"in_reply_to_status_id_str":null,"in_reply_to_user_id":null,"in_reply_to_user_id_str":null,"in_reply_to_screen_name":null,"user":{"id":402547102,"id_str":"402547102","name":"utapri_official","screen_name":"utapri_official","location":"","description":"「うたの☆プリンスさまっ♪」公式twitterです。 うた☆プリに関する情報をお知らせします。 ★当アカウントへのお客様からのご質問はお答え致しかねます。 お問い合わせはブロッコリーユーザーサポートまでお願い申し上げます。［ユーザーサポート］https://t.co/xRDBWd6chD","url":"http://t.co/33RXcz6lND","entities":{"url":{"urls":[{"url":"http://t.co/33RXcz6lND","expanded_url":"http://www.utapri.com","display_url":"utapri.com","indices":[0,22]}]},"description":{"urls":[{"url":"https://t.co/xRDBWd6chD","expanded_url":"http://www.broccoli.co.jp/support/","display_url":"broccoli.co.jp/support/","indices":[121,144]}]}},"protected":false,"followers_count":478326,"friends_count":14,"listed_count":11814,"created_at":"Tue Nov 01 07:25:18 +0000 2011","favourites_count":0,"utc_offset":32400,"time_zone":"Tokyo","geo_enabled":false,"verified":false,"statuses_count":2419,"lang":"ja","contributors_enabled":false,"is_translator":false,"is_translation_enabled":false,"profile_background_color":"FFFFCC","profile_background_image_url":"http://pbs.twimg.com/profile_background_images/451011471976046594/sugMw9yI.jpeg","profile_background_image_url_https":"https://pbs.twimg.com/profile_background_images/451011471976046594/sugMw9yI.jpeg","profile_background_tile":false,"profile_image_url":"http://pbs.twimg.com/profile_images/875613182164779008/-eOqe25Z_normal.jpg","profile_image_url_https":"https://pbs.twimg.com/profile_images/875613182164779008/-eOqe25Z_normal.jpg","profile_banner_url":"https://pbs.twimg.com/profile_banners/402547102/1491058816","profile_link_color":"0084B4","profile_sidebar_border_color":"FFFFFF","profile_sidebar_fill_color":"E8FFFE","profile_text_color":"333333","profile_use_background_image":false,"has_extended_profile":false,"default_profile":false,"default_profile_image":false,"following":false,"follow_request_sent":false,"notifications":false,"translator_type":"none"},"geo":null,"coordinates":null,"place":null,"contributors":null,"is_quote_status":false,"retweet_count":813,"favorite_count":1366,"favorited":false,"retweeted":false,"possibly_sensitive":false,"lang":"ja"},{"created_at":"Thu Jul 20 03:00:50 +0000 2017","id":887869884335444000,"id_str":"887869884335443968","text":"これは「わかばシューター」。\n明日、ハイカラスクエアに降り立つ若者たちが最初に持っているブキだ。\nインクがとても長持ちするので、ナワバリバトルの入門にはピッタリだぞ。\nサブウェポンは「スプラッシュボム」、スペシャルウェポンは「イン… https://t.co/J0zlEsq383","truncated":true,"entities":{"hashtags":[],"symbols":[],"user_mentions":[],"urls":[{"url":"https://t.co/J0zlEsq383","expanded_url":"https://twitter.com/i/web/status/887869884335443968","display_url":"twitter.com/i/web/status/8…","indices":[117,140]}]},"metadata":{"iso_language_code":"ja","result_type":"recent"},"source":"<a href=\"http://twitter.com\" rel=\"nofollow\">Twitter Web Client</a>","in_reply_to_status_id":null,"in_reply_to_status_id_str":null,"in_reply_to_user_id":null,"in_reply_to_user_id_str":null,"in_reply_to_screen_name":null,"user":{"id":2888006497,"id_str":"2888006497","name":"Splatoon（スプラトゥーン）","screen_name":"SplatoonJP","location":"","description":"『スプラトゥーン』公式総合アカウント。イカ研究所の調査報告（ゲーム情報）やお知らせをお伝えします。最新作の『スプラトゥーン2』は2017年7月21日（金）発売予定。ご質問・お問い合わせにはお答えしておりませんのでご容赦ください。 ※イカ研究所は実在の人物、団体とは一切関係ございません。","url":"https://t.co/yCMNfZlVpz","entities":{"url":{"urls":[{"url":"https://t.co/yCMNfZlVpz","expanded_url":"https://www.nintendo.co.jp/switch/aab6a/index.html","display_url":"nintendo.co.jp/switch/aab6a/i…","indices":[0,23]}]},"description":{"urls":[]}},"protected":false,"followers_count":668111,"friends_count":1,"listed_count":6489,"created_at":"Mon Nov 03 01:36:06 +0000 2014","favourites_count":0,"utc_offset":32400,"time_zone":"Tokyo","geo_enabled":false,"verified":true,"statuses_count":1478,"lang":"ja","contributors_enabled":false,"is_translator":false,"is_translation_enabled":false,"profile_background_color":"000000","profile_background_image_url":"http://pbs.twimg.com/profile_background_images/530105343452274688/WJl6dNx5.jpeg","profile_background_image_url_https":"https://pbs.twimg.com/profile_background_images/530105343452274688/WJl6dNx5.jpeg","profile_background_tile":false,"profile_image_url":"http://pbs.twimg.com/profile_images/819765217957552132/1WftJJM1_normal.jpg","profile_image_url_https":"https://pbs.twimg.com/profile_images/819765217957552132/1WftJJM1_normal.jpg","profile_banner_url":"https://pbs.twimg.com/profile_banners/2888006497/1484282224","profile_link_color":"000000","profile_sidebar_border_color":"000000","profile_sidebar_fill_color":"E3E2DE","profile_text_color":"634047","profile_use_background_image":true,"has_extended_profile":false,"default_profile":false,"default_profile_image":false,"following":false,"follow_request_sent":false,"notifications":false,"translator_type":"none"},"geo":null,"coordinates":null,"place":null,"contributors":null,"is_quote_status":false,"retweet_count":3642,"favorite_count":4943,"favorited":false,"retweeted":false,"possibly_sensitive":false,"lang":"ja"},{"created_at":"Thu Jul 20 03:00:02 +0000 2017","id":887869681859612700,"id_str":"887869681859612672","text":"＼✨その場で当たる✨／\nBOSSレボマン『今月のブレンドシリーズNo.5』が8/1新発売☕️\n\nフォロー＆RTでレボマンと #今月のレボマン No.4＆5飲み比べセットをプレゼント🎁\nhttps://t.co/zjiap6HSpQ https://t.co/VHJXHNZzfQ","truncated":false,"entities":{"hashtags":[{"text":"今月のレボマン","indices":[62,70]}],"symbols":[],"user_mentions":[],"urls":[{"url":"https://t.co/zjiap6HSpQ","expanded_url":"https://goo.gl/cPzcMN","display_url":"goo.gl/cPzcMN","indices":[92,115]}],"media":[{"id":884330633794773000,"id_str":"884330633794772992","indices":[116,139],"media_url":"http://pbs.twimg.com/media/DEXHg0fVwAAWvCZ.jpg","media_url_https":"https://pbs.twimg.com/media/DEXHg0fVwAAWvCZ.jpg","url":"https://t.co/VHJXHNZzfQ","display_url":"pic.twitter.com/VHJXHNZzfQ","expanded_url":"https://twitter.com/suntory/status/887869681859612672/video/1","type":"photo","sizes":{"small":{"w":640,"h":360,"resize":"fit"},"large":{"w":640,"h":360,"resize":"fit"},"thumb":{"w":150,"h":150,"resize":"crop"},"medium":{"w":640,"h":360,"resize":"fit"}}}]},"extended_entities":{"media":[{"id":884330633794773000,"id_str":"884330633794772992","indices":[116,139],"media_url":"http://pbs.twimg.com/media/DEXHg0fVwAAWvCZ.jpg","media_url_https":"https://pbs.twimg.com/media/DEXHg0fVwAAWvCZ.jpg","url":"https://t.co/VHJXHNZzfQ","display_url":"pic.twitter.com/VHJXHNZzfQ","expanded_url":"https://twitter.com/suntory/status/887869681859612672/video/1","type":"video","sizes":{"small":{"w":640,"h":360,"resize":"fit"},"large":{"w":640,"h":360,"resize":"fit"},"thumb":{"w":150,"h":150,"resize":"crop"},"medium":{"w":640,"h":360,"resize":"fit"}},"video_info":{"aspect_ratio":[16,9],"duration_millis":27333,"variants":[{"bitrate":2176000,"content_type":"video/mp4","url":"https://video.twimg.com/amplify_video/884330633794772992/vid/1280x720/1Jj3hMErN2OJsz52.mp4"},{"bitrate":320000,"content_type":"video/mp4","url":"https://video.twimg.com/amplify_video/884330633794772992/vid/320x180/qosYjtnlB-BWus8p.mp4"},{"content_type":"application/x-mpegURL","url":"https://video.twimg.com/amplify_video/884330633794772992/pl/ezmVLkDthoktkFku.m3u8"},{"bitrate":832000,"content_type":"video/mp4","url":"https://video.twimg.com/amplify_video/884330633794772992/vid/640x360/RMD-tX_JKJIMqSyR.mp4"}]},"additional_media_info":{"title":"","description":"","embeddable":true,"monetizable":false}}]},"metadata":{"iso_language_code":"ja","result_type":"recent"},"source":"<a href=\"https://ads.twitter.com\" rel=\"nofollow\">Twitter Ads</a>","in_reply_to_status_id":null,"in_reply_to_status_id_str":null,"in_reply_to_user_id":null,"in_reply_to_user_id_str":null,"in_reply_to_screen_name":null,"user":{"id":133684052,"id_str":"133684052","name":"SUNTORY（サントリー）","screen_name":"suntory","location":"東京都港区台場","description":"サントリーの公式アカウントです。 フォローは20歳以上の方限定です。 ご利用規約はこちら→https://t.co/CPCVhjnk1c お問い合わせはこちら→https://t.co/yqpOzQ7Ntl","url":"https://t.co/CMlXK6EHXd","entities":{"url":{"urls":[{"url":"https://t.co/CMlXK6EHXd","expanded_url":"http://www.suntory.co.jp/","display_url":"suntory.co.jp","indices":[0,23]}]},"description":{"urls":[{"url":"https://t.co/CPCVhjnk1c","expanded_url":"http://goo.gl/jop0B3","display_url":"goo.gl/jop0B3","indices":[45,68]},{"url":"https://t.co/yqpOzQ7Ntl","expanded_url":"http://goo.gl/d5V6d","display_url":"goo.gl/d5V6d","indices":[80,103]}]}},"protected":false,"followers_count":550468,"friends_count":31,"listed_count":2208,"created_at":"Fri Apr 16 11:16:01 +0000 2010","favourites_count":216,"utc_offset":32400,"time_zone":"Tokyo","geo_enabled":false,"verified":true,"statuses_count":2182185,"lang":"ja","contributors_enabled":false,"is_translator":false,"is_translation_enabled":false,"profile_background_color":"C0DEED","profile_background_image_url":"http://pbs.twimg.com/profile_background_images/850861581/9a53622d4a718f61cbd952feae09820c.jpeg","profile_background_image_url_https":"https://pbs.twimg.com/profile_background_images/850861581/9a53622d4a718f61cbd952feae09820c.jpeg","profile_background_tile":false,"profile_image_url":"http://pbs.twimg.com/profile_images/3567001630/aed0e05a78467be3f08394e65f2aea93_normal.png","profile_image_url_https":"https://pbs.twimg.com/profile_images/3567001630/aed0e05a78467be3f08394e65f2aea93_normal.png","profile_banner_url":"https://pbs.twimg.com/profile_banners/133684052/1499217142","profile_link_color":"0084B4","profile_sidebar_border_color":"FFFFFF","profile_sidebar_fill_color":"DDEEF6","profile_text_color":"333333","profile_use_background_image":true,"has_extended_profile":false,"default_profile":false,"default_profile_image":false,"following":false,"follow_request_sent":false,"notifications":false,"translator_type":"regular"},"geo":null,"coordinates":null,"place":null,"contributors":null,"is_quote_status":false,"retweet_count":1797,"favorite_count":136,"favorited":false,"retweeted":false,"possibly_sensitive":false,"lang":"ja"},{"created_at":"Thu Jul 20 03:00:02 +0000 2017","id":887869681402470400,"id_str":"887869681402470400","text":"【@Haagen_Dazs_JP】をフォロー、この投稿をリツイートすると抽選で100名様に新商品ミニカップ≪香る珈琲バニラ≫4個と交換できるギフト券2枚をプレゼント♪ #香り際立つ珈琲バニラ… https://t.co/rEux2WTyzQ","truncated":true,"entities":{"hashtags":[{"text":"香り際立つ珈琲バニラ","indices":[84,95]}],"symbols":[],"user_mentions":[{"screen_name":"Haagen_Dazs_JP","name":"ハーゲンダッツ","id":112373528,"id_str":"112373528","indices":[1,16]}],"urls":[{"url":"https://t.co/rEux2WTyzQ","expanded_url":"https://twitter.com/i/web/status/887869681402470400","display_url":"twitter.com/i/web/status/8…","indices":[97,120]}]},"metadata":{"iso_language_code":"ja","result_type":"recent"},"source":"<a href=\"https://ads.twitter.com\" rel=\"nofollow\">Twitter Ads</a>","in_reply_to_status_id":null,"in_reply_to_status_id_str":null,"in_reply_to_user_id":null,"in_reply_to_user_id_str":null,"in_reply_to_screen_name":null,"user":{"id":112373528,"id_str":"112373528","name":"ハーゲンダッツ","screen_name":"Haagen_Dazs_JP","location":"","description":"ハーゲンダッツ ジャパンの公式アカウントです。\n商品やキャンペーンなどの最新情報をお伝えしていきます。\n基本的にリプライ、ダイレクトメッセージへのご返信・フォロー返しはしていません。 \nお問い合わせはこちら →http://t.co/WSAfMjeuu5","url":"http://t.co/2iwpeqpt4P","entities":{"url":{"urls":[{"url":"http://t.co/2iwpeqpt4P","expanded_url":"http://www.haagen-dazs.co.jp/","display_url":"haagen-dazs.co.jp","indices":[0,22]}]},"description":{"urls":[{"url":"http://t.co/WSAfMjeuu5","expanded_url":"http://www.haagen-dazs.co.jp/contact_qa/","display_url":"haagen-dazs.co.jp/contact_qa/","indices":[105,127]}]}},"protected":false,"followers_count":759503,"friends_count":9429,"listed_count":3825,"created_at":"Mon Feb 08 07:48:07 +0000 2010","favourites_count":339,"utc_offset":32400,"time_zone":"Tokyo","geo_enabled":false,"verified":true,"statuses_count":2753,"lang":"ja","contributors_enabled":false,"is_translator":false,"is_translation_enabled":false,"profile_background_color":"FFFFFF","profile_background_image_url":"http://pbs.twimg.com/profile_background_images/450814499205820418/L5uJdpx-.png","profile_background_image_url_https":"https://pbs.twimg.com/profile_background_images/450814499205820418/L5uJdpx-.png","profile_background_tile":true,"profile_image_url":"http://pbs.twimg.com/profile_images/756026452118601728/rjjsdSBb_normal.jpg","profile_image_url_https":"https://pbs.twimg.com/profile_images/756026452118601728/rjjsdSBb_normal.jpg","profile_banner_url":"https://pbs.twimg.com/profile_banners/112373528/1399511356","profile_link_color":"0084B4","profile_sidebar_border_color":"FFFFFF","profile_sidebar_fill_color":"DDEEF6","profile_text_color":"333333","profile_use_background_image":true,"has_extended_profile":false,"default_profile":false,"default_profile_image":false,"following":false,"follow_request_sent":false,"notifications":false,"translator_type":"none"},"geo":null,"coordinates":null,"place":null,"contributors":null,"is_quote_status":false,"retweet_count":2451,"favorite_count":315,"favorited":false,"retweeted":false,"possibly_sensitive":false,"lang":"ja"},{"created_at":"Thu Jul 20 02:57:47 +0000 2017","id":887869116668719100,"id_str":"887869116668719104","text":"【フォロー&amp;RTで応募完了】\n品位と美貌を兼ね備えた永遠のプリンセス\nLidberne - リドゥヴィーヌ -を抽選で1名様にプレゼント\nhttps://t.co/4dJuHPVXej\n締切 8/9\n#マイラアイテムプレゼンツ https://t.co/E3lffNFqAi","truncated":false,"entities":{"hashtags":[{"text":"マイラアイテムプレゼンツ","indices":[104,117]}],"symbols":[],"user_mentions":[],"urls":[{"url":"https://t.co/4dJuHPVXej","expanded_url":"https://goo.gl/GcXR8i","display_url":"goo.gl/GcXR8i","indices":[73,96]}],"media":[{"id":887868306136354800,"id_str":"887868306136354816","indices":[118,141],"media_url":"http://pbs.twimg.com/media/DFJXhTKV0AA0yqr.jpg","media_url_https":"https://pbs.twimg.com/media/DFJXhTKV0AA0yqr.jpg","url":"https://t.co/E3lffNFqAi","display_url":"pic.twitter.com/E3lffNFqAi","expanded_url":"https://twitter.com/mayla_classic/status/887869116668719104/photo/1","type":"photo","sizes":{"small":{"w":680,"h":646,"resize":"fit"},"thumb":{"w":150,"h":150,"resize":"crop"},"medium":{"w":695,"h":660,"resize":"fit"},"large":{"w":695,"h":660,"resize":"fit"}}}]},"extended_entities":{"media":[{"id":887868306136354800,"id_str":"887868306136354816","indices":[118,141],"media_url":"http://pbs.twimg.com/media/DFJXhTKV0AA0yqr.jpg","media_url_https":"https://pbs.twimg.com/media/DFJXhTKV0AA0yqr.jpg","url":"https://t.co/E3lffNFqAi","display_url":"pic.twitter.com/E3lffNFqAi","expanded_url":"https://twitter.com/mayla_classic/status/887869116668719104/photo/1","type":"photo","sizes":{"small":{"w":680,"h":646,"resize":"fit"},"thumb":{"w":150,"h":150,"resize":"crop"},"medium":{"w":695,"h":660,"resize":"fit"},"large":{"w":695,"h":660,"resize":"fit"}}},{"id":887868324075290600,"id_str":"887868324075290624","indices":[118,141],"media_url":"http://pbs.twimg.com/media/DFJXiV_UQAAZADI.jpg","media_url_https":"https://pbs.twimg.com/media/DFJXiV_UQAAZADI.jpg","url":"https://t.co/E3lffNFqAi","display_url":"pic.twitter.com/E3lffNFqAi","expanded_url":"https://twitter.com/mayla_classic/status/887869116668719104/photo/1","type":"photo","sizes":{"medium":{"w":695,"h":660,"resize":"fit"},"large":{"w":695,"h":660,"resize":"fit"},"thumb":{"w":150,"h":150,"resize":"crop"},"small":{"w":680,"h":646,"resize":"fit"}}},{"id":887868342182174700,"id_str":"887868342182174720","indices":[118,141],"media_url":"http://pbs.twimg.com/media/DFJXjZcVYAAg_XQ.jpg","media_url_https":"https://pbs.twimg.com/media/DFJXjZcVYAAg_XQ.jpg","url":"https://t.co/E3lffNFqAi","display_url":"pic.twitter.com/E3lffNFqAi","expanded_url":"https://twitter.com/mayla_classic/status/887869116668719104/photo/1","type":"photo","sizes":{"medium":{"w":695,"h":660,"resize":"fit"},"large":{"w":695,"h":660,"resize":"fit"},"thumb":{"w":150,"h":150,"resize":"crop"},"small":{"w":680,"h":646,"resize":"fit"}}},{"id":887868362876899300,"id_str":"887868362876899328","indices":[118,141],"media_url":"http://pbs.twimg.com/media/DFJXkmiV0AAwWfK.jpg","media_url_https":"https://pbs.twimg.com/media/DFJXkmiV0AAwWfK.jpg","url":"https://t.co/E3lffNFqAi","display_url":"pic.twitter.com/E3lffNFqAi","expanded_url":"https://twitter.com/mayla_classic/status/887869116668719104/photo/1","type":"photo","sizes":{"medium":{"w":695,"h":660,"resize":"fit"},"large":{"w":695,"h":660,"resize":"fit"},"thumb":{"w":150,"h":150,"resize":"crop"},"small":{"w":680,"h":646,"resize":"fit"}}}]},"metadata":{"iso_language_code":"ja","result_type":"recent"},"source":"<a href=\"http://twitter.com\" rel=\"nofollow\">Twitter Web Client</a>","in_reply_to_status_id":null,"in_reply_to_status_id_str":null,"in_reply_to_user_id":null,"in_reply_to_user_id_str":null,"in_reply_to_screen_name":null,"user":{"id":350588237,"id_str":"350588237","name":"mayla classic","screen_name":"mayla_classic","location":"大阪府堺市","description":"出会った瞬間、体温が2℃あがる靴","url":"https://t.co/XUqUDaRT9g","entities":{"url":{"urls":[{"url":"https://t.co/XUqUDaRT9g","expanded_url":"http://mayla.jp","display_url":"mayla.jp","indices":[0,23]}]},"description":{"urls":[]}},"protected":false,"followers_count":208294,"friends_count":0,"listed_count":1188,"created_at":"Mon Aug 08 00:57:21 +0000 2011","favourites_count":18527,"utc_offset":32400,"time_zone":"Tokyo","geo_enabled":true,"verified":true,"statuses_count":5484,"lang":"ja","contributors_enabled":false,"is_translator":false,"is_translation_enabled":false,"profile_background_color":"FFFFFF","profile_background_image_url":"http://pbs.twimg.com/profile_background_images/443184949542137857/V9p8Bi_1.jpeg","profile_background_image_url_https":"https://pbs.twimg.com/profile_background_images/443184949542137857/V9p8Bi_1.jpeg","profile_background_tile":true,"profile_image_url":"http://pbs.twimg.com/profile_images/656021618230083584/BAc7JkQ9_normal.jpg","profile_image_url_https":"https://pbs.twimg.com/profile_images/656021618230083584/BAc7JkQ9_normal.jpg","profile_banner_url":"https://pbs.twimg.com/profile_banners/350588237/1499854535","profile_link_color":"EBDCDA","profile_sidebar_border_color":"FFFFFF","profile_sidebar_fill_color":"E6F6F9","profile_text_color":"333333","profile_use_background_image":true,"has_extended_profile":false,"default_profile":false,"default_profile_image":false,"following":false,"follow_request_sent":false,"notifications":false,"translator_type":"none"},"geo":null,"coordinates":null,"place":null,"contributors":null,"is_quote_status":false,"retweet_count":4537,"favorite_count":1013,"favorited":false,"retweeted":false,"possibly_sensitive":false,"lang":"ja"},{"created_at":"Thu Jul 20 02:56:25 +0000 2017","id":887868772773617700,"id_str":"887868772773617664","text":"オルガル1周年ですよ！おめでたいですよ！RTキャンペーンを実施するのですよ(੭ु´꒳` )੭ु⁾⁾\nRT数が5000達成で100クオーツ、10000達成で200クオーツが全員にもらえるですよ！\nさらにさらに、RTした人の中から抽選… https://t.co/nNjpVfJ0Sf","truncated":true,"entities":{"hashtags":[],"symbols":[],"user_mentions":[],"urls":[{"url":"https://t.co/nNjpVfJ0Sf","expanded_url":"https://twitter.com/i/web/status/887868772773617664","display_url":"twitter.com/i/web/status/8…","indices":[117,140]}]},"metadata":{"iso_language_code":"ja","result_type":"recent"},"source":"<a href=\"http://twitter.com\" rel=\"nofollow\">Twitter Web Client</a>","in_reply_to_status_id":null,"in_reply_to_status_id_str":null,"in_reply_to_user_id":null,"in_reply_to_user_id_str":null,"in_reply_to_screen_name":null,"user":{"id":707064639239008300,"id_str":"707064639239008256","name":"【公式】オルタナティブガールズ VR対応","screen_name":"alterna_girls","location":"","description":"《VRモード搭載》スマホ美少女バトルRPG「オルタナティブガールズ」（オルガル）の公式Twitterですよ(◍´꒳` ) ゲームの最新情報を妃十三学園の秘書のしずくがお届けしているのですよー(◍´꒳` )و ̑̑ お問い合わせやご質問については、こちら（alterna_cs@ameba.jp）にお願いしますなのですよ！","url":"https://t.co/5scG0FXU2c","entities":{"url":{"urls":[{"url":"https://t.co/5scG0FXU2c","expanded_url":"http://bit.ly/alterna_girls","display_url":"bit.ly/alterna_girls","indices":[0,23]}]},"description":{"urls":[]}},"protected":false,"followers_count":73481,"friends_count":0,"listed_count":479,"created_at":"Tue Mar 08 04:45:21 +0000 2016","favourites_count":0,"utc_offset":32400,"time_zone":"Tokyo","geo_enabled":false,"verified":true,"statuses_count":1559,"lang":"ja","contributors_enabled":false,"is_translator":false,"is_translation_enabled":false,"profile_background_color":"C0DEED","profile_background_image_url":"http://pbs.twimg.com/profile_background_images/725547767053963265/ng2Ag-jF.jpg","profile_background_image_url_https":"https://pbs.twimg.com/profile_background_images/725547767053963265/ng2Ag-jF.jpg","profile_background_tile":false,"profile_image_url":"http://pbs.twimg.com/profile_images/865438220045008897/kaK_rWo-_normal.jpg","profile_image_url_https":"https://pbs.twimg.com/profile_images/865438220045008897/kaK_rWo-_normal.jpg","profile_banner_url":"https://pbs.twimg.com/profile_banners/707064639239008256/1500517831","profile_link_color":"91D2FA","profile_sidebar_border_color":"000000","profile_sidebar_fill_color":"000000","profile_text_color":"000000","profile_use_background_image":true,"has_extended_profile":false,"default_profile":false,"default_profile_image":false,"following":false,"follow_request_sent":false,"notifications":false,"translator_type":"none"},"geo":null,"coordinates":null,"place":null,"contributors":null,"is_quote_status":false,"retweet_count":1787,"favorite_count":431,"favorited":false,"retweeted":false,"possibly_sensitive":false,"lang":"ja"},{"created_at":"Thu Jul 20 02:39:43 +0000 2017","id":887864567522512900,"id_str":"887864567522512915","text":"がんばっぞー！！！！！！","truncated":false,"entities":{"hashtags":[],"symbols":[],"user_mentions":[],"urls":[]},"metadata":{"iso_language_code":"ja","result_type":"recent"},"source":"<a href=\"http://twitter.com/download/iphone\" rel=\"nofollow\">Twitter for iPhone</a>","in_reply_to_status_id":null,"in_reply_to_status_id_str":null,"in_reply_to_user_id":null,"in_reply_to_user_id_str":null,"in_reply_to_screen_name":null,"user":{"id":795162847772717000,"id_str":"795162847772717056","name":"内田真礼","screen_name":"maaya_taso","location":"","description":"内田真礼です！始めました(^o^)/","url":null,"entities":{"description":{"urls":[]}},"protected":false,"followers_count":260927,"friends_count":6,"listed_count":4304,"created_at":"Sun Nov 06 07:16:11 +0000 2016","favourites_count":5,"utc_offset":null,"time_zone":null,"geo_enabled":false,"verified":false,"statuses_count":423,"lang":"ja","contributors_enabled":false,"is_translator":false,"is_translation_enabled":false,"profile_background_color":"F5F8FA","profile_background_image_url":null,"profile_background_image_url_https":null,"profile_background_tile":false,"profile_image_url":"http://pbs.twimg.com/profile_images/795172413898035201/e5SdVOXD_normal.jpg","profile_image_url_https":"https://pbs.twimg.com/profile_images/795172413898035201/e5SdVOXD_normal.jpg","profile_banner_url":"https://pbs.twimg.com/profile_banners/795162847772717056/1488508825","profile_link_color":"1DA1F2","profile_sidebar_border_color":"C0DEED","profile_sidebar_fill_color":"DDEEF6","profile_text_color":"333333","profile_use_background_image":true,"has_extended_profile":true,"default_profile":true,"default_profile_image":false,"following":false,"follow_request_sent":false,"notifications":false,"translator_type":"none"},"geo":null,"coordinates":null,"place":null,"contributors":null,"is_quote_status":false,"retweet_count":550,"favorite_count":2084,"favorited":false,"retweeted":false,"lang":"ja"},{"created_at":"Thu Jul 20 02:37:48 +0000 2017","id":887864085865312300,"id_str":"887864085865312256","text":"新しいなにかに毎日出会う。\nわたしは素敵な仕事をしてるなー","truncated":false,"entities":{"hashtags":[],"symbols":[],"user_mentions":[],"urls":[]},"metadata":{"iso_language_code":"ja","result_type":"recent"},"source":"<a href=\"http://twitter.com/download/iphone\" rel=\"nofollow\">Twitter for iPhone</a>","in_reply_to_status_id":null,"in_reply_to_status_id_str":null,"in_reply_to_user_id":null,"in_reply_to_user_id_str":null,"in_reply_to_screen_name":null,"user":{"id":795162847772717000,"id_str":"795162847772717056","name":"内田真礼","screen_name":"maaya_taso","location":"","description":"内田真礼です！始めました(^o^)/","url":null,"entities":{"description":{"urls":[]}},"protected":false,"followers_count":260927,"friends_count":6,"listed_count":4304,"created_at":"Sun Nov 06 07:16:11 +0000 2016","favourites_count":5,"utc_offset":null,"time_zone":null,"geo_enabled":false,"verified":false,"statuses_count":423,"lang":"ja","contributors_enabled":false,"is_translator":false,"is_translation_enabled":false,"profile_background_color":"F5F8FA","profile_background_image_url":null,"profile_background_image_url_https":null,"profile_background_tile":false,"profile_image_url":"http://pbs.twimg.com/profile_images/795172413898035201/e5SdVOXD_normal.jpg","profile_image_url_https":"https://pbs.twimg.com/profile_images/795172413898035201/e5SdVOXD_normal.jpg","profile_banner_url":"https://pbs.twimg.com/profile_banners/795162847772717056/1488508825","profile_link_color":"1DA1F2","profile_sidebar_border_color":"C0DEED","profile_sidebar_fill_color":"DDEEF6","profile_text_color":"333333","profile_use_background_image":true,"has_extended_profile":true,"default_profile":true,"default_profile_image":false,"following":false,"follow_request_sent":false,"notifications":false,"translator_type":"none"},"geo":null,"coordinates":null,"place":null,"contributors":null,"is_quote_status":false,"retweet_count":593,"favorite_count":2389,"favorited":false,"retweeted":false,"lang":"ja"},{"created_at":"Thu Jul 20 02:30:16 +0000 2017","id":887862189599674400,"id_str":"887862189599674369","text":"【7/20(木)　毎日8時間限定RT】\nフォロー＋本ツイートを11:30～19:30までにRTすると抽選で1名様にコカ・コーラ1ケース(500ml24本)が当たる！\n※当選者にはDMを送付します。\n\n#鈴鹿8耐 サイトはこちら… https://t.co/vv4pN8A5NS","truncated":true,"entities":{"hashtags":[{"text":"鈴鹿8耐","indices":[100,105]}],"symbols":[],"user_mentions":[],"urls":[{"url":"https://t.co/vv4pN8A5NS","expanded_url":"https://twitter.com/i/web/status/887862189599674369","display_url":"twitter.com/i/web/status/8…","indices":[115,138]}]},"metadata":{"iso_language_code":"ja","result_type":"recent"},"source":"<a href=\"http://bufferapp.com\" rel=\"nofollow\">Buffer</a>","in_reply_to_status_id":null,"in_reply_to_status_id_str":null,"in_reply_to_user_id":null,"in_reply_to_user_id_str":null,"in_reply_to_screen_name":null,"user":{"id":122877975,"id_str":"122877975","name":"鈴鹿サーキット","screen_name":"suzuka_event","location":"三重県鈴鹿市","description":"鈴鹿サーキット公式/レースとフェスが #アツすぎる！7.27-30 #鈴鹿8耐 40回記念大会/#8フェス やるよ！/#8耐の絶景 募集中/#8耐の持ち物 #8耐ファッション 教えて。/F1をお勉強 #えふスク 配信中！/描いてみて。#鈴鹿を描いてみた/お問い合わせは公式HPよりお願いします。","url":"https://t.co/Bs3RN78IS8","entities":{"url":{"urls":[{"url":"https://t.co/Bs3RN78IS8","expanded_url":"http://www.suzukacircuit.jp/","display_url":"suzukacircuit.jp","indices":[0,23]}]},"description":{"urls":[]}},"protected":false,"followers_count":175976,"friends_count":16642,"listed_count":2519,"created_at":"Sun Mar 14 06:14:33 +0000 2010","favourites_count":1155,"utc_offset":32400,"time_zone":"Tokyo","geo_enabled":true,"verified":true,"statuses_count":27992,"lang":"ja","contributors_enabled":false,"is_translator":false,"is_translation_enabled":false,"profile_background_color":"FFFFFF","profile_background_image_url":"http://pbs.twimg.com/profile_background_images/84603318/_____-1.jpg","profile_background_image_url_https":"https://pbs.twimg.com/profile_background_images/84603318/_____-1.jpg","profile_background_tile":false,"profile_image_url":"http://pbs.twimg.com/profile_images/885477003985469440/Lw4HCNTK_normal.jpg","profile_image_url_https":"https://pbs.twimg.com/profile_images/885477003985469440/Lw4HCNTK_normal.jpg","profile_banner_url":"https://pbs.twimg.com/profile_banners/122877975/1492946449","profile_link_color":"1B95E0","profile_sidebar_border_color":"C0DEED","profile_sidebar_fill_color":"DDEEF6","profile_text_color":"333333","profile_use_background_image":true,"has_extended_profile":true,"default_profile":false,"default_profile_image":false,"following":false,"follow_request_sent":false,"notifications":false,"translator_type":"none"},"geo":null,"coordinates":null,"place":null,"contributors":null,"is_quote_status":false,"retweet_count":1020,"favorite_count":166,"favorited":false,"retweeted":false,"possibly_sensitive":false,"lang":"ja"}],"search_metadata":{"completed_in":0.205,"max_id":887873080202154000,"max_id_str":"887873080202153985","next_results":"?max_id=887862189599674368&q=lang%3Aja%20min_retweets%3A500&include_entities=1","query":"lang%3Aja+min_retweets%3A500","refresh_url":"?since_id=887873080202153985&q=lang%3Aja%20min_retweets%3A500&include_entities=1","count":15,"since_id":0,"since_id_str":"0"}}