{"statuses":[{"created_at":"Thu Jul 20 06:40:44 +0000 2017","id":887925223521112000,"id_str":"887925223521112064","text":"イベントのセットコーデを紹介するよ！\n長い間一緒に過ごしてきた幸せな時間に終わりが迫る。\n今までの感謝を伝えるために叶えられた最後の奇跡とは…!?\n#ミラクルニキ https://t.co/fogq8r55UW","truncated":false,"entities":{"hashtags":[{"text":"ミラクルニキ","indices":[74,81]}],"symbols":[],"user_mentions":[],"urls":[],"media":[{"id":887875146727292900,"id_str":"887875146727292928","indices":[82,105],"media_url":"http://pbs.twimg.com/media/DFJdveWUAAA3_aW.jpg","media_url_https":"https://pbs.twimg.com/media/DFJdveWUAAA3_aW.jpg","url":"https://t.co/fogq8r55UW","display_url":"pic.twitter.com/fogq8r55UW","expanded_url":"https://twitter.com/miraclenikkijp/status/887925223521112064/photo/1","type":"photo","sizes":{"large":{"w":750,"h":1334,"resize":"fit"},"medium":{"w":675,"h":1200,"resize":"fit"},"thumb":{"w":150,"h":150,"resize":"crop"},"small":{"w":382,"h":680,"resize":"fit"}}}]},"extended_entities":{"media":[{"id":887875146727292900,"id_str":"887875146727292928","indices":[82,105],"media_url":"http://pbs.twimg.com/media/DFJdveWUAAA3_aW.jpg","media_url_https":"https://pbs.twimg.com/media/DFJdveWUAAA3_aW.jpg","url":"https://t.co/fogq8r55UW","display_url":"pic.twitter.com/fogq8r55UW","expanded_url":"https://twitter.com/miraclenikkijp/status/887925223521112064/photo/1","type":"photo","sizes":{"large":{"w":750,"h":1334,"resize":"fit"},"medium":{"w":675,"h":1200,"resize":"fit"},"thumb":{"w":150,"h":150,"resize":"crop"},"small":{"w":382,"h":680,"resize":"fit"}}},{"id":887875194169081900,"id_str":"887875194169081856","indices":[82,105],"media_url":"http://pbs.twimg.com/media/DFJdyPFUQAAc7Bg.jpg","media_url_https":"https://pbs.twimg.com/media/DFJdyPFUQAAc7Bg.jpg","url":"https://t.co/fogq8r55UW","display_url":"pic.twitter.com/fogq8r55UW","expanded_url":"https://twitter.com/miraclenikkijp/status/887925223521112064/photo/1","type":"photo","sizes":{"large":{"w":750,"h":1334,"resize":"fit"},"medium":{"w":675,"h":1200,"resize":"fit"},"thumb":{"w":150,"h":150,"resize":"crop"},"small":{"w":382,"h":680,"resize":"fit"}}},{"id":887875262217543700,"id_str":"887875262217543680","indices":[82,105],"media_url":"http://pbs.twimg.com/media/DFJd2MlVYAAvC7J.jpg","media_url_https":"https://pbs.twimg.com/media/DFJd2MlVYAAvC7J.jpg","url":"https://t.co/fogq8r55UW","display_url":"pic.twitter.com/fogq8r55UW","expanded_url":"https://twitter.com/miraclenikkijp/status/887925223521112064/photo/1","type":"photo","sizes":{"large":{"w":750,"h":1334,"resize":"fit"},"medium":{"w":675,"h":1200,"resize":"fit"},"thumb":{"w":150,"h":150,"resize":"crop"},"small":{"w":382,"h":680,"resize":"fit"}}},{"id":887875307352408000,"id_str":"887875307352408065","indices":[82,105],"media_url":"http://pbs.twimg.com/media/DFJd40uUwAE-Gqr.jpg","media_url_https":"https://pbs.twimg.com/media/DFJd40uUwAE-Gqr.jpg","url":"https://t.co/fogq8r55UW","display_url":"pic.twitter.com/fogq8r55UW","expanded_url":"https://twitter.com/miraclenikkijp/status/887925223521112064/photo/1","type":"photo","sizes":{"large":{"w":750,"h":1334,"resize":"fit"},"medium":{"w":675,"h":1200,"resize":"fit"},"thumb":{"w":150,"h":150,"resize":"crop"},"small":{"w":382,"h":680,"resize":"fit"}}}]},"metadata":{"iso_language_code":"ja","result_type":"recent"},"source":"<a href=\"http://twitter.com\" rel=\"nofollow\">Twitter Web Client</a>","in_reply_to_status_id":null,"in_reply_to_status_id_str":null,"in_reply_to_user_id":null,"in_reply_to_user_id_str":null,"in_reply_to_screen_name":null,"user":{"id":772648299002073100,"id_str":"772648299002073088","name":"ミラクルニキ公式","screen_name":"miraclenikkijp","location":"マーベル大陸","description":"『ミラクルニキ』の公式Twitterアカウントです。美しいグラフィックで送るお着替えコーデRPGゲームです。全世界で累計1億ダウンロード突破！これからも応援よろしくお願いいたします！お問い合わせ：support@miraclenikki.jp 受付時間：平日：10時〜18時","url":"https://t.co/QFLRYFNrJl","entities":{"url":{"urls":[{"url":"https://t.co/QFLRYFNrJl","expanded_url":"http://www.nikkigames.co.jp","display_url":"nikkigames.co.jp","indices":[0,23]}]},"description":{"urls":[]}},"protected":false,"followers_count":230924,"friends_count":1,"listed_count":879,"created_at":"Mon Sep 05 04:11:24 +0000 2016","favourites_count":46,"utc_offset":32400,"time_zone":"Tokyo","geo_enabled":false,"verified":true,"statuses_count":388,"lang":"zh-cn","contributors_enabled":false,"is_translator":false,"is_translation_enabled":false,"profile_background_color":"000000","profile_background_image_url":"http://abs.twimg.com/images/themes/theme1/bg.png","profile_background_image_url_https":"https://abs.twimg.com/images/themes/theme1/bg.png","profile_background_tile":false,"profile_image_url":"http://pbs.twimg.com/profile_images/792226678420361219/vo1Z-sNg_normal.jpg","profile_image_url_https":"https://pbs.twimg.com/profile_images/792226678420361219/vo1Z-sNg_normal.jpg","profile_banner_url":"https://pbs.twimg.com/profile_banners/772648299002073088/1485498850","profile_link_color":"F58EA8","profile_sidebar_border_color":"000000","profile_sidebar_fill_color":"000000","profile_text_color":"000000","profile_use_background_image":false,"has_extended_profile":true,"default_profile":false,"default_profile_image":false,"following":false,"follow_request_sent":false,"notifications":false,"translator_type":"none"},"geo":null,"coordinates":null,"place":null,"contributors":null,"is_quote_status":false,"retweet_count":950,"favorite_count":982,"favorited":false,"retweeted":false,"possibly_sensitive":false,"lang":"ja"},{"created_at":"Thu Jul 20 06:40:31 +0000 2017","id":887925169099898900,"id_str":"887925169099898880","text":"『ミラクルナイト』イベントを開催！ \n期間:7月22日5:00-7月28日23:59\nモモ「ポポに話したっけ？ボクのおじいちゃんのおじいちゃんから聞いた猫と女の子の話！むかしむかし…」\n#ミラクルニキ https://t.co/uGvbC179zz","truncated":false,"entities":{"hashtags":[{"text":"ミラクルニキ","indices":[93,100]}],"symbols":[],"user_mentions":[],"urls":[],"media":[{"id":887874491623194600,"id_str":"887874491623194624","indices":[101,124],"media_url":"http://pbs.twimg.com/tweet_video_thumb/DFJdJV5UwAALCe_.jpg","media_url_https":"https://pbs.twimg.com/tweet_video_thumb/DFJdJV5UwAALCe_.jpg","url":"https://t.co/uGvbC179zz","display_url":"pic.twitter.com/uGvbC179zz","expanded_url":"https://twitter.com/miraclenikkijp/status/887925169099898880/photo/1","type":"photo","sizes":{"medium":{"w":500,"h":500,"resize":"fit"},"small":{"w":340,"h":340,"resize":"fit"},"thumb":{"w":150,"h":150,"resize":"crop"},"large":{"w":500,"h":500,"resize":"fit"}}}]},"extended_entities":{"media":[{"id":887874491623194600,"id_str":"887874491623194624","indices":[101,124],"media_url":"http://pbs.twimg.com/tweet_video_thumb/DFJdJV5UwAALCe_.jpg","media_url_https":"https://pbs.twimg.com/tweet_video_thumb/DFJdJV5UwAALCe_.jpg","url":"https://t.co/uGvbC179zz","display_url":"pic.twitter.com/uGvbC179zz","expanded_url":"https://twitter.com/miraclenikkijp/status/887925169099898880/photo/1","type":"animated_gif","sizes":{"medium":{"w":500,"h":500,"resize":"fit"},"small":{"w":340,"h":340,"resize":"fit"},"thumb":{"w":150,"h":150,"resize":"crop"},"large":{"w":500,"h":500,"resize":"fit"}},"video_info":{"aspect_ratio":[1,1],"variants":[{"bitrate":0,"content_type":"video/mp4","url":"https://video.twimg.com/tweet_video/DFJdJV5UwAALCe_.mp4"}]}}]},"metadata":{"iso_language_code":"ja","result_type":"recent"},"source":"<a href=\"http://twitter.com\" rel=\"nofollow\">Twitter Web Client</a>","in_reply_to_status_id":null,"in_reply_to_status_id_str":null,"in_reply_to_user_id":null,"in_reply_to_user_id_str":null,"in_reply_to_screen_name":null,"user":{"id":772648299002073100,"id_str":"772648299002073088","name":"ミラクルニキ公式","screen_name":"miraclenikkijp","location":"マーベル大陸","description":"『ミラクルニキ』の公式Twitterアカウントです。美しいグラフィックで送るお着替えコーデRPGゲームです。全世界で累計1億ダウンロード突破！これからも応援よろしくお願いいたします！お問い合わせ：support@miraclenikki.jp 受付時間：平日：10時〜18時","url":"https://t.co/QFLRYFNrJl","entities":{"url":{"urls":[{"url":"https://t.co/QFLRYFNrJl","expanded_url":"http://www.nikkigames.co.jp","display_url":"nikkigames.co.jp","indices":[0,23]}]},"description":{"urls":[]}},"protected":false,"followers_count":230924,"friends_count":1,"listed_count":879,"created_at":"Mon Sep 05 04:11:24 +0000 2016","favourites_count":46,"utc_offset":32400,"time_zone":"Tokyo","geo_enabled":false,"verified":true,"statuses_count":388,"lang":"zh-cn","contributors_enabled":false,"is_translator":false,"is_translation_enabled":false,"profile_background_color":"000000","profile_background_image_url":"http://abs.twimg.com/images/themes/theme1/bg.png","profile_background_image_url_https":"https://abs.twimg.com/images/themes/theme1/bg.png","profile_background_tile":false,"profile_image_url":"http://pbs.twimg.com/profile_images/792226678420361219/vo1Z-sNg_normal.jpg","profile_image_url_https":"https://pbs.twimg.com/profile_images/792226678420361219/vo1Z-sNg_normal.jpg","profile_banner_url":"https://pbs.twimg.com/profile_banners/772648299002073088/1485498850","profile_link_color":"F58EA8","profile_sidebar_border_color":"000000","profile_sidebar_fill_color":"000000","profile_text_color":"000000","profile_use_background_image":false,"has_extended_profile":true,"default_profile":false,"default_profile_image":false,"following":false,"follow_request_sent":false,"notifications":false,"translator_type":"none"},"geo":null,"coordinates":null,"place":null,"contributors":null,"is_quote_status":false,"retweet_count":634,"favorite_count":721,"favorited":false,"retweeted":false,"possibly_sensitive":false,"lang":"ja"},{"created_at":"Thu Jul 20 06:34:54 +0000 2017","id":887923756005335000,"id_str":"887923756005335040","text":"週間ぞい！ https://t.co/1pR7NwVezW","truncated":false,"entities":{"hashtags":[],"symbols":[],"user_mentions":[],"urls":[],"media":[{"id":887923684043702300,"id_str":"887923684043702272","indices":[6,29],"media_url":"http://pbs.twimg.com/media/DFKJ4t8UwAAPVpm.jpg","media_url_https":"https://pbs.twimg.com/media/DFKJ4t8UwAAPVpm.jpg","url":"https://t.co/1pR7NwVezW","display_url":"pic.twitter.com/1pR7NwVezW","expanded_url":"https://twitter.com/kanihamiso/status/887923756005335040/photo/1","type":"photo","sizes":{"large":{"w":1600,"h":320,"resize":"fit"},"small":{"w":680,"h":136,"resize":"fit"},"thumb":{"w":150,"h":150,"resize":"crop"},"medium":{"w":1200,"h":240,"resize":"fit"}}}]},"extended_entities":{"media":[{"id":887923684043702300,"id_str":"887923684043702272","indices":[6,29],"media_url":"http://pbs.twimg.com/media/DFKJ4t8UwAAPVpm.jpg","media_url_https":"https://pbs.twimg.com/media/DFKJ4t8UwAAPVpm.jpg","url":"https://t.co/1pR7NwVezW","display_url":"pic.twitter.com/1pR7NwVezW","expanded_url":"https://twitter.com/kanihamiso/status/887923756005335040/photo/1","type":"photo","sizes":{"large":{"w":1600,"h":320,"resize":"fit"},"small":{"w":680,"h":136,"resize":"fit"},"thumb":{"w":150,"h":150,"resize":"crop"},"medium":{"w":1200,"h":240,"resize":"fit"}}}]},"metadata":{"iso_language_code":"ja","result_type":"recent"},"source":"<a href=\"http://twitter.com\" rel=\"nofollow\">Twitter Web Client</a>","in_reply_to_status_id":null,"in_reply_to_status_id_str":null,"in_reply_to_user_id":null,"in_reply_to_user_id_str":null,"in_reply_to_screen_name":null,"user":{"id":71858403,"id_str":"71858403","name":"かにかま","screen_name":"kanihamiso","location":"山口","description":"絵を描きます！","url":"http://t.co/K1qwwRXxVs","entities":{"url":{"urls":[{"url":"http://t.co/K1qwwRXxVs","expanded_url":"http://www.pixiv.net/member.php?id=53993","display_url":"pixiv.net/member.php?id=…","indices":[0,22]}]},"description":{"urls":[]}},"protected":false,"followers_count":123827,"friends_count":918,"listed_count":2275,"created_at":"Sat Sep 05 18:12:39 +0000 2009","favourites_count":14189,"utc_offset":-36000,"time_zone":"Hawaii","geo_enabled":false,"verified":false,"statuses_count":21724,"lang":"ja","contributors_enabled":false,"is_translator":false,"is_translation_enabled":false,"profile_background_color":"C6E2EE","profile_background_image_url":"http://pbs.twimg.com/profile_background_images/74985651/assss.jpg","profile_background_image_url_https":"https://pbs.twimg.com/profile_background_images/74985651/assss.jpg","profile_background_tile":false,"profile_image_url":"http://pbs.twimg.com/profile_images/412220691115544576/sCo2GEZX_normal.jpeg","profile_image_url_https":"https://pbs.twimg.com/profile_images/412220691115544576/sCo2GEZX_normal.jpeg","profile_banner_url":"https://pbs.twimg.com/profile_banners/71858403/1454156677","profile_link_color":"1F98C7","profile_sidebar_border_color":"C6E2EE","profile_sidebar_fill_color":"DAECF4","profile_text_color":"663B12","profile_use_background_image":true,"has_extended_profile":false,"default_profile":false,"default_profile_image":false,"following":false,"follow_request_sent":false,"notifications":false,"translator_type":"none"},"geo":null,"coordinates":null,"place":null,"contributors":null,"is_quote_status":false,"retweet_count":2574,"favorite_count":3841,"favorited":false,"retweeted":false,"possibly_sensitive":false,"lang":"ja"},{"created_at":"Thu Jul 20 06:29:59 +0000 2017","id":887922518043918300,"id_str":"887922518043918336","text":"【鈴木P】『真・三國無双８』公式HPを更新しました！今回はキャラクター６人の公開です。申し訳ありませんが、ツイッターアイコンは少しお待ちください。https://t.co/u3lKL5qfir #真・三國無双８","truncated":false,"entities":{"hashtags":[{"text":"真・三國無双８","indices":[97,105]}],"symbols":[],"user_mentions":[],"urls":[{"url":"https://t.co/u3lKL5qfir","expanded_url":"http://www.gamecity.ne.jp/smusou8/","display_url":"gamecity.ne.jp/smusou8/","indices":[73,96]}]},"metadata":{"iso_language_code":"ja","result_type":"recent"},"source":"<a href=\"http://twitter.com\" rel=\"nofollow\">Twitter Web Client</a>","in_reply_to_status_id":null,"in_reply_to_status_id_str":null,"in_reply_to_user_id":null,"in_reply_to_user_id_str":null,"in_reply_to_screen_name":null,"user":{"id":725164187467571200,"id_str":"725164187467571200","name":"真・三國無双 公式","screen_name":"s_sangokumusou","location":"","description":"「真・三國無双シリーズ」の公式アカウントです。 ゲーム最新作はもちろん、グッズやイベントなど、さまざまな情報をお届けします。   なお、 製品に関するお問い合わせは、下記ユーザーサポートにお願いします。 https://t.co/c0kWyJvEBW","url":"https://t.co/tRliiXBw9o","entities":{"url":{"urls":[{"url":"https://t.co/tRliiXBw9o","expanded_url":"http://www.gamecity.ne.jp/smusou/","display_url":"gamecity.ne.jp/smusou/","indices":[0,23]}]},"description":{"urls":[{"url":"https://t.co/c0kWyJvEBW","expanded_url":"http://www.gamecity.ne.jp/support/","display_url":"gamecity.ne.jp/support/","indices":[102,125]}]}},"protected":false,"followers_count":14863,"friends_count":9,"listed_count":237,"created_at":"Wed Apr 27 03:26:30 +0000 2016","favourites_count":1,"utc_offset":-25200,"time_zone":"Pacific Time (US & Canada)","geo_enabled":false,"verified":true,"statuses_count":108,"lang":"ja","contributors_enabled":false,"is_translator":false,"is_translation_enabled":false,"profile_background_color":"F5F8FA","profile_background_image_url":null,"profile_background_image_url_https":null,"profile_background_tile":false,"profile_image_url":"http://pbs.twimg.com/profile_images/875530776745345024/2M5Os20F_normal.jpg","profile_image_url_https":"https://pbs.twimg.com/profile_images/875530776745345024/2M5Os20F_normal.jpg","profile_banner_url":"https://pbs.twimg.com/profile_banners/725164187467571200/1497922033","profile_link_color":"1DA1F2","profile_sidebar_border_color":"C0DEED","profile_sidebar_fill_color":"DDEEF6","profile_text_color":"333333","profile_use_background_image":true,"has_extended_profile":false,"default_profile":true,"default_profile_image":false,"following":false,"follow_request_sent":false,"notifications":false,"translator_type":"none"},"geo":null,"coordinates":null,"place":null,"contributors":null,"is_quote_status":false,"retweet_count":914,"favorite_count":310,"favorited":false,"retweeted":false,"possibly_sensitive":false,"lang":"ja"},{"created_at":"Thu Jul 20 06:27:32 +0000 2017","id":887921900394922000,"id_str":"887921900394921984","text":"涼をどうぞ。 https://t.co/0sV0jeTz2P","truncated":false,"entities":{"hashtags":[],"symbols":[],"user_mentions":[],"urls":[],"media":[{"id":887921874625151000,"id_str":"887921874625150976","indices":[7,30],"media_url":"http://pbs.twimg.com/media/DFKIPZVUwAAqQBu.jpg","media_url_https":"https://pbs.twimg.com/media/DFKIPZVUwAAqQBu.jpg","url":"https://t.co/0sV0jeTz2P","display_url":"pic.twitter.com/0sV0jeTz2P","expanded_url":"https://twitter.com/KAGAYA_11949/status/887921900394921984/photo/1","type":"photo","sizes":{"small":{"w":680,"h":454,"resize":"fit"},"large":{"w":1024,"h":683,"resize":"fit"},"thumb":{"w":150,"h":150,"resize":"crop"},"medium":{"w":1024,"h":683,"resize":"fit"}}}]},"extended_entities":{"media":[{"id":887921874625151000,"id_str":"887921874625150976","indices":[7,30],"media_url":"http://pbs.twimg.com/media/DFKIPZVUwAAqQBu.jpg","media_url_https":"https://pbs.twimg.com/media/DFKIPZVUwAAqQBu.jpg","url":"https://t.co/0sV0jeTz2P","display_url":"pic.twitter.com/0sV0jeTz2P","expanded_url":"https://twitter.com/KAGAYA_11949/status/887921900394921984/photo/1","type":"photo","sizes":{"small":{"w":680,"h":454,"resize":"fit"},"large":{"w":1024,"h":683,"resize":"fit"},"thumb":{"w":150,"h":150,"resize":"crop"},"medium":{"w":1024,"h":683,"resize":"fit"}}}]},"metadata":{"iso_language_code":"ja","result_type":"recent"},"source":"<a href=\"http://twitter.com\" rel=\"nofollow\">Twitter Web Client</a>","in_reply_to_status_id":null,"in_reply_to_status_id_str":null,"in_reply_to_user_id":null,"in_reply_to_user_id_str":null,"in_reply_to_screen_name":null,"user":{"id":283928817,"id_str":"283928817","name":"KAGAYA","screen_name":"KAGAYA_11949","location":"東京都","description":"空をご覧ください、今夜も星が輝いています。星空の魅力や情報をわかりやすくお知らせしていきたいです。仕事では星座や宇宙をテーマに作品制作しています。代表作はプラネタリウム映像「銀河鉄道の夜」。機材等や日常のツイートは@kagaya_work で。","url":"http://t.co/bsO47wbCQv","entities":{"url":{"urls":[{"url":"http://t.co/bsO47wbCQv","expanded_url":"http://www.kagayastudio.com/","display_url":"kagayastudio.com","indices":[0,22]}]},"description":{"urls":[]}},"protected":false,"followers_count":374862,"friends_count":13,"listed_count":5305,"created_at":"Mon Apr 18 08:53:09 +0000 2011","favourites_count":24764,"utc_offset":32400,"time_zone":"Tokyo","geo_enabled":false,"verified":true,"statuses_count":7369,"lang":"ja","contributors_enabled":false,"is_translator":false,"is_translation_enabled":false,"profile_background_color":"000000","profile_background_image_url":"http://pbs.twimg.com/profile_background_images/234513930/blueearth.jpg","profile_background_image_url_https":"https://pbs.twimg.com/profile_background_images/234513930/blueearth.jpg","profile_background_tile":false,"profile_image_url":"http://pbs.twimg.com/profile_images/855035973050159105/ksdloz-2_normal.jpg","profile_image_url_https":"https://pbs.twimg.com/profile_images/855035973050159105/ksdloz-2_normal.jpg","profile_banner_url":"https://pbs.twimg.com/profile_banners/283928817/1445602722","profile_link_color":"3F21B8","profile_sidebar_border_color":"000000","profile_sidebar_fill_color":"A8BFFF","profile_text_color":"1F256E","profile_use_background_image":true,"has_extended_profile":true,"default_profile":false,"default_profile_image":false,"following":false,"follow_request_sent":false,"notifications":false,"translator_type":"none"},"geo":null,"coordinates":null,"place":null,"contributors":null,"is_quote_status":false,"retweet_count":1879,"favorite_count":4114,"favorited":false,"retweeted":false,"possibly_sensitive":false,"lang":"ja"},{"created_at":"Thu Jul 20 06:23:20 +0000 2017","id":887920844466409500,"id_str":"887920844466409472","text":"「バッハ」の獣神化が可能に！7/24（月）15時頃より解禁！詳細は公式サイトをチェック！ #モンスト https://t.co/gSdVDdroKh https://t.co/HBsJcJA1JF","truncated":false,"entities":{"hashtags":[{"text":"モンスト","indices":[45,50]}],"symbols":[],"user_mentions":[],"urls":[{"url":"https://t.co/gSdVDdroKh","expanded_url":"https://www.monster-strike.com/news/20170720_2.html","display_url":"monster-strike.com/news/20170720_…","indices":[51,74]}],"media":[{"id":887920782302564400,"id_str":"887920782302564352","indices":[75,98],"media_url":"http://pbs.twimg.com/media/DFKHP0HU0AASVvN.png","media_url_https":"https://pbs.twimg.com/media/DFKHP0HU0AASVvN.png","url":"https://t.co/HBsJcJA1JF","display_url":"pic.twitter.com/HBsJcJA1JF","expanded_url":"https://twitter.com/monst_mixi/status/887920844466409472/photo/1","type":"photo","sizes":{"medium":{"w":419,"h":372,"resize":"fit"},"thumb":{"w":150,"h":150,"resize":"crop"},"small":{"w":419,"h":372,"resize":"fit"},"large":{"w":419,"h":372,"resize":"fit"}}}]},"extended_entities":{"media":[{"id":887920782302564400,"id_str":"887920782302564352","indices":[75,98],"media_url":"http://pbs.twimg.com/media/DFKHP0HU0AASVvN.png","media_url_https":"https://pbs.twimg.com/media/DFKHP0HU0AASVvN.png","url":"https://t.co/HBsJcJA1JF","display_url":"pic.twitter.com/HBsJcJA1JF","expanded_url":"https://twitter.com/monst_mixi/status/887920844466409472/photo/1","type":"photo","sizes":{"medium":{"w":419,"h":372,"resize":"fit"},"thumb":{"w":150,"h":150,"resize":"crop"},"small":{"w":419,"h":372,"resize":"fit"},"large":{"w":419,"h":372,"resize":"fit"}}}]},"metadata":{"iso_language_code":"ja","result_type":"recent"},"source":"<a href=\"http://twitter.com\" rel=\"nofollow\">Twitter Web Client</a>","in_reply_to_status_id":null,"in_reply_to_status_id_str":null,"in_reply_to_user_id":null,"in_reply_to_user_id_str":null,"in_reply_to_screen_name":null,"user":{"id":1930287096,"id_str":"1930287096","name":"モンスターストライク公式(モンスト)","screen_name":"monst_mixi","location":"公式HP","description":"「モンスターストライク（モンスト）」の公式twitterです！ゲームに関する情報やイベントの出現情報など最新のお知らせをツイート中！お問い合わせやご要望はこちら⇒ http://t.co/l5Vb4U2jfi　#モンスト","url":"http://t.co/236lNhcpzY","entities":{"url":{"urls":[{"url":"http://t.co/236lNhcpzY","expanded_url":"http://www.monster-strike.com/","display_url":"monster-strike.com","indices":[0,22]}]},"description":{"urls":[{"url":"http://t.co/l5Vb4U2jfi","expanded_url":"http://www.monster-strike.com/support/","display_url":"monster-strike.com/support/","indices":[82,104]}]}},"protected":false,"followers_count":2517969,"friends_count":16,"listed_count":4657,"created_at":"Thu Oct 03 11:04:08 +0000 2013","favourites_count":0,"utc_offset":32400,"time_zone":"Seoul","geo_enabled":true,"verified":true,"statuses_count":16799,"lang":"ja","contributors_enabled":false,"is_translator":false,"is_translation_enabled":false,"profile_background_color":"C0DEED","profile_background_image_url":"http://abs.twimg.com/images/themes/theme1/bg.png","profile_background_image_url_https":"https://abs.twimg.com/images/themes/theme1/bg.png","profile_background_tile":false,"profile_image_url":"http://pbs.twimg.com/profile_images/875584833749110785/-RLaSHFb_normal.jpg","profile_image_url_https":"https://pbs.twimg.com/profile_images/875584833749110785/-RLaSHFb_normal.jpg","profile_banner_url":"https://pbs.twimg.com/profile_banners/1930287096/1498717473","profile_link_color":"1DA1F2","profile_sidebar_border_color":"C0DEED","profile_sidebar_fill_color":"DDEEF6","profile_text_color":"333333","profile_use_background_image":true,"has_extended_profile":false,"default_profile":true,"default_profile_image":false,"following":false,"follow_request_sent":false,"notifications":false,"translator_type":"none"},"geo":null,"coordinates":null,"place":null,"contributors":null,"is_quote_status":false,"retweet_count":642,"favorite_count":784,"favorited":false,"retweeted":false,"possibly_sensitive":false,"lang":"ja"},{"created_at":"Thu Jul 20 06:21:12 +0000 2017","id":887920307494805500,"id_str":"887920307494805504","text":"【TBS 心霊写真に合成の疑い】7月19日にTBS系列にて放送された心霊番組で、紹介された心霊写真に対し、Twitter上で「合成です！」と指摘する声。TBS広報部は「回答は控えさせていただく」。 https://t.co/cKPXlW26yi","truncated":false,"entities":{"hashtags":[],"symbols":[],"user_mentions":[],"urls":[{"url":"https://t.co/cKPXlW26yi","expanded_url":"https://yahoo.jp/nM7n9V","display_url":"yahoo.jp/nM7n9V","indices":[99,122]}]},"metadata":{"iso_language_code":"ja","result_type":"recent"},"source":"<a href=\"http://dailynews.yahoo.co.jp/fc/\" rel=\"nofollow\">ヤフトピbot</a>","in_reply_to_status_id":null,"in_reply_to_status_id_str":null,"in_reply_to_user_id":null,"in_reply_to_user_id_str":null,"in_reply_to_screen_name":null,"user":{"id":88846085,"id_str":"88846085","name":"Yahoo!ニュース","screen_name":"YahooNewsTopics","location":"","description":"Yahoo!ニュースの公式アカウントです。365日24時間、Yahoo! JAPANトップページに掲出される話題を速報でお届け。※株式会社アフロ社提供の写真を使用している場合があります。","url":"https://t.co/PORT0VCtyG","entities":{"url":{"urls":[{"url":"https://t.co/PORT0VCtyG","expanded_url":"https://news.yahoo.co.jp/","display_url":"news.yahoo.co.jp","indices":[0,23]}]},"description":{"urls":[]}},"protected":false,"followers_count":306289,"friends_count":8,"listed_count":12377,"created_at":"Tue Nov 10 03:59:51 +0000 2009","favourites_count":0,"utc_offset":32400,"time_zone":"Tokyo","geo_enabled":false,"verified":true,"statuses_count":254645,"lang":"ja","contributors_enabled":false,"is_translator":false,"is_translation_enabled":false,"profile_background_color":"DFD7C7","profile_background_image_url":"http://pbs.twimg.com/profile_background_images/56797173/background.jpg","profile_background_image_url_https":"https://pbs.twimg.com/profile_background_images/56797173/background.jpg","profile_background_tile":true,"profile_image_url":"http://pbs.twimg.com/profile_images/875506779743895552/jqN_tEe4_normal.jpg","profile_image_url_https":"https://pbs.twimg.com/profile_images/875506779743895552/jqN_tEe4_normal.jpg","profile_banner_url":"https://pbs.twimg.com/profile_banners/88846085/1490596288","profile_link_color":"0084B4","profile_sidebar_border_color":"A1A33B","profile_sidebar_fill_color":"FFFCDE","profile_text_color":"333333","profile_use_background_image":true,"has_extended_profile":false,"default_profile":false,"default_profile_image":false,"following":false,"follow_request_sent":false,"notifications":false,"translator_type":"none"},"geo":null,"coordinates":null,"place":null,"contributors":null,"is_quote_status":false,"retweet_count":643,"favorite_count":269,"favorited":false,"retweeted":false,"possibly_sensitive":false,"lang":"ja"},{"created_at":"Thu Jul 20 06:20:42 +0000 2017","id":887920180734476300,"id_str":"887920180734476290","text":"株式会社Cygames ユヴェントスF.C.とのスポンサー契約締結に関するお知らせ | 株式会社Cygames https://t.co/A7OT1eoN5j","truncated":false,"entities":{"hashtags":[],"symbols":[],"user_mentions":[],"urls":[{"url":"https://t.co/A7OT1eoN5j","expanded_url":"http://www.cygames.co.jp/press/press-16760/","display_url":"cygames.co.jp/press/press-16…","indices":[56,79]}]},"metadata":{"iso_language_code":"ja","result_type":"recent"},"source":"<a href=\"http://twitter.com/download/iphone\" rel=\"nofollow\">Twitter for iPhone</a>","in_reply_to_status_id":null,"in_reply_to_status_id_str":null,"in_reply_to_user_id":null,"in_reply_to_user_id_str":null,"in_reply_to_screen_name":null,"user":{"id":484423587,"id_str":"484423587","name":"木村唯人","screen_name":"KimuraYuito","location":"キスよりすごい会社","description":"株式会社サイゲームス取締役（社長ではありません）好きなアニメはJPS、好きなゲームはFF11。ｶｶｯと最高のコンテンツをつくる仲間を募集中。プリコネR LOST ORDER 神撃のバハムート、Shadowverse、グラブルのP","url":"https://t.co/kUKjHbLG8h","entities":{"url":{"urls":[{"url":"https://t.co/kUKjHbLG8h","expanded_url":"http://cygames.co.jp/","display_url":"cygames.co.jp","indices":[0,23]}]},"description":{"urls":[]}},"protected":false,"followers_count":27595,"friends_count":870,"listed_count":474,"created_at":"Mon Feb 06 02:59:36 +0000 2012","favourites_count":311,"utc_offset":28800,"time_zone":"Irkutsk","geo_enabled":false,"verified":false,"statuses_count":3674,"lang":"ja","contributors_enabled":false,"is_translator":false,"is_translation_enabled":false,"profile_background_color":"C0DEED","profile_background_image_url":"http://abs.twimg.com/images/themes/theme1/bg.png","profile_background_image_url_https":"https://abs.twimg.com/images/themes/theme1/bg.png","profile_background_tile":false,"profile_image_url":"http://pbs.twimg.com/profile_images/2265866990/f5ha1panquuw6o9puz90_normal.jpeg","profile_image_url_https":"https://pbs.twimg.com/profile_images/2265866990/f5ha1panquuw6o9puz90_normal.jpeg","profile_banner_url":"https://pbs.twimg.com/profile_banners/484423587/1466264464","profile_link_color":"1DA1F2","profile_sidebar_border_color":"C0DEED","profile_sidebar_fill_color":"DDEEF6","profile_text_color":"333333","profile_use_background_image":true,"has_extended_profile":false,"default_profile":true,"default_profile_image":false,"following":false,"follow_request_sent":false,"notifications":false,"translator_type":"none"},"geo":null,"coordinates":null,"place":null,"contributors":null,"is_quote_status":false,"retweet_count":1035,"favorite_count":209,"favorited":false,"retweeted":false,"possibly_sensitive":false,"lang":"ja"},{"created_at":"Thu Jul 20 06:20:33 +0000 2017","id":887920141563871200,"id_str":"887920141563871234","text":"【速報】\n今日カープはメヒア選手を支配下登録\n\n背番号は146→96\n\n現在ウエスタンの打率と打点で1位\n早く一軍で活躍する姿が見たい！\n\nRCCではメヒア選手の詳しい情報を\n今日午後6：15〜 News６\nで放送します。… https://t.co/Nfq3VChcha","truncated":true,"entities":{"hashtags":[],"symbols":[],"user_mentions":[],"urls":[{"url":"https://t.co/Nfq3VChcha","expanded_url":"https://twitter.com/i/web/status/887920141563871234","display_url":"twitter.com/i/web/status/8…","indices":[113,136]}]},"metadata":{"iso_language_code":"ja","result_type":"recent"},"source":"<a href=\"http://twitter.com/download/iphone\" rel=\"nofollow\">Twitter for iPhone</a>","in_reply_to_status_id":null,"in_reply_to_status_id_str":null,"in_reply_to_user_id":null,"in_reply_to_user_id_str":null,"in_reply_to_screen_name":null,"user":{"id":214759846,"id_str":"214759846","name":"ＲＣＣスポーツ","screen_name":"rccsports","location":"広島","description":"RCC中国放送(TBS系列)スポーツ部☆「Ｎ６(18:15~)」スポーツコーナー☆ＲＣＣカープ中継☆カープ・サンフレッチェ・ＪＴサンダーズ・駅伝などなど広島のスポーツ情報を中心にツイートします♪","url":"https://t.co/bh7uqDal7d","entities":{"url":{"urls":[{"url":"https://t.co/bh7uqDal7d","expanded_url":"http://www.rcc.net/sports/","display_url":"rcc.net/sports/","indices":[0,23]}]},"description":{"urls":[]}},"protected":false,"followers_count":37325,"friends_count":7,"listed_count":281,"created_at":"Fri Nov 12 04:38:25 +0000 2010","favourites_count":0,"utc_offset":32400,"time_zone":"Osaka","geo_enabled":false,"verified":true,"statuses_count":3324,"lang":"ja","contributors_enabled":false,"is_translator":false,"is_translation_enabled":false,"profile_background_color":"C0DEED","profile_background_image_url":"http://pbs.twimg.com/profile_background_images/788724729/e8565b5b978d3e54552bba837c781e14.gif","profile_background_image_url_https":"https://pbs.twimg.com/profile_background_images/788724729/e8565b5b978d3e54552bba837c781e14.gif","profile_background_tile":false,"profile_image_url":"http://pbs.twimg.com/profile_images/684253207590088704/vIR1lBM1_normal.jpg","profile_image_url_https":"https://pbs.twimg.com/profile_images/684253207590088704/vIR1lBM1_normal.jpg","profile_banner_url":"https://pbs.twimg.com/profile_banners/214759846/1462849114","profile_link_color":"FA743E","profile_sidebar_border_color":"FFFFFF","profile_sidebar_fill_color":"DDEEF6","profile_text_color":"333333","profile_use_background_image":true,"has_extended_profile":false,"default_profile":false,"default_profile_image":false,"following":false,"follow_request_sent":false,"notifications":false,"translator_type":"none"},"geo":null,"coordinates":null,"place":null,"contributors":null,"is_quote_status":false,"retweet_count":690,"favorite_count":531,"favorited":false,"retweeted":false,"possibly_sensitive":false,"lang":"ja"},{"created_at":"Thu Jul 20 06:19:15 +0000 2017","id":887919816807403500,"id_str":"887919816807403520","text":"株式会社Cygames ユヴェントスF.C.とのスポンサー契約締結に関するお知らせ | 株式会社Cygames https://t.co/r9DLEgY6S9","truncated":false,"entities":{"hashtags":[],"symbols":[],"user_mentions":[],"urls":[{"url":"https://t.co/r9DLEgY6S9","expanded_url":"http://www.cygames.co.jp/press/press-16760/","display_url":"cygames.co.jp/press/press-16…","indices":[56,79]}]},"metadata":{"iso_language_code":"ja","result_type":"recent"},"source":"<a href=\"http://twitter.com\" rel=\"nofollow\">Twitter Web Client</a>","in_reply_to_status_id":null,"in_reply_to_status_id_str":null,"in_reply_to_user_id":null,"in_reply_to_user_id_str":null,"in_reply_to_screen_name":null,"user":{"id":2744570034,"id_str":"2744570034","name":"Cygames公式アカウント","screen_name":"Cygames_PR","location":"","description":"株式会社Cygamesの公式twitterです。 ※お客様からのご質問など個別のメッセージは、Twitter上ではご返答できかねますのでご了承下さい。お問い合わせはこちらから ⇒ https://t.co/M9b5IcwQnF","url":"http://t.co/XB72AktapV","entities":{"url":{"urls":[{"url":"http://t.co/XB72AktapV","expanded_url":"http://www.cygames.co.jp/","display_url":"cygames.co.jp","indices":[0,22]}]},"description":{"urls":[{"url":"https://t.co/M9b5IcwQnF","expanded_url":"https://www.cygames.co.jp/form/contact/","display_url":"cygames.co.jp/form/contact/","indices":[90,113]}]}},"protected":false,"followers_count":15325,"friends_count":32,"listed_count":173,"created_at":"Tue Aug 19 11:00:03 +0000 2014","favourites_count":2,"utc_offset":32400,"time_zone":"Tokyo","geo_enabled":false,"verified":false,"statuses_count":867,"lang":"ja","contributors_enabled":false,"is_translator":false,"is_translation_enabled":false,"profile_background_color":"000000","profile_background_image_url":"http://abs.twimg.com/images/themes/theme1/bg.png","profile_background_image_url_https":"https://abs.twimg.com/images/themes/theme1/bg.png","profile_background_tile":false,"profile_image_url":"http://pbs.twimg.com/profile_images/616069667837210624/g16f9Zq3_normal.jpg","profile_image_url_https":"https://pbs.twimg.com/profile_images/616069667837210624/g16f9Zq3_normal.jpg","profile_banner_url":"https://pbs.twimg.com/profile_banners/2744570034/1435717424","profile_link_color":"818181","profile_sidebar_border_color":"000000","profile_sidebar_fill_color":"000000","profile_text_color":"000000","profile_use_background_image":false,"has_extended_profile":false,"default_profile":false,"default_profile_image":false,"following":false,"follow_request_sent":false,"notifications":false,"translator_type":"none"},"geo":null,"coordinates":null,"place":null,"contributors":null,"is_quote_status":false,"retweet_count":985,"favorite_count":238,"favorited":false,"retweeted":false,"possibly_sensitive":false,"lang":"ja"},{"created_at":"Thu Jul 20 06:17:42 +0000 2017","id":887919423830474800,"id_str":"887919423830474753","text":"ハロー、ハッピーワールド！ \n1st シングル\n✨🎊8月2日発売🎊✨\n「えがおのオーケストラっ！」\n\n初回生産分封入特典には「1st シングルリリース記念スペシャルイベント参加抽選券」が付いてくる😍\n\n※詳細はアプリ内のお知らせを… https://t.co/vmmF11aJWg","truncated":true,"entities":{"hashtags":[],"symbols":[],"user_mentions":[],"urls":[{"url":"https://t.co/vmmF11aJWg","expanded_url":"https://twitter.com/i/web/status/887919423830474753","display_url":"twitter.com/i/web/status/8…","indices":[117,140]}]},"metadata":{"iso_language_code":"ja","result_type":"recent"},"source":"<a href=\"http://twitter.com\" rel=\"nofollow\">Twitter Web Client</a>","in_reply_to_status_id":null,"in_reply_to_status_id_str":null,"in_reply_to_user_id":null,"in_reply_to_user_id_str":null,"in_reply_to_screen_name":null,"user":{"id":775280864674525200,"id_str":"775280864674525184","name":"バンドリ！ ガールズバンドパーティ！","screen_name":"bang_dream_gbp","location":"","description":"スマートフォン向けゲーム「バンドリ！ ガールズバンドパーティ！」（#ガルパ）の公式アカウントです。※お問い合わせやメッセージへは返答できかねます。ご了承下さい。　　　　　　　　　　　　\niOS：https://t.co/2f4OqP0pqf \n　　　　　Android：https://t.co/Ijt25DT4q4","url":"https://t.co/ISLUK2xYKu","entities":{"url":{"urls":[{"url":"https://t.co/ISLUK2xYKu","expanded_url":"http://bang-dream.bushimo.jp/","display_url":"bang-dream.bushimo.jp","indices":[0,23]}]},"description":{"urls":[{"url":"https://t.co/2f4OqP0pqf","expanded_url":"https://goo.gl/oY7r23","display_url":"goo.gl/oY7r23","indices":[97,120]},{"url":"https://t.co/Ijt25DT4q4","expanded_url":"https://goo.gl/r1OlqJ","display_url":"goo.gl/r1OlqJ","indices":[135,158]}]}},"protected":false,"followers_count":277566,"friends_count":31,"listed_count":1821,"created_at":"Mon Sep 12 10:32:16 +0000 2016","favourites_count":0,"utc_offset":null,"time_zone":null,"geo_enabled":false,"verified":true,"statuses_count":896,"lang":"ja","contributors_enabled":false,"is_translator":false,"is_translation_enabled":false,"profile_background_color":"F5F8FA","profile_background_image_url":null,"profile_background_image_url_https":null,"profile_background_tile":false,"profile_image_url":"http://pbs.twimg.com/profile_images/874897279660036100/q4Y3t1KU_normal.jpg","profile_image_url_https":"https://pbs.twimg.com/profile_images/874897279660036100/q4Y3t1KU_normal.jpg","profile_banner_url":"https://pbs.twimg.com/profile_banners/775280864674525184/1489646760","profile_link_color":"1DA1F2","profile_sidebar_border_color":"C0DEED","profile_sidebar_fill_color":"DDEEF6","profile_text_color":"333333","profile_use_background_image":true,"has_extended_profile":false,"default_profile":true,"default_profile_image":false,"following":false,"follow_request_sent":false,"notifications":false,"translator_type":"none"},"geo":null,"coordinates":null,"place":null,"contributors":null,"is_quote_status":false,"retweet_count":1651,"favorite_count":2051,"favorited":false,"retweeted":false,"possibly_sensitive":false,"lang":"ja"},{"created_at":"Thu Jul 20 06:17:36 +0000 2017","id":887919398819831800,"id_str":"887919398819831808","text":"Goody-Good Girlが日本、タイ、香港のiTunesのMVランキングで1位👏👏👏本当に感謝感謝🙏\nありがとうございます😊","truncated":false,"entities":{"hashtags":[],"symbols":[],"user_mentions":[],"urls":[]},"metadata":{"iso_language_code":"ja","result_type":"recent"},"source":"<a href=\"http://www.echofon.com/\" rel=\"nofollow\">Echofon</a>","in_reply_to_status_id":null,"in_reply_to_status_id_str":null,"in_reply_to_user_id":null,"in_reply_to_user_id_str":null,"in_reply_to_screen_name":null,"user":{"id":216733863,"id_str":"216733863","name":"Shinjiro Atae(AAA)","screen_name":"A_Shinjirooooo","location":"","description":"AAA 與 真司郎 Both English and Japanese are available. ☆ https://t.co/11MlYi01ix","url":"https://t.co/24NM4ljohM","entities":{"url":{"urls":[{"url":"https://t.co/24NM4ljohM","expanded_url":"https://freshlive.tv/shinjiro-atae","display_url":"freshlive.tv/shinjiro-atae","indices":[0,23]}]},"description":{"urls":[{"url":"https://t.co/11MlYi01ix","expanded_url":"https://www.instagram.com/shinjiroatae1126","display_url":"instagram.com/shinjiroatae11…","indices":[53,76]}]}},"protected":false,"followers_count":896118,"friends_count":66,"listed_count":5148,"created_at":"Wed Nov 17 15:30:55 +0000 2010","favourites_count":0,"utc_offset":32400,"time_zone":"Seoul","geo_enabled":true,"verified":true,"statuses_count":5863,"lang":"ja","contributors_enabled":false,"is_translator":false,"is_translation_enabled":true,"profile_background_color":"C0DEED","profile_background_image_url":"http://abs.twimg.com/images/themes/theme1/bg.png","profile_background_image_url_https":"https://abs.twimg.com/images/themes/theme1/bg.png","profile_background_tile":false,"profile_image_url":"http://pbs.twimg.com/profile_images/848336932765483008/PEPk-y37_normal.jpg","profile_image_url_https":"https://pbs.twimg.com/profile_images/848336932765483008/PEPk-y37_normal.jpg","profile_banner_url":"https://pbs.twimg.com/profile_banners/216733863/1491094263","profile_link_color":"1DA1F2","profile_sidebar_border_color":"C0DEED","profile_sidebar_fill_color":"DDEEF6","profile_text_color":"333333","profile_use_background_image":true,"has_extended_profile":false,"default_profile":true,"default_profile_image":false,"following":false,"follow_request_sent":false,"notifications":false,"translator_type":"none"},"geo":null,"coordinates":null,"place":null,"contributors":null,"is_quote_status":false,"retweet_count":868,"favorite_count":6577,"favorited":false,"retweeted":false,"lang":"ja"},{"created_at":"Thu Jul 20 06:14:51 +0000 2017","id":887918706617180200,"id_str":"887918706617180164","text":"メロウイエロー曲、2D標準見て見て！なんか特殊演出入ってる！ https://t.co/2YnerefDpF","truncated":false,"entities":{"hashtags":[],"symbols":[],"user_mentions":[],"urls":[],"media":[{"id":887918696336834600,"id_str":"887918696336834560","indices":[31,54],"media_url":"http://pbs.twimg.com/media/DFKFWZSVwAAvyf_.jpg","media_url_https":"https://pbs.twimg.com/media/DFKFWZSVwAAvyf_.jpg","url":"https://t.co/2YnerefDpF","display_url":"pic.twitter.com/2YnerefDpF","expanded_url":"https://twitter.com/road_to_tsutaya/status/887918706617180164/photo/1","type":"photo","sizes":{"medium":{"w":1200,"h":675,"resize":"fit"},"thumb":{"w":150,"h":150,"resize":"crop"},"small":{"w":680,"h":382,"resize":"fit"},"large":{"w":1334,"h":750,"resize":"fit"}}}]},"extended_entities":{"media":[{"id":887918696336834600,"id_str":"887918696336834560","indices":[31,54],"media_url":"http://pbs.twimg.com/media/DFKFWZSVwAAvyf_.jpg","media_url_https":"https://pbs.twimg.com/media/DFKFWZSVwAAvyf_.jpg","url":"https://t.co/2YnerefDpF","display_url":"pic.twitter.com/2YnerefDpF","expanded_url":"https://twitter.com/road_to_tsutaya/status/887918706617180164/photo/1","type":"photo","sizes":{"medium":{"w":1200,"h":675,"resize":"fit"},"thumb":{"w":150,"h":150,"resize":"crop"},"small":{"w":680,"h":382,"resize":"fit"},"large":{"w":1334,"h":750,"resize":"fit"}}},{"id":887918696349311000,"id_str":"887918696349310976","indices":[31,54],"media_url":"http://pbs.twimg.com/media/DFKFWZVUIAAFYjs.jpg","media_url_https":"https://pbs.twimg.com/media/DFKFWZVUIAAFYjs.jpg","url":"https://t.co/2YnerefDpF","display_url":"pic.twitter.com/2YnerefDpF","expanded_url":"https://twitter.com/road_to_tsutaya/status/887918706617180164/photo/1","type":"photo","sizes":{"small":{"w":680,"h":382,"resize":"fit"},"thumb":{"w":150,"h":150,"resize":"crop"},"medium":{"w":1200,"h":675,"resize":"fit"},"large":{"w":1334,"h":750,"resize":"fit"}}},{"id":887918698027036700,"id_str":"887918698027036672","indices":[31,54],"media_url":"http://pbs.twimg.com/media/DFKFWflUMAA8q-D.jpg","media_url_https":"https://pbs.twimg.com/media/DFKFWflUMAA8q-D.jpg","url":"https://t.co/2YnerefDpF","display_url":"pic.twitter.com/2YnerefDpF","expanded_url":"https://twitter.com/road_to_tsutaya/status/887918706617180164/photo/1","type":"photo","sizes":{"small":{"w":680,"h":382,"resize":"fit"},"thumb":{"w":150,"h":150,"resize":"crop"},"medium":{"w":1200,"h":675,"resize":"fit"},"large":{"w":1334,"h":750,"resize":"fit"}}},{"id":887918698341703700,"id_str":"887918698341703681","indices":[31,54],"media_url":"http://pbs.twimg.com/media/DFKFWgwVoAEYkUc.jpg","media_url_https":"https://pbs.twimg.com/media/DFKFWgwVoAEYkUc.jpg","url":"https://t.co/2YnerefDpF","display_url":"pic.twitter.com/2YnerefDpF","expanded_url":"https://twitter.com/road_to_tsutaya/status/887918706617180164/photo/1","type":"photo","sizes":{"thumb":{"w":150,"h":150,"resize":"crop"},"large":{"w":1334,"h":750,"resize":"fit"},"small":{"w":680,"h":382,"resize":"fit"},"medium":{"w":1200,"h":675,"resize":"fit"}}}]},"metadata":{"iso_language_code":"ja","result_type":"recent"},"source":"<a href=\"http://twitter.com/download/iphone\" rel=\"nofollow\">Twitter for iPhone</a>","in_reply_to_status_id":null,"in_reply_to_status_id_str":null,"in_reply_to_user_id":null,"in_reply_to_user_id_str":null,"in_reply_to_screen_name":null,"user":{"id":2175962258,"id_str":"2175962258","name":"つたや。","screen_name":"road_to_tsutaya","location":"銀のイルカと熱い風 7/9発売！","description":"ノスタルジーに殺される 駆け出しの大槻唯P 人畜無害になりたい！","url":null,"entities":{"description":{"urls":[]}},"protected":false,"followers_count":938,"friends_count":890,"listed_count":36,"created_at":"Tue Nov 05 12:14:40 +0000 2013","favourites_count":50160,"utc_offset":-25200,"time_zone":"Pacific Time (US & Canada)","geo_enabled":false,"verified":false,"statuses_count":160592,"lang":"ja","contributors_enabled":false,"is_translator":false,"is_translation_enabled":false,"profile_background_color":"000000","profile_background_image_url":"http://abs.twimg.com/images/themes/theme1/bg.png","profile_background_image_url_https":"https://abs.twimg.com/images/themes/theme1/bg.png","profile_background_tile":false,"profile_image_url":"http://pbs.twimg.com/profile_images/881892816086892544/NBLIl5RG_normal.jpg","profile_image_url_https":"https://pbs.twimg.com/profile_images/881892816086892544/NBLIl5RG_normal.jpg","profile_banner_url":"https://pbs.twimg.com/profile_banners/2175962258/1500225618","profile_link_color":"4A913C","profile_sidebar_border_color":"000000","profile_sidebar_fill_color":"000000","profile_text_color":"000000","profile_use_background_image":false,"has_extended_profile":true,"default_profile":false,"default_profile_image":false,"following":false,"follow_request_sent":false,"notifications":false,"translator_type":"none"},"geo":null,"coordinates":null,"place":null,"contributors":null,"is_quote_status":false,"retweet_count":701,"favorite_count":480,"favorited":false,"retweeted":false,"possibly_sensitive":false,"lang":"ja"},{"created_at":"Thu Jul 20 06:08:51 +0000 2017","id":887917197103833100,"id_str":"887917197103833094","text":"イベント「Kawaii make MY day!」開始です！\n「メロウ・イエロー」のオリジナル楽曲と、メンバーが活躍する限定ストーリーを楽しんでくださいね！\n＜イベント限定アイドル＞\n椎名法子（Sレア）\n水本ゆかり（Sレア）… https://t.co/Knw4hvVAP7","truncated":true,"entities":{"hashtags":[],"symbols":[],"user_mentions":[],"urls":[{"url":"https://t.co/Knw4hvVAP7","expanded_url":"https://twitter.com/i/web/status/887917197103833094","display_url":"twitter.com/i/web/status/8…","indices":[114,137]}]},"metadata":{"iso_language_code":"ja","result_type":"recent"},"source":"<a href=\"http://engagemanager.tribalmedia.co.jp/\" rel=\"nofollow\">EngageManager</a>","in_reply_to_status_id":null,"in_reply_to_status_id_str":null,"in_reply_to_user_id":null,"in_reply_to_user_id_str":null,"in_reply_to_screen_name":null,"user":{"id":3220191374,"id_str":"3220191374","name":"スターライトステージ","screen_name":"imascg_stage","location":"","description":"「アイドルマスター シンデレラガールズ スターライトステージ」公式アカウントです。※お客様からの個別のメッセージなどは、Twitter上ではご返答できかねますのでご了承下さい。 #デレステ Android:http://t.co/PfCtF9Biv4       iOS:http://t.co/0zb47ZumGb","url":"http://t.co/7REykaZIlX","entities":{"url":{"urls":[{"url":"http://t.co/7REykaZIlX","expanded_url":"http://cinderella.idolmaster.jp/sl-stage/","display_url":"cinderella.idolmaster.jp/sl-stage/","indices":[0,22]}]},"description":{"urls":[{"url":"http://t.co/PfCtF9Biv4","expanded_url":"http://eng.mg/8d0ca","display_url":"eng.mg/8d0ca","indices":[103,125]},{"url":"http://t.co/0zb47ZumGb","expanded_url":"http://eng.mg/a0f68","display_url":"eng.mg/a0f68","indices":[136,158]}]}},"protected":false,"followers_count":459364,"friends_count":7,"listed_count":7170,"created_at":"Tue May 19 09:34:46 +0000 2015","favourites_count":0,"utc_offset":32400,"time_zone":"Tokyo","geo_enabled":false,"verified":true,"statuses_count":1102,"lang":"ja","contributors_enabled":false,"is_translator":false,"is_translation_enabled":false,"profile_background_color":"000000","profile_background_image_url":"http://abs.twimg.com/images/themes/theme1/bg.png","profile_background_image_url_https":"https://abs.twimg.com/images/themes/theme1/bg.png","profile_background_tile":false,"profile_image_url":"http://pbs.twimg.com/profile_images/875515457364557825/zzJa2735_normal.jpg","profile_image_url_https":"https://pbs.twimg.com/profile_images/875515457364557825/zzJa2735_normal.jpg","profile_banner_url":"https://pbs.twimg.com/profile_banners/3220191374/1484740896","profile_link_color":"89C9FA","profile_sidebar_border_color":"000000","profile_sidebar_fill_color":"000000","profile_text_color":"000000","profile_use_background_image":false,"has_extended_profile":false,"default_profile":false,"default_profile_image":false,"following":false,"follow_request_sent":false,"notifications":false,"translator_type":"none"},"geo":null,"coordinates":null,"place":null,"contributors":null,"is_quote_status":false,"retweet_count":3209,"favorite_count":2858,"favorited":false,"retweeted":false,"possibly_sensitive":false,"lang":"ja"},{"created_at":"Thu Jul 20 06:08:33 +0000 2017","id":887917124244484100,"id_str":"887917124244484096","text":"本日はハミィ役・大久保桜子さんの19歳のハッピーバースデー☆\n駆けつけられなかった桜子ちゃんのために、#テレ朝夏祭り のお客様と共にみんなで祝いました（笑）\n素敵なサプライズ！ハミィちゃん、届いたかな〜〜\n\n#キュウレンジャー… https://t.co/ETCejzFEMp","truncated":true,"entities":{"hashtags":[{"text":"テレ朝夏祭り","indices":[51,58]},{"text":"キュウレンジャー","indices":[104,113]}],"symbols":[],"user_mentions":[],"urls":[{"url":"https://t.co/ETCejzFEMp","expanded_url":"https://twitter.com/i/web/status/887917124244484096","display_url":"twitter.com/i/web/status/8…","indices":[115,138]}]},"metadata":{"iso_language_code":"ja","result_type":"recent"},"source":"<a href=\"http://twitter.com/download/iphone\" rel=\"nofollow\">Twitter for iPhone</a>","in_reply_to_status_id":null,"in_reply_to_status_id_str":null,"in_reply_to_user_id":null,"in_reply_to_user_id_str":null,"in_reply_to_screen_name":null,"user":{"id":809211730383360000,"id_str":"809211730383360000","name":"宇宙戦隊キュウレンジャー","screen_name":"Kyuranger_toei","location":"","description":"宇宙の運命は9人の究極の救世主に託されたー スーパー戦隊第41作目は宇宙から流星の如くやってくる！宇宙戦隊キュウレンジャー、2017年2月12日（日）より放送〝スター〟ト！！ 次回放送は7月23日(日)！Space.22『伝説の救世主の正体』新ロボ、ギガントホウオーが大活躍！！","url":"https://t.co/BVjApiB6GU","entities":{"url":{"urls":[{"url":"https://t.co/BVjApiB6GU","expanded_url":"http://www.toei.co.jp/tv/kyuranger/index.html","display_url":"toei.co.jp/tv/kyuranger/i…","indices":[0,23]}]},"description":{"urls":[]}},"protected":false,"followers_count":44328,"friends_count":25,"listed_count":602,"created_at":"Thu Dec 15 01:41:25 +0000 2016","favourites_count":2,"utc_offset":null,"time_zone":null,"geo_enabled":false,"verified":false,"statuses_count":417,"lang":"ja","contributors_enabled":false,"is_translator":false,"is_translation_enabled":false,"profile_background_color":"F5F8FA","profile_background_image_url":null,"profile_background_image_url_https":null,"profile_background_tile":false,"profile_image_url":"http://pbs.twimg.com/profile_images/813062676691632128/7zi-GBod_normal.jpg","profile_image_url_https":"https://pbs.twimg.com/profile_images/813062676691632128/7zi-GBod_normal.jpg","profile_banner_url":"https://pbs.twimg.com/profile_banners/809211730383360000/1482746427","profile_link_color":"1DA1F2","profile_sidebar_border_color":"C0DEED","profile_sidebar_fill_color":"DDEEF6","profile_text_color":"333333","profile_use_background_image":true,"has_extended_profile":false,"default_profile":true,"default_profile_image":false,"following":false,"follow_request_sent":false,"notifications":false,"translator_type":"none"},"geo":null,"coordinates":null,"place":null,"contributors":null,"is_quote_status":false,"retweet_count":744,"favorite_count":1337,"favorited":false,"retweeted":false,"possibly_sensitive":false,"lang":"ja"}],"search_metadata":{"completed_in":0.152,"max_id":887925223521112000,"max_id_str":"887925223521112064","next_results":"?max_id=887917124244484095&q=lang%3Aja%20min_retweets%3A500&include_entities=1","query":"lang%3Aja+min_retweets%3A500","refresh_url":"?since_id=887925223521112064&q=lang%3Aja%20min_retweets%3A500&include_entities=1","count":15,"since_id":0,"since_id_str":"0"}}