{"statuses":[{"created_at":"Thu Jul 20 00:26:40 +0000 2017","id":887831085639401500,"id_str":"887831085639401472","text":"【TRIBE】8/11 21時-日テレ\n映画『HiGH＆LOW THE MOVIE 特別版 from THE RED RAIN』テレビ初放送！ \n\nスペシャル映像では尊龍と少女との過去の関係が深く描かれ、新作映画のカー＆バイクアク… https://t.co/Jih1UibyOY","truncated":true,"entities":{"hashtags":[],"symbols":[],"user_mentions":[],"urls":[{"url":"https://t.co/Jih1UibyOY","expanded_url":"https://twitter.com/i/web/status/887831085639401472","display_url":"twitter.com/i/web/status/8…","indices":[117,140]}]},"metadata":{"iso_language_code":"ja","result_type":"recent"},"source":"<a href=\"http://www.hootsuite.com\" rel=\"nofollow\">Hootsuite</a>","in_reply_to_status_id":null,"in_reply_to_status_id_str":null,"in_reply_to_user_id":null,"in_reply_to_user_id_str":null,"in_reply_to_screen_name":null,"user":{"id":188261799,"id_str":"188261799","name":"EXILE最新ニュース24","screen_name":"exnews24","location":"TOKYO","description":"EXILE TRIBE【EXILE・THE SECOND・三代目J Soul Brothers・GENERATIONSなど】に関する番組出演・リリースなどの最新情報を配信しています。EXILE TRIBEが好きな方からのフォロー＆RT歓迎です。【unofficial】ログ→https://t.co/JDQBTfT0iL","url":"https://t.co/6CzLMfwm5q","entities":{"url":{"urls":[{"url":"https://t.co/6CzLMfwm5q","expanded_url":"http://www.facebook.com/exn24","display_url":"facebook.com/exn24","indices":[0,23]}]},"description":{"urls":[{"url":"https://t.co/JDQBTfT0iL","expanded_url":"http://bit.ly/dNLWFK","display_url":"bit.ly/dNLWFK","indices":[137,160]}]}},"protected":false,"followers_count":764196,"friends_count":3271,"listed_count":1651,"created_at":"Wed Sep 08 09:15:44 +0000 2010","favourites_count":1986,"utc_offset":32400,"time_zone":"Tokyo","geo_enabled":false,"verified":false,"statuses_count":45082,"lang":"ja","contributors_enabled":false,"is_translator":false,"is_translation_enabled":false,"profile_background_color":"FFFFFF","profile_background_image_url":"http://abs.twimg.com/images/themes/theme16/bg.gif","profile_background_image_url_https":"https://abs.twimg.com/images/themes/theme16/bg.gif","profile_background_tile":false,"profile_image_url":"http://pbs.twimg.com/profile_images/1534064711/exnews_ico_normal.gif","profile_image_url_https":"https://pbs.twimg.com/profile_images/1534064711/exnews_ico_normal.gif","profile_banner_url":"https://pbs.twimg.com/profile_banners/188261799/1469599351","profile_link_color":"0084B4","profile_sidebar_border_color":"000000","profile_sidebar_fill_color":"000000","profile_text_color":"000000","profile_use_background_image":false,"has_extended_profile":true,"default_profile":false,"default_profile_image":false,"following":false,"follow_request_sent":false,"notifications":false,"translator_type":"none"},"geo":null,"coordinates":null,"place":null,"contributors":null,"is_quote_status":false,"retweet_count":584,"favorite_count":1837,"favorited":false,"retweeted":false,"possibly_sensitive":false,"lang":"ja"},{"created_at":"Thu Jul 20 00:20:39 +0000 2017","id":887829570186903600,"id_str":"887829570186903552","text":"【ほっこり】猫の真似して箱に入る子どもが愛らしいとTwitterで話題に\nhttps://t.co/pAy5kXJWNd\n\n生まれてから一緒に過ごしてきたので、猫たちの様子をよく見ているとのこと。これは「いつもの光景」だそうです。 https://t.co/KACYbzwvZv","truncated":false,"entities":{"hashtags":[],"symbols":[],"user_mentions":[],"urls":[{"url":"https://t.co/pAy5kXJWNd","expanded_url":"http://news.livedoor.com/topics/detail/13359350/","display_url":"news.livedoor.com/topics/detail/…","indices":[37,60]}],"media":[{"id":887828016830701600,"id_str":"887828016830701568","indices":[116,139],"media_url":"http://pbs.twimg.com/media/DFIy4JzVYAA0QxZ.jpg","media_url_https":"https://pbs.twimg.com/media/DFIy4JzVYAA0QxZ.jpg","url":"https://t.co/KACYbzwvZv","display_url":"pic.twitter.com/KACYbzwvZv","expanded_url":"https://twitter.com/livedoornews/status/887829570186903552/photo/1","type":"photo","sizes":{"medium":{"w":480,"h":639,"resize":"fit"},"thumb":{"w":150,"h":150,"resize":"crop"},"large":{"w":480,"h":639,"resize":"fit"},"small":{"w":480,"h":639,"resize":"fit"}}}]},"extended_entities":{"media":[{"id":887828016830701600,"id_str":"887828016830701568","indices":[116,139],"media_url":"http://pbs.twimg.com/media/DFIy4JzVYAA0QxZ.jpg","media_url_https":"https://pbs.twimg.com/media/DFIy4JzVYAA0QxZ.jpg","url":"https://t.co/KACYbzwvZv","display_url":"pic.twitter.com/KACYbzwvZv","expanded_url":"https://twitter.com/livedoornews/status/887829570186903552/photo/1","type":"photo","sizes":{"medium":{"w":480,"h":639,"resize":"fit"},"thumb":{"w":150,"h":150,"resize":"crop"},"large":{"w":480,"h":639,"resize":"fit"},"small":{"w":480,"h":639,"resize":"fit"}}},{"id":887828032114671600,"id_str":"887828032114671616","indices":[116,139],"media_url":"http://pbs.twimg.com/media/DFIy5CvUQAAUMDI.jpg","media_url_https":"https://pbs.twimg.com/media/DFIy5CvUQAAUMDI.jpg","url":"https://t.co/KACYbzwvZv","display_url":"pic.twitter.com/KACYbzwvZv","expanded_url":"https://twitter.com/livedoornews/status/887829570186903552/photo/1","type":"photo","sizes":{"small":{"w":639,"h":479,"resize":"fit"},"large":{"w":639,"h":479,"resize":"fit"},"medium":{"w":639,"h":479,"resize":"fit"},"thumb":{"w":150,"h":150,"resize":"crop"}}},{"id":887828053329551400,"id_str":"887828053329551362","indices":[116,139],"media_url":"http://pbs.twimg.com/media/DFIy6RxVoAIBmlY.jpg","media_url_https":"https://pbs.twimg.com/media/DFIy6RxVoAIBmlY.jpg","url":"https://t.co/KACYbzwvZv","display_url":"pic.twitter.com/KACYbzwvZv","expanded_url":"https://twitter.com/livedoornews/status/887829570186903552/photo/1","type":"photo","sizes":{"large":{"w":639,"h":480,"resize":"fit"},"small":{"w":639,"h":480,"resize":"fit"},"thumb":{"w":150,"h":150,"resize":"crop"},"medium":{"w":639,"h":480,"resize":"fit"}}},{"id":887828069838315500,"id_str":"887828069838315520","indices":[116,139],"media_url":"http://pbs.twimg.com/media/DFIy7PRVYAA7Y8l.jpg","media_url_https":"https://pbs.twimg.com/media/DFIy7PRVYAA7Y8l.jpg","url":"https://t.co/KACYbzwvZv","display_url":"pic.twitter.com/KACYbzwvZv","expanded_url":"https://twitter.com/livedoornews/status/887829570186903552/photo/1","type":"photo","sizes":{"small":{"w":639,"h":480,"resize":"fit"},"thumb":{"w":150,"h":150,"resize":"crop"},"large":{"w":639,"h":480,"resize":"fit"},"medium":{"w":639,"h":480,"resize":"fit"}}}]},"metadata":{"iso_language_code":"ja","result_type":"recent"},"source":"<a href=\"http://twitter.com\" rel=\"nofollow\">Twitter Web Client</a>","in_reply_to_status_id":null,"in_reply_to_status_id_str":null,"in_reply_to_user_id":null,"in_reply_to_user_id_str":null,"in_reply_to_screen_name":null,"user":{"id":17306975,"id_str":"17306975","name":"ライブドアニュース","screen_name":"livedoornews","location":"","description":"LINE →https://t.co/yhJO0o7Jns／FB → https://t.co/LHTCuyIEjr／インスタ／→https://t.co/SpmVgPtfCG","url":"http://t.co/Q4Bh3OCfgY","entities":{"url":{"urls":[{"url":"http://t.co/Q4Bh3OCfgY","expanded_url":"http://news.livedoor.com/","display_url":"news.livedoor.com","indices":[0,22]}]},"description":{"urls":[{"url":"https://t.co/yhJO0o7Jns","expanded_url":"http://goo.gl/upBgKP","display_url":"goo.gl/upBgKP","indices":[6,29]},{"url":"https://t.co/LHTCuyIEjr","expanded_url":"http://goo.gl/nDULhn","display_url":"goo.gl/nDULhn","indices":[35,58]},{"url":"https://t.co/SpmVgPtfCG","expanded_url":"http://goo.gl/cHGD9G","display_url":"goo.gl/cHGD9G","indices":[65,88]}]}},"protected":false,"followers_count":431122,"friends_count":88,"listed_count":6140,"created_at":"Tue Nov 11 09:56:31 +0000 2008","favourites_count":2608,"utc_offset":32400,"time_zone":"Tokyo","geo_enabled":false,"verified":true,"statuses_count":177096,"lang":"ja","contributors_enabled":false,"is_translator":false,"is_translation_enabled":false,"profile_background_color":"FFFFFF","profile_background_image_url":"http://pbs.twimg.com/profile_background_images/378800000085828060/4b07c1d868c917fb65a3d64a20904cd5.jpeg","profile_background_image_url_https":"https://pbs.twimg.com/profile_background_images/378800000085828060/4b07c1d868c917fb65a3d64a20904cd5.jpeg","profile_background_tile":false,"profile_image_url":"http://pbs.twimg.com/profile_images/875662964988166149/whdJTD2I_normal.jpg","profile_image_url_https":"https://pbs.twimg.com/profile_images/875662964988166149/whdJTD2I_normal.jpg","profile_link_color":"51ADD4","profile_sidebar_border_color":"FFFFFF","profile_sidebar_fill_color":"95E8EC","profile_text_color":"3C3940","profile_use_background_image":true,"has_extended_profile":false,"default_profile":false,"default_profile_image":false,"following":false,"follow_request_sent":false,"notifications":false,"translator_type":"none"},"geo":null,"coordinates":null,"place":null,"contributors":null,"is_quote_status":false,"retweet_count":548,"favorite_count":881,"favorited":false,"retweeted":false,"possibly_sensitive":false,"lang":"ja"},{"created_at":"Thu Jul 20 00:16:39 +0000 2017","id":887828564166328300,"id_str":"887828564166328320","text":"一人ダイナミックに略してる方がいますね・・・\nおはようございます https://t.co/Z1xmflCTvq","truncated":false,"entities":{"hashtags":[],"symbols":[],"user_mentions":[],"urls":[],"media":[{"id":887828557795176400,"id_str":"887828557795176448","indices":[33,56],"media_url":"http://pbs.twimg.com/media/DFIzXpDUMAAiVdn.jpg","media_url_https":"https://pbs.twimg.com/media/DFIzXpDUMAAiVdn.jpg","url":"https://t.co/Z1xmflCTvq","display_url":"pic.twitter.com/Z1xmflCTvq","expanded_url":"https://twitter.com/de_detaawwwww/status/887828564166328320/photo/1","type":"photo","sizes":{"large":{"w":640,"h":904,"resize":"fit"},"medium":{"w":640,"h":904,"resize":"fit"},"thumb":{"w":150,"h":150,"resize":"crop"},"small":{"w":481,"h":680,"resize":"fit"}}}]},"extended_entities":{"media":[{"id":887828557795176400,"id_str":"887828557795176448","indices":[33,56],"media_url":"http://pbs.twimg.com/media/DFIzXpDUMAAiVdn.jpg","media_url_https":"https://pbs.twimg.com/media/DFIzXpDUMAAiVdn.jpg","url":"https://t.co/Z1xmflCTvq","display_url":"pic.twitter.com/Z1xmflCTvq","expanded_url":"https://twitter.com/de_detaawwwww/status/887828564166328320/photo/1","type":"photo","sizes":{"large":{"w":640,"h":904,"resize":"fit"},"medium":{"w":640,"h":904,"resize":"fit"},"thumb":{"w":150,"h":150,"resize":"crop"},"small":{"w":481,"h":680,"resize":"fit"}}},{"id":887828557833031700,"id_str":"887828557833031680","indices":[33,56],"media_url":"http://pbs.twimg.com/media/DFIzXpMV0AA9nXt.jpg","media_url_https":"https://pbs.twimg.com/media/DFIzXpMV0AA9nXt.jpg","url":"https://t.co/Z1xmflCTvq","display_url":"pic.twitter.com/Z1xmflCTvq","expanded_url":"https://twitter.com/de_detaawwwww/status/887828564166328320/photo/1","type":"photo","sizes":{"large":{"w":640,"h":912,"resize":"fit"},"medium":{"w":640,"h":912,"resize":"fit"},"small":{"w":477,"h":680,"resize":"fit"},"thumb":{"w":150,"h":150,"resize":"crop"}}},{"id":887828557828833300,"id_str":"887828557828833280","indices":[33,56],"media_url":"http://pbs.twimg.com/media/DFIzXpLVwAAXfx2.jpg","media_url_https":"https://pbs.twimg.com/media/DFIzXpLVwAAXfx2.jpg","url":"https://t.co/Z1xmflCTvq","display_url":"pic.twitter.com/Z1xmflCTvq","expanded_url":"https://twitter.com/de_detaawwwww/status/887828564166328320/photo/1","type":"photo","sizes":{"large":{"w":640,"h":904,"resize":"fit"},"medium":{"w":640,"h":904,"resize":"fit"},"thumb":{"w":150,"h":150,"resize":"crop"},"small":{"w":481,"h":680,"resize":"fit"}}},{"id":887828559221227500,"id_str":"887828559221227520","indices":[33,56],"media_url":"http://pbs.twimg.com/media/DFIzXuXUAAAGObg.jpg","media_url_https":"https://pbs.twimg.com/media/DFIzXuXUAAAGObg.jpg","url":"https://t.co/Z1xmflCTvq","display_url":"pic.twitter.com/Z1xmflCTvq","expanded_url":"https://twitter.com/de_detaawwwww/status/887828564166328320/photo/1","type":"photo","sizes":{"large":{"w":640,"h":904,"resize":"fit"},"medium":{"w":640,"h":904,"resize":"fit"},"thumb":{"w":150,"h":150,"resize":"crop"},"small":{"w":481,"h":680,"resize":"fit"}}}]},"metadata":{"iso_language_code":"ja","result_type":"recent"},"source":"<a href=\"http://twitter.com/download/iphone\" rel=\"nofollow\">Twitter for iPhone</a>","in_reply_to_status_id":null,"in_reply_to_status_id_str":null,"in_reply_to_user_id":null,"in_reply_to_user_id_str":null,"in_reply_to_screen_name":null,"user":{"id":595383148,"id_str":"595383148","name":"奴bot","screen_name":"de_detaawwwww","location":"本物です","description":"生活はできそう それはまだ (LINEスタンプ→https://t.co/MfWaUKkmJN) (その他→https://t.co/qYZx8LNf8J) こちらもどうぞ→@chihara_lyrics","url":"https://t.co/MnDZDKXSQl","entities":{"url":{"urls":[{"url":"https://t.co/MnDZDKXSQl","expanded_url":"http://twpf.jp/de_detaawwwww","display_url":"twpf.jp/de_detaawwwww","indices":[0,23]}]},"description":{"urls":[{"url":"https://t.co/MfWaUKkmJN","expanded_url":"http://line.me/S/sticker/1208244","display_url":"line.me/S/sticker/1208…","indices":[24,47]},{"url":"https://t.co/qYZx8LNf8J","expanded_url":"http://suzuri.jp/Yakko_Nakano","display_url":"suzuri.jp/Yakko_Nakano","indices":[54,77]}]}},"protected":false,"followers_count":445156,"friends_count":41742,"listed_count":2892,"created_at":"Thu May 31 10:43:02 +0000 2012","favourites_count":0,"utc_offset":28800,"time_zone":"Irkutsk","geo_enabled":false,"verified":false,"statuses_count":49261,"lang":"ja","contributors_enabled":false,"is_translator":false,"is_translation_enabled":false,"profile_background_color":"C0DEED","profile_background_image_url":"http://pbs.twimg.com/profile_background_images/566655568/wcgegrvo1od9huthxn93.jpeg","profile_background_image_url_https":"https://pbs.twimg.com/profile_background_images/566655568/wcgegrvo1od9huthxn93.jpeg","profile_background_tile":true,"profile_image_url":"http://pbs.twimg.com/profile_images/886391808481083392/WmEou3Ur_normal.jpg","profile_image_url_https":"https://pbs.twimg.com/profile_images/886391808481083392/WmEou3Ur_normal.jpg","profile_banner_url":"https://pbs.twimg.com/profile_banners/595383148/1490372269","profile_link_color":"0084B4","profile_sidebar_border_color":"C0DEED","profile_sidebar_fill_color":"DDEEF6","profile_text_color":"333333","profile_use_background_image":true,"has_extended_profile":false,"default_profile":false,"default_profile_image":false,"following":false,"follow_request_sent":false,"notifications":false,"translator_type":"none"},"geo":null,"coordinates":null,"place":null,"contributors":null,"is_quote_status":false,"retweet_count":490,"favorite_count":1247,"favorited":false,"retweeted":false,"possibly_sensitive":false,"lang":"ja"},{"created_at":"Thu Jul 20 00:16:05 +0000 2017","id":887828423908794400,"id_str":"887828423908794368","text":"20日9時11分頃、宮城県・福島県で最大震度4を観測する地震がありました。震源地は福島県沖、M5.6。この地震による津波の心配はありません。 https://t.co/oQNnnwDKTW #jishin","truncated":false,"entities":{"hashtags":[{"text":"jishin","indices":[95,102]}],"symbols":[],"user_mentions":[],"urls":[{"url":"https://t.co/oQNnnwDKTW","expanded_url":"http://www.tenki.jp/bousai/earthquake/detail-20170720091136.html","display_url":"tenki.jp/bousai/earthqu…","indices":[71,94]}]},"metadata":{"iso_language_code":"ja","result_type":"recent"},"source":"<a href=\"http://www.tenki.jp/\" rel=\"nofollow\">tenki.jp</a>","in_reply_to_status_id":null,"in_reply_to_status_id_str":null,"in_reply_to_user_id":null,"in_reply_to_user_id_str":null,"in_reply_to_screen_name":null,"user":{"id":599969854,"id_str":"599969854","name":"tenki.jp地震情報","screen_name":"tenkijp_jishin","location":"","description":"日本気象協会tenki.jpの公式アカウント\n地震情報を速報でお伝えします。\nPC：http://t.co/PymoP2yoF1\nスマホ：http://t.co/MDL5S19ixF","url":"http://t.co/82IKicrHss","entities":{"url":{"urls":[{"url":"http://t.co/82IKicrHss","expanded_url":"http://www.tenki.jp/bousai/earthquake/","display_url":"tenki.jp/bousai/earthqu…","indices":[0,22]}]},"description":{"urls":[{"url":"http://t.co/PymoP2yoF1","expanded_url":"http://www.tenki.jp/bousai/earthquake/","display_url":"tenki.jp/bousai/earthqu…","indices":[42,64]},{"url":"http://t.co/MDL5S19ixF","expanded_url":"http://www.tenki.jp/lite/bousai/earthquake/","display_url":"tenki.jp/lite/bousai/ea…","indices":[69,91]}]}},"protected":false,"followers_count":1498114,"friends_count":160,"listed_count":25159,"created_at":"Tue Jun 05 09:19:53 +0000 2012","favourites_count":0,"utc_offset":28800,"time_zone":"Irkutsk","geo_enabled":false,"verified":true,"statuses_count":13984,"lang":"ja","contributors_enabled":false,"is_translator":false,"is_translation_enabled":false,"profile_background_color":"ECECEC","profile_background_image_url":"http://pbs.twimg.com/profile_background_images/572464099/kwb1tjfmjxceo6pkaryi.png","profile_background_image_url_https":"https://pbs.twimg.com/profile_background_images/572464099/kwb1tjfmjxceo6pkaryi.png","profile_background_tile":false,"profile_image_url":"http://pbs.twimg.com/profile_images/489964377273933825/ZP2ATLMQ_normal.png","profile_image_url_https":"https://pbs.twimg.com/profile_images/489964377273933825/ZP2ATLMQ_normal.png","profile_link_color":"0084B4","profile_sidebar_border_color":"C0DEED","profile_sidebar_fill_color":"DDEEF6","profile_text_color":"333333","profile_use_background_image":true,"has_extended_profile":false,"default_profile":false,"default_profile_image":false,"following":false,"follow_request_sent":false,"notifications":false,"translator_type":"none"},"geo":null,"coordinates":null,"place":null,"contributors":null,"is_quote_status":false,"retweet_count":529,"favorite_count":145,"favorited":false,"retweeted":false,"possibly_sensitive":false,"lang":"ja"},{"created_at":"Thu Jul 20 00:14:29 +0000 2017","id":887828021045940200,"id_str":"887828021045940224","text":"【気象庁速報】20日　09時11分頃　最大震度4の地震が発生。( https://t.co/TV52aAYuLD ) 震度4：宮城県中部他/震度3：宮城県北部他 #saigai #jishin #earthquake","truncated":false,"entities":{"hashtags":[{"text":"saigai","indices":[81,88]},{"text":"jishin","indices":[89,96]},{"text":"earthquake","indices":[97,108]}],"symbols":[],"user_mentions":[],"urls":[{"url":"https://t.co/TV52aAYuLD","expanded_url":"http://j.mp/2vEmcUH","display_url":"j.mp/2vEmcUH","indices":[33,56]}]},"metadata":{"iso_language_code":"ja","result_type":"recent"},"source":"<a href=\"http://labs.transrain.net/products/earthquake_jp/\" rel=\"nofollow\">日本の地下</a>","in_reply_to_status_id":null,"in_reply_to_status_id_str":null,"in_reply_to_user_id":null,"in_reply_to_user_id_str":null,"in_reply_to_screen_name":null,"user":{"id":4104111,"id_str":"4104111","name":"地震速報","screen_name":"earthquake_jp","location":"","description":"[BOT]警戒：震度1以上 もしくは M3以上の地震情報を提供しています。\n\n基本的に返事は行いません。問い合わせは@ariela もしくはyuki at http://t.co/4GuGRNrcx8にどうぞ。\n\n非公式RTを繰り返すBOTはブロックします。","url":"http://earthquake.transrain.net/","entities":{"url":{"urls":[{"url":"http://earthquake.transrain.net/","expanded_url":null,"indices":[0,32]}]},"description":{"urls":[{"url":"http://t.co/4GuGRNrcx8","expanded_url":"http://transrain.net","display_url":"transrain.net","indices":[78,100]}]}},"protected":false,"followers_count":2632233,"friends_count":5,"listed_count":46884,"created_at":"Wed Apr 11 01:33:52 +0000 2007","favourites_count":1,"utc_offset":32400,"time_zone":"Osaka","geo_enabled":true,"verified":false,"statuses_count":41656,"lang":"ja","contributors_enabled":false,"is_translator":false,"is_translation_enabled":false,"profile_background_color":"1A1B1F","profile_background_image_url":"http://abs.twimg.com/images/themes/theme9/bg.gif","profile_background_image_url_https":"https://abs.twimg.com/images/themes/theme9/bg.gif","profile_background_tile":false,"profile_image_url":"http://pbs.twimg.com/profile_images/368358807/eqjp_normal.png","profile_image_url_https":"https://pbs.twimg.com/profile_images/368358807/eqjp_normal.png","profile_link_color":"2FC2EF","profile_sidebar_border_color":"181A1E","profile_sidebar_fill_color":"252429","profile_text_color":"666666","profile_use_background_image":true,"has_extended_profile":false,"default_profile":false,"default_profile_image":false,"following":false,"follow_request_sent":false,"notifications":false,"translator_type":"none"},"geo":null,"coordinates":null,"place":null,"contributors":null,"is_quote_status":false,"retweet_count":1172,"favorite_count":282,"favorited":false,"retweeted":false,"possibly_sensitive":false,"lang":"ja"},{"created_at":"Thu Jul 20 00:14:08 +0000 2017","id":887827932650979300,"id_str":"887827932650979328","text":"20日9時11分頃、宮城県・福島県などで最大震度4を観測する地震がありました。今後の情報にご注意下さい。 https://t.co/oQNnnwDKTW #jishin","truncated":false,"entities":{"hashtags":[{"text":"jishin","indices":[77,84]}],"symbols":[],"user_mentions":[],"urls":[{"url":"https://t.co/oQNnnwDKTW","expanded_url":"http://www.tenki.jp/bousai/earthquake/detail-20170720091136.html","display_url":"tenki.jp/bousai/earthqu…","indices":[53,76]}]},"metadata":{"iso_language_code":"ja","result_type":"recent"},"source":"<a href=\"http://www.tenki.jp/\" rel=\"nofollow\">tenki.jp</a>","in_reply_to_status_id":null,"in_reply_to_status_id_str":null,"in_reply_to_user_id":null,"in_reply_to_user_id_str":null,"in_reply_to_screen_name":null,"user":{"id":599969854,"id_str":"599969854","name":"tenki.jp地震情報","screen_name":"tenkijp_jishin","location":"","description":"日本気象協会tenki.jpの公式アカウント\n地震情報を速報でお伝えします。\nPC：http://t.co/PymoP2yoF1\nスマホ：http://t.co/MDL5S19ixF","url":"http://t.co/82IKicrHss","entities":{"url":{"urls":[{"url":"http://t.co/82IKicrHss","expanded_url":"http://www.tenki.jp/bousai/earthquake/","display_url":"tenki.jp/bousai/earthqu…","indices":[0,22]}]},"description":{"urls":[{"url":"http://t.co/PymoP2yoF1","expanded_url":"http://www.tenki.jp/bousai/earthquake/","display_url":"tenki.jp/bousai/earthqu…","indices":[42,64]},{"url":"http://t.co/MDL5S19ixF","expanded_url":"http://www.tenki.jp/lite/bousai/earthquake/","display_url":"tenki.jp/lite/bousai/ea…","indices":[69,91]}]}},"protected":false,"followers_count":1498114,"friends_count":160,"listed_count":25159,"created_at":"Tue Jun 05 09:19:53 +0000 2012","favourites_count":0,"utc_offset":28800,"time_zone":"Irkutsk","geo_enabled":false,"verified":true,"statuses_count":13984,"lang":"ja","contributors_enabled":false,"is_translator":false,"is_translation_enabled":false,"profile_background_color":"ECECEC","profile_background_image_url":"http://pbs.twimg.com/profile_background_images/572464099/kwb1tjfmjxceo6pkaryi.png","profile_background_image_url_https":"https://pbs.twimg.com/profile_background_images/572464099/kwb1tjfmjxceo6pkaryi.png","profile_background_tile":false,"profile_image_url":"http://pbs.twimg.com/profile_images/489964377273933825/ZP2ATLMQ_normal.png","profile_image_url_https":"https://pbs.twimg.com/profile_images/489964377273933825/ZP2ATLMQ_normal.png","profile_link_color":"0084B4","profile_sidebar_border_color":"C0DEED","profile_sidebar_fill_color":"DDEEF6","profile_text_color":"333333","profile_use_background_image":true,"has_extended_profile":false,"default_profile":false,"default_profile_image":false,"following":false,"follow_request_sent":false,"notifications":false,"translator_type":"none"},"geo":null,"coordinates":null,"place":null,"contributors":null,"is_quote_status":false,"retweet_count":803,"favorite_count":178,"favorited":false,"retweeted":false,"possibly_sensitive":false,"lang":"ja"},{"created_at":"Thu Jul 20 00:13:11 +0000 2017","id":887827693160415200,"id_str":"887827693160415232","text":"09時11分頃、地震がありました。\n\n［震度４］宮城中部、福島浜通り\n［震度３］宮城北部、宮城南部、福島中通り、会津、茨城北部、茨城南部","truncated":false,"entities":{"hashtags":[],"symbols":[],"user_mentions":[],"urls":[]},"metadata":{"iso_language_code":"ja","result_type":"recent"},"source":"<a href=\"http://news.livedoor.com/\" rel=\"nofollow\">ライブドアニュース（livedoorニュース）</a>","in_reply_to_status_id":null,"in_reply_to_status_id_str":null,"in_reply_to_user_id":null,"in_reply_to_user_id_str":null,"in_reply_to_screen_name":null,"user":{"id":17306975,"id_str":"17306975","name":"ライブドアニュース","screen_name":"livedoornews","location":"","description":"LINE →https://t.co/yhJO0o7Jns／FB → https://t.co/LHTCuyIEjr／インスタ／→https://t.co/SpmVgPtfCG","url":"http://t.co/Q4Bh3OCfgY","entities":{"url":{"urls":[{"url":"http://t.co/Q4Bh3OCfgY","expanded_url":"http://news.livedoor.com/","display_url":"news.livedoor.com","indices":[0,22]}]},"description":{"urls":[{"url":"https://t.co/yhJO0o7Jns","expanded_url":"http://goo.gl/upBgKP","display_url":"goo.gl/upBgKP","indices":[6,29]},{"url":"https://t.co/LHTCuyIEjr","expanded_url":"http://goo.gl/nDULhn","display_url":"goo.gl/nDULhn","indices":[35,58]},{"url":"https://t.co/SpmVgPtfCG","expanded_url":"http://goo.gl/cHGD9G","display_url":"goo.gl/cHGD9G","indices":[65,88]}]}},"protected":false,"followers_count":431122,"friends_count":88,"listed_count":6140,"created_at":"Tue Nov 11 09:56:31 +0000 2008","favourites_count":2608,"utc_offset":32400,"time_zone":"Tokyo","geo_enabled":false,"verified":true,"statuses_count":177096,"lang":"ja","contributors_enabled":false,"is_translator":false,"is_translation_enabled":false,"profile_background_color":"FFFFFF","profile_background_image_url":"http://pbs.twimg.com/profile_background_images/378800000085828060/4b07c1d868c917fb65a3d64a20904cd5.jpeg","profile_background_image_url_https":"https://pbs.twimg.com/profile_background_images/378800000085828060/4b07c1d868c917fb65a3d64a20904cd5.jpeg","profile_background_tile":false,"profile_image_url":"http://pbs.twimg.com/profile_images/875662964988166149/whdJTD2I_normal.jpg","profile_image_url_https":"https://pbs.twimg.com/profile_images/875662964988166149/whdJTD2I_normal.jpg","profile_link_color":"51ADD4","profile_sidebar_border_color":"FFFFFF","profile_sidebar_fill_color":"95E8EC","profile_text_color":"3C3940","profile_use_background_image":true,"has_extended_profile":false,"default_profile":false,"default_profile_image":false,"following":false,"follow_request_sent":false,"notifications":false,"translator_type":"none"},"geo":null,"coordinates":null,"place":null,"contributors":null,"is_quote_status":false,"retweet_count":599,"favorite_count":210,"favorited":false,"retweeted":false,"lang":"ja"},{"created_at":"Thu Jul 20 00:11:44 +0000 2017","id":887827327295541200,"id_str":"887827327295541249","text":"【速報LV1】20日　09時11分頃　福島県沖（N37.3/E141.6）(推定)にて　M5.3（推定）の地震が発生。　震源の深さは推定47.3km。( https://t.co/sGgEvk5mmd ) #saigai #jishin #earthquake","truncated":false,"entities":{"hashtags":[{"text":"saigai","indices":[103,110]},{"text":"jishin","indices":[111,118]},{"text":"earthquake","indices":[119,130]}],"symbols":[],"user_mentions":[],"urls":[{"url":"https://t.co/sGgEvk5mmd","expanded_url":"http://j.mp/2vDX4gQ","display_url":"j.mp/2vDX4gQ","indices":[77,100]}]},"metadata":{"iso_language_code":"ja","result_type":"recent"},"source":"<a href=\"http://labs.transrain.net/products/earthquake_jp/\" rel=\"nofollow\">日本の地下</a>","in_reply_to_status_id":null,"in_reply_to_status_id_str":null,"in_reply_to_user_id":null,"in_reply_to_user_id_str":null,"in_reply_to_screen_name":null,"user":{"id":4104111,"id_str":"4104111","name":"地震速報","screen_name":"earthquake_jp","location":"","description":"[BOT]警戒：震度1以上 もしくは M3以上の地震情報を提供しています。\n\n基本的に返事は行いません。問い合わせは@ariela もしくはyuki at http://t.co/4GuGRNrcx8にどうぞ。\n\n非公式RTを繰り返すBOTはブロックします。","url":"http://earthquake.transrain.net/","entities":{"url":{"urls":[{"url":"http://earthquake.transrain.net/","expanded_url":null,"indices":[0,32]}]},"description":{"urls":[{"url":"http://t.co/4GuGRNrcx8","expanded_url":"http://transrain.net","display_url":"transrain.net","indices":[78,100]}]}},"protected":false,"followers_count":2632233,"friends_count":5,"listed_count":46884,"created_at":"Wed Apr 11 01:33:52 +0000 2007","favourites_count":1,"utc_offset":32400,"time_zone":"Osaka","geo_enabled":true,"verified":false,"statuses_count":41656,"lang":"ja","contributors_enabled":false,"is_translator":false,"is_translation_enabled":false,"profile_background_color":"1A1B1F","profile_background_image_url":"http://abs.twimg.com/images/themes/theme9/bg.gif","profile_background_image_url_https":"https://abs.twimg.com/images/themes/theme9/bg.gif","profile_background_tile":false,"profile_image_url":"http://pbs.twimg.com/profile_images/368358807/eqjp_normal.png","profile_image_url_https":"https://pbs.twimg.com/profile_images/368358807/eqjp_normal.png","profile_link_color":"2FC2EF","profile_sidebar_border_color":"181A1E","profile_sidebar_fill_color":"252429","profile_text_color":"666666","profile_use_background_image":true,"has_extended_profile":false,"default_profile":false,"default_profile_image":false,"following":false,"follow_request_sent":false,"notifications":false,"translator_type":"none"},"geo":{"type":"Point","coordinates":[37.3,141.6]},"coordinates":{"type":"Point","coordinates":[141.6,37.3]},"place":null,"contributors":null,"is_quote_status":false,"retweet_count":2045,"favorite_count":536,"favorited":false,"retweeted":false,"possibly_sensitive":false,"lang":"ja"},{"created_at":"Thu Jul 20 00:04:21 +0000 2017","id":887825469793460200,"id_str":"887825469793460224","text":"混沌を越えし我らが神聖なる調律主を讃えよ\n\n無理です、怒槌なんて比じゃ無い https://t.co/Dv6CLBlNgh","truncated":false,"entities":{"hashtags":[],"symbols":[],"user_mentions":[],"urls":[],"media":[{"id":887824392176017400,"id_str":"887824392176017408","indices":[38,61],"media_url":"http://pbs.twimg.com/ext_tw_video_thumb/887824392176017408/pu/img/hespFfeXll-VBOV1.jpg","media_url_https":"https://pbs.twimg.com/ext_tw_video_thumb/887824392176017408/pu/img/hespFfeXll-VBOV1.jpg","url":"https://t.co/Dv6CLBlNgh","display_url":"pic.twitter.com/Dv6CLBlNgh","expanded_url":"https://twitter.com/seava_tmg/status/887825469793460224/video/1","type":"photo","sizes":{"small":{"w":340,"h":191,"resize":"fit"},"thumb":{"w":150,"h":150,"resize":"crop"},"medium":{"w":600,"h":338,"resize":"fit"},"large":{"w":1024,"h":576,"resize":"fit"}}}]},"extended_entities":{"media":[{"id":887824392176017400,"id_str":"887824392176017408","indices":[38,61],"media_url":"http://pbs.twimg.com/ext_tw_video_thumb/887824392176017408/pu/img/hespFfeXll-VBOV1.jpg","media_url_https":"https://pbs.twimg.com/ext_tw_video_thumb/887824392176017408/pu/img/hespFfeXll-VBOV1.jpg","url":"https://t.co/Dv6CLBlNgh","display_url":"pic.twitter.com/Dv6CLBlNgh","expanded_url":"https://twitter.com/seava_tmg/status/887825469793460224/video/1","type":"video","sizes":{"small":{"w":340,"h":191,"resize":"fit"},"thumb":{"w":150,"h":150,"resize":"crop"},"medium":{"w":600,"h":338,"resize":"fit"},"large":{"w":1024,"h":576,"resize":"fit"}},"video_info":{"aspect_ratio":[16,9],"duration_millis":140013,"variants":[{"bitrate":2176000,"content_type":"video/mp4","url":"https://video.twimg.com/ext_tw_video/887824392176017408/pu/vid/1280x720/fcT9Ff4m-qHqQkZT.mp4"},{"content_type":"application/x-mpegURL","url":"https://video.twimg.com/ext_tw_video/887824392176017408/pu/pl/w2a0ZsAIY8Vtszve.m3u8"},{"bitrate":832000,"content_type":"video/mp4","url":"https://video.twimg.com/ext_tw_video/887824392176017408/pu/vid/640x360/GKmN3koYcTjQpdl0.mp4"},{"bitrate":320000,"content_type":"video/mp4","url":"https://video.twimg.com/ext_tw_video/887824392176017408/pu/vid/320x180/qtrmUmfiYtPuOOnE.mp4"}]},"additional_media_info":{"monetizable":false}}]},"metadata":{"iso_language_code":"ja","result_type":"recent"},"source":"<a href=\"http://twitter.com/download/iphone\" rel=\"nofollow\">Twitter for iPhone</a>","in_reply_to_status_id":null,"in_reply_to_status_id_str":null,"in_reply_to_user_id":null,"in_reply_to_user_id_str":null,"in_reply_to_screen_name":null,"user":{"id":3281261971,"id_str":"3281261971","name":"椎葉紬(CV:さぶ)","screen_name":"seava_tmg","location":"紬ちゃんの隣","description":"ウニ全鳥/MAX15.68/紫AJ340/SV,*UMR,HJ,etc…/フリ素/ゴミ箱シュート全1/じゃがりこ下手/クソレビュー/他のも色々やってます/詳しくはhttps://t.co/CDuwASXJj3へ/アイコン:@KonaRune_","url":"https://t.co/CDuwASXJj3","entities":{"url":{"urls":[{"url":"https://t.co/CDuwASXJj3","expanded_url":"http://twpf.jp/seava_tmg","display_url":"twpf.jp/seava_tmg","indices":[0,23]}]},"description":{"urls":[{"url":"https://t.co/CDuwASXJj3","expanded_url":"http://twpf.jp/seava_tmg","display_url":"twpf.jp/seava_tmg","indices":[81,104]}]}},"protected":false,"followers_count":1430,"friends_count":1303,"listed_count":38,"created_at":"Thu Jul 16 03:52:50 +0000 2015","favourites_count":17459,"utc_offset":32400,"time_zone":"Osaka","geo_enabled":true,"verified":false,"statuses_count":88090,"lang":"ja","contributors_enabled":false,"is_translator":false,"is_translation_enabled":false,"profile_background_color":"000000","profile_background_image_url":"http://abs.twimg.com/images/themes/theme1/bg.png","profile_background_image_url_https":"https://abs.twimg.com/images/themes/theme1/bg.png","profile_background_tile":false,"profile_image_url":"http://pbs.twimg.com/profile_images/866310496940470272/7-6QZr7N_normal.jpg","profile_image_url_https":"https://pbs.twimg.com/profile_images/866310496940470272/7-6QZr7N_normal.jpg","profile_banner_url":"https://pbs.twimg.com/profile_banners/3281261971/1479133764","profile_link_color":"19CF86","profile_sidebar_border_color":"000000","profile_sidebar_fill_color":"000000","profile_text_color":"000000","profile_use_background_image":false,"has_extended_profile":true,"default_profile":false,"default_profile_image":false,"following":false,"follow_request_sent":false,"notifications":false,"translator_type":"none"},"geo":null,"coordinates":null,"place":null,"contributors":null,"is_quote_status":false,"retweet_count":887,"favorite_count":509,"favorited":false,"retweeted":false,"possibly_sensitive":false,"lang":"ja"},{"created_at":"Thu Jul 20 00:01:04 +0000 2017","id":887824643825877000,"id_str":"887824643825876992","text":"With amazing band members! 素敵なバンドメンバーと！\n#Toshl @SUGIZOofficial  #XJAPAN  #WeAeX https://t.co/JbDnlYapPn https://t.co/1FNvMgewQT","truncated":false,"entities":{"hashtags":[{"text":"Toshl","indices":[40,46]},{"text":"XJAPAN","indices":[64,71]},{"text":"WeAeX","indices":[73,79]}],"symbols":[],"user_mentions":[{"screen_name":"SUGIZOofficial","name":"SUGIZO","id":210419552,"id_str":"210419552","indices":[47,62]}],"urls":[{"url":"https://t.co/JbDnlYapPn","expanded_url":"https://www.instagram.com/p/BWv0_DuAdvK/?taken-by=yoshikiofficial&hl=en","display_url":"instagram.com/p/BWv0_DuAdvK/…","indices":[80,103]}],"media":[{"id":887824070145749000,"id_str":"887824070145748992","indices":[104,127],"media_url":"http://pbs.twimg.com/media/DFIvSbQUMAAed4_.jpg","media_url_https":"https://pbs.twimg.com/media/DFIvSbQUMAAed4_.jpg","url":"https://t.co/1FNvMgewQT","display_url":"pic.twitter.com/1FNvMgewQT","expanded_url":"https://twitter.com/YoshikiOfficial/status/887824643825876992/photo/1","type":"photo","sizes":{"medium":{"w":1200,"h":900,"resize":"fit"},"thumb":{"w":150,"h":150,"resize":"crop"},"small":{"w":680,"h":510,"resize":"fit"},"large":{"w":1280,"h":960,"resize":"fit"}}}]},"extended_entities":{"media":[{"id":887824070145749000,"id_str":"887824070145748992","indices":[104,127],"media_url":"http://pbs.twimg.com/media/DFIvSbQUMAAed4_.jpg","media_url_https":"https://pbs.twimg.com/media/DFIvSbQUMAAed4_.jpg","url":"https://t.co/1FNvMgewQT","display_url":"pic.twitter.com/1FNvMgewQT","expanded_url":"https://twitter.com/YoshikiOfficial/status/887824643825876992/photo/1","type":"photo","sizes":{"medium":{"w":1200,"h":900,"resize":"fit"},"thumb":{"w":150,"h":150,"resize":"crop"},"small":{"w":680,"h":510,"resize":"fit"},"large":{"w":1280,"h":960,"resize":"fit"}}}]},"metadata":{"iso_language_code":"ja","result_type":"recent"},"source":"<a href=\"http://twitter.com\" rel=\"nofollow\">Twitter Web Client</a>","in_reply_to_status_id":null,"in_reply_to_status_id_str":null,"in_reply_to_user_id":null,"in_reply_to_user_id_str":null,"in_reply_to_screen_name":null,"user":{"id":164043817,"id_str":"164043817","name":"Yoshiki","screen_name":"YoshikiOfficial","location":"","description":"https://t.co/QSqfCRyu5g  http://t.co/pQZgE8uKfX http://t.co/LUAhh9Fgco http://t.co/Axud1Mli7i http://t.co/ic5HnillVa\nhttps://t.co/UnyogYSvX7","url":"http://t.co/iFZEEApVK1","entities":{"url":{"urls":[{"url":"http://t.co/iFZEEApVK1","expanded_url":"http://www.yoshiki.net","display_url":"yoshiki.net","indices":[0,22]}]},"description":{"urls":[{"url":"https://t.co/QSqfCRyu5g","expanded_url":"https://www.instagram.com/yoshikiofficial/","display_url":"instagram.com/yoshikiofficia…","indices":[0,23]},{"url":"http://t.co/pQZgE8uKfX","expanded_url":"http://facebook.com/YoshikiOfficial","display_url":"facebook.com/YoshikiOfficial","indices":[25,47]},{"url":"http://t.co/LUAhh9Fgco","expanded_url":"http://youtube.com/yoshikiofficial","display_url":"youtube.com/yoshikiofficial","indices":[48,70]},{"url":"http://t.co/Axud1Mli7i","expanded_url":"http://google.com/+yoshiki","display_url":"google.com/+yoshiki","indices":[71,93]},{"url":"http://t.co/ic5HnillVa","expanded_url":"http://weibo.com/yoshikixjapan","display_url":"weibo.com/yoshikixjapan","indices":[94,116]},{"url":"https://t.co/UnyogYSvX7","expanded_url":"http://yoshikiofficial.tumblr.com/","display_url":"yoshikiofficial.tumblr.com","indices":[117,140]}]}},"protected":false,"followers_count":447676,"friends_count":15836,"listed_count":6376,"created_at":"Wed Jul 07 22:30:26 +0000 2010","favourites_count":48,"utc_offset":-25200,"time_zone":"Pacific Time (US & Canada)","geo_enabled":false,"verified":true,"statuses_count":9146,"lang":"en","contributors_enabled":false,"is_translator":false,"is_translation_enabled":false,"profile_background_color":"C0DEED","profile_background_image_url":"http://abs.twimg.com/images/themes/theme1/bg.png","profile_background_image_url_https":"https://abs.twimg.com/images/themes/theme1/bg.png","profile_background_tile":false,"profile_image_url":"http://pbs.twimg.com/profile_images/776051365705461760/NNMQYb5v_normal.jpg","profile_image_url_https":"https://pbs.twimg.com/profile_images/776051365705461760/NNMQYb5v_normal.jpg","profile_banner_url":"https://pbs.twimg.com/profile_banners/164043817/1488892551","profile_link_color":"1DA1F2","profile_sidebar_border_color":"C0DEED","profile_sidebar_fill_color":"DDEEF6","profile_text_color":"333333","profile_use_background_image":true,"has_extended_profile":false,"default_profile":true,"default_profile_image":false,"following":false,"follow_request_sent":false,"notifications":false,"translator_type":"none"},"geo":null,"coordinates":null,"place":null,"contributors":null,"is_quote_status":false,"retweet_count":631,"favorite_count":1785,"favorited":false,"retweeted":false,"possibly_sensitive":false,"lang":"ja"}],"search_metadata":{"completed_in":0.19,"max_id":887831085639401500,"max_id_str":"887831085639401472","query":"lang%3Aja+min_retweets%3A500","refresh_url":"?since_id=887831085639401472&q=lang%3Aja%20min_retweets%3A500&include_entities=1","count":15,"since_id":0,"since_id_str":"0"}}