{"statuses":[{"created_at":"Thu Jul 20 16:13:09 +0000 2017","id":888069275268796400,"id_str":"888069275268796417","text":"おめでたい１日のスタートですね！\n今日はこれでもかっ！ってぐらい\n目白押しですが\n皆さんペース配分気を付けていきましょう！！笑\n\n23時にはみんなグッタリ…\nどころか\nグッスリ…zzz\n\nなんて嫌だよーーー！！！笑\n\n#祝キンキ20\n#LOVELOVEあいしてる","truncated":false,"entities":{"hashtags":[{"text":"祝キンキ20","indices":[109,116]},{"text":"LOVELOVEあいしてる","indices":[117,131]}],"symbols":[],"user_mentions":[],"urls":[]},"metadata":{"iso_language_code":"ja","result_type":"recent"},"source":"<a href=\"http://twitter.com\" rel=\"nofollow\">Twitter Web Client</a>","in_reply_to_status_id":null,"in_reply_to_status_id_str":null,"in_reply_to_user_id":null,"in_reply_to_user_id_str":null,"in_reply_to_screen_name":null,"user":{"id":264626613,"id_str":"264626613","name":"ハマサキアヤ","screen_name":"AYA_hmsk","location":"東京の湾岸地区","description":"7/21（金）「LOVE LOVE あいしてる」演出 ★ 普段は「FNS歌謡祭」「KinKi Kidsのブンブブーン」「ミュージックフェア」など。映像／音楽／アニメ／漫画／写真／旅／建築が好きです。今行きたいのはチベット・ネパール。最近登山にハマっています。","url":"https://t.co/mHjCXeDh66","entities":{"url":{"urls":[{"url":"https://t.co/mHjCXeDh66","expanded_url":"http://www.fujitv.co.jp/FNS/sp/index.html","display_url":"fujitv.co.jp/FNS/sp/index.h…","indices":[0,23]}]},"description":{"urls":[]}},"protected":false,"followers_count":18311,"friends_count":123,"listed_count":439,"created_at":"Sat Mar 12 05:58:14 +0000 2011","favourites_count":30,"utc_offset":32400,"time_zone":"Tokyo","geo_enabled":false,"verified":false,"statuses_count":4443,"lang":"ja","contributors_enabled":false,"is_translator":false,"is_translation_enabled":false,"profile_background_color":"DBE9ED","profile_background_image_url":"http://pbs.twimg.com/profile_background_images/701643460/84b48cbcf6f23804ab86c7e14e66befa.jpeg","profile_background_image_url_https":"https://pbs.twimg.com/profile_background_images/701643460/84b48cbcf6f23804ab86c7e14e66befa.jpeg","profile_background_tile":false,"profile_image_url":"http://pbs.twimg.com/profile_images/849270757016260608/iPlK3Odx_normal.jpg","profile_image_url_https":"https://pbs.twimg.com/profile_images/849270757016260608/iPlK3Odx_normal.jpg","profile_banner_url":"https://pbs.twimg.com/profile_banners/264626613/1492508569","profile_link_color":"CC3366","profile_sidebar_border_color":"FFFFFF","profile_sidebar_fill_color":"E6F6F9","profile_text_color":"333333","profile_use_background_image":true,"has_extended_profile":false,"default_profile":false,"default_profile_image":false,"following":false,"follow_request_sent":false,"notifications":false,"translator_type":"none"},"geo":null,"coordinates":null,"place":null,"contributors":null,"is_quote_status":false,"retweet_count":910,"favorite_count":727,"favorited":false,"retweeted":false,"lang":"ja"},{"created_at":"Thu Jul 20 16:11:31 +0000 2017","id":888068865418158100,"id_str":"888068865418158081","text":"🎉本日公開！\n怪盗グルーの #ミニオン大脱走\n\n🍌連続プレゼントキャンペーン中🍌\n🎁#ミニオン のぬいぐるみが当たる‼️\n\n応募は@UNITED_CINEMASをフォローして、この投稿をRT\n\n詳細… https://t.co/U4SqM5yZ4l","truncated":true,"entities":{"hashtags":[{"text":"ミニオン大脱走","indices":[14,22]},{"text":"ミニオン","indices":[42,47]}],"symbols":[],"user_mentions":[{"screen_name":"UNITED_CINEMAS","name":"ユナイテッド・シネマ公式","id":198949082,"id_str":"198949082","indices":[65,80]}],"urls":[{"url":"https://t.co/U4SqM5yZ4l","expanded_url":"https://twitter.com/i/web/status/888068865418158081","display_url":"twitter.com/i/web/status/8…","indices":[101,124]}]},"metadata":{"iso_language_code":"ja","result_type":"recent"},"source":"<a href=\"http://twitter.com\" rel=\"nofollow\">Twitter Web Client</a>","in_reply_to_status_id":null,"in_reply_to_status_id_str":null,"in_reply_to_user_id":null,"in_reply_to_user_id_str":null,"in_reply_to_screen_name":null,"user":{"id":198949082,"id_str":"198949082","name":"ユナイテッド・シネマ公式","screen_name":"UNITED_CINEMAS","location":"＊ユナイテッド・シネマ グループの映画館","description":"ユナイテッド・シネマの公式アカウントです。映画情報はもちろん、オススメのエンタメ賞品が当たるフォロー&RTキャンペーンも連続実施中！フォローしてね！#映画 #映画館 📽️🎬🍿","url":"http://t.co/ppFAfeHl8J","entities":{"url":{"urls":[{"url":"http://t.co/ppFAfeHl8J","expanded_url":"http://www.unitedcinemas.jp","display_url":"unitedcinemas.jp","indices":[0,22]}]},"description":{"urls":[]}},"protected":false,"followers_count":131076,"friends_count":20679,"listed_count":823,"created_at":"Tue Oct 05 17:09:05 +0000 2010","favourites_count":21,"utc_offset":32400,"time_zone":"Tokyo","geo_enabled":false,"verified":true,"statuses_count":2992,"lang":"ja","contributors_enabled":false,"is_translator":false,"is_translation_enabled":false,"profile_background_color":"ABB8C2","profile_background_image_url":"http://abs.twimg.com/images/themes/theme1/bg.png","profile_background_image_url_https":"https://abs.twimg.com/images/themes/theme1/bg.png","profile_background_tile":false,"profile_image_url":"http://pbs.twimg.com/profile_images/857443773231513600/PRdKnkLq_normal.jpg","profile_image_url_https":"https://pbs.twimg.com/profile_images/857443773231513600/PRdKnkLq_normal.jpg","profile_banner_url":"https://pbs.twimg.com/profile_banners/198949082/1498810521","profile_link_color":"3B94D9","profile_sidebar_border_color":"C0DEED","profile_sidebar_fill_color":"003249","profile_text_color":"9B9BA3","profile_use_background_image":false,"has_extended_profile":false,"default_profile":false,"default_profile_image":false,"following":false,"follow_request_sent":false,"notifications":false,"translator_type":"none"},"geo":null,"coordinates":null,"place":null,"contributors":null,"is_quote_status":false,"retweet_count":745,"favorite_count":128,"favorited":false,"retweeted":false,"possibly_sensitive":false,"lang":"ja"},{"created_at":"Thu Jul 20 16:08:12 +0000 2017","id":888068029015179300,"id_str":"888068029015179268","text":"🎉本日公開！\n怪盗グルーの #ミニオン大脱走\n\n🍌連続プレゼントキャンペーン中🍌\n🎁#ミニオン のブランケットが当たる‼️\n\n応募は@UNITED_CINEMASをフォローして、この投稿をRT\n\n詳細… https://t.co/MKsK1uVDR8","truncated":true,"entities":{"hashtags":[{"text":"ミニオン大脱走","indices":[14,22]},{"text":"ミニオン","indices":[42,47]}],"symbols":[],"user_mentions":[{"screen_name":"UNITED_CINEMAS","name":"ユナイテッド・シネマ公式","id":198949082,"id_str":"198949082","indices":[66,81]}],"urls":[{"url":"https://t.co/MKsK1uVDR8","expanded_url":"https://twitter.com/i/web/status/888068029015179268","display_url":"twitter.com/i/web/status/8…","indices":[102,125]}]},"metadata":{"iso_language_code":"ja","result_type":"recent"},"source":"<a href=\"http://twitter.com\" rel=\"nofollow\">Twitter Web Client</a>","in_reply_to_status_id":null,"in_reply_to_status_id_str":null,"in_reply_to_user_id":null,"in_reply_to_user_id_str":null,"in_reply_to_screen_name":null,"user":{"id":198949082,"id_str":"198949082","name":"ユナイテッド・シネマ公式","screen_name":"UNITED_CINEMAS","location":"＊ユナイテッド・シネマ グループの映画館","description":"ユナイテッド・シネマの公式アカウントです。映画情報はもちろん、オススメのエンタメ賞品が当たるフォロー&RTキャンペーンも連続実施中！フォローしてね！#映画 #映画館 📽️🎬🍿","url":"http://t.co/ppFAfeHl8J","entities":{"url":{"urls":[{"url":"http://t.co/ppFAfeHl8J","expanded_url":"http://www.unitedcinemas.jp","display_url":"unitedcinemas.jp","indices":[0,22]}]},"description":{"urls":[]}},"protected":false,"followers_count":131076,"friends_count":20679,"listed_count":823,"created_at":"Tue Oct 05 17:09:05 +0000 2010","favourites_count":21,"utc_offset":32400,"time_zone":"Tokyo","geo_enabled":false,"verified":true,"statuses_count":2992,"lang":"ja","contributors_enabled":false,"is_translator":false,"is_translation_enabled":false,"profile_background_color":"ABB8C2","profile_background_image_url":"http://abs.twimg.com/images/themes/theme1/bg.png","profile_background_image_url_https":"https://abs.twimg.com/images/themes/theme1/bg.png","profile_background_tile":false,"profile_image_url":"http://pbs.twimg.com/profile_images/857443773231513600/PRdKnkLq_normal.jpg","profile_image_url_https":"https://pbs.twimg.com/profile_images/857443773231513600/PRdKnkLq_normal.jpg","profile_banner_url":"https://pbs.twimg.com/profile_banners/198949082/1498810521","profile_link_color":"3B94D9","profile_sidebar_border_color":"C0DEED","profile_sidebar_fill_color":"003249","profile_text_color":"9B9BA3","profile_use_background_image":false,"has_extended_profile":false,"default_profile":false,"default_profile_image":false,"following":false,"follow_request_sent":false,"notifications":false,"translator_type":"none"},"geo":null,"coordinates":null,"place":null,"contributors":null,"is_quote_status":false,"retweet_count":685,"favorite_count":112,"favorited":false,"retweeted":false,"possibly_sensitive":false,"lang":"ja"},{"created_at":"Thu Jul 20 16:04:50 +0000 2017","id":888067183732965400,"id_str":"888067183732965376","text":"🎉本日公開！\n怪盗グルーの #ミニオン大脱走\n\n🍌連続プレゼントキャンペーン中🍌\n🎁#ミニオン のランチボックスが当たる‼️\n\n応募は@UNITED_CINEMASをフォローして、この投稿をRT\n\n詳細… https://t.co/zi7K2HSUff","truncated":true,"entities":{"hashtags":[{"text":"ミニオン大脱走","indices":[14,22]},{"text":"ミニオン","indices":[42,47]}],"symbols":[],"user_mentions":[{"screen_name":"UNITED_CINEMAS","name":"ユナイテッド・シネマ公式","id":198949082,"id_str":"198949082","indices":[67,82]}],"urls":[{"url":"https://t.co/zi7K2HSUff","expanded_url":"https://twitter.com/i/web/status/888067183732965376","display_url":"twitter.com/i/web/status/8…","indices":[103,126]}]},"metadata":{"iso_language_code":"ja","result_type":"recent"},"source":"<a href=\"http://twitter.com\" rel=\"nofollow\">Twitter Web Client</a>","in_reply_to_status_id":null,"in_reply_to_status_id_str":null,"in_reply_to_user_id":null,"in_reply_to_user_id_str":null,"in_reply_to_screen_name":null,"user":{"id":198949082,"id_str":"198949082","name":"ユナイテッド・シネマ公式","screen_name":"UNITED_CINEMAS","location":"＊ユナイテッド・シネマ グループの映画館","description":"ユナイテッド・シネマの公式アカウントです。映画情報はもちろん、オススメのエンタメ賞品が当たるフォロー&RTキャンペーンも連続実施中！フォローしてね！#映画 #映画館 📽️🎬🍿","url":"http://t.co/ppFAfeHl8J","entities":{"url":{"urls":[{"url":"http://t.co/ppFAfeHl8J","expanded_url":"http://www.unitedcinemas.jp","display_url":"unitedcinemas.jp","indices":[0,22]}]},"description":{"urls":[]}},"protected":false,"followers_count":131076,"friends_count":20679,"listed_count":823,"created_at":"Tue Oct 05 17:09:05 +0000 2010","favourites_count":21,"utc_offset":32400,"time_zone":"Tokyo","geo_enabled":false,"verified":true,"statuses_count":2992,"lang":"ja","contributors_enabled":false,"is_translator":false,"is_translation_enabled":false,"profile_background_color":"ABB8C2","profile_background_image_url":"http://abs.twimg.com/images/themes/theme1/bg.png","profile_background_image_url_https":"https://abs.twimg.com/images/themes/theme1/bg.png","profile_background_tile":false,"profile_image_url":"http://pbs.twimg.com/profile_images/857443773231513600/PRdKnkLq_normal.jpg","profile_image_url_https":"https://pbs.twimg.com/profile_images/857443773231513600/PRdKnkLq_normal.jpg","profile_banner_url":"https://pbs.twimg.com/profile_banners/198949082/1498810521","profile_link_color":"3B94D9","profile_sidebar_border_color":"C0DEED","profile_sidebar_fill_color":"003249","profile_text_color":"9B9BA3","profile_use_background_image":false,"has_extended_profile":false,"default_profile":false,"default_profile_image":false,"following":false,"follow_request_sent":false,"notifications":false,"translator_type":"none"},"geo":null,"coordinates":null,"place":null,"contributors":null,"is_quote_status":false,"retweet_count":680,"favorite_count":123,"favorited":false,"retweeted":false,"possibly_sensitive":false,"lang":"ja"},{"created_at":"Thu Jul 20 16:02:04 +0000 2017","id":888066488002691100,"id_str":"888066488002691072","text":"3時間楽しかったしフリーザだった #祝キンキ20 #doya","truncated":false,"entities":{"hashtags":[{"text":"祝キンキ20","indices":[17,24]},{"text":"doya","indices":[25,30]}],"symbols":[],"user_mentions":[],"urls":[]},"metadata":{"iso_language_code":"ja","result_type":"recent"},"source":"<a href=\"http://twitter.com/download/iphone\" rel=\"nofollow\">Twitter for iPhone</a>","in_reply_to_status_id":null,"in_reply_to_status_id_str":null,"in_reply_to_user_id":null,"in_reply_to_user_id_str":null,"in_reply_to_screen_name":null,"user":{"id":120200591,"id_str":"120200591","name":"堂島孝平","screen_name":"Dojima_Kohei","location":"Tokyo","description":"ミュージシャン / シンガー・ソングライターです。いろいろと活動しています。今年も9月からSOLO TOUR【名古屋/広島/岡山/京都/札幌/仙台/東京/高知/高松/新潟/熊本/福岡/大阪】が始まります。オフィシャルのアナウンスは @DJKH_STAFF で。サンフレッチェ広島が好きです。","url":"https://t.co/XNj3hY5Tww","entities":{"url":{"urls":[{"url":"https://t.co/XNj3hY5Tww","expanded_url":"http://www.djkh.jp","display_url":"djkh.jp","indices":[0,23]}]},"description":{"urls":[]}},"protected":false,"followers_count":36728,"friends_count":869,"listed_count":1361,"created_at":"Fri Mar 05 19:33:12 +0000 2010","favourites_count":133,"utc_offset":32400,"time_zone":"Tokyo","geo_enabled":false,"verified":false,"statuses_count":17204,"lang":"ja","contributors_enabled":false,"is_translator":false,"is_translation_enabled":false,"profile_background_color":"C0DEED","profile_background_image_url":"http://pbs.twimg.com/profile_background_images/529542271822090240/9aM8D2v4.jpeg","profile_background_image_url_https":"https://pbs.twimg.com/profile_background_images/529542271822090240/9aM8D2v4.jpeg","profile_background_tile":true,"profile_image_url":"http://pbs.twimg.com/profile_images/838734220897890304/27SAXji2_normal.jpg","profile_image_url_https":"https://pbs.twimg.com/profile_images/838734220897890304/27SAXji2_normal.jpg","profile_banner_url":"https://pbs.twimg.com/profile_banners/120200591/1488805171","profile_link_color":"981CEB","profile_sidebar_border_color":"FFFFFF","profile_sidebar_fill_color":"FFFFFF","profile_text_color":"333333","profile_use_background_image":true,"has_extended_profile":false,"default_profile":false,"default_profile_image":false,"following":false,"follow_request_sent":false,"notifications":false,"translator_type":"none"},"geo":null,"coordinates":null,"place":null,"contributors":null,"is_quote_status":false,"retweet_count":2748,"favorite_count":3482,"favorited":false,"retweeted":false,"lang":"ja"},{"created_at":"Thu Jul 20 16:00:09 +0000 2017","id":888066003040522200,"id_str":"888066003040522241","text":"コミックボンボンがWebで復活！pixivコミックで毎週金曜更新 https://t.co/jhpaAnR004 https://t.co/TqWcZK1mi2","truncated":false,"entities":{"hashtags":[],"symbols":[],"user_mentions":[],"urls":[{"url":"https://t.co/jhpaAnR004","expanded_url":"http://natalie.mu/comic/news/241660","display_url":"natalie.mu/comic/news/241…","indices":[33,56]}],"media":[{"id":888065999831879700,"id_str":"888065999831879680","indices":[57,80],"media_url":"http://pbs.twimg.com/media/DFMLUlkU0AAmBnj.jpg","media_url_https":"https://pbs.twimg.com/media/DFMLUlkU0AAmBnj.jpg","url":"https://t.co/TqWcZK1mi2","display_url":"pic.twitter.com/TqWcZK1mi2","expanded_url":"https://twitter.com/comic_natalie/status/888066003040522241/photo/1","type":"photo","sizes":{"small":{"w":440,"h":640,"resize":"fit"},"large":{"w":440,"h":640,"resize":"fit"},"thumb":{"w":150,"h":150,"resize":"crop"},"medium":{"w":440,"h":640,"resize":"fit"}}}]},"extended_entities":{"media":[{"id":888065999831879700,"id_str":"888065999831879680","indices":[57,80],"media_url":"http://pbs.twimg.com/media/DFMLUlkU0AAmBnj.jpg","media_url_https":"https://pbs.twimg.com/media/DFMLUlkU0AAmBnj.jpg","url":"https://t.co/TqWcZK1mi2","display_url":"pic.twitter.com/TqWcZK1mi2","expanded_url":"https://twitter.com/comic_natalie/status/888066003040522241/photo/1","type":"photo","sizes":{"small":{"w":440,"h":640,"resize":"fit"},"large":{"w":440,"h":640,"resize":"fit"},"thumb":{"w":150,"h":150,"resize":"crop"},"medium":{"w":440,"h":640,"resize":"fit"}}}]},"metadata":{"iso_language_code":"ja","result_type":"recent"},"source":"<a href=\"http://natalie.mu/comic\" rel=\"nofollow\">comic_natalie</a>","in_reply_to_status_id":null,"in_reply_to_status_id_str":null,"in_reply_to_user_id":null,"in_reply_to_user_id_str":null,"in_reply_to_screen_name":null,"user":{"id":18622184,"id_str":"18622184","name":"コミックナタリー","screen_name":"comic_natalie","location":"東京","description":"マンガのニュースを毎日発信するコミックナタリーの記事ヘッドラインをお届け。音楽ナタリー（@natalie_mu）、お笑いナタリー（@owarai_natalie）、映画ナタリー（@eiga_natalie）、ステージナタリー（@stage_natalie）ナタリーストア（@natalie_store）も併せてどうぞ。","url":"http://t.co/oDRqtG4rhU","entities":{"url":{"urls":[{"url":"http://t.co/oDRqtG4rhU","expanded_url":"http://natalie.mu/comic","display_url":"natalie.mu/comic","indices":[0,22]}]},"description":{"urls":[]}},"protected":false,"followers_count":323909,"friends_count":6,"listed_count":9760,"created_at":"Mon Jan 05 03:33:30 +0000 2009","favourites_count":57,"utc_offset":32400,"time_zone":"Tokyo","geo_enabled":false,"verified":true,"statuses_count":54439,"lang":"ja","contributors_enabled":false,"is_translator":false,"is_translation_enabled":false,"profile_background_color":"E4E0D9","profile_background_image_url":"http://pbs.twimg.com/profile_background_images/4244500/comic_bg.png","profile_background_image_url_https":"https://pbs.twimg.com/profile_background_images/4244500/comic_bg.png","profile_background_tile":false,"profile_image_url":"http://pbs.twimg.com/profile_images/541890424114126848/EEFqjOib_normal.png","profile_image_url_https":"https://pbs.twimg.com/profile_images/541890424114126848/EEFqjOib_normal.png","profile_banner_url":"https://pbs.twimg.com/profile_banners/18622184/1418031708","profile_link_color":"7DB739","profile_sidebar_border_color":"E4E0D9","profile_sidebar_fill_color":"FFFFFF","profile_text_color":"333333","profile_use_background_image":true,"has_extended_profile":false,"default_profile":false,"default_profile_image":false,"following":false,"follow_request_sent":false,"notifications":false,"translator_type":"none"},"geo":null,"coordinates":null,"place":null,"contributors":null,"is_quote_status":false,"retweet_count":552,"favorite_count":245,"favorited":false,"retweeted":false,"possibly_sensitive":false,"lang":"ja"},{"created_at":"Thu Jul 20 15:59:11 +0000 2017","id":888065761280892900,"id_str":"888065761280892928","text":"「Youたちいよいよハタチだね！〜KinKi Kidsどんなもんヤ！3時間生放送スペシャル！」最後までありがとうございました！！また来週月曜のどんなもんヤ！でお会いしましょう！#KinKi　Kids　forever　#祝キンキ20","truncated":false,"entities":{"hashtags":[{"text":"KinKi","indices":[88,94]},{"text":"祝キンキ20","indices":[108,115]}],"symbols":[],"user_mentions":[],"urls":[]},"metadata":{"iso_language_code":"ja","result_type":"recent"},"source":"<a href=\"http://twipple.jp/\" rel=\"nofollow\">ついっぷる　</a>","in_reply_to_status_id":null,"in_reply_to_status_id_str":null,"in_reply_to_user_id":null,"in_reply_to_user_id_str":null,"in_reply_to_screen_name":null,"user":{"id":1511776262,"id_str":"1511776262","name":"レコメン！","screen_name":"reco_oshirase","location":"東京都港区浜松町","description":"レコメン！公式アカウント！月～木曜22～25時OA！月～水曜オテンキのり、木曜関ジャニ∞村上信五ジャニーズWEST桐山照史・中間淳太生放送！SexyZone、欅坂46菅井友香、佐野ひなこ、KinKi Kids、芳根京子、小池美由、NEWS、大友花恋、乃木坂46堀未央奈、Kis-My-Ft2、Hey!Say!7、今井翼！","url":"https://t.co/qHW4dS4DUC","entities":{"url":{"urls":[{"url":"https://t.co/qHW4dS4DUC","expanded_url":"http://www.joqr.co.jp/reco/","display_url":"joqr.co.jp/reco/","indices":[0,23]}]},"description":{"urls":[]}},"protected":false,"followers_count":86016,"friends_count":26,"listed_count":499,"created_at":"Wed Jun 12 22:19:29 +0000 2013","favourites_count":1,"utc_offset":null,"time_zone":null,"geo_enabled":false,"verified":false,"statuses_count":12451,"lang":"ja","contributors_enabled":false,"is_translator":false,"is_translation_enabled":false,"profile_background_color":"C0DEED","profile_background_image_url":"http://abs.twimg.com/images/themes/theme1/bg.png","profile_background_image_url_https":"https://abs.twimg.com/images/themes/theme1/bg.png","profile_background_tile":false,"profile_image_url":"http://pbs.twimg.com/profile_images/344513261570587170/950965a47a23870ccc37c320f34400ec_normal.png","profile_image_url_https":"https://pbs.twimg.com/profile_images/344513261570587170/950965a47a23870ccc37c320f34400ec_normal.png","profile_link_color":"1DA1F2","profile_sidebar_border_color":"C0DEED","profile_sidebar_fill_color":"DDEEF6","profile_text_color":"333333","profile_use_background_image":true,"has_extended_profile":false,"default_profile":true,"default_profile_image":false,"following":false,"follow_request_sent":false,"notifications":false,"translator_type":"none"},"geo":null,"coordinates":null,"place":null,"contributors":null,"is_quote_status":false,"retweet_count":1129,"favorite_count":1332,"favorited":false,"retweeted":false,"lang":"ja"},{"created_at":"Thu Jul 20 15:58:26 +0000 2017","id":888065572826603500,"id_str":"888065572826603521","text":"しっかりと謝りたい剛さんと、ひとりで謝らせる気なんてさらさらない光一さん。世界一優しい攻防戦。","truncated":false,"entities":{"hashtags":[],"symbols":[],"user_mentions":[],"urls":[]},"metadata":{"iso_language_code":"ja","result_type":"recent"},"source":"<a href=\"http://twitter.com/download/android\" rel=\"nofollow\">Twitter for Android</a>","in_reply_to_status_id":null,"in_reply_to_status_id_str":null,"in_reply_to_user_id":null,"in_reply_to_user_id_str":null,"in_reply_to_screen_name":null,"user":{"id":4695351206,"id_str":"4695351206","name":"もっとも","screen_name":"mottomomotto2_2","location":"〜約束の地(ハマスタ)〜","description":"KinKi王国領の沼に棲息。\nふたりの国王にしあわせ税を収めるため、働く日々。KinKiKidsが何よりのご褒美です！","url":null,"entities":{"description":{"urls":[]}},"protected":false,"followers_count":295,"friends_count":86,"listed_count":11,"created_at":"Sat Jan 02 10:15:00 +0000 2016","favourites_count":10195,"utc_offset":-25200,"time_zone":"Pacific Time (US & Canada)","geo_enabled":false,"verified":false,"statuses_count":14660,"lang":"ja","contributors_enabled":false,"is_translator":false,"is_translation_enabled":false,"profile_background_color":"F5F8FA","profile_background_image_url":null,"profile_background_image_url_https":null,"profile_background_tile":false,"profile_image_url":"http://pbs.twimg.com/profile_images/683232608323416064/t_5OYaeS_normal.jpg","profile_image_url_https":"https://pbs.twimg.com/profile_images/683232608323416064/t_5OYaeS_normal.jpg","profile_banner_url":"https://pbs.twimg.com/profile_banners/4695351206/1461337523","profile_link_color":"1DA1F2","profile_sidebar_border_color":"C0DEED","profile_sidebar_fill_color":"DDEEF6","profile_text_color":"333333","profile_use_background_image":true,"has_extended_profile":false,"default_profile":true,"default_profile_image":false,"following":false,"follow_request_sent":false,"notifications":false,"translator_type":"none"},"geo":null,"coordinates":null,"place":null,"contributors":null,"is_quote_status":false,"retweet_count":563,"favorite_count":621,"favorited":false,"retweeted":false,"lang":"ja"},{"created_at":"Thu Jul 20 15:56:18 +0000 2017","id":888065035016192000,"id_str":"888065035016192001","text":"あ\"あ\"あ\"あ\"あ\"あ\"あ\"あ\"あ\"あ\"あ\"あ\"あ\"あ\"あ\"あ\"あ\"あ\"あ\"あ\"あ\"あ\"あ\"〜〜奈緒がぁぁ〜横山奈緒ちゃんが可愛いすぎるんじゃぁぁぁあ\"あ\"あ\"あ\"あ\"あ\"あ\"あ\"あ\"あ\"あ\"あ\"あ\"あ\"あ\"あ\"あ\"あ\"あ\"あ\"あ… https://t.co/DG9jAvSL0d","truncated":true,"entities":{"hashtags":[],"symbols":[],"user_mentions":[],"urls":[{"url":"https://t.co/DG9jAvSL0d","expanded_url":"https://twitter.com/i/web/status/888065035016192001","display_url":"twitter.com/i/web/status/8…","indices":[117,140]}]},"metadata":{"iso_language_code":"ja","result_type":"recent"},"source":"<a href=\"http://twitter.com/download/iphone\" rel=\"nofollow\">Twitter for iPhone</a>","in_reply_to_status_id":null,"in_reply_to_status_id_str":null,"in_reply_to_user_id":null,"in_reply_to_user_id_str":null,"in_reply_to_screen_name":null,"user":{"id":129049236,"id_str":"129049236","name":"渡部優衣　FFF2017ありがとう！","screen_name":"yuichupunch","location":"大阪のおさるさんとかゆずとかもみじとか滝が有名なところ生まれ","description":"声のお仕事を中心に活動させて頂いております、渡部優衣(わたなべゆい)の野球実ky…ではなく、宣伝アカウントです。未熟者ですが応援よろしくお願いします！（*写真や文章の無断転載はご遠慮願います＞＜）","url":"https://t.co/DiYR3izakR","entities":{"url":{"urls":[{"url":"https://t.co/DiYR3izakR","expanded_url":"https://yuiwatanabe.com/","display_url":"yuiwatanabe.com","indices":[0,23]}]},"description":{"urls":[]}},"protected":false,"followers_count":67276,"friends_count":2,"listed_count":3526,"created_at":"Sat Apr 03 01:24:52 +0000 2010","favourites_count":0,"utc_offset":32400,"time_zone":"Tokyo","geo_enabled":false,"verified":false,"statuses_count":22388,"lang":"ja","contributors_enabled":false,"is_translator":false,"is_translation_enabled":false,"profile_background_color":"C0DEED","profile_background_image_url":"http://abs.twimg.com/images/themes/theme1/bg.png","profile_background_image_url_https":"https://abs.twimg.com/images/themes/theme1/bg.png","profile_background_tile":false,"profile_image_url":"http://pbs.twimg.com/profile_images/680405948129624064/IoDNyvz6_normal.jpg","profile_image_url_https":"https://pbs.twimg.com/profile_images/680405948129624064/IoDNyvz6_normal.jpg","profile_banner_url":"https://pbs.twimg.com/profile_banners/129049236/1456203266","profile_link_color":"1DA1F2","profile_sidebar_border_color":"C0DEED","profile_sidebar_fill_color":"DDEEF6","profile_text_color":"333333","profile_use_background_image":true,"has_extended_profile":true,"default_profile":true,"default_profile_image":false,"following":false,"follow_request_sent":false,"notifications":false,"translator_type":"none"},"geo":null,"coordinates":null,"place":null,"contributors":null,"is_quote_status":true,"quoted_status_id":888030498274000900,"quoted_status_id_str":"888030498274000896","quoted_status":{"created_at":"Thu Jul 20 13:39:04 +0000 2017","id":888030498274000900,"id_str":"888030498274000896","text":"【アイドルマスター×パ・リーグ6球団コラボ】8月6日（日）にメットライフドームで開催予定の＜７６５プロダクションデー＞チケットは好評発売中！描き下ろしイラスト使用のグッズも発売予定ですので、続報をお待ち下さい！… https://t.co/84ofarjJIJ","truncated":true,"entities":{"hashtags":[],"symbols":[],"user_mentions":[],"urls":[{"url":"https://t.co/84ofarjJIJ","expanded_url":"https://twitter.com/i/web/status/888030498274000896","display_url":"twitter.com/i/web/status/8…","indices":[107,130]}]},"metadata":{"iso_language_code":"ja","result_type":"recent"},"source":"<a href=\"http://twitter.com\" rel=\"nofollow\">Twitter Web Client</a>","in_reply_to_status_id":null,"in_reply_to_status_id_str":null,"in_reply_to_user_id":null,"in_reply_to_user_id_str":null,"in_reply_to_screen_name":null,"user":{"id":230095408,"id_str":"230095408","name":"アイドルマスター","screen_name":"imas_anime","location":"","description":"『アイドルマスター アニメプロジェクト』公式アカウントです。","url":"http://t.co/JWSUgwEdm6","entities":{"url":{"urls":[{"url":"http://t.co/JWSUgwEdm6","expanded_url":"http://imas-anime-project.com","display_url":"imas-anime-project.com","indices":[0,22]}]},"description":{"urls":[]}},"protected":false,"followers_count":296662,"friends_count":9,"listed_count":5581,"created_at":"Fri Dec 24 07:32:57 +0000 2010","favourites_count":43,"utc_offset":32400,"time_zone":"Tokyo","geo_enabled":false,"verified":false,"statuses_count":6758,"lang":"ja","contributors_enabled":false,"is_translator":false,"is_translation_enabled":false,"profile_background_color":"C0DEED","profile_background_image_url":"http://pbs.twimg.com/profile_background_images/538366372154077184/vAXFlu2y.jpeg","profile_background_image_url_https":"https://pbs.twimg.com/profile_background_images/538366372154077184/vAXFlu2y.jpeg","profile_background_tile":true,"profile_image_url":"http://pbs.twimg.com/profile_images/538365006903910401/3u8n-us-_normal.png","profile_image_url_https":"https://pbs.twimg.com/profile_images/538365006903910401/3u8n-us-_normal.png","profile_link_color":"0084B4","profile_sidebar_border_color":"C0DEED","profile_sidebar_fill_color":"DDEEF6","profile_text_color":"333333","profile_use_background_image":true,"has_extended_profile":false,"default_profile":false,"default_profile_image":false,"following":false,"follow_request_sent":false,"notifications":false,"translator_type":"none"},"geo":null,"coordinates":null,"place":null,"contributors":null,"is_quote_status":false,"retweet_count":4610,"favorite_count":4340,"favorited":false,"retweeted":false,"possibly_sensitive":false,"lang":"ja"},"retweet_count":582,"favorite_count":825,"favorited":false,"retweeted":false,"possibly_sensitive":false,"lang":"ja"},{"created_at":"Thu Jul 20 15:55:17 +0000 2017","id":888064781336301600,"id_str":"888064781336301568","text":"「Youたちいよいよハタチだね！〜KinKi Kidsどんなもんヤ！3時間生放送スペシャル！」ラストナンバーです。「Ｋｉｓｓから始まるミステリー」　#祝キンキ20","truncated":false,"entities":{"hashtags":[{"text":"祝キンキ20","indices":[74,81]}],"symbols":[],"user_mentions":[],"urls":[]},"metadata":{"iso_language_code":"ja","result_type":"recent"},"source":"<a href=\"http://twipple.jp/\" rel=\"nofollow\">ついっぷる　</a>","in_reply_to_status_id":null,"in_reply_to_status_id_str":null,"in_reply_to_user_id":null,"in_reply_to_user_id_str":null,"in_reply_to_screen_name":null,"user":{"id":1511776262,"id_str":"1511776262","name":"レコメン！","screen_name":"reco_oshirase","location":"東京都港区浜松町","description":"レコメン！公式アカウント！月～木曜22～25時OA！月～水曜オテンキのり、木曜関ジャニ∞村上信五ジャニーズWEST桐山照史・中間淳太生放送！SexyZone、欅坂46菅井友香、佐野ひなこ、KinKi Kids、芳根京子、小池美由、NEWS、大友花恋、乃木坂46堀未央奈、Kis-My-Ft2、Hey!Say!7、今井翼！","url":"https://t.co/qHW4dS4DUC","entities":{"url":{"urls":[{"url":"https://t.co/qHW4dS4DUC","expanded_url":"http://www.joqr.co.jp/reco/","display_url":"joqr.co.jp/reco/","indices":[0,23]}]},"description":{"urls":[]}},"protected":false,"followers_count":86016,"friends_count":26,"listed_count":499,"created_at":"Wed Jun 12 22:19:29 +0000 2013","favourites_count":1,"utc_offset":null,"time_zone":null,"geo_enabled":false,"verified":false,"statuses_count":12451,"lang":"ja","contributors_enabled":false,"is_translator":false,"is_translation_enabled":false,"profile_background_color":"C0DEED","profile_background_image_url":"http://abs.twimg.com/images/themes/theme1/bg.png","profile_background_image_url_https":"https://abs.twimg.com/images/themes/theme1/bg.png","profile_background_tile":false,"profile_image_url":"http://pbs.twimg.com/profile_images/344513261570587170/950965a47a23870ccc37c320f34400ec_normal.png","profile_image_url_https":"https://pbs.twimg.com/profile_images/344513261570587170/950965a47a23870ccc37c320f34400ec_normal.png","profile_link_color":"1DA1F2","profile_sidebar_border_color":"C0DEED","profile_sidebar_fill_color":"DDEEF6","profile_text_color":"333333","profile_use_background_image":true,"has_extended_profile":false,"default_profile":true,"default_profile_image":false,"following":false,"follow_request_sent":false,"notifications":false,"translator_type":"none"},"geo":null,"coordinates":null,"place":null,"contributors":null,"is_quote_status":false,"retweet_count":778,"favorite_count":753,"favorited":false,"retweeted":false,"lang":"ja"},{"created_at":"Thu Jul 20 15:50:11 +0000 2017","id":888063496646033400,"id_str":"888063496646033408","text":"幼少期にクラプトン聞いて音楽やりたい！と思い、小学校ではそんなこと忘れてスポーツに勤しみ、中学でハイスタ聞いてやっぱスポーツより音楽、いや、バンドやりたい！と思い立ち、あれから約20年。。。 https://t.co/XJeQi6kU8n","truncated":false,"entities":{"hashtags":[],"symbols":[],"user_mentions":[],"urls":[],"media":[{"id":888063476966473700,"id_str":"888063476966473730","indices":[96,119],"media_url":"http://pbs.twimg.com/media/DFMJBvKVwAI3f_O.jpg","media_url_https":"https://pbs.twimg.com/media/DFMJBvKVwAI3f_O.jpg","url":"https://t.co/XJeQi6kU8n","display_url":"pic.twitter.com/XJeQi6kU8n","expanded_url":"https://twitter.com/MAHfromSiM/status/888063496646033408/photo/1","type":"photo","sizes":{"large":{"w":1454,"h":2048,"resize":"fit"},"medium":{"w":852,"h":1200,"resize":"fit"},"small":{"w":483,"h":680,"resize":"fit"},"thumb":{"w":150,"h":150,"resize":"crop"}}}]},"extended_entities":{"media":[{"id":888063476966473700,"id_str":"888063476966473730","indices":[96,119],"media_url":"http://pbs.twimg.com/media/DFMJBvKVwAI3f_O.jpg","media_url_https":"https://pbs.twimg.com/media/DFMJBvKVwAI3f_O.jpg","url":"https://t.co/XJeQi6kU8n","display_url":"pic.twitter.com/XJeQi6kU8n","expanded_url":"https://twitter.com/MAHfromSiM/status/888063496646033408/photo/1","type":"photo","sizes":{"large":{"w":1454,"h":2048,"resize":"fit"},"medium":{"w":852,"h":1200,"resize":"fit"},"small":{"w":483,"h":680,"resize":"fit"},"thumb":{"w":150,"h":150,"resize":"crop"}}}]},"metadata":{"iso_language_code":"ja","result_type":"recent"},"source":"<a href=\"http://twitter.com/download/iphone\" rel=\"nofollow\">Twitter for iPhone</a>","in_reply_to_status_id":null,"in_reply_to_status_id_str":null,"in_reply_to_user_id":null,"in_reply_to_user_id_str":null,"in_reply_to_screen_name":null,"user":{"id":113988085,"id_str":"113988085","name":"MAH","screen_name":"MAHfromSiM","location":"Kanagawa, Japan","description":"神奈川湘南出身４ピースレゲエパンクバンド、SiMのVo。https://t.co/64wmLdjwNK","url":"https://t.co/JkGiXO4nK4","entities":{"url":{"urls":[{"url":"https://t.co/JkGiXO4nK4","expanded_url":"http://Instagram.com/mahfromsim","display_url":"Instagram.com/mahfromsim","indices":[0,23]}]},"description":{"urls":[{"url":"https://t.co/64wmLdjwNK","expanded_url":"http://SxixM.com","display_url":"SxixM.com","indices":[28,51]}]}},"protected":false,"followers_count":202521,"friends_count":15736,"listed_count":2283,"created_at":"Sat Feb 13 18:22:06 +0000 2010","favourites_count":2,"utc_offset":32400,"time_zone":"Tokyo","geo_enabled":false,"verified":true,"statuses_count":11240,"lang":"ja","contributors_enabled":false,"is_translator":false,"is_translation_enabled":true,"profile_background_color":"000000","profile_background_image_url":"http://pbs.twimg.com/profile_background_images/509425839/mahtop.png","profile_background_image_url_https":"https://pbs.twimg.com/profile_background_images/509425839/mahtop.png","profile_background_tile":false,"profile_image_url":"http://pbs.twimg.com/profile_images/844004382358233088/R0ScgqDe_normal.jpg","profile_image_url_https":"https://pbs.twimg.com/profile_images/844004382358233088/R0ScgqDe_normal.jpg","profile_banner_url":"https://pbs.twimg.com/profile_banners/113988085/1348389563","profile_link_color":"FF5252","profile_sidebar_border_color":"FFFFFF","profile_sidebar_fill_color":"000000","profile_text_color":"777777","profile_use_background_image":true,"has_extended_profile":false,"default_profile":false,"default_profile_image":false,"following":false,"follow_request_sent":false,"notifications":false,"translator_type":"none"},"geo":null,"coordinates":null,"place":null,"contributors":null,"is_quote_status":false,"retweet_count":512,"favorite_count":2112,"favorited":false,"retweeted":false,"possibly_sensitive":false,"lang":"ja"},{"created_at":"Thu Jul 20 15:46:28 +0000 2017","id":888062558787129300,"id_str":"888062558787129344","text":"復刻水着イベント　ヒートオデッセイ　\n素材ドロップ効率がいい所と、イベントの進め方まとめ。\nクラス&amp;礼装ボーナス早見表です。\n赤枠が付いている場所が効率のいい所です。\n【これが最新版になります】\n参考になれば嬉しいです。\n間違って… https://t.co/wWfA7PJ7wg","truncated":true,"entities":{"hashtags":[],"symbols":[],"user_mentions":[],"urls":[{"url":"https://t.co/wWfA7PJ7wg","expanded_url":"https://twitter.com/i/web/status/888062558787129344","display_url":"twitter.com/i/web/status/8…","indices":[121,144]}]},"metadata":{"iso_language_code":"ja","result_type":"recent"},"source":"<a href=\"http://twitter.com\" rel=\"nofollow\">Twitter Web Client</a>","in_reply_to_status_id":null,"in_reply_to_status_id_str":null,"in_reply_to_user_id":null,"in_reply_to_user_id_str":null,"in_reply_to_screen_name":null,"user":{"id":2315456696,"id_str":"2315456696","name":"台パン・シロ@FGO","screen_name":"siro_mtg","location":"カルデア ニコ生局","description":"FGOの周回放送を毎日してます、初心者に優しい配信目指します。台湾USA勢歓迎！\n当攻略画像などをサイト、SNSへ転載する場合は引用を含む形で！依頼や案件はDMからhttps://t.co/dscTrIPuCk YouTube https://t.co/Loj1yAkTio 下記Sponsor","url":"https://t.co/MTES0g6b73","entities":{"url":{"urls":[{"url":"https://t.co/MTES0g6b73","expanded_url":"http://s.smartgame.jp/2tr5jMX","display_url":"s.smartgame.jp/2tr5jMX","indices":[0,23]}]},"description":{"urls":[{"url":"https://t.co/dscTrIPuCk","expanded_url":"http://com.nicovideo.jp/community/co1979346","display_url":"com.nicovideo.jp/community/co19…","indices":[82,105]},{"url":"https://t.co/Loj1yAkTio","expanded_url":"http://goo.gl/f2FBps","display_url":"goo.gl/f2FBps","indices":[114,137]}]}},"protected":false,"followers_count":37082,"friends_count":8158,"listed_count":422,"created_at":"Tue Jan 28 12:53:57 +0000 2014","favourites_count":23489,"utc_offset":null,"time_zone":null,"geo_enabled":false,"verified":false,"statuses_count":44844,"lang":"ja","contributors_enabled":false,"is_translator":false,"is_translation_enabled":false,"profile_background_color":"C0DEED","profile_background_image_url":"http://pbs.twimg.com/profile_background_images/440615548225740800/quGNolbU.jpeg","profile_background_image_url_https":"https://pbs.twimg.com/profile_background_images/440615548225740800/quGNolbU.jpeg","profile_background_tile":true,"profile_image_url":"http://pbs.twimg.com/profile_images/876444956239339520/8aVQQcbJ_normal.jpg","profile_image_url_https":"https://pbs.twimg.com/profile_images/876444956239339520/8aVQQcbJ_normal.jpg","profile_banner_url":"https://pbs.twimg.com/profile_banners/2315456696/1498796184","profile_link_color":"7FDBB6","profile_sidebar_border_color":"FFFFFF","profile_sidebar_fill_color":"DDEEF6","profile_text_color":"333333","profile_use_background_image":true,"has_extended_profile":true,"default_profile":false,"default_profile_image":false,"following":false,"follow_request_sent":false,"notifications":false,"translator_type":"none"},"geo":null,"coordinates":null,"place":null,"contributors":null,"is_quote_status":false,"retweet_count":1542,"favorite_count":2610,"favorited":false,"retweeted":false,"possibly_sensitive":false,"lang":"ja"},{"created_at":"Thu Jul 20 15:42:11 +0000 2017","id":888061482138689500,"id_str":"888061482138689538","text":"東京ライブ5日目終わりました！\n本当にありがとうございました。\n20年目一発目のライブでした。楽屋が優しかった❣️嬉しい。来てくれたみんなもとっても優しかった❤️本当にありがとうございました😊 https://t.co/jAxKBe8cry","truncated":false,"entities":{"hashtags":[],"symbols":[],"user_mentions":[],"urls":[],"media":[{"id":888061326735441900,"id_str":"888061326735441920","indices":[97,120],"media_url":"http://pbs.twimg.com/ext_tw_video_thumb/888061326735441920/pu/img/WB9bZjSziA6h4ty-.jpg","media_url_https":"https://pbs.twimg.com/ext_tw_video_thumb/888061326735441920/pu/img/WB9bZjSziA6h4ty-.jpg","url":"https://t.co/jAxKBe8cry","display_url":"pic.twitter.com/jAxKBe8cry","expanded_url":"https://twitter.com/aiko_dochibi/status/888061482138689538/video/1","type":"photo","sizes":{"small":{"w":340,"h":340,"resize":"fit"},"thumb":{"w":150,"h":150,"resize":"crop"},"medium":{"w":600,"h":600,"resize":"fit"},"large":{"w":720,"h":720,"resize":"fit"}}}]},"extended_entities":{"media":[{"id":888061326735441900,"id_str":"888061326735441920","indices":[97,120],"media_url":"http://pbs.twimg.com/ext_tw_video_thumb/888061326735441920/pu/img/WB9bZjSziA6h4ty-.jpg","media_url_https":"https://pbs.twimg.com/ext_tw_video_thumb/888061326735441920/pu/img/WB9bZjSziA6h4ty-.jpg","url":"https://t.co/jAxKBe8cry","display_url":"pic.twitter.com/jAxKBe8cry","expanded_url":"https://twitter.com/aiko_dochibi/status/888061482138689538/video/1","type":"video","sizes":{"small":{"w":340,"h":340,"resize":"fit"},"thumb":{"w":150,"h":150,"resize":"crop"},"medium":{"w":600,"h":600,"resize":"fit"},"large":{"w":720,"h":720,"resize":"fit"}},"video_info":{"aspect_ratio":[1,1],"duration_millis":11100,"variants":[{"bitrate":832000,"content_type":"video/mp4","url":"https://video.twimg.com/ext_tw_video/888061326735441920/pu/vid/480x480/mlPKpwz356Yl7rkh.mp4"},{"content_type":"application/x-mpegURL","url":"https://video.twimg.com/ext_tw_video/888061326735441920/pu/pl/j-UreX7dCL8AwRz5.m3u8"},{"bitrate":1280000,"content_type":"video/mp4","url":"https://video.twimg.com/ext_tw_video/888061326735441920/pu/vid/720x720/HQUg1U8IjBQuLeKi.mp4"},{"bitrate":320000,"content_type":"video/mp4","url":"https://video.twimg.com/ext_tw_video/888061326735441920/pu/vid/240x240/aD9OCJYowLKGYsWc.mp4"}]},"additional_media_info":{"monetizable":false}}]},"metadata":{"iso_language_code":"ja","result_type":"recent"},"source":"<a href=\"http://twitter.com/download/iphone\" rel=\"nofollow\">Twitter for iPhone</a>","in_reply_to_status_id":null,"in_reply_to_status_id_str":null,"in_reply_to_user_id":null,"in_reply_to_user_id_str":null,"in_reply_to_screen_name":null,"user":{"id":2300893838,"id_str":"2300893838","name":"aiko official","screen_name":"aiko_dochibi","location":"","description":"ひょうきん者","url":"https://t.co/gadRiojxML","entities":{"url":{"urls":[{"url":"https://t.co/gadRiojxML","expanded_url":"http://aiko.com","display_url":"aiko.com","indices":[0,23]}]},"description":{"urls":[]}},"protected":false,"followers_count":618261,"friends_count":0,"listed_count":3075,"created_at":"Mon Jan 20 06:37:56 +0000 2014","favourites_count":589,"utc_offset":32400,"time_zone":"Tokyo","geo_enabled":false,"verified":true,"statuses_count":1752,"lang":"ja","contributors_enabled":false,"is_translator":false,"is_translation_enabled":false,"profile_background_color":"C0DEED","profile_background_image_url":"http://abs.twimg.com/images/themes/theme1/bg.png","profile_background_image_url_https":"https://abs.twimg.com/images/themes/theme1/bg.png","profile_background_tile":false,"profile_image_url":"http://pbs.twimg.com/profile_images/425236055109812226/WzDsqo_y_normal.jpeg","profile_image_url_https":"https://pbs.twimg.com/profile_images/425236055109812226/WzDsqo_y_normal.jpeg","profile_banner_url":"https://pbs.twimg.com/profile_banners/2300893838/1468401395","profile_link_color":"1DA1F2","profile_sidebar_border_color":"C0DEED","profile_sidebar_fill_color":"DDEEF6","profile_text_color":"333333","profile_use_background_image":true,"has_extended_profile":false,"default_profile":true,"default_profile_image":false,"following":false,"follow_request_sent":false,"notifications":false,"translator_type":"none"},"geo":null,"coordinates":null,"place":null,"contributors":null,"is_quote_status":false,"retweet_count":583,"favorite_count":3198,"favorited":false,"retweeted":false,"possibly_sensitive":false,"lang":"ja"},{"created_at":"Thu Jul 20 15:40:08 +0000 2017","id":888060965081591800,"id_str":"888060965081591808","text":"森にカブトムシ捕まえに行った。ぼくのなつやすみ実写気分😄だが、夜の森は怖いね〜👻(宮崎) https://t.co/PV9GTQEYoy","truncated":false,"entities":{"hashtags":[],"symbols":[],"user_mentions":[],"urls":[],"media":[{"id":888060940687626200,"id_str":"888060940687626240","indices":[45,68],"media_url":"http://pbs.twimg.com/media/DFMGuGyV0AAAYQt.jpg","media_url_https":"https://pbs.twimg.com/media/DFMGuGyV0AAAYQt.jpg","url":"https://t.co/PV9GTQEYoy","display_url":"pic.twitter.com/PV9GTQEYoy","expanded_url":"https://twitter.com/SHISHAMO_BAND/status/888060965081591808/photo/1","type":"photo","sizes":{"large":{"w":1108,"h":1478,"resize":"fit"},"medium":{"w":900,"h":1200,"resize":"fit"},"thumb":{"w":150,"h":150,"resize":"crop"},"small":{"w":510,"h":680,"resize":"fit"}}}]},"extended_entities":{"media":[{"id":888060940687626200,"id_str":"888060940687626240","indices":[45,68],"media_url":"http://pbs.twimg.com/media/DFMGuGyV0AAAYQt.jpg","media_url_https":"https://pbs.twimg.com/media/DFMGuGyV0AAAYQt.jpg","url":"https://t.co/PV9GTQEYoy","display_url":"pic.twitter.com/PV9GTQEYoy","expanded_url":"https://twitter.com/SHISHAMO_BAND/status/888060965081591808/photo/1","type":"photo","sizes":{"large":{"w":1108,"h":1478,"resize":"fit"},"medium":{"w":900,"h":1200,"resize":"fit"},"thumb":{"w":150,"h":150,"resize":"crop"},"small":{"w":510,"h":680,"resize":"fit"}}},{"id":888060940679127000,"id_str":"888060940679127040","indices":[45,68],"media_url":"http://pbs.twimg.com/media/DFMGuGwUIAAUr7O.jpg","media_url_https":"https://pbs.twimg.com/media/DFMGuGwUIAAUr7O.jpg","url":"https://t.co/PV9GTQEYoy","display_url":"pic.twitter.com/PV9GTQEYoy","expanded_url":"https://twitter.com/SHISHAMO_BAND/status/888060965081591808/photo/1","type":"photo","sizes":{"small":{"w":510,"h":680,"resize":"fit"},"medium":{"w":900,"h":1200,"resize":"fit"},"thumb":{"w":150,"h":150,"resize":"crop"},"large":{"w":1108,"h":1478,"resize":"fit"}}}]},"metadata":{"iso_language_code":"ja","result_type":"recent"},"source":"<a href=\"http://twitter.com/download/iphone\" rel=\"nofollow\">Twitter for iPhone</a>","in_reply_to_status_id":null,"in_reply_to_status_id_str":null,"in_reply_to_user_id":null,"in_reply_to_user_id_str":null,"in_reply_to_screen_name":null,"user":{"id":821360383,"id_str":"821360383","name":"SHISHAMO","screen_name":"SHISHAMO_BAND","location":"","description":"SHISHAMOという3ピースロックバンドのオフィシャルツイッターです。毎週火曜25時～ON AIRのJ-WAVE(81.3FM)SPARKナビゲーター。8月2日ニューシングル「BYE BYE」リリース。","url":"https://t.co/WowqEztYB7","entities":{"url":{"urls":[{"url":"https://t.co/WowqEztYB7","expanded_url":"http://shishamo.biz/","display_url":"shishamo.biz","indices":[0,23]}]},"description":{"urls":[]}},"protected":false,"followers_count":223443,"friends_count":62,"listed_count":2349,"created_at":"Thu Sep 13 11:39:51 +0000 2012","favourites_count":0,"utc_offset":null,"time_zone":null,"geo_enabled":true,"verified":false,"statuses_count":6628,"lang":"ja","contributors_enabled":false,"is_translator":false,"is_translation_enabled":false,"profile_background_color":"C0DEED","profile_background_image_url":"http://abs.twimg.com/images/themes/theme1/bg.png","profile_background_image_url_https":"https://abs.twimg.com/images/themes/theme1/bg.png","profile_background_tile":false,"profile_image_url":"http://pbs.twimg.com/profile_images/2605307658/SLOGO_normal.jpg","profile_image_url_https":"https://pbs.twimg.com/profile_images/2605307658/SLOGO_normal.jpg","profile_banner_url":"https://pbs.twimg.com/profile_banners/821360383/1498793111","profile_link_color":"1DA1F2","profile_sidebar_border_color":"C0DEED","profile_sidebar_fill_color":"DDEEF6","profile_text_color":"333333","profile_use_background_image":true,"has_extended_profile":false,"default_profile":true,"default_profile_image":false,"following":false,"follow_request_sent":false,"notifications":false,"translator_type":"none"},"geo":null,"coordinates":null,"place":null,"contributors":null,"is_quote_status":false,"retweet_count":564,"favorite_count":4064,"favorited":false,"retweeted":false,"possibly_sensitive":false,"lang":"ja"},{"created_at":"Thu Jul 20 15:36:06 +0000 2017","id":888059950857035800,"id_str":"888059950857035776","text":"ボソッ。\n某パイセンカラ『ハイスタとの対バン発表に胸熱になったよ』ッテメールヲ頂イタ。\nソシテ、冷静ニ考エル俺。。\nオファー頂イタ時カラ発表マデ普通ニ他ノ事バッカリ考エテタナァ、、今宵ハユックリ嬉シガリマス(￢з￢)w\nアト、コンナ夢ヲ掴メルバンドニシテクレタミンナニモ感謝！","truncated":false,"entities":{"hashtags":[],"symbols":[],"user_mentions":[],"urls":[]},"metadata":{"iso_language_code":"ja","result_type":"recent"},"source":"<a href=\"http://twitter.com/download/iphone\" rel=\"nofollow\">Twitter for iPhone</a>","in_reply_to_status_id":null,"in_reply_to_status_id_str":null,"in_reply_to_user_id":null,"in_reply_to_user_id_str":null,"in_reply_to_screen_name":null,"user":{"id":114729607,"id_str":"114729607","name":"MAN WITH A MISSION","screen_name":"mwamjapan","location":"MWAM総本山  ","description":"MAN WITH A MISSION。通称MWAM。彼らは天才科学者ジミーヘンドリックスがこの世に残した、究極の生命体。『使命を持った男』があなたの街に、あのライブハウスに、あの国に。世界中に出没して、次なる『使命』を全うしにやってくる・・・","url":"http://t.co/LZbt6h1foD","entities":{"url":{"urls":[{"url":"http://t.co/LZbt6h1foD","expanded_url":"http://www.mwamjapan.info/","display_url":"mwamjapan.info","indices":[0,22]}]},"description":{"urls":[]}},"protected":false,"followers_count":882131,"friends_count":16621,"listed_count":7095,"created_at":"Tue Feb 16 12:24:52 +0000 2010","favourites_count":279,"utc_offset":32400,"time_zone":"Tokyo","geo_enabled":true,"verified":true,"statuses_count":45267,"lang":"ja","contributors_enabled":false,"is_translator":false,"is_translation_enabled":true,"profile_background_color":"1A1B1F","profile_background_image_url":"http://pbs.twimg.com/profile_background_images/80673257/MWAM__twitter.JPG","profile_background_image_url_https":"https://pbs.twimg.com/profile_background_images/80673257/MWAM__twitter.JPG","profile_background_tile":true,"profile_image_url":"http://pbs.twimg.com/profile_images/3457556521/3021070150be343a23fb1dd353ca5fcb_normal.jpeg","profile_image_url_https":"https://pbs.twimg.com/profile_images/3457556521/3021070150be343a23fb1dd353ca5fcb_normal.jpeg","profile_banner_url":"https://pbs.twimg.com/profile_banners/114729607/1352175323","profile_link_color":"2FC2EF","profile_sidebar_border_color":"181A1E","profile_sidebar_fill_color":"252429","profile_text_color":"666666","profile_use_background_image":true,"has_extended_profile":false,"default_profile":false,"default_profile_image":false,"following":false,"follow_request_sent":false,"notifications":false,"translator_type":"none"},"geo":null,"coordinates":null,"place":null,"contributors":null,"is_quote_status":false,"retweet_count":523,"favorite_count":2757,"favorited":false,"retweeted":false,"lang":"ja"}],"search_metadata":{"completed_in":0.165,"max_id":888069275268796400,"max_id_str":"888069275268796417","next_results":"?max_id=888059950857035775&q=lang%3Aja%20min_retweets%3A500&include_entities=1","query":"lang%3Aja+min_retweets%3A500","refresh_url":"?since_id=888069275268796417&q=lang%3Aja%20min_retweets%3A500&include_entities=1","count":15,"since_id":0,"since_id_str":"0"}}