{"statuses":[{"created_at":"Thu Jul 20 00:20:39 +0000 2017","id":887829570186903600,"id_str":"887829570186903552","text":"【ほっこり】猫の真似して箱に入る子どもが愛らしいとTwitterで話題に\nhttps://t.co/pAy5kXJWNd\n\n生まれてから一緒に過ごしてきたので、猫たちの様子をよく見ているとのこと。これは「いつもの光景」だそうです。 https://t.co/KACYbzwvZv","truncated":false,"entities":{"hashtags":[],"symbols":[],"user_mentions":[],"urls":[{"url":"https://t.co/pAy5kXJWNd","expanded_url":"http://news.livedoor.com/topics/detail/13359350/","display_url":"news.livedoor.com/topics/detail/…","indices":[37,60]}],"media":[{"id":887828016830701600,"id_str":"887828016830701568","indices":[116,139],"media_url":"http://pbs.twimg.com/media/DFIy4JzVYAA0QxZ.jpg","media_url_https":"https://pbs.twimg.com/media/DFIy4JzVYAA0QxZ.jpg","url":"https://t.co/KACYbzwvZv","display_url":"pic.twitter.com/KACYbzwvZv","expanded_url":"https://twitter.com/livedoornews/status/887829570186903552/photo/1","type":"photo","sizes":{"medium":{"w":480,"h":639,"resize":"fit"},"thumb":{"w":150,"h":150,"resize":"crop"},"large":{"w":480,"h":639,"resize":"fit"},"small":{"w":480,"h":639,"resize":"fit"}}}]},"extended_entities":{"media":[{"id":887828016830701600,"id_str":"887828016830701568","indices":[116,139],"media_url":"http://pbs.twimg.com/media/DFIy4JzVYAA0QxZ.jpg","media_url_https":"https://pbs.twimg.com/media/DFIy4JzVYAA0QxZ.jpg","url":"https://t.co/KACYbzwvZv","display_url":"pic.twitter.com/KACYbzwvZv","expanded_url":"https://twitter.com/livedoornews/status/887829570186903552/photo/1","type":"photo","sizes":{"medium":{"w":480,"h":639,"resize":"fit"},"thumb":{"w":150,"h":150,"resize":"crop"},"large":{"w":480,"h":639,"resize":"fit"},"small":{"w":480,"h":639,"resize":"fit"}}},{"id":887828032114671600,"id_str":"887828032114671616","indices":[116,139],"media_url":"http://pbs.twimg.com/media/DFIy5CvUQAAUMDI.jpg","media_url_https":"https://pbs.twimg.com/media/DFIy5CvUQAAUMDI.jpg","url":"https://t.co/KACYbzwvZv","display_url":"pic.twitter.com/KACYbzwvZv","expanded_url":"https://twitter.com/livedoornews/status/887829570186903552/photo/1","type":"photo","sizes":{"small":{"w":639,"h":479,"resize":"fit"},"large":{"w":639,"h":479,"resize":"fit"},"medium":{"w":639,"h":479,"resize":"fit"},"thumb":{"w":150,"h":150,"resize":"crop"}}},{"id":887828053329551400,"id_str":"887828053329551362","indices":[116,139],"media_url":"http://pbs.twimg.com/media/DFIy6RxVoAIBmlY.jpg","media_url_https":"https://pbs.twimg.com/media/DFIy6RxVoAIBmlY.jpg","url":"https://t.co/KACYbzwvZv","display_url":"pic.twitter.com/KACYbzwvZv","expanded_url":"https://twitter.com/livedoornews/status/887829570186903552/photo/1","type":"photo","sizes":{"large":{"w":639,"h":480,"resize":"fit"},"small":{"w":639,"h":480,"resize":"fit"},"thumb":{"w":150,"h":150,"resize":"crop"},"medium":{"w":639,"h":480,"resize":"fit"}}},{"id":887828069838315500,"id_str":"887828069838315520","indices":[116,139],"media_url":"http://pbs.twimg.com/media/DFIy7PRVYAA7Y8l.jpg","media_url_https":"https://pbs.twimg.com/media/DFIy7PRVYAA7Y8l.jpg","url":"https://t.co/KACYbzwvZv","display_url":"pic.twitter.com/KACYbzwvZv","expanded_url":"https://twitter.com/livedoornews/status/887829570186903552/photo/1","type":"photo","sizes":{"small":{"w":639,"h":480,"resize":"fit"},"thumb":{"w":150,"h":150,"resize":"crop"},"large":{"w":639,"h":480,"resize":"fit"},"medium":{"w":639,"h":480,"resize":"fit"}}}]},"metadata":{"iso_language_code":"ja","result_type":"recent"},"source":"<a href=\"http://twitter.com\" rel=\"nofollow\">Twitter Web Client</a>","in_reply_to_status_id":null,"in_reply_to_status_id_str":null,"in_reply_to_user_id":null,"in_reply_to_user_id_str":null,"in_reply_to_screen_name":null,"user":{"id":17306975,"id_str":"17306975","name":"ライブドアニュース","screen_name":"livedoornews","location":"","description":"LINE →https://t.co/yhJO0o7Jns／FB → https://t.co/LHTCuyIEjr／インスタ／→https://t.co/SpmVgPtfCG","url":"http://t.co/Q4Bh3OCfgY","entities":{"url":{"urls":[{"url":"http://t.co/Q4Bh3OCfgY","expanded_url":"http://news.livedoor.com/","display_url":"news.livedoor.com","indices":[0,22]}]},"description":{"urls":[{"url":"https://t.co/yhJO0o7Jns","expanded_url":"http://goo.gl/upBgKP","display_url":"goo.gl/upBgKP","indices":[6,29]},{"url":"https://t.co/LHTCuyIEjr","expanded_url":"http://goo.gl/nDULhn","display_url":"goo.gl/nDULhn","indices":[35,58]},{"url":"https://t.co/SpmVgPtfCG","expanded_url":"http://goo.gl/cHGD9G","display_url":"goo.gl/cHGD9G","indices":[65,88]}]}},"protected":false,"followers_count":431123,"friends_count":88,"listed_count":6138,"created_at":"Tue Nov 11 09:56:31 +0000 2008","favourites_count":2608,"utc_offset":32400,"time_zone":"Tokyo","geo_enabled":false,"verified":true,"statuses_count":177096,"lang":"ja","contributors_enabled":false,"is_translator":false,"is_translation_enabled":false,"profile_background_color":"FFFFFF","profile_background_image_url":"http://pbs.twimg.com/profile_background_images/378800000085828060/4b07c1d868c917fb65a3d64a20904cd5.jpeg","profile_background_image_url_https":"https://pbs.twimg.com/profile_background_images/378800000085828060/4b07c1d868c917fb65a3d64a20904cd5.jpeg","profile_background_tile":false,"profile_image_url":"http://pbs.twimg.com/profile_images/875662964988166149/whdJTD2I_normal.jpg","profile_image_url_https":"https://pbs.twimg.com/profile_images/875662964988166149/whdJTD2I_normal.jpg","profile_link_color":"51ADD4","profile_sidebar_border_color":"FFFFFF","profile_sidebar_fill_color":"95E8EC","profile_text_color":"3C3940","profile_use_background_image":true,"has_extended_profile":false,"default_profile":false,"default_profile_image":false,"following":false,"follow_request_sent":false,"notifications":false,"translator_type":"none"},"geo":null,"coordinates":null,"place":null,"contributors":null,"is_quote_status":false,"retweet_count":491,"favorite_count":777,"favorited":false,"retweeted":false,"possibly_sensitive":false,"lang":"ja"},{"created_at":"Thu Jul 20 00:16:05 +0000 2017","id":887828423908794400,"id_str":"887828423908794368","text":"20日9時11分頃、宮城県・福島県で最大震度4を観測する地震がありました。震源地は福島県沖、M5.6。この地震による津波の心配はありません。 https://t.co/oQNnnwDKTW #jishin","truncated":false,"entities":{"hashtags":[{"text":"jishin","indices":[95,102]}],"symbols":[],"user_mentions":[],"urls":[{"url":"https://t.co/oQNnnwDKTW","expanded_url":"http://www.tenki.jp/bousai/earthquake/detail-20170720091136.html","display_url":"tenki.jp/bousai/earthqu…","indices":[71,94]}]},"metadata":{"iso_language_code":"ja","result_type":"recent"},"source":"<a href=\"http://www.tenki.jp/\" rel=\"nofollow\">tenki.jp</a>","in_reply_to_status_id":null,"in_reply_to_status_id_str":null,"in_reply_to_user_id":null,"in_reply_to_user_id_str":null,"in_reply_to_screen_name":null,"user":{"id":599969854,"id_str":"599969854","name":"tenki.jp地震情報","screen_name":"tenkijp_jishin","location":"","description":"日本気象協会tenki.jpの公式アカウント\n地震情報を速報でお伝えします。\nPC：http://t.co/PymoP2yoF1\nスマホ：http://t.co/MDL5S19ixF","url":"http://t.co/82IKicrHss","entities":{"url":{"urls":[{"url":"http://t.co/82IKicrHss","expanded_url":"http://www.tenki.jp/bousai/earthquake/","display_url":"tenki.jp/bousai/earthqu…","indices":[0,22]}]},"description":{"urls":[{"url":"http://t.co/PymoP2yoF1","expanded_url":"http://www.tenki.jp/bousai/earthquake/","display_url":"tenki.jp/bousai/earthqu…","indices":[42,64]},{"url":"http://t.co/MDL5S19ixF","expanded_url":"http://www.tenki.jp/lite/bousai/earthquake/","display_url":"tenki.jp/lite/bousai/ea…","indices":[69,91]}]}},"protected":false,"followers_count":1498112,"friends_count":160,"listed_count":25159,"created_at":"Tue Jun 05 09:19:53 +0000 2012","favourites_count":0,"utc_offset":28800,"time_zone":"Irkutsk","geo_enabled":false,"verified":true,"statuses_count":13984,"lang":"ja","contributors_enabled":false,"is_translator":false,"is_translation_enabled":false,"profile_background_color":"ECECEC","profile_background_image_url":"http://pbs.twimg.com/profile_background_images/572464099/kwb1tjfmjxceo6pkaryi.png","profile_background_image_url_https":"https://pbs.twimg.com/profile_background_images/572464099/kwb1tjfmjxceo6pkaryi.png","profile_background_tile":false,"profile_image_url":"http://pbs.twimg.com/profile_images/489964377273933825/ZP2ATLMQ_normal.png","profile_image_url_https":"https://pbs.twimg.com/profile_images/489964377273933825/ZP2ATLMQ_normal.png","profile_link_color":"0084B4","profile_sidebar_border_color":"C0DEED","profile_sidebar_fill_color":"DDEEF6","profile_text_color":"333333","profile_use_background_image":true,"has_extended_profile":false,"default_profile":false,"default_profile_image":false,"following":false,"follow_request_sent":false,"notifications":false,"translator_type":"none"},"geo":null,"coordinates":null,"place":null,"contributors":null,"is_quote_status":false,"retweet_count":524,"favorite_count":141,"favorited":false,"retweeted":false,"possibly_sensitive":false,"lang":"ja"},{"created_at":"Thu Jul 20 00:14:29 +0000 2017","id":887828021045940200,"id_str":"887828021045940224","text":"【気象庁速報】20日　09時11分頃　最大震度4の地震が発生。( https://t.co/TV52aAYuLD ) 震度4：宮城県中部他/震度3：宮城県北部他 #saigai #jishin #earthquake","truncated":false,"entities":{"hashtags":[{"text":"saigai","indices":[81,88]},{"text":"jishin","indices":[89,96]},{"text":"earthquake","indices":[97,108]}],"symbols":[],"user_mentions":[],"urls":[{"url":"https://t.co/TV52aAYuLD","expanded_url":"http://j.mp/2vEmcUH","display_url":"j.mp/2vEmcUH","indices":[33,56]}]},"metadata":{"iso_language_code":"ja","result_type":"recent"},"source":"<a href=\"http://labs.transrain.net/products/earthquake_jp/\" rel=\"nofollow\">日本の地下</a>","in_reply_to_status_id":null,"in_reply_to_status_id_str":null,"in_reply_to_user_id":null,"in_reply_to_user_id_str":null,"in_reply_to_screen_name":null,"user":{"id":4104111,"id_str":"4104111","name":"地震速報","screen_name":"earthquake_jp","location":"","description":"[BOT]警戒：震度1以上 もしくは M3以上の地震情報を提供しています。\n\n基本的に返事は行いません。問い合わせは@ariela もしくはyuki at http://t.co/4GuGRNrcx8にどうぞ。\n\n非公式RTを繰り返すBOTはブロックします。","url":"http://earthquake.transrain.net/","entities":{"url":{"urls":[{"url":"http://earthquake.transrain.net/","expanded_url":null,"indices":[0,32]}]},"description":{"urls":[{"url":"http://t.co/4GuGRNrcx8","expanded_url":"http://transrain.net","display_url":"transrain.net","indices":[78,100]}]}},"protected":false,"followers_count":2632226,"friends_count":5,"listed_count":46884,"created_at":"Wed Apr 11 01:33:52 +0000 2007","favourites_count":1,"utc_offset":32400,"time_zone":"Osaka","geo_enabled":true,"verified":false,"statuses_count":41655,"lang":"ja","contributors_enabled":false,"is_translator":false,"is_translation_enabled":false,"profile_background_color":"1A1B1F","profile_background_image_url":"http://abs.twimg.com/images/themes/theme9/bg.gif","profile_background_image_url_https":"https://abs.twimg.com/images/themes/theme9/bg.gif","profile_background_tile":false,"profile_image_url":"http://pbs.twimg.com/profile_images/368358807/eqjp_normal.png","profile_image_url_https":"https://pbs.twimg.com/profile_images/368358807/eqjp_normal.png","profile_link_color":"2FC2EF","profile_sidebar_border_color":"181A1E","profile_sidebar_fill_color":"252429","profile_text_color":"666666","profile_use_background_image":true,"has_extended_profile":false,"default_profile":false,"default_profile_image":false,"following":false,"follow_request_sent":false,"notifications":false,"translator_type":"none"},"geo":null,"coordinates":null,"place":null,"contributors":null,"is_quote_status":false,"retweet_count":1165,"favorite_count":275,"favorited":false,"retweeted":false,"possibly_sensitive":false,"lang":"ja"},{"created_at":"Thu Jul 20 00:14:08 +0000 2017","id":887827932650979300,"id_str":"887827932650979328","text":"20日9時11分頃、宮城県・福島県などで最大震度4を観測する地震がありました。今後の情報にご注意下さい。 https://t.co/oQNnnwDKTW #jishin","truncated":false,"entities":{"hashtags":[{"text":"jishin","indices":[77,84]}],"symbols":[],"user_mentions":[],"urls":[{"url":"https://t.co/oQNnnwDKTW","expanded_url":"http://www.tenki.jp/bousai/earthquake/detail-20170720091136.html","display_url":"tenki.jp/bousai/earthqu…","indices":[53,76]}]},"metadata":{"iso_language_code":"ja","result_type":"recent"},"source":"<a href=\"http://www.tenki.jp/\" rel=\"nofollow\">tenki.jp</a>","in_reply_to_status_id":null,"in_reply_to_status_id_str":null,"in_reply_to_user_id":null,"in_reply_to_user_id_str":null,"in_reply_to_screen_name":null,"user":{"id":599969854,"id_str":"599969854","name":"tenki.jp地震情報","screen_name":"tenkijp_jishin","location":"","description":"日本気象協会tenki.jpの公式アカウント\n地震情報を速報でお伝えします。\nPC：http://t.co/PymoP2yoF1\nスマホ：http://t.co/MDL5S19ixF","url":"http://t.co/82IKicrHss","entities":{"url":{"urls":[{"url":"http://t.co/82IKicrHss","expanded_url":"http://www.tenki.jp/bousai/earthquake/","display_url":"tenki.jp/bousai/earthqu…","indices":[0,22]}]},"description":{"urls":[{"url":"http://t.co/PymoP2yoF1","expanded_url":"http://www.tenki.jp/bousai/earthquake/","display_url":"tenki.jp/bousai/earthqu…","indices":[42,64]},{"url":"http://t.co/MDL5S19ixF","expanded_url":"http://www.tenki.jp/lite/bousai/earthquake/","display_url":"tenki.jp/lite/bousai/ea…","indices":[69,91]}]}},"protected":false,"followers_count":1498112,"friends_count":160,"listed_count":25159,"created_at":"Tue Jun 05 09:19:53 +0000 2012","favourites_count":0,"utc_offset":28800,"time_zone":"Irkutsk","geo_enabled":false,"verified":true,"statuses_count":13984,"lang":"ja","contributors_enabled":false,"is_translator":false,"is_translation_enabled":false,"profile_background_color":"ECECEC","profile_background_image_url":"http://pbs.twimg.com/profile_background_images/572464099/kwb1tjfmjxceo6pkaryi.png","profile_background_image_url_https":"https://pbs.twimg.com/profile_background_images/572464099/kwb1tjfmjxceo6pkaryi.png","profile_background_tile":false,"profile_image_url":"http://pbs.twimg.com/profile_images/489964377273933825/ZP2ATLMQ_normal.png","profile_image_url_https":"https://pbs.twimg.com/profile_images/489964377273933825/ZP2ATLMQ_normal.png","profile_link_color":"0084B4","profile_sidebar_border_color":"C0DEED","profile_sidebar_fill_color":"DDEEF6","profile_text_color":"333333","profile_use_background_image":true,"has_extended_profile":false,"default_profile":false,"default_profile_image":false,"following":false,"follow_request_sent":false,"notifications":false,"translator_type":"none"},"geo":null,"coordinates":null,"place":null,"contributors":null,"is_quote_status":false,"retweet_count":798,"favorite_count":173,"favorited":false,"retweeted":false,"possibly_sensitive":false,"lang":"ja"},{"created_at":"Thu Jul 20 00:13:11 +0000 2017","id":887827693160415200,"id_str":"887827693160415232","text":"09時11分頃、地震がありました。\n\n［震度４］宮城中部、福島浜通り\n［震度３］宮城北部、宮城南部、福島中通り、会津、茨城北部、茨城南部","truncated":false,"entities":{"hashtags":[],"symbols":[],"user_mentions":[],"urls":[]},"metadata":{"iso_language_code":"ja","result_type":"recent"},"source":"<a href=\"http://news.livedoor.com/\" rel=\"nofollow\">ライブドアニュース（livedoorニュース）</a>","in_reply_to_status_id":null,"in_reply_to_status_id_str":null,"in_reply_to_user_id":null,"in_reply_to_user_id_str":null,"in_reply_to_screen_name":null,"user":{"id":17306975,"id_str":"17306975","name":"ライブドアニュース","screen_name":"livedoornews","location":"","description":"LINE →https://t.co/yhJO0o7Jns／FB → https://t.co/LHTCuyIEjr／インスタ／→https://t.co/SpmVgPtfCG","url":"http://t.co/Q4Bh3OCfgY","entities":{"url":{"urls":[{"url":"http://t.co/Q4Bh3OCfgY","expanded_url":"http://news.livedoor.com/","display_url":"news.livedoor.com","indices":[0,22]}]},"description":{"urls":[{"url":"https://t.co/yhJO0o7Jns","expanded_url":"http://goo.gl/upBgKP","display_url":"goo.gl/upBgKP","indices":[6,29]},{"url":"https://t.co/LHTCuyIEjr","expanded_url":"http://goo.gl/nDULhn","display_url":"goo.gl/nDULhn","indices":[35,58]},{"url":"https://t.co/SpmVgPtfCG","expanded_url":"http://goo.gl/cHGD9G","display_url":"goo.gl/cHGD9G","indices":[65,88]}]}},"protected":false,"followers_count":431123,"friends_count":88,"listed_count":6138,"created_at":"Tue Nov 11 09:56:31 +0000 2008","favourites_count":2608,"utc_offset":32400,"time_zone":"Tokyo","geo_enabled":false,"verified":true,"statuses_count":177096,"lang":"ja","contributors_enabled":false,"is_translator":false,"is_translation_enabled":false,"profile_background_color":"FFFFFF","profile_background_image_url":"http://pbs.twimg.com/profile_background_images/378800000085828060/4b07c1d868c917fb65a3d64a20904cd5.jpeg","profile_background_image_url_https":"https://pbs.twimg.com/profile_background_images/378800000085828060/4b07c1d868c917fb65a3d64a20904cd5.jpeg","profile_background_tile":false,"profile_image_url":"http://pbs.twimg.com/profile_images/875662964988166149/whdJTD2I_normal.jpg","profile_image_url_https":"https://pbs.twimg.com/profile_images/875662964988166149/whdJTD2I_normal.jpg","profile_link_color":"51ADD4","profile_sidebar_border_color":"FFFFFF","profile_sidebar_fill_color":"95E8EC","profile_text_color":"3C3940","profile_use_background_image":true,"has_extended_profile":false,"default_profile":false,"default_profile_image":false,"following":false,"follow_request_sent":false,"notifications":false,"translator_type":"none"},"geo":null,"coordinates":null,"place":null,"contributors":null,"is_quote_status":false,"retweet_count":595,"favorite_count":203,"favorited":false,"retweeted":false,"lang":"ja"},{"created_at":"Thu Jul 20 00:12:30 +0000 2017","id":887827521583988700,"id_str":"887827521583988736","text":"[緊急地震速報]09:12:29現在\n第13報(終)　予報\n発生：09:11:26\n震源：福島県沖　37.3N 141.4E　30km\n規模：M5.4　最大4\n予想：1.6　到達　-\n確度：106% https://t.co/gyOF3mVg6U","truncated":false,"entities":{"hashtags":[],"symbols":[],"user_mentions":[],"urls":[],"media":[{"id":887827518878662700,"id_str":"887827518878662656","indices":[100,123],"media_url":"http://pbs.twimg.com/media/DFIybKyUQAAg5VK.jpg","media_url_https":"https://pbs.twimg.com/media/DFIybKyUQAAg5VK.jpg","url":"https://t.co/gyOF3mVg6U","display_url":"pic.twitter.com/gyOF3mVg6U","expanded_url":"https://twitter.com/EqAlarm/status/887827521583988736/photo/1","type":"photo","sizes":{"medium":{"w":504,"h":340,"resize":"fit"},"thumb":{"w":150,"h":150,"resize":"crop"},"large":{"w":504,"h":340,"resize":"fit"},"small":{"w":504,"h":340,"resize":"fit"}}}]},"extended_entities":{"media":[{"id":887827518878662700,"id_str":"887827518878662656","indices":[100,123],"media_url":"http://pbs.twimg.com/media/DFIybKyUQAAg5VK.jpg","media_url_https":"https://pbs.twimg.com/media/DFIybKyUQAAg5VK.jpg","url":"https://t.co/gyOF3mVg6U","display_url":"pic.twitter.com/gyOF3mVg6U","expanded_url":"https://twitter.com/EqAlarm/status/887827521583988736/photo/1","type":"photo","sizes":{"medium":{"w":504,"h":340,"resize":"fit"},"thumb":{"w":150,"h":150,"resize":"crop"},"large":{"w":504,"h":340,"resize":"fit"},"small":{"w":504,"h":340,"resize":"fit"}}}]},"metadata":{"iso_language_code":"ja","result_type":"recent"},"source":"<a href=\"http://www.geocities.jp/eqwatch2012/\" rel=\"nofollow\">EqRobo</a>","in_reply_to_status_id":null,"in_reply_to_status_id_str":null,"in_reply_to_user_id":null,"in_reply_to_user_id_str":null,"in_reply_to_screen_name":null,"user":{"id":2418700904,"id_str":"2418700904","name":"地震速報","screen_name":"EqAlarm","location":"","description":"地震速報の試験運用 (EqRobo for EqWatch)。\r\n緊急地震速報の予想震度および猶予時間は東京都新宿区のものです。\r\n速報内容の詳細は以下のURLから","url":"http://t.co/19nrp6FDga","entities":{"url":{"urls":[{"url":"http://t.co/19nrp6FDga","expanded_url":"http://www.geocities.jp/eqwatch2012/tools/abouteqalarm.html","display_url":"geocities.jp/eqwatch2012/to…","indices":[0,22]}]},"description":{"urls":[]}},"protected":false,"followers_count":39049,"friends_count":0,"listed_count":1430,"created_at":"Sun Mar 30 08:32:53 +0000 2014","favourites_count":0,"utc_offset":32400,"time_zone":"Tokyo","geo_enabled":false,"verified":false,"statuses_count":41734,"lang":"ja","contributors_enabled":false,"is_translator":false,"is_translation_enabled":false,"profile_background_color":"C0DEED","profile_background_image_url":"http://abs.twimg.com/images/themes/theme1/bg.png","profile_background_image_url_https":"https://abs.twimg.com/images/themes/theme1/bg.png","profile_background_tile":false,"profile_image_url":"http://pbs.twimg.com/profile_images/451227638858674176/XDSGydTM_normal.png","profile_image_url_https":"https://pbs.twimg.com/profile_images/451227638858674176/XDSGydTM_normal.png","profile_banner_url":"https://pbs.twimg.com/profile_banners/2418700904/1398430688","profile_link_color":"1DA1F2","profile_sidebar_border_color":"C0DEED","profile_sidebar_fill_color":"DDEEF6","profile_text_color":"333333","profile_use_background_image":true,"has_extended_profile":false,"default_profile":true,"default_profile_image":false,"following":false,"follow_request_sent":false,"notifications":false,"translator_type":"none"},"geo":null,"coordinates":null,"place":null,"contributors":null,"is_quote_status":false,"retweet_count":653,"favorite_count":185,"favorited":false,"retweeted":false,"possibly_sensitive":false,"lang":"ja"},{"created_at":"Thu Jul 20 00:11:44 +0000 2017","id":887827327295541200,"id_str":"887827327295541249","text":"【速報LV1】20日　09時11分頃　福島県沖（N37.3/E141.6）(推定)にて　M5.3（推定）の地震が発生。　震源の深さは推定47.3km。( https://t.co/sGgEvk5mmd ) #saigai #jishin #earthquake","truncated":false,"entities":{"hashtags":[{"text":"saigai","indices":[103,110]},{"text":"jishin","indices":[111,118]},{"text":"earthquake","indices":[119,130]}],"symbols":[],"user_mentions":[],"urls":[{"url":"https://t.co/sGgEvk5mmd","expanded_url":"http://j.mp/2vDX4gQ","display_url":"j.mp/2vDX4gQ","indices":[77,100]}]},"metadata":{"iso_language_code":"ja","result_type":"recent"},"source":"<a href=\"http://labs.transrain.net/products/earthquake_jp/\" rel=\"nofollow\">日本の地下</a>","in_reply_to_status_id":null,"in_reply_to_status_id_str":null,"in_reply_to_user_id":null,"in_reply_to_user_id_str":null,"in_reply_to_screen_name":null,"user":{"id":4104111,"id_str":"4104111","name":"地震速報","screen_name":"earthquake_jp","location":"","description":"[BOT]警戒：震度1以上 もしくは M3以上の地震情報を提供しています。\n\n基本的に返事は行いません。問い合わせは@ariela もしくはyuki at http://t.co/4GuGRNrcx8にどうぞ。\n\n非公式RTを繰り返すBOTはブロックします。","url":"http://earthquake.transrain.net/","entities":{"url":{"urls":[{"url":"http://earthquake.transrain.net/","expanded_url":null,"indices":[0,32]}]},"description":{"urls":[{"url":"http://t.co/4GuGRNrcx8","expanded_url":"http://transrain.net","display_url":"transrain.net","indices":[78,100]}]}},"protected":false,"followers_count":2632226,"friends_count":5,"listed_count":46884,"created_at":"Wed Apr 11 01:33:52 +0000 2007","favourites_count":1,"utc_offset":32400,"time_zone":"Osaka","geo_enabled":true,"verified":false,"statuses_count":41655,"lang":"ja","contributors_enabled":false,"is_translator":false,"is_translation_enabled":false,"profile_background_color":"1A1B1F","profile_background_image_url":"http://abs.twimg.com/images/themes/theme9/bg.gif","profile_background_image_url_https":"https://abs.twimg.com/images/themes/theme9/bg.gif","profile_background_tile":false,"profile_image_url":"http://pbs.twimg.com/profile_images/368358807/eqjp_normal.png","profile_image_url_https":"https://pbs.twimg.com/profile_images/368358807/eqjp_normal.png","profile_link_color":"2FC2EF","profile_sidebar_border_color":"181A1E","profile_sidebar_fill_color":"252429","profile_text_color":"666666","profile_use_background_image":true,"has_extended_profile":false,"default_profile":false,"default_profile_image":false,"following":false,"follow_request_sent":false,"notifications":false,"translator_type":"none"},"geo":{"type":"Point","coordinates":[37.3,141.6]},"coordinates":{"type":"Point","coordinates":[141.6,37.3]},"place":null,"contributors":null,"is_quote_status":false,"retweet_count":2042,"favorite_count":533,"favorited":false,"retweeted":false,"possibly_sensitive":false,"lang":"ja"},{"created_at":"Thu Jul 20 00:04:21 +0000 2017","id":887825469793460200,"id_str":"887825469793460224","text":"混沌を越えし我らが神聖なる調律主を讃えよ\n\n無理です、怒槌なんて比じゃ無い https://t.co/Dv6CLBlNgh","truncated":false,"entities":{"hashtags":[],"symbols":[],"user_mentions":[],"urls":[],"media":[{"id":887824392176017400,"id_str":"887824392176017408","indices":[38,61],"media_url":"http://pbs.twimg.com/ext_tw_video_thumb/887824392176017408/pu/img/hespFfeXll-VBOV1.jpg","media_url_https":"https://pbs.twimg.com/ext_tw_video_thumb/887824392176017408/pu/img/hespFfeXll-VBOV1.jpg","url":"https://t.co/Dv6CLBlNgh","display_url":"pic.twitter.com/Dv6CLBlNgh","expanded_url":"https://twitter.com/seava_tmg/status/887825469793460224/video/1","type":"photo","sizes":{"small":{"w":340,"h":191,"resize":"fit"},"thumb":{"w":150,"h":150,"resize":"crop"},"medium":{"w":600,"h":338,"resize":"fit"},"large":{"w":1024,"h":576,"resize":"fit"}}}]},"extended_entities":{"media":[{"id":887824392176017400,"id_str":"887824392176017408","indices":[38,61],"media_url":"http://pbs.twimg.com/ext_tw_video_thumb/887824392176017408/pu/img/hespFfeXll-VBOV1.jpg","media_url_https":"https://pbs.twimg.com/ext_tw_video_thumb/887824392176017408/pu/img/hespFfeXll-VBOV1.jpg","url":"https://t.co/Dv6CLBlNgh","display_url":"pic.twitter.com/Dv6CLBlNgh","expanded_url":"https://twitter.com/seava_tmg/status/887825469793460224/video/1","type":"video","sizes":{"small":{"w":340,"h":191,"resize":"fit"},"thumb":{"w":150,"h":150,"resize":"crop"},"medium":{"w":600,"h":338,"resize":"fit"},"large":{"w":1024,"h":576,"resize":"fit"}},"video_info":{"aspect_ratio":[16,9],"duration_millis":140013,"variants":[{"bitrate":2176000,"content_type":"video/mp4","url":"https://video.twimg.com/ext_tw_video/887824392176017408/pu/vid/1280x720/fcT9Ff4m-qHqQkZT.mp4"},{"content_type":"application/x-mpegURL","url":"https://video.twimg.com/ext_tw_video/887824392176017408/pu/pl/w2a0ZsAIY8Vtszve.m3u8"},{"bitrate":832000,"content_type":"video/mp4","url":"https://video.twimg.com/ext_tw_video/887824392176017408/pu/vid/640x360/GKmN3koYcTjQpdl0.mp4"},{"bitrate":320000,"content_type":"video/mp4","url":"https://video.twimg.com/ext_tw_video/887824392176017408/pu/vid/320x180/qtrmUmfiYtPuOOnE.mp4"}]},"additional_media_info":{"monetizable":false}}]},"metadata":{"iso_language_code":"ja","result_type":"recent"},"source":"<a href=\"http://twitter.com/download/iphone\" rel=\"nofollow\">Twitter for iPhone</a>","in_reply_to_status_id":null,"in_reply_to_status_id_str":null,"in_reply_to_user_id":null,"in_reply_to_user_id_str":null,"in_reply_to_screen_name":null,"user":{"id":3281261971,"id_str":"3281261971","name":"椎葉紬(CV:さぶ)","screen_name":"seava_tmg","location":"紬ちゃんの隣","description":"ウニ全鳥/MAX15.68/紫AJ340/SV,*UMR,HJ,etc…/フリ素/ゴミ箱シュート全1/じゃがりこ下手/クソレビュー/他のも色々やってます/詳しくはhttps://t.co/CDuwASXJj3へ/アイコン:@KonaRune_","url":"https://t.co/CDuwASXJj3","entities":{"url":{"urls":[{"url":"https://t.co/CDuwASXJj3","expanded_url":"http://twpf.jp/seava_tmg","display_url":"twpf.jp/seava_tmg","indices":[0,23]}]},"description":{"urls":[{"url":"https://t.co/CDuwASXJj3","expanded_url":"http://twpf.jp/seava_tmg","display_url":"twpf.jp/seava_tmg","indices":[81,104]}]}},"protected":false,"followers_count":1427,"friends_count":1303,"listed_count":38,"created_at":"Thu Jul 16 03:52:50 +0000 2015","favourites_count":17459,"utc_offset":32400,"time_zone":"Osaka","geo_enabled":true,"verified":false,"statuses_count":88090,"lang":"ja","contributors_enabled":false,"is_translator":false,"is_translation_enabled":false,"profile_background_color":"000000","profile_background_image_url":"http://abs.twimg.com/images/themes/theme1/bg.png","profile_background_image_url_https":"https://abs.twimg.com/images/themes/theme1/bg.png","profile_background_tile":false,"profile_image_url":"http://pbs.twimg.com/profile_images/866310496940470272/7-6QZr7N_normal.jpg","profile_image_url_https":"https://pbs.twimg.com/profile_images/866310496940470272/7-6QZr7N_normal.jpg","profile_banner_url":"https://pbs.twimg.com/profile_banners/3281261971/1479133764","profile_link_color":"19CF86","profile_sidebar_border_color":"000000","profile_sidebar_fill_color":"000000","profile_text_color":"000000","profile_use_background_image":false,"has_extended_profile":true,"default_profile":false,"default_profile_image":false,"following":false,"follow_request_sent":false,"notifications":false,"translator_type":"none"},"geo":null,"coordinates":null,"place":null,"contributors":null,"is_quote_status":false,"retweet_count":807,"favorite_count":449,"favorited":false,"retweeted":false,"possibly_sensitive":false,"lang":"ja"},{"created_at":"Thu Jul 20 00:01:04 +0000 2017","id":887824643825877000,"id_str":"887824643825876992","text":"With amazing band members! 素敵なバンドメンバーと！\n#Toshl @SUGIZOofficial  #XJAPAN  #WeAeX https://t.co/JbDnlYapPn https://t.co/1FNvMgewQT","truncated":false,"entities":{"hashtags":[{"text":"Toshl","indices":[40,46]},{"text":"XJAPAN","indices":[64,71]},{"text":"WeAeX","indices":[73,79]}],"symbols":[],"user_mentions":[{"screen_name":"SUGIZOofficial","name":"SUGIZO","id":210419552,"id_str":"210419552","indices":[47,62]}],"urls":[{"url":"https://t.co/JbDnlYapPn","expanded_url":"https://www.instagram.com/p/BWv0_DuAdvK/?taken-by=yoshikiofficial&hl=en","display_url":"instagram.com/p/BWv0_DuAdvK/…","indices":[80,103]}],"media":[{"id":887824070145749000,"id_str":"887824070145748992","indices":[104,127],"media_url":"http://pbs.twimg.com/media/DFIvSbQUMAAed4_.jpg","media_url_https":"https://pbs.twimg.com/media/DFIvSbQUMAAed4_.jpg","url":"https://t.co/1FNvMgewQT","display_url":"pic.twitter.com/1FNvMgewQT","expanded_url":"https://twitter.com/YoshikiOfficial/status/887824643825876992/photo/1","type":"photo","sizes":{"medium":{"w":1200,"h":900,"resize":"fit"},"thumb":{"w":150,"h":150,"resize":"crop"},"small":{"w":680,"h":510,"resize":"fit"},"large":{"w":1280,"h":960,"resize":"fit"}}}]},"extended_entities":{"media":[{"id":887824070145749000,"id_str":"887824070145748992","indices":[104,127],"media_url":"http://pbs.twimg.com/media/DFIvSbQUMAAed4_.jpg","media_url_https":"https://pbs.twimg.com/media/DFIvSbQUMAAed4_.jpg","url":"https://t.co/1FNvMgewQT","display_url":"pic.twitter.com/1FNvMgewQT","expanded_url":"https://twitter.com/YoshikiOfficial/status/887824643825876992/photo/1","type":"photo","sizes":{"medium":{"w":1200,"h":900,"resize":"fit"},"thumb":{"w":150,"h":150,"resize":"crop"},"small":{"w":680,"h":510,"resize":"fit"},"large":{"w":1280,"h":960,"resize":"fit"}}}]},"metadata":{"iso_language_code":"ja","result_type":"recent"},"source":"<a href=\"http://twitter.com\" rel=\"nofollow\">Twitter Web Client</a>","in_reply_to_status_id":null,"in_reply_to_status_id_str":null,"in_reply_to_user_id":null,"in_reply_to_user_id_str":null,"in_reply_to_screen_name":null,"user":{"id":164043817,"id_str":"164043817","name":"Yoshiki","screen_name":"YoshikiOfficial","location":"","description":"https://t.co/QSqfCRyu5g  http://t.co/pQZgE8uKfX http://t.co/LUAhh9Fgco http://t.co/Axud1Mli7i http://t.co/ic5HnillVa\nhttps://t.co/UnyogYSvX7","url":"http://t.co/iFZEEApVK1","entities":{"url":{"urls":[{"url":"http://t.co/iFZEEApVK1","expanded_url":"http://www.yoshiki.net","display_url":"yoshiki.net","indices":[0,22]}]},"description":{"urls":[{"url":"https://t.co/QSqfCRyu5g","expanded_url":"https://www.instagram.com/yoshikiofficial/","display_url":"instagram.com/yoshikiofficia…","indices":[0,23]},{"url":"http://t.co/pQZgE8uKfX","expanded_url":"http://facebook.com/YoshikiOfficial","display_url":"facebook.com/YoshikiOfficial","indices":[25,47]},{"url":"http://t.co/LUAhh9Fgco","expanded_url":"http://youtube.com/yoshikiofficial","display_url":"youtube.com/yoshikiofficial","indices":[48,70]},{"url":"http://t.co/Axud1Mli7i","expanded_url":"http://google.com/+yoshiki","display_url":"google.com/+yoshiki","indices":[71,93]},{"url":"http://t.co/ic5HnillVa","expanded_url":"http://weibo.com/yoshikixjapan","display_url":"weibo.com/yoshikixjapan","indices":[94,116]},{"url":"https://t.co/UnyogYSvX7","expanded_url":"http://yoshikiofficial.tumblr.com/","display_url":"yoshikiofficial.tumblr.com","indices":[117,140]}]}},"protected":false,"followers_count":447672,"friends_count":15836,"listed_count":6376,"created_at":"Wed Jul 07 22:30:26 +0000 2010","favourites_count":48,"utc_offset":-25200,"time_zone":"Pacific Time (US & Canada)","geo_enabled":false,"verified":true,"statuses_count":9146,"lang":"en","contributors_enabled":false,"is_translator":false,"is_translation_enabled":false,"profile_background_color":"C0DEED","profile_background_image_url":"http://abs.twimg.com/images/themes/theme1/bg.png","profile_background_image_url_https":"https://abs.twimg.com/images/themes/theme1/bg.png","profile_background_tile":false,"profile_image_url":"http://pbs.twimg.com/profile_images/776051365705461760/NNMQYb5v_normal.jpg","profile_image_url_https":"https://pbs.twimg.com/profile_images/776051365705461760/NNMQYb5v_normal.jpg","profile_banner_url":"https://pbs.twimg.com/profile_banners/164043817/1488892551","profile_link_color":"1DA1F2","profile_sidebar_border_color":"C0DEED","profile_sidebar_fill_color":"DDEEF6","profile_text_color":"333333","profile_use_background_image":true,"has_extended_profile":false,"default_profile":true,"default_profile_image":false,"following":false,"follow_request_sent":false,"notifications":false,"translator_type":"none"},"geo":null,"coordinates":null,"place":null,"contributors":null,"is_quote_status":false,"retweet_count":593,"favorite_count":1674,"favorited":false,"retweeted":false,"possibly_sensitive":false,"lang":"ja"},{"created_at":"Thu Jul 20 00:00:49 +0000 2017","id":887824579036684300,"id_str":"887824579036684290","text":"＼その場で当たる✨／\n@jalannetをフォロー＆リツイートで\n乃木坂46限定動画＆オリジナルグッズをプレゼント🎁(～8/31)\n詳細は▼\n#じゃらん乃木夏 #乃木坂46 #毎日挑戦\nhttps://t.co/RB3j5QdIZq","truncated":false,"entities":{"hashtags":[{"text":"じゃらん乃木夏","indices":[71,79]},{"text":"乃木坂46","indices":[80,86]},{"text":"毎日挑戦","indices":[87,92]}],"symbols":[],"user_mentions":[{"screen_name":"jalannet","name":"じゃらんnet〈公式〉","id":104657420,"id_str":"104657420","indices":[11,20]}],"urls":[{"url":"https://t.co/RB3j5QdIZq","expanded_url":"https://cards.twitter.com/cards/18ce53vz78s/4gzun","display_url":"cards.twitter.com/cards/18ce53vz…","indices":[93,116]}]},"metadata":{"iso_language_code":"ja","result_type":"recent"},"source":"<a href=\"http://www.hootsuite.com\" rel=\"nofollow\">Hootsuite</a>","in_reply_to_status_id":null,"in_reply_to_status_id_str":null,"in_reply_to_user_id":null,"in_reply_to_user_id_str":null,"in_reply_to_screen_name":null,"user":{"id":104657420,"id_str":"104657420","name":"じゃらんnet〈公式〉","screen_name":"jalannet","location":"tokyo","description":"#じゃらん乃木夏 キャンペーン https://t.co/ckMhbZJt9c ご利用の皆様には大変多くのご応募をいただき誠にありがとうございます。現在一部の利用者による悪質な迷惑行為が確認されております。このため応募条件を「リツイートのみ」の参加と変更させていただきます。何卒ご了承頂きますようお願い申し上げます","url":"https://t.co/KMaSJDljI7","entities":{"url":{"urls":[{"url":"https://t.co/KMaSJDljI7","expanded_url":"http://www.jalan.net/","display_url":"jalan.net","indices":[0,23]}]},"description":{"urls":[{"url":"https://t.co/ckMhbZJt9c","expanded_url":"http://ow.ly/f4F930dgMiT","display_url":"ow.ly/f4F930dgMiT","indices":[16,39]}]}},"protected":false,"followers_count":248601,"friends_count":9,"listed_count":567,"created_at":"Thu Jan 14 00:33:53 +0000 2010","favourites_count":99,"utc_offset":32400,"time_zone":"Tokyo","geo_enabled":false,"verified":true,"statuses_count":2182475,"lang":"ja","contributors_enabled":false,"is_translator":false,"is_translation_enabled":false,"profile_background_color":"000000","profile_background_image_url":"http://abs.twimg.com/images/themes/theme1/bg.png","profile_background_image_url_https":"https://abs.twimg.com/images/themes/theme1/bg.png","profile_background_tile":false,"profile_image_url":"http://pbs.twimg.com/profile_images/430525545340612608/sK5D22SC_normal.jpeg","profile_image_url_https":"https://pbs.twimg.com/profile_images/430525545340612608/sK5D22SC_normal.jpeg","profile_banner_url":"https://pbs.twimg.com/profile_banners/104657420/1499393475","profile_link_color":"1B95E0","profile_sidebar_border_color":"000000","profile_sidebar_fill_color":"000000","profile_text_color":"000000","profile_use_background_image":false,"has_extended_profile":false,"default_profile":false,"default_profile_image":false,"following":false,"follow_request_sent":false,"notifications":false,"translator_type":"none"},"geo":null,"coordinates":null,"place":null,"contributors":null,"is_quote_status":false,"retweet_count":4668,"favorite_count":380,"favorited":false,"retweeted":false,"possibly_sensitive":false,"lang":"ja"},{"created_at":"Wed Jul 19 23:55:09 +0000 2017","id":887823152616689700,"id_str":"887823152616689664","text":"＼もふもふもふもふ／\n＼もふもふもふもふ／\n\n 　 (\\ (\\  (\\  /)  /) /)\n　  ('ㅅ'( 'ㅅ' )'ㅅ')\n\n 　  (\\ (\\  (\\  /)  /) /)\n　   ('ㅅ'( 'ㅅ' )'ㅅ')\n\n＼もくもくもくもく／\n＼もくもくもくようび／","truncated":false,"entities":{"hashtags":[],"symbols":[],"user_mentions":[],"urls":[]},"metadata":{"iso_language_code":"ja","result_type":"recent"},"source":"<a href=\"http://twitter.com\" rel=\"nofollow\">Twitter Web Client</a>","in_reply_to_status_id":null,"in_reply_to_status_id_str":null,"in_reply_to_user_id":null,"in_reply_to_user_id_str":null,"in_reply_to_screen_name":null,"user":{"id":112480180,"id_str":"112480180","name":"キングジム","screen_name":"kingjim","location":"東京都千代田区","description":"創業90周年を迎えた「テプラ」や「ファイル」の株式会社キングジム公式アカウントです。キングジムの商品やサービス、ユルい日常をお届けします。主な情報はWebサイトをご覧ください。ご質問・お問い合わせは、各種サポート窓口にお願い致します。https://t.co/BcjtDu62vv","url":"https://t.co/idKZvoHMoy","entities":{"url":{"urls":[{"url":"https://t.co/idKZvoHMoy","expanded_url":"http://www.kingjim.co.jp/","display_url":"kingjim.co.jp","indices":[0,23]}]},"description":{"urls":[{"url":"https://t.co/BcjtDu62vv","expanded_url":"http://www.kingjim.co.jp/contact","display_url":"kingjim.co.jp/contact","indices":[117,140]}]}},"protected":false,"followers_count":231946,"friends_count":14873,"listed_count":3758,"created_at":"Mon Feb 08 17:10:28 +0000 2010","favourites_count":306,"utc_offset":32400,"time_zone":"Tokyo","geo_enabled":false,"verified":true,"statuses_count":26738,"lang":"ja","contributors_enabled":false,"is_translator":false,"is_translation_enabled":false,"profile_background_color":"FFFFFF","profile_background_image_url":"http://abs.twimg.com/images/themes/theme1/bg.png","profile_background_image_url_https":"https://abs.twimg.com/images/themes/theme1/bg.png","profile_background_tile":false,"profile_image_url":"http://pbs.twimg.com/profile_images/875541051443781632/8b7aesC-_normal.jpg","profile_image_url_https":"https://pbs.twimg.com/profile_images/875541051443781632/8b7aesC-_normal.jpg","profile_banner_url":"https://pbs.twimg.com/profile_banners/112480180/1484811191","profile_link_color":"1E85D4","profile_sidebar_border_color":"FFFFFF","profile_sidebar_fill_color":"E3E3E3","profile_text_color":"333333","profile_use_background_image":false,"has_extended_profile":true,"default_profile":false,"default_profile_image":false,"following":false,"follow_request_sent":false,"notifications":false,"translator_type":"regular"},"geo":null,"coordinates":null,"place":null,"contributors":null,"is_quote_status":false,"retweet_count":566,"favorite_count":834,"favorited":false,"retweeted":false,"lang":"ja"}],"search_metadata":{"completed_in":0.23,"max_id":887829570186903600,"max_id_str":"887829570186903552","query":"lang%3Aja+min_retweets%3A500","refresh_url":"?since_id=887829570186903552&q=lang%3Aja%20min_retweets%3A500&include_entities=1","count":15,"since_id":0,"since_id_str":"0"}}