{"statuses":[{"created_at":"Wed Jul 19 21:01:03 +0000 2017","id":887779341156798500,"id_str":"887779341156798465","text":"ぐでたま八犬伝 https://t.co/hvMIfH1Xkx","truncated":false,"entities":{"hashtags":[],"symbols":[],"user_mentions":[],"urls":[],"media":[{"id":887779337767747600,"id_str":"887779337767747584","indices":[8,31],"media_url":"http://pbs.twimg.com/media/DFIGmqKUAAAqWWq.jpg","media_url_https":"https://pbs.twimg.com/media/DFIGmqKUAAAqWWq.jpg","url":"https://t.co/hvMIfH1Xkx","display_url":"pic.twitter.com/hvMIfH1Xkx","expanded_url":"https://twitter.com/gudetama_sanrio/status/887779341156798465/photo/1","type":"photo","sizes":{"large":{"w":800,"h":450,"resize":"fit"},"thumb":{"w":150,"h":150,"resize":"crop"},"medium":{"w":800,"h":450,"resize":"fit"},"small":{"w":680,"h":383,"resize":"fit"}}}]},"extended_entities":{"media":[{"id":887779337767747600,"id_str":"887779337767747584","indices":[8,31],"media_url":"http://pbs.twimg.com/media/DFIGmqKUAAAqWWq.jpg","media_url_https":"https://pbs.twimg.com/media/DFIGmqKUAAAqWWq.jpg","url":"https://t.co/hvMIfH1Xkx","display_url":"pic.twitter.com/hvMIfH1Xkx","expanded_url":"https://twitter.com/gudetama_sanrio/status/887779341156798465/photo/1","type":"photo","sizes":{"large":{"w":800,"h":450,"resize":"fit"},"thumb":{"w":150,"h":150,"resize":"crop"},"medium":{"w":800,"h":450,"resize":"fit"},"small":{"w":680,"h":383,"resize":"fit"}}}]},"metadata":{"iso_language_code":"ja","result_type":"recent"},"source":"<a href=\"http://engagemanager.tribalmedia.co.jp/\" rel=\"nofollow\">EngageManager</a>","in_reply_to_status_id":null,"in_reply_to_status_id_str":null,"in_reply_to_user_id":null,"in_reply_to_user_id_str":null,"in_reply_to_screen_name":null,"user":{"id":2393904000,"id_str":"2393904000","name":"ぐでたま【公式】","screen_name":"gudetama_sanrio","location":"","description":"毎日つぶやくのめんどくさい。だるい。エラい人がやれっていうからやるけど、どーせ食われるだけだし。\r\nサンリオのソーシャルメディアポリシー　http://t.co/zmngDXVI6F","url":"http://t.co/QHcf4c5eEU","entities":{"url":{"urls":[{"url":"http://t.co/QHcf4c5eEU","expanded_url":"http://www.sanrio.co.jp/character/gudetama/","display_url":"sanrio.co.jp/character/gude…","indices":[0,22]}]},"description":{"urls":[{"url":"http://t.co/zmngDXVI6F","expanded_url":"http://www.sanrio.co.jp/social/policy/","display_url":"sanrio.co.jp/social/policy/","indices":[69,91]}]}},"protected":false,"followers_count":809309,"friends_count":8,"listed_count":3967,"created_at":"Mon Mar 17 06:36:37 +0000 2014","favourites_count":0,"utc_offset":32400,"time_zone":"Tokyo","geo_enabled":false,"verified":true,"statuses_count":1966,"lang":"ja","contributors_enabled":false,"is_translator":false,"is_translation_enabled":false,"profile_background_color":"C6E2EE","profile_background_image_url":"http://pbs.twimg.com/profile_background_images/468658331758755841/ftzleVkF.jpeg","profile_background_image_url_https":"https://pbs.twimg.com/profile_background_images/468658331758755841/ftzleVkF.jpeg","profile_background_tile":true,"profile_image_url":"http://pbs.twimg.com/profile_images/875640059969417216/8lBCTZbI_normal.jpg","profile_image_url_https":"https://pbs.twimg.com/profile_images/875640059969417216/8lBCTZbI_normal.jpg","profile_banner_url":"https://pbs.twimg.com/profile_banners/2393904000/1403157963","profile_link_color":"FAB81E","profile_sidebar_border_color":"FFFFFF","profile_sidebar_fill_color":"DDEEF6","profile_text_color":"333333","profile_use_background_image":true,"has_extended_profile":true,"default_profile":false,"default_profile_image":false,"following":false,"follow_request_sent":false,"notifications":false,"translator_type":"none"},"geo":null,"coordinates":null,"place":null,"contributors":null,"is_quote_status":false,"retweet_count":731,"favorite_count":1918,"favorited":false,"retweeted":false,"possibly_sensitive":false,"lang":"ja"},{"created_at":"Wed Jul 19 20:00:14 +0000 2017","id":887764033419345900,"id_str":"887764033419345920","text":"8月11日(金)夜9時より日本テレビ「金曜ロードSHOW!」にて\n新たなスペシャル映像が入った『HiGH&amp;LOW THE MOVIE 特別版 from THE RED RAIN』の放送が決定ッ！\n是非ご覧ください！… https://t.co/VwdhB9Hjxr","truncated":true,"entities":{"hashtags":[],"symbols":[],"user_mentions":[],"urls":[{"url":"https://t.co/VwdhB9Hjxr","expanded_url":"https://twitter.com/i/web/status/887764033419345920","display_url":"twitter.com/i/web/status/8…","indices":[113,136]}]},"metadata":{"iso_language_code":"ja","result_type":"recent"},"source":"<a href=\"http://twitter.com\" rel=\"nofollow\">Twitter Web Client</a>","in_reply_to_status_id":null,"in_reply_to_status_id_str":null,"in_reply_to_user_id":null,"in_reply_to_user_id_str":null,"in_reply_to_screen_name":null,"user":{"id":3226713546,"id_str":"3226713546","name":"HiGH&LOW OFFICIAL","screen_name":"HiGH_LOW_PR","location":"","description":"HiGH&LOWオフィシャルtwitter. HiGH&LOWの最新情報を発信します。","url":"http://t.co/Qpce29fIzY","entities":{"url":{"urls":[{"url":"http://t.co/Qpce29fIzY","expanded_url":"http://high-low.jp","display_url":"high-low.jp","indices":[0,22]}]},"description":{"urls":[]}},"protected":false,"followers_count":499922,"friends_count":60,"listed_count":1133,"created_at":"Tue May 26 03:56:29 +0000 2015","favourites_count":5,"utc_offset":-25200,"time_zone":"Pacific Time (US & Canada)","geo_enabled":false,"verified":true,"statuses_count":868,"lang":"ja","contributors_enabled":false,"is_translator":false,"is_translation_enabled":false,"profile_background_color":"C0DEED","profile_background_image_url":"http://abs.twimg.com/images/themes/theme1/bg.png","profile_background_image_url_https":"https://abs.twimg.com/images/themes/theme1/bg.png","profile_background_tile":false,"profile_image_url":"http://pbs.twimg.com/profile_images/722760502951084032/brnAIRRQ_normal.jpg","profile_image_url_https":"https://pbs.twimg.com/profile_images/722760502951084032/brnAIRRQ_normal.jpg","profile_banner_url":"https://pbs.twimg.com/profile_banners/3226713546/1461154490","profile_link_color":"1DA1F2","profile_sidebar_border_color":"C0DEED","profile_sidebar_fill_color":"DDEEF6","profile_text_color":"333333","profile_use_background_image":true,"has_extended_profile":false,"default_profile":true,"default_profile_image":false,"following":false,"follow_request_sent":false,"notifications":false,"translator_type":"none"},"geo":null,"coordinates":null,"place":null,"contributors":null,"is_quote_status":false,"retweet_count":3799,"favorite_count":7462,"favorited":false,"retweeted":false,"possibly_sensitive":false,"lang":"ja"},{"created_at":"Wed Jul 19 19:02:02 +0000 2017","id":887749389569085400,"id_str":"887749389569085440","text":"KAT-TUN中丸、9年ぶりのソロアクト公演決定「自分の好きなことを詰め込む」\nhttps://t.co/BEp9ytlRiF\n\n #ジャニーズ #中丸雄一 #KATTUN #音楽 #ニュース","truncated":false,"entities":{"hashtags":[{"text":"ジャニーズ","indices":[66,72]},{"text":"中丸雄一","indices":[73,78]},{"text":"KATTUN","indices":[79,86]},{"text":"音楽","indices":[87,90]},{"text":"ニュース","indices":[91,96]}],"symbols":[],"user_mentions":[],"urls":[{"url":"https://t.co/BEp9ytlRiF","expanded_url":"http://www.oricon.co.jp/news/2094370/full/?ref_cd=tw","display_url":"oricon.co.jp/news/2094370/f…","indices":[40,63]}]},"metadata":{"iso_language_code":"ja","result_type":"recent"},"source":"<a href=\"http://www.oricon.co.jp/\" rel=\"nofollow\">ORICON STYLE</a>","in_reply_to_status_id":null,"in_reply_to_status_id_str":null,"in_reply_to_user_id":null,"in_reply_to_user_id_str":null,"in_reply_to_screen_name":null,"user":{"id":95207674,"id_str":"95207674","name":"ORICON NEWS（オリコン）","screen_name":"oricon","location":"東京都港区六本木","description":"ORICON NEWS（オリコンニュース）は、話題の最新芸能ニュースや音楽ニュース、オリコンランキングなどのエンタメ情報を毎日発信するエンターテインメントサイトです。","url":"http://t.co/TBiV19SVaI","entities":{"url":{"urls":[{"url":"http://t.co/TBiV19SVaI","expanded_url":"http://www.oricon.co.jp/","display_url":"oricon.co.jp","indices":[0,22]}]},"description":{"urls":[]}},"protected":false,"followers_count":203805,"friends_count":22515,"listed_count":5175,"created_at":"Mon Dec 07 14:15:16 +0000 2009","favourites_count":48,"utc_offset":32400,"time_zone":"Tokyo","geo_enabled":false,"verified":true,"statuses_count":113180,"lang":"ja","contributors_enabled":false,"is_translator":false,"is_translation_enabled":false,"profile_background_color":"C0DEED","profile_background_image_url":"http://abs.twimg.com/images/themes/theme1/bg.png","profile_background_image_url_https":"https://abs.twimg.com/images/themes/theme1/bg.png","profile_background_tile":false,"profile_image_url":"http://pbs.twimg.com/profile_images/875524928769937408/L9SZjS4l_normal.jpg","profile_image_url_https":"https://pbs.twimg.com/profile_images/875524928769937408/L9SZjS4l_normal.jpg","profile_banner_url":"https://pbs.twimg.com/profile_banners/95207674/1484123795","profile_link_color":"1B95E0","profile_sidebar_border_color":"FFFFFF","profile_sidebar_fill_color":"DDEEF6","profile_text_color":"333333","profile_use_background_image":true,"has_extended_profile":false,"default_profile":false,"default_profile_image":false,"following":false,"follow_request_sent":false,"notifications":false,"translator_type":"none"},"geo":null,"coordinates":null,"place":null,"contributors":null,"is_quote_status":false,"retweet_count":546,"favorite_count":217,"favorited":false,"retweeted":false,"possibly_sensitive":false,"lang":"ja"},{"created_at":"Wed Jul 19 18:25:15 +0000 2017","id":887740133008564200,"id_str":"887740133008564224","text":"夏コミ新刊の表紙ラフのポトフちゃんです、濡れ透けにしたい！ https://t.co/j55r87jCHt","truncated":false,"entities":{"hashtags":[],"symbols":[],"user_mentions":[],"urls":[],"media":[{"id":887740130206695400,"id_str":"887740130206695424","indices":[30,53],"media_url":"http://pbs.twimg.com/media/DFHi8enUQAAlSx7.jpg","media_url_https":"https://pbs.twimg.com/media/DFHi8enUQAAlSx7.jpg","url":"https://t.co/j55r87jCHt","display_url":"pic.twitter.com/j55r87jCHt","expanded_url":"https://twitter.com/kani_biimu/status/887740133008564224/photo/1","type":"photo","sizes":{"large":{"w":708,"h":1000,"resize":"fit"},"thumb":{"w":150,"h":150,"resize":"crop"},"small":{"w":481,"h":680,"resize":"fit"},"medium":{"w":708,"h":1000,"resize":"fit"}}}]},"extended_entities":{"media":[{"id":887740130206695400,"id_str":"887740130206695424","indices":[30,53],"media_url":"http://pbs.twimg.com/media/DFHi8enUQAAlSx7.jpg","media_url_https":"https://pbs.twimg.com/media/DFHi8enUQAAlSx7.jpg","url":"https://t.co/j55r87jCHt","display_url":"pic.twitter.com/j55r87jCHt","expanded_url":"https://twitter.com/kani_biimu/status/887740133008564224/photo/1","type":"photo","sizes":{"large":{"w":708,"h":1000,"resize":"fit"},"thumb":{"w":150,"h":150,"resize":"crop"},"small":{"w":481,"h":680,"resize":"fit"},"medium":{"w":708,"h":1000,"resize":"fit"}}}]},"metadata":{"iso_language_code":"ja","result_type":"recent"},"source":"<a href=\"http://janetter.net/\" rel=\"nofollow\">Janetter</a>","in_reply_to_status_id":null,"in_reply_to_status_id_str":null,"in_reply_to_user_id":null,"in_reply_to_user_id_str":null,"in_reply_to_screen_name":null,"user":{"id":356123591,"id_str":"356123591","name":"かにビーム@2日目A-45a","screen_name":"kani_biimu","location":"東京","description":"ニコ生で不定期お絵かき配信してます。たまに落書きを載せたりします。","url":"http://t.co/yeXHNNwxeh","entities":{"url":{"urls":[{"url":"http://t.co/yeXHNNwxeh","expanded_url":"http://com.nicovideo.jp/community/co1664186","display_url":"com.nicovideo.jp/community/co16…","indices":[0,22]}]},"description":{"urls":[]}},"protected":false,"followers_count":158167,"friends_count":5224,"listed_count":3916,"created_at":"Tue Aug 16 11:21:49 +0000 2011","favourites_count":1326,"utc_offset":32400,"time_zone":"Tokyo","geo_enabled":false,"verified":false,"statuses_count":11113,"lang":"ja","contributors_enabled":false,"is_translator":false,"is_translation_enabled":false,"profile_background_color":"C0DEED","profile_background_image_url":"http://pbs.twimg.com/profile_background_images/682077072/1283895ac0efa9da3abac4366f23aeeb.jpeg","profile_background_image_url_https":"https://pbs.twimg.com/profile_background_images/682077072/1283895ac0efa9da3abac4366f23aeeb.jpeg","profile_background_tile":true,"profile_image_url":"http://pbs.twimg.com/profile_images/749762963481849856/OwmebMbQ_normal.jpg","profile_image_url_https":"https://pbs.twimg.com/profile_images/749762963481849856/OwmebMbQ_normal.jpg","profile_banner_url":"https://pbs.twimg.com/profile_banners/356123591/1401431517","profile_link_color":"0084B4","profile_sidebar_border_color":"FFFFFF","profile_sidebar_fill_color":"DDEEF6","profile_text_color":"333333","profile_use_background_image":true,"has_extended_profile":false,"default_profile":false,"default_profile_image":false,"following":false,"follow_request_sent":false,"notifications":false,"translator_type":"none"},"geo":null,"coordinates":null,"place":null,"contributors":null,"is_quote_status":false,"retweet_count":784,"favorite_count":2113,"favorited":false,"retweeted":false,"possibly_sensitive":false,"lang":"ja"},{"created_at":"Wed Jul 19 17:11:00 +0000 2017","id":887721445245112300,"id_str":"887721445245112320","text":"夏ですね、去年の水着が小さくなったちゃん。 https://t.co/NgyiXCLjCP","truncated":false,"entities":{"hashtags":[],"symbols":[],"user_mentions":[],"urls":[],"media":[{"id":887721010497077200,"id_str":"887721010497077248","indices":[22,45],"media_url":"http://pbs.twimg.com/media/DFHRjkJUQAAdilw.jpg","media_url_https":"https://pbs.twimg.com/media/DFHRjkJUQAAdilw.jpg","url":"https://t.co/NgyiXCLjCP","display_url":"pic.twitter.com/NgyiXCLjCP","expanded_url":"https://twitter.com/ssokgng/status/887721445245112320/photo/1","type":"photo","sizes":{"small":{"w":493,"h":680,"resize":"fit"},"medium":{"w":725,"h":1000,"resize":"fit"},"large":{"w":725,"h":1000,"resize":"fit"},"thumb":{"w":150,"h":150,"resize":"crop"}}}]},"extended_entities":{"media":[{"id":887721010497077200,"id_str":"887721010497077248","indices":[22,45],"media_url":"http://pbs.twimg.com/media/DFHRjkJUQAAdilw.jpg","media_url_https":"https://pbs.twimg.com/media/DFHRjkJUQAAdilw.jpg","url":"https://t.co/NgyiXCLjCP","display_url":"pic.twitter.com/NgyiXCLjCP","expanded_url":"https://twitter.com/ssokgng/status/887721445245112320/photo/1","type":"photo","sizes":{"small":{"w":493,"h":680,"resize":"fit"},"medium":{"w":725,"h":1000,"resize":"fit"},"large":{"w":725,"h":1000,"resize":"fit"},"thumb":{"w":150,"h":150,"resize":"crop"}}}]},"metadata":{"iso_language_code":"ja","result_type":"recent"},"source":"<a href=\"http://twitter.com\" rel=\"nofollow\">Twitter Web Client</a>","in_reply_to_status_id":null,"in_reply_to_status_id_str":null,"in_reply_to_user_id":null,"in_reply_to_user_id_str":null,"in_reply_to_screen_name":null,"user":{"id":3024265242,"id_str":"3024265242","name":"笹岡ぐんぐ","screen_name":"ssokgng","location":"東京都","description":"思うところあって鍵開け中、また閉めるかも。Ｈな絵もあるので１８禁、チビッ子はブロックよ。 リプ返率低下。","url":"https://t.co/1SvaH4BSMk","entities":{"url":{"urls":[{"url":"https://t.co/1SvaH4BSMk","expanded_url":"http://www.pixiv.net/member.php?id=1019732","display_url":"pixiv.net/member.php?id=…","indices":[0,23]}]},"description":{"urls":[]}},"protected":false,"followers_count":38435,"friends_count":233,"listed_count":676,"created_at":"Tue Feb 17 18:14:56 +0000 2015","favourites_count":3690,"utc_offset":28800,"time_zone":"Irkutsk","geo_enabled":false,"verified":false,"statuses_count":4137,"lang":"ja","contributors_enabled":false,"is_translator":false,"is_translation_enabled":false,"profile_background_color":"3B94D9","profile_background_image_url":"http://abs.twimg.com/images/themes/theme4/bg.gif","profile_background_image_url_https":"https://abs.twimg.com/images/themes/theme4/bg.gif","profile_background_tile":false,"profile_image_url":"http://pbs.twimg.com/profile_images/805550681943777280/5hts54-m_normal.jpg","profile_image_url_https":"https://pbs.twimg.com/profile_images/805550681943777280/5hts54-m_normal.jpg","profile_link_color":"0C1927","profile_sidebar_border_color":"C0DEED","profile_sidebar_fill_color":"DDEEF6","profile_text_color":"333333","profile_use_background_image":false,"has_extended_profile":false,"default_profile":false,"default_profile_image":false,"following":false,"follow_request_sent":false,"notifications":false,"translator_type":"none"},"geo":null,"coordinates":null,"place":null,"contributors":null,"is_quote_status":false,"retweet_count":1142,"favorite_count":4065,"favorited":false,"retweeted":false,"possibly_sensitive":true,"lang":"ja"},{"created_at":"Wed Jul 19 17:06:10 +0000 2017","id":887720231509966800,"id_str":"887720231509966848","text":"私「裸の明日花キララがいたらヤるでしょ？」彼「マジでやらない」私「嘘つかないでよ」彼「だってyuzukaだって、山田孝之が目の前にいるからってヤらないでしょ？」私「ヤる」彼「え？」私「必ずヤる」","truncated":false,"entities":{"hashtags":[],"symbols":[],"user_mentions":[],"urls":[]},"metadata":{"iso_language_code":"ja","result_type":"recent"},"source":"<a href=\"http://twitter.com/#!/download/ipad\" rel=\"nofollow\">Twitter for iPad</a>","in_reply_to_status_id":null,"in_reply_to_status_id_str":null,"in_reply_to_user_id":null,"in_reply_to_user_id_str":null,"in_reply_to_screen_name":null,"user":{"id":3224508662,"id_str":"3224508662","name":"yuzuka","screen_name":"yuzuka_tecpizza","location":"精神科、美容外科ナース","description":"【その男を捨てれば幸せになれるよ】コラムニスト。女子spa!『yuzukaの恋愛アドバイス』恋学『美容整形と幸せ』連載中。ハウコレでも新連載開始！週刊spa!や、AMにも出没。DMにて相談受付中。お仕事は担当者窓口まで→yuzuki.mari.info@gmail.com","url":"https://t.co/DJlaMEccQM","entities":{"url":{"urls":[{"url":"https://t.co/DJlaMEccQM","expanded_url":"https://note.mu/yuzuka_tecpizza","display_url":"note.mu/yuzuka_tecpizza","indices":[0,23]}]},"description":{"urls":[]}},"protected":false,"followers_count":37133,"friends_count":80,"listed_count":252,"created_at":"Sat May 23 18:27:21 +0000 2015","favourites_count":8991,"utc_offset":null,"time_zone":null,"geo_enabled":true,"verified":false,"statuses_count":10538,"lang":"ja","contributors_enabled":false,"is_translator":false,"is_translation_enabled":false,"profile_background_color":"C0DEED","profile_background_image_url":"http://abs.twimg.com/images/themes/theme1/bg.png","profile_background_image_url_https":"https://abs.twimg.com/images/themes/theme1/bg.png","profile_background_tile":false,"profile_image_url":"http://pbs.twimg.com/profile_images/853989543019593728/G-jQ2uI6_normal.jpg","profile_image_url_https":"https://pbs.twimg.com/profile_images/853989543019593728/G-jQ2uI6_normal.jpg","profile_banner_url":"https://pbs.twimg.com/profile_banners/3224508662/1492811290","profile_link_color":"1DA1F2","profile_sidebar_border_color":"C0DEED","profile_sidebar_fill_color":"DDEEF6","profile_text_color":"333333","profile_use_background_image":true,"has_extended_profile":false,"default_profile":true,"default_profile_image":false,"following":false,"follow_request_sent":false,"notifications":false,"translator_type":"none"},"geo":null,"coordinates":null,"place":null,"contributors":null,"is_quote_status":false,"retweet_count":769,"favorite_count":2280,"favorited":false,"retweeted":false,"lang":"ja"},{"created_at":"Wed Jul 19 16:58:46 +0000 2017","id":887718366797889500,"id_str":"887718366797889536","text":"薫ちゃん誕生日おめでとう～\n過去絵で済まぬ…\n #龍崎薫生誕祭　#龍崎薫生誕祭2017 https://t.co/1H8BpSCSU2","truncated":false,"entities":{"hashtags":[{"text":"龍崎薫生誕祭","indices":[24,31]},{"text":"龍崎薫生誕祭2017","indices":[32,43]}],"symbols":[],"user_mentions":[],"urls":[],"media":[{"id":887717850017800200,"id_str":"887717850017800192","indices":[44,67],"media_url":"http://pbs.twimg.com/media/DFHOrmcVoAAb0kV.jpg","media_url_https":"https://pbs.twimg.com/media/DFHOrmcVoAAb0kV.jpg","url":"https://t.co/1H8BpSCSU2","display_url":"pic.twitter.com/1H8BpSCSU2","expanded_url":"https://twitter.com/tellme_ne/status/887718366797889536/photo/1","type":"photo","sizes":{"medium":{"w":744,"h":1044,"resize":"fit"},"thumb":{"w":150,"h":150,"resize":"crop"},"large":{"w":744,"h":1044,"resize":"fit"},"small":{"w":485,"h":680,"resize":"fit"}}}]},"extended_entities":{"media":[{"id":887717850017800200,"id_str":"887717850017800192","indices":[44,67],"media_url":"http://pbs.twimg.com/media/DFHOrmcVoAAb0kV.jpg","media_url_https":"https://pbs.twimg.com/media/DFHOrmcVoAAb0kV.jpg","url":"https://t.co/1H8BpSCSU2","display_url":"pic.twitter.com/1H8BpSCSU2","expanded_url":"https://twitter.com/tellme_ne/status/887718366797889536/photo/1","type":"photo","sizes":{"medium":{"w":744,"h":1044,"resize":"fit"},"thumb":{"w":150,"h":150,"resize":"crop"},"large":{"w":744,"h":1044,"resize":"fit"},"small":{"w":485,"h":680,"resize":"fit"}}}]},"metadata":{"iso_language_code":"ja","result_type":"recent"},"source":"<a href=\"http://twitter.com\" rel=\"nofollow\">Twitter Web Client</a>","in_reply_to_status_id":null,"in_reply_to_status_id_str":null,"in_reply_to_user_id":null,"in_reply_to_user_id_str":null,"in_reply_to_screen_name":null,"user":{"id":852518208867188700,"id_str":"852518208867188736","name":"てるみぃ","screen_name":"tellme_ne","location":"","description":"ちまちま絵を描いてます。 デレステとバンドリやってます。デレマスは好きな娘多すぎて担当決められない。バンドリはおたえ、有咲好き。自転車乗ったり。cannondale CAAD10、ARAYA Federal、5links旧型","url":"https://t.co/JULS6yI70o","entities":{"url":{"urls":[{"url":"https://t.co/JULS6yI70o","expanded_url":"http://www.pixiv.net/member.php?id=121976","display_url":"pixiv.net/member.php?id=…","indices":[0,23]}]},"description":{"urls":[]}},"protected":false,"followers_count":9230,"friends_count":14,"listed_count":237,"created_at":"Thu Apr 13 13:45:54 +0000 2017","favourites_count":0,"utc_offset":-25200,"time_zone":"Pacific Time (US & Canada)","geo_enabled":false,"verified":false,"statuses_count":69,"lang":"ja","contributors_enabled":false,"is_translator":false,"is_translation_enabled":false,"profile_background_color":"F5F8FA","profile_background_image_url":null,"profile_background_image_url_https":null,"profile_background_tile":false,"profile_image_url":"http://pbs.twimg.com/profile_images/852625474421350400/ByeCZeKL_normal.jpg","profile_image_url_https":"https://pbs.twimg.com/profile_images/852625474421350400/ByeCZeKL_normal.jpg","profile_banner_url":"https://pbs.twimg.com/profile_banners/852518208867188736/1492092692","profile_link_color":"1DA1F2","profile_sidebar_border_color":"C0DEED","profile_sidebar_fill_color":"DDEEF6","profile_text_color":"333333","profile_use_background_image":true,"has_extended_profile":false,"default_profile":true,"default_profile_image":false,"following":false,"follow_request_sent":false,"notifications":false,"translator_type":"none"},"geo":null,"coordinates":null,"place":null,"contributors":null,"is_quote_status":false,"retweet_count":642,"favorite_count":1228,"favorited":false,"retweeted":false,"possibly_sensitive":false,"lang":"ja"},{"created_at":"Wed Jul 19 16:31:31 +0000 2017","id":887711510646190100,"id_str":"887711510646190080","text":"桜守歌織さんやっと描けた😀💦 https://t.co/zCRJ0iE544","truncated":false,"entities":{"hashtags":[],"symbols":[],"user_mentions":[],"urls":[],"media":[{"id":887711494414016500,"id_str":"887711494414016512","indices":[15,38],"media_url":"http://pbs.twimg.com/media/DFHI5p-UIAAQuEp.jpg","media_url_https":"https://pbs.twimg.com/media/DFHI5p-UIAAQuEp.jpg","url":"https://t.co/zCRJ0iE544","display_url":"pic.twitter.com/zCRJ0iE544","expanded_url":"https://twitter.com/ast_2017/status/887711510646190080/photo/1","type":"photo","sizes":{"small":{"w":408,"h":680,"resize":"fit"},"large":{"w":720,"h":1200,"resize":"fit"},"thumb":{"w":150,"h":150,"resize":"crop"},"medium":{"w":720,"h":1200,"resize":"fit"}}}]},"extended_entities":{"media":[{"id":887711494414016500,"id_str":"887711494414016512","indices":[15,38],"media_url":"http://pbs.twimg.com/media/DFHI5p-UIAAQuEp.jpg","media_url_https":"https://pbs.twimg.com/media/DFHI5p-UIAAQuEp.jpg","url":"https://t.co/zCRJ0iE544","display_url":"pic.twitter.com/zCRJ0iE544","expanded_url":"https://twitter.com/ast_2017/status/887711510646190080/photo/1","type":"photo","sizes":{"small":{"w":408,"h":680,"resize":"fit"},"large":{"w":720,"h":1200,"resize":"fit"},"thumb":{"w":150,"h":150,"resize":"crop"},"medium":{"w":720,"h":1200,"resize":"fit"}}}]},"metadata":{"iso_language_code":"ja","result_type":"recent"},"source":"<a href=\"http://twitter.com\" rel=\"nofollow\">Twitter Web Client</a>","in_reply_to_status_id":null,"in_reply_to_status_id_str":null,"in_reply_to_user_id":null,"in_reply_to_user_id_str":null,"in_reply_to_screen_name":null,"user":{"id":805598058448703500,"id_str":"805598058448703489","name":"アシタ","screen_name":"ast_2017","location":"","description":"絵を描いてます","url":null,"entities":{"description":{"urls":[]}},"protected":false,"followers_count":6414,"friends_count":196,"listed_count":174,"created_at":"Mon Dec 05 02:21:59 +0000 2016","favourites_count":2750,"utc_offset":null,"time_zone":null,"geo_enabled":false,"verified":false,"statuses_count":3626,"lang":"ja","contributors_enabled":false,"is_translator":false,"is_translation_enabled":false,"profile_background_color":"F5F8FA","profile_background_image_url":null,"profile_background_image_url_https":null,"profile_background_tile":false,"profile_image_url":"http://pbs.twimg.com/profile_images/865242534427058176/cIs4zUAI_normal.jpg","profile_image_url_https":"https://pbs.twimg.com/profile_images/865242534427058176/cIs4zUAI_normal.jpg","profile_banner_url":"https://pbs.twimg.com/profile_banners/805598058448703489/1494292324","profile_link_color":"1DA1F2","profile_sidebar_border_color":"C0DEED","profile_sidebar_fill_color":"DDEEF6","profile_text_color":"333333","profile_use_background_image":true,"has_extended_profile":false,"default_profile":true,"default_profile_image":false,"following":false,"follow_request_sent":false,"notifications":false,"translator_type":"none"},"geo":null,"coordinates":null,"place":null,"contributors":null,"is_quote_status":false,"retweet_count":647,"favorite_count":1611,"favorited":false,"retweeted":false,"possibly_sensitive":false,"lang":"ja"},{"created_at":"Wed Jul 19 16:30:17 +0000 2017","id":887711200762486800,"id_str":"887711200762486785","text":"あのさースタバの\"店員\"さんの黒のエプロンと緑のエプロンの違いってなんなんだろ？","truncated":false,"entities":{"hashtags":[],"symbols":[],"user_mentions":[],"urls":[]},"metadata":{"iso_language_code":"ja","result_type":"recent"},"source":"<a href=\"http://twitter.com/download/iphone\" rel=\"nofollow\">Twitter for iPhone</a>","in_reply_to_status_id":887710169982918700,"in_reply_to_status_id_str":"887710169982918656","in_reply_to_user_id":274407179,"in_reply_to_user_id_str":"274407179","in_reply_to_screen_name":"Jin_Akanishi","user":{"id":274407179,"id_str":"274407179","name":"Jin Akanishi  赤西 仁","screen_name":"Jin_Akanishi","location":"The world","description":"~Jin Akanishi Official Twitter~ https://t.co/kDQTwnCJQ6 https://t.co/mHNTl2fr2Y https://t.co/a9Ud8fqg7A","url":"https://t.co/7xFHMmbcxV","entities":{"url":{"urls":[{"url":"https://t.co/7xFHMmbcxV","expanded_url":"http://jinakanishi.com","display_url":"jinakanishi.com","indices":[0,23]}]},"description":{"urls":[{"url":"https://t.co/kDQTwnCJQ6","expanded_url":"http://www.facebook.com/JinAkanishiMusic","display_url":"facebook.com/JinAkanishiMus…","indices":[32,55]},{"url":"https://t.co/mHNTl2fr2Y","expanded_url":"http://www.instagram.com/jinstagram_official","display_url":"instagram.com/jinstagram_off…","indices":[56,79]},{"url":"https://t.co/a9Ud8fqg7A","expanded_url":"http://weibo.com/JAofficial","display_url":"weibo.com/JAofficial","indices":[80,103]}]}},"protected":false,"followers_count":585388,"friends_count":68,"listed_count":3723,"created_at":"Wed Mar 30 07:36:20 +0000 2011","favourites_count":170,"utc_offset":28800,"time_zone":"Irkutsk","geo_enabled":false,"verified":true,"statuses_count":1221,"lang":"en","contributors_enabled":false,"is_translator":false,"is_translation_enabled":false,"profile_background_color":"131516","profile_background_image_url":"http://abs.twimg.com/images/themes/theme14/bg.gif","profile_background_image_url_https":"https://abs.twimg.com/images/themes/theme14/bg.gif","profile_background_tile":false,"profile_image_url":"http://pbs.twimg.com/profile_images/844727636450422784/KibDLO4s_normal.jpg","profile_image_url_https":"https://pbs.twimg.com/profile_images/844727636450422784/KibDLO4s_normal.jpg","profile_banner_url":"https://pbs.twimg.com/profile_banners/274407179/1464789630","profile_link_color":"09A3DB","profile_sidebar_border_color":"FFFFFF","profile_sidebar_fill_color":"EFEFEF","profile_text_color":"333333","profile_use_background_image":false,"has_extended_profile":false,"default_profile":false,"default_profile_image":false,"following":false,"follow_request_sent":false,"notifications":false,"translator_type":"none"},"geo":null,"coordinates":null,"place":null,"contributors":null,"is_quote_status":false,"retweet_count":1098,"favorite_count":3953,"favorited":false,"retweeted":false,"lang":"ja"},{"created_at":"Wed Jul 19 16:26:12 +0000 2017","id":887710169982918700,"id_str":"887710169982918656","text":"あのさースタバの定員さんの黒のエプロンと緑のエプロンの違いってなんなんだろ？","truncated":false,"entities":{"hashtags":[],"symbols":[],"user_mentions":[],"urls":[]},"metadata":{"iso_language_code":"ja","result_type":"recent"},"source":"<a href=\"http://twitter.com/download/iphone\" rel=\"nofollow\">Twitter for iPhone</a>","in_reply_to_status_id":null,"in_reply_to_status_id_str":null,"in_reply_to_user_id":null,"in_reply_to_user_id_str":null,"in_reply_to_screen_name":null,"user":{"id":274407179,"id_str":"274407179","name":"Jin Akanishi  赤西 仁","screen_name":"Jin_Akanishi","location":"The world","description":"~Jin Akanishi Official Twitter~ https://t.co/kDQTwnCJQ6 https://t.co/mHNTl2fr2Y https://t.co/a9Ud8fqg7A","url":"https://t.co/7xFHMmbcxV","entities":{"url":{"urls":[{"url":"https://t.co/7xFHMmbcxV","expanded_url":"http://jinakanishi.com","display_url":"jinakanishi.com","indices":[0,23]}]},"description":{"urls":[{"url":"https://t.co/kDQTwnCJQ6","expanded_url":"http://www.facebook.com/JinAkanishiMusic","display_url":"facebook.com/JinAkanishiMus…","indices":[32,55]},{"url":"https://t.co/mHNTl2fr2Y","expanded_url":"http://www.instagram.com/jinstagram_official","display_url":"instagram.com/jinstagram_off…","indices":[56,79]},{"url":"https://t.co/a9Ud8fqg7A","expanded_url":"http://weibo.com/JAofficial","display_url":"weibo.com/JAofficial","indices":[80,103]}]}},"protected":false,"followers_count":585388,"friends_count":68,"listed_count":3723,"created_at":"Wed Mar 30 07:36:20 +0000 2011","favourites_count":170,"utc_offset":28800,"time_zone":"Irkutsk","geo_enabled":false,"verified":true,"statuses_count":1221,"lang":"en","contributors_enabled":false,"is_translator":false,"is_translation_enabled":false,"profile_background_color":"131516","profile_background_image_url":"http://abs.twimg.com/images/themes/theme14/bg.gif","profile_background_image_url_https":"https://abs.twimg.com/images/themes/theme14/bg.gif","profile_background_tile":false,"profile_image_url":"http://pbs.twimg.com/profile_images/844727636450422784/KibDLO4s_normal.jpg","profile_image_url_https":"https://pbs.twimg.com/profile_images/844727636450422784/KibDLO4s_normal.jpg","profile_banner_url":"https://pbs.twimg.com/profile_banners/274407179/1464789630","profile_link_color":"09A3DB","profile_sidebar_border_color":"FFFFFF","profile_sidebar_fill_color":"EFEFEF","profile_text_color":"333333","profile_use_background_image":false,"has_extended_profile":false,"default_profile":false,"default_profile_image":false,"following":false,"follow_request_sent":false,"notifications":false,"translator_type":"none"},"geo":null,"coordinates":null,"place":null,"contributors":null,"is_quote_status":false,"retweet_count":1232,"favorite_count":4692,"favorited":false,"retweeted":false,"lang":"ja"},{"created_at":"Wed Jul 19 16:20:04 +0000 2017","id":887708627095609300,"id_str":"887708627095609344","text":"もう4時か","truncated":false,"entities":{"hashtags":[],"symbols":[],"user_mentions":[],"urls":[]},"metadata":{"iso_language_code":"ja","result_type":"recent"},"source":"<a href=\"http://carotene.sakura.ne.jp/shuumai/\" rel=\"nofollow\">せいろ</a>","in_reply_to_status_id":null,"in_reply_to_status_id_str":null,"in_reply_to_user_id":null,"in_reply_to_user_id_str":null,"in_reply_to_screen_name":null,"user":{"id":54882396,"id_str":"54882396","name":"しゅうまい君","screen_name":"shuumai","location":"せいろ","description":"followingの皆さんの最近の発言を学習して喋るよ。（何かあったら@enpitsuまで）／LINEスタンプもあるよhttps://t.co/dRzUm39fDe","url":"https://t.co/33QcJKtmeV","entities":{"url":{"urls":[{"url":"https://t.co/33QcJKtmeV","expanded_url":"http://enpitsu.org/shuumai/","display_url":"enpitsu.org/shuumai/","indices":[0,23]}]},"description":{"urls":[{"url":"https://t.co/dRzUm39fDe","expanded_url":"http://line.me/S/sticker/1010497","display_url":"line.me/S/sticker/1010…","indices":[59,82]}]}},"protected":false,"followers_count":294857,"friends_count":252773,"listed_count":15185,"created_at":"Wed Jul 08 12:37:32 +0000 2009","favourites_count":0,"utc_offset":32400,"time_zone":"Tokyo","geo_enabled":false,"verified":false,"statuses_count":185742,"lang":"en","contributors_enabled":false,"is_translator":false,"is_translation_enabled":false,"profile_background_color":"0099B9","profile_background_image_url":"http://abs.twimg.com/images/themes/theme4/bg.gif","profile_background_image_url_https":"https://abs.twimg.com/images/themes/theme4/bg.gif","profile_background_tile":false,"profile_image_url":"http://pbs.twimg.com/profile_images/303370559/shuumai_normal.jpg","profile_image_url_https":"https://pbs.twimg.com/profile_images/303370559/shuumai_normal.jpg","profile_link_color":"0099B9","profile_sidebar_border_color":"5ED4DC","profile_sidebar_fill_color":"95E8EC","profile_text_color":"3C3940","profile_use_background_image":true,"has_extended_profile":true,"default_profile":false,"default_profile_image":false,"following":false,"follow_request_sent":false,"notifications":false,"translator_type":"none"},"geo":null,"coordinates":null,"place":null,"contributors":null,"is_quote_status":false,"retweet_count":849,"favorite_count":823,"favorited":false,"retweeted":false,"lang":"ja"},{"created_at":"Wed Jul 19 16:17:45 +0000 2017","id":887708045094002700,"id_str":"887708045094002689","text":"ツキウタ。からはイラストでは黒白天狐のみ参戦ですが、眠る天狐の周りで、皆も楽しく宴をしていることと思います。\n天狐はその声を聞きながら、良い夢の中、仲良く微睡んでいるのでしょう。\n\n夏のオンリーショップ、宜しくお願いします！\n＃月野百鬼夜行","truncated":false,"entities":{"hashtags":[{"text":"月野百鬼夜行","indices":[113,120]}],"symbols":[],"user_mentions":[],"urls":[]},"metadata":{"iso_language_code":"ja","result_type":"recent"},"source":"<a href=\"http://twitter.com\" rel=\"nofollow\">Twitter Web Client</a>","in_reply_to_status_id":null,"in_reply_to_status_id_str":null,"in_reply_to_user_id":null,"in_reply_to_user_id_str":null,"in_reply_to_screen_name":null,"user":{"id":801746160,"id_str":"801746160","name":"ツキウタ。公式","screen_name":"tsukiuta1","location":"ツキノ寮","description":"声と音楽で綴る月々の物語…。オリジナルキャラクターソングCDシリーズ「ツキウタ。」のゆるめの公式アカウントです。公式HPの更新やリリース情報等をお知らせします。※こちらは基本的に情報発信用のアカウントです。個別の返信は行いません","url":"https://t.co/goRdd9wenr","entities":{"url":{"urls":[{"url":"https://t.co/goRdd9wenr","expanded_url":"http://www.tsukiuta.com/","display_url":"tsukiuta.com","indices":[0,23]}]},"description":{"urls":[]}},"protected":false,"followers_count":157519,"friends_count":76,"listed_count":3466,"created_at":"Tue Sep 04 03:49:10 +0000 2012","favourites_count":742,"utc_offset":32400,"time_zone":"Tokyo","geo_enabled":true,"verified":false,"statuses_count":14578,"lang":"ja","contributors_enabled":false,"is_translator":false,"is_translation_enabled":false,"profile_background_color":"FFCC4D","profile_background_image_url":"http://pbs.twimg.com/profile_background_images/550332367726841858/xkfr7yw8.jpeg","profile_background_image_url_https":"https://pbs.twimg.com/profile_background_images/550332367726841858/xkfr7yw8.jpeg","profile_background_tile":false,"profile_image_url":"http://pbs.twimg.com/profile_images/881157064722010114/xi4xHYYW_normal.jpg","profile_image_url_https":"https://pbs.twimg.com/profile_images/881157064722010114/xi4xHYYW_normal.jpg","profile_banner_url":"https://pbs.twimg.com/profile_banners/801746160/1491059502","profile_link_color":"89C9FA","profile_sidebar_border_color":"FFFFFF","profile_sidebar_fill_color":"95E8EC","profile_text_color":"3C3940","profile_use_background_image":true,"has_extended_profile":false,"default_profile":false,"default_profile_image":false,"following":false,"follow_request_sent":false,"notifications":false,"translator_type":"none"},"geo":null,"coordinates":null,"place":null,"contributors":null,"is_quote_status":false,"retweet_count":665,"favorite_count":1944,"favorited":false,"retweeted":false,"lang":"ja"},{"created_at":"Wed Jul 19 16:13:39 +0000 2017","id":887707013454495700,"id_str":"887707013454495744","text":"お誕生日！おめでとう！！新しい絵じゃなくて許してヒヤシンス。\nイリヤちゃんは細部修正して完成。人類(ロリコン)悪ビースト https://t.co/xO2G1y1dks","truncated":false,"entities":{"hashtags":[],"symbols":[],"user_mentions":[],"urls":[],"media":[{"id":887706330621804500,"id_str":"887706330621804545","indices":[61,84],"media_url":"http://pbs.twimg.com/media/DFHENFWUAAEv-4d.jpg","media_url_https":"https://pbs.twimg.com/media/DFHENFWUAAEv-4d.jpg","url":"https://t.co/xO2G1y1dks","display_url":"pic.twitter.com/xO2G1y1dks","expanded_url":"https://twitter.com/simejinameko/status/887707013454495744/photo/1","type":"photo","sizes":{"large":{"w":2048,"h":1448,"resize":"fit"},"thumb":{"w":150,"h":150,"resize":"crop"},"medium":{"w":1200,"h":848,"resize":"fit"},"small":{"w":680,"h":481,"resize":"fit"}}}]},"extended_entities":{"media":[{"id":887706330621804500,"id_str":"887706330621804545","indices":[61,84],"media_url":"http://pbs.twimg.com/media/DFHENFWUAAEv-4d.jpg","media_url_https":"https://pbs.twimg.com/media/DFHENFWUAAEv-4d.jpg","url":"https://t.co/xO2G1y1dks","display_url":"pic.twitter.com/xO2G1y1dks","expanded_url":"https://twitter.com/simejinameko/status/887707013454495744/photo/1","type":"photo","sizes":{"large":{"w":2048,"h":1448,"resize":"fit"},"thumb":{"w":150,"h":150,"resize":"crop"},"medium":{"w":1200,"h":848,"resize":"fit"},"small":{"w":680,"h":481,"resize":"fit"}}},{"id":887706343108247600,"id_str":"887706343108247552","indices":[61,84],"media_url":"http://pbs.twimg.com/media/DFHENz3UAAArnqq.jpg","media_url_https":"https://pbs.twimg.com/media/DFHENz3UAAArnqq.jpg","url":"https://t.co/xO2G1y1dks","display_url":"pic.twitter.com/xO2G1y1dks","expanded_url":"https://twitter.com/simejinameko/status/887707013454495744/photo/1","type":"photo","sizes":{"medium":{"w":1200,"h":964,"resize":"fit"},"thumb":{"w":150,"h":150,"resize":"crop"},"small":{"w":680,"h":546,"resize":"fit"},"large":{"w":2048,"h":1646,"resize":"fit"}}}]},"metadata":{"iso_language_code":"ja","result_type":"recent"},"source":"<a href=\"http://twitter.com\" rel=\"nofollow\">Twitter Web Client</a>","in_reply_to_status_id":null,"in_reply_to_status_id_str":null,"in_reply_to_user_id":null,"in_reply_to_user_id_str":null,"in_reply_to_screen_name":null,"user":{"id":3193156248,"id_str":"3193156248","name":"しめじなめこ","screen_name":"simejinameko","location":"","description":"主にnijieに生息しています※R-18表現が含まれるためご注意下さい。pixiv(https://t.co/Jl5t22knqm)","url":"https://t.co/t1w2Xs0wii","entities":{"url":{"urls":[{"url":"https://t.co/t1w2Xs0wii","expanded_url":"https://nijie.info/members.php?id=37166","display_url":"nijie.info/members.php?id…","indices":[0,23]}]},"description":{"urls":[{"url":"https://t.co/Jl5t22knqm","expanded_url":"http://www.pixiv.net/member.php?id=11817929","display_url":"pixiv.net/member.php?id=…","indices":[42,65]}]}},"protected":false,"followers_count":40358,"friends_count":749,"listed_count":730,"created_at":"Tue May 12 13:11:53 +0000 2015","favourites_count":6995,"utc_offset":-25200,"time_zone":"Pacific Time (US & Canada)","geo_enabled":false,"verified":false,"statuses_count":12862,"lang":"ja","contributors_enabled":false,"is_translator":false,"is_translation_enabled":false,"profile_background_color":"C0DEED","profile_background_image_url":"http://abs.twimg.com/images/themes/theme1/bg.png","profile_background_image_url_https":"https://abs.twimg.com/images/themes/theme1/bg.png","profile_background_tile":false,"profile_image_url":"http://pbs.twimg.com/profile_images/882886748904185856/YY6sjAgA_normal.jpg","profile_image_url_https":"https://pbs.twimg.com/profile_images/882886748904185856/YY6sjAgA_normal.jpg","profile_link_color":"1DA1F2","profile_sidebar_border_color":"C0DEED","profile_sidebar_fill_color":"DDEEF6","profile_text_color":"333333","profile_use_background_image":true,"has_extended_profile":true,"default_profile":true,"default_profile_image":false,"following":false,"follow_request_sent":false,"notifications":false,"translator_type":"none"},"geo":null,"coordinates":null,"place":null,"contributors":null,"is_quote_status":false,"retweet_count":932,"favorite_count":2378,"favorited":false,"retweeted":false,"possibly_sensitive":false,"lang":"ja"},{"created_at":"Wed Jul 19 16:12:02 +0000 2017","id":887706606124662800,"id_str":"887706606124662785","text":"えーーーー？！？！？！ RT @mgqm50: @romiansaran \nエドがサンリオのキャラになるんですね！\nこれはかわいすぎでしょ(';ω;｀)\nhttps://t.co/HJ0kAtux2D","truncated":false,"entities":{"hashtags":[],"symbols":[],"user_mentions":[{"screen_name":"mgqm50","name":"しん","id":1382025583,"id_str":"1382025583","indices":[15,22]},{"screen_name":"romiansaran","name":"朴璐美","id":267623798,"id_str":"267623798","indices":[24,36]}],"urls":[{"url":"https://t.co/HJ0kAtux2D","expanded_url":"http://natalie.mu/comic/news/241477","display_url":"natalie.mu/comic/news/241…","indices":[77,100]}]},"metadata":{"iso_language_code":"ja","result_type":"recent"},"source":"<a href=\"http://twipple.jp/\" rel=\"nofollow\">ついっぷる for iPhone</a>","in_reply_to_status_id":null,"in_reply_to_status_id_str":null,"in_reply_to_user_id":null,"in_reply_to_user_id_str":null,"in_reply_to_screen_name":null,"user":{"id":267623798,"id_str":"267623798","name":"朴璐美","screen_name":"romiansaran","location":"","description":"朴璐美(RomiPark)です☆演劇集団円・円企画所属の俳優・声優。舞台をプロデュースするシーラカンスプロデュースを発起したり、studioCambria-RomiVoiceschool-のプロデュースもしています。2013年4月より本School始動中‼http://t.co/Fd2Jxw1N","url":"http://t.co/Zav4pprQGt","entities":{"url":{"urls":[{"url":"http://t.co/Zav4pprQGt","expanded_url":"http://park-romi.com","display_url":"park-romi.com","indices":[0,22]}]},"description":{"urls":[{"url":"http://t.co/Fd2Jxw1N","expanded_url":"http://www.voice-romi.jp/","display_url":"voice-romi.jp","indices":[128,148]}]}},"protected":false,"followers_count":260189,"friends_count":188,"listed_count":8680,"created_at":"Thu Mar 17 07:46:28 +0000 2011","favourites_count":245,"utc_offset":-36000,"time_zone":"Hawaii","geo_enabled":false,"verified":false,"statuses_count":12259,"lang":"ja","contributors_enabled":false,"is_translator":false,"is_translation_enabled":false,"profile_background_color":"C0DEED","profile_background_image_url":"http://abs.twimg.com/images/themes/theme1/bg.png","profile_background_image_url_https":"https://abs.twimg.com/images/themes/theme1/bg.png","profile_background_tile":false,"profile_image_url":"http://pbs.twimg.com/profile_images/866192375718191104/atOf_jD3_normal.png","profile_image_url_https":"https://pbs.twimg.com/profile_images/866192375718191104/atOf_jD3_normal.png","profile_link_color":"1DA1F2","profile_sidebar_border_color":"C0DEED","profile_sidebar_fill_color":"DDEEF6","profile_text_color":"333333","profile_use_background_image":true,"has_extended_profile":false,"default_profile":true,"default_profile_image":false,"following":false,"follow_request_sent":false,"notifications":false,"translator_type":"none"},"geo":null,"coordinates":null,"place":null,"contributors":null,"is_quote_status":false,"retweet_count":543,"favorite_count":904,"favorited":false,"retweeted":false,"possibly_sensitive":false,"lang":"ja"},{"created_at":"Wed Jul 19 16:10:57 +0000 2017","id":887706336040894500,"id_str":"887706336040894464","text":"☆月野百鬼夜行☆\nそこは、神をも凌ぐ強大な力を持つ、黒白天狐がおわす、それはそれは古い社。\n昼間は、人々の憩いの場として。\n夜は、不思議な者達が集う場として。\n夜な夜な不思議な宴が開かれているそうな…。\n＃月野百鬼夜行 https://t.co/rzCruRT4ys","truncated":false,"entities":{"hashtags":[{"text":"月野百鬼夜行","indices":[102,109]}],"symbols":[],"user_mentions":[],"urls":[],"media":[{"id":887706190695718900,"id_str":"887706190695718913","indices":[110,133],"media_url":"http://pbs.twimg.com/media/DFHEE8FVYAE3ngP.jpg","media_url_https":"https://pbs.twimg.com/media/DFHEE8FVYAE3ngP.jpg","url":"https://t.co/rzCruRT4ys","display_url":"pic.twitter.com/rzCruRT4ys","expanded_url":"https://twitter.com/tsukiuta1/status/887706336040894464/photo/1","type":"photo","sizes":{"small":{"w":680,"h":680,"resize":"fit"},"thumb":{"w":150,"h":150,"resize":"crop"},"medium":{"w":886,"h":886,"resize":"fit"},"large":{"w":886,"h":886,"resize":"fit"}}}]},"extended_entities":{"media":[{"id":887706190695718900,"id_str":"887706190695718913","indices":[110,133],"media_url":"http://pbs.twimg.com/media/DFHEE8FVYAE3ngP.jpg","media_url_https":"https://pbs.twimg.com/media/DFHEE8FVYAE3ngP.jpg","url":"https://t.co/rzCruRT4ys","display_url":"pic.twitter.com/rzCruRT4ys","expanded_url":"https://twitter.com/tsukiuta1/status/887706336040894464/photo/1","type":"photo","sizes":{"small":{"w":680,"h":680,"resize":"fit"},"thumb":{"w":150,"h":150,"resize":"crop"},"medium":{"w":886,"h":886,"resize":"fit"},"large":{"w":886,"h":886,"resize":"fit"}}}]},"metadata":{"iso_language_code":"ja","result_type":"recent"},"source":"<a href=\"http://twitter.com\" rel=\"nofollow\">Twitter Web Client</a>","in_reply_to_status_id":null,"in_reply_to_status_id_str":null,"in_reply_to_user_id":null,"in_reply_to_user_id_str":null,"in_reply_to_screen_name":null,"user":{"id":801746160,"id_str":"801746160","name":"ツキウタ。公式","screen_name":"tsukiuta1","location":"ツキノ寮","description":"声と音楽で綴る月々の物語…。オリジナルキャラクターソングCDシリーズ「ツキウタ。」のゆるめの公式アカウントです。公式HPの更新やリリース情報等をお知らせします。※こちらは基本的に情報発信用のアカウントです。個別の返信は行いません","url":"https://t.co/goRdd9wenr","entities":{"url":{"urls":[{"url":"https://t.co/goRdd9wenr","expanded_url":"http://www.tsukiuta.com/","display_url":"tsukiuta.com","indices":[0,23]}]},"description":{"urls":[]}},"protected":false,"followers_count":157519,"friends_count":76,"listed_count":3466,"created_at":"Tue Sep 04 03:49:10 +0000 2012","favourites_count":742,"utc_offset":32400,"time_zone":"Tokyo","geo_enabled":true,"verified":false,"statuses_count":14578,"lang":"ja","contributors_enabled":false,"is_translator":false,"is_translation_enabled":false,"profile_background_color":"FFCC4D","profile_background_image_url":"http://pbs.twimg.com/profile_background_images/550332367726841858/xkfr7yw8.jpeg","profile_background_image_url_https":"https://pbs.twimg.com/profile_background_images/550332367726841858/xkfr7yw8.jpeg","profile_background_tile":false,"profile_image_url":"http://pbs.twimg.com/profile_images/881157064722010114/xi4xHYYW_normal.jpg","profile_image_url_https":"https://pbs.twimg.com/profile_images/881157064722010114/xi4xHYYW_normal.jpg","profile_banner_url":"https://pbs.twimg.com/profile_banners/801746160/1491059502","profile_link_color":"89C9FA","profile_sidebar_border_color":"FFFFFF","profile_sidebar_fill_color":"95E8EC","profile_text_color":"3C3940","profile_use_background_image":true,"has_extended_profile":false,"default_profile":false,"default_profile_image":false,"following":false,"follow_request_sent":false,"notifications":false,"translator_type":"none"},"geo":null,"coordinates":null,"place":null,"contributors":null,"is_quote_status":false,"retweet_count":3580,"favorite_count":7216,"favorited":false,"retweeted":false,"possibly_sensitive":false,"lang":"ja"}],"search_metadata":{"completed_in":0.213,"max_id":887779341156798500,"max_id_str":"887779341156798465","next_results":"?max_id=887706336040894463&q=lang%3Aja%20min_retweets%3A500&include_entities=1","query":"lang%3Aja+min_retweets%3A500","refresh_url":"?since_id=887779341156798465&q=lang%3Aja%20min_retweets%3A500&include_entities=1","count":15,"since_id":0,"since_id_str":"0"}}