{"statuses":[{"created_at":"Thu Jul 20 13:43:09 +0000 2017","id":888031528424325100,"id_str":"888031528424325120","text":"髪を20センチ切りました💇\nイメチェン！♡おきにいり♡\nヘアスタイリストTAKUさん、\n美容室CUTTERSのみなさん！\nありがとうございました😊❤️\n(アレンジしてないの4枚目☺︎) https://t.co/Li0EgwBmEJ","truncated":false,"entities":{"hashtags":[],"symbols":[],"user_mentions":[],"urls":[],"media":[{"id":888031492995141600,"id_str":"888031492995141632","indices":[93,116],"media_url":"http://pbs.twimg.com/media/DFLr8BlV0AAestN.jpg","media_url_https":"https://pbs.twimg.com/media/DFLr8BlV0AAestN.jpg","url":"https://t.co/Li0EgwBmEJ","display_url":"pic.twitter.com/Li0EgwBmEJ","expanded_url":"https://twitter.com/Yukiriiiin__K/status/888031528424325120/photo/1","type":"photo","sizes":{"large":{"w":800,"h":1200,"resize":"fit"},"small":{"w":453,"h":680,"resize":"fit"},"thumb":{"w":150,"h":150,"resize":"crop"},"medium":{"w":800,"h":1200,"resize":"fit"}}}]},"extended_entities":{"media":[{"id":888031492995141600,"id_str":"888031492995141632","indices":[93,116],"media_url":"http://pbs.twimg.com/media/DFLr8BlV0AAestN.jpg","media_url_https":"https://pbs.twimg.com/media/DFLr8BlV0AAestN.jpg","url":"https://t.co/Li0EgwBmEJ","display_url":"pic.twitter.com/Li0EgwBmEJ","expanded_url":"https://twitter.com/Yukiriiiin__K/status/888031528424325120/photo/1","type":"photo","sizes":{"large":{"w":800,"h":1200,"resize":"fit"},"small":{"w":453,"h":680,"resize":"fit"},"thumb":{"w":150,"h":150,"resize":"crop"},"medium":{"w":800,"h":1200,"resize":"fit"}}},{"id":888031492898660400,"id_str":"888031492898660352","indices":[93,116],"media_url":"http://pbs.twimg.com/media/DFLr8BOVoAAX8xQ.jpg","media_url_https":"https://pbs.twimg.com/media/DFLr8BOVoAAX8xQ.jpg","url":"https://t.co/Li0EgwBmEJ","display_url":"pic.twitter.com/Li0EgwBmEJ","expanded_url":"https://twitter.com/Yukiriiiin__K/status/888031528424325120/photo/1","type":"photo","sizes":{"small":{"w":510,"h":680,"resize":"fit"},"thumb":{"w":150,"h":150,"resize":"crop"},"large":{"w":960,"h":1280,"resize":"fit"},"medium":{"w":900,"h":1200,"resize":"fit"}}},{"id":888031492890280000,"id_str":"888031492890279936","indices":[93,116],"media_url":"http://pbs.twimg.com/media/DFLr8BMVwAAZubl.jpg","media_url_https":"https://pbs.twimg.com/media/DFLr8BMVwAAZubl.jpg","url":"https://t.co/Li0EgwBmEJ","display_url":"pic.twitter.com/Li0EgwBmEJ","expanded_url":"https://twitter.com/Yukiriiiin__K/status/888031528424325120/photo/1","type":"photo","sizes":{"medium":{"w":900,"h":1200,"resize":"fit"},"thumb":{"w":150,"h":150,"resize":"crop"},"small":{"w":510,"h":680,"resize":"fit"},"large":{"w":960,"h":1280,"resize":"fit"}}},{"id":888031492990844900,"id_str":"888031492990844928","indices":[93,116],"media_url":"http://pbs.twimg.com/media/DFLr8BkUQAAu7Ip.jpg","media_url_https":"https://pbs.twimg.com/media/DFLr8BkUQAAu7Ip.jpg","url":"https://t.co/Li0EgwBmEJ","display_url":"pic.twitter.com/Li0EgwBmEJ","expanded_url":"https://twitter.com/Yukiriiiin__K/status/888031528424325120/photo/1","type":"photo","sizes":{"small":{"w":551,"h":680,"resize":"fit"},"medium":{"w":972,"h":1200,"resize":"fit"},"thumb":{"w":150,"h":150,"resize":"crop"},"large":{"w":1080,"h":1334,"resize":"fit"}}}]},"metadata":{"iso_language_code":"ja","result_type":"recent"},"source":"<a href=\"http://twitter.com/download/iphone\" rel=\"nofollow\">Twitter for iPhone</a>","in_reply_to_status_id":null,"in_reply_to_status_id_str":null,"in_reply_to_user_id":null,"in_reply_to_user_id_str":null,"in_reply_to_screen_name":null,"user":{"id":2596484922,"id_str":"2596484922","name":"柏木由紀","screen_name":"Yukiriiiin__K","location":"","description":"◽︎ラジオ TOKYOFM 柏木由紀のYUKIRINTIME(全国14局ネット) ◾︎MBSラジオ アッパレやってまーす！水曜日22:00〜 ◽︎ひるおびお天気コーナー ▪︎CS放送 はじめて！ゴルフ〜目指せ120切り〜","url":"https://t.co/uxfE7UMB8j","entities":{"url":{"urls":[{"url":"https://t.co/uxfE7UMB8j","expanded_url":"https://www.instagram.com/yukikashiwagi_official/","display_url":"instagram.com/yukikashiwagi_…","indices":[0,23]}]},"description":{"urls":[]}},"protected":false,"followers_count":998469,"friends_count":238,"listed_count":6508,"created_at":"Mon Jun 30 15:11:00 +0000 2014","favourites_count":48,"utc_offset":null,"time_zone":null,"geo_enabled":false,"verified":true,"statuses_count":3011,"lang":"ja","contributors_enabled":false,"is_translator":false,"is_translation_enabled":false,"profile_background_color":"C0DEED","profile_background_image_url":"http://abs.twimg.com/images/themes/theme1/bg.png","profile_background_image_url_https":"https://abs.twimg.com/images/themes/theme1/bg.png","profile_background_tile":false,"profile_image_url":"http://pbs.twimg.com/profile_images/865737707820941312/W3OAZp3I_normal.jpg","profile_image_url_https":"https://pbs.twimg.com/profile_images/865737707820941312/W3OAZp3I_normal.jpg","profile_banner_url":"https://pbs.twimg.com/profile_banners/2596484922/1495242797","profile_link_color":"1DA1F2","profile_sidebar_border_color":"C0DEED","profile_sidebar_fill_color":"DDEEF6","profile_text_color":"333333","profile_use_background_image":true,"has_extended_profile":true,"default_profile":true,"default_profile_image":false,"following":false,"follow_request_sent":false,"notifications":false,"translator_type":"none"},"geo":null,"coordinates":null,"place":null,"contributors":null,"is_quote_status":false,"retweet_count":1278,"favorite_count":3320,"favorited":false,"retweeted":false,"possibly_sensitive":false,"lang":"ja"},{"created_at":"Thu Jul 20 13:40:16 +0000 2017","id":888030802012917800,"id_str":"888030802012917760","text":"もうすぐあえますねん https://t.co/YC9m7vXLhC","truncated":false,"entities":{"hashtags":[],"symbols":[],"user_mentions":[],"urls":[],"media":[{"id":888030794278555600,"id_str":"888030794278555650","indices":[11,34],"media_url":"http://pbs.twimg.com/media/DFLrTWqU0AIG7cn.jpg","media_url_https":"https://pbs.twimg.com/media/DFLrTWqU0AIG7cn.jpg","url":"https://t.co/YC9m7vXLhC","display_url":"pic.twitter.com/YC9m7vXLhC","expanded_url":"https://twitter.com/pledis_17jp/status/888030802012917760/photo/1","type":"photo","sizes":{"medium":{"w":675,"h":1200,"resize":"fit"},"thumb":{"w":150,"h":150,"resize":"crop"},"large":{"w":960,"h":1706,"resize":"fit"},"small":{"w":383,"h":680,"resize":"fit"}}}]},"extended_entities":{"media":[{"id":888030794278555600,"id_str":"888030794278555650","indices":[11,34],"media_url":"http://pbs.twimg.com/media/DFLrTWqU0AIG7cn.jpg","media_url_https":"https://pbs.twimg.com/media/DFLrTWqU0AIG7cn.jpg","url":"https://t.co/YC9m7vXLhC","display_url":"pic.twitter.com/YC9m7vXLhC","expanded_url":"https://twitter.com/pledis_17jp/status/888030802012917760/photo/1","type":"photo","sizes":{"medium":{"w":675,"h":1200,"resize":"fit"},"thumb":{"w":150,"h":150,"resize":"crop"},"large":{"w":960,"h":1706,"resize":"fit"},"small":{"w":383,"h":680,"resize":"fit"}}}]},"metadata":{"iso_language_code":"ja","result_type":"recent"},"source":"<a href=\"http://twitter.com/download/iphone\" rel=\"nofollow\">Twitter for iPhone</a>","in_reply_to_status_id":null,"in_reply_to_status_id_str":null,"in_reply_to_user_id":null,"in_reply_to_user_id_str":null,"in_reply_to_screen_name":null,"user":{"id":708198095704555500,"id_str":"708198095704555521","name":"SEVENTEEN Japan","screen_name":"pledis_17jp","location":"","description":"SEVENTEEN日本公式アカウント 7月26日(水) 27日(木) さいたまスーパーアリーナ公演決定！詳しくは公式サイトで！https://t.co/gfNaF686tz","url":"https://t.co/gfNaF686tz","entities":{"url":{"urls":[{"url":"https://t.co/gfNaF686tz","expanded_url":"http://seventeen-17.jp/","display_url":"seventeen-17.jp","indices":[0,23]}]},"description":{"urls":[{"url":"https://t.co/gfNaF686tz","expanded_url":"http://seventeen-17.jp/","display_url":"seventeen-17.jp","indices":[63,86]}]}},"protected":false,"followers_count":258834,"friends_count":2,"listed_count":1061,"created_at":"Fri Mar 11 07:49:18 +0000 2016","favourites_count":0,"utc_offset":-25200,"time_zone":"Pacific Time (US & Canada)","geo_enabled":false,"verified":false,"statuses_count":1395,"lang":"ja","contributors_enabled":false,"is_translator":false,"is_translation_enabled":false,"profile_background_color":"000000","profile_background_image_url":"http://abs.twimg.com/images/themes/theme1/bg.png","profile_background_image_url_https":"https://abs.twimg.com/images/themes/theme1/bg.png","profile_background_tile":false,"profile_image_url":"http://pbs.twimg.com/profile_images/887276012710404096/EF7MgB9h_normal.jpg","profile_image_url_https":"https://pbs.twimg.com/profile_images/887276012710404096/EF7MgB9h_normal.jpg","profile_banner_url":"https://pbs.twimg.com/profile_banners/708198095704555521/1499430058","profile_link_color":"0084B4","profile_sidebar_border_color":"000000","profile_sidebar_fill_color":"000000","profile_text_color":"000000","profile_use_background_image":false,"has_extended_profile":true,"default_profile":false,"default_profile_image":false,"following":false,"follow_request_sent":false,"notifications":false,"translator_type":"none"},"geo":null,"coordinates":null,"place":null,"contributors":null,"is_quote_status":false,"retweet_count":2408,"favorite_count":5230,"favorited":false,"retweeted":false,"possibly_sensitive":false,"lang":"ja"},{"created_at":"Thu Jul 20 13:39:19 +0000 2017","id":888030560492281900,"id_str":"888030560492281856","text":"◆『活撃 刀剣乱舞』七夕イベント◆\nイベント情報第二弾―更なる描き下ろしビジュアルを公開致します！\n・クリアファイル\n・タペストリー\n・特大タペストリー\n・くじ引き缶バッジ\n新規グッズも◎\n短冊に願いを―。\n特設サイトはこちらから… https://t.co/bLZaeGrWi9","truncated":true,"entities":{"hashtags":[],"symbols":[],"user_mentions":[],"urls":[{"url":"https://t.co/bLZaeGrWi9","expanded_url":"https://twitter.com/i/web/status/888030560492281856","display_url":"twitter.com/i/web/status/8…","indices":[117,140]}]},"metadata":{"iso_language_code":"ja","result_type":"recent"},"source":"<a href=\"http://twitter.com\" rel=\"nofollow\">Twitter Web Client</a>","in_reply_to_status_id":null,"in_reply_to_status_id_str":null,"in_reply_to_user_id":null,"in_reply_to_user_id_str":null,"in_reply_to_screen_name":null,"user":{"id":17445709,"id_str":"17445709","name":"ufotable","screen_name":"ufotable","location":"Koenji","description":"アニメーションスタジオufotableの公式アカウント。弊社運営の映画館やカフェもお楽しみ下さい:) テイルズ オブ ゼスティリア ザ クロス / Fate/stay night[Heaven's Feel] / 活撃 刀剣乱舞 制作中です。","url":"https://t.co/xCmyGQu8uw","entities":{"url":{"urls":[{"url":"https://t.co/xCmyGQu8uw","expanded_url":"http://www.ufotable.com/","display_url":"ufotable.com","indices":[0,23]}]},"description":{"urls":[]}},"protected":false,"followers_count":157206,"friends_count":17,"listed_count":2987,"created_at":"Mon Nov 17 17:25:51 +0000 2008","favourites_count":36,"utc_offset":32400,"time_zone":"Tokyo","geo_enabled":true,"verified":false,"statuses_count":19960,"lang":"en","contributors_enabled":false,"is_translator":false,"is_translation_enabled":false,"profile_background_color":"7D1414","profile_background_image_url":"http://pbs.twimg.com/profile_background_images/773881838/00e2d05d7a6b0164c4058490ea2c997b.png","profile_background_image_url_https":"https://pbs.twimg.com/profile_background_images/773881838/00e2d05d7a6b0164c4058490ea2c997b.png","profile_background_tile":false,"profile_image_url":"http://pbs.twimg.com/profile_images/886598523197677568/PhWtKLde_normal.jpg","profile_image_url_https":"https://pbs.twimg.com/profile_images/886598523197677568/PhWtKLde_normal.jpg","profile_banner_url":"https://pbs.twimg.com/profile_banners/17445709/1493642368","profile_link_color":"EDBF07","profile_sidebar_border_color":"FFFFFF","profile_sidebar_fill_color":"AE0000","profile_text_color":"333333","profile_use_background_image":true,"has_extended_profile":false,"default_profile":false,"default_profile_image":false,"following":false,"follow_request_sent":false,"notifications":false,"translator_type":"none"},"geo":null,"coordinates":null,"place":null,"contributors":null,"is_quote_status":false,"retweet_count":1030,"favorite_count":863,"favorited":false,"retweeted":false,"possibly_sensitive":false,"lang":"ja"},{"created_at":"Thu Jul 20 13:39:04 +0000 2017","id":888030498274000900,"id_str":"888030498274000896","text":"【アイドルマスター×パ・リーグ6球団コラボ】8月6日（日）にメットライフドームで開催予定の＜７６５プロダクションデー＞チケットは好評発売中！描き下ろしイラスト使用のグッズも発売予定ですので、続報をお待ち下さい！… https://t.co/84ofarjJIJ","truncated":true,"entities":{"hashtags":[],"symbols":[],"user_mentions":[],"urls":[{"url":"https://t.co/84ofarjJIJ","expanded_url":"https://twitter.com/i/web/status/888030498274000896","display_url":"twitter.com/i/web/status/8…","indices":[107,130]}]},"metadata":{"iso_language_code":"ja","result_type":"recent"},"source":"<a href=\"http://twitter.com\" rel=\"nofollow\">Twitter Web Client</a>","in_reply_to_status_id":null,"in_reply_to_status_id_str":null,"in_reply_to_user_id":null,"in_reply_to_user_id_str":null,"in_reply_to_screen_name":null,"user":{"id":230095408,"id_str":"230095408","name":"アイドルマスター","screen_name":"imas_anime","location":"","description":"『アイドルマスター アニメプロジェクト』公式アカウントです。","url":"http://t.co/JWSUgwEdm6","entities":{"url":{"urls":[{"url":"http://t.co/JWSUgwEdm6","expanded_url":"http://imas-anime-project.com","display_url":"imas-anime-project.com","indices":[0,22]}]},"description":{"urls":[]}},"protected":false,"followers_count":296520,"friends_count":9,"listed_count":5582,"created_at":"Fri Dec 24 07:32:57 +0000 2010","favourites_count":43,"utc_offset":32400,"time_zone":"Tokyo","geo_enabled":false,"verified":false,"statuses_count":6758,"lang":"ja","contributors_enabled":false,"is_translator":false,"is_translation_enabled":false,"profile_background_color":"C0DEED","profile_background_image_url":"http://pbs.twimg.com/profile_background_images/538366372154077184/vAXFlu2y.jpeg","profile_background_image_url_https":"https://pbs.twimg.com/profile_background_images/538366372154077184/vAXFlu2y.jpeg","profile_background_tile":true,"profile_image_url":"http://pbs.twimg.com/profile_images/538365006903910401/3u8n-us-_normal.png","profile_image_url_https":"https://pbs.twimg.com/profile_images/538365006903910401/3u8n-us-_normal.png","profile_link_color":"0084B4","profile_sidebar_border_color":"C0DEED","profile_sidebar_fill_color":"DDEEF6","profile_text_color":"333333","profile_use_background_image":true,"has_extended_profile":false,"default_profile":false,"default_profile_image":false,"following":false,"follow_request_sent":false,"notifications":false,"translator_type":"none"},"geo":null,"coordinates":null,"place":null,"contributors":null,"is_quote_status":false,"retweet_count":1733,"favorite_count":1384,"favorited":false,"retweeted":false,"possibly_sensitive":false,"lang":"ja"},{"created_at":"Thu Jul 20 13:33:10 +0000 2017","id":888029013070946300,"id_str":"888029013070946304","text":"まふおくんとお互いCD発売&amp;告知おめでとう で焼肉を食べているよ\n気付けば6年くらいの付き合いだなぁ\n今日はスマブラ結構勝ったと思ったらすぐボコられたよ\nいやほんと音楽的尊敬して\n次は絶対スマブラ勝つわ https://t.co/doeqJJPwhT","truncated":false,"entities":{"hashtags":[],"symbols":[],"user_mentions":[],"urls":[],"media":[{"id":888028984507719700,"id_str":"888028984507719681","indices":[106,129],"media_url":"http://pbs.twimg.com/media/DFLpqAvVYAEYvrp.jpg","media_url_https":"https://pbs.twimg.com/media/DFLpqAvVYAEYvrp.jpg","url":"https://t.co/doeqJJPwhT","display_url":"pic.twitter.com/doeqJJPwhT","expanded_url":"https://twitter.com/_amatsuki_/status/888029013070946304/photo/1","type":"photo","sizes":{"medium":{"w":1200,"h":900,"resize":"fit"},"small":{"w":680,"h":510,"resize":"fit"},"thumb":{"w":150,"h":150,"resize":"crop"},"large":{"w":2048,"h":1536,"resize":"fit"}}}]},"extended_entities":{"media":[{"id":888028984507719700,"id_str":"888028984507719681","indices":[106,129],"media_url":"http://pbs.twimg.com/media/DFLpqAvVYAEYvrp.jpg","media_url_https":"https://pbs.twimg.com/media/DFLpqAvVYAEYvrp.jpg","url":"https://t.co/doeqJJPwhT","display_url":"pic.twitter.com/doeqJJPwhT","expanded_url":"https://twitter.com/_amatsuki_/status/888029013070946304/photo/1","type":"photo","sizes":{"medium":{"w":1200,"h":900,"resize":"fit"},"small":{"w":680,"h":510,"resize":"fit"},"thumb":{"w":150,"h":150,"resize":"crop"},"large":{"w":2048,"h":1536,"resize":"fit"}}}]},"metadata":{"iso_language_code":"ja","result_type":"recent"},"source":"<a href=\"http://twitter.com/download/iphone\" rel=\"nofollow\">Twitter for iPhone</a>","in_reply_to_status_id":null,"in_reply_to_status_id_str":null,"in_reply_to_user_id":null,"in_reply_to_user_id_str":null,"in_reply_to_screen_name":null,"user":{"id":94322333,"id_str":"94322333","name":"天月 7/19 3rdシングル発売！","screen_name":"_amatsuki_","location":"依頼など【amatsuki2525@yahoo.co.jp】","description":"どこまでも届くように歌います。 7/19 3rdシングル『Mr.fake / ツナゲル』リリースしました！ 「トモダチゲーム」主題歌、声優担当 niconico☞https://t.co/S4lxjOmZbL Youtube ☞ https://t.co/6tJz6H1C2X","url":"https://t.co/NKrARBl0oR","entities":{"url":{"urls":[{"url":"https://t.co/NKrARBl0oR","expanded_url":"http://amatsuki.jp/","display_url":"amatsuki.jp","indices":[0,23]}]},"description":{"urls":[{"url":"https://t.co/S4lxjOmZbL","expanded_url":"http://goo.gl/zAlcRg","display_url":"goo.gl/zAlcRg","indices":[81,104]},{"url":"https://t.co/6tJz6H1C2X","expanded_url":"http://bit.ly/1FLfr2s","display_url":"bit.ly/1FLfr2s","indices":[115,138]}]}},"protected":false,"followers_count":723250,"friends_count":660,"listed_count":8832,"created_at":"Thu Dec 03 12:50:34 +0000 2009","favourites_count":17772,"utc_offset":32400,"time_zone":"Tokyo","geo_enabled":true,"verified":false,"statuses_count":71649,"lang":"ja","contributors_enabled":false,"is_translator":false,"is_translation_enabled":false,"profile_background_color":"0099B9","profile_background_image_url":"http://pbs.twimg.com/profile_background_images/571927444/gghle38lydw51pogjv0d.jpeg","profile_background_image_url_https":"https://pbs.twimg.com/profile_background_images/571927444/gghle38lydw51pogjv0d.jpeg","profile_background_tile":false,"profile_image_url":"http://pbs.twimg.com/profile_images/813460090845949952/3OuQ2AvO_normal.jpg","profile_image_url_https":"https://pbs.twimg.com/profile_images/813460090845949952/3OuQ2AvO_normal.jpg","profile_banner_url":"https://pbs.twimg.com/profile_banners/94322333/1494926414","profile_link_color":"0099B9","profile_sidebar_border_color":"5ED4DC","profile_sidebar_fill_color":"95E8EC","profile_text_color":"3C3940","profile_use_background_image":true,"has_extended_profile":true,"default_profile":false,"default_profile_image":false,"following":false,"follow_request_sent":false,"notifications":false,"translator_type":"none"},"geo":null,"coordinates":null,"place":null,"contributors":null,"is_quote_status":false,"retweet_count":1012,"favorite_count":6431,"favorited":false,"retweeted":false,"possibly_sensitive":false,"lang":"ja"},{"created_at":"Thu Jul 20 13:32:20 +0000 2017","id":888028803984797700,"id_str":"888028803984797696","text":"スプラスプラスプラスプラスプラスプラスプラスプラスプラスプラスプラスプラスプラスプラスプラスプラスプラスプラスプラスプラスプラスプラスプラスプラスプラスプラスプラスプラスプラスプラスプラスプラスプラスプラスプラスプラスプラスプラスプラスプラスプラスプラスプラスプラスプラスプラスプ","truncated":false,"entities":{"hashtags":[],"symbols":[],"user_mentions":[],"urls":[]},"metadata":{"iso_language_code":"ja","result_type":"recent"},"source":"<a href=\"http://twitter.com/download/iphone\" rel=\"nofollow\">Twitter for iPhone</a>","in_reply_to_status_id":null,"in_reply_to_status_id_str":null,"in_reply_to_user_id":null,"in_reply_to_user_id_str":null,"in_reply_to_screen_name":null,"user":{"id":129994305,"id_str":"129994305","name":"青木瑠璃子","screen_name":"coloruri","location":"しんちょうはリンゴ20こぶん","description":"アトミックモンキー所属です。 くだらないことばかりつぶやく、息吹の勇者兼イカ。オーバーウォッチしたりFarpointしたり。親指勢。気まぐれリプ魔人です。","url":null,"entities":{"description":{"urls":[]}},"protected":false,"followers_count":118136,"friends_count":197,"listed_count":4424,"created_at":"Tue Apr 06 00:58:23 +0000 2010","favourites_count":702,"utc_offset":32400,"time_zone":"Tokyo","geo_enabled":false,"verified":false,"statuses_count":15191,"lang":"ja","contributors_enabled":false,"is_translator":false,"is_translation_enabled":false,"profile_background_color":"ACDED6","profile_background_image_url":"http://pbs.twimg.com/profile_background_images/144170400/hana.jpg","profile_background_image_url_https":"https://pbs.twimg.com/profile_background_images/144170400/hana.jpg","profile_background_tile":true,"profile_image_url":"http://pbs.twimg.com/profile_images/871746136352014336/2WotIF9X_normal.jpg","profile_image_url_https":"https://pbs.twimg.com/profile_images/871746136352014336/2WotIF9X_normal.jpg","profile_banner_url":"https://pbs.twimg.com/profile_banners/129994305/1494585559","profile_link_color":"038543","profile_sidebar_border_color":"FFFFFF","profile_sidebar_fill_color":"F6F6F6","profile_text_color":"333333","profile_use_background_image":true,"has_extended_profile":false,"default_profile":false,"default_profile_image":false,"following":false,"follow_request_sent":false,"notifications":false,"translator_type":"none"},"geo":null,"coordinates":null,"place":null,"contributors":null,"is_quote_status":false,"retweet_count":972,"favorite_count":1209,"favorited":false,"retweeted":false,"lang":"ja"},{"created_at":"Thu Jul 20 13:32:20 +0000 2017","id":888028803540189200,"id_str":"888028803540189184","text":"おおっ、来週の夜会にキンキさん登場！ https://t.co/4rziM0aGYV","truncated":false,"entities":{"hashtags":[],"symbols":[],"user_mentions":[],"urls":[],"media":[{"id":888028789132845000,"id_str":"888028789132845057","indices":[19,42],"media_url":"http://pbs.twimg.com/media/DFLpeo6VYAEXmEU.jpg","media_url_https":"https://pbs.twimg.com/media/DFLpeo6VYAEXmEU.jpg","url":"https://t.co/4rziM0aGYV","display_url":"pic.twitter.com/4rziM0aGYV","expanded_url":"https://twitter.com/bayst_0617/status/888028803540189184/photo/1","type":"photo","sizes":{"medium":{"w":1200,"h":875,"resize":"fit"},"small":{"w":680,"h":496,"resize":"fit"},"thumb":{"w":150,"h":150,"resize":"crop"},"large":{"w":1300,"h":948,"resize":"fit"}}}]},"extended_entities":{"media":[{"id":888028789132845000,"id_str":"888028789132845057","indices":[19,42],"media_url":"http://pbs.twimg.com/media/DFLpeo6VYAEXmEU.jpg","media_url_https":"https://pbs.twimg.com/media/DFLpeo6VYAEXmEU.jpg","url":"https://t.co/4rziM0aGYV","display_url":"pic.twitter.com/4rziM0aGYV","expanded_url":"https://twitter.com/bayst_0617/status/888028803540189184/photo/1","type":"photo","sizes":{"medium":{"w":1200,"h":875,"resize":"fit"},"small":{"w":680,"h":496,"resize":"fit"},"thumb":{"w":150,"h":150,"resize":"crop"},"large":{"w":1300,"h":948,"resize":"fit"}}}]},"metadata":{"iso_language_code":"ja","result_type":"recent"},"source":"<a href=\"http://twitter.com\" rel=\"nofollow\">Twitter Web Client</a>","in_reply_to_status_id":null,"in_reply_to_status_id_str":null,"in_reply_to_user_id":null,"in_reply_to_user_id_str":null,"in_reply_to_screen_name":null,"user":{"id":819135770,"id_str":"819135770","name":"sho-beat","screen_name":"bayst_0617","location":"","description":"いつも心に嵐さん。翔さん萌えの翔潤寄り。※引用RTが苦手です\n140文字でおさまらない時用にBLOGを作りました。\n「sho-beat的メモブログ」","url":"https://t.co/kA6qJ7NfBo","entities":{"url":{"urls":[{"url":"https://t.co/kA6qJ7NfBo","expanded_url":"http://ameblo.jp/bayst-0617/","display_url":"ameblo.jp/bayst-0617/","indices":[0,23]}]},"description":{"urls":[]}},"protected":false,"followers_count":98206,"friends_count":0,"listed_count":613,"created_at":"Wed Sep 12 08:35:10 +0000 2012","favourites_count":523,"utc_offset":32400,"time_zone":"Tokyo","geo_enabled":false,"verified":false,"statuses_count":33975,"lang":"ja","contributors_enabled":false,"is_translator":false,"is_translation_enabled":false,"profile_background_color":"EDECE9","profile_background_image_url":"http://pbs.twimg.com/profile_background_images/623590083271090176/vF_R5lYj.jpg","profile_background_image_url_https":"https://pbs.twimg.com/profile_background_images/623590083271090176/vF_R5lYj.jpg","profile_background_tile":true,"profile_image_url":"http://pbs.twimg.com/profile_images/824355278955040768/Kfy-sgi1_normal.jpg","profile_image_url_https":"https://pbs.twimg.com/profile_images/824355278955040768/Kfy-sgi1_normal.jpg","profile_banner_url":"https://pbs.twimg.com/profile_banners/819135770/1377874252","profile_link_color":"DD2E44","profile_sidebar_border_color":"FFFFFF","profile_sidebar_fill_color":"DDEEF6","profile_text_color":"333333","profile_use_background_image":true,"has_extended_profile":true,"default_profile":false,"default_profile_image":false,"following":false,"follow_request_sent":false,"notifications":false,"translator_type":"none"},"geo":null,"coordinates":null,"place":null,"contributors":null,"is_quote_status":false,"retweet_count":868,"favorite_count":754,"favorited":false,"retweeted":false,"possibly_sensitive":false,"lang":"ja"},{"created_at":"Thu Jul 20 13:31:52 +0000 2017","id":888028689081843700,"id_str":"888028689081843712","text":"今日のヒーローはこの選手だ！！\n#lovefighters #宇宙一のその先へ #アンビシャス https://t.co/7uAxAY2Z4z","truncated":false,"entities":{"hashtags":[{"text":"lovefighters","indices":[16,29]},{"text":"宇宙一のその先へ","indices":[30,39]},{"text":"アンビシャス","indices":[40,47]}],"symbols":[],"user_mentions":[],"urls":[],"media":[{"id":888028685206290400,"id_str":"888028685206290432","indices":[48,71],"media_url":"http://pbs.twimg.com/media/DFLpYlwUAAA4oqc.jpg","media_url_https":"https://pbs.twimg.com/media/DFLpYlwUAAA4oqc.jpg","url":"https://t.co/7uAxAY2Z4z","display_url":"pic.twitter.com/7uAxAY2Z4z","expanded_url":"https://twitter.com/FightersPR/status/888028689081843712/photo/1","type":"photo","sizes":{"medium":{"w":960,"h":960,"resize":"fit"},"thumb":{"w":150,"h":150,"resize":"crop"},"large":{"w":960,"h":960,"resize":"fit"},"small":{"w":680,"h":680,"resize":"fit"}}}]},"extended_entities":{"media":[{"id":888028685206290400,"id_str":"888028685206290432","indices":[48,71],"media_url":"http://pbs.twimg.com/media/DFLpYlwUAAA4oqc.jpg","media_url_https":"https://pbs.twimg.com/media/DFLpYlwUAAA4oqc.jpg","url":"https://t.co/7uAxAY2Z4z","display_url":"pic.twitter.com/7uAxAY2Z4z","expanded_url":"https://twitter.com/FightersPR/status/888028689081843712/photo/1","type":"photo","sizes":{"medium":{"w":960,"h":960,"resize":"fit"},"thumb":{"w":150,"h":150,"resize":"crop"},"large":{"w":960,"h":960,"resize":"fit"},"small":{"w":680,"h":680,"resize":"fit"}}}]},"metadata":{"iso_language_code":"ja","result_type":"recent"},"source":"","in_reply_to_status_id":null,"in_reply_to_status_id_str":null,"in_reply_to_user_id":null,"in_reply_to_user_id_str":null,"in_reply_to_screen_name":null,"user":{"id":2991223079,"id_str":"2991223079","name":"北海道日本ハムファイターズ公式","screen_name":"FightersPR","location":"北海道","description":"北海道日本ハムファイターズの公式アカウントです。沢山の情報をつぶやきますのでお楽しみに！一丸となって日本一を、いや宇宙一を目指しましょう！ファイターズの応援宜しくお願いします！！ ※スパム行為や過度の誹謗中傷などに関しましては通報またはブロックをさせて頂くことがありますのでご了承ください。","url":"https://t.co/SA73lnjwFO","entities":{"url":{"urls":[{"url":"https://t.co/SA73lnjwFO","expanded_url":"http://www.fighters.co.jp","display_url":"fighters.co.jp","indices":[0,23]}]},"description":{"urls":[]}},"protected":false,"followers_count":660434,"friends_count":73,"listed_count":1469,"created_at":"Thu Jan 22 02:52:41 +0000 2015","favourites_count":349,"utc_offset":-25200,"time_zone":"Pacific Time (US & Canada)","geo_enabled":false,"verified":true,"statuses_count":5559,"lang":"ja","contributors_enabled":false,"is_translator":false,"is_translation_enabled":false,"profile_background_color":"C0DEED","profile_background_image_url":"http://pbs.twimg.com/profile_background_images/563589746245386241/LWHTm-3G.jpeg","profile_background_image_url_https":"https://pbs.twimg.com/profile_background_images/563589746245386241/LWHTm-3G.jpeg","profile_background_tile":true,"profile_image_url":"http://pbs.twimg.com/profile_images/887130284486934528/ORzPxnpl_normal.jpg","profile_image_url_https":"https://pbs.twimg.com/profile_images/887130284486934528/ORzPxnpl_normal.jpg","profile_banner_url":"https://pbs.twimg.com/profile_banners/2991223079/1500362445","profile_link_color":"1B95E0","profile_sidebar_border_color":"000000","profile_sidebar_fill_color":"000000","profile_text_color":"000000","profile_use_background_image":true,"has_extended_profile":false,"default_profile":false,"default_profile_image":false,"following":false,"follow_request_sent":false,"notifications":false,"translator_type":"none"},"geo":null,"coordinates":null,"place":null,"contributors":null,"is_quote_status":false,"retweet_count":1460,"favorite_count":4088,"favorited":false,"retweeted":false,"possibly_sensitive":false,"lang":"ja"},{"created_at":"Thu Jul 20 13:31:19 +0000 2017","id":888028548799225900,"id_str":"888028548799225858","text":"【アイドルマスター×パ・リーグ6球団コラボ】７６５プロダクション所属アイドルの描き下ろしイラストを公開！本拠地にあわせて、北から南の順にご紹介！ #imas https://t.co/noYrKhdlGz https://t.co/PJWkoXYQfV","truncated":false,"entities":{"hashtags":[{"text":"imas","indices":[73,78]}],"symbols":[],"user_mentions":[],"urls":[{"url":"https://t.co/noYrKhdlGz","expanded_url":"http://www.idolmaster-anime.jp/news/#news44386","display_url":"idolmaster-anime.jp/news/#news44386","indices":[79,102]}],"media":[{"id":888027112933736400,"id_str":"888027112933736449","indices":[103,126],"media_url":"http://pbs.twimg.com/media/DFLn9ElUwAEYZYw.jpg","media_url_https":"https://pbs.twimg.com/media/DFLn9ElUwAEYZYw.jpg","url":"https://t.co/PJWkoXYQfV","display_url":"pic.twitter.com/PJWkoXYQfV","expanded_url":"https://twitter.com/imas_anime/status/888028548799225858/photo/1","type":"photo","sizes":{"medium":{"w":1200,"h":675,"resize":"fit"},"large":{"w":1920,"h":1080,"resize":"fit"},"small":{"w":680,"h":383,"resize":"fit"},"thumb":{"w":150,"h":150,"resize":"crop"}}}]},"extended_entities":{"media":[{"id":888027112933736400,"id_str":"888027112933736449","indices":[103,126],"media_url":"http://pbs.twimg.com/media/DFLn9ElUwAEYZYw.jpg","media_url_https":"https://pbs.twimg.com/media/DFLn9ElUwAEYZYw.jpg","url":"https://t.co/PJWkoXYQfV","display_url":"pic.twitter.com/PJWkoXYQfV","expanded_url":"https://twitter.com/imas_anime/status/888028548799225858/photo/1","type":"photo","sizes":{"medium":{"w":1200,"h":675,"resize":"fit"},"large":{"w":1920,"h":1080,"resize":"fit"},"small":{"w":680,"h":383,"resize":"fit"},"thumb":{"w":150,"h":150,"resize":"crop"}}},{"id":888027149982093300,"id_str":"888027149982093312","indices":[103,126],"media_url":"http://pbs.twimg.com/media/DFLn_OmV0AAfE44.jpg","media_url_https":"https://pbs.twimg.com/media/DFLn_OmV0AAfE44.jpg","url":"https://t.co/PJWkoXYQfV","display_url":"pic.twitter.com/PJWkoXYQfV","expanded_url":"https://twitter.com/imas_anime/status/888028548799225858/photo/1","type":"photo","sizes":{"medium":{"w":1200,"h":675,"resize":"fit"},"large":{"w":1920,"h":1080,"resize":"fit"},"small":{"w":680,"h":383,"resize":"fit"},"thumb":{"w":150,"h":150,"resize":"crop"}}},{"id":888027174216769500,"id_str":"888027174216769536","indices":[103,126],"media_url":"http://pbs.twimg.com/media/DFLoAo4VoAAtKIq.jpg","media_url_https":"https://pbs.twimg.com/media/DFLoAo4VoAAtKIq.jpg","url":"https://t.co/PJWkoXYQfV","display_url":"pic.twitter.com/PJWkoXYQfV","expanded_url":"https://twitter.com/imas_anime/status/888028548799225858/photo/1","type":"photo","sizes":{"medium":{"w":1200,"h":675,"resize":"fit"},"large":{"w":1920,"h":1080,"resize":"fit"},"small":{"w":680,"h":383,"resize":"fit"},"thumb":{"w":150,"h":150,"resize":"crop"}}}]},"metadata":{"iso_language_code":"ja","result_type":"recent"},"source":"<a href=\"http://twitter.com\" rel=\"nofollow\">Twitter Web Client</a>","in_reply_to_status_id":null,"in_reply_to_status_id_str":null,"in_reply_to_user_id":null,"in_reply_to_user_id_str":null,"in_reply_to_screen_name":null,"user":{"id":230095408,"id_str":"230095408","name":"アイドルマスター","screen_name":"imas_anime","location":"","description":"『アイドルマスター アニメプロジェクト』公式アカウントです。","url":"http://t.co/JWSUgwEdm6","entities":{"url":{"urls":[{"url":"http://t.co/JWSUgwEdm6","expanded_url":"http://imas-anime-project.com","display_url":"imas-anime-project.com","indices":[0,22]}]},"description":{"urls":[]}},"protected":false,"followers_count":296520,"friends_count":9,"listed_count":5582,"created_at":"Fri Dec 24 07:32:57 +0000 2010","favourites_count":43,"utc_offset":32400,"time_zone":"Tokyo","geo_enabled":false,"verified":false,"statuses_count":6758,"lang":"ja","contributors_enabled":false,"is_translator":false,"is_translation_enabled":false,"profile_background_color":"C0DEED","profile_background_image_url":"http://pbs.twimg.com/profile_background_images/538366372154077184/vAXFlu2y.jpeg","profile_background_image_url_https":"https://pbs.twimg.com/profile_background_images/538366372154077184/vAXFlu2y.jpeg","profile_background_tile":true,"profile_image_url":"http://pbs.twimg.com/profile_images/538365006903910401/3u8n-us-_normal.png","profile_image_url_https":"https://pbs.twimg.com/profile_images/538365006903910401/3u8n-us-_normal.png","profile_link_color":"0084B4","profile_sidebar_border_color":"C0DEED","profile_sidebar_fill_color":"DDEEF6","profile_text_color":"333333","profile_use_background_image":true,"has_extended_profile":false,"default_profile":false,"default_profile_image":false,"following":false,"follow_request_sent":false,"notifications":false,"translator_type":"none"},"geo":null,"coordinates":null,"place":null,"contributors":null,"is_quote_status":false,"retweet_count":2369,"favorite_count":1919,"favorited":false,"retweeted":false,"possibly_sensitive":false,"lang":"ja"},{"created_at":"Thu Jul 20 13:30:44 +0000 2017","id":888028401268686800,"id_str":"888028401268686850","text":"【アイドルマスターシリーズ×パ・リーグ 6球団コラボ】765プロダクション・描き下ろしイラスト公開！→→ https://t.co/06ix4N1CcO #idolmaster","truncated":false,"entities":{"hashtags":[{"text":"idolmaster","indices":[77,88]}],"symbols":[],"user_mentions":[],"urls":[{"url":"https://t.co/06ix4N1CcO","expanded_url":"http://idolmaster.jp/blog/?p=31826","display_url":"idolmaster.jp/blog/?p=31826","indices":[53,76]}]},"metadata":{"iso_language_code":"ja","result_type":"recent"},"source":"<a href=\"http://idolmaster.jp/blog/\" rel=\"nofollow\">アイドルマスター公式ブログ</a>","in_reply_to_status_id":null,"in_reply_to_status_id_str":null,"in_reply_to_user_id":null,"in_reply_to_user_id_str":null,"in_reply_to_screen_name":null,"user":{"id":2386153344,"id_str":"2386153344","name":"アイドルマスター公式ツイッター","screen_name":"imas_official","location":"PROJECT IM@S 2nd VISION","description":"アイドルマスター公式ブログの更新情報を中心につぶやきます！\r\n※本アカウントでは、リプライに対する返信や、お問い合わせのお答えはしておりません。\r\nお問い合わせについてはこちらをご覧下さい→ http://t.co/vt4FcVGkDe","url":"http://t.co/nKOsLrXUo5","entities":{"url":{"urls":[{"url":"http://t.co/nKOsLrXUo5","expanded_url":"http://idolmaster.jp/","display_url":"idolmaster.jp","indices":[0,22]}]},"description":{"urls":[{"url":"http://t.co/vt4FcVGkDe","expanded_url":"http://bandainam.co/17Cz1OI","display_url":"bandainam.co/17Cz1OI","indices":[96,118]}]}},"protected":false,"followers_count":181421,"friends_count":11,"listed_count":3920,"created_at":"Thu Mar 13 02:27:31 +0000 2014","favourites_count":2,"utc_offset":-25200,"time_zone":"Pacific Time (US & Canada)","geo_enabled":false,"verified":true,"statuses_count":2182,"lang":"ja","contributors_enabled":false,"is_translator":false,"is_translation_enabled":false,"profile_background_color":"AEF1ED","profile_background_image_url":"http://pbs.twimg.com/profile_background_images/496195845088215040/2A-9o1W_.png","profile_background_image_url_https":"https://pbs.twimg.com/profile_background_images/496195845088215040/2A-9o1W_.png","profile_background_tile":false,"profile_image_url":"http://pbs.twimg.com/profile_images/824435672094167040/8pUyep82_normal.jpg","profile_image_url_https":"https://pbs.twimg.com/profile_images/824435672094167040/8pUyep82_normal.jpg","profile_banner_url":"https://pbs.twimg.com/profile_banners/2386153344/1493696883","profile_link_color":"0084B4","profile_sidebar_border_color":"FFFFFF","profile_sidebar_fill_color":"DDEEF6","profile_text_color":"333333","profile_use_background_image":false,"has_extended_profile":false,"default_profile":false,"default_profile_image":false,"following":false,"follow_request_sent":false,"notifications":false,"translator_type":"none"},"geo":null,"coordinates":null,"place":null,"contributors":null,"is_quote_status":false,"retweet_count":726,"favorite_count":448,"favorited":false,"retweeted":false,"possibly_sensitive":false,"lang":"ja"},{"created_at":"Thu Jul 20 13:29:50 +0000 2017","id":888028176449851400,"id_str":"888028176449851393","text":"【すごい…】ツール・ド・フランス、過酷さ物語る脚の写真が話題\nhttps://t.co/uyMk0ClvnQ\n\n同レースに出場しているポリャンスキー選手が投稿したもので、静脈が浮き出るなど過酷さを感じさせる写真が反響を呼んでいる。 https://t.co/82hQlYI6Lv","truncated":false,"entities":{"hashtags":[],"symbols":[],"user_mentions":[],"urls":[{"url":"https://t.co/uyMk0ClvnQ","expanded_url":"http://news.livedoor.com/article/detail/13362578/","display_url":"news.livedoor.com/article/detail…","indices":[31,54]}],"media":[{"id":888027979720253400,"id_str":"888027979720253440","indices":[116,139],"media_url":"http://pbs.twimg.com/media/DFLovhnVYAAqQSu.jpg","media_url_https":"https://pbs.twimg.com/media/DFLovhnVYAAqQSu.jpg","url":"https://t.co/82hQlYI6Lv","display_url":"pic.twitter.com/82hQlYI6Lv","expanded_url":"https://twitter.com/livedoornews/status/888028176449851393/photo/1","type":"photo","sizes":{"medium":{"w":500,"h":460,"resize":"fit"},"small":{"w":500,"h":460,"resize":"fit"},"thumb":{"w":150,"h":150,"resize":"crop"},"large":{"w":500,"h":460,"resize":"fit"}}}]},"extended_entities":{"media":[{"id":888027979720253400,"id_str":"888027979720253440","indices":[116,139],"media_url":"http://pbs.twimg.com/media/DFLovhnVYAAqQSu.jpg","media_url_https":"https://pbs.twimg.com/media/DFLovhnVYAAqQSu.jpg","url":"https://t.co/82hQlYI6Lv","display_url":"pic.twitter.com/82hQlYI6Lv","expanded_url":"https://twitter.com/livedoornews/status/888028176449851393/photo/1","type":"photo","sizes":{"medium":{"w":500,"h":460,"resize":"fit"},"small":{"w":500,"h":460,"resize":"fit"},"thumb":{"w":150,"h":150,"resize":"crop"},"large":{"w":500,"h":460,"resize":"fit"}}}]},"metadata":{"iso_language_code":"ja","result_type":"recent"},"source":"<a href=\"http://twitter.com\" rel=\"nofollow\">Twitter Web Client</a>","in_reply_to_status_id":null,"in_reply_to_status_id_str":null,"in_reply_to_user_id":null,"in_reply_to_user_id_str":null,"in_reply_to_screen_name":null,"user":{"id":17306975,"id_str":"17306975","name":"ライブドアニュース","screen_name":"livedoornews","location":"","description":"LINE →https://t.co/yhJO0o7Jns／FB → https://t.co/LHTCuyIEjr／インスタ／→https://t.co/SpmVgPtfCG","url":"http://t.co/Q4Bh3OCfgY","entities":{"url":{"urls":[{"url":"http://t.co/Q4Bh3OCfgY","expanded_url":"http://news.livedoor.com/","display_url":"news.livedoor.com","indices":[0,22]}]},"description":{"urls":[{"url":"https://t.co/yhJO0o7Jns","expanded_url":"http://goo.gl/upBgKP","display_url":"goo.gl/upBgKP","indices":[6,29]},{"url":"https://t.co/LHTCuyIEjr","expanded_url":"http://goo.gl/nDULhn","display_url":"goo.gl/nDULhn","indices":[35,58]},{"url":"https://t.co/SpmVgPtfCG","expanded_url":"http://goo.gl/cHGD9G","display_url":"goo.gl/cHGD9G","indices":[65,88]}]}},"protected":false,"followers_count":432230,"friends_count":88,"listed_count":6149,"created_at":"Tue Nov 11 09:56:31 +0000 2008","favourites_count":2609,"utc_offset":32400,"time_zone":"Tokyo","geo_enabled":false,"verified":true,"statuses_count":177167,"lang":"ja","contributors_enabled":false,"is_translator":false,"is_translation_enabled":false,"profile_background_color":"FFFFFF","profile_background_image_url":"http://pbs.twimg.com/profile_background_images/378800000085828060/4b07c1d868c917fb65a3d64a20904cd5.jpeg","profile_background_image_url_https":"https://pbs.twimg.com/profile_background_images/378800000085828060/4b07c1d868c917fb65a3d64a20904cd5.jpeg","profile_background_tile":false,"profile_image_url":"http://pbs.twimg.com/profile_images/875662964988166149/whdJTD2I_normal.jpg","profile_image_url_https":"https://pbs.twimg.com/profile_images/875662964988166149/whdJTD2I_normal.jpg","profile_link_color":"51ADD4","profile_sidebar_border_color":"FFFFFF","profile_sidebar_fill_color":"95E8EC","profile_text_color":"3C3940","profile_use_background_image":true,"has_extended_profile":false,"default_profile":false,"default_profile_image":false,"following":false,"follow_request_sent":false,"notifications":false,"translator_type":"none"},"geo":null,"coordinates":null,"place":null,"contributors":null,"is_quote_status":false,"retweet_count":740,"favorite_count":750,"favorited":false,"retweeted":false,"possibly_sensitive":false,"lang":"ja"},{"created_at":"Thu Jul 20 13:29:46 +0000 2017","id":888028156795396100,"id_str":"888028156795396096","text":"【 TV出演決定！ 】\nㅤ\n番組名：「青春！LiveChannel」\n放送局：テレビ東京 \n放映日時：7月26日（水）25:35～　\nㅤ\n何とラブデザがりゅうちぇるさん、藤森慎吾さんと共演させて頂きました！\n是非ご覧下さい！！\nㅤ… https://t.co/37cUOlDXPB","truncated":true,"entities":{"hashtags":[],"symbols":[],"user_mentions":[],"urls":[{"url":"https://t.co/37cUOlDXPB","expanded_url":"https://twitter.com/i/web/status/888028156795396096","display_url":"twitter.com/i/web/status/8…","indices":[117,140]}]},"metadata":{"iso_language_code":"ja","result_type":"recent"},"source":"<a href=\"http://twitter.com/download/iphone\" rel=\"nofollow\">Twitter for iPhone</a>","in_reply_to_status_id":null,"in_reply_to_status_id_str":null,"in_reply_to_user_id":null,"in_reply_to_user_id_str":null,"in_reply_to_screen_name":null,"user":{"id":3121260216,"id_str":"3121260216","name":"Love Desire 公式","screen_name":"LoveDesire_info","location":"","description":"Love Desire公式アカウント メンバー：としやん(@TsyGsx) とら*(@to_ra_law) sakuya。(@sakuya_252525) kenty(@kenty2525) 総指揮：隼兎(@ereto69) #ラブデザ への依頼等はこちら lovedesire_info@yahoo.co.jp","url":"https://t.co/zehVfm9VI9","entities":{"url":{"urls":[{"url":"https://t.co/zehVfm9VI9","expanded_url":"http://LoveDesire.jp","display_url":"LoveDesire.jp","indices":[0,23]}]},"description":{"urls":[]}},"protected":false,"followers_count":22350,"friends_count":4,"listed_count":399,"created_at":"Tue Mar 31 19:01:31 +0000 2015","favourites_count":0,"utc_offset":null,"time_zone":null,"geo_enabled":false,"verified":false,"statuses_count":331,"lang":"ja","contributors_enabled":false,"is_translator":false,"is_translation_enabled":false,"profile_background_color":"C0DEED","profile_background_image_url":"http://abs.twimg.com/images/themes/theme1/bg.png","profile_background_image_url_https":"https://abs.twimg.com/images/themes/theme1/bg.png","profile_background_tile":false,"profile_image_url":"http://pbs.twimg.com/profile_images/885001832954777601/CkSU3pNs_normal.jpg","profile_image_url_https":"https://pbs.twimg.com/profile_images/885001832954777601/CkSU3pNs_normal.jpg","profile_banner_url":"https://pbs.twimg.com/profile_banners/3121260216/1490352267","profile_link_color":"1DA1F2","profile_sidebar_border_color":"C0DEED","profile_sidebar_fill_color":"DDEEF6","profile_text_color":"333333","profile_use_background_image":true,"has_extended_profile":false,"default_profile":true,"default_profile_image":false,"following":false,"follow_request_sent":false,"notifications":false,"translator_type":"none"},"geo":null,"coordinates":null,"place":null,"contributors":null,"is_quote_status":false,"retweet_count":726,"favorite_count":1362,"favorited":false,"retweeted":false,"possibly_sensitive":false,"lang":"ja"},{"created_at":"Thu Jul 20 13:29:40 +0000 2017","id":888028132149559300,"id_str":"888028132149559296","text":"【#有安杏果 】\n10/11（水）にオリジナルフルアルバム「ココロノオト」発売決定！！\n10/13（金）仙台サンプラザホール、\n10/20（金）日本武道館\n公演も！みなさんお楽しみに♪\n\nアルバム情報はコチラ… https://t.co/PYfhdDBmei","truncated":true,"entities":{"hashtags":[{"text":"有安杏果","indices":[1,6]}],"symbols":[],"user_mentions":[],"urls":[{"url":"https://t.co/PYfhdDBmei","expanded_url":"https://twitter.com/i/web/status/888028132149559296","display_url":"twitter.com/i/web/status/8…","indices":[106,129]}]},"metadata":{"iso_language_code":"ja","result_type":"recent"},"source":"<a href=\"http://twitter.com\" rel=\"nofollow\">Twitter Web Client</a>","in_reply_to_status_id":null,"in_reply_to_status_id_str":null,"in_reply_to_user_id":null,"in_reply_to_user_id_str":null,"in_reply_to_screen_name":null,"user":{"id":362896668,"id_str":"362896668","name":"ももクロ KING PR","screen_name":"momoclo_king_pr","location":"東京都文京区","description":"キングレコード公式「ももいろクローバーZ」twitter。 EVIL LINE RECORDS / キングレコードの「ももいろクローバーZ」スタッフが、お知らせや最新情報をつぶやきます。 8/2（水）NEW SINGLE「BLAST！」発売決定！","url":"https://t.co/Zsmo69A07V","entities":{"url":{"urls":[{"url":"https://t.co/Zsmo69A07V","expanded_url":"http://www.evilline.com/momoclo/blast","display_url":"evilline.com/momoclo/blast","indices":[0,23]}]},"description":{"urls":[]}},"protected":false,"followers_count":124499,"friends_count":19,"listed_count":2463,"created_at":"Sat Aug 27 04:55:04 +0000 2011","favourites_count":0,"utc_offset":null,"time_zone":null,"geo_enabled":false,"verified":false,"statuses_count":1565,"lang":"ja","contributors_enabled":false,"is_translator":false,"is_translation_enabled":false,"profile_background_color":"000000","profile_background_image_url":"http://abs.twimg.com/images/themes/theme1/bg.png","profile_background_image_url_https":"https://abs.twimg.com/images/themes/theme1/bg.png","profile_background_tile":false,"profile_image_url":"http://pbs.twimg.com/profile_images/876771669989142532/5Faz_ASv_normal.jpg","profile_image_url_https":"https://pbs.twimg.com/profile_images/876771669989142532/5Faz_ASv_normal.jpg","profile_banner_url":"https://pbs.twimg.com/profile_banners/362896668/1497873662","profile_link_color":"F5ABB5","profile_sidebar_border_color":"000000","profile_sidebar_fill_color":"000000","profile_text_color":"000000","profile_use_background_image":false,"has_extended_profile":false,"default_profile":false,"default_profile_image":false,"following":false,"follow_request_sent":false,"notifications":false,"translator_type":"none"},"geo":null,"coordinates":null,"place":null,"contributors":null,"is_quote_status":false,"retweet_count":571,"favorite_count":928,"favorited":false,"retweeted":false,"possibly_sensitive":false,"lang":"ja"},{"created_at":"Thu Jul 20 13:28:38 +0000 2017","id":888027875546349600,"id_str":"888027875546349568","text":"FGO Fes.ライブペインティングにむけての習作。 https://t.co/7ZFgHaVJvm","truncated":false,"entities":{"hashtags":[],"symbols":[],"user_mentions":[],"urls":[],"media":[{"id":888025043116073000,"id_str":"888025043116072960","indices":[27,50],"media_url":"http://pbs.twimg.com/media/DFLmEl6VoAA0sEm.jpg","media_url_https":"https://pbs.twimg.com/media/DFLmEl6VoAA0sEm.jpg","url":"https://t.co/7ZFgHaVJvm","display_url":"pic.twitter.com/7ZFgHaVJvm","expanded_url":"https://twitter.com/simadoriru/status/888027875546349568/photo/1","type":"photo","sizes":{"large":{"w":1000,"h":750,"resize":"fit"},"small":{"w":680,"h":510,"resize":"fit"},"thumb":{"w":150,"h":150,"resize":"crop"},"medium":{"w":1000,"h":750,"resize":"fit"}}}]},"extended_entities":{"media":[{"id":888025043116073000,"id_str":"888025043116072960","indices":[27,50],"media_url":"http://pbs.twimg.com/media/DFLmEl6VoAA0sEm.jpg","media_url_https":"https://pbs.twimg.com/media/DFLmEl6VoAA0sEm.jpg","url":"https://t.co/7ZFgHaVJvm","display_url":"pic.twitter.com/7ZFgHaVJvm","expanded_url":"https://twitter.com/simadoriru/status/888027875546349568/photo/1","type":"photo","sizes":{"large":{"w":1000,"h":750,"resize":"fit"},"small":{"w":680,"h":510,"resize":"fit"},"thumb":{"w":150,"h":150,"resize":"crop"},"medium":{"w":1000,"h":750,"resize":"fit"}}}]},"metadata":{"iso_language_code":"ja","result_type":"recent"},"source":"<a href=\"http://twitter.com\" rel=\"nofollow\">Twitter Web Client</a>","in_reply_to_status_id":null,"in_reply_to_status_id_str":null,"in_reply_to_user_id":null,"in_reply_to_user_id_str":null,"in_reply_to_screen_name":null,"user":{"id":2475278468,"id_str":"2475278468","name":"しまどりる","screen_name":"simadoriru","location":"","description":"現在「Fate/GrandOrder」「ダンガンロンパV3」などで絵を描かせていただいております。2018年以降のお仕事募集中です！simadoriru@hotmail.co.jp","url":"https://t.co/vaL8NpznPF","entities":{"url":{"urls":[{"url":"https://t.co/vaL8NpznPF","expanded_url":"http://www.pixiv.net/member.php?id=92889","display_url":"pixiv.net/member.php?id=…","indices":[0,23]}]},"description":{"urls":[]}},"protected":false,"followers_count":12284,"friends_count":203,"listed_count":373,"created_at":"Sat May 03 10:23:29 +0000 2014","favourites_count":839,"utc_offset":null,"time_zone":null,"geo_enabled":false,"verified":false,"statuses_count":2944,"lang":"ja","contributors_enabled":false,"is_translator":false,"is_translation_enabled":false,"profile_background_color":"C0DEED","profile_background_image_url":"http://abs.twimg.com/images/themes/theme1/bg.png","profile_background_image_url_https":"https://abs.twimg.com/images/themes/theme1/bg.png","profile_background_tile":false,"profile_image_url":"http://pbs.twimg.com/profile_images/844093521606795264/Spmy9T7e_normal.jpg","profile_image_url_https":"https://pbs.twimg.com/profile_images/844093521606795264/Spmy9T7e_normal.jpg","profile_banner_url":"https://pbs.twimg.com/profile_banners/2475278468/1490082586","profile_link_color":"E81C4F","profile_sidebar_border_color":"C0DEED","profile_sidebar_fill_color":"DDEEF6","profile_text_color":"333333","profile_use_background_image":true,"has_extended_profile":false,"default_profile":false,"default_profile_image":false,"following":false,"follow_request_sent":false,"notifications":false,"translator_type":"none"},"geo":null,"coordinates":null,"place":null,"contributors":null,"is_quote_status":false,"retweet_count":1043,"favorite_count":1516,"favorited":false,"retweeted":false,"possibly_sensitive":false,"lang":"ja"},{"created_at":"Thu Jul 20 13:27:02 +0000 2017","id":888027470376480800,"id_str":"888027470376480768","text":"延長11回、その幕切れは…!!\n#lovefighters #宇宙一のその先へ https://t.co/8r95zlB68w","truncated":false,"entities":{"hashtags":[{"text":"lovefighters","indices":[16,29]},{"text":"宇宙一のその先へ","indices":[30,39]}],"symbols":[],"user_mentions":[],"urls":[],"media":[{"id":888026804216254500,"id_str":"888026804216254466","indices":[40,63],"media_url":"http://pbs.twimg.com/amplify_video_thumb/888026804216254466/img/G1XoqxJfi8jixY9t.jpg","media_url_https":"https://pbs.twimg.com/amplify_video_thumb/888026804216254466/img/G1XoqxJfi8jixY9t.jpg","url":"https://t.co/8r95zlB68w","display_url":"pic.twitter.com/8r95zlB68w","expanded_url":"https://twitter.com/FightersPR/status/888027470376480768/video/1","type":"photo","sizes":{"large":{"w":960,"h":540,"resize":"fit"},"small":{"w":340,"h":191,"resize":"fit"},"thumb":{"w":150,"h":150,"resize":"crop"},"medium":{"w":600,"h":338,"resize":"fit"}}}]},"extended_entities":{"media":[{"id":888026804216254500,"id_str":"888026804216254466","indices":[40,63],"media_url":"http://pbs.twimg.com/amplify_video_thumb/888026804216254466/img/G1XoqxJfi8jixY9t.jpg","media_url_https":"https://pbs.twimg.com/amplify_video_thumb/888026804216254466/img/G1XoqxJfi8jixY9t.jpg","url":"https://t.co/8r95zlB68w","display_url":"pic.twitter.com/8r95zlB68w","expanded_url":"https://twitter.com/FightersPR/status/888027470376480768/video/1","type":"video","sizes":{"large":{"w":960,"h":540,"resize":"fit"},"small":{"w":340,"h":191,"resize":"fit"},"thumb":{"w":150,"h":150,"resize":"crop"},"medium":{"w":600,"h":338,"resize":"fit"}},"video_info":{"aspect_ratio":[16,9],"duration_millis":52753,"variants":[{"content_type":"application/x-mpegURL","url":"https://video.twimg.com/amplify_video/888026804216254466/pl/_Uqoey2ewkLzDoPe.m3u8"},{"bitrate":320000,"content_type":"video/mp4","url":"https://video.twimg.com/amplify_video/888026804216254466/vid/320x180/FQaYA5ilSK_2TwYE.mp4"},{"bitrate":832000,"content_type":"video/mp4","url":"https://video.twimg.com/amplify_video/888026804216254466/vid/640x360/OD0Z6Kbhu8I1XHEE.mp4"}]},"additional_media_info":{"title":"","description":"","embeddable":true,"monetizable":false}}]},"metadata":{"iso_language_code":"ja","result_type":"recent"},"source":"<a href=\"https://studio.twitter.com\" rel=\"nofollow\">Media Studio</a>","in_reply_to_status_id":null,"in_reply_to_status_id_str":null,"in_reply_to_user_id":null,"in_reply_to_user_id_str":null,"in_reply_to_screen_name":null,"user":{"id":2991223079,"id_str":"2991223079","name":"北海道日本ハムファイターズ公式","screen_name":"FightersPR","location":"北海道","description":"北海道日本ハムファイターズの公式アカウントです。沢山の情報をつぶやきますのでお楽しみに！一丸となって日本一を、いや宇宙一を目指しましょう！ファイターズの応援宜しくお願いします！！ ※スパム行為や過度の誹謗中傷などに関しましては通報またはブロックをさせて頂くことがありますのでご了承ください。","url":"https://t.co/SA73lnjwFO","entities":{"url":{"urls":[{"url":"https://t.co/SA73lnjwFO","expanded_url":"http://www.fighters.co.jp","display_url":"fighters.co.jp","indices":[0,23]}]},"description":{"urls":[]}},"protected":false,"followers_count":660434,"friends_count":73,"listed_count":1469,"created_at":"Thu Jan 22 02:52:41 +0000 2015","favourites_count":349,"utc_offset":-25200,"time_zone":"Pacific Time (US & Canada)","geo_enabled":false,"verified":true,"statuses_count":5559,"lang":"ja","contributors_enabled":false,"is_translator":false,"is_translation_enabled":false,"profile_background_color":"C0DEED","profile_background_image_url":"http://pbs.twimg.com/profile_background_images/563589746245386241/LWHTm-3G.jpeg","profile_background_image_url_https":"https://pbs.twimg.com/profile_background_images/563589746245386241/LWHTm-3G.jpeg","profile_background_tile":true,"profile_image_url":"http://pbs.twimg.com/profile_images/887130284486934528/ORzPxnpl_normal.jpg","profile_image_url_https":"https://pbs.twimg.com/profile_images/887130284486934528/ORzPxnpl_normal.jpg","profile_banner_url":"https://pbs.twimg.com/profile_banners/2991223079/1500362445","profile_link_color":"1B95E0","profile_sidebar_border_color":"000000","profile_sidebar_fill_color":"000000","profile_text_color":"000000","profile_use_background_image":true,"has_extended_profile":false,"default_profile":false,"default_profile_image":false,"following":false,"follow_request_sent":false,"notifications":false,"translator_type":"none"},"geo":null,"coordinates":null,"place":null,"contributors":null,"is_quote_status":false,"retweet_count":2045,"favorite_count":4271,"favorited":false,"retweeted":false,"possibly_sensitive":false,"lang":"ja"}],"search_metadata":{"completed_in":0.186,"max_id":888031528424325100,"max_id_str":"888031528424325120","next_results":"?max_id=888027470376480767&q=lang%3Aja%20min_retweets%3A500&include_entities=1","query":"lang%3Aja+min_retweets%3A500","refresh_url":"?since_id=888031528424325120&q=lang%3Aja%20min_retweets%3A500&include_entities=1","count":15,"since_id":0,"since_id_str":"0"}}