{"statuses":[{"created_at":"Tue Jul 18 16:28:33 +0000 2017","id":887348375175053300,"id_str":"887348375175053315","text":"冴えカノ https://t.co/7JpPtqRhgd","truncated":false,"entities":{"hashtags":[],"symbols":[],"user_mentions":[],"urls":[],"media":[{"id":887348358221676500,"id_str":"887348358221676544","indices":[5,28],"media_url":"http://pbs.twimg.com/media/DFB-oWPUQAA-vq3.jpg","media_url_https":"https://pbs.twimg.com/media/DFB-oWPUQAA-vq3.jpg","url":"https://t.co/7JpPtqRhgd","display_url":"pic.twitter.com/7JpPtqRhgd","expanded_url":"https://twitter.com/srghrg/status/887348375175053315/photo/1","type":"photo","sizes":{"thumb":{"w":150,"h":150,"resize":"crop"},"small":{"w":481,"h":680,"resize":"fit"},"large":{"w":800,"h":1130,"resize":"fit"},"medium":{"w":800,"h":1130,"resize":"fit"}}}]},"extended_entities":{"media":[{"id":887348358221676500,"id_str":"887348358221676544","indices":[5,28],"media_url":"http://pbs.twimg.com/media/DFB-oWPUQAA-vq3.jpg","media_url_https":"https://pbs.twimg.com/media/DFB-oWPUQAA-vq3.jpg","url":"https://t.co/7JpPtqRhgd","display_url":"pic.twitter.com/7JpPtqRhgd","expanded_url":"https://twitter.com/srghrg/status/887348375175053315/photo/1","type":"photo","sizes":{"thumb":{"w":150,"h":150,"resize":"crop"},"small":{"w":481,"h":680,"resize":"fit"},"large":{"w":800,"h":1130,"resize":"fit"},"medium":{"w":800,"h":1130,"resize":"fit"}}}]},"metadata":{"iso_language_code":"ja","result_type":"recent"},"source":"<a href=\"http://twitter.com\" rel=\"nofollow\">Twitter Web Client</a>","in_reply_to_status_id":null,"in_reply_to_status_id_str":null,"in_reply_to_user_id":null,"in_reply_to_user_id_str":null,"in_reply_to_screen_name":null,"user":{"id":3309724100,"id_str":"3309724100","name":"掃除朋具@7月単行本","screen_name":"srghrg","location":"","description":"成人向けで描いてます。 \n\n■お題箱https://t.co/ZnIOCGzh7x","url":"https://t.co/NCkw5wOqtd","entities":{"url":{"urls":[{"url":"https://t.co/NCkw5wOqtd","expanded_url":"http://www.pixiv.net/member.php?id=4856899","display_url":"pixiv.net/member.php?id=…","indices":[0,23]}]},"description":{"urls":[{"url":"https://t.co/ZnIOCGzh7x","expanded_url":"https://odaibako.net/u/srghrg","display_url":"odaibako.net/u/srghrg","indices":[18,41]}]}},"protected":false,"followers_count":31607,"friends_count":248,"listed_count":756,"created_at":"Sat Aug 08 14:13:23 +0000 2015","favourites_count":54,"utc_offset":-25200,"time_zone":"Pacific Time (US & Canada)","geo_enabled":false,"verified":false,"statuses_count":409,"lang":"ja","contributors_enabled":false,"is_translator":false,"is_translation_enabled":false,"profile_background_color":"C0DEED","profile_background_image_url":"http://abs.twimg.com/images/themes/theme1/bg.png","profile_background_image_url_https":"https://abs.twimg.com/images/themes/theme1/bg.png","profile_background_tile":false,"profile_image_url":"http://pbs.twimg.com/profile_images/669845115591004160/jMykGfdb_normal.png","profile_image_url_https":"https://pbs.twimg.com/profile_images/669845115591004160/jMykGfdb_normal.png","profile_link_color":"1DA1F2","profile_sidebar_border_color":"C0DEED","profile_sidebar_fill_color":"DDEEF6","profile_text_color":"333333","profile_use_background_image":true,"has_extended_profile":false,"default_profile":true,"default_profile_image":false,"following":false,"follow_request_sent":false,"notifications":false,"translator_type":"none"},"geo":null,"coordinates":null,"place":null,"contributors":null,"is_quote_status":false,"retweet_count":1565,"favorite_count":4265,"favorited":false,"retweeted":false,"possibly_sensitive":false,"lang":"ja"},{"created_at":"Tue Jul 18 16:18:11 +0000 2017","id":887345764715814900,"id_str":"887345764715814913","text":"城ヶ崎美嘉 https://t.co/3QClRCEt5I","truncated":false,"entities":{"hashtags":[],"symbols":[],"user_mentions":[],"urls":[],"media":[{"id":887345760831799300,"id_str":"887345760831799296","indices":[6,29],"media_url":"http://pbs.twimg.com/media/DFB8RKNUAAAm8z4.jpg","media_url_https":"https://pbs.twimg.com/media/DFB8RKNUAAAm8z4.jpg","url":"https://t.co/3QClRCEt5I","display_url":"pic.twitter.com/3QClRCEt5I","expanded_url":"https://twitter.com/redeye_rkgk/status/887345764715814913/photo/1","type":"photo","sizes":{"small":{"w":510,"h":680,"resize":"fit"},"thumb":{"w":150,"h":150,"resize":"crop"},"medium":{"w":900,"h":1200,"resize":"fit"},"large":{"w":1200,"h":1600,"resize":"fit"}}}]},"extended_entities":{"media":[{"id":887345760831799300,"id_str":"887345760831799296","indices":[6,29],"media_url":"http://pbs.twimg.com/media/DFB8RKNUAAAm8z4.jpg","media_url_https":"https://pbs.twimg.com/media/DFB8RKNUAAAm8z4.jpg","url":"https://t.co/3QClRCEt5I","display_url":"pic.twitter.com/3QClRCEt5I","expanded_url":"https://twitter.com/redeye_rkgk/status/887345764715814913/photo/1","type":"photo","sizes":{"small":{"w":510,"h":680,"resize":"fit"},"thumb":{"w":150,"h":150,"resize":"crop"},"medium":{"w":900,"h":1200,"resize":"fit"},"large":{"w":1200,"h":1600,"resize":"fit"}}}]},"metadata":{"iso_language_code":"ja","result_type":"recent"},"source":"<a href=\"http://janetter.net/\" rel=\"nofollow\">Janetter</a>","in_reply_to_status_id":null,"in_reply_to_status_id_str":null,"in_reply_to_user_id":null,"in_reply_to_user_id_str":null,"in_reply_to_screen_name":null,"user":{"id":2264628680,"id_str":"2264628680","name":"redeye","screen_name":"redeye_rkgk","location":"","description":"Funky Methodist","url":null,"entities":{"description":{"urls":[]}},"protected":false,"followers_count":6443,"friends_count":8,"listed_count":222,"created_at":"Fri Dec 27 16:53:44 +0000 2013","favourites_count":0,"utc_offset":32400,"time_zone":"Tokyo","geo_enabled":false,"verified":false,"statuses_count":16716,"lang":"ja","contributors_enabled":false,"is_translator":false,"is_translation_enabled":false,"profile_background_color":"000000","profile_background_image_url":"http://abs.twimg.com/images/themes/theme18/bg.gif","profile_background_image_url_https":"https://abs.twimg.com/images/themes/theme18/bg.gif","profile_background_tile":false,"profile_image_url":"http://pbs.twimg.com/profile_images/875378226285092864/pm0MrnYW_normal.jpg","profile_image_url_https":"https://pbs.twimg.com/profile_images/875378226285092864/pm0MrnYW_normal.jpg","profile_banner_url":"https://pbs.twimg.com/profile_banners/2264628680/1497541491","profile_link_color":"F5ABB5","profile_sidebar_border_color":"000000","profile_sidebar_fill_color":"000000","profile_text_color":"000000","profile_use_background_image":false,"has_extended_profile":false,"default_profile":false,"default_profile_image":false,"following":false,"follow_request_sent":false,"notifications":false,"translator_type":"none"},"geo":null,"coordinates":null,"place":null,"contributors":null,"is_quote_status":false,"retweet_count":985,"favorite_count":1943,"favorited":false,"retweeted":false,"possibly_sensitive":false,"lang":"ja"},{"created_at":"Tue Jul 18 16:15:06 +0000 2017","id":887344989755154400,"id_str":"887344989755154433","text":"実は(もう気付いてるかな？笑)、Goody-Good GirlのMVにDa-iCEの颯と想太がダンサーとして出てくれました！!\n颯と想太カッコよく踊ってくれてありがとう🙏🙏🙏\n@Da_iCE_HAYATE \n@Da_iCE_SOTA","truncated":false,"entities":{"hashtags":[],"symbols":[],"user_mentions":[{"screen_name":"Da_iCE_HAYATE","name":"和田颯","id":210435262,"id_str":"210435262","indices":[88,102]},{"screen_name":"Da_iCE_SOTA","name":"花村想太","id":143788104,"id_str":"143788104","indices":[104,116]}],"urls":[]},"metadata":{"iso_language_code":"ja","result_type":"recent"},"source":"<a href=\"http://twitter.com/download/iphone\" rel=\"nofollow\">Twitter for iPhone</a>","in_reply_to_status_id":null,"in_reply_to_status_id_str":null,"in_reply_to_user_id":null,"in_reply_to_user_id_str":null,"in_reply_to_screen_name":null,"user":{"id":216733863,"id_str":"216733863","name":"Shinjiro Atae(AAA)","screen_name":"A_Shinjirooooo","location":"","description":"AAA 與 真司郎 Both English and Japanese are available. ☆ https://t.co/11MlYi01ix","url":"https://t.co/24NM4ljohM","entities":{"url":{"urls":[{"url":"https://t.co/24NM4ljohM","expanded_url":"https://freshlive.tv/shinjiro-atae","display_url":"freshlive.tv/shinjiro-atae","indices":[0,23]}]},"description":{"urls":[{"url":"https://t.co/11MlYi01ix","expanded_url":"https://www.instagram.com/shinjiroatae1126","display_url":"instagram.com/shinjiroatae11…","indices":[53,76]}]}},"protected":false,"followers_count":893855,"friends_count":66,"listed_count":5146,"created_at":"Wed Nov 17 15:30:55 +0000 2010","favourites_count":0,"utc_offset":32400,"time_zone":"Seoul","geo_enabled":true,"verified":true,"statuses_count":5858,"lang":"ja","contributors_enabled":false,"is_translator":false,"is_translation_enabled":true,"profile_background_color":"C0DEED","profile_background_image_url":"http://abs.twimg.com/images/themes/theme1/bg.png","profile_background_image_url_https":"https://abs.twimg.com/images/themes/theme1/bg.png","profile_background_tile":false,"profile_image_url":"http://pbs.twimg.com/profile_images/848336932765483008/PEPk-y37_normal.jpg","profile_image_url_https":"https://pbs.twimg.com/profile_images/848336932765483008/PEPk-y37_normal.jpg","profile_banner_url":"https://pbs.twimg.com/profile_banners/216733863/1491094263","profile_link_color":"1DA1F2","profile_sidebar_border_color":"C0DEED","profile_sidebar_fill_color":"DDEEF6","profile_text_color":"333333","profile_use_background_image":true,"has_extended_profile":false,"default_profile":true,"default_profile_image":false,"following":false,"follow_request_sent":false,"notifications":false,"translator_type":"none"},"geo":null,"coordinates":null,"place":null,"contributors":null,"is_quote_status":false,"retweet_count":1269,"favorite_count":6351,"favorited":false,"retweeted":false,"lang":"ja"},{"created_at":"Tue Jul 18 16:05:24 +0000 2017","id":887342549777563600,"id_str":"887342549777563648","text":"海外PS4/Vita版「Undertale」の発売が8月15日に決定、豪華なリテール版とToby Fox氏の新曲を含むダイナミックテーマも - https://t.co/SYdNrHvNk7 https://t.co/gMj5CZpIkC","truncated":false,"entities":{"hashtags":[],"symbols":[],"user_mentions":[],"urls":[{"url":"https://t.co/SYdNrHvNk7","expanded_url":"http://doope.jp/2017/0767158.html","display_url":"doope.jp/2017/0767158.h…","indices":[72,95]}],"media":[{"id":887342547663675400,"id_str":"887342547663675392","indices":[96,119],"media_url":"http://pbs.twimg.com/media/DFB5WIOVYAAcBDB.jpg","media_url_https":"https://pbs.twimg.com/media/DFB5WIOVYAAcBDB.jpg","url":"https://t.co/gMj5CZpIkC","display_url":"pic.twitter.com/gMj5CZpIkC","expanded_url":"https://twitter.com/doope_jp/status/887342549777563648/photo/1","type":"photo","sizes":{"small":{"w":680,"h":454,"resize":"fit"},"large":{"w":700,"h":467,"resize":"fit"},"thumb":{"w":150,"h":150,"resize":"crop"},"medium":{"w":700,"h":467,"resize":"fit"}}}]},"extended_entities":{"media":[{"id":887342547663675400,"id_str":"887342547663675392","indices":[96,119],"media_url":"http://pbs.twimg.com/media/DFB5WIOVYAAcBDB.jpg","media_url_https":"https://pbs.twimg.com/media/DFB5WIOVYAAcBDB.jpg","url":"https://t.co/gMj5CZpIkC","display_url":"pic.twitter.com/gMj5CZpIkC","expanded_url":"https://twitter.com/doope_jp/status/887342549777563648/photo/1","type":"photo","sizes":{"small":{"w":680,"h":454,"resize":"fit"},"large":{"w":700,"h":467,"resize":"fit"},"thumb":{"w":150,"h":150,"resize":"crop"},"medium":{"w":700,"h":467,"resize":"fit"}}}]},"metadata":{"iso_language_code":"ja","result_type":"recent"},"source":"<a href=\"http://doope.jp\" rel=\"nofollow\">doope!</a>","in_reply_to_status_id":null,"in_reply_to_status_id_str":null,"in_reply_to_user_id":null,"in_reply_to_user_id_str":null,"in_reply_to_screen_name":null,"user":{"id":109424552,"id_str":"109424552","name":"doope!","screen_name":"doope_jp","location":"仙台","description":"doope! のニュースをTwiiiiiiiit！","url":"http://t.co/5YhJRn8O0L","entities":{"url":{"urls":[{"url":"http://t.co/5YhJRn8O0L","expanded_url":"http://doope.jp/","display_url":"doope.jp","indices":[0,22]}]},"description":{"urls":[]}},"protected":false,"followers_count":15352,"friends_count":2881,"listed_count":890,"created_at":"Fri Jan 29 00:51:42 +0000 2010","favourites_count":20,"utc_offset":32400,"time_zone":"Tokyo","geo_enabled":false,"verified":false,"statuses_count":35294,"lang":"ja","contributors_enabled":false,"is_translator":false,"is_translation_enabled":false,"profile_background_color":"C0DEED","profile_background_image_url":"http://abs.twimg.com/images/themes/theme1/bg.png","profile_background_image_url_https":"https://abs.twimg.com/images/themes/theme1/bg.png","profile_background_tile":false,"profile_image_url":"http://pbs.twimg.com/profile_images/482376304403034113/yX4m0Zq2_normal.png","profile_image_url_https":"https://pbs.twimg.com/profile_images/482376304403034113/yX4m0Zq2_normal.png","profile_link_color":"1DA1F2","profile_sidebar_border_color":"C0DEED","profile_sidebar_fill_color":"DDEEF6","profile_text_color":"333333","profile_use_background_image":true,"has_extended_profile":false,"default_profile":true,"default_profile_image":false,"following":false,"follow_request_sent":false,"notifications":false,"translator_type":"none"},"geo":null,"coordinates":null,"place":null,"contributors":null,"is_quote_status":false,"retweet_count":538,"favorite_count":438,"favorited":false,"retweeted":false,"possibly_sensitive":false,"lang":"ja"},{"created_at":"Tue Jul 18 16:02:11 +0000 2017","id":887341741472231400,"id_str":"887341741472231424","text":"そして、本日より流れましたエンディングテーマ「JUMPin' JUMP UP!!!!」試聴動画を公開しました！青葉たちといっしょに行進したくなります♪♪♪♪\n\n7月26日(水)オープニングテーマと同時発売です！\n\nhttps://t.co/Vl6LCtFzHG\n#ニューゲーム","truncated":false,"entities":{"hashtags":[{"text":"ニューゲーム","indices":[131,138]}],"symbols":[],"user_mentions":[],"urls":[{"url":"https://t.co/Vl6LCtFzHG","expanded_url":"https://youtu.be/OAjG9JX4Xy4","display_url":"youtu.be/OAjG9JX4Xy4","indices":[107,130]}]},"metadata":{"iso_language_code":"ja","result_type":"recent"},"source":"<a href=\"http://twitter.com/download/iphone\" rel=\"nofollow\">Twitter for iPhone</a>","in_reply_to_status_id":null,"in_reply_to_status_id_str":null,"in_reply_to_user_id":null,"in_reply_to_user_id_str":null,"in_reply_to_screen_name":null,"user":{"id":4418757972,"id_str":"4418757972","name":"TVアニメ『NEW GAME!!』公式","screen_name":"nganime","location":"株式会社イーグルジャンプ","description":"「まんがタイムきららキャラット」にて連載中の大人気4コマ『NEW GAME!』のTVアニメ公式ツイッターです！ 第2期「NEW GAME!!」は大好評放送中+* BD&DVD Rank.1は9/27(水)発売！#ニューゲーム","url":"https://t.co/aMGkH5efNd","entities":{"url":{"urls":[{"url":"https://t.co/aMGkH5efNd","expanded_url":"http://newgame-anime.com/","display_url":"newgame-anime.com","indices":[0,23]}]},"description":{"urls":[]}},"protected":false,"followers_count":117407,"friends_count":22,"listed_count":1899,"created_at":"Tue Dec 01 09:00:37 +0000 2015","favourites_count":0,"utc_offset":null,"time_zone":null,"geo_enabled":false,"verified":false,"statuses_count":1976,"lang":"ja","contributors_enabled":false,"is_translator":false,"is_translation_enabled":false,"profile_background_color":"000000","profile_background_image_url":"http://abs.twimg.com/images/themes/theme1/bg.png","profile_background_image_url_https":"https://abs.twimg.com/images/themes/theme1/bg.png","profile_background_tile":false,"profile_image_url":"http://pbs.twimg.com/profile_images/848429155557400577/3_wKwEK2_normal.jpg","profile_image_url_https":"https://pbs.twimg.com/profile_images/848429155557400577/3_wKwEK2_normal.jpg","profile_banner_url":"https://pbs.twimg.com/profile_banners/4418757972/1491116250","profile_link_color":"91D2FA","profile_sidebar_border_color":"000000","profile_sidebar_fill_color":"000000","profile_text_color":"000000","profile_use_background_image":false,"has_extended_profile":false,"default_profile":false,"default_profile_image":false,"following":false,"follow_request_sent":false,"notifications":false,"translator_type":"none"},"geo":null,"coordinates":null,"place":null,"contributors":null,"is_quote_status":false,"retweet_count":514,"favorite_count":766,"favorited":false,"retweeted":false,"possibly_sensitive":false,"lang":"ja"},{"created_at":"Tue Jul 18 15:57:31 +0000 2017","id":887340565263564800,"id_str":"887340565263564800","text":"みんなホンマにホンマにいつもありがとう🙏🙏iTunesのMVランキング1位とか嬉しすぎる☺️ 曲の方もランキングあがってきてるみたいでもう感謝感謝です🙏\nかっこいい曲に仕上がったのでまだ聴いてない方は是非是非聴いてみてください😎\n#Goodygoodgirl \n#GGG","truncated":false,"entities":{"hashtags":[{"text":"Goodygoodgirl","indices":[115,129]},{"text":"GGG","indices":[131,135]}],"symbols":[],"user_mentions":[],"urls":[]},"metadata":{"iso_language_code":"ja","result_type":"recent"},"source":"<a href=\"http://twitter.com/download/iphone\" rel=\"nofollow\">Twitter for iPhone</a>","in_reply_to_status_id":null,"in_reply_to_status_id_str":null,"in_reply_to_user_id":null,"in_reply_to_user_id_str":null,"in_reply_to_screen_name":null,"user":{"id":216733863,"id_str":"216733863","name":"Shinjiro Atae(AAA)","screen_name":"A_Shinjirooooo","location":"","description":"AAA 與 真司郎 Both English and Japanese are available. ☆ https://t.co/11MlYi01ix","url":"https://t.co/24NM4ljohM","entities":{"url":{"urls":[{"url":"https://t.co/24NM4ljohM","expanded_url":"https://freshlive.tv/shinjiro-atae","display_url":"freshlive.tv/shinjiro-atae","indices":[0,23]}]},"description":{"urls":[{"url":"https://t.co/11MlYi01ix","expanded_url":"https://www.instagram.com/shinjiroatae1126","display_url":"instagram.com/shinjiroatae11…","indices":[53,76]}]}},"protected":false,"followers_count":893855,"friends_count":66,"listed_count":5146,"created_at":"Wed Nov 17 15:30:55 +0000 2010","favourites_count":0,"utc_offset":32400,"time_zone":"Seoul","geo_enabled":true,"verified":true,"statuses_count":5858,"lang":"ja","contributors_enabled":false,"is_translator":false,"is_translation_enabled":true,"profile_background_color":"C0DEED","profile_background_image_url":"http://abs.twimg.com/images/themes/theme1/bg.png","profile_background_image_url_https":"https://abs.twimg.com/images/themes/theme1/bg.png","profile_background_tile":false,"profile_image_url":"http://pbs.twimg.com/profile_images/848336932765483008/PEPk-y37_normal.jpg","profile_image_url_https":"https://pbs.twimg.com/profile_images/848336932765483008/PEPk-y37_normal.jpg","profile_banner_url":"https://pbs.twimg.com/profile_banners/216733863/1491094263","profile_link_color":"1DA1F2","profile_sidebar_border_color":"C0DEED","profile_sidebar_fill_color":"DDEEF6","profile_text_color":"333333","profile_use_background_image":true,"has_extended_profile":false,"default_profile":true,"default_profile_image":false,"following":false,"follow_request_sent":false,"notifications":false,"translator_type":"none"},"geo":null,"coordinates":null,"place":null,"contributors":null,"is_quote_status":false,"retweet_count":991,"favorite_count":6328,"favorited":false,"retweeted":false,"lang":"ja"},{"created_at":"Tue Jul 18 15:34:12 +0000 2017","id":887334699357544400,"id_str":"887334699357544448","text":"阿武隈ちゃんサマー https://t.co/cvxlpA0PUt","truncated":false,"entities":{"hashtags":[],"symbols":[],"user_mentions":[],"urls":[],"media":[{"id":887334687042973700,"id_str":"887334687042973696","indices":[10,33],"media_url":"http://pbs.twimg.com/media/DFByMlIUMAAg5GV.jpg","media_url_https":"https://pbs.twimg.com/media/DFByMlIUMAAg5GV.jpg","url":"https://t.co/cvxlpA0PUt","display_url":"pic.twitter.com/cvxlpA0PUt","expanded_url":"https://twitter.com/negahami/status/887334699357544448/photo/1","type":"photo","sizes":{"large":{"w":1305,"h":1016,"resize":"fit"},"medium":{"w":1200,"h":934,"resize":"fit"},"thumb":{"w":150,"h":150,"resize":"crop"},"small":{"w":680,"h":529,"resize":"fit"}}}]},"extended_entities":{"media":[{"id":887334687042973700,"id_str":"887334687042973696","indices":[10,33],"media_url":"http://pbs.twimg.com/media/DFByMlIUMAAg5GV.jpg","media_url_https":"https://pbs.twimg.com/media/DFByMlIUMAAg5GV.jpg","url":"https://t.co/cvxlpA0PUt","display_url":"pic.twitter.com/cvxlpA0PUt","expanded_url":"https://twitter.com/negahami/status/887334699357544448/photo/1","type":"photo","sizes":{"large":{"w":1305,"h":1016,"resize":"fit"},"medium":{"w":1200,"h":934,"resize":"fit"},"thumb":{"w":150,"h":150,"resize":"crop"},"small":{"w":680,"h":529,"resize":"fit"}}}]},"metadata":{"iso_language_code":"ja","result_type":"recent"},"source":"<a href=\"http://twitter.com/#!/download/ipad\" rel=\"nofollow\">Twitter for iPad</a>","in_reply_to_status_id":null,"in_reply_to_status_id_str":null,"in_reply_to_user_id":null,"in_reply_to_user_id_str":null,"in_reply_to_screen_name":null,"user":{"id":843654061953957900,"id_str":"843654061953957888","name":"Negahami","screen_name":"negahami","location":"","description":"はじめまして！Negahami(ねがはみ)と言います！お絵描きと車が大好きです。よろしくお願いします！ニコニコ静画: https://t.co/siVEhsVUdz pixiv: https://t.co/SXEfsO6rbG","url":null,"entities":{"description":{"urls":[{"url":"https://t.co/siVEhsVUdz","expanded_url":"http://seiga.nicovideo.jp/user/illust/13024674","display_url":"seiga.nicovideo.jp/user/illust/13…","indices":[59,82]},{"url":"https://t.co/SXEfsO6rbG","expanded_url":"https://touch.pixiv.net/member.php?id=2569219","display_url":"touch.pixiv.net/member.php?id=…","indices":[90,113]}]}},"protected":false,"followers_count":10509,"friends_count":116,"listed_count":206,"created_at":"Mon Mar 20 02:42:57 +0000 2017","favourites_count":544,"utc_offset":null,"time_zone":null,"geo_enabled":false,"verified":false,"statuses_count":1031,"lang":"ja","contributors_enabled":false,"is_translator":false,"is_translation_enabled":false,"profile_background_color":"F5F8FA","profile_background_image_url":null,"profile_background_image_url_https":null,"profile_background_tile":false,"profile_image_url":"http://pbs.twimg.com/profile_images/883506504980078592/qYJ6hMn0_normal.jpg","profile_image_url_https":"https://pbs.twimg.com/profile_images/883506504980078592/qYJ6hMn0_normal.jpg","profile_banner_url":"https://pbs.twimg.com/profile_banners/843654061953957888/1495543954","profile_link_color":"1DA1F2","profile_sidebar_border_color":"C0DEED","profile_sidebar_fill_color":"DDEEF6","profile_text_color":"333333","profile_use_background_image":true,"has_extended_profile":true,"default_profile":true,"default_profile_image":false,"following":false,"follow_request_sent":false,"notifications":false,"translator_type":"none"},"geo":null,"coordinates":null,"place":null,"contributors":null,"is_quote_status":false,"retweet_count":636,"favorite_count":1463,"favorited":false,"retweeted":false,"possibly_sensitive":false,"lang":"ja"},{"created_at":"Tue Jul 18 15:33:44 +0000 2017","id":887334578494488600,"id_str":"887334578494488576","text":"えっ？！！ホンマに？！嬉しすぎるー😭😭😭 https://t.co/6BIGuwskVc","truncated":false,"entities":{"hashtags":[],"symbols":[],"user_mentions":[],"urls":[{"url":"https://t.co/6BIGuwskVc","expanded_url":"https://twitter.com/mikipuluuun_oo/status/887331947118084096","display_url":"twitter.com/mikipuluuun_oo…","indices":[21,44]}]},"metadata":{"iso_language_code":"ja","result_type":"recent"},"source":"<a href=\"http://twitter.com/download/iphone\" rel=\"nofollow\">Twitter for iPhone</a>","in_reply_to_status_id":null,"in_reply_to_status_id_str":null,"in_reply_to_user_id":null,"in_reply_to_user_id_str":null,"in_reply_to_screen_name":null,"user":{"id":216733863,"id_str":"216733863","name":"Shinjiro Atae(AAA)","screen_name":"A_Shinjirooooo","location":"","description":"AAA 與 真司郎 Both English and Japanese are available. ☆ https://t.co/11MlYi01ix","url":"https://t.co/24NM4ljohM","entities":{"url":{"urls":[{"url":"https://t.co/24NM4ljohM","expanded_url":"https://freshlive.tv/shinjiro-atae","display_url":"freshlive.tv/shinjiro-atae","indices":[0,23]}]},"description":{"urls":[{"url":"https://t.co/11MlYi01ix","expanded_url":"https://www.instagram.com/shinjiroatae1126","display_url":"instagram.com/shinjiroatae11…","indices":[53,76]}]}},"protected":false,"followers_count":893855,"friends_count":66,"listed_count":5146,"created_at":"Wed Nov 17 15:30:55 +0000 2010","favourites_count":0,"utc_offset":32400,"time_zone":"Seoul","geo_enabled":true,"verified":true,"statuses_count":5858,"lang":"ja","contributors_enabled":false,"is_translator":false,"is_translation_enabled":true,"profile_background_color":"C0DEED","profile_background_image_url":"http://abs.twimg.com/images/themes/theme1/bg.png","profile_background_image_url_https":"https://abs.twimg.com/images/themes/theme1/bg.png","profile_background_tile":false,"profile_image_url":"http://pbs.twimg.com/profile_images/848336932765483008/PEPk-y37_normal.jpg","profile_image_url_https":"https://pbs.twimg.com/profile_images/848336932765483008/PEPk-y37_normal.jpg","profile_banner_url":"https://pbs.twimg.com/profile_banners/216733863/1491094263","profile_link_color":"1DA1F2","profile_sidebar_border_color":"C0DEED","profile_sidebar_fill_color":"DDEEF6","profile_text_color":"333333","profile_use_background_image":true,"has_extended_profile":false,"default_profile":true,"default_profile_image":false,"following":false,"follow_request_sent":false,"notifications":false,"translator_type":"none"},"geo":null,"coordinates":null,"place":null,"contributors":null,"is_quote_status":true,"quoted_status_id":887331947118084100,"quoted_status_id_str":"887331947118084096","quoted_status":{"created_at":"Tue Jul 18 15:23:16 +0000 2017","id":887331947118084100,"id_str":"887331947118084096","text":"@A_Shinjirooooo MVランキング1位おめでとうございます！！！㊗️㊗️㊗️㊗️ https://t.co/k9KmNCtArX","truncated":false,"entities":{"hashtags":[],"symbols":[],"user_mentions":[{"screen_name":"A_Shinjirooooo","name":"Shinjiro Atae(AAA)","id":216733863,"id_str":"216733863","indices":[0,15]}],"urls":[],"media":[{"id":887331939287408600,"id_str":"887331939287408640","indices":[47,70],"media_url":"http://pbs.twimg.com/media/DFBvso8VoAAiayc.jpg","media_url_https":"https://pbs.twimg.com/media/DFBvso8VoAAiayc.jpg","url":"https://t.co/k9KmNCtArX","display_url":"pic.twitter.com/k9KmNCtArX","expanded_url":"https://twitter.com/mikipuluuun_oO/status/887331947118084096/photo/1","type":"photo","sizes":{"thumb":{"w":150,"h":150,"resize":"crop"},"medium":{"w":1024,"h":931,"resize":"fit"},"large":{"w":1024,"h":931,"resize":"fit"},"small":{"w":680,"h":618,"resize":"fit"}}}]},"extended_entities":{"media":[{"id":887331939287408600,"id_str":"887331939287408640","indices":[47,70],"media_url":"http://pbs.twimg.com/media/DFBvso8VoAAiayc.jpg","media_url_https":"https://pbs.twimg.com/media/DFBvso8VoAAiayc.jpg","url":"https://t.co/k9KmNCtArX","display_url":"pic.twitter.com/k9KmNCtArX","expanded_url":"https://twitter.com/mikipuluuun_oO/status/887331947118084096/photo/1","type":"photo","sizes":{"thumb":{"w":150,"h":150,"resize":"crop"},"medium":{"w":1024,"h":931,"resize":"fit"},"large":{"w":1024,"h":931,"resize":"fit"},"small":{"w":680,"h":618,"resize":"fit"}}}]},"metadata":{"iso_language_code":"ja","result_type":"recent"},"source":"<a href=\"http://twitter.com/download/iphone\" rel=\"nofollow\">Twitter for iPhone</a>","in_reply_to_status_id":887331733779107800,"in_reply_to_status_id_str":"887331733779107840","in_reply_to_user_id":216733863,"in_reply_to_user_id_str":"216733863","in_reply_to_screen_name":"A_Shinjirooooo","user":{"id":798468270097432600,"id_str":"798468270097432576","name":"み き ぷ る 🐼","screen_name":"mikipuluuun_oO","location":"しん「みき、、？みき！！」0624指差し","description":"_______ 🌎ア イ チ 県 の 〜 高 校 ２ 年 生 🎒______ ✈️與ちゃん PARADISE🇺🇸もかすけ #mocas F r i！ 🌈0505與TS色紙当選🌈 《らぶ @aaa__rn006 》 next0730 0815 0902 0903","url":"https://t.co/iklVQs8GK5","entities":{"url":{"urls":[{"url":"https://t.co/iklVQs8GK5","expanded_url":"https://Instagram.com/mikipuluuun_","display_url":"Instagram.com/mikipuluuun_","indices":[0,23]}]},"description":{"urls":[]}},"protected":false,"followers_count":1433,"friends_count":442,"listed_count":34,"created_at":"Tue Nov 15 10:10:45 +0000 2016","favourites_count":33,"utc_offset":null,"time_zone":null,"geo_enabled":false,"verified":false,"statuses_count":1387,"lang":"ja","contributors_enabled":false,"is_translator":false,"is_translation_enabled":false,"profile_background_color":"F5F8FA","profile_background_image_url":null,"profile_background_image_url_https":null,"profile_background_tile":false,"profile_image_url":"http://pbs.twimg.com/profile_images/855788672825696256/TDYDwIh3_normal.jpg","profile_image_url_https":"https://pbs.twimg.com/profile_images/855788672825696256/TDYDwIh3_normal.jpg","profile_banner_url":"https://pbs.twimg.com/profile_banners/798468270097432576/1482471773","profile_link_color":"1DA1F2","profile_sidebar_border_color":"C0DEED","profile_sidebar_fill_color":"DDEEF6","profile_text_color":"333333","profile_use_background_image":true,"has_extended_profile":true,"default_profile":true,"default_profile_image":false,"following":false,"follow_request_sent":false,"notifications":false,"translator_type":"none"},"geo":null,"coordinates":null,"place":null,"contributors":null,"is_quote_status":false,"retweet_count":55,"favorite_count":366,"favorited":false,"retweeted":false,"possibly_sensitive":false,"lang":"ja"},"retweet_count":675,"favorite_count":5218,"favorited":false,"retweeted":false,"possibly_sensitive":false,"lang":"ja"},{"created_at":"Tue Jul 18 15:31:51 +0000 2017","id":887334106064797700,"id_str":"887334106064797698","text":"ﾔｶﾞﾐｻﾝ https://t.co/DBTU3sSVid","truncated":false,"entities":{"hashtags":[],"symbols":[],"user_mentions":[],"urls":[],"media":[{"id":887334035973853200,"id_str":"887334035973853184","indices":[7,30],"media_url":"http://pbs.twimg.com/media/DFBxmrtV0AAza-5.jpg","media_url_https":"https://pbs.twimg.com/media/DFBxmrtV0AAza-5.jpg","url":"https://t.co/DBTU3sSVid","display_url":"pic.twitter.com/DBTU3sSVid","expanded_url":"https://twitter.com/okawr/status/887334106064797698/photo/1","type":"photo","sizes":{"large":{"w":714,"h":1000,"resize":"fit"},"thumb":{"w":150,"h":150,"resize":"crop"},"medium":{"w":714,"h":1000,"resize":"fit"},"small":{"w":486,"h":680,"resize":"fit"}}}]},"extended_entities":{"media":[{"id":887334035973853200,"id_str":"887334035973853184","indices":[7,30],"media_url":"http://pbs.twimg.com/media/DFBxmrtV0AAza-5.jpg","media_url_https":"https://pbs.twimg.com/media/DFBxmrtV0AAza-5.jpg","url":"https://t.co/DBTU3sSVid","display_url":"pic.twitter.com/DBTU3sSVid","expanded_url":"https://twitter.com/okawr/status/887334106064797698/photo/1","type":"photo","sizes":{"large":{"w":714,"h":1000,"resize":"fit"},"thumb":{"w":150,"h":150,"resize":"crop"},"medium":{"w":714,"h":1000,"resize":"fit"},"small":{"w":486,"h":680,"resize":"fit"}}}]},"metadata":{"iso_language_code":"ja","result_type":"recent"},"source":"<a href=\"http://twitter.com\" rel=\"nofollow\">Twitter Web Client</a>","in_reply_to_status_id":null,"in_reply_to_status_id_str":null,"in_reply_to_user_id":null,"in_reply_to_user_id_str":null,"in_reply_to_screen_name":null,"user":{"id":15003879,"id_str":"15003879","name":"なぱた☻(日)シ-65a","screen_name":"okawr","location":"家","description":"単行本「ぱんでもにうむ」「好きだらけ」出ました","url":"https://t.co/HJ1jnl5onO","entities":{"url":{"urls":[{"url":"https://t.co/HJ1jnl5onO","expanded_url":"http://blog.livedoor.jp/cat__food/","display_url":"blog.livedoor.jp/cat__food/","indices":[0,23]}]},"description":{"urls":[]}},"protected":false,"followers_count":72073,"friends_count":858,"listed_count":1845,"created_at":"Wed Jun 04 11:35:46 +0000 2008","favourites_count":16486,"utc_offset":32400,"time_zone":"Tokyo","geo_enabled":false,"verified":false,"statuses_count":56129,"lang":"ja","contributors_enabled":false,"is_translator":false,"is_translation_enabled":false,"profile_background_color":"C0DEED","profile_background_image_url":"http://pbs.twimg.com/profile_background_images/378800000083250576/8ac79cc61ba339b60f7375f1be888298.jpeg","profile_background_image_url_https":"https://pbs.twimg.com/profile_background_images/378800000083250576/8ac79cc61ba339b60f7375f1be888298.jpeg","profile_background_tile":false,"profile_image_url":"http://pbs.twimg.com/profile_images/884860035737698304/XNN6NVsi_normal.jpg","profile_image_url_https":"https://pbs.twimg.com/profile_images/884860035737698304/XNN6NVsi_normal.jpg","profile_banner_url":"https://pbs.twimg.com/profile_banners/15003879/1411668422","profile_link_color":"111111","profile_sidebar_border_color":"FFFFFF","profile_sidebar_fill_color":"DDEEF6","profile_text_color":"333333","profile_use_background_image":true,"has_extended_profile":true,"default_profile":false,"default_profile_image":false,"following":false,"follow_request_sent":false,"notifications":false,"translator_type":"none"},"geo":null,"coordinates":null,"place":null,"contributors":null,"is_quote_status":false,"retweet_count":503,"favorite_count":1470,"favorited":false,"retweeted":false,"possibly_sensitive":false,"lang":"ja"},{"created_at":"Tue Jul 18 15:30:01 +0000 2017","id":887333643127054300,"id_str":"887333643127054338","text":"このあと、第2話「踊れ！キタの町！」が深夜1:35～テレビ東京、深夜1:40～テレビせとうちにて放送です☆お見逃しなく～！！#グルグル https://t.co/cDC5Z693Iq","truncated":false,"entities":{"hashtags":[{"text":"グルグル","indices":[62,67]}],"symbols":[],"user_mentions":[],"urls":[],"media":[{"id":887253247823552500,"id_str":"887253247823552512","indices":[68,91],"media_url":"http://pbs.twimg.com/media/DFAoIMZVoAAhQoC.jpg","media_url_https":"https://pbs.twimg.com/media/DFAoIMZVoAAhQoC.jpg","url":"https://t.co/cDC5Z693Iq","display_url":"pic.twitter.com/cDC5Z693Iq","expanded_url":"https://twitter.com/magical_grgr/status/887333643127054338/photo/1","type":"photo","sizes":{"large":{"w":600,"h":337,"resize":"fit"},"small":{"w":600,"h":337,"resize":"fit"},"medium":{"w":600,"h":337,"resize":"fit"},"thumb":{"w":150,"h":150,"resize":"crop"}}}]},"extended_entities":{"media":[{"id":887253247823552500,"id_str":"887253247823552512","indices":[68,91],"media_url":"http://pbs.twimg.com/media/DFAoIMZVoAAhQoC.jpg","media_url_https":"https://pbs.twimg.com/media/DFAoIMZVoAAhQoC.jpg","url":"https://t.co/cDC5Z693Iq","display_url":"pic.twitter.com/cDC5Z693Iq","expanded_url":"https://twitter.com/magical_grgr/status/887333643127054338/photo/1","type":"photo","sizes":{"large":{"w":600,"h":337,"resize":"fit"},"small":{"w":600,"h":337,"resize":"fit"},"medium":{"w":600,"h":337,"resize":"fit"},"thumb":{"w":150,"h":150,"resize":"crop"}}}]},"metadata":{"iso_language_code":"ja","result_type":"recent"},"source":"<a href=\"https://about.twitter.com/products/tweetdeck\" rel=\"nofollow\">TweetDeck</a>","in_reply_to_status_id":null,"in_reply_to_status_id_str":null,"in_reply_to_user_id":null,"in_reply_to_user_id_str":null,"in_reply_to_screen_name":null,"user":{"id":818749950095827000,"id_str":"818749950095826944","name":"「魔法陣グルグル」公式","screen_name":"magical_grgr","location":"","description":"『魔法陣グルグル』公式ツイッター。著：衛藤ヒロユキ（スクウェア・エニックス刊）コミックス新装版全8巻好評発売中。シリーズ累計1400万部突破の大人気作品がテレビアニメ化決定！ 推奨ハッシュタグは #グルグル","url":"https://t.co/7RIWj2ytG1","entities":{"url":{"urls":[{"url":"https://t.co/7RIWj2ytG1","expanded_url":"http://guruguru-anime.jp/","display_url":"guruguru-anime.jp","indices":[0,23]}]},"description":{"urls":[]}},"protected":false,"followers_count":29334,"friends_count":9,"listed_count":519,"created_at":"Tue Jan 10 09:22:54 +0000 2017","favourites_count":0,"utc_offset":-25200,"time_zone":"Pacific Time (US & Canada)","geo_enabled":false,"verified":false,"statuses_count":249,"lang":"ja","contributors_enabled":false,"is_translator":false,"is_translation_enabled":false,"profile_background_color":"000000","profile_background_image_url":"http://abs.twimg.com/images/themes/theme1/bg.png","profile_background_image_url_https":"https://abs.twimg.com/images/themes/theme1/bg.png","profile_background_tile":false,"profile_image_url":"http://pbs.twimg.com/profile_images/875559307743383552/qr210mcL_normal.jpg","profile_image_url_https":"https://pbs.twimg.com/profile_images/875559307743383552/qr210mcL_normal.jpg","profile_banner_url":"https://pbs.twimg.com/profile_banners/818749950095826944/1484193187","profile_link_color":"FAB81E","profile_sidebar_border_color":"000000","profile_sidebar_fill_color":"000000","profile_text_color":"000000","profile_use_background_image":false,"has_extended_profile":false,"default_profile":false,"default_profile_image":false,"following":false,"follow_request_sent":false,"notifications":false,"translator_type":"none"},"geo":null,"coordinates":null,"place":null,"contributors":null,"is_quote_status":false,"retweet_count":475,"favorite_count":519,"favorited":false,"retweeted":false,"possibly_sensitive":false,"lang":"ja"},{"created_at":"Tue Jul 18 15:27:46 +0000 2017","id":887333077378150400,"id_str":"887333077378150400","text":"日付変わって本日は戦姫絶唱シンフォギアAXZキャラクターソング3 風鳴 翼、そして水樹奈々さんが歌うOPテーマ「TESTAMENT」の発売日です！ どちらも必聴！！ https://t.co/osXrq5ehkk #symphogear","truncated":false,"entities":{"hashtags":[{"text":"symphogear","indices":[107,118]}],"symbols":[],"user_mentions":[],"urls":[{"url":"https://t.co/osXrq5ehkk","expanded_url":"http://www.symphogear-axz.com/products/","display_url":"symphogear-axz.com/products/","indices":[83,106]}]},"metadata":{"iso_language_code":"ja","result_type":"recent"},"source":"<a href=\"http://twitter.com/download/iphone\" rel=\"nofollow\">Twitter for iPhone</a>","in_reply_to_status_id":null,"in_reply_to_status_id_str":null,"in_reply_to_user_id":null,"in_reply_to_user_id_str":null,"in_reply_to_screen_name":null,"user":{"id":386411817,"id_str":"386411817","name":"戦姫絶唱シンフォギアAXZ","screen_name":"SYMPHOGEAR","location":"","description":"オリジナルアニメーション「戦姫絶唱シンフォギア」シリーズ公式アカウント。 TVアニメ第４期が7月から放送開始決定！更に第５期も制作中。 最新情報は随時こちらでお知らせしていきます。 推薦ハッシュタグは #symphogear","url":"https://t.co/BE0OzdZ5zv","entities":{"url":{"urls":[{"url":"https://t.co/BE0OzdZ5zv","expanded_url":"http://www.symphogear-axz.com/","display_url":"symphogear-axz.com","indices":[0,23]}]},"description":{"urls":[]}},"protected":false,"followers_count":64066,"friends_count":0,"listed_count":1909,"created_at":"Fri Oct 07 07:32:58 +0000 2011","favourites_count":0,"utc_offset":32400,"time_zone":"Tokyo","geo_enabled":false,"verified":false,"statuses_count":1366,"lang":"ja","contributors_enabled":false,"is_translator":false,"is_translation_enabled":false,"profile_background_color":"C0DEED","profile_background_image_url":"http://pbs.twimg.com/profile_background_images/827034075/2d54bb36ef8feae0abaeca01e9b25b1e.jpeg","profile_background_image_url_https":"https://pbs.twimg.com/profile_background_images/827034075/2d54bb36ef8feae0abaeca01e9b25b1e.jpeg","profile_background_tile":true,"profile_image_url":"http://pbs.twimg.com/profile_images/847815513359007744/IjK-AQn0_normal.jpg","profile_image_url_https":"https://pbs.twimg.com/profile_images/847815513359007744/IjK-AQn0_normal.jpg","profile_banner_url":"https://pbs.twimg.com/profile_banners/386411817/1490970404","profile_link_color":"0084B4","profile_sidebar_border_color":"000000","profile_sidebar_fill_color":"F5DCE2","profile_text_color":"333333","profile_use_background_image":true,"has_extended_profile":false,"default_profile":false,"default_profile_image":false,"following":false,"follow_request_sent":false,"notifications":false,"translator_type":"none"},"geo":null,"coordinates":null,"place":null,"contributors":null,"is_quote_status":false,"retweet_count":595,"favorite_count":511,"favorited":false,"retweeted":false,"possibly_sensitive":false,"lang":"ja"},{"created_at":"Tue Jul 18 15:26:58 +0000 2017","id":887332876374519800,"id_str":"887332876374519808","text":"今日はDOCUMENTARY of　OLDCODEX Tour 2016-2017“FIXED ENGINE” のリミテッド版の制作を致しました。一つ一つ丹精込められた個性あるアートワークになっています。ご購入頂いた方々、お手元に… https://t.co/2zqZdGdK6U","truncated":true,"entities":{"hashtags":[],"symbols":[],"user_mentions":[],"urls":[{"url":"https://t.co/2zqZdGdK6U","expanded_url":"https://twitter.com/i/web/status/887332876374519808","display_url":"twitter.com/i/web/status/8…","indices":[117,140]}]},"metadata":{"iso_language_code":"ja","result_type":"recent"},"source":"<a href=\"http://twitter.com/download/iphone\" rel=\"nofollow\">Twitter for iPhone</a>","in_reply_to_status_id":null,"in_reply_to_status_id_str":null,"in_reply_to_user_id":null,"in_reply_to_user_id_str":null,"in_reply_to_screen_name":null,"user":{"id":108644326,"id_str":"108644326","name":"OLDCODEX","screen_name":"OLDCODEX_NEWS","location":"TOKYO","description":"OLDCODEX公式Twitter！OLDCODEXの最新情報はOfficial HPとこのTWITTERから！","url":"https://t.co/GlsxMjoWjw","entities":{"url":{"urls":[{"url":"https://t.co/GlsxMjoWjw","expanded_url":"https://www.oldcodex.com/","display_url":"oldcodex.com","indices":[0,23]}]},"description":{"urls":[]}},"protected":false,"followers_count":147193,"friends_count":13,"listed_count":2931,"created_at":"Tue Jan 26 16:10:37 +0000 2010","favourites_count":0,"utc_offset":32400,"time_zone":"Tokyo","geo_enabled":false,"verified":false,"statuses_count":2854,"lang":"ja","contributors_enabled":false,"is_translator":false,"is_translation_enabled":false,"profile_background_color":"1A1B1F","profile_background_image_url":"http://pbs.twimg.com/profile_background_images/285854220/logo2_black.jpg","profile_background_image_url_https":"https://pbs.twimg.com/profile_background_images/285854220/logo2_black.jpg","profile_background_tile":true,"profile_image_url":"http://pbs.twimg.com/profile_images/871567730767314944/xnIaxItC_normal.jpg","profile_image_url_https":"https://pbs.twimg.com/profile_images/871567730767314944/xnIaxItC_normal.jpg","profile_banner_url":"https://pbs.twimg.com/profile_banners/108644326/1496633602","profile_link_color":"2FC2EF","profile_sidebar_border_color":"181A1E","profile_sidebar_fill_color":"252429","profile_text_color":"666666","profile_use_background_image":true,"has_extended_profile":false,"default_profile":false,"default_profile_image":false,"following":false,"follow_request_sent":false,"notifications":false,"translator_type":"none"},"geo":null,"coordinates":null,"place":null,"contributors":null,"is_quote_status":false,"retweet_count":573,"favorite_count":1861,"favorited":false,"retweeted":false,"possibly_sensitive":false,"lang":"ja"},{"created_at":"Tue Jul 18 15:22:25 +0000 2017","id":887331733779107800,"id_str":"887331733779107840","text":"2nd楽曲『Goody-Good Girl』が配信スタートしましたー！！！\n\n【iTunes】\nhttps://t.co/0XurHg2QRN\n\n【レコチョク】\nhttps://t.co/7iKpb7fsGr\n\nみなさん！ぜひ、聴いて下さい🙏","truncated":false,"entities":{"hashtags":[],"symbols":[],"user_mentions":[],"urls":[{"url":"https://t.co/0XurHg2QRN","expanded_url":"https://itunes.apple.com/jp/album/id1255389165?app=itunes&ls=1","display_url":"itunes.apple.com/jp/album/id125…","indices":[48,71]},{"url":"https://t.co/7iKpb7fsGr","expanded_url":"http://recochoku.com/a0/shinjiroAtae_goodyGoodGirl/","display_url":"recochoku.com/a0/shinjiroAta…","indices":[81,104]}]},"metadata":{"iso_language_code":"ja","result_type":"recent"},"source":"<a href=\"http://twitter.com/download/iphone\" rel=\"nofollow\">Twitter for iPhone</a>","in_reply_to_status_id":null,"in_reply_to_status_id_str":null,"in_reply_to_user_id":null,"in_reply_to_user_id_str":null,"in_reply_to_screen_name":null,"user":{"id":216733863,"id_str":"216733863","name":"Shinjiro Atae(AAA)","screen_name":"A_Shinjirooooo","location":"","description":"AAA 與 真司郎 Both English and Japanese are available. ☆ https://t.co/11MlYi01ix","url":"https://t.co/24NM4ljohM","entities":{"url":{"urls":[{"url":"https://t.co/24NM4ljohM","expanded_url":"https://freshlive.tv/shinjiro-atae","display_url":"freshlive.tv/shinjiro-atae","indices":[0,23]}]},"description":{"urls":[{"url":"https://t.co/11MlYi01ix","expanded_url":"https://www.instagram.com/shinjiroatae1126","display_url":"instagram.com/shinjiroatae11…","indices":[53,76]}]}},"protected":false,"followers_count":893855,"friends_count":66,"listed_count":5146,"created_at":"Wed Nov 17 15:30:55 +0000 2010","favourites_count":0,"utc_offset":32400,"time_zone":"Seoul","geo_enabled":true,"verified":true,"statuses_count":5858,"lang":"ja","contributors_enabled":false,"is_translator":false,"is_translation_enabled":true,"profile_background_color":"C0DEED","profile_background_image_url":"http://abs.twimg.com/images/themes/theme1/bg.png","profile_background_image_url_https":"https://abs.twimg.com/images/themes/theme1/bg.png","profile_background_tile":false,"profile_image_url":"http://pbs.twimg.com/profile_images/848336932765483008/PEPk-y37_normal.jpg","profile_image_url_https":"https://pbs.twimg.com/profile_images/848336932765483008/PEPk-y37_normal.jpg","profile_banner_url":"https://pbs.twimg.com/profile_banners/216733863/1491094263","profile_link_color":"1DA1F2","profile_sidebar_border_color":"C0DEED","profile_sidebar_fill_color":"DDEEF6","profile_text_color":"333333","profile_use_background_image":true,"has_extended_profile":false,"default_profile":true,"default_profile_image":false,"following":false,"follow_request_sent":false,"notifications":false,"translator_type":"none"},"geo":null,"coordinates":null,"place":null,"contributors":null,"is_quote_status":false,"retweet_count":1131,"favorite_count":6099,"favorited":false,"retweeted":false,"possibly_sensitive":false,"lang":"ja"},{"created_at":"Tue Jul 18 15:21:10 +0000 2017","id":887331419273347100,"id_str":"887331419273347073","text":"本日7月19日は陽泉・劉偉の誕生日です。おめでとう！先輩相手でも物怖じせず、独特な毒舌でマイペースに会話を楽しんでいた劉。3年生になった今、今度は後輩たちにどんな言葉をかけているのか気になります。先輩たちの面倒見の良さは受け継いでくれているでしょうか…？(赤)#kurobas","truncated":false,"entities":{"hashtags":[{"text":"kurobas","indices":[130,138]}],"symbols":[],"user_mentions":[],"urls":[]},"metadata":{"iso_language_code":"ja","result_type":"recent"},"source":"<a href=\"http://twitter.com\" rel=\"nofollow\">Twitter Web Client</a>","in_reply_to_status_id":null,"in_reply_to_status_id_str":null,"in_reply_to_user_id":null,"in_reply_to_user_id_str":null,"in_reply_to_screen_name":null,"user":{"id":401831759,"id_str":"401831759","name":"アニメ黒子のバスケ","screen_name":"kurobasanime","location":"誠凛高校バスケ部","description":"アニメ「黒子のバスケ」の公式Twitterです。アニメに関するいろんな情報を関係者がつぶやきます。ハッシュタグ【#kurobas】　※フォロー返し、コメントリプライは実施していません。ご容赦ください。","url":"http://t.co/6U9iBqTBu9","entities":{"url":{"urls":[{"url":"http://t.co/6U9iBqTBu9","expanded_url":"http://www.kurobas.com/","display_url":"kurobas.com","indices":[0,22]}]},"description":{"urls":[]}},"protected":false,"followers_count":284051,"friends_count":0,"listed_count":4760,"created_at":"Mon Oct 31 04:44:26 +0000 2011","favourites_count":0,"utc_offset":32400,"time_zone":"Tokyo","geo_enabled":false,"verified":false,"statuses_count":3738,"lang":"ja","contributors_enabled":false,"is_translator":false,"is_translation_enabled":true,"profile_background_color":"C0DEED","profile_background_image_url":"http://abs.twimg.com/images/themes/theme1/bg.png","profile_background_image_url_https":"https://abs.twimg.com/images/themes/theme1/bg.png","profile_background_tile":false,"profile_image_url":"http://pbs.twimg.com/profile_images/681302376263761920/9CPjjeYo_normal.png","profile_image_url_https":"https://pbs.twimg.com/profile_images/681302376263761920/9CPjjeYo_normal.png","profile_banner_url":"https://pbs.twimg.com/profile_banners/401831759/1496211614","profile_link_color":"1DA1F2","profile_sidebar_border_color":"C0DEED","profile_sidebar_fill_color":"DDEEF6","profile_text_color":"333333","profile_use_background_image":true,"has_extended_profile":false,"default_profile":true,"default_profile_image":false,"following":false,"follow_request_sent":false,"notifications":false,"translator_type":"none"},"geo":null,"coordinates":null,"place":null,"contributors":null,"is_quote_status":false,"retweet_count":926,"favorite_count":1798,"favorited":false,"retweeted":false,"lang":"ja"},{"created_at":"Tue Jul 18 15:17:13 +0000 2017","id":887330424279539700,"id_str":"887330424279539712","text":"マシュ本の表紙絵できた https://t.co/65d0kLNWxz","truncated":false,"entities":{"hashtags":[],"symbols":[],"user_mentions":[],"urls":[],"media":[{"id":887330421561630700,"id_str":"887330421561630720","indices":[12,35],"media_url":"http://pbs.twimg.com/media/DFBuUS-UIAAEtg4.jpg","media_url_https":"https://pbs.twimg.com/media/DFBuUS-UIAAEtg4.jpg","url":"https://t.co/65d0kLNWxz","display_url":"pic.twitter.com/65d0kLNWxz","expanded_url":"https://twitter.com/Prime_tw/status/887330424279539712/photo/1","type":"photo","sizes":{"medium":{"w":600,"h":847,"resize":"fit"},"small":{"w":482,"h":680,"resize":"fit"},"thumb":{"w":150,"h":150,"resize":"crop"},"large":{"w":600,"h":847,"resize":"fit"}}}]},"extended_entities":{"media":[{"id":887330421561630700,"id_str":"887330421561630720","indices":[12,35],"media_url":"http://pbs.twimg.com/media/DFBuUS-UIAAEtg4.jpg","media_url_https":"https://pbs.twimg.com/media/DFBuUS-UIAAEtg4.jpg","url":"https://t.co/65d0kLNWxz","display_url":"pic.twitter.com/65d0kLNWxz","expanded_url":"https://twitter.com/Prime_tw/status/887330424279539712/photo/1","type":"photo","sizes":{"medium":{"w":600,"h":847,"resize":"fit"},"small":{"w":482,"h":680,"resize":"fit"},"thumb":{"w":150,"h":150,"resize":"crop"},"large":{"w":600,"h":847,"resize":"fit"}}}]},"metadata":{"iso_language_code":"ja","result_type":"recent"},"source":"<a href=\"http://janetter.net/\" rel=\"nofollow\">Janetter</a>","in_reply_to_status_id":null,"in_reply_to_status_id_str":null,"in_reply_to_user_id":null,"in_reply_to_user_id_str":null,"in_reply_to_screen_name":null,"user":{"id":104454315,"id_str":"104454315","name":"ぷらいむ@3日目東ミ22a","screen_name":"Prime_tw","location":"地方","description":"映画やアイカツが好きですじゃhttps://t.co/pf9541anJ8","url":"https://t.co/L8BsyJGFal","entities":{"url":{"urls":[{"url":"https://t.co/L8BsyJGFal","expanded_url":"http://www.pixiv.net/member.php?id=82688","display_url":"pixiv.net/member.php?id=…","indices":[0,23]}]},"description":{"urls":[{"url":"https://t.co/pf9541anJ8","expanded_url":"http://loflat.tumblr.com/","display_url":"loflat.tumblr.com","indices":[14,37]}]}},"protected":false,"followers_count":11639,"friends_count":1368,"listed_count":472,"created_at":"Wed Jan 13 11:24:40 +0000 2010","favourites_count":2389,"utc_offset":32400,"time_zone":"Tokyo","geo_enabled":true,"verified":false,"statuses_count":86993,"lang":"ja","contributors_enabled":false,"is_translator":false,"is_translation_enabled":false,"profile_background_color":"000000","profile_background_image_url":"http://abs.twimg.com/images/themes/theme13/bg.gif","profile_background_image_url_https":"https://abs.twimg.com/images/themes/theme13/bg.gif","profile_background_tile":false,"profile_image_url":"http://pbs.twimg.com/profile_images/622315750758289408/zadlCU9z_normal.jpg","profile_image_url_https":"https://pbs.twimg.com/profile_images/622315750758289408/zadlCU9z_normal.jpg","profile_banner_url":"https://pbs.twimg.com/profile_banners/104454315/1400126649","profile_link_color":"3B94D9","profile_sidebar_border_color":"000000","profile_sidebar_fill_color":"000000","profile_text_color":"000000","profile_use_background_image":false,"has_extended_profile":false,"default_profile":false,"default_profile_image":false,"following":false,"follow_request_sent":false,"notifications":false,"translator_type":"regular"},"geo":null,"coordinates":null,"place":null,"contributors":null,"is_quote_status":false,"retweet_count":749,"favorite_count":2151,"favorited":false,"retweeted":false,"possibly_sensitive":true,"lang":"ja"}],"search_metadata":{"completed_in":0.175,"max_id":887348375175053300,"max_id_str":"887348375175053315","next_results":"?max_id=887330424279539711&q=lang%3Aja%20min_retweets%3A500&include_entities=1","query":"lang%3Aja+min_retweets%3A500","refresh_url":"?since_id=887348375175053315&q=lang%3Aja%20min_retweets%3A500&include_entities=1","count":15,"since_id":0,"since_id_str":"0"}}