{"statuses":[{"created_at":"Wed Jul 19 23:11:00 +0000 2017","id":887812042052182000,"id_str":"887812042052182017","text":"1位 ふたご座♊️\n手詰まりの物事が好転し大チャンス。\n多くの友人に相談する積極性がカギ。\n\n🌟ラッキーポイント🌟\n『スポーツサングラス』","truncated":false,"entities":{"hashtags":[],"symbols":[],"user_mentions":[],"urls":[]},"metadata":{"iso_language_code":"ja","result_type":"recent"},"source":"<a href=\"http://saikyo-tweet.com\" rel=\"nofollow\">mezauranai_bot</a>","in_reply_to_status_id":null,"in_reply_to_status_id_str":null,"in_reply_to_user_id":null,"in_reply_to_user_id_str":null,"in_reply_to_screen_name":null,"user":{"id":1557821088,"id_str":"1557821088","name":"めざまし占い","screen_name":"mezauranai","location":"","description":"","url":null,"entities":{"description":{"urls":[]}},"protected":false,"followers_count":361764,"friends_count":0,"listed_count":393,"created_at":"Sun Jun 30 11:21:35 +0000 2013","favourites_count":1,"utc_offset":-25200,"time_zone":"Pacific Time (US & Canada)","geo_enabled":false,"verified":false,"statuses_count":12193,"lang":"ja","contributors_enabled":false,"is_translator":false,"is_translation_enabled":false,"profile_background_color":"000000","profile_background_image_url":"http://abs.twimg.com/images/themes/theme1/bg.png","profile_background_image_url_https":"https://abs.twimg.com/images/themes/theme1/bg.png","profile_background_tile":false,"profile_image_url":"http://pbs.twimg.com/profile_images/378800000067564782/8b611be3582aaa90ff478a41eff85cc4_normal.png","profile_image_url_https":"https://pbs.twimg.com/profile_images/378800000067564782/8b611be3582aaa90ff478a41eff85cc4_normal.png","profile_link_color":"C9191C","profile_sidebar_border_color":"000000","profile_sidebar_fill_color":"000000","profile_text_color":"000000","profile_use_background_image":false,"has_extended_profile":false,"default_profile":false,"default_profile_image":false,"following":false,"follow_request_sent":false,"notifications":false,"translator_type":"none"},"geo":null,"coordinates":null,"place":null,"contributors":null,"is_quote_status":false,"retweet_count":569,"favorite_count":723,"favorited":false,"retweeted":false,"lang":"ja"},{"created_at":"Wed Jul 19 23:00:06 +0000 2017","id":887809298411135000,"id_str":"887809298411134977","text":"『怪盗グルーの #ミニオン大脱走』公開記念✨グルーとミニオンからプレゼント🎁\n豪華ミニオングッズやAmazonギフト券が100名様に当たる🍌※本日まで！！\n\n【フォロー&amp;RT】でスグに結果が届く！詳しくは👉… https://t.co/WfGzGAnJWa","truncated":true,"entities":{"hashtags":[{"text":"ミニオン大脱走","indices":[8,16]}],"symbols":[],"user_mentions":[],"urls":[{"url":"https://t.co/WfGzGAnJWa","expanded_url":"https://twitter.com/i/web/status/887809298411134977","display_url":"twitter.com/i/web/status/8…","indices":[109,132]}]},"metadata":{"iso_language_code":"ja","result_type":"recent"},"source":"<a href=\"https://ads.twitter.com\" rel=\"nofollow\">Twitter Ads</a>","in_reply_to_status_id":null,"in_reply_to_status_id_str":null,"in_reply_to_user_id":null,"in_reply_to_user_id_str":null,"in_reply_to_screen_name":null,"user":{"id":190518940,"id_str":"190518940","name":"ミニオン・ファンクラブ","screen_name":"minion_fanclub","location":"怪盗グルー宅","description":"映画「怪盗グルー」シリーズ公式アカウント。主人公グルーの相棒で、イタズラ好きな黄色の軍団ミニオンたちのおしゃべりと映画の最新情報をお届けします。『怪盗グルーのミニオン大脱走』7月21日（金）全国ロードショー！","url":"https://t.co/Yr5Q7SXG7G","entities":{"url":{"urls":[{"url":"https://t.co/Yr5Q7SXG7G","expanded_url":"http://minions.jp/","display_url":"minions.jp","indices":[0,23]}]},"description":{"urls":[]}},"protected":false,"followers_count":101631,"friends_count":145,"listed_count":223,"created_at":"Tue Sep 14 04:03:37 +0000 2010","favourites_count":3,"utc_offset":32400,"time_zone":"Tokyo","geo_enabled":true,"verified":true,"statuses_count":11682,"lang":"ja","contributors_enabled":false,"is_translator":false,"is_translation_enabled":false,"profile_background_color":"FFFFFF","profile_background_image_url":"http://pbs.twimg.com/profile_background_images/378800000153570412/YNSGsF-9.jpeg","profile_background_image_url_https":"https://pbs.twimg.com/profile_background_images/378800000153570412/YNSGsF-9.jpeg","profile_background_tile":false,"profile_image_url":"http://pbs.twimg.com/profile_images/542191572259844096/BfVqVZaU_normal.jpeg","profile_image_url_https":"https://pbs.twimg.com/profile_images/542191572259844096/BfVqVZaU_normal.jpeg","profile_banner_url":"https://pbs.twimg.com/profile_banners/190518940/1497929314","profile_link_color":"F58700","profile_sidebar_border_color":"FFFFFF","profile_sidebar_fill_color":"DDEEF6","profile_text_color":"333333","profile_use_background_image":false,"has_extended_profile":true,"default_profile":false,"default_profile_image":false,"following":false,"follow_request_sent":false,"notifications":false,"translator_type":"none"},"geo":null,"coordinates":null,"place":null,"contributors":null,"is_quote_status":false,"retweet_count":774,"favorite_count":122,"favorited":false,"retweeted":false,"possibly_sensitive":false,"lang":"ja"},{"created_at":"Wed Jul 19 23:00:03 +0000 2017","id":887809289582030800,"id_str":"887809289582030848","text":"おはよう、7月20日はTシャツの日なんだって。ぼくもお気に入りを着てみたよ♪ https://t.co/LN3YXMp94n","truncated":false,"entities":{"hashtags":[],"symbols":[],"user_mentions":[],"urls":[],"media":[{"id":887809287216545800,"id_str":"887809287216545792","indices":[39,62],"media_url":"http://pbs.twimg.com/media/DFIh18jVwAA21YD.jpg","media_url_https":"https://pbs.twimg.com/media/DFIh18jVwAA21YD.jpg","url":"https://t.co/LN3YXMp94n","display_url":"pic.twitter.com/LN3YXMp94n","expanded_url":"https://twitter.com/cinnamon_sanrio/status/887809289582030848/photo/1","type":"photo","sizes":{"medium":{"w":800,"h":450,"resize":"fit"},"small":{"w":680,"h":383,"resize":"fit"},"large":{"w":800,"h":450,"resize":"fit"},"thumb":{"w":150,"h":150,"resize":"crop"}}}]},"extended_entities":{"media":[{"id":887809287216545800,"id_str":"887809287216545792","indices":[39,62],"media_url":"http://pbs.twimg.com/media/DFIh18jVwAA21YD.jpg","media_url_https":"https://pbs.twimg.com/media/DFIh18jVwAA21YD.jpg","url":"https://t.co/LN3YXMp94n","display_url":"pic.twitter.com/LN3YXMp94n","expanded_url":"https://twitter.com/cinnamon_sanrio/status/887809289582030848/photo/1","type":"photo","sizes":{"medium":{"w":800,"h":450,"resize":"fit"},"small":{"w":680,"h":383,"resize":"fit"},"large":{"w":800,"h":450,"resize":"fit"},"thumb":{"w":150,"h":150,"resize":"crop"}}}]},"metadata":{"iso_language_code":"ja","result_type":"recent"},"source":"<a href=\"http://engagemanager.tribalmedia.co.jp/\" rel=\"nofollow\">EngageManager</a>","in_reply_to_status_id":null,"in_reply_to_status_id_str":null,"in_reply_to_user_id":null,"in_reply_to_user_id_str":null,"in_reply_to_screen_name":null,"user":{"id":2371306320,"id_str":"2371306320","name":"シナモン【公式】","screen_name":"cinnamon_sanrio","location":"カフェシナモン","description":"#つれてってシナモン シナモンだよ！小鳥さんがぼくの声をみんなに届けてくれるんだって。フォローしてくれたらうれしいな／（o・ω・o）＼ サンリオのソーシャルメディアポリシー https://t.co/HZWnsI7DJs","url":"https://t.co/B9AwcF0TG9","entities":{"url":{"urls":[{"url":"https://t.co/B9AwcF0TG9","expanded_url":"http://www.sanrio.co.jp/character/cinnamon/","display_url":"sanrio.co.jp/character/cinn…","indices":[0,23]}]},"description":{"urls":[{"url":"https://t.co/HZWnsI7DJs","expanded_url":"http://www.sanrio.co.jp/social/policy/","display_url":"sanrio.co.jp/social/policy/","indices":[87,110]}]}},"protected":false,"followers_count":321404,"friends_count":24,"listed_count":3314,"created_at":"Tue Mar 04 03:26:15 +0000 2014","favourites_count":217,"utc_offset":null,"time_zone":null,"geo_enabled":false,"verified":true,"statuses_count":1829,"lang":"ja","contributors_enabled":false,"is_translator":false,"is_translation_enabled":false,"profile_background_color":"C0DEED","profile_background_image_url":"http://pbs.twimg.com/profile_background_images/440721647566221313/WhsHPi-M.png","profile_background_image_url_https":"https://pbs.twimg.com/profile_background_images/440721647566221313/WhsHPi-M.png","profile_background_tile":false,"profile_image_url":"http://pbs.twimg.com/profile_images/793969543995498496/YD8gS4HS_normal.jpg","profile_image_url_https":"https://pbs.twimg.com/profile_images/793969543995498496/YD8gS4HS_normal.jpg","profile_banner_url":"https://pbs.twimg.com/profile_banners/2371306320/1400461417","profile_link_color":"30BDF0","profile_sidebar_border_color":"FFFFFF","profile_sidebar_fill_color":"DDEEF6","profile_text_color":"333333","profile_use_background_image":true,"has_extended_profile":false,"default_profile":false,"default_profile_image":false,"following":false,"follow_request_sent":false,"notifications":false,"translator_type":"none"},"geo":null,"coordinates":null,"place":null,"contributors":null,"is_quote_status":false,"retweet_count":993,"favorite_count":2394,"favorited":false,"retweeted":false,"possibly_sensitive":false,"lang":"ja"},{"created_at":"Wed Jul 19 22:57:03 +0000 2017","id":887808533361827800,"id_str":"887808533361827843","text":"きょう7月20日は、ハンバーガーの日🍔\n\nリラックマ型のパンがかわいい♪\n\n#ハンバーガーの日 https://t.co/mGHziqdeLE","truncated":false,"entities":{"hashtags":[{"text":"ハンバーガーの日","indices":[38,47]}],"symbols":[],"user_mentions":[],"urls":[],"media":[{"id":887808530660565000,"id_str":"887808530660564992","indices":[48,71],"media_url":"http://pbs.twimg.com/media/DFIhJ6KVoAApz-t.jpg","media_url_https":"https://pbs.twimg.com/media/DFIhJ6KVoAApz-t.jpg","url":"https://t.co/mGHziqdeLE","display_url":"pic.twitter.com/mGHziqdeLE","expanded_url":"https://twitter.com/rilakkuma_gyr/status/887808533361827843/photo/1","type":"photo","sizes":{"thumb":{"w":150,"h":150,"resize":"crop"},"large":{"w":850,"h":478,"resize":"fit"},"small":{"w":680,"h":382,"resize":"fit"},"medium":{"w":850,"h":478,"resize":"fit"}}}]},"extended_entities":{"media":[{"id":887808530660565000,"id_str":"887808530660564992","indices":[48,71],"media_url":"http://pbs.twimg.com/media/DFIhJ6KVoAApz-t.jpg","media_url_https":"https://pbs.twimg.com/media/DFIhJ6KVoAApz-t.jpg","url":"https://t.co/mGHziqdeLE","display_url":"pic.twitter.com/mGHziqdeLE","expanded_url":"https://twitter.com/rilakkuma_gyr/status/887808533361827843/photo/1","type":"photo","sizes":{"thumb":{"w":150,"h":150,"resize":"crop"},"large":{"w":850,"h":478,"resize":"fit"},"small":{"w":680,"h":382,"resize":"fit"},"medium":{"w":850,"h":478,"resize":"fit"}}}]},"metadata":{"iso_language_code":"ja","result_type":"recent"},"source":"<a href=\"http://bufferapp.com\" rel=\"nofollow\">Buffer</a>","in_reply_to_status_id":null,"in_reply_to_status_id_str":null,"in_reply_to_user_id":null,"in_reply_to_user_id_str":null,"in_reply_to_screen_name":null,"user":{"id":1547779548,"id_str":"1547779548","name":"リラックマごゆるりサイト【公式】","screen_name":"rilakkuma_gyr","location":"","description":"リラックマ情報がすべてわかる「リラックマごゆるりサイト」公式Twitterです。サンエックス株式会社の運営。7月には🐤キイロイトリダイアリー🐤が発売！ コリラックマ情報は→@korilakkuma_15  ⒸSAN-X CO., LTD. ALL RIGHTS RESERVED.","url":"https://t.co/SFsQzZCugh","entities":{"url":{"urls":[{"url":"https://t.co/SFsQzZCugh","expanded_url":"http://www.san-x.co.jp/rilakkuma/","display_url":"san-x.co.jp/rilakkuma/","indices":[0,23]}]},"description":{"urls":[]}},"protected":false,"followers_count":194360,"friends_count":8,"listed_count":1610,"created_at":"Wed Jun 26 09:58:06 +0000 2013","favourites_count":16,"utc_offset":32400,"time_zone":"Tokyo","geo_enabled":false,"verified":false,"statuses_count":3662,"lang":"ja","contributors_enabled":false,"is_translator":false,"is_translation_enabled":false,"profile_background_color":"FFCC4D","profile_background_image_url":"http://pbs.twimg.com/profile_background_images/680180548875108352/aEZaqBxl.png","profile_background_image_url_https":"https://pbs.twimg.com/profile_background_images/680180548875108352/aEZaqBxl.png","profile_background_tile":true,"profile_image_url":"http://pbs.twimg.com/profile_images/883268481927401472/ib3ujEuQ_normal.jpg","profile_image_url_https":"https://pbs.twimg.com/profile_images/883268481927401472/ib3ujEuQ_normal.jpg","profile_banner_url":"https://pbs.twimg.com/profile_banners/1547779548/1499422690","profile_link_color":"FA743E","profile_sidebar_border_color":"000000","profile_sidebar_fill_color":"000000","profile_text_color":"000000","profile_use_background_image":true,"has_extended_profile":false,"default_profile":false,"default_profile_image":false,"following":false,"follow_request_sent":false,"notifications":false,"translator_type":"none"},"geo":null,"coordinates":null,"place":null,"contributors":null,"is_quote_status":false,"retweet_count":687,"favorite_count":1405,"favorited":false,"retweeted":false,"possibly_sensitive":false,"lang":"ja"},{"created_at":"Wed Jul 19 22:38:59 +0000 2017","id":887803983976218600,"id_str":"887803983976218624","text":"【期待】映画『HIGH＆LOW』特別版、8月11日に『金曜ロードSHOW！』で初放送決定\nhttps://t.co/YD71ziPpzk\n\n新たに撮影したスペシャル映像と、8月に公開する新作の映像を盛り込んだ特別版として登場する。 https://t.co/U7fhoSiShA","truncated":false,"entities":{"hashtags":[],"symbols":[],"user_mentions":[],"urls":[{"url":"https://t.co/YD71ziPpzk","expanded_url":"http://news.livedoor.com/article/detail/13359796/","display_url":"news.livedoor.com/article/detail…","indices":[45,68]}],"media":[{"id":887803718309077000,"id_str":"887803718309076992","indices":[116,139],"media_url":"http://pbs.twimg.com/media/DFIcxywVYAA35Oa.jpg","media_url_https":"https://pbs.twimg.com/media/DFIcxywVYAA35Oa.jpg","url":"https://t.co/U7fhoSiShA","display_url":"pic.twitter.com/U7fhoSiShA","expanded_url":"https://twitter.com/livedoornews/status/887803983976218624/photo/1","type":"photo","sizes":{"medium":{"w":640,"h":426,"resize":"fit"},"small":{"w":640,"h":426,"resize":"fit"},"thumb":{"w":150,"h":150,"resize":"crop"},"large":{"w":640,"h":426,"resize":"fit"}}}]},"extended_entities":{"media":[{"id":887803718309077000,"id_str":"887803718309076992","indices":[116,139],"media_url":"http://pbs.twimg.com/media/DFIcxywVYAA35Oa.jpg","media_url_https":"https://pbs.twimg.com/media/DFIcxywVYAA35Oa.jpg","url":"https://t.co/U7fhoSiShA","display_url":"pic.twitter.com/U7fhoSiShA","expanded_url":"https://twitter.com/livedoornews/status/887803983976218624/photo/1","type":"photo","sizes":{"medium":{"w":640,"h":426,"resize":"fit"},"small":{"w":640,"h":426,"resize":"fit"},"thumb":{"w":150,"h":150,"resize":"crop"},"large":{"w":640,"h":426,"resize":"fit"}}}]},"metadata":{"iso_language_code":"ja","result_type":"recent"},"source":"<a href=\"http://twitter.com\" rel=\"nofollow\">Twitter Web Client</a>","in_reply_to_status_id":null,"in_reply_to_status_id_str":null,"in_reply_to_user_id":null,"in_reply_to_user_id_str":null,"in_reply_to_screen_name":null,"user":{"id":17306975,"id_str":"17306975","name":"ライブドアニュース","screen_name":"livedoornews","location":"","description":"LINE →https://t.co/yhJO0o7Jns／FB → https://t.co/LHTCuyIEjr／インスタ／→https://t.co/SpmVgPtfCG","url":"http://t.co/Q4Bh3OCfgY","entities":{"url":{"urls":[{"url":"http://t.co/Q4Bh3OCfgY","expanded_url":"http://news.livedoor.com/","display_url":"news.livedoor.com","indices":[0,22]}]},"description":{"urls":[{"url":"https://t.co/yhJO0o7Jns","expanded_url":"http://goo.gl/upBgKP","display_url":"goo.gl/upBgKP","indices":[6,29]},{"url":"https://t.co/LHTCuyIEjr","expanded_url":"http://goo.gl/nDULhn","display_url":"goo.gl/nDULhn","indices":[35,58]},{"url":"https://t.co/SpmVgPtfCG","expanded_url":"http://goo.gl/cHGD9G","display_url":"goo.gl/cHGD9G","indices":[65,88]}]}},"protected":false,"followers_count":431082,"friends_count":88,"listed_count":6144,"created_at":"Tue Nov 11 09:56:31 +0000 2008","favourites_count":2608,"utc_offset":32400,"time_zone":"Tokyo","geo_enabled":false,"verified":true,"statuses_count":177083,"lang":"ja","contributors_enabled":false,"is_translator":false,"is_translation_enabled":false,"profile_background_color":"FFFFFF","profile_background_image_url":"http://pbs.twimg.com/profile_background_images/378800000085828060/4b07c1d868c917fb65a3d64a20904cd5.jpeg","profile_background_image_url_https":"https://pbs.twimg.com/profile_background_images/378800000085828060/4b07c1d868c917fb65a3d64a20904cd5.jpeg","profile_background_tile":false,"profile_image_url":"http://pbs.twimg.com/profile_images/875662964988166149/whdJTD2I_normal.jpg","profile_image_url_https":"https://pbs.twimg.com/profile_images/875662964988166149/whdJTD2I_normal.jpg","profile_link_color":"51ADD4","profile_sidebar_border_color":"FFFFFF","profile_sidebar_fill_color":"95E8EC","profile_text_color":"3C3940","profile_use_background_image":true,"has_extended_profile":false,"default_profile":false,"default_profile_image":false,"following":false,"follow_request_sent":false,"notifications":false,"translator_type":"none"},"geo":null,"coordinates":null,"place":null,"contributors":null,"is_quote_status":false,"retweet_count":490,"favorite_count":742,"favorited":false,"retweeted":false,"possibly_sensitive":false,"lang":"ja"},{"created_at":"Wed Jul 19 22:36:32 +0000 2017","id":887803369149964300,"id_str":"887803369149964292","text":"おはようございます。みなさんの１日が幸せでありますように。そして、みなさんの差し歯がスマホのイヤホンジャックに刺さりませんように。 https://t.co/OjRDyqucJA","truncated":false,"entities":{"hashtags":[],"symbols":[],"user_mentions":[],"urls":[],"media":[{"id":887803358001545200,"id_str":"887803358001545216","indices":[66,89],"media_url":"http://pbs.twimg.com/media/DFIcc0gUwAAtptH.jpg","media_url_https":"https://pbs.twimg.com/media/DFIcc0gUwAAtptH.jpg","url":"https://t.co/OjRDyqucJA","display_url":"pic.twitter.com/OjRDyqucJA","expanded_url":"https://twitter.com/gakuishida/status/887803369149964292/photo/1","type":"photo","sizes":{"thumb":{"w":150,"h":150,"resize":"crop"},"medium":{"w":900,"h":1200,"resize":"fit"},"large":{"w":960,"h":1280,"resize":"fit"},"small":{"w":510,"h":680,"resize":"fit"}}}]},"extended_entities":{"media":[{"id":887803358001545200,"id_str":"887803358001545216","indices":[66,89],"media_url":"http://pbs.twimg.com/media/DFIcc0gUwAAtptH.jpg","media_url_https":"https://pbs.twimg.com/media/DFIcc0gUwAAtptH.jpg","url":"https://t.co/OjRDyqucJA","display_url":"pic.twitter.com/OjRDyqucJA","expanded_url":"https://twitter.com/gakuishida/status/887803369149964292/photo/1","type":"photo","sizes":{"thumb":{"w":150,"h":150,"resize":"crop"},"medium":{"w":900,"h":1200,"resize":"fit"},"large":{"w":960,"h":1280,"resize":"fit"},"small":{"w":510,"h":680,"resize":"fit"}}}]},"metadata":{"iso_language_code":"ja","result_type":"recent"},"source":"<a href=\"http://twitter.com/download/android\" rel=\"nofollow\">Twitter for Android</a>","in_reply_to_status_id":null,"in_reply_to_status_id_str":null,"in_reply_to_user_id":null,"in_reply_to_user_id_str":null,"in_reply_to_screen_name":null,"user":{"id":327434362,"id_str":"327434362","name":"NON STYLE　石田 明","screen_name":"gakuishida","location":"","description":"ノンスタ石田です。白い方です。ネタ書いてる方です。骨よく折れる方です。嫌われてない方です。よろしくです。漫才・脚本・演出・作家・YouTube・おもちゃ開発など。ラインスタンプhttps://t.co/0yDEGjZ4k9…","url":"https://t.co/0qPD0KzymP","entities":{"url":{"urls":[{"url":"https://t.co/0qPD0KzymP","expanded_url":"http://m.blogs.yahoo.co.jp/nonstyleshiro_blog","display_url":"m.blogs.yahoo.co.jp/nonstyleshiro_…","indices":[0,23]}]},"description":{"urls":[{"url":"https://t.co/0yDEGjZ4k9","expanded_url":"http://store.line.me/stickershop/pr","display_url":"store.line.me/stickershop/pr","indices":[88,111]}]}},"protected":false,"followers_count":450241,"friends_count":428,"listed_count":1389,"created_at":"Fri Jul 01 15:21:08 +0000 2011","favourites_count":14,"utc_offset":-36000,"time_zone":"Hawaii","geo_enabled":true,"verified":true,"statuses_count":7809,"lang":"ja","contributors_enabled":false,"is_translator":false,"is_translation_enabled":false,"profile_background_color":"C0DEED","profile_background_image_url":"http://abs.twimg.com/images/themes/theme1/bg.png","profile_background_image_url_https":"https://abs.twimg.com/images/themes/theme1/bg.png","profile_background_tile":false,"profile_image_url":"http://pbs.twimg.com/profile_images/887694005151989761/HQ_MRMsp_normal.jpg","profile_image_url_https":"https://pbs.twimg.com/profile_images/887694005151989761/HQ_MRMsp_normal.jpg","profile_banner_url":"https://pbs.twimg.com/profile_banners/327434362/1500479113","profile_link_color":"1DA1F2","profile_sidebar_border_color":"C0DEED","profile_sidebar_fill_color":"DDEEF6","profile_text_color":"333333","profile_use_background_image":true,"has_extended_profile":true,"default_profile":true,"default_profile_image":false,"following":false,"follow_request_sent":false,"notifications":false,"translator_type":"none"},"geo":null,"coordinates":null,"place":null,"contributors":null,"is_quote_status":false,"retweet_count":1059,"favorite_count":5853,"favorited":false,"retweeted":false,"possibly_sensitive":false,"lang":"ja"},{"created_at":"Wed Jul 19 22:30:02 +0000 2017","id":887801732977238000,"id_str":"887801732977238016","text":"＼☘#ここさけ 公開記念／\nあなたの願い叶えます⁉　玉子に願掛けしてオリジナルグッズ🎁を当てよう❗\n\n①公式をフォロー\n②動画を最後まで見てRT\n③すぐ結果が届く\n\n1日1回挑戦できます❗　賞品は動画の最後に\n詳細👉… https://t.co/2zi1Fhu1lg","truncated":true,"entities":{"hashtags":[{"text":"ここさけ","indices":[2,7]}],"symbols":[],"user_mentions":[],"urls":[{"url":"https://t.co/2zi1Fhu1lg","expanded_url":"https://twitter.com/i/web/status/887801732977238016","display_url":"twitter.com/i/web/status/8…","indices":[110,133]}]},"metadata":{"iso_language_code":"ja","result_type":"recent"},"source":"<a href=\"https://ads.twitter.com\" rel=\"nofollow\">Twitter Ads</a>","in_reply_to_status_id":null,"in_reply_to_status_id_str":null,"in_reply_to_user_id":null,"in_reply_to_user_id_str":null,"in_reply_to_screen_name":null,"user":{"id":827476633833533400,"id_str":"827476633833533440","name":"実写映画『心が叫びたがってるんだ。』","screen_name":"kokosake_movie","location":"","description":"この夏、一番泣ける最高の感動作💘大ヒット劇場版オリジナルアニメ #ここさけ 待望の実写化🎬 7️⃣月2️⃣2️⃣日(土)全国ロードショー🎉 #心が叫びたがってるんだ #中島健人 #芳根京子 #石井杏奈 #寛一郎 Instagram➡https://t.co/w6fWKdIvT1","url":"https://t.co/PWjRFWqOGS","entities":{"url":{"urls":[{"url":"https://t.co/PWjRFWqOGS","expanded_url":"http://kokosake-movie.jp/","display_url":"kokosake-movie.jp","indices":[0,23]}]},"description":{"urls":[{"url":"https://t.co/w6fWKdIvT1","expanded_url":"https://www.instagram.com/kokosake_movie/","display_url":"instagram.com/kokosake_movie/","indices":[116,139]}]}},"protected":false,"followers_count":53256,"friends_count":25,"listed_count":103,"created_at":"Fri Feb 03 11:19:38 +0000 2017","favourites_count":111,"utc_offset":32400,"time_zone":"Tokyo","geo_enabled":false,"verified":true,"statuses_count":9174,"lang":"ja","contributors_enabled":false,"is_translator":false,"is_translation_enabled":false,"profile_background_color":"000000","profile_background_image_url":"http://abs.twimg.com/images/themes/theme1/bg.png","profile_background_image_url_https":"https://abs.twimg.com/images/themes/theme1/bg.png","profile_background_tile":false,"profile_image_url":"http://pbs.twimg.com/profile_images/841785571924103168/8wFqHaMz_normal.jpg","profile_image_url_https":"https://pbs.twimg.com/profile_images/841785571924103168/8wFqHaMz_normal.jpg","profile_banner_url":"https://pbs.twimg.com/profile_banners/827476633833533440/1489532315","profile_link_color":"0090CC","profile_sidebar_border_color":"000000","profile_sidebar_fill_color":"000000","profile_text_color":"000000","profile_use_background_image":false,"has_extended_profile":false,"default_profile":false,"default_profile_image":false,"following":false,"follow_request_sent":false,"notifications":false,"translator_type":"none"},"geo":null,"coordinates":null,"place":null,"contributors":null,"is_quote_status":false,"retweet_count":2034,"favorite_count":408,"favorited":false,"retweeted":false,"possibly_sensitive":false,"lang":"ja"},{"created_at":"Wed Jul 19 22:30:01 +0000 2017","id":887801728392876000,"id_str":"887801728392876032","text":"強気な先輩が汗だく https://t.co/ehlVz4sZ9V","truncated":false,"entities":{"hashtags":[],"symbols":[],"user_mentions":[],"urls":[],"media":[{"id":887762149723865100,"id_str":"887762149723865088","indices":[10,33],"media_url":"http://pbs.twimg.com/media/DFH2-LtUAAANg1Y.jpg","media_url_https":"https://pbs.twimg.com/media/DFH2-LtUAAANg1Y.jpg","url":"https://t.co/ehlVz4sZ9V","display_url":"pic.twitter.com/ehlVz4sZ9V","expanded_url":"https://twitter.com/GK0322/status/887801728392876032/photo/1","type":"photo","sizes":{"small":{"w":521,"h":680,"resize":"fit"},"medium":{"w":919,"h":1200,"resize":"fit"},"thumb":{"w":150,"h":150,"resize":"crop"},"large":{"w":1504,"h":1964,"resize":"fit"}}}]},"extended_entities":{"media":[{"id":887762149723865100,"id_str":"887762149723865088","indices":[10,33],"media_url":"http://pbs.twimg.com/media/DFH2-LtUAAANg1Y.jpg","media_url_https":"https://pbs.twimg.com/media/DFH2-LtUAAANg1Y.jpg","url":"https://t.co/ehlVz4sZ9V","display_url":"pic.twitter.com/ehlVz4sZ9V","expanded_url":"https://twitter.com/GK0322/status/887801728392876032/photo/1","type":"photo","sizes":{"small":{"w":521,"h":680,"resize":"fit"},"medium":{"w":919,"h":1200,"resize":"fit"},"thumb":{"w":150,"h":150,"resize":"crop"},"large":{"w":1504,"h":1964,"resize":"fit"}}}]},"metadata":{"iso_language_code":"ja","result_type":"recent"},"source":"<a href=\"https://about.twitter.com/products/tweetdeck\" rel=\"nofollow\">TweetDeck</a>","in_reply_to_status_id":null,"in_reply_to_status_id_str":null,"in_reply_to_user_id":null,"in_reply_to_user_id_str":null,"in_reply_to_screen_name":null,"user":{"id":978666038,"id_str":"978666038","name":"風の子","screen_name":"GK0322","location":"日本 福岡県","description":"うちの子絵描くマン :::::::::::同人、商業依頼はpixiv＆DMでお送り下さい 卯月＆うちの子(トラちゃん)愛でるマン 、(9月以降スケジュール空いてます) ----Gmail(gk.03220322@gmail.com 小説【異世界に転生したら全裸にされた】挿絵担当 ヘッダーは描いてもらったうちの子","url":"https://t.co/X8evRX0prv","entities":{"url":{"urls":[{"url":"https://t.co/X8evRX0prv","expanded_url":"http://pixiv.me/gongon0322","display_url":"pixiv.me/gongon0322","indices":[0,23]}]},"description":{"urls":[]}},"protected":false,"followers_count":49128,"friends_count":1090,"listed_count":1264,"created_at":"Thu Nov 29 16:18:41 +0000 2012","favourites_count":11750,"utc_offset":-25200,"time_zone":"Pacific Time (US & Canada)","geo_enabled":false,"verified":false,"statuses_count":53705,"lang":"ja","contributors_enabled":false,"is_translator":false,"is_translation_enabled":false,"profile_background_color":"C0DEED","profile_background_image_url":"http://abs.twimg.com/images/themes/theme1/bg.png","profile_background_image_url_https":"https://abs.twimg.com/images/themes/theme1/bg.png","profile_background_tile":false,"profile_image_url":"http://pbs.twimg.com/profile_images/864309169574223872/CjXHt8kR_normal.jpg","profile_image_url_https":"https://pbs.twimg.com/profile_images/864309169574223872/CjXHt8kR_normal.jpg","profile_banner_url":"https://pbs.twimg.com/profile_banners/978666038/1486653610","profile_link_color":"1DA1F2","profile_sidebar_border_color":"C0DEED","profile_sidebar_fill_color":"DDEEF6","profile_text_color":"333333","profile_use_background_image":true,"has_extended_profile":true,"default_profile":true,"default_profile_image":false,"following":false,"follow_request_sent":false,"notifications":false,"translator_type":"none"},"geo":null,"coordinates":null,"place":null,"contributors":null,"is_quote_status":false,"retweet_count":572,"favorite_count":1592,"favorited":false,"retweeted":false,"possibly_sensitive":false,"lang":"ja"},{"created_at":"Wed Jul 19 22:11:12 +0000 2017","id":887796993220780000,"id_str":"887796993220780032","text":"＼7月20日7時11分／\n今日は、#ハンバーガーの日！\nみんなが食べたい、セブン‐イレブンのハンバーガーはどっち(^∨^*)？\n\n・THE チーズバーガー…リツイート！\n・ソーセージエッグマフィン…いいね♪\n\n#711時報 https://t.co/vfCbbHbhHW","truncated":false,"entities":{"hashtags":[{"text":"ハンバーガーの日","indices":[17,26]},{"text":"711時報","indices":[105,111]}],"symbols":[],"user_mentions":[],"urls":[],"media":[{"id":887796971368349700,"id_str":"887796971368349696","indices":[112,135],"media_url":"http://pbs.twimg.com/media/DFIWpEcUAAA_YIS.jpg","media_url_https":"https://pbs.twimg.com/media/DFIWpEcUAAA_YIS.jpg","url":"https://t.co/vfCbbHbhHW","display_url":"pic.twitter.com/vfCbbHbhHW","expanded_url":"https://twitter.com/711SEJ/status/887796993220780032/photo/1","type":"photo","sizes":{"medium":{"w":800,"h":450,"resize":"fit"},"small":{"w":680,"h":383,"resize":"fit"},"large":{"w":800,"h":450,"resize":"fit"},"thumb":{"w":150,"h":150,"resize":"crop"}}}]},"extended_entities":{"media":[{"id":887796971368349700,"id_str":"887796971368349696","indices":[112,135],"media_url":"http://pbs.twimg.com/media/DFIWpEcUAAA_YIS.jpg","media_url_https":"https://pbs.twimg.com/media/DFIWpEcUAAA_YIS.jpg","url":"https://t.co/vfCbbHbhHW","display_url":"pic.twitter.com/vfCbbHbhHW","expanded_url":"https://twitter.com/711SEJ/status/887796993220780032/photo/1","type":"photo","sizes":{"medium":{"w":800,"h":450,"resize":"fit"},"small":{"w":680,"h":383,"resize":"fit"},"large":{"w":800,"h":450,"resize":"fit"},"thumb":{"w":150,"h":150,"resize":"crop"}}}]},"metadata":{"iso_language_code":"ja","result_type":"recent"},"source":"<a href=\"http://www.uniquevision.co.jp/\" rel=\"nofollow\">Beluga2010</a>","in_reply_to_status_id":null,"in_reply_to_status_id_str":null,"in_reply_to_user_id":null,"in_reply_to_user_id_str":null,"in_reply_to_screen_name":null,"user":{"id":132355708,"id_str":"132355708","name":"セブン‐イレブン・ジャパン","screen_name":"711SEJ","location":"","description":"セブン-イレブン公式アカウント。商品やセール・キャンペーン情報をツイートしていきます！※店舗、商品のお問合せは下記窓口へお願い致します。https://t.co/52MoaYtM9G 0120-711-372(月曜〜土曜9時30分～17時30分) ソーシャルメディアの利用規約 https://t.co/oHOEEyAMmZ","url":"https://t.co/wh0AMQXznc","entities":{"url":{"urls":[{"url":"https://t.co/wh0AMQXznc","expanded_url":"http://www.sej.co.jp/","display_url":"sej.co.jp","indices":[0,23]}]},"description":{"urls":[{"url":"https://t.co/52MoaYtM9G","expanded_url":"http://bit.ly/1dSjlwt","display_url":"bit.ly/1dSjlwt","indices":[68,91]},{"url":"https://t.co/oHOEEyAMmZ","expanded_url":"http://bit.ly/1WafZee","display_url":"bit.ly/1WafZee","indices":[139,162]}]}},"protected":false,"followers_count":2551102,"friends_count":8277,"listed_count":6940,"created_at":"Tue Apr 13 01:01:12 +0000 2010","favourites_count":2546,"utc_offset":32400,"time_zone":"Tokyo","geo_enabled":false,"verified":true,"statuses_count":1838218,"lang":"ja","contributors_enabled":false,"is_translator":false,"is_translation_enabled":false,"profile_background_color":"9AE4E8","profile_background_image_url":"http://pbs.twimg.com/profile_background_images/461626592507072513/n-Vh0--j.jpeg","profile_background_image_url_https":"https://pbs.twimg.com/profile_background_images/461626592507072513/n-Vh0--j.jpeg","profile_background_tile":true,"profile_image_url":"http://pbs.twimg.com/profile_images/875639017512906752/qMa3uhuo_normal.jpg","profile_image_url_https":"https://pbs.twimg.com/profile_images/875639017512906752/qMa3uhuo_normal.jpg","profile_banner_url":"https://pbs.twimg.com/profile_banners/132355708/1499816015","profile_link_color":"0084B4","profile_sidebar_border_color":"FFFFFF","profile_sidebar_fill_color":"DDFFCC","profile_text_color":"333333","profile_use_background_image":true,"has_extended_profile":false,"default_profile":false,"default_profile_image":false,"following":false,"follow_request_sent":false,"notifications":false,"translator_type":"none"},"geo":null,"coordinates":null,"place":null,"contributors":null,"is_quote_status":false,"retweet_count":661,"favorite_count":2506,"favorited":false,"retweeted":false,"possibly_sensitive":false,"lang":"ja"},{"created_at":"Wed Jul 19 22:03:18 +0000 2017","id":887795004973867000,"id_str":"887795004973867009","text":"ついに本日！😍 #BLACKPINK #日本武道館 #0720 #TEASER #TODAY #BLINK\n#BOOMBAYAH 2017夏🌴ミニアルバムで日本デビュー💿▶https://t.co/sMjnSAy1sW… https://t.co/DJkPFTDmYs","truncated":true,"entities":{"hashtags":[{"text":"BLACKPINK","indices":[8,18]},{"text":"日本武道館","indices":[19,25]},{"text":"TEASER","indices":[32,39]},{"text":"TODAY","indices":[40,46]},{"text":"BLINK","indices":[47,53]},{"text":"BOOMBAYAH","indices":[54,64]}],"symbols":[],"user_mentions":[],"urls":[{"url":"https://t.co/sMjnSAy1sW","expanded_url":"http://ygex.jp/blackpink/discography/","display_url":"ygex.jp/blackpink/disc…","indices":[86,109]},{"url":"https://t.co/DJkPFTDmYs","expanded_url":"https://twitter.com/i/web/status/887795004973867009","display_url":"twitter.com/i/web/status/8…","indices":[111,134]}]},"metadata":{"iso_language_code":"ja","result_type":"recent"},"source":"<a href=\"http://twitter.com/download/iphone\" rel=\"nofollow\">Twitter for iPhone</a>","in_reply_to_status_id":null,"in_reply_to_status_id_str":null,"in_reply_to_user_id":null,"in_reply_to_user_id_str":null,"in_reply_to_screen_name":null,"user":{"id":581774642,"id_str":"581774642","name":"YGEX Staff","screen_name":"YGEXStaff","location":"JAPAN","description":"★YGEX Staff 公式アカウント★BIGBANG, SECHSKIES, EPIK HIGH, WINNER, iKON, BLACKPINKを中心にYG最新情報を発信！ BLACKPINK PREMIUM DEBUT SHOWCASE 7.20 @日本武道館 ▶https://t.co/9xzONy7fGD","url":"https://t.co/C0lE2RiGpN","entities":{"url":{"urls":[{"url":"https://t.co/C0lE2RiGpN","expanded_url":"http://ygex.jp/bigbang/","display_url":"ygex.jp/bigbang/","indices":[0,23]}]},"description":{"urls":[{"url":"https://t.co/9xzONy7fGD","expanded_url":"http://ygex.jp/blackpink/","display_url":"ygex.jp/blackpink/","indices":[135,158]}]}},"protected":false,"followers_count":445229,"friends_count":20,"listed_count":1449,"created_at":"Wed May 16 12:02:58 +0000 2012","favourites_count":197,"utc_offset":null,"time_zone":null,"geo_enabled":true,"verified":true,"statuses_count":15763,"lang":"ja","contributors_enabled":false,"is_translator":false,"is_translation_enabled":false,"profile_background_color":"C0DEED","profile_background_image_url":"http://pbs.twimg.com/profile_background_images/553403486/__________2012-05-16_21.16.54.png","profile_background_image_url_https":"https://pbs.twimg.com/profile_background_images/553403486/__________2012-05-16_21.16.54.png","profile_background_tile":true,"profile_image_url":"http://pbs.twimg.com/profile_images/641989567755612162/HYqcLQzU_normal.jpg","profile_image_url_https":"https://pbs.twimg.com/profile_images/641989567755612162/HYqcLQzU_normal.jpg","profile_banner_url":"https://pbs.twimg.com/profile_banners/581774642/1500023240","profile_link_color":"000000","profile_sidebar_border_color":"C0DEED","profile_sidebar_fill_color":"DDEEF6","profile_text_color":"333333","profile_use_background_image":true,"has_extended_profile":false,"default_profile":false,"default_profile_image":false,"following":false,"follow_request_sent":false,"notifications":false,"translator_type":"none"},"geo":null,"coordinates":null,"place":{"id":"09efb461bb964000","url":"https://api.twitter.com/1.1/geo/id/09efb461bb964000.json","place_type":"poi","name":"日本武道館","full_name":"日本武道館","country_code":"JP","country":"Japan","contained_within":[],"bounding_box":{"type":"Polygon","coordinates":[[[139.749844633942,35.6933947218867],[139.749844633942,35.6933947218867],[139.749844633942,35.6933947218867],[139.749844633942,35.6933947218867]]]},"attributes":{}},"contributors":null,"is_quote_status":false,"retweet_count":1067,"favorite_count":2693,"favorited":false,"retweeted":false,"possibly_sensitive":false,"lang":"ja"},{"created_at":"Wed Jul 19 22:02:35 +0000 2017","id":887794827403771900,"id_str":"887794827403771904","text":"お今\nは日\nよも\nう 1\nご日\nざ頑\nい張\nまり\nすま\n！し\n    ょ\n    う\n    ！","truncated":false,"entities":{"hashtags":[],"symbols":[],"user_mentions":[],"urls":[]},"metadata":{"iso_language_code":"ja","result_type":"recent"},"source":"<a href=\"http://twitter.com/download/iphone\" rel=\"nofollow\">Twitter for iPhone</a>","in_reply_to_status_id":null,"in_reply_to_status_id_str":null,"in_reply_to_user_id":null,"in_reply_to_user_id_str":null,"in_reply_to_screen_name":null,"user":{"id":112207890,"id_str":"112207890","name":"浦田わたる/うらたぬき♣︎浦島坂田船","screen_name":"uratasama","location":"東京ドーム","description":"「スワロウ」で声優をしております！/浦島坂田船「CRUISE TICKET」オリコンウィークリー5位！/スタミュ2期OP Fourpe 「SHOW MUST GO ON!!」 8位！/Four the C オリコンウィークリー4位！！/LINE@⇨「@ lzx7334a」 間をつめて@マークから検索してね！","url":"https://t.co/Wi6r4DEHA6","entities":{"url":{"urls":[{"url":"https://t.co/Wi6r4DEHA6","expanded_url":"http://nicovideo.jp/mylist/35789880","display_url":"nicovideo.jp/mylist/35789880","indices":[0,23]}]},"description":{"urls":[]}},"protected":false,"followers_count":318010,"friends_count":644,"listed_count":5766,"created_at":"Sun Feb 07 16:42:44 +0000 2010","favourites_count":28824,"utc_offset":28800,"time_zone":"Irkutsk","geo_enabled":false,"verified":true,"statuses_count":55702,"lang":"ja","contributors_enabled":false,"is_translator":false,"is_translation_enabled":false,"profile_background_color":"9AE4E8","profile_background_image_url":"http://abs.twimg.com/images/themes/theme16/bg.gif","profile_background_image_url_https":"https://abs.twimg.com/images/themes/theme16/bg.gif","profile_background_tile":false,"profile_image_url":"http://pbs.twimg.com/profile_images/853961483276795906/FSY1Sai7_normal.jpg","profile_image_url_https":"https://pbs.twimg.com/profile_images/853961483276795906/FSY1Sai7_normal.jpg","profile_banner_url":"https://pbs.twimg.com/profile_banners/112207890/1471035369","profile_link_color":"0084B4","profile_sidebar_border_color":"BDDCAD","profile_sidebar_fill_color":"DDFFCC","profile_text_color":"333333","profile_use_background_image":true,"has_extended_profile":false,"default_profile":false,"default_profile_image":false,"following":false,"follow_request_sent":false,"notifications":false,"translator_type":"none"},"geo":null,"coordinates":null,"place":null,"contributors":null,"is_quote_status":false,"retweet_count":591,"favorite_count":6981,"favorited":false,"retweeted":false,"lang":"ja"},{"created_at":"Wed Jul 19 22:00:22 +0000 2017","id":887794268680605700,"id_str":"887794268680605697","text":"夏コミ新刊の表紙絵になります~！玉藻とネロ( *˙ω˙*)و https://t.co/94HWxijMiw","truncated":false,"entities":{"hashtags":[],"symbols":[],"user_mentions":[],"urls":[],"media":[{"id":887794249994915800,"id_str":"887794249994915840","indices":[31,54],"media_url":"http://pbs.twimg.com/media/DFIUKqiU0AAcIxR.jpg","media_url_https":"https://pbs.twimg.com/media/DFIUKqiU0AAcIxR.jpg","url":"https://t.co/94HWxijMiw","display_url":"pic.twitter.com/94HWxijMiw","expanded_url":"https://twitter.com/itsuwa0815/status/887794268680605697/photo/1","type":"photo","sizes":{"small":{"w":680,"h":680,"resize":"fit"},"medium":{"w":909,"h":909,"resize":"fit"},"large":{"w":909,"h":909,"resize":"fit"},"thumb":{"w":150,"h":150,"resize":"crop"}}}]},"extended_entities":{"media":[{"id":887794249994915800,"id_str":"887794249994915840","indices":[31,54],"media_url":"http://pbs.twimg.com/media/DFIUKqiU0AAcIxR.jpg","media_url_https":"https://pbs.twimg.com/media/DFIUKqiU0AAcIxR.jpg","url":"https://t.co/94HWxijMiw","display_url":"pic.twitter.com/94HWxijMiw","expanded_url":"https://twitter.com/itsuwa0815/status/887794268680605697/photo/1","type":"photo","sizes":{"small":{"w":680,"h":680,"resize":"fit"},"medium":{"w":909,"h":909,"resize":"fit"},"large":{"w":909,"h":909,"resize":"fit"},"thumb":{"w":150,"h":150,"resize":"crop"}}}]},"metadata":{"iso_language_code":"ja","result_type":"recent"},"source":"<a href=\"http://twitter.com\" rel=\"nofollow\">Twitter Web Client</a>","in_reply_to_status_id":null,"in_reply_to_status_id_str":null,"in_reply_to_user_id":null,"in_reply_to_user_id_str":null,"in_reply_to_screen_name":null,"user":{"id":394975839,"id_str":"394975839","name":"こうましろ🐻台湾FF1日目 S33、","screen_name":"itsuwa0815","location":"広島","description":"玉藻大好き(｀・ω・´) 趣味野球応援(カープ)コスプレを眺める事です。 イラストレーターやってます。「アイドル稼業、はじめました！」著岩関昂道先生 発売中。FGO、グリムノーツのお仕事をさせて頂きました。御用の方はohmashiro＠gmail.com迄ご連絡ください。2017年10月以降のお仕事を募集中","url":"https://t.co/07vi0SbtnL","entities":{"url":{"urls":[{"url":"https://t.co/07vi0SbtnL","expanded_url":"http://www.pixiv.net/member.php?id=4493551","display_url":"pixiv.net/member.php?id=…","indices":[0,23]}]},"description":{"urls":[]}},"protected":false,"followers_count":157716,"friends_count":1579,"listed_count":3540,"created_at":"Thu Oct 20 22:48:25 +0000 2011","favourites_count":9314,"utc_offset":-25200,"time_zone":"Pacific Time (US & Canada)","geo_enabled":true,"verified":false,"statuses_count":8326,"lang":"ja","contributors_enabled":false,"is_translator":false,"is_translation_enabled":false,"profile_background_color":"DBE9ED","profile_background_image_url":"http://pbs.twimg.com/profile_background_images/468580250096386048/5SYD4hdP.jpeg","profile_background_image_url_https":"https://pbs.twimg.com/profile_background_images/468580250096386048/5SYD4hdP.jpeg","profile_background_tile":true,"profile_image_url":"http://pbs.twimg.com/profile_images/887795250525126656/6y2tZ-jp_normal.jpg","profile_image_url_https":"https://pbs.twimg.com/profile_images/887795250525126656/6y2tZ-jp_normal.jpg","profile_banner_url":"https://pbs.twimg.com/profile_banners/394975839/1498917666","profile_link_color":"CC3366","profile_sidebar_border_color":"FFFFFF","profile_sidebar_fill_color":"E6F6F9","profile_text_color":"333333","profile_use_background_image":true,"has_extended_profile":true,"default_profile":false,"default_profile_image":false,"following":false,"follow_request_sent":false,"notifications":false,"translator_type":"none"},"geo":null,"coordinates":null,"place":null,"contributors":null,"is_quote_status":false,"retweet_count":1333,"favorite_count":3212,"favorited":false,"retweeted":false,"possibly_sensitive":false,"lang":"ja"},{"created_at":"Wed Jul 19 21:58:32 +0000 2017","id":887793807458050000,"id_str":"887793807458050048","text":"産経新聞が防衛省幹部に直接取材して、共同通信の「稲田大臣が隠蔽了承」記事は、捏造記事だと判明してるのに、今朝のNHKとテレ朝とTBSは、まるで稲田防衛大臣が隠蔽指示をしてるかのような報道してるよ。マスコミの偏向報道が酷すぎだろｗｗｗ防衛省は共同通信に抗議した方がいいよｗｗｗ","truncated":false,"entities":{"hashtags":[],"symbols":[],"user_mentions":[],"urls":[]},"metadata":{"iso_language_code":"ja","result_type":"recent"},"source":"<a href=\"http://www.apple.com/\" rel=\"nofollow\">OS X</a>","in_reply_to_status_id":null,"in_reply_to_status_id_str":null,"in_reply_to_user_id":null,"in_reply_to_user_id_str":null,"in_reply_to_screen_name":null,"user":{"id":524294327,"id_str":"524294327","name":"500円","screen_name":"_500yen","location":"日本銀行","description":"ここは実況垢(@_500yen)です／ https://t.co/47sclMQccz ／本垢は(@bio_jackrose)です／ https://t.co/OdmT4fq1c1 ／ ※ツイートは誤字脱字が多目ですので「忖度」してください＼(^o^)／","url":"https://t.co/wePGds7zOE","entities":{"url":{"urls":[{"url":"https://t.co/wePGds7zOE","expanded_url":"https://aclog.rhe.jp/_500yen","display_url":"aclog.rhe.jp/_500yen","indices":[0,23]}]},"description":{"urls":[{"url":"https://t.co/47sclMQccz","expanded_url":"http://fivezerozero.tumblr.com","display_url":"fivezerozero.tumblr.com","indices":[20,43]},{"url":"https://t.co/OdmT4fq1c1","expanded_url":"http://jackrose.tumblr.com","display_url":"jackrose.tumblr.com","indices":[67,90]}]}},"protected":false,"followers_count":46468,"friends_count":579,"listed_count":846,"created_at":"Wed Mar 14 12:11:11 +0000 2012","favourites_count":134574,"utc_offset":32400,"time_zone":"Tokyo","geo_enabled":false,"verified":false,"statuses_count":27106,"lang":"ja","contributors_enabled":false,"is_translator":false,"is_translation_enabled":false,"profile_background_color":"00C6E1","profile_background_image_url":"http://pbs.twimg.com/profile_background_images/597033948468760576/yht65XtD.png","profile_background_image_url_https":"https://pbs.twimg.com/profile_background_images/597033948468760576/yht65XtD.png","profile_background_tile":false,"profile_image_url":"http://pbs.twimg.com/profile_images/2892403315/3b163fe3c2c3fea75c665836cef68767_normal.png","profile_image_url_https":"https://pbs.twimg.com/profile_images/2892403315/3b163fe3c2c3fea75c665836cef68767_normal.png","profile_banner_url":"https://pbs.twimg.com/profile_banners/524294327/1431184208","profile_link_color":"DD2E44","profile_sidebar_border_color":"000000","profile_sidebar_fill_color":"95E8EC","profile_text_color":"3C3940","profile_use_background_image":false,"has_extended_profile":false,"default_profile":false,"default_profile_image":false,"following":false,"follow_request_sent":false,"notifications":false,"translator_type":"regular"},"geo":null,"coordinates":null,"place":null,"contributors":null,"is_quote_status":false,"retweet_count":683,"favorite_count":764,"favorited":false,"retweeted":false,"lang":"ja"},{"created_at":"Wed Jul 19 21:39:08 +0000 2017","id":887788924877152300,"id_str":"887788924877152257","text":"おとなりなかよしどうし https://t.co/Ir88n0DuBj","truncated":false,"entities":{"hashtags":[],"symbols":[],"user_mentions":[],"urls":[],"media":[{"id":887788467656077300,"id_str":"887788467656077312","indices":[12,35],"media_url":"http://pbs.twimg.com/media/DFIO6FpUMAAXfkp.jpg","media_url_https":"https://pbs.twimg.com/media/DFIO6FpUMAAXfkp.jpg","url":"https://t.co/Ir88n0DuBj","display_url":"pic.twitter.com/Ir88n0DuBj","expanded_url":"https://twitter.com/NimamamamaNi/status/887788924877152257/photo/1","type":"photo","sizes":{"medium":{"w":1200,"h":1107,"resize":"fit"},"thumb":{"w":150,"h":150,"resize":"crop"},"small":{"w":680,"h":627,"resize":"fit"},"large":{"w":1418,"h":1308,"resize":"fit"}}}]},"extended_entities":{"media":[{"id":887788467656077300,"id_str":"887788467656077312","indices":[12,35],"media_url":"http://pbs.twimg.com/media/DFIO6FpUMAAXfkp.jpg","media_url_https":"https://pbs.twimg.com/media/DFIO6FpUMAAXfkp.jpg","url":"https://t.co/Ir88n0DuBj","display_url":"pic.twitter.com/Ir88n0DuBj","expanded_url":"https://twitter.com/NimamamamaNi/status/887788924877152257/photo/1","type":"photo","sizes":{"medium":{"w":1200,"h":1107,"resize":"fit"},"thumb":{"w":150,"h":150,"resize":"crop"},"small":{"w":680,"h":627,"resize":"fit"},"large":{"w":1418,"h":1308,"resize":"fit"}}}]},"metadata":{"iso_language_code":"ja","result_type":"recent"},"source":"<a href=\"http://twitter.com\" rel=\"nofollow\">Twitter Web Client</a>","in_reply_to_status_id":null,"in_reply_to_status_id_str":null,"in_reply_to_user_id":null,"in_reply_to_user_id_str":null,"in_reply_to_screen_name":null,"user":{"id":84109031,"id_str":"84109031","name":"民放","screen_name":"NimamamamaNi","location":"⍾","description":"お絵描きするね、龍驤ちゃん","url":"http://t.co/PM0NOMpcSw","entities":{"url":{"urls":[{"url":"http://t.co/PM0NOMpcSw","expanded_url":"http://www.pixiv.net/member.php?id=5662975","display_url":"pixiv.net/member.php?id=…","indices":[0,22]}]},"description":{"urls":[]}},"protected":false,"followers_count":15867,"friends_count":543,"listed_count":452,"created_at":"Wed Oct 21 16:18:35 +0000 2009","favourites_count":35213,"utc_offset":32400,"time_zone":"Tokyo","geo_enabled":false,"verified":false,"statuses_count":31599,"lang":"ja","contributors_enabled":false,"is_translator":false,"is_translation_enabled":false,"profile_background_color":"94D487","profile_background_image_url":"http://pbs.twimg.com/profile_background_images/591037219126673408/CUibigKT.png","profile_background_image_url_https":"https://pbs.twimg.com/profile_background_images/591037219126673408/CUibigKT.png","profile_background_tile":true,"profile_image_url":"http://pbs.twimg.com/profile_images/875480783070179328/K7vRQRR2_normal.jpg","profile_image_url_https":"https://pbs.twimg.com/profile_images/875480783070179328/K7vRQRR2_normal.jpg","profile_banner_url":"https://pbs.twimg.com/profile_banners/84109031/1478786377","profile_link_color":"FF0000","profile_sidebar_border_color":"FFFFFF","profile_sidebar_fill_color":"0A0301","profile_text_color":"008720","profile_use_background_image":true,"has_extended_profile":false,"default_profile":false,"default_profile_image":false,"following":false,"follow_request_sent":false,"notifications":false,"translator_type":"none"},"geo":null,"coordinates":null,"place":null,"contributors":null,"is_quote_status":false,"retweet_count":551,"favorite_count":1356,"favorited":false,"retweeted":false,"possibly_sensitive":false,"lang":"ja"},{"created_at":"Wed Jul 19 21:37:24 +0000 2017","id":887788488208203800,"id_str":"887788488208203776","text":"幸色のワンルーム２巻発売まであと２日という落書き https://t.co/J5CgceG9fW","truncated":false,"entities":{"hashtags":[],"symbols":[],"user_mentions":[],"urls":[],"media":[{"id":887788344410648600,"id_str":"887788344410648577","indices":[25,48],"media_url":"http://pbs.twimg.com/media/DFIOy6hUMAEL1wL.jpg","media_url_https":"https://pbs.twimg.com/media/DFIOy6hUMAEL1wL.jpg","url":"https://t.co/J5CgceG9fW","display_url":"pic.twitter.com/J5CgceG9fW","expanded_url":"https://twitter.com/89hakuri/status/887788488208203776/photo/1","type":"photo","sizes":{"thumb":{"w":150,"h":150,"resize":"crop"},"small":{"w":376,"h":680,"resize":"fit"},"medium":{"w":664,"h":1200,"resize":"fit"},"large":{"w":729,"h":1317,"resize":"fit"}}}]},"extended_entities":{"media":[{"id":887788344410648600,"id_str":"887788344410648577","indices":[25,48],"media_url":"http://pbs.twimg.com/media/DFIOy6hUMAEL1wL.jpg","media_url_https":"https://pbs.twimg.com/media/DFIOy6hUMAEL1wL.jpg","url":"https://t.co/J5CgceG9fW","display_url":"pic.twitter.com/J5CgceG9fW","expanded_url":"https://twitter.com/89hakuri/status/887788488208203776/photo/1","type":"photo","sizes":{"thumb":{"w":150,"h":150,"resize":"crop"},"small":{"w":376,"h":680,"resize":"fit"},"medium":{"w":664,"h":1200,"resize":"fit"},"large":{"w":729,"h":1317,"resize":"fit"}}}]},"metadata":{"iso_language_code":"ja","result_type":"recent"},"source":"<a href=\"http://twitter.com\" rel=\"nofollow\">Twitter Web Client</a>","in_reply_to_status_id":null,"in_reply_to_status_id_str":null,"in_reply_to_user_id":null,"in_reply_to_user_id_str":null,"in_reply_to_screen_name":null,"user":{"id":516352819,"id_str":"516352819","name":"はくり@幸色のワンルーム②7/22発売","screen_name":"89hakuri","location":"コーヒー牛乳","description":"漫画/イラスト◆キャラデザ/挿絵◆漫画『猫かぶりの池ヶ谷くん』全2巻/『幸色のワンルーム』1巻～◆趣味と告知混同です◆インスタ（89hakuri）◆tumblr⇒https://t.co/hPrWQ2AK7E◆連絡⇒hakuri.illustration89☆https://t.co/N8GNSmAmm4（☆→@）","url":"https://t.co/K1bEvaYScg","entities":{"url":{"urls":[{"url":"https://t.co/K1bEvaYScg","expanded_url":"http://www.pixiv.net/member.php?id=832916","display_url":"pixiv.net/member.php?id=…","indices":[0,23]}]},"description":{"urls":[{"url":"https://t.co/hPrWQ2AK7E","expanded_url":"http://kaisendon-1.tumblr.com/","display_url":"kaisendon-1.tumblr.com","indices":[81,104]},{"url":"https://t.co/N8GNSmAmm4","expanded_url":"http://gmail.com","display_url":"gmail.com","indices":[130,153]}]}},"protected":false,"followers_count":175106,"friends_count":310,"listed_count":2276,"created_at":"Tue Mar 06 09:00:45 +0000 2012","favourites_count":2576,"utc_offset":32400,"time_zone":"Tokyo","geo_enabled":false,"verified":false,"statuses_count":19863,"lang":"ja","contributors_enabled":false,"is_translator":false,"is_translation_enabled":false,"profile_background_color":"FF00FF","profile_background_image_url":"http://pbs.twimg.com/profile_background_images/378800000146938460/9D1tVfxk.jpeg","profile_background_image_url_https":"https://pbs.twimg.com/profile_background_images/378800000146938460/9D1tVfxk.jpeg","profile_background_tile":true,"profile_image_url":"http://pbs.twimg.com/profile_images/740810602998796288/oEugHJZs_normal.jpg","profile_image_url_https":"https://pbs.twimg.com/profile_images/740810602998796288/oEugHJZs_normal.jpg","profile_banner_url":"https://pbs.twimg.com/profile_banners/516352819/1480554242","profile_link_color":"000000","profile_sidebar_border_color":"000000","profile_sidebar_fill_color":"C3E3CB","profile_text_color":"6E604A","profile_use_background_image":true,"has_extended_profile":false,"default_profile":false,"default_profile_image":false,"following":false,"follow_request_sent":false,"notifications":false,"translator_type":"none"},"geo":null,"coordinates":null,"place":null,"contributors":null,"is_quote_status":false,"retweet_count":797,"favorite_count":3463,"favorited":false,"retweeted":false,"possibly_sensitive":false,"lang":"ja"}],"search_metadata":{"completed_in":0.208,"max_id":887812042052182000,"max_id_str":"887812042052182017","next_results":"?max_id=887788488208203775&q=lang%3Aja%20min_retweets%3A500&include_entities=1","query":"lang%3Aja+min_retweets%3A500","refresh_url":"?since_id=887812042052182017&q=lang%3Aja%20min_retweets%3A500&include_entities=1","count":15,"since_id":0,"since_id_str":"0"}}