{"statuses":[{"created_at":"Wed Jul 19 10:51:14 +0000 2017","id":887625874870222800,"id_str":"887625874870222848","text":"ブログ更新させて頂きました🙌\n皆さん是非チェックお願い致します🙏✨✨✨\n↓↓↓\nhttps://t.co/uT0FJJ8MEb\n\n川村壱馬\n\n#本日は\n#3rdSingle\n#DirtyDisco\n#リリース日… https://t.co/uAlqqcbVuR","truncated":true,"entities":{"hashtags":[{"text":"本日は","indices":[71,75]},{"text":"3rdSingle","indices":[76,86]},{"text":"DirtyDisco","indices":[87,98]},{"text":"リリース日","indices":[99,105]}],"symbols":[],"user_mentions":[],"urls":[{"url":"https://t.co/uT0FJJ8MEb","expanded_url":"http://the-rampage.jp/","display_url":"the-rampage.jp","indices":[40,63]},{"url":"https://t.co/uAlqqcbVuR","expanded_url":"https://twitter.com/i/web/status/887625874870222848","display_url":"twitter.com/i/web/status/8…","indices":[107,130]}]},"metadata":{"iso_language_code":"ja","result_type":"recent"},"source":"<a href=\"http://twitter.com/download/iphone\" rel=\"nofollow\">Twitter for iPhone</a>","in_reply_to_status_id":null,"in_reply_to_status_id_str":null,"in_reply_to_user_id":null,"in_reply_to_user_id_str":null,"in_reply_to_screen_name":null,"user":{"id":703069848457228300,"id_str":"703069848457228288","name":"THE RAMPAGE OFFICIAL","screen_name":"therampagefext","location":"","description":"THE RAMPAGE from EXILE TRIBE Official account‼ https://t.co/b2w9QtZAv0","url":"https://t.co/OTrUwgzH9S","entities":{"url":{"urls":[{"url":"https://t.co/OTrUwgzH9S","expanded_url":"https://www.instagram.com/the_rampage_official/","display_url":"instagram.com/the_rampage_of…","indices":[0,23]}]},"description":{"urls":[{"url":"https://t.co/b2w9QtZAv0","expanded_url":"http://the-rampage.jp/","display_url":"the-rampage.jp","indices":[47,70]}]}},"protected":false,"followers_count":309669,"friends_count":96,"listed_count":759,"created_at":"Fri Feb 26 04:11:29 +0000 2016","favourites_count":14,"utc_offset":-25200,"time_zone":"Pacific Time (US & Canada)","geo_enabled":false,"verified":true,"statuses_count":1496,"lang":"ja","contributors_enabled":false,"is_translator":false,"is_translation_enabled":false,"profile_background_color":"F5F8FA","profile_background_image_url":null,"profile_background_image_url_https":null,"profile_background_tile":false,"profile_image_url":"http://pbs.twimg.com/profile_images/791561824906809344/38ndfy6N_normal.jpg","profile_image_url_https":"https://pbs.twimg.com/profile_images/791561824906809344/38ndfy6N_normal.jpg","profile_banner_url":"https://pbs.twimg.com/profile_banners/703069848457228288/1498890358","profile_link_color":"1DA1F2","profile_sidebar_border_color":"C0DEED","profile_sidebar_fill_color":"DDEEF6","profile_text_color":"333333","profile_use_background_image":true,"has_extended_profile":false,"default_profile":true,"default_profile_image":false,"following":false,"follow_request_sent":false,"notifications":false,"translator_type":"none"},"geo":null,"coordinates":null,"place":null,"contributors":null,"is_quote_status":false,"retweet_count":708,"favorite_count":3745,"favorited":false,"retweeted":false,"possibly_sensitive":false,"lang":"ja"},{"created_at":"Wed Jul 19 10:46:42 +0000 2017","id":887624734292275200,"id_str":"887624734292275200","text":"香取が書いて、掛け軸も自作で作った作品！！\n\n「あちこたねぇ」は、「大丈夫だよ」という意味！\n\nさらに…\n\nみんなで作ったウェルカムボード！！\n\n部屋や玄関の雰囲気が、アイテム１つで、一気に変わりました!!!\n\n#おじゃマップ… https://t.co/Hw8lJI4Y1M","truncated":true,"entities":{"hashtags":[{"text":"おじゃマップ","indices":[106,113]}],"symbols":[],"user_mentions":[],"urls":[{"url":"https://t.co/Hw8lJI4Y1M","expanded_url":"https://twitter.com/i/web/status/887624734292275200","display_url":"twitter.com/i/web/status/8…","indices":[115,138]}]},"metadata":{"iso_language_code":"ja","result_type":"recent"},"source":"<a href=\"http://bufferapp.com\" rel=\"nofollow\">Buffer</a>","in_reply_to_status_id":null,"in_reply_to_status_id_str":null,"in_reply_to_user_id":null,"in_reply_to_user_id_str":null,"in_reply_to_screen_name":null,"user":{"id":838559106331893800,"id_str":"838559106331893760","name":"おじゃMAP!!【公式】","screen_name":"oja_map","location":"","description":"毎週水曜よる７時フジテレビ系列にて放送！なんでもありのロケバラエティ「おじゃＭＡＰ!!」国民的スター香取慎吾＆アンタッチャブル山崎弘也が日本中のあちこちにいきなりおじゃましちゃいます！ときには海外なんてことも…！？ハプニングあり！笑いあり！ときには感動の涙も？？どんな場所で、どんな出会いがあるのか！？ お楽しみに～！！","url":"https://t.co/28QcThpyWm","entities":{"url":{"urls":[{"url":"https://t.co/28QcThpyWm","expanded_url":"http://www.fujitv.co.jp/ojamap/","display_url":"fujitv.co.jp/ojamap/","indices":[0,23]}]},"description":{"urls":[]}},"protected":false,"followers_count":21550,"friends_count":0,"listed_count":86,"created_at":"Mon Mar 06 01:17:25 +0000 2017","favourites_count":0,"utc_offset":null,"time_zone":null,"geo_enabled":false,"verified":false,"statuses_count":131,"lang":"ja","contributors_enabled":false,"is_translator":false,"is_translation_enabled":false,"profile_background_color":"F5F8FA","profile_background_image_url":null,"profile_background_image_url_https":null,"profile_background_tile":false,"profile_image_url":"http://pbs.twimg.com/profile_images/846307384012156928/40B_NHFt_normal.jpg","profile_image_url_https":"https://pbs.twimg.com/profile_images/846307384012156928/40B_NHFt_normal.jpg","profile_banner_url":"https://pbs.twimg.com/profile_banners/838559106331893760/1490610688","profile_link_color":"1DA1F2","profile_sidebar_border_color":"C0DEED","profile_sidebar_fill_color":"DDEEF6","profile_text_color":"333333","profile_use_background_image":true,"has_extended_profile":false,"default_profile":true,"default_profile_image":false,"following":false,"follow_request_sent":false,"notifications":false,"translator_type":"none"},"geo":null,"coordinates":null,"place":null,"contributors":null,"is_quote_status":false,"retweet_count":799,"favorite_count":1046,"favorited":false,"retweeted":false,"possibly_sensitive":false,"lang":"ja"},{"created_at":"Wed Jul 19 10:45:56 +0000 2017","id":887624541916209200,"id_str":"887624541916209152","text":"マンホールに向かって「母さん！もうわかったからあけて！！」と大声で鍵を締め出された風に演技する罰ゲームを実際にやってみたらただのヤバいやつになったwww https://t.co/UWpM3YCkLa","truncated":false,"entities":{"hashtags":[],"symbols":[],"user_mentions":[],"urls":[],"media":[{"id":887624296322940900,"id_str":"887624296322940930","indices":[77,100],"media_url":"http://pbs.twimg.com/ext_tw_video_thumb/887624296322940930/pu/img/HpBy9sr1mmZ-wGhF.jpg","media_url_https":"https://pbs.twimg.com/ext_tw_video_thumb/887624296322940930/pu/img/HpBy9sr1mmZ-wGhF.jpg","url":"https://t.co/UWpM3YCkLa","display_url":"pic.twitter.com/UWpM3YCkLa","expanded_url":"https://twitter.com/laters_kamemusi/status/887624541916209152/video/1","type":"photo","sizes":{"small":{"w":340,"h":191,"resize":"fit"},"thumb":{"w":150,"h":150,"resize":"crop"},"medium":{"w":600,"h":338,"resize":"fit"},"large":{"w":1024,"h":576,"resize":"fit"}}}]},"extended_entities":{"media":[{"id":887624296322940900,"id_str":"887624296322940930","indices":[77,100],"media_url":"http://pbs.twimg.com/ext_tw_video_thumb/887624296322940930/pu/img/HpBy9sr1mmZ-wGhF.jpg","media_url_https":"https://pbs.twimg.com/ext_tw_video_thumb/887624296322940930/pu/img/HpBy9sr1mmZ-wGhF.jpg","url":"https://t.co/UWpM3YCkLa","display_url":"pic.twitter.com/UWpM3YCkLa","expanded_url":"https://twitter.com/laters_kamemusi/status/887624541916209152/video/1","type":"video","sizes":{"small":{"w":340,"h":191,"resize":"fit"},"thumb":{"w":150,"h":150,"resize":"crop"},"medium":{"w":600,"h":338,"resize":"fit"},"large":{"w":1024,"h":576,"resize":"fit"}},"video_info":{"aspect_ratio":[16,9],"duration_millis":19333,"variants":[{"content_type":"application/x-mpegURL","url":"https://video.twimg.com/ext_tw_video/887624296322940930/pu/pl/I9HOPSHqv5MtYiNB.m3u8"},{"bitrate":2176000,"content_type":"video/mp4","url":"https://video.twimg.com/ext_tw_video/887624296322940930/pu/vid/1280x720/6cZfXhXO1mWisgTJ.mp4"},{"bitrate":832000,"content_type":"video/mp4","url":"https://video.twimg.com/ext_tw_video/887624296322940930/pu/vid/640x360/BwJRVmEjlmk6ASoM.mp4"},{"bitrate":320000,"content_type":"video/mp4","url":"https://video.twimg.com/ext_tw_video/887624296322940930/pu/vid/320x180/4C8db6AXsfcUoXtq.mp4"}]},"additional_media_info":{"monetizable":false}}]},"metadata":{"iso_language_code":"ja","result_type":"recent"},"source":"<a href=\"http://twitter.com/download/iphone\" rel=\"nofollow\">Twitter for iPhone</a>","in_reply_to_status_id":null,"in_reply_to_status_id_str":null,"in_reply_to_user_id":null,"in_reply_to_user_id_str":null,"in_reply_to_screen_name":null,"user":{"id":4564607594,"id_str":"4564607594","name":"🐢かめむし🐢【レイターズ】","screen_name":"laters_kamemusi","location":"YouTubeの動画は↓から","description":"臭くないかめむしです。 YouTubeに動画投稿している高校3年生の17歳です。Instagramもしてます→https://t.co/9CEY8AxEYv","url":"https://t.co/7fy25T0KBe","entities":{"url":{"urls":[{"url":"https://t.co/7fy25T0KBe","expanded_url":"https://www.youtube.com/channel/UCdcyRKYuKnUr7dgs8ZkIzKg","display_url":"youtube.com/channel/UCdcyR…","indices":[0,23]}]},"description":{"urls":[{"url":"https://t.co/9CEY8AxEYv","expanded_url":"https://www.instagram.com/laters_kamemushi/?hl=ja","display_url":"instagram.com/laters_kamemus…","indices":[55,78]}]}},"protected":false,"followers_count":165666,"friends_count":191,"listed_count":489,"created_at":"Tue Dec 15 09:29:13 +0000 2015","favourites_count":2608,"utc_offset":null,"time_zone":null,"geo_enabled":false,"verified":false,"statuses_count":12775,"lang":"en","contributors_enabled":false,"is_translator":false,"is_translation_enabled":false,"profile_background_color":"F5F8FA","profile_background_image_url":null,"profile_background_image_url_https":null,"profile_background_tile":false,"profile_image_url":"http://pbs.twimg.com/profile_images/826671802290016256/DEo7tb1w_normal.jpg","profile_image_url_https":"https://pbs.twimg.com/profile_images/826671802290016256/DEo7tb1w_normal.jpg","profile_banner_url":"https://pbs.twimg.com/profile_banners/4564607594/1497062664","profile_link_color":"1DA1F2","profile_sidebar_border_color":"C0DEED","profile_sidebar_fill_color":"DDEEF6","profile_text_color":"333333","profile_use_background_image":true,"has_extended_profile":true,"default_profile":true,"default_profile_image":false,"following":false,"follow_request_sent":false,"notifications":false,"translator_type":"none"},"geo":null,"coordinates":null,"place":null,"contributors":null,"is_quote_status":false,"retweet_count":601,"favorite_count":2391,"favorited":false,"retweeted":false,"possibly_sensitive":false,"lang":"ja"},{"created_at":"Wed Jul 19 10:44:55 +0000 2017","id":887624285757427700,"id_str":"887624285757427712","text":"MAPPAさんのスーパーヤバい展覧会描き下ろしの中でもウルトラヤバいスペシャル描き下ろしを少しだけ。展覧会の完成が楽しみ。テレウサです。 https://t.co/FrWgNZKjKe","truncated":false,"entities":{"hashtags":[],"symbols":[],"user_mentions":[],"urls":[],"media":[{"id":887624259765321700,"id_str":"887624259765321728","indices":[69,92],"media_url":"http://pbs.twimg.com/media/DFF5j7lUwAAUxMs.jpg","media_url_https":"https://pbs.twimg.com/media/DFF5j7lUwAAUxMs.jpg","url":"https://t.co/FrWgNZKjKe","display_url":"pic.twitter.com/FrWgNZKjKe","expanded_url":"https://twitter.com/tvusagi5/status/887624285757427712/photo/1","type":"photo","sizes":{"medium":{"w":900,"h":1200,"resize":"fit"},"thumb":{"w":150,"h":150,"resize":"crop"},"large":{"w":1536,"h":2048,"resize":"fit"},"small":{"w":510,"h":680,"resize":"fit"}}}]},"extended_entities":{"media":[{"id":887624259765321700,"id_str":"887624259765321728","indices":[69,92],"media_url":"http://pbs.twimg.com/media/DFF5j7lUwAAUxMs.jpg","media_url_https":"https://pbs.twimg.com/media/DFF5j7lUwAAUxMs.jpg","url":"https://t.co/FrWgNZKjKe","display_url":"pic.twitter.com/FrWgNZKjKe","expanded_url":"https://twitter.com/tvusagi5/status/887624285757427712/photo/1","type":"photo","sizes":{"medium":{"w":900,"h":1200,"resize":"fit"},"thumb":{"w":150,"h":150,"resize":"crop"},"large":{"w":1536,"h":2048,"resize":"fit"},"small":{"w":510,"h":680,"resize":"fit"}}}]},"metadata":{"iso_language_code":"ja","result_type":"recent"},"source":"<a href=\"http://twitter.com/download/iphone\" rel=\"nofollow\">Twitter for iPhone</a>","in_reply_to_status_id":null,"in_reply_to_status_id_str":null,"in_reply_to_user_id":null,"in_reply_to_user_id_str":null,"in_reply_to_screen_name":null,"user":{"id":131254864,"id_str":"131254864","name":"テレウサ","screen_name":"tvusagi5","location":"六本木ヒルズ放送局","description":"お初なのです。テレウサです。 六本木ヒルズｕｍｕに住み、小耳にはさんだイベント業界の裏話なんかをつぶやくのです。兎イベントプロデューサーなのです。テレウサです。","url":"https://t.co/n5yWaXnKOc","entities":{"url":{"urls":[{"url":"https://t.co/n5yWaXnKOc","expanded_url":"http://tvusagi-blog.tumblr.com/","display_url":"tvusagi-blog.tumblr.com","indices":[0,23]}]},"description":{"urls":[]}},"protected":false,"followers_count":11667,"friends_count":21,"listed_count":532,"created_at":"Fri Apr 09 18:54:53 +0000 2010","favourites_count":0,"utc_offset":32400,"time_zone":"Tokyo","geo_enabled":true,"verified":false,"statuses_count":9311,"lang":"ja","contributors_enabled":false,"is_translator":false,"is_translation_enabled":false,"profile_background_color":"C0DEED","profile_background_image_url":"http://pbs.twimg.com/profile_background_images/241626967/tvusa.gif","profile_background_image_url_https":"https://pbs.twimg.com/profile_background_images/241626967/tvusa.gif","profile_background_tile":true,"profile_image_url":"http://pbs.twimg.com/profile_images/887171861523582977/nL2ZByaa_normal.jpg","profile_image_url_https":"https://pbs.twimg.com/profile_images/887171861523582977/nL2ZByaa_normal.jpg","profile_banner_url":"https://pbs.twimg.com/profile_banners/131254864/1436258843","profile_link_color":"0084B4","profile_sidebar_border_color":"C0DEED","profile_sidebar_fill_color":"DDEEF6","profile_text_color":"333333","profile_use_background_image":true,"has_extended_profile":true,"default_profile":false,"default_profile_image":false,"following":false,"follow_request_sent":false,"notifications":false,"translator_type":"none"},"geo":null,"coordinates":null,"place":null,"contributors":null,"is_quote_status":false,"retweet_count":743,"favorite_count":789,"favorited":false,"retweeted":false,"possibly_sensitive":false,"lang":"ja"},{"created_at":"Wed Jul 19 10:44:02 +0000 2017","id":887624062855508000,"id_str":"887624062855507968","text":"ザキヤマ＆佐々木健介さんの新ユニット⁉︎\n『細かい〜ズ』が、精魂込めて障子を貼った、農具の「枠」を使った照明!!\n\n２人が、１枚１枚、黙々と貼り続けてました！\n\nかなり趣のある作品に仕上がりました！！\n\nさすが！\n細かい〜ズ!!!… https://t.co/dXYNdddXqX","truncated":true,"entities":{"hashtags":[],"symbols":[],"user_mentions":[],"urls":[{"url":"https://t.co/dXYNdddXqX","expanded_url":"https://twitter.com/i/web/status/887624062855507968","display_url":"twitter.com/i/web/status/8…","indices":[117,140]}]},"metadata":{"iso_language_code":"ja","result_type":"recent"},"source":"<a href=\"http://bufferapp.com\" rel=\"nofollow\">Buffer</a>","in_reply_to_status_id":null,"in_reply_to_status_id_str":null,"in_reply_to_user_id":null,"in_reply_to_user_id_str":null,"in_reply_to_screen_name":null,"user":{"id":838559106331893800,"id_str":"838559106331893760","name":"おじゃMAP!!【公式】","screen_name":"oja_map","location":"","description":"毎週水曜よる７時フジテレビ系列にて放送！なんでもありのロケバラエティ「おじゃＭＡＰ!!」国民的スター香取慎吾＆アンタッチャブル山崎弘也が日本中のあちこちにいきなりおじゃましちゃいます！ときには海外なんてことも…！？ハプニングあり！笑いあり！ときには感動の涙も？？どんな場所で、どんな出会いがあるのか！？ お楽しみに～！！","url":"https://t.co/28QcThpyWm","entities":{"url":{"urls":[{"url":"https://t.co/28QcThpyWm","expanded_url":"http://www.fujitv.co.jp/ojamap/","display_url":"fujitv.co.jp/ojamap/","indices":[0,23]}]},"description":{"urls":[]}},"protected":false,"followers_count":21550,"friends_count":0,"listed_count":86,"created_at":"Mon Mar 06 01:17:25 +0000 2017","favourites_count":0,"utc_offset":null,"time_zone":null,"geo_enabled":false,"verified":false,"statuses_count":131,"lang":"ja","contributors_enabled":false,"is_translator":false,"is_translation_enabled":false,"profile_background_color":"F5F8FA","profile_background_image_url":null,"profile_background_image_url_https":null,"profile_background_tile":false,"profile_image_url":"http://pbs.twimg.com/profile_images/846307384012156928/40B_NHFt_normal.jpg","profile_image_url_https":"https://pbs.twimg.com/profile_images/846307384012156928/40B_NHFt_normal.jpg","profile_banner_url":"https://pbs.twimg.com/profile_banners/838559106331893760/1490610688","profile_link_color":"1DA1F2","profile_sidebar_border_color":"C0DEED","profile_sidebar_fill_color":"DDEEF6","profile_text_color":"333333","profile_use_background_image":true,"has_extended_profile":false,"default_profile":true,"default_profile_image":false,"following":false,"follow_request_sent":false,"notifications":false,"translator_type":"none"},"geo":null,"coordinates":null,"place":null,"contributors":null,"is_quote_status":false,"retweet_count":516,"favorite_count":688,"favorited":false,"retweeted":false,"possibly_sensitive":false,"lang":"ja"},{"created_at":"Wed Jul 19 10:42:55 +0000 2017","id":887623783212695600,"id_str":"887623783212695552","text":"★A3! Webコミック更新★\n『サクッと分かる♪MANKAI☆マンガ宣言』第３話を更新いたしました。\nhttps://t.co/vdXmAaCMR2 #エースリー https://t.co/w5keQ2TLe6","truncated":false,"entities":{"hashtags":[{"text":"エースリー","indices":[76,82]}],"symbols":[],"user_mentions":[],"urls":[{"url":"https://t.co/vdXmAaCMR2","expanded_url":"https://www.a3-liber.jp/news/?20170719-351","display_url":"a3-liber.jp/news/?20170719…","indices":[52,75]}],"media":[{"id":887623432661155800,"id_str":"887623432661155841","indices":[83,106],"media_url":"http://pbs.twimg.com/media/DFF4zyYUwAEzVwo.jpg","media_url_https":"https://pbs.twimg.com/media/DFF4zyYUwAEzVwo.jpg","url":"https://t.co/w5keQ2TLe6","display_url":"pic.twitter.com/w5keQ2TLe6","expanded_url":"https://twitter.com/mankai_company/status/887623783212695552/photo/1","type":"photo","sizes":{"medium":{"w":680,"h":520,"resize":"fit"},"large":{"w":680,"h":520,"resize":"fit"},"small":{"w":680,"h":520,"resize":"fit"},"thumb":{"w":150,"h":150,"resize":"crop"}}}]},"extended_entities":{"media":[{"id":887623432661155800,"id_str":"887623432661155841","indices":[83,106],"media_url":"http://pbs.twimg.com/media/DFF4zyYUwAEzVwo.jpg","media_url_https":"https://pbs.twimg.com/media/DFF4zyYUwAEzVwo.jpg","url":"https://t.co/w5keQ2TLe6","display_url":"pic.twitter.com/w5keQ2TLe6","expanded_url":"https://twitter.com/mankai_company/status/887623783212695552/photo/1","type":"photo","sizes":{"medium":{"w":680,"h":520,"resize":"fit"},"large":{"w":680,"h":520,"resize":"fit"},"small":{"w":680,"h":520,"resize":"fit"},"thumb":{"w":150,"h":150,"resize":"crop"}}}]},"metadata":{"iso_language_code":"ja","result_type":"recent"},"source":"<a href=\"http://twitter.com\" rel=\"nofollow\">Twitter Web Client</a>","in_reply_to_status_id":null,"in_reply_to_status_id_str":null,"in_reply_to_user_id":null,"in_reply_to_user_id_str":null,"in_reply_to_screen_name":null,"user":{"id":768448988626333700,"id_str":"768448988626333697","name":"【公式】A3!（エースリー）","screen_name":"mankai_company","location":"","description":"１月２７日（金）配信スタート！イケメン役者育成アプリ『A3!』公式Twitterアカウントです。 ハッシュタグは #エースリー アプリに関するお問合せは、アプリ内「サポート」または公式HP内のお問合せフォームよりお願いいたします。","url":"https://t.co/BVvtqOsoYc","entities":{"url":{"urls":[{"url":"https://t.co/BVvtqOsoYc","expanded_url":"http://www.a3-liber.jp/","display_url":"a3-liber.jp","indices":[0,23]}]},"description":{"urls":[]}},"protected":false,"followers_count":303960,"friends_count":54,"listed_count":2714,"created_at":"Wed Aug 24 14:04:50 +0000 2016","favourites_count":0,"utc_offset":-25200,"time_zone":"Pacific Time (US & Canada)","geo_enabled":false,"verified":true,"statuses_count":815,"lang":"ja","contributors_enabled":false,"is_translator":false,"is_translation_enabled":false,"profile_background_color":"000000","profile_background_image_url":"http://abs.twimg.com/images/themes/theme1/bg.png","profile_background_image_url_https":"https://abs.twimg.com/images/themes/theme1/bg.png","profile_background_tile":false,"profile_image_url":"http://pbs.twimg.com/profile_images/848187532135153664/VeXZsEYh_normal.jpg","profile_image_url_https":"https://pbs.twimg.com/profile_images/848187532135153664/VeXZsEYh_normal.jpg","profile_banner_url":"https://pbs.twimg.com/profile_banners/768448988626333697/1476954146","profile_link_color":"1B95E0","profile_sidebar_border_color":"000000","profile_sidebar_fill_color":"000000","profile_text_color":"000000","profile_use_background_image":false,"has_extended_profile":false,"default_profile":false,"default_profile_image":false,"following":false,"follow_request_sent":false,"notifications":false,"translator_type":"none"},"geo":null,"coordinates":null,"place":null,"contributors":null,"is_quote_status":false,"retweet_count":729,"favorite_count":1829,"favorited":false,"retweeted":false,"possibly_sensitive":false,"lang":"ja"},{"created_at":"Wed Jul 19 10:42:09 +0000 2017","id":887623588047577100,"id_str":"887623588047577089","text":"ブログが更新されました  ファンのみなさまへ https://t.co/9ZQ4U15ZhK","truncated":false,"entities":{"hashtags":[],"symbols":[],"user_mentions":[],"urls":[{"url":"https://t.co/9ZQ4U15ZhK","expanded_url":"https://lineblog.me/uesaka_sumire/archives/9289574.html","display_url":"lineblog.me/uesaka_sumire/…","indices":[23,46]}]},"metadata":{"iso_language_code":"ja","result_type":"recent"},"source":"<a href=\"http://www.lineblog.me/\" rel=\"nofollow\">LINE BLOG</a>","in_reply_to_status_id":null,"in_reply_to_status_id_str":null,"in_reply_to_user_id":null,"in_reply_to_user_id_str":null,"in_reply_to_screen_name":null,"user":{"id":3479716279,"id_str":"3479716279","name":"上坂すみれ公式FC コルホーズの玉ねぎ畑","screen_name":"uesakasumire_fc","location":"","description":"上坂すみれ公式ファンクラブ「コルホーズの玉ねぎ畑」ツイッターです。 ファンクラブ情報などつぶやきます。","url":"https://t.co/xfIdMrHELK","entities":{"url":{"urls":[{"url":"https://t.co/xfIdMrHELK","expanded_url":"http://www.spacecraft.co.jp/uesaka_sumire/fanclub/","display_url":"spacecraft.co.jp/uesaka_sumire/…","indices":[0,23]}]},"description":{"urls":[]}},"protected":false,"followers_count":16192,"friends_count":3,"listed_count":593,"created_at":"Mon Sep 07 08:09:08 +0000 2015","favourites_count":0,"utc_offset":null,"time_zone":null,"geo_enabled":false,"verified":false,"statuses_count":620,"lang":"ja","contributors_enabled":false,"is_translator":false,"is_translation_enabled":false,"profile_background_color":"C0DEED","profile_background_image_url":"http://abs.twimg.com/images/themes/theme1/bg.png","profile_background_image_url_https":"https://abs.twimg.com/images/themes/theme1/bg.png","profile_background_tile":false,"profile_image_url":"http://pbs.twimg.com/profile_images/795523082777554944/qk88jx4Q_normal.jpg","profile_image_url_https":"https://pbs.twimg.com/profile_images/795523082777554944/qk88jx4Q_normal.jpg","profile_banner_url":"https://pbs.twimg.com/profile_banners/3479716279/1497518082","profile_link_color":"1DA1F2","profile_sidebar_border_color":"C0DEED","profile_sidebar_fill_color":"DDEEF6","profile_text_color":"333333","profile_use_background_image":true,"has_extended_profile":false,"default_profile":true,"default_profile_image":false,"following":false,"follow_request_sent":false,"notifications":false,"translator_type":"none"},"geo":null,"coordinates":null,"place":null,"contributors":null,"is_quote_status":false,"retweet_count":970,"favorite_count":386,"favorited":false,"retweeted":false,"possibly_sensitive":false,"lang":"ja"},{"created_at":"Wed Jul 19 10:39:50 +0000 2017","id":887623006192754700,"id_str":"887623006192754688","text":"★バニンの方はホント乗り辛いから。\nオレの方に乗って優雅に頭の後ろで手でも組んで笑ってなさい🎵\n\n絶対にエンジンはかけるなよ！\nすんげぇパワーだからなっ❗\n(・ω&lt;)\n\n#ダブチェのお話 https://t.co/24wKJUK6a1","truncated":false,"entities":{"hashtags":[{"text":"ダブチェのお話","indices":[88,96]}],"symbols":[],"user_mentions":[],"urls":[],"media":[{"id":887622993366597600,"id_str":"887622993366597632","indices":[97,120],"media_url":"http://pbs.twimg.com/media/DFF4aN4VwAACN7Z.jpg","media_url_https":"https://pbs.twimg.com/media/DFF4aN4VwAACN7Z.jpg","url":"https://t.co/24wKJUK6a1","display_url":"pic.twitter.com/24wKJUK6a1","expanded_url":"https://twitter.com/hiratapro/status/887623006192754688/photo/1","type":"photo","sizes":{"small":{"w":680,"h":391,"resize":"fit"},"thumb":{"w":150,"h":150,"resize":"crop"},"large":{"w":713,"h":410,"resize":"fit"},"medium":{"w":713,"h":410,"resize":"fit"}}}]},"extended_entities":{"media":[{"id":887622993366597600,"id_str":"887622993366597632","indices":[97,120],"media_url":"http://pbs.twimg.com/media/DFF4aN4VwAACN7Z.jpg","media_url_https":"https://pbs.twimg.com/media/DFF4aN4VwAACN7Z.jpg","url":"https://t.co/24wKJUK6a1","display_url":"pic.twitter.com/24wKJUK6a1","expanded_url":"https://twitter.com/hiratapro/status/887623006192754688/photo/1","type":"photo","sizes":{"small":{"w":680,"h":391,"resize":"fit"},"thumb":{"w":150,"h":150,"resize":"crop"},"large":{"w":713,"h":410,"resize":"fit"},"medium":{"w":713,"h":410,"resize":"fit"}}}]},"metadata":{"iso_language_code":"ja","result_type":"recent"},"source":"<a href=\"http://twitter.com/download/android\" rel=\"nofollow\">Twitter for Android</a>","in_reply_to_status_id":null,"in_reply_to_status_id_str":null,"in_reply_to_user_id":null,"in_reply_to_user_id_str":null,"in_reply_to_screen_name":null,"user":{"id":576924119,"id_str":"576924119","name":"ひらたプロダクションジャパン","screen_name":"hiratapro","location":"東京都新宿区","description":"ひらたプロダクションジャパンの公式アカウントです。出演情報などをお知らせ致します。\r\n\r\nなお、★印のあるツイートは、平田広明本人の呟きです。","url":"http://t.co/oGT1SBL696","entities":{"url":{"urls":[{"url":"http://t.co/oGT1SBL696","expanded_url":"http://hiratapro.com/","display_url":"hiratapro.com","indices":[0,22]}]},"description":{"urls":[]}},"protected":false,"followers_count":61857,"friends_count":0,"listed_count":3063,"created_at":"Fri May 11 07:16:43 +0000 2012","favourites_count":0,"utc_offset":28800,"time_zone":"Irkutsk","geo_enabled":true,"verified":false,"statuses_count":6771,"lang":"ja","contributors_enabled":false,"is_translator":false,"is_translation_enabled":false,"profile_background_color":"ECDFBF","profile_background_image_url":"http://pbs.twimg.com/profile_background_images/378800000047695861/2af5fd5bc166e63e827067b275bbc773.jpeg","profile_background_image_url_https":"https://pbs.twimg.com/profile_background_images/378800000047695861/2af5fd5bc166e63e827067b275bbc773.jpeg","profile_background_tile":true,"profile_image_url":"http://pbs.twimg.com/profile_images/2224996344/hplogo_normal.jpg","profile_image_url_https":"https://pbs.twimg.com/profile_images/2224996344/hplogo_normal.jpg","profile_link_color":"A7844A","profile_sidebar_border_color":"FFFFFF","profile_sidebar_fill_color":"DDEEF6","profile_text_color":"333333","profile_use_background_image":true,"has_extended_profile":false,"default_profile":false,"default_profile_image":false,"following":false,"follow_request_sent":false,"notifications":false,"translator_type":"none"},"geo":null,"coordinates":null,"place":null,"contributors":null,"is_quote_status":false,"retweet_count":815,"favorite_count":953,"favorited":false,"retweeted":false,"possibly_sensitive":false,"lang":"ja"},{"created_at":"Wed Jul 19 10:38:33 +0000 2017","id":887622683025784800,"id_str":"887622683025784832","text":"ホイップクリーム２世 https://t.co/RVbjAy4S3U","truncated":false,"entities":{"hashtags":[],"symbols":[],"user_mentions":[],"urls":[],"media":[{"id":887622668123385900,"id_str":"887622668123385856","indices":[11,34],"media_url":"http://pbs.twimg.com/media/DFF4HSQUMAAzOki.jpg","media_url_https":"https://pbs.twimg.com/media/DFF4HSQUMAAzOki.jpg","url":"https://t.co/RVbjAy4S3U","display_url":"pic.twitter.com/RVbjAy4S3U","expanded_url":"https://twitter.com/HOIPPU_0722/status/887622683025784832/photo/1","type":"photo","sizes":{"large":{"w":1470,"h":2048,"resize":"fit"},"thumb":{"w":150,"h":150,"resize":"crop"},"small":{"w":488,"h":680,"resize":"fit"},"medium":{"w":861,"h":1200,"resize":"fit"}}}]},"extended_entities":{"media":[{"id":887622668123385900,"id_str":"887622668123385856","indices":[11,34],"media_url":"http://pbs.twimg.com/media/DFF4HSQUMAAzOki.jpg","media_url_https":"https://pbs.twimg.com/media/DFF4HSQUMAAzOki.jpg","url":"https://t.co/RVbjAy4S3U","display_url":"pic.twitter.com/RVbjAy4S3U","expanded_url":"https://twitter.com/HOIPPU_0722/status/887622683025784832/photo/1","type":"photo","sizes":{"large":{"w":1470,"h":2048,"resize":"fit"},"thumb":{"w":150,"h":150,"resize":"crop"},"small":{"w":488,"h":680,"resize":"fit"},"medium":{"w":861,"h":1200,"resize":"fit"}}},{"id":887622668136046600,"id_str":"887622668136046592","indices":[11,34],"media_url":"http://pbs.twimg.com/media/DFF4HSTVYAAjfb1.jpg","media_url_https":"https://pbs.twimg.com/media/DFF4HSTVYAAjfb1.jpg","url":"https://t.co/RVbjAy4S3U","display_url":"pic.twitter.com/RVbjAy4S3U","expanded_url":"https://twitter.com/HOIPPU_0722/status/887622683025784832/photo/1","type":"photo","sizes":{"large":{"w":1566,"h":2048,"resize":"fit"},"small":{"w":520,"h":680,"resize":"fit"},"thumb":{"w":150,"h":150,"resize":"crop"},"medium":{"w":918,"h":1200,"resize":"fit"}}}]},"metadata":{"iso_language_code":"ja","result_type":"recent"},"source":"<a href=\"http://twitter.com/download/iphone\" rel=\"nofollow\">Twitter for iPhone</a>","in_reply_to_status_id":null,"in_reply_to_status_id_str":null,"in_reply_to_user_id":null,"in_reply_to_user_id_str":null,"in_reply_to_screen_name":null,"user":{"id":3642094932,"id_str":"3642094932","name":"ホイップ@ねこ休み展","screen_name":"HOIPPU_0722","location":"","description":"甘え猫ホイップ(ホイティッシュホイルド♀ちくわ柄)と漫画好きホイ主の日常。基本的にゆるいので日々にお疲れの方はどうぞ。無断転載は禁止です。ブログはこちら↓","url":"https://t.co/cCuLV37jtZ","entities":{"url":{"urls":[{"url":"https://t.co/cCuLV37jtZ","expanded_url":"http://nekonavi.jp/archives/author/hoippu_0722","display_url":"nekonavi.jp/archives/autho…","indices":[0,23]}]},"description":{"urls":[]}},"protected":false,"followers_count":134897,"friends_count":180,"listed_count":1814,"created_at":"Mon Sep 21 22:20:26 +0000 2015","favourites_count":35177,"utc_offset":null,"time_zone":null,"geo_enabled":true,"verified":false,"statuses_count":12131,"lang":"ja","contributors_enabled":false,"is_translator":false,"is_translation_enabled":false,"profile_background_color":"C0DEED","profile_background_image_url":"http://abs.twimg.com/images/themes/theme1/bg.png","profile_background_image_url_https":"https://abs.twimg.com/images/themes/theme1/bg.png","profile_background_tile":false,"profile_image_url":"http://pbs.twimg.com/profile_images/830275686375895041/7tjk0iA-_normal.jpg","profile_image_url_https":"https://pbs.twimg.com/profile_images/830275686375895041/7tjk0iA-_normal.jpg","profile_banner_url":"https://pbs.twimg.com/profile_banners/3642094932/1443105215","profile_link_color":"1DA1F2","profile_sidebar_border_color":"C0DEED","profile_sidebar_fill_color":"DDEEF6","profile_text_color":"333333","profile_use_background_image":true,"has_extended_profile":true,"default_profile":true,"default_profile_image":false,"following":false,"follow_request_sent":false,"notifications":false,"translator_type":"none"},"geo":null,"coordinates":null,"place":null,"contributors":null,"is_quote_status":false,"retweet_count":541,"favorite_count":2425,"favorited":false,"retweeted":false,"possibly_sensitive":false,"lang":"ja"},{"created_at":"Wed Jul 19 10:37:14 +0000 2017","id":887622349838721000,"id_str":"887622349838721024","text":"\"\"俺、引退しないから\"\"\n\n退所報道後のロケです！！\nこれが香取慎吾の声です！！#おじゃMAP https://t.co/BIFDwEeRxS","truncated":false,"entities":{"hashtags":[{"text":"おじゃMAP","indices":[41,48]}],"symbols":[],"user_mentions":[],"urls":[],"media":[{"id":887622222948347900,"id_str":"887622222948347905","indices":[49,72],"media_url":"http://pbs.twimg.com/ext_tw_video_thumb/887622222948347905/pu/img/ER_BllligWZIg-2J.jpg","media_url_https":"https://pbs.twimg.com/ext_tw_video_thumb/887622222948347905/pu/img/ER_BllligWZIg-2J.jpg","url":"https://t.co/BIFDwEeRxS","display_url":"pic.twitter.com/BIFDwEeRxS","expanded_url":"https://twitter.com/smap5_crazy5/status/887622349838721024/video/1","type":"photo","sizes":{"small":{"w":340,"h":191,"resize":"fit"},"thumb":{"w":150,"h":150,"resize":"crop"},"medium":{"w":600,"h":338,"resize":"fit"},"large":{"w":1024,"h":576,"resize":"fit"}}}]},"extended_entities":{"media":[{"id":887622222948347900,"id_str":"887622222948347905","indices":[49,72],"media_url":"http://pbs.twimg.com/ext_tw_video_thumb/887622222948347905/pu/img/ER_BllligWZIg-2J.jpg","media_url_https":"https://pbs.twimg.com/ext_tw_video_thumb/887622222948347905/pu/img/ER_BllligWZIg-2J.jpg","url":"https://t.co/BIFDwEeRxS","display_url":"pic.twitter.com/BIFDwEeRxS","expanded_url":"https://twitter.com/smap5_crazy5/status/887622349838721024/video/1","type":"video","sizes":{"small":{"w":340,"h":191,"resize":"fit"},"thumb":{"w":150,"h":150,"resize":"crop"},"medium":{"w":600,"h":338,"resize":"fit"},"large":{"w":1024,"h":576,"resize":"fit"}},"video_info":{"aspect_ratio":[16,9],"duration_millis":13709,"variants":[{"bitrate":2176000,"content_type":"video/mp4","url":"https://video.twimg.com/ext_tw_video/887622222948347905/pu/vid/1280x720/buNi-zbhyJbsMDYd.mp4"},{"bitrate":320000,"content_type":"video/mp4","url":"https://video.twimg.com/ext_tw_video/887622222948347905/pu/vid/320x180/9hTAuOQ1HCrihL_7.mp4"},{"bitrate":832000,"content_type":"video/mp4","url":"https://video.twimg.com/ext_tw_video/887622222948347905/pu/vid/640x360/lMFw01sc3UVgiz26.mp4"},{"content_type":"application/x-mpegURL","url":"https://video.twimg.com/ext_tw_video/887622222948347905/pu/pl/n1n3XTRvkJp_6MnT.m3u8"}]},"additional_media_info":{"monetizable":false}}]},"metadata":{"iso_language_code":"ja","result_type":"recent"},"source":"<a href=\"http://twitter.com/download/iphone\" rel=\"nofollow\">Twitter for iPhone</a>","in_reply_to_status_id":null,"in_reply_to_status_id_str":null,"in_reply_to_user_id":null,"in_reply_to_user_id_str":null,"in_reply_to_screen_name":null,"user":{"id":814431222763900900,"id_str":"814431222763900928","name":"みーちゃん🤝🤝","screen_name":"smap5_crazy5","location":"","description":"S.M.A.P 1234 Crazy 5!","url":null,"entities":{"description":{"urls":[]}},"protected":false,"followers_count":1873,"friends_count":64,"listed_count":20,"created_at":"Thu Dec 29 11:21:49 +0000 2016","favourites_count":1339,"utc_offset":null,"time_zone":null,"geo_enabled":false,"verified":false,"statuses_count":4152,"lang":"ja","contributors_enabled":false,"is_translator":false,"is_translation_enabled":false,"profile_background_color":"F5F8FA","profile_background_image_url":null,"profile_background_image_url_https":null,"profile_background_tile":false,"profile_image_url":"http://pbs.twimg.com/profile_images/848194631955226625/UYx5blrT_normal.jpg","profile_image_url_https":"https://pbs.twimg.com/profile_images/848194631955226625/UYx5blrT_normal.jpg","profile_banner_url":"https://pbs.twimg.com/profile_banners/814431222763900928/1491644638","profile_link_color":"1DA1F2","profile_sidebar_border_color":"C0DEED","profile_sidebar_fill_color":"DDEEF6","profile_text_color":"333333","profile_use_background_image":true,"has_extended_profile":false,"default_profile":true,"default_profile_image":false,"following":false,"follow_request_sent":false,"notifications":false,"translator_type":"none"},"geo":null,"coordinates":null,"place":null,"contributors":null,"is_quote_status":false,"retweet_count":725,"favorite_count":1012,"favorited":false,"retweeted":false,"possibly_sensitive":false,"lang":"ja"},{"created_at":"Wed Jul 19 10:33:07 +0000 2017","id":887621314160189400,"id_str":"887621314160189440","text":"【弦之介様ぁああ】新章『バジリスク～桜花忍法帖～』アニメ化決定！\nhttps://t.co/8woYhHzbsz\n\n『バジリスク～甲賀忍法帖～』の10年後の寛永3年が舞台。少年・甲賀八郎と少女・伊賀響にはどんな運命が待ち受けるのか。 https://t.co/ZpWyAJaxaD","truncated":false,"entities":{"hashtags":[],"symbols":[],"user_mentions":[],"urls":[{"url":"https://t.co/8woYhHzbsz","expanded_url":"http://news.livedoor.com/article/detail/13358605/","display_url":"news.livedoor.com/article/detail…","indices":[33,56]}],"media":[{"id":887621227564617700,"id_str":"887621227564617729","indices":[117,140],"media_url":"http://pbs.twimg.com/media/DFF2zbwV0AEzdjW.jpg","media_url_https":"https://pbs.twimg.com/media/DFF2zbwV0AEzdjW.jpg","url":"https://t.co/ZpWyAJaxaD","display_url":"pic.twitter.com/ZpWyAJaxaD","expanded_url":"https://twitter.com/livedoornews/status/887621314160189440/photo/1","type":"photo","sizes":{"medium":{"w":444,"h":640,"resize":"fit"},"small":{"w":444,"h":640,"resize":"fit"},"large":{"w":444,"h":640,"resize":"fit"},"thumb":{"w":150,"h":150,"resize":"crop"}}}]},"extended_entities":{"media":[{"id":887621227564617700,"id_str":"887621227564617729","indices":[117,140],"media_url":"http://pbs.twimg.com/media/DFF2zbwV0AEzdjW.jpg","media_url_https":"https://pbs.twimg.com/media/DFF2zbwV0AEzdjW.jpg","url":"https://t.co/ZpWyAJaxaD","display_url":"pic.twitter.com/ZpWyAJaxaD","expanded_url":"https://twitter.com/livedoornews/status/887621314160189440/photo/1","type":"photo","sizes":{"medium":{"w":444,"h":640,"resize":"fit"},"small":{"w":444,"h":640,"resize":"fit"},"large":{"w":444,"h":640,"resize":"fit"},"thumb":{"w":150,"h":150,"resize":"crop"}}}]},"metadata":{"iso_language_code":"ja","result_type":"recent"},"source":"<a href=\"http://twitter.com\" rel=\"nofollow\">Twitter Web Client</a>","in_reply_to_status_id":null,"in_reply_to_status_id_str":null,"in_reply_to_user_id":null,"in_reply_to_user_id_str":null,"in_reply_to_screen_name":null,"user":{"id":17306975,"id_str":"17306975","name":"ライブドアニュース","screen_name":"livedoornews","location":"","description":"LINE →https://t.co/yhJO0o7Jns／FB → https://t.co/LHTCuyIEjr／インスタ／→https://t.co/SpmVgPtfCG","url":"http://t.co/Q4Bh3OCfgY","entities":{"url":{"urls":[{"url":"http://t.co/Q4Bh3OCfgY","expanded_url":"http://news.livedoor.com/","display_url":"news.livedoor.com","indices":[0,22]}]},"description":{"urls":[{"url":"https://t.co/yhJO0o7Jns","expanded_url":"http://goo.gl/upBgKP","display_url":"goo.gl/upBgKP","indices":[6,29]},{"url":"https://t.co/LHTCuyIEjr","expanded_url":"http://goo.gl/nDULhn","display_url":"goo.gl/nDULhn","indices":[35,58]},{"url":"https://t.co/SpmVgPtfCG","expanded_url":"http://goo.gl/cHGD9G","display_url":"goo.gl/cHGD9G","indices":[65,88]}]}},"protected":false,"followers_count":430970,"friends_count":88,"listed_count":6140,"created_at":"Tue Nov 11 09:56:31 +0000 2008","favourites_count":2609,"utc_offset":32400,"time_zone":"Tokyo","geo_enabled":false,"verified":true,"statuses_count":177056,"lang":"ja","contributors_enabled":false,"is_translator":false,"is_translation_enabled":false,"profile_background_color":"FFFFFF","profile_background_image_url":"http://pbs.twimg.com/profile_background_images/378800000085828060/4b07c1d868c917fb65a3d64a20904cd5.jpeg","profile_background_image_url_https":"https://pbs.twimg.com/profile_background_images/378800000085828060/4b07c1d868c917fb65a3d64a20904cd5.jpeg","profile_background_tile":false,"profile_image_url":"http://pbs.twimg.com/profile_images/875662964988166149/whdJTD2I_normal.jpg","profile_image_url_https":"https://pbs.twimg.com/profile_images/875662964988166149/whdJTD2I_normal.jpg","profile_link_color":"51ADD4","profile_sidebar_border_color":"FFFFFF","profile_sidebar_fill_color":"95E8EC","profile_text_color":"3C3940","profile_use_background_image":true,"has_extended_profile":false,"default_profile":false,"default_profile_image":false,"following":false,"follow_request_sent":false,"notifications":false,"translator_type":"none"},"geo":null,"coordinates":null,"place":null,"contributors":null,"is_quote_status":false,"retweet_count":503,"favorite_count":288,"favorited":false,"retweeted":false,"possibly_sensitive":false,"lang":"ja"},{"created_at":"Wed Jul 19 10:27:39 +0000 2017","id":887619937857970200,"id_str":"887619937857970176","text":"何があろうとファンでいる事に変わりはないね。","truncated":false,"entities":{"hashtags":[],"symbols":[],"user_mentions":[],"urls":[]},"metadata":{"iso_language_code":"ja","result_type":"recent"},"source":"<a href=\"http://twitter.com/download/iphone\" rel=\"nofollow\">Twitter for iPhone</a>","in_reply_to_status_id":null,"in_reply_to_status_id_str":null,"in_reply_to_user_id":null,"in_reply_to_user_id_str":null,"in_reply_to_screen_name":null,"user":{"id":315893211,"id_str":"315893211","name":"岩井勇気 ハライチ","screen_name":"iwaiyu_ki","location":"","description":"芸人コンビ、ハライチの岩井勇気です。 アニメ/バイク/パズドラ/あんスタ/猫/全身義体","url":"https://t.co/aQ64cXZBbo","entities":{"url":{"urls":[{"url":"https://t.co/aQ64cXZBbo","expanded_url":"http://sp.ch.nicovideo.jp/iwaianiban","display_url":"sp.ch.nicovideo.jp/iwaianiban","indices":[0,23]}]},"description":{"urls":[]}},"protected":false,"followers_count":92851,"friends_count":354,"listed_count":946,"created_at":"Sun Jun 12 16:25:25 +0000 2011","favourites_count":2,"utc_offset":-36000,"time_zone":"Hawaii","geo_enabled":false,"verified":true,"statuses_count":4501,"lang":"ja","contributors_enabled":false,"is_translator":false,"is_translation_enabled":false,"profile_background_color":"C0DEED","profile_background_image_url":"http://abs.twimg.com/images/themes/theme1/bg.png","profile_background_image_url_https":"https://abs.twimg.com/images/themes/theme1/bg.png","profile_background_tile":false,"profile_image_url":"http://pbs.twimg.com/profile_images/868996533571559424/fDhnXISE_normal.jpg","profile_image_url_https":"https://pbs.twimg.com/profile_images/868996533571559424/fDhnXISE_normal.jpg","profile_banner_url":"https://pbs.twimg.com/profile_banners/315893211/1495884406","profile_link_color":"1DA1F2","profile_sidebar_border_color":"C0DEED","profile_sidebar_fill_color":"DDEEF6","profile_text_color":"333333","profile_use_background_image":true,"has_extended_profile":false,"default_profile":true,"default_profile_image":false,"following":false,"follow_request_sent":false,"notifications":false,"translator_type":"none"},"geo":null,"coordinates":null,"place":null,"contributors":null,"is_quote_status":false,"retweet_count":646,"favorite_count":1261,"favorited":false,"retweeted":false,"lang":"ja"},{"created_at":"Wed Jul 19 10:26:21 +0000 2017","id":887619610991706100,"id_str":"887619610991706112","text":"変な帽子を見つけたコウペンちゃん https://t.co/vjN4dZ3Kd2","truncated":false,"entities":{"hashtags":[],"symbols":[],"user_mentions":[],"urls":[],"media":[{"id":887619597620215800,"id_str":"887619597620215809","indices":[17,40],"media_url":"http://pbs.twimg.com/media/DFF1UjvUAAEPOs1.jpg","media_url_https":"https://pbs.twimg.com/media/DFF1UjvUAAEPOs1.jpg","url":"https://t.co/vjN4dZ3Kd2","display_url":"pic.twitter.com/vjN4dZ3Kd2","expanded_url":"https://twitter.com/k_r_r_l_l_/status/887619610991706112/photo/1","type":"photo","sizes":{"medium":{"w":1200,"h":870,"resize":"fit"},"thumb":{"w":150,"h":150,"resize":"crop"},"small":{"w":680,"h":493,"resize":"fit"},"large":{"w":2048,"h":1484,"resize":"fit"}}}]},"extended_entities":{"media":[{"id":887619597620215800,"id_str":"887619597620215809","indices":[17,40],"media_url":"http://pbs.twimg.com/media/DFF1UjvUAAEPOs1.jpg","media_url_https":"https://pbs.twimg.com/media/DFF1UjvUAAEPOs1.jpg","url":"https://t.co/vjN4dZ3Kd2","display_url":"pic.twitter.com/vjN4dZ3Kd2","expanded_url":"https://twitter.com/k_r_r_l_l_/status/887619610991706112/photo/1","type":"photo","sizes":{"medium":{"w":1200,"h":870,"resize":"fit"},"thumb":{"w":150,"h":150,"resize":"crop"},"small":{"w":680,"h":493,"resize":"fit"},"large":{"w":2048,"h":1484,"resize":"fit"}}}]},"metadata":{"iso_language_code":"ja","result_type":"recent"},"source":"<a href=\"http://twitter.com/download/iphone\" rel=\"nofollow\">Twitter for iPhone</a>","in_reply_to_status_id":null,"in_reply_to_status_id_str":null,"in_reply_to_user_id":null,"in_reply_to_user_id_str":null,"in_reply_to_screen_name":null,"user":{"id":228727136,"id_str":"228727136","name":"るるてあ","screen_name":"k_r_r_l_l_","location":"","description":"鶏卵が好きです。 ■LINEスタンプはこちら→https://t.co/pdmpZQP31U ■イラストのアイコン・ヘッダー使用はご自由にどうぞ。画像の加工・商用利用はお控えください。■商品化の御連絡はこちらにお願い致します。→https://t.co/0Rqh1X5CTr","url":null,"entities":{"description":{"urls":[{"url":"https://t.co/pdmpZQP31U","expanded_url":"http://line.me/S/sticker/1457374","display_url":"line.me/S/sticker/1457…","indices":[23,46]},{"url":"https://t.co/0Rqh1X5CTr","expanded_url":"https://spiralcute.com/contact/index","display_url":"spiralcute.com/contact/index","indices":[114,137]}]}},"protected":false,"followers_count":158951,"friends_count":167,"listed_count":1196,"created_at":"Mon Dec 20 14:20:27 +0000 2010","favourites_count":22128,"utc_offset":32400,"time_zone":"Tokyo","geo_enabled":false,"verified":false,"statuses_count":66445,"lang":"ja","contributors_enabled":false,"is_translator":false,"is_translation_enabled":false,"profile_background_color":"C0DEED","profile_background_image_url":"http://abs.twimg.com/images/themes/theme1/bg.png","profile_background_image_url_https":"https://abs.twimg.com/images/themes/theme1/bg.png","profile_background_tile":false,"profile_image_url":"http://pbs.twimg.com/profile_images/846307150703935488/_WU1B7sY_normal.jpg","profile_image_url_https":"https://pbs.twimg.com/profile_images/846307150703935488/_WU1B7sY_normal.jpg","profile_banner_url":"https://pbs.twimg.com/profile_banners/228727136/1491489775","profile_link_color":"1DA1F2","profile_sidebar_border_color":"C0DEED","profile_sidebar_fill_color":"DDEEF6","profile_text_color":"333333","profile_use_background_image":true,"has_extended_profile":false,"default_profile":true,"default_profile_image":false,"following":false,"follow_request_sent":false,"notifications":false,"translator_type":"none"},"geo":null,"coordinates":null,"place":null,"contributors":null,"is_quote_status":false,"retweet_count":942,"favorite_count":2893,"favorited":false,"retweeted":false,"possibly_sensitive":false,"lang":"ja"},{"created_at":"Wed Jul 19 10:25:53 +0000 2017","id":887619495182741500,"id_str":"887619495182741504","text":"本日Dirty Disco発売🎉\n皆様Check宜しくお願い致します🙇🏽\nそして、この後20:00〜ニコニコ生放送『メンバー全員出演〜屋形船からDirty Disco〜』に出演させて頂きますのでそちらも是非宜しくお願い致します🙏🏾… https://t.co/fCSydb1AxK","truncated":true,"entities":{"hashtags":[],"symbols":[],"user_mentions":[],"urls":[{"url":"https://t.co/fCSydb1AxK","expanded_url":"https://twitter.com/i/web/status/887619495182741504","display_url":"twitter.com/i/web/status/8…","indices":[117,140]}]},"metadata":{"iso_language_code":"ja","result_type":"recent"},"source":"<a href=\"http://twitter.com/download/iphone\" rel=\"nofollow\">Twitter for iPhone</a>","in_reply_to_status_id":null,"in_reply_to_status_id_str":null,"in_reply_to_user_id":null,"in_reply_to_user_id_str":null,"in_reply_to_screen_name":null,"user":{"id":703069848457228300,"id_str":"703069848457228288","name":"THE RAMPAGE OFFICIAL","screen_name":"therampagefext","location":"","description":"THE RAMPAGE from EXILE TRIBE Official account‼ https://t.co/b2w9QtZAv0","url":"https://t.co/OTrUwgzH9S","entities":{"url":{"urls":[{"url":"https://t.co/OTrUwgzH9S","expanded_url":"https://www.instagram.com/the_rampage_official/","display_url":"instagram.com/the_rampage_of…","indices":[0,23]}]},"description":{"urls":[{"url":"https://t.co/b2w9QtZAv0","expanded_url":"http://the-rampage.jp/","display_url":"the-rampage.jp","indices":[47,70]}]}},"protected":false,"followers_count":309669,"friends_count":96,"listed_count":759,"created_at":"Fri Feb 26 04:11:29 +0000 2016","favourites_count":14,"utc_offset":-25200,"time_zone":"Pacific Time (US & Canada)","geo_enabled":false,"verified":true,"statuses_count":1496,"lang":"ja","contributors_enabled":false,"is_translator":false,"is_translation_enabled":false,"profile_background_color":"F5F8FA","profile_background_image_url":null,"profile_background_image_url_https":null,"profile_background_tile":false,"profile_image_url":"http://pbs.twimg.com/profile_images/791561824906809344/38ndfy6N_normal.jpg","profile_image_url_https":"https://pbs.twimg.com/profile_images/791561824906809344/38ndfy6N_normal.jpg","profile_banner_url":"https://pbs.twimg.com/profile_banners/703069848457228288/1498890358","profile_link_color":"1DA1F2","profile_sidebar_border_color":"C0DEED","profile_sidebar_fill_color":"DDEEF6","profile_text_color":"333333","profile_use_background_image":true,"has_extended_profile":false,"default_profile":true,"default_profile_image":false,"following":false,"follow_request_sent":false,"notifications":false,"translator_type":"none"},"geo":null,"coordinates":null,"place":null,"contributors":null,"is_quote_status":false,"retweet_count":947,"favorite_count":6072,"favorited":false,"retweeted":false,"possibly_sensitive":false,"lang":"ja"},{"created_at":"Wed Jul 19 10:25:35 +0000 2017","id":887619420020985900,"id_str":"887619420020985857","text":"香取が作った、地元食材を使ったパンケーキです！！\n\nバーバーズの皆さんも、大喜びの美味しさでした!!!\n\n#おじゃマップ #おじゃＭＡＰ #フジテレビ https://t.co/0KlJBorjGV","truncated":false,"entities":{"hashtags":[{"text":"おじゃマップ","indices":[53,60]},{"text":"おじゃＭＡＰ","indices":[61,68]},{"text":"フジテレビ","indices":[69,75]}],"symbols":[],"user_mentions":[],"urls":[],"media":[{"id":887619417797820400,"id_str":"887619417797820416","indices":[76,99],"media_url":"http://pbs.twimg.com/media/DFF1KF2UAAAUWzd.jpg","media_url_https":"https://pbs.twimg.com/media/DFF1KF2UAAAUWzd.jpg","url":"https://t.co/0KlJBorjGV","display_url":"pic.twitter.com/0KlJBorjGV","expanded_url":"https://twitter.com/oja_map/status/887619420020985857/photo/1","type":"photo","sizes":{"small":{"w":680,"h":454,"resize":"fit"},"thumb":{"w":150,"h":150,"resize":"crop"},"medium":{"w":1024,"h":683,"resize":"fit"},"large":{"w":1024,"h":683,"resize":"fit"}}}]},"extended_entities":{"media":[{"id":887619417797820400,"id_str":"887619417797820416","indices":[76,99],"media_url":"http://pbs.twimg.com/media/DFF1KF2UAAAUWzd.jpg","media_url_https":"https://pbs.twimg.com/media/DFF1KF2UAAAUWzd.jpg","url":"https://t.co/0KlJBorjGV","display_url":"pic.twitter.com/0KlJBorjGV","expanded_url":"https://twitter.com/oja_map/status/887619420020985857/photo/1","type":"photo","sizes":{"small":{"w":680,"h":454,"resize":"fit"},"thumb":{"w":150,"h":150,"resize":"crop"},"medium":{"w":1024,"h":683,"resize":"fit"},"large":{"w":1024,"h":683,"resize":"fit"}}}]},"metadata":{"iso_language_code":"ja","result_type":"recent"},"source":"<a href=\"http://bufferapp.com\" rel=\"nofollow\">Buffer</a>","in_reply_to_status_id":null,"in_reply_to_status_id_str":null,"in_reply_to_user_id":null,"in_reply_to_user_id_str":null,"in_reply_to_screen_name":null,"user":{"id":838559106331893800,"id_str":"838559106331893760","name":"おじゃMAP!!【公式】","screen_name":"oja_map","location":"","description":"毎週水曜よる７時フジテレビ系列にて放送！なんでもありのロケバラエティ「おじゃＭＡＰ!!」国民的スター香取慎吾＆アンタッチャブル山崎弘也が日本中のあちこちにいきなりおじゃましちゃいます！ときには海外なんてことも…！？ハプニングあり！笑いあり！ときには感動の涙も？？どんな場所で、どんな出会いがあるのか！？ お楽しみに～！！","url":"https://t.co/28QcThpyWm","entities":{"url":{"urls":[{"url":"https://t.co/28QcThpyWm","expanded_url":"http://www.fujitv.co.jp/ojamap/","display_url":"fujitv.co.jp/ojamap/","indices":[0,23]}]},"description":{"urls":[]}},"protected":false,"followers_count":21550,"friends_count":0,"listed_count":86,"created_at":"Mon Mar 06 01:17:25 +0000 2017","favourites_count":0,"utc_offset":null,"time_zone":null,"geo_enabled":false,"verified":false,"statuses_count":131,"lang":"ja","contributors_enabled":false,"is_translator":false,"is_translation_enabled":false,"profile_background_color":"F5F8FA","profile_background_image_url":null,"profile_background_image_url_https":null,"profile_background_tile":false,"profile_image_url":"http://pbs.twimg.com/profile_images/846307384012156928/40B_NHFt_normal.jpg","profile_image_url_https":"https://pbs.twimg.com/profile_images/846307384012156928/40B_NHFt_normal.jpg","profile_banner_url":"https://pbs.twimg.com/profile_banners/838559106331893760/1490610688","profile_link_color":"1DA1F2","profile_sidebar_border_color":"C0DEED","profile_sidebar_fill_color":"DDEEF6","profile_text_color":"333333","profile_use_background_image":true,"has_extended_profile":false,"default_profile":true,"default_profile_image":false,"following":false,"follow_request_sent":false,"notifications":false,"translator_type":"none"},"geo":null,"coordinates":null,"place":null,"contributors":null,"is_quote_status":false,"retweet_count":929,"favorite_count":1326,"favorited":false,"retweeted":false,"possibly_sensitive":false,"lang":"ja"}],"search_metadata":{"completed_in":0.149,"max_id":887625874870222800,"max_id_str":"887625874870222848","next_results":"?max_id=887619420020985856&q=lang%3Aja%20min_retweets%3A500&include_entities=1","query":"lang%3Aja+min_retweets%3A500","refresh_url":"?since_id=887625874870222848&q=lang%3Aja%20min_retweets%3A500&include_entities=1","count":15,"since_id":0,"since_id_str":"0"}}