{"statuses":[{"created_at":"Wed Jul 19 15:01:46 +0000 2017","id":887688922557325300,"id_str":"887688922557325312","text":"ひとりじゃないよ\n#及川徹生誕祭2017 https://t.co/nZl2l1tpjX","truncated":false,"entities":{"hashtags":[{"text":"及川徹生誕祭2017","indices":[9,20]}],"symbols":[],"user_mentions":[],"urls":[],"media":[{"id":887688794501136400,"id_str":"887688794501136384","indices":[21,44],"media_url":"http://pbs.twimg.com/media/DFG0QWNVwAACKwP.png","media_url_https":"https://pbs.twimg.com/media/DFG0QWNVwAACKwP.png","url":"https://t.co/nZl2l1tpjX","display_url":"pic.twitter.com/nZl2l1tpjX","expanded_url":"https://twitter.com/sskz_gsr/status/887688922557325312/photo/1","type":"photo","sizes":{"thumb":{"w":150,"h":150,"resize":"crop"},"large":{"w":1200,"h":830,"resize":"fit"},"small":{"w":680,"h":470,"resize":"fit"},"medium":{"w":1200,"h":830,"resize":"fit"}}}]},"extended_entities":{"media":[{"id":887688794501136400,"id_str":"887688794501136384","indices":[21,44],"media_url":"http://pbs.twimg.com/media/DFG0QWNVwAACKwP.png","media_url_https":"https://pbs.twimg.com/media/DFG0QWNVwAACKwP.png","url":"https://t.co/nZl2l1tpjX","display_url":"pic.twitter.com/nZl2l1tpjX","expanded_url":"https://twitter.com/sskz_gsr/status/887688922557325312/photo/1","type":"photo","sizes":{"thumb":{"w":150,"h":150,"resize":"crop"},"large":{"w":1200,"h":830,"resize":"fit"},"small":{"w":680,"h":470,"resize":"fit"},"medium":{"w":1200,"h":830,"resize":"fit"}}}]},"metadata":{"iso_language_code":"ja","result_type":"recent"},"source":"<a href=\"https://about.twitter.com/products/tweetdeck\" rel=\"nofollow\">TweetDeck</a>","in_reply_to_status_id":null,"in_reply_to_status_id_str":null,"in_reply_to_user_id":null,"in_reply_to_user_id_str":null,"in_reply_to_screen_name":null,"user":{"id":118787649,"id_str":"118787649","name":"ぐさり🔪キヅナツキ","screen_name":"sskz_gsr","location":"刺傷","description":"キヅ ナツキ名義でCheri+で「ギヴン」連載。腐 雑食地雷ない方向け※稀にリプをします/I RARELY reply【転載は例外なく許可してません】質問への個別回答は致しかねる場合があります/通知オフ/浮上率低/20↑/商業誌は版元、グッズ関連はメーカーへお問合せ頂きますようお願いします/最近猫に飼われ始めた","url":"https://t.co/ytxVmG8DDd","entities":{"url":{"urls":[{"url":"https://t.co/ytxVmG8DDd","expanded_url":"http://www.pixiv.net/member.php?id=328608","display_url":"pixiv.net/member.php?id=…","indices":[0,23]}]},"description":{"urls":[]}},"protected":false,"followers_count":141953,"friends_count":32175,"listed_count":2825,"created_at":"Mon Mar 01 19:09:02 +0000 2010","favourites_count":924,"utc_offset":32400,"time_zone":"Tokyo","geo_enabled":false,"verified":false,"statuses_count":20107,"lang":"ja","contributors_enabled":false,"is_translator":false,"is_translation_enabled":false,"profile_background_color":"E6E6E6","profile_background_image_url":"http://pbs.twimg.com/profile_background_images/831695248/5bb753adfd1268bbc223867e555d91f6.jpeg","profile_background_image_url_https":"https://pbs.twimg.com/profile_background_images/831695248/5bb753adfd1268bbc223867e555d91f6.jpeg","profile_background_tile":true,"profile_image_url":"http://pbs.twimg.com/profile_images/781427460059430912/fW22Rq1a_normal.jpg","profile_image_url_https":"https://pbs.twimg.com/profile_images/781427460059430912/fW22Rq1a_normal.jpg","profile_link_color":"00E300","profile_sidebar_border_color":"000000","profile_sidebar_fill_color":"E06262","profile_text_color":"000000","profile_use_background_image":false,"has_extended_profile":true,"default_profile":false,"default_profile_image":false,"following":false,"follow_request_sent":false,"notifications":false,"translator_type":"none"},"geo":null,"coordinates":null,"place":null,"contributors":null,"is_quote_status":false,"retweet_count":1305,"favorite_count":2594,"favorited":false,"retweeted":false,"possibly_sensitive":false,"lang":"ja"},{"created_at":"Wed Jul 19 15:01:32 +0000 2017","id":887688866844495900,"id_str":"887688866844495872","text":"整理券配布の件、タワーレコードさんと打合せた内容をHPに記載するので少々お待ちを。当日券は混雑時、販売しない場合がありますが、前売券を持っているのにその日の整理券がもらえないということはありません。暑い中、何時間も列に皆さんが入場待機で並ぶのを避けるための整理券です。","truncated":false,"entities":{"hashtags":[],"symbols":[],"user_mentions":[],"urls":[]},"metadata":{"iso_language_code":"ja","result_type":"recent"},"source":"<a href=\"http://twitter.com/download/iphone\" rel=\"nofollow\">Twitter for iPhone</a>","in_reply_to_status_id":null,"in_reply_to_status_id_str":null,"in_reply_to_user_id":null,"in_reply_to_user_id_str":null,"in_reply_to_screen_name":null,"user":{"id":131254864,"id_str":"131254864","name":"テレウサ","screen_name":"tvusagi5","location":"六本木ヒルズ放送局","description":"お初なのです。テレウサです。 六本木ヒルズｕｍｕに住み、小耳にはさんだイベント業界の裏話なんかをつぶやくのです。兎イベントプロデューサーなのです。テレウサです。","url":"https://t.co/n5yWaXnKOc","entities":{"url":{"urls":[{"url":"https://t.co/n5yWaXnKOc","expanded_url":"http://tvusagi-blog.tumblr.com/","display_url":"tvusagi-blog.tumblr.com","indices":[0,23]}]},"description":{"urls":[]}},"protected":false,"followers_count":12701,"friends_count":21,"listed_count":536,"created_at":"Fri Apr 09 18:54:53 +0000 2010","favourites_count":0,"utc_offset":32400,"time_zone":"Tokyo","geo_enabled":true,"verified":false,"statuses_count":9316,"lang":"ja","contributors_enabled":false,"is_translator":false,"is_translation_enabled":false,"profile_background_color":"C0DEED","profile_background_image_url":"http://pbs.twimg.com/profile_background_images/241626967/tvusa.gif","profile_background_image_url_https":"https://pbs.twimg.com/profile_background_images/241626967/tvusa.gif","profile_background_tile":true,"profile_image_url":"http://pbs.twimg.com/profile_images/887171861523582977/nL2ZByaa_normal.jpg","profile_image_url_https":"https://pbs.twimg.com/profile_images/887171861523582977/nL2ZByaa_normal.jpg","profile_banner_url":"https://pbs.twimg.com/profile_banners/131254864/1436258843","profile_link_color":"0084B4","profile_sidebar_border_color":"C0DEED","profile_sidebar_fill_color":"DDEEF6","profile_text_color":"333333","profile_use_background_image":true,"has_extended_profile":true,"default_profile":false,"default_profile_image":false,"following":false,"follow_request_sent":false,"notifications":false,"translator_type":"none"},"geo":null,"coordinates":null,"place":null,"contributors":null,"is_quote_status":false,"retweet_count":889,"favorite_count":395,"favorited":false,"retweeted":false,"lang":"ja"},{"created_at":"Wed Jul 19 15:00:21 +0000 2017","id":887688569065787400,"id_str":"887688569065787397","text":"【Happy Birthday 神楽亜貴🎂】\n７月２０日は神楽亜貴の誕生日🎉美しい感覚の持ち主・神楽の生誕を記念して、今から７月２１日PM１２時００分まで神楽の排出率がUP⭐️期間限定のバースデーガチャを開催中です♪  #スタマイ https://t.co/wwnAcpbnVZ","truncated":false,"entities":{"hashtags":[{"text":"スタマイ","indices":[110,115]}],"symbols":[],"user_mentions":[],"urls":[],"media":[{"id":887688565685010400,"id_str":"887688565685010432","indices":[116,139],"media_url":"http://pbs.twimg.com/media/DFG0DBzUwAAvR6Y.png","media_url_https":"https://pbs.twimg.com/media/DFG0DBzUwAAvR6Y.png","url":"https://t.co/wwnAcpbnVZ","display_url":"pic.twitter.com/wwnAcpbnVZ","expanded_url":"https://twitter.com/myhero_info/status/887688569065787397/photo/1","type":"photo","sizes":{"small":{"w":680,"h":245,"resize":"fit"},"large":{"w":1000,"h":360,"resize":"fit"},"thumb":{"w":150,"h":150,"resize":"crop"},"medium":{"w":1000,"h":360,"resize":"fit"}}}]},"extended_entities":{"media":[{"id":887688565685010400,"id_str":"887688565685010432","indices":[116,139],"media_url":"http://pbs.twimg.com/media/DFG0DBzUwAAvR6Y.png","media_url_https":"https://pbs.twimg.com/media/DFG0DBzUwAAvR6Y.png","url":"https://t.co/wwnAcpbnVZ","display_url":"pic.twitter.com/wwnAcpbnVZ","expanded_url":"https://twitter.com/myhero_info/status/887688569065787397/photo/1","type":"photo","sizes":{"small":{"w":680,"h":245,"resize":"fit"},"large":{"w":1000,"h":360,"resize":"fit"},"thumb":{"w":150,"h":150,"resize":"crop"},"medium":{"w":1000,"h":360,"resize":"fit"}}}]},"metadata":{"iso_language_code":"ja","result_type":"recent"},"source":"<a href=\"http://www.hootsuite.com\" rel=\"nofollow\">Hootsuite</a>","in_reply_to_status_id":null,"in_reply_to_status_id_str":null,"in_reply_to_user_id":null,"in_reply_to_user_id_str":null,"in_reply_to_screen_name":null,"user":{"id":720551938731814900,"id_str":"720551938731814912","name":"【公式】スタンドマイヒーローズ","screen_name":"myhero_info","location":"","description":"２０人以上の豪華声優陣登場！女性向けスマホパズル×シナリオゲーム「スタンド マイヒーローズ」の公式アカウントです！ #スタマイ 個別返信は行っておりません。お問い合わせはゲームのタイトル画面よりお願い致します。【colyオフィシャルグッズストア https://t.co/GvFFkpPHYk 】","url":"https://t.co/wtjjk5YJTk","entities":{"url":{"urls":[{"url":"https://t.co/wtjjk5YJTk","expanded_url":"http://colyinc.com/myhero/","display_url":"colyinc.com/myhero/","indices":[0,23]}]},"description":{"urls":[{"url":"https://t.co/GvFFkpPHYk","expanded_url":"http://coly-shop.com/","display_url":"coly-shop.com","indices":[123,146]}]}},"protected":false,"followers_count":64726,"friends_count":49,"listed_count":782,"created_at":"Thu Apr 14 09:59:04 +0000 2016","favourites_count":227,"utc_offset":-25200,"time_zone":"Pacific Time (US & Canada)","geo_enabled":false,"verified":false,"statuses_count":1093,"lang":"ja","contributors_enabled":false,"is_translator":false,"is_translation_enabled":false,"profile_background_color":"F5F8FA","profile_background_image_url":null,"profile_background_image_url_https":null,"profile_background_tile":false,"profile_image_url":"http://pbs.twimg.com/profile_images/836752394331414528/ASQ7EMr9_normal.jpg","profile_image_url_https":"https://pbs.twimg.com/profile_images/836752394331414528/ASQ7EMr9_normal.jpg","profile_banner_url":"https://pbs.twimg.com/profile_banners/720551938731814912/1486981055","profile_link_color":"1DA1F2","profile_sidebar_border_color":"C0DEED","profile_sidebar_fill_color":"DDEEF6","profile_text_color":"333333","profile_use_background_image":true,"has_extended_profile":false,"default_profile":true,"default_profile_image":false,"following":false,"follow_request_sent":false,"notifications":false,"translator_type":"none"},"geo":null,"coordinates":null,"place":null,"contributors":null,"is_quote_status":false,"retweet_count":824,"favorite_count":900,"favorited":false,"retweeted":false,"possibly_sensitive":false,"lang":"ja"},{"created_at":"Wed Jul 19 15:00:04 +0000 2017","id":887688496239882200,"id_str":"887688496239882240","text":"【毎日RTキャンペーン第5弾】\n\nぷよクエ×サクラ大戦コラボ決定！\nこのツイートをRTすると、抽選で1名様に[★5] ジェミニ・サンライズをプレゼント! \n〆切は7月23日! \n#ぷよクエ\n#サクラ大戦\n#プレゼント… https://t.co/188TO1ps2L","truncated":true,"entities":{"hashtags":[{"text":"ぷよクエ","indices":[89,94]},{"text":"サクラ大戦","indices":[95,101]},{"text":"プレゼント","indices":[102,108]}],"symbols":[],"user_mentions":[],"urls":[{"url":"https://t.co/188TO1ps2L","expanded_url":"https://twitter.com/i/web/status/887688496239882240","display_url":"twitter.com/i/web/status/8…","indices":[110,133]}]},"metadata":{"iso_language_code":"ja","result_type":"recent"},"source":"<a href=\"https://studio.twitter.com\" rel=\"nofollow\">Media Studio</a>","in_reply_to_status_id":null,"in_reply_to_status_id_str":null,"in_reply_to_user_id":null,"in_reply_to_user_id_str":null,"in_reply_to_screen_name":null,"user":{"id":1147032848,"id_str":"1147032848","name":"ぷよぷよ!!クエスト公式(ぷよクエ)","screen_name":"puyoquest","location":"プワープアイランド","description":"『ぷよぷよ!!クエスト』公式Twitterアカウントです。 iOS・Android好評配信中! 1700万ダウンロード達成✨ ◆インスタグラム⇒https://t.co/j0cISLF4t7 ◆生放送⇒https://t.co/8AzCul0LTx ◆お問合せ⇒https://t.co/iOeHztXFwL","url":"https://t.co/mnL8BJSe1a","entities":{"url":{"urls":[{"url":"https://t.co/mnL8BJSe1a","expanded_url":"http://puyopuyoquest.sega-net.com/","display_url":"puyopuyoquest.sega-net.com","indices":[0,23]}]},"description":{"urls":[{"url":"https://t.co/j0cISLF4t7","expanded_url":"http://sgap.ps/puyoinsta","display_url":"sgap.ps/puyoinsta","indices":[72,95]},{"url":"https://t.co/8AzCul0LTx","expanded_url":"http://sgap.ps/puyoperi","display_url":"sgap.ps/puyoperi","indices":[101,124]},{"url":"https://t.co/iOeHztXFwL","expanded_url":"http://sgap.ps/contact","display_url":"sgap.ps/contact","indices":[131,154]}]}},"protected":false,"followers_count":115383,"friends_count":57825,"listed_count":1107,"created_at":"Mon Feb 04 04:32:06 +0000 2013","favourites_count":769,"utc_offset":32400,"time_zone":"Tokyo","geo_enabled":false,"verified":true,"statuses_count":1458,"lang":"ja","contributors_enabled":false,"is_translator":false,"is_translation_enabled":false,"profile_background_color":"000000","profile_background_image_url":"http://abs.twimg.com/images/themes/theme4/bg.gif","profile_background_image_url_https":"https://abs.twimg.com/images/themes/theme4/bg.gif","profile_background_tile":false,"profile_image_url":"http://pbs.twimg.com/profile_images/875526848330874881/JK9itJS9_normal.jpg","profile_image_url_https":"https://pbs.twimg.com/profile_images/875526848330874881/JK9itJS9_normal.jpg","profile_banner_url":"https://pbs.twimg.com/profile_banners/1147032848/1500331994","profile_link_color":"89C9FA","profile_sidebar_border_color":"000000","profile_sidebar_fill_color":"000000","profile_text_color":"000000","profile_use_background_image":false,"has_extended_profile":false,"default_profile":false,"default_profile_image":false,"following":false,"follow_request_sent":false,"notifications":false,"translator_type":"none"},"geo":null,"coordinates":null,"place":null,"contributors":null,"is_quote_status":false,"retweet_count":861,"favorite_count":145,"favorited":false,"retweeted":false,"possibly_sensitive":false,"lang":"ja"},{"created_at":"Wed Jul 19 15:00:03 +0000 2017","id":887688493496807400,"id_str":"887688493496807424","text":"明日7/21 (金)は『スプラトゥーン2』の発売日だ。\n今までの思い出にナイス！これからのバトルにカモン！\n1万2千年後のイカの世界に飛び込もう。\n#明日はイカだ\nhttps://t.co/tRMTvwGi9U https://t.co/GmO2LqHzlv","truncated":false,"entities":{"hashtags":[{"text":"明日はイカだ","indices":[74,81]}],"symbols":[],"user_mentions":[],"urls":[{"url":"https://t.co/tRMTvwGi9U","expanded_url":"https://www.nintendo.co.jp/switch/aab6a/index.html","display_url":"nintendo.co.jp/switch/aab6a/i…","indices":[82,105]}],"media":[{"id":885647587490922500,"id_str":"885647587490922496","indices":[106,129],"media_url":"http://pbs.twimg.com/media/DEpzydiUAAA0J4P.jpg","media_url_https":"https://pbs.twimg.com/media/DEpzydiUAAA0J4P.jpg","url":"https://t.co/GmO2LqHzlv","display_url":"pic.twitter.com/GmO2LqHzlv","expanded_url":"https://twitter.com/SplatoonJP/status/887688493496807424/photo/1","type":"photo","sizes":{"thumb":{"w":150,"h":150,"resize":"crop"},"large":{"w":2000,"h":1125,"resize":"fit"},"medium":{"w":1200,"h":675,"resize":"fit"},"small":{"w":680,"h":383,"resize":"fit"}}}]},"extended_entities":{"media":[{"id":885647587490922500,"id_str":"885647587490922496","indices":[106,129],"media_url":"http://pbs.twimg.com/media/DEpzydiUAAA0J4P.jpg","media_url_https":"https://pbs.twimg.com/media/DEpzydiUAAA0J4P.jpg","url":"https://t.co/GmO2LqHzlv","display_url":"pic.twitter.com/GmO2LqHzlv","expanded_url":"https://twitter.com/SplatoonJP/status/887688493496807424/photo/1","type":"photo","sizes":{"thumb":{"w":150,"h":150,"resize":"crop"},"large":{"w":2000,"h":1125,"resize":"fit"},"medium":{"w":1200,"h":675,"resize":"fit"},"small":{"w":680,"h":383,"resize":"fit"}}}]},"metadata":{"iso_language_code":"ja","result_type":"recent"},"source":"<a href=\"https://ads.twitter.com\" rel=\"nofollow\">Twitter Ads</a>","in_reply_to_status_id":null,"in_reply_to_status_id_str":null,"in_reply_to_user_id":null,"in_reply_to_user_id_str":null,"in_reply_to_screen_name":null,"user":{"id":2888006497,"id_str":"2888006497","name":"Splatoon（スプラトゥーン）","screen_name":"SplatoonJP","location":"","description":"『スプラトゥーン』公式総合アカウント。イカ研究所の調査報告（ゲーム情報）やお知らせをお伝えします。最新作の『スプラトゥーン2』は2017年7月21日（金）発売予定。ご質問・お問い合わせにはお答えしておりませんのでご容赦ください。 ※イカ研究所は実在の人物、団体とは一切関係ございません。","url":"https://t.co/yCMNfZlVpz","entities":{"url":{"urls":[{"url":"https://t.co/yCMNfZlVpz","expanded_url":"https://www.nintendo.co.jp/switch/aab6a/index.html","display_url":"nintendo.co.jp/switch/aab6a/i…","indices":[0,23]}]},"description":{"urls":[]}},"protected":false,"followers_count":665634,"friends_count":1,"listed_count":6478,"created_at":"Mon Nov 03 01:36:06 +0000 2014","favourites_count":0,"utc_offset":32400,"time_zone":"Tokyo","geo_enabled":false,"verified":true,"statuses_count":1477,"lang":"ja","contributors_enabled":false,"is_translator":false,"is_translation_enabled":false,"profile_background_color":"000000","profile_background_image_url":"http://pbs.twimg.com/profile_background_images/530105343452274688/WJl6dNx5.jpeg","profile_background_image_url_https":"https://pbs.twimg.com/profile_background_images/530105343452274688/WJl6dNx5.jpeg","profile_background_tile":false,"profile_image_url":"http://pbs.twimg.com/profile_images/819765217957552132/1WftJJM1_normal.jpg","profile_image_url_https":"https://pbs.twimg.com/profile_images/819765217957552132/1WftJJM1_normal.jpg","profile_banner_url":"https://pbs.twimg.com/profile_banners/2888006497/1484282224","profile_link_color":"000000","profile_sidebar_border_color":"000000","profile_sidebar_fill_color":"E3E2DE","profile_text_color":"634047","profile_use_background_image":true,"has_extended_profile":false,"default_profile":false,"default_profile_image":false,"following":false,"follow_request_sent":false,"notifications":false,"translator_type":"none"},"geo":null,"coordinates":null,"place":null,"contributors":null,"is_quote_status":false,"retweet_count":8461,"favorite_count":9667,"favorited":false,"retweeted":false,"possibly_sensitive":false,"lang":"ja"},{"created_at":"Wed Jul 19 14:55:56 +0000 2017","id":887687454735585300,"id_str":"887687454735585281","text":"この後24時〜SHOWROOM「AKB48のオールナイトニッポン 欅坂46SP 超直前SP！」に尾関、織田、小池、菅井、長沢、加藤、京子、高瀬が出演します📻\nぜひご覧ください‼️\n#欅坂46\n#けやき坂46\n#SHOWROOM\nhttps://t.co/shYi8uw6Ap","truncated":false,"entities":{"hashtags":[{"text":"欅坂46","indices":[90,95]},{"text":"けやき坂46","indices":[96,103]},{"text":"SHOWROOM","indices":[104,113]}],"symbols":[],"user_mentions":[],"urls":[{"url":"https://t.co/shYi8uw6Ap","expanded_url":"https://www.showroom-live.com/pre_allnightnippon","display_url":"showroom-live.com/pre_allnightni…","indices":[114,137]}]},"metadata":{"iso_language_code":"ja","result_type":"recent"},"source":"<a href=\"http://www.echofon.com/\" rel=\"nofollow\">Echofon</a>","in_reply_to_status_id":null,"in_reply_to_status_id_str":null,"in_reply_to_user_id":null,"in_reply_to_user_id_str":null,"in_reply_to_screen_name":null,"user":{"id":3433403638,"id_str":"3433403638","name":"欅坂46","screen_name":"keyakizaka46","location":"","description":"秋元康 総合プロデュース、乃木坂46に続く「坂道シリーズ」第2弾。2015年8月21日、乃木坂46結成から4年後の同じ日・同じ場所で結成。応募総数22,509名の中から選ばれたメンバーで2016年4月6日「サイレントマジョリティー」でデビュー!2017年7月19日1stアルバム「真っ白なものは汚したくなる」リリース予定","url":"https://t.co/Rpjth8X8lU","entities":{"url":{"urls":[{"url":"https://t.co/Rpjth8X8lU","expanded_url":"http://www.keyakizaka46.com/","display_url":"keyakizaka46.com","indices":[0,23]}]},"description":{"urls":[]}},"protected":false,"followers_count":436770,"friends_count":0,"listed_count":2163,"created_at":"Thu Aug 20 22:00:08 +0000 2015","favourites_count":0,"utc_offset":null,"time_zone":null,"geo_enabled":false,"verified":true,"statuses_count":944,"lang":"ja","contributors_enabled":false,"is_translator":false,"is_translation_enabled":false,"profile_background_color":"000000","profile_background_image_url":"http://abs.twimg.com/images/themes/theme1/bg.png","profile_background_image_url_https":"https://abs.twimg.com/images/themes/theme1/bg.png","profile_background_tile":false,"profile_image_url":"http://pbs.twimg.com/profile_images/875580356996415488/tN4jYZEL_normal.jpg","profile_image_url_https":"https://pbs.twimg.com/profile_images/875580356996415488/tN4jYZEL_normal.jpg","profile_banner_url":"https://pbs.twimg.com/profile_banners/3433403638/1450171390","profile_link_color":"5FB955","profile_sidebar_border_color":"000000","profile_sidebar_fill_color":"000000","profile_text_color":"000000","profile_use_background_image":false,"has_extended_profile":false,"default_profile":false,"default_profile_image":false,"following":false,"follow_request_sent":false,"notifications":false,"translator_type":"none"},"geo":null,"coordinates":null,"place":null,"contributors":null,"is_quote_status":false,"retweet_count":693,"favorite_count":2134,"favorited":false,"retweeted":false,"possibly_sensitive":false,"lang":"ja"},{"created_at":"Wed Jul 19 14:55:49 +0000 2017","id":887687424783941600,"id_str":"887687424783941632","text":"占いの人に2016年は最悪だとカードで出てました、って言われたけどそんなん占わなくても誰でもわかるわ、って思いました。","truncated":false,"entities":{"hashtags":[],"symbols":[],"user_mentions":[],"urls":[]},"metadata":{"iso_language_code":"ja","result_type":"recent"},"source":"<a href=\"http://twitter.com/download/iphone\" rel=\"nofollow\">Twitter for iPhone</a>","in_reply_to_status_id":null,"in_reply_to_status_id_str":null,"in_reply_to_user_id":null,"in_reply_to_user_id_str":null,"in_reply_to_screen_name":null,"user":{"id":136914199,"id_str":"136914199","name":"enon kawatani","screen_name":"indigolaEnd","location":"突然川谷","description":"川谷絵音です。indigo la End(@indigo_la_End)のVoGt・作詞作曲、そして「ゲスの極み乙女。」(@gesu_otome)のVoGtSyn・作詞作曲、さらにDADARAY(@DADARAY_)にも関わってます。https://t.co/PN05efo5cA","url":"https://t.co/w9p69AVZaD","entities":{"url":{"urls":[{"url":"https://t.co/w9p69AVZaD","expanded_url":"http://ailovei.com/?p=15591","display_url":"ailovei.com/?p=15591","indices":[0,23]}]},"description":{"urls":[{"url":"https://t.co/PN05efo5cA","expanded_url":"https://Instagram.com/indigolaend/","display_url":"Instagram.com/indigolaend/","indices":[117,140]}]}},"protected":false,"followers_count":248917,"friends_count":362,"listed_count":3302,"created_at":"Sun Apr 25 07:33:51 +0000 2010","favourites_count":26,"utc_offset":32400,"time_zone":"Tokyo","geo_enabled":false,"verified":true,"statuses_count":25466,"lang":"ja","contributors_enabled":false,"is_translator":false,"is_translation_enabled":false,"profile_background_color":"C0DEED","profile_background_image_url":"http://abs.twimg.com/images/themes/theme1/bg.png","profile_background_image_url_https":"https://abs.twimg.com/images/themes/theme1/bg.png","profile_background_tile":false,"profile_image_url":"http://pbs.twimg.com/profile_images/860740351660761089/A2Y5Mwnu_normal.jpg","profile_image_url_https":"https://pbs.twimg.com/profile_images/860740351660761089/A2Y5Mwnu_normal.jpg","profile_banner_url":"https://pbs.twimg.com/profile_banners/136914199/1427953521","profile_link_color":"1DA1F2","profile_sidebar_border_color":"C0DEED","profile_sidebar_fill_color":"DDEEF6","profile_text_color":"333333","profile_use_background_image":true,"has_extended_profile":true,"default_profile":true,"default_profile_image":false,"following":false,"follow_request_sent":false,"notifications":false,"translator_type":"none"},"geo":null,"coordinates":null,"place":null,"contributors":null,"is_quote_status":false,"retweet_count":747,"favorite_count":2710,"favorited":false,"retweeted":false,"lang":"ja"},{"created_at":"Wed Jul 19 14:54:33 +0000 2017","id":887687107765968900,"id_str":"887687107765968896","text":"立海戦観劇しました！\n\nあっという間に終わった感覚です。\n\n1試合1試合、手に汗握りながら応援していました！\nそして、自分もまた試合したいな〜なんて思ったり。笑\n\nテニミュ最高！！\n\n#立海三強\n#宇野さん\n#懐かしき仲間 https://t.co/ZvmwTgY7sw","truncated":false,"entities":{"hashtags":[{"text":"立海三強","indices":[92,97]},{"text":"宇野さん","indices":[98,103]},{"text":"懐かしき仲間","indices":[104,111]}],"symbols":[],"user_mentions":[],"urls":[],"media":[{"id":887687099213688800,"id_str":"887687099213688832","indices":[112,135],"media_url":"http://pbs.twimg.com/media/DFGytqxUMAArhMp.jpg","media_url_https":"https://pbs.twimg.com/media/DFGytqxUMAArhMp.jpg","url":"https://t.co/ZvmwTgY7sw","display_url":"pic.twitter.com/ZvmwTgY7sw","expanded_url":"https://twitter.com/hirokimiura0324/status/887687107765968896/photo/1","type":"photo","sizes":{"medium":{"w":1000,"h":750,"resize":"fit"},"small":{"w":680,"h":510,"resize":"fit"},"thumb":{"w":150,"h":150,"resize":"crop"},"large":{"w":1000,"h":750,"resize":"fit"}}}]},"extended_entities":{"media":[{"id":887687099213688800,"id_str":"887687099213688832","indices":[112,135],"media_url":"http://pbs.twimg.com/media/DFGytqxUMAArhMp.jpg","media_url_https":"https://pbs.twimg.com/media/DFGytqxUMAArhMp.jpg","url":"https://t.co/ZvmwTgY7sw","display_url":"pic.twitter.com/ZvmwTgY7sw","expanded_url":"https://twitter.com/hirokimiura0324/status/887687107765968896/photo/1","type":"photo","sizes":{"medium":{"w":1000,"h":750,"resize":"fit"},"small":{"w":680,"h":510,"resize":"fit"},"thumb":{"w":150,"h":150,"resize":"crop"},"large":{"w":1000,"h":750,"resize":"fit"}}},{"id":887687099213692900,"id_str":"887687099213692928","indices":[112,135],"media_url":"http://pbs.twimg.com/media/DFGytqxUQAAFJUt.jpg","media_url_https":"https://pbs.twimg.com/media/DFGytqxUQAAFJUt.jpg","url":"https://t.co/ZvmwTgY7sw","display_url":"pic.twitter.com/ZvmwTgY7sw","expanded_url":"https://twitter.com/hirokimiura0324/status/887687107765968896/photo/1","type":"photo","sizes":{"large":{"w":1000,"h":750,"resize":"fit"},"small":{"w":680,"h":510,"resize":"fit"},"thumb":{"w":150,"h":150,"resize":"crop"},"medium":{"w":1000,"h":750,"resize":"fit"}}},{"id":887687099213729800,"id_str":"887687099213729792","indices":[112,135],"media_url":"http://pbs.twimg.com/media/DFGytqxU0AARGpA.jpg","media_url_https":"https://pbs.twimg.com/media/DFGytqxU0AARGpA.jpg","url":"https://t.co/ZvmwTgY7sw","display_url":"pic.twitter.com/ZvmwTgY7sw","expanded_url":"https://twitter.com/hirokimiura0324/status/887687107765968896/photo/1","type":"photo","sizes":{"medium":{"w":1000,"h":750,"resize":"fit"},"large":{"w":1000,"h":750,"resize":"fit"},"thumb":{"w":150,"h":150,"resize":"crop"},"small":{"w":680,"h":510,"resize":"fit"}}}]},"metadata":{"iso_language_code":"ja","result_type":"recent"},"source":"<a href=\"http://twitter.com/download/iphone\" rel=\"nofollow\">Twitter for iPhone</a>","in_reply_to_status_id":null,"in_reply_to_status_id_str":null,"in_reply_to_user_id":null,"in_reply_to_user_id_str":null,"in_reply_to_screen_name":null,"user":{"id":2971528177,"id_str":"2971528177","name":"三浦宏規","screen_name":"hirokimiura0324","location":"","description":"","url":"https://t.co/uh6XFQbQ9H","entities":{"url":{"urls":[{"url":"https://t.co/uh6XFQbQ9H","expanded_url":"http://miurahiroki.com","display_url":"miurahiroki.com","indices":[0,23]}]},"description":{"urls":[]}},"protected":false,"followers_count":21693,"friends_count":157,"listed_count":1033,"created_at":"Sat Jan 10 08:59:11 +0000 2015","favourites_count":200,"utc_offset":null,"time_zone":null,"geo_enabled":false,"verified":false,"statuses_count":737,"lang":"ja","contributors_enabled":false,"is_translator":false,"is_translation_enabled":false,"profile_background_color":"C0DEED","profile_background_image_url":"http://abs.twimg.com/images/themes/theme1/bg.png","profile_background_image_url_https":"https://abs.twimg.com/images/themes/theme1/bg.png","profile_background_tile":false,"profile_image_url":"http://pbs.twimg.com/profile_images/819870527611277313/YifDD1r5_normal.jpg","profile_image_url_https":"https://pbs.twimg.com/profile_images/819870527611277313/YifDD1r5_normal.jpg","profile_banner_url":"https://pbs.twimg.com/profile_banners/2971528177/1499953547","profile_link_color":"1DA1F2","profile_sidebar_border_color":"C0DEED","profile_sidebar_fill_color":"DDEEF6","profile_text_color":"333333","profile_use_background_image":true,"has_extended_profile":true,"default_profile":true,"default_profile_image":false,"following":false,"follow_request_sent":false,"notifications":false,"translator_type":"none"},"geo":null,"coordinates":null,"place":null,"contributors":null,"is_quote_status":false,"retweet_count":724,"favorite_count":1368,"favorited":false,"retweeted":false,"possibly_sensitive":false,"lang":"ja"},{"created_at":"Wed Jul 19 14:53:08 +0000 2017","id":887686751828844500,"id_str":"887686751828844545","text":"今日のカナやんはTV収録♫\n\nNew Single『Girls』\nCD発売に先駆けて先行フル配信\nスタート🌈\nカップリング曲「Go Fight Win!」「YOKUBARI」も同時先行配信… https://t.co/eOhK3XNuqm","truncated":true,"entities":{"hashtags":[],"symbols":[],"user_mentions":[],"urls":[{"url":"https://t.co/eOhK3XNuqm","expanded_url":"https://twitter.com/i/web/status/887686751828844545","display_url":"twitter.com/i/web/status/8…","indices":[96,119]}]},"metadata":{"iso_language_code":"ja","result_type":"recent"},"source":"<a href=\"http://twitter.com/download/iphone\" rel=\"nofollow\">Twitter for iPhone</a>","in_reply_to_status_id":null,"in_reply_to_status_id_str":null,"in_reply_to_user_id":null,"in_reply_to_user_id_str":null,"in_reply_to_screen_name":null,"user":{"id":156597014,"id_str":"156597014","name":"西野カナ","screen_name":"kanayanofficial","location":"ソニー・ミュージックアーティスツ","description":"西野カナ& 西野カナSTAFFの公式Twitterアカウント 🌈『Girls』7/26リリース！先行フル配信中https://t.co/6HVVqKV3fh 🌈ドームツアーチケット発売中【京セラドーム大阪SOLD OUT‼︎】https://t.co/KJ7Cois4WT","url":"https://t.co/GnTfSMl6Fj","entities":{"url":{"urls":[{"url":"https://t.co/GnTfSMl6Fj","expanded_url":"http://www.nishinokana.com/","display_url":"nishinokana.com","indices":[0,23]}]},"description":{"urls":[{"url":"https://t.co/6HVVqKV3fh","expanded_url":"https://nishinokana.lnk.to/Girls-DL","display_url":"nishinokana.lnk.to/Girls-DL","indices":[55,78]},{"url":"https://t.co/KJ7Cois4WT","expanded_url":"http://www.nishinoke.jp/dome2017/","display_url":"nishinoke.jp/dome2017/","indices":[113,136]}]}},"protected":false,"followers_count":846233,"friends_count":0,"listed_count":2036,"created_at":"Thu Jun 17 10:40:35 +0000 2010","favourites_count":95,"utc_offset":32400,"time_zone":"Tokyo","geo_enabled":false,"verified":true,"statuses_count":778,"lang":"ja","contributors_enabled":false,"is_translator":false,"is_translation_enabled":false,"profile_background_color":"ACDED6","profile_background_image_url":"http://abs.twimg.com/images/themes/theme18/bg.gif","profile_background_image_url_https":"https://abs.twimg.com/images/themes/theme18/bg.gif","profile_background_tile":false,"profile_image_url":"http://pbs.twimg.com/profile_images/874827202403024896/9V7tpUV6_normal.jpg","profile_image_url_https":"https://pbs.twimg.com/profile_images/874827202403024896/9V7tpUV6_normal.jpg","profile_banner_url":"https://pbs.twimg.com/profile_banners/156597014/1498446221","profile_link_color":"038543","profile_sidebar_border_color":"EEEEEE","profile_sidebar_fill_color":"F6F6F6","profile_text_color":"333333","profile_use_background_image":true,"has_extended_profile":false,"default_profile":false,"default_profile_image":false,"following":false,"follow_request_sent":false,"notifications":false,"translator_type":"none"},"geo":null,"coordinates":null,"place":null,"contributors":null,"is_quote_status":false,"retweet_count":660,"favorite_count":2381,"favorited":false,"retweeted":false,"possibly_sensitive":false,"lang":"ja"},{"created_at":"Wed Jul 19 14:50:41 +0000 2017","id":887686133257084900,"id_str":"887686133257084928","text":"夏なので1万RTで坊主にします\n坊主見たい人いたら\nRTしてくださいね爆笑\n\n#坊主にします\n#1万RT\n#RT","truncated":false,"entities":{"hashtags":[{"text":"坊主にします","indices":[39,46]},{"text":"1万RT","indices":[47,52]},{"text":"RT","indices":[53,56]}],"symbols":[],"user_mentions":[],"urls":[]},"metadata":{"iso_language_code":"ja","result_type":"recent"},"source":"<a href=\"http://twitter.com/download/iphone\" rel=\"nofollow\">Twitter for iPhone</a>","in_reply_to_status_id":null,"in_reply_to_status_id_str":null,"in_reply_to_user_id":null,"in_reply_to_user_id_str":null,"in_reply_to_screen_name":null,"user":{"id":817618838736891900,"id_str":"817618838736891904","name":"DJ 銀太【レペゼン地球】","screen_name":"DJ_GINTA_NEW","location":"ぎんぎんぎんた","description":"【生まれた時から銀髪】【あなたをシルバーワールドへご招待】【全裸の上から洋服を着るくらい変態】【シルバースマイル】【年中無休下ネタ】【5454ダンス】【YSP】【動画投稿】【元祖おっぱいわっしょい】DMはこちらに→@ginta_gin_gin","url":"https://t.co/3MHo724KjR","entities":{"url":{"urls":[{"url":"https://t.co/3MHo724KjR","expanded_url":"https://www.instagram.com/dj_ginta/","display_url":"instagram.com/dj_ginta/","indices":[0,23]}]},"description":{"urls":[]}},"protected":false,"followers_count":38800,"friends_count":123,"listed_count":35,"created_at":"Sat Jan 07 06:28:16 +0000 2017","favourites_count":17035,"utc_offset":-25200,"time_zone":"Pacific Time (US & Canada)","geo_enabled":false,"verified":false,"statuses_count":91,"lang":"ja","contributors_enabled":false,"is_translator":false,"is_translation_enabled":false,"profile_background_color":"F5F8FA","profile_background_image_url":null,"profile_background_image_url_https":null,"profile_background_tile":false,"profile_image_url":"http://pbs.twimg.com/profile_images/824201051846807552/8USaqKmT_normal.jpg","profile_image_url_https":"https://pbs.twimg.com/profile_images/824201051846807552/8USaqKmT_normal.jpg","profile_banner_url":"https://pbs.twimg.com/profile_banners/817618838736891904/1497525964","profile_link_color":"1DA1F2","profile_sidebar_border_color":"C0DEED","profile_sidebar_fill_color":"DDEEF6","profile_text_color":"333333","profile_use_background_image":true,"has_extended_profile":true,"default_profile":true,"default_profile_image":false,"following":false,"follow_request_sent":false,"notifications":false,"translator_type":"none"},"geo":null,"coordinates":null,"place":null,"contributors":null,"is_quote_status":false,"retweet_count":967,"favorite_count":519,"favorited":false,"retweeted":false,"lang":"ja"},{"created_at":"Wed Jul 19 14:44:12 +0000 2017","id":887684502381666300,"id_str":"887684502381666304","text":"7.26 E-girls Love☆Queen\nrelease🖤🖤🖤\n#明日は大阪でハイタッチ会\n#Egirls#LoveQueen\n#待ってます🙌🏻✨\n藤井 夏恋 https://t.co/79y6CH1LlY","truncated":false,"entities":{"hashtags":[{"text":"明日は大阪でハイタッチ会","indices":[35,48]},{"text":"待ってます","indices":[67,73]}],"symbols":[],"user_mentions":[],"urls":[],"media":[{"id":887684490465730600,"id_str":"887684490465730560","indices":[83,106],"media_url":"http://pbs.twimg.com/media/DFGwV0bVYAAkQNV.jpg","media_url_https":"https://pbs.twimg.com/media/DFGwV0bVYAAkQNV.jpg","url":"https://t.co/79y6CH1LlY","display_url":"pic.twitter.com/79y6CH1LlY","expanded_url":"https://twitter.com/Happiness__LDH/status/887684502381666304/photo/1","type":"photo","sizes":{"large":{"w":1080,"h":1440,"resize":"fit"},"thumb":{"w":150,"h":150,"resize":"crop"},"medium":{"w":900,"h":1200,"resize":"fit"},"small":{"w":510,"h":680,"resize":"fit"}}}]},"extended_entities":{"media":[{"id":887684490465730600,"id_str":"887684490465730560","indices":[83,106],"media_url":"http://pbs.twimg.com/media/DFGwV0bVYAAkQNV.jpg","media_url_https":"https://pbs.twimg.com/media/DFGwV0bVYAAkQNV.jpg","url":"https://t.co/79y6CH1LlY","display_url":"pic.twitter.com/79y6CH1LlY","expanded_url":"https://twitter.com/Happiness__LDH/status/887684502381666304/photo/1","type":"photo","sizes":{"large":{"w":1080,"h":1440,"resize":"fit"},"thumb":{"w":150,"h":150,"resize":"crop"},"medium":{"w":900,"h":1200,"resize":"fit"},"small":{"w":510,"h":680,"resize":"fit"}}}]},"metadata":{"iso_language_code":"ja","result_type":"recent"},"source":"<a href=\"http://twitter.com/download/iphone\" rel=\"nofollow\">Twitter for iPhone</a>","in_reply_to_status_id":null,"in_reply_to_status_id_str":null,"in_reply_to_user_id":null,"in_reply_to_user_id_str":null,"in_reply_to_screen_name":null,"user":{"id":1560787860,"id_str":"1560787860","name":"Happiness","screen_name":"Happiness__LDH","location":"","description":"SAYAKA、楓、藤井夏恋、MIYUU、YURINO、須田アンナ、川本璃からなるガールズパフォーマンスグループ。 2017年9月New SingleをRelease!!","url":"https://t.co/1zlO2H4jbA","entities":{"url":{"urls":[{"url":"https://t.co/1zlO2H4jbA","expanded_url":"http://www.happiness-ldh.jp/","display_url":"happiness-ldh.jp","indices":[0,23]}]},"description":{"urls":[]}},"protected":false,"followers_count":992319,"friends_count":53,"listed_count":2172,"created_at":"Mon Jul 01 15:35:42 +0000 2013","favourites_count":12,"utc_offset":32400,"time_zone":"Tokyo","geo_enabled":false,"verified":true,"statuses_count":3369,"lang":"ja","contributors_enabled":false,"is_translator":false,"is_translation_enabled":false,"profile_background_color":"525141","profile_background_image_url":"http://abs.twimg.com/images/themes/theme11/bg.gif","profile_background_image_url_https":"https://abs.twimg.com/images/themes/theme11/bg.gif","profile_background_tile":true,"profile_image_url":"http://pbs.twimg.com/profile_images/824065207248916480/FMRzYcqd_normal.jpg","profile_image_url_https":"https://pbs.twimg.com/profile_images/824065207248916480/FMRzYcqd_normal.jpg","profile_banner_url":"https://pbs.twimg.com/profile_banners/1560787860/1496603809","profile_link_color":"594859","profile_sidebar_border_color":"000000","profile_sidebar_fill_color":"DDEEF6","profile_text_color":"333333","profile_use_background_image":false,"has_extended_profile":false,"default_profile":false,"default_profile_image":false,"following":false,"follow_request_sent":false,"notifications":false,"translator_type":"none"},"geo":null,"coordinates":null,"place":null,"contributors":null,"is_quote_status":false,"retweet_count":2057,"favorite_count":13234,"favorited":false,"retweeted":false,"possibly_sensitive":false,"lang":"ja"},{"created_at":"Wed Jul 19 14:40:28 +0000 2017","id":887683563071524900,"id_str":"887683563071524865","text":"美容室で髪の毛を整えました。\nフォルムがお気に入りです！！！ https://t.co/u1FfgTARRb","truncated":false,"entities":{"hashtags":[],"symbols":[],"user_mentions":[],"urls":[],"media":[{"id":887683557056852000,"id_str":"887683557056851968","indices":[31,54],"media_url":"http://pbs.twimg.com/media/DFGvffNUMAAoJ36.jpg","media_url_https":"https://pbs.twimg.com/media/DFGvffNUMAAoJ36.jpg","url":"https://t.co/u1FfgTARRb","display_url":"pic.twitter.com/u1FfgTARRb","expanded_url":"https://twitter.com/aimi_sound/status/887683563071524865/photo/1","type":"photo","sizes":{"large":{"w":1000,"h":750,"resize":"fit"},"small":{"w":680,"h":510,"resize":"fit"},"thumb":{"w":150,"h":150,"resize":"crop"},"medium":{"w":1000,"h":750,"resize":"fit"}}}]},"extended_entities":{"media":[{"id":887683557056852000,"id_str":"887683557056851968","indices":[31,54],"media_url":"http://pbs.twimg.com/media/DFGvffNUMAAoJ36.jpg","media_url_https":"https://pbs.twimg.com/media/DFGvffNUMAAoJ36.jpg","url":"https://t.co/u1FfgTARRb","display_url":"pic.twitter.com/u1FfgTARRb","expanded_url":"https://twitter.com/aimi_sound/status/887683563071524865/photo/1","type":"photo","sizes":{"large":{"w":1000,"h":750,"resize":"fit"},"small":{"w":680,"h":510,"resize":"fit"},"thumb":{"w":150,"h":150,"resize":"crop"},"medium":{"w":1000,"h":750,"resize":"fit"}}}]},"metadata":{"iso_language_code":"ja","result_type":"recent"},"source":"<a href=\"http://twitter.com/download/iphone\" rel=\"nofollow\">Twitter for iPhone</a>","in_reply_to_status_id":null,"in_reply_to_status_id_str":null,"in_reply_to_user_id":null,"in_reply_to_user_id_str":null,"in_reply_to_screen_name":null,"user":{"id":253177157,"id_str":"253177157","name":"愛美","screen_name":"aimi_sound","location":"HiBiKi","description":"AIMI（1991/12/25） VoiceActress/Singer","url":"https://t.co/G2gMi4HcrN","entities":{"url":{"urls":[{"url":"https://t.co/G2gMi4HcrN","expanded_url":"https://www.instagram.com/aimin_official/","display_url":"instagram.com/aimin_official/","indices":[0,23]}]},"description":{"urls":[]}},"protected":false,"followers_count":131916,"friends_count":560,"listed_count":5172,"created_at":"Wed Feb 16 18:24:01 +0000 2011","favourites_count":151,"utc_offset":32400,"time_zone":"Tokyo","geo_enabled":false,"verified":false,"statuses_count":18277,"lang":"ja","contributors_enabled":false,"is_translator":false,"is_translation_enabled":false,"profile_background_color":"C0DEED","profile_background_image_url":"http://pbs.twimg.com/profile_background_images/210029488/aimi-texture0.jpg","profile_background_image_url_https":"https://pbs.twimg.com/profile_background_images/210029488/aimi-texture0.jpg","profile_background_tile":true,"profile_image_url":"http://pbs.twimg.com/profile_images/857779009806974977/OLLZmr8K_normal.jpg","profile_image_url_https":"https://pbs.twimg.com/profile_images/857779009806974977/OLLZmr8K_normal.jpg","profile_banner_url":"https://pbs.twimg.com/profile_banners/253177157/1471715658","profile_link_color":"0084B4","profile_sidebar_border_color":"C0DEED","profile_sidebar_fill_color":"DDEEF6","profile_text_color":"333333","profile_use_background_image":true,"has_extended_profile":false,"default_profile":false,"default_profile_image":false,"following":false,"follow_request_sent":false,"notifications":false,"translator_type":"none"},"geo":null,"coordinates":null,"place":null,"contributors":null,"is_quote_status":false,"retweet_count":533,"favorite_count":1710,"favorited":false,"retweeted":false,"possibly_sensitive":false,"lang":"ja"},{"created_at":"Wed Jul 19 14:39:17 +0000 2017","id":887683266999967700,"id_str":"887683266999967745","text":"コールドストーンのソフトクリーム知ってる！？！？！？！？めちゃくちゃ美味いの！！！！！！！\n\n#コールドストーン https://t.co/JTTTyQdvwe","truncated":false,"entities":{"hashtags":[{"text":"コールドストーン","indices":[47,56]}],"symbols":[],"user_mentions":[],"urls":[{"url":"https://t.co/JTTTyQdvwe","expanded_url":"https://www.instagram.com/p/BWu1d9elIOB/","display_url":"instagram.com/p/BWu1d9elIOB/","indices":[57,80]}]},"metadata":{"iso_language_code":"ja","result_type":"recent"},"source":"<a href=\"http://instagram.com\" rel=\"nofollow\">Instagram</a>","in_reply_to_status_id":null,"in_reply_to_status_id_str":null,"in_reply_to_user_id":null,"in_reply_to_user_id_str":null,"in_reply_to_screen_name":null,"user":{"id":276033275,"id_str":"276033275","name":"江口拓也（えぐちたくや）","screen_name":"egutakuya","location":"日本","description":"声優やってます。よろしくお願いします！\nInstagram→ https://t.co/MSnCMR5YcM","url":"http://t.co/X12wt6U95x","entities":{"url":{"urls":[{"url":"http://t.co/X12wt6U95x","expanded_url":"http://egutaku.exblog.jp/","display_url":"egutaku.exblog.jp","indices":[0,22]}]},"description":{"urls":[{"url":"https://t.co/MSnCMR5YcM","expanded_url":"http://instagram.com/takuyaeguchi81","display_url":"instagram.com/takuyaeguchi81","indices":[31,54]}]}},"protected":false,"followers_count":659378,"friends_count":937,"listed_count":13320,"created_at":"Sat Apr 02 14:20:25 +0000 2011","favourites_count":22,"utc_offset":32400,"time_zone":"Tokyo","geo_enabled":false,"verified":true,"statuses_count":20809,"lang":"ja","contributors_enabled":false,"is_translator":false,"is_translation_enabled":false,"profile_background_color":"B2DFDA","profile_background_image_url":"http://abs.twimg.com/images/themes/theme13/bg.gif","profile_background_image_url_https":"https://abs.twimg.com/images/themes/theme13/bg.gif","profile_background_tile":false,"profile_image_url":"http://pbs.twimg.com/profile_images/875660149653880832/hz6MCiGl_normal.jpg","profile_image_url_https":"https://pbs.twimg.com/profile_images/875660149653880832/hz6MCiGl_normal.jpg","profile_link_color":"93A644","profile_sidebar_border_color":"EEEEEE","profile_sidebar_fill_color":"FFFFFF","profile_text_color":"333333","profile_use_background_image":true,"has_extended_profile":false,"default_profile":false,"default_profile_image":false,"following":false,"follow_request_sent":false,"notifications":false,"translator_type":"none"},"geo":null,"coordinates":null,"place":null,"contributors":null,"is_quote_status":false,"retweet_count":619,"favorite_count":2239,"favorited":false,"retweeted":false,"possibly_sensitive":false,"lang":"ja"},{"created_at":"Wed Jul 19 14:34:33 +0000 2017","id":887682074957578200,"id_str":"887682074957578240","text":"静まれぃ！\n静まるんじゃ無い！\n\nほんと迷台詞。\n何回思い出しても笑っちゃう。","truncated":false,"entities":{"hashtags":[],"symbols":[],"user_mentions":[],"urls":[]},"metadata":{"iso_language_code":"ja","result_type":"recent"},"source":"<a href=\"http://www.echofon.com/\" rel=\"nofollow\">Echofon</a>","in_reply_to_status_id":null,"in_reply_to_status_id_str":null,"in_reply_to_user_id":null,"in_reply_to_user_id_str":null,"in_reply_to_screen_name":null,"user":{"id":125002121,"id_str":"125002121","name":"安元洋貴","screen_name":"__yasumoto__","location":"日本","description":"とても人に恵まれています。感謝。\nきっと人生前借り中。","url":null,"entities":{"description":{"urls":[]}},"protected":false,"followers_count":669921,"friends_count":577,"listed_count":16410,"created_at":"Sun Mar 21 10:03:04 +0000 2010","favourites_count":12,"utc_offset":32400,"time_zone":"Tokyo","geo_enabled":false,"verified":false,"statuses_count":30380,"lang":"ja","contributors_enabled":false,"is_translator":false,"is_translation_enabled":false,"profile_background_color":"131516","profile_background_image_url":"http://abs.twimg.com/images/themes/theme14/bg.gif","profile_background_image_url_https":"https://abs.twimg.com/images/themes/theme14/bg.gif","profile_background_tile":true,"profile_image_url":"http://pbs.twimg.com/profile_images/516177467027894272/R7x5R5Xi_normal.jpeg","profile_image_url_https":"https://pbs.twimg.com/profile_images/516177467027894272/R7x5R5Xi_normal.jpeg","profile_link_color":"009999","profile_sidebar_border_color":"EEEEEE","profile_sidebar_fill_color":"EFEFEF","profile_text_color":"333333","profile_use_background_image":true,"has_extended_profile":false,"default_profile":false,"default_profile_image":false,"following":false,"follow_request_sent":false,"notifications":false,"translator_type":"none"},"geo":null,"coordinates":null,"place":null,"contributors":null,"is_quote_status":false,"retweet_count":701,"favorite_count":1897,"favorited":false,"retweeted":false,"lang":"ja"},{"created_at":"Wed Jul 19 14:33:45 +0000 2017","id":887681871915622400,"id_str":"887681871915622400","text":"下から神威 https://t.co/8Jq7hh31sl","truncated":false,"entities":{"hashtags":[],"symbols":[],"user_mentions":[],"urls":[],"media":[{"id":887681868069457900,"id_str":"887681868069457921","indices":[6,29],"media_url":"http://pbs.twimg.com/media/DFGt9LPV0AE_6qH.jpg","media_url_https":"https://pbs.twimg.com/media/DFGt9LPV0AE_6qH.jpg","url":"https://t.co/8Jq7hh31sl","display_url":"pic.twitter.com/8Jq7hh31sl","expanded_url":"https://twitter.com/fbctwit/status/887681871915622400/photo/1","type":"photo","sizes":{"medium":{"w":800,"h":1053,"resize":"fit"},"large":{"w":800,"h":1053,"resize":"fit"},"small":{"w":517,"h":680,"resize":"fit"},"thumb":{"w":150,"h":150,"resize":"crop"}}}]},"extended_entities":{"media":[{"id":887681868069457900,"id_str":"887681868069457921","indices":[6,29],"media_url":"http://pbs.twimg.com/media/DFGt9LPV0AE_6qH.jpg","media_url_https":"https://pbs.twimg.com/media/DFGt9LPV0AE_6qH.jpg","url":"https://t.co/8Jq7hh31sl","display_url":"pic.twitter.com/8Jq7hh31sl","expanded_url":"https://twitter.com/fbctwit/status/887681871915622400/photo/1","type":"photo","sizes":{"medium":{"w":800,"h":1053,"resize":"fit"},"large":{"w":800,"h":1053,"resize":"fit"},"small":{"w":517,"h":680,"resize":"fit"},"thumb":{"w":150,"h":150,"resize":"crop"}}}]},"metadata":{"iso_language_code":"ja","result_type":"recent"},"source":"<a href=\"https://sites.google.com/site/tweentwitterclient/\" rel=\"nofollow\">Tween</a>","in_reply_to_status_id":null,"in_reply_to_status_id_str":null,"in_reply_to_user_id":null,"in_reply_to_user_id_str":null,"in_reply_to_screen_name":null,"user":{"id":25703941,"id_str":"25703941","name":"ＦＢＣ","screen_name":"fbctwit","location":"東京都","description":"最新作　https://t.co/b0z2nA2pZ3  漫画家・イラストレーター。RT多め。フォローリムーブお気軽に。 Pixiv：https://t.co/wVk5rUUnPo  お題箱貯まったんでちょっと控えます～","url":"http://t.co/vlrBuws8tK","entities":{"url":{"urls":[{"url":"http://t.co/vlrBuws8tK","expanded_url":"http://thefbc.sakura.ne.jp/","display_url":"thefbc.sakura.ne.jp","indices":[0,22]}]},"description":{"urls":[{"url":"https://t.co/b0z2nA2pZ3","expanded_url":"http://thefbc.sakura.ne.jp/suidon2tokuten","display_url":"thefbc.sakura.ne.jp/suidon2tokuten","indices":[4,27]},{"url":"https://t.co/wVk5rUUnPo","expanded_url":"http://www.pixiv.net/member.php?id=464","display_url":"pixiv.net/member.php?id=…","indices":[67,90]}]}},"protected":false,"followers_count":18135,"friends_count":686,"listed_count":680,"created_at":"Sat Mar 21 17:57:35 +0000 2009","favourites_count":21,"utc_offset":32400,"time_zone":"Tokyo","geo_enabled":false,"verified":false,"statuses_count":97653,"lang":"ja","contributors_enabled":false,"is_translator":false,"is_translation_enabled":false,"profile_background_color":"352726","profile_background_image_url":"http://abs.twimg.com/images/themes/theme5/bg.gif","profile_background_image_url_https":"https://abs.twimg.com/images/themes/theme5/bg.gif","profile_background_tile":false,"profile_image_url":"http://pbs.twimg.com/profile_images/581804328396058624/dHcK_Wak_normal.png","profile_image_url_https":"https://pbs.twimg.com/profile_images/581804328396058624/dHcK_Wak_normal.png","profile_banner_url":"https://pbs.twimg.com/profile_banners/25703941/1401369582","profile_link_color":"961D46","profile_sidebar_border_color":"829D5E","profile_sidebar_fill_color":"99CC33","profile_text_color":"3E4415","profile_use_background_image":true,"has_extended_profile":false,"default_profile":false,"default_profile_image":false,"following":false,"follow_request_sent":false,"notifications":false,"translator_type":"none"},"geo":null,"coordinates":null,"place":null,"contributors":null,"is_quote_status":false,"retweet_count":786,"favorite_count":2198,"favorited":false,"retweeted":false,"possibly_sensitive":true,"lang":"ja"}],"search_metadata":{"completed_in":0.129,"max_id":887688922557325300,"max_id_str":"887688922557325312","next_results":"?max_id=887681871915622399&q=lang%3Aja%20min_retweets%3A500&include_entities=1","query":"lang%3Aja+min_retweets%3A500","refresh_url":"?since_id=887688922557325312&q=lang%3Aja%20min_retweets%3A500&include_entities=1","count":15,"since_id":0,"since_id_str":"0"}}