{"statuses":[{"created_at":"Tue Jul 18 03:41:38 +0000 2017","id":887155375279030300,"id_str":"887155375279030272","text":"【訃報】俳優・砂川啓介さん死去 80歳、認知症の妻・大山のぶ代を残し…\nhttps://t.co/UGbbwiO4sV\n\n15年に発売した壮絶な介護生活をつづった著書では、「病気の君を置いて先には死ねないよ」と伝えていたが、無念の… https://t.co/vuPB8El9F9","truncated":true,"entities":{"hashtags":[],"symbols":[],"user_mentions":[],"urls":[{"url":"https://t.co/UGbbwiO4sV","expanded_url":"http://news.livedoor.com/article/detail/13351766/","display_url":"news.livedoor.com/article/detail…","indices":[36,59]},{"url":"https://t.co/vuPB8El9F9","expanded_url":"https://twitter.com/i/web/status/887155375279030272","display_url":"twitter.com/i/web/status/8…","indices":[117,140]}]},"metadata":{"iso_language_code":"ja","result_type":"recent"},"source":"<a href=\"http://twitter.com\" rel=\"nofollow\">Twitter Web Client</a>","in_reply_to_status_id":null,"in_reply_to_status_id_str":null,"in_reply_to_user_id":null,"in_reply_to_user_id_str":null,"in_reply_to_screen_name":null,"user":{"id":17306975,"id_str":"17306975","name":"ライブドアニュース","screen_name":"livedoornews","location":"","description":"LINE →https://t.co/yhJO0o7Jns／FB → https://t.co/LHTCuyIEjr／インスタ／→https://t.co/SpmVgPtfCG","url":"http://t.co/Q4Bh3OCfgY","entities":{"url":{"urls":[{"url":"http://t.co/Q4Bh3OCfgY","expanded_url":null,"indices":[0,22]}]},"description":{"urls":[]}},"protected":false,"followers_count":429986,"friends_count":88,"listed_count":6132,"created_at":"Tue Nov 11 09:56:31 +0000 2008","favourites_count":2608,"utc_offset":32400,"time_zone":"Tokyo","geo_enabled":false,"verified":true,"statuses_count":176931,"lang":"ja","contributors_enabled":false,"is_translator":false,"is_translation_enabled":false,"profile_background_color":"FFFFFF","profile_background_image_url":"http://pbs.twimg.com/profile_background_images/378800000085828060/4b07c1d868c917fb65a3d64a20904cd5.jpeg","profile_background_image_url_https":"https://pbs.twimg.com/profile_background_images/378800000085828060/4b07c1d868c917fb65a3d64a20904cd5.jpeg","profile_background_tile":false,"profile_image_url":"http://pbs.twimg.com/profile_images/875662964988166149/whdJTD2I_normal.jpg","profile_image_url_https":"https://pbs.twimg.com/profile_images/875662964988166149/whdJTD2I_normal.jpg","profile_link_color":"51ADD4","profile_sidebar_border_color":"FFFFFF","profile_sidebar_fill_color":"95E8EC","profile_text_color":"3C3940","profile_use_background_image":true,"has_extended_profile":false,"default_profile":false,"default_profile_image":false,"following":false,"follow_request_sent":false,"notifications":false,"translator_type":"none"},"geo":null,"coordinates":null,"place":null,"contributors":null,"is_quote_status":false,"retweet_count":981,"favorite_count":280,"favorited":false,"retweeted":false,"possibly_sensitive":false,"lang":"ja"},{"created_at":"Tue Jul 18 03:36:06 +0000 2017","id":887153983000764400,"id_str":"887153983000764416","text":"★7/18 メンテナンスのお知らせ★\nサーバー調整のため、本日14:00～17:00メンテナンスを行わせて頂きます。大変ご迷惑をお掛け致しますが、ご協力の程宜しくお願いいたします。※メンテナンス時間は前後する場合がございます。","truncated":false,"entities":{"hashtags":[],"symbols":[],"user_mentions":[],"urls":[]},"metadata":{"iso_language_code":"ja","result_type":"recent"},"source":"<a href=\"http://twitter.com\" rel=\"nofollow\">Twitter Web Client</a>","in_reply_to_status_id":null,"in_reply_to_status_id_str":null,"in_reply_to_user_id":null,"in_reply_to_user_id_str":null,"in_reply_to_screen_name":null,"user":{"id":768448988626333700,"id_str":"768448988626333697","name":"【公式】A3!（エースリー）","screen_name":"mankai_company","location":"","description":"１月２７日（金）配信スタート！イケメン役者育成アプリ『A3!』公式Twitterアカウントです。 ハッシュタグは #エースリー アプリに関するお問合せは、アプリ内「サポート」または公式HP内のお問合せフォームよりお願いいたします。","url":"https://t.co/BVvtqOsoYc","entities":{"url":{"urls":[{"url":"https://t.co/BVvtqOsoYc","expanded_url":"http://www.a3-liber.jp/","display_url":"a3-liber.jp","indices":[0,23]}]},"description":{"urls":[]}},"protected":false,"followers_count":303266,"friends_count":54,"listed_count":2699,"created_at":"Wed Aug 24 14:04:50 +0000 2016","favourites_count":0,"utc_offset":-25200,"time_zone":"Pacific Time (US & Canada)","geo_enabled":false,"verified":true,"statuses_count":807,"lang":"ja","contributors_enabled":false,"is_translator":false,"is_translation_enabled":false,"profile_background_color":"000000","profile_background_image_url":"http://abs.twimg.com/images/themes/theme1/bg.png","profile_background_image_url_https":"https://abs.twimg.com/images/themes/theme1/bg.png","profile_background_tile":false,"profile_image_url":"http://pbs.twimg.com/profile_images/848187532135153664/VeXZsEYh_normal.jpg","profile_image_url_https":"https://pbs.twimg.com/profile_images/848187532135153664/VeXZsEYh_normal.jpg","profile_banner_url":"https://pbs.twimg.com/profile_banners/768448988626333697/1476954146","profile_link_color":"1B95E0","profile_sidebar_border_color":"000000","profile_sidebar_fill_color":"000000","profile_text_color":"000000","profile_use_background_image":false,"has_extended_profile":false,"default_profile":false,"default_profile_image":false,"following":false,"follow_request_sent":false,"notifications":false,"translator_type":"none"},"geo":null,"coordinates":null,"place":null,"contributors":null,"is_quote_status":false,"retweet_count":599,"favorite_count":1290,"favorited":false,"retweeted":false,"lang":"ja"},{"created_at":"Tue Jul 18 03:35:11 +0000 2017","id":887153752322433000,"id_str":"887153752322433024","text":"【大山のぶ代さん夫 砂川氏死去】大山のぶ代さんの夫で、俳優の砂川啓介さんが11日に亡くなったことが分かった。砂川さんは2013年に初期の胃がんの手術を受けている。認知症で闘病中の大山さんの介護を続けていた。 https://t.co/YZv94WgGz3","truncated":false,"entities":{"hashtags":[],"symbols":[],"user_mentions":[],"urls":[{"url":"https://t.co/YZv94WgGz3","expanded_url":"https://yahoo.jp/QFjdIY","display_url":"yahoo.jp/QFjdIY","indices":[104,127]}]},"metadata":{"iso_language_code":"ja","result_type":"recent"},"source":"<a href=\"http://dailynews.yahoo.co.jp/fc/\" rel=\"nofollow\">ヤフトピbot</a>","in_reply_to_status_id":null,"in_reply_to_status_id_str":null,"in_reply_to_user_id":null,"in_reply_to_user_id_str":null,"in_reply_to_screen_name":null,"user":{"id":88846085,"id_str":"88846085","name":"Yahoo!ニュース","screen_name":"YahooNewsTopics","location":"","description":"Yahoo!ニュースの公式アカウントです。365日24時間、Yahoo! JAPANトップページに掲出される話題を速報でお届け。※株式会社アフロ社提供の写真を使用している場合があります。","url":"https://t.co/PORT0VCtyG","entities":{"url":{"urls":[{"url":"https://t.co/PORT0VCtyG","expanded_url":"https://news.yahoo.co.jp/","display_url":"news.yahoo.co.jp","indices":[0,23]}]},"description":{"urls":[]}},"protected":false,"followers_count":304884,"friends_count":8,"listed_count":12339,"created_at":"Tue Nov 10 03:59:51 +0000 2009","favourites_count":0,"utc_offset":32400,"time_zone":"Tokyo","geo_enabled":false,"verified":true,"statuses_count":254391,"lang":"ja","contributors_enabled":false,"is_translator":false,"is_translation_enabled":false,"profile_background_color":"DFD7C7","profile_background_image_url":"http://pbs.twimg.com/profile_background_images/56797173/background.jpg","profile_background_image_url_https":"https://pbs.twimg.com/profile_background_images/56797173/background.jpg","profile_background_tile":true,"profile_image_url":"http://pbs.twimg.com/profile_images/875506779743895552/jqN_tEe4_normal.jpg","profile_image_url_https":"https://pbs.twimg.com/profile_images/875506779743895552/jqN_tEe4_normal.jpg","profile_banner_url":"https://pbs.twimg.com/profile_banners/88846085/1490596288","profile_link_color":"0084B4","profile_sidebar_border_color":"A1A33B","profile_sidebar_fill_color":"FFFCDE","profile_text_color":"333333","profile_use_background_image":true,"has_extended_profile":false,"default_profile":false,"default_profile_image":false,"following":false,"follow_request_sent":false,"notifications":false,"translator_type":"none"},"geo":null,"coordinates":null,"place":null,"contributors":null,"is_quote_status":false,"retweet_count":1694,"favorite_count":337,"favorited":false,"retweeted":false,"possibly_sensitive":false,"lang":"ja"},{"created_at":"Tue Jul 18 03:10:02 +0000 2017","id":887147421016350700,"id_str":"887147421016350720","text":"Happy Birthday‼🎊\n今日はファミリー、ヴィン・ディーゼルの誕生日だ🙌🏻🎉🎂\n#ワイスピ #ワイルドスピード https://t.co/mPW9QeFqiV","truncated":false,"entities":{"hashtags":[{"text":"ワイスピ","indices":[45,50]},{"text":"ワイルドスピード","indices":[51,60]}],"symbols":[],"user_mentions":[],"urls":[],"media":[{"id":887139275657039900,"id_str":"887139275657039872","indices":[61,84],"media_url":"http://pbs.twimg.com/media/DE_AeI_V0AAasZI.jpg","media_url_https":"https://pbs.twimg.com/media/DE_AeI_V0AAasZI.jpg","url":"https://t.co/mPW9QeFqiV","display_url":"pic.twitter.com/mPW9QeFqiV","expanded_url":"https://twitter.com/WildSpeed_jp/status/887147421016350720/photo/1","type":"photo","sizes":{"small":{"w":680,"h":453,"resize":"fit"},"medium":{"w":1200,"h":800,"resize":"fit"},"thumb":{"w":150,"h":150,"resize":"crop"},"large":{"w":1280,"h":853,"resize":"fit"}}}]},"extended_entities":{"media":[{"id":887139275657039900,"id_str":"887139275657039872","indices":[61,84],"media_url":"http://pbs.twimg.com/media/DE_AeI_V0AAasZI.jpg","media_url_https":"https://pbs.twimg.com/media/DE_AeI_V0AAasZI.jpg","url":"https://t.co/mPW9QeFqiV","display_url":"pic.twitter.com/mPW9QeFqiV","expanded_url":"https://twitter.com/WildSpeed_jp/status/887147421016350720/photo/1","type":"photo","sizes":{"small":{"w":680,"h":453,"resize":"fit"},"medium":{"w":1200,"h":800,"resize":"fit"},"thumb":{"w":150,"h":150,"resize":"crop"},"large":{"w":1280,"h":853,"resize":"fit"}}}]},"metadata":{"iso_language_code":"ja","result_type":"recent"},"source":"<a href=\"https://ads.twitter.com\" rel=\"nofollow\">Twitter Ads</a>","in_reply_to_status_id":null,"in_reply_to_status_id_str":null,"in_reply_to_user_id":null,"in_reply_to_user_id_str":null,"in_reply_to_screen_name":null,"user":{"id":226504785,"id_str":"226504785","name":"ワイルド・スピード","screen_name":"WildSpeed_jp","location":"","description":"あらゆる常識を覆す「ワイルド・スピード」シリーズ公式アカウント。 待望の最新作『ワイルド・スピード ＩＣＥ ＢＲＥＡＫ』大ヒット公開中！！2017年春、あらゆるものが”崩壊”する！？","url":"http://t.co/BZ1Rn4CZun","entities":{"url":{"urls":[{"url":"http://t.co/BZ1Rn4CZun","expanded_url":"http://wildspeed-official.jp/","display_url":"wildspeed-official.jp","indices":[0,22]}]},"description":{"urls":[]}},"protected":false,"followers_count":169191,"friends_count":682,"listed_count":305,"created_at":"Tue Dec 14 09:47:19 +0000 2010","favourites_count":5,"utc_offset":32400,"time_zone":"Tokyo","geo_enabled":false,"verified":true,"statuses_count":1055,"lang":"ja","contributors_enabled":false,"is_translator":false,"is_translation_enabled":false,"profile_background_color":"000000","profile_background_image_url":"http://pbs.twimg.com/profile_background_images/530557391163514880/nRcAgibM.jpeg","profile_background_image_url_https":"https://pbs.twimg.com/profile_background_images/530557391163514880/nRcAgibM.jpeg","profile_background_tile":false,"profile_image_url":"http://pbs.twimg.com/profile_images/808124769891516416/gGHVq58Z_normal.jpg","profile_image_url_https":"https://pbs.twimg.com/profile_images/808124769891516416/gGHVq58Z_normal.jpg","profile_banner_url":"https://pbs.twimg.com/profile_banners/226504785/1493368309","profile_link_color":"009999","profile_sidebar_border_color":"000000","profile_sidebar_fill_color":"EFEFEF","profile_text_color":"333333","profile_use_background_image":true,"has_extended_profile":false,"default_profile":false,"default_profile_image":false,"following":false,"follow_request_sent":false,"notifications":false,"translator_type":"none"},"geo":null,"coordinates":null,"place":null,"contributors":null,"is_quote_status":false,"retweet_count":1360,"favorite_count":2652,"favorited":false,"retweeted":false,"possibly_sensitive":false,"lang":"ja"},{"created_at":"Tue Jul 18 03:09:50 +0000 2017","id":887147373666816000,"id_str":"887147373666816000","text":"【カルデア広報局より】\n「幕間の物語キャンペーン」の幕間の物語AP消費1/2は明日、7月19日(水)12:59までとなりますので、ご注意ください。 #FateGO https://t.co/depaiD8yyn","truncated":false,"entities":{"hashtags":[{"text":"FateGO","indices":[74,81]}],"symbols":[],"user_mentions":[],"urls":[],"media":[{"id":887147173330145300,"id_str":"887147173330145280","indices":[82,105],"media_url":"http://pbs.twimg.com/media/DE_Hp2HV0AALD38.jpg","media_url_https":"https://pbs.twimg.com/media/DE_Hp2HV0AALD38.jpg","url":"https://t.co/depaiD8yyn","display_url":"pic.twitter.com/depaiD8yyn","expanded_url":"https://twitter.com/fgoproject/status/887147373666816000/photo/1","type":"photo","sizes":{"small":{"w":506,"h":189,"resize":"fit"},"thumb":{"w":150,"h":150,"resize":"crop"},"medium":{"w":506,"h":189,"resize":"fit"},"large":{"w":506,"h":189,"resize":"fit"}}}]},"extended_entities":{"media":[{"id":887147173330145300,"id_str":"887147173330145280","indices":[82,105],"media_url":"http://pbs.twimg.com/media/DE_Hp2HV0AALD38.jpg","media_url_https":"https://pbs.twimg.com/media/DE_Hp2HV0AALD38.jpg","url":"https://t.co/depaiD8yyn","display_url":"pic.twitter.com/depaiD8yyn","expanded_url":"https://twitter.com/fgoproject/status/887147373666816000/photo/1","type":"photo","sizes":{"small":{"w":506,"h":189,"resize":"fit"},"thumb":{"w":150,"h":150,"resize":"crop"},"medium":{"w":506,"h":189,"resize":"fit"},"large":{"w":506,"h":189,"resize":"fit"}}}]},"metadata":{"iso_language_code":"ja","result_type":"recent"},"source":"<a href=\"http://twitter.com\" rel=\"nofollow\">Twitter Web Client</a>","in_reply_to_status_id":null,"in_reply_to_status_id_str":null,"in_reply_to_user_id":null,"in_reply_to_user_id_str":null,"in_reply_to_screen_name":null,"user":{"id":2968069742,"id_str":"2968069742","name":"【公式】Fate/Grand Order","screen_name":"fgoproject","location":"","description":"TYPE-MOONが贈る、新たな「Fate」RPG「Fate/Grand Order」公式アカウント。カルデア広報局より、皆様に最新情報をお届けします！公式ハッシュタグ → #FateGO","url":"http://t.co/NtAp9EJPBj","entities":{"url":{"urls":[{"url":"http://t.co/NtAp9EJPBj","expanded_url":"http://www.fate-go.jp/","display_url":"fate-go.jp","indices":[0,22]}]},"description":{"urls":[]}},"protected":false,"followers_count":726547,"friends_count":0,"listed_count":8879,"created_at":"Fri Jan 09 04:12:09 +0000 2015","favourites_count":0,"utc_offset":32400,"time_zone":"Seoul","geo_enabled":false,"verified":true,"statuses_count":1951,"lang":"ja","contributors_enabled":false,"is_translator":false,"is_translation_enabled":false,"profile_background_color":"C0DEED","profile_background_image_url":"http://abs.twimg.com/images/themes/theme1/bg.png","profile_background_image_url_https":"https://abs.twimg.com/images/themes/theme1/bg.png","profile_background_tile":false,"profile_image_url":"http://pbs.twimg.com/profile_images/848188127462031361/LR9bGs9q_normal.jpg","profile_image_url_https":"https://pbs.twimg.com/profile_images/848188127462031361/LR9bGs9q_normal.jpg","profile_banner_url":"https://pbs.twimg.com/profile_banners/2968069742/1491058804","profile_link_color":"3B94D9","profile_sidebar_border_color":"C0DEED","profile_sidebar_fill_color":"DDEEF6","profile_text_color":"333333","profile_use_background_image":true,"has_extended_profile":false,"default_profile":false,"default_profile_image":false,"following":false,"follow_request_sent":false,"notifications":false,"translator_type":"none"},"geo":null,"coordinates":null,"place":null,"contributors":null,"is_quote_status":false,"retweet_count":609,"favorite_count":664,"favorited":false,"retweeted":false,"possibly_sensitive":false,"lang":"ja"},{"created_at":"Tue Jul 18 03:08:50 +0000 2017","id":887147121014521900,"id_str":"887147121014521856","text":"さて！\nなんだかんだ言ってると、もうすぐファンクラブイベント！\nもうあとは準備を進めるだけ！\n\n楽しみだな〜！誕生日の次の日に皆に会えるのが嬉しすぎる！","truncated":false,"entities":{"hashtags":[],"symbols":[],"user_mentions":[],"urls":[]},"metadata":{"iso_language_code":"ja","result_type":"recent"},"source":"<a href=\"http://twitter.com\" rel=\"nofollow\">Twitter Web Client</a>","in_reply_to_status_id":null,"in_reply_to_status_id_str":null,"in_reply_to_user_id":null,"in_reply_to_user_id_str":null,"in_reply_to_screen_name":null,"user":{"id":167733138,"id_str":"167733138","name":"蒼井翔太","screen_name":"shouta0811aoi","location":"","description":"1月25日Newシングル『flower』発売！ 株式会社S所属の声優、歌手として頑張っています！ 公式HP→https://t.co/F3uqQKntXe","url":null,"entities":{"description":{"urls":[{"url":"https://t.co/F3uqQKntXe","expanded_url":"http://www.shouta-aoi.jp/","display_url":"shouta-aoi.jp","indices":[54,77]}]}},"protected":false,"followers_count":673830,"friends_count":390,"listed_count":8469,"created_at":"Sat Jul 17 10:28:19 +0000 2010","favourites_count":23,"utc_offset":32400,"time_zone":"Tokyo","geo_enabled":false,"verified":false,"statuses_count":10862,"lang":"ja","contributors_enabled":false,"is_translator":false,"is_translation_enabled":false,"profile_background_color":"131516","profile_background_image_url":"http://abs.twimg.com/images/themes/theme14/bg.gif","profile_background_image_url_https":"https://abs.twimg.com/images/themes/theme14/bg.gif","profile_background_tile":true,"profile_image_url":"http://pbs.twimg.com/profile_images/856699948921790464/K10TJf15_normal.jpg","profile_image_url_https":"https://pbs.twimg.com/profile_images/856699948921790464/K10TJf15_normal.jpg","profile_banner_url":"https://pbs.twimg.com/profile_banners/167733138/1463447928","profile_link_color":"009999","profile_sidebar_border_color":"EEEEEE","profile_sidebar_fill_color":"EFEFEF","profile_text_color":"333333","profile_use_background_image":true,"has_extended_profile":false,"default_profile":false,"default_profile_image":false,"following":false,"follow_request_sent":false,"notifications":false,"translator_type":"none"},"geo":null,"coordinates":null,"place":null,"contributors":null,"is_quote_status":false,"retweet_count":611,"favorite_count":2738,"favorited":false,"retweeted":false,"lang":"ja"},{"created_at":"Tue Jul 18 03:06:21 +0000 2017","id":887146494020567000,"id_str":"887146494020567046","text":"お値段以上ニトリ　みたいなの選手権の結果を発表します。\n\n最優秀賞\n四段以上、ヒフミ\n\n金賞\n劇団微増、ふたり\n\n高齢の住職賞\nこの世は無常サトリ\n\n入選\n猛毒危険ヒアリ\n\n偏見異常ユトリ\n\nいつも通りヒトリ","truncated":false,"entities":{"hashtags":[],"symbols":[],"user_mentions":[],"urls":[]},"metadata":{"iso_language_code":"ja","result_type":"recent"},"source":"<a href=\"http://twitter.com/download/iphone\" rel=\"nofollow\">Twitter for iPhone</a>","in_reply_to_status_id":null,"in_reply_to_status_id_str":null,"in_reply_to_user_id":null,"in_reply_to_user_id_str":null,"in_reply_to_screen_name":null,"user":{"id":2803477274,"id_str":"2803477274","name":"坊主","screen_name":"bozu_108","location":"日本","description":"ポケモンgoのやり過ぎで坊主バー破門になりました。坊主だけじゃ食ってけないので新宿ゴールデン街でバーテン始めました。神社の絵馬の個人情報保護シール「神のみぞシール」作りました。この垢は暇つぶしで見る位にして下さい。坊さんだらけのフットサルチーム作りました。対戦相手募集中。皆さんの悩みや不安を選手権で解決したいと思ってま","url":null,"entities":{"description":{"urls":[]}},"protected":false,"followers_count":246264,"friends_count":39614,"listed_count":1342,"created_at":"Thu Sep 11 10:41:30 +0000 2014","favourites_count":21724,"utc_offset":null,"time_zone":null,"geo_enabled":true,"verified":false,"statuses_count":1343,"lang":"ja","contributors_enabled":false,"is_translator":false,"is_translation_enabled":false,"profile_background_color":"C0DEED","profile_background_image_url":"http://abs.twimg.com/images/themes/theme1/bg.png","profile_background_image_url_https":"https://abs.twimg.com/images/themes/theme1/bg.png","profile_background_tile":false,"profile_image_url":"http://pbs.twimg.com/profile_images/778304121187078144/-SViugXh_normal.jpg","profile_image_url_https":"https://pbs.twimg.com/profile_images/778304121187078144/-SViugXh_normal.jpg","profile_banner_url":"https://pbs.twimg.com/profile_banners/2803477274/1475491730","profile_link_color":"1DA1F2","profile_sidebar_border_color":"C0DEED","profile_sidebar_fill_color":"DDEEF6","profile_text_color":"333333","profile_use_background_image":true,"has_extended_profile":false,"default_profile":true,"default_profile_image":false,"following":false,"follow_request_sent":false,"notifications":false,"translator_type":"none"},"geo":null,"coordinates":null,"place":null,"contributors":null,"is_quote_status":false,"retweet_count":1007,"favorite_count":1725,"favorited":false,"retweeted":false,"lang":"ja"},{"created_at":"Tue Jul 18 03:05:44 +0000 2017","id":887146338864857100,"id_str":"887146338864857090","text":"【カルデア広報局より】\n7月18日(火)1:00～12:00の期間にデータベースサーバーのパフォーマンス向上のため実施しておりました臨時メンテナンスが終了いたしました。ご迷惑をおかけいたしましたことをお詫びいたします→https://t.co/ttuwaXtDGj #FateGO","truncated":false,"entities":{"hashtags":[{"text":"FateGO","indices":[133,140]}],"symbols":[],"user_mentions":[],"urls":[{"url":"https://t.co/ttuwaXtDGj","expanded_url":"http://news.fate-go.jp/2017/0707achwz/","display_url":"news.fate-go.jp/2017/0707achwz/","indices":[109,132]}]},"metadata":{"iso_language_code":"ja","result_type":"recent"},"source":"<a href=\"http://twitter.com\" rel=\"nofollow\">Twitter Web Client</a>","in_reply_to_status_id":null,"in_reply_to_status_id_str":null,"in_reply_to_user_id":null,"in_reply_to_user_id_str":null,"in_reply_to_screen_name":null,"user":{"id":2968069742,"id_str":"2968069742","name":"【公式】Fate/Grand Order","screen_name":"fgoproject","location":"","description":"TYPE-MOONが贈る、新たな「Fate」RPG「Fate/Grand Order」公式アカウント。カルデア広報局より、皆様に最新情報をお届けします！公式ハッシュタグ → #FateGO","url":"http://t.co/NtAp9EJPBj","entities":{"url":{"urls":[{"url":"http://t.co/NtAp9EJPBj","expanded_url":"http://www.fate-go.jp/","display_url":"fate-go.jp","indices":[0,22]}]},"description":{"urls":[]}},"protected":false,"followers_count":726547,"friends_count":0,"listed_count":8879,"created_at":"Fri Jan 09 04:12:09 +0000 2015","favourites_count":0,"utc_offset":32400,"time_zone":"Seoul","geo_enabled":false,"verified":true,"statuses_count":1951,"lang":"ja","contributors_enabled":false,"is_translator":false,"is_translation_enabled":false,"profile_background_color":"C0DEED","profile_background_image_url":"http://abs.twimg.com/images/themes/theme1/bg.png","profile_background_image_url_https":"https://abs.twimg.com/images/themes/theme1/bg.png","profile_background_tile":false,"profile_image_url":"http://pbs.twimg.com/profile_images/848188127462031361/LR9bGs9q_normal.jpg","profile_image_url_https":"https://pbs.twimg.com/profile_images/848188127462031361/LR9bGs9q_normal.jpg","profile_banner_url":"https://pbs.twimg.com/profile_banners/2968069742/1491058804","profile_link_color":"3B94D9","profile_sidebar_border_color":"C0DEED","profile_sidebar_fill_color":"DDEEF6","profile_text_color":"333333","profile_use_background_image":true,"has_extended_profile":false,"default_profile":false,"default_profile_image":false,"following":false,"follow_request_sent":false,"notifications":false,"translator_type":"none"},"geo":null,"coordinates":null,"place":null,"contributors":null,"is_quote_status":false,"retweet_count":3609,"favorite_count":1842,"favorited":false,"retweeted":false,"possibly_sensitive":false,"lang":"ja"},{"created_at":"Tue Jul 18 03:05:06 +0000 2017","id":887146179825246200,"id_str":"887146179825246208","text":"夏恒例「真夏の雪だるま大作戦！」が今日からスタート！キングサイズの価格でキング＋キッズで作るオトクな「雪だるま」が楽しめます♪\nお好きなフレーバーで自分だけのカワイイ雪だるまを作っちゃおう！\nジャニーズWEST出演CMも放映中♪&gt;… https://t.co/FM2XRfDOZp","truncated":true,"entities":{"hashtags":[],"symbols":[],"user_mentions":[],"urls":[{"url":"https://t.co/FM2XRfDOZp","expanded_url":"https://twitter.com/i/web/status/887146179825246208","display_url":"twitter.com/i/web/status/8…","indices":[120,143]}]},"metadata":{"iso_language_code":"ja","result_type":"recent"},"source":"<a href=\"https://studio.twitter.com\" rel=\"nofollow\">Media Studio</a>","in_reply_to_status_id":null,"in_reply_to_status_id_str":null,"in_reply_to_user_id":null,"in_reply_to_user_id_str":null,"in_reply_to_screen_name":null,"user":{"id":128174500,"id_str":"128174500","name":"サーティワンアイスクリーム","screen_name":"BR31_Icecream","location":"","description":"B-R サーティワン アイスクリーム株式会社の公式アカウントです。新商品やキャンペーン情報等をお届けしています。担当者が通常業務の合間につぶいやいている為、お問い合わせにお答えしきれない事もありますのでご理解ください。 店舗へのご意見については、弊社HP内の「ご意見・お問い合わせ」フォームまでお願いいたします。","url":"https://t.co/QZpb2HQLsb","entities":{"url":{"urls":[{"url":"https://t.co/QZpb2HQLsb","expanded_url":"http://www.31ice.co.jp/","display_url":"31ice.co.jp","indices":[0,23]}]},"description":{"urls":[]}},"protected":false,"followers_count":132608,"friends_count":32,"listed_count":536,"created_at":"Wed Mar 31 09:42:03 +0000 2010","favourites_count":3365,"utc_offset":-25200,"time_zone":"Pacific Time (US & Canada)","geo_enabled":false,"verified":true,"statuses_count":15123,"lang":"ja","contributors_enabled":false,"is_translator":false,"is_translation_enabled":false,"profile_background_color":"000000","profile_background_image_url":"http://abs.twimg.com/images/themes/theme1/bg.png","profile_background_image_url_https":"https://abs.twimg.com/images/themes/theme1/bg.png","profile_background_tile":false,"profile_image_url":"http://pbs.twimg.com/profile_images/722640763365015552/Kkq7kDpb_normal.jpg","profile_image_url_https":"https://pbs.twimg.com/profile_images/722640763365015552/Kkq7kDpb_normal.jpg","profile_link_color":"FF66CC","profile_sidebar_border_color":"000000","profile_sidebar_fill_color":"000000","profile_text_color":"000000","profile_use_background_image":false,"has_extended_profile":false,"default_profile":false,"default_profile_image":false,"following":false,"follow_request_sent":false,"notifications":false,"translator_type":"none"},"geo":null,"coordinates":null,"place":null,"contributors":null,"is_quote_status":false,"retweet_count":732,"favorite_count":1067,"favorited":false,"retweeted":false,"possibly_sensitive":false,"lang":"ja"},{"created_at":"Tue Jul 18 03:04:31 +0000 2017","id":887146033486086100,"id_str":"887146033486086144","text":"ハイカラスクエアにある遊戯施設「イカッチャ」は、近くの人とローカル通信を楽しむためのロビーとなる場所だ。\n「プライベートマッチ」と「サーモンラン」を遊ぶことができるぞ。\n友達同士でNintendo Switchを持ち寄って、ワイワ… https://t.co/MsIn2R4AjB","truncated":true,"entities":{"hashtags":[],"symbols":[],"user_mentions":[],"urls":[{"url":"https://t.co/MsIn2R4AjB","expanded_url":"https://twitter.com/i/web/status/887146033486086144","display_url":"twitter.com/i/web/status/8…","indices":[117,140]}]},"metadata":{"iso_language_code":"ja","result_type":"recent"},"source":"<a href=\"http://twitter.com\" rel=\"nofollow\">Twitter Web Client</a>","in_reply_to_status_id":null,"in_reply_to_status_id_str":null,"in_reply_to_user_id":null,"in_reply_to_user_id_str":null,"in_reply_to_screen_name":null,"user":{"id":2888006497,"id_str":"2888006497","name":"Splatoon（スプラトゥーン）","screen_name":"SplatoonJP","location":"","description":"『スプラトゥーン』公式総合アカウント。イカ研究所の調査報告（ゲーム情報）やお知らせをお伝えします。最新作の『スプラトゥーン2』は2017年7月21日（金）発売予定。ご質問・お問い合わせにはお答えしておりませんのでご容赦ください。 ※イカ研究所は実在の人物、団体とは一切関係ございません。","url":"https://t.co/yCMNfZlVpz","entities":{"url":{"urls":[{"url":"https://t.co/yCMNfZlVpz","expanded_url":"https://www.nintendo.co.jp/switch/aab6a/index.html","display_url":"nintendo.co.jp/switch/aab6a/i…","indices":[0,23]}]},"description":{"urls":[]}},"protected":false,"followers_count":661186,"friends_count":1,"listed_count":6468,"created_at":"Mon Nov 03 01:36:06 +0000 2014","favourites_count":0,"utc_offset":32400,"time_zone":"Tokyo","geo_enabled":false,"verified":true,"statuses_count":1471,"lang":"ja","contributors_enabled":false,"is_translator":false,"is_translation_enabled":false,"profile_background_color":"000000","profile_background_image_url":"http://pbs.twimg.com/profile_background_images/530105343452274688/WJl6dNx5.jpeg","profile_background_image_url_https":"https://pbs.twimg.com/profile_background_images/530105343452274688/WJl6dNx5.jpeg","profile_background_tile":false,"profile_image_url":"http://pbs.twimg.com/profile_images/819765217957552132/1WftJJM1_normal.jpg","profile_image_url_https":"https://pbs.twimg.com/profile_images/819765217957552132/1WftJJM1_normal.jpg","profile_banner_url":"https://pbs.twimg.com/profile_banners/2888006497/1484282224","profile_link_color":"000000","profile_sidebar_border_color":"000000","profile_sidebar_fill_color":"E3E2DE","profile_text_color":"634047","profile_use_background_image":true,"has_extended_profile":false,"default_profile":false,"default_profile_image":false,"following":false,"follow_request_sent":false,"notifications":false,"translator_type":"none"},"geo":null,"coordinates":null,"place":null,"contributors":null,"is_quote_status":false,"retweet_count":2274,"favorite_count":3872,"favorited":false,"retweeted":false,"possibly_sensitive":false,"lang":"ja"},{"created_at":"Tue Jul 18 03:03:12 +0000 2017","id":887145704241549300,"id_str":"887145704241549312","text":"8/21(月)にGOT7の出演するアメリカ・LAで開催される「KCON 2017　LA × M COUNTDOWN」のライブ・ビューイング実施が決定しました！\n詳細はこちらで→https://t.co/8kl9EEw1JO\n#GOT7 #KCON17LA","truncated":false,"entities":{"hashtags":[{"text":"GOT7","indices":[112,117]},{"text":"KCON17LA","indices":[118,127]}],"symbols":[],"user_mentions":[],"urls":[{"url":"https://t.co/8kl9EEw1JO","expanded_url":"http://liveviewing.jp/2017kconla/","display_url":"liveviewing.jp/2017kconla/","indices":[88,111]}]},"metadata":{"iso_language_code":"ja","result_type":"recent"},"source":"<a href=\"http://twitter.com/download/iphone\" rel=\"nofollow\">Twitter for iPhone</a>","in_reply_to_status_id":null,"in_reply_to_status_id_str":null,"in_reply_to_user_id":null,"in_reply_to_user_id_str":null,"in_reply_to_screen_name":null,"user":{"id":2278322060,"id_str":"2278322060","name":"GOT7 Japan Official","screen_name":"GOT7_Japan","location":"","description":"GOT7 Japan Official Twitter","url":"https://t.co/VUUgMUztKz","entities":{"url":{"urls":[{"url":"https://t.co/VUUgMUztKz","expanded_url":"http://www.got7japan.com","display_url":"got7japan.com","indices":[0,23]}]},"description":{"urls":[]}},"protected":false,"followers_count":429314,"friends_count":8,"listed_count":1486,"created_at":"Mon Jan 06 01:24:12 +0000 2014","favourites_count":0,"utc_offset":null,"time_zone":null,"geo_enabled":false,"verified":true,"statuses_count":434,"lang":"ja","contributors_enabled":false,"is_translator":false,"is_translation_enabled":false,"profile_background_color":"C0DEED","profile_background_image_url":"http://abs.twimg.com/images/themes/theme1/bg.png","profile_background_image_url_https":"https://abs.twimg.com/images/themes/theme1/bg.png","profile_background_tile":false,"profile_image_url":"http://pbs.twimg.com/profile_images/846171427942293504/3yuEynlp_normal.jpg","profile_image_url_https":"https://pbs.twimg.com/profile_images/846171427942293504/3yuEynlp_normal.jpg","profile_banner_url":"https://pbs.twimg.com/profile_banners/2278322060/1490577780","profile_link_color":"1DA1F2","profile_sidebar_border_color":"C0DEED","profile_sidebar_fill_color":"DDEEF6","profile_text_color":"333333","profile_use_background_image":true,"has_extended_profile":false,"default_profile":true,"default_profile_image":false,"following":false,"follow_request_sent":false,"notifications":false,"translator_type":"none"},"geo":null,"coordinates":null,"place":null,"contributors":null,"is_quote_status":false,"retweet_count":664,"favorite_count":1417,"favorited":false,"retweeted":false,"possibly_sensitive":false,"lang":"ja"},{"created_at":"Tue Jul 18 03:01:54 +0000 2017","id":887145374598615000,"id_str":"887145374598615040","text":"7/18(火)のパ・リーグ公示\n【出場選手登録】\n有原航平(F)\n鍵谷陽平(F)\n黒羽根利規(F)\n太田賢吾(F)\n辛島航(E)\n#NPB","truncated":false,"entities":{"hashtags":[{"text":"NPB","indices":[65,69]}],"symbols":[],"user_mentions":[],"urls":[]},"metadata":{"iso_language_code":"ja","result_type":"recent"},"source":"<a href=\"http://npb.jp\" rel=\"nofollow\">日本野球機構（NPB）</a>","in_reply_to_status_id":null,"in_reply_to_status_id_str":null,"in_reply_to_user_id":null,"in_reply_to_user_id_str":null,"in_reply_to_screen_name":null,"user":{"id":3935217673,"id_str":"3935217673","name":"日本野球機構（NPB）","screen_name":"npb","location":"","description":"日本野球機構（NPB）の公式Twitterアカウントです。プロ野球の試合やイベントの情報をお届けします。","url":"https://t.co/Zd3Cn1LPaw","entities":{"url":{"urls":[{"url":"https://t.co/Zd3Cn1LPaw","expanded_url":"http://npb.jp","display_url":"npb.jp","indices":[0,23]}]},"description":{"urls":[]}},"protected":false,"followers_count":177250,"friends_count":16,"listed_count":1379,"created_at":"Sun Oct 18 10:59:58 +0000 2015","favourites_count":0,"utc_offset":32400,"time_zone":"Tokyo","geo_enabled":false,"verified":true,"statuses_count":3436,"lang":"ja","contributors_enabled":false,"is_translator":false,"is_translation_enabled":false,"profile_background_color":"000000","profile_background_image_url":"http://abs.twimg.com/images/themes/theme1/bg.png","profile_background_image_url_https":"https://abs.twimg.com/images/themes/theme1/bg.png","profile_background_tile":false,"profile_image_url":"http://pbs.twimg.com/profile_images/679056516679270400/_Tti-d3X_normal.png","profile_image_url_https":"https://pbs.twimg.com/profile_images/679056516679270400/_Tti-d3X_normal.png","profile_banner_url":"https://pbs.twimg.com/profile_banners/3935217673/1490850871","profile_link_color":"0084B4","profile_sidebar_border_color":"000000","profile_sidebar_fill_color":"000000","profile_text_color":"000000","profile_use_background_image":false,"has_extended_profile":false,"default_profile":false,"default_profile_image":false,"following":false,"follow_request_sent":false,"notifications":false,"translator_type":"regular"},"geo":null,"coordinates":null,"place":null,"contributors":null,"is_quote_status":false,"retweet_count":722,"favorite_count":643,"favorited":false,"retweeted":false,"lang":"ja"},{"created_at":"Tue Jul 18 03:01:44 +0000 2017","id":887145334618464300,"id_str":"887145334618464256","text":"【極(きわめ)】 \n極の姿となった刀剣男士の情報を新たに入手しました！本日、先行してビジュアルのシルエットを一部公開いたします！ゲーム実装時期等の詳細は今しばらくお待ちください△△ #刀剣乱舞 #とうらぶ https://t.co/LeeZaXdQHV","truncated":false,"entities":{"hashtags":[{"text":"刀剣乱舞","indices":[91,96]},{"text":"とうらぶ","indices":[97,102]}],"symbols":[],"user_mentions":[],"urls":[],"media":[{"id":887145221280026600,"id_str":"887145221280026624","indices":[103,126],"media_url":"http://pbs.twimg.com/media/DE_F4OKU0AAGeT1.jpg","media_url_https":"https://pbs.twimg.com/media/DE_F4OKU0AAGeT1.jpg","url":"https://t.co/LeeZaXdQHV","display_url":"pic.twitter.com/LeeZaXdQHV","expanded_url":"https://twitter.com/tkrb_ht/status/887145334618464256/photo/1","type":"photo","sizes":{"small":{"w":680,"h":680,"resize":"fit"},"thumb":{"w":150,"h":150,"resize":"crop"},"large":{"w":800,"h":800,"resize":"fit"},"medium":{"w":800,"h":800,"resize":"fit"}}}]},"extended_entities":{"media":[{"id":887145221280026600,"id_str":"887145221280026624","indices":[103,126],"media_url":"http://pbs.twimg.com/media/DE_F4OKU0AAGeT1.jpg","media_url_https":"https://pbs.twimg.com/media/DE_F4OKU0AAGeT1.jpg","url":"https://t.co/LeeZaXdQHV","display_url":"pic.twitter.com/LeeZaXdQHV","expanded_url":"https://twitter.com/tkrb_ht/status/887145334618464256/photo/1","type":"photo","sizes":{"small":{"w":680,"h":680,"resize":"fit"},"thumb":{"w":150,"h":150,"resize":"crop"},"large":{"w":800,"h":800,"resize":"fit"},"medium":{"w":800,"h":800,"resize":"fit"}}}]},"metadata":{"iso_language_code":"ja","result_type":"recent"},"source":"<a href=\"http://twitter.com\" rel=\"nofollow\">Twitter Web Client</a>","in_reply_to_status_id":null,"in_reply_to_status_id_str":null,"in_reply_to_user_id":null,"in_reply_to_user_id_str":null,"in_reply_to_screen_name":null,"user":{"id":2785593660,"id_str":"2785593660","name":"刀剣乱舞-本丸通信-【公式】","screen_name":"tkrb_ht","location":"本丸","description":"「刀剣乱舞」の原作情報を発信する公式アカウントです。 グッズやメディアミックスなどの最新情報を「審神者」の皆さんへ向けて発信します。 ゲームについては @TOUKEN_STAFF をご覧ください。 ※個別のお問い合わせについては返答いたしかねますのであらかじめご了承ください。ハッシュタグ→ #刀剣乱舞 #とうらぶ","url":"https://t.co/mN2Gv79HEf","entities":{"url":{"urls":[{"url":"https://t.co/mN2Gv79HEf","expanded_url":"http://www.dmm.com/netgame/feature/tohken.html","display_url":"dmm.com/netgame/featur…","indices":[0,23]}]},"description":{"urls":[]}},"protected":false,"followers_count":596635,"friends_count":8,"listed_count":10855,"created_at":"Tue Sep 02 09:47:45 +0000 2014","favourites_count":0,"utc_offset":32400,"time_zone":"Tokyo","geo_enabled":false,"verified":false,"statuses_count":3416,"lang":"ja","contributors_enabled":false,"is_translator":false,"is_translation_enabled":false,"profile_background_color":"DD2E44","profile_background_image_url":"http://abs.twimg.com/images/themes/theme1/bg.png","profile_background_image_url_https":"https://abs.twimg.com/images/themes/theme1/bg.png","profile_background_tile":false,"profile_image_url":"http://pbs.twimg.com/profile_images/880804323352952832/-fY3HUwJ_normal.jpg","profile_image_url_https":"https://pbs.twimg.com/profile_images/880804323352952832/-fY3HUwJ_normal.jpg","profile_banner_url":"https://pbs.twimg.com/profile_banners/2785593660/1498844736","profile_link_color":"FFCC4D","profile_sidebar_border_color":"000000","profile_sidebar_fill_color":"000000","profile_text_color":"000000","profile_use_background_image":false,"has_extended_profile":false,"default_profile":false,"default_profile_image":false,"following":false,"follow_request_sent":false,"notifications":false,"translator_type":"none"},"geo":null,"coordinates":null,"place":null,"contributors":null,"is_quote_status":false,"retweet_count":15832,"favorite_count":10631,"favorited":false,"retweeted":false,"possibly_sensitive":false,"lang":"ja"},{"created_at":"Tue Jul 18 03:01:41 +0000 2017","id":887145321016418300,"id_str":"887145321016418304","text":"7/22から始まるGENERATIONS LIVE TOUR 2017会場で\n「HiGH&amp;LOW THE MOVIE 2 / END OF SKY」の前売券を販売します！\n限定ムビチケカードも販売！詳細はコチラ↓… https://t.co/aJhQJHToEn","truncated":true,"entities":{"hashtags":[],"symbols":[],"user_mentions":[],"urls":[{"url":"https://t.co/aJhQJHToEn","expanded_url":"https://twitter.com/i/web/status/887145321016418304","display_url":"twitter.com/i/web/status/8…","indices":[112,135]}]},"metadata":{"iso_language_code":"ja","result_type":"recent"},"source":"<a href=\"http://twitter.com\" rel=\"nofollow\">Twitter Web Client</a>","in_reply_to_status_id":null,"in_reply_to_status_id_str":null,"in_reply_to_user_id":null,"in_reply_to_user_id_str":null,"in_reply_to_screen_name":null,"user":{"id":3226713546,"id_str":"3226713546","name":"HiGH&LOW OFFICIAL","screen_name":"HiGH_LOW_PR","location":"","description":"HiGH&LOWオフィシャルtwitter. HiGH&LOWの最新情報を発信します。","url":"http://t.co/Qpce29fIzY","entities":{"url":{"urls":[{"url":"http://t.co/Qpce29fIzY","expanded_url":"http://high-low.jp","display_url":"high-low.jp","indices":[0,22]}]},"description":{"urls":[]}},"protected":false,"followers_count":498317,"friends_count":60,"listed_count":1132,"created_at":"Tue May 26 03:56:29 +0000 2015","favourites_count":5,"utc_offset":-25200,"time_zone":"Pacific Time (US & Canada)","geo_enabled":false,"verified":true,"statuses_count":864,"lang":"ja","contributors_enabled":false,"is_translator":false,"is_translation_enabled":false,"profile_background_color":"C0DEED","profile_background_image_url":"http://abs.twimg.com/images/themes/theme1/bg.png","profile_background_image_url_https":"https://abs.twimg.com/images/themes/theme1/bg.png","profile_background_tile":false,"profile_image_url":"http://pbs.twimg.com/profile_images/722760502951084032/brnAIRRQ_normal.jpg","profile_image_url_https":"https://pbs.twimg.com/profile_images/722760502951084032/brnAIRRQ_normal.jpg","profile_banner_url":"https://pbs.twimg.com/profile_banners/3226713546/1461154490","profile_link_color":"1DA1F2","profile_sidebar_border_color":"C0DEED","profile_sidebar_fill_color":"DDEEF6","profile_text_color":"333333","profile_use_background_image":true,"has_extended_profile":false,"default_profile":true,"default_profile_image":false,"following":false,"follow_request_sent":false,"notifications":false,"translator_type":"none"},"geo":null,"coordinates":null,"place":null,"contributors":null,"is_quote_status":false,"retweet_count":916,"favorite_count":4050,"favorited":false,"retweeted":false,"possibly_sensitive":false,"lang":"ja"},{"created_at":"Tue Jul 18 03:01:17 +0000 2017","id":887145220030079000,"id_str":"887145220030078977","text":"いつも応援してくださっている皆様へ\nhttps://t.co/rwMp066BfG","truncated":false,"entities":{"hashtags":[],"symbols":[],"user_mentions":[],"urls":[{"url":"https://t.co/rwMp066BfG","expanded_url":"http://www.mimimememimi.com/news","display_url":"mimimememimi.com/news","indices":[18,41]}]},"metadata":{"iso_language_code":"ja","result_type":"recent"},"source":"<a href=\"http://twitter.com\" rel=\"nofollow\">Twitter Web Client</a>","in_reply_to_status_id":null,"in_reply_to_status_id_str":null,"in_reply_to_user_id":null,"in_reply_to_user_id_str":null,"in_reply_to_screen_name":null,"user":{"id":1585969338,"id_str":"1585969338","name":"みみめめMIMI","screen_name":"mimimeme_MIMI","location":"耳・目・耳","description":"SSW〈タカオユキ〉＋ ill〈ちゃもーい〉による目と耳を刺激する視聴覚ユニット▼9/9 みみめめMIMI LIVE2017 〜Bon! Voyage!〜開催！！▼AL「きみのヒロインになりたくて」発売中▼POLKA DOTS（茜屋&タカオ） ※Instagramはやっていません","url":"https://t.co/4t3QLuGt7y","entities":{"url":{"urls":[{"url":"https://t.co/4t3QLuGt7y","expanded_url":"http://www.mimimememimi.com/","display_url":"mimimememimi.com","indices":[0,23]}]},"description":{"urls":[]}},"protected":false,"followers_count":18594,"friends_count":28,"listed_count":406,"created_at":"Thu Jul 11 14:29:37 +0000 2013","favourites_count":0,"utc_offset":28800,"time_zone":"Irkutsk","geo_enabled":false,"verified":true,"statuses_count":3702,"lang":"ja","contributors_enabled":false,"is_translator":false,"is_translation_enabled":false,"profile_background_color":"A297E8","profile_background_image_url":"http://pbs.twimg.com/profile_background_images/452086415539466240/CxfFU1rb.jpeg","profile_background_image_url_https":"https://pbs.twimg.com/profile_background_images/452086415539466240/CxfFU1rb.jpeg","profile_background_tile":true,"profile_image_url":"http://pbs.twimg.com/profile_images/848189728868388864/XcA0I25a_normal.jpg","profile_image_url_https":"https://pbs.twimg.com/profile_images/848189728868388864/XcA0I25a_normal.jpg","profile_banner_url":"https://pbs.twimg.com/profile_banners/1585969338/1491059040","profile_link_color":"0084B4","profile_sidebar_border_color":"FFFFFF","profile_sidebar_fill_color":"DDEEF6","profile_text_color":"333333","profile_use_background_image":true,"has_extended_profile":false,"default_profile":false,"default_profile_image":false,"following":false,"follow_request_sent":false,"notifications":false,"translator_type":"none"},"geo":null,"coordinates":null,"place":null,"contributors":null,"is_quote_status":false,"retweet_count":568,"favorite_count":196,"favorited":false,"retweeted":false,"possibly_sensitive":false,"lang":"ja"}],"search_metadata":{"completed_in":0.205,"max_id":887155375279030300,"max_id_str":"887155375279030272","next_results":"?max_id=887145220030078976&q=lang%3Aja%20min_retweets%3A500&include_entities=1","query":"lang%3Aja+min_retweets%3A500","refresh_url":"?since_id=887155375279030272&q=lang%3Aja%20min_retweets%3A500&include_entities=1","count":15,"since_id":0,"since_id_str":"0"}}