{"statuses":[{"created_at":"Wed Jul 19 14:44:12 +0000 2017","id":887684502381666300,"id_str":"887684502381666304","text":"7.26 E-girls Love☆Queen\nrelease🖤🖤🖤\n#明日は大阪でハイタッチ会\n#Egirls#LoveQueen\n#待ってます🙌🏻✨\n藤井 夏恋 https://t.co/79y6CH1LlY","truncated":false,"entities":{"hashtags":[{"text":"明日は大阪でハイタッチ会","indices":[35,48]},{"text":"待ってます","indices":[67,73]}],"symbols":[],"user_mentions":[],"urls":[],"media":[{"id":887684490465730600,"id_str":"887684490465730560","indices":[83,106],"media_url":"http://pbs.twimg.com/media/DFGwV0bVYAAkQNV.jpg","media_url_https":"https://pbs.twimg.com/media/DFGwV0bVYAAkQNV.jpg","url":"https://t.co/79y6CH1LlY","display_url":"pic.twitter.com/79y6CH1LlY","expanded_url":"https://twitter.com/Happiness__LDH/status/887684502381666304/photo/1","type":"photo","sizes":{"large":{"w":1080,"h":1440,"resize":"fit"},"thumb":{"w":150,"h":150,"resize":"crop"},"medium":{"w":900,"h":1200,"resize":"fit"},"small":{"w":510,"h":680,"resize":"fit"}}}]},"extended_entities":{"media":[{"id":887684490465730600,"id_str":"887684490465730560","indices":[83,106],"media_url":"http://pbs.twimg.com/media/DFGwV0bVYAAkQNV.jpg","media_url_https":"https://pbs.twimg.com/media/DFGwV0bVYAAkQNV.jpg","url":"https://t.co/79y6CH1LlY","display_url":"pic.twitter.com/79y6CH1LlY","expanded_url":"https://twitter.com/Happiness__LDH/status/887684502381666304/photo/1","type":"photo","sizes":{"large":{"w":1080,"h":1440,"resize":"fit"},"thumb":{"w":150,"h":150,"resize":"crop"},"medium":{"w":900,"h":1200,"resize":"fit"},"small":{"w":510,"h":680,"resize":"fit"}}}]},"metadata":{"iso_language_code":"ja","result_type":"recent"},"source":"<a href=\"http://twitter.com/download/iphone\" rel=\"nofollow\">Twitter for iPhone</a>","in_reply_to_status_id":null,"in_reply_to_status_id_str":null,"in_reply_to_user_id":null,"in_reply_to_user_id_str":null,"in_reply_to_screen_name":null,"user":{"id":1560787860,"id_str":"1560787860","name":"Happiness","screen_name":"Happiness__LDH","location":"","description":"SAYAKA、楓、藤井夏恋、MIYUU、YURINO、須田アンナ、川本璃からなるガールズパフォーマンスグループ。 2017年9月New SingleをRelease!!","url":"https://t.co/1zlO2H4jbA","entities":{"url":{"urls":[{"url":"https://t.co/1zlO2H4jbA","expanded_url":"http://www.happiness-ldh.jp/","display_url":"happiness-ldh.jp","indices":[0,23]}]},"description":{"urls":[]}},"protected":false,"followers_count":992280,"friends_count":53,"listed_count":2170,"created_at":"Mon Jul 01 15:35:42 +0000 2013","favourites_count":12,"utc_offset":32400,"time_zone":"Tokyo","geo_enabled":false,"verified":true,"statuses_count":3369,"lang":"ja","contributors_enabled":false,"is_translator":false,"is_translation_enabled":false,"profile_background_color":"525141","profile_background_image_url":"http://abs.twimg.com/images/themes/theme11/bg.gif","profile_background_image_url_https":"https://abs.twimg.com/images/themes/theme11/bg.gif","profile_background_tile":true,"profile_image_url":"http://pbs.twimg.com/profile_images/824065207248916480/FMRzYcqd_normal.jpg","profile_image_url_https":"https://pbs.twimg.com/profile_images/824065207248916480/FMRzYcqd_normal.jpg","profile_banner_url":"https://pbs.twimg.com/profile_banners/1560787860/1496603809","profile_link_color":"594859","profile_sidebar_border_color":"000000","profile_sidebar_fill_color":"DDEEF6","profile_text_color":"333333","profile_use_background_image":false,"has_extended_profile":false,"default_profile":false,"default_profile_image":false,"following":false,"follow_request_sent":false,"notifications":false,"translator_type":"none"},"geo":null,"coordinates":null,"place":null,"contributors":null,"is_quote_status":false,"retweet_count":1143,"favorite_count":6232,"favorited":false,"retweeted":false,"possibly_sensitive":false,"lang":"ja"},{"created_at":"Wed Jul 19 14:22:40 +0000 2017","id":887679082023985200,"id_str":"887679082023985153","text":"大尊敬している先輩のバックアップダンサーを務めさせていただけて本当に幸せでした。\n\n是非みなさん、観てください！！\n\nSHINJIRO ATAE (from AAA)「Goody-Good Girl」… https://t.co/0M2WjbXT0G","truncated":true,"entities":{"hashtags":[],"symbols":[],"user_mentions":[],"urls":[{"url":"https://t.co/0M2WjbXT0G","expanded_url":"https://twitter.com/i/web/status/887679082023985153","display_url":"twitter.com/i/web/status/8…","indices":[102,125]}]},"metadata":{"iso_language_code":"ja","result_type":"recent"},"source":"<a href=\"http://www.echofon.com/\" rel=\"nofollow\">Echofon</a>","in_reply_to_status_id":null,"in_reply_to_status_id_str":null,"in_reply_to_user_id":null,"in_reply_to_user_id_str":null,"in_reply_to_screen_name":null,"user":{"id":143788104,"id_str":"143788104","name":"花村想太","screen_name":"Da_iCE_SOTA","location":"兵庫県出身、東京都在住","description":"Vocalist & Dancer of Da-iCE. Born 1990/08/15 in Hyogo, Japan, now based in Tokyo. I love MUSIC & Da-iCE I believe I can fly.","url":"https://t.co/twHsKKGydb","entities":{"url":{"urls":[{"url":"https://t.co/twHsKKGydb","expanded_url":"http://ameblo.jp/da-ice/","display_url":"ameblo.jp/da-ice/","indices":[0,23]}]},"description":{"urls":[]}},"protected":false,"followers_count":139088,"friends_count":467,"listed_count":1592,"created_at":"Fri May 14 11:45:50 +0000 2010","favourites_count":27,"utc_offset":32400,"time_zone":"Tokyo","geo_enabled":false,"verified":true,"statuses_count":24279,"lang":"ja","contributors_enabled":false,"is_translator":false,"is_translation_enabled":false,"profile_background_color":"5FA4C7","profile_background_image_url":"http://pbs.twimg.com/profile_background_images/102915431/stars.JPG","profile_background_image_url_https":"https://pbs.twimg.com/profile_background_images/102915431/stars.JPG","profile_background_tile":false,"profile_image_url":"http://pbs.twimg.com/profile_images/857942540930097153/pSdEcBG3_normal.jpg","profile_image_url_https":"https://pbs.twimg.com/profile_images/857942540930097153/pSdEcBG3_normal.jpg","profile_banner_url":"https://pbs.twimg.com/profile_banners/143788104/1360460421","profile_link_color":"010C0F","profile_sidebar_border_color":"05151C","profile_sidebar_fill_color":"AECAD1","profile_text_color":"DB55DB","profile_use_background_image":true,"has_extended_profile":true,"default_profile":false,"default_profile_image":false,"following":false,"follow_request_sent":false,"notifications":false,"translator_type":"none"},"geo":null,"coordinates":null,"place":null,"contributors":null,"is_quote_status":false,"retweet_count":891,"favorite_count":4054,"favorited":false,"retweeted":false,"possibly_sensitive":false,"lang":"ja"},{"created_at":"Wed Jul 19 14:19:21 +0000 2017","id":887678249379090400,"id_str":"887678249379090432","text":"ママへ\n\n昨日からたくさんの人に\nたくさんのおめでとうを\nもらえたな🙄💓\nぼくぅ、嬉しいよ！\n\nそのぶんん\nもっと頑張らなきゃって\n思った！\n\nまだ始まって一年\nようやく慣れて来た頃\nでも初心は忘れずに\n変わらないスタンスで\n進化して行きます\n\nbyちんちんいっぱいボーイ","truncated":false,"entities":{"hashtags":[],"symbols":[],"user_mentions":[],"urls":[]},"metadata":{"iso_language_code":"ja","result_type":"recent"},"source":"<a href=\"http://twitter.com/download/iphone\" rel=\"nofollow\">Twitter for iPhone</a>","in_reply_to_status_id":null,"in_reply_to_status_id_str":null,"in_reply_to_user_id":null,"in_reply_to_user_id_str":null,"in_reply_to_screen_name":null,"user":{"id":3036621878,"id_str":"3036621878","name":"テオくん@幸せ者","screen_name":"teokun711","location":"","description":"AB型21歳いぇい。固定ツイートに動画まとめてます@テオファミ最高です。距離縮め垢→【@teokun7117】僕はwimper♪連絡はsupport@vaz.co.jp【instagram】→https://t.co/bwbrKggxMrスカイピース@skypeace_teojin","url":"https://t.co/DwFKLxUOdc","entities":{"url":{"urls":[{"url":"https://t.co/DwFKLxUOdc","expanded_url":"https://www.youtube.com/channel/UCj6_0tBpVpmyYSGu6f-uKqw","display_url":"youtube.com/channel/UCj6_0…","indices":[0,23]}]},"description":{"urls":[{"url":"https://t.co/bwbrKggxMr","expanded_url":"https://www.instagram.com/teokun.711/","display_url":"instagram.com/teokun.711/","indices":[96,119]}]}},"protected":false,"followers_count":441132,"friends_count":185,"listed_count":924,"created_at":"Sun Feb 22 15:11:20 +0000 2015","favourites_count":64286,"utc_offset":-25200,"time_zone":"Pacific Time (US & Canada)","geo_enabled":true,"verified":false,"statuses_count":15460,"lang":"ja","contributors_enabled":false,"is_translator":false,"is_translation_enabled":false,"profile_background_color":"000000","profile_background_image_url":"http://abs.twimg.com/images/themes/theme1/bg.png","profile_background_image_url_https":"https://abs.twimg.com/images/themes/theme1/bg.png","profile_background_tile":false,"profile_image_url":"http://pbs.twimg.com/profile_images/858322819075104768/xD4WSaAr_normal.jpg","profile_image_url_https":"https://pbs.twimg.com/profile_images/858322819075104768/xD4WSaAr_normal.jpg","profile_banner_url":"https://pbs.twimg.com/profile_banners/3036621878/1495682503","profile_link_color":"1B95E0","profile_sidebar_border_color":"000000","profile_sidebar_fill_color":"000000","profile_text_color":"000000","profile_use_background_image":false,"has_extended_profile":true,"default_profile":false,"default_profile_image":false,"following":false,"follow_request_sent":false,"notifications":false,"translator_type":"none"},"geo":null,"coordinates":null,"place":null,"contributors":null,"is_quote_status":false,"retweet_count":946,"favorite_count":7714,"favorited":false,"retweeted":false,"lang":"ja"},{"created_at":"Wed Jul 19 14:19:10 +0000 2017","id":887678202935521300,"id_str":"887678202935521280","text":"本日7月19日(水)24:59〜日本テレビドラマ「残酷な観客達」最終回です👍🏻\nぜひご覧ください📺\n#欅坂46\n#けやき坂46\n#残酷な観客達\nhttps://t.co/RRTB2W4L0V","truncated":false,"entities":{"hashtags":[{"text":"欅坂46","indices":[50,55]},{"text":"けやき坂46","indices":[56,63]},{"text":"残酷な観客達","indices":[64,71]}],"symbols":[],"user_mentions":[],"urls":[{"url":"https://t.co/RRTB2W4L0V","expanded_url":"http://www.ntv.co.jp/kankyakutachi/","display_url":"ntv.co.jp/kankyakutachi/","indices":[72,95]}]},"metadata":{"iso_language_code":"ja","result_type":"recent"},"source":"<a href=\"http://www.echofon.com/\" rel=\"nofollow\">Echofon</a>","in_reply_to_status_id":null,"in_reply_to_status_id_str":null,"in_reply_to_user_id":null,"in_reply_to_user_id_str":null,"in_reply_to_screen_name":null,"user":{"id":3433403638,"id_str":"3433403638","name":"欅坂46","screen_name":"keyakizaka46","location":"","description":"秋元康 総合プロデュース、乃木坂46に続く「坂道シリーズ」第2弾。2015年8月21日、乃木坂46結成から4年後の同じ日・同じ場所で結成。応募総数22,509名の中から選ばれたメンバーで2016年4月6日「サイレントマジョリティー」でデビュー!2017年7月19日1stアルバム「真っ白なものは汚したくなる」リリース予定","url":"https://t.co/Rpjth8X8lU","entities":{"url":{"urls":[{"url":"https://t.co/Rpjth8X8lU","expanded_url":"http://www.keyakizaka46.com/","display_url":"keyakizaka46.com","indices":[0,23]}]},"description":{"urls":[]}},"protected":false,"followers_count":436726,"friends_count":0,"listed_count":2163,"created_at":"Thu Aug 20 22:00:08 +0000 2015","favourites_count":0,"utc_offset":null,"time_zone":null,"geo_enabled":false,"verified":true,"statuses_count":943,"lang":"ja","contributors_enabled":false,"is_translator":false,"is_translation_enabled":false,"profile_background_color":"000000","profile_background_image_url":"http://abs.twimg.com/images/themes/theme1/bg.png","profile_background_image_url_https":"https://abs.twimg.com/images/themes/theme1/bg.png","profile_background_tile":false,"profile_image_url":"http://pbs.twimg.com/profile_images/875580356996415488/tN4jYZEL_normal.jpg","profile_image_url_https":"https://pbs.twimg.com/profile_images/875580356996415488/tN4jYZEL_normal.jpg","profile_banner_url":"https://pbs.twimg.com/profile_banners/3433403638/1450171390","profile_link_color":"5FB955","profile_sidebar_border_color":"000000","profile_sidebar_fill_color":"000000","profile_text_color":"000000","profile_use_background_image":false,"has_extended_profile":false,"default_profile":false,"default_profile_image":false,"following":false,"follow_request_sent":false,"notifications":false,"translator_type":"none"},"geo":null,"coordinates":null,"place":null,"contributors":null,"is_quote_status":false,"retweet_count":694,"favorite_count":3158,"favorited":false,"retweeted":false,"possibly_sensitive":false,"lang":"ja"},{"created_at":"Wed Jul 19 14:19:07 +0000 2017","id":887678192294559700,"id_str":"887678192294559745","text":"きました!!浦ラジジャック!!❤\nGuilty😘ちゅー💋 https://t.co/3G1DiCuNgf","truncated":false,"entities":{"hashtags":[],"symbols":[],"user_mentions":[],"urls":[{"url":"https://t.co/3G1DiCuNgf","expanded_url":"https://twitter.com/lovelive_staff/status/887564420615856128","display_url":"twitter.com/lovelive_staff…","indices":[29,52]}]},"metadata":{"iso_language_code":"ja","result_type":"recent"},"source":"<a href=\"http://twitter.com/download/iphone\" rel=\"nofollow\">Twitter for iPhone</a>","in_reply_to_status_id":null,"in_reply_to_status_id_str":null,"in_reply_to_user_id":null,"in_reply_to_user_id_str":null,"in_reply_to_screen_name":null,"user":{"id":3177547086,"id_str":"3177547086","name":"鈴木愛奈","screen_name":"aina_suzuki723","location":"","description":"IAMエージェンシー所属新人声優。リプは事務所の方針で基本的に関係者のみですが、皆さんからのコメントとっても嬉しいので、時々お返しする事も(*^^*)よろしくお願いします♪「ラブライブ！サンシャイン!!」小原鞠莉役/「城下町のダンデライオン」櫻田栞役/「アカメが斬る!」メズ役/「第7回アニグラ」best3入 他","url":null,"entities":{"description":{"urls":[]}},"protected":false,"followers_count":174817,"friends_count":73,"listed_count":6148,"created_at":"Mon Apr 27 08:03:05 +0000 2015","favourites_count":397,"utc_offset":32400,"time_zone":"Osaka","geo_enabled":false,"verified":false,"statuses_count":1335,"lang":"ja","contributors_enabled":false,"is_translator":false,"is_translation_enabled":false,"profile_background_color":"C0DEED","profile_background_image_url":"http://abs.twimg.com/images/themes/theme1/bg.png","profile_background_image_url_https":"https://abs.twimg.com/images/themes/theme1/bg.png","profile_background_tile":false,"profile_image_url":"http://pbs.twimg.com/profile_images/757455849522466816/cSdrxTKq_normal.jpg","profile_image_url_https":"https://pbs.twimg.com/profile_images/757455849522466816/cSdrxTKq_normal.jpg","profile_link_color":"1DA1F2","profile_sidebar_border_color":"C0DEED","profile_sidebar_fill_color":"DDEEF6","profile_text_color":"333333","profile_use_background_image":true,"has_extended_profile":false,"default_profile":true,"default_profile_image":false,"following":false,"follow_request_sent":false,"notifications":false,"translator_type":"none"},"geo":null,"coordinates":null,"place":null,"contributors":null,"is_quote_status":true,"quoted_status_id":887564420615856100,"quoted_status_id_str":"887564420615856128","quoted_status":{"created_at":"Wed Jul 19 06:47:02 +0000 2017","id":887564420615856100,"id_str":"887564420615856128","text":"【Webラジオ】ラブライブ！サンシャイン!! Aqours浦の星女学院RADIO!!!第67回配信中⇒https://t.co/1aPGtux31H\n今週からはGuilty Kissの3人が浦ラジをジャック！！是非ご視聴ください。\n#lovelive","truncated":false,"entities":{"hashtags":[{"text":"lovelive","indices":[116,125]}],"symbols":[],"user_mentions":[],"urls":[{"url":"https://t.co/1aPGtux31H","expanded_url":"http://www.lovelive-anime.jp/uranohoshi/news44.php#3635","display_url":"lovelive-anime.jp/uranohoshi/new…","indices":[51,74]}]},"metadata":{"iso_language_code":"ja","result_type":"recent"},"source":"<a href=\"http://twitter.com\" rel=\"nofollow\">Twitter Web Client</a>","in_reply_to_status_id":null,"in_reply_to_status_id_str":null,"in_reply_to_user_id":null,"in_reply_to_user_id_str":null,"in_reply_to_screen_name":null,"user":{"id":347849994,"id_str":"347849994","name":"ラブライブ！公式","screen_name":"LoveLive_staff","location":"","description":"サンライズ×ランティス×電撃G’sマガジン共同企画、スクールアイドル・プロジェクト「ラブライブ！」の公式アカウントです。「プロジェクトラブライブ！」の各スタッフが、それぞれいろいろな情報を「ラブライ部」のみなさんへ向けて発信します。　※なおツイッターでの個別返信はしておりません。","url":"http://t.co/moaQwvJL9K","entities":{"url":{"urls":[{"url":"http://t.co/moaQwvJL9K","expanded_url":"http://www.lovelive-anime.jp/","display_url":"lovelive-anime.jp","indices":[0,22]}]},"description":{"urls":[]}},"protected":false,"followers_count":772252,"friends_count":2,"listed_count":13147,"created_at":"Wed Aug 03 13:26:11 +0000 2011","favourites_count":0,"utc_offset":-36000,"time_zone":"Hawaii","geo_enabled":false,"verified":true,"statuses_count":7364,"lang":"ja","contributors_enabled":false,"is_translator":false,"is_translation_enabled":false,"profile_background_color":"C0DEED","profile_background_image_url":"http://abs.twimg.com/images/themes/theme1/bg.png","profile_background_image_url_https":"https://abs.twimg.com/images/themes/theme1/bg.png","profile_background_tile":false,"profile_image_url":"http://pbs.twimg.com/profile_images/641410148926296065/AzGd6KQ4_normal.jpg","profile_image_url_https":"https://pbs.twimg.com/profile_images/641410148926296065/AzGd6KQ4_normal.jpg","profile_link_color":"1DA1F2","profile_sidebar_border_color":"C0DEED","profile_sidebar_fill_color":"DDEEF6","profile_text_color":"333333","profile_use_background_image":true,"has_extended_profile":false,"default_profile":true,"default_profile_image":false,"following":false,"follow_request_sent":false,"notifications":false,"translator_type":"none"},"geo":null,"coordinates":null,"place":null,"contributors":null,"is_quote_status":false,"retweet_count":771,"favorite_count":2270,"favorited":false,"retweeted":false,"possibly_sensitive":false,"lang":"ja"},"retweet_count":552,"favorite_count":1890,"favorited":false,"retweeted":false,"possibly_sensitive":false,"lang":"ja"},{"created_at":"Wed Jul 19 14:18:02 +0000 2017","id":887677918251434000,"id_str":"887677918251433988","text":"水樹奈々さんと久々にニコ生でしたよ。\n相変わらず可愛い！元気！\n忙しいのに疲れた顔絶対しないんだよね。\nうーん格好いい。 https://t.co/k5EN2w3mot","truncated":false,"entities":{"hashtags":[],"symbols":[],"user_mentions":[],"urls":[],"media":[{"id":887677896608800800,"id_str":"887677896608800768","indices":[61,84],"media_url":"http://pbs.twimg.com/media/DFGqWAZVYAAQn-i.jpg","media_url_https":"https://pbs.twimg.com/media/DFGqWAZVYAAQn-i.jpg","url":"https://t.co/k5EN2w3mot","display_url":"pic.twitter.com/k5EN2w3mot","expanded_url":"https://twitter.com/WashizakiTake/status/887677918251433988/photo/1","type":"photo","sizes":{"small":{"w":510,"h":680,"resize":"fit"},"medium":{"w":900,"h":1200,"resize":"fit"},"large":{"w":1108,"h":1478,"resize":"fit"},"thumb":{"w":150,"h":150,"resize":"crop"}}}]},"extended_entities":{"media":[{"id":887677896608800800,"id_str":"887677896608800768","indices":[61,84],"media_url":"http://pbs.twimg.com/media/DFGqWAZVYAAQn-i.jpg","media_url_https":"https://pbs.twimg.com/media/DFGqWAZVYAAQn-i.jpg","url":"https://t.co/k5EN2w3mot","display_url":"pic.twitter.com/k5EN2w3mot","expanded_url":"https://twitter.com/WashizakiTake/status/887677918251433988/photo/1","type":"photo","sizes":{"small":{"w":510,"h":680,"resize":"fit"},"medium":{"w":900,"h":1200,"resize":"fit"},"large":{"w":1108,"h":1478,"resize":"fit"},"thumb":{"w":150,"h":150,"resize":"crop"}}}]},"metadata":{"iso_language_code":"ja","result_type":"recent"},"source":"<a href=\"http://www.echofon.com/\" rel=\"nofollow\">Echofon</a>","in_reply_to_status_id":null,"in_reply_to_status_id_str":null,"in_reply_to_user_id":null,"in_reply_to_user_id_str":null,"in_reply_to_screen_name":null,"user":{"id":536363456,"id_str":"536363456","name":"鷲崎健","screen_name":"WashizakiTake","location":"","description":"アニメ・声優業界でラジオやったり司会やったり。LIVE DVD 発売中ですんで良かったら。\n 鮫と散歩とブルースが好きです。","url":null,"entities":{"description":{"urls":[]}},"protected":false,"followers_count":133920,"friends_count":573,"listed_count":3346,"created_at":"Sun Mar 25 14:44:03 +0000 2012","favourites_count":24,"utc_offset":32400,"time_zone":"Tokyo","geo_enabled":false,"verified":false,"statuses_count":5297,"lang":"ja","contributors_enabled":false,"is_translator":false,"is_translation_enabled":false,"profile_background_color":"C0DEED","profile_background_image_url":"http://abs.twimg.com/images/themes/theme1/bg.png","profile_background_image_url_https":"https://abs.twimg.com/images/themes/theme1/bg.png","profile_background_tile":false,"profile_image_url":"http://pbs.twimg.com/profile_images/533104973391753216/vXqB6Qrk_normal.jpeg","profile_image_url_https":"https://pbs.twimg.com/profile_images/533104973391753216/vXqB6Qrk_normal.jpeg","profile_banner_url":"https://pbs.twimg.com/profile_banners/536363456/1367684911","profile_link_color":"1DA1F2","profile_sidebar_border_color":"C0DEED","profile_sidebar_fill_color":"DDEEF6","profile_text_color":"333333","profile_use_background_image":true,"has_extended_profile":true,"default_profile":true,"default_profile_image":false,"following":false,"follow_request_sent":false,"notifications":false,"translator_type":"none"},"geo":null,"coordinates":null,"place":null,"contributors":null,"is_quote_status":false,"retweet_count":1087,"favorite_count":1919,"favorited":false,"retweeted":false,"possibly_sensitive":false,"lang":"ja"},{"created_at":"Wed Jul 19 14:14:25 +0000 2017","id":887677008674553900,"id_str":"887677008674553856","text":"先程、ニコニコ生放送が終了致しました！🔥\nご視聴して頂いた皆さん、ありがとうございました！！！\n直前に昂秀TVを撮ったので、載せちゃいます👍笑\n\n皆さん、是非見て下さい🚤\n\n鈴木昂秀\n#THERAMPAGE\n#ニコニコ生放送… https://t.co/gpX9kPkVzf","truncated":true,"entities":{"hashtags":[{"text":"THERAMPAGE","indices":[92,103]},{"text":"ニコニコ生放送","indices":[104,112]}],"symbols":[],"user_mentions":[],"urls":[{"url":"https://t.co/gpX9kPkVzf","expanded_url":"https://twitter.com/i/web/status/887677008674553856","display_url":"twitter.com/i/web/status/8…","indices":[114,137]}]},"metadata":{"iso_language_code":"ja","result_type":"recent"},"source":"<a href=\"http://twitter.com/download/iphone\" rel=\"nofollow\">Twitter for iPhone</a>","in_reply_to_status_id":null,"in_reply_to_status_id_str":null,"in_reply_to_user_id":null,"in_reply_to_user_id_str":null,"in_reply_to_screen_name":null,"user":{"id":703069848457228300,"id_str":"703069848457228288","name":"THE RAMPAGE OFFICIAL","screen_name":"therampagefext","location":"","description":"THE RAMPAGE from EXILE TRIBE Official account‼ https://t.co/b2w9QtZAv0","url":"https://t.co/OTrUwgzH9S","entities":{"url":{"urls":[{"url":"https://t.co/OTrUwgzH9S","expanded_url":"https://www.instagram.com/the_rampage_official/","display_url":"instagram.com/the_rampage_of…","indices":[0,23]}]},"description":{"urls":[{"url":"https://t.co/b2w9QtZAv0","expanded_url":"http://the-rampage.jp/","display_url":"the-rampage.jp","indices":[47,70]}]}},"protected":false,"followers_count":309941,"friends_count":96,"listed_count":759,"created_at":"Fri Feb 26 04:11:29 +0000 2016","favourites_count":19,"utc_offset":-25200,"time_zone":"Pacific Time (US & Canada)","geo_enabled":false,"verified":true,"statuses_count":1499,"lang":"ja","contributors_enabled":false,"is_translator":false,"is_translation_enabled":false,"profile_background_color":"F5F8FA","profile_background_image_url":null,"profile_background_image_url_https":null,"profile_background_tile":false,"profile_image_url":"http://pbs.twimg.com/profile_images/791561824906809344/38ndfy6N_normal.jpg","profile_image_url_https":"https://pbs.twimg.com/profile_images/791561824906809344/38ndfy6N_normal.jpg","profile_banner_url":"https://pbs.twimg.com/profile_banners/703069848457228288/1498890358","profile_link_color":"1DA1F2","profile_sidebar_border_color":"C0DEED","profile_sidebar_fill_color":"DDEEF6","profile_text_color":"333333","profile_use_background_image":true,"has_extended_profile":false,"default_profile":true,"default_profile_image":false,"following":false,"follow_request_sent":false,"notifications":false,"translator_type":"none"},"geo":null,"coordinates":null,"place":null,"contributors":null,"is_quote_status":false,"retweet_count":1253,"favorite_count":6723,"favorited":false,"retweeted":false,"possibly_sensitive":false,"lang":"ja"},{"created_at":"Wed Jul 19 14:08:53 +0000 2017","id":887675613473001500,"id_str":"887675613473001472","text":"好きだよ!好きやねん","truncated":false,"entities":{"hashtags":[],"symbols":[],"user_mentions":[],"urls":[]},"metadata":{"iso_language_code":"ja","result_type":"recent"},"source":"<a href=\"http://twitter.com/download/iphone\" rel=\"nofollow\">Twitter for iPhone</a>","in_reply_to_status_id":null,"in_reply_to_status_id_str":null,"in_reply_to_user_id":null,"in_reply_to_user_id_str":null,"in_reply_to_screen_name":null,"user":{"id":120200591,"id_str":"120200591","name":"堂島孝平","screen_name":"Dojima_Kohei","location":"Tokyo","description":"ミュージシャン / シンガー・ソングライターです。いろいろと活動しています。今年も9月からSOLO TOUR【名古屋/広島/岡山/京都/札幌/仙台/東京/高知/高松/新潟/熊本/福岡/大阪】が始まります。オフィシャルのアナウンスは @DJKH_STAFF で。サンフレッチェ広島が好きです。","url":"https://t.co/XNj3hY5Tww","entities":{"url":{"urls":[{"url":"https://t.co/XNj3hY5Tww","expanded_url":"http://www.djkh.jp","display_url":"djkh.jp","indices":[0,23]}]},"description":{"urls":[]}},"protected":false,"followers_count":36477,"friends_count":869,"listed_count":1366,"created_at":"Fri Mar 05 19:33:12 +0000 2010","favourites_count":133,"utc_offset":32400,"time_zone":"Tokyo","geo_enabled":false,"verified":false,"statuses_count":17203,"lang":"ja","contributors_enabled":false,"is_translator":false,"is_translation_enabled":false,"profile_background_color":"C0DEED","profile_background_image_url":"http://pbs.twimg.com/profile_background_images/529542271822090240/9aM8D2v4.jpeg","profile_background_image_url_https":"https://pbs.twimg.com/profile_background_images/529542271822090240/9aM8D2v4.jpeg","profile_background_tile":true,"profile_image_url":"http://pbs.twimg.com/profile_images/838734220897890304/27SAXji2_normal.jpg","profile_image_url_https":"https://pbs.twimg.com/profile_images/838734220897890304/27SAXji2_normal.jpg","profile_banner_url":"https://pbs.twimg.com/profile_banners/120200591/1488805171","profile_link_color":"981CEB","profile_sidebar_border_color":"FFFFFF","profile_sidebar_fill_color":"FFFFFF","profile_text_color":"333333","profile_use_background_image":true,"has_extended_profile":false,"default_profile":false,"default_profile_image":false,"following":false,"follow_request_sent":false,"notifications":false,"translator_type":"none"},"geo":null,"coordinates":null,"place":null,"contributors":null,"is_quote_status":false,"retweet_count":561,"favorite_count":891,"favorited":false,"retweeted":false,"lang":"ja"},{"created_at":"Wed Jul 19 14:08:20 +0000 2017","id":887675476734427100,"id_str":"887675476734427136","text":"Toki-kin急行、観ながら飲みたいなー","truncated":false,"entities":{"hashtags":[],"symbols":[],"user_mentions":[],"urls":[]},"metadata":{"iso_language_code":"ja","result_type":"recent"},"source":"<a href=\"http://twitter.com/download/iphone\" rel=\"nofollow\">Twitter for iPhone</a>","in_reply_to_status_id":null,"in_reply_to_status_id_str":null,"in_reply_to_user_id":null,"in_reply_to_user_id_str":null,"in_reply_to_screen_name":null,"user":{"id":120200591,"id_str":"120200591","name":"堂島孝平","screen_name":"Dojima_Kohei","location":"Tokyo","description":"ミュージシャン / シンガー・ソングライターです。いろいろと活動しています。今年も9月からSOLO TOUR【名古屋/広島/岡山/京都/札幌/仙台/東京/高知/高松/新潟/熊本/福岡/大阪】が始まります。オフィシャルのアナウンスは @DJKH_STAFF で。サンフレッチェ広島が好きです。","url":"https://t.co/XNj3hY5Tww","entities":{"url":{"urls":[{"url":"https://t.co/XNj3hY5Tww","expanded_url":"http://www.djkh.jp","display_url":"djkh.jp","indices":[0,23]}]},"description":{"urls":[]}},"protected":false,"followers_count":36477,"friends_count":869,"listed_count":1366,"created_at":"Fri Mar 05 19:33:12 +0000 2010","favourites_count":133,"utc_offset":32400,"time_zone":"Tokyo","geo_enabled":false,"verified":false,"statuses_count":17203,"lang":"ja","contributors_enabled":false,"is_translator":false,"is_translation_enabled":false,"profile_background_color":"C0DEED","profile_background_image_url":"http://pbs.twimg.com/profile_background_images/529542271822090240/9aM8D2v4.jpeg","profile_background_image_url_https":"https://pbs.twimg.com/profile_background_images/529542271822090240/9aM8D2v4.jpeg","profile_background_tile":true,"profile_image_url":"http://pbs.twimg.com/profile_images/838734220897890304/27SAXji2_normal.jpg","profile_image_url_https":"https://pbs.twimg.com/profile_images/838734220897890304/27SAXji2_normal.jpg","profile_banner_url":"https://pbs.twimg.com/profile_banners/120200591/1488805171","profile_link_color":"981CEB","profile_sidebar_border_color":"FFFFFF","profile_sidebar_fill_color":"FFFFFF","profile_text_color":"333333","profile_use_background_image":true,"has_extended_profile":false,"default_profile":false,"default_profile_image":false,"following":false,"follow_request_sent":false,"notifications":false,"translator_type":"none"},"geo":null,"coordinates":null,"place":null,"contributors":null,"is_quote_status":false,"retweet_count":950,"favorite_count":1327,"favorited":false,"retweeted":false,"lang":"ja"},{"created_at":"Wed Jul 19 14:06:12 +0000 2017","id":887674938470973400,"id_str":"887674938470973441","text":"独り占め ありさあや https://t.co/9tmO6iuf8L","truncated":false,"entities":{"hashtags":[],"symbols":[],"user_mentions":[],"urls":[],"media":[{"id":887674921874149400,"id_str":"887674921874149379","indices":[11,34],"media_url":"http://pbs.twimg.com/media/DFGno2pU0AMuOia.jpg","media_url_https":"https://pbs.twimg.com/media/DFGno2pU0AMuOia.jpg","url":"https://t.co/9tmO6iuf8L","display_url":"pic.twitter.com/9tmO6iuf8L","expanded_url":"https://twitter.com/syu_612/status/887674938470973441/photo/1","type":"photo","sizes":{"large":{"w":1200,"h":1600,"resize":"fit"},"medium":{"w":900,"h":1200,"resize":"fit"},"thumb":{"w":150,"h":150,"resize":"crop"},"small":{"w":510,"h":680,"resize":"fit"}}}]},"extended_entities":{"media":[{"id":887674921874149400,"id_str":"887674921874149379","indices":[11,34],"media_url":"http://pbs.twimg.com/media/DFGno2pU0AMuOia.jpg","media_url_https":"https://pbs.twimg.com/media/DFGno2pU0AMuOia.jpg","url":"https://t.co/9tmO6iuf8L","display_url":"pic.twitter.com/9tmO6iuf8L","expanded_url":"https://twitter.com/syu_612/status/887674938470973441/photo/1","type":"photo","sizes":{"large":{"w":1200,"h":1600,"resize":"fit"},"medium":{"w":900,"h":1200,"resize":"fit"},"thumb":{"w":150,"h":150,"resize":"crop"},"small":{"w":510,"h":680,"resize":"fit"}}}]},"metadata":{"iso_language_code":"ja","result_type":"recent"},"source":"<a href=\"http://twitter.com/download/iphone\" rel=\"nofollow\">Twitter for iPhone</a>","in_reply_to_status_id":null,"in_reply_to_status_id_str":null,"in_reply_to_user_id":null,"in_reply_to_user_id_str":null,"in_reply_to_screen_name":null,"user":{"id":719097679,"id_str":"719097679","name":"矢坂しゅう@土曜日東D-09a","screen_name":"syu_612","location":"","description":"晴れた空とあの風とバンドパーティと百合。サークル「すまいるすたじお」活動中。連絡先→smilestudio_ysk@hotmail.com","url":"https://t.co/zbGRIsUic2","entities":{"url":{"urls":[{"url":"https://t.co/zbGRIsUic2","expanded_url":"http://www.pixiv.net/member.php?id=2798316","display_url":"pixiv.net/member.php?id=…","indices":[0,23]}]},"description":{"urls":[]}},"protected":false,"followers_count":42858,"friends_count":196,"listed_count":1072,"created_at":"Fri Jul 27 00:43:52 +0000 2012","favourites_count":2825,"utc_offset":28800,"time_zone":"Irkutsk","geo_enabled":true,"verified":false,"statuses_count":62391,"lang":"ja","contributors_enabled":false,"is_translator":false,"is_translation_enabled":false,"profile_background_color":"C0DEED","profile_background_image_url":"http://abs.twimg.com/images/themes/theme1/bg.png","profile_background_image_url_https":"https://abs.twimg.com/images/themes/theme1/bg.png","profile_background_tile":false,"profile_image_url":"http://pbs.twimg.com/profile_images/871350311872372736/GbMfbqRx_normal.jpg","profile_image_url_https":"https://pbs.twimg.com/profile_images/871350311872372736/GbMfbqRx_normal.jpg","profile_banner_url":"https://pbs.twimg.com/profile_banners/719097679/1497015427","profile_link_color":"1DA1F2","profile_sidebar_border_color":"C0DEED","profile_sidebar_fill_color":"DDEEF6","profile_text_color":"333333","profile_use_background_image":true,"has_extended_profile":true,"default_profile":true,"default_profile_image":false,"following":false,"follow_request_sent":false,"notifications":false,"translator_type":"none"},"geo":null,"coordinates":null,"place":null,"contributors":null,"is_quote_status":false,"retweet_count":802,"favorite_count":1607,"favorited":false,"retweeted":false,"possibly_sensitive":false,"lang":"ja"},{"created_at":"Wed Jul 19 14:05:52 +0000 2017","id":887674854874300400,"id_str":"887674854874300416","text":"ニコニコ生放送『メンバー全員出演〜屋形船からDirtyDisco〜』ご覧頂いた皆さんありがとうございました✨\n僕たちも素敵な夏の思い出ができました！\nMCの土屋礼央さん、ありがとうございました！\n\n明日はめざましライブという事でパ… https://t.co/xgZFk0hTZE","truncated":true,"entities":{"hashtags":[],"symbols":[],"user_mentions":[],"urls":[{"url":"https://t.co/xgZFk0hTZE","expanded_url":"https://twitter.com/i/web/status/887674854874300416","display_url":"twitter.com/i/web/status/8…","indices":[117,140]}]},"metadata":{"iso_language_code":"ja","result_type":"recent"},"source":"<a href=\"http://twitter.com/download/iphone\" rel=\"nofollow\">Twitter for iPhone</a>","in_reply_to_status_id":null,"in_reply_to_status_id_str":null,"in_reply_to_user_id":null,"in_reply_to_user_id_str":null,"in_reply_to_screen_name":null,"user":{"id":703069848457228300,"id_str":"703069848457228288","name":"THE RAMPAGE OFFICIAL","screen_name":"therampagefext","location":"","description":"THE RAMPAGE from EXILE TRIBE Official account‼ https://t.co/b2w9QtZAv0","url":"https://t.co/OTrUwgzH9S","entities":{"url":{"urls":[{"url":"https://t.co/OTrUwgzH9S","expanded_url":"https://www.instagram.com/the_rampage_official/","display_url":"instagram.com/the_rampage_of…","indices":[0,23]}]},"description":{"urls":[{"url":"https://t.co/b2w9QtZAv0","expanded_url":"http://the-rampage.jp/","display_url":"the-rampage.jp","indices":[47,70]}]}},"protected":false,"followers_count":309941,"friends_count":96,"listed_count":759,"created_at":"Fri Feb 26 04:11:29 +0000 2016","favourites_count":19,"utc_offset":-25200,"time_zone":"Pacific Time (US & Canada)","geo_enabled":false,"verified":true,"statuses_count":1499,"lang":"ja","contributors_enabled":false,"is_translator":false,"is_translation_enabled":false,"profile_background_color":"F5F8FA","profile_background_image_url":null,"profile_background_image_url_https":null,"profile_background_tile":false,"profile_image_url":"http://pbs.twimg.com/profile_images/791561824906809344/38ndfy6N_normal.jpg","profile_image_url_https":"https://pbs.twimg.com/profile_images/791561824906809344/38ndfy6N_normal.jpg","profile_banner_url":"https://pbs.twimg.com/profile_banners/703069848457228288/1498890358","profile_link_color":"1DA1F2","profile_sidebar_border_color":"C0DEED","profile_sidebar_fill_color":"DDEEF6","profile_text_color":"333333","profile_use_background_image":true,"has_extended_profile":false,"default_profile":true,"default_profile_image":false,"following":false,"follow_request_sent":false,"notifications":false,"translator_type":"none"},"geo":null,"coordinates":null,"place":null,"contributors":null,"is_quote_status":false,"retweet_count":1007,"favorite_count":7060,"favorited":false,"retweeted":false,"possibly_sensitive":false,"lang":"ja"},{"created_at":"Wed Jul 19 14:05:40 +0000 2017","id":887674804563722200,"id_str":"887674804563722240","text":"酔いが来るとKinKiを熱弁してしまうのやめたいけどやめられない","truncated":false,"entities":{"hashtags":[],"symbols":[],"user_mentions":[],"urls":[]},"metadata":{"iso_language_code":"ja","result_type":"recent"},"source":"<a href=\"http://twitter.com/download/iphone\" rel=\"nofollow\">Twitter for iPhone</a>","in_reply_to_status_id":null,"in_reply_to_status_id_str":null,"in_reply_to_user_id":null,"in_reply_to_user_id_str":null,"in_reply_to_screen_name":null,"user":{"id":120200591,"id_str":"120200591","name":"堂島孝平","screen_name":"Dojima_Kohei","location":"Tokyo","description":"ミュージシャン / シンガー・ソングライターです。いろいろと活動しています。今年も9月からSOLO TOUR【名古屋/広島/岡山/京都/札幌/仙台/東京/高知/高松/新潟/熊本/福岡/大阪】が始まります。オフィシャルのアナウンスは @DJKH_STAFF で。サンフレッチェ広島が好きです。","url":"https://t.co/XNj3hY5Tww","entities":{"url":{"urls":[{"url":"https://t.co/XNj3hY5Tww","expanded_url":"http://www.djkh.jp","display_url":"djkh.jp","indices":[0,23]}]},"description":{"urls":[]}},"protected":false,"followers_count":36477,"friends_count":869,"listed_count":1366,"created_at":"Fri Mar 05 19:33:12 +0000 2010","favourites_count":133,"utc_offset":32400,"time_zone":"Tokyo","geo_enabled":false,"verified":false,"statuses_count":17203,"lang":"ja","contributors_enabled":false,"is_translator":false,"is_translation_enabled":false,"profile_background_color":"C0DEED","profile_background_image_url":"http://pbs.twimg.com/profile_background_images/529542271822090240/9aM8D2v4.jpeg","profile_background_image_url_https":"https://pbs.twimg.com/profile_background_images/529542271822090240/9aM8D2v4.jpeg","profile_background_tile":true,"profile_image_url":"http://pbs.twimg.com/profile_images/838734220897890304/27SAXji2_normal.jpg","profile_image_url_https":"https://pbs.twimg.com/profile_images/838734220897890304/27SAXji2_normal.jpg","profile_banner_url":"https://pbs.twimg.com/profile_banners/120200591/1488805171","profile_link_color":"981CEB","profile_sidebar_border_color":"FFFFFF","profile_sidebar_fill_color":"FFFFFF","profile_text_color":"333333","profile_use_background_image":true,"has_extended_profile":false,"default_profile":false,"default_profile_image":false,"following":false,"follow_request_sent":false,"notifications":false,"translator_type":"none"},"geo":null,"coordinates":null,"place":null,"contributors":null,"is_quote_status":false,"retweet_count":1590,"favorite_count":2757,"favorited":false,"retweeted":false,"lang":"ja"},{"created_at":"Wed Jul 19 14:03:51 +0000 2017","id":887674346520498200,"id_str":"887674346520498176","text":"ミュージアムの整理券について電話で担当っぽい人に聞いてみたら前売り持っている人はどの時間帯に行ってもその時間以降からの整理券を渡すので前売り持っている人は安心していらしてくださいとの事。\nクレーマーみたいな感じで色々ごねてしまったけど前売りドブに捨てるとかあり得ないしな…","truncated":false,"entities":{"hashtags":[],"symbols":[],"user_mentions":[],"urls":[]},"metadata":{"iso_language_code":"ja","result_type":"recent"},"source":"<a href=\"http://covelline.com/feather/\" rel=\"nofollow\"> feather for iOS  </a>","in_reply_to_status_id":null,"in_reply_to_status_id_str":null,"in_reply_to_user_id":null,"in_reply_to_user_id_str":null,"in_reply_to_screen_name":null,"user":{"id":122108381,"id_str":"122108381","name":"さよ","screen_name":"sayo_yoi","location":"宛所に尋ねあたりありません。","description":"成人済。 YOIで弾ける用アカウント。 ヴィク勇・勇ヴィク寄りの雑食。とりあえずなんでももぐもぐします。 たまに文字書き。 YOIもそのうち書きたい( ˘ω˘)","url":"https://t.co/pEABGon46d","entities":{"url":{"urls":[{"url":"https://t.co/pEABGon46d","expanded_url":"https://pixiv.me/sasayori","display_url":"pixiv.me/sasayori","indices":[0,23]}]},"description":{"urls":[]}},"protected":false,"followers_count":27,"friends_count":119,"listed_count":10,"created_at":"Thu Mar 11 16:27:55 +0000 2010","favourites_count":765,"utc_offset":32400,"time_zone":"Sapporo","geo_enabled":false,"verified":false,"statuses_count":945,"lang":"ja","contributors_enabled":false,"is_translator":false,"is_translation_enabled":false,"profile_background_color":"C0DEED","profile_background_image_url":"http://abs.twimg.com/images/themes/theme1/bg.png","profile_background_image_url_https":"https://abs.twimg.com/images/themes/theme1/bg.png","profile_background_tile":false,"profile_image_url":"http://pbs.twimg.com/profile_images/886509596755369984/2j_521H9_normal.jpg","profile_image_url_https":"https://pbs.twimg.com/profile_images/886509596755369984/2j_521H9_normal.jpg","profile_banner_url":"https://pbs.twimg.com/profile_banners/122108381/1492840598","profile_link_color":"1DA1F2","profile_sidebar_border_color":"C0DEED","profile_sidebar_fill_color":"DDEEF6","profile_text_color":"333333","profile_use_background_image":true,"has_extended_profile":false,"default_profile":true,"default_profile_image":false,"following":false,"follow_request_sent":false,"notifications":false,"translator_type":"none"},"geo":null,"coordinates":null,"place":null,"contributors":null,"is_quote_status":false,"retweet_count":722,"favorite_count":230,"favorited":false,"retweeted":false,"lang":"ja"},{"created_at":"Wed Jul 19 14:03:46 +0000 2017","id":887674325750370300,"id_str":"887674325750370305","text":"すてら るー🥕 https://t.co/DElqGwPII3","truncated":false,"entities":{"hashtags":[],"symbols":[],"user_mentions":[],"urls":[],"media":[{"id":887674318875803600,"id_str":"887674318875803649","indices":[8,31],"media_url":"http://pbs.twimg.com/media/DFGnFwTUQAE-phX.jpg","media_url_https":"https://pbs.twimg.com/media/DFGnFwTUQAE-phX.jpg","url":"https://t.co/DElqGwPII3","display_url":"pic.twitter.com/DElqGwPII3","expanded_url":"https://twitter.com/no2_xo/status/887674325750370305/photo/1","type":"photo","sizes":{"medium":{"w":674,"h":1200,"resize":"fit"},"thumb":{"w":150,"h":150,"resize":"crop"},"large":{"w":1151,"h":2048,"resize":"fit"},"small":{"w":382,"h":680,"resize":"fit"}}}]},"extended_entities":{"media":[{"id":887674318875803600,"id_str":"887674318875803649","indices":[8,31],"media_url":"http://pbs.twimg.com/media/DFGnFwTUQAE-phX.jpg","media_url_https":"https://pbs.twimg.com/media/DFGnFwTUQAE-phX.jpg","url":"https://t.co/DElqGwPII3","display_url":"pic.twitter.com/DElqGwPII3","expanded_url":"https://twitter.com/no2_xo/status/887674325750370305/photo/1","type":"photo","sizes":{"medium":{"w":674,"h":1200,"resize":"fit"},"thumb":{"w":150,"h":150,"resize":"crop"},"large":{"w":1151,"h":2048,"resize":"fit"},"small":{"w":382,"h":680,"resize":"fit"}}}]},"metadata":{"iso_language_code":"ja","result_type":"recent"},"source":"<a href=\"http://twitter.com/download/iphone\" rel=\"nofollow\">Twitter for iPhone</a>","in_reply_to_status_id":null,"in_reply_to_status_id_str":null,"in_reply_to_user_id":null,"in_reply_to_user_id_str":null,"in_reply_to_screen_name":null,"user":{"id":4631543869,"id_str":"4631543869","name":"まる","screen_name":"no2_xo","location":"","description":"LINEスタンプ、LINE着せ替え、4コマ漫画＊。依頼、転載、加工、トレースやめてください✖️アイコン、待ち受けでのイラストの使用はOKですがそれ以外の使用はご遠慮ください。","url":"https://t.co/HzEd3v1D8W","entities":{"url":{"urls":[{"url":"https://t.co/HzEd3v1D8W","expanded_url":"https://line.me/S/shop/theme/detail?id=7cc3f2a7-a5cf-45f3-9313-09909d0427e9","display_url":"line.me/S/shop/theme/d…","indices":[0,23]}]},"description":{"urls":[]}},"protected":false,"followers_count":118785,"friends_count":46,"listed_count":377,"created_at":"Tue Dec 22 13:47:43 +0000 2015","favourites_count":477,"utc_offset":null,"time_zone":null,"geo_enabled":false,"verified":false,"statuses_count":209,"lang":"ja","contributors_enabled":false,"is_translator":false,"is_translation_enabled":false,"profile_background_color":"F5F8FA","profile_background_image_url":null,"profile_background_image_url_https":null,"profile_background_tile":false,"profile_image_url":"http://pbs.twimg.com/profile_images/886764702461706240/X83dS2Zn_normal.jpg","profile_image_url_https":"https://pbs.twimg.com/profile_images/886764702461706240/X83dS2Zn_normal.jpg","profile_banner_url":"https://pbs.twimg.com/profile_banners/4631543869/1493714115","profile_link_color":"1DA1F2","profile_sidebar_border_color":"C0DEED","profile_sidebar_fill_color":"DDEEF6","profile_text_color":"333333","profile_use_background_image":true,"has_extended_profile":false,"default_profile":true,"default_profile_image":false,"following":false,"follow_request_sent":false,"notifications":false,"translator_type":"none"},"geo":null,"coordinates":null,"place":null,"contributors":null,"is_quote_status":false,"retweet_count":568,"favorite_count":4033,"favorited":false,"retweeted":false,"possibly_sensitive":false,"lang":"ja"},{"created_at":"Wed Jul 19 14:02:53 +0000 2017","id":887674105041870800,"id_str":"887674105041870849","text":"ああああわたしにもそのむねかしてほしいいいいいあああああ\n\n今回も最高だったすき\n\n#過保護のカホコ \n#竹内涼真 https://t.co/S8hKdMidYd","truncated":false,"entities":{"hashtags":[{"text":"過保護のカホコ","indices":[42,50]},{"text":"竹内涼真","indices":[52,57]}],"symbols":[],"user_mentions":[],"urls":[],"media":[{"id":887673444858445800,"id_str":"887673444858445824","indices":[58,81],"media_url":"http://pbs.twimg.com/ext_tw_video_thumb/887673444858445824/pu/img/otGsAOun_wsuwoaK.jpg","media_url_https":"https://pbs.twimg.com/ext_tw_video_thumb/887673444858445824/pu/img/otGsAOun_wsuwoaK.jpg","url":"https://t.co/S8hKdMidYd","display_url":"pic.twitter.com/S8hKdMidYd","expanded_url":"https://twitter.com/nn72345/status/887674105041870849/video/1","type":"photo","sizes":{"small":{"w":340,"h":191,"resize":"fit"},"thumb":{"w":150,"h":150,"resize":"crop"},"medium":{"w":600,"h":338,"resize":"fit"},"large":{"w":1024,"h":576,"resize":"fit"}}}]},"extended_entities":{"media":[{"id":887673444858445800,"id_str":"887673444858445824","indices":[58,81],"media_url":"http://pbs.twimg.com/ext_tw_video_thumb/887673444858445824/pu/img/otGsAOun_wsuwoaK.jpg","media_url_https":"https://pbs.twimg.com/ext_tw_video_thumb/887673444858445824/pu/img/otGsAOun_wsuwoaK.jpg","url":"https://t.co/S8hKdMidYd","display_url":"pic.twitter.com/S8hKdMidYd","expanded_url":"https://twitter.com/nn72345/status/887674105041870849/video/1","type":"video","sizes":{"small":{"w":340,"h":191,"resize":"fit"},"thumb":{"w":150,"h":150,"resize":"crop"},"medium":{"w":600,"h":338,"resize":"fit"},"large":{"w":1024,"h":576,"resize":"fit"}},"video_info":{"aspect_ratio":[16,9],"duration_millis":80754,"variants":[{"bitrate":320000,"content_type":"video/mp4","url":"https://video.twimg.com/ext_tw_video/887673444858445824/pu/vid/320x180/Tk9Qzc9GBObfYAfV.mp4"},{"bitrate":832000,"content_type":"video/mp4","url":"https://video.twimg.com/ext_tw_video/887673444858445824/pu/vid/640x360/MvCJ0oz15XatoS1b.mp4"},{"content_type":"application/x-mpegURL","url":"https://video.twimg.com/ext_tw_video/887673444858445824/pu/pl/7KcyIfFl8DDN7zZs.m3u8"},{"bitrate":2176000,"content_type":"video/mp4","url":"https://video.twimg.com/ext_tw_video/887673444858445824/pu/vid/1280x720/8StgEDtdDwskxX84.mp4"}]},"additional_media_info":{"monetizable":false}}]},"metadata":{"iso_language_code":"ja","result_type":"recent"},"source":"<a href=\"http://twitter.com/download/iphone\" rel=\"nofollow\">Twitter for iPhone</a>","in_reply_to_status_id":null,"in_reply_to_status_id_str":null,"in_reply_to_user_id":null,"in_reply_to_user_id_str":null,"in_reply_to_screen_name":null,"user":{"id":1369163672,"id_str":"1369163672","name":"なっつみん","screen_name":"nn72345","location":"おふとんおふとんおふとん","description":"Helena.MT▷済々黌(くまモン)▷大阪大学外国語学部韓国語2回・ATOZ/西野カナ/Disney","url":"https://t.co/GngLNO1AgG","entities":{"url":{"urls":[{"url":"https://t.co/GngLNO1AgG","expanded_url":"http://Instagram.com/natsuminnn.n","display_url":"Instagram.com/natsuminnn.n","indices":[0,23]}]},"description":{"urls":[]}},"protected":false,"followers_count":1783,"friends_count":1096,"listed_count":6,"created_at":"Sun Apr 21 09:45:44 +0000 2013","favourites_count":28998,"utc_offset":null,"time_zone":null,"geo_enabled":false,"verified":false,"statuses_count":20655,"lang":"ja","contributors_enabled":false,"is_translator":false,"is_translation_enabled":false,"profile_background_color":"C0DEED","profile_background_image_url":"http://abs.twimg.com/images/themes/theme1/bg.png","profile_background_image_url_https":"https://abs.twimg.com/images/themes/theme1/bg.png","profile_background_tile":false,"profile_image_url":"http://pbs.twimg.com/profile_images/843027183815684096/shHvuWme_normal.jpg","profile_image_url_https":"https://pbs.twimg.com/profile_images/843027183815684096/shHvuWme_normal.jpg","profile_banner_url":"https://pbs.twimg.com/profile_banners/1369163672/1477911243","profile_link_color":"1DA1F2","profile_sidebar_border_color":"C0DEED","profile_sidebar_fill_color":"DDEEF6","profile_text_color":"333333","profile_use_background_image":true,"has_extended_profile":true,"default_profile":true,"default_profile_image":false,"following":false,"follow_request_sent":false,"notifications":false,"translator_type":"none"},"geo":null,"coordinates":null,"place":null,"contributors":null,"is_quote_status":false,"retweet_count":787,"favorite_count":1976,"favorited":false,"retweeted":false,"possibly_sensitive":false,"lang":"ja"}],"search_metadata":{"completed_in":0.161,"max_id":887684502381666300,"max_id_str":"887684502381666304","next_results":"?max_id=887674105041870848&q=lang%3Aja%20min_retweets%3A500&include_entities=1","query":"lang%3Aja+min_retweets%3A500","refresh_url":"?since_id=887684502381666304&q=lang%3Aja%20min_retweets%3A500&include_entities=1","count":15,"since_id":0,"since_id_str":"0"}}