{"statuses":[{"created_at":"Wed Jul 19 10:13:16 +0000 2017","id":887616319176060900,"id_str":"887616319176060928","text":"swipe ⬅️\n\n飲んでそして踊ろう💃\n#クラッシュダンス\n\n#KFC #krushers #ケンタッキー\n\n#aaa #末吉秀太 #宇野実彩子\n\n#sweets #fruit… https://t.co/n3HtzoY7ny","truncated":false,"entities":{"hashtags":[{"text":"クラッシュダンス","indices":[21,30]},{"text":"KFC","indices":[32,36]},{"text":"krushers","indices":[37,46]},{"text":"ケンタッキー","indices":[47,54]},{"text":"aaa","indices":[56,60]},{"text":"末吉秀太","indices":[61,66]},{"text":"宇野実彩子","indices":[67,73]},{"text":"sweets","indices":[75,82]},{"text":"fruit","indices":[83,89]}],"symbols":[],"user_mentions":[],"urls":[{"url":"https://t.co/n3HtzoY7ny","expanded_url":"https://www.instagram.com/p/BWuXAXMFR93/","display_url":"instagram.com/p/BWuXAXMFR93/","indices":[91,114]}]},"metadata":{"iso_language_code":"ja","result_type":"recent"},"source":"<a href=\"http://instagram.com\" rel=\"nofollow\">Instagram</a>","in_reply_to_status_id":null,"in_reply_to_status_id_str":null,"in_reply_to_user_id":null,"in_reply_to_user_id_str":null,"in_reply_to_screen_name":null,"user":{"id":175292499,"id_str":"175292499","name":"宇野実彩子 AAA","screen_name":"uno_uno_0716","location":"","description":"AAA宇野実彩子です。♡   https://t.co/vI0rZGNNmW","url":null,"entities":{"description":{"urls":[{"url":"https://t.co/vI0rZGNNmW","expanded_url":"http://instagram.com/misako_uno_aaa","display_url":"instagram.com/misako_uno_aaa","indices":[15,38]}]}},"protected":false,"followers_count":967982,"friends_count":58,"listed_count":5827,"created_at":"Fri Aug 06 05:45:06 +0000 2010","favourites_count":0,"utc_offset":null,"time_zone":null,"geo_enabled":false,"verified":true,"statuses_count":3993,"lang":"ja","contributors_enabled":false,"is_translator":false,"is_translation_enabled":false,"profile_background_color":"C0DEED","profile_background_image_url":"http://abs.twimg.com/images/themes/theme1/bg.png","profile_background_image_url_https":"https://abs.twimg.com/images/themes/theme1/bg.png","profile_background_tile":false,"profile_image_url":"http://pbs.twimg.com/profile_images/848347777713045504/UQZvEaFv_normal.jpg","profile_image_url_https":"https://pbs.twimg.com/profile_images/848347777713045504/UQZvEaFv_normal.jpg","profile_banner_url":"https://pbs.twimg.com/profile_banners/175292499/1491096848","profile_link_color":"1DA1F2","profile_sidebar_border_color":"C0DEED","profile_sidebar_fill_color":"DDEEF6","profile_text_color":"333333","profile_use_background_image":true,"has_extended_profile":false,"default_profile":true,"default_profile_image":false,"following":false,"follow_request_sent":false,"notifications":false,"translator_type":"none"},"geo":null,"coordinates":null,"place":null,"contributors":null,"is_quote_status":false,"retweet_count":535,"favorite_count":2570,"favorited":false,"retweeted":false,"possibly_sensitive":false,"lang":"ja"},{"created_at":"Wed Jul 19 10:11:25 +0000 2017","id":887615854573101000,"id_str":"887615854573101056","text":"いま✌🏽 https://t.co/popHLk8RO8","truncated":false,"entities":{"hashtags":[],"symbols":[],"user_mentions":[],"urls":[],"media":[{"id":887615851590950900,"id_str":"887615851590950912","indices":[5,28],"media_url":"http://pbs.twimg.com/media/DFFx6gsVoAA4ZpD.jpg","media_url_https":"https://pbs.twimg.com/media/DFFx6gsVoAA4ZpD.jpg","url":"https://t.co/popHLk8RO8","display_url":"pic.twitter.com/popHLk8RO8","expanded_url":"https://twitter.com/T_IWATA_EX_3JSB/status/887615854573101056/photo/1","type":"photo","sizes":{"large":{"w":2048,"h":2048,"resize":"fit"},"thumb":{"w":150,"h":150,"resize":"crop"},"medium":{"w":1200,"h":1200,"resize":"fit"},"small":{"w":680,"h":680,"resize":"fit"}}}]},"extended_entities":{"media":[{"id":887615851590950900,"id_str":"887615851590950912","indices":[5,28],"media_url":"http://pbs.twimg.com/media/DFFx6gsVoAA4ZpD.jpg","media_url_https":"https://pbs.twimg.com/media/DFFx6gsVoAA4ZpD.jpg","url":"https://t.co/popHLk8RO8","display_url":"pic.twitter.com/popHLk8RO8","expanded_url":"https://twitter.com/T_IWATA_EX_3JSB/status/887615854573101056/photo/1","type":"photo","sizes":{"large":{"w":2048,"h":2048,"resize":"fit"},"thumb":{"w":150,"h":150,"resize":"crop"},"medium":{"w":1200,"h":1200,"resize":"fit"},"small":{"w":680,"h":680,"resize":"fit"}}}]},"metadata":{"iso_language_code":"ja","result_type":"recent"},"source":"<a href=\"http://twitter.com/download/iphone\" rel=\"nofollow\">Twitter for iPhone</a>","in_reply_to_status_id":null,"in_reply_to_status_id_str":null,"in_reply_to_user_id":null,"in_reply_to_user_id_str":null,"in_reply_to_screen_name":null,"user":{"id":3836540300,"id_str":"3836540300","name":"Takanori Iwata","screen_name":"T_IWATA_EX_3JSB","location":"Tokyo, JAPAN","description":"岩田剛典 (Dancer/Actor/a member of ‘EXILE’ and ‘The 3rd J Soul Brothers’ in Japan.)","url":"https://t.co/tIwDJnf60E","entities":{"url":{"urls":[{"url":"https://t.co/tIwDJnf60E","expanded_url":"https://m.youtube.com/watch?v=vS7-JPj8V-Q","display_url":"m.youtube.com/watch?v=vS7-JP…","indices":[0,23]}]},"description":{"urls":[]}},"protected":false,"followers_count":1605975,"friends_count":138,"listed_count":2574,"created_at":"Fri Oct 09 12:58:54 +0000 2015","favourites_count":158,"utc_offset":-25200,"time_zone":"Pacific Time (US & Canada)","geo_enabled":true,"verified":true,"statuses_count":893,"lang":"ja","contributors_enabled":false,"is_translator":false,"is_translation_enabled":false,"profile_background_color":"C0DEED","profile_background_image_url":"http://abs.twimg.com/images/themes/theme1/bg.png","profile_background_image_url_https":"https://abs.twimg.com/images/themes/theme1/bg.png","profile_background_tile":false,"profile_image_url":"http://pbs.twimg.com/profile_images/847859713119105024/5o620jiE_normal.jpg","profile_image_url_https":"https://pbs.twimg.com/profile_images/847859713119105024/5o620jiE_normal.jpg","profile_banner_url":"https://pbs.twimg.com/profile_banners/3836540300/1489420755","profile_link_color":"1DA1F2","profile_sidebar_border_color":"C0DEED","profile_sidebar_fill_color":"DDEEF6","profile_text_color":"333333","profile_use_background_image":true,"has_extended_profile":false,"default_profile":true,"default_profile_image":false,"following":false,"follow_request_sent":false,"notifications":false,"translator_type":"none"},"geo":null,"coordinates":null,"place":null,"contributors":null,"is_quote_status":false,"retweet_count":2743,"favorite_count":11851,"favorited":false,"retweeted":false,"possibly_sensitive":false,"lang":"ja"},{"created_at":"Wed Jul 19 10:05:45 +0000 2017","id":887614427125522400,"id_str":"887614427125522433","text":"動画投稿ーー！ディズニーで実写じゃー！TDL歩いてるだけで楽しい。1日カリブの海賊だけ乗るとかやりたい。どうぞーー⇒⇒東京ディズニーランドに消えた男 https://t.co/GAYLwS8mJN @YouTubeさんから\n\nシンデレラ城前でジャンプして写真はまだ早かったようだ。","truncated":false,"entities":{"hashtags":[],"symbols":[],"user_mentions":[{"screen_name":"YouTube","name":"YouTube","id":10228272,"id_str":"10228272","indices":[99,107]}],"urls":[{"url":"https://t.co/GAYLwS8mJN","expanded_url":"https://youtu.be/fYABn0YUoiQ","display_url":"youtu.be/fYABn0YUoiQ","indices":[75,98]}]},"metadata":{"iso_language_code":"ja","result_type":"recent"},"source":"<a href=\"http://twitter.com\" rel=\"nofollow\">Twitter Web Client</a>","in_reply_to_status_id":null,"in_reply_to_status_id_str":null,"in_reply_to_user_id":null,"in_reply_to_user_id_str":null,"in_reply_to_screen_name":null,"user":{"id":129471863,"id_str":"129471863","name":"キヨ","screen_name":"kiyo_saiore","location":"スペイン（北海道）","description":"最俺です。サッカーと女優さんが大好きです⊿ 【YouTubeもやってまする→https://t.co/M2G1Ca630B】【インスタ→https://t.co/VGRhuAb1Kg】【 何かありましたら→saiorenraku@yahoo.co.jp】","url":"https://t.co/7HAKQXfg1o","entities":{"url":{"urls":[{"url":"https://t.co/7HAKQXfg1o","expanded_url":"http://ch.nicovideo.jp/kiyo-saiore","display_url":"ch.nicovideo.jp/kiyo-saiore","indices":[0,23]}]},"description":{"urls":[{"url":"https://t.co/M2G1Ca630B","expanded_url":"http://goo.gl/zcqUED","display_url":"goo.gl/zcqUED","indices":[38,61]},{"url":"https://t.co/VGRhuAb1Kg","expanded_url":"http://instagram.com/kiyo_yuusya","display_url":"instagram.com/kiyo_yuusya","indices":[68,91]}]}},"protected":false,"followers_count":706696,"friends_count":134,"listed_count":10579,"created_at":"Sun Apr 04 11:41:01 +0000 2010","favourites_count":3,"utc_offset":null,"time_zone":null,"geo_enabled":false,"verified":false,"statuses_count":11029,"lang":"ja","contributors_enabled":false,"is_translator":false,"is_translation_enabled":false,"profile_background_color":"C0DEED","profile_background_image_url":"http://pbs.twimg.com/profile_background_images/260683996/45274__.jpg","profile_background_image_url_https":"https://pbs.twimg.com/profile_background_images/260683996/45274__.jpg","profile_background_tile":true,"profile_image_url":"http://pbs.twimg.com/profile_images/482906167367041024/s0nqByHX_normal.jpeg","profile_image_url_https":"https://pbs.twimg.com/profile_images/482906167367041024/s0nqByHX_normal.jpeg","profile_banner_url":"https://pbs.twimg.com/profile_banners/129471863/1471178099","profile_link_color":"0084B4","profile_sidebar_border_color":"C0DEED","profile_sidebar_fill_color":"DDEEF6","profile_text_color":"333333","profile_use_background_image":true,"has_extended_profile":false,"default_profile":false,"default_profile_image":false,"following":false,"follow_request_sent":false,"notifications":false,"translator_type":"none"},"geo":null,"coordinates":null,"place":null,"contributors":null,"is_quote_status":false,"retweet_count":736,"favorite_count":2840,"favorited":false,"retweeted":false,"possibly_sensitive":false,"lang":"ja"},{"created_at":"Wed Jul 19 10:01:08 +0000 2017","id":887613266800787500,"id_str":"887613266800787456","text":"珍しく本気を出しました\n\nみなさん\n\n大変大変大っっ変お待たせしました\n\nついに本日20:30\n\n実写歌ってみた第二弾\n\n投稿します。\n\nもう1度言います…\n\n「本気」です。 https://t.co/7q5iJTZI7J","truncated":false,"entities":{"hashtags":[],"symbols":[],"user_mentions":[],"urls":[],"media":[{"id":887613259355791400,"id_str":"887613259355791360","indices":[88,111],"media_url":"http://pbs.twimg.com/media/DFFvjn3UIAAYe14.jpg","media_url_https":"https://pbs.twimg.com/media/DFFvjn3UIAAYe14.jpg","url":"https://t.co/7q5iJTZI7J","display_url":"pic.twitter.com/7q5iJTZI7J","expanded_url":"https://twitter.com/My_kwk_N/status/887613266800787456/photo/1","type":"photo","sizes":{"medium":{"w":1200,"h":673,"resize":"fit"},"large":{"w":2048,"h":1148,"resize":"fit"},"thumb":{"w":150,"h":150,"resize":"crop"},"small":{"w":680,"h":381,"resize":"fit"}}}]},"extended_entities":{"media":[{"id":887613259355791400,"id_str":"887613259355791360","indices":[88,111],"media_url":"http://pbs.twimg.com/media/DFFvjn3UIAAYe14.jpg","media_url_https":"https://pbs.twimg.com/media/DFFvjn3UIAAYe14.jpg","url":"https://t.co/7q5iJTZI7J","display_url":"pic.twitter.com/7q5iJTZI7J","expanded_url":"https://twitter.com/My_kwk_N/status/887613266800787456/photo/1","type":"photo","sizes":{"medium":{"w":1200,"h":673,"resize":"fit"},"large":{"w":2048,"h":1148,"resize":"fit"},"thumb":{"w":150,"h":150,"resize":"crop"},"small":{"w":680,"h":381,"resize":"fit"}}}]},"metadata":{"iso_language_code":"ja","result_type":"recent"},"source":"<a href=\"http://twitter.com/download/iphone\" rel=\"nofollow\">Twitter for iPhone</a>","in_reply_to_status_id":null,"in_reply_to_status_id_str":null,"in_reply_to_user_id":null,"in_reply_to_user_id_str":null,"in_reply_to_screen_name":null,"user":{"id":2897656159,"id_str":"2897656159","name":"みやかわくん","screen_name":"My_kwk_N","location":"","description":"ｱｯ","url":null,"entities":{"description":{"urls":[]}},"protected":false,"followers_count":400926,"friends_count":70,"listed_count":1234,"created_at":"Wed Nov 12 14:34:23 +0000 2014","favourites_count":36678,"utc_offset":-25200,"time_zone":"Pacific Time (US & Canada)","geo_enabled":false,"verified":false,"statuses_count":6174,"lang":"ja","contributors_enabled":false,"is_translator":false,"is_translation_enabled":false,"profile_background_color":"000000","profile_background_image_url":"http://abs.twimg.com/images/themes/theme1/bg.png","profile_background_image_url_https":"https://abs.twimg.com/images/themes/theme1/bg.png","profile_background_tile":false,"profile_image_url":"http://pbs.twimg.com/profile_images/863795897691287552/Hx3P2xcH_normal.jpg","profile_image_url_https":"https://pbs.twimg.com/profile_images/863795897691287552/Hx3P2xcH_normal.jpg","profile_banner_url":"https://pbs.twimg.com/profile_banners/2897656159/1473694510","profile_link_color":"9266CC","profile_sidebar_border_color":"000000","profile_sidebar_fill_color":"000000","profile_text_color":"000000","profile_use_background_image":false,"has_extended_profile":false,"default_profile":false,"default_profile_image":false,"following":false,"follow_request_sent":false,"notifications":false,"translator_type":"none"},"geo":null,"coordinates":null,"place":null,"contributors":null,"is_quote_status":false,"retweet_count":1364,"favorite_count":7216,"favorited":false,"retweeted":false,"possibly_sensitive":false,"lang":"ja"},{"created_at":"Wed Jul 19 10:00:22 +0000 2017","id":887613074307469300,"id_str":"887613074307469312","text":"🎊🎊🎊大ヒット記念プレゼント！🎊🎊🎊\n\n「#兄こま」大ヒット！を記念して、先日のイベントでも配布した特製うちわ🌴を、このツイートをRTしてくれた方の中から抽選で20名様にプレゼント💞\nアカウントのフォローもお忘れなく💫\n\n※裏側の… https://t.co/FxsHKTanOp","truncated":true,"entities":{"hashtags":[{"text":"兄こま","indices":[21,25]}],"symbols":[],"user_mentions":[],"urls":[{"url":"https://t.co/FxsHKTanOp","expanded_url":"https://twitter.com/i/web/status/887613074307469312","display_url":"twitter.com/i/web/status/8…","indices":[117,140]}]},"metadata":{"iso_language_code":"ja","result_type":"recent"},"source":"<a href=\"http://www.hootsuite.com\" rel=\"nofollow\">Hootsuite</a>","in_reply_to_status_id":null,"in_reply_to_status_id_str":null,"in_reply_to_user_id":null,"in_reply_to_user_id_str":null,"in_reply_to_screen_name":null,"user":{"id":763281638470004700,"id_str":"763281638470004737","name":"映画『兄に愛されすぎて困ってます』公式","screen_name":"anikoma_movie","location":"","description":"映画『兄に愛されすぎて困ってます』公式Twitterです。2017.6.30（金）全国ロードショー！ドラマは2017.4.12（水）深夜より、日本テレビ他で放送スタート！ ♡公式Instagram→https://t.co/PPVn3uhvC0 #兄こま","url":"https://t.co/f21AagyUBF","entities":{"url":{"urls":[{"url":"https://t.co/f21AagyUBF","expanded_url":"http://anikoma-movie.jp/","display_url":"anikoma-movie.jp","indices":[0,23]}]},"description":{"urls":[{"url":"https://t.co/PPVn3uhvC0","expanded_url":"https://www.instagram.com/anikoma_movie/","display_url":"instagram.com/anikoma_movie/","indices":[99,122]}]}},"protected":false,"followers_count":201900,"friends_count":20,"listed_count":302,"created_at":"Wed Aug 10 07:51:38 +0000 2016","favourites_count":6,"utc_offset":null,"time_zone":null,"geo_enabled":false,"verified":false,"statuses_count":1196,"lang":"ja","contributors_enabled":false,"is_translator":false,"is_translation_enabled":false,"profile_background_color":"F5F8FA","profile_background_image_url":null,"profile_background_image_url_https":null,"profile_background_tile":false,"profile_image_url":"http://pbs.twimg.com/profile_images/811768830242353153/kkD1baIc_normal.jpg","profile_image_url_https":"https://pbs.twimg.com/profile_images/811768830242353153/kkD1baIc_normal.jpg","profile_banner_url":"https://pbs.twimg.com/profile_banners/763281638470004737/1482375747","profile_link_color":"1DA1F2","profile_sidebar_border_color":"C0DEED","profile_sidebar_fill_color":"DDEEF6","profile_text_color":"333333","profile_use_background_image":true,"has_extended_profile":false,"default_profile":true,"default_profile_image":false,"following":false,"follow_request_sent":false,"notifications":false,"translator_type":"none"},"geo":null,"coordinates":null,"place":null,"contributors":null,"is_quote_status":false,"retweet_count":2894,"favorite_count":2498,"favorited":false,"retweeted":false,"possibly_sensitive":false,"lang":"ja"},{"created_at":"Wed Jul 19 09:55:00 +0000 2017","id":887611724597035000,"id_str":"887611724597035008","text":"【収録カード】9月9日（土）発売『エクストラパック2017』に「灼銀の機竜」が収録！\n\n #遊戯王 #VRAINS #ygo_EP17 https://t.co/CLdmrEC9fZ","truncated":false,"entities":{"hashtags":[{"text":"遊戯王","indices":[45,49]},{"text":"VRAINS","indices":[50,57]},{"text":"ygo_EP17","indices":[58,67]}],"symbols":[],"user_mentions":[],"urls":[],"media":[{"id":887606497458257900,"id_str":"887606497458257920","indices":[68,91],"media_url":"http://pbs.twimg.com/media/DFFpaB1UAAAaubh.jpg","media_url_https":"https://pbs.twimg.com/media/DFFpaB1UAAAaubh.jpg","url":"https://t.co/CLdmrEC9fZ","display_url":"pic.twitter.com/CLdmrEC9fZ","expanded_url":"https://twitter.com/YuGiOh_OCG_INFO/status/887611724597035008/photo/1","type":"photo","sizes":{"small":{"w":680,"h":479,"resize":"fit"},"thumb":{"w":150,"h":150,"resize":"crop"},"medium":{"w":1050,"h":740,"resize":"fit"},"large":{"w":1050,"h":740,"resize":"fit"}}}]},"extended_entities":{"media":[{"id":887606497458257900,"id_str":"887606497458257920","indices":[68,91],"media_url":"http://pbs.twimg.com/media/DFFpaB1UAAAaubh.jpg","media_url_https":"https://pbs.twimg.com/media/DFFpaB1UAAAaubh.jpg","url":"https://t.co/CLdmrEC9fZ","display_url":"pic.twitter.com/CLdmrEC9fZ","expanded_url":"https://twitter.com/YuGiOh_OCG_INFO/status/887611724597035008/photo/1","type":"photo","sizes":{"small":{"w":680,"h":479,"resize":"fit"},"thumb":{"w":150,"h":150,"resize":"crop"},"medium":{"w":1050,"h":740,"resize":"fit"},"large":{"w":1050,"h":740,"resize":"fit"}}}]},"metadata":{"iso_language_code":"ja","result_type":"recent"},"source":"<a href=\"https://about.twitter.com/products/tweetdeck\" rel=\"nofollow\">TweetDeck</a>","in_reply_to_status_id":null,"in_reply_to_status_id_str":null,"in_reply_to_user_id":null,"in_reply_to_user_id_str":null,"in_reply_to_screen_name":null,"user":{"id":618646265,"id_str":"618646265","name":"【公式】遊戯王OCG","screen_name":"YuGiOh_OCG_INFO","location":"","description":"遊戯王OCGの商品やイベント等の最新情報をお知らせする遊戯王OCG公式アカウントです。※本アカウントではご質問などにはお応えしておりません。※ご要望・お問合せhttps://t.co/c6mm6KvoJt 　※当社Twitter利用方針https://t.co/muese0Hh4f","url":"http://t.co/5WI4OZNG5x","entities":{"url":{"urls":[{"url":"http://t.co/5WI4OZNG5x","expanded_url":"http://www.yugioh-card.com/japan/","display_url":"yugioh-card.com/japan/","indices":[0,22]}]},"description":{"urls":[{"url":"https://t.co/c6mm6KvoJt","expanded_url":"http://573.jp/inqu","display_url":"573.jp/inqu","indices":[79,102]},{"url":"https://t.co/muese0Hh4f","expanded_url":"http://573.jp/twpl","display_url":"573.jp/twpl","indices":[118,141]}]}},"protected":false,"followers_count":153701,"friends_count":129,"listed_count":1144,"created_at":"Tue Jun 26 02:27:28 +0000 2012","favourites_count":0,"utc_offset":28800,"time_zone":"Irkutsk","geo_enabled":true,"verified":true,"statuses_count":12965,"lang":"ja","contributors_enabled":false,"is_translator":false,"is_translation_enabled":false,"profile_background_color":"C0DEED","profile_background_image_url":"http://abs.twimg.com/images/themes/theme1/bg.png","profile_background_image_url_https":"https://abs.twimg.com/images/themes/theme1/bg.png","profile_background_tile":false,"profile_image_url":"http://pbs.twimg.com/profile_images/874795612113297408/Febxyun__normal.jpg","profile_image_url_https":"https://pbs.twimg.com/profile_images/874795612113297408/Febxyun__normal.jpg","profile_banner_url":"https://pbs.twimg.com/profile_banners/618646265/1497489519","profile_link_color":"082FA3","profile_sidebar_border_color":"FFFFFF","profile_sidebar_fill_color":"DDEEF6","profile_text_color":"333333","profile_use_background_image":true,"has_extended_profile":false,"default_profile":false,"default_profile_image":false,"following":false,"follow_request_sent":false,"notifications":false,"translator_type":"none"},"geo":null,"coordinates":null,"place":null,"contributors":null,"is_quote_status":false,"retweet_count":643,"favorite_count":283,"favorited":false,"retweeted":false,"possibly_sensitive":false,"lang":"ja"},{"created_at":"Wed Jul 19 09:52:25 +0000 2017","id":887611074937102300,"id_str":"887611074937102338","text":"【グッズ情報追記】\nオリジナルペンライトは【通常版】と【Knights ver】の２種ございます。ご購入の際はお気をつけください。今回、すべて数の上限は設けておりませんので、期間中に是非申込みくださいませ！！… https://t.co/ItdRsec0MK","truncated":true,"entities":{"hashtags":[],"symbols":[],"user_mentions":[],"urls":[{"url":"https://t.co/ItdRsec0MK","expanded_url":"https://twitter.com/i/web/status/887611074937102338","display_url":"twitter.com/i/web/status/8…","indices":[106,129]}]},"metadata":{"iso_language_code":"ja","result_type":"recent"},"source":"<a href=\"http://twitter.com\" rel=\"nofollow\">Twitter Web Client</a>","in_reply_to_status_id":null,"in_reply_to_status_id_str":null,"in_reply_to_user_id":null,"in_reply_to_user_id_str":null,"in_reply_to_screen_name":null,"user":{"id":713225083829878800,"id_str":"713225083829878784","name":"『あんさんぶるスターズ！オン・ステージ』","screen_name":"ensemble_stage","location":"","description":"「あんさんぶるスターズ!」舞台化作品 『あんさんぶるスターズ！オン・ステージ』公式アカウントです。2017年9月最新作上演決定！ ※当アカウントへのお問い合わせにはお答えできません。#あんステ","url":"https://t.co/QuoGTcHopb","entities":{"url":{"urls":[{"url":"https://t.co/QuoGTcHopb","expanded_url":"http://www.marv.jp/special/ensemble_stage/","display_url":"marv.jp/special/ensemb…","indices":[0,23]}]},"description":{"urls":[]}},"protected":false,"followers_count":82154,"friends_count":71,"listed_count":1570,"created_at":"Fri Mar 25 04:44:45 +0000 2016","favourites_count":1,"utc_offset":32400,"time_zone":"Tokyo","geo_enabled":false,"verified":true,"statuses_count":791,"lang":"ja","contributors_enabled":false,"is_translator":false,"is_translation_enabled":false,"profile_background_color":"000000","profile_background_image_url":"http://abs.twimg.com/images/themes/theme1/bg.png","profile_background_image_url_https":"https://abs.twimg.com/images/themes/theme1/bg.png","profile_background_tile":false,"profile_image_url":"http://pbs.twimg.com/profile_images/875562408315465730/fG-gOfY5_normal.jpg","profile_image_url_https":"https://pbs.twimg.com/profile_images/875562408315465730/fG-gOfY5_normal.jpg","profile_banner_url":"https://pbs.twimg.com/profile_banners/713225083829878784/1496631655","profile_link_color":"91D2FA","profile_sidebar_border_color":"000000","profile_sidebar_fill_color":"000000","profile_text_color":"000000","profile_use_background_image":false,"has_extended_profile":false,"default_profile":false,"default_profile_image":false,"following":false,"follow_request_sent":false,"notifications":false,"translator_type":"none"},"geo":null,"coordinates":null,"place":null,"contributors":null,"is_quote_status":false,"retweet_count":1258,"favorite_count":1322,"favorited":false,"retweeted":false,"possibly_sensitive":false,"lang":"ja"},{"created_at":"Wed Jul 19 09:39:47 +0000 2017","id":887607892886474800,"id_str":"887607892886474752","text":"男子校っす https://t.co/rXjFKz9Yum","truncated":false,"entities":{"hashtags":[],"symbols":[],"user_mentions":[],"urls":[],"media":[{"id":887607886288793600,"id_str":"887607886288793600","indices":[6,29],"media_url":"http://pbs.twimg.com/media/DFFqq3oUMAAGJfJ.jpg","media_url_https":"https://pbs.twimg.com/media/DFFqq3oUMAAGJfJ.jpg","url":"https://t.co/rXjFKz9Yum","display_url":"pic.twitter.com/rXjFKz9Yum","expanded_url":"https://twitter.com/yuyutax/status/887607892886474752/photo/1","type":"photo","sizes":{"large":{"w":639,"h":854,"resize":"fit"},"medium":{"w":639,"h":854,"resize":"fit"},"thumb":{"w":150,"h":150,"resize":"crop"},"small":{"w":509,"h":680,"resize":"fit"}}}]},"extended_entities":{"media":[{"id":887607886288793600,"id_str":"887607886288793600","indices":[6,29],"media_url":"http://pbs.twimg.com/media/DFFqq3oUMAAGJfJ.jpg","media_url_https":"https://pbs.twimg.com/media/DFFqq3oUMAAGJfJ.jpg","url":"https://t.co/rXjFKz9Yum","display_url":"pic.twitter.com/rXjFKz9Yum","expanded_url":"https://twitter.com/yuyutax/status/887607892886474752/photo/1","type":"photo","sizes":{"large":{"w":639,"h":854,"resize":"fit"},"medium":{"w":639,"h":854,"resize":"fit"},"thumb":{"w":150,"h":150,"resize":"crop"},"small":{"w":509,"h":680,"resize":"fit"}}}]},"metadata":{"iso_language_code":"ja","result_type":"recent"},"source":"<a href=\"http://twitter.com/download/iphone\" rel=\"nofollow\">Twitter for iPhone</a>","in_reply_to_status_id":null,"in_reply_to_status_id_str":null,"in_reply_to_user_id":null,"in_reply_to_user_id_str":null,"in_reply_to_screen_name":null,"user":{"id":127552216,"id_str":"127552216","name":"ゆゆうた","screen_name":"yuyutax","location":"東京","description":"サンクラ: https://t.co/PMnfnayOdw ニコ生: https://t.co/3R59crQYeXご用のある方はDMまでお願い致します。","url":"https://t.co/V7QSyzzwFT","entities":{"url":{"urls":[{"url":"https://t.co/V7QSyzzwFT","expanded_url":"http://www.nicovideo.jp/mylist/2229196#+sort=1","display_url":"nicovideo.jp/mylist/2229196…","indices":[0,23]}]},"description":{"urls":[{"url":"https://t.co/PMnfnayOdw","expanded_url":"https://soundcloud.com/user-446498825","display_url":"soundcloud.com/user-446498825","indices":[6,29]},{"url":"https://t.co/3R59crQYeX","expanded_url":"http://com.nicovideo.jp/community/co3593415","display_url":"com.nicovideo.jp/community/co35…","indices":[35,58]}]}},"protected":false,"followers_count":33972,"friends_count":7194,"listed_count":226,"created_at":"Mon Mar 29 15:36:01 +0000 2010","favourites_count":4438,"utc_offset":32400,"time_zone":"Tokyo","geo_enabled":true,"verified":false,"statuses_count":4202,"lang":"ja","contributors_enabled":false,"is_translator":false,"is_translation_enabled":false,"profile_background_color":"ACDED6","profile_background_image_url":"http://pbs.twimg.com/profile_background_images/688410283023282176/CrU1pJ99.jpg","profile_background_image_url_https":"https://pbs.twimg.com/profile_background_images/688410283023282176/CrU1pJ99.jpg","profile_background_tile":false,"profile_image_url":"http://pbs.twimg.com/profile_images/836386624229367808/RpyDY53x_normal.jpg","profile_image_url_https":"https://pbs.twimg.com/profile_images/836386624229367808/RpyDY53x_normal.jpg","profile_banner_url":"https://pbs.twimg.com/profile_banners/127552216/1487074385","profile_link_color":"1B95E0","profile_sidebar_border_color":"000000","profile_sidebar_fill_color":"000000","profile_text_color":"000000","profile_use_background_image":true,"has_extended_profile":true,"default_profile":false,"default_profile_image":false,"following":false,"follow_request_sent":false,"notifications":false,"translator_type":"none"},"geo":null,"coordinates":null,"place":null,"contributors":null,"is_quote_status":false,"retweet_count":676,"favorite_count":952,"favorited":false,"retweeted":false,"possibly_sensitive":false,"lang":"ja"},{"created_at":"Wed Jul 19 09:38:40 +0000 2017","id":887607614212681700,"id_str":"887607614212681728","text":"さらに、明日のアニメ放送にはあの男たちも登場する……!? 「炎のバトル！ガラガラあらわる！！」は、明日18時55分から！https://t.co/kpyBo7GjJK #アニポケ https://t.co/GAGB7TAADk","truncated":false,"entities":{"hashtags":[{"text":"アニポケ","indices":[84,89]}],"symbols":[],"user_mentions":[],"urls":[{"url":"https://t.co/kpyBo7GjJK","expanded_url":"http://www.tv-tokyo.co.jp/anime/pokemon_sunmoon/","display_url":"tv-tokyo.co.jp/anime/pokemon_…","indices":[60,83]}],"media":[{"id":887600764599681000,"id_str":"887600764599681024","indices":[90,113],"media_url":"http://pbs.twimg.com/media/DFFkMVRUQAA_9aZ.jpg","media_url_https":"https://pbs.twimg.com/media/DFFkMVRUQAA_9aZ.jpg","url":"https://t.co/GAGB7TAADk","display_url":"pic.twitter.com/GAGB7TAADk","expanded_url":"https://twitter.com/Pokemon_cojp/status/887607614212681728/photo/1","type":"photo","sizes":{"thumb":{"w":150,"h":150,"resize":"crop"},"medium":{"w":1200,"h":675,"resize":"fit"},"large":{"w":1920,"h":1080,"resize":"fit"},"small":{"w":680,"h":383,"resize":"fit"}}}]},"extended_entities":{"media":[{"id":887600764599681000,"id_str":"887600764599681024","indices":[90,113],"media_url":"http://pbs.twimg.com/media/DFFkMVRUQAA_9aZ.jpg","media_url_https":"https://pbs.twimg.com/media/DFFkMVRUQAA_9aZ.jpg","url":"https://t.co/GAGB7TAADk","display_url":"pic.twitter.com/GAGB7TAADk","expanded_url":"https://twitter.com/Pokemon_cojp/status/887607614212681728/photo/1","type":"photo","sizes":{"thumb":{"w":150,"h":150,"resize":"crop"},"medium":{"w":1200,"h":675,"resize":"fit"},"large":{"w":1920,"h":1080,"resize":"fit"},"small":{"w":680,"h":383,"resize":"fit"}}}]},"metadata":{"iso_language_code":"ja","result_type":"recent"},"source":"<a href=\"http://twitter.com\" rel=\"nofollow\">Twitter Web Client</a>","in_reply_to_status_id":887597901349879800,"in_reply_to_status_id_str":"887597901349879809","in_reply_to_user_id":323091128,"in_reply_to_user_id_str":"323091128","in_reply_to_screen_name":"Pokemon_cojp","user":{"id":323091128,"id_str":"323091128","name":"ポケモン公式ツイッター","screen_name":"Pokemon_cojp","location":"東京都","description":"株式会社ポケモンの公式アカウントより、「ポケットモンスターオフィシャルサイト」最新情報をお届けします。\r\nお客様からの個別のメッセージなどは、Twitter上ではご返答できかねますのでご了承下さい。\r\n「ポケットモンスターオフィシャルサイト」のお問い合わせ窓口よりご連絡下さい。","url":"http://t.co/fpHgcccZIk","entities":{"url":{"urls":[{"url":"http://t.co/fpHgcccZIk","expanded_url":"http://www.pokemon.co.jp/","display_url":"pokemon.co.jp","indices":[0,22]}]},"description":{"urls":[]}},"protected":false,"followers_count":464794,"friends_count":3,"listed_count":5508,"created_at":"Fri Jun 24 07:12:45 +0000 2011","favourites_count":0,"utc_offset":32400,"time_zone":"Tokyo","geo_enabled":false,"verified":true,"statuses_count":7674,"lang":"ja","contributors_enabled":false,"is_translator":false,"is_translation_enabled":false,"profile_background_color":"FFE017","profile_background_image_url":"http://pbs.twimg.com/profile_background_images/747564846/b1272a6602f8339072079eb2863042fe.gif","profile_background_image_url_https":"https://pbs.twimg.com/profile_background_images/747564846/b1272a6602f8339072079eb2863042fe.gif","profile_background_tile":true,"profile_image_url":"http://pbs.twimg.com/profile_images/875568149554274307/dC3miYeA_normal.jpg","profile_image_url_https":"https://pbs.twimg.com/profile_images/875568149554274307/dC3miYeA_normal.jpg","profile_banner_url":"https://pbs.twimg.com/profile_banners/323091128/1499398880","profile_link_color":"0088CC","profile_sidebar_border_color":"FFFFFF","profile_sidebar_fill_color":"FFF9CF","profile_text_color":"333333","profile_use_background_image":true,"has_extended_profile":false,"default_profile":false,"default_profile_image":false,"following":false,"follow_request_sent":false,"notifications":false,"translator_type":"none"},"geo":null,"coordinates":null,"place":null,"contributors":null,"is_quote_status":false,"retweet_count":3161,"favorite_count":2041,"favorited":false,"retweeted":false,"possibly_sensitive":false,"lang":"ja"},{"created_at":"Wed Jul 19 09:38:08 +0000 2017","id":887607479709818900,"id_str":"887607479709818880","text":"残念だったな週刊文春！！！！！！！浪川さんの女癖の悪さとか！！！！！！！顔の黒さとか！！！！！！既婚者なのかなんなのか分かんないところとか！！！！！！百も承知でクラスタやってんだわ！！！！！！浪川さんが真っ白になった方がよっぽど衝撃だよ！！！！！！！！！！","truncated":false,"entities":{"hashtags":[],"symbols":[],"user_mentions":[],"urls":[]},"metadata":{"iso_language_code":"ja","result_type":"recent"},"source":"<a href=\"http://twitter.com/download/iphone\" rel=\"nofollow\">Twitter for iPhone</a>","in_reply_to_status_id":null,"in_reply_to_status_id_str":null,"in_reply_to_user_id":null,"in_reply_to_user_id_str":null,"in_reply_to_screen_name":null,"user":{"id":763554717641220100,"id_str":"763554717641220096","name":"なち  。","screen_name":"NaMituo_85","location":"NeXT → 来楽帰喜 舞浜ｱﾝﾌｨｼｱﾀｰ","description":"岩田光央ｻﾝ と 浪川大輔ｻﾝ を 全力応援 💥📣","url":"https://t.co/m9NgfBB6jg","entities":{"url":{"urls":[{"url":"https://t.co/m9NgfBB6jg","expanded_url":"http://twpf.jp/NaMituo_85","display_url":"twpf.jp/NaMituo_85","indices":[0,23]}]},"description":{"urls":[]}},"protected":false,"followers_count":112,"friends_count":89,"listed_count":11,"created_at":"Thu Aug 11 01:56:45 +0000 2016","favourites_count":11113,"utc_offset":null,"time_zone":null,"geo_enabled":false,"verified":false,"statuses_count":10402,"lang":"ja","contributors_enabled":false,"is_translator":false,"is_translation_enabled":false,"profile_background_color":"F5F8FA","profile_background_image_url":null,"profile_background_image_url_https":null,"profile_background_tile":false,"profile_image_url":"http://pbs.twimg.com/profile_images/884362611780747266/JcjpFcs8_normal.jpg","profile_image_url_https":"https://pbs.twimg.com/profile_images/884362611780747266/JcjpFcs8_normal.jpg","profile_banner_url":"https://pbs.twimg.com/profile_banners/763554717641220096/1500383117","profile_link_color":"1DA1F2","profile_sidebar_border_color":"C0DEED","profile_sidebar_fill_color":"DDEEF6","profile_text_color":"333333","profile_use_background_image":true,"has_extended_profile":true,"default_profile":true,"default_profile_image":false,"following":false,"follow_request_sent":false,"notifications":false,"translator_type":"none"},"geo":null,"coordinates":null,"place":null,"contributors":null,"is_quote_status":false,"retweet_count":1095,"favorite_count":1225,"favorited":false,"retweeted":false,"lang":"ja"},{"created_at":"Wed Jul 19 09:37:30 +0000 2017","id":887607317339832300,"id_str":"887607317339832325","text":"目の上のラメが可愛いのでそれを伝えたくて懸命な顔 https://t.co/9Fx2rt4Fgu","truncated":false,"entities":{"hashtags":[],"symbols":[],"user_mentions":[],"urls":[],"media":[{"id":887607308351545300,"id_str":"887607308351545344","indices":[25,48],"media_url":"http://pbs.twimg.com/media/DFFqJOpVoAAOnuj.jpg","media_url_https":"https://pbs.twimg.com/media/DFFqJOpVoAAOnuj.jpg","url":"https://t.co/9Fx2rt4Fgu","display_url":"pic.twitter.com/9Fx2rt4Fgu","expanded_url":"https://twitter.com/345__chan/status/887607317339832325/photo/1","type":"photo","sizes":{"large":{"w":966,"h":1288,"resize":"fit"},"medium":{"w":900,"h":1200,"resize":"fit"},"thumb":{"w":150,"h":150,"resize":"crop"},"small":{"w":510,"h":680,"resize":"fit"}}}]},"extended_entities":{"media":[{"id":887607308351545300,"id_str":"887607308351545344","indices":[25,48],"media_url":"http://pbs.twimg.com/media/DFFqJOpVoAAOnuj.jpg","media_url_https":"https://pbs.twimg.com/media/DFFqJOpVoAAOnuj.jpg","url":"https://t.co/9Fx2rt4Fgu","display_url":"pic.twitter.com/9Fx2rt4Fgu","expanded_url":"https://twitter.com/345__chan/status/887607317339832325/photo/1","type":"photo","sizes":{"large":{"w":966,"h":1288,"resize":"fit"},"medium":{"w":900,"h":1200,"resize":"fit"},"thumb":{"w":150,"h":150,"resize":"crop"},"small":{"w":510,"h":680,"resize":"fit"}}},{"id":887607308343062500,"id_str":"887607308343062528","indices":[25,48],"media_url":"http://pbs.twimg.com/media/DFFqJOnUMAAdsrX.jpg","media_url_https":"https://pbs.twimg.com/media/DFFqJOnUMAAdsrX.jpg","url":"https://t.co/9Fx2rt4Fgu","display_url":"pic.twitter.com/9Fx2rt4Fgu","expanded_url":"https://twitter.com/345__chan/status/887607317339832325/photo/1","type":"photo","sizes":{"large":{"w":966,"h":1288,"resize":"fit"},"medium":{"w":900,"h":1200,"resize":"fit"},"thumb":{"w":150,"h":150,"resize":"crop"},"small":{"w":510,"h":680,"resize":"fit"}}}]},"metadata":{"iso_language_code":"ja","result_type":"recent"},"source":"<a href=\"http://twitter.com/download/iphone\" rel=\"nofollow\">Twitter for iPhone</a>","in_reply_to_status_id":null,"in_reply_to_status_id_str":null,"in_reply_to_user_id":null,"in_reply_to_user_id_str":null,"in_reply_to_screen_name":null,"user":{"id":2346809580,"id_str":"2346809580","name":"指原 莉乃","screen_name":"345__chan","location":"","description":"💛https://t.co/FbRPAshfuv💛","url":null,"entities":{"description":{"urls":[{"url":"https://t.co/FbRPAshfuv","expanded_url":"http://Instagram.com/345insta","display_url":"Instagram.com/345insta","indices":[1,24]}]}},"protected":false,"followers_count":1765635,"friends_count":359,"listed_count":8331,"created_at":"Sun Feb 16 12:57:31 +0000 2014","favourites_count":690,"utc_offset":null,"time_zone":null,"geo_enabled":true,"verified":true,"statuses_count":7795,"lang":"ja","contributors_enabled":false,"is_translator":false,"is_translation_enabled":false,"profile_background_color":"C0DEED","profile_background_image_url":"http://abs.twimg.com/images/themes/theme1/bg.png","profile_background_image_url_https":"https://abs.twimg.com/images/themes/theme1/bg.png","profile_background_tile":false,"profile_image_url":"http://pbs.twimg.com/profile_images/876252023536078849/iXFeJHVI_normal.jpg","profile_image_url_https":"https://pbs.twimg.com/profile_images/876252023536078849/iXFeJHVI_normal.jpg","profile_banner_url":"https://pbs.twimg.com/profile_banners/2346809580/1466265291","profile_link_color":"1DA1F2","profile_sidebar_border_color":"C0DEED","profile_sidebar_fill_color":"DDEEF6","profile_text_color":"333333","profile_use_background_image":true,"has_extended_profile":false,"default_profile":true,"default_profile_image":false,"following":false,"follow_request_sent":false,"notifications":false,"translator_type":"none"},"geo":null,"coordinates":null,"place":null,"contributors":null,"is_quote_status":false,"retweet_count":703,"favorite_count":5508,"favorited":false,"retweeted":false,"possibly_sensitive":false,"lang":"ja"},{"created_at":"Wed Jul 19 09:36:10 +0000 2017","id":887606985029320700,"id_str":"887606985029320704","text":"返事きた https://t.co/hVsKOZmrAO","truncated":false,"entities":{"hashtags":[],"symbols":[],"user_mentions":[],"urls":[],"media":[{"id":887606977777418200,"id_str":"887606977777418240","indices":[5,28],"media_url":"http://pbs.twimg.com/media/DFFp1_KUwAAU5oN.jpg","media_url_https":"https://pbs.twimg.com/media/DFFp1_KUwAAU5oN.jpg","url":"https://t.co/hVsKOZmrAO","display_url":"pic.twitter.com/hVsKOZmrAO","expanded_url":"https://twitter.com/shima___sub/status/887606985029320704/photo/1","type":"photo","sizes":{"large":{"w":1040,"h":775,"resize":"fit"},"thumb":{"w":150,"h":150,"resize":"crop"},"small":{"w":680,"h":507,"resize":"fit"},"medium":{"w":1040,"h":775,"resize":"fit"}}}]},"extended_entities":{"media":[{"id":887606977777418200,"id_str":"887606977777418240","indices":[5,28],"media_url":"http://pbs.twimg.com/media/DFFp1_KUwAAU5oN.jpg","media_url_https":"https://pbs.twimg.com/media/DFFp1_KUwAAU5oN.jpg","url":"https://t.co/hVsKOZmrAO","display_url":"pic.twitter.com/hVsKOZmrAO","expanded_url":"https://twitter.com/shima___sub/status/887606985029320704/photo/1","type":"photo","sizes":{"large":{"w":1040,"h":775,"resize":"fit"},"thumb":{"w":150,"h":150,"resize":"crop"},"small":{"w":680,"h":507,"resize":"fit"},"medium":{"w":1040,"h":775,"resize":"fit"}}}]},"metadata":{"iso_language_code":"ja","result_type":"recent"},"source":"<a href=\"http://twitter.com/download/iphone\" rel=\"nofollow\">Twitter for iPhone</a>","in_reply_to_status_id":null,"in_reply_to_status_id_str":null,"in_reply_to_user_id":null,"in_reply_to_user_id_str":null,"in_reply_to_screen_name":null,"user":{"id":822036370696736800,"id_str":"822036370696736768","name":"大天使ちゃんしま！@リス♔","screen_name":"shima___sub","location":"天界","description":"志麻(@shima_s2)のサブ垢になります。前のアカウントはログイン出来なくなったので新しくしました！ゲームの呟きはこちら→@shima___game","url":null,"entities":{"description":{"urls":[]}},"protected":false,"followers_count":47565,"friends_count":8,"listed_count":798,"created_at":"Thu Jan 19 11:01:58 +0000 2017","favourites_count":0,"utc_offset":null,"time_zone":null,"geo_enabled":false,"verified":false,"statuses_count":1164,"lang":"ja","contributors_enabled":false,"is_translator":false,"is_translation_enabled":false,"profile_background_color":"F5F8FA","profile_background_image_url":null,"profile_background_image_url_https":null,"profile_background_tile":false,"profile_image_url":"http://pbs.twimg.com/profile_images/822039910106349568/dqO6hwk8_normal.jpg","profile_image_url_https":"https://pbs.twimg.com/profile_images/822039910106349568/dqO6hwk8_normal.jpg","profile_banner_url":"https://pbs.twimg.com/profile_banners/822036370696736768/1495167087","profile_link_color":"1DA1F2","profile_sidebar_border_color":"C0DEED","profile_sidebar_fill_color":"DDEEF6","profile_text_color":"333333","profile_use_background_image":true,"has_extended_profile":true,"default_profile":true,"default_profile_image":false,"following":false,"follow_request_sent":false,"notifications":false,"translator_type":"none"},"geo":null,"coordinates":null,"place":null,"contributors":null,"is_quote_status":false,"retweet_count":1345,"favorite_count":5376,"favorited":false,"retweeted":false,"possibly_sensitive":false,"lang":"ja"},{"created_at":"Wed Jul 19 09:35:58 +0000 2017","id":887606932617416700,"id_str":"887606932617416704","text":"隔離エリアにシャケが近づくと、クマサン商会の募集が始まる謎のバイト「サーモンラン」。\n7月21日（金）の発売から3日間はシャケが大量発生し、特別に高頻度でバイトが募集されるらしい。\n参加にはランク4以上が必要だが、この機会に「サー… https://t.co/KGlBExdcT4","truncated":true,"entities":{"hashtags":[],"symbols":[],"user_mentions":[],"urls":[{"url":"https://t.co/KGlBExdcT4","expanded_url":"https://twitter.com/i/web/status/887606932617416704","display_url":"twitter.com/i/web/status/8…","indices":[117,140]}]},"metadata":{"iso_language_code":"ja","result_type":"recent"},"source":"<a href=\"http://twitter.com\" rel=\"nofollow\">Twitter Web Client</a>","in_reply_to_status_id":null,"in_reply_to_status_id_str":null,"in_reply_to_user_id":null,"in_reply_to_user_id_str":null,"in_reply_to_screen_name":null,"user":{"id":2888006497,"id_str":"2888006497","name":"Splatoon（スプラトゥーン）","screen_name":"SplatoonJP","location":"","description":"『スプラトゥーン』公式総合アカウント。イカ研究所の調査報告（ゲーム情報）やお知らせをお伝えします。最新作の『スプラトゥーン2』は2017年7月21日（金）発売予定。ご質問・お問い合わせにはお答えしておりませんのでご容赦ください。 ※イカ研究所は実在の人物、団体とは一切関係ございません。","url":"https://t.co/yCMNfZlVpz","entities":{"url":{"urls":[{"url":"https://t.co/yCMNfZlVpz","expanded_url":"https://www.nintendo.co.jp/switch/aab6a/index.html","display_url":"nintendo.co.jp/switch/aab6a/i…","indices":[0,23]}]},"description":{"urls":[]}},"protected":false,"followers_count":664497,"friends_count":1,"listed_count":6467,"created_at":"Mon Nov 03 01:36:06 +0000 2014","favourites_count":0,"utc_offset":32400,"time_zone":"Tokyo","geo_enabled":false,"verified":true,"statuses_count":1475,"lang":"ja","contributors_enabled":false,"is_translator":false,"is_translation_enabled":false,"profile_background_color":"000000","profile_background_image_url":"http://pbs.twimg.com/profile_background_images/530105343452274688/WJl6dNx5.jpeg","profile_background_image_url_https":"https://pbs.twimg.com/profile_background_images/530105343452274688/WJl6dNx5.jpeg","profile_background_tile":false,"profile_image_url":"http://pbs.twimg.com/profile_images/819765217957552132/1WftJJM1_normal.jpg","profile_image_url_https":"https://pbs.twimg.com/profile_images/819765217957552132/1WftJJM1_normal.jpg","profile_banner_url":"https://pbs.twimg.com/profile_banners/2888006497/1484282224","profile_link_color":"000000","profile_sidebar_border_color":"000000","profile_sidebar_fill_color":"E3E2DE","profile_text_color":"634047","profile_use_background_image":true,"has_extended_profile":false,"default_profile":false,"default_profile_image":false,"following":false,"follow_request_sent":false,"notifications":false,"translator_type":"none"},"geo":null,"coordinates":null,"place":null,"contributors":null,"is_quote_status":false,"retweet_count":4585,"favorite_count":6319,"favorited":false,"retweeted":false,"possibly_sensitive":false,"lang":"ja"},{"created_at":"Wed Jul 19 09:33:25 +0000 2017","id":887606289999646700,"id_str":"887606289999646722","text":"【御礼】\n本日7月19日をもって「胸を焦がす♡夏の思い出」イベントを終了致しました！ご参加頂きました皆様、ありがとうございました。ランキング報酬を配布させて頂きましたので、プレゼントボックスよりお受け取りのほど、宜しくお願い申し上… https://t.co/D53dkGIMqn","truncated":true,"entities":{"hashtags":[],"symbols":[],"user_mentions":[],"urls":[{"url":"https://t.co/D53dkGIMqn","expanded_url":"https://twitter.com/i/web/status/887606289999646722","display_url":"twitter.com/i/web/status/8…","indices":[117,140]}]},"metadata":{"iso_language_code":"ja","result_type":"recent"},"source":"<a href=\"http://twitter.com\" rel=\"nofollow\">Twitter Web Client</a>","in_reply_to_status_id":null,"in_reply_to_status_id_str":null,"in_reply_to_user_id":null,"in_reply_to_user_id_str":null,"in_reply_to_screen_name":null,"user":{"id":720551938731814900,"id_str":"720551938731814912","name":"【公式】スタンドマイヒーローズ","screen_name":"myhero_info","location":"","description":"２０人以上の豪華声優陣登場！女性向けスマホパズル×シナリオゲーム「スタンド マイヒーローズ」の公式アカウントです！ #スタマイ 個別返信は行っておりません。お問い合わせはゲームのタイトル画面よりお願い致します。【colyオフィシャルグッズストア https://t.co/GvFFkpPHYk 】","url":"https://t.co/wtjjk5YJTk","entities":{"url":{"urls":[{"url":"https://t.co/wtjjk5YJTk","expanded_url":"http://colyinc.com/myhero/","display_url":"colyinc.com/myhero/","indices":[0,23]}]},"description":{"urls":[{"url":"https://t.co/GvFFkpPHYk","expanded_url":"http://coly-shop.com/","display_url":"coly-shop.com","indices":[123,146]}]}},"protected":false,"followers_count":64659,"friends_count":49,"listed_count":782,"created_at":"Thu Apr 14 09:59:04 +0000 2016","favourites_count":226,"utc_offset":-25200,"time_zone":"Pacific Time (US & Canada)","geo_enabled":false,"verified":false,"statuses_count":1091,"lang":"ja","contributors_enabled":false,"is_translator":false,"is_translation_enabled":false,"profile_background_color":"F5F8FA","profile_background_image_url":null,"profile_background_image_url_https":null,"profile_background_tile":false,"profile_image_url":"http://pbs.twimg.com/profile_images/836752394331414528/ASQ7EMr9_normal.jpg","profile_image_url_https":"https://pbs.twimg.com/profile_images/836752394331414528/ASQ7EMr9_normal.jpg","profile_banner_url":"https://pbs.twimg.com/profile_banners/720551938731814912/1486981055","profile_link_color":"1DA1F2","profile_sidebar_border_color":"C0DEED","profile_sidebar_fill_color":"DDEEF6","profile_text_color":"333333","profile_use_background_image":true,"has_extended_profile":false,"default_profile":true,"default_profile_image":false,"following":false,"follow_request_sent":false,"notifications":false,"translator_type":"none"},"geo":null,"coordinates":null,"place":null,"contributors":null,"is_quote_status":false,"retweet_count":825,"favorite_count":1798,"favorited":false,"retweeted":false,"possibly_sensitive":false,"lang":"ja"},{"created_at":"Wed Jul 19 09:33:09 +0000 2017","id":887606223448662000,"id_str":"887606223448662017","text":"ゆず北川悠仁が、夏フェスツアー中の期間限定でインスタ開設！\nアカウント名：yz_summerfest\nをチェック！是非フォローお願いします♪\n#ゆずと夏フェス","truncated":false,"entities":{"hashtags":[{"text":"ゆずと夏フェス","indices":[71,79]}],"symbols":[],"user_mentions":[],"urls":[]},"metadata":{"iso_language_code":"ja","result_type":"recent"},"source":"<a href=\"http://twitter.com\" rel=\"nofollow\">Twitter Web Client</a>","in_reply_to_status_id":null,"in_reply_to_status_id_str":null,"in_reply_to_user_id":null,"in_reply_to_user_id_str":null,"in_reply_to_screen_name":null,"user":{"id":1138488049,"id_str":"1138488049","name":"ゆず公式ツイッター","screen_name":"yuzu_official","location":"横浜","description":"横浜出身・ゆずの公式Twitter デビュー20周年！オールタイムベストアルバム『ゆずイロハ 1997-2017』好評発売中。6月21日＆28日に新作EP『謳おう』『4LOVE』2週連続リリース決定！","url":"https://t.co/wSzGLkxcMA","entities":{"url":{"urls":[{"url":"https://t.co/wSzGLkxcMA","expanded_url":"http://www.senha-yuzu.jp/","display_url":"senha-yuzu.jp","indices":[0,23]}]},"description":{"urls":[]}},"protected":false,"followers_count":169569,"friends_count":0,"listed_count":940,"created_at":"Fri Feb 01 02:16:50 +0000 2013","favourites_count":1,"utc_offset":null,"time_zone":null,"geo_enabled":false,"verified":true,"statuses_count":2586,"lang":"ja","contributors_enabled":false,"is_translator":false,"is_translation_enabled":false,"profile_background_color":"C0DEED","profile_background_image_url":"http://abs.twimg.com/images/themes/theme1/bg.png","profile_background_image_url_https":"https://abs.twimg.com/images/themes/theme1/bg.png","profile_background_tile":false,"profile_image_url":"http://pbs.twimg.com/profile_images/867885232762081280/mYUffY67_normal.jpg","profile_image_url_https":"https://pbs.twimg.com/profile_images/867885232762081280/mYUffY67_normal.jpg","profile_banner_url":"https://pbs.twimg.com/profile_banners/1138488049/1495333687","profile_link_color":"0084B4","profile_sidebar_border_color":"FFFFFF","profile_sidebar_fill_color":"DDEEF6","profile_text_color":"333333","profile_use_background_image":false,"has_extended_profile":false,"default_profile":false,"default_profile_image":false,"following":false,"follow_request_sent":false,"notifications":false,"translator_type":"none"},"geo":null,"coordinates":null,"place":null,"contributors":null,"is_quote_status":false,"retweet_count":632,"favorite_count":1312,"favorited":false,"retweeted":false,"lang":"ja"}],"search_metadata":{"completed_in":0.152,"max_id":887616319176060900,"max_id_str":"887616319176060928","next_results":"?max_id=887606223448662016&q=lang%3Aja%20min_retweets%3A500&include_entities=1","query":"lang%3Aja+min_retweets%3A500","refresh_url":"?since_id=887616319176060928&q=lang%3Aja%20min_retweets%3A500&include_entities=1","count":15,"since_id":0,"since_id_str":"0"}}