{"statuses":[{"created_at":"Thu Jul 20 22:39:36 +0000 2017","id":888166530013319200,"id_str":"888166530013319168","text":"本日はオナニー(07/21)の日。しっかり自分と向き合おうな。","truncated":false,"entities":{"hashtags":[],"symbols":[],"user_mentions":[],"urls":[]},"metadata":{"iso_language_code":"ja","result_type":"recent"},"source":"<a href=\"http://twitter.com/download/iphone\" rel=\"nofollow\">Twitter for iPhone</a>","in_reply_to_status_id":null,"in_reply_to_status_id_str":null,"in_reply_to_user_id":null,"in_reply_to_user_id_str":null,"in_reply_to_screen_name":null,"user":{"id":2507506592,"id_str":"2507506592","name":"イニエスタbot","screen_name":"haegiwayabatan","location":"埼玉","description":"春はあけぼの。やうやう酷くなりゆく生え際ってやかましいわ。必ず役に立たないスペイン語【@hirosesuzuaitai】今話題の人気変態ブランド「WAI.」【@pyomaera_wai】もヨロな。※このアカウントはフィクソンです。","url":null,"entities":{"description":{"urls":[]}},"protected":false,"followers_count":251425,"friends_count":69,"listed_count":227,"created_at":"Mon May 19 14:01:42 +0000 2014","favourites_count":2385,"utc_offset":null,"time_zone":null,"geo_enabled":true,"verified":false,"statuses_count":727,"lang":"ja","contributors_enabled":false,"is_translator":false,"is_translation_enabled":false,"profile_background_color":"C0DEED","profile_background_image_url":"http://abs.twimg.com/images/themes/theme1/bg.png","profile_background_image_url_https":"https://abs.twimg.com/images/themes/theme1/bg.png","profile_background_tile":false,"profile_image_url":"http://pbs.twimg.com/profile_images/874624089821814784/KyEVDN-w_normal.jpg","profile_image_url_https":"https://pbs.twimg.com/profile_images/874624089821814784/KyEVDN-w_normal.jpg","profile_banner_url":"https://pbs.twimg.com/profile_banners/2507506592/1497315032","profile_link_color":"1DA1F2","profile_sidebar_border_color":"C0DEED","profile_sidebar_fill_color":"DDEEF6","profile_text_color":"333333","profile_use_background_image":true,"has_extended_profile":false,"default_profile":true,"default_profile_image":false,"following":false,"follow_request_sent":false,"notifications":false,"translator_type":"none"},"geo":null,"coordinates":null,"place":null,"contributors":null,"is_quote_status":false,"retweet_count":470,"favorite_count":1356,"favorited":false,"retweeted":false,"lang":"ja"},{"created_at":"Thu Jul 20 22:30:05 +0000 2017","id":888164133039882200,"id_str":"888164133039882241","text":"＼☘#ここさけ 公開記念／\nあなたの願い叶えます⁉　玉子に願いを捧げてオリジナルグッズ🎁を当てよう❗\n\n①公式をフォロー\n②動画を最後まで見てRT\n③すぐ結果が届く\n\n1日1回挑戦できます❗　賞品は動画の最後に\n詳細👉… https://t.co/CtFdTBPQWC","truncated":true,"entities":{"hashtags":[{"text":"ここさけ","indices":[2,7]}],"symbols":[],"user_mentions":[],"urls":[{"url":"https://t.co/CtFdTBPQWC","expanded_url":"https://twitter.com/i/web/status/888164133039882241","display_url":"twitter.com/i/web/status/8…","indices":[111,134]}]},"metadata":{"iso_language_code":"ja","result_type":"recent"},"source":"<a href=\"https://ads.twitter.com\" rel=\"nofollow\">Twitter Ads</a>","in_reply_to_status_id":null,"in_reply_to_status_id_str":null,"in_reply_to_user_id":null,"in_reply_to_user_id_str":null,"in_reply_to_screen_name":null,"user":{"id":827476633833533400,"id_str":"827476633833533440","name":"実写映画『心が叫びたがってるんだ。』","screen_name":"kokosake_movie","location":"","description":"この夏、一番泣ける最高の感動作💘大ヒット劇場版オリジナルアニメ #ここさけ 待望の実写化🎬 7️⃣月2️⃣2️⃣日(土)全国ロードショー🎉 #心が叫びたがってるんだ #中島健人 #芳根京子 #石井杏奈 #寛一郎 Instagram➡https://t.co/w6fWKdIvT1","url":"https://t.co/PWjRFWqOGS","entities":{"url":{"urls":[{"url":"https://t.co/PWjRFWqOGS","expanded_url":"http://kokosake-movie.jp/","display_url":"kokosake-movie.jp","indices":[0,23]}]},"description":{"urls":[{"url":"https://t.co/w6fWKdIvT1","expanded_url":"https://www.instagram.com/kokosake_movie/","display_url":"instagram.com/kokosake_movie/","indices":[116,139]}]}},"protected":false,"followers_count":53890,"friends_count":25,"listed_count":103,"created_at":"Fri Feb 03 11:19:38 +0000 2017","favourites_count":127,"utc_offset":32400,"time_zone":"Tokyo","geo_enabled":false,"verified":true,"statuses_count":8721,"lang":"ja","contributors_enabled":false,"is_translator":false,"is_translation_enabled":false,"profile_background_color":"000000","profile_background_image_url":"http://abs.twimg.com/images/themes/theme1/bg.png","profile_background_image_url_https":"https://abs.twimg.com/images/themes/theme1/bg.png","profile_background_tile":false,"profile_image_url":"http://pbs.twimg.com/profile_images/841785571924103168/8wFqHaMz_normal.jpg","profile_image_url_https":"https://pbs.twimg.com/profile_images/841785571924103168/8wFqHaMz_normal.jpg","profile_banner_url":"https://pbs.twimg.com/profile_banners/827476633833533440/1489532315","profile_link_color":"0090CC","profile_sidebar_border_color":"000000","profile_sidebar_fill_color":"000000","profile_text_color":"000000","profile_use_background_image":false,"has_extended_profile":false,"default_profile":false,"default_profile_image":false,"following":false,"follow_request_sent":false,"notifications":false,"translator_type":"none"},"geo":null,"coordinates":null,"place":null,"contributors":null,"is_quote_status":false,"retweet_count":1239,"favorite_count":282,"favorited":false,"retweeted":false,"possibly_sensitive":false,"lang":"ja"},{"created_at":"Thu Jul 20 22:28:30 +0000 2017","id":888163733976997900,"id_str":"888163733976997889","text":"【来年4月】『ヲタクに恋は難しい』アニメ化決定、ノイタミナで放送開始\nhttps://t.co/wtv5J9rxNp\n\nキャスト\n桃瀬成海…伊達朱里紗\n二藤宏嵩…伊東健人\n小柳花子…沢城みゆき\n樺倉太郎…杉田智和\n二藤尚哉…梶裕貴 https://t.co/CQ78VyWYcK","truncated":false,"entities":{"hashtags":[],"symbols":[],"user_mentions":[],"urls":[{"url":"https://t.co/wtv5J9rxNp","expanded_url":"http://news.livedoor.com/article/detail/13364822/","display_url":"news.livedoor.com/article/detail…","indices":[35,58]}],"media":[{"id":888163629559709700,"id_str":"888163629559709697","indices":[116,139],"media_url":"http://pbs.twimg.com/media/DFNkHYpUAAE5WNd.jpg","media_url_https":"https://pbs.twimg.com/media/DFNkHYpUAAE5WNd.jpg","url":"https://t.co/CQ78VyWYcK","display_url":"pic.twitter.com/CQ78VyWYcK","expanded_url":"https://twitter.com/livedoornews/status/888163733976997889/photo/1","type":"photo","sizes":{"small":{"w":451,"h":640,"resize":"fit"},"thumb":{"w":150,"h":150,"resize":"crop"},"medium":{"w":451,"h":640,"resize":"fit"},"large":{"w":451,"h":640,"resize":"fit"}}}]},"extended_entities":{"media":[{"id":888163629559709700,"id_str":"888163629559709697","indices":[116,139],"media_url":"http://pbs.twimg.com/media/DFNkHYpUAAE5WNd.jpg","media_url_https":"https://pbs.twimg.com/media/DFNkHYpUAAE5WNd.jpg","url":"https://t.co/CQ78VyWYcK","display_url":"pic.twitter.com/CQ78VyWYcK","expanded_url":"https://twitter.com/livedoornews/status/888163733976997889/photo/1","type":"photo","sizes":{"small":{"w":451,"h":640,"resize":"fit"},"thumb":{"w":150,"h":150,"resize":"crop"},"medium":{"w":451,"h":640,"resize":"fit"},"large":{"w":451,"h":640,"resize":"fit"}}}]},"metadata":{"iso_language_code":"ja","result_type":"recent"},"source":"<a href=\"http://twitter.com\" rel=\"nofollow\">Twitter Web Client</a>","in_reply_to_status_id":null,"in_reply_to_status_id_str":null,"in_reply_to_user_id":null,"in_reply_to_user_id_str":null,"in_reply_to_screen_name":null,"user":{"id":17306975,"id_str":"17306975","name":"ライブドアニュース","screen_name":"livedoornews","location":"","description":"LINE →https://t.co/yhJO0o7Jns／FB → https://t.co/LHTCuyIEjr／インスタ／→https://t.co/SpmVgPtfCG","url":"http://t.co/Q4Bh3OCfgY","entities":{"url":{"urls":[{"url":"http://t.co/Q4Bh3OCfgY","expanded_url":"http://news.livedoor.com/","display_url":"news.livedoor.com","indices":[0,22]}]},"description":{"urls":[{"url":"https://t.co/yhJO0o7Jns","expanded_url":"http://goo.gl/upBgKP","display_url":"goo.gl/upBgKP","indices":[6,29]},{"url":"https://t.co/LHTCuyIEjr","expanded_url":"http://goo.gl/nDULhn","display_url":"goo.gl/nDULhn","indices":[35,58]},{"url":"https://t.co/SpmVgPtfCG","expanded_url":"http://goo.gl/cHGD9G","display_url":"goo.gl/cHGD9G","indices":[65,88]}]}},"protected":false,"followers_count":432250,"friends_count":88,"listed_count":6143,"created_at":"Tue Nov 11 09:56:31 +0000 2008","favourites_count":2609,"utc_offset":32400,"time_zone":"Tokyo","geo_enabled":false,"verified":true,"statuses_count":177181,"lang":"ja","contributors_enabled":false,"is_translator":false,"is_translation_enabled":false,"profile_background_color":"FFFFFF","profile_background_image_url":"http://pbs.twimg.com/profile_background_images/378800000085828060/4b07c1d868c917fb65a3d64a20904cd5.jpeg","profile_background_image_url_https":"https://pbs.twimg.com/profile_background_images/378800000085828060/4b07c1d868c917fb65a3d64a20904cd5.jpeg","profile_background_tile":false,"profile_image_url":"http://pbs.twimg.com/profile_images/875662964988166149/whdJTD2I_normal.jpg","profile_image_url_https":"https://pbs.twimg.com/profile_images/875662964988166149/whdJTD2I_normal.jpg","profile_link_color":"51ADD4","profile_sidebar_border_color":"FFFFFF","profile_sidebar_fill_color":"95E8EC","profile_text_color":"3C3940","profile_use_background_image":true,"has_extended_profile":false,"default_profile":false,"default_profile_image":false,"following":false,"follow_request_sent":false,"notifications":false,"translator_type":"none"},"geo":null,"coordinates":null,"place":null,"contributors":null,"is_quote_status":false,"retweet_count":860,"favorite_count":1088,"favorited":false,"retweeted":false,"possibly_sensitive":false,"lang":"ja"},{"created_at":"Thu Jul 20 22:26:30 +0000 2017","id":888163232921264100,"id_str":"888163232921264128","text":"おはようございます‼️\n今日はついに、『ぼくらの勇気 未満都市2017』の放送日です📺\nそして、KinKi Kidsさんのデビュー20周年の記念日でもあります🎊\nこれから各情報番組さんにお邪魔しますので観て下さいね💨… https://t.co/Mqnba7W55x","truncated":true,"entities":{"hashtags":[],"symbols":[],"user_mentions":[],"urls":[{"url":"https://t.co/Mqnba7W55x","expanded_url":"https://twitter.com/i/web/status/888163232921264128","display_url":"twitter.com/i/web/status/8…","indices":[110,133]}]},"metadata":{"iso_language_code":"ja","result_type":"recent"},"source":"<a href=\"http://twitter.com/download/iphone\" rel=\"nofollow\">Twitter for iPhone</a>","in_reply_to_status_id":null,"in_reply_to_status_id_str":null,"in_reply_to_user_id":null,"in_reply_to_user_id_str":null,"in_reply_to_screen_name":null,"user":{"id":863518474198319100,"id_str":"863518474198319104","name":"【公式】ぼくらの勇気 未満都市2017","screen_name":"mimancity_ntv","location":"","description":"NTV「ぼくらの勇気 未満都市2017」公式Twitterです。出演:堂本光一、堂本剛・相葉雅紀(友情出演)、松本潤(友情出演)・矢田亜希子、小原裕貴、道枝駿佑(関西ジャニーズJr.)、早見あかり、千葉雄大・山内圭哉、向井理 ほか。2017年7月21日(金)よる9時放送！","url":"https://t.co/eIi79QWxVg","entities":{"url":{"urls":[{"url":"https://t.co/eIi79QWxVg","expanded_url":"http://www.ntv.co.jp/mimancity/","display_url":"ntv.co.jp/mimancity/","indices":[0,23]}]},"description":{"urls":[]}},"protected":false,"followers_count":84931,"friends_count":0,"listed_count":233,"created_at":"Sat May 13 22:17:02 +0000 2017","favourites_count":2,"utc_offset":null,"time_zone":null,"geo_enabled":true,"verified":false,"statuses_count":49,"lang":"ja","contributors_enabled":false,"is_translator":false,"is_translation_enabled":false,"profile_background_color":"F5F8FA","profile_background_image_url":null,"profile_background_image_url_https":null,"profile_background_tile":false,"profile_image_url":"http://pbs.twimg.com/profile_images/876891599279497216/IU7a47_G_normal.jpg","profile_image_url_https":"https://pbs.twimg.com/profile_images/876891599279497216/IU7a47_G_normal.jpg","profile_banner_url":"https://pbs.twimg.com/profile_banners/863518474198319104/1497902225","profile_link_color":"1DA1F2","profile_sidebar_border_color":"C0DEED","profile_sidebar_fill_color":"DDEEF6","profile_text_color":"333333","profile_use_background_image":true,"has_extended_profile":false,"default_profile":true,"default_profile_image":false,"following":false,"follow_request_sent":false,"notifications":false,"translator_type":"none"},"geo":null,"coordinates":null,"place":null,"contributors":null,"is_quote_status":false,"retweet_count":2367,"favorite_count":3046,"favorited":false,"retweeted":false,"possibly_sensitive":false,"lang":"ja"},{"created_at":"Thu Jul 20 22:15:18 +0000 2017","id":888160412423737300,"id_str":"888160412423737344","text":"【訃報】世界的大人気ロックバンド『リンキン・パーク』のボーカル、チェスター・ベニントンさん（41）が死去　首吊り自殺か https://t.co/Mi53x56XDA","truncated":false,"entities":{"hashtags":[],"symbols":[],"user_mentions":[],"urls":[{"url":"https://t.co/Mi53x56XDA","expanded_url":"http://jin115.com/archives/52184914.html","display_url":"jin115.com/archives/52184…","indices":[60,83]}]},"metadata":{"iso_language_code":"ja","result_type":"recent"},"source":"<a href=\"http://blog.livedoor.com/\" rel=\"nofollow\">livedoor Blog</a>","in_reply_to_status_id":null,"in_reply_to_status_id_str":null,"in_reply_to_user_id":null,"in_reply_to_user_id_str":null,"in_reply_to_screen_name":null,"user":{"id":22273191,"id_str":"22273191","name":"オレ的ゲーム速報","screen_name":"Jin115","location":"Japan","description":"オレ的ゲーム速報のツイッターです。（＾ω＾　Youtubeちゃんねるはこちら→https://t.co/4gRUrwM8WX\n動画告知用ツイッターはこちら→@oreteki_douga \n\nその他に管理人のツイッターアカウントはありません、偽物にご注意ください","url":"http://t.co/SuBartmuHB","entities":{"url":{"urls":[{"url":"http://t.co/SuBartmuHB","expanded_url":"http://jin115.com/","display_url":"jin115.com","indices":[0,22]}]},"description":{"urls":[{"url":"https://t.co/4gRUrwM8WX","expanded_url":"https://www.youtube.com/user/jin115xx","display_url":"youtube.com/user/jin115xx","indices":[39,62]}]}},"protected":false,"followers_count":463772,"friends_count":371508,"listed_count":7289,"created_at":"Sat Feb 28 17:00:42 +0000 2009","favourites_count":155,"utc_offset":32400,"time_zone":"Tokyo","geo_enabled":false,"verified":false,"statuses_count":323793,"lang":"ja","contributors_enabled":false,"is_translator":false,"is_translation_enabled":false,"profile_background_color":"C0DEED","profile_background_image_url":"http://abs.twimg.com/images/themes/theme1/bg.png","profile_background_image_url_https":"https://abs.twimg.com/images/themes/theme1/bg.png","profile_background_tile":false,"profile_image_url":"http://pbs.twimg.com/profile_images/1505450533/canvas_normal.png","profile_image_url_https":"https://pbs.twimg.com/profile_images/1505450533/canvas_normal.png","profile_link_color":"1DA1F2","profile_sidebar_border_color":"C0DEED","profile_sidebar_fill_color":"DDEEF6","profile_text_color":"333333","profile_use_background_image":true,"has_extended_profile":false,"default_profile":true,"default_profile_image":false,"following":false,"follow_request_sent":false,"notifications":false,"translator_type":"none"},"geo":null,"coordinates":null,"place":null,"contributors":null,"is_quote_status":false,"retweet_count":545,"favorite_count":249,"favorited":false,"retweeted":false,"possibly_sensitive":false,"lang":"ja"},{"created_at":"Thu Jul 20 22:10:53 +0000 2017","id":888159303474888700,"id_str":"888159303474888704","text":"コウペンちゃんとホットケーキ https://t.co/a5hE73ZjLv","truncated":false,"entities":{"hashtags":[],"symbols":[],"user_mentions":[],"urls":[],"media":[{"id":888159287909818400,"id_str":"888159287909818368","indices":[15,38],"media_url":"http://pbs.twimg.com/media/DFNgKqvUIAAqujk.jpg","media_url_https":"https://pbs.twimg.com/media/DFNgKqvUIAAqujk.jpg","url":"https://t.co/a5hE73ZjLv","display_url":"pic.twitter.com/a5hE73ZjLv","expanded_url":"https://twitter.com/k_r_r_l_l_/status/888159303474888704/photo/1","type":"photo","sizes":{"small":{"w":391,"h":680,"resize":"fit"},"medium":{"w":690,"h":1200,"resize":"fit"},"thumb":{"w":150,"h":150,"resize":"crop"},"large":{"w":1178,"h":2048,"resize":"fit"}}}]},"extended_entities":{"media":[{"id":888159287909818400,"id_str":"888159287909818368","indices":[15,38],"media_url":"http://pbs.twimg.com/media/DFNgKqvUIAAqujk.jpg","media_url_https":"https://pbs.twimg.com/media/DFNgKqvUIAAqujk.jpg","url":"https://t.co/a5hE73ZjLv","display_url":"pic.twitter.com/a5hE73ZjLv","expanded_url":"https://twitter.com/k_r_r_l_l_/status/888159303474888704/photo/1","type":"photo","sizes":{"small":{"w":391,"h":680,"resize":"fit"},"medium":{"w":690,"h":1200,"resize":"fit"},"thumb":{"w":150,"h":150,"resize":"crop"},"large":{"w":1178,"h":2048,"resize":"fit"}}}]},"metadata":{"iso_language_code":"ja","result_type":"recent"},"source":"<a href=\"http://twitter.com/download/iphone\" rel=\"nofollow\">Twitter for iPhone</a>","in_reply_to_status_id":null,"in_reply_to_status_id_str":null,"in_reply_to_user_id":null,"in_reply_to_user_id_str":null,"in_reply_to_screen_name":null,"user":{"id":228727136,"id_str":"228727136","name":"るるてあ","screen_name":"k_r_r_l_l_","location":"","description":"鶏卵が好きです。 ■LINEスタンプはこちら→https://t.co/pdmpZQP31U ■イラストのアイコン・ヘッダー使用はご自由にどうぞ。画像の加工・商用利用はお控えください。■商品化の御連絡はこちらにお願い致します。→https://t.co/0Rqh1X5CTr","url":null,"entities":{"description":{"urls":[{"url":"https://t.co/pdmpZQP31U","expanded_url":"http://line.me/S/sticker/1457374","display_url":"line.me/S/sticker/1457…","indices":[23,46]},{"url":"https://t.co/0Rqh1X5CTr","expanded_url":"https://spiralcute.com/contact/index","display_url":"spiralcute.com/contact/index","indices":[114,137]}]}},"protected":false,"followers_count":160141,"friends_count":165,"listed_count":1211,"created_at":"Mon Dec 20 14:20:27 +0000 2010","favourites_count":22138,"utc_offset":32400,"time_zone":"Tokyo","geo_enabled":false,"verified":false,"statuses_count":66452,"lang":"ja","contributors_enabled":false,"is_translator":false,"is_translation_enabled":false,"profile_background_color":"C0DEED","profile_background_image_url":"http://abs.twimg.com/images/themes/theme1/bg.png","profile_background_image_url_https":"https://abs.twimg.com/images/themes/theme1/bg.png","profile_background_tile":false,"profile_image_url":"http://pbs.twimg.com/profile_images/846307150703935488/_WU1B7sY_normal.jpg","profile_image_url_https":"https://pbs.twimg.com/profile_images/846307150703935488/_WU1B7sY_normal.jpg","profile_banner_url":"https://pbs.twimg.com/profile_banners/228727136/1491489775","profile_link_color":"1DA1F2","profile_sidebar_border_color":"C0DEED","profile_sidebar_fill_color":"DDEEF6","profile_text_color":"333333","profile_use_background_image":true,"has_extended_profile":false,"default_profile":true,"default_profile_image":false,"following":false,"follow_request_sent":false,"notifications":false,"translator_type":"none"},"geo":null,"coordinates":null,"place":null,"contributors":null,"is_quote_status":false,"retweet_count":1120,"favorite_count":2949,"favorited":false,"retweeted":false,"possibly_sensitive":false,"lang":"ja"},{"created_at":"Thu Jul 20 22:10:46 +0000 2017","id":888159273615728600,"id_str":"888159273615728640","text":"14歳の浦田少年は気づけば20年過ぎて、34歳になってました。今日は俺が中学生に戻る日🙏🏼全部覚えてる。そんな日はまた早起き。夜までドキドキ。\n#ぼくらの勇気未満都市2017","truncated":false,"entities":{"hashtags":[{"text":"ぼくらの勇気未満都市2017","indices":[72,87]}],"symbols":[],"user_mentions":[],"urls":[]},"metadata":{"iso_language_code":"ja","result_type":"recent"},"source":"<a href=\"http://twitter.com/download/iphone\" rel=\"nofollow\">Twitter for iPhone</a>","in_reply_to_status_id":null,"in_reply_to_status_id_str":null,"in_reply_to_user_id":null,"in_reply_to_user_id_str":null,"in_reply_to_screen_name":null,"user":{"id":96693702,"id_str":"96693702","name":"AAA浦田直也","screen_name":"un1982","location":"","description":"AAA 浦田直也 urata naoya (AAA)\n「https://t.co/Kyq6wYQRLb」","url":null,"entities":{"description":{"urls":[{"url":"https://t.co/Kyq6wYQRLb","expanded_url":"http://instagram.com/urata_naoya_aaa","display_url":"instagram.com/urata_naoya_aaa","indices":[28,51]}]}},"protected":false,"followers_count":990506,"friends_count":155,"listed_count":5675,"created_at":"Mon Dec 14 04:31:07 +0000 2009","favourites_count":3,"utc_offset":32400,"time_zone":"Tokyo","geo_enabled":false,"verified":true,"statuses_count":34988,"lang":"ja","contributors_enabled":false,"is_translator":false,"is_translation_enabled":true,"profile_background_color":"0D0B0B","profile_background_image_url":"http://abs.twimg.com/images/themes/theme1/bg.png","profile_background_image_url_https":"https://abs.twimg.com/images/themes/theme1/bg.png","profile_background_tile":false,"profile_image_url":"http://pbs.twimg.com/profile_images/875764974479474688/Qr8k5YPM_normal.jpg","profile_image_url_https":"https://pbs.twimg.com/profile_images/875764974479474688/Qr8k5YPM_normal.jpg","profile_banner_url":"https://pbs.twimg.com/profile_banners/96693702/1491074705","profile_link_color":"4A913C","profile_sidebar_border_color":"181A1E","profile_sidebar_fill_color":"000000","profile_text_color":"666666","profile_use_background_image":true,"has_extended_profile":false,"default_profile":false,"default_profile_image":false,"following":false,"follow_request_sent":false,"notifications":false,"translator_type":"none"},"geo":null,"coordinates":null,"place":null,"contributors":null,"is_quote_status":false,"retweet_count":905,"favorite_count":7797,"favorited":false,"retweeted":false,"lang":"ja"},{"created_at":"Thu Jul 20 22:06:14 +0000 2017","id":888158131536011300,"id_str":"888158131536011265","text":"【共演前に】ONE OK ROCK・Taka、「リンキン・パーク」のチェスター氏を追悼\nhttps://t.co/FpXWlbyELL\n\n届いた突然の訃報に、「悲しすぎて。もう空っぽです。もうすぐ会えると思ってたのに」と心境を述べ… https://t.co/Rh04sLoaOY","truncated":true,"entities":{"hashtags":[],"symbols":[],"user_mentions":[],"urls":[{"url":"https://t.co/FpXWlbyELL","expanded_url":"http://news.livedoor.com/article/detail/13364874/","display_url":"news.livedoor.com/article/detail…","indices":[44,67]},{"url":"https://t.co/Rh04sLoaOY","expanded_url":"https://twitter.com/i/web/status/888158131536011265","display_url":"twitter.com/i/web/status/8…","indices":[117,140]}]},"metadata":{"iso_language_code":"ja","result_type":"recent"},"source":"<a href=\"http://twitter.com\" rel=\"nofollow\">Twitter Web Client</a>","in_reply_to_status_id":null,"in_reply_to_status_id_str":null,"in_reply_to_user_id":null,"in_reply_to_user_id_str":null,"in_reply_to_screen_name":null,"user":{"id":17306975,"id_str":"17306975","name":"ライブドアニュース","screen_name":"livedoornews","location":"","description":"LINE →https://t.co/yhJO0o7Jns／FB → https://t.co/LHTCuyIEjr／インスタ／→https://t.co/SpmVgPtfCG","url":"http://t.co/Q4Bh3OCfgY","entities":{"url":{"urls":[{"url":"http://t.co/Q4Bh3OCfgY","expanded_url":"http://news.livedoor.com/","display_url":"news.livedoor.com","indices":[0,22]}]},"description":{"urls":[{"url":"https://t.co/yhJO0o7Jns","expanded_url":"http://goo.gl/upBgKP","display_url":"goo.gl/upBgKP","indices":[6,29]},{"url":"https://t.co/LHTCuyIEjr","expanded_url":"http://goo.gl/nDULhn","display_url":"goo.gl/nDULhn","indices":[35,58]},{"url":"https://t.co/SpmVgPtfCG","expanded_url":"http://goo.gl/cHGD9G","display_url":"goo.gl/cHGD9G","indices":[65,88]}]}},"protected":false,"followers_count":432250,"friends_count":88,"listed_count":6143,"created_at":"Tue Nov 11 09:56:31 +0000 2008","favourites_count":2609,"utc_offset":32400,"time_zone":"Tokyo","geo_enabled":false,"verified":true,"statuses_count":177181,"lang":"ja","contributors_enabled":false,"is_translator":false,"is_translation_enabled":false,"profile_background_color":"FFFFFF","profile_background_image_url":"http://pbs.twimg.com/profile_background_images/378800000085828060/4b07c1d868c917fb65a3d64a20904cd5.jpeg","profile_background_image_url_https":"https://pbs.twimg.com/profile_background_images/378800000085828060/4b07c1d868c917fb65a3d64a20904cd5.jpeg","profile_background_tile":false,"profile_image_url":"http://pbs.twimg.com/profile_images/875662964988166149/whdJTD2I_normal.jpg","profile_image_url_https":"https://pbs.twimg.com/profile_images/875662964988166149/whdJTD2I_normal.jpg","profile_link_color":"51ADD4","profile_sidebar_border_color":"FFFFFF","profile_sidebar_fill_color":"95E8EC","profile_text_color":"3C3940","profile_use_background_image":true,"has_extended_profile":false,"default_profile":false,"default_profile_image":false,"following":false,"follow_request_sent":false,"notifications":false,"translator_type":"none"},"geo":null,"coordinates":null,"place":null,"contributors":null,"is_quote_status":false,"retweet_count":717,"favorite_count":589,"favorited":false,"retweeted":false,"possibly_sensitive":false,"lang":"ja"},{"created_at":"Thu Jul 20 22:03:30 +0000 2017","id":888157445570216000,"id_str":"888157445570215937","text":"加計問題や蓮舫二重国籍問題の報道で分かったように、今の日本では新聞やテレビ等既成メディアの多くはフェイクばかりでネットは真実を伝える。隣の中国でも、共産党御用のメディアは嘘だらけ、国民はネットで真実を知る。つまり、日本の既成メディアの多くは、中国共産党の宣伝機関とは同類である。","truncated":false,"entities":{"hashtags":[],"symbols":[],"user_mentions":[],"urls":[]},"metadata":{"iso_language_code":"ja","result_type":"recent"},"source":"<a href=\"https://mobile.twitter.com\" rel=\"nofollow\">Twitter Lite</a>","in_reply_to_status_id":null,"in_reply_to_status_id_str":null,"in_reply_to_user_id":null,"in_reply_to_user_id_str":null,"in_reply_to_screen_name":null,"user":{"id":335291833,"id_str":"335291833","name":"石平太郎","screen_name":"liyonyon","location":"","description":"大陸・蜀の国から日ノ本の国に流れてきて、そのまま日本人となった大阪おっさん","url":null,"entities":{"description":{"urls":[]}},"protected":false,"followers_count":317274,"friends_count":65,"listed_count":2107,"created_at":"Thu Jul 14 13:16:43 +0000 2011","favourites_count":70,"utc_offset":null,"time_zone":null,"geo_enabled":false,"verified":false,"statuses_count":11451,"lang":"ja","contributors_enabled":false,"is_translator":false,"is_translation_enabled":false,"profile_background_color":"000000","profile_background_image_url":"http://abs.twimg.com/images/themes/theme1/bg.png","profile_background_image_url_https":"https://abs.twimg.com/images/themes/theme1/bg.png","profile_background_tile":false,"profile_image_url":"http://pbs.twimg.com/profile_images/378800000316218746/2459156bc76ce8e43dadc40bf434e973_normal.jpeg","profile_image_url_https":"https://pbs.twimg.com/profile_images/378800000316218746/2459156bc76ce8e43dadc40bf434e973_normal.jpeg","profile_link_color":"94D487","profile_sidebar_border_color":"000000","profile_sidebar_fill_color":"000000","profile_text_color":"000000","profile_use_background_image":false,"has_extended_profile":false,"default_profile":false,"default_profile_image":false,"following":false,"follow_request_sent":false,"notifications":false,"translator_type":"none"},"geo":null,"coordinates":null,"place":null,"contributors":null,"is_quote_status":false,"retweet_count":711,"favorite_count":940,"favorited":false,"retweeted":false,"lang":"ja"},{"created_at":"Thu Jul 20 22:02:43 +0000 2017","id":888157248421208000,"id_str":"888157248421208064","text":"リンキン・パークのチェスター・ベニントン、死去\n\nhttps://t.co/OZawMhJI0k\n#LinkinPark #リンキン・パーク #リンキン","truncated":false,"entities":{"hashtags":[{"text":"LinkinPark","indices":[49,60]},{"text":"リンキン・パーク","indices":[61,70]},{"text":"リンキン","indices":[71,76]}],"symbols":[],"user_mentions":[],"urls":[{"url":"https://t.co/OZawMhJI0k","expanded_url":"https://www.barks.jp/news/?id=1000144850#utm_source=tw_BARKS_NEWS&utm_medium=social&utm_campaign=tw_auto","display_url":"barks.jp/news/?id=10001…","indices":[25,48]}]},"metadata":{"iso_language_code":"ja","result_type":"recent"},"source":"<a href=\"http://twitter.com\" rel=\"nofollow\">Twitter Web Client</a>","in_reply_to_status_id":null,"in_reply_to_status_id_str":null,"in_reply_to_user_id":null,"in_reply_to_user_id_str":null,"in_reply_to_screen_name":null,"user":{"id":60855116,"id_str":"60855116","name":"BARKS編集部","screen_name":"barks_news","location":"南青山","description":"音楽情報サイト「BARKS」が配信する音楽ニュース速報。編集長のつぶやきは、@itm_barks","url":"https://t.co/zYQYlVC1MB","entities":{"url":{"urls":[{"url":"https://t.co/zYQYlVC1MB","expanded_url":"https://www.barks.jp/","display_url":"barks.jp","indices":[0,23]}]},"description":{"urls":[]}},"protected":false,"followers_count":73379,"friends_count":8,"listed_count":3524,"created_at":"Tue Jul 28 08:57:36 +0000 2009","favourites_count":0,"utc_offset":32400,"time_zone":"Tokyo","geo_enabled":false,"verified":true,"statuses_count":73590,"lang":"ja","contributors_enabled":false,"is_translator":false,"is_translation_enabled":false,"profile_background_color":"8DBB02","profile_background_image_url":"http://pbs.twimg.com/profile_background_images/28873469/test02.gif","profile_background_image_url_https":"https://pbs.twimg.com/profile_background_images/28873469/test02.gif","profile_background_tile":false,"profile_image_url":"http://pbs.twimg.com/profile_images/852077081466777600/kFYIOglI_normal.jpg","profile_image_url_https":"https://pbs.twimg.com/profile_images/852077081466777600/kFYIOglI_normal.jpg","profile_banner_url":"https://pbs.twimg.com/profile_banners/60855116/1405320953","profile_link_color":"1B95E0","profile_sidebar_border_color":"769D00","profile_sidebar_fill_color":"D6ED8B","profile_text_color":"333333","profile_use_background_image":true,"has_extended_profile":false,"default_profile":false,"default_profile_image":false,"following":false,"follow_request_sent":false,"notifications":false,"translator_type":"none"},"geo":null,"coordinates":null,"place":null,"contributors":null,"is_quote_status":false,"retweet_count":1839,"favorite_count":501,"favorited":false,"retweeted":false,"possibly_sensitive":false,"lang":"ja"},{"created_at":"Thu Jul 20 22:00:03 +0000 2017","id":888156575071961100,"id_str":"888156575071961088","text":"★☆お知らせ☆★\n超特急が主題歌を務めるフジテレビ系「警視庁いきもの係」のクイズ企画『超特急を当てよう！〜あの動物は何号車？〜』の実施が決定!!!!!!!!\n\n詳しくはコチラ！\n↓↓↓↓↓↓↓↓… https://t.co/r41HWDTkd5","truncated":true,"entities":{"hashtags":[],"symbols":[],"user_mentions":[],"urls":[{"url":"https://t.co/r41HWDTkd5","expanded_url":"https://twitter.com/i/web/status/888156575071961088","display_url":"twitter.com/i/web/status/8…","indices":[99,122]}]},"metadata":{"iso_language_code":"ja","result_type":"recent"},"source":"<a href=\"https://about.twitter.com/products/tweetdeck\" rel=\"nofollow\">TweetDeck</a>","in_reply_to_status_id":null,"in_reply_to_status_id_str":null,"in_reply_to_user_id":null,"in_reply_to_user_id_str":null,"in_reply_to_screen_name":null,"user":{"id":830604613,"id_str":"830604613","name":"超特急 OFFICIAL","screen_name":"sd_bt","location":"君の笑顔が終着駅","description":"メインダンサー&バックボーカルグループ。エンターテインメント性の高さと、魅せるパフォーマンスで、超特急ワールドに染め上げるライブが今最もアツく面白いと話題に。2017年7月26日Sg「My Buddy」(7月期フジテレビ「警視庁いきもの係」主題歌)LINE ID: bullettrain","url":"https://t.co/bfP3ZjvsRe","entities":{"url":{"urls":[{"url":"https://t.co/bfP3ZjvsRe","expanded_url":"http://bullettrain.jp/","display_url":"bullettrain.jp","indices":[0,23]}]},"description":{"urls":[]}},"protected":false,"followers_count":105567,"friends_count":45,"listed_count":911,"created_at":"Tue Sep 18 08:17:12 +0000 2012","favourites_count":8,"utc_offset":32400,"time_zone":"Tokyo","geo_enabled":true,"verified":false,"statuses_count":21752,"lang":"ja","contributors_enabled":false,"is_translator":false,"is_translation_enabled":false,"profile_background_color":"000000","profile_background_image_url":"http://pbs.twimg.com/profile_background_images/663396601/vyo1bx2c8j2gbxx523e6.jpeg","profile_background_image_url_https":"https://pbs.twimg.com/profile_background_images/663396601/vyo1bx2c8j2gbxx523e6.jpeg","profile_background_tile":false,"profile_image_url":"http://pbs.twimg.com/profile_images/875960549284040704/AGxRD-AI_normal.jpg","profile_image_url_https":"https://pbs.twimg.com/profile_images/875960549284040704/AGxRD-AI_normal.jpg","profile_banner_url":"https://pbs.twimg.com/profile_banners/830604613/1497444188","profile_link_color":"F5ABB5","profile_sidebar_border_color":"000000","profile_sidebar_fill_color":"252429","profile_text_color":"666666","profile_use_background_image":true,"has_extended_profile":false,"default_profile":false,"default_profile_image":false,"following":false,"follow_request_sent":false,"notifications":false,"translator_type":"none"},"geo":null,"coordinates":null,"place":null,"contributors":null,"is_quote_status":false,"retweet_count":782,"favorite_count":2072,"favorited":false,"retweeted":false,"possibly_sensitive":false,"lang":"ja"},{"created_at":"Thu Jul 20 21:40:42 +0000 2017","id":888151707972022300,"id_str":"888151707972022275","text":"信じられない…\nご冥福をお祈りします https://t.co/aQmN4dTWQh","truncated":false,"entities":{"hashtags":[],"symbols":[],"user_mentions":[],"urls":[],"media":[{"id":888151688929923100,"id_str":"888151688929923072","indices":[19,42],"media_url":"http://pbs.twimg.com/media/DFNZQWVU0AA2od9.jpg","media_url_https":"https://pbs.twimg.com/media/DFNZQWVU0AA2od9.jpg","url":"https://t.co/aQmN4dTWQh","display_url":"pic.twitter.com/aQmN4dTWQh","expanded_url":"https://twitter.com/soccer_tk1122/status/888151707972022275/photo/1","type":"photo","sizes":{"thumb":{"w":150,"h":150,"resize":"crop"},"small":{"w":680,"h":400,"resize":"fit"},"medium":{"w":1024,"h":602,"resize":"fit"},"large":{"w":1024,"h":602,"resize":"fit"}}}]},"extended_entities":{"media":[{"id":888151688929923100,"id_str":"888151688929923072","indices":[19,42],"media_url":"http://pbs.twimg.com/media/DFNZQWVU0AA2od9.jpg","media_url_https":"https://pbs.twimg.com/media/DFNZQWVU0AA2od9.jpg","url":"https://t.co/aQmN4dTWQh","display_url":"pic.twitter.com/aQmN4dTWQh","expanded_url":"https://twitter.com/soccer_tk1122/status/888151707972022275/photo/1","type":"photo","sizes":{"thumb":{"w":150,"h":150,"resize":"crop"},"small":{"w":680,"h":400,"resize":"fit"},"medium":{"w":1024,"h":602,"resize":"fit"},"large":{"w":1024,"h":602,"resize":"fit"}}},{"id":888151703400218600,"id_str":"888151703400218625","indices":[19,42],"media_url":"http://pbs.twimg.com/media/DFNZRMPUAAEg-WN.jpg","media_url_https":"https://pbs.twimg.com/media/DFNZRMPUAAEg-WN.jpg","url":"https://t.co/aQmN4dTWQh","display_url":"pic.twitter.com/aQmN4dTWQh","expanded_url":"https://twitter.com/soccer_tk1122/status/888151707972022275/photo/1","type":"photo","sizes":{"small":{"w":395,"h":220,"resize":"fit"},"thumb":{"w":150,"h":150,"resize":"crop"},"medium":{"w":395,"h":220,"resize":"fit"},"large":{"w":395,"h":220,"resize":"fit"}}}]},"metadata":{"iso_language_code":"ja","result_type":"recent"},"source":"<a href=\"http://twitter.com/download/android\" rel=\"nofollow\">Twitter for Android</a>","in_reply_to_status_id":null,"in_reply_to_status_id_str":null,"in_reply_to_user_id":null,"in_reply_to_user_id_str":null,"in_reply_to_screen_name":null,"user":{"id":2421897138,"id_str":"2421897138","name":"たくみ Ambitions✘‏","screen_name":"soccer_tk1122","location":"日本","description":"ツイートはONE OK ROCKメインです。色んなジャンルを広く浅く聴きます！  SiM/coldrain/BABYMETAL/THE ORAL CIGARETTES/04 Limited Sazabys/SUPER BEAVER 他にもたくさん\n❎🆖RT支援、動画･画像の配布はしません🆖❎ \nインスタはURLから","url":"https://t.co/0GrQWr4lk4","entities":{"url":{"urls":[{"url":"https://t.co/0GrQWr4lk4","expanded_url":"https://www.instagram.com/takumi110192629/?hl=ja","display_url":"instagram.com/takumi11019262…","indices":[0,23]}]},"description":{"urls":[]}},"protected":false,"followers_count":50297,"friends_count":53960,"listed_count":84,"created_at":"Tue Apr 01 10:30:07 +0000 2014","favourites_count":1116,"utc_offset":null,"time_zone":null,"geo_enabled":false,"verified":false,"statuses_count":3726,"lang":"ja","contributors_enabled":false,"is_translator":false,"is_translation_enabled":false,"profile_background_color":"000000","profile_background_image_url":"http://abs.twimg.com/images/themes/theme1/bg.png","profile_background_image_url_https":"https://abs.twimg.com/images/themes/theme1/bg.png","profile_background_tile":false,"profile_image_url":"http://pbs.twimg.com/profile_images/829662974956539904/tJ87AAEP_normal.jpg","profile_image_url_https":"https://pbs.twimg.com/profile_images/829662974956539904/tJ87AAEP_normal.jpg","profile_banner_url":"https://pbs.twimg.com/profile_banners/2421897138/1465124010","profile_link_color":"000FC1","profile_sidebar_border_color":"000000","profile_sidebar_fill_color":"000000","profile_text_color":"000000","profile_use_background_image":false,"has_extended_profile":true,"default_profile":false,"default_profile_image":false,"following":false,"follow_request_sent":false,"notifications":false,"translator_type":"none"},"geo":null,"coordinates":null,"place":null,"contributors":null,"is_quote_status":false,"retweet_count":551,"favorite_count":1310,"favorited":false,"retweeted":false,"possibly_sensitive":false,"lang":"ja"},{"created_at":"Thu Jul 20 21:35:53 +0000 2017","id":888150493071003600,"id_str":"888150493071003648","text":"【訃報】リンキン・パークのボーカル、チェスター・ベニントンさん死去 自殺か\nhttps://t.co/JShQ9c0ekl\n\n自宅で首をつった状態で見つかったとの通報があった。マイク・シノダは「とても悲しいが、事実だ」とツイートし… https://t.co/0MUkZ1PjAF","truncated":true,"entities":{"hashtags":[],"symbols":[],"user_mentions":[],"urls":[{"url":"https://t.co/JShQ9c0ekl","expanded_url":"http://news.livedoor.com/article/detail/13364859/","display_url":"news.livedoor.com/article/detail…","indices":[38,61]},{"url":"https://t.co/0MUkZ1PjAF","expanded_url":"https://twitter.com/i/web/status/888150493071003648","display_url":"twitter.com/i/web/status/8…","indices":[117,140]}]},"metadata":{"iso_language_code":"ja","result_type":"recent"},"source":"<a href=\"http://twitter.com\" rel=\"nofollow\">Twitter Web Client</a>","in_reply_to_status_id":null,"in_reply_to_status_id_str":null,"in_reply_to_user_id":null,"in_reply_to_user_id_str":null,"in_reply_to_screen_name":null,"user":{"id":17306975,"id_str":"17306975","name":"ライブドアニュース","screen_name":"livedoornews","location":"","description":"LINE →https://t.co/yhJO0o7Jns／FB → https://t.co/LHTCuyIEjr／インスタ／→https://t.co/SpmVgPtfCG","url":"http://t.co/Q4Bh3OCfgY","entities":{"url":{"urls":[{"url":"http://t.co/Q4Bh3OCfgY","expanded_url":"http://news.livedoor.com/","display_url":"news.livedoor.com","indices":[0,22]}]},"description":{"urls":[{"url":"https://t.co/yhJO0o7Jns","expanded_url":"http://goo.gl/upBgKP","display_url":"goo.gl/upBgKP","indices":[6,29]},{"url":"https://t.co/LHTCuyIEjr","expanded_url":"http://goo.gl/nDULhn","display_url":"goo.gl/nDULhn","indices":[35,58]},{"url":"https://t.co/SpmVgPtfCG","expanded_url":"http://goo.gl/cHGD9G","display_url":"goo.gl/cHGD9G","indices":[65,88]}]}},"protected":false,"followers_count":432250,"friends_count":88,"listed_count":6143,"created_at":"Tue Nov 11 09:56:31 +0000 2008","favourites_count":2609,"utc_offset":32400,"time_zone":"Tokyo","geo_enabled":false,"verified":true,"statuses_count":177181,"lang":"ja","contributors_enabled":false,"is_translator":false,"is_translation_enabled":false,"profile_background_color":"FFFFFF","profile_background_image_url":"http://pbs.twimg.com/profile_background_images/378800000085828060/4b07c1d868c917fb65a3d64a20904cd5.jpeg","profile_background_image_url_https":"https://pbs.twimg.com/profile_background_images/378800000085828060/4b07c1d868c917fb65a3d64a20904cd5.jpeg","profile_background_tile":false,"profile_image_url":"http://pbs.twimg.com/profile_images/875662964988166149/whdJTD2I_normal.jpg","profile_image_url_https":"https://pbs.twimg.com/profile_images/875662964988166149/whdJTD2I_normal.jpg","profile_link_color":"51ADD4","profile_sidebar_border_color":"FFFFFF","profile_sidebar_fill_color":"95E8EC","profile_text_color":"3C3940","profile_use_background_image":true,"has_extended_profile":false,"default_profile":false,"default_profile_image":false,"following":false,"follow_request_sent":false,"notifications":false,"translator_type":"none"},"geo":null,"coordinates":null,"place":null,"contributors":null,"is_quote_status":false,"retweet_count":2779,"favorite_count":1155,"favorited":false,"retweeted":false,"possibly_sensitive":false,"lang":"ja"},{"created_at":"Thu Jul 20 21:30:06 +0000 2017","id":888149038041673700,"id_str":"888149038041673728","text":"今、起きた。 https://t.co/iVIsiFfelN","truncated":false,"entities":{"hashtags":[],"symbols":[],"user_mentions":[],"urls":[],"media":[{"id":888149035650961400,"id_str":"888149035650961410","indices":[7,30],"media_url":"http://pbs.twimg.com/media/DFNW16GU0AI5J5C.jpg","media_url_https":"https://pbs.twimg.com/media/DFNW16GU0AI5J5C.jpg","url":"https://t.co/iVIsiFfelN","display_url":"pic.twitter.com/iVIsiFfelN","expanded_url":"https://twitter.com/mou_kaeru/status/888149038041673728/photo/1","type":"photo","sizes":{"medium":{"w":700,"h":442,"resize":"fit"},"large":{"w":700,"h":442,"resize":"fit"},"thumb":{"w":150,"h":150,"resize":"crop"},"small":{"w":680,"h":429,"resize":"fit"}}}]},"extended_entities":{"media":[{"id":888149035650961400,"id_str":"888149035650961410","indices":[7,30],"media_url":"http://pbs.twimg.com/media/DFNW16GU0AI5J5C.jpg","media_url_https":"https://pbs.twimg.com/media/DFNW16GU0AI5J5C.jpg","url":"https://t.co/iVIsiFfelN","display_url":"pic.twitter.com/iVIsiFfelN","expanded_url":"https://twitter.com/mou_kaeru/status/888149038041673728/photo/1","type":"photo","sizes":{"medium":{"w":700,"h":442,"resize":"fit"},"large":{"w":700,"h":442,"resize":"fit"},"thumb":{"w":150,"h":150,"resize":"crop"},"small":{"w":680,"h":429,"resize":"fit"}}}]},"metadata":{"iso_language_code":"ja","result_type":"recent"},"source":"<a href=\"https://twitter.com/iwbkfendo\" rel=\"nofollow\">shimons</a>","in_reply_to_status_id":null,"in_reply_to_status_id_str":null,"in_reply_to_user_id":null,"in_reply_to_user_id_str":null,"in_reply_to_screen_name":null,"user":{"id":2896551950,"id_str":"2896551950","name":"全日本もう帰りたい協会","screen_name":"mou_kaeru","location":"オフトゥン","description":"もう・・・・帰ろうよ・・・・","url":null,"entities":{"description":{"urls":[]}},"protected":false,"followers_count":372418,"friends_count":793,"listed_count":1509,"created_at":"Tue Nov 11 13:22:59 +0000 2014","favourites_count":0,"utc_offset":28800,"time_zone":"Irkutsk","geo_enabled":false,"verified":false,"statuses_count":7909,"lang":"ja","contributors_enabled":false,"is_translator":false,"is_translation_enabled":false,"profile_background_color":"C0DEED","profile_background_image_url":"http://abs.twimg.com/images/themes/theme1/bg.png","profile_background_image_url_https":"https://abs.twimg.com/images/themes/theme1/bg.png","profile_background_tile":false,"profile_image_url":"http://pbs.twimg.com/profile_images/568885109000908800/ZMuI8MQ5_normal.jpeg","profile_image_url_https":"https://pbs.twimg.com/profile_images/568885109000908800/ZMuI8MQ5_normal.jpeg","profile_banner_url":"https://pbs.twimg.com/profile_banners/2896551950/1424467677","profile_link_color":"1DA1F2","profile_sidebar_border_color":"C0DEED","profile_sidebar_fill_color":"DDEEF6","profile_text_color":"333333","profile_use_background_image":true,"has_extended_profile":false,"default_profile":true,"default_profile_image":false,"following":false,"follow_request_sent":false,"notifications":false,"translator_type":"none"},"geo":null,"coordinates":null,"place":null,"contributors":null,"is_quote_status":false,"retweet_count":1284,"favorite_count":1692,"favorited":false,"retweeted":false,"possibly_sensitive":false,"lang":"ja"},{"created_at":"Thu Jul 20 21:23:40 +0000 2017","id":888147419673772000,"id_str":"888147419673772032","text":"追記: 警察の発表によるとLinkin ParkのヴォーカルChesterは今朝方自宅で自殺。朝9時頃、自宅にやってきた家政婦の方がChesterを発見し警察に通報した様です。Chesterは二度の結婚で6人の子供がいました。RIP https://t.co/QlytrhJ3FA","truncated":false,"entities":{"hashtags":[],"symbols":[],"user_mentions":[],"urls":[{"url":"https://t.co/QlytrhJ3FA","expanded_url":"http://www.dailybreeze.com/general-news/20170720/linkin-park-singer-chester-bennington-commits-suicide-in-palos-verdes-estates","display_url":"dailybreeze.com/general-news/2…","indices":[117,140]}]},"metadata":{"iso_language_code":"ja","result_type":"recent"},"source":"<a href=\"http://twitter.com/download/android\" rel=\"nofollow\">Twitter for Android</a>","in_reply_to_status_id":null,"in_reply_to_status_id_str":null,"in_reply_to_user_id":null,"in_reply_to_user_id_str":null,"in_reply_to_screen_name":null,"user":{"id":381227275,"id_str":"381227275","name":"Rock is not DEAD!","screen_name":"Tomoki_in_OC","location":"Orange County, USA","description":"Rock is not deadはオフィシャルサイトを開設しました。http://t.co/jh6PwHdY 最新バンド情報、ライブレポ、バンド裏話、グッズやファッション等内容は盛りだくさん。よろしくお願いします！","url":"http://t.co/jh6PwHdY","entities":{"url":{"urls":[{"url":"http://t.co/jh6PwHdY","expanded_url":"http://www.rockisnotdeadoc.com","display_url":"rockisnotdeadoc.com","indices":[0,20]}]},"description":{"urls":[{"url":"http://t.co/jh6PwHdY","expanded_url":"http://www.rockisnotdeadoc.com","display_url":"rockisnotdeadoc.com","indices":[34,54]}]}},"protected":false,"followers_count":9100,"friends_count":6700,"listed_count":217,"created_at":"Tue Sep 27 23:42:04 +0000 2011","favourites_count":2,"utc_offset":null,"time_zone":null,"geo_enabled":true,"verified":false,"statuses_count":9135,"lang":"ja","contributors_enabled":false,"is_translator":false,"is_translation_enabled":false,"profile_background_color":"C0DEED","profile_background_image_url":"http://abs.twimg.com/images/themes/theme1/bg.png","profile_background_image_url_https":"https://abs.twimg.com/images/themes/theme1/bg.png","profile_background_tile":false,"profile_image_url":"http://pbs.twimg.com/profile_images/799745980794966016/SSFU5iKQ_normal.jpg","profile_image_url_https":"https://pbs.twimg.com/profile_images/799745980794966016/SSFU5iKQ_normal.jpg","profile_banner_url":"https://pbs.twimg.com/profile_banners/381227275/1437030649","profile_link_color":"1DA1F2","profile_sidebar_border_color":"C0DEED","profile_sidebar_fill_color":"DDEEF6","profile_text_color":"333333","profile_use_background_image":true,"has_extended_profile":false,"default_profile":true,"default_profile_image":false,"following":false,"follow_request_sent":false,"notifications":false,"translator_type":"none"},"geo":null,"coordinates":null,"place":null,"contributors":null,"is_quote_status":false,"retweet_count":570,"favorite_count":214,"favorited":false,"retweeted":false,"possibly_sensitive":false,"lang":"ja"}],"search_metadata":{"completed_in":0.18,"max_id":888166530013319200,"max_id_str":"888166530013319168","next_results":"?max_id=888147419673772031&q=lang%3Aja%20min_retweets%3A500&include_entities=1","query":"lang%3Aja+min_retweets%3A500","refresh_url":"?since_id=888166530013319168&q=lang%3Aja%20min_retweets%3A500&include_entities=1","count":15,"since_id":0,"since_id_str":"0"}}