{"statuses":[{"created_at":"Thu Jul 20 14:39:54 +0000 2017","id":888045807772946400,"id_str":"888045807772946433","text":"あと20分ほどでFTの新情報発表なんですが、眠い人は寝てくださいね。","truncated":false,"entities":{"hashtags":[],"symbols":[],"user_mentions":[],"urls":[]},"metadata":{"iso_language_code":"ja","result_type":"recent"},"source":"<a href=\"http://twitter.com/download/iphone\" rel=\"nofollow\">Twitter for iPhone</a>","in_reply_to_status_id":null,"in_reply_to_status_id_str":null,"in_reply_to_user_id":null,"in_reply_to_user_id_str":null,"in_reply_to_screen_name":null,"user":{"id":591755629,"id_str":"591755629","name":"真島ヒロ","screen_name":"hiro_mashima","location":"東京都","description":"FAIRYTAIL作者の真島ヒロです。全員に返信はできませんが、超不定期できまぐれに返信します。応援してくれてる人全てに感謝です。","url":null,"entities":{"description":{"urls":[]}},"protected":false,"followers_count":1227626,"friends_count":146,"listed_count":4837,"created_at":"Sun May 27 11:37:44 +0000 2012","favourites_count":4,"utc_offset":28800,"time_zone":"Irkutsk","geo_enabled":false,"verified":true,"statuses_count":6068,"lang":"ja","contributors_enabled":false,"is_translator":false,"is_translation_enabled":false,"profile_background_color":"C0DEED","profile_background_image_url":"http://pbs.twimg.com/profile_background_images/825634034/d608eb2903db4aa04e8d4bbbf77f0e8c.png","profile_background_image_url_https":"https://pbs.twimg.com/profile_background_images/825634034/d608eb2903db4aa04e8d4bbbf77f0e8c.png","profile_background_tile":true,"profile_image_url":"http://pbs.twimg.com/profile_images/660495023075561472/hNe_UBMn_normal.png","profile_image_url_https":"https://pbs.twimg.com/profile_images/660495023075561472/hNe_UBMn_normal.png","profile_banner_url":"https://pbs.twimg.com/profile_banners/591755629/1490431315","profile_link_color":"0084B4","profile_sidebar_border_color":"FFFFFF","profile_sidebar_fill_color":"DDEEF6","profile_text_color":"333333","profile_use_background_image":true,"has_extended_profile":false,"default_profile":false,"default_profile_image":false,"following":false,"follow_request_sent":false,"notifications":false,"translator_type":"none"},"geo":null,"coordinates":null,"place":null,"contributors":null,"is_quote_status":false,"retweet_count":1391,"favorite_count":3224,"favorited":false,"retweeted":false,"lang":"ja"},{"created_at":"Thu Jul 20 14:28:02 +0000 2017","id":888042822745456600,"id_str":"888042822745456640","text":"やる気あんのか？お？ https://t.co/ZMDEQnQp5C","truncated":false,"entities":{"hashtags":[],"symbols":[],"user_mentions":[],"urls":[],"media":[{"id":888042805704089600,"id_str":"888042805704089600","indices":[11,34],"media_url":"http://pbs.twimg.com/media/DFL2OgtVYAAlnm6.jpg","media_url_https":"https://pbs.twimg.com/media/DFL2OgtVYAAlnm6.jpg","url":"https://t.co/ZMDEQnQp5C","display_url":"pic.twitter.com/ZMDEQnQp5C","expanded_url":"https://twitter.com/soraruru/status/888042822745456640/photo/1","type":"photo","sizes":{"medium":{"w":1200,"h":900,"resize":"fit"},"small":{"w":680,"h":510,"resize":"fit"},"thumb":{"w":150,"h":150,"resize":"crop"},"large":{"w":2048,"h":1536,"resize":"fit"}}}]},"extended_entities":{"media":[{"id":888042805704089600,"id_str":"888042805704089600","indices":[11,34],"media_url":"http://pbs.twimg.com/media/DFL2OgtVYAAlnm6.jpg","media_url_https":"https://pbs.twimg.com/media/DFL2OgtVYAAlnm6.jpg","url":"https://t.co/ZMDEQnQp5C","display_url":"pic.twitter.com/ZMDEQnQp5C","expanded_url":"https://twitter.com/soraruru/status/888042822745456640/photo/1","type":"photo","sizes":{"medium":{"w":1200,"h":900,"resize":"fit"},"small":{"w":680,"h":510,"resize":"fit"},"thumb":{"w":150,"h":150,"resize":"crop"},"large":{"w":2048,"h":1536,"resize":"fit"}}}]},"metadata":{"iso_language_code":"ja","result_type":"recent"},"source":"<a href=\"http://twitter.com/download/iphone\" rel=\"nofollow\">Twitter for iPhone</a>","in_reply_to_status_id":null,"in_reply_to_status_id_str":null,"in_reply_to_user_id":null,"in_reply_to_user_id_str":null,"in_reply_to_screen_name":null,"user":{"id":53949113,"id_str":"53949113","name":"そらる@CD出るよ","screen_name":"soraruru","location":"イスの上","description":"歌うのが好きです。なにかあれば（soraru_nico@yahoo.co.jp） 「After the Rain」 歌 / ミックス ★HP（https://t.co/DXerRbidZD） ★youtube（https://t.co/BPyoT0WpgD） ★インフォ （@soraru_info）","url":"https://t.co/DXerRbidZD","entities":{"url":{"urls":[{"url":"https://t.co/DXerRbidZD","expanded_url":"http://soraruru.jp/","display_url":"soraruru.jp","indices":[0,23]}]},"description":{"urls":[{"url":"https://t.co/DXerRbidZD","expanded_url":"http://soraruru.jp/","display_url":"soraruru.jp","indices":[71,94]},{"url":"https://t.co/BPyoT0WpgD","expanded_url":"https://www.youtube.com/user/soraruYT","display_url":"youtube.com/user/soraruYT","indices":[105,128]}]}},"protected":false,"followers_count":816676,"friends_count":490,"listed_count":11531,"created_at":"Sun Jul 05 16:52:48 +0000 2009","favourites_count":52,"utc_offset":-36000,"time_zone":"Hawaii","geo_enabled":false,"verified":true,"statuses_count":108408,"lang":"ja","contributors_enabled":false,"is_translator":false,"is_translation_enabled":false,"profile_background_color":"C0DEED","profile_background_image_url":"http://pbs.twimg.com/profile_background_images/204536235/AIMAI.jpg","profile_background_image_url_https":"https://pbs.twimg.com/profile_background_images/204536235/AIMAI.jpg","profile_background_tile":false,"profile_image_url":"http://pbs.twimg.com/profile_images/849083115255541760/DMfTzKmA_normal.jpg","profile_image_url_https":"https://pbs.twimg.com/profile_images/849083115255541760/DMfTzKmA_normal.jpg","profile_banner_url":"https://pbs.twimg.com/profile_banners/53949113/1429782818","profile_link_color":"0084B4","profile_sidebar_border_color":"C0DEED","profile_sidebar_fill_color":"ABC5D1","profile_text_color":"333333","profile_use_background_image":true,"has_extended_profile":false,"default_profile":false,"default_profile_image":false,"following":false,"follow_request_sent":false,"notifications":false,"translator_type":"none"},"geo":null,"coordinates":null,"place":null,"contributors":null,"is_quote_status":false,"retweet_count":1266,"favorite_count":8554,"favorited":false,"retweeted":false,"possibly_sensitive":false,"lang":"ja"},{"created_at":"Thu Jul 20 14:27:40 +0000 2017","id":888042731683041300,"id_str":"888042731683041282","text":"表紙になったりならなかったりしそう https://t.co/fFlzxaIyYH","truncated":false,"entities":{"hashtags":[],"symbols":[],"user_mentions":[],"urls":[],"media":[{"id":888040503073054700,"id_str":"888040503073054720","indices":[18,41],"media_url":"http://pbs.twimg.com/media/DFL0IevUIAADAWY.jpg","media_url_https":"https://pbs.twimg.com/media/DFL0IevUIAADAWY.jpg","url":"https://t.co/fFlzxaIyYH","display_url":"pic.twitter.com/fFlzxaIyYH","expanded_url":"https://twitter.com/benitaman/status/888042731683041282/photo/1","type":"photo","sizes":{"large":{"w":500,"h":700,"resize":"fit"},"small":{"w":486,"h":680,"resize":"fit"},"thumb":{"w":150,"h":150,"resize":"crop"},"medium":{"w":500,"h":700,"resize":"fit"}}}]},"extended_entities":{"media":[{"id":888040503073054700,"id_str":"888040503073054720","indices":[18,41],"media_url":"http://pbs.twimg.com/media/DFL0IevUIAADAWY.jpg","media_url_https":"https://pbs.twimg.com/media/DFL0IevUIAADAWY.jpg","url":"https://t.co/fFlzxaIyYH","display_url":"pic.twitter.com/fFlzxaIyYH","expanded_url":"https://twitter.com/benitaman/status/888042731683041282/photo/1","type":"photo","sizes":{"large":{"w":500,"h":700,"resize":"fit"},"small":{"w":486,"h":680,"resize":"fit"},"thumb":{"w":150,"h":150,"resize":"crop"},"medium":{"w":500,"h":700,"resize":"fit"}}}]},"metadata":{"iso_language_code":"ja","result_type":"recent"},"source":"<a href=\"http://twitter.com\" rel=\"nofollow\">Twitter Web Client</a>","in_reply_to_status_id":null,"in_reply_to_status_id_str":null,"in_reply_to_user_id":null,"in_reply_to_user_id_str":null,"in_reply_to_screen_name":null,"user":{"id":162276644,"id_str":"162276644","name":"べにたま_日曜日ぺ02a","screen_name":"benitaman","location":"","description":"https://t.co/iBRIyznbIO フリーのターです","url":null,"entities":{"description":{"urls":[{"url":"https://t.co/iBRIyznbIO","expanded_url":"http://pixiv.me/benitama","display_url":"pixiv.me/benitama","indices":[0,23]}]}},"protected":false,"followers_count":33348,"friends_count":683,"listed_count":808,"created_at":"Sat Jul 03 05:21:07 +0000 2010","favourites_count":1589,"utc_offset":32400,"time_zone":"Tokyo","geo_enabled":false,"verified":false,"statuses_count":13598,"lang":"ja","contributors_enabled":false,"is_translator":false,"is_translation_enabled":false,"profile_background_color":"C0DEED","profile_background_image_url":"http://abs.twimg.com/images/themes/theme1/bg.png","profile_background_image_url_https":"https://abs.twimg.com/images/themes/theme1/bg.png","profile_background_tile":false,"profile_image_url":"http://pbs.twimg.com/profile_images/862666214941704193/ycuOyalq_normal.jpg","profile_image_url_https":"https://pbs.twimg.com/profile_images/862666214941704193/ycuOyalq_normal.jpg","profile_banner_url":"https://pbs.twimg.com/profile_banners/162276644/1494510832","profile_link_color":"1DA1F2","profile_sidebar_border_color":"C0DEED","profile_sidebar_fill_color":"DDEEF6","profile_text_color":"333333","profile_use_background_image":true,"has_extended_profile":false,"default_profile":true,"default_profile_image":false,"following":false,"follow_request_sent":false,"notifications":false,"translator_type":"none"},"geo":null,"coordinates":null,"place":null,"contributors":null,"is_quote_status":false,"retweet_count":1094,"favorite_count":2704,"favorited":false,"retweeted":false,"possibly_sensitive":false,"lang":"ja"},{"created_at":"Thu Jul 20 14:27:30 +0000 2017","id":888042688427065300,"id_str":"888042688427065346","text":"先輩と後輩。 https://t.co/8l4u2xxLJp","truncated":false,"entities":{"hashtags":[],"symbols":[],"user_mentions":[],"urls":[],"media":[{"id":888042582235676700,"id_str":"888042582235676673","indices":[7,30],"media_url":"http://pbs.twimg.com/media/DFL2BgOUAAEq_fw.jpg","media_url_https":"https://pbs.twimg.com/media/DFL2BgOUAAEq_fw.jpg","url":"https://t.co/8l4u2xxLJp","display_url":"pic.twitter.com/8l4u2xxLJp","expanded_url":"https://twitter.com/odorukodomo8910/status/888042688427065346/photo/1","type":"photo","sizes":{"small":{"w":680,"h":680,"resize":"fit"},"thumb":{"w":150,"h":150,"resize":"crop"},"medium":{"w":1200,"h":1200,"resize":"fit"},"large":{"w":2048,"h":2048,"resize":"fit"}}}]},"extended_entities":{"media":[{"id":888042582235676700,"id_str":"888042582235676673","indices":[7,30],"media_url":"http://pbs.twimg.com/media/DFL2BgOUAAEq_fw.jpg","media_url_https":"https://pbs.twimg.com/media/DFL2BgOUAAEq_fw.jpg","url":"https://t.co/8l4u2xxLJp","display_url":"pic.twitter.com/8l4u2xxLJp","expanded_url":"https://twitter.com/odorukodomo8910/status/888042688427065346/photo/1","type":"photo","sizes":{"small":{"w":680,"h":680,"resize":"fit"},"thumb":{"w":150,"h":150,"resize":"crop"},"medium":{"w":1200,"h":1200,"resize":"fit"},"large":{"w":2048,"h":2048,"resize":"fit"}}},{"id":888042582231498800,"id_str":"888042582231498752","indices":[7,30],"media_url":"http://pbs.twimg.com/media/DFL2BgNUQAAPjP2.jpg","media_url_https":"https://pbs.twimg.com/media/DFL2BgNUQAAPjP2.jpg","url":"https://t.co/8l4u2xxLJp","display_url":"pic.twitter.com/8l4u2xxLJp","expanded_url":"https://twitter.com/odorukodomo8910/status/888042688427065346/photo/1","type":"photo","sizes":{"small":{"w":680,"h":680,"resize":"fit"},"thumb":{"w":150,"h":150,"resize":"crop"},"medium":{"w":1200,"h":1200,"resize":"fit"},"large":{"w":2048,"h":2048,"resize":"fit"}}},{"id":888042582235729900,"id_str":"888042582235729922","indices":[7,30],"media_url":"http://pbs.twimg.com/media/DFL2BgOU0AIRCQC.jpg","media_url_https":"https://pbs.twimg.com/media/DFL2BgOU0AIRCQC.jpg","url":"https://t.co/8l4u2xxLJp","display_url":"pic.twitter.com/8l4u2xxLJp","expanded_url":"https://twitter.com/odorukodomo8910/status/888042688427065346/photo/1","type":"photo","sizes":{"small":{"w":680,"h":680,"resize":"fit"},"thumb":{"w":150,"h":150,"resize":"crop"},"medium":{"w":1200,"h":1200,"resize":"fit"},"large":{"w":2000,"h":2000,"resize":"fit"}}},{"id":888042582239985700,"id_str":"888042582239985664","indices":[7,30],"media_url":"http://pbs.twimg.com/media/DFL2BgPVwAA9oVd.jpg","media_url_https":"https://pbs.twimg.com/media/DFL2BgPVwAA9oVd.jpg","url":"https://t.co/8l4u2xxLJp","display_url":"pic.twitter.com/8l4u2xxLJp","expanded_url":"https://twitter.com/odorukodomo8910/status/888042688427065346/photo/1","type":"photo","sizes":{"small":{"w":680,"h":680,"resize":"fit"},"thumb":{"w":150,"h":150,"resize":"crop"},"medium":{"w":1200,"h":1200,"resize":"fit"},"large":{"w":2048,"h":2048,"resize":"fit"}}}]},"metadata":{"iso_language_code":"ja","result_type":"recent"},"source":"<a href=\"http://twitter.com/download/iphone\" rel=\"nofollow\">Twitter for iPhone</a>","in_reply_to_status_id":null,"in_reply_to_status_id_str":null,"in_reply_to_user_id":null,"in_reply_to_user_id_str":null,"in_reply_to_screen_name":null,"user":{"id":4726228676,"id_str":"4726228676","name":"羊の目。","screen_name":"odorukodomo8910","location":"odorukodomo8910@gmail.com","description":"アイコンはちょんぬさん。だいたいいつも腹痛。 イラストのご使用、転載はご遠慮くださいませ。グッズは下記URLから。 https://t.co/0aKQ9d2Fw3 イラスト依頼、お仕事などは下記アドレスからお待ちしております。","url":"https://t.co/Qzt5K6fd9W","entities":{"url":{"urls":[{"url":"https://t.co/Qzt5K6fd9W","expanded_url":"https://suzuri.jp/akt_0606","display_url":"suzuri.jp/akt_0606","indices":[0,23]}]},"description":{"urls":[{"url":"https://t.co/0aKQ9d2Fw3","expanded_url":"http://hitsuzinome.thebase.in","display_url":"hitsuzinome.thebase.in","indices":[58,81]}]}},"protected":false,"followers_count":83481,"friends_count":350,"listed_count":454,"created_at":"Fri Jan 08 02:22:44 +0000 2016","favourites_count":10494,"utc_offset":null,"time_zone":null,"geo_enabled":false,"verified":false,"statuses_count":9343,"lang":"ja","contributors_enabled":false,"is_translator":false,"is_translation_enabled":false,"profile_background_color":"F5F8FA","profile_background_image_url":null,"profile_background_image_url_https":null,"profile_background_tile":false,"profile_image_url":"http://pbs.twimg.com/profile_images/773818405006643200/pCi-erw__normal.jpg","profile_image_url_https":"https://pbs.twimg.com/profile_images/773818405006643200/pCi-erw__normal.jpg","profile_banner_url":"https://pbs.twimg.com/profile_banners/4726228676/1476019311","profile_link_color":"1DA1F2","profile_sidebar_border_color":"C0DEED","profile_sidebar_fill_color":"DDEEF6","profile_text_color":"333333","profile_use_background_image":true,"has_extended_profile":false,"default_profile":true,"default_profile_image":false,"following":false,"follow_request_sent":false,"notifications":false,"translator_type":"none"},"geo":null,"coordinates":null,"place":null,"contributors":null,"is_quote_status":false,"retweet_count":1433,"favorite_count":5634,"favorited":false,"retweeted":false,"possibly_sensitive":false,"lang":"ja"},{"created_at":"Thu Jul 20 14:21:59 +0000 2017","id":888041297704923100,"id_str":"888041297704923136","text":"『BLACKPINK PREMIUM DEBUT SHOWCASE』カチコミ\n８年前からKPOPファンですが…\nBLACKPINKさんに魂を燃やされ。\nデビュー１年とは思えないほどのパフォーマンス。ファッション。歌唱力。カリスマ性… https://t.co/gAsuZpjFu3","truncated":true,"entities":{"hashtags":[],"symbols":[],"user_mentions":[],"urls":[{"url":"https://t.co/gAsuZpjFu3","expanded_url":"https://twitter.com/i/web/status/888041297704923136","display_url":"twitter.com/i/web/status/8…","indices":[117,140]}]},"metadata":{"iso_language_code":"ja","result_type":"recent"},"source":"<a href=\"http://twitter.com/download/android\" rel=\"nofollow\">Twitter for Android</a>","in_reply_to_status_id":null,"in_reply_to_status_id_str":null,"in_reply_to_user_id":null,"in_reply_to_user_id_str":null,"in_reply_to_screen_name":null,"user":{"id":4682969173,"id_str":"4682969173","name":"山田裕貴","screen_name":"00_yuki_Y","location":"","description":"◇『HiGH&LOW THE MOVIE2&3』『闇金ドッグス6,7』『トモダチゲーム』『ガキロック』『3人のパパ』『僕たちがやりました』7.18スタート『伊藤くんA to E』８月スタート『二度めの夏、二度と会えない君』9.1公開『亜人』9.30公開『あゝ、荒野』10.7前編,10.21後編『デメキン』冬公開","url":"https://t.co/4om6jHtw9P","entities":{"url":{"urls":[{"url":"https://t.co/4om6jHtw9P","expanded_url":"http://s.ameblo.jp/yuki-yamada-we/","display_url":"s.ameblo.jp/yuki-yamada-we/","indices":[0,23]}]},"description":{"urls":[]}},"protected":false,"followers_count":133517,"friends_count":419,"listed_count":805,"created_at":"Thu Dec 31 11:42:17 +0000 2015","favourites_count":746,"utc_offset":null,"time_zone":null,"geo_enabled":true,"verified":true,"statuses_count":2080,"lang":"ja","contributors_enabled":false,"is_translator":false,"is_translation_enabled":false,"profile_background_color":"F5F8FA","profile_background_image_url":null,"profile_background_image_url_https":null,"profile_background_tile":false,"profile_image_url":"http://pbs.twimg.com/profile_images/819534001991880708/HNqCP9VS_normal.jpg","profile_image_url_https":"https://pbs.twimg.com/profile_images/819534001991880708/HNqCP9VS_normal.jpg","profile_banner_url":"https://pbs.twimg.com/profile_banners/4682969173/1497776595","profile_link_color":"1DA1F2","profile_sidebar_border_color":"C0DEED","profile_sidebar_fill_color":"DDEEF6","profile_text_color":"333333","profile_use_background_image":true,"has_extended_profile":true,"default_profile":true,"default_profile_image":false,"following":false,"follow_request_sent":false,"notifications":false,"translator_type":"none"},"geo":null,"coordinates":null,"place":null,"contributors":null,"is_quote_status":false,"retweet_count":776,"favorite_count":2491,"favorited":false,"retweeted":false,"possibly_sensitive":false,"lang":"ja"},{"created_at":"Thu Jul 20 14:14:06 +0000 2017","id":888039317649506300,"id_str":"888039317649506304","text":"【ブログ更新 白石麻衣】 夏！ https://t.co/nTt4SGljwF https://t.co/OhSvOdUAdO","truncated":false,"entities":{"hashtags":[],"symbols":[],"user_mentions":[],"urls":[{"url":"https://t.co/nTt4SGljwF","expanded_url":"http://dlvr.it/PX4nqZ","display_url":"dlvr.it/PX4nqZ","indices":[16,39]}],"media":[{"id":888039315388850200,"id_str":"888039315388850176","indices":[40,63],"media_url":"http://pbs.twimg.com/media/DFLzDWRVYAA60Fs.jpg","media_url_https":"https://pbs.twimg.com/media/DFLzDWRVYAA60Fs.jpg","url":"https://t.co/OhSvOdUAdO","display_url":"pic.twitter.com/OhSvOdUAdO","expanded_url":"https://twitter.com/nogizaka46/status/888039317649506304/photo/1","type":"photo","sizes":{"medium":{"w":240,"h":180,"resize":"fit"},"small":{"w":240,"h":180,"resize":"fit"},"thumb":{"w":150,"h":150,"resize":"crop"},"large":{"w":240,"h":180,"resize":"fit"}}}]},"extended_entities":{"media":[{"id":888039315388850200,"id_str":"888039315388850176","indices":[40,63],"media_url":"http://pbs.twimg.com/media/DFLzDWRVYAA60Fs.jpg","media_url_https":"https://pbs.twimg.com/media/DFLzDWRVYAA60Fs.jpg","url":"https://t.co/OhSvOdUAdO","display_url":"pic.twitter.com/OhSvOdUAdO","expanded_url":"https://twitter.com/nogizaka46/status/888039317649506304/photo/1","type":"photo","sizes":{"medium":{"w":240,"h":180,"resize":"fit"},"small":{"w":240,"h":180,"resize":"fit"},"thumb":{"w":150,"h":150,"resize":"crop"},"large":{"w":240,"h":180,"resize":"fit"}}}]},"metadata":{"iso_language_code":"ja","result_type":"recent"},"source":"<a href=\"https://dlvrit.com/\" rel=\"nofollow\">dlvr.it</a>","in_reply_to_status_id":null,"in_reply_to_status_id_str":null,"in_reply_to_user_id":null,"in_reply_to_user_id_str":null,"in_reply_to_screen_name":null,"user":{"id":317684165,"id_str":"317684165","name":"乃木坂46","screen_name":"nogizaka46","location":"乃木坂","description":"AKB48公式ライバルとして結成したアイドルグループです。\r\nグループ名の「乃木坂」は、最終オーディション会場の「SME乃木坂ビル」に由来し「46」は、『AKB48より人数が少なくても負けないという意気込み（秋元康氏）』からです。よろしくお願いします。","url":"http://t.co/f7TOymAV8b","entities":{"url":{"urls":[{"url":"http://t.co/f7TOymAV8b","expanded_url":"http://www.nogizaka46.com/","display_url":"nogizaka46.com","indices":[0,22]}]},"description":{"urls":[]}},"protected":false,"followers_count":780370,"friends_count":11,"listed_count":3741,"created_at":"Wed Jun 15 09:35:11 +0000 2011","favourites_count":15,"utc_offset":32400,"time_zone":"Tokyo","geo_enabled":false,"verified":true,"statuses_count":10690,"lang":"ja","contributors_enabled":false,"is_translator":false,"is_translation_enabled":false,"profile_background_color":"C0DEED","profile_background_image_url":"http://abs.twimg.com/images/themes/theme1/bg.png","profile_background_image_url_https":"https://abs.twimg.com/images/themes/theme1/bg.png","profile_background_tile":false,"profile_image_url":"http://pbs.twimg.com/profile_images/879321670640558081/LJqAoLcs_normal.jpg","profile_image_url_https":"https://pbs.twimg.com/profile_images/879321670640558081/LJqAoLcs_normal.jpg","profile_banner_url":"https://pbs.twimg.com/profile_banners/317684165/1400066488","profile_link_color":"1DA1F2","profile_sidebar_border_color":"C0DEED","profile_sidebar_fill_color":"DDEEF6","profile_text_color":"333333","profile_use_background_image":true,"has_extended_profile":false,"default_profile":true,"default_profile_image":false,"following":false,"follow_request_sent":false,"notifications":false,"translator_type":"none"},"geo":null,"coordinates":null,"place":null,"contributors":null,"is_quote_status":false,"retweet_count":3722,"favorite_count":12663,"favorited":false,"retweeted":false,"possibly_sensitive":false,"lang":"ja"},{"created_at":"Thu Jul 20 14:02:38 +0000 2017","id":888036428411621400,"id_str":"888036428411621376","text":"今日で22才になりました！🎂\n\nあんまり変化を感じませんが笑笑\n\nたくさんのメッセージありがとうございます😭\n\nこれからが本当に大事な時期になると思います！💪\nファンの皆さんの声援がものすごい力になります👍\n\n明日からも応援よろしくお願いします😊","truncated":false,"entities":{"hashtags":[],"symbols":[],"user_mentions":[],"urls":[]},"metadata":{"iso_language_code":"ja","result_type":"recent"},"source":"<a href=\"http://twitter.com/download/iphone\" rel=\"nofollow\">Twitter for iPhone</a>","in_reply_to_status_id":null,"in_reply_to_status_id_str":null,"in_reply_to_user_id":null,"in_reply_to_user_id_str":null,"in_reply_to_screen_name":null,"user":{"id":738005758210498600,"id_str":"738005758210498560","name":"砂田 毅樹","screen_name":"yoshikisunada47","location":"","description":"札幌出身 横浜DeNAベイスターズ #47 常に上へ【謝】Haru.Robinson ラスカル💕","url":null,"entities":{"description":{"urls":[]}},"protected":false,"followers_count":37419,"friends_count":69,"listed_count":424,"created_at":"Wed Jun 01 13:54:19 +0000 2016","favourites_count":39,"utc_offset":null,"time_zone":null,"geo_enabled":false,"verified":false,"statuses_count":123,"lang":"en","contributors_enabled":false,"is_translator":false,"is_translation_enabled":false,"profile_background_color":"F5F8FA","profile_background_image_url":null,"profile_background_image_url_https":null,"profile_background_tile":false,"profile_image_url":"http://pbs.twimg.com/profile_images/849066989050114049/suj_uk4n_normal.jpg","profile_image_url_https":"https://pbs.twimg.com/profile_images/849066989050114049/suj_uk4n_normal.jpg","profile_banner_url":"https://pbs.twimg.com/profile_banners/738005758210498560/1488463699","profile_link_color":"1DA1F2","profile_sidebar_border_color":"C0DEED","profile_sidebar_fill_color":"DDEEF6","profile_text_color":"333333","profile_use_background_image":true,"has_extended_profile":true,"default_profile":true,"default_profile_image":false,"following":false,"follow_request_sent":false,"notifications":false,"translator_type":"none"},"geo":null,"coordinates":null,"place":null,"contributors":null,"is_quote_status":false,"retweet_count":645,"favorite_count":2737,"favorited":false,"retweeted":false,"lang":"ja"},{"created_at":"Thu Jul 20 14:00:51 +0000 2017","id":888035979973374000,"id_str":"888035979973373954","text":"ＲＴされた方から、抽選で１名様にアイコンをお描きします。\n締切は７月２１日　２３：５９です。 https://t.co/yOQcxrvVSe","truncated":false,"entities":{"hashtags":[],"symbols":[],"user_mentions":[],"urls":[],"media":[{"id":888035891863670800,"id_str":"888035891863670785","indices":[47,70],"media_url":"http://pbs.twimg.com/media/DFLv8EpU0AEZk82.jpg","media_url_https":"https://pbs.twimg.com/media/DFLv8EpU0AEZk82.jpg","url":"https://t.co/yOQcxrvVSe","display_url":"pic.twitter.com/yOQcxrvVSe","expanded_url":"https://twitter.com/amepo_/status/888035979973373954/photo/1","type":"photo","sizes":{"small":{"w":680,"h":680,"resize":"fit"},"large":{"w":1000,"h":1000,"resize":"fit"},"medium":{"w":1000,"h":1000,"resize":"fit"},"thumb":{"w":150,"h":150,"resize":"crop"}}}]},"extended_entities":{"media":[{"id":888035891863670800,"id_str":"888035891863670785","indices":[47,70],"media_url":"http://pbs.twimg.com/media/DFLv8EpU0AEZk82.jpg","media_url_https":"https://pbs.twimg.com/media/DFLv8EpU0AEZk82.jpg","url":"https://t.co/yOQcxrvVSe","display_url":"pic.twitter.com/yOQcxrvVSe","expanded_url":"https://twitter.com/amepo_/status/888035979973373954/photo/1","type":"photo","sizes":{"small":{"w":680,"h":680,"resize":"fit"},"large":{"w":1000,"h":1000,"resize":"fit"},"medium":{"w":1000,"h":1000,"resize":"fit"},"thumb":{"w":150,"h":150,"resize":"crop"}}},{"id":888035912738783200,"id_str":"888035912738783233","indices":[47,70],"media_url":"http://pbs.twimg.com/media/DFLv9SaVwAEbs7Y.jpg","media_url_https":"https://pbs.twimg.com/media/DFLv9SaVwAEbs7Y.jpg","url":"https://t.co/yOQcxrvVSe","display_url":"pic.twitter.com/yOQcxrvVSe","expanded_url":"https://twitter.com/amepo_/status/888035979973373954/photo/1","type":"photo","sizes":{"large":{"w":1000,"h":1000,"resize":"fit"},"small":{"w":680,"h":680,"resize":"fit"},"thumb":{"w":150,"h":150,"resize":"crop"},"medium":{"w":1000,"h":1000,"resize":"fit"}}},{"id":888035932108013600,"id_str":"888035932108013568","indices":[47,70],"media_url":"http://pbs.twimg.com/media/DFLv-akUwAAyvy5.jpg","media_url_https":"https://pbs.twimg.com/media/DFLv-akUwAAyvy5.jpg","url":"https://t.co/yOQcxrvVSe","display_url":"pic.twitter.com/yOQcxrvVSe","expanded_url":"https://twitter.com/amepo_/status/888035979973373954/photo/1","type":"photo","sizes":{"small":{"w":680,"h":680,"resize":"fit"},"large":{"w":1000,"h":1000,"resize":"fit"},"medium":{"w":1000,"h":1000,"resize":"fit"},"thumb":{"w":150,"h":150,"resize":"crop"}}},{"id":888035954543349800,"id_str":"888035954543349762","indices":[47,70],"media_url":"http://pbs.twimg.com/media/DFLv_uJU0AItkif.jpg","media_url_https":"https://pbs.twimg.com/media/DFLv_uJU0AItkif.jpg","url":"https://t.co/yOQcxrvVSe","display_url":"pic.twitter.com/yOQcxrvVSe","expanded_url":"https://twitter.com/amepo_/status/888035979973373954/photo/1","type":"photo","sizes":{"small":{"w":680,"h":680,"resize":"fit"},"large":{"w":1000,"h":1000,"resize":"fit"},"medium":{"w":1000,"h":1000,"resize":"fit"},"thumb":{"w":150,"h":150,"resize":"crop"}}}]},"metadata":{"iso_language_code":"ja","result_type":"recent"},"source":"<a href=\"http://twitter.com\" rel=\"nofollow\">Twitter Web Client</a>","in_reply_to_status_id":null,"in_reply_to_status_id_str":null,"in_reply_to_user_id":null,"in_reply_to_user_id_str":null,"in_reply_to_screen_name":null,"user":{"id":3171524637,"id_str":"3171524637","name":"あめぽん","screen_name":"amepo_","location":"","description":"[pixiv]https://t.co/dSVVBdhZw7     [サブ]@amepon_有償アイコンお休み中。","url":null,"entities":{"description":{"urls":[{"url":"https://t.co/dSVVBdhZw7","expanded_url":"https://pixiv.me/amepo_momo","display_url":"pixiv.me/amepo_momo","indices":[7,30]}]}},"protected":false,"followers_count":37741,"friends_count":549,"listed_count":246,"created_at":"Wed Apr 15 23:22:40 +0000 2015","favourites_count":3223,"utc_offset":null,"time_zone":null,"geo_enabled":false,"verified":false,"statuses_count":3602,"lang":"ja","contributors_enabled":false,"is_translator":false,"is_translation_enabled":false,"profile_background_color":"000000","profile_background_image_url":"http://abs.twimg.com/images/themes/theme1/bg.png","profile_background_image_url_https":"https://abs.twimg.com/images/themes/theme1/bg.png","profile_background_tile":false,"profile_image_url":"http://pbs.twimg.com/profile_images/841539426954047488/6jNUMzqc_normal.jpg","profile_image_url_https":"https://pbs.twimg.com/profile_images/841539426954047488/6jNUMzqc_normal.jpg","profile_banner_url":"https://pbs.twimg.com/profile_banners/3171524637/1489369573","profile_link_color":"3B94D9","profile_sidebar_border_color":"000000","profile_sidebar_fill_color":"000000","profile_text_color":"000000","profile_use_background_image":false,"has_extended_profile":false,"default_profile":false,"default_profile_image":false,"following":false,"follow_request_sent":false,"notifications":false,"translator_type":"none"},"geo":null,"coordinates":null,"place":null,"contributors":null,"is_quote_status":false,"retweet_count":1270,"favorite_count":511,"favorited":false,"retweeted":false,"possibly_sensitive":false,"lang":"ja"},{"created_at":"Thu Jul 20 14:00:05 +0000 2017","id":888035787270348800,"id_str":"888035787270348801","text":"ワンモアシコリティSTAGE","truncated":false,"entities":{"hashtags":[],"symbols":[],"user_mentions":[],"urls":[]},"metadata":{"iso_language_code":"ja","result_type":"recent"},"source":"<a href=\"http://carotene.sakura.ne.jp/shuumai/\" rel=\"nofollow\">せいろ</a>","in_reply_to_status_id":null,"in_reply_to_status_id_str":null,"in_reply_to_user_id":null,"in_reply_to_user_id_str":null,"in_reply_to_screen_name":null,"user":{"id":54882396,"id_str":"54882396","name":"しゅうまい君","screen_name":"shuumai","location":"せいろ","description":"followingの皆さんの最近の発言を学習して喋るよ。（何かあったら@enpitsuまで）／LINEスタンプもあるよhttps://t.co/dRzUm39fDe","url":"https://t.co/33QcJKtmeV","entities":{"url":{"urls":[{"url":"https://t.co/33QcJKtmeV","expanded_url":"http://enpitsu.org/shuumai/","display_url":"enpitsu.org/shuumai/","indices":[0,23]}]},"description":{"urls":[{"url":"https://t.co/dRzUm39fDe","expanded_url":"http://line.me/S/sticker/1010497","display_url":"line.me/S/sticker/1010…","indices":[59,82]}]}},"protected":false,"followers_count":294848,"friends_count":252750,"listed_count":15180,"created_at":"Wed Jul 08 12:37:32 +0000 2009","favourites_count":0,"utc_offset":32400,"time_zone":"Tokyo","geo_enabled":false,"verified":false,"statuses_count":185793,"lang":"en","contributors_enabled":false,"is_translator":false,"is_translation_enabled":false,"profile_background_color":"0099B9","profile_background_image_url":"http://abs.twimg.com/images/themes/theme4/bg.gif","profile_background_image_url_https":"https://abs.twimg.com/images/themes/theme4/bg.gif","profile_background_tile":false,"profile_image_url":"http://pbs.twimg.com/profile_images/303370559/shuumai_normal.jpg","profile_image_url_https":"https://pbs.twimg.com/profile_images/303370559/shuumai_normal.jpg","profile_link_color":"0099B9","profile_sidebar_border_color":"5ED4DC","profile_sidebar_fill_color":"95E8EC","profile_text_color":"3C3940","profile_use_background_image":true,"has_extended_profile":true,"default_profile":false,"default_profile_image":false,"following":false,"follow_request_sent":false,"notifications":false,"translator_type":"none"},"geo":null,"coordinates":null,"place":null,"contributors":null,"is_quote_status":false,"retweet_count":897,"favorite_count":1143,"favorited":false,"retweeted":false,"lang":"ja"},{"created_at":"Thu Jul 20 13:57:40 +0000 2017","id":888035181386281000,"id_str":"888035181386280960","text":"あと一時間少々かぁ…｡\n２０年はあっという間ですね｡\n\n堂本光一さま\n堂本剛さま\n\nいつまでも\n黄金デュオでいて下さい｡\n\n#祝キンキ20","truncated":false,"entities":{"hashtags":[{"text":"祝キンキ20","indices":[62,69]}],"symbols":[],"user_mentions":[],"urls":[]},"metadata":{"iso_language_code":"ja","result_type":"recent"},"source":"<a href=\"http://twitter.com/download/android\" rel=\"nofollow\">Twitter for Android</a>","in_reply_to_status_id":null,"in_reply_to_status_id_str":null,"in_reply_to_user_id":null,"in_reply_to_user_id_str":null,"in_reply_to_screen_name":null,"user":{"id":225319400,"id_str":"225319400","name":"斉藤 一美","screen_name":"joqrkazumi","location":"","description":"『斉藤一美ニュースワイド SAKIDORI』キャスター(文化放送／月～金 15:30～17:50)｡ラジオで喋ることが生き甲斐です｡","url":"https://t.co/nCehd4wPga","entities":{"url":{"urls":[{"url":"https://t.co/nCehd4wPga","expanded_url":"http://www.joqr.co.jp/sakidori/","display_url":"joqr.co.jp/sakidori/","indices":[0,23]}]},"description":{"urls":[]}},"protected":false,"followers_count":19629,"friends_count":991,"listed_count":695,"created_at":"Sat Dec 11 08:33:52 +0000 2010","favourites_count":77,"utc_offset":-36000,"time_zone":"Hawaii","geo_enabled":false,"verified":false,"statuses_count":7865,"lang":"ja","contributors_enabled":false,"is_translator":false,"is_translation_enabled":false,"profile_background_color":"C0DEED","profile_background_image_url":"http://abs.twimg.com/images/themes/theme1/bg.png","profile_background_image_url_https":"https://abs.twimg.com/images/themes/theme1/bg.png","profile_background_tile":false,"profile_image_url":"http://pbs.twimg.com/profile_images/848437176996044800/P_T3-Uuo_normal.jpg","profile_image_url_https":"https://pbs.twimg.com/profile_images/848437176996044800/P_T3-Uuo_normal.jpg","profile_banner_url":"https://pbs.twimg.com/profile_banners/225319400/1436180549","profile_link_color":"1DA1F2","profile_sidebar_border_color":"C0DEED","profile_sidebar_fill_color":"DDEEF6","profile_text_color":"333333","profile_use_background_image":true,"has_extended_profile":false,"default_profile":true,"default_profile_image":false,"following":false,"follow_request_sent":false,"notifications":false,"translator_type":"none"},"geo":null,"coordinates":null,"place":null,"contributors":null,"is_quote_status":false,"retweet_count":863,"favorite_count":941,"favorited":false,"retweeted":false,"lang":"ja"},{"created_at":"Thu Jul 20 13:55:44 +0000 2017","id":888034691940360200,"id_str":"888034691940360192","text":"取材を受けさせていただきました！！\n\n写真は待ち合わせしている東です。笑\nチェックチェック！\n\ntwitter @mag_ray\nInstagram @ray.magazine\n\n#Ray9月号\n#彼氏とデートなうに使ってもいいよ… https://t.co/NItQOhQwbD","truncated":true,"entities":{"hashtags":[{"text":"Ray9月号","indices":[90,97]},{"text":"彼氏とデートなうに使ってもいいよ","indices":[98,115]}],"symbols":[],"user_mentions":[{"screen_name":"mag_ray","name":"Ray編集部（主婦の友社）","id":114915906,"id_str":"114915906","indices":[56,64]},{"screen_name":"ray","name":"Ray","id":12801,"id_str":"12801","indices":[75,79]}],"urls":[{"url":"https://t.co/NItQOhQwbD","expanded_url":"https://twitter.com/i/web/status/888034691940360192","display_url":"twitter.com/i/web/status/8…","indices":[117,140]}]},"metadata":{"iso_language_code":"ja","result_type":"recent"},"source":"<a href=\"http://twitter.com/download/iphone\" rel=\"nofollow\">Twitter for iPhone</a>","in_reply_to_status_id":null,"in_reply_to_status_id_str":null,"in_reply_to_user_id":null,"in_reply_to_user_id_str":null,"in_reply_to_screen_name":null,"user":{"id":4646635104,"id_str":"4646635104","name":"東啓介","screen_name":"keisuke_higashi","location":"","description":"★公式アカウント★ワタナベエンターテインメント所属。俳優。舞台『刀剣乱舞』義伝 暁の独眼竜 燭台切光忠役","url":"https://t.co/XYMTseTz1d","entities":{"url":{"urls":[{"url":"https://t.co/XYMTseTz1d","expanded_url":"http://www.watanabepro.co.jp/mypage/10000062/","display_url":"watanabepro.co.jp/mypage/1000006…","indices":[0,23]}]},"description":{"urls":[]}},"protected":false,"followers_count":78381,"friends_count":169,"listed_count":3950,"created_at":"Fri Dec 25 02:43:20 +0000 2015","favourites_count":40,"utc_offset":32400,"time_zone":"Tokyo","geo_enabled":true,"verified":true,"statuses_count":1901,"lang":"ja","contributors_enabled":false,"is_translator":false,"is_translation_enabled":false,"profile_background_color":"F5F8FA","profile_background_image_url":null,"profile_background_image_url_https":null,"profile_background_tile":false,"profile_image_url":"http://pbs.twimg.com/profile_images/886936299172618240/X5m6Hr4v_normal.jpg","profile_image_url_https":"https://pbs.twimg.com/profile_images/886936299172618240/X5m6Hr4v_normal.jpg","profile_banner_url":"https://pbs.twimg.com/profile_banners/4646635104/1485517220","profile_link_color":"1DA1F2","profile_sidebar_border_color":"C0DEED","profile_sidebar_fill_color":"DDEEF6","profile_text_color":"333333","profile_use_background_image":true,"has_extended_profile":true,"default_profile":true,"default_profile_image":false,"following":false,"follow_request_sent":false,"notifications":false,"translator_type":"none"},"geo":null,"coordinates":null,"place":null,"contributors":null,"is_quote_status":true,"quoted_status_id":887927923541286900,"quoted_status_id_str":"887927923541286913","quoted_status":{"created_at":"Thu Jul 20 06:51:28 +0000 2017","id":887927923541286900,"id_str":"887927923541286913","text":"今週発売のRay9月号では、2.5次元舞台で活躍するイケメン俳優8人が登場！！オフショットをチラ見せ❤ \n#Ray9月号 #2.5次元ミュージカル #彼氏とデートなうに使っていいよ #鈴木拡樹 #北村諒 #植田圭輔 #染谷俊之… https://t.co/QEu7AiATsV","truncated":true,"entities":{"hashtags":[{"text":"Ray9月号","indices":[53,60]},{"text":"彼氏とデートなうに使っていいよ","indices":[74,90]},{"text":"鈴木拡樹","indices":[91,96]},{"text":"北村諒","indices":[97,101]},{"text":"植田圭輔","indices":[102,107]},{"text":"染谷俊之","indices":[108,113]}],"symbols":[],"user_mentions":[],"urls":[{"url":"https://t.co/QEu7AiATsV","expanded_url":"https://twitter.com/i/web/status/887927923541286913","display_url":"twitter.com/i/web/status/8…","indices":[115,138]}]},"metadata":{"iso_language_code":"ja","result_type":"recent"},"source":"<a href=\"http://twitter.com/download/iphone\" rel=\"nofollow\">Twitter for iPhone</a>","in_reply_to_status_id":null,"in_reply_to_status_id_str":null,"in_reply_to_user_id":null,"in_reply_to_user_id_str":null,"in_reply_to_screen_name":null,"user":{"id":114915906,"id_str":"114915906","name":"Ray編集部（主婦の友社）","screen_name":"mag_ray","location":"主婦の友社","description":"主婦の友社の女性ファッション誌『Ray(レイ)』の公式アカウント。編集スタッフによるつぶやき、読者モデルブログの更新情報など。","url":"http://t.co/61UDoGvqsd","entities":{"url":{"urls":[{"url":"http://t.co/61UDoGvqsd","expanded_url":"http://ray.shufunotomo.co.jp/","display_url":"ray.shufunotomo.co.jp","indices":[0,22]}]},"description":{"urls":[]}},"protected":false,"followers_count":36994,"friends_count":46,"listed_count":352,"created_at":"Wed Feb 17 01:17:25 +0000 2010","favourites_count":231,"utc_offset":32400,"time_zone":"Tokyo","geo_enabled":true,"verified":false,"statuses_count":11904,"lang":"ja","contributors_enabled":false,"is_translator":false,"is_translation_enabled":false,"profile_background_color":"FAD9DD","profile_background_image_url":"http://pbs.twimg.com/profile_background_images/300579455/ray_twit_bg.gif","profile_background_image_url_https":"https://pbs.twimg.com/profile_background_images/300579455/ray_twit_bg.gif","profile_background_tile":true,"profile_image_url":"http://pbs.twimg.com/profile_images/1928306073/mag_ray_normal.png","profile_image_url_https":"https://pbs.twimg.com/profile_images/1928306073/mag_ray_normal.png","profile_link_color":"E50050","profile_sidebar_border_color":"E50050","profile_sidebar_fill_color":"FAD9DD","profile_text_color":"222222","profile_use_background_image":true,"has_extended_profile":false,"default_profile":false,"default_profile_image":false,"following":false,"follow_request_sent":false,"notifications":false,"translator_type":"none"},"geo":null,"coordinates":null,"place":null,"contributors":null,"is_quote_status":false,"retweet_count":2616,"favorite_count":3174,"favorited":false,"retweeted":false,"possibly_sensitive":false,"lang":"ja"},"retweet_count":1187,"favorite_count":2717,"favorited":false,"retweeted":false,"possibly_sensitive":false,"lang":"ja"},{"created_at":"Thu Jul 20 13:54:13 +0000 2017","id":888034312553025500,"id_str":"888034312553025536","text":"今日はBLACKPINKのショーケースイベントに行って来ましたが、あれだけ凄い声援に包まれた日本武道館を観たのは本当に久々っていうくらいの盛り上がりでした！ショーケースとは思えないゴージャスなステージ、そしてメンバーの初々しさも感… https://t.co/zE6pBxgasA","truncated":true,"entities":{"hashtags":[],"symbols":[],"user_mentions":[],"urls":[{"url":"https://t.co/zE6pBxgasA","expanded_url":"https://twitter.com/i/web/status/888034312553025536","display_url":"twitter.com/i/web/status/8…","indices":[117,140]}]},"metadata":{"iso_language_code":"ja","result_type":"recent"},"source":"<a href=\"http://twitter.com/download/iphone\" rel=\"nofollow\">Twitter for iPhone</a>","in_reply_to_status_id":null,"in_reply_to_status_id_str":null,"in_reply_to_user_id":null,"in_reply_to_user_id_str":null,"in_reply_to_screen_name":null,"user":{"id":3606217095,"id_str":"3606217095","name":"古家正亨/FURUYA MASAYUKI","screen_name":"furuyamasayuki0","location":"","description":"ラジオDJ／テレビVJ／イベントMC／韓国大衆文化ジャーナリスト／北海道科学大学 客員准教授／帝塚山学院大学 客員教授／上智大学大学院文学研究科新聞学専攻博士前期課程修了／北海道北見市出身","url":"https://t.co/Tpb44xRJx9","entities":{"url":{"urls":[{"url":"https://t.co/Tpb44xRJx9","expanded_url":"http://www.sunmusic.org/profile/furuya_masayuki.html","display_url":"sunmusic.org/profile/furuya…","indices":[0,23]}]},"description":{"urls":[]}},"protected":false,"followers_count":67682,"friends_count":54,"listed_count":180,"created_at":"Thu Sep 10 06:14:20 +0000 2015","favourites_count":194,"utc_offset":null,"time_zone":null,"geo_enabled":false,"verified":false,"statuses_count":1732,"lang":"ja","contributors_enabled":false,"is_translator":false,"is_translation_enabled":false,"profile_background_color":"000000","profile_background_image_url":"http://abs.twimg.com/images/themes/theme1/bg.png","profile_background_image_url_https":"https://abs.twimg.com/images/themes/theme1/bg.png","profile_background_tile":false,"profile_image_url":"http://pbs.twimg.com/profile_images/641858164644782081/Ne5rnAiW_normal.jpg","profile_image_url_https":"https://pbs.twimg.com/profile_images/641858164644782081/Ne5rnAiW_normal.jpg","profile_link_color":"89C9FA","profile_sidebar_border_color":"000000","profile_sidebar_fill_color":"000000","profile_text_color":"000000","profile_use_background_image":false,"has_extended_profile":true,"default_profile":false,"default_profile_image":false,"following":false,"follow_request_sent":false,"notifications":false,"translator_type":"none"},"geo":null,"coordinates":null,"place":null,"contributors":null,"is_quote_status":false,"retweet_count":744,"favorite_count":2130,"favorited":false,"retweeted":false,"possibly_sensitive":false,"lang":"ja"},{"created_at":"Thu Jul 20 13:51:43 +0000 2017","id":888033681599746000,"id_str":"888033681599746049","text":"コンビニで自分の声が聞こえてくるとビビる💀","truncated":false,"entities":{"hashtags":[],"symbols":[],"user_mentions":[],"urls":[]},"metadata":{"iso_language_code":"ja","result_type":"recent"},"source":"<a href=\"http://twitter.com/download/android\" rel=\"nofollow\">Twitter for Android</a>","in_reply_to_status_id":null,"in_reply_to_status_id_str":null,"in_reply_to_user_id":null,"in_reply_to_user_id_str":null,"in_reply_to_screen_name":null,"user":{"id":200406959,"id_str":"200406959","name":"島﨑信長(島崎信長)","screen_name":"nobunaga_s","location":"ひまわり畑 or 斬撃皇帝騎士団","description":"青二プロダクション所属の声優です。 アイコン画像はちょこ庵さん(@Chocoan09)のイラストを使用させていただいてます🌻","url":"https://t.co/tyuHgpLBLN","entities":{"url":{"urls":[{"url":"https://t.co/tyuHgpLBLN","expanded_url":"http://ameblo.jp/nobunagashimazaki/","display_url":"ameblo.jp/nobunagashimaz…","indices":[0,23]}]},"description":{"urls":[]}},"protected":false,"followers_count":671461,"friends_count":675,"listed_count":11924,"created_at":"Sat Oct 09 06:15:24 +0000 2010","favourites_count":0,"utc_offset":32400,"time_zone":"Tokyo","geo_enabled":false,"verified":false,"statuses_count":22007,"lang":"ja","contributors_enabled":false,"is_translator":false,"is_translation_enabled":false,"profile_background_color":"C0DEED","profile_background_image_url":"http://abs.twimg.com/images/themes/theme1/bg.png","profile_background_image_url_https":"https://abs.twimg.com/images/themes/theme1/bg.png","profile_background_tile":false,"profile_image_url":"http://pbs.twimg.com/profile_images/828914274588258304/3LyFQVAj_normal.jpg","profile_image_url_https":"https://pbs.twimg.com/profile_images/828914274588258304/3LyFQVAj_normal.jpg","profile_banner_url":"https://pbs.twimg.com/profile_banners/200406959/1482747087","profile_link_color":"1DA1F2","profile_sidebar_border_color":"C0DEED","profile_sidebar_fill_color":"DDEEF6","profile_text_color":"333333","profile_use_background_image":true,"has_extended_profile":true,"default_profile":true,"default_profile_image":false,"following":false,"follow_request_sent":false,"notifications":false,"translator_type":"none"},"geo":null,"coordinates":null,"place":null,"contributors":null,"is_quote_status":false,"retweet_count":950,"favorite_count":4065,"favorited":false,"retweeted":false,"lang":"ja"},{"created_at":"Thu Jul 20 13:46:13 +0000 2017","id":888032297408020500,"id_str":"888032297408020482","text":"人見知りの特徴。 https://t.co/h5bv9rajlD","truncated":false,"entities":{"hashtags":[],"symbols":[],"user_mentions":[],"urls":[],"media":[{"id":888032286897078300,"id_str":"888032286897078272","indices":[9,32],"media_url":"http://pbs.twimg.com/media/DFLsqPGUAAAYtPz.jpg","media_url_https":"https://pbs.twimg.com/media/DFLsqPGUAAAYtPz.jpg","url":"https://t.co/h5bv9rajlD","display_url":"pic.twitter.com/h5bv9rajlD","expanded_url":"https://twitter.com/joker_budou/status/888032297408020482/photo/1","type":"photo","sizes":{"large":{"w":750,"h":734,"resize":"fit"},"thumb":{"w":150,"h":150,"resize":"crop"},"small":{"w":680,"h":665,"resize":"fit"},"medium":{"w":750,"h":734,"resize":"fit"}}}]},"extended_entities":{"media":[{"id":888032286897078300,"id_str":"888032286897078272","indices":[9,32],"media_url":"http://pbs.twimg.com/media/DFLsqPGUAAAYtPz.jpg","media_url_https":"https://pbs.twimg.com/media/DFLsqPGUAAAYtPz.jpg","url":"https://t.co/h5bv9rajlD","display_url":"pic.twitter.com/h5bv9rajlD","expanded_url":"https://twitter.com/joker_budou/status/888032297408020482/photo/1","type":"photo","sizes":{"large":{"w":750,"h":734,"resize":"fit"},"thumb":{"w":150,"h":150,"resize":"crop"},"small":{"w":680,"h":665,"resize":"fit"},"medium":{"w":750,"h":734,"resize":"fit"}}},{"id":888032286892892200,"id_str":"888032286892892160","indices":[9,32],"media_url":"http://pbs.twimg.com/media/DFLsqPFUIAAIFRf.jpg","media_url_https":"https://pbs.twimg.com/media/DFLsqPFUIAAIFRf.jpg","url":"https://t.co/h5bv9rajlD","display_url":"pic.twitter.com/h5bv9rajlD","expanded_url":"https://twitter.com/joker_budou/status/888032297408020482/photo/1","type":"photo","sizes":{"medium":{"w":750,"h":798,"resize":"fit"},"large":{"w":750,"h":798,"resize":"fit"},"small":{"w":639,"h":680,"resize":"fit"},"thumb":{"w":150,"h":150,"resize":"crop"}}},{"id":888032286897131500,"id_str":"888032286897131521","indices":[9,32],"media_url":"http://pbs.twimg.com/media/DFLsqPGU0AEXdVg.jpg","media_url_https":"https://pbs.twimg.com/media/DFLsqPGU0AEXdVg.jpg","url":"https://t.co/h5bv9rajlD","display_url":"pic.twitter.com/h5bv9rajlD","expanded_url":"https://twitter.com/joker_budou/status/888032297408020482/photo/1","type":"photo","sizes":{"small":{"w":680,"h":631,"resize":"fit"},"medium":{"w":750,"h":696,"resize":"fit"},"thumb":{"w":150,"h":150,"resize":"crop"},"large":{"w":750,"h":696,"resize":"fit"}}},{"id":888032286897168400,"id_str":"888032286897168384","indices":[9,32],"media_url":"http://pbs.twimg.com/media/DFLsqPGVYAAUmwO.jpg","media_url_https":"https://pbs.twimg.com/media/DFLsqPGVYAAUmwO.jpg","url":"https://t.co/h5bv9rajlD","display_url":"pic.twitter.com/h5bv9rajlD","expanded_url":"https://twitter.com/joker_budou/status/888032297408020482/photo/1","type":"photo","sizes":{"small":{"w":486,"h":680,"resize":"fit"},"large":{"w":749,"h":1049,"resize":"fit"},"thumb":{"w":150,"h":150,"resize":"crop"},"medium":{"w":749,"h":1049,"resize":"fit"}}}]},"metadata":{"iso_language_code":"ja","result_type":"recent"},"source":"<a href=\"http://twitter.com/download/iphone\" rel=\"nofollow\">Twitter for iPhone</a>","in_reply_to_status_id":null,"in_reply_to_status_id_str":null,"in_reply_to_user_id":null,"in_reply_to_user_id_str":null,"in_reply_to_screen_name":null,"user":{"id":4266191599,"id_str":"4266191599","name":"うたさん","screen_name":"joker_budou","location":"とうきょう","description":"フォローすると幸せになります。Follow Me.","url":null,"entities":{"description":{"urls":[]}},"protected":false,"followers_count":188510,"friends_count":99975,"listed_count":511,"created_at":"Tue Nov 17 09:13:48 +0000 2015","favourites_count":10011,"utc_offset":-25200,"time_zone":"Pacific Time (US & Canada)","geo_enabled":true,"verified":false,"statuses_count":4091,"lang":"ja","contributors_enabled":false,"is_translator":false,"is_translation_enabled":false,"profile_background_color":"C0DEED","profile_background_image_url":"http://abs.twimg.com/images/themes/theme1/bg.png","profile_background_image_url_https":"https://abs.twimg.com/images/themes/theme1/bg.png","profile_background_tile":false,"profile_image_url":"http://pbs.twimg.com/profile_images/825428894207447040/KpiUnrup_normal.jpg","profile_image_url_https":"https://pbs.twimg.com/profile_images/825428894207447040/KpiUnrup_normal.jpg","profile_banner_url":"https://pbs.twimg.com/profile_banners/4266191599/1485632999","profile_link_color":"1DA1F2","profile_sidebar_border_color":"C0DEED","profile_sidebar_fill_color":"DDEEF6","profile_text_color":"333333","profile_use_background_image":true,"has_extended_profile":false,"default_profile":true,"default_profile_image":false,"following":false,"follow_request_sent":false,"notifications":false,"translator_type":"none"},"geo":null,"coordinates":null,"place":null,"contributors":null,"is_quote_status":false,"retweet_count":1719,"favorite_count":3053,"favorited":false,"retweeted":false,"possibly_sensitive":false,"lang":"ja"},{"created_at":"Thu Jul 20 13:45:18 +0000 2017","id":888032067459534800,"id_str":"888032067459534848","text":"◆『活撃 刀剣乱舞』七夕イベント◆\nイベントのための新たな書き下ろしを解禁いたします。\nインスタグラムより―\n&lt;鶴丸国永 七夕ver.&gt;\nhttps://t.co/Qk0LIhPrKP\n&lt;特設サイト&gt;… https://t.co/mLojcQLAQN","truncated":true,"entities":{"hashtags":[],"symbols":[],"user_mentions":[],"urls":[{"url":"https://t.co/Qk0LIhPrKP","expanded_url":"https://www.instagram.com/p/BWxSYJhAKVI/?taken-by=ufotable_inc","display_url":"instagram.com/p/BWxSYJhAKVI/…","indices":[75,98]},{"url":"https://t.co/mLojcQLAQN","expanded_url":"https://twitter.com/i/web/status/888032067459534848","display_url":"twitter.com/i/web/status/8…","indices":[114,137]}]},"metadata":{"iso_language_code":"ja","result_type":"recent"},"source":"<a href=\"http://twitter.com\" rel=\"nofollow\">Twitter Web Client</a>","in_reply_to_status_id":null,"in_reply_to_status_id_str":null,"in_reply_to_user_id":null,"in_reply_to_user_id_str":null,"in_reply_to_screen_name":null,"user":{"id":17445709,"id_str":"17445709","name":"ufotable","screen_name":"ufotable","location":"Koenji","description":"アニメーションスタジオufotableの公式アカウント。弊社運営の映画館やカフェもお楽しみ下さい:) テイルズ オブ ゼスティリア ザ クロス / Fate/stay night[Heaven's Feel] / 活撃 刀剣乱舞 制作中です。","url":"https://t.co/xCmyGQu8uw","entities":{"url":{"urls":[{"url":"https://t.co/xCmyGQu8uw","expanded_url":"http://www.ufotable.com/","display_url":"ufotable.com","indices":[0,23]}]},"description":{"urls":[]}},"protected":false,"followers_count":157218,"friends_count":17,"listed_count":2991,"created_at":"Mon Nov 17 17:25:51 +0000 2008","favourites_count":36,"utc_offset":32400,"time_zone":"Tokyo","geo_enabled":true,"verified":false,"statuses_count":19968,"lang":"en","contributors_enabled":false,"is_translator":false,"is_translation_enabled":false,"profile_background_color":"7D1414","profile_background_image_url":"http://pbs.twimg.com/profile_background_images/773881838/00e2d05d7a6b0164c4058490ea2c997b.png","profile_background_image_url_https":"https://pbs.twimg.com/profile_background_images/773881838/00e2d05d7a6b0164c4058490ea2c997b.png","profile_background_tile":false,"profile_image_url":"http://pbs.twimg.com/profile_images/886598523197677568/PhWtKLde_normal.jpg","profile_image_url_https":"https://pbs.twimg.com/profile_images/886598523197677568/PhWtKLde_normal.jpg","profile_banner_url":"https://pbs.twimg.com/profile_banners/17445709/1493642368","profile_link_color":"EDBF07","profile_sidebar_border_color":"FFFFFF","profile_sidebar_fill_color":"AE0000","profile_text_color":"333333","profile_use_background_image":true,"has_extended_profile":false,"default_profile":false,"default_profile_image":false,"following":false,"follow_request_sent":false,"notifications":false,"translator_type":"none"},"geo":null,"coordinates":null,"place":null,"contributors":null,"is_quote_status":false,"retweet_count":804,"favorite_count":1204,"favorited":false,"retweeted":false,"possibly_sensitive":false,"lang":"ja"}],"search_metadata":{"completed_in":0.184,"max_id":888045807772946400,"max_id_str":"888045807772946433","next_results":"?max_id=888032067459534847&q=lang%3Aja%20min_retweets%3A500&include_entities=1","query":"lang%3Aja+min_retweets%3A500","refresh_url":"?since_id=888045807772946433&q=lang%3Aja%20min_retweets%3A500&include_entities=1","count":15,"since_id":0,"since_id_str":"0"}}