{"statuses":[{"created_at":"Wed Jul 19 06:51:28 +0000 2017","id":887565537173053400,"id_str":"887565537173053440","text":"【MUSIC】本日7/19（水）B-PROJECT 1stALBUM『S級パラダイス』発売！14人で歌う表題曲他、BLACKにはTHRIVE・KiLLER KiNGの新曲、WHITEにはキタコレ・MooNsの新曲が収録。… https://t.co/qpbIDDfaRg","truncated":true,"entities":{"hashtags":[],"symbols":[],"user_mentions":[],"urls":[{"url":"https://t.co/qpbIDDfaRg","expanded_url":"https://twitter.com/i/web/status/887565537173053440","display_url":"twitter.com/i/web/status/8…","indices":[112,135]}]},"metadata":{"iso_language_code":"ja","result_type":"recent"},"source":"<a href=\"http://twitter.com\" rel=\"nofollow\">Twitter Web Client</a>","in_reply_to_status_id":null,"in_reply_to_status_id_str":null,"in_reply_to_user_id":null,"in_reply_to_user_id_str":null,"in_reply_to_screen_name":null,"user":{"id":3239391516,"id_str":"3239391516","name":"B-PROJECT official","screen_name":"Bpro_info","location":"※Twitterでの個別返信対応はしておりません※","description":"B-PROJECT及び所属アーティストに関する情報をお知らせします。 ★LOVE＆ART公式ニコ生ラジオB-PROJECT『ガンダーラBB+』毎月第2金曜日22時〜放送中★ #Bプロ","url":"https://t.co/pFpYYYYaPV","entities":{"url":{"urls":[{"url":"https://t.co/pFpYYYYaPV","expanded_url":"http://bpro-official.com/","display_url":"bpro-official.com","indices":[0,23]}]},"description":{"urls":[]}},"protected":false,"followers_count":189140,"friends_count":6,"listed_count":2219,"created_at":"Mon Jun 08 03:34:34 +0000 2015","favourites_count":0,"utc_offset":-25200,"time_zone":"Pacific Time (US & Canada)","geo_enabled":true,"verified":true,"statuses_count":874,"lang":"ja","contributors_enabled":false,"is_translator":false,"is_translation_enabled":false,"profile_background_color":"C0DEED","profile_background_image_url":"http://abs.twimg.com/images/themes/theme1/bg.png","profile_background_image_url_https":"https://abs.twimg.com/images/themes/theme1/bg.png","profile_background_tile":false,"profile_image_url":"http://pbs.twimg.com/profile_images/629890711492521984/H7YjkaXh_normal.png","profile_image_url_https":"https://pbs.twimg.com/profile_images/629890711492521984/H7YjkaXh_normal.png","profile_banner_url":"https://pbs.twimg.com/profile_banners/3239391516/1473432945","profile_link_color":"000000","profile_sidebar_border_color":"000000","profile_sidebar_fill_color":"000000","profile_text_color":"000000","profile_use_background_image":true,"has_extended_profile":true,"default_profile":false,"default_profile_image":false,"following":false,"follow_request_sent":false,"notifications":false,"translator_type":"none"},"geo":null,"coordinates":null,"place":null,"contributors":null,"is_quote_status":false,"retweet_count":729,"favorite_count":1097,"favorited":false,"retweeted":false,"possibly_sensitive":false,"lang":"ja"},{"created_at":"Wed Jul 19 06:29:53 +0000 2017","id":887560104433680400,"id_str":"887560104433680385","text":"【幻のi5 UHDキャンペーン】\n世界に5台しかない、GIGABYTE BRIX GAMING \"i5\"モデル(GB-BNi5HG4-950)の内、残りの3台も抽選で3名様にプレゼント！！\n※応募方法：本アカウントをフォロー＆リツ… https://t.co/rhqzPFbqTx","truncated":true,"entities":{"hashtags":[],"symbols":[],"user_mentions":[],"urls":[{"url":"https://t.co/rhqzPFbqTx","expanded_url":"https://twitter.com/i/web/status/887560104433680385","display_url":"twitter.com/i/web/status/8…","indices":[117,140]}]},"metadata":{"iso_language_code":"ja","result_type":"recent"},"source":"<a href=\"http://twitter.com\" rel=\"nofollow\">Twitter Web Client</a>","in_reply_to_status_id":null,"in_reply_to_status_id_str":null,"in_reply_to_user_id":null,"in_reply_to_user_id_str":null,"in_reply_to_screen_name":null,"user":{"id":124370884,"id_str":"124370884","name":"GIGABYTE Japan","screen_name":"GIGABYTE_News","location":"東京 千代田区","description":"日本GIGABYTE株式会社が運営する公式アカウントです。弊社のマザーボード&BRIX製品情報や自作PC、事務所がある秋葉原などについて緩くツイートします。","url":"https://t.co/TH0gxF85fe","entities":{"url":{"urls":[{"url":"https://t.co/TH0gxF85fe","expanded_url":"http://www.gigabyte.jp/","display_url":"gigabyte.jp","indices":[0,23]}]},"description":{"urls":[]}},"protected":false,"followers_count":20424,"friends_count":902,"listed_count":569,"created_at":"Fri Mar 19 05:24:45 +0000 2010","favourites_count":4321,"utc_offset":32400,"time_zone":"Tokyo","geo_enabled":false,"verified":false,"statuses_count":7738,"lang":"ja","contributors_enabled":false,"is_translator":false,"is_translation_enabled":false,"profile_background_color":"FFE200","profile_background_image_url":"http://pbs.twimg.com/profile_background_images/530651028329226240/22krZOqA.png","profile_background_image_url_https":"https://pbs.twimg.com/profile_background_images/530651028329226240/22krZOqA.png","profile_background_tile":true,"profile_image_url":"http://pbs.twimg.com/profile_images/876768784081539072/gwieE2tN_normal.jpg","profile_image_url_https":"https://pbs.twimg.com/profile_images/876768784081539072/gwieE2tN_normal.jpg","profile_banner_url":"https://pbs.twimg.com/profile_banners/124370884/1496810107","profile_link_color":"0099CC","profile_sidebar_border_color":"FFFFFF","profile_sidebar_fill_color":"DFF6FA","profile_text_color":"333333","profile_use_background_image":true,"has_extended_profile":true,"default_profile":false,"default_profile_image":false,"following":false,"follow_request_sent":false,"notifications":false,"translator_type":"none"},"geo":null,"coordinates":null,"place":null,"contributors":null,"is_quote_status":false,"retweet_count":752,"favorite_count":149,"favorited":false,"retweeted":false,"possibly_sensitive":false,"lang":"ja"},{"created_at":"Wed Jul 19 06:29:42 +0000 2017","id":887560057457492000,"id_str":"887560057457491968","text":"今日は機能のアップデートがあるにゃ(ฅ'ω'ฅ)\nニコ生でお伝えした、全回収の地下対応や、パーティ数の上限解放などを実施します！\n16時以降に、一度タイトルに戻ってからお試しください٩(๑❛ᴗ❛๑)۶\n#白猫 https://t.co/cnQ0xP6TVl","truncated":false,"entities":{"hashtags":[{"text":"白猫","indices":[101,104]}],"symbols":[],"user_mentions":[],"urls":[],"media":[{"id":887559859754815500,"id_str":"887559859754815488","indices":[105,128],"media_url":"http://pbs.twimg.com/media/DFE-_W2U0AAXb17.jpg","media_url_https":"https://pbs.twimg.com/media/DFE-_W2U0AAXb17.jpg","url":"https://t.co/cnQ0xP6TVl","display_url":"pic.twitter.com/cnQ0xP6TVl","expanded_url":"https://twitter.com/wcat_project/status/887560057457491968/photo/1","type":"photo","sizes":{"medium":{"w":932,"h":878,"resize":"fit"},"small":{"w":680,"h":641,"resize":"fit"},"large":{"w":932,"h":878,"resize":"fit"},"thumb":{"w":150,"h":150,"resize":"crop"}}}]},"extended_entities":{"media":[{"id":887559859754815500,"id_str":"887559859754815488","indices":[105,128],"media_url":"http://pbs.twimg.com/media/DFE-_W2U0AAXb17.jpg","media_url_https":"https://pbs.twimg.com/media/DFE-_W2U0AAXb17.jpg","url":"https://t.co/cnQ0xP6TVl","display_url":"pic.twitter.com/cnQ0xP6TVl","expanded_url":"https://twitter.com/wcat_project/status/887560057457491968/photo/1","type":"photo","sizes":{"medium":{"w":932,"h":878,"resize":"fit"},"small":{"w":680,"h":641,"resize":"fit"},"large":{"w":932,"h":878,"resize":"fit"},"thumb":{"w":150,"h":150,"resize":"crop"}}}]},"metadata":{"iso_language_code":"ja","result_type":"recent"},"source":"<a href=\"http://twitter.com\" rel=\"nofollow\">Twitter Web Client</a>","in_reply_to_status_id":null,"in_reply_to_status_id_str":null,"in_reply_to_user_id":null,"in_reply_to_user_id_str":null,"in_reply_to_screen_name":null,"user":{"id":2656641666,"id_str":"2656641666","name":"【公式】白猫プロジェクト","screen_name":"wcat_project","location":"","description":"白猫プロジェクトの公式twitterです。 宣伝担当の「しろっきー」が皆様と会話していきたいと思います！(๑・ .̫ ・๑)   開発陣一同、白猫プロジェクトを盛り上げていきますのでどうぞよろしくお願いいたします！ #白猫  ※お問い合わせはこちら→https://t.co/hCwb7YP9Ug","url":"https://t.co/UikkyQGv5O","entities":{"url":{"urls":[{"url":"https://t.co/UikkyQGv5O","expanded_url":"http://colopl.co.jp/shironekoproject/","display_url":"colopl.co.jp/shironekoproje…","indices":[0,23]}]},"description":{"urls":[{"url":"https://t.co/hCwb7YP9Ug","expanded_url":"http://colopl.co.jp/contact","display_url":"colopl.co.jp/contact","indices":[125,148]}]}},"protected":false,"followers_count":983451,"friends_count":23,"listed_count":4707,"created_at":"Fri Jul 18 12:36:21 +0000 2014","favourites_count":0,"utc_offset":28800,"time_zone":"Irkutsk","geo_enabled":false,"verified":true,"statuses_count":2255,"lang":"ja","contributors_enabled":false,"is_translator":false,"is_translation_enabled":false,"profile_background_color":"C0DEED","profile_background_image_url":"http://abs.twimg.com/images/themes/theme1/bg.png","profile_background_image_url_https":"https://abs.twimg.com/images/themes/theme1/bg.png","profile_background_tile":false,"profile_image_url":"http://pbs.twimg.com/profile_images/848188075431809026/T6JLHiW9_normal.jpg","profile_image_url_https":"https://pbs.twimg.com/profile_images/848188075431809026/T6JLHiW9_normal.jpg","profile_banner_url":"https://pbs.twimg.com/profile_banners/2656641666/1491058772","profile_link_color":"1DA1F2","profile_sidebar_border_color":"C0DEED","profile_sidebar_fill_color":"DDEEF6","profile_text_color":"333333","profile_use_background_image":true,"has_extended_profile":false,"default_profile":true,"default_profile_image":false,"following":false,"follow_request_sent":false,"notifications":false,"translator_type":"none"},"geo":null,"coordinates":null,"place":null,"contributors":null,"is_quote_status":false,"retweet_count":794,"favorite_count":1050,"favorited":false,"retweeted":false,"possibly_sensitive":false,"lang":"ja"},{"created_at":"Wed Jul 19 06:26:13 +0000 2017","id":887559179845500900,"id_str":"887559179845500928","text":"7月19日 15:00より、「レガシーMASTER+」モードを追加しました！\n過去のイベントでMASTER+が登場している楽曲を、イベント開催当時のリズムアイコン配置でプレイできます。\n#デレステ https://t.co/qabnzW8GAZ","truncated":false,"entities":{"hashtags":[{"text":"デレステ","indices":[93,98]}],"symbols":[],"user_mentions":[],"urls":[],"media":[{"id":887559175454076900,"id_str":"887559175454076928","indices":[99,122],"media_url":"http://pbs.twimg.com/media/DFE-XhoUMAA1Rpz.jpg","media_url_https":"https://pbs.twimg.com/media/DFE-XhoUMAA1Rpz.jpg","url":"https://t.co/qabnzW8GAZ","display_url":"pic.twitter.com/qabnzW8GAZ","expanded_url":"https://twitter.com/imascg_stage/status/887559179845500928/photo/1","type":"photo","sizes":{"medium":{"w":1024,"h":640,"resize":"fit"},"small":{"w":680,"h":425,"resize":"fit"},"thumb":{"w":150,"h":150,"resize":"crop"},"large":{"w":1024,"h":640,"resize":"fit"}}}]},"extended_entities":{"media":[{"id":887559175454076900,"id_str":"887559175454076928","indices":[99,122],"media_url":"http://pbs.twimg.com/media/DFE-XhoUMAA1Rpz.jpg","media_url_https":"https://pbs.twimg.com/media/DFE-XhoUMAA1Rpz.jpg","url":"https://t.co/qabnzW8GAZ","display_url":"pic.twitter.com/qabnzW8GAZ","expanded_url":"https://twitter.com/imascg_stage/status/887559179845500928/photo/1","type":"photo","sizes":{"medium":{"w":1024,"h":640,"resize":"fit"},"small":{"w":680,"h":425,"resize":"fit"},"thumb":{"w":150,"h":150,"resize":"crop"},"large":{"w":1024,"h":640,"resize":"fit"}}}]},"metadata":{"iso_language_code":"ja","result_type":"recent"},"source":"<a href=\"http://engagemanager.tribalmedia.co.jp/\" rel=\"nofollow\">EngageManager</a>","in_reply_to_status_id":null,"in_reply_to_status_id_str":null,"in_reply_to_user_id":null,"in_reply_to_user_id_str":null,"in_reply_to_screen_name":null,"user":{"id":3220191374,"id_str":"3220191374","name":"スターライトステージ","screen_name":"imascg_stage","location":"","description":"「アイドルマスター シンデレラガールズ スターライトステージ」公式アカウントです。※お客様からの個別のメッセージなどは、Twitter上ではご返答できかねますのでご了承下さい。 #デレステ Android:http://t.co/PfCtF9Biv4       iOS:http://t.co/0zb47ZumGb","url":"http://t.co/7REykaZIlX","entities":{"url":{"urls":[{"url":"http://t.co/7REykaZIlX","expanded_url":"http://cinderella.idolmaster.jp/sl-stage/","display_url":"cinderella.idolmaster.jp/sl-stage/","indices":[0,22]}]},"description":{"urls":[{"url":"http://t.co/PfCtF9Biv4","expanded_url":"http://eng.mg/8d0ca","display_url":"eng.mg/8d0ca","indices":[103,125]},{"url":"http://t.co/0zb47ZumGb","expanded_url":"http://eng.mg/a0f68","display_url":"eng.mg/a0f68","indices":[136,158]}]}},"protected":false,"followers_count":459046,"friends_count":7,"listed_count":7175,"created_at":"Tue May 19 09:34:46 +0000 2015","favourites_count":0,"utc_offset":32400,"time_zone":"Tokyo","geo_enabled":false,"verified":true,"statuses_count":1101,"lang":"ja","contributors_enabled":false,"is_translator":false,"is_translation_enabled":false,"profile_background_color":"000000","profile_background_image_url":"http://abs.twimg.com/images/themes/theme1/bg.png","profile_background_image_url_https":"https://abs.twimg.com/images/themes/theme1/bg.png","profile_background_tile":false,"profile_image_url":"http://pbs.twimg.com/profile_images/875515457364557825/zzJa2735_normal.jpg","profile_image_url_https":"https://pbs.twimg.com/profile_images/875515457364557825/zzJa2735_normal.jpg","profile_banner_url":"https://pbs.twimg.com/profile_banners/3220191374/1484740896","profile_link_color":"89C9FA","profile_sidebar_border_color":"000000","profile_sidebar_fill_color":"000000","profile_text_color":"000000","profile_use_background_image":false,"has_extended_profile":false,"default_profile":false,"default_profile_image":false,"following":false,"follow_request_sent":false,"notifications":false,"translator_type":"none"},"geo":null,"coordinates":null,"place":null,"contributors":null,"is_quote_status":false,"retweet_count":5948,"favorite_count":4258,"favorited":false,"retweeted":false,"possibly_sensitive":false,"lang":"ja"},{"created_at":"Wed Jul 19 06:25:51 +0000 2017","id":887559089735073800,"id_str":"887559089735073792","text":"「梅雨明けらしいわ。夏なのね。」\n\n#heroaca_a #ヒロアカ #梅雨ちゃん #ケロ https://t.co/3ZU7P7nUIS","truncated":false,"entities":{"hashtags":[{"text":"heroaca_a","indices":[18,28]},{"text":"ヒロアカ","indices":[29,34]},{"text":"梅雨ちゃん","indices":[35,41]},{"text":"ケロ","indices":[42,45]}],"symbols":[],"user_mentions":[],"urls":[],"media":[{"id":887559082655178800,"id_str":"887559082655178753","indices":[46,69],"media_url":"http://pbs.twimg.com/media/DFE-SH7VYAEyPV5.jpg","media_url_https":"https://pbs.twimg.com/media/DFE-SH7VYAEyPV5.jpg","url":"https://t.co/3ZU7P7nUIS","display_url":"pic.twitter.com/3ZU7P7nUIS","expanded_url":"https://twitter.com/heroaca_anime/status/887559089735073792/photo/1","type":"photo","sizes":{"large":{"w":640,"h":360,"resize":"fit"},"small":{"w":640,"h":360,"resize":"fit"},"thumb":{"w":150,"h":150,"resize":"crop"},"medium":{"w":640,"h":360,"resize":"fit"}}}]},"extended_entities":{"media":[{"id":887559082655178800,"id_str":"887559082655178753","indices":[46,69],"media_url":"http://pbs.twimg.com/media/DFE-SH7VYAEyPV5.jpg","media_url_https":"https://pbs.twimg.com/media/DFE-SH7VYAEyPV5.jpg","url":"https://t.co/3ZU7P7nUIS","display_url":"pic.twitter.com/3ZU7P7nUIS","expanded_url":"https://twitter.com/heroaca_anime/status/887559089735073792/photo/1","type":"photo","sizes":{"large":{"w":640,"h":360,"resize":"fit"},"small":{"w":640,"h":360,"resize":"fit"},"thumb":{"w":150,"h":150,"resize":"crop"},"medium":{"w":640,"h":360,"resize":"fit"}}}]},"metadata":{"iso_language_code":"ja","result_type":"recent"},"source":"<a href=\"http://twitter.com/download/iphone\" rel=\"nofollow\">Twitter for iPhone</a>","in_reply_to_status_id":null,"in_reply_to_status_id_str":null,"in_reply_to_user_id":null,"in_reply_to_user_id_str":null,"in_reply_to_screen_name":null,"user":{"id":3969691152,"id_str":"3969691152","name":"僕のヒーローアカデミア_アニメ公式","screen_name":"heroaca_anime","location":"","description":"毎週土曜夕方5:30より読売テレビ・日本テレビ系で放送！「週刊少年ジャンプ」（集英社）で連載中、堀越耕平原作による「僕のヒーローアカデミア」TVアニメ公式アカウント。ヒロアカの情報を発信します。 推奨ハッシュタグ：#heroaca_a #ヒロアカ ※原則個別リプライは行っておりません。","url":"https://t.co/DUZ6Q6Gq34","entities":{"url":{"urls":[{"url":"https://t.co/DUZ6Q6Gq34","expanded_url":"http://heroaca.com/","display_url":"heroaca.com","indices":[0,23]}]},"description":{"urls":[]}},"protected":false,"followers_count":146243,"friends_count":101,"listed_count":1673,"created_at":"Wed Oct 21 14:05:05 +0000 2015","favourites_count":0,"utc_offset":-25200,"time_zone":"Pacific Time (US & Canada)","geo_enabled":false,"verified":false,"statuses_count":3139,"lang":"ja","contributors_enabled":false,"is_translator":false,"is_translation_enabled":false,"profile_background_color":"C0DEED","profile_background_image_url":"http://abs.twimg.com/images/themes/theme1/bg.png","profile_background_image_url_https":"https://abs.twimg.com/images/themes/theme1/bg.png","profile_background_tile":false,"profile_image_url":"http://pbs.twimg.com/profile_images/881114171605004289/8QVDjhno_normal.jpg","profile_image_url_https":"https://pbs.twimg.com/profile_images/881114171605004289/8QVDjhno_normal.jpg","profile_banner_url":"https://pbs.twimg.com/profile_banners/3969691152/1491111187","profile_link_color":"1DA1F2","profile_sidebar_border_color":"C0DEED","profile_sidebar_fill_color":"DDEEF6","profile_text_color":"333333","profile_use_background_image":true,"has_extended_profile":false,"default_profile":true,"default_profile_image":false,"following":false,"follow_request_sent":false,"notifications":false,"translator_type":"none"},"geo":null,"coordinates":null,"place":null,"contributors":null,"is_quote_status":false,"retweet_count":558,"favorite_count":1464,"favorited":false,"retweeted":false,"possibly_sensitive":false,"lang":"ja"},{"created_at":"Wed Jul 19 06:21:57 +0000 2017","id":887558107471134700,"id_str":"887558107471134720","text":"「バタフライエフェクトって？」\n「一人のコピーライターの思いつきが、300年後にウナギを滅ぼすことだよ」","truncated":false,"entities":{"hashtags":[],"symbols":[],"user_mentions":[],"urls":[]},"metadata":{"iso_language_code":"ja","result_type":"recent"},"source":"<a href=\"https://about.twitter.com/products/tweetdeck\" rel=\"nofollow\">TweetDeck</a>","in_reply_to_status_id":null,"in_reply_to_status_id_str":null,"in_reply_to_user_id":null,"in_reply_to_user_id_str":null,"in_reply_to_screen_name":null,"user":{"id":42844057,"id_str":"42844057","name":"ゆんゆん探偵","screen_name":"yunyundetective","location":"","description":"俗物。エムツーというオールドタイム指向の会社のプログラマさん。でも最近のゲームも大好き。お仕事でE-moteとか作ってる。ゲハ禁止。","url":"https://t.co/DMj0eXmbzV","entities":{"url":{"urls":[{"url":"https://t.co/DMj0eXmbzV","expanded_url":"http://www.nekome.net/","display_url":"nekome.net","indices":[0,23]}]},"description":{"urls":[]}},"protected":false,"followers_count":2724,"friends_count":666,"listed_count":255,"created_at":"Wed May 27 08:35:32 +0000 2009","favourites_count":2133,"utc_offset":32400,"time_zone":"Tokyo","geo_enabled":true,"verified":false,"statuses_count":77609,"lang":"ja","contributors_enabled":false,"is_translator":false,"is_translation_enabled":false,"profile_background_color":"C0DEED","profile_background_image_url":"http://abs.twimg.com/images/themes/theme1/bg.png","profile_background_image_url_https":"https://abs.twimg.com/images/themes/theme1/bg.png","profile_background_tile":false,"profile_image_url":"http://pbs.twimg.com/profile_images/528622682/icon_03_normal.png","profile_image_url_https":"https://pbs.twimg.com/profile_images/528622682/icon_03_normal.png","profile_link_color":"1DA1F2","profile_sidebar_border_color":"C0DEED","profile_sidebar_fill_color":"DDEEF6","profile_text_color":"333333","profile_use_background_image":true,"has_extended_profile":false,"default_profile":true,"default_profile_image":false,"following":false,"follow_request_sent":false,"notifications":false,"translator_type":"none"},"geo":null,"coordinates":null,"place":null,"contributors":null,"is_quote_status":false,"retweet_count":563,"favorite_count":354,"favorited":false,"retweeted":false,"lang":"ja"},{"created_at":"Wed Jul 19 06:19:41 +0000 2017","id":887557536714334200,"id_str":"887557536714334210","text":"かっこいいヽ(・∀・)ノ https://t.co/Oc1jTGgUnJ","truncated":false,"entities":{"hashtags":[],"symbols":[],"user_mentions":[],"urls":[],"media":[{"id":887557528749359100,"id_str":"887557528749359107","indices":[13,36],"media_url":"http://pbs.twimg.com/media/DFE83rLUQAMgSCW.jpg","media_url_https":"https://pbs.twimg.com/media/DFE83rLUQAMgSCW.jpg","url":"https://t.co/Oc1jTGgUnJ","display_url":"pic.twitter.com/Oc1jTGgUnJ","expanded_url":"https://twitter.com/ara_mackey/status/887557536714334210/photo/1","type":"photo","sizes":{"medium":{"w":848,"h":1200,"resize":"fit"},"small":{"w":481,"h":680,"resize":"fit"},"thumb":{"w":150,"h":150,"resize":"crop"},"large":{"w":1076,"h":1522,"resize":"fit"}}}]},"extended_entities":{"media":[{"id":887557528749359100,"id_str":"887557528749359107","indices":[13,36],"media_url":"http://pbs.twimg.com/media/DFE83rLUQAMgSCW.jpg","media_url_https":"https://pbs.twimg.com/media/DFE83rLUQAMgSCW.jpg","url":"https://t.co/Oc1jTGgUnJ","display_url":"pic.twitter.com/Oc1jTGgUnJ","expanded_url":"https://twitter.com/ara_mackey/status/887557536714334210/photo/1","type":"photo","sizes":{"medium":{"w":848,"h":1200,"resize":"fit"},"small":{"w":481,"h":680,"resize":"fit"},"thumb":{"w":150,"h":150,"resize":"crop"},"large":{"w":1076,"h":1522,"resize":"fit"}}}]},"metadata":{"iso_language_code":"ja","result_type":"recent"},"source":"<a href=\"http://twitter.com/download/iphone\" rel=\"nofollow\">Twitter for iPhone</a>","in_reply_to_status_id":null,"in_reply_to_status_id_str":null,"in_reply_to_user_id":null,"in_reply_to_user_id_str":null,"in_reply_to_screen_name":null,"user":{"id":1473908226,"id_str":"1473908226","name":"荒牧慶彦","screen_name":"ara_mackey","location":"","description":"俳優。 トキエンタテインメント所属。 荒牧慶彦(あらまきよしひこ)2月5日生まれ 2017年 6〜7月 舞台「刀剣乱舞」山姥切国広 役 10月舞台「K MISSING KINGS」夜刀神狗朗 役 スマホアプリ「戦刻ナイトブラッド」上杉景勝 役 「イケメンヴァンパイア」フィンセント・ファン・ゴッホ 役","url":"https://t.co/GiAVcAoSU8","entities":{"url":{"urls":[{"url":"https://t.co/GiAVcAoSU8","expanded_url":"http://s.ameblo.jp/aramaki-yoshihiko/","display_url":"s.ameblo.jp/aramaki-yoshih…","indices":[0,23]}]},"description":{"urls":[]}},"protected":false,"followers_count":122355,"friends_count":172,"listed_count":5537,"created_at":"Sat Jun 01 06:08:28 +0000 2013","favourites_count":0,"utc_offset":null,"time_zone":null,"geo_enabled":false,"verified":false,"statuses_count":4919,"lang":"ja","contributors_enabled":false,"is_translator":false,"is_translation_enabled":false,"profile_background_color":"C0DEED","profile_background_image_url":"http://abs.twimg.com/images/themes/theme1/bg.png","profile_background_image_url_https":"https://abs.twimg.com/images/themes/theme1/bg.png","profile_background_tile":false,"profile_image_url":"http://pbs.twimg.com/profile_images/869716102661545985/nIr-xJVK_normal.jpg","profile_image_url_https":"https://pbs.twimg.com/profile_images/869716102661545985/nIr-xJVK_normal.jpg","profile_banner_url":"https://pbs.twimg.com/profile_banners/1473908226/1482736323","profile_link_color":"1DA1F2","profile_sidebar_border_color":"C0DEED","profile_sidebar_fill_color":"DDEEF6","profile_text_color":"333333","profile_use_background_image":true,"has_extended_profile":false,"default_profile":true,"default_profile_image":false,"following":false,"follow_request_sent":false,"notifications":false,"translator_type":"none"},"geo":null,"coordinates":null,"place":null,"contributors":null,"is_quote_status":false,"retweet_count":1374,"favorite_count":3701,"favorited":false,"retweeted":false,"possibly_sensitive":false,"lang":"ja"},{"created_at":"Wed Jul 19 06:18:56 +0000 2017","id":887557346502647800,"id_str":"887557346502647808","text":"#浦ラジ が #ギルキス にジャックされてるぜー！！！😈😈😈ギルティー！！！","truncated":false,"entities":{"hashtags":[{"text":"浦ラジ","indices":[0,4]},{"text":"ギルキス","indices":[7,12]}],"symbols":[],"user_mentions":[],"urls":[]},"metadata":{"iso_language_code":"ja","result_type":"recent"},"source":"<a href=\"http://twitter.com/download/iphone\" rel=\"nofollow\">Twitter for iPhone</a>","in_reply_to_status_id":null,"in_reply_to_status_id_str":null,"in_reply_to_user_id":null,"in_reply_to_user_id_str":null,"in_reply_to_screen_name":null,"user":{"id":260986258,"id_str":"260986258","name":"小林 愛香","screen_name":"Aikyan_","location":"","description":"あいきゃん / SINGER. / 声優 /「ラブライブ！サンシャイン‼︎」Aqours 津島善子(ヨハネ)役 /「ピアシェ~私のイタリアン~」花月李依役 / ▷もうすぐアイコンとヘッダー変えるから待っててね。 https://t.co/iCA0YnlTYD","url":"https://t.co/QUepA9givg","entities":{"url":{"urls":[{"url":"https://t.co/QUepA9givg","expanded_url":"https://www.instagram.com/kyanstagram_/","display_url":"instagram.com/kyanstagram_/","indices":[0,23]}]},"description":{"urls":[{"url":"https://t.co/iCA0YnlTYD","expanded_url":"http://newcome.jp","display_url":"newcome.jp","indices":[106,129]}]}},"protected":false,"followers_count":192426,"friends_count":78,"listed_count":6091,"created_at":"Sat Mar 05 00:58:36 +0000 2011","favourites_count":3122,"utc_offset":-36000,"time_zone":"Hawaii","geo_enabled":false,"verified":false,"statuses_count":7255,"lang":"ja","contributors_enabled":false,"is_translator":false,"is_translation_enabled":false,"profile_background_color":"ACDED6","profile_background_image_url":"http://abs.twimg.com/images/themes/theme18/bg.gif","profile_background_image_url_https":"https://abs.twimg.com/images/themes/theme18/bg.gif","profile_background_tile":false,"profile_image_url":"http://pbs.twimg.com/profile_images/790719836930252800/iTUYXTzQ_normal.jpg","profile_image_url_https":"https://pbs.twimg.com/profile_images/790719836930252800/iTUYXTzQ_normal.jpg","profile_banner_url":"https://pbs.twimg.com/profile_banners/260986258/1477734091","profile_link_color":"038543","profile_sidebar_border_color":"EEEEEE","profile_sidebar_fill_color":"F6F6F6","profile_text_color":"333333","profile_use_background_image":true,"has_extended_profile":false,"default_profile":false,"default_profile_image":false,"following":false,"follow_request_sent":false,"notifications":false,"translator_type":"none"},"geo":null,"coordinates":null,"place":null,"contributors":null,"is_quote_status":false,"retweet_count":594,"favorite_count":1924,"favorited":false,"retweeted":false,"lang":"ja"},{"created_at":"Wed Jul 19 06:09:28 +0000 2017","id":887554964079366100,"id_str":"887554964079366144","text":"☆ZOZOマリンスタジアム☆\n市立習志野 000 001 001 02 R4\n拓殖大紅陵 001 010 000 00 R2\n試合終了\n\n習志野が9回同点に追いつき、11回に勝ち越し勝利！\n伝統校対決は延長の末、市立習志野に軍配！ https://t.co/ms3uOAdtum","truncated":false,"entities":{"hashtags":[],"symbols":[],"user_mentions":[],"urls":[],"media":[{"id":887554777822797800,"id_str":"887554777822797825","indices":[116,139],"media_url":"http://pbs.twimg.com/media/DFE6XjLUIAEZl0k.jpg","media_url_https":"https://pbs.twimg.com/media/DFE6XjLUIAEZl0k.jpg","url":"https://t.co/ms3uOAdtum","display_url":"pic.twitter.com/ms3uOAdtum","expanded_url":"https://twitter.com/chiba5589/status/887554964079366144/photo/1","type":"photo","sizes":{"medium":{"w":1200,"h":900,"resize":"fit"},"small":{"w":680,"h":510,"resize":"fit"},"thumb":{"w":150,"h":150,"resize":"crop"},"large":{"w":2048,"h":1536,"resize":"fit"}}}]},"extended_entities":{"media":[{"id":887554777822797800,"id_str":"887554777822797825","indices":[116,139],"media_url":"http://pbs.twimg.com/media/DFE6XjLUIAEZl0k.jpg","media_url_https":"https://pbs.twimg.com/media/DFE6XjLUIAEZl0k.jpg","url":"https://t.co/ms3uOAdtum","display_url":"pic.twitter.com/ms3uOAdtum","expanded_url":"https://twitter.com/chiba5589/status/887554964079366144/photo/1","type":"photo","sizes":{"medium":{"w":1200,"h":900,"resize":"fit"},"small":{"w":680,"h":510,"resize":"fit"},"thumb":{"w":150,"h":150,"resize":"crop"},"large":{"w":2048,"h":1536,"resize":"fit"}}},{"id":887554777994756100,"id_str":"887554777994756096","indices":[116,139],"media_url":"http://pbs.twimg.com/media/DFE6Xj0UAAAvqjM.jpg","media_url_https":"https://pbs.twimg.com/media/DFE6Xj0UAAAvqjM.jpg","url":"https://t.co/ms3uOAdtum","display_url":"pic.twitter.com/ms3uOAdtum","expanded_url":"https://twitter.com/chiba5589/status/887554964079366144/photo/1","type":"photo","sizes":{"medium":{"w":1200,"h":900,"resize":"fit"},"small":{"w":680,"h":510,"resize":"fit"},"thumb":{"w":150,"h":150,"resize":"crop"},"large":{"w":2048,"h":1536,"resize":"fit"}}}]},"metadata":{"iso_language_code":"ja","result_type":"recent"},"source":"<a href=\"http://twitter.com/download/iphone\" rel=\"nofollow\">Twitter for iPhone</a>","in_reply_to_status_id":null,"in_reply_to_status_id_str":null,"in_reply_to_user_id":null,"in_reply_to_user_id_str":null,"in_reply_to_screen_name":null,"user":{"id":2466964357,"id_str":"2466964357","name":"千葉県高校野球情報GRAND☆SLAM","screen_name":"chiba5589","location":"〜輝く君に逢いにゆく〜","description":"千葉県高校野球の情報を届けます。170校全てを応援。プロ注もレギュラーも控えもBチームも卒業生も。DM喜んでお受けします。有名でも無名でも球児が輝く瞬間を届けたい。部関係者のみ画像お譲り&加工します。日陰に咲く花に光を。","url":"https://t.co/MwEH5Wko8h","entities":{"url":{"urls":[{"url":"https://t.co/MwEH5Wko8h","expanded_url":"http://instagram.com/chiba5589","display_url":"instagram.com/chiba5589","indices":[0,23]}]},"description":{"urls":[]}},"protected":false,"followers_count":19495,"friends_count":14125,"listed_count":51,"created_at":"Mon Apr 28 00:16:37 +0000 2014","favourites_count":177,"utc_offset":null,"time_zone":null,"geo_enabled":false,"verified":false,"statuses_count":4354,"lang":"ja","contributors_enabled":false,"is_translator":false,"is_translation_enabled":false,"profile_background_color":"C0DEED","profile_background_image_url":"http://abs.twimg.com/images/themes/theme1/bg.png","profile_background_image_url_https":"https://abs.twimg.com/images/themes/theme1/bg.png","profile_background_tile":false,"profile_image_url":"http://pbs.twimg.com/profile_images/757925971135569920/Lp3UC0PZ_normal.jpg","profile_image_url_https":"https://pbs.twimg.com/profile_images/757925971135569920/Lp3UC0PZ_normal.jpg","profile_banner_url":"https://pbs.twimg.com/profile_banners/2466964357/1452648804","profile_link_color":"1DA1F2","profile_sidebar_border_color":"C0DEED","profile_sidebar_fill_color":"DDEEF6","profile_text_color":"333333","profile_use_background_image":true,"has_extended_profile":true,"default_profile":true,"default_profile_image":false,"following":false,"follow_request_sent":false,"notifications":false,"translator_type":"none"},"geo":null,"coordinates":null,"place":null,"contributors":null,"is_quote_status":false,"retweet_count":476,"favorite_count":843,"favorited":false,"retweeted":false,"possibly_sensitive":false,"lang":"ja"},{"created_at":"Wed Jul 19 06:09:23 +0000 2017","id":887554946123481100,"id_str":"887554946123481088","text":"今回のインタビューはフィッシャーズ！\nフィッシャーズ結成当初の思い出から、彗星やアマゾン旅行の舞台裏まで…！\n彼らがいま思ってることを語ってもらったインタビュー前編です。\nhttps://t.co/PrRxI2JbDa… https://t.co/JgcMIZs41C","truncated":true,"entities":{"hashtags":[],"symbols":[],"user_mentions":[],"urls":[{"url":"https://t.co/PrRxI2JbDa","expanded_url":"https://www.uuum.jp/posts/5878","display_url":"uuum.jp/posts/5878","indices":[86,109]},{"url":"https://t.co/JgcMIZs41C","expanded_url":"https://twitter.com/i/web/status/887554946123481088","display_url":"twitter.com/i/web/status/8…","indices":[111,134]}]},"metadata":{"iso_language_code":"ja","result_type":"recent"},"source":"<a href=\"http://twitter.com\" rel=\"nofollow\">Twitter Web Client</a>","in_reply_to_status_id":null,"in_reply_to_status_id_str":null,"in_reply_to_user_id":null,"in_reply_to_user_id_str":null,"in_reply_to_screen_name":null,"user":{"id":2232748813,"id_str":"2232748813","name":"UUUM","screen_name":"uuum_news","location":"六本木","description":"UUUMは業界初 YouTuber向けのマネジメントプロダクションです。","url":"http://t.co/PdihALOt8j","entities":{"url":{"urls":[{"url":"http://t.co/PdihALOt8j","expanded_url":"http://www.uuum.jp/","display_url":"uuum.jp","indices":[0,22]}]},"description":{"urls":[]}},"protected":false,"followers_count":199724,"friends_count":240,"listed_count":470,"created_at":"Fri Dec 06 10:02:28 +0000 2013","favourites_count":2977,"utc_offset":28800,"time_zone":"Irkutsk","geo_enabled":false,"verified":true,"statuses_count":3342,"lang":"ja","contributors_enabled":false,"is_translator":false,"is_translation_enabled":false,"profile_background_color":"C0DEED","profile_background_image_url":"http://abs.twimg.com/images/themes/theme1/bg.png","profile_background_image_url_https":"https://abs.twimg.com/images/themes/theme1/bg.png","profile_background_tile":false,"profile_image_url":"http://pbs.twimg.com/profile_images/522313659817553920/kj5SOvdK_normal.jpeg","profile_image_url_https":"https://pbs.twimg.com/profile_images/522313659817553920/kj5SOvdK_normal.jpeg","profile_banner_url":"https://pbs.twimg.com/profile_banners/2232748813/1440392241","profile_link_color":"1DA1F2","profile_sidebar_border_color":"C0DEED","profile_sidebar_fill_color":"DDEEF6","profile_text_color":"333333","profile_use_background_image":true,"has_extended_profile":false,"default_profile":true,"default_profile_image":false,"following":false,"follow_request_sent":false,"notifications":false,"translator_type":"none"},"geo":null,"coordinates":null,"place":null,"contributors":null,"is_quote_status":false,"retweet_count":580,"favorite_count":2148,"favorited":false,"retweeted":false,"possibly_sensitive":false,"lang":"ja"},{"created_at":"Wed Jul 19 06:06:44 +0000 2017","id":887554275986899000,"id_str":"887554275986898944","text":"Pastel＊Palettes 1st single\n「#しゅわりん☆どり～みん」💕\nオリコンデイリー最高3位\n　　　　　＆ウィークリー4位🎉\n\nこちらを記念して「練習着」ライブ衣装をプレゼント😍✨7月30日14:59までにお受け… https://t.co/M9x5bjxqJP","truncated":true,"entities":{"hashtags":[{"text":"しゅわりん","indices":[28,34]}],"symbols":[],"user_mentions":[],"urls":[{"url":"https://t.co/M9x5bjxqJP","expanded_url":"https://twitter.com/i/web/status/887554275986898944","display_url":"twitter.com/i/web/status/8…","indices":[117,140]}]},"metadata":{"iso_language_code":"ja","result_type":"recent"},"source":"<a href=\"http://twitter.com\" rel=\"nofollow\">Twitter Web Client</a>","in_reply_to_status_id":null,"in_reply_to_status_id_str":null,"in_reply_to_user_id":null,"in_reply_to_user_id_str":null,"in_reply_to_screen_name":null,"user":{"id":775280864674525200,"id_str":"775280864674525184","name":"バンドリ！ ガールズバンドパーティ！","screen_name":"bang_dream_gbp","location":"","description":"スマートフォン向けゲーム「バンドリ！ ガールズバンドパーティ！」（#ガルパ）の公式アカウントです。※お問い合わせやメッセージへは返答できかねます。ご了承下さい。　　　　　　　　　　　　\niOS：https://t.co/2f4OqP0pqf \n　　　　　Android：https://t.co/Ijt25DT4q4","url":"https://t.co/ISLUK2xYKu","entities":{"url":{"urls":[{"url":"https://t.co/ISLUK2xYKu","expanded_url":"http://bang-dream.bushimo.jp/","display_url":"bang-dream.bushimo.jp","indices":[0,23]}]},"description":{"urls":[{"url":"https://t.co/2f4OqP0pqf","expanded_url":"https://goo.gl/oY7r23","display_url":"goo.gl/oY7r23","indices":[97,120]},{"url":"https://t.co/Ijt25DT4q4","expanded_url":"https://goo.gl/r1OlqJ","display_url":"goo.gl/r1OlqJ","indices":[135,158]}]}},"protected":false,"followers_count":277281,"friends_count":31,"listed_count":1816,"created_at":"Mon Sep 12 10:32:16 +0000 2016","favourites_count":0,"utc_offset":null,"time_zone":null,"geo_enabled":false,"verified":true,"statuses_count":894,"lang":"ja","contributors_enabled":false,"is_translator":false,"is_translation_enabled":false,"profile_background_color":"F5F8FA","profile_background_image_url":null,"profile_background_image_url_https":null,"profile_background_tile":false,"profile_image_url":"http://pbs.twimg.com/profile_images/874897279660036100/q4Y3t1KU_normal.jpg","profile_image_url_https":"https://pbs.twimg.com/profile_images/874897279660036100/q4Y3t1KU_normal.jpg","profile_banner_url":"https://pbs.twimg.com/profile_banners/775280864674525184/1489646760","profile_link_color":"1DA1F2","profile_sidebar_border_color":"C0DEED","profile_sidebar_fill_color":"DDEEF6","profile_text_color":"333333","profile_use_background_image":true,"has_extended_profile":false,"default_profile":true,"default_profile_image":false,"following":false,"follow_request_sent":false,"notifications":false,"translator_type":"none"},"geo":null,"coordinates":null,"place":null,"contributors":null,"is_quote_status":false,"retweet_count":950,"favorite_count":1612,"favorited":false,"retweeted":false,"possibly_sensitive":false,"lang":"ja"},{"created_at":"Wed Jul 19 06:05:55 +0000 2017","id":887554073121046500,"id_str":"887554073121046530","text":"今回初開催のチャレンジライブイベント「つぼみ開く時」が開催決定！7月21日15:00より開始予定です。お楽しみに♪\n\n※「チャレンジライブイベント」の詳細は、お知らせをご確認ください。\n#バンドリ #ガルパ https://t.co/shcV6JT43v","truncated":false,"entities":{"hashtags":[{"text":"バンドリ","indices":[93,98]},{"text":"ガルパ","indices":[99,103]}],"symbols":[],"user_mentions":[],"urls":[],"media":[{"id":887553265994408000,"id_str":"887553265994407936","indices":[104,127],"media_url":"http://pbs.twimg.com/media/DFE4_jLVoAA90if.jpg","media_url_https":"https://pbs.twimg.com/media/DFE4_jLVoAA90if.jpg","url":"https://t.co/shcV6JT43v","display_url":"pic.twitter.com/shcV6JT43v","expanded_url":"https://twitter.com/bang_dream_gbp/status/887554073121046530/photo/1","type":"photo","sizes":{"large":{"w":840,"h":280,"resize":"fit"},"small":{"w":680,"h":227,"resize":"fit"},"thumb":{"w":150,"h":150,"resize":"crop"},"medium":{"w":840,"h":280,"resize":"fit"}}}]},"extended_entities":{"media":[{"id":887553265994408000,"id_str":"887553265994407936","indices":[104,127],"media_url":"http://pbs.twimg.com/media/DFE4_jLVoAA90if.jpg","media_url_https":"https://pbs.twimg.com/media/DFE4_jLVoAA90if.jpg","url":"https://t.co/shcV6JT43v","display_url":"pic.twitter.com/shcV6JT43v","expanded_url":"https://twitter.com/bang_dream_gbp/status/887554073121046530/photo/1","type":"photo","sizes":{"large":{"w":840,"h":280,"resize":"fit"},"small":{"w":680,"h":227,"resize":"fit"},"thumb":{"w":150,"h":150,"resize":"crop"},"medium":{"w":840,"h":280,"resize":"fit"}}}]},"metadata":{"iso_language_code":"ja","result_type":"recent"},"source":"<a href=\"http://twitter.com\" rel=\"nofollow\">Twitter Web Client</a>","in_reply_to_status_id":null,"in_reply_to_status_id_str":null,"in_reply_to_user_id":null,"in_reply_to_user_id_str":null,"in_reply_to_screen_name":null,"user":{"id":775280864674525200,"id_str":"775280864674525184","name":"バンドリ！ ガールズバンドパーティ！","screen_name":"bang_dream_gbp","location":"","description":"スマートフォン向けゲーム「バンドリ！ ガールズバンドパーティ！」（#ガルパ）の公式アカウントです。※お問い合わせやメッセージへは返答できかねます。ご了承下さい。　　　　　　　　　　　　\niOS：https://t.co/2f4OqP0pqf \n　　　　　Android：https://t.co/Ijt25DT4q4","url":"https://t.co/ISLUK2xYKu","entities":{"url":{"urls":[{"url":"https://t.co/ISLUK2xYKu","expanded_url":"http://bang-dream.bushimo.jp/","display_url":"bang-dream.bushimo.jp","indices":[0,23]}]},"description":{"urls":[{"url":"https://t.co/2f4OqP0pqf","expanded_url":"https://goo.gl/oY7r23","display_url":"goo.gl/oY7r23","indices":[97,120]},{"url":"https://t.co/Ijt25DT4q4","expanded_url":"https://goo.gl/r1OlqJ","display_url":"goo.gl/r1OlqJ","indices":[135,158]}]}},"protected":false,"followers_count":277281,"friends_count":31,"listed_count":1816,"created_at":"Mon Sep 12 10:32:16 +0000 2016","favourites_count":0,"utc_offset":null,"time_zone":null,"geo_enabled":false,"verified":true,"statuses_count":894,"lang":"ja","contributors_enabled":false,"is_translator":false,"is_translation_enabled":false,"profile_background_color":"F5F8FA","profile_background_image_url":null,"profile_background_image_url_https":null,"profile_background_tile":false,"profile_image_url":"http://pbs.twimg.com/profile_images/874897279660036100/q4Y3t1KU_normal.jpg","profile_image_url_https":"https://pbs.twimg.com/profile_images/874897279660036100/q4Y3t1KU_normal.jpg","profile_banner_url":"https://pbs.twimg.com/profile_banners/775280864674525184/1489646760","profile_link_color":"1DA1F2","profile_sidebar_border_color":"C0DEED","profile_sidebar_fill_color":"DDEEF6","profile_text_color":"333333","profile_use_background_image":true,"has_extended_profile":false,"default_profile":true,"default_profile_image":false,"following":false,"follow_request_sent":false,"notifications":false,"translator_type":"none"},"geo":null,"coordinates":null,"place":null,"contributors":null,"is_quote_status":false,"retweet_count":3375,"favorite_count":3312,"favorited":false,"retweeted":false,"possibly_sensitive":false,"lang":"ja"},{"created_at":"Wed Jul 19 06:03:58 +0000 2017","id":887553581603102700,"id_str":"887553581603102720","text":"7/19(水)のセ・リーグ公示\n【出場選手登録】\n中村祐太(C)\n畠世周(G)\n小野泰己(T)\n石川雅規(S)\n大野雄大(D)\n三ツ俣大樹(D)\n【出場選手登録抹消】\n山口俊(G)\n伊藤和雄(T)\n小川龍也(D)\n亀澤恭平(D)\n#NPB","truncated":false,"entities":{"hashtags":[{"text":"NPB","indices":[115,119]}],"symbols":[],"user_mentions":[],"urls":[]},"metadata":{"iso_language_code":"ja","result_type":"recent"},"source":"<a href=\"http://npb.jp\" rel=\"nofollow\">日本野球機構（NPB）</a>","in_reply_to_status_id":null,"in_reply_to_status_id_str":null,"in_reply_to_user_id":null,"in_reply_to_user_id_str":null,"in_reply_to_screen_name":null,"user":{"id":3935217673,"id_str":"3935217673","name":"日本野球機構（NPB）","screen_name":"npb","location":"","description":"日本野球機構（NPB）の公式Twitterアカウントです。プロ野球の試合やイベントの情報をお届けします。","url":"https://t.co/Zd3Cn1LPaw","entities":{"url":{"urls":[{"url":"https://t.co/Zd3Cn1LPaw","expanded_url":"http://npb.jp","display_url":"npb.jp","indices":[0,23]}]},"description":{"urls":[]}},"protected":false,"followers_count":178054,"friends_count":16,"listed_count":1385,"created_at":"Sun Oct 18 10:59:58 +0000 2015","favourites_count":0,"utc_offset":32400,"time_zone":"Tokyo","geo_enabled":false,"verified":true,"statuses_count":3449,"lang":"ja","contributors_enabled":false,"is_translator":false,"is_translation_enabled":false,"profile_background_color":"000000","profile_background_image_url":"http://abs.twimg.com/images/themes/theme1/bg.png","profile_background_image_url_https":"https://abs.twimg.com/images/themes/theme1/bg.png","profile_background_tile":false,"profile_image_url":"http://pbs.twimg.com/profile_images/679056516679270400/_Tti-d3X_normal.png","profile_image_url_https":"https://pbs.twimg.com/profile_images/679056516679270400/_Tti-d3X_normal.png","profile_banner_url":"https://pbs.twimg.com/profile_banners/3935217673/1490850871","profile_link_color":"0084B4","profile_sidebar_border_color":"000000","profile_sidebar_fill_color":"000000","profile_text_color":"000000","profile_use_background_image":false,"has_extended_profile":false,"default_profile":false,"default_profile_image":false,"following":false,"follow_request_sent":false,"notifications":false,"translator_type":"regular"},"geo":null,"coordinates":null,"place":null,"contributors":null,"is_quote_status":false,"retweet_count":895,"favorite_count":557,"favorited":false,"retweeted":false,"lang":"ja"},{"created_at":"Wed Jul 19 06:02:00 +0000 2017","id":887553086520045600,"id_str":"887553086520045569","text":"【お知らせ】\nお待たせ致しました！大好評のビューティーフォトグラファーに、遂にミュージカル『刀剣乱舞』～三百年の子守唄～の刀剣男士達が登場致します！個性が光る立ち姿と表情が素敵ですね♪7/22(土)からの追加となります。皆様是非ご… https://t.co/jiuoCzChGv","truncated":true,"entities":{"hashtags":[],"symbols":[],"user_mentions":[],"urls":[{"url":"https://t.co/jiuoCzChGv","expanded_url":"https://twitter.com/i/web/status/887553086520045569","display_url":"twitter.com/i/web/status/8…","indices":[117,140]}]},"metadata":{"iso_language_code":"ja","result_type":"recent"},"source":"<a href=\"http://twitter.com\" rel=\"nofollow\">Twitter Web Client</a>","in_reply_to_status_id":null,"in_reply_to_status_id_str":null,"in_reply_to_user_id":null,"in_reply_to_user_id_str":null,"in_reply_to_screen_name":null,"user":{"id":801674149642932200,"id_str":"801674149642932224","name":"刀剣乱舞2.5Dカフェ公式","screen_name":"touken_2_5dcafe","location":"東京都渋谷区神宮前6丁目32-12","description":"刀剣乱舞2.5Dカフェ公式Twitterです。 2016年12月9日から表参道にて期間限定オープン！カフェの最新情報をお届けします。お問い合わせ専用アドレス→info@2-5dcafe.jp\n\nTEL:03-6805-0614","url":"https://t.co/Q86wTNXSqU","entities":{"url":{"urls":[{"url":"https://t.co/Q86wTNXSqU","expanded_url":"http://2-5dcafe.jp","display_url":"2-5dcafe.jp","indices":[0,23]}]},"description":{"urls":[]}},"protected":false,"followers_count":35133,"friends_count":4,"listed_count":678,"created_at":"Thu Nov 24 06:29:46 +0000 2016","favourites_count":40,"utc_offset":-25200,"time_zone":"Pacific Time (US & Canada)","geo_enabled":false,"verified":false,"statuses_count":993,"lang":"ja","contributors_enabled":false,"is_translator":false,"is_translation_enabled":false,"profile_background_color":"000000","profile_background_image_url":"http://abs.twimg.com/images/themes/theme1/bg.png","profile_background_image_url_https":"https://abs.twimg.com/images/themes/theme1/bg.png","profile_background_tile":false,"profile_image_url":"http://pbs.twimg.com/profile_images/801677967466242048/ZnYmsBoX_normal.jpg","profile_image_url_https":"https://pbs.twimg.com/profile_images/801677967466242048/ZnYmsBoX_normal.jpg","profile_banner_url":"https://pbs.twimg.com/profile_banners/801674149642932224/1479976889","profile_link_color":"ABB8C2","profile_sidebar_border_color":"000000","profile_sidebar_fill_color":"000000","profile_text_color":"000000","profile_use_background_image":false,"has_extended_profile":false,"default_profile":false,"default_profile_image":false,"following":false,"follow_request_sent":false,"notifications":false,"translator_type":"none"},"geo":null,"coordinates":null,"place":null,"contributors":null,"is_quote_status":false,"retweet_count":668,"favorite_count":537,"favorited":false,"retweeted":false,"possibly_sensitive":false,"lang":"ja"},{"created_at":"Wed Jul 19 06:00:37 +0000 2017","id":887552738023718900,"id_str":"887552738023718912","text":"スタジオ前の休憩スペースで寝ていた有村架純さん。こうして寝ると首が痛くならないのだそうです。その姿をまねっこする2人も♪\n\n#有村架純 #竹内涼真 #磯村勇斗 #撮影おつかれさまです #朝ドラ #ひよっこ… https://t.co/FhZMAcXFGl","truncated":true,"entities":{"hashtags":[{"text":"有村架純","indices":[62,67]},{"text":"竹内涼真","indices":[68,73]},{"text":"磯村勇斗","indices":[74,79]},{"text":"撮影おつかれさまです","indices":[80,91]},{"text":"朝ドラ","indices":[92,96]},{"text":"ひよっこ","indices":[97,102]}],"symbols":[],"user_mentions":[],"urls":[{"url":"https://t.co/FhZMAcXFGl","expanded_url":"https://twitter.com/i/web/status/887552738023718912","display_url":"twitter.com/i/web/status/8…","indices":[104,127]}]},"metadata":{"iso_language_code":"ja","result_type":"recent"},"source":"<a href=\"http://www.nhk.or.jp/\" rel=\"nofollow\">NHK</a>","in_reply_to_status_id":null,"in_reply_to_status_id_str":null,"in_reply_to_user_id":null,"in_reply_to_user_id_str":null,"in_reply_to_screen_name":null,"user":{"id":822080344962699300,"id_str":"822080344962699264","name":"連続テレビ小説「ひよっこ」【公式】","screen_name":"nhk_hiyokko","location":"","description":"NHK「連続テレビ小説『ひよっこ』」の公式アカウントです。番組のさまざまな情報をお伝えしていきます。▼利用規約はこちら　https://t.co/Q11WanxIUh","url":"https://t.co/UOQIdyb72r","entities":{"url":{"urls":[{"url":"https://t.co/UOQIdyb72r","expanded_url":"http://nhk.jp/hiyokko","display_url":"nhk.jp/hiyokko","indices":[0,23]}]},"description":{"urls":[{"url":"https://t.co/Q11WanxIUh","expanded_url":"http://nhk.jp/rules","display_url":"nhk.jp/rules","indices":[60,83]}]}},"protected":false,"followers_count":46325,"friends_count":0,"listed_count":237,"created_at":"Thu Jan 19 13:56:42 +0000 2017","favourites_count":0,"utc_offset":null,"time_zone":null,"geo_enabled":false,"verified":true,"statuses_count":300,"lang":"ja","contributors_enabled":false,"is_translator":false,"is_translation_enabled":false,"profile_background_color":"000000","profile_background_image_url":"http://pbs.twimg.com/profile_background_images/839056546772353024/A38wi97E.jpg","profile_background_image_url_https":"https://pbs.twimg.com/profile_background_images/839056546772353024/A38wi97E.jpg","profile_background_tile":false,"profile_image_url":"http://pbs.twimg.com/profile_images/850557481528868866/XnJC8L1A_normal.jpg","profile_image_url_https":"https://pbs.twimg.com/profile_images/850557481528868866/XnJC8L1A_normal.jpg","profile_banner_url":"https://pbs.twimg.com/profile_banners/822080344962699264/1497324997","profile_link_color":"1B95E0","profile_sidebar_border_color":"000000","profile_sidebar_fill_color":"000000","profile_text_color":"000000","profile_use_background_image":true,"has_extended_profile":false,"default_profile":false,"default_profile_image":false,"following":false,"follow_request_sent":false,"notifications":false,"translator_type":"none"},"geo":null,"coordinates":null,"place":null,"contributors":null,"is_quote_status":false,"retweet_count":728,"favorite_count":2156,"favorited":false,"retweeted":false,"possibly_sensitive":false,"lang":"ja"}],"search_metadata":{"completed_in":0.153,"max_id":887565537173053400,"max_id_str":"887565537173053440","next_results":"?max_id=887552738023718911&q=lang%3Aja%20min_retweets%3A500&include_entities=1","query":"lang%3Aja+min_retweets%3A500","refresh_url":"?since_id=887565537173053440&q=lang%3Aja%20min_retweets%3A500&include_entities=1","count":15,"since_id":0,"since_id_str":"0"}}