{"statuses":[{"created_at":"Thu Jul 20 19:17:11 +0000 2017","id":888115590052798500,"id_str":"888115590052798465","text":"【リンキンパーク ボーカル死去】人気ハードロックバンド、リンキン・パーク（Linkin Park）のボーカル、チェスター・ベニントンさんが死去。41歳だった。自殺とみられている。 https://t.co/7HW51uOXwn","truncated":false,"entities":{"hashtags":[],"symbols":[],"user_mentions":[],"urls":[{"url":"https://t.co/7HW51uOXwn","expanded_url":"https://yahoo.jp/cQzP10","display_url":"yahoo.jp/cQzP10","indices":[90,113]}]},"metadata":{"iso_language_code":"ja","result_type":"recent"},"source":"<a href=\"http://dailynews.yahoo.co.jp/fc/\" rel=\"nofollow\">ヤフトピbot</a>","in_reply_to_status_id":null,"in_reply_to_status_id_str":null,"in_reply_to_user_id":null,"in_reply_to_user_id_str":null,"in_reply_to_screen_name":null,"user":{"id":88846085,"id_str":"88846085","name":"Yahoo!ニュース","screen_name":"YahooNewsTopics","location":"","description":"Yahoo!ニュースの公式アカウントです。365日24時間、Yahoo! JAPANトップページに掲出される話題を速報でお届け。※株式会社アフロ社提供の写真を使用している場合があります。","url":"https://t.co/PORT0VCtyG","entities":{"url":{"urls":[{"url":"https://t.co/PORT0VCtyG","expanded_url":"https://news.yahoo.co.jp/","display_url":"news.yahoo.co.jp","indices":[0,23]}]},"description":{"urls":[]}},"protected":false,"followers_count":306605,"friends_count":8,"listed_count":12366,"created_at":"Tue Nov 10 03:59:51 +0000 2009","favourites_count":0,"utc_offset":32400,"time_zone":"Tokyo","geo_enabled":false,"verified":true,"statuses_count":254695,"lang":"ja","contributors_enabled":false,"is_translator":false,"is_translation_enabled":false,"profile_background_color":"DFD7C7","profile_background_image_url":"http://pbs.twimg.com/profile_background_images/56797173/background.jpg","profile_background_image_url_https":"https://pbs.twimg.com/profile_background_images/56797173/background.jpg","profile_background_tile":true,"profile_image_url":"http://pbs.twimg.com/profile_images/875506779743895552/jqN_tEe4_normal.jpg","profile_image_url_https":"https://pbs.twimg.com/profile_images/875506779743895552/jqN_tEe4_normal.jpg","profile_banner_url":"https://pbs.twimg.com/profile_banners/88846085/1490596288","profile_link_color":"0084B4","profile_sidebar_border_color":"A1A33B","profile_sidebar_fill_color":"FFFCDE","profile_text_color":"333333","profile_use_background_image":true,"has_extended_profile":false,"default_profile":false,"default_profile_image":false,"following":false,"follow_request_sent":false,"notifications":false,"translator_type":"none"},"geo":null,"coordinates":null,"place":null,"contributors":null,"is_quote_status":false,"retweet_count":820,"favorite_count":242,"favorited":false,"retweeted":false,"possibly_sensitive":false,"lang":"ja"},{"created_at":"Thu Jul 20 18:35:27 +0000 2017","id":888105085493891100,"id_str":"888105085493891074","text":"海外サイトTMZは、リンキン・パークのフロントマン、チェスター・ベニントンが死去したと報道。現地時間7月20日午前9時前に、ロサンゼルスにある自宅でチェスターが首を吊って自殺しているのが発見されたと伝えています。41歳でした　https://t.co/UPHx9oj9rJ","truncated":false,"entities":{"hashtags":[],"symbols":[],"user_mentions":[],"urls":[{"url":"https://t.co/UPHx9oj9rJ","expanded_url":"http://amass.jp/91762/","display_url":"amass.jp/91762/","indices":[113,136]}]},"metadata":{"iso_language_code":"ja","result_type":"recent"},"source":"<a href=\"http://amass.jp/\" rel=\"nofollow\">amass api</a>","in_reply_to_status_id":null,"in_reply_to_status_id_str":null,"in_reply_to_user_id":null,"in_reply_to_user_id_str":null,"in_reply_to_screen_name":null,"user":{"id":229188693,"id_str":"229188693","name":"amass","screen_name":"amass_jp","location":"東京都","description":"音楽をベースに、アニメ、映画、特撮なども盛り込んだニュース・サイト「amass」のtwitterページです。「amass」のニュースと、中の人がオススメする他サイトのニュースなどをお伝えします","url":"http://t.co/7VvNnlcKdQ","entities":{"url":{"urls":[{"url":"http://t.co/7VvNnlcKdQ","expanded_url":"http://amass.jp/","display_url":"amass.jp","indices":[0,22]}]},"description":{"urls":[]}},"protected":false,"followers_count":85692,"friends_count":0,"listed_count":4913,"created_at":"Tue Dec 21 19:19:54 +0000 2010","favourites_count":0,"utc_offset":32400,"time_zone":"Tokyo","geo_enabled":false,"verified":false,"statuses_count":137409,"lang":"ja","contributors_enabled":false,"is_translator":false,"is_translation_enabled":false,"profile_background_color":"ACDED6","profile_background_image_url":"http://abs.twimg.com/images/themes/theme18/bg.gif","profile_background_image_url_https":"https://abs.twimg.com/images/themes/theme18/bg.gif","profile_background_tile":false,"profile_image_url":"http://pbs.twimg.com/profile_images/1261538336/amass_logologo_normal.jpg","profile_image_url_https":"https://pbs.twimg.com/profile_images/1261538336/amass_logologo_normal.jpg","profile_link_color":"038543","profile_sidebar_border_color":"EEEEEE","profile_sidebar_fill_color":"F6F6F6","profile_text_color":"333333","profile_use_background_image":true,"has_extended_profile":false,"default_profile":false,"default_profile_image":false,"following":false,"follow_request_sent":false,"notifications":false,"translator_type":"none"},"geo":null,"coordinates":null,"place":null,"contributors":null,"is_quote_status":false,"retweet_count":2839,"favorite_count":653,"favorited":false,"retweeted":false,"possibly_sensitive":false,"lang":"ja"},{"created_at":"Thu Jul 20 17:00:52 +0000 2017","id":888081285427601400,"id_str":"888081285427601408","text":"今日も一日\nお疲れ様でした。\nまゆゆいゆい。 https://t.co/zfx6F80zdq","truncated":false,"entities":{"hashtags":[],"symbols":[],"user_mentions":[],"urls":[],"media":[{"id":888081271217307600,"id_str":"888081271217307648","indices":[23,46],"media_url":"http://pbs.twimg.com/media/DFMZNf6VwAAlUWp.jpg","media_url_https":"https://pbs.twimg.com/media/DFMZNf6VwAAlUWp.jpg","url":"https://t.co/zfx6F80zdq","display_url":"pic.twitter.com/zfx6F80zdq","expanded_url":"https://twitter.com/karaage_mayu/status/888081285427601408/photo/1","type":"photo","sizes":{"small":{"w":680,"h":510,"resize":"fit"},"medium":{"w":1200,"h":900,"resize":"fit"},"large":{"w":2048,"h":1536,"resize":"fit"},"thumb":{"w":150,"h":150,"resize":"crop"}}}]},"extended_entities":{"media":[{"id":888081271217307600,"id_str":"888081271217307648","indices":[23,46],"media_url":"http://pbs.twimg.com/media/DFMZNf6VwAAlUWp.jpg","media_url_https":"https://pbs.twimg.com/media/DFMZNf6VwAAlUWp.jpg","url":"https://t.co/zfx6F80zdq","display_url":"pic.twitter.com/zfx6F80zdq","expanded_url":"https://twitter.com/karaage_mayu/status/888081285427601408/photo/1","type":"photo","sizes":{"small":{"w":680,"h":510,"resize":"fit"},"medium":{"w":1200,"h":900,"resize":"fit"},"large":{"w":2048,"h":1536,"resize":"fit"},"thumb":{"w":150,"h":150,"resize":"crop"}}}]},"metadata":{"iso_language_code":"ja","result_type":"recent"},"source":"<a href=\"http://twitter.com/download/iphone\" rel=\"nofollow\">Twitter for iPhone</a>","in_reply_to_status_id":null,"in_reply_to_status_id_str":null,"in_reply_to_user_id":null,"in_reply_to_user_id_str":null,"in_reply_to_screen_name":null,"user":{"id":3063044467,"id_str":"3063044467","name":"渡辺麻友","screen_name":"karaage_mayu","location":"","description":"こんにちは。","url":null,"entities":{"description":{"urls":[]}},"protected":false,"followers_count":797518,"friends_count":101,"listed_count":5072,"created_at":"Thu Mar 05 14:28:17 +0000 2015","favourites_count":661,"utc_offset":null,"time_zone":null,"geo_enabled":false,"verified":true,"statuses_count":3624,"lang":"ja","contributors_enabled":false,"is_translator":false,"is_translation_enabled":false,"profile_background_color":"C0DEED","profile_background_image_url":"http://abs.twimg.com/images/themes/theme1/bg.png","profile_background_image_url_https":"https://abs.twimg.com/images/themes/theme1/bg.png","profile_background_tile":false,"profile_image_url":"http://pbs.twimg.com/profile_images/774962908111380481/NatSpyCW_normal.jpg","profile_image_url_https":"https://pbs.twimg.com/profile_images/774962908111380481/NatSpyCW_normal.jpg","profile_banner_url":"https://pbs.twimg.com/profile_banners/3063044467/1500572760","profile_link_color":"1DA1F2","profile_sidebar_border_color":"C0DEED","profile_sidebar_fill_color":"DDEEF6","profile_text_color":"333333","profile_use_background_image":true,"has_extended_profile":true,"default_profile":true,"default_profile_image":false,"following":false,"follow_request_sent":false,"notifications":false,"translator_type":"none"},"geo":null,"coordinates":null,"place":null,"contributors":null,"is_quote_status":false,"retweet_count":547,"favorite_count":2510,"favorited":false,"retweeted":false,"possibly_sensitive":false,"lang":"ja"},{"created_at":"Thu Jul 20 17:00:04 +0000 2017","id":888081080753967100,"id_str":"888081080753967104","text":"はーーーカントリーマアムうめえ","truncated":false,"entities":{"hashtags":[],"symbols":[],"user_mentions":[],"urls":[]},"metadata":{"iso_language_code":"ja","result_type":"recent"},"source":"<a href=\"http://carotene.sakura.ne.jp/shuumai/\" rel=\"nofollow\">せいろ</a>","in_reply_to_status_id":null,"in_reply_to_status_id_str":null,"in_reply_to_user_id":null,"in_reply_to_user_id_str":null,"in_reply_to_screen_name":null,"user":{"id":54882396,"id_str":"54882396","name":"しゅうまい君","screen_name":"shuumai","location":"せいろ","description":"followingの皆さんの最近の発言を学習して喋るよ。（何かあったら@enpitsuまで）／LINEスタンプもあるよhttps://t.co/dRzUm39fDe","url":"https://t.co/33QcJKtmeV","entities":{"url":{"urls":[{"url":"https://t.co/33QcJKtmeV","expanded_url":"http://enpitsu.org/shuumai/","display_url":"enpitsu.org/shuumai/","indices":[0,23]}]},"description":{"urls":[{"url":"https://t.co/dRzUm39fDe","expanded_url":"http://line.me/S/sticker/1010497","display_url":"line.me/S/sticker/1010…","indices":[59,82]}]}},"protected":false,"followers_count":294837,"friends_count":252736,"listed_count":15179,"created_at":"Wed Jul 08 12:37:32 +0000 2009","favourites_count":0,"utc_offset":32400,"time_zone":"Tokyo","geo_enabled":false,"verified":false,"statuses_count":185803,"lang":"en","contributors_enabled":false,"is_translator":false,"is_translation_enabled":false,"profile_background_color":"0099B9","profile_background_image_url":"http://abs.twimg.com/images/themes/theme4/bg.gif","profile_background_image_url_https":"https://abs.twimg.com/images/themes/theme4/bg.gif","profile_background_tile":false,"profile_image_url":"http://pbs.twimg.com/profile_images/303370559/shuumai_normal.jpg","profile_image_url_https":"https://pbs.twimg.com/profile_images/303370559/shuumai_normal.jpg","profile_link_color":"0099B9","profile_sidebar_border_color":"5ED4DC","profile_sidebar_fill_color":"95E8EC","profile_text_color":"3C3940","profile_use_background_image":true,"has_extended_profile":true,"default_profile":false,"default_profile_image":false,"following":false,"follow_request_sent":false,"notifications":false,"translator_type":"none"},"geo":null,"coordinates":null,"place":null,"contributors":null,"is_quote_status":false,"retweet_count":501,"favorite_count":970,"favorited":false,"retweeted":false,"lang":"ja"},{"created_at":"Thu Jul 20 16:56:07 +0000 2017","id":888080090147332100,"id_str":"888080090147332097","text":"Yoyogi DVDでけた!","truncated":false,"entities":{"hashtags":[],"symbols":[],"user_mentions":[],"urls":[]},"metadata":{"iso_language_code":"ja","result_type":"recent"},"source":"<a href=\"http://twitter.com/download/iphone\" rel=\"nofollow\">Twitter for iPhone</a>","in_reply_to_status_id":null,"in_reply_to_status_id_str":null,"in_reply_to_user_id":null,"in_reply_to_user_id_str":null,"in_reply_to_screen_name":null,"user":{"id":274407179,"id_str":"274407179","name":"Jin Akanishi  赤西 仁","screen_name":"Jin_Akanishi","location":"The world","description":"~Jin Akanishi Official Twitter~ https://t.co/kDQTwnCJQ6 https://t.co/mHNTl2fr2Y https://t.co/a9Ud8fqg7A","url":"https://t.co/7xFHMmbcxV","entities":{"url":{"urls":[{"url":"https://t.co/7xFHMmbcxV","expanded_url":"http://jinakanishi.com","display_url":"jinakanishi.com","indices":[0,23]}]},"description":{"urls":[{"url":"https://t.co/kDQTwnCJQ6","expanded_url":"http://www.facebook.com/JinAkanishiMusic","display_url":"facebook.com/JinAkanishiMus…","indices":[32,55]},{"url":"https://t.co/mHNTl2fr2Y","expanded_url":"http://www.instagram.com/jinstagram_official","display_url":"instagram.com/jinstagram_off…","indices":[56,79]},{"url":"https://t.co/a9Ud8fqg7A","expanded_url":"http://weibo.com/JAofficial","display_url":"weibo.com/JAofficial","indices":[80,103]}]}},"protected":false,"followers_count":586106,"friends_count":68,"listed_count":3723,"created_at":"Wed Mar 30 07:36:20 +0000 2011","favourites_count":170,"utc_offset":28800,"time_zone":"Irkutsk","geo_enabled":false,"verified":true,"statuses_count":1222,"lang":"en","contributors_enabled":false,"is_translator":false,"is_translation_enabled":false,"profile_background_color":"131516","profile_background_image_url":"http://abs.twimg.com/images/themes/theme14/bg.gif","profile_background_image_url_https":"https://abs.twimg.com/images/themes/theme14/bg.gif","profile_background_tile":false,"profile_image_url":"http://pbs.twimg.com/profile_images/844727636450422784/KibDLO4s_normal.jpg","profile_image_url_https":"https://pbs.twimg.com/profile_images/844727636450422784/KibDLO4s_normal.jpg","profile_banner_url":"https://pbs.twimg.com/profile_banners/274407179/1464789630","profile_link_color":"09A3DB","profile_sidebar_border_color":"FFFFFF","profile_sidebar_fill_color":"EFEFEF","profile_text_color":"333333","profile_use_background_image":false,"has_extended_profile":false,"default_profile":false,"default_profile_image":false,"following":false,"follow_request_sent":false,"notifications":false,"translator_type":"none"},"geo":null,"coordinates":null,"place":null,"contributors":null,"is_quote_status":false,"retweet_count":807,"favorite_count":2699,"favorited":false,"retweeted":false,"lang":"ja"},{"created_at":"Thu Jul 20 16:50:49 +0000 2017","id":888078754018283500,"id_str":"888078754018283521","text":"Ray9月号に載ります！\n\nインタビューもあるので、是非見てくださいね(*^^*)\n\ntwitter @mag_ray\nInstagram @ray.magazine\n\n#Ray9月号\n#彼氏とデートなうに使ってもいいよ https://t.co/wSSenURx60","truncated":false,"entities":{"hashtags":[{"text":"Ray9月号","indices":[85,92]},{"text":"彼氏とデートなうに使ってもいいよ","indices":[93,110]}],"symbols":[],"user_mentions":[{"screen_name":"mag_ray","name":"Ray編集部（主婦の友社）","id":114915906,"id_str":"114915906","indices":[51,59]},{"screen_name":"ray","name":"Ray","id":12801,"id_str":"12801","indices":[70,74]}],"urls":[],"media":[{"id":888078681825984500,"id_str":"888078681825984514","indices":[111,134],"media_url":"http://pbs.twimg.com/media/DFMW2xrVwAIyk_X.jpg","media_url_https":"https://pbs.twimg.com/media/DFMW2xrVwAIyk_X.jpg","url":"https://t.co/wSSenURx60","display_url":"pic.twitter.com/wSSenURx60","expanded_url":"https://twitter.com/gdgd37458/status/888078754018283521/photo/1","type":"photo","sizes":{"medium":{"w":1200,"h":801,"resize":"fit"},"thumb":{"w":150,"h":150,"resize":"crop"},"small":{"w":680,"h":454,"resize":"fit"},"large":{"w":1334,"h":890,"resize":"fit"}}}]},"extended_entities":{"media":[{"id":888078681825984500,"id_str":"888078681825984514","indices":[111,134],"media_url":"http://pbs.twimg.com/media/DFMW2xrVwAIyk_X.jpg","media_url_https":"https://pbs.twimg.com/media/DFMW2xrVwAIyk_X.jpg","url":"https://t.co/wSSenURx60","display_url":"pic.twitter.com/wSSenURx60","expanded_url":"https://twitter.com/gdgd37458/status/888078754018283521/photo/1","type":"photo","sizes":{"medium":{"w":1200,"h":801,"resize":"fit"},"thumb":{"w":150,"h":150,"resize":"crop"},"small":{"w":680,"h":454,"resize":"fit"},"large":{"w":1334,"h":890,"resize":"fit"}}}]},"metadata":{"iso_language_code":"ja","result_type":"recent"},"source":"<a href=\"http://twitter.com/download/iphone\" rel=\"nofollow\">Twitter for iPhone</a>","in_reply_to_status_id":null,"in_reply_to_status_id_str":null,"in_reply_to_user_id":null,"in_reply_to_user_id_str":null,"in_reply_to_screen_name":null,"user":{"id":135437775,"id_str":"135437775","name":"北村諒","screen_name":"gdgd37458","location":"","description":"2017年もよろしくお願いします。OFFICIAL MEMBER'S SITE【https://t.co/ihQUbBR6qn】","url":"https://t.co/cFh3AiMfUi","entities":{"url":{"urls":[{"url":"https://t.co/cFh3AiMfUi","expanded_url":"http://ameblo.jp/gdgd-37458/","display_url":"ameblo.jp/gdgd-37458/","indices":[0,23]}]},"description":{"urls":[{"url":"https://t.co/ihQUbBR6qn","expanded_url":"https://kitamuraryo.com/","display_url":"kitamuraryo.com","indices":[40,63]}]}},"protected":false,"followers_count":179365,"friends_count":405,"listed_count":7622,"created_at":"Wed Apr 21 09:04:20 +0000 2010","favourites_count":15,"utc_offset":32400,"time_zone":"Tokyo","geo_enabled":false,"verified":false,"statuses_count":21345,"lang":"ja","contributors_enabled":false,"is_translator":false,"is_translation_enabled":false,"profile_background_color":"C0DEED","profile_background_image_url":"http://abs.twimg.com/images/themes/theme1/bg.png","profile_background_image_url_https":"https://abs.twimg.com/images/themes/theme1/bg.png","profile_background_tile":false,"profile_image_url":"http://pbs.twimg.com/profile_images/853513017769644032/I7Ibvz8v_normal.jpg","profile_image_url_https":"https://pbs.twimg.com/profile_images/853513017769644032/I7Ibvz8v_normal.jpg","profile_banner_url":"https://pbs.twimg.com/profile_banners/135437775/1382242610","profile_link_color":"1DA1F2","profile_sidebar_border_color":"C0DEED","profile_sidebar_fill_color":"DDEEF6","profile_text_color":"333333","profile_use_background_image":true,"has_extended_profile":true,"default_profile":true,"default_profile_image":false,"following":false,"follow_request_sent":false,"notifications":false,"translator_type":"none"},"geo":null,"coordinates":null,"place":null,"contributors":null,"is_quote_status":false,"retweet_count":586,"favorite_count":1619,"favorited":false,"retweeted":false,"possibly_sensitive":false,"lang":"ja"},{"created_at":"Thu Jul 20 16:13:09 +0000 2017","id":888069275268796400,"id_str":"888069275268796417","text":"おめでたい１日のスタートですね！\n今日はこれでもかっ！ってぐらい\n目白押しですが\n皆さんペース配分気を付けていきましょう！！笑\n\n23時にはみんなグッタリ…\nどころか\nグッスリ…zzz\n\nなんて嫌だよーーー！！！笑\n\n#祝キンキ20\n#LOVELOVEあいしてる","truncated":false,"entities":{"hashtags":[{"text":"祝キンキ20","indices":[109,116]},{"text":"LOVELOVEあいしてる","indices":[117,131]}],"symbols":[],"user_mentions":[],"urls":[]},"metadata":{"iso_language_code":"ja","result_type":"recent"},"source":"<a href=\"http://twitter.com\" rel=\"nofollow\">Twitter Web Client</a>","in_reply_to_status_id":null,"in_reply_to_status_id_str":null,"in_reply_to_user_id":null,"in_reply_to_user_id_str":null,"in_reply_to_screen_name":null,"user":{"id":264626613,"id_str":"264626613","name":"ハマサキアヤ","screen_name":"AYA_hmsk","location":"東京の湾岸地区","description":"7/21（金）「LOVE LOVE あいしてる」演出 ★ 普段は「FNS歌謡祭」「KinKi Kidsのブンブブーン」「ミュージックフェア」など。映像／音楽／アニメ／漫画／写真／旅／建築が好きです。今行きたいのはチベット・ネパール。最近登山にハマっています。","url":"https://t.co/mHjCXeDh66","entities":{"url":{"urls":[{"url":"https://t.co/mHjCXeDh66","expanded_url":"http://www.fujitv.co.jp/FNS/sp/index.html","display_url":"fujitv.co.jp/FNS/sp/index.h…","indices":[0,23]}]},"description":{"urls":[]}},"protected":false,"followers_count":18312,"friends_count":123,"listed_count":439,"created_at":"Sat Mar 12 05:58:14 +0000 2011","favourites_count":30,"utc_offset":32400,"time_zone":"Tokyo","geo_enabled":false,"verified":false,"statuses_count":4443,"lang":"ja","contributors_enabled":false,"is_translator":false,"is_translation_enabled":false,"profile_background_color":"DBE9ED","profile_background_image_url":"http://pbs.twimg.com/profile_background_images/701643460/84b48cbcf6f23804ab86c7e14e66befa.jpeg","profile_background_image_url_https":"https://pbs.twimg.com/profile_background_images/701643460/84b48cbcf6f23804ab86c7e14e66befa.jpeg","profile_background_tile":false,"profile_image_url":"http://pbs.twimg.com/profile_images/849270757016260608/iPlK3Odx_normal.jpg","profile_image_url_https":"https://pbs.twimg.com/profile_images/849270757016260608/iPlK3Odx_normal.jpg","profile_banner_url":"https://pbs.twimg.com/profile_banners/264626613/1492508569","profile_link_color":"CC3366","profile_sidebar_border_color":"FFFFFF","profile_sidebar_fill_color":"E6F6F9","profile_text_color":"333333","profile_use_background_image":true,"has_extended_profile":false,"default_profile":false,"default_profile_image":false,"following":false,"follow_request_sent":false,"notifications":false,"translator_type":"none"},"geo":null,"coordinates":null,"place":null,"contributors":null,"is_quote_status":false,"retweet_count":1062,"favorite_count":908,"favorited":false,"retweeted":false,"lang":"ja"},{"created_at":"Thu Jul 20 16:11:31 +0000 2017","id":888068865418158100,"id_str":"888068865418158081","text":"🎉本日公開！\n怪盗グルーの #ミニオン大脱走\n\n🍌連続プレゼントキャンペーン中🍌\n🎁#ミニオン のぬいぐるみが当たる‼️\n\n応募は@UNITED_CINEMASをフォローして、この投稿をRT\n\n詳細… https://t.co/U4SqM5yZ4l","truncated":true,"entities":{"hashtags":[{"text":"ミニオン大脱走","indices":[14,22]},{"text":"ミニオン","indices":[42,47]}],"symbols":[],"user_mentions":[{"screen_name":"UNITED_CINEMAS","name":"ユナイテッド・シネマ公式","id":198949082,"id_str":"198949082","indices":[65,80]}],"urls":[{"url":"https://t.co/U4SqM5yZ4l","expanded_url":"https://twitter.com/i/web/status/888068865418158081","display_url":"twitter.com/i/web/status/8…","indices":[101,124]}]},"metadata":{"iso_language_code":"ja","result_type":"recent"},"source":"<a href=\"http://twitter.com\" rel=\"nofollow\">Twitter Web Client</a>","in_reply_to_status_id":null,"in_reply_to_status_id_str":null,"in_reply_to_user_id":null,"in_reply_to_user_id_str":null,"in_reply_to_screen_name":null,"user":{"id":198949082,"id_str":"198949082","name":"ユナイテッド・シネマ公式","screen_name":"UNITED_CINEMAS","location":"＊ユナイテッド・シネマ グループの映画館","description":"ユナイテッド・シネマの公式アカウントです。映画情報はもちろん、オススメのエンタメ賞品が当たるフォロー&RTキャンペーンも連続実施中！フォローしてね！#映画 #映画館 📽️🎬🍿","url":"http://t.co/ppFAfeHl8J","entities":{"url":{"urls":[{"url":"http://t.co/ppFAfeHl8J","expanded_url":"http://www.unitedcinemas.jp","display_url":"unitedcinemas.jp","indices":[0,22]}]},"description":{"urls":[]}},"protected":false,"followers_count":131140,"friends_count":20679,"listed_count":822,"created_at":"Tue Oct 05 17:09:05 +0000 2010","favourites_count":21,"utc_offset":32400,"time_zone":"Tokyo","geo_enabled":false,"verified":true,"statuses_count":2992,"lang":"ja","contributors_enabled":false,"is_translator":false,"is_translation_enabled":false,"profile_background_color":"ABB8C2","profile_background_image_url":"http://abs.twimg.com/images/themes/theme1/bg.png","profile_background_image_url_https":"https://abs.twimg.com/images/themes/theme1/bg.png","profile_background_tile":false,"profile_image_url":"http://pbs.twimg.com/profile_images/857443773231513600/PRdKnkLq_normal.jpg","profile_image_url_https":"https://pbs.twimg.com/profile_images/857443773231513600/PRdKnkLq_normal.jpg","profile_banner_url":"https://pbs.twimg.com/profile_banners/198949082/1498810521","profile_link_color":"3B94D9","profile_sidebar_border_color":"C0DEED","profile_sidebar_fill_color":"003249","profile_text_color":"9B9BA3","profile_use_background_image":false,"has_extended_profile":false,"default_profile":false,"default_profile_image":false,"following":false,"follow_request_sent":false,"notifications":false,"translator_type":"none"},"geo":null,"coordinates":null,"place":null,"contributors":null,"is_quote_status":false,"retweet_count":1260,"favorite_count":229,"favorited":false,"retweeted":false,"possibly_sensitive":false,"lang":"ja"},{"created_at":"Thu Jul 20 16:08:12 +0000 2017","id":888068029015179300,"id_str":"888068029015179268","text":"🎉本日公開！\n怪盗グルーの #ミニオン大脱走\n\n🍌連続プレゼントキャンペーン中🍌\n🎁#ミニオン のブランケットが当たる‼️\n\n応募は@UNITED_CINEMASをフォローして、この投稿をRT\n\n詳細… https://t.co/MKsK1uVDR8","truncated":true,"entities":{"hashtags":[{"text":"ミニオン大脱走","indices":[14,22]},{"text":"ミニオン","indices":[42,47]}],"symbols":[],"user_mentions":[{"screen_name":"UNITED_CINEMAS","name":"ユナイテッド・シネマ公式","id":198949082,"id_str":"198949082","indices":[66,81]}],"urls":[{"url":"https://t.co/MKsK1uVDR8","expanded_url":"https://twitter.com/i/web/status/888068029015179268","display_url":"twitter.com/i/web/status/8…","indices":[102,125]}]},"metadata":{"iso_language_code":"ja","result_type":"recent"},"source":"<a href=\"http://twitter.com\" rel=\"nofollow\">Twitter Web Client</a>","in_reply_to_status_id":null,"in_reply_to_status_id_str":null,"in_reply_to_user_id":null,"in_reply_to_user_id_str":null,"in_reply_to_screen_name":null,"user":{"id":198949082,"id_str":"198949082","name":"ユナイテッド・シネマ公式","screen_name":"UNITED_CINEMAS","location":"＊ユナイテッド・シネマ グループの映画館","description":"ユナイテッド・シネマの公式アカウントです。映画情報はもちろん、オススメのエンタメ賞品が当たるフォロー&RTキャンペーンも連続実施中！フォローしてね！#映画 #映画館 📽️🎬🍿","url":"http://t.co/ppFAfeHl8J","entities":{"url":{"urls":[{"url":"http://t.co/ppFAfeHl8J","expanded_url":"http://www.unitedcinemas.jp","display_url":"unitedcinemas.jp","indices":[0,22]}]},"description":{"urls":[]}},"protected":false,"followers_count":131140,"friends_count":20679,"listed_count":822,"created_at":"Tue Oct 05 17:09:05 +0000 2010","favourites_count":21,"utc_offset":32400,"time_zone":"Tokyo","geo_enabled":false,"verified":true,"statuses_count":2992,"lang":"ja","contributors_enabled":false,"is_translator":false,"is_translation_enabled":false,"profile_background_color":"ABB8C2","profile_background_image_url":"http://abs.twimg.com/images/themes/theme1/bg.png","profile_background_image_url_https":"https://abs.twimg.com/images/themes/theme1/bg.png","profile_background_tile":false,"profile_image_url":"http://pbs.twimg.com/profile_images/857443773231513600/PRdKnkLq_normal.jpg","profile_image_url_https":"https://pbs.twimg.com/profile_images/857443773231513600/PRdKnkLq_normal.jpg","profile_banner_url":"https://pbs.twimg.com/profile_banners/198949082/1498810521","profile_link_color":"3B94D9","profile_sidebar_border_color":"C0DEED","profile_sidebar_fill_color":"003249","profile_text_color":"9B9BA3","profile_use_background_image":false,"has_extended_profile":false,"default_profile":false,"default_profile_image":false,"following":false,"follow_request_sent":false,"notifications":false,"translator_type":"none"},"geo":null,"coordinates":null,"place":null,"contributors":null,"is_quote_status":false,"retweet_count":1130,"favorite_count":201,"favorited":false,"retweeted":false,"possibly_sensitive":false,"lang":"ja"},{"created_at":"Thu Jul 20 16:04:50 +0000 2017","id":888067183732965400,"id_str":"888067183732965376","text":"🎉本日公開！\n怪盗グルーの #ミニオン大脱走\n\n🍌連続プレゼントキャンペーン中🍌\n🎁#ミニオン のランチボックスが当たる‼️\n\n応募は@UNITED_CINEMASをフォローして、この投稿をRT\n\n詳細… https://t.co/zi7K2HSUff","truncated":true,"entities":{"hashtags":[{"text":"ミニオン大脱走","indices":[14,22]},{"text":"ミニオン","indices":[42,47]}],"symbols":[],"user_mentions":[{"screen_name":"UNITED_CINEMAS","name":"ユナイテッド・シネマ公式","id":198949082,"id_str":"198949082","indices":[67,82]}],"urls":[{"url":"https://t.co/zi7K2HSUff","expanded_url":"https://twitter.com/i/web/status/888067183732965376","display_url":"twitter.com/i/web/status/8…","indices":[103,126]}]},"metadata":{"iso_language_code":"ja","result_type":"recent"},"source":"<a href=\"http://twitter.com\" rel=\"nofollow\">Twitter Web Client</a>","in_reply_to_status_id":null,"in_reply_to_status_id_str":null,"in_reply_to_user_id":null,"in_reply_to_user_id_str":null,"in_reply_to_screen_name":null,"user":{"id":198949082,"id_str":"198949082","name":"ユナイテッド・シネマ公式","screen_name":"UNITED_CINEMAS","location":"＊ユナイテッド・シネマ グループの映画館","description":"ユナイテッド・シネマの公式アカウントです。映画情報はもちろん、オススメのエンタメ賞品が当たるフォロー&RTキャンペーンも連続実施中！フォローしてね！#映画 #映画館 📽️🎬🍿","url":"http://t.co/ppFAfeHl8J","entities":{"url":{"urls":[{"url":"http://t.co/ppFAfeHl8J","expanded_url":"http://www.unitedcinemas.jp","display_url":"unitedcinemas.jp","indices":[0,22]}]},"description":{"urls":[]}},"protected":false,"followers_count":131140,"friends_count":20679,"listed_count":822,"created_at":"Tue Oct 05 17:09:05 +0000 2010","favourites_count":21,"utc_offset":32400,"time_zone":"Tokyo","geo_enabled":false,"verified":true,"statuses_count":2992,"lang":"ja","contributors_enabled":false,"is_translator":false,"is_translation_enabled":false,"profile_background_color":"ABB8C2","profile_background_image_url":"http://abs.twimg.com/images/themes/theme1/bg.png","profile_background_image_url_https":"https://abs.twimg.com/images/themes/theme1/bg.png","profile_background_tile":false,"profile_image_url":"http://pbs.twimg.com/profile_images/857443773231513600/PRdKnkLq_normal.jpg","profile_image_url_https":"https://pbs.twimg.com/profile_images/857443773231513600/PRdKnkLq_normal.jpg","profile_banner_url":"https://pbs.twimg.com/profile_banners/198949082/1498810521","profile_link_color":"3B94D9","profile_sidebar_border_color":"C0DEED","profile_sidebar_fill_color":"003249","profile_text_color":"9B9BA3","profile_use_background_image":false,"has_extended_profile":false,"default_profile":false,"default_profile_image":false,"following":false,"follow_request_sent":false,"notifications":false,"translator_type":"none"},"geo":null,"coordinates":null,"place":null,"contributors":null,"is_quote_status":false,"retweet_count":1111,"favorite_count":218,"favorited":false,"retweeted":false,"possibly_sensitive":false,"lang":"ja"},{"created_at":"Thu Jul 20 16:02:04 +0000 2017","id":888066488002691100,"id_str":"888066488002691072","text":"3時間楽しかったしフリーザだった #祝キンキ20 #doya","truncated":false,"entities":{"hashtags":[{"text":"祝キンキ20","indices":[17,24]},{"text":"doya","indices":[25,30]}],"symbols":[],"user_mentions":[],"urls":[]},"metadata":{"iso_language_code":"ja","result_type":"recent"},"source":"<a href=\"http://twitter.com/download/iphone\" rel=\"nofollow\">Twitter for iPhone</a>","in_reply_to_status_id":null,"in_reply_to_status_id_str":null,"in_reply_to_user_id":null,"in_reply_to_user_id_str":null,"in_reply_to_screen_name":null,"user":{"id":120200591,"id_str":"120200591","name":"堂島孝平","screen_name":"Dojima_Kohei","location":"Tokyo","description":"ミュージシャン / シンガー・ソングライターです。いろいろと活動しています。今年も9月からSOLO TOUR【名古屋/広島/岡山/京都/札幌/仙台/東京/高知/高松/新潟/熊本/福岡/大阪】が始まります。オフィシャルのアナウンスは @DJKH_STAFF で。サンフレッチェ広島が好きです。","url":"https://t.co/XNj3hY5Tww","entities":{"url":{"urls":[{"url":"https://t.co/XNj3hY5Tww","expanded_url":"http://www.djkh.jp","display_url":"djkh.jp","indices":[0,23]}]},"description":{"urls":[]}},"protected":false,"followers_count":36738,"friends_count":869,"listed_count":1361,"created_at":"Fri Mar 05 19:33:12 +0000 2010","favourites_count":133,"utc_offset":32400,"time_zone":"Tokyo","geo_enabled":false,"verified":false,"statuses_count":17204,"lang":"ja","contributors_enabled":false,"is_translator":false,"is_translation_enabled":false,"profile_background_color":"C0DEED","profile_background_image_url":"http://pbs.twimg.com/profile_background_images/529542271822090240/9aM8D2v4.jpeg","profile_background_image_url_https":"https://pbs.twimg.com/profile_background_images/529542271822090240/9aM8D2v4.jpeg","profile_background_tile":true,"profile_image_url":"http://pbs.twimg.com/profile_images/838734220897890304/27SAXji2_normal.jpg","profile_image_url_https":"https://pbs.twimg.com/profile_images/838734220897890304/27SAXji2_normal.jpg","profile_banner_url":"https://pbs.twimg.com/profile_banners/120200591/1488805171","profile_link_color":"981CEB","profile_sidebar_border_color":"FFFFFF","profile_sidebar_fill_color":"FFFFFF","profile_text_color":"333333","profile_use_background_image":true,"has_extended_profile":false,"default_profile":false,"default_profile_image":false,"following":false,"follow_request_sent":false,"notifications":false,"translator_type":"none"},"geo":null,"coordinates":null,"place":null,"contributors":null,"is_quote_status":false,"retweet_count":2912,"favorite_count":3876,"favorited":false,"retweeted":false,"lang":"ja"},{"created_at":"Thu Jul 20 16:01:30 +0000 2017","id":888066343265681400,"id_str":"888066343265681408","text":"อะไรคือการที่คนเกาหลีพูดกับคนญี่ปุ่นว่า すみません。แล้วคนญี่ปุ่นตอบคนเกาหลีกลับว่า 아니에요 https://t.co/Z8P0eegs1X","truncated":false,"entities":{"hashtags":[],"symbols":[],"user_mentions":[],"urls":[],"media":[{"id":888057549051764700,"id_str":"888057549051764736","indices":[83,106],"media_url":"http://pbs.twimg.com/ext_tw_video_thumb/888057549051764736/pu/img/pibxOD_c5zOJwFML.jpg","media_url_https":"https://pbs.twimg.com/ext_tw_video_thumb/888057549051764736/pu/img/pibxOD_c5zOJwFML.jpg","url":"https://t.co/Z8P0eegs1X","display_url":"pic.twitter.com/Z8P0eegs1X","expanded_url":"https://twitter.com/JBJ_787/status/888057769160458241/video/1","type":"photo","sizes":{"small":{"w":340,"h":191,"resize":"fit"},"thumb":{"w":150,"h":150,"resize":"crop"},"medium":{"w":600,"h":338,"resize":"fit"},"large":{"w":1024,"h":576,"resize":"fit"}},"source_status_id":888057769160458200,"source_status_id_str":"888057769160458241","source_user_id":876820704481525800,"source_user_id_str":"876820704481525760"}]},"extended_entities":{"media":[{"id":888057549051764700,"id_str":"888057549051764736","indices":[83,106],"media_url":"http://pbs.twimg.com/ext_tw_video_thumb/888057549051764736/pu/img/pibxOD_c5zOJwFML.jpg","media_url_https":"https://pbs.twimg.com/ext_tw_video_thumb/888057549051764736/pu/img/pibxOD_c5zOJwFML.jpg","url":"https://t.co/Z8P0eegs1X","display_url":"pic.twitter.com/Z8P0eegs1X","expanded_url":"https://twitter.com/JBJ_787/status/888057769160458241/video/1","type":"video","sizes":{"small":{"w":340,"h":191,"resize":"fit"},"thumb":{"w":150,"h":150,"resize":"crop"},"medium":{"w":600,"h":338,"resize":"fit"},"large":{"w":1024,"h":576,"resize":"fit"}},"source_status_id":888057769160458200,"source_status_id_str":"888057769160458241","source_user_id":876820704481525800,"source_user_id_str":"876820704481525760","video_info":{"aspect_ratio":[16,9],"duration_millis":17407,"variants":[{"bitrate":2176000,"content_type":"video/mp4","url":"https://video.twimg.com/ext_tw_video/888057549051764736/pu/vid/1280x720/-jg87EOsjPm4CrSM.mp4"},{"bitrate":832000,"content_type":"video/mp4","url":"https://video.twimg.com/ext_tw_video/888057549051764736/pu/vid/640x360/aR6bJr3NKEJi2z8Q.mp4"},{"bitrate":320000,"content_type":"video/mp4","url":"https://video.twimg.com/ext_tw_video/888057549051764736/pu/vid/320x180/TCbw5Qiq47YDpBuS.mp4"},{"content_type":"application/x-mpegURL","url":"https://video.twimg.com/ext_tw_video/888057549051764736/pu/pl/Bnaf-SmWVHNdFIBV.m3u8"}]},"additional_media_info":{"monetizable":false}}]},"metadata":{"iso_language_code":"ja","result_type":"recent"},"source":"<a href=\"http://twitter.com/#!/download/ipad\" rel=\"nofollow\">Twitter for iPad</a>","in_reply_to_status_id":null,"in_reply_to_status_id_str":null,"in_reply_to_user_id":null,"in_reply_to_user_id_str":null,"in_reply_to_screen_name":null,"user":{"id":168962671,"id_str":"168962671","name":"nsome 🐣","screen_name":"NSOME_","location":"under the sea","description":"i left my heart in seoul.","url":null,"entities":{"description":{"urls":[]}},"protected":false,"followers_count":14611,"friends_count":99,"listed_count":29,"created_at":"Wed Jul 21 05:40:36 +0000 2010","favourites_count":3234,"utc_offset":-21600,"time_zone":"Mountain Time (US & Canada)","geo_enabled":true,"verified":false,"statuses_count":71978,"lang":"th","contributors_enabled":false,"is_translator":false,"is_translation_enabled":false,"profile_background_color":"FFFFFF","profile_background_image_url":"http://pbs.twimg.com/profile_background_images/378800000042565741/0a5a166594f39bbc1cf3d6575c4b97f0.jpeg","profile_background_image_url_https":"https://pbs.twimg.com/profile_background_images/378800000042565741/0a5a166594f39bbc1cf3d6575c4b97f0.jpeg","profile_background_tile":false,"profile_image_url":"http://pbs.twimg.com/profile_images/887664233894207488/3flakayo_normal.jpg","profile_image_url_https":"https://pbs.twimg.com/profile_images/887664233894207488/3flakayo_normal.jpg","profile_banner_url":"https://pbs.twimg.com/profile_banners/168962671/1472977714","profile_link_color":"FF503D","profile_sidebar_border_color":"FFFFFF","profile_sidebar_fill_color":"FFBB33","profile_text_color":"62608F","profile_use_background_image":true,"has_extended_profile":true,"default_profile":false,"default_profile_image":false,"following":false,"follow_request_sent":false,"notifications":false,"translator_type":"none"},"geo":null,"coordinates":null,"place":null,"contributors":null,"is_quote_status":false,"retweet_count":798,"favorite_count":76,"favorited":false,"retweeted":false,"possibly_sensitive":false,"lang":"ja"},{"created_at":"Thu Jul 20 16:00:09 +0000 2017","id":888066003040522200,"id_str":"888066003040522241","text":"コミックボンボンがWebで復活！pixivコミックで毎週金曜更新 https://t.co/jhpaAnR004 https://t.co/TqWcZK1mi2","truncated":false,"entities":{"hashtags":[],"symbols":[],"user_mentions":[],"urls":[{"url":"https://t.co/jhpaAnR004","expanded_url":"http://natalie.mu/comic/news/241660","display_url":"natalie.mu/comic/news/241…","indices":[33,56]}],"media":[{"id":888065999831879700,"id_str":"888065999831879680","indices":[57,80],"media_url":"http://pbs.twimg.com/media/DFMLUlkU0AAmBnj.jpg","media_url_https":"https://pbs.twimg.com/media/DFMLUlkU0AAmBnj.jpg","url":"https://t.co/TqWcZK1mi2","display_url":"pic.twitter.com/TqWcZK1mi2","expanded_url":"https://twitter.com/comic_natalie/status/888066003040522241/photo/1","type":"photo","sizes":{"small":{"w":440,"h":640,"resize":"fit"},"large":{"w":440,"h":640,"resize":"fit"},"thumb":{"w":150,"h":150,"resize":"crop"},"medium":{"w":440,"h":640,"resize":"fit"}}}]},"extended_entities":{"media":[{"id":888065999831879700,"id_str":"888065999831879680","indices":[57,80],"media_url":"http://pbs.twimg.com/media/DFMLUlkU0AAmBnj.jpg","media_url_https":"https://pbs.twimg.com/media/DFMLUlkU0AAmBnj.jpg","url":"https://t.co/TqWcZK1mi2","display_url":"pic.twitter.com/TqWcZK1mi2","expanded_url":"https://twitter.com/comic_natalie/status/888066003040522241/photo/1","type":"photo","sizes":{"small":{"w":440,"h":640,"resize":"fit"},"large":{"w":440,"h":640,"resize":"fit"},"thumb":{"w":150,"h":150,"resize":"crop"},"medium":{"w":440,"h":640,"resize":"fit"}}}]},"metadata":{"iso_language_code":"ja","result_type":"recent"},"source":"<a href=\"http://natalie.mu/comic\" rel=\"nofollow\">comic_natalie</a>","in_reply_to_status_id":null,"in_reply_to_status_id_str":null,"in_reply_to_user_id":null,"in_reply_to_user_id_str":null,"in_reply_to_screen_name":null,"user":{"id":18622184,"id_str":"18622184","name":"コミックナタリー","screen_name":"comic_natalie","location":"東京","description":"マンガのニュースを毎日発信するコミックナタリーの記事ヘッドラインをお届け。音楽ナタリー（@natalie_mu）、お笑いナタリー（@owarai_natalie）、映画ナタリー（@eiga_natalie）、ステージナタリー（@stage_natalie）ナタリーストア（@natalie_store）も併せてどうぞ。","url":"http://t.co/oDRqtG4rhU","entities":{"url":{"urls":[{"url":"http://t.co/oDRqtG4rhU","expanded_url":"http://natalie.mu/comic","display_url":"natalie.mu/comic","indices":[0,22]}]},"description":{"urls":[]}},"protected":false,"followers_count":323975,"friends_count":6,"listed_count":9754,"created_at":"Mon Jan 05 03:33:30 +0000 2009","favourites_count":57,"utc_offset":32400,"time_zone":"Tokyo","geo_enabled":false,"verified":true,"statuses_count":54439,"lang":"ja","contributors_enabled":false,"is_translator":false,"is_translation_enabled":false,"profile_background_color":"E4E0D9","profile_background_image_url":"http://pbs.twimg.com/profile_background_images/4244500/comic_bg.png","profile_background_image_url_https":"https://pbs.twimg.com/profile_background_images/4244500/comic_bg.png","profile_background_tile":false,"profile_image_url":"http://pbs.twimg.com/profile_images/541890424114126848/EEFqjOib_normal.png","profile_image_url_https":"https://pbs.twimg.com/profile_images/541890424114126848/EEFqjOib_normal.png","profile_banner_url":"https://pbs.twimg.com/profile_banners/18622184/1418031708","profile_link_color":"7DB739","profile_sidebar_border_color":"E4E0D9","profile_sidebar_fill_color":"FFFFFF","profile_text_color":"333333","profile_use_background_image":true,"has_extended_profile":false,"default_profile":false,"default_profile_image":false,"following":false,"follow_request_sent":false,"notifications":false,"translator_type":"none"},"geo":null,"coordinates":null,"place":null,"contributors":null,"is_quote_status":false,"retweet_count":859,"favorite_count":435,"favorited":false,"retweeted":false,"possibly_sensitive":false,"lang":"ja"},{"created_at":"Thu Jul 20 15:59:11 +0000 2017","id":888065761280892900,"id_str":"888065761280892928","text":"「Youたちいよいよハタチだね！〜KinKi Kidsどんなもんヤ！3時間生放送スペシャル！」最後までありがとうございました！！また来週月曜のどんなもんヤ！でお会いしましょう！#KinKi　Kids　forever　#祝キンキ20","truncated":false,"entities":{"hashtags":[{"text":"KinKi","indices":[88,94]},{"text":"祝キンキ20","indices":[108,115]}],"symbols":[],"user_mentions":[],"urls":[]},"metadata":{"iso_language_code":"ja","result_type":"recent"},"source":"<a href=\"http://twipple.jp/\" rel=\"nofollow\">ついっぷる　</a>","in_reply_to_status_id":null,"in_reply_to_status_id_str":null,"in_reply_to_user_id":null,"in_reply_to_user_id_str":null,"in_reply_to_screen_name":null,"user":{"id":1511776262,"id_str":"1511776262","name":"レコメン！","screen_name":"reco_oshirase","location":"東京都港区浜松町","description":"レコメン！公式アカウント！月～木曜22～25時OA！月～水曜オテンキのり、木曜関ジャニ∞村上信五ジャニーズWEST桐山照史・中間淳太生放送！SexyZone、欅坂46菅井友香、佐野ひなこ、KinKi Kids、芳根京子、小池美由、NEWS、大友花恋、乃木坂46堀未央奈、Kis-My-Ft2、Hey!Say!7、今井翼！","url":"https://t.co/qHW4dS4DUC","entities":{"url":{"urls":[{"url":"https://t.co/qHW4dS4DUC","expanded_url":"http://www.joqr.co.jp/reco/","display_url":"joqr.co.jp/reco/","indices":[0,23]}]},"description":{"urls":[]}},"protected":false,"followers_count":86030,"friends_count":26,"listed_count":499,"created_at":"Wed Jun 12 22:19:29 +0000 2013","favourites_count":1,"utc_offset":null,"time_zone":null,"geo_enabled":false,"verified":false,"statuses_count":12451,"lang":"ja","contributors_enabled":false,"is_translator":false,"is_translation_enabled":false,"profile_background_color":"C0DEED","profile_background_image_url":"http://abs.twimg.com/images/themes/theme1/bg.png","profile_background_image_url_https":"https://abs.twimg.com/images/themes/theme1/bg.png","profile_background_tile":false,"profile_image_url":"http://pbs.twimg.com/profile_images/344513261570587170/950965a47a23870ccc37c320f34400ec_normal.png","profile_image_url_https":"https://pbs.twimg.com/profile_images/344513261570587170/950965a47a23870ccc37c320f34400ec_normal.png","profile_link_color":"1DA1F2","profile_sidebar_border_color":"C0DEED","profile_sidebar_fill_color":"DDEEF6","profile_text_color":"333333","profile_use_background_image":true,"has_extended_profile":false,"default_profile":true,"default_profile_image":false,"following":false,"follow_request_sent":false,"notifications":false,"translator_type":"none"},"geo":null,"coordinates":null,"place":null,"contributors":null,"is_quote_status":false,"retweet_count":1195,"favorite_count":1476,"favorited":false,"retweeted":false,"lang":"ja"},{"created_at":"Thu Jul 20 15:58:26 +0000 2017","id":888065572826603500,"id_str":"888065572826603521","text":"しっかりと謝りたい剛さんと、ひとりで謝らせる気なんてさらさらない光一さん。世界一優しい攻防戦。","truncated":false,"entities":{"hashtags":[],"symbols":[],"user_mentions":[],"urls":[]},"metadata":{"iso_language_code":"ja","result_type":"recent"},"source":"<a href=\"http://twitter.com/download/android\" rel=\"nofollow\">Twitter for Android</a>","in_reply_to_status_id":null,"in_reply_to_status_id_str":null,"in_reply_to_user_id":null,"in_reply_to_user_id_str":null,"in_reply_to_screen_name":null,"user":{"id":4695351206,"id_str":"4695351206","name":"もっとも","screen_name":"mottomomotto2_2","location":"〜約束の地(ハマスタ)〜","description":"KinKi王国領の沼に棲息。\nふたりの国王にしあわせ税を収めるため、働く日々。KinKiKidsが何よりのご褒美です！","url":null,"entities":{"description":{"urls":[]}},"protected":false,"followers_count":296,"friends_count":86,"listed_count":8,"created_at":"Sat Jan 02 10:15:00 +0000 2016","favourites_count":10197,"utc_offset":-25200,"time_zone":"Pacific Time (US & Canada)","geo_enabled":false,"verified":false,"statuses_count":14663,"lang":"ja","contributors_enabled":false,"is_translator":false,"is_translation_enabled":false,"profile_background_color":"F5F8FA","profile_background_image_url":null,"profile_background_image_url_https":null,"profile_background_tile":false,"profile_image_url":"http://pbs.twimg.com/profile_images/683232608323416064/t_5OYaeS_normal.jpg","profile_image_url_https":"https://pbs.twimg.com/profile_images/683232608323416064/t_5OYaeS_normal.jpg","profile_banner_url":"https://pbs.twimg.com/profile_banners/4695351206/1461337523","profile_link_color":"1DA1F2","profile_sidebar_border_color":"C0DEED","profile_sidebar_fill_color":"DDEEF6","profile_text_color":"333333","profile_use_background_image":true,"has_extended_profile":false,"default_profile":true,"default_profile_image":false,"following":false,"follow_request_sent":false,"notifications":false,"translator_type":"none"},"geo":null,"coordinates":null,"place":null,"contributors":null,"is_quote_status":false,"retweet_count":613,"favorite_count":727,"favorited":false,"retweeted":false,"lang":"ja"}],"search_metadata":{"completed_in":0.207,"max_id":888115590052798500,"max_id_str":"888115590052798465","next_results":"?max_id=888065572826603520&q=lang%3Aja%20min_retweets%3A500&include_entities=1","query":"lang%3Aja+min_retweets%3A500","refresh_url":"?since_id=888115590052798465&q=lang%3Aja%20min_retweets%3A500&include_entities=1","count":15,"since_id":0,"since_id_str":"0"}}