{"statuses":[{"created_at":"Thu Jul 20 02:11:35 +0000 2017","id":887857487885475800,"id_str":"887857487885475840","text":"大阪待ってろ! 🚂🇯🇵 https://t.co/ytVDklWkch","truncated":false,"entities":{"hashtags":[],"symbols":[],"user_mentions":[],"urls":[],"media":[{"id":887857485943513100,"id_str":"887857485943513088","indices":[12,35],"media_url":"http://pbs.twimg.com/media/DFJNrezVoAACftv.jpg","media_url_https":"https://pbs.twimg.com/media/DFJNrezVoAACftv.jpg","url":"https://t.co/ytVDklWkch","display_url":"pic.twitter.com/ytVDklWkch","expanded_url":"https://twitter.com/AustinMahone/status/887857487885475840/photo/1","type":"photo","sizes":{"small":{"w":680,"h":453,"resize":"fit"},"large":{"w":1024,"h":682,"resize":"fit"},"thumb":{"w":150,"h":150,"resize":"crop"},"medium":{"w":1024,"h":682,"resize":"fit"}}}]},"extended_entities":{"media":[{"id":887857485943513100,"id_str":"887857485943513088","indices":[12,35],"media_url":"http://pbs.twimg.com/media/DFJNrezVoAACftv.jpg","media_url_https":"https://pbs.twimg.com/media/DFJNrezVoAACftv.jpg","url":"https://t.co/ytVDklWkch","display_url":"pic.twitter.com/ytVDklWkch","expanded_url":"https://twitter.com/AustinMahone/status/887857487885475840/photo/1","type":"photo","sizes":{"small":{"w":680,"h":453,"resize":"fit"},"large":{"w":1024,"h":682,"resize":"fit"},"thumb":{"w":150,"h":150,"resize":"crop"},"medium":{"w":1024,"h":682,"resize":"fit"}}}]},"metadata":{"iso_language_code":"ja","result_type":"recent"},"source":"<a href=\"http://twitter.com/download/iphone\" rel=\"nofollow\">Twitter for iPhone</a>","in_reply_to_status_id":null,"in_reply_to_status_id_str":null,"in_reply_to_user_id":null,"in_reply_to_user_id_str":null,"in_reply_to_screen_name":null,"user":{"id":196795202,"id_str":"196795202","name":"Austin Mahone","screen_name":"AustinMahone","location":"Miami, FL","description":"Better With You music vid OUT NOW! Snapchat= YungMahone - NEW 2017 TOUR DATES UP ON https://t.co/hxIivJMtmL","url":"https://t.co/eZhIPxRNRF","entities":{"url":{"urls":[{"url":"https://t.co/eZhIPxRNRF","expanded_url":"http://www.youtube.com/watch?v=PEO5XaZvKbM","display_url":"youtube.com/watch?v=PEO5Xa…","indices":[0,23]}]},"description":{"urls":[{"url":"https://t.co/hxIivJMtmL","expanded_url":"http://AustinMahone.com","display_url":"AustinMahone.com","indices":[84,107]}]}},"protected":false,"followers_count":9938525,"friends_count":79048,"listed_count":20493,"created_at":"Wed Sep 29 22:53:34 +0000 2010","favourites_count":4884,"utc_offset":-18000,"time_zone":"Central Time (US & Canada)","geo_enabled":true,"verified":true,"statuses_count":40750,"lang":"en","contributors_enabled":false,"is_translator":false,"is_translation_enabled":true,"profile_background_color":"000000","profile_background_image_url":"http://pbs.twimg.com/profile_background_images/457179199141203968/VB9faNj0.jpeg","profile_background_image_url_https":"https://pbs.twimg.com/profile_background_images/457179199141203968/VB9faNj0.jpeg","profile_background_tile":true,"profile_image_url":"http://pbs.twimg.com/profile_images/882026678888910848/YIpKPrJk_normal.jpg","profile_image_url_https":"https://pbs.twimg.com/profile_images/882026678888910848/YIpKPrJk_normal.jpg","profile_banner_url":"https://pbs.twimg.com/profile_banners/196795202/1498865527","profile_link_color":"89C9FA","profile_sidebar_border_color":"000000","profile_sidebar_fill_color":"252429","profile_text_color":"666666","profile_use_background_image":false,"has_extended_profile":true,"default_profile":false,"default_profile_image":false,"following":false,"follow_request_sent":false,"notifications":false,"translator_type":"regular"},"geo":null,"coordinates":null,"place":null,"contributors":null,"is_quote_status":false,"retweet_count":584,"favorite_count":1525,"favorited":false,"retweeted":false,"possibly_sensitive":false,"lang":"ja"},{"created_at":"Thu Jul 20 02:00:09 +0000 2017","id":887854610831953900,"id_str":"887854610831953920","text":"サーティワンの新作「アイスクリームピザ」ブラウニー生地×アイス、手づかみで楽しむ新感覚スイーツ - https://t.co/7cgAWJU4kf https://t.co/r30PH4ZQtW","truncated":false,"entities":{"hashtags":[],"symbols":[],"user_mentions":[],"urls":[{"url":"https://t.co/7cgAWJU4kf","expanded_url":"https://www.fashion-press.net/news/32219","display_url":"fashion-press.net/news/32219","indices":[50,73]}],"media":[{"id":887854596734853100,"id_str":"887854596734853121","indices":[74,97],"media_url":"http://pbs.twimg.com/media/DFJLDTqUIAEc_f_.jpg","media_url_https":"https://pbs.twimg.com/media/DFJLDTqUIAEc_f_.jpg","url":"https://t.co/r30PH4ZQtW","display_url":"pic.twitter.com/r30PH4ZQtW","expanded_url":"https://twitter.com/fashionpressnet/status/887854610831953920/photo/1","type":"photo","sizes":{"large":{"w":680,"h":471,"resize":"fit"},"small":{"w":680,"h":471,"resize":"fit"},"medium":{"w":680,"h":471,"resize":"fit"},"thumb":{"w":150,"h":150,"resize":"crop"}}}]},"extended_entities":{"media":[{"id":887854596734853100,"id_str":"887854596734853121","indices":[74,97],"media_url":"http://pbs.twimg.com/media/DFJLDTqUIAEc_f_.jpg","media_url_https":"https://pbs.twimg.com/media/DFJLDTqUIAEc_f_.jpg","url":"https://t.co/r30PH4ZQtW","display_url":"pic.twitter.com/r30PH4ZQtW","expanded_url":"https://twitter.com/fashionpressnet/status/887854610831953920/photo/1","type":"photo","sizes":{"large":{"w":680,"h":471,"resize":"fit"},"small":{"w":680,"h":471,"resize":"fit"},"medium":{"w":680,"h":471,"resize":"fit"},"thumb":{"w":150,"h":150,"resize":"crop"}}},{"id":887854601302556700,"id_str":"887854601302556673","indices":[74,97],"media_url":"http://pbs.twimg.com/media/DFJLDkrVwAEA__7.jpg","media_url_https":"https://pbs.twimg.com/media/DFJLDkrVwAEA__7.jpg","url":"https://t.co/r30PH4ZQtW","display_url":"pic.twitter.com/r30PH4ZQtW","expanded_url":"https://twitter.com/fashionpressnet/status/887854610831953920/photo/1","type":"photo","sizes":{"medium":{"w":680,"h":453,"resize":"fit"},"small":{"w":680,"h":453,"resize":"fit"},"thumb":{"w":150,"h":150,"resize":"crop"},"large":{"w":680,"h":453,"resize":"fit"}}},{"id":887854607421939700,"id_str":"887854607421939712","indices":[74,97],"media_url":"http://pbs.twimg.com/media/DFJLD7eUIAA8SaN.jpg","media_url_https":"https://pbs.twimg.com/media/DFJLD7eUIAA8SaN.jpg","url":"https://t.co/r30PH4ZQtW","display_url":"pic.twitter.com/r30PH4ZQtW","expanded_url":"https://twitter.com/fashionpressnet/status/887854610831953920/photo/1","type":"photo","sizes":{"medium":{"w":680,"h":453,"resize":"fit"},"small":{"w":680,"h":453,"resize":"fit"},"thumb":{"w":150,"h":150,"resize":"crop"},"large":{"w":680,"h":453,"resize":"fit"}}}]},"metadata":{"iso_language_code":"ja","result_type":"recent"},"source":"<a href=\"http://www.fashion-press.net/\" rel=\"nofollow\">Fashion Press</a>","in_reply_to_status_id":null,"in_reply_to_status_id_str":null,"in_reply_to_user_id":null,"in_reply_to_user_id_str":null,"in_reply_to_screen_name":null,"user":{"id":168816611,"id_str":"168816611","name":"Fashion Press","screen_name":"fashionpressnet","location":"","description":"ファッションWEBマガジン「ファッションプレス」公式アカウント。 【Instagram】http://t.co/3myapCJ1Ax【Facebook】http://t.co/8FFmQA2set","url":"http://t.co/rSEGQEqMH0","entities":{"url":{"urls":[{"url":"http://t.co/rSEGQEqMH0","expanded_url":"http://www.fashion-press.net/","display_url":"fashion-press.net","indices":[0,22]}]},"description":{"urls":[{"url":"http://t.co/3myapCJ1Ax","expanded_url":"http://instagram.com/fashionpressjp","display_url":"instagram.com/fashionpressjp","indices":[44,66]},{"url":"http://t.co/8FFmQA2set","expanded_url":"http://www.facebook.com/FashionPress.net","display_url":"facebook.com/FashionPress.n…","indices":[76,98]}]}},"protected":false,"followers_count":2343163,"friends_count":1,"listed_count":8960,"created_at":"Tue Jul 20 21:38:17 +0000 2010","favourites_count":0,"utc_offset":32400,"time_zone":"Tokyo","geo_enabled":false,"verified":true,"statuses_count":81263,"lang":"ja","contributors_enabled":false,"is_translator":false,"is_translation_enabled":false,"profile_background_color":"F5F8FA","profile_background_image_url":"http://abs.twimg.com/images/themes/theme14/bg.gif","profile_background_image_url_https":"https://abs.twimg.com/images/themes/theme14/bg.gif","profile_background_tile":false,"profile_image_url":"http://pbs.twimg.com/profile_images/491483872677228544/fuq52Rp2_normal.jpeg","profile_image_url_https":"https://pbs.twimg.com/profile_images/491483872677228544/fuq52Rp2_normal.jpeg","profile_banner_url":"https://pbs.twimg.com/profile_banners/168816611/1444307408","profile_link_color":"343738","profile_sidebar_border_color":"FFFFFF","profile_sidebar_fill_color":"DDEEF6","profile_text_color":"333333","profile_use_background_image":true,"has_extended_profile":false,"default_profile":false,"default_profile_image":false,"following":false,"follow_request_sent":false,"notifications":false,"translator_type":"none"},"geo":null,"coordinates":null,"place":null,"contributors":null,"is_quote_status":false,"retweet_count":604,"favorite_count":1187,"favorited":false,"retweeted":false,"possibly_sensitive":false,"lang":"ja"},{"created_at":"Thu Jul 20 02:00:05 +0000 2017","id":887854593190748200,"id_str":"887854593190748161","text":"＼暑い！と思ったらRT／\n #暑い日には瞬冷辛口 !締切は７/２１午前９時５９分まで！\n\n① @asahibeer_jpをフォロー\n②この投稿をリツイート\n⇒https://t.co/cJS98piSeN https://t.co/df6NJMMEIg","truncated":false,"entities":{"hashtags":[{"text":"暑い日には瞬冷辛口","indices":[14,24]}],"symbols":[],"user_mentions":[{"screen_name":"asahibeer_jp","name":"アサヒビール ASAHIBEER","id":561669474,"id_str":"561669474","indices":[47,60]}],"urls":[{"url":"https://t.co/cJS98piSeN","expanded_url":"http://ab-fb.jp/54440","display_url":"ab-fb.jp/54440","indices":[79,102]}],"media":[{"id":887854590510510100,"id_str":"887854590510510081","indices":[103,126],"media_url":"http://pbs.twimg.com/media/DFJLC8eUMAE4zyH.jpg","media_url_https":"https://pbs.twimg.com/media/DFJLC8eUMAE4zyH.jpg","url":"https://t.co/df6NJMMEIg","display_url":"pic.twitter.com/df6NJMMEIg","expanded_url":"https://twitter.com/asahibeer_jp/status/887854593190748161/photo/1","type":"photo","sizes":{"medium":{"w":800,"h":450,"resize":"fit"},"large":{"w":800,"h":450,"resize":"fit"},"small":{"w":680,"h":383,"resize":"fit"},"thumb":{"w":150,"h":150,"resize":"crop"}}}]},"extended_entities":{"media":[{"id":887854590510510100,"id_str":"887854590510510081","indices":[103,126],"media_url":"http://pbs.twimg.com/media/DFJLC8eUMAE4zyH.jpg","media_url_https":"https://pbs.twimg.com/media/DFJLC8eUMAE4zyH.jpg","url":"https://t.co/df6NJMMEIg","display_url":"pic.twitter.com/df6NJMMEIg","expanded_url":"https://twitter.com/asahibeer_jp/status/887854593190748161/photo/1","type":"photo","sizes":{"medium":{"w":800,"h":450,"resize":"fit"},"large":{"w":800,"h":450,"resize":"fit"},"small":{"w":680,"h":383,"resize":"fit"},"thumb":{"w":150,"h":150,"resize":"crop"}}}]},"metadata":{"iso_language_code":"ja","result_type":"recent"},"source":"<a href=\"http://engagemanager.tribalmedia.co.jp/\" rel=\"nofollow\">EngageManager</a>","in_reply_to_status_id":null,"in_reply_to_status_id_str":null,"in_reply_to_user_id":null,"in_reply_to_user_id_str":null,"in_reply_to_screen_name":null,"user":{"id":561669474,"id_str":"561669474","name":"アサヒビール ASAHIBEER","screen_name":"asahibeer_jp","location":"","description":"アサヒビール公式です！飲酒は20歳になってから。飲酒運転は法律で禁止されています。フォローは20歳以上の方限定です。 【ご利用規約】https://t.co/87vTVzXt5G【お問い合わせ】https://t.co/2cgJAsil8T","url":"http://t.co/JKM5mqm9OI","entities":{"url":{"urls":[{"url":"http://t.co/JKM5mqm9OI","expanded_url":"http://www.asahibeer.co.jp/","display_url":"asahibeer.co.jp","indices":[0,22]}]},"description":{"urls":[{"url":"https://t.co/87vTVzXt5G","expanded_url":"https://goo.gl/LxiI3c","display_url":"goo.gl/LxiI3c","indices":[66,89]},{"url":"https://t.co/2cgJAsil8T","expanded_url":"https://goo.gl/aOceCQ","display_url":"goo.gl/aOceCQ","indices":[97,120]}]}},"protected":false,"followers_count":616730,"friends_count":30,"listed_count":1436,"created_at":"Tue Apr 24 00:28:13 +0000 2012","favourites_count":1,"utc_offset":32400,"time_zone":"Tokyo","geo_enabled":false,"verified":true,"statuses_count":631337,"lang":"ja","contributors_enabled":false,"is_translator":false,"is_translation_enabled":false,"profile_background_color":"FFFFFF","profile_background_image_url":"http://pbs.twimg.com/profile_background_images/378800000182351567/6y9isvcT.jpeg","profile_background_image_url_https":"https://pbs.twimg.com/profile_background_images/378800000182351567/6y9isvcT.jpeg","profile_background_tile":false,"profile_image_url":"http://pbs.twimg.com/profile_images/551878698152914944/JwmVmkeK_normal.png","profile_image_url_https":"https://pbs.twimg.com/profile_images/551878698152914944/JwmVmkeK_normal.png","profile_banner_url":"https://pbs.twimg.com/profile_banners/561669474/1496216924","profile_link_color":"0084B4","profile_sidebar_border_color":"FFFFFF","profile_sidebar_fill_color":"DDEEF6","profile_text_color":"333333","profile_use_background_image":true,"has_extended_profile":false,"default_profile":false,"default_profile_image":false,"following":false,"follow_request_sent":false,"notifications":false,"translator_type":"none"},"geo":null,"coordinates":null,"place":null,"contributors":null,"is_quote_status":false,"retweet_count":1195,"favorite_count":118,"favorited":false,"retweeted":false,"possibly_sensitive":false,"lang":"ja"},{"created_at":"Thu Jul 20 01:27:09 +0000 2017","id":887846305413734400,"id_str":"887846305413734400","text":"ホイちゃんいい子だね〜いい子だからそこどいてくれ〜 https://t.co/9tjxQD4BXY","truncated":false,"entities":{"hashtags":[],"symbols":[],"user_mentions":[],"urls":[],"media":[{"id":887846293590036500,"id_str":"887846293590036480","indices":[26,49],"media_url":"http://pbs.twimg.com/media/DFJDgACU0AAEFaE.jpg","media_url_https":"https://pbs.twimg.com/media/DFJDgACU0AAEFaE.jpg","url":"https://t.co/9tjxQD4BXY","display_url":"pic.twitter.com/9tjxQD4BXY","expanded_url":"https://twitter.com/HOIPPU_0722/status/887846305413734400/photo/1","type":"photo","sizes":{"small":{"w":544,"h":680,"resize":"fit"},"large":{"w":1638,"h":2048,"resize":"fit"},"thumb":{"w":150,"h":150,"resize":"crop"},"medium":{"w":960,"h":1200,"resize":"fit"}}}]},"extended_entities":{"media":[{"id":887846293590036500,"id_str":"887846293590036480","indices":[26,49],"media_url":"http://pbs.twimg.com/media/DFJDgACU0AAEFaE.jpg","media_url_https":"https://pbs.twimg.com/media/DFJDgACU0AAEFaE.jpg","url":"https://t.co/9tjxQD4BXY","display_url":"pic.twitter.com/9tjxQD4BXY","expanded_url":"https://twitter.com/HOIPPU_0722/status/887846305413734400/photo/1","type":"photo","sizes":{"small":{"w":544,"h":680,"resize":"fit"},"large":{"w":1638,"h":2048,"resize":"fit"},"thumb":{"w":150,"h":150,"resize":"crop"},"medium":{"w":960,"h":1200,"resize":"fit"}}}]},"metadata":{"iso_language_code":"ja","result_type":"recent"},"source":"<a href=\"http://twitter.com/download/iphone\" rel=\"nofollow\">Twitter for iPhone</a>","in_reply_to_status_id":null,"in_reply_to_status_id_str":null,"in_reply_to_user_id":null,"in_reply_to_user_id_str":null,"in_reply_to_screen_name":null,"user":{"id":3642094932,"id_str":"3642094932","name":"ホイップ@ねこ休み展","screen_name":"HOIPPU_0722","location":"","description":"甘え猫ホイップ(ホイティッシュホイルド♀ちくわ柄)と漫画好きホイ主の日常。基本的にゆるいので日々にお疲れの方はどうぞ。無断転載は禁止です。ブログはこちら↓","url":"https://t.co/cCuLV37jtZ","entities":{"url":{"urls":[{"url":"https://t.co/cCuLV37jtZ","expanded_url":"http://nekonavi.jp/archives/author/hoippu_0722","display_url":"nekonavi.jp/archives/autho…","indices":[0,23]}]},"description":{"urls":[]}},"protected":false,"followers_count":135020,"friends_count":180,"listed_count":1813,"created_at":"Mon Sep 21 22:20:26 +0000 2015","favourites_count":35184,"utc_offset":null,"time_zone":null,"geo_enabled":true,"verified":false,"statuses_count":12135,"lang":"ja","contributors_enabled":false,"is_translator":false,"is_translation_enabled":false,"profile_background_color":"C0DEED","profile_background_image_url":"http://abs.twimg.com/images/themes/theme1/bg.png","profile_background_image_url_https":"https://abs.twimg.com/images/themes/theme1/bg.png","profile_background_tile":false,"profile_image_url":"http://pbs.twimg.com/profile_images/830275686375895041/7tjk0iA-_normal.jpg","profile_image_url_https":"https://pbs.twimg.com/profile_images/830275686375895041/7tjk0iA-_normal.jpg","profile_banner_url":"https://pbs.twimg.com/profile_banners/3642094932/1443105215","profile_link_color":"1DA1F2","profile_sidebar_border_color":"C0DEED","profile_sidebar_fill_color":"DDEEF6","profile_text_color":"333333","profile_use_background_image":true,"has_extended_profile":true,"default_profile":true,"default_profile_image":false,"following":false,"follow_request_sent":false,"notifications":false,"translator_type":"none"},"geo":null,"coordinates":null,"place":null,"contributors":null,"is_quote_status":false,"retweet_count":548,"favorite_count":2838,"favorited":false,"retweeted":false,"possibly_sensitive":false,"lang":"ja"},{"created_at":"Thu Jul 20 01:23:03 +0000 2017","id":887845275917664300,"id_str":"887845275917664256","text":"もう、何もかもめんどくさくて、何もかもから逃げ出したいときがある。そういうとき、僕は、ほんとうに逃げます。具体的には、小さな旅に出ます。ほンの半日でいいのです。今いるところから逃げるのです。そして、また、日常に戻る。「逃げること」は、悪いことではありません。小さな旅、お薦めです。","truncated":false,"entities":{"hashtags":[],"symbols":[],"user_mentions":[],"urls":[]},"metadata":{"iso_language_code":"ja","result_type":"recent"},"source":"<a href=\"http://twitter.com\" rel=\"nofollow\">Twitter Web Client</a>","in_reply_to_status_id":null,"in_reply_to_status_id_str":null,"in_reply_to_user_id":null,"in_reply_to_user_id_str":null,"in_reply_to_screen_name":null,"user":{"id":124383323,"id_str":"124383323","name":"小池一夫","screen_name":"koikekazuo","location":"東京 ","description":"寝ても覚めてもキャラクターマン！ 劇画原作者・小池一夫の公式ツイッターです。近況・最新情報をお知らせします。 小池一夫は基本的に毎日つぶやきます。【小池一夫キャラクターマン講座】 https://t.co/H4rbL3B0Pb 【小池一夫の漫画寺合宿】 https://t.co/EdEgC4fYpd","url":"https://t.co/qYHdW7vOrr","entities":{"url":{"urls":[{"url":"https://t.co/qYHdW7vOrr","expanded_url":"http://lineblog.me/koikekazuo/","display_url":"lineblog.me/koikekazuo/","indices":[0,23]}]},"description":{"urls":[{"url":"https://t.co/H4rbL3B0Pb","expanded_url":"http://www.koikekazuo.jp","display_url":"koikekazuo.jp","indices":[90,113]},{"url":"https://t.co/EdEgC4fYpd","expanded_url":"https://goo.gl/8fmR8q","display_url":"goo.gl/8fmR8q","indices":[127,150]}]}},"protected":false,"followers_count":521294,"friends_count":197,"listed_count":6381,"created_at":"Fri Mar 19 06:35:40 +0000 2010","favourites_count":1446,"utc_offset":32400,"time_zone":"Tokyo","geo_enabled":true,"verified":false,"statuses_count":11317,"lang":"ja","contributors_enabled":false,"is_translator":false,"is_translation_enabled":false,"profile_background_color":"C0DEED","profile_background_image_url":"http://abs.twimg.com/images/themes/theme1/bg.png","profile_background_image_url_https":"https://abs.twimg.com/images/themes/theme1/bg.png","profile_background_tile":false,"profile_image_url":"http://pbs.twimg.com/profile_images/813055750389932033/n3-j8Rfz_normal.jpg","profile_image_url_https":"https://pbs.twimg.com/profile_images/813055750389932033/n3-j8Rfz_normal.jpg","profile_link_color":"1DA1F2","profile_sidebar_border_color":"C0DEED","profile_sidebar_fill_color":"DDEEF6","profile_text_color":"333333","profile_use_background_image":true,"has_extended_profile":true,"default_profile":true,"default_profile_image":false,"following":false,"follow_request_sent":false,"notifications":false,"translator_type":"none"},"geo":null,"coordinates":null,"place":null,"contributors":null,"is_quote_status":false,"retweet_count":896,"favorite_count":1760,"favorited":false,"retweeted":false,"lang":"ja"},{"created_at":"Thu Jul 20 01:15:07 +0000 2017","id":887843276123816000,"id_str":"887843276123815936","text":"【とびだせ＋】みなさ～ん！暑中お見舞い申し上げます！暑い日が続きますが熱中症にならないように、水分をじゅうぶんとってくださいね♪ https://t.co/E2IkjKQGO6","truncated":false,"entities":{"hashtags":[],"symbols":[],"user_mentions":[],"urls":[],"media":[{"id":887843272869019600,"id_str":"887843272869019648","indices":[65,88],"media_url":"http://pbs.twimg.com/media/DFJAwK-UAAAL6c0.jpg","media_url_https":"https://pbs.twimg.com/media/DFJAwK-UAAAL6c0.jpg","url":"https://t.co/E2IkjKQGO6","display_url":"pic.twitter.com/E2IkjKQGO6","expanded_url":"https://twitter.com/doubutsuno_mori/status/887843276123815936/photo/1","type":"photo","sizes":{"medium":{"w":909,"h":1200,"resize":"fit"},"thumb":{"w":150,"h":150,"resize":"crop"},"large":{"w":1060,"h":1400,"resize":"fit"},"small":{"w":515,"h":680,"resize":"fit"}}}]},"extended_entities":{"media":[{"id":887843272869019600,"id_str":"887843272869019648","indices":[65,88],"media_url":"http://pbs.twimg.com/media/DFJAwK-UAAAL6c0.jpg","media_url_https":"https://pbs.twimg.com/media/DFJAwK-UAAAL6c0.jpg","url":"https://t.co/E2IkjKQGO6","display_url":"pic.twitter.com/E2IkjKQGO6","expanded_url":"https://twitter.com/doubutsuno_mori/status/887843276123815936/photo/1","type":"photo","sizes":{"medium":{"w":909,"h":1200,"resize":"fit"},"thumb":{"w":150,"h":150,"resize":"crop"},"large":{"w":1060,"h":1400,"resize":"fit"},"small":{"w":515,"h":680,"resize":"fit"}}}]},"metadata":{"iso_language_code":"ja","result_type":"recent"},"source":"<a href=\"http://www.nintendo.co.jp/3ds/egdj/index.html\" rel=\"nofollow\">とびだせ どうぶつの森</a>","in_reply_to_status_id":null,"in_reply_to_status_id_str":null,"in_reply_to_user_id":null,"in_reply_to_user_id_str":null,"in_reply_to_screen_name":null,"user":{"id":848450138,"id_str":"848450138","name":"どうぶつの森","screen_name":"doubutsuno_mori","location":"","description":"「どうぶつの森」の公式アカウントです。ゲームの内容や最新情報や、村の役場スタッフ「しずえ」のつぶやきを発信していきます。ご質問・お問い合わせにはお答えしておりませんのでご容赦ください。","url":"https://t.co/segXJS3uWx","entities":{"url":{"urls":[{"url":"https://t.co/segXJS3uWx","expanded_url":"https://www.nintendo.co.jp/series/mori/index.html","display_url":"nintendo.co.jp/series/mori/in…","indices":[0,23]}]},"description":{"urls":[]}},"protected":false,"followers_count":236308,"friends_count":2,"listed_count":3458,"created_at":"Thu Sep 27 01:29:24 +0000 2012","favourites_count":0,"utc_offset":32400,"time_zone":"Tokyo","geo_enabled":false,"verified":true,"statuses_count":912,"lang":"ja","contributors_enabled":false,"is_translator":false,"is_translation_enabled":true,"profile_background_color":"84BE72","profile_background_image_url":"http://pbs.twimg.com/profile_background_images/677086261/20c333f34750b2896f631deed02663d2.jpeg","profile_background_image_url_https":"https://pbs.twimg.com/profile_background_images/677086261/20c333f34750b2896f631deed02663d2.jpeg","profile_background_tile":false,"profile_image_url":"http://pbs.twimg.com/profile_images/778047555774984193/3S-zQ1K9_normal.jpg","profile_image_url_https":"https://pbs.twimg.com/profile_images/778047555774984193/3S-zQ1K9_normal.jpg","profile_banner_url":"https://pbs.twimg.com/profile_banners/848450138/1474349517","profile_link_color":"21AB38","profile_sidebar_border_color":"FFFFFF","profile_sidebar_fill_color":"DDEEF6","profile_text_color":"333333","profile_use_background_image":true,"has_extended_profile":true,"default_profile":false,"default_profile_image":false,"following":false,"follow_request_sent":false,"notifications":false,"translator_type":"none"},"geo":null,"coordinates":null,"place":null,"contributors":null,"is_quote_status":false,"retweet_count":852,"favorite_count":1700,"favorited":false,"retweeted":false,"possibly_sensitive":false,"lang":"ja"},{"created_at":"Thu Jul 20 01:15:04 +0000 2017","id":887843266749530100,"id_str":"887843266749530112","text":"＼ドライゼロが当たるチャンス／\n #アサヒドライゼロプレゼント ！\n締切は７／２１　午前９時５９分まで！\n① @asahibeer_jp をフォロー\n②この投稿をリツイート⇒ https://t.co/2dpSLPFOSn https://t.co/aDusqiKOBg","truncated":false,"entities":{"hashtags":[{"text":"アサヒドライゼロプレゼント","indices":[17,31]}],"symbols":[],"user_mentions":[{"screen_name":"asahibeer_jp","name":"アサヒビール ASAHIBEER","id":561669474,"id_str":"561669474","indices":[55,68]}],"urls":[{"url":"https://t.co/2dpSLPFOSn","expanded_url":"http://ab-fb.jp/303ac","display_url":"ab-fb.jp/303ac","indices":[88,111]}],"media":[{"id":887843264023240700,"id_str":"887843264023240704","indices":[112,135],"media_url":"http://pbs.twimg.com/media/DFJAvqBUIAA1ijU.jpg","media_url_https":"https://pbs.twimg.com/media/DFJAvqBUIAA1ijU.jpg","url":"https://t.co/aDusqiKOBg","display_url":"pic.twitter.com/aDusqiKOBg","expanded_url":"https://twitter.com/asahibeer_jp/status/887843266749530112/photo/1","type":"photo","sizes":{"medium":{"w":800,"h":450,"resize":"fit"},"small":{"w":680,"h":383,"resize":"fit"},"large":{"w":800,"h":450,"resize":"fit"},"thumb":{"w":150,"h":150,"resize":"crop"}}}]},"extended_entities":{"media":[{"id":887843264023240700,"id_str":"887843264023240704","indices":[112,135],"media_url":"http://pbs.twimg.com/media/DFJAvqBUIAA1ijU.jpg","media_url_https":"https://pbs.twimg.com/media/DFJAvqBUIAA1ijU.jpg","url":"https://t.co/aDusqiKOBg","display_url":"pic.twitter.com/aDusqiKOBg","expanded_url":"https://twitter.com/asahibeer_jp/status/887843266749530112/photo/1","type":"photo","sizes":{"medium":{"w":800,"h":450,"resize":"fit"},"small":{"w":680,"h":383,"resize":"fit"},"large":{"w":800,"h":450,"resize":"fit"},"thumb":{"w":150,"h":150,"resize":"crop"}}}]},"metadata":{"iso_language_code":"ja","result_type":"recent"},"source":"<a href=\"http://engagemanager.tribalmedia.co.jp/\" rel=\"nofollow\">EngageManager</a>","in_reply_to_status_id":null,"in_reply_to_status_id_str":null,"in_reply_to_user_id":null,"in_reply_to_user_id_str":null,"in_reply_to_screen_name":null,"user":{"id":561669474,"id_str":"561669474","name":"アサヒビール ASAHIBEER","screen_name":"asahibeer_jp","location":"","description":"アサヒビール公式です！飲酒は20歳になってから。飲酒運転は法律で禁止されています。フォローは20歳以上の方限定です。 【ご利用規約】https://t.co/87vTVzXt5G【お問い合わせ】https://t.co/2cgJAsil8T","url":"http://t.co/JKM5mqm9OI","entities":{"url":{"urls":[{"url":"http://t.co/JKM5mqm9OI","expanded_url":"http://www.asahibeer.co.jp/","display_url":"asahibeer.co.jp","indices":[0,22]}]},"description":{"urls":[{"url":"https://t.co/87vTVzXt5G","expanded_url":"https://goo.gl/LxiI3c","display_url":"goo.gl/LxiI3c","indices":[66,89]},{"url":"https://t.co/2cgJAsil8T","expanded_url":"https://goo.gl/aOceCQ","display_url":"goo.gl/aOceCQ","indices":[97,120]}]}},"protected":false,"followers_count":616730,"friends_count":30,"listed_count":1436,"created_at":"Tue Apr 24 00:28:13 +0000 2012","favourites_count":1,"utc_offset":32400,"time_zone":"Tokyo","geo_enabled":false,"verified":true,"statuses_count":631337,"lang":"ja","contributors_enabled":false,"is_translator":false,"is_translation_enabled":false,"profile_background_color":"FFFFFF","profile_background_image_url":"http://pbs.twimg.com/profile_background_images/378800000182351567/6y9isvcT.jpeg","profile_background_image_url_https":"https://pbs.twimg.com/profile_background_images/378800000182351567/6y9isvcT.jpeg","profile_background_tile":false,"profile_image_url":"http://pbs.twimg.com/profile_images/551878698152914944/JwmVmkeK_normal.png","profile_image_url_https":"https://pbs.twimg.com/profile_images/551878698152914944/JwmVmkeK_normal.png","profile_banner_url":"https://pbs.twimg.com/profile_banners/561669474/1496216924","profile_link_color":"0084B4","profile_sidebar_border_color":"FFFFFF","profile_sidebar_fill_color":"DDEEF6","profile_text_color":"333333","profile_use_background_image":true,"has_extended_profile":false,"default_profile":false,"default_profile_image":false,"following":false,"follow_request_sent":false,"notifications":false,"translator_type":"none"},"geo":null,"coordinates":null,"place":null,"contributors":null,"is_quote_status":false,"retweet_count":2694,"favorite_count":228,"favorited":false,"retweeted":false,"possibly_sensitive":false,"lang":"ja"},{"created_at":"Thu Jul 20 01:01:44 +0000 2017","id":887839908127100900,"id_str":"887839908127100928","text":"おはようございます！EXシアターで行われる人気ジャニーズJr.による全力のパフォーマンス「～君たちが～KING'S TREASURE」全82公演は、いよいよ今日から始まります！熱いステージを見逃すな!!… https://t.co/eVUu2iAuNU","truncated":true,"entities":{"hashtags":[],"symbols":[],"user_mentions":[],"urls":[{"url":"https://t.co/eVUu2iAuNU","expanded_url":"https://twitter.com/i/web/status/887839908127100928","display_url":"twitter.com/i/web/status/8…","indices":[103,126]}]},"metadata":{"iso_language_code":"ja","result_type":"recent"},"source":"<a href=\"http://twitter.com\" rel=\"nofollow\">Twitter Web Client</a>","in_reply_to_status_id":null,"in_reply_to_status_id_str":null,"in_reply_to_user_id":null,"in_reply_to_user_id_str":null,"in_reply_to_screen_name":null,"user":{"id":2576209675,"id_str":"2576209675","name":"テレビ朝日　夏祭り","screen_name":"exsummerstation","location":"港区六本木","description":"「テレビ朝日・六本木ヒルズ　夏祭り　SUMMER STATION」の公式アカウントです！2017年7月15日（土）～8月27日（日）開催！✨お楽しみに😆※本アカウントではお問い合わせへのご回答ができませんので、予めご了承ください。お問い合わせは0570-055-543(夏祭り電話インフォメーション)までお願い致します。","url":"http://t.co/VYvgpEkZ3i","entities":{"url":{"urls":[{"url":"http://t.co/VYvgpEkZ3i","expanded_url":"http://www.tv-asahi.co.jp/summerstation/","display_url":"tv-asahi.co.jp/summerstation/","indices":[0,22]}]},"description":{"urls":[]}},"protected":false,"followers_count":18005,"friends_count":36,"listed_count":70,"created_at":"Thu Jun 19 05:36:47 +0000 2014","favourites_count":6,"utc_offset":null,"time_zone":null,"geo_enabled":false,"verified":false,"statuses_count":1564,"lang":"ja","contributors_enabled":false,"is_translator":false,"is_translation_enabled":false,"profile_background_color":"000000","profile_background_image_url":"http://abs.twimg.com/images/themes/theme1/bg.png","profile_background_image_url_https":"https://abs.twimg.com/images/themes/theme1/bg.png","profile_background_tile":false,"profile_image_url":"http://pbs.twimg.com/profile_images/877827329522778112/h9k1N5G7_normal.jpg","profile_image_url_https":"https://pbs.twimg.com/profile_images/877827329522778112/h9k1N5G7_normal.jpg","profile_banner_url":"https://pbs.twimg.com/profile_banners/2576209675/1498124829","profile_link_color":"E81C4F","profile_sidebar_border_color":"000000","profile_sidebar_fill_color":"000000","profile_text_color":"000000","profile_use_background_image":false,"has_extended_profile":false,"default_profile":false,"default_profile_image":false,"following":false,"follow_request_sent":false,"notifications":false,"translator_type":"none"},"geo":null,"coordinates":null,"place":null,"contributors":null,"is_quote_status":false,"retweet_count":1287,"favorite_count":1873,"favorited":false,"retweeted":false,"possibly_sensitive":false,"lang":"ja"},{"created_at":"Thu Jul 20 01:00:33 +0000 2017","id":887839613242310700,"id_str":"887839613242310656","text":"現在「艦これ」運営鎮守府では、「艦これ」【夏】イベント2017：期間限定海域の作戦準備を進めています。今夏の作戦海域展開規模は、「大規模作戦」となる予定です。同夏イベで登場予定のある新艦娘に関連する装備の一部は、今月末展開予定月次作戦ランカー提督褒賞で先行実装予定です！\n#艦これ","truncated":false,"entities":{"hashtags":[{"text":"艦これ","indices":[136,140]}],"symbols":[],"user_mentions":[],"urls":[]},"metadata":{"iso_language_code":"ja","result_type":"recent"},"source":"<a href=\"http://twitter.com\" rel=\"nofollow\">Twitter Web Client</a>","in_reply_to_status_id":null,"in_reply_to_status_id_str":null,"in_reply_to_user_id":null,"in_reply_to_user_id_str":null,"in_reply_to_screen_name":null,"user":{"id":294025417,"id_str":"294025417","name":"「艦これ」開発/運営","screen_name":"KanColle_STAFF","location":"東京都港区","description":"「艦隊これくしょん -艦これ-」開発/運営公式ツイッターです。メンテナンス情報やアップデート/イベント展開情報等を、できるだけ早く提督の皆さんにお伝えするよう努めます。「艦これ」は今春四周年を迎え、そして五年目の夏に突入しようとしています！応援頂いている提督の皆さん、本当にありがとうございます。","url":null,"entities":{"description":{"urls":[]}},"protected":false,"followers_count":1380993,"friends_count":27,"listed_count":21567,"created_at":"Fri May 06 11:59:23 +0000 2011","favourites_count":0,"utc_offset":28800,"time_zone":"Irkutsk","geo_enabled":false,"verified":false,"statuses_count":11673,"lang":"ja","contributors_enabled":false,"is_translator":false,"is_translation_enabled":false,"profile_background_color":"C0DEED","profile_background_image_url":"http://pbs.twimg.com/profile_background_images/378800000032757150/d7b9f7b5ef2f01620e4f0bf5f88018f7.jpeg","profile_background_image_url_https":"https://pbs.twimg.com/profile_background_images/378800000032757150/d7b9f7b5ef2f01620e4f0bf5f88018f7.jpeg","profile_background_tile":false,"profile_image_url":"http://pbs.twimg.com/profile_images/886759133399011329/g-PjXBIH_normal.jpg","profile_image_url_https":"https://pbs.twimg.com/profile_images/886759133399011329/g-PjXBIH_normal.jpg","profile_link_color":"0084B4","profile_sidebar_border_color":"FFFFFF","profile_sidebar_fill_color":"DDEEF6","profile_text_color":"333333","profile_use_background_image":true,"has_extended_profile":false,"default_profile":false,"default_profile_image":false,"following":false,"follow_request_sent":false,"notifications":false,"translator_type":"none"},"geo":null,"coordinates":null,"place":null,"contributors":null,"is_quote_status":false,"retweet_count":1226,"favorite_count":947,"favorited":false,"retweeted":false,"lang":"ja"},{"created_at":"Thu Jul 20 01:00:01 +0000 2017","id":887839478999531500,"id_str":"887839478999531520","text":"8月11日(金)21:00〜\n金曜ロードSHOW!\n「HiGH&amp;LOW THE MOVIE 特別版 from THE RAD RAIN」\n #HiGH_LOW https://t.co/oV1Hd6xSmc","truncated":false,"entities":{"hashtags":[{"text":"HiGH_LOW","indices":[74,83]}],"symbols":[],"user_mentions":[],"urls":[],"media":[{"id":887839463178518500,"id_str":"887839463178518528","indices":[84,107],"media_url":"http://pbs.twimg.com/media/DFI9SaxUQAAn4pY.jpg","media_url_https":"https://pbs.twimg.com/media/DFI9SaxUQAAn4pY.jpg","url":"https://t.co/oV1Hd6xSmc","display_url":"pic.twitter.com/oV1Hd6xSmc","expanded_url":"https://twitter.com/taiki__official/status/887839478999531520/photo/1","type":"photo","sizes":{"thumb":{"w":150,"h":150,"resize":"crop"},"small":{"w":680,"h":338,"resize":"fit"},"large":{"w":2048,"h":1018,"resize":"fit"},"medium":{"w":1200,"h":596,"resize":"fit"}}}]},"extended_entities":{"media":[{"id":887839463178518500,"id_str":"887839463178518528","indices":[84,107],"media_url":"http://pbs.twimg.com/media/DFI9SaxUQAAn4pY.jpg","media_url_https":"https://pbs.twimg.com/media/DFI9SaxUQAAn4pY.jpg","url":"https://t.co/oV1Hd6xSmc","display_url":"pic.twitter.com/oV1Hd6xSmc","expanded_url":"https://twitter.com/taiki__official/status/887839478999531520/photo/1","type":"photo","sizes":{"thumb":{"w":150,"h":150,"resize":"crop"},"small":{"w":680,"h":338,"resize":"fit"},"large":{"w":2048,"h":1018,"resize":"fit"},"medium":{"w":1200,"h":596,"resize":"fit"}}}]},"metadata":{"iso_language_code":"ja","result_type":"recent"},"source":"<a href=\"http://twitter.com/download/iphone\" rel=\"nofollow\">Twitter for iPhone</a>","in_reply_to_status_id":null,"in_reply_to_status_id_str":null,"in_reply_to_user_id":null,"in_reply_to_user_id_str":null,"in_reply_to_screen_name":null,"user":{"id":869734968729124900,"id_str":"869734968729124864","name":"佐藤大樹 Taiki Sato","screen_name":"taiki__official","location":"","description":"EXILE／FANTASTICS Performer & Actor Official Instagram ID☞taiki_sato_official","url":"https://t.co/VmIqdKKSPu","entities":{"url":{"urls":[{"url":"https://t.co/VmIqdKKSPu","expanded_url":"http://m.ex-m.jp/","display_url":"m.ex-m.jp","indices":[0,23]}]},"description":{"urls":[]}},"protected":false,"followers_count":81542,"friends_count":112,"listed_count":212,"created_at":"Wed May 31 01:59:10 +0000 2017","favourites_count":116,"utc_offset":null,"time_zone":null,"geo_enabled":false,"verified":false,"statuses_count":131,"lang":"ja","contributors_enabled":false,"is_translator":false,"is_translation_enabled":false,"profile_background_color":"F5F8FA","profile_background_image_url":null,"profile_background_image_url_https":null,"profile_background_tile":false,"profile_image_url":"http://pbs.twimg.com/profile_images/885883894330937344/mFy--Yjh_normal.jpg","profile_image_url_https":"https://pbs.twimg.com/profile_images/885883894330937344/mFy--Yjh_normal.jpg","profile_banner_url":"https://pbs.twimg.com/profile_banners/869734968729124864/1496198774","profile_link_color":"1DA1F2","profile_sidebar_border_color":"C0DEED","profile_sidebar_fill_color":"DDEEF6","profile_text_color":"333333","profile_use_background_image":true,"has_extended_profile":false,"default_profile":true,"default_profile_image":false,"following":false,"follow_request_sent":false,"notifications":false,"translator_type":"none"},"geo":null,"coordinates":null,"place":null,"contributors":null,"is_quote_status":false,"retweet_count":874,"favorite_count":4140,"favorited":false,"retweeted":false,"possibly_sensitive":false,"lang":"ja"},{"created_at":"Thu Jul 20 00:54:12 +0000 2017","id":887838015359402000,"id_str":"887838015359401985","text":"往年の人気ゲーム「ロックマン」がハリウッド実写映画化。異色ドキュメンタリー「Catfish」、「パラノーマル・アクティビティ3」などを手がけた監督コンビがメガホンをとる。日本発の人気ゲームがどんな世界観で映像化される？ https://t.co/q882NQrY7X","truncated":false,"entities":{"hashtags":[],"symbols":[],"user_mentions":[],"urls":[],"media":[{"id":887837993091776500,"id_str":"887837993091776512","indices":[110,133],"media_url":"http://pbs.twimg.com/media/DFI782RUwAAyYzf.jpg","media_url_https":"https://pbs.twimg.com/media/DFI782RUwAAyYzf.jpg","url":"https://t.co/q882NQrY7X","display_url":"pic.twitter.com/q882NQrY7X","expanded_url":"https://twitter.com/oscarnoyukue/status/887838015359401985/photo/1","type":"photo","sizes":{"medium":{"w":500,"h":494,"resize":"fit"},"small":{"w":500,"h":494,"resize":"fit"},"thumb":{"w":150,"h":150,"resize":"crop"},"large":{"w":500,"h":494,"resize":"fit"}}}]},"extended_entities":{"media":[{"id":887837993091776500,"id_str":"887837993091776512","indices":[110,133],"media_url":"http://pbs.twimg.com/media/DFI782RUwAAyYzf.jpg","media_url_https":"https://pbs.twimg.com/media/DFI782RUwAAyYzf.jpg","url":"https://t.co/q882NQrY7X","display_url":"pic.twitter.com/q882NQrY7X","expanded_url":"https://twitter.com/oscarnoyukue/status/887838015359401985/photo/1","type":"photo","sizes":{"medium":{"w":500,"h":494,"resize":"fit"},"small":{"w":500,"h":494,"resize":"fit"},"thumb":{"w":150,"h":150,"resize":"crop"},"large":{"w":500,"h":494,"resize":"fit"}}},{"id":887838007780270100,"id_str":"887838007780270080","indices":[110,133],"media_url":"http://pbs.twimg.com/media/DFI79s_VYAAQ1Wa.jpg","media_url_https":"https://pbs.twimg.com/media/DFI79s_VYAAQ1Wa.jpg","url":"https://t.co/q882NQrY7X","display_url":"pic.twitter.com/q882NQrY7X","expanded_url":"https://twitter.com/oscarnoyukue/status/887838015359401985/photo/1","type":"photo","sizes":{"large":{"w":500,"h":351,"resize":"fit"},"medium":{"w":500,"h":351,"resize":"fit"},"thumb":{"w":150,"h":150,"resize":"crop"},"small":{"w":500,"h":351,"resize":"fit"}}}]},"metadata":{"iso_language_code":"ja","result_type":"recent"},"source":"<a href=\"http://twitter.com\" rel=\"nofollow\">Twitter Web Client</a>","in_reply_to_status_id":null,"in_reply_to_status_id_str":null,"in_reply_to_user_id":null,"in_reply_to_user_id_str":null,"in_reply_to_screen_name":null,"user":{"id":95379163,"id_str":"95379163","name":"映画情報 オスカーノユクエ","screen_name":"oscarnoyukue","location":"","description":"総合映画情報を発信するサイト「オスカーノユクエ」管理人のTwitter。映画情報ツイートの主なソースは、Deadline, IMDb, The Playlist, Variety, Hollywood Reporter, JoBloなど。","url":"https://t.co/9cyGcIOZV6","entities":{"url":{"urls":[{"url":"https://t.co/9cyGcIOZV6","expanded_url":"http://oscar-no-yukue.com","display_url":"oscar-no-yukue.com","indices":[0,23]}]},"description":{"urls":[]}},"protected":false,"followers_count":105051,"friends_count":77,"listed_count":2549,"created_at":"Tue Dec 08 08:16:38 +0000 2009","favourites_count":3,"utc_offset":32400,"time_zone":"Tokyo","geo_enabled":false,"verified":false,"statuses_count":15357,"lang":"ja","contributors_enabled":false,"is_translator":false,"is_translation_enabled":false,"profile_background_color":"C0DEED","profile_background_image_url":"http://abs.twimg.com/images/themes/theme1/bg.png","profile_background_image_url_https":"https://abs.twimg.com/images/themes/theme1/bg.png","profile_background_tile":false,"profile_image_url":"http://pbs.twimg.com/profile_images/564516374/twitter_icon_normal.jpg","profile_image_url_https":"https://pbs.twimg.com/profile_images/564516374/twitter_icon_normal.jpg","profile_banner_url":"https://pbs.twimg.com/profile_banners/95379163/1424318969","profile_link_color":"1DA1F2","profile_sidebar_border_color":"C0DEED","profile_sidebar_fill_color":"DDEEF6","profile_text_color":"333333","profile_use_background_image":true,"has_extended_profile":false,"default_profile":true,"default_profile_image":false,"following":false,"follow_request_sent":false,"notifications":false,"translator_type":"none"},"geo":null,"coordinates":null,"place":null,"contributors":null,"is_quote_status":false,"retweet_count":623,"favorite_count":246,"favorited":false,"retweeted":false,"possibly_sensitive":false,"lang":"ja"},{"created_at":"Thu Jul 20 00:53:49 +0000 2017","id":887837918613520400,"id_str":"887837918613520384","text":"プロジェクト、スタートしました。 https://t.co/H82y4fWzq6","truncated":false,"entities":{"hashtags":[],"symbols":[],"user_mentions":[],"urls":[],"media":[{"id":887837903954497500,"id_str":"887837903954497536","indices":[17,40],"media_url":"http://pbs.twimg.com/media/DFI73qNV0AAyZLd.jpg","media_url_https":"https://pbs.twimg.com/media/DFI73qNV0AAyZLd.jpg","url":"https://t.co/H82y4fWzq6","display_url":"pic.twitter.com/H82y4fWzq6","expanded_url":"https://twitter.com/gakky1967/status/887837918613520384/photo/1","type":"photo","sizes":{"thumb":{"w":150,"h":150,"resize":"crop"},"small":{"w":680,"h":494,"resize":"fit"},"large":{"w":1000,"h":727,"resize":"fit"},"medium":{"w":1000,"h":727,"resize":"fit"}}}]},"extended_entities":{"media":[{"id":887837903954497500,"id_str":"887837903954497536","indices":[17,40],"media_url":"http://pbs.twimg.com/media/DFI73qNV0AAyZLd.jpg","media_url_https":"https://pbs.twimg.com/media/DFI73qNV0AAyZLd.jpg","url":"https://t.co/H82y4fWzq6","display_url":"pic.twitter.com/H82y4fWzq6","expanded_url":"https://twitter.com/gakky1967/status/887837918613520384/photo/1","type":"photo","sizes":{"thumb":{"w":150,"h":150,"resize":"crop"},"small":{"w":680,"h":494,"resize":"fit"},"large":{"w":1000,"h":727,"resize":"fit"},"medium":{"w":1000,"h":727,"resize":"fit"}}}]},"metadata":{"iso_language_code":"ja","result_type":"recent"},"source":"<a href=\"http://twitter.com/download/android\" rel=\"nofollow\">Twitter for Android</a>","in_reply_to_status_id":null,"in_reply_to_status_id_str":null,"in_reply_to_user_id":null,"in_reply_to_user_id_str":null,"in_reply_to_screen_name":null,"user":{"id":135414143,"id_str":"135414143","name":"石垣 純哉","screen_name":"gakky1967","location":"","description":"彫る様に、線を引く。\nお仕事の御相談がございました、こちらまでお願いいたします。gakky@wj8.so-net.ne.jp \n手作り時計 JHAさんとのコラボ時計はコチラ。 https://t.co/QUMRUJHNdd","url":null,"entities":{"description":{"urls":[{"url":"https://t.co/QUMRUJHNdd","expanded_url":"http://jhatime.com/?pid=84560295","display_url":"jhatime.com/?pid=84560295","indices":[88,111]}]}},"protected":false,"followers_count":4798,"friends_count":299,"listed_count":241,"created_at":"Wed Apr 21 07:01:45 +0000 2010","favourites_count":1413,"utc_offset":32400,"time_zone":"Tokyo","geo_enabled":true,"verified":false,"statuses_count":12788,"lang":"ja","contributors_enabled":false,"is_translator":false,"is_translation_enabled":false,"profile_background_color":"5E5E5E","profile_background_image_url":"http://pbs.twimg.com/profile_background_images/150466827/twitter_back.jpg","profile_background_image_url_https":"https://pbs.twimg.com/profile_background_images/150466827/twitter_back.jpg","profile_background_tile":true,"profile_image_url":"http://pbs.twimg.com/profile_images/695534726526832640/EQ-behXD_normal.jpg","profile_image_url_https":"https://pbs.twimg.com/profile_images/695534726526832640/EQ-behXD_normal.jpg","profile_link_color":"212121","profile_sidebar_border_color":"181A1E","profile_sidebar_fill_color":"D4D4D4","profile_text_color":"212121","profile_use_background_image":true,"has_extended_profile":false,"default_profile":false,"default_profile_image":false,"following":false,"follow_request_sent":false,"notifications":false,"translator_type":"none"},"geo":null,"coordinates":null,"place":null,"contributors":null,"is_quote_status":false,"retweet_count":971,"favorite_count":538,"favorited":false,"retweeted":false,"possibly_sensitive":false,"lang":"ja"},{"created_at":"Thu Jul 20 00:53:46 +0000 2017","id":887837903589490700,"id_str":"887837903589490688","text":"ニーアオートマタ ブリングアーツから2B&amp;機械生命体の原型が初展示です！ #SDCC17 #ブリングアーツ #bringarts https://t.co/SdnvP5G04j","truncated":false,"entities":{"hashtags":[{"text":"SDCC17","indices":[41,48]},{"text":"ブリングアーツ","indices":[49,57]},{"text":"bringarts","indices":[58,68]}],"symbols":[],"user_mentions":[],"urls":[],"media":[{"id":887837833532031000,"id_str":"887837833532030977","indices":[69,92],"media_url":"http://pbs.twimg.com/media/DFI7zj3UQAELPpK.jpg","media_url_https":"https://pbs.twimg.com/media/DFI7zj3UQAELPpK.jpg","url":"https://t.co/SdnvP5G04j","display_url":"pic.twitter.com/SdnvP5G04j","expanded_url":"https://twitter.com/SQEX_MD_GOODS/status/887837903589490688/photo/1","type":"photo","sizes":{"medium":{"w":900,"h":1200,"resize":"fit"},"thumb":{"w":150,"h":150,"resize":"crop"},"large":{"w":1536,"h":2048,"resize":"fit"},"small":{"w":510,"h":680,"resize":"fit"}}}]},"extended_entities":{"media":[{"id":887837833532031000,"id_str":"887837833532030977","indices":[69,92],"media_url":"http://pbs.twimg.com/media/DFI7zj3UQAELPpK.jpg","media_url_https":"https://pbs.twimg.com/media/DFI7zj3UQAELPpK.jpg","url":"https://t.co/SdnvP5G04j","display_url":"pic.twitter.com/SdnvP5G04j","expanded_url":"https://twitter.com/SQEX_MD_GOODS/status/887837903589490688/photo/1","type":"photo","sizes":{"medium":{"w":900,"h":1200,"resize":"fit"},"thumb":{"w":150,"h":150,"resize":"crop"},"large":{"w":1536,"h":2048,"resize":"fit"},"small":{"w":510,"h":680,"resize":"fit"}}},{"id":887837833544650800,"id_str":"887837833544650752","indices":[69,92],"media_url":"http://pbs.twimg.com/media/DFI7zj6U0AAk0oz.jpg","media_url_https":"https://pbs.twimg.com/media/DFI7zj6U0AAk0oz.jpg","url":"https://t.co/SdnvP5G04j","display_url":"pic.twitter.com/SdnvP5G04j","expanded_url":"https://twitter.com/SQEX_MD_GOODS/status/887837903589490688/photo/1","type":"photo","sizes":{"medium":{"w":900,"h":1200,"resize":"fit"},"thumb":{"w":150,"h":150,"resize":"crop"},"large":{"w":1536,"h":2048,"resize":"fit"},"small":{"w":510,"h":680,"resize":"fit"}}},{"id":887837833532026900,"id_str":"887837833532026880","indices":[69,92],"media_url":"http://pbs.twimg.com/media/DFI7zj3UMAAjpZb.jpg","media_url_https":"https://pbs.twimg.com/media/DFI7zj3UMAAjpZb.jpg","url":"https://t.co/SdnvP5G04j","display_url":"pic.twitter.com/SdnvP5G04j","expanded_url":"https://twitter.com/SQEX_MD_GOODS/status/887837903589490688/photo/1","type":"photo","sizes":{"large":{"w":1536,"h":2048,"resize":"fit"},"small":{"w":510,"h":680,"resize":"fit"},"thumb":{"w":150,"h":150,"resize":"crop"},"medium":{"w":900,"h":1200,"resize":"fit"}}},{"id":887837833532031000,"id_str":"887837833532030976","indices":[69,92],"media_url":"http://pbs.twimg.com/media/DFI7zj3UQAAjexa.jpg","media_url_https":"https://pbs.twimg.com/media/DFI7zj3UQAAjexa.jpg","url":"https://t.co/SdnvP5G04j","display_url":"pic.twitter.com/SdnvP5G04j","expanded_url":"https://twitter.com/SQEX_MD_GOODS/status/887837903589490688/photo/1","type":"photo","sizes":{"small":{"w":680,"h":680,"resize":"fit"},"thumb":{"w":150,"h":150,"resize":"crop"},"medium":{"w":1200,"h":1200,"resize":"fit"},"large":{"w":2048,"h":2048,"resize":"fit"}}}]},"metadata":{"iso_language_code":"ja","result_type":"recent"},"source":"<a href=\"http://twitter.com/download/iphone\" rel=\"nofollow\">Twitter for iPhone</a>","in_reply_to_status_id":null,"in_reply_to_status_id_str":null,"in_reply_to_user_id":null,"in_reply_to_user_id_str":null,"in_reply_to_screen_name":null,"user":{"id":187802444,"id_str":"187802444","name":"SQEX MD GOODS","screen_name":"SQEX_MD_GOODS","location":"東京都新宿区","description":"スクウェア・エニックス マーチャンダイジング事業部です。\r\nフィギュアやアクセサリー等のグッズ、オフィシャルグッズショップ＆カフェ「ARTNIA」、イベント等を紹介していく公式アカウントです。","url":"http://t.co/GStpByeeEW","entities":{"url":{"urls":[{"url":"http://t.co/GStpByeeEW","expanded_url":"http://www.square-enix-shop.com/jp/index.html","display_url":"square-enix-shop.com/jp/index.html","indices":[0,22]}]},"description":{"urls":[]}},"protected":false,"followers_count":20670,"friends_count":50,"listed_count":482,"created_at":"Tue Sep 07 05:14:53 +0000 2010","favourites_count":9,"utc_offset":32400,"time_zone":"Tokyo","geo_enabled":false,"verified":false,"statuses_count":2978,"lang":"ja","contributors_enabled":false,"is_translator":false,"is_translation_enabled":false,"profile_background_color":"0F0F0F","profile_background_image_url":"http://abs.twimg.com/images/themes/theme1/bg.png","profile_background_image_url_https":"https://abs.twimg.com/images/themes/theme1/bg.png","profile_background_tile":false,"profile_image_url":"http://pbs.twimg.com/profile_images/3147229573/40d5423d89a88530d3d4bf67f1655abe_normal.jpeg","profile_image_url_https":"https://pbs.twimg.com/profile_images/3147229573/40d5423d89a88530d3d4bf67f1655abe_normal.jpeg","profile_link_color":"0084B4","profile_sidebar_border_color":"FFFFFF","profile_sidebar_fill_color":"DDEEF6","profile_text_color":"333333","profile_use_background_image":false,"has_extended_profile":false,"default_profile":false,"default_profile_image":false,"following":false,"follow_request_sent":false,"notifications":false,"translator_type":"none"},"geo":null,"coordinates":null,"place":null,"contributors":null,"is_quote_status":false,"retweet_count":1021,"favorite_count":1211,"favorited":false,"retweeted":false,"possibly_sensitive":false,"lang":"ja"},{"created_at":"Thu Jul 20 00:46:52 +0000 2017","id":887836169878110200,"id_str":"887836169878110208","text":"「パシフィック・リム」のギレルモ・デル・トロ監督最新作「The Shape of Water」予告編が解禁。冷戦時代のアメリカを舞台に、政府の研究所で働く孤独な女性と実験体である半魚人の純愛を描く。12月8日全米公開。https://t.co/bN45eScIne","truncated":false,"entities":{"hashtags":[],"symbols":[],"user_mentions":[],"urls":[],"media":[{"id":887499020305707000,"id_str":"887499020305707008","indices":[109,132],"media_url":"http://pbs.twimg.com/media/DFEIQOcUQAAvKjO.jpg","media_url_https":"https://pbs.twimg.com/media/DFEIQOcUQAAvKjO.jpg","url":"https://t.co/bN45eScIne","display_url":"pic.twitter.com/bN45eScIne","expanded_url":"https://twitter.com/shapeofwater/status/887673396783226881/video/1","type":"photo","sizes":{"small":{"w":680,"h":383,"resize":"fit"},"medium":{"w":1200,"h":675,"resize":"fit"},"thumb":{"w":150,"h":150,"resize":"crop"},"large":{"w":2048,"h":1152,"resize":"fit"}},"source_status_id":887673396783226900,"source_status_id_str":"887673396783226881","source_user_id":746407079695384600,"source_user_id_str":"746407079695384576"}]},"extended_entities":{"media":[{"id":887499020305707000,"id_str":"887499020305707008","indices":[109,132],"media_url":"http://pbs.twimg.com/media/DFEIQOcUQAAvKjO.jpg","media_url_https":"https://pbs.twimg.com/media/DFEIQOcUQAAvKjO.jpg","url":"https://t.co/bN45eScIne","display_url":"pic.twitter.com/bN45eScIne","expanded_url":"https://twitter.com/shapeofwater/status/887673396783226881/video/1","type":"video","sizes":{"small":{"w":680,"h":383,"resize":"fit"},"medium":{"w":1200,"h":675,"resize":"fit"},"thumb":{"w":150,"h":150,"resize":"crop"},"large":{"w":2048,"h":1152,"resize":"fit"}},"source_status_id":887673396783226900,"source_status_id_str":"887673396783226881","source_user_id":746407079695384600,"source_user_id_str":"746407079695384576","video_info":{"aspect_ratio":[16,9],"duration_millis":153152,"variants":[{"bitrate":2176000,"content_type":"video/mp4","url":"https://video.twimg.com/amplify_video/887499020305707008/vid/1280x720/uuA1b9_nTyGAHR5Q.mp4"},{"content_type":"application/x-mpegURL","url":"https://video.twimg.com/amplify_video/887499020305707008/pl/aBD0vkey3cOaM8kx.m3u8"},{"bitrate":832000,"content_type":"video/mp4","url":"https://video.twimg.com/amplify_video/887499020305707008/vid/640x360/MjaCgbwyWJ6bBfqs.mp4"},{"bitrate":320000,"content_type":"video/mp4","url":"https://video.twimg.com/amplify_video/887499020305707008/vid/320x180/1ib3y6HbjZphszOV.mp4"}]},"additional_media_info":{"title":"THE SHAPE OF WATER - Official Trailer","description":"","embeddable":true,"monetizable":false}}]},"metadata":{"iso_language_code":"ja","result_type":"recent"},"source":"<a href=\"http://twitter.com\" rel=\"nofollow\">Twitter Web Client</a>","in_reply_to_status_id":null,"in_reply_to_status_id_str":null,"in_reply_to_user_id":null,"in_reply_to_user_id_str":null,"in_reply_to_screen_name":null,"user":{"id":95379163,"id_str":"95379163","name":"映画情報 オスカーノユクエ","screen_name":"oscarnoyukue","location":"","description":"総合映画情報を発信するサイト「オスカーノユクエ」管理人のTwitter。映画情報ツイートの主なソースは、Deadline, IMDb, The Playlist, Variety, Hollywood Reporter, JoBloなど。","url":"https://t.co/9cyGcIOZV6","entities":{"url":{"urls":[{"url":"https://t.co/9cyGcIOZV6","expanded_url":"http://oscar-no-yukue.com","display_url":"oscar-no-yukue.com","indices":[0,23]}]},"description":{"urls":[]}},"protected":false,"followers_count":105051,"friends_count":77,"listed_count":2549,"created_at":"Tue Dec 08 08:16:38 +0000 2009","favourites_count":3,"utc_offset":32400,"time_zone":"Tokyo","geo_enabled":false,"verified":false,"statuses_count":15357,"lang":"ja","contributors_enabled":false,"is_translator":false,"is_translation_enabled":false,"profile_background_color":"C0DEED","profile_background_image_url":"http://abs.twimg.com/images/themes/theme1/bg.png","profile_background_image_url_https":"https://abs.twimg.com/images/themes/theme1/bg.png","profile_background_tile":false,"profile_image_url":"http://pbs.twimg.com/profile_images/564516374/twitter_icon_normal.jpg","profile_image_url_https":"https://pbs.twimg.com/profile_images/564516374/twitter_icon_normal.jpg","profile_banner_url":"https://pbs.twimg.com/profile_banners/95379163/1424318969","profile_link_color":"1DA1F2","profile_sidebar_border_color":"C0DEED","profile_sidebar_fill_color":"DDEEF6","profile_text_color":"333333","profile_use_background_image":true,"has_extended_profile":false,"default_profile":true,"default_profile_image":false,"following":false,"follow_request_sent":false,"notifications":false,"translator_type":"none"},"geo":null,"coordinates":null,"place":null,"contributors":null,"is_quote_status":false,"retweet_count":771,"favorite_count":898,"favorited":false,"retweeted":false,"possibly_sensitive":false,"lang":"ja"},{"created_at":"Thu Jul 20 00:45:01 +0000 2017","id":887835701483647000,"id_str":"887835701483646977","text":"【負傷者なし】海水浴場でサメ30匹を確認　茨城・日立\nhttps://t.co/7ZRRY79Xj4\n\n水族館の職員によると、おとなしく人を襲うことのない「ドチザメ」とのこと。海水浴場は20日朝に安全確認をしたうえで開場する。 https://t.co/DoI80NJV3d","truncated":false,"entities":{"hashtags":[],"symbols":[],"user_mentions":[],"urls":[{"url":"https://t.co/7ZRRY79Xj4","expanded_url":"http://news.livedoor.com/article/detail/13360706/","display_url":"news.livedoor.com/article/detail…","indices":[27,50]}],"media":[{"id":887831328481173500,"id_str":"887831328481173504","indices":[114,137],"media_url":"http://pbs.twimg.com/media/DFI146qVYAAnXZ7.jpg","media_url_https":"https://pbs.twimg.com/media/DFI146qVYAAnXZ7.jpg","url":"https://t.co/DoI80NJV3d","display_url":"pic.twitter.com/DoI80NJV3d","expanded_url":"https://twitter.com/livedoornews/status/887835701483646977/photo/1","type":"photo","sizes":{"thumb":{"w":150,"h":150,"resize":"crop"},"medium":{"w":640,"h":426,"resize":"fit"},"small":{"w":640,"h":426,"resize":"fit"},"large":{"w":640,"h":426,"resize":"fit"}}}]},"extended_entities":{"media":[{"id":887831328481173500,"id_str":"887831328481173504","indices":[114,137],"media_url":"http://pbs.twimg.com/media/DFI146qVYAAnXZ7.jpg","media_url_https":"https://pbs.twimg.com/media/DFI146qVYAAnXZ7.jpg","url":"https://t.co/DoI80NJV3d","display_url":"pic.twitter.com/DoI80NJV3d","expanded_url":"https://twitter.com/livedoornews/status/887835701483646977/photo/1","type":"photo","sizes":{"thumb":{"w":150,"h":150,"resize":"crop"},"medium":{"w":640,"h":426,"resize":"fit"},"small":{"w":640,"h":426,"resize":"fit"},"large":{"w":640,"h":426,"resize":"fit"}}}]},"metadata":{"iso_language_code":"ja","result_type":"recent"},"source":"<a href=\"https://about.twitter.com/products/tweetdeck\" rel=\"nofollow\">TweetDeck</a>","in_reply_to_status_id":null,"in_reply_to_status_id_str":null,"in_reply_to_user_id":null,"in_reply_to_user_id_str":null,"in_reply_to_screen_name":null,"user":{"id":17306975,"id_str":"17306975","name":"ライブドアニュース","screen_name":"livedoornews","location":"","description":"LINE →https://t.co/yhJO0o7Jns／FB → https://t.co/LHTCuyIEjr／インスタ／→https://t.co/SpmVgPtfCG","url":"http://t.co/Q4Bh3OCfgY","entities":{"url":{"urls":[{"url":"http://t.co/Q4Bh3OCfgY","expanded_url":"http://news.livedoor.com/","display_url":"news.livedoor.com","indices":[0,22]}]},"description":{"urls":[{"url":"https://t.co/yhJO0o7Jns","expanded_url":"http://goo.gl/upBgKP","display_url":"goo.gl/upBgKP","indices":[6,29]},{"url":"https://t.co/LHTCuyIEjr","expanded_url":"http://goo.gl/nDULhn","display_url":"goo.gl/nDULhn","indices":[35,58]},{"url":"https://t.co/SpmVgPtfCG","expanded_url":"http://goo.gl/cHGD9G","display_url":"goo.gl/cHGD9G","indices":[65,88]}]}},"protected":false,"followers_count":430901,"friends_count":88,"listed_count":6139,"created_at":"Tue Nov 11 09:56:31 +0000 2008","favourites_count":2608,"utc_offset":32400,"time_zone":"Tokyo","geo_enabled":false,"verified":true,"statuses_count":177103,"lang":"ja","contributors_enabled":false,"is_translator":false,"is_translation_enabled":false,"profile_background_color":"FFFFFF","profile_background_image_url":"http://pbs.twimg.com/profile_background_images/378800000085828060/4b07c1d868c917fb65a3d64a20904cd5.jpeg","profile_background_image_url_https":"https://pbs.twimg.com/profile_background_images/378800000085828060/4b07c1d868c917fb65a3d64a20904cd5.jpeg","profile_background_tile":false,"profile_image_url":"http://pbs.twimg.com/profile_images/875662964988166149/whdJTD2I_normal.jpg","profile_image_url_https":"https://pbs.twimg.com/profile_images/875662964988166149/whdJTD2I_normal.jpg","profile_link_color":"51ADD4","profile_sidebar_border_color":"FFFFFF","profile_sidebar_fill_color":"95E8EC","profile_text_color":"3C3940","profile_use_background_image":true,"has_extended_profile":false,"default_profile":false,"default_profile_image":false,"following":false,"follow_request_sent":false,"notifications":false,"translator_type":"none"},"geo":null,"coordinates":null,"place":null,"contributors":null,"is_quote_status":false,"retweet_count":554,"favorite_count":438,"favorited":false,"retweeted":false,"possibly_sensitive":false,"lang":"ja"}],"search_metadata":{"completed_in":0.225,"max_id":887857487885475800,"max_id_str":"887857487885475840","next_results":"?max_id=887835701483646976&q=lang%3Aja%20min_retweets%3A500&include_entities=1","query":"lang%3Aja+min_retweets%3A500","refresh_url":"?since_id=887857487885475840&q=lang%3Aja%20min_retweets%3A500&include_entities=1","count":15,"since_id":0,"since_id_str":"0"}}