{"statuses":[{"created_at":"Tue Jul 18 20:50:27 +0000 2017","id":887414284199710700,"id_str":"887414284199710720","text":"ネロ(灬╹ω╹灬) https://t.co/hyKW9XDklY","truncated":false,"entities":{"hashtags":[],"symbols":[],"user_mentions":[],"urls":[],"media":[{"id":887414171196768300,"id_str":"887414171196768256","indices":[10,33],"media_url":"http://pbs.twimg.com/media/DFC6fKrUwAA8mVu.jpg","media_url_https":"https://pbs.twimg.com/media/DFC6fKrUwAA8mVu.jpg","url":"https://t.co/hyKW9XDklY","display_url":"pic.twitter.com/hyKW9XDklY","expanded_url":"https://twitter.com/itsuwa0815/status/887414284199710720/photo/1","type":"photo","sizes":{"thumb":{"w":150,"h":150,"resize":"crop"},"medium":{"w":848,"h":1200,"resize":"fit"},"small":{"w":481,"h":680,"resize":"fit"},"large":{"w":1060,"h":1500,"resize":"fit"}}}]},"extended_entities":{"media":[{"id":887414171196768300,"id_str":"887414171196768256","indices":[10,33],"media_url":"http://pbs.twimg.com/media/DFC6fKrUwAA8mVu.jpg","media_url_https":"https://pbs.twimg.com/media/DFC6fKrUwAA8mVu.jpg","url":"https://t.co/hyKW9XDklY","display_url":"pic.twitter.com/hyKW9XDklY","expanded_url":"https://twitter.com/itsuwa0815/status/887414284199710720/photo/1","type":"photo","sizes":{"thumb":{"w":150,"h":150,"resize":"crop"},"medium":{"w":848,"h":1200,"resize":"fit"},"small":{"w":481,"h":680,"resize":"fit"},"large":{"w":1060,"h":1500,"resize":"fit"}}}]},"metadata":{"iso_language_code":"ja","result_type":"recent"},"source":"<a href=\"http://twitter.com\" rel=\"nofollow\">Twitter Web Client</a>","in_reply_to_status_id":null,"in_reply_to_status_id_str":null,"in_reply_to_user_id":null,"in_reply_to_user_id_str":null,"in_reply_to_screen_name":null,"user":{"id":394975839,"id_str":"394975839","name":"こうましろ🐻台湾FF1日目 S33、","screen_name":"itsuwa0815","location":"広島","description":"玉藻大好き(｀・ω・´) 趣味野球応援(カープ)コスプレを眺める事です。 イラストレーターやってます。「アイドル稼業、はじめました！」著岩関昂道先生 発売中。FGO、グリムノーツのお仕事をさせて頂きました。御用の方はohmashiro＠gmail.com迄ご連絡ください。2017年10月以降のお仕事を募集中","url":"https://t.co/07vi0SbtnL","entities":{"url":{"urls":[{"url":"https://t.co/07vi0SbtnL","expanded_url":"http://www.pixiv.net/member.php?id=4493551","display_url":"pixiv.net/member.php?id=…","indices":[0,23]}]},"description":{"urls":[]}},"protected":false,"followers_count":156673,"friends_count":1578,"listed_count":3503,"created_at":"Thu Oct 20 22:48:25 +0000 2011","favourites_count":9311,"utc_offset":-25200,"time_zone":"Pacific Time (US & Canada)","geo_enabled":true,"verified":false,"statuses_count":8261,"lang":"ja","contributors_enabled":false,"is_translator":false,"is_translation_enabled":false,"profile_background_color":"DBE9ED","profile_background_image_url":"http://pbs.twimg.com/profile_background_images/468580250096386048/5SYD4hdP.jpeg","profile_background_image_url_https":"https://pbs.twimg.com/profile_background_images/468580250096386048/5SYD4hdP.jpeg","profile_background_tile":true,"profile_image_url":"http://pbs.twimg.com/profile_images/887420672619692032/9Fb6m6g6_normal.jpg","profile_image_url_https":"https://pbs.twimg.com/profile_images/887420672619692032/9Fb6m6g6_normal.jpg","profile_banner_url":"https://pbs.twimg.com/profile_banners/394975839/1498917666","profile_link_color":"CC3366","profile_sidebar_border_color":"FFFFFF","profile_sidebar_fill_color":"E6F6F9","profile_text_color":"333333","profile_use_background_image":true,"has_extended_profile":true,"default_profile":false,"default_profile_image":false,"following":false,"follow_request_sent":false,"notifications":false,"translator_type":"none"},"geo":null,"coordinates":null,"place":null,"contributors":null,"is_quote_status":false,"retweet_count":715,"favorite_count":1756,"favorited":false,"retweeted":false,"possibly_sensitive":false,"lang":"ja"},{"created_at":"Tue Jul 18 18:20:00 +0000 2017","id":887376424063049700,"id_str":"887376424063049728","text":"#星野源ANN お聴き頂きありがとうございました！8/16発売の新曲 #FamilySong 沢山のリクエストありがとうございます！来週の放送は「KICK THE CAN CREWのオールナイトニッポン」のため1週お休みです。再来… https://t.co/vcBqcLIAut","truncated":true,"entities":{"hashtags":[{"text":"星野源ANN","indices":[0,7]},{"text":"FamilySong","indices":[35,46]}],"symbols":[],"user_mentions":[],"urls":[{"url":"https://t.co/vcBqcLIAut","expanded_url":"https://twitter.com/i/web/status/887376424063049728","display_url":"twitter.com/i/web/status/8…","indices":[117,140]}]},"metadata":{"iso_language_code":"ja","result_type":"recent"},"source":"<a href=\"http://twitter.com\" rel=\"nofollow\">Twitter Web Client</a>","in_reply_to_status_id":null,"in_reply_to_status_id_str":null,"in_reply_to_user_id":null,"in_reply_to_user_id_str":null,"in_reply_to_screen_name":null,"user":{"id":137682023,"id_str":"137682023","name":"星野源 official","screen_name":"gen_senden","location":"","description":"星野源オフィシャルアカウントです。音楽家、俳優、文筆家、様々な星野源の活動やリリースの情報を発信していきます。","url":"http://t.co/v9MCGO1Ujz","entities":{"url":{"urls":[{"url":"http://t.co/v9MCGO1Ujz","expanded_url":"http://hoshinogen.com","display_url":"hoshinogen.com","indices":[0,22]}]},"description":{"urls":[]}},"protected":false,"followers_count":756385,"friends_count":0,"listed_count":4325,"created_at":"Tue Apr 27 12:40:53 +0000 2010","favourites_count":17,"utc_offset":32400,"time_zone":"Tokyo","geo_enabled":false,"verified":true,"statuses_count":16951,"lang":"ja","contributors_enabled":false,"is_translator":false,"is_translation_enabled":false,"profile_background_color":"FFFFFF","profile_background_image_url":"http://pbs.twimg.com/profile_background_images/874718891/98ae41149fcf2b96b514fafb3cca053c.jpeg","profile_background_image_url_https":"https://pbs.twimg.com/profile_background_images/874718891/98ae41149fcf2b96b514fafb3cca053c.jpeg","profile_background_tile":false,"profile_image_url":"http://pbs.twimg.com/profile_images/880501205020966912/sp1n9Wvh_normal.jpg","profile_image_url_https":"https://pbs.twimg.com/profile_images/880501205020966912/sp1n9Wvh_normal.jpg","profile_banner_url":"https://pbs.twimg.com/profile_banners/137682023/1498762808","profile_link_color":"5E71AD","profile_sidebar_border_color":"FFFFFF","profile_sidebar_fill_color":"DDEEF6","profile_text_color":"333333","profile_use_background_image":true,"has_extended_profile":false,"default_profile":false,"default_profile_image":false,"following":false,"follow_request_sent":false,"notifications":false,"translator_type":"none"},"geo":null,"coordinates":null,"place":null,"contributors":null,"is_quote_status":false,"retweet_count":1631,"favorite_count":7496,"favorited":false,"retweeted":false,"possibly_sensitive":false,"lang":"ja"},{"created_at":"Tue Jul 18 17:52:45 +0000 2017","id":887369565906190300,"id_str":"887369565906190340","text":"[공홈] EXO ‘전야(前夜)' - 응원법 안내!\n\nhttps://t.co/jjK2aF7Jyb https://t.co/cfuCy6IW5W","truncated":false,"entities":{"hashtags":[],"symbols":[],"user_mentions":[],"urls":[{"url":"https://t.co/jjK2aF7Jyb","expanded_url":"https://m.smtown.com/Board/Details/7277078","display_url":"m.smtown.com/Board/Details/…","indices":[29,52]}],"media":[{"id":887369555059679200,"id_str":"887369555059679233","indices":[53,76],"media_url":"http://pbs.twimg.com/media/DFCR6KnUIAEG3-l.jpg","media_url_https":"https://pbs.twimg.com/media/DFCR6KnUIAEG3-l.jpg","url":"https://t.co/cfuCy6IW5W","display_url":"pic.twitter.com/cfuCy6IW5W","expanded_url":"https://twitter.com/since120408_/status/887369565906190340/photo/1","type":"photo","sizes":{"large":{"w":819,"h":2048,"resize":"fit"},"small":{"w":272,"h":680,"resize":"fit"},"thumb":{"w":150,"h":150,"resize":"crop"},"medium":{"w":480,"h":1200,"resize":"fit"}}}]},"extended_entities":{"media":[{"id":887369555059679200,"id_str":"887369555059679233","indices":[53,76],"media_url":"http://pbs.twimg.com/media/DFCR6KnUIAEG3-l.jpg","media_url_https":"https://pbs.twimg.com/media/DFCR6KnUIAEG3-l.jpg","url":"https://t.co/cfuCy6IW5W","display_url":"pic.twitter.com/cfuCy6IW5W","expanded_url":"https://twitter.com/since120408_/status/887369565906190340/photo/1","type":"photo","sizes":{"large":{"w":819,"h":2048,"resize":"fit"},"small":{"w":272,"h":680,"resize":"fit"},"thumb":{"w":150,"h":150,"resize":"crop"},"medium":{"w":480,"h":1200,"resize":"fit"}}}]},"metadata":{"iso_language_code":"ja","result_type":"recent"},"source":"<a href=\"http://twitter.com/download/android\" rel=\"nofollow\">Twitter for Android</a>","in_reply_to_status_id":null,"in_reply_to_status_id_str":null,"in_reply_to_user_id":null,"in_reply_to_user_id_str":null,"in_reply_to_screen_name":null,"user":{"id":782493126665474000,"id_str":"782493126665474048","name":"TRAVEL TO EXOPLANET","screen_name":"since120408_","location":"","description":"엑소 팬 커뮤니티 | 투엑플(Travel to EXOplanet with EXO) 📬traveltoxoxo@hanmail.net | 모든 공지는 마음글❤ 문의는 DM","url":"https://t.co/3CzhvsVEH3","entities":{"url":{"urls":[{"url":"https://t.co/3CzhvsVEH3","expanded_url":"http://since120408.com","display_url":"since120408.com","indices":[0,23]}]},"description":{"urls":[]}},"protected":false,"followers_count":37123,"friends_count":2,"listed_count":57,"created_at":"Sun Oct 02 08:11:14 +0000 2016","favourites_count":96,"utc_offset":-25200,"time_zone":"Pacific Time (US & Canada)","geo_enabled":false,"verified":false,"statuses_count":2074,"lang":"ko","contributors_enabled":false,"is_translator":false,"is_translation_enabled":false,"profile_background_color":"000000","profile_background_image_url":"http://abs.twimg.com/images/themes/theme1/bg.png","profile_background_image_url_https":"https://abs.twimg.com/images/themes/theme1/bg.png","profile_background_tile":false,"profile_image_url":"http://pbs.twimg.com/profile_images/884244582455681024/CRM-hM86_normal.jpg","profile_image_url_https":"https://pbs.twimg.com/profile_images/884244582455681024/CRM-hM86_normal.jpg","profile_banner_url":"https://pbs.twimg.com/profile_banners/782493126665474048/1481520392","profile_link_color":"000000","profile_sidebar_border_color":"000000","profile_sidebar_fill_color":"000000","profile_text_color":"000000","profile_use_background_image":false,"has_extended_profile":false,"default_profile":false,"default_profile_image":false,"following":false,"follow_request_sent":false,"notifications":false,"translator_type":"none"},"geo":null,"coordinates":null,"place":null,"contributors":null,"is_quote_status":false,"retweet_count":940,"favorite_count":165,"favorited":false,"retweeted":false,"possibly_sensitive":false,"lang":"ja"},{"created_at":"Tue Jul 18 17:23:53 +0000 2017","id":887362301237444600,"id_str":"887362301237444608","text":"萱野稔人「差別というのは問題のすり替え。立法に携わる国会議員が公選法や国籍法や旅券法など法律を理解していたのか、法に抵触してる指摘に説明責任を尽くしていたのかが本当の問題。今日の記者会見を見ると到底納得できない。蓮舫民進党は他人に… https://t.co/3rbyUjUGgz","truncated":true,"entities":{"hashtags":[],"symbols":[],"user_mentions":[],"urls":[{"url":"https://t.co/3rbyUjUGgz","expanded_url":"https://twitter.com/i/web/status/887362301237444608","display_url":"twitter.com/i/web/status/8…","indices":[117,140]}]},"metadata":{"iso_language_code":"ja","result_type":"recent"},"source":"<a href=\"http://twitter.com\" rel=\"nofollow\">Twitter Web Client</a>","in_reply_to_status_id":887360135437234200,"in_reply_to_status_id_str":"887360135437234176","in_reply_to_user_id":524294327,"in_reply_to_user_id_str":"524294327","in_reply_to_screen_name":"_500yen","user":{"id":524294327,"id_str":"524294327","name":"500円","screen_name":"_500yen","location":"日本銀行","description":"ここは実況垢(@_500yen)です／ https://t.co/47sclMQccz ／本垢は(@bio_jackrose)です／ https://t.co/OdmT4fq1c1 ／ ※ツイートは誤字脱字が多目ですので「忖度」してください＼(^o^)／","url":"https://t.co/wePGds7zOE","entities":{"url":{"urls":[{"url":"https://t.co/wePGds7zOE","expanded_url":"https://aclog.rhe.jp/_500yen","display_url":"aclog.rhe.jp/_500yen","indices":[0,23]}]},"description":{"urls":[{"url":"https://t.co/47sclMQccz","expanded_url":"http://fivezerozero.tumblr.com","display_url":"fivezerozero.tumblr.com","indices":[20,43]},{"url":"https://t.co/OdmT4fq1c1","expanded_url":"http://jackrose.tumblr.com","display_url":"jackrose.tumblr.com","indices":[67,90]}]}},"protected":false,"followers_count":46185,"friends_count":579,"listed_count":841,"created_at":"Wed Mar 14 12:11:11 +0000 2012","favourites_count":133982,"utc_offset":32400,"time_zone":"Tokyo","geo_enabled":false,"verified":false,"statuses_count":27059,"lang":"ja","contributors_enabled":false,"is_translator":false,"is_translation_enabled":false,"profile_background_color":"00C6E1","profile_background_image_url":"http://pbs.twimg.com/profile_background_images/597033948468760576/yht65XtD.png","profile_background_image_url_https":"https://pbs.twimg.com/profile_background_images/597033948468760576/yht65XtD.png","profile_background_tile":false,"profile_image_url":"http://pbs.twimg.com/profile_images/2892403315/3b163fe3c2c3fea75c665836cef68767_normal.png","profile_image_url_https":"https://pbs.twimg.com/profile_images/2892403315/3b163fe3c2c3fea75c665836cef68767_normal.png","profile_banner_url":"https://pbs.twimg.com/profile_banners/524294327/1431184208","profile_link_color":"DD2E44","profile_sidebar_border_color":"000000","profile_sidebar_fill_color":"95E8EC","profile_text_color":"3C3940","profile_use_background_image":false,"has_extended_profile":false,"default_profile":false,"default_profile_image":false,"following":false,"follow_request_sent":false,"notifications":false,"translator_type":"regular"},"geo":null,"coordinates":null,"place":null,"contributors":null,"is_quote_status":false,"retweet_count":679,"favorite_count":736,"favorited":false,"retweeted":false,"possibly_sensitive":false,"lang":"ja"},{"created_at":"Tue Jul 18 17:23:53 +0000 2017","id":887362300046438400,"id_str":"887362300046438400","text":"これが事実なら完全にアウト、大臣どころか議員を辞職してほしい。→稲田氏、組織的隠蔽を了承　PKO日報、国会で虚偽答弁 | 2017/7/19 - 共同通信 47NEWS https://t.co/4o6UWJY38n","truncated":false,"entities":{"hashtags":[],"symbols":[],"user_mentions":[],"urls":[{"url":"https://t.co/4o6UWJY38n","expanded_url":"https://this.kiji.is/260088924608626696","display_url":"this.kiji.is/26008892460862…","indices":[85,108]}]},"metadata":{"iso_language_code":"ja","result_type":"recent"},"source":"<a href=\"http://twitter.com\" rel=\"nofollow\">Twitter Web Client</a>","in_reply_to_status_id":null,"in_reply_to_status_id_str":null,"in_reply_to_user_id":null,"in_reply_to_user_id_str":null,"in_reply_to_screen_name":null,"user":{"id":116641739,"id_str":"116641739","name":"想田和弘","screen_name":"KazuhiroSoda","location":"New York","description":"映画作家。最新作は『港町』。『選挙』『精神』『Peace』『演劇１・２』『選挙２』『牡蠣工場』。著書に『観察する男』『カメラを持て、町へ出よう』『熱狂なきファシズム』『日本人は民主主義を捨てたがっているのか？』『演劇vs映画』『なぜ僕はドキュメンタリーを撮るのか』『精神病とモザイク』 English: @Kazsoda","url":"https://t.co/Eyvj0Fgl1q","entities":{"url":{"urls":[{"url":"https://t.co/Eyvj0Fgl1q","expanded_url":"http://www.laboratoryx.us/sodaofficial/HOME.html","display_url":"laboratoryx.us/sodaofficial/H…","indices":[0,23]}]},"description":{"urls":[]}},"protected":false,"followers_count":57560,"friends_count":2571,"listed_count":2575,"created_at":"Tue Feb 23 04:43:31 +0000 2010","favourites_count":1091,"utc_offset":-14400,"time_zone":"Eastern Time (US & Canada)","geo_enabled":true,"verified":false,"statuses_count":48572,"lang":"ja","contributors_enabled":false,"is_translator":false,"is_translation_enabled":false,"profile_background_color":"352726","profile_background_image_url":"http://abs.twimg.com/images/themes/theme5/bg.gif","profile_background_image_url_https":"https://abs.twimg.com/images/themes/theme5/bg.gif","profile_background_tile":false,"profile_image_url":"http://pbs.twimg.com/profile_images/848167072840286208/5ZDPUd_6_normal.jpg","profile_image_url_https":"https://pbs.twimg.com/profile_images/848167072840286208/5ZDPUd_6_normal.jpg","profile_banner_url":"https://pbs.twimg.com/profile_banners/116641739/1498644037","profile_link_color":"D02B55","profile_sidebar_border_color":"829D5E","profile_sidebar_fill_color":"99CC33","profile_text_color":"3E4415","profile_use_background_image":true,"has_extended_profile":true,"default_profile":false,"default_profile_image":false,"following":false,"follow_request_sent":false,"notifications":false,"translator_type":"none"},"geo":null,"coordinates":null,"place":null,"contributors":null,"is_quote_status":false,"retweet_count":501,"favorite_count":233,"favorited":false,"retweeted":false,"possibly_sensitive":false,"lang":"ja"},{"created_at":"Tue Jul 18 17:17:16 +0000 2017","id":887360637084422100,"id_str":"887360637084422144","text":"自分の為に描いてるんだよバーカ！って考えると楽しさだけが残る https://t.co/bQZ5OmHBLl","truncated":false,"entities":{"hashtags":[],"symbols":[],"user_mentions":[],"urls":[],"media":[{"id":887359936157458400,"id_str":"887359936157458433","indices":[31,54],"media_url":"http://pbs.twimg.com/media/DFCJKRaUIAEUHe1.jpg","media_url_https":"https://pbs.twimg.com/media/DFCJKRaUIAEUHe1.jpg","url":"https://t.co/bQZ5OmHBLl","display_url":"pic.twitter.com/bQZ5OmHBLl","expanded_url":"https://twitter.com/yamayo/status/887360637084422144/photo/1","type":"photo","sizes":{"large":{"w":855,"h":1000,"resize":"fit"},"thumb":{"w":150,"h":150,"resize":"crop"},"medium":{"w":855,"h":1000,"resize":"fit"},"small":{"w":581,"h":680,"resize":"fit"}}}]},"extended_entities":{"media":[{"id":887359936157458400,"id_str":"887359936157458433","indices":[31,54],"media_url":"http://pbs.twimg.com/media/DFCJKRaUIAEUHe1.jpg","media_url_https":"https://pbs.twimg.com/media/DFCJKRaUIAEUHe1.jpg","url":"https://t.co/bQZ5OmHBLl","display_url":"pic.twitter.com/bQZ5OmHBLl","expanded_url":"https://twitter.com/yamayo/status/887360637084422144/photo/1","type":"photo","sizes":{"large":{"w":855,"h":1000,"resize":"fit"},"thumb":{"w":150,"h":150,"resize":"crop"},"medium":{"w":855,"h":1000,"resize":"fit"},"small":{"w":581,"h":680,"resize":"fit"}}}]},"metadata":{"iso_language_code":"ja","result_type":"recent"},"source":"<a href=\"http://twitter.com\" rel=\"nofollow\">Twitter Web Client</a>","in_reply_to_status_id":null,"in_reply_to_status_id_str":null,"in_reply_to_user_id":null,"in_reply_to_user_id_str":null,"in_reply_to_screen_name":null,"user":{"id":18792100,"id_str":"18792100","name":"ぞんびさん＠日東ク-10a","screen_name":"yamayo","location":"ちゅーぶちほー","description":"ラノベ案件ゆる募中でしたが夏コミ開けまで一旦停止です。 https://t.co/k0mjSZR9uN\nお試し設置\nhttps://t.co/TMcagzUMfH","url":"https://t.co/OcwWEe9Tk6","entities":{"url":{"urls":[{"url":"https://t.co/OcwWEe9Tk6","expanded_url":"http://sp-zombie.tumblr.com/","display_url":"sp-zombie.tumblr.com","indices":[0,23]}]},"description":{"urls":[{"url":"https://t.co/k0mjSZR9uN","expanded_url":"http://pixiv.me/yamayo","display_url":"pixiv.me/yamayo","indices":[28,51]},{"url":"https://t.co/TMcagzUMfH","expanded_url":"http://odaibako.net/u/yamayo","display_url":"odaibako.net/u/yamayo","indices":[58,81]}]}},"protected":false,"followers_count":81270,"friends_count":1827,"listed_count":1852,"created_at":"Fri Jan 09 04:25:46 +0000 2009","favourites_count":53557,"utc_offset":32400,"time_zone":"Tokyo","geo_enabled":false,"verified":false,"statuses_count":39447,"lang":"ja","contributors_enabled":false,"is_translator":false,"is_translation_enabled":false,"profile_background_color":"000000","profile_background_image_url":"http://abs.twimg.com/images/themes/theme4/bg.gif","profile_background_image_url_https":"https://abs.twimg.com/images/themes/theme4/bg.gif","profile_background_tile":false,"profile_image_url":"http://pbs.twimg.com/profile_images/851209793821855744/BGEBGMrv_normal.jpg","profile_image_url_https":"https://pbs.twimg.com/profile_images/851209793821855744/BGEBGMrv_normal.jpg","profile_banner_url":"https://pbs.twimg.com/profile_banners/18792100/1441545344","profile_link_color":"FA743E","profile_sidebar_border_color":"000000","profile_sidebar_fill_color":"000000","profile_text_color":"000000","profile_use_background_image":false,"has_extended_profile":true,"default_profile":false,"default_profile_image":false,"following":false,"follow_request_sent":false,"notifications":false,"translator_type":"none"},"geo":null,"coordinates":null,"place":null,"contributors":null,"is_quote_status":false,"retweet_count":646,"favorite_count":1751,"favorited":false,"retweeted":false,"possibly_sensitive":false,"lang":"ja"},{"created_at":"Tue Jul 18 17:15:17 +0000 2017","id":887360135437234200,"id_str":"887360135437234176","text":"蓮舫は「二重国籍はデマです」と切り捨て「生まれた時から日本人」と嘘を言い。過去の雑誌記事で「台湾籍」「在日の中国籍の者」と発言してる事を指摘されても「台湾籍だったという過去形の意味」と嘘の上塗りを続けてたのに、何の責任も取らずに国… https://t.co/s0MLCQsqrv","truncated":true,"entities":{"hashtags":[],"symbols":[],"user_mentions":[],"urls":[{"url":"https://t.co/s0MLCQsqrv","expanded_url":"https://twitter.com/i/web/status/887360135437234176","display_url":"twitter.com/i/web/status/8…","indices":[117,140]}]},"metadata":{"iso_language_code":"ja","result_type":"recent"},"source":"<a href=\"http://twitter.com\" rel=\"nofollow\">Twitter Web Client</a>","in_reply_to_status_id":null,"in_reply_to_status_id_str":null,"in_reply_to_user_id":null,"in_reply_to_user_id_str":null,"in_reply_to_screen_name":null,"user":{"id":524294327,"id_str":"524294327","name":"500円","screen_name":"_500yen","location":"日本銀行","description":"ここは実況垢(@_500yen)です／ https://t.co/47sclMQccz ／本垢は(@bio_jackrose)です／ https://t.co/OdmT4fq1c1 ／ ※ツイートは誤字脱字が多目ですので「忖度」してください＼(^o^)／","url":"https://t.co/wePGds7zOE","entities":{"url":{"urls":[{"url":"https://t.co/wePGds7zOE","expanded_url":"https://aclog.rhe.jp/_500yen","display_url":"aclog.rhe.jp/_500yen","indices":[0,23]}]},"description":{"urls":[{"url":"https://t.co/47sclMQccz","expanded_url":"http://fivezerozero.tumblr.com","display_url":"fivezerozero.tumblr.com","indices":[20,43]},{"url":"https://t.co/OdmT4fq1c1","expanded_url":"http://jackrose.tumblr.com","display_url":"jackrose.tumblr.com","indices":[67,90]}]}},"protected":false,"followers_count":46185,"friends_count":579,"listed_count":841,"created_at":"Wed Mar 14 12:11:11 +0000 2012","favourites_count":133982,"utc_offset":32400,"time_zone":"Tokyo","geo_enabled":false,"verified":false,"statuses_count":27059,"lang":"ja","contributors_enabled":false,"is_translator":false,"is_translation_enabled":false,"profile_background_color":"00C6E1","profile_background_image_url":"http://pbs.twimg.com/profile_background_images/597033948468760576/yht65XtD.png","profile_background_image_url_https":"https://pbs.twimg.com/profile_background_images/597033948468760576/yht65XtD.png","profile_background_tile":false,"profile_image_url":"http://pbs.twimg.com/profile_images/2892403315/3b163fe3c2c3fea75c665836cef68767_normal.png","profile_image_url_https":"https://pbs.twimg.com/profile_images/2892403315/3b163fe3c2c3fea75c665836cef68767_normal.png","profile_banner_url":"https://pbs.twimg.com/profile_banners/524294327/1431184208","profile_link_color":"DD2E44","profile_sidebar_border_color":"000000","profile_sidebar_fill_color":"95E8EC","profile_text_color":"3C3940","profile_use_background_image":false,"has_extended_profile":false,"default_profile":false,"default_profile_image":false,"following":false,"follow_request_sent":false,"notifications":false,"translator_type":"regular"},"geo":null,"coordinates":null,"place":null,"contributors":null,"is_quote_status":false,"retweet_count":672,"favorite_count":654,"favorited":false,"retweeted":false,"possibly_sensitive":false,"lang":"ja"},{"created_at":"Tue Jul 18 17:11:49 +0000 2017","id":887359265907724300,"id_str":"887359265907724288","text":"これが事実ならば稲田大臣は組織的隠蔽に自ら加わりながら素知らぬ顔で国会で虚偽答弁を繰り返し、白々しく特別防衛監察を指示したことになる。犯罪的だ。議員辞職に値する。\n\n稲田氏、組織的隠蔽を了承　PKO日報、国会で虚偽答弁 | 共同通信 https://t.co/eQCF9GJ5HN","truncated":false,"entities":{"hashtags":[],"symbols":[],"user_mentions":[],"urls":[{"url":"https://t.co/eQCF9GJ5HN","expanded_url":"https://this.kiji.is/260088924608626696","display_url":"this.kiji.is/26008892460862…","indices":[117,140]}]},"metadata":{"iso_language_code":"ja","result_type":"recent"},"source":"<a href=\"http://twitter.com/download/iphone\" rel=\"nofollow\">Twitter for iPhone</a>","in_reply_to_status_id":null,"in_reply_to_status_id_str":null,"in_reply_to_user_id":null,"in_reply_to_user_id_str":null,"in_reply_to_screen_name":null,"user":{"id":90295810,"id_str":"90295810","name":"布施祐仁","screen_name":"yujinfuse","location":"JAPAN","description":"Journalist／南スーダン日報隠蔽問題／「ルポ イチエフ 福島第一原発 レベル7の現場」、「日米密約 裁かれない米兵犯罪」(岩波書店) 、「経済的徴兵制」(集英社新書) etc… ✴︎原稿、講演などのご依頼、情報提供は→DMまたは urespa99☆https://t.co/Xtx28AllxF (☆→@)","url":null,"entities":{"description":{"urls":[{"url":"https://t.co/Xtx28AllxF","expanded_url":"http://yahoo.co.jp","display_url":"yahoo.co.jp","indices":[128,151]}]}},"protected":false,"followers_count":27684,"friends_count":4391,"listed_count":1135,"created_at":"Mon Nov 16 01:40:53 +0000 2009","favourites_count":3537,"utc_offset":32400,"time_zone":"Tokyo","geo_enabled":true,"verified":false,"statuses_count":30469,"lang":"ja","contributors_enabled":false,"is_translator":false,"is_translation_enabled":false,"profile_background_color":"C0DEED","profile_background_image_url":"http://abs.twimg.com/images/themes/theme1/bg.png","profile_background_image_url_https":"https://abs.twimg.com/images/themes/theme1/bg.png","profile_background_tile":false,"profile_image_url":"http://pbs.twimg.com/profile_images/828873121415303169/Rr2GsUpl_normal.jpg","profile_image_url_https":"https://pbs.twimg.com/profile_images/828873121415303169/Rr2GsUpl_normal.jpg","profile_banner_url":"https://pbs.twimg.com/profile_banners/90295810/1499696905","profile_link_color":"1DA1F2","profile_sidebar_border_color":"C0DEED","profile_sidebar_fill_color":"DDEEF6","profile_text_color":"333333","profile_use_background_image":true,"has_extended_profile":false,"default_profile":true,"default_profile_image":false,"following":false,"follow_request_sent":false,"notifications":false,"translator_type":"none"},"geo":null,"coordinates":null,"place":null,"contributors":null,"is_quote_status":false,"retweet_count":850,"favorite_count":341,"favorited":false,"retweeted":false,"possibly_sensitive":false,"lang":"ja"},{"created_at":"Tue Jul 18 17:05:17 +0000 2017","id":887357619773386800,"id_str":"887357619773386752","text":"南スーダンPKO部隊の日報を廃棄したとしながら陸自が保管していた問題で、稲田防衛相が保管の事実を非公表とする方針を伝えられ、了承していたことが分かりました。防衛省・自衛隊の組織的隠蔽を容認した形となります。\nhttps://t.co/xgfVpaJAEw","truncated":false,"entities":{"hashtags":[],"symbols":[],"user_mentions":[],"urls":[{"url":"https://t.co/xgfVpaJAEw","expanded_url":"https://mainichi.jp/articles/20170719/k00/00m/040/185000c","display_url":"mainichi.jp/articles/20170…","indices":[104,127]}]},"metadata":{"iso_language_code":"ja","result_type":"recent"},"source":"<a href=\"http://twitter.com\" rel=\"nofollow\">Twitter Web Client</a>","in_reply_to_status_id":null,"in_reply_to_status_id_str":null,"in_reply_to_user_id":null,"in_reply_to_user_id_str":null,"in_reply_to_screen_name":null,"user":{"id":49540955,"id_str":"49540955","name":"毎日新聞","screen_name":"mainichi","location":"東京都千代田区","description":"毎日新聞のニュースサイトからおすすめ記事などをツイートします。FBページ https://t.co/waY2rxLf48 Google+ページもあります https://t.co/WGWNwwQzLF","url":"https://t.co/t3fGg5YbYZ","entities":{"url":{"urls":[{"url":"https://t.co/t3fGg5YbYZ","expanded_url":"http://mainichi.jp/","display_url":"mainichi.jp","indices":[0,23]}]},"description":{"urls":[{"url":"https://t.co/waY2rxLf48","expanded_url":"https://www.facebook.com/mainichishimbun/","display_url":"facebook.com/mainichishimbu…","indices":[37,60]},{"url":"https://t.co/WGWNwwQzLF","expanded_url":"http://goo.gl/ixZu0","display_url":"goo.gl/ixZu0","indices":[77,100]}]}},"protected":false,"followers_count":836412,"friends_count":193,"listed_count":30999,"created_at":"Mon Jun 22 04:53:27 +0000 2009","favourites_count":37,"utc_offset":32400,"time_zone":"Tokyo","geo_enabled":false,"verified":true,"statuses_count":120667,"lang":"ja","contributors_enabled":false,"is_translator":false,"is_translation_enabled":false,"profile_background_color":"FF6699","profile_background_image_url":"http://abs.twimg.com/images/themes/theme1/bg.png","profile_background_image_url_https":"https://abs.twimg.com/images/themes/theme1/bg.png","profile_background_tile":true,"profile_image_url":"http://pbs.twimg.com/profile_images/875582156399026176/nvKfbCrk_normal.jpg","profile_image_url_https":"https://pbs.twimg.com/profile_images/875582156399026176/nvKfbCrk_normal.jpg","profile_banner_url":"https://pbs.twimg.com/profile_banners/49540955/1494143968","profile_link_color":"B40B43","profile_sidebar_border_color":"FFFFFF","profile_sidebar_fill_color":"DFDFDF","profile_text_color":"333333","profile_use_background_image":true,"has_extended_profile":false,"default_profile":false,"default_profile_image":false,"following":false,"follow_request_sent":false,"notifications":false,"translator_type":"none"},"geo":null,"coordinates":null,"place":null,"contributors":null,"is_quote_status":false,"retweet_count":521,"favorite_count":226,"favorited":false,"retweeted":false,"possibly_sensitive":false,"lang":"ja"},{"created_at":"Tue Jul 18 17:03:11 +0000 2017","id":887357092683595800,"id_str":"887357092683595777","text":"こりごりだよGIF https://t.co/lltoM7UAzW","truncated":false,"entities":{"hashtags":[],"symbols":[],"user_mentions":[],"urls":[],"media":[{"id":887356896574791700,"id_str":"887356896574791680","indices":[10,33],"media_url":"http://pbs.twimg.com/tweet_video_thumb/DFCGZWFVYAAEoby.jpg","media_url_https":"https://pbs.twimg.com/tweet_video_thumb/DFCGZWFVYAAEoby.jpg","url":"https://t.co/lltoM7UAzW","display_url":"pic.twitter.com/lltoM7UAzW","expanded_url":"https://twitter.com/uzura3026/status/887357092683595777/photo/1","type":"photo","sizes":{"thumb":{"w":150,"h":150,"resize":"crop"},"large":{"w":600,"h":366,"resize":"fit"},"medium":{"w":600,"h":366,"resize":"fit"},"small":{"w":340,"h":207,"resize":"fit"}}}]},"extended_entities":{"media":[{"id":887356896574791700,"id_str":"887356896574791680","indices":[10,33],"media_url":"http://pbs.twimg.com/tweet_video_thumb/DFCGZWFVYAAEoby.jpg","media_url_https":"https://pbs.twimg.com/tweet_video_thumb/DFCGZWFVYAAEoby.jpg","url":"https://t.co/lltoM7UAzW","display_url":"pic.twitter.com/lltoM7UAzW","expanded_url":"https://twitter.com/uzura3026/status/887357092683595777/photo/1","type":"animated_gif","sizes":{"thumb":{"w":150,"h":150,"resize":"crop"},"large":{"w":600,"h":366,"resize":"fit"},"medium":{"w":600,"h":366,"resize":"fit"},"small":{"w":340,"h":207,"resize":"fit"}},"video_info":{"aspect_ratio":[100,61],"variants":[{"bitrate":0,"content_type":"video/mp4","url":"https://video.twimg.com/tweet_video/DFCGZWFVYAAEoby.mp4"}]}}]},"metadata":{"iso_language_code":"ja","result_type":"recent"},"source":"<a href=\"http://twitter.com\" rel=\"nofollow\">Twitter Web Client</a>","in_reply_to_status_id":null,"in_reply_to_status_id_str":null,"in_reply_to_user_id":null,"in_reply_to_user_id_str":null,"in_reply_to_screen_name":null,"user":{"id":122915590,"id_str":"122915590","name":"スペースウズルァ3026","screen_name":"uzura3026","location":"","description":"商業アニメーターの鈴木です。雑多なゲームの話とお仕事辛いツイートしかしません。大量に呟いては消すスタイルなのでヨロシク！！","url":"https://t.co/pVBVGhI73e","entities":{"url":{"urls":[{"url":"https://t.co/pVBVGhI73e","expanded_url":"http://uzura3026.tumblr.com/","display_url":"uzura3026.tumblr.com","indices":[0,23]}]},"description":{"urls":[]}},"protected":false,"followers_count":11200,"friends_count":339,"listed_count":218,"created_at":"Sun Mar 14 10:02:09 +0000 2010","favourites_count":3151,"utc_offset":32400,"time_zone":"Tokyo","geo_enabled":true,"verified":false,"statuses_count":13519,"lang":"ja","contributors_enabled":false,"is_translator":false,"is_translation_enabled":false,"profile_background_color":"352726","profile_background_image_url":"http://abs.twimg.com/images/themes/theme5/bg.gif","profile_background_image_url_https":"https://abs.twimg.com/images/themes/theme5/bg.gif","profile_background_tile":false,"profile_image_url":"http://pbs.twimg.com/profile_images/876008694290333696/PbEixVhQ_normal.jpg","profile_image_url_https":"https://pbs.twimg.com/profile_images/876008694290333696/PbEixVhQ_normal.jpg","profile_banner_url":"https://pbs.twimg.com/profile_banners/122915590/1480822298","profile_link_color":"D02B54","profile_sidebar_border_color":"829D5E","profile_sidebar_fill_color":"99CC33","profile_text_color":"3E4415","profile_use_background_image":true,"has_extended_profile":true,"default_profile":false,"default_profile_image":false,"following":false,"follow_request_sent":false,"notifications":false,"translator_type":"none"},"geo":null,"coordinates":null,"place":null,"contributors":null,"is_quote_status":false,"retweet_count":960,"favorite_count":2073,"favorited":false,"retweeted":false,"possibly_sensitive":false,"lang":"ja"},{"created_at":"Tue Jul 18 16:55:26 +0000 2017","id":887355138968506400,"id_str":"887355138968506368","text":"ビーデルさん描きました\n（お題箱） https://t.co/YtKaHO2nrL","truncated":false,"entities":{"hashtags":[],"symbols":[],"user_mentions":[],"urls":[],"media":[{"id":887355059813572600,"id_str":"887355059813572610","indices":[18,41],"media_url":"http://pbs.twimg.com/media/DFCEubnVYAI3I44.jpg","media_url_https":"https://pbs.twimg.com/media/DFCEubnVYAI3I44.jpg","url":"https://t.co/YtKaHO2nrL","display_url":"pic.twitter.com/YtKaHO2nrL","expanded_url":"https://twitter.com/udon0531/status/887355138968506368/photo/1","type":"photo","sizes":{"medium":{"w":754,"h":1200,"resize":"fit"},"large":{"w":1228,"h":1954,"resize":"fit"},"thumb":{"w":150,"h":150,"resize":"crop"},"small":{"w":427,"h":680,"resize":"fit"}}}]},"extended_entities":{"media":[{"id":887355059813572600,"id_str":"887355059813572610","indices":[18,41],"media_url":"http://pbs.twimg.com/media/DFCEubnVYAI3I44.jpg","media_url_https":"https://pbs.twimg.com/media/DFCEubnVYAI3I44.jpg","url":"https://t.co/YtKaHO2nrL","display_url":"pic.twitter.com/YtKaHO2nrL","expanded_url":"https://twitter.com/udon0531/status/887355138968506368/photo/1","type":"photo","sizes":{"medium":{"w":754,"h":1200,"resize":"fit"},"large":{"w":1228,"h":1954,"resize":"fit"},"thumb":{"w":150,"h":150,"resize":"crop"},"small":{"w":427,"h":680,"resize":"fit"}}}]},"metadata":{"iso_language_code":"ja","result_type":"recent"},"source":"<a href=\"http://twitter.com\" rel=\"nofollow\">Twitter Web Client</a>","in_reply_to_status_id":null,"in_reply_to_status_id_str":null,"in_reply_to_user_id":null,"in_reply_to_user_id_str":null,"in_reply_to_screen_name":null,"user":{"id":302252321,"id_str":"302252321","name":"山本崇一朗・高木さん⑤2/10","screen_name":"udon0531","location":"","description":"島生まれ島育ち。ゲッサンにて「からかい上手の高木さん」連載中。完結済→「ふだつきのキョーコちゃん」全７巻、あしたは土曜日」全２巻。落書き置き場→https://t.co/Vz4ELk6ul2\nお題箱→https://t.co/aygLNREG5i","url":"https://t.co/fbGbw4qlik","entities":{"url":{"urls":[{"url":"https://t.co/fbGbw4qlik","expanded_url":"http://www.pixiv.net/member.php?id=61937","display_url":"pixiv.net/member.php?id=…","indices":[0,23]}]},"description":{"urls":[{"url":"https://t.co/Vz4ELk6ul2","expanded_url":"http://udon0531.tumblr.com/","display_url":"udon0531.tumblr.com","indices":[72,95]},{"url":"https://t.co/aygLNREG5i","expanded_url":"http://odaibako.net/u/udon0531","display_url":"odaibako.net/u/udon0531","indices":[100,123]}]}},"protected":false,"followers_count":121773,"friends_count":292,"listed_count":2051,"created_at":"Fri May 20 21:34:21 +0000 2011","favourites_count":8156,"utc_offset":28800,"time_zone":"Irkutsk","geo_enabled":true,"verified":false,"statuses_count":14703,"lang":"ja","contributors_enabled":false,"is_translator":false,"is_translation_enabled":false,"profile_background_color":"C0DEED","profile_background_image_url":"http://pbs.twimg.com/profile_background_images/378800000169727534/rsWOMYna.jpeg","profile_background_image_url_https":"https://pbs.twimg.com/profile_background_images/378800000169727534/rsWOMYna.jpeg","profile_background_tile":false,"profile_image_url":"http://pbs.twimg.com/profile_images/697318018808852480/4Rs8xEXW_normal.png","profile_image_url_https":"https://pbs.twimg.com/profile_images/697318018808852480/4Rs8xEXW_normal.png","profile_banner_url":"https://pbs.twimg.com/profile_banners/302252321/1436779796","profile_link_color":"0084B4","profile_sidebar_border_color":"000000","profile_sidebar_fill_color":"DDEEF6","profile_text_color":"333333","profile_use_background_image":true,"has_extended_profile":false,"default_profile":false,"default_profile_image":false,"following":false,"follow_request_sent":false,"notifications":false,"translator_type":"none"},"geo":null,"coordinates":null,"place":null,"contributors":null,"is_quote_status":false,"retweet_count":742,"favorite_count":2544,"favorited":false,"retweeted":false,"possibly_sensitive":false,"lang":"ja"},{"created_at":"Tue Jul 18 16:41:50 +0000 2017","id":887351717796368400,"id_str":"887351717796368384","text":"(´3`)oO(政治家って法律を違反していてもそれが本人の故意ではなければ許される仕事なのかあ。\nそんな政治家の方々に未来を託す僕たちの税金、申告を故意ではなく間違えただけで叱られて追加徴収されるのにね。差別だなあ。","truncated":false,"entities":{"hashtags":[],"symbols":[],"user_mentions":[],"urls":[]},"metadata":{"iso_language_code":"ja","result_type":"recent"},"source":"<a href=\"http://twitter.com/download/iphone\" rel=\"nofollow\">Twitter for iPhone</a>","in_reply_to_status_id":null,"in_reply_to_status_id_str":null,"in_reply_to_user_id":null,"in_reply_to_user_id_str":null,"in_reply_to_screen_name":null,"user":{"id":207005598,"id_str":"207005598","name":"つるの剛士","screen_name":"takeshi_tsuruno","location":"湘南の海辺か山辺【藤沢市】藤沢観光親善大使","description":"手抜くが気抜かず時々怠けない歌う42歳B型5児親父。ｳﾙﾄﾗﾏﾝﾀﾞｲﾅ(ｱｽｶ･ｼﾝ)地球🌍日本🎌【音/歌/将棋（戸辺門下）/波/絵/写/山/釣/農/蝉/宙/妻…】が大好物。憧れの歌手は蝉、目標の食材は卵。『深広淡生』。夢ある若者だった夢あるオジサンは夢ある若者達を大大大応援☆宇宙弥栄☆","url":"https://t.co/ecBwCcD1hO","entities":{"url":{"urls":[{"url":"https://t.co/ecBwCcD1hO","expanded_url":"http://sp.tsurunomobile.com/","display_url":"sp.tsurunomobile.com","indices":[0,23]}]},"description":{"urls":[]}},"protected":false,"followers_count":579051,"friends_count":1099,"listed_count":3837,"created_at":"Sun Oct 24 08:40:31 +0000 2010","favourites_count":144,"utc_offset":32400,"time_zone":"Tokyo","geo_enabled":false,"verified":true,"statuses_count":36961,"lang":"ja","contributors_enabled":false,"is_translator":false,"is_translation_enabled":false,"profile_background_color":"C0DEED","profile_background_image_url":"http://pbs.twimg.com/profile_background_images/181882160/207005598-XLlaFkh1c68aG3vPo1IKMBULE4ZMO9DYtZ83dW471129260655.jpg","profile_background_image_url_https":"https://pbs.twimg.com/profile_background_images/181882160/207005598-XLlaFkh1c68aG3vPo1IKMBULE4ZMO9DYtZ83dW471129260655.jpg","profile_background_tile":true,"profile_image_url":"http://pbs.twimg.com/profile_images/872995233377566720/RGRo0b6T_normal.jpg","profile_image_url_https":"https://pbs.twimg.com/profile_images/872995233377566720/RGRo0b6T_normal.jpg","profile_banner_url":"https://pbs.twimg.com/profile_banners/207005598/1499523922","profile_link_color":"0084B4","profile_sidebar_border_color":"C0DEED","profile_sidebar_fill_color":"DDEEF6","profile_text_color":"333333","profile_use_background_image":true,"has_extended_profile":true,"default_profile":false,"default_profile_image":false,"following":false,"follow_request_sent":false,"notifications":false,"translator_type":"none"},"geo":null,"coordinates":null,"place":null,"contributors":null,"is_quote_status":false,"retweet_count":620,"favorite_count":914,"favorited":false,"retweeted":false,"lang":"ja"},{"created_at":"Tue Jul 18 16:33:21 +0000 2017","id":887349583101153300,"id_str":"887349583101153280","text":"NEW GAME!の滝本ひふみん先輩、くつろぐ https://t.co/1r1mcVaYv2","truncated":false,"entities":{"hashtags":[],"symbols":[],"user_mentions":[],"urls":[],"media":[{"id":887349516529156100,"id_str":"887349516529156100","indices":[24,47],"media_url":"http://pbs.twimg.com/media/DFB_rxRVwAQDu_t.jpg","media_url_https":"https://pbs.twimg.com/media/DFB_rxRVwAQDu_t.jpg","url":"https://t.co/1r1mcVaYv2","display_url":"pic.twitter.com/1r1mcVaYv2","expanded_url":"https://twitter.com/tassorammm/status/887349583101153280/photo/1","type":"photo","sizes":{"medium":{"w":400,"h":600,"resize":"fit"},"small":{"w":400,"h":600,"resize":"fit"},"large":{"w":400,"h":600,"resize":"fit"},"thumb":{"w":150,"h":150,"resize":"crop"}}}]},"extended_entities":{"media":[{"id":887349516529156100,"id_str":"887349516529156100","indices":[24,47],"media_url":"http://pbs.twimg.com/media/DFB_rxRVwAQDu_t.jpg","media_url_https":"https://pbs.twimg.com/media/DFB_rxRVwAQDu_t.jpg","url":"https://t.co/1r1mcVaYv2","display_url":"pic.twitter.com/1r1mcVaYv2","expanded_url":"https://twitter.com/tassorammm/status/887349583101153280/photo/1","type":"photo","sizes":{"medium":{"w":400,"h":600,"resize":"fit"},"small":{"w":400,"h":600,"resize":"fit"},"large":{"w":400,"h":600,"resize":"fit"},"thumb":{"w":150,"h":150,"resize":"crop"}}}]},"metadata":{"iso_language_code":"ja","result_type":"recent"},"source":"<a href=\"http://twitter.com\" rel=\"nofollow\">Twitter Web Client</a>","in_reply_to_status_id":null,"in_reply_to_status_id_str":null,"in_reply_to_user_id":null,"in_reply_to_user_id_str":null,"in_reply_to_screen_name":null,"user":{"id":763006070197411800,"id_str":"763006070197411844","name":"たそら","screen_name":"tassorammm","location":"","description":"絵を描きます よろしくお願いします/ 気が向いたとき用のリクエストボックス： https://t.co/6D2tyjcRbO メールamaotoiw☆https://t.co/Xtx28AllxF:☆→@","url":"https://t.co/7ox4ucg8i0","entities":{"url":{"urls":[{"url":"https://t.co/7ox4ucg8i0","expanded_url":"http://www.pixiv.net/member.php?id=19641555","display_url":"pixiv.net/member.php?id=…","indices":[0,23]}]},"description":{"urls":[{"url":"https://t.co/6D2tyjcRbO","expanded_url":"http://odaibako.net/u/tassorammm/","display_url":"odaibako.net/u/tassorammm/","indices":[39,62]},{"url":"https://t.co/Xtx28AllxF","expanded_url":"http://yahoo.co.jp","display_url":"yahoo.co.jp","indices":[75,98]}]}},"protected":false,"followers_count":6494,"friends_count":17,"listed_count":203,"created_at":"Tue Aug 09 13:36:38 +0000 2016","favourites_count":0,"utc_offset":32400,"time_zone":"Tokyo","geo_enabled":false,"verified":false,"statuses_count":1007,"lang":"ja","contributors_enabled":false,"is_translator":false,"is_translation_enabled":false,"profile_background_color":"F5F8FA","profile_background_image_url":null,"profile_background_image_url_https":null,"profile_background_tile":false,"profile_image_url":"http://pbs.twimg.com/profile_images/858001049147252736/9A9CraPi_normal.jpg","profile_image_url_https":"https://pbs.twimg.com/profile_images/858001049147252736/9A9CraPi_normal.jpg","profile_banner_url":"https://pbs.twimg.com/profile_banners/763006070197411844/1494841516","profile_link_color":"1DA1F2","profile_sidebar_border_color":"C0DEED","profile_sidebar_fill_color":"DDEEF6","profile_text_color":"333333","profile_use_background_image":true,"has_extended_profile":false,"default_profile":true,"default_profile_image":false,"following":false,"follow_request_sent":false,"notifications":false,"translator_type":"none"},"geo":null,"coordinates":null,"place":null,"contributors":null,"is_quote_status":false,"retweet_count":541,"favorite_count":1229,"favorited":false,"retweeted":false,"possibly_sensitive":false,"lang":"ja"},{"created_at":"Tue Jul 18 16:28:33 +0000 2017","id":887348375175053300,"id_str":"887348375175053315","text":"冴えカノ https://t.co/7JpPtqRhgd","truncated":false,"entities":{"hashtags":[],"symbols":[],"user_mentions":[],"urls":[],"media":[{"id":887348358221676500,"id_str":"887348358221676544","indices":[5,28],"media_url":"http://pbs.twimg.com/media/DFB-oWPUQAA-vq3.jpg","media_url_https":"https://pbs.twimg.com/media/DFB-oWPUQAA-vq3.jpg","url":"https://t.co/7JpPtqRhgd","display_url":"pic.twitter.com/7JpPtqRhgd","expanded_url":"https://twitter.com/srghrg/status/887348375175053315/photo/1","type":"photo","sizes":{"thumb":{"w":150,"h":150,"resize":"crop"},"small":{"w":481,"h":680,"resize":"fit"},"large":{"w":800,"h":1130,"resize":"fit"},"medium":{"w":800,"h":1130,"resize":"fit"}}}]},"extended_entities":{"media":[{"id":887348358221676500,"id_str":"887348358221676544","indices":[5,28],"media_url":"http://pbs.twimg.com/media/DFB-oWPUQAA-vq3.jpg","media_url_https":"https://pbs.twimg.com/media/DFB-oWPUQAA-vq3.jpg","url":"https://t.co/7JpPtqRhgd","display_url":"pic.twitter.com/7JpPtqRhgd","expanded_url":"https://twitter.com/srghrg/status/887348375175053315/photo/1","type":"photo","sizes":{"thumb":{"w":150,"h":150,"resize":"crop"},"small":{"w":481,"h":680,"resize":"fit"},"large":{"w":800,"h":1130,"resize":"fit"},"medium":{"w":800,"h":1130,"resize":"fit"}}}]},"metadata":{"iso_language_code":"ja","result_type":"recent"},"source":"<a href=\"http://twitter.com\" rel=\"nofollow\">Twitter Web Client</a>","in_reply_to_status_id":null,"in_reply_to_status_id_str":null,"in_reply_to_user_id":null,"in_reply_to_user_id_str":null,"in_reply_to_screen_name":null,"user":{"id":3309724100,"id_str":"3309724100","name":"掃除朋具@7月単行本","screen_name":"srghrg","location":"","description":"成人向けで描いてます。 \n\n■お題箱https://t.co/ZnIOCGzh7x","url":"https://t.co/NCkw5wOqtd","entities":{"url":{"urls":[{"url":"https://t.co/NCkw5wOqtd","expanded_url":"http://www.pixiv.net/member.php?id=4856899","display_url":"pixiv.net/member.php?id=…","indices":[0,23]}]},"description":{"urls":[{"url":"https://t.co/ZnIOCGzh7x","expanded_url":"https://odaibako.net/u/srghrg","display_url":"odaibako.net/u/srghrg","indices":[18,41]}]}},"protected":false,"followers_count":31814,"friends_count":248,"listed_count":784,"created_at":"Sat Aug 08 14:13:23 +0000 2015","favourites_count":54,"utc_offset":-25200,"time_zone":"Pacific Time (US & Canada)","geo_enabled":false,"verified":false,"statuses_count":409,"lang":"ja","contributors_enabled":false,"is_translator":false,"is_translation_enabled":false,"profile_background_color":"C0DEED","profile_background_image_url":"http://abs.twimg.com/images/themes/theme1/bg.png","profile_background_image_url_https":"https://abs.twimg.com/images/themes/theme1/bg.png","profile_background_tile":false,"profile_image_url":"http://pbs.twimg.com/profile_images/669845115591004160/jMykGfdb_normal.png","profile_image_url_https":"https://pbs.twimg.com/profile_images/669845115591004160/jMykGfdb_normal.png","profile_link_color":"1DA1F2","profile_sidebar_border_color":"C0DEED","profile_sidebar_fill_color":"DDEEF6","profile_text_color":"333333","profile_use_background_image":true,"has_extended_profile":false,"default_profile":true,"default_profile_image":false,"following":false,"follow_request_sent":false,"notifications":false,"translator_type":"none"},"geo":null,"coordinates":null,"place":null,"contributors":null,"is_quote_status":false,"retweet_count":2307,"favorite_count":6703,"favorited":false,"retweeted":false,"possibly_sensitive":false,"lang":"ja"},{"created_at":"Tue Jul 18 16:18:11 +0000 2017","id":887345764715814900,"id_str":"887345764715814913","text":"城ヶ崎美嘉 https://t.co/3QClRCEt5I","truncated":false,"entities":{"hashtags":[],"symbols":[],"user_mentions":[],"urls":[],"media":[{"id":887345760831799300,"id_str":"887345760831799296","indices":[6,29],"media_url":"http://pbs.twimg.com/media/DFB8RKNUAAAm8z4.jpg","media_url_https":"https://pbs.twimg.com/media/DFB8RKNUAAAm8z4.jpg","url":"https://t.co/3QClRCEt5I","display_url":"pic.twitter.com/3QClRCEt5I","expanded_url":"https://twitter.com/redeye_rkgk/status/887345764715814913/photo/1","type":"photo","sizes":{"small":{"w":510,"h":680,"resize":"fit"},"thumb":{"w":150,"h":150,"resize":"crop"},"medium":{"w":900,"h":1200,"resize":"fit"},"large":{"w":1200,"h":1600,"resize":"fit"}}}]},"extended_entities":{"media":[{"id":887345760831799300,"id_str":"887345760831799296","indices":[6,29],"media_url":"http://pbs.twimg.com/media/DFB8RKNUAAAm8z4.jpg","media_url_https":"https://pbs.twimg.com/media/DFB8RKNUAAAm8z4.jpg","url":"https://t.co/3QClRCEt5I","display_url":"pic.twitter.com/3QClRCEt5I","expanded_url":"https://twitter.com/redeye_rkgk/status/887345764715814913/photo/1","type":"photo","sizes":{"small":{"w":510,"h":680,"resize":"fit"},"thumb":{"w":150,"h":150,"resize":"crop"},"medium":{"w":900,"h":1200,"resize":"fit"},"large":{"w":1200,"h":1600,"resize":"fit"}}}]},"metadata":{"iso_language_code":"ja","result_type":"recent"},"source":"<a href=\"http://janetter.net/\" rel=\"nofollow\">Janetter</a>","in_reply_to_status_id":null,"in_reply_to_status_id_str":null,"in_reply_to_user_id":null,"in_reply_to_user_id_str":null,"in_reply_to_screen_name":null,"user":{"id":2264628680,"id_str":"2264628680","name":"redeye","screen_name":"redeye_rkgk","location":"","description":"Funky Methodist","url":null,"entities":{"description":{"urls":[]}},"protected":false,"followers_count":6478,"friends_count":8,"listed_count":223,"created_at":"Fri Dec 27 16:53:44 +0000 2013","favourites_count":0,"utc_offset":32400,"time_zone":"Tokyo","geo_enabled":false,"verified":false,"statuses_count":16716,"lang":"ja","contributors_enabled":false,"is_translator":false,"is_translation_enabled":false,"profile_background_color":"000000","profile_background_image_url":"http://abs.twimg.com/images/themes/theme18/bg.gif","profile_background_image_url_https":"https://abs.twimg.com/images/themes/theme18/bg.gif","profile_background_tile":false,"profile_image_url":"http://pbs.twimg.com/profile_images/875378226285092864/pm0MrnYW_normal.jpg","profile_image_url_https":"https://pbs.twimg.com/profile_images/875378226285092864/pm0MrnYW_normal.jpg","profile_banner_url":"https://pbs.twimg.com/profile_banners/2264628680/1497541491","profile_link_color":"F5ABB5","profile_sidebar_border_color":"000000","profile_sidebar_fill_color":"000000","profile_text_color":"000000","profile_use_background_image":false,"has_extended_profile":false,"default_profile":false,"default_profile_image":false,"following":false,"follow_request_sent":false,"notifications":false,"translator_type":"none"},"geo":null,"coordinates":null,"place":null,"contributors":null,"is_quote_status":false,"retweet_count":1378,"favorite_count":2855,"favorited":false,"retweeted":false,"possibly_sensitive":false,"lang":"ja"}],"search_metadata":{"completed_in":0.167,"max_id":887414284199710700,"max_id_str":"887414284199710720","next_results":"?max_id=887345764715814912&q=lang%3Aja%20min_retweets%3A500&include_entities=1","query":"lang%3Aja+min_retweets%3A500","refresh_url":"?since_id=887414284199710720&q=lang%3Aja%20min_retweets%3A500&include_entities=1","count":15,"since_id":0,"since_id_str":"0"}}