{"statuses":[{"created_at":"Thu Jul 20 09:32:05 +0000 2017","id":887968345286336500,"id_str":"887968345286336513","text":"今日は7月20日\nじゃあ明日は何の日？\n\n明日7月21日は\n#KinKiKids\nデビュー20周年の日！\n\n#LOVELOVEあいしてる\n23時からオンエア！\n\n#吉田拓郎\n#坂崎幸之助\n#篠原ともえ \n#古舘伊知郎\n#菅田将暉\n\n（敬称略）\nみんな出るよー！","truncated":false,"entities":{"hashtags":[{"text":"KinKiKids","indices":[30,40]},{"text":"LOVELOVEあいしてる","indices":[54,68]},{"text":"吉田拓郎","indices":[81,86]},{"text":"坂崎幸之助","indices":[87,93]},{"text":"篠原ともえ","indices":[94,100]},{"text":"古舘伊知郎","indices":[102,108]},{"text":"菅田将暉","indices":[109,114]}],"symbols":[],"user_mentions":[],"urls":[]},"metadata":{"iso_language_code":"ja","result_type":"recent"},"source":"<a href=\"http://twitter.com/download/iphone\" rel=\"nofollow\">Twitter for iPhone</a>","in_reply_to_status_id":null,"in_reply_to_status_id_str":null,"in_reply_to_user_id":null,"in_reply_to_user_id_str":null,"in_reply_to_screen_name":null,"user":{"id":264626613,"id_str":"264626613","name":"ハマサキアヤ","screen_name":"AYA_hmsk","location":"東京の湾岸地区","description":"7/21（金）「LOVE LOVE あいしてる」演出 ★ 普段は「FNS歌謡祭」「KinKi Kidsのブンブブーン」「ミュージックフェア」など。映像／音楽／アニメ／漫画／写真／旅／建築が好きです。今行きたいのはチベット・ネパール。最近登山にハマっています。","url":"https://t.co/mHjCXeDh66","entities":{"url":{"urls":[{"url":"https://t.co/mHjCXeDh66","expanded_url":"http://www.fujitv.co.jp/FNS/sp/index.html","display_url":"fujitv.co.jp/FNS/sp/index.h…","indices":[0,23]}]},"description":{"urls":[]}},"protected":false,"followers_count":18308,"friends_count":123,"listed_count":438,"created_at":"Sat Mar 12 05:58:14 +0000 2011","favourites_count":30,"utc_offset":32400,"time_zone":"Tokyo","geo_enabled":false,"verified":false,"statuses_count":4441,"lang":"ja","contributors_enabled":false,"is_translator":false,"is_translation_enabled":false,"profile_background_color":"DBE9ED","profile_background_image_url":"http://pbs.twimg.com/profile_background_images/701643460/84b48cbcf6f23804ab86c7e14e66befa.jpeg","profile_background_image_url_https":"https://pbs.twimg.com/profile_background_images/701643460/84b48cbcf6f23804ab86c7e14e66befa.jpeg","profile_background_tile":false,"profile_image_url":"http://pbs.twimg.com/profile_images/849270757016260608/iPlK3Odx_normal.jpg","profile_image_url_https":"https://pbs.twimg.com/profile_images/849270757016260608/iPlK3Odx_normal.jpg","profile_banner_url":"https://pbs.twimg.com/profile_banners/264626613/1492508569","profile_link_color":"CC3366","profile_sidebar_border_color":"FFFFFF","profile_sidebar_fill_color":"E6F6F9","profile_text_color":"333333","profile_use_background_image":true,"has_extended_profile":false,"default_profile":false,"default_profile_image":false,"following":false,"follow_request_sent":false,"notifications":false,"translator_type":"none"},"geo":null,"coordinates":null,"place":null,"contributors":null,"is_quote_status":false,"retweet_count":583,"favorite_count":408,"favorited":false,"retweeted":false,"lang":"ja"},{"created_at":"Thu Jul 20 09:24:58 +0000 2017","id":887966551172726800,"id_str":"887966551172726784","text":"TVアニメ【僕のヒーローアカデミア】OP\nピースサイン/米津玄師\n\n『歌：ころん』\n\n『絵：ぶんちきハチコロ』\n\n#RTしてくれた人で気になった方フォローする\n#少しでもいいと思ったらRT\n#拡散希望 https://t.co/k0ba0Ohwm3","truncated":false,"entities":{"hashtags":[{"text":"RTしてくれた人で気になった方フォローする","indices":[57,79]},{"text":"少しでもいいと思ったらRT","indices":[80,94]},{"text":"拡散希望","indices":[95,100]}],"symbols":[],"user_mentions":[],"urls":[],"media":[{"id":887963531684872200,"id_str":"887963531684872192","indices":[101,124],"media_url":"http://pbs.twimg.com/ext_tw_video_thumb/887963531684872192/pu/img/K4odvHU-ptNZaYZ3.jpg","media_url_https":"https://pbs.twimg.com/ext_tw_video_thumb/887963531684872192/pu/img/K4odvHU-ptNZaYZ3.jpg","url":"https://t.co/k0ba0Ohwm3","display_url":"pic.twitter.com/k0ba0Ohwm3","expanded_url":"https://twitter.com/Colon56N/status/887966551172726784/video/1","type":"photo","sizes":{"small":{"w":340,"h":191,"resize":"fit"},"thumb":{"w":150,"h":150,"resize":"crop"},"medium":{"w":600,"h":338,"resize":"fit"},"large":{"w":1024,"h":576,"resize":"fit"}}}]},"extended_entities":{"media":[{"id":887963531684872200,"id_str":"887963531684872192","indices":[101,124],"media_url":"http://pbs.twimg.com/ext_tw_video_thumb/887963531684872192/pu/img/K4odvHU-ptNZaYZ3.jpg","media_url_https":"https://pbs.twimg.com/ext_tw_video_thumb/887963531684872192/pu/img/K4odvHU-ptNZaYZ3.jpg","url":"https://t.co/k0ba0Ohwm3","display_url":"pic.twitter.com/k0ba0Ohwm3","expanded_url":"https://twitter.com/Colon56N/status/887966551172726784/video/1","type":"video","sizes":{"small":{"w":340,"h":191,"resize":"fit"},"thumb":{"w":150,"h":150,"resize":"crop"},"medium":{"w":600,"h":338,"resize":"fit"},"large":{"w":1024,"h":576,"resize":"fit"}},"video_info":{"aspect_ratio":[16,9],"duration_millis":45267,"variants":[{"bitrate":320000,"content_type":"video/mp4","url":"https://video.twimg.com/ext_tw_video/887963531684872192/pu/vid/320x180/TlIw3g20HLPb1BUg.mp4"},{"content_type":"application/x-mpegURL","url":"https://video.twimg.com/ext_tw_video/887963531684872192/pu/pl/PmUN_yMZL5shDDT5.m3u8"},{"bitrate":2176000,"content_type":"video/mp4","url":"https://video.twimg.com/ext_tw_video/887963531684872192/pu/vid/1280x720/2owbG_aRwzX891im.mp4"},{"bitrate":832000,"content_type":"video/mp4","url":"https://video.twimg.com/ext_tw_video/887963531684872192/pu/vid/640x360/kGsX-wQ-satbNTFV.mp4"}]},"additional_media_info":{"monetizable":false}}]},"metadata":{"iso_language_code":"ja","result_type":"recent"},"source":"<a href=\"http://twitter.com\" rel=\"nofollow\">Twitter Web Client</a>","in_reply_to_status_id":null,"in_reply_to_status_id_str":null,"in_reply_to_user_id":null,"in_reply_to_user_id_str":null,"in_reply_to_screen_name":null,"user":{"id":2934830738,"id_str":"2934830738","name":"ころん@すとぷり","screen_name":"Colon56N","location":"お誘い⇒colon123456n@gmail.com","description":"歌ってみた・YouTube・ツイキャスをメインに活動している者です。聴いて⇒【https://t.co/eSCd3qcH5P】サブ垢⇒【@colon56nsab】すとぷり⇒【@StPri_info】ツイキャス⇒【https://t.co/TAbBY3MH7i】 フォローお気軽に|ｮω･`)♪","url":"https://t.co/qDImSYUBGw","entities":{"url":{"urls":[{"url":"https://t.co/qDImSYUBGw","expanded_url":"https://www.youtube.com/channel/UCJtMfSSPKuW22GXfkaN7DOA","display_url":"youtube.com/channel/UCJtMf…","indices":[0,23]}]},"description":{"urls":[{"url":"https://t.co/eSCd3qcH5P","expanded_url":"http://www.nicovideo.jp/mylist/47483756","display_url":"nicovideo.jp/mylist/47483756","indices":[39,62]},{"url":"https://t.co/TAbBY3MH7i","expanded_url":"https://goo.gl/kwYUnk","display_url":"goo.gl/kwYUnk","indices":[106,129]}]}},"protected":false,"followers_count":44031,"friends_count":132,"listed_count":727,"created_at":"Thu Dec 18 13:05:20 +0000 2014","favourites_count":37219,"utc_offset":-25200,"time_zone":"Pacific Time (US & Canada)","geo_enabled":true,"verified":false,"statuses_count":8392,"lang":"ja","contributors_enabled":false,"is_translator":false,"is_translation_enabled":false,"profile_background_color":"000000","profile_background_image_url":"http://abs.twimg.com/images/themes/theme1/bg.png","profile_background_image_url_https":"https://abs.twimg.com/images/themes/theme1/bg.png","profile_background_tile":false,"profile_image_url":"http://pbs.twimg.com/profile_images/883667093060599809/Yy5l3nl3_normal.jpg","profile_image_url_https":"https://pbs.twimg.com/profile_images/883667093060599809/Yy5l3nl3_normal.jpg","profile_banner_url":"https://pbs.twimg.com/profile_banners/2934830738/1497803695","profile_link_color":"1B95E0","profile_sidebar_border_color":"000000","profile_sidebar_fill_color":"000000","profile_text_color":"000000","profile_use_background_image":false,"has_extended_profile":false,"default_profile":false,"default_profile_image":false,"following":false,"follow_request_sent":false,"notifications":false,"translator_type":"none"},"geo":null,"coordinates":null,"place":null,"contributors":null,"is_quote_status":false,"retweet_count":1749,"favorite_count":2394,"favorited":false,"retweeted":false,"possibly_sensitive":false,"lang":"ja"},{"created_at":"Thu Jul 20 09:22:15 +0000 2017","id":887965867278979100,"id_str":"887965867278979072","text":"さっき入り待ちしていたお客さんに「椎木さんのおかげでリストカットやめられました」と言ってもらった こんな俺がこの人を治す薬になったのか と嬉しくも思ったけど 悪い薬っつーのはなかなかやめられないから 飲んだが最後 よろしくね","truncated":false,"entities":{"hashtags":[],"symbols":[],"user_mentions":[],"urls":[]},"metadata":{"iso_language_code":"ja","result_type":"recent"},"source":"<a href=\"http://twitter.com/download/iphone\" rel=\"nofollow\">Twitter for iPhone</a>","in_reply_to_status_id":null,"in_reply_to_status_id_str":null,"in_reply_to_user_id":null,"in_reply_to_user_id_str":null,"in_reply_to_screen_name":null,"user":{"id":295682949,"id_str":"295682949","name":"しいきともみ","screen_name":"siiki_mhib","location":"","description":"My Hair is Bad / 作詞作曲 / 椎木知仁 / 男 / Twitterなんてどこまでも嘘 冗談 小芝居 ジョーク ギャグ","url":"https://t.co/M55rChMgim","entities":{"url":{"urls":[{"url":"https://t.co/M55rChMgim","expanded_url":"http://www.myhairisbad.com/","display_url":"myhairisbad.com","indices":[0,23]}]},"description":{"urls":[]}},"protected":false,"followers_count":135606,"friends_count":914,"listed_count":892,"created_at":"Mon May 09 13:51:30 +0000 2011","favourites_count":706,"utc_offset":32400,"time_zone":"Tokyo","geo_enabled":true,"verified":true,"statuses_count":5196,"lang":"ja","contributors_enabled":false,"is_translator":false,"is_translation_enabled":false,"profile_background_color":"C0DEED","profile_background_image_url":"http://abs.twimg.com/images/themes/theme1/bg.png","profile_background_image_url_https":"https://abs.twimg.com/images/themes/theme1/bg.png","profile_background_tile":false,"profile_image_url":"http://pbs.twimg.com/profile_images/617374913385463809/8AqmJmye_normal.jpg","profile_image_url_https":"https://pbs.twimg.com/profile_images/617374913385463809/8AqmJmye_normal.jpg","profile_banner_url":"https://pbs.twimg.com/profile_banners/295682949/1420797630","profile_link_color":"1DA1F2","profile_sidebar_border_color":"C0DEED","profile_sidebar_fill_color":"DDEEF6","profile_text_color":"333333","profile_use_background_image":true,"has_extended_profile":true,"default_profile":true,"default_profile_image":false,"following":false,"follow_request_sent":false,"notifications":false,"translator_type":"none"},"geo":null,"coordinates":null,"place":null,"contributors":null,"is_quote_status":false,"retweet_count":900,"favorite_count":5206,"favorited":false,"retweeted":false,"lang":"ja"},{"created_at":"Thu Jul 20 09:17:36 +0000 2017","id":887964700138291200,"id_str":"887964700138291201","text":"@katsuyatakasu 同時期の本物と見比べた方が早いよ！いずれにしよ偽造です。 https://t.co/6bPnnpv6hu","truncated":false,"entities":{"hashtags":[],"symbols":[],"user_mentions":[{"screen_name":"katsuyatakasu","name":"高須克弥","id":362401254,"id_str":"362401254","indices":[0,14]}],"urls":[],"media":[{"id":887964684342640600,"id_str":"887964684342640640","indices":[44,67],"media_url":"http://pbs.twimg.com/media/DFKvLP9VwAAtQlC.jpg","media_url_https":"https://pbs.twimg.com/media/DFKvLP9VwAAtQlC.jpg","url":"https://t.co/6bPnnpv6hu","display_url":"pic.twitter.com/6bPnnpv6hu","expanded_url":"https://twitter.com/GC_SRT/status/887964700138291201/photo/1","type":"photo","sizes":{"small":{"w":680,"h":498,"resize":"fit"},"thumb":{"w":150,"h":150,"resize":"crop"},"large":{"w":1183,"h":867,"resize":"fit"},"medium":{"w":1183,"h":867,"resize":"fit"}}}]},"extended_entities":{"media":[{"id":887964684342640600,"id_str":"887964684342640640","indices":[44,67],"media_url":"http://pbs.twimg.com/media/DFKvLP9VwAAtQlC.jpg","media_url_https":"https://pbs.twimg.com/media/DFKvLP9VwAAtQlC.jpg","url":"https://t.co/6bPnnpv6hu","display_url":"pic.twitter.com/6bPnnpv6hu","expanded_url":"https://twitter.com/GC_SRT/status/887964700138291201/photo/1","type":"photo","sizes":{"small":{"w":680,"h":498,"resize":"fit"},"thumb":{"w":150,"h":150,"resize":"crop"},"large":{"w":1183,"h":867,"resize":"fit"},"medium":{"w":1183,"h":867,"resize":"fit"}}}]},"metadata":{"iso_language_code":"ja","result_type":"recent"},"source":"<a href=\"http://twitter.com\" rel=\"nofollow\">Twitter Web Client</a>","in_reply_to_status_id":887816891057623000,"in_reply_to_status_id_str":"887816891057623041","in_reply_to_user_id":362401254,"in_reply_to_user_id_str":"362401254","in_reply_to_screen_name":"katsuyatakasu","user":{"id":4844206238,"id_str":"4844206238","name":"Yuちゃん","screen_name":"GC_SRT","location":"日本","description":"保守派です！中国・嫌韓中！\n在日朝鮮韓国人・在日中国人・帰化人はおとなしく黙って住みなさい！\n自民党支持！","url":null,"entities":{"description":{"urls":[]}},"protected":false,"followers_count":3181,"friends_count":3606,"listed_count":23,"created_at":"Mon Feb 01 10:52:14 +0000 2016","favourites_count":10916,"utc_offset":null,"time_zone":null,"geo_enabled":false,"verified":false,"statuses_count":3380,"lang":"ja","contributors_enabled":false,"is_translator":false,"is_translation_enabled":false,"profile_background_color":"000000","profile_background_image_url":"http://abs.twimg.com/images/themes/theme1/bg.png","profile_background_image_url_https":"https://abs.twimg.com/images/themes/theme1/bg.png","profile_background_tile":false,"profile_image_url":"http://pbs.twimg.com/profile_images/879607209696444416/Q9O7sSJz_normal.jpg","profile_image_url_https":"https://pbs.twimg.com/profile_images/879607209696444416/Q9O7sSJz_normal.jpg","profile_banner_url":"https://pbs.twimg.com/profile_banners/4844206238/1500193595","profile_link_color":"1B95E0","profile_sidebar_border_color":"000000","profile_sidebar_fill_color":"000000","profile_text_color":"000000","profile_use_background_image":false,"has_extended_profile":false,"default_profile":false,"default_profile_image":false,"following":false,"follow_request_sent":false,"notifications":false,"translator_type":"none"},"geo":null,"coordinates":null,"place":null,"contributors":null,"is_quote_status":false,"retweet_count":501,"favorite_count":383,"favorited":false,"retweeted":false,"possibly_sensitive":false,"lang":"ja"},{"created_at":"Thu Jul 20 09:13:05 +0000 2017","id":887963562643079200,"id_str":"887963562643079169","text":"おばさんに付き合ってくれるゅぃゅぃかわいい。。\n※週末の浴衣祭り打ち合わせ https://t.co/YOqIB61Jbv","truncated":false,"entities":{"hashtags":[],"symbols":[],"user_mentions":[],"urls":[],"media":[{"id":887963548592226300,"id_str":"887963548592226304","indices":[38,61],"media_url":"http://pbs.twimg.com/media/DFKuJI9VwAACDCH.jpg","media_url_https":"https://pbs.twimg.com/media/DFKuJI9VwAACDCH.jpg","url":"https://t.co/YOqIB61Jbv","display_url":"pic.twitter.com/YOqIB61Jbv","expanded_url":"https://twitter.com/345__chan/status/887963562643079169/photo/1","type":"photo","sizes":{"medium":{"w":675,"h":1200,"resize":"fit"},"small":{"w":383,"h":680,"resize":"fit"},"thumb":{"w":150,"h":150,"resize":"crop"},"large":{"w":675,"h":1200,"resize":"fit"}}}]},"extended_entities":{"media":[{"id":887963548592226300,"id_str":"887963548592226304","indices":[38,61],"media_url":"http://pbs.twimg.com/media/DFKuJI9VwAACDCH.jpg","media_url_https":"https://pbs.twimg.com/media/DFKuJI9VwAACDCH.jpg","url":"https://t.co/YOqIB61Jbv","display_url":"pic.twitter.com/YOqIB61Jbv","expanded_url":"https://twitter.com/345__chan/status/887963562643079169/photo/1","type":"photo","sizes":{"medium":{"w":675,"h":1200,"resize":"fit"},"small":{"w":383,"h":680,"resize":"fit"},"thumb":{"w":150,"h":150,"resize":"crop"},"large":{"w":675,"h":1200,"resize":"fit"}}}]},"metadata":{"iso_language_code":"ja","result_type":"recent"},"source":"<a href=\"http://twitter.com/download/iphone\" rel=\"nofollow\">Twitter for iPhone</a>","in_reply_to_status_id":null,"in_reply_to_status_id_str":null,"in_reply_to_user_id":null,"in_reply_to_user_id_str":null,"in_reply_to_screen_name":null,"user":{"id":2346809580,"id_str":"2346809580","name":"指原 莉乃","screen_name":"345__chan","location":"","description":"💛https://t.co/FbRPAshfuv💛","url":null,"entities":{"description":{"urls":[{"url":"https://t.co/FbRPAshfuv","expanded_url":"http://Instagram.com/345insta","display_url":"Instagram.com/345insta","indices":[1,24]}]}},"protected":false,"followers_count":1768525,"friends_count":360,"listed_count":8327,"created_at":"Sun Feb 16 12:57:31 +0000 2014","favourites_count":691,"utc_offset":null,"time_zone":null,"geo_enabled":true,"verified":true,"statuses_count":7798,"lang":"ja","contributors_enabled":false,"is_translator":false,"is_translation_enabled":false,"profile_background_color":"C0DEED","profile_background_image_url":"http://abs.twimg.com/images/themes/theme1/bg.png","profile_background_image_url_https":"https://abs.twimg.com/images/themes/theme1/bg.png","profile_background_tile":false,"profile_image_url":"http://pbs.twimg.com/profile_images/876252023536078849/iXFeJHVI_normal.jpg","profile_image_url_https":"https://pbs.twimg.com/profile_images/876252023536078849/iXFeJHVI_normal.jpg","profile_banner_url":"https://pbs.twimg.com/profile_banners/2346809580/1466265291","profile_link_color":"1DA1F2","profile_sidebar_border_color":"C0DEED","profile_sidebar_fill_color":"DDEEF6","profile_text_color":"333333","profile_use_background_image":true,"has_extended_profile":false,"default_profile":true,"default_profile_image":false,"following":false,"follow_request_sent":false,"notifications":false,"translator_type":"none"},"geo":null,"coordinates":null,"place":null,"contributors":null,"is_quote_status":false,"retweet_count":543,"favorite_count":3622,"favorited":false,"retweeted":false,"possibly_sensitive":false,"lang":"ja"},{"created_at":"Thu Jul 20 09:12:36 +0000 2017","id":887963442635604000,"id_str":"887963442635603968","text":"今回のPS4のゲームは、前作（PS Vita）とは全く別物で、アクション要素強めの内容となっております！今冬発売予定！こちらも是非続報をお待ち下さい！合わせて、公式サイトも公開！\nゲーム公式サイト：… https://t.co/TUn8JlImjd","truncated":true,"entities":{"hashtags":[],"symbols":[],"user_mentions":[],"urls":[{"url":"https://t.co/TUn8JlImjd","expanded_url":"https://twitter.com/i/web/status/887963442635603968","display_url":"twitter.com/i/web/status/8…","indices":[101,124]}]},"metadata":{"iso_language_code":"ja","result_type":"recent"},"source":"<a href=\"http://twitter.com\" rel=\"nofollow\">Twitter Web Client</a>","in_reply_to_status_id":null,"in_reply_to_status_id_str":null,"in_reply_to_user_id":null,"in_reply_to_user_id_str":null,"in_reply_to_screen_name":null,"user":{"id":580916046,"id_str":"580916046","name":"「ガールズ＆パンツァー」公式アカウント","screen_name":"garupan","location":"茨城県東茨城郡大洗町","description":"「ガールズ＆パンツァー 劇場版」BD&DVD好評発売中！「ガールズ＆パンツァー 最終章」は全6話で劇場イベント上映！第1話は2017年12月9日公開予定！パンツァーフォー！","url":"https://t.co/A6G1VN84qe","entities":{"url":{"urls":[{"url":"https://t.co/A6G1VN84qe","expanded_url":"http://girls-und-panzer.jp/","display_url":"girls-und-panzer.jp","indices":[0,23]}]},"description":{"urls":[]}},"protected":false,"followers_count":159954,"friends_count":131,"listed_count":3713,"created_at":"Tue May 15 12:15:17 +0000 2012","favourites_count":162,"utc_offset":-25200,"time_zone":"Pacific Time (US & Canada)","geo_enabled":false,"verified":true,"statuses_count":23238,"lang":"ja","contributors_enabled":false,"is_translator":false,"is_translation_enabled":false,"profile_background_color":"C0DEED","profile_background_image_url":"http://abs.twimg.com/images/themes/theme1/bg.png","profile_background_image_url_https":"https://abs.twimg.com/images/themes/theme1/bg.png","profile_background_tile":false,"profile_image_url":"http://pbs.twimg.com/profile_images/824154368693993472/7H3J35LI_normal.jpg","profile_image_url_https":"https://pbs.twimg.com/profile_images/824154368693993472/7H3J35LI_normal.jpg","profile_banner_url":"https://pbs.twimg.com/profile_banners/580916046/1480593040","profile_link_color":"1DA1F2","profile_sidebar_border_color":"C0DEED","profile_sidebar_fill_color":"DDEEF6","profile_text_color":"333333","profile_use_background_image":true,"has_extended_profile":true,"default_profile":true,"default_profile_image":false,"following":false,"follow_request_sent":false,"notifications":false,"translator_type":"none"},"geo":null,"coordinates":null,"place":null,"contributors":null,"is_quote_status":false,"retweet_count":1196,"favorite_count":736,"favorited":false,"retweeted":false,"possibly_sensitive":false,"lang":"ja"},{"created_at":"Thu Jul 20 09:12:27 +0000 2017","id":887963404983455700,"id_str":"887963404983455744","text":"【秋葉原限定柄のみ取扱い】カップルで秋葉原来てんじゃねーよ、オエーイ　＃ポプテピピック https://t.co/tIcglmgyB0","truncated":false,"entities":{"hashtags":[{"text":"ポプテピピック","indices":[35,43]}],"symbols":[],"user_mentions":[],"urls":[],"media":[{"id":887963378227961900,"id_str":"887963378227961861","indices":[44,67],"media_url":"http://pbs.twimg.com/media/DFKt_OTVYAUNCZc.jpg","media_url_https":"https://pbs.twimg.com/media/DFKt_OTVYAUNCZc.jpg","url":"https://t.co/tIcglmgyB0","display_url":"pic.twitter.com/tIcglmgyB0","expanded_url":"https://twitter.com/animateakiba/status/887963404983455744/photo/1","type":"photo","sizes":{"medium":{"w":1200,"h":848,"resize":"fit"},"thumb":{"w":150,"h":150,"resize":"crop"},"large":{"w":2048,"h":1448,"resize":"fit"},"small":{"w":680,"h":481,"resize":"fit"}}}]},"extended_entities":{"media":[{"id":887963378227961900,"id_str":"887963378227961861","indices":[44,67],"media_url":"http://pbs.twimg.com/media/DFKt_OTVYAUNCZc.jpg","media_url_https":"https://pbs.twimg.com/media/DFKt_OTVYAUNCZc.jpg","url":"https://t.co/tIcglmgyB0","display_url":"pic.twitter.com/tIcglmgyB0","expanded_url":"https://twitter.com/animateakiba/status/887963404983455744/photo/1","type":"photo","sizes":{"medium":{"w":1200,"h":848,"resize":"fit"},"thumb":{"w":150,"h":150,"resize":"crop"},"large":{"w":2048,"h":1448,"resize":"fit"},"small":{"w":680,"h":481,"resize":"fit"}}}]},"metadata":{"iso_language_code":"ja","result_type":"recent"},"source":"<a href=\"http://twitter.com\" rel=\"nofollow\">Twitter Web Client</a>","in_reply_to_status_id":null,"in_reply_to_status_id_str":null,"in_reply_to_user_id":null,"in_reply_to_user_id_str":null,"in_reply_to_screen_name":null,"user":{"id":384716928,"id_str":"384716928","name":"アニメイト秋葉原","screen_name":"animateakiba","location":"東京都千代田区","description":"アニメ・コミック・ゲーム専門店「アニメイト秋葉原店」の公式ツイッターだお！最新情報やオススメ情報はもちろん、ここだけのレア情報などなど、お得な情報をつぶやいていくだお！フォロー、RT大歓迎！秋葉原に遊びに来た際は、ぜひお店にお立ち寄りくださいだお！※発信専用なので、こちらのアカウントからの返信は控えさせていただきます。","url":"http://t.co/QnJf9cyuHp","entities":{"url":{"urls":[{"url":"http://t.co/QnJf9cyuHp","expanded_url":"http://www.animate.co.jp/shop/shop_east/akihabara/","display_url":"animate.co.jp/shop/shop_east…","indices":[0,22]}]},"description":{"urls":[]}},"protected":false,"followers_count":81848,"friends_count":818,"listed_count":1673,"created_at":"Tue Oct 04 06:01:34 +0000 2011","favourites_count":39,"utc_offset":32400,"time_zone":"Tokyo","geo_enabled":false,"verified":false,"statuses_count":38756,"lang":"ja","contributors_enabled":false,"is_translator":false,"is_translation_enabled":false,"profile_background_color":"000000","profile_background_image_url":"http://pbs.twimg.com/profile_background_images/711020918244401152/UWp2BOHi.jpg","profile_background_image_url_https":"https://pbs.twimg.com/profile_background_images/711020918244401152/UWp2BOHi.jpg","profile_background_tile":false,"profile_image_url":"http://pbs.twimg.com/profile_images/887304530999754752/0c4vM4co_normal.jpg","profile_image_url_https":"https://pbs.twimg.com/profile_images/887304530999754752/0c4vM4co_normal.jpg","profile_link_color":"1B95E0","profile_sidebar_border_color":"000000","profile_sidebar_fill_color":"000000","profile_text_color":"000000","profile_use_background_image":false,"has_extended_profile":true,"default_profile":false,"default_profile_image":false,"following":false,"follow_request_sent":false,"notifications":false,"translator_type":"none"},"geo":null,"coordinates":null,"place":null,"contributors":null,"is_quote_status":false,"retweet_count":1243,"favorite_count":797,"favorited":false,"retweeted":false,"possibly_sensitive":false,"lang":"ja"},{"created_at":"Thu Jul 20 09:11:54 +0000 2017","id":887963265900269600,"id_str":"887963265900269570","text":"【発売決定！】大人気コミック「ポプテピピック」からなんとご当地グッズが発売決定！！！アニメイトもぶっ壊してもらっただお！！！！　＃ポプテピピック https://t.co/sSBDYjILpH","truncated":false,"entities":{"hashtags":[{"text":"ポプテピピック","indices":[64,72]}],"symbols":[],"user_mentions":[],"urls":[],"media":[{"id":887961662464049200,"id_str":"887961662464049152","indices":[73,96],"media_url":"http://pbs.twimg.com/media/DFKsbWlVwAAcCub.jpg","media_url_https":"https://pbs.twimg.com/media/DFKsbWlVwAAcCub.jpg","url":"https://t.co/sSBDYjILpH","display_url":"pic.twitter.com/sSBDYjILpH","expanded_url":"https://twitter.com/animateakiba/status/887963265900269570/photo/1","type":"photo","sizes":{"thumb":{"w":150,"h":150,"resize":"crop"},"large":{"w":1448,"h":2048,"resize":"fit"},"small":{"w":481,"h":680,"resize":"fit"},"medium":{"w":848,"h":1200,"resize":"fit"}}}]},"extended_entities":{"media":[{"id":887961662464049200,"id_str":"887961662464049152","indices":[73,96],"media_url":"http://pbs.twimg.com/media/DFKsbWlVwAAcCub.jpg","media_url_https":"https://pbs.twimg.com/media/DFKsbWlVwAAcCub.jpg","url":"https://t.co/sSBDYjILpH","display_url":"pic.twitter.com/sSBDYjILpH","expanded_url":"https://twitter.com/animateakiba/status/887963265900269570/photo/1","type":"photo","sizes":{"thumb":{"w":150,"h":150,"resize":"crop"},"large":{"w":1448,"h":2048,"resize":"fit"},"small":{"w":481,"h":680,"resize":"fit"},"medium":{"w":848,"h":1200,"resize":"fit"}}},{"id":887961689139757000,"id_str":"887961689139757057","indices":[73,96],"media_url":"http://pbs.twimg.com/media/DFKsc59UwAE5Lsf.jpg","media_url_https":"https://pbs.twimg.com/media/DFKsc59UwAE5Lsf.jpg","url":"https://t.co/sSBDYjILpH","display_url":"pic.twitter.com/sSBDYjILpH","expanded_url":"https://twitter.com/animateakiba/status/887963265900269570/photo/1","type":"photo","sizes":{"thumb":{"w":150,"h":150,"resize":"crop"},"medium":{"w":1200,"h":848,"resize":"fit"},"small":{"w":680,"h":481,"resize":"fit"},"large":{"w":2048,"h":1448,"resize":"fit"}}},{"id":887961719242317800,"id_str":"887961719242317824","indices":[73,96],"media_url":"http://pbs.twimg.com/media/DFKseqGVYAABmIm.jpg","media_url_https":"https://pbs.twimg.com/media/DFKseqGVYAABmIm.jpg","url":"https://t.co/sSBDYjILpH","display_url":"pic.twitter.com/sSBDYjILpH","expanded_url":"https://twitter.com/animateakiba/status/887963265900269570/photo/1","type":"photo","sizes":{"large":{"w":2048,"h":1448,"resize":"fit"},"thumb":{"w":150,"h":150,"resize":"crop"},"medium":{"w":1200,"h":848,"resize":"fit"},"small":{"w":680,"h":481,"resize":"fit"}}}]},"metadata":{"iso_language_code":"ja","result_type":"recent"},"source":"<a href=\"http://twitter.com\" rel=\"nofollow\">Twitter Web Client</a>","in_reply_to_status_id":null,"in_reply_to_status_id_str":null,"in_reply_to_user_id":null,"in_reply_to_user_id_str":null,"in_reply_to_screen_name":null,"user":{"id":384716928,"id_str":"384716928","name":"アニメイト秋葉原","screen_name":"animateakiba","location":"東京都千代田区","description":"アニメ・コミック・ゲーム専門店「アニメイト秋葉原店」の公式ツイッターだお！最新情報やオススメ情報はもちろん、ここだけのレア情報などなど、お得な情報をつぶやいていくだお！フォロー、RT大歓迎！秋葉原に遊びに来た際は、ぜひお店にお立ち寄りくださいだお！※発信専用なので、こちらのアカウントからの返信は控えさせていただきます。","url":"http://t.co/QnJf9cyuHp","entities":{"url":{"urls":[{"url":"http://t.co/QnJf9cyuHp","expanded_url":"http://www.animate.co.jp/shop/shop_east/akihabara/","display_url":"animate.co.jp/shop/shop_east…","indices":[0,22]}]},"description":{"urls":[]}},"protected":false,"followers_count":81848,"friends_count":818,"listed_count":1673,"created_at":"Tue Oct 04 06:01:34 +0000 2011","favourites_count":39,"utc_offset":32400,"time_zone":"Tokyo","geo_enabled":false,"verified":false,"statuses_count":38756,"lang":"ja","contributors_enabled":false,"is_translator":false,"is_translation_enabled":false,"profile_background_color":"000000","profile_background_image_url":"http://pbs.twimg.com/profile_background_images/711020918244401152/UWp2BOHi.jpg","profile_background_image_url_https":"https://pbs.twimg.com/profile_background_images/711020918244401152/UWp2BOHi.jpg","profile_background_tile":false,"profile_image_url":"http://pbs.twimg.com/profile_images/887304530999754752/0c4vM4co_normal.jpg","profile_image_url_https":"https://pbs.twimg.com/profile_images/887304530999754752/0c4vM4co_normal.jpg","profile_link_color":"1B95E0","profile_sidebar_border_color":"000000","profile_sidebar_fill_color":"000000","profile_text_color":"000000","profile_use_background_image":false,"has_extended_profile":true,"default_profile":false,"default_profile_image":false,"following":false,"follow_request_sent":false,"notifications":false,"translator_type":"none"},"geo":null,"coordinates":null,"place":null,"contributors":null,"is_quote_status":false,"retweet_count":914,"favorite_count":681,"favorited":false,"retweeted":false,"possibly_sensitive":false,"lang":"ja"},{"created_at":"Thu Jul 20 09:10:28 +0000 2017","id":887962905332785200,"id_str":"887962905332785152","text":"【#BLACKPINK】開始しました🌴『BLACKPINK PREMIUM DEBUT SHOWCASE』をLINE LIVE独占配信💕視聴予約こちら💫▶ https://t.co/kqkxzeplEB\n#BLACKPINK_JAPAN_DEBUT","truncated":false,"entities":{"hashtags":[{"text":"BLACKPINK","indices":[1,11]},{"text":"BLACKPINK_JAPAN_DEBUT","indices":[102,124]}],"symbols":[],"user_mentions":[],"urls":[{"url":"https://t.co/kqkxzeplEB","expanded_url":"https://live.line.me/channels/21/broadcast/4098152","display_url":"live.line.me/channels/21/br…","indices":[78,101]}]},"metadata":{"iso_language_code":"ja","result_type":"recent"},"source":"<a href=\"http://twitter.com/download/iphone\" rel=\"nofollow\">Twitter for iPhone</a>","in_reply_to_status_id":null,"in_reply_to_status_id_str":null,"in_reply_to_user_id":null,"in_reply_to_user_id_str":null,"in_reply_to_screen_name":null,"user":{"id":581774642,"id_str":"581774642","name":"YGEX Staff","screen_name":"YGEXStaff","location":"JAPAN","description":"★YGEX Staff 公式アカウント★BIGBANG, SECHSKIES, EPIK HIGH, WINNER, iKON, BLACKPINKを中心にYG最新情報を発信！ BLACKPINK PREMIUM DEBUT SHOWCASE 7.20 @日本武道館 ▶https://t.co/9xzONy7fGD","url":"https://t.co/C0lE2RiGpN","entities":{"url":{"urls":[{"url":"https://t.co/C0lE2RiGpN","expanded_url":"http://ygex.jp/bigbang/","display_url":"ygex.jp/bigbang/","indices":[0,23]}]},"description":{"urls":[{"url":"https://t.co/9xzONy7fGD","expanded_url":"http://ygex.jp/blackpink/","display_url":"ygex.jp/blackpink/","indices":[135,158]}]}},"protected":false,"followers_count":446047,"friends_count":20,"listed_count":1430,"created_at":"Wed May 16 12:02:58 +0000 2012","favourites_count":198,"utc_offset":null,"time_zone":null,"geo_enabled":true,"verified":true,"statuses_count":15780,"lang":"ja","contributors_enabled":false,"is_translator":false,"is_translation_enabled":false,"profile_background_color":"C0DEED","profile_background_image_url":"http://pbs.twimg.com/profile_background_images/553403486/__________2012-05-16_21.16.54.png","profile_background_image_url_https":"https://pbs.twimg.com/profile_background_images/553403486/__________2012-05-16_21.16.54.png","profile_background_tile":true,"profile_image_url":"http://pbs.twimg.com/profile_images/641989567755612162/HYqcLQzU_normal.jpg","profile_image_url_https":"https://pbs.twimg.com/profile_images/641989567755612162/HYqcLQzU_normal.jpg","profile_banner_url":"https://pbs.twimg.com/profile_banners/581774642/1500023240","profile_link_color":"000000","profile_sidebar_border_color":"C0DEED","profile_sidebar_fill_color":"DDEEF6","profile_text_color":"333333","profile_use_background_image":true,"has_extended_profile":false,"default_profile":false,"default_profile_image":false,"following":false,"follow_request_sent":false,"notifications":false,"translator_type":"none"},"geo":null,"coordinates":null,"place":null,"contributors":null,"is_quote_status":false,"retweet_count":565,"favorite_count":1135,"favorited":false,"retweeted":false,"possibly_sensitive":false,"lang":"ja"},{"created_at":"Thu Jul 20 09:09:50 +0000 2017","id":887962744321736700,"id_str":"887962744321736705","text":"フォロワー140万人！！スクショできた！ https://t.co/oZYXCPMdPx","truncated":false,"entities":{"hashtags":[],"symbols":[],"user_mentions":[],"urls":[],"media":[{"id":887962735681478700,"id_str":"887962735681478656","indices":[21,44],"media_url":"http://pbs.twimg.com/media/DFKtZ0oUIAAF20c.jpg","media_url_https":"https://pbs.twimg.com/media/DFKtZ0oUIAAF20c.jpg","url":"https://t.co/oZYXCPMdPx","display_url":"pic.twitter.com/oZYXCPMdPx","expanded_url":"https://twitter.com/MAHOTONNN/status/887962744321736705/photo/1","type":"photo","sizes":{"large":{"w":750,"h":1334,"resize":"fit"},"medium":{"w":675,"h":1200,"resize":"fit"},"thumb":{"w":150,"h":150,"resize":"crop"},"small":{"w":382,"h":680,"resize":"fit"}}}]},"extended_entities":{"media":[{"id":887962735681478700,"id_str":"887962735681478656","indices":[21,44],"media_url":"http://pbs.twimg.com/media/DFKtZ0oUIAAF20c.jpg","media_url_https":"https://pbs.twimg.com/media/DFKtZ0oUIAAF20c.jpg","url":"https://t.co/oZYXCPMdPx","display_url":"pic.twitter.com/oZYXCPMdPx","expanded_url":"https://twitter.com/MAHOTONNN/status/887962744321736705/photo/1","type":"photo","sizes":{"large":{"w":750,"h":1334,"resize":"fit"},"medium":{"w":675,"h":1200,"resize":"fit"},"thumb":{"w":150,"h":150,"resize":"crop"},"small":{"w":382,"h":680,"resize":"fit"}}}]},"metadata":{"iso_language_code":"ja","result_type":"recent"},"source":"<a href=\"http://twitter.com/download/iphone\" rel=\"nofollow\">Twitter for iPhone</a>","in_reply_to_status_id":null,"in_reply_to_status_id_str":null,"in_reply_to_user_id":null,"in_reply_to_user_id_str":null,"in_reply_to_screen_name":null,"user":{"id":160560121,"id_str":"160560121","name":"マホト","screen_name":"MAHOTONNN","location":"仲間家、カイワレハンマー","description":"清純派YouTuber。全国ツアー中。4thアルバム「BegInner2」発売中。フォトブック「にゃにゃにゃの本」発売中。REBERTASというブランドやってます。BEMA名義でラップしてます。リプ返せない時がありますがリプ返した瞬間ハート押した瞬間からあなたとは友達。12月8日生まれの24歳","url":"https://t.co/5lZPJadna5","entities":{"url":{"urls":[{"url":"https://t.co/5lZPJadna5","expanded_url":"https://www.youtube.com/channel/UC4Au2QrbfaSjHPSdk5tUBeg","display_url":"youtube.com/channel/UC4Au2…","indices":[0,23]}]},"description":{"urls":[]}},"protected":false,"followers_count":1400087,"friends_count":432,"listed_count":3672,"created_at":"Mon Jun 28 14:25:38 +0000 2010","favourites_count":49159,"utc_offset":-36000,"time_zone":"Hawaii","geo_enabled":false,"verified":false,"statuses_count":67711,"lang":"ja","contributors_enabled":false,"is_translator":false,"is_translation_enabled":false,"profile_background_color":"C0DEED","profile_background_image_url":"http://pbs.twimg.com/profile_background_images/216029617/2222.jpg","profile_background_image_url_https":"https://pbs.twimg.com/profile_background_images/216029617/2222.jpg","profile_background_tile":true,"profile_image_url":"http://pbs.twimg.com/profile_images/881851634837463040/JXV7PToA_normal.jpg","profile_image_url_https":"https://pbs.twimg.com/profile_images/881851634837463040/JXV7PToA_normal.jpg","profile_banner_url":"https://pbs.twimg.com/profile_banners/160560121/1493273389","profile_link_color":"0084B4","profile_sidebar_border_color":"C0DEED","profile_sidebar_fill_color":"DDEEF6","profile_text_color":"333333","profile_use_background_image":true,"has_extended_profile":true,"default_profile":false,"default_profile_image":false,"following":false,"follow_request_sent":false,"notifications":false,"translator_type":"none"},"geo":null,"coordinates":null,"place":null,"contributors":null,"is_quote_status":false,"retweet_count":1040,"favorite_count":8168,"favorited":false,"retweeted":false,"possibly_sensitive":false,"lang":"ja"},{"created_at":"Thu Jul 20 09:09:30 +0000 2017","id":887962661341634600,"id_str":"887962661341634560","text":"『ガールズ＆パンツァー　ドリームタンクマッチ』PS4で今冬発売決定！本作品らしい臨場感・爽快感のある戦車の動きをお楽しみいただける戦車アクションゲームとなっており、オンライン対戦も可能になります！… https://t.co/r7YRWJB10U","truncated":true,"entities":{"hashtags":[],"symbols":[],"user_mentions":[],"urls":[{"url":"https://t.co/r7YRWJB10U","expanded_url":"https://twitter.com/i/web/status/887962661341634560","display_url":"twitter.com/i/web/status/8…","indices":[100,123]}]},"metadata":{"iso_language_code":"ja","result_type":"recent"},"source":"<a href=\"http://twitter.com\" rel=\"nofollow\">Twitter Web Client</a>","in_reply_to_status_id":null,"in_reply_to_status_id_str":null,"in_reply_to_user_id":null,"in_reply_to_user_id_str":null,"in_reply_to_screen_name":null,"user":{"id":580916046,"id_str":"580916046","name":"「ガールズ＆パンツァー」公式アカウント","screen_name":"garupan","location":"茨城県東茨城郡大洗町","description":"「ガールズ＆パンツァー 劇場版」BD&DVD好評発売中！「ガールズ＆パンツァー 最終章」は全6話で劇場イベント上映！第1話は2017年12月9日公開予定！パンツァーフォー！","url":"https://t.co/A6G1VN84qe","entities":{"url":{"urls":[{"url":"https://t.co/A6G1VN84qe","expanded_url":"http://girls-und-panzer.jp/","display_url":"girls-und-panzer.jp","indices":[0,23]}]},"description":{"urls":[]}},"protected":false,"followers_count":159954,"friends_count":131,"listed_count":3713,"created_at":"Tue May 15 12:15:17 +0000 2012","favourites_count":162,"utc_offset":-25200,"time_zone":"Pacific Time (US & Canada)","geo_enabled":false,"verified":true,"statuses_count":23238,"lang":"ja","contributors_enabled":false,"is_translator":false,"is_translation_enabled":false,"profile_background_color":"C0DEED","profile_background_image_url":"http://abs.twimg.com/images/themes/theme1/bg.png","profile_background_image_url_https":"https://abs.twimg.com/images/themes/theme1/bg.png","profile_background_tile":false,"profile_image_url":"http://pbs.twimg.com/profile_images/824154368693993472/7H3J35LI_normal.jpg","profile_image_url_https":"https://pbs.twimg.com/profile_images/824154368693993472/7H3J35LI_normal.jpg","profile_banner_url":"https://pbs.twimg.com/profile_banners/580916046/1480593040","profile_link_color":"1DA1F2","profile_sidebar_border_color":"C0DEED","profile_sidebar_fill_color":"DDEEF6","profile_text_color":"333333","profile_use_background_image":true,"has_extended_profile":true,"default_profile":true,"default_profile_image":false,"following":false,"follow_request_sent":false,"notifications":false,"translator_type":"none"},"geo":null,"coordinates":null,"place":null,"contributors":null,"is_quote_status":false,"retweet_count":4848,"favorite_count":2792,"favorited":false,"retweeted":false,"possibly_sensitive":false,"lang":"ja"},{"created_at":"Thu Jul 20 09:08:44 +0000 2017","id":887962466184974300,"id_str":"887962466184974338","text":"復元三日月影はこのように空を旅してきました。さて本丸博の会場、西鉄ホールへ https://t.co/CZXaJVmARQ","truncated":false,"entities":{"hashtags":[],"symbols":[],"user_mentions":[],"urls":[],"media":[{"id":887962452742111200,"id_str":"887962452742111232","indices":[38,61],"media_url":"http://pbs.twimg.com/media/DFKtJWmUAAA3BTn.jpg","media_url_https":"https://pbs.twimg.com/media/DFKtJWmUAAA3BTn.jpg","url":"https://t.co/CZXaJVmARQ","display_url":"pic.twitter.com/CZXaJVmARQ","expanded_url":"https://twitter.com/digitarou/status/887962466184974338/photo/1","type":"photo","sizes":{"large":{"w":1108,"h":1478,"resize":"fit"},"thumb":{"w":150,"h":150,"resize":"crop"},"medium":{"w":900,"h":1200,"resize":"fit"},"small":{"w":510,"h":680,"resize":"fit"}}}]},"extended_entities":{"media":[{"id":887962452742111200,"id_str":"887962452742111232","indices":[38,61],"media_url":"http://pbs.twimg.com/media/DFKtJWmUAAA3BTn.jpg","media_url_https":"https://pbs.twimg.com/media/DFKtJWmUAAA3BTn.jpg","url":"https://t.co/CZXaJVmARQ","display_url":"pic.twitter.com/CZXaJVmARQ","expanded_url":"https://twitter.com/digitarou/status/887962466184974338/photo/1","type":"photo","sizes":{"large":{"w":1108,"h":1478,"resize":"fit"},"thumb":{"w":150,"h":150,"resize":"crop"},"medium":{"w":900,"h":1200,"resize":"fit"},"small":{"w":510,"h":680,"resize":"fit"}}},{"id":887962452729647100,"id_str":"887962452729647104","indices":[38,61],"media_url":"http://pbs.twimg.com/media/DFKtJWjV0AAuEri.jpg","media_url_https":"https://pbs.twimg.com/media/DFKtJWjV0AAuEri.jpg","url":"https://t.co/CZXaJVmARQ","display_url":"pic.twitter.com/CZXaJVmARQ","expanded_url":"https://twitter.com/digitarou/status/887962466184974338/photo/1","type":"photo","sizes":{"large":{"w":1108,"h":1478,"resize":"fit"},"medium":{"w":900,"h":1200,"resize":"fit"},"thumb":{"w":150,"h":150,"resize":"crop"},"small":{"w":510,"h":680,"resize":"fit"}}}]},"metadata":{"iso_language_code":"ja","result_type":"recent"},"source":"<a href=\"http://twitter.com/download/iphone\" rel=\"nofollow\">Twitter for iPhone</a>","in_reply_to_status_id":null,"in_reply_to_status_id_str":null,"in_reply_to_user_id":null,"in_reply_to_user_id_str":null,"in_reply_to_screen_name":null,"user":{"id":95571823,"id_str":"95571823","name":"でじたろう@ニトロプラス","screen_name":"digitarou","location":"秋葉原","description":"小坂崇氣。ニトロプラスの代表兼プロデューサー。メカと動物、かっこいいモノとかわいいモノ好き。オタクコンテンツで日本の未来を明るく！ 2017年は「刀剣乱舞2周年＆メディアミックス」「こんのすけの刀剣散歩」「サンファン続編」「GODZILLA」「そに子10周年」「スロウ・ダメージ」。他にも新企画や刀剣コラボ多数予定。","url":"https://t.co/8dMpecaQU6","entities":{"url":{"urls":[{"url":"https://t.co/8dMpecaQU6","expanded_url":"http://www.nitroplus.co.jp/","display_url":"nitroplus.co.jp","indices":[0,23]}]},"description":{"urls":[]}},"protected":false,"followers_count":48222,"friends_count":859,"listed_count":1978,"created_at":"Wed Dec 09 04:01:59 +0000 2009","favourites_count":1246,"utc_offset":32400,"time_zone":"Tokyo","geo_enabled":true,"verified":false,"statuses_count":19180,"lang":"ja","contributors_enabled":false,"is_translator":false,"is_translation_enabled":false,"profile_background_color":"FFFFFF","profile_background_image_url":"http://pbs.twimg.com/profile_background_images/88133375/back_maruo1.jpg","profile_background_image_url_https":"https://pbs.twimg.com/profile_background_images/88133375/back_maruo1.jpg","profile_background_tile":false,"profile_image_url":"http://pbs.twimg.com/profile_images/1378304022/digitaro_ss_normal.jpg","profile_image_url_https":"https://pbs.twimg.com/profile_images/1378304022/digitaro_ss_normal.jpg","profile_banner_url":"https://pbs.twimg.com/profile_banners/95571823/1484114551","profile_link_color":"ABB8C2","profile_sidebar_border_color":"DFDFDF","profile_sidebar_fill_color":"F3F3F3","profile_text_color":"333333","profile_use_background_image":true,"has_extended_profile":false,"default_profile":false,"default_profile_image":false,"following":false,"follow_request_sent":false,"notifications":false,"translator_type":"none"},"geo":null,"coordinates":null,"place":null,"contributors":null,"is_quote_status":false,"retweet_count":538,"favorite_count":770,"favorited":false,"retweeted":false,"possibly_sensitive":false,"lang":"ja"},{"created_at":"Thu Jul 20 09:08:10 +0000 2017","id":887962324417388500,"id_str":"887962324417388548","text":"明日12時(正午)～ガチャ「STARLIGHT MIRAGE」開催！排出されるキャラはキスキル・リラ、モーツァルト、クレオパトラ等を含む光属性のみ！新たに獣神化が可能になったキスキル・リラ、モーツァルトは出現確率超UP！… https://t.co/M9OYTFBZ55","truncated":true,"entities":{"hashtags":[],"symbols":[],"user_mentions":[],"urls":[{"url":"https://t.co/M9OYTFBZ55","expanded_url":"https://twitter.com/i/web/status/887962324417388548","display_url":"twitter.com/i/web/status/8…","indices":[112,135]}]},"metadata":{"iso_language_code":"ja","result_type":"recent"},"source":"<a href=\"http://twitter.com\" rel=\"nofollow\">Twitter Web Client</a>","in_reply_to_status_id":null,"in_reply_to_status_id_str":null,"in_reply_to_user_id":null,"in_reply_to_user_id_str":null,"in_reply_to_screen_name":null,"user":{"id":1930287096,"id_str":"1930287096","name":"モンスターストライク公式(モンスト)","screen_name":"monst_mixi","location":"公式HP","description":"「モンスターストライク（モンスト）」の公式twitterです！ゲームに関する情報やイベントの出現情報など最新のお知らせをツイート中！お問い合わせやご要望はこちら⇒ http://t.co/l5Vb4U2jfi　#モンスト","url":"http://t.co/236lNhcpzY","entities":{"url":{"urls":[{"url":"http://t.co/236lNhcpzY","expanded_url":"http://www.monster-strike.com/","display_url":"monster-strike.com","indices":[0,22]}]},"description":{"urls":[{"url":"http://t.co/l5Vb4U2jfi","expanded_url":"http://www.monster-strike.com/support/","display_url":"monster-strike.com/support/","indices":[82,104]}]}},"protected":false,"followers_count":2518016,"friends_count":16,"listed_count":4658,"created_at":"Thu Oct 03 11:04:08 +0000 2013","favourites_count":0,"utc_offset":32400,"time_zone":"Seoul","geo_enabled":true,"verified":true,"statuses_count":16807,"lang":"ja","contributors_enabled":false,"is_translator":false,"is_translation_enabled":false,"profile_background_color":"C0DEED","profile_background_image_url":"http://abs.twimg.com/images/themes/theme1/bg.png","profile_background_image_url_https":"https://abs.twimg.com/images/themes/theme1/bg.png","profile_background_tile":false,"profile_image_url":"http://pbs.twimg.com/profile_images/875584833749110785/-RLaSHFb_normal.jpg","profile_image_url_https":"https://pbs.twimg.com/profile_images/875584833749110785/-RLaSHFb_normal.jpg","profile_banner_url":"https://pbs.twimg.com/profile_banners/1930287096/1498717473","profile_link_color":"1DA1F2","profile_sidebar_border_color":"C0DEED","profile_sidebar_fill_color":"DDEEF6","profile_text_color":"333333","profile_use_background_image":true,"has_extended_profile":false,"default_profile":true,"default_profile_image":false,"following":false,"follow_request_sent":false,"notifications":false,"translator_type":"none"},"geo":null,"coordinates":null,"place":null,"contributors":null,"is_quote_status":false,"retweet_count":754,"favorite_count":904,"favorited":false,"retweeted":false,"possibly_sensitive":false,"lang":"ja"},{"created_at":"Thu Jul 20 09:07:07 +0000 2017","id":887962061585748000,"id_str":"887962061585747969","text":"真似するタヌキ https://t.co/r1GmimUvkm","truncated":false,"entities":{"hashtags":[],"symbols":[],"user_mentions":[],"urls":[],"media":[{"id":887961971898724400,"id_str":"887961971898724353","indices":[8,31],"media_url":"http://pbs.twimg.com/media/DFKstXUUMAEIh9Q.png","media_url_https":"https://pbs.twimg.com/media/DFKstXUUMAEIh9Q.png","url":"https://t.co/r1GmimUvkm","display_url":"pic.twitter.com/r1GmimUvkm","expanded_url":"https://twitter.com/atamotonu/status/887962061585747969/photo/1","type":"photo","sizes":{"medium":{"w":368,"h":500,"resize":"fit"},"large":{"w":368,"h":500,"resize":"fit"},"small":{"w":368,"h":500,"resize":"fit"},"thumb":{"w":150,"h":150,"resize":"crop"}}}]},"extended_entities":{"media":[{"id":887961971898724400,"id_str":"887961971898724353","indices":[8,31],"media_url":"http://pbs.twimg.com/media/DFKstXUUMAEIh9Q.png","media_url_https":"https://pbs.twimg.com/media/DFKstXUUMAEIh9Q.png","url":"https://t.co/r1GmimUvkm","display_url":"pic.twitter.com/r1GmimUvkm","expanded_url":"https://twitter.com/atamotonu/status/887962061585747969/photo/1","type":"photo","sizes":{"medium":{"w":368,"h":500,"resize":"fit"},"large":{"w":368,"h":500,"resize":"fit"},"small":{"w":368,"h":500,"resize":"fit"},"thumb":{"w":150,"h":150,"resize":"crop"}}}]},"metadata":{"iso_language_code":"ja","result_type":"recent"},"source":"<a href=\"http://twitter.com\" rel=\"nofollow\">Twitter Web Client</a>","in_reply_to_status_id":null,"in_reply_to_status_id_str":null,"in_reply_to_user_id":null,"in_reply_to_user_id_str":null,"in_reply_to_screen_name":null,"user":{"id":723128021540954100,"id_str":"723128021540954113","name":"アタモト","screen_name":"atamotonu","location":"","description":"仕事関係の告知と楽描き用アカウント。 「タヌキとキツネ」「たるしば」など色々描いてます。リプ返し出来なくてごめんなさい、いつもありがとうございます。タヌキとキツネLINEスタンプ→https://t.co/Xpx4P8NBPs ※当アカウントのイラストの加工や転載はご遠慮ください","url":"https://t.co/3h6zd8eIug","entities":{"url":{"urls":[{"url":"https://t.co/3h6zd8eIug","expanded_url":"http://inch.sakura.ne.jp/","display_url":"inch.sakura.ne.jp","indices":[0,23]}]},"description":{"urls":[{"url":"https://t.co/Xpx4P8NBPs","expanded_url":"http://line.me/S/shop/sticker/author/101150","display_url":"line.me/S/shop/sticker…","indices":[90,113]}]}},"protected":false,"followers_count":479583,"friends_count":21,"listed_count":3634,"created_at":"Thu Apr 21 12:35:30 +0000 2016","favourites_count":159,"utc_offset":32400,"time_zone":"Tokyo","geo_enabled":false,"verified":false,"statuses_count":833,"lang":"ja","contributors_enabled":false,"is_translator":false,"is_translation_enabled":false,"profile_background_color":"000000","profile_background_image_url":"http://abs.twimg.com/images/themes/theme1/bg.png","profile_background_image_url_https":"https://abs.twimg.com/images/themes/theme1/bg.png","profile_background_tile":false,"profile_image_url":"http://pbs.twimg.com/profile_images/812948188793434112/Mu7Li4la_normal.jpg","profile_image_url_https":"https://pbs.twimg.com/profile_images/812948188793434112/Mu7Li4la_normal.jpg","profile_link_color":"D98719","profile_sidebar_border_color":"000000","profile_sidebar_fill_color":"000000","profile_text_color":"000000","profile_use_background_image":false,"has_extended_profile":false,"default_profile":false,"default_profile_image":false,"following":false,"follow_request_sent":false,"notifications":false,"translator_type":"none"},"geo":null,"coordinates":null,"place":null,"contributors":null,"is_quote_status":false,"retweet_count":4642,"favorite_count":11228,"favorited":false,"retweeted":false,"possibly_sensitive":false,"lang":"ja"},{"created_at":"Thu Jul 20 09:06:33 +0000 2017","id":887961919595831300,"id_str":"887961919595831296","text":"#ファンタおいしいチャレンジ 第2弾 #Fジャンプ\n#アバンティーズ とコラボ #PR\n\nファンタの広告に出れる!? Fジャンプの挑戦で、\n週刊少年ジャンプに載れるよ! これが以外に難しい。汗\n\n↓他のFジャンプ公開中！… https://t.co/QHA7PXHMXh","truncated":true,"entities":{"hashtags":[{"text":"ファンタおいしいチャレンジ","indices":[0,14]},{"text":"Fジャンプ","indices":[19,25]},{"text":"アバンティーズ","indices":[26,34]},{"text":"PR","indices":[40,43]}],"symbols":[],"user_mentions":[],"urls":[{"url":"https://t.co/QHA7PXHMXh","expanded_url":"https://twitter.com/i/web/status/887961919595831296","display_url":"twitter.com/i/web/status/8…","indices":[112,135]}]},"metadata":{"iso_language_code":"ja","result_type":"recent"},"source":"<a href=\"http://twitter.com\" rel=\"nofollow\">Twitter Web Client</a>","in_reply_to_status_id":null,"in_reply_to_status_id_str":null,"in_reply_to_user_id":null,"in_reply_to_user_id_str":null,"in_reply_to_screen_name":null,"user":{"id":2942676985,"id_str":"2942676985","name":"カンタ（水溜りボンド）","screen_name":"kantamizutamari","location":"マレーシア→アメリカ→東京(現在)","description":"YouTuberです。登録者190万人突破！\n気になるけど別に自分ではやらないな、みたいなことを毎日やってます。それを見て少しでも楽しんで頂ければ幸せです！！ドッキリ世界一目指してます。\nしんぶんしトマトドッキリキッド（SBTMDK）\n\n動画編集企画。","url":"https://t.co/LLm33jlLT1","entities":{"url":{"urls":[{"url":"https://t.co/LLm33jlLT1","expanded_url":"https://m.youtube.com/channel/UCpOjLndjOqMoffA-fr8cbKA","display_url":"m.youtube.com/channel/UCpOjL…","indices":[0,23]}]},"description":{"urls":[]}},"protected":false,"followers_count":486655,"friends_count":26470,"listed_count":1670,"created_at":"Thu Dec 25 08:24:54 +0000 2014","favourites_count":64273,"utc_offset":-25200,"time_zone":"Pacific Time (US & Canada)","geo_enabled":true,"verified":false,"statuses_count":73517,"lang":"ja","contributors_enabled":false,"is_translator":false,"is_translation_enabled":false,"profile_background_color":"000000","profile_background_image_url":"http://abs.twimg.com/images/themes/theme1/bg.png","profile_background_image_url_https":"https://abs.twimg.com/images/themes/theme1/bg.png","profile_background_tile":false,"profile_image_url":"http://pbs.twimg.com/profile_images/854953938440736769/PxcIFYuA_normal.jpg","profile_image_url_https":"https://pbs.twimg.com/profile_images/854953938440736769/PxcIFYuA_normal.jpg","profile_banner_url":"https://pbs.twimg.com/profile_banners/2942676985/1494089685","profile_link_color":"89C9FA","profile_sidebar_border_color":"000000","profile_sidebar_fill_color":"000000","profile_text_color":"000000","profile_use_background_image":false,"has_extended_profile":true,"default_profile":false,"default_profile_image":false,"following":false,"follow_request_sent":false,"notifications":false,"translator_type":"none"},"geo":null,"coordinates":null,"place":null,"contributors":null,"is_quote_status":false,"retweet_count":1010,"favorite_count":4305,"favorited":false,"retweeted":false,"possibly_sensitive":false,"lang":"ja"}],"search_metadata":{"completed_in":0.17,"max_id":887968345286336500,"max_id_str":"887968345286336513","next_results":"?max_id=887961919595831295&q=lang%3Aja%20min_retweets%3A500&include_entities=1","query":"lang%3Aja+min_retweets%3A500","refresh_url":"?since_id=887968345286336513&q=lang%3Aja%20min_retweets%3A500&include_entities=1","count":15,"since_id":0,"since_id_str":"0"}}