{"statuses":[{"created_at":"Wed Jul 19 15:31:43 +0000 2017","id":887696460241748000,"id_str":"887696460241747969","text":"自撮りアイテムとして使えるお菓子最新版 https://t.co/Hik2CsP9kt","truncated":false,"entities":{"hashtags":[],"symbols":[],"user_mentions":[],"urls":[],"media":[{"id":887696453870563300,"id_str":"887696453870563329","indices":[20,43],"media_url":"http://pbs.twimg.com/media/DFG7OLlUMAE3mL4.jpg","media_url_https":"https://pbs.twimg.com/media/DFG7OLlUMAE3mL4.jpg","url":"https://t.co/Hik2CsP9kt","display_url":"pic.twitter.com/Hik2CsP9kt","expanded_url":"https://twitter.com/5623V/status/887696460241747969/photo/1","type":"photo","sizes":{"small":{"w":648,"h":680,"resize":"fit"},"thumb":{"w":150,"h":150,"resize":"crop"},"medium":{"w":921,"h":967,"resize":"fit"},"large":{"w":921,"h":967,"resize":"fit"}}}]},"extended_entities":{"media":[{"id":887696453870563300,"id_str":"887696453870563329","indices":[20,43],"media_url":"http://pbs.twimg.com/media/DFG7OLlUMAE3mL4.jpg","media_url_https":"https://pbs.twimg.com/media/DFG7OLlUMAE3mL4.jpg","url":"https://t.co/Hik2CsP9kt","display_url":"pic.twitter.com/Hik2CsP9kt","expanded_url":"https://twitter.com/5623V/status/887696460241747969/photo/1","type":"photo","sizes":{"small":{"w":648,"h":680,"resize":"fit"},"thumb":{"w":150,"h":150,"resize":"crop"},"medium":{"w":921,"h":967,"resize":"fit"},"large":{"w":921,"h":967,"resize":"fit"}}},{"id":887696453878947800,"id_str":"887696453878947840","indices":[20,43],"media_url":"http://pbs.twimg.com/media/DFG7OLnUIAAQqhZ.jpg","media_url_https":"https://pbs.twimg.com/media/DFG7OLnUIAAQqhZ.jpg","url":"https://t.co/Hik2CsP9kt","display_url":"pic.twitter.com/Hik2CsP9kt","expanded_url":"https://twitter.com/5623V/status/887696460241747969/photo/1","type":"photo","sizes":{"small":{"w":648,"h":680,"resize":"fit"},"thumb":{"w":150,"h":150,"resize":"crop"},"medium":{"w":921,"h":967,"resize":"fit"},"large":{"w":921,"h":967,"resize":"fit"}}},{"id":887696453870641200,"id_str":"887696453870641152","indices":[20,43],"media_url":"http://pbs.twimg.com/media/DFG7OLlVYAAmUdC.jpg","media_url_https":"https://pbs.twimg.com/media/DFG7OLlVYAAmUdC.jpg","url":"https://t.co/Hik2CsP9kt","display_url":"pic.twitter.com/Hik2CsP9kt","expanded_url":"https://twitter.com/5623V/status/887696460241747969/photo/1","type":"photo","sizes":{"large":{"w":921,"h":967,"resize":"fit"},"thumb":{"w":150,"h":150,"resize":"crop"},"small":{"w":648,"h":680,"resize":"fit"},"medium":{"w":921,"h":967,"resize":"fit"}}},{"id":887696453879029800,"id_str":"887696453879029760","indices":[20,43],"media_url":"http://pbs.twimg.com/media/DFG7OLnVYAAtHo5.jpg","media_url_https":"https://pbs.twimg.com/media/DFG7OLnVYAAtHo5.jpg","url":"https://t.co/Hik2CsP9kt","display_url":"pic.twitter.com/Hik2CsP9kt","expanded_url":"https://twitter.com/5623V/status/887696460241747969/photo/1","type":"photo","sizes":{"small":{"w":648,"h":680,"resize":"fit"},"thumb":{"w":150,"h":150,"resize":"crop"},"medium":{"w":921,"h":967,"resize":"fit"},"large":{"w":921,"h":967,"resize":"fit"}}}]},"metadata":{"iso_language_code":"ja","result_type":"recent"},"source":"<a href=\"http://twitter.com/download/iphone\" rel=\"nofollow\">Twitter for iPhone</a>","in_reply_to_status_id":null,"in_reply_to_status_id_str":null,"in_reply_to_user_id":null,"in_reply_to_user_id_str":null,"in_reply_to_screen_name":null,"user":{"id":338163791,"id_str":"338163791","name":"江崎びす子","screen_name":"5623V","location":" ʚJAPAN✞TOKYO✞HARAJUKUɞ","description":"イラストレーター・漫画家(@5623V2)(@ppg_5623V)(@manapis_5623)(@usatan_mhc)(@yumekawaboys)(@B_S_K_E_Z_K )【ezakibisuko@gmail.com】☜ご連絡はコチラまで。","url":"https://t.co/ID1T6wpK5o","entities":{"url":{"urls":[{"url":"https://t.co/ID1T6wpK5o","expanded_url":"http://ateliermu.wixsite.com/ateliermu","display_url":"ateliermu.wixsite.com/ateliermu","indices":[0,23]}]},"description":{"urls":[]}},"protected":false,"followers_count":174554,"friends_count":5526,"listed_count":2155,"created_at":"Tue Jul 19 05:03:51 +0000 2011","favourites_count":31794,"utc_offset":28800,"time_zone":"Irkutsk","geo_enabled":false,"verified":false,"statuses_count":35661,"lang":"ja","contributors_enabled":false,"is_translator":false,"is_translation_enabled":false,"profile_background_color":"FE44B0","profile_background_image_url":"http://pbs.twimg.com/profile_background_images/378800000080661126/6dcaf2f4351c8600acae3e1029b70c2e.jpeg","profile_background_image_url_https":"https://pbs.twimg.com/profile_background_images/378800000080661126/6dcaf2f4351c8600acae3e1029b70c2e.jpeg","profile_background_tile":true,"profile_image_url":"http://pbs.twimg.com/profile_images/840619320178700288/pLnM60pL_normal.jpg","profile_image_url_https":"https://pbs.twimg.com/profile_images/840619320178700288/pLnM60pL_normal.jpg","profile_banner_url":"https://pbs.twimg.com/profile_banners/338163791/1408413248","profile_link_color":"FE82CB","profile_sidebar_border_color":"FFFFFF","profile_sidebar_fill_color":"FFFFFF","profile_text_color":"FEC1E5","profile_use_background_image":true,"has_extended_profile":true,"default_profile":false,"default_profile_image":false,"following":false,"follow_request_sent":false,"notifications":false,"translator_type":"none"},"geo":null,"coordinates":null,"place":null,"contributors":null,"is_quote_status":false,"retweet_count":718,"favorite_count":1634,"favorited":false,"retweeted":false,"possibly_sensitive":false,"lang":"ja"},{"created_at":"Wed Jul 19 15:22:43 +0000 2017","id":887694197364359200,"id_str":"887694197364359168","text":"過保護のカホコ第2話 観てくださった皆様❗️\nありがとうございました。\nみんなの大好きなカホコを来週も応援してやってください。\nツイートもありがとうございました☺️\n来週も宜しくお願いします\n                                          初。","truncated":false,"entities":{"hashtags":[],"symbols":[],"user_mentions":[],"urls":[]},"metadata":{"iso_language_code":"ja","result_type":"recent"},"source":"<a href=\"http://twitter.com/download/iphone\" rel=\"nofollow\">Twitter for iPhone</a>","in_reply_to_status_id":null,"in_reply_to_status_id_str":null,"in_reply_to_user_id":null,"in_reply_to_user_id_str":null,"in_reply_to_screen_name":null,"user":{"id":2816575188,"id_str":"2816575188","name":"竹内涼真","screen_name":"takeuchi_ryoma","location":"","description":"竹内涼真オフィシャルアカウント ホリプロ所属 【竹内涼真携帯サイト】https://t.co/bHz3ujZU4w","url":"https://t.co/BInSeW6RrS","entities":{"url":{"urls":[{"url":"https://t.co/BInSeW6RrS","expanded_url":"http://www.horipro.co.jp/takeuchiryoma/","display_url":"horipro.co.jp/takeuchiryoma/","indices":[0,23]}]},"description":{"urls":[{"url":"https://t.co/bHz3ujZU4w","expanded_url":"http://goo.gl/Kfd42k","display_url":"goo.gl/Kfd42k","indices":[34,57]}]}},"protected":false,"followers_count":892042,"friends_count":177,"listed_count":2389,"created_at":"Thu Sep 18 08:13:38 +0000 2014","favourites_count":2265,"utc_offset":32400,"time_zone":"Tokyo","geo_enabled":false,"verified":true,"statuses_count":3950,"lang":"ja","contributors_enabled":false,"is_translator":false,"is_translation_enabled":false,"profile_background_color":"C0DEED","profile_background_image_url":"http://abs.twimg.com/images/themes/theme1/bg.png","profile_background_image_url_https":"https://abs.twimg.com/images/themes/theme1/bg.png","profile_background_tile":false,"profile_image_url":"http://pbs.twimg.com/profile_images/884783756246044672/ksy7UW1A_normal.jpg","profile_image_url_https":"https://pbs.twimg.com/profile_images/884783756246044672/ksy7UW1A_normal.jpg","profile_banner_url":"https://pbs.twimg.com/profile_banners/2816575188/1485176560","profile_link_color":"1DA1F2","profile_sidebar_border_color":"C0DEED","profile_sidebar_fill_color":"DDEEF6","profile_text_color":"333333","profile_use_background_image":true,"has_extended_profile":true,"default_profile":true,"default_profile_image":false,"following":false,"follow_request_sent":false,"notifications":false,"translator_type":"none"},"geo":null,"coordinates":null,"place":null,"contributors":null,"is_quote_status":false,"retweet_count":1180,"favorite_count":13817,"favorited":false,"retweeted":false,"lang":"ja"},{"created_at":"Wed Jul 19 15:14:46 +0000 2017","id":887692196496855000,"id_str":"887692196496855040","text":"刀剣乱舞\n\n書いてみた。 https://t.co/PfAixaHz4h","truncated":false,"entities":{"hashtags":[],"symbols":[],"user_mentions":[],"urls":[],"media":[{"id":887692181258944500,"id_str":"887692181258944512","indices":[13,36],"media_url":"http://pbs.twimg.com/media/DFG3Ve3UwAAFf2f.jpg","media_url_https":"https://pbs.twimg.com/media/DFG3Ve3UwAAFf2f.jpg","url":"https://t.co/PfAixaHz4h","display_url":"pic.twitter.com/PfAixaHz4h","expanded_url":"https://twitter.com/shotomita18/status/887692196496855040/photo/1","type":"photo","sizes":{"medium":{"w":900,"h":1200,"resize":"fit"},"thumb":{"w":150,"h":150,"resize":"crop"},"large":{"w":1536,"h":2048,"resize":"fit"},"small":{"w":510,"h":680,"resize":"fit"}}}]},"extended_entities":{"media":[{"id":887692181258944500,"id_str":"887692181258944512","indices":[13,36],"media_url":"http://pbs.twimg.com/media/DFG3Ve3UwAAFf2f.jpg","media_url_https":"https://pbs.twimg.com/media/DFG3Ve3UwAAFf2f.jpg","url":"https://t.co/PfAixaHz4h","display_url":"pic.twitter.com/PfAixaHz4h","expanded_url":"https://twitter.com/shotomita18/status/887692196496855040/photo/1","type":"photo","sizes":{"medium":{"w":900,"h":1200,"resize":"fit"},"thumb":{"w":150,"h":150,"resize":"crop"},"large":{"w":1536,"h":2048,"resize":"fit"},"small":{"w":510,"h":680,"resize":"fit"}}},{"id":887692181275725800,"id_str":"887692181275725824","indices":[13,36],"media_url":"http://pbs.twimg.com/media/DFG3Ve7U0AA8Vz2.jpg","media_url_https":"https://pbs.twimg.com/media/DFG3Ve7U0AA8Vz2.jpg","url":"https://t.co/PfAixaHz4h","display_url":"pic.twitter.com/PfAixaHz4h","expanded_url":"https://twitter.com/shotomita18/status/887692196496855040/photo/1","type":"photo","sizes":{"medium":{"w":900,"h":1200,"resize":"fit"},"thumb":{"w":150,"h":150,"resize":"crop"},"large":{"w":1536,"h":2048,"resize":"fit"},"small":{"w":510,"h":680,"resize":"fit"}}}]},"metadata":{"iso_language_code":"ja","result_type":"recent"},"source":"<a href=\"http://twitter.com/download/iphone\" rel=\"nofollow\">Twitter for iPhone</a>","in_reply_to_status_id":null,"in_reply_to_status_id_str":null,"in_reply_to_user_id":null,"in_reply_to_user_id_str":null,"in_reply_to_screen_name":null,"user":{"id":1203039157,"id_str":"1203039157","name":"富田翔","screen_name":"shotomita18","location":"","description":"1982年1月7日生まれ トキエンタテインメント所属 舞台 刀剣乱舞 2017年6月1日（木）〜25日（日）銀河劇場 6月29日（木）〜7月2日（日）京都劇場 7月13日（木）〜14日（金）福岡サンパレスホテル&ホール https://t.co/0v4v2DoVb4","url":null,"entities":{"description":{"urls":[{"url":"https://t.co/0v4v2DoVb4","expanded_url":"http://ameblo.jp/shotomita/","display_url":"ameblo.jp/shotomita/","indices":[110,133]}]}},"protected":false,"followers_count":23101,"friends_count":405,"listed_count":1055,"created_at":"Thu Feb 21 04:57:49 +0000 2013","favourites_count":0,"utc_offset":null,"time_zone":null,"geo_enabled":false,"verified":false,"statuses_count":7086,"lang":"ja","contributors_enabled":false,"is_translator":false,"is_translation_enabled":false,"profile_background_color":"C0DEED","profile_background_image_url":"http://abs.twimg.com/images/themes/theme1/bg.png","profile_background_image_url_https":"https://abs.twimg.com/images/themes/theme1/bg.png","profile_background_tile":false,"profile_image_url":"http://pbs.twimg.com/profile_images/875391485952147456/z3FdqVeu_normal.jpg","profile_image_url_https":"https://pbs.twimg.com/profile_images/875391485952147456/z3FdqVeu_normal.jpg","profile_banner_url":"https://pbs.twimg.com/profile_banners/1203039157/1361423519","profile_link_color":"1DA1F2","profile_sidebar_border_color":"C0DEED","profile_sidebar_fill_color":"DDEEF6","profile_text_color":"333333","profile_use_background_image":true,"has_extended_profile":false,"default_profile":true,"default_profile_image":false,"following":false,"follow_request_sent":false,"notifications":false,"translator_type":"none"},"geo":null,"coordinates":null,"place":null,"contributors":null,"is_quote_status":false,"retweet_count":769,"favorite_count":1737,"favorited":false,"retweeted":false,"possibly_sensitive":false,"lang":"ja"},{"created_at":"Wed Jul 19 15:12:16 +0000 2017","id":887691567254847500,"id_str":"887691567254847488","text":"本当だ…待って…待って… https://t.co/DND1d3QKN3","truncated":false,"entities":{"hashtags":[],"symbols":[],"user_mentions":[],"urls":[],"media":[{"id":887691560027947000,"id_str":"887691560027947016","indices":[13,36],"media_url":"http://pbs.twimg.com/media/DFG2xUmUAAgHfBk.jpg","media_url_https":"https://pbs.twimg.com/media/DFG2xUmUAAgHfBk.jpg","url":"https://t.co/DND1d3QKN3","display_url":"pic.twitter.com/DND1d3QKN3","expanded_url":"https://twitter.com/akadama24/status/887691567254847488/photo/1","type":"photo","sizes":{"medium":{"w":640,"h":1136,"resize":"fit"},"large":{"w":640,"h":1136,"resize":"fit"},"thumb":{"w":150,"h":150,"resize":"crop"},"small":{"w":383,"h":680,"resize":"fit"}}}]},"extended_entities":{"media":[{"id":887691560027947000,"id_str":"887691560027947016","indices":[13,36],"media_url":"http://pbs.twimg.com/media/DFG2xUmUAAgHfBk.jpg","media_url_https":"https://pbs.twimg.com/media/DFG2xUmUAAgHfBk.jpg","url":"https://t.co/DND1d3QKN3","display_url":"pic.twitter.com/DND1d3QKN3","expanded_url":"https://twitter.com/akadama24/status/887691567254847488/photo/1","type":"photo","sizes":{"medium":{"w":640,"h":1136,"resize":"fit"},"large":{"w":640,"h":1136,"resize":"fit"},"thumb":{"w":150,"h":150,"resize":"crop"},"small":{"w":383,"h":680,"resize":"fit"}}}]},"metadata":{"iso_language_code":"ja","result_type":"recent"},"source":"<a href=\"http://twitter.com/download/iphone\" rel=\"nofollow\">Twitter for iPhone</a>","in_reply_to_status_id":null,"in_reply_to_status_id_str":null,"in_reply_to_user_id":null,"in_reply_to_user_id_str":null,"in_reply_to_screen_name":null,"user":{"id":159871435,"id_str":"159871435","name":"あかだま","screen_name":"akadama24","location":"石かり海域","description":"あかだまです。腐 20↑ プロフを読んでご自衛くだされ。フォローは成人済み推奨。https://t.co/ZrEf1nY4rH モデリングに片足突っ込みそう","url":"https://t.co/nEAtkhgFrF","entities":{"url":{"urls":[{"url":"https://t.co/nEAtkhgFrF","expanded_url":"http://www.pixiv.net/member.php?id=1535052","display_url":"pixiv.net/member.php?id=…","indices":[0,23]}]},"description":{"urls":[{"url":"https://t.co/ZrEf1nY4rH","expanded_url":"http://twpf.jp/akadama24","display_url":"twpf.jp/akadama24","indices":[40,63]}]}},"protected":false,"followers_count":3930,"friends_count":524,"listed_count":111,"created_at":"Sat Jun 26 15:00:29 +0000 2010","favourites_count":70701,"utc_offset":32400,"time_zone":"Tokyo","geo_enabled":false,"verified":false,"statuses_count":248381,"lang":"ja","contributors_enabled":false,"is_translator":false,"is_translation_enabled":false,"profile_background_color":"B2DFDA","profile_background_image_url":"http://pbs.twimg.com/profile_background_images/631920778/0d05i83dhm4lidbwdu1w.png","profile_background_image_url_https":"https://pbs.twimg.com/profile_background_images/631920778/0d05i83dhm4lidbwdu1w.png","profile_background_tile":true,"profile_image_url":"http://pbs.twimg.com/profile_images/879114510241366016/OJf0O6b0_normal.png","profile_image_url_https":"https://pbs.twimg.com/profile_images/879114510241366016/OJf0O6b0_normal.png","profile_banner_url":"https://pbs.twimg.com/profile_banners/159871435/1487413431","profile_link_color":"82AE46","profile_sidebar_border_color":"FFFFFF","profile_sidebar_fill_color":"9CF000","profile_text_color":"FC8E08","profile_use_background_image":true,"has_extended_profile":true,"default_profile":false,"default_profile_image":false,"following":false,"follow_request_sent":false,"notifications":false,"translator_type":"none"},"geo":null,"coordinates":null,"place":null,"contributors":null,"is_quote_status":false,"retweet_count":710,"favorite_count":260,"favorited":false,"retweeted":false,"possibly_sensitive":false,"lang":"ja"},{"created_at":"Wed Jul 19 15:10:00 +0000 2017","id":887690997592764400,"id_str":"887690997592764417","text":"7/20誕生日の方ラスト10/10 『銀魂』神晃さん、『テニスの王子様』財前光さん、平善之さん、『ぬらりひょんの孫』千羽さん、『魔人探偵脳噛ネウロ』笹塚衛士さん、『暗殺教室』潮田渚さん、『ハイキュー!!』及川徹さん 他の皆さま、おめでとうございます!","truncated":false,"entities":{"hashtags":[],"symbols":[],"user_mentions":[],"urls":[]},"metadata":{"iso_language_code":"ja","result_type":"recent"},"source":"<a href=\"https://about.twitter.com/products/tweetdeck\" rel=\"nofollow\">TweetDeck</a>","in_reply_to_status_id":null,"in_reply_to_status_id_str":null,"in_reply_to_user_id":null,"in_reply_to_user_id_str":null,"in_reply_to_screen_name":null,"user":{"id":239184055,"id_str":"239184055","name":"タワーレコード アニメ","screen_name":"TOWER_Anime","location":"","description":"タワーレコードが運営するアニメ情報アカウントです。リリース情報やキャンペーン情報、イベント案内などアニメに関連するお得インフォをアニメマニアのタワレコ・スタッフがつぶやきます!店舗により特典や限定盤の有無／在庫が異なる場合がございます。詳細は購入(ご予約)先でご確認ください。","url":"http://t.co/V5prPG68Ot","entities":{"url":{"urls":[{"url":"http://t.co/V5prPG68Ot","expanded_url":"http://tower.jp/genre/J-Pop/J-Anime-Game-Music","display_url":"tower.jp/genre/J-Pop/J-…","indices":[0,22]}]},"description":{"urls":[]}},"protected":false,"followers_count":128837,"friends_count":24217,"listed_count":3260,"created_at":"Mon Jan 17 01:19:17 +0000 2011","favourites_count":10,"utc_offset":32400,"time_zone":"Tokyo","geo_enabled":false,"verified":false,"statuses_count":45872,"lang":"ja","contributors_enabled":false,"is_translator":false,"is_translation_enabled":false,"profile_background_color":"FDCF00","profile_background_image_url":"http://pbs.twimg.com/profile_background_images/193606286/_____.png","profile_background_image_url_https":"https://pbs.twimg.com/profile_background_images/193606286/_____.png","profile_background_tile":false,"profile_image_url":"http://pbs.twimg.com/profile_images/531977371398582272/5uEKd98V_normal.png","profile_image_url_https":"https://pbs.twimg.com/profile_images/531977371398582272/5uEKd98V_normal.png","profile_banner_url":"https://pbs.twimg.com/profile_banners/239184055/1435729043","profile_link_color":"D7000E","profile_sidebar_border_color":"000000","profile_sidebar_fill_color":"F0F0F0","profile_text_color":"676767","profile_use_background_image":true,"has_extended_profile":false,"default_profile":false,"default_profile_image":false,"following":false,"follow_request_sent":false,"notifications":false,"translator_type":"none"},"geo":null,"coordinates":null,"place":null,"contributors":null,"is_quote_status":false,"retweet_count":556,"favorite_count":530,"favorited":false,"retweeted":false,"lang":"ja"},{"created_at":"Wed Jul 19 15:09:52 +0000 2017","id":887690962985656300,"id_str":"887690962985656320","text":"ほんとだ！！ なにこれ！！！！！ https://t.co/4z6CFVGuXS","truncated":false,"entities":{"hashtags":[],"symbols":[],"user_mentions":[],"urls":[],"media":[{"id":887690949521940500,"id_str":"887690949521940481","indices":[17,40],"media_url":"http://pbs.twimg.com/media/DFG2NySVoAEqpg9.jpg","media_url_https":"https://pbs.twimg.com/media/DFG2NySVoAEqpg9.jpg","url":"https://t.co/4z6CFVGuXS","display_url":"pic.twitter.com/4z6CFVGuXS","expanded_url":"https://twitter.com/JILL_mizu/status/887690962985656320/photo/1","type":"photo","sizes":{"medium":{"w":675,"h":1200,"resize":"fit"},"thumb":{"w":150,"h":150,"resize":"crop"},"large":{"w":1080,"h":1920,"resize":"fit"},"small":{"w":383,"h":680,"resize":"fit"}}}]},"extended_entities":{"media":[{"id":887690949521940500,"id_str":"887690949521940481","indices":[17,40],"media_url":"http://pbs.twimg.com/media/DFG2NySVoAEqpg9.jpg","media_url_https":"https://pbs.twimg.com/media/DFG2NySVoAEqpg9.jpg","url":"https://t.co/4z6CFVGuXS","display_url":"pic.twitter.com/4z6CFVGuXS","expanded_url":"https://twitter.com/JILL_mizu/status/887690962985656320/photo/1","type":"photo","sizes":{"medium":{"w":675,"h":1200,"resize":"fit"},"thumb":{"w":150,"h":150,"resize":"crop"},"large":{"w":1080,"h":1920,"resize":"fit"},"small":{"w":383,"h":680,"resize":"fit"}}}]},"metadata":{"iso_language_code":"ja","result_type":"recent"},"source":"<a href=\"http://twitter.com/download/android\" rel=\"nofollow\">Twitter for Android</a>","in_reply_to_status_id":null,"in_reply_to_status_id_str":null,"in_reply_to_user_id":null,"in_reply_to_user_id_str":null,"in_reply_to_screen_name":null,"user":{"id":315596917,"id_str":"315596917","name":"†┏┛JILL┗┓†","screen_name":"JILL_mizu","location":"桃源郷","description":"みずものです。だいぶ成人。アン兵/石かり/虎兎固定厨です。その他もろもろ呟きはCP雑多になります。字を書いていますが日常呟きも多いです。成人していると判断できない方、腐でない方、殆ど呟いていない方などはブロックさせていただきますのでご了承お願いします。","url":"https://t.co/gFmIFZ8Xwj","entities":{"url":{"urls":[{"url":"https://t.co/gFmIFZ8Xwj","expanded_url":"http://www.pixiv.net/member.php?id=3183640","display_url":"pixiv.net/member.php?id=…","indices":[0,23]}]},"description":{"urls":[]}},"protected":false,"followers_count":368,"friends_count":191,"listed_count":25,"created_at":"Sun Jun 12 04:10:14 +0000 2011","favourites_count":6682,"utc_offset":32400,"time_zone":"Tokyo","geo_enabled":false,"verified":false,"statuses_count":187803,"lang":"ja","contributors_enabled":false,"is_translator":false,"is_translation_enabled":false,"profile_background_color":"F0F4F5","profile_background_image_url":"http://pbs.twimg.com/profile_background_images/378800000065123909/06a3c22e43d57464c14ef262efb91f14.gif","profile_background_image_url_https":"https://pbs.twimg.com/profile_background_images/378800000065123909/06a3c22e43d57464c14ef262efb91f14.gif","profile_background_tile":true,"profile_image_url":"http://pbs.twimg.com/profile_images/782882252854177793/Z4gl6s2h_normal.jpg","profile_image_url_https":"https://pbs.twimg.com/profile_images/782882252854177793/Z4gl6s2h_normal.jpg","profile_banner_url":"https://pbs.twimg.com/profile_banners/315596917/1432258362","profile_link_color":"F95A74","profile_sidebar_border_color":"FFFFFF","profile_sidebar_fill_color":"1362C2","profile_text_color":"0E0596","profile_use_background_image":true,"has_extended_profile":true,"default_profile":false,"default_profile_image":false,"following":false,"follow_request_sent":false,"notifications":false,"translator_type":"none"},"geo":null,"coordinates":null,"place":null,"contributors":null,"is_quote_status":false,"retweet_count":2154,"favorite_count":536,"favorited":false,"retweeted":false,"possibly_sensitive":false,"lang":"ja"},{"created_at":"Wed Jul 19 15:04:01 +0000 2017","id":887689491669844000,"id_str":"887689491669843970","text":"というわけでお知らせです！なんとポンコツクエストが、アプリじゃなくて、LINE着せ替えになりました！アプリじゃなくてごめんな！この夏は！ポンクエ着せ替えでどうのこうの！！５億ダウンロードよろしくお願いしまーす。（カク） #ポンクエ… https://t.co/W2w6HWT3qf","truncated":true,"entities":{"hashtags":[{"text":"ポンクエ","indices":[110,115]}],"symbols":[],"user_mentions":[],"urls":[{"url":"https://t.co/W2w6HWT3qf","expanded_url":"https://twitter.com/i/web/status/887689491669843970","display_url":"twitter.com/i/web/status/8…","indices":[117,140]}]},"metadata":{"iso_language_code":"ja","result_type":"recent"},"source":"<a href=\"http://twitter.com\" rel=\"nofollow\">Twitter Web Client</a>","in_reply_to_status_id":null,"in_reply_to_status_id_str":null,"in_reply_to_user_id":null,"in_reply_to_user_id_str":null,"in_reply_to_screen_name":null,"user":{"id":3055422054,"id_str":"3055422054","name":"ポンコツクエスト公式","screen_name":"PonkotsuQuest","location":"","description":"ブラック企業な魔王軍でこき使われる社畜モンスター達のグダグダアニメ「ポンコツクエスト」公式Twitterです。毎月第３水曜23:54からBS11にてレギュラー放送中&YouTubeでも引き続き配信中。BD1~3巻も好評発売中！","url":"https://t.co/HbX21ajJcJ","entities":{"url":{"urls":[{"url":"https://t.co/HbX21ajJcJ","expanded_url":"http://www.vap.co.jp/ponque/","display_url":"vap.co.jp/ponque/","indices":[0,23]}]},"description":{"urls":[]}},"protected":false,"followers_count":29718,"friends_count":14,"listed_count":212,"created_at":"Mon Mar 02 08:21:17 +0000 2015","favourites_count":26,"utc_offset":null,"time_zone":null,"geo_enabled":true,"verified":false,"statuses_count":1212,"lang":"ja","contributors_enabled":false,"is_translator":false,"is_translation_enabled":false,"profile_background_color":"C0DEED","profile_background_image_url":"http://pbs.twimg.com/profile_background_images/580967981833830400/PV43TGLD.jpg","profile_background_image_url_https":"https://pbs.twimg.com/profile_background_images/580967981833830400/PV43TGLD.jpg","profile_background_tile":false,"profile_image_url":"http://pbs.twimg.com/profile_images/698077558617706496/0Pyeapxo_normal.png","profile_image_url_https":"https://pbs.twimg.com/profile_images/698077558617706496/0Pyeapxo_normal.png","profile_banner_url":"https://pbs.twimg.com/profile_banners/3055422054/1427348590","profile_link_color":"FFAEAD","profile_sidebar_border_color":"C0DEED","profile_sidebar_fill_color":"DDEEF6","profile_text_color":"333333","profile_use_background_image":false,"has_extended_profile":false,"default_profile":false,"default_profile_image":false,"following":false,"follow_request_sent":false,"notifications":false,"translator_type":"none"},"geo":null,"coordinates":null,"place":null,"contributors":null,"is_quote_status":false,"retweet_count":565,"favorite_count":742,"favorited":false,"retweeted":false,"possibly_sensitive":false,"lang":"ja"},{"created_at":"Wed Jul 19 15:03:06 +0000 2017","id":887689260911820800,"id_str":"887689260911820801","text":"夜はテニミュ青学vs立海を幽劇チームで観劇。\nみかてぃと立海観るの変な感じやったし、思えば手塚に決まってからの初テニミュ観劇も青学vs立海…早いものです。\nエネルギッシュでフレッシュなパワーをありがとう！！\n宇野ちゃん＆仁愛ちゃん… https://t.co/kleNfz0KAW","truncated":true,"entities":{"hashtags":[],"symbols":[],"user_mentions":[],"urls":[{"url":"https://t.co/kleNfz0KAW","expanded_url":"https://twitter.com/i/web/status/887689260911820801","display_url":"twitter.com/i/web/status/8…","indices":[117,140]}]},"metadata":{"iso_language_code":"ja","result_type":"recent"},"source":"<a href=\"http://twitter.com/download/iphone\" rel=\"nofollow\">Twitter for iPhone</a>","in_reply_to_status_id":null,"in_reply_to_status_id_str":null,"in_reply_to_user_id":null,"in_reply_to_user_id_str":null,"in_reply_to_screen_name":null,"user":{"id":4288376660,"id_str":"4288376660","name":"多和田秀弥","screen_name":"hideyatawada","location":"","description":"大阪府出身／映画『ひだまりが聴こえる』主演／8月『幽劇』／11〜12月『スカーレット・ピンパーネル』エルトン役／12〜'18.2月『文豪ストレイドッグス』太宰治役／『手裏剣戦隊ニンニンジャー』スターニンジャー☆キンジ・タキガワ役 https://t.co/YhL9y32LLw","url":"https://t.co/cfXPA1k9PP","entities":{"url":{"urls":[{"url":"https://t.co/cfXPA1k9PP","expanded_url":"https://gv-actors.com/","display_url":"gv-actors.com","indices":[0,23]}]},"description":{"urls":[{"url":"https://t.co/YhL9y32LLw","expanded_url":"https://youtu.be/V4risupvl5I","display_url":"youtu.be/V4risupvl5I","indices":[115,138]}]}},"protected":false,"followers_count":42469,"friends_count":191,"listed_count":1155,"created_at":"Thu Nov 19 09:29:43 +0000 2015","favourites_count":0,"utc_offset":null,"time_zone":null,"geo_enabled":false,"verified":true,"statuses_count":1749,"lang":"ja","contributors_enabled":false,"is_translator":false,"is_translation_enabled":false,"profile_background_color":"C0DEED","profile_background_image_url":"http://abs.twimg.com/images/themes/theme1/bg.png","profile_background_image_url_https":"https://abs.twimg.com/images/themes/theme1/bg.png","profile_background_tile":false,"profile_image_url":"http://pbs.twimg.com/profile_images/844538424040185856/2Guqp0F8_normal.jpg","profile_image_url_https":"https://pbs.twimg.com/profile_images/844538424040185856/2Guqp0F8_normal.jpg","profile_banner_url":"https://pbs.twimg.com/profile_banners/4288376660/1490188580","profile_link_color":"1DA1F2","profile_sidebar_border_color":"C0DEED","profile_sidebar_fill_color":"DDEEF6","profile_text_color":"333333","profile_use_background_image":true,"has_extended_profile":true,"default_profile":true,"default_profile_image":false,"following":false,"follow_request_sent":false,"notifications":false,"translator_type":"none"},"geo":null,"coordinates":null,"place":null,"contributors":null,"is_quote_status":false,"retweet_count":698,"favorite_count":1518,"favorited":false,"retweeted":false,"possibly_sensitive":false,"lang":"ja"},{"created_at":"Wed Jul 19 15:01:46 +0000 2017","id":887688922557325300,"id_str":"887688922557325312","text":"ひとりじゃないよ\n#及川徹生誕祭2017 https://t.co/nZl2l1tpjX","truncated":false,"entities":{"hashtags":[{"text":"及川徹生誕祭2017","indices":[9,20]}],"symbols":[],"user_mentions":[],"urls":[],"media":[{"id":887688794501136400,"id_str":"887688794501136384","indices":[21,44],"media_url":"http://pbs.twimg.com/media/DFG0QWNVwAACKwP.png","media_url_https":"https://pbs.twimg.com/media/DFG0QWNVwAACKwP.png","url":"https://t.co/nZl2l1tpjX","display_url":"pic.twitter.com/nZl2l1tpjX","expanded_url":"https://twitter.com/sskz_gsr/status/887688922557325312/photo/1","type":"photo","sizes":{"thumb":{"w":150,"h":150,"resize":"crop"},"large":{"w":1200,"h":830,"resize":"fit"},"small":{"w":680,"h":470,"resize":"fit"},"medium":{"w":1200,"h":830,"resize":"fit"}}}]},"extended_entities":{"media":[{"id":887688794501136400,"id_str":"887688794501136384","indices":[21,44],"media_url":"http://pbs.twimg.com/media/DFG0QWNVwAACKwP.png","media_url_https":"https://pbs.twimg.com/media/DFG0QWNVwAACKwP.png","url":"https://t.co/nZl2l1tpjX","display_url":"pic.twitter.com/nZl2l1tpjX","expanded_url":"https://twitter.com/sskz_gsr/status/887688922557325312/photo/1","type":"photo","sizes":{"thumb":{"w":150,"h":150,"resize":"crop"},"large":{"w":1200,"h":830,"resize":"fit"},"small":{"w":680,"h":470,"resize":"fit"},"medium":{"w":1200,"h":830,"resize":"fit"}}}]},"metadata":{"iso_language_code":"ja","result_type":"recent"},"source":"<a href=\"https://about.twitter.com/products/tweetdeck\" rel=\"nofollow\">TweetDeck</a>","in_reply_to_status_id":null,"in_reply_to_status_id_str":null,"in_reply_to_user_id":null,"in_reply_to_user_id_str":null,"in_reply_to_screen_name":null,"user":{"id":118787649,"id_str":"118787649","name":"ぐさり🔪キヅナツキ","screen_name":"sskz_gsr","location":"刺傷","description":"キヅ ナツキ名義でCheri+で「ギヴン」連載。腐 雑食地雷ない方向け※稀にリプをします/I RARELY reply【転載は例外なく許可してません】質問への個別回答は致しかねる場合があります/通知オフ/浮上率低/20↑/商業誌は版元、グッズ関連はメーカーへお問合せ頂きますようお願いします/最近猫に飼われ始めた","url":"https://t.co/ytxVmG8DDd","entities":{"url":{"urls":[{"url":"https://t.co/ytxVmG8DDd","expanded_url":"http://www.pixiv.net/member.php?id=328608","display_url":"pixiv.net/member.php?id=…","indices":[0,23]}]},"description":{"urls":[]}},"protected":false,"followers_count":141997,"friends_count":32175,"listed_count":2830,"created_at":"Mon Mar 01 19:09:02 +0000 2010","favourites_count":924,"utc_offset":32400,"time_zone":"Tokyo","geo_enabled":false,"verified":false,"statuses_count":20110,"lang":"ja","contributors_enabled":false,"is_translator":false,"is_translation_enabled":false,"profile_background_color":"E6E6E6","profile_background_image_url":"http://pbs.twimg.com/profile_background_images/831695248/5bb753adfd1268bbc223867e555d91f6.jpeg","profile_background_image_url_https":"https://pbs.twimg.com/profile_background_images/831695248/5bb753adfd1268bbc223867e555d91f6.jpeg","profile_background_tile":true,"profile_image_url":"http://pbs.twimg.com/profile_images/781427460059430912/fW22Rq1a_normal.jpg","profile_image_url_https":"https://pbs.twimg.com/profile_images/781427460059430912/fW22Rq1a_normal.jpg","profile_link_color":"00E300","profile_sidebar_border_color":"000000","profile_sidebar_fill_color":"E06262","profile_text_color":"000000","profile_use_background_image":false,"has_extended_profile":true,"default_profile":false,"default_profile_image":false,"following":false,"follow_request_sent":false,"notifications":false,"translator_type":"none"},"geo":null,"coordinates":null,"place":null,"contributors":null,"is_quote_status":false,"retweet_count":2285,"favorite_count":4863,"favorited":false,"retweeted":false,"possibly_sensitive":false,"lang":"ja"},{"created_at":"Wed Jul 19 15:01:32 +0000 2017","id":887688866844495900,"id_str":"887688866844495872","text":"整理券配布の件、タワーレコードさんと打合せた内容をHPに記載するので少々お待ちを。当日券は混雑時、販売しない場合がありますが、前売券を持っているのにその日の整理券がもらえないということはありません。暑い中、何時間も列に皆さんが入場待機で並ぶのを避けるための整理券です。","truncated":false,"entities":{"hashtags":[],"symbols":[],"user_mentions":[],"urls":[]},"metadata":{"iso_language_code":"ja","result_type":"recent"},"source":"<a href=\"http://twitter.com/download/iphone\" rel=\"nofollow\">Twitter for iPhone</a>","in_reply_to_status_id":null,"in_reply_to_status_id_str":null,"in_reply_to_user_id":null,"in_reply_to_user_id_str":null,"in_reply_to_screen_name":null,"user":{"id":131254864,"id_str":"131254864","name":"テレウサ","screen_name":"tvusagi5","location":"六本木ヒルズ放送局","description":"お初なのです。テレウサです。 六本木ヒルズｕｍｕに住み、小耳にはさんだイベント業界の裏話なんかをつぶやくのです。兎イベントプロデューサーなのです。テレウサです。","url":"https://t.co/n5yWaXnKOc","entities":{"url":{"urls":[{"url":"https://t.co/n5yWaXnKOc","expanded_url":"http://tvusagi-blog.tumblr.com/","display_url":"tvusagi-blog.tumblr.com","indices":[0,23]}]},"description":{"urls":[]}},"protected":false,"followers_count":12785,"friends_count":21,"listed_count":530,"created_at":"Fri Apr 09 18:54:53 +0000 2010","favourites_count":0,"utc_offset":32400,"time_zone":"Tokyo","geo_enabled":true,"verified":false,"statuses_count":9317,"lang":"ja","contributors_enabled":false,"is_translator":false,"is_translation_enabled":false,"profile_background_color":"C0DEED","profile_background_image_url":"http://pbs.twimg.com/profile_background_images/241626967/tvusa.gif","profile_background_image_url_https":"https://pbs.twimg.com/profile_background_images/241626967/tvusa.gif","profile_background_tile":true,"profile_image_url":"http://pbs.twimg.com/profile_images/887171861523582977/nL2ZByaa_normal.jpg","profile_image_url_https":"https://pbs.twimg.com/profile_images/887171861523582977/nL2ZByaa_normal.jpg","profile_banner_url":"https://pbs.twimg.com/profile_banners/131254864/1436258843","profile_link_color":"0084B4","profile_sidebar_border_color":"C0DEED","profile_sidebar_fill_color":"DDEEF6","profile_text_color":"333333","profile_use_background_image":true,"has_extended_profile":true,"default_profile":false,"default_profile_image":false,"following":false,"follow_request_sent":false,"notifications":false,"translator_type":"none"},"geo":null,"coordinates":null,"place":null,"contributors":null,"is_quote_status":false,"retweet_count":1359,"favorite_count":693,"favorited":false,"retweeted":false,"lang":"ja"},{"created_at":"Wed Jul 19 15:01:23 +0000 2017","id":887688826935623700,"id_str":"887688826935623680","text":"おめでとう～！　#及川徹生誕祭2017 https://t.co/lGrE6s9iaJ","truncated":false,"entities":{"hashtags":[{"text":"及川徹生誕祭2017","indices":[8,19]}],"symbols":[],"user_mentions":[],"urls":[],"media":[{"id":887688687370125300,"id_str":"887688687370125312","indices":[20,43],"media_url":"http://pbs.twimg.com/media/DFG0KHHUQAAsUZo.png","media_url_https":"https://pbs.twimg.com/media/DFG0KHHUQAAsUZo.png","url":"https://t.co/lGrE6s9iaJ","display_url":"pic.twitter.com/lGrE6s9iaJ","expanded_url":"https://twitter.com/ho_mori/status/887688826935623680/photo/1","type":"photo","sizes":{"medium":{"w":1200,"h":675,"resize":"fit"},"thumb":{"w":150,"h":150,"resize":"crop"},"small":{"w":680,"h":383,"resize":"fit"},"large":{"w":1200,"h":675,"resize":"fit"}}}]},"extended_entities":{"media":[{"id":887688687370125300,"id_str":"887688687370125312","indices":[20,43],"media_url":"http://pbs.twimg.com/media/DFG0KHHUQAAsUZo.png","media_url_https":"https://pbs.twimg.com/media/DFG0KHHUQAAsUZo.png","url":"https://t.co/lGrE6s9iaJ","display_url":"pic.twitter.com/lGrE6s9iaJ","expanded_url":"https://twitter.com/ho_mori/status/887688826935623680/photo/1","type":"photo","sizes":{"medium":{"w":1200,"h":675,"resize":"fit"},"thumb":{"w":150,"h":150,"resize":"crop"},"small":{"w":680,"h":383,"resize":"fit"},"large":{"w":1200,"h":675,"resize":"fit"}}}]},"metadata":{"iso_language_code":"ja","result_type":"recent"},"source":"<a href=\"http://twitter.com\" rel=\"nofollow\">Twitter Web Client</a>","in_reply_to_status_id":null,"in_reply_to_status_id_str":null,"in_reply_to_user_id":null,"in_reply_to_user_id_str":null,"in_reply_to_screen_name":null,"user":{"id":198047668,"id_str":"198047668","name":"ホ森♨","screen_name":"ho_mori","location":"HOMORI【二次創作/♂×♂ | 擬人化(pkg) 】","description":"お好きにしている！　固定ジャンルあまりないです(最近のhotはHQ牛及牛)","url":"https://t.co/OCdF1zKjYA","entities":{"url":{"urls":[{"url":"https://t.co/OCdF1zKjYA","expanded_url":"https://www.pixiv.net/member.php?id=147281","display_url":"pixiv.net/member.php?id=…","indices":[0,23]}]},"description":{"urls":[]}},"protected":false,"followers_count":12432,"friends_count":364,"listed_count":429,"created_at":"Sun Oct 03 05:46:38 +0000 2010","favourites_count":10343,"utc_offset":32400,"time_zone":"Tokyo","geo_enabled":false,"verified":false,"statuses_count":4932,"lang":"ja","contributors_enabled":false,"is_translator":false,"is_translation_enabled":false,"profile_background_color":"FFCD05","profile_background_image_url":"http://pbs.twimg.com/profile_background_images/669456015214166016/BqMhmW0j.png","profile_background_image_url_https":"https://pbs.twimg.com/profile_background_images/669456015214166016/BqMhmW0j.png","profile_background_tile":true,"profile_image_url":"http://pbs.twimg.com/profile_images/886275380633452545/yeMBVc5d_normal.png","profile_image_url_https":"https://pbs.twimg.com/profile_images/886275380633452545/yeMBVc5d_normal.png","profile_banner_url":"https://pbs.twimg.com/profile_banners/198047668/1498607575","profile_link_color":"EBE7C8","profile_sidebar_border_color":"FFFFFF","profile_sidebar_fill_color":"F582D6","profile_text_color":"6262B5","profile_use_background_image":true,"has_extended_profile":true,"default_profile":false,"default_profile_image":false,"following":false,"follow_request_sent":false,"notifications":false,"translator_type":"none"},"geo":null,"coordinates":null,"place":null,"contributors":null,"is_quote_status":false,"retweet_count":845,"favorite_count":1427,"favorited":false,"retweeted":false,"possibly_sensitive":false,"lang":"ja"},{"created_at":"Wed Jul 19 15:00:44 +0000 2017","id":887688665559736300,"id_str":"887688665559736321","text":"お誕生日おめでとう！\n君のセンスはピカイチだよ！\n#及川徹生誕祭2017 https://t.co/5De3QdVURT","truncated":false,"entities":{"hashtags":[{"text":"及川徹生誕祭2017","indices":[25,36]}],"symbols":[],"user_mentions":[],"urls":[],"media":[{"id":887688114977652700,"id_str":"887688114977652736","indices":[37,60],"media_url":"http://pbs.twimg.com/media/DFGzoyyUQAAL82z.jpg","media_url_https":"https://pbs.twimg.com/media/DFGzoyyUQAAL82z.jpg","url":"https://t.co/5De3QdVURT","display_url":"pic.twitter.com/5De3QdVURT","expanded_url":"https://twitter.com/m_ru_t/status/887688665559736321/photo/1","type":"photo","sizes":{"medium":{"w":1200,"h":770,"resize":"fit"},"small":{"w":680,"h":436,"resize":"fit"},"thumb":{"w":150,"h":150,"resize":"crop"},"large":{"w":2048,"h":1314,"resize":"fit"}}}]},"extended_entities":{"media":[{"id":887688114977652700,"id_str":"887688114977652736","indices":[37,60],"media_url":"http://pbs.twimg.com/media/DFGzoyyUQAAL82z.jpg","media_url_https":"https://pbs.twimg.com/media/DFGzoyyUQAAL82z.jpg","url":"https://t.co/5De3QdVURT","display_url":"pic.twitter.com/5De3QdVURT","expanded_url":"https://twitter.com/m_ru_t/status/887688665559736321/photo/1","type":"photo","sizes":{"medium":{"w":1200,"h":770,"resize":"fit"},"small":{"w":680,"h":436,"resize":"fit"},"thumb":{"w":150,"h":150,"resize":"crop"},"large":{"w":2048,"h":1314,"resize":"fit"}}}]},"metadata":{"iso_language_code":"ja","result_type":"recent"},"source":"<a href=\"http://twitter.com\" rel=\"nofollow\">Twitter Web Client</a>","in_reply_to_status_id":null,"in_reply_to_status_id_str":null,"in_reply_to_user_id":null,"in_reply_to_user_id_str":null,"in_reply_to_screen_name":null,"user":{"id":3228329538,"id_str":"3228329538","name":"まる汰","screen_name":"m_ru_t","location":"","description":"◎成人済/及影軸△気分でツイートをよく消します 適当にして下さい","url":"https://t.co/bIhe7bTp58","entities":{"url":{"urls":[{"url":"https://t.co/bIhe7bTp58","expanded_url":"https://www.pixiv.net/member.php?id=8146390","display_url":"pixiv.net/member.php?id=…","indices":[0,23]}]},"description":{"urls":[]}},"protected":false,"followers_count":841,"friends_count":28,"listed_count":12,"created_at":"Wed May 27 17:10:16 +0000 2015","favourites_count":593,"utc_offset":-25200,"time_zone":"Pacific Time (US & Canada)","geo_enabled":false,"verified":false,"statuses_count":539,"lang":"ja","contributors_enabled":false,"is_translator":false,"is_translation_enabled":false,"profile_background_color":"F58EA8","profile_background_image_url":"http://abs.twimg.com/images/themes/theme1/bg.png","profile_background_image_url_https":"https://abs.twimg.com/images/themes/theme1/bg.png","profile_background_tile":false,"profile_image_url":"http://pbs.twimg.com/profile_images/881773477534900225/_Yx39gma_normal.jpg","profile_image_url_https":"https://pbs.twimg.com/profile_images/881773477534900225/_Yx39gma_normal.jpg","profile_banner_url":"https://pbs.twimg.com/profile_banners/3228329538/1497879551","profile_link_color":"F58EA8","profile_sidebar_border_color":"000000","profile_sidebar_fill_color":"000000","profile_text_color":"000000","profile_use_background_image":false,"has_extended_profile":false,"default_profile":false,"default_profile_image":false,"following":false,"follow_request_sent":false,"notifications":false,"translator_type":"none"},"geo":null,"coordinates":null,"place":null,"contributors":null,"is_quote_status":false,"retweet_count":922,"favorite_count":1887,"favorited":false,"retweeted":false,"possibly_sensitive":false,"lang":"ja"},{"created_at":"Wed Jul 19 15:00:39 +0000 2017","id":887688640612016100,"id_str":"887688640612016129","text":"イリクロ美遊の誕生日～…けど例によってこの時期は新しい絵かけないので、依頼で描かせて頂いた浴衣絵を。pixivで大きいの見れます₍₍(˘ω˘)\nhttps://t.co/N00vWL0W2q https://t.co/E7zqVHrNx6","truncated":false,"entities":{"hashtags":[],"symbols":[],"user_mentions":[],"urls":[{"url":"https://t.co/N00vWL0W2q","expanded_url":"https://www.pixiv.net/member_illust.php?mode=medium&illust_id=63950716","display_url":"pixiv.net/member_illust.…","indices":[72,95]}],"media":[{"id":887688631225167900,"id_str":"887688631225167873","indices":[96,119],"media_url":"http://pbs.twimg.com/media/DFG0G19UMAEp505.jpg","media_url_https":"https://pbs.twimg.com/media/DFG0G19UMAEp505.jpg","url":"https://t.co/E7zqVHrNx6","display_url":"pic.twitter.com/E7zqVHrNx6","expanded_url":"https://twitter.com/aoimasami/status/887688640612016129/photo/1","type":"photo","sizes":{"large":{"w":640,"h":389,"resize":"fit"},"small":{"w":640,"h":389,"resize":"fit"},"thumb":{"w":150,"h":150,"resize":"crop"},"medium":{"w":640,"h":389,"resize":"fit"}}}]},"extended_entities":{"media":[{"id":887688631225167900,"id_str":"887688631225167873","indices":[96,119],"media_url":"http://pbs.twimg.com/media/DFG0G19UMAEp505.jpg","media_url_https":"https://pbs.twimg.com/media/DFG0G19UMAEp505.jpg","url":"https://t.co/E7zqVHrNx6","display_url":"pic.twitter.com/E7zqVHrNx6","expanded_url":"https://twitter.com/aoimasami/status/887688640612016129/photo/1","type":"photo","sizes":{"large":{"w":640,"h":389,"resize":"fit"},"small":{"w":640,"h":389,"resize":"fit"},"thumb":{"w":150,"h":150,"resize":"crop"},"medium":{"w":640,"h":389,"resize":"fit"}}}]},"metadata":{"iso_language_code":"ja","result_type":"recent"},"source":"<a href=\"http://twitter.com\" rel=\"nofollow\">Twitter Web Client</a>","in_reply_to_status_id":null,"in_reply_to_status_id_str":null,"in_reply_to_user_id":null,"in_reply_to_user_id_str":null,"in_reply_to_screen_name":null,"user":{"id":187113733,"id_str":"187113733","name":"あおいまさみ@3日目東レ49a","screen_name":"aoimasami","location":"LemonMaiden","description":"ブラゲ・エロゲ等で絵描きやってます。同人PN『蒼海』。R-18ネタ・画像注意。ブログ凍結中。連絡用＠ aoilemon@bbm-d.jp 。最近のイリヤ絵まとめ  https://t.co/hRYHtPOspc","url":"https://t.co/EhvwspDvi9","entities":{"url":{"urls":[{"url":"https://t.co/EhvwspDvi9","expanded_url":"http://pixiv.me/so-kai","display_url":"pixiv.me/so-kai","indices":[0,23]}]},"description":{"urls":[{"url":"https://t.co/hRYHtPOspc","expanded_url":"https://twitter.com/i/moments/819482692139905024","display_url":"twitter.com/i/moments/8194…","indices":[82,105]}]}},"protected":false,"followers_count":51681,"friends_count":823,"listed_count":919,"created_at":"Sun Sep 05 08:50:19 +0000 2010","favourites_count":22090,"utc_offset":32400,"time_zone":"Tokyo","geo_enabled":false,"verified":false,"statuses_count":58215,"lang":"ja","contributors_enabled":false,"is_translator":false,"is_translation_enabled":true,"profile_background_color":"000000","profile_background_image_url":"http://abs.twimg.com/images/themes/theme4/bg.gif","profile_background_image_url_https":"https://abs.twimg.com/images/themes/theme4/bg.gif","profile_background_tile":false,"profile_image_url":"http://pbs.twimg.com/profile_images/886961007255474178/6Abu1tnH_normal.jpg","profile_image_url_https":"https://pbs.twimg.com/profile_images/886961007255474178/6Abu1tnH_normal.jpg","profile_banner_url":"https://pbs.twimg.com/profile_banners/187113733/1470746485","profile_link_color":"E81C4F","profile_sidebar_border_color":"000000","profile_sidebar_fill_color":"000000","profile_text_color":"000000","profile_use_background_image":false,"has_extended_profile":true,"default_profile":false,"default_profile_image":false,"following":false,"follow_request_sent":false,"notifications":false,"translator_type":"none"},"geo":null,"coordinates":null,"place":null,"contributors":null,"is_quote_status":false,"retweet_count":883,"favorite_count":1918,"favorited":false,"retweeted":false,"possibly_sensitive":false,"lang":"ja"},{"created_at":"Wed Jul 19 15:00:27 +0000 2017","id":887688590922137600,"id_str":"887688590922137600","text":"及川さん誕生日おめでと〜〜〜！！#及川徹生誕祭2017 https://t.co/yrjztGd9dl","truncated":false,"entities":{"hashtags":[{"text":"及川徹生誕祭2017","indices":[16,27]}],"symbols":[],"user_mentions":[],"urls":[],"media":[{"id":887688581392719900,"id_str":"887688581392719873","indices":[28,51],"media_url":"http://pbs.twimg.com/media/DFG0D8UVYAEBOPF.jpg","media_url_https":"https://pbs.twimg.com/media/DFG0D8UVYAEBOPF.jpg","url":"https://t.co/yrjztGd9dl","display_url":"pic.twitter.com/yrjztGd9dl","expanded_url":"https://twitter.com/setoo1221/status/887688590922137600/photo/1","type":"photo","sizes":{"large":{"w":580,"h":388,"resize":"fit"},"thumb":{"w":150,"h":150,"resize":"crop"},"medium":{"w":580,"h":388,"resize":"fit"},"small":{"w":580,"h":388,"resize":"fit"}}}]},"extended_entities":{"media":[{"id":887688581392719900,"id_str":"887688581392719873","indices":[28,51],"media_url":"http://pbs.twimg.com/media/DFG0D8UVYAEBOPF.jpg","media_url_https":"https://pbs.twimg.com/media/DFG0D8UVYAEBOPF.jpg","url":"https://t.co/yrjztGd9dl","display_url":"pic.twitter.com/yrjztGd9dl","expanded_url":"https://twitter.com/setoo1221/status/887688590922137600/photo/1","type":"photo","sizes":{"large":{"w":580,"h":388,"resize":"fit"},"thumb":{"w":150,"h":150,"resize":"crop"},"medium":{"w":580,"h":388,"resize":"fit"},"small":{"w":580,"h":388,"resize":"fit"}}}]},"metadata":{"iso_language_code":"ja","result_type":"recent"},"source":"<a href=\"http://twitter.com/download/iphone\" rel=\"nofollow\">Twitter for iPhone</a>","in_reply_to_status_id":null,"in_reply_to_status_id_str":null,"in_reply_to_user_id":null,"in_reply_to_user_id_str":null,"in_reply_to_screen_name":null,"user":{"id":1026259050,"id_str":"1026259050","name":"セトヲ","screen_name":"setoo1221","location":"無断転載・使用ご遠慮ください。","description":"セトヲです。腐ってますがNLも大好き。 好きなものを好きなように描いてます。基本的に雑食です。イラスト自作。","url":null,"entities":{"description":{"urls":[]}},"protected":false,"followers_count":26030,"friends_count":110,"listed_count":443,"created_at":"Fri Dec 21 12:11:40 +0000 2012","favourites_count":3281,"utc_offset":32400,"time_zone":"Osaka","geo_enabled":false,"verified":false,"statuses_count":47897,"lang":"ja","contributors_enabled":false,"is_translator":false,"is_translation_enabled":false,"profile_background_color":"C0DEED","profile_background_image_url":"http://abs.twimg.com/images/themes/theme1/bg.png","profile_background_image_url_https":"https://abs.twimg.com/images/themes/theme1/bg.png","profile_background_tile":false,"profile_image_url":"http://pbs.twimg.com/profile_images/885498474224951297/ljcv_Nya_normal.jpg","profile_image_url_https":"https://pbs.twimg.com/profile_images/885498474224951297/ljcv_Nya_normal.jpg","profile_banner_url":"https://pbs.twimg.com/profile_banners/1026259050/1468942781","profile_link_color":"1DA1F2","profile_sidebar_border_color":"C0DEED","profile_sidebar_fill_color":"DDEEF6","profile_text_color":"333333","profile_use_background_image":true,"has_extended_profile":false,"default_profile":true,"default_profile_image":false,"following":false,"follow_request_sent":false,"notifications":false,"translator_type":"none"},"geo":null,"coordinates":null,"place":null,"contributors":null,"is_quote_status":false,"retweet_count":1221,"favorite_count":2359,"favorited":false,"retweeted":false,"possibly_sensitive":false,"lang":"ja"},{"created_at":"Wed Jul 19 15:00:21 +0000 2017","id":887688569065787400,"id_str":"887688569065787397","text":"【Happy Birthday 神楽亜貴🎂】\n７月２０日は神楽亜貴の誕生日🎉美しい感覚の持ち主・神楽の生誕を記念して、今から７月２１日PM１２時００分まで神楽の排出率がUP⭐️期間限定のバースデーガチャを開催中です♪  #スタマイ https://t.co/wwnAcpbnVZ","truncated":false,"entities":{"hashtags":[{"text":"スタマイ","indices":[110,115]}],"symbols":[],"user_mentions":[],"urls":[],"media":[{"id":887688565685010400,"id_str":"887688565685010432","indices":[116,139],"media_url":"http://pbs.twimg.com/media/DFG0DBzUwAAvR6Y.png","media_url_https":"https://pbs.twimg.com/media/DFG0DBzUwAAvR6Y.png","url":"https://t.co/wwnAcpbnVZ","display_url":"pic.twitter.com/wwnAcpbnVZ","expanded_url":"https://twitter.com/myhero_info/status/887688569065787397/photo/1","type":"photo","sizes":{"small":{"w":680,"h":245,"resize":"fit"},"large":{"w":1000,"h":360,"resize":"fit"},"thumb":{"w":150,"h":150,"resize":"crop"},"medium":{"w":1000,"h":360,"resize":"fit"}}}]},"extended_entities":{"media":[{"id":887688565685010400,"id_str":"887688565685010432","indices":[116,139],"media_url":"http://pbs.twimg.com/media/DFG0DBzUwAAvR6Y.png","media_url_https":"https://pbs.twimg.com/media/DFG0DBzUwAAvR6Y.png","url":"https://t.co/wwnAcpbnVZ","display_url":"pic.twitter.com/wwnAcpbnVZ","expanded_url":"https://twitter.com/myhero_info/status/887688569065787397/photo/1","type":"photo","sizes":{"small":{"w":680,"h":245,"resize":"fit"},"large":{"w":1000,"h":360,"resize":"fit"},"thumb":{"w":150,"h":150,"resize":"crop"},"medium":{"w":1000,"h":360,"resize":"fit"}}}]},"metadata":{"iso_language_code":"ja","result_type":"recent"},"source":"<a href=\"http://www.hootsuite.com\" rel=\"nofollow\">Hootsuite</a>","in_reply_to_status_id":null,"in_reply_to_status_id_str":null,"in_reply_to_user_id":null,"in_reply_to_user_id_str":null,"in_reply_to_screen_name":null,"user":{"id":720551938731814900,"id_str":"720551938731814912","name":"【公式】スタンドマイヒーローズ","screen_name":"myhero_info","location":"","description":"２０人以上の豪華声優陣登場！女性向けスマホパズル×シナリオゲーム「スタンド マイヒーローズ」の公式アカウントです！ #スタマイ 個別返信は行っておりません。お問い合わせはゲームのタイトル画面よりお願い致します。【colyオフィシャルグッズストア https://t.co/GvFFkpPHYk 】","url":"https://t.co/wtjjk5YJTk","entities":{"url":{"urls":[{"url":"https://t.co/wtjjk5YJTk","expanded_url":"http://colyinc.com/myhero/","display_url":"colyinc.com/myhero/","indices":[0,23]}]},"description":{"urls":[{"url":"https://t.co/GvFFkpPHYk","expanded_url":"http://coly-shop.com/","display_url":"coly-shop.com","indices":[123,146]}]}},"protected":false,"followers_count":64734,"friends_count":49,"listed_count":781,"created_at":"Thu Apr 14 09:59:04 +0000 2016","favourites_count":227,"utc_offset":-25200,"time_zone":"Pacific Time (US & Canada)","geo_enabled":false,"verified":false,"statuses_count":1093,"lang":"ja","contributors_enabled":false,"is_translator":false,"is_translation_enabled":false,"profile_background_color":"F5F8FA","profile_background_image_url":null,"profile_background_image_url_https":null,"profile_background_tile":false,"profile_image_url":"http://pbs.twimg.com/profile_images/836752394331414528/ASQ7EMr9_normal.jpg","profile_image_url_https":"https://pbs.twimg.com/profile_images/836752394331414528/ASQ7EMr9_normal.jpg","profile_banner_url":"https://pbs.twimg.com/profile_banners/720551938731814912/1486981055","profile_link_color":"1DA1F2","profile_sidebar_border_color":"C0DEED","profile_sidebar_fill_color":"DDEEF6","profile_text_color":"333333","profile_use_background_image":true,"has_extended_profile":false,"default_profile":true,"default_profile_image":false,"following":false,"follow_request_sent":false,"notifications":false,"translator_type":"none"},"geo":null,"coordinates":null,"place":null,"contributors":null,"is_quote_status":false,"retweet_count":1041,"favorite_count":1260,"favorited":false,"retweeted":false,"possibly_sensitive":false,"lang":"ja"}],"search_metadata":{"completed_in":0.132,"max_id":887696460241748000,"max_id_str":"887696460241747969","next_results":"?max_id=887688569065787396&q=lang%3Aja%20min_retweets%3A500&include_entities=1","query":"lang%3Aja+min_retweets%3A500","refresh_url":"?since_id=887696460241747969&q=lang%3Aja%20min_retweets%3A500&include_entities=1","count":15,"since_id":0,"since_id_str":"0"}}