{"statuses":[{"created_at":"Tue Jul 18 21:30:05 +0000 2017","id":887424257566810100,"id_str":"887424257566810112","text":"ここに行きたい人。 https://t.co/35Hp8GF4JQ","truncated":false,"entities":{"hashtags":[],"symbols":[],"user_mentions":[],"urls":[],"media":[{"id":887424255637377000,"id_str":"887424255637377024","indices":[10,33],"media_url":"http://pbs.twimg.com/media/DFDDqKJU0AAv7zc.jpg","media_url_https":"https://pbs.twimg.com/media/DFDDqKJU0AAv7zc.jpg","url":"https://t.co/35Hp8GF4JQ","display_url":"pic.twitter.com/35Hp8GF4JQ","expanded_url":"https://twitter.com/mou_kaeru/status/887424257566810112/photo/1","type":"photo","sizes":{"large":{"w":480,"h":380,"resize":"fit"},"thumb":{"w":150,"h":150,"resize":"crop"},"medium":{"w":480,"h":380,"resize":"fit"},"small":{"w":480,"h":380,"resize":"fit"}}}]},"extended_entities":{"media":[{"id":887424255637377000,"id_str":"887424255637377024","indices":[10,33],"media_url":"http://pbs.twimg.com/media/DFDDqKJU0AAv7zc.jpg","media_url_https":"https://pbs.twimg.com/media/DFDDqKJU0AAv7zc.jpg","url":"https://t.co/35Hp8GF4JQ","display_url":"pic.twitter.com/35Hp8GF4JQ","expanded_url":"https://twitter.com/mou_kaeru/status/887424257566810112/photo/1","type":"photo","sizes":{"large":{"w":480,"h":380,"resize":"fit"},"thumb":{"w":150,"h":150,"resize":"crop"},"medium":{"w":480,"h":380,"resize":"fit"},"small":{"w":480,"h":380,"resize":"fit"}}}]},"metadata":{"iso_language_code":"ja","result_type":"recent"},"source":"<a href=\"https://twitter.com/iwbkfendo\" rel=\"nofollow\">shimons</a>","in_reply_to_status_id":null,"in_reply_to_status_id_str":null,"in_reply_to_user_id":null,"in_reply_to_user_id_str":null,"in_reply_to_screen_name":null,"user":{"id":2896551950,"id_str":"2896551950","name":"全日本もう帰りたい協会","screen_name":"mou_kaeru","location":"オフトゥン","description":"もう・・・・帰ろうよ・・・・","url":null,"entities":{"description":{"urls":[]}},"protected":false,"followers_count":371086,"friends_count":794,"listed_count":1507,"created_at":"Tue Nov 11 13:22:59 +0000 2014","favourites_count":0,"utc_offset":28800,"time_zone":"Irkutsk","geo_enabled":false,"verified":false,"statuses_count":7905,"lang":"ja","contributors_enabled":false,"is_translator":false,"is_translation_enabled":false,"profile_background_color":"C0DEED","profile_background_image_url":"http://abs.twimg.com/images/themes/theme1/bg.png","profile_background_image_url_https":"https://abs.twimg.com/images/themes/theme1/bg.png","profile_background_tile":false,"profile_image_url":"http://pbs.twimg.com/profile_images/568885109000908800/ZMuI8MQ5_normal.jpeg","profile_image_url_https":"https://pbs.twimg.com/profile_images/568885109000908800/ZMuI8MQ5_normal.jpeg","profile_banner_url":"https://pbs.twimg.com/profile_banners/2896551950/1424467677","profile_link_color":"1DA1F2","profile_sidebar_border_color":"C0DEED","profile_sidebar_fill_color":"DDEEF6","profile_text_color":"333333","profile_use_background_image":true,"has_extended_profile":false,"default_profile":true,"default_profile_image":false,"following":false,"follow_request_sent":false,"notifications":false,"translator_type":"none"},"geo":null,"coordinates":null,"place":null,"contributors":null,"is_quote_status":false,"retweet_count":680,"favorite_count":1208,"favorited":false,"retweeted":false,"possibly_sensitive":false,"lang":"ja"},{"created_at":"Tue Jul 18 21:01:03 +0000 2017","id":887416951575789600,"id_str":"887416951575789568","text":"潮干狩り…？ https://t.co/66koHgZKfR","truncated":false,"entities":{"hashtags":[],"symbols":[],"user_mentions":[],"urls":[],"media":[{"id":887416948799098900,"id_str":"887416948799098881","indices":[7,30],"media_url":"http://pbs.twimg.com/media/DFC9A2DU0AEsoaS.jpg","media_url_https":"https://pbs.twimg.com/media/DFC9A2DU0AEsoaS.jpg","url":"https://t.co/66koHgZKfR","display_url":"pic.twitter.com/66koHgZKfR","expanded_url":"https://twitter.com/gudetama_sanrio/status/887416951575789568/photo/1","type":"photo","sizes":{"medium":{"w":800,"h":450,"resize":"fit"},"small":{"w":680,"h":383,"resize":"fit"},"large":{"w":800,"h":450,"resize":"fit"},"thumb":{"w":150,"h":150,"resize":"crop"}}}]},"extended_entities":{"media":[{"id":887416948799098900,"id_str":"887416948799098881","indices":[7,30],"media_url":"http://pbs.twimg.com/media/DFC9A2DU0AEsoaS.jpg","media_url_https":"https://pbs.twimg.com/media/DFC9A2DU0AEsoaS.jpg","url":"https://t.co/66koHgZKfR","display_url":"pic.twitter.com/66koHgZKfR","expanded_url":"https://twitter.com/gudetama_sanrio/status/887416951575789568/photo/1","type":"photo","sizes":{"medium":{"w":800,"h":450,"resize":"fit"},"small":{"w":680,"h":383,"resize":"fit"},"large":{"w":800,"h":450,"resize":"fit"},"thumb":{"w":150,"h":150,"resize":"crop"}}}]},"metadata":{"iso_language_code":"ja","result_type":"recent"},"source":"<a href=\"http://engagemanager.tribalmedia.co.jp/\" rel=\"nofollow\">EngageManager</a>","in_reply_to_status_id":null,"in_reply_to_status_id_str":null,"in_reply_to_user_id":null,"in_reply_to_user_id_str":null,"in_reply_to_screen_name":null,"user":{"id":2393904000,"id_str":"2393904000","name":"ぐでたま【公式】","screen_name":"gudetama_sanrio","location":"","description":"毎日つぶやくのめんどくさい。だるい。エラい人がやれっていうからやるけど、どーせ食われるだけだし。\r\nサンリオのソーシャルメディアポリシー　http://t.co/zmngDXVI6F","url":"http://t.co/QHcf4c5eEU","entities":{"url":{"urls":[{"url":"http://t.co/QHcf4c5eEU","expanded_url":"http://www.sanrio.co.jp/character/gudetama/","display_url":"sanrio.co.jp/character/gude…","indices":[0,22]}]},"description":{"urls":[{"url":"http://t.co/zmngDXVI6F","expanded_url":"http://www.sanrio.co.jp/social/policy/","display_url":"sanrio.co.jp/social/policy/","indices":[69,91]}]}},"protected":false,"followers_count":808099,"friends_count":8,"listed_count":3967,"created_at":"Mon Mar 17 06:36:37 +0000 2014","favourites_count":0,"utc_offset":32400,"time_zone":"Tokyo","geo_enabled":false,"verified":true,"statuses_count":1965,"lang":"ja","contributors_enabled":false,"is_translator":false,"is_translation_enabled":false,"profile_background_color":"C6E2EE","profile_background_image_url":"http://pbs.twimg.com/profile_background_images/468658331758755841/ftzleVkF.jpeg","profile_background_image_url_https":"https://pbs.twimg.com/profile_background_images/468658331758755841/ftzleVkF.jpeg","profile_background_tile":true,"profile_image_url":"http://pbs.twimg.com/profile_images/875640059969417216/8lBCTZbI_normal.jpg","profile_image_url_https":"https://pbs.twimg.com/profile_images/875640059969417216/8lBCTZbI_normal.jpg","profile_banner_url":"https://pbs.twimg.com/profile_banners/2393904000/1403157963","profile_link_color":"FAB81E","profile_sidebar_border_color":"FFFFFF","profile_sidebar_fill_color":"DDEEF6","profile_text_color":"333333","profile_use_background_image":true,"has_extended_profile":true,"default_profile":false,"default_profile_image":false,"following":false,"follow_request_sent":false,"notifications":false,"translator_type":"none"},"geo":null,"coordinates":null,"place":null,"contributors":null,"is_quote_status":false,"retweet_count":585,"favorite_count":1742,"favorited":false,"retweeted":false,"possibly_sensitive":false,"lang":"ja"},{"created_at":"Tue Jul 18 20:50:27 +0000 2017","id":887414284199710700,"id_str":"887414284199710720","text":"ネロ(灬╹ω╹灬) https://t.co/hyKW9XDklY","truncated":false,"entities":{"hashtags":[],"symbols":[],"user_mentions":[],"urls":[],"media":[{"id":887414171196768300,"id_str":"887414171196768256","indices":[10,33],"media_url":"http://pbs.twimg.com/media/DFC6fKrUwAA8mVu.jpg","media_url_https":"https://pbs.twimg.com/media/DFC6fKrUwAA8mVu.jpg","url":"https://t.co/hyKW9XDklY","display_url":"pic.twitter.com/hyKW9XDklY","expanded_url":"https://twitter.com/itsuwa0815/status/887414284199710720/photo/1","type":"photo","sizes":{"thumb":{"w":150,"h":150,"resize":"crop"},"medium":{"w":848,"h":1200,"resize":"fit"},"small":{"w":481,"h":680,"resize":"fit"},"large":{"w":1060,"h":1500,"resize":"fit"}}}]},"extended_entities":{"media":[{"id":887414171196768300,"id_str":"887414171196768256","indices":[10,33],"media_url":"http://pbs.twimg.com/media/DFC6fKrUwAA8mVu.jpg","media_url_https":"https://pbs.twimg.com/media/DFC6fKrUwAA8mVu.jpg","url":"https://t.co/hyKW9XDklY","display_url":"pic.twitter.com/hyKW9XDklY","expanded_url":"https://twitter.com/itsuwa0815/status/887414284199710720/photo/1","type":"photo","sizes":{"thumb":{"w":150,"h":150,"resize":"crop"},"medium":{"w":848,"h":1200,"resize":"fit"},"small":{"w":481,"h":680,"resize":"fit"},"large":{"w":1060,"h":1500,"resize":"fit"}}}]},"metadata":{"iso_language_code":"ja","result_type":"recent"},"source":"<a href=\"http://twitter.com\" rel=\"nofollow\">Twitter Web Client</a>","in_reply_to_status_id":null,"in_reply_to_status_id_str":null,"in_reply_to_user_id":null,"in_reply_to_user_id_str":null,"in_reply_to_screen_name":null,"user":{"id":394975839,"id_str":"394975839","name":"こうましろ🐻台湾FF1日目 S33、","screen_name":"itsuwa0815","location":"広島","description":"玉藻大好き(｀・ω・´) 趣味野球応援(カープ)コスプレを眺める事です。 イラストレーターやってます。「アイドル稼業、はじめました！」著岩関昂道先生 発売中。FGO、グリムノーツのお仕事をさせて頂きました。御用の方はohmashiro＠gmail.com迄ご連絡ください。2017年10月以降のお仕事を募集中","url":"https://t.co/07vi0SbtnL","entities":{"url":{"urls":[{"url":"https://t.co/07vi0SbtnL","expanded_url":"http://www.pixiv.net/member.php?id=4493551","display_url":"pixiv.net/member.php?id=…","indices":[0,23]}]},"description":{"urls":[]}},"protected":false,"followers_count":156682,"friends_count":1578,"listed_count":3503,"created_at":"Thu Oct 20 22:48:25 +0000 2011","favourites_count":9311,"utc_offset":-25200,"time_zone":"Pacific Time (US & Canada)","geo_enabled":true,"verified":false,"statuses_count":8261,"lang":"ja","contributors_enabled":false,"is_translator":false,"is_translation_enabled":false,"profile_background_color":"DBE9ED","profile_background_image_url":"http://pbs.twimg.com/profile_background_images/468580250096386048/5SYD4hdP.jpeg","profile_background_image_url_https":"https://pbs.twimg.com/profile_background_images/468580250096386048/5SYD4hdP.jpeg","profile_background_tile":true,"profile_image_url":"http://pbs.twimg.com/profile_images/887420672619692032/9Fb6m6g6_normal.jpg","profile_image_url_https":"https://pbs.twimg.com/profile_images/887420672619692032/9Fb6m6g6_normal.jpg","profile_banner_url":"https://pbs.twimg.com/profile_banners/394975839/1498917666","profile_link_color":"CC3366","profile_sidebar_border_color":"FFFFFF","profile_sidebar_fill_color":"E6F6F9","profile_text_color":"333333","profile_use_background_image":true,"has_extended_profile":true,"default_profile":false,"default_profile_image":false,"following":false,"follow_request_sent":false,"notifications":false,"translator_type":"none"},"geo":null,"coordinates":null,"place":null,"contributors":null,"is_quote_status":false,"retweet_count":914,"favorite_count":2263,"favorited":false,"retweeted":false,"possibly_sensitive":false,"lang":"ja"},{"created_at":"Tue Jul 18 20:40:29 +0000 2017","id":887411777561960400,"id_str":"887411777561960449","text":"休業中の声優さんの復帰状況\n藤原啓治：8月公開『スパイダーマン・ホームカミング』出演\n細谷佳正：秋新番「されど罪人は竜と踊る」出演。イベントにも登壇\n入野自由：秋新番「おそ松さん2期」出演。イベントにも登壇\n種田梨沙：新作アプリ複… https://t.co/nc9AmClun1","truncated":true,"entities":{"hashtags":[],"symbols":[],"user_mentions":[],"urls":[{"url":"https://t.co/nc9AmClun1","expanded_url":"https://twitter.com/i/web/status/887411777561960449","display_url":"twitter.com/i/web/status/8…","indices":[117,140]}]},"metadata":{"iso_language_code":"ja","result_type":"recent"},"source":"<a href=\"http://twitter.com\" rel=\"nofollow\">Twitter Web Client</a>","in_reply_to_status_id":null,"in_reply_to_status_id_str":null,"in_reply_to_user_id":null,"in_reply_to_user_id_str":null,"in_reply_to_screen_name":null,"user":{"id":240889813,"id_str":"240889813","name":"ANIME SEIYU","screen_name":"animeseiyu","location":"Maihama Server","description":"Anime & Voice Actor's News from JAPAN","url":null,"entities":{"description":{"urls":[]}},"protected":false,"followers_count":115189,"friends_count":0,"listed_count":2634,"created_at":"Fri Jan 21 00:05:22 +0000 2011","favourites_count":78,"utc_offset":28800,"time_zone":"Irkutsk","geo_enabled":false,"verified":false,"statuses_count":77778,"lang":"ja","contributors_enabled":false,"is_translator":false,"is_translation_enabled":false,"profile_background_color":"9AE4E8","profile_background_image_url":"http://pbs.twimg.com/profile_background_images/643904879371513856/wXHj4sq4.jpg","profile_background_image_url_https":"https://pbs.twimg.com/profile_background_images/643904879371513856/wXHj4sq4.jpg","profile_background_tile":false,"profile_image_url":"http://pbs.twimg.com/profile_images/822107764889505793/Nvtjx1P-_normal.jpg","profile_image_url_https":"https://pbs.twimg.com/profile_images/822107764889505793/Nvtjx1P-_normal.jpg","profile_banner_url":"https://pbs.twimg.com/profile_banners/240889813/1458887183","profile_link_color":"0084B4","profile_sidebar_border_color":"000000","profile_sidebar_fill_color":"000000","profile_text_color":"000000","profile_use_background_image":true,"has_extended_profile":false,"default_profile":false,"default_profile_image":false,"following":false,"follow_request_sent":false,"notifications":false,"translator_type":"none"},"geo":null,"coordinates":null,"place":null,"contributors":null,"is_quote_status":false,"retweet_count":614,"favorite_count":514,"favorited":false,"retweeted":false,"possibly_sensitive":false,"lang":"ja"},{"created_at":"Tue Jul 18 19:04:54 +0000 2017","id":887387720473096200,"id_str":"887387720473096193","text":"蓮舫の公開資料の中に、台湾パスポートの写しがある。日本のパスポートを取得する時には「他国のパスポートを持っていませんか」という設問があるけど、「ない」と記入していたのであれば旅券法違反の疑いが濃厚だし、「ある」と記入していたら二重国籍を自覚していた事になる。政府は調べたらいいよ","truncated":false,"entities":{"hashtags":[],"symbols":[],"user_mentions":[],"urls":[]},"metadata":{"iso_language_code":"ja","result_type":"recent"},"source":"<a href=\"http://bit.ly/UDldit\" rel=\"nofollow\">Saezuri</a>","in_reply_to_status_id":null,"in_reply_to_status_id_str":null,"in_reply_to_user_id":null,"in_reply_to_user_id_str":null,"in_reply_to_screen_name":null,"user":{"id":524294327,"id_str":"524294327","name":"500円","screen_name":"_500yen","location":"日本銀行","description":"ここは実況垢(@_500yen)です／ https://t.co/47sclMQccz ／本垢は(@bio_jackrose)です／ https://t.co/OdmT4fq1c1 ／ ※ツイートは誤字脱字が多目ですので「忖度」してください＼(^o^)／","url":"https://t.co/wePGds7zOE","entities":{"url":{"urls":[{"url":"https://t.co/wePGds7zOE","expanded_url":"https://aclog.rhe.jp/_500yen","display_url":"aclog.rhe.jp/_500yen","indices":[0,23]}]},"description":{"urls":[{"url":"https://t.co/47sclMQccz","expanded_url":"http://fivezerozero.tumblr.com","display_url":"fivezerozero.tumblr.com","indices":[20,43]},{"url":"https://t.co/OdmT4fq1c1","expanded_url":"http://jackrose.tumblr.com","display_url":"jackrose.tumblr.com","indices":[67,90]}]}},"protected":false,"followers_count":46189,"friends_count":579,"listed_count":841,"created_at":"Wed Mar 14 12:11:11 +0000 2012","favourites_count":133982,"utc_offset":32400,"time_zone":"Tokyo","geo_enabled":false,"verified":false,"statuses_count":27059,"lang":"ja","contributors_enabled":false,"is_translator":false,"is_translation_enabled":false,"profile_background_color":"00C6E1","profile_background_image_url":"http://pbs.twimg.com/profile_background_images/597033948468760576/yht65XtD.png","profile_background_image_url_https":"https://pbs.twimg.com/profile_background_images/597033948468760576/yht65XtD.png","profile_background_tile":false,"profile_image_url":"http://pbs.twimg.com/profile_images/2892403315/3b163fe3c2c3fea75c665836cef68767_normal.png","profile_image_url_https":"https://pbs.twimg.com/profile_images/2892403315/3b163fe3c2c3fea75c665836cef68767_normal.png","profile_banner_url":"https://pbs.twimg.com/profile_banners/524294327/1431184208","profile_link_color":"DD2E44","profile_sidebar_border_color":"000000","profile_sidebar_fill_color":"95E8EC","profile_text_color":"3C3940","profile_use_background_image":false,"has_extended_profile":false,"default_profile":false,"default_profile_image":false,"following":false,"follow_request_sent":false,"notifications":false,"translator_type":"regular"},"geo":null,"coordinates":null,"place":null,"contributors":null,"is_quote_status":false,"retweet_count":593,"favorite_count":609,"favorited":false,"retweeted":false,"lang":"ja"},{"created_at":"Tue Jul 18 18:20:00 +0000 2017","id":887376424063049700,"id_str":"887376424063049728","text":"#星野源ANN お聴き頂きありがとうございました！8/16発売の新曲 #FamilySong 沢山のリクエストありがとうございます！来週の放送は「KICK THE CAN CREWのオールナイトニッポン」のため1週お休みです。再来… https://t.co/vcBqcLIAut","truncated":true,"entities":{"hashtags":[{"text":"星野源ANN","indices":[0,7]},{"text":"FamilySong","indices":[35,46]}],"symbols":[],"user_mentions":[],"urls":[{"url":"https://t.co/vcBqcLIAut","expanded_url":"https://twitter.com/i/web/status/887376424063049728","display_url":"twitter.com/i/web/status/8…","indices":[117,140]}]},"metadata":{"iso_language_code":"ja","result_type":"recent"},"source":"<a href=\"http://twitter.com\" rel=\"nofollow\">Twitter Web Client</a>","in_reply_to_status_id":null,"in_reply_to_status_id_str":null,"in_reply_to_user_id":null,"in_reply_to_user_id_str":null,"in_reply_to_screen_name":null,"user":{"id":137682023,"id_str":"137682023","name":"星野源 official","screen_name":"gen_senden","location":"","description":"星野源オフィシャルアカウントです。音楽家、俳優、文筆家、様々な星野源の活動やリリースの情報を発信していきます。","url":"http://t.co/v9MCGO1Ujz","entities":{"url":{"urls":[{"url":"http://t.co/v9MCGO1Ujz","expanded_url":"http://hoshinogen.com","display_url":"hoshinogen.com","indices":[0,22]}]},"description":{"urls":[]}},"protected":false,"followers_count":756384,"friends_count":0,"listed_count":4325,"created_at":"Tue Apr 27 12:40:53 +0000 2010","favourites_count":17,"utc_offset":32400,"time_zone":"Tokyo","geo_enabled":false,"verified":true,"statuses_count":16951,"lang":"ja","contributors_enabled":false,"is_translator":false,"is_translation_enabled":false,"profile_background_color":"FFFFFF","profile_background_image_url":"http://pbs.twimg.com/profile_background_images/874718891/98ae41149fcf2b96b514fafb3cca053c.jpeg","profile_background_image_url_https":"https://pbs.twimg.com/profile_background_images/874718891/98ae41149fcf2b96b514fafb3cca053c.jpeg","profile_background_tile":false,"profile_image_url":"http://pbs.twimg.com/profile_images/880501205020966912/sp1n9Wvh_normal.jpg","profile_image_url_https":"https://pbs.twimg.com/profile_images/880501205020966912/sp1n9Wvh_normal.jpg","profile_banner_url":"https://pbs.twimg.com/profile_banners/137682023/1498762808","profile_link_color":"5E71AD","profile_sidebar_border_color":"FFFFFF","profile_sidebar_fill_color":"DDEEF6","profile_text_color":"333333","profile_use_background_image":true,"has_extended_profile":false,"default_profile":false,"default_profile_image":false,"following":false,"follow_request_sent":false,"notifications":false,"translator_type":"none"},"geo":null,"coordinates":null,"place":null,"contributors":null,"is_quote_status":false,"retweet_count":1854,"favorite_count":8570,"favorited":false,"retweeted":false,"possibly_sensitive":false,"lang":"ja"},{"created_at":"Tue Jul 18 17:52:45 +0000 2017","id":887369565906190300,"id_str":"887369565906190340","text":"[공홈] EXO ‘전야(前夜)' - 응원법 안내!\n\nhttps://t.co/jjK2aF7Jyb https://t.co/cfuCy6IW5W","truncated":false,"entities":{"hashtags":[],"symbols":[],"user_mentions":[],"urls":[{"url":"https://t.co/jjK2aF7Jyb","expanded_url":"https://m.smtown.com/Board/Details/7277078","display_url":"m.smtown.com/Board/Details/…","indices":[29,52]}],"media":[{"id":887369555059679200,"id_str":"887369555059679233","indices":[53,76],"media_url":"http://pbs.twimg.com/media/DFCR6KnUIAEG3-l.jpg","media_url_https":"https://pbs.twimg.com/media/DFCR6KnUIAEG3-l.jpg","url":"https://t.co/cfuCy6IW5W","display_url":"pic.twitter.com/cfuCy6IW5W","expanded_url":"https://twitter.com/since120408_/status/887369565906190340/photo/1","type":"photo","sizes":{"large":{"w":819,"h":2048,"resize":"fit"},"small":{"w":272,"h":680,"resize":"fit"},"thumb":{"w":150,"h":150,"resize":"crop"},"medium":{"w":480,"h":1200,"resize":"fit"}}}]},"extended_entities":{"media":[{"id":887369555059679200,"id_str":"887369555059679233","indices":[53,76],"media_url":"http://pbs.twimg.com/media/DFCR6KnUIAEG3-l.jpg","media_url_https":"https://pbs.twimg.com/media/DFCR6KnUIAEG3-l.jpg","url":"https://t.co/cfuCy6IW5W","display_url":"pic.twitter.com/cfuCy6IW5W","expanded_url":"https://twitter.com/since120408_/status/887369565906190340/photo/1","type":"photo","sizes":{"large":{"w":819,"h":2048,"resize":"fit"},"small":{"w":272,"h":680,"resize":"fit"},"thumb":{"w":150,"h":150,"resize":"crop"},"medium":{"w":480,"h":1200,"resize":"fit"}}}]},"metadata":{"iso_language_code":"ja","result_type":"recent"},"source":"<a href=\"http://twitter.com/download/android\" rel=\"nofollow\">Twitter for Android</a>","in_reply_to_status_id":null,"in_reply_to_status_id_str":null,"in_reply_to_user_id":null,"in_reply_to_user_id_str":null,"in_reply_to_screen_name":null,"user":{"id":782493126665474000,"id_str":"782493126665474048","name":"TRAVEL TO EXOPLANET","screen_name":"since120408_","location":"","description":"엑소 팬 커뮤니티 | 투엑플(Travel to EXOplanet with EXO) 📬traveltoxoxo@hanmail.net | 모든 공지는 마음글❤ 문의는 DM","url":"https://t.co/3CzhvsVEH3","entities":{"url":{"urls":[{"url":"https://t.co/3CzhvsVEH3","expanded_url":"http://since120408.com","display_url":"since120408.com","indices":[0,23]}]},"description":{"urls":[]}},"protected":false,"followers_count":37131,"friends_count":2,"listed_count":58,"created_at":"Sun Oct 02 08:11:14 +0000 2016","favourites_count":96,"utc_offset":-25200,"time_zone":"Pacific Time (US & Canada)","geo_enabled":false,"verified":false,"statuses_count":2074,"lang":"ko","contributors_enabled":false,"is_translator":false,"is_translation_enabled":false,"profile_background_color":"000000","profile_background_image_url":"http://abs.twimg.com/images/themes/theme1/bg.png","profile_background_image_url_https":"https://abs.twimg.com/images/themes/theme1/bg.png","profile_background_tile":false,"profile_image_url":"http://pbs.twimg.com/profile_images/884244582455681024/CRM-hM86_normal.jpg","profile_image_url_https":"https://pbs.twimg.com/profile_images/884244582455681024/CRM-hM86_normal.jpg","profile_banner_url":"https://pbs.twimg.com/profile_banners/782493126665474048/1481520392","profile_link_color":"000000","profile_sidebar_border_color":"000000","profile_sidebar_fill_color":"000000","profile_text_color":"000000","profile_use_background_image":false,"has_extended_profile":false,"default_profile":false,"default_profile_image":false,"following":false,"follow_request_sent":false,"notifications":false,"translator_type":"none"},"geo":null,"coordinates":null,"place":null,"contributors":null,"is_quote_status":false,"retweet_count":1082,"favorite_count":194,"favorited":false,"retweeted":false,"possibly_sensitive":false,"lang":"ja"},{"created_at":"Tue Jul 18 17:23:53 +0000 2017","id":887362301237444600,"id_str":"887362301237444608","text":"萱野稔人「差別というのは問題のすり替え。立法に携わる国会議員が公選法や国籍法や旅券法など法律を理解していたのか、法に抵触してる指摘に説明責任を尽くしていたのかが本当の問題。今日の記者会見を見ると到底納得できない。蓮舫民進党は他人に… https://t.co/3rbyUjUGgz","truncated":true,"entities":{"hashtags":[],"symbols":[],"user_mentions":[],"urls":[{"url":"https://t.co/3rbyUjUGgz","expanded_url":"https://twitter.com/i/web/status/887362301237444608","display_url":"twitter.com/i/web/status/8…","indices":[117,140]}]},"metadata":{"iso_language_code":"ja","result_type":"recent"},"source":"<a href=\"http://twitter.com\" rel=\"nofollow\">Twitter Web Client</a>","in_reply_to_status_id":887360135437234200,"in_reply_to_status_id_str":"887360135437234176","in_reply_to_user_id":524294327,"in_reply_to_user_id_str":"524294327","in_reply_to_screen_name":"_500yen","user":{"id":524294327,"id_str":"524294327","name":"500円","screen_name":"_500yen","location":"日本銀行","description":"ここは実況垢(@_500yen)です／ https://t.co/47sclMQccz ／本垢は(@bio_jackrose)です／ https://t.co/OdmT4fq1c1 ／ ※ツイートは誤字脱字が多目ですので「忖度」してください＼(^o^)／","url":"https://t.co/wePGds7zOE","entities":{"url":{"urls":[{"url":"https://t.co/wePGds7zOE","expanded_url":"https://aclog.rhe.jp/_500yen","display_url":"aclog.rhe.jp/_500yen","indices":[0,23]}]},"description":{"urls":[{"url":"https://t.co/47sclMQccz","expanded_url":"http://fivezerozero.tumblr.com","display_url":"fivezerozero.tumblr.com","indices":[20,43]},{"url":"https://t.co/OdmT4fq1c1","expanded_url":"http://jackrose.tumblr.com","display_url":"jackrose.tumblr.com","indices":[67,90]}]}},"protected":false,"followers_count":46189,"friends_count":579,"listed_count":841,"created_at":"Wed Mar 14 12:11:11 +0000 2012","favourites_count":133982,"utc_offset":32400,"time_zone":"Tokyo","geo_enabled":false,"verified":false,"statuses_count":27059,"lang":"ja","contributors_enabled":false,"is_translator":false,"is_translation_enabled":false,"profile_background_color":"00C6E1","profile_background_image_url":"http://pbs.twimg.com/profile_background_images/597033948468760576/yht65XtD.png","profile_background_image_url_https":"https://pbs.twimg.com/profile_background_images/597033948468760576/yht65XtD.png","profile_background_tile":false,"profile_image_url":"http://pbs.twimg.com/profile_images/2892403315/3b163fe3c2c3fea75c665836cef68767_normal.png","profile_image_url_https":"https://pbs.twimg.com/profile_images/2892403315/3b163fe3c2c3fea75c665836cef68767_normal.png","profile_banner_url":"https://pbs.twimg.com/profile_banners/524294327/1431184208","profile_link_color":"DD2E44","profile_sidebar_border_color":"000000","profile_sidebar_fill_color":"95E8EC","profile_text_color":"3C3940","profile_use_background_image":false,"has_extended_profile":false,"default_profile":false,"default_profile_image":false,"following":false,"follow_request_sent":false,"notifications":false,"translator_type":"regular"},"geo":null,"coordinates":null,"place":null,"contributors":null,"is_quote_status":false,"retweet_count":761,"favorite_count":830,"favorited":false,"retweeted":false,"possibly_sensitive":false,"lang":"ja"},{"created_at":"Tue Jul 18 17:23:53 +0000 2017","id":887362300046438400,"id_str":"887362300046438400","text":"これが事実なら完全にアウト、大臣どころか議員を辞職してほしい。→稲田氏、組織的隠蔽を了承　PKO日報、国会で虚偽答弁 | 2017/7/19 - 共同通信 47NEWS https://t.co/4o6UWJY38n","truncated":false,"entities":{"hashtags":[],"symbols":[],"user_mentions":[],"urls":[{"url":"https://t.co/4o6UWJY38n","expanded_url":"https://this.kiji.is/260088924608626696","display_url":"this.kiji.is/26008892460862…","indices":[85,108]}]},"metadata":{"iso_language_code":"ja","result_type":"recent"},"source":"<a href=\"http://twitter.com\" rel=\"nofollow\">Twitter Web Client</a>","in_reply_to_status_id":null,"in_reply_to_status_id_str":null,"in_reply_to_user_id":null,"in_reply_to_user_id_str":null,"in_reply_to_screen_name":null,"user":{"id":116641739,"id_str":"116641739","name":"想田和弘","screen_name":"KazuhiroSoda","location":"New York","description":"映画作家。最新作は『港町』。『選挙』『精神』『Peace』『演劇１・２』『選挙２』『牡蠣工場』。著書に『観察する男』『カメラを持て、町へ出よう』『熱狂なきファシズム』『日本人は民主主義を捨てたがっているのか？』『演劇vs映画』『なぜ僕はドキュメンタリーを撮るのか』『精神病とモザイク』 English: @Kazsoda","url":"https://t.co/Eyvj0Fgl1q","entities":{"url":{"urls":[{"url":"https://t.co/Eyvj0Fgl1q","expanded_url":"http://www.laboratoryx.us/sodaofficial/HOME.html","display_url":"laboratoryx.us/sodaofficial/H…","indices":[0,23]}]},"description":{"urls":[]}},"protected":false,"followers_count":57560,"friends_count":2571,"listed_count":2575,"created_at":"Tue Feb 23 04:43:31 +0000 2010","favourites_count":1091,"utc_offset":-14400,"time_zone":"Eastern Time (US & Canada)","geo_enabled":true,"verified":false,"statuses_count":48572,"lang":"ja","contributors_enabled":false,"is_translator":false,"is_translation_enabled":false,"profile_background_color":"352726","profile_background_image_url":"http://abs.twimg.com/images/themes/theme5/bg.gif","profile_background_image_url_https":"https://abs.twimg.com/images/themes/theme5/bg.gif","profile_background_tile":false,"profile_image_url":"http://pbs.twimg.com/profile_images/848167072840286208/5ZDPUd_6_normal.jpg","profile_image_url_https":"https://pbs.twimg.com/profile_images/848167072840286208/5ZDPUd_6_normal.jpg","profile_banner_url":"https://pbs.twimg.com/profile_banners/116641739/1498644037","profile_link_color":"D02B55","profile_sidebar_border_color":"829D5E","profile_sidebar_fill_color":"99CC33","profile_text_color":"3E4415","profile_use_background_image":true,"has_extended_profile":true,"default_profile":false,"default_profile_image":false,"following":false,"follow_request_sent":false,"notifications":false,"translator_type":"none"},"geo":null,"coordinates":null,"place":null,"contributors":null,"is_quote_status":false,"retweet_count":552,"favorite_count":264,"favorited":false,"retweeted":false,"possibly_sensitive":false,"lang":"ja"},{"created_at":"Tue Jul 18 17:17:16 +0000 2017","id":887360637084422100,"id_str":"887360637084422144","text":"自分の為に描いてるんだよバーカ！って考えると楽しさだけが残る https://t.co/bQZ5OmHBLl","truncated":false,"entities":{"hashtags":[],"symbols":[],"user_mentions":[],"urls":[],"media":[{"id":887359936157458400,"id_str":"887359936157458433","indices":[31,54],"media_url":"http://pbs.twimg.com/media/DFCJKRaUIAEUHe1.jpg","media_url_https":"https://pbs.twimg.com/media/DFCJKRaUIAEUHe1.jpg","url":"https://t.co/bQZ5OmHBLl","display_url":"pic.twitter.com/bQZ5OmHBLl","expanded_url":"https://twitter.com/yamayo/status/887360637084422144/photo/1","type":"photo","sizes":{"large":{"w":855,"h":1000,"resize":"fit"},"thumb":{"w":150,"h":150,"resize":"crop"},"medium":{"w":855,"h":1000,"resize":"fit"},"small":{"w":581,"h":680,"resize":"fit"}}}]},"extended_entities":{"media":[{"id":887359936157458400,"id_str":"887359936157458433","indices":[31,54],"media_url":"http://pbs.twimg.com/media/DFCJKRaUIAEUHe1.jpg","media_url_https":"https://pbs.twimg.com/media/DFCJKRaUIAEUHe1.jpg","url":"https://t.co/bQZ5OmHBLl","display_url":"pic.twitter.com/bQZ5OmHBLl","expanded_url":"https://twitter.com/yamayo/status/887360637084422144/photo/1","type":"photo","sizes":{"large":{"w":855,"h":1000,"resize":"fit"},"thumb":{"w":150,"h":150,"resize":"crop"},"medium":{"w":855,"h":1000,"resize":"fit"},"small":{"w":581,"h":680,"resize":"fit"}}}]},"metadata":{"iso_language_code":"ja","result_type":"recent"},"source":"<a href=\"http://twitter.com\" rel=\"nofollow\">Twitter Web Client</a>","in_reply_to_status_id":null,"in_reply_to_status_id_str":null,"in_reply_to_user_id":null,"in_reply_to_user_id_str":null,"in_reply_to_screen_name":null,"user":{"id":18792100,"id_str":"18792100","name":"ぞんびさん＠日東ク-10a","screen_name":"yamayo","location":"ちゅーぶちほー","description":"ラノベ案件ゆる募中でしたが夏コミ開けまで一旦停止です。 https://t.co/k0mjSZR9uN\nお試し設置\nhttps://t.co/TMcagzUMfH","url":"https://t.co/OcwWEe9Tk6","entities":{"url":{"urls":[{"url":"https://t.co/OcwWEe9Tk6","expanded_url":"http://sp-zombie.tumblr.com/","display_url":"sp-zombie.tumblr.com","indices":[0,23]}]},"description":{"urls":[{"url":"https://t.co/k0mjSZR9uN","expanded_url":"http://pixiv.me/yamayo","display_url":"pixiv.me/yamayo","indices":[28,51]},{"url":"https://t.co/TMcagzUMfH","expanded_url":"http://odaibako.net/u/yamayo","display_url":"odaibako.net/u/yamayo","indices":[58,81]}]}},"protected":false,"followers_count":81273,"friends_count":1827,"listed_count":1854,"created_at":"Fri Jan 09 04:25:46 +0000 2009","favourites_count":53557,"utc_offset":32400,"time_zone":"Tokyo","geo_enabled":false,"verified":false,"statuses_count":39447,"lang":"ja","contributors_enabled":false,"is_translator":false,"is_translation_enabled":false,"profile_background_color":"000000","profile_background_image_url":"http://abs.twimg.com/images/themes/theme4/bg.gif","profile_background_image_url_https":"https://abs.twimg.com/images/themes/theme4/bg.gif","profile_background_tile":false,"profile_image_url":"http://pbs.twimg.com/profile_images/851209793821855744/BGEBGMrv_normal.jpg","profile_image_url_https":"https://pbs.twimg.com/profile_images/851209793821855744/BGEBGMrv_normal.jpg","profile_banner_url":"https://pbs.twimg.com/profile_banners/18792100/1441545344","profile_link_color":"FA743E","profile_sidebar_border_color":"000000","profile_sidebar_fill_color":"000000","profile_text_color":"000000","profile_use_background_image":false,"has_extended_profile":true,"default_profile":false,"default_profile_image":false,"following":false,"follow_request_sent":false,"notifications":false,"translator_type":"none"},"geo":null,"coordinates":null,"place":null,"contributors":null,"is_quote_status":false,"retweet_count":724,"favorite_count":1936,"favorited":false,"retweeted":false,"possibly_sensitive":false,"lang":"ja"},{"created_at":"Tue Jul 18 17:15:17 +0000 2017","id":887360135437234200,"id_str":"887360135437234176","text":"蓮舫は「二重国籍はデマです」と切り捨て「生まれた時から日本人」と嘘を言い。過去の雑誌記事で「台湾籍」「在日の中国籍の者」と発言してる事を指摘されても「台湾籍だったという過去形の意味」と嘘の上塗りを続けてたのに、何の責任も取らずに国… https://t.co/s0MLCQsqrv","truncated":true,"entities":{"hashtags":[],"symbols":[],"user_mentions":[],"urls":[{"url":"https://t.co/s0MLCQsqrv","expanded_url":"https://twitter.com/i/web/status/887360135437234176","display_url":"twitter.com/i/web/status/8…","indices":[117,140]}]},"metadata":{"iso_language_code":"ja","result_type":"recent"},"source":"<a href=\"http://twitter.com\" rel=\"nofollow\">Twitter Web Client</a>","in_reply_to_status_id":null,"in_reply_to_status_id_str":null,"in_reply_to_user_id":null,"in_reply_to_user_id_str":null,"in_reply_to_screen_name":null,"user":{"id":524294327,"id_str":"524294327","name":"500円","screen_name":"_500yen","location":"日本銀行","description":"ここは実況垢(@_500yen)です／ https://t.co/47sclMQccz ／本垢は(@bio_jackrose)です／ https://t.co/OdmT4fq1c1 ／ ※ツイートは誤字脱字が多目ですので「忖度」してください＼(^o^)／","url":"https://t.co/wePGds7zOE","entities":{"url":{"urls":[{"url":"https://t.co/wePGds7zOE","expanded_url":"https://aclog.rhe.jp/_500yen","display_url":"aclog.rhe.jp/_500yen","indices":[0,23]}]},"description":{"urls":[{"url":"https://t.co/47sclMQccz","expanded_url":"http://fivezerozero.tumblr.com","display_url":"fivezerozero.tumblr.com","indices":[20,43]},{"url":"https://t.co/OdmT4fq1c1","expanded_url":"http://jackrose.tumblr.com","display_url":"jackrose.tumblr.com","indices":[67,90]}]}},"protected":false,"followers_count":46189,"friends_count":579,"listed_count":841,"created_at":"Wed Mar 14 12:11:11 +0000 2012","favourites_count":133982,"utc_offset":32400,"time_zone":"Tokyo","geo_enabled":false,"verified":false,"statuses_count":27059,"lang":"ja","contributors_enabled":false,"is_translator":false,"is_translation_enabled":false,"profile_background_color":"00C6E1","profile_background_image_url":"http://pbs.twimg.com/profile_background_images/597033948468760576/yht65XtD.png","profile_background_image_url_https":"https://pbs.twimg.com/profile_background_images/597033948468760576/yht65XtD.png","profile_background_tile":false,"profile_image_url":"http://pbs.twimg.com/profile_images/2892403315/3b163fe3c2c3fea75c665836cef68767_normal.png","profile_image_url_https":"https://pbs.twimg.com/profile_images/2892403315/3b163fe3c2c3fea75c665836cef68767_normal.png","profile_banner_url":"https://pbs.twimg.com/profile_banners/524294327/1431184208","profile_link_color":"DD2E44","profile_sidebar_border_color":"000000","profile_sidebar_fill_color":"95E8EC","profile_text_color":"3C3940","profile_use_background_image":false,"has_extended_profile":false,"default_profile":false,"default_profile_image":false,"following":false,"follow_request_sent":false,"notifications":false,"translator_type":"regular"},"geo":null,"coordinates":null,"place":null,"contributors":null,"is_quote_status":false,"retweet_count":795,"favorite_count":765,"favorited":false,"retweeted":false,"possibly_sensitive":false,"lang":"ja"},{"created_at":"Tue Jul 18 17:11:49 +0000 2017","id":887359265907724300,"id_str":"887359265907724288","text":"これが事実ならば稲田大臣は組織的隠蔽に自ら加わりながら素知らぬ顔で国会で虚偽答弁を繰り返し、白々しく特別防衛監察を指示したことになる。犯罪的だ。議員辞職に値する。\n\n稲田氏、組織的隠蔽を了承　PKO日報、国会で虚偽答弁 | 共同通信 https://t.co/eQCF9GJ5HN","truncated":false,"entities":{"hashtags":[],"symbols":[],"user_mentions":[],"urls":[{"url":"https://t.co/eQCF9GJ5HN","expanded_url":"https://this.kiji.is/260088924608626696","display_url":"this.kiji.is/26008892460862…","indices":[117,140]}]},"metadata":{"iso_language_code":"ja","result_type":"recent"},"source":"<a href=\"http://twitter.com/download/iphone\" rel=\"nofollow\">Twitter for iPhone</a>","in_reply_to_status_id":null,"in_reply_to_status_id_str":null,"in_reply_to_user_id":null,"in_reply_to_user_id_str":null,"in_reply_to_screen_name":null,"user":{"id":90295810,"id_str":"90295810","name":"布施祐仁","screen_name":"yujinfuse","location":"JAPAN","description":"Journalist／南スーダン日報隠蔽問題／「ルポ イチエフ 福島第一原発 レベル7の現場」、「日米密約 裁かれない米兵犯罪」(岩波書店) 、「経済的徴兵制」(集英社新書) etc… ✴︎原稿、講演などのご依頼、情報提供は→DMまたは urespa99☆https://t.co/Xtx28AllxF (☆→@)","url":null,"entities":{"description":{"urls":[{"url":"https://t.co/Xtx28AllxF","expanded_url":"http://yahoo.co.jp","display_url":"yahoo.co.jp","indices":[128,151]}]}},"protected":false,"followers_count":27684,"friends_count":4391,"listed_count":1135,"created_at":"Mon Nov 16 01:40:53 +0000 2009","favourites_count":3537,"utc_offset":32400,"time_zone":"Tokyo","geo_enabled":true,"verified":false,"statuses_count":30469,"lang":"ja","contributors_enabled":false,"is_translator":false,"is_translation_enabled":false,"profile_background_color":"C0DEED","profile_background_image_url":"http://abs.twimg.com/images/themes/theme1/bg.png","profile_background_image_url_https":"https://abs.twimg.com/images/themes/theme1/bg.png","profile_background_tile":false,"profile_image_url":"http://pbs.twimg.com/profile_images/828873121415303169/Rr2GsUpl_normal.jpg","profile_image_url_https":"https://pbs.twimg.com/profile_images/828873121415303169/Rr2GsUpl_normal.jpg","profile_banner_url":"https://pbs.twimg.com/profile_banners/90295810/1499696905","profile_link_color":"1DA1F2","profile_sidebar_border_color":"C0DEED","profile_sidebar_fill_color":"DDEEF6","profile_text_color":"333333","profile_use_background_image":true,"has_extended_profile":false,"default_profile":true,"default_profile_image":false,"following":false,"follow_request_sent":false,"notifications":false,"translator_type":"none"},"geo":null,"coordinates":null,"place":null,"contributors":null,"is_quote_status":false,"retweet_count":970,"favorite_count":409,"favorited":false,"retweeted":false,"possibly_sensitive":false,"lang":"ja"},{"created_at":"Tue Jul 18 17:05:17 +0000 2017","id":887357619773386800,"id_str":"887357619773386752","text":"南スーダンPKO部隊の日報を廃棄したとしながら陸自が保管していた問題で、稲田防衛相が保管の事実を非公表とする方針を伝えられ、了承していたことが分かりました。防衛省・自衛隊の組織的隠蔽を容認した形となります。\nhttps://t.co/xgfVpaJAEw","truncated":false,"entities":{"hashtags":[],"symbols":[],"user_mentions":[],"urls":[{"url":"https://t.co/xgfVpaJAEw","expanded_url":"https://mainichi.jp/articles/20170719/k00/00m/040/185000c","display_url":"mainichi.jp/articles/20170…","indices":[104,127]}]},"metadata":{"iso_language_code":"ja","result_type":"recent"},"source":"<a href=\"http://twitter.com\" rel=\"nofollow\">Twitter Web Client</a>","in_reply_to_status_id":null,"in_reply_to_status_id_str":null,"in_reply_to_user_id":null,"in_reply_to_user_id_str":null,"in_reply_to_screen_name":null,"user":{"id":49540955,"id_str":"49540955","name":"毎日新聞","screen_name":"mainichi","location":"東京都千代田区","description":"毎日新聞のニュースサイトからおすすめ記事などをツイートします。FBページ https://t.co/waY2rxLf48 Google+ページもあります https://t.co/WGWNwwQzLF","url":"https://t.co/t3fGg5YbYZ","entities":{"url":{"urls":[{"url":"https://t.co/t3fGg5YbYZ","expanded_url":"http://mainichi.jp/","display_url":"mainichi.jp","indices":[0,23]}]},"description":{"urls":[{"url":"https://t.co/waY2rxLf48","expanded_url":"https://www.facebook.com/mainichishimbun/","display_url":"facebook.com/mainichishimbu…","indices":[37,60]},{"url":"https://t.co/WGWNwwQzLF","expanded_url":"http://goo.gl/ixZu0","display_url":"goo.gl/ixZu0","indices":[77,100]}]}},"protected":false,"followers_count":836412,"friends_count":193,"listed_count":31022,"created_at":"Mon Jun 22 04:53:27 +0000 2009","favourites_count":37,"utc_offset":32400,"time_zone":"Tokyo","geo_enabled":false,"verified":true,"statuses_count":120668,"lang":"ja","contributors_enabled":false,"is_translator":false,"is_translation_enabled":false,"profile_background_color":"FF6699","profile_background_image_url":"http://abs.twimg.com/images/themes/theme1/bg.png","profile_background_image_url_https":"https://abs.twimg.com/images/themes/theme1/bg.png","profile_background_tile":true,"profile_image_url":"http://pbs.twimg.com/profile_images/875582156399026176/nvKfbCrk_normal.jpg","profile_image_url_https":"https://pbs.twimg.com/profile_images/875582156399026176/nvKfbCrk_normal.jpg","profile_banner_url":"https://pbs.twimg.com/profile_banners/49540955/1494143968","profile_link_color":"B40B43","profile_sidebar_border_color":"FFFFFF","profile_sidebar_fill_color":"DFDFDF","profile_text_color":"333333","profile_use_background_image":true,"has_extended_profile":false,"default_profile":false,"default_profile_image":false,"following":false,"follow_request_sent":false,"notifications":false,"translator_type":"none"},"geo":null,"coordinates":null,"place":null,"contributors":null,"is_quote_status":false,"retweet_count":590,"favorite_count":248,"favorited":false,"retweeted":false,"possibly_sensitive":false,"lang":"ja"},{"created_at":"Tue Jul 18 17:03:11 +0000 2017","id":887357092683595800,"id_str":"887357092683595777","text":"こりごりだよGIF https://t.co/lltoM7UAzW","truncated":false,"entities":{"hashtags":[],"symbols":[],"user_mentions":[],"urls":[],"media":[{"id":887356896574791700,"id_str":"887356896574791680","indices":[10,33],"media_url":"http://pbs.twimg.com/tweet_video_thumb/DFCGZWFVYAAEoby.jpg","media_url_https":"https://pbs.twimg.com/tweet_video_thumb/DFCGZWFVYAAEoby.jpg","url":"https://t.co/lltoM7UAzW","display_url":"pic.twitter.com/lltoM7UAzW","expanded_url":"https://twitter.com/uzura3026/status/887357092683595777/photo/1","type":"photo","sizes":{"thumb":{"w":150,"h":150,"resize":"crop"},"large":{"w":600,"h":366,"resize":"fit"},"medium":{"w":600,"h":366,"resize":"fit"},"small":{"w":340,"h":207,"resize":"fit"}}}]},"extended_entities":{"media":[{"id":887356896574791700,"id_str":"887356896574791680","indices":[10,33],"media_url":"http://pbs.twimg.com/tweet_video_thumb/DFCGZWFVYAAEoby.jpg","media_url_https":"https://pbs.twimg.com/tweet_video_thumb/DFCGZWFVYAAEoby.jpg","url":"https://t.co/lltoM7UAzW","display_url":"pic.twitter.com/lltoM7UAzW","expanded_url":"https://twitter.com/uzura3026/status/887357092683595777/photo/1","type":"animated_gif","sizes":{"thumb":{"w":150,"h":150,"resize":"crop"},"large":{"w":600,"h":366,"resize":"fit"},"medium":{"w":600,"h":366,"resize":"fit"},"small":{"w":340,"h":207,"resize":"fit"}},"video_info":{"aspect_ratio":[100,61],"variants":[{"bitrate":0,"content_type":"video/mp4","url":"https://video.twimg.com/tweet_video/DFCGZWFVYAAEoby.mp4"}]}}]},"metadata":{"iso_language_code":"ja","result_type":"recent"},"source":"<a href=\"http://twitter.com\" rel=\"nofollow\">Twitter Web Client</a>","in_reply_to_status_id":null,"in_reply_to_status_id_str":null,"in_reply_to_user_id":null,"in_reply_to_user_id_str":null,"in_reply_to_screen_name":null,"user":{"id":122915590,"id_str":"122915590","name":"スペースウズルァ3026","screen_name":"uzura3026","location":"","description":"商業アニメーターの鈴木です。雑多なゲームの話とお仕事辛いツイートしかしません。大量に呟いては消すスタイルなのでヨロシク！！","url":"https://t.co/pVBVGhI73e","entities":{"url":{"urls":[{"url":"https://t.co/pVBVGhI73e","expanded_url":"http://uzura3026.tumblr.com/","display_url":"uzura3026.tumblr.com","indices":[0,23]}]},"description":{"urls":[]}},"protected":false,"followers_count":11203,"friends_count":339,"listed_count":218,"created_at":"Sun Mar 14 10:02:09 +0000 2010","favourites_count":3151,"utc_offset":32400,"time_zone":"Tokyo","geo_enabled":true,"verified":false,"statuses_count":13519,"lang":"ja","contributors_enabled":false,"is_translator":false,"is_translation_enabled":false,"profile_background_color":"352726","profile_background_image_url":"http://abs.twimg.com/images/themes/theme5/bg.gif","profile_background_image_url_https":"https://abs.twimg.com/images/themes/theme5/bg.gif","profile_background_tile":false,"profile_image_url":"http://pbs.twimg.com/profile_images/876008694290333696/PbEixVhQ_normal.jpg","profile_image_url_https":"https://pbs.twimg.com/profile_images/876008694290333696/PbEixVhQ_normal.jpg","profile_banner_url":"https://pbs.twimg.com/profile_banners/122915590/1480822298","profile_link_color":"D02B54","profile_sidebar_border_color":"829D5E","profile_sidebar_fill_color":"99CC33","profile_text_color":"3E4415","profile_use_background_image":true,"has_extended_profile":true,"default_profile":false,"default_profile_image":false,"following":false,"follow_request_sent":false,"notifications":false,"translator_type":"none"},"geo":null,"coordinates":null,"place":null,"contributors":null,"is_quote_status":false,"retweet_count":1036,"favorite_count":2245,"favorited":false,"retweeted":false,"possibly_sensitive":false,"lang":"ja"},{"created_at":"Tue Jul 18 16:55:26 +0000 2017","id":887355138968506400,"id_str":"887355138968506368","text":"ビーデルさん描きました\n（お題箱） https://t.co/YtKaHO2nrL","truncated":false,"entities":{"hashtags":[],"symbols":[],"user_mentions":[],"urls":[],"media":[{"id":887355059813572600,"id_str":"887355059813572610","indices":[18,41],"media_url":"http://pbs.twimg.com/media/DFCEubnVYAI3I44.jpg","media_url_https":"https://pbs.twimg.com/media/DFCEubnVYAI3I44.jpg","url":"https://t.co/YtKaHO2nrL","display_url":"pic.twitter.com/YtKaHO2nrL","expanded_url":"https://twitter.com/udon0531/status/887355138968506368/photo/1","type":"photo","sizes":{"medium":{"w":754,"h":1200,"resize":"fit"},"large":{"w":1228,"h":1954,"resize":"fit"},"thumb":{"w":150,"h":150,"resize":"crop"},"small":{"w":427,"h":680,"resize":"fit"}}}]},"extended_entities":{"media":[{"id":887355059813572600,"id_str":"887355059813572610","indices":[18,41],"media_url":"http://pbs.twimg.com/media/DFCEubnVYAI3I44.jpg","media_url_https":"https://pbs.twimg.com/media/DFCEubnVYAI3I44.jpg","url":"https://t.co/YtKaHO2nrL","display_url":"pic.twitter.com/YtKaHO2nrL","expanded_url":"https://twitter.com/udon0531/status/887355138968506368/photo/1","type":"photo","sizes":{"medium":{"w":754,"h":1200,"resize":"fit"},"large":{"w":1228,"h":1954,"resize":"fit"},"thumb":{"w":150,"h":150,"resize":"crop"},"small":{"w":427,"h":680,"resize":"fit"}}}]},"metadata":{"iso_language_code":"ja","result_type":"recent"},"source":"<a href=\"http://twitter.com\" rel=\"nofollow\">Twitter Web Client</a>","in_reply_to_status_id":null,"in_reply_to_status_id_str":null,"in_reply_to_user_id":null,"in_reply_to_user_id_str":null,"in_reply_to_screen_name":null,"user":{"id":302252321,"id_str":"302252321","name":"山本崇一朗・高木さん⑤2/10","screen_name":"udon0531","location":"","description":"島生まれ島育ち。ゲッサンにて「からかい上手の高木さん」連載中。完結済→「ふだつきのキョーコちゃん」全７巻、あしたは土曜日」全２巻。落書き置き場→https://t.co/Vz4ELk6ul2\nお題箱→https://t.co/aygLNREG5i","url":"https://t.co/fbGbw4qlik","entities":{"url":{"urls":[{"url":"https://t.co/fbGbw4qlik","expanded_url":"http://www.pixiv.net/member.php?id=61937","display_url":"pixiv.net/member.php?id=…","indices":[0,23]}]},"description":{"urls":[{"url":"https://t.co/Vz4ELk6ul2","expanded_url":"http://udon0531.tumblr.com/","display_url":"udon0531.tumblr.com","indices":[72,95]},{"url":"https://t.co/aygLNREG5i","expanded_url":"http://odaibako.net/u/udon0531","display_url":"odaibako.net/u/udon0531","indices":[100,123]}]}},"protected":false,"followers_count":121782,"friends_count":292,"listed_count":2052,"created_at":"Fri May 20 21:34:21 +0000 2011","favourites_count":8156,"utc_offset":28800,"time_zone":"Irkutsk","geo_enabled":true,"verified":false,"statuses_count":14703,"lang":"ja","contributors_enabled":false,"is_translator":false,"is_translation_enabled":false,"profile_background_color":"C0DEED","profile_background_image_url":"http://pbs.twimg.com/profile_background_images/378800000169727534/rsWOMYna.jpeg","profile_background_image_url_https":"https://pbs.twimg.com/profile_background_images/378800000169727534/rsWOMYna.jpeg","profile_background_tile":false,"profile_image_url":"http://pbs.twimg.com/profile_images/697318018808852480/4Rs8xEXW_normal.png","profile_image_url_https":"https://pbs.twimg.com/profile_images/697318018808852480/4Rs8xEXW_normal.png","profile_banner_url":"https://pbs.twimg.com/profile_banners/302252321/1436779796","profile_link_color":"0084B4","profile_sidebar_border_color":"000000","profile_sidebar_fill_color":"DDEEF6","profile_text_color":"333333","profile_use_background_image":true,"has_extended_profile":false,"default_profile":false,"default_profile_image":false,"following":false,"follow_request_sent":false,"notifications":false,"translator_type":"none"},"geo":null,"coordinates":null,"place":null,"contributors":null,"is_quote_status":false,"retweet_count":799,"favorite_count":2728,"favorited":false,"retweeted":false,"possibly_sensitive":false,"lang":"ja"}],"search_metadata":{"completed_in":0.174,"max_id":887424257566810100,"max_id_str":"887424257566810112","next_results":"?max_id=887355138968506367&q=lang%3Aja%20min_retweets%3A500&include_entities=1","query":"lang%3Aja+min_retweets%3A500","refresh_url":"?since_id=887424257566810112&q=lang%3Aja%20min_retweets%3A500&include_entities=1","count":15,"since_id":0,"since_id_str":"0"}}