{"statuses":[{"created_at":"Wed Jul 19 03:43:27 +0000 2017","id":887518220059422700,"id_str":"887518220059422720","text":"I'm back in LA!! LA🇺🇸に今日着いたよー！！\nみなさん引き続きGoody-Good Girlたくさん聴いてください🎶🎶🎶\n\nhttps://t.co/0XurHg2QRN","truncated":false,"entities":{"hashtags":[],"symbols":[],"user_mentions":[],"urls":[{"url":"https://t.co/0XurHg2QRN","expanded_url":"https://itunes.apple.com/jp/album/id1255389165?app=itunes&ls=1","display_url":"itunes.apple.com/jp/album/id125…","indices":[71,94]}]},"metadata":{"iso_language_code":"ja","result_type":"recent"},"source":"<a href=\"http://www.echofon.com/\" rel=\"nofollow\">Echofon</a>","in_reply_to_status_id":null,"in_reply_to_status_id_str":null,"in_reply_to_user_id":null,"in_reply_to_user_id_str":null,"in_reply_to_screen_name":null,"user":{"id":216733863,"id_str":"216733863","name":"Shinjiro Atae(AAA)","screen_name":"A_Shinjirooooo","location":"","description":"AAA 與 真司郎 Both English and Japanese are available. ☆ https://t.co/11MlYi01ix","url":"https://t.co/24NM4ljohM","entities":{"url":{"urls":[{"url":"https://t.co/24NM4ljohM","expanded_url":"https://freshlive.tv/shinjiro-atae","display_url":"freshlive.tv/shinjiro-atae","indices":[0,23]}]},"description":{"urls":[{"url":"https://t.co/11MlYi01ix","expanded_url":"https://www.instagram.com/shinjiroatae1126","display_url":"instagram.com/shinjiroatae11…","indices":[53,76]}]}},"protected":false,"followers_count":894311,"friends_count":66,"listed_count":5148,"created_at":"Wed Nov 17 15:30:55 +0000 2010","favourites_count":0,"utc_offset":32400,"time_zone":"Seoul","geo_enabled":true,"verified":true,"statuses_count":5859,"lang":"ja","contributors_enabled":false,"is_translator":false,"is_translation_enabled":true,"profile_background_color":"C0DEED","profile_background_image_url":"http://abs.twimg.com/images/themes/theme1/bg.png","profile_background_image_url_https":"https://abs.twimg.com/images/themes/theme1/bg.png","profile_background_tile":false,"profile_image_url":"http://pbs.twimg.com/profile_images/848336932765483008/PEPk-y37_normal.jpg","profile_image_url_https":"https://pbs.twimg.com/profile_images/848336932765483008/PEPk-y37_normal.jpg","profile_banner_url":"https://pbs.twimg.com/profile_banners/216733863/1491094263","profile_link_color":"1DA1F2","profile_sidebar_border_color":"C0DEED","profile_sidebar_fill_color":"DDEEF6","profile_text_color":"333333","profile_use_background_image":true,"has_extended_profile":false,"default_profile":true,"default_profile_image":false,"following":false,"follow_request_sent":false,"notifications":false,"translator_type":"none"},"geo":null,"coordinates":null,"place":null,"contributors":null,"is_quote_status":false,"retweet_count":771,"favorite_count":5532,"favorited":false,"retweeted":false,"possibly_sensitive":false,"lang":"ja"},{"created_at":"Wed Jul 19 03:41:08 +0000 2017","id":887517638145957900,"id_str":"887517638145957888","text":"こんにちは(°_°)\nこれかっこいい(°_°)\n\nかっこいいね(°_°) https://t.co/algrcrCtO8","truncated":false,"entities":{"hashtags":[],"symbols":[],"user_mentions":[],"urls":[],"media":[{"id":887517632093536300,"id_str":"887517632093536256","indices":[37,60],"media_url":"http://pbs.twimg.com/media/DFEYlYjUwAATPLX.jpg","media_url_https":"https://pbs.twimg.com/media/DFEYlYjUwAATPLX.jpg","url":"https://t.co/algrcrCtO8","display_url":"pic.twitter.com/algrcrCtO8","expanded_url":"https://twitter.com/takasaki_shota/status/887517638145957888/photo/1","type":"photo","sizes":{"medium":{"w":453,"h":640,"resize":"fit"},"thumb":{"w":150,"h":150,"resize":"crop"},"small":{"w":453,"h":640,"resize":"fit"},"large":{"w":453,"h":640,"resize":"fit"}}}]},"extended_entities":{"media":[{"id":887517632093536300,"id_str":"887517632093536256","indices":[37,60],"media_url":"http://pbs.twimg.com/media/DFEYlYjUwAATPLX.jpg","media_url_https":"https://pbs.twimg.com/media/DFEYlYjUwAATPLX.jpg","url":"https://t.co/algrcrCtO8","display_url":"pic.twitter.com/algrcrCtO8","expanded_url":"https://twitter.com/takasaki_shota/status/887517638145957888/photo/1","type":"photo","sizes":{"medium":{"w":453,"h":640,"resize":"fit"},"thumb":{"w":150,"h":150,"resize":"crop"},"small":{"w":453,"h":640,"resize":"fit"},"large":{"w":453,"h":640,"resize":"fit"}}}]},"metadata":{"iso_language_code":"ja","result_type":"recent"},"source":"<a href=\"http://twitter.com/download/iphone\" rel=\"nofollow\">Twitter for iPhone</a>","in_reply_to_status_id":null,"in_reply_to_status_id_str":null,"in_reply_to_user_id":null,"in_reply_to_user_id_str":null,"in_reply_to_screen_name":null,"user":{"id":2291121583,"id_str":"2291121583","name":"高崎翔太","screen_name":"takasaki_shota","location":"出演情報","description":"俳優。トキエンタテインメント所属 。高崎翔太(たかさきしょうた)9月21日生まれ､  7月21日～25日舞台「夢王国と眠れる100人の王子様」リド役､8月朗読劇「私の頭の中の消しゴム9th letter」「心霊呪殺　死返し編」9月『あんさんぶるスターズ！Extra Stage』～Judge of Knights!～","url":"https://t.co/wHSuUvWHnR","entities":{"url":{"urls":[{"url":"https://t.co/wHSuUvWHnR","expanded_url":"http://ch.nicovideo.jp/tokientertainment/blomaga/ar406526","display_url":"ch.nicovideo.jp/tokientertainm…","indices":[0,23]}]},"description":{"urls":[]}},"protected":false,"followers_count":62987,"friends_count":106,"listed_count":3087,"created_at":"Tue Jan 14 12:54:01 +0000 2014","favourites_count":1,"utc_offset":null,"time_zone":null,"geo_enabled":false,"verified":false,"statuses_count":5561,"lang":"ja","contributors_enabled":false,"is_translator":false,"is_translation_enabled":false,"profile_background_color":"C0DEED","profile_background_image_url":"http://abs.twimg.com/images/themes/theme1/bg.png","profile_background_image_url_https":"https://abs.twimg.com/images/themes/theme1/bg.png","profile_background_tile":false,"profile_image_url":"http://pbs.twimg.com/profile_images/876783771227312129/4H7zwOn6_normal.jpg","profile_image_url_https":"https://pbs.twimg.com/profile_images/876783771227312129/4H7zwOn6_normal.jpg","profile_link_color":"1DA1F2","profile_sidebar_border_color":"C0DEED","profile_sidebar_fill_color":"DDEEF6","profile_text_color":"333333","profile_use_background_image":true,"has_extended_profile":true,"default_profile":true,"default_profile_image":false,"following":false,"follow_request_sent":false,"notifications":false,"translator_type":"none"},"geo":null,"coordinates":null,"place":null,"contributors":null,"is_quote_status":false,"retweet_count":926,"favorite_count":1668,"favorited":false,"retweeted":false,"possibly_sensitive":false,"lang":"ja"},{"created_at":"Wed Jul 19 03:32:04 +0000 2017","id":887515354674495500,"id_str":"887515354674495488","text":"「 Misa煎饺 Fanpage 」\n🤭 https://t.co/vUGRKVvfJ4","truncated":false,"entities":{"hashtags":[],"symbols":[],"user_mentions":[],"urls":[],"media":[{"id":887515272847827000,"id_str":"887515272847826944","indices":[21,44],"media_url":"http://pbs.twimg.com/media/DFEWcDrUIAAA60P.jpg","media_url_https":"https://pbs.twimg.com/media/DFEWcDrUIAAA60P.jpg","url":"https://t.co/vUGRKVvfJ4","display_url":"pic.twitter.com/vUGRKVvfJ4","expanded_url":"https://twitter.com/misafighting/status/887515354674495488/photo/1","type":"photo","sizes":{"large":{"w":960,"h":1280,"resize":"fit"},"small":{"w":510,"h":680,"resize":"fit"},"medium":{"w":900,"h":1200,"resize":"fit"},"thumb":{"w":150,"h":150,"resize":"crop"}}}]},"extended_entities":{"media":[{"id":887515272847827000,"id_str":"887515272847826944","indices":[21,44],"media_url":"http://pbs.twimg.com/media/DFEWcDrUIAAA60P.jpg","media_url_https":"https://pbs.twimg.com/media/DFEWcDrUIAAA60P.jpg","url":"https://t.co/vUGRKVvfJ4","display_url":"pic.twitter.com/vUGRKVvfJ4","expanded_url":"https://twitter.com/misafighting/status/887515354674495488/photo/1","type":"photo","sizes":{"large":{"w":960,"h":1280,"resize":"fit"},"small":{"w":510,"h":680,"resize":"fit"},"medium":{"w":900,"h":1200,"resize":"fit"},"thumb":{"w":150,"h":150,"resize":"crop"}}},{"id":887515272847831000,"id_str":"887515272847831040","indices":[21,44],"media_url":"http://pbs.twimg.com/media/DFEWcDrUMAAso6v.jpg","media_url_https":"https://pbs.twimg.com/media/DFEWcDrUMAAso6v.jpg","url":"https://t.co/vUGRKVvfJ4","display_url":"pic.twitter.com/vUGRKVvfJ4","expanded_url":"https://twitter.com/misafighting/status/887515354674495488/photo/1","type":"photo","sizes":{"small":{"w":680,"h":510,"resize":"fit"},"thumb":{"w":150,"h":150,"resize":"crop"},"medium":{"w":1024,"h":768,"resize":"fit"},"large":{"w":1024,"h":768,"resize":"fit"}}},{"id":887515272852127700,"id_str":"887515272852127744","indices":[21,44],"media_url":"http://pbs.twimg.com/media/DFEWcDsVwAArhep.jpg","media_url_https":"https://pbs.twimg.com/media/DFEWcDsVwAArhep.jpg","url":"https://t.co/vUGRKVvfJ4","display_url":"pic.twitter.com/vUGRKVvfJ4","expanded_url":"https://twitter.com/misafighting/status/887515354674495488/photo/1","type":"photo","sizes":{"large":{"w":960,"h":1280,"resize":"fit"},"thumb":{"w":150,"h":150,"resize":"crop"},"small":{"w":510,"h":680,"resize":"fit"},"medium":{"w":900,"h":1200,"resize":"fit"}}},{"id":887515272860450800,"id_str":"887515272860450821","indices":[21,44],"media_url":"http://pbs.twimg.com/media/DFEWcDuUwAU5Mvj.jpg","media_url_https":"https://pbs.twimg.com/media/DFEWcDuUwAU5Mvj.jpg","url":"https://t.co/vUGRKVvfJ4","display_url":"pic.twitter.com/vUGRKVvfJ4","expanded_url":"https://twitter.com/misafighting/status/887515354674495488/photo/1","type":"photo","sizes":{"thumb":{"w":150,"h":150,"resize":"crop"},"large":{"w":1024,"h":768,"resize":"fit"},"small":{"w":680,"h":510,"resize":"fit"},"medium":{"w":1024,"h":768,"resize":"fit"}}}]},"metadata":{"iso_language_code":"ja","result_type":"recent"},"source":"<a href=\"http://twitter.com\" rel=\"nofollow\">Twitter Web Client</a>","in_reply_to_status_id":null,"in_reply_to_status_id_str":null,"in_reply_to_user_id":null,"in_reply_to_user_id_str":null,"in_reply_to_screen_name":null,"user":{"id":819340332370300900,"id_str":"819340332370300928","name":"Misa✿ﾟMoe٩(๑‾ ꇴ ‾๑)۶","screen_name":"misafighting","location":"","description":"「 Misa煎饺 Fanpage 」 This fanpage update photos about Misa ( 一万只煎饺OvQ ) - Chinese Cosplayer. Belong to Misa and runs by fan.  ٩(๑‾ ꇴ ‾๑)۶","url":"https://t.co/yyvqxjS074","entities":{"url":{"urls":[{"url":"https://t.co/yyvqxjS074","expanded_url":"https://www.instagram.com/misafighting/","display_url":"instagram.com/misafighting/","indices":[0,23]}]},"description":{"urls":[]}},"protected":false,"followers_count":96144,"friends_count":127,"listed_count":463,"created_at":"Thu Jan 12 00:28:52 +0000 2017","favourites_count":0,"utc_offset":-25200,"time_zone":"Pacific Time (US & Canada)","geo_enabled":false,"verified":false,"statuses_count":31,"lang":"en","contributors_enabled":false,"is_translator":false,"is_translation_enabled":false,"profile_background_color":"000000","profile_background_image_url":"http://abs.twimg.com/images/themes/theme1/bg.png","profile_background_image_url_https":"https://abs.twimg.com/images/themes/theme1/bg.png","profile_background_tile":false,"profile_image_url":"http://pbs.twimg.com/profile_images/886156298097643520/f9wQaufk_normal.jpg","profile_image_url_https":"https://pbs.twimg.com/profile_images/886156298097643520/f9wQaufk_normal.jpg","profile_banner_url":"https://pbs.twimg.com/profile_banners/819340332370300928/1500110086","profile_link_color":"E81C4F","profile_sidebar_border_color":"000000","profile_sidebar_fill_color":"000000","profile_text_color":"000000","profile_use_background_image":false,"has_extended_profile":true,"default_profile":false,"default_profile_image":false,"following":false,"follow_request_sent":false,"notifications":false,"translator_type":"none"},"geo":null,"coordinates":null,"place":null,"contributors":null,"is_quote_status":false,"retweet_count":654,"favorite_count":2450,"favorited":false,"retweeted":false,"possibly_sensitive":false,"lang":"ja"},{"created_at":"Wed Jul 19 03:31:37 +0000 2017","id":887515243382882300,"id_str":"887515243382882304","text":"チンポ（ﾎﾞﾛﾝ","truncated":false,"entities":{"hashtags":[],"symbols":[],"user_mentions":[],"urls":[]},"metadata":{"iso_language_code":"ja","result_type":"recent"},"source":"<a href=\"http://twittbot.net/\" rel=\"nofollow\">twittbot.net</a>","in_reply_to_status_id":null,"in_reply_to_status_id_str":null,"in_reply_to_user_id":null,"in_reply_to_user_id_str":null,"in_reply_to_screen_name":null,"user":{"id":4754860940,"id_str":"4754860940","name":"5%の確率で性器を露出するドラえもん","screen_name":"5percent_Dorar","location":"","description":"ドラちゃんです。2時間に一回秘密道具を出します。5%の確率で性器を露出します。 アカウントが消されたため修復に少し時間かかります。(7/19.11時復旧)","url":null,"entities":{"description":{"urls":[]}},"protected":false,"followers_count":6406,"friends_count":1,"listed_count":86,"created_at":"Wed Jan 13 21:08:06 +0000 2016","favourites_count":9,"utc_offset":-25200,"time_zone":"Pacific Time (US & Canada)","geo_enabled":false,"verified":false,"statuses_count":5,"lang":"ja","contributors_enabled":false,"is_translator":false,"is_translation_enabled":false,"profile_background_color":"F5F8FA","profile_background_image_url":null,"profile_background_image_url_https":null,"profile_background_tile":false,"profile_image_url":"http://pbs.twimg.com/profile_images/887507924628553728/X3lBMJNE_normal.jpg","profile_image_url_https":"https://pbs.twimg.com/profile_images/887507924628553728/X3lBMJNE_normal.jpg","profile_banner_url":"https://pbs.twimg.com/profile_banners/4754860940/1500433400","profile_link_color":"1DA1F2","profile_sidebar_border_color":"C0DEED","profile_sidebar_fill_color":"DDEEF6","profile_text_color":"333333","profile_use_background_image":true,"has_extended_profile":false,"default_profile":true,"default_profile_image":false,"following":false,"follow_request_sent":false,"notifications":false,"translator_type":"none"},"geo":null,"coordinates":null,"place":null,"contributors":null,"is_quote_status":false,"retweet_count":3389,"favorite_count":1871,"favorited":false,"retweeted":false,"lang":"ja"},{"created_at":"Wed Jul 19 03:31:03 +0000 2017","id":887515098150912000,"id_str":"887515098150912001","text":"8月末までのフレーバーリストです(´・∀・)っ□\n7/18より「チョコレートラズベリートリュフ」が再登場しています！ぜひお試しください☆ https://t.co/3hepPRpgIh","truncated":false,"entities":{"hashtags":[],"symbols":[],"user_mentions":[],"urls":[],"media":[{"id":887507258904502300,"id_str":"887507258904502272","indices":[69,92],"media_url":"http://pbs.twimg.com/media/DFEPJlaVYAAzc7A.png","media_url_https":"https://pbs.twimg.com/media/DFEPJlaVYAAzc7A.png","url":"https://t.co/3hepPRpgIh","display_url":"pic.twitter.com/3hepPRpgIh","expanded_url":"https://twitter.com/BR31_Icecream/status/887515098150912001/photo/1","type":"photo","sizes":{"medium":{"w":1200,"h":850,"resize":"fit"},"large":{"w":1518,"h":1075,"resize":"fit"},"thumb":{"w":150,"h":150,"resize":"crop"},"small":{"w":680,"h":482,"resize":"fit"}}}]},"extended_entities":{"media":[{"id":887507258904502300,"id_str":"887507258904502272","indices":[69,92],"media_url":"http://pbs.twimg.com/media/DFEPJlaVYAAzc7A.png","media_url_https":"https://pbs.twimg.com/media/DFEPJlaVYAAzc7A.png","url":"https://t.co/3hepPRpgIh","display_url":"pic.twitter.com/3hepPRpgIh","expanded_url":"https://twitter.com/BR31_Icecream/status/887515098150912001/photo/1","type":"photo","sizes":{"medium":{"w":1200,"h":850,"resize":"fit"},"large":{"w":1518,"h":1075,"resize":"fit"},"thumb":{"w":150,"h":150,"resize":"crop"},"small":{"w":680,"h":482,"resize":"fit"}}}]},"metadata":{"iso_language_code":"ja","result_type":"recent"},"source":"<a href=\"https://studio.twitter.com\" rel=\"nofollow\">Media Studio</a>","in_reply_to_status_id":null,"in_reply_to_status_id_str":null,"in_reply_to_user_id":null,"in_reply_to_user_id_str":null,"in_reply_to_screen_name":null,"user":{"id":128174500,"id_str":"128174500","name":"サーティワンアイスクリーム","screen_name":"BR31_Icecream","location":"","description":"B-R サーティワン アイスクリーム株式会社の公式アカウントです。新商品やキャンペーン情報等をお届けしています。担当者が通常業務の合間につぶいやいている為、お問い合わせにお答えしきれない事もありますのでご理解ください。 店舗へのご意見については、弊社HP内の「ご意見・お問い合わせ」フォームまでお願いいたします。","url":"https://t.co/QZpb2HQLsb","entities":{"url":{"urls":[{"url":"https://t.co/QZpb2HQLsb","expanded_url":"http://www.31ice.co.jp/","display_url":"31ice.co.jp","indices":[0,23]}]},"description":{"urls":[]}},"protected":false,"followers_count":133625,"friends_count":32,"listed_count":539,"created_at":"Wed Mar 31 09:42:03 +0000 2010","favourites_count":3366,"utc_offset":-25200,"time_zone":"Pacific Time (US & Canada)","geo_enabled":false,"verified":true,"statuses_count":15124,"lang":"ja","contributors_enabled":false,"is_translator":false,"is_translation_enabled":false,"profile_background_color":"000000","profile_background_image_url":"http://abs.twimg.com/images/themes/theme1/bg.png","profile_background_image_url_https":"https://abs.twimg.com/images/themes/theme1/bg.png","profile_background_tile":false,"profile_image_url":"http://pbs.twimg.com/profile_images/722640763365015552/Kkq7kDpb_normal.jpg","profile_image_url_https":"https://pbs.twimg.com/profile_images/722640763365015552/Kkq7kDpb_normal.jpg","profile_link_color":"FF66CC","profile_sidebar_border_color":"000000","profile_sidebar_fill_color":"000000","profile_text_color":"000000","profile_use_background_image":false,"has_extended_profile":false,"default_profile":false,"default_profile_image":false,"following":false,"follow_request_sent":false,"notifications":false,"translator_type":"none"},"geo":null,"coordinates":null,"place":null,"contributors":null,"is_quote_status":false,"retweet_count":993,"favorite_count":1239,"favorited":false,"retweeted":false,"possibly_sensitive":false,"lang":"ja"},{"created_at":"Wed Jul 19 03:30:03 +0000 2017","id":887514848933716000,"id_str":"887514848933715968","text":"えへへ…！ https://t.co/zIbthbVlIr","truncated":false,"entities":{"hashtags":[],"symbols":[],"user_mentions":[],"urls":[],"media":[{"id":887514846131920900,"id_str":"887514846131920897","indices":[6,29],"media_url":"http://pbs.twimg.com/media/DFEWDOCUIAEGdZj.jpg","media_url_https":"https://pbs.twimg.com/media/DFEWDOCUIAEGdZj.jpg","url":"https://t.co/zIbthbVlIr","display_url":"pic.twitter.com/zIbthbVlIr","expanded_url":"https://twitter.com/kirimi_sanrio/status/887514848933715968/photo/1","type":"photo","sizes":{"small":{"w":680,"h":460,"resize":"fit"},"large":{"w":1024,"h":692,"resize":"fit"},"medium":{"w":1024,"h":692,"resize":"fit"},"thumb":{"w":150,"h":150,"resize":"crop"}}}]},"extended_entities":{"media":[{"id":887514846131920900,"id_str":"887514846131920897","indices":[6,29],"media_url":"http://pbs.twimg.com/media/DFEWDOCUIAEGdZj.jpg","media_url_https":"https://pbs.twimg.com/media/DFEWDOCUIAEGdZj.jpg","url":"https://t.co/zIbthbVlIr","display_url":"pic.twitter.com/zIbthbVlIr","expanded_url":"https://twitter.com/kirimi_sanrio/status/887514848933715968/photo/1","type":"photo","sizes":{"small":{"w":680,"h":460,"resize":"fit"},"large":{"w":1024,"h":692,"resize":"fit"},"medium":{"w":1024,"h":692,"resize":"fit"},"thumb":{"w":150,"h":150,"resize":"crop"}}}]},"metadata":{"iso_language_code":"ja","result_type":"recent"},"source":"<a href=\"http://engagemanager.tribalmedia.co.jp/\" rel=\"nofollow\">EngageManager</a>","in_reply_to_status_id":null,"in_reply_to_status_id_str":null,"in_reply_to_user_id":null,"in_reply_to_user_id_str":null,"in_reply_to_screen_name":null,"user":{"id":2278796744,"id_str":"2278796744","name":"KIRIMIちゃん.【公式】","screen_name":"kirimi_sanrio","location":"切り身界とシャケルゼア","description":"わたし、シャケのきりみちゃん。良かったらフォローしてね…！ラブ・サーモン！ きりみの歌が聞けるよ♪→ http://t.co/mQdIuDAgfu キャラページ→ http://t.co/q19jzzZePY サンリオのソーシャルメディアポリシー→http://t.co/zmngDXVI6F","url":"http://t.co/q19jzzZePY","entities":{"url":{"urls":[{"url":"http://t.co/q19jzzZePY","expanded_url":"http://www.sanrio.co.jp/character/kirimichan/","display_url":"sanrio.co.jp/character/kiri…","indices":[0,22]}]},"description":{"urls":[{"url":"http://t.co/mQdIuDAgfu","expanded_url":"http://www.youtube.com/watch?v=UpDvhKznRKg&feature=youtu.be","display_url":"youtube.com/watch?v=UpDvhK…","indices":[51,73]},{"url":"http://t.co/q19jzzZePY","expanded_url":"http://www.sanrio.co.jp/character/kirimichan/","display_url":"sanrio.co.jp/character/kiri…","indices":[82,104]},{"url":"http://t.co/zmngDXVI6F","expanded_url":"http://www.sanrio.co.jp/social/policy/","display_url":"sanrio.co.jp/social/policy/","indices":[124,146]}]}},"protected":false,"followers_count":282765,"friends_count":17,"listed_count":3120,"created_at":"Mon Jan 06 08:46:49 +0000 2014","favourites_count":8,"utc_offset":32400,"time_zone":"Tokyo","geo_enabled":false,"verified":true,"statuses_count":2001,"lang":"ja","contributors_enabled":false,"is_translator":false,"is_translation_enabled":false,"profile_background_color":"C0DEED","profile_background_image_url":"http://pbs.twimg.com/profile_background_images/378800000168401053/iztk62Wc.png","profile_background_image_url_https":"https://pbs.twimg.com/profile_background_images/378800000168401053/iztk62Wc.png","profile_background_tile":true,"profile_image_url":"http://pbs.twimg.com/profile_images/875513696637788160/h485rLV__normal.jpg","profile_image_url_https":"https://pbs.twimg.com/profile_images/875513696637788160/h485rLV__normal.jpg","profile_banner_url":"https://pbs.twimg.com/profile_banners/2278796744/1495510689","profile_link_color":"FAB81E","profile_sidebar_border_color":"FFFFFF","profile_sidebar_fill_color":"DDEEF6","profile_text_color":"333333","profile_use_background_image":true,"has_extended_profile":true,"default_profile":false,"default_profile_image":false,"following":false,"follow_request_sent":false,"notifications":false,"translator_type":"none"},"geo":null,"coordinates":null,"place":null,"contributors":null,"is_quote_status":false,"retweet_count":912,"favorite_count":1780,"favorited":false,"retweeted":false,"possibly_sensitive":false,"lang":"ja"},{"created_at":"Wed Jul 19 03:25:48 +0000 2017","id":887513777821818900,"id_str":"887513777821818880","text":"愛を込めて💓\n・\n#伊藤千晃\n#おめでとうございます 💓\n#c_tiveから愛を込めて\n#❤️ https://t.co/K4crd9NbvC","truncated":false,"entities":{"hashtags":[{"text":"伊藤千晃","indices":[9,14]},{"text":"おめでとうございます","indices":[15,26]},{"text":"c_tiveから愛を込めて","indices":[29,43]}],"symbols":[],"user_mentions":[],"urls":[],"media":[{"id":887513765570166800,"id_str":"887513765570166784","indices":[48,71],"media_url":"http://pbs.twimg.com/media/DFEVEUoUQAAszpg.jpg","media_url_https":"https://pbs.twimg.com/media/DFEVEUoUQAAszpg.jpg","url":"https://t.co/K4crd9NbvC","display_url":"pic.twitter.com/K4crd9NbvC","expanded_url":"https://twitter.com/Charming_Kiss/status/887513777821818880/photo/1","type":"photo","sizes":{"small":{"w":680,"h":680,"resize":"fit"},"medium":{"w":1200,"h":1200,"resize":"fit"},"thumb":{"w":150,"h":150,"resize":"crop"},"large":{"w":2048,"h":2048,"resize":"fit"}}}]},"extended_entities":{"media":[{"id":887513765570166800,"id_str":"887513765570166784","indices":[48,71],"media_url":"http://pbs.twimg.com/media/DFEVEUoUQAAszpg.jpg","media_url_https":"https://pbs.twimg.com/media/DFEVEUoUQAAszpg.jpg","url":"https://t.co/K4crd9NbvC","display_url":"pic.twitter.com/K4crd9NbvC","expanded_url":"https://twitter.com/Charming_Kiss/status/887513777821818880/photo/1","type":"photo","sizes":{"small":{"w":680,"h":680,"resize":"fit"},"medium":{"w":1200,"h":1200,"resize":"fit"},"thumb":{"w":150,"h":150,"resize":"crop"},"large":{"w":2048,"h":2048,"resize":"fit"}}}]},"metadata":{"iso_language_code":"ja","result_type":"recent"},"source":"<a href=\"http://twitter.com/download/iphone\" rel=\"nofollow\">Twitter for iPhone</a>","in_reply_to_status_id":null,"in_reply_to_status_id_str":null,"in_reply_to_user_id":null,"in_reply_to_user_id_str":null,"in_reply_to_screen_name":null,"user":{"id":1443211933,"id_str":"1443211933","name":"C-TIVE","screen_name":"Charming_Kiss","location":"","description":"伊藤千晃プロデュース×イガリシノブ監修のメイクブランドC-TIVE（シーティブ）公式アカウント。商品情報やイベント情報などをお届けします。理想のキレイはあなたの中に。","url":"https://t.co/wio65oIgDF","entities":{"url":{"urls":[{"url":"https://t.co/wio65oIgDF","expanded_url":"http://koji-honpo.co.jp/c-tive/","display_url":"koji-honpo.co.jp/c-tive/","indices":[0,23]}]},"description":{"urls":[]}},"protected":false,"followers_count":72761,"friends_count":9,"listed_count":297,"created_at":"Mon May 20 08:22:49 +0000 2013","favourites_count":123,"utc_offset":28800,"time_zone":"Irkutsk","geo_enabled":true,"verified":false,"statuses_count":18139,"lang":"ja","contributors_enabled":false,"is_translator":false,"is_translation_enabled":false,"profile_background_color":"FF6699","profile_background_image_url":"http://abs.twimg.com/images/themes/theme11/bg.gif","profile_background_image_url_https":"https://abs.twimg.com/images/themes/theme11/bg.gif","profile_background_tile":true,"profile_image_url":"http://pbs.twimg.com/profile_images/754873941521420288/OP4E7x_c_normal.jpg","profile_image_url_https":"https://pbs.twimg.com/profile_images/754873941521420288/OP4E7x_c_normal.jpg","profile_banner_url":"https://pbs.twimg.com/profile_banners/1443211933/1488935209","profile_link_color":"B40B43","profile_sidebar_border_color":"CC3366","profile_sidebar_fill_color":"E5507E","profile_text_color":"362720","profile_use_background_image":true,"has_extended_profile":false,"default_profile":false,"default_profile_image":false,"following":false,"follow_request_sent":false,"notifications":false,"translator_type":"none"},"geo":null,"coordinates":null,"place":null,"contributors":null,"is_quote_status":false,"retweet_count":968,"favorite_count":3185,"favorited":false,"retweeted":false,"possibly_sensitive":false,"lang":"ja"},{"created_at":"Wed Jul 19 03:25:48 +0000 2017","id":887513775984832500,"id_str":"887513775984832515","text":"【アイナナ一番くじ】「一番くじ アイドリッシュセブン～MECHANICAL LULLABY～」スチームパンクの様な世界観に注目！11月発売の新一番くじはロボットドール達の暮らす世界が舞台！… https://t.co/SznnitroQv","truncated":true,"entities":{"hashtags":[],"symbols":[],"user_mentions":[],"urls":[{"url":"https://t.co/SznnitroQv","expanded_url":"https://twitter.com/i/web/status/887513775984832515","display_url":"twitter.com/i/web/status/8…","indices":[96,119]}]},"metadata":{"iso_language_code":"ja","result_type":"recent"},"source":"<a href=\"http://bufferapp.com\" rel=\"nofollow\">Buffer</a>","in_reply_to_status_id":null,"in_reply_to_status_id_str":null,"in_reply_to_user_id":null,"in_reply_to_user_id_str":null,"in_reply_to_screen_name":null,"user":{"id":4198374673,"id_str":"4198374673","name":"アイドリッシュセブン情報攻略まとめ","screen_name":"inana7fan","location":"","description":"IDOLiSH7（アイナナ）の最新グッズやイベント、ゲームプレイに役立つ情報を随時更新します※ツイートに関して個人返信が追いつかない可能性がございます。※こちらは非公式アカウントです","url":"https://t.co/da1douVqI2","entities":{"url":{"urls":[{"url":"https://t.co/da1douVqI2","expanded_url":"http://xn--bckbg6ma0e5k.com/","display_url":"アイナナファン.com","indices":[0,23]}]},"description":{"urls":[]}},"protected":false,"followers_count":39654,"friends_count":5887,"listed_count":471,"created_at":"Wed Nov 11 06:03:26 +0000 2015","favourites_count":0,"utc_offset":-25200,"time_zone":"Pacific Time (US & Canada)","geo_enabled":false,"verified":false,"statuses_count":1253,"lang":"ja","contributors_enabled":false,"is_translator":false,"is_translation_enabled":false,"profile_background_color":"131516","profile_background_image_url":"http://pbs.twimg.com/profile_background_images/664341915698008064/s7X-VWb1.jpg","profile_background_image_url_https":"https://pbs.twimg.com/profile_background_images/664341915698008064/s7X-VWb1.jpg","profile_background_tile":true,"profile_image_url":"http://pbs.twimg.com/profile_images/875640778491441153/lwzCp_eX_normal.jpg","profile_image_url_https":"https://pbs.twimg.com/profile_images/875640778491441153/lwzCp_eX_normal.jpg","profile_banner_url":"https://pbs.twimg.com/profile_banners/4198374673/1491451474","profile_link_color":"3B94D9","profile_sidebar_border_color":"000000","profile_sidebar_fill_color":"000000","profile_text_color":"000000","profile_use_background_image":true,"has_extended_profile":false,"default_profile":false,"default_profile_image":false,"following":false,"follow_request_sent":false,"notifications":false,"translator_type":"none"},"geo":null,"coordinates":null,"place":null,"contributors":null,"is_quote_status":false,"retweet_count":956,"favorite_count":905,"favorited":false,"retweeted":false,"possibly_sensitive":false,"lang":"ja"},{"created_at":"Wed Jul 19 03:22:53 +0000 2017","id":887513044112232400,"id_str":"887513044112232448","text":"で、でた〜ｗｗｗｗｗｗｗｗｗｗｗｗｗｗｗ5%の確率で凍結され奴〜ｗｗｗｗｗｗｗｗｗｗｗｗｗｗｗｗｗｗｗｗｗｗｗｗｗｗｗ https://t.co/SvoerkiAj8","truncated":false,"entities":{"hashtags":[],"symbols":[],"user_mentions":[],"urls":[],"media":[{"id":887513035719401500,"id_str":"887513035719401472","indices":[60,83],"media_url":"http://pbs.twimg.com/media/DFEUZ1uVYAAl0zX.jpg","media_url_https":"https://pbs.twimg.com/media/DFEUZ1uVYAAl0zX.jpg","url":"https://t.co/SvoerkiAj8","display_url":"pic.twitter.com/SvoerkiAj8","expanded_url":"https://twitter.com/de_detaawwwww/status/887513044112232448/photo/1","type":"photo","sizes":{"large":{"w":640,"h":746,"resize":"fit"},"small":{"w":583,"h":680,"resize":"fit"},"thumb":{"w":150,"h":150,"resize":"crop"},"medium":{"w":640,"h":746,"resize":"fit"}}}]},"extended_entities":{"media":[{"id":887513035719401500,"id_str":"887513035719401472","indices":[60,83],"media_url":"http://pbs.twimg.com/media/DFEUZ1uVYAAl0zX.jpg","media_url_https":"https://pbs.twimg.com/media/DFEUZ1uVYAAl0zX.jpg","url":"https://t.co/SvoerkiAj8","display_url":"pic.twitter.com/SvoerkiAj8","expanded_url":"https://twitter.com/de_detaawwwww/status/887513044112232448/photo/1","type":"photo","sizes":{"large":{"w":640,"h":746,"resize":"fit"},"small":{"w":583,"h":680,"resize":"fit"},"thumb":{"w":150,"h":150,"resize":"crop"},"medium":{"w":640,"h":746,"resize":"fit"}}}]},"metadata":{"iso_language_code":"ja","result_type":"recent"},"source":"<a href=\"http://twitter.com/download/iphone\" rel=\"nofollow\">Twitter for iPhone</a>","in_reply_to_status_id":null,"in_reply_to_status_id_str":null,"in_reply_to_user_id":null,"in_reply_to_user_id_str":null,"in_reply_to_screen_name":null,"user":{"id":595383148,"id_str":"595383148","name":"奴bot","screen_name":"de_detaawwwww","location":"本物です","description":"生活はできそう それはまだ (LINEスタンプ→https://t.co/MfWaUKkmJN) (その他→https://t.co/qYZx8LNf8J) こちらもどうぞ→@chihara_lyrics","url":"https://t.co/MnDZDKXSQl","entities":{"url":{"urls":[{"url":"https://t.co/MnDZDKXSQl","expanded_url":"http://twpf.jp/de_detaawwwww","display_url":"twpf.jp/de_detaawwwww","indices":[0,23]}]},"description":{"urls":[{"url":"https://t.co/MfWaUKkmJN","expanded_url":"http://line.me/S/sticker/1208244","display_url":"line.me/S/sticker/1208…","indices":[24,47]},{"url":"https://t.co/qYZx8LNf8J","expanded_url":"http://suzuri.jp/Yakko_Nakano","display_url":"suzuri.jp/Yakko_Nakano","indices":[54,77]}]}},"protected":false,"followers_count":444701,"friends_count":41737,"listed_count":2895,"created_at":"Thu May 31 10:43:02 +0000 2012","favourites_count":0,"utc_offset":28800,"time_zone":"Irkutsk","geo_enabled":false,"verified":false,"statuses_count":49247,"lang":"ja","contributors_enabled":false,"is_translator":false,"is_translation_enabled":false,"profile_background_color":"C0DEED","profile_background_image_url":"http://pbs.twimg.com/profile_background_images/566655568/wcgegrvo1od9huthxn93.jpeg","profile_background_image_url_https":"https://pbs.twimg.com/profile_background_images/566655568/wcgegrvo1od9huthxn93.jpeg","profile_background_tile":true,"profile_image_url":"http://pbs.twimg.com/profile_images/886391808481083392/WmEou3Ur_normal.jpg","profile_image_url_https":"https://pbs.twimg.com/profile_images/886391808481083392/WmEou3Ur_normal.jpg","profile_banner_url":"https://pbs.twimg.com/profile_banners/595383148/1490372269","profile_link_color":"0084B4","profile_sidebar_border_color":"C0DEED","profile_sidebar_fill_color":"DDEEF6","profile_text_color":"333333","profile_use_background_image":true,"has_extended_profile":false,"default_profile":false,"default_profile_image":false,"following":false,"follow_request_sent":false,"notifications":false,"translator_type":"none"},"geo":null,"coordinates":null,"place":null,"contributors":null,"is_quote_status":false,"retweet_count":1441,"favorite_count":2129,"favorited":false,"retweeted":false,"possibly_sensitive":false,"lang":"ja"},{"created_at":"Wed Jul 19 03:22:46 +0000 2017","id":887513015813161000,"id_str":"887513015813160960","text":"★7/19 メンテナンスのお知らせ★\nイベント配信のため、本日14:00～16:00メンテナンスを行わせて頂きます。大変ご迷惑をお掛け致しますが、ご協力の程宜しくお願いいたします。※メンテナンス時間は前後する場合がございます。","truncated":false,"entities":{"hashtags":[],"symbols":[],"user_mentions":[],"urls":[]},"metadata":{"iso_language_code":"ja","result_type":"recent"},"source":"<a href=\"http://twitter.com/download/android\" rel=\"nofollow\">Twitter for Android</a>","in_reply_to_status_id":null,"in_reply_to_status_id_str":null,"in_reply_to_user_id":null,"in_reply_to_user_id_str":null,"in_reply_to_screen_name":null,"user":{"id":768448988626333700,"id_str":"768448988626333697","name":"【公式】A3!（エースリー）","screen_name":"mankai_company","location":"","description":"１月２７日（金）配信スタート！イケメン役者育成アプリ『A3!』公式Twitterアカウントです。 ハッシュタグは #エースリー アプリに関するお問合せは、アプリ内「サポート」または公式HP内のお問合せフォームよりお願いいたします。","url":"https://t.co/BVvtqOsoYc","entities":{"url":{"urls":[{"url":"https://t.co/BVvtqOsoYc","expanded_url":"http://www.a3-liber.jp/","display_url":"a3-liber.jp","indices":[0,23]}]},"description":{"urls":[]}},"protected":false,"followers_count":303874,"friends_count":54,"listed_count":2708,"created_at":"Wed Aug 24 14:04:50 +0000 2016","favourites_count":0,"utc_offset":-25200,"time_zone":"Pacific Time (US & Canada)","geo_enabled":false,"verified":true,"statuses_count":810,"lang":"ja","contributors_enabled":false,"is_translator":false,"is_translation_enabled":false,"profile_background_color":"000000","profile_background_image_url":"http://abs.twimg.com/images/themes/theme1/bg.png","profile_background_image_url_https":"https://abs.twimg.com/images/themes/theme1/bg.png","profile_background_tile":false,"profile_image_url":"http://pbs.twimg.com/profile_images/848187532135153664/VeXZsEYh_normal.jpg","profile_image_url_https":"https://pbs.twimg.com/profile_images/848187532135153664/VeXZsEYh_normal.jpg","profile_banner_url":"https://pbs.twimg.com/profile_banners/768448988626333697/1476954146","profile_link_color":"1B95E0","profile_sidebar_border_color":"000000","profile_sidebar_fill_color":"000000","profile_text_color":"000000","profile_use_background_image":false,"has_extended_profile":false,"default_profile":false,"default_profile_image":false,"following":false,"follow_request_sent":false,"notifications":false,"translator_type":"none"},"geo":null,"coordinates":null,"place":null,"contributors":null,"is_quote_status":false,"retweet_count":782,"favorite_count":1817,"favorited":false,"retweeted":false,"lang":"ja"},{"created_at":"Wed Jul 19 03:18:50 +0000 2017","id":887512022597869600,"id_str":"887512022597869569","text":"【更新】サンリオコラボグッズの続報です！ 各グッズの詳細をご紹介♪\nセーラームーンに扮したマイメロディがセーラームーンと並んだ\"ゆめかわいい\"デザインをメインに、ルナやリボンなどのモチーフをふんだんに使ったシリーズとなっています。… https://t.co/wdoujbhJ0C","truncated":true,"entities":{"hashtags":[],"symbols":[],"user_mentions":[],"urls":[{"url":"https://t.co/wdoujbhJ0C","expanded_url":"https://twitter.com/i/web/status/887512022597869569","display_url":"twitter.com/i/web/status/8…","indices":[117,140]}]},"metadata":{"iso_language_code":"ja","result_type":"recent"},"source":"<a href=\"http://twitter.com/download/iphone\" rel=\"nofollow\">Twitter for iPhone</a>","in_reply_to_status_id":null,"in_reply_to_status_id_str":null,"in_reply_to_user_id":null,"in_reply_to_user_id_str":null,"in_reply_to_screen_name":null,"user":{"id":1482568380,"id_str":"1482568380","name":"セーラームーン25th公式","screen_name":"sailormoon_25th","location":"","description":"『美少女戦士セーラームーン』25周年記念プロジェクトの最新情報をお届けする公式ツイッターです。コミックス完全版 好評発売中、グッズも続々新登場！新作アニメBlu-ray&DVD好評発売中！25周年記念クラシックコンサート8/2(水)3(木)開催！https://t.co/2UJl1rsCNW","url":"https://t.co/29UiQJvPZS","entities":{"url":{"urls":[{"url":"https://t.co/29UiQJvPZS","expanded_url":"http://sailormoon-official.com","display_url":"sailormoon-official.com","indices":[0,23]}]},"description":{"urls":[{"url":"https://t.co/2UJl1rsCNW","expanded_url":"http://sailormoon-classic.com","display_url":"sailormoon-classic.com","indices":[123,146]}]}},"protected":false,"followers_count":224297,"friends_count":165,"listed_count":2395,"created_at":"Tue Jun 04 15:44:42 +0000 2013","favourites_count":159,"utc_offset":-25200,"time_zone":"Pacific Time (US & Canada)","geo_enabled":true,"verified":false,"statuses_count":4899,"lang":"ja","contributors_enabled":false,"is_translator":false,"is_translation_enabled":false,"profile_background_color":"FFCCCC","profile_background_image_url":"http://abs.twimg.com/images/themes/theme1/bg.png","profile_background_image_url_https":"https://abs.twimg.com/images/themes/theme1/bg.png","profile_background_tile":false,"profile_image_url":"http://pbs.twimg.com/profile_images/3780274998/e279bc6d8770eff17b214c893cda134f_normal.jpeg","profile_image_url_https":"https://pbs.twimg.com/profile_images/3780274998/e279bc6d8770eff17b214c893cda134f_normal.jpeg","profile_banner_url":"https://pbs.twimg.com/profile_banners/1482568380/1386319399","profile_link_color":"0084B4","profile_sidebar_border_color":"FFFFFF","profile_sidebar_fill_color":"DDEEF6","profile_text_color":"333333","profile_use_background_image":false,"has_extended_profile":false,"default_profile":false,"default_profile_image":false,"following":false,"follow_request_sent":false,"notifications":false,"translator_type":"none"},"geo":null,"coordinates":null,"place":null,"contributors":null,"is_quote_status":false,"retweet_count":642,"favorite_count":1079,"favorited":false,"retweeted":false,"possibly_sensitive":false,"lang":"ja"},{"created_at":"Wed Jul 19 03:16:29 +0000 2017","id":887511433650389000,"id_str":"887511433650388992","text":"中国におけるウルトラマンキャラクターを利用した無許諾映像作品の製作発表について https://t.co/9b59jLD87g","truncated":false,"entities":{"hashtags":[],"symbols":[],"user_mentions":[],"urls":[{"url":"https://t.co/9b59jLD87g","expanded_url":"http://m-78.jp/news/n-4899/","display_url":"m-78.jp/news/n-4899/","indices":[40,63]}]},"metadata":{"iso_language_code":"ja","result_type":"recent"},"source":"<a href=\"http://m-78.jp/\" rel=\"nofollow\">円谷ステーション / TSUBURAYA STATION</a>","in_reply_to_status_id":null,"in_reply_to_status_id_str":null,"in_reply_to_user_id":null,"in_reply_to_user_id_str":null,"in_reply_to_screen_name":null,"user":{"id":52341917,"id_str":"52341917","name":"円谷プロダクション","screen_name":"tsuburayaprod","location":"","description":"円谷プロ公式アカウント。ウルトラマンの最新情報をいち早くお届けします。  \n\nウルトラマンの動画はこちら→ https://t.co/8xlrteN08E","url":"https://t.co/PW8QPbLFFQ","entities":{"url":{"urls":[{"url":"https://t.co/PW8QPbLFFQ","expanded_url":"http://m-78.jp/social/","display_url":"m-78.jp/social/","indices":[0,23]}]},"description":{"urls":[{"url":"https://t.co/8xlrteN08E","expanded_url":"http://m-78.jp/ultrach/","display_url":"m-78.jp/ultrach/","indices":[54,77]}]}},"protected":false,"followers_count":50287,"friends_count":95,"listed_count":1288,"created_at":"Tue Jun 30 08:16:39 +0000 2009","favourites_count":0,"utc_offset":32400,"time_zone":"Tokyo","geo_enabled":false,"verified":true,"statuses_count":12336,"lang":"ja","contributors_enabled":false,"is_translator":false,"is_translation_enabled":false,"profile_background_color":"F5F8FA","profile_background_image_url":"http://pbs.twimg.com/profile_background_images/20644463/tsuburaya2.jpg","profile_background_image_url_https":"https://pbs.twimg.com/profile_background_images/20644463/tsuburaya2.jpg","profile_background_tile":false,"profile_image_url":"http://pbs.twimg.com/profile_images/1890467805/photo_normal.jpg","profile_image_url_https":"https://pbs.twimg.com/profile_images/1890467805/photo_normal.jpg","profile_banner_url":"https://pbs.twimg.com/profile_banners/52341917/1499653954","profile_link_color":"FFAA00","profile_sidebar_border_color":"FF0000","profile_sidebar_fill_color":"307CFF","profile_text_color":"252163","profile_use_background_image":false,"has_extended_profile":false,"default_profile":false,"default_profile_image":false,"following":false,"follow_request_sent":false,"notifications":false,"translator_type":"none"},"geo":null,"coordinates":null,"place":null,"contributors":null,"is_quote_status":false,"retweet_count":1079,"favorite_count":540,"favorited":false,"retweeted":false,"possibly_sensitive":false,"lang":"ja"},{"created_at":"Wed Jul 19 03:13:13 +0000 2017","id":887510612753895400,"id_str":"887510612753895426","text":"レイド踏破にかかった日数\n侵攻編19日\n真成編 5日 \n起動編34日\n律動編22日\n天動編2日\nオメガ16時間←NEW","truncated":false,"entities":{"hashtags":[],"symbols":[],"user_mentions":[],"urls":[]},"metadata":{"iso_language_code":"ja","result_type":"recent"},"source":"<a href=\"http://twitter.com\" rel=\"nofollow\">Twitter Web Client</a>","in_reply_to_status_id":null,"in_reply_to_status_id_str":null,"in_reply_to_user_id":null,"in_reply_to_user_id_str":null,"in_reply_to_screen_name":null,"user":{"id":3486917534,"id_str":"3486917534","name":"Gomi","screen_name":"ff14gomiaa","location":"連絡用","description":"PUBG/FF14/ Gomi Aa / Di ta /Chocobo https://t.co/LStXSRb6KT　 https://t.co/nWB4aIRccd","url":null,"entities":{"description":{"urls":[{"url":"https://t.co/LStXSRb6KT","expanded_url":"http://jp.finalfantasyxiv.com/lodestone/character/5413204/","display_url":"jp.finalfantasyxiv.com/lodestone/char…","indices":[36,59]},{"url":"https://t.co/nWB4aIRccd","expanded_url":"http://jp.finalfantasyxiv.com/lodestone/character/9228003/","display_url":"jp.finalfantasyxiv.com/lodestone/char…","indices":[61,84]}]}},"protected":false,"followers_count":32,"friends_count":34,"listed_count":0,"created_at":"Mon Sep 07 23:38:10 +0000 2015","favourites_count":46,"utc_offset":-25200,"time_zone":"Pacific Time (US & Canada)","geo_enabled":false,"verified":false,"statuses_count":1083,"lang":"ja","contributors_enabled":false,"is_translator":false,"is_translation_enabled":false,"profile_background_color":"000000","profile_background_image_url":"http://abs.twimg.com/images/themes/theme1/bg.png","profile_background_image_url_https":"https://abs.twimg.com/images/themes/theme1/bg.png","profile_background_tile":false,"profile_image_url":"http://pbs.twimg.com/profile_images/875392815626297344/ZiIRAw6Q_normal.jpg","profile_image_url_https":"https://pbs.twimg.com/profile_images/875392815626297344/ZiIRAw6Q_normal.jpg","profile_link_color":"000000","profile_sidebar_border_color":"000000","profile_sidebar_fill_color":"000000","profile_text_color":"000000","profile_use_background_image":false,"has_extended_profile":false,"default_profile":false,"default_profile_image":false,"following":false,"follow_request_sent":false,"notifications":false,"translator_type":"none"},"geo":null,"coordinates":null,"place":null,"contributors":null,"is_quote_status":false,"retweet_count":972,"favorite_count":216,"favorited":false,"retweeted":false,"lang":"ja"},{"created_at":"Wed Jul 19 03:12:55 +0000 2017","id":887510534500663300,"id_str":"887510534500663296","text":"【企画進行中】　\n『一番くじ アイドリッシュセブン～MECHANICAL LULLABY～』　\n11月発売の一番くじは、ロボットドール達の暮らす世界が舞台。衣裳と背景設定を一部公開。続報をお楽しみに！ #アイナナ https://t.co/JYkDL47gph","truncated":false,"entities":{"hashtags":[{"text":"アイナナ","indices":[101,106]}],"symbols":[],"user_mentions":[],"urls":[],"media":[{"id":887510521938706400,"id_str":"887510521938706432","indices":[107,130],"media_url":"http://pbs.twimg.com/media/DFESHhKUAAAEpj3.jpg","media_url_https":"https://pbs.twimg.com/media/DFESHhKUAAAEpj3.jpg","url":"https://t.co/JYkDL47gph","display_url":"pic.twitter.com/JYkDL47gph","expanded_url":"https://twitter.com/ichibanKUJI/status/887510534500663296/photo/1","type":"photo","sizes":{"medium":{"w":800,"h":600,"resize":"fit"},"small":{"w":680,"h":510,"resize":"fit"},"thumb":{"w":150,"h":150,"resize":"crop"},"large":{"w":800,"h":600,"resize":"fit"}}}]},"extended_entities":{"media":[{"id":887510521938706400,"id_str":"887510521938706432","indices":[107,130],"media_url":"http://pbs.twimg.com/media/DFESHhKUAAAEpj3.jpg","media_url_https":"https://pbs.twimg.com/media/DFESHhKUAAAEpj3.jpg","url":"https://t.co/JYkDL47gph","display_url":"pic.twitter.com/JYkDL47gph","expanded_url":"https://twitter.com/ichibanKUJI/status/887510534500663296/photo/1","type":"photo","sizes":{"medium":{"w":800,"h":600,"resize":"fit"},"small":{"w":680,"h":510,"resize":"fit"},"thumb":{"w":150,"h":150,"resize":"crop"},"large":{"w":800,"h":600,"resize":"fit"}}},{"id":887510531929546800,"id_str":"887510531929546752","indices":[107,130],"media_url":"http://pbs.twimg.com/media/DFESIGYUIAA9x_F.jpg","media_url_https":"https://pbs.twimg.com/media/DFESIGYUIAA9x_F.jpg","url":"https://t.co/JYkDL47gph","display_url":"pic.twitter.com/JYkDL47gph","expanded_url":"https://twitter.com/ichibanKUJI/status/887510534500663296/photo/1","type":"photo","sizes":{"medium":{"w":800,"h":600,"resize":"fit"},"small":{"w":680,"h":510,"resize":"fit"},"thumb":{"w":150,"h":150,"resize":"crop"},"large":{"w":800,"h":600,"resize":"fit"}}}]},"metadata":{"iso_language_code":"ja","result_type":"recent"},"source":"<a href=\"http://bpnavi.jp/\" rel=\"nofollow\">Banpresto Tweet Tool</a>","in_reply_to_status_id":null,"in_reply_to_status_id_str":null,"in_reply_to_user_id":null,"in_reply_to_user_id_str":null,"in_reply_to_screen_name":null,"user":{"id":91081573,"id_str":"91081573","name":"一番くじ","screen_name":"ichibanKUJI","location":"","description":"「一番くじ」の公式Twitterアカウントです。新商品情報やキャンペーン情報をお届けします！\nなお、個別のお問い合わせには対応しておりません。 Instagram⇒https://t.co/3wVhZITIMv","url":"http://t.co/leKFMK5Cqm","entities":{"url":{"urls":[{"url":"http://t.co/leKFMK5Cqm","expanded_url":"http://www.bpnavi.jp/kuji/","display_url":"bpnavi.jp/kuji/","indices":[0,22]}]},"description":{"urls":[{"url":"https://t.co/3wVhZITIMv","expanded_url":"https://www.instagram.com/ichibankuji/","display_url":"instagram.com/ichibankuji/","indices":[82,105]}]}},"protected":false,"followers_count":466039,"friends_count":12,"listed_count":4803,"created_at":"Thu Nov 19 11:03:10 +0000 2009","favourites_count":0,"utc_offset":32400,"time_zone":"Tokyo","geo_enabled":false,"verified":false,"statuses_count":10080,"lang":"ja","contributors_enabled":false,"is_translator":false,"is_translation_enabled":false,"profile_background_color":"F5030F","profile_background_image_url":"http://abs.twimg.com/images/themes/theme1/bg.png","profile_background_image_url_https":"https://abs.twimg.com/images/themes/theme1/bg.png","profile_background_tile":false,"profile_image_url":"http://pbs.twimg.com/profile_images/701926865154416640/kEH2dOrQ_normal.jpg","profile_image_url_https":"https://pbs.twimg.com/profile_images/701926865154416640/kEH2dOrQ_normal.jpg","profile_link_color":"F5030F","profile_sidebar_border_color":"F5030F","profile_sidebar_fill_color":"FFFFFF","profile_text_color":"575057","profile_use_background_image":false,"has_extended_profile":false,"default_profile":false,"default_profile_image":false,"following":false,"follow_request_sent":false,"notifications":false,"translator_type":"none"},"geo":null,"coordinates":null,"place":null,"contributors":null,"is_quote_status":false,"retweet_count":5285,"favorite_count":4798,"favorited":false,"retweeted":false,"possibly_sensitive":false,"lang":"ja"},{"created_at":"Wed Jul 19 03:11:22 +0000 2017","id":887510146758320100,"id_str":"887510146758320128","text":"「メインストーリー第15話」を\n追加いたしました😀\n\n◆第15話 開放条件🎸\n・プレイヤーランク31以上\n・メインストーリー第14話開放済み\n※詳細はアプリ内のお知らせをご確認ください。\n#バンドリ #ガルパ https://t.co/LpXNxMUNAQ","truncated":false,"entities":{"hashtags":[{"text":"バンドリ","indices":[94,99]},{"text":"ガルパ","indices":[100,104]}],"symbols":[],"user_mentions":[],"urls":[],"media":[{"id":887510107998658600,"id_str":"887510107998658560","indices":[105,128],"media_url":"http://pbs.twimg.com/media/DFERvbHUIAAIQwm.jpg","media_url_https":"https://pbs.twimg.com/media/DFERvbHUIAAIQwm.jpg","url":"https://t.co/LpXNxMUNAQ","display_url":"pic.twitter.com/LpXNxMUNAQ","expanded_url":"https://twitter.com/bang_dream_gbp/status/887510146758320128/photo/1","type":"photo","sizes":{"large":{"w":900,"h":508,"resize":"fit"},"thumb":{"w":150,"h":150,"resize":"crop"},"small":{"w":680,"h":384,"resize":"fit"},"medium":{"w":900,"h":508,"resize":"fit"}}}]},"extended_entities":{"media":[{"id":887510107998658600,"id_str":"887510107998658560","indices":[105,128],"media_url":"http://pbs.twimg.com/media/DFERvbHUIAAIQwm.jpg","media_url_https":"https://pbs.twimg.com/media/DFERvbHUIAAIQwm.jpg","url":"https://t.co/LpXNxMUNAQ","display_url":"pic.twitter.com/LpXNxMUNAQ","expanded_url":"https://twitter.com/bang_dream_gbp/status/887510146758320128/photo/1","type":"photo","sizes":{"large":{"w":900,"h":508,"resize":"fit"},"thumb":{"w":150,"h":150,"resize":"crop"},"small":{"w":680,"h":384,"resize":"fit"},"medium":{"w":900,"h":508,"resize":"fit"}}}]},"metadata":{"iso_language_code":"ja","result_type":"recent"},"source":"<a href=\"http://twitter.com\" rel=\"nofollow\">Twitter Web Client</a>","in_reply_to_status_id":null,"in_reply_to_status_id_str":null,"in_reply_to_user_id":null,"in_reply_to_user_id_str":null,"in_reply_to_screen_name":null,"user":{"id":775280864674525200,"id_str":"775280864674525184","name":"バンドリ！ ガールズバンドパーティ！","screen_name":"bang_dream_gbp","location":"","description":"スマートフォン向けゲーム「バンドリ！ ガールズバンドパーティ！」（#ガルパ）の公式アカウントです。※お問い合わせやメッセージへは返答できかねます。ご了承下さい。　　　　　　　　　　　　\niOS：https://t.co/2f4OqP0pqf \n　　　　　Android：https://t.co/Ijt25DT4q4","url":"https://t.co/ISLUK2xYKu","entities":{"url":{"urls":[{"url":"https://t.co/ISLUK2xYKu","expanded_url":"http://bang-dream.bushimo.jp/","display_url":"bang-dream.bushimo.jp","indices":[0,23]}]},"description":{"urls":[{"url":"https://t.co/2f4OqP0pqf","expanded_url":"https://goo.gl/oY7r23","display_url":"goo.gl/oY7r23","indices":[97,120]},{"url":"https://t.co/Ijt25DT4q4","expanded_url":"https://goo.gl/r1OlqJ","display_url":"goo.gl/r1OlqJ","indices":[135,158]}]}},"protected":false,"followers_count":277224,"friends_count":31,"listed_count":1813,"created_at":"Mon Sep 12 10:32:16 +0000 2016","favourites_count":0,"utc_offset":null,"time_zone":null,"geo_enabled":false,"verified":true,"statuses_count":892,"lang":"ja","contributors_enabled":false,"is_translator":false,"is_translation_enabled":false,"profile_background_color":"F5F8FA","profile_background_image_url":null,"profile_background_image_url_https":null,"profile_background_tile":false,"profile_image_url":"http://pbs.twimg.com/profile_images/874897279660036100/q4Y3t1KU_normal.jpg","profile_image_url_https":"https://pbs.twimg.com/profile_images/874897279660036100/q4Y3t1KU_normal.jpg","profile_banner_url":"https://pbs.twimg.com/profile_banners/775280864674525184/1489646760","profile_link_color":"1DA1F2","profile_sidebar_border_color":"C0DEED","profile_sidebar_fill_color":"DDEEF6","profile_text_color":"333333","profile_use_background_image":true,"has_extended_profile":false,"default_profile":true,"default_profile_image":false,"following":false,"follow_request_sent":false,"notifications":false,"translator_type":"none"},"geo":null,"coordinates":null,"place":null,"contributors":null,"is_quote_status":false,"retweet_count":737,"favorite_count":1186,"favorited":false,"retweeted":false,"possibly_sensitive":false,"lang":"ja"}],"search_metadata":{"completed_in":0.171,"max_id":887518220059422700,"max_id_str":"887518220059422720","next_results":"?max_id=887510146758320127&q=lang%3Aja%20min_retweets%3A500&include_entities=1","query":"lang%3Aja+min_retweets%3A500","refresh_url":"?since_id=887518220059422720&q=lang%3Aja%20min_retweets%3A500&include_entities=1","count":15,"since_id":0,"since_id_str":"0"}}