{"statuses":[{"created_at":"Fri Jul 21 00:25:05 +0000 2017","id":888193076342136800,"id_str":"888193076342136832","text":"amiibo「クラウド」「クラウド【2Pファイター】」「ベヨネッタ」「ベヨネッタ【2Pファイター】」「カムイ」「カムイ【2Pファイター】」は本日発売。希望小売価格は各1,200円＋税です。… https://t.co/S75OKFRQUT","truncated":true,"entities":{"hashtags":[],"symbols":[],"user_mentions":[],"urls":[{"url":"https://t.co/S75OKFRQUT","expanded_url":"https://twitter.com/i/web/status/888193076342136832","display_url":"twitter.com/i/web/status/8…","indices":[96,119]}]},"metadata":{"iso_language_code":"ja","result_type":"recent"},"source":"<a href=\"https://www.nintendo.co.jp/\" rel=\"nofollow\">任天堂</a>","in_reply_to_status_id":null,"in_reply_to_status_id_str":null,"in_reply_to_user_id":null,"in_reply_to_user_id_str":null,"in_reply_to_screen_name":null,"user":{"id":307902310,"id_str":"307902310","name":"任天堂株式会社","screen_name":"Nintendo","location":"京都市","description":"任天堂からのお知らせや、ホームページの更新情報をお伝えします。\r\nご質問・お問い合わせにはお答えしておりませんのでご容赦ください。","url":"https://t.co/S1hwx8jNqf","entities":{"url":{"urls":[{"url":"https://t.co/S1hwx8jNqf","expanded_url":"https://www.nintendo.co.jp/","display_url":"nintendo.co.jp","indices":[0,23]}]},"description":{"urls":[]}},"protected":false,"followers_count":810113,"friends_count":19,"listed_count":9891,"created_at":"Mon May 30 14:00:05 +0000 2011","favourites_count":0,"utc_offset":32400,"time_zone":"Tokyo","geo_enabled":false,"verified":true,"statuses_count":5895,"lang":"ja","contributors_enabled":false,"is_translator":false,"is_translation_enabled":false,"profile_background_color":"EFEFEF","profile_background_image_url":"http://abs.twimg.com/images/themes/theme1/bg.png","profile_background_image_url_https":"https://abs.twimg.com/images/themes/theme1/bg.png","profile_background_tile":false,"profile_image_url":"http://pbs.twimg.com/profile_images/823439425593954305/j0L7_KyW_normal.jpg","profile_image_url_https":"https://pbs.twimg.com/profile_images/823439425593954305/j0L7_KyW_normal.jpg","profile_banner_url":"https://pbs.twimg.com/profile_banners/307902310/1401174438","profile_link_color":"0084B4","profile_sidebar_border_color":"BEBEBE","profile_sidebar_fill_color":"EFEFEF","profile_text_color":"333333","profile_use_background_image":false,"has_extended_profile":false,"default_profile":false,"default_profile_image":false,"following":false,"follow_request_sent":false,"notifications":false,"translator_type":"none"},"geo":null,"coordinates":null,"place":null,"contributors":null,"is_quote_status":false,"retweet_count":591,"favorite_count":476,"favorited":false,"retweeted":false,"possibly_sensitive":false,"lang":"ja"},{"created_at":"Fri Jul 21 00:18:24 +0000 2017","id":888191394476470300,"id_str":"888191394476470272","text":"「おはようみんな〜今日も元気に楽しくね〜（＾ω＾）」\n\nお好きな方のCVで脳内再生してね♪ https://t.co/1MnNqVJcJO","truncated":false,"entities":{"hashtags":[],"symbols":[],"user_mentions":[],"urls":[],"media":[{"id":888191386456948700,"id_str":"888191386456948736","indices":[46,69],"media_url":"http://pbs.twimg.com/media/DFN9XDJUAAArWz8.jpg","media_url_https":"https://pbs.twimg.com/media/DFN9XDJUAAArWz8.jpg","url":"https://t.co/1MnNqVJcJO","display_url":"pic.twitter.com/1MnNqVJcJO","expanded_url":"https://twitter.com/joujinakata123/status/888191394476470272/photo/1","type":"photo","sizes":{"small":{"w":507,"h":680,"resize":"fit"},"large":{"w":720,"h":965,"resize":"fit"},"thumb":{"w":150,"h":150,"resize":"crop"},"medium":{"w":720,"h":965,"resize":"fit"}}}]},"extended_entities":{"media":[{"id":888191386456948700,"id_str":"888191386456948736","indices":[46,69],"media_url":"http://pbs.twimg.com/media/DFN9XDJUAAArWz8.jpg","media_url_https":"https://pbs.twimg.com/media/DFN9XDJUAAArWz8.jpg","url":"https://t.co/1MnNqVJcJO","display_url":"pic.twitter.com/1MnNqVJcJO","expanded_url":"https://twitter.com/joujinakata123/status/888191394476470272/photo/1","type":"photo","sizes":{"small":{"w":507,"h":680,"resize":"fit"},"large":{"w":720,"h":965,"resize":"fit"},"thumb":{"w":150,"h":150,"resize":"crop"},"medium":{"w":720,"h":965,"resize":"fit"}}}]},"metadata":{"iso_language_code":"ja","result_type":"recent"},"source":"<a href=\"http://twitter.com/#!/download/ipad\" rel=\"nofollow\">Twitter for iPad</a>","in_reply_to_status_id":null,"in_reply_to_status_id_str":null,"in_reply_to_user_id":null,"in_reply_to_user_id_str":null,"in_reply_to_screen_name":null,"user":{"id":343286186,"id_str":"343286186","name":"中田譲治","screen_name":"joujinakata123","location":"","description":"フォローして下さったのも何かの縁。ついでにヘルシング、巌窟王、ケロロ軍曹位はチェケラプリーズ。外画ならスリーハンドレッド、セックス・アンド・ザ・シティもね!","url":null,"entities":{"description":{"urls":[]}},"protected":false,"followers_count":300147,"friends_count":382,"listed_count":8551,"created_at":"Wed Jul 27 10:05:10 +0000 2011","favourites_count":3120,"utc_offset":32400,"time_zone":"Tokyo","geo_enabled":false,"verified":false,"statuses_count":46455,"lang":"ja","contributors_enabled":false,"is_translator":false,"is_translation_enabled":false,"profile_background_color":"C6E2EE","profile_background_image_url":"http://abs.twimg.com/images/themes/theme2/bg.gif","profile_background_image_url_https":"https://abs.twimg.com/images/themes/theme2/bg.gif","profile_background_tile":false,"profile_image_url":"http://pbs.twimg.com/profile_images/868849835008327680/_527ckFI_normal.jpg","profile_image_url_https":"https://pbs.twimg.com/profile_images/868849835008327680/_527ckFI_normal.jpg","profile_banner_url":"https://pbs.twimg.com/profile_banners/343286186/1500251716","profile_link_color":"1F98C7","profile_sidebar_border_color":"C6E2EE","profile_sidebar_fill_color":"DAECF4","profile_text_color":"663B12","profile_use_background_image":true,"has_extended_profile":false,"default_profile":false,"default_profile_image":false,"following":false,"follow_request_sent":false,"notifications":false,"translator_type":"none"},"geo":null,"coordinates":null,"place":null,"contributors":null,"is_quote_status":false,"retweet_count":692,"favorite_count":645,"favorited":false,"retweeted":false,"possibly_sensitive":false,"lang":"ja"},{"created_at":"Fri Jul 21 00:10:46 +0000 2017","id":888189469781770200,"id_str":"888189469781770241","text":"【とれ関8月放送告知】「関西ジャニーズJr. とれたて関ジュース」来月の担当は、朝田淳弥くん、林真鳥くん、毛利柊和くん、の予定です☆この3人への質問やメッセージを、ぜひkjr@jocr.jp宛に送ってください♪お待ちしています！ #とれ関 #ラジカン","truncated":false,"entities":{"hashtags":[{"text":"とれ関","indices":[115,119]},{"text":"ラジカン","indices":[120,125]}],"symbols":[],"user_mentions":[],"urls":[]},"metadata":{"iso_language_code":"ja","result_type":"recent"},"source":"<a href=\"http://twitter.com/download/iphone\" rel=\"nofollow\">Twitter for iPhone</a>","in_reply_to_status_id":null,"in_reply_to_status_id_str":null,"in_reply_to_user_id":null,"in_reply_to_user_id_str":null,"in_reply_to_screen_name":null,"user":{"id":579318291,"id_str":"579318291","name":"ラジオ関西「JAM×JAM」スタッフ","screen_name":"JAMXJAM_staff","location":"ラジオ関西＠神戸","description":"ラジオ関西(AM558)で毎週日曜夜10時から放送中“ジャニーズアーティストとことん追っかけラジオ”「JAMxJAM」のスタッフが、お知らせをつぶやきます☆「ジャニーズWEST もぎたて関ジュース」や「関西ジャニーズJr. とれたて関ジュース」に関するツイートもします♪ #JAMXJAM #もぎ関 #とれ関 #ラジカン","url":"https://t.co/PRyQlVlaBQ","entities":{"url":{"urls":[{"url":"https://t.co/PRyQlVlaBQ","expanded_url":"http://jocr.jp/jam/","display_url":"jocr.jp/jam/","indices":[0,23]}]},"description":{"urls":[]}},"protected":false,"followers_count":39502,"friends_count":63,"listed_count":227,"created_at":"Sun May 13 19:53:34 +0000 2012","favourites_count":809,"utc_offset":-25200,"time_zone":"Pacific Time (US & Canada)","geo_enabled":true,"verified":false,"statuses_count":1768,"lang":"ja","contributors_enabled":false,"is_translator":false,"is_translation_enabled":false,"profile_background_color":"0099B9","profile_background_image_url":"http://pbs.twimg.com/profile_background_images/557730304/__.png","profile_background_image_url_https":"https://pbs.twimg.com/profile_background_images/557730304/__.png","profile_background_tile":true,"profile_image_url":"http://pbs.twimg.com/profile_images/2239573270/__2_normal.gif","profile_image_url_https":"https://pbs.twimg.com/profile_images/2239573270/__2_normal.gif","profile_banner_url":"https://pbs.twimg.com/profile_banners/579318291/1462363745","profile_link_color":"0099B9","profile_sidebar_border_color":"5ED4DC","profile_sidebar_fill_color":"95E8EC","profile_text_color":"3C3940","profile_use_background_image":true,"has_extended_profile":false,"default_profile":false,"default_profile_image":false,"following":false,"follow_request_sent":false,"notifications":false,"translator_type":"none"},"geo":null,"coordinates":null,"place":null,"contributors":null,"is_quote_status":false,"retweet_count":589,"favorite_count":600,"favorited":false,"retweeted":false,"lang":"ja"},{"created_at":"Fri Jul 21 00:01:27 +0000 2017","id":888187128655470600,"id_str":"888187128655470592","text":"【News】三井住友カード株式会社とコラボレーションしたクレジットカード「SPYAIR VISAカード」の発行が本日よりスタートしました。詳しくはオンライン入会専用ページをご覧ください。… https://t.co/0RIp3C43qy","truncated":true,"entities":{"hashtags":[],"symbols":[],"user_mentions":[],"urls":[{"url":"https://t.co/0RIp3C43qy","expanded_url":"https://twitter.com/i/web/status/888187128655470592","display_url":"twitter.com/i/web/status/8…","indices":[95,118]}]},"metadata":{"iso_language_code":"ja","result_type":"recent"},"source":"<a href=\"http://twitter.com/download/iphone\" rel=\"nofollow\">Twitter for iPhone</a>","in_reply_to_status_id":null,"in_reply_to_status_id_str":null,"in_reply_to_user_id":null,"in_reply_to_user_id_str":null,"in_reply_to_screen_name":null,"user":{"id":168990747,"id_str":"168990747","name":"SPYAIR STAFF","screen_name":"SPYAIRSTAFF","location":"","description":"SPYAIR STAFFがTweet！8/30ドラマ【ウツボカズラの夢】主題歌「MIDNIGHT」発売決定！ 7/29「THE WORLD IS MINE」会場限定販売！ ※Twitterページからの質問・お問合せにはお答えできませんのでご了承ください。DMもご遠慮ください。","url":"https://t.co/REtNsNEr6J","entities":{"url":{"urls":[{"url":"https://t.co/REtNsNEr6J","expanded_url":"http://www.spyair.net/","display_url":"spyair.net","indices":[0,23]}]},"description":{"urls":[]}},"protected":false,"followers_count":176167,"friends_count":24784,"listed_count":1976,"created_at":"Wed Jul 21 07:50:48 +0000 2010","favourites_count":1,"utc_offset":32400,"time_zone":"Tokyo","geo_enabled":true,"verified":true,"statuses_count":10269,"lang":"ja","contributors_enabled":false,"is_translator":false,"is_translation_enabled":false,"profile_background_color":"DD2E44","profile_background_image_url":"http://pbs.twimg.com/profile_background_images/608185546825822210/3dl4vZET.jpg","profile_background_image_url_https":"https://pbs.twimg.com/profile_background_images/608185546825822210/3dl4vZET.jpg","profile_background_tile":true,"profile_image_url":"http://pbs.twimg.com/profile_images/885257521652420609/6ktwyB34_normal.jpg","profile_image_url_https":"https://pbs.twimg.com/profile_images/885257521652420609/6ktwyB34_normal.jpg","profile_banner_url":"https://pbs.twimg.com/profile_banners/168990747/1465397909","profile_link_color":"3B94D9","profile_sidebar_border_color":"FFFFFF","profile_sidebar_fill_color":"DDEEF6","profile_text_color":"333333","profile_use_background_image":true,"has_extended_profile":false,"default_profile":false,"default_profile_image":false,"following":false,"follow_request_sent":false,"notifications":false,"translator_type":"none"},"geo":null,"coordinates":null,"place":null,"contributors":null,"is_quote_status":false,"retweet_count":611,"favorite_count":1339,"favorited":false,"retweeted":false,"possibly_sensitive":false,"lang":"ja"},{"created_at":"Fri Jul 21 00:00:09 +0000 2017","id":888186801147437000,"id_str":"888186801147437056","text":"Nintendo Switchソフト『スプラトゥーン2』は本日発売。希望小売価格は5,980円＋税です。 https://t.co/IIzWISjrMr https://t.co/GzLTHScefC","truncated":false,"entities":{"hashtags":[],"symbols":[],"user_mentions":[],"urls":[{"url":"https://t.co/IIzWISjrMr","expanded_url":"https://www.nintendo.co.jp/switch/aab6a/index.html?utm_source=twitter&utm_medium=social&utm_content=20170721&utm_campaign=Switch_aab6a","display_url":"nintendo.co.jp/switch/aab6a/i…","indices":[53,76]}],"media":[{"id":888186797896769500,"id_str":"888186797896769536","indices":[77,100],"media_url":"http://pbs.twimg.com/media/DFN5L9bUIAA7pAg.jpg","media_url_https":"https://pbs.twimg.com/media/DFN5L9bUIAA7pAg.jpg","url":"https://t.co/GzLTHScefC","display_url":"pic.twitter.com/GzLTHScefC","expanded_url":"https://twitter.com/Nintendo/status/888186801147437056/photo/1","type":"photo","sizes":{"medium":{"w":620,"h":1004,"resize":"fit"},"thumb":{"w":150,"h":150,"resize":"crop"},"small":{"w":420,"h":680,"resize":"fit"},"large":{"w":620,"h":1004,"resize":"fit"}}}]},"extended_entities":{"media":[{"id":888186797896769500,"id_str":"888186797896769536","indices":[77,100],"media_url":"http://pbs.twimg.com/media/DFN5L9bUIAA7pAg.jpg","media_url_https":"https://pbs.twimg.com/media/DFN5L9bUIAA7pAg.jpg","url":"https://t.co/GzLTHScefC","display_url":"pic.twitter.com/GzLTHScefC","expanded_url":"https://twitter.com/Nintendo/status/888186801147437056/photo/1","type":"photo","sizes":{"medium":{"w":620,"h":1004,"resize":"fit"},"thumb":{"w":150,"h":150,"resize":"crop"},"small":{"w":420,"h":680,"resize":"fit"},"large":{"w":620,"h":1004,"resize":"fit"}}}]},"metadata":{"iso_language_code":"ja","result_type":"recent"},"source":"<a href=\"https://www.nintendo.co.jp/\" rel=\"nofollow\">任天堂</a>","in_reply_to_status_id":null,"in_reply_to_status_id_str":null,"in_reply_to_user_id":null,"in_reply_to_user_id_str":null,"in_reply_to_screen_name":null,"user":{"id":307902310,"id_str":"307902310","name":"任天堂株式会社","screen_name":"Nintendo","location":"京都市","description":"任天堂からのお知らせや、ホームページの更新情報をお伝えします。\r\nご質問・お問い合わせにはお答えしておりませんのでご容赦ください。","url":"https://t.co/S1hwx8jNqf","entities":{"url":{"urls":[{"url":"https://t.co/S1hwx8jNqf","expanded_url":"https://www.nintendo.co.jp/","display_url":"nintendo.co.jp","indices":[0,23]}]},"description":{"urls":[]}},"protected":false,"followers_count":810113,"friends_count":19,"listed_count":9891,"created_at":"Mon May 30 14:00:05 +0000 2011","favourites_count":0,"utc_offset":32400,"time_zone":"Tokyo","geo_enabled":false,"verified":true,"statuses_count":5895,"lang":"ja","contributors_enabled":false,"is_translator":false,"is_translation_enabled":false,"profile_background_color":"EFEFEF","profile_background_image_url":"http://abs.twimg.com/images/themes/theme1/bg.png","profile_background_image_url_https":"https://abs.twimg.com/images/themes/theme1/bg.png","profile_background_tile":false,"profile_image_url":"http://pbs.twimg.com/profile_images/823439425593954305/j0L7_KyW_normal.jpg","profile_image_url_https":"https://pbs.twimg.com/profile_images/823439425593954305/j0L7_KyW_normal.jpg","profile_banner_url":"https://pbs.twimg.com/profile_banners/307902310/1401174438","profile_link_color":"0084B4","profile_sidebar_border_color":"BEBEBE","profile_sidebar_fill_color":"EFEFEF","profile_text_color":"333333","profile_use_background_image":false,"has_extended_profile":false,"default_profile":false,"default_profile_image":false,"following":false,"follow_request_sent":false,"notifications":false,"translator_type":"none"},"geo":null,"coordinates":null,"place":null,"contributors":null,"is_quote_status":false,"retweet_count":1687,"favorite_count":1782,"favorited":false,"retweeted":false,"possibly_sensitive":false,"lang":"ja"},{"created_at":"Thu Jul 20 23:54:14 +0000 2017","id":888185311049596900,"id_str":"888185311049596928","text":"ละครฤดูใบไม้ผลิ『連続ドラマW 春が来た จงอินแสดงนำแบะรับบทเป็นตากล้องชาวเกาหลีชื่อ \"อีจีวอน\" จะออกอากาศทางช่อง WOWOW ประเทศญี่… https://t.co/fnerRjXrUm","truncated":true,"entities":{"hashtags":[],"symbols":[],"user_mentions":[],"urls":[{"url":"https://t.co/fnerRjXrUm","expanded_url":"https://twitter.com/i/web/status/888185311049596928","display_url":"twitter.com/i/web/status/8…","indices":[117,140]}]},"metadata":{"iso_language_code":"ja","result_type":"recent"},"source":"<a href=\"http://twitter.com/download/android\" rel=\"nofollow\">Twitter for Android</a>","in_reply_to_status_id":null,"in_reply_to_status_id_str":null,"in_reply_to_user_id":null,"in_reply_to_user_id_str":null,"in_reply_to_screen_name":null,"user":{"id":2277244776,"id_str":"2277244776","name":"CHΛNHome찬열1127","screen_name":"PCYHomeThaiLand","location":"","description":"ชานโฮมไทยแลนด์ 140529 บ้านหลังเล็กของคนรักชานยอล Believe in CHANYEOL & EXO , My Happiness Delight. DownLoad & All About Chanyeol in ❤ #MyDelightinBKK [JP/EN/TH]","url":null,"entities":{"description":{"urls":[]}},"protected":false,"followers_count":172618,"friends_count":282,"listed_count":1038,"created_at":"Sun Jan 05 07:04:14 +0000 2014","favourites_count":16767,"utc_offset":25200,"time_zone":"Jakarta","geo_enabled":true,"verified":false,"statuses_count":119828,"lang":"th","contributors_enabled":false,"is_translator":false,"is_translation_enabled":false,"profile_background_color":"D60B7E","profile_background_image_url":"http://pbs.twimg.com/profile_background_images/472030896199970816/kNfJwdgc.jpeg","profile_background_image_url_https":"https://pbs.twimg.com/profile_background_images/472030896199970816/kNfJwdgc.jpeg","profile_background_tile":true,"profile_image_url":"http://pbs.twimg.com/profile_images/887720402272661504/pV7abRbj_normal.jpg","profile_image_url_https":"https://pbs.twimg.com/profile_images/887720402272661504/pV7abRbj_normal.jpg","profile_banner_url":"https://pbs.twimg.com/profile_banners/2277244776/1491295664","profile_link_color":"4A913C","profile_sidebar_border_color":"FFFFFF","profile_sidebar_fill_color":"DDEEF6","profile_text_color":"333333","profile_use_background_image":true,"has_extended_profile":false,"default_profile":false,"default_profile_image":false,"following":false,"follow_request_sent":false,"notifications":false,"translator_type":"none"},"geo":null,"coordinates":null,"place":null,"contributors":null,"is_quote_status":false,"retweet_count":532,"favorite_count":79,"favorited":false,"retweeted":false,"possibly_sensitive":false,"lang":"ja"},{"created_at":"Thu Jul 20 23:47:30 +0000 2017","id":888183617318408200,"id_str":"888183617318408192","text":"クリスコーネルに続きリンキンのチェスターまで…。\nマリオカートのスターロードのように、キラキラ輝いてる道ほど常に真っ暗な死が隣り合わせに存在している。 \n俺も落ちそうになる時、ハイロウズのこの歌を口ずさむ。\n「自殺するのが流行りな… https://t.co/79cCn3scMs","truncated":true,"entities":{"hashtags":[],"symbols":[],"user_mentions":[],"urls":[{"url":"https://t.co/79cCn3scMs","expanded_url":"https://twitter.com/i/web/status/888183617318408192","display_url":"twitter.com/i/web/status/8…","indices":[117,140]}]},"metadata":{"iso_language_code":"ja","result_type":"recent"},"source":"<a href=\"http://twitter.com/download/iphone\" rel=\"nofollow\">Twitter for iPhone</a>","in_reply_to_status_id":null,"in_reply_to_status_id_str":null,"in_reply_to_user_id":null,"in_reply_to_user_id_str":null,"in_reply_to_screen_name":null,"user":{"id":137915317,"id_str":"137915317","name":"マキシマム ザ ホルモン","screen_name":"MTH_OFFICIAL","location":"","description":"マキシマム ザ ホルモンの公式アカウント。ナヲの妊活・出産によるライブ活動休止を経て、約2年ぶりとなる“耳噛じる真打TOUR”を完遂したのも束の間、今夏は全国各地のフェスに出演予定！今後のホルモンの動きをお見逃しなく！※バンド名を略す時は「ホルモン」で！「マキホル」はなんとなく嫌だから禁止！笑","url":"https://t.co/IUnRTpQllh","entities":{"url":{"urls":[{"url":"https://t.co/IUnRTpQllh","expanded_url":"http://www.55mth.com/","display_url":"55mth.com","indices":[0,23]}]},"description":{"urls":[]}},"protected":false,"followers_count":529539,"friends_count":1,"listed_count":6847,"created_at":"Wed Apr 28 03:39:23 +0000 2010","favourites_count":0,"utc_offset":32400,"time_zone":"Tokyo","geo_enabled":true,"verified":true,"statuses_count":2830,"lang":"ja","contributors_enabled":false,"is_translator":false,"is_translation_enabled":false,"profile_background_color":"080808","profile_background_image_url":"http://pbs.twimg.com/profile_background_images/157932221/twit_background.jpg","profile_background_image_url_https":"https://pbs.twimg.com/profile_background_images/157932221/twit_background.jpg","profile_background_tile":false,"profile_image_url":"http://pbs.twimg.com/profile_images/856906596/metal_normal.jpg","profile_image_url_https":"https://pbs.twimg.com/profile_images/856906596/metal_normal.jpg","profile_banner_url":"https://pbs.twimg.com/profile_banners/137915317/1489291877","profile_link_color":"F70A12","profile_sidebar_border_color":"F70D0D","profile_sidebar_fill_color":"C5C6DB","profile_text_color":"807B7B","profile_use_background_image":true,"has_extended_profile":false,"default_profile":false,"default_profile_image":false,"following":false,"follow_request_sent":false,"notifications":false,"translator_type":"none"},"geo":null,"coordinates":null,"place":null,"contributors":null,"is_quote_status":false,"retweet_count":3821,"favorite_count":6593,"favorited":false,"retweeted":false,"possibly_sensitive":false,"lang":"ja"},{"created_at":"Thu Jul 20 23:41:06 +0000 2017","id":888182004591677400,"id_str":"888182004591677440","text":"Pacific Rim: Uprising teaser released\nリョウイチ役で出演させて頂いた\n2018年公開予定\nパシフィックリム2\nティザー予告解禁。 https://t.co/K4z5is0n2Q","truncated":false,"entities":{"hashtags":[],"symbols":[],"user_mentions":[],"urls":[],"media":[{"id":888181388318462000,"id_str":"888181388318461953","indices":[84,107],"media_url":"http://pbs.twimg.com/ext_tw_video_thumb/888181388318461953/pu/img/CmHn3hlaO1D3tvHG.jpg","media_url_https":"https://pbs.twimg.com/ext_tw_video_thumb/888181388318461953/pu/img/CmHn3hlaO1D3tvHG.jpg","url":"https://t.co/K4z5is0n2Q","display_url":"pic.twitter.com/K4z5is0n2Q","expanded_url":"https://twitter.com/Mackenyu1116/status/888182004591677440/video/1","type":"photo","sizes":{"small":{"w":340,"h":191,"resize":"fit"},"thumb":{"w":150,"h":150,"resize":"crop"},"medium":{"w":600,"h":338,"resize":"fit"},"large":{"w":1024,"h":576,"resize":"fit"}}}]},"extended_entities":{"media":[{"id":888181388318462000,"id_str":"888181388318461953","indices":[84,107],"media_url":"http://pbs.twimg.com/ext_tw_video_thumb/888181388318461953/pu/img/CmHn3hlaO1D3tvHG.jpg","media_url_https":"https://pbs.twimg.com/ext_tw_video_thumb/888181388318461953/pu/img/CmHn3hlaO1D3tvHG.jpg","url":"https://t.co/K4z5is0n2Q","display_url":"pic.twitter.com/K4z5is0n2Q","expanded_url":"https://twitter.com/Mackenyu1116/status/888182004591677440/video/1","type":"video","sizes":{"small":{"w":340,"h":191,"resize":"fit"},"thumb":{"w":150,"h":150,"resize":"crop"},"medium":{"w":600,"h":338,"resize":"fit"},"large":{"w":1024,"h":576,"resize":"fit"}},"video_info":{"aspect_ratio":[16,9],"duration_millis":67012,"variants":[{"bitrate":2176000,"content_type":"video/mp4","url":"https://video.twimg.com/ext_tw_video/888181388318461953/pu/vid/1280x720/FgSi6WdE1kd81xhs.mp4"},{"content_type":"application/x-mpegURL","url":"https://video.twimg.com/ext_tw_video/888181388318461953/pu/pl/A4gNe6kl0eor_bGw.m3u8"},{"bitrate":832000,"content_type":"video/mp4","url":"https://video.twimg.com/ext_tw_video/888181388318461953/pu/vid/640x360/esL2DIVZXSnh4Jrh.mp4"},{"bitrate":320000,"content_type":"video/mp4","url":"https://video.twimg.com/ext_tw_video/888181388318461953/pu/vid/320x180/eSpC5spt_J4ETp1g.mp4"}]},"additional_media_info":{"monetizable":false}}]},"metadata":{"iso_language_code":"ja","result_type":"recent"},"source":"<a href=\"http://twitter.com/download/iphone\" rel=\"nofollow\">Twitter for iPhone</a>","in_reply_to_status_id":null,"in_reply_to_status_id_str":null,"in_reply_to_user_id":null,"in_reply_to_user_id_str":null,"in_reply_to_screen_name":null,"user":{"id":715924042532929500,"id_str":"715924042532929536","name":"Mackenyu 新田真剣佑","screen_name":"Mackenyu1116","location":"","description":"Instagram: https://t.co/AzxqjmGlWL IMDB: https://t.co/g3Ynpvbwef","url":"https://t.co/B7CVTPfavv","entities":{"url":{"urls":[{"url":"https://t.co/B7CVTPfavv","expanded_url":"http://www.topcoat.co.jp/artist/arata-mackenyu/","display_url":"topcoat.co.jp/artist/arata-m…","indices":[0,23]}]},"description":{"urls":[{"url":"https://t.co/AzxqjmGlWL","expanded_url":"https://www.instagram.com/mackenyu.1116/","display_url":"instagram.com/mackenyu.1116/","indices":[11,34]},{"url":"https://t.co/g3Ynpvbwef","expanded_url":"http://www.imdb.com/name/nm5018289/?ref_=fn_al_nm_1","display_url":"imdb.com/name/nm5018289…","indices":[41,64]}]}},"protected":false,"followers_count":300583,"friends_count":45,"listed_count":501,"created_at":"Fri Apr 01 15:29:27 +0000 2016","favourites_count":3205,"utc_offset":32400,"time_zone":"JST","geo_enabled":false,"verified":true,"statuses_count":111,"lang":"ja","contributors_enabled":false,"is_translator":false,"is_translation_enabled":false,"profile_background_color":"F5F8FA","profile_background_image_url":null,"profile_background_image_url_https":null,"profile_background_tile":false,"profile_image_url":"http://pbs.twimg.com/profile_images/864780944707682306/bakEFUfV_normal.jpg","profile_image_url_https":"https://pbs.twimg.com/profile_images/864780944707682306/bakEFUfV_normal.jpg","profile_banner_url":"https://pbs.twimg.com/profile_banners/715924042532929536/1499943132","profile_link_color":"1DA1F2","profile_sidebar_border_color":"C0DEED","profile_sidebar_fill_color":"DDEEF6","profile_text_color":"333333","profile_use_background_image":true,"has_extended_profile":false,"default_profile":true,"default_profile_image":false,"following":false,"follow_request_sent":false,"notifications":false,"translator_type":"none"},"geo":null,"coordinates":null,"place":null,"contributors":null,"is_quote_status":false,"retweet_count":531,"favorite_count":2972,"favorited":false,"retweeted":false,"possibly_sensitive":false,"lang":"ja"},{"created_at":"Thu Jul 20 23:39:34 +0000 2017","id":888181619739172900,"id_str":"888181619739172865","text":"＼金曜日がんばりましょう！／\n\n暑い日が続きますが、体調に気をつけつつ金曜日もがんばりましょう💫！\n\n実はこのお写真、撮影は土屋さんです✨\n\n今日はこのあとお知らせも準備中🏃💨\n\nまだまだ夏は兄こま！\n#兄こま #大ヒット公開中 https://t.co/HFUBO0WTHW","truncated":false,"entities":{"hashtags":[{"text":"兄こま","indices":[101,105]},{"text":"大ヒット公開中","indices":[106,114]}],"symbols":[],"user_mentions":[],"urls":[],"media":[{"id":888181606497697800,"id_str":"888181606497697792","indices":[115,138],"media_url":"http://pbs.twimg.com/media/DFN0dx9UwAAZ_ji.jpg","media_url_https":"https://pbs.twimg.com/media/DFN0dx9UwAAZ_ji.jpg","url":"https://t.co/HFUBO0WTHW","display_url":"pic.twitter.com/HFUBO0WTHW","expanded_url":"https://twitter.com/anikoma_movie/status/888181619739172865/photo/1","type":"photo","sizes":{"medium":{"w":1200,"h":900,"resize":"fit"},"thumb":{"w":150,"h":150,"resize":"crop"},"small":{"w":680,"h":510,"resize":"fit"},"large":{"w":2048,"h":1536,"resize":"fit"}}}]},"extended_entities":{"media":[{"id":888181606497697800,"id_str":"888181606497697792","indices":[115,138],"media_url":"http://pbs.twimg.com/media/DFN0dx9UwAAZ_ji.jpg","media_url_https":"https://pbs.twimg.com/media/DFN0dx9UwAAZ_ji.jpg","url":"https://t.co/HFUBO0WTHW","display_url":"pic.twitter.com/HFUBO0WTHW","expanded_url":"https://twitter.com/anikoma_movie/status/888181619739172865/photo/1","type":"photo","sizes":{"medium":{"w":1200,"h":900,"resize":"fit"},"thumb":{"w":150,"h":150,"resize":"crop"},"small":{"w":680,"h":510,"resize":"fit"},"large":{"w":2048,"h":1536,"resize":"fit"}}}]},"metadata":{"iso_language_code":"ja","result_type":"recent"},"source":"<a href=\"http://twitter.com/download/iphone\" rel=\"nofollow\">Twitter for iPhone</a>","in_reply_to_status_id":null,"in_reply_to_status_id_str":null,"in_reply_to_user_id":null,"in_reply_to_user_id_str":null,"in_reply_to_screen_name":null,"user":{"id":763281638470004700,"id_str":"763281638470004737","name":"映画『兄に愛されすぎて困ってます』公式","screen_name":"anikoma_movie","location":"","description":"映画『兄に愛されすぎて困ってます』公式Twitterです。2017.6.30（金）全国ロードショー！ドラマは2017.4.12（水）深夜より、日本テレビ他で放送スタート！ ♡公式Instagram→https://t.co/PPVn3uhvC0 #兄こま","url":"https://t.co/f21AagyUBF","entities":{"url":{"urls":[{"url":"https://t.co/f21AagyUBF","expanded_url":"http://anikoma-movie.jp/","display_url":"anikoma-movie.jp","indices":[0,23]}]},"description":{"urls":[{"url":"https://t.co/PPVn3uhvC0","expanded_url":"https://www.instagram.com/anikoma_movie/","display_url":"instagram.com/anikoma_movie/","indices":[99,122]}]}},"protected":false,"followers_count":204319,"friends_count":20,"listed_count":303,"created_at":"Wed Aug 10 07:51:38 +0000 2016","favourites_count":6,"utc_offset":null,"time_zone":null,"geo_enabled":false,"verified":false,"statuses_count":1202,"lang":"ja","contributors_enabled":false,"is_translator":false,"is_translation_enabled":false,"profile_background_color":"F5F8FA","profile_background_image_url":null,"profile_background_image_url_https":null,"profile_background_tile":false,"profile_image_url":"http://pbs.twimg.com/profile_images/811768830242353153/kkD1baIc_normal.jpg","profile_image_url_https":"https://pbs.twimg.com/profile_images/811768830242353153/kkD1baIc_normal.jpg","profile_banner_url":"https://pbs.twimg.com/profile_banners/763281638470004737/1482375747","profile_link_color":"1DA1F2","profile_sidebar_border_color":"C0DEED","profile_sidebar_fill_color":"DDEEF6","profile_text_color":"333333","profile_use_background_image":true,"has_extended_profile":false,"default_profile":true,"default_profile_image":false,"following":false,"follow_request_sent":false,"notifications":false,"translator_type":"none"},"geo":null,"coordinates":null,"place":null,"contributors":null,"is_quote_status":false,"retweet_count":687,"favorite_count":4837,"favorited":false,"retweeted":false,"possibly_sensitive":false,"lang":"ja"},{"created_at":"Thu Jul 20 23:37:25 +0000 2017","id":888181077478563800,"id_str":"888181077478563841","text":"この夏に、YouTuberの一日っておれらの動画でやってた真相がわかります。\nそして、あの企画にあの方を…\nそして、お待たせしたね、大人数企画をようやく出します。\nほんで、質問コーナーの回答が出揃いました。（ちょっと増やすかも）\n\nまだまだ言うことあるけど\nすこしとっておく。","truncated":false,"entities":{"hashtags":[],"symbols":[],"user_mentions":[],"urls":[]},"metadata":{"iso_language_code":"ja","result_type":"recent"},"source":"<a href=\"http://twitter.com/download/iphone\" rel=\"nofollow\">Twitter for iPhone</a>","in_reply_to_status_id":null,"in_reply_to_status_id_str":null,"in_reply_to_user_id":null,"in_reply_to_user_id_str":null,"in_reply_to_screen_name":null,"user":{"id":964000404,"id_str":"964000404","name":"シルクロード【Fischer's】","screen_name":"RytoSle2","location":"東京都","description":"22歳YouTubeネットパフォーマー軍「フィッシャーズ」リーダー メインチャンネル編集者 総合格闘技 バスケ サッカー 水泳 などスポーツ全般ハマり中 登録者200万人❗️ UUUM所属 雪だるま作ってた人 チャンネル登録よろしく☺️https://t.co/NlfsOH8sXx","url":"https://www.youtube.com/channel/UCibEhpu5HP45-w7Bq1ZIulw","entities":{"url":{"urls":[{"url":"https://www.youtube.com/channel/UCibEhpu5HP45-w7Bq1ZIulw","expanded_url":null,"indices":[0,56]}]},"description":{"urls":[{"url":"https://t.co/NlfsOH8sXx","expanded_url":"http://twpf.jp/RytoSle2","display_url":"twpf.jp/RytoSle2","indices":[118,141]}]}},"protected":false,"followers_count":809055,"friends_count":3150,"listed_count":1938,"created_at":"Thu Nov 22 10:23:08 +0000 2012","favourites_count":7975,"utc_offset":28800,"time_zone":"Irkutsk","geo_enabled":true,"verified":false,"statuses_count":25750,"lang":"ja","contributors_enabled":false,"is_translator":false,"is_translation_enabled":false,"profile_background_color":"C0DEED","profile_background_image_url":"http://pbs.twimg.com/profile_background_images/378800000088392357/88e16023065a33db5acb57d99efdc815.jpeg","profile_background_image_url_https":"https://pbs.twimg.com/profile_background_images/378800000088392357/88e16023065a33db5acb57d99efdc815.jpeg","profile_background_tile":true,"profile_image_url":"http://pbs.twimg.com/profile_images/880750555697602562/-kN1YPOv_normal.jpg","profile_image_url_https":"https://pbs.twimg.com/profile_images/880750555697602562/-kN1YPOv_normal.jpg","profile_banner_url":"https://pbs.twimg.com/profile_banners/964000404/1485761421","profile_link_color":"0084B4","profile_sidebar_border_color":"000000","profile_sidebar_fill_color":"DDEEF6","profile_text_color":"333333","profile_use_background_image":true,"has_extended_profile":true,"default_profile":false,"default_profile_image":false,"following":false,"follow_request_sent":false,"notifications":false,"translator_type":"none"},"geo":null,"coordinates":null,"place":null,"contributors":null,"is_quote_status":false,"retweet_count":561,"favorite_count":5031,"favorited":false,"retweeted":false,"lang":"ja"},{"created_at":"Thu Jul 20 23:31:21 +0000 2017","id":888179553813659600,"id_str":"888179553813659648","text":"えっと\n\nとても幸せな待ち受けになりました\n\n膝貸してくれてありがとうしょーちゃん\n写真撮っててくれてありがとう岐洲っち https://t.co/4Z3oeEtxO7","truncated":false,"entities":{"hashtags":[],"symbols":[],"user_mentions":[],"urls":[],"media":[{"id":888179540534509600,"id_str":"888179540534509568","indices":[61,84],"media_url":"http://pbs.twimg.com/media/DFNylhpUQAAjN5u.jpg","media_url_https":"https://pbs.twimg.com/media/DFNylhpUQAAjN5u.jpg","url":"https://t.co/4Z3oeEtxO7","display_url":"pic.twitter.com/4Z3oeEtxO7","expanded_url":"https://twitter.com/YosukeYou/status/888179553813659648/photo/1","type":"photo","sizes":{"large":{"w":750,"h":1334,"resize":"fit"},"medium":{"w":675,"h":1200,"resize":"fit"},"thumb":{"w":150,"h":150,"resize":"crop"},"small":{"w":382,"h":680,"resize":"fit"}}}]},"extended_entities":{"media":[{"id":888179540534509600,"id_str":"888179540534509568","indices":[61,84],"media_url":"http://pbs.twimg.com/media/DFNylhpUQAAjN5u.jpg","media_url_https":"https://pbs.twimg.com/media/DFNylhpUQAAjN5u.jpg","url":"https://t.co/4Z3oeEtxO7","display_url":"pic.twitter.com/4Z3oeEtxO7","expanded_url":"https://twitter.com/YosukeYou/status/888179553813659648/photo/1","type":"photo","sizes":{"large":{"w":750,"h":1334,"resize":"fit"},"medium":{"w":675,"h":1200,"resize":"fit"},"thumb":{"w":150,"h":150,"resize":"crop"},"small":{"w":382,"h":680,"resize":"fit"}}}]},"metadata":{"iso_language_code":"ja","result_type":"recent"},"source":"<a href=\"http://twitter.com/download/iphone\" rel=\"nofollow\">Twitter for iPhone</a>","in_reply_to_status_id":null,"in_reply_to_status_id_str":null,"in_reply_to_user_id":null,"in_reply_to_user_id_str":null,"in_reply_to_screen_name":null,"user":{"id":2922009476,"id_str":"2922009476","name":"岸 洋佑","screen_name":"YosukeYou","location":"公式サイト→","description":"株式会社要堂所属/株式会社ケイダッシュ(業務提携)/#シンガーソングライター/#宇宙戦隊キュウレンジャー/サソリオレンジ・スティンガー役で出演中/お肉とラジオが大好き/フォローありがとう🦂🍊","url":"https://t.co/uCdCwCnMIk","entities":{"url":{"urls":[{"url":"https://t.co/uCdCwCnMIk","expanded_url":"http://kishiyosuke.jp/","display_url":"kishiyosuke.jp","indices":[0,23]}]},"description":{"urls":[]}},"protected":false,"followers_count":37922,"friends_count":95,"listed_count":579,"created_at":"Sun Dec 07 19:18:40 +0000 2014","favourites_count":1076,"utc_offset":32400,"time_zone":"Tokyo","geo_enabled":false,"verified":false,"statuses_count":5180,"lang":"ja","contributors_enabled":false,"is_translator":false,"is_translation_enabled":false,"profile_background_color":"C0DEED","profile_background_image_url":"http://abs.twimg.com/images/themes/theme1/bg.png","profile_background_image_url_https":"https://abs.twimg.com/images/themes/theme1/bg.png","profile_background_tile":false,"profile_image_url":"http://pbs.twimg.com/profile_images/880675159606272000/2TnoiHtB_normal.jpg","profile_image_url_https":"https://pbs.twimg.com/profile_images/880675159606272000/2TnoiHtB_normal.jpg","profile_banner_url":"https://pbs.twimg.com/profile_banners/2922009476/1482811076","profile_link_color":"1DA1F2","profile_sidebar_border_color":"C0DEED","profile_sidebar_fill_color":"DDEEF6","profile_text_color":"333333","profile_use_background_image":true,"has_extended_profile":true,"default_profile":true,"default_profile_image":false,"following":false,"follow_request_sent":false,"notifications":false,"translator_type":"none"},"geo":null,"coordinates":null,"place":null,"contributors":null,"is_quote_status":false,"retweet_count":638,"favorite_count":1404,"favorited":false,"retweeted":false,"possibly_sensitive":false,"lang":"ja"},{"created_at":"Thu Jul 20 23:30:19 +0000 2017","id":888179291338543100,"id_str":"888179291338543105","text":"『キングスマン：ゴールデン・サークル』US予告が解禁された。\n\n#キングスマン #ゴールデンサークル\nhttps://t.co/TI1ZgRvRpZ","truncated":false,"entities":{"hashtags":[{"text":"キングスマン","indices":[32,39]},{"text":"ゴールデンサークル","indices":[40,50]}],"symbols":[],"user_mentions":[],"urls":[],"media":[{"id":888017715344023600,"id_str":"888017715344023552","indices":[51,74],"media_url":"http://pbs.twimg.com/media/DFLk-43U0AENB0v.jpg","media_url_https":"https://pbs.twimg.com/media/DFLk-43U0AENB0v.jpg","url":"https://t.co/TI1ZgRvRpZ","display_url":"pic.twitter.com/TI1ZgRvRpZ","expanded_url":"https://twitter.com/KingsmanMovie/status/888024575119839232/video/1","type":"photo","sizes":{"small":{"w":680,"h":383,"resize":"fit"},"medium":{"w":1200,"h":675,"resize":"fit"},"large":{"w":1280,"h":720,"resize":"fit"},"thumb":{"w":150,"h":150,"resize":"crop"}},"source_status_id":888024575119839200,"source_status_id_str":"888024575119839232","source_user_id":2347982916,"source_user_id_str":"2347982916"}]},"extended_entities":{"media":[{"id":888017715344023600,"id_str":"888017715344023552","indices":[51,74],"media_url":"http://pbs.twimg.com/media/DFLk-43U0AENB0v.jpg","media_url_https":"https://pbs.twimg.com/media/DFLk-43U0AENB0v.jpg","url":"https://t.co/TI1ZgRvRpZ","display_url":"pic.twitter.com/TI1ZgRvRpZ","expanded_url":"https://twitter.com/KingsmanMovie/status/888024575119839232/video/1","type":"video","sizes":{"small":{"w":680,"h":383,"resize":"fit"},"medium":{"w":1200,"h":675,"resize":"fit"},"large":{"w":1280,"h":720,"resize":"fit"},"thumb":{"w":150,"h":150,"resize":"crop"}},"source_status_id":888024575119839200,"source_status_id_str":"888024575119839232","source_user_id":2347982916,"source_user_id_str":"2347982916","video_info":{"aspect_ratio":[16,9],"duration_millis":109979,"variants":[{"bitrate":320000,"content_type":"video/mp4","url":"https://video.twimg.com/amplify_video/888017715344023552/vid/320x180/6bIy-rJNW4HZefXl.mp4"},{"content_type":"application/x-mpegURL","url":"https://video.twimg.com/amplify_video/888017715344023552/pl/lS3s1BacR9yJecrT.m3u8"},{"bitrate":832000,"content_type":"video/mp4","url":"https://video.twimg.com/amplify_video/888017715344023552/vid/640x360/M_jQTHMVgyDSR-Fj.mp4"},{"bitrate":2176000,"content_type":"video/mp4","url":"https://video.twimg.com/amplify_video/888017715344023552/vid/1280x720/TZ6KH5tg_wREiJus.mp4"}]},"additional_media_info":{"title":"","description":"","embeddable":true,"monetizable":false}}]},"metadata":{"iso_language_code":"ja","result_type":"recent"},"source":"<a href=\"http://www.hootsuite.com\" rel=\"nofollow\">Hootsuite</a>","in_reply_to_status_id":null,"in_reply_to_status_id_str":null,"in_reply_to_user_id":null,"in_reply_to_user_id_str":null,"in_reply_to_screen_name":null,"user":{"id":862570185412063200,"id_str":"862570185412063233","name":"キングスマン","screen_name":"kingsmanjp","location":"英国　ロンドン　サヴィル・ロウ","description":"「マナーが紳士を作る」。映画『#キングスマン：ゴールデン・サークル』公式Twitter。我々は“キングスマン”。表の顔は高級テーラーだが、その実体は世界最強のスパイ機関だ。","url":null,"entities":{"description":{"urls":[]}},"protected":false,"followers_count":12629,"friends_count":7,"listed_count":133,"created_at":"Thu May 11 07:28:52 +0000 2017","favourites_count":26,"utc_offset":null,"time_zone":null,"geo_enabled":false,"verified":false,"statuses_count":60,"lang":"ja","contributors_enabled":false,"is_translator":false,"is_translation_enabled":false,"profile_background_color":"000000","profile_background_image_url":"http://abs.twimg.com/images/themes/theme1/bg.png","profile_background_image_url_https":"https://abs.twimg.com/images/themes/theme1/bg.png","profile_background_tile":false,"profile_image_url":"http://pbs.twimg.com/profile_images/868006908325617664/6kHi2VyQ_normal.jpg","profile_image_url_https":"https://pbs.twimg.com/profile_images/868006908325617664/6kHi2VyQ_normal.jpg","profile_banner_url":"https://pbs.twimg.com/profile_banners/862570185412063233/1495056968","profile_link_color":"FAB81E","profile_sidebar_border_color":"000000","profile_sidebar_fill_color":"000000","profile_text_color":"000000","profile_use_background_image":false,"has_extended_profile":false,"default_profile":false,"default_profile_image":false,"following":false,"follow_request_sent":false,"notifications":false,"translator_type":"none"},"geo":null,"coordinates":null,"place":null,"contributors":null,"is_quote_status":false,"retweet_count":638,"favorite_count":738,"favorited":false,"retweeted":false,"possibly_sensitive":false,"lang":"ja"},{"created_at":"Thu Jul 20 23:30:14 +0000 2017","id":888179270547152900,"id_str":"888179270547152896","text":"🌙夜11時～放送📺\n『LOVE LOVE あいしてる16年ぶりの復活SP』💖\n\n💕KinKi Kids＆吉田拓郎の音楽番組が一夜限りの復活\n💕菅田将暉の父親が登場＆名曲を熱唱\n💕古舘伊知郎が超大物の破天荒話… https://t.co/zA70AFImQg","truncated":true,"entities":{"hashtags":[],"symbols":[],"user_mentions":[],"urls":[{"url":"https://t.co/zA70AFImQg","expanded_url":"https://twitter.com/i/web/status/888179270547152896","display_url":"twitter.com/i/web/status/8…","indices":[105,128]}]},"metadata":{"iso_language_code":"ja","result_type":"recent"},"source":"<a href=\"http://www.uniquevision.co.jp/\" rel=\"nofollow\">Beluga2010</a>","in_reply_to_status_id":null,"in_reply_to_status_id_str":null,"in_reply_to_user_id":null,"in_reply_to_user_id_str":null,"in_reply_to_screen_name":null,"user":{"id":111651896,"id_str":"111651896","name":"フジテレビ","screen_name":"fujitv","location":"東京都港区台場２－４－８","description":"フジテレビサイトの更新情報や番組情報をお知らせします。","url":"http://t.co/zqw5YnTpEO","entities":{"url":{"urls":[{"url":"http://t.co/zqw5YnTpEO","expanded_url":"http://www.fujitv.co.jp/index.html","display_url":"fujitv.co.jp/index.html","indices":[0,22]}]},"description":{"urls":[]}},"protected":false,"followers_count":355778,"friends_count":1,"listed_count":2820,"created_at":"Fri Feb 05 17:49:37 +0000 2010","favourites_count":0,"utc_offset":32400,"time_zone":"Tokyo","geo_enabled":false,"verified":true,"statuses_count":53183,"lang":"ja","contributors_enabled":false,"is_translator":false,"is_translation_enabled":false,"profile_background_color":"C0DEED","profile_background_image_url":"http://abs.twimg.com/images/themes/theme1/bg.png","profile_background_image_url_https":"https://abs.twimg.com/images/themes/theme1/bg.png","profile_background_tile":false,"profile_image_url":"http://pbs.twimg.com/profile_images/875657442545160192/H9LiKV23_normal.jpg","profile_image_url_https":"https://pbs.twimg.com/profile_images/875657442545160192/H9LiKV23_normal.jpg","profile_link_color":"1DA1F2","profile_sidebar_border_color":"C0DEED","profile_sidebar_fill_color":"DDEEF6","profile_text_color":"333333","profile_use_background_image":true,"has_extended_profile":false,"default_profile":true,"default_profile_image":false,"following":false,"follow_request_sent":false,"notifications":false,"translator_type":"none"},"geo":null,"coordinates":null,"place":null,"contributors":null,"is_quote_status":false,"retweet_count":1310,"favorite_count":2963,"favorited":false,"retweeted":false,"possibly_sensitive":false,"lang":"ja"},{"created_at":"Thu Jul 20 23:23:26 +0000 2017","id":888177562072924200,"id_str":"888177562072924161","text":"ちょま\n\nちょ待って\n\nしょーちゃん\n\nめっっっっちゃかわいい…\n\n待ち受けにする、かわいい… https://t.co/yVc3ZZ67Tm","truncated":false,"entities":{"hashtags":[],"symbols":[],"user_mentions":[],"urls":[{"url":"https://t.co/yVc3ZZ67Tm","expanded_url":"https://twitter.com/takumi_kizu/status/888168560769486848","display_url":"twitter.com/takumi_kizu/st…","indices":[48,71]}]},"metadata":{"iso_language_code":"ja","result_type":"recent"},"source":"<a href=\"http://twitter.com/download/iphone\" rel=\"nofollow\">Twitter for iPhone</a>","in_reply_to_status_id":null,"in_reply_to_status_id_str":null,"in_reply_to_user_id":null,"in_reply_to_user_id_str":null,"in_reply_to_screen_name":null,"user":{"id":2922009476,"id_str":"2922009476","name":"岸 洋佑","screen_name":"YosukeYou","location":"公式サイト→","description":"株式会社要堂所属/株式会社ケイダッシュ(業務提携)/#シンガーソングライター/#宇宙戦隊キュウレンジャー/サソリオレンジ・スティンガー役で出演中/お肉とラジオが大好き/フォローありがとう🦂🍊","url":"https://t.co/uCdCwCnMIk","entities":{"url":{"urls":[{"url":"https://t.co/uCdCwCnMIk","expanded_url":"http://kishiyosuke.jp/","display_url":"kishiyosuke.jp","indices":[0,23]}]},"description":{"urls":[]}},"protected":false,"followers_count":37922,"friends_count":95,"listed_count":579,"created_at":"Sun Dec 07 19:18:40 +0000 2014","favourites_count":1076,"utc_offset":32400,"time_zone":"Tokyo","geo_enabled":false,"verified":false,"statuses_count":5180,"lang":"ja","contributors_enabled":false,"is_translator":false,"is_translation_enabled":false,"profile_background_color":"C0DEED","profile_background_image_url":"http://abs.twimg.com/images/themes/theme1/bg.png","profile_background_image_url_https":"https://abs.twimg.com/images/themes/theme1/bg.png","profile_background_tile":false,"profile_image_url":"http://pbs.twimg.com/profile_images/880675159606272000/2TnoiHtB_normal.jpg","profile_image_url_https":"https://pbs.twimg.com/profile_images/880675159606272000/2TnoiHtB_normal.jpg","profile_banner_url":"https://pbs.twimg.com/profile_banners/2922009476/1482811076","profile_link_color":"1DA1F2","profile_sidebar_border_color":"C0DEED","profile_sidebar_fill_color":"DDEEF6","profile_text_color":"333333","profile_use_background_image":true,"has_extended_profile":true,"default_profile":true,"default_profile_image":false,"following":false,"follow_request_sent":false,"notifications":false,"translator_type":"none"},"geo":null,"coordinates":null,"place":null,"contributors":null,"is_quote_status":true,"quoted_status_id":888168560769486800,"quoted_status_id_str":"888168560769486848","quoted_status":{"created_at":"Thu Jul 20 22:47:40 +0000 2017","id":888168560769486800,"id_str":"888168560769486848","text":"おはよー\n\n朝から\nしょうちゃんの膝枕で寝る\n岸アニ\n\n贅沢だ… https://t.co/Bqsh6aSsW4","truncated":false,"entities":{"hashtags":[],"symbols":[],"user_mentions":[],"urls":[],"media":[{"id":888168542075408400,"id_str":"888168542075408384","indices":[33,56],"media_url":"http://pbs.twimg.com/media/DFNolVMU0AAbocS.jpg","media_url_https":"https://pbs.twimg.com/media/DFNolVMU0AAbocS.jpg","url":"https://t.co/Bqsh6aSsW4","display_url":"pic.twitter.com/Bqsh6aSsW4","expanded_url":"https://twitter.com/takumi_kizu/status/888168560769486848/photo/1","type":"photo","sizes":{"medium":{"w":900,"h":1200,"resize":"fit"},"thumb":{"w":150,"h":150,"resize":"crop"},"large":{"w":1536,"h":2048,"resize":"fit"},"small":{"w":510,"h":680,"resize":"fit"}}}]},"extended_entities":{"media":[{"id":888168542075408400,"id_str":"888168542075408384","indices":[33,56],"media_url":"http://pbs.twimg.com/media/DFNolVMU0AAbocS.jpg","media_url_https":"https://pbs.twimg.com/media/DFNolVMU0AAbocS.jpg","url":"https://t.co/Bqsh6aSsW4","display_url":"pic.twitter.com/Bqsh6aSsW4","expanded_url":"https://twitter.com/takumi_kizu/status/888168560769486848/photo/1","type":"photo","sizes":{"medium":{"w":900,"h":1200,"resize":"fit"},"thumb":{"w":150,"h":150,"resize":"crop"},"large":{"w":1536,"h":2048,"resize":"fit"},"small":{"w":510,"h":680,"resize":"fit"}}}]},"metadata":{"iso_language_code":"ja","result_type":"recent"},"source":"<a href=\"http://twitter.com/download/iphone\" rel=\"nofollow\">Twitter for iPhone</a>","in_reply_to_status_id":null,"in_reply_to_status_id_str":null,"in_reply_to_user_id":null,"in_reply_to_user_id_str":null,"in_reply_to_screen_name":null,"user":{"id":813273578166587400,"id_str":"813273578166587392","name":"岐洲 匠","screen_name":"takumi_kizu","location":"","description":"「第27回ジュノン・スーパーボーイ・コンテスト」出身 ／2017年2月12日スタート EX「宇宙戦隊キュウレンジャー」 シシレッド、ラッキー 役","url":"https://t.co/16uUOGCW83","entities":{"url":{"urls":[{"url":"https://t.co/16uUOGCW83","expanded_url":"http://www.web-foster.com/pc/artists/Kizu/Takumi","display_url":"web-foster.com/pc/artists/Kiz…","indices":[0,23]}]},"description":{"urls":[]}},"protected":false,"followers_count":26657,"friends_count":23,"listed_count":516,"created_at":"Mon Dec 26 06:41:45 +0000 2016","favourites_count":164,"utc_offset":null,"time_zone":null,"geo_enabled":false,"verified":false,"statuses_count":479,"lang":"ja","contributors_enabled":false,"is_translator":false,"is_translation_enabled":false,"profile_background_color":"F5F8FA","profile_background_image_url":null,"profile_background_image_url_https":null,"profile_background_tile":false,"profile_image_url":"http://pbs.twimg.com/profile_images/853840479997149184/EIjRXTNL_normal.jpg","profile_image_url_https":"https://pbs.twimg.com/profile_images/853840479997149184/EIjRXTNL_normal.jpg","profile_banner_url":"https://pbs.twimg.com/profile_banners/813273578166587392/1482735953","profile_link_color":"1DA1F2","profile_sidebar_border_color":"C0DEED","profile_sidebar_fill_color":"DDEEF6","profile_text_color":"333333","profile_use_background_image":true,"has_extended_profile":true,"default_profile":true,"default_profile_image":false,"following":false,"follow_request_sent":false,"notifications":false,"translator_type":"none"},"geo":null,"coordinates":null,"place":null,"contributors":null,"is_quote_status":false,"retweet_count":1236,"favorite_count":2496,"favorited":false,"retweeted":false,"possibly_sensitive":false,"lang":"ja"},"retweet_count":584,"favorite_count":1162,"favorited":false,"retweeted":false,"possibly_sensitive":false,"lang":"ja"},{"created_at":"Thu Jul 20 23:22:11 +0000 2017","id":888177245788840000,"id_str":"888177245788839936","text":"～欅共和国の5ヶ条～\n \n・欅坂46が大好きであること！\n・暑さ対策、水分補給を忘れずに！\n・びしょ濡れになっても笑顔で！\n・ケンカしないで仲良く！\n・思いっきり欅共和国を楽しむこと！\n \n以上、欅共和国からのお知らせでした！\n\n#欅坂46\n#欅共和国","truncated":false,"entities":{"hashtags":[{"text":"欅坂46","indices":[115,120]},{"text":"欅共和国","indices":[121,126]}],"symbols":[],"user_mentions":[],"urls":[]},"metadata":{"iso_language_code":"ja","result_type":"recent"},"source":"<a href=\"http://www.echofon.com/\" rel=\"nofollow\">Echofon</a>","in_reply_to_status_id":null,"in_reply_to_status_id_str":null,"in_reply_to_user_id":null,"in_reply_to_user_id_str":null,"in_reply_to_screen_name":null,"user":{"id":3433403638,"id_str":"3433403638","name":"欅坂46","screen_name":"keyakizaka46","location":"","description":"秋元康 総合プロデュース、乃木坂46に続く「坂道シリーズ」第2弾。2015年8月21日、乃木坂46結成から4年後の同じ日・同じ場所で結成。応募総数22,509名の中から選ばれたメンバーで2016年4月6日「サイレントマジョリティー」でデビュー!2017年7月19日1stアルバム「真っ白なものは汚したくなる」リリース予定","url":"https://t.co/Rpjth8X8lU","entities":{"url":{"urls":[{"url":"https://t.co/Rpjth8X8lU","expanded_url":"http://www.keyakizaka46.com/","display_url":"keyakizaka46.com","indices":[0,23]}]},"description":{"urls":[]}},"protected":false,"followers_count":438848,"friends_count":0,"listed_count":2165,"created_at":"Thu Aug 20 22:00:08 +0000 2015","favourites_count":0,"utc_offset":null,"time_zone":null,"geo_enabled":false,"verified":true,"statuses_count":949,"lang":"ja","contributors_enabled":false,"is_translator":false,"is_translation_enabled":false,"profile_background_color":"000000","profile_background_image_url":"http://abs.twimg.com/images/themes/theme1/bg.png","profile_background_image_url_https":"https://abs.twimg.com/images/themes/theme1/bg.png","profile_background_tile":false,"profile_image_url":"http://pbs.twimg.com/profile_images/875580356996415488/tN4jYZEL_normal.jpg","profile_image_url_https":"https://pbs.twimg.com/profile_images/875580356996415488/tN4jYZEL_normal.jpg","profile_banner_url":"https://pbs.twimg.com/profile_banners/3433403638/1450171390","profile_link_color":"5FB955","profile_sidebar_border_color":"000000","profile_sidebar_fill_color":"000000","profile_text_color":"000000","profile_use_background_image":false,"has_extended_profile":false,"default_profile":false,"default_profile_image":false,"following":false,"follow_request_sent":false,"notifications":false,"translator_type":"none"},"geo":null,"coordinates":null,"place":null,"contributors":null,"is_quote_status":false,"retweet_count":3677,"favorite_count":10929,"favorited":false,"retweeted":false,"lang":"ja"}],"search_metadata":{"completed_in":0.161,"max_id":888193076342136800,"max_id_str":"888193076342136832","next_results":"?max_id=888177245788839935&q=lang%3Aja%20min_retweets%3A500&include_entities=1","query":"lang%3Aja+min_retweets%3A500","refresh_url":"?since_id=888193076342136832&q=lang%3Aja%20min_retweets%3A500&include_entities=1","count":15,"since_id":0,"since_id_str":"0"}}