{"statuses":[{"created_at":"Tue Jul 18 16:28:33 +0000 2017","id":887348375175053300,"id_str":"887348375175053315","text":"冴えカノ https://t.co/7JpPtqRhgd","truncated":false,"entities":{"hashtags":[],"symbols":[],"user_mentions":[],"urls":[],"media":[{"id":887348358221676500,"id_str":"887348358221676544","indices":[5,28],"media_url":"http://pbs.twimg.com/media/DFB-oWPUQAA-vq3.jpg","media_url_https":"https://pbs.twimg.com/media/DFB-oWPUQAA-vq3.jpg","url":"https://t.co/7JpPtqRhgd","display_url":"pic.twitter.com/7JpPtqRhgd","expanded_url":"https://twitter.com/srghrg/status/887348375175053315/photo/1","type":"photo","sizes":{"thumb":{"w":150,"h":150,"resize":"crop"},"small":{"w":481,"h":680,"resize":"fit"},"large":{"w":800,"h":1130,"resize":"fit"},"medium":{"w":800,"h":1130,"resize":"fit"}}}]},"extended_entities":{"media":[{"id":887348358221676500,"id_str":"887348358221676544","indices":[5,28],"media_url":"http://pbs.twimg.com/media/DFB-oWPUQAA-vq3.jpg","media_url_https":"https://pbs.twimg.com/media/DFB-oWPUQAA-vq3.jpg","url":"https://t.co/7JpPtqRhgd","display_url":"pic.twitter.com/7JpPtqRhgd","expanded_url":"https://twitter.com/srghrg/status/887348375175053315/photo/1","type":"photo","sizes":{"thumb":{"w":150,"h":150,"resize":"crop"},"small":{"w":481,"h":680,"resize":"fit"},"large":{"w":800,"h":1130,"resize":"fit"},"medium":{"w":800,"h":1130,"resize":"fit"}}}]},"metadata":{"iso_language_code":"ja","result_type":"recent"},"source":"<a href=\"http://twitter.com\" rel=\"nofollow\">Twitter Web Client</a>","in_reply_to_status_id":null,"in_reply_to_status_id_str":null,"in_reply_to_user_id":null,"in_reply_to_user_id_str":null,"in_reply_to_screen_name":null,"user":{"id":3309724100,"id_str":"3309724100","name":"掃除朋具@7月単行本","screen_name":"srghrg","location":"","description":"成人向けで描いてます。 \n\n■お題箱https://t.co/ZnIOCGzh7x","url":"https://t.co/NCkw5wOqtd","entities":{"url":{"urls":[{"url":"https://t.co/NCkw5wOqtd","expanded_url":"http://www.pixiv.net/member.php?id=4856899","display_url":"pixiv.net/member.php?id=…","indices":[0,23]}]},"description":{"urls":[{"url":"https://t.co/ZnIOCGzh7x","expanded_url":"https://odaibako.net/u/srghrg","display_url":"odaibako.net/u/srghrg","indices":[18,41]}]}},"protected":false,"followers_count":31512,"friends_count":248,"listed_count":773,"created_at":"Sat Aug 08 14:13:23 +0000 2015","favourites_count":54,"utc_offset":-25200,"time_zone":"Pacific Time (US & Canada)","geo_enabled":false,"verified":false,"statuses_count":409,"lang":"ja","contributors_enabled":false,"is_translator":false,"is_translation_enabled":false,"profile_background_color":"C0DEED","profile_background_image_url":"http://abs.twimg.com/images/themes/theme1/bg.png","profile_background_image_url_https":"https://abs.twimg.com/images/themes/theme1/bg.png","profile_background_tile":false,"profile_image_url":"http://pbs.twimg.com/profile_images/669845115591004160/jMykGfdb_normal.png","profile_image_url_https":"https://pbs.twimg.com/profile_images/669845115591004160/jMykGfdb_normal.png","profile_link_color":"1DA1F2","profile_sidebar_border_color":"C0DEED","profile_sidebar_fill_color":"DDEEF6","profile_text_color":"333333","profile_use_background_image":true,"has_extended_profile":false,"default_profile":true,"default_profile_image":false,"following":false,"follow_request_sent":false,"notifications":false,"translator_type":"none"},"geo":null,"coordinates":null,"place":null,"contributors":null,"is_quote_status":false,"retweet_count":1265,"favorite_count":3276,"favorited":false,"retweeted":false,"possibly_sensitive":false,"lang":"ja"},{"created_at":"Tue Jul 18 16:18:11 +0000 2017","id":887345764715814900,"id_str":"887345764715814913","text":"城ヶ崎美嘉 https://t.co/3QClRCEt5I","truncated":false,"entities":{"hashtags":[],"symbols":[],"user_mentions":[],"urls":[],"media":[{"id":887345760831799300,"id_str":"887345760831799296","indices":[6,29],"media_url":"http://pbs.twimg.com/media/DFB8RKNUAAAm8z4.jpg","media_url_https":"https://pbs.twimg.com/media/DFB8RKNUAAAm8z4.jpg","url":"https://t.co/3QClRCEt5I","display_url":"pic.twitter.com/3QClRCEt5I","expanded_url":"https://twitter.com/redeye_rkgk/status/887345764715814913/photo/1","type":"photo","sizes":{"small":{"w":510,"h":680,"resize":"fit"},"thumb":{"w":150,"h":150,"resize":"crop"},"medium":{"w":900,"h":1200,"resize":"fit"},"large":{"w":1200,"h":1600,"resize":"fit"}}}]},"extended_entities":{"media":[{"id":887345760831799300,"id_str":"887345760831799296","indices":[6,29],"media_url":"http://pbs.twimg.com/media/DFB8RKNUAAAm8z4.jpg","media_url_https":"https://pbs.twimg.com/media/DFB8RKNUAAAm8z4.jpg","url":"https://t.co/3QClRCEt5I","display_url":"pic.twitter.com/3QClRCEt5I","expanded_url":"https://twitter.com/redeye_rkgk/status/887345764715814913/photo/1","type":"photo","sizes":{"small":{"w":510,"h":680,"resize":"fit"},"thumb":{"w":150,"h":150,"resize":"crop"},"medium":{"w":900,"h":1200,"resize":"fit"},"large":{"w":1200,"h":1600,"resize":"fit"}}}]},"metadata":{"iso_language_code":"ja","result_type":"recent"},"source":"<a href=\"http://janetter.net/\" rel=\"nofollow\">Janetter</a>","in_reply_to_status_id":null,"in_reply_to_status_id_str":null,"in_reply_to_user_id":null,"in_reply_to_user_id_str":null,"in_reply_to_screen_name":null,"user":{"id":2264628680,"id_str":"2264628680","name":"redeye","screen_name":"redeye_rkgk","location":"","description":"Funky Methodist","url":null,"entities":{"description":{"urls":[]}},"protected":false,"followers_count":6426,"friends_count":8,"listed_count":227,"created_at":"Fri Dec 27 16:53:44 +0000 2013","favourites_count":0,"utc_offset":32400,"time_zone":"Tokyo","geo_enabled":false,"verified":false,"statuses_count":16716,"lang":"ja","contributors_enabled":false,"is_translator":false,"is_translation_enabled":false,"profile_background_color":"000000","profile_background_image_url":"http://abs.twimg.com/images/themes/theme18/bg.gif","profile_background_image_url_https":"https://abs.twimg.com/images/themes/theme18/bg.gif","profile_background_tile":false,"profile_image_url":"http://pbs.twimg.com/profile_images/875378226285092864/pm0MrnYW_normal.jpg","profile_image_url_https":"https://pbs.twimg.com/profile_images/875378226285092864/pm0MrnYW_normal.jpg","profile_banner_url":"https://pbs.twimg.com/profile_banners/2264628680/1497541491","profile_link_color":"F5ABB5","profile_sidebar_border_color":"000000","profile_sidebar_fill_color":"000000","profile_text_color":"000000","profile_use_background_image":false,"has_extended_profile":false,"default_profile":false,"default_profile_image":false,"following":false,"follow_request_sent":false,"notifications":false,"translator_type":"none"},"geo":null,"coordinates":null,"place":null,"contributors":null,"is_quote_status":false,"retweet_count":813,"favorite_count":1571,"favorited":false,"retweeted":false,"possibly_sensitive":false,"lang":"ja"},{"created_at":"Tue Jul 18 16:15:06 +0000 2017","id":887344989755154400,"id_str":"887344989755154433","text":"実は(もう気付いてるかな？笑)、Goody-Good GirlのMVにDa-iCEの颯と想太がダンサーとして出てくれました！!\n颯と想太カッコよく踊ってくれてありがとう🙏🙏🙏\n@Da_iCE_HAYATE \n@Da_iCE_SOTA","truncated":false,"entities":{"hashtags":[],"symbols":[],"user_mentions":[{"screen_name":"Da_iCE_HAYATE","name":"和田颯","id":210435262,"id_str":"210435262","indices":[88,102]},{"screen_name":"Da_iCE_SOTA","name":"花村想太","id":143788104,"id_str":"143788104","indices":[104,116]}],"urls":[]},"metadata":{"iso_language_code":"ja","result_type":"recent"},"source":"<a href=\"http://twitter.com/download/iphone\" rel=\"nofollow\">Twitter for iPhone</a>","in_reply_to_status_id":null,"in_reply_to_status_id_str":null,"in_reply_to_user_id":null,"in_reply_to_user_id_str":null,"in_reply_to_screen_name":null,"user":{"id":216733863,"id_str":"216733863","name":"Shinjiro Atae(AAA)","screen_name":"A_Shinjirooooo","location":"","description":"AAA 與 真司郎 Both English and Japanese are available. ☆ https://t.co/11MlYi01ix","url":"https://t.co/24NM4ljohM","entities":{"url":{"urls":[{"url":"https://t.co/24NM4ljohM","expanded_url":"https://freshlive.tv/shinjiro-atae","display_url":"freshlive.tv/shinjiro-atae","indices":[0,23]}]},"description":{"urls":[{"url":"https://t.co/11MlYi01ix","expanded_url":"https://www.instagram.com/shinjiroatae1126","display_url":"instagram.com/shinjiroatae11…","indices":[53,76]}]}},"protected":false,"followers_count":893823,"friends_count":66,"listed_count":5146,"created_at":"Wed Nov 17 15:30:55 +0000 2010","favourites_count":0,"utc_offset":32400,"time_zone":"Seoul","geo_enabled":true,"verified":true,"statuses_count":5858,"lang":"ja","contributors_enabled":false,"is_translator":false,"is_translation_enabled":true,"profile_background_color":"C0DEED","profile_background_image_url":"http://abs.twimg.com/images/themes/theme1/bg.png","profile_background_image_url_https":"https://abs.twimg.com/images/themes/theme1/bg.png","profile_background_tile":false,"profile_image_url":"http://pbs.twimg.com/profile_images/848336932765483008/PEPk-y37_normal.jpg","profile_image_url_https":"https://pbs.twimg.com/profile_images/848336932765483008/PEPk-y37_normal.jpg","profile_banner_url":"https://pbs.twimg.com/profile_banners/216733863/1491094263","profile_link_color":"1DA1F2","profile_sidebar_border_color":"C0DEED","profile_sidebar_fill_color":"DDEEF6","profile_text_color":"333333","profile_use_background_image":true,"has_extended_profile":false,"default_profile":true,"default_profile_image":false,"following":false,"follow_request_sent":false,"notifications":false,"translator_type":"none"},"geo":null,"coordinates":null,"place":null,"contributors":null,"is_quote_status":false,"retweet_count":1182,"favorite_count":5666,"favorited":false,"retweeted":false,"lang":"ja"},{"created_at":"Tue Jul 18 15:57:31 +0000 2017","id":887340565263564800,"id_str":"887340565263564800","text":"みんなホンマにホンマにいつもありがとう🙏🙏iTunesのMVランキング1位とか嬉しすぎる☺️ 曲の方もランキングあがってきてるみたいでもう感謝感謝です🙏\nかっこいい曲に仕上がったのでまだ聴いてない方は是非是非聴いてみてください😎\n#Goodygoodgirl \n#GGG","truncated":false,"entities":{"hashtags":[{"text":"Goodygoodgirl","indices":[115,129]},{"text":"GGG","indices":[131,135]}],"symbols":[],"user_mentions":[],"urls":[]},"metadata":{"iso_language_code":"ja","result_type":"recent"},"source":"<a href=\"http://twitter.com/download/iphone\" rel=\"nofollow\">Twitter for iPhone</a>","in_reply_to_status_id":null,"in_reply_to_status_id_str":null,"in_reply_to_user_id":null,"in_reply_to_user_id_str":null,"in_reply_to_screen_name":null,"user":{"id":216733863,"id_str":"216733863","name":"Shinjiro Atae(AAA)","screen_name":"A_Shinjirooooo","location":"","description":"AAA 與 真司郎 Both English and Japanese are available. ☆ https://t.co/11MlYi01ix","url":"https://t.co/24NM4ljohM","entities":{"url":{"urls":[{"url":"https://t.co/24NM4ljohM","expanded_url":"https://freshlive.tv/shinjiro-atae","display_url":"freshlive.tv/shinjiro-atae","indices":[0,23]}]},"description":{"urls":[{"url":"https://t.co/11MlYi01ix","expanded_url":"https://www.instagram.com/shinjiroatae1126","display_url":"instagram.com/shinjiroatae11…","indices":[53,76]}]}},"protected":false,"followers_count":893823,"friends_count":66,"listed_count":5146,"created_at":"Wed Nov 17 15:30:55 +0000 2010","favourites_count":0,"utc_offset":32400,"time_zone":"Seoul","geo_enabled":true,"verified":true,"statuses_count":5858,"lang":"ja","contributors_enabled":false,"is_translator":false,"is_translation_enabled":true,"profile_background_color":"C0DEED","profile_background_image_url":"http://abs.twimg.com/images/themes/theme1/bg.png","profile_background_image_url_https":"https://abs.twimg.com/images/themes/theme1/bg.png","profile_background_tile":false,"profile_image_url":"http://pbs.twimg.com/profile_images/848336932765483008/PEPk-y37_normal.jpg","profile_image_url_https":"https://pbs.twimg.com/profile_images/848336932765483008/PEPk-y37_normal.jpg","profile_banner_url":"https://pbs.twimg.com/profile_banners/216733863/1491094263","profile_link_color":"1DA1F2","profile_sidebar_border_color":"C0DEED","profile_sidebar_fill_color":"DDEEF6","profile_text_color":"333333","profile_use_background_image":true,"has_extended_profile":false,"default_profile":true,"default_profile_image":false,"following":false,"follow_request_sent":false,"notifications":false,"translator_type":"none"},"geo":null,"coordinates":null,"place":null,"contributors":null,"is_quote_status":false,"retweet_count":941,"favorite_count":5827,"favorited":false,"retweeted":false,"lang":"ja"},{"created_at":"Tue Jul 18 15:34:12 +0000 2017","id":887334699357544400,"id_str":"887334699357544448","text":"阿武隈ちゃんサマー https://t.co/cvxlpA0PUt","truncated":false,"entities":{"hashtags":[],"symbols":[],"user_mentions":[],"urls":[],"media":[{"id":887334687042973700,"id_str":"887334687042973696","indices":[10,33],"media_url":"http://pbs.twimg.com/media/DFByMlIUMAAg5GV.jpg","media_url_https":"https://pbs.twimg.com/media/DFByMlIUMAAg5GV.jpg","url":"https://t.co/cvxlpA0PUt","display_url":"pic.twitter.com/cvxlpA0PUt","expanded_url":"https://twitter.com/negahami/status/887334699357544448/photo/1","type":"photo","sizes":{"large":{"w":1305,"h":1016,"resize":"fit"},"medium":{"w":1200,"h":934,"resize":"fit"},"thumb":{"w":150,"h":150,"resize":"crop"},"small":{"w":680,"h":529,"resize":"fit"}}}]},"extended_entities":{"media":[{"id":887334687042973700,"id_str":"887334687042973696","indices":[10,33],"media_url":"http://pbs.twimg.com/media/DFByMlIUMAAg5GV.jpg","media_url_https":"https://pbs.twimg.com/media/DFByMlIUMAAg5GV.jpg","url":"https://t.co/cvxlpA0PUt","display_url":"pic.twitter.com/cvxlpA0PUt","expanded_url":"https://twitter.com/negahami/status/887334699357544448/photo/1","type":"photo","sizes":{"large":{"w":1305,"h":1016,"resize":"fit"},"medium":{"w":1200,"h":934,"resize":"fit"},"thumb":{"w":150,"h":150,"resize":"crop"},"small":{"w":680,"h":529,"resize":"fit"}}}]},"metadata":{"iso_language_code":"ja","result_type":"recent"},"source":"<a href=\"http://twitter.com/#!/download/ipad\" rel=\"nofollow\">Twitter for iPad</a>","in_reply_to_status_id":null,"in_reply_to_status_id_str":null,"in_reply_to_user_id":null,"in_reply_to_user_id_str":null,"in_reply_to_screen_name":null,"user":{"id":843654061953957900,"id_str":"843654061953957888","name":"Negahami","screen_name":"negahami","location":"","description":"はじめまして！Negahami(ねがはみ)と言います！お絵描きと車が大好きです。よろしくお願いします！ニコニコ静画: https://t.co/siVEhsVUdz pixiv: https://t.co/SXEfsO6rbG","url":null,"entities":{"description":{"urls":[{"url":"https://t.co/siVEhsVUdz","expanded_url":"http://seiga.nicovideo.jp/user/illust/13024674","display_url":"seiga.nicovideo.jp/user/illust/13…","indices":[59,82]},{"url":"https://t.co/SXEfsO6rbG","expanded_url":"https://touch.pixiv.net/member.php?id=2569219","display_url":"touch.pixiv.net/member.php?id=…","indices":[90,113]}]}},"protected":false,"followers_count":10504,"friends_count":116,"listed_count":205,"created_at":"Mon Mar 20 02:42:57 +0000 2017","favourites_count":544,"utc_offset":null,"time_zone":null,"geo_enabled":false,"verified":false,"statuses_count":1031,"lang":"ja","contributors_enabled":false,"is_translator":false,"is_translation_enabled":false,"profile_background_color":"F5F8FA","profile_background_image_url":null,"profile_background_image_url_https":null,"profile_background_tile":false,"profile_image_url":"http://pbs.twimg.com/profile_images/883506504980078592/qYJ6hMn0_normal.jpg","profile_image_url_https":"https://pbs.twimg.com/profile_images/883506504980078592/qYJ6hMn0_normal.jpg","profile_banner_url":"https://pbs.twimg.com/profile_banners/843654061953957888/1495543954","profile_link_color":"1DA1F2","profile_sidebar_border_color":"C0DEED","profile_sidebar_fill_color":"DDEEF6","profile_text_color":"333333","profile_use_background_image":true,"has_extended_profile":true,"default_profile":true,"default_profile_image":false,"following":false,"follow_request_sent":false,"notifications":false,"translator_type":"none"},"geo":null,"coordinates":null,"place":null,"contributors":null,"is_quote_status":false,"retweet_count":599,"favorite_count":1342,"favorited":false,"retweeted":false,"possibly_sensitive":false,"lang":"ja"},{"created_at":"Tue Jul 18 15:33:44 +0000 2017","id":887334578494488600,"id_str":"887334578494488576","text":"えっ？！！ホンマに？！嬉しすぎるー😭😭😭 https://t.co/6BIGuwskVc","truncated":false,"entities":{"hashtags":[],"symbols":[],"user_mentions":[],"urls":[{"url":"https://t.co/6BIGuwskVc","expanded_url":"https://twitter.com/mikipuluuun_oo/status/887331947118084096","display_url":"twitter.com/mikipuluuun_oo…","indices":[21,44]}]},"metadata":{"iso_language_code":"ja","result_type":"recent"},"source":"<a href=\"http://twitter.com/download/iphone\" rel=\"nofollow\">Twitter for iPhone</a>","in_reply_to_status_id":null,"in_reply_to_status_id_str":null,"in_reply_to_user_id":null,"in_reply_to_user_id_str":null,"in_reply_to_screen_name":null,"user":{"id":216733863,"id_str":"216733863","name":"Shinjiro Atae(AAA)","screen_name":"A_Shinjirooooo","location":"","description":"AAA 與 真司郎 Both English and Japanese are available. ☆ https://t.co/11MlYi01ix","url":"https://t.co/24NM4ljohM","entities":{"url":{"urls":[{"url":"https://t.co/24NM4ljohM","expanded_url":"https://freshlive.tv/shinjiro-atae","display_url":"freshlive.tv/shinjiro-atae","indices":[0,23]}]},"description":{"urls":[{"url":"https://t.co/11MlYi01ix","expanded_url":"https://www.instagram.com/shinjiroatae1126","display_url":"instagram.com/shinjiroatae11…","indices":[53,76]}]}},"protected":false,"followers_count":893823,"friends_count":66,"listed_count":5146,"created_at":"Wed Nov 17 15:30:55 +0000 2010","favourites_count":0,"utc_offset":32400,"time_zone":"Seoul","geo_enabled":true,"verified":true,"statuses_count":5858,"lang":"ja","contributors_enabled":false,"is_translator":false,"is_translation_enabled":true,"profile_background_color":"C0DEED","profile_background_image_url":"http://abs.twimg.com/images/themes/theme1/bg.png","profile_background_image_url_https":"https://abs.twimg.com/images/themes/theme1/bg.png","profile_background_tile":false,"profile_image_url":"http://pbs.twimg.com/profile_images/848336932765483008/PEPk-y37_normal.jpg","profile_image_url_https":"https://pbs.twimg.com/profile_images/848336932765483008/PEPk-y37_normal.jpg","profile_banner_url":"https://pbs.twimg.com/profile_banners/216733863/1491094263","profile_link_color":"1DA1F2","profile_sidebar_border_color":"C0DEED","profile_sidebar_fill_color":"DDEEF6","profile_text_color":"333333","profile_use_background_image":true,"has_extended_profile":false,"default_profile":true,"default_profile_image":false,"following":false,"follow_request_sent":false,"notifications":false,"translator_type":"none"},"geo":null,"coordinates":null,"place":null,"contributors":null,"is_quote_status":true,"quoted_status_id":887331947118084100,"quoted_status_id_str":"887331947118084096","quoted_status":{"created_at":"Tue Jul 18 15:23:16 +0000 2017","id":887331947118084100,"id_str":"887331947118084096","text":"@A_Shinjirooooo MVランキング1位おめでとうございます！！！㊗️㊗️㊗️㊗️ https://t.co/k9KmNCtArX","truncated":false,"entities":{"hashtags":[],"symbols":[],"user_mentions":[{"screen_name":"A_Shinjirooooo","name":"Shinjiro Atae(AAA)","id":216733863,"id_str":"216733863","indices":[0,15]}],"urls":[],"media":[{"id":887331939287408600,"id_str":"887331939287408640","indices":[47,70],"media_url":"http://pbs.twimg.com/media/DFBvso8VoAAiayc.jpg","media_url_https":"https://pbs.twimg.com/media/DFBvso8VoAAiayc.jpg","url":"https://t.co/k9KmNCtArX","display_url":"pic.twitter.com/k9KmNCtArX","expanded_url":"https://twitter.com/mikipuluuun_oO/status/887331947118084096/photo/1","type":"photo","sizes":{"thumb":{"w":150,"h":150,"resize":"crop"},"medium":{"w":1024,"h":931,"resize":"fit"},"large":{"w":1024,"h":931,"resize":"fit"},"small":{"w":680,"h":618,"resize":"fit"}}}]},"extended_entities":{"media":[{"id":887331939287408600,"id_str":"887331939287408640","indices":[47,70],"media_url":"http://pbs.twimg.com/media/DFBvso8VoAAiayc.jpg","media_url_https":"https://pbs.twimg.com/media/DFBvso8VoAAiayc.jpg","url":"https://t.co/k9KmNCtArX","display_url":"pic.twitter.com/k9KmNCtArX","expanded_url":"https://twitter.com/mikipuluuun_oO/status/887331947118084096/photo/1","type":"photo","sizes":{"thumb":{"w":150,"h":150,"resize":"crop"},"medium":{"w":1024,"h":931,"resize":"fit"},"large":{"w":1024,"h":931,"resize":"fit"},"small":{"w":680,"h":618,"resize":"fit"}}}]},"metadata":{"iso_language_code":"ja","result_type":"recent"},"source":"<a href=\"http://twitter.com/download/iphone\" rel=\"nofollow\">Twitter for iPhone</a>","in_reply_to_status_id":887331733779107800,"in_reply_to_status_id_str":"887331733779107840","in_reply_to_user_id":216733863,"in_reply_to_user_id_str":"216733863","in_reply_to_screen_name":"A_Shinjirooooo","user":{"id":798468270097432600,"id_str":"798468270097432576","name":"み き ぷ る 🐼","screen_name":"mikipuluuun_oO","location":"しん「みき、、？みき！！」0624指差し","description":"_______ 🌎ア イ チ 県 の 〜 高 校 ２ 年 生 🎒______ ✈️與ちゃん PARADISE🇺🇸もかすけ #mocas F r i！ 🌈0505與TS色紙当選🌈 《らぶ @aaa__rn006 》 next0730 0815 0902 0903","url":"https://t.co/iklVQs8GK5","entities":{"url":{"urls":[{"url":"https://t.co/iklVQs8GK5","expanded_url":"https://Instagram.com/mikipuluuun_","display_url":"Instagram.com/mikipuluuun_","indices":[0,23]}]},"description":{"urls":[]}},"protected":false,"followers_count":1433,"friends_count":442,"listed_count":34,"created_at":"Tue Nov 15 10:10:45 +0000 2016","favourites_count":33,"utc_offset":null,"time_zone":null,"geo_enabled":false,"verified":false,"statuses_count":1387,"lang":"ja","contributors_enabled":false,"is_translator":false,"is_translation_enabled":false,"profile_background_color":"F5F8FA","profile_background_image_url":null,"profile_background_image_url_https":null,"profile_background_tile":false,"profile_image_url":"http://pbs.twimg.com/profile_images/855788672825696256/TDYDwIh3_normal.jpg","profile_image_url_https":"https://pbs.twimg.com/profile_images/855788672825696256/TDYDwIh3_normal.jpg","profile_banner_url":"https://pbs.twimg.com/profile_banners/798468270097432576/1482471773","profile_link_color":"1DA1F2","profile_sidebar_border_color":"C0DEED","profile_sidebar_fill_color":"DDEEF6","profile_text_color":"333333","profile_use_background_image":true,"has_extended_profile":true,"default_profile":true,"default_profile_image":false,"following":false,"follow_request_sent":false,"notifications":false,"translator_type":"none"},"geo":null,"coordinates":null,"place":null,"contributors":null,"is_quote_status":false,"retweet_count":54,"favorite_count":362,"favorited":false,"retweeted":false,"possibly_sensitive":false,"lang":"ja"},"retweet_count":659,"favorite_count":4963,"favorited":false,"retweeted":false,"possibly_sensitive":false,"lang":"ja"},{"created_at":"Tue Jul 18 15:26:58 +0000 2017","id":887332876374519800,"id_str":"887332876374519808","text":"今日はDOCUMENTARY of　OLDCODEX Tour 2016-2017“FIXED ENGINE” のリミテッド版の制作を致しました。一つ一つ丹精込められた個性あるアートワークになっています。ご購入頂いた方々、お手元に… https://t.co/2zqZdGdK6U","truncated":true,"entities":{"hashtags":[],"symbols":[],"user_mentions":[],"urls":[{"url":"https://t.co/2zqZdGdK6U","expanded_url":"https://twitter.com/i/web/status/887332876374519808","display_url":"twitter.com/i/web/status/8…","indices":[117,140]}]},"metadata":{"iso_language_code":"ja","result_type":"recent"},"source":"<a href=\"http://twitter.com/download/iphone\" rel=\"nofollow\">Twitter for iPhone</a>","in_reply_to_status_id":null,"in_reply_to_status_id_str":null,"in_reply_to_user_id":null,"in_reply_to_user_id_str":null,"in_reply_to_screen_name":null,"user":{"id":108644326,"id_str":"108644326","name":"OLDCODEX","screen_name":"OLDCODEX_NEWS","location":"TOKYO","description":"OLDCODEX公式Twitter！OLDCODEXの最新情報はOfficial HPとこのTWITTERから！","url":"https://t.co/GlsxMjoWjw","entities":{"url":{"urls":[{"url":"https://t.co/GlsxMjoWjw","expanded_url":"https://www.oldcodex.com/","display_url":"oldcodex.com","indices":[0,23]}]},"description":{"urls":[]}},"protected":false,"followers_count":147191,"friends_count":13,"listed_count":2931,"created_at":"Tue Jan 26 16:10:37 +0000 2010","favourites_count":0,"utc_offset":32400,"time_zone":"Tokyo","geo_enabled":false,"verified":false,"statuses_count":2854,"lang":"ja","contributors_enabled":false,"is_translator":false,"is_translation_enabled":false,"profile_background_color":"1A1B1F","profile_background_image_url":"http://pbs.twimg.com/profile_background_images/285854220/logo2_black.jpg","profile_background_image_url_https":"https://pbs.twimg.com/profile_background_images/285854220/logo2_black.jpg","profile_background_tile":true,"profile_image_url":"http://pbs.twimg.com/profile_images/871567730767314944/xnIaxItC_normal.jpg","profile_image_url_https":"https://pbs.twimg.com/profile_images/871567730767314944/xnIaxItC_normal.jpg","profile_banner_url":"https://pbs.twimg.com/profile_banners/108644326/1496633602","profile_link_color":"2FC2EF","profile_sidebar_border_color":"181A1E","profile_sidebar_fill_color":"252429","profile_text_color":"666666","profile_use_background_image":true,"has_extended_profile":false,"default_profile":false,"default_profile_image":false,"following":false,"follow_request_sent":false,"notifications":false,"translator_type":"none"},"geo":null,"coordinates":null,"place":null,"contributors":null,"is_quote_status":false,"retweet_count":554,"favorite_count":1767,"favorited":false,"retweeted":false,"possibly_sensitive":false,"lang":"ja"},{"created_at":"Tue Jul 18 15:22:25 +0000 2017","id":887331733779107800,"id_str":"887331733779107840","text":"2nd楽曲『Goody-Good Girl』が配信スタートしましたー！！！\n\n【iTunes】\nhttps://t.co/0XurHg2QRN\n\n【レコチョク】\nhttps://t.co/7iKpb7fsGr\n\nみなさん！ぜひ、聴いて下さい🙏","truncated":false,"entities":{"hashtags":[],"symbols":[],"user_mentions":[],"urls":[{"url":"https://t.co/0XurHg2QRN","expanded_url":"https://itunes.apple.com/jp/album/id1255389165?app=itunes&ls=1","display_url":"itunes.apple.com/jp/album/id125…","indices":[48,71]},{"url":"https://t.co/7iKpb7fsGr","expanded_url":"http://recochoku.com/a0/shinjiroAtae_goodyGoodGirl/","display_url":"recochoku.com/a0/shinjiroAta…","indices":[81,104]}]},"metadata":{"iso_language_code":"ja","result_type":"recent"},"source":"<a href=\"http://twitter.com/download/iphone\" rel=\"nofollow\">Twitter for iPhone</a>","in_reply_to_status_id":null,"in_reply_to_status_id_str":null,"in_reply_to_user_id":null,"in_reply_to_user_id_str":null,"in_reply_to_screen_name":null,"user":{"id":216733863,"id_str":"216733863","name":"Shinjiro Atae(AAA)","screen_name":"A_Shinjirooooo","location":"","description":"AAA 與 真司郎 Both English and Japanese are available. ☆ https://t.co/11MlYi01ix","url":"https://t.co/24NM4ljohM","entities":{"url":{"urls":[{"url":"https://t.co/24NM4ljohM","expanded_url":"https://freshlive.tv/shinjiro-atae","display_url":"freshlive.tv/shinjiro-atae","indices":[0,23]}]},"description":{"urls":[{"url":"https://t.co/11MlYi01ix","expanded_url":"https://www.instagram.com/shinjiroatae1126","display_url":"instagram.com/shinjiroatae11…","indices":[53,76]}]}},"protected":false,"followers_count":893823,"friends_count":66,"listed_count":5146,"created_at":"Wed Nov 17 15:30:55 +0000 2010","favourites_count":0,"utc_offset":32400,"time_zone":"Seoul","geo_enabled":true,"verified":true,"statuses_count":5858,"lang":"ja","contributors_enabled":false,"is_translator":false,"is_translation_enabled":true,"profile_background_color":"C0DEED","profile_background_image_url":"http://abs.twimg.com/images/themes/theme1/bg.png","profile_background_image_url_https":"https://abs.twimg.com/images/themes/theme1/bg.png","profile_background_tile":false,"profile_image_url":"http://pbs.twimg.com/profile_images/848336932765483008/PEPk-y37_normal.jpg","profile_image_url_https":"https://pbs.twimg.com/profile_images/848336932765483008/PEPk-y37_normal.jpg","profile_banner_url":"https://pbs.twimg.com/profile_banners/216733863/1491094263","profile_link_color":"1DA1F2","profile_sidebar_border_color":"C0DEED","profile_sidebar_fill_color":"DDEEF6","profile_text_color":"333333","profile_use_background_image":true,"has_extended_profile":false,"default_profile":true,"default_profile_image":false,"following":false,"follow_request_sent":false,"notifications":false,"translator_type":"none"},"geo":null,"coordinates":null,"place":null,"contributors":null,"is_quote_status":false,"retweet_count":1095,"favorite_count":5834,"favorited":false,"retweeted":false,"possibly_sensitive":false,"lang":"ja"},{"created_at":"Tue Jul 18 15:21:10 +0000 2017","id":887331419273347100,"id_str":"887331419273347073","text":"本日7月19日は陽泉・劉偉の誕生日です。おめでとう！先輩相手でも物怖じせず、独特な毒舌でマイペースに会話を楽しんでいた劉。3年生になった今、今度は後輩たちにどんな言葉をかけているのか気になります。先輩たちの面倒見の良さは受け継いでくれているでしょうか…？(赤)#kurobas","truncated":false,"entities":{"hashtags":[{"text":"kurobas","indices":[130,138]}],"symbols":[],"user_mentions":[],"urls":[]},"metadata":{"iso_language_code":"ja","result_type":"recent"},"source":"<a href=\"http://twitter.com\" rel=\"nofollow\">Twitter Web Client</a>","in_reply_to_status_id":null,"in_reply_to_status_id_str":null,"in_reply_to_user_id":null,"in_reply_to_user_id_str":null,"in_reply_to_screen_name":null,"user":{"id":401831759,"id_str":"401831759","name":"アニメ黒子のバスケ","screen_name":"kurobasanime","location":"誠凛高校バスケ部","description":"アニメ「黒子のバスケ」の公式Twitterです。アニメに関するいろんな情報を関係者がつぶやきます。ハッシュタグ【#kurobas】　※フォロー返し、コメントリプライは実施していません。ご容赦ください。","url":"http://t.co/6U9iBqTBu9","entities":{"url":{"urls":[{"url":"http://t.co/6U9iBqTBu9","expanded_url":"http://www.kurobas.com/","display_url":"kurobas.com","indices":[0,22]}]},"description":{"urls":[]}},"protected":false,"followers_count":284047,"friends_count":0,"listed_count":4760,"created_at":"Mon Oct 31 04:44:26 +0000 2011","favourites_count":0,"utc_offset":32400,"time_zone":"Tokyo","geo_enabled":false,"verified":false,"statuses_count":3738,"lang":"ja","contributors_enabled":false,"is_translator":false,"is_translation_enabled":true,"profile_background_color":"C0DEED","profile_background_image_url":"http://abs.twimg.com/images/themes/theme1/bg.png","profile_background_image_url_https":"https://abs.twimg.com/images/themes/theme1/bg.png","profile_background_tile":false,"profile_image_url":"http://pbs.twimg.com/profile_images/681302376263761920/9CPjjeYo_normal.png","profile_image_url_https":"https://pbs.twimg.com/profile_images/681302376263761920/9CPjjeYo_normal.png","profile_banner_url":"https://pbs.twimg.com/profile_banners/401831759/1496211614","profile_link_color":"1DA1F2","profile_sidebar_border_color":"C0DEED","profile_sidebar_fill_color":"DDEEF6","profile_text_color":"333333","profile_use_background_image":true,"has_extended_profile":false,"default_profile":true,"default_profile_image":false,"following":false,"follow_request_sent":false,"notifications":false,"translator_type":"none"},"geo":null,"coordinates":null,"place":null,"contributors":null,"is_quote_status":false,"retweet_count":890,"favorite_count":1712,"favorited":false,"retweeted":false,"lang":"ja"},{"created_at":"Tue Jul 18 15:17:13 +0000 2017","id":887330424279539700,"id_str":"887330424279539712","text":"マシュ本の表紙絵できた https://t.co/65d0kLNWxz","truncated":false,"entities":{"hashtags":[],"symbols":[],"user_mentions":[],"urls":[],"media":[{"id":887330421561630700,"id_str":"887330421561630720","indices":[12,35],"media_url":"http://pbs.twimg.com/media/DFBuUS-UIAAEtg4.jpg","media_url_https":"https://pbs.twimg.com/media/DFBuUS-UIAAEtg4.jpg","url":"https://t.co/65d0kLNWxz","display_url":"pic.twitter.com/65d0kLNWxz","expanded_url":"https://twitter.com/Prime_tw/status/887330424279539712/photo/1","type":"photo","sizes":{"medium":{"w":600,"h":847,"resize":"fit"},"small":{"w":482,"h":680,"resize":"fit"},"thumb":{"w":150,"h":150,"resize":"crop"},"large":{"w":600,"h":847,"resize":"fit"}}}]},"extended_entities":{"media":[{"id":887330421561630700,"id_str":"887330421561630720","indices":[12,35],"media_url":"http://pbs.twimg.com/media/DFBuUS-UIAAEtg4.jpg","media_url_https":"https://pbs.twimg.com/media/DFBuUS-UIAAEtg4.jpg","url":"https://t.co/65d0kLNWxz","display_url":"pic.twitter.com/65d0kLNWxz","expanded_url":"https://twitter.com/Prime_tw/status/887330424279539712/photo/1","type":"photo","sizes":{"medium":{"w":600,"h":847,"resize":"fit"},"small":{"w":482,"h":680,"resize":"fit"},"thumb":{"w":150,"h":150,"resize":"crop"},"large":{"w":600,"h":847,"resize":"fit"}}}]},"metadata":{"iso_language_code":"ja","result_type":"recent"},"source":"<a href=\"http://janetter.net/\" rel=\"nofollow\">Janetter</a>","in_reply_to_status_id":null,"in_reply_to_status_id_str":null,"in_reply_to_user_id":null,"in_reply_to_user_id_str":null,"in_reply_to_screen_name":null,"user":{"id":104454315,"id_str":"104454315","name":"ぷらいむ@3日目東ミ22a","screen_name":"Prime_tw","location":"地方","description":"映画やアイカツが好きですじゃhttps://t.co/pf9541anJ8","url":"https://t.co/L8BsyJGFal","entities":{"url":{"urls":[{"url":"https://t.co/L8BsyJGFal","expanded_url":"http://www.pixiv.net/member.php?id=82688","display_url":"pixiv.net/member.php?id=…","indices":[0,23]}]},"description":{"urls":[{"url":"https://t.co/pf9541anJ8","expanded_url":"http://loflat.tumblr.com/","display_url":"loflat.tumblr.com","indices":[14,37]}]}},"protected":false,"followers_count":11604,"friends_count":1368,"listed_count":474,"created_at":"Wed Jan 13 11:24:40 +0000 2010","favourites_count":2389,"utc_offset":32400,"time_zone":"Tokyo","geo_enabled":true,"verified":false,"statuses_count":86992,"lang":"ja","contributors_enabled":false,"is_translator":false,"is_translation_enabled":false,"profile_background_color":"000000","profile_background_image_url":"http://abs.twimg.com/images/themes/theme13/bg.gif","profile_background_image_url_https":"https://abs.twimg.com/images/themes/theme13/bg.gif","profile_background_tile":false,"profile_image_url":"http://pbs.twimg.com/profile_images/622315750758289408/zadlCU9z_normal.jpg","profile_image_url_https":"https://pbs.twimg.com/profile_images/622315750758289408/zadlCU9z_normal.jpg","profile_banner_url":"https://pbs.twimg.com/profile_banners/104454315/1400126649","profile_link_color":"3B94D9","profile_sidebar_border_color":"000000","profile_sidebar_fill_color":"000000","profile_text_color":"000000","profile_use_background_image":false,"has_extended_profile":false,"default_profile":false,"default_profile_image":false,"following":false,"follow_request_sent":false,"notifications":false,"translator_type":"regular"},"geo":null,"coordinates":null,"place":null,"contributors":null,"is_quote_status":false,"retweet_count":674,"favorite_count":1932,"favorited":false,"retweeted":false,"possibly_sensitive":true,"lang":"ja"},{"created_at":"Tue Jul 18 15:15:43 +0000 2017","id":887330044535636000,"id_str":"887330044535635969","text":"「君が七人目のマスターと言う訳か？」 https://t.co/tRMjYwzTkd","truncated":false,"entities":{"hashtags":[],"symbols":[],"user_mentions":[],"urls":[],"media":[{"id":887330037447278600,"id_str":"887330037447278594","indices":[19,42],"media_url":"http://pbs.twimg.com/media/DFBt98CUQAI4RkG.jpg","media_url_https":"https://pbs.twimg.com/media/DFBt98CUQAI4RkG.jpg","url":"https://t.co/tRMjYwzTkd","display_url":"pic.twitter.com/tRMjYwzTkd","expanded_url":"https://twitter.com/joujinakata123/status/887330044535635969/photo/1","type":"photo","sizes":{"medium":{"w":580,"h":800,"resize":"fit"},"thumb":{"w":150,"h":150,"resize":"crop"},"large":{"w":580,"h":800,"resize":"fit"},"small":{"w":493,"h":680,"resize":"fit"}}}]},"extended_entities":{"media":[{"id":887330037447278600,"id_str":"887330037447278594","indices":[19,42],"media_url":"http://pbs.twimg.com/media/DFBt98CUQAI4RkG.jpg","media_url_https":"https://pbs.twimg.com/media/DFBt98CUQAI4RkG.jpg","url":"https://t.co/tRMjYwzTkd","display_url":"pic.twitter.com/tRMjYwzTkd","expanded_url":"https://twitter.com/joujinakata123/status/887330044535635969/photo/1","type":"photo","sizes":{"medium":{"w":580,"h":800,"resize":"fit"},"thumb":{"w":150,"h":150,"resize":"crop"},"large":{"w":580,"h":800,"resize":"fit"},"small":{"w":493,"h":680,"resize":"fit"}}}]},"metadata":{"iso_language_code":"ja","result_type":"recent"},"source":"<a href=\"http://twitter.com/#!/download/ipad\" rel=\"nofollow\">Twitter for iPad</a>","in_reply_to_status_id":null,"in_reply_to_status_id_str":null,"in_reply_to_user_id":null,"in_reply_to_user_id_str":null,"in_reply_to_screen_name":null,"user":{"id":343286186,"id_str":"343286186","name":"中田譲治","screen_name":"joujinakata123","location":"","description":"フォローして下さったのも何かの縁。ついでにヘルシング、巌窟王、ケロロ軍曹位はチェケラプリーズ。外画ならスリーハンドレッド、セックス・アンド・ザ・シティもね!","url":null,"entities":{"description":{"urls":[]}},"protected":false,"followers_count":299886,"friends_count":382,"listed_count":8548,"created_at":"Wed Jul 27 10:05:10 +0000 2011","favourites_count":3106,"utc_offset":32400,"time_zone":"Tokyo","geo_enabled":false,"verified":false,"statuses_count":46422,"lang":"ja","contributors_enabled":false,"is_translator":false,"is_translation_enabled":false,"profile_background_color":"C6E2EE","profile_background_image_url":"http://abs.twimg.com/images/themes/theme2/bg.gif","profile_background_image_url_https":"https://abs.twimg.com/images/themes/theme2/bg.gif","profile_background_tile":false,"profile_image_url":"http://pbs.twimg.com/profile_images/868849835008327680/_527ckFI_normal.jpg","profile_image_url_https":"https://pbs.twimg.com/profile_images/868849835008327680/_527ckFI_normal.jpg","profile_banner_url":"https://pbs.twimg.com/profile_banners/343286186/1500251716","profile_link_color":"1F98C7","profile_sidebar_border_color":"C6E2EE","profile_sidebar_fill_color":"DAECF4","profile_text_color":"663B12","profile_use_background_image":true,"has_extended_profile":false,"default_profile":false,"default_profile_image":false,"following":false,"follow_request_sent":false,"notifications":false,"translator_type":"none"},"geo":null,"coordinates":null,"place":null,"contributors":null,"is_quote_status":false,"retweet_count":588,"favorite_count":1291,"favorited":false,"retweeted":false,"possibly_sensitive":false,"lang":"ja"},{"created_at":"Tue Jul 18 15:08:52 +0000 2017","id":887328322803318800,"id_str":"887328322803318784","text":"ラテアート【三浦あずさ】＠ THE IDOLM@STER\n\n本日お誕生日で一杯。Happy Birthday!\n\n#三浦あずさ生誕祭2017 https://t.co/qbxpYEC7YC","truncated":false,"entities":{"hashtags":[{"text":"三浦あずさ生誕祭2017","indices":[57,70]}],"symbols":[],"user_mentions":[],"urls":[],"media":[{"id":887328164602536000,"id_str":"887328164602535936","indices":[71,94],"media_url":"http://pbs.twimg.com/media/DFBsQ7JVYAADk55.jpg","media_url_https":"https://pbs.twimg.com/media/DFBsQ7JVYAADk55.jpg","url":"https://t.co/qbxpYEC7YC","display_url":"pic.twitter.com/qbxpYEC7YC","expanded_url":"https://twitter.com/BELCORNO/status/887328322803318784/photo/1","type":"photo","sizes":{"thumb":{"w":150,"h":150,"resize":"crop"},"medium":{"w":1200,"h":1093,"resize":"fit"},"small":{"w":680,"h":620,"resize":"fit"},"large":{"w":2048,"h":1866,"resize":"fit"}}}]},"extended_entities":{"media":[{"id":887328164602536000,"id_str":"887328164602535936","indices":[71,94],"media_url":"http://pbs.twimg.com/media/DFBsQ7JVYAADk55.jpg","media_url_https":"https://pbs.twimg.com/media/DFBsQ7JVYAADk55.jpg","url":"https://t.co/qbxpYEC7YC","display_url":"pic.twitter.com/qbxpYEC7YC","expanded_url":"https://twitter.com/BELCORNO/status/887328322803318784/photo/1","type":"photo","sizes":{"thumb":{"w":150,"h":150,"resize":"crop"},"medium":{"w":1200,"h":1093,"resize":"fit"},"small":{"w":680,"h":620,"resize":"fit"},"large":{"w":2048,"h":1866,"resize":"fit"}}}]},"metadata":{"iso_language_code":"ja","result_type":"recent"},"source":"<a href=\"http://twitter.com\" rel=\"nofollow\">Twitter Web Client</a>","in_reply_to_status_id":null,"in_reply_to_status_id_str":null,"in_reply_to_user_id":null,"in_reply_to_user_id_str":null,"in_reply_to_screen_name":null,"user":{"id":434594614,"id_str":"434594614","name":"BELCORNO＠LatteArt","screen_name":"BELCORNO","location":"Ichinomiya Aichi Japan","description":"I draw latteart in Japan! 【YouTube】https://t.co/Xt7JEGl5jT 【Email】belcorno@gmail.com 愛知のイタリア料理店BELCORNO（ベルコルノ）です。ラテアートのお仕事承ります。似顔絵はたかねーさん@okabuhriより。","url":"https://t.co/XGfEg7YQYy","entities":{"url":{"urls":[{"url":"https://t.co/XGfEg7YQYy","expanded_url":"http://latteartist.jp/","display_url":"latteartist.jp","indices":[0,23]}]},"description":{"urls":[{"url":"https://t.co/Xt7JEGl5jT","expanded_url":"https://goo.gl/rdfY8Y","display_url":"goo.gl/rdfY8Y","indices":[35,58]}]}},"protected":false,"followers_count":61545,"friends_count":720,"listed_count":677,"created_at":"Mon Dec 12 02:19:43 +0000 2011","favourites_count":4846,"utc_offset":null,"time_zone":null,"geo_enabled":false,"verified":true,"statuses_count":24693,"lang":"ja","contributors_enabled":false,"is_translator":false,"is_translation_enabled":false,"profile_background_color":"000000","profile_background_image_url":"http://abs.twimg.com/images/themes/theme13/bg.gif","profile_background_image_url_https":"https://abs.twimg.com/images/themes/theme13/bg.gif","profile_background_tile":false,"profile_image_url":"http://pbs.twimg.com/profile_images/875585176729866240/LBUszy6Y_normal.jpg","profile_image_url_https":"https://pbs.twimg.com/profile_images/875585176729866240/LBUszy6Y_normal.jpg","profile_banner_url":"https://pbs.twimg.com/profile_banners/434594614/1401362015","profile_link_color":"300000","profile_sidebar_border_color":"000000","profile_sidebar_fill_color":"000000","profile_text_color":"000000","profile_use_background_image":false,"has_extended_profile":true,"default_profile":false,"default_profile_image":false,"following":false,"follow_request_sent":false,"notifications":false,"translator_type":"none"},"geo":null,"coordinates":null,"place":null,"contributors":null,"is_quote_status":false,"retweet_count":569,"favorite_count":687,"favorited":false,"retweeted":false,"possibly_sensitive":false,"lang":"ja"},{"created_at":"Tue Jul 18 15:06:40 +0000 2017","id":887327767208919000,"id_str":"887327767208919041","text":"大冒険中なのを描きました https://t.co/2qE1JJrIAY","truncated":false,"entities":{"hashtags":[],"symbols":[],"user_mentions":[],"urls":[],"media":[{"id":887327693338955800,"id_str":"887327693338955776","indices":[13,36],"media_url":"http://pbs.twimg.com/media/DFBr1fjV0AAA6j2.jpg","media_url_https":"https://pbs.twimg.com/media/DFBr1fjV0AAA6j2.jpg","url":"https://t.co/2qE1JJrIAY","display_url":"pic.twitter.com/2qE1JJrIAY","expanded_url":"https://twitter.com/nyororiso/status/887327767208919041/photo/1","type":"photo","sizes":{"large":{"w":850,"h":1200,"resize":"fit"},"small":{"w":482,"h":680,"resize":"fit"},"thumb":{"w":150,"h":150,"resize":"crop"},"medium":{"w":850,"h":1200,"resize":"fit"}}}]},"extended_entities":{"media":[{"id":887327693338955800,"id_str":"887327693338955776","indices":[13,36],"media_url":"http://pbs.twimg.com/media/DFBr1fjV0AAA6j2.jpg","media_url_https":"https://pbs.twimg.com/media/DFBr1fjV0AAA6j2.jpg","url":"https://t.co/2qE1JJrIAY","display_url":"pic.twitter.com/2qE1JJrIAY","expanded_url":"https://twitter.com/nyororiso/status/887327767208919041/photo/1","type":"photo","sizes":{"large":{"w":850,"h":1200,"resize":"fit"},"small":{"w":482,"h":680,"resize":"fit"},"thumb":{"w":150,"h":150,"resize":"crop"},"medium":{"w":850,"h":1200,"resize":"fit"}}}]},"metadata":{"iso_language_code":"ja","result_type":"recent"},"source":"<a href=\"http://twitter.com\" rel=\"nofollow\">Twitter Web Client</a>","in_reply_to_status_id":null,"in_reply_to_status_id_str":null,"in_reply_to_user_id":null,"in_reply_to_user_id_str":null,"in_reply_to_screen_name":null,"user":{"id":3050600294,"id_str":"3050600294","name":"のろり　2日目東B32a","screen_name":"nyororiso","location":"","description":"うろうろしてます　ふと思いついた絵を黙々描きます　ツイッターでは激しいのは投稿してませんがえろ描くよ　それと乗り物全般とか　漫画描く仕事したり　アニメの仕事したりイラストの仕事したりしてた！","url":null,"entities":{"description":{"urls":[]}},"protected":false,"followers_count":37361,"friends_count":417,"listed_count":944,"created_at":"Sat Feb 28 17:54:32 +0000 2015","favourites_count":35947,"utc_offset":28800,"time_zone":"Irkutsk","geo_enabled":false,"verified":false,"statuses_count":31227,"lang":"ja","contributors_enabled":false,"is_translator":false,"is_translation_enabled":false,"profile_background_color":"6FB4D6","profile_background_image_url":"http://abs.twimg.com/images/themes/theme1/bg.png","profile_background_image_url_https":"https://abs.twimg.com/images/themes/theme1/bg.png","profile_background_tile":false,"profile_image_url":"http://pbs.twimg.com/profile_images/875486599319924736/SN3BRYVd_normal.jpg","profile_image_url_https":"https://pbs.twimg.com/profile_images/875486599319924736/SN3BRYVd_normal.jpg","profile_banner_url":"https://pbs.twimg.com/profile_banners/3050600294/1487841252","profile_link_color":"0084B4","profile_sidebar_border_color":"000000","profile_sidebar_fill_color":"000000","profile_text_color":"000000","profile_use_background_image":true,"has_extended_profile":false,"default_profile":false,"default_profile_image":false,"following":false,"follow_request_sent":false,"notifications":false,"translator_type":"none"},"geo":null,"coordinates":null,"place":null,"contributors":null,"is_quote_status":false,"retweet_count":709,"favorite_count":1568,"favorited":false,"retweeted":false,"possibly_sensitive":false,"lang":"ja"},{"created_at":"Tue Jul 18 15:04:09 +0000 2017","id":887327135752306700,"id_str":"887327135752306688","text":"スカイピースの、\nチャンネル登録者数が\n100万人突破しました！！！\n\nノリだけでやってる二人組ですが、\nこれからもどうか、\n宜しくお願い致します🙇✨\n\nピーーーース✌️✌️✌️✌️ https://t.co/0VYBwOgejP","truncated":false,"entities":{"hashtags":[],"symbols":[],"user_mentions":[],"urls":[],"media":[{"id":887327129737642000,"id_str":"887327129737641984","indices":[92,115],"media_url":"http://pbs.twimg.com/media/DFBrUr-UQAAhjp9.jpg","media_url_https":"https://pbs.twimg.com/media/DFBrUr-UQAAhjp9.jpg","url":"https://t.co/0VYBwOgejP","display_url":"pic.twitter.com/0VYBwOgejP","expanded_url":"https://twitter.com/skypeace_teojin/status/887327135752306688/photo/1","type":"photo","sizes":{"small":{"w":680,"h":528,"resize":"fit"},"thumb":{"w":150,"h":150,"resize":"crop"},"large":{"w":750,"h":582,"resize":"fit"},"medium":{"w":750,"h":582,"resize":"fit"}}}]},"extended_entities":{"media":[{"id":887327129737642000,"id_str":"887327129737641984","indices":[92,115],"media_url":"http://pbs.twimg.com/media/DFBrUr-UQAAhjp9.jpg","media_url_https":"https://pbs.twimg.com/media/DFBrUr-UQAAhjp9.jpg","url":"https://t.co/0VYBwOgejP","display_url":"pic.twitter.com/0VYBwOgejP","expanded_url":"https://twitter.com/skypeace_teojin/status/887327135752306688/photo/1","type":"photo","sizes":{"small":{"w":680,"h":528,"resize":"fit"},"thumb":{"w":150,"h":150,"resize":"crop"},"large":{"w":750,"h":582,"resize":"fit"},"medium":{"w":750,"h":582,"resize":"fit"}}}]},"metadata":{"iso_language_code":"ja","result_type":"recent"},"source":"<a href=\"http://twitter.com/download/iphone\" rel=\"nofollow\">Twitter for iPhone</a>","in_reply_to_status_id":null,"in_reply_to_status_id_str":null,"in_reply_to_user_id":null,"in_reply_to_user_id_str":null,"in_reply_to_screen_name":null,"user":{"id":753155670820593700,"id_str":"753155670820593664","name":"スカイピース@SP","screen_name":"skypeace_teojin","location":"","description":"どうもぉ〜スカイピース！Yeah！！テオ(@teokun711)じん(@JINJIN1027)空にピースだ！","url":"https://t.co/dDebxfywPn","entities":{"url":{"urls":[{"url":"https://t.co/dDebxfywPn","expanded_url":"https://www.youtube.com/channel/UC8_wmm5DX9mb4jrLiw8ZYzw","display_url":"youtube.com/channel/UC8_wm…","indices":[0,23]}]},"description":{"urls":[]}},"protected":false,"followers_count":281710,"friends_count":7,"listed_count":486,"created_at":"Wed Jul 13 09:14:39 +0000 2016","favourites_count":517,"utc_offset":null,"time_zone":null,"geo_enabled":false,"verified":false,"statuses_count":583,"lang":"ja","contributors_enabled":false,"is_translator":false,"is_translation_enabled":false,"profile_background_color":"F5F8FA","profile_background_image_url":null,"profile_background_image_url_https":null,"profile_background_tile":false,"profile_image_url":"http://pbs.twimg.com/profile_images/753571447751139329/kSnZ43Ec_normal.jpg","profile_image_url_https":"https://pbs.twimg.com/profile_images/753571447751139329/kSnZ43Ec_normal.jpg","profile_banner_url":"https://pbs.twimg.com/profile_banners/753155670820593664/1468500612","profile_link_color":"1DA1F2","profile_sidebar_border_color":"C0DEED","profile_sidebar_fill_color":"DDEEF6","profile_text_color":"333333","profile_use_background_image":true,"has_extended_profile":false,"default_profile":true,"default_profile_image":false,"following":false,"follow_request_sent":false,"notifications":false,"translator_type":"none"},"geo":null,"coordinates":null,"place":null,"contributors":null,"is_quote_status":false,"retweet_count":3088,"favorite_count":10085,"favorited":false,"retweeted":false,"possibly_sensitive":false,"lang":"ja"},{"created_at":"Tue Jul 18 15:03:37 +0000 2017","id":887327002092380200,"id_str":"887327002092380160","text":"New Single『Girls』\n7/26（水）CD発売に先駆けて\n先行フル配信スタート‼️\n同時に、カップリング曲\n「Go Fight Win!」「YOKUBARI」も先行配信されますので、ぜひチェックして下さいね♪… https://t.co/GyFcUGAmLl","truncated":true,"entities":{"hashtags":[],"symbols":[],"user_mentions":[],"urls":[{"url":"https://t.co/GyFcUGAmLl","expanded_url":"https://twitter.com/i/web/status/887327002092380160","display_url":"twitter.com/i/web/status/8…","indices":[112,135]}]},"metadata":{"iso_language_code":"ja","result_type":"recent"},"source":"<a href=\"http://twitter.com/download/iphone\" rel=\"nofollow\">Twitter for iPhone</a>","in_reply_to_status_id":null,"in_reply_to_status_id_str":null,"in_reply_to_user_id":null,"in_reply_to_user_id_str":null,"in_reply_to_screen_name":null,"user":{"id":156597014,"id_str":"156597014","name":"西野カナ","screen_name":"kanayanofficial","location":"ソニー・ミュージックアーティスツ","description":"西野カナ& 西野カナSTAFFの公式Twitterアカウント 🌈『Girls』7/26リリース！先行フル配信中https://t.co/6HVVqKV3fh 🌈ドームツアーチケット発売中【京セラドーム大阪SOLD OUT‼︎】https://t.co/KJ7Cois4WT","url":"https://t.co/GnTfSMl6Fj","entities":{"url":{"urls":[{"url":"https://t.co/GnTfSMl6Fj","expanded_url":"http://www.nishinokana.com/","display_url":"nishinokana.com","indices":[0,23]}]},"description":{"urls":[{"url":"https://t.co/6HVVqKV3fh","expanded_url":"https://nishinokana.lnk.to/Girls-DL","display_url":"nishinokana.lnk.to/Girls-DL","indices":[55,78]},{"url":"https://t.co/KJ7Cois4WT","expanded_url":"http://www.nishinoke.jp/dome2017/","display_url":"nishinoke.jp/dome2017/","indices":[113,136]}]}},"protected":false,"followers_count":845195,"friends_count":0,"listed_count":2032,"created_at":"Thu Jun 17 10:40:35 +0000 2010","favourites_count":95,"utc_offset":32400,"time_zone":"Tokyo","geo_enabled":false,"verified":true,"statuses_count":776,"lang":"ja","contributors_enabled":false,"is_translator":false,"is_translation_enabled":false,"profile_background_color":"ACDED6","profile_background_image_url":"http://abs.twimg.com/images/themes/theme18/bg.gif","profile_background_image_url_https":"https://abs.twimg.com/images/themes/theme18/bg.gif","profile_background_tile":false,"profile_image_url":"http://pbs.twimg.com/profile_images/874827202403024896/9V7tpUV6_normal.jpg","profile_image_url_https":"https://pbs.twimg.com/profile_images/874827202403024896/9V7tpUV6_normal.jpg","profile_banner_url":"https://pbs.twimg.com/profile_banners/156597014/1498446221","profile_link_color":"038543","profile_sidebar_border_color":"EEEEEE","profile_sidebar_fill_color":"F6F6F6","profile_text_color":"333333","profile_use_background_image":true,"has_extended_profile":false,"default_profile":false,"default_profile_image":false,"following":false,"follow_request_sent":false,"notifications":false,"translator_type":"none"},"geo":null,"coordinates":null,"place":null,"contributors":null,"is_quote_status":false,"retweet_count":834,"favorite_count":3008,"favorited":false,"retweeted":false,"possibly_sensitive":false,"lang":"ja"}],"search_metadata":{"completed_in":0.172,"max_id":887348375175053300,"max_id_str":"887348375175053315","next_results":"?max_id=887327002092380159&q=lang%3Aja%20min_retweets%3A500&include_entities=1","query":"lang%3Aja+min_retweets%3A500","refresh_url":"?since_id=887348375175053315&q=lang%3Aja%20min_retweets%3A500&include_entities=1","count":15,"since_id":0,"since_id_str":"0"}}