{"statuses":[{"created_at":"Wed Jul 19 13:51:21 +0000 2017","id":887671204705783800,"id_str":"887671204705783808","text":"私が女の子と一緒にいるなんて #意外にマンゴー https://t.co/0wYahkqByw","truncated":false,"entities":{"hashtags":[{"text":"意外にマンゴー","indices":[15,23]}],"symbols":[],"user_mentions":[],"urls":[],"media":[{"id":887671191665729500,"id_str":"887671191665729536","indices":[24,47],"media_url":"http://pbs.twimg.com/media/DFGkPuiVYAADP3q.jpg","media_url_https":"https://pbs.twimg.com/media/DFGkPuiVYAADP3q.jpg","url":"https://t.co/0wYahkqByw","display_url":"pic.twitter.com/0wYahkqByw","expanded_url":"https://twitter.com/dandieno/status/887671204705783808/photo/1","type":"photo","sizes":{"medium":{"w":1200,"h":900,"resize":"fit"},"thumb":{"w":150,"h":150,"resize":"crop"},"small":{"w":680,"h":510,"resize":"fit"},"large":{"w":2048,"h":1536,"resize":"fit"}}}]},"extended_entities":{"media":[{"id":887671191665729500,"id_str":"887671191665729536","indices":[24,47],"media_url":"http://pbs.twimg.com/media/DFGkPuiVYAADP3q.jpg","media_url_https":"https://pbs.twimg.com/media/DFGkPuiVYAADP3q.jpg","url":"https://t.co/0wYahkqByw","display_url":"pic.twitter.com/0wYahkqByw","expanded_url":"https://twitter.com/dandieno/status/887671204705783808/photo/1","type":"photo","sizes":{"medium":{"w":1200,"h":900,"resize":"fit"},"thumb":{"w":150,"h":150,"resize":"crop"},"small":{"w":680,"h":510,"resize":"fit"},"large":{"w":2048,"h":1536,"resize":"fit"}}}]},"metadata":{"iso_language_code":"ja","result_type":"recent"},"source":"<a href=\"http://twitter.com/download/iphone\" rel=\"nofollow\">Twitter for iPhone</a>","in_reply_to_status_id":null,"in_reply_to_status_id_str":null,"in_reply_to_user_id":null,"in_reply_to_user_id_str":null,"in_reply_to_screen_name":null,"user":{"id":110345683,"id_str":"110345683","name":"男色ディーノ","screen_name":"dandieno","location":"日本","description":"ゲイレスラーです。いい奴だと思われたいのでツイッターでは思ってなくても熱いこと言っとこうと決めました。好感度NO.1を目指します！","url":null,"entities":{"description":{"urls":[]}},"protected":false,"followers_count":24779,"friends_count":4,"listed_count":1007,"created_at":"Mon Feb 01 06:24:05 +0000 2010","favourites_count":3,"utc_offset":null,"time_zone":null,"geo_enabled":true,"verified":false,"statuses_count":2156,"lang":"ja","contributors_enabled":false,"is_translator":false,"is_translation_enabled":false,"profile_background_color":"C0DEED","profile_background_image_url":"http://pbs.twimg.com/profile_background_images/71548888/dieno.jpg","profile_background_image_url_https":"https://pbs.twimg.com/profile_background_images/71548888/dieno.jpg","profile_background_tile":true,"profile_image_url":"http://pbs.twimg.com/profile_images/830055236559523840/EcicKjUq_normal.jpg","profile_image_url_https":"https://pbs.twimg.com/profile_images/830055236559523840/EcicKjUq_normal.jpg","profile_banner_url":"https://pbs.twimg.com/profile_banners/110345683/1499759901","profile_link_color":"0084B4","profile_sidebar_border_color":"C0DEED","profile_sidebar_fill_color":"DDEEF6","profile_text_color":"333333","profile_use_background_image":true,"has_extended_profile":false,"default_profile":false,"default_profile_image":false,"following":false,"follow_request_sent":false,"notifications":false,"translator_type":"none"},"geo":null,"coordinates":null,"place":null,"contributors":null,"is_quote_status":false,"retweet_count":642,"favorite_count":873,"favorited":false,"retweeted":false,"possibly_sensitive":false,"lang":"ja"},{"created_at":"Wed Jul 19 13:46:17 +0000 2017","id":887669926068076500,"id_str":"887669926068076544","text":"丸雛の記念写真が可愛い最優秀賞受賞… https://t.co/5AsYIkghlq","truncated":false,"entities":{"hashtags":[],"symbols":[],"user_mentions":[],"urls":[],"media":[{"id":887669910159085600,"id_str":"887669910159085568","indices":[19,42],"media_url":"http://pbs.twimg.com/media/DFGjFIjV0AACU1K.jpg","media_url_https":"https://pbs.twimg.com/media/DFGjFIjV0AACU1K.jpg","url":"https://t.co/5AsYIkghlq","display_url":"pic.twitter.com/5AsYIkghlq","expanded_url":"https://twitter.com/ke8574/status/887669926068076544/photo/1","type":"photo","sizes":{"large":{"w":2048,"h":1152,"resize":"fit"},"thumb":{"w":150,"h":150,"resize":"crop"},"medium":{"w":1200,"h":675,"resize":"fit"},"small":{"w":680,"h":383,"resize":"fit"}}}]},"extended_entities":{"media":[{"id":887669910159085600,"id_str":"887669910159085568","indices":[19,42],"media_url":"http://pbs.twimg.com/media/DFGjFIjV0AACU1K.jpg","media_url_https":"https://pbs.twimg.com/media/DFGjFIjV0AACU1K.jpg","url":"https://t.co/5AsYIkghlq","display_url":"pic.twitter.com/5AsYIkghlq","expanded_url":"https://twitter.com/ke8574/status/887669926068076544/photo/1","type":"photo","sizes":{"large":{"w":2048,"h":1152,"resize":"fit"},"thumb":{"w":150,"h":150,"resize":"crop"},"medium":{"w":1200,"h":675,"resize":"fit"},"small":{"w":680,"h":383,"resize":"fit"}}}]},"metadata":{"iso_language_code":"ja","result_type":"recent"},"source":"<a href=\"http://twitter.com/download/iphone\" rel=\"nofollow\">Twitter for iPhone</a>","in_reply_to_status_id":null,"in_reply_to_status_id_str":null,"in_reply_to_user_id":null,"in_reply_to_user_id_str":null,"in_reply_to_screen_name":null,"user":{"id":310086897,"id_str":"310086897","name":"椎名","screen_name":"ke8574","location":"","description":"90年/大倉担。人により程度は異なりますが、その計画により関ジャニ∞への依存が生じます。実況(ネタバレ注意)多め。Mr.Children/娘。/椎名林檎さん/キュウソネコカミ/SHISHAMO。TLを追いきれないためフォロバはお休みしています。","url":null,"entities":{"description":{"urls":[]}},"protected":false,"followers_count":90025,"friends_count":149,"listed_count":668,"created_at":"Fri Jun 03 05:16:44 +0000 2011","favourites_count":1980,"utc_offset":32400,"time_zone":"Tokyo","geo_enabled":false,"verified":false,"statuses_count":42671,"lang":"ja","contributors_enabled":false,"is_translator":false,"is_translation_enabled":false,"profile_background_color":"C0DEED","profile_background_image_url":"http://abs.twimg.com/images/themes/theme1/bg.png","profile_background_image_url_https":"https://abs.twimg.com/images/themes/theme1/bg.png","profile_background_tile":false,"profile_image_url":"http://pbs.twimg.com/profile_images/2640210159/7026661ebada91bb86f392f1832d71b9_normal.jpeg","profile_image_url_https":"https://pbs.twimg.com/profile_images/2640210159/7026661ebada91bb86f392f1832d71b9_normal.jpeg","profile_banner_url":"https://pbs.twimg.com/profile_banners/310086897/1497027005","profile_link_color":"1DA1F2","profile_sidebar_border_color":"C0DEED","profile_sidebar_fill_color":"DDEEF6","profile_text_color":"333333","profile_use_background_image":true,"has_extended_profile":false,"default_profile":true,"default_profile_image":false,"following":false,"follow_request_sent":false,"notifications":false,"translator_type":"none"},"geo":null,"coordinates":null,"place":null,"contributors":null,"is_quote_status":false,"retweet_count":555,"favorite_count":1405,"favorited":false,"retweeted":false,"possibly_sensitive":false,"lang":"ja"},{"created_at":"Wed Jul 19 13:45:34 +0000 2017","id":887669747768205300,"id_str":"887669747768205314","text":"男と女。 https://t.co/agYw8XpWBw","truncated":false,"entities":{"hashtags":[],"symbols":[],"user_mentions":[],"urls":[],"media":[{"id":887669705158180900,"id_str":"887669705158180864","indices":[5,28],"media_url":"http://pbs.twimg.com/media/DFGi5M3UQAAMGGO.jpg","media_url_https":"https://pbs.twimg.com/media/DFGi5M3UQAAMGGO.jpg","url":"https://t.co/agYw8XpWBw","display_url":"pic.twitter.com/agYw8XpWBw","expanded_url":"https://twitter.com/joker_budou/status/887669747768205314/photo/1","type":"photo","sizes":{"thumb":{"w":150,"h":150,"resize":"crop"},"small":{"w":516,"h":313,"resize":"fit"},"large":{"w":516,"h":313,"resize":"fit"},"medium":{"w":516,"h":313,"resize":"fit"}}}]},"extended_entities":{"media":[{"id":887669705158180900,"id_str":"887669705158180864","indices":[5,28],"media_url":"http://pbs.twimg.com/media/DFGi5M3UQAAMGGO.jpg","media_url_https":"https://pbs.twimg.com/media/DFGi5M3UQAAMGGO.jpg","url":"https://t.co/agYw8XpWBw","display_url":"pic.twitter.com/agYw8XpWBw","expanded_url":"https://twitter.com/joker_budou/status/887669747768205314/photo/1","type":"photo","sizes":{"thumb":{"w":150,"h":150,"resize":"crop"},"small":{"w":516,"h":313,"resize":"fit"},"large":{"w":516,"h":313,"resize":"fit"},"medium":{"w":516,"h":313,"resize":"fit"}}},{"id":887669705166671900,"id_str":"887669705166671873","indices":[5,28],"media_url":"http://pbs.twimg.com/media/DFGi5M5V0AEyuZd.jpg","media_url_https":"https://pbs.twimg.com/media/DFGi5M5V0AEyuZd.jpg","url":"https://t.co/agYw8XpWBw","display_url":"pic.twitter.com/agYw8XpWBw","expanded_url":"https://twitter.com/joker_budou/status/887669747768205314/photo/1","type":"photo","sizes":{"large":{"w":607,"h":371,"resize":"fit"},"small":{"w":607,"h":371,"resize":"fit"},"medium":{"w":607,"h":371,"resize":"fit"},"thumb":{"w":150,"h":150,"resize":"crop"}}},{"id":887669705170759700,"id_str":"887669705170759682","indices":[5,28],"media_url":"http://pbs.twimg.com/media/DFGi5M6UMAIfB2t.jpg","media_url_https":"https://pbs.twimg.com/media/DFGi5M6UMAIfB2t.jpg","url":"https://t.co/agYw8XpWBw","display_url":"pic.twitter.com/agYw8XpWBw","expanded_url":"https://twitter.com/joker_budou/status/887669747768205314/photo/1","type":"photo","sizes":{"thumb":{"w":150,"h":150,"resize":"crop"},"large":{"w":561,"h":305,"resize":"fit"},"medium":{"w":561,"h":305,"resize":"fit"},"small":{"w":561,"h":305,"resize":"fit"}}},{"id":887669705191727100,"id_str":"887669705191727104","indices":[5,28],"media_url":"http://pbs.twimg.com/media/DFGi5M_UIAAI-Og.jpg","media_url_https":"https://pbs.twimg.com/media/DFGi5M_UIAAI-Og.jpg","url":"https://t.co/agYw8XpWBw","display_url":"pic.twitter.com/agYw8XpWBw","expanded_url":"https://twitter.com/joker_budou/status/887669747768205314/photo/1","type":"photo","sizes":{"large":{"w":534,"h":353,"resize":"fit"},"small":{"w":534,"h":353,"resize":"fit"},"medium":{"w":534,"h":353,"resize":"fit"},"thumb":{"w":150,"h":150,"resize":"crop"}}}]},"metadata":{"iso_language_code":"ja","result_type":"recent"},"source":"<a href=\"http://twitter.com/download/iphone\" rel=\"nofollow\">Twitter for iPhone</a>","in_reply_to_status_id":null,"in_reply_to_status_id_str":null,"in_reply_to_user_id":null,"in_reply_to_user_id_str":null,"in_reply_to_screen_name":null,"user":{"id":4266191599,"id_str":"4266191599","name":"うたさん","screen_name":"joker_budou","location":"とうきょう","description":"フォローすると幸せになります。Follow Me.","url":null,"entities":{"description":{"urls":[]}},"protected":false,"followers_count":187344,"friends_count":99993,"listed_count":511,"created_at":"Tue Nov 17 09:13:48 +0000 2015","favourites_count":10010,"utc_offset":-25200,"time_zone":"Pacific Time (US & Canada)","geo_enabled":true,"verified":false,"statuses_count":4088,"lang":"ja","contributors_enabled":false,"is_translator":false,"is_translation_enabled":false,"profile_background_color":"C0DEED","profile_background_image_url":"http://abs.twimg.com/images/themes/theme1/bg.png","profile_background_image_url_https":"https://abs.twimg.com/images/themes/theme1/bg.png","profile_background_tile":false,"profile_image_url":"http://pbs.twimg.com/profile_images/825428894207447040/KpiUnrup_normal.jpg","profile_image_url_https":"https://pbs.twimg.com/profile_images/825428894207447040/KpiUnrup_normal.jpg","profile_banner_url":"https://pbs.twimg.com/profile_banners/4266191599/1485632999","profile_link_color":"1DA1F2","profile_sidebar_border_color":"C0DEED","profile_sidebar_fill_color":"DDEEF6","profile_text_color":"333333","profile_use_background_image":true,"has_extended_profile":false,"default_profile":true,"default_profile_image":false,"following":false,"follow_request_sent":false,"notifications":false,"translator_type":"none"},"geo":null,"coordinates":null,"place":null,"contributors":null,"is_quote_status":false,"retweet_count":598,"favorite_count":1640,"favorited":false,"retweeted":false,"possibly_sensitive":false,"lang":"ja"},{"created_at":"Wed Jul 19 13:43:12 +0000 2017","id":887669150176247800,"id_str":"887669150176247810","text":"身を削る https://t.co/Lidxd3x7Qi","truncated":false,"entities":{"hashtags":[],"symbols":[],"user_mentions":[],"urls":[],"media":[{"id":887668950271537200,"id_str":"887668950271537153","indices":[5,28],"media_url":"http://pbs.twimg.com/media/DFGiNQsUMAEhGl0.jpg","media_url_https":"https://pbs.twimg.com/media/DFGiNQsUMAEhGl0.jpg","url":"https://t.co/Lidxd3x7Qi","display_url":"pic.twitter.com/Lidxd3x7Qi","expanded_url":"https://twitter.com/avogado6/status/887669150176247810/photo/1","type":"photo","sizes":{"small":{"w":680,"h":680,"resize":"fit"},"thumb":{"w":150,"h":150,"resize":"crop"},"large":{"w":800,"h":800,"resize":"fit"},"medium":{"w":800,"h":800,"resize":"fit"}}}]},"extended_entities":{"media":[{"id":887668950271537200,"id_str":"887668950271537153","indices":[5,28],"media_url":"http://pbs.twimg.com/media/DFGiNQsUMAEhGl0.jpg","media_url_https":"https://pbs.twimg.com/media/DFGiNQsUMAEhGl0.jpg","url":"https://t.co/Lidxd3x7Qi","display_url":"pic.twitter.com/Lidxd3x7Qi","expanded_url":"https://twitter.com/avogado6/status/887669150176247810/photo/1","type":"photo","sizes":{"small":{"w":680,"h":680,"resize":"fit"},"thumb":{"w":150,"h":150,"resize":"crop"},"large":{"w":800,"h":800,"resize":"fit"},"medium":{"w":800,"h":800,"resize":"fit"}}}]},"metadata":{"iso_language_code":"ja","result_type":"recent"},"source":"<a href=\"http://twitter.com\" rel=\"nofollow\">Twitter Web Client</a>","in_reply_to_status_id":null,"in_reply_to_status_id_str":null,"in_reply_to_user_id":null,"in_reply_to_user_id_str":null,"in_reply_to_screen_name":null,"user":{"id":324391547,"id_str":"324391547","name":"アボガド6","screen_name":"avogado6","location":"","description":"化学が好きな一般人です。映像作品とか創ってます。http://t.co/ipBsbge0ll","url":"http://t.co/EiHogSmY2Z","entities":{"url":{"urls":[{"url":"http://t.co/EiHogSmY2Z","expanded_url":"http://avogado6.wix.com/6022e-plus20","display_url":"avogado6.wix.com/6022e-plus20","indices":[0,22]}]},"description":{"urls":[{"url":"http://t.co/ipBsbge0ll","expanded_url":"http://www.nicovideo.jp/mylist/28725264","display_url":"nicovideo.jp/mylist/28725264","indices":[24,46]}]}},"protected":false,"followers_count":229430,"friends_count":27,"listed_count":1922,"created_at":"Sun Jun 26 14:46:50 +0000 2011","favourites_count":36,"utc_offset":-25200,"time_zone":"Pacific Time (US & Canada)","geo_enabled":false,"verified":false,"statuses_count":3212,"lang":"ja","contributors_enabled":false,"is_translator":false,"is_translation_enabled":false,"profile_background_color":"000000","profile_background_image_url":"http://pbs.twimg.com/profile_background_images/873958585/01311c34236282338aeee06442317e97.jpeg","profile_background_image_url_https":"https://pbs.twimg.com/profile_background_images/873958585/01311c34236282338aeee06442317e97.jpeg","profile_background_tile":false,"profile_image_url":"http://pbs.twimg.com/profile_images/715865999673675777/imuBDN9A_normal.jpg","profile_image_url_https":"https://pbs.twimg.com/profile_images/715865999673675777/imuBDN9A_normal.jpg","profile_banner_url":"https://pbs.twimg.com/profile_banners/324391547/1431398698","profile_link_color":"8F0072","profile_sidebar_border_color":"FFFFFF","profile_sidebar_fill_color":"FFFFFF","profile_text_color":"333333","profile_use_background_image":true,"has_extended_profile":false,"default_profile":false,"default_profile_image":false,"following":false,"follow_request_sent":false,"notifications":false,"translator_type":"none"},"geo":null,"coordinates":null,"place":null,"contributors":null,"is_quote_status":false,"retweet_count":2567,"favorite_count":7739,"favorited":false,"retweeted":false,"possibly_sensitive":false,"lang":"ja"},{"created_at":"Wed Jul 19 13:38:56 +0000 2017","id":887668078670094300,"id_str":"887668078670094336","text":"すれ違う男女は\n\n異性しか見ないのだろうか\n\n異性からの〜同性\n\n同性からの〜異性\n\nこんなとこですかね？\n\nそう\n\nすれ違ってるのは男女ではなく\n\nアナタです！！ପ(⑅ˊᵕˋ⑅)ଓ","truncated":false,"entities":{"hashtags":[],"symbols":[],"user_mentions":[],"urls":[]},"metadata":{"iso_language_code":"ja","result_type":"recent"},"source":"<a href=\"http://twipple.jp/\" rel=\"nofollow\">ついっぷる for iPhone</a>","in_reply_to_status_id":null,"in_reply_to_status_id_str":null,"in_reply_to_user_id":null,"in_reply_to_user_id_str":null,"in_reply_to_screen_name":null,"user":{"id":451457423,"id_str":"451457423","name":"吉野裕行","screen_name":"_yocchin_______","location":"Earth","description":"御無沙汰しております。 シグマ・セブンの吉野裕行です。 6年目もつぶやく。 ひっそり始めた2012年。 まさかの13年。14年ブラジルW杯・15年LIVE 燃え尽きた。16年ツアーに挑み、17年修行続行…いつだってenjoy〜ハロカツ！","url":null,"entities":{"description":{"urls":[]}},"protected":false,"followers_count":240037,"friends_count":0,"listed_count":7821,"created_at":"Sat Dec 31 13:35:24 +0000 2011","favourites_count":7,"utc_offset":32400,"time_zone":"Tokyo","geo_enabled":false,"verified":false,"statuses_count":1820,"lang":"ja","contributors_enabled":false,"is_translator":false,"is_translation_enabled":false,"profile_background_color":"C0DEED","profile_background_image_url":"http://abs.twimg.com/images/themes/theme1/bg.png","profile_background_image_url_https":"https://abs.twimg.com/images/themes/theme1/bg.png","profile_background_tile":false,"profile_image_url":"http://pbs.twimg.com/profile_images/769913890889084929/0g78497k_normal.png","profile_image_url_https":"https://pbs.twimg.com/profile_images/769913890889084929/0g78497k_normal.png","profile_link_color":"1DA1F2","profile_sidebar_border_color":"C0DEED","profile_sidebar_fill_color":"DDEEF6","profile_text_color":"333333","profile_use_background_image":true,"has_extended_profile":false,"default_profile":true,"default_profile_image":false,"following":false,"follow_request_sent":false,"notifications":false,"translator_type":"none"},"geo":null,"coordinates":null,"place":null,"contributors":null,"is_quote_status":false,"retweet_count":744,"favorite_count":1908,"favorited":false,"retweeted":false,"lang":"ja"},{"created_at":"Wed Jul 19 13:35:31 +0000 2017","id":887667219643027500,"id_str":"887667219643027456","text":"水曜ヨーソロー～表紙(仮)２～ https://t.co/P6MCFFt716","truncated":false,"entities":{"hashtags":[],"symbols":[],"user_mentions":[],"urls":[],"media":[{"id":887666922082377700,"id_str":"887666922082377728","indices":[16,39],"media_url":"http://pbs.twimg.com/media/DFGgXNGVoAAkgvU.jpg","media_url_https":"https://pbs.twimg.com/media/DFGgXNGVoAAkgvU.jpg","url":"https://t.co/P6MCFFt716","display_url":"pic.twitter.com/P6MCFFt716","expanded_url":"https://twitter.com/sankuro396/status/887667219643027456/photo/1","type":"photo","sizes":{"large":{"w":900,"h":1292,"resize":"fit"},"small":{"w":474,"h":680,"resize":"fit"},"thumb":{"w":150,"h":150,"resize":"crop"},"medium":{"w":836,"h":1200,"resize":"fit"}}}]},"extended_entities":{"media":[{"id":887666922082377700,"id_str":"887666922082377728","indices":[16,39],"media_url":"http://pbs.twimg.com/media/DFGgXNGVoAAkgvU.jpg","media_url_https":"https://pbs.twimg.com/media/DFGgXNGVoAAkgvU.jpg","url":"https://t.co/P6MCFFt716","display_url":"pic.twitter.com/P6MCFFt716","expanded_url":"https://twitter.com/sankuro396/status/887667219643027456/photo/1","type":"photo","sizes":{"large":{"w":900,"h":1292,"resize":"fit"},"small":{"w":474,"h":680,"resize":"fit"},"thumb":{"w":150,"h":150,"resize":"crop"},"medium":{"w":836,"h":1200,"resize":"fit"}}}]},"metadata":{"iso_language_code":"ja","result_type":"recent"},"source":"<a href=\"http://twitter.com\" rel=\"nofollow\">Twitter Web Client</a>","in_reply_to_status_id":null,"in_reply_to_status_id_str":null,"in_reply_to_user_id":null,"in_reply_to_user_id_str":null,"in_reply_to_screen_name":null,"user":{"id":115673821,"id_str":"115673821","name":"三九呂＠3日目ラ45a","screen_name":"sankuro396","location":"ヒバリーヒルズ","description":"漫画とかイラストとか描いてます。最近は原画家もやってます。","url":"http://t.co/6iYWlccCkl","entities":{"url":{"urls":[{"url":"http://t.co/6iYWlccCkl","expanded_url":"http://agoi.web.fc2.com/","display_url":"agoi.web.fc2.com","indices":[0,22]}]},"description":{"urls":[]}},"protected":false,"followers_count":41321,"friends_count":154,"listed_count":1066,"created_at":"Fri Feb 19 14:17:26 +0000 2010","favourites_count":633,"utc_offset":-36000,"time_zone":"Hawaii","geo_enabled":false,"verified":false,"statuses_count":3835,"lang":"ja","contributors_enabled":false,"is_translator":false,"is_translation_enabled":false,"profile_background_color":"C0DEED","profile_background_image_url":"http://pbs.twimg.com/profile_background_images/666431497/22313a5c841002aefd56f27037ea8fb3.jpeg","profile_background_image_url_https":"https://pbs.twimg.com/profile_background_images/666431497/22313a5c841002aefd56f27037ea8fb3.jpeg","profile_background_tile":true,"profile_image_url":"http://pbs.twimg.com/profile_images/633934933342355456/KeLIODiU_normal.jpg","profile_image_url_https":"https://pbs.twimg.com/profile_images/633934933342355456/KeLIODiU_normal.jpg","profile_banner_url":"https://pbs.twimg.com/profile_banners/115673821/1487636150","profile_link_color":"0084B4","profile_sidebar_border_color":"FFFFFF","profile_sidebar_fill_color":"DDEEF6","profile_text_color":"333333","profile_use_background_image":true,"has_extended_profile":false,"default_profile":false,"default_profile_image":false,"following":false,"follow_request_sent":false,"notifications":false,"translator_type":"none"},"geo":null,"coordinates":null,"place":null,"contributors":null,"is_quote_status":false,"retweet_count":843,"favorite_count":1887,"favorited":false,"retweeted":false,"possibly_sensitive":false,"lang":"ja"},{"created_at":"Wed Jul 19 13:33:49 +0000 2017","id":887666792193114100,"id_str":"887666792193114115","text":"「キミはオレが嫌い？」 https://t.co/PtCbv9dWg7","truncated":false,"entities":{"hashtags":[],"symbols":[],"user_mentions":[],"urls":[],"media":[{"id":887666749256081400,"id_str":"887666749256081408","indices":[12,35],"media_url":"http://pbs.twimg.com/media/DFGgNJRVoAApgwv.jpg","media_url_https":"https://pbs.twimg.com/media/DFGgNJRVoAApgwv.jpg","url":"https://t.co/PtCbv9dWg7","display_url":"pic.twitter.com/PtCbv9dWg7","expanded_url":"https://twitter.com/moa151/status/887666792193114115/photo/1","type":"photo","sizes":{"medium":{"w":502,"h":280,"resize":"fit"},"small":{"w":502,"h":280,"resize":"fit"},"thumb":{"w":150,"h":150,"resize":"crop"},"large":{"w":502,"h":280,"resize":"fit"}}}]},"extended_entities":{"media":[{"id":887666749256081400,"id_str":"887666749256081408","indices":[12,35],"media_url":"http://pbs.twimg.com/media/DFGgNJRVoAApgwv.jpg","media_url_https":"https://pbs.twimg.com/media/DFGgNJRVoAApgwv.jpg","url":"https://t.co/PtCbv9dWg7","display_url":"pic.twitter.com/PtCbv9dWg7","expanded_url":"https://twitter.com/moa151/status/887666792193114115/photo/1","type":"photo","sizes":{"medium":{"w":502,"h":280,"resize":"fit"},"small":{"w":502,"h":280,"resize":"fit"},"thumb":{"w":150,"h":150,"resize":"crop"},"large":{"w":502,"h":280,"resize":"fit"}}}]},"metadata":{"iso_language_code":"ja","result_type":"recent"},"source":"<a href=\"http://twitter.com\" rel=\"nofollow\">Twitter Web Client</a>","in_reply_to_status_id":null,"in_reply_to_status_id_str":null,"in_reply_to_user_id":null,"in_reply_to_user_id_str":null,"in_reply_to_screen_name":null,"user":{"id":114143927,"id_str":"114143927","name":"ポケモア@土曜12日 東Ｍ48-b","screen_name":"moa151","location":"","description":"ポケがつく例の作品が好きなヘンな人です。　自分が描いたファンアートは好きに使ってください。  pixiv→　https://t.co/4bj5rpICWq  個人アカウント→　https://t.co/VATpKBLoWN","url":"http://t.co/ORAD8Fgh7b","entities":{"url":{"urls":[{"url":"http://t.co/ORAD8Fgh7b","expanded_url":"http://www.pokesho.com/","display_url":"pokesho.com","indices":[0,22]}]},"description":{"urls":[{"url":"https://t.co/4bj5rpICWq","expanded_url":"http://www.pixiv.net/member.php?id=3542036","display_url":"pixiv.net/member.php?id=…","indices":[54,77]},{"url":"https://t.co/VATpKBLoWN","expanded_url":"https://twitter.com/caret_egg","display_url":"twitter.com/caret_egg","indices":[88,111]}]}},"protected":false,"followers_count":57636,"friends_count":5237,"listed_count":752,"created_at":"Sun Feb 14 08:42:37 +0000 2010","favourites_count":9438,"utc_offset":32400,"time_zone":"Tokyo","geo_enabled":false,"verified":false,"statuses_count":15140,"lang":"ja","contributors_enabled":false,"is_translator":false,"is_translation_enabled":true,"profile_background_color":"DBE9ED","profile_background_image_url":"http://pbs.twimg.com/profile_background_images/688559879842181120/OrXEUpxN.jpg","profile_background_image_url_https":"https://pbs.twimg.com/profile_background_images/688559879842181120/OrXEUpxN.jpg","profile_background_tile":true,"profile_image_url":"http://pbs.twimg.com/profile_images/378800000487567810/df9e1a1a3ef35463dfa26d2750e06b7b_normal.png","profile_image_url_https":"https://pbs.twimg.com/profile_images/378800000487567810/df9e1a1a3ef35463dfa26d2750e06b7b_normal.png","profile_banner_url":"https://pbs.twimg.com/profile_banners/114143927/1434808286","profile_link_color":"4A913C","profile_sidebar_border_color":"FFFFFF","profile_sidebar_fill_color":"E6F6F9","profile_text_color":"333333","profile_use_background_image":true,"has_extended_profile":true,"default_profile":false,"default_profile_image":false,"following":false,"follow_request_sent":false,"notifications":false,"translator_type":"none"},"geo":null,"coordinates":null,"place":null,"contributors":null,"is_quote_status":false,"retweet_count":492,"favorite_count":675,"favorited":false,"retweeted":false,"possibly_sensitive":false,"lang":"ja"},{"created_at":"Wed Jul 19 13:31:33 +0000 2017","id":887666219704135700,"id_str":"887666219704135681","text":"DANCE EARTH PARTYさんがモデルプレスに来社😍新曲秘話やE-girls LIVE 2017の裏側も！たっぷりと語ってもらったインタビューは後日配信\n\n関連記事一覧⇒https://t.co/00dH1Kj1u3… https://t.co/FAQuLYVj4n","truncated":true,"entities":{"hashtags":[],"symbols":[],"user_mentions":[],"urls":[{"url":"https://t.co/00dH1Kj1u3","expanded_url":"https://mdpr.jp/model/detail/1872","display_url":"mdpr.jp/model/detail/1…","indices":[89,112]},{"url":"https://t.co/FAQuLYVj4n","expanded_url":"https://twitter.com/i/web/status/887666219704135681","display_url":"twitter.com/i/web/status/8…","indices":[114,137]}]},"metadata":{"iso_language_code":"ja","result_type":"recent"},"source":"<a href=\"http://twitter.com\" rel=\"nofollow\">Twitter Web Client</a>","in_reply_to_status_id":null,"in_reply_to_status_id_str":null,"in_reply_to_user_id":null,"in_reply_to_user_id_str":null,"in_reply_to_screen_name":null,"user":{"id":142921471,"id_str":"142921471","name":"モデルプレス","screen_name":"modelpress","location":"TOKYO,JAPAN","description":"日本最大級の女性向けエンタメ＆ライフスタイルニュースサイト。ファッション、モデル、恋愛、ヘア、コスメ、ダイエット、ディズニー、カフェ、ドラマ、映画、音楽、海外セレブ、女子旅の最新情報をお届け","url":"https://t.co/5eMAE7fr2T","entities":{"url":{"urls":[{"url":"https://t.co/5eMAE7fr2T","expanded_url":"http://mdpr.jp/","display_url":"mdpr.jp","indices":[0,23]}]},"description":{"urls":[]}},"protected":false,"followers_count":1058939,"friends_count":168017,"listed_count":5244,"created_at":"Wed May 12 03:06:36 +0000 2010","favourites_count":8,"utc_offset":32400,"time_zone":"Tokyo","geo_enabled":true,"verified":true,"statuses_count":166740,"lang":"ja","contributors_enabled":false,"is_translator":false,"is_translation_enabled":false,"profile_background_color":"FAFAFA","profile_background_image_url":"http://abs.twimg.com/images/themes/theme15/bg.png","profile_background_image_url_https":"https://abs.twimg.com/images/themes/theme15/bg.png","profile_background_tile":false,"profile_image_url":"http://pbs.twimg.com/profile_images/876655035043545088/mH8EijPm_normal.jpg","profile_image_url_https":"https://pbs.twimg.com/profile_images/876655035043545088/mH8EijPm_normal.jpg","profile_banner_url":"https://pbs.twimg.com/profile_banners/142921471/1486948630","profile_link_color":"FA0A4E","profile_sidebar_border_color":"FFFFFF","profile_sidebar_fill_color":"000000","profile_text_color":"FFFFFF","profile_use_background_image":false,"has_extended_profile":false,"default_profile":false,"default_profile_image":false,"following":false,"follow_request_sent":false,"notifications":false,"translator_type":"none"},"geo":null,"coordinates":null,"place":null,"contributors":null,"is_quote_status":false,"retweet_count":572,"favorite_count":2876,"favorited":false,"retweeted":false,"possibly_sensitive":false,"lang":"ja"},{"created_at":"Wed Jul 19 13:30:15 +0000 2017","id":887665893399867400,"id_str":"887665893399867393","text":"懐かしいひとが描きたくなったので🐻 https://t.co/M1whQHLDkP","truncated":false,"entities":{"hashtags":[],"symbols":[],"user_mentions":[],"urls":[],"media":[{"id":887665550670798800,"id_str":"887665550670798848","indices":[18,41],"media_url":"http://pbs.twimg.com/media/DFGfHYMVoAAxc37.jpg","media_url_https":"https://pbs.twimg.com/media/DFGfHYMVoAAxc37.jpg","url":"https://t.co/M1whQHLDkP","display_url":"pic.twitter.com/M1whQHLDkP","expanded_url":"https://twitter.com/kilacco/status/887665893399867393/photo/1","type":"photo","sizes":{"medium":{"w":526,"h":741,"resize":"fit"},"thumb":{"w":150,"h":150,"resize":"crop"},"large":{"w":526,"h":741,"resize":"fit"},"small":{"w":483,"h":680,"resize":"fit"}}}]},"extended_entities":{"media":[{"id":887665550670798800,"id_str":"887665550670798848","indices":[18,41],"media_url":"http://pbs.twimg.com/media/DFGfHYMVoAAxc37.jpg","media_url_https":"https://pbs.twimg.com/media/DFGfHYMVoAAxc37.jpg","url":"https://t.co/M1whQHLDkP","display_url":"pic.twitter.com/M1whQHLDkP","expanded_url":"https://twitter.com/kilacco/status/887665893399867393/photo/1","type":"photo","sizes":{"medium":{"w":526,"h":741,"resize":"fit"},"thumb":{"w":150,"h":150,"resize":"crop"},"large":{"w":526,"h":741,"resize":"fit"},"small":{"w":483,"h":680,"resize":"fit"}}}]},"metadata":{"iso_language_code":"ja","result_type":"recent"},"source":"<a href=\"https://about.twitter.com/products/tweetdeck\" rel=\"nofollow\">TweetDeck</a>","in_reply_to_status_id":null,"in_reply_to_status_id_str":null,"in_reply_to_user_id":null,"in_reply_to_user_id_str":null,"in_reply_to_screen_name":null,"user":{"id":73876548,"id_str":"73876548","name":"🐰いぬきら🐰","screen_name":"kilacco","location":"","description":"◆狗神煌。フリーの絵描き◆DM・リプ有難く拝見しております。お返事は出来てないですすいません😢◆腐のほう@ki0u014 （プロフ必読）◆","url":"https://t.co/sZWzOBRsgi","entities":{"url":{"urls":[{"url":"https://t.co/sZWzOBRsgi","expanded_url":"http://kilacoro.chu.jp","display_url":"kilacoro.chu.jp","indices":[0,23]}]},"description":{"urls":[]}},"protected":false,"followers_count":91120,"friends_count":47797,"listed_count":2923,"created_at":"Sun Sep 13 12:49:51 +0000 2009","favourites_count":2017,"utc_offset":32400,"time_zone":"Tokyo","geo_enabled":false,"verified":false,"statuses_count":15409,"lang":"ja","contributors_enabled":false,"is_translator":false,"is_translation_enabled":false,"profile_background_color":"0D0005","profile_background_image_url":"http://pbs.twimg.com/profile_background_images/397521112/____A.jpg","profile_background_image_url_https":"https://pbs.twimg.com/profile_background_images/397521112/____A.jpg","profile_background_tile":true,"profile_image_url":"http://pbs.twimg.com/profile_images/814441522145808384/3I-8W9R6_normal.jpg","profile_image_url_https":"https://pbs.twimg.com/profile_images/814441522145808384/3I-8W9R6_normal.jpg","profile_banner_url":"https://pbs.twimg.com/profile_banners/73876548/1445545396","profile_link_color":"AD617A","profile_sidebar_border_color":"FFFFFF","profile_sidebar_fill_color":"471626","profile_text_color":"CFBFC3","profile_use_background_image":true,"has_extended_profile":false,"default_profile":false,"default_profile_image":false,"following":false,"follow_request_sent":false,"notifications":false,"translator_type":"none"},"geo":null,"coordinates":null,"place":null,"contributors":null,"is_quote_status":false,"retweet_count":1833,"favorite_count":2597,"favorited":false,"retweeted":false,"possibly_sensitive":false,"lang":"ja"},{"created_at":"Wed Jul 19 13:30:03 +0000 2017","id":887665843818999800,"id_str":"887665843818999808","text":"【NANA PARTY更新】「NANA MIZUKI LIVE ZIPANGU × 出雲大社御奉納公演～月花之宴～」LIVE BD&amp;DVDのリリースが決定しました！ https://t.co/CtvtWDjzzW","truncated":false,"entities":{"hashtags":[],"symbols":[],"user_mentions":[],"urls":[{"url":"https://t.co/CtvtWDjzzW","expanded_url":"https://www.mizukinana.jp/news/#news1249","display_url":"mizukinana.jp/news/#news1249","indices":[87,110]}]},"metadata":{"iso_language_code":"ja","result_type":"recent"},"source":"<a href=\"http://twitter.com\" rel=\"nofollow\">Twitter Web Client</a>","in_reply_to_status_id":null,"in_reply_to_status_id_str":null,"in_reply_to_user_id":null,"in_reply_to_user_id_str":null,"in_reply_to_screen_name":null,"user":{"id":2962468880,"id_str":"2962468880","name":"水樹奈々 公式サイトNANA PARTY","screen_name":"NM_NANAPARTY","location":"","description":"“水樹奈々 公式サイト NANA PARTY”アカウントです。\n声優活動、歌手活動をはじめさまざまな情報を発信していく予定です！\n※お問い合わせへのリプライはいたしかねますのでご了承ください。","url":"http://t.co/uRkGYTfN4p","entities":{"url":{"urls":[{"url":"http://t.co/uRkGYTfN4p","expanded_url":"http://www.mizukinana.jp/","display_url":"mizukinana.jp","indices":[0,22]}]},"description":{"urls":[]}},"protected":false,"followers_count":73361,"friends_count":0,"listed_count":1583,"created_at":"Wed Jan 07 06:52:21 +0000 2015","favourites_count":0,"utc_offset":null,"time_zone":null,"geo_enabled":false,"verified":false,"statuses_count":1919,"lang":"ja","contributors_enabled":false,"is_translator":false,"is_translation_enabled":false,"profile_background_color":"C0DEED","profile_background_image_url":"http://abs.twimg.com/images/themes/theme1/bg.png","profile_background_image_url_https":"https://abs.twimg.com/images/themes/theme1/bg.png","profile_background_tile":false,"profile_image_url":"http://pbs.twimg.com/profile_images/875548772608073728/wUhOtacm_normal.jpg","profile_image_url_https":"https://pbs.twimg.com/profile_images/875548772608073728/wUhOtacm_normal.jpg","profile_banner_url":"https://pbs.twimg.com/profile_banners/2962468880/1500461379","profile_link_color":"1DA1F2","profile_sidebar_border_color":"C0DEED","profile_sidebar_fill_color":"DDEEF6","profile_text_color":"333333","profile_use_background_image":true,"has_extended_profile":false,"default_profile":true,"default_profile_image":false,"following":false,"follow_request_sent":false,"notifications":false,"translator_type":"none"},"geo":null,"coordinates":null,"place":null,"contributors":null,"is_quote_status":false,"retweet_count":1138,"favorite_count":815,"favorited":false,"retweeted":false,"possibly_sensitive":false,"lang":"ja"},{"created_at":"Wed Jul 19 13:29:27 +0000 2017","id":887665692870189000,"id_str":"887665692870189056","text":"クジラの金玉入荷しました！クジラの金玉は刺身で食うのが当たり前に旨い！プルンプルンの金玉を生姜醤油で食べる高級珍味です！皆様のご来店お待ちしております。#珍獣屋 https://t.co/KVkh0os8ku","truncated":false,"entities":{"hashtags":[{"text":"珍獣屋","indices":[76,80]}],"symbols":[],"user_mentions":[],"urls":[],"media":[{"id":887665673723236400,"id_str":"887665673723236352","indices":[81,104],"media_url":"http://pbs.twimg.com/media/DFGfOimU0AANznd.jpg","media_url_https":"https://pbs.twimg.com/media/DFGfOimU0AANznd.jpg","url":"https://t.co/KVkh0os8ku","display_url":"pic.twitter.com/KVkh0os8ku","expanded_url":"https://twitter.com/noge_chinjuya/status/887665692870189056/photo/1","type":"photo","sizes":{"medium":{"w":1200,"h":900,"resize":"fit"},"small":{"w":680,"h":510,"resize":"fit"},"thumb":{"w":150,"h":150,"resize":"crop"},"large":{"w":2048,"h":1536,"resize":"fit"}}}]},"extended_entities":{"media":[{"id":887665673723236400,"id_str":"887665673723236352","indices":[81,104],"media_url":"http://pbs.twimg.com/media/DFGfOimU0AANznd.jpg","media_url_https":"https://pbs.twimg.com/media/DFGfOimU0AANznd.jpg","url":"https://t.co/KVkh0os8ku","display_url":"pic.twitter.com/KVkh0os8ku","expanded_url":"https://twitter.com/noge_chinjuya/status/887665692870189056/photo/1","type":"photo","sizes":{"medium":{"w":1200,"h":900,"resize":"fit"},"small":{"w":680,"h":510,"resize":"fit"},"thumb":{"w":150,"h":150,"resize":"crop"},"large":{"w":2048,"h":1536,"resize":"fit"}}}]},"metadata":{"iso_language_code":"ja","result_type":"recent"},"source":"<a href=\"http://twitter.com/download/iphone\" rel=\"nofollow\">Twitter for iPhone</a>","in_reply_to_status_id":null,"in_reply_to_status_id_str":null,"in_reply_to_user_id":null,"in_reply_to_user_id_str":null,"in_reply_to_screen_name":null,"user":{"id":348383498,"id_str":"348383498","name":"珍獣屋","screen_name":"noge_chinjuya","location":"神奈川県横浜市中区野毛町1-45 港興産ビル3号館2階1号室","description":"熊、猪、鹿なんて当たり前！ワニ、ラクダ、カンガルーだって珍獣屋なら普通の領域！ ウーパールーパーやオオグソクムシ、食用昆虫まで食べられるのが横浜珍獣屋！ 月〜金曜日のご予約は17時又は19時。土曜は17時、19時、21時の中から選んで１７時以降にお電話下さいませ。 https://t.co/7F5V9fWdyy","url":null,"entities":{"description":{"urls":[{"url":"https://t.co/7F5V9fWdyy","expanded_url":"http://ameblo.jp/chinjuya/","display_url":"ameblo.jp/chinjuya/","indices":[133,156]}]}},"protected":false,"followers_count":19011,"friends_count":2550,"listed_count":349,"created_at":"Thu Aug 04 10:15:13 +0000 2011","favourites_count":29,"utc_offset":32400,"time_zone":"Tokyo","geo_enabled":true,"verified":false,"statuses_count":2885,"lang":"ja","contributors_enabled":false,"is_translator":false,"is_translation_enabled":false,"profile_background_color":"131516","profile_background_image_url":"http://pbs.twimg.com/profile_background_images/313890506/dacyoumomo.jpg","profile_background_image_url_https":"https://pbs.twimg.com/profile_background_images/313890506/dacyoumomo.jpg","profile_background_tile":true,"profile_image_url":"http://pbs.twimg.com/profile_images/468741109422649345/BJcBpVWt_normal.jpeg","profile_image_url_https":"https://pbs.twimg.com/profile_images/468741109422649345/BJcBpVWt_normal.jpeg","profile_link_color":"009999","profile_sidebar_border_color":"EEEEEE","profile_sidebar_fill_color":"EFEFEF","profile_text_color":"333333","profile_use_background_image":true,"has_extended_profile":false,"default_profile":false,"default_profile_image":false,"following":false,"follow_request_sent":false,"notifications":false,"translator_type":"none"},"geo":null,"coordinates":null,"place":null,"contributors":null,"is_quote_status":false,"retweet_count":583,"favorite_count":386,"favorited":false,"retweeted":false,"possibly_sensitive":false,"lang":"ja"},{"created_at":"Wed Jul 19 13:27:17 +0000 2017","id":887665145375150100,"id_str":"887665145375150081","text":"水曜日のspi再放送！ https://t.co/4fJxaBwMwT","truncated":false,"entities":{"hashtags":[],"symbols":[],"user_mentions":[],"urls":[{"url":"https://t.co/4fJxaBwMwT","expanded_url":"https://www.pscp.tv/w/bD4ENTFWR1F2b2VXcUJaS098MVJER2xtVmRhYWxKTIykzZKVznV_f9xVwxUow4a_P0OxODTbIJF_ABMzHUJO","display_url":"pscp.tv/w/bD4ENTFWR1F2…","indices":[12,35]}]},"metadata":{"iso_language_code":"ja","result_type":"recent"},"source":"<a href=\"https://periscope.tv\" rel=\"nofollow\">Periscope</a>","in_reply_to_status_id":null,"in_reply_to_status_id_str":null,"in_reply_to_user_id":null,"in_reply_to_user_id_str":null,"in_reply_to_screen_name":null,"user":{"id":156882942,"id_str":"156882942","name":"spi","screen_name":"spi_bot_william","location":"","description":"伊兵衛 大坪泰介 蜻蛉切 H12 お手紙等はこちらへ 私書箱 〒221-0056 神奈川県横浜市神奈川区金港町5-15-302 spi宛","url":"https://t.co/Zlq51oIhl7","entities":{"url":{"urls":[{"url":"https://t.co/Zlq51oIhl7","expanded_url":"http://s.ameblo.jp/spi-life/","display_url":"s.ameblo.jp/spi-life/","indices":[0,23]}]},"description":{"urls":[]}},"protected":false,"followers_count":24875,"friends_count":117,"listed_count":1456,"created_at":"Fri Jun 18 05:48:51 +0000 2010","favourites_count":1053,"utc_offset":-36000,"time_zone":"Hawaii","geo_enabled":true,"verified":false,"statuses_count":274,"lang":"ja","contributors_enabled":false,"is_translator":false,"is_translation_enabled":false,"profile_background_color":"C0DEED","profile_background_image_url":"http://abs.twimg.com/images/themes/theme1/bg.png","profile_background_image_url_https":"https://abs.twimg.com/images/themes/theme1/bg.png","profile_background_tile":false,"profile_image_url":"http://pbs.twimg.com/profile_images/875318925382172672/LrBeSO7I_normal.jpg","profile_image_url_https":"https://pbs.twimg.com/profile_images/875318925382172672/LrBeSO7I_normal.jpg","profile_banner_url":"https://pbs.twimg.com/profile_banners/156882942/1497444720","profile_link_color":"1DA1F2","profile_sidebar_border_color":"C0DEED","profile_sidebar_fill_color":"DDEEF6","profile_text_color":"333333","profile_use_background_image":true,"has_extended_profile":false,"default_profile":true,"default_profile_image":false,"following":false,"follow_request_sent":false,"notifications":false,"translator_type":"none"},"geo":null,"coordinates":null,"place":null,"contributors":null,"is_quote_status":false,"retweet_count":580,"favorite_count":634,"favorited":false,"retweeted":false,"possibly_sensitive":false,"lang":"ja"},{"created_at":"Wed Jul 19 13:26:01 +0000 2017","id":887664825244856300,"id_str":"887664825244856321","text":"かなり最強な一曲になりました‼️‼️ https://t.co/ZBPo9echiV","truncated":false,"entities":{"hashtags":[],"symbols":[],"user_mentions":[],"urls":[{"url":"https://t.co/ZBPo9echiV","expanded_url":"https://twitter.com/generationsfext/status/887644158097211392","display_url":"twitter.com/generationsfex…","indices":[19,42]}]},"metadata":{"iso_language_code":"ja","result_type":"recent"},"source":"<a href=\"http://twitter.com/download/iphone\" rel=\"nofollow\">Twitter for iPhone</a>","in_reply_to_status_id":null,"in_reply_to_status_id_str":null,"in_reply_to_user_id":null,"in_reply_to_user_id_str":null,"in_reply_to_screen_name":null,"user":{"id":789313810335010800,"id_str":"789313810335010817","name":"小森 隼","screen_name":"hayato_official","location":"","description":"GENERATIONS from EXILE TRIBE/Performer Official Twitter","url":"https://t.co/SZ7thRDt6r","entities":{"url":{"urls":[{"url":"https://t.co/SZ7thRDt6r","expanded_url":"http://m.tribe-m.jp","display_url":"m.tribe-m.jp","indices":[0,23]}]},"description":{"urls":[]}},"protected":false,"followers_count":300015,"friends_count":70,"listed_count":744,"created_at":"Fri Oct 21 03:54:12 +0000 2016","favourites_count":5,"utc_offset":null,"time_zone":null,"geo_enabled":false,"verified":true,"statuses_count":160,"lang":"ja","contributors_enabled":false,"is_translator":false,"is_translation_enabled":false,"profile_background_color":"F5F8FA","profile_background_image_url":null,"profile_background_image_url_https":null,"profile_background_tile":false,"profile_image_url":"http://pbs.twimg.com/profile_images/873093267134464002/00Lsdx3j_normal.jpg","profile_image_url_https":"https://pbs.twimg.com/profile_images/873093267134464002/00Lsdx3j_normal.jpg","profile_banner_url":"https://pbs.twimg.com/profile_banners/789313810335010817/1496996633","profile_link_color":"1DA1F2","profile_sidebar_border_color":"C0DEED","profile_sidebar_fill_color":"DDEEF6","profile_text_color":"333333","profile_use_background_image":true,"has_extended_profile":false,"default_profile":true,"default_profile_image":false,"following":false,"follow_request_sent":false,"notifications":false,"translator_type":"none"},"geo":null,"coordinates":null,"place":null,"contributors":null,"is_quote_status":true,"quoted_status_id":887644158097211400,"quoted_status_id_str":"887644158097211392","quoted_status":{"created_at":"Wed Jul 19 12:03:53 +0000 2017","id":887644158097211400,"id_str":"887644158097211392","text":"10/25(水)15th Single『BIG CITY RODEO』発売決定✨\nそして‼️ MAD CYCLONE長野公演 CD予約ご購入者様対象 スクラッチカード抽選会開催決定！！\n詳しくはこちら👉… https://t.co/RI5vO8EIjd","truncated":true,"entities":{"hashtags":[],"symbols":[],"user_mentions":[],"urls":[{"url":"https://t.co/RI5vO8EIjd","expanded_url":"https://twitter.com/i/web/status/887644158097211392","display_url":"twitter.com/i/web/status/8…","indices":[103,126]}]},"metadata":{"iso_language_code":"ja","result_type":"recent"},"source":"<a href=\"http://twitter.com/download/iphone\" rel=\"nofollow\">Twitter for iPhone</a>","in_reply_to_status_id":null,"in_reply_to_status_id_str":null,"in_reply_to_user_id":null,"in_reply_to_user_id_str":null,"in_reply_to_screen_name":null,"user":{"id":2191438080,"id_str":"2191438080","name":"GENERATIONS公式アカウント","screen_name":"generationsfext","location":"","description":"7/5(wed) NEW ALBUM「涙を流せないピエロは太陽も月もない空を見上げた」release‼︎◆EXILE TRIBE mobile→https://t.co/SZ7thRDt6r 【白濱亜嵐/片寄涼太/数原龍友/小森隼/佐野玲於/関口メンディー/中務裕太】","url":"https://t.co/UFsN6lemvE","entities":{"url":{"urls":[{"url":"https://t.co/UFsN6lemvE","expanded_url":"http://generations-ldh.jp","display_url":"generations-ldh.jp","indices":[0,23]}]},"description":{"urls":[{"url":"https://t.co/SZ7thRDt6r","expanded_url":"http://m.tribe-m.jp","display_url":"m.tribe-m.jp","indices":[72,95]}]}},"protected":false,"followers_count":1234402,"friends_count":28,"listed_count":2511,"created_at":"Wed Nov 13 02:08:03 +0000 2013","favourites_count":2,"utc_offset":null,"time_zone":null,"geo_enabled":true,"verified":true,"statuses_count":3295,"lang":"ja","contributors_enabled":false,"is_translator":false,"is_translation_enabled":false,"profile_background_color":"000000","profile_background_image_url":"http://pbs.twimg.com/profile_background_images/500195232797831169/4THPgP0G.jpeg","profile_background_image_url_https":"https://pbs.twimg.com/profile_background_images/500195232797831169/4THPgP0G.jpeg","profile_background_tile":false,"profile_image_url":"http://pbs.twimg.com/profile_images/872895236871118848/zdINc803_normal.jpg","profile_image_url_https":"https://pbs.twimg.com/profile_images/872895236871118848/zdINc803_normal.jpg","profile_banner_url":"https://pbs.twimg.com/profile_banners/2191438080/1496949418","profile_link_color":"0084B4","profile_sidebar_border_color":"FFFFFF","profile_sidebar_fill_color":"DDEEF6","profile_text_color":"333333","profile_use_background_image":true,"has_extended_profile":false,"default_profile":false,"default_profile_image":false,"following":false,"follow_request_sent":false,"notifications":false,"translator_type":"none"},"geo":null,"coordinates":null,"place":null,"contributors":null,"is_quote_status":false,"retweet_count":3932,"favorite_count":17343,"favorited":false,"retweeted":false,"possibly_sensitive":false,"lang":"ja"},"retweet_count":1459,"favorite_count":10589,"favorited":false,"retweeted":false,"possibly_sensitive":false,"lang":"ja"},{"created_at":"Wed Jul 19 13:24:37 +0000 2017","id":887664473405743100,"id_str":"887664473405743106","text":"となりのきみに、どきどきする https://t.co/KOfBxMdYMi","truncated":false,"entities":{"hashtags":[],"symbols":[],"user_mentions":[],"urls":[],"media":[{"id":887663926267093000,"id_str":"887663926267092992","indices":[15,38],"media_url":"http://pbs.twimg.com/media/DFGdo00UIAAvEf0.png","media_url_https":"https://pbs.twimg.com/media/DFGdo00UIAAvEf0.png","url":"https://t.co/KOfBxMdYMi","display_url":"pic.twitter.com/KOfBxMdYMi","expanded_url":"https://twitter.com/itsukiyu/status/887664473405743106/photo/1","type":"photo","sizes":{"medium":{"w":1100,"h":720,"resize":"fit"},"thumb":{"w":150,"h":150,"resize":"crop"},"large":{"w":1100,"h":720,"resize":"fit"},"small":{"w":680,"h":445,"resize":"fit"}}}]},"extended_entities":{"media":[{"id":887663926267093000,"id_str":"887663926267092992","indices":[15,38],"media_url":"http://pbs.twimg.com/media/DFGdo00UIAAvEf0.png","media_url_https":"https://pbs.twimg.com/media/DFGdo00UIAAvEf0.png","url":"https://t.co/KOfBxMdYMi","display_url":"pic.twitter.com/KOfBxMdYMi","expanded_url":"https://twitter.com/itsukiyu/status/887664473405743106/photo/1","type":"photo","sizes":{"medium":{"w":1100,"h":720,"resize":"fit"},"thumb":{"w":150,"h":150,"resize":"crop"},"large":{"w":1100,"h":720,"resize":"fit"},"small":{"w":680,"h":445,"resize":"fit"}}}]},"metadata":{"iso_language_code":"ja","result_type":"recent"},"source":"<a href=\"http://twitter.com\" rel=\"nofollow\">Twitter Web Client</a>","in_reply_to_status_id":null,"in_reply_to_status_id_str":null,"in_reply_to_user_id":null,"in_reply_to_user_id_str":null,"in_reply_to_screen_name":null,"user":{"id":284030356,"id_str":"284030356","name":"いつきゆう*アリスカフェ","screen_name":"itsukiyu","location":"↓書籍/グッズ情報・お問い合わせ","description":"お絵描きするのが好きです/【素直になるスタンプ】全9種・公式アニメ・アリススタンプ・着せかえリリース/【書籍】イラスト画集(宝島社)・ショートコミックス(一迅社)・童話コミックス(KADOKAWA)/グッズ通販【https://t.co/0nKBjhiBm4】/リプお返事用【@itsukiyu_yu】","url":"https://t.co/jdN3mnTkPR","entities":{"url":{"urls":[{"url":"https://t.co/jdN3mnTkPR","expanded_url":"http://twpf.jp/itsukiyu","display_url":"twpf.jp/itsukiyu","indices":[0,23]}]},"description":{"urls":[{"url":"https://t.co/0nKBjhiBm4","expanded_url":"http://itsukiyu.booth.pm","display_url":"itsukiyu.booth.pm","indices":[106,129]}]}},"protected":false,"followers_count":147156,"friends_count":142,"listed_count":1247,"created_at":"Mon Apr 18 13:53:46 +0000 2011","favourites_count":325,"utc_offset":-36000,"time_zone":"Hawaii","geo_enabled":false,"verified":false,"statuses_count":17758,"lang":"ja","contributors_enabled":false,"is_translator":false,"is_translation_enabled":false,"profile_background_color":"F7E1E9","profile_background_image_url":"http://pbs.twimg.com/profile_background_images/514474786357919745/pPPZybOq.png","profile_background_image_url_https":"https://pbs.twimg.com/profile_background_images/514474786357919745/pPPZybOq.png","profile_background_tile":true,"profile_image_url":"http://pbs.twimg.com/profile_images/680086139298918401/FoFTiv7j_normal.png","profile_image_url_https":"https://pbs.twimg.com/profile_images/680086139298918401/FoFTiv7j_normal.png","profile_banner_url":"https://pbs.twimg.com/profile_banners/284030356/1489850861","profile_link_color":"EBB896","profile_sidebar_border_color":"FFFFFF","profile_sidebar_fill_color":"F7EDF1","profile_text_color":"E67E98","profile_use_background_image":true,"has_extended_profile":true,"default_profile":false,"default_profile_image":false,"following":false,"follow_request_sent":false,"notifications":false,"translator_type":"none"},"geo":null,"coordinates":null,"place":null,"contributors":null,"is_quote_status":false,"retweet_count":858,"favorite_count":2787,"favorited":false,"retweeted":false,"possibly_sensitive":false,"lang":"ja"},{"created_at":"Wed Jul 19 13:23:27 +0000 2017","id":887664183256404000,"id_str":"887664183256403969","text":"やっとみれた😢❤️❤️❤️\n\nポケモン映画😢❤️❤️\n\n感想まとまらないよ！はぁ最高。\nうぅー😢😢😢😢😢😢❤️❤️❤️ https://t.co/mu5Do67Xta","truncated":false,"entities":{"hashtags":[],"symbols":[],"user_mentions":[],"urls":[],"media":[{"id":887664152566669300,"id_str":"887664152566669312","indices":[60,83],"media_url":"http://pbs.twimg.com/media/DFGd1_2VoAAXwsd.jpg","media_url_https":"https://pbs.twimg.com/media/DFGd1_2VoAAXwsd.jpg","url":"https://t.co/mu5Do67Xta","display_url":"pic.twitter.com/mu5Do67Xta","expanded_url":"https://twitter.com/0220nicole/status/887664183256403969/photo/1","type":"photo","sizes":{"small":{"w":680,"h":680,"resize":"fit"},"thumb":{"w":150,"h":150,"resize":"crop"},"medium":{"w":1200,"h":1200,"resize":"fit"},"large":{"w":2048,"h":2048,"resize":"fit"}}}]},"extended_entities":{"media":[{"id":887664152566669300,"id_str":"887664152566669312","indices":[60,83],"media_url":"http://pbs.twimg.com/media/DFGd1_2VoAAXwsd.jpg","media_url_https":"https://pbs.twimg.com/media/DFGd1_2VoAAXwsd.jpg","url":"https://t.co/mu5Do67Xta","display_url":"pic.twitter.com/mu5Do67Xta","expanded_url":"https://twitter.com/0220nicole/status/887664183256403969/photo/1","type":"photo","sizes":{"small":{"w":680,"h":680,"resize":"fit"},"thumb":{"w":150,"h":150,"resize":"crop"},"medium":{"w":1200,"h":1200,"resize":"fit"},"large":{"w":2048,"h":2048,"resize":"fit"}}}]},"metadata":{"iso_language_code":"ja","result_type":"recent"},"source":"<a href=\"http://twitter.com/download/iphone\" rel=\"nofollow\">Twitter for iPhone</a>","in_reply_to_status_id":null,"in_reply_to_status_id_str":null,"in_reply_to_user_id":null,"in_reply_to_user_id_str":null,"in_reply_to_screen_name":null,"user":{"id":2459378088,"id_str":"2459378088","name":"藤田 ニコル(にこるん)","screen_name":"0220nicole","location":"オスカープロモーション所属 ","description":"にこるん。19歳。/167cm/2月20日/ nicola ☞ popteen 人生楽しんだもんがち♡るん。 スタイルブック発売。8月3日歌も出した。カラコンつけまプロデュース発売中。カレンダーとLINEスタンプ日めくりカレンダー発売中。月曜ヒルナンデス。https://t.co/1XBThfHn8P","url":"https://t.co/O9JYKor3hF","entities":{"url":{"urls":[{"url":"https://t.co/O9JYKor3hF","expanded_url":"https://youtu.be/-m9wZfGdlwQ","display_url":"youtu.be/-m9wZfGdlwQ","indices":[0,23]}]},"description":{"urls":[{"url":"https://t.co/1XBThfHn8P","expanded_url":"http://Instagram.com/2525nicole2","display_url":"Instagram.com/2525nicole2","indices":[128,151]}]}},"protected":false,"followers_count":1913317,"friends_count":379,"listed_count":3699,"created_at":"Wed Apr 23 08:02:29 +0000 2014","favourites_count":73244,"utc_offset":null,"time_zone":null,"geo_enabled":false,"verified":true,"statuses_count":41212,"lang":"ja","contributors_enabled":false,"is_translator":false,"is_translation_enabled":false,"profile_background_color":"C0DEED","profile_background_image_url":"http://abs.twimg.com/images/themes/theme1/bg.png","profile_background_image_url_https":"https://abs.twimg.com/images/themes/theme1/bg.png","profile_background_tile":false,"profile_image_url":"http://pbs.twimg.com/profile_images/883209562311897088/KbielPPl_normal.jpg","profile_image_url_https":"https://pbs.twimg.com/profile_images/883209562311897088/KbielPPl_normal.jpg","profile_banner_url":"https://pbs.twimg.com/profile_banners/2459378088/1491035911","profile_link_color":"1DA1F2","profile_sidebar_border_color":"C0DEED","profile_sidebar_fill_color":"DDEEF6","profile_text_color":"333333","profile_use_background_image":true,"has_extended_profile":false,"default_profile":true,"default_profile_image":false,"following":false,"follow_request_sent":false,"notifications":false,"translator_type":"none"},"geo":null,"coordinates":null,"place":null,"contributors":null,"is_quote_status":false,"retweet_count":618,"favorite_count":8484,"favorited":false,"retweeted":false,"possibly_sensitive":false,"lang":"ja"}],"search_metadata":{"completed_in":0.139,"max_id":887671204705783800,"max_id_str":"887671204705783808","next_results":"?max_id=887664183256403968&q=lang%3Aja%20min_retweets%3A500&include_entities=1","query":"lang%3Aja+min_retweets%3A500","refresh_url":"?since_id=887671204705783808&q=lang%3Aja%20min_retweets%3A500&include_entities=1","count":15,"since_id":0,"since_id_str":"0"}}