{"statuses":[{"created_at":"Thu Jul 20 01:00:33 +0000 2017","id":887839613242310700,"id_str":"887839613242310656","text":"現在「艦これ」運営鎮守府では、「艦これ」【夏】イベント2017：期間限定海域の作戦準備を進めています。今夏の作戦海域展開規模は、「大規模作戦」となる予定です。同夏イベで登場予定のある新艦娘に関連する装備の一部は、今月末展開予定月次作戦ランカー提督褒賞で先行実装予定です！\n#艦これ","truncated":false,"entities":{"hashtags":[{"text":"艦これ","indices":[136,140]}],"symbols":[],"user_mentions":[],"urls":[]},"metadata":{"iso_language_code":"ja","result_type":"recent"},"source":"<a href=\"http://twitter.com\" rel=\"nofollow\">Twitter Web Client</a>","in_reply_to_status_id":null,"in_reply_to_status_id_str":null,"in_reply_to_user_id":null,"in_reply_to_user_id_str":null,"in_reply_to_screen_name":null,"user":{"id":294025417,"id_str":"294025417","name":"「艦これ」開発/運営","screen_name":"KanColle_STAFF","location":"東京都港区","description":"「艦隊これくしょん -艦これ-」開発/運営公式ツイッターです。メンテナンス情報やアップデート/イベント展開情報等を、できるだけ早く提督の皆さんにお伝えするよう努めます。「艦これ」は今春四周年を迎え、そして五年目の夏に突入しようとしています！応援頂いている提督の皆さん、本当にありがとうございます。","url":null,"entities":{"description":{"urls":[]}},"protected":false,"followers_count":1380994,"friends_count":27,"listed_count":21569,"created_at":"Fri May 06 11:59:23 +0000 2011","favourites_count":0,"utc_offset":28800,"time_zone":"Irkutsk","geo_enabled":false,"verified":false,"statuses_count":11673,"lang":"ja","contributors_enabled":false,"is_translator":false,"is_translation_enabled":false,"profile_background_color":"C0DEED","profile_background_image_url":"http://pbs.twimg.com/profile_background_images/378800000032757150/d7b9f7b5ef2f01620e4f0bf5f88018f7.jpeg","profile_background_image_url_https":"https://pbs.twimg.com/profile_background_images/378800000032757150/d7b9f7b5ef2f01620e4f0bf5f88018f7.jpeg","profile_background_tile":false,"profile_image_url":"http://pbs.twimg.com/profile_images/886759133399011329/g-PjXBIH_normal.jpg","profile_image_url_https":"https://pbs.twimg.com/profile_images/886759133399011329/g-PjXBIH_normal.jpg","profile_link_color":"0084B4","profile_sidebar_border_color":"FFFFFF","profile_sidebar_fill_color":"DDEEF6","profile_text_color":"333333","profile_use_background_image":true,"has_extended_profile":false,"default_profile":false,"default_profile_image":false,"following":false,"follow_request_sent":false,"notifications":false,"translator_type":"none"},"geo":null,"coordinates":null,"place":null,"contributors":null,"is_quote_status":false,"retweet_count":742,"favorite_count":512,"favorited":false,"retweeted":false,"lang":"ja"},{"created_at":"Thu Jul 20 00:44:00 +0000 2017","id":887835445358338000,"id_str":"887835445358338048","text":"ゼノギアスのアクションフィギュアプロジェクトがついに始動！フィギュアのリデザイン、監修は石垣純哉氏です！ #SDCC17 #wanderarts #bringarts #ブリングアーツ #ゼノギアス20周年 https://t.co/yyINilN35T","truncated":false,"entities":{"hashtags":[{"text":"SDCC17","indices":[53,60]},{"text":"wanderarts","indices":[61,72]},{"text":"bringarts","indices":[73,83]},{"text":"ブリングアーツ","indices":[84,92]},{"text":"ゼノギアス20周年","indices":[93,103]}],"symbols":[],"user_mentions":[],"urls":[],"media":[{"id":887835389326540800,"id_str":"887835389326540800","indices":[104,127],"media_url":"http://pbs.twimg.com/media/DFI5lSfUQAAQCuN.jpg","media_url_https":"https://pbs.twimg.com/media/DFI5lSfUQAAQCuN.jpg","url":"https://t.co/yyINilN35T","display_url":"pic.twitter.com/yyINilN35T","expanded_url":"https://twitter.com/SQEX_MD_GOODS/status/887835445358338048/photo/1","type":"photo","sizes":{"small":{"w":680,"h":680,"resize":"fit"},"thumb":{"w":150,"h":150,"resize":"crop"},"medium":{"w":1200,"h":1200,"resize":"fit"},"large":{"w":2048,"h":2048,"resize":"fit"}}}]},"extended_entities":{"media":[{"id":887835389326540800,"id_str":"887835389326540800","indices":[104,127],"media_url":"http://pbs.twimg.com/media/DFI5lSfUQAAQCuN.jpg","media_url_https":"https://pbs.twimg.com/media/DFI5lSfUQAAQCuN.jpg","url":"https://t.co/yyINilN35T","display_url":"pic.twitter.com/yyINilN35T","expanded_url":"https://twitter.com/SQEX_MD_GOODS/status/887835445358338048/photo/1","type":"photo","sizes":{"small":{"w":680,"h":680,"resize":"fit"},"thumb":{"w":150,"h":150,"resize":"crop"},"medium":{"w":1200,"h":1200,"resize":"fit"},"large":{"w":2048,"h":2048,"resize":"fit"}}},{"id":887835389469237200,"id_str":"887835389469237248","indices":[104,127],"media_url":"http://pbs.twimg.com/media/DFI5lTBVoAAJzD6.jpg","media_url_https":"https://pbs.twimg.com/media/DFI5lTBVoAAJzD6.jpg","url":"https://t.co/yyINilN35T","display_url":"pic.twitter.com/yyINilN35T","expanded_url":"https://twitter.com/SQEX_MD_GOODS/status/887835445358338048/photo/1","type":"photo","sizes":{"small":{"w":467,"h":680,"resize":"fit"},"thumb":{"w":150,"h":150,"resize":"crop"},"medium":{"w":600,"h":873,"resize":"fit"},"large":{"w":600,"h":873,"resize":"fit"}}},{"id":887835389322338300,"id_str":"887835389322338304","indices":[104,127],"media_url":"http://pbs.twimg.com/media/DFI5lSeUIAATO1a.jpg","media_url_https":"https://pbs.twimg.com/media/DFI5lSeUIAATO1a.jpg","url":"https://t.co/yyINilN35T","display_url":"pic.twitter.com/yyINilN35T","expanded_url":"https://twitter.com/SQEX_MD_GOODS/status/887835445358338048/photo/1","type":"photo","sizes":{"large":{"w":873,"h":600,"resize":"fit"},"thumb":{"w":150,"h":150,"resize":"crop"},"small":{"w":680,"h":467,"resize":"fit"},"medium":{"w":873,"h":600,"resize":"fit"}}}]},"metadata":{"iso_language_code":"ja","result_type":"recent"},"source":"<a href=\"http://twitter.com/download/iphone\" rel=\"nofollow\">Twitter for iPhone</a>","in_reply_to_status_id":null,"in_reply_to_status_id_str":null,"in_reply_to_user_id":null,"in_reply_to_user_id_str":null,"in_reply_to_screen_name":null,"user":{"id":187802444,"id_str":"187802444","name":"SQEX MD GOODS","screen_name":"SQEX_MD_GOODS","location":"東京都新宿区","description":"スクウェア・エニックス マーチャンダイジング事業部です。\r\nフィギュアやアクセサリー等のグッズ、オフィシャルグッズショップ＆カフェ「ARTNIA」、イベント等を紹介していく公式アカウントです。","url":"http://t.co/GStpByeeEW","entities":{"url":{"urls":[{"url":"http://t.co/GStpByeeEW","expanded_url":"http://www.square-enix-shop.com/jp/index.html","display_url":"square-enix-shop.com/jp/index.html","indices":[0,22]}]},"description":{"urls":[]}},"protected":false,"followers_count":20560,"friends_count":50,"listed_count":483,"created_at":"Tue Sep 07 05:14:53 +0000 2010","favourites_count":9,"utc_offset":32400,"time_zone":"Tokyo","geo_enabled":false,"verified":false,"statuses_count":2974,"lang":"ja","contributors_enabled":false,"is_translator":false,"is_translation_enabled":false,"profile_background_color":"0F0F0F","profile_background_image_url":"http://abs.twimg.com/images/themes/theme1/bg.png","profile_background_image_url_https":"https://abs.twimg.com/images/themes/theme1/bg.png","profile_background_tile":false,"profile_image_url":"http://pbs.twimg.com/profile_images/3147229573/40d5423d89a88530d3d4bf67f1655abe_normal.jpeg","profile_image_url_https":"https://pbs.twimg.com/profile_images/3147229573/40d5423d89a88530d3d4bf67f1655abe_normal.jpeg","profile_link_color":"0084B4","profile_sidebar_border_color":"FFFFFF","profile_sidebar_fill_color":"DDEEF6","profile_text_color":"333333","profile_use_background_image":false,"has_extended_profile":false,"default_profile":false,"default_profile_image":false,"following":false,"follow_request_sent":false,"notifications":false,"translator_type":"none"},"geo":null,"coordinates":null,"place":null,"contributors":null,"is_quote_status":false,"retweet_count":883,"favorite_count":441,"favorited":false,"retweeted":false,"possibly_sensitive":false,"lang":"ja"},{"created_at":"Thu Jul 20 00:39:33 +0000 2017","id":887834329027461100,"id_str":"887834329027461120","text":"2＝Peace＝平和\n\n戦争は経験したことはなくても日本人が世界平和を声に出すべきだと思ってます。\n\nどんなに不可能に近くても理想は捨てたらいかんでしょ。\n\nhttps://t.co/8O4I1vRsWx @YahooNewsTopics","truncated":false,"entities":{"hashtags":[],"symbols":[],"user_mentions":[{"screen_name":"YahooNewsTopics","name":"Yahoo!ニュース","id":88846085,"id_str":"88846085","indices":[103,119]}],"urls":[{"url":"https://t.co/8O4I1vRsWx","expanded_url":"https://headlines.yahoo.co.jp/hl?a=20170720-01858586-nksports-socc","display_url":"headlines.yahoo.co.jp/hl?a=20170720-…","indices":[79,102]}]},"metadata":{"iso_language_code":"ja","result_type":"recent"},"source":"<a href=\"http://twitter.com/download/iphone\" rel=\"nofollow\">Twitter for iPhone</a>","in_reply_to_status_id":null,"in_reply_to_status_id_str":null,"in_reply_to_user_id":null,"in_reply_to_user_id_str":null,"in_reply_to_screen_name":null,"user":{"id":824122844258897900,"id_str":"824122844258897920","name":"KeisukeHonda(本田圭佑)","screen_name":"kskgroup2017","location":"México","description":"Soccer player,Entrepreneur and Educator","url":"https://t.co/r6jnXWPOUd","entities":{"url":{"urls":[{"url":"https://t.co/r6jnXWPOUd","expanded_url":"https://goo.gl/fY3uOt","display_url":"goo.gl/fY3uOt","indices":[0,23]}]},"description":{"urls":[]}},"protected":false,"followers_count":176607,"friends_count":32,"listed_count":807,"created_at":"Wed Jan 25 05:12:52 +0000 2017","favourites_count":25,"utc_offset":-25200,"time_zone":"Pacific Time (US & Canada)","geo_enabled":false,"verified":true,"statuses_count":33,"lang":"ja","contributors_enabled":false,"is_translator":false,"is_translation_enabled":false,"profile_background_color":"000000","profile_background_image_url":"http://abs.twimg.com/images/themes/theme1/bg.png","profile_background_image_url_https":"https://abs.twimg.com/images/themes/theme1/bg.png","profile_background_tile":false,"profile_image_url":"http://pbs.twimg.com/profile_images/878620805369876481/oORYN5QV_normal.jpg","profile_image_url_https":"https://pbs.twimg.com/profile_images/878620805369876481/oORYN5QV_normal.jpg","profile_banner_url":"https://pbs.twimg.com/profile_banners/824122844258897920/1495386349","profile_link_color":"E81C4F","profile_sidebar_border_color":"000000","profile_sidebar_fill_color":"000000","profile_text_color":"000000","profile_use_background_image":false,"has_extended_profile":true,"default_profile":false,"default_profile_image":false,"following":false,"follow_request_sent":false,"notifications":false,"translator_type":"none"},"geo":null,"coordinates":null,"place":null,"contributors":null,"is_quote_status":false,"retweet_count":704,"favorite_count":2220,"favorited":false,"retweeted":false,"possibly_sensitive":false,"lang":"ja"},{"created_at":"Thu Jul 20 00:32:35 +0000 2017","id":887832573853835300,"id_str":"887832573853835264","text":"マクイルがIIDXに。おじさん的に感慨深いです。生き別れの兄弟曲と再開みたいな感じだからね。ということでIIDXプレイヤーの皆様、アルマゲストともどもマクイルを何卒宜しくお願い致します！","truncated":false,"entities":{"hashtags":[],"symbols":[],"user_mentions":[],"urls":[]},"metadata":{"iso_language_code":"ja","result_type":"recent"},"source":"<a href=\"http://twitter.com/download/android\" rel=\"nofollow\">Twitter for Android</a>","in_reply_to_status_id":null,"in_reply_to_status_id_str":null,"in_reply_to_user_id":null,"in_reply_to_user_id_str":null,"in_reply_to_screen_name":null,"user":{"id":140818784,"id_str":"140818784","name":"TOMOSUKE","screen_name":"_TOMOSUKE_","location":"","description":"曲作ったり物語書いたり、コンテンツーリズムの研究したりとかいろんな事やってるおじさん。ノスタルジー・レトロ・廃墟好き。","url":null,"entities":{"description":{"urls":[]}},"protected":false,"followers_count":27716,"friends_count":103,"listed_count":1651,"created_at":"Thu May 06 12:57:16 +0000 2010","favourites_count":0,"utc_offset":32400,"time_zone":"Tokyo","geo_enabled":false,"verified":false,"statuses_count":5359,"lang":"ja","contributors_enabled":false,"is_translator":false,"is_translation_enabled":false,"profile_background_color":"C0C2A5","profile_background_image_url":"http://pbs.twimg.com/profile_background_images/304642475/1825_-_Ruine_Eldena.jpg","profile_background_image_url_https":"https://pbs.twimg.com/profile_background_images/304642475/1825_-_Ruine_Eldena.jpg","profile_background_tile":false,"profile_image_url":"http://pbs.twimg.com/profile_images/716095381826736128/L0F6eoWd_normal.jpg","profile_image_url_https":"https://pbs.twimg.com/profile_images/716095381826736128/L0F6eoWd_normal.jpg","profile_link_color":"20B2AA","profile_sidebar_border_color":"6A875C","profile_sidebar_fill_color":"DEDEBD","profile_text_color":"333333","profile_use_background_image":true,"has_extended_profile":false,"default_profile":false,"default_profile_image":false,"following":false,"follow_request_sent":false,"notifications":false,"translator_type":"none"},"geo":null,"coordinates":null,"place":null,"contributors":null,"is_quote_status":false,"retweet_count":483,"favorite_count":338,"favorited":false,"retweeted":false,"lang":"ja"},{"created_at":"Thu Jul 20 00:26:40 +0000 2017","id":887831085639401500,"id_str":"887831085639401472","text":"【TRIBE】8/11 21時-日テレ\n映画『HiGH＆LOW THE MOVIE 特別版 from THE RED RAIN』テレビ初放送！ \n\nスペシャル映像では尊龍と少女との過去の関係が深く描かれ、新作映画のカー＆バイクアク… https://t.co/Jih1UibyOY","truncated":true,"entities":{"hashtags":[],"symbols":[],"user_mentions":[],"urls":[{"url":"https://t.co/Jih1UibyOY","expanded_url":"https://twitter.com/i/web/status/887831085639401472","display_url":"twitter.com/i/web/status/8…","indices":[117,140]}]},"metadata":{"iso_language_code":"ja","result_type":"recent"},"source":"<a href=\"http://www.hootsuite.com\" rel=\"nofollow\">Hootsuite</a>","in_reply_to_status_id":null,"in_reply_to_status_id_str":null,"in_reply_to_user_id":null,"in_reply_to_user_id_str":null,"in_reply_to_screen_name":null,"user":{"id":188261799,"id_str":"188261799","name":"EXILE最新ニュース24","screen_name":"exnews24","location":"TOKYO","description":"EXILE TRIBE【EXILE・THE SECOND・三代目J Soul Brothers・GENERATIONSなど】に関する番組出演・リリースなどの最新情報を配信しています。EXILE TRIBEが好きな方からのフォロー＆RT歓迎です。【unofficial】ログ→https://t.co/JDQBTfT0iL","url":"https://t.co/6CzLMfwm5q","entities":{"url":{"urls":[{"url":"https://t.co/6CzLMfwm5q","expanded_url":"http://www.facebook.com/exn24","display_url":"facebook.com/exn24","indices":[0,23]}]},"description":{"urls":[{"url":"https://t.co/JDQBTfT0iL","expanded_url":"http://bit.ly/dNLWFK","display_url":"bit.ly/dNLWFK","indices":[137,160]}]}},"protected":false,"followers_count":764167,"friends_count":3271,"listed_count":1651,"created_at":"Wed Sep 08 09:15:44 +0000 2010","favourites_count":1986,"utc_offset":32400,"time_zone":"Tokyo","geo_enabled":false,"verified":false,"statuses_count":45082,"lang":"ja","contributors_enabled":false,"is_translator":false,"is_translation_enabled":false,"profile_background_color":"FFFFFF","profile_background_image_url":"http://abs.twimg.com/images/themes/theme16/bg.gif","profile_background_image_url_https":"https://abs.twimg.com/images/themes/theme16/bg.gif","profile_background_tile":false,"profile_image_url":"http://pbs.twimg.com/profile_images/1534064711/exnews_ico_normal.gif","profile_image_url_https":"https://pbs.twimg.com/profile_images/1534064711/exnews_ico_normal.gif","profile_banner_url":"https://pbs.twimg.com/profile_banners/188261799/1469599351","profile_link_color":"0084B4","profile_sidebar_border_color":"000000","profile_sidebar_fill_color":"000000","profile_text_color":"000000","profile_use_background_image":false,"has_extended_profile":true,"default_profile":false,"default_profile_image":false,"following":false,"follow_request_sent":false,"notifications":false,"translator_type":"none"},"geo":null,"coordinates":null,"place":null,"contributors":null,"is_quote_status":false,"retweet_count":822,"favorite_count":2671,"favorited":false,"retweeted":false,"possibly_sensitive":false,"lang":"ja"},{"created_at":"Thu Jul 20 00:20:39 +0000 2017","id":887829570186903600,"id_str":"887829570186903552","text":"【ほっこり】猫の真似して箱に入る子どもが愛らしいとTwitterで話題に\nhttps://t.co/pAy5kXJWNd\n\n生まれてから一緒に過ごしてきたので、猫たちの様子をよく見ているとのこと。これは「いつもの光景」だそうです。 https://t.co/KACYbzwvZv","truncated":false,"entities":{"hashtags":[],"symbols":[],"user_mentions":[],"urls":[{"url":"https://t.co/pAy5kXJWNd","expanded_url":"http://news.livedoor.com/topics/detail/13359350/","display_url":"news.livedoor.com/topics/detail/…","indices":[37,60]}],"media":[{"id":887828016830701600,"id_str":"887828016830701568","indices":[116,139],"media_url":"http://pbs.twimg.com/media/DFIy4JzVYAA0QxZ.jpg","media_url_https":"https://pbs.twimg.com/media/DFIy4JzVYAA0QxZ.jpg","url":"https://t.co/KACYbzwvZv","display_url":"pic.twitter.com/KACYbzwvZv","expanded_url":"https://twitter.com/livedoornews/status/887829570186903552/photo/1","type":"photo","sizes":{"medium":{"w":480,"h":639,"resize":"fit"},"thumb":{"w":150,"h":150,"resize":"crop"},"large":{"w":480,"h":639,"resize":"fit"},"small":{"w":480,"h":639,"resize":"fit"}}}]},"extended_entities":{"media":[{"id":887828016830701600,"id_str":"887828016830701568","indices":[116,139],"media_url":"http://pbs.twimg.com/media/DFIy4JzVYAA0QxZ.jpg","media_url_https":"https://pbs.twimg.com/media/DFIy4JzVYAA0QxZ.jpg","url":"https://t.co/KACYbzwvZv","display_url":"pic.twitter.com/KACYbzwvZv","expanded_url":"https://twitter.com/livedoornews/status/887829570186903552/photo/1","type":"photo","sizes":{"medium":{"w":480,"h":639,"resize":"fit"},"thumb":{"w":150,"h":150,"resize":"crop"},"large":{"w":480,"h":639,"resize":"fit"},"small":{"w":480,"h":639,"resize":"fit"}}},{"id":887828032114671600,"id_str":"887828032114671616","indices":[116,139],"media_url":"http://pbs.twimg.com/media/DFIy5CvUQAAUMDI.jpg","media_url_https":"https://pbs.twimg.com/media/DFIy5CvUQAAUMDI.jpg","url":"https://t.co/KACYbzwvZv","display_url":"pic.twitter.com/KACYbzwvZv","expanded_url":"https://twitter.com/livedoornews/status/887829570186903552/photo/1","type":"photo","sizes":{"small":{"w":639,"h":479,"resize":"fit"},"large":{"w":639,"h":479,"resize":"fit"},"medium":{"w":639,"h":479,"resize":"fit"},"thumb":{"w":150,"h":150,"resize":"crop"}}},{"id":887828053329551400,"id_str":"887828053329551362","indices":[116,139],"media_url":"http://pbs.twimg.com/media/DFIy6RxVoAIBmlY.jpg","media_url_https":"https://pbs.twimg.com/media/DFIy6RxVoAIBmlY.jpg","url":"https://t.co/KACYbzwvZv","display_url":"pic.twitter.com/KACYbzwvZv","expanded_url":"https://twitter.com/livedoornews/status/887829570186903552/photo/1","type":"photo","sizes":{"large":{"w":639,"h":480,"resize":"fit"},"small":{"w":639,"h":480,"resize":"fit"},"thumb":{"w":150,"h":150,"resize":"crop"},"medium":{"w":639,"h":480,"resize":"fit"}}},{"id":887828069838315500,"id_str":"887828069838315520","indices":[116,139],"media_url":"http://pbs.twimg.com/media/DFIy7PRVYAA7Y8l.jpg","media_url_https":"https://pbs.twimg.com/media/DFIy7PRVYAA7Y8l.jpg","url":"https://t.co/KACYbzwvZv","display_url":"pic.twitter.com/KACYbzwvZv","expanded_url":"https://twitter.com/livedoornews/status/887829570186903552/photo/1","type":"photo","sizes":{"small":{"w":639,"h":480,"resize":"fit"},"thumb":{"w":150,"h":150,"resize":"crop"},"large":{"w":639,"h":480,"resize":"fit"},"medium":{"w":639,"h":480,"resize":"fit"}}}]},"metadata":{"iso_language_code":"ja","result_type":"recent"},"source":"<a href=\"http://twitter.com\" rel=\"nofollow\">Twitter Web Client</a>","in_reply_to_status_id":null,"in_reply_to_status_id_str":null,"in_reply_to_user_id":null,"in_reply_to_user_id_str":null,"in_reply_to_screen_name":null,"user":{"id":17306975,"id_str":"17306975","name":"ライブドアニュース","screen_name":"livedoornews","location":"","description":"LINE →https://t.co/yhJO0o7Jns／FB → https://t.co/LHTCuyIEjr／インスタ／→https://t.co/SpmVgPtfCG","url":"http://t.co/Q4Bh3OCfgY","entities":{"url":{"urls":[{"url":"http://t.co/Q4Bh3OCfgY","expanded_url":"http://news.livedoor.com/","display_url":"news.livedoor.com","indices":[0,22]}]},"description":{"urls":[{"url":"https://t.co/yhJO0o7Jns","expanded_url":"http://goo.gl/upBgKP","display_url":"goo.gl/upBgKP","indices":[6,29]},{"url":"https://t.co/LHTCuyIEjr","expanded_url":"http://goo.gl/nDULhn","display_url":"goo.gl/nDULhn","indices":[35,58]},{"url":"https://t.co/SpmVgPtfCG","expanded_url":"http://goo.gl/cHGD9G","display_url":"goo.gl/cHGD9G","indices":[65,88]}]}},"protected":false,"followers_count":431130,"friends_count":88,"listed_count":6141,"created_at":"Tue Nov 11 09:56:31 +0000 2008","favourites_count":2608,"utc_offset":32400,"time_zone":"Tokyo","geo_enabled":false,"verified":true,"statuses_count":177099,"lang":"ja","contributors_enabled":false,"is_translator":false,"is_translation_enabled":false,"profile_background_color":"FFFFFF","profile_background_image_url":"http://pbs.twimg.com/profile_background_images/378800000085828060/4b07c1d868c917fb65a3d64a20904cd5.jpeg","profile_background_image_url_https":"https://pbs.twimg.com/profile_background_images/378800000085828060/4b07c1d868c917fb65a3d64a20904cd5.jpeg","profile_background_tile":false,"profile_image_url":"http://pbs.twimg.com/profile_images/875662964988166149/whdJTD2I_normal.jpg","profile_image_url_https":"https://pbs.twimg.com/profile_images/875662964988166149/whdJTD2I_normal.jpg","profile_link_color":"51ADD4","profile_sidebar_border_color":"FFFFFF","profile_sidebar_fill_color":"95E8EC","profile_text_color":"3C3940","profile_use_background_image":true,"has_extended_profile":false,"default_profile":false,"default_profile_image":false,"following":false,"follow_request_sent":false,"notifications":false,"translator_type":"none"},"geo":null,"coordinates":null,"place":null,"contributors":null,"is_quote_status":false,"retweet_count":695,"favorite_count":1184,"favorited":false,"retweeted":false,"possibly_sensitive":false,"lang":"ja"},{"created_at":"Thu Jul 20 00:16:39 +0000 2017","id":887828564166328300,"id_str":"887828564166328320","text":"一人ダイナミックに略してる方がいますね・・・\nおはようございます https://t.co/Z1xmflCTvq","truncated":false,"entities":{"hashtags":[],"symbols":[],"user_mentions":[],"urls":[],"media":[{"id":887828557795176400,"id_str":"887828557795176448","indices":[33,56],"media_url":"http://pbs.twimg.com/media/DFIzXpDUMAAiVdn.jpg","media_url_https":"https://pbs.twimg.com/media/DFIzXpDUMAAiVdn.jpg","url":"https://t.co/Z1xmflCTvq","display_url":"pic.twitter.com/Z1xmflCTvq","expanded_url":"https://twitter.com/de_detaawwwww/status/887828564166328320/photo/1","type":"photo","sizes":{"large":{"w":640,"h":904,"resize":"fit"},"medium":{"w":640,"h":904,"resize":"fit"},"thumb":{"w":150,"h":150,"resize":"crop"},"small":{"w":481,"h":680,"resize":"fit"}}}]},"extended_entities":{"media":[{"id":887828557795176400,"id_str":"887828557795176448","indices":[33,56],"media_url":"http://pbs.twimg.com/media/DFIzXpDUMAAiVdn.jpg","media_url_https":"https://pbs.twimg.com/media/DFIzXpDUMAAiVdn.jpg","url":"https://t.co/Z1xmflCTvq","display_url":"pic.twitter.com/Z1xmflCTvq","expanded_url":"https://twitter.com/de_detaawwwww/status/887828564166328320/photo/1","type":"photo","sizes":{"large":{"w":640,"h":904,"resize":"fit"},"medium":{"w":640,"h":904,"resize":"fit"},"thumb":{"w":150,"h":150,"resize":"crop"},"small":{"w":481,"h":680,"resize":"fit"}}},{"id":887828557833031700,"id_str":"887828557833031680","indices":[33,56],"media_url":"http://pbs.twimg.com/media/DFIzXpMV0AA9nXt.jpg","media_url_https":"https://pbs.twimg.com/media/DFIzXpMV0AA9nXt.jpg","url":"https://t.co/Z1xmflCTvq","display_url":"pic.twitter.com/Z1xmflCTvq","expanded_url":"https://twitter.com/de_detaawwwww/status/887828564166328320/photo/1","type":"photo","sizes":{"large":{"w":640,"h":912,"resize":"fit"},"medium":{"w":640,"h":912,"resize":"fit"},"small":{"w":477,"h":680,"resize":"fit"},"thumb":{"w":150,"h":150,"resize":"crop"}}},{"id":887828557828833300,"id_str":"887828557828833280","indices":[33,56],"media_url":"http://pbs.twimg.com/media/DFIzXpLVwAAXfx2.jpg","media_url_https":"https://pbs.twimg.com/media/DFIzXpLVwAAXfx2.jpg","url":"https://t.co/Z1xmflCTvq","display_url":"pic.twitter.com/Z1xmflCTvq","expanded_url":"https://twitter.com/de_detaawwwww/status/887828564166328320/photo/1","type":"photo","sizes":{"large":{"w":640,"h":904,"resize":"fit"},"medium":{"w":640,"h":904,"resize":"fit"},"thumb":{"w":150,"h":150,"resize":"crop"},"small":{"w":481,"h":680,"resize":"fit"}}},{"id":887828559221227500,"id_str":"887828559221227520","indices":[33,56],"media_url":"http://pbs.twimg.com/media/DFIzXuXUAAAGObg.jpg","media_url_https":"https://pbs.twimg.com/media/DFIzXuXUAAAGObg.jpg","url":"https://t.co/Z1xmflCTvq","display_url":"pic.twitter.com/Z1xmflCTvq","expanded_url":"https://twitter.com/de_detaawwwww/status/887828564166328320/photo/1","type":"photo","sizes":{"large":{"w":640,"h":904,"resize":"fit"},"medium":{"w":640,"h":904,"resize":"fit"},"thumb":{"w":150,"h":150,"resize":"crop"},"small":{"w":481,"h":680,"resize":"fit"}}}]},"metadata":{"iso_language_code":"ja","result_type":"recent"},"source":"<a href=\"http://twitter.com/download/iphone\" rel=\"nofollow\">Twitter for iPhone</a>","in_reply_to_status_id":null,"in_reply_to_status_id_str":null,"in_reply_to_user_id":null,"in_reply_to_user_id_str":null,"in_reply_to_screen_name":null,"user":{"id":595383148,"id_str":"595383148","name":"奴bot","screen_name":"de_detaawwwww","location":"本物です","description":"生活はできそう それはまだ (LINEスタンプ→https://t.co/MfWaUKkmJN) (その他→https://t.co/qYZx8LNf8J) こちらもどうぞ→@chihara_lyrics","url":"https://t.co/MnDZDKXSQl","entities":{"url":{"urls":[{"url":"https://t.co/MnDZDKXSQl","expanded_url":"http://twpf.jp/de_detaawwwww","display_url":"twpf.jp/de_detaawwwww","indices":[0,23]}]},"description":{"urls":[{"url":"https://t.co/MfWaUKkmJN","expanded_url":"http://line.me/S/sticker/1208244","display_url":"line.me/S/sticker/1208…","indices":[24,47]},{"url":"https://t.co/qYZx8LNf8J","expanded_url":"http://suzuri.jp/Yakko_Nakano","display_url":"suzuri.jp/Yakko_Nakano","indices":[54,77]}]}},"protected":false,"followers_count":444994,"friends_count":41742,"listed_count":2892,"created_at":"Thu May 31 10:43:02 +0000 2012","favourites_count":0,"utc_offset":28800,"time_zone":"Irkutsk","geo_enabled":false,"verified":false,"statuses_count":49262,"lang":"ja","contributors_enabled":false,"is_translator":false,"is_translation_enabled":false,"profile_background_color":"C0DEED","profile_background_image_url":"http://pbs.twimg.com/profile_background_images/566655568/wcgegrvo1od9huthxn93.jpeg","profile_background_image_url_https":"https://pbs.twimg.com/profile_background_images/566655568/wcgegrvo1od9huthxn93.jpeg","profile_background_tile":true,"profile_image_url":"http://pbs.twimg.com/profile_images/886391808481083392/WmEou3Ur_normal.jpg","profile_image_url_https":"https://pbs.twimg.com/profile_images/886391808481083392/WmEou3Ur_normal.jpg","profile_banner_url":"https://pbs.twimg.com/profile_banners/595383148/1490372269","profile_link_color":"0084B4","profile_sidebar_border_color":"C0DEED","profile_sidebar_fill_color":"DDEEF6","profile_text_color":"333333","profile_use_background_image":true,"has_extended_profile":false,"default_profile":false,"default_profile_image":false,"following":false,"follow_request_sent":false,"notifications":false,"translator_type":"none"},"geo":null,"coordinates":null,"place":null,"contributors":null,"is_quote_status":false,"retweet_count":571,"favorite_count":1504,"favorited":false,"retweeted":false,"possibly_sensitive":false,"lang":"ja"},{"created_at":"Thu Jul 20 00:16:05 +0000 2017","id":887828423908794400,"id_str":"887828423908794368","text":"20日9時11分頃、宮城県・福島県で最大震度4を観測する地震がありました。震源地は福島県沖、M5.6。この地震による津波の心配はありません。 https://t.co/oQNnnwDKTW #jishin","truncated":false,"entities":{"hashtags":[{"text":"jishin","indices":[95,102]}],"symbols":[],"user_mentions":[],"urls":[{"url":"https://t.co/oQNnnwDKTW","expanded_url":"http://www.tenki.jp/bousai/earthquake/detail-20170720091136.html","display_url":"tenki.jp/bousai/earthqu…","indices":[71,94]}]},"metadata":{"iso_language_code":"ja","result_type":"recent"},"source":"<a href=\"http://www.tenki.jp/\" rel=\"nofollow\">tenki.jp</a>","in_reply_to_status_id":null,"in_reply_to_status_id_str":null,"in_reply_to_user_id":null,"in_reply_to_user_id_str":null,"in_reply_to_screen_name":null,"user":{"id":599969854,"id_str":"599969854","name":"tenki.jp地震情報","screen_name":"tenkijp_jishin","location":"","description":"日本気象協会tenki.jpの公式アカウント\n地震情報を速報でお伝えします。\nPC：http://t.co/PymoP2yoF1\nスマホ：http://t.co/MDL5S19ixF","url":"http://t.co/82IKicrHss","entities":{"url":{"urls":[{"url":"http://t.co/82IKicrHss","expanded_url":"http://www.tenki.jp/bousai/earthquake/","display_url":"tenki.jp/bousai/earthqu…","indices":[0,22]}]},"description":{"urls":[{"url":"http://t.co/PymoP2yoF1","expanded_url":"http://www.tenki.jp/bousai/earthquake/","display_url":"tenki.jp/bousai/earthqu…","indices":[42,64]},{"url":"http://t.co/MDL5S19ixF","expanded_url":"http://www.tenki.jp/lite/bousai/earthquake/","display_url":"tenki.jp/lite/bousai/ea…","indices":[69,91]}]}},"protected":false,"followers_count":1497947,"friends_count":160,"listed_count":25161,"created_at":"Tue Jun 05 09:19:53 +0000 2012","favourites_count":0,"utc_offset":28800,"time_zone":"Irkutsk","geo_enabled":false,"verified":true,"statuses_count":13986,"lang":"ja","contributors_enabled":false,"is_translator":false,"is_translation_enabled":false,"profile_background_color":"ECECEC","profile_background_image_url":"http://pbs.twimg.com/profile_background_images/572464099/kwb1tjfmjxceo6pkaryi.png","profile_background_image_url_https":"https://pbs.twimg.com/profile_background_images/572464099/kwb1tjfmjxceo6pkaryi.png","profile_background_tile":false,"profile_image_url":"http://pbs.twimg.com/profile_images/489964377273933825/ZP2ATLMQ_normal.png","profile_image_url_https":"https://pbs.twimg.com/profile_images/489964377273933825/ZP2ATLMQ_normal.png","profile_link_color":"0084B4","profile_sidebar_border_color":"C0DEED","profile_sidebar_fill_color":"DDEEF6","profile_text_color":"333333","profile_use_background_image":true,"has_extended_profile":false,"default_profile":false,"default_profile_image":false,"following":false,"follow_request_sent":false,"notifications":false,"translator_type":"none"},"geo":null,"coordinates":null,"place":null,"contributors":null,"is_quote_status":false,"retweet_count":543,"favorite_count":155,"favorited":false,"retweeted":false,"possibly_sensitive":false,"lang":"ja"},{"created_at":"Thu Jul 20 00:14:29 +0000 2017","id":887828021045940200,"id_str":"887828021045940224","text":"【気象庁速報】20日　09時11分頃　最大震度4の地震が発生。( https://t.co/TV52aAYuLD ) 震度4：宮城県中部他/震度3：宮城県北部他 #saigai #jishin #earthquake","truncated":false,"entities":{"hashtags":[{"text":"saigai","indices":[81,88]},{"text":"jishin","indices":[89,96]},{"text":"earthquake","indices":[97,108]}],"symbols":[],"user_mentions":[],"urls":[{"url":"https://t.co/TV52aAYuLD","expanded_url":"http://j.mp/2vEmcUH","display_url":"j.mp/2vEmcUH","indices":[33,56]}]},"metadata":{"iso_language_code":"ja","result_type":"recent"},"source":"<a href=\"http://labs.transrain.net/products/earthquake_jp/\" rel=\"nofollow\">日本の地下</a>","in_reply_to_status_id":null,"in_reply_to_status_id_str":null,"in_reply_to_user_id":null,"in_reply_to_user_id_str":null,"in_reply_to_screen_name":null,"user":{"id":4104111,"id_str":"4104111","name":"地震速報","screen_name":"earthquake_jp","location":"","description":"[BOT]警戒：震度1以上 もしくは M3以上の地震情報を提供しています。\n\n基本的に返事は行いません。問い合わせは@ariela もしくはyuki at http://t.co/4GuGRNrcx8にどうぞ。\n\n非公式RTを繰り返すBOTはブロックします。","url":"http://earthquake.transrain.net/","entities":{"url":{"urls":[{"url":"http://earthquake.transrain.net/","expanded_url":null,"indices":[0,32]}]},"description":{"urls":[{"url":"http://t.co/4GuGRNrcx8","expanded_url":"http://transrain.net","display_url":"transrain.net","indices":[78,100]}]}},"protected":false,"followers_count":2631962,"friends_count":5,"listed_count":46888,"created_at":"Wed Apr 11 01:33:52 +0000 2007","favourites_count":1,"utc_offset":32400,"time_zone":"Osaka","geo_enabled":true,"verified":false,"statuses_count":41659,"lang":"ja","contributors_enabled":false,"is_translator":false,"is_translation_enabled":false,"profile_background_color":"1A1B1F","profile_background_image_url":"http://abs.twimg.com/images/themes/theme9/bg.gif","profile_background_image_url_https":"https://abs.twimg.com/images/themes/theme9/bg.gif","profile_background_tile":false,"profile_image_url":"http://pbs.twimg.com/profile_images/368358807/eqjp_normal.png","profile_image_url_https":"https://pbs.twimg.com/profile_images/368358807/eqjp_normal.png","profile_link_color":"2FC2EF","profile_sidebar_border_color":"181A1E","profile_sidebar_fill_color":"252429","profile_text_color":"666666","profile_use_background_image":true,"has_extended_profile":false,"default_profile":false,"default_profile_image":false,"following":false,"follow_request_sent":false,"notifications":false,"translator_type":"none"},"geo":null,"coordinates":null,"place":null,"contributors":null,"is_quote_status":false,"retweet_count":1197,"favorite_count":303,"favorited":false,"retweeted":false,"possibly_sensitive":false,"lang":"ja"},{"created_at":"Thu Jul 20 00:14:08 +0000 2017","id":887827932650979300,"id_str":"887827932650979328","text":"20日9時11分頃、宮城県・福島県などで最大震度4を観測する地震がありました。今後の情報にご注意下さい。 https://t.co/oQNnnwDKTW #jishin","truncated":false,"entities":{"hashtags":[{"text":"jishin","indices":[77,84]}],"symbols":[],"user_mentions":[],"urls":[{"url":"https://t.co/oQNnnwDKTW","expanded_url":"http://www.tenki.jp/bousai/earthquake/detail-20170720091136.html","display_url":"tenki.jp/bousai/earthqu…","indices":[53,76]}]},"metadata":{"iso_language_code":"ja","result_type":"recent"},"source":"<a href=\"http://www.tenki.jp/\" rel=\"nofollow\">tenki.jp</a>","in_reply_to_status_id":null,"in_reply_to_status_id_str":null,"in_reply_to_user_id":null,"in_reply_to_user_id_str":null,"in_reply_to_screen_name":null,"user":{"id":599969854,"id_str":"599969854","name":"tenki.jp地震情報","screen_name":"tenkijp_jishin","location":"","description":"日本気象協会tenki.jpの公式アカウント\n地震情報を速報でお伝えします。\nPC：http://t.co/PymoP2yoF1\nスマホ：http://t.co/MDL5S19ixF","url":"http://t.co/82IKicrHss","entities":{"url":{"urls":[{"url":"http://t.co/82IKicrHss","expanded_url":"http://www.tenki.jp/bousai/earthquake/","display_url":"tenki.jp/bousai/earthqu…","indices":[0,22]}]},"description":{"urls":[{"url":"http://t.co/PymoP2yoF1","expanded_url":"http://www.tenki.jp/bousai/earthquake/","display_url":"tenki.jp/bousai/earthqu…","indices":[42,64]},{"url":"http://t.co/MDL5S19ixF","expanded_url":"http://www.tenki.jp/lite/bousai/earthquake/","display_url":"tenki.jp/lite/bousai/ea…","indices":[69,91]}]}},"protected":false,"followers_count":1497947,"friends_count":160,"listed_count":25161,"created_at":"Tue Jun 05 09:19:53 +0000 2012","favourites_count":0,"utc_offset":28800,"time_zone":"Irkutsk","geo_enabled":false,"verified":true,"statuses_count":13986,"lang":"ja","contributors_enabled":false,"is_translator":false,"is_translation_enabled":false,"profile_background_color":"ECECEC","profile_background_image_url":"http://pbs.twimg.com/profile_background_images/572464099/kwb1tjfmjxceo6pkaryi.png","profile_background_image_url_https":"https://pbs.twimg.com/profile_background_images/572464099/kwb1tjfmjxceo6pkaryi.png","profile_background_tile":false,"profile_image_url":"http://pbs.twimg.com/profile_images/489964377273933825/ZP2ATLMQ_normal.png","profile_image_url_https":"https://pbs.twimg.com/profile_images/489964377273933825/ZP2ATLMQ_normal.png","profile_link_color":"0084B4","profile_sidebar_border_color":"C0DEED","profile_sidebar_fill_color":"DDEEF6","profile_text_color":"333333","profile_use_background_image":true,"has_extended_profile":false,"default_profile":false,"default_profile_image":false,"following":false,"follow_request_sent":false,"notifications":false,"translator_type":"none"},"geo":null,"coordinates":null,"place":null,"contributors":null,"is_quote_status":false,"retweet_count":814,"favorite_count":187,"favorited":false,"retweeted":false,"possibly_sensitive":false,"lang":"ja"},{"created_at":"Thu Jul 20 00:13:11 +0000 2017","id":887827693160415200,"id_str":"887827693160415232","text":"09時11分頃、地震がありました。\n\n［震度４］宮城中部、福島浜通り\n［震度３］宮城北部、宮城南部、福島中通り、会津、茨城北部、茨城南部","truncated":false,"entities":{"hashtags":[],"symbols":[],"user_mentions":[],"urls":[]},"metadata":{"iso_language_code":"ja","result_type":"recent"},"source":"<a href=\"http://news.livedoor.com/\" rel=\"nofollow\">ライブドアニュース（livedoorニュース）</a>","in_reply_to_status_id":null,"in_reply_to_status_id_str":null,"in_reply_to_user_id":null,"in_reply_to_user_id_str":null,"in_reply_to_screen_name":null,"user":{"id":17306975,"id_str":"17306975","name":"ライブドアニュース","screen_name":"livedoornews","location":"","description":"LINE →https://t.co/yhJO0o7Jns／FB → https://t.co/LHTCuyIEjr／インスタ／→https://t.co/SpmVgPtfCG","url":"http://t.co/Q4Bh3OCfgY","entities":{"url":{"urls":[{"url":"http://t.co/Q4Bh3OCfgY","expanded_url":"http://news.livedoor.com/","display_url":"news.livedoor.com","indices":[0,22]}]},"description":{"urls":[{"url":"https://t.co/yhJO0o7Jns","expanded_url":"http://goo.gl/upBgKP","display_url":"goo.gl/upBgKP","indices":[6,29]},{"url":"https://t.co/LHTCuyIEjr","expanded_url":"http://goo.gl/nDULhn","display_url":"goo.gl/nDULhn","indices":[35,58]},{"url":"https://t.co/SpmVgPtfCG","expanded_url":"http://goo.gl/cHGD9G","display_url":"goo.gl/cHGD9G","indices":[65,88]}]}},"protected":false,"followers_count":431130,"friends_count":88,"listed_count":6141,"created_at":"Tue Nov 11 09:56:31 +0000 2008","favourites_count":2608,"utc_offset":32400,"time_zone":"Tokyo","geo_enabled":false,"verified":true,"statuses_count":177099,"lang":"ja","contributors_enabled":false,"is_translator":false,"is_translation_enabled":false,"profile_background_color":"FFFFFF","profile_background_image_url":"http://pbs.twimg.com/profile_background_images/378800000085828060/4b07c1d868c917fb65a3d64a20904cd5.jpeg","profile_background_image_url_https":"https://pbs.twimg.com/profile_background_images/378800000085828060/4b07c1d868c917fb65a3d64a20904cd5.jpeg","profile_background_tile":false,"profile_image_url":"http://pbs.twimg.com/profile_images/875662964988166149/whdJTD2I_normal.jpg","profile_image_url_https":"https://pbs.twimg.com/profile_images/875662964988166149/whdJTD2I_normal.jpg","profile_link_color":"51ADD4","profile_sidebar_border_color":"FFFFFF","profile_sidebar_fill_color":"95E8EC","profile_text_color":"3C3940","profile_use_background_image":true,"has_extended_profile":false,"default_profile":false,"default_profile_image":false,"following":false,"follow_request_sent":false,"notifications":false,"translator_type":"none"},"geo":null,"coordinates":null,"place":null,"contributors":null,"is_quote_status":false,"retweet_count":613,"favorite_count":225,"favorited":false,"retweeted":false,"lang":"ja"}],"search_metadata":{"completed_in":0.197,"max_id":887839613242310700,"max_id_str":"887839613242310656","query":"lang%3Aja+min_retweets%3A500","refresh_url":"?since_id=887839613242310656&q=lang%3Aja%20min_retweets%3A500&include_entities=1","count":15,"since_id":0,"since_id_str":"0"}}