{"statuses":[{"created_at":"Thu Jul 20 13:07:24 +0000 2017","id":888022528634929200,"id_str":"888022528634929153","text":"日本とうちゃくしました〜〜♡ https://t.co/2616lZMDII","truncated":false,"entities":{"hashtags":[],"symbols":[],"user_mentions":[],"urls":[],"media":[{"id":888022520347086800,"id_str":"888022520347086849","indices":[15,38],"media_url":"http://pbs.twimg.com/media/DFLjxv3V0AEfBYy.jpg","media_url_https":"https://pbs.twimg.com/media/DFLjxv3V0AEfBYy.jpg","url":"https://t.co/2616lZMDII","display_url":"pic.twitter.com/2616lZMDII","expanded_url":"https://twitter.com/pledis_17jp/status/888022528634929153/photo/1","type":"photo","sizes":{"large":{"w":720,"h":960,"resize":"fit"},"thumb":{"w":150,"h":150,"resize":"crop"},"medium":{"w":720,"h":960,"resize":"fit"},"small":{"w":510,"h":680,"resize":"fit"}}}]},"extended_entities":{"media":[{"id":888022520347086800,"id_str":"888022520347086849","indices":[15,38],"media_url":"http://pbs.twimg.com/media/DFLjxv3V0AEfBYy.jpg","media_url_https":"https://pbs.twimg.com/media/DFLjxv3V0AEfBYy.jpg","url":"https://t.co/2616lZMDII","display_url":"pic.twitter.com/2616lZMDII","expanded_url":"https://twitter.com/pledis_17jp/status/888022528634929153/photo/1","type":"photo","sizes":{"large":{"w":720,"h":960,"resize":"fit"},"thumb":{"w":150,"h":150,"resize":"crop"},"medium":{"w":720,"h":960,"resize":"fit"},"small":{"w":510,"h":680,"resize":"fit"}}}]},"metadata":{"iso_language_code":"ja","result_type":"recent"},"source":"<a href=\"http://twitter.com/download/iphone\" rel=\"nofollow\">Twitter for iPhone</a>","in_reply_to_status_id":null,"in_reply_to_status_id_str":null,"in_reply_to_user_id":null,"in_reply_to_user_id_str":null,"in_reply_to_screen_name":null,"user":{"id":708198095704555500,"id_str":"708198095704555521","name":"SEVENTEEN Japan","screen_name":"pledis_17jp","location":"","description":"SEVENTEEN日本公式アカウント 7月26日(水) 27日(木) さいたまスーパーアリーナ公演決定！詳しくは公式サイトで！https://t.co/gfNaF686tz","url":"https://t.co/gfNaF686tz","entities":{"url":{"urls":[{"url":"https://t.co/gfNaF686tz","expanded_url":"http://seventeen-17.jp/","display_url":"seventeen-17.jp","indices":[0,23]}]},"description":{"urls":[{"url":"https://t.co/gfNaF686tz","expanded_url":"http://seventeen-17.jp/","display_url":"seventeen-17.jp","indices":[63,86]}]}},"protected":false,"followers_count":258301,"friends_count":2,"listed_count":1062,"created_at":"Fri Mar 11 07:49:18 +0000 2016","favourites_count":0,"utc_offset":-25200,"time_zone":"Pacific Time (US & Canada)","geo_enabled":false,"verified":false,"statuses_count":1394,"lang":"ja","contributors_enabled":false,"is_translator":false,"is_translation_enabled":false,"profile_background_color":"000000","profile_background_image_url":"http://abs.twimg.com/images/themes/theme1/bg.png","profile_background_image_url_https":"https://abs.twimg.com/images/themes/theme1/bg.png","profile_background_tile":false,"profile_image_url":"http://pbs.twimg.com/profile_images/887276012710404096/EF7MgB9h_normal.jpg","profile_image_url_https":"https://pbs.twimg.com/profile_images/887276012710404096/EF7MgB9h_normal.jpg","profile_banner_url":"https://pbs.twimg.com/profile_banners/708198095704555521/1499430058","profile_link_color":"0084B4","profile_sidebar_border_color":"000000","profile_sidebar_fill_color":"000000","profile_text_color":"000000","profile_use_background_image":false,"has_extended_profile":true,"default_profile":false,"default_profile_image":false,"following":false,"follow_request_sent":false,"notifications":false,"translator_type":"none"},"geo":null,"coordinates":null,"place":null,"contributors":null,"is_quote_status":false,"retweet_count":1538,"favorite_count":2841,"favorited":false,"retweeted":false,"possibly_sensitive":false,"lang":"ja"},{"created_at":"Thu Jul 20 13:03:06 +0000 2017","id":888021449457320000,"id_str":"888021449457319937","text":"「復刻:夏だ! 海だ! 開拓だ! FGO 2016 Summerカルデアヒートオデッセイ ～進化のシヴィライゼーション～ ライト版」第二部\n周回効率がいい場所、礼装等まとめました\n赤く囲った所がそのアイテムの効率が良い場所\n間違い… https://t.co/lkOQicgy5n","truncated":true,"entities":{"hashtags":[],"symbols":[],"user_mentions":[],"urls":[{"url":"https://t.co/lkOQicgy5n","expanded_url":"https://twitter.com/i/web/status/888021449457319937","display_url":"twitter.com/i/web/status/8…","indices":[117,140]}]},"metadata":{"iso_language_code":"ja","result_type":"recent"},"source":"<a href=\"http://twitter.com\" rel=\"nofollow\">Twitter Web Client</a>","in_reply_to_status_id":885122171109916700,"in_reply_to_status_id_str":"885122171109916672","in_reply_to_user_id":4660690045,"in_reply_to_user_id_str":"4660690045","in_reply_to_screen_name":"niconikon01","user":{"id":4660690045,"id_str":"4660690045","name":"kon@FGO","screen_name":"niconikon01","location":"カルデアゲーム部","description":"FGOの攻略画像あげている者です。画像上げ始めてもう1年半。イベント時以外は普通にツイートしてます。色々なゲーム(主にFGO)をニコ生で放送しています。RT&クソリプおじさん。ニコニコ : https://t.co/4sNRhWFbed","url":"https://t.co/imE2iBvfjt","entities":{"url":{"urls":[{"url":"https://t.co/imE2iBvfjt","expanded_url":"http://youtube.com/channel/UCq19_UY9U8v8_zMRuVK50Mw","display_url":"youtube.com/channel/UCq19_…","indices":[0,23]}]},"description":{"urls":[{"url":"https://t.co/4sNRhWFbed","expanded_url":"http://nicovideo.jp/user/5702442","display_url":"nicovideo.jp/user/5702442","indices":[95,118]}]}},"protected":false,"followers_count":44711,"friends_count":765,"listed_count":706,"created_at":"Sun Dec 27 10:04:11 +0000 2015","favourites_count":6908,"utc_offset":-25200,"time_zone":"Pacific Time (US & Canada)","geo_enabled":false,"verified":false,"statuses_count":7628,"lang":"ja","contributors_enabled":false,"is_translator":false,"is_translation_enabled":false,"profile_background_color":"F5F8FA","profile_background_image_url":null,"profile_background_image_url_https":null,"profile_background_tile":false,"profile_image_url":"http://pbs.twimg.com/profile_images/876016701069971456/W74Ayxib_normal.png","profile_image_url_https":"https://pbs.twimg.com/profile_images/876016701069971456/W74Ayxib_normal.png","profile_banner_url":"https://pbs.twimg.com/profile_banners/4660690045/1482637475","profile_link_color":"1DA1F2","profile_sidebar_border_color":"C0DEED","profile_sidebar_fill_color":"DDEEF6","profile_text_color":"333333","profile_use_background_image":true,"has_extended_profile":true,"default_profile":true,"default_profile_image":false,"following":false,"follow_request_sent":false,"notifications":false,"translator_type":"none"},"geo":null,"coordinates":null,"place":null,"contributors":null,"is_quote_status":false,"retweet_count":1026,"favorite_count":1452,"favorited":false,"retweeted":false,"possibly_sensitive":false,"lang":"ja"},{"created_at":"Thu Jul 20 13:01:24 +0000 2017","id":888021019449065500,"id_str":"888021019449065472","text":"伝説のポケモンがもうすぐ登場！詳しくはこちら:  https://t.co/KVMGRnWNfc https://t.co/pnxzvgxsIP","truncated":false,"entities":{"hashtags":[],"symbols":[],"user_mentions":[],"urls":[{"url":"https://t.co/KVMGRnWNfc","expanded_url":"http://pokemongolive.com/ja/post/legendarypokemon","display_url":"pokemongolive.com/ja/post/legend…","indices":[25,48]},{"url":"https://t.co/pnxzvgxsIP","expanded_url":"https://www.youtube.com/watch?v=EchmU8J7pT0","display_url":"youtube.com/watch?v=EchmU8…","indices":[49,72]}]},"metadata":{"iso_language_code":"ja","result_type":"recent"},"source":"<a href=\"http://www.falcon.io\" rel=\"nofollow\">Falcon Social Media Management </a>","in_reply_to_status_id":null,"in_reply_to_status_id_str":null,"in_reply_to_user_id":null,"in_reply_to_user_id_str":null,"in_reply_to_screen_name":null,"user":{"id":745131593392488400,"id_str":"745131593392488449","name":"Pokémon GO Japan","screen_name":"PokemonGOAppJP","location":"","description":"スマートフォン向けリアルワールドゲーム、Pokémon GOの日本公式アカウントです。Pokémon GOの最新情報をこちらからお伝えいたします。","url":null,"entities":{"description":{"urls":[]}},"protected":false,"followers_count":239779,"friends_count":2,"listed_count":2650,"created_at":"Tue Jun 21 05:49:50 +0000 2016","favourites_count":2,"utc_offset":-25200,"time_zone":"Pacific Time (US & Canada)","geo_enabled":false,"verified":true,"statuses_count":127,"lang":"en","contributors_enabled":false,"is_translator":false,"is_translation_enabled":false,"profile_background_color":"F5F8FA","profile_background_image_url":null,"profile_background_image_url_https":null,"profile_background_tile":false,"profile_image_url":"http://pbs.twimg.com/profile_images/750744855341518848/fElW45pA_normal.jpg","profile_image_url_https":"https://pbs.twimg.com/profile_images/750744855341518848/fElW45pA_normal.jpg","profile_banner_url":"https://pbs.twimg.com/profile_banners/745131593392488449/1498184647","profile_link_color":"1DA1F2","profile_sidebar_border_color":"C0DEED","profile_sidebar_fill_color":"DDEEF6","profile_text_color":"333333","profile_use_background_image":true,"has_extended_profile":false,"default_profile":true,"default_profile_image":false,"following":false,"follow_request_sent":false,"notifications":false,"translator_type":"none"},"geo":null,"coordinates":null,"place":null,"contributors":null,"is_quote_status":false,"retweet_count":2471,"favorite_count":1354,"favorited":false,"retweeted":false,"possibly_sensitive":false,"lang":"ja"},{"created_at":"Thu Jul 20 13:00:53 +0000 2017","id":888020892017610800,"id_str":"888020892017610752","text":"関ジャニ∞めっちゃ格好ええな","truncated":false,"entities":{"hashtags":[],"symbols":[],"user_mentions":[],"urls":[]},"metadata":{"iso_language_code":"ja","result_type":"recent"},"source":"<a href=\"http://twitter.com/download/iphone\" rel=\"nofollow\">Twitter for iPhone</a>","in_reply_to_status_id":null,"in_reply_to_status_id_str":null,"in_reply_to_user_id":null,"in_reply_to_user_id_str":null,"in_reply_to_screen_name":null,"user":{"id":907526713,"id_str":"907526713","name":"岡崎体育","screen_name":"okazaki_taiiku","location":"Kyoto(Uji),Nara/Japan","description":"盆地テクノやってます■目標はさいたまスーパーアリーナでのワンマンです■公式の情報通知は(@mansatti)です。■似顔絵アイコンby五味岳久","url":"https://t.co/nxn6mOFRgG","entities":{"url":{"urls":[{"url":"https://t.co/nxn6mOFRgG","expanded_url":"http://okazakitaiiku.com","display_url":"okazakitaiiku.com","indices":[0,23]}]},"description":{"urls":[]}},"protected":false,"followers_count":241840,"friends_count":474,"listed_count":1451,"created_at":"Sat Oct 27 06:40:26 +0000 2012","favourites_count":5487,"utc_offset":32400,"time_zone":"Seoul","geo_enabled":true,"verified":true,"statuses_count":10209,"lang":"ja","contributors_enabled":false,"is_translator":false,"is_translation_enabled":false,"profile_background_color":"000000","profile_background_image_url":"http://abs.twimg.com/images/themes/theme1/bg.png","profile_background_image_url_https":"https://abs.twimg.com/images/themes/theme1/bg.png","profile_background_tile":false,"profile_image_url":"http://pbs.twimg.com/profile_images/438983782041784320/ZtyIWPy1_normal.jpeg","profile_image_url_https":"https://pbs.twimg.com/profile_images/438983782041784320/ZtyIWPy1_normal.jpeg","profile_banner_url":"https://pbs.twimg.com/profile_banners/907526713/1500482692","profile_link_color":"3B94D9","profile_sidebar_border_color":"000000","profile_sidebar_fill_color":"000000","profile_text_color":"000000","profile_use_background_image":false,"has_extended_profile":true,"default_profile":false,"default_profile_image":false,"following":false,"follow_request_sent":false,"notifications":false,"translator_type":"none"},"geo":null,"coordinates":null,"place":null,"contributors":null,"is_quote_status":false,"retweet_count":1203,"favorite_count":2909,"favorited":false,"retweeted":false,"lang":"ja"},{"created_at":"Thu Jul 20 13:00:06 +0000 2017","id":888020694776336400,"id_str":"888020694776336385","text":"『Pokémon GO』に、伝説のポケモンが登場！ 最新映像をチェック！ https://t.co/HZUevHHuNO #ポケモンGO https://t.co/BZ4V2hEZeK","truncated":false,"entities":{"hashtags":[{"text":"ポケモンGO","indices":[61,68]}],"symbols":[],"user_mentions":[],"urls":[{"url":"https://t.co/HZUevHHuNO","expanded_url":"https://www.youtube.com/watch?v=EchmU8J7pT0","display_url":"youtube.com/watch?v=EchmU8…","indices":[37,60]}],"media":[{"id":888020690238091300,"id_str":"888020690238091266","indices":[69,92],"media_url":"http://pbs.twimg.com/media/DFLiHOLWsAINu02.jpg","media_url_https":"https://pbs.twimg.com/media/DFLiHOLWsAINu02.jpg","url":"https://t.co/BZ4V2hEZeK","display_url":"pic.twitter.com/BZ4V2hEZeK","expanded_url":"https://twitter.com/Pokemon_cojp/status/888020694776336385/photo/1","type":"photo","sizes":{"small":{"w":680,"h":255,"resize":"fit"},"medium":{"w":1200,"h":450,"resize":"fit"},"thumb":{"w":150,"h":150,"resize":"crop"},"large":{"w":1600,"h":600,"resize":"fit"}}}]},"extended_entities":{"media":[{"id":888020690238091300,"id_str":"888020690238091266","indices":[69,92],"media_url":"http://pbs.twimg.com/media/DFLiHOLWsAINu02.jpg","media_url_https":"https://pbs.twimg.com/media/DFLiHOLWsAINu02.jpg","url":"https://t.co/BZ4V2hEZeK","display_url":"pic.twitter.com/BZ4V2hEZeK","expanded_url":"https://twitter.com/Pokemon_cojp/status/888020694776336385/photo/1","type":"photo","sizes":{"small":{"w":680,"h":255,"resize":"fit"},"medium":{"w":1200,"h":450,"resize":"fit"},"thumb":{"w":150,"h":150,"resize":"crop"},"large":{"w":1600,"h":600,"resize":"fit"}}}]},"metadata":{"iso_language_code":"ja","result_type":"recent"},"source":"<a href=\"http://www.radian6.com\" rel=\"nofollow\">Radian6 -Social Media Management</a>","in_reply_to_status_id":null,"in_reply_to_status_id_str":null,"in_reply_to_user_id":null,"in_reply_to_user_id_str":null,"in_reply_to_screen_name":null,"user":{"id":323091128,"id_str":"323091128","name":"ポケモン公式ツイッター","screen_name":"Pokemon_cojp","location":"東京都","description":"株式会社ポケモンの公式アカウントより、「ポケットモンスターオフィシャルサイト」最新情報をお届けします。\r\nお客様からの個別のメッセージなどは、Twitter上ではご返答できかねますのでご了承下さい。\r\n「ポケットモンスターオフィシャルサイト」のお問い合わせ窓口よりご連絡下さい。","url":"http://t.co/fpHgcccZIk","entities":{"url":{"urls":[{"url":"http://t.co/fpHgcccZIk","expanded_url":"http://www.pokemon.co.jp/","display_url":"pokemon.co.jp","indices":[0,22]}]},"description":{"urls":[]}},"protected":false,"followers_count":465332,"friends_count":3,"listed_count":5503,"created_at":"Fri Jun 24 07:12:45 +0000 2011","favourites_count":0,"utc_offset":32400,"time_zone":"Tokyo","geo_enabled":false,"verified":true,"statuses_count":7679,"lang":"ja","contributors_enabled":false,"is_translator":false,"is_translation_enabled":false,"profile_background_color":"FFE017","profile_background_image_url":"http://pbs.twimg.com/profile_background_images/747564846/b1272a6602f8339072079eb2863042fe.gif","profile_background_image_url_https":"https://pbs.twimg.com/profile_background_images/747564846/b1272a6602f8339072079eb2863042fe.gif","profile_background_tile":true,"profile_image_url":"http://pbs.twimg.com/profile_images/875568149554274307/dC3miYeA_normal.jpg","profile_image_url_https":"https://pbs.twimg.com/profile_images/875568149554274307/dC3miYeA_normal.jpg","profile_banner_url":"https://pbs.twimg.com/profile_banners/323091128/1499398880","profile_link_color":"0088CC","profile_sidebar_border_color":"FFFFFF","profile_sidebar_fill_color":"FFF9CF","profile_text_color":"333333","profile_use_background_image":true,"has_extended_profile":false,"default_profile":false,"default_profile_image":false,"following":false,"follow_request_sent":false,"notifications":false,"translator_type":"none"},"geo":null,"coordinates":null,"place":null,"contributors":null,"is_quote_status":false,"retweet_count":2111,"favorite_count":1353,"favorited":false,"retweeted":false,"possibly_sensitive":false,"lang":"ja"},{"created_at":"Thu Jul 20 12:59:18 +0000 2017","id":888020493445382100,"id_str":"888020493445382148","text":"『きえるぬいぐるみ』 https://t.co/kQ8qvhWWmf","truncated":false,"entities":{"hashtags":[],"symbols":[],"user_mentions":[],"urls":[],"media":[{"id":888020484624744400,"id_str":"888020484624744448","indices":[11,34],"media_url":"http://pbs.twimg.com/media/DFLh7QNUAAAgYL2.jpg","media_url_https":"https://pbs.twimg.com/media/DFLh7QNUAAAgYL2.jpg","url":"https://t.co/kQ8qvhWWmf","display_url":"pic.twitter.com/kQ8qvhWWmf","expanded_url":"https://twitter.com/no2_xo/status/888020493445382148/photo/1","type":"photo","sizes":{"thumb":{"w":150,"h":150,"resize":"crop"},"large":{"w":835,"h":2048,"resize":"fit"},"medium":{"w":489,"h":1200,"resize":"fit"},"small":{"w":277,"h":680,"resize":"fit"}}}]},"extended_entities":{"media":[{"id":888020484624744400,"id_str":"888020484624744448","indices":[11,34],"media_url":"http://pbs.twimg.com/media/DFLh7QNUAAAgYL2.jpg","media_url_https":"https://pbs.twimg.com/media/DFLh7QNUAAAgYL2.jpg","url":"https://t.co/kQ8qvhWWmf","display_url":"pic.twitter.com/kQ8qvhWWmf","expanded_url":"https://twitter.com/no2_xo/status/888020493445382148/photo/1","type":"photo","sizes":{"thumb":{"w":150,"h":150,"resize":"crop"},"large":{"w":835,"h":2048,"resize":"fit"},"medium":{"w":489,"h":1200,"resize":"fit"},"small":{"w":277,"h":680,"resize":"fit"}}}]},"metadata":{"iso_language_code":"ja","result_type":"recent"},"source":"<a href=\"http://twitter.com/download/iphone\" rel=\"nofollow\">Twitter for iPhone</a>","in_reply_to_status_id":null,"in_reply_to_status_id_str":null,"in_reply_to_user_id":null,"in_reply_to_user_id_str":null,"in_reply_to_screen_name":null,"user":{"id":4631543869,"id_str":"4631543869","name":"まる","screen_name":"no2_xo","location":"","description":"LINEスタンプ、LINE着せ替え、4コマ漫画＊。依頼、転載、加工、トレースやめてください✖️アイコン、待ち受けでのイラストの使用はOKですがそれ以外の使用はご遠慮ください。","url":"https://t.co/HzEd3v1D8W","entities":{"url":{"urls":[{"url":"https://t.co/HzEd3v1D8W","expanded_url":"https://line.me/S/shop/theme/detail?id=7cc3f2a7-a5cf-45f3-9313-09909d0427e9","display_url":"line.me/S/shop/theme/d…","indices":[0,23]}]},"description":{"urls":[]}},"protected":false,"followers_count":119443,"friends_count":46,"listed_count":383,"created_at":"Tue Dec 22 13:47:43 +0000 2015","favourites_count":481,"utc_offset":null,"time_zone":null,"geo_enabled":false,"verified":false,"statuses_count":211,"lang":"ja","contributors_enabled":false,"is_translator":false,"is_translation_enabled":false,"profile_background_color":"F5F8FA","profile_background_image_url":null,"profile_background_image_url_https":null,"profile_background_tile":false,"profile_image_url":"http://pbs.twimg.com/profile_images/886764702461706240/X83dS2Zn_normal.jpg","profile_image_url_https":"https://pbs.twimg.com/profile_images/886764702461706240/X83dS2Zn_normal.jpg","profile_banner_url":"https://pbs.twimg.com/profile_banners/4631543869/1493714115","profile_link_color":"1DA1F2","profile_sidebar_border_color":"C0DEED","profile_sidebar_fill_color":"DDEEF6","profile_text_color":"333333","profile_use_background_image":true,"has_extended_profile":false,"default_profile":true,"default_profile_image":false,"following":false,"follow_request_sent":false,"notifications":false,"translator_type":"none"},"geo":null,"coordinates":null,"place":null,"contributors":null,"is_quote_status":false,"retweet_count":1003,"favorite_count":3458,"favorited":false,"retweeted":false,"possibly_sensitive":false,"lang":"ja"},{"created_at":"Thu Jul 20 12:58:10 +0000 2017","id":888020204457836500,"id_str":"888020204457836544","text":"復刻水着イベント　ヒートオデッセイ　\n素材ドロップ効率がいい所と、イベントの進め方まとめ。\n赤枠が付いている場所が効率のいい所です。\n【去年とドロップ変わってます、秘石出ないところもあります】\n参考になれば嬉しいです。\n間違ってた… https://t.co/AyTNJbkNiz","truncated":true,"entities":{"hashtags":[],"symbols":[],"user_mentions":[],"urls":[{"url":"https://t.co/AyTNJbkNiz","expanded_url":"https://twitter.com/i/web/status/888020204457836544","display_url":"twitter.com/i/web/status/8…","indices":[117,140]}]},"metadata":{"iso_language_code":"ja","result_type":"recent"},"source":"<a href=\"http://twitter.com\" rel=\"nofollow\">Twitter Web Client</a>","in_reply_to_status_id":null,"in_reply_to_status_id_str":null,"in_reply_to_user_id":null,"in_reply_to_user_id_str":null,"in_reply_to_screen_name":null,"user":{"id":2315456696,"id_str":"2315456696","name":"台パン・シロ@FGO","screen_name":"siro_mtg","location":"カルデア ニコ生局","description":"FGOの周回放送を毎日してます、初心者に優しい配信目指します。台湾USA勢歓迎！\n当攻略画像などをサイト、SNSへ転載する場合は引用を含む形で！依頼や案件はDMからhttps://t.co/dscTrIPuCk YouTube https://t.co/Loj1yAkTio 下記Sponsor","url":"https://t.co/MTES0g6b73","entities":{"url":{"urls":[{"url":"https://t.co/MTES0g6b73","expanded_url":"http://s.smartgame.jp/2tr5jMX","display_url":"s.smartgame.jp/2tr5jMX","indices":[0,23]}]},"description":{"urls":[{"url":"https://t.co/dscTrIPuCk","expanded_url":"http://com.nicovideo.jp/community/co1979346","display_url":"com.nicovideo.jp/community/co19…","indices":[82,105]},{"url":"https://t.co/Loj1yAkTio","expanded_url":"http://goo.gl/f2FBps","display_url":"goo.gl/f2FBps","indices":[114,137]}]}},"protected":false,"followers_count":36577,"friends_count":8162,"listed_count":422,"created_at":"Tue Jan 28 12:53:57 +0000 2014","favourites_count":23401,"utc_offset":null,"time_zone":null,"geo_enabled":false,"verified":false,"statuses_count":44835,"lang":"ja","contributors_enabled":false,"is_translator":false,"is_translation_enabled":false,"profile_background_color":"C0DEED","profile_background_image_url":"http://pbs.twimg.com/profile_background_images/440615548225740800/quGNolbU.jpeg","profile_background_image_url_https":"https://pbs.twimg.com/profile_background_images/440615548225740800/quGNolbU.jpeg","profile_background_tile":true,"profile_image_url":"http://pbs.twimg.com/profile_images/876444956239339520/8aVQQcbJ_normal.jpg","profile_image_url_https":"https://pbs.twimg.com/profile_images/876444956239339520/8aVQQcbJ_normal.jpg","profile_banner_url":"https://pbs.twimg.com/profile_banners/2315456696/1498796184","profile_link_color":"7FDBB6","profile_sidebar_border_color":"FFFFFF","profile_sidebar_fill_color":"DDEEF6","profile_text_color":"333333","profile_use_background_image":true,"has_extended_profile":true,"default_profile":false,"default_profile_image":false,"following":false,"follow_request_sent":false,"notifications":false,"translator_type":"none"},"geo":null,"coordinates":null,"place":null,"contributors":null,"is_quote_status":false,"retweet_count":1466,"favorite_count":2138,"favorited":false,"retweeted":false,"possibly_sensitive":false,"lang":"ja"},{"created_at":"Thu Jul 20 12:55:52 +0000 2017","id":888019626625441800,"id_str":"888019626625441792","text":"【世界的な暑さ】2017年は観測史上2番目の暑さになることがほぼ確実に\nhttps://t.co/gvx2GR7lhP\n\nほぼ地球全土において、気温が20世紀全体の平均よりも高くなっており、異常気象の発生頻度や規模も増しているとい… https://t.co/Nmv2ZJtZKL","truncated":true,"entities":{"hashtags":[],"symbols":[],"user_mentions":[],"urls":[{"url":"https://t.co/gvx2GR7lhP","expanded_url":"http://news.livedoor.com/article/detail/13362116/","display_url":"news.livedoor.com/article/detail…","indices":[36,59]},{"url":"https://t.co/Nmv2ZJtZKL","expanded_url":"https://twitter.com/i/web/status/888019626625441792","display_url":"twitter.com/i/web/status/8…","indices":[117,140]}]},"metadata":{"iso_language_code":"ja","result_type":"recent"},"source":"<a href=\"http://twitter.com\" rel=\"nofollow\">Twitter Web Client</a>","in_reply_to_status_id":null,"in_reply_to_status_id_str":null,"in_reply_to_user_id":null,"in_reply_to_user_id_str":null,"in_reply_to_screen_name":null,"user":{"id":17306975,"id_str":"17306975","name":"ライブドアニュース","screen_name":"livedoornews","location":"","description":"LINE →https://t.co/yhJO0o7Jns／FB → https://t.co/LHTCuyIEjr／インスタ／→https://t.co/SpmVgPtfCG","url":"http://t.co/Q4Bh3OCfgY","entities":{"url":{"urls":[{"url":"http://t.co/Q4Bh3OCfgY","expanded_url":"http://news.livedoor.com/","display_url":"news.livedoor.com","indices":[0,22]}]},"description":{"urls":[{"url":"https://t.co/yhJO0o7Jns","expanded_url":"http://goo.gl/upBgKP","display_url":"goo.gl/upBgKP","indices":[6,29]},{"url":"https://t.co/LHTCuyIEjr","expanded_url":"http://goo.gl/nDULhn","display_url":"goo.gl/nDULhn","indices":[35,58]},{"url":"https://t.co/SpmVgPtfCG","expanded_url":"http://goo.gl/cHGD9G","display_url":"goo.gl/cHGD9G","indices":[65,88]}]}},"protected":false,"followers_count":432205,"friends_count":88,"listed_count":6148,"created_at":"Tue Nov 11 09:56:31 +0000 2008","favourites_count":2609,"utc_offset":32400,"time_zone":"Tokyo","geo_enabled":false,"verified":true,"statuses_count":177163,"lang":"ja","contributors_enabled":false,"is_translator":false,"is_translation_enabled":false,"profile_background_color":"FFFFFF","profile_background_image_url":"http://pbs.twimg.com/profile_background_images/378800000085828060/4b07c1d868c917fb65a3d64a20904cd5.jpeg","profile_background_image_url_https":"https://pbs.twimg.com/profile_background_images/378800000085828060/4b07c1d868c917fb65a3d64a20904cd5.jpeg","profile_background_tile":false,"profile_image_url":"http://pbs.twimg.com/profile_images/875662964988166149/whdJTD2I_normal.jpg","profile_image_url_https":"https://pbs.twimg.com/profile_images/875662964988166149/whdJTD2I_normal.jpg","profile_link_color":"51ADD4","profile_sidebar_border_color":"FFFFFF","profile_sidebar_fill_color":"95E8EC","profile_text_color":"3C3940","profile_use_background_image":true,"has_extended_profile":false,"default_profile":false,"default_profile_image":false,"following":false,"follow_request_sent":false,"notifications":false,"translator_type":"none"},"geo":null,"coordinates":null,"place":null,"contributors":null,"is_quote_status":false,"retweet_count":561,"favorite_count":296,"favorited":false,"retweeted":false,"possibly_sensitive":false,"lang":"ja"},{"created_at":"Thu Jul 20 12:54:38 +0000 2017","id":888019317551317000,"id_str":"888019317551316993","text":"関ジャニ観に来たんですけど！えげつないめっちゃ盛り上がってたんですけど！超うけるんですけど！ https://t.co/MzBNyq5Sxb","truncated":false,"entities":{"hashtags":[],"symbols":[],"user_mentions":[],"urls":[],"media":[{"id":888019303496163300,"id_str":"888019303496163328","indices":[47,70],"media_url":"http://pbs.twimg.com/media/DFLg2gKUIAA_Ige.jpg","media_url_https":"https://pbs.twimg.com/media/DFLg2gKUIAA_Ige.jpg","url":"https://t.co/MzBNyq5Sxb","display_url":"pic.twitter.com/MzBNyq5Sxb","expanded_url":"https://twitter.com/okazaki_taiiku/status/888019317551316993/photo/1","type":"photo","sizes":{"thumb":{"w":150,"h":150,"resize":"crop"},"large":{"w":2048,"h":1536,"resize":"fit"},"medium":{"w":1200,"h":900,"resize":"fit"},"small":{"w":680,"h":510,"resize":"fit"}}}]},"extended_entities":{"media":[{"id":888019303496163300,"id_str":"888019303496163328","indices":[47,70],"media_url":"http://pbs.twimg.com/media/DFLg2gKUIAA_Ige.jpg","media_url_https":"https://pbs.twimg.com/media/DFLg2gKUIAA_Ige.jpg","url":"https://t.co/MzBNyq5Sxb","display_url":"pic.twitter.com/MzBNyq5Sxb","expanded_url":"https://twitter.com/okazaki_taiiku/status/888019317551316993/photo/1","type":"photo","sizes":{"thumb":{"w":150,"h":150,"resize":"crop"},"large":{"w":2048,"h":1536,"resize":"fit"},"medium":{"w":1200,"h":900,"resize":"fit"},"small":{"w":680,"h":510,"resize":"fit"}}}]},"metadata":{"iso_language_code":"ja","result_type":"recent"},"source":"<a href=\"http://twitter.com/download/iphone\" rel=\"nofollow\">Twitter for iPhone</a>","in_reply_to_status_id":null,"in_reply_to_status_id_str":null,"in_reply_to_user_id":null,"in_reply_to_user_id_str":null,"in_reply_to_screen_name":null,"user":{"id":907526713,"id_str":"907526713","name":"岡崎体育","screen_name":"okazaki_taiiku","location":"Kyoto(Uji),Nara/Japan","description":"盆地テクノやってます■目標はさいたまスーパーアリーナでのワンマンです■公式の情報通知は(@mansatti)です。■似顔絵アイコンby五味岳久","url":"https://t.co/nxn6mOFRgG","entities":{"url":{"urls":[{"url":"https://t.co/nxn6mOFRgG","expanded_url":"http://okazakitaiiku.com","display_url":"okazakitaiiku.com","indices":[0,23]}]},"description":{"urls":[]}},"protected":false,"followers_count":241840,"friends_count":474,"listed_count":1451,"created_at":"Sat Oct 27 06:40:26 +0000 2012","favourites_count":5487,"utc_offset":32400,"time_zone":"Seoul","geo_enabled":true,"verified":true,"statuses_count":10209,"lang":"ja","contributors_enabled":false,"is_translator":false,"is_translation_enabled":false,"profile_background_color":"000000","profile_background_image_url":"http://abs.twimg.com/images/themes/theme1/bg.png","profile_background_image_url_https":"https://abs.twimg.com/images/themes/theme1/bg.png","profile_background_tile":false,"profile_image_url":"http://pbs.twimg.com/profile_images/438983782041784320/ZtyIWPy1_normal.jpeg","profile_image_url_https":"https://pbs.twimg.com/profile_images/438983782041784320/ZtyIWPy1_normal.jpeg","profile_banner_url":"https://pbs.twimg.com/profile_banners/907526713/1500482692","profile_link_color":"3B94D9","profile_sidebar_border_color":"000000","profile_sidebar_fill_color":"000000","profile_text_color":"000000","profile_use_background_image":false,"has_extended_profile":true,"default_profile":false,"default_profile_image":false,"following":false,"follow_request_sent":false,"notifications":false,"translator_type":"none"},"geo":null,"coordinates":null,"place":null,"contributors":null,"is_quote_status":false,"retweet_count":2897,"favorite_count":6271,"favorited":false,"retweeted":false,"possibly_sensitive":false,"lang":"ja"},{"created_at":"Thu Jul 20 12:48:53 +0000 2017","id":888017870025670700,"id_str":"888017870025670656","text":"【#2原画公開】\nそしてこちらは、ミレニア城塞の玉座の間にて、召喚されたばかりのサーヴァント同士の自己紹介のシーン。キラキラした瞳でカウレスに詰め寄る黒のライダーです。\n#アポクリファ https://t.co/XayOM1956E","truncated":false,"entities":{"hashtags":[{"text":"2原画公開","indices":[1,7]},{"text":"アポクリファ","indices":[85,92]}],"symbols":[],"user_mentions":[],"urls":[],"media":[{"id":888017807547310100,"id_str":"888017807547310080","indices":[93,116],"media_url":"http://pbs.twimg.com/media/DFLffbUUIAAEn7g.jpg","media_url_https":"https://pbs.twimg.com/media/DFLffbUUIAAEn7g.jpg","url":"https://t.co/XayOM1956E","display_url":"pic.twitter.com/XayOM1956E","expanded_url":"https://twitter.com/FateApocryphaTV/status/888017870025670656/photo/1","type":"photo","sizes":{"large":{"w":1920,"h":1080,"resize":"fit"},"thumb":{"w":150,"h":150,"resize":"crop"},"medium":{"w":1200,"h":675,"resize":"fit"},"small":{"w":680,"h":383,"resize":"fit"}}}]},"extended_entities":{"media":[{"id":888017807547310100,"id_str":"888017807547310080","indices":[93,116],"media_url":"http://pbs.twimg.com/media/DFLffbUUIAAEn7g.jpg","media_url_https":"https://pbs.twimg.com/media/DFLffbUUIAAEn7g.jpg","url":"https://t.co/XayOM1956E","display_url":"pic.twitter.com/XayOM1956E","expanded_url":"https://twitter.com/FateApocryphaTV/status/888017870025670656/photo/1","type":"photo","sizes":{"large":{"w":1920,"h":1080,"resize":"fit"},"thumb":{"w":150,"h":150,"resize":"crop"},"medium":{"w":1200,"h":675,"resize":"fit"},"small":{"w":680,"h":383,"resize":"fit"}}}]},"metadata":{"iso_language_code":"ja","result_type":"recent"},"source":"<a href=\"http://twitter.com\" rel=\"nofollow\">Twitter Web Client</a>","in_reply_to_status_id":null,"in_reply_to_status_id_str":null,"in_reply_to_user_id":null,"in_reply_to_user_id_str":null,"in_reply_to_screen_name":null,"user":{"id":813281546035544000,"id_str":"813281546035544064","name":"Fate/Apocrypha","screen_name":"FateApocryphaTV","location":"ルーマニア・トゥリファス","description":"2017.07 ON TV\n 原作：東出祐一郎／TYPE-MOON キャラクター原案：近衛乙嗣 監督：浅井義之 シリーズ構成：東出祐一郎 キャラクターデザイン：山田有慶 音楽：横山克 制作：A-1 Pictures  ハッシュタグ：#アポクリファ 公式サイト：https://t.co/Ym3UvA0Kcl","url":"https://t.co/Ym3UvA0Kcl","entities":{"url":{"urls":[{"url":"https://t.co/Ym3UvA0Kcl","expanded_url":"http://fate-apocrypha.com/","display_url":"fate-apocrypha.com","indices":[0,23]}]},"description":{"urls":[{"url":"https://t.co/Ym3UvA0Kcl","expanded_url":"http://fate-apocrypha.com/","display_url":"fate-apocrypha.com","indices":[130,153]}]}},"protected":false,"followers_count":101022,"friends_count":31,"listed_count":1189,"created_at":"Mon Dec 26 07:13:25 +0000 2016","favourites_count":0,"utc_offset":32400,"time_zone":"Tokyo","geo_enabled":false,"verified":true,"statuses_count":445,"lang":"ja","contributors_enabled":false,"is_translator":false,"is_translation_enabled":false,"profile_background_color":"000000","profile_background_image_url":"http://abs.twimg.com/images/themes/theme1/bg.png","profile_background_image_url_https":"https://abs.twimg.com/images/themes/theme1/bg.png","profile_background_tile":false,"profile_image_url":"http://pbs.twimg.com/profile_images/815209340680294400/x1W1mpSl_normal.jpg","profile_image_url_https":"https://pbs.twimg.com/profile_images/815209340680294400/x1W1mpSl_normal.jpg","profile_banner_url":"https://pbs.twimg.com/profile_banners/813281546035544064/1497106923","profile_link_color":"E81C4F","profile_sidebar_border_color":"000000","profile_sidebar_fill_color":"000000","profile_text_color":"000000","profile_use_background_image":false,"has_extended_profile":false,"default_profile":false,"default_profile_image":false,"following":false,"follow_request_sent":false,"notifications":false,"translator_type":"none"},"geo":null,"coordinates":null,"place":null,"contributors":null,"is_quote_status":false,"retweet_count":829,"favorite_count":1448,"favorited":false,"retweeted":false,"possibly_sensitive":false,"lang":"ja"},{"created_at":"Thu Jul 20 12:45:44 +0000 2017","id":888017078787072000,"id_str":"888017078787072001","text":"本日7月20日(木)22:15頃からTOKYO-FM「SCHOOL OF LOCK!」【GIRLS LOCKS!】に平手友梨奈が登校します🎓\nぜひお聴きください🏫\n#欅坂46\n#SOL https://t.co/TfveWshY4O","truncated":false,"entities":{"hashtags":[{"text":"欅坂46","indices":[82,87]},{"text":"SOL","indices":[88,92]}],"symbols":[],"user_mentions":[],"urls":[],"media":[{"id":888017075301531600,"id_str":"888017075301531649","indices":[93,116],"media_url":"http://pbs.twimg.com/media/DFLe0zfUQAEKDEZ.jpg","media_url_https":"https://pbs.twimg.com/media/DFLe0zfUQAEKDEZ.jpg","url":"https://t.co/TfveWshY4O","display_url":"pic.twitter.com/TfveWshY4O","expanded_url":"https://twitter.com/keyakizaka46/status/888017078787072001/photo/1","type":"photo","sizes":{"small":{"w":680,"h":680,"resize":"fit"},"medium":{"w":1022,"h":1022,"resize":"fit"},"large":{"w":1022,"h":1022,"resize":"fit"},"thumb":{"w":150,"h":150,"resize":"crop"}}}]},"extended_entities":{"media":[{"id":888017075301531600,"id_str":"888017075301531649","indices":[93,116],"media_url":"http://pbs.twimg.com/media/DFLe0zfUQAEKDEZ.jpg","media_url_https":"https://pbs.twimg.com/media/DFLe0zfUQAEKDEZ.jpg","url":"https://t.co/TfveWshY4O","display_url":"pic.twitter.com/TfveWshY4O","expanded_url":"https://twitter.com/keyakizaka46/status/888017078787072001/photo/1","type":"photo","sizes":{"small":{"w":680,"h":680,"resize":"fit"},"medium":{"w":1022,"h":1022,"resize":"fit"},"large":{"w":1022,"h":1022,"resize":"fit"},"thumb":{"w":150,"h":150,"resize":"crop"}}}]},"metadata":{"iso_language_code":"ja","result_type":"recent"},"source":"<a href=\"http://www.echofon.com/\" rel=\"nofollow\">Echofon</a>","in_reply_to_status_id":null,"in_reply_to_status_id_str":null,"in_reply_to_user_id":null,"in_reply_to_user_id_str":null,"in_reply_to_screen_name":null,"user":{"id":3433403638,"id_str":"3433403638","name":"欅坂46","screen_name":"keyakizaka46","location":"","description":"秋元康 総合プロデュース、乃木坂46に続く「坂道シリーズ」第2弾。2015年8月21日、乃木坂46結成から4年後の同じ日・同じ場所で結成。応募総数22,509名の中から選ばれたメンバーで2016年4月6日「サイレントマジョリティー」でデビュー!2017年7月19日1stアルバム「真っ白なものは汚したくなる」リリース予定","url":"https://t.co/Rpjth8X8lU","entities":{"url":{"urls":[{"url":"https://t.co/Rpjth8X8lU","expanded_url":"http://www.keyakizaka46.com/","display_url":"keyakizaka46.com","indices":[0,23]}]},"description":{"urls":[]}},"protected":false,"followers_count":438130,"friends_count":0,"listed_count":2166,"created_at":"Thu Aug 20 22:00:08 +0000 2015","favourites_count":0,"utc_offset":null,"time_zone":null,"geo_enabled":false,"verified":true,"statuses_count":948,"lang":"ja","contributors_enabled":false,"is_translator":false,"is_translation_enabled":false,"profile_background_color":"000000","profile_background_image_url":"http://abs.twimg.com/images/themes/theme1/bg.png","profile_background_image_url_https":"https://abs.twimg.com/images/themes/theme1/bg.png","profile_background_tile":false,"profile_image_url":"http://pbs.twimg.com/profile_images/875580356996415488/tN4jYZEL_normal.jpg","profile_image_url_https":"https://pbs.twimg.com/profile_images/875580356996415488/tN4jYZEL_normal.jpg","profile_banner_url":"https://pbs.twimg.com/profile_banners/3433403638/1450171390","profile_link_color":"5FB955","profile_sidebar_border_color":"000000","profile_sidebar_fill_color":"000000","profile_text_color":"000000","profile_use_background_image":false,"has_extended_profile":false,"default_profile":false,"default_profile_image":false,"following":false,"follow_request_sent":false,"notifications":false,"translator_type":"none"},"geo":null,"coordinates":null,"place":null,"contributors":null,"is_quote_status":false,"retweet_count":767,"favorite_count":4610,"favorited":false,"retweeted":false,"possibly_sensitive":false,"lang":"ja"},{"created_at":"Thu Jul 20 12:44:19 +0000 2017","id":888016719993651200,"id_str":"888016719993651200","text":"20日より開催されておりますFate/Grand Orderの復刻イベントにて昨年描かせていただいたナイツ・オブ・マリーンズがまたラインナップされております。よろしくお願いします～！ https://t.co/DmbXWK3ruI","truncated":false,"entities":{"hashtags":[],"symbols":[],"user_mentions":[],"urls":[],"media":[{"id":888015683568582700,"id_str":"888015683568582657","indices":[92,115],"media_url":"http://pbs.twimg.com/media/DFLdjy4UwAE7XP-.png","media_url_https":"https://pbs.twimg.com/media/DFLdjy4UwAE7XP-.png","url":"https://t.co/DmbXWK3ruI","display_url":"pic.twitter.com/DmbXWK3ruI","expanded_url":"https://twitter.com/mielelatte/status/888016719993651200/photo/1","type":"photo","sizes":{"small":{"w":398,"h":680,"resize":"fit"},"large":{"w":512,"h":875,"resize":"fit"},"thumb":{"w":150,"h":150,"resize":"crop"},"medium":{"w":512,"h":875,"resize":"fit"}}}]},"extended_entities":{"media":[{"id":888015683568582700,"id_str":"888015683568582657","indices":[92,115],"media_url":"http://pbs.twimg.com/media/DFLdjy4UwAE7XP-.png","media_url_https":"https://pbs.twimg.com/media/DFLdjy4UwAE7XP-.png","url":"https://t.co/DmbXWK3ruI","display_url":"pic.twitter.com/DmbXWK3ruI","expanded_url":"https://twitter.com/mielelatte/status/888016719993651200/photo/1","type":"photo","sizes":{"small":{"w":398,"h":680,"resize":"fit"},"large":{"w":512,"h":875,"resize":"fit"},"thumb":{"w":150,"h":150,"resize":"crop"},"medium":{"w":512,"h":875,"resize":"fit"}}}]},"metadata":{"iso_language_code":"ja","result_type":"recent"},"source":"<a href=\"http://twitter.com\" rel=\"nofollow\">Twitter Web Client</a>","in_reply_to_status_id":null,"in_reply_to_status_id_str":null,"in_reply_to_user_id":null,"in_reply_to_user_id_str":null,"in_reply_to_screen_name":null,"user":{"id":97854967,"id_str":"97854967","name":"雪広うたこ@7/25魔界王子14巻発売","screen_name":"mielelatte","location":"※作品内容以外のお問合せは各出版社・制作会社へお願いします","description":"漫画やイラスト描いて生活してます。基本日常語り＋オタク話。\n【連載中】魔界王子devils and realist・少年王女\n【キャラデザ】B-PROJECT　他","url":"http://t.co/4mGZKJ3k2C","entities":{"url":{"urls":[{"url":"http://t.co/4mGZKJ3k2C","expanded_url":"http://77x16.com","display_url":"77x16.com","indices":[0,22]}]},"description":{"urls":[]}},"protected":false,"followers_count":87708,"friends_count":363,"listed_count":1604,"created_at":"Sat Dec 19 08:17:32 +0000 2009","favourites_count":481,"utc_offset":32400,"time_zone":"Tokyo","geo_enabled":false,"verified":false,"statuses_count":17577,"lang":"ja","contributors_enabled":false,"is_translator":false,"is_translation_enabled":false,"profile_background_color":"FFFFFF","profile_background_image_url":"http://pbs.twimg.com/profile_background_images/137403488/novo-dl.jpg","profile_background_image_url_https":"https://pbs.twimg.com/profile_background_images/137403488/novo-dl.jpg","profile_background_tile":true,"profile_image_url":"http://pbs.twimg.com/profile_images/426380652028502017/EH87-izX_normal.jpeg","profile_image_url_https":"https://pbs.twimg.com/profile_images/426380652028502017/EH87-izX_normal.jpeg","profile_link_color":"3B94D9","profile_sidebar_border_color":"2E2E2E","profile_sidebar_fill_color":"CEE4EB","profile_text_color":"333333","profile_use_background_image":true,"has_extended_profile":false,"default_profile":false,"default_profile_image":false,"following":false,"follow_request_sent":false,"notifications":false,"translator_type":"none"},"geo":null,"coordinates":null,"place":null,"contributors":null,"is_quote_status":false,"retweet_count":1759,"favorite_count":2361,"favorited":false,"retweeted":false,"possibly_sensitive":false,"lang":"ja"},{"created_at":"Thu Jul 20 12:44:17 +0000 2017","id":888016710845866000,"id_str":"888016710845865984","text":"水着コルワ\n1アビ:攻撃+20%→フィル10:+300%(攻刃枠)/DA率約+60%\n2アビ:防御+10%→フィル10:+50%/確率約30%で被ダメ50%軽減\n3アビ:奥義ゲージ+20%/フィル回復+2/防御－30%\nサポ:攻撃… https://t.co/DTXBovYHy6","truncated":true,"entities":{"hashtags":[],"symbols":[],"user_mentions":[],"urls":[{"url":"https://t.co/DTXBovYHy6","expanded_url":"https://twitter.com/i/web/status/888016710845865984","display_url":"twitter.com/i/web/status/8…","indices":[117,140]}]},"metadata":{"iso_language_code":"ja","result_type":"recent"},"source":"<a href=\"http://twitter.com\" rel=\"nofollow\">Twitter Web Client</a>","in_reply_to_status_id":null,"in_reply_to_status_id_str":null,"in_reply_to_user_id":null,"in_reply_to_user_id_str":null,"in_reply_to_screen_name":null,"user":{"id":765113040345833500,"id_str":"765113040345833473","name":"グラブル攻略＠GameWith","screen_name":"Granblue_GW","location":"バルツ公国","description":"攻略サイトGameWithの公式アカウントです。8月17日開設＼(╹◡╹)ノ 記事に起こす前の速報、検証などの攻略情報などを呟いていきます。複数人で運用しているので、口調やテンションが変わります。\nGameWithSNS→https://t.co/tLIqr55qiS","url":"https://t.co/6p6tZXMM6E","entities":{"url":{"urls":[{"url":"https://t.co/6p6tZXMM6E","expanded_url":"https://xn--bck3aza1a2if6kra4ee0hf.gamewith.jp/","display_url":"グランブルーファンタジー.gamewith.jp","indices":[0,23]}]},"description":{"urls":[{"url":"https://t.co/tLIqr55qiS","expanded_url":"https://gamewith.jp/user/profile/517943","display_url":"gamewith.jp/user/profile/5…","indices":[111,134]}]}},"protected":false,"followers_count":34876,"friends_count":2442,"listed_count":390,"created_at":"Mon Aug 15 09:08:58 +0000 2016","favourites_count":898,"utc_offset":32400,"time_zone":"Tokyo","geo_enabled":false,"verified":false,"statuses_count":3271,"lang":"ja","contributors_enabled":false,"is_translator":false,"is_translation_enabled":false,"profile_background_color":"F5F8FA","profile_background_image_url":null,"profile_background_image_url_https":null,"profile_background_tile":false,"profile_image_url":"http://pbs.twimg.com/profile_images/765721648217468928/z5FBda2m_normal.jpg","profile_image_url_https":"https://pbs.twimg.com/profile_images/765721648217468928/z5FBda2m_normal.jpg","profile_banner_url":"https://pbs.twimg.com/profile_banners/765113040345833473/1471402733","profile_link_color":"1DA1F2","profile_sidebar_border_color":"C0DEED","profile_sidebar_fill_color":"DDEEF6","profile_text_color":"333333","profile_use_background_image":true,"has_extended_profile":false,"default_profile":true,"default_profile_image":false,"following":false,"follow_request_sent":false,"notifications":false,"translator_type":"none"},"geo":null,"coordinates":null,"place":null,"contributors":null,"is_quote_status":false,"retweet_count":647,"favorite_count":228,"favorited":false,"retweeted":false,"possibly_sensitive":false,"lang":"ja"},{"created_at":"Thu Jul 20 12:44:12 +0000 2017","id":888016692827234300,"id_str":"888016692827234307","text":"Love☆Queenリリース記念\nハイタッチ会、大阪1日目\nありがとうございました☺️✨\n\nまた明日もあるので\n皆さん楽しみましょうね〜💑\n\n楓\n\n#ツインタワー https://t.co/6p0PAdteIX","truncated":false,"entities":{"hashtags":[{"text":"ツインタワー","indices":[74,81]}],"symbols":[],"user_mentions":[],"urls":[],"media":[{"id":888016681657749500,"id_str":"888016681657749504","indices":[82,105],"media_url":"http://pbs.twimg.com/media/DFLed5DU0AAlckL.jpg","media_url_https":"https://pbs.twimg.com/media/DFLed5DU0AAlckL.jpg","url":"https://t.co/6p0PAdteIX","display_url":"pic.twitter.com/6p0PAdteIX","expanded_url":"https://twitter.com/Happiness__LDH/status/888016692827234307/photo/1","type":"photo","sizes":{"large":{"w":751,"h":1000,"resize":"fit"},"thumb":{"w":150,"h":150,"resize":"crop"},"medium":{"w":751,"h":1000,"resize":"fit"},"small":{"w":511,"h":680,"resize":"fit"}}}]},"extended_entities":{"media":[{"id":888016681657749500,"id_str":"888016681657749504","indices":[82,105],"media_url":"http://pbs.twimg.com/media/DFLed5DU0AAlckL.jpg","media_url_https":"https://pbs.twimg.com/media/DFLed5DU0AAlckL.jpg","url":"https://t.co/6p0PAdteIX","display_url":"pic.twitter.com/6p0PAdteIX","expanded_url":"https://twitter.com/Happiness__LDH/status/888016692827234307/photo/1","type":"photo","sizes":{"large":{"w":751,"h":1000,"resize":"fit"},"thumb":{"w":150,"h":150,"resize":"crop"},"medium":{"w":751,"h":1000,"resize":"fit"},"small":{"w":511,"h":680,"resize":"fit"}}}]},"metadata":{"iso_language_code":"ja","result_type":"recent"},"source":"<a href=\"http://twitter.com/download/iphone\" rel=\"nofollow\">Twitter for iPhone</a>","in_reply_to_status_id":null,"in_reply_to_status_id_str":null,"in_reply_to_user_id":null,"in_reply_to_user_id_str":null,"in_reply_to_screen_name":null,"user":{"id":1560787860,"id_str":"1560787860","name":"Happiness","screen_name":"Happiness__LDH","location":"","description":"SAYAKA、楓、藤井夏恋、MIYUU、YURINO、須田アンナ、川本璃からなるガールズパフォーマンスグループ。 2017年9月New SingleをRelease!!","url":"https://t.co/1zlO2H4jbA","entities":{"url":{"urls":[{"url":"https://t.co/1zlO2H4jbA","expanded_url":"http://www.happiness-ldh.jp/","display_url":"happiness-ldh.jp","indices":[0,23]}]},"description":{"urls":[]}},"protected":false,"followers_count":994052,"friends_count":53,"listed_count":2170,"created_at":"Mon Jul 01 15:35:42 +0000 2013","favourites_count":12,"utc_offset":32400,"time_zone":"Tokyo","geo_enabled":false,"verified":true,"statuses_count":3370,"lang":"ja","contributors_enabled":false,"is_translator":false,"is_translation_enabled":false,"profile_background_color":"525141","profile_background_image_url":"http://abs.twimg.com/images/themes/theme11/bg.gif","profile_background_image_url_https":"https://abs.twimg.com/images/themes/theme11/bg.gif","profile_background_tile":true,"profile_image_url":"http://pbs.twimg.com/profile_images/824065207248916480/FMRzYcqd_normal.jpg","profile_image_url_https":"https://pbs.twimg.com/profile_images/824065207248916480/FMRzYcqd_normal.jpg","profile_banner_url":"https://pbs.twimg.com/profile_banners/1560787860/1496603809","profile_link_color":"594859","profile_sidebar_border_color":"000000","profile_sidebar_fill_color":"DDEEF6","profile_text_color":"333333","profile_use_background_image":false,"has_extended_profile":false,"default_profile":false,"default_profile_image":false,"following":false,"follow_request_sent":false,"notifications":false,"translator_type":"none"},"geo":null,"coordinates":null,"place":null,"contributors":null,"is_quote_status":false,"retweet_count":1642,"favorite_count":13081,"favorited":false,"retweeted":false,"possibly_sensitive":false,"lang":"ja"},{"created_at":"Thu Jul 20 12:43:28 +0000 2017","id":888016507447394300,"id_str":"888016507447394304","text":"テニミュのキャストさん達から誕生日に戴いたメッセージが届き、感動しながら新テニの原稿描いていますﾟ*｡(˃̵ᴗ˂🌻̵)\n\n【ミュージカルテニスの王子様3rdシーズンvs立海】いよいよ始まりました❗作者も大好きな関東立海戦🎾詳細です… https://t.co/pru1GRn43g","truncated":true,"entities":{"hashtags":[],"symbols":[],"user_mentions":[],"urls":[{"url":"https://t.co/pru1GRn43g","expanded_url":"https://twitter.com/i/web/status/888016507447394304","display_url":"twitter.com/i/web/status/8…","indices":[117,140]}]},"metadata":{"iso_language_code":"ja","result_type":"recent"},"source":"<a href=\"http://twitter.com/download/android\" rel=\"nofollow\">Twitter for Android</a>","in_reply_to_status_id":null,"in_reply_to_status_id_str":null,"in_reply_to_user_id":null,"in_reply_to_user_id_str":null,"in_reply_to_screen_name":null,"user":{"id":2209943778,"id_str":"2209943778","name":"許斐剛","screen_name":"konomi_takeshi","location":"","description":"ハッピーメディアクリエイター時々漫画家…皆に夢と笑いをお届け( ^-^)ノ∠※。.:*:・'°☆","url":null,"entities":{"description":{"urls":[]}},"protected":false,"followers_count":242025,"friends_count":0,"listed_count":3224,"created_at":"Sat Nov 23 03:56:17 +0000 2013","favourites_count":0,"utc_offset":null,"time_zone":null,"geo_enabled":false,"verified":false,"statuses_count":2250,"lang":"ja","contributors_enabled":false,"is_translator":false,"is_translation_enabled":false,"profile_background_color":"C0DEED","profile_background_image_url":"http://abs.twimg.com/images/themes/theme1/bg.png","profile_background_image_url_https":"https://abs.twimg.com/images/themes/theme1/bg.png","profile_background_tile":false,"profile_image_url":"http://pbs.twimg.com/profile_images/460750658652475392/TrxdzJFh_normal.jpeg","profile_image_url_https":"https://pbs.twimg.com/profile_images/460750658652475392/TrxdzJFh_normal.jpeg","profile_banner_url":"https://pbs.twimg.com/profile_banners/2209943778/1391181654","profile_link_color":"1DA1F2","profile_sidebar_border_color":"C0DEED","profile_sidebar_fill_color":"DDEEF6","profile_text_color":"333333","profile_use_background_image":true,"has_extended_profile":false,"default_profile":true,"default_profile_image":false,"following":false,"follow_request_sent":false,"notifications":false,"translator_type":"none"},"geo":null,"coordinates":null,"place":null,"contributors":null,"is_quote_status":false,"retweet_count":1026,"favorite_count":1854,"favorited":false,"retweeted":false,"possibly_sensitive":false,"lang":"ja"}],"search_metadata":{"completed_in":0.13,"max_id":888022528634929200,"max_id_str":"888022528634929153","next_results":"?max_id=888016507447394303&q=lang%3Aja%20min_retweets%3A500&include_entities=1","query":"lang%3Aja+min_retweets%3A500","refresh_url":"?since_id=888022528634929153&q=lang%3Aja%20min_retweets%3A500&include_entities=1","count":15,"since_id":0,"since_id_str":"0"}}