{"statuses":[{"created_at":"Wed Jul 19 16:10:57 +0000 2017","id":887706336040894500,"id_str":"887706336040894464","text":"☆月野百鬼夜行☆\nそこは、神をも凌ぐ強大な力を持つ、黒白天狐がおわす、それはそれは古い社。\n昼間は、人々の憩いの場として。\n夜は、不思議な者達が集う場として。\n夜な夜な不思議な宴が開かれているそうな…。\n＃月野百鬼夜行 https://t.co/rzCruRT4ys","truncated":false,"entities":{"hashtags":[{"text":"月野百鬼夜行","indices":[102,109]}],"symbols":[],"user_mentions":[],"urls":[],"media":[{"id":887706190695718900,"id_str":"887706190695718913","indices":[110,133],"media_url":"http://pbs.twimg.com/media/DFHEE8FVYAE3ngP.jpg","media_url_https":"https://pbs.twimg.com/media/DFHEE8FVYAE3ngP.jpg","url":"https://t.co/rzCruRT4ys","display_url":"pic.twitter.com/rzCruRT4ys","expanded_url":"https://twitter.com/tsukiuta1/status/887706336040894464/photo/1","type":"photo","sizes":{"small":{"w":680,"h":680,"resize":"fit"},"thumb":{"w":150,"h":150,"resize":"crop"},"medium":{"w":886,"h":886,"resize":"fit"},"large":{"w":886,"h":886,"resize":"fit"}}}]},"extended_entities":{"media":[{"id":887706190695718900,"id_str":"887706190695718913","indices":[110,133],"media_url":"http://pbs.twimg.com/media/DFHEE8FVYAE3ngP.jpg","media_url_https":"https://pbs.twimg.com/media/DFHEE8FVYAE3ngP.jpg","url":"https://t.co/rzCruRT4ys","display_url":"pic.twitter.com/rzCruRT4ys","expanded_url":"https://twitter.com/tsukiuta1/status/887706336040894464/photo/1","type":"photo","sizes":{"small":{"w":680,"h":680,"resize":"fit"},"thumb":{"w":150,"h":150,"resize":"crop"},"medium":{"w":886,"h":886,"resize":"fit"},"large":{"w":886,"h":886,"resize":"fit"}}}]},"metadata":{"iso_language_code":"ja","result_type":"recent"},"source":"<a href=\"http://twitter.com\" rel=\"nofollow\">Twitter Web Client</a>","in_reply_to_status_id":null,"in_reply_to_status_id_str":null,"in_reply_to_user_id":null,"in_reply_to_user_id_str":null,"in_reply_to_screen_name":null,"user":{"id":801746160,"id_str":"801746160","name":"ツキウタ。公式","screen_name":"tsukiuta1","location":"ツキノ寮","description":"声と音楽で綴る月々の物語…。オリジナルキャラクターソングCDシリーズ「ツキウタ。」のゆるめの公式アカウントです。公式HPの更新やリリース情報等をお知らせします。※こちらは基本的に情報発信用のアカウントです。個別の返信は行いません","url":"https://t.co/goRdd9wenr","entities":{"url":{"urls":[{"url":"https://t.co/goRdd9wenr","expanded_url":"http://www.tsukiuta.com/","display_url":"tsukiuta.com","indices":[0,23]}]},"description":{"urls":[]}},"protected":false,"followers_count":157493,"friends_count":76,"listed_count":3465,"created_at":"Tue Sep 04 03:49:10 +0000 2012","favourites_count":742,"utc_offset":32400,"time_zone":"Tokyo","geo_enabled":true,"verified":false,"statuses_count":14577,"lang":"ja","contributors_enabled":false,"is_translator":false,"is_translation_enabled":false,"profile_background_color":"FFCC4D","profile_background_image_url":"http://pbs.twimg.com/profile_background_images/550332367726841858/xkfr7yw8.jpeg","profile_background_image_url_https":"https://pbs.twimg.com/profile_background_images/550332367726841858/xkfr7yw8.jpeg","profile_background_tile":false,"profile_image_url":"http://pbs.twimg.com/profile_images/881157064722010114/xi4xHYYW_normal.jpg","profile_image_url_https":"https://pbs.twimg.com/profile_images/881157064722010114/xi4xHYYW_normal.jpg","profile_banner_url":"https://pbs.twimg.com/profile_banners/801746160/1491059502","profile_link_color":"89C9FA","profile_sidebar_border_color":"FFFFFF","profile_sidebar_fill_color":"95E8EC","profile_text_color":"3C3940","profile_use_background_image":true,"has_extended_profile":false,"default_profile":false,"default_profile_image":false,"following":false,"follow_request_sent":false,"notifications":false,"translator_type":"none"},"geo":null,"coordinates":null,"place":null,"contributors":null,"is_quote_status":false,"retweet_count":967,"favorite_count":1388,"favorited":false,"retweeted":false,"possibly_sensitive":false,"lang":"ja"},{"created_at":"Wed Jul 19 15:53:06 +0000 2017","id":887701843857428500,"id_str":"887701843857428480","text":"紗倉まな×呂布カルマ https://t.co/9usVqYmlDk","truncated":false,"entities":{"hashtags":[],"symbols":[],"user_mentions":[],"urls":[],"media":[{"id":887701377090150400,"id_str":"887701377090150400","indices":[11,34],"media_url":"http://pbs.twimg.com/ext_tw_video_thumb/887701377090150400/pu/img/VUxV1Ktc4wTTrb9E.jpg","media_url_https":"https://pbs.twimg.com/ext_tw_video_thumb/887701377090150400/pu/img/VUxV1Ktc4wTTrb9E.jpg","url":"https://t.co/9usVqYmlDk","display_url":"pic.twitter.com/9usVqYmlDk","expanded_url":"https://twitter.com/SAITO_DISCO/status/887701843857428480/video/1","type":"photo","sizes":{"small":{"w":340,"h":340,"resize":"fit"},"thumb":{"w":150,"h":150,"resize":"crop"},"medium":{"w":600,"h":600,"resize":"fit"},"large":{"w":720,"h":720,"resize":"fit"}}}]},"extended_entities":{"media":[{"id":887701377090150400,"id_str":"887701377090150400","indices":[11,34],"media_url":"http://pbs.twimg.com/ext_tw_video_thumb/887701377090150400/pu/img/VUxV1Ktc4wTTrb9E.jpg","media_url_https":"https://pbs.twimg.com/ext_tw_video_thumb/887701377090150400/pu/img/VUxV1Ktc4wTTrb9E.jpg","url":"https://t.co/9usVqYmlDk","display_url":"pic.twitter.com/9usVqYmlDk","expanded_url":"https://twitter.com/SAITO_DISCO/status/887701843857428480/video/1","type":"video","sizes":{"small":{"w":340,"h":340,"resize":"fit"},"thumb":{"w":150,"h":150,"resize":"crop"},"medium":{"w":600,"h":600,"resize":"fit"},"large":{"w":720,"h":720,"resize":"fit"}},"video_info":{"aspect_ratio":[1,1],"duration_millis":59150,"variants":[{"bitrate":832000,"content_type":"video/mp4","url":"https://video.twimg.com/ext_tw_video/887701377090150400/pu/vid/480x480/zWRng7VpG-2GJfp0.mp4"},{"bitrate":320000,"content_type":"video/mp4","url":"https://video.twimg.com/ext_tw_video/887701377090150400/pu/vid/240x240/-ToYHsLu0xpYhfIt.mp4"},{"bitrate":1280000,"content_type":"video/mp4","url":"https://video.twimg.com/ext_tw_video/887701377090150400/pu/vid/720x720/RsSCVoIOBltzCjmg.mp4"},{"content_type":"application/x-mpegURL","url":"https://video.twimg.com/ext_tw_video/887701377090150400/pu/pl/5oAW2VCJwjZ7-QwD.m3u8"}]},"additional_media_info":{"monetizable":false}}]},"metadata":{"iso_language_code":"ja","result_type":"recent"},"source":"<a href=\"http://twitter.com/download/iphone\" rel=\"nofollow\">Twitter for iPhone</a>","in_reply_to_status_id":null,"in_reply_to_status_id_str":null,"in_reply_to_user_id":null,"in_reply_to_user_id_str":null,"in_reply_to_screen_name":null,"user":{"id":154943754,"id_str":"154943754","name":"ディスコ","screen_name":"SAITO_DISCO","location":"西五反田","description":"batica / solfa","url":null,"entities":{"description":{"urls":[]}},"protected":false,"followers_count":1341,"friends_count":755,"listed_count":11,"created_at":"Sat Jun 12 17:14:45 +0000 2010","favourites_count":568,"utc_offset":-36000,"time_zone":"Hawaii","geo_enabled":true,"verified":false,"statuses_count":23067,"lang":"ja","contributors_enabled":false,"is_translator":false,"is_translation_enabled":false,"profile_background_color":"C0DEED","profile_background_image_url":"http://pbs.twimg.com/profile_background_images/681935343117926400/C9iskoBm.jpg","profile_background_image_url_https":"https://pbs.twimg.com/profile_background_images/681935343117926400/C9iskoBm.jpg","profile_background_tile":true,"profile_image_url":"http://pbs.twimg.com/profile_images/884093224943443969/PdIFrh7v_normal.jpg","profile_image_url_https":"https://pbs.twimg.com/profile_images/884093224943443969/PdIFrh7v_normal.jpg","profile_banner_url":"https://pbs.twimg.com/profile_banners/154943754/1498595443","profile_link_color":"0084B4","profile_sidebar_border_color":"FFFFFF","profile_sidebar_fill_color":"DDEEF6","profile_text_color":"AA6AE6","profile_use_background_image":true,"has_extended_profile":true,"default_profile":false,"default_profile_image":false,"following":false,"follow_request_sent":false,"notifications":false,"translator_type":"none"},"geo":null,"coordinates":null,"place":null,"contributors":null,"is_quote_status":false,"retweet_count":769,"favorite_count":1543,"favorited":false,"retweeted":false,"possibly_sensitive":false,"lang":"ja"},{"created_at":"Wed Jul 19 15:50:58 +0000 2017","id":887701307217150000,"id_str":"887701307217149952","text":"隠れたヒカキンを探せ！#5\n【難易度 爆絶】\n見つけた人はRT！ #ヒカキンを探せ https://t.co/XCmfBIgj7W","truncated":false,"entities":{"hashtags":[{"text":"ヒカキンを探せ","indices":[33,41]}],"symbols":[],"user_mentions":[],"urls":[],"media":[{"id":887701296379117600,"id_str":"887701296379117569","indices":[42,65],"media_url":"http://pbs.twimg.com/media/DFG_oDVUwAEFkBL.jpg","media_url_https":"https://pbs.twimg.com/media/DFG_oDVUwAEFkBL.jpg","url":"https://t.co/XCmfBIgj7W","display_url":"pic.twitter.com/XCmfBIgj7W","expanded_url":"https://twitter.com/hikakin/status/887701307217149952/photo/1","type":"photo","sizes":{"medium":{"w":1200,"h":900,"resize":"fit"},"small":{"w":680,"h":510,"resize":"fit"},"thumb":{"w":150,"h":150,"resize":"crop"},"large":{"w":2048,"h":1536,"resize":"fit"}}}]},"extended_entities":{"media":[{"id":887701296379117600,"id_str":"887701296379117569","indices":[42,65],"media_url":"http://pbs.twimg.com/media/DFG_oDVUwAEFkBL.jpg","media_url_https":"https://pbs.twimg.com/media/DFG_oDVUwAEFkBL.jpg","url":"https://t.co/XCmfBIgj7W","display_url":"pic.twitter.com/XCmfBIgj7W","expanded_url":"https://twitter.com/hikakin/status/887701307217149952/photo/1","type":"photo","sizes":{"medium":{"w":1200,"h":900,"resize":"fit"},"small":{"w":680,"h":510,"resize":"fit"},"thumb":{"w":150,"h":150,"resize":"crop"},"large":{"w":2048,"h":1536,"resize":"fit"}}}]},"metadata":{"iso_language_code":"ja","result_type":"recent"},"source":"<a href=\"http://twitter.com/download/iphone\" rel=\"nofollow\">Twitter for iPhone</a>","in_reply_to_status_id":null,"in_reply_to_status_id_str":null,"in_reply_to_user_id":null,"in_reply_to_user_id_str":null,"in_reply_to_screen_name":null,"user":{"id":130447415,"id_str":"130447415","name":"HIKAKIN ヒカキン","screen_name":"hikakin","location":"Tokyo","description":"YouTuber（ユーチューバー）やってます。平成生まれ。YouTube歴11年。再生回数計64億回、チャンネル登録者計970万人突破。 インスタグラムもフォロー是非→https://t.co/3N95acANAT","url":"https://t.co/TiG4bRwwRJ","entities":{"url":{"urls":[{"url":"https://t.co/TiG4bRwwRJ","expanded_url":"https://www.youtube.com/user/hikakintv","display_url":"youtube.com/user/hikakintv","indices":[0,23]}]},"description":{"urls":[{"url":"https://t.co/3N95acANAT","expanded_url":"https://www.instagram.com/hikakin/","display_url":"instagram.com/hikakin/","indices":[84,107]}]}},"protected":false,"followers_count":2124984,"friends_count":969,"listed_count":4858,"created_at":"Wed Apr 07 09:33:08 +0000 2010","favourites_count":4388,"utc_offset":-36000,"time_zone":"Hawaii","geo_enabled":false,"verified":true,"statuses_count":36977,"lang":"ja","contributors_enabled":false,"is_translator":false,"is_translation_enabled":false,"profile_background_color":"000000","profile_background_image_url":"http://pbs.twimg.com/profile_background_images/544921687/__________2012-05-05_18.56.52.png","profile_background_image_url_https":"https://pbs.twimg.com/profile_background_images/544921687/__________2012-05-05_18.56.52.png","profile_background_tile":false,"profile_image_url":"http://pbs.twimg.com/profile_images/826448439592366081/yNaadj6o_normal.jpg","profile_image_url_https":"https://pbs.twimg.com/profile_images/826448439592366081/yNaadj6o_normal.jpg","profile_banner_url":"https://pbs.twimg.com/profile_banners/130447415/1500095977","profile_link_color":"05B9F0","profile_sidebar_border_color":"000000","profile_sidebar_fill_color":"EFEFEF","profile_text_color":"333333","profile_use_background_image":false,"has_extended_profile":true,"default_profile":false,"default_profile_image":false,"following":false,"follow_request_sent":false,"notifications":false,"translator_type":"none"},"geo":null,"coordinates":null,"place":null,"contributors":null,"is_quote_status":false,"retweet_count":2283,"favorite_count":2457,"favorited":false,"retweeted":false,"possibly_sensitive":false,"lang":"ja"},{"created_at":"Wed Jul 19 15:50:57 +0000 2017","id":887701301747896300,"id_str":"887701301747896321","text":"この後25時〜ニッポン放送「AKB48のオールナイトニッポン 欅坂46スペシャル」に尾関梨香、織田奈那、小池美波、菅井友香、長沢菜々香、加藤史帆、齊藤京子、高瀬愛奈が出演致します🌠\nぜひお聴きください❣️\n#欅坂46… https://t.co/pOiF79Uee9","truncated":true,"entities":{"hashtags":[{"text":"欅坂46","indices":[103,108]}],"symbols":[],"user_mentions":[],"urls":[{"url":"https://t.co/pOiF79Uee9","expanded_url":"https://twitter.com/i/web/status/887701301747896321","display_url":"twitter.com/i/web/status/8…","indices":[110,133]}]},"metadata":{"iso_language_code":"ja","result_type":"recent"},"source":"<a href=\"http://www.echofon.com/\" rel=\"nofollow\">Echofon</a>","in_reply_to_status_id":null,"in_reply_to_status_id_str":null,"in_reply_to_user_id":null,"in_reply_to_user_id_str":null,"in_reply_to_screen_name":null,"user":{"id":3433403638,"id_str":"3433403638","name":"欅坂46","screen_name":"keyakizaka46","location":"","description":"秋元康 総合プロデュース、乃木坂46に続く「坂道シリーズ」第2弾。2015年8月21日、乃木坂46結成から4年後の同じ日・同じ場所で結成。応募総数22,509名の中から選ばれたメンバーで2016年4月6日「サイレントマジョリティー」でデビュー!2017年7月19日1stアルバム「真っ白なものは汚したくなる」リリース予定","url":"https://t.co/Rpjth8X8lU","entities":{"url":{"urls":[{"url":"https://t.co/Rpjth8X8lU","expanded_url":"http://www.keyakizaka46.com/","display_url":"keyakizaka46.com","indices":[0,23]}]},"description":{"urls":[]}},"protected":false,"followers_count":436882,"friends_count":0,"listed_count":2162,"created_at":"Thu Aug 20 22:00:08 +0000 2015","favourites_count":0,"utc_offset":null,"time_zone":null,"geo_enabled":false,"verified":true,"statuses_count":945,"lang":"ja","contributors_enabled":false,"is_translator":false,"is_translation_enabled":false,"profile_background_color":"000000","profile_background_image_url":"http://abs.twimg.com/images/themes/theme1/bg.png","profile_background_image_url_https":"https://abs.twimg.com/images/themes/theme1/bg.png","profile_background_tile":false,"profile_image_url":"http://pbs.twimg.com/profile_images/875580356996415488/tN4jYZEL_normal.jpg","profile_image_url_https":"https://pbs.twimg.com/profile_images/875580356996415488/tN4jYZEL_normal.jpg","profile_banner_url":"https://pbs.twimg.com/profile_banners/3433403638/1450171390","profile_link_color":"5FB955","profile_sidebar_border_color":"000000","profile_sidebar_fill_color":"000000","profile_text_color":"000000","profile_use_background_image":false,"has_extended_profile":false,"default_profile":false,"default_profile_image":false,"following":false,"follow_request_sent":false,"notifications":false,"translator_type":"none"},"geo":null,"coordinates":null,"place":null,"contributors":null,"is_quote_status":false,"retweet_count":744,"favorite_count":2497,"favorited":false,"retweeted":false,"possibly_sensitive":false,"lang":"ja"},{"created_at":"Wed Jul 19 15:49:45 +0000 2017","id":887701000559218700,"id_str":"887701000559218689","text":"私の大切な人の誕生日です。\n\nいろんな景色を色んな仲間と過ごしてきました。\n\n今年もよろしく。4度目の景色を共に。\n\nお誕生日おめでとう。\n\n八田美咲様 https://t.co/h8A9zEnYd5","truncated":false,"entities":{"hashtags":[],"symbols":[],"user_mentions":[],"urls":[],"media":[{"id":887700990664646700,"id_str":"887700990664646658","indices":[77,100],"media_url":"http://pbs.twimg.com/media/DFG_WQdUIAIkVi-.jpg","media_url_https":"https://pbs.twimg.com/media/DFG_WQdUIAIkVi-.jpg","url":"https://t.co/h8A9zEnYd5","display_url":"pic.twitter.com/h8A9zEnYd5","expanded_url":"https://twitter.com/uechan_0905/status/887701000559218689/photo/1","type":"photo","sizes":{"large":{"w":1108,"h":1478,"resize":"fit"},"thumb":{"w":150,"h":150,"resize":"crop"},"small":{"w":510,"h":680,"resize":"fit"},"medium":{"w":900,"h":1200,"resize":"fit"}}}]},"extended_entities":{"media":[{"id":887700990664646700,"id_str":"887700990664646658","indices":[77,100],"media_url":"http://pbs.twimg.com/media/DFG_WQdUIAIkVi-.jpg","media_url_https":"https://pbs.twimg.com/media/DFG_WQdUIAIkVi-.jpg","url":"https://t.co/h8A9zEnYd5","display_url":"pic.twitter.com/h8A9zEnYd5","expanded_url":"https://twitter.com/uechan_0905/status/887701000559218689/photo/1","type":"photo","sizes":{"large":{"w":1108,"h":1478,"resize":"fit"},"thumb":{"w":150,"h":150,"resize":"crop"},"small":{"w":510,"h":680,"resize":"fit"},"medium":{"w":900,"h":1200,"resize":"fit"}}},{"id":887700990668832800,"id_str":"887700990668832768","indices":[77,100],"media_url":"http://pbs.twimg.com/media/DFG_WQeUAAAmyYp.jpg","media_url_https":"https://pbs.twimg.com/media/DFG_WQeUAAAmyYp.jpg","url":"https://t.co/h8A9zEnYd5","display_url":"pic.twitter.com/h8A9zEnYd5","expanded_url":"https://twitter.com/uechan_0905/status/887701000559218689/photo/1","type":"photo","sizes":{"medium":{"w":900,"h":1200,"resize":"fit"},"small":{"w":510,"h":680,"resize":"fit"},"thumb":{"w":150,"h":150,"resize":"crop"},"large":{"w":960,"h":1280,"resize":"fit"}}},{"id":887700990673141800,"id_str":"887700990673141761","indices":[77,100],"media_url":"http://pbs.twimg.com/media/DFG_WQfVwAEZwTH.jpg","media_url_https":"https://pbs.twimg.com/media/DFG_WQfVwAEZwTH.jpg","url":"https://t.co/h8A9zEnYd5","display_url":"pic.twitter.com/h8A9zEnYd5","expanded_url":"https://twitter.com/uechan_0905/status/887701000559218689/photo/1","type":"photo","sizes":{"medium":{"w":900,"h":1200,"resize":"fit"},"thumb":{"w":150,"h":150,"resize":"crop"},"large":{"w":960,"h":1280,"resize":"fit"},"small":{"w":510,"h":680,"resize":"fit"}}}]},"metadata":{"iso_language_code":"ja","result_type":"recent"},"source":"<a href=\"http://twitter.com/download/iphone\" rel=\"nofollow\">Twitter for iPhone</a>","in_reply_to_status_id":null,"in_reply_to_status_id_str":null,"in_reply_to_user_id":null,"in_reply_to_user_id_str":null,"in_reply_to_screen_name":null,"user":{"id":142446804,"id_str":"142446804","name":"植田圭輔","screen_name":"uechan_0905","location":"","description":"オフィシャルinfo 「うえちゃんネル」 https://t.co/u2VqGrKWTG","url":"https://t.co/Q1W5GrXHM0","entities":{"url":{"urls":[{"url":"https://t.co/Q1W5GrXHM0","expanded_url":"http://s.ameblo.jp/keisuke-ueda/","display_url":"s.ameblo.jp/keisuke-ueda/","indices":[0,23]}]},"description":{"urls":[{"url":"https://t.co/u2VqGrKWTG","expanded_url":"http://sp.ch.nicovideo.jp/uechannel","display_url":"sp.ch.nicovideo.jp/uechannel","indices":[21,44]}]}},"protected":false,"followers_count":128858,"friends_count":373,"listed_count":5873,"created_at":"Mon May 10 22:41:11 +0000 2010","favourites_count":3,"utc_offset":32400,"time_zone":"Tokyo","geo_enabled":false,"verified":false,"statuses_count":11140,"lang":"ja","contributors_enabled":false,"is_translator":false,"is_translation_enabled":false,"profile_background_color":"C0DEED","profile_background_image_url":"http://abs.twimg.com/images/themes/theme1/bg.png","profile_background_image_url_https":"https://abs.twimg.com/images/themes/theme1/bg.png","profile_background_tile":false,"profile_image_url":"http://pbs.twimg.com/profile_images/844388654709534720/Iw3kArFD_normal.jpg","profile_image_url_https":"https://pbs.twimg.com/profile_images/844388654709534720/Iw3kArFD_normal.jpg","profile_banner_url":"https://pbs.twimg.com/profile_banners/142446804/1383157757","profile_link_color":"1DA1F2","profile_sidebar_border_color":"C0DEED","profile_sidebar_fill_color":"DDEEF6","profile_text_color":"333333","profile_use_background_image":true,"has_extended_profile":false,"default_profile":true,"default_profile_image":false,"following":false,"follow_request_sent":false,"notifications":false,"translator_type":"none"},"geo":null,"coordinates":null,"place":null,"contributors":null,"is_quote_status":false,"retweet_count":834,"favorite_count":1972,"favorited":false,"retweeted":false,"possibly_sensitive":false,"lang":"ja"},{"created_at":"Wed Jul 19 15:47:11 +0000 2017","id":887700353981988900,"id_str":"887700353981988864","text":"刀ミュ公式サイトで新作発表5日後とカウントダウン\n\n→　5日後は7/25火曜日\n\n→　来週に大阪城が来そうなスケジュール&amp;新刀剣\n\n→　大阪城新刀剣が刀ミュ新作に関わってる可能性\n\n→　今週金曜にチラ見せで火曜昼に全身公開か？\n\nhttps://t.co/OuPJeFer0L","truncated":false,"entities":{"hashtags":[],"symbols":[],"user_mentions":[],"urls":[{"url":"https://t.co/OuPJeFer0L","expanded_url":"https://musical-toukenranbu.jp","display_url":"musical-toukenranbu.jp","indices":[119,142]}]},"metadata":{"iso_language_code":"ja","result_type":"recent"},"source":"<a href=\"http://twitter.com\" rel=\"nofollow\">Twitter Web Client</a>","in_reply_to_status_id":null,"in_reply_to_status_id_str":null,"in_reply_to_user_id":null,"in_reply_to_user_id_str":null,"in_reply_to_screen_name":null,"user":{"id":2984106056,"id_str":"2984106056","name":"刀剣乱舞攻略速報【とうらぶ】※非公式","screen_name":"toukenkouryaku","location":"当サイトは非公式サイトです","description":"【重要】非公式ファンサイトのアカウントです。刀剣乱舞公式サイト → https://t.co/bMlNMyS5xt 刀剣乱舞のレシピ、攻略情報、グッズ、ニュース、刀剣展示情報を収集し発信中。 初心者向け情報→ https://t.co/dzrhxIEo6V 過去の記事も定期的に再ツイートしてます 個人垢→ @matokanx","url":"https://t.co/8RDL5CnqI5","entities":{"url":{"urls":[{"url":"https://t.co/8RDL5CnqI5","expanded_url":"http://xn--dkqp0gri91r38rn1wmlurtz.com/","display_url":"刀剣乱舞攻略速報.com","indices":[0,23]}]},"description":{"urls":[{"url":"https://t.co/bMlNMyS5xt","expanded_url":"http://bit.ly/1L0Xqzu","display_url":"bit.ly/1L0Xqzu","indices":[34,57]},{"url":"https://t.co/dzrhxIEo6V","expanded_url":"http://bit.ly/1OVzmxR","display_url":"bit.ly/1OVzmxR","indices":[105,128]}]}},"protected":false,"followers_count":149891,"friends_count":190,"listed_count":2779,"created_at":"Thu Jan 15 12:15:21 +0000 2015","favourites_count":188,"utc_offset":32400,"time_zone":"Tokyo","geo_enabled":false,"verified":false,"statuses_count":16709,"lang":"ja","contributors_enabled":false,"is_translator":false,"is_translation_enabled":true,"profile_background_color":"C0DEED","profile_background_image_url":"http://abs.twimg.com/images/themes/theme1/bg.png","profile_background_image_url_https":"https://abs.twimg.com/images/themes/theme1/bg.png","profile_background_tile":false,"profile_image_url":"http://pbs.twimg.com/profile_images/848015684080549888/t8wLwr0X_normal.jpg","profile_image_url_https":"https://pbs.twimg.com/profile_images/848015684080549888/t8wLwr0X_normal.jpg","profile_link_color":"1DA1F2","profile_sidebar_border_color":"C0DEED","profile_sidebar_fill_color":"DDEEF6","profile_text_color":"333333","profile_use_background_image":true,"has_extended_profile":false,"default_profile":true,"default_profile_image":false,"following":false,"follow_request_sent":false,"notifications":false,"translator_type":"none"},"geo":null,"coordinates":null,"place":null,"contributors":null,"is_quote_status":false,"retweet_count":1288,"favorite_count":549,"favorited":false,"retweeted":false,"possibly_sensitive":false,"lang":"ja"},{"created_at":"Wed Jul 19 15:46:53 +0000 2017","id":887700277943455700,"id_str":"887700277943455745","text":"当時描いたヨーコとヴィラル https://t.co/4jMHIS1FTI","truncated":false,"entities":{"hashtags":[],"symbols":[],"user_mentions":[],"urls":[],"media":[{"id":887700047755845600,"id_str":"887700047755845632","indices":[14,37],"media_url":"http://pbs.twimg.com/media/DFG-fX2VoAAewZW.jpg","media_url_https":"https://pbs.twimg.com/media/DFG-fX2VoAAewZW.jpg","url":"https://t.co/4jMHIS1FTI","display_url":"pic.twitter.com/4jMHIS1FTI","expanded_url":"https://twitter.com/zi38/status/887700277943455745/photo/1","type":"photo","sizes":{"small":{"w":476,"h":680,"resize":"fit"},"large":{"w":778,"h":1112,"resize":"fit"},"thumb":{"w":150,"h":150,"resize":"crop"},"medium":{"w":778,"h":1112,"resize":"fit"}}}]},"extended_entities":{"media":[{"id":887700047755845600,"id_str":"887700047755845632","indices":[14,37],"media_url":"http://pbs.twimg.com/media/DFG-fX2VoAAewZW.jpg","media_url_https":"https://pbs.twimg.com/media/DFG-fX2VoAAewZW.jpg","url":"https://t.co/4jMHIS1FTI","display_url":"pic.twitter.com/4jMHIS1FTI","expanded_url":"https://twitter.com/zi38/status/887700277943455745/photo/1","type":"photo","sizes":{"small":{"w":476,"h":680,"resize":"fit"},"large":{"w":778,"h":1112,"resize":"fit"},"thumb":{"w":150,"h":150,"resize":"crop"},"medium":{"w":778,"h":1112,"resize":"fit"}}},{"id":887700165959626800,"id_str":"887700165959626753","indices":[14,37],"media_url":"http://pbs.twimg.com/media/DFG-mQMUMAE2Zem.jpg","media_url_https":"https://pbs.twimg.com/media/DFG-mQMUMAE2Zem.jpg","url":"https://t.co/4jMHIS1FTI","display_url":"pic.twitter.com/4jMHIS1FTI","expanded_url":"https://twitter.com/zi38/status/887700277943455745/photo/1","type":"photo","sizes":{"medium":{"w":853,"h":1200,"resize":"fit"},"thumb":{"w":150,"h":150,"resize":"crop"},"large":{"w":1378,"h":1939,"resize":"fit"},"small":{"w":483,"h":680,"resize":"fit"}}}]},"metadata":{"iso_language_code":"ja","result_type":"recent"},"source":"<a href=\"http://twitter.com\" rel=\"nofollow\">Twitter Web Client</a>","in_reply_to_status_id":null,"in_reply_to_status_id_str":null,"in_reply_to_user_id":null,"in_reply_to_user_id_str":null,"in_reply_to_screen_name":null,"user":{"id":18010417,"id_str":"18010417","name":"三輪士郎/Shirow Miwa","screen_name":"zi38","location":"ここに居ます","description":"漫画とか描くんですよ 集英社ウルトラジャンプ「DOGS/B&C」「RWBY」 セガゲームス「セブンスドラゴン2020」 「セブンスドラゴンⅢCODE:VFD」 プロダクションIG「ジョーカーゲーム」TRIGGER「キズナイーバー」 ニトロプラス「刀剣乱舞」","url":"https://t.co/xaiipoYZod","entities":{"url":{"urls":[{"url":"https://t.co/xaiipoYZod","expanded_url":"http://mmm-gee.net/","display_url":"mmm-gee.net","indices":[0,23]}]},"description":{"urls":[]}},"protected":false,"followers_count":169045,"friends_count":894,"listed_count":4463,"created_at":"Wed Dec 10 02:56:30 +0000 2008","favourites_count":113,"utc_offset":32400,"time_zone":"Tokyo","geo_enabled":false,"verified":false,"statuses_count":16896,"lang":"ja","contributors_enabled":false,"is_translator":false,"is_translation_enabled":false,"profile_background_color":"1A1B1F","profile_background_image_url":"http://pbs.twimg.com/profile_background_images/663284177/mkriiyut5wa7lvvquo1g.jpeg","profile_background_image_url_https":"https://pbs.twimg.com/profile_background_images/663284177/mkriiyut5wa7lvvquo1g.jpeg","profile_background_tile":true,"profile_image_url":"http://pbs.twimg.com/profile_images/2518196915/z83n7368aa9vibwhv5qf_normal.jpeg","profile_image_url_https":"https://pbs.twimg.com/profile_images/2518196915/z83n7368aa9vibwhv5qf_normal.jpeg","profile_banner_url":"https://pbs.twimg.com/profile_banners/18010417/1411593873","profile_link_color":"D611A5","profile_sidebar_border_color":"FFFFFF","profile_sidebar_fill_color":"252429","profile_text_color":"666666","profile_use_background_image":true,"has_extended_profile":false,"default_profile":false,"default_profile_image":false,"following":false,"follow_request_sent":false,"notifications":false,"translator_type":"none"},"geo":null,"coordinates":null,"place":null,"contributors":null,"is_quote_status":false,"retweet_count":684,"favorite_count":1509,"favorited":false,"retweeted":false,"possibly_sensitive":false,"lang":"ja"},{"created_at":"Wed Jul 19 15:38:59 +0000 2017","id":887698288505258000,"id_str":"887698288505257984","text":"【ユーリ展整理券】１０時～２３時の１３時間を一時間毎に人数を決めて、１３個の入場枠に区切ります。１０時から整理券を配布するので、早めにお越し頂くと希望の（もしくは来店時間から最速の）時間に入場頂きやすいです。一日の整理券の総数は、一日の前売券の販売数よりも多く設定されています。","truncated":false,"entities":{"hashtags":[],"symbols":[],"user_mentions":[],"urls":[]},"metadata":{"iso_language_code":"ja","result_type":"recent"},"source":"<a href=\"http://twitter.com\" rel=\"nofollow\">Twitter Web Client</a>","in_reply_to_status_id":null,"in_reply_to_status_id_str":null,"in_reply_to_user_id":null,"in_reply_to_user_id_str":null,"in_reply_to_screen_name":null,"user":{"id":131254864,"id_str":"131254864","name":"テレウサ","screen_name":"tvusagi5","location":"六本木ヒルズ放送局","description":"お初なのです。テレウサです。 六本木ヒルズｕｍｕに住み、小耳にはさんだイベント業界の裏話なんかをつぶやくのです。兎イベントプロデューサーなのです。テレウサです。","url":"https://t.co/n5yWaXnKOc","entities":{"url":{"urls":[{"url":"https://t.co/n5yWaXnKOc","expanded_url":"http://tvusagi-blog.tumblr.com/","display_url":"tvusagi-blog.tumblr.com","indices":[0,23]}]},"description":{"urls":[]}},"protected":false,"followers_count":12833,"friends_count":21,"listed_count":536,"created_at":"Fri Apr 09 18:54:53 +0000 2010","favourites_count":0,"utc_offset":32400,"time_zone":"Tokyo","geo_enabled":true,"verified":false,"statuses_count":9318,"lang":"ja","contributors_enabled":false,"is_translator":false,"is_translation_enabled":false,"profile_background_color":"C0DEED","profile_background_image_url":"http://pbs.twimg.com/profile_background_images/241626967/tvusa.gif","profile_background_image_url_https":"https://pbs.twimg.com/profile_background_images/241626967/tvusa.gif","profile_background_tile":true,"profile_image_url":"http://pbs.twimg.com/profile_images/887171861523582977/nL2ZByaa_normal.jpg","profile_image_url_https":"https://pbs.twimg.com/profile_images/887171861523582977/nL2ZByaa_normal.jpg","profile_banner_url":"https://pbs.twimg.com/profile_banners/131254864/1436258843","profile_link_color":"0084B4","profile_sidebar_border_color":"C0DEED","profile_sidebar_fill_color":"DDEEF6","profile_text_color":"333333","profile_use_background_image":true,"has_extended_profile":true,"default_profile":false,"default_profile_image":false,"following":false,"follow_request_sent":false,"notifications":false,"translator_type":"none"},"geo":null,"coordinates":null,"place":null,"contributors":null,"is_quote_status":false,"retweet_count":763,"favorite_count":460,"favorited":false,"retweeted":false,"lang":"ja"},{"created_at":"Wed Jul 19 15:37:31 +0000 2017","id":887697919188451300,"id_str":"887697919188451328","text":"★☆新記事☆★　刀ミュ新作公演の情報が5日後に発表、公式サイトでカウントダウン開始　 https://t.co/bs9rFSAfFU","truncated":false,"entities":{"hashtags":[],"symbols":[],"user_mentions":[],"urls":[{"url":"https://t.co/bs9rFSAfFU","expanded_url":"http://xn--dkqp0gri91r38rn1wmlurtz.com/archives/71846721.html","display_url":"刀剣乱舞攻略速報.com/archives/71846…","indices":[43,66]}]},"metadata":{"iso_language_code":"ja","result_type":"recent"},"source":"<a href=\"http://blog.livedoor.com/\" rel=\"nofollow\">livedoor Blog</a>","in_reply_to_status_id":null,"in_reply_to_status_id_str":null,"in_reply_to_user_id":null,"in_reply_to_user_id_str":null,"in_reply_to_screen_name":null,"user":{"id":2984106056,"id_str":"2984106056","name":"刀剣乱舞攻略速報【とうらぶ】※非公式","screen_name":"toukenkouryaku","location":"当サイトは非公式サイトです","description":"【重要】非公式ファンサイトのアカウントです。刀剣乱舞公式サイト → https://t.co/bMlNMyS5xt 刀剣乱舞のレシピ、攻略情報、グッズ、ニュース、刀剣展示情報を収集し発信中。 初心者向け情報→ https://t.co/dzrhxIEo6V 過去の記事も定期的に再ツイートしてます 個人垢→ @matokanx","url":"https://t.co/8RDL5CnqI5","entities":{"url":{"urls":[{"url":"https://t.co/8RDL5CnqI5","expanded_url":"http://xn--dkqp0gri91r38rn1wmlurtz.com/","display_url":"刀剣乱舞攻略速報.com","indices":[0,23]}]},"description":{"urls":[{"url":"https://t.co/bMlNMyS5xt","expanded_url":"http://bit.ly/1L0Xqzu","display_url":"bit.ly/1L0Xqzu","indices":[34,57]},{"url":"https://t.co/dzrhxIEo6V","expanded_url":"http://bit.ly/1OVzmxR","display_url":"bit.ly/1OVzmxR","indices":[105,128]}]}},"protected":false,"followers_count":149891,"friends_count":190,"listed_count":2779,"created_at":"Thu Jan 15 12:15:21 +0000 2015","favourites_count":188,"utc_offset":32400,"time_zone":"Tokyo","geo_enabled":false,"verified":false,"statuses_count":16709,"lang":"ja","contributors_enabled":false,"is_translator":false,"is_translation_enabled":true,"profile_background_color":"C0DEED","profile_background_image_url":"http://abs.twimg.com/images/themes/theme1/bg.png","profile_background_image_url_https":"https://abs.twimg.com/images/themes/theme1/bg.png","profile_background_tile":false,"profile_image_url":"http://pbs.twimg.com/profile_images/848015684080549888/t8wLwr0X_normal.jpg","profile_image_url_https":"https://pbs.twimg.com/profile_images/848015684080549888/t8wLwr0X_normal.jpg","profile_link_color":"1DA1F2","profile_sidebar_border_color":"C0DEED","profile_sidebar_fill_color":"DDEEF6","profile_text_color":"333333","profile_use_background_image":true,"has_extended_profile":false,"default_profile":true,"default_profile_image":false,"following":false,"follow_request_sent":false,"notifications":false,"translator_type":"none"},"geo":null,"coordinates":null,"place":null,"contributors":null,"is_quote_status":false,"retweet_count":689,"favorite_count":368,"favorited":false,"retweeted":false,"possibly_sensitive":false,"lang":"ja"},{"created_at":"Wed Jul 19 15:31:43 +0000 2017","id":887696460241748000,"id_str":"887696460241747969","text":"自撮りアイテムとして使えるお菓子最新版 https://t.co/Hik2CsP9kt","truncated":false,"entities":{"hashtags":[],"symbols":[],"user_mentions":[],"urls":[],"media":[{"id":887696453870563300,"id_str":"887696453870563329","indices":[20,43],"media_url":"http://pbs.twimg.com/media/DFG7OLlUMAE3mL4.jpg","media_url_https":"https://pbs.twimg.com/media/DFG7OLlUMAE3mL4.jpg","url":"https://t.co/Hik2CsP9kt","display_url":"pic.twitter.com/Hik2CsP9kt","expanded_url":"https://twitter.com/5623V/status/887696460241747969/photo/1","type":"photo","sizes":{"small":{"w":648,"h":680,"resize":"fit"},"thumb":{"w":150,"h":150,"resize":"crop"},"medium":{"w":921,"h":967,"resize":"fit"},"large":{"w":921,"h":967,"resize":"fit"}}}]},"extended_entities":{"media":[{"id":887696453870563300,"id_str":"887696453870563329","indices":[20,43],"media_url":"http://pbs.twimg.com/media/DFG7OLlUMAE3mL4.jpg","media_url_https":"https://pbs.twimg.com/media/DFG7OLlUMAE3mL4.jpg","url":"https://t.co/Hik2CsP9kt","display_url":"pic.twitter.com/Hik2CsP9kt","expanded_url":"https://twitter.com/5623V/status/887696460241747969/photo/1","type":"photo","sizes":{"small":{"w":648,"h":680,"resize":"fit"},"thumb":{"w":150,"h":150,"resize":"crop"},"medium":{"w":921,"h":967,"resize":"fit"},"large":{"w":921,"h":967,"resize":"fit"}}},{"id":887696453878947800,"id_str":"887696453878947840","indices":[20,43],"media_url":"http://pbs.twimg.com/media/DFG7OLnUIAAQqhZ.jpg","media_url_https":"https://pbs.twimg.com/media/DFG7OLnUIAAQqhZ.jpg","url":"https://t.co/Hik2CsP9kt","display_url":"pic.twitter.com/Hik2CsP9kt","expanded_url":"https://twitter.com/5623V/status/887696460241747969/photo/1","type":"photo","sizes":{"small":{"w":648,"h":680,"resize":"fit"},"thumb":{"w":150,"h":150,"resize":"crop"},"medium":{"w":921,"h":967,"resize":"fit"},"large":{"w":921,"h":967,"resize":"fit"}}},{"id":887696453870641200,"id_str":"887696453870641152","indices":[20,43],"media_url":"http://pbs.twimg.com/media/DFG7OLlVYAAmUdC.jpg","media_url_https":"https://pbs.twimg.com/media/DFG7OLlVYAAmUdC.jpg","url":"https://t.co/Hik2CsP9kt","display_url":"pic.twitter.com/Hik2CsP9kt","expanded_url":"https://twitter.com/5623V/status/887696460241747969/photo/1","type":"photo","sizes":{"large":{"w":921,"h":967,"resize":"fit"},"thumb":{"w":150,"h":150,"resize":"crop"},"small":{"w":648,"h":680,"resize":"fit"},"medium":{"w":921,"h":967,"resize":"fit"}}},{"id":887696453879029800,"id_str":"887696453879029760","indices":[20,43],"media_url":"http://pbs.twimg.com/media/DFG7OLnVYAAtHo5.jpg","media_url_https":"https://pbs.twimg.com/media/DFG7OLnVYAAtHo5.jpg","url":"https://t.co/Hik2CsP9kt","display_url":"pic.twitter.com/Hik2CsP9kt","expanded_url":"https://twitter.com/5623V/status/887696460241747969/photo/1","type":"photo","sizes":{"small":{"w":648,"h":680,"resize":"fit"},"thumb":{"w":150,"h":150,"resize":"crop"},"medium":{"w":921,"h":967,"resize":"fit"},"large":{"w":921,"h":967,"resize":"fit"}}}]},"metadata":{"iso_language_code":"ja","result_type":"recent"},"source":"<a href=\"http://twitter.com/download/iphone\" rel=\"nofollow\">Twitter for iPhone</a>","in_reply_to_status_id":null,"in_reply_to_status_id_str":null,"in_reply_to_user_id":null,"in_reply_to_user_id_str":null,"in_reply_to_screen_name":null,"user":{"id":338163791,"id_str":"338163791","name":"江崎びす子","screen_name":"5623V","location":" ʚJAPAN✞TOKYO✞HARAJUKUɞ","description":"イラストレーター・漫画家(@5623V2)(@ppg_5623V)(@manapis_5623)(@usatan_mhc)(@yumekawaboys)(@B_S_K_E_Z_K )【ezakibisuko@gmail.com】☜ご連絡はコチラまで。","url":"https://t.co/ID1T6wpK5o","entities":{"url":{"urls":[{"url":"https://t.co/ID1T6wpK5o","expanded_url":"http://ateliermu.wixsite.com/ateliermu","display_url":"ateliermu.wixsite.com/ateliermu","indices":[0,23]}]},"description":{"urls":[]}},"protected":false,"followers_count":174559,"friends_count":5525,"listed_count":2155,"created_at":"Tue Jul 19 05:03:51 +0000 2011","favourites_count":31794,"utc_offset":28800,"time_zone":"Irkutsk","geo_enabled":false,"verified":false,"statuses_count":35661,"lang":"ja","contributors_enabled":false,"is_translator":false,"is_translation_enabled":false,"profile_background_color":"FE44B0","profile_background_image_url":"http://pbs.twimg.com/profile_background_images/378800000080661126/6dcaf2f4351c8600acae3e1029b70c2e.jpeg","profile_background_image_url_https":"https://pbs.twimg.com/profile_background_images/378800000080661126/6dcaf2f4351c8600acae3e1029b70c2e.jpeg","profile_background_tile":true,"profile_image_url":"http://pbs.twimg.com/profile_images/840619320178700288/pLnM60pL_normal.jpg","profile_image_url_https":"https://pbs.twimg.com/profile_images/840619320178700288/pLnM60pL_normal.jpg","profile_banner_url":"https://pbs.twimg.com/profile_banners/338163791/1408413248","profile_link_color":"FE82CB","profile_sidebar_border_color":"FFFFFF","profile_sidebar_fill_color":"FFFFFF","profile_text_color":"FEC1E5","profile_use_background_image":true,"has_extended_profile":true,"default_profile":false,"default_profile_image":false,"following":false,"follow_request_sent":false,"notifications":false,"translator_type":"none"},"geo":null,"coordinates":null,"place":null,"contributors":null,"is_quote_status":false,"retweet_count":1014,"favorite_count":2307,"favorited":false,"retweeted":false,"possibly_sensitive":false,"lang":"ja"},{"created_at":"Wed Jul 19 15:25:24 +0000 2017","id":887694870952804400,"id_str":"887694870952804352","text":"おめでとう！！ https://t.co/E9o7zhVpGQ","truncated":false,"entities":{"hashtags":[],"symbols":[],"user_mentions":[],"urls":[],"media":[{"id":887694827910869000,"id_str":"887694827910868992","indices":[8,31],"media_url":"http://pbs.twimg.com/media/DFG5viaUMAABkwl.jpg","media_url_https":"https://pbs.twimg.com/media/DFG5viaUMAABkwl.jpg","url":"https://t.co/E9o7zhVpGQ","display_url":"pic.twitter.com/E9o7zhVpGQ","expanded_url":"https://twitter.com/_wkm825/status/887694870952804352/photo/1","type":"photo","sizes":{"small":{"w":673,"h":680,"resize":"fit"},"thumb":{"w":150,"h":150,"resize":"crop"},"medium":{"w":1187,"h":1200,"resize":"fit"},"large":{"w":2000,"h":2022,"resize":"fit"}}}]},"extended_entities":{"media":[{"id":887694827910869000,"id_str":"887694827910868992","indices":[8,31],"media_url":"http://pbs.twimg.com/media/DFG5viaUMAABkwl.jpg","media_url_https":"https://pbs.twimg.com/media/DFG5viaUMAABkwl.jpg","url":"https://t.co/E9o7zhVpGQ","display_url":"pic.twitter.com/E9o7zhVpGQ","expanded_url":"https://twitter.com/_wkm825/status/887694870952804352/photo/1","type":"photo","sizes":{"small":{"w":673,"h":680,"resize":"fit"},"thumb":{"w":150,"h":150,"resize":"crop"},"medium":{"w":1187,"h":1200,"resize":"fit"},"large":{"w":2000,"h":2022,"resize":"fit"}}}]},"metadata":{"iso_language_code":"ja","result_type":"recent"},"source":"<a href=\"http://twitter.com\" rel=\"nofollow\">Twitter Web Client</a>","in_reply_to_status_id":null,"in_reply_to_status_id_str":null,"in_reply_to_user_id":null,"in_reply_to_user_id_str":null,"in_reply_to_screen_name":null,"user":{"id":986663888,"id_str":"986663888","name":"wakame","screen_name":"_wkm825","location":"","description":"成人済、落書き、壁打ち。HQ/MHA 本誌。一読お願いします（https://t.co/jz360ofNXe ）わ@_kukiwkm","url":"https://t.co/IffurTx6cs","entities":{"url":{"urls":[{"url":"https://t.co/IffurTx6cs","expanded_url":"http://pixiv.me/8u8u8","display_url":"pixiv.me/8u8u8","indices":[0,23]}]},"description":{"urls":[{"url":"https://t.co/jz360ofNXe","expanded_url":"http://twpf.jp/_wkm825","display_url":"twpf.jp/_wkm825","indices":[31,54]}]}},"protected":false,"followers_count":24293,"friends_count":354,"listed_count":371,"created_at":"Mon Dec 03 13:48:00 +0000 2012","favourites_count":11533,"utc_offset":28800,"time_zone":"Irkutsk","geo_enabled":false,"verified":false,"statuses_count":24694,"lang":"ja","contributors_enabled":false,"is_translator":false,"is_translation_enabled":false,"profile_background_color":"B1A1F0","profile_background_image_url":"http://pbs.twimg.com/profile_background_images/572202741905104896/UncKIXVk.png","profile_background_image_url_https":"https://pbs.twimg.com/profile_background_images/572202741905104896/UncKIXVk.png","profile_background_tile":false,"profile_image_url":"http://pbs.twimg.com/profile_images/885912403925377024/wUel2_pb_normal.jpg","profile_image_url_https":"https://pbs.twimg.com/profile_images/885912403925377024/wUel2_pb_normal.jpg","profile_banner_url":"https://pbs.twimg.com/profile_banners/986663888/1500478559","profile_link_color":"7FDBB6","profile_sidebar_border_color":"FFFFFF","profile_sidebar_fill_color":"DDEEF6","profile_text_color":"333333","profile_use_background_image":false,"has_extended_profile":true,"default_profile":false,"default_profile_image":false,"following":false,"follow_request_sent":false,"notifications":false,"translator_type":"none"},"geo":null,"coordinates":null,"place":null,"contributors":null,"is_quote_status":false,"retweet_count":694,"favorite_count":1240,"favorited":false,"retweeted":false,"possibly_sensitive":false,"lang":"ja"},{"created_at":"Wed Jul 19 15:22:43 +0000 2017","id":887694197364359200,"id_str":"887694197364359168","text":"過保護のカホコ第2話 観てくださった皆様❗️\nありがとうございました。\nみんなの大好きなカホコを来週も応援してやってください。\nツイートもありがとうございました☺️\n来週も宜しくお願いします\n                                          初。","truncated":false,"entities":{"hashtags":[],"symbols":[],"user_mentions":[],"urls":[]},"metadata":{"iso_language_code":"ja","result_type":"recent"},"source":"<a href=\"http://twitter.com/download/iphone\" rel=\"nofollow\">Twitter for iPhone</a>","in_reply_to_status_id":null,"in_reply_to_status_id_str":null,"in_reply_to_user_id":null,"in_reply_to_user_id_str":null,"in_reply_to_screen_name":null,"user":{"id":2816575188,"id_str":"2816575188","name":"竹内涼真","screen_name":"takeuchi_ryoma","location":"","description":"竹内涼真オフィシャルアカウント ホリプロ所属 【竹内涼真携帯サイト】https://t.co/bHz3ujZU4w","url":"https://t.co/BInSeW6RrS","entities":{"url":{"urls":[{"url":"https://t.co/BInSeW6RrS","expanded_url":"http://www.horipro.co.jp/takeuchiryoma/","display_url":"horipro.co.jp/takeuchiryoma/","indices":[0,23]}]},"description":{"urls":[{"url":"https://t.co/bHz3ujZU4w","expanded_url":"http://goo.gl/Kfd42k","display_url":"goo.gl/Kfd42k","indices":[34,57]}]}},"protected":false,"followers_count":892648,"friends_count":177,"listed_count":2392,"created_at":"Thu Sep 18 08:13:38 +0000 2014","favourites_count":2265,"utc_offset":32400,"time_zone":"Tokyo","geo_enabled":false,"verified":true,"statuses_count":3950,"lang":"ja","contributors_enabled":false,"is_translator":false,"is_translation_enabled":false,"profile_background_color":"C0DEED","profile_background_image_url":"http://abs.twimg.com/images/themes/theme1/bg.png","profile_background_image_url_https":"https://abs.twimg.com/images/themes/theme1/bg.png","profile_background_tile":false,"profile_image_url":"http://pbs.twimg.com/profile_images/884783756246044672/ksy7UW1A_normal.jpg","profile_image_url_https":"https://pbs.twimg.com/profile_images/884783756246044672/ksy7UW1A_normal.jpg","profile_banner_url":"https://pbs.twimg.com/profile_banners/2816575188/1485176560","profile_link_color":"1DA1F2","profile_sidebar_border_color":"C0DEED","profile_sidebar_fill_color":"DDEEF6","profile_text_color":"333333","profile_use_background_image":true,"has_extended_profile":true,"default_profile":true,"default_profile_image":false,"following":false,"follow_request_sent":false,"notifications":false,"translator_type":"none"},"geo":null,"coordinates":null,"place":null,"contributors":null,"is_quote_status":false,"retweet_count":1369,"favorite_count":17000,"favorited":false,"retweeted":false,"lang":"ja"},{"created_at":"Wed Jul 19 15:21:17 +0000 2017","id":887693836385779700,"id_str":"887693836385779712","text":"枕カバーをかぶったねこ https://t.co/9TJAKW75R1","truncated":false,"entities":{"hashtags":[],"symbols":[],"user_mentions":[],"urls":[],"media":[{"id":887693825459667000,"id_str":"887693825459666944","indices":[12,35],"media_url":"http://pbs.twimg.com/media/DFG41L_UwAACdqk.jpg","media_url_https":"https://pbs.twimg.com/media/DFG41L_UwAACdqk.jpg","url":"https://t.co/9TJAKW75R1","display_url":"pic.twitter.com/9TJAKW75R1","expanded_url":"https://twitter.com/k_r_r_l_l_/status/887693836385779712/photo/1","type":"photo","sizes":{"small":{"w":680,"h":633,"resize":"fit"},"medium":{"w":1200,"h":1117,"resize":"fit"},"thumb":{"w":150,"h":150,"resize":"crop"},"large":{"w":2048,"h":1906,"resize":"fit"}}}]},"extended_entities":{"media":[{"id":887693825459667000,"id_str":"887693825459666944","indices":[12,35],"media_url":"http://pbs.twimg.com/media/DFG41L_UwAACdqk.jpg","media_url_https":"https://pbs.twimg.com/media/DFG41L_UwAACdqk.jpg","url":"https://t.co/9TJAKW75R1","display_url":"pic.twitter.com/9TJAKW75R1","expanded_url":"https://twitter.com/k_r_r_l_l_/status/887693836385779712/photo/1","type":"photo","sizes":{"small":{"w":680,"h":633,"resize":"fit"},"medium":{"w":1200,"h":1117,"resize":"fit"},"thumb":{"w":150,"h":150,"resize":"crop"},"large":{"w":2048,"h":1906,"resize":"fit"}}}]},"metadata":{"iso_language_code":"ja","result_type":"recent"},"source":"<a href=\"http://twitter.com/download/iphone\" rel=\"nofollow\">Twitter for iPhone</a>","in_reply_to_status_id":null,"in_reply_to_status_id_str":null,"in_reply_to_user_id":null,"in_reply_to_user_id_str":null,"in_reply_to_screen_name":null,"user":{"id":228727136,"id_str":"228727136","name":"るるてあ","screen_name":"k_r_r_l_l_","location":"","description":"鶏卵が好きです。 ■LINEスタンプはこちら→https://t.co/pdmpZQP31U ■イラストのアイコン・ヘッダー使用はご自由にどうぞ。画像の加工・商用利用はお控えください。■商品化の御連絡はこちらにお願い致します。→https://t.co/0Rqh1X5CTr","url":null,"entities":{"description":{"urls":[{"url":"https://t.co/pdmpZQP31U","expanded_url":"http://line.me/S/sticker/1457374","display_url":"line.me/S/sticker/1457…","indices":[23,46]},{"url":"https://t.co/0Rqh1X5CTr","expanded_url":"https://spiralcute.com/contact/index","display_url":"spiralcute.com/contact/index","indices":[114,137]}]}},"protected":false,"followers_count":159050,"friends_count":165,"listed_count":1195,"created_at":"Mon Dec 20 14:20:27 +0000 2010","favourites_count":22131,"utc_offset":32400,"time_zone":"Tokyo","geo_enabled":false,"verified":false,"statuses_count":66447,"lang":"ja","contributors_enabled":false,"is_translator":false,"is_translation_enabled":false,"profile_background_color":"C0DEED","profile_background_image_url":"http://abs.twimg.com/images/themes/theme1/bg.png","profile_background_image_url_https":"https://abs.twimg.com/images/themes/theme1/bg.png","profile_background_tile":false,"profile_image_url":"http://pbs.twimg.com/profile_images/846307150703935488/_WU1B7sY_normal.jpg","profile_image_url_https":"https://pbs.twimg.com/profile_images/846307150703935488/_WU1B7sY_normal.jpg","profile_banner_url":"https://pbs.twimg.com/profile_banners/228727136/1491489775","profile_link_color":"1DA1F2","profile_sidebar_border_color":"C0DEED","profile_sidebar_fill_color":"DDEEF6","profile_text_color":"333333","profile_use_background_image":true,"has_extended_profile":false,"default_profile":true,"default_profile_image":false,"following":false,"follow_request_sent":false,"notifications":false,"translator_type":"none"},"geo":null,"coordinates":null,"place":null,"contributors":null,"is_quote_status":false,"retweet_count":554,"favorite_count":1922,"favorited":false,"retweeted":false,"possibly_sensitive":false,"lang":"ja"},{"created_at":"Wed Jul 19 15:14:46 +0000 2017","id":887692196496855000,"id_str":"887692196496855040","text":"刀剣乱舞\n\n書いてみた。 https://t.co/PfAixaHz4h","truncated":false,"entities":{"hashtags":[],"symbols":[],"user_mentions":[],"urls":[],"media":[{"id":887692181258944500,"id_str":"887692181258944512","indices":[13,36],"media_url":"http://pbs.twimg.com/media/DFG3Ve3UwAAFf2f.jpg","media_url_https":"https://pbs.twimg.com/media/DFG3Ve3UwAAFf2f.jpg","url":"https://t.co/PfAixaHz4h","display_url":"pic.twitter.com/PfAixaHz4h","expanded_url":"https://twitter.com/shotomita18/status/887692196496855040/photo/1","type":"photo","sizes":{"medium":{"w":900,"h":1200,"resize":"fit"},"thumb":{"w":150,"h":150,"resize":"crop"},"large":{"w":1536,"h":2048,"resize":"fit"},"small":{"w":510,"h":680,"resize":"fit"}}}]},"extended_entities":{"media":[{"id":887692181258944500,"id_str":"887692181258944512","indices":[13,36],"media_url":"http://pbs.twimg.com/media/DFG3Ve3UwAAFf2f.jpg","media_url_https":"https://pbs.twimg.com/media/DFG3Ve3UwAAFf2f.jpg","url":"https://t.co/PfAixaHz4h","display_url":"pic.twitter.com/PfAixaHz4h","expanded_url":"https://twitter.com/shotomita18/status/887692196496855040/photo/1","type":"photo","sizes":{"medium":{"w":900,"h":1200,"resize":"fit"},"thumb":{"w":150,"h":150,"resize":"crop"},"large":{"w":1536,"h":2048,"resize":"fit"},"small":{"w":510,"h":680,"resize":"fit"}}},{"id":887692181275725800,"id_str":"887692181275725824","indices":[13,36],"media_url":"http://pbs.twimg.com/media/DFG3Ve7U0AA8Vz2.jpg","media_url_https":"https://pbs.twimg.com/media/DFG3Ve7U0AA8Vz2.jpg","url":"https://t.co/PfAixaHz4h","display_url":"pic.twitter.com/PfAixaHz4h","expanded_url":"https://twitter.com/shotomita18/status/887692196496855040/photo/1","type":"photo","sizes":{"medium":{"w":900,"h":1200,"resize":"fit"},"thumb":{"w":150,"h":150,"resize":"crop"},"large":{"w":1536,"h":2048,"resize":"fit"},"small":{"w":510,"h":680,"resize":"fit"}}}]},"metadata":{"iso_language_code":"ja","result_type":"recent"},"source":"<a href=\"http://twitter.com/download/iphone\" rel=\"nofollow\">Twitter for iPhone</a>","in_reply_to_status_id":null,"in_reply_to_status_id_str":null,"in_reply_to_user_id":null,"in_reply_to_user_id_str":null,"in_reply_to_screen_name":null,"user":{"id":1203039157,"id_str":"1203039157","name":"富田翔","screen_name":"shotomita18","location":"","description":"1982年1月7日生まれ トキエンタテインメント所属 舞台 刀剣乱舞 2017年6月1日（木）〜25日（日）銀河劇場 6月29日（木）〜7月2日（日）京都劇場 7月13日（木）〜14日（金）福岡サンパレスホテル&ホール https://t.co/0v4v2DoVb4","url":null,"entities":{"description":{"urls":[{"url":"https://t.co/0v4v2DoVb4","expanded_url":"http://ameblo.jp/shotomita/","display_url":"ameblo.jp/shotomita/","indices":[110,133]}]}},"protected":false,"followers_count":23108,"friends_count":405,"listed_count":1055,"created_at":"Thu Feb 21 04:57:49 +0000 2013","favourites_count":0,"utc_offset":null,"time_zone":null,"geo_enabled":false,"verified":false,"statuses_count":7086,"lang":"ja","contributors_enabled":false,"is_translator":false,"is_translation_enabled":false,"profile_background_color":"C0DEED","profile_background_image_url":"http://abs.twimg.com/images/themes/theme1/bg.png","profile_background_image_url_https":"https://abs.twimg.com/images/themes/theme1/bg.png","profile_background_tile":false,"profile_image_url":"http://pbs.twimg.com/profile_images/875391485952147456/z3FdqVeu_normal.jpg","profile_image_url_https":"https://pbs.twimg.com/profile_images/875391485952147456/z3FdqVeu_normal.jpg","profile_banner_url":"https://pbs.twimg.com/profile_banners/1203039157/1361423519","profile_link_color":"1DA1F2","profile_sidebar_border_color":"C0DEED","profile_sidebar_fill_color":"DDEEF6","profile_text_color":"333333","profile_use_background_image":true,"has_extended_profile":false,"default_profile":true,"default_profile_image":false,"following":false,"follow_request_sent":false,"notifications":false,"translator_type":"none"},"geo":null,"coordinates":null,"place":null,"contributors":null,"is_quote_status":false,"retweet_count":981,"favorite_count":2276,"favorited":false,"retweeted":false,"possibly_sensitive":false,"lang":"ja"},{"created_at":"Wed Jul 19 15:12:16 +0000 2017","id":887691567254847500,"id_str":"887691567254847488","text":"本当だ…待って…待って… https://t.co/DND1d3QKN3","truncated":false,"entities":{"hashtags":[],"symbols":[],"user_mentions":[],"urls":[],"media":[{"id":887691560027947000,"id_str":"887691560027947016","indices":[13,36],"media_url":"http://pbs.twimg.com/media/DFG2xUmUAAgHfBk.jpg","media_url_https":"https://pbs.twimg.com/media/DFG2xUmUAAgHfBk.jpg","url":"https://t.co/DND1d3QKN3","display_url":"pic.twitter.com/DND1d3QKN3","expanded_url":"https://twitter.com/akadama24/status/887691567254847488/photo/1","type":"photo","sizes":{"medium":{"w":640,"h":1136,"resize":"fit"},"large":{"w":640,"h":1136,"resize":"fit"},"thumb":{"w":150,"h":150,"resize":"crop"},"small":{"w":383,"h":680,"resize":"fit"}}}]},"extended_entities":{"media":[{"id":887691560027947000,"id_str":"887691560027947016","indices":[13,36],"media_url":"http://pbs.twimg.com/media/DFG2xUmUAAgHfBk.jpg","media_url_https":"https://pbs.twimg.com/media/DFG2xUmUAAgHfBk.jpg","url":"https://t.co/DND1d3QKN3","display_url":"pic.twitter.com/DND1d3QKN3","expanded_url":"https://twitter.com/akadama24/status/887691567254847488/photo/1","type":"photo","sizes":{"medium":{"w":640,"h":1136,"resize":"fit"},"large":{"w":640,"h":1136,"resize":"fit"},"thumb":{"w":150,"h":150,"resize":"crop"},"small":{"w":383,"h":680,"resize":"fit"}}}]},"metadata":{"iso_language_code":"ja","result_type":"recent"},"source":"<a href=\"http://twitter.com/download/iphone\" rel=\"nofollow\">Twitter for iPhone</a>","in_reply_to_status_id":null,"in_reply_to_status_id_str":null,"in_reply_to_user_id":null,"in_reply_to_user_id_str":null,"in_reply_to_screen_name":null,"user":{"id":159871435,"id_str":"159871435","name":"あかだま","screen_name":"akadama24","location":"石かり海域","description":"あかだまです。腐 20↑ プロフを読んでご自衛くだされ。フォローは成人済み推奨。https://t.co/ZrEf1nY4rH モデリングに片足突っ込みそう","url":"https://t.co/nEAtkhgFrF","entities":{"url":{"urls":[{"url":"https://t.co/nEAtkhgFrF","expanded_url":"http://www.pixiv.net/member.php?id=1535052","display_url":"pixiv.net/member.php?id=…","indices":[0,23]}]},"description":{"urls":[{"url":"https://t.co/ZrEf1nY4rH","expanded_url":"http://twpf.jp/akadama24","display_url":"twpf.jp/akadama24","indices":[40,63]}]}},"protected":false,"followers_count":3930,"friends_count":524,"listed_count":111,"created_at":"Sat Jun 26 15:00:29 +0000 2010","favourites_count":70706,"utc_offset":32400,"time_zone":"Tokyo","geo_enabled":false,"verified":false,"statuses_count":248389,"lang":"ja","contributors_enabled":false,"is_translator":false,"is_translation_enabled":false,"profile_background_color":"B2DFDA","profile_background_image_url":"http://pbs.twimg.com/profile_background_images/631920778/0d05i83dhm4lidbwdu1w.png","profile_background_image_url_https":"https://pbs.twimg.com/profile_background_images/631920778/0d05i83dhm4lidbwdu1w.png","profile_background_tile":true,"profile_image_url":"http://pbs.twimg.com/profile_images/879114510241366016/OJf0O6b0_normal.png","profile_image_url_https":"https://pbs.twimg.com/profile_images/879114510241366016/OJf0O6b0_normal.png","profile_banner_url":"https://pbs.twimg.com/profile_banners/159871435/1487413431","profile_link_color":"82AE46","profile_sidebar_border_color":"FFFFFF","profile_sidebar_fill_color":"9CF000","profile_text_color":"FC8E08","profile_use_background_image":true,"has_extended_profile":true,"default_profile":false,"default_profile_image":false,"following":false,"follow_request_sent":false,"notifications":false,"translator_type":"none"},"geo":null,"coordinates":null,"place":null,"contributors":null,"is_quote_status":false,"retweet_count":825,"favorite_count":311,"favorited":false,"retweeted":false,"possibly_sensitive":false,"lang":"ja"}],"search_metadata":{"completed_in":0.136,"max_id":887706336040894500,"max_id_str":"887706336040894464","next_results":"?max_id=887691567254847487&q=lang%3Aja%20min_retweets%3A500&include_entities=1","query":"lang%3Aja+min_retweets%3A500","refresh_url":"?since_id=887706336040894464&q=lang%3Aja%20min_retweets%3A500&include_entities=1","count":15,"since_id":0,"since_id_str":"0"}}