{"statuses":[{"created_at":"Thu Jul 20 04:02:54 +0000 2017","id":887885503474802700,"id_str":"887885503474802688","text":"今日は撮影日。\n\n待機時間にお仕事しつつ、暇をみてはこんのも作ったりしてます。\n\n自分で作る分には大丈夫だよね？\n\n©️GLAY https://t.co/IOpR0goPCw","truncated":false,"entities":{"hashtags":[],"symbols":[],"user_mentions":[],"urls":[],"media":[{"id":887885052360523800,"id_str":"887885052360523777","indices":[65,88],"media_url":"http://pbs.twimg.com/media/DFJmwDtUAAElcWb.jpg","media_url_https":"https://pbs.twimg.com/media/DFJmwDtUAAElcWb.jpg","url":"https://t.co/IOpR0goPCw","display_url":"pic.twitter.com/IOpR0goPCw","expanded_url":"https://twitter.com/RE_TWIT_TERU/status/887885503474802688/photo/1","type":"photo","sizes":{"medium":{"w":1007,"h":1200,"resize":"fit"},"thumb":{"w":150,"h":150,"resize":"crop"},"small":{"w":571,"h":680,"resize":"fit"},"large":{"w":1370,"h":1632,"resize":"fit"}}}]},"extended_entities":{"media":[{"id":887885052360523800,"id_str":"887885052360523777","indices":[65,88],"media_url":"http://pbs.twimg.com/media/DFJmwDtUAAElcWb.jpg","media_url_https":"https://pbs.twimg.com/media/DFJmwDtUAAElcWb.jpg","url":"https://t.co/IOpR0goPCw","display_url":"pic.twitter.com/IOpR0goPCw","expanded_url":"https://twitter.com/RE_TWIT_TERU/status/887885503474802688/photo/1","type":"photo","sizes":{"medium":{"w":1007,"h":1200,"resize":"fit"},"thumb":{"w":150,"h":150,"resize":"crop"},"small":{"w":571,"h":680,"resize":"fit"},"large":{"w":1370,"h":1632,"resize":"fit"}}}]},"metadata":{"iso_language_code":"ja","result_type":"recent"},"source":"<a href=\"http://twitter.com\" rel=\"nofollow\">Twitter Web Client</a>","in_reply_to_status_id":null,"in_reply_to_status_id_str":null,"in_reply_to_user_id":null,"in_reply_to_user_id_str":null,"in_reply_to_screen_name":null,"user":{"id":247523145,"id_str":"247523145","name":"MUKKY♡QUEEN","screen_name":"RE_TWIT_TERU","location":"JAPAN","description":"ゲーム専用垢 / FF14系アイドル / ズラコレ GLAY FF14 Copyright (C) 2010 - 2017 SQUARE ENIX CO., LTD. All Rights Reserved. MONSTER HUNTER CAPCOM 他、色々呟きます。","url":"https://t.co/KrjGhzdgsD","entities":{"url":{"urls":[{"url":"https://t.co/KrjGhzdgsD","expanded_url":"http://www.glay.co.jp/","display_url":"glay.co.jp","indices":[0,23]}]},"description":{"urls":[]}},"protected":false,"followers_count":79770,"friends_count":19,"listed_count":1159,"created_at":"Sat Feb 05 00:03:33 +0000 2011","favourites_count":1,"utc_offset":null,"time_zone":null,"geo_enabled":false,"verified":false,"statuses_count":1300,"lang":"ja","contributors_enabled":false,"is_translator":false,"is_translation_enabled":false,"profile_background_color":"C0DEED","profile_background_image_url":"http://abs.twimg.com/images/themes/theme1/bg.png","profile_background_image_url_https":"https://abs.twimg.com/images/themes/theme1/bg.png","profile_background_tile":false,"profile_image_url":"http://pbs.twimg.com/profile_images/887847570390659073/5o2fFJsz_normal.jpg","profile_image_url_https":"https://pbs.twimg.com/profile_images/887847570390659073/5o2fFJsz_normal.jpg","profile_banner_url":"https://pbs.twimg.com/profile_banners/247523145/1500425634","profile_link_color":"1DA1F2","profile_sidebar_border_color":"C0DEED","profile_sidebar_fill_color":"DDEEF6","profile_text_color":"333333","profile_use_background_image":true,"has_extended_profile":false,"default_profile":true,"default_profile_image":false,"following":false,"follow_request_sent":false,"notifications":false,"translator_type":"none"},"geo":null,"coordinates":null,"place":null,"contributors":null,"is_quote_status":false,"retweet_count":802,"favorite_count":948,"favorited":false,"retweeted":false,"possibly_sensitive":false,"lang":"ja"},{"created_at":"Thu Jul 20 04:02:13 +0000 2017","id":887885329826406400,"id_str":"887885329826406401","text":"【グランブルーファンタジー】レジェンドガチャ更新のお知らせを公式サイトにて掲載いたしました。詳しくは公式サイトにてご確認ください。⇒  https://t.co/uTbCAnbolR  #グラブル https://t.co/5WppiM3Uvk","truncated":false,"entities":{"hashtags":[{"text":"グラブル","indices":[93,98]}],"symbols":[],"user_mentions":[],"urls":[{"url":"https://t.co/uTbCAnbolR","expanded_url":"http://eng.mg/7ba8f","display_url":"eng.mg/7ba8f","indices":[68,91]}],"media":[{"id":887885327188148200,"id_str":"887885327188148224","indices":[99,122],"media_url":"http://pbs.twimg.com/media/DFJnADhUwAAaEHF.jpg","media_url_https":"https://pbs.twimg.com/media/DFJnADhUwAAaEHF.jpg","url":"https://t.co/5WppiM3Uvk","display_url":"pic.twitter.com/5WppiM3Uvk","expanded_url":"https://twitter.com/granbluefantasy/status/887885329826406401/photo/1","type":"photo","sizes":{"small":{"w":600,"h":300,"resize":"fit"},"thumb":{"w":150,"h":150,"resize":"crop"},"medium":{"w":600,"h":300,"resize":"fit"},"large":{"w":600,"h":300,"resize":"fit"}}}]},"extended_entities":{"media":[{"id":887885327188148200,"id_str":"887885327188148224","indices":[99,122],"media_url":"http://pbs.twimg.com/media/DFJnADhUwAAaEHF.jpg","media_url_https":"https://pbs.twimg.com/media/DFJnADhUwAAaEHF.jpg","url":"https://t.co/5WppiM3Uvk","display_url":"pic.twitter.com/5WppiM3Uvk","expanded_url":"https://twitter.com/granbluefantasy/status/887885329826406401/photo/1","type":"photo","sizes":{"small":{"w":600,"h":300,"resize":"fit"},"thumb":{"w":150,"h":150,"resize":"crop"},"medium":{"w":600,"h":300,"resize":"fit"},"large":{"w":600,"h":300,"resize":"fit"}}}]},"metadata":{"iso_language_code":"ja","result_type":"recent"},"source":"<a href=\"http://engagemanager.tribalmedia.co.jp/\" rel=\"nofollow\">EngageManager</a>","in_reply_to_status_id":null,"in_reply_to_status_id_str":null,"in_reply_to_user_id":null,"in_reply_to_user_id_str":null,"in_reply_to_screen_name":null,"user":{"id":1549889018,"id_str":"1549889018","name":"グランブルーファンタジー","screen_name":"granbluefantasy","location":"","description":"｢グランブルーファンタジー｣公式Twitterアカウントです。運営からのお知らせをツイートします。","url":"https://t.co/15Gqq9oUyB","entities":{"url":{"urls":[{"url":"https://t.co/15Gqq9oUyB","expanded_url":"http://granbluefantasy.jp/","display_url":"granbluefantasy.jp","indices":[0,23]}]},"description":{"urls":[]}},"protected":false,"followers_count":452120,"friends_count":15,"listed_count":6145,"created_at":"Thu Jun 27 06:05:10 +0000 2013","favourites_count":0,"utc_offset":28800,"time_zone":"Irkutsk","geo_enabled":false,"verified":true,"statuses_count":5148,"lang":"ja","contributors_enabled":false,"is_translator":false,"is_translation_enabled":false,"profile_background_color":"131516","profile_background_image_url":"http://pbs.twimg.com/profile_background_images/378800000141035672/NJ6ibXgz.jpeg","profile_background_image_url_https":"https://pbs.twimg.com/profile_background_images/378800000141035672/NJ6ibXgz.jpeg","profile_background_tile":false,"profile_image_url":"http://pbs.twimg.com/profile_images/875517323288891393/NAdjoxu8_normal.jpg","profile_image_url_https":"https://pbs.twimg.com/profile_images/875517323288891393/NAdjoxu8_normal.jpg","profile_banner_url":"https://pbs.twimg.com/profile_banners/1549889018/1401448093","profile_link_color":"009999","profile_sidebar_border_color":"FFFFFF","profile_sidebar_fill_color":"EFEFEF","profile_text_color":"333333","profile_use_background_image":true,"has_extended_profile":false,"default_profile":false,"default_profile_image":false,"following":false,"follow_request_sent":false,"notifications":false,"translator_type":"none"},"geo":null,"coordinates":null,"place":null,"contributors":null,"is_quote_status":false,"retweet_count":4292,"favorite_count":1069,"favorited":false,"retweeted":false,"possibly_sensitive":false,"lang":"ja"},{"created_at":"Thu Jul 20 04:01:33 +0000 2017","id":887885162653941800,"id_str":"887885162653941760","text":"レジェンドガチャ更新のお知らせ https://t.co/xGMH473gTV #グラブル\n\n水着コルワだあああああああああああ https://t.co/DctmSZKh4Q","truncated":false,"entities":{"hashtags":[{"text":"グラブル","indices":[40,45]}],"symbols":[],"user_mentions":[],"urls":[{"url":"https://t.co/xGMH473gTV","expanded_url":"http://granbluefantasy.jp/pages/?p=13392","display_url":"granbluefantasy.jp/pages/?p=13392","indices":[16,39]}],"media":[{"id":887885138121576400,"id_str":"887885138121576448","indices":[65,88],"media_url":"http://pbs.twimg.com/media/DFJm1DMV0AAHXGd.png","media_url_https":"https://pbs.twimg.com/media/DFJm1DMV0AAHXGd.png","url":"https://t.co/DctmSZKh4Q","display_url":"pic.twitter.com/DctmSZKh4Q","expanded_url":"https://twitter.com/guran_mimumemo/status/887885162653941760/photo/1","type":"photo","sizes":{"thumb":{"w":150,"h":150,"resize":"crop"},"large":{"w":600,"h":500,"resize":"fit"},"small":{"w":600,"h":500,"resize":"fit"},"medium":{"w":600,"h":500,"resize":"fit"}}}]},"extended_entities":{"media":[{"id":887885138121576400,"id_str":"887885138121576448","indices":[65,88],"media_url":"http://pbs.twimg.com/media/DFJm1DMV0AAHXGd.png","media_url_https":"https://pbs.twimg.com/media/DFJm1DMV0AAHXGd.png","url":"https://t.co/DctmSZKh4Q","display_url":"pic.twitter.com/DctmSZKh4Q","expanded_url":"https://twitter.com/guran_mimumemo/status/887885162653941760/photo/1","type":"photo","sizes":{"thumb":{"w":150,"h":150,"resize":"crop"},"large":{"w":600,"h":500,"resize":"fit"},"small":{"w":600,"h":500,"resize":"fit"},"medium":{"w":600,"h":500,"resize":"fit"}}}]},"metadata":{"iso_language_code":"ja","result_type":"recent"},"source":"<a href=\"http://twitter.com\" rel=\"nofollow\">Twitter Web Client</a>","in_reply_to_status_id":null,"in_reply_to_status_id_str":null,"in_reply_to_user_id":null,"in_reply_to_user_id_str":null,"in_reply_to_screen_name":null,"user":{"id":3988074554,"id_str":"3988074554","name":"ミムメモ速報","screen_name":"guran_mimumemo","location":"ルーマシー群島","description":"ミムメモ速報管理人です。グラブルに関するまとめ情報からネタコラまでツイート中。　　　　　　　　　　　　　　　\nマストドンインスタンスはじめました\nhttps://t.co/OT4Dz807NV　　　　　　　　　　\n\nフォロバのお返事等、たまに頑張ってますがサボってる事多いです　許して","url":"https://t.co/1GXV6bmlkw","entities":{"url":{"urls":[{"url":"https://t.co/1GXV6bmlkw","expanded_url":"http://gran-matome.com/","display_url":"gran-matome.com","indices":[0,23]}]},"description":{"urls":[{"url":"https://t.co/OT4Dz807NV","expanded_url":"https://mimumedon.com/","display_url":"mimumedon.com","indices":[73,96]}]}},"protected":false,"followers_count":39514,"friends_count":7891,"listed_count":553,"created_at":"Fri Oct 23 05:49:13 +0000 2015","favourites_count":1847,"utc_offset":-25200,"time_zone":"Pacific Time (US & Canada)","geo_enabled":false,"verified":false,"statuses_count":10551,"lang":"ja","contributors_enabled":false,"is_translator":false,"is_translation_enabled":false,"profile_background_color":"C0DEED","profile_background_image_url":"http://abs.twimg.com/images/themes/theme1/bg.png","profile_background_image_url_https":"https://abs.twimg.com/images/themes/theme1/bg.png","profile_background_tile":false,"profile_image_url":"http://pbs.twimg.com/profile_images/799543830131392512/hRq2VDbX_normal.jpg","profile_image_url_https":"https://pbs.twimg.com/profile_images/799543830131392512/hRq2VDbX_normal.jpg","profile_banner_url":"https://pbs.twimg.com/profile_banners/3988074554/1479450712","profile_link_color":"1DA1F2","profile_sidebar_border_color":"C0DEED","profile_sidebar_fill_color":"DDEEF6","profile_text_color":"333333","profile_use_background_image":true,"has_extended_profile":false,"default_profile":true,"default_profile_image":false,"following":false,"follow_request_sent":false,"notifications":false,"translator_type":"none"},"geo":null,"coordinates":null,"place":null,"contributors":null,"is_quote_status":false,"retweet_count":1238,"favorite_count":411,"favorited":false,"retweeted":false,"possibly_sensitive":false,"lang":"ja"},{"created_at":"Thu Jul 20 03:41:23 +0000 2017","id":887880088355721200,"id_str":"887880088355721216","text":"【独特】空知英秋ならではの映画『銀魂』おすすめポイントを公開！\nhttps://t.co/1fjZq5FNZC\n\n小栗くんのアゴ芸（この映画でしか観れません）、環奈ちゃんのハナクソ（10万円で売ってください）…などが書かれている。 https://t.co/EIQYTB5fzJ","truncated":false,"entities":{"hashtags":[],"symbols":[],"user_mentions":[],"urls":[{"url":"https://t.co/1fjZq5FNZC","expanded_url":"http://news.livedoor.com/article/detail/13361475/","display_url":"news.livedoor.com/article/detail…","indices":[32,55]}],"media":[{"id":887880024946163700,"id_str":"887880024946163712","indices":[116,139],"media_url":"http://pbs.twimg.com/media/DFJiLbIUwAAdSWN.jpg","media_url_https":"https://pbs.twimg.com/media/DFJiLbIUwAAdSWN.jpg","url":"https://t.co/EIQYTB5fzJ","display_url":"pic.twitter.com/EIQYTB5fzJ","expanded_url":"https://twitter.com/livedoornews/status/887880088355721216/photo/1","type":"photo","sizes":{"large":{"w":500,"h":358,"resize":"fit"},"small":{"w":500,"h":358,"resize":"fit"},"thumb":{"w":150,"h":150,"resize":"crop"},"medium":{"w":500,"h":358,"resize":"fit"}}}]},"extended_entities":{"media":[{"id":887880024946163700,"id_str":"887880024946163712","indices":[116,139],"media_url":"http://pbs.twimg.com/media/DFJiLbIUwAAdSWN.jpg","media_url_https":"https://pbs.twimg.com/media/DFJiLbIUwAAdSWN.jpg","url":"https://t.co/EIQYTB5fzJ","display_url":"pic.twitter.com/EIQYTB5fzJ","expanded_url":"https://twitter.com/livedoornews/status/887880088355721216/photo/1","type":"photo","sizes":{"large":{"w":500,"h":358,"resize":"fit"},"small":{"w":500,"h":358,"resize":"fit"},"thumb":{"w":150,"h":150,"resize":"crop"},"medium":{"w":500,"h":358,"resize":"fit"}}}]},"metadata":{"iso_language_code":"ja","result_type":"recent"},"source":"<a href=\"http://twitter.com\" rel=\"nofollow\">Twitter Web Client</a>","in_reply_to_status_id":null,"in_reply_to_status_id_str":null,"in_reply_to_user_id":null,"in_reply_to_user_id_str":null,"in_reply_to_screen_name":null,"user":{"id":17306975,"id_str":"17306975","name":"ライブドアニュース","screen_name":"livedoornews","location":"","description":"LINE →https://t.co/yhJO0o7Jns／FB → https://t.co/LHTCuyIEjr／インスタ／→https://t.co/SpmVgPtfCG","url":"http://t.co/Q4Bh3OCfgY","entities":{"url":{"urls":[{"url":"http://t.co/Q4Bh3OCfgY","expanded_url":"http://news.livedoor.com/","display_url":"news.livedoor.com","indices":[0,22]}]},"description":{"urls":[{"url":"https://t.co/yhJO0o7Jns","expanded_url":"http://goo.gl/upBgKP","display_url":"goo.gl/upBgKP","indices":[6,29]},{"url":"https://t.co/LHTCuyIEjr","expanded_url":"http://goo.gl/nDULhn","display_url":"goo.gl/nDULhn","indices":[35,58]},{"url":"https://t.co/SpmVgPtfCG","expanded_url":"http://goo.gl/cHGD9G","display_url":"goo.gl/cHGD9G","indices":[65,88]}]}},"protected":false,"followers_count":431380,"friends_count":88,"listed_count":6139,"created_at":"Tue Nov 11 09:56:31 +0000 2008","favourites_count":2609,"utc_offset":32400,"time_zone":"Tokyo","geo_enabled":false,"verified":true,"statuses_count":177115,"lang":"ja","contributors_enabled":false,"is_translator":false,"is_translation_enabled":false,"profile_background_color":"FFFFFF","profile_background_image_url":"http://pbs.twimg.com/profile_background_images/378800000085828060/4b07c1d868c917fb65a3d64a20904cd5.jpeg","profile_background_image_url_https":"https://pbs.twimg.com/profile_background_images/378800000085828060/4b07c1d868c917fb65a3d64a20904cd5.jpeg","profile_background_tile":false,"profile_image_url":"http://pbs.twimg.com/profile_images/875662964988166149/whdJTD2I_normal.jpg","profile_image_url_https":"https://pbs.twimg.com/profile_images/875662964988166149/whdJTD2I_normal.jpg","profile_link_color":"51ADD4","profile_sidebar_border_color":"FFFFFF","profile_sidebar_fill_color":"95E8EC","profile_text_color":"3C3940","profile_use_background_image":true,"has_extended_profile":false,"default_profile":false,"default_profile_image":false,"following":false,"follow_request_sent":false,"notifications":false,"translator_type":"none"},"geo":null,"coordinates":null,"place":null,"contributors":null,"is_quote_status":false,"retweet_count":580,"favorite_count":788,"favorited":false,"retweeted":false,"possibly_sensitive":false,"lang":"ja"},{"created_at":"Thu Jul 20 03:31:07 +0000 2017","id":887877502378557400,"id_str":"887877502378557440","text":"誰が一番乗り？みんながんばって！ #いっしょに撮るといいことありそう https://t.co/3rdWv0lsHf https://t.co/o4JfJaudXh","truncated":false,"entities":{"hashtags":[{"text":"いっしょに撮るといいことありそう","indices":[17,34]}],"symbols":[],"user_mentions":[],"urls":[{"url":"https://t.co/3rdWv0lsHf","expanded_url":"http://duffy.eng.mg/35ad5","display_url":"duffy.eng.mg/35ad5","indices":[35,58]}],"media":[{"id":887877499333390300,"id_str":"887877499333390336","indices":[59,82],"media_url":"http://pbs.twimg.com/media/DFJf4afUMAA2LVz.jpg","media_url_https":"https://pbs.twimg.com/media/DFJf4afUMAA2LVz.jpg","url":"https://t.co/o4JfJaudXh","display_url":"pic.twitter.com/o4JfJaudXh","expanded_url":"https://twitter.com/WithDuffy_TDS/status/887877502378557440/photo/1","type":"photo","sizes":{"small":{"w":680,"h":454,"resize":"fit"},"medium":{"w":820,"h":547,"resize":"fit"},"thumb":{"w":150,"h":150,"resize":"crop"},"large":{"w":820,"h":547,"resize":"fit"}}}]},"extended_entities":{"media":[{"id":887877499333390300,"id_str":"887877499333390336","indices":[59,82],"media_url":"http://pbs.twimg.com/media/DFJf4afUMAA2LVz.jpg","media_url_https":"https://pbs.twimg.com/media/DFJf4afUMAA2LVz.jpg","url":"https://t.co/o4JfJaudXh","display_url":"pic.twitter.com/o4JfJaudXh","expanded_url":"https://twitter.com/WithDuffy_TDS/status/887877502378557440/photo/1","type":"photo","sizes":{"small":{"w":680,"h":454,"resize":"fit"},"medium":{"w":820,"h":547,"resize":"fit"},"thumb":{"w":150,"h":150,"resize":"crop"},"large":{"w":820,"h":547,"resize":"fit"}}}]},"metadata":{"iso_language_code":"ja","result_type":"recent"},"source":"<a href=\"http://engagemanager.tribalmedia.co.jp/\" rel=\"nofollow\">EngageManager</a>","in_reply_to_status_id":null,"in_reply_to_status_id_str":null,"in_reply_to_user_id":null,"in_reply_to_user_id_str":null,"in_reply_to_screen_name":null,"user":{"id":2495973013,"id_str":"2495973013","name":"ダッフィーといっしょ【公式】","screen_name":"WithDuffy_TDS","location":"東京ディズニーシー","description":"東京ディズニーシーのキャラクター、ダッフィーの情報を紹介する公式アカウントです。パークでのダッフィーの最新情報をお届けします。ダッフィーのおさんぽ日記もお楽しみに。リプライへのお返事はこちらからはいたしかねますのでご了承ください。","url":"http://t.co/YF76tT4vFP","entities":{"url":{"urls":[{"url":"http://t.co/YF76tT4vFP","expanded_url":"http://www.tokyodisneyresort.jp/special/duffy/","display_url":"tokyodisneyresort.jp/special/duffy/","indices":[0,22]}]},"description":{"urls":[]}},"protected":false,"followers_count":295198,"friends_count":0,"listed_count":1017,"created_at":"Thu May 15 08:46:00 +0000 2014","favourites_count":0,"utc_offset":32400,"time_zone":"Tokyo","geo_enabled":false,"verified":true,"statuses_count":535,"lang":"ja","contributors_enabled":false,"is_translator":false,"is_translation_enabled":false,"profile_background_color":"C0DEED","profile_background_image_url":"http://abs.twimg.com/images/themes/theme1/bg.png","profile_background_image_url_https":"https://abs.twimg.com/images/themes/theme1/bg.png","profile_background_tile":false,"profile_image_url":"http://pbs.twimg.com/profile_images/875506437316685824/Zc_5ZbU2_normal.jpg","profile_image_url_https":"https://pbs.twimg.com/profile_images/875506437316685824/Zc_5ZbU2_normal.jpg","profile_banner_url":"https://pbs.twimg.com/profile_banners/2495973013/1400663247","profile_link_color":"1DA1F2","profile_sidebar_border_color":"C0DEED","profile_sidebar_fill_color":"DDEEF6","profile_text_color":"333333","profile_use_background_image":true,"has_extended_profile":false,"default_profile":true,"default_profile_image":false,"following":false,"follow_request_sent":false,"notifications":false,"translator_type":"regular"},"geo":null,"coordinates":null,"place":null,"contributors":null,"is_quote_status":false,"retweet_count":1126,"favorite_count":3914,"favorited":false,"retweeted":false,"possibly_sensitive":false,"lang":"ja"},{"created_at":"Thu Jul 20 03:30:04 +0000 2017","id":887877238946840600,"id_str":"887877238946840576","text":"今日はハンバーガーの日だよ…！わたしのことも…はさんでほしいな…！　#ハンバーガーの日 https://t.co/pYYpnRdWO0","truncated":false,"entities":{"hashtags":[{"text":"ハンバーガーの日","indices":[34,43]}],"symbols":[],"user_mentions":[],"urls":[],"media":[{"id":887877235721388000,"id_str":"887877235721388033","indices":[44,67],"media_url":"http://pbs.twimg.com/media/DFJfpEdUQAEz4Ab.jpg","media_url_https":"https://pbs.twimg.com/media/DFJfpEdUQAEz4Ab.jpg","url":"https://t.co/pYYpnRdWO0","display_url":"pic.twitter.com/pYYpnRdWO0","expanded_url":"https://twitter.com/kirimi_sanrio/status/887877238946840576/photo/1","type":"photo","sizes":{"small":{"w":680,"h":460,"resize":"fit"},"large":{"w":1024,"h":692,"resize":"fit"},"medium":{"w":1024,"h":692,"resize":"fit"},"thumb":{"w":150,"h":150,"resize":"crop"}}}]},"extended_entities":{"media":[{"id":887877235721388000,"id_str":"887877235721388033","indices":[44,67],"media_url":"http://pbs.twimg.com/media/DFJfpEdUQAEz4Ab.jpg","media_url_https":"https://pbs.twimg.com/media/DFJfpEdUQAEz4Ab.jpg","url":"https://t.co/pYYpnRdWO0","display_url":"pic.twitter.com/pYYpnRdWO0","expanded_url":"https://twitter.com/kirimi_sanrio/status/887877238946840576/photo/1","type":"photo","sizes":{"small":{"w":680,"h":460,"resize":"fit"},"large":{"w":1024,"h":692,"resize":"fit"},"medium":{"w":1024,"h":692,"resize":"fit"},"thumb":{"w":150,"h":150,"resize":"crop"}}}]},"metadata":{"iso_language_code":"ja","result_type":"recent"},"source":"<a href=\"http://engagemanager.tribalmedia.co.jp/\" rel=\"nofollow\">EngageManager</a>","in_reply_to_status_id":null,"in_reply_to_status_id_str":null,"in_reply_to_user_id":null,"in_reply_to_user_id_str":null,"in_reply_to_screen_name":null,"user":{"id":2278796744,"id_str":"2278796744","name":"KIRIMIちゃん.【公式】","screen_name":"kirimi_sanrio","location":"切り身界とシャケルゼア","description":"わたし、シャケのきりみちゃん。良かったらフォローしてね…！ラブ・サーモン！ きりみの歌が聞けるよ♪→ http://t.co/mQdIuDAgfu キャラページ→ http://t.co/q19jzzZePY サンリオのソーシャルメディアポリシー→http://t.co/zmngDXVI6F","url":"http://t.co/q19jzzZePY","entities":{"url":{"urls":[{"url":"http://t.co/q19jzzZePY","expanded_url":"http://www.sanrio.co.jp/character/kirimichan/","display_url":"sanrio.co.jp/character/kiri…","indices":[0,22]}]},"description":{"urls":[{"url":"http://t.co/mQdIuDAgfu","expanded_url":"http://www.youtube.com/watch?v=UpDvhKznRKg&feature=youtu.be","display_url":"youtube.com/watch?v=UpDvhK…","indices":[51,73]},{"url":"http://t.co/q19jzzZePY","expanded_url":"http://www.sanrio.co.jp/character/kirimichan/","display_url":"sanrio.co.jp/character/kiri…","indices":[82,104]},{"url":"http://t.co/zmngDXVI6F","expanded_url":"http://www.sanrio.co.jp/social/policy/","display_url":"sanrio.co.jp/social/policy/","indices":[124,146]}]}},"protected":false,"followers_count":282866,"friends_count":17,"listed_count":3115,"created_at":"Mon Jan 06 08:46:49 +0000 2014","favourites_count":8,"utc_offset":32400,"time_zone":"Tokyo","geo_enabled":false,"verified":true,"statuses_count":2004,"lang":"ja","contributors_enabled":false,"is_translator":false,"is_translation_enabled":false,"profile_background_color":"C0DEED","profile_background_image_url":"http://pbs.twimg.com/profile_background_images/378800000168401053/iztk62Wc.png","profile_background_image_url_https":"https://pbs.twimg.com/profile_background_images/378800000168401053/iztk62Wc.png","profile_background_tile":true,"profile_image_url":"http://pbs.twimg.com/profile_images/875513696637788160/h485rLV__normal.jpg","profile_image_url_https":"https://pbs.twimg.com/profile_images/875513696637788160/h485rLV__normal.jpg","profile_banner_url":"https://pbs.twimg.com/profile_banners/2278796744/1495510689","profile_link_color":"FAB81E","profile_sidebar_border_color":"FFFFFF","profile_sidebar_fill_color":"DDEEF6","profile_text_color":"333333","profile_use_background_image":true,"has_extended_profile":true,"default_profile":false,"default_profile_image":false,"following":false,"follow_request_sent":false,"notifications":false,"translator_type":"none"},"geo":null,"coordinates":null,"place":null,"contributors":null,"is_quote_status":false,"retweet_count":732,"favorite_count":1498,"favorited":false,"retweeted":false,"possibly_sensitive":false,"lang":"ja"},{"created_at":"Thu Jul 20 03:29:52 +0000 2017","id":887877188837560300,"id_str":"887877188837560320","text":"皆さん、こんにちは！\nやって参りました🔥\n昂秀TVです👍\n\n昨日は、生放送直前昂秀TVをお送りしましたが、終わった後も実は撮ったんですよ🔥笑\n\n是非みて下さい👍笑\n鈴木昂秀\n#THERAMPAGE\n#ニコニコ生放送… https://t.co/encdmTP1eW","truncated":true,"entities":{"hashtags":[{"text":"THERAMPAGE","indices":[87,98]},{"text":"ニコニコ生放送","indices":[99,107]}],"symbols":[],"user_mentions":[],"urls":[{"url":"https://t.co/encdmTP1eW","expanded_url":"https://twitter.com/i/web/status/887877188837560320","display_url":"twitter.com/i/web/status/8…","indices":[109,132]}]},"metadata":{"iso_language_code":"ja","result_type":"recent"},"source":"<a href=\"http://twitter.com/download/iphone\" rel=\"nofollow\">Twitter for iPhone</a>","in_reply_to_status_id":null,"in_reply_to_status_id_str":null,"in_reply_to_user_id":null,"in_reply_to_user_id_str":null,"in_reply_to_screen_name":null,"user":{"id":703069848457228300,"id_str":"703069848457228288","name":"THE RAMPAGE OFFICIAL","screen_name":"therampagefext","location":"","description":"THE RAMPAGE from EXILE TRIBE Official account‼ https://t.co/b2w9QtZAv0","url":"https://t.co/OTrUwgzH9S","entities":{"url":{"urls":[{"url":"https://t.co/OTrUwgzH9S","expanded_url":"https://www.instagram.com/the_rampage_official/","display_url":"instagram.com/the_rampage_of…","indices":[0,23]}]},"description":{"urls":[{"url":"https://t.co/b2w9QtZAv0","expanded_url":"http://the-rampage.jp/","display_url":"the-rampage.jp","indices":[47,70]}]}},"protected":false,"followers_count":310234,"friends_count":96,"listed_count":759,"created_at":"Fri Feb 26 04:11:29 +0000 2016","favourites_count":19,"utc_offset":-25200,"time_zone":"Pacific Time (US & Canada)","geo_enabled":false,"verified":true,"statuses_count":1500,"lang":"ja","contributors_enabled":false,"is_translator":false,"is_translation_enabled":false,"profile_background_color":"F5F8FA","profile_background_image_url":null,"profile_background_image_url_https":null,"profile_background_tile":false,"profile_image_url":"http://pbs.twimg.com/profile_images/791561824906809344/38ndfy6N_normal.jpg","profile_image_url_https":"https://pbs.twimg.com/profile_images/791561824906809344/38ndfy6N_normal.jpg","profile_banner_url":"https://pbs.twimg.com/profile_banners/703069848457228288/1498890358","profile_link_color":"1DA1F2","profile_sidebar_border_color":"C0DEED","profile_sidebar_fill_color":"DDEEF6","profile_text_color":"333333","profile_use_background_image":true,"has_extended_profile":false,"default_profile":true,"default_profile_image":false,"following":false,"follow_request_sent":false,"notifications":false,"translator_type":"none"},"geo":null,"coordinates":null,"place":null,"contributors":null,"is_quote_status":false,"retweet_count":995,"favorite_count":5652,"favorited":false,"retweeted":false,"possibly_sensitive":false,"lang":"ja"},{"created_at":"Thu Jul 20 03:27:32 +0000 2017","id":887876602687705100,"id_str":"887876602687705089","text":"彼氏に４股された時の対処法選手権の結果を発表します。\n\n最優秀賞\n四股を踏む\n\n金賞\nヤマタノカレシに進化させる\n\n入選\nとりあえずLINEグループを作る。\n\n (　◜◡‾)っ✂╰∪╯\n\n遺産相続を女4人で話し合う","truncated":false,"entities":{"hashtags":[],"symbols":[],"user_mentions":[],"urls":[]},"metadata":{"iso_language_code":"ja","result_type":"recent"},"source":"<a href=\"http://twitter.com/download/iphone\" rel=\"nofollow\">Twitter for iPhone</a>","in_reply_to_status_id":null,"in_reply_to_status_id_str":null,"in_reply_to_user_id":null,"in_reply_to_user_id_str":null,"in_reply_to_screen_name":null,"user":{"id":2803477274,"id_str":"2803477274","name":"坊主","screen_name":"bozu_108","location":"日本","description":"ポケモンgoのやり過ぎで坊主バー破門になりました。坊主だけじゃ食ってけないので新宿ゴールデン街でバーテン始めました。神社の絵馬の個人情報保護シール「神のみぞシール」作りました。この垢は暇つぶしで見る位にして下さい。坊さんだらけのフットサルチーム作りました。対戦相手募集中。皆さんの悩みや不安を選手権で解決したいと思ってま","url":null,"entities":{"description":{"urls":[]}},"protected":false,"followers_count":249229,"friends_count":39616,"listed_count":1351,"created_at":"Thu Sep 11 10:41:30 +0000 2014","favourites_count":21951,"utc_offset":null,"time_zone":null,"geo_enabled":true,"verified":false,"statuses_count":1364,"lang":"ja","contributors_enabled":false,"is_translator":false,"is_translation_enabled":false,"profile_background_color":"C0DEED","profile_background_image_url":"http://abs.twimg.com/images/themes/theme1/bg.png","profile_background_image_url_https":"https://abs.twimg.com/images/themes/theme1/bg.png","profile_background_tile":false,"profile_image_url":"http://pbs.twimg.com/profile_images/778304121187078144/-SViugXh_normal.jpg","profile_image_url_https":"https://pbs.twimg.com/profile_images/778304121187078144/-SViugXh_normal.jpg","profile_banner_url":"https://pbs.twimg.com/profile_banners/2803477274/1475491730","profile_link_color":"1DA1F2","profile_sidebar_border_color":"C0DEED","profile_sidebar_fill_color":"DDEEF6","profile_text_color":"333333","profile_use_background_image":true,"has_extended_profile":false,"default_profile":true,"default_profile_image":false,"following":false,"follow_request_sent":false,"notifications":false,"translator_type":"none"},"geo":null,"coordinates":null,"place":null,"contributors":null,"is_quote_status":false,"retweet_count":517,"favorite_count":990,"favorited":false,"retweeted":false,"lang":"ja"},{"created_at":"Thu Jul 20 03:23:25 +0000 2017","id":887875567722258400,"id_str":"887875567722258436","text":"『吹替王国』山寺宏一さん、大塚明夫さん声優スペシャル対談https://t.co/GU6xsUIwOb https://t.co/XNG2zntCzT","truncated":false,"entities":{"hashtags":[],"symbols":[],"user_mentions":[],"urls":[{"url":"https://t.co/GU6xsUIwOb","expanded_url":"http://www.animatetimes.com/news/details.php?id=1499764709","display_url":"animatetimes.com/news/details.p…","indices":[28,51]}],"media":[{"id":887875487980109800,"id_str":"887875487980109824","indices":[52,75],"media_url":"http://pbs.twimg.com/media/DFJeDVnUwAAQ3iP.jpg","media_url_https":"https://pbs.twimg.com/media/DFJeDVnUwAAQ3iP.jpg","url":"https://t.co/XNG2zntCzT","display_url":"pic.twitter.com/XNG2zntCzT","expanded_url":"https://twitter.com/animeseiyu/status/887875567722258436/photo/1","type":"photo","sizes":{"small":{"w":640,"h":426,"resize":"fit"},"thumb":{"w":150,"h":150,"resize":"crop"},"large":{"w":640,"h":426,"resize":"fit"},"medium":{"w":640,"h":426,"resize":"fit"}}}]},"extended_entities":{"media":[{"id":887875487980109800,"id_str":"887875487980109824","indices":[52,75],"media_url":"http://pbs.twimg.com/media/DFJeDVnUwAAQ3iP.jpg","media_url_https":"https://pbs.twimg.com/media/DFJeDVnUwAAQ3iP.jpg","url":"https://t.co/XNG2zntCzT","display_url":"pic.twitter.com/XNG2zntCzT","expanded_url":"https://twitter.com/animeseiyu/status/887875567722258436/photo/1","type":"photo","sizes":{"small":{"w":640,"h":426,"resize":"fit"},"thumb":{"w":150,"h":150,"resize":"crop"},"large":{"w":640,"h":426,"resize":"fit"},"medium":{"w":640,"h":426,"resize":"fit"}}}]},"metadata":{"iso_language_code":"ja","result_type":"recent"},"source":"<a href=\"http://twitter.com\" rel=\"nofollow\">Twitter Web Client</a>","in_reply_to_status_id":null,"in_reply_to_status_id_str":null,"in_reply_to_user_id":null,"in_reply_to_user_id_str":null,"in_reply_to_screen_name":null,"user":{"id":240889813,"id_str":"240889813","name":"ANIME SEIYU","screen_name":"animeseiyu","location":"Maihama Server","description":"Anime & Voice Actor's News from JAPAN","url":null,"entities":{"description":{"urls":[]}},"protected":false,"followers_count":115386,"friends_count":0,"listed_count":2637,"created_at":"Fri Jan 21 00:05:22 +0000 2011","favourites_count":79,"utc_offset":28800,"time_zone":"Irkutsk","geo_enabled":false,"verified":false,"statuses_count":77810,"lang":"ja","contributors_enabled":false,"is_translator":false,"is_translation_enabled":false,"profile_background_color":"9AE4E8","profile_background_image_url":"http://pbs.twimg.com/profile_background_images/643904879371513856/wXHj4sq4.jpg","profile_background_image_url_https":"https://pbs.twimg.com/profile_background_images/643904879371513856/wXHj4sq4.jpg","profile_background_tile":false,"profile_image_url":"http://pbs.twimg.com/profile_images/822107764889505793/Nvtjx1P-_normal.jpg","profile_image_url_https":"https://pbs.twimg.com/profile_images/822107764889505793/Nvtjx1P-_normal.jpg","profile_banner_url":"https://pbs.twimg.com/profile_banners/240889813/1458887183","profile_link_color":"0084B4","profile_sidebar_border_color":"000000","profile_sidebar_fill_color":"000000","profile_text_color":"000000","profile_use_background_image":true,"has_extended_profile":false,"default_profile":false,"default_profile_image":false,"following":false,"follow_request_sent":false,"notifications":false,"translator_type":"none"},"geo":null,"coordinates":null,"place":null,"contributors":null,"is_quote_status":false,"retweet_count":561,"favorite_count":721,"favorited":false,"retweeted":false,"possibly_sensitive":false,"lang":"ja"},{"created_at":"Thu Jul 20 03:22:24 +0000 2017","id":887875309307019300,"id_str":"887875309307019265","text":"和田雅成チャンネル。\nhttps://t.co/jKpmvMlHei\n動画を公開いたしました。\n\n9月17日日帰りバスツアー。\n9月18日バースデーイベントをさせて頂く事になりました。\n会員様限定です。\nとても楽しみ。\n嬉しくて駆… https://t.co/a0dpX25lmT","truncated":true,"entities":{"hashtags":[],"symbols":[],"user_mentions":[],"urls":[{"url":"https://t.co/jKpmvMlHei","expanded_url":"http://sp.ch.nicovideo.jp/wadamasanari-rubyparade","display_url":"sp.ch.nicovideo.jp/wadamasanari-r…","indices":[11,34]},{"url":"https://t.co/a0dpX25lmT","expanded_url":"https://twitter.com/i/web/status/887875309307019265","display_url":"twitter.com/i/web/status/8…","indices":[117,140]}]},"metadata":{"iso_language_code":"ja","result_type":"recent"},"source":"<a href=\"http://twitter.com/download/iphone\" rel=\"nofollow\">Twitter for iPhone</a>","in_reply_to_status_id":null,"in_reply_to_status_id_str":null,"in_reply_to_user_id":null,"in_reply_to_user_id_str":null,"in_reply_to_screen_name":null,"user":{"id":332214869,"id_str":"332214869","name":"和田雅成","screen_name":"masanari6","location":"","description":"和田雅成チャンネル『りんりんのたこ焼き屋さん』 https://t.co/EuciLuK9vP","url":"https://t.co/tVEnR54nWp","entities":{"url":{"urls":[{"url":"https://t.co/tVEnR54nWp","expanded_url":"http://s.ameblo.jp/masanariwada","display_url":"s.ameblo.jp/masanariwada","indices":[0,23]}]},"description":{"urls":[{"url":"https://t.co/EuciLuK9vP","expanded_url":"http://sp.ch.nicovideo.jp/wadamasanari-rubyparade","display_url":"sp.ch.nicovideo.jp/wadamasanari-r…","indices":[24,47]}]}},"protected":false,"followers_count":80348,"friends_count":129,"listed_count":4173,"created_at":"Sat Jul 09 12:17:15 +0000 2011","favourites_count":84,"utc_offset":32400,"time_zone":"Tokyo","geo_enabled":true,"verified":false,"statuses_count":6409,"lang":"ja","contributors_enabled":false,"is_translator":false,"is_translation_enabled":false,"profile_background_color":"C0DEED","profile_background_image_url":"http://abs.twimg.com/images/themes/theme1/bg.png","profile_background_image_url_https":"https://abs.twimg.com/images/themes/theme1/bg.png","profile_background_tile":false,"profile_image_url":"http://pbs.twimg.com/profile_images/822750078771134464/cm3PGKEX_normal.jpg","profile_image_url_https":"https://pbs.twimg.com/profile_images/822750078771134464/cm3PGKEX_normal.jpg","profile_banner_url":"https://pbs.twimg.com/profile_banners/332214869/1425913971","profile_link_color":"1DA1F2","profile_sidebar_border_color":"C0DEED","profile_sidebar_fill_color":"DDEEF6","profile_text_color":"333333","profile_use_background_image":true,"has_extended_profile":false,"default_profile":true,"default_profile_image":false,"following":false,"follow_request_sent":false,"notifications":false,"translator_type":"none"},"geo":null,"coordinates":null,"place":null,"contributors":null,"is_quote_status":false,"retweet_count":896,"favorite_count":1384,"favorited":false,"retweeted":false,"possibly_sensitive":false,"lang":"ja"},{"created_at":"Thu Jul 20 03:18:14 +0000 2017","id":887874262177939500,"id_str":"887874262177939456","text":"オプションアイテムのラインナップに新たなアイテムが追加されます！ https://t.co/dkJBjBYKoW #FF14 https://t.co/Y0vDfD0lAK","truncated":false,"entities":{"hashtags":[{"text":"FF14","indices":[57,62]}],"symbols":[],"user_mentions":[],"urls":[{"url":"https://t.co/dkJBjBYKoW","expanded_url":"http://sqex.to/zpL","display_url":"sqex.to/zpL","indices":[33,56]}],"media":[{"id":887874189608140800,"id_str":"887874189608140801","indices":[63,86],"media_url":"http://pbs.twimg.com/media/DFJc3wzUwAE5xqj.jpg","media_url_https":"https://pbs.twimg.com/media/DFJc3wzUwAE5xqj.jpg","url":"https://t.co/Y0vDfD0lAK","display_url":"pic.twitter.com/Y0vDfD0lAK","expanded_url":"https://twitter.com/FF_XIV_JP/status/887874262177939456/photo/1","type":"photo","sizes":{"thumb":{"w":150,"h":150,"resize":"crop"},"medium":{"w":640,"h":250,"resize":"fit"},"large":{"w":640,"h":250,"resize":"fit"},"small":{"w":640,"h":250,"resize":"fit"}}}]},"extended_entities":{"media":[{"id":887874189608140800,"id_str":"887874189608140801","indices":[63,86],"media_url":"http://pbs.twimg.com/media/DFJc3wzUwAE5xqj.jpg","media_url_https":"https://pbs.twimg.com/media/DFJc3wzUwAE5xqj.jpg","url":"https://t.co/Y0vDfD0lAK","display_url":"pic.twitter.com/Y0vDfD0lAK","expanded_url":"https://twitter.com/FF_XIV_JP/status/887874262177939456/photo/1","type":"photo","sizes":{"thumb":{"w":150,"h":150,"resize":"crop"},"medium":{"w":640,"h":250,"resize":"fit"},"large":{"w":640,"h":250,"resize":"fit"},"small":{"w":640,"h":250,"resize":"fit"}}}]},"metadata":{"iso_language_code":"ja","result_type":"recent"},"source":"<a href=\"http://twitter.com\" rel=\"nofollow\">Twitter Web Client</a>","in_reply_to_status_id":null,"in_reply_to_status_id_str":null,"in_reply_to_user_id":null,"in_reply_to_user_id_str":null,"in_reply_to_screen_name":null,"user":{"id":161222474,"id_str":"161222474","name":"FINAL FANTASY XIV","screen_name":"FF_XIV_JP","location":"Hydaelyn","description":"ファイナルファンタジーXIVに関する情報をお知らせする公式アカウントです。最新ニュースは @FFXIV_NEWS_JP をご覧ください。","url":"https://t.co/leYsb4M075","entities":{"url":{"urls":[{"url":"https://t.co/leYsb4M075","expanded_url":"http://jp.finalfantasyxiv.com/","display_url":"jp.finalfantasyxiv.com","indices":[0,23]}]},"description":{"urls":[]}},"protected":false,"followers_count":176986,"friends_count":5,"listed_count":4153,"created_at":"Wed Jun 30 08:37:59 +0000 2010","favourites_count":5,"utc_offset":32400,"time_zone":"Tokyo","geo_enabled":true,"verified":true,"statuses_count":5828,"lang":"ja","contributors_enabled":false,"is_translator":false,"is_translation_enabled":false,"profile_background_color":"FFFFFF","profile_background_image_url":"http://pbs.twimg.com/profile_background_images/378800000180510700/kXiYovVF.jpeg","profile_background_image_url_https":"https://pbs.twimg.com/profile_background_images/378800000180510700/kXiYovVF.jpeg","profile_background_tile":false,"profile_image_url":"http://pbs.twimg.com/profile_images/877843350614712320/mOFOCX5E_normal.jpg","profile_image_url_https":"https://pbs.twimg.com/profile_images/877843350614712320/mOFOCX5E_normal.jpg","profile_banner_url":"https://pbs.twimg.com/profile_banners/161222474/1496801861","profile_link_color":"0084B4","profile_sidebar_border_color":"FFFFFF","profile_sidebar_fill_color":"DDEEF6","profile_text_color":"333333","profile_use_background_image":true,"has_extended_profile":false,"default_profile":false,"default_profile_image":false,"following":false,"follow_request_sent":false,"notifications":false,"translator_type":"none"},"geo":null,"coordinates":null,"place":null,"contributors":null,"is_quote_status":false,"retweet_count":940,"favorite_count":287,"favorited":false,"retweeted":false,"possibly_sensitive":false,"lang":"ja"},{"created_at":"Thu Jul 20 03:15:20 +0000 2017","id":887873530989232100,"id_str":"887873530989232128","text":"【やはり】TOKIO・城島茂の動物に関する知識が専門家並、ただのアイドルではない\nhttps://t.co/v9oWqIcCRS\n\n城島は謎の足跡を発見、「テン」と予想し見事的中。同行した専門家も「テン」を見たのは初めてとのこと。 https://t.co/sQlt5Lb0cG","truncated":false,"entities":{"hashtags":[],"symbols":[],"user_mentions":[],"urls":[{"url":"https://t.co/v9oWqIcCRS","expanded_url":"http://news.livedoor.com/article/detail/13361531/","display_url":"news.livedoor.com/article/detail…","indices":[41,64]}],"media":[{"id":887873430862745600,"id_str":"887873430862745602","indices":[116,139],"media_url":"http://pbs.twimg.com/media/DFJcLmQU0AIvMho.jpg","media_url_https":"https://pbs.twimg.com/media/DFJcLmQU0AIvMho.jpg","url":"https://t.co/sQlt5Lb0cG","display_url":"pic.twitter.com/sQlt5Lb0cG","expanded_url":"https://twitter.com/livedoornews/status/887873530989232128/photo/1","type":"photo","sizes":{"thumb":{"w":150,"h":150,"resize":"crop"},"large":{"w":640,"h":400,"resize":"fit"},"medium":{"w":640,"h":400,"resize":"fit"},"small":{"w":640,"h":400,"resize":"fit"}}}]},"extended_entities":{"media":[{"id":887873430862745600,"id_str":"887873430862745602","indices":[116,139],"media_url":"http://pbs.twimg.com/media/DFJcLmQU0AIvMho.jpg","media_url_https":"https://pbs.twimg.com/media/DFJcLmQU0AIvMho.jpg","url":"https://t.co/sQlt5Lb0cG","display_url":"pic.twitter.com/sQlt5Lb0cG","expanded_url":"https://twitter.com/livedoornews/status/887873530989232128/photo/1","type":"photo","sizes":{"thumb":{"w":150,"h":150,"resize":"crop"},"large":{"w":640,"h":400,"resize":"fit"},"medium":{"w":640,"h":400,"resize":"fit"},"small":{"w":640,"h":400,"resize":"fit"}}}]},"metadata":{"iso_language_code":"ja","result_type":"recent"},"source":"<a href=\"http://twitter.com\" rel=\"nofollow\">Twitter Web Client</a>","in_reply_to_status_id":null,"in_reply_to_status_id_str":null,"in_reply_to_user_id":null,"in_reply_to_user_id_str":null,"in_reply_to_screen_name":null,"user":{"id":17306975,"id_str":"17306975","name":"ライブドアニュース","screen_name":"livedoornews","location":"","description":"LINE →https://t.co/yhJO0o7Jns／FB → https://t.co/LHTCuyIEjr／インスタ／→https://t.co/SpmVgPtfCG","url":"http://t.co/Q4Bh3OCfgY","entities":{"url":{"urls":[{"url":"http://t.co/Q4Bh3OCfgY","expanded_url":"http://news.livedoor.com/","display_url":"news.livedoor.com","indices":[0,22]}]},"description":{"urls":[{"url":"https://t.co/yhJO0o7Jns","expanded_url":"http://goo.gl/upBgKP","display_url":"goo.gl/upBgKP","indices":[6,29]},{"url":"https://t.co/LHTCuyIEjr","expanded_url":"http://goo.gl/nDULhn","display_url":"goo.gl/nDULhn","indices":[35,58]},{"url":"https://t.co/SpmVgPtfCG","expanded_url":"http://goo.gl/cHGD9G","display_url":"goo.gl/cHGD9G","indices":[65,88]}]}},"protected":false,"followers_count":431380,"friends_count":88,"listed_count":6139,"created_at":"Tue Nov 11 09:56:31 +0000 2008","favourites_count":2609,"utc_offset":32400,"time_zone":"Tokyo","geo_enabled":false,"verified":true,"statuses_count":177115,"lang":"ja","contributors_enabled":false,"is_translator":false,"is_translation_enabled":false,"profile_background_color":"FFFFFF","profile_background_image_url":"http://pbs.twimg.com/profile_background_images/378800000085828060/4b07c1d868c917fb65a3d64a20904cd5.jpeg","profile_background_image_url_https":"https://pbs.twimg.com/profile_background_images/378800000085828060/4b07c1d868c917fb65a3d64a20904cd5.jpeg","profile_background_tile":false,"profile_image_url":"http://pbs.twimg.com/profile_images/875662964988166149/whdJTD2I_normal.jpg","profile_image_url_https":"https://pbs.twimg.com/profile_images/875662964988166149/whdJTD2I_normal.jpg","profile_link_color":"51ADD4","profile_sidebar_border_color":"FFFFFF","profile_sidebar_fill_color":"95E8EC","profile_text_color":"3C3940","profile_use_background_image":true,"has_extended_profile":false,"default_profile":false,"default_profile_image":false,"following":false,"follow_request_sent":false,"notifications":false,"translator_type":"none"},"geo":null,"coordinates":null,"place":null,"contributors":null,"is_quote_status":false,"retweet_count":1276,"favorite_count":1318,"favorited":false,"retweeted":false,"possibly_sensitive":false,"lang":"ja"},{"created_at":"Thu Jul 20 03:13:32 +0000 2017","id":887873080202154000,"id_str":"887873080202153985","text":"【マスカレイドミラージュ】現在キービジュアル制作中！みなさまへのお披露目は、8月上旬ごろを予定しています。お楽しみに！ https://t.co/AXNFGI9mE4","truncated":false,"entities":{"hashtags":[],"symbols":[],"user_mentions":[],"urls":[],"media":[{"id":887872930331246600,"id_str":"887872930331246592","indices":[60,83],"media_url":"http://pbs.twimg.com/media/DFJbudoUQAAZXT9.jpg","media_url_https":"https://pbs.twimg.com/media/DFJbudoUQAAZXT9.jpg","url":"https://t.co/AXNFGI9mE4","display_url":"pic.twitter.com/AXNFGI9mE4","expanded_url":"https://twitter.com/gekidan_shining/status/887873080202153985/photo/1","type":"photo","sizes":{"small":{"w":680,"h":569,"resize":"fit"},"medium":{"w":1200,"h":1004,"resize":"fit"},"thumb":{"w":150,"h":150,"resize":"crop"},"large":{"w":1344,"h":1125,"resize":"fit"}}}]},"extended_entities":{"media":[{"id":887872930331246600,"id_str":"887872930331246592","indices":[60,83],"media_url":"http://pbs.twimg.com/media/DFJbudoUQAAZXT9.jpg","media_url_https":"https://pbs.twimg.com/media/DFJbudoUQAAZXT9.jpg","url":"https://t.co/AXNFGI9mE4","display_url":"pic.twitter.com/AXNFGI9mE4","expanded_url":"https://twitter.com/gekidan_shining/status/887873080202153985/photo/1","type":"photo","sizes":{"small":{"w":680,"h":569,"resize":"fit"},"medium":{"w":1200,"h":1004,"resize":"fit"},"thumb":{"w":150,"h":150,"resize":"crop"},"large":{"w":1344,"h":1125,"resize":"fit"}}}]},"metadata":{"iso_language_code":"ja","result_type":"recent"},"source":"<a href=\"http://twitter.com\" rel=\"nofollow\">Twitter Web Client</a>","in_reply_to_status_id":null,"in_reply_to_status_id_str":null,"in_reply_to_user_id":null,"in_reply_to_user_id_str":null,"in_reply_to_screen_name":null,"user":{"id":842185893641244700,"id_str":"842185893641244673","name":"舞台 劇団シャイニング公式","screen_name":"gekidan_shining","location":"","description":"劇団シャイニング舞台シリーズ公式Twitterです。第1弾『天下無敵の忍び道』、第2弾『マスカレイドミラージュ』に関する情報をお知らせします。\n★当アカウントへのお客様からのご質問にはお答え致しかねます。","url":"https://t.co/eKaOlzzGk8","entities":{"url":{"urls":[{"url":"https://t.co/eKaOlzzGk8","expanded_url":"http://gs-shinobi.com","display_url":"gs-shinobi.com","indices":[0,23]}]},"description":{"urls":[]}},"protected":false,"followers_count":40028,"friends_count":9,"listed_count":673,"created_at":"Thu Mar 16 01:28:58 +0000 2017","favourites_count":0,"utc_offset":32400,"time_zone":"Tokyo","geo_enabled":false,"verified":false,"statuses_count":79,"lang":"ja","contributors_enabled":false,"is_translator":false,"is_translation_enabled":false,"profile_background_color":"F5F8FA","profile_background_image_url":null,"profile_background_image_url_https":null,"profile_background_tile":false,"profile_image_url":"http://pbs.twimg.com/profile_images/875592246774517761/dd5RSg3U_normal.jpg","profile_image_url_https":"https://pbs.twimg.com/profile_images/875592246774517761/dd5RSg3U_normal.jpg","profile_banner_url":"https://pbs.twimg.com/profile_banners/842185893641244673/1489631617","profile_link_color":"1DA1F2","profile_sidebar_border_color":"C0DEED","profile_sidebar_fill_color":"DDEEF6","profile_text_color":"333333","profile_use_background_image":true,"has_extended_profile":false,"default_profile":true,"default_profile_image":false,"following":false,"follow_request_sent":false,"notifications":false,"translator_type":"none"},"geo":null,"coordinates":null,"place":null,"contributors":null,"is_quote_status":false,"retweet_count":3132,"favorite_count":3292,"favorited":false,"retweeted":false,"possibly_sensitive":false,"lang":"ja"},{"created_at":"Thu Jul 20 03:13:18 +0000 2017","id":887873020039110700,"id_str":"887873020039110656","text":"空でもチューチュー https://t.co/HJcY0uQz6N","truncated":false,"entities":{"hashtags":[],"symbols":[],"user_mentions":[],"urls":[],"media":[{"id":887872637963083800,"id_str":"887872637963083776","indices":[10,33],"media_url":"http://pbs.twimg.com/ext_tw_video_thumb/887872637963083776/pu/img/zYAon0xLKAGldHc4.jpg","media_url_https":"https://pbs.twimg.com/ext_tw_video_thumb/887872637963083776/pu/img/zYAon0xLKAGldHc4.jpg","url":"https://t.co/HJcY0uQz6N","display_url":"pic.twitter.com/HJcY0uQz6N","expanded_url":"https://twitter.com/love_otter_love/status/887873020039110656/video/1","type":"photo","sizes":{"small":{"w":340,"h":191,"resize":"fit"},"thumb":{"w":150,"h":150,"resize":"crop"},"medium":{"w":600,"h":338,"resize":"fit"},"large":{"w":1024,"h":576,"resize":"fit"}}}]},"extended_entities":{"media":[{"id":887872637963083800,"id_str":"887872637963083776","indices":[10,33],"media_url":"http://pbs.twimg.com/ext_tw_video_thumb/887872637963083776/pu/img/zYAon0xLKAGldHc4.jpg","media_url_https":"https://pbs.twimg.com/ext_tw_video_thumb/887872637963083776/pu/img/zYAon0xLKAGldHc4.jpg","url":"https://t.co/HJcY0uQz6N","display_url":"pic.twitter.com/HJcY0uQz6N","expanded_url":"https://twitter.com/love_otter_love/status/887873020039110656/video/1","type":"video","sizes":{"small":{"w":340,"h":191,"resize":"fit"},"thumb":{"w":150,"h":150,"resize":"crop"},"medium":{"w":600,"h":338,"resize":"fit"},"large":{"w":1024,"h":576,"resize":"fit"}},"video_info":{"aspect_ratio":[16,9],"duration_millis":34200,"variants":[{"content_type":"application/x-mpegURL","url":"https://video.twimg.com/ext_tw_video/887872637963083776/pu/pl/GSy_XXwp3Fiwf-1Z.m3u8"},{"bitrate":2176000,"content_type":"video/mp4","url":"https://video.twimg.com/ext_tw_video/887872637963083776/pu/vid/1280x720/qOdeZZToaLC6qxHT.mp4"},{"bitrate":320000,"content_type":"video/mp4","url":"https://video.twimg.com/ext_tw_video/887872637963083776/pu/vid/320x180/nGkWdV6YtEF6GevU.mp4"},{"bitrate":832000,"content_type":"video/mp4","url":"https://video.twimg.com/ext_tw_video/887872637963083776/pu/vid/640x360/Mga1hxZj3rWjekEK.mp4"}]},"additional_media_info":{"monetizable":false}}]},"metadata":{"iso_language_code":"ja","result_type":"recent"},"source":"<a href=\"http://twitter.com/download/iphone\" rel=\"nofollow\">Twitter for iPhone</a>","in_reply_to_status_id":null,"in_reply_to_status_id_str":null,"in_reply_to_user_id":null,"in_reply_to_user_id_str":null,"in_reply_to_screen_name":null,"user":{"id":2733351320,"id_str":"2733351320","name":"カワウソのちぃたん☆💙","screen_name":"love_otter_love","location":"","description":"まだ赤ちゃん♪コツメカワウソの誕生時からの成長記録をお届けします。 けもフレ推しはコツメカワウソちゃん★２０１７年４月１０日生♀️OTTER。 RTしてくれた方、小動物好きさん無言フォローごめんなさい。 迷い犬、猫情報あればＲＴします🐦 ブログ：https://t.co/v6GrfVtR2O","url":"https://t.co/M98KoTKN7i","entities":{"url":{"urls":[{"url":"https://t.co/M98KoTKN7i","expanded_url":"https://www.youtube.com/channel/UCAOjDi_onmdabYIN7x7laNg?sub_confirmation=1","display_url":"youtube.com/channel/UCAOjD…","indices":[0,23]}]},"description":{"urls":[{"url":"https://t.co/v6GrfVtR2O","expanded_url":"http://ameblo.jp/kawaii-other/","display_url":"ameblo.jp/kawaii-other/","indices":[123,146]}]}},"protected":false,"followers_count":281995,"friends_count":88526,"listed_count":350,"created_at":"Fri Aug 15 02:00:41 +0000 2014","favourites_count":27372,"utc_offset":-25200,"time_zone":"Pacific Time (US & Canada)","geo_enabled":false,"verified":false,"statuses_count":11411,"lang":"ja","contributors_enabled":false,"is_translator":false,"is_translation_enabled":false,"profile_background_color":"000000","profile_background_image_url":"http://abs.twimg.com/images/themes/theme1/bg.png","profile_background_image_url_https":"https://abs.twimg.com/images/themes/theme1/bg.png","profile_background_tile":false,"profile_image_url":"http://pbs.twimg.com/profile_images/877989171469701120/OSPEsRXR_normal.jpg","profile_image_url_https":"https://pbs.twimg.com/profile_images/877989171469701120/OSPEsRXR_normal.jpg","profile_banner_url":"https://pbs.twimg.com/profile_banners/2733351320/1500427483","profile_link_color":"981CEB","profile_sidebar_border_color":"000000","profile_sidebar_fill_color":"000000","profile_text_color":"000000","profile_use_background_image":false,"has_extended_profile":true,"default_profile":false,"default_profile_image":false,"following":false,"follow_request_sent":false,"notifications":false,"translator_type":"none"},"geo":null,"coordinates":null,"place":null,"contributors":null,"is_quote_status":false,"retweet_count":487,"favorite_count":1162,"favorited":false,"retweeted":false,"possibly_sensitive":false,"lang":"ja"},{"created_at":"Thu Jul 20 03:11:27 +0000 2017","id":887872553280131100,"id_str":"887872553280131072","text":"4コマ漫画ネコノヒー「豆腐」/Tofu https://t.co/FidxXYK8p7 https://t.co/3lYrDKgKXj","truncated":false,"entities":{"hashtags":[],"symbols":[],"user_mentions":[],"urls":[{"url":"https://t.co/FidxXYK8p7","expanded_url":"http://www.q-rais.com/entry/2017/07/20/121002","display_url":"q-rais.com/entry/2017/07/…","indices":[20,43]}],"media":[{"id":887872515812360200,"id_str":"887872515812360192","indices":[44,67],"media_url":"http://pbs.twimg.com/media/DFJbWVbUAAAqshY.jpg","media_url_https":"https://pbs.twimg.com/media/DFJbWVbUAAAqshY.jpg","url":"https://t.co/3lYrDKgKXj","display_url":"pic.twitter.com/3lYrDKgKXj","expanded_url":"https://twitter.com/Qrais_Usagi/status/887872553280131072/photo/1","type":"photo","sizes":{"large":{"w":744,"h":2048,"resize":"fit"},"thumb":{"w":150,"h":150,"resize":"crop"},"medium":{"w":436,"h":1200,"resize":"fit"},"small":{"w":247,"h":680,"resize":"fit"}}}]},"extended_entities":{"media":[{"id":887872515812360200,"id_str":"887872515812360192","indices":[44,67],"media_url":"http://pbs.twimg.com/media/DFJbWVbUAAAqshY.jpg","media_url_https":"https://pbs.twimg.com/media/DFJbWVbUAAAqshY.jpg","url":"https://t.co/3lYrDKgKXj","display_url":"pic.twitter.com/3lYrDKgKXj","expanded_url":"https://twitter.com/Qrais_Usagi/status/887872553280131072/photo/1","type":"photo","sizes":{"large":{"w":744,"h":2048,"resize":"fit"},"thumb":{"w":150,"h":150,"resize":"crop"},"medium":{"w":436,"h":1200,"resize":"fit"},"small":{"w":247,"h":680,"resize":"fit"}}}]},"metadata":{"iso_language_code":"ja","result_type":"recent"},"source":"<a href=\"http://twitter.com\" rel=\"nofollow\">Twitter Web Client</a>","in_reply_to_status_id":null,"in_reply_to_status_id_str":null,"in_reply_to_user_id":null,"in_reply_to_user_id_str":null,"in_reply_to_screen_name":null,"user":{"id":858604256751788000,"id_str":"858604256751788032","name":"キューライス","screen_name":"Qrais_Usagi","location":"日本","description":"漫画家。   オモコロ→https://t.co/Mu96990UN6  XOYリーグ→https://t.co/dHiIVNA0oC  短編アニメhttps://t.co/HlBQAFfRM1ご依頼はこちらへqraisqrais@gmail.com","url":"https://t.co/FTRKplUt5d","entities":{"url":{"urls":[{"url":"https://t.co/FTRKplUt5d","expanded_url":"http://www.q-rais.com","display_url":"q-rais.com","indices":[0,23]}]},"description":{"urls":[{"url":"https://t.co/Mu96990UN6","expanded_url":"http://omocoro.jp/writer","display_url":"omocoro.jp/writer","indices":[12,35]},{"url":"https://t.co/dHiIVNA0oC","expanded_url":"http://xoy.webtoons.com/ja/challenge","display_url":"xoy.webtoons.com/ja/challenge","indices":[44,67]},{"url":"https://t.co/HlBQAFfRM1","expanded_url":"https://www.youtube.com/watch?v=48-RA4BNXVc","display_url":"youtube.com/watch?v=48-RA4…","indices":[74,97]}]}},"protected":false,"followers_count":119439,"friends_count":93,"listed_count":555,"created_at":"Sun Apr 30 08:49:41 +0000 2017","favourites_count":1101,"utc_offset":null,"time_zone":null,"geo_enabled":false,"verified":false,"statuses_count":225,"lang":"ja","contributors_enabled":false,"is_translator":false,"is_translation_enabled":false,"profile_background_color":"F5F8FA","profile_background_image_url":null,"profile_background_image_url_https":null,"profile_background_tile":false,"profile_image_url":"http://pbs.twimg.com/profile_images/858606013938716672/92qPwUv5_normal.jpg","profile_image_url_https":"https://pbs.twimg.com/profile_images/858606013938716672/92qPwUv5_normal.jpg","profile_banner_url":"https://pbs.twimg.com/profile_banners/858604256751788032/1493542909","profile_link_color":"1DA1F2","profile_sidebar_border_color":"C0DEED","profile_sidebar_fill_color":"DDEEF6","profile_text_color":"333333","profile_use_background_image":true,"has_extended_profile":true,"default_profile":true,"default_profile_image":false,"following":false,"follow_request_sent":false,"notifications":false,"translator_type":"none"},"geo":null,"coordinates":null,"place":null,"contributors":null,"is_quote_status":false,"retweet_count":2248,"favorite_count":4038,"favorited":false,"retweeted":false,"possibly_sensitive":false,"lang":"ja"}],"search_metadata":{"completed_in":0.178,"max_id":887885503474802700,"max_id_str":"887885503474802688","next_results":"?max_id=887872553280131071&q=lang%3Aja%20min_retweets%3A500&include_entities=1","query":"lang%3Aja+min_retweets%3A500","refresh_url":"?since_id=887885503474802688&q=lang%3Aja%20min_retweets%3A500&include_entities=1","count":15,"since_id":0,"since_id_str":"0"}}