{"statuses":[{"created_at":"Wed Jul 19 17:11:00 +0000 2017","id":887721445245112300,"id_str":"887721445245112320","text":"夏ですね、去年の水着が小さくなったちゃん。 https://t.co/NgyiXCLjCP","truncated":false,"entities":{"hashtags":[],"symbols":[],"user_mentions":[],"urls":[],"media":[{"id":887721010497077200,"id_str":"887721010497077248","indices":[22,45],"media_url":"http://pbs.twimg.com/media/DFHRjkJUQAAdilw.jpg","media_url_https":"https://pbs.twimg.com/media/DFHRjkJUQAAdilw.jpg","url":"https://t.co/NgyiXCLjCP","display_url":"pic.twitter.com/NgyiXCLjCP","expanded_url":"https://twitter.com/ssokgng/status/887721445245112320/photo/1","type":"photo","sizes":{"small":{"w":493,"h":680,"resize":"fit"},"medium":{"w":725,"h":1000,"resize":"fit"},"large":{"w":725,"h":1000,"resize":"fit"},"thumb":{"w":150,"h":150,"resize":"crop"}}}]},"extended_entities":{"media":[{"id":887721010497077200,"id_str":"887721010497077248","indices":[22,45],"media_url":"http://pbs.twimg.com/media/DFHRjkJUQAAdilw.jpg","media_url_https":"https://pbs.twimg.com/media/DFHRjkJUQAAdilw.jpg","url":"https://t.co/NgyiXCLjCP","display_url":"pic.twitter.com/NgyiXCLjCP","expanded_url":"https://twitter.com/ssokgng/status/887721445245112320/photo/1","type":"photo","sizes":{"small":{"w":493,"h":680,"resize":"fit"},"medium":{"w":725,"h":1000,"resize":"fit"},"large":{"w":725,"h":1000,"resize":"fit"},"thumb":{"w":150,"h":150,"resize":"crop"}}}]},"metadata":{"iso_language_code":"ja","result_type":"recent"},"source":"<a href=\"http://twitter.com\" rel=\"nofollow\">Twitter Web Client</a>","in_reply_to_status_id":null,"in_reply_to_status_id_str":null,"in_reply_to_user_id":null,"in_reply_to_user_id_str":null,"in_reply_to_screen_name":null,"user":{"id":3024265242,"id_str":"3024265242","name":"笹岡ぐんぐ","screen_name":"ssokgng","location":"東京都","description":"思うところあって鍵開け中、また閉めるかも。Ｈな絵もあるので１８禁、チビッ子はブロックよ。 リプ返率低下。","url":"https://t.co/1SvaH4BSMk","entities":{"url":{"urls":[{"url":"https://t.co/1SvaH4BSMk","expanded_url":"http://www.pixiv.net/member.php?id=1019732","display_url":"pixiv.net/member.php?id=…","indices":[0,23]}]},"description":{"urls":[]}},"protected":false,"followers_count":38164,"friends_count":233,"listed_count":670,"created_at":"Tue Feb 17 18:14:56 +0000 2015","favourites_count":3687,"utc_offset":28800,"time_zone":"Irkutsk","geo_enabled":false,"verified":false,"statuses_count":4127,"lang":"ja","contributors_enabled":false,"is_translator":false,"is_translation_enabled":false,"profile_background_color":"3B94D9","profile_background_image_url":"http://abs.twimg.com/images/themes/theme4/bg.gif","profile_background_image_url_https":"https://abs.twimg.com/images/themes/theme4/bg.gif","profile_background_tile":false,"profile_image_url":"http://pbs.twimg.com/profile_images/805550681943777280/5hts54-m_normal.jpg","profile_image_url_https":"https://pbs.twimg.com/profile_images/805550681943777280/5hts54-m_normal.jpg","profile_link_color":"0C1927","profile_sidebar_border_color":"C0DEED","profile_sidebar_fill_color":"DDEEF6","profile_text_color":"333333","profile_use_background_image":false,"has_extended_profile":false,"default_profile":false,"default_profile_image":false,"following":false,"follow_request_sent":false,"notifications":false,"translator_type":"none"},"geo":null,"coordinates":null,"place":null,"contributors":null,"is_quote_status":false,"retweet_count":513,"favorite_count":1580,"favorited":false,"retweeted":false,"possibly_sensitive":true,"lang":"ja"},{"created_at":"Wed Jul 19 16:30:17 +0000 2017","id":887711200762486800,"id_str":"887711200762486785","text":"あのさースタバの\"店員\"さんの黒のエプロンと緑のエプロンの違いってなんなんだろ？","truncated":false,"entities":{"hashtags":[],"symbols":[],"user_mentions":[],"urls":[]},"metadata":{"iso_language_code":"ja","result_type":"recent"},"source":"<a href=\"http://twitter.com/download/iphone\" rel=\"nofollow\">Twitter for iPhone</a>","in_reply_to_status_id":887710169982918700,"in_reply_to_status_id_str":"887710169982918656","in_reply_to_user_id":274407179,"in_reply_to_user_id_str":"274407179","in_reply_to_screen_name":"Jin_Akanishi","user":{"id":274407179,"id_str":"274407179","name":"Jin Akanishi  赤西 仁","screen_name":"Jin_Akanishi","location":"The world","description":"~Jin Akanishi Official Twitter~ https://t.co/kDQTwnCJQ6 https://t.co/mHNTl2fr2Y https://t.co/a9Ud8fqg7A","url":"https://t.co/7xFHMmbcxV","entities":{"url":{"urls":[{"url":"https://t.co/7xFHMmbcxV","expanded_url":"http://jinakanishi.com","display_url":"jinakanishi.com","indices":[0,23]}]},"description":{"urls":[{"url":"https://t.co/kDQTwnCJQ6","expanded_url":"http://www.facebook.com/JinAkanishiMusic","display_url":"facebook.com/JinAkanishiMus…","indices":[32,55]},{"url":"https://t.co/mHNTl2fr2Y","expanded_url":"http://www.instagram.com/jinstagram_official","display_url":"instagram.com/jinstagram_off…","indices":[56,79]},{"url":"https://t.co/a9Ud8fqg7A","expanded_url":"http://weibo.com/JAofficial","display_url":"weibo.com/JAofficial","indices":[80,103]}]}},"protected":false,"followers_count":585350,"friends_count":68,"listed_count":3722,"created_at":"Wed Mar 30 07:36:20 +0000 2011","favourites_count":170,"utc_offset":28800,"time_zone":"Irkutsk","geo_enabled":false,"verified":true,"statuses_count":1221,"lang":"en","contributors_enabled":false,"is_translator":false,"is_translation_enabled":false,"profile_background_color":"131516","profile_background_image_url":"http://abs.twimg.com/images/themes/theme14/bg.gif","profile_background_image_url_https":"https://abs.twimg.com/images/themes/theme14/bg.gif","profile_background_tile":false,"profile_image_url":"http://pbs.twimg.com/profile_images/844727636450422784/KibDLO4s_normal.jpg","profile_image_url_https":"https://pbs.twimg.com/profile_images/844727636450422784/KibDLO4s_normal.jpg","profile_banner_url":"https://pbs.twimg.com/profile_banners/274407179/1464789630","profile_link_color":"09A3DB","profile_sidebar_border_color":"FFFFFF","profile_sidebar_fill_color":"EFEFEF","profile_text_color":"333333","profile_use_background_image":false,"has_extended_profile":false,"default_profile":false,"default_profile_image":false,"following":false,"follow_request_sent":false,"notifications":false,"translator_type":"none"},"geo":null,"coordinates":null,"place":null,"contributors":null,"is_quote_status":false,"retweet_count":697,"favorite_count":2287,"favorited":false,"retweeted":false,"lang":"ja"},{"created_at":"Wed Jul 19 16:26:12 +0000 2017","id":887710169982918700,"id_str":"887710169982918656","text":"あのさースタバの定員さんの黒のエプロンと緑のエプロンの違いってなんなんだろ？","truncated":false,"entities":{"hashtags":[],"symbols":[],"user_mentions":[],"urls":[]},"metadata":{"iso_language_code":"ja","result_type":"recent"},"source":"<a href=\"http://twitter.com/download/iphone\" rel=\"nofollow\">Twitter for iPhone</a>","in_reply_to_status_id":null,"in_reply_to_status_id_str":null,"in_reply_to_user_id":null,"in_reply_to_user_id_str":null,"in_reply_to_screen_name":null,"user":{"id":274407179,"id_str":"274407179","name":"Jin Akanishi  赤西 仁","screen_name":"Jin_Akanishi","location":"The world","description":"~Jin Akanishi Official Twitter~ https://t.co/kDQTwnCJQ6 https://t.co/mHNTl2fr2Y https://t.co/a9Ud8fqg7A","url":"https://t.co/7xFHMmbcxV","entities":{"url":{"urls":[{"url":"https://t.co/7xFHMmbcxV","expanded_url":"http://jinakanishi.com","display_url":"jinakanishi.com","indices":[0,23]}]},"description":{"urls":[{"url":"https://t.co/kDQTwnCJQ6","expanded_url":"http://www.facebook.com/JinAkanishiMusic","display_url":"facebook.com/JinAkanishiMus…","indices":[32,55]},{"url":"https://t.co/mHNTl2fr2Y","expanded_url":"http://www.instagram.com/jinstagram_official","display_url":"instagram.com/jinstagram_off…","indices":[56,79]},{"url":"https://t.co/a9Ud8fqg7A","expanded_url":"http://weibo.com/JAofficial","display_url":"weibo.com/JAofficial","indices":[80,103]}]}},"protected":false,"followers_count":585350,"friends_count":68,"listed_count":3722,"created_at":"Wed Mar 30 07:36:20 +0000 2011","favourites_count":170,"utc_offset":28800,"time_zone":"Irkutsk","geo_enabled":false,"verified":true,"statuses_count":1221,"lang":"en","contributors_enabled":false,"is_translator":false,"is_translation_enabled":false,"profile_background_color":"131516","profile_background_image_url":"http://abs.twimg.com/images/themes/theme14/bg.gif","profile_background_image_url_https":"https://abs.twimg.com/images/themes/theme14/bg.gif","profile_background_tile":false,"profile_image_url":"http://pbs.twimg.com/profile_images/844727636450422784/KibDLO4s_normal.jpg","profile_image_url_https":"https://pbs.twimg.com/profile_images/844727636450422784/KibDLO4s_normal.jpg","profile_banner_url":"https://pbs.twimg.com/profile_banners/274407179/1464789630","profile_link_color":"09A3DB","profile_sidebar_border_color":"FFFFFF","profile_sidebar_fill_color":"EFEFEF","profile_text_color":"333333","profile_use_background_image":false,"has_extended_profile":false,"default_profile":false,"default_profile_image":false,"following":false,"follow_request_sent":false,"notifications":false,"translator_type":"none"},"geo":null,"coordinates":null,"place":null,"contributors":null,"is_quote_status":false,"retweet_count":820,"favorite_count":2793,"favorited":false,"retweeted":false,"lang":"ja"},{"created_at":"Wed Jul 19 16:20:04 +0000 2017","id":887708627095609300,"id_str":"887708627095609344","text":"もう4時か","truncated":false,"entities":{"hashtags":[],"symbols":[],"user_mentions":[],"urls":[]},"metadata":{"iso_language_code":"ja","result_type":"recent"},"source":"<a href=\"http://carotene.sakura.ne.jp/shuumai/\" rel=\"nofollow\">せいろ</a>","in_reply_to_status_id":null,"in_reply_to_status_id_str":null,"in_reply_to_user_id":null,"in_reply_to_user_id_str":null,"in_reply_to_screen_name":null,"user":{"id":54882396,"id_str":"54882396","name":"しゅうまい君","screen_name":"shuumai","location":"せいろ","description":"followingの皆さんの最近の発言を学習して喋るよ。（何かあったら@enpitsuまで）／LINEスタンプもあるよhttps://t.co/dRzUm39fDe","url":"https://t.co/33QcJKtmeV","entities":{"url":{"urls":[{"url":"https://t.co/33QcJKtmeV","expanded_url":"http://enpitsu.org/shuumai/","display_url":"enpitsu.org/shuumai/","indices":[0,23]}]},"description":{"urls":[{"url":"https://t.co/dRzUm39fDe","expanded_url":"http://line.me/S/sticker/1010497","display_url":"line.me/S/sticker/1010…","indices":[59,82]}]}},"protected":false,"followers_count":294856,"friends_count":252773,"listed_count":15184,"created_at":"Wed Jul 08 12:37:32 +0000 2009","favourites_count":0,"utc_offset":32400,"time_zone":"Tokyo","geo_enabled":false,"verified":false,"statuses_count":185738,"lang":"en","contributors_enabled":false,"is_translator":false,"is_translation_enabled":false,"profile_background_color":"0099B9","profile_background_image_url":"http://abs.twimg.com/images/themes/theme4/bg.gif","profile_background_image_url_https":"https://abs.twimg.com/images/themes/theme4/bg.gif","profile_background_tile":false,"profile_image_url":"http://pbs.twimg.com/profile_images/303370559/shuumai_normal.jpg","profile_image_url_https":"https://pbs.twimg.com/profile_images/303370559/shuumai_normal.jpg","profile_link_color":"0099B9","profile_sidebar_border_color":"5ED4DC","profile_sidebar_fill_color":"95E8EC","profile_text_color":"3C3940","profile_use_background_image":true,"has_extended_profile":true,"default_profile":false,"default_profile_image":false,"following":false,"follow_request_sent":false,"notifications":false,"translator_type":"none"},"geo":null,"coordinates":null,"place":null,"contributors":null,"is_quote_status":false,"retweet_count":796,"favorite_count":687,"favorited":false,"retweeted":false,"lang":"ja"},{"created_at":"Wed Jul 19 16:13:39 +0000 2017","id":887707013454495700,"id_str":"887707013454495744","text":"お誕生日！おめでとう！！新しい絵じゃなくて許してヒヤシンス。\nイリヤちゃんは細部修正して完成。人類(ロリコン)悪ビースト https://t.co/xO2G1y1dks","truncated":false,"entities":{"hashtags":[],"symbols":[],"user_mentions":[],"urls":[],"media":[{"id":887706330621804500,"id_str":"887706330621804545","indices":[61,84],"media_url":"http://pbs.twimg.com/media/DFHENFWUAAEv-4d.jpg","media_url_https":"https://pbs.twimg.com/media/DFHENFWUAAEv-4d.jpg","url":"https://t.co/xO2G1y1dks","display_url":"pic.twitter.com/xO2G1y1dks","expanded_url":"https://twitter.com/simejinameko/status/887707013454495744/photo/1","type":"photo","sizes":{"large":{"w":2048,"h":1448,"resize":"fit"},"thumb":{"w":150,"h":150,"resize":"crop"},"medium":{"w":1200,"h":848,"resize":"fit"},"small":{"w":680,"h":481,"resize":"fit"}}}]},"extended_entities":{"media":[{"id":887706330621804500,"id_str":"887706330621804545","indices":[61,84],"media_url":"http://pbs.twimg.com/media/DFHENFWUAAEv-4d.jpg","media_url_https":"https://pbs.twimg.com/media/DFHENFWUAAEv-4d.jpg","url":"https://t.co/xO2G1y1dks","display_url":"pic.twitter.com/xO2G1y1dks","expanded_url":"https://twitter.com/simejinameko/status/887707013454495744/photo/1","type":"photo","sizes":{"large":{"w":2048,"h":1448,"resize":"fit"},"thumb":{"w":150,"h":150,"resize":"crop"},"medium":{"w":1200,"h":848,"resize":"fit"},"small":{"w":680,"h":481,"resize":"fit"}}},{"id":887706343108247600,"id_str":"887706343108247552","indices":[61,84],"media_url":"http://pbs.twimg.com/media/DFHENz3UAAArnqq.jpg","media_url_https":"https://pbs.twimg.com/media/DFHENz3UAAArnqq.jpg","url":"https://t.co/xO2G1y1dks","display_url":"pic.twitter.com/xO2G1y1dks","expanded_url":"https://twitter.com/simejinameko/status/887707013454495744/photo/1","type":"photo","sizes":{"medium":{"w":1200,"h":964,"resize":"fit"},"thumb":{"w":150,"h":150,"resize":"crop"},"small":{"w":680,"h":546,"resize":"fit"},"large":{"w":2048,"h":1646,"resize":"fit"}}}]},"metadata":{"iso_language_code":"ja","result_type":"recent"},"source":"<a href=\"http://twitter.com\" rel=\"nofollow\">Twitter Web Client</a>","in_reply_to_status_id":null,"in_reply_to_status_id_str":null,"in_reply_to_user_id":null,"in_reply_to_user_id_str":null,"in_reply_to_screen_name":null,"user":{"id":3193156248,"id_str":"3193156248","name":"しめじなめこ","screen_name":"simejinameko","location":"","description":"主にnijieに生息しています※R-18表現が含まれるためご注意下さい。pixiv(https://t.co/Jl5t22knqm)","url":"https://t.co/t1w2Xs0wii","entities":{"url":{"urls":[{"url":"https://t.co/t1w2Xs0wii","expanded_url":"https://nijie.info/members.php?id=37166","display_url":"nijie.info/members.php?id…","indices":[0,23]}]},"description":{"urls":[{"url":"https://t.co/Jl5t22knqm","expanded_url":"http://www.pixiv.net/member.php?id=11817929","display_url":"pixiv.net/member.php?id=…","indices":[42,65]}]}},"protected":false,"followers_count":40322,"friends_count":749,"listed_count":731,"created_at":"Tue May 12 13:11:53 +0000 2015","favourites_count":6998,"utc_offset":-25200,"time_zone":"Pacific Time (US & Canada)","geo_enabled":false,"verified":false,"statuses_count":12865,"lang":"ja","contributors_enabled":false,"is_translator":false,"is_translation_enabled":false,"profile_background_color":"C0DEED","profile_background_image_url":"http://abs.twimg.com/images/themes/theme1/bg.png","profile_background_image_url_https":"https://abs.twimg.com/images/themes/theme1/bg.png","profile_background_tile":false,"profile_image_url":"http://pbs.twimg.com/profile_images/882886748904185856/YY6sjAgA_normal.jpg","profile_image_url_https":"https://pbs.twimg.com/profile_images/882886748904185856/YY6sjAgA_normal.jpg","profile_link_color":"1DA1F2","profile_sidebar_border_color":"C0DEED","profile_sidebar_fill_color":"DDEEF6","profile_text_color":"333333","profile_use_background_image":true,"has_extended_profile":true,"default_profile":true,"default_profile_image":false,"following":false,"follow_request_sent":false,"notifications":false,"translator_type":"none"},"geo":null,"coordinates":null,"place":null,"contributors":null,"is_quote_status":false,"retweet_count":593,"favorite_count":1450,"favorited":false,"retweeted":false,"possibly_sensitive":false,"lang":"ja"},{"created_at":"Wed Jul 19 16:10:57 +0000 2017","id":887706336040894500,"id_str":"887706336040894464","text":"☆月野百鬼夜行☆\nそこは、神をも凌ぐ強大な力を持つ、黒白天狐がおわす、それはそれは古い社。\n昼間は、人々の憩いの場として。\n夜は、不思議な者達が集う場として。\n夜な夜な不思議な宴が開かれているそうな…。\n＃月野百鬼夜行 https://t.co/rzCruRT4ys","truncated":false,"entities":{"hashtags":[{"text":"月野百鬼夜行","indices":[102,109]}],"symbols":[],"user_mentions":[],"urls":[],"media":[{"id":887706190695718900,"id_str":"887706190695718913","indices":[110,133],"media_url":"http://pbs.twimg.com/media/DFHEE8FVYAE3ngP.jpg","media_url_https":"https://pbs.twimg.com/media/DFHEE8FVYAE3ngP.jpg","url":"https://t.co/rzCruRT4ys","display_url":"pic.twitter.com/rzCruRT4ys","expanded_url":"https://twitter.com/tsukiuta1/status/887706336040894464/photo/1","type":"photo","sizes":{"small":{"w":680,"h":680,"resize":"fit"},"thumb":{"w":150,"h":150,"resize":"crop"},"medium":{"w":886,"h":886,"resize":"fit"},"large":{"w":886,"h":886,"resize":"fit"}}}]},"extended_entities":{"media":[{"id":887706190695718900,"id_str":"887706190695718913","indices":[110,133],"media_url":"http://pbs.twimg.com/media/DFHEE8FVYAE3ngP.jpg","media_url_https":"https://pbs.twimg.com/media/DFHEE8FVYAE3ngP.jpg","url":"https://t.co/rzCruRT4ys","display_url":"pic.twitter.com/rzCruRT4ys","expanded_url":"https://twitter.com/tsukiuta1/status/887706336040894464/photo/1","type":"photo","sizes":{"small":{"w":680,"h":680,"resize":"fit"},"thumb":{"w":150,"h":150,"resize":"crop"},"medium":{"w":886,"h":886,"resize":"fit"},"large":{"w":886,"h":886,"resize":"fit"}}}]},"metadata":{"iso_language_code":"ja","result_type":"recent"},"source":"<a href=\"http://twitter.com\" rel=\"nofollow\">Twitter Web Client</a>","in_reply_to_status_id":null,"in_reply_to_status_id_str":null,"in_reply_to_user_id":null,"in_reply_to_user_id_str":null,"in_reply_to_screen_name":null,"user":{"id":801746160,"id_str":"801746160","name":"ツキウタ。公式","screen_name":"tsukiuta1","location":"ツキノ寮","description":"声と音楽で綴る月々の物語…。オリジナルキャラクターソングCDシリーズ「ツキウタ。」のゆるめの公式アカウントです。公式HPの更新やリリース情報等をお知らせします。※こちらは基本的に情報発信用のアカウントです。個別の返信は行いません","url":"https://t.co/goRdd9wenr","entities":{"url":{"urls":[{"url":"https://t.co/goRdd9wenr","expanded_url":"http://www.tsukiuta.com/","display_url":"tsukiuta.com","indices":[0,23]}]},"description":{"urls":[]}},"protected":false,"followers_count":157510,"friends_count":76,"listed_count":3467,"created_at":"Tue Sep 04 03:49:10 +0000 2012","favourites_count":742,"utc_offset":32400,"time_zone":"Tokyo","geo_enabled":true,"verified":false,"statuses_count":14578,"lang":"ja","contributors_enabled":false,"is_translator":false,"is_translation_enabled":false,"profile_background_color":"FFCC4D","profile_background_image_url":"http://pbs.twimg.com/profile_background_images/550332367726841858/xkfr7yw8.jpeg","profile_background_image_url_https":"https://pbs.twimg.com/profile_background_images/550332367726841858/xkfr7yw8.jpeg","profile_background_tile":false,"profile_image_url":"http://pbs.twimg.com/profile_images/881157064722010114/xi4xHYYW_normal.jpg","profile_image_url_https":"https://pbs.twimg.com/profile_images/881157064722010114/xi4xHYYW_normal.jpg","profile_banner_url":"https://pbs.twimg.com/profile_banners/801746160/1491059502","profile_link_color":"89C9FA","profile_sidebar_border_color":"FFFFFF","profile_sidebar_fill_color":"95E8EC","profile_text_color":"3C3940","profile_use_background_image":true,"has_extended_profile":false,"default_profile":false,"default_profile_image":false,"following":false,"follow_request_sent":false,"notifications":false,"translator_type":"none"},"geo":null,"coordinates":null,"place":null,"contributors":null,"is_quote_status":false,"retweet_count":2542,"favorite_count":4498,"favorited":false,"retweeted":false,"possibly_sensitive":false,"lang":"ja"},{"created_at":"Wed Jul 19 16:04:02 +0000 2017","id":887704595295748100,"id_str":"887704595295748096","text":"嵐の相葉雅紀さんが、コーセーコスメポート「ソフティモ ナチュサボン セレクト」の新CMにメガネ姿で登場。21日から全国で放送。《報知》 https://t.co/KTz7d4JkOn","truncated":false,"entities":{"hashtags":[],"symbols":[],"user_mentions":[],"urls":[],"media":[{"id":887704531819155500,"id_str":"887704531819155456","indices":[68,91],"media_url":"http://pbs.twimg.com/media/DFHCkYSV0AAKKlt.jpg","media_url_https":"https://pbs.twimg.com/media/DFHCkYSV0AAKKlt.jpg","url":"https://t.co/KTz7d4JkOn","display_url":"pic.twitter.com/KTz7d4JkOn","expanded_url":"https://twitter.com/chura1011/status/887704595295748096/photo/1","type":"photo","sizes":{"thumb":{"w":150,"h":150,"resize":"crop"},"large":{"w":1355,"h":2048,"resize":"fit"},"medium":{"w":794,"h":1200,"resize":"fit"},"small":{"w":450,"h":680,"resize":"fit"}}}]},"extended_entities":{"media":[{"id":887704531819155500,"id_str":"887704531819155456","indices":[68,91],"media_url":"http://pbs.twimg.com/media/DFHCkYSV0AAKKlt.jpg","media_url_https":"https://pbs.twimg.com/media/DFHCkYSV0AAKKlt.jpg","url":"https://t.co/KTz7d4JkOn","display_url":"pic.twitter.com/KTz7d4JkOn","expanded_url":"https://twitter.com/chura1011/status/887704595295748096/photo/1","type":"photo","sizes":{"thumb":{"w":150,"h":150,"resize":"crop"},"large":{"w":1355,"h":2048,"resize":"fit"},"medium":{"w":794,"h":1200,"resize":"fit"},"small":{"w":450,"h":680,"resize":"fit"}}},{"id":887704569416884200,"id_str":"887704569416884224","indices":[68,91],"media_url":"http://pbs.twimg.com/media/DFHCmkWVoAAOETd.jpg","media_url_https":"https://pbs.twimg.com/media/DFHCmkWVoAAOETd.jpg","url":"https://t.co/KTz7d4JkOn","display_url":"pic.twitter.com/KTz7d4JkOn","expanded_url":"https://twitter.com/chura1011/status/887704595295748096/photo/1","type":"photo","sizes":{"large":{"w":2048,"h":1304,"resize":"fit"},"small":{"w":680,"h":433,"resize":"fit"},"thumb":{"w":150,"h":150,"resize":"crop"},"medium":{"w":1200,"h":764,"resize":"fit"}}}]},"metadata":{"iso_language_code":"ja","result_type":"recent"},"source":"<a href=\"http://twitter.com/download/android\" rel=\"nofollow\">Twitter for Android</a>","in_reply_to_status_id":null,"in_reply_to_status_id_str":null,"in_reply_to_user_id":null,"in_reply_to_user_id_str":null,"in_reply_to_screen_name":null,"user":{"id":116414141,"id_str":"116414141","name":"ちゅら","screen_name":"chura1011","location":"","description":"昼夜働くダブルワーカー。嵐さんが大好き。特ににのあいを溺愛しています。","url":null,"entities":{"description":{"urls":[]}},"protected":false,"followers_count":1769,"friends_count":140,"listed_count":21,"created_at":"Mon Feb 22 10:47:31 +0000 2010","favourites_count":104,"utc_offset":32400,"time_zone":"Tokyo","geo_enabled":false,"verified":false,"statuses_count":6034,"lang":"ja","contributors_enabled":false,"is_translator":false,"is_translation_enabled":false,"profile_background_color":"C0DEED","profile_background_image_url":"http://abs.twimg.com/images/themes/theme1/bg.png","profile_background_image_url_https":"https://abs.twimg.com/images/themes/theme1/bg.png","profile_background_tile":false,"profile_image_url":"http://pbs.twimg.com/profile_images/514528019210186752/b9IsLYBm_normal.jpeg","profile_image_url_https":"https://pbs.twimg.com/profile_images/514528019210186752/b9IsLYBm_normal.jpeg","profile_banner_url":"https://pbs.twimg.com/profile_banners/116414141/1409415794","profile_link_color":"1DA1F2","profile_sidebar_border_color":"C0DEED","profile_sidebar_fill_color":"DDEEF6","profile_text_color":"333333","profile_use_background_image":true,"has_extended_profile":false,"default_profile":true,"default_profile_image":false,"following":false,"follow_request_sent":false,"notifications":false,"translator_type":"none"},"geo":null,"coordinates":null,"place":null,"contributors":null,"is_quote_status":false,"retweet_count":832,"favorite_count":680,"favorited":false,"retweeted":false,"possibly_sensitive":false,"lang":"ja"},{"created_at":"Wed Jul 19 16:02:46 +0000 2017","id":887704276667031600,"id_str":"887704276667031552","text":"やっと表紙できた～　#FGO https://t.co/awCkYyWUKp","truncated":false,"entities":{"hashtags":[{"text":"FGO","indices":[10,14]}],"symbols":[],"user_mentions":[],"urls":[],"media":[{"id":887704138695430100,"id_str":"887704138695430144","indices":[15,38],"media_url":"http://pbs.twimg.com/media/DFHCNfyV0AAu8Cj.jpg","media_url_https":"https://pbs.twimg.com/media/DFHCNfyV0AAu8Cj.jpg","url":"https://t.co/awCkYyWUKp","display_url":"pic.twitter.com/awCkYyWUKp","expanded_url":"https://twitter.com/chan_co/status/887704276667031552/photo/1","type":"photo","sizes":{"medium":{"w":1000,"h":1000,"resize":"fit"},"small":{"w":680,"h":680,"resize":"fit"},"large":{"w":1000,"h":1000,"resize":"fit"},"thumb":{"w":150,"h":150,"resize":"crop"}}}]},"extended_entities":{"media":[{"id":887704138695430100,"id_str":"887704138695430144","indices":[15,38],"media_url":"http://pbs.twimg.com/media/DFHCNfyV0AAu8Cj.jpg","media_url_https":"https://pbs.twimg.com/media/DFHCNfyV0AAu8Cj.jpg","url":"https://t.co/awCkYyWUKp","display_url":"pic.twitter.com/awCkYyWUKp","expanded_url":"https://twitter.com/chan_co/status/887704276667031552/photo/1","type":"photo","sizes":{"medium":{"w":1000,"h":1000,"resize":"fit"},"small":{"w":680,"h":680,"resize":"fit"},"large":{"w":1000,"h":1000,"resize":"fit"},"thumb":{"w":150,"h":150,"resize":"crop"}}}]},"metadata":{"iso_language_code":"ja","result_type":"recent"},"source":"<a href=\"http://twitter.com\" rel=\"nofollow\">Twitter Web Client</a>","in_reply_to_status_id":null,"in_reply_to_status_id_str":null,"in_reply_to_user_id":null,"in_reply_to_user_id_str":null,"in_reply_to_screen_name":null,"user":{"id":23590987,"id_str":"23590987","name":"CHANxCO@3日目東シ51b","screen_name":"chan_co","location":"アキパパラ","description":"ちゃんこです\n ◆https://t.co/yorygP8t2p\n◆https://t.co/zI3T3W2BAb\n◆モーメントhttps://t.co/Z1lOtKOJSm \n◆ゲーム用https://t.co/jIVJoCGo5Y","url":"https://t.co/dVXwI2YvMk","entities":{"url":{"urls":[{"url":"https://t.co/dVXwI2YvMk","expanded_url":"http://insidebox.sakura.ne.jp/","display_url":"insidebox.sakura.ne.jp","indices":[0,23]}]},"description":{"urls":[{"url":"https://t.co/yorygP8t2p","expanded_url":"http://chanxco.tumblr.com/","display_url":"chanxco.tumblr.com","indices":[9,32]},{"url":"https://t.co/zI3T3W2BAb","expanded_url":"http://pixiv.me/chan_co","display_url":"pixiv.me/chan_co","indices":[34,57]},{"url":"https://t.co/Z1lOtKOJSm","expanded_url":"https://twitter.com/chan_co/moments","display_url":"twitter.com/chan_co/moments","indices":[64,87]},{"url":"https://t.co/jIVJoCGo5Y","expanded_url":"https://twitter.com/G_ta_chan","display_url":"twitter.com/G_ta_chan","indices":[94,117]}]}},"protected":false,"followers_count":70688,"friends_count":1018,"listed_count":2365,"created_at":"Tue Mar 10 13:30:07 +0000 2009","favourites_count":919,"utc_offset":32400,"time_zone":"Tokyo","geo_enabled":false,"verified":false,"statuses_count":117804,"lang":"en","contributors_enabled":false,"is_translator":false,"is_translation_enabled":false,"profile_background_color":"ABAAA8","profile_background_image_url":"http://pbs.twimg.com/profile_background_images/547664202391756801/Yy2-tFe8.png","profile_background_image_url_https":"https://pbs.twimg.com/profile_background_images/547664202391756801/Yy2-tFe8.png","profile_background_tile":true,"profile_image_url":"http://pbs.twimg.com/profile_images/881517334455754752/PC5fAnzP_normal.jpg","profile_image_url_https":"https://pbs.twimg.com/profile_images/881517334455754752/PC5fAnzP_normal.jpg","profile_banner_url":"https://pbs.twimg.com/profile_banners/23590987/1494342704","profile_link_color":"AEAFB0","profile_sidebar_border_color":"FFFFFF","profile_sidebar_fill_color":"DEDED3","profile_text_color":"7D7979","profile_use_background_image":true,"has_extended_profile":true,"default_profile":false,"default_profile_image":false,"following":false,"follow_request_sent":false,"notifications":false,"translator_type":"none"},"geo":null,"coordinates":null,"place":null,"contributors":null,"is_quote_status":false,"retweet_count":787,"favorite_count":1904,"favorited":false,"retweeted":false,"possibly_sensitive":false,"lang":"ja"},{"created_at":"Wed Jul 19 15:56:15 +0000 2017","id":887702635746164700,"id_str":"887702635746164736","text":"ジョークが分かりにくい https://t.co/AwNhLdykhQ","truncated":false,"entities":{"hashtags":[],"symbols":[],"user_mentions":[],"urls":[],"media":[{"id":887702537561714700,"id_str":"887702537561714688","indices":[12,35],"media_url":"http://pbs.twimg.com/media/DFHAwTGUMAARzf9.jpg","media_url_https":"https://pbs.twimg.com/media/DFHAwTGUMAARzf9.jpg","url":"https://t.co/AwNhLdykhQ","display_url":"pic.twitter.com/AwNhLdykhQ","expanded_url":"https://twitter.com/877utb/status/887702635746164736/photo/1","type":"photo","sizes":{"thumb":{"w":150,"h":150,"resize":"crop"},"large":{"w":500,"h":707,"resize":"fit"},"small":{"w":481,"h":680,"resize":"fit"},"medium":{"w":500,"h":707,"resize":"fit"}}}]},"extended_entities":{"media":[{"id":887702537561714700,"id_str":"887702537561714688","indices":[12,35],"media_url":"http://pbs.twimg.com/media/DFHAwTGUMAARzf9.jpg","media_url_https":"https://pbs.twimg.com/media/DFHAwTGUMAARzf9.jpg","url":"https://t.co/AwNhLdykhQ","display_url":"pic.twitter.com/AwNhLdykhQ","expanded_url":"https://twitter.com/877utb/status/887702635746164736/photo/1","type":"photo","sizes":{"thumb":{"w":150,"h":150,"resize":"crop"},"large":{"w":500,"h":707,"resize":"fit"},"small":{"w":481,"h":680,"resize":"fit"},"medium":{"w":500,"h":707,"resize":"fit"}}},{"id":887702552757674000,"id_str":"887702552757673984","indices":[12,35],"media_url":"http://pbs.twimg.com/media/DFHAxLtUIAAn_8h.jpg","media_url_https":"https://pbs.twimg.com/media/DFHAxLtUIAAn_8h.jpg","url":"https://t.co/AwNhLdykhQ","display_url":"pic.twitter.com/AwNhLdykhQ","expanded_url":"https://twitter.com/877utb/status/887702635746164736/photo/1","type":"photo","sizes":{"large":{"w":424,"h":600,"resize":"fit"},"thumb":{"w":150,"h":150,"resize":"crop"},"medium":{"w":424,"h":600,"resize":"fit"},"small":{"w":424,"h":600,"resize":"fit"}}}]},"metadata":{"iso_language_code":"ja","result_type":"recent"},"source":"<a href=\"https://about.twitter.com/products/tweetdeck\" rel=\"nofollow\">TweetDeck</a>","in_reply_to_status_id":null,"in_reply_to_status_id_str":null,"in_reply_to_user_id":null,"in_reply_to_user_id_str":null,"in_reply_to_screen_name":null,"user":{"id":2728972812,"id_str":"2728972812","name":"15","screen_name":"877utb","location":"ブルズアイ","description":"腐ってます。ジャンルバラバラ。創作絵（@crim_son15）拍手（https://t.co/xcBbzl9uDu …）お返事（https://t.co/1RahIijZwt）","url":null,"entities":{"description":{"urls":[{"url":"https://t.co/xcBbzl9uDu","expanded_url":"http://clap.webclap.com/clap.php?id=crim","display_url":"clap.webclap.com/clap.php?id=cr…","indices":[34,57]},{"url":"https://t.co/1RahIijZwt","expanded_url":"https://note.mu/877utb","display_url":"note.mu/877utb","indices":[64,87]}]}},"protected":false,"followers_count":9126,"friends_count":96,"listed_count":262,"created_at":"Wed Aug 13 09:30:16 +0000 2014","favourites_count":2439,"utc_offset":32400,"time_zone":"Tokyo","geo_enabled":false,"verified":false,"statuses_count":11385,"lang":"ja","contributors_enabled":false,"is_translator":false,"is_translation_enabled":false,"profile_background_color":"000000","profile_background_image_url":"http://pbs.twimg.com/profile_background_images/667329863880015872/hVTMsEYs.png","profile_background_image_url_https":"https://pbs.twimg.com/profile_background_images/667329863880015872/hVTMsEYs.png","profile_background_tile":true,"profile_image_url":"http://pbs.twimg.com/profile_images/885899954916532224/9ArxHx9I_normal.png","profile_image_url_https":"https://pbs.twimg.com/profile_images/885899954916532224/9ArxHx9I_normal.png","profile_banner_url":"https://pbs.twimg.com/profile_banners/2728972812/1493826129","profile_link_color":"8A8A8A","profile_sidebar_border_color":"000000","profile_sidebar_fill_color":"000000","profile_text_color":"000000","profile_use_background_image":false,"has_extended_profile":false,"default_profile":false,"default_profile_image":false,"following":false,"follow_request_sent":false,"notifications":false,"translator_type":"none"},"geo":null,"coordinates":null,"place":null,"contributors":null,"is_quote_status":false,"retweet_count":806,"favorite_count":1253,"favorited":false,"retweeted":false,"possibly_sensitive":false,"lang":"ja"},{"created_at":"Wed Jul 19 15:53:06 +0000 2017","id":887701843857428500,"id_str":"887701843857428480","text":"紗倉まな×呂布カルマ https://t.co/9usVqYmlDk","truncated":false,"entities":{"hashtags":[],"symbols":[],"user_mentions":[],"urls":[],"media":[{"id":887701377090150400,"id_str":"887701377090150400","indices":[11,34],"media_url":"http://pbs.twimg.com/ext_tw_video_thumb/887701377090150400/pu/img/VUxV1Ktc4wTTrb9E.jpg","media_url_https":"https://pbs.twimg.com/ext_tw_video_thumb/887701377090150400/pu/img/VUxV1Ktc4wTTrb9E.jpg","url":"https://t.co/9usVqYmlDk","display_url":"pic.twitter.com/9usVqYmlDk","expanded_url":"https://twitter.com/SAITO_DISCO/status/887701843857428480/video/1","type":"photo","sizes":{"small":{"w":340,"h":340,"resize":"fit"},"thumb":{"w":150,"h":150,"resize":"crop"},"medium":{"w":600,"h":600,"resize":"fit"},"large":{"w":720,"h":720,"resize":"fit"}}}]},"extended_entities":{"media":[{"id":887701377090150400,"id_str":"887701377090150400","indices":[11,34],"media_url":"http://pbs.twimg.com/ext_tw_video_thumb/887701377090150400/pu/img/VUxV1Ktc4wTTrb9E.jpg","media_url_https":"https://pbs.twimg.com/ext_tw_video_thumb/887701377090150400/pu/img/VUxV1Ktc4wTTrb9E.jpg","url":"https://t.co/9usVqYmlDk","display_url":"pic.twitter.com/9usVqYmlDk","expanded_url":"https://twitter.com/SAITO_DISCO/status/887701843857428480/video/1","type":"video","sizes":{"small":{"w":340,"h":340,"resize":"fit"},"thumb":{"w":150,"h":150,"resize":"crop"},"medium":{"w":600,"h":600,"resize":"fit"},"large":{"w":720,"h":720,"resize":"fit"}},"video_info":{"aspect_ratio":[1,1],"duration_millis":59150,"variants":[{"bitrate":832000,"content_type":"video/mp4","url":"https://video.twimg.com/ext_tw_video/887701377090150400/pu/vid/480x480/zWRng7VpG-2GJfp0.mp4"},{"bitrate":320000,"content_type":"video/mp4","url":"https://video.twimg.com/ext_tw_video/887701377090150400/pu/vid/240x240/-ToYHsLu0xpYhfIt.mp4"},{"bitrate":1280000,"content_type":"video/mp4","url":"https://video.twimg.com/ext_tw_video/887701377090150400/pu/vid/720x720/RsSCVoIOBltzCjmg.mp4"},{"content_type":"application/x-mpegURL","url":"https://video.twimg.com/ext_tw_video/887701377090150400/pu/pl/5oAW2VCJwjZ7-QwD.m3u8"}]},"additional_media_info":{"monetizable":false}}]},"metadata":{"iso_language_code":"ja","result_type":"recent"},"source":"<a href=\"http://twitter.com/download/iphone\" rel=\"nofollow\">Twitter for iPhone</a>","in_reply_to_status_id":null,"in_reply_to_status_id_str":null,"in_reply_to_user_id":null,"in_reply_to_user_id_str":null,"in_reply_to_screen_name":null,"user":{"id":154943754,"id_str":"154943754","name":"ディスコ","screen_name":"SAITO_DISCO","location":"西五反田","description":"","url":null,"entities":{"description":{"urls":[]}},"protected":false,"followers_count":1346,"friends_count":756,"listed_count":11,"created_at":"Sat Jun 12 17:14:45 +0000 2010","favourites_count":568,"utc_offset":-36000,"time_zone":"Hawaii","geo_enabled":true,"verified":false,"statuses_count":23070,"lang":"ja","contributors_enabled":false,"is_translator":false,"is_translation_enabled":false,"profile_background_color":"C0DEED","profile_background_image_url":"http://pbs.twimg.com/profile_background_images/681935343117926400/C9iskoBm.jpg","profile_background_image_url_https":"https://pbs.twimg.com/profile_background_images/681935343117926400/C9iskoBm.jpg","profile_background_tile":true,"profile_image_url":"http://pbs.twimg.com/profile_images/884093224943443969/PdIFrh7v_normal.jpg","profile_image_url_https":"https://pbs.twimg.com/profile_images/884093224943443969/PdIFrh7v_normal.jpg","profile_banner_url":"https://pbs.twimg.com/profile_banners/154943754/1498595443","profile_link_color":"0084B4","profile_sidebar_border_color":"FFFFFF","profile_sidebar_fill_color":"DDEEF6","profile_text_color":"AA6AE6","profile_use_background_image":true,"has_extended_profile":true,"default_profile":false,"default_profile_image":false,"following":false,"follow_request_sent":false,"notifications":false,"translator_type":"none"},"geo":null,"coordinates":null,"place":null,"contributors":null,"is_quote_status":false,"retweet_count":2064,"favorite_count":4475,"favorited":false,"retweeted":false,"possibly_sensitive":false,"lang":"ja"},{"created_at":"Wed Jul 19 15:50:58 +0000 2017","id":887701307217150000,"id_str":"887701307217149952","text":"隠れたヒカキンを探せ！#5\n【難易度 爆絶】\n見つけた人はRT！ #ヒカキンを探せ https://t.co/XCmfBIgj7W","truncated":false,"entities":{"hashtags":[{"text":"ヒカキンを探せ","indices":[33,41]}],"symbols":[],"user_mentions":[],"urls":[],"media":[{"id":887701296379117600,"id_str":"887701296379117569","indices":[42,65],"media_url":"http://pbs.twimg.com/media/DFG_oDVUwAEFkBL.jpg","media_url_https":"https://pbs.twimg.com/media/DFG_oDVUwAEFkBL.jpg","url":"https://t.co/XCmfBIgj7W","display_url":"pic.twitter.com/XCmfBIgj7W","expanded_url":"https://twitter.com/hikakin/status/887701307217149952/photo/1","type":"photo","sizes":{"medium":{"w":1200,"h":900,"resize":"fit"},"small":{"w":680,"h":510,"resize":"fit"},"thumb":{"w":150,"h":150,"resize":"crop"},"large":{"w":2048,"h":1536,"resize":"fit"}}}]},"extended_entities":{"media":[{"id":887701296379117600,"id_str":"887701296379117569","indices":[42,65],"media_url":"http://pbs.twimg.com/media/DFG_oDVUwAEFkBL.jpg","media_url_https":"https://pbs.twimg.com/media/DFG_oDVUwAEFkBL.jpg","url":"https://t.co/XCmfBIgj7W","display_url":"pic.twitter.com/XCmfBIgj7W","expanded_url":"https://twitter.com/hikakin/status/887701307217149952/photo/1","type":"photo","sizes":{"medium":{"w":1200,"h":900,"resize":"fit"},"small":{"w":680,"h":510,"resize":"fit"},"thumb":{"w":150,"h":150,"resize":"crop"},"large":{"w":2048,"h":1536,"resize":"fit"}}}]},"metadata":{"iso_language_code":"ja","result_type":"recent"},"source":"<a href=\"http://twitter.com/download/iphone\" rel=\"nofollow\">Twitter for iPhone</a>","in_reply_to_status_id":null,"in_reply_to_status_id_str":null,"in_reply_to_user_id":null,"in_reply_to_user_id_str":null,"in_reply_to_screen_name":null,"user":{"id":130447415,"id_str":"130447415","name":"HIKAKIN ヒカキン","screen_name":"hikakin","location":"Tokyo","description":"YouTuber（ユーチューバー）やってます。平成生まれ。YouTube歴11年。再生回数計64億回、チャンネル登録者計970万人突破。 インスタグラムもフォロー是非→https://t.co/3N95acANAT","url":"https://t.co/TiG4bRwwRJ","entities":{"url":{"urls":[{"url":"https://t.co/TiG4bRwwRJ","expanded_url":"https://www.youtube.com/user/hikakintv","display_url":"youtube.com/user/hikakintv","indices":[0,23]}]},"description":{"urls":[{"url":"https://t.co/3N95acANAT","expanded_url":"https://www.instagram.com/hikakin/","display_url":"instagram.com/hikakin/","indices":[84,107]}]}},"protected":false,"followers_count":2125076,"friends_count":969,"listed_count":4856,"created_at":"Wed Apr 07 09:33:08 +0000 2010","favourites_count":4389,"utc_offset":-36000,"time_zone":"Hawaii","geo_enabled":false,"verified":true,"statuses_count":36977,"lang":"ja","contributors_enabled":false,"is_translator":false,"is_translation_enabled":false,"profile_background_color":"000000","profile_background_image_url":"http://pbs.twimg.com/profile_background_images/544921687/__________2012-05-05_18.56.52.png","profile_background_image_url_https":"https://pbs.twimg.com/profile_background_images/544921687/__________2012-05-05_18.56.52.png","profile_background_tile":false,"profile_image_url":"http://pbs.twimg.com/profile_images/826448439592366081/yNaadj6o_normal.jpg","profile_image_url_https":"https://pbs.twimg.com/profile_images/826448439592366081/yNaadj6o_normal.jpg","profile_banner_url":"https://pbs.twimg.com/profile_banners/130447415/1500095977","profile_link_color":"05B9F0","profile_sidebar_border_color":"000000","profile_sidebar_fill_color":"EFEFEF","profile_text_color":"333333","profile_use_background_image":false,"has_extended_profile":true,"default_profile":false,"default_profile_image":false,"following":false,"follow_request_sent":false,"notifications":false,"translator_type":"none"},"geo":null,"coordinates":null,"place":null,"contributors":null,"is_quote_status":false,"retweet_count":3500,"favorite_count":3890,"favorited":false,"retweeted":false,"possibly_sensitive":false,"lang":"ja"},{"created_at":"Wed Jul 19 15:50:57 +0000 2017","id":887701301747896300,"id_str":"887701301747896321","text":"この後25時〜ニッポン放送「AKB48のオールナイトニッポン 欅坂46スペシャル」に尾関梨香、織田奈那、小池美波、菅井友香、長沢菜々香、加藤史帆、齊藤京子、高瀬愛奈が出演致します🌠\nぜひお聴きください❣️\n#欅坂46… https://t.co/pOiF79Uee9","truncated":true,"entities":{"hashtags":[{"text":"欅坂46","indices":[103,108]}],"symbols":[],"user_mentions":[],"urls":[{"url":"https://t.co/pOiF79Uee9","expanded_url":"https://twitter.com/i/web/status/887701301747896321","display_url":"twitter.com/i/web/status/8…","indices":[110,133]}]},"metadata":{"iso_language_code":"ja","result_type":"recent"},"source":"<a href=\"http://www.echofon.com/\" rel=\"nofollow\">Echofon</a>","in_reply_to_status_id":null,"in_reply_to_status_id_str":null,"in_reply_to_user_id":null,"in_reply_to_user_id_str":null,"in_reply_to_screen_name":null,"user":{"id":3433403638,"id_str":"3433403638","name":"欅坂46","screen_name":"keyakizaka46","location":"","description":"秋元康 総合プロデュース、乃木坂46に続く「坂道シリーズ」第2弾。2015年8月21日、乃木坂46結成から4年後の同じ日・同じ場所で結成。応募総数22,509名の中から選ばれたメンバーで2016年4月6日「サイレントマジョリティー」でデビュー!2017年7月19日1stアルバム「真っ白なものは汚したくなる」リリース予定","url":"https://t.co/Rpjth8X8lU","entities":{"url":{"urls":[{"url":"https://t.co/Rpjth8X8lU","expanded_url":"http://www.keyakizaka46.com/","display_url":"keyakizaka46.com","indices":[0,23]}]},"description":{"urls":[]}},"protected":false,"followers_count":436968,"friends_count":0,"listed_count":2163,"created_at":"Thu Aug 20 22:00:08 +0000 2015","favourites_count":0,"utc_offset":null,"time_zone":null,"geo_enabled":false,"verified":true,"statuses_count":945,"lang":"ja","contributors_enabled":false,"is_translator":false,"is_translation_enabled":false,"profile_background_color":"000000","profile_background_image_url":"http://abs.twimg.com/images/themes/theme1/bg.png","profile_background_image_url_https":"https://abs.twimg.com/images/themes/theme1/bg.png","profile_background_tile":false,"profile_image_url":"http://pbs.twimg.com/profile_images/875580356996415488/tN4jYZEL_normal.jpg","profile_image_url_https":"https://pbs.twimg.com/profile_images/875580356996415488/tN4jYZEL_normal.jpg","profile_banner_url":"https://pbs.twimg.com/profile_banners/3433403638/1450171390","profile_link_color":"5FB955","profile_sidebar_border_color":"000000","profile_sidebar_fill_color":"000000","profile_text_color":"000000","profile_use_background_image":false,"has_extended_profile":false,"default_profile":false,"default_profile_image":false,"following":false,"follow_request_sent":false,"notifications":false,"translator_type":"none"},"geo":null,"coordinates":null,"place":null,"contributors":null,"is_quote_status":false,"retweet_count":915,"favorite_count":3514,"favorited":false,"retweeted":false,"possibly_sensitive":false,"lang":"ja"},{"created_at":"Wed Jul 19 15:49:45 +0000 2017","id":887701000559218700,"id_str":"887701000559218689","text":"私の大切な人の誕生日です。\n\nいろんな景色を色んな仲間と過ごしてきました。\n\n今年もよろしく。4度目の景色を共に。\n\nお誕生日おめでとう。\n\n八田美咲様 https://t.co/h8A9zEnYd5","truncated":false,"entities":{"hashtags":[],"symbols":[],"user_mentions":[],"urls":[],"media":[{"id":887700990664646700,"id_str":"887700990664646658","indices":[77,100],"media_url":"http://pbs.twimg.com/media/DFG_WQdUIAIkVi-.jpg","media_url_https":"https://pbs.twimg.com/media/DFG_WQdUIAIkVi-.jpg","url":"https://t.co/h8A9zEnYd5","display_url":"pic.twitter.com/h8A9zEnYd5","expanded_url":"https://twitter.com/uechan_0905/status/887701000559218689/photo/1","type":"photo","sizes":{"large":{"w":1108,"h":1478,"resize":"fit"},"thumb":{"w":150,"h":150,"resize":"crop"},"small":{"w":510,"h":680,"resize":"fit"},"medium":{"w":900,"h":1200,"resize":"fit"}}}]},"extended_entities":{"media":[{"id":887700990664646700,"id_str":"887700990664646658","indices":[77,100],"media_url":"http://pbs.twimg.com/media/DFG_WQdUIAIkVi-.jpg","media_url_https":"https://pbs.twimg.com/media/DFG_WQdUIAIkVi-.jpg","url":"https://t.co/h8A9zEnYd5","display_url":"pic.twitter.com/h8A9zEnYd5","expanded_url":"https://twitter.com/uechan_0905/status/887701000559218689/photo/1","type":"photo","sizes":{"large":{"w":1108,"h":1478,"resize":"fit"},"thumb":{"w":150,"h":150,"resize":"crop"},"small":{"w":510,"h":680,"resize":"fit"},"medium":{"w":900,"h":1200,"resize":"fit"}}},{"id":887700990668832800,"id_str":"887700990668832768","indices":[77,100],"media_url":"http://pbs.twimg.com/media/DFG_WQeUAAAmyYp.jpg","media_url_https":"https://pbs.twimg.com/media/DFG_WQeUAAAmyYp.jpg","url":"https://t.co/h8A9zEnYd5","display_url":"pic.twitter.com/h8A9zEnYd5","expanded_url":"https://twitter.com/uechan_0905/status/887701000559218689/photo/1","type":"photo","sizes":{"medium":{"w":900,"h":1200,"resize":"fit"},"small":{"w":510,"h":680,"resize":"fit"},"thumb":{"w":150,"h":150,"resize":"crop"},"large":{"w":960,"h":1280,"resize":"fit"}}},{"id":887700990673141800,"id_str":"887700990673141761","indices":[77,100],"media_url":"http://pbs.twimg.com/media/DFG_WQfVwAEZwTH.jpg","media_url_https":"https://pbs.twimg.com/media/DFG_WQfVwAEZwTH.jpg","url":"https://t.co/h8A9zEnYd5","display_url":"pic.twitter.com/h8A9zEnYd5","expanded_url":"https://twitter.com/uechan_0905/status/887701000559218689/photo/1","type":"photo","sizes":{"medium":{"w":900,"h":1200,"resize":"fit"},"thumb":{"w":150,"h":150,"resize":"crop"},"large":{"w":960,"h":1280,"resize":"fit"},"small":{"w":510,"h":680,"resize":"fit"}}}]},"metadata":{"iso_language_code":"ja","result_type":"recent"},"source":"<a href=\"http://twitter.com/download/iphone\" rel=\"nofollow\">Twitter for iPhone</a>","in_reply_to_status_id":null,"in_reply_to_status_id_str":null,"in_reply_to_user_id":null,"in_reply_to_user_id_str":null,"in_reply_to_screen_name":null,"user":{"id":142446804,"id_str":"142446804","name":"植田圭輔","screen_name":"uechan_0905","location":"","description":"オフィシャルinfo 「うえちゃんネル」 https://t.co/u2VqGrKWTG","url":"https://t.co/Q1W5GrXHM0","entities":{"url":{"urls":[{"url":"https://t.co/Q1W5GrXHM0","expanded_url":"http://s.ameblo.jp/keisuke-ueda/","display_url":"s.ameblo.jp/keisuke-ueda/","indices":[0,23]}]},"description":{"urls":[{"url":"https://t.co/u2VqGrKWTG","expanded_url":"http://sp.ch.nicovideo.jp/uechannel","display_url":"sp.ch.nicovideo.jp/uechannel","indices":[21,44]}]}},"protected":false,"followers_count":128862,"friends_count":373,"listed_count":5872,"created_at":"Mon May 10 22:41:11 +0000 2010","favourites_count":3,"utc_offset":32400,"time_zone":"Tokyo","geo_enabled":false,"verified":false,"statuses_count":11140,"lang":"ja","contributors_enabled":false,"is_translator":false,"is_translation_enabled":false,"profile_background_color":"C0DEED","profile_background_image_url":"http://abs.twimg.com/images/themes/theme1/bg.png","profile_background_image_url_https":"https://abs.twimg.com/images/themes/theme1/bg.png","profile_background_tile":false,"profile_image_url":"http://pbs.twimg.com/profile_images/844388654709534720/Iw3kArFD_normal.jpg","profile_image_url_https":"https://pbs.twimg.com/profile_images/844388654709534720/Iw3kArFD_normal.jpg","profile_banner_url":"https://pbs.twimg.com/profile_banners/142446804/1383157757","profile_link_color":"1DA1F2","profile_sidebar_border_color":"C0DEED","profile_sidebar_fill_color":"DDEEF6","profile_text_color":"333333","profile_use_background_image":true,"has_extended_profile":false,"default_profile":true,"default_profile_image":false,"following":false,"follow_request_sent":false,"notifications":false,"translator_type":"none"},"geo":null,"coordinates":null,"place":null,"contributors":null,"is_quote_status":false,"retweet_count":1152,"favorite_count":3061,"favorited":false,"retweeted":false,"possibly_sensitive":false,"lang":"ja"},{"created_at":"Wed Jul 19 15:47:11 +0000 2017","id":887700353981988900,"id_str":"887700353981988864","text":"刀ミュ公式サイトで新作発表5日後とカウントダウン\n\n→　5日後は7/25火曜日\n\n→　来週に大阪城が来そうなスケジュール&amp;新刀剣\n\n→　大阪城新刀剣が刀ミュ新作に関わってる可能性\n\n→　今週金曜にチラ見せで火曜昼に全身公開か？\n\nhttps://t.co/OuPJeFer0L","truncated":false,"entities":{"hashtags":[],"symbols":[],"user_mentions":[],"urls":[{"url":"https://t.co/OuPJeFer0L","expanded_url":"https://musical-toukenranbu.jp","display_url":"musical-toukenranbu.jp","indices":[119,142]}]},"metadata":{"iso_language_code":"ja","result_type":"recent"},"source":"<a href=\"http://twitter.com\" rel=\"nofollow\">Twitter Web Client</a>","in_reply_to_status_id":null,"in_reply_to_status_id_str":null,"in_reply_to_user_id":null,"in_reply_to_user_id_str":null,"in_reply_to_screen_name":null,"user":{"id":2984106056,"id_str":"2984106056","name":"刀剣乱舞攻略速報【とうらぶ】※非公式","screen_name":"toukenkouryaku","location":"当サイトは非公式サイトです","description":"【重要】非公式ファンサイトのアカウントです。刀剣乱舞公式サイト → https://t.co/bMlNMyS5xt 刀剣乱舞のレシピ、攻略情報、グッズ、ニュース、刀剣展示情報を収集し発信中。 初心者向け情報→ https://t.co/dzrhxIEo6V 過去の記事も定期的に再ツイートしてます 個人垢→ @matokanx","url":"https://t.co/8RDL5CnqI5","entities":{"url":{"urls":[{"url":"https://t.co/8RDL5CnqI5","expanded_url":"http://xn--dkqp0gri91r38rn1wmlurtz.com/","display_url":"刀剣乱舞攻略速報.com","indices":[0,23]}]},"description":{"urls":[{"url":"https://t.co/bMlNMyS5xt","expanded_url":"http://bit.ly/1L0Xqzu","display_url":"bit.ly/1L0Xqzu","indices":[34,57]},{"url":"https://t.co/dzrhxIEo6V","expanded_url":"http://bit.ly/1OVzmxR","display_url":"bit.ly/1OVzmxR","indices":[105,128]}]}},"protected":false,"followers_count":149909,"friends_count":190,"listed_count":2781,"created_at":"Thu Jan 15 12:15:21 +0000 2015","favourites_count":188,"utc_offset":32400,"time_zone":"Tokyo","geo_enabled":false,"verified":false,"statuses_count":16710,"lang":"ja","contributors_enabled":false,"is_translator":false,"is_translation_enabled":true,"profile_background_color":"C0DEED","profile_background_image_url":"http://abs.twimg.com/images/themes/theme1/bg.png","profile_background_image_url_https":"https://abs.twimg.com/images/themes/theme1/bg.png","profile_background_tile":false,"profile_image_url":"http://pbs.twimg.com/profile_images/848015684080549888/t8wLwr0X_normal.jpg","profile_image_url_https":"https://pbs.twimg.com/profile_images/848015684080549888/t8wLwr0X_normal.jpg","profile_link_color":"1DA1F2","profile_sidebar_border_color":"C0DEED","profile_sidebar_fill_color":"DDEEF6","profile_text_color":"333333","profile_use_background_image":true,"has_extended_profile":false,"default_profile":true,"default_profile_image":false,"following":false,"follow_request_sent":false,"notifications":false,"translator_type":"none"},"geo":null,"coordinates":null,"place":null,"contributors":null,"is_quote_status":false,"retweet_count":1850,"favorite_count":888,"favorited":false,"retweeted":false,"possibly_sensitive":false,"lang":"ja"},{"created_at":"Wed Jul 19 15:46:53 +0000 2017","id":887700277943455700,"id_str":"887700277943455745","text":"当時描いたヨーコとヴィラル https://t.co/4jMHIS1FTI","truncated":false,"entities":{"hashtags":[],"symbols":[],"user_mentions":[],"urls":[],"media":[{"id":887700047755845600,"id_str":"887700047755845632","indices":[14,37],"media_url":"http://pbs.twimg.com/media/DFG-fX2VoAAewZW.jpg","media_url_https":"https://pbs.twimg.com/media/DFG-fX2VoAAewZW.jpg","url":"https://t.co/4jMHIS1FTI","display_url":"pic.twitter.com/4jMHIS1FTI","expanded_url":"https://twitter.com/zi38/status/887700277943455745/photo/1","type":"photo","sizes":{"small":{"w":476,"h":680,"resize":"fit"},"large":{"w":778,"h":1112,"resize":"fit"},"thumb":{"w":150,"h":150,"resize":"crop"},"medium":{"w":778,"h":1112,"resize":"fit"}}}]},"extended_entities":{"media":[{"id":887700047755845600,"id_str":"887700047755845632","indices":[14,37],"media_url":"http://pbs.twimg.com/media/DFG-fX2VoAAewZW.jpg","media_url_https":"https://pbs.twimg.com/media/DFG-fX2VoAAewZW.jpg","url":"https://t.co/4jMHIS1FTI","display_url":"pic.twitter.com/4jMHIS1FTI","expanded_url":"https://twitter.com/zi38/status/887700277943455745/photo/1","type":"photo","sizes":{"small":{"w":476,"h":680,"resize":"fit"},"large":{"w":778,"h":1112,"resize":"fit"},"thumb":{"w":150,"h":150,"resize":"crop"},"medium":{"w":778,"h":1112,"resize":"fit"}}},{"id":887700165959626800,"id_str":"887700165959626753","indices":[14,37],"media_url":"http://pbs.twimg.com/media/DFG-mQMUMAE2Zem.jpg","media_url_https":"https://pbs.twimg.com/media/DFG-mQMUMAE2Zem.jpg","url":"https://t.co/4jMHIS1FTI","display_url":"pic.twitter.com/4jMHIS1FTI","expanded_url":"https://twitter.com/zi38/status/887700277943455745/photo/1","type":"photo","sizes":{"medium":{"w":853,"h":1200,"resize":"fit"},"thumb":{"w":150,"h":150,"resize":"crop"},"large":{"w":1378,"h":1939,"resize":"fit"},"small":{"w":483,"h":680,"resize":"fit"}}}]},"metadata":{"iso_language_code":"ja","result_type":"recent"},"source":"<a href=\"http://twitter.com\" rel=\"nofollow\">Twitter Web Client</a>","in_reply_to_status_id":null,"in_reply_to_status_id_str":null,"in_reply_to_user_id":null,"in_reply_to_user_id_str":null,"in_reply_to_screen_name":null,"user":{"id":18010417,"id_str":"18010417","name":"三輪士郎/Shirow Miwa","screen_name":"zi38","location":"ここに居ます","description":"漫画とか描くんですよ 集英社ウルトラジャンプ「DOGS/B&C」「RWBY」 セガゲームス「セブンスドラゴン2020」 「セブンスドラゴンⅢCODE:VFD」 プロダクションIG「ジョーカーゲーム」TRIGGER「キズナイーバー」 ニトロプラス「刀剣乱舞」","url":"https://t.co/xaiipoYZod","entities":{"url":{"urls":[{"url":"https://t.co/xaiipoYZod","expanded_url":"http://mmm-gee.net/","display_url":"mmm-gee.net","indices":[0,23]}]},"description":{"urls":[]}},"protected":false,"followers_count":169052,"friends_count":894,"listed_count":4465,"created_at":"Wed Dec 10 02:56:30 +0000 2008","favourites_count":113,"utc_offset":32400,"time_zone":"Tokyo","geo_enabled":false,"verified":false,"statuses_count":16896,"lang":"ja","contributors_enabled":false,"is_translator":false,"is_translation_enabled":false,"profile_background_color":"1A1B1F","profile_background_image_url":"http://pbs.twimg.com/profile_background_images/663284177/mkriiyut5wa7lvvquo1g.jpeg","profile_background_image_url_https":"https://pbs.twimg.com/profile_background_images/663284177/mkriiyut5wa7lvvquo1g.jpeg","profile_background_tile":true,"profile_image_url":"http://pbs.twimg.com/profile_images/2518196915/z83n7368aa9vibwhv5qf_normal.jpeg","profile_image_url_https":"https://pbs.twimg.com/profile_images/2518196915/z83n7368aa9vibwhv5qf_normal.jpeg","profile_banner_url":"https://pbs.twimg.com/profile_banners/18010417/1411593873","profile_link_color":"D611A5","profile_sidebar_border_color":"FFFFFF","profile_sidebar_fill_color":"252429","profile_text_color":"666666","profile_use_background_image":true,"has_extended_profile":false,"default_profile":false,"default_profile_image":false,"following":false,"follow_request_sent":false,"notifications":false,"translator_type":"none"},"geo":null,"coordinates":null,"place":null,"contributors":null,"is_quote_status":false,"retweet_count":997,"favorite_count":2418,"favorited":false,"retweeted":false,"possibly_sensitive":false,"lang":"ja"}],"search_metadata":{"completed_in":0.143,"max_id":887721445245112300,"max_id_str":"887721445245112320","next_results":"?max_id=887700277943455744&q=lang%3Aja%20min_retweets%3A500&include_entities=1","query":"lang%3Aja+min_retweets%3A500","refresh_url":"?since_id=887721445245112320&q=lang%3Aja%20min_retweets%3A500&include_entities=1","count":15,"since_id":0,"since_id_str":"0"}}