{"statuses":[{"created_at":"Thu Jul 20 11:53:53 +0000 2017","id":888004031133515800,"id_str":"888004031133515776","text":"明日のやすひろさんとのアルバムもたくさん予約してもらえているみたいでわたしはうれしい やっぱり出すからには少しでも多くの人に聞いてもらいたいというのが素直な気持ちです きっと良いアルバムになっているのでたくさん聞いて欲しいんだぜ","truncated":false,"entities":{"hashtags":[],"symbols":[],"user_mentions":[],"urls":[]},"metadata":{"iso_language_code":"ja","result_type":"recent"},"source":"<a href=\"http://tapbots.com/tweetbot\" rel=\"nofollow\">Tweetbot for iΟS</a>","in_reply_to_status_id":null,"in_reply_to_status_id_str":null,"in_reply_to_user_id":null,"in_reply_to_user_id_str":null,"in_reply_to_screen_name":null,"user":{"id":53949113,"id_str":"53949113","name":"そらる@CD出るよ","screen_name":"soraruru","location":"イスの上","description":"歌うのが好きです。なにかあれば（soraru_nico@yahoo.co.jp） 「After the Rain」 歌 / ミックス ★HP（https://t.co/DXerRbidZD） ★youtube（https://t.co/BPyoT0WpgD） ★インフォ （@soraru_info）","url":"https://t.co/DXerRbidZD","entities":{"url":{"urls":[{"url":"https://t.co/DXerRbidZD","expanded_url":"http://soraruru.jp/","display_url":"soraruru.jp","indices":[0,23]}]},"description":{"urls":[{"url":"https://t.co/DXerRbidZD","expanded_url":"http://soraruru.jp/","display_url":"soraruru.jp","indices":[71,94]},{"url":"https://t.co/BPyoT0WpgD","expanded_url":"https://www.youtube.com/user/soraruYT","display_url":"youtube.com/user/soraruYT","indices":[105,128]}]}},"protected":false,"followers_count":816257,"friends_count":490,"listed_count":11529,"created_at":"Sun Jul 05 16:52:48 +0000 2009","favourites_count":52,"utc_offset":-36000,"time_zone":"Hawaii","geo_enabled":false,"verified":true,"statuses_count":108404,"lang":"ja","contributors_enabled":false,"is_translator":false,"is_translation_enabled":false,"profile_background_color":"C0DEED","profile_background_image_url":"http://pbs.twimg.com/profile_background_images/204536235/AIMAI.jpg","profile_background_image_url_https":"https://pbs.twimg.com/profile_background_images/204536235/AIMAI.jpg","profile_background_tile":false,"profile_image_url":"http://pbs.twimg.com/profile_images/849083115255541760/DMfTzKmA_normal.jpg","profile_image_url_https":"https://pbs.twimg.com/profile_images/849083115255541760/DMfTzKmA_normal.jpg","profile_banner_url":"https://pbs.twimg.com/profile_banners/53949113/1429782818","profile_link_color":"0084B4","profile_sidebar_border_color":"C0DEED","profile_sidebar_fill_color":"ABC5D1","profile_text_color":"333333","profile_use_background_image":true,"has_extended_profile":false,"default_profile":false,"default_profile_image":false,"following":false,"follow_request_sent":false,"notifications":false,"translator_type":"none"},"geo":null,"coordinates":null,"place":null,"contributors":null,"is_quote_status":false,"retweet_count":813,"favorite_count":5132,"favorited":false,"retweeted":false,"lang":"ja"},{"created_at":"Thu Jul 20 11:52:23 +0000 2017","id":888003652316561400,"id_str":"888003652316561408","text":"スリーランホーーーームラン！！！これで同点！！\n#lovefighters #宇宙一のその先へ https://t.co/2Kq0aqpFII","truncated":false,"entities":{"hashtags":[{"text":"lovefighters","indices":[24,37]},{"text":"宇宙一のその先へ","indices":[38,47]}],"symbols":[],"user_mentions":[],"urls":[],"media":[{"id":888003109267447800,"id_str":"888003109267447808","indices":[48,71],"media_url":"http://pbs.twimg.com/amplify_video_thumb/888003109267447808/img/E0gNGylhwTAPnfwA.jpg","media_url_https":"https://pbs.twimg.com/amplify_video_thumb/888003109267447808/img/E0gNGylhwTAPnfwA.jpg","url":"https://t.co/2Kq0aqpFII","display_url":"pic.twitter.com/2Kq0aqpFII","expanded_url":"https://twitter.com/FightersPR/status/888003652316561408/video/1","type":"photo","sizes":{"large":{"w":960,"h":540,"resize":"fit"},"small":{"w":340,"h":191,"resize":"fit"},"thumb":{"w":150,"h":150,"resize":"crop"},"medium":{"w":600,"h":338,"resize":"fit"}}}]},"extended_entities":{"media":[{"id":888003109267447800,"id_str":"888003109267447808","indices":[48,71],"media_url":"http://pbs.twimg.com/amplify_video_thumb/888003109267447808/img/E0gNGylhwTAPnfwA.jpg","media_url_https":"https://pbs.twimg.com/amplify_video_thumb/888003109267447808/img/E0gNGylhwTAPnfwA.jpg","url":"https://t.co/2Kq0aqpFII","display_url":"pic.twitter.com/2Kq0aqpFII","expanded_url":"https://twitter.com/FightersPR/status/888003652316561408/video/1","type":"video","sizes":{"large":{"w":960,"h":540,"resize":"fit"},"small":{"w":340,"h":191,"resize":"fit"},"thumb":{"w":150,"h":150,"resize":"crop"},"medium":{"w":600,"h":338,"resize":"fit"}},"video_info":{"aspect_ratio":[16,9],"duration_millis":53587,"variants":[{"bitrate":832000,"content_type":"video/mp4","url":"https://video.twimg.com/amplify_video/888003109267447808/vid/640x360/blgY6twH_iZv-wvb.mp4"},{"content_type":"application/x-mpegURL","url":"https://video.twimg.com/amplify_video/888003109267447808/pl/ziPSxkf6nusdx92Y.m3u8"},{"bitrate":320000,"content_type":"video/mp4","url":"https://video.twimg.com/amplify_video/888003109267447808/vid/320x180/GzEja-hOWZZ8vNuj.mp4"}]},"additional_media_info":{"title":"","description":"","embeddable":true,"monetizable":false}}]},"metadata":{"iso_language_code":"ja","result_type":"recent"},"source":"<a href=\"https://studio.twitter.com\" rel=\"nofollow\">Media Studio</a>","in_reply_to_status_id":null,"in_reply_to_status_id_str":null,"in_reply_to_user_id":null,"in_reply_to_user_id_str":null,"in_reply_to_screen_name":null,"user":{"id":2991223079,"id_str":"2991223079","name":"北海道日本ハムファイターズ公式","screen_name":"FightersPR","location":"北海道","description":"北海道日本ハムファイターズの公式アカウントです。沢山の情報をつぶやきますのでお楽しみに！一丸となって日本一を、いや宇宙一を目指しましょう！ファイターズの応援宜しくお願いします！！ ※スパム行為や過度の誹謗中傷などに関しましては通報またはブロックをさせて頂くことがありますのでご了承ください。","url":"https://t.co/SA73lnjwFO","entities":{"url":{"urls":[{"url":"https://t.co/SA73lnjwFO","expanded_url":"http://www.fighters.co.jp","display_url":"fighters.co.jp","indices":[0,23]}]},"description":{"urls":[]}},"protected":false,"followers_count":660226,"friends_count":73,"listed_count":1468,"created_at":"Thu Jan 22 02:52:41 +0000 2015","favourites_count":349,"utc_offset":-25200,"time_zone":"Pacific Time (US & Canada)","geo_enabled":false,"verified":true,"statuses_count":5557,"lang":"ja","contributors_enabled":false,"is_translator":false,"is_translation_enabled":false,"profile_background_color":"C0DEED","profile_background_image_url":"http://pbs.twimg.com/profile_background_images/563589746245386241/LWHTm-3G.jpeg","profile_background_image_url_https":"https://pbs.twimg.com/profile_background_images/563589746245386241/LWHTm-3G.jpeg","profile_background_tile":true,"profile_image_url":"http://pbs.twimg.com/profile_images/887130284486934528/ORzPxnpl_normal.jpg","profile_image_url_https":"https://pbs.twimg.com/profile_images/887130284486934528/ORzPxnpl_normal.jpg","profile_banner_url":"https://pbs.twimg.com/profile_banners/2991223079/1500362445","profile_link_color":"1B95E0","profile_sidebar_border_color":"000000","profile_sidebar_fill_color":"000000","profile_text_color":"000000","profile_use_background_image":true,"has_extended_profile":false,"default_profile":false,"default_profile_image":false,"following":false,"follow_request_sent":false,"notifications":false,"translator_type":"none"},"geo":null,"coordinates":null,"place":null,"contributors":null,"is_quote_status":false,"retweet_count":921,"favorite_count":1872,"favorited":false,"retweeted":false,"possibly_sensitive":false,"lang":"ja"},{"created_at":"Thu Jul 20 11:51:19 +0000 2017","id":888003383457529900,"id_str":"888003383457529856","text":"サウスポーーーーーッ🎳 https://t.co/qmrIiILZDO","truncated":false,"entities":{"hashtags":[],"symbols":[],"user_mentions":[],"urls":[],"media":[{"id":888003373064003600,"id_str":"888003373064003585","indices":[12,35],"media_url":"http://pbs.twimg.com/media/DFLSXOrUIAE_rEK.jpg","media_url_https":"https://pbs.twimg.com/media/DFLSXOrUIAE_rEK.jpg","url":"https://t.co/qmrIiILZDO","display_url":"pic.twitter.com/qmrIiILZDO","expanded_url":"https://twitter.com/boc_chama/status/888003383457529856/photo/1","type":"photo","sizes":{"medium":{"w":1200,"h":900,"resize":"fit"},"small":{"w":680,"h":510,"resize":"fit"},"thumb":{"w":150,"h":150,"resize":"crop"},"large":{"w":1478,"h":1108,"resize":"fit"}}}]},"extended_entities":{"media":[{"id":888003373064003600,"id_str":"888003373064003585","indices":[12,35],"media_url":"http://pbs.twimg.com/media/DFLSXOrUIAE_rEK.jpg","media_url_https":"https://pbs.twimg.com/media/DFLSXOrUIAE_rEK.jpg","url":"https://t.co/qmrIiILZDO","display_url":"pic.twitter.com/qmrIiILZDO","expanded_url":"https://twitter.com/boc_chama/status/888003383457529856/photo/1","type":"photo","sizes":{"medium":{"w":1200,"h":900,"resize":"fit"},"small":{"w":680,"h":510,"resize":"fit"},"thumb":{"w":150,"h":150,"resize":"crop"},"large":{"w":1478,"h":1108,"resize":"fit"}}}]},"metadata":{"iso_language_code":"ja","result_type":"recent"},"source":"<a href=\"http://twitter.com/download/iphone\" rel=\"nofollow\">Twitter for iPhone</a>","in_reply_to_status_id":null,"in_reply_to_status_id_str":null,"in_reply_to_user_id":null,"in_reply_to_user_id_str":null,"in_reply_to_screen_name":null,"user":{"id":1356286430,"id_str":"1356286430","name":"CHAMA","screen_name":"boc_chama","location":"","description":"BUMP OF CHICKENのBASS担当のCHAMAです。TRANSFORMERSが大好きです。","url":null,"entities":{"description":{"urls":[]}},"protected":false,"followers_count":561791,"friends_count":1,"listed_count":4222,"created_at":"Tue Apr 16 07:29:08 +0000 2013","favourites_count":0,"utc_offset":28800,"time_zone":"Irkutsk","geo_enabled":false,"verified":true,"statuses_count":1011,"lang":"ja","contributors_enabled":false,"is_translator":false,"is_translation_enabled":false,"profile_background_color":"000000","profile_background_image_url":"http://pbs.twimg.com/profile_background_images/450626747449348096/rM88qM3c.jpeg","profile_background_image_url_https":"https://pbs.twimg.com/profile_background_images/450626747449348096/rM88qM3c.jpeg","profile_background_tile":false,"profile_image_url":"http://pbs.twimg.com/profile_images/542521509705576448/0bvm0b-I_normal.jpeg","profile_image_url_https":"https://pbs.twimg.com/profile_images/542521509705576448/0bvm0b-I_normal.jpeg","profile_banner_url":"https://pbs.twimg.com/profile_banners/1356286430/1418182183","profile_link_color":"000000","profile_sidebar_border_color":"000000","profile_sidebar_fill_color":"DDEEF6","profile_text_color":"333333","profile_use_background_image":true,"has_extended_profile":false,"default_profile":false,"default_profile_image":false,"following":false,"follow_request_sent":false,"notifications":false,"translator_type":"none"},"geo":null,"coordinates":null,"place":null,"contributors":null,"is_quote_status":false,"retweet_count":1272,"favorite_count":5598,"favorited":false,"retweeted":false,"possibly_sensitive":false,"lang":"ja"},{"created_at":"Thu Jul 20 11:47:29 +0000 2017","id":888002419409338400,"id_str":"888002419409338368","text":"めざましじゃんけん好きはRT♪\n【1戦目】５時５８分　まちかどじゃんけん\n【2戦目】６時５８分　THE RAMPAGE from EXILE TRIBE\n【3戦目】７時２９分　中島健人さん\n【4戦目】７時５８分　宮野真守さん\n#めざましテレビ","truncated":false,"entities":{"hashtags":[{"text":"めざましテレビ","indices":[113,121]}],"symbols":[],"user_mentions":[],"urls":[]},"metadata":{"iso_language_code":"ja","result_type":"recent"},"source":"<a href=\"http://twitter.com\" rel=\"nofollow\">Twitter Web Client</a>","in_reply_to_status_id":null,"in_reply_to_status_id_str":null,"in_reply_to_user_id":null,"in_reply_to_user_id_str":null,"in_reply_to_screen_name":null,"user":{"id":1463837886,"id_str":"1463837886","name":"めざましテレビ","screen_name":"cx_mezamashi","location":"","description":"フジテレビ「めざましテレビ」の公式アカウントです！「#めざましテレビ」を付けたコメントは放送で使われることも♪／「めざましテレビスタッフ(@mezastaff)」「ココ調スタッフ(@cx_mezacoco)」も番組公式アカウントです／出演者告知は予告なく変更する場合があります。","url":"http://t.co/fExlZ7pFie","entities":{"url":{"urls":[{"url":"http://t.co/fExlZ7pFie","expanded_url":"http://www.fujitv.co.jp/meza/index.html","display_url":"fujitv.co.jp/meza/index.html","indices":[0,22]}]},"description":{"urls":[]}},"protected":false,"followers_count":461476,"friends_count":14,"listed_count":2701,"created_at":"Tue May 28 05:04:01 +0000 2013","favourites_count":5,"utc_offset":32400,"time_zone":"Tokyo","geo_enabled":false,"verified":true,"statuses_count":25876,"lang":"ja","contributors_enabled":false,"is_translator":false,"is_translation_enabled":false,"profile_background_color":"E2FF98","profile_background_image_url":"http://pbs.twimg.com/profile_background_images/378800000015366466/38b8bc51c85a8fd756e7f6fe74554efb.jpeg","profile_background_image_url_https":"https://pbs.twimg.com/profile_background_images/378800000015366466/38b8bc51c85a8fd756e7f6fe74554efb.jpeg","profile_background_tile":false,"profile_image_url":"http://pbs.twimg.com/profile_images/875437355028463617/IO_ZaC6p_normal.jpg","profile_image_url_https":"https://pbs.twimg.com/profile_images/875437355028463617/IO_ZaC6p_normal.jpg","profile_banner_url":"https://pbs.twimg.com/profile_banners/1463837886/1459768595","profile_link_color":"F88F47","profile_sidebar_border_color":"FFFFFF","profile_sidebar_fill_color":"DDEEF6","profile_text_color":"333333","profile_use_background_image":true,"has_extended_profile":false,"default_profile":false,"default_profile_image":false,"following":false,"follow_request_sent":false,"notifications":false,"translator_type":"none"},"geo":null,"coordinates":null,"place":null,"contributors":null,"is_quote_status":false,"retweet_count":783,"favorite_count":1263,"favorited":false,"retweeted":false,"lang":"ja"},{"created_at":"Thu Jul 20 11:45:19 +0000 2017","id":888001871893241900,"id_str":"888001871893241856","text":"まふまふ、10月にソロアルバム「明日色ワールドエンド」発表 https://t.co/RIgQAdZe1d","truncated":false,"entities":{"hashtags":[],"symbols":[],"user_mentions":[],"urls":[{"url":"https://t.co/RIgQAdZe1d","expanded_url":"http://natalie.mu/music/news/241631","display_url":"natalie.mu/music/news/241…","indices":[30,53]}]},"metadata":{"iso_language_code":"ja","result_type":"recent"},"source":"<a href=\"http://natalie.mu/music\" rel=\"nofollow\">ナタリー</a>","in_reply_to_status_id":null,"in_reply_to_status_id_str":null,"in_reply_to_user_id":null,"in_reply_to_user_id_str":null,"in_reply_to_screen_name":null,"user":{"id":5649672,"id_str":"5649672","name":"音楽ナタリー","screen_name":"natalie_mu","location":"東京","description":"国内No.1の情報量を誇る音楽ニュースサイト。コミックナタリー（@comic_natalie）、お笑いナタリー（@owarai_natalie）、映画ナタリー（@eiga_natalie）、ステージナタリー（@stage_natalie）、ナタリーストア（@natalie_store）もあわせてどうぞ。","url":"http://t.co/5Y8DX61xfe","entities":{"url":{"urls":[{"url":"http://t.co/5Y8DX61xfe","expanded_url":"http://natalie.mu/music","display_url":"natalie.mu/music","indices":[0,22]}]},"description":{"urls":[]}},"protected":false,"followers_count":1046483,"friends_count":5,"listed_count":22631,"created_at":"Mon Apr 30 11:00:09 +0000 2007","favourites_count":0,"utc_offset":32400,"time_zone":"Tokyo","geo_enabled":false,"verified":true,"statuses_count":122087,"lang":"ja","contributors_enabled":false,"is_translator":false,"is_translation_enabled":true,"profile_background_color":"E4E0D9","profile_background_image_url":"http://pbs.twimg.com/profile_background_images/4244540/music_bg.png","profile_background_image_url_https":"https://pbs.twimg.com/profile_background_images/4244540/music_bg.png","profile_background_tile":false,"profile_image_url":"http://pbs.twimg.com/profile_images/541889848726921216/idvp5jki_normal.png","profile_image_url_https":"https://pbs.twimg.com/profile_images/541889848726921216/idvp5jki_normal.png","profile_banner_url":"https://pbs.twimg.com/profile_banners/5649672/1418031562","profile_link_color":"F980BC","profile_sidebar_border_color":"E4E0D9","profile_sidebar_fill_color":"FFFFFF","profile_text_color":"000000","profile_use_background_image":true,"has_extended_profile":false,"default_profile":false,"default_profile_image":false,"following":false,"follow_request_sent":false,"notifications":false,"translator_type":"none"},"geo":null,"coordinates":null,"place":null,"contributors":null,"is_quote_status":false,"retweet_count":671,"favorite_count":1168,"favorited":false,"retweeted":false,"possibly_sensitive":false,"lang":"ja"},{"created_at":"Thu Jul 20 11:42:50 +0000 2017","id":888001248846258200,"id_str":"888001248846258176","text":"『夢のまた夢』と『罰ゲーム』ミリオンありがとう！\nＣＤ発表までにいったらいいなって思っていたら...！　\nしかし！！それを予知して準備していたものが！！\n過去曲にもスポットをあてたくて！！例のアレです！！！\n\n明日の１８時に『夢のまた夢』の実写MVを投稿します！！（ようつべ）","truncated":false,"entities":{"hashtags":[],"symbols":[],"user_mentions":[],"urls":[]},"metadata":{"iso_language_code":"ja","result_type":"recent"},"source":"<a href=\"http://twitter.com\" rel=\"nofollow\">Twitter Web Client</a>","in_reply_to_status_id":null,"in_reply_to_status_id_str":null,"in_reply_to_user_id":null,"in_reply_to_user_id_str":null,"in_reply_to_screen_name":null,"user":{"id":268758461,"id_str":"268758461","name":"まふまふ＠何でも屋さん","screen_name":"uni_mafumafu","location":"夢の中","description":"何でも屋です。ねむり　歌 / 作詞作曲 / 編曲　After the Rain、オリコンウィークリー２位獲得しました　まふてる⇒(@uni_mafuteru) ニコニコ動画 https://t.co/9XtigvFrOE  Youtube https://t.co/QoUG6At4z2","url":"https://t.co/cSdsbyhY3S","entities":{"url":{"urls":[{"url":"https://t.co/cSdsbyhY3S","expanded_url":"http://uni-mafumafu.jp/","display_url":"uni-mafumafu.jp","indices":[0,23]}]},"description":{"urls":[{"url":"https://t.co/9XtigvFrOE","expanded_url":"http://goo.gl/UQU30u","display_url":"goo.gl/UQU30u","indices":[87,110]},{"url":"https://t.co/QoUG6At4z2","expanded_url":"http://youtube.com/c/uni_mafumafu","display_url":"youtube.com/c/uni_mafumafu","indices":[120,143]}]}},"protected":false,"followers_count":859044,"friends_count":427,"listed_count":9339,"created_at":"Sat Mar 19 12:05:43 +0000 2011","favourites_count":2180,"utc_offset":null,"time_zone":null,"geo_enabled":false,"verified":true,"statuses_count":51687,"lang":"ja","contributors_enabled":false,"is_translator":false,"is_translation_enabled":false,"profile_background_color":"131516","profile_background_image_url":"http://pbs.twimg.com/profile_background_images/489831337700777985/V9q5tR8K.png","profile_background_image_url_https":"https://pbs.twimg.com/profile_background_images/489831337700777985/V9q5tR8K.png","profile_background_tile":false,"profile_image_url":"http://pbs.twimg.com/profile_images/852817717774004225/yyRc5caq_normal.jpg","profile_image_url_https":"https://pbs.twimg.com/profile_images/852817717774004225/yyRc5caq_normal.jpg","profile_banner_url":"https://pbs.twimg.com/profile_banners/268758461/1464252254","profile_link_color":"009999","profile_sidebar_border_color":"FFFFFF","profile_sidebar_fill_color":"252429","profile_text_color":"666666","profile_use_background_image":true,"has_extended_profile":false,"default_profile":false,"default_profile_image":false,"following":false,"follow_request_sent":false,"notifications":false,"translator_type":"none"},"geo":null,"coordinates":null,"place":null,"contributors":null,"is_quote_status":false,"retweet_count":4167,"favorite_count":13768,"favorited":false,"retweeted":false,"lang":"ja"},{"created_at":"Thu Jul 20 11:39:13 +0000 2017","id":888000340083171300,"id_str":"888000340083171333","text":"おめでとうー！！！！！ https://t.co/QeflzDj9p8","truncated":false,"entities":{"hashtags":[],"symbols":[],"user_mentions":[],"urls":[{"url":"https://t.co/QeflzDj9p8","expanded_url":"https://twitter.com/uni_mafumafu/status/887995406503641089","display_url":"twitter.com/uni_mafumafu/s…","indices":[12,35]}]},"metadata":{"iso_language_code":"ja","result_type":"recent"},"source":"<a href=\"http://twitter.com/download/iphone\" rel=\"nofollow\">Twitter for iPhone</a>","in_reply_to_status_id":null,"in_reply_to_status_id_str":null,"in_reply_to_user_id":null,"in_reply_to_user_id_str":null,"in_reply_to_screen_name":null,"user":{"id":181127176,"id_str":"181127176","name":"luz(ルス)Reflexión6/28","screen_name":"luzabs","location":"るすやけど","description":"3rd ALBUM 『Reflexión』2017.6.28発売決定！ XYZPオーガナイザー https://t.co/ZKyROrLgHS https://t.co/cNBAdEjVPF 連絡先:luz_renraku@yahoo.co.jp","url":"https://t.co/gdzJDbIkOH","entities":{"url":{"urls":[{"url":"https://t.co/gdzJDbIkOH","expanded_url":"http://luz-web.com/","display_url":"luz-web.com","indices":[0,23]}]},"description":{"urls":[{"url":"https://t.co/ZKyROrLgHS","expanded_url":"http://www.nicovideo.jp/mylist/22400954","display_url":"nicovideo.jp/mylist/22400954","indices":[48,71]},{"url":"https://t.co/cNBAdEjVPF","expanded_url":"https://www.instagram.com/luzofficial/","display_url":"instagram.com/luzofficial/","indices":[72,95]}]}},"protected":false,"followers_count":391847,"friends_count":450,"listed_count":4989,"created_at":"Sat Aug 21 10:32:20 +0000 2010","favourites_count":546,"utc_offset":-36000,"time_zone":"Hawaii","geo_enabled":false,"verified":true,"statuses_count":8459,"lang":"ja","contributors_enabled":false,"is_translator":false,"is_translation_enabled":false,"profile_background_color":"000000","profile_background_image_url":"http://abs.twimg.com/images/themes/theme14/bg.gif","profile_background_image_url_https":"https://abs.twimg.com/images/themes/theme14/bg.gif","profile_background_tile":false,"profile_image_url":"http://pbs.twimg.com/profile_images/856478504761696256/c-NHcDeJ_normal.jpg","profile_image_url_https":"https://pbs.twimg.com/profile_images/856478504761696256/c-NHcDeJ_normal.jpg","profile_banner_url":"https://pbs.twimg.com/profile_banners/181127176/1493035364","profile_link_color":"000000","profile_sidebar_border_color":"FFFFFF","profile_sidebar_fill_color":"FFFFFF","profile_text_color":"333333","profile_use_background_image":true,"has_extended_profile":false,"default_profile":false,"default_profile_image":false,"following":false,"follow_request_sent":false,"notifications":false,"translator_type":"none"},"geo":null,"coordinates":null,"place":null,"contributors":null,"is_quote_status":true,"quoted_status_id":887995406503641100,"quoted_status_id_str":"887995406503641089","quoted_status":{"created_at":"Thu Jul 20 11:19:37 +0000 2017","id":887995406503641100,"id_str":"887995406503641089","text":"【重大告知】１０月１８日、ボクの誕生日にアルバム『明日色ワールドエンド』を出します！！\nアシタイロワールドエンド！！！２年半ぶりのソロアルバムだああああああああああああ！！！！！\n\n詳細… https://t.co/XfudS6yP6u","truncated":true,"entities":{"hashtags":[],"symbols":[],"user_mentions":[],"urls":[{"url":"https://t.co/XfudS6yP6u","expanded_url":"https://twitter.com/i/web/status/887995406503641089","display_url":"twitter.com/i/web/status/8…","indices":[95,118]}]},"metadata":{"iso_language_code":"ja","result_type":"recent"},"source":"<a href=\"http://twitter.com\" rel=\"nofollow\">Twitter Web Client</a>","in_reply_to_status_id":null,"in_reply_to_status_id_str":null,"in_reply_to_user_id":null,"in_reply_to_user_id_str":null,"in_reply_to_screen_name":null,"user":{"id":268758461,"id_str":"268758461","name":"まふまふ＠何でも屋さん","screen_name":"uni_mafumafu","location":"夢の中","description":"何でも屋です。ねむり　歌 / 作詞作曲 / 編曲　After the Rain、オリコンウィークリー２位獲得しました　まふてる⇒(@uni_mafuteru) ニコニコ動画 https://t.co/9XtigvFrOE  Youtube https://t.co/QoUG6At4z2","url":"https://t.co/cSdsbyhY3S","entities":{"url":{"urls":[{"url":"https://t.co/cSdsbyhY3S","expanded_url":"http://uni-mafumafu.jp/","display_url":"uni-mafumafu.jp","indices":[0,23]}]},"description":{"urls":[{"url":"https://t.co/9XtigvFrOE","expanded_url":"http://goo.gl/UQU30u","display_url":"goo.gl/UQU30u","indices":[87,110]},{"url":"https://t.co/QoUG6At4z2","expanded_url":"http://youtube.com/c/uni_mafumafu","display_url":"youtube.com/c/uni_mafumafu","indices":[120,143]}]}},"protected":false,"followers_count":859044,"friends_count":427,"listed_count":9339,"created_at":"Sat Mar 19 12:05:43 +0000 2011","favourites_count":2180,"utc_offset":null,"time_zone":null,"geo_enabled":false,"verified":true,"statuses_count":51687,"lang":"ja","contributors_enabled":false,"is_translator":false,"is_translation_enabled":false,"profile_background_color":"131516","profile_background_image_url":"http://pbs.twimg.com/profile_background_images/489831337700777985/V9q5tR8K.png","profile_background_image_url_https":"https://pbs.twimg.com/profile_background_images/489831337700777985/V9q5tR8K.png","profile_background_tile":false,"profile_image_url":"http://pbs.twimg.com/profile_images/852817717774004225/yyRc5caq_normal.jpg","profile_image_url_https":"https://pbs.twimg.com/profile_images/852817717774004225/yyRc5caq_normal.jpg","profile_banner_url":"https://pbs.twimg.com/profile_banners/268758461/1464252254","profile_link_color":"009999","profile_sidebar_border_color":"FFFFFF","profile_sidebar_fill_color":"252429","profile_text_color":"666666","profile_use_background_image":true,"has_extended_profile":false,"default_profile":false,"default_profile_image":false,"following":false,"follow_request_sent":false,"notifications":false,"translator_type":"none"},"geo":null,"coordinates":null,"place":null,"contributors":null,"is_quote_status":false,"retweet_count":11730,"favorite_count":22861,"favorited":false,"retweeted":false,"possibly_sensitive":false,"lang":"ja"},"retweet_count":990,"favorite_count":6175,"favorited":false,"retweeted":false,"possibly_sensitive":false,"lang":"ja"},{"created_at":"Thu Jul 20 11:38:41 +0000 2017","id":888000204414140400,"id_str":"888000204414140416","text":"おめでとう〜みんな売上伸ばしててえらい がんばってる https://t.co/McPd5sTUDc","truncated":false,"entities":{"hashtags":[],"symbols":[],"user_mentions":[],"urls":[{"url":"https://t.co/McPd5sTUDc","expanded_url":"https://twitter.com/_amatsuki_/status/887997552125108226","display_url":"twitter.com/_amatsuki_/sta…","indices":[27,50]}]},"metadata":{"iso_language_code":"ja","result_type":"recent"},"source":"<a href=\"http://twitter.com/download/iphone\" rel=\"nofollow\">Twitter for iPhone</a>","in_reply_to_status_id":null,"in_reply_to_status_id_str":null,"in_reply_to_user_id":null,"in_reply_to_user_id_str":null,"in_reply_to_screen_name":null,"user":{"id":53949113,"id_str":"53949113","name":"そらる@CD出るよ","screen_name":"soraruru","location":"イスの上","description":"歌うのが好きです。なにかあれば（soraru_nico@yahoo.co.jp） 「After the Rain」 歌 / ミックス ★HP（https://t.co/DXerRbidZD） ★youtube（https://t.co/BPyoT0WpgD） ★インフォ （@soraru_info）","url":"https://t.co/DXerRbidZD","entities":{"url":{"urls":[{"url":"https://t.co/DXerRbidZD","expanded_url":"http://soraruru.jp/","display_url":"soraruru.jp","indices":[0,23]}]},"description":{"urls":[{"url":"https://t.co/DXerRbidZD","expanded_url":"http://soraruru.jp/","display_url":"soraruru.jp","indices":[71,94]},{"url":"https://t.co/BPyoT0WpgD","expanded_url":"https://www.youtube.com/user/soraruYT","display_url":"youtube.com/user/soraruYT","indices":[105,128]}]}},"protected":false,"followers_count":816257,"friends_count":490,"listed_count":11529,"created_at":"Sun Jul 05 16:52:48 +0000 2009","favourites_count":52,"utc_offset":-36000,"time_zone":"Hawaii","geo_enabled":false,"verified":true,"statuses_count":108404,"lang":"ja","contributors_enabled":false,"is_translator":false,"is_translation_enabled":false,"profile_background_color":"C0DEED","profile_background_image_url":"http://pbs.twimg.com/profile_background_images/204536235/AIMAI.jpg","profile_background_image_url_https":"https://pbs.twimg.com/profile_background_images/204536235/AIMAI.jpg","profile_background_tile":false,"profile_image_url":"http://pbs.twimg.com/profile_images/849083115255541760/DMfTzKmA_normal.jpg","profile_image_url_https":"https://pbs.twimg.com/profile_images/849083115255541760/DMfTzKmA_normal.jpg","profile_banner_url":"https://pbs.twimg.com/profile_banners/53949113/1429782818","profile_link_color":"0084B4","profile_sidebar_border_color":"C0DEED","profile_sidebar_fill_color":"ABC5D1","profile_text_color":"333333","profile_use_background_image":true,"has_extended_profile":false,"default_profile":false,"default_profile_image":false,"following":false,"follow_request_sent":false,"notifications":false,"translator_type":"none"},"geo":null,"coordinates":null,"place":null,"contributors":null,"is_quote_status":true,"quoted_status_id":887997552125108200,"quoted_status_id_str":"887997552125108226","quoted_status":{"created_at":"Thu Jul 20 11:28:09 +0000 2017","id":887997552125108200,"id_str":"887997552125108226","text":"やったあああああ！！！！デイリー6位です！\n嬉しいぞおおおおお！！！！\nなんともう少しでDiVE!!の枚数を抜けそうらしくー！早い！！\n1歩1歩先に進めてるのが本当に感謝しかないですありがとうございます！ https://t.co/PFrKAUyTFF","truncated":false,"entities":{"hashtags":[],"symbols":[],"user_mentions":[],"urls":[{"url":"https://t.co/PFrKAUyTFF","expanded_url":"https://twitter.com/amararuru/status/887995870695665664","display_url":"twitter.com/amararuru/stat…","indices":[103,126]}]},"metadata":{"iso_language_code":"ja","result_type":"recent"},"source":"<a href=\"http://tapbots.com/tweetbot\" rel=\"nofollow\">Tweetbot for iΟS</a>","in_reply_to_status_id":null,"in_reply_to_status_id_str":null,"in_reply_to_user_id":null,"in_reply_to_user_id_str":null,"in_reply_to_screen_name":null,"user":{"id":94322333,"id_str":"94322333","name":"天月 7/19 3rdシングル発売！","screen_name":"_amatsuki_","location":"依頼など【amatsuki2525@yahoo.co.jp】","description":"どこまでも届くように歌います。 7/19 3rdシングル『Mr.fake / ツナゲル』リリースしました！ 「トモダチゲーム」主題歌、声優担当 niconico☞https://t.co/S4lxjOmZbL Youtube ☞ https://t.co/6tJz6H1C2X","url":"https://t.co/NKrARBl0oR","entities":{"url":{"urls":[{"url":"https://t.co/NKrARBl0oR","expanded_url":"http://amatsuki.jp/","display_url":"amatsuki.jp","indices":[0,23]}]},"description":{"urls":[{"url":"https://t.co/S4lxjOmZbL","expanded_url":"http://goo.gl/zAlcRg","display_url":"goo.gl/zAlcRg","indices":[81,104]},{"url":"https://t.co/6tJz6H1C2X","expanded_url":"http://bit.ly/1FLfr2s","display_url":"bit.ly/1FLfr2s","indices":[115,138]}]}},"protected":false,"followers_count":722957,"friends_count":660,"listed_count":8832,"created_at":"Thu Dec 03 12:50:34 +0000 2009","favourites_count":17771,"utc_offset":32400,"time_zone":"Tokyo","geo_enabled":true,"verified":false,"statuses_count":71643,"lang":"ja","contributors_enabled":false,"is_translator":false,"is_translation_enabled":false,"profile_background_color":"0099B9","profile_background_image_url":"http://pbs.twimg.com/profile_background_images/571927444/gghle38lydw51pogjv0d.jpeg","profile_background_image_url_https":"https://pbs.twimg.com/profile_background_images/571927444/gghle38lydw51pogjv0d.jpeg","profile_background_tile":false,"profile_image_url":"http://pbs.twimg.com/profile_images/813460090845949952/3OuQ2AvO_normal.jpg","profile_image_url_https":"https://pbs.twimg.com/profile_images/813460090845949952/3OuQ2AvO_normal.jpg","profile_banner_url":"https://pbs.twimg.com/profile_banners/94322333/1494926414","profile_link_color":"0099B9","profile_sidebar_border_color":"5ED4DC","profile_sidebar_fill_color":"95E8EC","profile_text_color":"3C3940","profile_use_background_image":true,"has_extended_profile":true,"default_profile":false,"default_profile_image":false,"following":false,"follow_request_sent":false,"notifications":false,"translator_type":"none"},"geo":null,"coordinates":null,"place":null,"contributors":null,"is_quote_status":true,"quoted_status_id":887995870695665700,"quoted_status_id_str":"887995870695665664","retweet_count":919,"favorite_count":6683,"favorited":false,"retweeted":false,"possibly_sensitive":false,"lang":"ja"},"retweet_count":1007,"favorite_count":7591,"favorited":false,"retweeted":false,"possibly_sensitive":false,"lang":"ja"},{"created_at":"Thu Jul 20 11:37:53 +0000 2017","id":888000002311692300,"id_str":"888000002311692288","text":"マサカアルバムコクチダッタナンテー！おめでとう！制作頑張れ！ https://t.co/2y2H5rF5Az","truncated":false,"entities":{"hashtags":[],"symbols":[],"user_mentions":[],"urls":[{"url":"https://t.co/2y2H5rF5Az","expanded_url":"https://twitter.com/uni_mafumafu/status/887995406503641089","display_url":"twitter.com/uni_mafumafu/s…","indices":[31,54]}]},"metadata":{"iso_language_code":"ja","result_type":"recent"},"source":"<a href=\"http://twitter.com/download/iphone\" rel=\"nofollow\">Twitter for iPhone</a>","in_reply_to_status_id":null,"in_reply_to_status_id_str":null,"in_reply_to_user_id":null,"in_reply_to_user_id_str":null,"in_reply_to_screen_name":null,"user":{"id":53949113,"id_str":"53949113","name":"そらる@CD出るよ","screen_name":"soraruru","location":"イスの上","description":"歌うのが好きです。なにかあれば（soraru_nico@yahoo.co.jp） 「After the Rain」 歌 / ミックス ★HP（https://t.co/DXerRbidZD） ★youtube（https://t.co/BPyoT0WpgD） ★インフォ （@soraru_info）","url":"https://t.co/DXerRbidZD","entities":{"url":{"urls":[{"url":"https://t.co/DXerRbidZD","expanded_url":"http://soraruru.jp/","display_url":"soraruru.jp","indices":[0,23]}]},"description":{"urls":[{"url":"https://t.co/DXerRbidZD","expanded_url":"http://soraruru.jp/","display_url":"soraruru.jp","indices":[71,94]},{"url":"https://t.co/BPyoT0WpgD","expanded_url":"https://www.youtube.com/user/soraruYT","display_url":"youtube.com/user/soraruYT","indices":[105,128]}]}},"protected":false,"followers_count":816257,"friends_count":490,"listed_count":11529,"created_at":"Sun Jul 05 16:52:48 +0000 2009","favourites_count":52,"utc_offset":-36000,"time_zone":"Hawaii","geo_enabled":false,"verified":true,"statuses_count":108404,"lang":"ja","contributors_enabled":false,"is_translator":false,"is_translation_enabled":false,"profile_background_color":"C0DEED","profile_background_image_url":"http://pbs.twimg.com/profile_background_images/204536235/AIMAI.jpg","profile_background_image_url_https":"https://pbs.twimg.com/profile_background_images/204536235/AIMAI.jpg","profile_background_tile":false,"profile_image_url":"http://pbs.twimg.com/profile_images/849083115255541760/DMfTzKmA_normal.jpg","profile_image_url_https":"https://pbs.twimg.com/profile_images/849083115255541760/DMfTzKmA_normal.jpg","profile_banner_url":"https://pbs.twimg.com/profile_banners/53949113/1429782818","profile_link_color":"0084B4","profile_sidebar_border_color":"C0DEED","profile_sidebar_fill_color":"ABC5D1","profile_text_color":"333333","profile_use_background_image":true,"has_extended_profile":false,"default_profile":false,"default_profile_image":false,"following":false,"follow_request_sent":false,"notifications":false,"translator_type":"none"},"geo":null,"coordinates":null,"place":null,"contributors":null,"is_quote_status":true,"quoted_status_id":887995406503641100,"quoted_status_id_str":"887995406503641089","quoted_status":{"created_at":"Thu Jul 20 11:19:37 +0000 2017","id":887995406503641100,"id_str":"887995406503641089","text":"【重大告知】１０月１８日、ボクの誕生日にアルバム『明日色ワールドエンド』を出します！！\nアシタイロワールドエンド！！！２年半ぶりのソロアルバムだああああああああああああ！！！！！\n\n詳細… https://t.co/XfudS6yP6u","truncated":true,"entities":{"hashtags":[],"symbols":[],"user_mentions":[],"urls":[{"url":"https://t.co/XfudS6yP6u","expanded_url":"https://twitter.com/i/web/status/887995406503641089","display_url":"twitter.com/i/web/status/8…","indices":[95,118]}]},"metadata":{"iso_language_code":"ja","result_type":"recent"},"source":"<a href=\"http://twitter.com\" rel=\"nofollow\">Twitter Web Client</a>","in_reply_to_status_id":null,"in_reply_to_status_id_str":null,"in_reply_to_user_id":null,"in_reply_to_user_id_str":null,"in_reply_to_screen_name":null,"user":{"id":268758461,"id_str":"268758461","name":"まふまふ＠何でも屋さん","screen_name":"uni_mafumafu","location":"夢の中","description":"何でも屋です。ねむり　歌 / 作詞作曲 / 編曲　After the Rain、オリコンウィークリー２位獲得しました　まふてる⇒(@uni_mafuteru) ニコニコ動画 https://t.co/9XtigvFrOE  Youtube https://t.co/QoUG6At4z2","url":"https://t.co/cSdsbyhY3S","entities":{"url":{"urls":[{"url":"https://t.co/cSdsbyhY3S","expanded_url":"http://uni-mafumafu.jp/","display_url":"uni-mafumafu.jp","indices":[0,23]}]},"description":{"urls":[{"url":"https://t.co/9XtigvFrOE","expanded_url":"http://goo.gl/UQU30u","display_url":"goo.gl/UQU30u","indices":[87,110]},{"url":"https://t.co/QoUG6At4z2","expanded_url":"http://youtube.com/c/uni_mafumafu","display_url":"youtube.com/c/uni_mafumafu","indices":[120,143]}]}},"protected":false,"followers_count":859044,"friends_count":427,"listed_count":9339,"created_at":"Sat Mar 19 12:05:43 +0000 2011","favourites_count":2180,"utc_offset":null,"time_zone":null,"geo_enabled":false,"verified":true,"statuses_count":51687,"lang":"ja","contributors_enabled":false,"is_translator":false,"is_translation_enabled":false,"profile_background_color":"131516","profile_background_image_url":"http://pbs.twimg.com/profile_background_images/489831337700777985/V9q5tR8K.png","profile_background_image_url_https":"https://pbs.twimg.com/profile_background_images/489831337700777985/V9q5tR8K.png","profile_background_tile":false,"profile_image_url":"http://pbs.twimg.com/profile_images/852817717774004225/yyRc5caq_normal.jpg","profile_image_url_https":"https://pbs.twimg.com/profile_images/852817717774004225/yyRc5caq_normal.jpg","profile_banner_url":"https://pbs.twimg.com/profile_banners/268758461/1464252254","profile_link_color":"009999","profile_sidebar_border_color":"FFFFFF","profile_sidebar_fill_color":"252429","profile_text_color":"666666","profile_use_background_image":true,"has_extended_profile":false,"default_profile":false,"default_profile_image":false,"following":false,"follow_request_sent":false,"notifications":false,"translator_type":"none"},"geo":null,"coordinates":null,"place":null,"contributors":null,"is_quote_status":false,"retweet_count":11730,"favorite_count":22861,"favorited":false,"retweeted":false,"possibly_sensitive":false,"lang":"ja"},"retweet_count":1709,"favorite_count":8915,"favorited":false,"retweeted":false,"possibly_sensitive":false,"lang":"ja"},{"created_at":"Thu Jul 20 11:36:11 +0000 2017","id":887999573980926000,"id_str":"887999573980925954","text":"個人的に押していきたいあほポイントは、初回限定盤Ａというメイン盤の特典が「旅DVD」で、初回限定盤Ｂが「MVなど音楽系」ってところです。\n普通は逆ですね。面白いかなっ..て...(´・∀・｀)\n\nたくさんつぶやいてごめんね！あともう１ツイートさせて！！！","truncated":false,"entities":{"hashtags":[],"symbols":[],"user_mentions":[],"urls":[]},"metadata":{"iso_language_code":"ja","result_type":"recent"},"source":"<a href=\"http://twitter.com\" rel=\"nofollow\">Twitter Web Client</a>","in_reply_to_status_id":null,"in_reply_to_status_id_str":null,"in_reply_to_user_id":null,"in_reply_to_user_id_str":null,"in_reply_to_screen_name":null,"user":{"id":268758461,"id_str":"268758461","name":"まふまふ＠何でも屋さん","screen_name":"uni_mafumafu","location":"夢の中","description":"何でも屋です。ねむり　歌 / 作詞作曲 / 編曲　After the Rain、オリコンウィークリー２位獲得しました　まふてる⇒(@uni_mafuteru) ニコニコ動画 https://t.co/9XtigvFrOE  Youtube https://t.co/QoUG6At4z2","url":"https://t.co/cSdsbyhY3S","entities":{"url":{"urls":[{"url":"https://t.co/cSdsbyhY3S","expanded_url":"http://uni-mafumafu.jp/","display_url":"uni-mafumafu.jp","indices":[0,23]}]},"description":{"urls":[{"url":"https://t.co/9XtigvFrOE","expanded_url":"http://goo.gl/UQU30u","display_url":"goo.gl/UQU30u","indices":[87,110]},{"url":"https://t.co/QoUG6At4z2","expanded_url":"http://youtube.com/c/uni_mafumafu","display_url":"youtube.com/c/uni_mafumafu","indices":[120,143]}]}},"protected":false,"followers_count":859044,"friends_count":427,"listed_count":9339,"created_at":"Sat Mar 19 12:05:43 +0000 2011","favourites_count":2180,"utc_offset":null,"time_zone":null,"geo_enabled":false,"verified":true,"statuses_count":51687,"lang":"ja","contributors_enabled":false,"is_translator":false,"is_translation_enabled":false,"profile_background_color":"131516","profile_background_image_url":"http://pbs.twimg.com/profile_background_images/489831337700777985/V9q5tR8K.png","profile_background_image_url_https":"https://pbs.twimg.com/profile_background_images/489831337700777985/V9q5tR8K.png","profile_background_tile":false,"profile_image_url":"http://pbs.twimg.com/profile_images/852817717774004225/yyRc5caq_normal.jpg","profile_image_url_https":"https://pbs.twimg.com/profile_images/852817717774004225/yyRc5caq_normal.jpg","profile_banner_url":"https://pbs.twimg.com/profile_banners/268758461/1464252254","profile_link_color":"009999","profile_sidebar_border_color":"FFFFFF","profile_sidebar_fill_color":"252429","profile_text_color":"666666","profile_use_background_image":true,"has_extended_profile":false,"default_profile":false,"default_profile_image":false,"following":false,"follow_request_sent":false,"notifications":false,"translator_type":"none"},"geo":null,"coordinates":null,"place":null,"contributors":null,"is_quote_status":false,"retweet_count":2997,"favorite_count":13738,"favorited":false,"retweeted":false,"lang":"ja"},{"created_at":"Thu Jul 20 11:35:43 +0000 2017","id":887999457773535200,"id_str":"887999457773535233","text":"明日200万人いった場合は奇妙な動画上がります！！ただいろいろと進化した動画です！！！\n\nいぇい！ https://t.co/5sNME4dMGY","truncated":false,"entities":{"hashtags":[],"symbols":[],"user_mentions":[],"urls":[],"media":[{"id":887999437586407400,"id_str":"887999437586407425","indices":[50,73],"media_url":"http://pbs.twimg.com/media/DFLOyJ4VoAEy5LA.jpg","media_url_https":"https://pbs.twimg.com/media/DFLOyJ4VoAEy5LA.jpg","url":"https://t.co/5sNME4dMGY","display_url":"pic.twitter.com/5sNME4dMGY","expanded_url":"https://twitter.com/kantamizutamari/status/887999457773535233/photo/1","type":"photo","sizes":{"small":{"w":466,"h":680,"resize":"fit"},"medium":{"w":821,"h":1200,"resize":"fit"},"thumb":{"w":150,"h":150,"resize":"crop"},"large":{"w":1402,"h":2048,"resize":"fit"}}}]},"extended_entities":{"media":[{"id":887999437586407400,"id_str":"887999437586407425","indices":[50,73],"media_url":"http://pbs.twimg.com/media/DFLOyJ4VoAEy5LA.jpg","media_url_https":"https://pbs.twimg.com/media/DFLOyJ4VoAEy5LA.jpg","url":"https://t.co/5sNME4dMGY","display_url":"pic.twitter.com/5sNME4dMGY","expanded_url":"https://twitter.com/kantamizutamari/status/887999457773535233/photo/1","type":"photo","sizes":{"small":{"w":466,"h":680,"resize":"fit"},"medium":{"w":821,"h":1200,"resize":"fit"},"thumb":{"w":150,"h":150,"resize":"crop"},"large":{"w":1402,"h":2048,"resize":"fit"}}}]},"metadata":{"iso_language_code":"ja","result_type":"recent"},"source":"<a href=\"http://twitter.com/download/android\" rel=\"nofollow\">Twitter for Android</a>","in_reply_to_status_id":null,"in_reply_to_status_id_str":null,"in_reply_to_user_id":null,"in_reply_to_user_id_str":null,"in_reply_to_screen_name":null,"user":{"id":2942676985,"id_str":"2942676985","name":"カンタ（水溜りボンド）","screen_name":"kantamizutamari","location":"マレーシア→アメリカ→東京(現在)","description":"YouTuberです。登録者190万人突破！\n気になるけど別に自分ではやらないな、みたいなことを毎日やってます。それを見て少しでも楽しんで頂ければ幸せです！！ドッキリ世界一目指してます。\nしんぶんしトマトドッキリキッド（SBTMDK）\n\n動画編集企画。","url":"https://t.co/LLm33jlLT1","entities":{"url":{"urls":[{"url":"https://t.co/LLm33jlLT1","expanded_url":"https://m.youtube.com/channel/UCpOjLndjOqMoffA-fr8cbKA","display_url":"m.youtube.com/channel/UCpOjL…","indices":[0,23]}]},"description":{"urls":[]}},"protected":false,"followers_count":486993,"friends_count":26470,"listed_count":1679,"created_at":"Thu Dec 25 08:24:54 +0000 2014","favourites_count":64268,"utc_offset":-25200,"time_zone":"Pacific Time (US & Canada)","geo_enabled":true,"verified":false,"statuses_count":73520,"lang":"ja","contributors_enabled":false,"is_translator":false,"is_translation_enabled":false,"profile_background_color":"000000","profile_background_image_url":"http://abs.twimg.com/images/themes/theme1/bg.png","profile_background_image_url_https":"https://abs.twimg.com/images/themes/theme1/bg.png","profile_background_tile":false,"profile_image_url":"http://pbs.twimg.com/profile_images/854953938440736769/PxcIFYuA_normal.jpg","profile_image_url_https":"https://pbs.twimg.com/profile_images/854953938440736769/PxcIFYuA_normal.jpg","profile_banner_url":"https://pbs.twimg.com/profile_banners/2942676985/1494089685","profile_link_color":"89C9FA","profile_sidebar_border_color":"000000","profile_sidebar_fill_color":"000000","profile_text_color":"000000","profile_use_background_image":false,"has_extended_profile":true,"default_profile":false,"default_profile_image":false,"following":false,"follow_request_sent":false,"notifications":false,"translator_type":"none"},"geo":null,"coordinates":null,"place":null,"contributors":null,"is_quote_status":false,"retweet_count":829,"favorite_count":5745,"favorited":false,"retweeted":false,"possibly_sensitive":false,"lang":"ja"},{"created_at":"Thu Jul 20 11:35:07 +0000 2017","id":887999305885270000,"id_str":"887999305885270017","text":"※ネット等画像転載禁止\n\n63年弱生きてきて産まれてはじめて野球場の客席でお酒を飲む。\nずーっと夢だったんだって。\nほら、いつだって野球は「仕事」だったからさ。\n野球を見ながらお酒を飲む こんな贅沢な事はない。\n俺は俺で右耳で父の… https://t.co/wHWiCD1oVt","truncated":true,"entities":{"hashtags":[],"symbols":[],"user_mentions":[],"urls":[{"url":"https://t.co/wHWiCD1oVt","expanded_url":"https://twitter.com/i/web/status/887999305885270017","display_url":"twitter.com/i/web/status/8…","indices":[117,140]}]},"metadata":{"iso_language_code":"ja","result_type":"recent"},"source":"<a href=\"http://twitter.com/download/android\" rel=\"nofollow\">Twitter for Android</a>","in_reply_to_status_id":null,"in_reply_to_status_id_str":null,"in_reply_to_user_id":null,"in_reply_to_user_id_str":null,"in_reply_to_screen_name":null,"user":{"id":1670577858,"id_str":"1670577858","name":"落合福嗣","screen_name":"fukushi_o","location":"青二プロダクション","description":"1日1本映画を見る事が好き\n\n※基本的に呟き、ツイート､画像等は転載禁止でおねがいします。","url":null,"entities":{"description":{"urls":[]}},"protected":false,"followers_count":21614,"friends_count":352,"listed_count":455,"created_at":"Wed Aug 14 14:11:32 +0000 2013","favourites_count":71,"utc_offset":null,"time_zone":null,"geo_enabled":true,"verified":false,"statuses_count":8555,"lang":"ja","contributors_enabled":false,"is_translator":false,"is_translation_enabled":false,"profile_background_color":"332833","profile_background_image_url":"http://pbs.twimg.com/profile_background_images/457296270713815040/ZXxdyHUb.jpeg","profile_background_image_url_https":"https://pbs.twimg.com/profile_background_images/457296270713815040/ZXxdyHUb.jpeg","profile_background_tile":true,"profile_image_url":"http://pbs.twimg.com/profile_images/814661747692871680/AjZy5BBc_normal.jpg","profile_image_url_https":"https://pbs.twimg.com/profile_images/814661747692871680/AjZy5BBc_normal.jpg","profile_banner_url":"https://pbs.twimg.com/profile_banners/1670577858/1468653355","profile_link_color":"0084B4","profile_sidebar_border_color":"C0DEED","profile_sidebar_fill_color":"DDEEF6","profile_text_color":"333333","profile_use_background_image":true,"has_extended_profile":false,"default_profile":false,"default_profile_image":false,"following":false,"follow_request_sent":false,"notifications":false,"translator_type":"none"},"geo":null,"coordinates":null,"place":null,"contributors":null,"is_quote_status":false,"retweet_count":3881,"favorite_count":4097,"favorited":false,"retweeted":false,"possibly_sensitive":false,"lang":"ja"},{"created_at":"Thu Jul 20 11:33:27 +0000 2017","id":887998885330772000,"id_str":"887998885330771969","text":"雑誌「non-no」の専属モデルとしても活躍する乃木坂46の西野七瀬さんをチェック♪自分が考える乃木坂46でのポジションも語ってくれたよ(❁´◡`❁)\n6時30分過ぎ放送予定☆\n#めざましテレビ https://t.co/9H3OKfZoLV","truncated":false,"entities":{"hashtags":[{"text":"めざましテレビ","indices":[89,97]}],"symbols":[],"user_mentions":[],"urls":[],"media":[{"id":887998074231980000,"id_str":"887998074231980033","indices":[98,121],"media_url":"http://pbs.twimg.com/media/DFLNiy_UAAECANZ.jpg","media_url_https":"https://pbs.twimg.com/media/DFLNiy_UAAECANZ.jpg","url":"https://t.co/9H3OKfZoLV","display_url":"pic.twitter.com/9H3OKfZoLV","expanded_url":"https://twitter.com/cx_mezamashi/status/887998885330771969/photo/1","type":"photo","sizes":{"small":{"w":680,"h":510,"resize":"fit"},"large":{"w":1500,"h":1125,"resize":"fit"},"thumb":{"w":150,"h":150,"resize":"crop"},"medium":{"w":1200,"h":900,"resize":"fit"}}}]},"extended_entities":{"media":[{"id":887998074231980000,"id_str":"887998074231980033","indices":[98,121],"media_url":"http://pbs.twimg.com/media/DFLNiy_UAAECANZ.jpg","media_url_https":"https://pbs.twimg.com/media/DFLNiy_UAAECANZ.jpg","url":"https://t.co/9H3OKfZoLV","display_url":"pic.twitter.com/9H3OKfZoLV","expanded_url":"https://twitter.com/cx_mezamashi/status/887998885330771969/photo/1","type":"photo","sizes":{"small":{"w":680,"h":510,"resize":"fit"},"large":{"w":1500,"h":1125,"resize":"fit"},"thumb":{"w":150,"h":150,"resize":"crop"},"medium":{"w":1200,"h":900,"resize":"fit"}}}]},"metadata":{"iso_language_code":"ja","result_type":"recent"},"source":"<a href=\"http://twitter.com\" rel=\"nofollow\">Twitter Web Client</a>","in_reply_to_status_id":null,"in_reply_to_status_id_str":null,"in_reply_to_user_id":null,"in_reply_to_user_id_str":null,"in_reply_to_screen_name":null,"user":{"id":1463837886,"id_str":"1463837886","name":"めざましテレビ","screen_name":"cx_mezamashi","location":"","description":"フジテレビ「めざましテレビ」の公式アカウントです！「#めざましテレビ」を付けたコメントは放送で使われることも♪／「めざましテレビスタッフ(@mezastaff)」「ココ調スタッフ(@cx_mezacoco)」も番組公式アカウントです／出演者告知は予告なく変更する場合があります。","url":"http://t.co/fExlZ7pFie","entities":{"url":{"urls":[{"url":"http://t.co/fExlZ7pFie","expanded_url":"http://www.fujitv.co.jp/meza/index.html","display_url":"fujitv.co.jp/meza/index.html","indices":[0,22]}]},"description":{"urls":[]}},"protected":false,"followers_count":461476,"friends_count":14,"listed_count":2701,"created_at":"Tue May 28 05:04:01 +0000 2013","favourites_count":5,"utc_offset":32400,"time_zone":"Tokyo","geo_enabled":false,"verified":true,"statuses_count":25876,"lang":"ja","contributors_enabled":false,"is_translator":false,"is_translation_enabled":false,"profile_background_color":"E2FF98","profile_background_image_url":"http://pbs.twimg.com/profile_background_images/378800000015366466/38b8bc51c85a8fd756e7f6fe74554efb.jpeg","profile_background_image_url_https":"https://pbs.twimg.com/profile_background_images/378800000015366466/38b8bc51c85a8fd756e7f6fe74554efb.jpeg","profile_background_tile":false,"profile_image_url":"http://pbs.twimg.com/profile_images/875437355028463617/IO_ZaC6p_normal.jpg","profile_image_url_https":"https://pbs.twimg.com/profile_images/875437355028463617/IO_ZaC6p_normal.jpg","profile_banner_url":"https://pbs.twimg.com/profile_banners/1463837886/1459768595","profile_link_color":"F88F47","profile_sidebar_border_color":"FFFFFF","profile_sidebar_fill_color":"DDEEF6","profile_text_color":"333333","profile_use_background_image":true,"has_extended_profile":false,"default_profile":false,"default_profile_image":false,"following":false,"follow_request_sent":false,"notifications":false,"translator_type":"none"},"geo":null,"coordinates":null,"place":null,"contributors":null,"is_quote_status":false,"retweet_count":503,"favorite_count":1161,"favorited":false,"retweeted":false,"possibly_sensitive":false,"lang":"ja"},{"created_at":"Thu Jul 20 11:30:13 +0000 2017","id":887998072663425000,"id_str":"887998072663425025","text":"鈴谷の水着は白推し https://t.co/3FY1DrPd3q","truncated":false,"entities":{"hashtags":[],"symbols":[],"user_mentions":[],"urls":[],"media":[{"id":887998044196569100,"id_str":"887998044196569089","indices":[10,33],"media_url":"http://pbs.twimg.com/media/DFLNhDGUAAEJ51v.png","media_url_https":"https://pbs.twimg.com/media/DFLNhDGUAAEJ51v.png","url":"https://t.co/3FY1DrPd3q","display_url":"pic.twitter.com/3FY1DrPd3q","expanded_url":"https://twitter.com/sui_en_imotas/status/887998072663425025/photo/1","type":"photo","sizes":{"small":{"w":598,"h":680,"resize":"fit"},"thumb":{"w":150,"h":150,"resize":"crop"},"large":{"w":703,"h":800,"resize":"fit"},"medium":{"w":703,"h":800,"resize":"fit"}}}]},"extended_entities":{"media":[{"id":887998044196569100,"id_str":"887998044196569089","indices":[10,33],"media_url":"http://pbs.twimg.com/media/DFLNhDGUAAEJ51v.png","media_url_https":"https://pbs.twimg.com/media/DFLNhDGUAAEJ51v.png","url":"https://t.co/3FY1DrPd3q","display_url":"pic.twitter.com/3FY1DrPd3q","expanded_url":"https://twitter.com/sui_en_imotas/status/887998072663425025/photo/1","type":"photo","sizes":{"small":{"w":598,"h":680,"resize":"fit"},"thumb":{"w":150,"h":150,"resize":"crop"},"large":{"w":703,"h":800,"resize":"fit"},"medium":{"w":703,"h":800,"resize":"fit"}}}]},"metadata":{"iso_language_code":"ja","result_type":"recent"},"source":"<a href=\"http://twitter.com\" rel=\"nofollow\">Twitter Web Client</a>","in_reply_to_status_id":null,"in_reply_to_status_id_str":null,"in_reply_to_user_id":null,"in_reply_to_user_id_str":null,"in_reply_to_screen_name":null,"user":{"id":182737575,"id_str":"182737575","name":"翠燕@3日目 東 A-45a","screen_name":"sui_en_imotas","location":"妹のにーその中。","description":"焦らず、急ぐ。情報用アカウント作成しました→@sui_en_info めーる→suienkurumi78@gmail.com","url":"https://t.co/JVas8XnIfp","entities":{"url":{"urls":[{"url":"https://t.co/JVas8XnIfp","expanded_url":"http://imotas.imodurushiki.com/","display_url":"imotas.imodurushiki.com","indices":[0,23]}]},"description":{"urls":[]}},"protected":false,"followers_count":58405,"friends_count":352,"listed_count":1848,"created_at":"Wed Aug 25 08:16:58 +0000 2010","favourites_count":920,"utc_offset":32400,"time_zone":"Tokyo","geo_enabled":false,"verified":false,"statuses_count":63952,"lang":"ja","contributors_enabled":false,"is_translator":false,"is_translation_enabled":false,"profile_background_color":"FFFFFF","profile_background_image_url":"http://pbs.twimg.com/profile_background_images/489969041620992001/zSnrciRk.png","profile_background_image_url_https":"https://pbs.twimg.com/profile_background_images/489969041620992001/zSnrciRk.png","profile_background_tile":false,"profile_image_url":"http://pbs.twimg.com/profile_images/856707211657007104/_6pQ8tE-_normal.jpg","profile_image_url_https":"https://pbs.twimg.com/profile_images/856707211657007104/_6pQ8tE-_normal.jpg","profile_banner_url":"https://pbs.twimg.com/profile_banners/182737575/1447348183","profile_link_color":"5E1D1D","profile_sidebar_border_color":"FFFFFF","profile_sidebar_fill_color":"DDEEF6","profile_text_color":"333333","profile_use_background_image":true,"has_extended_profile":true,"default_profile":false,"default_profile_image":false,"following":false,"follow_request_sent":false,"notifications":false,"translator_type":"none"},"geo":null,"coordinates":null,"place":null,"contributors":null,"is_quote_status":false,"retweet_count":669,"favorite_count":1495,"favorited":false,"retweeted":false,"possibly_sensitive":false,"lang":"ja"},{"created_at":"Thu Jul 20 11:30:02 +0000 2017","id":887998025246715900,"id_str":"887998025246715904","text":"★★ 旧四皇「結絆」参戦記念！★★\n遂に…！最後の旧四皇「結絆（ユキ）」がセブンナイツに登場！参戦記念として、フォロー＆このツイートをRTした方の中から抽選で7名様に「★4結絆」をプレゼント！応募は8/3（木）まで！\n#セブンナイツ\nhttps://t.co/xXlPb2ki59","truncated":false,"entities":{"hashtags":[{"text":"セブンナイツ","indices":[109,116]}],"symbols":[],"user_mentions":[],"urls":[{"url":"https://t.co/xXlPb2ki59","expanded_url":"https://youtu.be/pnTpAZN8KE4","display_url":"youtu.be/pnTpAZN8KE4","indices":[117,140]}]},"metadata":{"iso_language_code":"ja","result_type":"recent"},"source":"<a href=\"https://about.twitter.com/products/tweetdeck\" rel=\"nofollow\">TweetDeck</a>","in_reply_to_status_id":null,"in_reply_to_status_id_str":null,"in_reply_to_user_id":null,"in_reply_to_user_id_str":null,"in_reply_to_screen_name":null,"user":{"id":4135775354,"id_str":"4135775354","name":"セブンナイツ公式","screen_name":"sevenknights_jp","location":"","description":"リアルタイムターン制バトルRPG『セブンナイツ』の公式ツイッターです。公式ハッシュタグは #セブンナイツ です。　お問合せは、ゲーム内の《設定》＞《情報》＞《問い合わせ》からお願いします。iOS版DL⇒https://t.co/3EAIWyHiq0 ／Android版DL⇒https://t.co/vOtusW7dlv","url":"https://t.co/t7BXy0wpYz","entities":{"url":{"urls":[{"url":"https://t.co/t7BXy0wpYz","expanded_url":"http://sevenknights.netmarble.jp","display_url":"sevenknights.netmarble.jp","indices":[0,23]}]},"description":{"urls":[{"url":"https://t.co/3EAIWyHiq0","expanded_url":"http://goo.gl/8boZuH","display_url":"goo.gl/8boZuH","indices":[101,124]},{"url":"https://t.co/vOtusW7dlv","expanded_url":"http://qq4q.biz/qBa1","display_url":"qq4q.biz/qBa1","indices":[137,160]}]}},"protected":false,"followers_count":122080,"friends_count":0,"listed_count":410,"created_at":"Thu Nov 05 14:19:56 +0000 2015","favourites_count":87,"utc_offset":32400,"time_zone":"Tokyo","geo_enabled":false,"verified":true,"statuses_count":61749,"lang":"ja","contributors_enabled":false,"is_translator":false,"is_translation_enabled":false,"profile_background_color":"C0DEED","profile_background_image_url":"http://abs.twimg.com/images/themes/theme1/bg.png","profile_background_image_url_https":"https://abs.twimg.com/images/themes/theme1/bg.png","profile_background_tile":false,"profile_image_url":"http://pbs.twimg.com/profile_images/885403007826907136/xqrALjES_normal.jpg","profile_image_url_https":"https://pbs.twimg.com/profile_images/885403007826907136/xqrALjES_normal.jpg","profile_banner_url":"https://pbs.twimg.com/profile_banners/4135775354/1500537942","profile_link_color":"1DA1F2","profile_sidebar_border_color":"C0DEED","profile_sidebar_fill_color":"DDEEF6","profile_text_color":"333333","profile_use_background_image":true,"has_extended_profile":false,"default_profile":true,"default_profile_image":false,"following":false,"follow_request_sent":false,"notifications":false,"translator_type":"none"},"geo":null,"coordinates":null,"place":null,"contributors":null,"is_quote_status":false,"retweet_count":956,"favorite_count":126,"favorited":false,"retweeted":false,"possibly_sensitive":false,"lang":"ja"}],"search_metadata":{"completed_in":0.13,"max_id":888004031133515800,"max_id_str":"888004031133515776","next_results":"?max_id=887998025246715903&q=lang%3Aja%20min_retweets%3A500&include_entities=1","query":"lang%3Aja+min_retweets%3A500","refresh_url":"?since_id=888004031133515776&q=lang%3Aja%20min_retweets%3A500&include_entities=1","count":15,"since_id":0,"since_id_str":"0"}}