{"statuses":[{"created_at":"Wed Jul 19 11:41:09 +0000 2017","id":887638438333235200,"id_str":"887638438333235204","text":"明日10:25から「#PON !」にて #堂本光一 さんと青木アナのインタビュー&amp;最新メーキング映像が放送されます📺\n青木アナ曰く、僕も328人の生存者だと思って宣伝頑張ります‼️と心強いお言葉を頂きました🤣(生放送のため番組の内容が変更になる可能性があります)\n#未満都市😸","truncated":false,"entities":{"hashtags":[{"text":"PON","indices":[10,14]},{"text":"堂本光一","indices":[20,25]},{"text":"未満都市","indices":[136,141]}],"symbols":[],"user_mentions":[],"urls":[]},"metadata":{"iso_language_code":"ja","result_type":"recent"},"source":"<a href=\"http://twitter.com/download/iphone\" rel=\"nofollow\">Twitter for iPhone</a>","in_reply_to_status_id":null,"in_reply_to_status_id_str":null,"in_reply_to_user_id":null,"in_reply_to_user_id_str":null,"in_reply_to_screen_name":null,"user":{"id":863518474198319100,"id_str":"863518474198319104","name":"【公式】ぼくらの勇気 未満都市2017","screen_name":"mimancity_ntv","location":"","description":"NTV「ぼくらの勇気 未満都市2017」公式Twitterです。出演:堂本光一、堂本剛・相葉雅紀(友情出演)、松本潤(友情出演)・矢田亜希子、小原裕貴、道枝駿佑(関西ジャニーズJr.)、早見あかり、千葉雄大・山内圭哉、向井理 ほか。2017年7月21日(金)よる9時放送！","url":"https://t.co/eIi79QWxVg","entities":{"url":{"urls":[{"url":"https://t.co/eIi79QWxVg","expanded_url":"http://www.ntv.co.jp/mimancity/","display_url":"ntv.co.jp/mimancity/","indices":[0,23]}]},"description":{"urls":[]}},"protected":false,"followers_count":83321,"friends_count":0,"listed_count":227,"created_at":"Sat May 13 22:17:02 +0000 2017","favourites_count":2,"utc_offset":null,"time_zone":null,"geo_enabled":true,"verified":false,"statuses_count":44,"lang":"ja","contributors_enabled":false,"is_translator":false,"is_translation_enabled":false,"profile_background_color":"F5F8FA","profile_background_image_url":null,"profile_background_image_url_https":null,"profile_background_tile":false,"profile_image_url":"http://pbs.twimg.com/profile_images/876891599279497216/IU7a47_G_normal.jpg","profile_image_url_https":"https://pbs.twimg.com/profile_images/876891599279497216/IU7a47_G_normal.jpg","profile_banner_url":"https://pbs.twimg.com/profile_banners/863518474198319104/1497902225","profile_link_color":"1DA1F2","profile_sidebar_border_color":"C0DEED","profile_sidebar_fill_color":"DDEEF6","profile_text_color":"333333","profile_use_background_image":true,"has_extended_profile":false,"default_profile":true,"default_profile_image":false,"following":false,"follow_request_sent":false,"notifications":false,"translator_type":"none"},"geo":null,"coordinates":null,"place":null,"contributors":null,"is_quote_status":false,"retweet_count":551,"favorite_count":774,"favorited":false,"retweeted":false,"lang":"ja"},{"created_at":"Wed Jul 19 11:40:44 +0000 2017","id":887638333521875000,"id_str":"887638333521874945","text":"20日㈭ 19:00 日本テレビ系列 特番「衝撃のあの人に会ってみた!!!」に出まぁあす꒰｡･ω･`;꒱*:･数億年ぶりのテレビぃ","truncated":false,"entities":{"hashtags":[],"symbols":[],"user_mentions":[],"urls":[]},"metadata":{"iso_language_code":"ja","result_type":"recent"},"source":"<a href=\"http://twitter.com/download/iphone\" rel=\"nofollow\">Twitter for iPhone</a>","in_reply_to_status_id":null,"in_reply_to_status_id_str":null,"in_reply_to_user_id":null,"in_reply_to_user_id_str":null,"in_reply_to_screen_name":null,"user":{"id":434707585,"id_str":"434707585","name":"kemio","screen_name":"mmkemio","location":"New York, NY","description":"cash only","url":null,"entities":{"description":{"urls":[]}},"protected":false,"followers_count":598534,"friends_count":483,"listed_count":877,"created_at":"Mon Dec 12 06:25:52 +0000 2011","favourites_count":512,"utc_offset":-36000,"time_zone":"Hawaii","geo_enabled":false,"verified":true,"statuses_count":37512,"lang":"ja","contributors_enabled":false,"is_translator":false,"is_translation_enabled":false,"profile_background_color":"000000","profile_background_image_url":"http://abs.twimg.com/images/themes/theme1/bg.png","profile_background_image_url_https":"https://abs.twimg.com/images/themes/theme1/bg.png","profile_background_tile":false,"profile_image_url":"http://pbs.twimg.com/profile_images/887336999111229441/NuLiXjuu_normal.jpg","profile_image_url_https":"https://pbs.twimg.com/profile_images/887336999111229441/NuLiXjuu_normal.jpg","profile_link_color":"91D2FA","profile_sidebar_border_color":"000000","profile_sidebar_fill_color":"000000","profile_text_color":"000000","profile_use_background_image":false,"has_extended_profile":false,"default_profile":false,"default_profile_image":false,"following":false,"follow_request_sent":false,"notifications":false,"translator_type":"none"},"geo":null,"coordinates":null,"place":null,"contributors":null,"is_quote_status":false,"retweet_count":830,"favorite_count":3159,"favorited":false,"retweeted":false,"lang":"ja"},{"created_at":"Wed Jul 19 11:32:58 +0000 2017","id":887636376367136800,"id_str":"887636376367136768","text":"チコハニの新作公開されました！\n数年ぶりにフルカラーPV作りました、よろしくお願いします┗|∵|┓\n\nツインズ／CHiCO with HoneyWorks https://t.co/m2mghqOxO3 #sm31597968 #ニコニコ動画","truncated":false,"entities":{"hashtags":[{"text":"sm31597968","indices":[102,113]},{"text":"ニコニコ動画","indices":[114,121]}],"symbols":[],"user_mentions":[],"urls":[{"url":"https://t.co/m2mghqOxO3","expanded_url":"http://nico.ms/sm31597968?ref=twitter","display_url":"nico.ms/sm31597968?ref…","indices":[78,101]}]},"metadata":{"iso_language_code":"ja","result_type":"recent"},"source":"<a href=\"http://www.nicovideo.jp/\" rel=\"nofollow\">niconico ニコニコ動画</a>","in_reply_to_status_id":null,"in_reply_to_status_id_str":null,"in_reply_to_user_id":null,"in_reply_to_user_id_str":null,"in_reply_to_screen_name":null,"user":{"id":120637041,"id_str":"120637041","name":"ヤマコ(HoneyWorks)","screen_name":"yamako2626","location":"どすこい喫茶","description":"絵と動画と漫画　　　\n[niconico]https://t.co/AzZKtpbGHo [HoneyWorks]https://t.co/zDR1txWbt7","url":"https://t.co/iQ3yh8Ukjg","entities":{"url":{"urls":[{"url":"https://t.co/iQ3yh8Ukjg","expanded_url":"http://soc.ikidane.com","display_url":"soc.ikidane.com","indices":[0,23]}]},"description":{"urls":[{"url":"https://t.co/AzZKtpbGHo","expanded_url":"http://www.nicovideo.jp/mylist/21352204","display_url":"nicovideo.jp/mylist/21352204","indices":[21,44]},{"url":"https://t.co/zDR1txWbt7","expanded_url":"http://honeyworks.jp/","display_url":"honeyworks.jp","indices":[57,80]}]}},"protected":false,"followers_count":323340,"friends_count":552,"listed_count":3200,"created_at":"Sun Mar 07 02:40:35 +0000 2010","favourites_count":3129,"utc_offset":32400,"time_zone":"Tokyo","geo_enabled":false,"verified":true,"statuses_count":38578,"lang":"ja","contributors_enabled":false,"is_translator":false,"is_translation_enabled":false,"profile_background_color":"FFFFFF","profile_background_image_url":"http://pbs.twimg.com/profile_background_images/192678222/y.png","profile_background_image_url_https":"https://pbs.twimg.com/profile_background_images/192678222/y.png","profile_background_tile":true,"profile_image_url":"http://pbs.twimg.com/profile_images/885700700956631040/vcrouA6F_normal.png","profile_image_url_https":"https://pbs.twimg.com/profile_images/885700700956631040/vcrouA6F_normal.png","profile_link_color":"EB0072","profile_sidebar_border_color":"FFFFFF","profile_sidebar_fill_color":"F6FFD1","profile_text_color":"333333","profile_use_background_image":true,"has_extended_profile":true,"default_profile":false,"default_profile_image":false,"following":false,"follow_request_sent":false,"notifications":false,"translator_type":"none"},"geo":null,"coordinates":null,"place":null,"contributors":null,"is_quote_status":false,"retweet_count":705,"favorite_count":1820,"favorited":false,"retweeted":false,"possibly_sensitive":false,"lang":"ja"},{"created_at":"Wed Jul 19 11:31:59 +0000 2017","id":887636130446716900,"id_str":"887636130446716929","text":"ユーリ!!! on MUSEUMオリジナルグッズ第一弾解禁なのです。あとオフィシャルサイトに今回の展覧会の見どころを大公開。テレウサです。https://t.co/AF9CXvhOb6 https://t.co/lMRKE4vao6","truncated":false,"entities":{"hashtags":[],"symbols":[],"user_mentions":[],"urls":[{"url":"https://t.co/AF9CXvhOb6","expanded_url":"https://www.yurionfes.com/museum","display_url":"yurionfes.com/museum","indices":[69,92]}],"media":[{"id":887629301608194000,"id_str":"887629301608194049","indices":[93,116],"media_url":"http://pbs.twimg.com/media/DFF-JZ6VoAE1wkj.jpg","media_url_https":"https://pbs.twimg.com/media/DFF-JZ6VoAE1wkj.jpg","url":"https://t.co/lMRKE4vao6","display_url":"pic.twitter.com/lMRKE4vao6","expanded_url":"https://twitter.com/tvusagi5/status/887636130446716929/photo/1","type":"photo","sizes":{"medium":{"w":294,"h":1200,"resize":"fit"},"thumb":{"w":150,"h":150,"resize":"crop"},"large":{"w":502,"h":2048,"resize":"fit"},"small":{"w":167,"h":680,"resize":"fit"}}}]},"extended_entities":{"media":[{"id":887629301608194000,"id_str":"887629301608194049","indices":[93,116],"media_url":"http://pbs.twimg.com/media/DFF-JZ6VoAE1wkj.jpg","media_url_https":"https://pbs.twimg.com/media/DFF-JZ6VoAE1wkj.jpg","url":"https://t.co/lMRKE4vao6","display_url":"pic.twitter.com/lMRKE4vao6","expanded_url":"https://twitter.com/tvusagi5/status/887636130446716929/photo/1","type":"photo","sizes":{"medium":{"w":294,"h":1200,"resize":"fit"},"thumb":{"w":150,"h":150,"resize":"crop"},"large":{"w":502,"h":2048,"resize":"fit"},"small":{"w":167,"h":680,"resize":"fit"}}}]},"metadata":{"iso_language_code":"ja","result_type":"recent"},"source":"<a href=\"http://twitter.com\" rel=\"nofollow\">Twitter Web Client</a>","in_reply_to_status_id":null,"in_reply_to_status_id_str":null,"in_reply_to_user_id":null,"in_reply_to_user_id_str":null,"in_reply_to_screen_name":null,"user":{"id":131254864,"id_str":"131254864","name":"テレウサ","screen_name":"tvusagi5","location":"六本木ヒルズ放送局","description":"お初なのです。テレウサです。 六本木ヒルズｕｍｕに住み、小耳にはさんだイベント業界の裏話なんかをつぶやくのです。兎イベントプロデューサーなのです。テレウサです。","url":"https://t.co/n5yWaXnKOc","entities":{"url":{"urls":[{"url":"https://t.co/n5yWaXnKOc","expanded_url":"http://tvusagi-blog.tumblr.com/","display_url":"tvusagi-blog.tumblr.com","indices":[0,23]}]},"description":{"urls":[]}},"protected":false,"followers_count":12113,"friends_count":21,"listed_count":533,"created_at":"Fri Apr 09 18:54:53 +0000 2010","favourites_count":0,"utc_offset":32400,"time_zone":"Tokyo","geo_enabled":true,"verified":false,"statuses_count":9314,"lang":"ja","contributors_enabled":false,"is_translator":false,"is_translation_enabled":false,"profile_background_color":"C0DEED","profile_background_image_url":"http://pbs.twimg.com/profile_background_images/241626967/tvusa.gif","profile_background_image_url_https":"https://pbs.twimg.com/profile_background_images/241626967/tvusa.gif","profile_background_tile":true,"profile_image_url":"http://pbs.twimg.com/profile_images/887171861523582977/nL2ZByaa_normal.jpg","profile_image_url_https":"https://pbs.twimg.com/profile_images/887171861523582977/nL2ZByaa_normal.jpg","profile_banner_url":"https://pbs.twimg.com/profile_banners/131254864/1436258843","profile_link_color":"0084B4","profile_sidebar_border_color":"C0DEED","profile_sidebar_fill_color":"DDEEF6","profile_text_color":"333333","profile_use_background_image":true,"has_extended_profile":true,"default_profile":false,"default_profile_image":false,"following":false,"follow_request_sent":false,"notifications":false,"translator_type":"none"},"geo":null,"coordinates":null,"place":null,"contributors":null,"is_quote_status":false,"retweet_count":1117,"favorite_count":973,"favorited":false,"retweeted":false,"possibly_sensitive":false,"lang":"ja"},{"created_at":"Wed Jul 19 11:31:56 +0000 2017","id":887636118094495700,"id_str":"887636118094495744","text":"ここで打つのが西岡！同点タイムリーヒット！！！ #hanshin #虎テレ https://t.co/mwMejrI63y","truncated":false,"entities":{"hashtags":[{"text":"hanshin","indices":[24,32]},{"text":"虎テレ","indices":[33,37]}],"symbols":[],"user_mentions":[],"urls":[],"media":[{"id":887636015841660900,"id_str":"887636015841660929","indices":[38,61],"media_url":"http://pbs.twimg.com/media/DFGEVslVwAA1sdN.jpg","media_url_https":"https://pbs.twimg.com/media/DFGEVslVwAA1sdN.jpg","url":"https://t.co/mwMejrI63y","display_url":"pic.twitter.com/mwMejrI63y","expanded_url":"https://twitter.com/TigersDreamlink/status/887636118094495744/video/1","type":"photo","sizes":{"small":{"w":680,"h":383,"resize":"fit"},"medium":{"w":1200,"h":675,"resize":"fit"},"large":{"w":1280,"h":720,"resize":"fit"},"thumb":{"w":150,"h":150,"resize":"crop"}}}]},"extended_entities":{"media":[{"id":887636015841660900,"id_str":"887636015841660929","indices":[38,61],"media_url":"http://pbs.twimg.com/media/DFGEVslVwAA1sdN.jpg","media_url_https":"https://pbs.twimg.com/media/DFGEVslVwAA1sdN.jpg","url":"https://t.co/mwMejrI63y","display_url":"pic.twitter.com/mwMejrI63y","expanded_url":"https://twitter.com/TigersDreamlink/status/887636118094495744/video/1","type":"video","sizes":{"small":{"w":680,"h":383,"resize":"fit"},"medium":{"w":1200,"h":675,"resize":"fit"},"large":{"w":1280,"h":720,"resize":"fit"},"thumb":{"w":150,"h":150,"resize":"crop"}},"video_info":{"aspect_ratio":[16,9],"duration_millis":20300,"variants":[{"bitrate":832000,"content_type":"video/mp4","url":"https://video.twimg.com/amplify_video/887636015841660929/vid/640x360/jSxtinuVl0feBNNi.mp4"},{"content_type":"application/x-mpegURL","url":"https://video.twimg.com/amplify_video/887636015841660929/pl/tlBIbdDBO3Wf_eW3.m3u8"},{"bitrate":2176000,"content_type":"video/mp4","url":"https://video.twimg.com/amplify_video/887636015841660929/vid/1280x720/KmlCv6QpoAXFLWKu.mp4"},{"bitrate":320000,"content_type":"video/mp4","url":"https://video.twimg.com/amplify_video/887636015841660929/vid/320x180/1EkkYT10OCpHhZVr.mp4"}]},"additional_media_info":{"title":"ここで打つのが西岡！同点タイムリーヒット！！！ #hanshin #虎テレ","description":"Powered by SnappyTV","call_to_actions":{"visit_site":{"url":"https://movie.hanshintigers.jp/"}},"embeddable":true,"monetizable":false}}]},"metadata":{"iso_language_code":"ja","result_type":"recent"},"source":"<a href=\"http://snappytv.com\" rel=\"nofollow\">SnappyTV.com</a>","in_reply_to_status_id":null,"in_reply_to_status_id_str":null,"in_reply_to_user_id":null,"in_reply_to_user_id_str":null,"in_reply_to_screen_name":null,"user":{"id":257346169,"id_str":"257346169","name":"阪神タイガース","screen_name":"TigersDreamlink","location":"","description":"阪神タイガースの公式Twitterです。球団からの最新情報をイチ早くお届けいたします。 \n＊当ページはルールを定めています。詳細はこちらでご確認ください。https://t.co/KTizppzbuD\n＊画像等の転載・二次使用は禁止とさせていただきます。","url":"http://t.co/RtfU6TGchi","entities":{"url":{"urls":[{"url":"http://t.co/RtfU6TGchi","expanded_url":"http://hanshintigers.jp/","display_url":"hanshintigers.jp","indices":[0,22]}]},"description":{"urls":[{"url":"https://t.co/KTizppzbuD","expanded_url":"http://hanshintigers.jp/home/social/userpolicy.html","display_url":"hanshintigers.jp/home/social/us…","indices":[77,100]}]}},"protected":false,"followers_count":987547,"friends_count":6,"listed_count":2512,"created_at":"Fri Feb 25 06:31:11 +0000 2011","favourites_count":1,"utc_offset":32400,"time_zone":"Tokyo","geo_enabled":false,"verified":true,"statuses_count":6859,"lang":"ja","contributors_enabled":false,"is_translator":false,"is_translation_enabled":false,"profile_background_color":"000000","profile_background_image_url":"http://pbs.twimg.com/profile_background_images/561425801560600576/TTAXaOov.jpeg","profile_background_image_url_https":"https://pbs.twimg.com/profile_background_images/561425801560600576/TTAXaOov.jpeg","profile_background_tile":false,"profile_image_url":"http://pbs.twimg.com/profile_images/682590327702556672/R_kitcOs_normal.jpg","profile_image_url_https":"https://pbs.twimg.com/profile_images/682590327702556672/R_kitcOs_normal.jpg","profile_banner_url":"https://pbs.twimg.com/profile_banners/257346169/1499049168","profile_link_color":"766867","profile_sidebar_border_color":"FFFFFF","profile_sidebar_fill_color":"FFFFFF","profile_text_color":"333333","profile_use_background_image":true,"has_extended_profile":false,"default_profile":false,"default_profile_image":false,"following":false,"follow_request_sent":false,"notifications":false,"translator_type":"none"},"geo":null,"coordinates":null,"place":null,"contributors":null,"is_quote_status":false,"retweet_count":1906,"favorite_count":3593,"favorited":false,"retweeted":false,"possibly_sensitive":false,"lang":"ja"},{"created_at":"Wed Jul 19 11:31:18 +0000 2017","id":887635957347893200,"id_str":"887635957347893249","text":"【みやかわくん】ONE OK ROCK 「The Beginning」歌ってみた\n\nhttps://t.co/CRj25XoGZk\n\nを投稿しました","truncated":false,"entities":{"hashtags":[],"symbols":[],"user_mentions":[],"urls":[{"url":"https://t.co/CRj25XoGZk","expanded_url":"https://youtu.be/UVzWIGk0dEM","display_url":"youtu.be/UVzWIGk0dEM","indices":[42,65]}]},"metadata":{"iso_language_code":"ja","result_type":"recent"},"source":"<a href=\"http://twitter.com/download/iphone\" rel=\"nofollow\">Twitter for iPhone</a>","in_reply_to_status_id":null,"in_reply_to_status_id_str":null,"in_reply_to_user_id":null,"in_reply_to_user_id_str":null,"in_reply_to_screen_name":null,"user":{"id":2897656159,"id_str":"2897656159","name":"みやかわくん","screen_name":"My_kwk_N","location":"","description":"あ","url":null,"entities":{"description":{"urls":[]}},"protected":false,"followers_count":401194,"friends_count":69,"listed_count":1234,"created_at":"Wed Nov 12 14:34:23 +0000 2014","favourites_count":36679,"utc_offset":-25200,"time_zone":"Pacific Time (US & Canada)","geo_enabled":false,"verified":false,"statuses_count":6176,"lang":"ja","contributors_enabled":false,"is_translator":false,"is_translation_enabled":false,"profile_background_color":"000000","profile_background_image_url":"http://abs.twimg.com/images/themes/theme1/bg.png","profile_background_image_url_https":"https://abs.twimg.com/images/themes/theme1/bg.png","profile_background_tile":false,"profile_image_url":"http://pbs.twimg.com/profile_images/863795897691287552/Hx3P2xcH_normal.jpg","profile_image_url_https":"https://pbs.twimg.com/profile_images/863795897691287552/Hx3P2xcH_normal.jpg","profile_banner_url":"https://pbs.twimg.com/profile_banners/2897656159/1473694510","profile_link_color":"9266CC","profile_sidebar_border_color":"000000","profile_sidebar_fill_color":"000000","profile_text_color":"000000","profile_use_background_image":false,"has_extended_profile":false,"default_profile":false,"default_profile_image":false,"following":false,"follow_request_sent":false,"notifications":false,"translator_type":"none"},"geo":null,"coordinates":null,"place":null,"contributors":null,"is_quote_status":false,"retweet_count":3068,"favorite_count":7646,"favorited":false,"retweeted":false,"possibly_sensitive":false,"lang":"ja"},{"created_at":"Wed Jul 19 11:29:43 +0000 2017","id":887635559459336200,"id_str":"887635559459336193","text":"あと1分で投稿です。\n\n今の僕の全身全霊。\n\nよろしくお願い致します。","truncated":false,"entities":{"hashtags":[],"symbols":[],"user_mentions":[],"urls":[]},"metadata":{"iso_language_code":"ja","result_type":"recent"},"source":"<a href=\"http://twitter.com/download/iphone\" rel=\"nofollow\">Twitter for iPhone</a>","in_reply_to_status_id":null,"in_reply_to_status_id_str":null,"in_reply_to_user_id":null,"in_reply_to_user_id_str":null,"in_reply_to_screen_name":null,"user":{"id":2897656159,"id_str":"2897656159","name":"みやかわくん","screen_name":"My_kwk_N","location":"","description":"あ","url":null,"entities":{"description":{"urls":[]}},"protected":false,"followers_count":401194,"friends_count":69,"listed_count":1234,"created_at":"Wed Nov 12 14:34:23 +0000 2014","favourites_count":36679,"utc_offset":-25200,"time_zone":"Pacific Time (US & Canada)","geo_enabled":false,"verified":false,"statuses_count":6176,"lang":"ja","contributors_enabled":false,"is_translator":false,"is_translation_enabled":false,"profile_background_color":"000000","profile_background_image_url":"http://abs.twimg.com/images/themes/theme1/bg.png","profile_background_image_url_https":"https://abs.twimg.com/images/themes/theme1/bg.png","profile_background_tile":false,"profile_image_url":"http://pbs.twimg.com/profile_images/863795897691287552/Hx3P2xcH_normal.jpg","profile_image_url_https":"https://pbs.twimg.com/profile_images/863795897691287552/Hx3P2xcH_normal.jpg","profile_banner_url":"https://pbs.twimg.com/profile_banners/2897656159/1473694510","profile_link_color":"9266CC","profile_sidebar_border_color":"000000","profile_sidebar_fill_color":"000000","profile_text_color":"000000","profile_use_background_image":false,"has_extended_profile":false,"default_profile":false,"default_profile_image":false,"following":false,"follow_request_sent":false,"notifications":false,"translator_type":"none"},"geo":null,"coordinates":null,"place":null,"contributors":null,"is_quote_status":false,"retweet_count":555,"favorite_count":6433,"favorited":false,"retweeted":false,"lang":"ja"},{"created_at":"Wed Jul 19 11:29:34 +0000 2017","id":887635521505185800,"id_str":"887635521505185793","text":"夏… https://t.co/30KchyWKE2","truncated":false,"entities":{"hashtags":[],"symbols":[],"user_mentions":[],"urls":[],"media":[{"id":887635517352812500,"id_str":"887635517352812544","indices":[3,26],"media_url":"http://pbs.twimg.com/media/DFGDzNXVoAAZyR1.jpg","media_url_https":"https://pbs.twimg.com/media/DFGDzNXVoAAZyR1.jpg","url":"https://t.co/30KchyWKE2","display_url":"pic.twitter.com/30KchyWKE2","expanded_url":"https://twitter.com/D_hagi/status/887635521505185793/photo/1","type":"photo","sizes":{"thumb":{"w":150,"h":150,"resize":"crop"},"large":{"w":500,"h":563,"resize":"fit"},"medium":{"w":500,"h":563,"resize":"fit"},"small":{"w":500,"h":563,"resize":"fit"}}}]},"extended_entities":{"media":[{"id":887635517352812500,"id_str":"887635517352812544","indices":[3,26],"media_url":"http://pbs.twimg.com/media/DFGDzNXVoAAZyR1.jpg","media_url_https":"https://pbs.twimg.com/media/DFGDzNXVoAAZyR1.jpg","url":"https://t.co/30KchyWKE2","display_url":"pic.twitter.com/30KchyWKE2","expanded_url":"https://twitter.com/D_hagi/status/887635521505185793/photo/1","type":"photo","sizes":{"thumb":{"w":150,"h":150,"resize":"crop"},"large":{"w":500,"h":563,"resize":"fit"},"medium":{"w":500,"h":563,"resize":"fit"},"small":{"w":500,"h":563,"resize":"fit"}}}]},"metadata":{"iso_language_code":"ja","result_type":"recent"},"source":"<a href=\"http://janetter.net/\" rel=\"nofollow\">Janetter</a>","in_reply_to_status_id":null,"in_reply_to_status_id_str":null,"in_reply_to_user_id":null,"in_reply_to_user_id_str":null,"in_reply_to_screen_name":null,"user":{"id":149063009,"id_str":"149063009","name":"萩原ダイスケ","screen_name":"D_hagi","location":"神奈川","description":"GFにてホリミヤ(原作:HERO「堀さんと宮村くん」)、ガンガンにてねねね(原作:徒々野雫)の作画を担当させて頂いております。女です。","url":"https://t.co/kZ1SRVbMnd","entities":{"url":{"urls":[{"url":"https://t.co/kZ1SRVbMnd","expanded_url":"http://gigina01.blog.fc2.com/","display_url":"gigina01.blog.fc2.com","indices":[0,23]}]},"description":{"urls":[]}},"protected":false,"followers_count":116013,"friends_count":113,"listed_count":1672,"created_at":"Fri May 28 09:27:12 +0000 2010","favourites_count":35,"utc_offset":32400,"time_zone":"Tokyo","geo_enabled":false,"verified":false,"statuses_count":8504,"lang":"ja","contributors_enabled":false,"is_translator":false,"is_translation_enabled":false,"profile_background_color":"CCCC99","profile_background_image_url":"http://abs.twimg.com/images/themes/theme18/bg.gif","profile_background_image_url_https":"https://abs.twimg.com/images/themes/theme18/bg.gif","profile_background_tile":false,"profile_image_url":"http://pbs.twimg.com/profile_images/886636740093464576/8Jwcx4oz_normal.jpg","profile_image_url_https":"https://pbs.twimg.com/profile_images/886636740093464576/8Jwcx4oz_normal.jpg","profile_banner_url":"https://pbs.twimg.com/profile_banners/149063009/1500225800","profile_link_color":"9ACD32","profile_sidebar_border_color":"FFFFFF","profile_sidebar_fill_color":"A84F31","profile_text_color":"FF7099","profile_use_background_image":true,"has_extended_profile":false,"default_profile":false,"default_profile_image":false,"following":false,"follow_request_sent":false,"notifications":false,"translator_type":"none"},"geo":null,"coordinates":null,"place":null,"contributors":null,"is_quote_status":false,"retweet_count":847,"favorite_count":2781,"favorited":false,"retweeted":false,"possibly_sensitive":false,"lang":"ja"},{"created_at":"Wed Jul 19 11:28:06 +0000 2017","id":887635152385343500,"id_str":"887635152385343489","text":"水本ゆかりちゃんと体育授業 https://t.co/0KKBCmmahf","truncated":false,"entities":{"hashtags":[],"symbols":[],"user_mentions":[],"urls":[],"media":[{"id":887635128893063200,"id_str":"887635128893063169","indices":[14,37],"media_url":"http://pbs.twimg.com/media/DFGDcmPUQAEKsqA.jpg","media_url_https":"https://pbs.twimg.com/media/DFGDcmPUQAEKsqA.jpg","url":"https://t.co/0KKBCmmahf","display_url":"pic.twitter.com/0KKBCmmahf","expanded_url":"https://twitter.com/karamazo_v/status/887635152385343489/photo/1","type":"photo","sizes":{"large":{"w":1024,"h":1432,"resize":"fit"},"medium":{"w":858,"h":1200,"resize":"fit"},"thumb":{"w":150,"h":150,"resize":"crop"},"small":{"w":486,"h":680,"resize":"fit"}}}]},"extended_entities":{"media":[{"id":887635128893063200,"id_str":"887635128893063169","indices":[14,37],"media_url":"http://pbs.twimg.com/media/DFGDcmPUQAEKsqA.jpg","media_url_https":"https://pbs.twimg.com/media/DFGDcmPUQAEKsqA.jpg","url":"https://t.co/0KKBCmmahf","display_url":"pic.twitter.com/0KKBCmmahf","expanded_url":"https://twitter.com/karamazo_v/status/887635152385343489/photo/1","type":"photo","sizes":{"large":{"w":1024,"h":1432,"resize":"fit"},"medium":{"w":858,"h":1200,"resize":"fit"},"thumb":{"w":150,"h":150,"resize":"crop"},"small":{"w":486,"h":680,"resize":"fit"}}}]},"metadata":{"iso_language_code":"ja","result_type":"recent"},"source":"<a href=\"http://twitter.com/download/android\" rel=\"nofollow\">Twitter for Android</a>","in_reply_to_status_id":null,"in_reply_to_status_id_str":null,"in_reply_to_user_id":null,"in_reply_to_user_id_str":null,"in_reply_to_screen_name":null,"user":{"id":739673985743360000,"id_str":"739673985743360000","name":"カラマ祖父","screen_name":"karamazo_v","location":"","description":"水本ゆかりPで時々漫画描きます。妹は紗霧。野球はBs。\nhttps://t.co/MhcWAGw439","url":"https://t.co/oEd2OxGws4","entities":{"url":{"urls":[{"url":"https://t.co/oEd2OxGws4","expanded_url":"http://pixiv.me/karamazo_v","display_url":"pixiv.me/karamazo_v","indices":[0,23]}]},"description":{"urls":[{"url":"https://t.co/MhcWAGw439","expanded_url":"http://odaibako.net/u/karamazo_v","display_url":"odaibako.net/u/karamazo_v","indices":[28,51]}]}},"protected":false,"followers_count":3538,"friends_count":375,"listed_count":88,"created_at":"Mon Jun 06 04:23:15 +0000 2016","favourites_count":37943,"utc_offset":-25200,"time_zone":"Pacific Time (US & Canada)","geo_enabled":false,"verified":false,"statuses_count":26999,"lang":"ja","contributors_enabled":false,"is_translator":false,"is_translation_enabled":false,"profile_background_color":"F5F8FA","profile_background_image_url":null,"profile_background_image_url_https":null,"profile_background_tile":false,"profile_image_url":"http://pbs.twimg.com/profile_images/874550255374680064/-jtAdAbF_normal.jpg","profile_image_url_https":"https://pbs.twimg.com/profile_images/874550255374680064/-jtAdAbF_normal.jpg","profile_banner_url":"https://pbs.twimg.com/profile_banners/739673985743360000/1500364864","profile_link_color":"1DA1F2","profile_sidebar_border_color":"C0DEED","profile_sidebar_fill_color":"DDEEF6","profile_text_color":"333333","profile_use_background_image":true,"has_extended_profile":true,"default_profile":true,"default_profile_image":false,"following":false,"follow_request_sent":false,"notifications":false,"translator_type":"none"},"geo":null,"coordinates":null,"place":null,"contributors":null,"is_quote_status":false,"retweet_count":539,"favorite_count":916,"favorited":false,"retweeted":false,"possibly_sensitive":false,"lang":"ja"},{"created_at":"Wed Jul 19 11:27:32 +0000 2017","id":887635011515449300,"id_str":"887635011515449344","text":"カルデアビキニ部１０ https://t.co/EazBr2dyCT","truncated":false,"entities":{"hashtags":[],"symbols":[],"user_mentions":[],"urls":[],"media":[{"id":887634970260324400,"id_str":"887634970260324353","indices":[11,34],"media_url":"http://pbs.twimg.com/media/DFGDTXSUwAEeqH-.jpg","media_url_https":"https://pbs.twimg.com/media/DFGDTXSUwAEeqH-.jpg","url":"https://t.co/EazBr2dyCT","display_url":"pic.twitter.com/EazBr2dyCT","expanded_url":"https://twitter.com/yurang92/status/887635011515449344/photo/1","type":"photo","sizes":{"medium":{"w":800,"h":1135,"resize":"fit"},"thumb":{"w":150,"h":150,"resize":"crop"},"small":{"w":479,"h":680,"resize":"fit"},"large":{"w":800,"h":1135,"resize":"fit"}}}]},"extended_entities":{"media":[{"id":887634970260324400,"id_str":"887634970260324353","indices":[11,34],"media_url":"http://pbs.twimg.com/media/DFGDTXSUwAEeqH-.jpg","media_url_https":"https://pbs.twimg.com/media/DFGDTXSUwAEeqH-.jpg","url":"https://t.co/EazBr2dyCT","display_url":"pic.twitter.com/EazBr2dyCT","expanded_url":"https://twitter.com/yurang92/status/887635011515449344/photo/1","type":"photo","sizes":{"medium":{"w":800,"h":1135,"resize":"fit"},"thumb":{"w":150,"h":150,"resize":"crop"},"small":{"w":479,"h":680,"resize":"fit"},"large":{"w":800,"h":1135,"resize":"fit"}}}]},"metadata":{"iso_language_code":"ja","result_type":"recent"},"source":"<a href=\"http://twitter.com\" rel=\"nofollow\">Twitter Web Client</a>","in_reply_to_status_id":null,"in_reply_to_status_id_str":null,"in_reply_to_user_id":null,"in_reply_to_user_id_str":null,"in_reply_to_screen_name":null,"user":{"id":233198142,"id_str":"233198142","name":"ゆらん🌟3日目東A-15b","screen_name":"yurang92","location":"東京都","description":"絵描いてます yuranpp@gmail.com","url":"https://t.co/2k7fHqr799","entities":{"url":{"urls":[{"url":"https://t.co/2k7fHqr799","expanded_url":"http://pixiv.me/yuranpp","display_url":"pixiv.me/yuranpp","indices":[0,23]}]},"description":{"urls":[]}},"protected":false,"followers_count":186658,"friends_count":438,"listed_count":4286,"created_at":"Sun Jan 02 15:45:59 +0000 2011","favourites_count":2771,"utc_offset":32400,"time_zone":"Tokyo","geo_enabled":false,"verified":false,"statuses_count":16163,"lang":"ja","contributors_enabled":false,"is_translator":false,"is_translation_enabled":false,"profile_background_color":"FFE4B5","profile_background_image_url":"http://pbs.twimg.com/profile_background_images/667794654356631552/G4SfZa3c.png","profile_background_image_url_https":"https://pbs.twimg.com/profile_background_images/667794654356631552/G4SfZa3c.png","profile_background_tile":false,"profile_image_url":"http://pbs.twimg.com/profile_images/875193448223068160/x3DCERUP_normal.jpg","profile_image_url_https":"https://pbs.twimg.com/profile_images/875193448223068160/x3DCERUP_normal.jpg","profile_banner_url":"https://pbs.twimg.com/profile_banners/233198142/1493368368","profile_link_color":"1B95E0","profile_sidebar_border_color":"000000","profile_sidebar_fill_color":"000000","profile_text_color":"000000","profile_use_background_image":true,"has_extended_profile":true,"default_profile":false,"default_profile_image":false,"following":false,"follow_request_sent":false,"notifications":false,"translator_type":"none"},"geo":null,"coordinates":null,"place":null,"contributors":null,"is_quote_status":false,"retweet_count":1671,"favorite_count":4071,"favorited":false,"retweeted":false,"possibly_sensitive":false,"lang":"ja"},{"created_at":"Wed Jul 19 11:26:58 +0000 2017","id":887634865822158800,"id_str":"887634865822158848","text":"【INFO】明日15時より16時までCHAPTER 12「安心できる場所」追加のためメンテナンスを実施いたします。メンテナンス中はゲームをご利用いただくことが出来ません。お楽しみいただいている皆様には、ご迷惑をおかけいたしますが、… https://t.co/EwkXElRjTv","truncated":true,"entities":{"hashtags":[],"symbols":[],"user_mentions":[],"urls":[{"url":"https://t.co/EwkXElRjTv","expanded_url":"https://twitter.com/i/web/status/887634865822158848","display_url":"twitter.com/i/web/status/8…","indices":[117,140]}]},"metadata":{"iso_language_code":"ja","result_type":"recent"},"source":"<a href=\"http://twitter.com\" rel=\"nofollow\">Twitter Web Client</a>","in_reply_to_status_id":null,"in_reply_to_status_id_str":null,"in_reply_to_user_id":null,"in_reply_to_user_id_str":null,"in_reply_to_screen_name":null,"user":{"id":813683139637755900,"id_str":"813683139637755904","name":"【運営】Bプロ 無敵＊デンジャラス","screen_name":"BPRO_game","location":"Twitterからの個別返信は行っておりません","description":"【総合プロデュース 西川貴教×企画・原作 志倉千代丸】が手掛けるB-PROJECTのスマートフォン向けアプリゲーム『無敵＊デンジャラス』運営公式アカウントです。⇒https://t.co/IDJfdMhd6J #Bプロ","url":"https://t.co/IDJfdMhd6J","entities":{"url":{"urls":[{"url":"https://t.co/IDJfdMhd6J","expanded_url":"http://www.bprogame.com/","display_url":"bprogame.com","indices":[0,23]}]},"description":{"urls":[{"url":"https://t.co/IDJfdMhd6J","expanded_url":"http://www.bprogame.com/","display_url":"bprogame.com","indices":[81,104]}]}},"protected":false,"followers_count":123899,"friends_count":1,"listed_count":1123,"created_at":"Tue Dec 27 09:49:12 +0000 2016","favourites_count":1,"utc_offset":32400,"time_zone":"Tokyo","geo_enabled":false,"verified":true,"statuses_count":191,"lang":"ja","contributors_enabled":false,"is_translator":false,"is_translation_enabled":false,"profile_background_color":"F5F8FA","profile_background_image_url":null,"profile_background_image_url_https":null,"profile_background_tile":false,"profile_image_url":"http://pbs.twimg.com/profile_images/821315591403245568/E9WxytoH_normal.jpg","profile_image_url_https":"https://pbs.twimg.com/profile_images/821315591403245568/E9WxytoH_normal.jpg","profile_banner_url":"https://pbs.twimg.com/profile_banners/813683139637755904/1484534332","profile_link_color":"1DA1F2","profile_sidebar_border_color":"C0DEED","profile_sidebar_fill_color":"DDEEF6","profile_text_color":"333333","profile_use_background_image":true,"has_extended_profile":false,"default_profile":true,"default_profile_image":false,"following":false,"follow_request_sent":false,"notifications":false,"translator_type":"none"},"geo":null,"coordinates":null,"place":null,"contributors":null,"is_quote_status":false,"retweet_count":1218,"favorite_count":2053,"favorited":false,"retweeted":false,"possibly_sensitive":false,"lang":"ja"},{"created_at":"Wed Jul 19 11:26:21 +0000 2017","id":887634713245999100,"id_str":"887634713245999104","text":"#世界の怖い夜\n\nとりあえず怖いと思ったらこれ観て怖さ吹っ飛ばそう。 https://t.co/6WgbI4eKJ4","truncated":false,"entities":{"hashtags":[{"text":"世界の怖い夜","indices":[0,7]}],"symbols":[],"user_mentions":[],"urls":[],"media":[{"id":887634331379703800,"id_str":"887634331379703810","indices":[35,58],"media_url":"http://pbs.twimg.com/ext_tw_video_thumb/887634331379703810/pu/img/UonnpsOpPNI_TPH-.jpg","media_url_https":"https://pbs.twimg.com/ext_tw_video_thumb/887634331379703810/pu/img/UonnpsOpPNI_TPH-.jpg","url":"https://t.co/6WgbI4eKJ4","display_url":"pic.twitter.com/6WgbI4eKJ4","expanded_url":"https://twitter.com/KAI71910968/status/887634713245999104/video/1","type":"photo","sizes":{"small":{"w":340,"h":194,"resize":"fit"},"medium":{"w":600,"h":343,"resize":"fit"},"thumb":{"w":150,"h":150,"resize":"crop"},"large":{"w":630,"h":360,"resize":"fit"}}}]},"extended_entities":{"media":[{"id":887634331379703800,"id_str":"887634331379703810","indices":[35,58],"media_url":"http://pbs.twimg.com/ext_tw_video_thumb/887634331379703810/pu/img/UonnpsOpPNI_TPH-.jpg","media_url_https":"https://pbs.twimg.com/ext_tw_video_thumb/887634331379703810/pu/img/UonnpsOpPNI_TPH-.jpg","url":"https://t.co/6WgbI4eKJ4","display_url":"pic.twitter.com/6WgbI4eKJ4","expanded_url":"https://twitter.com/KAI71910968/status/887634713245999104/video/1","type":"video","sizes":{"small":{"w":340,"h":194,"resize":"fit"},"medium":{"w":600,"h":343,"resize":"fit"},"thumb":{"w":150,"h":150,"resize":"crop"},"large":{"w":630,"h":360,"resize":"fit"}},"video_info":{"aspect_ratio":[7,4],"duration_millis":62800,"variants":[{"bitrate":832000,"content_type":"video/mp4","url":"https://video.twimg.com/ext_tw_video/887634331379703810/pu/vid/630x360/WT-0zMIiOtSUe8V0.mp4"},{"content_type":"application/x-mpegURL","url":"https://video.twimg.com/ext_tw_video/887634331379703810/pu/pl/wjB-ETnyVTzSX14z.m3u8"},{"bitrate":320000,"content_type":"video/mp4","url":"https://video.twimg.com/ext_tw_video/887634331379703810/pu/vid/314x180/A9eNFxOuFWY9A3WP.mp4"}]},"additional_media_info":{"monetizable":false}}]},"metadata":{"iso_language_code":"ja","result_type":"recent"},"source":"<a href=\"http://twitter.com/download/iphone\" rel=\"nofollow\">Twitter for iPhone</a>","in_reply_to_status_id":null,"in_reply_to_status_id_str":null,"in_reply_to_user_id":null,"in_reply_to_user_id_str":null,"in_reply_to_screen_name":null,"user":{"id":839090030068940800,"id_str":"839090030068940800","name":"kai","screen_name":"KAI71910968","location":"","description":"しまむーの可愛さは天使を超えてます","url":null,"entities":{"description":{"urls":[]}},"protected":false,"followers_count":32,"friends_count":100,"listed_count":0,"created_at":"Tue Mar 07 12:27:07 +0000 2017","favourites_count":337,"utc_offset":null,"time_zone":null,"geo_enabled":true,"verified":false,"statuses_count":657,"lang":"ja","contributors_enabled":false,"is_translator":false,"is_translation_enabled":false,"profile_background_color":"F5F8FA","profile_background_image_url":null,"profile_background_image_url_https":null,"profile_background_tile":false,"profile_image_url":"http://pbs.twimg.com/profile_images/884757495050248193/iuwL9Mg5_normal.jpg","profile_image_url_https":"https://pbs.twimg.com/profile_images/884757495050248193/iuwL9Mg5_normal.jpg","profile_banner_url":"https://pbs.twimg.com/profile_banners/839090030068940800/1498030907","profile_link_color":"1DA1F2","profile_sidebar_border_color":"C0DEED","profile_sidebar_fill_color":"DDEEF6","profile_text_color":"333333","profile_use_background_image":true,"has_extended_profile":true,"default_profile":true,"default_profile_image":false,"following":false,"follow_request_sent":false,"notifications":false,"translator_type":"none"},"geo":null,"coordinates":null,"place":null,"contributors":null,"is_quote_status":false,"retweet_count":499,"favorite_count":668,"favorited":false,"retweeted":false,"possibly_sensitive":false,"lang":"ja"},{"created_at":"Wed Jul 19 11:26:12 +0000 2017","id":887634674649972700,"id_str":"887634674649972736","text":"本当に本当にありがとうございます！\n\n音源が出来て完成ではなく\n皆さまのお手元に届いてやっとそこで作品としての意味を成すと思っています。\nどうぞ僕らで 大きくなれよー！と育てた3rdシングルを余すことなくお楽しみにください！\n\n僕… https://t.co/YDOaOAhIR7","truncated":true,"entities":{"hashtags":[],"symbols":[],"user_mentions":[],"urls":[{"url":"https://t.co/YDOaOAhIR7","expanded_url":"https://twitter.com/i/web/status/887634674649972736","display_url":"twitter.com/i/web/status/8…","indices":[117,140]}]},"metadata":{"iso_language_code":"ja","result_type":"recent"},"source":"<a href=\"http://twitter.com/download/iphone\" rel=\"nofollow\">Twitter for iPhone</a>","in_reply_to_status_id":null,"in_reply_to_status_id_str":null,"in_reply_to_user_id":null,"in_reply_to_user_id_str":null,"in_reply_to_screen_name":null,"user":{"id":94322333,"id_str":"94322333","name":"天月 7/19 3rdシングル発売！","screen_name":"_amatsuki_","location":"依頼など【amatsuki2525@yahoo.co.jp】","description":"どこまでも届くように歌います。 7/19 3rdシングル『Mr.fake / ツナゲル』リリースします！ 「トモダチゲーム」主題歌、声優担当 niconico☞https://t.co/S4lxjOmZbL Youtube ☞ https://t.co/6tJz6H1C2X","url":"https://t.co/NKrARBl0oR","entities":{"url":{"urls":[{"url":"https://t.co/NKrARBl0oR","expanded_url":"http://amatsuki.jp/","display_url":"amatsuki.jp","indices":[0,23]}]},"description":{"urls":[{"url":"https://t.co/S4lxjOmZbL","expanded_url":"http://goo.gl/zAlcRg","display_url":"goo.gl/zAlcRg","indices":[80,103]},{"url":"https://t.co/6tJz6H1C2X","expanded_url":"http://bit.ly/1FLfr2s","display_url":"bit.ly/1FLfr2s","indices":[114,137]}]}},"protected":false,"followers_count":721587,"friends_count":660,"listed_count":8825,"created_at":"Thu Dec 03 12:50:34 +0000 2009","favourites_count":17763,"utc_offset":32400,"time_zone":"Tokyo","geo_enabled":true,"verified":false,"statuses_count":71629,"lang":"ja","contributors_enabled":false,"is_translator":false,"is_translation_enabled":false,"profile_background_color":"0099B9","profile_background_image_url":"http://pbs.twimg.com/profile_background_images/571927444/gghle38lydw51pogjv0d.jpeg","profile_background_image_url_https":"https://pbs.twimg.com/profile_background_images/571927444/gghle38lydw51pogjv0d.jpeg","profile_background_tile":false,"profile_image_url":"http://pbs.twimg.com/profile_images/813460090845949952/3OuQ2AvO_normal.jpg","profile_image_url_https":"https://pbs.twimg.com/profile_images/813460090845949952/3OuQ2AvO_normal.jpg","profile_banner_url":"https://pbs.twimg.com/profile_banners/94322333/1494926414","profile_link_color":"0099B9","profile_sidebar_border_color":"5ED4DC","profile_sidebar_fill_color":"95E8EC","profile_text_color":"3C3940","profile_use_background_image":true,"has_extended_profile":true,"default_profile":false,"default_profile_image":false,"following":false,"follow_request_sent":false,"notifications":false,"translator_type":"none"},"geo":null,"coordinates":null,"place":null,"contributors":null,"is_quote_status":false,"retweet_count":1284,"favorite_count":6841,"favorited":false,"retweeted":false,"possibly_sensitive":false,"lang":"ja"},{"created_at":"Wed Jul 19 11:25:40 +0000 2017","id":887634542193909800,"id_str":"887634542193909761","text":"で、でた〜ｗｗｗｗｗｗｗｗｗｗ心霊番組やってるからってここぞとばかりに「心霊番組こわ。。。むりひとりじゃ観られない&gt;_&lt;」とかツイートするブスとそれにすかさず「大丈夫？ 俺と一緒に観よっか？」とかリプライ送る出会い厨奴〜ｗｗｗｗｗｗｗｗｗｗｗｗｗｗｗｗｗｗｗｗｗｗ #世界の怖い夜","truncated":false,"entities":{"hashtags":[{"text":"世界の怖い夜","indices":[139,146]}],"symbols":[],"user_mentions":[],"urls":[]},"metadata":{"iso_language_code":"ja","result_type":"recent"},"source":"<a href=\"http://twitter.com/download/iphone\" rel=\"nofollow\">Twitter for iPhone</a>","in_reply_to_status_id":null,"in_reply_to_status_id_str":null,"in_reply_to_user_id":null,"in_reply_to_user_id_str":null,"in_reply_to_screen_name":null,"user":{"id":595383148,"id_str":"595383148","name":"奴bot","screen_name":"de_detaawwwww","location":"本物です","description":"生活はできそう それはまだ (LINEスタンプ→https://t.co/MfWaUKkmJN) (その他→https://t.co/qYZx8LNf8J) こちらもどうぞ→@chihara_lyrics","url":"https://t.co/MnDZDKXSQl","entities":{"url":{"urls":[{"url":"https://t.co/MnDZDKXSQl","expanded_url":"http://twpf.jp/de_detaawwwww","display_url":"twpf.jp/de_detaawwwww","indices":[0,23]}]},"description":{"urls":[{"url":"https://t.co/MfWaUKkmJN","expanded_url":"http://line.me/S/sticker/1208244","display_url":"line.me/S/sticker/1208…","indices":[24,47]},{"url":"https://t.co/qYZx8LNf8J","expanded_url":"http://suzuri.jp/Yakko_Nakano","display_url":"suzuri.jp/Yakko_Nakano","indices":[54,77]}]}},"protected":false,"followers_count":444883,"friends_count":41739,"listed_count":2892,"created_at":"Thu May 31 10:43:02 +0000 2012","favourites_count":0,"utc_offset":28800,"time_zone":"Irkutsk","geo_enabled":false,"verified":false,"statuses_count":49255,"lang":"ja","contributors_enabled":false,"is_translator":false,"is_translation_enabled":false,"profile_background_color":"C0DEED","profile_background_image_url":"http://pbs.twimg.com/profile_background_images/566655568/wcgegrvo1od9huthxn93.jpeg","profile_background_image_url_https":"https://pbs.twimg.com/profile_background_images/566655568/wcgegrvo1od9huthxn93.jpeg","profile_background_tile":true,"profile_image_url":"http://pbs.twimg.com/profile_images/886391808481083392/WmEou3Ur_normal.jpg","profile_image_url_https":"https://pbs.twimg.com/profile_images/886391808481083392/WmEou3Ur_normal.jpg","profile_banner_url":"https://pbs.twimg.com/profile_banners/595383148/1490372269","profile_link_color":"0084B4","profile_sidebar_border_color":"C0DEED","profile_sidebar_fill_color":"DDEEF6","profile_text_color":"333333","profile_use_background_image":true,"has_extended_profile":false,"default_profile":false,"default_profile_image":false,"following":false,"follow_request_sent":false,"notifications":false,"translator_type":"none"},"geo":null,"coordinates":null,"place":null,"contributors":null,"is_quote_status":false,"retweet_count":725,"favorite_count":1205,"favorited":false,"retweeted":false,"lang":"ja"},{"created_at":"Wed Jul 19 11:25:00 +0000 2017","id":887634371498225700,"id_str":"887634371498225664","text":"白詰草様(@shirotsumetcg )での頒布前ですので宣伝画像も低解像度ですが御容赦下さい〜 https://t.co/FusLE9dysP","truncated":false,"entities":{"hashtags":[],"symbols":[],"user_mentions":[{"screen_name":"shirotsumetcg","name":"白詰草@一日目東シ-19b","id":3326746393,"id_str":"3326746393","indices":[5,19]}],"urls":[],"media":[{"id":887634366326636500,"id_str":"887634366326636544","indices":[50,73],"media_url":"http://pbs.twimg.com/media/DFGCwNdUAAAy12I.jpg","media_url_https":"https://pbs.twimg.com/media/DFGCwNdUAAAy12I.jpg","url":"https://t.co/FusLE9dysP","display_url":"pic.twitter.com/FusLE9dysP","expanded_url":"https://twitter.com/KATSUDANSOU/status/887634371498225664/photo/1","type":"photo","sizes":{"large":{"w":640,"h":388,"resize":"fit"},"medium":{"w":640,"h":388,"resize":"fit"},"thumb":{"w":150,"h":150,"resize":"crop"},"small":{"w":640,"h":388,"resize":"fit"}}}]},"extended_entities":{"media":[{"id":887634366326636500,"id_str":"887634366326636544","indices":[50,73],"media_url":"http://pbs.twimg.com/media/DFGCwNdUAAAy12I.jpg","media_url_https":"https://pbs.twimg.com/media/DFGCwNdUAAAy12I.jpg","url":"https://t.co/FusLE9dysP","display_url":"pic.twitter.com/FusLE9dysP","expanded_url":"https://twitter.com/KATSUDANSOU/status/887634371498225664/photo/1","type":"photo","sizes":{"large":{"w":640,"h":388,"resize":"fit"},"medium":{"w":640,"h":388,"resize":"fit"},"thumb":{"w":150,"h":150,"resize":"crop"},"small":{"w":640,"h":388,"resize":"fit"}}}]},"metadata":{"iso_language_code":"ja","result_type":"recent"},"source":"<a href=\"http://twitter.com/download/iphone\" rel=\"nofollow\">Twitter for iPhone</a>","in_reply_to_status_id":null,"in_reply_to_status_id_str":null,"in_reply_to_user_id":null,"in_reply_to_user_id_str":null,"in_reply_to_screen_name":null,"user":{"id":265653175,"id_str":"265653175","name":"活断層＠日曜東ペ07a","screen_name":"KATSUDANSOU","location":"立川","description":"お仕事履歴:ウルトラ怪獣擬人化計画 エースキラー/乖離性MA//ラクエンロジック など/ えっちな絵もRTするから未成年者はフォローしないでね。10月以降のお仕事も募集しております。連絡先katsudansou@http://gmail.com まで pixiv id=1082547","url":null,"entities":{"description":{"urls":[]}},"protected":false,"followers_count":30409,"friends_count":1196,"listed_count":795,"created_at":"Sun Mar 13 23:12:18 +0000 2011","favourites_count":28930,"utc_offset":32400,"time_zone":"Tokyo","geo_enabled":false,"verified":false,"statuses_count":278298,"lang":"ja","contributors_enabled":false,"is_translator":false,"is_translation_enabled":false,"profile_background_color":"131516","profile_background_image_url":"http://abs.twimg.com/images/themes/theme14/bg.gif","profile_background_image_url_https":"https://abs.twimg.com/images/themes/theme14/bg.gif","profile_background_tile":true,"profile_image_url":"http://pbs.twimg.com/profile_images/878690476441837569/hILf0wqV_normal.jpg","profile_image_url_https":"https://pbs.twimg.com/profile_images/878690476441837569/hILf0wqV_normal.jpg","profile_banner_url":"https://pbs.twimg.com/profile_banners/265653175/1419317554","profile_link_color":"009999","profile_sidebar_border_color":"EEEEEE","profile_sidebar_fill_color":"EFEFEF","profile_text_color":"333333","profile_use_background_image":true,"has_extended_profile":true,"default_profile":false,"default_profile_image":false,"following":false,"follow_request_sent":false,"notifications":false,"translator_type":"none"},"geo":null,"coordinates":null,"place":null,"contributors":null,"is_quote_status":false,"retweet_count":639,"favorite_count":1474,"favorited":false,"retweeted":false,"possibly_sensitive":false,"lang":"ja"}],"search_metadata":{"completed_in":0.172,"max_id":887638438333235200,"max_id_str":"887638438333235204","next_results":"?max_id=887634371498225663&q=lang%3Aja%20min_retweets%3A500&include_entities=1","query":"lang%3Aja+min_retweets%3A500","refresh_url":"?since_id=887638438333235204&q=lang%3Aja%20min_retweets%3A500&include_entities=1","count":15,"since_id":0,"since_id_str":"0"}}