{"statuses":[{"created_at":"Thu Jul 13 08:40:46 +0000 2017","id":885418715839217700,"id_str":"885418715839217665","text":"【カルデア広報局より】\n2017年7月14日(金)AM4:00より「FGO THE STAGE公演記念キャンペーン」開催！期間中、毎日ログインで聖晶石と大騎士勲章をプレゼントなど！詳しくは→… https://t.co/fj9uzVb12U","truncated":true,"entities":{"hashtags":[],"symbols":[],"user_mentions":[],"urls":[{"url":"https://t.co/fj9uzVb12U","expanded_url":"https://twitter.com/i/web/status/885418715839217665","display_url":"twitter.com/i/web/status/8…","indices":[97,120]}]},"metadata":{"iso_language_code":"ja","result_type":"recent"},"source":"<a href=\"http://twitter.com\" rel=\"nofollow\">Twitter Web Client</a>","in_reply_to_status_id":null,"in_reply_to_status_id_str":null,"in_reply_to_user_id":null,"in_reply_to_user_id_str":null,"in_reply_to_screen_name":null,"user":{"id":2968069742,"id_str":"2968069742","name":"【公式】Fate/Grand Order","screen_name":"fgoproject","location":"","description":"TYPE-MOONが贈る、新たな「Fate」RPG「Fate/Grand Order」公式アカウント。カルデア広報局より、皆様に最新情報をお届けします！公式ハッシュタグ → #FateGO","url":"http://t.co/NtAp9EJPBj","entities":{"url":{"urls":[{"url":"http://t.co/NtAp9EJPBj","expanded_url":"http://www.fate-go.jp/","display_url":"fate-go.jp","indices":[0,22]}]},"description":{"urls":[]}},"protected":false,"followers_count":717530,"friends_count":0,"listed_count":8802,"created_at":"Fri Jan 09 04:12:09 +0000 2015","favourites_count":0,"utc_offset":32400,"time_zone":"Seoul","geo_enabled":false,"verified":true,"statuses_count":1939,"lang":"ja","contributors_enabled":false,"is_translator":false,"is_translation_enabled":false,"profile_background_color":"C0DEED","profile_background_image_url":"http://abs.twimg.com/images/themes/theme1/bg.png","profile_background_image_url_https":"https://abs.twimg.com/images/themes/theme1/bg.png","profile_background_tile":false,"profile_image_url":"http://pbs.twimg.com/profile_images/848188127462031361/LR9bGs9q_normal.jpg","profile_image_url_https":"https://pbs.twimg.com/profile_images/848188127462031361/LR9bGs9q_normal.jpg","profile_banner_url":"https://pbs.twimg.com/profile_banners/2968069742/1491058804","profile_link_color":"3B94D9","profile_sidebar_border_color":"C0DEED","profile_sidebar_fill_color":"DDEEF6","profile_text_color":"333333","profile_use_background_image":true,"has_extended_profile":false,"default_profile":false,"default_profile_image":false,"following":false,"follow_request_sent":false,"notifications":false,"translator_type":"none"},"geo":null,"coordinates":null,"place":null,"contributors":null,"is_quote_status":false,"retweet_count":12543,"favorite_count":4622,"favorited":false,"retweeted":false,"possibly_sensitive":false,"lang":"ja"},{"created_at":"Thu Jul 13 07:11:12 +0000 2017","id":885396173997068300,"id_str":"885396173997068288","text":"★A3! 限定スカウト配信開始★\nメンテナンスが終了し、限定スカウト『あやかしMidnight』の配信を開始しました。配信は【7/17 23:59】まで。 #エースリー https://t.co/vIYQD6COpB","truncated":false,"entities":{"hashtags":[{"text":"エースリー","indices":[78,84]}],"symbols":[],"user_mentions":[],"urls":[],"media":[{"id":885396170566062100,"id_str":"885396170566062080","indices":[85,108],"media_url":"http://pbs.twimg.com/media/DEmPIEgU0AA1WPY.jpg","media_url_https":"https://pbs.twimg.com/media/DEmPIEgU0AA1WPY.jpg","url":"https://t.co/vIYQD6COpB","display_url":"pic.twitter.com/vIYQD6COpB","expanded_url":"https://twitter.com/mankai_company/status/885396173997068288/photo/1","type":"photo","sizes":{"small":{"w":614,"h":345,"resize":"fit"},"thumb":{"w":150,"h":150,"resize":"crop"},"medium":{"w":614,"h":345,"resize":"fit"},"large":{"w":614,"h":345,"resize":"fit"}}}]},"extended_entities":{"media":[{"id":885396170566062100,"id_str":"885396170566062080","indices":[85,108],"media_url":"http://pbs.twimg.com/media/DEmPIEgU0AA1WPY.jpg","media_url_https":"https://pbs.twimg.com/media/DEmPIEgU0AA1WPY.jpg","url":"https://t.co/vIYQD6COpB","display_url":"pic.twitter.com/vIYQD6COpB","expanded_url":"https://twitter.com/mankai_company/status/885396173997068288/photo/1","type":"photo","sizes":{"small":{"w":614,"h":345,"resize":"fit"},"thumb":{"w":150,"h":150,"resize":"crop"},"medium":{"w":614,"h":345,"resize":"fit"},"large":{"w":614,"h":345,"resize":"fit"}}}]},"metadata":{"iso_language_code":"ja","result_type":"recent"},"source":"<a href=\"http://twitter.com/download/android\" rel=\"nofollow\">Twitter for Android</a>","in_reply_to_status_id":null,"in_reply_to_status_id_str":null,"in_reply_to_user_id":null,"in_reply_to_user_id_str":null,"in_reply_to_screen_name":null,"user":{"id":768448988626333700,"id_str":"768448988626333697","name":"【公式】A3!（エースリー）","screen_name":"mankai_company","location":"","description":"１月２７日（金）配信スタート！イケメン役者育成アプリ『A3!』公式Twitterアカウントです。 ハッシュタグは #エースリー アプリに関するお問合せは、アプリ内「サポート」または公式HP内のお問合せフォームよりお願いいたします。","url":"https://t.co/BVvtqOsoYc","entities":{"url":{"urls":[{"url":"https://t.co/BVvtqOsoYc","expanded_url":"http://www.a3-liber.jp/","display_url":"a3-liber.jp","indices":[0,23]}]},"description":{"urls":[]}},"protected":false,"followers_count":300264,"friends_count":54,"listed_count":2648,"created_at":"Wed Aug 24 14:04:50 +0000 2016","favourites_count":0,"utc_offset":-25200,"time_zone":"Pacific Time (US & Canada)","geo_enabled":false,"verified":true,"statuses_count":802,"lang":"ja","contributors_enabled":false,"is_translator":false,"is_translation_enabled":false,"profile_background_color":"000000","profile_background_image_url":"http://abs.twimg.com/images/themes/theme1/bg.png","profile_background_image_url_https":"https://abs.twimg.com/images/themes/theme1/bg.png","profile_background_tile":false,"profile_image_url":"http://pbs.twimg.com/profile_images/848187532135153664/VeXZsEYh_normal.jpg","profile_image_url_https":"https://pbs.twimg.com/profile_images/848187532135153664/VeXZsEYh_normal.jpg","profile_banner_url":"https://pbs.twimg.com/profile_banners/768448988626333697/1476954146","profile_link_color":"1B95E0","profile_sidebar_border_color":"000000","profile_sidebar_fill_color":"000000","profile_text_color":"000000","profile_use_background_image":false,"has_extended_profile":false,"default_profile":false,"default_profile_image":false,"following":false,"follow_request_sent":false,"notifications":false,"translator_type":"none"},"geo":null,"coordinates":null,"place":null,"contributors":null,"is_quote_status":false,"retweet_count":7082,"favorite_count":11936,"favorited":false,"retweeted":false,"possibly_sensitive":false,"lang":"ja"},{"created_at":"Thu Jul 13 06:01:05 +0000 2017","id":885378526911774700,"id_str":"885378526911774720","text":"今回追加される七尾百合子ちゃんのカードは衣装つき！\nこの機会に是非ゲットしてください♪\n\n百合子『に、似合う、ですか？　そんなこと言われたら、ドキドキしちゃいます……』\n #ミリシタ https://t.co/1ReeNwHVQb","truncated":false,"entities":{"hashtags":[{"text":"ミリシタ","indices":[86,91]}],"symbols":[],"user_mentions":[],"urls":[],"media":[{"id":885144290841681900,"id_str":"885144290841681920","indices":[92,115],"media_url":"http://pbs.twimg.com/media/DEiqCvaVYAA0u1n.jpg","media_url_https":"https://pbs.twimg.com/media/DEiqCvaVYAA0u1n.jpg","url":"https://t.co/1ReeNwHVQb","display_url":"pic.twitter.com/1ReeNwHVQb","expanded_url":"https://twitter.com/imasml_theater/status/885378526911774720/photo/1","type":"photo","sizes":{"medium":{"w":1024,"h":512,"resize":"fit"},"thumb":{"w":150,"h":150,"resize":"crop"},"small":{"w":680,"h":340,"resize":"fit"},"large":{"w":1024,"h":512,"resize":"fit"}}}]},"extended_entities":{"media":[{"id":885144290841681900,"id_str":"885144290841681920","indices":[92,115],"media_url":"http://pbs.twimg.com/media/DEiqCvaVYAA0u1n.jpg","media_url_https":"https://pbs.twimg.com/media/DEiqCvaVYAA0u1n.jpg","url":"https://t.co/1ReeNwHVQb","display_url":"pic.twitter.com/1ReeNwHVQb","expanded_url":"https://twitter.com/imasml_theater/status/885378526911774720/photo/1","type":"photo","sizes":{"medium":{"w":1024,"h":512,"resize":"fit"},"thumb":{"w":150,"h":150,"resize":"crop"},"small":{"w":680,"h":340,"resize":"fit"},"large":{"w":1024,"h":512,"resize":"fit"}}}]},"metadata":{"iso_language_code":"ja","result_type":"recent"},"source":"<a href=\"https://ads.twitter.com\" rel=\"nofollow\">Twitter Ads</a>","in_reply_to_status_id":null,"in_reply_to_status_id_str":null,"in_reply_to_user_id":null,"in_reply_to_user_id_str":null,"in_reply_to_screen_name":null,"user":{"id":854195545941753900,"id_str":"854195545941753856","name":"ミリオンライブ！ シアターデイズ【公式】","screen_name":"imasml_theater","location":"","description":"スマートフォンアプリ「アイドルマスター ミリオンライブ！ シアターデイズ」の公式Twitterアカウントです！これからゲームに関する情報をお伝えしていきます♪","url":"https://t.co/npimqAX8OA","entities":{"url":{"urls":[{"url":"https://t.co/npimqAX8OA","expanded_url":"https://millionlive.idolmaster.jp/theaterdays/","display_url":"millionlive.idolmaster.jp/theaterdays/","indices":[0,23]}]},"description":{"urls":[]}},"protected":false,"followers_count":132928,"friends_count":3,"listed_count":1680,"created_at":"Tue Apr 18 04:51:03 +0000 2017","favourites_count":0,"utc_offset":32400,"time_zone":"Tokyo","geo_enabled":false,"verified":true,"statuses_count":46,"lang":"ja","contributors_enabled":false,"is_translator":false,"is_translation_enabled":false,"profile_background_color":"000000","profile_background_image_url":"http://abs.twimg.com/images/themes/theme1/bg.png","profile_background_image_url_https":"https://abs.twimg.com/images/themes/theme1/bg.png","profile_background_tile":false,"profile_image_url":"http://pbs.twimg.com/profile_images/882108935846494208/Dt4Z0cKT_normal.jpg","profile_image_url_https":"https://pbs.twimg.com/profile_images/882108935846494208/Dt4Z0cKT_normal.jpg","profile_banner_url":"https://pbs.twimg.com/profile_banners/854195545941753856/1498720880","profile_link_color":"1B95E0","profile_sidebar_border_color":"000000","profile_sidebar_fill_color":"000000","profile_text_color":"000000","profile_use_background_image":false,"has_extended_profile":false,"default_profile":false,"default_profile_image":false,"following":false,"follow_request_sent":false,"notifications":false,"translator_type":"none"},"geo":null,"coordinates":null,"place":null,"contributors":null,"is_quote_status":false,"retweet_count":5466,"favorite_count":4679,"favorited":false,"retweeted":false,"possibly_sensitive":false,"lang":"ja"},{"created_at":"Thu Jul 13 06:00:01 +0000 2017","id":885378260552400900,"id_str":"885378260552400896","text":"『夏だ！海だ！真夏の海水浴ガシャ』開催です♪\n【限定カード】\nSSR 七尾百合子(CV:伊藤美来)\nSR 馬場このみ(CV:高橋未奈美)\n\n【新規追加カード】\nSSR 四条貴音(CV:原由実)\n #ミリシタ https://t.co/o95jJ0BoCu","truncated":false,"entities":{"hashtags":[{"text":"ミリシタ","indices":[98,103]}],"symbols":[],"user_mentions":[],"urls":[],"media":[{"id":885143868223610900,"id_str":"885143868223610882","indices":[104,127],"media_url":"http://pbs.twimg.com/media/DEipqJCVYAItAmI.jpg","media_url_https":"https://pbs.twimg.com/media/DEipqJCVYAItAmI.jpg","url":"https://t.co/o95jJ0BoCu","display_url":"pic.twitter.com/o95jJ0BoCu","expanded_url":"https://twitter.com/imasml_theater/status/885378260552400896/photo/1","type":"photo","sizes":{"thumb":{"w":150,"h":150,"resize":"crop"},"large":{"w":1024,"h":512,"resize":"fit"},"medium":{"w":1024,"h":512,"resize":"fit"},"small":{"w":680,"h":340,"resize":"fit"}}}]},"extended_entities":{"media":[{"id":885143868223610900,"id_str":"885143868223610882","indices":[104,127],"media_url":"http://pbs.twimg.com/media/DEipqJCVYAItAmI.jpg","media_url_https":"https://pbs.twimg.com/media/DEipqJCVYAItAmI.jpg","url":"https://t.co/o95jJ0BoCu","display_url":"pic.twitter.com/o95jJ0BoCu","expanded_url":"https://twitter.com/imasml_theater/status/885378260552400896/photo/1","type":"photo","sizes":{"thumb":{"w":150,"h":150,"resize":"crop"},"large":{"w":1024,"h":512,"resize":"fit"},"medium":{"w":1024,"h":512,"resize":"fit"},"small":{"w":680,"h":340,"resize":"fit"}}}]},"metadata":{"iso_language_code":"ja","result_type":"recent"},"source":"<a href=\"https://ads.twitter.com\" rel=\"nofollow\">Twitter Ads</a>","in_reply_to_status_id":null,"in_reply_to_status_id_str":null,"in_reply_to_user_id":null,"in_reply_to_user_id_str":null,"in_reply_to_screen_name":null,"user":{"id":854195545941753900,"id_str":"854195545941753856","name":"ミリオンライブ！ シアターデイズ【公式】","screen_name":"imasml_theater","location":"","description":"スマートフォンアプリ「アイドルマスター ミリオンライブ！ シアターデイズ」の公式Twitterアカウントです！これからゲームに関する情報をお伝えしていきます♪","url":"https://t.co/npimqAX8OA","entities":{"url":{"urls":[{"url":"https://t.co/npimqAX8OA","expanded_url":"https://millionlive.idolmaster.jp/theaterdays/","display_url":"millionlive.idolmaster.jp/theaterdays/","indices":[0,23]}]},"description":{"urls":[]}},"protected":false,"followers_count":132928,"friends_count":3,"listed_count":1680,"created_at":"Tue Apr 18 04:51:03 +0000 2017","favourites_count":0,"utc_offset":32400,"time_zone":"Tokyo","geo_enabled":false,"verified":true,"statuses_count":46,"lang":"ja","contributors_enabled":false,"is_translator":false,"is_translation_enabled":false,"profile_background_color":"000000","profile_background_image_url":"http://abs.twimg.com/images/themes/theme1/bg.png","profile_background_image_url_https":"https://abs.twimg.com/images/themes/theme1/bg.png","profile_background_tile":false,"profile_image_url":"http://pbs.twimg.com/profile_images/882108935846494208/Dt4Z0cKT_normal.jpg","profile_image_url_https":"https://pbs.twimg.com/profile_images/882108935846494208/Dt4Z0cKT_normal.jpg","profile_banner_url":"https://pbs.twimg.com/profile_banners/854195545941753856/1498720880","profile_link_color":"1B95E0","profile_sidebar_border_color":"000000","profile_sidebar_fill_color":"000000","profile_text_color":"000000","profile_use_background_image":false,"has_extended_profile":false,"default_profile":false,"default_profile_image":false,"following":false,"follow_request_sent":false,"notifications":false,"translator_type":"none"},"geo":null,"coordinates":null,"place":null,"contributors":null,"is_quote_status":false,"retweet_count":6739,"favorite_count":4571,"favorited":false,"retweeted":false,"possibly_sensitive":false,"lang":"ja"},{"created_at":"Thu Jul 13 06:00:00 +0000 2017","id":885378257952022500,"id_str":"885378257952022528","text":"【スカウト予告】14日15時より期間限定キャンペーン『スカウト！コンチェルト』を開始予定です！\n夏休み、ひとり隣町に出かけていたレオは敬人や斑と出会う。一方、英智も隣町に足を運んでいて… #あんスタ https://t.co/uxls6vtPPw","truncated":false,"entities":{"hashtags":[{"text":"あんスタ","indices":[94,99]}],"symbols":[],"user_mentions":[],"urls":[],"media":[{"id":885377008582012900,"id_str":"885377008582012928","indices":[100,123],"media_url":"http://pbs.twimg.com/media/DEl9ssjUMAA0orf.png","media_url_https":"https://pbs.twimg.com/media/DEl9ssjUMAA0orf.png","url":"https://t.co/uxls6vtPPw","display_url":"pic.twitter.com/uxls6vtPPw","expanded_url":"https://twitter.com/ensemble_stars/status/885378257952022528/photo/1","type":"photo","sizes":{"small":{"w":320,"h":400,"resize":"fit"},"large":{"w":320,"h":400,"resize":"fit"},"thumb":{"w":150,"h":150,"resize":"crop"},"medium":{"w":320,"h":400,"resize":"fit"}}}]},"extended_entities":{"media":[{"id":885377008582012900,"id_str":"885377008582012928","indices":[100,123],"media_url":"http://pbs.twimg.com/media/DEl9ssjUMAA0orf.png","media_url_https":"https://pbs.twimg.com/media/DEl9ssjUMAA0orf.png","url":"https://t.co/uxls6vtPPw","display_url":"pic.twitter.com/uxls6vtPPw","expanded_url":"https://twitter.com/ensemble_stars/status/885378257952022528/photo/1","type":"photo","sizes":{"small":{"w":320,"h":400,"resize":"fit"},"large":{"w":320,"h":400,"resize":"fit"},"thumb":{"w":150,"h":150,"resize":"crop"},"medium":{"w":320,"h":400,"resize":"fit"}}},{"id":885377032963502100,"id_str":"885377032963502081","indices":[100,123],"media_url":"http://pbs.twimg.com/media/DEl9uHYUMAEsyaJ.png","media_url_https":"https://pbs.twimg.com/media/DEl9uHYUMAEsyaJ.png","url":"https://t.co/uxls6vtPPw","display_url":"pic.twitter.com/uxls6vtPPw","expanded_url":"https://twitter.com/ensemble_stars/status/885378257952022528/photo/1","type":"photo","sizes":{"small":{"w":320,"h":400,"resize":"fit"},"large":{"w":320,"h":400,"resize":"fit"},"thumb":{"w":150,"h":150,"resize":"crop"},"medium":{"w":320,"h":400,"resize":"fit"}}}]},"metadata":{"iso_language_code":"ja","result_type":"recent"},"source":"<a href=\"http://twitter.com\" rel=\"nofollow\">Twitter Web Client</a>","in_reply_to_status_id":null,"in_reply_to_status_id_str":null,"in_reply_to_user_id":null,"in_reply_to_user_id_str":null,"in_reply_to_screen_name":null,"user":{"id":2848709654,"id_str":"2848709654","name":"【公式】あんさんぶるスターズ！","screen_name":"ensemble_stars","location":"夢ノ咲学院","description":"アイドルプロデュースゲーム『あんさんぶるスターズ！』の広報アカウントです。 新情報はこちらでつぶやいていきます！ハッシュタグは #あんスタ   アプリ内からお問い合わせができない方は support_stars@happyelements.co.jp へお問い合わせください。","url":"http://t.co/wT23pxiZ2A","entities":{"url":{"urls":[{"url":"http://t.co/wT23pxiZ2A","expanded_url":"http://stars.happyelements.co.jp","display_url":"stars.happyelements.co.jp","indices":[0,22]}]},"description":{"urls":[]}},"protected":false,"followers_count":561929,"friends_count":72,"listed_count":6872,"created_at":"Thu Oct 09 11:00:20 +0000 2014","favourites_count":0,"utc_offset":32400,"time_zone":"Tokyo","geo_enabled":false,"verified":true,"statuses_count":1645,"lang":"ja","contributors_enabled":false,"is_translator":false,"is_translation_enabled":false,"profile_background_color":"C0DEED","profile_background_image_url":"http://abs.twimg.com/images/themes/theme1/bg.png","profile_background_image_url_https":"https://abs.twimg.com/images/themes/theme1/bg.png","profile_background_tile":false,"profile_image_url":"http://pbs.twimg.com/profile_images/530523972790534144/d_bj9XQS_normal.png","profile_image_url_https":"https://pbs.twimg.com/profile_images/530523972790534144/d_bj9XQS_normal.png","profile_banner_url":"https://pbs.twimg.com/profile_banners/2848709654/1497588269","profile_link_color":"1DA1F2","profile_sidebar_border_color":"C0DEED","profile_sidebar_fill_color":"DDEEF6","profile_text_color":"333333","profile_use_background_image":true,"has_extended_profile":false,"default_profile":true,"default_profile_image":false,"following":false,"follow_request_sent":false,"notifications":false,"translator_type":"none"},"geo":null,"coordinates":null,"place":null,"contributors":null,"is_quote_status":false,"retweet_count":34016,"favorite_count":30081,"favorited":false,"retweeted":false,"possibly_sensitive":false,"lang":"ja"},{"created_at":"Thu Jul 13 05:21:10 +0000 2017","id":885368483487260700,"id_str":"885368483487260673","text":"進撃の巨人のイベントで発売された限定数２０の等身大パネルを１９体買い占めた転売ヤーがいるみたいだけど、再販決定ということで、誰も転売に手を染めなければ買い占めた転売ヤーは 28,000×19＝532,000円の赤字を抱えるわけですから　進撃ファンがんばれー","truncated":false,"entities":{"hashtags":[],"symbols":[],"user_mentions":[],"urls":[]},"metadata":{"iso_language_code":"ja","result_type":"recent"},"source":"<a href=\"https://mobile.twitter.com\" rel=\"nofollow\">Twitter Lite</a>","in_reply_to_status_id":null,"in_reply_to_status_id_str":null,"in_reply_to_user_id":null,"in_reply_to_user_id_str":null,"in_reply_to_screen_name":null,"user":{"id":633181333,"id_str":"633181333","name":"す🍞ぱん","screen_name":"supan_caall","location":"転がっていく所","description":"フォロー外から失礼しなくていいからね、見てないよ。ツイ廃の腐女子おばさんです🍞。雑食の懐古厨。思いで話とか小説・漫画・アニメよく語る。","url":null,"entities":{"description":{"urls":[]}},"protected":false,"followers_count":603,"friends_count":306,"listed_count":17,"created_at":"Wed Jul 11 20:05:11 +0000 2012","favourites_count":4072,"utc_offset":32400,"time_zone":"Tokyo","geo_enabled":false,"verified":false,"statuses_count":145208,"lang":"ja","contributors_enabled":false,"is_translator":false,"is_translation_enabled":false,"profile_background_color":"82AE46","profile_background_image_url":"http://pbs.twimg.com/profile_background_images/695158127021305856/ngaqG-6e.png","profile_background_image_url_https":"https://pbs.twimg.com/profile_background_images/695158127021305856/ngaqG-6e.png","profile_background_tile":true,"profile_image_url":"http://pbs.twimg.com/profile_images/879272372599009280/i3JgcmUr_normal.png","profile_image_url_https":"https://pbs.twimg.com/profile_images/879272372599009280/i3JgcmUr_normal.png","profile_banner_url":"https://pbs.twimg.com/profile_banners/633181333/1477545088","profile_link_color":"19CF86","profile_sidebar_border_color":"000000","profile_sidebar_fill_color":"000000","profile_text_color":"000000","profile_use_background_image":true,"has_extended_profile":false,"default_profile":false,"default_profile_image":false,"following":false,"follow_request_sent":false,"notifications":false,"translator_type":"none"},"geo":null,"coordinates":null,"place":null,"contributors":null,"is_quote_status":false,"retweet_count":16189,"favorite_count":5051,"favorited":false,"retweeted":false,"lang":"ja"},{"created_at":"Thu Jul 13 05:00:21 +0000 2017","id":885363243362820100,"id_str":"885363243362820097","text":"【BIRTHDAY】本日7月13日は寿 嶺二さんのお誕生日です。お祝いの、甘さ控えめフルーツパリブレストです。おめでとうございます！#utapri_reiji_BD2017 https://t.co/RHV9hx0QeF","truncated":false,"entities":{"hashtags":[{"text":"utapri_reiji_BD2017","indices":[66,86]}],"symbols":[],"user_mentions":[],"urls":[],"media":[{"id":885360323078705200,"id_str":"885360323078705153","indices":[87,110],"media_url":"http://pbs.twimg.com/media/DEluheNU0AEA7jM.jpg","media_url_https":"https://pbs.twimg.com/media/DEluheNU0AEA7jM.jpg","url":"https://t.co/RHV9hx0QeF","display_url":"pic.twitter.com/RHV9hx0QeF","expanded_url":"https://twitter.com/utapri_official/status/885363243362820097/photo/1","type":"photo","sizes":{"small":{"w":539,"h":567,"resize":"fit"},"large":{"w":539,"h":567,"resize":"fit"},"medium":{"w":539,"h":567,"resize":"fit"},"thumb":{"w":150,"h":150,"resize":"crop"}}}]},"extended_entities":{"media":[{"id":885360323078705200,"id_str":"885360323078705153","indices":[87,110],"media_url":"http://pbs.twimg.com/media/DEluheNU0AEA7jM.jpg","media_url_https":"https://pbs.twimg.com/media/DEluheNU0AEA7jM.jpg","url":"https://t.co/RHV9hx0QeF","display_url":"pic.twitter.com/RHV9hx0QeF","expanded_url":"https://twitter.com/utapri_official/status/885363243362820097/photo/1","type":"photo","sizes":{"small":{"w":539,"h":567,"resize":"fit"},"large":{"w":539,"h":567,"resize":"fit"},"medium":{"w":539,"h":567,"resize":"fit"},"thumb":{"w":150,"h":150,"resize":"crop"}}}]},"metadata":{"iso_language_code":"ja","result_type":"recent"},"source":"<a href=\"http://twitter.com\" rel=\"nofollow\">Twitter Web Client</a>","in_reply_to_status_id":null,"in_reply_to_status_id_str":null,"in_reply_to_user_id":null,"in_reply_to_user_id_str":null,"in_reply_to_screen_name":null,"user":{"id":402547102,"id_str":"402547102","name":"utapri_official","screen_name":"utapri_official","location":"","description":"「うたの☆プリンスさまっ♪」公式twitterです。 うた☆プリに関する情報をお知らせします。 ★当アカウントへのお客様からのご質問はお答え致しかねます。 お問い合わせはブロッコリーユーザーサポートまでお願い申し上げます。［ユーザーサポート］https://t.co/xRDBWd6chD","url":"http://t.co/33RXcz6lND","entities":{"url":{"urls":[{"url":"http://t.co/33RXcz6lND","expanded_url":"http://www.utapri.com","display_url":"utapri.com","indices":[0,22]}]},"description":{"urls":[{"url":"https://t.co/xRDBWd6chD","expanded_url":"http://www.broccoli.co.jp/support/","display_url":"broccoli.co.jp/support/","indices":[121,144]}]}},"protected":false,"followers_count":472473,"friends_count":14,"listed_count":11801,"created_at":"Tue Nov 01 07:25:18 +0000 2011","favourites_count":0,"utc_offset":32400,"time_zone":"Tokyo","geo_enabled":false,"verified":false,"statuses_count":2410,"lang":"ja","contributors_enabled":false,"is_translator":false,"is_translation_enabled":false,"profile_background_color":"FFFFCC","profile_background_image_url":"http://pbs.twimg.com/profile_background_images/451011471976046594/sugMw9yI.jpeg","profile_background_image_url_https":"https://pbs.twimg.com/profile_background_images/451011471976046594/sugMw9yI.jpeg","profile_background_tile":false,"profile_image_url":"http://pbs.twimg.com/profile_images/875613182164779008/-eOqe25Z_normal.jpg","profile_image_url_https":"https://pbs.twimg.com/profile_images/875613182164779008/-eOqe25Z_normal.jpg","profile_banner_url":"https://pbs.twimg.com/profile_banners/402547102/1491058816","profile_link_color":"0084B4","profile_sidebar_border_color":"FFFFFF","profile_sidebar_fill_color":"E8FFFE","profile_text_color":"333333","profile_use_background_image":false,"has_extended_profile":false,"default_profile":false,"default_profile_image":false,"following":false,"follow_request_sent":false,"notifications":false,"translator_type":"none"},"geo":null,"coordinates":null,"place":null,"contributors":null,"is_quote_status":false,"retweet_count":10300,"favorite_count":17127,"favorited":false,"retweeted":false,"possibly_sensitive":false,"lang":"ja"},{"created_at":"Thu Jul 13 05:00:03 +0000 2017","id":885363168633004000,"id_str":"885363168633004033","text":"真撰組のメイキング映像をお届けします❗️真剣に演技に打ち込み、緊張感に満ちていた現場。しかしその一方、銀魂らしい笑いも満ちており…。楽しい雰囲気がよく伝わるこの映像、ぜひご覧ください😊 #映画銀魂 https://t.co/JcmAcR9oPI","truncated":false,"entities":{"hashtags":[{"text":"映画銀魂","indices":[93,98]}],"symbols":[],"user_mentions":[],"urls":[],"media":[{"id":885151779851128800,"id_str":"885151779851128832","indices":[99,122],"media_url":"http://pbs.twimg.com/media/DEi6SEIVoAAITCN.jpg","media_url_https":"https://pbs.twimg.com/media/DEi6SEIVoAAITCN.jpg","url":"https://t.co/JcmAcR9oPI","display_url":"pic.twitter.com/JcmAcR9oPI","expanded_url":"https://twitter.com/gintama_film/status/885363168633004033/video/1","type":"photo","sizes":{"small":{"w":680,"h":383,"resize":"fit"},"medium":{"w":1200,"h":675,"resize":"fit"},"large":{"w":1280,"h":720,"resize":"fit"},"thumb":{"w":150,"h":150,"resize":"crop"}}}]},"extended_entities":{"media":[{"id":885151779851128800,"id_str":"885151779851128832","indices":[99,122],"media_url":"http://pbs.twimg.com/media/DEi6SEIVoAAITCN.jpg","media_url_https":"https://pbs.twimg.com/media/DEi6SEIVoAAITCN.jpg","url":"https://t.co/JcmAcR9oPI","display_url":"pic.twitter.com/JcmAcR9oPI","expanded_url":"https://twitter.com/gintama_film/status/885363168633004033/video/1","type":"video","sizes":{"small":{"w":680,"h":383,"resize":"fit"},"medium":{"w":1200,"h":675,"resize":"fit"},"large":{"w":1280,"h":720,"resize":"fit"},"thumb":{"w":150,"h":150,"resize":"crop"}},"video_info":{"aspect_ratio":[16,9],"duration_millis":60027,"variants":[{"content_type":"application/x-mpegURL","url":"https://video.twimg.com/ext_tw_video/885151779851128832/pu/pl/_W0OUIHTrg78uiDX.m3u8"},{"bitrate":2176000,"content_type":"video/mp4","url":"https://video.twimg.com/ext_tw_video/885151779851128832/pu/vid/1280x720/cus3qtldvur_XQVj.mp4"},{"bitrate":832000,"content_type":"video/mp4","url":"https://video.twimg.com/ext_tw_video/885151779851128832/pu/vid/640x360/Btj_cfrFzl0F6_J5.mp4"},{"bitrate":320000,"content_type":"video/mp4","url":"https://video.twimg.com/ext_tw_video/885151779851128832/pu/vid/320x180/Dod9YRBJPk868fb3.mp4"}]},"additional_media_info":{"title":"","description":"","embeddable":true,"monetizable":false}}]},"metadata":{"iso_language_code":"ja","result_type":"recent"},"source":"<a href=\"https://ads.twitter.com\" rel=\"nofollow\">Twitter Ads</a>","in_reply_to_status_id":null,"in_reply_to_status_id_str":null,"in_reply_to_user_id":null,"in_reply_to_user_id_str":null,"in_reply_to_screen_name":null,"user":{"id":742990922053476400,"id_str":"742990922053476353","name":"映画『銀魂』公式","screen_name":"gintama_film","location":"宇宙一バカな侍だ、コノヤロー！！","description":"7/14（金）全国公開！出演: #小栗旬 #菅田将暉 #橋本環奈 #柳楽優弥 #新井浩文 #吉沢亮 #早見あかり #ムロツヨシ #長澤まさみ #岡田将生 #佐藤二朗 #菜々緒 #安田顕 #中村勘九郎 #堂本剛 監督: #福田雄一 。原作:#空知英秋 主題歌: #UVERworld #映画銀魂","url":"https://t.co/ouY8dPAuVA","entities":{"url":{"urls":[{"url":"https://t.co/ouY8dPAuVA","expanded_url":"http://gintama-film.com","display_url":"gintama-film.com","indices":[0,23]}]},"description":{"urls":[]}},"protected":false,"followers_count":380383,"friends_count":16,"listed_count":1535,"created_at":"Wed Jun 15 08:03:34 +0000 2016","favourites_count":0,"utc_offset":32400,"time_zone":"Tokyo","geo_enabled":false,"verified":true,"statuses_count":378281,"lang":"ja","contributors_enabled":false,"is_translator":false,"is_translation_enabled":false,"profile_background_color":"F5F8FA","profile_background_image_url":null,"profile_background_image_url_https":null,"profile_background_tile":false,"profile_image_url":"http://pbs.twimg.com/profile_images/856317082475966464/lFnmsf0P_normal.jpg","profile_image_url_https":"https://pbs.twimg.com/profile_images/856317082475966464/lFnmsf0P_normal.jpg","profile_banner_url":"https://pbs.twimg.com/profile_banners/742990922053476353/1494498690","profile_link_color":"1DA1F2","profile_sidebar_border_color":"C0DEED","profile_sidebar_fill_color":"DDEEF6","profile_text_color":"333333","profile_use_background_image":true,"has_extended_profile":false,"default_profile":true,"default_profile_image":false,"following":false,"follow_request_sent":false,"notifications":false,"translator_type":"none"},"geo":null,"coordinates":null,"place":null,"contributors":null,"is_quote_status":false,"retweet_count":6262,"favorite_count":17400,"favorited":false,"retweeted":false,"possibly_sensitive":false,"lang":"ja"},{"created_at":"Thu Jul 13 04:39:25 +0000 2017","id":885357978798350300,"id_str":"885357978798350336","text":"【フォロー&amp;RTで応募完了】\n淡いグリーンとピンクの夢色フラットサンダル\n大人気ファンタジービーチ\nBrewgeeDaydream -ブリュージーデイドリーム- を抽選で1名様にプレゼント\n締切 8/2… https://t.co/bPybVR6Bhn","truncated":true,"entities":{"hashtags":[],"symbols":[],"user_mentions":[],"urls":[{"url":"https://t.co/bPybVR6Bhn","expanded_url":"https://twitter.com/i/web/status/885357978798350336","display_url":"twitter.com/i/web/status/8…","indices":[107,130]}]},"metadata":{"iso_language_code":"ja","result_type":"recent"},"source":"<a href=\"http://twitter.com\" rel=\"nofollow\">Twitter Web Client</a>","in_reply_to_status_id":null,"in_reply_to_status_id_str":null,"in_reply_to_user_id":null,"in_reply_to_user_id_str":null,"in_reply_to_screen_name":null,"user":{"id":350588237,"id_str":"350588237","name":"mayla classic","screen_name":"mayla_classic","location":"大阪府堺市","description":"出会った瞬間、体温が2℃あがる靴","url":"https://t.co/XUqUDaRT9g","entities":{"url":{"urls":[{"url":"https://t.co/XUqUDaRT9g","expanded_url":"http://mayla.jp","display_url":"mayla.jp","indices":[0,23]}]},"description":{"urls":[]}},"protected":false,"followers_count":205745,"friends_count":0,"listed_count":1178,"created_at":"Mon Aug 08 00:57:21 +0000 2011","favourites_count":18273,"utc_offset":32400,"time_zone":"Tokyo","geo_enabled":true,"verified":true,"statuses_count":5409,"lang":"ja","contributors_enabled":false,"is_translator":false,"is_translation_enabled":false,"profile_background_color":"FFFFFF","profile_background_image_url":"http://pbs.twimg.com/profile_background_images/443184949542137857/V9p8Bi_1.jpeg","profile_background_image_url_https":"https://pbs.twimg.com/profile_background_images/443184949542137857/V9p8Bi_1.jpeg","profile_background_tile":true,"profile_image_url":"http://pbs.twimg.com/profile_images/656021618230083584/BAc7JkQ9_normal.jpg","profile_image_url_https":"https://pbs.twimg.com/profile_images/656021618230083584/BAc7JkQ9_normal.jpg","profile_banner_url":"https://pbs.twimg.com/profile_banners/350588237/1499854535","profile_link_color":"EBDCDA","profile_sidebar_border_color":"FFFFFF","profile_sidebar_fill_color":"E6F6F9","profile_text_color":"333333","profile_use_background_image":true,"has_extended_profile":false,"default_profile":false,"default_profile_image":false,"following":false,"follow_request_sent":false,"notifications":false,"translator_type":"none"},"geo":null,"coordinates":null,"place":{"id":"999694acfaba33dd","url":"https://api.twitter.com/1.1/geo/id/999694acfaba33dd.json","place_type":"city","name":"Sakai-shi Sakai","full_name":"Sakai-shi Sakai, Osaka","country_code":"JP","country":"Japan","contained_within":[],"bounding_box":{"type":"Polygon","coordinates":[[[135.423966004972,34.5447929950167],[135.506078999222,34.5447929950167],[135.506078999222,34.6084920013048],[135.423966004972,34.6084920013048]]]},"attributes":{}},"contributors":null,"is_quote_status":false,"retweet_count":14328,"favorite_count":2938,"favorited":false,"retweeted":false,"possibly_sensitive":false,"lang":"ja"},{"created_at":"Thu Jul 13 04:01:57 +0000 2017","id":885348548019052500,"id_str":"885348548019052544","text":"【ファン感謝祭】『アイドリッシュセブン ファン感謝祭vol.2〜キミともっと愛を語らないと！〜』、劇場にて『ライブビューイング』の上映が決定いたしました！\n詳細が決定次第、またご報告させていただきます。お待ちいただけますと幸いです。\n#アイナナ #アイナナ感謝祭","truncated":false,"entities":{"hashtags":[{"text":"アイナナ","indices":[117,122]},{"text":"アイナナ感謝祭","indices":[123,131]}],"symbols":[],"user_mentions":[],"urls":[]},"metadata":{"iso_language_code":"ja","result_type":"recent"},"source":"<a href=\"http://twitter.com\" rel=\"nofollow\">Twitter Web Client</a>","in_reply_to_status_id":null,"in_reply_to_status_id_str":null,"in_reply_to_user_id":null,"in_reply_to_user_id_str":null,"in_reply_to_screen_name":null,"user":{"id":3228019530,"id_str":"3228019530","name":"アイドリッシュセブン公式＠大神万理","screen_name":"iD7Mng_Ogami","location":"","description":"#アイドリッシュセブン 広報担当の大神です。 ゲーム・音楽・アニメ・コミック・ノベル・商品化など、最新情報を発信いたしま・・き、きなこ！なんでこんなところにっ！ #アイナナ","url":"https://t.co/t18sqFVOBK","entities":{"url":{"urls":[{"url":"https://t.co/t18sqFVOBK","expanded_url":"http://idolish7.com","display_url":"idolish7.com","indices":[0,23]}]},"description":{"urls":[]}},"protected":false,"followers_count":314426,"friends_count":98,"listed_count":4295,"created_at":"Wed May 27 09:35:05 +0000 2015","favourites_count":4096,"utc_offset":null,"time_zone":null,"geo_enabled":false,"verified":true,"statuses_count":3116,"lang":"ja","contributors_enabled":false,"is_translator":false,"is_translation_enabled":false,"profile_background_color":"89C9FA","profile_background_image_url":"http://abs.twimg.com/images/themes/theme1/bg.png","profile_background_image_url_https":"https://abs.twimg.com/images/themes/theme1/bg.png","profile_background_tile":false,"profile_image_url":"http://pbs.twimg.com/profile_images/884221738568925184/gfTHdAqE_normal.jpg","profile_image_url_https":"https://pbs.twimg.com/profile_images/884221738568925184/gfTHdAqE_normal.jpg","profile_banner_url":"https://pbs.twimg.com/profile_banners/3228019530/1484645532","profile_link_color":"DD2E44","profile_sidebar_border_color":"000000","profile_sidebar_fill_color":"000000","profile_text_color":"000000","profile_use_background_image":false,"has_extended_profile":false,"default_profile":false,"default_profile_image":false,"following":false,"follow_request_sent":false,"notifications":false,"translator_type":"none"},"geo":null,"coordinates":null,"place":null,"contributors":null,"is_quote_status":false,"retweet_count":6253,"favorite_count":9059,"favorited":false,"retweeted":false,"lang":"ja"},{"created_at":"Thu Jul 13 03:49:11 +0000 2017","id":885345337216442400,"id_str":"885345337216442368","text":"https://t.co/pJxaTtESd6\n↑のツイートを踏まえて道交法のマンガを描きました https://t.co/zwEVmSespF","truncated":false,"entities":{"hashtags":[],"symbols":[],"user_mentions":[],"urls":[{"url":"https://t.co/pJxaTtESd6","expanded_url":"https://twitter.com/Nmurayukihiro/status/885047761187598336","display_url":"twitter.com/Nmurayukihiro/…","indices":[0,23]}],"media":[{"id":885345203078414300,"id_str":"885345203078414336","indices":[49,72],"media_url":"http://pbs.twimg.com/media/DElgxX0VwAAYMI8.jpg","media_url_https":"https://pbs.twimg.com/media/DElgxX0VwAAYMI8.jpg","url":"https://t.co/zwEVmSespF","display_url":"pic.twitter.com/zwEVmSespF","expanded_url":"https://twitter.com/Nmurayukihiro/status/885345337216442368/photo/1","type":"photo","sizes":{"small":{"w":478,"h":680,"resize":"fit"},"medium":{"w":720,"h":1024,"resize":"fit"},"thumb":{"w":150,"h":150,"resize":"crop"},"large":{"w":720,"h":1024,"resize":"fit"}}}]},"extended_entities":{"media":[{"id":885345203078414300,"id_str":"885345203078414336","indices":[49,72],"media_url":"http://pbs.twimg.com/media/DElgxX0VwAAYMI8.jpg","media_url_https":"https://pbs.twimg.com/media/DElgxX0VwAAYMI8.jpg","url":"https://t.co/zwEVmSespF","display_url":"pic.twitter.com/zwEVmSespF","expanded_url":"https://twitter.com/Nmurayukihiro/status/885345337216442368/photo/1","type":"photo","sizes":{"small":{"w":478,"h":680,"resize":"fit"},"medium":{"w":720,"h":1024,"resize":"fit"},"thumb":{"w":150,"h":150,"resize":"crop"},"large":{"w":720,"h":1024,"resize":"fit"}}},{"id":885345299153145900,"id_str":"885345299153145856","indices":[49,72],"media_url":"http://pbs.twimg.com/media/DElg29uV0AAjnjH.jpg","media_url_https":"https://pbs.twimg.com/media/DElg29uV0AAjnjH.jpg","url":"https://t.co/zwEVmSespF","display_url":"pic.twitter.com/zwEVmSespF","expanded_url":"https://twitter.com/Nmurayukihiro/status/885345337216442368/photo/1","type":"photo","sizes":{"medium":{"w":432,"h":1200,"resize":"fit"},"thumb":{"w":150,"h":150,"resize":"crop"},"large":{"w":720,"h":2000,"resize":"fit"},"small":{"w":245,"h":680,"resize":"fit"}}},{"id":885345307914940400,"id_str":"885345307914940416","indices":[49,72],"media_url":"http://pbs.twimg.com/media/DElg3eXUMAA0VN4.jpg","media_url_https":"https://pbs.twimg.com/media/DElg3eXUMAA0VN4.jpg","url":"https://t.co/zwEVmSespF","display_url":"pic.twitter.com/zwEVmSespF","expanded_url":"https://twitter.com/Nmurayukihiro/status/885345337216442368/photo/1","type":"photo","sizes":{"large":{"w":720,"h":2000,"resize":"fit"},"small":{"w":245,"h":680,"resize":"fit"},"thumb":{"w":150,"h":150,"resize":"crop"},"medium":{"w":432,"h":1200,"resize":"fit"}}},{"id":885345318195273700,"id_str":"885345318195273728","indices":[49,72],"media_url":"http://pbs.twimg.com/media/DElg4EqVoAA-UuR.jpg","media_url_https":"https://pbs.twimg.com/media/DElg4EqVoAA-UuR.jpg","url":"https://t.co/zwEVmSespF","display_url":"pic.twitter.com/zwEVmSespF","expanded_url":"https://twitter.com/Nmurayukihiro/status/885345337216442368/photo/1","type":"photo","sizes":{"large":{"w":720,"h":2000,"resize":"fit"},"small":{"w":245,"h":680,"resize":"fit"},"thumb":{"w":150,"h":150,"resize":"crop"},"medium":{"w":432,"h":1200,"resize":"fit"}}}]},"metadata":{"iso_language_code":"ja","result_type":"recent"},"source":"<a href=\"http://twitter.com\" rel=\"nofollow\">Twitter Web Client</a>","in_reply_to_status_id":null,"in_reply_to_status_id_str":null,"in_reply_to_user_id":null,"in_reply_to_user_id_str":null,"in_reply_to_screen_name":null,"user":{"id":326782325,"id_str":"326782325","name":"中村ゆきひろ","screen_name":"Nmurayukihiro","location":"LINEスタンプ発売中→","description":"漫画家です。好きなものは電柱です。\n ピクシブ→https://t.co/7HnNd0JFdi \nアイコンは緑＼('ω')／箱　@midori_boxさまにドットにしていただきました。","url":"https://t.co/LNazHoJtJ6","entities":{"url":{"urls":[{"url":"https://t.co/LNazHoJtJ6","expanded_url":"http://line.me/S/sticker/1071150","display_url":"line.me/S/sticker/1071…","indices":[0,23]}]},"description":{"urls":[{"url":"https://t.co/7HnNd0JFdi","expanded_url":"http://pixiv.me/22360679","display_url":"pixiv.me/22360679","indices":[24,47]}]}},"protected":false,"followers_count":3010,"friends_count":956,"listed_count":144,"created_at":"Thu Jun 30 13:46:22 +0000 2011","favourites_count":2681,"utc_offset":32400,"time_zone":"Tokyo","geo_enabled":false,"verified":false,"statuses_count":7011,"lang":"ja","contributors_enabled":false,"is_translator":false,"is_translation_enabled":false,"profile_background_color":"C0DEED","profile_background_image_url":"http://abs.twimg.com/images/themes/theme1/bg.png","profile_background_image_url_https":"https://abs.twimg.com/images/themes/theme1/bg.png","profile_background_tile":false,"profile_image_url":"http://pbs.twimg.com/profile_images/804135453339201536/wTgClhkI_normal.jpg","profile_image_url_https":"https://pbs.twimg.com/profile_images/804135453339201536/wTgClhkI_normal.jpg","profile_banner_url":"https://pbs.twimg.com/profile_banners/326782325/1476550607","profile_link_color":"0084B4","profile_sidebar_border_color":"C0DEED","profile_sidebar_fill_color":"DDEEF6","profile_text_color":"FFFFFF","profile_use_background_image":true,"has_extended_profile":false,"default_profile":false,"default_profile_image":false,"following":false,"follow_request_sent":false,"notifications":false,"translator_type":"none"},"geo":null,"coordinates":null,"place":null,"contributors":null,"is_quote_status":true,"quoted_status_id":885047761187598300,"quoted_status_id_str":"885047761187598336","quoted_status":{"created_at":"Wed Jul 12 08:06:44 +0000 2017","id":885047761187598300,"id_str":"885047761187598336","text":"なんか立ち居振る舞いがとても良かったので https://t.co/oTDcx0oZX3","truncated":false,"entities":{"hashtags":[],"symbols":[],"user_mentions":[],"urls":[],"media":[{"id":885046472101814300,"id_str":"885046472101814272","indices":[21,44],"media_url":"http://pbs.twimg.com/media/DEhRE8NXYAAb8JY.jpg","media_url_https":"https://pbs.twimg.com/media/DEhRE8NXYAAb8JY.jpg","url":"https://t.co/oTDcx0oZX3","display_url":"pic.twitter.com/oTDcx0oZX3","expanded_url":"https://twitter.com/Nmurayukihiro/status/885047761187598336/photo/1","type":"photo","sizes":{"small":{"w":478,"h":680,"resize":"fit"},"medium":{"w":720,"h":1024,"resize":"fit"},"thumb":{"w":150,"h":150,"resize":"crop"},"large":{"w":720,"h":1024,"resize":"fit"}}}]},"extended_entities":{"media":[{"id":885046472101814300,"id_str":"885046472101814272","indices":[21,44],"media_url":"http://pbs.twimg.com/media/DEhRE8NXYAAb8JY.jpg","media_url_https":"https://pbs.twimg.com/media/DEhRE8NXYAAb8JY.jpg","url":"https://t.co/oTDcx0oZX3","display_url":"pic.twitter.com/oTDcx0oZX3","expanded_url":"https://twitter.com/Nmurayukihiro/status/885047761187598336/photo/1","type":"photo","sizes":{"small":{"w":478,"h":680,"resize":"fit"},"medium":{"w":720,"h":1024,"resize":"fit"},"thumb":{"w":150,"h":150,"resize":"crop"},"large":{"w":720,"h":1024,"resize":"fit"}}},{"id":885046487289393200,"id_str":"885046487289393152","indices":[21,44],"media_url":"http://pbs.twimg.com/media/DEhRF0yXcAA4sIZ.jpg","media_url_https":"https://pbs.twimg.com/media/DEhRF0yXcAA4sIZ.jpg","url":"https://t.co/oTDcx0oZX3","display_url":"pic.twitter.com/oTDcx0oZX3","expanded_url":"https://twitter.com/Nmurayukihiro/status/885047761187598336/photo/1","type":"photo","sizes":{"small":{"w":478,"h":680,"resize":"fit"},"thumb":{"w":150,"h":150,"resize":"crop"},"large":{"w":720,"h":1024,"resize":"fit"},"medium":{"w":720,"h":1024,"resize":"fit"}}},{"id":885046495594127400,"id_str":"885046495594127361","indices":[21,44],"media_url":"http://pbs.twimg.com/media/DEhRGTuXoAE03zm.jpg","media_url_https":"https://pbs.twimg.com/media/DEhRGTuXoAE03zm.jpg","url":"https://t.co/oTDcx0oZX3","display_url":"pic.twitter.com/oTDcx0oZX3","expanded_url":"https://twitter.com/Nmurayukihiro/status/885047761187598336/photo/1","type":"photo","sizes":{"medium":{"w":720,"h":1024,"resize":"fit"},"small":{"w":478,"h":680,"resize":"fit"},"thumb":{"w":150,"h":150,"resize":"crop"},"large":{"w":720,"h":1024,"resize":"fit"}}}]},"metadata":{"iso_language_code":"ja","result_type":"recent"},"source":"<a href=\"http://twitter.com\" rel=\"nofollow\">Twitter Web Client</a>","in_reply_to_status_id":null,"in_reply_to_status_id_str":null,"in_reply_to_user_id":null,"in_reply_to_user_id_str":null,"in_reply_to_screen_name":null,"user":{"id":326782325,"id_str":"326782325","name":"中村ゆきひろ","screen_name":"Nmurayukihiro","location":"LINEスタンプ発売中→","description":"漫画家です。好きなものは電柱です。\n ピクシブ→https://t.co/7HnNd0JFdi \nアイコンは緑＼('ω')／箱　@midori_boxさまにドットにしていただきました。","url":"https://t.co/LNazHoJtJ6","entities":{"url":{"urls":[{"url":"https://t.co/LNazHoJtJ6","expanded_url":"http://line.me/S/sticker/1071150","display_url":"line.me/S/sticker/1071…","indices":[0,23]}]},"description":{"urls":[{"url":"https://t.co/7HnNd0JFdi","expanded_url":"http://pixiv.me/22360679","display_url":"pixiv.me/22360679","indices":[24,47]}]}},"protected":false,"followers_count":3010,"friends_count":956,"listed_count":144,"created_at":"Thu Jun 30 13:46:22 +0000 2011","favourites_count":2681,"utc_offset":32400,"time_zone":"Tokyo","geo_enabled":false,"verified":false,"statuses_count":7011,"lang":"ja","contributors_enabled":false,"is_translator":false,"is_translation_enabled":false,"profile_background_color":"C0DEED","profile_background_image_url":"http://abs.twimg.com/images/themes/theme1/bg.png","profile_background_image_url_https":"https://abs.twimg.com/images/themes/theme1/bg.png","profile_background_tile":false,"profile_image_url":"http://pbs.twimg.com/profile_images/804135453339201536/wTgClhkI_normal.jpg","profile_image_url_https":"https://pbs.twimg.com/profile_images/804135453339201536/wTgClhkI_normal.jpg","profile_banner_url":"https://pbs.twimg.com/profile_banners/326782325/1476550607","profile_link_color":"0084B4","profile_sidebar_border_color":"C0DEED","profile_sidebar_fill_color":"DDEEF6","profile_text_color":"FFFFFF","profile_use_background_image":true,"has_extended_profile":false,"default_profile":false,"default_profile_image":false,"following":false,"follow_request_sent":false,"notifications":false,"translator_type":"none"},"geo":null,"coordinates":null,"place":null,"contributors":null,"is_quote_status":false,"retweet_count":12889,"favorite_count":19032,"favorited":false,"retweeted":false,"possibly_sensitive":false,"lang":"ja"},"retweet_count":7322,"favorite_count":6683,"favorited":false,"retweeted":false,"possibly_sensitive":false,"lang":"ja"},{"created_at":"Thu Jul 13 03:46:17 +0000 2017","id":885344606732169200,"id_str":"885344606732169216","text":"カルデアサマーメモリー ～癒やしのホワイトビーチ～におけるすべてのドロップ獲得量を10個増やす https://t.co/4Qvxc0652S","truncated":false,"entities":{"hashtags":[],"symbols":[],"user_mentions":[],"urls":[],"media":[{"id":885344578991079400,"id_str":"885344578991079424","indices":[48,71],"media_url":"http://pbs.twimg.com/media/DElgNC6UwAA2eQt.png","media_url_https":"https://pbs.twimg.com/media/DElgNC6UwAA2eQt.png","url":"https://t.co/4Qvxc0652S","display_url":"pic.twitter.com/4Qvxc0652S","expanded_url":"https://twitter.com/gatthi_gatthi/status/885344606732169216/photo/1","type":"photo","sizes":{"medium":{"w":717,"h":1200,"resize":"fit"},"small":{"w":406,"h":680,"resize":"fit"},"thumb":{"w":150,"h":150,"resize":"crop"},"large":{"w":756,"h":1266,"resize":"fit"}}}]},"extended_entities":{"media":[{"id":885344578991079400,"id_str":"885344578991079424","indices":[48,71],"media_url":"http://pbs.twimg.com/media/DElgNC6UwAA2eQt.png","media_url_https":"https://pbs.twimg.com/media/DElgNC6UwAA2eQt.png","url":"https://t.co/4Qvxc0652S","display_url":"pic.twitter.com/4Qvxc0652S","expanded_url":"https://twitter.com/gatthi_gatthi/status/885344606732169216/photo/1","type":"photo","sizes":{"medium":{"w":717,"h":1200,"resize":"fit"},"small":{"w":406,"h":680,"resize":"fit"},"thumb":{"w":150,"h":150,"resize":"crop"},"large":{"w":756,"h":1266,"resize":"fit"}}}]},"metadata":{"iso_language_code":"ja","result_type":"recent"},"source":"<a href=\"http://twitter.com\" rel=\"nofollow\">Twitter Web Client</a>","in_reply_to_status_id":null,"in_reply_to_status_id_str":null,"in_reply_to_user_id":null,"in_reply_to_user_id_str":null,"in_reply_to_screen_name":null,"user":{"id":3181125684,"id_str":"3181125684","name":"がちこ","screen_name":"gatthi_gatthi","location":"雑食","description":"つるいち腐と粟田口とFGO。転載×プロフ一読推奨 原稿垢:@gatthi_gatthi_a 拍手：https://t.co/oAJl2O79Y2 ✉siriusstarpc@gmail.com","url":"https://t.co/iKzI3t9efS","entities":{"url":{"urls":[{"url":"https://t.co/iKzI3t9efS","expanded_url":"http://twpf.jp/gatthi_gatthi","display_url":"twpf.jp/gatthi_gatthi","indices":[0,23]}]},"description":{"urls":[{"url":"https://t.co/oAJl2O79Y2","expanded_url":"http://clap.webclap.com/clap.php?id=aoisanaoisan","display_url":"clap.webclap.com/clap.php?id=ao…","indices":[49,72]}]}},"protected":false,"followers_count":25775,"friends_count":231,"listed_count":457,"created_at":"Fri May 01 02:08:12 +0000 2015","favourites_count":2021,"utc_offset":null,"time_zone":null,"geo_enabled":false,"verified":false,"statuses_count":8273,"lang":"ja","contributors_enabled":false,"is_translator":false,"is_translation_enabled":false,"profile_background_color":"000000","profile_background_image_url":"http://abs.twimg.com/images/themes/theme1/bg.png","profile_background_image_url_https":"https://abs.twimg.com/images/themes/theme1/bg.png","profile_background_tile":false,"profile_image_url":"http://pbs.twimg.com/profile_images/877433196740096001/7FZnMo1t_normal.jpg","profile_image_url_https":"https://pbs.twimg.com/profile_images/877433196740096001/7FZnMo1t_normal.jpg","profile_banner_url":"https://pbs.twimg.com/profile_banners/3181125684/1451888414","profile_link_color":"ABB8C2","profile_sidebar_border_color":"000000","profile_sidebar_fill_color":"000000","profile_text_color":"000000","profile_use_background_image":false,"has_extended_profile":true,"default_profile":false,"default_profile_image":false,"following":false,"follow_request_sent":false,"notifications":false,"translator_type":"none"},"geo":null,"coordinates":null,"place":null,"contributors":null,"is_quote_status":false,"retweet_count":9498,"favorite_count":9060,"favorited":false,"retweeted":false,"possibly_sensitive":false,"lang":"ja"},{"created_at":"Thu Jul 13 03:44:25 +0000 2017","id":885344135862820900,"id_str":"885344135862820864","text":"なめらかでリッチな口あたりとさっぱり爽やかな味わいの #キーライムクリームアンドヨーグルトフラペチーノ®は、明日(7/14)からの登場です！お店でお待ちしております🙂 https://t.co/iEXifiCPVo","truncated":false,"entities":{"hashtags":[{"text":"キーライムクリームアンドヨーグルトフラペチーノ","indices":[27,51]}],"symbols":[],"user_mentions":[],"urls":[],"media":[{"id":885344124529811500,"id_str":"885344124529811456","indices":[84,107],"media_url":"http://pbs.twimg.com/media/DElfyl6UIAAN5ML.jpg","media_url_https":"https://pbs.twimg.com/media/DElfyl6UIAAN5ML.jpg","url":"https://t.co/iEXifiCPVo","display_url":"pic.twitter.com/iEXifiCPVo","expanded_url":"https://twitter.com/Starbucks_J/status/885344135862820864/photo/1","type":"photo","sizes":{"medium":{"w":1200,"h":684,"resize":"fit"},"small":{"w":680,"h":388,"resize":"fit"},"thumb":{"w":150,"h":150,"resize":"crop"},"large":{"w":1280,"h":730,"resize":"fit"}}}]},"extended_entities":{"media":[{"id":885344124529811500,"id_str":"885344124529811456","indices":[84,107],"media_url":"http://pbs.twimg.com/media/DElfyl6UIAAN5ML.jpg","media_url_https":"https://pbs.twimg.com/media/DElfyl6UIAAN5ML.jpg","url":"https://t.co/iEXifiCPVo","display_url":"pic.twitter.com/iEXifiCPVo","expanded_url":"https://twitter.com/Starbucks_J/status/885344135862820864/photo/1","type":"photo","sizes":{"medium":{"w":1200,"h":684,"resize":"fit"},"small":{"w":680,"h":388,"resize":"fit"},"thumb":{"w":150,"h":150,"resize":"crop"},"large":{"w":1280,"h":730,"resize":"fit"}}}]},"metadata":{"iso_language_code":"ja","result_type":"recent"},"source":"<a href=\"http://twitter.com\" rel=\"nofollow\">Twitter Web Client</a>","in_reply_to_status_id":null,"in_reply_to_status_id_str":null,"in_reply_to_user_id":null,"in_reply_to_user_id_str":null,"in_reply_to_screen_name":null,"user":{"id":219867859,"id_str":"219867859","name":"スターバックス コーヒー","screen_name":"Starbucks_J","location":"東京都品川区","description":"こんにちは。スターバックスの公式アカウントです。お店と同じ心地よい場所にしたいと思っています。パートナー2名で担当しておりお返事しきれないこともあると思いますがご理解ください。なお、店舗・商品などのお問合せは、お客様相談室03-5745-5890（9:00-19:00 年中無休）でお受けしております。","url":"http://t.co/9kyhVYBTVe","entities":{"url":{"urls":[{"url":"http://t.co/9kyhVYBTVe","expanded_url":"http://www.starbucks.co.jp/","display_url":"starbucks.co.jp","indices":[0,22]}]},"description":{"urls":[]}},"protected":false,"followers_count":3876736,"friends_count":1333526,"listed_count":9196,"created_at":"Fri Nov 26 03:21:46 +0000 2010","favourites_count":1,"utc_offset":32400,"time_zone":"Tokyo","geo_enabled":false,"verified":true,"statuses_count":2960,"lang":"ja","contributors_enabled":false,"is_translator":false,"is_translation_enabled":false,"profile_background_color":"FFFFFF","profile_background_image_url":"http://pbs.twimg.com/profile_background_images/747444374/5cb82a9b0f7d3e216998a81681f56b66.jpeg","profile_background_image_url_https":"https://pbs.twimg.com/profile_background_images/747444374/5cb82a9b0f7d3e216998a81681f56b66.jpeg","profile_background_tile":false,"profile_image_url":"http://pbs.twimg.com/profile_images/1274140069/starbucks_logo_normal.png","profile_image_url_https":"https://pbs.twimg.com/profile_images/1274140069/starbucks_logo_normal.png","profile_banner_url":"https://pbs.twimg.com/profile_banners/219867859/1497402403","profile_link_color":"71B43A","profile_sidebar_border_color":"FFFFFF","profile_sidebar_fill_color":"FFFFFF","profile_text_color":"1E1E1E","profile_use_background_image":true,"has_extended_profile":false,"default_profile":false,"default_profile_image":false,"following":false,"follow_request_sent":false,"notifications":false,"translator_type":"none"},"geo":null,"coordinates":null,"place":null,"contributors":null,"is_quote_status":false,"retweet_count":5706,"favorite_count":15286,"favorited":false,"retweeted":false,"possibly_sensitive":false,"lang":"ja"},{"created_at":"Thu Jul 13 03:26:27 +0000 2017","id":885339614474620900,"id_str":"885339614474620929","text":"【商品情報】「津島善子 サメ型クッションベッド」が販売決定！詳細はこちら→ https://t.co/vqWi5rSlx7 #lovelive https://t.co/oWsix2xn6k","truncated":false,"entities":{"hashtags":[{"text":"lovelive","indices":[62,71]}],"symbols":[],"user_mentions":[],"urls":[{"url":"https://t.co/vqWi5rSlx7","expanded_url":"https://goo.gl/3ywZPB","display_url":"goo.gl/3ywZPB","indices":[38,61]}],"media":[{"id":885339611551211500,"id_str":"885339611551211526","indices":[72,95],"media_url":"http://pbs.twimg.com/media/DElbr5wXoAYcVFR.jpg","media_url_https":"https://pbs.twimg.com/media/DElbr5wXoAYcVFR.jpg","url":"https://t.co/oWsix2xn6k","display_url":"pic.twitter.com/oWsix2xn6k","expanded_url":"https://twitter.com/LoveLive_staff/status/885339614474620929/photo/1","type":"photo","sizes":{"medium":{"w":848,"h":1200,"resize":"fit"},"small":{"w":481,"h":680,"resize":"fit"},"thumb":{"w":150,"h":150,"resize":"crop"},"large":{"w":1240,"h":1754,"resize":"fit"}}}]},"extended_entities":{"media":[{"id":885339611551211500,"id_str":"885339611551211526","indices":[72,95],"media_url":"http://pbs.twimg.com/media/DElbr5wXoAYcVFR.jpg","media_url_https":"https://pbs.twimg.com/media/DElbr5wXoAYcVFR.jpg","url":"https://t.co/oWsix2xn6k","display_url":"pic.twitter.com/oWsix2xn6k","expanded_url":"https://twitter.com/LoveLive_staff/status/885339614474620929/photo/1","type":"photo","sizes":{"medium":{"w":848,"h":1200,"resize":"fit"},"small":{"w":481,"h":680,"resize":"fit"},"thumb":{"w":150,"h":150,"resize":"crop"},"large":{"w":1240,"h":1754,"resize":"fit"}}}]},"metadata":{"iso_language_code":"ja","result_type":"recent"},"source":"<a href=\"http://www.hootsuite.com\" rel=\"nofollow\">Hootsuite</a>","in_reply_to_status_id":null,"in_reply_to_status_id_str":null,"in_reply_to_user_id":null,"in_reply_to_user_id_str":null,"in_reply_to_screen_name":null,"user":{"id":347849994,"id_str":"347849994","name":"ラブライブ！公式","screen_name":"LoveLive_staff","location":"","description":"サンライズ×ランティス×電撃G’sマガジン共同企画、スクールアイドル・プロジェクト「ラブライブ！」の公式アカウントです。「プロジェクトラブライブ！」の各スタッフが、それぞれいろいろな情報を「ラブライ部」のみなさんへ向けて発信します。　※なおツイッターでの個別返信はしておりません。","url":"http://t.co/moaQwvJL9K","entities":{"url":{"urls":[{"url":"http://t.co/moaQwvJL9K","expanded_url":"http://www.lovelive-anime.jp/","display_url":"lovelive-anime.jp","indices":[0,22]}]},"description":{"urls":[]}},"protected":false,"followers_count":767354,"friends_count":2,"listed_count":13147,"created_at":"Wed Aug 03 13:26:11 +0000 2011","favourites_count":0,"utc_offset":-36000,"time_zone":"Hawaii","geo_enabled":false,"verified":true,"statuses_count":7338,"lang":"ja","contributors_enabled":false,"is_translator":false,"is_translation_enabled":false,"profile_background_color":"C0DEED","profile_background_image_url":"http://abs.twimg.com/images/themes/theme1/bg.png","profile_background_image_url_https":"https://abs.twimg.com/images/themes/theme1/bg.png","profile_background_tile":false,"profile_image_url":"http://pbs.twimg.com/profile_images/641410148926296065/AzGd6KQ4_normal.jpg","profile_image_url_https":"https://pbs.twimg.com/profile_images/641410148926296065/AzGd6KQ4_normal.jpg","profile_link_color":"1DA1F2","profile_sidebar_border_color":"C0DEED","profile_sidebar_fill_color":"DDEEF6","profile_text_color":"333333","profile_use_background_image":true,"has_extended_profile":false,"default_profile":true,"default_profile_image":false,"following":false,"follow_request_sent":false,"notifications":false,"translator_type":"none"},"geo":null,"coordinates":null,"place":null,"contributors":null,"is_quote_status":false,"retweet_count":6859,"favorite_count":8672,"favorited":false,"retweeted":false,"possibly_sensitive":false,"lang":"ja"},{"created_at":"Thu Jul 13 03:07:33 +0000 2017","id":885334856254672900,"id_str":"885334856254672898","text":"ガーデンいきたい・・・ https://t.co/u98jw7ZC7e","truncated":false,"entities":{"hashtags":[],"symbols":[],"user_mentions":[],"urls":[],"media":[{"id":885334852295311400,"id_str":"885334852295311360","indices":[12,35],"media_url":"http://pbs.twimg.com/media/DElXW4JVwAAExTX.jpg","media_url_https":"https://pbs.twimg.com/media/DElXW4JVwAAExTX.jpg","url":"https://t.co/u98jw7ZC7e","display_url":"pic.twitter.com/u98jw7ZC7e","expanded_url":"https://twitter.com/yosRRX/status/885334856254672898/photo/1","type":"photo","sizes":{"large":{"w":1178,"h":1094,"resize":"fit"},"small":{"w":680,"h":632,"resize":"fit"},"thumb":{"w":150,"h":150,"resize":"crop"},"medium":{"w":1178,"h":1094,"resize":"fit"}}}]},"extended_entities":{"media":[{"id":885334852295311400,"id_str":"885334852295311360","indices":[12,35],"media_url":"http://pbs.twimg.com/media/DElXW4JVwAAExTX.jpg","media_url_https":"https://pbs.twimg.com/media/DElXW4JVwAAExTX.jpg","url":"https://t.co/u98jw7ZC7e","display_url":"pic.twitter.com/u98jw7ZC7e","expanded_url":"https://twitter.com/yosRRX/status/885334856254672898/photo/1","type":"photo","sizes":{"large":{"w":1178,"h":1094,"resize":"fit"},"small":{"w":680,"h":632,"resize":"fit"},"thumb":{"w":150,"h":150,"resize":"crop"},"medium":{"w":1178,"h":1094,"resize":"fit"}}}]},"metadata":{"iso_language_code":"ja","result_type":"recent"},"source":"<a href=\"http://itunes.apple.com/us/app/twitter/id409789998?mt=12\" rel=\"nofollow\">Twitter for Mac</a>","in_reply_to_status_id":null,"in_reply_to_status_id_str":null,"in_reply_to_user_id":null,"in_reply_to_user_id_str":null,"in_reply_to_screen_name":null,"user":{"id":158297883,"id_str":"158297883","name":"吉崎 観音","screen_name":"yosRRX","location":"東京","description":"けものフレンズhttps://t.co/zj69b5BmPG　ケロロ軍曹連載中https://t.co/VNP5p1OX70　漫画家 イラスト・デザインワーク 主にプライベートで利用中。","url":"https://t.co/DMACHVuoY3","entities":{"url":{"urls":[{"url":"https://t.co/DMACHVuoY3","expanded_url":"http://mnet1998.wordpress.com","display_url":"mnet1998.wordpress.com","indices":[0,23]}]},"description":{"urls":[{"url":"https://t.co/zj69b5BmPG","expanded_url":"http://kemono-friends.jp","display_url":"kemono-friends.jp","indices":[7,30]},{"url":"https://t.co/VNP5p1OX70","expanded_url":"http://www.keroro.com","display_url":"keroro.com","indices":[39,62]}]}},"protected":false,"followers_count":178561,"friends_count":151,"listed_count":3744,"created_at":"Tue Jun 22 08:53:29 +0000 2010","favourites_count":3655,"utc_offset":32400,"time_zone":"Tokyo","geo_enabled":false,"verified":true,"statuses_count":36475,"lang":"ja","contributors_enabled":false,"is_translator":false,"is_translation_enabled":false,"profile_background_color":"E2F0FC","profile_background_image_url":"http://pbs.twimg.com/profile_background_images/378800000012213845/bd8040f29818fee853619daf1c7c6daa.jpeg","profile_background_image_url_https":"https://pbs.twimg.com/profile_background_images/378800000012213845/bd8040f29818fee853619daf1c7c6daa.jpeg","profile_background_tile":true,"profile_image_url":"http://pbs.twimg.com/profile_images/879448088930168832/A-5U_3Hn_normal.jpg","profile_image_url_https":"https://pbs.twimg.com/profile_images/879448088930168832/A-5U_3Hn_normal.jpg","profile_banner_url":"https://pbs.twimg.com/profile_banners/158297883/1498512035","profile_link_color":"3B94D9","profile_sidebar_border_color":"FFFFFF","profile_sidebar_fill_color":"E8F2FF","profile_text_color":"333333","profile_use_background_image":true,"has_extended_profile":false,"default_profile":false,"default_profile_image":false,"following":false,"follow_request_sent":false,"notifications":false,"translator_type":"none"},"geo":null,"coordinates":null,"place":null,"contributors":null,"is_quote_status":false,"retweet_count":6418,"favorite_count":12266,"favorited":false,"retweeted":false,"possibly_sensitive":false,"lang":"ja"}],"search_metadata":{"completed_in":0.721,"max_id":885418715839217700,"max_id_str":"885418715839217665","next_results":"?max_id=885334856254672897&q=lang%3Aja%20min_retweets%3A5000&include_entities=1","query":"lang%3Aja+min_retweets%3A5000","refresh_url":"?since_id=885418715839217665&q=lang%3Aja%20min_retweets%3A5000&include_entities=1","count":15,"since_id":0,"since_id_str":"0"}}