{"statuses":[{"created_at":"Thu Jul 06 11:00:05 +0000 2017","id":882917057817333800,"id_str":"882917057817333762","text":"【フォロー＆RTするだけで応募完了！抽選で8/11に、パークへご招待！】\nミニオンとみんなではしゃぐハチャメチャ・ハイなCMを先行公開！\n#ハチャメチャ・サマーナイト・パーティ で夏の夜を遊びつくそう！… https://t.co/umSyuvTtYD","truncated":true,"entities":{"hashtags":[{"text":"ハチャメチャ・サマーナイト・パーティ","indices":[69,88]}],"symbols":[],"user_mentions":[],"urls":[{"url":"https://t.co/umSyuvTtYD","expanded_url":"https://twitter.com/i/web/status/882917057817333762","display_url":"twitter.com/i/web/status/8…","indices":[103,126]}]},"metadata":{"iso_language_code":"ja","result_type":"recent"},"source":"<a href=\"https://ads.twitter.com\" rel=\"nofollow\">Twitter Ads</a>","in_reply_to_status_id":null,"in_reply_to_status_id_str":null,"in_reply_to_user_id":null,"in_reply_to_user_id_str":null,"in_reply_to_screen_name":null,"user":{"id":191004170,"id_str":"191004170","name":"ユニバーサル・スタジオ・ジャパン公式","screen_name":"USJ_Official","location":"ユニバーサル・スタジオ・ジャパン/USJ","description":"ユニバーサル・スタジオ・ジャパン(R)/USJの公式ツイッターです。 パーク情報を発信しています♪パークへのご意見はこちらからお願いします。 https://t.co/p0MXom5goH","url":"http://t.co/oUL7x5301I","entities":{"url":{"urls":[{"url":"http://t.co/oUL7x5301I","expanded_url":"http://www.usj.co.jp/","display_url":"usj.co.jp","indices":[0,22]}]},"description":{"urls":[{"url":"https://t.co/p0MXom5goH","expanded_url":"https://www.usj.co.jp/svi/iuu?method=InquiryInput&IQ_TYPE=4","display_url":"usj.co.jp/svi/iuu?method…","indices":[71,94]}]}},"protected":false,"followers_count":1460915,"friends_count":29518,"listed_count":2366,"created_at":"Wed Sep 15 11:28:38 +0000 2010","favourites_count":0,"utc_offset":32400,"time_zone":"Osaka","geo_enabled":false,"verified":true,"statuses_count":6055,"lang":"ja","contributors_enabled":false,"is_translator":false,"is_translation_enabled":false,"profile_background_color":"FFFFFF","profile_background_image_url":"http://pbs.twimg.com/profile_background_images/160674819/usj_offi01.jpg","profile_background_image_url_https":"https://pbs.twimg.com/profile_background_images/160674819/usj_offi01.jpg","profile_background_tile":false,"profile_image_url":"http://pbs.twimg.com/profile_images/842541008038510592/zzFpVwTL_normal.jpg","profile_image_url_https":"https://pbs.twimg.com/profile_images/842541008038510592/zzFpVwTL_normal.jpg","profile_banner_url":"https://pbs.twimg.com/profile_banners/191004170/1492758106","profile_link_color":"0000FF","profile_sidebar_border_color":"66C2FF","profile_sidebar_fill_color":"A1E0FF","profile_text_color":"333333","profile_use_background_image":true,"has_extended_profile":false,"default_profile":false,"default_profile_image":false,"following":false,"follow_request_sent":false,"notifications":false,"translator_type":"none"},"geo":null,"coordinates":null,"place":null,"contributors":null,"is_quote_status":false,"retweet_count":6196,"favorite_count":2018,"favorited":false,"retweeted":false,"possibly_sensitive":false,"lang":"ja"},{"created_at":"Thu Jul 06 10:01:24 +0000 2017","id":882902291526819800,"id_str":"882902291526819840","text":"【新ガチャ『悲哀ノ雫』開催予告】\n明日7/7 16:00より新ガチャ『悲哀ノ雫』を開催予定！\n新ジョブ「人魚姫/ミンストレル」（CV：能登麻美子）が登場！\n\n#シノアリス #人魚姫 #能登麻美子… https://t.co/9YK58T0hST","truncated":true,"entities":{"hashtags":[{"text":"シノアリス","indices":[79,85]},{"text":"人魚姫","indices":[86,90]},{"text":"能登麻美子","indices":[91,97]}],"symbols":[],"user_mentions":[],"urls":[{"url":"https://t.co/9YK58T0hST","expanded_url":"https://twitter.com/i/web/status/882902291526819840","display_url":"twitter.com/i/web/status/8…","indices":[99,122]}]},"metadata":{"iso_language_code":"ja","result_type":"recent"},"source":"<a href=\"http://twitter.com\" rel=\"nofollow\">Twitter Web Client</a>","in_reply_to_status_id":null,"in_reply_to_status_id_str":null,"in_reply_to_user_id":null,"in_reply_to_user_id_str":null,"in_reply_to_screen_name":null,"user":{"id":818752826025181200,"id_str":"818752826025181184","name":"SINoALICE -シノアリス-","screen_name":"sinoalice_jp","location":"","description":"ヨコオタロウ×スクエニ×ポケラボ がおくる新作スマホ向けゲーム #シノアリス 公式Twitterアカウントです。\n◆アプリDLはこちら\n⇒https://t.co/0Bvhhbs0A4\n◆公式LINE@はこちら⇒https://t.co/PMEq2MRxjO","url":"https://t.co/DKtf1B4qVc","entities":{"url":{"urls":[{"url":"https://t.co/DKtf1B4qVc","expanded_url":"http://sinoalice.jp","display_url":"sinoalice.jp","indices":[0,23]}]},"description":{"urls":[{"url":"https://t.co/0Bvhhbs0A4","expanded_url":"https://app.adjust.com/pgmu79","display_url":"app.adjust.com/pgmu79","indices":[69,92]},{"url":"https://t.co/PMEq2MRxjO","expanded_url":"https://line.me/R/ti/p/%40kzc6995v","display_url":"line.me/R/ti/p/%40kzc6…","indices":[106,129]}]}},"protected":false,"followers_count":474705,"friends_count":25,"listed_count":2211,"created_at":"Tue Jan 10 09:34:20 +0000 2017","favourites_count":0,"utc_offset":32400,"time_zone":"Tokyo","geo_enabled":false,"verified":true,"statuses_count":241,"lang":"ja","contributors_enabled":false,"is_translator":false,"is_translation_enabled":false,"profile_background_color":"000000","profile_background_image_url":"http://abs.twimg.com/images/themes/theme1/bg.png","profile_background_image_url_https":"https://abs.twimg.com/images/themes/theme1/bg.png","profile_background_tile":false,"profile_image_url":"http://pbs.twimg.com/profile_images/832048740965851136/FdKSkqlu_normal.jpg","profile_image_url_https":"https://pbs.twimg.com/profile_images/832048740965851136/FdKSkqlu_normal.jpg","profile_banner_url":"https://pbs.twimg.com/profile_banners/818752826025181184/1496718704","profile_link_color":"ABB8C2","profile_sidebar_border_color":"000000","profile_sidebar_fill_color":"000000","profile_text_color":"000000","profile_use_background_image":false,"has_extended_profile":false,"default_profile":false,"default_profile_image":false,"following":false,"follow_request_sent":false,"notifications":false,"translator_type":"none"},"geo":null,"coordinates":null,"place":null,"contributors":null,"is_quote_status":false,"retweet_count":5225,"favorite_count":4115,"favorited":false,"retweeted":false,"possibly_sensitive":false,"lang":"ja"},{"created_at":"Thu Jul 06 09:42:01 +0000 2017","id":882897412385198100,"id_str":"882897412385198085","text":"僕の名前は藤井聡太。おばあちゃんの蔵で古い将棋盤を見つけたら「ひふみん」と名乗る謎の老人が現れた…しかも戦前の棋士だって！？これから一体どうなっちゃうんだ！？新番組『ソウタの棋』土曜深夜1時30分スタート。「冴えろ！ひふみんアイ！… https://t.co/bxmJtPJ3A7","truncated":true,"entities":{"hashtags":[],"symbols":[],"user_mentions":[],"urls":[{"url":"https://t.co/bxmJtPJ3A7","expanded_url":"https://twitter.com/i/web/status/882897412385198085","display_url":"twitter.com/i/web/status/8…","indices":[117,140]}]},"metadata":{"iso_language_code":"ja","result_type":"recent"},"source":"<a href=\"http://twitter.com\" rel=\"nofollow\">Twitter Web Client</a>","in_reply_to_status_id":null,"in_reply_to_status_id_str":null,"in_reply_to_user_id":null,"in_reply_to_user_id_str":null,"in_reply_to_screen_name":null,"user":{"id":756066012,"id_str":"756066012","name":"TAKUMI™画集発売中","screen_name":"takumitoxin","location":"jpn","description":"Illustrator   画集&塗り絵本発売中→https://t.co/eTuYhQTrGDグッズ→ https://t.co/j1lvPndyWL  お仕事の依頼は下記のアドレスかDMでお願いします。　　 arkham19901227@gmail.com\nイラスト、立体作品等の無断転載はお断り致します","url":"https://t.co/xTzTB5gwGD","entities":{"url":{"urls":[{"url":"https://t.co/xTzTB5gwGD","expanded_url":"https://www.facebook.com/takumitoxin","display_url":"facebook.com/takumitoxin","indices":[0,23]}]},"description":{"urls":[{"url":"https://t.co/eTuYhQTrGD","expanded_url":"https://www.amazon.co.jp/dp/419881029X/ref=cm_sw_r_tw_dp_-osOxbPDK7XN4","display_url":"amazon.co.jp/dp/419881029X/…","indices":[25,48]},{"url":"https://t.co/j1lvPndyWL","expanded_url":"https://takumi.booth.pm","display_url":"takumi.booth.pm","indices":[53,76]}]}},"protected":false,"followers_count":57920,"friends_count":1831,"listed_count":1237,"created_at":"Mon Aug 13 23:54:28 +0000 2012","favourites_count":13939,"utc_offset":-25200,"time_zone":"Pacific Time (US & Canada)","geo_enabled":false,"verified":false,"statuses_count":16932,"lang":"ja","contributors_enabled":false,"is_translator":false,"is_translation_enabled":false,"profile_background_color":"1A1B1F","profile_background_image_url":"http://pbs.twimg.com/profile_background_images/659867150450954240/EXvhrfrW.jpg","profile_background_image_url_https":"https://pbs.twimg.com/profile_background_images/659867150450954240/EXvhrfrW.jpg","profile_background_tile":true,"profile_image_url":"http://pbs.twimg.com/profile_images/875585163656286208/rq1j-zPK_normal.jpg","profile_image_url_https":"https://pbs.twimg.com/profile_images/875585163656286208/rq1j-zPK_normal.jpg","profile_banner_url":"https://pbs.twimg.com/profile_banners/756066012/1461960249","profile_link_color":"ABB8C2","profile_sidebar_border_color":"000000","profile_sidebar_fill_color":"000000","profile_text_color":"000000","profile_use_background_image":true,"has_extended_profile":false,"default_profile":false,"default_profile_image":false,"following":false,"follow_request_sent":false,"notifications":false,"translator_type":"none"},"geo":null,"coordinates":null,"place":null,"contributors":null,"is_quote_status":false,"retweet_count":34162,"favorite_count":39251,"favorited":false,"retweeted":false,"possibly_sensitive":false,"lang":"ja"},{"created_at":"Thu Jul 06 09:16:17 +0000 2017","id":882890938107936800,"id_str":"882890938107936768","text":"【速報】ヒアリさん 首都侵攻\n\nもうダメだ https://t.co/sgecZ5uxF7","truncated":false,"entities":{"hashtags":[],"symbols":[],"user_mentions":[],"urls":[],"media":[{"id":882890674781118500,"id_str":"882890674781118465","indices":[22,45],"media_url":"http://pbs.twimg.com/media/DECoZBXVYAEndCc.jpg","media_url_https":"https://pbs.twimg.com/media/DECoZBXVYAEndCc.jpg","url":"https://t.co/sgecZ5uxF7","display_url":"pic.twitter.com/sgecZ5uxF7","expanded_url":"https://twitter.com/yuruhuwa_kdenpa/status/882890938107936768/photo/1","type":"photo","sizes":{"thumb":{"w":150,"h":150,"resize":"crop"},"small":{"w":680,"h":381,"resize":"fit"},"medium":{"w":1200,"h":672,"resize":"fit"},"large":{"w":1241,"h":695,"resize":"fit"}}}]},"extended_entities":{"media":[{"id":882890674781118500,"id_str":"882890674781118465","indices":[22,45],"media_url":"http://pbs.twimg.com/media/DECoZBXVYAEndCc.jpg","media_url_https":"https://pbs.twimg.com/media/DECoZBXVYAEndCc.jpg","url":"https://t.co/sgecZ5uxF7","display_url":"pic.twitter.com/sgecZ5uxF7","expanded_url":"https://twitter.com/yuruhuwa_kdenpa/status/882890938107936768/photo/1","type":"photo","sizes":{"thumb":{"w":150,"h":150,"resize":"crop"},"small":{"w":680,"h":381,"resize":"fit"},"medium":{"w":1200,"h":672,"resize":"fit"},"large":{"w":1241,"h":695,"resize":"fit"}}}]},"metadata":{"iso_language_code":"ja","result_type":"recent"},"source":"<a href=\"http://twitter.com\" rel=\"nofollow\">Twitter Web Client</a>","in_reply_to_status_id":null,"in_reply_to_status_id_str":null,"in_reply_to_user_id":null,"in_reply_to_user_id_str":null,"in_reply_to_screen_name":null,"user":{"id":201969770,"id_str":"201969770","name":"ゆるふわ怪電波☆埼玉","screen_name":"yuruhuwa_kdenpa","location":"アナル開発実験団","description":"政府の役人が私の脳に照射してくる怪電波に苦しんでいます。 国民の管理に必要な全ての情報が思考盗聴によって監視されています。政府の電波はラジオ テレビ ネットあらゆる物を介して侵入してきます。警告します。政府の電磁波攻撃によって国民の思考操作があります。全治2年7ヶ月 療養中","url":null,"entities":{"description":{"urls":[]}},"protected":false,"followers_count":29417,"friends_count":710,"listed_count":425,"created_at":"Wed Oct 13 01:08:31 +0000 2010","favourites_count":1343,"utc_offset":32400,"time_zone":"Tokyo","geo_enabled":false,"verified":false,"statuses_count":49068,"lang":"ja","contributors_enabled":false,"is_translator":false,"is_translation_enabled":false,"profile_background_color":"000001","profile_background_image_url":"http://pbs.twimg.com/profile_background_images/623816465930563584/A3Rr6FJN.png","profile_background_image_url_https":"https://pbs.twimg.com/profile_background_images/623816465930563584/A3Rr6FJN.png","profile_background_tile":false,"profile_image_url":"http://pbs.twimg.com/profile_images/870618181882175488/UgfSSXYK_normal.jpg","profile_image_url_https":"https://pbs.twimg.com/profile_images/870618181882175488/UgfSSXYK_normal.jpg","profile_banner_url":"https://pbs.twimg.com/profile_banners/201969770/1480002674","profile_link_color":"000001","profile_sidebar_border_color":"000000","profile_sidebar_fill_color":"DDEEF6","profile_text_color":"333333","profile_use_background_image":true,"has_extended_profile":true,"default_profile":false,"default_profile_image":false,"following":false,"follow_request_sent":false,"notifications":false,"translator_type":"none"},"geo":null,"coordinates":null,"place":null,"contributors":null,"is_quote_status":false,"retweet_count":4900,"favorite_count":3496,"favorited":false,"retweeted":false,"possibly_sensitive":false,"lang":"ja"},{"created_at":"Thu Jul 06 09:07:24 +0000 2017","id":882888703105916900,"id_str":"882888703105916928","text":"抱きしめられるタヌキ https://t.co/KrycCajGOD","truncated":false,"entities":{"hashtags":[],"symbols":[],"user_mentions":[],"urls":[],"media":[{"id":882888665403347000,"id_str":"882888665403346944","indices":[11,34],"media_url":"http://pbs.twimg.com/media/DECmkD2V0AAupFR.png","media_url_https":"https://pbs.twimg.com/media/DECmkD2V0AAupFR.png","url":"https://t.co/KrycCajGOD","display_url":"pic.twitter.com/KrycCajGOD","expanded_url":"https://twitter.com/atamotonu/status/882888703105916928/photo/1","type":"photo","sizes":{"medium":{"w":408,"h":450,"resize":"fit"},"large":{"w":408,"h":450,"resize":"fit"},"thumb":{"w":150,"h":150,"resize":"crop"},"small":{"w":408,"h":450,"resize":"fit"}}}]},"extended_entities":{"media":[{"id":882888665403347000,"id_str":"882888665403346944","indices":[11,34],"media_url":"http://pbs.twimg.com/media/DECmkD2V0AAupFR.png","media_url_https":"https://pbs.twimg.com/media/DECmkD2V0AAupFR.png","url":"https://t.co/KrycCajGOD","display_url":"pic.twitter.com/KrycCajGOD","expanded_url":"https://twitter.com/atamotonu/status/882888703105916928/photo/1","type":"photo","sizes":{"medium":{"w":408,"h":450,"resize":"fit"},"large":{"w":408,"h":450,"resize":"fit"},"thumb":{"w":150,"h":150,"resize":"crop"},"small":{"w":408,"h":450,"resize":"fit"}}}]},"metadata":{"iso_language_code":"ja","result_type":"recent"},"source":"<a href=\"http://twitter.com\" rel=\"nofollow\">Twitter Web Client</a>","in_reply_to_status_id":null,"in_reply_to_status_id_str":null,"in_reply_to_user_id":null,"in_reply_to_user_id_str":null,"in_reply_to_screen_name":null,"user":{"id":723128021540954100,"id_str":"723128021540954113","name":"アタモト","screen_name":"atamotonu","location":"","description":"仕事関係の告知と楽描き用アカウント。 「タヌキとキツネ」「たるしば」など色々描いてます。リプ返し出来なくてごめんなさい、いつもありがとうございます。タヌキとキツネLINEスタンプ→https://t.co/Xpx4P8NBPs ※当アカウントのイラストの加工や転載はご遠慮ください","url":"https://t.co/3h6zd8eIug","entities":{"url":{"urls":[{"url":"https://t.co/3h6zd8eIug","expanded_url":"http://inch.sakura.ne.jp/","display_url":"inch.sakura.ne.jp","indices":[0,23]}]},"description":{"urls":[{"url":"https://t.co/Xpx4P8NBPs","expanded_url":"http://line.me/S/shop/sticker/author/101150","display_url":"line.me/S/shop/sticker…","indices":[90,113]}]}},"protected":false,"followers_count":464174,"friends_count":20,"listed_count":3590,"created_at":"Thu Apr 21 12:35:30 +0000 2016","favourites_count":155,"utc_offset":32400,"time_zone":"Tokyo","geo_enabled":false,"verified":false,"statuses_count":808,"lang":"ja","contributors_enabled":false,"is_translator":false,"is_translation_enabled":false,"profile_background_color":"000000","profile_background_image_url":"http://abs.twimg.com/images/themes/theme1/bg.png","profile_background_image_url_https":"https://abs.twimg.com/images/themes/theme1/bg.png","profile_background_tile":false,"profile_image_url":"http://pbs.twimg.com/profile_images/812948188793434112/Mu7Li4la_normal.jpg","profile_image_url_https":"https://pbs.twimg.com/profile_images/812948188793434112/Mu7Li4la_normal.jpg","profile_link_color":"D98719","profile_sidebar_border_color":"000000","profile_sidebar_fill_color":"000000","profile_text_color":"000000","profile_use_background_image":false,"has_extended_profile":false,"default_profile":false,"default_profile_image":false,"following":false,"follow_request_sent":false,"notifications":false,"translator_type":"none"},"geo":null,"coordinates":null,"place":null,"contributors":null,"is_quote_status":false,"retweet_count":8200,"favorite_count":22277,"favorited":false,"retweeted":false,"possibly_sensitive":false,"lang":"ja"},{"created_at":"Thu Jul 06 09:07:20 +0000 2017","id":882888685577879600,"id_str":"882888685577879552","text":"本日23時から「スプラトゥーン2 Direct」が放映されるぞ。\n7/21 (金)発売の「スプラトゥーン2」の情報をたっぷりお伝えするのでお見逃しなく。\n……なんだかソワソワしてきたな。\nご飯食べて、お風呂入って待機しておこうっと… https://t.co/OikUL8HRPD","truncated":true,"entities":{"hashtags":[],"symbols":[],"user_mentions":[],"urls":[{"url":"https://t.co/OikUL8HRPD","expanded_url":"https://twitter.com/i/web/status/882888685577879552","display_url":"twitter.com/i/web/status/8…","indices":[117,140]}]},"metadata":{"iso_language_code":"ja","result_type":"recent"},"source":"<a href=\"http://twitter.com\" rel=\"nofollow\">Twitter Web Client</a>","in_reply_to_status_id":null,"in_reply_to_status_id_str":null,"in_reply_to_user_id":null,"in_reply_to_user_id_str":null,"in_reply_to_screen_name":null,"user":{"id":2888006497,"id_str":"2888006497","name":"Splatoon（スプラトゥーン）","screen_name":"SplatoonJP","location":"","description":"『スプラトゥーン』公式総合アカウント。イカ研究所の調査報告（ゲーム情報）やお知らせをお伝えします。最新作の『スプラトゥーン2』は2017年7月21日（金）発売予定。ご質問・お問い合わせにはお答えしておりませんのでご容赦ください。 ※イカ研究所は実在の人物、団体とは一切関係ございません。","url":"https://t.co/yCMNfZlVpz","entities":{"url":{"urls":[{"url":"https://t.co/yCMNfZlVpz","expanded_url":"https://www.nintendo.co.jp/switch/aab6a/index.html","display_url":"nintendo.co.jp/switch/aab6a/i…","indices":[0,23]}]},"description":{"urls":[]}},"protected":false,"followers_count":625567,"friends_count":1,"listed_count":6320,"created_at":"Mon Nov 03 01:36:06 +0000 2014","favourites_count":0,"utc_offset":32400,"time_zone":"Tokyo","geo_enabled":false,"verified":true,"statuses_count":1414,"lang":"ja","contributors_enabled":false,"is_translator":false,"is_translation_enabled":false,"profile_background_color":"000000","profile_background_image_url":"http://pbs.twimg.com/profile_background_images/530105343452274688/WJl6dNx5.jpeg","profile_background_image_url_https":"https://pbs.twimg.com/profile_background_images/530105343452274688/WJl6dNx5.jpeg","profile_background_tile":false,"profile_image_url":"http://pbs.twimg.com/profile_images/819765217957552132/1WftJJM1_normal.jpg","profile_image_url_https":"https://pbs.twimg.com/profile_images/819765217957552132/1WftJJM1_normal.jpg","profile_banner_url":"https://pbs.twimg.com/profile_banners/2888006497/1484282224","profile_link_color":"000000","profile_sidebar_border_color":"000000","profile_sidebar_fill_color":"E3E2DE","profile_text_color":"634047","profile_use_background_image":true,"has_extended_profile":false,"default_profile":false,"default_profile_image":false,"following":false,"follow_request_sent":false,"notifications":false,"translator_type":"none"},"geo":null,"coordinates":null,"place":null,"contributors":null,"is_quote_status":false,"retweet_count":11776,"favorite_count":13308,"favorited":false,"retweeted":false,"possibly_sensitive":false,"lang":"ja"},{"created_at":"Thu Jul 06 09:07:09 +0000 2017","id":882888640690405400,"id_str":"882888640690405376","text":"【おそま通信★最終号★】本日のおそま通信は、第2期放送記念スペシャルイベントが10月に開催決定＆6つ子のラグランに次ぐ新衣装を公開するなど新情報を盛り沢山でお届け♪\nなお、今号でおそま通信は最終号をむかえます。2年間、ご愛読頂きま… https://t.co/zDYYAKtCv7","truncated":true,"entities":{"hashtags":[],"symbols":[],"user_mentions":[],"urls":[{"url":"https://t.co/zDYYAKtCv7","expanded_url":"https://twitter.com/i/web/status/882888640690405376","display_url":"twitter.com/i/web/status/8…","indices":[117,140]}]},"metadata":{"iso_language_code":"ja","result_type":"recent"},"source":"<a href=\"http://twitter.com\" rel=\"nofollow\">Twitter Web Client</a>","in_reply_to_status_id":null,"in_reply_to_status_id_str":null,"in_reply_to_user_id":null,"in_reply_to_user_id_str":null,"in_reply_to_screen_name":null,"user":{"id":3260659704,"id_str":"3260659704","name":"「おそ松さん」公式アカウント","screen_name":"osomatsu_PR","location":"","description":"伝説の6つ子が帰ってきた！しかも、大人になって…！赤塚不二夫生誕80周年記念作品、アニメ「おそ松さん」公式Twitter。【監督】藤田陽一【キャラクターデザイン】浅野直之【アニメーション制作】studioぴえろ【キャスト】櫻井孝宏、中村悠一、神谷浩史、福山潤、小野大輔、入野自由、遠藤綾、鈴村健一、國立幸 #おそ松さん","url":"http://t.co/pxXkPQwVJh","entities":{"url":{"urls":[{"url":"http://t.co/pxXkPQwVJh","expanded_url":"http://osomatsusan.com/","display_url":"osomatsusan.com","indices":[0,22]}]},"description":{"urls":[]}},"protected":false,"followers_count":584064,"friends_count":13,"listed_count":5459,"created_at":"Tue Jun 30 04:05:05 +0000 2015","favourites_count":0,"utc_offset":null,"time_zone":null,"geo_enabled":false,"verified":true,"statuses_count":1698,"lang":"ja","contributors_enabled":false,"is_translator":false,"is_translation_enabled":false,"profile_background_color":"C0DEED","profile_background_image_url":"http://abs.twimg.com/images/themes/theme1/bg.png","profile_background_image_url_https":"https://abs.twimg.com/images/themes/theme1/bg.png","profile_background_tile":false,"profile_image_url":"http://pbs.twimg.com/profile_images/848189659184156672/Ny3NQtRI_normal.jpg","profile_image_url_https":"https://pbs.twimg.com/profile_images/848189659184156672/Ny3NQtRI_normal.jpg","profile_banner_url":"https://pbs.twimg.com/profile_banners/3260659704/1491059204","profile_link_color":"1DA1F2","profile_sidebar_border_color":"C0DEED","profile_sidebar_fill_color":"DDEEF6","profile_text_color":"333333","profile_use_background_image":true,"has_extended_profile":false,"default_profile":true,"default_profile_image":false,"following":false,"follow_request_sent":false,"notifications":false,"translator_type":"none"},"geo":null,"coordinates":null,"place":null,"contributors":null,"is_quote_status":false,"retweet_count":6444,"favorite_count":8967,"favorited":false,"retweeted":false,"possibly_sensitive":false,"lang":"ja"},{"created_at":"Thu Jul 06 09:04:04 +0000 2017","id":882887865104867300,"id_str":"882887865104867329","text":"体調悪い子はいねがー https://t.co/sakY6lViEP","truncated":false,"entities":{"hashtags":[],"symbols":[],"user_mentions":[],"urls":[],"media":[{"id":882887856531755000,"id_str":"882887856531755008","indices":[11,34],"media_url":"http://pbs.twimg.com/media/DECl0-kU0AAoooH.jpg","media_url_https":"https://pbs.twimg.com/media/DECl0-kU0AAoooH.jpg","url":"https://t.co/sakY6lViEP","display_url":"pic.twitter.com/sakY6lViEP","expanded_url":"https://twitter.com/k_r_r_l_l_/status/882887865104867329/photo/1","type":"photo","sizes":{"medium":{"w":1200,"h":661,"resize":"fit"},"thumb":{"w":150,"h":150,"resize":"crop"},"small":{"w":680,"h":375,"resize":"fit"},"large":{"w":2048,"h":1128,"resize":"fit"}}}]},"extended_entities":{"media":[{"id":882887856531755000,"id_str":"882887856531755008","indices":[11,34],"media_url":"http://pbs.twimg.com/media/DECl0-kU0AAoooH.jpg","media_url_https":"https://pbs.twimg.com/media/DECl0-kU0AAoooH.jpg","url":"https://t.co/sakY6lViEP","display_url":"pic.twitter.com/sakY6lViEP","expanded_url":"https://twitter.com/k_r_r_l_l_/status/882887865104867329/photo/1","type":"photo","sizes":{"medium":{"w":1200,"h":661,"resize":"fit"},"thumb":{"w":150,"h":150,"resize":"crop"},"small":{"w":680,"h":375,"resize":"fit"},"large":{"w":2048,"h":1128,"resize":"fit"}}}]},"metadata":{"iso_language_code":"ja","result_type":"recent"},"source":"<a href=\"http://twitter.com/download/iphone\" rel=\"nofollow\">Twitter for iPhone</a>","in_reply_to_status_id":null,"in_reply_to_status_id_str":null,"in_reply_to_user_id":null,"in_reply_to_user_id_str":null,"in_reply_to_screen_name":null,"user":{"id":228727136,"id_str":"228727136","name":"るるてあ","screen_name":"k_r_r_l_l_","location":"","description":"鶏卵が好きです。 ■LINEスタンプはこちら→https://t.co/pdmpZQP31U ■イラストのアイコン・ヘッダー使用はご自由にどうぞ。画像の加工・商用利用はお控えください。■商品化の御連絡はこちらにお願い致します。→https://t.co/0Rqh1X5CTr","url":null,"entities":{"description":{"urls":[{"url":"https://t.co/pdmpZQP31U","expanded_url":"http://line.me/S/sticker/1457374","display_url":"line.me/S/sticker/1457…","indices":[23,46]},{"url":"https://t.co/0Rqh1X5CTr","expanded_url":"https://spiralcute.com/contact/index","display_url":"spiralcute.com/contact/index","indices":[114,137]}]}},"protected":false,"followers_count":152349,"friends_count":186,"listed_count":1137,"created_at":"Mon Dec 20 14:20:27 +0000 2010","favourites_count":22056,"utc_offset":32400,"time_zone":"Tokyo","geo_enabled":false,"verified":false,"statuses_count":66357,"lang":"ja","contributors_enabled":false,"is_translator":false,"is_translation_enabled":false,"profile_background_color":"C0DEED","profile_background_image_url":"http://abs.twimg.com/images/themes/theme1/bg.png","profile_background_image_url_https":"https://abs.twimg.com/images/themes/theme1/bg.png","profile_background_tile":false,"profile_image_url":"http://pbs.twimg.com/profile_images/846307150703935488/_WU1B7sY_normal.jpg","profile_image_url_https":"https://pbs.twimg.com/profile_images/846307150703935488/_WU1B7sY_normal.jpg","profile_banner_url":"https://pbs.twimg.com/profile_banners/228727136/1491489775","profile_link_color":"1DA1F2","profile_sidebar_border_color":"C0DEED","profile_sidebar_fill_color":"DDEEF6","profile_text_color":"333333","profile_use_background_image":true,"has_extended_profile":false,"default_profile":true,"default_profile_image":false,"following":false,"follow_request_sent":false,"notifications":false,"translator_type":"none"},"geo":null,"coordinates":null,"place":null,"contributors":null,"is_quote_status":false,"retweet_count":6014,"favorite_count":11124,"favorited":false,"retweeted":false,"possibly_sensitive":false,"lang":"ja"},{"created_at":"Thu Jul 06 09:01:55 +0000 2017","id":882887323150569500,"id_str":"882887323150569473","text":"新OPカットが来た！\nヒロアカ2期は第2クールへ！そのスタートとなる7/8（土）放送回で初登場の新オープニングムービーの場面カットを公開！\namazarashi @amazarashi_bot による新OPテーマ「空に歌えば」に乗… https://t.co/A5PS7X3sQE","truncated":true,"entities":{"hashtags":[],"symbols":[],"user_mentions":[{"screen_name":"amazarashi_bot","name":"amazarashi","id":106669804,"id_str":"106669804","indices":[81,96]}],"urls":[{"url":"https://t.co/A5PS7X3sQE","expanded_url":"https://twitter.com/i/web/status/882887323150569473","display_url":"twitter.com/i/web/status/8…","indices":[117,140]}]},"metadata":{"iso_language_code":"ja","result_type":"recent"},"source":"<a href=\"http://twitter.com\" rel=\"nofollow\">Twitter Web Client</a>","in_reply_to_status_id":null,"in_reply_to_status_id_str":null,"in_reply_to_user_id":null,"in_reply_to_user_id_str":null,"in_reply_to_screen_name":null,"user":{"id":3969691152,"id_str":"3969691152","name":"僕のヒーローアカデミア_アニメ公式","screen_name":"heroaca_anime","location":"","description":"毎週土曜夕方5:30より読売テレビ・日本テレビ系で放送！「週刊少年ジャンプ」（集英社）で連載中、堀越耕平原作による「僕のヒーローアカデミア」TVアニメ公式アカウント。ヒロアカの情報を発信します。 推奨ハッシュタグ：#heroaca_a #ヒロアカ ※原則個別リプライは行っておりません。","url":"https://t.co/DUZ6Q6Gq34","entities":{"url":{"urls":[{"url":"https://t.co/DUZ6Q6Gq34","expanded_url":"http://heroaca.com/","display_url":"heroaca.com","indices":[0,23]}]},"description":{"urls":[]}},"protected":false,"followers_count":139324,"friends_count":100,"listed_count":1652,"created_at":"Wed Oct 21 14:05:05 +0000 2015","favourites_count":0,"utc_offset":-25200,"time_zone":"Pacific Time (US & Canada)","geo_enabled":false,"verified":false,"statuses_count":3000,"lang":"ja","contributors_enabled":false,"is_translator":false,"is_translation_enabled":false,"profile_background_color":"C0DEED","profile_background_image_url":"http://abs.twimg.com/images/themes/theme1/bg.png","profile_background_image_url_https":"https://abs.twimg.com/images/themes/theme1/bg.png","profile_background_tile":false,"profile_image_url":"http://pbs.twimg.com/profile_images/881114171605004289/8QVDjhno_normal.jpg","profile_image_url_https":"https://pbs.twimg.com/profile_images/881114171605004289/8QVDjhno_normal.jpg","profile_banner_url":"https://pbs.twimg.com/profile_banners/3969691152/1491111187","profile_link_color":"1DA1F2","profile_sidebar_border_color":"C0DEED","profile_sidebar_fill_color":"DDEEF6","profile_text_color":"333333","profile_use_background_image":true,"has_extended_profile":false,"default_profile":true,"default_profile_image":false,"following":false,"follow_request_sent":false,"notifications":false,"translator_type":"none"},"geo":null,"coordinates":null,"place":null,"contributors":null,"is_quote_status":false,"retweet_count":6083,"favorite_count":9423,"favorited":false,"retweeted":false,"possibly_sensitive":false,"lang":"ja"},{"created_at":"Thu Jul 06 09:00:41 +0000 2017","id":882887012394520600,"id_str":"882887012394520576","text":"【お知らせ1/2】突然ですが「ねんどろいど鶯丸」のデコマスを初公開いたします！また、明日7/7（金）の正午頃にご予約開始予定となっております！通常、戦闘ポーズを再現可能な他、あんなパーツも・・・\n今後の情報にご期待下さい！… https://t.co/Ge9dUBVVNK","truncated":true,"entities":{"hashtags":[],"symbols":[],"user_mentions":[],"urls":[{"url":"https://t.co/Ge9dUBVVNK","expanded_url":"https://twitter.com/i/web/status/882887012394520576","display_url":"twitter.com/i/web/status/8…","indices":[113,136]}]},"metadata":{"iso_language_code":"ja","result_type":"recent"},"source":"<a href=\"http://twitter.com\" rel=\"nofollow\">Twitter Web Client</a>","in_reply_to_status_id":null,"in_reply_to_status_id_str":null,"in_reply_to_user_id":null,"in_reply_to_user_id_str":null,"in_reply_to_screen_name":null,"user":{"id":3289595936,"id_str":"3289595936","name":"オランジュ・ルージュ","screen_name":"orangerouge_pr","location":"","description":"男性キャラクター専門のフィギュア・グッズのブランド「Orange Rouge（オランジュ・ルージュ）」の情報をつぶやきます。お問い合わせはグッドスマイルカンパニーカスタマーサポートまでお願いします。 http://t.co/NZNqKjGhx4","url":"http://t.co/wY4MWdieg8","entities":{"url":{"urls":[{"url":"http://t.co/wY4MWdieg8","expanded_url":"http://orangerouge.com/","display_url":"orangerouge.com","indices":[0,22]}]},"description":{"urls":[{"url":"http://t.co/NZNqKjGhx4","expanded_url":"http://partner.goodsmile.info/support/","display_url":"partner.goodsmile.info/support/","indices":[100,122]}]}},"protected":false,"followers_count":50524,"friends_count":11,"listed_count":990,"created_at":"Fri Jul 24 08:51:16 +0000 2015","favourites_count":1,"utc_offset":32400,"time_zone":"Tokyo","geo_enabled":false,"verified":false,"statuses_count":902,"lang":"ja","contributors_enabled":false,"is_translator":false,"is_translation_enabled":false,"profile_background_color":"000000","profile_background_image_url":"http://abs.twimg.com/images/themes/theme1/bg.png","profile_background_image_url_https":"https://abs.twimg.com/images/themes/theme1/bg.png","profile_background_tile":false,"profile_image_url":"http://pbs.twimg.com/profile_images/624502285259792384/Am7i1WZx_normal.png","profile_image_url_https":"https://pbs.twimg.com/profile_images/624502285259792384/Am7i1WZx_normal.png","profile_banner_url":"https://pbs.twimg.com/profile_banners/3289595936/1487137237","profile_link_color":"FA743E","profile_sidebar_border_color":"000000","profile_sidebar_fill_color":"000000","profile_text_color":"000000","profile_use_background_image":false,"has_extended_profile":true,"default_profile":false,"default_profile_image":false,"following":false,"follow_request_sent":false,"notifications":false,"translator_type":"none"},"geo":null,"coordinates":null,"place":null,"contributors":null,"is_quote_status":false,"retweet_count":11989,"favorite_count":10734,"favorited":false,"retweeted":false,"possibly_sensitive":false,"lang":"ja"},{"created_at":"Thu Jul 06 08:15:07 +0000 2017","id":882875544391622700,"id_str":"882875544391622656","text":"ついに映像初解禁！11月17日(金)公開の『GODZILLA 怪獣惑星』の特報が完成しました！『シン・ゴジラ』から１年ーー。新たなゴジラの咆哮が二万年後の地球に鳴り響く！！https://t.co/5fD2irDFDK　#アニゴジ https://t.co/fkupqrfnP1","truncated":false,"entities":{"hashtags":[{"text":"アニゴジ","indices":[110,115]}],"symbols":[],"user_mentions":[],"urls":[{"url":"https://t.co/5fD2irDFDK","expanded_url":"https://m.youtube.com/watch?v=1dF83zsTIMQ","display_url":"m.youtube.com/watch?v=1dF83z…","indices":[86,109]}],"media":[{"id":882875291751768000,"id_str":"882875291751768064","indices":[116,139],"media_url":"http://pbs.twimg.com/ext_tw_video_thumb/882875291751768064/pu/img/CpwapW34lBMPaG7L.jpg","media_url_https":"https://pbs.twimg.com/ext_tw_video_thumb/882875291751768064/pu/img/CpwapW34lBMPaG7L.jpg","url":"https://t.co/fkupqrfnP1","display_url":"pic.twitter.com/fkupqrfnP1","expanded_url":"https://twitter.com/GODZILLA_ANIME/status/882875544391622656/video/1","type":"photo","sizes":{"small":{"w":340,"h":191,"resize":"fit"},"thumb":{"w":150,"h":150,"resize":"crop"},"medium":{"w":600,"h":338,"resize":"fit"},"large":{"w":1024,"h":576,"resize":"fit"}}}]},"extended_entities":{"media":[{"id":882875291751768000,"id_str":"882875291751768064","indices":[116,139],"media_url":"http://pbs.twimg.com/ext_tw_video_thumb/882875291751768064/pu/img/CpwapW34lBMPaG7L.jpg","media_url_https":"https://pbs.twimg.com/ext_tw_video_thumb/882875291751768064/pu/img/CpwapW34lBMPaG7L.jpg","url":"https://t.co/fkupqrfnP1","display_url":"pic.twitter.com/fkupqrfnP1","expanded_url":"https://twitter.com/GODZILLA_ANIME/status/882875544391622656/video/1","type":"video","sizes":{"small":{"w":340,"h":191,"resize":"fit"},"thumb":{"w":150,"h":150,"resize":"crop"},"medium":{"w":600,"h":338,"resize":"fit"},"large":{"w":1024,"h":576,"resize":"fit"}},"video_info":{"aspect_ratio":[16,9],"duration_millis":29963,"variants":[{"bitrate":320000,"content_type":"video/mp4","url":"https://video.twimg.com/ext_tw_video/882875291751768064/pu/vid/320x180/W03qMfsZAXSY6ZFg.mp4"},{"bitrate":2176000,"content_type":"video/mp4","url":"https://video.twimg.com/ext_tw_video/882875291751768064/pu/vid/1280x720/k5PK3XARNNTAsxOn.mp4"},{"bitrate":832000,"content_type":"video/mp4","url":"https://video.twimg.com/ext_tw_video/882875291751768064/pu/vid/640x360/XWl2Add41bzi3Mo1.mp4"},{"content_type":"application/x-mpegURL","url":"https://video.twimg.com/ext_tw_video/882875291751768064/pu/pl/c6z2RzpVX8X_7m8Q.m3u8"}]},"additional_media_info":{"monetizable":false}}]},"metadata":{"iso_language_code":"ja","result_type":"recent"},"source":"<a href=\"http://twitter.com/download/android\" rel=\"nofollow\">Twitter for Android</a>","in_reply_to_status_id":null,"in_reply_to_status_id_str":null,"in_reply_to_user_id":null,"in_reply_to_user_id_str":null,"in_reply_to_screen_name":null,"user":{"id":821539511226110000,"id_str":"821539511226109953","name":"映画『GODZILLA 怪獣惑星 』","screen_name":"GODZILLA_ANIME","location":"","description":"11月17日（金）全国公開のアニメーション映画『GODZILLA 怪獣惑星』の公式アカウント。監督に静野孔文&瀬下寛之、ストーリー原案・脚本に虚淵玄を迎え、さらに豪華声優陣が参加。全く新しい“ゴジラ”にご注目下さい！推奨ハッシュタグ：#アニゴジ","url":"https://t.co/5kRCeG6I7Y","entities":{"url":{"urls":[{"url":"https://t.co/5kRCeG6I7Y","expanded_url":"http://godzilla-anime.com/index.html","display_url":"godzilla-anime.com/index.html","indices":[0,23]}]},"description":{"urls":[]}},"protected":false,"followers_count":20030,"friends_count":16,"listed_count":304,"created_at":"Wed Jan 18 02:07:37 +0000 2017","favourites_count":11,"utc_offset":32400,"time_zone":"Tokyo","geo_enabled":false,"verified":false,"statuses_count":107,"lang":"ja","contributors_enabled":false,"is_translator":false,"is_translation_enabled":false,"profile_background_color":"F5F8FA","profile_background_image_url":null,"profile_background_image_url_https":null,"profile_background_tile":false,"profile_image_url":"http://pbs.twimg.com/profile_images/845199073632124928/Grg4urah_normal.jpg","profile_image_url_https":"https://pbs.twimg.com/profile_images/845199073632124928/Grg4urah_normal.jpg","profile_banner_url":"https://pbs.twimg.com/profile_banners/821539511226109953/1497298330","profile_link_color":"1DA1F2","profile_sidebar_border_color":"C0DEED","profile_sidebar_fill_color":"DDEEF6","profile_text_color":"333333","profile_use_background_image":true,"has_extended_profile":false,"default_profile":true,"default_profile_image":false,"following":false,"follow_request_sent":false,"notifications":false,"translator_type":"none"},"geo":null,"coordinates":null,"place":null,"contributors":null,"is_quote_status":false,"retweet_count":6297,"favorite_count":4796,"favorited":false,"retweeted":false,"possibly_sensitive":false,"lang":"ja"},{"created_at":"Thu Jul 06 08:02:31 +0000 2017","id":882872373141094400,"id_str":"882872373141094400","text":"7/14（金）発売の #マックフルーリー 😋🍨は #ゲンガー をイメージした…むらさきいも味🍠 むらさきいものアイスって聞いたことあるよね👍おいしそう😍「これだ❗」と思ったら、RTしてね🌟… https://t.co/5fv7HBRplN","truncated":true,"entities":{"hashtags":[{"text":"マックフルーリー","indices":[11,20]},{"text":"ゲンガー","indices":[25,30]}],"symbols":[],"user_mentions":[],"urls":[{"url":"https://t.co/5fv7HBRplN","expanded_url":"https://twitter.com/i/web/status/882872373141094400","display_url":"twitter.com/i/web/status/8…","indices":[96,119]}]},"metadata":{"iso_language_code":"ja","result_type":"recent"},"source":"<a href=\"http://twitter.com\" rel=\"nofollow\">Twitter Web Client</a>","in_reply_to_status_id":882871745140580400,"in_reply_to_status_id_str":"882871745140580352","in_reply_to_user_id":184004752,"in_reply_to_user_id_str":"184004752","in_reply_to_screen_name":"McDonaldsJapan","user":{"id":184004752,"id_str":"184004752","name":"マクドナルド","screen_name":"McDonaldsJapan","location":"","description":"日本マクドナルド公式アカウントです。","url":"https://t.co/h8fsDdef2p","entities":{"url":{"urls":[{"url":"https://t.co/h8fsDdef2p","expanded_url":"http://www.mcdonalds.co.jp/","display_url":"mcdonalds.co.jp","indices":[0,23]}]},"description":{"urls":[]}},"protected":false,"followers_count":1486283,"friends_count":407,"listed_count":4615,"created_at":"Sat Aug 28 12:54:08 +0000 2010","favourites_count":15673,"utc_offset":32400,"time_zone":"Tokyo","geo_enabled":true,"verified":true,"statuses_count":8037,"lang":"en","contributors_enabled":false,"is_translator":false,"is_translation_enabled":false,"profile_background_color":"C0DEED","profile_background_image_url":"http://abs.twimg.com/images/themes/theme1/bg.png","profile_background_image_url_https":"https://abs.twimg.com/images/themes/theme1/bg.png","profile_background_tile":false,"profile_image_url":"http://pbs.twimg.com/profile_images/793025814300209152/9hEKi6CX_normal.jpg","profile_image_url_https":"https://pbs.twimg.com/profile_images/793025814300209152/9hEKi6CX_normal.jpg","profile_banner_url":"https://pbs.twimg.com/profile_banners/184004752/1491295736","profile_link_color":"1DA1F2","profile_sidebar_border_color":"C0DEED","profile_sidebar_fill_color":"DDEEF6","profile_text_color":"333333","profile_use_background_image":true,"has_extended_profile":false,"default_profile":true,"default_profile_image":false,"following":false,"follow_request_sent":false,"notifications":false,"translator_type":"none"},"geo":null,"coordinates":null,"place":null,"contributors":null,"is_quote_status":false,"retweet_count":5452,"favorite_count":4353,"favorited":false,"retweeted":false,"possibly_sensitive":false,"lang":"ja"},{"created_at":"Thu Jul 06 08:02:00 +0000 2017","id":882872244308803600,"id_str":"882872244308803584","text":"7/14（金）発売の #マックフルーリー 😋🍨は #ゼニガメ をイメージした…ラムネソーダ味💭夏はシュワシュワソーダでリフレッシュ👍「これだ❗」と思ったら、RTして教えてね🌟 https://t.co/3A0u1hDXje… https://t.co/NQDJpE4FGr","truncated":true,"entities":{"hashtags":[{"text":"マックフルーリー","indices":[11,20]},{"text":"ゼニガメ","indices":[25,30]}],"symbols":[],"user_mentions":[],"urls":[{"url":"https://t.co/3A0u1hDXje","expanded_url":"http://w.mdj.jp/1a11ka","display_url":"w.mdj.jp/1a11ka","indices":[88,111]},{"url":"https://t.co/NQDJpE4FGr","expanded_url":"https://twitter.com/i/web/status/882872244308803584","display_url":"twitter.com/i/web/status/8…","indices":[113,136]}]},"metadata":{"iso_language_code":"ja","result_type":"recent"},"source":"<a href=\"http://twitter.com/download/iphone\" rel=\"nofollow\">Twitter for iPhone</a>","in_reply_to_status_id":882871745140580400,"in_reply_to_status_id_str":"882871745140580352","in_reply_to_user_id":184004752,"in_reply_to_user_id_str":"184004752","in_reply_to_screen_name":"McDonaldsJapan","user":{"id":184004752,"id_str":"184004752","name":"マクドナルド","screen_name":"McDonaldsJapan","location":"","description":"日本マクドナルド公式アカウントです。","url":"https://t.co/h8fsDdef2p","entities":{"url":{"urls":[{"url":"https://t.co/h8fsDdef2p","expanded_url":"http://www.mcdonalds.co.jp/","display_url":"mcdonalds.co.jp","indices":[0,23]}]},"description":{"urls":[]}},"protected":false,"followers_count":1486283,"friends_count":407,"listed_count":4615,"created_at":"Sat Aug 28 12:54:08 +0000 2010","favourites_count":15673,"utc_offset":32400,"time_zone":"Tokyo","geo_enabled":true,"verified":true,"statuses_count":8037,"lang":"en","contributors_enabled":false,"is_translator":false,"is_translation_enabled":false,"profile_background_color":"C0DEED","profile_background_image_url":"http://abs.twimg.com/images/themes/theme1/bg.png","profile_background_image_url_https":"https://abs.twimg.com/images/themes/theme1/bg.png","profile_background_tile":false,"profile_image_url":"http://pbs.twimg.com/profile_images/793025814300209152/9hEKi6CX_normal.jpg","profile_image_url_https":"https://pbs.twimg.com/profile_images/793025814300209152/9hEKi6CX_normal.jpg","profile_banner_url":"https://pbs.twimg.com/profile_banners/184004752/1491295736","profile_link_color":"1DA1F2","profile_sidebar_border_color":"C0DEED","profile_sidebar_fill_color":"DDEEF6","profile_text_color":"333333","profile_use_background_image":true,"has_extended_profile":false,"default_profile":true,"default_profile_image":false,"following":false,"follow_request_sent":false,"notifications":false,"translator_type":"none"},"geo":null,"coordinates":null,"place":null,"contributors":null,"is_quote_status":false,"retweet_count":5351,"favorite_count":3794,"favorited":false,"retweeted":false,"possibly_sensitive":false,"lang":"ja"},{"created_at":"Thu Jul 06 08:01:21 +0000 2017","id":882872082073231400,"id_str":"882872082073231360","text":"7/14（金）発売の #マックフルーリー 😋🍨は #ピカチュウ をイメージした…チョコバナナ味 🍌みんな大好きチョコバナナは夏のスイーツにぴったりだね👍「これだ❗」と思ったら、RTして教えてね🌟… https://t.co/TBDL1hOkWU","truncated":true,"entities":{"hashtags":[{"text":"マックフルーリー","indices":[11,20]},{"text":"ピカチュウ","indices":[25,31]}],"symbols":[],"user_mentions":[],"urls":[{"url":"https://t.co/TBDL1hOkWU","expanded_url":"https://twitter.com/i/web/status/882872082073231360","display_url":"twitter.com/i/web/status/8…","indices":[99,122]}]},"metadata":{"iso_language_code":"ja","result_type":"recent"},"source":"<a href=\"http://twitter.com/download/iphone\" rel=\"nofollow\">Twitter for iPhone</a>","in_reply_to_status_id":882871745140580400,"in_reply_to_status_id_str":"882871745140580352","in_reply_to_user_id":184004752,"in_reply_to_user_id_str":"184004752","in_reply_to_screen_name":"McDonaldsJapan","user":{"id":184004752,"id_str":"184004752","name":"マクドナルド","screen_name":"McDonaldsJapan","location":"","description":"日本マクドナルド公式アカウントです。","url":"https://t.co/h8fsDdef2p","entities":{"url":{"urls":[{"url":"https://t.co/h8fsDdef2p","expanded_url":"http://www.mcdonalds.co.jp/","display_url":"mcdonalds.co.jp","indices":[0,23]}]},"description":{"urls":[]}},"protected":false,"followers_count":1486283,"friends_count":407,"listed_count":4615,"created_at":"Sat Aug 28 12:54:08 +0000 2010","favourites_count":15673,"utc_offset":32400,"time_zone":"Tokyo","geo_enabled":true,"verified":true,"statuses_count":8037,"lang":"en","contributors_enabled":false,"is_translator":false,"is_translation_enabled":false,"profile_background_color":"C0DEED","profile_background_image_url":"http://abs.twimg.com/images/themes/theme1/bg.png","profile_background_image_url_https":"https://abs.twimg.com/images/themes/theme1/bg.png","profile_background_tile":false,"profile_image_url":"http://pbs.twimg.com/profile_images/793025814300209152/9hEKi6CX_normal.jpg","profile_image_url_https":"https://pbs.twimg.com/profile_images/793025814300209152/9hEKi6CX_normal.jpg","profile_banner_url":"https://pbs.twimg.com/profile_banners/184004752/1491295736","profile_link_color":"1DA1F2","profile_sidebar_border_color":"C0DEED","profile_sidebar_fill_color":"DDEEF6","profile_text_color":"333333","profile_use_background_image":true,"has_extended_profile":false,"default_profile":true,"default_profile_image":false,"following":false,"follow_request_sent":false,"notifications":false,"translator_type":"none"},"geo":null,"coordinates":null,"place":null,"contributors":null,"is_quote_status":false,"retweet_count":7886,"favorite_count":5109,"favorited":false,"retweeted":false,"possibly_sensitive":false,"lang":"ja"},{"created_at":"Thu Jul 06 08:00:28 +0000 2017","id":882871858068156400,"id_str":"882871858068156416","text":"『もっとマンガで分かる！Fate/Grand Order』第81話更新！迷宮となったカルデアからの脱出路を見つけたエレナ。逃げ出した先にいたジャックに話しかけるが…。 #FateGO https://t.co/UmGfS8GxIk https://t.co/LbDgJxX5SB","truncated":false,"entities":{"hashtags":[{"text":"FateGO","indices":[84,91]}],"symbols":[],"user_mentions":[],"urls":[{"url":"https://t.co/UmGfS8GxIk","expanded_url":"http://www.fate-go.jp/manga_fgo2/","display_url":"fate-go.jp/manga_fgo2/","indices":[92,115]}],"media":[{"id":882871855736131600,"id_str":"882871855736131584","indices":[116,139],"media_url":"http://pbs.twimg.com/media/DECXRm9XkAAmfRm.jpg","media_url_https":"https://pbs.twimg.com/media/DECXRm9XkAAmfRm.jpg","url":"https://t.co/LbDgJxX5SB","display_url":"pic.twitter.com/LbDgJxX5SB","expanded_url":"https://twitter.com/fgoproject/status/882871858068156416/photo/1","type":"photo","sizes":{"medium":{"w":990,"h":560,"resize":"fit"},"thumb":{"w":150,"h":150,"resize":"crop"},"small":{"w":680,"h":385,"resize":"fit"},"large":{"w":990,"h":560,"resize":"fit"}}}]},"extended_entities":{"media":[{"id":882871855736131600,"id_str":"882871855736131584","indices":[116,139],"media_url":"http://pbs.twimg.com/media/DECXRm9XkAAmfRm.jpg","media_url_https":"https://pbs.twimg.com/media/DECXRm9XkAAmfRm.jpg","url":"https://t.co/LbDgJxX5SB","display_url":"pic.twitter.com/LbDgJxX5SB","expanded_url":"https://twitter.com/fgoproject/status/882871858068156416/photo/1","type":"photo","sizes":{"medium":{"w":990,"h":560,"resize":"fit"},"thumb":{"w":150,"h":150,"resize":"crop"},"small":{"w":680,"h":385,"resize":"fit"},"large":{"w":990,"h":560,"resize":"fit"}}}]},"metadata":{"iso_language_code":"ja","result_type":"recent"},"source":"<a href=\"http://www.hootsuite.com\" rel=\"nofollow\">Hootsuite</a>","in_reply_to_status_id":null,"in_reply_to_status_id_str":null,"in_reply_to_user_id":null,"in_reply_to_user_id_str":null,"in_reply_to_screen_name":null,"user":{"id":2968069742,"id_str":"2968069742","name":"【公式】Fate/Grand Order","screen_name":"fgoproject","location":"","description":"TYPE-MOONが贈る、新たな「Fate」RPG「Fate/Grand Order」公式アカウント。カルデア広報局より、皆様に最新情報をお届けします！公式ハッシュタグ → #FateGO","url":"http://t.co/NtAp9EJPBj","entities":{"url":{"urls":[{"url":"http://t.co/NtAp9EJPBj","expanded_url":"http://www.fate-go.jp/","display_url":"fate-go.jp","indices":[0,22]}]},"description":{"urls":[]}},"protected":false,"followers_count":694067,"friends_count":0,"listed_count":8644,"created_at":"Fri Jan 09 04:12:09 +0000 2015","favourites_count":0,"utc_offset":32400,"time_zone":"Seoul","geo_enabled":false,"verified":true,"statuses_count":1918,"lang":"ja","contributors_enabled":false,"is_translator":false,"is_translation_enabled":false,"profile_background_color":"C0DEED","profile_background_image_url":"http://abs.twimg.com/images/themes/theme1/bg.png","profile_background_image_url_https":"https://abs.twimg.com/images/themes/theme1/bg.png","profile_background_tile":false,"profile_image_url":"http://pbs.twimg.com/profile_images/848188127462031361/LR9bGs9q_normal.jpg","profile_image_url_https":"https://pbs.twimg.com/profile_images/848188127462031361/LR9bGs9q_normal.jpg","profile_banner_url":"https://pbs.twimg.com/profile_banners/2968069742/1491058804","profile_link_color":"3B94D9","profile_sidebar_border_color":"C0DEED","profile_sidebar_fill_color":"DDEEF6","profile_text_color":"333333","profile_use_background_image":true,"has_extended_profile":false,"default_profile":false,"default_profile_image":false,"following":false,"follow_request_sent":false,"notifications":false,"translator_type":"none"},"geo":null,"coordinates":null,"place":null,"contributors":null,"is_quote_status":false,"retweet_count":5573,"favorite_count":3919,"favorited":false,"retweeted":false,"possibly_sensitive":false,"lang":"ja"}],"search_metadata":{"completed_in":0.61,"max_id":882917057817333800,"max_id_str":"882917057817333762","next_results":"?max_id=882871858068156415&q=lang%3Aja%20min_retweets%3A5000&include_entities=1","query":"lang%3Aja+min_retweets%3A5000","refresh_url":"?since_id=882917057817333762&q=lang%3Aja%20min_retweets%3A5000&include_entities=1","count":15,"since_id":0,"since_id_str":"0"}}