{"statuses":[{"created_at":"Thu Jul 13 09:56:14 +0000 2017","id":885437704455860200,"id_str":"885437704455860224","text":"うらたさんが水を飲んでたので頂戴と言ったら……\n\n(志麻の許可済) https://t.co/jTJkc3XK8E","truncated":false,"entities":{"hashtags":[],"symbols":[],"user_mentions":[],"urls":[],"media":[{"id":885437442794242000,"id_str":"885437442794242048","indices":[34,57],"media_url":"http://pbs.twimg.com/ext_tw_video_thumb/885437442794242048/pu/img/YQJWl1UI22tLReMr.jpg","media_url_https":"https://pbs.twimg.com/ext_tw_video_thumb/885437442794242048/pu/img/YQJWl1UI22tLReMr.jpg","url":"https://t.co/jTJkc3XK8E","display_url":"pic.twitter.com/jTJkc3XK8E","expanded_url":"https://twitter.com/shima_s2/status/885437704455860224/video/1","type":"photo","sizes":{"large":{"w":528,"h":960,"resize":"fit"},"thumb":{"w":150,"h":150,"resize":"crop"},"small":{"w":340,"h":618,"resize":"fit"},"medium":{"w":528,"h":960,"resize":"fit"}}}]},"extended_entities":{"media":[{"id":885437442794242000,"id_str":"885437442794242048","indices":[34,57],"media_url":"http://pbs.twimg.com/ext_tw_video_thumb/885437442794242048/pu/img/YQJWl1UI22tLReMr.jpg","media_url_https":"https://pbs.twimg.com/ext_tw_video_thumb/885437442794242048/pu/img/YQJWl1UI22tLReMr.jpg","url":"https://t.co/jTJkc3XK8E","display_url":"pic.twitter.com/jTJkc3XK8E","expanded_url":"https://twitter.com/shima_s2/status/885437704455860224/video/1","type":"video","sizes":{"large":{"w":528,"h":960,"resize":"fit"},"thumb":{"w":150,"h":150,"resize":"crop"},"small":{"w":340,"h":618,"resize":"fit"},"medium":{"w":528,"h":960,"resize":"fit"}},"video_info":{"aspect_ratio":[11,20],"duration_millis":32583,"variants":[{"content_type":"application/x-mpegURL","url":"https://video.twimg.com/ext_tw_video/885437442794242048/pu/pl/RxNsk2YaC9bDEIvc.m3u8"},{"bitrate":320000,"content_type":"video/mp4","url":"https://video.twimg.com/ext_tw_video/885437442794242048/pu/vid/176x320/8njX6pxghh9wGEAc.mp4"},{"bitrate":832000,"content_type":"video/mp4","url":"https://video.twimg.com/ext_tw_video/885437442794242048/pu/vid/352x640/TZbIJe29w8D1e5bS.mp4"}]},"additional_media_info":{"monetizable":false}}]},"metadata":{"iso_language_code":"ja","result_type":"recent"},"source":"<a href=\"http://twitter.com/download/iphone\" rel=\"nofollow\">Twitter for iPhone</a>","in_reply_to_status_id":null,"in_reply_to_status_id_str":null,"in_reply_to_user_id":null,"in_reply_to_user_id_str":null,"in_reply_to_screen_name":null,"user":{"id":49379814,"id_str":"49379814","name":"志麻@浦島坂田船♔","screen_name":"shima_s2","location":"乃木坂⊿","description":"Work→スタミュ2期OP/歌/ゲーム/ベース/番組MCなど♔ショートカットと長身が好物。乃木坂46とでんぱ組大好き。チャームポイントはホクロとプリチーなお尻♡土佐出身。浦島坂田船の紫。サバゲーチームS.H.代表。コスプレたまに。icon:月森フユカ 仕事の依頼→shima_stardust@hotmail.co.jp","url":"https://t.co/blt8uPKjNc","entities":{"url":{"urls":[{"url":"https://t.co/blt8uPKjNc","expanded_url":"http://com.nicovideo.jp/community/co1186343","display_url":"com.nicovideo.jp/community/co11…","indices":[0,23]}]},"description":{"urls":[]}},"protected":false,"followers_count":217604,"friends_count":360,"listed_count":4173,"created_at":"Sun Jun 21 18:03:35 +0000 2009","favourites_count":6744,"utc_offset":32400,"time_zone":"Tokyo","geo_enabled":false,"verified":true,"statuses_count":11778,"lang":"ja","contributors_enabled":false,"is_translator":false,"is_translation_enabled":false,"profile_background_color":"000000","profile_background_image_url":"http://abs.twimg.com/images/themes/theme14/bg.gif","profile_background_image_url_https":"https://abs.twimg.com/images/themes/theme14/bg.gif","profile_background_tile":false,"profile_image_url":"http://pbs.twimg.com/profile_images/853961483335589889/xXnZ895x_normal.jpg","profile_image_url_https":"https://pbs.twimg.com/profile_images/853961483335589889/xXnZ895x_normal.jpg","profile_banner_url":"https://pbs.twimg.com/profile_banners/49379814/1489648720","profile_link_color":"9349E8","profile_sidebar_border_color":"000000","profile_sidebar_fill_color":"000000","profile_text_color":"000000","profile_use_background_image":false,"has_extended_profile":true,"default_profile":false,"default_profile_image":false,"following":false,"follow_request_sent":false,"notifications":false,"translator_type":"none"},"geo":null,"coordinates":null,"place":null,"contributors":null,"is_quote_status":false,"retweet_count":5362,"favorite_count":15242,"favorited":false,"retweeted":false,"possibly_sensitive":false,"lang":"ja"},{"created_at":"Thu Jul 13 09:44:20 +0000 2017","id":885434712100962300,"id_str":"885434712100962305","text":"最近のマイブームは妻の料理中に実況中継をつける事です。絶対に怒られます。 https://t.co/uJM94sZ5jf","truncated":false,"entities":{"hashtags":[],"symbols":[],"user_mentions":[],"urls":[],"media":[{"id":885434448157659100,"id_str":"885434448157659137","indices":[37,60],"media_url":"http://pbs.twimg.com/ext_tw_video_thumb/885434448157659137/pu/img/7uc6LEqazWi1o64u.jpg","media_url_https":"https://pbs.twimg.com/ext_tw_video_thumb/885434448157659137/pu/img/7uc6LEqazWi1o64u.jpg","url":"https://t.co/uJM94sZ5jf","display_url":"pic.twitter.com/uJM94sZ5jf","expanded_url":"https://twitter.com/yashi09/status/885434712100962305/video/1","type":"photo","sizes":{"small":{"w":340,"h":604,"resize":"fit"},"large":{"w":720,"h":1280,"resize":"fit"},"thumb":{"w":150,"h":150,"resize":"crop"},"medium":{"w":600,"h":1067,"resize":"fit"}}}]},"extended_entities":{"media":[{"id":885434448157659100,"id_str":"885434448157659137","indices":[37,60],"media_url":"http://pbs.twimg.com/ext_tw_video_thumb/885434448157659137/pu/img/7uc6LEqazWi1o64u.jpg","media_url_https":"https://pbs.twimg.com/ext_tw_video_thumb/885434448157659137/pu/img/7uc6LEqazWi1o64u.jpg","url":"https://t.co/uJM94sZ5jf","display_url":"pic.twitter.com/uJM94sZ5jf","expanded_url":"https://twitter.com/yashi09/status/885434712100962305/video/1","type":"video","sizes":{"small":{"w":340,"h":604,"resize":"fit"},"large":{"w":720,"h":1280,"resize":"fit"},"thumb":{"w":150,"h":150,"resize":"crop"},"medium":{"w":600,"h":1067,"resize":"fit"}},"video_info":{"aspect_ratio":[9,16],"duration_millis":32711,"variants":[{"bitrate":2176000,"content_type":"video/mp4","url":"https://video.twimg.com/ext_tw_video/885434448157659137/pu/vid/720x1280/MhIQE1kIyce7UdYj.mp4"},{"bitrate":320000,"content_type":"video/mp4","url":"https://video.twimg.com/ext_tw_video/885434448157659137/pu/vid/180x320/_sUg3HHvtdGm-dGB.mp4"},{"content_type":"application/x-mpegURL","url":"https://video.twimg.com/ext_tw_video/885434448157659137/pu/pl/JYO6Ep5XyHUv5VOh.m3u8"},{"bitrate":832000,"content_type":"video/mp4","url":"https://video.twimg.com/ext_tw_video/885434448157659137/pu/vid/360x640/UqFK6ShU6XFdwWVP.mp4"}]},"additional_media_info":{"monetizable":false}}]},"metadata":{"iso_language_code":"ja","result_type":"recent"},"source":"<a href=\"http://twitter.com/download/iphone\" rel=\"nofollow\">Twitter for iPhone</a>","in_reply_to_status_id":null,"in_reply_to_status_id_str":null,"in_reply_to_user_id":null,"in_reply_to_user_id_str":null,"in_reply_to_screen_name":null,"user":{"id":83495654,"id_str":"83495654","name":"やしろあずき@1日目M-03a","screen_name":"yashi09","location":"横浜みなとみらい⇔八王子みなみ野","description":"元ゲームプランナーな漫画家、webライター(Lv.1)。単行本～→https://t.co/S8PUNJLr4R　連載→GANMA!、ねとらぼ、マイナビ4コマ、ブレイジングオデッセイ4コマ　LINEスタンプ販売中→https://t.co/Hj0H3vJTdm  お仕事は→yashiroya099@gmail.com","url":"https://t.co/Hc44fgk7Ta","entities":{"url":{"urls":[{"url":"https://t.co/Hc44fgk7Ta","expanded_url":"http://ameblo.jp/yashiro-azuki/","display_url":"ameblo.jp/yashiro-azuki/","indices":[0,23]}]},"description":{"urls":[{"url":"https://t.co/S8PUNJLr4R","expanded_url":"http://urx.mobi/xyDy","display_url":"urx.mobi/xyDy","indices":[33,56]},{"url":"https://t.co/Hj0H3vJTdm","expanded_url":"https://store.line.me/stickershop/product/1147158/ja","display_url":"store.line.me/stickershop/pr…","indices":[107,130]}]}},"protected":false,"followers_count":101131,"friends_count":928,"listed_count":1665,"created_at":"Mon Oct 19 01:42:02 +0000 2009","favourites_count":5674,"utc_offset":32400,"time_zone":"Tokyo","geo_enabled":true,"verified":false,"statuses_count":133664,"lang":"ja","contributors_enabled":false,"is_translator":false,"is_translation_enabled":false,"profile_background_color":"131516","profile_background_image_url":"http://pbs.twimg.com/profile_background_images/475341892964458497/ISPj0dQV.png","profile_background_image_url_https":"https://pbs.twimg.com/profile_background_images/475341892964458497/ISPj0dQV.png","profile_background_tile":false,"profile_image_url":"http://pbs.twimg.com/profile_images/876093907934642176/UFWxalYx_normal.jpg","profile_image_url_https":"https://pbs.twimg.com/profile_images/876093907934642176/UFWxalYx_normal.jpg","profile_banner_url":"https://pbs.twimg.com/profile_banners/83495654/1497696923","profile_link_color":"566161","profile_sidebar_border_color":"FFFFFF","profile_sidebar_fill_color":"EFEFEF","profile_text_color":"333333","profile_use_background_image":true,"has_extended_profile":true,"default_profile":false,"default_profile_image":false,"following":false,"follow_request_sent":false,"notifications":false,"translator_type":"none"},"geo":null,"coordinates":null,"place":null,"contributors":null,"is_quote_status":false,"retweet_count":4642,"favorite_count":6223,"favorited":false,"retweeted":false,"possibly_sensitive":false,"lang":"ja"},{"created_at":"Thu Jul 13 09:35:15 +0000 2017","id":885432426163392500,"id_str":"885432426163392512","text":"#BTS「BTS MEMORIES OF 2016」 DVD発売及び予約受付開始に関するご案内！詳細はコチラ⇒ https://t.co/2LkjoidlLZ","truncated":false,"entities":{"hashtags":[{"text":"BTS","indices":[0,4]}],"symbols":[],"user_mentions":[],"urls":[{"url":"https://t.co/2LkjoidlLZ","expanded_url":"http://tower.jp/article/news/2017/07/13/n501","display_url":"tower.jp/article/news/2…","indices":[56,79]}]},"metadata":{"iso_language_code":"ja","result_type":"recent"},"source":"<a href=\"http://twitter.com\" rel=\"nofollow\">Twitter Web Client</a>","in_reply_to_status_id":null,"in_reply_to_status_id_str":null,"in_reply_to_user_id":null,"in_reply_to_user_id_str":null,"in_reply_to_screen_name":null,"user":{"id":1878450026,"id_str":"1878450026","name":"BTS JAPAN OFFICIAL","screen_name":"BTS_jp_official","location":"","description":"#防弾少年団（BTS）日本7thシングル「血、汗、涙」2017年5月10日に発売！#BTS #血汗涙","url":"https://t.co/nu6ib4oIL8","entities":{"url":{"urls":[{"url":"https://t.co/nu6ib4oIL8","expanded_url":"http://bts-official.jp","display_url":"bts-official.jp","indices":[0,23]}]},"description":{"urls":[]}},"protected":false,"followers_count":1583080,"friends_count":3,"listed_count":4356,"created_at":"Wed Sep 18 07:18:57 +0000 2013","favourites_count":0,"utc_offset":28800,"time_zone":"Irkutsk","geo_enabled":false,"verified":false,"statuses_count":1462,"lang":"ja","contributors_enabled":false,"is_translator":false,"is_translation_enabled":false,"profile_background_color":"89C9FA","profile_background_image_url":"http://abs.twimg.com/images/themes/theme1/bg.png","profile_background_image_url_https":"https://abs.twimg.com/images/themes/theme1/bg.png","profile_background_tile":false,"profile_image_url":"http://pbs.twimg.com/profile_images/882433903796961281/BxedJCQr_normal.jpg","profile_image_url_https":"https://pbs.twimg.com/profile_images/882433903796961281/BxedJCQr_normal.jpg","profile_banner_url":"https://pbs.twimg.com/profile_banners/1878450026/1499223604","profile_link_color":"3B94D9","profile_sidebar_border_color":"000000","profile_sidebar_fill_color":"000000","profile_text_color":"000000","profile_use_background_image":true,"has_extended_profile":false,"default_profile":false,"default_profile_image":false,"following":false,"follow_request_sent":false,"notifications":false,"translator_type":"none"},"geo":null,"coordinates":null,"place":null,"contributors":null,"is_quote_status":false,"retweet_count":9586,"favorite_count":25095,"favorited":false,"retweeted":false,"possibly_sensitive":false,"lang":"ja"},{"created_at":"Thu Jul 13 09:16:02 +0000 2017","id":885427589174579200,"id_str":"885427589174579200","text":"ドームツアー日程解禁🙌🏻🔥✨\n\n#三代目JSoulBrothers \n#unknownmetropoliz","truncated":false,"entities":{"hashtags":[{"text":"三代目JSoulBrothers","indices":[16,33]},{"text":"unknownmetropoliz","indices":[35,53]}],"symbols":[],"user_mentions":[],"urls":[]},"metadata":{"iso_language_code":"ja","result_type":"recent"},"source":"<a href=\"http://twitter.com/download/iphone\" rel=\"nofollow\">Twitter for iPhone</a>","in_reply_to_status_id":null,"in_reply_to_status_id_str":null,"in_reply_to_user_id":null,"in_reply_to_user_id_str":null,"in_reply_to_screen_name":null,"user":{"id":3836540300,"id_str":"3836540300","name":"Takanori Iwata","screen_name":"T_IWATA_EX_3JSB","location":"Tokyo, JAPAN","description":"岩田剛典 (Dancer/Actor/a member of ‘EXILE’ and ‘The 3rd J Soul Brothers’ in Japan.)","url":"https://t.co/tIwDJnf60E","entities":{"url":{"urls":[{"url":"https://t.co/tIwDJnf60E","expanded_url":"https://m.youtube.com/watch?v=vS7-JPj8V-Q","display_url":"m.youtube.com/watch?v=vS7-JP…","indices":[0,23]}]},"description":{"urls":[]}},"protected":false,"followers_count":1588966,"friends_count":138,"listed_count":2573,"created_at":"Fri Oct 09 12:58:54 +0000 2015","favourites_count":152,"utc_offset":-25200,"time_zone":"Pacific Time (US & Canada)","geo_enabled":true,"verified":true,"statuses_count":887,"lang":"ja","contributors_enabled":false,"is_translator":false,"is_translation_enabled":false,"profile_background_color":"C0DEED","profile_background_image_url":"http://abs.twimg.com/images/themes/theme1/bg.png","profile_background_image_url_https":"https://abs.twimg.com/images/themes/theme1/bg.png","profile_background_tile":false,"profile_image_url":"http://pbs.twimg.com/profile_images/847859713119105024/5o620jiE_normal.jpg","profile_image_url_https":"https://pbs.twimg.com/profile_images/847859713119105024/5o620jiE_normal.jpg","profile_banner_url":"https://pbs.twimg.com/profile_banners/3836540300/1489420755","profile_link_color":"1DA1F2","profile_sidebar_border_color":"C0DEED","profile_sidebar_fill_color":"DDEEF6","profile_text_color":"333333","profile_use_background_image":true,"has_extended_profile":false,"default_profile":true,"default_profile_image":false,"following":false,"follow_request_sent":false,"notifications":false,"translator_type":"none"},"geo":null,"coordinates":null,"place":null,"contributors":null,"is_quote_status":false,"retweet_count":10220,"favorite_count":40172,"favorited":false,"retweeted":false,"lang":"ja"},{"created_at":"Thu Jul 13 09:10:56 +0000 2017","id":885426305449185300,"id_str":"885426305449185280","text":"アストルフォ https://t.co/qL6qkKph3H","truncated":false,"entities":{"hashtags":[],"symbols":[],"user_mentions":[],"urls":[],"media":[{"id":885422942133276700,"id_str":"885422942133276672","indices":[7,30],"media_url":"http://pbs.twimg.com/media/DEmneYXV0AALDEm.jpg","media_url_https":"https://pbs.twimg.com/media/DEmneYXV0AALDEm.jpg","url":"https://t.co/qL6qkKph3H","display_url":"pic.twitter.com/qL6qkKph3H","expanded_url":"https://twitter.com/77gl/status/885426305449185280/photo/1","type":"photo","sizes":{"small":{"w":567,"h":680,"resize":"fit"},"thumb":{"w":150,"h":150,"resize":"crop"},"large":{"w":750,"h":900,"resize":"fit"},"medium":{"w":750,"h":900,"resize":"fit"}}}]},"extended_entities":{"media":[{"id":885422942133276700,"id_str":"885422942133276672","indices":[7,30],"media_url":"http://pbs.twimg.com/media/DEmneYXV0AALDEm.jpg","media_url_https":"https://pbs.twimg.com/media/DEmneYXV0AALDEm.jpg","url":"https://t.co/qL6qkKph3H","display_url":"pic.twitter.com/qL6qkKph3H","expanded_url":"https://twitter.com/77gl/status/885426305449185280/photo/1","type":"photo","sizes":{"small":{"w":567,"h":680,"resize":"fit"},"thumb":{"w":150,"h":150,"resize":"crop"},"large":{"w":750,"h":900,"resize":"fit"},"medium":{"w":750,"h":900,"resize":"fit"}}}]},"metadata":{"iso_language_code":"ja","result_type":"recent"},"source":"<a href=\"http://twitter.com\" rel=\"nofollow\">Twitter Web Client</a>","in_reply_to_status_id":null,"in_reply_to_status_id_str":null,"in_reply_to_user_id":null,"in_reply_to_user_id_str":null,"in_reply_to_screen_name":null,"user":{"id":129783303,"id_str":"129783303","name":"77gl 三日目東レ47a","screen_name":"77gl","location":"","description":"自称カエルマン","url":"https://t.co/ASmDfBD0NW","entities":{"url":{"urls":[{"url":"https://t.co/ASmDfBD0NW","expanded_url":"http://www.pixiv.net/member.php?id=480448","display_url":"pixiv.net/member.php?id=…","indices":[0,23]}]},"description":{"urls":[]}},"protected":false,"followers_count":51162,"friends_count":467,"listed_count":1294,"created_at":"Mon Apr 05 11:31:29 +0000 2010","favourites_count":2853,"utc_offset":32400,"time_zone":"Tokyo","geo_enabled":true,"verified":false,"statuses_count":8813,"lang":"ja","contributors_enabled":false,"is_translator":false,"is_translation_enabled":false,"profile_background_color":"C0DEED","profile_background_image_url":"http://abs.twimg.com/images/themes/theme4/bg.gif","profile_background_image_url_https":"https://abs.twimg.com/images/themes/theme4/bg.gif","profile_background_tile":false,"profile_image_url":"http://pbs.twimg.com/profile_images/873712225533415425/orKFzirm_normal.jpg","profile_image_url_https":"https://pbs.twimg.com/profile_images/873712225533415425/orKFzirm_normal.jpg","profile_banner_url":"https://pbs.twimg.com/profile_banners/129783303/1496907755","profile_link_color":"F58EA8","profile_sidebar_border_color":"C0DEED","profile_sidebar_fill_color":"DDEEF6","profile_text_color":"333333","profile_use_background_image":false,"has_extended_profile":true,"default_profile":false,"default_profile_image":false,"following":false,"follow_request_sent":false,"notifications":false,"translator_type":"none"},"geo":null,"coordinates":null,"place":null,"contributors":null,"is_quote_status":false,"retweet_count":5282,"favorite_count":12691,"favorited":false,"retweeted":false,"possibly_sensitive":false,"lang":"ja"},{"created_at":"Thu Jul 13 09:05:05 +0000 2017","id":885424834276057100,"id_str":"885424834276057089","text":"歌わせないタヌキ https://t.co/NjfK46Pbu8","truncated":false,"entities":{"hashtags":[],"symbols":[],"user_mentions":[],"urls":[],"media":[{"id":885424704147791900,"id_str":"885424704147791872","indices":[9,32],"media_url":"http://pbs.twimg.com/media/DEmpE8YVoAA9G6b.png","media_url_https":"https://pbs.twimg.com/media/DEmpE8YVoAA9G6b.png","url":"https://t.co/NjfK46Pbu8","display_url":"pic.twitter.com/NjfK46Pbu8","expanded_url":"https://twitter.com/atamotonu/status/885424834276057089/photo/1","type":"photo","sizes":{"small":{"w":361,"h":500,"resize":"fit"},"large":{"w":361,"h":500,"resize":"fit"},"thumb":{"w":150,"h":150,"resize":"crop"},"medium":{"w":361,"h":500,"resize":"fit"}}}]},"extended_entities":{"media":[{"id":885424704147791900,"id_str":"885424704147791872","indices":[9,32],"media_url":"http://pbs.twimg.com/media/DEmpE8YVoAA9G6b.png","media_url_https":"https://pbs.twimg.com/media/DEmpE8YVoAA9G6b.png","url":"https://t.co/NjfK46Pbu8","display_url":"pic.twitter.com/NjfK46Pbu8","expanded_url":"https://twitter.com/atamotonu/status/885424834276057089/photo/1","type":"photo","sizes":{"small":{"w":361,"h":500,"resize":"fit"},"large":{"w":361,"h":500,"resize":"fit"},"thumb":{"w":150,"h":150,"resize":"crop"},"medium":{"w":361,"h":500,"resize":"fit"}}}]},"metadata":{"iso_language_code":"ja","result_type":"recent"},"source":"<a href=\"http://twitter.com\" rel=\"nofollow\">Twitter Web Client</a>","in_reply_to_status_id":null,"in_reply_to_status_id_str":null,"in_reply_to_user_id":null,"in_reply_to_user_id_str":null,"in_reply_to_screen_name":null,"user":{"id":723128021540954100,"id_str":"723128021540954113","name":"アタモト","screen_name":"atamotonu","location":"","description":"仕事関係の告知と楽描き用アカウント。 「タヌキとキツネ」「たるしば」など色々描いてます。リプ返し出来なくてごめんなさい、いつもありがとうございます。タヌキとキツネLINEスタンプ→https://t.co/Xpx4P8NBPs ※当アカウントのイラストの加工や転載はご遠慮ください","url":"https://t.co/3h6zd8eIug","entities":{"url":{"urls":[{"url":"https://t.co/3h6zd8eIug","expanded_url":"http://inch.sakura.ne.jp/","display_url":"inch.sakura.ne.jp","indices":[0,23]}]},"description":{"urls":[{"url":"https://t.co/Xpx4P8NBPs","expanded_url":"http://line.me/S/shop/sticker/author/101150","display_url":"line.me/S/shop/sticker…","indices":[90,113]}]}},"protected":false,"followers_count":471206,"friends_count":21,"listed_count":3607,"created_at":"Thu Apr 21 12:35:30 +0000 2016","favourites_count":157,"utc_offset":32400,"time_zone":"Tokyo","geo_enabled":false,"verified":false,"statuses_count":822,"lang":"ja","contributors_enabled":false,"is_translator":false,"is_translation_enabled":false,"profile_background_color":"000000","profile_background_image_url":"http://abs.twimg.com/images/themes/theme1/bg.png","profile_background_image_url_https":"https://abs.twimg.com/images/themes/theme1/bg.png","profile_background_tile":false,"profile_image_url":"http://pbs.twimg.com/profile_images/812948188793434112/Mu7Li4la_normal.jpg","profile_image_url_https":"https://pbs.twimg.com/profile_images/812948188793434112/Mu7Li4la_normal.jpg","profile_link_color":"D98719","profile_sidebar_border_color":"000000","profile_sidebar_fill_color":"000000","profile_text_color":"000000","profile_use_background_image":false,"has_extended_profile":false,"default_profile":false,"default_profile_image":false,"following":false,"follow_request_sent":false,"notifications":false,"translator_type":"none"},"geo":null,"coordinates":null,"place":null,"contributors":null,"is_quote_status":false,"retweet_count":7350,"favorite_count":17989,"favorited":false,"retweeted":false,"possibly_sensitive":false,"lang":"ja"},{"created_at":"Thu Jul 13 09:03:05 +0000 2017","id":885424329172803600,"id_str":"885424329172803585","text":"LIVEツアー2017\n“UNKNOWN METROPOLIZ”開催決定\nMETROPOLIZの物語は\n未知なる世界…“UNKNOWN METROPOLIZ”へと続いていく。\nこの秋、誰も見たことのない世界を体験する時がやってくる… https://t.co/Wwf34Fl69E","truncated":true,"entities":{"hashtags":[],"symbols":[],"user_mentions":[],"urls":[{"url":"https://t.co/Wwf34Fl69E","expanded_url":"https://twitter.com/i/web/status/885424329172803585","display_url":"twitter.com/i/web/status/8…","indices":[117,140]}]},"metadata":{"iso_language_code":"ja","result_type":"recent"},"source":"<a href=\"http://twitter.com\" rel=\"nofollow\">Twitter Web Client</a>","in_reply_to_status_id":null,"in_reply_to_status_id_str":null,"in_reply_to_user_id":null,"in_reply_to_user_id_str":null,"in_reply_to_screen_name":null,"user":{"id":2238689274,"id_str":"2238689274","name":"三代目 J Soul Brothers","screen_name":"jsb3_official","location":"","description":"三代目 J Soul BrothersオフィシャルTwitter！！EXILE TRIBE mobile：http://t.co/sglJAaiaJU　オフィシャルFacebook：http://t.co/KKUTcRhSyz","url":"http://t.co/YJj9rdH4tn","entities":{"url":{"urls":[{"url":"http://t.co/YJj9rdH4tn","expanded_url":"http://jsoulb.jp/","display_url":"jsoulb.jp","indices":[0,22]}]},"description":{"urls":[{"url":"http://t.co/sglJAaiaJU","expanded_url":"http://tribe-m.jp/axfb","display_url":"tribe-m.jp/axfb","indices":[53,75]},{"url":"http://t.co/KKUTcRhSyz","expanded_url":"http://www.facebook.com/jsoulb3","display_url":"facebook.com/jsoulb3","indices":[91,113]}]}},"protected":false,"followers_count":2616067,"friends_count":30,"listed_count":3349,"created_at":"Tue Dec 10 06:22:46 +0000 2013","favourites_count":3,"utc_offset":null,"time_zone":null,"geo_enabled":true,"verified":true,"statuses_count":1252,"lang":"ja","contributors_enabled":false,"is_translator":false,"is_translation_enabled":false,"profile_background_color":"000203","profile_background_image_url":"http://pbs.twimg.com/profile_background_images/378800000145510518/4Up0V7yZ.jpeg","profile_background_image_url_https":"https://pbs.twimg.com/profile_background_images/378800000145510518/4Up0V7yZ.jpeg","profile_background_tile":false,"profile_image_url":"http://pbs.twimg.com/profile_images/378800000862240695/CYTo2OHY_normal.jpeg","profile_image_url_https":"https://pbs.twimg.com/profile_images/378800000862240695/CYTo2OHY_normal.jpeg","profile_banner_url":"https://pbs.twimg.com/profile_banners/2238689274/1489397244","profile_link_color":"000203","profile_sidebar_border_color":"FFFFFF","profile_sidebar_fill_color":"DDEEF6","profile_text_color":"333333","profile_use_background_image":true,"has_extended_profile":false,"default_profile":false,"default_profile_image":false,"following":false,"follow_request_sent":false,"notifications":false,"translator_type":"none"},"geo":null,"coordinates":null,"place":null,"contributors":null,"is_quote_status":false,"retweet_count":20211,"favorite_count":46689,"favorited":false,"retweeted":false,"possibly_sensitive":false,"lang":"ja"},{"created_at":"Thu Jul 13 09:00:54 +0000 2017","id":885423779895058400,"id_str":"885423779895058432","text":"夏コミセット(刀剣乱舞 2周年記念祝画・クリアファイル)の予約受付は明日7月14日(金)12：00までです！ご予約がまだという方はこちらhttps://t.co/3UJ5YgrVKo △△※会場購入特典「描き下ろしポストカード6枚… https://t.co/PgVXgHw56Q","truncated":true,"entities":{"hashtags":[],"symbols":[],"user_mentions":[],"urls":[{"url":"https://t.co/3UJ5YgrVKo","expanded_url":"http://nitroplus.ecq.sc/np01642.html","display_url":"nitroplus.ecq.sc/np01642.html","indices":[68,91]},{"url":"https://t.co/PgVXgHw56Q","expanded_url":"https://twitter.com/i/web/status/885423779895058432","display_url":"twitter.com/i/web/status/8…","indices":[117,140]}]},"metadata":{"iso_language_code":"ja","result_type":"recent"},"source":"<a href=\"http://twitter.com\" rel=\"nofollow\">Twitter Web Client</a>","in_reply_to_status_id":null,"in_reply_to_status_id_str":null,"in_reply_to_user_id":null,"in_reply_to_user_id_str":null,"in_reply_to_screen_name":null,"user":{"id":2785593660,"id_str":"2785593660","name":"刀剣乱舞-本丸通信-【公式】","screen_name":"tkrb_ht","location":"本丸","description":"「刀剣乱舞」の原作情報を発信する公式アカウントです。 グッズやメディアミックスなどの最新情報を「審神者」の皆さんへ向けて発信します。 ゲームについては @TOUKEN_STAFF をご覧ください。 ※個別のお問い合わせについては返答いたしかねますのであらかじめご了承ください。ハッシュタグ→ #刀剣乱舞 #とうらぶ","url":"https://t.co/mN2Gv79HEf","entities":{"url":{"urls":[{"url":"https://t.co/mN2Gv79HEf","expanded_url":"http://www.dmm.com/netgame/feature/tohken.html","display_url":"dmm.com/netgame/featur…","indices":[0,23]}]},"description":{"urls":[]}},"protected":false,"followers_count":593914,"friends_count":8,"listed_count":10844,"created_at":"Tue Sep 02 09:47:45 +0000 2014","favourites_count":0,"utc_offset":32400,"time_zone":"Tokyo","geo_enabled":false,"verified":false,"statuses_count":3410,"lang":"ja","contributors_enabled":false,"is_translator":false,"is_translation_enabled":false,"profile_background_color":"DD2E44","profile_background_image_url":"http://abs.twimg.com/images/themes/theme1/bg.png","profile_background_image_url_https":"https://abs.twimg.com/images/themes/theme1/bg.png","profile_background_tile":false,"profile_image_url":"http://pbs.twimg.com/profile_images/880804323352952832/-fY3HUwJ_normal.jpg","profile_image_url_https":"https://pbs.twimg.com/profile_images/880804323352952832/-fY3HUwJ_normal.jpg","profile_banner_url":"https://pbs.twimg.com/profile_banners/2785593660/1498844736","profile_link_color":"FFCC4D","profile_sidebar_border_color":"000000","profile_sidebar_fill_color":"000000","profile_text_color":"000000","profile_use_background_image":false,"has_extended_profile":false,"default_profile":false,"default_profile_image":false,"following":false,"follow_request_sent":false,"notifications":false,"translator_type":"none"},"geo":null,"coordinates":null,"place":null,"contributors":null,"is_quote_status":false,"retweet_count":5884,"favorite_count":6471,"favorited":false,"retweeted":false,"possibly_sensitive":false,"lang":"ja"},{"created_at":"Thu Jul 13 08:55:00 +0000 2017","id":885422296428458000,"id_str":"885422296428457984","text":"ここで円卓ピックアップとか\n運営ユーザーを殺す気だな！\n\n水着ガチャ①\n↓\n円卓ピックアップ\n↓\n水着ガチャ②\n福袋\n↓\n2周年記念 限定日替わり\n↓\n新水着①\n↓\n新水着②\n\n給料もボーナスもケツの毛もむしり取る気か！\n\nとりあ… https://t.co/YkzO0ruRnH","truncated":true,"entities":{"hashtags":[],"symbols":[],"user_mentions":[],"urls":[{"url":"https://t.co/YkzO0ruRnH","expanded_url":"https://twitter.com/i/web/status/885422296428457984","display_url":"twitter.com/i/web/status/8…","indices":[117,140]}]},"metadata":{"iso_language_code":"ja","result_type":"recent"},"source":"<a href=\"http://twitter.com/download/iphone\" rel=\"nofollow\">Twitter for iPhone</a>","in_reply_to_status_id":null,"in_reply_to_status_id_str":null,"in_reply_to_user_id":null,"in_reply_to_user_id_str":null,"in_reply_to_screen_name":null,"user":{"id":2315456696,"id_str":"2315456696","name":"台パン・シロ@FGO","screen_name":"siro_mtg","location":"カルデア ニコ生局","description":"FGOの周回放送を毎日してます、初心者に優しい配信を目指してます。台湾USA勢歓迎！ ※当攻略画像などをサイト、SNSへ転載する場合は引用を含む形で！依頼や案件はDMから。https://t.co/dscTrIPuCk 下記URLsponsord","url":"https://t.co/MTES0g6b73","entities":{"url":{"urls":[{"url":"https://t.co/MTES0g6b73","expanded_url":"http://s.smartgame.jp/2tr5jMX","display_url":"s.smartgame.jp/2tr5jMX","indices":[0,23]}]},"description":{"urls":[{"url":"https://t.co/dscTrIPuCk","expanded_url":"http://com.nicovideo.jp/community/co1979346","display_url":"com.nicovideo.jp/community/co19…","indices":[86,109]}]}},"protected":false,"followers_count":34098,"friends_count":8290,"listed_count":371,"created_at":"Tue Jan 28 12:53:57 +0000 2014","favourites_count":22487,"utc_offset":null,"time_zone":null,"geo_enabled":false,"verified":false,"statuses_count":44478,"lang":"ja","contributors_enabled":false,"is_translator":false,"is_translation_enabled":false,"profile_background_color":"C0DEED","profile_background_image_url":"http://pbs.twimg.com/profile_background_images/440615548225740800/quGNolbU.jpeg","profile_background_image_url_https":"https://pbs.twimg.com/profile_background_images/440615548225740800/quGNolbU.jpeg","profile_background_tile":true,"profile_image_url":"http://pbs.twimg.com/profile_images/876444956239339520/8aVQQcbJ_normal.jpg","profile_image_url_https":"https://pbs.twimg.com/profile_images/876444956239339520/8aVQQcbJ_normal.jpg","profile_banner_url":"https://pbs.twimg.com/profile_banners/2315456696/1498796184","profile_link_color":"7FDBB6","profile_sidebar_border_color":"FFFFFF","profile_sidebar_fill_color":"DDEEF6","profile_text_color":"333333","profile_use_background_image":true,"has_extended_profile":true,"default_profile":false,"default_profile_image":false,"following":false,"follow_request_sent":false,"notifications":false,"translator_type":"none"},"geo":null,"coordinates":null,"place":null,"contributors":null,"is_quote_status":false,"retweet_count":5487,"favorite_count":2561,"favorited":false,"retweeted":false,"possibly_sensitive":false,"lang":"ja"},{"created_at":"Thu Jul 13 08:40:46 +0000 2017","id":885418715839217700,"id_str":"885418715839217665","text":"【カルデア広報局より】\n2017年7月14日(金)AM4:00より「FGO THE STAGE公演記念キャンペーン」開催！期間中、毎日ログインで聖晶石と大騎士勲章をプレゼントなど！詳しくは→… https://t.co/fj9uzVb12U","truncated":true,"entities":{"hashtags":[],"symbols":[],"user_mentions":[],"urls":[{"url":"https://t.co/fj9uzVb12U","expanded_url":"https://twitter.com/i/web/status/885418715839217665","display_url":"twitter.com/i/web/status/8…","indices":[97,120]}]},"metadata":{"iso_language_code":"ja","result_type":"recent"},"source":"<a href=\"http://twitter.com\" rel=\"nofollow\">Twitter Web Client</a>","in_reply_to_status_id":null,"in_reply_to_status_id_str":null,"in_reply_to_user_id":null,"in_reply_to_user_id_str":null,"in_reply_to_screen_name":null,"user":{"id":2968069742,"id_str":"2968069742","name":"【公式】Fate/Grand Order","screen_name":"fgoproject","location":"","description":"TYPE-MOONが贈る、新たな「Fate」RPG「Fate/Grand Order」公式アカウント。カルデア広報局より、皆様に最新情報をお届けします！公式ハッシュタグ → #FateGO","url":"http://t.co/NtAp9EJPBj","entities":{"url":{"urls":[{"url":"http://t.co/NtAp9EJPBj","expanded_url":"http://www.fate-go.jp/","display_url":"fate-go.jp","indices":[0,22]}]},"description":{"urls":[]}},"protected":false,"followers_count":717836,"friends_count":0,"listed_count":8803,"created_at":"Fri Jan 09 04:12:09 +0000 2015","favourites_count":0,"utc_offset":32400,"time_zone":"Seoul","geo_enabled":false,"verified":true,"statuses_count":1939,"lang":"ja","contributors_enabled":false,"is_translator":false,"is_translation_enabled":false,"profile_background_color":"C0DEED","profile_background_image_url":"http://abs.twimg.com/images/themes/theme1/bg.png","profile_background_image_url_https":"https://abs.twimg.com/images/themes/theme1/bg.png","profile_background_tile":false,"profile_image_url":"http://pbs.twimg.com/profile_images/848188127462031361/LR9bGs9q_normal.jpg","profile_image_url_https":"https://pbs.twimg.com/profile_images/848188127462031361/LR9bGs9q_normal.jpg","profile_banner_url":"https://pbs.twimg.com/profile_banners/2968069742/1491058804","profile_link_color":"3B94D9","profile_sidebar_border_color":"C0DEED","profile_sidebar_fill_color":"DDEEF6","profile_text_color":"333333","profile_use_background_image":true,"has_extended_profile":false,"default_profile":false,"default_profile_image":false,"following":false,"follow_request_sent":false,"notifications":false,"translator_type":"none"},"geo":null,"coordinates":null,"place":null,"contributors":null,"is_quote_status":false,"retweet_count":18986,"favorite_count":8039,"favorited":false,"retweeted":false,"possibly_sensitive":false,"lang":"ja"},{"created_at":"Thu Jul 13 08:03:25 +0000 2017","id":885409315426717700,"id_str":"885409315426717700","text":"【バンやろ運営チームより】\n【予告】7月14日(金) 17:00より、Fairy Aprilメインイベントを開催！\nFairy Aprilメンバーと絆を深め、豪華報酬をGETしましょう！→… https://t.co/s35bFU7YGf","truncated":true,"entities":{"hashtags":[],"symbols":[],"user_mentions":[],"urls":[{"url":"https://t.co/s35bFU7YGf","expanded_url":"https://twitter.com/i/web/status/885409315426717700","display_url":"twitter.com/i/web/status/8…","indices":[96,119]}]},"metadata":{"iso_language_code":"ja","result_type":"recent"},"source":"<a href=\"http://twitter.com\" rel=\"nofollow\">Twitter Web Client</a>","in_reply_to_status_id":null,"in_reply_to_status_id_str":null,"in_reply_to_user_id":null,"in_reply_to_user_id_str":null,"in_reply_to_screen_name":null,"user":{"id":3282039870,"id_str":"3282039870","name":"【公式】バンドやろうぜ！","screen_name":"banyaro_net","location":"","description":"「バンドやろうぜ！」公式アカウント。 Aniplex×Sony Musicが贈る「青春」×「バンド」リズムゲーム！ iOS版&Android版、好評配信中！キャラクター原案：曽我部修司/さらちよみ/いとうのいぢ/ゆーげん ※個別返信は行っておりませんご了承下さい。 公式ハッシュタグ #banyaro #バンやろ","url":"https://t.co/hBkzj3MDkn","entities":{"url":{"urls":[{"url":"https://t.co/hBkzj3MDkn","expanded_url":"http://www.banyaro.net/","display_url":"banyaro.net","indices":[0,23]}]},"description":{"urls":[]}},"protected":false,"followers_count":79175,"friends_count":34,"listed_count":1296,"created_at":"Fri Jul 17 05:05:27 +0000 2015","favourites_count":756,"utc_offset":null,"time_zone":null,"geo_enabled":false,"verified":true,"statuses_count":2132,"lang":"ja","contributors_enabled":false,"is_translator":false,"is_translation_enabled":false,"profile_background_color":"000000","profile_background_image_url":"http://pbs.twimg.com/profile_background_images/630385687867424768/txIN3g6P.jpg","profile_background_image_url_https":"https://pbs.twimg.com/profile_background_images/630385687867424768/txIN3g6P.jpg","profile_background_tile":true,"profile_image_url":"http://pbs.twimg.com/profile_images/849286630829572096/3HxawV96_normal.jpg","profile_image_url_https":"https://pbs.twimg.com/profile_images/849286630829572096/3HxawV96_normal.jpg","profile_banner_url":"https://pbs.twimg.com/profile_banners/3282039870/1491321028","profile_link_color":"ABB8C2","profile_sidebar_border_color":"000000","profile_sidebar_fill_color":"000000","profile_text_color":"000000","profile_use_background_image":true,"has_extended_profile":false,"default_profile":false,"default_profile_image":false,"following":false,"follow_request_sent":false,"notifications":false,"translator_type":"none"},"geo":null,"coordinates":null,"place":null,"contributors":null,"is_quote_status":false,"retweet_count":5393,"favorite_count":3951,"favorited":false,"retweeted":false,"possibly_sensitive":false,"lang":"ja"},{"created_at":"Thu Jul 13 07:11:12 +0000 2017","id":885396173997068300,"id_str":"885396173997068288","text":"★A3! 限定スカウト配信開始★\nメンテナンスが終了し、限定スカウト『あやかしMidnight』の配信を開始しました。配信は【7/17 23:59】まで。 #エースリー https://t.co/vIYQD6COpB","truncated":false,"entities":{"hashtags":[{"text":"エースリー","indices":[78,84]}],"symbols":[],"user_mentions":[],"urls":[],"media":[{"id":885396170566062100,"id_str":"885396170566062080","indices":[85,108],"media_url":"http://pbs.twimg.com/media/DEmPIEgU0AA1WPY.jpg","media_url_https":"https://pbs.twimg.com/media/DEmPIEgU0AA1WPY.jpg","url":"https://t.co/vIYQD6COpB","display_url":"pic.twitter.com/vIYQD6COpB","expanded_url":"https://twitter.com/mankai_company/status/885396173997068288/photo/1","type":"photo","sizes":{"small":{"w":614,"h":345,"resize":"fit"},"thumb":{"w":150,"h":150,"resize":"crop"},"medium":{"w":614,"h":345,"resize":"fit"},"large":{"w":614,"h":345,"resize":"fit"}}}]},"extended_entities":{"media":[{"id":885396170566062100,"id_str":"885396170566062080","indices":[85,108],"media_url":"http://pbs.twimg.com/media/DEmPIEgU0AA1WPY.jpg","media_url_https":"https://pbs.twimg.com/media/DEmPIEgU0AA1WPY.jpg","url":"https://t.co/vIYQD6COpB","display_url":"pic.twitter.com/vIYQD6COpB","expanded_url":"https://twitter.com/mankai_company/status/885396173997068288/photo/1","type":"photo","sizes":{"small":{"w":614,"h":345,"resize":"fit"},"thumb":{"w":150,"h":150,"resize":"crop"},"medium":{"w":614,"h":345,"resize":"fit"},"large":{"w":614,"h":345,"resize":"fit"}}}]},"metadata":{"iso_language_code":"ja","result_type":"recent"},"source":"<a href=\"http://twitter.com/download/android\" rel=\"nofollow\">Twitter for Android</a>","in_reply_to_status_id":null,"in_reply_to_status_id_str":null,"in_reply_to_user_id":null,"in_reply_to_user_id_str":null,"in_reply_to_screen_name":null,"user":{"id":768448988626333700,"id_str":"768448988626333697","name":"【公式】A3!（エースリー）","screen_name":"mankai_company","location":"","description":"１月２７日（金）配信スタート！イケメン役者育成アプリ『A3!』公式Twitterアカウントです。 ハッシュタグは #エースリー アプリに関するお問合せは、アプリ内「サポート」または公式HP内のお問合せフォームよりお願いいたします。","url":"https://t.co/BVvtqOsoYc","entities":{"url":{"urls":[{"url":"https://t.co/BVvtqOsoYc","expanded_url":"http://www.a3-liber.jp/","display_url":"a3-liber.jp","indices":[0,23]}]},"description":{"urls":[]}},"protected":false,"followers_count":300346,"friends_count":54,"listed_count":2651,"created_at":"Wed Aug 24 14:04:50 +0000 2016","favourites_count":0,"utc_offset":-25200,"time_zone":"Pacific Time (US & Canada)","geo_enabled":false,"verified":true,"statuses_count":802,"lang":"ja","contributors_enabled":false,"is_translator":false,"is_translation_enabled":false,"profile_background_color":"000000","profile_background_image_url":"http://abs.twimg.com/images/themes/theme1/bg.png","profile_background_image_url_https":"https://abs.twimg.com/images/themes/theme1/bg.png","profile_background_tile":false,"profile_image_url":"http://pbs.twimg.com/profile_images/848187532135153664/VeXZsEYh_normal.jpg","profile_image_url_https":"https://pbs.twimg.com/profile_images/848187532135153664/VeXZsEYh_normal.jpg","profile_banner_url":"https://pbs.twimg.com/profile_banners/768448988626333697/1476954146","profile_link_color":"1B95E0","profile_sidebar_border_color":"000000","profile_sidebar_fill_color":"000000","profile_text_color":"000000","profile_use_background_image":false,"has_extended_profile":false,"default_profile":false,"default_profile_image":false,"following":false,"follow_request_sent":false,"notifications":false,"translator_type":"none"},"geo":null,"coordinates":null,"place":null,"contributors":null,"is_quote_status":false,"retweet_count":8699,"favorite_count":15688,"favorited":false,"retweeted":false,"possibly_sensitive":false,"lang":"ja"},{"created_at":"Thu Jul 13 06:44:17 +0000 2017","id":885389400963653600,"id_str":"885389400963653633","text":"脳梗塞とか脳出血の話でゲーセン仲間が弐寺やってたら｢おかしい、この譜面でミスした事ないのに絶対おかしい｣って思ったらしく(多少医療知識もあったことから)次の日脳外科行ったら脳梗塞起こして即入院ってことがありまして。その話聞いてから音ゲーは歳取っても絶対やろう‥って思いましたとさ。","truncated":false,"entities":{"hashtags":[],"symbols":[],"user_mentions":[],"urls":[]},"metadata":{"iso_language_code":"ja","result_type":"recent"},"source":"<a href=\"http://twitter.com/download/iphone\" rel=\"nofollow\">Twitter for iPhone</a>","in_reply_to_status_id":null,"in_reply_to_status_id_str":null,"in_reply_to_user_id":null,"in_reply_to_user_id_str":null,"in_reply_to_screen_name":null,"user":{"id":155987108,"id_str":"155987108","name":"あの佐々岡@蜂の人","screen_name":"anosasaoka","location":"黒澤ルビィ推しです","description":"猫(多頭飼い)に家を破壊されながら介護福祉士やりながら漫画家やってる人。","url":"https://t.co/g1QVFXJwj7","entities":{"url":{"urls":[{"url":"https://t.co/g1QVFXJwj7","expanded_url":"http://s.ameblo.jp/sasaokameat/","display_url":"s.ameblo.jp/sasaokameat/","indices":[0,23]}]},"description":{"urls":[]}},"protected":false,"followers_count":4527,"friends_count":791,"listed_count":165,"created_at":"Tue Jun 15 18:15:44 +0000 2010","favourites_count":1163,"utc_offset":32400,"time_zone":"Tokyo","geo_enabled":true,"verified":false,"statuses_count":49660,"lang":"ja","contributors_enabled":false,"is_translator":false,"is_translation_enabled":false,"profile_background_color":"B2DFDA","profile_background_image_url":"http://abs.twimg.com/images/themes/theme13/bg.gif","profile_background_image_url_https":"https://abs.twimg.com/images/themes/theme13/bg.gif","profile_background_tile":false,"profile_image_url":"http://pbs.twimg.com/profile_images/844519917374234629/9jwHBNJT_normal.jpg","profile_image_url_https":"https://pbs.twimg.com/profile_images/844519917374234629/9jwHBNJT_normal.jpg","profile_banner_url":"https://pbs.twimg.com/profile_banners/155987108/1494271883","profile_link_color":"93A644","profile_sidebar_border_color":"EEEEEE","profile_sidebar_fill_color":"FFFFFF","profile_text_color":"333333","profile_use_background_image":true,"has_extended_profile":true,"default_profile":false,"default_profile_image":false,"following":false,"follow_request_sent":false,"notifications":false,"translator_type":"none"},"geo":null,"coordinates":null,"place":null,"contributors":null,"is_quote_status":false,"retweet_count":5249,"favorite_count":3280,"favorited":false,"retweeted":false,"lang":"ja"},{"created_at":"Thu Jul 13 06:22:55 +0000 2017","id":885384024478306300,"id_str":"885384024478306304","text":"皆さん‼️番組のポスターが出来上がりました😆20年前と今のヤマトたちは如何でしょうか⁉️街でポスターを見かけた際は教えて下さいね✨ #ぼくらの勇気 #未満都市😸 https://t.co/v0KK2O3W0V","truncated":false,"entities":{"hashtags":[{"text":"ぼくらの勇気","indices":[66,73]},{"text":"未満都市","indices":[74,79]}],"symbols":[],"user_mentions":[],"urls":[],"media":[{"id":885384011329163300,"id_str":"885384011329163264","indices":[81,104],"media_url":"http://pbs.twimg.com/media/DEmEET0V0AAz6Ep.jpg","media_url_https":"https://pbs.twimg.com/media/DEmEET0V0AAz6Ep.jpg","url":"https://t.co/v0KK2O3W0V","display_url":"pic.twitter.com/v0KK2O3W0V","expanded_url":"https://twitter.com/mimancity_ntv/status/885384024478306304/photo/1","type":"photo","sizes":{"small":{"w":680,"h":490,"resize":"fit"},"medium":{"w":1200,"h":865,"resize":"fit"},"thumb":{"w":150,"h":150,"resize":"crop"},"large":{"w":1500,"h":1081,"resize":"fit"}}}]},"extended_entities":{"media":[{"id":885384011329163300,"id_str":"885384011329163264","indices":[81,104],"media_url":"http://pbs.twimg.com/media/DEmEET0V0AAz6Ep.jpg","media_url_https":"https://pbs.twimg.com/media/DEmEET0V0AAz6Ep.jpg","url":"https://t.co/v0KK2O3W0V","display_url":"pic.twitter.com/v0KK2O3W0V","expanded_url":"https://twitter.com/mimancity_ntv/status/885384024478306304/photo/1","type":"photo","sizes":{"small":{"w":680,"h":490,"resize":"fit"},"medium":{"w":1200,"h":865,"resize":"fit"},"thumb":{"w":150,"h":150,"resize":"crop"},"large":{"w":1500,"h":1081,"resize":"fit"}}}]},"metadata":{"iso_language_code":"ja","result_type":"recent"},"source":"<a href=\"http://twitter.com/download/iphone\" rel=\"nofollow\">Twitter for iPhone</a>","in_reply_to_status_id":null,"in_reply_to_status_id_str":null,"in_reply_to_user_id":null,"in_reply_to_user_id_str":null,"in_reply_to_screen_name":null,"user":{"id":863518474198319100,"id_str":"863518474198319104","name":"【公式】ぼくらの勇気 未満都市2017","screen_name":"mimancity_ntv","location":"","description":"NTV「ぼくらの勇気 未満都市2017」公式Twitterです。出演:堂本光一、堂本剛・相葉雅紀(友情出演)、松本潤(友情出演)・矢田亜希子、小原裕貴、道枝駿佑(関西ジャニーズJr.)、早見あかり、千葉雄大・山内圭哉、向井理 ほか。2017年7月21日(金)よる9時放送！","url":"https://t.co/eIi79QWxVg","entities":{"url":{"urls":[{"url":"https://t.co/eIi79QWxVg","expanded_url":"http://www.ntv.co.jp/mimancity/","display_url":"ntv.co.jp/mimancity/","indices":[0,23]}]},"description":{"urls":[]}},"protected":false,"followers_count":77786,"friends_count":0,"listed_count":209,"created_at":"Sat May 13 22:17:02 +0000 2017","favourites_count":1,"utc_offset":null,"time_zone":null,"geo_enabled":true,"verified":false,"statuses_count":26,"lang":"ja","contributors_enabled":false,"is_translator":false,"is_translation_enabled":false,"profile_background_color":"F5F8FA","profile_background_image_url":null,"profile_background_image_url_https":null,"profile_background_tile":false,"profile_image_url":"http://pbs.twimg.com/profile_images/876891599279497216/IU7a47_G_normal.jpg","profile_image_url_https":"https://pbs.twimg.com/profile_images/876891599279497216/IU7a47_G_normal.jpg","profile_banner_url":"https://pbs.twimg.com/profile_banners/863518474198319104/1497902225","profile_link_color":"1DA1F2","profile_sidebar_border_color":"C0DEED","profile_sidebar_fill_color":"DDEEF6","profile_text_color":"333333","profile_use_background_image":true,"has_extended_profile":false,"default_profile":true,"default_profile_image":false,"following":false,"follow_request_sent":false,"notifications":false,"translator_type":"none"},"geo":null,"coordinates":null,"place":null,"contributors":null,"is_quote_status":false,"retweet_count":6220,"favorite_count":10644,"favorited":false,"retweeted":false,"possibly_sensitive":false,"lang":"ja"},{"created_at":"Thu Jul 13 06:01:05 +0000 2017","id":885378526911774700,"id_str":"885378526911774720","text":"今回追加される七尾百合子ちゃんのカードは衣装つき！\nこの機会に是非ゲットしてください♪\n\n百合子『に、似合う、ですか？　そんなこと言われたら、ドキドキしちゃいます……』\n #ミリシタ https://t.co/1ReeNwHVQb","truncated":false,"entities":{"hashtags":[{"text":"ミリシタ","indices":[86,91]}],"symbols":[],"user_mentions":[],"urls":[],"media":[{"id":885144290841681900,"id_str":"885144290841681920","indices":[92,115],"media_url":"http://pbs.twimg.com/media/DEiqCvaVYAA0u1n.jpg","media_url_https":"https://pbs.twimg.com/media/DEiqCvaVYAA0u1n.jpg","url":"https://t.co/1ReeNwHVQb","display_url":"pic.twitter.com/1ReeNwHVQb","expanded_url":"https://twitter.com/imasml_theater/status/885378526911774720/photo/1","type":"photo","sizes":{"medium":{"w":1024,"h":512,"resize":"fit"},"thumb":{"w":150,"h":150,"resize":"crop"},"small":{"w":680,"h":340,"resize":"fit"},"large":{"w":1024,"h":512,"resize":"fit"}}}]},"extended_entities":{"media":[{"id":885144290841681900,"id_str":"885144290841681920","indices":[92,115],"media_url":"http://pbs.twimg.com/media/DEiqCvaVYAA0u1n.jpg","media_url_https":"https://pbs.twimg.com/media/DEiqCvaVYAA0u1n.jpg","url":"https://t.co/1ReeNwHVQb","display_url":"pic.twitter.com/1ReeNwHVQb","expanded_url":"https://twitter.com/imasml_theater/status/885378526911774720/photo/1","type":"photo","sizes":{"medium":{"w":1024,"h":512,"resize":"fit"},"thumb":{"w":150,"h":150,"resize":"crop"},"small":{"w":680,"h":340,"resize":"fit"},"large":{"w":1024,"h":512,"resize":"fit"}}}]},"metadata":{"iso_language_code":"ja","result_type":"recent"},"source":"<a href=\"https://ads.twitter.com\" rel=\"nofollow\">Twitter Ads</a>","in_reply_to_status_id":null,"in_reply_to_status_id_str":null,"in_reply_to_user_id":null,"in_reply_to_user_id_str":null,"in_reply_to_screen_name":null,"user":{"id":854195545941753900,"id_str":"854195545941753856","name":"ミリオンライブ！ シアターデイズ【公式】","screen_name":"imasml_theater","location":"","description":"スマートフォンアプリ「アイドルマスター ミリオンライブ！ シアターデイズ」の公式Twitterアカウントです！これからゲームに関する情報をお伝えしていきます♪","url":"https://t.co/npimqAX8OA","entities":{"url":{"urls":[{"url":"https://t.co/npimqAX8OA","expanded_url":"https://millionlive.idolmaster.jp/theaterdays/","display_url":"millionlive.idolmaster.jp/theaterdays/","indices":[0,23]}]},"description":{"urls":[]}},"protected":false,"followers_count":133306,"friends_count":3,"listed_count":1685,"created_at":"Tue Apr 18 04:51:03 +0000 2017","favourites_count":0,"utc_offset":32400,"time_zone":"Tokyo","geo_enabled":false,"verified":true,"statuses_count":46,"lang":"ja","contributors_enabled":false,"is_translator":false,"is_translation_enabled":false,"profile_background_color":"000000","profile_background_image_url":"http://abs.twimg.com/images/themes/theme1/bg.png","profile_background_image_url_https":"https://abs.twimg.com/images/themes/theme1/bg.png","profile_background_tile":false,"profile_image_url":"http://pbs.twimg.com/profile_images/882108935846494208/Dt4Z0cKT_normal.jpg","profile_image_url_https":"https://pbs.twimg.com/profile_images/882108935846494208/Dt4Z0cKT_normal.jpg","profile_banner_url":"https://pbs.twimg.com/profile_banners/854195545941753856/1498720880","profile_link_color":"1B95E0","profile_sidebar_border_color":"000000","profile_sidebar_fill_color":"000000","profile_text_color":"000000","profile_use_background_image":false,"has_extended_profile":false,"default_profile":false,"default_profile_image":false,"following":false,"follow_request_sent":false,"notifications":false,"translator_type":"none"},"geo":null,"coordinates":null,"place":null,"contributors":null,"is_quote_status":false,"retweet_count":5999,"favorite_count":5329,"favorited":false,"retweeted":false,"possibly_sensitive":false,"lang":"ja"}],"search_metadata":{"completed_in":0.676,"max_id":885437704455860200,"max_id_str":"885437704455860224","next_results":"?max_id=885378526911774719&q=lang%3Aja%20min_retweets%3A5000&include_entities=1","query":"lang%3Aja+min_retweets%3A5000","refresh_url":"?since_id=885437704455860224&q=lang%3Aja%20min_retweets%3A5000&include_entities=1","count":15,"since_id":0,"since_id_str":"0"}}