{"statuses":[{"created_at":"Wed Jul 19 10:11:25 +0000 2017","id":887615854573101000,"id_str":"887615854573101056","text":"いま✌🏽 https://t.co/popHLk8RO8","truncated":false,"entities":{"hashtags":[],"symbols":[],"user_mentions":[],"urls":[],"media":[{"id":887615851590950900,"id_str":"887615851590950912","indices":[5,28],"media_url":"http://pbs.twimg.com/media/DFFx6gsVoAA4ZpD.jpg","media_url_https":"https://pbs.twimg.com/media/DFFx6gsVoAA4ZpD.jpg","url":"https://t.co/popHLk8RO8","display_url":"pic.twitter.com/popHLk8RO8","expanded_url":"https://twitter.com/T_IWATA_EX_3JSB/status/887615854573101056/photo/1","type":"photo","sizes":{"large":{"w":2048,"h":2048,"resize":"fit"},"thumb":{"w":150,"h":150,"resize":"crop"},"medium":{"w":1200,"h":1200,"resize":"fit"},"small":{"w":680,"h":680,"resize":"fit"}}}]},"extended_entities":{"media":[{"id":887615851590950900,"id_str":"887615851590950912","indices":[5,28],"media_url":"http://pbs.twimg.com/media/DFFx6gsVoAA4ZpD.jpg","media_url_https":"https://pbs.twimg.com/media/DFFx6gsVoAA4ZpD.jpg","url":"https://t.co/popHLk8RO8","display_url":"pic.twitter.com/popHLk8RO8","expanded_url":"https://twitter.com/T_IWATA_EX_3JSB/status/887615854573101056/photo/1","type":"photo","sizes":{"large":{"w":2048,"h":2048,"resize":"fit"},"thumb":{"w":150,"h":150,"resize":"crop"},"medium":{"w":1200,"h":1200,"resize":"fit"},"small":{"w":680,"h":680,"resize":"fit"}}}]},"metadata":{"iso_language_code":"ja","result_type":"recent"},"source":"<a href=\"http://twitter.com/download/iphone\" rel=\"nofollow\">Twitter for iPhone</a>","in_reply_to_status_id":null,"in_reply_to_status_id_str":null,"in_reply_to_user_id":null,"in_reply_to_user_id_str":null,"in_reply_to_screen_name":null,"user":{"id":3836540300,"id_str":"3836540300","name":"Takanori Iwata","screen_name":"T_IWATA_EX_3JSB","location":"Tokyo, JAPAN","description":"岩田剛典 (Dancer/Actor/a member of ‘EXILE’ and ‘The 3rd J Soul Brothers’ in Japan.)","url":"https://t.co/tIwDJnf60E","entities":{"url":{"urls":[{"url":"https://t.co/tIwDJnf60E","expanded_url":"https://m.youtube.com/watch?v=vS7-JPj8V-Q","display_url":"m.youtube.com/watch?v=vS7-JP…","indices":[0,23]}]},"description":{"urls":[]}},"protected":false,"followers_count":1606291,"friends_count":138,"listed_count":2573,"created_at":"Fri Oct 09 12:58:54 +0000 2015","favourites_count":158,"utc_offset":-25200,"time_zone":"Pacific Time (US & Canada)","geo_enabled":true,"verified":true,"statuses_count":893,"lang":"ja","contributors_enabled":false,"is_translator":false,"is_translation_enabled":false,"profile_background_color":"C0DEED","profile_background_image_url":"http://abs.twimg.com/images/themes/theme1/bg.png","profile_background_image_url_https":"https://abs.twimg.com/images/themes/theme1/bg.png","profile_background_tile":false,"profile_image_url":"http://pbs.twimg.com/profile_images/847859713119105024/5o620jiE_normal.jpg","profile_image_url_https":"https://pbs.twimg.com/profile_images/847859713119105024/5o620jiE_normal.jpg","profile_banner_url":"https://pbs.twimg.com/profile_banners/3836540300/1489420755","profile_link_color":"1DA1F2","profile_sidebar_border_color":"C0DEED","profile_sidebar_fill_color":"DDEEF6","profile_text_color":"333333","profile_use_background_image":true,"has_extended_profile":false,"default_profile":true,"default_profile_image":false,"following":false,"follow_request_sent":false,"notifications":false,"translator_type":"none"},"geo":null,"coordinates":null,"place":null,"contributors":null,"is_quote_status":false,"retweet_count":7726,"favorite_count":46955,"favorited":false,"retweeted":false,"possibly_sensitive":false,"lang":"ja"},{"created_at":"Wed Jul 19 10:00:22 +0000 2017","id":887613074307469300,"id_str":"887613074307469312","text":"🎊🎊🎊大ヒット記念プレゼント！🎊🎊🎊\n\n「#兄こま」大ヒット！を記念して、先日のイベントでも配布した特製うちわ🌴を、このツイートをRTしてくれた方の中から抽選で20名様にプレゼント💞\nアカウントのフォローもお忘れなく💫\n\n※裏側の… https://t.co/FxsHKTanOp","truncated":true,"entities":{"hashtags":[{"text":"兄こま","indices":[21,25]}],"symbols":[],"user_mentions":[],"urls":[{"url":"https://t.co/FxsHKTanOp","expanded_url":"https://twitter.com/i/web/status/887613074307469312","display_url":"twitter.com/i/web/status/8…","indices":[117,140]}]},"metadata":{"iso_language_code":"ja","result_type":"recent"},"source":"<a href=\"http://www.hootsuite.com\" rel=\"nofollow\">Hootsuite</a>","in_reply_to_status_id":null,"in_reply_to_status_id_str":null,"in_reply_to_user_id":null,"in_reply_to_user_id_str":null,"in_reply_to_screen_name":null,"user":{"id":763281638470004700,"id_str":"763281638470004737","name":"映画『兄に愛されすぎて困ってます』公式","screen_name":"anikoma_movie","location":"","description":"映画『兄に愛されすぎて困ってます』公式Twitterです。2017.6.30（金）全国ロードショー！ドラマは2017.4.12（水）深夜より、日本テレビ他で放送スタート！ ♡公式Instagram→https://t.co/PPVn3uhvC0 #兄こま","url":"https://t.co/f21AagyUBF","entities":{"url":{"urls":[{"url":"https://t.co/f21AagyUBF","expanded_url":"http://anikoma-movie.jp/","display_url":"anikoma-movie.jp","indices":[0,23]}]},"description":{"urls":[{"url":"https://t.co/PPVn3uhvC0","expanded_url":"https://www.instagram.com/anikoma_movie/","display_url":"instagram.com/anikoma_movie/","indices":[99,122]}]}},"protected":false,"followers_count":202310,"friends_count":20,"listed_count":302,"created_at":"Wed Aug 10 07:51:38 +0000 2016","favourites_count":6,"utc_offset":null,"time_zone":null,"geo_enabled":false,"verified":false,"statuses_count":1196,"lang":"ja","contributors_enabled":false,"is_translator":false,"is_translation_enabled":false,"profile_background_color":"F5F8FA","profile_background_image_url":null,"profile_background_image_url_https":null,"profile_background_tile":false,"profile_image_url":"http://pbs.twimg.com/profile_images/811768830242353153/kkD1baIc_normal.jpg","profile_image_url_https":"https://pbs.twimg.com/profile_images/811768830242353153/kkD1baIc_normal.jpg","profile_banner_url":"https://pbs.twimg.com/profile_banners/763281638470004737/1482375747","profile_link_color":"1DA1F2","profile_sidebar_border_color":"C0DEED","profile_sidebar_fill_color":"DDEEF6","profile_text_color":"333333","profile_use_background_image":true,"has_extended_profile":false,"default_profile":true,"default_profile_image":false,"following":false,"follow_request_sent":false,"notifications":false,"translator_type":"none"},"geo":null,"coordinates":null,"place":null,"contributors":null,"is_quote_status":false,"retweet_count":7159,"favorite_count":6584,"favorited":false,"retweeted":false,"possibly_sensitive":false,"lang":"ja"},{"created_at":"Wed Jul 19 09:35:58 +0000 2017","id":887606932617416700,"id_str":"887606932617416704","text":"隔離エリアにシャケが近づくと、クマサン商会の募集が始まる謎のバイト「サーモンラン」。\n7月21日（金）の発売から3日間はシャケが大量発生し、特別に高頻度でバイトが募集されるらしい。\n参加にはランク4以上が必要だが、この機会に「サー… https://t.co/KGlBExdcT4","truncated":true,"entities":{"hashtags":[],"symbols":[],"user_mentions":[],"urls":[{"url":"https://t.co/KGlBExdcT4","expanded_url":"https://twitter.com/i/web/status/887606932617416704","display_url":"twitter.com/i/web/status/8…","indices":[117,140]}]},"metadata":{"iso_language_code":"ja","result_type":"recent"},"source":"<a href=\"http://twitter.com\" rel=\"nofollow\">Twitter Web Client</a>","in_reply_to_status_id":null,"in_reply_to_status_id_str":null,"in_reply_to_user_id":null,"in_reply_to_user_id_str":null,"in_reply_to_screen_name":null,"user":{"id":2888006497,"id_str":"2888006497","name":"Splatoon（スプラトゥーン）","screen_name":"SplatoonJP","location":"","description":"『スプラトゥーン』公式総合アカウント。イカ研究所の調査報告（ゲーム情報）やお知らせをお伝えします。最新作の『スプラトゥーン2』は2017年7月21日（金）発売予定。ご質問・お問い合わせにはお答えしておりませんのでご容赦ください。 ※イカ研究所は実在の人物、団体とは一切関係ございません。","url":"https://t.co/yCMNfZlVpz","entities":{"url":{"urls":[{"url":"https://t.co/yCMNfZlVpz","expanded_url":"https://www.nintendo.co.jp/switch/aab6a/index.html","display_url":"nintendo.co.jp/switch/aab6a/i…","indices":[0,23]}]},"description":{"urls":[]}},"protected":false,"followers_count":664719,"friends_count":1,"listed_count":6472,"created_at":"Mon Nov 03 01:36:06 +0000 2014","favourites_count":0,"utc_offset":32400,"time_zone":"Tokyo","geo_enabled":false,"verified":true,"statuses_count":1475,"lang":"ja","contributors_enabled":false,"is_translator":false,"is_translation_enabled":false,"profile_background_color":"000000","profile_background_image_url":"http://pbs.twimg.com/profile_background_images/530105343452274688/WJl6dNx5.jpeg","profile_background_image_url_https":"https://pbs.twimg.com/profile_background_images/530105343452274688/WJl6dNx5.jpeg","profile_background_tile":false,"profile_image_url":"http://pbs.twimg.com/profile_images/819765217957552132/1WftJJM1_normal.jpg","profile_image_url_https":"https://pbs.twimg.com/profile_images/819765217957552132/1WftJJM1_normal.jpg","profile_banner_url":"https://pbs.twimg.com/profile_banners/2888006497/1484282224","profile_link_color":"000000","profile_sidebar_border_color":"000000","profile_sidebar_fill_color":"E3E2DE","profile_text_color":"634047","profile_use_background_image":true,"has_extended_profile":false,"default_profile":false,"default_profile_image":false,"following":false,"follow_request_sent":false,"notifications":false,"translator_type":"none"},"geo":null,"coordinates":null,"place":null,"contributors":null,"is_quote_status":false,"retweet_count":6032,"favorite_count":8942,"favorited":false,"retweeted":false,"possibly_sensitive":false,"lang":"ja"},{"created_at":"Wed Jul 19 09:07:53 +0000 2017","id":887599867500953600,"id_str":"887599867500953600","text":"【カルデア広報局より】\n7月20日(木)17:00～18:00の期間に「復刻:夏だ! 海だ! 開拓だ! FGO 2016 Summer カルデアヒートオデッセイ ライト版」開始のためメンテナンスを実施いたします。→https://t.co/f2xxbzGjWE #FateGO","truncated":false,"entities":{"hashtags":[{"text":"FateGO","indices":[131,138]}],"symbols":[],"user_mentions":[],"urls":[{"url":"https://t.co/f2xxbzGjWE","expanded_url":"http://news.fate-go.jp/2017/0719oerwc/","display_url":"news.fate-go.jp/2017/0719oerwc/","indices":[107,130]}]},"metadata":{"iso_language_code":"ja","result_type":"recent"},"source":"<a href=\"http://twitter.com\" rel=\"nofollow\">Twitter Web Client</a>","in_reply_to_status_id":null,"in_reply_to_status_id_str":null,"in_reply_to_user_id":null,"in_reply_to_user_id_str":null,"in_reply_to_screen_name":null,"user":{"id":2968069742,"id_str":"2968069742","name":"【公式】Fate/Grand Order","screen_name":"fgoproject","location":"","description":"TYPE-MOONが贈る、新たな「Fate」RPG「Fate/Grand Order」公式アカウント。カルデア広報局より、皆様に最新情報をお届けします！公式ハッシュタグ → #FateGO","url":"http://t.co/NtAp9EJPBj","entities":{"url":{"urls":[{"url":"http://t.co/NtAp9EJPBj","expanded_url":"http://www.fate-go.jp/","display_url":"fate-go.jp","indices":[0,22]}]},"description":{"urls":[]}},"protected":false,"followers_count":728789,"friends_count":0,"listed_count":8901,"created_at":"Fri Jan 09 04:12:09 +0000 2015","favourites_count":0,"utc_offset":32400,"time_zone":"Seoul","geo_enabled":false,"verified":true,"statuses_count":1957,"lang":"ja","contributors_enabled":false,"is_translator":false,"is_translation_enabled":false,"profile_background_color":"C0DEED","profile_background_image_url":"http://abs.twimg.com/images/themes/theme1/bg.png","profile_background_image_url_https":"https://abs.twimg.com/images/themes/theme1/bg.png","profile_background_tile":false,"profile_image_url":"http://pbs.twimg.com/profile_images/848188127462031361/LR9bGs9q_normal.jpg","profile_image_url_https":"https://pbs.twimg.com/profile_images/848188127462031361/LR9bGs9q_normal.jpg","profile_banner_url":"https://pbs.twimg.com/profile_banners/2968069742/1491058804","profile_link_color":"3B94D9","profile_sidebar_border_color":"C0DEED","profile_sidebar_fill_color":"DDEEF6","profile_text_color":"333333","profile_use_background_image":true,"has_extended_profile":false,"default_profile":false,"default_profile_image":false,"following":false,"follow_request_sent":false,"notifications":false,"translator_type":"none"},"geo":null,"coordinates":null,"place":null,"contributors":null,"is_quote_status":false,"retweet_count":5134,"favorite_count":2769,"favorited":false,"retweeted":false,"possibly_sensitive":false,"lang":"ja"},{"created_at":"Wed Jul 19 09:05:31 +0000 2017","id":887599268290191400,"id_str":"887599268290191360","text":"クマにまたがりお馬の稽古タヌキ https://t.co/IcMqLTQoFL","truncated":false,"entities":{"hashtags":[],"symbols":[],"user_mentions":[],"urls":[],"media":[{"id":887599158881697800,"id_str":"887599158881697798","indices":[16,39],"media_url":"http://pbs.twimg.com/media/DFFiu3gUQAYr8Ko.png","media_url_https":"https://pbs.twimg.com/media/DFFiu3gUQAYr8Ko.png","url":"https://t.co/IcMqLTQoFL","display_url":"pic.twitter.com/IcMqLTQoFL","expanded_url":"https://twitter.com/atamotonu/status/887599268290191360/photo/1","type":"photo","sizes":{"medium":{"w":413,"h":500,"resize":"fit"},"thumb":{"w":150,"h":150,"resize":"crop"},"small":{"w":413,"h":500,"resize":"fit"},"large":{"w":413,"h":500,"resize":"fit"}}}]},"extended_entities":{"media":[{"id":887599158881697800,"id_str":"887599158881697798","indices":[16,39],"media_url":"http://pbs.twimg.com/media/DFFiu3gUQAYr8Ko.png","media_url_https":"https://pbs.twimg.com/media/DFFiu3gUQAYr8Ko.png","url":"https://t.co/IcMqLTQoFL","display_url":"pic.twitter.com/IcMqLTQoFL","expanded_url":"https://twitter.com/atamotonu/status/887599268290191360/photo/1","type":"photo","sizes":{"medium":{"w":413,"h":500,"resize":"fit"},"thumb":{"w":150,"h":150,"resize":"crop"},"small":{"w":413,"h":500,"resize":"fit"},"large":{"w":413,"h":500,"resize":"fit"}}}]},"metadata":{"iso_language_code":"ja","result_type":"recent"},"source":"<a href=\"http://twitter.com\" rel=\"nofollow\">Twitter Web Client</a>","in_reply_to_status_id":null,"in_reply_to_status_id_str":null,"in_reply_to_user_id":null,"in_reply_to_user_id_str":null,"in_reply_to_screen_name":null,"user":{"id":723128021540954100,"id_str":"723128021540954113","name":"アタモト","screen_name":"atamotonu","location":"","description":"仕事関係の告知と楽描き用アカウント。 「タヌキとキツネ」「たるしば」など色々描いてます。リプ返し出来なくてごめんなさい、いつもありがとうございます。タヌキとキツネLINEスタンプ→https://t.co/Xpx4P8NBPs ※当アカウントのイラストの加工や転載はご遠慮ください","url":"https://t.co/3h6zd8eIug","entities":{"url":{"urls":[{"url":"https://t.co/3h6zd8eIug","expanded_url":"http://inch.sakura.ne.jp/","display_url":"inch.sakura.ne.jp","indices":[0,23]}]},"description":{"urls":[{"url":"https://t.co/Xpx4P8NBPs","expanded_url":"http://line.me/S/shop/sticker/author/101150","display_url":"line.me/S/shop/sticker…","indices":[90,113]}]}},"protected":false,"followers_count":478645,"friends_count":21,"listed_count":3622,"created_at":"Thu Apr 21 12:35:30 +0000 2016","favourites_count":158,"utc_offset":32400,"time_zone":"Tokyo","geo_enabled":false,"verified":false,"statuses_count":831,"lang":"ja","contributors_enabled":false,"is_translator":false,"is_translation_enabled":false,"profile_background_color":"000000","profile_background_image_url":"http://abs.twimg.com/images/themes/theme1/bg.png","profile_background_image_url_https":"https://abs.twimg.com/images/themes/theme1/bg.png","profile_background_tile":false,"profile_image_url":"http://pbs.twimg.com/profile_images/812948188793434112/Mu7Li4la_normal.jpg","profile_image_url_https":"https://pbs.twimg.com/profile_images/812948188793434112/Mu7Li4la_normal.jpg","profile_link_color":"D98719","profile_sidebar_border_color":"000000","profile_sidebar_fill_color":"000000","profile_text_color":"000000","profile_use_background_image":false,"has_extended_profile":false,"default_profile":false,"default_profile_image":false,"following":false,"follow_request_sent":false,"notifications":false,"translator_type":"none"},"geo":null,"coordinates":null,"place":null,"contributors":null,"is_quote_status":false,"retweet_count":8498,"favorite_count":21737,"favorited":false,"retweeted":false,"possibly_sensitive":false,"lang":"ja"},{"created_at":"Wed Jul 19 09:02:13 +0000 2017","id":887598441014087700,"id_str":"887598441014087680","text":"レギュラーマッチ、ガチマッチ、リーグマッチなどで発売時点からプレイできるステージはこの8つ。\nそれぞれ2時間ごとに2つのステージが候補となり、バトルごとにどちらかのステージで戦うことになるぞ。\nまずは特徴を覚えて、ステージの組み合… https://t.co/h7KVWyck63","truncated":true,"entities":{"hashtags":[],"symbols":[],"user_mentions":[],"urls":[{"url":"https://t.co/h7KVWyck63","expanded_url":"https://twitter.com/i/web/status/887598441014087680","display_url":"twitter.com/i/web/status/8…","indices":[117,140]}]},"metadata":{"iso_language_code":"ja","result_type":"recent"},"source":"<a href=\"http://twitter.com\" rel=\"nofollow\">Twitter Web Client</a>","in_reply_to_status_id":null,"in_reply_to_status_id_str":null,"in_reply_to_user_id":null,"in_reply_to_user_id_str":null,"in_reply_to_screen_name":null,"user":{"id":2888006497,"id_str":"2888006497","name":"Splatoon（スプラトゥーン）","screen_name":"SplatoonJP","location":"","description":"『スプラトゥーン』公式総合アカウント。イカ研究所の調査報告（ゲーム情報）やお知らせをお伝えします。最新作の『スプラトゥーン2』は2017年7月21日（金）発売予定。ご質問・お問い合わせにはお答えしておりませんのでご容赦ください。 ※イカ研究所は実在の人物、団体とは一切関係ございません。","url":"https://t.co/yCMNfZlVpz","entities":{"url":{"urls":[{"url":"https://t.co/yCMNfZlVpz","expanded_url":"https://www.nintendo.co.jp/switch/aab6a/index.html","display_url":"nintendo.co.jp/switch/aab6a/i…","indices":[0,23]}]},"description":{"urls":[]}},"protected":false,"followers_count":664719,"friends_count":1,"listed_count":6472,"created_at":"Mon Nov 03 01:36:06 +0000 2014","favourites_count":0,"utc_offset":32400,"time_zone":"Tokyo","geo_enabled":false,"verified":true,"statuses_count":1475,"lang":"ja","contributors_enabled":false,"is_translator":false,"is_translation_enabled":false,"profile_background_color":"000000","profile_background_image_url":"http://pbs.twimg.com/profile_background_images/530105343452274688/WJl6dNx5.jpeg","profile_background_image_url_https":"https://pbs.twimg.com/profile_background_images/530105343452274688/WJl6dNx5.jpeg","profile_background_tile":false,"profile_image_url":"http://pbs.twimg.com/profile_images/819765217957552132/1WftJJM1_normal.jpg","profile_image_url_https":"https://pbs.twimg.com/profile_images/819765217957552132/1WftJJM1_normal.jpg","profile_banner_url":"https://pbs.twimg.com/profile_banners/2888006497/1484282224","profile_link_color":"000000","profile_sidebar_border_color":"000000","profile_sidebar_fill_color":"E3E2DE","profile_text_color":"634047","profile_use_background_image":true,"has_extended_profile":false,"default_profile":false,"default_profile_image":false,"following":false,"follow_request_sent":false,"notifications":false,"translator_type":"none"},"geo":null,"coordinates":null,"place":null,"contributors":null,"is_quote_status":false,"retweet_count":7821,"favorite_count":10987,"favorited":false,"retweeted":false,"possibly_sensitive":false,"lang":"ja"},{"created_at":"Wed Jul 19 08:47:56 +0000 2017","id":887594845660782600,"id_str":"887594845660782593","text":"浪川さん不倫報道に対してショックっていう声より\n｢っていうか結婚してたの？｣\n｢浪川さんがあんなちゃんとした謝罪文が書けるはずない｣\n｢写真が黒くてかりん糖みたいで可哀想｣っていう声が多いのマジで笑う","truncated":false,"entities":{"hashtags":[],"symbols":[],"user_mentions":[],"urls":[]},"metadata":{"iso_language_code":"ja","result_type":"recent"},"source":"<a href=\"http://twitter.com/download/android\" rel=\"nofollow\">Twitter for Android</a>","in_reply_to_status_id":null,"in_reply_to_status_id_str":null,"in_reply_to_user_id":null,"in_reply_to_user_id_str":null,"in_reply_to_screen_name":null,"user":{"id":817310538027782100,"id_str":"817310538027782144","name":"キンタマーニさなぎ","screen_name":"HITOZUMA_abgel","location":"","description":"推しのために生きるおぢさんゴリラ                                               呼びタメクソリプ無言フォロー大歓迎                                                                              3↑","url":"https://t.co/KA5OYUloeK","entities":{"url":{"urls":[{"url":"https://t.co/KA5OYUloeK","expanded_url":"http://twpf.jp/HITOZUMA_abgel","display_url":"twpf.jp/HITOZUMA_abgel","indices":[0,23]}]},"description":{"urls":[]}},"protected":false,"followers_count":366,"friends_count":349,"listed_count":27,"created_at":"Fri Jan 06 10:03:11 +0000 2017","favourites_count":3179,"utc_offset":null,"time_zone":null,"geo_enabled":false,"verified":false,"statuses_count":6060,"lang":"ja","contributors_enabled":false,"is_translator":false,"is_translation_enabled":false,"profile_background_color":"F5F8FA","profile_background_image_url":null,"profile_background_image_url_https":null,"profile_background_tile":false,"profile_image_url":"http://pbs.twimg.com/profile_images/867064074449936385/Xvx4F2el_normal.jpg","profile_image_url_https":"https://pbs.twimg.com/profile_images/867064074449936385/Xvx4F2el_normal.jpg","profile_banner_url":"https://pbs.twimg.com/profile_banners/817310538027782144/1491477133","profile_link_color":"1DA1F2","profile_sidebar_border_color":"C0DEED","profile_sidebar_fill_color":"DDEEF6","profile_text_color":"333333","profile_use_background_image":true,"has_extended_profile":true,"default_profile":true,"default_profile_image":false,"following":false,"follow_request_sent":false,"notifications":false,"translator_type":"none"},"geo":null,"coordinates":null,"place":null,"contributors":null,"is_quote_status":false,"retweet_count":7304,"favorite_count":6161,"favorited":false,"retweeted":false,"lang":"ja"},{"created_at":"Wed Jul 19 08:16:47 +0000 2017","id":887587007152570400,"id_str":"887587007152570369","text":"かわいい文字だけどうざ絡みの効果倍増\n\n（まふさかのLINE） https://t.co/thrHAvkfdK","truncated":false,"entities":{"hashtags":[],"symbols":[],"user_mentions":[],"urls":[],"media":[{"id":887586999451787300,"id_str":"887586999451787264","indices":[32,55],"media_url":"http://pbs.twimg.com/media/DFFXrGGUIAAs6Tt.jpg","media_url_https":"https://pbs.twimg.com/media/DFFXrGGUIAAs6Tt.jpg","url":"https://t.co/thrHAvkfdK","display_url":"pic.twitter.com/thrHAvkfdK","expanded_url":"https://twitter.com/uni_mafumafu/status/887587007152570369/photo/1","type":"photo","sizes":{"large":{"w":750,"h":1334,"resize":"fit"},"medium":{"w":675,"h":1200,"resize":"fit"},"thumb":{"w":150,"h":150,"resize":"crop"},"small":{"w":382,"h":680,"resize":"fit"}}}]},"extended_entities":{"media":[{"id":887586999451787300,"id_str":"887586999451787264","indices":[32,55],"media_url":"http://pbs.twimg.com/media/DFFXrGGUIAAs6Tt.jpg","media_url_https":"https://pbs.twimg.com/media/DFFXrGGUIAAs6Tt.jpg","url":"https://t.co/thrHAvkfdK","display_url":"pic.twitter.com/thrHAvkfdK","expanded_url":"https://twitter.com/uni_mafumafu/status/887587007152570369/photo/1","type":"photo","sizes":{"large":{"w":750,"h":1334,"resize":"fit"},"medium":{"w":675,"h":1200,"resize":"fit"},"thumb":{"w":150,"h":150,"resize":"crop"},"small":{"w":382,"h":680,"resize":"fit"}}}]},"metadata":{"iso_language_code":"ja","result_type":"recent"},"source":"<a href=\"http://twitter.com/download/iphone\" rel=\"nofollow\">Twitter for iPhone</a>","in_reply_to_status_id":null,"in_reply_to_status_id_str":null,"in_reply_to_user_id":null,"in_reply_to_user_id_str":null,"in_reply_to_screen_name":null,"user":{"id":268758461,"id_str":"268758461","name":"まふまふ＠何でも屋さん","screen_name":"uni_mafumafu","location":"夢の中","description":"何でも屋です。ねむり　歌 / 作詞作曲 / 編曲　After the Rain、オリコンウィークリー２位獲得しました　まふてる⇒(@uni_mafuteru) ニコニコ動画 https://t.co/9XtigvFrOE  Youtube https://t.co/QoUG6At4z2","url":"https://t.co/cSdsbyhY3S","entities":{"url":{"urls":[{"url":"https://t.co/cSdsbyhY3S","expanded_url":"http://uni-mafumafu.jp/","display_url":"uni-mafumafu.jp","indices":[0,23]}]},"description":{"urls":[{"url":"https://t.co/9XtigvFrOE","expanded_url":"http://goo.gl/UQU30u","display_url":"goo.gl/UQU30u","indices":[87,110]},{"url":"https://t.co/QoUG6At4z2","expanded_url":"http://youtube.com/c/uni_mafumafu","display_url":"youtube.com/c/uni_mafumafu","indices":[120,143]}]}},"protected":false,"followers_count":857002,"friends_count":427,"listed_count":9327,"created_at":"Sat Mar 19 12:05:43 +0000 2011","favourites_count":2181,"utc_offset":null,"time_zone":null,"geo_enabled":false,"verified":true,"statuses_count":51677,"lang":"ja","contributors_enabled":false,"is_translator":false,"is_translation_enabled":false,"profile_background_color":"131516","profile_background_image_url":"http://pbs.twimg.com/profile_background_images/489831337700777985/V9q5tR8K.png","profile_background_image_url_https":"https://pbs.twimg.com/profile_background_images/489831337700777985/V9q5tR8K.png","profile_background_tile":false,"profile_image_url":"http://pbs.twimg.com/profile_images/852817717774004225/yyRc5caq_normal.jpg","profile_image_url_https":"https://pbs.twimg.com/profile_images/852817717774004225/yyRc5caq_normal.jpg","profile_banner_url":"https://pbs.twimg.com/profile_banners/268758461/1464252254","profile_link_color":"009999","profile_sidebar_border_color":"FFFFFF","profile_sidebar_fill_color":"252429","profile_text_color":"666666","profile_use_background_image":true,"has_extended_profile":false,"default_profile":false,"default_profile_image":false,"following":false,"follow_request_sent":false,"notifications":false,"translator_type":"none"},"geo":null,"coordinates":null,"place":null,"contributors":null,"is_quote_status":false,"retweet_count":8981,"favorite_count":34086,"favorited":false,"retweeted":false,"possibly_sensitive":false,"lang":"ja"},{"created_at":"Wed Jul 19 08:16:47 +0000 2017","id":887587005781000200,"id_str":"887587005781000192","text":"文集砲「人気声優・浪川大輔 不倫！！泣け！騒げ！声優クラスタ！！！ﾄﾞｰﾝ」\n\n声優クラスタ「え、浪川不倫？結婚してたんだwww」「ってか不倫って漢字読めるのwww」「肌が黒いことネタにしてるけど本当に真っ黒かwww」「声優さんも有名になったねー(しみじみ)」\n\n文集砲「」","truncated":false,"entities":{"hashtags":[],"symbols":[],"user_mentions":[],"urls":[]},"metadata":{"iso_language_code":"ja","result_type":"recent"},"source":"<a href=\"http://twitter.com/download/iphone\" rel=\"nofollow\">Twitter for iPhone</a>","in_reply_to_status_id":null,"in_reply_to_status_id_str":null,"in_reply_to_user_id":null,"in_reply_to_user_id_str":null,"in_reply_to_screen_name":null,"user":{"id":706176286033465300,"id_str":"706176286033465344","name":"つっきーな水無月","screen_name":"minaduki_mo","location":"柿沼と梶沼とねばーらんどを行ったり来たり","description":"ユニゾン！全曜日リスナー。柿原徹也さん・梶裕貴さん・石田彰さん、ユニゾン！ぱーとなりてぃー(関さんてらしー鈴さん)の話題に反応しがち。しもかじ尊い。実はJUNK歴が長い。NEWS箱推しピンク担寄り。SH/LH王国民。夢100/ボイきら/アカセカ/ツキパラ。 icon＊ういちゃん【@cielarko123】","url":null,"entities":{"description":{"urls":[]}},"protected":false,"followers_count":273,"friends_count":256,"listed_count":11,"created_at":"Sat Mar 05 17:55:21 +0000 2016","favourites_count":6195,"utc_offset":null,"time_zone":null,"geo_enabled":true,"verified":false,"statuses_count":12304,"lang":"en","contributors_enabled":false,"is_translator":false,"is_translation_enabled":false,"profile_background_color":"F5F8FA","profile_background_image_url":null,"profile_background_image_url_https":null,"profile_background_tile":false,"profile_image_url":"http://pbs.twimg.com/profile_images/885904571356266496/8PnXEA9Y_normal.jpg","profile_image_url_https":"https://pbs.twimg.com/profile_images/885904571356266496/8PnXEA9Y_normal.jpg","profile_banner_url":"https://pbs.twimg.com/profile_banners/706176286033465344/1493738019","profile_link_color":"1DA1F2","profile_sidebar_border_color":"C0DEED","profile_sidebar_fill_color":"DDEEF6","profile_text_color":"333333","profile_use_background_image":true,"has_extended_profile":false,"default_profile":true,"default_profile_image":false,"following":false,"follow_request_sent":false,"notifications":false,"translator_type":"none"},"geo":null,"coordinates":null,"place":null,"contributors":null,"is_quote_status":false,"retweet_count":6489,"favorite_count":5728,"favorited":false,"retweeted":false,"lang":"ja"},{"created_at":"Wed Jul 19 08:00:04 +0000 2017","id":887582799569371100,"id_str":"887582799569371137","text":"サンリオが人気コミック「鋼の錬金術師」のキャラクターをデザイン・プロデュース！秋には商品化がスタート！今後の最新情報は「鋼の錬金術師×サンリオ」公式ツイッターで随時公開！フォローしてね https://t.co/AFVrnO4LPq https://t.co/XabyY8Njjg","truncated":false,"entities":{"hashtags":[],"symbols":[],"user_mentions":[],"urls":[{"url":"https://t.co/AFVrnO4LPq","expanded_url":"http://sanrio.eng.mg/72c45","display_url":"sanrio.eng.mg/72c45","indices":[93,116]}],"media":[{"id":887582796767649800,"id_str":"887582796767649792","indices":[117,140],"media_url":"http://pbs.twimg.com/media/DFFT2d4VYAAEf37.jpg","media_url_https":"https://pbs.twimg.com/media/DFFT2d4VYAAEf37.jpg","url":"https://t.co/XabyY8Njjg","display_url":"pic.twitter.com/XabyY8Njjg","expanded_url":"https://twitter.com/sanrio_news/status/887582799569371137/photo/1","type":"photo","sizes":{"large":{"w":840,"h":450,"resize":"fit"},"small":{"w":680,"h":364,"resize":"fit"},"thumb":{"w":150,"h":150,"resize":"crop"},"medium":{"w":840,"h":450,"resize":"fit"}}}]},"extended_entities":{"media":[{"id":887582796767649800,"id_str":"887582796767649792","indices":[117,140],"media_url":"http://pbs.twimg.com/media/DFFT2d4VYAAEf37.jpg","media_url_https":"https://pbs.twimg.com/media/DFFT2d4VYAAEf37.jpg","url":"https://t.co/XabyY8Njjg","display_url":"pic.twitter.com/XabyY8Njjg","expanded_url":"https://twitter.com/sanrio_news/status/887582799569371137/photo/1","type":"photo","sizes":{"large":{"w":840,"h":450,"resize":"fit"},"small":{"w":680,"h":364,"resize":"fit"},"thumb":{"w":150,"h":150,"resize":"crop"},"medium":{"w":840,"h":450,"resize":"fit"}}}]},"metadata":{"iso_language_code":"ja","result_type":"recent"},"source":"<a href=\"http://engagemanager.tribalmedia.co.jp/\" rel=\"nofollow\">EngageManager</a>","in_reply_to_status_id":null,"in_reply_to_status_id_str":null,"in_reply_to_user_id":null,"in_reply_to_user_id_str":null,"in_reply_to_screen_name":null,"user":{"id":56906171,"id_str":"56906171","name":"サンリオ","screen_name":"sanrio_news","location":"Tokyo, Japan","description":"サンリオ公式ツイッターアカウント  耳よりでホットな情報を、いち早くお届けします！  サンリオのソーシャルメディアポリシー https://t.co/HZWnsI7DJs\nDMでのお問い合わせ等に個別にご返信することはいたしかねます。あらかじめご了承ください。","url":"https://t.co/IHBDzAmb38","entities":{"url":{"urls":[{"url":"https://t.co/IHBDzAmb38","expanded_url":"http://www.sanrio.co.jp/","display_url":"sanrio.co.jp","indices":[0,23]}]},"description":{"urls":[{"url":"https://t.co/HZWnsI7DJs","expanded_url":"http://www.sanrio.co.jp/social/policy/","display_url":"sanrio.co.jp/social/policy/","indices":[62,85]}]}},"protected":false,"followers_count":303080,"friends_count":28327,"listed_count":3022,"created_at":"Wed Jul 15 03:05:44 +0000 2009","favourites_count":0,"utc_offset":32400,"time_zone":"Tokyo","geo_enabled":true,"verified":true,"statuses_count":6304,"lang":"ja","contributors_enabled":false,"is_translator":false,"is_translation_enabled":false,"profile_background_color":"F9E2E2","profile_background_image_url":"http://pbs.twimg.com/profile_background_images/736876028/f68610fbd86352f89bae916ba205952b.jpeg","profile_background_image_url_https":"https://pbs.twimg.com/profile_background_images/736876028/f68610fbd86352f89bae916ba205952b.jpeg","profile_background_tile":false,"profile_image_url":"http://pbs.twimg.com/profile_images/548387542135873536/tvJQnJvg_normal.png","profile_image_url_https":"https://pbs.twimg.com/profile_images/548387542135873536/tvJQnJvg_normal.png","profile_banner_url":"https://pbs.twimg.com/profile_banners/56906171/1419580720","profile_link_color":"FF2474","profile_sidebar_border_color":"FFFFFF","profile_sidebar_fill_color":"BFBAD9","profile_text_color":"333333","profile_use_background_image":false,"has_extended_profile":false,"default_profile":false,"default_profile_image":false,"following":false,"follow_request_sent":false,"notifications":false,"translator_type":"none"},"geo":null,"coordinates":null,"place":null,"contributors":null,"is_quote_status":false,"retweet_count":10468,"favorite_count":8873,"favorited":false,"retweeted":false,"possibly_sensitive":false,"lang":"ja"},{"created_at":"Wed Jul 19 08:00:00 +0000 2017","id":887582783228362800,"id_str":"887582783228362753","text":"【足利市×刀剣乱舞-ONLINE-】\nコラボレーション企画のポスターデザインが完成いたしました。このポスターを目印に、どうぞ足利市をお楽しみください。\n#足利市 #山姥切国広 #堀川国広 #山伏国広 #刀剣乱舞 https://t.co/X32QISoys3","truncated":false,"entities":{"hashtags":[{"text":"足利市","indices":[76,80]},{"text":"山姥切国広","indices":[81,87]},{"text":"堀川国広","indices":[88,93]},{"text":"山伏国広","indices":[94,99]},{"text":"刀剣乱舞","indices":[100,105]}],"symbols":[],"user_mentions":[],"urls":[],"media":[{"id":887581714813395000,"id_str":"887581714813394945","indices":[106,129],"media_url":"http://pbs.twimg.com/media/DFFS3fSVoAEx63f.jpg","media_url_https":"https://pbs.twimg.com/media/DFFS3fSVoAEx63f.jpg","url":"https://t.co/X32QISoys3","display_url":"pic.twitter.com/X32QISoys3","expanded_url":"https://twitter.com/ashikaga_kankou/status/887582783228362753/photo/1","type":"photo","sizes":{"small":{"w":481,"h":680,"resize":"fit"},"medium":{"w":600,"h":849,"resize":"fit"},"thumb":{"w":150,"h":150,"resize":"crop"},"large":{"w":600,"h":849,"resize":"fit"}}}]},"extended_entities":{"media":[{"id":887581714813395000,"id_str":"887581714813394945","indices":[106,129],"media_url":"http://pbs.twimg.com/media/DFFS3fSVoAEx63f.jpg","media_url_https":"https://pbs.twimg.com/media/DFFS3fSVoAEx63f.jpg","url":"https://t.co/X32QISoys3","display_url":"pic.twitter.com/X32QISoys3","expanded_url":"https://twitter.com/ashikaga_kankou/status/887582783228362753/photo/1","type":"photo","sizes":{"small":{"w":481,"h":680,"resize":"fit"},"medium":{"w":600,"h":849,"resize":"fit"},"thumb":{"w":150,"h":150,"resize":"crop"},"large":{"w":600,"h":849,"resize":"fit"}}},{"id":887581742533496800,"id_str":"887581742533496832","indices":[106,129],"media_url":"http://pbs.twimg.com/media/DFFS5GjU0AAs3Ay.jpg","media_url_https":"https://pbs.twimg.com/media/DFFS5GjU0AAs3Ay.jpg","url":"https://t.co/X32QISoys3","display_url":"pic.twitter.com/X32QISoys3","expanded_url":"https://twitter.com/ashikaga_kankou/status/887582783228362753/photo/1","type":"photo","sizes":{"medium":{"w":600,"h":849,"resize":"fit"},"large":{"w":600,"h":849,"resize":"fit"},"thumb":{"w":150,"h":150,"resize":"crop"},"small":{"w":481,"h":680,"resize":"fit"}}}]},"metadata":{"iso_language_code":"ja","result_type":"recent"},"source":"<a href=\"http://twitter.com\" rel=\"nofollow\">Twitter Web Client</a>","in_reply_to_status_id":null,"in_reply_to_status_id_str":null,"in_reply_to_user_id":null,"in_reply_to_user_id_str":null,"in_reply_to_screen_name":null,"user":{"id":173709771,"id_str":"173709771","name":"足利市観光協会","screen_name":"ashikaga_kankou","location":"栃木県 足利市","description":"一般社団法人足利市観光協会のオフィシャルTwitterです。足利市の新鮮な観光情報を発信していきます☆返信はしておりませんのでご了承下さい。お問合せは足利市観光協会まで。","url":"http://t.co/jhULMa6xIY","entities":{"url":{"urls":[{"url":"http://t.co/jhULMa6xIY","expanded_url":"http://www.ashikaga-kankou.jp/","display_url":"ashikaga-kankou.jp","indices":[0,22]}]},"description":{"urls":[]}},"protected":false,"followers_count":5965,"friends_count":5,"listed_count":199,"created_at":"Mon Aug 02 04:33:17 +0000 2010","favourites_count":8,"utc_offset":32400,"time_zone":"Tokyo","geo_enabled":true,"verified":false,"statuses_count":3825,"lang":"ja","contributors_enabled":false,"is_translator":false,"is_translation_enabled":false,"profile_background_color":"B2DFDA","profile_background_image_url":"http://abs.twimg.com/images/themes/theme13/bg.gif","profile_background_image_url_https":"https://abs.twimg.com/images/themes/theme13/bg.gif","profile_background_tile":false,"profile_image_url":"http://pbs.twimg.com/profile_images/675565601574621185/4X14O7p5_normal.jpg","profile_image_url_https":"https://pbs.twimg.com/profile_images/675565601574621185/4X14O7p5_normal.jpg","profile_banner_url":"https://pbs.twimg.com/profile_banners/173709771/1437120354","profile_link_color":"93A644","profile_sidebar_border_color":"EEEEEE","profile_sidebar_fill_color":"FFFFFF","profile_text_color":"333333","profile_use_background_image":true,"has_extended_profile":false,"default_profile":false,"default_profile_image":false,"following":false,"follow_request_sent":false,"notifications":false,"translator_type":"none"},"geo":null,"coordinates":null,"place":null,"contributors":null,"is_quote_status":false,"retweet_count":7901,"favorite_count":5933,"favorited":false,"retweeted":false,"possibly_sensitive":false,"lang":"ja"},{"created_at":"Wed Jul 19 07:33:22 +0000 2017","id":887576080101523500,"id_str":"887576080101523456","text":"本当に描いたヴィクトリアズシークレットすげえよ…という漫画 https://t.co/JPJUhipoFX","truncated":false,"entities":{"hashtags":[],"symbols":[],"user_mentions":[],"urls":[],"media":[{"id":887575981451427800,"id_str":"887575981451427841","indices":[30,53],"media_url":"http://pbs.twimg.com/media/DFFNpw2UwAETeOv.jpg","media_url_https":"https://pbs.twimg.com/media/DFFNpw2UwAETeOv.jpg","url":"https://t.co/JPJUhipoFX","display_url":"pic.twitter.com/JPJUhipoFX","expanded_url":"https://twitter.com/animal_protein/status/887576080101523456/photo/1","type":"photo","sizes":{"small":{"w":479,"h":680,"resize":"fit"},"medium":{"w":846,"h":1200,"resize":"fit"},"thumb":{"w":150,"h":150,"resize":"crop"},"large":{"w":1000,"h":1419,"resize":"fit"}}}]},"extended_entities":{"media":[{"id":887575981451427800,"id_str":"887575981451427841","indices":[30,53],"media_url":"http://pbs.twimg.com/media/DFFNpw2UwAETeOv.jpg","media_url_https":"https://pbs.twimg.com/media/DFFNpw2UwAETeOv.jpg","url":"https://t.co/JPJUhipoFX","display_url":"pic.twitter.com/JPJUhipoFX","expanded_url":"https://twitter.com/animal_protein/status/887576080101523456/photo/1","type":"photo","sizes":{"small":{"w":479,"h":680,"resize":"fit"},"medium":{"w":846,"h":1200,"resize":"fit"},"thumb":{"w":150,"h":150,"resize":"crop"},"large":{"w":1000,"h":1419,"resize":"fit"}}},{"id":887576000367702000,"id_str":"887576000367702016","indices":[30,53],"media_url":"http://pbs.twimg.com/media/DFFNq3UUMAAz53Y.jpg","media_url_https":"https://pbs.twimg.com/media/DFFNq3UUMAAz53Y.jpg","url":"https://t.co/JPJUhipoFX","display_url":"pic.twitter.com/JPJUhipoFX","expanded_url":"https://twitter.com/animal_protein/status/887576080101523456/photo/1","type":"photo","sizes":{"large":{"w":1000,"h":1419,"resize":"fit"},"medium":{"w":846,"h":1200,"resize":"fit"},"thumb":{"w":150,"h":150,"resize":"crop"},"small":{"w":479,"h":680,"resize":"fit"}}},{"id":887576016893296600,"id_str":"887576016893296640","indices":[30,53],"media_url":"http://pbs.twimg.com/media/DFFNr04UwAAs2bJ.jpg","media_url_https":"https://pbs.twimg.com/media/DFFNr04UwAAs2bJ.jpg","url":"https://t.co/JPJUhipoFX","display_url":"pic.twitter.com/JPJUhipoFX","expanded_url":"https://twitter.com/animal_protein/status/887576080101523456/photo/1","type":"photo","sizes":{"small":{"w":479,"h":680,"resize":"fit"},"thumb":{"w":150,"h":150,"resize":"crop"},"large":{"w":1000,"h":1419,"resize":"fit"},"medium":{"w":846,"h":1200,"resize":"fit"}}}]},"metadata":{"iso_language_code":"ja","result_type":"recent"},"source":"<a href=\"http://twitter.com\" rel=\"nofollow\">Twitter Web Client</a>","in_reply_to_status_id":887286346150166500,"in_reply_to_status_id_str":"887286346150166528","in_reply_to_user_id":133968887,"in_reply_to_user_id_str":"133968887","in_reply_to_screen_name":"animal_protein","user":{"id":133968887,"id_str":"133968887","name":"ヤマシタトモコ","screen_name":"animal_protein","location":"","description":"お漫画を描いています。Amazon著者セントラル→ https://t.co/566gHs1KTe","url":null,"entities":{"description":{"urls":[{"url":"https://t.co/566gHs1KTe","expanded_url":"https://www.amazon.co.jp/-/e/B004LVDSRG","display_url":"amazon.co.jp/-/e/B004LVDSRG","indices":[26,49]}]}},"protected":false,"followers_count":47994,"friends_count":173,"listed_count":2275,"created_at":"Sat Apr 17 03:34:08 +0000 2010","favourites_count":11,"utc_offset":32400,"time_zone":"Tokyo","geo_enabled":false,"verified":false,"statuses_count":599,"lang":"ja","contributors_enabled":false,"is_translator":false,"is_translation_enabled":false,"profile_background_color":"EBEBE2","profile_background_image_url":"http://pbs.twimg.com/profile_background_images/378800000165036526/i2zcCvt-.jpeg","profile_background_image_url_https":"https://pbs.twimg.com/profile_background_images/378800000165036526/i2zcCvt-.jpeg","profile_background_tile":true,"profile_image_url":"http://pbs.twimg.com/profile_images/773087747015794688/9MjSz76N_normal.jpg","profile_image_url_https":"https://pbs.twimg.com/profile_images/773087747015794688/9MjSz76N_normal.jpg","profile_banner_url":"https://pbs.twimg.com/profile_banners/133968887/1407671883","profile_link_color":"0084B4","profile_sidebar_border_color":"FFFFFF","profile_sidebar_fill_color":"D7F5F5","profile_text_color":"333333","profile_use_background_image":true,"has_extended_profile":true,"default_profile":false,"default_profile_image":false,"following":false,"follow_request_sent":false,"notifications":false,"translator_type":"none"},"geo":null,"coordinates":null,"place":null,"contributors":null,"is_quote_status":false,"retweet_count":10427,"favorite_count":14381,"favorited":false,"retweeted":false,"possibly_sensitive":false,"lang":"ja"},{"created_at":"Wed Jul 19 07:22:45 +0000 2017","id":887573409449754600,"id_str":"887573409449754624","text":"【公式サイトにて】声優・浪川大輔が不倫報道で謝罪\nhttps://t.co/0HUnBhuAlJ\n\n「私事にてお騒がせいたしまして、申し訳ございません」と謝罪。「皆様方からの信頼回復に向けて、今後もより一層精進してまいります」とし… https://t.co/3p5LEbHPku","truncated":true,"entities":{"hashtags":[],"symbols":[],"user_mentions":[],"urls":[{"url":"https://t.co/0HUnBhuAlJ","expanded_url":"http://news.livedoor.com/article/detail/13357593/","display_url":"news.livedoor.com/article/detail…","indices":[25,48]},{"url":"https://t.co/3p5LEbHPku","expanded_url":"https://twitter.com/i/web/status/887573409449754624","display_url":"twitter.com/i/web/status/8…","indices":[117,140]}]},"metadata":{"iso_language_code":"ja","result_type":"recent"},"source":"<a href=\"http://twitter.com\" rel=\"nofollow\">Twitter Web Client</a>","in_reply_to_status_id":null,"in_reply_to_status_id_str":null,"in_reply_to_user_id":null,"in_reply_to_user_id_str":null,"in_reply_to_screen_name":null,"user":{"id":17306975,"id_str":"17306975","name":"ライブドアニュース","screen_name":"livedoornews","location":"","description":"LINE →https://t.co/yhJO0o7Jns／FB → https://t.co/LHTCuyIEjr／インスタ／→https://t.co/SpmVgPtfCG","url":"http://t.co/Q4Bh3OCfgY","entities":{"url":{"urls":[{"url":"http://t.co/Q4Bh3OCfgY","expanded_url":"http://news.livedoor.com/","display_url":"news.livedoor.com","indices":[0,22]}]},"description":{"urls":[{"url":"https://t.co/yhJO0o7Jns","expanded_url":"http://goo.gl/upBgKP","display_url":"goo.gl/upBgKP","indices":[6,29]},{"url":"https://t.co/LHTCuyIEjr","expanded_url":"http://goo.gl/nDULhn","display_url":"goo.gl/nDULhn","indices":[35,58]},{"url":"https://t.co/SpmVgPtfCG","expanded_url":"http://goo.gl/cHGD9G","display_url":"goo.gl/cHGD9G","indices":[65,88]}]}},"protected":false,"followers_count":430977,"friends_count":88,"listed_count":6141,"created_at":"Tue Nov 11 09:56:31 +0000 2008","favourites_count":2609,"utc_offset":32400,"time_zone":"Tokyo","geo_enabled":false,"verified":true,"statuses_count":177058,"lang":"ja","contributors_enabled":false,"is_translator":false,"is_translation_enabled":false,"profile_background_color":"FFFFFF","profile_background_image_url":"http://pbs.twimg.com/profile_background_images/378800000085828060/4b07c1d868c917fb65a3d64a20904cd5.jpeg","profile_background_image_url_https":"https://pbs.twimg.com/profile_background_images/378800000085828060/4b07c1d868c917fb65a3d64a20904cd5.jpeg","profile_background_tile":false,"profile_image_url":"http://pbs.twimg.com/profile_images/875662964988166149/whdJTD2I_normal.jpg","profile_image_url_https":"https://pbs.twimg.com/profile_images/875662964988166149/whdJTD2I_normal.jpg","profile_link_color":"51ADD4","profile_sidebar_border_color":"FFFFFF","profile_sidebar_fill_color":"95E8EC","profile_text_color":"3C3940","profile_use_background_image":true,"has_extended_profile":false,"default_profile":false,"default_profile_image":false,"following":false,"follow_request_sent":false,"notifications":false,"translator_type":"none"},"geo":null,"coordinates":null,"place":null,"contributors":null,"is_quote_status":false,"retweet_count":10711,"favorite_count":5684,"favorited":false,"retweeted":false,"possibly_sensitive":false,"lang":"ja"},{"created_at":"Wed Jul 19 07:06:47 +0000 2017","id":887569388382986200,"id_str":"887569388382986242","text":"【人気声優】浪川大輔に不倫疑惑、『週刊文春』報じる\nhttps://t.co/gJKUYSDxsk\n\n当時10代だった女性と交際し、3年ほどで破局したが、事務所独立前後から復縁したという。浪川は過去に親密だったことを認め、一部を否… https://t.co/TX81c9GDQc","truncated":true,"entities":{"hashtags":[],"symbols":[],"user_mentions":[],"urls":[{"url":"https://t.co/gJKUYSDxsk","expanded_url":"http://news.livedoor.com/article/detail/13357512/","display_url":"news.livedoor.com/article/detail…","indices":[26,49]},{"url":"https://t.co/TX81c9GDQc","expanded_url":"https://twitter.com/i/web/status/887569388382986242","display_url":"twitter.com/i/web/status/8…","indices":[117,140]}]},"metadata":{"iso_language_code":"ja","result_type":"recent"},"source":"<a href=\"http://twitter.com\" rel=\"nofollow\">Twitter Web Client</a>","in_reply_to_status_id":null,"in_reply_to_status_id_str":null,"in_reply_to_user_id":null,"in_reply_to_user_id_str":null,"in_reply_to_screen_name":null,"user":{"id":17306975,"id_str":"17306975","name":"ライブドアニュース","screen_name":"livedoornews","location":"","description":"LINE →https://t.co/yhJO0o7Jns／FB → https://t.co/LHTCuyIEjr／インスタ／→https://t.co/SpmVgPtfCG","url":"http://t.co/Q4Bh3OCfgY","entities":{"url":{"urls":[{"url":"http://t.co/Q4Bh3OCfgY","expanded_url":"http://news.livedoor.com/","display_url":"news.livedoor.com","indices":[0,22]}]},"description":{"urls":[{"url":"https://t.co/yhJO0o7Jns","expanded_url":"http://goo.gl/upBgKP","display_url":"goo.gl/upBgKP","indices":[6,29]},{"url":"https://t.co/LHTCuyIEjr","expanded_url":"http://goo.gl/nDULhn","display_url":"goo.gl/nDULhn","indices":[35,58]},{"url":"https://t.co/SpmVgPtfCG","expanded_url":"http://goo.gl/cHGD9G","display_url":"goo.gl/cHGD9G","indices":[65,88]}]}},"protected":false,"followers_count":430977,"friends_count":88,"listed_count":6141,"created_at":"Tue Nov 11 09:56:31 +0000 2008","favourites_count":2609,"utc_offset":32400,"time_zone":"Tokyo","geo_enabled":false,"verified":true,"statuses_count":177058,"lang":"ja","contributors_enabled":false,"is_translator":false,"is_translation_enabled":false,"profile_background_color":"FFFFFF","profile_background_image_url":"http://pbs.twimg.com/profile_background_images/378800000085828060/4b07c1d868c917fb65a3d64a20904cd5.jpeg","profile_background_image_url_https":"https://pbs.twimg.com/profile_background_images/378800000085828060/4b07c1d868c917fb65a3d64a20904cd5.jpeg","profile_background_tile":false,"profile_image_url":"http://pbs.twimg.com/profile_images/875662964988166149/whdJTD2I_normal.jpg","profile_image_url_https":"https://pbs.twimg.com/profile_images/875662964988166149/whdJTD2I_normal.jpg","profile_link_color":"51ADD4","profile_sidebar_border_color":"FFFFFF","profile_sidebar_fill_color":"95E8EC","profile_text_color":"3C3940","profile_use_background_image":true,"has_extended_profile":false,"default_profile":false,"default_profile_image":false,"following":false,"follow_request_sent":false,"notifications":false,"translator_type":"none"},"geo":null,"coordinates":null,"place":null,"contributors":null,"is_quote_status":false,"retweet_count":5738,"favorite_count":3311,"favorited":false,"retweeted":false,"possibly_sensitive":false,"lang":"ja"},{"created_at":"Wed Jul 19 07:02:25 +0000 2017","id":887568293074227200,"id_str":"887568293074227200","text":"🎁プレゼント🎁\n\nドラマ「銀魂-ミツバ篇-」吉沢亮さん、北乃きいさんのサイン入りチェキを3名様、サイン入りポスターを1名様に🎉この投稿をRT&amp;フォローで応募完了😉当選者にDMします💌締切7/20\n\n⏩… https://t.co/hnSY3PhWSZ","truncated":true,"entities":{"hashtags":[],"symbols":[],"user_mentions":[],"urls":[{"url":"https://t.co/hnSY3PhWSZ","expanded_url":"https://twitter.com/i/web/status/887568293074227200","display_url":"twitter.com/i/web/status/8…","indices":[106,129]}]},"metadata":{"iso_language_code":"ja","result_type":"recent"},"source":"<a href=\"https://www.sprinklr.com\" rel=\"nofollow\">Sprinklr</a>","in_reply_to_status_id":null,"in_reply_to_status_id_str":null,"in_reply_to_user_id":null,"in_reply_to_user_id_str":null,"in_reply_to_screen_name":null,"user":{"id":4301485453,"id_str":"4301485453","name":"LINE LIVE🤳ライブで話そう","screen_name":"LINELIVE_JP","location":"配信枠","description":"スマホ１つで誰でもライブ配信📱 #ラインライブ の公式アカウントです😉只今配信キャンペーン中！毎週総額100万円相当ポイントGETのチャンスhttps://t.co/UNYibhvUEz 今すぐアプリ起動https://t.co/oQcJgeqGrY","url":"https://t.co/oQcJgeqGrY","entities":{"url":{"urls":[{"url":"https://t.co/oQcJgeqGrY","expanded_url":"http://lin.ee/1aQvFMf/twprofUg78PdD","display_url":"lin.ee/1aQvFMf/twprof…","indices":[0,23]}]},"description":{"urls":[{"url":"https://t.co/UNYibhvUEz","expanded_url":"http://lin.ee/861TXBw/dtzb/twprofUg8WX7G","display_url":"lin.ee/861TXBw/dtzb/t…","indices":[70,93]},{"url":"https://t.co/oQcJgeqGrY","expanded_url":"http://lin.ee/1aQvFMf/twprofUg78PdD","display_url":"lin.ee/1aQvFMf/twprof…","indices":[102,125]}]}},"protected":false,"followers_count":309483,"friends_count":1071,"listed_count":419,"created_at":"Fri Nov 20 13:44:42 +0000 2015","favourites_count":738,"utc_offset":32400,"time_zone":"Tokyo","geo_enabled":true,"verified":true,"statuses_count":13681,"lang":"ja","contributors_enabled":false,"is_translator":false,"is_translation_enabled":false,"profile_background_color":"130D32","profile_background_image_url":"http://abs.twimg.com/images/themes/theme14/bg.gif","profile_background_image_url_https":"https://abs.twimg.com/images/themes/theme14/bg.gif","profile_background_tile":true,"profile_image_url":"http://pbs.twimg.com/profile_images/827097884617166852/2ahL69n8_normal.jpg","profile_image_url_https":"https://pbs.twimg.com/profile_images/827097884617166852/2ahL69n8_normal.jpg","profile_banner_url":"https://pbs.twimg.com/profile_banners/4301485453/1479442557","profile_link_color":"130D32","profile_sidebar_border_color":"000000","profile_sidebar_fill_color":"000000","profile_text_color":"000000","profile_use_background_image":true,"has_extended_profile":false,"default_profile":false,"default_profile_image":false,"following":false,"follow_request_sent":false,"notifications":false,"translator_type":"none"},"geo":null,"coordinates":null,"place":null,"contributors":null,"is_quote_status":false,"retweet_count":7171,"favorite_count":3720,"favorited":false,"retweeted":false,"possibly_sensitive":false,"lang":"ja"}],"search_metadata":{"completed_in":0.724,"max_id":887615854573101000,"max_id_str":"887615854573101056","next_results":"?max_id=887568293074227199&q=lang%3Aja%20min_retweets%3A5000&include_entities=1","query":"lang%3Aja+min_retweets%3A5000","refresh_url":"?since_id=887615854573101056&q=lang%3Aja%20min_retweets%3A5000&include_entities=1","count":15,"since_id":0,"since_id_str":"0"}}