{"statuses":[{"created_at":"Thu Jul 20 11:35:07 +0000 2017","id":887999305885270000,"id_str":"887999305885270017","text":"※ネット等画像転載禁止\n\n63年弱生きてきて産まれてはじめて野球場の客席でお酒を飲む。\nずーっと夢だったんだって。\nほら、いつだって野球は「仕事」だったからさ。\n野球を見ながらお酒を飲む こんな贅沢な事はない。\n俺は俺で右耳で父の… https://t.co/wHWiCD1oVt","truncated":true,"entities":{"hashtags":[],"symbols":[],"user_mentions":[],"urls":[{"url":"https://t.co/wHWiCD1oVt","expanded_url":"https://twitter.com/i/web/status/887999305885270017","display_url":"twitter.com/i/web/status/8…","indices":[117,140]}]},"metadata":{"iso_language_code":"ja","result_type":"recent"},"source":"<a href=\"http://twitter.com/download/android\" rel=\"nofollow\">Twitter for Android</a>","in_reply_to_status_id":null,"in_reply_to_status_id_str":null,"in_reply_to_user_id":null,"in_reply_to_user_id_str":null,"in_reply_to_screen_name":null,"user":{"id":1670577858,"id_str":"1670577858","name":"落合福嗣","screen_name":"fukushi_o","location":"青二プロダクション","description":"1日1本映画を見る事が好き\n\n※基本的に呟き、ツイート､画像等は転載禁止でおねがいします。","url":null,"entities":{"description":{"urls":[]}},"protected":false,"followers_count":21666,"friends_count":352,"listed_count":460,"created_at":"Wed Aug 14 14:11:32 +0000 2013","favourites_count":71,"utc_offset":null,"time_zone":null,"geo_enabled":true,"verified":false,"statuses_count":8556,"lang":"ja","contributors_enabled":false,"is_translator":false,"is_translation_enabled":false,"profile_background_color":"332833","profile_background_image_url":"http://pbs.twimg.com/profile_background_images/457296270713815040/ZXxdyHUb.jpeg","profile_background_image_url_https":"https://pbs.twimg.com/profile_background_images/457296270713815040/ZXxdyHUb.jpeg","profile_background_tile":true,"profile_image_url":"http://pbs.twimg.com/profile_images/814661747692871680/AjZy5BBc_normal.jpg","profile_image_url_https":"https://pbs.twimg.com/profile_images/814661747692871680/AjZy5BBc_normal.jpg","profile_banner_url":"https://pbs.twimg.com/profile_banners/1670577858/1468653355","profile_link_color":"0084B4","profile_sidebar_border_color":"C0DEED","profile_sidebar_fill_color":"DDEEF6","profile_text_color":"333333","profile_use_background_image":true,"has_extended_profile":false,"default_profile":false,"default_profile_image":false,"following":false,"follow_request_sent":false,"notifications":false,"translator_type":"none"},"geo":null,"coordinates":null,"place":null,"contributors":null,"is_quote_status":false,"retweet_count":5179,"favorite_count":5796,"favorited":false,"retweeted":false,"possibly_sensitive":false,"lang":"ja"},{"created_at":"Thu Jul 20 11:19:37 +0000 2017","id":887995406503641100,"id_str":"887995406503641089","text":"【重大告知】１０月１８日、ボクの誕生日にアルバム『明日色ワールドエンド』を出します！！\nアシタイロワールドエンド！！！２年半ぶりのソロアルバムだああああああああああああ！！！！！\n\n詳細… https://t.co/XfudS6yP6u","truncated":true,"entities":{"hashtags":[],"symbols":[],"user_mentions":[],"urls":[{"url":"https://t.co/XfudS6yP6u","expanded_url":"https://twitter.com/i/web/status/887995406503641089","display_url":"twitter.com/i/web/status/8…","indices":[95,118]}]},"metadata":{"iso_language_code":"ja","result_type":"recent"},"source":"<a href=\"http://twitter.com\" rel=\"nofollow\">Twitter Web Client</a>","in_reply_to_status_id":null,"in_reply_to_status_id_str":null,"in_reply_to_user_id":null,"in_reply_to_user_id_str":null,"in_reply_to_screen_name":null,"user":{"id":268758461,"id_str":"268758461","name":"まふまふ＠何でも屋さん","screen_name":"uni_mafumafu","location":"夢の中","description":"何でも屋です。ねむり　歌 / 作詞作曲 / 編曲　After the Rain、オリコンウィークリー２位獲得しました　まふてる⇒(@uni_mafuteru) ニコニコ動画 https://t.co/9XtigvFrOE  Youtube https://t.co/QoUG6At4z2","url":"https://t.co/cSdsbyhY3S","entities":{"url":{"urls":[{"url":"https://t.co/cSdsbyhY3S","expanded_url":"http://uni-mafumafu.jp/","display_url":"uni-mafumafu.jp","indices":[0,23]}]},"description":{"urls":[{"url":"https://t.co/9XtigvFrOE","expanded_url":"http://goo.gl/UQU30u","display_url":"goo.gl/UQU30u","indices":[87,110]},{"url":"https://t.co/QoUG6At4z2","expanded_url":"http://youtube.com/c/uni_mafumafu","display_url":"youtube.com/c/uni_mafumafu","indices":[120,143]}]}},"protected":false,"followers_count":859072,"friends_count":427,"listed_count":9331,"created_at":"Sat Mar 19 12:05:43 +0000 2011","favourites_count":2180,"utc_offset":null,"time_zone":null,"geo_enabled":false,"verified":true,"statuses_count":51690,"lang":"ja","contributors_enabled":false,"is_translator":false,"is_translation_enabled":false,"profile_background_color":"131516","profile_background_image_url":"http://pbs.twimg.com/profile_background_images/489831337700777985/V9q5tR8K.png","profile_background_image_url_https":"https://pbs.twimg.com/profile_background_images/489831337700777985/V9q5tR8K.png","profile_background_tile":false,"profile_image_url":"http://pbs.twimg.com/profile_images/852817717774004225/yyRc5caq_normal.jpg","profile_image_url_https":"https://pbs.twimg.com/profile_images/852817717774004225/yyRc5caq_normal.jpg","profile_banner_url":"https://pbs.twimg.com/profile_banners/268758461/1464252254","profile_link_color":"009999","profile_sidebar_border_color":"FFFFFF","profile_sidebar_fill_color":"252429","profile_text_color":"666666","profile_use_background_image":true,"has_extended_profile":false,"default_profile":false,"default_profile_image":false,"following":false,"follow_request_sent":false,"notifications":false,"translator_type":"none"},"geo":null,"coordinates":null,"place":null,"contributors":null,"is_quote_status":false,"retweet_count":12309,"favorite_count":24190,"favorited":false,"retweeted":false,"possibly_sensitive":false,"lang":"ja"},{"created_at":"Thu Jul 20 10:43:01 +0000 2017","id":887986194524512300,"id_str":"887986194524512256","text":"【みやかわくん】ONE OK ROCK「The Beginning」歌ってみた\n\nhttps://t.co/CRj25XoGZk\n\n珍しく本気を出したので是非。\n\nあと僕達楽器弾けないんですよ勘弁してください。 https://t.co/L44Ahp7vai","truncated":false,"entities":{"hashtags":[],"symbols":[],"user_mentions":[],"urls":[{"url":"https://t.co/CRj25XoGZk","expanded_url":"https://youtu.be/UVzWIGk0dEM","display_url":"youtu.be/UVzWIGk0dEM","indices":[41,64]}],"media":[{"id":887985696014688300,"id_str":"887985696014688257","indices":[106,129],"media_url":"http://pbs.twimg.com/ext_tw_video_thumb/887985696014688257/pu/img/U1LnCYZhnb4VjkZN.jpg","media_url_https":"https://pbs.twimg.com/ext_tw_video_thumb/887985696014688257/pu/img/U1LnCYZhnb4VjkZN.jpg","url":"https://t.co/L44Ahp7vai","display_url":"pic.twitter.com/L44Ahp7vai","expanded_url":"https://twitter.com/My_kwk_N/status/887986194524512256/video/1","type":"photo","sizes":{"medium":{"w":600,"h":380,"resize":"fit"},"large":{"w":1024,"h":648,"resize":"fit"},"thumb":{"w":150,"h":150,"resize":"crop"},"small":{"w":340,"h":215,"resize":"fit"}}}]},"extended_entities":{"media":[{"id":887985696014688300,"id_str":"887985696014688257","indices":[106,129],"media_url":"http://pbs.twimg.com/ext_tw_video_thumb/887985696014688257/pu/img/U1LnCYZhnb4VjkZN.jpg","media_url_https":"https://pbs.twimg.com/ext_tw_video_thumb/887985696014688257/pu/img/U1LnCYZhnb4VjkZN.jpg","url":"https://t.co/L44Ahp7vai","display_url":"pic.twitter.com/L44Ahp7vai","expanded_url":"https://twitter.com/My_kwk_N/status/887986194524512256/video/1","type":"video","sizes":{"medium":{"w":600,"h":380,"resize":"fit"},"large":{"w":1024,"h":648,"resize":"fit"},"thumb":{"w":150,"h":150,"resize":"crop"},"small":{"w":340,"h":215,"resize":"fit"}},"video_info":{"aspect_ratio":[569,360],"duration_millis":46164,"variants":[{"content_type":"application/x-mpegURL","url":"https://video.twimg.com/ext_tw_video/887985696014688257/pu/pl/zDdQ9ln0KTinsGbm.m3u8"},{"bitrate":2176000,"content_type":"video/mp4","url":"https://video.twimg.com/ext_tw_video/887985696014688257/pu/vid/1138x720/jSE2kUxNQZILHJMQ.mp4"},{"bitrate":320000,"content_type":"video/mp4","url":"https://video.twimg.com/ext_tw_video/887985696014688257/pu/vid/284x180/go4Ds2fbAY4dpn8R.mp4"},{"bitrate":832000,"content_type":"video/mp4","url":"https://video.twimg.com/ext_tw_video/887985696014688257/pu/vid/568x360/cdmN2sUhSmvYhpFD.mp4"}]},"additional_media_info":{"monetizable":false}}]},"metadata":{"iso_language_code":"ja","result_type":"recent"},"source":"<a href=\"http://twitter.com/download/iphone\" rel=\"nofollow\">Twitter for iPhone</a>","in_reply_to_status_id":null,"in_reply_to_status_id_str":null,"in_reply_to_user_id":null,"in_reply_to_user_id_str":null,"in_reply_to_screen_name":null,"user":{"id":2897656159,"id_str":"2897656159","name":"みやかわくん","screen_name":"My_kwk_N","location":"","description":"つぁ","url":null,"entities":{"description":{"urls":[]}},"protected":false,"followers_count":403510,"friends_count":69,"listed_count":1241,"created_at":"Wed Nov 12 14:34:23 +0000 2014","favourites_count":36691,"utc_offset":-25200,"time_zone":"Pacific Time (US & Canada)","geo_enabled":false,"verified":false,"statuses_count":6200,"lang":"ja","contributors_enabled":false,"is_translator":false,"is_translation_enabled":false,"profile_background_color":"000000","profile_background_image_url":"http://abs.twimg.com/images/themes/theme1/bg.png","profile_background_image_url_https":"https://abs.twimg.com/images/themes/theme1/bg.png","profile_background_tile":false,"profile_image_url":"http://pbs.twimg.com/profile_images/863795897691287552/Hx3P2xcH_normal.jpg","profile_image_url_https":"https://pbs.twimg.com/profile_images/863795897691287552/Hx3P2xcH_normal.jpg","profile_banner_url":"https://pbs.twimg.com/profile_banners/2897656159/1473694510","profile_link_color":"9266CC","profile_sidebar_border_color":"000000","profile_sidebar_fill_color":"000000","profile_text_color":"000000","profile_use_background_image":false,"has_extended_profile":false,"default_profile":false,"default_profile_image":false,"following":false,"follow_request_sent":false,"notifications":false,"translator_type":"none"},"geo":null,"coordinates":null,"place":null,"contributors":null,"is_quote_status":false,"retweet_count":6316,"favorite_count":17916,"favorited":false,"retweeted":false,"possibly_sensitive":false,"lang":"ja"},{"created_at":"Thu Jul 20 10:36:57 +0000 2017","id":887984668200452100,"id_str":"887984668200452098","text":"【梶】二藤尚哉役で出演させていただいている「ヲタクに恋は難しい」、TVアニメ化決定しました！\n\nアルタビジョンで解禁という斬新さ！\n一緒に写ろうと思いましたがピントが合わず…(笑)\n\n今夜のノイタミナ枠中にPVが流れるそうです！… https://t.co/LCUuNJ7ARJ","truncated":true,"entities":{"hashtags":[],"symbols":[],"user_mentions":[],"urls":[{"url":"https://t.co/LCUuNJ7ARJ","expanded_url":"https://twitter.com/i/web/status/887984668200452098","display_url":"twitter.com/i/web/status/8…","indices":[116,139]}]},"metadata":{"iso_language_code":"ja","result_type":"recent"},"source":"<a href=\"http://twitter.com/download/iphone\" rel=\"nofollow\">Twitter for iPhone</a>","in_reply_to_status_id":null,"in_reply_to_status_id_str":null,"in_reply_to_user_id":null,"in_reply_to_user_id_str":null,"in_reply_to_screen_name":null,"user":{"id":2380691000,"id_str":"2380691000","name":"梶裕貴@staff","screen_name":"KAJI_staff","location":"","description":"VIMSスタッフによる、梶裕貴のお仕事情報です。","url":"http://t.co/N9JELVHLiT","entities":{"url":{"urls":[{"url":"http://t.co/N9JELVHLiT","expanded_url":"http://www.vims.co.jp/","display_url":"vims.co.jp","indices":[0,22]}]},"description":{"urls":[]}},"protected":false,"followers_count":136476,"friends_count":0,"listed_count":2412,"created_at":"Sun Mar 09 16:21:12 +0000 2014","favourites_count":0,"utc_offset":28800,"time_zone":"Irkutsk","geo_enabled":false,"verified":false,"statuses_count":1447,"lang":"ja","contributors_enabled":false,"is_translator":false,"is_translation_enabled":false,"profile_background_color":"B2DFDA","profile_background_image_url":"http://abs.twimg.com/images/themes/theme13/bg.gif","profile_background_image_url_https":"https://abs.twimg.com/images/themes/theme13/bg.gif","profile_background_tile":false,"profile_image_url":"http://pbs.twimg.com/profile_images/444040220044832768/2WcTBJaH_normal.jpeg","profile_image_url_https":"https://pbs.twimg.com/profile_images/444040220044832768/2WcTBJaH_normal.jpeg","profile_link_color":"93A644","profile_sidebar_border_color":"EEEEEE","profile_sidebar_fill_color":"FFFFFF","profile_text_color":"333333","profile_use_background_image":true,"has_extended_profile":false,"default_profile":false,"default_profile_image":false,"following":false,"follow_request_sent":false,"notifications":false,"translator_type":"none"},"geo":null,"coordinates":null,"place":null,"contributors":null,"is_quote_status":false,"retweet_count":6416,"favorite_count":12023,"favorited":false,"retweeted":false,"possibly_sensitive":false,"lang":"ja"},{"created_at":"Thu Jul 20 10:00:34 +0000 2017","id":887975512412377100,"id_str":"887975512412377089","text":"ヲタク同士の恋を描く「ヲタクに恋は難しい」ノイタミナでテレビアニメ化 https://t.co/6fniRgJijh https://t.co/cGw5VIEr7K","truncated":false,"entities":{"hashtags":[],"symbols":[],"user_mentions":[],"urls":[{"url":"https://t.co/6fniRgJijh","expanded_url":"http://natalie.mu/comic/news/241465","display_url":"natalie.mu/comic/news/241…","indices":[35,58]}],"media":[{"id":887975509224677400,"id_str":"887975509224677376","indices":[59,82],"media_url":"http://pbs.twimg.com/media/DFK5BVyVYAAOfSU.jpg","media_url_https":"https://pbs.twimg.com/media/DFK5BVyVYAAOfSU.jpg","url":"https://t.co/cGw5VIEr7K","display_url":"pic.twitter.com/cGw5VIEr7K","expanded_url":"https://twitter.com/comic_natalie/status/887975512412377089/photo/1","type":"photo","sizes":{"small":{"w":480,"h":680,"resize":"fit"},"thumb":{"w":150,"h":150,"resize":"crop"},"medium":{"w":640,"h":906,"resize":"fit"},"large":{"w":640,"h":906,"resize":"fit"}}}]},"extended_entities":{"media":[{"id":887975509224677400,"id_str":"887975509224677376","indices":[59,82],"media_url":"http://pbs.twimg.com/media/DFK5BVyVYAAOfSU.jpg","media_url_https":"https://pbs.twimg.com/media/DFK5BVyVYAAOfSU.jpg","url":"https://t.co/cGw5VIEr7K","display_url":"pic.twitter.com/cGw5VIEr7K","expanded_url":"https://twitter.com/comic_natalie/status/887975512412377089/photo/1","type":"photo","sizes":{"small":{"w":480,"h":680,"resize":"fit"},"thumb":{"w":150,"h":150,"resize":"crop"},"medium":{"w":640,"h":906,"resize":"fit"},"large":{"w":640,"h":906,"resize":"fit"}}}]},"metadata":{"iso_language_code":"ja","result_type":"recent"},"source":"<a href=\"http://natalie.mu/comic\" rel=\"nofollow\">comic_natalie</a>","in_reply_to_status_id":null,"in_reply_to_status_id_str":null,"in_reply_to_user_id":null,"in_reply_to_user_id_str":null,"in_reply_to_screen_name":null,"user":{"id":18622184,"id_str":"18622184","name":"コミックナタリー","screen_name":"comic_natalie","location":"東京","description":"マンガのニュースを毎日発信するコミックナタリーの記事ヘッドラインをお届け。音楽ナタリー（@natalie_mu）、お笑いナタリー（@owarai_natalie）、映画ナタリー（@eiga_natalie）、ステージナタリー（@stage_natalie）ナタリーストア（@natalie_store）も併せてどうぞ。","url":"http://t.co/oDRqtG4rhU","entities":{"url":{"urls":[{"url":"http://t.co/oDRqtG4rhU","expanded_url":"http://natalie.mu/comic","display_url":"natalie.mu/comic","indices":[0,22]}]},"description":{"urls":[]}},"protected":false,"followers_count":323153,"friends_count":6,"listed_count":9762,"created_at":"Mon Jan 05 03:33:30 +0000 2009","favourites_count":57,"utc_offset":32400,"time_zone":"Tokyo","geo_enabled":false,"verified":true,"statuses_count":54427,"lang":"ja","contributors_enabled":false,"is_translator":false,"is_translation_enabled":false,"profile_background_color":"E4E0D9","profile_background_image_url":"http://pbs.twimg.com/profile_background_images/4244500/comic_bg.png","profile_background_image_url_https":"https://pbs.twimg.com/profile_background_images/4244500/comic_bg.png","profile_background_tile":false,"profile_image_url":"http://pbs.twimg.com/profile_images/541890424114126848/EEFqjOib_normal.png","profile_image_url_https":"https://pbs.twimg.com/profile_images/541890424114126848/EEFqjOib_normal.png","profile_banner_url":"https://pbs.twimg.com/profile_banners/18622184/1418031708","profile_link_color":"7DB739","profile_sidebar_border_color":"E4E0D9","profile_sidebar_fill_color":"FFFFFF","profile_text_color":"333333","profile_use_background_image":true,"has_extended_profile":false,"default_profile":false,"default_profile_image":false,"following":false,"follow_request_sent":false,"notifications":false,"translator_type":"none"},"geo":null,"coordinates":null,"place":null,"contributors":null,"is_quote_status":false,"retweet_count":19683,"favorite_count":16799,"favorited":false,"retweeted":false,"possibly_sensitive":false,"lang":"ja"},{"created_at":"Thu Jul 20 09:34:44 +0000 2017","id":887969009525637100,"id_str":"887969009525637121","text":"水着イベント第2部のドロップと敵構成色々まとめました。\n敵構成に関しては2016年の情報に加え、今回の復刻からの「ヤドカリ系が全部クエストにあったクラスになった」点を加味したものです。\n※敵構成実際に触ってミスがあれば修正します…… https://t.co/cLGeT8GeuJ","truncated":true,"entities":{"hashtags":[],"symbols":[],"user_mentions":[],"urls":[{"url":"https://t.co/cLGeT8GeuJ","expanded_url":"https://twitter.com/i/web/status/887969009525637121","display_url":"twitter.com/i/web/status/8…","indices":[117,140]}]},"metadata":{"iso_language_code":"ja","result_type":"recent"},"source":"<a href=\"http://twitter.com\" rel=\"nofollow\">Twitter Web Client</a>","in_reply_to_status_id":null,"in_reply_to_status_id_str":null,"in_reply_to_user_id":null,"in_reply_to_user_id_str":null,"in_reply_to_screen_name":null,"user":{"id":887566608012529700,"id_str":"887566608012529666","name":"FGO攻略＠GameWith","screen_name":"FGO_GW","location":"種火超級","description":"攻略サイトGameWithの公式アカウントです。7月18日開設(╹◡╹)編集部の中の人が記事に起こす前の速報、検証などの攻略情報などを呟いていきます。複数人で運用しているので、口調やテンションバリバリ変わります。","url":"https://t.co/TLnMmbSc0f","entities":{"url":{"urls":[{"url":"https://t.co/TLnMmbSc0f","expanded_url":"https://fatego.gamewith.jp","display_url":"fatego.gamewith.jp","indices":[0,23]}]},"description":{"urls":[]}},"protected":false,"followers_count":1112,"friends_count":2,"listed_count":34,"created_at":"Wed Jul 19 06:55:44 +0000 2017","favourites_count":0,"utc_offset":null,"time_zone":null,"geo_enabled":false,"verified":false,"statuses_count":26,"lang":"ja","contributors_enabled":false,"is_translator":false,"is_translation_enabled":false,"profile_background_color":"000000","profile_background_image_url":"http://abs.twimg.com/images/themes/theme1/bg.png","profile_background_image_url_https":"https://abs.twimg.com/images/themes/theme1/bg.png","profile_background_tile":false,"profile_image_url":"http://pbs.twimg.com/profile_images/887573142054387714/Tre-i_bS_normal.jpg","profile_image_url_https":"https://pbs.twimg.com/profile_images/887573142054387714/Tre-i_bS_normal.jpg","profile_banner_url":"https://pbs.twimg.com/profile_banners/887566608012529666/1500449020","profile_link_color":"1B95E0","profile_sidebar_border_color":"000000","profile_sidebar_fill_color":"000000","profile_text_color":"000000","profile_use_background_image":false,"has_extended_profile":false,"default_profile":false,"default_profile_image":false,"following":false,"follow_request_sent":false,"notifications":false,"translator_type":"none"},"geo":null,"coordinates":null,"place":null,"contributors":null,"is_quote_status":false,"retweet_count":5254,"favorite_count":7621,"favorited":false,"retweeted":false,"possibly_sensitive":false,"lang":"ja"},{"created_at":"Thu Jul 20 09:09:30 +0000 2017","id":887962661341634600,"id_str":"887962661341634560","text":"『ガールズ＆パンツァー　ドリームタンクマッチ』PS4で今冬発売決定！本作品らしい臨場感・爽快感のある戦車の動きをお楽しみいただける戦車アクションゲームとなっており、オンライン対戦も可能になります！… https://t.co/r7YRWJB10U","truncated":true,"entities":{"hashtags":[],"symbols":[],"user_mentions":[],"urls":[{"url":"https://t.co/r7YRWJB10U","expanded_url":"https://twitter.com/i/web/status/887962661341634560","display_url":"twitter.com/i/web/status/8…","indices":[100,123]}]},"metadata":{"iso_language_code":"ja","result_type":"recent"},"source":"<a href=\"http://twitter.com\" rel=\"nofollow\">Twitter Web Client</a>","in_reply_to_status_id":null,"in_reply_to_status_id_str":null,"in_reply_to_user_id":null,"in_reply_to_user_id_str":null,"in_reply_to_screen_name":null,"user":{"id":580916046,"id_str":"580916046","name":"「ガールズ＆パンツァー」公式アカウント","screen_name":"garupan","location":"茨城県東茨城郡大洗町","description":"「ガールズ＆パンツァー 劇場版」BD&DVD好評発売中！「ガールズ＆パンツァー 最終章」は全6話で劇場イベント上映！第1話は2017年12月9日公開予定！パンツァーフォー！","url":"https://t.co/A6G1VN84qe","entities":{"url":{"urls":[{"url":"https://t.co/A6G1VN84qe","expanded_url":"http://girls-und-panzer.jp/","display_url":"girls-und-panzer.jp","indices":[0,23]}]},"description":{"urls":[]}},"protected":false,"followers_count":160582,"friends_count":131,"listed_count":3724,"created_at":"Tue May 15 12:15:17 +0000 2012","favourites_count":163,"utc_offset":-25200,"time_zone":"Pacific Time (US & Canada)","geo_enabled":false,"verified":true,"statuses_count":23242,"lang":"ja","contributors_enabled":false,"is_translator":false,"is_translation_enabled":false,"profile_background_color":"C0DEED","profile_background_image_url":"http://abs.twimg.com/images/themes/theme1/bg.png","profile_background_image_url_https":"https://abs.twimg.com/images/themes/theme1/bg.png","profile_background_tile":false,"profile_image_url":"http://pbs.twimg.com/profile_images/824154368693993472/7H3J35LI_normal.jpg","profile_image_url_https":"https://pbs.twimg.com/profile_images/824154368693993472/7H3J35LI_normal.jpg","profile_banner_url":"https://pbs.twimg.com/profile_banners/580916046/1480593040","profile_link_color":"1DA1F2","profile_sidebar_border_color":"C0DEED","profile_sidebar_fill_color":"DDEEF6","profile_text_color":"333333","profile_use_background_image":true,"has_extended_profile":true,"default_profile":true,"default_profile_image":false,"following":false,"follow_request_sent":false,"notifications":false,"translator_type":"none"},"geo":null,"coordinates":null,"place":null,"contributors":null,"is_quote_status":false,"retweet_count":9895,"favorite_count":6395,"favorited":false,"retweeted":false,"possibly_sensitive":false,"lang":"ja"},{"created_at":"Thu Jul 20 09:07:07 +0000 2017","id":887962061585748000,"id_str":"887962061585747969","text":"真似するタヌキ https://t.co/r1GmimUvkm","truncated":false,"entities":{"hashtags":[],"symbols":[],"user_mentions":[],"urls":[],"media":[{"id":887961971898724400,"id_str":"887961971898724353","indices":[8,31],"media_url":"http://pbs.twimg.com/media/DFKstXUUMAEIh9Q.png","media_url_https":"https://pbs.twimg.com/media/DFKstXUUMAEIh9Q.png","url":"https://t.co/r1GmimUvkm","display_url":"pic.twitter.com/r1GmimUvkm","expanded_url":"https://twitter.com/atamotonu/status/887962061585747969/photo/1","type":"photo","sizes":{"medium":{"w":368,"h":500,"resize":"fit"},"large":{"w":368,"h":500,"resize":"fit"},"small":{"w":368,"h":500,"resize":"fit"},"thumb":{"w":150,"h":150,"resize":"crop"}}}]},"extended_entities":{"media":[{"id":887961971898724400,"id_str":"887961971898724353","indices":[8,31],"media_url":"http://pbs.twimg.com/media/DFKstXUUMAEIh9Q.png","media_url_https":"https://pbs.twimg.com/media/DFKstXUUMAEIh9Q.png","url":"https://t.co/r1GmimUvkm","display_url":"pic.twitter.com/r1GmimUvkm","expanded_url":"https://twitter.com/atamotonu/status/887962061585747969/photo/1","type":"photo","sizes":{"medium":{"w":368,"h":500,"resize":"fit"},"large":{"w":368,"h":500,"resize":"fit"},"small":{"w":368,"h":500,"resize":"fit"},"thumb":{"w":150,"h":150,"resize":"crop"}}}]},"metadata":{"iso_language_code":"ja","result_type":"recent"},"source":"<a href=\"http://twitter.com\" rel=\"nofollow\">Twitter Web Client</a>","in_reply_to_status_id":null,"in_reply_to_status_id_str":null,"in_reply_to_user_id":null,"in_reply_to_user_id_str":null,"in_reply_to_screen_name":null,"user":{"id":723128021540954100,"id_str":"723128021540954113","name":"アタモト","screen_name":"atamotonu","location":"","description":"仕事関係の告知と楽描き用アカウント。 「タヌキとキツネ」「たるしば」など色々描いてます。リプ返し出来なくてごめんなさい、いつもありがとうございます。タヌキとキツネLINEスタンプ→https://t.co/Xpx4P8NBPs ※当アカウントのイラストの加工や転載はご遠慮ください","url":"https://t.co/3h6zd8eIug","entities":{"url":{"urls":[{"url":"https://t.co/3h6zd8eIug","expanded_url":"http://inch.sakura.ne.jp/","display_url":"inch.sakura.ne.jp","indices":[0,23]}]},"description":{"urls":[{"url":"https://t.co/Xpx4P8NBPs","expanded_url":"http://line.me/S/shop/sticker/author/101150","display_url":"line.me/S/shop/sticker…","indices":[90,113]}]}},"protected":false,"followers_count":479750,"friends_count":21,"listed_count":3644,"created_at":"Thu Apr 21 12:35:30 +0000 2016","favourites_count":159,"utc_offset":32400,"time_zone":"Tokyo","geo_enabled":false,"verified":false,"statuses_count":833,"lang":"ja","contributors_enabled":false,"is_translator":false,"is_translation_enabled":false,"profile_background_color":"000000","profile_background_image_url":"http://abs.twimg.com/images/themes/theme1/bg.png","profile_background_image_url_https":"https://abs.twimg.com/images/themes/theme1/bg.png","profile_background_tile":false,"profile_image_url":"http://pbs.twimg.com/profile_images/812948188793434112/Mu7Li4la_normal.jpg","profile_image_url_https":"https://pbs.twimg.com/profile_images/812948188793434112/Mu7Li4la_normal.jpg","profile_link_color":"D98719","profile_sidebar_border_color":"000000","profile_sidebar_fill_color":"000000","profile_text_color":"000000","profile_use_background_image":false,"has_extended_profile":false,"default_profile":false,"default_profile_image":false,"following":false,"follow_request_sent":false,"notifications":false,"translator_type":"none"},"geo":null,"coordinates":null,"place":null,"contributors":null,"is_quote_status":false,"retweet_count":8311,"favorite_count":22030,"favorited":false,"retweeted":false,"possibly_sensitive":false,"lang":"ja"},{"created_at":"Thu Jul 20 09:04:34 +0000 2017","id":887961418477092900,"id_str":"887961418477092865","text":"【ブログ更新】最終章 第1話 特報映像には、見覚えのない戦車が！キャラクターが！そして華は生徒会長としてどんな動きを・・・!?こちらは詳細を後日発表！続報をお待ち下さい！https://t.co/kfKm9qp4Lp… https://t.co/GzXZwDwt60","truncated":true,"entities":{"hashtags":[],"symbols":[],"user_mentions":[],"urls":[{"url":"https://t.co/kfKm9qp4Lp","expanded_url":"http://girls-und-panzer.at.webry.info/201707/article_4.html","display_url":"girls-und-panzer.at.webry.info/201707/article…","indices":[85,108]},{"url":"https://t.co/GzXZwDwt60","expanded_url":"https://twitter.com/i/web/status/887961418477092865","display_url":"twitter.com/i/web/status/8…","indices":[110,133]}]},"metadata":{"iso_language_code":"ja","result_type":"recent"},"source":"<a href=\"http://twitter.com\" rel=\"nofollow\">Twitter Web Client</a>","in_reply_to_status_id":null,"in_reply_to_status_id_str":null,"in_reply_to_user_id":null,"in_reply_to_user_id_str":null,"in_reply_to_screen_name":null,"user":{"id":580916046,"id_str":"580916046","name":"「ガールズ＆パンツァー」公式アカウント","screen_name":"garupan","location":"茨城県東茨城郡大洗町","description":"「ガールズ＆パンツァー 劇場版」BD&DVD好評発売中！「ガールズ＆パンツァー 最終章」は全6話で劇場イベント上映！第1話は2017年12月9日公開予定！パンツァーフォー！","url":"https://t.co/A6G1VN84qe","entities":{"url":{"urls":[{"url":"https://t.co/A6G1VN84qe","expanded_url":"http://girls-und-panzer.jp/","display_url":"girls-und-panzer.jp","indices":[0,23]}]},"description":{"urls":[]}},"protected":false,"followers_count":160582,"friends_count":131,"listed_count":3724,"created_at":"Tue May 15 12:15:17 +0000 2012","favourites_count":163,"utc_offset":-25200,"time_zone":"Pacific Time (US & Canada)","geo_enabled":false,"verified":true,"statuses_count":23242,"lang":"ja","contributors_enabled":false,"is_translator":false,"is_translation_enabled":false,"profile_background_color":"C0DEED","profile_background_image_url":"http://abs.twimg.com/images/themes/theme1/bg.png","profile_background_image_url_https":"https://abs.twimg.com/images/themes/theme1/bg.png","profile_background_tile":false,"profile_image_url":"http://pbs.twimg.com/profile_images/824154368693993472/7H3J35LI_normal.jpg","profile_image_url_https":"https://pbs.twimg.com/profile_images/824154368693993472/7H3J35LI_normal.jpg","profile_banner_url":"https://pbs.twimg.com/profile_banners/580916046/1480593040","profile_link_color":"1DA1F2","profile_sidebar_border_color":"C0DEED","profile_sidebar_fill_color":"DDEEF6","profile_text_color":"333333","profile_use_background_image":true,"has_extended_profile":true,"default_profile":true,"default_profile_image":false,"following":false,"follow_request_sent":false,"notifications":false,"translator_type":"none"},"geo":null,"coordinates":null,"place":null,"contributors":null,"is_quote_status":false,"retweet_count":7885,"favorite_count":5336,"favorited":false,"retweeted":false,"possibly_sensitive":false,"lang":"ja"},{"created_at":"Thu Jul 20 09:01:40 +0000 2017","id":887960688009687000,"id_str":"887960688009687040","text":"【超速報】アニメ『ガールズ＆パンツァー 最終章』第1話の特報映像＋PS4『ガールズ＆パンツァー ドリームタンクマッチ』ティザーPVを公開！PS4でゲーム化決定です！！まずは動画を御覧下さい。 #garupan https://t.co/ms5ytWl4P3","truncated":false,"entities":{"hashtags":[{"text":"garupan","indices":[96,104]}],"symbols":[],"user_mentions":[],"urls":[{"url":"https://t.co/ms5ytWl4P3","expanded_url":"https://youtu.be/C1Z6L31E0ZA","display_url":"youtu.be/C1Z6L31E0ZA","indices":[105,128]}]},"metadata":{"iso_language_code":"ja","result_type":"recent"},"source":"<a href=\"http://twitter.com\" rel=\"nofollow\">Twitter Web Client</a>","in_reply_to_status_id":null,"in_reply_to_status_id_str":null,"in_reply_to_user_id":null,"in_reply_to_user_id_str":null,"in_reply_to_screen_name":null,"user":{"id":580916046,"id_str":"580916046","name":"「ガールズ＆パンツァー」公式アカウント","screen_name":"garupan","location":"茨城県東茨城郡大洗町","description":"「ガールズ＆パンツァー 劇場版」BD&DVD好評発売中！「ガールズ＆パンツァー 最終章」は全6話で劇場イベント上映！第1話は2017年12月9日公開予定！パンツァーフォー！","url":"https://t.co/A6G1VN84qe","entities":{"url":{"urls":[{"url":"https://t.co/A6G1VN84qe","expanded_url":"http://girls-und-panzer.jp/","display_url":"girls-und-panzer.jp","indices":[0,23]}]},"description":{"urls":[]}},"protected":false,"followers_count":160582,"friends_count":131,"listed_count":3724,"created_at":"Tue May 15 12:15:17 +0000 2012","favourites_count":163,"utc_offset":-25200,"time_zone":"Pacific Time (US & Canada)","geo_enabled":false,"verified":true,"statuses_count":23242,"lang":"ja","contributors_enabled":false,"is_translator":false,"is_translation_enabled":false,"profile_background_color":"C0DEED","profile_background_image_url":"http://abs.twimg.com/images/themes/theme1/bg.png","profile_background_image_url_https":"https://abs.twimg.com/images/themes/theme1/bg.png","profile_background_tile":false,"profile_image_url":"http://pbs.twimg.com/profile_images/824154368693993472/7H3J35LI_normal.jpg","profile_image_url_https":"https://pbs.twimg.com/profile_images/824154368693993472/7H3J35LI_normal.jpg","profile_banner_url":"https://pbs.twimg.com/profile_banners/580916046/1480593040","profile_link_color":"1DA1F2","profile_sidebar_border_color":"C0DEED","profile_sidebar_fill_color":"DDEEF6","profile_text_color":"333333","profile_use_background_image":true,"has_extended_profile":true,"default_profile":true,"default_profile_image":false,"following":false,"follow_request_sent":false,"notifications":false,"translator_type":"none"},"geo":null,"coordinates":null,"place":null,"contributors":null,"is_quote_status":false,"retweet_count":5843,"favorite_count":3637,"favorited":false,"retweeted":false,"possibly_sensitive":false,"lang":"ja"},{"created_at":"Thu Jul 20 09:00:09 +0000 2017","id":887960308848840700,"id_str":"887960308848840704","text":"【カルデア広報局より】\n7月20日(木)17:00より実施しておりますメンテナンスを延長させていただきます。メンテナンス終了の目途が立ち次第、あらためてご報告いたします。お客様には、ご迷惑をおかけいたしますことをお詫び申し上げます。 #FateGO","truncated":false,"entities":{"hashtags":[{"text":"FateGO","indices":[117,124]}],"symbols":[],"user_mentions":[],"urls":[]},"metadata":{"iso_language_code":"ja","result_type":"recent"},"source":"<a href=\"http://twitter.com\" rel=\"nofollow\">Twitter Web Client</a>","in_reply_to_status_id":null,"in_reply_to_status_id_str":null,"in_reply_to_user_id":null,"in_reply_to_user_id_str":null,"in_reply_to_screen_name":null,"user":{"id":2968069742,"id_str":"2968069742","name":"【公式】Fate/Grand Order","screen_name":"fgoproject","location":"","description":"TYPE-MOONが贈る、新たな「Fate」RPG「Fate/Grand Order」公式アカウント。カルデア広報局より、皆様に最新情報をお届けします！公式ハッシュタグ → #FateGO","url":"http://t.co/NtAp9EJPBj","entities":{"url":{"urls":[{"url":"http://t.co/NtAp9EJPBj","expanded_url":"http://www.fate-go.jp/","display_url":"fate-go.jp","indices":[0,22]}]},"description":{"urls":[]}},"protected":false,"followers_count":731656,"friends_count":0,"listed_count":8926,"created_at":"Fri Jan 09 04:12:09 +0000 2015","favourites_count":0,"utc_offset":32400,"time_zone":"Seoul","geo_enabled":false,"verified":true,"statuses_count":1962,"lang":"ja","contributors_enabled":false,"is_translator":false,"is_translation_enabled":false,"profile_background_color":"C0DEED","profile_background_image_url":"http://abs.twimg.com/images/themes/theme1/bg.png","profile_background_image_url_https":"https://abs.twimg.com/images/themes/theme1/bg.png","profile_background_tile":false,"profile_image_url":"http://pbs.twimg.com/profile_images/848188127462031361/LR9bGs9q_normal.jpg","profile_image_url_https":"https://pbs.twimg.com/profile_images/848188127462031361/LR9bGs9q_normal.jpg","profile_banner_url":"https://pbs.twimg.com/profile_banners/2968069742/1491058804","profile_link_color":"3B94D9","profile_sidebar_border_color":"C0DEED","profile_sidebar_fill_color":"DDEEF6","profile_text_color":"333333","profile_use_background_image":true,"has_extended_profile":false,"default_profile":false,"default_profile_image":false,"following":false,"follow_request_sent":false,"notifications":false,"translator_type":"none"},"geo":null,"coordinates":null,"place":null,"contributors":null,"is_quote_status":false,"retweet_count":17091,"favorite_count":8180,"favorited":false,"retweeted":false,"lang":"ja"},{"created_at":"Thu Jul 20 08:00:04 +0000 2017","id":887945185237364700,"id_str":"887945185237364736","text":"『もっとマンガで分かる！Fate/Grand Order』第83話更新！宝具の守りで事態を免れたマシュたち。丸焼けになったカルデアの跡地で、最後の戦いの火蓋が切られる！ #FateGO https://t.co/UmGfS8GxIk https://t.co/Knqc87vRjQ","truncated":false,"entities":{"hashtags":[{"text":"FateGO","indices":[85,92]}],"symbols":[],"user_mentions":[],"urls":[{"url":"https://t.co/UmGfS8GxIk","expanded_url":"http://www.fate-go.jp/manga_fgo2/","display_url":"fate-go.jp/manga_fgo2/","indices":[93,116]}],"media":[{"id":887945182292856800,"id_str":"887945182292856836","indices":[117,140],"media_url":"http://pbs.twimg.com/media/DFKdcFKV0AQSuzz.jpg","media_url_https":"https://pbs.twimg.com/media/DFKdcFKV0AQSuzz.jpg","url":"https://t.co/Knqc87vRjQ","display_url":"pic.twitter.com/Knqc87vRjQ","expanded_url":"https://twitter.com/fgoproject/status/887945185237364736/photo/1","type":"photo","sizes":{"small":{"w":680,"h":385,"resize":"fit"},"large":{"w":990,"h":560,"resize":"fit"},"thumb":{"w":150,"h":150,"resize":"crop"},"medium":{"w":990,"h":560,"resize":"fit"}}}]},"extended_entities":{"media":[{"id":887945182292856800,"id_str":"887945182292856836","indices":[117,140],"media_url":"http://pbs.twimg.com/media/DFKdcFKV0AQSuzz.jpg","media_url_https":"https://pbs.twimg.com/media/DFKdcFKV0AQSuzz.jpg","url":"https://t.co/Knqc87vRjQ","display_url":"pic.twitter.com/Knqc87vRjQ","expanded_url":"https://twitter.com/fgoproject/status/887945185237364736/photo/1","type":"photo","sizes":{"small":{"w":680,"h":385,"resize":"fit"},"large":{"w":990,"h":560,"resize":"fit"},"thumb":{"w":150,"h":150,"resize":"crop"},"medium":{"w":990,"h":560,"resize":"fit"}}}]},"metadata":{"iso_language_code":"ja","result_type":"recent"},"source":"<a href=\"http://www.hootsuite.com\" rel=\"nofollow\">Hootsuite</a>","in_reply_to_status_id":null,"in_reply_to_status_id_str":null,"in_reply_to_user_id":null,"in_reply_to_user_id_str":null,"in_reply_to_screen_name":null,"user":{"id":2968069742,"id_str":"2968069742","name":"【公式】Fate/Grand Order","screen_name":"fgoproject","location":"","description":"TYPE-MOONが贈る、新たな「Fate」RPG「Fate/Grand Order」公式アカウント。カルデア広報局より、皆様に最新情報をお届けします！公式ハッシュタグ → #FateGO","url":"http://t.co/NtAp9EJPBj","entities":{"url":{"urls":[{"url":"http://t.co/NtAp9EJPBj","expanded_url":"http://www.fate-go.jp/","display_url":"fate-go.jp","indices":[0,22]}]},"description":{"urls":[]}},"protected":false,"followers_count":731656,"friends_count":0,"listed_count":8926,"created_at":"Fri Jan 09 04:12:09 +0000 2015","favourites_count":0,"utc_offset":32400,"time_zone":"Seoul","geo_enabled":false,"verified":true,"statuses_count":1962,"lang":"ja","contributors_enabled":false,"is_translator":false,"is_translation_enabled":false,"profile_background_color":"C0DEED","profile_background_image_url":"http://abs.twimg.com/images/themes/theme1/bg.png","profile_background_image_url_https":"https://abs.twimg.com/images/themes/theme1/bg.png","profile_background_tile":false,"profile_image_url":"http://pbs.twimg.com/profile_images/848188127462031361/LR9bGs9q_normal.jpg","profile_image_url_https":"https://pbs.twimg.com/profile_images/848188127462031361/LR9bGs9q_normal.jpg","profile_banner_url":"https://pbs.twimg.com/profile_banners/2968069742/1491058804","profile_link_color":"3B94D9","profile_sidebar_border_color":"C0DEED","profile_sidebar_fill_color":"DDEEF6","profile_text_color":"333333","profile_use_background_image":true,"has_extended_profile":false,"default_profile":false,"default_profile_image":false,"following":false,"follow_request_sent":false,"notifications":false,"translator_type":"none"},"geo":null,"coordinates":null,"place":null,"contributors":null,"is_quote_status":false,"retweet_count":7626,"favorite_count":4413,"favorited":false,"retweeted":false,"possibly_sensitive":false,"lang":"ja"},{"created_at":"Thu Jul 20 07:58:50 +0000 2017","id":887944876565831700,"id_str":"887944876565831680","text":"【グランブルーファンタジー】イベント「決戦！星の古戦場」において、９月開催イベントボスの属性を以下のように変更いたします。\n（変更前）イベントボス：風属性\n（変更後）イベントボス：土属性\n詳しくはゲーム内のお知らせをご確認ください。#グラブル","truncated":false,"entities":{"hashtags":[{"text":"グラブル","indices":[116,121]}],"symbols":[],"user_mentions":[],"urls":[]},"metadata":{"iso_language_code":"ja","result_type":"recent"},"source":"<a href=\"http://engagemanager.tribalmedia.co.jp/\" rel=\"nofollow\">EngageManager</a>","in_reply_to_status_id":null,"in_reply_to_status_id_str":null,"in_reply_to_user_id":null,"in_reply_to_user_id_str":null,"in_reply_to_screen_name":null,"user":{"id":1549889018,"id_str":"1549889018","name":"グランブルーファンタジー","screen_name":"granbluefantasy","location":"","description":"｢グランブルーファンタジー｣公式Twitterアカウントです。運営からのお知らせをツイートします。","url":"https://t.co/15Gqq9oUyB","entities":{"url":{"urls":[{"url":"https://t.co/15Gqq9oUyB","expanded_url":"http://granbluefantasy.jp/","display_url":"granbluefantasy.jp","indices":[0,23]}]},"description":{"urls":[]}},"protected":false,"followers_count":452328,"friends_count":14,"listed_count":6148,"created_at":"Thu Jun 27 06:05:10 +0000 2013","favourites_count":0,"utc_offset":28800,"time_zone":"Irkutsk","geo_enabled":false,"verified":true,"statuses_count":5154,"lang":"ja","contributors_enabled":false,"is_translator":false,"is_translation_enabled":false,"profile_background_color":"131516","profile_background_image_url":"http://pbs.twimg.com/profile_background_images/378800000141035672/NJ6ibXgz.jpeg","profile_background_image_url_https":"https://pbs.twimg.com/profile_background_images/378800000141035672/NJ6ibXgz.jpeg","profile_background_tile":false,"profile_image_url":"http://pbs.twimg.com/profile_images/875517323288891393/NAdjoxu8_normal.jpg","profile_image_url_https":"https://pbs.twimg.com/profile_images/875517323288891393/NAdjoxu8_normal.jpg","profile_banner_url":"https://pbs.twimg.com/profile_banners/1549889018/1401448093","profile_link_color":"009999","profile_sidebar_border_color":"FFFFFF","profile_sidebar_fill_color":"EFEFEF","profile_text_color":"333333","profile_use_background_image":true,"has_extended_profile":false,"default_profile":false,"default_profile_image":false,"following":false,"follow_request_sent":false,"notifications":false,"translator_type":"none"},"geo":null,"coordinates":null,"place":null,"contributors":null,"is_quote_status":false,"retweet_count":5543,"favorite_count":1277,"favorited":false,"retweeted":false,"lang":"ja"},{"created_at":"Thu Jul 20 07:57:25 +0000 2017","id":887944519898996700,"id_str":"887944519898996736","text":"過労自殺するなら仕事辞めろって言うけど\n仕事辞めて市役所行って国保の手続きして毎月国民年金払って\n毎日毎日金がなくなるのに仕事は見つからなくて家で一日中求人を眺める日々を送って\n自己嫌悪に苛まれても誰も助けてくれなくて社会は必要としてくれなくて\nそんな地獄味わうくらいなら自殺する","truncated":false,"entities":{"hashtags":[],"symbols":[],"user_mentions":[],"urls":[]},"metadata":{"iso_language_code":"ja","result_type":"recent"},"source":"<a href=\"http://twitter.com\" rel=\"nofollow\">Twitter Web Client</a>","in_reply_to_status_id":null,"in_reply_to_status_id_str":null,"in_reply_to_user_id":null,"in_reply_to_user_id_str":null,"in_reply_to_screen_name":null,"user":{"id":3223713156,"id_str":"3223713156","name":"ぴーえる 🔞","screen_name":"PL_Marconi","location":"同担拒否","description":"座右の銘は「気合と根性（と図々しさ）」","url":"https://t.co/DzQLJKcUh7","entities":{"url":{"urls":[{"url":"https://t.co/DzQLJKcUh7","expanded_url":"https://pl-marconi.tumblr.com/","display_url":"pl-marconi.tumblr.com","indices":[0,23]}]},"description":{"urls":[]}},"protected":false,"followers_count":49,"friends_count":449,"listed_count":1,"created_at":"Sat May 23 01:02:32 +0000 2015","favourites_count":4941,"utc_offset":-25200,"time_zone":"Pacific Time (US & Canada)","geo_enabled":false,"verified":false,"statuses_count":23597,"lang":"ja","contributors_enabled":false,"is_translator":false,"is_translation_enabled":false,"profile_background_color":"FFFFFF","profile_background_image_url":"http://pbs.twimg.com/profile_background_images/682746842405187584/m6dzFnkL.png","profile_background_image_url_https":"https://pbs.twimg.com/profile_background_images/682746842405187584/m6dzFnkL.png","profile_background_tile":false,"profile_image_url":"http://pbs.twimg.com/profile_images/884701056277520385/BLdmL8dT_normal.jpg","profile_image_url_https":"https://pbs.twimg.com/profile_images/884701056277520385/BLdmL8dT_normal.jpg","profile_banner_url":"https://pbs.twimg.com/profile_banners/3223713156/1498343114","profile_link_color":"878787","profile_sidebar_border_color":"000000","profile_sidebar_fill_color":"000000","profile_text_color":"000000","profile_use_background_image":true,"has_extended_profile":false,"default_profile":false,"default_profile_image":false,"following":false,"follow_request_sent":false,"notifications":false,"translator_type":"none"},"geo":null,"coordinates":null,"place":null,"contributors":null,"is_quote_status":false,"retweet_count":9411,"favorite_count":8969,"favorited":false,"retweeted":false,"lang":"ja"},{"created_at":"Thu Jul 20 07:54:30 +0000 2017","id":887943786231283700,"id_str":"887943786231283712","text":"振り返りブログを更新しました。\n\n「舞台「刀剣乱舞」義伝 暁の独眼竜 振り返って 」\nhttps://t.co/akJh07Fhfp\n多少長いので、\nお時間あるときに読んでくださるお嬉しいです(´ω｀)\n\n主。\nありがとう。 https://t.co/hTjlUGAMDz","truncated":false,"entities":{"hashtags":[],"symbols":[],"user_mentions":[],"urls":[{"url":"https://t.co/akJh07Fhfp","expanded_url":"http://ameblo.jp/aramaki-yoshihiko/entry-12294344268.html","display_url":"ameblo.jp/aramaki-yoshih…","indices":[43,66]}],"media":[{"id":887943779528749000,"id_str":"887943779528749058","indices":[113,136],"media_url":"http://pbs.twimg.com/media/DFKcKbdUMAIVbLl.jpg","media_url_https":"https://pbs.twimg.com/media/DFKcKbdUMAIVbLl.jpg","url":"https://t.co/hTjlUGAMDz","display_url":"pic.twitter.com/hTjlUGAMDz","expanded_url":"https://twitter.com/ara_mackey/status/887943786231283712/photo/1","type":"photo","sizes":{"large":{"w":750,"h":1000,"resize":"fit"},"small":{"w":510,"h":680,"resize":"fit"},"thumb":{"w":150,"h":150,"resize":"crop"},"medium":{"w":750,"h":1000,"resize":"fit"}}}]},"extended_entities":{"media":[{"id":887943779528749000,"id_str":"887943779528749058","indices":[113,136],"media_url":"http://pbs.twimg.com/media/DFKcKbdUMAIVbLl.jpg","media_url_https":"https://pbs.twimg.com/media/DFKcKbdUMAIVbLl.jpg","url":"https://t.co/hTjlUGAMDz","display_url":"pic.twitter.com/hTjlUGAMDz","expanded_url":"https://twitter.com/ara_mackey/status/887943786231283712/photo/1","type":"photo","sizes":{"large":{"w":750,"h":1000,"resize":"fit"},"small":{"w":510,"h":680,"resize":"fit"},"thumb":{"w":150,"h":150,"resize":"crop"},"medium":{"w":750,"h":1000,"resize":"fit"}}}]},"metadata":{"iso_language_code":"ja","result_type":"recent"},"source":"<a href=\"http://twitter.com/download/iphone\" rel=\"nofollow\">Twitter for iPhone</a>","in_reply_to_status_id":null,"in_reply_to_status_id_str":null,"in_reply_to_user_id":null,"in_reply_to_user_id_str":null,"in_reply_to_screen_name":null,"user":{"id":1473908226,"id_str":"1473908226","name":"荒牧慶彦","screen_name":"ara_mackey","location":"","description":"俳優。 トキエンタテインメント所属。 荒牧慶彦(あらまきよしひこ)2月5日生まれ 2017年 6〜7月 舞台「刀剣乱舞」山姥切国広 役 10月舞台「K MISSING KINGS」夜刀神狗朗 役 スマホアプリ「戦刻ナイトブラッド」上杉景勝 役 「イケメンヴァンパイア」フィンセント・ファン・ゴッホ 役","url":"https://t.co/GiAVcAoSU8","entities":{"url":{"urls":[{"url":"https://t.co/GiAVcAoSU8","expanded_url":"http://s.ameblo.jp/aramaki-yoshihiko/","display_url":"s.ameblo.jp/aramaki-yoshih…","indices":[0,23]}]},"description":{"urls":[]}},"protected":false,"followers_count":122588,"friends_count":172,"listed_count":5539,"created_at":"Sat Jun 01 06:08:28 +0000 2013","favourites_count":0,"utc_offset":null,"time_zone":null,"geo_enabled":false,"verified":false,"statuses_count":4920,"lang":"ja","contributors_enabled":false,"is_translator":false,"is_translation_enabled":false,"profile_background_color":"C0DEED","profile_background_image_url":"http://abs.twimg.com/images/themes/theme1/bg.png","profile_background_image_url_https":"https://abs.twimg.com/images/themes/theme1/bg.png","profile_background_tile":false,"profile_image_url":"http://pbs.twimg.com/profile_images/869716102661545985/nIr-xJVK_normal.jpg","profile_image_url_https":"https://pbs.twimg.com/profile_images/869716102661545985/nIr-xJVK_normal.jpg","profile_banner_url":"https://pbs.twimg.com/profile_banners/1473908226/1482736323","profile_link_color":"1DA1F2","profile_sidebar_border_color":"C0DEED","profile_sidebar_fill_color":"DDEEF6","profile_text_color":"333333","profile_use_background_image":true,"has_extended_profile":false,"default_profile":true,"default_profile_image":false,"following":false,"follow_request_sent":false,"notifications":false,"translator_type":"none"},"geo":null,"coordinates":null,"place":null,"contributors":null,"is_quote_status":false,"retweet_count":7219,"favorite_count":16119,"favorited":false,"retweeted":false,"possibly_sensitive":false,"lang":"ja"}],"search_metadata":{"completed_in":0.684,"max_id":887999305885270000,"max_id_str":"887999305885270017","next_results":"?max_id=887943786231283711&q=lang%3Aja%20min_retweets%3A5000&include_entities=1","query":"lang%3Aja+min_retweets%3A5000","refresh_url":"?since_id=887999305885270017&q=lang%3Aja%20min_retweets%3A5000&include_entities=1","count":15,"since_id":0,"since_id_str":"0"}}