{"statuses":[{"created_at":"Thu Jul 20 13:01:24 +0000 2017","id":888021019449065500,"id_str":"888021019449065472","text":"伝説のポケモンがもうすぐ登場！詳しくはこちら:  https://t.co/KVMGRnWNfc https://t.co/pnxzvgxsIP","truncated":false,"entities":{"hashtags":[],"symbols":[],"user_mentions":[],"urls":[{"url":"https://t.co/KVMGRnWNfc","expanded_url":"http://pokemongolive.com/ja/post/legendarypokemon","display_url":"pokemongolive.com/ja/post/legend…","indices":[25,48]},{"url":"https://t.co/pnxzvgxsIP","expanded_url":"https://www.youtube.com/watch?v=EchmU8J7pT0","display_url":"youtube.com/watch?v=EchmU8…","indices":[49,72]}]},"metadata":{"iso_language_code":"ja","result_type":"recent"},"source":"<a href=\"http://www.falcon.io\" rel=\"nofollow\">Falcon Social Media Management </a>","in_reply_to_status_id":null,"in_reply_to_status_id_str":null,"in_reply_to_user_id":null,"in_reply_to_user_id_str":null,"in_reply_to_screen_name":null,"user":{"id":745131593392488400,"id_str":"745131593392488449","name":"Pokémon GO Japan","screen_name":"PokemonGOAppJP","location":"","description":"スマートフォン向けリアルワールドゲーム、Pokémon GOの日本公式アカウントです。Pokémon GOの最新情報をこちらからお伝えいたします。","url":null,"entities":{"description":{"urls":[]}},"protected":false,"followers_count":239926,"friends_count":2,"listed_count":2654,"created_at":"Tue Jun 21 05:49:50 +0000 2016","favourites_count":2,"utc_offset":-25200,"time_zone":"Pacific Time (US & Canada)","geo_enabled":false,"verified":true,"statuses_count":127,"lang":"en","contributors_enabled":false,"is_translator":false,"is_translation_enabled":false,"profile_background_color":"F5F8FA","profile_background_image_url":null,"profile_background_image_url_https":null,"profile_background_tile":false,"profile_image_url":"http://pbs.twimg.com/profile_images/750744855341518848/fElW45pA_normal.jpg","profile_image_url_https":"https://pbs.twimg.com/profile_images/750744855341518848/fElW45pA_normal.jpg","profile_banner_url":"https://pbs.twimg.com/profile_banners/745131593392488449/1498184647","profile_link_color":"1DA1F2","profile_sidebar_border_color":"C0DEED","profile_sidebar_fill_color":"DDEEF6","profile_text_color":"333333","profile_use_background_image":true,"has_extended_profile":false,"default_profile":true,"default_profile_image":false,"following":false,"follow_request_sent":false,"notifications":false,"translator_type":"none"},"geo":null,"coordinates":null,"place":null,"contributors":null,"is_quote_status":false,"retweet_count":6274,"favorite_count":4169,"favorited":false,"retweeted":false,"possibly_sensitive":false,"lang":"ja"},{"created_at":"Thu Jul 20 13:00:06 +0000 2017","id":888020694776336400,"id_str":"888020694776336385","text":"『Pokémon GO』に、伝説のポケモンが登場！ 最新映像をチェック！ https://t.co/HZUevHHuNO #ポケモンGO https://t.co/BZ4V2hEZeK","truncated":false,"entities":{"hashtags":[{"text":"ポケモンGO","indices":[61,68]}],"symbols":[],"user_mentions":[],"urls":[{"url":"https://t.co/HZUevHHuNO","expanded_url":"https://www.youtube.com/watch?v=EchmU8J7pT0","display_url":"youtube.com/watch?v=EchmU8…","indices":[37,60]}],"media":[{"id":888020690238091300,"id_str":"888020690238091266","indices":[69,92],"media_url":"http://pbs.twimg.com/media/DFLiHOLWsAINu02.jpg","media_url_https":"https://pbs.twimg.com/media/DFLiHOLWsAINu02.jpg","url":"https://t.co/BZ4V2hEZeK","display_url":"pic.twitter.com/BZ4V2hEZeK","expanded_url":"https://twitter.com/Pokemon_cojp/status/888020694776336385/photo/1","type":"photo","sizes":{"small":{"w":680,"h":255,"resize":"fit"},"medium":{"w":1200,"h":450,"resize":"fit"},"thumb":{"w":150,"h":150,"resize":"crop"},"large":{"w":1600,"h":600,"resize":"fit"}}}]},"extended_entities":{"media":[{"id":888020690238091300,"id_str":"888020690238091266","indices":[69,92],"media_url":"http://pbs.twimg.com/media/DFLiHOLWsAINu02.jpg","media_url_https":"https://pbs.twimg.com/media/DFLiHOLWsAINu02.jpg","url":"https://t.co/BZ4V2hEZeK","display_url":"pic.twitter.com/BZ4V2hEZeK","expanded_url":"https://twitter.com/Pokemon_cojp/status/888020694776336385/photo/1","type":"photo","sizes":{"small":{"w":680,"h":255,"resize":"fit"},"medium":{"w":1200,"h":450,"resize":"fit"},"thumb":{"w":150,"h":150,"resize":"crop"},"large":{"w":1600,"h":600,"resize":"fit"}}}]},"metadata":{"iso_language_code":"ja","result_type":"recent"},"source":"<a href=\"http://www.radian6.com\" rel=\"nofollow\">Radian6 -Social Media Management</a>","in_reply_to_status_id":null,"in_reply_to_status_id_str":null,"in_reply_to_user_id":null,"in_reply_to_user_id_str":null,"in_reply_to_screen_name":null,"user":{"id":323091128,"id_str":"323091128","name":"ポケモン公式ツイッター","screen_name":"Pokemon_cojp","location":"東京都","description":"株式会社ポケモンの公式アカウントより、「ポケットモンスターオフィシャルサイト」最新情報をお届けします。\r\nお客様からの個別のメッセージなどは、Twitter上ではご返答できかねますのでご了承下さい。\r\n「ポケットモンスターオフィシャルサイト」のお問い合わせ窓口よりご連絡下さい。","url":"http://t.co/fpHgcccZIk","entities":{"url":{"urls":[{"url":"http://t.co/fpHgcccZIk","expanded_url":"http://www.pokemon.co.jp/","display_url":"pokemon.co.jp","indices":[0,22]}]},"description":{"urls":[]}},"protected":false,"followers_count":465440,"friends_count":3,"listed_count":5507,"created_at":"Fri Jun 24 07:12:45 +0000 2011","favourites_count":0,"utc_offset":32400,"time_zone":"Tokyo","geo_enabled":false,"verified":true,"statuses_count":7679,"lang":"ja","contributors_enabled":false,"is_translator":false,"is_translation_enabled":false,"profile_background_color":"FFE017","profile_background_image_url":"http://pbs.twimg.com/profile_background_images/747564846/b1272a6602f8339072079eb2863042fe.gif","profile_background_image_url_https":"https://pbs.twimg.com/profile_background_images/747564846/b1272a6602f8339072079eb2863042fe.gif","profile_background_tile":true,"profile_image_url":"http://pbs.twimg.com/profile_images/875568149554274307/dC3miYeA_normal.jpg","profile_image_url_https":"https://pbs.twimg.com/profile_images/875568149554274307/dC3miYeA_normal.jpg","profile_banner_url":"https://pbs.twimg.com/profile_banners/323091128/1499398880","profile_link_color":"0088CC","profile_sidebar_border_color":"FFFFFF","profile_sidebar_fill_color":"FFF9CF","profile_text_color":"333333","profile_use_background_image":true,"has_extended_profile":false,"default_profile":false,"default_profile_image":false,"following":false,"follow_request_sent":false,"notifications":false,"translator_type":"none"},"geo":null,"coordinates":null,"place":null,"contributors":null,"is_quote_status":false,"retweet_count":5624,"favorite_count":4172,"favorited":false,"retweeted":false,"possibly_sensitive":false,"lang":"ja"},{"created_at":"Thu Jul 20 12:54:38 +0000 2017","id":888019317551317000,"id_str":"888019317551316993","text":"関ジャニ観に来たんですけど！えげつないめっちゃ盛り上がってたんですけど！超うけるんですけど！ https://t.co/MzBNyq5Sxb","truncated":false,"entities":{"hashtags":[],"symbols":[],"user_mentions":[],"urls":[],"media":[{"id":888019303496163300,"id_str":"888019303496163328","indices":[47,70],"media_url":"http://pbs.twimg.com/media/DFLg2gKUIAA_Ige.jpg","media_url_https":"https://pbs.twimg.com/media/DFLg2gKUIAA_Ige.jpg","url":"https://t.co/MzBNyq5Sxb","display_url":"pic.twitter.com/MzBNyq5Sxb","expanded_url":"https://twitter.com/okazaki_taiiku/status/888019317551316993/photo/1","type":"photo","sizes":{"thumb":{"w":150,"h":150,"resize":"crop"},"large":{"w":2048,"h":1536,"resize":"fit"},"medium":{"w":1200,"h":900,"resize":"fit"},"small":{"w":680,"h":510,"resize":"fit"}}}]},"extended_entities":{"media":[{"id":888019303496163300,"id_str":"888019303496163328","indices":[47,70],"media_url":"http://pbs.twimg.com/media/DFLg2gKUIAA_Ige.jpg","media_url_https":"https://pbs.twimg.com/media/DFLg2gKUIAA_Ige.jpg","url":"https://t.co/MzBNyq5Sxb","display_url":"pic.twitter.com/MzBNyq5Sxb","expanded_url":"https://twitter.com/okazaki_taiiku/status/888019317551316993/photo/1","type":"photo","sizes":{"thumb":{"w":150,"h":150,"resize":"crop"},"large":{"w":2048,"h":1536,"resize":"fit"},"medium":{"w":1200,"h":900,"resize":"fit"},"small":{"w":680,"h":510,"resize":"fit"}}}]},"metadata":{"iso_language_code":"ja","result_type":"recent"},"source":"<a href=\"http://twitter.com/download/iphone\" rel=\"nofollow\">Twitter for iPhone</a>","in_reply_to_status_id":null,"in_reply_to_status_id_str":null,"in_reply_to_user_id":null,"in_reply_to_user_id_str":null,"in_reply_to_screen_name":null,"user":{"id":907526713,"id_str":"907526713","name":"岡崎体育","screen_name":"okazaki_taiiku","location":"Kyoto(Uji),Nara/Japan","description":"盆地テクノやってます■目標はさいたまスーパーアリーナでのワンマンです■公式の情報通知は(@mansatti)です。■似顔絵アイコンby五味岳久","url":"https://t.co/nxn6mOFRgG","entities":{"url":{"urls":[{"url":"https://t.co/nxn6mOFRgG","expanded_url":"http://okazakitaiiku.com","display_url":"okazakitaiiku.com","indices":[0,23]}]},"description":{"urls":[]}},"protected":false,"followers_count":242112,"friends_count":474,"listed_count":1451,"created_at":"Sat Oct 27 06:40:26 +0000 2012","favourites_count":5487,"utc_offset":32400,"time_zone":"Seoul","geo_enabled":true,"verified":true,"statuses_count":10209,"lang":"ja","contributors_enabled":false,"is_translator":false,"is_translation_enabled":false,"profile_background_color":"000000","profile_background_image_url":"http://abs.twimg.com/images/themes/theme1/bg.png","profile_background_image_url_https":"https://abs.twimg.com/images/themes/theme1/bg.png","profile_background_tile":false,"profile_image_url":"http://pbs.twimg.com/profile_images/438983782041784320/ZtyIWPy1_normal.jpeg","profile_image_url_https":"https://pbs.twimg.com/profile_images/438983782041784320/ZtyIWPy1_normal.jpeg","profile_banner_url":"https://pbs.twimg.com/profile_banners/907526713/1500482692","profile_link_color":"3B94D9","profile_sidebar_border_color":"000000","profile_sidebar_fill_color":"000000","profile_text_color":"000000","profile_use_background_image":false,"has_extended_profile":true,"default_profile":false,"default_profile_image":false,"following":false,"follow_request_sent":false,"notifications":false,"translator_type":"none"},"geo":null,"coordinates":null,"place":null,"contributors":null,"is_quote_status":false,"retweet_count":7711,"favorite_count":18648,"favorited":false,"retweeted":false,"possibly_sensitive":false,"lang":"ja"},{"created_at":"Thu Jul 20 12:22:30 +0000 2017","id":888011231377858600,"id_str":"888011231377858560","text":"ミリオンラジオ！にて発表された、アイドルマスター×パ・リーグコラボ 765プロアイドルの応援イラスト。 https://t.co/xEgnl0GsfY","truncated":false,"entities":{"hashtags":[],"symbols":[],"user_mentions":[],"urls":[],"media":[{"id":888011084367409200,"id_str":"888011084367409152","indices":[52,75],"media_url":"http://pbs.twimg.com/media/DFLZYFhUMAAcMwo.jpg","media_url_https":"https://pbs.twimg.com/media/DFLZYFhUMAAcMwo.jpg","url":"https://t.co/xEgnl0GsfY","display_url":"pic.twitter.com/xEgnl0GsfY","expanded_url":"https://twitter.com/imas_DB/status/888011231377858560/photo/1","type":"photo","sizes":{"thumb":{"w":150,"h":150,"resize":"crop"},"large":{"w":832,"h":720,"resize":"fit"},"medium":{"w":832,"h":720,"resize":"fit"},"small":{"w":680,"h":588,"resize":"fit"}}}]},"extended_entities":{"media":[{"id":888011084367409200,"id_str":"888011084367409152","indices":[52,75],"media_url":"http://pbs.twimg.com/media/DFLZYFhUMAAcMwo.jpg","media_url_https":"https://pbs.twimg.com/media/DFLZYFhUMAAcMwo.jpg","url":"https://t.co/xEgnl0GsfY","display_url":"pic.twitter.com/xEgnl0GsfY","expanded_url":"https://twitter.com/imas_DB/status/888011231377858560/photo/1","type":"photo","sizes":{"thumb":{"w":150,"h":150,"resize":"crop"},"large":{"w":832,"h":720,"resize":"fit"},"medium":{"w":832,"h":720,"resize":"fit"},"small":{"w":680,"h":588,"resize":"fit"}}}]},"metadata":{"iso_language_code":"ja","result_type":"recent"},"source":"<a href=\"http://twitter.com\" rel=\"nofollow\">Twitter Web Client</a>","in_reply_to_status_id":null,"in_reply_to_status_id_str":null,"in_reply_to_user_id":null,"in_reply_to_user_id_str":null,"in_reply_to_screen_name":null,"user":{"id":135142148,"id_str":"135142148","name":"アイマスDB","screen_name":"imas_DB","location":"まるあみゅ.ねっと プロジェクト","description":"@mirai_iro による個人ファンサイト「アイドルマスターデータベース」が運営する、サイトの更新情報やアイドルマスター関連情報をお届けするアカウントです。ツイート内容は現地取材や公式発表などを元とするものですが、バンダイナムコそのほか各社さまとは関係ございません。アイコン画像制作：イトマ(@itomxy)","url":"https://t.co/oOaG6qk39T","entities":{"url":{"urls":[{"url":"https://t.co/oOaG6qk39T","expanded_url":"https://imas-db.jp/","display_url":"imas-db.jp","indices":[0,23]}]},"description":{"urls":[]}},"protected":false,"followers_count":29156,"friends_count":402,"listed_count":768,"created_at":"Tue Apr 20 13:08:16 +0000 2010","favourites_count":4325,"utc_offset":32400,"time_zone":"Tokyo","geo_enabled":true,"verified":false,"statuses_count":41920,"lang":"ja","contributors_enabled":false,"is_translator":false,"is_translation_enabled":false,"profile_background_color":"C0DEED","profile_background_image_url":"http://abs.twimg.com/images/themes/theme1/bg.png","profile_background_image_url_https":"https://abs.twimg.com/images/themes/theme1/bg.png","profile_background_tile":false,"profile_image_url":"http://pbs.twimg.com/profile_images/881916533957459968/2iyFrpab_normal.png","profile_image_url_https":"https://pbs.twimg.com/profile_images/881916533957459968/2iyFrpab_normal.png","profile_link_color":"1DA1F2","profile_sidebar_border_color":"C0DEED","profile_sidebar_fill_color":"DDEEF6","profile_text_color":"333333","profile_use_background_image":true,"has_extended_profile":false,"default_profile":true,"default_profile_image":false,"following":false,"follow_request_sent":false,"notifications":false,"translator_type":"regular"},"geo":null,"coordinates":null,"place":null,"contributors":null,"is_quote_status":false,"retweet_count":7865,"favorite_count":5822,"favorited":false,"retweeted":false,"possibly_sensitive":false,"lang":"ja"},{"created_at":"Thu Jul 20 11:42:50 +0000 2017","id":888001248846258200,"id_str":"888001248846258176","text":"『夢のまた夢』と『罰ゲーム』ミリオンありがとう！\nＣＤ発表までにいったらいいなって思っていたら...！　\nしかし！！それを予知して準備していたものが！！\n過去曲にもスポットをあてたくて！！例のアレです！！！\n\n明日の１８時に『夢のまた夢』の実写MVを投稿します！！（ようつべ）","truncated":false,"entities":{"hashtags":[],"symbols":[],"user_mentions":[],"urls":[]},"metadata":{"iso_language_code":"ja","result_type":"recent"},"source":"<a href=\"http://twitter.com\" rel=\"nofollow\">Twitter Web Client</a>","in_reply_to_status_id":null,"in_reply_to_status_id_str":null,"in_reply_to_user_id":null,"in_reply_to_user_id_str":null,"in_reply_to_screen_name":null,"user":{"id":268758461,"id_str":"268758461","name":"まふまふ＠何でも屋さん","screen_name":"uni_mafumafu","location":"夢の中","description":"何でも屋です。ねむり　歌 / 作詞作曲 / 編曲　After the Rain、オリコンウィークリー２位獲得しました　まふてる⇒(@uni_mafuteru) ニコニコ動画 https://t.co/9XtigvFrOE  Youtube https://t.co/QoUG6At4z2","url":"https://t.co/cSdsbyhY3S","entities":{"url":{"urls":[{"url":"https://t.co/cSdsbyhY3S","expanded_url":"http://uni-mafumafu.jp/","display_url":"uni-mafumafu.jp","indices":[0,23]}]},"description":{"urls":[{"url":"https://t.co/9XtigvFrOE","expanded_url":"http://goo.gl/UQU30u","display_url":"goo.gl/UQU30u","indices":[87,110]},{"url":"https://t.co/QoUG6At4z2","expanded_url":"http://youtube.com/c/uni_mafumafu","display_url":"youtube.com/c/uni_mafumafu","indices":[120,143]}]}},"protected":false,"followers_count":859430,"friends_count":427,"listed_count":9338,"created_at":"Sat Mar 19 12:05:43 +0000 2011","favourites_count":2180,"utc_offset":null,"time_zone":null,"geo_enabled":false,"verified":true,"statuses_count":51692,"lang":"ja","contributors_enabled":false,"is_translator":false,"is_translation_enabled":false,"profile_background_color":"131516","profile_background_image_url":"http://pbs.twimg.com/profile_background_images/489831337700777985/V9q5tR8K.png","profile_background_image_url_https":"https://pbs.twimg.com/profile_background_images/489831337700777985/V9q5tR8K.png","profile_background_tile":false,"profile_image_url":"http://pbs.twimg.com/profile_images/852817717774004225/yyRc5caq_normal.jpg","profile_image_url_https":"https://pbs.twimg.com/profile_images/852817717774004225/yyRc5caq_normal.jpg","profile_banner_url":"https://pbs.twimg.com/profile_banners/268758461/1464252254","profile_link_color":"009999","profile_sidebar_border_color":"FFFFFF","profile_sidebar_fill_color":"252429","profile_text_color":"666666","profile_use_background_image":true,"has_extended_profile":false,"default_profile":false,"default_profile_image":false,"following":false,"follow_request_sent":false,"notifications":false,"translator_type":"none"},"geo":null,"coordinates":null,"place":null,"contributors":null,"is_quote_status":false,"retweet_count":6634,"favorite_count":25504,"favorited":false,"retweeted":false,"lang":"ja"},{"created_at":"Thu Jul 20 11:35:07 +0000 2017","id":887999305885270000,"id_str":"887999305885270017","text":"※ネット等画像転載禁止\n\n63年弱生きてきて産まれてはじめて野球場の客席でお酒を飲む。\nずーっと夢だったんだって。\nほら、いつだって野球は「仕事」だったからさ。\n野球を見ながらお酒を飲む こんな贅沢な事はない。\n俺は俺で右耳で父の… https://t.co/wHWiCD1oVt","truncated":true,"entities":{"hashtags":[],"symbols":[],"user_mentions":[],"urls":[{"url":"https://t.co/wHWiCD1oVt","expanded_url":"https://twitter.com/i/web/status/887999305885270017","display_url":"twitter.com/i/web/status/8…","indices":[117,140]}]},"metadata":{"iso_language_code":"ja","result_type":"recent"},"source":"<a href=\"http://twitter.com/download/android\" rel=\"nofollow\">Twitter for Android</a>","in_reply_to_status_id":null,"in_reply_to_status_id_str":null,"in_reply_to_user_id":null,"in_reply_to_user_id_str":null,"in_reply_to_screen_name":null,"user":{"id":1670577858,"id_str":"1670577858","name":"落合福嗣","screen_name":"fukushi_o","location":"青二プロダクション","description":"1日1本映画を見る事が好き\n\n※基本的に呟き、ツイート､画像等は転載禁止でおねがいします。","url":null,"entities":{"description":{"urls":[]}},"protected":false,"followers_count":22137,"friends_count":352,"listed_count":458,"created_at":"Wed Aug 14 14:11:32 +0000 2013","favourites_count":71,"utc_offset":null,"time_zone":null,"geo_enabled":true,"verified":false,"statuses_count":8556,"lang":"ja","contributors_enabled":false,"is_translator":false,"is_translation_enabled":false,"profile_background_color":"332833","profile_background_image_url":"http://pbs.twimg.com/profile_background_images/457296270713815040/ZXxdyHUb.jpeg","profile_background_image_url_https":"https://pbs.twimg.com/profile_background_images/457296270713815040/ZXxdyHUb.jpeg","profile_background_tile":true,"profile_image_url":"http://pbs.twimg.com/profile_images/814661747692871680/AjZy5BBc_normal.jpg","profile_image_url_https":"https://pbs.twimg.com/profile_images/814661747692871680/AjZy5BBc_normal.jpg","profile_banner_url":"https://pbs.twimg.com/profile_banners/1670577858/1468653355","profile_link_color":"0084B4","profile_sidebar_border_color":"C0DEED","profile_sidebar_fill_color":"DDEEF6","profile_text_color":"333333","profile_use_background_image":true,"has_extended_profile":false,"default_profile":false,"default_profile_image":false,"following":false,"follow_request_sent":false,"notifications":false,"translator_type":"none"},"geo":null,"coordinates":null,"place":null,"contributors":null,"is_quote_status":false,"retweet_count":14194,"favorite_count":19877,"favorited":false,"retweeted":false,"possibly_sensitive":false,"lang":"ja"},{"created_at":"Thu Jul 20 11:19:37 +0000 2017","id":887995406503641100,"id_str":"887995406503641089","text":"【重大告知】１０月１８日、ボクの誕生日にアルバム『明日色ワールドエンド』を出します！！\nアシタイロワールドエンド！！！２年半ぶりのソロアルバムだああああああああああああ！！！！！\n\n詳細… https://t.co/XfudS6yP6u","truncated":true,"entities":{"hashtags":[],"symbols":[],"user_mentions":[],"urls":[{"url":"https://t.co/XfudS6yP6u","expanded_url":"https://twitter.com/i/web/status/887995406503641089","display_url":"twitter.com/i/web/status/8…","indices":[95,118]}]},"metadata":{"iso_language_code":"ja","result_type":"recent"},"source":"<a href=\"http://twitter.com\" rel=\"nofollow\">Twitter Web Client</a>","in_reply_to_status_id":null,"in_reply_to_status_id_str":null,"in_reply_to_user_id":null,"in_reply_to_user_id_str":null,"in_reply_to_screen_name":null,"user":{"id":268758461,"id_str":"268758461","name":"まふまふ＠何でも屋さん","screen_name":"uni_mafumafu","location":"夢の中","description":"何でも屋です。ねむり　歌 / 作詞作曲 / 編曲　After the Rain、オリコンウィークリー２位獲得しました　まふてる⇒(@uni_mafuteru) ニコニコ動画 https://t.co/9XtigvFrOE  Youtube https://t.co/QoUG6At4z2","url":"https://t.co/cSdsbyhY3S","entities":{"url":{"urls":[{"url":"https://t.co/cSdsbyhY3S","expanded_url":"http://uni-mafumafu.jp/","display_url":"uni-mafumafu.jp","indices":[0,23]}]},"description":{"urls":[{"url":"https://t.co/9XtigvFrOE","expanded_url":"http://goo.gl/UQU30u","display_url":"goo.gl/UQU30u","indices":[87,110]},{"url":"https://t.co/QoUG6At4z2","expanded_url":"http://youtube.com/c/uni_mafumafu","display_url":"youtube.com/c/uni_mafumafu","indices":[120,143]}]}},"protected":false,"followers_count":859430,"friends_count":427,"listed_count":9338,"created_at":"Sat Mar 19 12:05:43 +0000 2011","favourites_count":2180,"utc_offset":null,"time_zone":null,"geo_enabled":false,"verified":true,"statuses_count":51692,"lang":"ja","contributors_enabled":false,"is_translator":false,"is_translation_enabled":false,"profile_background_color":"131516","profile_background_image_url":"http://pbs.twimg.com/profile_background_images/489831337700777985/V9q5tR8K.png","profile_background_image_url_https":"https://pbs.twimg.com/profile_background_images/489831337700777985/V9q5tR8K.png","profile_background_tile":false,"profile_image_url":"http://pbs.twimg.com/profile_images/852817717774004225/yyRc5caq_normal.jpg","profile_image_url_https":"https://pbs.twimg.com/profile_images/852817717774004225/yyRc5caq_normal.jpg","profile_banner_url":"https://pbs.twimg.com/profile_banners/268758461/1464252254","profile_link_color":"009999","profile_sidebar_border_color":"FFFFFF","profile_sidebar_fill_color":"252429","profile_text_color":"666666","profile_use_background_image":true,"has_extended_profile":false,"default_profile":false,"default_profile_image":false,"following":false,"follow_request_sent":false,"notifications":false,"translator_type":"none"},"geo":null,"coordinates":null,"place":null,"contributors":null,"is_quote_status":false,"retweet_count":15052,"favorite_count":30913,"favorited":false,"retweeted":false,"possibly_sensitive":false,"lang":"ja"},{"created_at":"Thu Jul 20 11:08:55 +0000 2017","id":887992714196734000,"id_str":"887992714196733952","text":"【幽霊とか信じてる人へ】\n\n#共感した人RT \n#心霊写真 \n#TBS \n#合成 https://t.co/JAD0QkJQsE","truncated":false,"entities":{"hashtags":[{"text":"共感した人RT","indices":[14,22]},{"text":"心霊写真","indices":[24,29]},{"text":"TBS","indices":[31,35]},{"text":"合成","indices":[37,40]}],"symbols":[],"user_mentions":[],"urls":[],"media":[{"id":887991282055888900,"id_str":"887991282055888896","indices":[41,64],"media_url":"http://pbs.twimg.com/ext_tw_video_thumb/887991282055888896/pu/img/AxqF3ap-dMx4gBDT.jpg","media_url_https":"https://pbs.twimg.com/ext_tw_video_thumb/887991282055888896/pu/img/AxqF3ap-dMx4gBDT.jpg","url":"https://t.co/JAD0QkJQsE","display_url":"pic.twitter.com/JAD0QkJQsE","expanded_url":"https://twitter.com/DJ_Shacho/status/887992714196733952/video/1","type":"photo","sizes":{"large":{"w":960,"h":540,"resize":"fit"},"small":{"w":340,"h":191,"resize":"fit"},"thumb":{"w":150,"h":150,"resize":"crop"},"medium":{"w":600,"h":338,"resize":"fit"}}}]},"extended_entities":{"media":[{"id":887991282055888900,"id_str":"887991282055888896","indices":[41,64],"media_url":"http://pbs.twimg.com/ext_tw_video_thumb/887991282055888896/pu/img/AxqF3ap-dMx4gBDT.jpg","media_url_https":"https://pbs.twimg.com/ext_tw_video_thumb/887991282055888896/pu/img/AxqF3ap-dMx4gBDT.jpg","url":"https://t.co/JAD0QkJQsE","display_url":"pic.twitter.com/JAD0QkJQsE","expanded_url":"https://twitter.com/DJ_Shacho/status/887992714196733952/video/1","type":"video","sizes":{"large":{"w":960,"h":540,"resize":"fit"},"small":{"w":340,"h":191,"resize":"fit"},"thumb":{"w":150,"h":150,"resize":"crop"},"medium":{"w":600,"h":338,"resize":"fit"}},"video_info":{"aspect_ratio":[16,9],"duration_millis":139933,"variants":[{"bitrate":832000,"content_type":"video/mp4","url":"https://video.twimg.com/ext_tw_video/887991282055888896/pu/vid/640x360/2j9tZE53Rs7XQq7p.mp4"},{"bitrate":320000,"content_type":"video/mp4","url":"https://video.twimg.com/ext_tw_video/887991282055888896/pu/vid/320x180/PaL3Kx0vs8V8Ceys.mp4"},{"content_type":"application/x-mpegURL","url":"https://video.twimg.com/ext_tw_video/887991282055888896/pu/pl/Y4birsKpX3YSafql.m3u8"}]},"additional_media_info":{"monetizable":false}}]},"metadata":{"iso_language_code":"ja","result_type":"recent"},"source":"<a href=\"http://twitter.com/download/iphone\" rel=\"nofollow\">Twitter for iPhone</a>","in_reply_to_status_id":null,"in_reply_to_status_id_str":null,"in_reply_to_user_id":null,"in_reply_to_user_id_str":null,"in_reply_to_screen_name":null,"user":{"id":833201953,"id_str":"833201953","name":"DJ社長【レペゼン地球】","screen_name":"DJ_Shacho","location":"LifeGroup株式会社 代表取締役社長","description":"【実はDJ出来る】【平日毎日約20時に動画UP📹】【全裸でお風呂に入るぐらい変態】【母の名前は卍みきえ卍】【乳首で大根おろせる】【日本鼻ニンニク協会:会長】【首から下イケメン】【フォローしてくれたらプラチナムありがてぇ】【動画以外を呟く垢、仕事依頼DMは➡︎@kimoto_shacho】【レペゼン地球リーダー】","url":"https://t.co/HplDhoNDyf","entities":{"url":{"urls":[{"url":"https://t.co/HplDhoNDyf","expanded_url":"https://www.youtube.com/channel/UC48rXa58MhXkX1Ey5rKZVzw","display_url":"youtube.com/channel/UC48rX…","indices":[0,23]}]},"description":{"urls":[]}},"protected":false,"followers_count":150758,"friends_count":130,"listed_count":143,"created_at":"Wed Sep 19 12:16:35 +0000 2012","favourites_count":18302,"utc_offset":28800,"time_zone":"Irkutsk","geo_enabled":true,"verified":false,"statuses_count":1397,"lang":"ja","contributors_enabled":false,"is_translator":false,"is_translation_enabled":false,"profile_background_color":"022330","profile_background_image_url":"http://abs.twimg.com/images/themes/theme15/bg.png","profile_background_image_url_https":"https://abs.twimg.com/images/themes/theme15/bg.png","profile_background_tile":false,"profile_image_url":"http://pbs.twimg.com/profile_images/871032195099512832/d0Mkdzpe_normal.jpg","profile_image_url_https":"https://pbs.twimg.com/profile_images/871032195099512832/d0Mkdzpe_normal.jpg","profile_banner_url":"https://pbs.twimg.com/profile_banners/833201953/1496213439","profile_link_color":"0084B4","profile_sidebar_border_color":"A8C7F7","profile_sidebar_fill_color":"C0DFEC","profile_text_color":"333333","profile_use_background_image":true,"has_extended_profile":false,"default_profile":false,"default_profile_image":false,"following":false,"follow_request_sent":false,"notifications":false,"translator_type":"none"},"geo":null,"coordinates":null,"place":null,"contributors":null,"is_quote_status":false,"retweet_count":7533,"favorite_count":14498,"favorited":false,"retweeted":false,"possibly_sensitive":false,"lang":"ja"},{"created_at":"Thu Jul 20 11:00:00 +0000 2017","id":887990468587298800,"id_str":"887990468587298816","text":"Hi-STANDARD 18年ぶりとなるフルアルバム\n\n「THE GIFT」リリース決定！ \n\n初の全国アリーナツアー＆ライブハウス公演も決定！ \n\nhttps://t.co/JszUaf9OeC\n\n#ハイスタ #TheGift… https://t.co/2AsT99tFA0","truncated":true,"entities":{"hashtags":[{"text":"ハイスタ","indices":[100,105]},{"text":"TheGift","indices":[106,114]}],"symbols":[],"user_mentions":[],"urls":[{"url":"https://t.co/JszUaf9OeC","expanded_url":"https://thegift.pizzaofdeath.com/","display_url":"thegift.pizzaofdeath.com","indices":[75,98]},{"url":"https://t.co/2AsT99tFA0","expanded_url":"https://twitter.com/i/web/status/887990468587298816","display_url":"twitter.com/i/web/status/8…","indices":[116,139]}]},"metadata":{"iso_language_code":"ja","result_type":"recent"},"source":"<a href=\"http://twitter.com\" rel=\"nofollow\">Twitter Web Client</a>","in_reply_to_status_id":null,"in_reply_to_status_id_str":null,"in_reply_to_user_id":null,"in_reply_to_user_id_str":null,"in_reply_to_screen_name":null,"user":{"id":67267244,"id_str":"67267244","name":"PIZZA OF DEATH","screen_name":"pizza_of_death","location":"Tokyo, JP","description":"fb http://t.co/UzemLk4X1M \r\nYouTube http://t.co/xGpxQGuzRr \r\nSound Cloud http://t.co/TiBagGGLwP\r\nGOODS＆CD http://t.co/t4V4f8TuO7\r\nSatanic http://t.co/tVE8R5iE8E","url":"http://t.co/xLYHiR6kbm","entities":{"url":{"urls":[{"url":"http://t.co/xLYHiR6kbm","expanded_url":"http://www.pizzaofdeath.com/","display_url":"pizzaofdeath.com","indices":[0,22]}]},"description":{"urls":[{"url":"http://t.co/UzemLk4X1M","expanded_url":"http://ow.ly/jlWm4","display_url":"ow.ly/jlWm4","indices":[3,25]},{"url":"http://t.co/xGpxQGuzRr","expanded_url":"http://ow.ly/hUKR5","display_url":"ow.ly/hUKR5","indices":[36,58]},{"url":"http://t.co/TiBagGGLwP","expanded_url":"http://ow.ly/hUKTW","display_url":"ow.ly/hUKTW","indices":[73,95]},{"url":"http://t.co/t4V4f8TuO7","expanded_url":"http://ow.ly/k8SBv","display_url":"ow.ly/k8SBv","indices":[106,128]},{"url":"http://t.co/tVE8R5iE8E","expanded_url":"http://bit.ly/12gBLy8","display_url":"bit.ly/12gBLy8","indices":[138,160]}]}},"protected":false,"followers_count":114746,"friends_count":58951,"listed_count":1678,"created_at":"Thu Aug 20 08:49:26 +0000 2009","favourites_count":3,"utc_offset":32400,"time_zone":"Tokyo","geo_enabled":true,"verified":false,"statuses_count":7413,"lang":"ja","contributors_enabled":false,"is_translator":false,"is_translation_enabled":false,"profile_background_color":"000505","profile_background_image_url":"http://pbs.twimg.com/profile_background_images/378800000164178758/dRtY5iBV.jpeg","profile_background_image_url_https":"https://pbs.twimg.com/profile_background_images/378800000164178758/dRtY5iBV.jpeg","profile_background_tile":false,"profile_image_url":"http://pbs.twimg.com/profile_images/419791697711607808/i1ikLaBF_normal.jpeg","profile_image_url_https":"https://pbs.twimg.com/profile_images/419791697711607808/i1ikLaBF_normal.jpeg","profile_banner_url":"https://pbs.twimg.com/profile_banners/67267244/1369373046","profile_link_color":"173AD4","profile_sidebar_border_color":"FFFFFF","profile_sidebar_fill_color":"00E6FF","profile_text_color":"333333","profile_use_background_image":false,"has_extended_profile":false,"default_profile":false,"default_profile_image":false,"following":false,"follow_request_sent":false,"notifications":false,"translator_type":"none"},"geo":null,"coordinates":null,"place":null,"contributors":null,"is_quote_status":false,"retweet_count":4960,"favorite_count":6780,"favorited":false,"retweeted":false,"possibly_sensitive":false,"lang":"ja"},{"created_at":"Thu Jul 20 10:43:01 +0000 2017","id":887986194524512300,"id_str":"887986194524512256","text":"【みやかわくん】ONE OK ROCK「The Beginning」歌ってみた\n\nhttps://t.co/CRj25XoGZk\n\n珍しく本気を出したので是非。\n\nあと僕達楽器弾けないんですよ勘弁してください。 https://t.co/L44Ahp7vai","truncated":false,"entities":{"hashtags":[],"symbols":[],"user_mentions":[],"urls":[{"url":"https://t.co/CRj25XoGZk","expanded_url":"https://youtu.be/UVzWIGk0dEM","display_url":"youtu.be/UVzWIGk0dEM","indices":[41,64]}],"media":[{"id":887985696014688300,"id_str":"887985696014688257","indices":[106,129],"media_url":"http://pbs.twimg.com/ext_tw_video_thumb/887985696014688257/pu/img/U1LnCYZhnb4VjkZN.jpg","media_url_https":"https://pbs.twimg.com/ext_tw_video_thumb/887985696014688257/pu/img/U1LnCYZhnb4VjkZN.jpg","url":"https://t.co/L44Ahp7vai","display_url":"pic.twitter.com/L44Ahp7vai","expanded_url":"https://twitter.com/My_kwk_N/status/887986194524512256/video/1","type":"photo","sizes":{"medium":{"w":600,"h":380,"resize":"fit"},"large":{"w":1024,"h":648,"resize":"fit"},"thumb":{"w":150,"h":150,"resize":"crop"},"small":{"w":340,"h":215,"resize":"fit"}}}]},"extended_entities":{"media":[{"id":887985696014688300,"id_str":"887985696014688257","indices":[106,129],"media_url":"http://pbs.twimg.com/ext_tw_video_thumb/887985696014688257/pu/img/U1LnCYZhnb4VjkZN.jpg","media_url_https":"https://pbs.twimg.com/ext_tw_video_thumb/887985696014688257/pu/img/U1LnCYZhnb4VjkZN.jpg","url":"https://t.co/L44Ahp7vai","display_url":"pic.twitter.com/L44Ahp7vai","expanded_url":"https://twitter.com/My_kwk_N/status/887986194524512256/video/1","type":"video","sizes":{"medium":{"w":600,"h":380,"resize":"fit"},"large":{"w":1024,"h":648,"resize":"fit"},"thumb":{"w":150,"h":150,"resize":"crop"},"small":{"w":340,"h":215,"resize":"fit"}},"video_info":{"aspect_ratio":[569,360],"duration_millis":46164,"variants":[{"content_type":"application/x-mpegURL","url":"https://video.twimg.com/ext_tw_video/887985696014688257/pu/pl/zDdQ9ln0KTinsGbm.m3u8"},{"bitrate":2176000,"content_type":"video/mp4","url":"https://video.twimg.com/ext_tw_video/887985696014688257/pu/vid/1138x720/jSE2kUxNQZILHJMQ.mp4"},{"bitrate":320000,"content_type":"video/mp4","url":"https://video.twimg.com/ext_tw_video/887985696014688257/pu/vid/284x180/go4Ds2fbAY4dpn8R.mp4"},{"bitrate":832000,"content_type":"video/mp4","url":"https://video.twimg.com/ext_tw_video/887985696014688257/pu/vid/568x360/cdmN2sUhSmvYhpFD.mp4"}]},"additional_media_info":{"monetizable":false}}]},"metadata":{"iso_language_code":"ja","result_type":"recent"},"source":"<a href=\"http://twitter.com/download/iphone\" rel=\"nofollow\">Twitter for iPhone</a>","in_reply_to_status_id":null,"in_reply_to_status_id_str":null,"in_reply_to_user_id":null,"in_reply_to_user_id_str":null,"in_reply_to_screen_name":null,"user":{"id":2897656159,"id_str":"2897656159","name":"みやかわくん","screen_name":"My_kwk_N","location":"","description":"つぁ","url":null,"entities":{"description":{"urls":[]}},"protected":false,"followers_count":403964,"friends_count":69,"listed_count":1242,"created_at":"Wed Nov 12 14:34:23 +0000 2014","favourites_count":36691,"utc_offset":-25200,"time_zone":"Pacific Time (US & Canada)","geo_enabled":false,"verified":false,"statuses_count":6200,"lang":"ja","contributors_enabled":false,"is_translator":false,"is_translation_enabled":false,"profile_background_color":"000000","profile_background_image_url":"http://abs.twimg.com/images/themes/theme1/bg.png","profile_background_image_url_https":"https://abs.twimg.com/images/themes/theme1/bg.png","profile_background_tile":false,"profile_image_url":"http://pbs.twimg.com/profile_images/863795897691287552/Hx3P2xcH_normal.jpg","profile_image_url_https":"https://pbs.twimg.com/profile_images/863795897691287552/Hx3P2xcH_normal.jpg","profile_banner_url":"https://pbs.twimg.com/profile_banners/2897656159/1473694510","profile_link_color":"9266CC","profile_sidebar_border_color":"000000","profile_sidebar_fill_color":"000000","profile_text_color":"000000","profile_use_background_image":false,"has_extended_profile":false,"default_profile":false,"default_profile_image":false,"following":false,"follow_request_sent":false,"notifications":false,"translator_type":"none"},"geo":null,"coordinates":null,"place":null,"contributors":null,"is_quote_status":false,"retweet_count":8195,"favorite_count":24512,"favorited":false,"retweeted":false,"possibly_sensitive":false,"lang":"ja"},{"created_at":"Thu Jul 20 10:36:57 +0000 2017","id":887984668200452100,"id_str":"887984668200452098","text":"【梶】二藤尚哉役で出演させていただいている「ヲタクに恋は難しい」、TVアニメ化決定しました！\n\nアルタビジョンで解禁という斬新さ！\n一緒に写ろうと思いましたがピントが合わず…(笑)\n\n今夜のノイタミナ枠中にPVが流れるそうです！… https://t.co/LCUuNJ7ARJ","truncated":true,"entities":{"hashtags":[],"symbols":[],"user_mentions":[],"urls":[{"url":"https://t.co/LCUuNJ7ARJ","expanded_url":"https://twitter.com/i/web/status/887984668200452098","display_url":"twitter.com/i/web/status/8…","indices":[116,139]}]},"metadata":{"iso_language_code":"ja","result_type":"recent"},"source":"<a href=\"http://twitter.com/download/iphone\" rel=\"nofollow\">Twitter for iPhone</a>","in_reply_to_status_id":null,"in_reply_to_status_id_str":null,"in_reply_to_user_id":null,"in_reply_to_user_id_str":null,"in_reply_to_screen_name":null,"user":{"id":2380691000,"id_str":"2380691000","name":"梶裕貴@staff","screen_name":"KAJI_staff","location":"","description":"VIMSスタッフによる、梶裕貴のお仕事情報です。","url":"http://t.co/N9JELVHLiT","entities":{"url":{"urls":[{"url":"http://t.co/N9JELVHLiT","expanded_url":"http://www.vims.co.jp/","display_url":"vims.co.jp","indices":[0,22]}]},"description":{"urls":[]}},"protected":false,"followers_count":136658,"friends_count":0,"listed_count":2421,"created_at":"Sun Mar 09 16:21:12 +0000 2014","favourites_count":0,"utc_offset":28800,"time_zone":"Irkutsk","geo_enabled":false,"verified":false,"statuses_count":1447,"lang":"ja","contributors_enabled":false,"is_translator":false,"is_translation_enabled":false,"profile_background_color":"B2DFDA","profile_background_image_url":"http://abs.twimg.com/images/themes/theme13/bg.gif","profile_background_image_url_https":"https://abs.twimg.com/images/themes/theme13/bg.gif","profile_background_tile":false,"profile_image_url":"http://pbs.twimg.com/profile_images/444040220044832768/2WcTBJaH_normal.jpeg","profile_image_url_https":"https://pbs.twimg.com/profile_images/444040220044832768/2WcTBJaH_normal.jpeg","profile_link_color":"93A644","profile_sidebar_border_color":"EEEEEE","profile_sidebar_fill_color":"FFFFFF","profile_text_color":"333333","profile_use_background_image":true,"has_extended_profile":false,"default_profile":false,"default_profile_image":false,"following":false,"follow_request_sent":false,"notifications":false,"translator_type":"none"},"geo":null,"coordinates":null,"place":null,"contributors":null,"is_quote_status":false,"retweet_count":8947,"favorite_count":17554,"favorited":false,"retweeted":false,"possibly_sensitive":false,"lang":"ja"},{"created_at":"Thu Jul 20 10:31:31 +0000 2017","id":887983299347357700,"id_str":"887983299347357696","text":"水着コルワ1アビの攻撃UP\n\n簡易検証ですが、フィル10で強化したところ\n攻刃枠の250%UPと思われる数値になりました\n(通常コルワはフィル10で全体145%)\n\nこれは…めちゃ強いのでは…\n#グラブル https://t.co/62RYXoAUXU","truncated":false,"entities":{"hashtags":[{"text":"グラブル","indices":[97,102]}],"symbols":[],"user_mentions":[],"urls":[],"media":[{"id":887982447429689300,"id_str":"887982447429689345","indices":[103,126],"media_url":"http://pbs.twimg.com/media/DFK_VMnUIAEeJqk.jpg","media_url_https":"https://pbs.twimg.com/media/DFK_VMnUIAEeJqk.jpg","url":"https://t.co/62RYXoAUXU","display_url":"pic.twitter.com/62RYXoAUXU","expanded_url":"https://twitter.com/Granblue_GW/status/887983299347357696/photo/1","type":"photo","sizes":{"thumb":{"w":150,"h":150,"resize":"crop"},"large":{"w":685,"h":208,"resize":"fit"},"medium":{"w":685,"h":208,"resize":"fit"},"small":{"w":680,"h":206,"resize":"fit"}}}]},"extended_entities":{"media":[{"id":887982447429689300,"id_str":"887982447429689345","indices":[103,126],"media_url":"http://pbs.twimg.com/media/DFK_VMnUIAEeJqk.jpg","media_url_https":"https://pbs.twimg.com/media/DFK_VMnUIAEeJqk.jpg","url":"https://t.co/62RYXoAUXU","display_url":"pic.twitter.com/62RYXoAUXU","expanded_url":"https://twitter.com/Granblue_GW/status/887983299347357696/photo/1","type":"photo","sizes":{"thumb":{"w":150,"h":150,"resize":"crop"},"large":{"w":685,"h":208,"resize":"fit"},"medium":{"w":685,"h":208,"resize":"fit"},"small":{"w":680,"h":206,"resize":"fit"}}}]},"metadata":{"iso_language_code":"ja","result_type":"recent"},"source":"<a href=\"http://twitter.com\" rel=\"nofollow\">Twitter Web Client</a>","in_reply_to_status_id":null,"in_reply_to_status_id_str":null,"in_reply_to_user_id":null,"in_reply_to_user_id_str":null,"in_reply_to_screen_name":null,"user":{"id":765113040345833500,"id_str":"765113040345833473","name":"グラブル攻略＠GameWith","screen_name":"Granblue_GW","location":"バルツ公国","description":"攻略サイトGameWithの公式アカウントです。8月17日開設＼(╹◡╹)ノ 記事に起こす前の速報、検証などの攻略情報などを呟いていきます。複数人で運用しているので、口調やテンションが変わります。\nGameWithSNS→https://t.co/tLIqr55qiS","url":"https://t.co/6p6tZXMM6E","entities":{"url":{"urls":[{"url":"https://t.co/6p6tZXMM6E","expanded_url":"https://xn--bck3aza1a2if6kra4ee0hf.gamewith.jp/","display_url":"グランブルーファンタジー.gamewith.jp","indices":[0,23]}]},"description":{"urls":[{"url":"https://t.co/tLIqr55qiS","expanded_url":"https://gamewith.jp/user/profile/517943","display_url":"gamewith.jp/user/profile/5…","indices":[111,134]}]}},"protected":false,"followers_count":34890,"friends_count":2442,"listed_count":390,"created_at":"Mon Aug 15 09:08:58 +0000 2016","favourites_count":898,"utc_offset":32400,"time_zone":"Tokyo","geo_enabled":false,"verified":false,"statuses_count":3271,"lang":"ja","contributors_enabled":false,"is_translator":false,"is_translation_enabled":false,"profile_background_color":"F5F8FA","profile_background_image_url":null,"profile_background_image_url_https":null,"profile_background_tile":false,"profile_image_url":"http://pbs.twimg.com/profile_images/765721648217468928/z5FBda2m_normal.jpg","profile_image_url_https":"https://pbs.twimg.com/profile_images/765721648217468928/z5FBda2m_normal.jpg","profile_banner_url":"https://pbs.twimg.com/profile_banners/765113040345833473/1471402733","profile_link_color":"1DA1F2","profile_sidebar_border_color":"C0DEED","profile_sidebar_fill_color":"DDEEF6","profile_text_color":"333333","profile_use_background_image":true,"has_extended_profile":false,"default_profile":true,"default_profile_image":false,"following":false,"follow_request_sent":false,"notifications":false,"translator_type":"none"},"geo":null,"coordinates":null,"place":null,"contributors":null,"is_quote_status":false,"retweet_count":4741,"favorite_count":1260,"favorited":false,"retweeted":false,"possibly_sensitive":false,"lang":"ja"},{"created_at":"Thu Jul 20 10:12:57 +0000 2017","id":887978628062920700,"id_str":"887978628062920705","text":"見られると弱る邪ンヌ　#邪ンでれ https://t.co/n4Vq46HYVJ","truncated":false,"entities":{"hashtags":[{"text":"邪ンでれ","indices":[11,16]}],"symbols":[],"user_mentions":[],"urls":[],"media":[{"id":887978495963406300,"id_str":"887978495963406336","indices":[17,40],"media_url":"http://pbs.twimg.com/media/DFK7vMQVoAAS6ah.jpg","media_url_https":"https://pbs.twimg.com/media/DFK7vMQVoAAS6ah.jpg","url":"https://t.co/n4Vq46HYVJ","display_url":"pic.twitter.com/n4Vq46HYVJ","expanded_url":"https://twitter.com/hamatyonn/status/887978628062920705/photo/1","type":"photo","sizes":{"large":{"w":868,"h":1213,"resize":"fit"},"thumb":{"w":150,"h":150,"resize":"crop"},"medium":{"w":859,"h":1200,"resize":"fit"},"small":{"w":487,"h":680,"resize":"fit"}}}]},"extended_entities":{"media":[{"id":887978495963406300,"id_str":"887978495963406336","indices":[17,40],"media_url":"http://pbs.twimg.com/media/DFK7vMQVoAAS6ah.jpg","media_url_https":"https://pbs.twimg.com/media/DFK7vMQVoAAS6ah.jpg","url":"https://t.co/n4Vq46HYVJ","display_url":"pic.twitter.com/n4Vq46HYVJ","expanded_url":"https://twitter.com/hamatyonn/status/887978628062920705/photo/1","type":"photo","sizes":{"large":{"w":868,"h":1213,"resize":"fit"},"thumb":{"w":150,"h":150,"resize":"crop"},"medium":{"w":859,"h":1200,"resize":"fit"},"small":{"w":487,"h":680,"resize":"fit"}}},{"id":887978507468329000,"id_str":"887978507468328960","indices":[17,40],"media_url":"http://pbs.twimg.com/media/DFK7v3HU0AAkfYg.jpg","media_url_https":"https://pbs.twimg.com/media/DFK7v3HU0AAkfYg.jpg","url":"https://t.co/n4Vq46HYVJ","display_url":"pic.twitter.com/n4Vq46HYVJ","expanded_url":"https://twitter.com/hamatyonn/status/887978628062920705/photo/1","type":"photo","sizes":{"thumb":{"w":150,"h":150,"resize":"crop"},"large":{"w":868,"h":1213,"resize":"fit"},"medium":{"w":859,"h":1200,"resize":"fit"},"small":{"w":487,"h":680,"resize":"fit"}}}]},"metadata":{"iso_language_code":"ja","result_type":"recent"},"source":"<a href=\"http://twitter.com\" rel=\"nofollow\">Twitter Web Client</a>","in_reply_to_status_id":null,"in_reply_to_status_id_str":null,"in_reply_to_user_id":null,"in_reply_to_user_id_str":null,"in_reply_to_screen_name":null,"user":{"id":120929245,"id_str":"120929245","name":"ハマちょん土曜Ａ－07a","screen_name":"hamatyonn","location":"愛媛","description":"同人作家やってます。「今日のカチューシャ観察日記」週一頻度で更新していきます。無断転載禁止。\nhttps://t.co/thuvtRk9JR","url":"https://t.co/7esHg0Vgj6","entities":{"url":{"urls":[{"url":"https://t.co/7esHg0Vgj6","expanded_url":"http://achikino.web.fc2.com/toppe-zi.html","display_url":"achikino.web.fc2.com/toppe-zi.html","indices":[0,23]}]},"description":{"urls":[{"url":"https://t.co/thuvtRk9JR","expanded_url":"http://www.pixiv.net/member.php?id=136577","display_url":"pixiv.net/member.php?id=…","indices":[47,70]}]}},"protected":false,"followers_count":66718,"friends_count":555,"listed_count":1314,"created_at":"Mon Mar 08 01:08:55 +0000 2010","favourites_count":4089,"utc_offset":-36000,"time_zone":"Hawaii","geo_enabled":false,"verified":false,"statuses_count":11115,"lang":"ja","contributors_enabled":false,"is_translator":false,"is_translation_enabled":false,"profile_background_color":"0099B9","profile_background_image_url":"http://abs.twimg.com/images/themes/theme4/bg.gif","profile_background_image_url_https":"https://abs.twimg.com/images/themes/theme4/bg.gif","profile_background_tile":false,"profile_image_url":"http://pbs.twimg.com/profile_images/798888968653656065/amgL40UB_normal.jpg","profile_image_url_https":"https://pbs.twimg.com/profile_images/798888968653656065/amgL40UB_normal.jpg","profile_banner_url":"https://pbs.twimg.com/profile_banners/120929245/1479303084","profile_link_color":"0099B9","profile_sidebar_border_color":"5ED4DC","profile_sidebar_fill_color":"95E8EC","profile_text_color":"3C3940","profile_use_background_image":true,"has_extended_profile":false,"default_profile":false,"default_profile_image":false,"following":false,"follow_request_sent":false,"notifications":false,"translator_type":"none"},"geo":null,"coordinates":null,"place":null,"contributors":null,"is_quote_status":false,"retweet_count":5857,"favorite_count":12313,"favorited":false,"retweeted":false,"possibly_sensitive":false,"lang":"ja"},{"created_at":"Thu Jul 20 10:00:34 +0000 2017","id":887975512412377100,"id_str":"887975512412377089","text":"ヲタク同士の恋を描く「ヲタクに恋は難しい」ノイタミナでテレビアニメ化 https://t.co/6fniRgJijh https://t.co/cGw5VIEr7K","truncated":false,"entities":{"hashtags":[],"symbols":[],"user_mentions":[],"urls":[{"url":"https://t.co/6fniRgJijh","expanded_url":"http://natalie.mu/comic/news/241465","display_url":"natalie.mu/comic/news/241…","indices":[35,58]}],"media":[{"id":887975509224677400,"id_str":"887975509224677376","indices":[59,82],"media_url":"http://pbs.twimg.com/media/DFK5BVyVYAAOfSU.jpg","media_url_https":"https://pbs.twimg.com/media/DFK5BVyVYAAOfSU.jpg","url":"https://t.co/cGw5VIEr7K","display_url":"pic.twitter.com/cGw5VIEr7K","expanded_url":"https://twitter.com/comic_natalie/status/887975512412377089/photo/1","type":"photo","sizes":{"small":{"w":480,"h":680,"resize":"fit"},"thumb":{"w":150,"h":150,"resize":"crop"},"medium":{"w":640,"h":906,"resize":"fit"},"large":{"w":640,"h":906,"resize":"fit"}}}]},"extended_entities":{"media":[{"id":887975509224677400,"id_str":"887975509224677376","indices":[59,82],"media_url":"http://pbs.twimg.com/media/DFK5BVyVYAAOfSU.jpg","media_url_https":"https://pbs.twimg.com/media/DFK5BVyVYAAOfSU.jpg","url":"https://t.co/cGw5VIEr7K","display_url":"pic.twitter.com/cGw5VIEr7K","expanded_url":"https://twitter.com/comic_natalie/status/887975512412377089/photo/1","type":"photo","sizes":{"small":{"w":480,"h":680,"resize":"fit"},"thumb":{"w":150,"h":150,"resize":"crop"},"medium":{"w":640,"h":906,"resize":"fit"},"large":{"w":640,"h":906,"resize":"fit"}}}]},"metadata":{"iso_language_code":"ja","result_type":"recent"},"source":"<a href=\"http://natalie.mu/comic\" rel=\"nofollow\">comic_natalie</a>","in_reply_to_status_id":null,"in_reply_to_status_id_str":null,"in_reply_to_user_id":null,"in_reply_to_user_id_str":null,"in_reply_to_screen_name":null,"user":{"id":18622184,"id_str":"18622184","name":"コミックナタリー","screen_name":"comic_natalie","location":"東京","description":"マンガのニュースを毎日発信するコミックナタリーの記事ヘッドラインをお届け。音楽ナタリー（@natalie_mu）、お笑いナタリー（@owarai_natalie）、映画ナタリー（@eiga_natalie）、ステージナタリー（@stage_natalie）ナタリーストア（@natalie_store）も併せてどうぞ。","url":"http://t.co/oDRqtG4rhU","entities":{"url":{"urls":[{"url":"http://t.co/oDRqtG4rhU","expanded_url":"http://natalie.mu/comic","display_url":"natalie.mu/comic","indices":[0,22]}]},"description":{"urls":[]}},"protected":false,"followers_count":323539,"friends_count":6,"listed_count":9756,"created_at":"Mon Jan 05 03:33:30 +0000 2009","favourites_count":57,"utc_offset":32400,"time_zone":"Tokyo","geo_enabled":false,"verified":true,"statuses_count":54437,"lang":"ja","contributors_enabled":false,"is_translator":false,"is_translation_enabled":false,"profile_background_color":"E4E0D9","profile_background_image_url":"http://pbs.twimg.com/profile_background_images/4244500/comic_bg.png","profile_background_image_url_https":"https://pbs.twimg.com/profile_background_images/4244500/comic_bg.png","profile_background_tile":false,"profile_image_url":"http://pbs.twimg.com/profile_images/541890424114126848/EEFqjOib_normal.png","profile_image_url_https":"https://pbs.twimg.com/profile_images/541890424114126848/EEFqjOib_normal.png","profile_banner_url":"https://pbs.twimg.com/profile_banners/18622184/1418031708","profile_link_color":"7DB739","profile_sidebar_border_color":"E4E0D9","profile_sidebar_fill_color":"FFFFFF","profile_text_color":"333333","profile_use_background_image":true,"has_extended_profile":false,"default_profile":false,"default_profile_image":false,"following":false,"follow_request_sent":false,"notifications":false,"translator_type":"none"},"geo":null,"coordinates":null,"place":null,"contributors":null,"is_quote_status":false,"retweet_count":26549,"favorite_count":24695,"favorited":false,"retweeted":false,"possibly_sensitive":false,"lang":"ja"},{"created_at":"Thu Jul 20 09:34:44 +0000 2017","id":887969009525637100,"id_str":"887969009525637121","text":"水着イベント第2部のドロップと敵構成色々まとめました。\n敵構成に関しては2016年の情報に加え、今回の復刻からの「ヤドカリ系が全部クエストにあったクラスになった」点を加味したものです。\n※敵構成実際に触ってミスがあれば修正します…… https://t.co/cLGeT8GeuJ","truncated":true,"entities":{"hashtags":[],"symbols":[],"user_mentions":[],"urls":[{"url":"https://t.co/cLGeT8GeuJ","expanded_url":"https://twitter.com/i/web/status/887969009525637121","display_url":"twitter.com/i/web/status/8…","indices":[117,140]}]},"metadata":{"iso_language_code":"ja","result_type":"recent"},"source":"<a href=\"http://twitter.com\" rel=\"nofollow\">Twitter Web Client</a>","in_reply_to_status_id":null,"in_reply_to_status_id_str":null,"in_reply_to_user_id":null,"in_reply_to_user_id_str":null,"in_reply_to_screen_name":null,"user":{"id":887566608012529700,"id_str":"887566608012529666","name":"FGO攻略＠GameWith","screen_name":"FGO_GW","location":"種火超級","description":"攻略サイトGameWithの公式アカウントです。7月18日開設(╹◡╹)編集部の中の人が記事に起こす前の速報、検証などの攻略情報などを呟いていきます。複数人で運用しているので、口調やテンションバリバリ変わります。","url":"https://t.co/TLnMmbSc0f","entities":{"url":{"urls":[{"url":"https://t.co/TLnMmbSc0f","expanded_url":"https://fatego.gamewith.jp","display_url":"fatego.gamewith.jp","indices":[0,23]}]},"description":{"urls":[]}},"protected":false,"followers_count":1325,"friends_count":2,"listed_count":19,"created_at":"Wed Jul 19 06:55:44 +0000 2017","favourites_count":1,"utc_offset":null,"time_zone":null,"geo_enabled":false,"verified":false,"statuses_count":27,"lang":"ja","contributors_enabled":false,"is_translator":false,"is_translation_enabled":false,"profile_background_color":"000000","profile_background_image_url":"http://abs.twimg.com/images/themes/theme1/bg.png","profile_background_image_url_https":"https://abs.twimg.com/images/themes/theme1/bg.png","profile_background_tile":false,"profile_image_url":"http://pbs.twimg.com/profile_images/887573142054387714/Tre-i_bS_normal.jpg","profile_image_url_https":"https://pbs.twimg.com/profile_images/887573142054387714/Tre-i_bS_normal.jpg","profile_banner_url":"https://pbs.twimg.com/profile_banners/887566608012529666/1500449020","profile_link_color":"1B95E0","profile_sidebar_border_color":"000000","profile_sidebar_fill_color":"000000","profile_text_color":"000000","profile_use_background_image":false,"has_extended_profile":false,"default_profile":false,"default_profile_image":false,"following":false,"follow_request_sent":false,"notifications":false,"translator_type":"none"},"geo":null,"coordinates":null,"place":null,"contributors":null,"is_quote_status":false,"retweet_count":7591,"favorite_count":11438,"favorited":false,"retweeted":false,"possibly_sensitive":false,"lang":"ja"}],"search_metadata":{"completed_in":0.705,"max_id":888021019449065500,"max_id_str":"888021019449065472","next_results":"?max_id=887969009525637120&q=lang%3Aja%20min_retweets%3A5000&include_entities=1","query":"lang%3Aja+min_retweets%3A5000","refresh_url":"?since_id=888021019449065472&q=lang%3Aja%20min_retweets%3A5000&include_entities=1","count":15,"since_id":0,"since_id_str":"0"}}