{"statuses":[{"created_at":"Wed Jul 19 02:59:45 +0000 2017","id":887507220560085000,"id_str":"887507220560084992","text":"【News】キービジュアルを公開！\nまた、本日12：00よりチケットのプレリクエスト先行開始となります。\n詳細は公式HP（News、Schedule欄）にてご確認ください！！　https://t.co/klwUP6qcsz… https://t.co/uj6VK6SBaR","truncated":true,"entities":{"hashtags":[],"symbols":[],"user_mentions":[],"urls":[{"url":"https://t.co/klwUP6qcsz","expanded_url":"http://www.marv.jp/special/ensemble_stage/","display_url":"marv.jp/special/ensemb…","indices":[88,111]},{"url":"https://t.co/uj6VK6SBaR","expanded_url":"https://twitter.com/i/web/status/887507220560084992","display_url":"twitter.com/i/web/status/8…","indices":[113,136]}]},"metadata":{"iso_language_code":"ja","result_type":"recent"},"source":"<a href=\"http://twitter.com\" rel=\"nofollow\">Twitter Web Client</a>","in_reply_to_status_id":null,"in_reply_to_status_id_str":null,"in_reply_to_user_id":null,"in_reply_to_user_id_str":null,"in_reply_to_screen_name":null,"user":{"id":713225083829878800,"id_str":"713225083829878784","name":"『あんさんぶるスターズ！オン・ステージ』","screen_name":"ensemble_stage","location":"","description":"「あんさんぶるスターズ!」舞台化作品 『あんさんぶるスターズ！オン・ステージ』公式アカウントです。2017年9月最新作上演決定！ ※当アカウントへのお問い合わせにはお答えできません。#あんステ","url":"https://t.co/QuoGTcHopb","entities":{"url":{"urls":[{"url":"https://t.co/QuoGTcHopb","expanded_url":"http://www.marv.jp/special/ensemble_stage/","display_url":"marv.jp/special/ensemb…","indices":[0,23]}]},"description":{"urls":[]}},"protected":false,"followers_count":81816,"friends_count":71,"listed_count":1576,"created_at":"Fri Mar 25 04:44:45 +0000 2016","favourites_count":1,"utc_offset":32400,"time_zone":"Tokyo","geo_enabled":false,"verified":true,"statuses_count":788,"lang":"ja","contributors_enabled":false,"is_translator":false,"is_translation_enabled":false,"profile_background_color":"000000","profile_background_image_url":"http://abs.twimg.com/images/themes/theme1/bg.png","profile_background_image_url_https":"https://abs.twimg.com/images/themes/theme1/bg.png","profile_background_tile":false,"profile_image_url":"http://pbs.twimg.com/profile_images/875562408315465730/fG-gOfY5_normal.jpg","profile_image_url_https":"https://pbs.twimg.com/profile_images/875562408315465730/fG-gOfY5_normal.jpg","profile_banner_url":"https://pbs.twimg.com/profile_banners/713225083829878784/1496631655","profile_link_color":"91D2FA","profile_sidebar_border_color":"000000","profile_sidebar_fill_color":"000000","profile_text_color":"000000","profile_use_background_image":false,"has_extended_profile":false,"default_profile":false,"default_profile_image":false,"following":false,"follow_request_sent":false,"notifications":false,"translator_type":"none"},"geo":null,"coordinates":null,"place":null,"contributors":null,"is_quote_status":false,"retweet_count":7275,"favorite_count":7747,"favorited":false,"retweeted":false,"possibly_sensitive":false,"lang":"ja"},{"created_at":"Wed Jul 19 02:58:40 +0000 2017","id":887506947431321600,"id_str":"887506947431321600","text":"最悪マジで。 https://t.co/LyzaXwXa8v","truncated":false,"entities":{"hashtags":[],"symbols":[],"user_mentions":[],"urls":[],"media":[{"id":887506925276942300,"id_str":"887506925276942336","indices":[7,30],"media_url":"http://pbs.twimg.com/media/DFEO2KjU0AA6ksw.jpg","media_url_https":"https://pbs.twimg.com/media/DFEO2KjU0AA6ksw.jpg","url":"https://t.co/LyzaXwXa8v","display_url":"pic.twitter.com/LyzaXwXa8v","expanded_url":"https://twitter.com/shiohitoshi/status/887506947431321600/photo/1","type":"photo","sizes":{"medium":{"w":900,"h":1200,"resize":"fit"},"thumb":{"w":150,"h":150,"resize":"crop"},"large":{"w":1536,"h":2048,"resize":"fit"},"small":{"w":510,"h":680,"resize":"fit"}}}]},"extended_entities":{"media":[{"id":887506925276942300,"id_str":"887506925276942336","indices":[7,30],"media_url":"http://pbs.twimg.com/media/DFEO2KjU0AA6ksw.jpg","media_url_https":"https://pbs.twimg.com/media/DFEO2KjU0AA6ksw.jpg","url":"https://t.co/LyzaXwXa8v","display_url":"pic.twitter.com/LyzaXwXa8v","expanded_url":"https://twitter.com/shiohitoshi/status/887506947431321600/photo/1","type":"photo","sizes":{"medium":{"w":900,"h":1200,"resize":"fit"},"thumb":{"w":150,"h":150,"resize":"crop"},"large":{"w":1536,"h":2048,"resize":"fit"},"small":{"w":510,"h":680,"resize":"fit"}}},{"id":887506925276901400,"id_str":"887506925276901376","indices":[7,30],"media_url":"http://pbs.twimg.com/media/DFEO2KjUMAA-5Sa.jpg","media_url_https":"https://pbs.twimg.com/media/DFEO2KjUMAA-5Sa.jpg","url":"https://t.co/LyzaXwXa8v","display_url":"pic.twitter.com/LyzaXwXa8v","expanded_url":"https://twitter.com/shiohitoshi/status/887506947431321600/photo/1","type":"photo","sizes":{"medium":{"w":900,"h":1200,"resize":"fit"},"thumb":{"w":150,"h":150,"resize":"crop"},"large":{"w":1536,"h":2048,"resize":"fit"},"small":{"w":510,"h":680,"resize":"fit"}}}]},"metadata":{"iso_language_code":"ja","result_type":"recent"},"source":"<a href=\"http://twitter.com/download/iphone\" rel=\"nofollow\">Twitter for iPhone</a>","in_reply_to_status_id":null,"in_reply_to_status_id_str":null,"in_reply_to_user_id":null,"in_reply_to_user_id_str":null,"in_reply_to_screen_name":null,"user":{"id":409253387,"id_str":"409253387","name":"hzm","screen_name":"shiohitoshi","location":"","description":"tnz","url":null,"entities":{"description":{"urls":[]}},"protected":false,"followers_count":386,"friends_count":290,"listed_count":6,"created_at":"Thu Nov 10 13:47:21 +0000 2011","favourites_count":2287,"utc_offset":null,"time_zone":null,"geo_enabled":false,"verified":false,"statuses_count":5852,"lang":"ja","contributors_enabled":false,"is_translator":false,"is_translation_enabled":false,"profile_background_color":"C0DEED","profile_background_image_url":"http://abs.twimg.com/images/themes/theme1/bg.png","profile_background_image_url_https":"https://abs.twimg.com/images/themes/theme1/bg.png","profile_background_tile":false,"profile_image_url":"http://pbs.twimg.com/profile_images/819797626551836672/eygA87p2_normal.jpg","profile_image_url_https":"https://pbs.twimg.com/profile_images/819797626551836672/eygA87p2_normal.jpg","profile_banner_url":"https://pbs.twimg.com/profile_banners/409253387/1478799424","profile_link_color":"1DA1F2","profile_sidebar_border_color":"C0DEED","profile_sidebar_fill_color":"DDEEF6","profile_text_color":"333333","profile_use_background_image":true,"has_extended_profile":false,"default_profile":true,"default_profile_image":false,"following":false,"follow_request_sent":false,"notifications":false,"translator_type":"none"},"geo":null,"coordinates":null,"place":null,"contributors":null,"is_quote_status":false,"retweet_count":13016,"favorite_count":9887,"favorited":false,"retweeted":false,"possibly_sensitive":false,"lang":"ja"},{"created_at":"Wed Jul 19 02:13:01 +0000 2017","id":887495462772592600,"id_str":"887495462772592640","text":"本日7/19（水）東京喰種 :re12巻 発売しております。\nコミックスの続きが明日のヤングジャンプで読める形になっております。確か\n\n書店特典はナツコミというのでなんかつくみたいです。（店舗によります）… https://t.co/LHoJRSjtD9","truncated":true,"entities":{"hashtags":[],"symbols":[],"user_mentions":[],"urls":[{"url":"https://t.co/LHoJRSjtD9","expanded_url":"https://twitter.com/i/web/status/887495462772592640","display_url":"twitter.com/i/web/status/8…","indices":[104,127]}]},"metadata":{"iso_language_code":"ja","result_type":"recent"},"source":"<a href=\"http://twitter.com\" rel=\"nofollow\">Twitter Web Client</a>","in_reply_to_status_id":null,"in_reply_to_status_id_str":null,"in_reply_to_user_id":null,"in_reply_to_user_id_str":null,"in_reply_to_screen_name":null,"user":{"id":159879404,"id_str":"159879404","name":"石田スイ","screen_name":"sotonami","location":"Japan fukuoka","description":"週刊ヤングジャンプで東京喰種を描いてます。こちらで先週分までのエピソードが読めます。https://t.co/Dri5hITldL","url":"https://t.co/0Og4KttIFx","entities":{"url":{"urls":[{"url":"https://t.co/0Og4KttIFx","expanded_url":"http://sui-zakki.tumblr.com","display_url":"sui-zakki.tumblr.com","indices":[0,23]}]},"description":{"urls":[{"url":"https://t.co/Dri5hITldL","expanded_url":"http://youngjump.jp/tokyoghoul/re/trial/","display_url":"youngjump.jp/tokyoghoul/re/…","indices":[42,65]}]}},"protected":false,"followers_count":927322,"friends_count":2217,"listed_count":5708,"created_at":"Sat Jun 26 15:24:43 +0000 2010","favourites_count":315,"utc_offset":32400,"time_zone":"Tokyo","geo_enabled":false,"verified":true,"statuses_count":5508,"lang":"ja","contributors_enabled":false,"is_translator":false,"is_translation_enabled":false,"profile_background_color":"000000","profile_background_image_url":"http://pbs.twimg.com/profile_background_images/584529602501947392/7ithyVGX.png","profile_background_image_url_https":"https://pbs.twimg.com/profile_background_images/584529602501947392/7ithyVGX.png","profile_background_tile":false,"profile_image_url":"http://pbs.twimg.com/profile_images/867128313084612612/fZAmjipM_normal.jpg","profile_image_url_https":"https://pbs.twimg.com/profile_images/867128313084612612/fZAmjipM_normal.jpg","profile_banner_url":"https://pbs.twimg.com/profile_banners/159879404/1495567238","profile_link_color":"767C6B","profile_sidebar_border_color":"000000","profile_sidebar_fill_color":"EFEFEF","profile_text_color":"333333","profile_use_background_image":true,"has_extended_profile":false,"default_profile":false,"default_profile_image":false,"following":false,"follow_request_sent":false,"notifications":false,"translator_type":"none"},"geo":null,"coordinates":null,"place":null,"contributors":null,"is_quote_status":false,"retweet_count":6414,"favorite_count":15180,"favorited":false,"retweeted":false,"possibly_sensitive":false,"lang":"ja"},{"created_at":"Wed Jul 19 01:09:41 +0000 2017","id":887479524513857500,"id_str":"887479524513857537","text":"戸籍の開示は差別助長に繋がる！だって？自称人権派は恥ずかしげもなくよく言うよな。俺は出自について散々報じられたけど、自称人権派は誰もその報道を批判しなかった。あの報道に比べれば蓮舫さんの戸籍開示なんてどうってことないこと。","truncated":false,"entities":{"hashtags":[],"symbols":[],"user_mentions":[],"urls":[]},"metadata":{"iso_language_code":"ja","result_type":"recent"},"source":"<a href=\"http://twitter.com\" rel=\"nofollow\">Twitter Web Client</a>","in_reply_to_status_id":null,"in_reply_to_status_id_str":null,"in_reply_to_user_id":null,"in_reply_to_user_id_str":null,"in_reply_to_screen_name":null,"user":{"id":245677083,"id_str":"245677083","name":"橋下徹","screen_name":"hashimoto_lo","location":"Osaka","description":"月４回火曜配信のメールマガジンhttps://t.co/C6tH0gVPNE、直接討論が出来るサロンhttps://t.co/VjvwS7vag1など、橋下徹からの発信は下のHPにてご覧ください！","url":"https://t.co/8wze0nPPcB","entities":{"url":{"urls":[{"url":"https://t.co/8wze0nPPcB","expanded_url":"http://hashimoto-law-office.jp/from.html","display_url":"hashimoto-law-office.jp/from.html","indices":[0,23]}]},"description":{"urls":[{"url":"https://t.co/C6tH0gVPNE","expanded_url":"http://hashimoto.president.co.jp/","display_url":"hashimoto.president.co.jp","indices":[15,38]},{"url":"https://t.co/VjvwS7vag1","expanded_url":"https://synapse.am/contents/monthly/gekikara","display_url":"synapse.am/contents/month…","indices":[50,73]}]}},"protected":false,"followers_count":1921745,"friends_count":37,"listed_count":27344,"created_at":"Tue Feb 01 06:42:50 +0000 2011","favourites_count":0,"utc_offset":32400,"time_zone":"Tokyo","geo_enabled":false,"verified":true,"statuses_count":18077,"lang":"ja","contributors_enabled":false,"is_translator":false,"is_translation_enabled":false,"profile_background_color":"000000","profile_background_image_url":"http://abs.twimg.com/images/themes/theme1/bg.png","profile_background_image_url_https":"https://abs.twimg.com/images/themes/theme1/bg.png","profile_background_tile":false,"profile_image_url":"http://pbs.twimg.com/profile_images/718434050315137025/mmdJSrVQ_normal.jpg","profile_image_url_https":"https://pbs.twimg.com/profile_images/718434050315137025/mmdJSrVQ_normal.jpg","profile_banner_url":"https://pbs.twimg.com/profile_banners/245677083/1454309904","profile_link_color":"ABB8C2","profile_sidebar_border_color":"000000","profile_sidebar_fill_color":"000000","profile_text_color":"000000","profile_use_background_image":false,"has_extended_profile":false,"default_profile":false,"default_profile_image":false,"following":false,"follow_request_sent":false,"notifications":false,"translator_type":"none"},"geo":null,"coordinates":null,"place":null,"contributors":null,"is_quote_status":false,"retweet_count":5779,"favorite_count":6709,"favorited":false,"retweeted":false,"lang":"ja"},{"created_at":"Wed Jul 19 01:08:58 +0000 2017","id":887479341424156700,"id_str":"887479341424156672","text":"「スプラトゥーン2」の発売まで、残すところあと2日。\n今作にも、多くの個性的なブキが登場する。\nお気に入りを見つけるのも良いが、複数のブキを使いこなせば、ステージやルールによって活躍できる場も広がるはず。\nすべてのブキは一長一短。… https://t.co/aSUc8WtCOJ","truncated":true,"entities":{"hashtags":[],"symbols":[],"user_mentions":[],"urls":[{"url":"https://t.co/aSUc8WtCOJ","expanded_url":"https://twitter.com/i/web/status/887479341424156672","display_url":"twitter.com/i/web/status/8…","indices":[117,140]}]},"metadata":{"iso_language_code":"ja","result_type":"recent"},"source":"<a href=\"http://twitter.com\" rel=\"nofollow\">Twitter Web Client</a>","in_reply_to_status_id":null,"in_reply_to_status_id_str":null,"in_reply_to_user_id":null,"in_reply_to_user_id_str":null,"in_reply_to_screen_name":null,"user":{"id":2888006497,"id_str":"2888006497","name":"Splatoon（スプラトゥーン）","screen_name":"SplatoonJP","location":"","description":"『スプラトゥーン』公式総合アカウント。イカ研究所の調査報告（ゲーム情報）やお知らせをお伝えします。最新作の『スプラトゥーン2』は2017年7月21日（金）発売予定。ご質問・お問い合わせにはお答えしておりませんのでご容赦ください。 ※イカ研究所は実在の人物、団体とは一切関係ございません。","url":"https://t.co/yCMNfZlVpz","entities":{"url":{"urls":[{"url":"https://t.co/yCMNfZlVpz","expanded_url":"https://www.nintendo.co.jp/switch/aab6a/index.html","display_url":"nintendo.co.jp/switch/aab6a/i…","indices":[0,23]}]},"description":{"urls":[]}},"protected":false,"followers_count":663600,"friends_count":1,"listed_count":6470,"created_at":"Mon Nov 03 01:36:06 +0000 2014","favourites_count":0,"utc_offset":32400,"time_zone":"Tokyo","geo_enabled":false,"verified":true,"statuses_count":1473,"lang":"ja","contributors_enabled":false,"is_translator":false,"is_translation_enabled":false,"profile_background_color":"000000","profile_background_image_url":"http://pbs.twimg.com/profile_background_images/530105343452274688/WJl6dNx5.jpeg","profile_background_image_url_https":"https://pbs.twimg.com/profile_background_images/530105343452274688/WJl6dNx5.jpeg","profile_background_tile":false,"profile_image_url":"http://pbs.twimg.com/profile_images/819765217957552132/1WftJJM1_normal.jpg","profile_image_url_https":"https://pbs.twimg.com/profile_images/819765217957552132/1WftJJM1_normal.jpg","profile_banner_url":"https://pbs.twimg.com/profile_banners/2888006497/1484282224","profile_link_color":"000000","profile_sidebar_border_color":"000000","profile_sidebar_fill_color":"E3E2DE","profile_text_color":"634047","profile_use_background_image":true,"has_extended_profile":false,"default_profile":false,"default_profile_image":false,"following":false,"follow_request_sent":false,"notifications":false,"translator_type":"none"},"geo":null,"coordinates":null,"place":null,"contributors":null,"is_quote_status":false,"retweet_count":5611,"favorite_count":11266,"favorited":false,"retweeted":false,"possibly_sensitive":false,"lang":"ja"},{"created_at":"Tue Jul 18 22:37:14 +0000 2017","id":887441156660879400,"id_str":"887441156660879360","text":"転職サイトって、営業のことを「コンサルタント」と言い換えるし、研修なしで放り出すことを「OJT」「即戦力」とかいうし、離職率が高いことを「独立開業を目指せる」とか言うし、若者が定着しないのを「ベテラン多数の安心の職場」など耳障りよく表現する。無から有を生み出す言葉の錬金術師かよ。","truncated":false,"entities":{"hashtags":[],"symbols":[],"user_mentions":[],"urls":[]},"metadata":{"iso_language_code":"ja","result_type":"recent"},"source":"<a href=\"http://theworld09.com/\" rel=\"nofollow\">TheWorld⠀</a>","in_reply_to_status_id":null,"in_reply_to_status_id_str":null,"in_reply_to_user_id":null,"in_reply_to_user_id_str":null,"in_reply_to_screen_name":null,"user":{"id":2316810853,"id_str":"2316810853","name":"tonkotutarou","screen_name":"tonkotu0621","location":"関西","description":"文章や写真が好きだったのに、みんなこわれちゃった","url":"https://t.co/thwfoANUWW","entities":{"url":{"urls":[{"url":"https://t.co/thwfoANUWW","expanded_url":"http://tonkotsutarou.hatenablog.com/","display_url":"tonkotsutarou.hatenablog.com","indices":[0,23]}]},"description":{"urls":[]}},"protected":false,"followers_count":1079,"friends_count":41,"listed_count":20,"created_at":"Wed Jan 29 09:04:50 +0000 2014","favourites_count":2477,"utc_offset":-25200,"time_zone":"Pacific Time (US & Canada)","geo_enabled":false,"verified":false,"statuses_count":6292,"lang":"ja","contributors_enabled":false,"is_translator":false,"is_translation_enabled":false,"profile_background_color":"C0DEED","profile_background_image_url":"http://abs.twimg.com/images/themes/theme1/bg.png","profile_background_image_url_https":"https://abs.twimg.com/images/themes/theme1/bg.png","profile_background_tile":false,"profile_image_url":"http://pbs.twimg.com/profile_images/788718214268059649/M7Q5Fy0t_normal.jpg","profile_image_url_https":"https://pbs.twimg.com/profile_images/788718214268059649/M7Q5Fy0t_normal.jpg","profile_banner_url":"https://pbs.twimg.com/profile_banners/2316810853/1487242530","profile_link_color":"1DA1F2","profile_sidebar_border_color":"C0DEED","profile_sidebar_fill_color":"DDEEF6","profile_text_color":"333333","profile_use_background_image":true,"has_extended_profile":true,"default_profile":true,"default_profile_image":false,"following":false,"follow_request_sent":false,"notifications":false,"translator_type":"none"},"geo":null,"coordinates":null,"place":null,"contributors":null,"is_quote_status":false,"retweet_count":6633,"favorite_count":5774,"favorited":false,"retweeted":false,"lang":"ja"},{"created_at":"Tue Jul 18 22:21:57 +0000 2017","id":887437310714716200,"id_str":"887437310714716160","text":"なぜメキシコか？なぜパチューカか？という問いに対する理由の1つが\n\n無難な選択をしようとしていた自分に腹が立っていたんです。\n\nそんな自分が退屈で。。\n\nそんな中、日々熱くなれそうなチームだったのがまだまだ僕のことを知らないメキシコでありパチューカでした。","truncated":false,"entities":{"hashtags":[],"symbols":[],"user_mentions":[],"urls":[]},"metadata":{"iso_language_code":"ja","result_type":"recent"},"source":"<a href=\"http://twitter.com/download/iphone\" rel=\"nofollow\">Twitter for iPhone</a>","in_reply_to_status_id":null,"in_reply_to_status_id_str":null,"in_reply_to_user_id":null,"in_reply_to_user_id_str":null,"in_reply_to_screen_name":null,"user":{"id":824122844258897900,"id_str":"824122844258897920","name":"KeisukeHonda(本田圭佑)","screen_name":"kskgroup2017","location":"México","description":"Soccer player,Entrepreneur and Educator","url":"https://t.co/r6jnXWPOUd","entities":{"url":{"urls":[{"url":"https://t.co/r6jnXWPOUd","expanded_url":"https://goo.gl/fY3uOt","display_url":"goo.gl/fY3uOt","indices":[0,23]}]},"description":{"urls":[]}},"protected":false,"followers_count":173922,"friends_count":32,"listed_count":805,"created_at":"Wed Jan 25 05:12:52 +0000 2017","favourites_count":25,"utc_offset":-25200,"time_zone":"Pacific Time (US & Canada)","geo_enabled":false,"verified":true,"statuses_count":32,"lang":"ja","contributors_enabled":false,"is_translator":false,"is_translation_enabled":false,"profile_background_color":"000000","profile_background_image_url":"http://abs.twimg.com/images/themes/theme1/bg.png","profile_background_image_url_https":"https://abs.twimg.com/images/themes/theme1/bg.png","profile_background_tile":false,"profile_image_url":"http://pbs.twimg.com/profile_images/878620805369876481/oORYN5QV_normal.jpg","profile_image_url_https":"https://pbs.twimg.com/profile_images/878620805369876481/oORYN5QV_normal.jpg","profile_banner_url":"https://pbs.twimg.com/profile_banners/824122844258897920/1495386349","profile_link_color":"E81C4F","profile_sidebar_border_color":"000000","profile_sidebar_fill_color":"000000","profile_text_color":"000000","profile_use_background_image":false,"has_extended_profile":true,"default_profile":false,"default_profile_image":false,"following":false,"follow_request_sent":false,"notifications":false,"translator_type":"none"},"geo":null,"coordinates":null,"place":null,"contributors":null,"is_quote_status":false,"retweet_count":5619,"favorite_count":19730,"favorited":false,"retweeted":false,"lang":"ja"},{"created_at":"Tue Jul 18 22:14:55 +0000 2017","id":887435543184670700,"id_str":"887435543184670720","text":"蓮舫さんの記者会見で分かったことは三つある。①彼女は去年１０月までに二重国籍で国籍法に違反していた。②彼女は自らの違法行為を「すみません」の一言で済ませようとしている。③自らの違法行為を謝りの一言で済ましてから、彼女は今後、何の違法性もない加計問題を厳しく追及していくつもりだ。","truncated":false,"entities":{"hashtags":[],"symbols":[],"user_mentions":[],"urls":[]},"metadata":{"iso_language_code":"ja","result_type":"recent"},"source":"<a href=\"http://twitter.com\" rel=\"nofollow\">Twitter Web Client</a>","in_reply_to_status_id":null,"in_reply_to_status_id_str":null,"in_reply_to_user_id":null,"in_reply_to_user_id_str":null,"in_reply_to_screen_name":null,"user":{"id":335291833,"id_str":"335291833","name":"石平太郎","screen_name":"liyonyon","location":"","description":"大陸・蜀の国から日ノ本の国に流れてきて、そのまま日本人となった大阪おっさん","url":null,"entities":{"description":{"urls":[]}},"protected":false,"followers_count":316661,"friends_count":65,"listed_count":2108,"created_at":"Thu Jul 14 13:16:43 +0000 2011","favourites_count":70,"utc_offset":null,"time_zone":null,"geo_enabled":false,"verified":false,"statuses_count":11429,"lang":"ja","contributors_enabled":false,"is_translator":false,"is_translation_enabled":false,"profile_background_color":"000000","profile_background_image_url":"http://abs.twimg.com/images/themes/theme1/bg.png","profile_background_image_url_https":"https://abs.twimg.com/images/themes/theme1/bg.png","profile_background_tile":false,"profile_image_url":"http://pbs.twimg.com/profile_images/378800000316218746/2459156bc76ce8e43dadc40bf434e973_normal.jpeg","profile_image_url_https":"https://pbs.twimg.com/profile_images/378800000316218746/2459156bc76ce8e43dadc40bf434e973_normal.jpeg","profile_link_color":"94D487","profile_sidebar_border_color":"000000","profile_sidebar_fill_color":"000000","profile_text_color":"000000","profile_use_background_image":false,"has_extended_profile":false,"default_profile":false,"default_profile_image":false,"following":false,"follow_request_sent":false,"notifications":false,"translator_type":"none"},"geo":null,"coordinates":null,"place":null,"contributors":null,"is_quote_status":false,"retweet_count":7091,"favorite_count":6074,"favorited":false,"retweeted":false,"lang":"ja"},{"created_at":"Tue Jul 18 21:43:05 +0000 2017","id":887427528763121700,"id_str":"887427528763121664","text":"5%の確率で性器を露出するドラえもんの垢凍結してて草 https://t.co/326yErbIRj","truncated":false,"entities":{"hashtags":[],"symbols":[],"user_mentions":[],"urls":[],"media":[{"id":887427518982008800,"id_str":"887427518982008832","indices":[27,50],"media_url":"http://pbs.twimg.com/media/DFDGoHDUMAA3DXY.jpg","media_url_https":"https://pbs.twimg.com/media/DFDGoHDUMAA3DXY.jpg","url":"https://t.co/326yErbIRj","display_url":"pic.twitter.com/326yErbIRj","expanded_url":"https://twitter.com/BGD_SA/status/887427528763121664/photo/1","type":"photo","sizes":{"large":{"w":750,"h":1334,"resize":"fit"},"medium":{"w":675,"h":1200,"resize":"fit"},"thumb":{"w":150,"h":150,"resize":"crop"},"small":{"w":382,"h":680,"resize":"fit"}}}]},"extended_entities":{"media":[{"id":887427518982008800,"id_str":"887427518982008832","indices":[27,50],"media_url":"http://pbs.twimg.com/media/DFDGoHDUMAA3DXY.jpg","media_url_https":"https://pbs.twimg.com/media/DFDGoHDUMAA3DXY.jpg","url":"https://t.co/326yErbIRj","display_url":"pic.twitter.com/326yErbIRj","expanded_url":"https://twitter.com/BGD_SA/status/887427528763121664/photo/1","type":"photo","sizes":{"large":{"w":750,"h":1334,"resize":"fit"},"medium":{"w":675,"h":1200,"resize":"fit"},"thumb":{"w":150,"h":150,"resize":"crop"},"small":{"w":382,"h":680,"resize":"fit"}}}]},"metadata":{"iso_language_code":"ja","result_type":"recent"},"source":"<a href=\"http://twitter.com/download/iphone\" rel=\"nofollow\">Twitter for iPhone</a>","in_reply_to_status_id":null,"in_reply_to_status_id_str":null,"in_reply_to_user_id":null,"in_reply_to_user_id_str":null,"in_reply_to_screen_name":null,"user":{"id":839798134016360400,"id_str":"839798134016360448","name":"涼風青葉@ねむいよ","screen_name":"BGD_SA","location":"iPad Pro(12.9&10.5)/iPhone7","description":"ガルパ(全譜面FC/AP40↑)/指/ 星を探しに59位・彩られる未来26位 気軽にフォローどうぞ！自発はしません #バンドリ #ガルパ #涼風青葉メモ","url":null,"entities":{"description":{"urls":[]}},"protected":false,"followers_count":1273,"friends_count":1114,"listed_count":17,"created_at":"Thu Mar 09 11:20:52 +0000 2017","favourites_count":7689,"utc_offset":null,"time_zone":null,"geo_enabled":false,"verified":false,"statuses_count":8107,"lang":"ja","contributors_enabled":false,"is_translator":false,"is_translation_enabled":false,"profile_background_color":"F5F8FA","profile_background_image_url":null,"profile_background_image_url_https":null,"profile_background_tile":false,"profile_image_url":"http://pbs.twimg.com/profile_images/859422547972022278/WLZXxBT1_normal.jpg","profile_image_url_https":"https://pbs.twimg.com/profile_images/859422547972022278/WLZXxBT1_normal.jpg","profile_banner_url":"https://pbs.twimg.com/profile_banners/839798134016360448/1497007945","profile_link_color":"1DA1F2","profile_sidebar_border_color":"C0DEED","profile_sidebar_fill_color":"DDEEF6","profile_text_color":"333333","profile_use_background_image":true,"has_extended_profile":true,"default_profile":true,"default_profile_image":false,"following":false,"follow_request_sent":false,"notifications":false,"translator_type":"none"},"geo":null,"coordinates":null,"place":null,"contributors":null,"is_quote_status":false,"retweet_count":7403,"favorite_count":6008,"favorited":false,"retweeted":false,"possibly_sensitive":false,"lang":"ja"},{"created_at":"Tue Jul 18 16:28:33 +0000 2017","id":887348375175053300,"id_str":"887348375175053315","text":"冴えカノ https://t.co/7JpPtqRhgd","truncated":false,"entities":{"hashtags":[],"symbols":[],"user_mentions":[],"urls":[],"media":[{"id":887348358221676500,"id_str":"887348358221676544","indices":[5,28],"media_url":"http://pbs.twimg.com/media/DFB-oWPUQAA-vq3.jpg","media_url_https":"https://pbs.twimg.com/media/DFB-oWPUQAA-vq3.jpg","url":"https://t.co/7JpPtqRhgd","display_url":"pic.twitter.com/7JpPtqRhgd","expanded_url":"https://twitter.com/srghrg/status/887348375175053315/photo/1","type":"photo","sizes":{"thumb":{"w":150,"h":150,"resize":"crop"},"small":{"w":481,"h":680,"resize":"fit"},"large":{"w":800,"h":1130,"resize":"fit"},"medium":{"w":800,"h":1130,"resize":"fit"}}}]},"extended_entities":{"media":[{"id":887348358221676500,"id_str":"887348358221676544","indices":[5,28],"media_url":"http://pbs.twimg.com/media/DFB-oWPUQAA-vq3.jpg","media_url_https":"https://pbs.twimg.com/media/DFB-oWPUQAA-vq3.jpg","url":"https://t.co/7JpPtqRhgd","display_url":"pic.twitter.com/7JpPtqRhgd","expanded_url":"https://twitter.com/srghrg/status/887348375175053315/photo/1","type":"photo","sizes":{"thumb":{"w":150,"h":150,"resize":"crop"},"small":{"w":481,"h":680,"resize":"fit"},"large":{"w":800,"h":1130,"resize":"fit"},"medium":{"w":800,"h":1130,"resize":"fit"}}}]},"metadata":{"iso_language_code":"ja","result_type":"recent"},"source":"<a href=\"http://twitter.com\" rel=\"nofollow\">Twitter Web Client</a>","in_reply_to_status_id":null,"in_reply_to_status_id_str":null,"in_reply_to_user_id":null,"in_reply_to_user_id_str":null,"in_reply_to_screen_name":null,"user":{"id":3309724100,"id_str":"3309724100","name":"掃除朋具@7月単行本","screen_name":"srghrg","location":"","description":"成人向けで描いてます。 \n\n■お題箱https://t.co/ZnIOCGzh7x","url":"https://t.co/NCkw5wOqtd","entities":{"url":{"urls":[{"url":"https://t.co/NCkw5wOqtd","expanded_url":"http://www.pixiv.net/member.php?id=4856899","display_url":"pixiv.net/member.php?id=…","indices":[0,23]}]},"description":{"urls":[{"url":"https://t.co/ZnIOCGzh7x","expanded_url":"https://odaibako.net/u/srghrg","display_url":"odaibako.net/u/srghrg","indices":[18,41]}]}},"protected":false,"followers_count":32814,"friends_count":248,"listed_count":810,"created_at":"Sat Aug 08 14:13:23 +0000 2015","favourites_count":54,"utc_offset":-25200,"time_zone":"Pacific Time (US & Canada)","geo_enabled":false,"verified":false,"statuses_count":409,"lang":"ja","contributors_enabled":false,"is_translator":false,"is_translation_enabled":false,"profile_background_color":"C0DEED","profile_background_image_url":"http://abs.twimg.com/images/themes/theme1/bg.png","profile_background_image_url_https":"https://abs.twimg.com/images/themes/theme1/bg.png","profile_background_tile":false,"profile_image_url":"http://pbs.twimg.com/profile_images/669845115591004160/jMykGfdb_normal.png","profile_image_url_https":"https://pbs.twimg.com/profile_images/669845115591004160/jMykGfdb_normal.png","profile_link_color":"1DA1F2","profile_sidebar_border_color":"C0DEED","profile_sidebar_fill_color":"DDEEF6","profile_text_color":"333333","profile_use_background_image":true,"has_extended_profile":false,"default_profile":true,"default_profile_image":false,"following":false,"follow_request_sent":false,"notifications":false,"translator_type":"none"},"geo":null,"coordinates":null,"place":null,"contributors":null,"is_quote_status":false,"retweet_count":5756,"favorite_count":17900,"favorited":false,"retweeted":false,"possibly_sensitive":false,"lang":"ja"},{"created_at":"Tue Jul 18 15:04:09 +0000 2017","id":887327135752306700,"id_str":"887327135752306688","text":"スカイピースの、\nチャンネル登録者数が\n100万人突破しました！！！\n\nノリだけでやってる二人組ですが、\nこれからもどうか、\n宜しくお願い致します🙇✨\n\nピーーーース✌️✌️✌️✌️ https://t.co/0VYBwOgejP","truncated":false,"entities":{"hashtags":[],"symbols":[],"user_mentions":[],"urls":[],"media":[{"id":887327129737642000,"id_str":"887327129737641984","indices":[92,115],"media_url":"http://pbs.twimg.com/media/DFBrUr-UQAAhjp9.jpg","media_url_https":"https://pbs.twimg.com/media/DFBrUr-UQAAhjp9.jpg","url":"https://t.co/0VYBwOgejP","display_url":"pic.twitter.com/0VYBwOgejP","expanded_url":"https://twitter.com/skypeace_teojin/status/887327135752306688/photo/1","type":"photo","sizes":{"small":{"w":680,"h":528,"resize":"fit"},"thumb":{"w":150,"h":150,"resize":"crop"},"large":{"w":750,"h":582,"resize":"fit"},"medium":{"w":750,"h":582,"resize":"fit"}}}]},"extended_entities":{"media":[{"id":887327129737642000,"id_str":"887327129737641984","indices":[92,115],"media_url":"http://pbs.twimg.com/media/DFBrUr-UQAAhjp9.jpg","media_url_https":"https://pbs.twimg.com/media/DFBrUr-UQAAhjp9.jpg","url":"https://t.co/0VYBwOgejP","display_url":"pic.twitter.com/0VYBwOgejP","expanded_url":"https://twitter.com/skypeace_teojin/status/887327135752306688/photo/1","type":"photo","sizes":{"small":{"w":680,"h":528,"resize":"fit"},"thumb":{"w":150,"h":150,"resize":"crop"},"large":{"w":750,"h":582,"resize":"fit"},"medium":{"w":750,"h":582,"resize":"fit"}}}]},"metadata":{"iso_language_code":"ja","result_type":"recent"},"source":"<a href=\"http://twitter.com/download/iphone\" rel=\"nofollow\">Twitter for iPhone</a>","in_reply_to_status_id":null,"in_reply_to_status_id_str":null,"in_reply_to_user_id":null,"in_reply_to_user_id_str":null,"in_reply_to_screen_name":null,"user":{"id":753155670820593700,"id_str":"753155670820593664","name":"スカイピース@SP","screen_name":"skypeace_teojin","location":"","description":"どうもぉ〜スカイピース！Yeah！！テオ(@teokun711)じん(@JINJIN1027)空にピースだ！","url":"https://t.co/dDebxfywPn","entities":{"url":{"urls":[{"url":"https://t.co/dDebxfywPn","expanded_url":"https://www.youtube.com/channel/UC8_wmm5DX9mb4jrLiw8ZYzw","display_url":"youtube.com/channel/UC8_wm…","indices":[0,23]}]},"description":{"urls":[]}},"protected":false,"followers_count":282204,"friends_count":7,"listed_count":487,"created_at":"Wed Jul 13 09:14:39 +0000 2016","favourites_count":517,"utc_offset":null,"time_zone":null,"geo_enabled":false,"verified":false,"statuses_count":583,"lang":"ja","contributors_enabled":false,"is_translator":false,"is_translation_enabled":false,"profile_background_color":"F5F8FA","profile_background_image_url":null,"profile_background_image_url_https":null,"profile_background_tile":false,"profile_image_url":"http://pbs.twimg.com/profile_images/753571447751139329/kSnZ43Ec_normal.jpg","profile_image_url_https":"https://pbs.twimg.com/profile_images/753571447751139329/kSnZ43Ec_normal.jpg","profile_banner_url":"https://pbs.twimg.com/profile_banners/753155670820593664/1468500612","profile_link_color":"1DA1F2","profile_sidebar_border_color":"C0DEED","profile_sidebar_fill_color":"DDEEF6","profile_text_color":"333333","profile_use_background_image":true,"has_extended_profile":false,"default_profile":true,"default_profile_image":false,"following":false,"follow_request_sent":false,"notifications":false,"translator_type":"none"},"geo":null,"coordinates":null,"place":null,"contributors":null,"is_quote_status":false,"retweet_count":6802,"favorite_count":25045,"favorited":false,"retweeted":false,"possibly_sensitive":false,"lang":"ja"},{"created_at":"Tue Jul 18 15:02:04 +0000 2017","id":887326612391252000,"id_str":"887326612391251968","text":"『ご注文はうさぎですか？？ ～Dear My Sister～』特設ページがオープン！新作エピソードのあらすじと上映館情報を公開しました！\nさらにコミックマーケット92にてグッズ付前売券第1弾の先行販売も決定♪… https://t.co/PEbHR7cqb4","truncated":true,"entities":{"hashtags":[],"symbols":[],"user_mentions":[],"urls":[{"url":"https://t.co/PEbHR7cqb4","expanded_url":"https://twitter.com/i/web/status/887326612391251968","display_url":"twitter.com/i/web/status/8…","indices":[106,129]}]},"metadata":{"iso_language_code":"ja","result_type":"recent"},"source":"<a href=\"http://twitter.com\" rel=\"nofollow\">Twitter Web Client</a>","in_reply_to_status_id":null,"in_reply_to_status_id_str":null,"in_reply_to_user_id":null,"in_reply_to_user_id_str":null,"in_reply_to_screen_name":null,"user":{"id":2179819292,"id_str":"2179819292","name":"TVアニメ『ご注文はうさぎですか？？』","screen_name":"usagi_anime","location":"Rabbit House","description":"TVアニメ『ご注文はうさぎですか？？』公式ツイッターです。 新作アニメスペシャルエピソード「ご注文はうさぎですか？？ ～Dear My Sister～」11月11日(土)より全国40館にて上映決定！第1期BD/DVD BOX、「chimame march」発売中！","url":"https://t.co/5Wn6Gxw7Xf","entities":{"url":{"urls":[{"url":"https://t.co/5Wn6Gxw7Xf","expanded_url":"http://www.gochiusa.com/","display_url":"gochiusa.com","indices":[0,23]}]},"description":{"urls":[]}},"protected":false,"followers_count":245526,"friends_count":27,"listed_count":4056,"created_at":"Thu Nov 07 10:29:29 +0000 2013","favourites_count":0,"utc_offset":32400,"time_zone":"Tokyo","geo_enabled":true,"verified":true,"statuses_count":3327,"lang":"ja","contributors_enabled":false,"is_translator":false,"is_translation_enabled":false,"profile_background_color":"000000","profile_background_image_url":"http://abs.twimg.com/images/themes/theme1/bg.png","profile_background_image_url_https":"https://abs.twimg.com/images/themes/theme1/bg.png","profile_background_tile":false,"profile_image_url":"http://pbs.twimg.com/profile_images/886239642529316864/PL8x53wC_normal.jpg","profile_image_url_https":"https://pbs.twimg.com/profile_images/886239642529316864/PL8x53wC_normal.jpg","profile_banner_url":"https://pbs.twimg.com/profile_banners/2179819292/1491058956","profile_link_color":"985858","profile_sidebar_border_color":"000000","profile_sidebar_fill_color":"000000","profile_text_color":"000000","profile_use_background_image":false,"has_extended_profile":false,"default_profile":false,"default_profile_image":false,"following":false,"follow_request_sent":false,"notifications":false,"translator_type":"none"},"geo":null,"coordinates":null,"place":null,"contributors":null,"is_quote_status":false,"retweet_count":7789,"favorite_count":9471,"favorited":false,"retweeted":false,"possibly_sensitive":false,"lang":"ja"},{"created_at":"Tue Jul 18 14:49:26 +0000 2017","id":887323432181833700,"id_str":"887323432181833728","text":"親子デザイン工房 (No.29)\nピンクヘッドグライダー\n原案:長男\nイラスト:パパ\n\nPink-Head Glider\nOriginal design: son (11)\nIllustration : dad… https://t.co/BZiqdvLlls","truncated":true,"entities":{"hashtags":[],"symbols":[],"user_mentions":[],"urls":[{"url":"https://t.co/BZiqdvLlls","expanded_url":"https://twitter.com/i/web/status/887323432181833728","display_url":"twitter.com/i/web/status/8…","indices":[107,130]}]},"metadata":{"iso_language_code":"ja","result_type":"recent"},"source":"<a href=\"http://twitter.com/download/iphone\" rel=\"nofollow\">Twitter for iPhone</a>","in_reply_to_status_id":null,"in_reply_to_status_id_str":null,"in_reply_to_user_id":null,"in_reply_to_user_id_str":null,"in_reply_to_screen_name":null,"user":{"id":281842132,"id_str":"281842132","name":"ThomasRomain  ロマン・トマ","screen_name":"Thomasintokyo","location":"Tokyo, Koenji","description":"Animation creator. アニメクリエーター [Code Lyoko][Ōban Star-racers][Basquash!][Symphogear][Space Dandy][Cannon Busters][Father & Sons' Design Workshop]... and more","url":"https://t.co/Sy4bm1XbBZ","entities":{"url":{"urls":[{"url":"https://t.co/Sy4bm1XbBZ","expanded_url":"https://www.patreon.com/thomasromain","display_url":"patreon.com/thomasromain","indices":[0,23]}]},"description":{"urls":[]}},"protected":false,"followers_count":118694,"friends_count":554,"listed_count":1557,"created_at":"Thu Apr 14 02:31:26 +0000 2011","favourites_count":12810,"utc_offset":null,"time_zone":null,"geo_enabled":false,"verified":false,"statuses_count":9874,"lang":"en","contributors_enabled":false,"is_translator":false,"is_translation_enabled":false,"profile_background_color":"131516","profile_background_image_url":"http://pbs.twimg.com/profile_background_images/597603816427495424/j1BuJi1U.jpg","profile_background_image_url_https":"https://pbs.twimg.com/profile_background_images/597603816427495424/j1BuJi1U.jpg","profile_background_tile":true,"profile_image_url":"http://pbs.twimg.com/profile_images/3226455136/6604da84a3b20b1c00407c2995f0a1a5_normal.jpeg","profile_image_url_https":"https://pbs.twimg.com/profile_images/3226455136/6604da84a3b20b1c00407c2995f0a1a5_normal.jpeg","profile_banner_url":"https://pbs.twimg.com/profile_banners/281842132/1497585066","profile_link_color":"1B95E0","profile_sidebar_border_color":"FFFFFF","profile_sidebar_fill_color":"DDEEF6","profile_text_color":"333333","profile_use_background_image":true,"has_extended_profile":true,"default_profile":false,"default_profile_image":false,"following":false,"follow_request_sent":false,"notifications":false,"translator_type":"none"},"geo":null,"coordinates":null,"place":null,"contributors":null,"is_quote_status":false,"retweet_count":6793,"favorite_count":14229,"favorited":false,"retweeted":false,"possibly_sensitive":false,"lang":"ja"},{"created_at":"Tue Jul 18 14:43:18 +0000 2017","id":887321886383718400,"id_str":"887321886383718400","text":"フェイスブックで見かけたインターネットミームにとてもぐっと来るやつがあったので英語から日本語に訳してみました。 https://t.co/PMe00mEvlW","truncated":false,"entities":{"hashtags":[],"symbols":[],"user_mentions":[],"urls":[],"media":[{"id":887321432702595100,"id_str":"887321432702595072","indices":[56,79],"media_url":"http://pbs.twimg.com/media/DFBmJE3UMAAF4kq.jpg","media_url_https":"https://pbs.twimg.com/media/DFBmJE3UMAAF4kq.jpg","url":"https://t.co/PMe00mEvlW","display_url":"pic.twitter.com/PMe00mEvlW","expanded_url":"https://twitter.com/o_ri_i/status/887321886383718400/photo/1","type":"photo","sizes":{"large":{"w":638,"h":638,"resize":"fit"},"small":{"w":638,"h":638,"resize":"fit"},"medium":{"w":638,"h":638,"resize":"fit"},"thumb":{"w":150,"h":150,"resize":"crop"}}}]},"extended_entities":{"media":[{"id":887321432702595100,"id_str":"887321432702595072","indices":[56,79],"media_url":"http://pbs.twimg.com/media/DFBmJE3UMAAF4kq.jpg","media_url_https":"https://pbs.twimg.com/media/DFBmJE3UMAAF4kq.jpg","url":"https://t.co/PMe00mEvlW","display_url":"pic.twitter.com/PMe00mEvlW","expanded_url":"https://twitter.com/o_ri_i/status/887321886383718400/photo/1","type":"photo","sizes":{"large":{"w":638,"h":638,"resize":"fit"},"small":{"w":638,"h":638,"resize":"fit"},"medium":{"w":638,"h":638,"resize":"fit"},"thumb":{"w":150,"h":150,"resize":"crop"}}}]},"metadata":{"iso_language_code":"ja","result_type":"recent"},"source":"<a href=\"http://twitter.com\" rel=\"nofollow\">Twitter Web Client</a>","in_reply_to_status_id":null,"in_reply_to_status_id_str":null,"in_reply_to_user_id":null,"in_reply_to_user_id_str":null,"in_reply_to_screen_name":null,"user":{"id":169924779,"id_str":"169924779","name":"折易","screen_name":"o_ri_i","location":"⋯⋯大阪","description":"　ピクシブ企画の話をしたりしなかったりします。ＰＣで見てるのでレスポンス遅いです。リツイートは非表示設定にしてることが多いです。選挙は社民党。","url":"http://t.co/4xPHcN3mh5","entities":{"url":{"urls":[{"url":"http://t.co/4xPHcN3mh5","expanded_url":"http://www.pixiv.net/member.php?id=401208","display_url":"pixiv.net/member.php?id=…","indices":[0,22]}]},"description":{"urls":[]}},"protected":false,"followers_count":96,"friends_count":63,"listed_count":13,"created_at":"Fri Jul 23 14:19:13 +0000 2010","favourites_count":435,"utc_offset":32400,"time_zone":"Tokyo","geo_enabled":false,"verified":false,"statuses_count":2444,"lang":"ja","contributors_enabled":false,"is_translator":false,"is_translation_enabled":false,"profile_background_color":"C0DEED","profile_background_image_url":"http://abs.twimg.com/images/themes/theme1/bg.png","profile_background_image_url_https":"https://abs.twimg.com/images/themes/theme1/bg.png","profile_background_tile":false,"profile_image_url":"http://pbs.twimg.com/profile_images/1592514227/__________-1_____normal.png","profile_image_url_https":"https://pbs.twimg.com/profile_images/1592514227/__________-1_____normal.png","profile_link_color":"1DA1F2","profile_sidebar_border_color":"C0DEED","profile_sidebar_fill_color":"DDEEF6","profile_text_color":"333333","profile_use_background_image":true,"has_extended_profile":false,"default_profile":true,"default_profile_image":false,"following":false,"follow_request_sent":false,"notifications":false,"translator_type":"none"},"geo":null,"coordinates":null,"place":null,"contributors":null,"is_quote_status":false,"retweet_count":14279,"favorite_count":17716,"favorited":false,"retweeted":false,"possibly_sensitive":false,"lang":"ja"},{"created_at":"Tue Jul 18 14:18:13 +0000 2017","id":887315574325338100,"id_str":"887315574325338112","text":"ローソンのリベッチオクリアファイルがあるじゃろ\n紙に褐色のお肌を描いて間に挟むじゃろ\noh！濡れ透け！濡れ透けです！！\n\nﾃﾞｰﾀﾄﾞｿﾞｰ\nhttps://t.co/iaqyMGSn5V\nパス:Libeccio https://t.co/n8NbWQxWCl","truncated":false,"entities":{"hashtags":[],"symbols":[],"user_mentions":[],"urls":[{"url":"https://t.co/iaqyMGSn5V","expanded_url":"http://fast-uploader.com/file/7055942882752/","display_url":"fast-uploader.com/file/705594288…","indices":[71,94]}],"media":[{"id":887314282085470200,"id_str":"887314282085470208","indices":[107,130],"media_url":"http://pbs.twimg.com/media/DFBfo2vV0AA_2Wp.jpg","media_url_https":"https://pbs.twimg.com/media/DFBfo2vV0AA_2Wp.jpg","url":"https://t.co/n8NbWQxWCl","display_url":"pic.twitter.com/n8NbWQxWCl","expanded_url":"https://twitter.com/tamayan22/status/887315574325338112/photo/1","type":"photo","sizes":{"medium":{"w":900,"h":1200,"resize":"fit"},"thumb":{"w":150,"h":150,"resize":"crop"},"large":{"w":1536,"h":2048,"resize":"fit"},"small":{"w":510,"h":680,"resize":"fit"}}}]},"extended_entities":{"media":[{"id":887314282085470200,"id_str":"887314282085470208","indices":[107,130],"media_url":"http://pbs.twimg.com/media/DFBfo2vV0AA_2Wp.jpg","media_url_https":"https://pbs.twimg.com/media/DFBfo2vV0AA_2Wp.jpg","url":"https://t.co/n8NbWQxWCl","display_url":"pic.twitter.com/n8NbWQxWCl","expanded_url":"https://twitter.com/tamayan22/status/887315574325338112/photo/1","type":"photo","sizes":{"medium":{"w":900,"h":1200,"resize":"fit"},"thumb":{"w":150,"h":150,"resize":"crop"},"large":{"w":1536,"h":2048,"resize":"fit"},"small":{"w":510,"h":680,"resize":"fit"}}},{"id":887314309629464600,"id_str":"887314309629464576","indices":[107,130],"media_url":"http://pbs.twimg.com/media/DFBfqdWV0AAOQTN.jpg","media_url_https":"https://pbs.twimg.com/media/DFBfqdWV0AAOQTN.jpg","url":"https://t.co/n8NbWQxWCl","display_url":"pic.twitter.com/n8NbWQxWCl","expanded_url":"https://twitter.com/tamayan22/status/887315574325338112/photo/1","type":"photo","sizes":{"medium":{"w":900,"h":1200,"resize":"fit"},"thumb":{"w":150,"h":150,"resize":"crop"},"large":{"w":1536,"h":2048,"resize":"fit"},"small":{"w":510,"h":680,"resize":"fit"}}},{"id":887314341963243500,"id_str":"887314341963243520","indices":[107,130],"media_url":"http://pbs.twimg.com/media/DFBfsVzUIAA-Lma.jpg","media_url_https":"https://pbs.twimg.com/media/DFBfsVzUIAA-Lma.jpg","url":"https://t.co/n8NbWQxWCl","display_url":"pic.twitter.com/n8NbWQxWCl","expanded_url":"https://twitter.com/tamayan22/status/887315574325338112/photo/1","type":"photo","sizes":{"medium":{"w":900,"h":1200,"resize":"fit"},"thumb":{"w":150,"h":150,"resize":"crop"},"large":{"w":1536,"h":2048,"resize":"fit"},"small":{"w":510,"h":680,"resize":"fit"}}},{"id":887314369528315900,"id_str":"887314369528315904","indices":[107,130],"media_url":"http://pbs.twimg.com/media/DFBft8fVwAAA5lE.jpg","media_url_https":"https://pbs.twimg.com/media/DFBft8fVwAAA5lE.jpg","url":"https://t.co/n8NbWQxWCl","display_url":"pic.twitter.com/n8NbWQxWCl","expanded_url":"https://twitter.com/tamayan22/status/887315574325338112/photo/1","type":"photo","sizes":{"thumb":{"w":150,"h":150,"resize":"crop"},"small":{"w":510,"h":680,"resize":"fit"},"medium":{"w":900,"h":1200,"resize":"fit"},"large":{"w":1536,"h":2048,"resize":"fit"}}}]},"metadata":{"iso_language_code":"ja","result_type":"recent"},"source":"<a href=\"http://twitter.com\" rel=\"nofollow\">Twitter Web Client</a>","in_reply_to_status_id":null,"in_reply_to_status_id_str":null,"in_reply_to_user_id":null,"in_reply_to_user_id_str":null,"in_reply_to_screen_name":null,"user":{"id":541533365,"id_str":"541533365","name":"たまやん","screen_name":"tamayan22","location":"","description":"艦これ中心でたまにお絵かきしたりアニメやゲームについて呟いたりするのです。なのです。\n※リクエストはお断りしております。\nすまないさん。","url":"https://t.co/CA0udxeOr6","entities":{"url":{"urls":[{"url":"https://t.co/CA0udxeOr6","expanded_url":"http://www.pixiv.net/member.php?id=136424","display_url":"pixiv.net/member.php?id=…","indices":[0,23]}]},"description":{"urls":[]}},"protected":false,"followers_count":7194,"friends_count":499,"listed_count":182,"created_at":"Sat Mar 31 10:12:18 +0000 2012","favourites_count":8000,"utc_offset":null,"time_zone":null,"geo_enabled":false,"verified":false,"statuses_count":11415,"lang":"ja","contributors_enabled":false,"is_translator":false,"is_translation_enabled":false,"profile_background_color":"000000","profile_background_image_url":"http://abs.twimg.com/images/themes/theme4/bg.gif","profile_background_image_url_https":"https://abs.twimg.com/images/themes/theme4/bg.gif","profile_background_tile":false,"profile_image_url":"http://pbs.twimg.com/profile_images/860178320293371904/uzJAzHPV_normal.jpg","profile_image_url_https":"https://pbs.twimg.com/profile_images/860178320293371904/uzJAzHPV_normal.jpg","profile_banner_url":"https://pbs.twimg.com/profile_banners/541533365/1495982269","profile_link_color":"3B94D9","profile_sidebar_border_color":"000000","profile_sidebar_fill_color":"000000","profile_text_color":"000000","profile_use_background_image":false,"has_extended_profile":false,"default_profile":false,"default_profile_image":false,"following":false,"follow_request_sent":false,"notifications":false,"translator_type":"none"},"geo":null,"coordinates":null,"place":null,"contributors":null,"is_quote_status":false,"retweet_count":5084,"favorite_count":5753,"favorited":false,"retweeted":false,"possibly_sensitive":false,"lang":"ja"}],"search_metadata":{"completed_in":0.728,"max_id":887507220560085000,"max_id_str":"887507220560084992","next_results":"?max_id=887315574325338111&q=lang%3Aja%20min_retweets%3A5000&include_entities=1","query":"lang%3Aja+min_retweets%3A5000","refresh_url":"?since_id=887507220560084992&q=lang%3Aja%20min_retweets%3A5000&include_entities=1","count":15,"since_id":0,"since_id_str":"0"}}