{"statuses":[{"created_at":"Thu Jul 20 04:31:07 +0000 2017","id":887892604448251900,"id_str":"887892604448251904","text":"💡原作・空知英秋先生が選ぶ #映画銀魂 おすすめポイント11選 公開💡\n「映画 銀魂 SILVER MEMORIES ビジュアルブック」(集英社刊)に掲載された先生のメッセージ全文公開！映画を見た人も、これから見る人も楽しめる内容… https://t.co/SiiLdgbuJJ","truncated":true,"entities":{"hashtags":[{"text":"映画銀魂","indices":[14,19]}],"symbols":[],"user_mentions":[],"urls":[{"url":"https://t.co/SiiLdgbuJJ","expanded_url":"https://twitter.com/i/web/status/887892604448251904","display_url":"twitter.com/i/web/status/8…","indices":[117,140]}]},"metadata":{"iso_language_code":"ja","result_type":"recent"},"source":"<a href=\"http://twitter.com\" rel=\"nofollow\">Twitter Web Client</a>","in_reply_to_status_id":null,"in_reply_to_status_id_str":null,"in_reply_to_user_id":null,"in_reply_to_user_id_str":null,"in_reply_to_screen_name":null,"user":{"id":742990922053476400,"id_str":"742990922053476353","name":"映画『銀魂』公式","screen_name":"gintama_film","location":"宇宙一バカな侍だ、コノヤロー！！","description":"大ヒット上映中！出演: #小栗旬 #菅田将暉 #橋本環奈 #柳楽優弥 #新井浩文 #吉沢亮 #早見あかり #ムロツヨシ #長澤まさみ #岡田将生 #佐藤二朗 #菜々緒 #安田顕 #中村勘九郎 #堂本剛 監督: #福田雄一 。原作:#空知英秋 主題歌: #UVERworld #映画銀魂","url":"https://t.co/ouY8dPAuVA","entities":{"url":{"urls":[{"url":"https://t.co/ouY8dPAuVA","expanded_url":"http://gintama-film.com","display_url":"gintama-film.com","indices":[0,23]}]},"description":{"urls":[]}},"protected":false,"followers_count":384755,"friends_count":16,"listed_count":1546,"created_at":"Wed Jun 15 08:03:34 +0000 2016","favourites_count":0,"utc_offset":32400,"time_zone":"Tokyo","geo_enabled":false,"verified":true,"statuses_count":378457,"lang":"ja","contributors_enabled":false,"is_translator":false,"is_translation_enabled":false,"profile_background_color":"F5F8FA","profile_background_image_url":null,"profile_background_image_url_https":null,"profile_background_tile":false,"profile_image_url":"http://pbs.twimg.com/profile_images/856317082475966464/lFnmsf0P_normal.jpg","profile_image_url_https":"https://pbs.twimg.com/profile_images/856317082475966464/lFnmsf0P_normal.jpg","profile_banner_url":"https://pbs.twimg.com/profile_banners/742990922053476353/1494498690","profile_link_color":"1DA1F2","profile_sidebar_border_color":"C0DEED","profile_sidebar_fill_color":"DDEEF6","profile_text_color":"333333","profile_use_background_image":true,"has_extended_profile":false,"default_profile":true,"default_profile_image":false,"following":false,"follow_request_sent":false,"notifications":false,"translator_type":"none"},"geo":null,"coordinates":null,"place":null,"contributors":null,"is_quote_status":false,"retweet_count":8352,"favorite_count":14487,"favorited":false,"retweeted":false,"possibly_sensitive":false,"lang":"ja"},{"created_at":"Thu Jul 20 04:14:12 +0000 2017","id":887888345728143400,"id_str":"887888345728143361","text":"A3!×太鼓の達人コラボレーション続報！\nゲームセンターの「太鼓の達人 イエローVer.」に、あの「A3!」のキャラクターが登場!!\nお待ちかねの、A3ders!のコラボイラストをドドンと公開しちゃうドン！\n#エースリー… https://t.co/tTCPJIZegK","truncated":true,"entities":{"hashtags":[{"text":"エースリー","indices":[104,110]}],"symbols":[],"user_mentions":[],"urls":[{"url":"https://t.co/tTCPJIZegK","expanded_url":"https://twitter.com/i/web/status/887888345728143361","display_url":"twitter.com/i/web/status/8…","indices":[112,135]}]},"metadata":{"iso_language_code":"ja","result_type":"recent"},"source":"<a href=\"http://twitter.com\" rel=\"nofollow\">Twitter Web Client</a>","in_reply_to_status_id":null,"in_reply_to_status_id_str":null,"in_reply_to_user_id":null,"in_reply_to_user_id_str":null,"in_reply_to_screen_name":null,"user":{"id":89972900,"id_str":"89972900","name":"太鼓チーム","screen_name":"taiko_team","location":"フューチャー・ラボ","description":"太鼓の達人の公式アカウントだドン！太鼓チームのエトウが太鼓の達人の最新情報や開発現場からの声をお届けします！よろしくだドン！ ※ＤＭにはお返事できません。土日祝日はオヤスミです。 ※お問い合わせ先はコチラだドン。（http://t.co/SWEBRnHG5h）","url":"http://t.co/HKySVaUvsc","entities":{"url":{"urls":[{"url":"http://t.co/HKySVaUvsc","expanded_url":"http://taiko.namco-ch.net/","display_url":"taiko.namco-ch.net","indices":[0,22]}]},"description":{"urls":[{"url":"http://t.co/SWEBRnHG5h","expanded_url":"http://www.bandainamcogames.co.jp/info/contact.php","display_url":"bandainamcogames.co.jp/info/contact.p…","indices":[107,129]}]}},"protected":false,"followers_count":61598,"friends_count":28816,"listed_count":920,"created_at":"Sat Nov 14 16:52:00 +0000 2009","favourites_count":182,"utc_offset":32400,"time_zone":"Tokyo","geo_enabled":true,"verified":false,"statuses_count":95291,"lang":"ja","contributors_enabled":false,"is_translator":false,"is_translation_enabled":false,"profile_background_color":"022330","profile_background_image_url":"http://pbs.twimg.com/profile_background_images/525171334980976640/UkJDf_kQ.jpeg","profile_background_image_url_https":"https://pbs.twimg.com/profile_background_images/525171334980976640/UkJDf_kQ.jpeg","profile_background_tile":true,"profile_image_url":"http://pbs.twimg.com/profile_images/501238914330271744/znFmAp9R_normal.jpeg","profile_image_url_https":"https://pbs.twimg.com/profile_images/501238914330271744/znFmAp9R_normal.jpeg","profile_banner_url":"https://pbs.twimg.com/profile_banners/89972900/1489510213","profile_link_color":"E9BC00","profile_sidebar_border_color":"FFFFFF","profile_sidebar_fill_color":"C0DFEC","profile_text_color":"333333","profile_use_background_image":true,"has_extended_profile":false,"default_profile":false,"default_profile_image":false,"following":false,"follow_request_sent":false,"notifications":false,"translator_type":"none"},"geo":null,"coordinates":null,"place":null,"contributors":null,"is_quote_status":false,"retweet_count":18931,"favorite_count":21313,"favorited":false,"retweeted":false,"possibly_sensitive":false,"lang":"ja"},{"created_at":"Thu Jul 20 04:02:13 +0000 2017","id":887885329826406400,"id_str":"887885329826406401","text":"【グランブルーファンタジー】レジェンドガチャ更新のお知らせを公式サイトにて掲載いたしました。詳しくは公式サイトにてご確認ください。⇒  https://t.co/uTbCAnbolR  #グラブル https://t.co/5WppiM3Uvk","truncated":false,"entities":{"hashtags":[{"text":"グラブル","indices":[93,98]}],"symbols":[],"user_mentions":[],"urls":[{"url":"https://t.co/uTbCAnbolR","expanded_url":"http://eng.mg/7ba8f","display_url":"eng.mg/7ba8f","indices":[68,91]}],"media":[{"id":887885327188148200,"id_str":"887885327188148224","indices":[99,122],"media_url":"http://pbs.twimg.com/media/DFJnADhUwAAaEHF.jpg","media_url_https":"https://pbs.twimg.com/media/DFJnADhUwAAaEHF.jpg","url":"https://t.co/5WppiM3Uvk","display_url":"pic.twitter.com/5WppiM3Uvk","expanded_url":"https://twitter.com/granbluefantasy/status/887885329826406401/photo/1","type":"photo","sizes":{"small":{"w":600,"h":300,"resize":"fit"},"thumb":{"w":150,"h":150,"resize":"crop"},"medium":{"w":600,"h":300,"resize":"fit"},"large":{"w":600,"h":300,"resize":"fit"}}}]},"extended_entities":{"media":[{"id":887885327188148200,"id_str":"887885327188148224","indices":[99,122],"media_url":"http://pbs.twimg.com/media/DFJnADhUwAAaEHF.jpg","media_url_https":"https://pbs.twimg.com/media/DFJnADhUwAAaEHF.jpg","url":"https://t.co/5WppiM3Uvk","display_url":"pic.twitter.com/5WppiM3Uvk","expanded_url":"https://twitter.com/granbluefantasy/status/887885329826406401/photo/1","type":"photo","sizes":{"small":{"w":600,"h":300,"resize":"fit"},"thumb":{"w":150,"h":150,"resize":"crop"},"medium":{"w":600,"h":300,"resize":"fit"},"large":{"w":600,"h":300,"resize":"fit"}}}]},"metadata":{"iso_language_code":"ja","result_type":"recent"},"source":"<a href=\"http://engagemanager.tribalmedia.co.jp/\" rel=\"nofollow\">EngageManager</a>","in_reply_to_status_id":null,"in_reply_to_status_id_str":null,"in_reply_to_user_id":null,"in_reply_to_user_id_str":null,"in_reply_to_screen_name":null,"user":{"id":1549889018,"id_str":"1549889018","name":"グランブルーファンタジー","screen_name":"granbluefantasy","location":"","description":"｢グランブルーファンタジー｣公式Twitterアカウントです。運営からのお知らせをツイートします。","url":"https://t.co/15Gqq9oUyB","entities":{"url":{"urls":[{"url":"https://t.co/15Gqq9oUyB","expanded_url":"http://granbluefantasy.jp/","display_url":"granbluefantasy.jp","indices":[0,23]}]},"description":{"urls":[]}},"protected":false,"followers_count":452287,"friends_count":14,"listed_count":6149,"created_at":"Thu Jun 27 06:05:10 +0000 2013","favourites_count":0,"utc_offset":28800,"time_zone":"Irkutsk","geo_enabled":false,"verified":true,"statuses_count":5148,"lang":"ja","contributors_enabled":false,"is_translator":false,"is_translation_enabled":false,"profile_background_color":"131516","profile_background_image_url":"http://pbs.twimg.com/profile_background_images/378800000141035672/NJ6ibXgz.jpeg","profile_background_image_url_https":"https://pbs.twimg.com/profile_background_images/378800000141035672/NJ6ibXgz.jpeg","profile_background_tile":false,"profile_image_url":"http://pbs.twimg.com/profile_images/875517323288891393/NAdjoxu8_normal.jpg","profile_image_url_https":"https://pbs.twimg.com/profile_images/875517323288891393/NAdjoxu8_normal.jpg","profile_banner_url":"https://pbs.twimg.com/profile_banners/1549889018/1401448093","profile_link_color":"009999","profile_sidebar_border_color":"FFFFFF","profile_sidebar_fill_color":"EFEFEF","profile_text_color":"333333","profile_use_background_image":true,"has_extended_profile":false,"default_profile":false,"default_profile_image":false,"following":false,"follow_request_sent":false,"notifications":false,"translator_type":"none"},"geo":null,"coordinates":null,"place":null,"contributors":null,"is_quote_status":false,"retweet_count":8025,"favorite_count":2601,"favorited":false,"retweeted":false,"possibly_sensitive":false,"lang":"ja"},{"created_at":"Thu Jul 20 03:38:58 +0000 2017","id":887879479539912700,"id_str":"887879479539912704","text":"マスコミのやり方、皆さんどう思いますか？\n\n特定秘密保護法案の意義について安倍総理記者会見（平成25年12月9日） \n「４万件のうち、３万件の防衛機密がたった３年間の民主党政権時代で破棄されました。」と総理が説明すると、一斉にテレ… https://t.co/dG9JfE2fpY","truncated":true,"entities":{"hashtags":[],"symbols":[],"user_mentions":[],"urls":[{"url":"https://t.co/dG9JfE2fpY","expanded_url":"https://twitter.com/i/web/status/887879479539912704","display_url":"twitter.com/i/web/status/8…","indices":[117,140]}]},"metadata":{"iso_language_code":"ja","result_type":"recent"},"source":"<a href=\"http://twitter.com/download/android\" rel=\"nofollow\">Twitter for Android</a>","in_reply_to_status_id":null,"in_reply_to_status_id_str":null,"in_reply_to_user_id":null,"in_reply_to_user_id_str":null,"in_reply_to_screen_name":null,"user":{"id":2295843529,"id_str":"2295843529","name":"するめのよっちゃん＃沖縄は日本だ","screen_name":"surumegesogeso","location":"沖縄県","description":"#翁長知事と琉球新報を許さない会 \n(相棒は はまちゃん)\n『つぶやくだけでも保守活動』\n『無私無我』\n選挙がある時はお手伝いの為、不在気味。\n安倍総理絶賛応援中！\nその他日本の為に頑張る人を応援♪\n沖縄県民。自民党党員。膠原病療養中。\n保守だ何だという前に日本人たれ🍙\nDMにはお返事できません、ごめんなさい。","url":null,"entities":{"description":{"urls":[]}},"protected":false,"followers_count":19442,"friends_count":5117,"listed_count":276,"created_at":"Fri Jan 17 09:43:34 +0000 2014","favourites_count":38399,"utc_offset":null,"time_zone":null,"geo_enabled":false,"verified":false,"statuses_count":83358,"lang":"ja","contributors_enabled":false,"is_translator":false,"is_translation_enabled":false,"profile_background_color":"B2DFDA","profile_background_image_url":"http://abs.twimg.com/images/themes/theme13/bg.gif","profile_background_image_url_https":"https://abs.twimg.com/images/themes/theme13/bg.gif","profile_background_tile":false,"profile_image_url":"http://pbs.twimg.com/profile_images/875932360574775301/FoPvv8qL_normal.jpg","profile_image_url_https":"https://pbs.twimg.com/profile_images/875932360574775301/FoPvv8qL_normal.jpg","profile_banner_url":"https://pbs.twimg.com/profile_banners/2295843529/1469938868","profile_link_color":"3B94D9","profile_sidebar_border_color":"EEEEEE","profile_sidebar_fill_color":"FFFFFF","profile_text_color":"333333","profile_use_background_image":true,"has_extended_profile":false,"default_profile":false,"default_profile_image":false,"following":false,"follow_request_sent":false,"notifications":false,"translator_type":"none"},"geo":null,"coordinates":null,"place":null,"contributors":null,"is_quote_status":false,"retweet_count":8286,"favorite_count":5154,"favorited":false,"retweeted":false,"possibly_sensitive":false,"lang":"ja"},{"created_at":"Thu Jul 20 03:04:50 +0000 2017","id":887870890506985500,"id_str":"887870890506985472","text":"バーベキューが来た！\nヒロアカの期間限定ショップ『僕のヒーローアカデミア×THEキャラSHOP ～真夏のBBQ大会～』8月2日（水）より東京池袋P'PARCOにオープン決定！\n詳細はこちら\n↓… https://t.co/lJozV5Rze8","truncated":true,"entities":{"hashtags":[],"symbols":[],"user_mentions":[],"urls":[{"url":"https://t.co/lJozV5Rze8","expanded_url":"https://twitter.com/i/web/status/887870890506985472","display_url":"twitter.com/i/web/status/8…","indices":[98,121]}]},"metadata":{"iso_language_code":"ja","result_type":"recent"},"source":"<a href=\"http://twitter.com\" rel=\"nofollow\">Twitter Web Client</a>","in_reply_to_status_id":null,"in_reply_to_status_id_str":null,"in_reply_to_user_id":null,"in_reply_to_user_id_str":null,"in_reply_to_screen_name":null,"user":{"id":3969691152,"id_str":"3969691152","name":"僕のヒーローアカデミア_アニメ公式","screen_name":"heroaca_anime","location":"","description":"毎週土曜夕方5:30より読売テレビ・日本テレビ系で放送！「週刊少年ジャンプ」（集英社）で連載中、堀越耕平原作による「僕のヒーローアカデミア」TVアニメ公式アカウント。ヒロアカの情報を発信します。 推奨ハッシュタグ：#heroaca_a #ヒロアカ ※原則個別リプライは行っておりません。","url":"https://t.co/DUZ6Q6Gq34","entities":{"url":{"urls":[{"url":"https://t.co/DUZ6Q6Gq34","expanded_url":"http://heroaca.com/","display_url":"heroaca.com","indices":[0,23]}]},"description":{"urls":[]}},"protected":false,"followers_count":146896,"friends_count":101,"listed_count":1679,"created_at":"Wed Oct 21 14:05:05 +0000 2015","favourites_count":0,"utc_offset":-25200,"time_zone":"Pacific Time (US & Canada)","geo_enabled":false,"verified":false,"statuses_count":3147,"lang":"ja","contributors_enabled":false,"is_translator":false,"is_translation_enabled":false,"profile_background_color":"C0DEED","profile_background_image_url":"http://abs.twimg.com/images/themes/theme1/bg.png","profile_background_image_url_https":"https://abs.twimg.com/images/themes/theme1/bg.png","profile_background_tile":false,"profile_image_url":"http://pbs.twimg.com/profile_images/881114171605004289/8QVDjhno_normal.jpg","profile_image_url_https":"https://pbs.twimg.com/profile_images/881114171605004289/8QVDjhno_normal.jpg","profile_banner_url":"https://pbs.twimg.com/profile_banners/3969691152/1491111187","profile_link_color":"1DA1F2","profile_sidebar_border_color":"C0DEED","profile_sidebar_fill_color":"DDEEF6","profile_text_color":"333333","profile_use_background_image":true,"has_extended_profile":false,"default_profile":true,"default_profile_image":false,"following":false,"follow_request_sent":false,"notifications":false,"translator_type":"none"},"geo":null,"coordinates":null,"place":null,"contributors":null,"is_quote_status":false,"retweet_count":7637,"favorite_count":10757,"favorited":false,"retweeted":false,"possibly_sensitive":false,"lang":"ja"},{"created_at":"Thu Jul 20 03:00:50 +0000 2017","id":887869884335444000,"id_str":"887869884335443968","text":"これは「わかばシューター」。\n明日、ハイカラスクエアに降り立つ若者たちが最初に持っているブキだ。\nインクがとても長持ちするので、ナワバリバトルの入門にはピッタリだぞ。\nサブウェポンは「スプラッシュボム」、スペシャルウェポンは「イン… https://t.co/J0zlEsq383","truncated":true,"entities":{"hashtags":[],"symbols":[],"user_mentions":[],"urls":[{"url":"https://t.co/J0zlEsq383","expanded_url":"https://twitter.com/i/web/status/887869884335443968","display_url":"twitter.com/i/web/status/8…","indices":[117,140]}]},"metadata":{"iso_language_code":"ja","result_type":"recent"},"source":"<a href=\"http://twitter.com\" rel=\"nofollow\">Twitter Web Client</a>","in_reply_to_status_id":null,"in_reply_to_status_id_str":null,"in_reply_to_user_id":null,"in_reply_to_user_id_str":null,"in_reply_to_screen_name":null,"user":{"id":2888006497,"id_str":"2888006497","name":"Splatoon（スプラトゥーン）","screen_name":"SplatoonJP","location":"","description":"『スプラトゥーン』公式総合アカウント。イカ研究所の調査報告（ゲーム情報）やお知らせをお伝えします。最新作の『スプラトゥーン2』は2017年7月21日（金）発売予定。ご質問・お問い合わせにはお答えしておりませんのでご容赦ください。 ※イカ研究所は実在の人物、団体とは一切関係ございません。","url":"https://t.co/yCMNfZlVpz","entities":{"url":{"urls":[{"url":"https://t.co/yCMNfZlVpz","expanded_url":"https://www.nintendo.co.jp/switch/aab6a/index.html","display_url":"nintendo.co.jp/switch/aab6a/i…","indices":[0,23]}]},"description":{"urls":[]}},"protected":false,"followers_count":669562,"friends_count":1,"listed_count":6494,"created_at":"Mon Nov 03 01:36:06 +0000 2014","favourites_count":0,"utc_offset":32400,"time_zone":"Tokyo","geo_enabled":false,"verified":true,"statuses_count":1478,"lang":"ja","contributors_enabled":false,"is_translator":false,"is_translation_enabled":false,"profile_background_color":"000000","profile_background_image_url":"http://pbs.twimg.com/profile_background_images/530105343452274688/WJl6dNx5.jpeg","profile_background_image_url_https":"https://pbs.twimg.com/profile_background_images/530105343452274688/WJl6dNx5.jpeg","profile_background_tile":false,"profile_image_url":"http://pbs.twimg.com/profile_images/819765217957552132/1WftJJM1_normal.jpg","profile_image_url_https":"https://pbs.twimg.com/profile_images/819765217957552132/1WftJJM1_normal.jpg","profile_banner_url":"https://pbs.twimg.com/profile_banners/2888006497/1484282224","profile_link_color":"000000","profile_sidebar_border_color":"000000","profile_sidebar_fill_color":"E3E2DE","profile_text_color":"634047","profile_use_background_image":true,"has_extended_profile":false,"default_profile":false,"default_profile_image":false,"following":false,"follow_request_sent":false,"notifications":false,"translator_type":"none"},"geo":null,"coordinates":null,"place":null,"contributors":null,"is_quote_status":false,"retweet_count":7691,"favorite_count":13052,"favorited":false,"retweeted":false,"possibly_sensitive":false,"lang":"ja"},{"created_at":"Thu Jul 20 03:00:02 +0000 2017","id":887869681859612700,"id_str":"887869681859612672","text":"＼✨その場で当たる✨／\nBOSSレボマン『今月のブレンドシリーズNo.5』が8/1新発売☕️\n\nフォロー＆RTでレボマンと #今月のレボマン No.4＆5飲み比べセットをプレゼント🎁\nhttps://t.co/zjiap6HSpQ https://t.co/VHJXHNZzfQ","truncated":false,"entities":{"hashtags":[{"text":"今月のレボマン","indices":[62,70]}],"symbols":[],"user_mentions":[],"urls":[{"url":"https://t.co/zjiap6HSpQ","expanded_url":"https://goo.gl/cPzcMN","display_url":"goo.gl/cPzcMN","indices":[92,115]}],"media":[{"id":884330633794773000,"id_str":"884330633794772992","indices":[116,139],"media_url":"http://pbs.twimg.com/media/DEXHg0fVwAAWvCZ.jpg","media_url_https":"https://pbs.twimg.com/media/DEXHg0fVwAAWvCZ.jpg","url":"https://t.co/VHJXHNZzfQ","display_url":"pic.twitter.com/VHJXHNZzfQ","expanded_url":"https://twitter.com/suntory/status/887869681859612672/video/1","type":"photo","sizes":{"small":{"w":640,"h":360,"resize":"fit"},"large":{"w":640,"h":360,"resize":"fit"},"thumb":{"w":150,"h":150,"resize":"crop"},"medium":{"w":640,"h":360,"resize":"fit"}}}]},"extended_entities":{"media":[{"id":884330633794773000,"id_str":"884330633794772992","indices":[116,139],"media_url":"http://pbs.twimg.com/media/DEXHg0fVwAAWvCZ.jpg","media_url_https":"https://pbs.twimg.com/media/DEXHg0fVwAAWvCZ.jpg","url":"https://t.co/VHJXHNZzfQ","display_url":"pic.twitter.com/VHJXHNZzfQ","expanded_url":"https://twitter.com/suntory/status/887869681859612672/video/1","type":"video","sizes":{"small":{"w":640,"h":360,"resize":"fit"},"large":{"w":640,"h":360,"resize":"fit"},"thumb":{"w":150,"h":150,"resize":"crop"},"medium":{"w":640,"h":360,"resize":"fit"}},"video_info":{"aspect_ratio":[16,9],"duration_millis":27333,"variants":[{"bitrate":2176000,"content_type":"video/mp4","url":"https://video.twimg.com/amplify_video/884330633794772992/vid/1280x720/1Jj3hMErN2OJsz52.mp4"},{"bitrate":320000,"content_type":"video/mp4","url":"https://video.twimg.com/amplify_video/884330633794772992/vid/320x180/qosYjtnlB-BWus8p.mp4"},{"content_type":"application/x-mpegURL","url":"https://video.twimg.com/amplify_video/884330633794772992/pl/ezmVLkDthoktkFku.m3u8"},{"bitrate":832000,"content_type":"video/mp4","url":"https://video.twimg.com/amplify_video/884330633794772992/vid/640x360/RMD-tX_JKJIMqSyR.mp4"}]},"additional_media_info":{"title":"","description":"","embeddable":true,"monetizable":false}}]},"metadata":{"iso_language_code":"ja","result_type":"recent"},"source":"<a href=\"https://ads.twitter.com\" rel=\"nofollow\">Twitter Ads</a>","in_reply_to_status_id":null,"in_reply_to_status_id_str":null,"in_reply_to_user_id":null,"in_reply_to_user_id_str":null,"in_reply_to_screen_name":null,"user":{"id":133684052,"id_str":"133684052","name":"SUNTORY（サントリー）","screen_name":"suntory","location":"東京都港区台場","description":"サントリーの公式アカウントです。 フォローは20歳以上の方限定です。 ご利用規約はこちら→https://t.co/CPCVhjnk1c お問い合わせはこちら→https://t.co/yqpOzQ7Ntl","url":"https://t.co/CMlXK6EHXd","entities":{"url":{"urls":[{"url":"https://t.co/CMlXK6EHXd","expanded_url":"http://www.suntory.co.jp/","display_url":"suntory.co.jp","indices":[0,23]}]},"description":{"urls":[{"url":"https://t.co/CPCVhjnk1c","expanded_url":"http://goo.gl/jop0B3","display_url":"goo.gl/jop0B3","indices":[45,68]},{"url":"https://t.co/yqpOzQ7Ntl","expanded_url":"http://goo.gl/d5V6d","display_url":"goo.gl/d5V6d","indices":[80,103]}]}},"protected":false,"followers_count":550754,"friends_count":31,"listed_count":2207,"created_at":"Fri Apr 16 11:16:01 +0000 2010","favourites_count":221,"utc_offset":32400,"time_zone":"Tokyo","geo_enabled":false,"verified":true,"statuses_count":2190840,"lang":"ja","contributors_enabled":false,"is_translator":false,"is_translation_enabled":false,"profile_background_color":"C0DEED","profile_background_image_url":"http://pbs.twimg.com/profile_background_images/850861581/9a53622d4a718f61cbd952feae09820c.jpeg","profile_background_image_url_https":"https://pbs.twimg.com/profile_background_images/850861581/9a53622d4a718f61cbd952feae09820c.jpeg","profile_background_tile":false,"profile_image_url":"http://pbs.twimg.com/profile_images/3567001630/aed0e05a78467be3f08394e65f2aea93_normal.png","profile_image_url_https":"https://pbs.twimg.com/profile_images/3567001630/aed0e05a78467be3f08394e65f2aea93_normal.png","profile_banner_url":"https://pbs.twimg.com/profile_banners/133684052/1499217142","profile_link_color":"0084B4","profile_sidebar_border_color":"FFFFFF","profile_sidebar_fill_color":"DDEEF6","profile_text_color":"333333","profile_use_background_image":true,"has_extended_profile":false,"default_profile":false,"default_profile_image":false,"following":false,"follow_request_sent":false,"notifications":false,"translator_type":"regular"},"geo":null,"coordinates":null,"place":null,"contributors":null,"is_quote_status":false,"retweet_count":8835,"favorite_count":567,"favorited":false,"retweeted":false,"possibly_sensitive":false,"lang":"ja"},{"created_at":"Thu Jul 20 03:00:02 +0000 2017","id":887869681402470400,"id_str":"887869681402470400","text":"【@Haagen_Dazs_JP】をフォロー、この投稿をリツイートすると抽選で100名様に新商品ミニカップ≪香る珈琲バニラ≫4個と交換できるギフト券2枚をプレゼント♪ #香り際立つ珈琲バニラ… https://t.co/rEux2WTyzQ","truncated":true,"entities":{"hashtags":[{"text":"香り際立つ珈琲バニラ","indices":[84,95]}],"symbols":[],"user_mentions":[{"screen_name":"Haagen_Dazs_JP","name":"ハーゲンダッツ","id":112373528,"id_str":"112373528","indices":[1,16]}],"urls":[{"url":"https://t.co/rEux2WTyzQ","expanded_url":"https://twitter.com/i/web/status/887869681402470400","display_url":"twitter.com/i/web/status/8…","indices":[97,120]}]},"metadata":{"iso_language_code":"ja","result_type":"recent"},"source":"<a href=\"https://ads.twitter.com\" rel=\"nofollow\">Twitter Ads</a>","in_reply_to_status_id":null,"in_reply_to_status_id_str":null,"in_reply_to_user_id":null,"in_reply_to_user_id_str":null,"in_reply_to_screen_name":null,"user":{"id":112373528,"id_str":"112373528","name":"ハーゲンダッツ","screen_name":"Haagen_Dazs_JP","location":"","description":"ハーゲンダッツ ジャパンの公式アカウントです。\n商品やキャンペーンなどの最新情報をお伝えしていきます。\n基本的にリプライ、ダイレクトメッセージへのご返信・フォロー返しはしていません。 \nお問い合わせはこちら →http://t.co/WSAfMjeuu5","url":"http://t.co/2iwpeqpt4P","entities":{"url":{"urls":[{"url":"http://t.co/2iwpeqpt4P","expanded_url":"http://www.haagen-dazs.co.jp/","display_url":"haagen-dazs.co.jp","indices":[0,22]}]},"description":{"urls":[{"url":"http://t.co/WSAfMjeuu5","expanded_url":"http://www.haagen-dazs.co.jp/contact_qa/","display_url":"haagen-dazs.co.jp/contact_qa/","indices":[105,127]}]}},"protected":false,"followers_count":760140,"friends_count":9428,"listed_count":3824,"created_at":"Mon Feb 08 07:48:07 +0000 2010","favourites_count":339,"utc_offset":32400,"time_zone":"Tokyo","geo_enabled":false,"verified":true,"statuses_count":2753,"lang":"ja","contributors_enabled":false,"is_translator":false,"is_translation_enabled":false,"profile_background_color":"FFFFFF","profile_background_image_url":"http://pbs.twimg.com/profile_background_images/450814499205820418/L5uJdpx-.png","profile_background_image_url_https":"https://pbs.twimg.com/profile_background_images/450814499205820418/L5uJdpx-.png","profile_background_tile":true,"profile_image_url":"http://pbs.twimg.com/profile_images/756026452118601728/rjjsdSBb_normal.jpg","profile_image_url_https":"https://pbs.twimg.com/profile_images/756026452118601728/rjjsdSBb_normal.jpg","profile_banner_url":"https://pbs.twimg.com/profile_banners/112373528/1399511356","profile_link_color":"0084B4","profile_sidebar_border_color":"FFFFFF","profile_sidebar_fill_color":"DDEEF6","profile_text_color":"333333","profile_use_background_image":true,"has_extended_profile":false,"default_profile":false,"default_profile_image":false,"following":false,"follow_request_sent":false,"notifications":false,"translator_type":"none"},"geo":null,"coordinates":null,"place":null,"contributors":null,"is_quote_status":false,"retweet_count":9390,"favorite_count":1341,"favorited":false,"retweeted":false,"possibly_sensitive":false,"lang":"ja"},{"created_at":"Thu Jul 20 02:57:47 +0000 2017","id":887869116668719100,"id_str":"887869116668719104","text":"【フォロー&amp;RTで応募完了】\n品位と美貌を兼ね備えた永遠のプリンセス\nLidberne - リドゥヴィーヌ -を抽選で1名様にプレゼント\nhttps://t.co/4dJuHPVXej\n締切 8/9\n#マイラアイテムプレゼンツ https://t.co/E3lffNFqAi","truncated":false,"entities":{"hashtags":[{"text":"マイラアイテムプレゼンツ","indices":[104,117]}],"symbols":[],"user_mentions":[],"urls":[{"url":"https://t.co/4dJuHPVXej","expanded_url":"https://goo.gl/GcXR8i","display_url":"goo.gl/GcXR8i","indices":[73,96]}],"media":[{"id":887868306136354800,"id_str":"887868306136354816","indices":[118,141],"media_url":"http://pbs.twimg.com/media/DFJXhTKV0AA0yqr.jpg","media_url_https":"https://pbs.twimg.com/media/DFJXhTKV0AA0yqr.jpg","url":"https://t.co/E3lffNFqAi","display_url":"pic.twitter.com/E3lffNFqAi","expanded_url":"https://twitter.com/mayla_classic/status/887869116668719104/photo/1","type":"photo","sizes":{"small":{"w":680,"h":646,"resize":"fit"},"thumb":{"w":150,"h":150,"resize":"crop"},"medium":{"w":695,"h":660,"resize":"fit"},"large":{"w":695,"h":660,"resize":"fit"}}}]},"extended_entities":{"media":[{"id":887868306136354800,"id_str":"887868306136354816","indices":[118,141],"media_url":"http://pbs.twimg.com/media/DFJXhTKV0AA0yqr.jpg","media_url_https":"https://pbs.twimg.com/media/DFJXhTKV0AA0yqr.jpg","url":"https://t.co/E3lffNFqAi","display_url":"pic.twitter.com/E3lffNFqAi","expanded_url":"https://twitter.com/mayla_classic/status/887869116668719104/photo/1","type":"photo","sizes":{"small":{"w":680,"h":646,"resize":"fit"},"thumb":{"w":150,"h":150,"resize":"crop"},"medium":{"w":695,"h":660,"resize":"fit"},"large":{"w":695,"h":660,"resize":"fit"}}},{"id":887868324075290600,"id_str":"887868324075290624","indices":[118,141],"media_url":"http://pbs.twimg.com/media/DFJXiV_UQAAZADI.jpg","media_url_https":"https://pbs.twimg.com/media/DFJXiV_UQAAZADI.jpg","url":"https://t.co/E3lffNFqAi","display_url":"pic.twitter.com/E3lffNFqAi","expanded_url":"https://twitter.com/mayla_classic/status/887869116668719104/photo/1","type":"photo","sizes":{"medium":{"w":695,"h":660,"resize":"fit"},"large":{"w":695,"h":660,"resize":"fit"},"thumb":{"w":150,"h":150,"resize":"crop"},"small":{"w":680,"h":646,"resize":"fit"}}},{"id":887868342182174700,"id_str":"887868342182174720","indices":[118,141],"media_url":"http://pbs.twimg.com/media/DFJXjZcVYAAg_XQ.jpg","media_url_https":"https://pbs.twimg.com/media/DFJXjZcVYAAg_XQ.jpg","url":"https://t.co/E3lffNFqAi","display_url":"pic.twitter.com/E3lffNFqAi","expanded_url":"https://twitter.com/mayla_classic/status/887869116668719104/photo/1","type":"photo","sizes":{"medium":{"w":695,"h":660,"resize":"fit"},"large":{"w":695,"h":660,"resize":"fit"},"thumb":{"w":150,"h":150,"resize":"crop"},"small":{"w":680,"h":646,"resize":"fit"}}},{"id":887868362876899300,"id_str":"887868362876899328","indices":[118,141],"media_url":"http://pbs.twimg.com/media/DFJXkmiV0AAwWfK.jpg","media_url_https":"https://pbs.twimg.com/media/DFJXkmiV0AAwWfK.jpg","url":"https://t.co/E3lffNFqAi","display_url":"pic.twitter.com/E3lffNFqAi","expanded_url":"https://twitter.com/mayla_classic/status/887869116668719104/photo/1","type":"photo","sizes":{"medium":{"w":695,"h":660,"resize":"fit"},"large":{"w":695,"h":660,"resize":"fit"},"thumb":{"w":150,"h":150,"resize":"crop"},"small":{"w":680,"h":646,"resize":"fit"}}}]},"metadata":{"iso_language_code":"ja","result_type":"recent"},"source":"<a href=\"http://twitter.com\" rel=\"nofollow\">Twitter Web Client</a>","in_reply_to_status_id":null,"in_reply_to_status_id_str":null,"in_reply_to_user_id":null,"in_reply_to_user_id_str":null,"in_reply_to_screen_name":null,"user":{"id":350588237,"id_str":"350588237","name":"mayla classic","screen_name":"mayla_classic","location":"大阪府堺市","description":"出会った瞬間、体温が2℃あがる靴","url":"https://t.co/XUqUDaRT9g","entities":{"url":{"urls":[{"url":"https://t.co/XUqUDaRT9g","expanded_url":"http://mayla.jp","display_url":"mayla.jp","indices":[0,23]}]},"description":{"urls":[]}},"protected":false,"followers_count":208667,"friends_count":0,"listed_count":1187,"created_at":"Mon Aug 08 00:57:21 +0000 2011","favourites_count":18545,"utc_offset":32400,"time_zone":"Tokyo","geo_enabled":true,"verified":true,"statuses_count":5496,"lang":"ja","contributors_enabled":false,"is_translator":false,"is_translation_enabled":false,"profile_background_color":"FFFFFF","profile_background_image_url":"http://pbs.twimg.com/profile_background_images/443184949542137857/V9p8Bi_1.jpeg","profile_background_image_url_https":"https://pbs.twimg.com/profile_background_images/443184949542137857/V9p8Bi_1.jpeg","profile_background_tile":true,"profile_image_url":"http://pbs.twimg.com/profile_images/656021618230083584/BAc7JkQ9_normal.jpg","profile_image_url_https":"https://pbs.twimg.com/profile_images/656021618230083584/BAc7JkQ9_normal.jpg","profile_banner_url":"https://pbs.twimg.com/profile_banners/350588237/1499854535","profile_link_color":"EBDCDA","profile_sidebar_border_color":"FFFFFF","profile_sidebar_fill_color":"E6F6F9","profile_text_color":"333333","profile_use_background_image":true,"has_extended_profile":false,"default_profile":false,"default_profile_image":false,"following":false,"follow_request_sent":false,"notifications":false,"translator_type":"none"},"geo":null,"coordinates":null,"place":null,"contributors":null,"is_quote_status":false,"retweet_count":14965,"favorite_count":3508,"favorited":false,"retweeted":false,"possibly_sensitive":false,"lang":"ja"},{"created_at":"Thu Jul 20 02:00:05 +0000 2017","id":887854593190748200,"id_str":"887854593190748161","text":"＼暑い！と思ったらRT／\n #暑い日には瞬冷辛口 !締切は７/２１午前９時５９分まで！\n\n① @asahibeer_jpをフォロー\n②この投稿をリツイート\n⇒https://t.co/cJS98piSeN https://t.co/df6NJMMEIg","truncated":false,"entities":{"hashtags":[{"text":"暑い日には瞬冷辛口","indices":[14,24]}],"symbols":[],"user_mentions":[{"screen_name":"asahibeer_jp","name":"アサヒビール ASAHIBEER","id":561669474,"id_str":"561669474","indices":[47,60]}],"urls":[{"url":"https://t.co/cJS98piSeN","expanded_url":"http://ab-fb.jp/54440","display_url":"ab-fb.jp/54440","indices":[79,102]}],"media":[{"id":887854590510510100,"id_str":"887854590510510081","indices":[103,126],"media_url":"http://pbs.twimg.com/media/DFJLC8eUMAE4zyH.jpg","media_url_https":"https://pbs.twimg.com/media/DFJLC8eUMAE4zyH.jpg","url":"https://t.co/df6NJMMEIg","display_url":"pic.twitter.com/df6NJMMEIg","expanded_url":"https://twitter.com/asahibeer_jp/status/887854593190748161/photo/1","type":"photo","sizes":{"medium":{"w":800,"h":450,"resize":"fit"},"large":{"w":800,"h":450,"resize":"fit"},"small":{"w":680,"h":383,"resize":"fit"},"thumb":{"w":150,"h":150,"resize":"crop"}}}]},"extended_entities":{"media":[{"id":887854590510510100,"id_str":"887854590510510081","indices":[103,126],"media_url":"http://pbs.twimg.com/media/DFJLC8eUMAE4zyH.jpg","media_url_https":"https://pbs.twimg.com/media/DFJLC8eUMAE4zyH.jpg","url":"https://t.co/df6NJMMEIg","display_url":"pic.twitter.com/df6NJMMEIg","expanded_url":"https://twitter.com/asahibeer_jp/status/887854593190748161/photo/1","type":"photo","sizes":{"medium":{"w":800,"h":450,"resize":"fit"},"large":{"w":800,"h":450,"resize":"fit"},"small":{"w":680,"h":383,"resize":"fit"},"thumb":{"w":150,"h":150,"resize":"crop"}}}]},"metadata":{"iso_language_code":"ja","result_type":"recent"},"source":"<a href=\"http://engagemanager.tribalmedia.co.jp/\" rel=\"nofollow\">EngageManager</a>","in_reply_to_status_id":null,"in_reply_to_status_id_str":null,"in_reply_to_user_id":null,"in_reply_to_user_id_str":null,"in_reply_to_screen_name":null,"user":{"id":561669474,"id_str":"561669474","name":"アサヒビール ASAHIBEER","screen_name":"asahibeer_jp","location":"","description":"アサヒビール公式です！飲酒は20歳になってから。飲酒運転は法律で禁止されています。フォローは20歳以上の方限定です。 【ご利用規約】https://t.co/87vTVzXt5G【お問い合わせ】https://t.co/2cgJAsil8T","url":"http://t.co/JKM5mqm9OI","entities":{"url":{"urls":[{"url":"http://t.co/JKM5mqm9OI","expanded_url":"http://www.asahibeer.co.jp/","display_url":"asahibeer.co.jp","indices":[0,22]}]},"description":{"urls":[{"url":"https://t.co/87vTVzXt5G","expanded_url":"https://goo.gl/LxiI3c","display_url":"goo.gl/LxiI3c","indices":[66,89]},{"url":"https://t.co/2cgJAsil8T","expanded_url":"https://goo.gl/aOceCQ","display_url":"goo.gl/aOceCQ","indices":[97,120]}]}},"protected":false,"followers_count":617070,"friends_count":30,"listed_count":1438,"created_at":"Tue Apr 24 00:28:13 +0000 2012","favourites_count":1,"utc_offset":32400,"time_zone":"Tokyo","geo_enabled":false,"verified":true,"statuses_count":631339,"lang":"ja","contributors_enabled":false,"is_translator":false,"is_translation_enabled":false,"profile_background_color":"FFFFFF","profile_background_image_url":"http://pbs.twimg.com/profile_background_images/378800000182351567/6y9isvcT.jpeg","profile_background_image_url_https":"https://pbs.twimg.com/profile_background_images/378800000182351567/6y9isvcT.jpeg","profile_background_tile":false,"profile_image_url":"http://pbs.twimg.com/profile_images/551878698152914944/JwmVmkeK_normal.png","profile_image_url_https":"https://pbs.twimg.com/profile_images/551878698152914944/JwmVmkeK_normal.png","profile_banner_url":"https://pbs.twimg.com/profile_banners/561669474/1496216924","profile_link_color":"0084B4","profile_sidebar_border_color":"FFFFFF","profile_sidebar_fill_color":"DDEEF6","profile_text_color":"333333","profile_use_background_image":true,"has_extended_profile":false,"default_profile":false,"default_profile_image":false,"following":false,"follow_request_sent":false,"notifications":false,"translator_type":"none"},"geo":null,"coordinates":null,"place":null,"contributors":null,"is_quote_status":false,"retweet_count":8541,"favorite_count":789,"favorited":false,"retweeted":false,"possibly_sensitive":false,"lang":"ja"},{"created_at":"Thu Jul 20 01:32:54 +0000 2017","id":887847751702020100,"id_str":"887847751702020096","text":"ェグザィルすげえ、ライブ会場にとうとう託児所サービス出来た・・・・・・・・・・・すげえ・・・・・・・何この福利厚生半端ねえ　https://t.co/fLSSNFSNtn https://t.co/bNKvAuY5Kk","truncated":false,"entities":{"hashtags":[],"symbols":[],"user_mentions":[],"urls":[{"url":"https://t.co/fLSSNFSNtn","expanded_url":"https://wearedi.jp/news-detail/608","display_url":"wearedi.jp/news-detail/608","indices":[62,85]}],"media":[{"id":887847720680955900,"id_str":"887847720680955904","indices":[86,109],"media_url":"http://pbs.twimg.com/media/DFJEzEXUIAAES--.jpg","media_url_https":"https://pbs.twimg.com/media/DFJEzEXUIAAES--.jpg","url":"https://t.co/bNKvAuY5Kk","display_url":"pic.twitter.com/bNKvAuY5Kk","expanded_url":"https://twitter.com/na2kinghomo/status/887847751702020096/photo/1","type":"photo","sizes":{"thumb":{"w":150,"h":150,"resize":"crop"},"small":{"w":680,"h":390,"resize":"fit"},"medium":{"w":1200,"h":688,"resize":"fit"},"large":{"w":2048,"h":1175,"resize":"fit"}}}]},"extended_entities":{"media":[{"id":887847720680955900,"id_str":"887847720680955904","indices":[86,109],"media_url":"http://pbs.twimg.com/media/DFJEzEXUIAAES--.jpg","media_url_https":"https://pbs.twimg.com/media/DFJEzEXUIAAES--.jpg","url":"https://t.co/bNKvAuY5Kk","display_url":"pic.twitter.com/bNKvAuY5Kk","expanded_url":"https://twitter.com/na2kinghomo/status/887847751702020096/photo/1","type":"photo","sizes":{"thumb":{"w":150,"h":150,"resize":"crop"},"small":{"w":680,"h":390,"resize":"fit"},"medium":{"w":1200,"h":688,"resize":"fit"},"large":{"w":2048,"h":1175,"resize":"fit"}}}]},"metadata":{"iso_language_code":"ja","result_type":"recent"},"source":"<a href=\"http://twitter.com\" rel=\"nofollow\">Twitter Web Client</a>","in_reply_to_status_id":null,"in_reply_to_status_id_str":null,"in_reply_to_user_id":null,"in_reply_to_user_id_str":null,"in_reply_to_screen_name":null,"user":{"id":306882118,"id_str":"306882118","name":"なち🐷C92/ヌ24a","screen_name":"na2kinghomo","location":"成人済高校生/RT fav freeご自由にどうぞ","description":"R20/18G/スカトロ/CP無固定/暴力BLが好き✡未成年フォロー厳禁✡管理・自衛できる人間のみフォロー閲覧可　悠銅悠・銅橋/新開兄弟/新箱/呉南　暗チ　金言金　今吉　ギャンキン　AO!!　言う事の9割は嘘です。","url":"https://t.co/iSrQSpwOBw","entities":{"url":{"urls":[{"url":"https://t.co/iSrQSpwOBw","expanded_url":"http://www.pixiv.net/member.php?id=1350540","display_url":"pixiv.net/member.php?id=…","indices":[0,23]}]},"description":{"urls":[]}},"protected":false,"followers_count":655,"friends_count":165,"listed_count":58,"created_at":"Sat May 28 16:22:02 +0000 2011","favourites_count":7569,"utc_offset":-36000,"time_zone":"Hawaii","geo_enabled":false,"verified":false,"statuses_count":275530,"lang":"ja","contributors_enabled":false,"is_translator":false,"is_translation_enabled":false,"profile_background_color":"FFFFFF","profile_background_image_url":"http://pbs.twimg.com/profile_background_images/654325149722808320/wiYXxA3T.jpg","profile_background_image_url_https":"https://pbs.twimg.com/profile_background_images/654325149722808320/wiYXxA3T.jpg","profile_background_tile":true,"profile_image_url":"http://pbs.twimg.com/profile_images/824064766943444992/DVnxfI_T_normal.jpg","profile_image_url_https":"https://pbs.twimg.com/profile_images/824064766943444992/DVnxfI_T_normal.jpg","profile_banner_url":"https://pbs.twimg.com/profile_banners/306882118/1443797690","profile_link_color":"FF0884","profile_sidebar_border_color":"FFFFFF","profile_sidebar_fill_color":"E6F6F9","profile_text_color":"333333","profile_use_background_image":true,"has_extended_profile":true,"default_profile":false,"default_profile_image":false,"following":false,"follow_request_sent":false,"notifications":false,"translator_type":"none"},"geo":null,"coordinates":null,"place":null,"contributors":null,"is_quote_status":false,"retweet_count":5037,"favorite_count":1788,"favorited":false,"retweeted":false,"possibly_sensitive":true,"lang":"ja"},{"created_at":"Thu Jul 20 00:00:49 +0000 2017","id":887824579036684300,"id_str":"887824579036684290","text":"＼その場で当たる✨／\n@jalannetをフォロー＆リツイートで\n乃木坂46限定動画＆オリジナルグッズをプレゼント🎁(～8/31)\n詳細は▼\n#じゃらん乃木夏 #乃木坂46 #毎日挑戦\nhttps://t.co/RB3j5QdIZq","truncated":false,"entities":{"hashtags":[{"text":"じゃらん乃木夏","indices":[71,79]},{"text":"乃木坂46","indices":[80,86]},{"text":"毎日挑戦","indices":[87,92]}],"symbols":[],"user_mentions":[{"screen_name":"jalannet","name":"じゃらんnet〈公式〉","id":104657420,"id_str":"104657420","indices":[11,20]}],"urls":[{"url":"https://t.co/RB3j5QdIZq","expanded_url":"https://cards.twitter.com/cards/18ce53vz78s/4gzun","display_url":"cards.twitter.com/cards/18ce53vz…","indices":[93,116]}]},"metadata":{"iso_language_code":"ja","result_type":"recent"},"source":"<a href=\"http://www.hootsuite.com\" rel=\"nofollow\">Hootsuite</a>","in_reply_to_status_id":null,"in_reply_to_status_id_str":null,"in_reply_to_user_id":null,"in_reply_to_user_id_str":null,"in_reply_to_screen_name":null,"user":{"id":104657420,"id_str":"104657420","name":"じゃらんnet〈公式〉","screen_name":"jalannet","location":"tokyo","description":"#じゃらん乃木夏 キャンペーン https://t.co/ckMhbZJt9c ご利用の皆様には大変多くのご応募をいただき誠にありがとうございます。現在一部の利用者による悪質な迷惑行為が確認されております。このため応募条件を「リツイートのみ」の参加と変更させていただきます。何卒ご了承頂きますようお願い申し上げます","url":"https://t.co/KMaSJDljI7","entities":{"url":{"urls":[{"url":"https://t.co/KMaSJDljI7","expanded_url":"http://www.jalan.net/","display_url":"jalan.net","indices":[0,23]}]},"description":{"urls":[{"url":"https://t.co/ckMhbZJt9c","expanded_url":"http://ow.ly/f4F930dgMiT","display_url":"ow.ly/f4F930dgMiT","indices":[16,39]}]}},"protected":false,"followers_count":248842,"friends_count":9,"listed_count":567,"created_at":"Thu Jan 14 00:33:53 +0000 2010","favourites_count":99,"utc_offset":32400,"time_zone":"Tokyo","geo_enabled":false,"verified":true,"statuses_count":2203012,"lang":"ja","contributors_enabled":false,"is_translator":false,"is_translation_enabled":false,"profile_background_color":"000000","profile_background_image_url":"http://abs.twimg.com/images/themes/theme1/bg.png","profile_background_image_url_https":"https://abs.twimg.com/images/themes/theme1/bg.png","profile_background_tile":false,"profile_image_url":"http://pbs.twimg.com/profile_images/430525545340612608/sK5D22SC_normal.jpeg","profile_image_url_https":"https://pbs.twimg.com/profile_images/430525545340612608/sK5D22SC_normal.jpeg","profile_banner_url":"https://pbs.twimg.com/profile_banners/104657420/1499393475","profile_link_color":"1B95E0","profile_sidebar_border_color":"000000","profile_sidebar_fill_color":"000000","profile_text_color":"000000","profile_use_background_image":false,"has_extended_profile":false,"default_profile":false,"default_profile_image":false,"following":false,"follow_request_sent":false,"notifications":false,"translator_type":"none"},"geo":null,"coordinates":null,"place":null,"contributors":null,"is_quote_status":false,"retweet_count":17619,"favorite_count":1537,"favorited":false,"retweeted":false,"possibly_sensitive":false,"lang":"ja"},{"created_at":"Wed Jul 19 23:39:05 +0000 2017","id":887819109936713700,"id_str":"887819109936713729","text":"アカウントロックされる、規制の対象まとめ\n\n・画像のみを上げ続ける\n\n・時間を置かずに、連続してツイートをする\n\n・一方的なリプ、または複数の相手へのリプが多い\n\n・RTやいいね、フォローを短時間に多数行う\n\n以上のケースは、スパムとみなされ規制されることも。お気をつけを！","truncated":false,"entities":{"hashtags":[],"symbols":[],"user_mentions":[],"urls":[]},"metadata":{"iso_language_code":"ja","result_type":"recent"},"source":"<a href=\"http://twitter.com/download/android\" rel=\"nofollow\">Twitter for Android</a>","in_reply_to_status_id":null,"in_reply_to_status_id_str":null,"in_reply_to_user_id":null,"in_reply_to_user_id_str":null,"in_reply_to_screen_name":null,"user":{"id":833608245298110500,"id_str":"833608245298110465","name":"月猫","screen_name":"ao_tukineko","location":"JAPAN","description":"オッドアイの白猫と一緒♡ ベリーズカフェで、蒼乃 月という名で小説書いてます(*´˘`*)♡ 自分からはあんまりフォローに行かないんで、無言フォローでも気軽にしてくだされば、フォロバします☻","url":null,"entities":{"description":{"urls":[]}},"protected":false,"followers_count":2270,"friends_count":1979,"listed_count":24,"created_at":"Mon Feb 20 09:24:28 +0000 2017","favourites_count":45447,"utc_offset":null,"time_zone":null,"geo_enabled":false,"verified":false,"statuses_count":15845,"lang":"ja","contributors_enabled":false,"is_translator":false,"is_translation_enabled":false,"profile_background_color":"F5F8FA","profile_background_image_url":null,"profile_background_image_url_https":null,"profile_background_tile":false,"profile_image_url":"http://pbs.twimg.com/profile_images/880999000337297409/KFasvD-G_normal.jpg","profile_image_url_https":"https://pbs.twimg.com/profile_images/880999000337297409/KFasvD-G_normal.jpg","profile_banner_url":"https://pbs.twimg.com/profile_banners/833608245298110465/1493778712","profile_link_color":"1DA1F2","profile_sidebar_border_color":"C0DEED","profile_sidebar_fill_color":"DDEEF6","profile_text_color":"333333","profile_use_background_image":true,"has_extended_profile":true,"default_profile":true,"default_profile_image":false,"following":false,"follow_request_sent":false,"notifications":false,"translator_type":"none"},"geo":null,"coordinates":null,"place":null,"contributors":null,"is_quote_status":false,"retweet_count":7104,"favorite_count":4110,"favorited":false,"retweeted":false,"lang":"ja"},{"created_at":"Wed Jul 19 23:08:32 +0000 2017","id":887811422037581800,"id_str":"887811422037581824","text":"二宮飛鳥が神対応に挑戦した結果 https://t.co/2nwHfUA465","truncated":false,"entities":{"hashtags":[],"symbols":[],"user_mentions":[],"urls":[],"media":[{"id":887810790639542300,"id_str":"887810790639542272","indices":[16,39],"media_url":"http://pbs.twimg.com/media/DFIjNdPUIAA2bP5.jpg","media_url_https":"https://pbs.twimg.com/media/DFIjNdPUIAA2bP5.jpg","url":"https://t.co/2nwHfUA465","display_url":"pic.twitter.com/2nwHfUA465","expanded_url":"https://twitter.com/Tara_831/status/887811422037581824/photo/1","type":"photo","sizes":{"medium":{"w":655,"h":1200,"resize":"fit"},"large":{"w":800,"h":1465,"resize":"fit"},"thumb":{"w":150,"h":150,"resize":"crop"},"small":{"w":371,"h":680,"resize":"fit"}}}]},"extended_entities":{"media":[{"id":887810790639542300,"id_str":"887810790639542272","indices":[16,39],"media_url":"http://pbs.twimg.com/media/DFIjNdPUIAA2bP5.jpg","media_url_https":"https://pbs.twimg.com/media/DFIjNdPUIAA2bP5.jpg","url":"https://t.co/2nwHfUA465","display_url":"pic.twitter.com/2nwHfUA465","expanded_url":"https://twitter.com/Tara_831/status/887811422037581824/photo/1","type":"photo","sizes":{"medium":{"w":655,"h":1200,"resize":"fit"},"large":{"w":800,"h":1465,"resize":"fit"},"thumb":{"w":150,"h":150,"resize":"crop"},"small":{"w":371,"h":680,"resize":"fit"}}}]},"metadata":{"iso_language_code":"ja","result_type":"recent"},"source":"<a href=\"http://twitter.com\" rel=\"nofollow\">Twitter Web Client</a>","in_reply_to_status_id":null,"in_reply_to_status_id_str":null,"in_reply_to_user_id":null,"in_reply_to_user_id_str":null,"in_reply_to_screen_name":null,"user":{"id":557689903,"id_str":"557689903","name":"たらちね@3日目東ト04a","screen_name":"Tara_831","location":"","description":"たらちねです！二宮飛鳥激推し中。https://t.co/42cCoav6BF","url":null,"entities":{"description":{"urls":[{"url":"https://t.co/42cCoav6BF","expanded_url":"http://www.pixiv.net/member.php?id=988588","display_url":"pixiv.net/member.php?id=…","indices":[16,39]}]}},"protected":false,"followers_count":22277,"friends_count":32,"listed_count":756,"created_at":"Thu Apr 19 12:51:10 +0000 2012","favourites_count":792,"utc_offset":-25200,"time_zone":"Arizona","geo_enabled":false,"verified":false,"statuses_count":42722,"lang":"ja","contributors_enabled":false,"is_translator":false,"is_translation_enabled":false,"profile_background_color":"C0DEED","profile_background_image_url":"http://pbs.twimg.com/profile_background_images/481447704766054401/4gbtzABi.png","profile_background_image_url_https":"https://pbs.twimg.com/profile_background_images/481447704766054401/4gbtzABi.png","profile_background_tile":true,"profile_image_url":"http://pbs.twimg.com/profile_images/875387093685379072/F2uJHCb1_normal.jpg","profile_image_url_https":"https://pbs.twimg.com/profile_images/875387093685379072/F2uJHCb1_normal.jpg","profile_banner_url":"https://pbs.twimg.com/profile_banners/557689903/1483973528","profile_link_color":"FF9514","profile_sidebar_border_color":"FFFFFF","profile_sidebar_fill_color":"DDEEF6","profile_text_color":"333333","profile_use_background_image":true,"has_extended_profile":true,"default_profile":false,"default_profile_image":false,"following":false,"follow_request_sent":false,"notifications":false,"translator_type":"none"},"geo":null,"coordinates":null,"place":null,"contributors":null,"is_quote_status":false,"retweet_count":4884,"favorite_count":8368,"favorited":false,"retweeted":false,"possibly_sensitive":false,"lang":"ja"},{"created_at":"Wed Jul 19 23:00:06 +0000 2017","id":887809298411135000,"id_str":"887809298411134977","text":"『怪盗グルーの #ミニオン大脱走』公開記念✨グルーとミニオンからプレゼント🎁\n豪華ミニオングッズやAmazonギフト券が100名様に当たる🍌※本日まで！！\n\n【フォロー&amp;RT】でスグに結果が届く！詳しくは👉… https://t.co/WfGzGAnJWa","truncated":true,"entities":{"hashtags":[{"text":"ミニオン大脱走","indices":[8,16]}],"symbols":[],"user_mentions":[],"urls":[{"url":"https://t.co/WfGzGAnJWa","expanded_url":"https://twitter.com/i/web/status/887809298411134977","display_url":"twitter.com/i/web/status/8…","indices":[109,132]}]},"metadata":{"iso_language_code":"ja","result_type":"recent"},"source":"<a href=\"https://ads.twitter.com\" rel=\"nofollow\">Twitter Ads</a>","in_reply_to_status_id":null,"in_reply_to_status_id_str":null,"in_reply_to_user_id":null,"in_reply_to_user_id_str":null,"in_reply_to_screen_name":null,"user":{"id":190518940,"id_str":"190518940","name":"ミニオン・ファンクラブ","screen_name":"minion_fanclub","location":"怪盗グルー宅","description":"映画「怪盗グルー」シリーズ公式アカウント。主人公グルーの相棒で、イタズラ好きな黄色の軍団ミニオンたちのおしゃべりと映画の最新情報をお届けします。『怪盗グルーのミニオン大脱走』7月21日（金）全国ロードショー！","url":"https://t.co/Yr5Q7SXG7G","entities":{"url":{"urls":[{"url":"https://t.co/Yr5Q7SXG7G","expanded_url":"http://minions.jp/","display_url":"minions.jp","indices":[0,23]}]},"description":{"urls":[]}},"protected":false,"followers_count":102004,"friends_count":145,"listed_count":224,"created_at":"Tue Sep 14 04:03:37 +0000 2010","favourites_count":3,"utc_offset":32400,"time_zone":"Tokyo","geo_enabled":true,"verified":true,"statuses_count":11418,"lang":"ja","contributors_enabled":false,"is_translator":false,"is_translation_enabled":false,"profile_background_color":"FFFFFF","profile_background_image_url":"http://pbs.twimg.com/profile_background_images/378800000153570412/YNSGsF-9.jpeg","profile_background_image_url_https":"https://pbs.twimg.com/profile_background_images/378800000153570412/YNSGsF-9.jpeg","profile_background_tile":false,"profile_image_url":"http://pbs.twimg.com/profile_images/542191572259844096/BfVqVZaU_normal.jpeg","profile_image_url_https":"https://pbs.twimg.com/profile_images/542191572259844096/BfVqVZaU_normal.jpeg","profile_banner_url":"https://pbs.twimg.com/profile_banners/190518940/1497929314","profile_link_color":"F58700","profile_sidebar_border_color":"FFFFFF","profile_sidebar_fill_color":"DDEEF6","profile_text_color":"333333","profile_use_background_image":false,"has_extended_profile":true,"default_profile":false,"default_profile_image":false,"following":false,"follow_request_sent":false,"notifications":false,"translator_type":"none"},"geo":null,"coordinates":null,"place":null,"contributors":null,"is_quote_status":false,"retweet_count":5825,"favorite_count":1002,"favorited":false,"retweeted":false,"possibly_sensitive":false,"lang":"ja"}],"search_metadata":{"completed_in":0.669,"max_id":887892604448251900,"max_id_str":"887892604448251904","next_results":"?max_id=887809298411134976&q=lang%3Aja%20min_retweets%3A5000&include_entities=1","query":"lang%3Aja+min_retweets%3A5000","refresh_url":"?since_id=887892604448251904&q=lang%3Aja%20min_retweets%3A5000&include_entities=1","count":15,"since_id":0,"since_id_str":"0"}}