{"statuses":[{"created_at":"Thu Jul 20 04:14:12 +0000 2017","id":887888345728143400,"id_str":"887888345728143361","text":"A3!×太鼓の達人コラボレーション続報！\nゲームセンターの「太鼓の達人 イエローVer.」に、あの「A3!」のキャラクターが登場!!\nお待ちかねの、A3ders!のコラボイラストをドドンと公開しちゃうドン！\n#エースリー… https://t.co/tTCPJIZegK","truncated":true,"entities":{"hashtags":[{"text":"エースリー","indices":[104,110]}],"symbols":[],"user_mentions":[],"urls":[{"url":"https://t.co/tTCPJIZegK","expanded_url":"https://twitter.com/i/web/status/887888345728143361","display_url":"twitter.com/i/web/status/8…","indices":[112,135]}]},"metadata":{"iso_language_code":"ja","result_type":"recent"},"source":"<a href=\"http://twitter.com\" rel=\"nofollow\">Twitter Web Client</a>","in_reply_to_status_id":null,"in_reply_to_status_id_str":null,"in_reply_to_user_id":null,"in_reply_to_user_id_str":null,"in_reply_to_screen_name":null,"user":{"id":89972900,"id_str":"89972900","name":"太鼓チーム","screen_name":"taiko_team","location":"フューチャー・ラボ","description":"太鼓の達人の公式アカウントだドン！太鼓チームのエトウが太鼓の達人の最新情報や開発現場からの声をお届けします！よろしくだドン！ ※ＤＭにはお返事できません。土日祝日はオヤスミです。 ※お問い合わせ先はコチラだドン。（http://t.co/SWEBRnHG5h）","url":"http://t.co/HKySVaUvsc","entities":{"url":{"urls":[{"url":"http://t.co/HKySVaUvsc","expanded_url":"http://taiko.namco-ch.net/","display_url":"taiko.namco-ch.net","indices":[0,22]}]},"description":{"urls":[{"url":"http://t.co/SWEBRnHG5h","expanded_url":"http://www.bandainamcogames.co.jp/info/contact.php","display_url":"bandainamcogames.co.jp/info/contact.p…","indices":[107,129]}]}},"protected":false,"followers_count":61545,"friends_count":28814,"listed_count":920,"created_at":"Sat Nov 14 16:52:00 +0000 2009","favourites_count":182,"utc_offset":32400,"time_zone":"Tokyo","geo_enabled":true,"verified":false,"statuses_count":95291,"lang":"ja","contributors_enabled":false,"is_translator":false,"is_translation_enabled":false,"profile_background_color":"022330","profile_background_image_url":"http://pbs.twimg.com/profile_background_images/525171334980976640/UkJDf_kQ.jpeg","profile_background_image_url_https":"https://pbs.twimg.com/profile_background_images/525171334980976640/UkJDf_kQ.jpeg","profile_background_tile":true,"profile_image_url":"http://pbs.twimg.com/profile_images/501238914330271744/znFmAp9R_normal.jpeg","profile_image_url_https":"https://pbs.twimg.com/profile_images/501238914330271744/znFmAp9R_normal.jpeg","profile_banner_url":"https://pbs.twimg.com/profile_banners/89972900/1489510213","profile_link_color":"E9BC00","profile_sidebar_border_color":"FFFFFF","profile_sidebar_fill_color":"C0DFEC","profile_text_color":"333333","profile_use_background_image":true,"has_extended_profile":false,"default_profile":false,"default_profile_image":false,"following":false,"follow_request_sent":false,"notifications":false,"translator_type":"none"},"geo":null,"coordinates":null,"place":null,"contributors":null,"is_quote_status":false,"retweet_count":11336,"favorite_count":11505,"favorited":false,"retweeted":false,"possibly_sensitive":false,"lang":"ja"},{"created_at":"Thu Jul 20 04:02:13 +0000 2017","id":887885329826406400,"id_str":"887885329826406401","text":"【グランブルーファンタジー】レジェンドガチャ更新のお知らせを公式サイトにて掲載いたしました。詳しくは公式サイトにてご確認ください。⇒  https://t.co/uTbCAnbolR  #グラブル https://t.co/5WppiM3Uvk","truncated":false,"entities":{"hashtags":[{"text":"グラブル","indices":[93,98]}],"symbols":[],"user_mentions":[],"urls":[{"url":"https://t.co/uTbCAnbolR","expanded_url":"http://eng.mg/7ba8f","display_url":"eng.mg/7ba8f","indices":[68,91]}],"media":[{"id":887885327188148200,"id_str":"887885327188148224","indices":[99,122],"media_url":"http://pbs.twimg.com/media/DFJnADhUwAAaEHF.jpg","media_url_https":"https://pbs.twimg.com/media/DFJnADhUwAAaEHF.jpg","url":"https://t.co/5WppiM3Uvk","display_url":"pic.twitter.com/5WppiM3Uvk","expanded_url":"https://twitter.com/granbluefantasy/status/887885329826406401/photo/1","type":"photo","sizes":{"small":{"w":600,"h":300,"resize":"fit"},"thumb":{"w":150,"h":150,"resize":"crop"},"medium":{"w":600,"h":300,"resize":"fit"},"large":{"w":600,"h":300,"resize":"fit"}}}]},"extended_entities":{"media":[{"id":887885327188148200,"id_str":"887885327188148224","indices":[99,122],"media_url":"http://pbs.twimg.com/media/DFJnADhUwAAaEHF.jpg","media_url_https":"https://pbs.twimg.com/media/DFJnADhUwAAaEHF.jpg","url":"https://t.co/5WppiM3Uvk","display_url":"pic.twitter.com/5WppiM3Uvk","expanded_url":"https://twitter.com/granbluefantasy/status/887885329826406401/photo/1","type":"photo","sizes":{"small":{"w":600,"h":300,"resize":"fit"},"thumb":{"w":150,"h":150,"resize":"crop"},"medium":{"w":600,"h":300,"resize":"fit"},"large":{"w":600,"h":300,"resize":"fit"}}}]},"metadata":{"iso_language_code":"ja","result_type":"recent"},"source":"<a href=\"http://engagemanager.tribalmedia.co.jp/\" rel=\"nofollow\">EngageManager</a>","in_reply_to_status_id":null,"in_reply_to_status_id_str":null,"in_reply_to_user_id":null,"in_reply_to_user_id_str":null,"in_reply_to_screen_name":null,"user":{"id":1549889018,"id_str":"1549889018","name":"グランブルーファンタジー","screen_name":"granbluefantasy","location":"","description":"｢グランブルーファンタジー｣公式Twitterアカウントです。運営からのお知らせをツイートします。","url":"https://t.co/15Gqq9oUyB","entities":{"url":{"urls":[{"url":"https://t.co/15Gqq9oUyB","expanded_url":"http://granbluefantasy.jp/","display_url":"granbluefantasy.jp","indices":[0,23]}]},"description":{"urls":[]}},"protected":false,"followers_count":452255,"friends_count":15,"listed_count":6148,"created_at":"Thu Jun 27 06:05:10 +0000 2013","favourites_count":0,"utc_offset":28800,"time_zone":"Irkutsk","geo_enabled":false,"verified":true,"statuses_count":5148,"lang":"ja","contributors_enabled":false,"is_translator":false,"is_translation_enabled":false,"profile_background_color":"131516","profile_background_image_url":"http://pbs.twimg.com/profile_background_images/378800000141035672/NJ6ibXgz.jpeg","profile_background_image_url_https":"https://pbs.twimg.com/profile_background_images/378800000141035672/NJ6ibXgz.jpeg","profile_background_tile":false,"profile_image_url":"http://pbs.twimg.com/profile_images/875517323288891393/NAdjoxu8_normal.jpg","profile_image_url_https":"https://pbs.twimg.com/profile_images/875517323288891393/NAdjoxu8_normal.jpg","profile_banner_url":"https://pbs.twimg.com/profile_banners/1549889018/1401448093","profile_link_color":"009999","profile_sidebar_border_color":"FFFFFF","profile_sidebar_fill_color":"EFEFEF","profile_text_color":"333333","profile_use_background_image":true,"has_extended_profile":false,"default_profile":false,"default_profile_image":false,"following":false,"follow_request_sent":false,"notifications":false,"translator_type":"none"},"geo":null,"coordinates":null,"place":null,"contributors":null,"is_quote_status":false,"retweet_count":6649,"favorite_count":1960,"favorited":false,"retweeted":false,"possibly_sensitive":false,"lang":"ja"},{"created_at":"Thu Jul 20 03:04:50 +0000 2017","id":887870890506985500,"id_str":"887870890506985472","text":"バーベキューが来た！\nヒロアカの期間限定ショップ『僕のヒーローアカデミア×THEキャラSHOP ～真夏のBBQ大会～』8月2日（水）より東京池袋P'PARCOにオープン決定！\n詳細はこちら\n↓… https://t.co/lJozV5Rze8","truncated":true,"entities":{"hashtags":[],"symbols":[],"user_mentions":[],"urls":[{"url":"https://t.co/lJozV5Rze8","expanded_url":"https://twitter.com/i/web/status/887870890506985472","display_url":"twitter.com/i/web/status/8…","indices":[98,121]}]},"metadata":{"iso_language_code":"ja","result_type":"recent"},"source":"<a href=\"http://twitter.com\" rel=\"nofollow\">Twitter Web Client</a>","in_reply_to_status_id":null,"in_reply_to_status_id_str":null,"in_reply_to_user_id":null,"in_reply_to_user_id_str":null,"in_reply_to_screen_name":null,"user":{"id":3969691152,"id_str":"3969691152","name":"僕のヒーローアカデミア_アニメ公式","screen_name":"heroaca_anime","location":"","description":"毎週土曜夕方5:30より読売テレビ・日本テレビ系で放送！「週刊少年ジャンプ」（集英社）で連載中、堀越耕平原作による「僕のヒーローアカデミア」TVアニメ公式アカウント。ヒロアカの情報を発信します。 推奨ハッシュタグ：#heroaca_a #ヒロアカ ※原則個別リプライは行っておりません。","url":"https://t.co/DUZ6Q6Gq34","entities":{"url":{"urls":[{"url":"https://t.co/DUZ6Q6Gq34","expanded_url":"http://heroaca.com/","display_url":"heroaca.com","indices":[0,23]}]},"description":{"urls":[]}},"protected":false,"followers_count":146777,"friends_count":101,"listed_count":1679,"created_at":"Wed Oct 21 14:05:05 +0000 2015","favourites_count":0,"utc_offset":-25200,"time_zone":"Pacific Time (US & Canada)","geo_enabled":false,"verified":false,"statuses_count":3147,"lang":"ja","contributors_enabled":false,"is_translator":false,"is_translation_enabled":false,"profile_background_color":"C0DEED","profile_background_image_url":"http://abs.twimg.com/images/themes/theme1/bg.png","profile_background_image_url_https":"https://abs.twimg.com/images/themes/theme1/bg.png","profile_background_tile":false,"profile_image_url":"http://pbs.twimg.com/profile_images/881114171605004289/8QVDjhno_normal.jpg","profile_image_url_https":"https://pbs.twimg.com/profile_images/881114171605004289/8QVDjhno_normal.jpg","profile_banner_url":"https://pbs.twimg.com/profile_banners/3969691152/1491111187","profile_link_color":"1DA1F2","profile_sidebar_border_color":"C0DEED","profile_sidebar_fill_color":"DDEEF6","profile_text_color":"333333","profile_use_background_image":true,"has_extended_profile":false,"default_profile":true,"default_profile_image":false,"following":false,"follow_request_sent":false,"notifications":false,"translator_type":"none"},"geo":null,"coordinates":null,"place":null,"contributors":null,"is_quote_status":false,"retweet_count":6012,"favorite_count":8081,"favorited":false,"retweeted":false,"possibly_sensitive":false,"lang":"ja"},{"created_at":"Thu Jul 20 03:00:50 +0000 2017","id":887869884335444000,"id_str":"887869884335443968","text":"これは「わかばシューター」。\n明日、ハイカラスクエアに降り立つ若者たちが最初に持っているブキだ。\nインクがとても長持ちするので、ナワバリバトルの入門にはピッタリだぞ。\nサブウェポンは「スプラッシュボム」、スペシャルウェポンは「イン… https://t.co/J0zlEsq383","truncated":true,"entities":{"hashtags":[],"symbols":[],"user_mentions":[],"urls":[{"url":"https://t.co/J0zlEsq383","expanded_url":"https://twitter.com/i/web/status/887869884335443968","display_url":"twitter.com/i/web/status/8…","indices":[117,140]}]},"metadata":{"iso_language_code":"ja","result_type":"recent"},"source":"<a href=\"http://twitter.com\" rel=\"nofollow\">Twitter Web Client</a>","in_reply_to_status_id":null,"in_reply_to_status_id_str":null,"in_reply_to_user_id":null,"in_reply_to_user_id_str":null,"in_reply_to_screen_name":null,"user":{"id":2888006497,"id_str":"2888006497","name":"Splatoon（スプラトゥーン）","screen_name":"SplatoonJP","location":"","description":"『スプラトゥーン』公式総合アカウント。イカ研究所の調査報告（ゲーム情報）やお知らせをお伝えします。最新作の『スプラトゥーン2』は2017年7月21日（金）発売予定。ご質問・お問い合わせにはお答えしておりませんのでご容赦ください。 ※イカ研究所は実在の人物、団体とは一切関係ございません。","url":"https://t.co/yCMNfZlVpz","entities":{"url":{"urls":[{"url":"https://t.co/yCMNfZlVpz","expanded_url":"https://www.nintendo.co.jp/switch/aab6a/index.html","display_url":"nintendo.co.jp/switch/aab6a/i…","indices":[0,23]}]},"description":{"urls":[]}},"protected":false,"followers_count":668964,"friends_count":1,"listed_count":6488,"created_at":"Mon Nov 03 01:36:06 +0000 2014","favourites_count":0,"utc_offset":32400,"time_zone":"Tokyo","geo_enabled":false,"verified":true,"statuses_count":1478,"lang":"ja","contributors_enabled":false,"is_translator":false,"is_translation_enabled":false,"profile_background_color":"000000","profile_background_image_url":"http://pbs.twimg.com/profile_background_images/530105343452274688/WJl6dNx5.jpeg","profile_background_image_url_https":"https://pbs.twimg.com/profile_background_images/530105343452274688/WJl6dNx5.jpeg","profile_background_tile":false,"profile_image_url":"http://pbs.twimg.com/profile_images/819765217957552132/1WftJJM1_normal.jpg","profile_image_url_https":"https://pbs.twimg.com/profile_images/819765217957552132/1WftJJM1_normal.jpg","profile_banner_url":"https://pbs.twimg.com/profile_banners/2888006497/1484282224","profile_link_color":"000000","profile_sidebar_border_color":"000000","profile_sidebar_fill_color":"E3E2DE","profile_text_color":"634047","profile_use_background_image":true,"has_extended_profile":false,"default_profile":false,"default_profile_image":false,"following":false,"follow_request_sent":false,"notifications":false,"translator_type":"none"},"geo":null,"coordinates":null,"place":null,"contributors":null,"is_quote_status":false,"retweet_count":6738,"favorite_count":10919,"favorited":false,"retweeted":false,"possibly_sensitive":false,"lang":"ja"},{"created_at":"Thu Jul 20 03:00:02 +0000 2017","id":887869681402470400,"id_str":"887869681402470400","text":"【@Haagen_Dazs_JP】をフォロー、この投稿をリツイートすると抽選で100名様に新商品ミニカップ≪香る珈琲バニラ≫4個と交換できるギフト券2枚をプレゼント♪ #香り際立つ珈琲バニラ… https://t.co/rEux2WTyzQ","truncated":true,"entities":{"hashtags":[{"text":"香り際立つ珈琲バニラ","indices":[84,95]}],"symbols":[],"user_mentions":[{"screen_name":"Haagen_Dazs_JP","name":"ハーゲンダッツ","id":112373528,"id_str":"112373528","indices":[1,16]}],"urls":[{"url":"https://t.co/rEux2WTyzQ","expanded_url":"https://twitter.com/i/web/status/887869681402470400","display_url":"twitter.com/i/web/status/8…","indices":[97,120]}]},"metadata":{"iso_language_code":"ja","result_type":"recent"},"source":"<a href=\"https://ads.twitter.com\" rel=\"nofollow\">Twitter Ads</a>","in_reply_to_status_id":null,"in_reply_to_status_id_str":null,"in_reply_to_user_id":null,"in_reply_to_user_id_str":null,"in_reply_to_screen_name":null,"user":{"id":112373528,"id_str":"112373528","name":"ハーゲンダッツ","screen_name":"Haagen_Dazs_JP","location":"","description":"ハーゲンダッツ ジャパンの公式アカウントです。\n商品やキャンペーンなどの最新情報をお伝えしていきます。\n基本的にリプライ、ダイレクトメッセージへのご返信・フォロー返しはしていません。 \nお問い合わせはこちら →http://t.co/WSAfMjeuu5","url":"http://t.co/2iwpeqpt4P","entities":{"url":{"urls":[{"url":"http://t.co/2iwpeqpt4P","expanded_url":"http://www.haagen-dazs.co.jp/","display_url":"haagen-dazs.co.jp","indices":[0,22]}]},"description":{"urls":[{"url":"http://t.co/WSAfMjeuu5","expanded_url":"http://www.haagen-dazs.co.jp/contact_qa/","display_url":"haagen-dazs.co.jp/contact_qa/","indices":[105,127]}]}},"protected":false,"followers_count":759903,"friends_count":9428,"listed_count":3823,"created_at":"Mon Feb 08 07:48:07 +0000 2010","favourites_count":339,"utc_offset":32400,"time_zone":"Tokyo","geo_enabled":false,"verified":true,"statuses_count":2753,"lang":"ja","contributors_enabled":false,"is_translator":false,"is_translation_enabled":false,"profile_background_color":"FFFFFF","profile_background_image_url":"http://pbs.twimg.com/profile_background_images/450814499205820418/L5uJdpx-.png","profile_background_image_url_https":"https://pbs.twimg.com/profile_background_images/450814499205820418/L5uJdpx-.png","profile_background_tile":true,"profile_image_url":"http://pbs.twimg.com/profile_images/756026452118601728/rjjsdSBb_normal.jpg","profile_image_url_https":"https://pbs.twimg.com/profile_images/756026452118601728/rjjsdSBb_normal.jpg","profile_banner_url":"https://pbs.twimg.com/profile_banners/112373528/1399511356","profile_link_color":"0084B4","profile_sidebar_border_color":"FFFFFF","profile_sidebar_fill_color":"DDEEF6","profile_text_color":"333333","profile_use_background_image":true,"has_extended_profile":false,"default_profile":false,"default_profile_image":false,"following":false,"follow_request_sent":false,"notifications":false,"translator_type":"none"},"geo":null,"coordinates":null,"place":null,"contributors":null,"is_quote_status":false,"retweet_count":7442,"favorite_count":1031,"favorited":false,"retweeted":false,"possibly_sensitive":false,"lang":"ja"},{"created_at":"Thu Jul 20 02:57:47 +0000 2017","id":887869116668719100,"id_str":"887869116668719104","text":"【フォロー&amp;RTで応募完了】\n品位と美貌を兼ね備えた永遠のプリンセス\nLidberne - リドゥヴィーヌ -を抽選で1名様にプレゼント\nhttps://t.co/4dJuHPVXej\n締切 8/9\n#マイラアイテムプレゼンツ https://t.co/E3lffNFqAi","truncated":false,"entities":{"hashtags":[{"text":"マイラアイテムプレゼンツ","indices":[104,117]}],"symbols":[],"user_mentions":[],"urls":[{"url":"https://t.co/4dJuHPVXej","expanded_url":"https://goo.gl/GcXR8i","display_url":"goo.gl/GcXR8i","indices":[73,96]}],"media":[{"id":887868306136354800,"id_str":"887868306136354816","indices":[118,141],"media_url":"http://pbs.twimg.com/media/DFJXhTKV0AA0yqr.jpg","media_url_https":"https://pbs.twimg.com/media/DFJXhTKV0AA0yqr.jpg","url":"https://t.co/E3lffNFqAi","display_url":"pic.twitter.com/E3lffNFqAi","expanded_url":"https://twitter.com/mayla_classic/status/887869116668719104/photo/1","type":"photo","sizes":{"small":{"w":680,"h":646,"resize":"fit"},"thumb":{"w":150,"h":150,"resize":"crop"},"medium":{"w":695,"h":660,"resize":"fit"},"large":{"w":695,"h":660,"resize":"fit"}}}]},"extended_entities":{"media":[{"id":887868306136354800,"id_str":"887868306136354816","indices":[118,141],"media_url":"http://pbs.twimg.com/media/DFJXhTKV0AA0yqr.jpg","media_url_https":"https://pbs.twimg.com/media/DFJXhTKV0AA0yqr.jpg","url":"https://t.co/E3lffNFqAi","display_url":"pic.twitter.com/E3lffNFqAi","expanded_url":"https://twitter.com/mayla_classic/status/887869116668719104/photo/1","type":"photo","sizes":{"small":{"w":680,"h":646,"resize":"fit"},"thumb":{"w":150,"h":150,"resize":"crop"},"medium":{"w":695,"h":660,"resize":"fit"},"large":{"w":695,"h":660,"resize":"fit"}}},{"id":887868324075290600,"id_str":"887868324075290624","indices":[118,141],"media_url":"http://pbs.twimg.com/media/DFJXiV_UQAAZADI.jpg","media_url_https":"https://pbs.twimg.com/media/DFJXiV_UQAAZADI.jpg","url":"https://t.co/E3lffNFqAi","display_url":"pic.twitter.com/E3lffNFqAi","expanded_url":"https://twitter.com/mayla_classic/status/887869116668719104/photo/1","type":"photo","sizes":{"medium":{"w":695,"h":660,"resize":"fit"},"large":{"w":695,"h":660,"resize":"fit"},"thumb":{"w":150,"h":150,"resize":"crop"},"small":{"w":680,"h":646,"resize":"fit"}}},{"id":887868342182174700,"id_str":"887868342182174720","indices":[118,141],"media_url":"http://pbs.twimg.com/media/DFJXjZcVYAAg_XQ.jpg","media_url_https":"https://pbs.twimg.com/media/DFJXjZcVYAAg_XQ.jpg","url":"https://t.co/E3lffNFqAi","display_url":"pic.twitter.com/E3lffNFqAi","expanded_url":"https://twitter.com/mayla_classic/status/887869116668719104/photo/1","type":"photo","sizes":{"medium":{"w":695,"h":660,"resize":"fit"},"large":{"w":695,"h":660,"resize":"fit"},"thumb":{"w":150,"h":150,"resize":"crop"},"small":{"w":680,"h":646,"resize":"fit"}}},{"id":887868362876899300,"id_str":"887868362876899328","indices":[118,141],"media_url":"http://pbs.twimg.com/media/DFJXkmiV0AAwWfK.jpg","media_url_https":"https://pbs.twimg.com/media/DFJXkmiV0AAwWfK.jpg","url":"https://t.co/E3lffNFqAi","display_url":"pic.twitter.com/E3lffNFqAi","expanded_url":"https://twitter.com/mayla_classic/status/887869116668719104/photo/1","type":"photo","sizes":{"medium":{"w":695,"h":660,"resize":"fit"},"large":{"w":695,"h":660,"resize":"fit"},"thumb":{"w":150,"h":150,"resize":"crop"},"small":{"w":680,"h":646,"resize":"fit"}}}]},"metadata":{"iso_language_code":"ja","result_type":"recent"},"source":"<a href=\"http://twitter.com\" rel=\"nofollow\">Twitter Web Client</a>","in_reply_to_status_id":null,"in_reply_to_status_id_str":null,"in_reply_to_user_id":null,"in_reply_to_user_id_str":null,"in_reply_to_screen_name":null,"user":{"id":350588237,"id_str":"350588237","name":"mayla classic","screen_name":"mayla_classic","location":"大阪府堺市","description":"出会った瞬間、体温が2℃あがる靴","url":"https://t.co/XUqUDaRT9g","entities":{"url":{"urls":[{"url":"https://t.co/XUqUDaRT9g","expanded_url":"http://mayla.jp","display_url":"mayla.jp","indices":[0,23]}]},"description":{"urls":[]}},"protected":false,"followers_count":208608,"friends_count":0,"listed_count":1187,"created_at":"Mon Aug 08 00:57:21 +0000 2011","favourites_count":18528,"utc_offset":32400,"time_zone":"Tokyo","geo_enabled":true,"verified":true,"statuses_count":5487,"lang":"ja","contributors_enabled":false,"is_translator":false,"is_translation_enabled":false,"profile_background_color":"FFFFFF","profile_background_image_url":"http://pbs.twimg.com/profile_background_images/443184949542137857/V9p8Bi_1.jpeg","profile_background_image_url_https":"https://pbs.twimg.com/profile_background_images/443184949542137857/V9p8Bi_1.jpeg","profile_background_tile":true,"profile_image_url":"http://pbs.twimg.com/profile_images/656021618230083584/BAc7JkQ9_normal.jpg","profile_image_url_https":"https://pbs.twimg.com/profile_images/656021618230083584/BAc7JkQ9_normal.jpg","profile_banner_url":"https://pbs.twimg.com/profile_banners/350588237/1499854535","profile_link_color":"EBDCDA","profile_sidebar_border_color":"FFFFFF","profile_sidebar_fill_color":"E6F6F9","profile_text_color":"333333","profile_use_background_image":true,"has_extended_profile":false,"default_profile":false,"default_profile_image":false,"following":false,"follow_request_sent":false,"notifications":false,"translator_type":"none"},"geo":null,"coordinates":null,"place":null,"contributors":null,"is_quote_status":false,"retweet_count":11876,"favorite_count":2720,"favorited":false,"retweeted":false,"possibly_sensitive":false,"lang":"ja"},{"created_at":"Thu Jul 20 00:00:49 +0000 2017","id":887824579036684300,"id_str":"887824579036684290","text":"＼その場で当たる✨／\n@jalannetをフォロー＆リツイートで\n乃木坂46限定動画＆オリジナルグッズをプレゼント🎁(～8/31)\n詳細は▼\n#じゃらん乃木夏 #乃木坂46 #毎日挑戦\nhttps://t.co/RB3j5QdIZq","truncated":false,"entities":{"hashtags":[{"text":"じゃらん乃木夏","indices":[71,79]},{"text":"乃木坂46","indices":[80,86]},{"text":"毎日挑戦","indices":[87,92]}],"symbols":[],"user_mentions":[{"screen_name":"jalannet","name":"じゃらんnet〈公式〉","id":104657420,"id_str":"104657420","indices":[11,20]}],"urls":[{"url":"https://t.co/RB3j5QdIZq","expanded_url":"https://cards.twitter.com/cards/18ce53vz78s/4gzun","display_url":"cards.twitter.com/cards/18ce53vz…","indices":[93,116]}]},"metadata":{"iso_language_code":"ja","result_type":"recent"},"source":"<a href=\"http://www.hootsuite.com\" rel=\"nofollow\">Hootsuite</a>","in_reply_to_status_id":null,"in_reply_to_status_id_str":null,"in_reply_to_user_id":null,"in_reply_to_user_id_str":null,"in_reply_to_screen_name":null,"user":{"id":104657420,"id_str":"104657420","name":"じゃらんnet〈公式〉","screen_name":"jalannet","location":"tokyo","description":"#じゃらん乃木夏 キャンペーン https://t.co/ckMhbZJt9c ご利用の皆様には大変多くのご応募をいただき誠にありがとうございます。現在一部の利用者による悪質な迷惑行為が確認されております。このため応募条件を「リツイートのみ」の参加と変更させていただきます。何卒ご了承頂きますようお願い申し上げます","url":"https://t.co/KMaSJDljI7","entities":{"url":{"urls":[{"url":"https://t.co/KMaSJDljI7","expanded_url":"http://www.jalan.net/","display_url":"jalan.net","indices":[0,23]}]},"description":{"urls":[{"url":"https://t.co/ckMhbZJt9c","expanded_url":"http://ow.ly/f4F930dgMiT","display_url":"ow.ly/f4F930dgMiT","indices":[16,39]}]}},"protected":false,"followers_count":248810,"friends_count":9,"listed_count":567,"created_at":"Thu Jan 14 00:33:53 +0000 2010","favourites_count":99,"utc_offset":32400,"time_zone":"Tokyo","geo_enabled":false,"verified":true,"statuses_count":2199129,"lang":"ja","contributors_enabled":false,"is_translator":false,"is_translation_enabled":false,"profile_background_color":"000000","profile_background_image_url":"http://abs.twimg.com/images/themes/theme1/bg.png","profile_background_image_url_https":"https://abs.twimg.com/images/themes/theme1/bg.png","profile_background_tile":false,"profile_image_url":"http://pbs.twimg.com/profile_images/430525545340612608/sK5D22SC_normal.jpeg","profile_image_url_https":"https://pbs.twimg.com/profile_images/430525545340612608/sK5D22SC_normal.jpeg","profile_banner_url":"https://pbs.twimg.com/profile_banners/104657420/1499393475","profile_link_color":"1B95E0","profile_sidebar_border_color":"000000","profile_sidebar_fill_color":"000000","profile_text_color":"000000","profile_use_background_image":false,"has_extended_profile":false,"default_profile":false,"default_profile_image":false,"following":false,"follow_request_sent":false,"notifications":false,"translator_type":"none"},"geo":null,"coordinates":null,"place":null,"contributors":null,"is_quote_status":false,"retweet_count":15684,"favorite_count":1347,"favorited":false,"retweeted":false,"possibly_sensitive":false,"lang":"ja"},{"created_at":"Wed Jul 19 20:00:14 +0000 2017","id":887764033419345900,"id_str":"887764033419345920","text":"8月11日(金)夜9時より日本テレビ「金曜ロードSHOW!」にて\n新たなスペシャル映像が入った『HiGH&amp;LOW THE MOVIE 特別版 from THE RED RAIN』の放送が決定ッ！\n是非ご覧ください！… https://t.co/VwdhB9Hjxr","truncated":true,"entities":{"hashtags":[],"symbols":[],"user_mentions":[],"urls":[{"url":"https://t.co/VwdhB9Hjxr","expanded_url":"https://twitter.com/i/web/status/887764033419345920","display_url":"twitter.com/i/web/status/8…","indices":[113,136]}]},"metadata":{"iso_language_code":"ja","result_type":"recent"},"source":"<a href=\"http://twitter.com\" rel=\"nofollow\">Twitter Web Client</a>","in_reply_to_status_id":null,"in_reply_to_status_id_str":null,"in_reply_to_user_id":null,"in_reply_to_user_id_str":null,"in_reply_to_screen_name":null,"user":{"id":3226713546,"id_str":"3226713546","name":"HiGH&LOW OFFICIAL","screen_name":"HiGH_LOW_PR","location":"","description":"HiGH&LOWオフィシャルtwitter. HiGH&LOWの最新情報を発信します。","url":"http://t.co/Qpce29fIzY","entities":{"url":{"urls":[{"url":"http://t.co/Qpce29fIzY","expanded_url":"http://high-low.jp","display_url":"high-low.jp","indices":[0,22]}]},"description":{"urls":[]}},"protected":false,"followers_count":500272,"friends_count":60,"listed_count":1135,"created_at":"Tue May 26 03:56:29 +0000 2015","favourites_count":5,"utc_offset":-25200,"time_zone":"Pacific Time (US & Canada)","geo_enabled":false,"verified":true,"statuses_count":868,"lang":"ja","contributors_enabled":false,"is_translator":false,"is_translation_enabled":false,"profile_background_color":"C0DEED","profile_background_image_url":"http://abs.twimg.com/images/themes/theme1/bg.png","profile_background_image_url_https":"https://abs.twimg.com/images/themes/theme1/bg.png","profile_background_tile":false,"profile_image_url":"http://pbs.twimg.com/profile_images/722760502951084032/brnAIRRQ_normal.jpg","profile_image_url_https":"https://pbs.twimg.com/profile_images/722760502951084032/brnAIRRQ_normal.jpg","profile_banner_url":"https://pbs.twimg.com/profile_banners/3226713546/1461154490","profile_link_color":"1DA1F2","profile_sidebar_border_color":"C0DEED","profile_sidebar_fill_color":"DDEEF6","profile_text_color":"333333","profile_use_background_image":true,"has_extended_profile":false,"default_profile":true,"default_profile_image":false,"following":false,"follow_request_sent":false,"notifications":false,"translator_type":"none"},"geo":null,"coordinates":null,"place":null,"contributors":null,"is_quote_status":false,"retweet_count":15352,"favorite_count":30443,"favorited":false,"retweeted":false,"possibly_sensitive":false,"lang":"ja"},{"created_at":"Wed Jul 19 16:45:47 +0000 2017","id":887715099837780000,"id_str":"887715099837779968","text":"TBSの心霊番組 #世界の怖い夜 \n一般人の足元に幽霊が映っている画像を放送\n↓\nTwitterに証拠となる元画像が投稿される\n↓\nTBSが幽霊を画像加工して放送した疑惑（今ココ\n\nこれがもし事実ならTBSはあまりにお粗末すぎ……… https://t.co/2oAi6RSh3k","truncated":true,"entities":{"hashtags":[{"text":"世界の怖い夜","indices":[9,16]}],"symbols":[],"user_mentions":[],"urls":[{"url":"https://t.co/2oAi6RSh3k","expanded_url":"https://twitter.com/i/web/status/887715099837779968","display_url":"twitter.com/i/web/status/8…","indices":[117,140]}]},"metadata":{"iso_language_code":"ja","result_type":"recent"},"source":"<a href=\"http://twitter.com/download/android\" rel=\"nofollow\">Twitter for Android</a>","in_reply_to_status_id":null,"in_reply_to_status_id_str":null,"in_reply_to_user_id":null,"in_reply_to_user_id_str":null,"in_reply_to_screen_name":null,"user":{"id":837854882749022200,"id_str":"837854882749022210","name":"えみちゃん","screen_name":"__Emichan___","location":"大阪城","description":"話題のものをまとめたり、時事ネタや政経、芸能ニュースを呟いたり、動物に癒しを求めたり、そんな感じの雑多なゆるいアカウント（）です。","url":null,"entities":{"description":{"urls":[]}},"protected":false,"followers_count":2350,"friends_count":19,"listed_count":17,"created_at":"Sat Mar 04 02:39:05 +0000 2017","favourites_count":5603,"utc_offset":null,"time_zone":null,"geo_enabled":false,"verified":false,"statuses_count":2256,"lang":"ja","contributors_enabled":false,"is_translator":false,"is_translation_enabled":false,"profile_background_color":"F5F8FA","profile_background_image_url":null,"profile_background_image_url_https":null,"profile_background_tile":false,"profile_image_url":"http://pbs.twimg.com/profile_images/861066525381242880/UCDAREGc_normal.jpg","profile_image_url_https":"https://pbs.twimg.com/profile_images/861066525381242880/UCDAREGc_normal.jpg","profile_banner_url":"https://pbs.twimg.com/profile_banners/837854882749022210/1494129220","profile_link_color":"1DA1F2","profile_sidebar_border_color":"C0DEED","profile_sidebar_fill_color":"DDEEF6","profile_text_color":"333333","profile_use_background_image":true,"has_extended_profile":false,"default_profile":true,"default_profile_image":false,"following":false,"follow_request_sent":false,"notifications":false,"translator_type":"none"},"geo":null,"coordinates":null,"place":null,"contributors":null,"is_quote_status":false,"retweet_count":5633,"favorite_count":2941,"favorited":false,"retweeted":false,"possibly_sensitive":false,"lang":"ja"},{"created_at":"Wed Jul 19 16:10:57 +0000 2017","id":887706336040894500,"id_str":"887706336040894464","text":"☆月野百鬼夜行☆\nそこは、神をも凌ぐ強大な力を持つ、黒白天狐がおわす、それはそれは古い社。\n昼間は、人々の憩いの場として。\n夜は、不思議な者達が集う場として。\n夜な夜な不思議な宴が開かれているそうな…。\n＃月野百鬼夜行 https://t.co/rzCruRT4ys","truncated":false,"entities":{"hashtags":[{"text":"月野百鬼夜行","indices":[102,109]}],"symbols":[],"user_mentions":[],"urls":[],"media":[{"id":887706190695718900,"id_str":"887706190695718913","indices":[110,133],"media_url":"http://pbs.twimg.com/media/DFHEE8FVYAE3ngP.jpg","media_url_https":"https://pbs.twimg.com/media/DFHEE8FVYAE3ngP.jpg","url":"https://t.co/rzCruRT4ys","display_url":"pic.twitter.com/rzCruRT4ys","expanded_url":"https://twitter.com/tsukiuta1/status/887706336040894464/photo/1","type":"photo","sizes":{"small":{"w":680,"h":680,"resize":"fit"},"thumb":{"w":150,"h":150,"resize":"crop"},"medium":{"w":886,"h":886,"resize":"fit"},"large":{"w":886,"h":886,"resize":"fit"}}}]},"extended_entities":{"media":[{"id":887706190695718900,"id_str":"887706190695718913","indices":[110,133],"media_url":"http://pbs.twimg.com/media/DFHEE8FVYAE3ngP.jpg","media_url_https":"https://pbs.twimg.com/media/DFHEE8FVYAE3ngP.jpg","url":"https://t.co/rzCruRT4ys","display_url":"pic.twitter.com/rzCruRT4ys","expanded_url":"https://twitter.com/tsukiuta1/status/887706336040894464/photo/1","type":"photo","sizes":{"small":{"w":680,"h":680,"resize":"fit"},"thumb":{"w":150,"h":150,"resize":"crop"},"medium":{"w":886,"h":886,"resize":"fit"},"large":{"w":886,"h":886,"resize":"fit"}}}]},"metadata":{"iso_language_code":"ja","result_type":"recent"},"source":"<a href=\"http://twitter.com\" rel=\"nofollow\">Twitter Web Client</a>","in_reply_to_status_id":null,"in_reply_to_status_id_str":null,"in_reply_to_user_id":null,"in_reply_to_user_id_str":null,"in_reply_to_screen_name":null,"user":{"id":801746160,"id_str":"801746160","name":"ツキウタ。公式","screen_name":"tsukiuta1","location":"ツキノ寮","description":"声と音楽で綴る月々の物語…。オリジナルキャラクターソングCDシリーズ「ツキウタ。」のゆるめの公式アカウントです。公式HPの更新やリリース情報等をお知らせします。※こちらは基本的に情報発信用のアカウントです。個別の返信は行いません","url":"https://t.co/goRdd9wenr","entities":{"url":{"urls":[{"url":"https://t.co/goRdd9wenr","expanded_url":"http://www.tsukiuta.com/","display_url":"tsukiuta.com","indices":[0,23]}]},"description":{"urls":[]}},"protected":false,"followers_count":157585,"friends_count":76,"listed_count":3467,"created_at":"Tue Sep 04 03:49:10 +0000 2012","favourites_count":742,"utc_offset":32400,"time_zone":"Tokyo","geo_enabled":true,"verified":false,"statuses_count":14578,"lang":"ja","contributors_enabled":false,"is_translator":false,"is_translation_enabled":false,"profile_background_color":"FFCC4D","profile_background_image_url":"http://pbs.twimg.com/profile_background_images/550332367726841858/xkfr7yw8.jpeg","profile_background_image_url_https":"https://pbs.twimg.com/profile_background_images/550332367726841858/xkfr7yw8.jpeg","profile_background_tile":false,"profile_image_url":"http://pbs.twimg.com/profile_images/881157064722010114/xi4xHYYW_normal.jpg","profile_image_url_https":"https://pbs.twimg.com/profile_images/881157064722010114/xi4xHYYW_normal.jpg","profile_banner_url":"https://pbs.twimg.com/profile_banners/801746160/1491059502","profile_link_color":"89C9FA","profile_sidebar_border_color":"FFFFFF","profile_sidebar_fill_color":"95E8EC","profile_text_color":"3C3940","profile_use_background_image":true,"has_extended_profile":false,"default_profile":false,"default_profile_image":false,"following":false,"follow_request_sent":false,"notifications":false,"translator_type":"none"},"geo":null,"coordinates":null,"place":null,"contributors":null,"is_quote_status":false,"retweet_count":6156,"favorite_count":13573,"favorited":false,"retweeted":false,"possibly_sensitive":false,"lang":"ja"},{"created_at":"Wed Jul 19 15:56:15 +0000 2017","id":887702635746164700,"id_str":"887702635746164736","text":"ジョークが分かりにくい https://t.co/AwNhLdykhQ","truncated":false,"entities":{"hashtags":[],"symbols":[],"user_mentions":[],"urls":[],"media":[{"id":887702537561714700,"id_str":"887702537561714688","indices":[12,35],"media_url":"http://pbs.twimg.com/media/DFHAwTGUMAARzf9.jpg","media_url_https":"https://pbs.twimg.com/media/DFHAwTGUMAARzf9.jpg","url":"https://t.co/AwNhLdykhQ","display_url":"pic.twitter.com/AwNhLdykhQ","expanded_url":"https://twitter.com/877utb/status/887702635746164736/photo/1","type":"photo","sizes":{"thumb":{"w":150,"h":150,"resize":"crop"},"large":{"w":500,"h":707,"resize":"fit"},"small":{"w":481,"h":680,"resize":"fit"},"medium":{"w":500,"h":707,"resize":"fit"}}}]},"extended_entities":{"media":[{"id":887702537561714700,"id_str":"887702537561714688","indices":[12,35],"media_url":"http://pbs.twimg.com/media/DFHAwTGUMAARzf9.jpg","media_url_https":"https://pbs.twimg.com/media/DFHAwTGUMAARzf9.jpg","url":"https://t.co/AwNhLdykhQ","display_url":"pic.twitter.com/AwNhLdykhQ","expanded_url":"https://twitter.com/877utb/status/887702635746164736/photo/1","type":"photo","sizes":{"thumb":{"w":150,"h":150,"resize":"crop"},"large":{"w":500,"h":707,"resize":"fit"},"small":{"w":481,"h":680,"resize":"fit"},"medium":{"w":500,"h":707,"resize":"fit"}}},{"id":887702552757674000,"id_str":"887702552757673984","indices":[12,35],"media_url":"http://pbs.twimg.com/media/DFHAxLtUIAAn_8h.jpg","media_url_https":"https://pbs.twimg.com/media/DFHAxLtUIAAn_8h.jpg","url":"https://t.co/AwNhLdykhQ","display_url":"pic.twitter.com/AwNhLdykhQ","expanded_url":"https://twitter.com/877utb/status/887702635746164736/photo/1","type":"photo","sizes":{"large":{"w":424,"h":600,"resize":"fit"},"thumb":{"w":150,"h":150,"resize":"crop"},"medium":{"w":424,"h":600,"resize":"fit"},"small":{"w":424,"h":600,"resize":"fit"}}}]},"metadata":{"iso_language_code":"ja","result_type":"recent"},"source":"<a href=\"https://about.twitter.com/products/tweetdeck\" rel=\"nofollow\">TweetDeck</a>","in_reply_to_status_id":null,"in_reply_to_status_id_str":null,"in_reply_to_user_id":null,"in_reply_to_user_id_str":null,"in_reply_to_screen_name":null,"user":{"id":2728972812,"id_str":"2728972812","name":"15","screen_name":"877utb","location":"ブルズアイ","description":"腐ってます。ジャンルバラバラ。創作絵（@crim_son15）拍手（https://t.co/xcBbzl9uDu …）お返事（https://t.co/1RahIijZwt）","url":null,"entities":{"description":{"urls":[{"url":"https://t.co/xcBbzl9uDu","expanded_url":"http://clap.webclap.com/clap.php?id=crim","display_url":"clap.webclap.com/clap.php?id=cr…","indices":[34,57]},{"url":"https://t.co/1RahIijZwt","expanded_url":"https://note.mu/877utb","display_url":"note.mu/877utb","indices":[64,87]}]}},"protected":false,"followers_count":9417,"friends_count":96,"listed_count":281,"created_at":"Wed Aug 13 09:30:16 +0000 2014","favourites_count":2439,"utc_offset":32400,"time_zone":"Tokyo","geo_enabled":false,"verified":false,"statuses_count":11389,"lang":"ja","contributors_enabled":false,"is_translator":false,"is_translation_enabled":false,"profile_background_color":"000000","profile_background_image_url":"http://pbs.twimg.com/profile_background_images/667329863880015872/hVTMsEYs.png","profile_background_image_url_https":"https://pbs.twimg.com/profile_background_images/667329863880015872/hVTMsEYs.png","profile_background_tile":true,"profile_image_url":"http://pbs.twimg.com/profile_images/885899954916532224/9ArxHx9I_normal.png","profile_image_url_https":"https://pbs.twimg.com/profile_images/885899954916532224/9ArxHx9I_normal.png","profile_banner_url":"https://pbs.twimg.com/profile_banners/2728972812/1493826129","profile_link_color":"8A8A8A","profile_sidebar_border_color":"000000","profile_sidebar_fill_color":"000000","profile_text_color":"000000","profile_use_background_image":false,"has_extended_profile":false,"default_profile":false,"default_profile_image":false,"following":false,"follow_request_sent":false,"notifications":false,"translator_type":"none"},"geo":null,"coordinates":null,"place":null,"contributors":null,"is_quote_status":false,"retweet_count":5163,"favorite_count":8725,"favorited":false,"retweeted":false,"possibly_sensitive":false,"lang":"ja"},{"created_at":"Wed Jul 19 15:50:58 +0000 2017","id":887701307217150000,"id_str":"887701307217149952","text":"隠れたヒカキンを探せ！#5\n【難易度 爆絶】\n見つけた人はRT！ #ヒカキンを探せ https://t.co/XCmfBIgj7W","truncated":false,"entities":{"hashtags":[{"text":"ヒカキンを探せ","indices":[33,41]}],"symbols":[],"user_mentions":[],"urls":[],"media":[{"id":887701296379117600,"id_str":"887701296379117569","indices":[42,65],"media_url":"http://pbs.twimg.com/media/DFG_oDVUwAEFkBL.jpg","media_url_https":"https://pbs.twimg.com/media/DFG_oDVUwAEFkBL.jpg","url":"https://t.co/XCmfBIgj7W","display_url":"pic.twitter.com/XCmfBIgj7W","expanded_url":"https://twitter.com/hikakin/status/887701307217149952/photo/1","type":"photo","sizes":{"medium":{"w":1200,"h":900,"resize":"fit"},"small":{"w":680,"h":510,"resize":"fit"},"thumb":{"w":150,"h":150,"resize":"crop"},"large":{"w":2048,"h":1536,"resize":"fit"}}}]},"extended_entities":{"media":[{"id":887701296379117600,"id_str":"887701296379117569","indices":[42,65],"media_url":"http://pbs.twimg.com/media/DFG_oDVUwAEFkBL.jpg","media_url_https":"https://pbs.twimg.com/media/DFG_oDVUwAEFkBL.jpg","url":"https://t.co/XCmfBIgj7W","display_url":"pic.twitter.com/XCmfBIgj7W","expanded_url":"https://twitter.com/hikakin/status/887701307217149952/photo/1","type":"photo","sizes":{"medium":{"w":1200,"h":900,"resize":"fit"},"small":{"w":680,"h":510,"resize":"fit"},"thumb":{"w":150,"h":150,"resize":"crop"},"large":{"w":2048,"h":1536,"resize":"fit"}}}]},"metadata":{"iso_language_code":"ja","result_type":"recent"},"source":"<a href=\"http://twitter.com/download/iphone\" rel=\"nofollow\">Twitter for iPhone</a>","in_reply_to_status_id":null,"in_reply_to_status_id_str":null,"in_reply_to_user_id":null,"in_reply_to_user_id_str":null,"in_reply_to_screen_name":null,"user":{"id":130447415,"id_str":"130447415","name":"HIKAKIN ヒカキン","screen_name":"hikakin","location":"Tokyo","description":"YouTuber（ユーチューバー）やってます。平成生まれ。YouTube歴11年。再生回数計64億回、チャンネル登録者計970万人突破。 インスタグラムもフォロー是非→https://t.co/3N95acANAT","url":"https://t.co/TiG4bRwwRJ","entities":{"url":{"urls":[{"url":"https://t.co/TiG4bRwwRJ","expanded_url":"https://www.youtube.com/user/hikakintv","display_url":"youtube.com/user/hikakintv","indices":[0,23]}]},"description":{"urls":[{"url":"https://t.co/3N95acANAT","expanded_url":"https://www.instagram.com/hikakin/","display_url":"instagram.com/hikakin/","indices":[84,107]}]}},"protected":false,"followers_count":2125786,"friends_count":970,"listed_count":4854,"created_at":"Wed Apr 07 09:33:08 +0000 2010","favourites_count":4392,"utc_offset":-36000,"time_zone":"Hawaii","geo_enabled":false,"verified":true,"statuses_count":36984,"lang":"ja","contributors_enabled":false,"is_translator":false,"is_translation_enabled":false,"profile_background_color":"000000","profile_background_image_url":"http://pbs.twimg.com/profile_background_images/544921687/__________2012-05-05_18.56.52.png","profile_background_image_url_https":"https://pbs.twimg.com/profile_background_images/544921687/__________2012-05-05_18.56.52.png","profile_background_tile":false,"profile_image_url":"http://pbs.twimg.com/profile_images/826448439592366081/yNaadj6o_normal.jpg","profile_image_url_https":"https://pbs.twimg.com/profile_images/826448439592366081/yNaadj6o_normal.jpg","profile_banner_url":"https://pbs.twimg.com/profile_banners/130447415/1500095977","profile_link_color":"05B9F0","profile_sidebar_border_color":"000000","profile_sidebar_fill_color":"EFEFEF","profile_text_color":"333333","profile_use_background_image":false,"has_extended_profile":true,"default_profile":false,"default_profile_image":false,"following":false,"follow_request_sent":false,"notifications":false,"translator_type":"none"},"geo":null,"coordinates":null,"place":null,"contributors":null,"is_quote_status":false,"retweet_count":9877,"favorite_count":12757,"favorited":false,"retweeted":false,"possibly_sensitive":false,"lang":"ja"},{"created_at":"Wed Jul 19 15:00:08 +0000 2017","id":887688512509681700,"id_str":"887688512509681665","text":"すべてのA.R.M.Yの皆さんへ♡ #バンタン 最新ライブ★今日、午後8時半からアンコール放送♪雨で視聴できなかった方、もう一度見たい方！あの感動と興奮をマニマニマニ♡皆さんの貴重なボイスは、次回にね(*ﾟｰﾟ)db(ﾟｰﾟ*)… https://t.co/V7sNGfkj3U","truncated":true,"entities":{"hashtags":[{"text":"バンタン","indices":[18,23]}],"symbols":[],"user_mentions":[],"urls":[{"url":"https://t.co/V7sNGfkj3U","expanded_url":"https://twitter.com/i/web/status/887688512509681665","display_url":"twitter.com/i/web/status/8…","indices":[116,139]}]},"metadata":{"iso_language_code":"ja","result_type":"recent"},"source":"<a href=\"http://engagemanager.tribalmedia.co.jp/\" rel=\"nofollow\">EngageManager</a>","in_reply_to_status_id":null,"in_reply_to_status_id_str":null,"in_reply_to_user_id":null,"in_reply_to_user_id_str":null,"in_reply_to_screen_name":null,"user":{"id":2383099080,"id_str":"2383099080","name":"TBSチャンネル","screen_name":"tbschannel","location":"東京都港区赤坂","description":"TBSが運営するCS放送「TBSチャンネル1 最新ドラマ・音楽・映画」「TBSチャンネル2 名作ドラマ・スポーツ・アニメ」の公式Twitterです。","url":"http://t.co/cUm5LTZ49Q","entities":{"url":{"urls":[{"url":"http://t.co/cUm5LTZ49Q","expanded_url":"http://www.tbs.co.jp/tbs-ch/","display_url":"tbs.co.jp/tbs-ch/","indices":[0,22]}]},"description":{"urls":[]}},"protected":false,"followers_count":23604,"friends_count":47,"listed_count":269,"created_at":"Tue Mar 11 03:46:12 +0000 2014","favourites_count":891,"utc_offset":32400,"time_zone":"Tokyo","geo_enabled":false,"verified":false,"statuses_count":2818,"lang":"ja","contributors_enabled":false,"is_translator":false,"is_translation_enabled":false,"profile_background_color":"C0DEED","profile_background_image_url":"http://abs.twimg.com/images/themes/theme1/bg.png","profile_background_image_url_https":"https://abs.twimg.com/images/themes/theme1/bg.png","profile_background_tile":false,"profile_image_url":"http://pbs.twimg.com/profile_images/875532778997112832/iGU3An0T_normal.jpg","profile_image_url_https":"https://pbs.twimg.com/profile_images/875532778997112832/iGU3An0T_normal.jpg","profile_banner_url":"https://pbs.twimg.com/profile_banners/2383099080/1500206506","profile_link_color":"1DA1F2","profile_sidebar_border_color":"C0DEED","profile_sidebar_fill_color":"DDEEF6","profile_text_color":"333333","profile_use_background_image":true,"has_extended_profile":false,"default_profile":true,"default_profile_image":false,"following":false,"follow_request_sent":false,"notifications":false,"translator_type":"none"},"geo":null,"coordinates":null,"place":null,"contributors":null,"is_quote_status":false,"retweet_count":9625,"favorite_count":21549,"favorited":false,"retweeted":false,"possibly_sensitive":false,"lang":"ja"},{"created_at":"Wed Jul 19 15:00:03 +0000 2017","id":887688493496807400,"id_str":"887688493496807424","text":"明日7/21 (金)は『スプラトゥーン2』の発売日だ。\n今までの思い出にナイス！これからのバトルにカモン！\n1万2千年後のイカの世界に飛び込もう。\n#明日はイカだ\nhttps://t.co/tRMTvwGi9U https://t.co/GmO2LqHzlv","truncated":false,"entities":{"hashtags":[{"text":"明日はイカだ","indices":[74,81]}],"symbols":[],"user_mentions":[],"urls":[{"url":"https://t.co/tRMTvwGi9U","expanded_url":"https://www.nintendo.co.jp/switch/aab6a/index.html","display_url":"nintendo.co.jp/switch/aab6a/i…","indices":[82,105]}],"media":[{"id":885647587490922500,"id_str":"885647587490922496","indices":[106,129],"media_url":"http://pbs.twimg.com/media/DEpzydiUAAA0J4P.jpg","media_url_https":"https://pbs.twimg.com/media/DEpzydiUAAA0J4P.jpg","url":"https://t.co/GmO2LqHzlv","display_url":"pic.twitter.com/GmO2LqHzlv","expanded_url":"https://twitter.com/SplatoonJP/status/887688493496807424/photo/1","type":"photo","sizes":{"thumb":{"w":150,"h":150,"resize":"crop"},"large":{"w":2000,"h":1125,"resize":"fit"},"medium":{"w":1200,"h":675,"resize":"fit"},"small":{"w":680,"h":383,"resize":"fit"}}}]},"extended_entities":{"media":[{"id":885647587490922500,"id_str":"885647587490922496","indices":[106,129],"media_url":"http://pbs.twimg.com/media/DEpzydiUAAA0J4P.jpg","media_url_https":"https://pbs.twimg.com/media/DEpzydiUAAA0J4P.jpg","url":"https://t.co/GmO2LqHzlv","display_url":"pic.twitter.com/GmO2LqHzlv","expanded_url":"https://twitter.com/SplatoonJP/status/887688493496807424/photo/1","type":"photo","sizes":{"thumb":{"w":150,"h":150,"resize":"crop"},"large":{"w":2000,"h":1125,"resize":"fit"},"medium":{"w":1200,"h":675,"resize":"fit"},"small":{"w":680,"h":383,"resize":"fit"}}}]},"metadata":{"iso_language_code":"ja","result_type":"recent"},"source":"<a href=\"https://ads.twitter.com\" rel=\"nofollow\">Twitter Ads</a>","in_reply_to_status_id":null,"in_reply_to_status_id_str":null,"in_reply_to_user_id":null,"in_reply_to_user_id_str":null,"in_reply_to_screen_name":null,"user":{"id":2888006497,"id_str":"2888006497","name":"Splatoon（スプラトゥーン）","screen_name":"SplatoonJP","location":"","description":"『スプラトゥーン』公式総合アカウント。イカ研究所の調査報告（ゲーム情報）やお知らせをお伝えします。最新作の『スプラトゥーン2』は2017年7月21日（金）発売予定。ご質問・お問い合わせにはお答えしておりませんのでご容赦ください。 ※イカ研究所は実在の人物、団体とは一切関係ございません。","url":"https://t.co/yCMNfZlVpz","entities":{"url":{"urls":[{"url":"https://t.co/yCMNfZlVpz","expanded_url":"https://www.nintendo.co.jp/switch/aab6a/index.html","display_url":"nintendo.co.jp/switch/aab6a/i…","indices":[0,23]}]},"description":{"urls":[]}},"protected":false,"followers_count":668964,"friends_count":1,"listed_count":6488,"created_at":"Mon Nov 03 01:36:06 +0000 2014","favourites_count":0,"utc_offset":32400,"time_zone":"Tokyo","geo_enabled":false,"verified":true,"statuses_count":1478,"lang":"ja","contributors_enabled":false,"is_translator":false,"is_translation_enabled":false,"profile_background_color":"000000","profile_background_image_url":"http://pbs.twimg.com/profile_background_images/530105343452274688/WJl6dNx5.jpeg","profile_background_image_url_https":"https://pbs.twimg.com/profile_background_images/530105343452274688/WJl6dNx5.jpeg","profile_background_tile":false,"profile_image_url":"http://pbs.twimg.com/profile_images/819765217957552132/1WftJJM1_normal.jpg","profile_image_url_https":"https://pbs.twimg.com/profile_images/819765217957552132/1WftJJM1_normal.jpg","profile_banner_url":"https://pbs.twimg.com/profile_banners/2888006497/1484282224","profile_link_color":"000000","profile_sidebar_border_color":"000000","profile_sidebar_fill_color":"E3E2DE","profile_text_color":"634047","profile_use_background_image":true,"has_extended_profile":false,"default_profile":false,"default_profile_image":false,"following":false,"follow_request_sent":false,"notifications":false,"translator_type":"none"},"geo":null,"coordinates":null,"place":null,"contributors":null,"is_quote_status":false,"retweet_count":32529,"favorite_count":47379,"favorited":false,"retweeted":false,"possibly_sensitive":false,"lang":"ja"},{"created_at":"Wed Jul 19 14:45:56 +0000 2017","id":887684938601873400,"id_str":"887684938601873408","text":"銀魂ビジュアルブック読んでるんだけど空知が撮影見学にくるって事前に聞いてたのに直前になって照れ屋だから来れないと言われて「先生に来ていただけなけないなら小栗旬之介の件で訴訟を起こしてもいい」と最終的に空知を脅して撮影現場に来させた小栗旬ほんますき","truncated":false,"entities":{"hashtags":[],"symbols":[],"user_mentions":[],"urls":[]},"metadata":{"iso_language_code":"ja","result_type":"recent"},"source":"<a href=\"http://twitter.com/download/android\" rel=\"nofollow\">Twitter for Android</a>","in_reply_to_status_id":null,"in_reply_to_status_id_str":null,"in_reply_to_user_id":null,"in_reply_to_user_id_str":null,"in_reply_to_screen_name":null,"user":{"id":111912868,"id_str":"111912868","name":"73","screen_name":"nana37san","location":"そこじゃない","description":"からあげにはレモンをかけます。成人済。好きなリーゼントは東方仗助、好きなテクノカットは真島吾朗、好きな天パは坂田銀時、好きなニシパはキロランケです。 ヒゲ好き。 2次元のおっさんがすき。でもわりとなんでも受け入れます。","url":null,"entities":{"description":{"urls":[]}},"protected":false,"followers_count":230,"friends_count":169,"listed_count":8,"created_at":"Sat Feb 06 15:35:55 +0000 2010","favourites_count":22773,"utc_offset":32400,"time_zone":"Tokyo","geo_enabled":false,"verified":false,"statuses_count":61626,"lang":"ja","contributors_enabled":false,"is_translator":false,"is_translation_enabled":false,"profile_background_color":"0099B9","profile_background_image_url":"http://pbs.twimg.com/profile_background_images/659712345267007488/QWKEdMfN.jpg","profile_background_image_url_https":"https://pbs.twimg.com/profile_background_images/659712345267007488/QWKEdMfN.jpg","profile_background_tile":false,"profile_image_url":"http://pbs.twimg.com/profile_images/876097498690994176/ZES9nXm-_normal.jpg","profile_image_url_https":"https://pbs.twimg.com/profile_images/876097498690994176/ZES9nXm-_normal.jpg","profile_banner_url":"https://pbs.twimg.com/profile_banners/111912868/1385564991","profile_link_color":"0099B9","profile_sidebar_border_color":"000000","profile_sidebar_fill_color":"000000","profile_text_color":"000000","profile_use_background_image":true,"has_extended_profile":false,"default_profile":false,"default_profile_image":false,"following":false,"follow_request_sent":false,"notifications":false,"translator_type":"none"},"geo":null,"coordinates":null,"place":null,"contributors":null,"is_quote_status":false,"retweet_count":41275,"favorite_count":52918,"favorited":false,"retweeted":false,"lang":"ja"}],"search_metadata":{"completed_in":0.703,"max_id":887888345728143400,"max_id_str":"887888345728143361","next_results":"?max_id=887684938601873407&q=lang%3Aja%20min_retweets%3A5000&include_entities=1","query":"lang%3Aja+min_retweets%3A5000","refresh_url":"?since_id=887888345728143361&q=lang%3Aja%20min_retweets%3A5000&include_entities=1","count":15,"since_id":0,"since_id_str":"0"}}