{"statuses":[{"created_at":"Tue Jul 18 00:00:43 +0000 2017","id":887099780874350600,"id_str":"887099780874350593","text":"＼その場で当たる✨／\n@jalannetをフォロー＆リツイートで\n乃木坂46限定動画＆オリジナルグッズをプレゼント🎁(～8/31)\n\n詳細は▼\n\n#じゃらん乃木夏 #乃木坂46 #毎日挑戦\nhttps://t.co/vzP5dltYAg","truncated":false,"entities":{"hashtags":[{"text":"じゃらん乃木夏","indices":[73,81]},{"text":"乃木坂46","indices":[82,88]},{"text":"毎日挑戦","indices":[89,94]}],"symbols":[],"user_mentions":[{"screen_name":"jalannet","name":"じゃらんnet〈公式〉","id":104657420,"id_str":"104657420","indices":[11,20]}],"urls":[{"url":"https://t.co/vzP5dltYAg","expanded_url":"https://cards.twitter.com/cards/18ce53vz78s/4gzve","display_url":"cards.twitter.com/cards/18ce53vz…","indices":[95,118]}]},"metadata":{"iso_language_code":"ja","result_type":"recent"},"source":"<a href=\"http://www.hootsuite.com\" rel=\"nofollow\">Hootsuite</a>","in_reply_to_status_id":null,"in_reply_to_status_id_str":null,"in_reply_to_user_id":null,"in_reply_to_user_id_str":null,"in_reply_to_screen_name":null,"user":{"id":104657420,"id_str":"104657420","name":"じゃらんnet〈公式〉","screen_name":"jalannet","location":"tokyo","description":"#じゃらん乃木夏 キャンペーン https://t.co/ckMhbZJt9c ご利用の皆様には大変多くのご応募をいただき誠にありがとうございます。現在一部の利用者による悪質な迷惑行為が確認されております。このため応募条件を「リツイートのみ」の参加と変更させていただきます。何卒ご了承頂きますようお願い申し上げます","url":"https://t.co/KMaSJDljI7","entities":{"url":{"urls":[{"url":"https://t.co/KMaSJDljI7","expanded_url":"http://www.jalan.net/","display_url":"jalan.net","indices":[0,23]}]},"description":{"urls":[{"url":"https://t.co/ckMhbZJt9c","expanded_url":"http://ow.ly/f4F930dgMiT","display_url":"ow.ly/f4F930dgMiT","indices":[16,39]}]}},"protected":false,"followers_count":248506,"friends_count":9,"listed_count":568,"created_at":"Thu Jan 14 00:33:53 +0000 2010","favourites_count":99,"utc_offset":32400,"time_zone":"Tokyo","geo_enabled":false,"verified":true,"statuses_count":2093102,"lang":"ja","contributors_enabled":false,"is_translator":false,"is_translation_enabled":false,"profile_background_color":"000000","profile_background_image_url":"http://abs.twimg.com/images/themes/theme1/bg.png","profile_background_image_url_https":"https://abs.twimg.com/images/themes/theme1/bg.png","profile_background_tile":false,"profile_image_url":"http://pbs.twimg.com/profile_images/430525545340612608/sK5D22SC_normal.jpeg","profile_image_url_https":"https://pbs.twimg.com/profile_images/430525545340612608/sK5D22SC_normal.jpeg","profile_banner_url":"https://pbs.twimg.com/profile_banners/104657420/1499393475","profile_link_color":"1B95E0","profile_sidebar_border_color":"000000","profile_sidebar_fill_color":"000000","profile_text_color":"000000","profile_use_background_image":false,"has_extended_profile":false,"default_profile":false,"default_profile_image":false,"following":false,"follow_request_sent":false,"notifications":false,"translator_type":"none"},"geo":null,"coordinates":null,"place":null,"contributors":null,"is_quote_status":false,"retweet_count":9507,"favorite_count":836,"favorited":false,"retweeted":false,"possibly_sensitive":false,"lang":"ja"},{"created_at":"Mon Jul 17 18:07:56 +0000 2017","id":887010998556647400,"id_str":"887010998556647428","text":"ジャックちゃん　#FGO https://t.co/xWJQH89QTd","truncated":false,"entities":{"hashtags":[{"text":"FGO","indices":[8,12]}],"symbols":[],"user_mentions":[],"urls":[],"media":[{"id":887010880428232700,"id_str":"887010880428232704","indices":[13,36],"media_url":"http://pbs.twimg.com/media/DE9LsjfU0AASzAD.jpg","media_url_https":"https://pbs.twimg.com/media/DE9LsjfU0AASzAD.jpg","url":"https://t.co/xWJQH89QTd","display_url":"pic.twitter.com/xWJQH89QTd","expanded_url":"https://twitter.com/yuu_hitaki/status/887010998556647428/photo/1","type":"photo","sizes":{"small":{"w":680,"h":454,"resize":"fit"},"thumb":{"w":150,"h":150,"resize":"crop"},"large":{"w":1300,"h":867,"resize":"fit"},"medium":{"w":1200,"h":800,"resize":"fit"}}}]},"extended_entities":{"media":[{"id":887010880428232700,"id_str":"887010880428232704","indices":[13,36],"media_url":"http://pbs.twimg.com/media/DE9LsjfU0AASzAD.jpg","media_url_https":"https://pbs.twimg.com/media/DE9LsjfU0AASzAD.jpg","url":"https://t.co/xWJQH89QTd","display_url":"pic.twitter.com/xWJQH89QTd","expanded_url":"https://twitter.com/yuu_hitaki/status/887010998556647428/photo/1","type":"photo","sizes":{"small":{"w":680,"h":454,"resize":"fit"},"thumb":{"w":150,"h":150,"resize":"crop"},"large":{"w":1300,"h":867,"resize":"fit"},"medium":{"w":1200,"h":800,"resize":"fit"}}}]},"metadata":{"iso_language_code":"ja","result_type":"recent"},"source":"<a href=\"http://twitter.com\" rel=\"nofollow\">Twitter Web Client</a>","in_reply_to_status_id":null,"in_reply_to_status_id_str":null,"in_reply_to_user_id":null,"in_reply_to_user_id_str":null,"in_reply_to_screen_name":null,"user":{"id":2320743655,"id_str":"2320743655","name":"ひたきゆう@3日目 レ51b","screen_name":"yuu_hitaki","location":"東京","description":"■サークル名「ルリビタキ」●絵と3Dとおいしいもの ■ pixiv https://t.co/G21yrWkfID ■連絡先   hitakiyuu@gmail.com","url":null,"entities":{"description":{"urls":[{"url":"https://t.co/G21yrWkfID","expanded_url":"http://www.pixiv.net/member.php?id=7885007","display_url":"pixiv.net/member.php?id=…","indices":[34,57]}]}},"protected":false,"followers_count":23360,"friends_count":1087,"listed_count":629,"created_at":"Fri Jan 31 12:41:16 +0000 2014","favourites_count":9243,"utc_offset":null,"time_zone":null,"geo_enabled":false,"verified":false,"statuses_count":16173,"lang":"ja","contributors_enabled":false,"is_translator":false,"is_translation_enabled":false,"profile_background_color":"000000","profile_background_image_url":"http://abs.twimg.com/images/themes/theme1/bg.png","profile_background_image_url_https":"https://abs.twimg.com/images/themes/theme1/bg.png","profile_background_tile":false,"profile_image_url":"http://pbs.twimg.com/profile_images/826485018889314304/q1c3uczx_normal.jpg","profile_image_url_https":"https://pbs.twimg.com/profile_images/826485018889314304/q1c3uczx_normal.jpg","profile_banner_url":"https://pbs.twimg.com/profile_banners/2320743655/1478973217","profile_link_color":"ABB8C2","profile_sidebar_border_color":"000000","profile_sidebar_fill_color":"000000","profile_text_color":"000000","profile_use_background_image":false,"has_extended_profile":false,"default_profile":false,"default_profile_image":false,"following":false,"follow_request_sent":false,"notifications":false,"translator_type":"none"},"geo":null,"coordinates":null,"place":null,"contributors":null,"is_quote_status":false,"retweet_count":4978,"favorite_count":12455,"favorited":false,"retweeted":false,"possibly_sensitive":false,"lang":"ja"},{"created_at":"Mon Jul 17 15:06:33 +0000 2017","id":886965352327860200,"id_str":"886965352327860224","text":"★A3! 限定スカウト配信開始★\n限定スカウト『残夢ノ歯車。』の配信を開始しました。配信は【7/28\n13:59】まで。 #エースリー https://t.co/Z4yOLjBerr","truncated":false,"entities":{"hashtags":[{"text":"エースリー","indices":[61,67]}],"symbols":[],"user_mentions":[],"urls":[],"media":[{"id":886965343637299200,"id_str":"886965343637299200","indices":[68,91],"media_url":"http://pbs.twimg.com/media/DE8iR9uVYAAbXzv.jpg","media_url_https":"https://pbs.twimg.com/media/DE8iR9uVYAAbXzv.jpg","url":"https://t.co/Z4yOLjBerr","display_url":"pic.twitter.com/Z4yOLjBerr","expanded_url":"https://twitter.com/mankai_company/status/886965352327860224/photo/1","type":"photo","sizes":{"small":{"w":614,"h":345,"resize":"fit"},"thumb":{"w":150,"h":150,"resize":"crop"},"medium":{"w":614,"h":345,"resize":"fit"},"large":{"w":614,"h":345,"resize":"fit"}}}]},"extended_entities":{"media":[{"id":886965343637299200,"id_str":"886965343637299200","indices":[68,91],"media_url":"http://pbs.twimg.com/media/DE8iR9uVYAAbXzv.jpg","media_url_https":"https://pbs.twimg.com/media/DE8iR9uVYAAbXzv.jpg","url":"https://t.co/Z4yOLjBerr","display_url":"pic.twitter.com/Z4yOLjBerr","expanded_url":"https://twitter.com/mankai_company/status/886965352327860224/photo/1","type":"photo","sizes":{"small":{"w":614,"h":345,"resize":"fit"},"thumb":{"w":150,"h":150,"resize":"crop"},"medium":{"w":614,"h":345,"resize":"fit"},"large":{"w":614,"h":345,"resize":"fit"}}}]},"metadata":{"iso_language_code":"ja","result_type":"recent"},"source":"<a href=\"http://twitter.com/download/android\" rel=\"nofollow\">Twitter for Android</a>","in_reply_to_status_id":null,"in_reply_to_status_id_str":null,"in_reply_to_user_id":null,"in_reply_to_user_id_str":null,"in_reply_to_screen_name":null,"user":{"id":768448988626333700,"id_str":"768448988626333697","name":"【公式】A3!（エースリー）","screen_name":"mankai_company","location":"","description":"１月２７日（金）配信スタート！イケメン役者育成アプリ『A3!』公式Twitterアカウントです。 ハッシュタグは #エースリー アプリに関するお問合せは、アプリ内「サポート」または公式HP内のお問合せフォームよりお願いいたします。","url":"https://t.co/BVvtqOsoYc","entities":{"url":{"urls":[{"url":"https://t.co/BVvtqOsoYc","expanded_url":"http://www.a3-liber.jp/","display_url":"a3-liber.jp","indices":[0,23]}]},"description":{"urls":[]}},"protected":false,"followers_count":303232,"friends_count":54,"listed_count":2698,"created_at":"Wed Aug 24 14:04:50 +0000 2016","favourites_count":0,"utc_offset":-25200,"time_zone":"Pacific Time (US & Canada)","geo_enabled":false,"verified":true,"statuses_count":806,"lang":"ja","contributors_enabled":false,"is_translator":false,"is_translation_enabled":false,"profile_background_color":"000000","profile_background_image_url":"http://abs.twimg.com/images/themes/theme1/bg.png","profile_background_image_url_https":"https://abs.twimg.com/images/themes/theme1/bg.png","profile_background_tile":false,"profile_image_url":"http://pbs.twimg.com/profile_images/848187532135153664/VeXZsEYh_normal.jpg","profile_image_url_https":"https://pbs.twimg.com/profile_images/848187532135153664/VeXZsEYh_normal.jpg","profile_banner_url":"https://pbs.twimg.com/profile_banners/768448988626333697/1476954146","profile_link_color":"1B95E0","profile_sidebar_border_color":"000000","profile_sidebar_fill_color":"000000","profile_text_color":"000000","profile_use_background_image":false,"has_extended_profile":false,"default_profile":false,"default_profile_image":false,"following":false,"follow_request_sent":false,"notifications":false,"translator_type":"none"},"geo":null,"coordinates":null,"place":null,"contributors":null,"is_quote_status":false,"retweet_count":7696,"favorite_count":14331,"favorited":false,"retweeted":false,"possibly_sensitive":false,"lang":"ja"},{"created_at":"Mon Jul 17 15:01:49 +0000 2017","id":886964159639765000,"id_str":"886964159639764995","text":"未来のロックスター！\n #大神晃牙生誕祭2017 https://t.co/lF6zFq4yAT","truncated":false,"entities":{"hashtags":[{"text":"大神晃牙生誕祭2017","indices":[12,24]}],"symbols":[],"user_mentions":[],"urls":[],"media":[{"id":886964148399030300,"id_str":"886964148399030278","indices":[25,48],"media_url":"http://pbs.twimg.com/media/DE8hMZHUwAYCy4j.jpg","media_url_https":"https://pbs.twimg.com/media/DE8hMZHUwAYCy4j.jpg","url":"https://t.co/lF6zFq4yAT","display_url":"pic.twitter.com/lF6zFq4yAT","expanded_url":"https://twitter.com/myoiiiinn/status/886964159639764995/photo/1","type":"photo","sizes":{"large":{"w":971,"h":2048,"resize":"fit"},"medium":{"w":569,"h":1200,"resize":"fit"},"small":{"w":322,"h":680,"resize":"fit"},"thumb":{"w":150,"h":150,"resize":"crop"}}}]},"extended_entities":{"media":[{"id":886964148399030300,"id_str":"886964148399030278","indices":[25,48],"media_url":"http://pbs.twimg.com/media/DE8hMZHUwAYCy4j.jpg","media_url_https":"https://pbs.twimg.com/media/DE8hMZHUwAYCy4j.jpg","url":"https://t.co/lF6zFq4yAT","display_url":"pic.twitter.com/lF6zFq4yAT","expanded_url":"https://twitter.com/myoiiiinn/status/886964159639764995/photo/1","type":"photo","sizes":{"large":{"w":971,"h":2048,"resize":"fit"},"medium":{"w":569,"h":1200,"resize":"fit"},"small":{"w":322,"h":680,"resize":"fit"},"thumb":{"w":150,"h":150,"resize":"crop"}}}]},"metadata":{"iso_language_code":"ja","result_type":"recent"},"source":"<a href=\"http://twitter.com/download/iphone\" rel=\"nofollow\">Twitter for iPhone</a>","in_reply_to_status_id":null,"in_reply_to_status_id_str":null,"in_reply_to_user_id":null,"in_reply_to_user_id_str":null,"in_reply_to_screen_name":null,"user":{"id":755655389186777100,"id_str":"755655389186777088","name":"ⓜasyu","screen_name":"myoiiiinn","location":"","description":"ツイッタ出戻りしました！またよろしくお願いします！","url":null,"entities":{"description":{"urls":[]}},"protected":false,"followers_count":615,"friends_count":58,"listed_count":12,"created_at":"Wed Jul 20 06:47:39 +0000 2016","favourites_count":985,"utc_offset":null,"time_zone":null,"geo_enabled":true,"verified":false,"statuses_count":1344,"lang":"ja","contributors_enabled":false,"is_translator":false,"is_translation_enabled":false,"profile_background_color":"F5F8FA","profile_background_image_url":null,"profile_background_image_url_https":null,"profile_background_tile":false,"profile_image_url":"http://pbs.twimg.com/profile_images/875032073039261696/wDiAowiD_normal.jpg","profile_image_url_https":"https://pbs.twimg.com/profile_images/875032073039261696/wDiAowiD_normal.jpg","profile_banner_url":"https://pbs.twimg.com/profile_banners/755655389186777088/1493647772","profile_link_color":"1DA1F2","profile_sidebar_border_color":"C0DEED","profile_sidebar_fill_color":"DDEEF6","profile_text_color":"333333","profile_use_background_image":true,"has_extended_profile":true,"default_profile":true,"default_profile_image":false,"following":false,"follow_request_sent":false,"notifications":false,"translator_type":"none"},"geo":null,"coordinates":null,"place":null,"contributors":null,"is_quote_status":false,"retweet_count":5483,"favorite_count":12814,"favorited":false,"retweeted":false,"possibly_sensitive":false,"lang":"ja"},{"created_at":"Mon Jul 17 15:00:06 +0000 2017","id":886963728402358300,"id_str":"886963728402358278","text":"【誕生日のお知らせ】本日は大神晃牙の誕生日です！\n限定ログインボーナスとしてダイヤ15個プレゼントの他、限定プロデュースコースで、ボイスや衣装なども獲得できます！詳細はアプリ内のお知らせをご覧ください♪ #大神晃牙生誕祭2017 https://t.co/WmtH4EPaGz","truncated":false,"entities":{"hashtags":[{"text":"大神晃牙生誕祭2017","indices":[102,114]}],"symbols":[],"user_mentions":[],"urls":[],"media":[{"id":885849743254892500,"id_str":"885849743254892544","indices":[115,138],"media_url":"http://pbs.twimg.com/media/DEsrpecUMAAoYBy.jpg","media_url_https":"https://pbs.twimg.com/media/DEsrpecUMAAoYBy.jpg","url":"https://t.co/WmtH4EPaGz","display_url":"pic.twitter.com/WmtH4EPaGz","expanded_url":"https://twitter.com/ensemble_stars/status/886963728402358278/photo/1","type":"photo","sizes":{"medium":{"w":700,"h":300,"resize":"fit"},"thumb":{"w":150,"h":150,"resize":"crop"},"large":{"w":700,"h":300,"resize":"fit"},"small":{"w":680,"h":291,"resize":"fit"}}}]},"extended_entities":{"media":[{"id":885849743254892500,"id_str":"885849743254892544","indices":[115,138],"media_url":"http://pbs.twimg.com/media/DEsrpecUMAAoYBy.jpg","media_url_https":"https://pbs.twimg.com/media/DEsrpecUMAAoYBy.jpg","url":"https://t.co/WmtH4EPaGz","display_url":"pic.twitter.com/WmtH4EPaGz","expanded_url":"https://twitter.com/ensemble_stars/status/886963728402358278/photo/1","type":"photo","sizes":{"medium":{"w":700,"h":300,"resize":"fit"},"thumb":{"w":150,"h":150,"resize":"crop"},"large":{"w":700,"h":300,"resize":"fit"},"small":{"w":680,"h":291,"resize":"fit"}}}]},"metadata":{"iso_language_code":"ja","result_type":"recent"},"source":"<a href=\"https://ads.twitter.com\" rel=\"nofollow\">Twitter Ads</a>","in_reply_to_status_id":null,"in_reply_to_status_id_str":null,"in_reply_to_user_id":null,"in_reply_to_user_id_str":null,"in_reply_to_screen_name":null,"user":{"id":2848709654,"id_str":"2848709654","name":"【公式】あんさんぶるスターズ！","screen_name":"ensemble_stars","location":"夢ノ咲学院","description":"アイドルプロデュースゲーム『あんさんぶるスターズ！』の広報アカウントです。 新情報はこちらでつぶやいていきます！ハッシュタグは #あんスタ   アプリ内からお問い合わせができない方は support_stars@happyelements.co.jp へお問い合わせください。","url":"http://t.co/wT23pxiZ2A","entities":{"url":{"urls":[{"url":"http://t.co/wT23pxiZ2A","expanded_url":"http://stars.happyelements.co.jp","display_url":"stars.happyelements.co.jp","indices":[0,22]}]},"description":{"urls":[]}},"protected":false,"followers_count":565522,"friends_count":72,"listed_count":6905,"created_at":"Thu Oct 09 11:00:20 +0000 2014","favourites_count":0,"utc_offset":32400,"time_zone":"Tokyo","geo_enabled":false,"verified":true,"statuses_count":1653,"lang":"ja","contributors_enabled":false,"is_translator":false,"is_translation_enabled":false,"profile_background_color":"C0DEED","profile_background_image_url":"http://abs.twimg.com/images/themes/theme1/bg.png","profile_background_image_url_https":"https://abs.twimg.com/images/themes/theme1/bg.png","profile_background_tile":false,"profile_image_url":"http://pbs.twimg.com/profile_images/530523972790534144/d_bj9XQS_normal.png","profile_image_url_https":"https://pbs.twimg.com/profile_images/530523972790534144/d_bj9XQS_normal.png","profile_banner_url":"https://pbs.twimg.com/profile_banners/2848709654/1497588269","profile_link_color":"1DA1F2","profile_sidebar_border_color":"C0DEED","profile_sidebar_fill_color":"DDEEF6","profile_text_color":"333333","profile_use_background_image":true,"has_extended_profile":false,"default_profile":true,"default_profile_image":false,"following":false,"follow_request_sent":false,"notifications":false,"translator_type":"none"},"geo":null,"coordinates":null,"place":null,"contributors":null,"is_quote_status":false,"retweet_count":13487,"favorite_count":18122,"favorited":false,"retweeted":false,"possibly_sensitive":false,"lang":"ja"},{"created_at":"Mon Jul 17 14:21:44 +0000 2017","id":886954073395675100,"id_str":"886954073395675136","text":"今夜は餃子にしたのですがいつもの焼き方をやめて土井善晴先生の「温める前のフライパンに餃子を並べ沸騰したお湯を入れてから火をつけて蓋して蒸し焼き、皮が透き通ったら蓋をあけて水分を飛ばす」を試したら自分史上もっともパリッと焼き上がったので今後はこの焼き方にするし土井先生に一生ついてく","truncated":false,"entities":{"hashtags":[],"symbols":[],"user_mentions":[],"urls":[]},"metadata":{"iso_language_code":"ja","result_type":"recent"},"source":"<a href=\"http://tweetlogix.com\" rel=\"nofollow\">Tweetlogix</a>","in_reply_to_status_id":null,"in_reply_to_status_id_str":null,"in_reply_to_user_id":null,"in_reply_to_user_id_str":null,"in_reply_to_screen_name":null,"user":{"id":8600642,"id_str":"8600642","name":"はせおやさい(GORGE.IN)-3.0","screen_name":"hase0831","location":"Tokyo.","description":"OLです🌏 / サイボウズ式連載中 https://t.co/K2DGXlj4GF / 著書「ブログにためになることなんて書かなくていい」 https://t.co/lNfOrwinhb / GORGE.IN https://t.co/QLf42WAaT6 CBO(Chief Blog Officer)です","url":"https://t.co/kbD8Dlh7Os","entities":{"url":{"urls":[{"url":"https://t.co/kbD8Dlh7Os","expanded_url":"http://hase0831.hatenablog.jp/","display_url":"hase0831.hatenablog.jp","indices":[0,23]}]},"description":{"urls":[{"url":"https://t.co/K2DGXlj4GF","expanded_url":"http://cybozushiki.cybozu.co.jp","display_url":"cybozushiki.cybozu.co.jp","indices":[18,41]},{"url":"https://t.co/lNfOrwinhb","expanded_url":"http://goo.gl/mFJuIC","display_url":"goo.gl/mFJuIC","indices":[70,93]},{"url":"https://t.co/QLf42WAaT6","expanded_url":"http://gorge.in/","display_url":"gorge.in","indices":[105,128]}]}},"protected":false,"followers_count":5625,"friends_count":1428,"listed_count":203,"created_at":"Sun Sep 02 04:15:56 +0000 2007","favourites_count":12662,"utc_offset":32400,"time_zone":"Tokyo","geo_enabled":true,"verified":false,"statuses_count":188969,"lang":"ja","contributors_enabled":false,"is_translator":false,"is_translation_enabled":false,"profile_background_color":"000000","profile_background_image_url":"http://abs.twimg.com/images/themes/theme14/bg.gif","profile_background_image_url_https":"https://abs.twimg.com/images/themes/theme14/bg.gif","profile_background_tile":false,"profile_image_url":"http://pbs.twimg.com/profile_images/555649825882910720/Lo3FDxwd_normal.jpeg","profile_image_url_https":"https://pbs.twimg.com/profile_images/555649825882910720/Lo3FDxwd_normal.jpeg","profile_banner_url":"https://pbs.twimg.com/profile_banners/8600642/1424570101","profile_link_color":"000099","profile_sidebar_border_color":"000000","profile_sidebar_fill_color":"000000","profile_text_color":"000000","profile_use_background_image":false,"has_extended_profile":true,"default_profile":false,"default_profile_image":false,"following":false,"follow_request_sent":false,"notifications":false,"translator_type":"none"},"geo":null,"coordinates":null,"place":null,"contributors":null,"is_quote_status":false,"retweet_count":11470,"favorite_count":27814,"favorited":false,"retweeted":false,"lang":"ja"},{"created_at":"Mon Jul 17 13:38:15 +0000 2017","id":886943131278516200,"id_str":"886943131278516224","text":"カルデアってちょっと肌寒そう https://t.co/dIeSBQ5bQo","truncated":false,"entities":{"hashtags":[],"symbols":[],"user_mentions":[],"urls":[],"media":[{"id":886943055563038700,"id_str":"886943055563038720","indices":[15,38],"media_url":"http://pbs.twimg.com/media/DE8OAoLVoAAkfFf.jpg","media_url_https":"https://pbs.twimg.com/media/DE8OAoLVoAAkfFf.jpg","url":"https://t.co/dIeSBQ5bQo","display_url":"pic.twitter.com/dIeSBQ5bQo","expanded_url":"https://twitter.com/hamitamako/status/886943131278516224/photo/1","type":"photo","sizes":{"small":{"w":485,"h":680,"resize":"fit"},"large":{"w":637,"h":893,"resize":"fit"},"thumb":{"w":150,"h":150,"resize":"crop"},"medium":{"w":637,"h":893,"resize":"fit"}}}]},"extended_entities":{"media":[{"id":886943055563038700,"id_str":"886943055563038720","indices":[15,38],"media_url":"http://pbs.twimg.com/media/DE8OAoLVoAAkfFf.jpg","media_url_https":"https://pbs.twimg.com/media/DE8OAoLVoAAkfFf.jpg","url":"https://t.co/dIeSBQ5bQo","display_url":"pic.twitter.com/dIeSBQ5bQo","expanded_url":"https://twitter.com/hamitamako/status/886943131278516224/photo/1","type":"photo","sizes":{"small":{"w":485,"h":680,"resize":"fit"},"large":{"w":637,"h":893,"resize":"fit"},"thumb":{"w":150,"h":150,"resize":"crop"},"medium":{"w":637,"h":893,"resize":"fit"}}},{"id":886943085896151000,"id_str":"886943085896151040","indices":[15,38],"media_url":"http://pbs.twimg.com/media/DE8OCZLUMAAbhX2.jpg","media_url_https":"https://pbs.twimg.com/media/DE8OCZLUMAAbhX2.jpg","url":"https://t.co/dIeSBQ5bQo","display_url":"pic.twitter.com/dIeSBQ5bQo","expanded_url":"https://twitter.com/hamitamako/status/886943131278516224/photo/1","type":"photo","sizes":{"small":{"w":485,"h":680,"resize":"fit"},"large":{"w":637,"h":893,"resize":"fit"},"medium":{"w":637,"h":893,"resize":"fit"},"thumb":{"w":150,"h":150,"resize":"crop"}}}]},"metadata":{"iso_language_code":"ja","result_type":"recent"},"source":"<a href=\"http://twitter.com\" rel=\"nofollow\">Twitter Web Client</a>","in_reply_to_status_id":null,"in_reply_to_status_id_str":null,"in_reply_to_user_id":null,"in_reply_to_user_id_str":null,"in_reply_to_screen_name":null,"user":{"id":843500046435803100,"id_str":"843500046435803136","name":"ハミたま子","screen_name":"hamitamako","location":"","description":"FGO   普通にネタバレもポロリします 成人雑種","url":null,"entities":{"description":{"urls":[]}},"protected":false,"followers_count":3502,"friends_count":15,"listed_count":62,"created_at":"Sun Mar 19 16:30:57 +0000 2017","favourites_count":178,"utc_offset":null,"time_zone":null,"geo_enabled":false,"verified":false,"statuses_count":898,"lang":"ja","contributors_enabled":false,"is_translator":false,"is_translation_enabled":false,"profile_background_color":"F5F8FA","profile_background_image_url":null,"profile_background_image_url_https":null,"profile_background_tile":false,"profile_image_url":"http://abs.twimg.com/sticky/default_profile_images/default_profile_normal.png","profile_image_url_https":"https://abs.twimg.com/sticky/default_profile_images/default_profile_normal.png","profile_link_color":"1DA1F2","profile_sidebar_border_color":"C0DEED","profile_sidebar_fill_color":"DDEEF6","profile_text_color":"333333","profile_use_background_image":true,"has_extended_profile":false,"default_profile":true,"default_profile_image":true,"following":false,"follow_request_sent":false,"notifications":false,"translator_type":"none"},"geo":null,"coordinates":null,"place":null,"contributors":null,"is_quote_status":false,"retweet_count":7738,"favorite_count":15115,"favorited":false,"retweeted":false,"possibly_sensitive":false,"lang":"ja"},{"created_at":"Mon Jul 17 13:33:51 +0000 2017","id":886942024716304400,"id_str":"886942024716304386","text":"【ネタバレ注意】千秋楽も終えたということで、FGO6章舞台レポ！めちゃくちゃ最高でした。すべての関係者にありがとう… https://t.co/oQNYo301fV","truncated":false,"entities":{"hashtags":[],"symbols":[],"user_mentions":[],"urls":[],"media":[{"id":886941550491480000,"id_str":"886941550491480064","indices":[59,82],"media_url":"http://pbs.twimg.com/media/DE8MpBWUMAAjd1Q.jpg","media_url_https":"https://pbs.twimg.com/media/DE8MpBWUMAAjd1Q.jpg","url":"https://t.co/oQNYo301fV","display_url":"pic.twitter.com/oQNYo301fV","expanded_url":"https://twitter.com/e_ma_ru/status/886942024716304386/photo/1","type":"photo","sizes":{"large":{"w":1364,"h":2048,"resize":"fit"},"thumb":{"w":150,"h":150,"resize":"crop"},"small":{"w":453,"h":680,"resize":"fit"},"medium":{"w":799,"h":1200,"resize":"fit"}}}]},"extended_entities":{"media":[{"id":886941550491480000,"id_str":"886941550491480064","indices":[59,82],"media_url":"http://pbs.twimg.com/media/DE8MpBWUMAAjd1Q.jpg","media_url_https":"https://pbs.twimg.com/media/DE8MpBWUMAAjd1Q.jpg","url":"https://t.co/oQNYo301fV","display_url":"pic.twitter.com/oQNYo301fV","expanded_url":"https://twitter.com/e_ma_ru/status/886942024716304386/photo/1","type":"photo","sizes":{"large":{"w":1364,"h":2048,"resize":"fit"},"thumb":{"w":150,"h":150,"resize":"crop"},"small":{"w":453,"h":680,"resize":"fit"},"medium":{"w":799,"h":1200,"resize":"fit"}}},{"id":886941589838241800,"id_str":"886941589838241792","indices":[59,82],"media_url":"http://pbs.twimg.com/media/DE8MrT7UIAAkW87.jpg","media_url_https":"https://pbs.twimg.com/media/DE8MrT7UIAAkW87.jpg","url":"https://t.co/oQNYo301fV","display_url":"pic.twitter.com/oQNYo301fV","expanded_url":"https://twitter.com/e_ma_ru/status/886942024716304386/photo/1","type":"photo","sizes":{"large":{"w":1351,"h":2048,"resize":"fit"},"medium":{"w":792,"h":1200,"resize":"fit"},"small":{"w":449,"h":680,"resize":"fit"},"thumb":{"w":150,"h":150,"resize":"crop"}}},{"id":886941629784838100,"id_str":"886941629784838144","indices":[59,82],"media_url":"http://pbs.twimg.com/media/DE8MtovU0AAL6-J.jpg","media_url_https":"https://pbs.twimg.com/media/DE8MtovU0AAL6-J.jpg","url":"https://t.co/oQNYo301fV","display_url":"pic.twitter.com/oQNYo301fV","expanded_url":"https://twitter.com/e_ma_ru/status/886942024716304386/photo/1","type":"photo","sizes":{"medium":{"w":792,"h":1200,"resize":"fit"},"small":{"w":449,"h":680,"resize":"fit"},"large":{"w":1351,"h":2048,"resize":"fit"},"thumb":{"w":150,"h":150,"resize":"crop"}}},{"id":886941673376202800,"id_str":"886941673376202752","indices":[59,82],"media_url":"http://pbs.twimg.com/media/DE8MwLIUQAAY2jV.jpg","media_url_https":"https://pbs.twimg.com/media/DE8MwLIUQAAY2jV.jpg","url":"https://t.co/oQNYo301fV","display_url":"pic.twitter.com/oQNYo301fV","expanded_url":"https://twitter.com/e_ma_ru/status/886942024716304386/photo/1","type":"photo","sizes":{"medium":{"w":792,"h":1200,"resize":"fit"},"small":{"w":449,"h":680,"resize":"fit"},"large":{"w":1351,"h":2048,"resize":"fit"},"thumb":{"w":150,"h":150,"resize":"crop"}}}]},"metadata":{"iso_language_code":"ja","result_type":"recent"},"source":"<a href=\"https://about.twitter.com/products/tweetdeck\" rel=\"nofollow\">TweetDeck</a>","in_reply_to_status_id":null,"in_reply_to_status_id_str":null,"in_reply_to_user_id":null,"in_reply_to_user_id_str":null,"in_reply_to_screen_name":null,"user":{"id":828221501534986200,"id_str":"828221501534986240","name":"emaru","screen_name":"e_ma_ru","location":"","description":"成人済腐/ラシュオジ芸人","url":null,"entities":{"description":{"urls":[]}},"protected":false,"followers_count":5364,"friends_count":50,"listed_count":84,"created_at":"Sun Feb 05 12:39:28 +0000 2017","favourites_count":2410,"utc_offset":null,"time_zone":null,"geo_enabled":false,"verified":false,"statuses_count":1677,"lang":"ja","contributors_enabled":false,"is_translator":false,"is_translation_enabled":false,"profile_background_color":"F5F8FA","profile_background_image_url":null,"profile_background_image_url_https":null,"profile_background_tile":false,"profile_image_url":"http://pbs.twimg.com/profile_images/886441819415879680/7pzIv3Uj_normal.png","profile_image_url_https":"https://pbs.twimg.com/profile_images/886441819415879680/7pzIv3Uj_normal.png","profile_banner_url":"https://pbs.twimg.com/profile_banners/828221501534986240/1494942331","profile_link_color":"1DA1F2","profile_sidebar_border_color":"C0DEED","profile_sidebar_fill_color":"DDEEF6","profile_text_color":"333333","profile_use_background_image":true,"has_extended_profile":true,"default_profile":true,"default_profile_image":false,"following":false,"follow_request_sent":false,"notifications":false,"translator_type":"none"},"geo":null,"coordinates":null,"place":null,"contributors":null,"is_quote_status":false,"retweet_count":5870,"favorite_count":11116,"favorited":false,"retweeted":false,"possibly_sensitive":false,"lang":"ja"},{"created_at":"Mon Jul 17 13:24:12 +0000 2017","id":886939593802620900,"id_str":"886939593802620932","text":"あと6分後に西島隆弘初監督作品の予告編公開！\n「OK? 〜君に贈る24時間〜」Music Short Film\n\n皆さん準備はOK?\n\nhttps://t.co/GaVSL4487C\n※22:30よりご覧いただけます\n\n#OK?\n#Nissy\n#西島隆弘\n#愛tears\n#MSF","truncated":false,"entities":{"hashtags":[{"text":"OK","indices":[110,113]},{"text":"Nissy","indices":[115,121]},{"text":"西島隆弘","indices":[122,127]},{"text":"愛tears","indices":[128,135]},{"text":"MSF","indices":[136,140]}],"symbols":[],"user_mentions":[],"urls":[{"url":"https://t.co/GaVSL4487C","expanded_url":"https://www.youtube.com/watch?v=nm-WCeiNqWs","display_url":"youtube.com/watch?v=nm-WCe…","indices":[68,91]}]},"metadata":{"iso_language_code":"ja","result_type":"recent"},"source":"<a href=\"http://twitter.com/download/iphone\" rel=\"nofollow\">Twitter for iPhone</a>","in_reply_to_status_id":null,"in_reply_to_status_id_str":null,"in_reply_to_user_id":null,"in_reply_to_user_id_str":null,"in_reply_to_screen_name":null,"user":{"id":3180211088,"id_str":"3180211088","name":"Nissy_staff","screen_name":"NissyStaff","location":"","description":"Nissy(西島隆弘)のSTAFF Twitterです。","url":null,"entities":{"description":{"urls":[]}},"protected":false,"followers_count":262013,"friends_count":0,"listed_count":1654,"created_at":"Thu Apr 30 04:50:28 +0000 2015","favourites_count":1148,"utc_offset":null,"time_zone":null,"geo_enabled":true,"verified":false,"statuses_count":249,"lang":"ja","contributors_enabled":false,"is_translator":false,"is_translation_enabled":false,"profile_background_color":"C0DEED","profile_background_image_url":"http://abs.twimg.com/images/themes/theme1/bg.png","profile_background_image_url_https":"https://abs.twimg.com/images/themes/theme1/bg.png","profile_background_tile":false,"profile_image_url":"http://pbs.twimg.com/profile_images/593639633235251201/wySGl321_normal.jpg","profile_image_url_https":"https://pbs.twimg.com/profile_images/593639633235251201/wySGl321_normal.jpg","profile_banner_url":"https://pbs.twimg.com/profile_banners/3180211088/1430369692","profile_link_color":"1DA1F2","profile_sidebar_border_color":"C0DEED","profile_sidebar_fill_color":"DDEEF6","profile_text_color":"333333","profile_use_background_image":true,"has_extended_profile":false,"default_profile":true,"default_profile_image":false,"following":false,"follow_request_sent":false,"notifications":false,"translator_type":"none"},"geo":null,"coordinates":null,"place":null,"contributors":null,"is_quote_status":false,"retweet_count":9729,"favorite_count":29301,"favorited":false,"retweeted":false,"possibly_sensitive":false,"lang":"ja"},{"created_at":"Mon Jul 17 13:23:33 +0000 2017","id":886939429759197200,"id_str":"886939429759197184","text":"コード・ブルー3rdシーズンの初回放送、無事終了しました❗️\nご覧頂きましてありがとうございました🙇\nご感想ぜひHPにお寄せください😊\n第2話は15分拡大スペシャル。\nお楽しみに✨\n\n#コード・ブルー #フジテレビ\n#山下智久… https://t.co/QwsAWvwDIV","truncated":true,"entities":{"hashtags":[{"text":"コード・ブルー","indices":[92,100]},{"text":"フジテレビ","indices":[101,107]},{"text":"山下智久","indices":[108,113]}],"symbols":[],"user_mentions":[],"urls":[{"url":"https://t.co/QwsAWvwDIV","expanded_url":"https://twitter.com/i/web/status/886939429759197184","display_url":"twitter.com/i/web/status/8…","indices":[115,138]}]},"metadata":{"iso_language_code":"ja","result_type":"recent"},"source":"<a href=\"http://twitter.com/download/iphone\" rel=\"nofollow\">Twitter for iPhone</a>","in_reply_to_status_id":null,"in_reply_to_status_id_str":null,"in_reply_to_user_id":null,"in_reply_to_user_id_str":null,"in_reply_to_screen_name":null,"user":{"id":840015311998931000,"id_str":"840015311998930944","name":"【公式】『コード・ブルー』","screen_name":"code_blue2017","location":"","description":"フジテレビ7月スタートの月9ドラマ『コード・ブルー』の公式Twitter。第2話は7/24(月)21時〜放送、 15分拡大スペシャル✨よろしくお願いします！https://t.co/9XqrZ4TDkn","url":null,"entities":{"description":{"urls":[{"url":"https://t.co/9XqrZ4TDkn","expanded_url":"http://www.fujitv.co.jp/codeblue/","display_url":"fujitv.co.jp/codeblue/","indices":[78,101]}]}},"protected":false,"followers_count":170470,"friends_count":8,"listed_count":304,"created_at":"Fri Mar 10 01:43:51 +0000 2017","favourites_count":144,"utc_offset":null,"time_zone":null,"geo_enabled":false,"verified":true,"statuses_count":144,"lang":"ja","contributors_enabled":false,"is_translator":false,"is_translation_enabled":false,"profile_background_color":"000000","profile_background_image_url":"http://abs.twimg.com/images/themes/theme1/bg.png","profile_background_image_url_https":"https://abs.twimg.com/images/themes/theme1/bg.png","profile_background_tile":false,"profile_image_url":"http://pbs.twimg.com/profile_images/879354750755459072/5SnpOl1N_normal.jpg","profile_image_url_https":"https://pbs.twimg.com/profile_images/879354750755459072/5SnpOl1N_normal.jpg","profile_banner_url":"https://pbs.twimg.com/profile_banners/840015311998930944/1489137189","profile_link_color":"1B95E0","profile_sidebar_border_color":"000000","profile_sidebar_fill_color":"000000","profile_text_color":"000000","profile_use_background_image":false,"has_extended_profile":false,"default_profile":false,"default_profile_image":false,"following":false,"follow_request_sent":false,"notifications":false,"translator_type":"none"},"geo":null,"coordinates":null,"place":null,"contributors":null,"is_quote_status":false,"retweet_count":8441,"favorite_count":27875,"favorited":false,"retweeted":false,"possibly_sensitive":false,"lang":"ja"},{"created_at":"Mon Jul 17 13:15:20 +0000 2017","id":886937362520985600,"id_str":"886937362520985600","text":"浴衣好き 全然着る機会ないけど。。祭り行きたいよ〜 https://t.co/4cvD0JLfaY","truncated":false,"entities":{"hashtags":[],"symbols":[],"user_mentions":[],"urls":[],"media":[{"id":886937343847915500,"id_str":"886937343847915520","indices":[26,49],"media_url":"http://pbs.twimg.com/media/DE8I0KYVYAAxhex.jpg","media_url_https":"https://pbs.twimg.com/media/DE8I0KYVYAAxhex.jpg","url":"https://t.co/4cvD0JLfaY","display_url":"pic.twitter.com/4cvD0JLfaY","expanded_url":"https://twitter.com/sakatandao/status/886937362520985600/photo/1","type":"photo","sizes":{"medium":{"w":675,"h":1200,"resize":"fit"},"small":{"w":383,"h":680,"resize":"fit"},"thumb":{"w":150,"h":150,"resize":"crop"},"large":{"w":1152,"h":2048,"resize":"fit"}}}]},"extended_entities":{"media":[{"id":886937343847915500,"id_str":"886937343847915520","indices":[26,49],"media_url":"http://pbs.twimg.com/media/DE8I0KYVYAAxhex.jpg","media_url_https":"https://pbs.twimg.com/media/DE8I0KYVYAAxhex.jpg","url":"https://t.co/4cvD0JLfaY","display_url":"pic.twitter.com/4cvD0JLfaY","expanded_url":"https://twitter.com/sakatandao/status/886937362520985600/photo/1","type":"photo","sizes":{"medium":{"w":675,"h":1200,"resize":"fit"},"small":{"w":383,"h":680,"resize":"fit"},"thumb":{"w":150,"h":150,"resize":"crop"},"large":{"w":1152,"h":2048,"resize":"fit"}}}]},"metadata":{"iso_language_code":"ja","result_type":"recent"},"source":"<a href=\"http://twitter.com/download/iphone\" rel=\"nofollow\">Twitter for iPhone</a>","in_reply_to_status_id":null,"in_reply_to_status_id_str":null,"in_reply_to_user_id":null,"in_reply_to_user_id_str":null,"in_reply_to_screen_name":null,"user":{"id":108223197,"id_str":"108223197","name":"となりの坂田。@浦島坂田船","screen_name":"sakatandao","location":"企画はこちらへsakata_info@yahoo.co.jp","description":"あほの坂田、となりの坂田という二つの名前でネット中心に活動してます。ラインでも色々お知らせしてるよ検索してみて👉《@ lgz4390q》 youtubeもやってるので気軽に登録してね！👉《https://t.co/9FPxmKmiXF》","url":"https://t.co/XxJSl8kHga","entities":{"url":{"urls":[{"url":"https://t.co/XxJSl8kHga","expanded_url":"http://com.nicovideo.jp/community/co15480","display_url":"com.nicovideo.jp/community/co15…","indices":[0,23]}]},"description":{"urls":[{"url":"https://t.co/9FPxmKmiXF","expanded_url":"https://m.youtube.com/channel/UCvOX0NWMvYrgSV15vuxV4Pg","display_url":"m.youtube.com/channel/UCvOX0…","indices":[94,117]}]}},"protected":false,"followers_count":408652,"friends_count":1176,"listed_count":6970,"created_at":"Mon Jan 25 07:18:05 +0000 2010","favourites_count":4502,"utc_offset":-25200,"time_zone":"Pacific Time (US & Canada)","geo_enabled":false,"verified":true,"statuses_count":1523,"lang":"ja","contributors_enabled":false,"is_translator":false,"is_translation_enabled":false,"profile_background_color":"C0DEED","profile_background_image_url":"http://pbs.twimg.com/profile_background_images/136408029/____________.jpg","profile_background_image_url_https":"https://pbs.twimg.com/profile_background_images/136408029/____________.jpg","profile_background_tile":false,"profile_image_url":"http://pbs.twimg.com/profile_images/853961833744547842/ypUnwuNe_normal.jpg","profile_image_url_https":"https://pbs.twimg.com/profile_images/853961833744547842/ypUnwuNe_normal.jpg","profile_banner_url":"https://pbs.twimg.com/profile_banners/108223197/1420547626","profile_link_color":"E81C4F","profile_sidebar_border_color":"C1C9EB","profile_sidebar_fill_color":"DDEEF6","profile_text_color":"333333","profile_use_background_image":true,"has_extended_profile":true,"default_profile":false,"default_profile_image":false,"following":false,"follow_request_sent":false,"notifications":false,"translator_type":"none"},"geo":null,"coordinates":null,"place":null,"contributors":null,"is_quote_status":false,"retweet_count":5599,"favorite_count":25654,"favorited":false,"retweeted":false,"possibly_sensitive":false,"lang":"ja"},{"created_at":"Mon Jul 17 13:05:11 +0000 2017","id":886934808529477600,"id_str":"886934808529477632","text":"スタプラ大宮終わり！めちゃくちゃ気持ちよく歌えました！楽しかった\n二年ぶりのスタプラでしたが変わらずたくさんの人に来ていただけて嬉しかったです( ＾ω＾)今日すごくよかったので神戸公演来てくださる方も楽しみにしてて〜 写真はあまち… https://t.co/6p0zIs1nEB","truncated":true,"entities":{"hashtags":[],"symbols":[],"user_mentions":[],"urls":[{"url":"https://t.co/6p0zIs1nEB","expanded_url":"https://twitter.com/i/web/status/886934808529477632","display_url":"twitter.com/i/web/status/8…","indices":[117,140]}]},"metadata":{"iso_language_code":"ja","result_type":"recent"},"source":"<a href=\"http://twitter.com/download/iphone\" rel=\"nofollow\">Twitter for iPhone</a>","in_reply_to_status_id":null,"in_reply_to_status_id_str":null,"in_reply_to_user_id":null,"in_reply_to_user_id_str":null,"in_reply_to_screen_name":null,"user":{"id":53949113,"id_str":"53949113","name":"そらる@CD出るよ","screen_name":"soraruru","location":"イスの上","description":"歌うのが好きです。なにかあれば（soraru_nico@yahoo.co.jp） 「After the Rain」 歌 / ミックス ★HP（https://t.co/DXerRbidZD） ★youtube（https://t.co/BPyoT0WpgD） ★インフォ （@soraru_info）","url":"https://t.co/DXerRbidZD","entities":{"url":{"urls":[{"url":"https://t.co/DXerRbidZD","expanded_url":"http://soraruru.jp/","display_url":"soraruru.jp","indices":[0,23]}]},"description":{"urls":[{"url":"https://t.co/DXerRbidZD","expanded_url":"http://soraruru.jp/","display_url":"soraruru.jp","indices":[71,94]},{"url":"https://t.co/BPyoT0WpgD","expanded_url":"https://www.youtube.com/user/soraruYT","display_url":"youtube.com/user/soraruYT","indices":[105,128]}]}},"protected":false,"followers_count":812690,"friends_count":490,"listed_count":11503,"created_at":"Sun Jul 05 16:52:48 +0000 2009","favourites_count":52,"utc_offset":-36000,"time_zone":"Hawaii","geo_enabled":false,"verified":true,"statuses_count":108380,"lang":"ja","contributors_enabled":false,"is_translator":false,"is_translation_enabled":false,"profile_background_color":"C0DEED","profile_background_image_url":"http://pbs.twimg.com/profile_background_images/204536235/AIMAI.jpg","profile_background_image_url_https":"https://pbs.twimg.com/profile_background_images/204536235/AIMAI.jpg","profile_background_tile":false,"profile_image_url":"http://pbs.twimg.com/profile_images/849083115255541760/DMfTzKmA_normal.jpg","profile_image_url_https":"https://pbs.twimg.com/profile_images/849083115255541760/DMfTzKmA_normal.jpg","profile_banner_url":"https://pbs.twimg.com/profile_banners/53949113/1429782818","profile_link_color":"0084B4","profile_sidebar_border_color":"C0DEED","profile_sidebar_fill_color":"ABC5D1","profile_text_color":"333333","profile_use_background_image":true,"has_extended_profile":false,"default_profile":false,"default_profile_image":false,"following":false,"follow_request_sent":false,"notifications":false,"translator_type":"none"},"geo":null,"coordinates":null,"place":null,"contributors":null,"is_quote_status":false,"retweet_count":5546,"favorite_count":26090,"favorited":false,"retweeted":false,"possibly_sensitive":false,"lang":"ja"},{"created_at":"Mon Jul 17 12:46:49 +0000 2017","id":886930187350298600,"id_str":"886930187350298624","text":"くろステ大千秋楽ありがとうございました。\nやっぱり「黒子のバスケ」って最高ですね\n自分の中や黄瀬っちの中にあるもの全てオーバードライブできたと思います\n黄瀬っち愛しております♡\n\nハァ〜、、\nくろステロスってヤーツかね。。笑… https://t.co/yuzvMKM1XJ","truncated":true,"entities":{"hashtags":[],"symbols":[],"user_mentions":[],"urls":[{"url":"https://t.co/yuzvMKM1XJ","expanded_url":"https://twitter.com/i/web/status/886930187350298624","display_url":"twitter.com/i/web/status/8…","indices":[114,137]}]},"metadata":{"iso_language_code":"ja","result_type":"recent"},"source":"<a href=\"http://twitter.com/download/iphone\" rel=\"nofollow\">Twitter for iPhone</a>","in_reply_to_status_id":null,"in_reply_to_status_id_str":null,"in_reply_to_user_id":null,"in_reply_to_user_id_str":null,"in_reply_to_screen_name":null,"user":{"id":3227181458,"id_str":"3227181458","name":"黒羽麻璃央","screen_name":"vithmic_mario","location":"仙台→東京","description":"ヴィズミック所属 人間 俳優 左利き AB型 一人っ子 つむじ2個 \n黒羽麻璃央OFFICIAL SITE https://t.co/UWiapXkeO0","url":"https://t.co/UWiapXkeO0","entities":{"url":{"urls":[{"url":"https://t.co/UWiapXkeO0","expanded_url":"https://kuroba-mario.com","display_url":"kuroba-mario.com","indices":[0,23]}]},"description":{"urls":[{"url":"https://t.co/UWiapXkeO0","expanded_url":"https://kuroba-mario.com","display_url":"kuroba-mario.com","indices":[54,77]}]}},"protected":false,"followers_count":96017,"friends_count":304,"listed_count":3839,"created_at":"Tue May 26 14:13:44 +0000 2015","favourites_count":207,"utc_offset":-39600,"time_zone":"Midway Island","geo_enabled":false,"verified":false,"statuses_count":2361,"lang":"ja","contributors_enabled":false,"is_translator":false,"is_translation_enabled":false,"profile_background_color":"C0DEED","profile_background_image_url":"http://abs.twimg.com/images/themes/theme1/bg.png","profile_background_image_url_https":"https://abs.twimg.com/images/themes/theme1/bg.png","profile_background_tile":false,"profile_image_url":"http://pbs.twimg.com/profile_images/870583619676389376/PLRqAFNt_normal.jpg","profile_image_url_https":"https://pbs.twimg.com/profile_images/870583619676389376/PLRqAFNt_normal.jpg","profile_banner_url":"https://pbs.twimg.com/profile_banners/3227181458/1497526938","profile_link_color":"1DA1F2","profile_sidebar_border_color":"C0DEED","profile_sidebar_fill_color":"DDEEF6","profile_text_color":"333333","profile_use_background_image":true,"has_extended_profile":true,"default_profile":true,"default_profile_image":false,"following":false,"follow_request_sent":false,"notifications":false,"translator_type":"none"},"geo":null,"coordinates":null,"place":null,"contributors":null,"is_quote_status":false,"retweet_count":6295,"favorite_count":14303,"favorited":false,"retweeted":false,"possibly_sensitive":false,"lang":"ja"},{"created_at":"Mon Jul 17 12:43:16 +0000 2017","id":886929291828580400,"id_str":"886929291828580352","text":"FGO THE STAGE 千秋楽 閉幕\n\n多くの感動を皆様から頂きました。\nないよりこれだけ愛される作品に携わることが出来て幸せです。\n\n「円卓の騎士、ガウェイン。今後ともよろしくお願いします」\n\n秋に会いましょうね。 https://t.co/pAmivgBBi2","truncated":false,"entities":{"hashtags":[],"symbols":[],"user_mentions":[],"urls":[],"media":[{"id":886929277651886100,"id_str":"886929277651886081","indices":[111,134],"media_url":"http://pbs.twimg.com/media/DE8BepdVoAElKK1.jpg","media_url_https":"https://pbs.twimg.com/media/DE8BepdVoAElKK1.jpg","url":"https://t.co/pAmivgBBi2","display_url":"pic.twitter.com/pAmivgBBi2","expanded_url":"https://twitter.com/y_daichi0421/status/886929291828580352/photo/1","type":"photo","sizes":{"thumb":{"w":150,"h":150,"resize":"crop"},"large":{"w":1534,"h":2048,"resize":"fit"},"medium":{"w":899,"h":1200,"resize":"fit"},"small":{"w":509,"h":680,"resize":"fit"}}}]},"extended_entities":{"media":[{"id":886929277651886100,"id_str":"886929277651886081","indices":[111,134],"media_url":"http://pbs.twimg.com/media/DE8BepdVoAElKK1.jpg","media_url_https":"https://pbs.twimg.com/media/DE8BepdVoAElKK1.jpg","url":"https://t.co/pAmivgBBi2","display_url":"pic.twitter.com/pAmivgBBi2","expanded_url":"https://twitter.com/y_daichi0421/status/886929291828580352/photo/1","type":"photo","sizes":{"thumb":{"w":150,"h":150,"resize":"crop"},"large":{"w":1534,"h":2048,"resize":"fit"},"medium":{"w":899,"h":1200,"resize":"fit"},"small":{"w":509,"h":680,"resize":"fit"}}},{"id":886929277660168200,"id_str":"886929277660168192","indices":[111,134],"media_url":"http://pbs.twimg.com/media/DE8BepfUAAAKiH9.jpg","media_url_https":"https://pbs.twimg.com/media/DE8BepfUAAAKiH9.jpg","url":"https://t.co/pAmivgBBi2","display_url":"pic.twitter.com/pAmivgBBi2","expanded_url":"https://twitter.com/y_daichi0421/status/886929291828580352/photo/1","type":"photo","sizes":{"small":{"w":510,"h":680,"resize":"fit"},"medium":{"w":900,"h":1200,"resize":"fit"},"thumb":{"w":150,"h":150,"resize":"crop"},"large":{"w":1536,"h":2048,"resize":"fit"}}},{"id":886929277651869700,"id_str":"886929277651869697","indices":[111,134],"media_url":"http://pbs.twimg.com/media/DE8BepdVYAEv8G1.jpg","media_url_https":"https://pbs.twimg.com/media/DE8BepdVYAEv8G1.jpg","url":"https://t.co/pAmivgBBi2","display_url":"pic.twitter.com/pAmivgBBi2","expanded_url":"https://twitter.com/y_daichi0421/status/886929291828580352/photo/1","type":"photo","sizes":{"medium":{"w":750,"h":1000,"resize":"fit"},"thumb":{"w":150,"h":150,"resize":"crop"},"small":{"w":510,"h":680,"resize":"fit"},"large":{"w":750,"h":1000,"resize":"fit"}}},{"id":886929277651869700,"id_str":"886929277651869696","indices":[111,134],"media_url":"http://pbs.twimg.com/media/DE8BepdVYAAeNO4.jpg","media_url_https":"https://pbs.twimg.com/media/DE8BepdVYAAeNO4.jpg","url":"https://t.co/pAmivgBBi2","display_url":"pic.twitter.com/pAmivgBBi2","expanded_url":"https://twitter.com/y_daichi0421/status/886929291828580352/photo/1","type":"photo","sizes":{"large":{"w":1534,"h":2048,"resize":"fit"},"thumb":{"w":150,"h":150,"resize":"crop"},"small":{"w":509,"h":680,"resize":"fit"},"medium":{"w":899,"h":1200,"resize":"fit"}}}]},"metadata":{"iso_language_code":"ja","result_type":"recent"},"source":"<a href=\"http://twitter.com/download/iphone\" rel=\"nofollow\">Twitter for iPhone</a>","in_reply_to_status_id":null,"in_reply_to_status_id_str":null,"in_reply_to_user_id":null,"in_reply_to_user_id_str":null,"in_reply_to_screen_name":null,"user":{"id":3314911740,"id_str":"3314911740","name":"山口大地","screen_name":"y_daichi0421","location":"鹿児島→東京","description":"殺陣と料理と瞑想がすきな俳優です next 7/14〜17【FGO THE STAGE 】ガウェイン役 8/15〜20【ゴリアテ】主演 9/6〜10【OZMAFIA!!】キリエ役 https://t.co/zWUtnttHMH","url":"https://t.co/8TiGUGcxCV","entities":{"url":{"urls":[{"url":"https://t.co/8TiGUGcxCV","expanded_url":"http://blue-label.jp/news/96/","display_url":"blue-label.jp/news/96/","indices":[0,23]}]},"description":{"urls":[{"url":"https://t.co/zWUtnttHMH","expanded_url":"https://www.instagram.com/y_daichi0421/","display_url":"instagram.com/y_daichi0421/","indices":[90,113]}]}},"protected":false,"followers_count":11008,"friends_count":139,"listed_count":523,"created_at":"Fri Aug 14 10:56:19 +0000 2015","favourites_count":777,"utc_offset":32400,"time_zone":"JST","geo_enabled":false,"verified":true,"statuses_count":2268,"lang":"ja","contributors_enabled":false,"is_translator":false,"is_translation_enabled":false,"profile_background_color":"EDECE9","profile_background_image_url":"http://abs.twimg.com/images/themes/theme3/bg.gif","profile_background_image_url_https":"https://abs.twimg.com/images/themes/theme3/bg.gif","profile_background_tile":false,"profile_image_url":"http://pbs.twimg.com/profile_images/838748175791861760/3hXh43eB_normal.jpg","profile_image_url_https":"https://pbs.twimg.com/profile_images/838748175791861760/3hXh43eB_normal.jpg","profile_banner_url":"https://pbs.twimg.com/profile_banners/3314911740/1498665168","profile_link_color":"088253","profile_sidebar_border_color":"D3D2CF","profile_sidebar_fill_color":"E3E2DE","profile_text_color":"634047","profile_use_background_image":true,"has_extended_profile":false,"default_profile":false,"default_profile_image":false,"following":false,"follow_request_sent":false,"notifications":false,"translator_type":"none"},"geo":null,"coordinates":null,"place":null,"contributors":null,"is_quote_status":false,"retweet_count":5246,"favorite_count":8691,"favorited":false,"retweeted":false,"possibly_sensitive":false,"lang":"ja"},{"created_at":"Mon Jul 17 12:42:07 +0000 2017","id":886929003466022900,"id_str":"886929003466022912","text":"E.G.EVOLUTION\n出会えた全ての皆さん\n本当にありがとうございました。\n\nこれからのhttps://t.co/BJZPhe3zUfを\n宜しくお願いいたします！Dream Shizuka https://t.co/4u3Y4Yj40v","truncated":false,"entities":{"hashtags":[],"symbols":[],"user_mentions":[],"urls":[{"url":"https://t.co/BJZPhe3zUf","expanded_url":"http://E.G.family","display_url":"E.G.family","indices":[47,70]}],"media":[{"id":886928993575817200,"id_str":"886928993575817216","indices":[98,121],"media_url":"http://pbs.twimg.com/media/DE8BOHMU0AAzMbV.jpg","media_url_https":"https://pbs.twimg.com/media/DE8BOHMU0AAzMbV.jpg","url":"https://t.co/4u3Y4Yj40v","display_url":"pic.twitter.com/4u3Y4Yj40v","expanded_url":"https://twitter.com/Dream__LDH/status/886929003466022912/photo/1","type":"photo","sizes":{"thumb":{"w":150,"h":150,"resize":"crop"},"medium":{"w":1200,"h":750,"resize":"fit"},"large":{"w":1568,"h":980,"resize":"fit"},"small":{"w":680,"h":425,"resize":"fit"}}}]},"extended_entities":{"media":[{"id":886928993575817200,"id_str":"886928993575817216","indices":[98,121],"media_url":"http://pbs.twimg.com/media/DE8BOHMU0AAzMbV.jpg","media_url_https":"https://pbs.twimg.com/media/DE8BOHMU0AAzMbV.jpg","url":"https://t.co/4u3Y4Yj40v","display_url":"pic.twitter.com/4u3Y4Yj40v","expanded_url":"https://twitter.com/Dream__LDH/status/886929003466022912/photo/1","type":"photo","sizes":{"thumb":{"w":150,"h":150,"resize":"crop"},"medium":{"w":1200,"h":750,"resize":"fit"},"large":{"w":1568,"h":980,"resize":"fit"},"small":{"w":680,"h":425,"resize":"fit"}}}]},"metadata":{"iso_language_code":"ja","result_type":"recent"},"source":"<a href=\"http://twitter.com/download/iphone\" rel=\"nofollow\">Twitter for iPhone</a>","in_reply_to_status_id":null,"in_reply_to_status_id_str":null,"in_reply_to_user_id":null,"in_reply_to_user_id_str":null,"in_reply_to_screen_name":null,"user":{"id":172553059,"id_str":"172553059","name":"Dream","screen_name":"Dream__LDH","location":"Japan","description":"Aya、Ami、Shizukaのガールズエンターテイメントグループです。 \n【Dream Ami オフィシャルHP】\nhttps://t.co/pACTN8LTtL\n【DANCE EARTH PARTY(Dream Shizuka) オフィシャルHP】\nhttps://t.co/UCHfEm8nM3","url":null,"entities":{"description":{"urls":[{"url":"https://t.co/pACTN8LTtL","expanded_url":"http://ami-ldh.jp/","display_url":"ami-ldh.jp","indices":[59,82]},{"url":"https://t.co/UCHfEm8nM3","expanded_url":"http://avex.jp/dep/","display_url":"avex.jp/dep/","indices":[127,150]}]}},"protected":false,"followers_count":761901,"friends_count":126,"listed_count":2233,"created_at":"Fri Jul 30 00:27:37 +0000 2010","favourites_count":1297,"utc_offset":32400,"time_zone":"Tokyo","geo_enabled":true,"verified":true,"statuses_count":8154,"lang":"ja","contributors_enabled":false,"is_translator":false,"is_translation_enabled":false,"profile_background_color":"FF6699","profile_background_image_url":"http://abs.twimg.com/images/themes/theme11/bg.gif","profile_background_image_url_https":"https://abs.twimg.com/images/themes/theme11/bg.gif","profile_background_tile":true,"profile_image_url":"http://pbs.twimg.com/profile_images/871699166686097410/eMZgYpcZ_normal.jpg","profile_image_url_https":"https://pbs.twimg.com/profile_images/871699166686097410/eMZgYpcZ_normal.jpg","profile_banner_url":"https://pbs.twimg.com/profile_banners/172553059/1496628541","profile_link_color":"B40B43","profile_sidebar_border_color":"CC3366","profile_sidebar_fill_color":"E5507E","profile_text_color":"362720","profile_use_background_image":true,"has_extended_profile":false,"default_profile":false,"default_profile_image":false,"following":false,"follow_request_sent":false,"notifications":false,"translator_type":"none"},"geo":null,"coordinates":null,"place":null,"contributors":null,"is_quote_status":false,"retweet_count":6989,"favorite_count":37685,"favorited":false,"retweeted":false,"possibly_sensitive":false,"lang":"ja"}],"search_metadata":{"completed_in":0.789,"max_id":887099780874350600,"max_id_str":"887099780874350593","next_results":"?max_id=886929003466022911&q=lang%3Aja%20min_retweets%3A5000&include_entities=1","query":"lang%3Aja+min_retweets%3A5000","refresh_url":"?since_id=887099780874350593&q=lang%3Aja%20min_retweets%3A5000&include_entities=1","count":15,"since_id":0,"since_id_str":"0"}}