{"statuses":[{"created_at":"Tue Jul 18 03:41:38 +0000 2017","id":887155375279030300,"id_str":"887155375279030272","text":"【訃報】俳優・砂川啓介さん死去 80歳、認知症の妻・大山のぶ代を残し…\nhttps://t.co/UGbbwiO4sV\n\n15年に発売した壮絶な介護生活をつづった著書では、「病気の君を置いて先には死ねないよ」と伝えていたが、無念の… https://t.co/vuPB8El9F9","truncated":true,"entities":{"hashtags":[],"symbols":[],"user_mentions":[],"urls":[{"url":"https://t.co/UGbbwiO4sV","expanded_url":"http://news.livedoor.com/article/detail/13351766/","display_url":"news.livedoor.com/article/detail…","indices":[36,59]},{"url":"https://t.co/vuPB8El9F9","expanded_url":"https://twitter.com/i/web/status/887155375279030272","display_url":"twitter.com/i/web/status/8…","indices":[117,140]}]},"metadata":{"iso_language_code":"ja","result_type":"recent"},"source":"<a href=\"http://twitter.com\" rel=\"nofollow\">Twitter Web Client</a>","in_reply_to_status_id":null,"in_reply_to_status_id_str":null,"in_reply_to_user_id":null,"in_reply_to_user_id_str":null,"in_reply_to_screen_name":null,"user":{"id":17306975,"id_str":"17306975","name":"ライブドアニュース","screen_name":"livedoornews","location":"","description":"LINE →https://t.co/yhJO0o7Jns／FB → https://t.co/LHTCuyIEjr／インスタ／→https://t.co/SpmVgPtfCG","url":"http://t.co/Q4Bh3OCfgY","entities":{"url":{"urls":[{"url":"http://t.co/Q4Bh3OCfgY","expanded_url":"http://news.livedoor.com/","display_url":"news.livedoor.com","indices":[0,22]}]},"description":{"urls":[{"url":"https://t.co/yhJO0o7Jns","expanded_url":"http://goo.gl/upBgKP","display_url":"goo.gl/upBgKP","indices":[6,29]},{"url":"https://t.co/LHTCuyIEjr","expanded_url":"http://goo.gl/nDULhn","display_url":"goo.gl/nDULhn","indices":[35,58]},{"url":"https://t.co/SpmVgPtfCG","expanded_url":"http://goo.gl/cHGD9G","display_url":"goo.gl/cHGD9G","indices":[65,88]}]}},"protected":false,"followers_count":430012,"friends_count":88,"listed_count":6135,"created_at":"Tue Nov 11 09:56:31 +0000 2008","favourites_count":2608,"utc_offset":32400,"time_zone":"Tokyo","geo_enabled":false,"verified":true,"statuses_count":176937,"lang":"ja","contributors_enabled":false,"is_translator":false,"is_translation_enabled":false,"profile_background_color":"FFFFFF","profile_background_image_url":"http://pbs.twimg.com/profile_background_images/378800000085828060/4b07c1d868c917fb65a3d64a20904cd5.jpeg","profile_background_image_url_https":"https://pbs.twimg.com/profile_background_images/378800000085828060/4b07c1d868c917fb65a3d64a20904cd5.jpeg","profile_background_tile":false,"profile_image_url":"http://pbs.twimg.com/profile_images/875662964988166149/whdJTD2I_normal.jpg","profile_image_url_https":"https://pbs.twimg.com/profile_images/875662964988166149/whdJTD2I_normal.jpg","profile_link_color":"51ADD4","profile_sidebar_border_color":"FFFFFF","profile_sidebar_fill_color":"95E8EC","profile_text_color":"3C3940","profile_use_background_image":true,"has_extended_profile":false,"default_profile":false,"default_profile_image":false,"following":false,"follow_request_sent":false,"notifications":false,"translator_type":"none"},"geo":null,"coordinates":null,"place":null,"contributors":null,"is_quote_status":false,"retweet_count":7097,"favorite_count":2140,"favorited":false,"retweeted":false,"possibly_sensitive":false,"lang":"ja"},{"created_at":"Tue Jul 18 03:35:11 +0000 2017","id":887153752322433000,"id_str":"887153752322433024","text":"【大山のぶ代さん夫 砂川氏死去】大山のぶ代さんの夫で、俳優の砂川啓介さんが11日に亡くなったことが分かった。砂川さんは2013年に初期の胃がんの手術を受けている。認知症で闘病中の大山さんの介護を続けていた。 https://t.co/YZv94WgGz3","truncated":false,"entities":{"hashtags":[],"symbols":[],"user_mentions":[],"urls":[{"url":"https://t.co/YZv94WgGz3","expanded_url":"https://yahoo.jp/QFjdIY","display_url":"yahoo.jp/QFjdIY","indices":[104,127]}]},"metadata":{"iso_language_code":"ja","result_type":"recent"},"source":"<a href=\"http://dailynews.yahoo.co.jp/fc/\" rel=\"nofollow\">ヤフトピbot</a>","in_reply_to_status_id":null,"in_reply_to_status_id_str":null,"in_reply_to_user_id":null,"in_reply_to_user_id_str":null,"in_reply_to_screen_name":null,"user":{"id":88846085,"id_str":"88846085","name":"Yahoo!ニュース","screen_name":"YahooNewsTopics","location":"","description":"Yahoo!ニュースの公式アカウントです。365日24時間、Yahoo! JAPANトップページに掲出される話題を速報でお届け。※株式会社アフロ社提供の写真を使用している場合があります。","url":"https://t.co/PORT0VCtyG","entities":{"url":{"urls":[{"url":"https://t.co/PORT0VCtyG","expanded_url":"https://news.yahoo.co.jp/","display_url":"news.yahoo.co.jp","indices":[0,23]}]},"description":{"urls":[]}},"protected":false,"followers_count":304961,"friends_count":8,"listed_count":12347,"created_at":"Tue Nov 10 03:59:51 +0000 2009","favourites_count":0,"utc_offset":32400,"time_zone":"Tokyo","geo_enabled":false,"verified":true,"statuses_count":254405,"lang":"ja","contributors_enabled":false,"is_translator":false,"is_translation_enabled":false,"profile_background_color":"DFD7C7","profile_background_image_url":"http://pbs.twimg.com/profile_background_images/56797173/background.jpg","profile_background_image_url_https":"https://pbs.twimg.com/profile_background_images/56797173/background.jpg","profile_background_tile":true,"profile_image_url":"http://pbs.twimg.com/profile_images/875506779743895552/jqN_tEe4_normal.jpg","profile_image_url_https":"https://pbs.twimg.com/profile_images/875506779743895552/jqN_tEe4_normal.jpg","profile_banner_url":"https://pbs.twimg.com/profile_banners/88846085/1490596288","profile_link_color":"0084B4","profile_sidebar_border_color":"A1A33B","profile_sidebar_fill_color":"FFFCDE","profile_text_color":"333333","profile_use_background_image":true,"has_extended_profile":false,"default_profile":false,"default_profile_image":false,"following":false,"follow_request_sent":false,"notifications":false,"translator_type":"none"},"geo":null,"coordinates":null,"place":null,"contributors":null,"is_quote_status":false,"retweet_count":5089,"favorite_count":1157,"favorited":false,"retweeted":false,"possibly_sensitive":false,"lang":"ja"},{"created_at":"Tue Jul 18 03:01:44 +0000 2017","id":887145334618464300,"id_str":"887145334618464256","text":"【極(きわめ)】 \n極の姿となった刀剣男士の情報を新たに入手しました！本日、先行してビジュアルのシルエットを一部公開いたします！ゲーム実装時期等の詳細は今しばらくお待ちください△△ #刀剣乱舞 #とうらぶ https://t.co/LeeZaXdQHV","truncated":false,"entities":{"hashtags":[{"text":"刀剣乱舞","indices":[91,96]},{"text":"とうらぶ","indices":[97,102]}],"symbols":[],"user_mentions":[],"urls":[],"media":[{"id":887145221280026600,"id_str":"887145221280026624","indices":[103,126],"media_url":"http://pbs.twimg.com/media/DE_F4OKU0AAGeT1.jpg","media_url_https":"https://pbs.twimg.com/media/DE_F4OKU0AAGeT1.jpg","url":"https://t.co/LeeZaXdQHV","display_url":"pic.twitter.com/LeeZaXdQHV","expanded_url":"https://twitter.com/tkrb_ht/status/887145334618464256/photo/1","type":"photo","sizes":{"small":{"w":680,"h":680,"resize":"fit"},"thumb":{"w":150,"h":150,"resize":"crop"},"large":{"w":800,"h":800,"resize":"fit"},"medium":{"w":800,"h":800,"resize":"fit"}}}]},"extended_entities":{"media":[{"id":887145221280026600,"id_str":"887145221280026624","indices":[103,126],"media_url":"http://pbs.twimg.com/media/DE_F4OKU0AAGeT1.jpg","media_url_https":"https://pbs.twimg.com/media/DE_F4OKU0AAGeT1.jpg","url":"https://t.co/LeeZaXdQHV","display_url":"pic.twitter.com/LeeZaXdQHV","expanded_url":"https://twitter.com/tkrb_ht/status/887145334618464256/photo/1","type":"photo","sizes":{"small":{"w":680,"h":680,"resize":"fit"},"thumb":{"w":150,"h":150,"resize":"crop"},"large":{"w":800,"h":800,"resize":"fit"},"medium":{"w":800,"h":800,"resize":"fit"}}}]},"metadata":{"iso_language_code":"ja","result_type":"recent"},"source":"<a href=\"http://twitter.com\" rel=\"nofollow\">Twitter Web Client</a>","in_reply_to_status_id":null,"in_reply_to_status_id_str":null,"in_reply_to_user_id":null,"in_reply_to_user_id_str":null,"in_reply_to_screen_name":null,"user":{"id":2785593660,"id_str":"2785593660","name":"刀剣乱舞-本丸通信-【公式】","screen_name":"tkrb_ht","location":"本丸","description":"「刀剣乱舞」の原作情報を発信する公式アカウントです。 グッズやメディアミックスなどの最新情報を「審神者」の皆さんへ向けて発信します。 ゲームについては @TOUKEN_STAFF をご覧ください。 ※個別のお問い合わせについては返答いたしかねますのであらかじめご了承ください。ハッシュタグ→ #刀剣乱舞 #とうらぶ","url":"https://t.co/mN2Gv79HEf","entities":{"url":{"urls":[{"url":"https://t.co/mN2Gv79HEf","expanded_url":"http://www.dmm.com/netgame/feature/tohken.html","display_url":"dmm.com/netgame/featur…","indices":[0,23]}]},"description":{"urls":[]}},"protected":false,"followers_count":596872,"friends_count":8,"listed_count":10850,"created_at":"Tue Sep 02 09:47:45 +0000 2014","favourites_count":0,"utc_offset":32400,"time_zone":"Tokyo","geo_enabled":false,"verified":false,"statuses_count":3417,"lang":"ja","contributors_enabled":false,"is_translator":false,"is_translation_enabled":false,"profile_background_color":"DD2E44","profile_background_image_url":"http://abs.twimg.com/images/themes/theme1/bg.png","profile_background_image_url_https":"https://abs.twimg.com/images/themes/theme1/bg.png","profile_background_tile":false,"profile_image_url":"http://pbs.twimg.com/profile_images/880804323352952832/-fY3HUwJ_normal.jpg","profile_image_url_https":"https://pbs.twimg.com/profile_images/880804323352952832/-fY3HUwJ_normal.jpg","profile_banner_url":"https://pbs.twimg.com/profile_banners/2785593660/1498844736","profile_link_color":"FFCC4D","profile_sidebar_border_color":"000000","profile_sidebar_fill_color":"000000","profile_text_color":"000000","profile_use_background_image":false,"has_extended_profile":false,"default_profile":false,"default_profile_image":false,"following":false,"follow_request_sent":false,"notifications":false,"translator_type":"none"},"geo":null,"coordinates":null,"place":null,"contributors":null,"is_quote_status":false,"retweet_count":22739,"favorite_count":17359,"favorited":false,"retweeted":false,"possibly_sensitive":false,"lang":"ja"},{"created_at":"Tue Jul 18 02:48:11 +0000 2017","id":887141924871655400,"id_str":"887141924871655424","text":"【フォロー&amp;RTで応募完了】\nうっとりとろける、夢のコンポート\nギドリーコレクションより人気アイテムの\nLavensodie - ラベンソディー -を抽選で1名様にプレゼント\n締切 8/7… https://t.co/19nhxpiRCE","truncated":true,"entities":{"hashtags":[],"symbols":[],"user_mentions":[],"urls":[{"url":"https://t.co/19nhxpiRCE","expanded_url":"https://twitter.com/i/web/status/887141924871655424","display_url":"twitter.com/i/web/status/8…","indices":[100,123]}]},"metadata":{"iso_language_code":"ja","result_type":"recent"},"source":"<a href=\"http://twitter.com\" rel=\"nofollow\">Twitter Web Client</a>","in_reply_to_status_id":null,"in_reply_to_status_id_str":null,"in_reply_to_user_id":null,"in_reply_to_user_id_str":null,"in_reply_to_screen_name":null,"user":{"id":350588237,"id_str":"350588237","name":"mayla classic","screen_name":"mayla_classic","location":"大阪府堺市","description":"出会った瞬間、体温が2℃あがる靴","url":"https://t.co/XUqUDaRT9g","entities":{"url":{"urls":[{"url":"https://t.co/XUqUDaRT9g","expanded_url":"http://mayla.jp","display_url":"mayla.jp","indices":[0,23]}]},"description":{"urls":[]}},"protected":false,"followers_count":207906,"friends_count":0,"listed_count":1183,"created_at":"Mon Aug 08 00:57:21 +0000 2011","favourites_count":18446,"utc_offset":32400,"time_zone":"Tokyo","geo_enabled":true,"verified":true,"statuses_count":5454,"lang":"ja","contributors_enabled":false,"is_translator":false,"is_translation_enabled":false,"profile_background_color":"FFFFFF","profile_background_image_url":"http://pbs.twimg.com/profile_background_images/443184949542137857/V9p8Bi_1.jpeg","profile_background_image_url_https":"https://pbs.twimg.com/profile_background_images/443184949542137857/V9p8Bi_1.jpeg","profile_background_tile":true,"profile_image_url":"http://pbs.twimg.com/profile_images/656021618230083584/BAc7JkQ9_normal.jpg","profile_image_url_https":"https://pbs.twimg.com/profile_images/656021618230083584/BAc7JkQ9_normal.jpg","profile_banner_url":"https://pbs.twimg.com/profile_banners/350588237/1499854535","profile_link_color":"EBDCDA","profile_sidebar_border_color":"FFFFFF","profile_sidebar_fill_color":"E6F6F9","profile_text_color":"333333","profile_use_background_image":true,"has_extended_profile":false,"default_profile":false,"default_profile_image":false,"following":false,"follow_request_sent":false,"notifications":false,"translator_type":"none"},"geo":null,"coordinates":null,"place":{"id":"452706fe6c7ad597","url":"https://api.twitter.com/1.1/geo/id/452706fe6c7ad597.json","place_type":"city","name":"Izumiotsu-shi","full_name":"Izumiotsu-shi, Osaka","country_code":"JP","country":"Japan","contained_within":[],"bounding_box":{"type":"Polygon","coordinates":[[[135.36716,34.481483],[135.446341,34.481483],[135.446341,34.532941],[135.36716,34.532941]]]},"attributes":{}},"contributors":null,"is_quote_status":false,"retweet_count":12999,"favorite_count":2741,"favorited":false,"retweeted":false,"possibly_sensitive":false,"lang":"ja"},{"created_at":"Tue Jul 18 02:31:20 +0000 2017","id":887137681997680600,"id_str":"887137681997680640","text":"【App】「うたの☆プリンスさまっ♪ Shining Live」LINEでの事前登録スタート！詳しくはシャニライ公式アカウント（@shininglive_jp）にて！https://t.co/wT4RMrl9x9 https://t.co/Pbn1a4Shxg","truncated":false,"entities":{"hashtags":[],"symbols":[],"user_mentions":[{"screen_name":"shininglive_jp","name":"うた☆プリ Shining Live","id":862538322756878300,"id_str":"862538322756878337","indices":[64,79]}],"urls":[{"url":"https://t.co/wT4RMrl9x9","expanded_url":"https://line.me/R/ti/p/%40utapri-shining-live","display_url":"line.me/R/ti/p/%40utap…","indices":[83,106]}],"media":[{"id":887136288528154600,"id_str":"887136288528154624","indices":[107,130],"media_url":"http://pbs.twimg.com/media/DE-9wREUQAABXvx.jpg","media_url_https":"https://pbs.twimg.com/media/DE-9wREUQAABXvx.jpg","url":"https://t.co/Pbn1a4Shxg","display_url":"pic.twitter.com/Pbn1a4Shxg","expanded_url":"https://twitter.com/utapri_official/status/887137681997680640/photo/1","type":"photo","sizes":{"small":{"w":680,"h":680,"resize":"fit"},"large":{"w":1000,"h":1000,"resize":"fit"},"medium":{"w":1000,"h":1000,"resize":"fit"},"thumb":{"w":150,"h":150,"resize":"crop"}}}]},"extended_entities":{"media":[{"id":887136288528154600,"id_str":"887136288528154624","indices":[107,130],"media_url":"http://pbs.twimg.com/media/DE-9wREUQAABXvx.jpg","media_url_https":"https://pbs.twimg.com/media/DE-9wREUQAABXvx.jpg","url":"https://t.co/Pbn1a4Shxg","display_url":"pic.twitter.com/Pbn1a4Shxg","expanded_url":"https://twitter.com/utapri_official/status/887137681997680640/photo/1","type":"photo","sizes":{"small":{"w":680,"h":680,"resize":"fit"},"large":{"w":1000,"h":1000,"resize":"fit"},"medium":{"w":1000,"h":1000,"resize":"fit"},"thumb":{"w":150,"h":150,"resize":"crop"}}}]},"metadata":{"iso_language_code":"ja","result_type":"recent"},"source":"<a href=\"http://twitter.com\" rel=\"nofollow\">Twitter Web Client</a>","in_reply_to_status_id":null,"in_reply_to_status_id_str":null,"in_reply_to_user_id":null,"in_reply_to_user_id_str":null,"in_reply_to_screen_name":null,"user":{"id":402547102,"id_str":"402547102","name":"utapri_official","screen_name":"utapri_official","location":"","description":"「うたの☆プリンスさまっ♪」公式twitterです。 うた☆プリに関する情報をお知らせします。 ★当アカウントへのお客様からのご質問はお答え致しかねます。 お問い合わせはブロッコリーユーザーサポートまでお願い申し上げます。［ユーザーサポート］https://t.co/xRDBWd6chD","url":"http://t.co/33RXcz6lND","entities":{"url":{"urls":[{"url":"http://t.co/33RXcz6lND","expanded_url":"http://www.utapri.com","display_url":"utapri.com","indices":[0,22]}]},"description":{"urls":[{"url":"https://t.co/xRDBWd6chD","expanded_url":"http://www.broccoli.co.jp/support/","display_url":"broccoli.co.jp/support/","indices":[121,144]}]}},"protected":false,"followers_count":476821,"friends_count":14,"listed_count":11806,"created_at":"Tue Nov 01 07:25:18 +0000 2011","favourites_count":0,"utc_offset":32400,"time_zone":"Tokyo","geo_enabled":false,"verified":false,"statuses_count":2415,"lang":"ja","contributors_enabled":false,"is_translator":false,"is_translation_enabled":false,"profile_background_color":"FFFFCC","profile_background_image_url":"http://pbs.twimg.com/profile_background_images/451011471976046594/sugMw9yI.jpeg","profile_background_image_url_https":"https://pbs.twimg.com/profile_background_images/451011471976046594/sugMw9yI.jpeg","profile_background_tile":false,"profile_image_url":"http://pbs.twimg.com/profile_images/875613182164779008/-eOqe25Z_normal.jpg","profile_image_url_https":"https://pbs.twimg.com/profile_images/875613182164779008/-eOqe25Z_normal.jpg","profile_banner_url":"https://pbs.twimg.com/profile_banners/402547102/1491058816","profile_link_color":"0084B4","profile_sidebar_border_color":"FFFFFF","profile_sidebar_fill_color":"E8FFFE","profile_text_color":"333333","profile_use_background_image":false,"has_extended_profile":false,"default_profile":false,"default_profile_image":false,"following":false,"follow_request_sent":false,"notifications":false,"translator_type":"none"},"geo":null,"coordinates":null,"place":null,"contributors":null,"is_quote_status":false,"retweet_count":6283,"favorite_count":8646,"favorited":false,"retweeted":false,"possibly_sensitive":false,"lang":"ja"},{"created_at":"Tue Jul 18 02:30:04 +0000 2017","id":887137364836888600,"id_str":"887137364836888576","text":"＼✨その場で当たる✨／\nBOSSレボマン『今月のブレンドシリーズNo.5』が8/1新発売☕️\n\nフォロー＆RTでレボマンと #今月のレボマン No.4＆5飲み比べセットをプレゼント🎁\nhttps://t.co/JSXIwB1nXs https://t.co/kB2i3lS5Cl","truncated":false,"entities":{"hashtags":[{"text":"今月のレボマン","indices":[62,70]}],"symbols":[],"user_mentions":[],"urls":[{"url":"https://t.co/JSXIwB1nXs","expanded_url":"https://goo.gl/WY5zCT","display_url":"goo.gl/WY5zCT","indices":[92,115]}],"media":[{"id":884330633794773000,"id_str":"884330633794772992","indices":[116,139],"media_url":"http://pbs.twimg.com/media/DEXHg0fVwAAWvCZ.jpg","media_url_https":"https://pbs.twimg.com/media/DEXHg0fVwAAWvCZ.jpg","url":"https://t.co/kB2i3lS5Cl","display_url":"pic.twitter.com/kB2i3lS5Cl","expanded_url":"https://twitter.com/suntory/status/887137364836888576/video/1","type":"photo","sizes":{"small":{"w":640,"h":360,"resize":"fit"},"large":{"w":640,"h":360,"resize":"fit"},"thumb":{"w":150,"h":150,"resize":"crop"},"medium":{"w":640,"h":360,"resize":"fit"}}}]},"extended_entities":{"media":[{"id":884330633794773000,"id_str":"884330633794772992","indices":[116,139],"media_url":"http://pbs.twimg.com/media/DEXHg0fVwAAWvCZ.jpg","media_url_https":"https://pbs.twimg.com/media/DEXHg0fVwAAWvCZ.jpg","url":"https://t.co/kB2i3lS5Cl","display_url":"pic.twitter.com/kB2i3lS5Cl","expanded_url":"https://twitter.com/suntory/status/887137364836888576/video/1","type":"video","sizes":{"small":{"w":640,"h":360,"resize":"fit"},"large":{"w":640,"h":360,"resize":"fit"},"thumb":{"w":150,"h":150,"resize":"crop"},"medium":{"w":640,"h":360,"resize":"fit"}},"video_info":{"aspect_ratio":[16,9],"duration_millis":27333,"variants":[{"bitrate":2176000,"content_type":"video/mp4","url":"https://video.twimg.com/amplify_video/884330633794772992/vid/1280x720/1Jj3hMErN2OJsz52.mp4"},{"bitrate":320000,"content_type":"video/mp4","url":"https://video.twimg.com/amplify_video/884330633794772992/vid/320x180/qosYjtnlB-BWus8p.mp4"},{"content_type":"application/x-mpegURL","url":"https://video.twimg.com/amplify_video/884330633794772992/pl/ezmVLkDthoktkFku.m3u8"},{"bitrate":832000,"content_type":"video/mp4","url":"https://video.twimg.com/amplify_video/884330633794772992/vid/640x360/RMD-tX_JKJIMqSyR.mp4"}]},"additional_media_info":{"title":"","description":"","embeddable":true,"monetizable":false}}]},"metadata":{"iso_language_code":"ja","result_type":"recent"},"source":"<a href=\"https://ads.twitter.com\" rel=\"nofollow\">Twitter Ads</a>","in_reply_to_status_id":null,"in_reply_to_status_id_str":null,"in_reply_to_user_id":null,"in_reply_to_user_id_str":null,"in_reply_to_screen_name":null,"user":{"id":133684052,"id_str":"133684052","name":"SUNTORY（サントリー）","screen_name":"suntory","location":"東京都港区台場","description":"サントリーの公式アカウントです。 フォローは20歳以上の方限定です。 ご利用規約はこちら→https://t.co/CPCVhjnk1c お問い合わせはこちら→https://t.co/yqpOzQ7Ntl","url":"https://t.co/CMlXK6EHXd","entities":{"url":{"urls":[{"url":"https://t.co/CMlXK6EHXd","expanded_url":"http://www.suntory.co.jp/","display_url":"suntory.co.jp","indices":[0,23]}]},"description":{"urls":[{"url":"https://t.co/CPCVhjnk1c","expanded_url":"http://goo.gl/jop0B3","display_url":"goo.gl/jop0B3","indices":[45,68]},{"url":"https://t.co/yqpOzQ7Ntl","expanded_url":"http://goo.gl/d5V6d","display_url":"goo.gl/d5V6d","indices":[80,103]}]}},"protected":false,"followers_count":546826,"friends_count":31,"listed_count":2204,"created_at":"Fri Apr 16 11:16:01 +0000 2010","favourites_count":178,"utc_offset":32400,"time_zone":"Tokyo","geo_enabled":false,"verified":true,"statuses_count":2136933,"lang":"ja","contributors_enabled":false,"is_translator":false,"is_translation_enabled":false,"profile_background_color":"C0DEED","profile_background_image_url":"http://pbs.twimg.com/profile_background_images/850861581/9a53622d4a718f61cbd952feae09820c.jpeg","profile_background_image_url_https":"https://pbs.twimg.com/profile_background_images/850861581/9a53622d4a718f61cbd952feae09820c.jpeg","profile_background_tile":false,"profile_image_url":"http://pbs.twimg.com/profile_images/3567001630/aed0e05a78467be3f08394e65f2aea93_normal.png","profile_image_url_https":"https://pbs.twimg.com/profile_images/3567001630/aed0e05a78467be3f08394e65f2aea93_normal.png","profile_banner_url":"https://pbs.twimg.com/profile_banners/133684052/1499217142","profile_link_color":"0084B4","profile_sidebar_border_color":"FFFFFF","profile_sidebar_fill_color":"DDEEF6","profile_text_color":"333333","profile_use_background_image":true,"has_extended_profile":false,"default_profile":false,"default_profile_image":false,"following":false,"follow_request_sent":false,"notifications":false,"translator_type":"regular"},"geo":null,"coordinates":null,"place":null,"contributors":null,"is_quote_status":false,"retweet_count":10821,"favorite_count":892,"favorited":false,"retweeted":false,"possibly_sensitive":false,"lang":"ja"},{"created_at":"Tue Jul 18 01:53:41 +0000 2017","id":887128206997729300,"id_str":"887128206997729281","text":"所沢市立山口小学校の『飛び降りろ』報道について https://t.co/DxMiXGEpia","truncated":false,"entities":{"hashtags":[],"symbols":[],"user_mentions":[],"urls":[],"media":[{"id":887128183484502000,"id_str":"887128183484502017","indices":[24,47],"media_url":"http://pbs.twimg.com/media/DE-2YfbU0AEw9Bd.jpg","media_url_https":"https://pbs.twimg.com/media/DE-2YfbU0AEw9Bd.jpg","url":"https://t.co/DxMiXGEpia","display_url":"pic.twitter.com/DxMiXGEpia","expanded_url":"https://twitter.com/mikuchin_cooker/status/887128206997729281/photo/1","type":"photo","sizes":{"small":{"w":396,"h":680,"resize":"fit"},"medium":{"w":700,"h":1200,"resize":"fit"},"thumb":{"w":150,"h":150,"resize":"crop"},"large":{"w":720,"h":1235,"resize":"fit"}}}]},"extended_entities":{"media":[{"id":887128183484502000,"id_str":"887128183484502017","indices":[24,47],"media_url":"http://pbs.twimg.com/media/DE-2YfbU0AEw9Bd.jpg","media_url_https":"https://pbs.twimg.com/media/DE-2YfbU0AEw9Bd.jpg","url":"https://t.co/DxMiXGEpia","display_url":"pic.twitter.com/DxMiXGEpia","expanded_url":"https://twitter.com/mikuchin_cooker/status/887128206997729281/photo/1","type":"photo","sizes":{"small":{"w":396,"h":680,"resize":"fit"},"medium":{"w":700,"h":1200,"resize":"fit"},"thumb":{"w":150,"h":150,"resize":"crop"},"large":{"w":720,"h":1235,"resize":"fit"}}},{"id":887128194855215100,"id_str":"887128194855215104","indices":[24,47],"media_url":"http://pbs.twimg.com/media/DE-2ZJyUIAACfRK.jpg","media_url_https":"https://pbs.twimg.com/media/DE-2ZJyUIAACfRK.jpg","url":"https://t.co/DxMiXGEpia","display_url":"pic.twitter.com/DxMiXGEpia","expanded_url":"https://twitter.com/mikuchin_cooker/status/887128206997729281/photo/1","type":"photo","sizes":{"large":{"w":720,"h":1226,"resize":"fit"},"thumb":{"w":150,"h":150,"resize":"crop"},"medium":{"w":705,"h":1200,"resize":"fit"},"small":{"w":399,"h":680,"resize":"fit"}}}]},"metadata":{"iso_language_code":"ja","result_type":"recent"},"source":"<a href=\"http://twitter.com/download/android\" rel=\"nofollow\">Twitter for Android</a>","in_reply_to_status_id":null,"in_reply_to_status_id_str":null,"in_reply_to_user_id":null,"in_reply_to_user_id_str":null,"in_reply_to_screen_name":null,"user":{"id":4786241900,"id_str":"4786241900","name":"みくちん＠お料理","screen_name":"mikuchin_cooker","location":"お台所","description":"お料理/製菓/製パン/梅仕事/乾燥野菜/一汁一菜\n身体に優しいご飯作りを目指しています。時々、ヘビーでハイカロリーなご飯やお菓子も作ったりします。\n※フォローの際のメッセージは特に要りませんのでご自由にどうぞ。【※DMは使用しておりません】","url":"https://t.co/x0UaCgIlGR","entities":{"url":{"urls":[{"url":"https://t.co/x0UaCgIlGR","expanded_url":"http://media.irodori.vc/spice/7569","display_url":"media.irodori.vc/spice/7569","indices":[0,23]}]},"description":{"urls":[]}},"protected":false,"followers_count":1255,"friends_count":883,"listed_count":20,"created_at":"Wed Jan 20 00:43:35 +0000 2016","favourites_count":33850,"utc_offset":-25200,"time_zone":"Pacific Time (US & Canada)","geo_enabled":true,"verified":false,"statuses_count":2455,"lang":"ja","contributors_enabled":false,"is_translator":false,"is_translation_enabled":false,"profile_background_color":"000000","profile_background_image_url":"http://abs.twimg.com/images/themes/theme1/bg.png","profile_background_image_url_https":"https://abs.twimg.com/images/themes/theme1/bg.png","profile_background_tile":false,"profile_image_url":"http://pbs.twimg.com/profile_images/817750827376877570/PKmUI8jP_normal.jpg","profile_image_url_https":"https://pbs.twimg.com/profile_images/817750827376877570/PKmUI8jP_normal.jpg","profile_banner_url":"https://pbs.twimg.com/profile_banners/4786241900/1486208387","profile_link_color":"1B95E0","profile_sidebar_border_color":"000000","profile_sidebar_fill_color":"000000","profile_text_color":"000000","profile_use_background_image":false,"has_extended_profile":false,"default_profile":false,"default_profile_image":false,"following":false,"follow_request_sent":false,"notifications":false,"translator_type":"none"},"geo":null,"coordinates":null,"place":null,"contributors":null,"is_quote_status":false,"retweet_count":7968,"favorite_count":3790,"favorited":false,"retweeted":false,"possibly_sensitive":false,"lang":"ja"},{"created_at":"Tue Jul 18 01:43:29 +0000 2017","id":887125640712929300,"id_str":"887125640712929281","text":"よくAV見て勘違いしたセックスする男がいる、などと言われますが、ドラマを見て勘違いした恋愛をしている皆さんお元気ですか","truncated":false,"entities":{"hashtags":[],"symbols":[],"user_mentions":[],"urls":[]},"metadata":{"iso_language_code":"ja","result_type":"recent"},"source":"<a href=\"http://twitter.com/download/android\" rel=\"nofollow\">Twitter for Android</a>","in_reply_to_status_id":null,"in_reply_to_status_id_str":null,"in_reply_to_user_id":null,"in_reply_to_user_id_str":null,"in_reply_to_screen_name":null,"user":{"id":717954649353887700,"id_str":"717954649353887745","name":"鉄分","screen_name":"daikyushi","location":"","description":"チーム医留の闇F欄歯学部にてヘヴィメタなる音楽を愛好するオタク。ベースとたまにギター。","url":null,"entities":{"description":{"urls":[]}},"protected":false,"followers_count":142,"friends_count":182,"listed_count":1,"created_at":"Thu Apr 07 05:58:22 +0000 2016","favourites_count":1929,"utc_offset":null,"time_zone":null,"geo_enabled":false,"verified":false,"statuses_count":641,"lang":"ja","contributors_enabled":false,"is_translator":false,"is_translation_enabled":false,"profile_background_color":"F5F8FA","profile_background_image_url":null,"profile_background_image_url_https":null,"profile_background_tile":false,"profile_image_url":"http://pbs.twimg.com/profile_images/886152696230682625/dL4YPAJ8_normal.jpg","profile_image_url_https":"https://pbs.twimg.com/profile_images/886152696230682625/dL4YPAJ8_normal.jpg","profile_banner_url":"https://pbs.twimg.com/profile_banners/717954649353887745/1482145449","profile_link_color":"1DA1F2","profile_sidebar_border_color":"C0DEED","profile_sidebar_fill_color":"DDEEF6","profile_text_color":"333333","profile_use_background_image":true,"has_extended_profile":true,"default_profile":true,"default_profile_image":false,"following":false,"follow_request_sent":false,"notifications":false,"translator_type":"none"},"geo":null,"coordinates":null,"place":null,"contributors":null,"is_quote_status":false,"retweet_count":7768,"favorite_count":10239,"favorited":false,"retweeted":false,"lang":"ja"},{"created_at":"Tue Jul 18 01:00:22 +0000 2017","id":887114791830945800,"id_str":"887114791830945792","text":"「スプラトゥーン2」発売まで、あと3日。\nそうそう、ガチで戦うエクストリームバトル「ガチマッチ」も忘れてはいけない。\n友達とチームを組んで「リーグマッチ」で高みを目指すのも良いだろう。\nそして、謎のバイト「サーモンラン」。\nクマサ… https://t.co/OX3TA3JJAw","truncated":true,"entities":{"hashtags":[],"symbols":[],"user_mentions":[],"urls":[{"url":"https://t.co/OX3TA3JJAw","expanded_url":"https://twitter.com/i/web/status/887114791830945792","display_url":"twitter.com/i/web/status/8…","indices":[117,140]}]},"metadata":{"iso_language_code":"ja","result_type":"recent"},"source":"<a href=\"http://twitter.com\" rel=\"nofollow\">Twitter Web Client</a>","in_reply_to_status_id":null,"in_reply_to_status_id_str":null,"in_reply_to_user_id":null,"in_reply_to_user_id_str":null,"in_reply_to_screen_name":null,"user":{"id":2888006497,"id_str":"2888006497","name":"Splatoon（スプラトゥーン）","screen_name":"SplatoonJP","location":"","description":"『スプラトゥーン』公式総合アカウント。イカ研究所の調査報告（ゲーム情報）やお知らせをお伝えします。最新作の『スプラトゥーン2』は2017年7月21日（金）発売予定。ご質問・お問い合わせにはお答えしておりませんのでご容赦ください。 ※イカ研究所は実在の人物、団体とは一切関係ございません。","url":"https://t.co/yCMNfZlVpz","entities":{"url":{"urls":[{"url":"https://t.co/yCMNfZlVpz","expanded_url":"https://www.nintendo.co.jp/switch/aab6a/index.html","display_url":"nintendo.co.jp/switch/aab6a/i…","indices":[0,23]}]},"description":{"urls":[]}},"protected":false,"followers_count":661468,"friends_count":1,"listed_count":6459,"created_at":"Mon Nov 03 01:36:06 +0000 2014","favourites_count":0,"utc_offset":32400,"time_zone":"Tokyo","geo_enabled":false,"verified":true,"statuses_count":1471,"lang":"ja","contributors_enabled":false,"is_translator":false,"is_translation_enabled":false,"profile_background_color":"000000","profile_background_image_url":"http://pbs.twimg.com/profile_background_images/530105343452274688/WJl6dNx5.jpeg","profile_background_image_url_https":"https://pbs.twimg.com/profile_background_images/530105343452274688/WJl6dNx5.jpeg","profile_background_tile":false,"profile_image_url":"http://pbs.twimg.com/profile_images/819765217957552132/1WftJJM1_normal.jpg","profile_image_url_https":"https://pbs.twimg.com/profile_images/819765217957552132/1WftJJM1_normal.jpg","profile_banner_url":"https://pbs.twimg.com/profile_banners/2888006497/1484282224","profile_link_color":"000000","profile_sidebar_border_color":"000000","profile_sidebar_fill_color":"E3E2DE","profile_text_color":"634047","profile_use_background_image":true,"has_extended_profile":false,"default_profile":false,"default_profile_image":false,"following":false,"follow_request_sent":false,"notifications":false,"translator_type":"none"},"geo":null,"coordinates":null,"place":null,"contributors":null,"is_quote_status":false,"retweet_count":5687,"favorite_count":11933,"favorited":false,"retweeted":false,"possibly_sensitive":false,"lang":"ja"},{"created_at":"Tue Jul 18 01:00:07 +0000 2017","id":887114726408192000,"id_str":"887114726408192000","text":"『ミュージカル「黒執事」-Tango on the Campania-』お待たせいたしました！本日遂に待望の全キャスト発表。復活そして続投、また新キャストも集結！豪華絢爛なオールキャストビジュアルも大解禁！詳細は公式HPへ！\n→n… https://t.co/mQw8F2F6lB","truncated":true,"entities":{"hashtags":[],"symbols":[],"user_mentions":[],"urls":[{"url":"https://t.co/mQw8F2F6lB","expanded_url":"https://twitter.com/i/web/status/887114726408192000","display_url":"twitter.com/i/web/status/8…","indices":[117,140]}]},"metadata":{"iso_language_code":"ja","result_type":"recent"},"source":"<a href=\"http://twitter.com/download/iphone\" rel=\"nofollow\">Twitter for iPhone</a>","in_reply_to_status_id":null,"in_reply_to_status_id_str":null,"in_reply_to_user_id":null,"in_reply_to_user_id_str":null,"in_reply_to_screen_name":null,"user":{"id":2583812948,"id_str":"2583812948","name":"ミュージカル「黒執事」公式アカウント","screen_name":"namashitsujijp","location":"2014 ","description":"ミュージカル「黒執事」公式ツイッターアカウントです。ツイッターへのご質問はすぐにお答えできないこともございます。各種お問い合わせ先はhttps://t.co/jrjFHeASnV をご参照ください。（c)2017 枢やな／ミュージカル黒執事プロジェクト","url":"https://t.co/omH3oZlYSx","entities":{"url":{"urls":[{"url":"https://t.co/omH3oZlYSx","expanded_url":"http://www.namashitsuji.jp","display_url":"namashitsuji.jp","indices":[0,23]}]},"description":{"urls":[{"url":"https://t.co/jrjFHeASnV","expanded_url":"http://namashitsuji.jp/","display_url":"namashitsuji.jp","indices":[66,89]}]}},"protected":false,"followers_count":48761,"friends_count":69,"listed_count":759,"created_at":"Mon Jun 23 11:02:15 +0000 2014","favourites_count":10,"utc_offset":28800,"time_zone":"Irkutsk","geo_enabled":false,"verified":false,"statuses_count":2048,"lang":"ja","contributors_enabled":false,"is_translator":false,"is_translation_enabled":false,"profile_background_color":"000000","profile_background_image_url":"http://abs.twimg.com/images/themes/theme1/bg.png","profile_background_image_url_https":"https://abs.twimg.com/images/themes/theme1/bg.png","profile_background_tile":false,"profile_image_url":"http://pbs.twimg.com/profile_images/868277076998017024/1K3yj3Cv_normal.jpg","profile_image_url_https":"https://pbs.twimg.com/profile_images/868277076998017024/1K3yj3Cv_normal.jpg","profile_banner_url":"https://pbs.twimg.com/profile_banners/2583812948/1460953305","profile_link_color":"DD2E44","profile_sidebar_border_color":"000000","profile_sidebar_fill_color":"000000","profile_text_color":"000000","profile_use_background_image":false,"has_extended_profile":false,"default_profile":false,"default_profile_image":false,"following":false,"follow_request_sent":false,"notifications":false,"translator_type":"none"},"geo":null,"coordinates":null,"place":null,"contributors":null,"is_quote_status":false,"retweet_count":8358,"favorite_count":7702,"favorited":false,"retweeted":false,"possibly_sensitive":false,"lang":"ja"},{"created_at":"Tue Jul 18 00:24:36 +0000 2017","id":887105788778434600,"id_str":"887105788778434560","text":"おはようございます。みなさんの１日が幸せでありますように。そして、みなさんが友達の結婚式で、服装ミスって新郎よりも新郎感が出てしまいませんように。 https://t.co/IiMcRhKB4U","truncated":false,"entities":{"hashtags":[],"symbols":[],"user_mentions":[],"urls":[],"media":[{"id":887105770956795900,"id_str":"887105770956795904","indices":[74,97],"media_url":"http://pbs.twimg.com/media/DE-h_6QUMAA49_Z.jpg","media_url_https":"https://pbs.twimg.com/media/DE-h_6QUMAA49_Z.jpg","url":"https://t.co/IiMcRhKB4U","display_url":"pic.twitter.com/IiMcRhKB4U","expanded_url":"https://twitter.com/gakuishida/status/887105788778434560/photo/1","type":"photo","sizes":{"medium":{"w":1200,"h":900,"resize":"fit"},"large":{"w":1478,"h":1108,"resize":"fit"},"thumb":{"w":150,"h":150,"resize":"crop"},"small":{"w":680,"h":510,"resize":"fit"}}}]},"extended_entities":{"media":[{"id":887105770956795900,"id_str":"887105770956795904","indices":[74,97],"media_url":"http://pbs.twimg.com/media/DE-h_6QUMAA49_Z.jpg","media_url_https":"https://pbs.twimg.com/media/DE-h_6QUMAA49_Z.jpg","url":"https://t.co/IiMcRhKB4U","display_url":"pic.twitter.com/IiMcRhKB4U","expanded_url":"https://twitter.com/gakuishida/status/887105788778434560/photo/1","type":"photo","sizes":{"medium":{"w":1200,"h":900,"resize":"fit"},"large":{"w":1478,"h":1108,"resize":"fit"},"thumb":{"w":150,"h":150,"resize":"crop"},"small":{"w":680,"h":510,"resize":"fit"}}}]},"metadata":{"iso_language_code":"ja","result_type":"recent"},"source":"<a href=\"http://twitter.com/download/android\" rel=\"nofollow\">Twitter for Android</a>","in_reply_to_status_id":null,"in_reply_to_status_id_str":null,"in_reply_to_user_id":null,"in_reply_to_user_id_str":null,"in_reply_to_screen_name":null,"user":{"id":327434362,"id_str":"327434362","name":"NON STYLE　石田 明","screen_name":"gakuishida","location":"","description":"ノンスタ石田です。白い方です。ネタ書いてる方です。骨よく折れる方です。嫌われてない方です。よろしくです。漫才・脚本・演出・作家・おもちゃ開発など。ラインスタンプhttps://t.co/0yDEGjZ4k9…","url":"https://t.co/0qPD0KzymP","entities":{"url":{"urls":[{"url":"https://t.co/0qPD0KzymP","expanded_url":"http://m.blogs.yahoo.co.jp/nonstyleshiro_blog","display_url":"m.blogs.yahoo.co.jp/nonstyleshiro_…","indices":[0,23]}]},"description":{"urls":[{"url":"https://t.co/0yDEGjZ4k9","expanded_url":"http://store.line.me/stickershop/pr","display_url":"store.line.me/stickershop/pr","indices":[80,103]}]}},"protected":false,"followers_count":441365,"friends_count":418,"listed_count":1388,"created_at":"Fri Jul 01 15:21:08 +0000 2011","favourites_count":14,"utc_offset":-36000,"time_zone":"Hawaii","geo_enabled":true,"verified":true,"statuses_count":7805,"lang":"ja","contributors_enabled":false,"is_translator":false,"is_translation_enabled":false,"profile_background_color":"C0DEED","profile_background_image_url":"http://abs.twimg.com/images/themes/theme1/bg.png","profile_background_image_url_https":"https://abs.twimg.com/images/themes/theme1/bg.png","profile_background_tile":false,"profile_image_url":"http://pbs.twimg.com/profile_images/863206437790470144/DBwo-lRV_normal.jpg","profile_image_url_https":"https://pbs.twimg.com/profile_images/863206437790470144/DBwo-lRV_normal.jpg","profile_banner_url":"https://pbs.twimg.com/profile_banners/327434362/1358086200","profile_link_color":"1DA1F2","profile_sidebar_border_color":"C0DEED","profile_sidebar_fill_color":"DDEEF6","profile_text_color":"333333","profile_use_background_image":true,"has_extended_profile":true,"default_profile":true,"default_profile_image":false,"following":false,"follow_request_sent":false,"notifications":false,"translator_type":"none"},"geo":null,"coordinates":null,"place":null,"contributors":null,"is_quote_status":false,"retweet_count":7561,"favorite_count":44148,"favorited":false,"retweeted":false,"possibly_sensitive":false,"lang":"ja"},{"created_at":"Tue Jul 18 00:00:43 +0000 2017","id":887099780874350600,"id_str":"887099780874350593","text":"＼その場で当たる✨／\n@jalannetをフォロー＆リツイートで\n乃木坂46限定動画＆オリジナルグッズをプレゼント🎁(～8/31)\n\n詳細は▼\n\n#じゃらん乃木夏 #乃木坂46 #毎日挑戦\nhttps://t.co/vzP5dltYAg","truncated":false,"entities":{"hashtags":[{"text":"じゃらん乃木夏","indices":[73,81]},{"text":"乃木坂46","indices":[82,88]},{"text":"毎日挑戦","indices":[89,94]}],"symbols":[],"user_mentions":[{"screen_name":"jalannet","name":"じゃらんnet〈公式〉","id":104657420,"id_str":"104657420","indices":[11,20]}],"urls":[{"url":"https://t.co/vzP5dltYAg","expanded_url":"https://cards.twitter.com/cards/18ce53vz78s/4gzve","display_url":"cards.twitter.com/cards/18ce53vz…","indices":[95,118]}]},"metadata":{"iso_language_code":"ja","result_type":"recent"},"source":"<a href=\"http://www.hootsuite.com\" rel=\"nofollow\">Hootsuite</a>","in_reply_to_status_id":null,"in_reply_to_status_id_str":null,"in_reply_to_user_id":null,"in_reply_to_user_id_str":null,"in_reply_to_screen_name":null,"user":{"id":104657420,"id_str":"104657420","name":"じゃらんnet〈公式〉","screen_name":"jalannet","location":"tokyo","description":"#じゃらん乃木夏 キャンペーン https://t.co/ckMhbZJt9c ご利用の皆様には大変多くのご応募をいただき誠にありがとうございます。現在一部の利用者による悪質な迷惑行為が確認されております。このため応募条件を「リツイートのみ」の参加と変更させていただきます。何卒ご了承頂きますようお願い申し上げます","url":"https://t.co/KMaSJDljI7","entities":{"url":{"urls":[{"url":"https://t.co/KMaSJDljI7","expanded_url":"http://www.jalan.net/","display_url":"jalan.net","indices":[0,23]}]},"description":{"urls":[{"url":"https://t.co/ckMhbZJt9c","expanded_url":"http://ow.ly/f4F930dgMiT","display_url":"ow.ly/f4F930dgMiT","indices":[16,39]}]}},"protected":false,"followers_count":248390,"friends_count":9,"listed_count":567,"created_at":"Thu Jan 14 00:33:53 +0000 2010","favourites_count":99,"utc_offset":32400,"time_zone":"Tokyo","geo_enabled":false,"verified":true,"statuses_count":2107255,"lang":"ja","contributors_enabled":false,"is_translator":false,"is_translation_enabled":false,"profile_background_color":"000000","profile_background_image_url":"http://abs.twimg.com/images/themes/theme1/bg.png","profile_background_image_url_https":"https://abs.twimg.com/images/themes/theme1/bg.png","profile_background_tile":false,"profile_image_url":"http://pbs.twimg.com/profile_images/430525545340612608/sK5D22SC_normal.jpeg","profile_image_url_https":"https://pbs.twimg.com/profile_images/430525545340612608/sK5D22SC_normal.jpeg","profile_banner_url":"https://pbs.twimg.com/profile_banners/104657420/1499393475","profile_link_color":"1B95E0","profile_sidebar_border_color":"000000","profile_sidebar_fill_color":"000000","profile_text_color":"000000","profile_use_background_image":false,"has_extended_profile":false,"default_profile":false,"default_profile_image":false,"following":false,"follow_request_sent":false,"notifications":false,"translator_type":"none"},"geo":null,"coordinates":null,"place":null,"contributors":null,"is_quote_status":false,"retweet_count":18792,"favorite_count":1682,"favorited":false,"retweeted":false,"possibly_sensitive":false,"lang":"ja"},{"created_at":"Mon Jul 17 23:22:40 +0000 2017","id":887090205550755800,"id_str":"887090205550755841","text":"先日、保護者会で「ネットスーパーはダメ。子供と一緒に実際のスーパーに買い物に行って、野菜の産地など知ってほしい」と言われたので、とりいそぎ落とし所として、桃鉄を買ってみた。笑うほどのすごい勢いで産地だの産業だの覚えてく。桃鉄Switch版出てほしいなあ。","truncated":false,"entities":{"hashtags":[],"symbols":[],"user_mentions":[],"urls":[]},"metadata":{"iso_language_code":"ja","result_type":"recent"},"source":"<a href=\"http://twitter.com\" rel=\"nofollow\">Twitter Web Client</a>","in_reply_to_status_id":null,"in_reply_to_status_id_str":null,"in_reply_to_user_id":null,"in_reply_to_user_id_str":null,"in_reply_to_screen_name":null,"user":{"id":52249313,"id_str":"52249313","name":"うめ『ニブンノイクジ』第二集発売中","screen_name":"ume_nanminchamp","location":"東京都","description":"二人組漫画家。代表作『大東京トイボックス』。『おもたせしました。』第1集は、好評発売中。『劇場版 マジンガーZ（仮題）』脚本担当","url":"https://t.co/jvHYN2NMCj","entities":{"url":{"urls":[{"url":"https://t.co/jvHYN2NMCj","expanded_url":"http://chabudai.com","display_url":"chabudai.com","indices":[0,23]}]},"description":{"urls":[]}},"protected":false,"followers_count":13308,"friends_count":1980,"listed_count":1353,"created_at":"Tue Jun 30 00:49:48 +0000 2009","favourites_count":5840,"utc_offset":32400,"time_zone":"Tokyo","geo_enabled":true,"verified":false,"statuses_count":35700,"lang":"ja","contributors_enabled":false,"is_translator":false,"is_translation_enabled":false,"profile_background_color":"000000","profile_background_image_url":"http://abs.twimg.com/images/themes/theme8/bg.gif","profile_background_image_url_https":"https://abs.twimg.com/images/themes/theme8/bg.gif","profile_background_tile":false,"profile_image_url":"http://pbs.twimg.com/profile_images/378800000500158191/6fdb5e27d165fcb1e8badb0811447b9b_normal.jpeg","profile_image_url_https":"https://pbs.twimg.com/profile_images/378800000500158191/6fdb5e27d165fcb1e8badb0811447b9b_normal.jpeg","profile_banner_url":"https://pbs.twimg.com/profile_banners/52249313/1379987812","profile_link_color":"ABB8C2","profile_sidebar_border_color":"000000","profile_sidebar_fill_color":"000000","profile_text_color":"000000","profile_use_background_image":false,"has_extended_profile":false,"default_profile":false,"default_profile_image":false,"following":false,"follow_request_sent":false,"notifications":false,"translator_type":"regular"},"geo":null,"coordinates":null,"place":null,"contributors":null,"is_quote_status":false,"retweet_count":5965,"favorite_count":4704,"favorited":false,"retweeted":false,"lang":"ja"},{"created_at":"Mon Jul 17 18:07:56 +0000 2017","id":887010998556647400,"id_str":"887010998556647428","text":"ジャックちゃん　#FGO https://t.co/xWJQH89QTd","truncated":false,"entities":{"hashtags":[{"text":"FGO","indices":[8,12]}],"symbols":[],"user_mentions":[],"urls":[],"media":[{"id":887010880428232700,"id_str":"887010880428232704","indices":[13,36],"media_url":"http://pbs.twimg.com/media/DE9LsjfU0AASzAD.jpg","media_url_https":"https://pbs.twimg.com/media/DE9LsjfU0AASzAD.jpg","url":"https://t.co/xWJQH89QTd","display_url":"pic.twitter.com/xWJQH89QTd","expanded_url":"https://twitter.com/yuu_hitaki/status/887010998556647428/photo/1","type":"photo","sizes":{"small":{"w":680,"h":454,"resize":"fit"},"thumb":{"w":150,"h":150,"resize":"crop"},"large":{"w":1300,"h":867,"resize":"fit"},"medium":{"w":1200,"h":800,"resize":"fit"}}}]},"extended_entities":{"media":[{"id":887010880428232700,"id_str":"887010880428232704","indices":[13,36],"media_url":"http://pbs.twimg.com/media/DE9LsjfU0AASzAD.jpg","media_url_https":"https://pbs.twimg.com/media/DE9LsjfU0AASzAD.jpg","url":"https://t.co/xWJQH89QTd","display_url":"pic.twitter.com/xWJQH89QTd","expanded_url":"https://twitter.com/yuu_hitaki/status/887010998556647428/photo/1","type":"photo","sizes":{"small":{"w":680,"h":454,"resize":"fit"},"thumb":{"w":150,"h":150,"resize":"crop"},"large":{"w":1300,"h":867,"resize":"fit"},"medium":{"w":1200,"h":800,"resize":"fit"}}}]},"metadata":{"iso_language_code":"ja","result_type":"recent"},"source":"<a href=\"http://twitter.com\" rel=\"nofollow\">Twitter Web Client</a>","in_reply_to_status_id":null,"in_reply_to_status_id_str":null,"in_reply_to_user_id":null,"in_reply_to_user_id_str":null,"in_reply_to_screen_name":null,"user":{"id":2320743655,"id_str":"2320743655","name":"ひたきゆう@3日目 レ51b","screen_name":"yuu_hitaki","location":"東京","description":"■サークル名「ルリビタキ」●絵と3Dとおいしいもの ■ pixiv https://t.co/G21yrWkfID ■連絡先   hitakiyuu@gmail.com","url":null,"entities":{"description":{"urls":[{"url":"https://t.co/G21yrWkfID","expanded_url":"http://www.pixiv.net/member.php?id=7885007","display_url":"pixiv.net/member.php?id=…","indices":[34,57]}]}},"protected":false,"followers_count":23862,"friends_count":1087,"listed_count":642,"created_at":"Fri Jan 31 12:41:16 +0000 2014","favourites_count":9243,"utc_offset":null,"time_zone":null,"geo_enabled":false,"verified":false,"statuses_count":16173,"lang":"ja","contributors_enabled":false,"is_translator":false,"is_translation_enabled":false,"profile_background_color":"000000","profile_background_image_url":"http://abs.twimg.com/images/themes/theme1/bg.png","profile_background_image_url_https":"https://abs.twimg.com/images/themes/theme1/bg.png","profile_background_tile":false,"profile_image_url":"http://pbs.twimg.com/profile_images/826485018889314304/q1c3uczx_normal.jpg","profile_image_url_https":"https://pbs.twimg.com/profile_images/826485018889314304/q1c3uczx_normal.jpg","profile_banner_url":"https://pbs.twimg.com/profile_banners/2320743655/1478973217","profile_link_color":"ABB8C2","profile_sidebar_border_color":"000000","profile_sidebar_fill_color":"000000","profile_text_color":"000000","profile_use_background_image":false,"has_extended_profile":false,"default_profile":false,"default_profile_image":false,"following":false,"follow_request_sent":false,"notifications":false,"translator_type":"none"},"geo":null,"coordinates":null,"place":null,"contributors":null,"is_quote_status":false,"retweet_count":7967,"favorite_count":20553,"favorited":false,"retweeted":false,"possibly_sensitive":false,"lang":"ja"},{"created_at":"Mon Jul 17 15:54:26 +0000 2017","id":886977400520691700,"id_str":"886977400520691712","text":"皆に涼しさをお届けする五虎退の虎くん。 https://t.co/YpOWdITjtq","truncated":false,"entities":{"hashtags":[],"symbols":[],"user_mentions":[],"urls":[],"media":[{"id":886976367690096600,"id_str":"886976367690096640","indices":[20,43],"media_url":"http://pbs.twimg.com/media/DE8sTphVoAAlaUW.png","media_url_https":"https://pbs.twimg.com/media/DE8sTphVoAAlaUW.png","url":"https://t.co/YpOWdITjtq","display_url":"pic.twitter.com/YpOWdITjtq","expanded_url":"https://twitter.com/hohojiro9/status/886977400520691712/photo/1","type":"photo","sizes":{"small":{"w":363,"h":680,"resize":"fit"},"thumb":{"w":150,"h":150,"resize":"crop"},"medium":{"w":580,"h":1088,"resize":"fit"},"large":{"w":580,"h":1088,"resize":"fit"}}}]},"extended_entities":{"media":[{"id":886976367690096600,"id_str":"886976367690096640","indices":[20,43],"media_url":"http://pbs.twimg.com/media/DE8sTphVoAAlaUW.png","media_url_https":"https://pbs.twimg.com/media/DE8sTphVoAAlaUW.png","url":"https://t.co/YpOWdITjtq","display_url":"pic.twitter.com/YpOWdITjtq","expanded_url":"https://twitter.com/hohojiro9/status/886977400520691712/photo/1","type":"photo","sizes":{"small":{"w":363,"h":680,"resize":"fit"},"thumb":{"w":150,"h":150,"resize":"crop"},"medium":{"w":580,"h":1088,"resize":"fit"},"large":{"w":580,"h":1088,"resize":"fit"}}},{"id":886976418046857200,"id_str":"886976418046857217","indices":[20,43],"media_url":"http://pbs.twimg.com/media/DE8sWlHU0AEAL9w.png","media_url_https":"https://pbs.twimg.com/media/DE8sWlHU0AEAL9w.png","url":"https://t.co/YpOWdITjtq","display_url":"pic.twitter.com/YpOWdITjtq","expanded_url":"https://twitter.com/hohojiro9/status/886977400520691712/photo/1","type":"photo","sizes":{"large":{"w":580,"h":981,"resize":"fit"},"thumb":{"w":150,"h":150,"resize":"crop"},"medium":{"w":580,"h":981,"resize":"fit"},"small":{"w":402,"h":680,"resize":"fit"}}}]},"metadata":{"iso_language_code":"ja","result_type":"recent"},"source":"<a href=\"http://twitter.com\" rel=\"nofollow\">Twitter Web Client</a>","in_reply_to_status_id":null,"in_reply_to_status_id_str":null,"in_reply_to_user_id":null,"in_reply_to_user_id_str":null,"in_reply_to_screen_name":null,"user":{"id":2313488534,"id_str":"2313488534","name":"さめおか","screen_name":"hohojiro9","location":"雪深い東北の奥地","description":"フォローはお気軽に。武井作品、ポケモンは心の故郷。 重度のまんが日本昔ばなし中毒。 ※息を吸うように下ネタ言うのでお気をつけて※  小夜隊長といっしょ  【連絡先 black_shark_9_0202@yahoo.co.jp】 【ﾔﾊﾞｲ方 @syumoku9】","url":"https://t.co/DU2NkTuAYJ","entities":{"url":{"urls":[{"url":"https://t.co/DU2NkTuAYJ","expanded_url":"http://tegaki.pipa.jp/319973/","display_url":"tegaki.pipa.jp/319973/","indices":[0,23]}]},"description":{"urls":[]}},"protected":false,"followers_count":9576,"friends_count":190,"listed_count":249,"created_at":"Mon Jan 27 11:27:01 +0000 2014","favourites_count":3619,"utc_offset":28800,"time_zone":"Irkutsk","geo_enabled":false,"verified":false,"statuses_count":5275,"lang":"ja","contributors_enabled":false,"is_translator":false,"is_translation_enabled":false,"profile_background_color":"000000","profile_background_image_url":"http://abs.twimg.com/images/themes/theme1/bg.png","profile_background_image_url_https":"https://abs.twimg.com/images/themes/theme1/bg.png","profile_background_tile":false,"profile_image_url":"http://pbs.twimg.com/profile_images/871171573482377216/VgvB0URn_normal.jpg","profile_image_url_https":"https://pbs.twimg.com/profile_images/871171573482377216/VgvB0URn_normal.jpg","profile_banner_url":"https://pbs.twimg.com/profile_banners/2313488534/1457171320","profile_link_color":"89C9FA","profile_sidebar_border_color":"000000","profile_sidebar_fill_color":"000000","profile_text_color":"000000","profile_use_background_image":false,"has_extended_profile":true,"default_profile":false,"default_profile_image":false,"following":false,"follow_request_sent":false,"notifications":false,"translator_type":"none"},"geo":null,"coordinates":null,"place":null,"contributors":null,"is_quote_status":false,"retweet_count":6734,"favorite_count":14603,"favorited":false,"retweeted":false,"possibly_sensitive":false,"lang":"ja"}],"search_metadata":{"completed_in":0.731,"max_id":887155375279030300,"max_id_str":"887155375279030272","next_results":"?max_id=886977400520691711&q=lang%3Aja%20min_retweets%3A5000&include_entities=1","query":"lang%3Aja+min_retweets%3A5000","refresh_url":"?since_id=887155375279030272&q=lang%3Aja%20min_retweets%3A5000&include_entities=1","count":15,"since_id":0,"since_id_str":"0"}}