{"statuses":[{"created_at":"Wed Jul 19 15:00:03 +0000 2017","id":887688493496807400,"id_str":"887688493496807424","text":"明日7/21 (金)は『スプラトゥーン2』の発売日だ。\n今までの思い出にナイス！これからのバトルにカモン！\n1万2千年後のイカの世界に飛び込もう。\n#明日はイカだ\nhttps://t.co/tRMTvwGi9U https://t.co/GmO2LqHzlv","truncated":false,"entities":{"hashtags":[{"text":"明日はイカだ","indices":[74,81]}],"symbols":[],"user_mentions":[],"urls":[{"url":"https://t.co/tRMTvwGi9U","expanded_url":"https://www.nintendo.co.jp/switch/aab6a/index.html","display_url":"nintendo.co.jp/switch/aab6a/i…","indices":[82,105]}],"media":[{"id":885647587490922500,"id_str":"885647587490922496","indices":[106,129],"media_url":"http://pbs.twimg.com/media/DEpzydiUAAA0J4P.jpg","media_url_https":"https://pbs.twimg.com/media/DEpzydiUAAA0J4P.jpg","url":"https://t.co/GmO2LqHzlv","display_url":"pic.twitter.com/GmO2LqHzlv","expanded_url":"https://twitter.com/SplatoonJP/status/887688493496807424/photo/1","type":"photo","sizes":{"thumb":{"w":150,"h":150,"resize":"crop"},"large":{"w":2000,"h":1125,"resize":"fit"},"medium":{"w":1200,"h":675,"resize":"fit"},"small":{"w":680,"h":383,"resize":"fit"}}}]},"extended_entities":{"media":[{"id":885647587490922500,"id_str":"885647587490922496","indices":[106,129],"media_url":"http://pbs.twimg.com/media/DEpzydiUAAA0J4P.jpg","media_url_https":"https://pbs.twimg.com/media/DEpzydiUAAA0J4P.jpg","url":"https://t.co/GmO2LqHzlv","display_url":"pic.twitter.com/GmO2LqHzlv","expanded_url":"https://twitter.com/SplatoonJP/status/887688493496807424/photo/1","type":"photo","sizes":{"thumb":{"w":150,"h":150,"resize":"crop"},"large":{"w":2000,"h":1125,"resize":"fit"},"medium":{"w":1200,"h":675,"resize":"fit"},"small":{"w":680,"h":383,"resize":"fit"}}}]},"metadata":{"iso_language_code":"ja","result_type":"recent"},"source":"<a href=\"https://ads.twitter.com\" rel=\"nofollow\">Twitter Ads</a>","in_reply_to_status_id":null,"in_reply_to_status_id_str":null,"in_reply_to_user_id":null,"in_reply_to_user_id_str":null,"in_reply_to_screen_name":null,"user":{"id":2888006497,"id_str":"2888006497","name":"Splatoon（スプラトゥーン）","screen_name":"SplatoonJP","location":"","description":"『スプラトゥーン』公式総合アカウント。イカ研究所の調査報告（ゲーム情報）やお知らせをお伝えします。最新作の『スプラトゥーン2』は2017年7月21日（金）発売予定。ご質問・お問い合わせにはお答えしておりませんのでご容赦ください。 ※イカ研究所は実在の人物、団体とは一切関係ございません。","url":"https://t.co/yCMNfZlVpz","entities":{"url":{"urls":[{"url":"https://t.co/yCMNfZlVpz","expanded_url":"https://www.nintendo.co.jp/switch/aab6a/index.html","display_url":"nintendo.co.jp/switch/aab6a/i…","indices":[0,23]}]},"description":{"urls":[]}},"protected":false,"followers_count":665634,"friends_count":1,"listed_count":6478,"created_at":"Mon Nov 03 01:36:06 +0000 2014","favourites_count":0,"utc_offset":32400,"time_zone":"Tokyo","geo_enabled":false,"verified":true,"statuses_count":1477,"lang":"ja","contributors_enabled":false,"is_translator":false,"is_translation_enabled":false,"profile_background_color":"000000","profile_background_image_url":"http://pbs.twimg.com/profile_background_images/530105343452274688/WJl6dNx5.jpeg","profile_background_image_url_https":"https://pbs.twimg.com/profile_background_images/530105343452274688/WJl6dNx5.jpeg","profile_background_tile":false,"profile_image_url":"http://pbs.twimg.com/profile_images/819765217957552132/1WftJJM1_normal.jpg","profile_image_url_https":"https://pbs.twimg.com/profile_images/819765217957552132/1WftJJM1_normal.jpg","profile_banner_url":"https://pbs.twimg.com/profile_banners/2888006497/1484282224","profile_link_color":"000000","profile_sidebar_border_color":"000000","profile_sidebar_fill_color":"E3E2DE","profile_text_color":"634047","profile_use_background_image":true,"has_extended_profile":false,"default_profile":false,"default_profile_image":false,"following":false,"follow_request_sent":false,"notifications":false,"translator_type":"none"},"geo":null,"coordinates":null,"place":null,"contributors":null,"is_quote_status":false,"retweet_count":8488,"favorite_count":9709,"favorited":false,"retweeted":false,"possibly_sensitive":false,"lang":"ja"},{"created_at":"Wed Jul 19 13:43:12 +0000 2017","id":887669150176247800,"id_str":"887669150176247810","text":"身を削る https://t.co/Lidxd3x7Qi","truncated":false,"entities":{"hashtags":[],"symbols":[],"user_mentions":[],"urls":[],"media":[{"id":887668950271537200,"id_str":"887668950271537153","indices":[5,28],"media_url":"http://pbs.twimg.com/media/DFGiNQsUMAEhGl0.jpg","media_url_https":"https://pbs.twimg.com/media/DFGiNQsUMAEhGl0.jpg","url":"https://t.co/Lidxd3x7Qi","display_url":"pic.twitter.com/Lidxd3x7Qi","expanded_url":"https://twitter.com/avogado6/status/887669150176247810/photo/1","type":"photo","sizes":{"small":{"w":680,"h":680,"resize":"fit"},"thumb":{"w":150,"h":150,"resize":"crop"},"large":{"w":800,"h":800,"resize":"fit"},"medium":{"w":800,"h":800,"resize":"fit"}}}]},"extended_entities":{"media":[{"id":887668950271537200,"id_str":"887668950271537153","indices":[5,28],"media_url":"http://pbs.twimg.com/media/DFGiNQsUMAEhGl0.jpg","media_url_https":"https://pbs.twimg.com/media/DFGiNQsUMAEhGl0.jpg","url":"https://t.co/Lidxd3x7Qi","display_url":"pic.twitter.com/Lidxd3x7Qi","expanded_url":"https://twitter.com/avogado6/status/887669150176247810/photo/1","type":"photo","sizes":{"small":{"w":680,"h":680,"resize":"fit"},"thumb":{"w":150,"h":150,"resize":"crop"},"large":{"w":800,"h":800,"resize":"fit"},"medium":{"w":800,"h":800,"resize":"fit"}}}]},"metadata":{"iso_language_code":"ja","result_type":"recent"},"source":"<a href=\"http://twitter.com\" rel=\"nofollow\">Twitter Web Client</a>","in_reply_to_status_id":null,"in_reply_to_status_id_str":null,"in_reply_to_user_id":null,"in_reply_to_user_id_str":null,"in_reply_to_screen_name":null,"user":{"id":324391547,"id_str":"324391547","name":"アボガド6","screen_name":"avogado6","location":"","description":"化学が好きな一般人です。映像作品とか創ってます。http://t.co/ipBsbge0ll","url":"http://t.co/EiHogSmY2Z","entities":{"url":{"urls":[{"url":"http://t.co/EiHogSmY2Z","expanded_url":"http://avogado6.wix.com/6022e-plus20","display_url":"avogado6.wix.com/6022e-plus20","indices":[0,22]}]},"description":{"urls":[{"url":"http://t.co/ipBsbge0ll","expanded_url":"http://www.nicovideo.jp/mylist/28725264","display_url":"nicovideo.jp/mylist/28725264","indices":[24,46]}]}},"protected":false,"followers_count":229642,"friends_count":27,"listed_count":1935,"created_at":"Sun Jun 26 14:46:50 +0000 2011","favourites_count":36,"utc_offset":-25200,"time_zone":"Pacific Time (US & Canada)","geo_enabled":false,"verified":false,"statuses_count":3212,"lang":"ja","contributors_enabled":false,"is_translator":false,"is_translation_enabled":false,"profile_background_color":"000000","profile_background_image_url":"http://pbs.twimg.com/profile_background_images/873958585/01311c34236282338aeee06442317e97.jpeg","profile_background_image_url_https":"https://pbs.twimg.com/profile_background_images/873958585/01311c34236282338aeee06442317e97.jpeg","profile_background_tile":false,"profile_image_url":"http://pbs.twimg.com/profile_images/715865999673675777/imuBDN9A_normal.jpg","profile_image_url_https":"https://pbs.twimg.com/profile_images/715865999673675777/imuBDN9A_normal.jpg","profile_banner_url":"https://pbs.twimg.com/profile_banners/324391547/1431398698","profile_link_color":"8F0072","profile_sidebar_border_color":"FFFFFF","profile_sidebar_fill_color":"FFFFFF","profile_text_color":"333333","profile_use_background_image":true,"has_extended_profile":false,"default_profile":false,"default_profile_image":false,"following":false,"follow_request_sent":false,"notifications":false,"translator_type":"none"},"geo":null,"coordinates":null,"place":null,"contributors":null,"is_quote_status":false,"retweet_count":5042,"favorite_count":16634,"favorited":false,"retweeted":false,"possibly_sensitive":false,"lang":"ja"},{"created_at":"Wed Jul 19 12:59:50 +0000 2017","id":887658238539292700,"id_str":"887658238539292672","text":"LINEの新機能ものすごい既視感あると思ったんだけど、これ「デコメ」では？？？(2000年代生まれには伝わらない) https://t.co/8Sh1HEWCUK","truncated":false,"entities":{"hashtags":[],"symbols":[],"user_mentions":[],"urls":[],"media":[{"id":887658230498836500,"id_str":"887658230498836481","indices":[58,81],"media_url":"http://pbs.twimg.com/media/DFGYdSbVwAEWuND.jpg","media_url_https":"https://pbs.twimg.com/media/DFGYdSbVwAEWuND.jpg","url":"https://t.co/8Sh1HEWCUK","display_url":"pic.twitter.com/8Sh1HEWCUK","expanded_url":"https://twitter.com/karaageBBQ/status/887658238539292672/photo/1","type":"photo","sizes":{"large":{"w":749,"h":1092,"resize":"fit"},"small":{"w":466,"h":680,"resize":"fit"},"thumb":{"w":150,"h":150,"resize":"crop"},"medium":{"w":749,"h":1092,"resize":"fit"}}}]},"extended_entities":{"media":[{"id":887658230498836500,"id_str":"887658230498836481","indices":[58,81],"media_url":"http://pbs.twimg.com/media/DFGYdSbVwAEWuND.jpg","media_url_https":"https://pbs.twimg.com/media/DFGYdSbVwAEWuND.jpg","url":"https://t.co/8Sh1HEWCUK","display_url":"pic.twitter.com/8Sh1HEWCUK","expanded_url":"https://twitter.com/karaageBBQ/status/887658238539292672/photo/1","type":"photo","sizes":{"large":{"w":749,"h":1092,"resize":"fit"},"small":{"w":466,"h":680,"resize":"fit"},"thumb":{"w":150,"h":150,"resize":"crop"},"medium":{"w":749,"h":1092,"resize":"fit"}}},{"id":887658230456778800,"id_str":"887658230456778753","indices":[58,81],"media_url":"http://pbs.twimg.com/media/DFGYdSRUAAERRRE.jpg","media_url_https":"https://pbs.twimg.com/media/DFGYdSRUAAERRRE.jpg","url":"https://t.co/8Sh1HEWCUK","display_url":"pic.twitter.com/8Sh1HEWCUK","expanded_url":"https://twitter.com/karaageBBQ/status/887658238539292672/photo/1","type":"photo","sizes":{"large":{"w":750,"h":1245,"resize":"fit"},"thumb":{"w":150,"h":150,"resize":"crop"},"medium":{"w":723,"h":1200,"resize":"fit"},"small":{"w":410,"h":680,"resize":"fit"}}},{"id":887658230469414900,"id_str":"887658230469414912","indices":[58,81],"media_url":"http://pbs.twimg.com/media/DFGYdSUU0AARivf.jpg","media_url_https":"https://pbs.twimg.com/media/DFGYdSUU0AARivf.jpg","url":"https://t.co/8Sh1HEWCUK","display_url":"pic.twitter.com/8Sh1HEWCUK","expanded_url":"https://twitter.com/karaageBBQ/status/887658238539292672/photo/1","type":"photo","sizes":{"small":{"w":240,"h":400,"resize":"fit"},"medium":{"w":240,"h":400,"resize":"fit"},"thumb":{"w":150,"h":150,"resize":"crop"},"large":{"w":240,"h":400,"resize":"fit"}}},{"id":887658230465273900,"id_str":"887658230465273856","indices":[58,81],"media_url":"http://pbs.twimg.com/media/DFGYdSTVoAA-TPF.jpg","media_url_https":"https://pbs.twimg.com/media/DFGYdSTVoAA-TPF.jpg","url":"https://t.co/8Sh1HEWCUK","display_url":"pic.twitter.com/8Sh1HEWCUK","expanded_url":"https://twitter.com/karaageBBQ/status/887658238539292672/photo/1","type":"photo","sizes":{"large":{"w":750,"h":1334,"resize":"fit"},"medium":{"w":675,"h":1200,"resize":"fit"},"thumb":{"w":150,"h":150,"resize":"crop"},"small":{"w":382,"h":680,"resize":"fit"}}}]},"metadata":{"iso_language_code":"ja","result_type":"recent"},"source":"<a href=\"http://twitter.com/download/iphone\" rel=\"nofollow\">Twitter for iPhone</a>","in_reply_to_status_id":null,"in_reply_to_status_id_str":null,"in_reply_to_user_id":null,"in_reply_to_user_id_str":null,"in_reply_to_screen_name":null,"user":{"id":3054342583,"id_str":"3054342583","name":"るるるるるる","screen_name":"karaageBBQ","location":"","description":"東京外国語大学 ヒンディー語 3rd","url":null,"entities":{"description":{"urls":[]}},"protected":false,"followers_count":657,"friends_count":530,"listed_count":4,"created_at":"Mon Mar 02 02:22:50 +0000 2015","favourites_count":7157,"utc_offset":32400,"time_zone":"Tokyo","geo_enabled":true,"verified":false,"statuses_count":1749,"lang":"ja","contributors_enabled":false,"is_translator":false,"is_translation_enabled":false,"profile_background_color":"C0DEED","profile_background_image_url":"http://abs.twimg.com/images/themes/theme1/bg.png","profile_background_image_url_https":"https://abs.twimg.com/images/themes/theme1/bg.png","profile_background_tile":false,"profile_image_url":"http://pbs.twimg.com/profile_images/684094736387276800/Uvuve6zC_normal.jpg","profile_image_url_https":"https://pbs.twimg.com/profile_images/684094736387276800/Uvuve6zC_normal.jpg","profile_banner_url":"https://pbs.twimg.com/profile_banners/3054342583/1425647243","profile_link_color":"1DA1F2","profile_sidebar_border_color":"C0DEED","profile_sidebar_fill_color":"DDEEF6","profile_text_color":"333333","profile_use_background_image":true,"has_extended_profile":false,"default_profile":true,"default_profile_image":false,"following":false,"follow_request_sent":false,"notifications":false,"translator_type":"none"},"geo":null,"coordinates":null,"place":null,"contributors":null,"is_quote_status":false,"retweet_count":13984,"favorite_count":9915,"favorited":false,"retweeted":false,"possibly_sensitive":false,"lang":"ja"},{"created_at":"Wed Jul 19 12:50:54 +0000 2017","id":887655989553397800,"id_str":"887655989553397760","text":"#過保護のカホコ糸ちゃんおこ \n\n初君は今日スーツ着てるらしいよ☺️\nさて、なんのバイトでしょう⁉︎ https://t.co/Pw2HMknPuF","truncated":false,"entities":{"hashtags":[{"text":"過保護のカホコ糸ちゃんおこ","indices":[0,14]}],"symbols":[],"user_mentions":[],"urls":[],"media":[{"id":887655970364469200,"id_str":"887655970364469249","indices":[51,74],"media_url":"http://pbs.twimg.com/media/DFGWZuxUMAE97VP.jpg","media_url_https":"https://pbs.twimg.com/media/DFGWZuxUMAE97VP.jpg","url":"https://t.co/Pw2HMknPuF","display_url":"pic.twitter.com/Pw2HMknPuF","expanded_url":"https://twitter.com/takeuchi_ryoma/status/887655989553397760/photo/1","type":"photo","sizes":{"medium":{"w":900,"h":1200,"resize":"fit"},"small":{"w":510,"h":680,"resize":"fit"},"thumb":{"w":150,"h":150,"resize":"crop"},"large":{"w":1536,"h":2048,"resize":"fit"}}}]},"extended_entities":{"media":[{"id":887655970364469200,"id_str":"887655970364469249","indices":[51,74],"media_url":"http://pbs.twimg.com/media/DFGWZuxUMAE97VP.jpg","media_url_https":"https://pbs.twimg.com/media/DFGWZuxUMAE97VP.jpg","url":"https://t.co/Pw2HMknPuF","display_url":"pic.twitter.com/Pw2HMknPuF","expanded_url":"https://twitter.com/takeuchi_ryoma/status/887655989553397760/photo/1","type":"photo","sizes":{"medium":{"w":900,"h":1200,"resize":"fit"},"small":{"w":510,"h":680,"resize":"fit"},"thumb":{"w":150,"h":150,"resize":"crop"},"large":{"w":1536,"h":2048,"resize":"fit"}}}]},"metadata":{"iso_language_code":"ja","result_type":"recent"},"source":"<a href=\"http://twitter.com/download/iphone\" rel=\"nofollow\">Twitter for iPhone</a>","in_reply_to_status_id":null,"in_reply_to_status_id_str":null,"in_reply_to_user_id":null,"in_reply_to_user_id_str":null,"in_reply_to_screen_name":null,"user":{"id":2816575188,"id_str":"2816575188","name":"竹内涼真","screen_name":"takeuchi_ryoma","location":"","description":"竹内涼真オフィシャルアカウント ホリプロ所属 【竹内涼真携帯サイト】https://t.co/bHz3ujZU4w","url":"https://t.co/BInSeW6RrS","entities":{"url":{"urls":[{"url":"https://t.co/BInSeW6RrS","expanded_url":"http://www.horipro.co.jp/takeuchiryoma/","display_url":"horipro.co.jp/takeuchiryoma/","indices":[0,23]}]},"description":{"urls":[{"url":"https://t.co/bHz3ujZU4w","expanded_url":"http://goo.gl/Kfd42k","display_url":"goo.gl/Kfd42k","indices":[34,57]}]}},"protected":false,"followers_count":890900,"friends_count":177,"listed_count":2383,"created_at":"Thu Sep 18 08:13:38 +0000 2014","favourites_count":2265,"utc_offset":32400,"time_zone":"Tokyo","geo_enabled":false,"verified":true,"statuses_count":3948,"lang":"ja","contributors_enabled":false,"is_translator":false,"is_translation_enabled":false,"profile_background_color":"C0DEED","profile_background_image_url":"http://abs.twimg.com/images/themes/theme1/bg.png","profile_background_image_url_https":"https://abs.twimg.com/images/themes/theme1/bg.png","profile_background_tile":false,"profile_image_url":"http://pbs.twimg.com/profile_images/884783756246044672/ksy7UW1A_normal.jpg","profile_image_url_https":"https://pbs.twimg.com/profile_images/884783756246044672/ksy7UW1A_normal.jpg","profile_banner_url":"https://pbs.twimg.com/profile_banners/2816575188/1485176560","profile_link_color":"1DA1F2","profile_sidebar_border_color":"C0DEED","profile_sidebar_fill_color":"DDEEF6","profile_text_color":"333333","profile_use_background_image":true,"has_extended_profile":true,"default_profile":true,"default_profile_image":false,"following":false,"follow_request_sent":false,"notifications":false,"translator_type":"none"},"geo":null,"coordinates":null,"place":null,"contributors":null,"is_quote_status":false,"retweet_count":6616,"favorite_count":57910,"favorited":false,"retweeted":false,"possibly_sensitive":false,"lang":"ja"},{"created_at":"Wed Jul 19 12:39:59 +0000 2017","id":887653243488133100,"id_str":"887653243488133120","text":"レジャランで撮ったプリ画📸\n大変良く盛れました💮 https://t.co/9aJM9bBZYB","truncated":false,"entities":{"hashtags":[],"symbols":[],"user_mentions":[],"urls":[],"media":[{"id":887653225519661000,"id_str":"887653225519661057","indices":[25,48],"media_url":"http://pbs.twimg.com/media/DFGT59bUQAEOEAS.jpg","media_url_https":"https://pbs.twimg.com/media/DFGT59bUQAEOEAS.jpg","url":"https://t.co/9aJM9bBZYB","display_url":"pic.twitter.com/9aJM9bBZYB","expanded_url":"https://twitter.com/boc_chama/status/887653243488133120/photo/1","type":"photo","sizes":{"large":{"w":1000,"h":1200,"resize":"fit"},"thumb":{"w":150,"h":150,"resize":"crop"},"small":{"w":567,"h":680,"resize":"fit"},"medium":{"w":1000,"h":1200,"resize":"fit"}}}]},"extended_entities":{"media":[{"id":887653225519661000,"id_str":"887653225519661057","indices":[25,48],"media_url":"http://pbs.twimg.com/media/DFGT59bUQAEOEAS.jpg","media_url_https":"https://pbs.twimg.com/media/DFGT59bUQAEOEAS.jpg","url":"https://t.co/9aJM9bBZYB","display_url":"pic.twitter.com/9aJM9bBZYB","expanded_url":"https://twitter.com/boc_chama/status/887653243488133120/photo/1","type":"photo","sizes":{"large":{"w":1000,"h":1200,"resize":"fit"},"thumb":{"w":150,"h":150,"resize":"crop"},"small":{"w":567,"h":680,"resize":"fit"},"medium":{"w":1000,"h":1200,"resize":"fit"}}}]},"metadata":{"iso_language_code":"ja","result_type":"recent"},"source":"<a href=\"http://twitter.com/download/iphone\" rel=\"nofollow\">Twitter for iPhone</a>","in_reply_to_status_id":null,"in_reply_to_status_id_str":null,"in_reply_to_user_id":null,"in_reply_to_user_id_str":null,"in_reply_to_screen_name":null,"user":{"id":1356286430,"id_str":"1356286430","name":"CHAMA","screen_name":"boc_chama","location":"","description":"BUMP OF CHICKENのBASS担当のCHAMAです。TRANSFORMERSが大好きです。","url":null,"entities":{"description":{"urls":[]}},"protected":false,"followers_count":560347,"friends_count":1,"listed_count":4221,"created_at":"Tue Apr 16 07:29:08 +0000 2013","favourites_count":0,"utc_offset":28800,"time_zone":"Irkutsk","geo_enabled":false,"verified":true,"statuses_count":1010,"lang":"ja","contributors_enabled":false,"is_translator":false,"is_translation_enabled":false,"profile_background_color":"000000","profile_background_image_url":"http://pbs.twimg.com/profile_background_images/450626747449348096/rM88qM3c.jpeg","profile_background_image_url_https":"https://pbs.twimg.com/profile_background_images/450626747449348096/rM88qM3c.jpeg","profile_background_tile":false,"profile_image_url":"http://pbs.twimg.com/profile_images/542521509705576448/0bvm0b-I_normal.jpeg","profile_image_url_https":"https://pbs.twimg.com/profile_images/542521509705576448/0bvm0b-I_normal.jpeg","profile_banner_url":"https://pbs.twimg.com/profile_banners/1356286430/1418182183","profile_link_color":"000000","profile_sidebar_border_color":"000000","profile_sidebar_fill_color":"DDEEF6","profile_text_color":"333333","profile_use_background_image":true,"has_extended_profile":false,"default_profile":false,"default_profile_image":false,"following":false,"follow_request_sent":false,"notifications":false,"translator_type":"none"},"geo":null,"coordinates":null,"place":null,"contributors":null,"is_quote_status":false,"retweet_count":16737,"favorite_count":47945,"favorited":false,"retweeted":false,"possibly_sensitive":false,"lang":"ja"},{"created_at":"Wed Jul 19 12:16:14 +0000 2017","id":887647267523502100,"id_str":"887647267523502081","text":"今週号の感想ありがとう！来週で最終回です！巻頭カラー48P！最後までよろしくっ！","truncated":false,"entities":{"hashtags":[],"symbols":[],"user_mentions":[],"urls":[]},"metadata":{"iso_language_code":"ja","result_type":"recent"},"source":"<a href=\"http://twitter.com/download/iphone\" rel=\"nofollow\">Twitter for iPhone</a>","in_reply_to_status_id":null,"in_reply_to_status_id_str":null,"in_reply_to_user_id":null,"in_reply_to_user_id_str":null,"in_reply_to_screen_name":null,"user":{"id":591755629,"id_str":"591755629","name":"真島ヒロ","screen_name":"hiro_mashima","location":"東京都","description":"FAIRYTAIL作者の真島ヒロです。全員に返信はできませんが、超不定期できまぐれに返信します。応援してくれてる人全てに感謝です。","url":null,"entities":{"description":{"urls":[]}},"protected":false,"followers_count":1225634,"friends_count":146,"listed_count":4837,"created_at":"Sun May 27 11:37:44 +0000 2012","favourites_count":4,"utc_offset":28800,"time_zone":"Irkutsk","geo_enabled":false,"verified":true,"statuses_count":6067,"lang":"ja","contributors_enabled":false,"is_translator":false,"is_translation_enabled":false,"profile_background_color":"C0DEED","profile_background_image_url":"http://pbs.twimg.com/profile_background_images/825634034/d608eb2903db4aa04e8d4bbbf77f0e8c.png","profile_background_image_url_https":"https://pbs.twimg.com/profile_background_images/825634034/d608eb2903db4aa04e8d4bbbf77f0e8c.png","profile_background_tile":true,"profile_image_url":"http://pbs.twimg.com/profile_images/660495023075561472/hNe_UBMn_normal.png","profile_image_url_https":"https://pbs.twimg.com/profile_images/660495023075561472/hNe_UBMn_normal.png","profile_banner_url":"https://pbs.twimg.com/profile_banners/591755629/1490431315","profile_link_color":"0084B4","profile_sidebar_border_color":"FFFFFF","profile_sidebar_fill_color":"DDEEF6","profile_text_color":"333333","profile_use_background_image":true,"has_extended_profile":false,"default_profile":false,"default_profile_image":false,"following":false,"follow_request_sent":false,"notifications":false,"translator_type":"none"},"geo":null,"coordinates":null,"place":null,"contributors":null,"is_quote_status":false,"retweet_count":5196,"favorite_count":12230,"favorited":false,"retweeted":false,"lang":"ja"},{"created_at":"Wed Jul 19 12:08:50 +0000 2017","id":887645401888641000,"id_str":"887645401888641024","text":"過保護のカホコ❗️第2話 \nもうねぇカホコが…😢笑笑  \n22時から❗️宜しくお願いします。\n今回もやりますよー\n   #過保護のカホコ糸ちゃんおこ \n21時50分の放送10分前にツイートしてトレンドとっちゃいましょ☺️ https://t.co/QdBAHbYLIA","truncated":false,"entities":{"hashtags":[{"text":"過保護のカホコ糸ちゃんおこ","indices":[60,74]}],"symbols":[],"user_mentions":[],"urls":[],"media":[{"id":887645385094709200,"id_str":"887645385094709248","indices":[111,134],"media_url":"http://pbs.twimg.com/media/DFGMxlkVwAAHz9e.jpg","media_url_https":"https://pbs.twimg.com/media/DFGMxlkVwAAHz9e.jpg","url":"https://t.co/QdBAHbYLIA","display_url":"pic.twitter.com/QdBAHbYLIA","expanded_url":"https://twitter.com/takeuchi_ryoma/status/887645401888641024/photo/1","type":"photo","sizes":{"small":{"w":549,"h":680,"resize":"fit"},"thumb":{"w":150,"h":150,"resize":"crop"},"medium":{"w":958,"h":1186,"resize":"fit"},"large":{"w":958,"h":1186,"resize":"fit"}}}]},"extended_entities":{"media":[{"id":887645385094709200,"id_str":"887645385094709248","indices":[111,134],"media_url":"http://pbs.twimg.com/media/DFGMxlkVwAAHz9e.jpg","media_url_https":"https://pbs.twimg.com/media/DFGMxlkVwAAHz9e.jpg","url":"https://t.co/QdBAHbYLIA","display_url":"pic.twitter.com/QdBAHbYLIA","expanded_url":"https://twitter.com/takeuchi_ryoma/status/887645401888641024/photo/1","type":"photo","sizes":{"small":{"w":549,"h":680,"resize":"fit"},"thumb":{"w":150,"h":150,"resize":"crop"},"medium":{"w":958,"h":1186,"resize":"fit"},"large":{"w":958,"h":1186,"resize":"fit"}}}]},"metadata":{"iso_language_code":"ja","result_type":"recent"},"source":"<a href=\"http://twitter.com/download/iphone\" rel=\"nofollow\">Twitter for iPhone</a>","in_reply_to_status_id":null,"in_reply_to_status_id_str":null,"in_reply_to_user_id":null,"in_reply_to_user_id_str":null,"in_reply_to_screen_name":null,"user":{"id":2816575188,"id_str":"2816575188","name":"竹内涼真","screen_name":"takeuchi_ryoma","location":"","description":"竹内涼真オフィシャルアカウント ホリプロ所属 【竹内涼真携帯サイト】https://t.co/bHz3ujZU4w","url":"https://t.co/BInSeW6RrS","entities":{"url":{"urls":[{"url":"https://t.co/BInSeW6RrS","expanded_url":"http://www.horipro.co.jp/takeuchiryoma/","display_url":"horipro.co.jp/takeuchiryoma/","indices":[0,23]}]},"description":{"urls":[{"url":"https://t.co/bHz3ujZU4w","expanded_url":"http://goo.gl/Kfd42k","display_url":"goo.gl/Kfd42k","indices":[34,57]}]}},"protected":false,"followers_count":890900,"friends_count":177,"listed_count":2383,"created_at":"Thu Sep 18 08:13:38 +0000 2014","favourites_count":2265,"utc_offset":32400,"time_zone":"Tokyo","geo_enabled":false,"verified":true,"statuses_count":3948,"lang":"ja","contributors_enabled":false,"is_translator":false,"is_translation_enabled":false,"profile_background_color":"C0DEED","profile_background_image_url":"http://abs.twimg.com/images/themes/theme1/bg.png","profile_background_image_url_https":"https://abs.twimg.com/images/themes/theme1/bg.png","profile_background_tile":false,"profile_image_url":"http://pbs.twimg.com/profile_images/884783756246044672/ksy7UW1A_normal.jpg","profile_image_url_https":"https://pbs.twimg.com/profile_images/884783756246044672/ksy7UW1A_normal.jpg","profile_banner_url":"https://pbs.twimg.com/profile_banners/2816575188/1485176560","profile_link_color":"1DA1F2","profile_sidebar_border_color":"C0DEED","profile_sidebar_fill_color":"DDEEF6","profile_text_color":"333333","profile_use_background_image":true,"has_extended_profile":true,"default_profile":true,"default_profile_image":false,"following":false,"follow_request_sent":false,"notifications":false,"translator_type":"none"},"geo":null,"coordinates":null,"place":null,"contributors":null,"is_quote_status":false,"retweet_count":5057,"favorite_count":45127,"favorited":false,"retweeted":false,"possibly_sensitive":false,"lang":"ja"},{"created_at":"Wed Jul 19 11:31:18 +0000 2017","id":887635957347893200,"id_str":"887635957347893249","text":"【みやかわくん】ONE OK ROCK 「The Beginning」歌ってみた\n\nhttps://t.co/CRj25XoGZk\n\nを投稿しました","truncated":false,"entities":{"hashtags":[],"symbols":[],"user_mentions":[],"urls":[{"url":"https://t.co/CRj25XoGZk","expanded_url":"https://youtu.be/UVzWIGk0dEM","display_url":"youtu.be/UVzWIGk0dEM","indices":[42,65]}]},"metadata":{"iso_language_code":"ja","result_type":"recent"},"source":"<a href=\"http://twitter.com/download/iphone\" rel=\"nofollow\">Twitter for iPhone</a>","in_reply_to_status_id":null,"in_reply_to_status_id_str":null,"in_reply_to_user_id":null,"in_reply_to_user_id_str":null,"in_reply_to_screen_name":null,"user":{"id":2897656159,"id_str":"2897656159","name":"みやかわくん","screen_name":"My_kwk_N","location":"","description":"あ","url":null,"entities":{"description":{"urls":[]}},"protected":false,"followers_count":401986,"friends_count":69,"listed_count":1234,"created_at":"Wed Nov 12 14:34:23 +0000 2014","favourites_count":36691,"utc_offset":-25200,"time_zone":"Pacific Time (US & Canada)","geo_enabled":false,"verified":false,"statuses_count":6193,"lang":"ja","contributors_enabled":false,"is_translator":false,"is_translation_enabled":false,"profile_background_color":"000000","profile_background_image_url":"http://abs.twimg.com/images/themes/theme1/bg.png","profile_background_image_url_https":"https://abs.twimg.com/images/themes/theme1/bg.png","profile_background_tile":false,"profile_image_url":"http://pbs.twimg.com/profile_images/863795897691287552/Hx3P2xcH_normal.jpg","profile_image_url_https":"https://pbs.twimg.com/profile_images/863795897691287552/Hx3P2xcH_normal.jpg","profile_banner_url":"https://pbs.twimg.com/profile_banners/2897656159/1473694510","profile_link_color":"9266CC","profile_sidebar_border_color":"000000","profile_sidebar_fill_color":"000000","profile_text_color":"000000","profile_use_background_image":false,"has_extended_profile":false,"default_profile":false,"default_profile_image":false,"following":false,"follow_request_sent":false,"notifications":false,"translator_type":"none"},"geo":null,"coordinates":null,"place":null,"contributors":null,"is_quote_status":false,"retweet_count":6773,"favorite_count":18184,"favorited":false,"retweeted":false,"possibly_sensitive":false,"lang":"ja"},{"created_at":"Wed Jul 19 11:27:32 +0000 2017","id":887635011515449300,"id_str":"887635011515449344","text":"カルデアビキニ部１０ https://t.co/EazBr2dyCT","truncated":false,"entities":{"hashtags":[],"symbols":[],"user_mentions":[],"urls":[],"media":[{"id":887634970260324400,"id_str":"887634970260324353","indices":[11,34],"media_url":"http://pbs.twimg.com/media/DFGDTXSUwAEeqH-.jpg","media_url_https":"https://pbs.twimg.com/media/DFGDTXSUwAEeqH-.jpg","url":"https://t.co/EazBr2dyCT","display_url":"pic.twitter.com/EazBr2dyCT","expanded_url":"https://twitter.com/yurang92/status/887635011515449344/photo/1","type":"photo","sizes":{"medium":{"w":800,"h":1135,"resize":"fit"},"thumb":{"w":150,"h":150,"resize":"crop"},"small":{"w":479,"h":680,"resize":"fit"},"large":{"w":800,"h":1135,"resize":"fit"}}}]},"extended_entities":{"media":[{"id":887634970260324400,"id_str":"887634970260324353","indices":[11,34],"media_url":"http://pbs.twimg.com/media/DFGDTXSUwAEeqH-.jpg","media_url_https":"https://pbs.twimg.com/media/DFGDTXSUwAEeqH-.jpg","url":"https://t.co/EazBr2dyCT","display_url":"pic.twitter.com/EazBr2dyCT","expanded_url":"https://twitter.com/yurang92/status/887635011515449344/photo/1","type":"photo","sizes":{"medium":{"w":800,"h":1135,"resize":"fit"},"thumb":{"w":150,"h":150,"resize":"crop"},"small":{"w":479,"h":680,"resize":"fit"},"large":{"w":800,"h":1135,"resize":"fit"}}}]},"metadata":{"iso_language_code":"ja","result_type":"recent"},"source":"<a href=\"http://twitter.com\" rel=\"nofollow\">Twitter Web Client</a>","in_reply_to_status_id":null,"in_reply_to_status_id_str":null,"in_reply_to_user_id":null,"in_reply_to_user_id_str":null,"in_reply_to_screen_name":null,"user":{"id":233198142,"id_str":"233198142","name":"ゆらん🌟3日目東A-15b","screen_name":"yurang92","location":"東京都","description":"絵描いてます yuranpp@gmail.com","url":"https://t.co/2k7fHqr799","entities":{"url":{"urls":[{"url":"https://t.co/2k7fHqr799","expanded_url":"http://pixiv.me/yuranpp","display_url":"pixiv.me/yuranpp","indices":[0,23]}]},"description":{"urls":[]}},"protected":false,"followers_count":187123,"friends_count":438,"listed_count":4296,"created_at":"Sun Jan 02 15:45:59 +0000 2011","favourites_count":2771,"utc_offset":32400,"time_zone":"Tokyo","geo_enabled":false,"verified":false,"statuses_count":16164,"lang":"ja","contributors_enabled":false,"is_translator":false,"is_translation_enabled":false,"profile_background_color":"FFE4B5","profile_background_image_url":"http://pbs.twimg.com/profile_background_images/667794654356631552/G4SfZa3c.png","profile_background_image_url_https":"https://pbs.twimg.com/profile_background_images/667794654356631552/G4SfZa3c.png","profile_background_tile":false,"profile_image_url":"http://pbs.twimg.com/profile_images/875193448223068160/x3DCERUP_normal.jpg","profile_image_url_https":"https://pbs.twimg.com/profile_images/875193448223068160/x3DCERUP_normal.jpg","profile_banner_url":"https://pbs.twimg.com/profile_banners/233198142/1493368368","profile_link_color":"1B95E0","profile_sidebar_border_color":"000000","profile_sidebar_fill_color":"000000","profile_text_color":"000000","profile_use_background_image":true,"has_extended_profile":true,"default_profile":false,"default_profile_image":false,"following":false,"follow_request_sent":false,"notifications":false,"translator_type":"none"},"geo":null,"coordinates":null,"place":null,"contributors":null,"is_quote_status":false,"retweet_count":5595,"favorite_count":15954,"favorited":false,"retweeted":false,"possibly_sensitive":false,"lang":"ja"},{"created_at":"Wed Jul 19 11:19:22 +0000 2017","id":887632956436602900,"id_str":"887632956436602880","text":"台湾の人が中国（大陸）の天安門で写真を撮るとき，このポーズとこの角度で撮るらしく，そうすると後ろのスローガンが「中華民国万歳」になるということらしい https://t.co/zB2ztya75T","truncated":false,"entities":{"hashtags":[],"symbols":[],"user_mentions":[],"urls":[],"media":[{"id":887632950770061300,"id_str":"887632950770061312","indices":[75,98],"media_url":"http://pbs.twimg.com/media/DFGBd0GU0AAupsl.jpg","media_url_https":"https://pbs.twimg.com/media/DFGBd0GU0AAupsl.jpg","url":"https://t.co/zB2ztya75T","display_url":"pic.twitter.com/zB2ztya75T","expanded_url":"https://twitter.com/Tokyo_Seoul/status/887632956436602880/photo/1","type":"photo","sizes":{"large":{"w":440,"h":590,"resize":"fit"},"thumb":{"w":150,"h":150,"resize":"crop"},"medium":{"w":440,"h":590,"resize":"fit"},"small":{"w":440,"h":590,"resize":"fit"}}}]},"extended_entities":{"media":[{"id":887632950770061300,"id_str":"887632950770061312","indices":[75,98],"media_url":"http://pbs.twimg.com/media/DFGBd0GU0AAupsl.jpg","media_url_https":"https://pbs.twimg.com/media/DFGBd0GU0AAupsl.jpg","url":"https://t.co/zB2ztya75T","display_url":"pic.twitter.com/zB2ztya75T","expanded_url":"https://twitter.com/Tokyo_Seoul/status/887632956436602880/photo/1","type":"photo","sizes":{"large":{"w":440,"h":590,"resize":"fit"},"thumb":{"w":150,"h":150,"resize":"crop"},"medium":{"w":440,"h":590,"resize":"fit"},"small":{"w":440,"h":590,"resize":"fit"}}},{"id":887632952242262000,"id_str":"887632952242262017","indices":[75,98],"media_url":"http://pbs.twimg.com/media/DFGBd5lU0AEw5u-.jpg","media_url_https":"https://pbs.twimg.com/media/DFGBd5lU0AEw5u-.jpg","url":"https://t.co/zB2ztya75T","display_url":"pic.twitter.com/zB2ztya75T","expanded_url":"https://twitter.com/Tokyo_Seoul/status/887632956436602880/photo/1","type":"photo","sizes":{"small":{"w":440,"h":627,"resize":"fit"},"thumb":{"w":150,"h":150,"resize":"crop"},"medium":{"w":440,"h":627,"resize":"fit"},"large":{"w":440,"h":627,"resize":"fit"}}}]},"metadata":{"iso_language_code":"ja","result_type":"recent"},"source":"<a href=\"http://itunes.apple.com/us/app/twitter/id409789998?mt=12\" rel=\"nofollow\">Twitter for Mac</a>","in_reply_to_status_id":null,"in_reply_to_status_id_str":null,"in_reply_to_user_id":null,"in_reply_to_user_id_str":null,"in_reply_to_screen_name":null,"user":{"id":54560489,"id_str":"54560489","name":"Motohiko Sakazaki","screen_name":"Tokyo_Seoul","location":"Taejŏn, Korea","description":"Railway, Korea, Digital Gadget, Apple, and Modern History","url":"https://t.co/TQM0GEjHAn","entities":{"url":{"urls":[{"url":"https://t.co/TQM0GEjHAn","expanded_url":"http://www.facebook.com/tokyoseoul","display_url":"facebook.com/tokyoseoul","indices":[0,23]}]},"description":{"urls":[]}},"protected":false,"followers_count":900,"friends_count":74,"listed_count":35,"created_at":"Tue Jul 07 14:24:24 +0000 2009","favourites_count":150,"utc_offset":32400,"time_zone":"Seoul","geo_enabled":false,"verified":false,"statuses_count":19584,"lang":"ja","contributors_enabled":false,"is_translator":false,"is_translation_enabled":false,"profile_background_color":"A3A3A3","profile_background_image_url":"http://abs.twimg.com/images/themes/theme1/bg.png","profile_background_image_url_https":"https://abs.twimg.com/images/themes/theme1/bg.png","profile_background_tile":false,"profile_image_url":"http://pbs.twimg.com/profile_images/858278507679408128/dRfY6RHh_normal.jpg","profile_image_url_https":"https://pbs.twimg.com/profile_images/858278507679408128/dRfY6RHh_normal.jpg","profile_banner_url":"https://pbs.twimg.com/profile_banners/54560489/1500204008","profile_link_color":"00A4AC","profile_sidebar_border_color":"8F8F8F","profile_sidebar_fill_color":"C9CCC8","profile_text_color":"333333","profile_use_background_image":false,"has_extended_profile":true,"default_profile":false,"default_profile_image":false,"following":false,"follow_request_sent":false,"notifications":false,"translator_type":"none"},"geo":null,"coordinates":null,"place":null,"contributors":null,"is_quote_status":false,"retweet_count":6673,"favorite_count":7446,"favorited":false,"retweeted":false,"possibly_sensitive":false,"lang":"ja"},{"created_at":"Wed Jul 19 10:20:53 +0000 2017","id":887618237784932400,"id_str":"887618237784932352","text":"韓国4人組ガールズグループ BLACKPINK現地取材！\nダンスと歌唱力の魅力に迫ります！\n#明日のZIP! #SHOWBIZRABBIT! #ziptv https://t.co/OwFkLqmebt","truncated":false,"entities":{"hashtags":[{"text":"明日のZIP","indices":[46,53]},{"text":"SHOWBIZRABBIT","indices":[55,69]},{"text":"ziptv","indices":[71,77]}],"symbols":[],"user_mentions":[],"urls":[],"media":[{"id":887618158844026900,"id_str":"887618158844026880","indices":[78,101],"media_url":"http://pbs.twimg.com/media/DFF0Az4VoAAvTaw.jpg","media_url_https":"https://pbs.twimg.com/media/DFF0Az4VoAAvTaw.jpg","url":"https://t.co/OwFkLqmebt","display_url":"pic.twitter.com/OwFkLqmebt","expanded_url":"https://twitter.com/ZIP_TV/status/887618237784932352/photo/1","type":"photo","sizes":{"small":{"w":680,"h":510,"resize":"fit"},"thumb":{"w":150,"h":150,"resize":"crop"},"medium":{"w":1200,"h":900,"resize":"fit"},"large":{"w":1280,"h":960,"resize":"fit"}}}]},"extended_entities":{"media":[{"id":887618158844026900,"id_str":"887618158844026880","indices":[78,101],"media_url":"http://pbs.twimg.com/media/DFF0Az4VoAAvTaw.jpg","media_url_https":"https://pbs.twimg.com/media/DFF0Az4VoAAvTaw.jpg","url":"https://t.co/OwFkLqmebt","display_url":"pic.twitter.com/OwFkLqmebt","expanded_url":"https://twitter.com/ZIP_TV/status/887618237784932352/photo/1","type":"photo","sizes":{"small":{"w":680,"h":510,"resize":"fit"},"thumb":{"w":150,"h":150,"resize":"crop"},"medium":{"w":1200,"h":900,"resize":"fit"},"large":{"w":1280,"h":960,"resize":"fit"}}}]},"metadata":{"iso_language_code":"ja","result_type":"recent"},"source":"<a href=\"http://twitter.com\" rel=\"nofollow\">Twitter Web Client</a>","in_reply_to_status_id":null,"in_reply_to_status_id_str":null,"in_reply_to_user_id":null,"in_reply_to_user_id_str":null,"in_reply_to_screen_name":null,"user":{"id":271859211,"id_str":"271859211","name":"ZIP! 日テレ","screen_name":"ZIP_TV","location":"汐留","description":"日テレ系『ZIP!』公式アカウントは「@ZIP_TV」★ZIP!web編集スタッフがゆる～くつぶやきます。ハッシュタグは[#ziptv]。放送内容は変更になる場合があります。ご了承ください。★番組へのご意見、ご要望、お問い合わせは番組HPからお願いします。⇒https://t.co/OM0lQTPMl9","url":"https://t.co/OM0lQTPMl9","entities":{"url":{"urls":[{"url":"https://t.co/OM0lQTPMl9","expanded_url":"http://www.ntv.co.jp/zip/","display_url":"ntv.co.jp/zip/","indices":[0,23]}]},"description":{"urls":[{"url":"https://t.co/OM0lQTPMl9","expanded_url":"http://www.ntv.co.jp/zip/","display_url":"ntv.co.jp/zip/","indices":[129,152]}]}},"protected":false,"followers_count":257025,"friends_count":5453,"listed_count":2315,"created_at":"Fri Mar 25 09:49:04 +0000 2011","favourites_count":2290,"utc_offset":32400,"time_zone":"Tokyo","geo_enabled":false,"verified":true,"statuses_count":14681,"lang":"ja","contributors_enabled":false,"is_translator":false,"is_translation_enabled":false,"profile_background_color":"C0DEED","profile_background_image_url":"http://pbs.twimg.com/profile_background_images/712644569/4b8833d8201c2038f6c2e715f6e2e626.gif","profile_background_image_url_https":"https://pbs.twimg.com/profile_background_images/712644569/4b8833d8201c2038f6c2e715f6e2e626.gif","profile_background_tile":false,"profile_image_url":"http://pbs.twimg.com/profile_images/776067245583675392/Q_20qcaf_normal.jpg","profile_image_url_https":"https://pbs.twimg.com/profile_images/776067245583675392/Q_20qcaf_normal.jpg","profile_banner_url":"https://pbs.twimg.com/profile_banners/271859211/1447402331","profile_link_color":"E16EA6","profile_sidebar_border_color":"FFFFFF","profile_sidebar_fill_color":"DDEEF6","profile_text_color":"333333","profile_use_background_image":true,"has_extended_profile":false,"default_profile":false,"default_profile_image":false,"following":false,"follow_request_sent":false,"notifications":false,"translator_type":"none"},"geo":null,"coordinates":null,"place":null,"contributors":null,"is_quote_status":false,"retweet_count":6569,"favorite_count":13713,"favorited":false,"retweeted":false,"possibly_sensitive":false,"lang":"ja"},{"created_at":"Wed Jul 19 10:11:25 +0000 2017","id":887615854573101000,"id_str":"887615854573101056","text":"いま✌🏽 https://t.co/popHLk8RO8","truncated":false,"entities":{"hashtags":[],"symbols":[],"user_mentions":[],"urls":[],"media":[{"id":887615851590950900,"id_str":"887615851590950912","indices":[5,28],"media_url":"http://pbs.twimg.com/media/DFFx6gsVoAA4ZpD.jpg","media_url_https":"https://pbs.twimg.com/media/DFFx6gsVoAA4ZpD.jpg","url":"https://t.co/popHLk8RO8","display_url":"pic.twitter.com/popHLk8RO8","expanded_url":"https://twitter.com/T_IWATA_EX_3JSB/status/887615854573101056/photo/1","type":"photo","sizes":{"large":{"w":2048,"h":2048,"resize":"fit"},"thumb":{"w":150,"h":150,"resize":"crop"},"medium":{"w":1200,"h":1200,"resize":"fit"},"small":{"w":680,"h":680,"resize":"fit"}}}]},"extended_entities":{"media":[{"id":887615851590950900,"id_str":"887615851590950912","indices":[5,28],"media_url":"http://pbs.twimg.com/media/DFFx6gsVoAA4ZpD.jpg","media_url_https":"https://pbs.twimg.com/media/DFFx6gsVoAA4ZpD.jpg","url":"https://t.co/popHLk8RO8","display_url":"pic.twitter.com/popHLk8RO8","expanded_url":"https://twitter.com/T_IWATA_EX_3JSB/status/887615854573101056/photo/1","type":"photo","sizes":{"large":{"w":2048,"h":2048,"resize":"fit"},"thumb":{"w":150,"h":150,"resize":"crop"},"medium":{"w":1200,"h":1200,"resize":"fit"},"small":{"w":680,"h":680,"resize":"fit"}}}]},"metadata":{"iso_language_code":"ja","result_type":"recent"},"source":"<a href=\"http://twitter.com/download/iphone\" rel=\"nofollow\">Twitter for iPhone</a>","in_reply_to_status_id":null,"in_reply_to_status_id_str":null,"in_reply_to_user_id":null,"in_reply_to_user_id_str":null,"in_reply_to_screen_name":null,"user":{"id":3836540300,"id_str":"3836540300","name":"Takanori Iwata","screen_name":"T_IWATA_EX_3JSB","location":"Tokyo, JAPAN","description":"岩田剛典 (Dancer/Actor/a member of ‘EXILE’ and ‘The 3rd J Soul Brothers’ in Japan.)","url":"https://t.co/tIwDJnf60E","entities":{"url":{"urls":[{"url":"https://t.co/tIwDJnf60E","expanded_url":"https://m.youtube.com/watch?v=vS7-JPj8V-Q","display_url":"m.youtube.com/watch?v=vS7-JP…","indices":[0,23]}]},"description":{"urls":[]}},"protected":false,"followers_count":1607579,"friends_count":138,"listed_count":2573,"created_at":"Fri Oct 09 12:58:54 +0000 2015","favourites_count":158,"utc_offset":-25200,"time_zone":"Pacific Time (US & Canada)","geo_enabled":true,"verified":true,"statuses_count":893,"lang":"ja","contributors_enabled":false,"is_translator":false,"is_translation_enabled":false,"profile_background_color":"C0DEED","profile_background_image_url":"http://abs.twimg.com/images/themes/theme1/bg.png","profile_background_image_url_https":"https://abs.twimg.com/images/themes/theme1/bg.png","profile_background_tile":false,"profile_image_url":"http://pbs.twimg.com/profile_images/847859713119105024/5o620jiE_normal.jpg","profile_image_url_https":"https://pbs.twimg.com/profile_images/847859713119105024/5o620jiE_normal.jpg","profile_banner_url":"https://pbs.twimg.com/profile_banners/3836540300/1489420755","profile_link_color":"1DA1F2","profile_sidebar_border_color":"C0DEED","profile_sidebar_fill_color":"DDEEF6","profile_text_color":"333333","profile_use_background_image":true,"has_extended_profile":false,"default_profile":true,"default_profile_image":false,"following":false,"follow_request_sent":false,"notifications":false,"translator_type":"none"},"geo":null,"coordinates":null,"place":null,"contributors":null,"is_quote_status":false,"retweet_count":12530,"favorite_count":88071,"favorited":false,"retweeted":false,"possibly_sensitive":false,"lang":"ja"},{"created_at":"Wed Jul 19 10:02:25 +0000 2017","id":887613589246271500,"id_str":"887613589246271488","text":"「こんな暑さでへばってたら多治見では生きていけない」は草\n＃nhk https://t.co/bB78BiAvYR","truncated":false,"entities":{"hashtags":[{"text":"nhk","indices":[29,33]}],"symbols":[],"user_mentions":[],"urls":[],"media":[{"id":887613451014619100,"id_str":"887613451014619138","indices":[34,57],"media_url":"http://pbs.twimg.com/media/DFFvux2VwAIOW4u.jpg","media_url_https":"https://pbs.twimg.com/media/DFFvux2VwAIOW4u.jpg","url":"https://t.co/bB78BiAvYR","display_url":"pic.twitter.com/bB78BiAvYR","expanded_url":"https://twitter.com/GeeGaku/status/887613589246271488/photo/1","type":"photo","sizes":{"large":{"w":1920,"h":1080,"resize":"fit"},"thumb":{"w":150,"h":150,"resize":"crop"},"small":{"w":680,"h":383,"resize":"fit"},"medium":{"w":1200,"h":675,"resize":"fit"}}}]},"extended_entities":{"media":[{"id":887613451014619100,"id_str":"887613451014619138","indices":[34,57],"media_url":"http://pbs.twimg.com/media/DFFvux2VwAIOW4u.jpg","media_url_https":"https://pbs.twimg.com/media/DFFvux2VwAIOW4u.jpg","url":"https://t.co/bB78BiAvYR","display_url":"pic.twitter.com/bB78BiAvYR","expanded_url":"https://twitter.com/GeeGaku/status/887613589246271488/photo/1","type":"photo","sizes":{"large":{"w":1920,"h":1080,"resize":"fit"},"thumb":{"w":150,"h":150,"resize":"crop"},"small":{"w":680,"h":383,"resize":"fit"},"medium":{"w":1200,"h":675,"resize":"fit"}}}]},"metadata":{"iso_language_code":"ja","result_type":"recent"},"source":"<a href=\"http://twitter.com\" rel=\"nofollow\">Twitter Web Client</a>","in_reply_to_status_id":null,"in_reply_to_status_id_str":null,"in_reply_to_user_id":null,"in_reply_to_user_id_str":null,"in_reply_to_screen_name":null,"user":{"id":714296970,"id_str":"714296970","name":"陸将の第一師団長","screen_name":"GeeGaku","location":"女装沼につうずるっこんじまった","description":"軍の編成.戦略.安全保障が好き/共産趣味/東独装備収集やクラシックも好き","url":"https://t.co/9lDzxFWRZI","entities":{"url":{"urls":[{"url":"https://t.co/9lDzxFWRZI","expanded_url":"http://twpf.jp/GeeGaku","display_url":"twpf.jp/GeeGaku","indices":[0,23]}]},"description":{"urls":[]}},"protected":false,"followers_count":2159,"friends_count":706,"listed_count":32,"created_at":"Tue Jul 24 13:33:48 +0000 2012","favourites_count":7506,"utc_offset":32400,"time_zone":"Tokyo","geo_enabled":false,"verified":false,"statuses_count":230135,"lang":"ja","contributors_enabled":false,"is_translator":false,"is_translation_enabled":false,"profile_background_color":"C0DEED","profile_background_image_url":"http://abs.twimg.com/images/themes/theme1/bg.png","profile_background_image_url_https":"https://abs.twimg.com/images/themes/theme1/bg.png","profile_background_tile":false,"profile_image_url":"http://pbs.twimg.com/profile_images/678875992119640064/75a4Qoet_normal.png","profile_image_url_https":"https://pbs.twimg.com/profile_images/678875992119640064/75a4Qoet_normal.png","profile_banner_url":"https://pbs.twimg.com/profile_banners/714296970/1489763615","profile_link_color":"1DA1F2","profile_sidebar_border_color":"C0DEED","profile_sidebar_fill_color":"DDEEF6","profile_text_color":"333333","profile_use_background_image":true,"has_extended_profile":true,"default_profile":true,"default_profile_image":false,"following":false,"follow_request_sent":false,"notifications":false,"translator_type":"none"},"geo":null,"coordinates":null,"place":null,"contributors":null,"is_quote_status":false,"retweet_count":8423,"favorite_count":8917,"favorited":false,"retweeted":false,"possibly_sensitive":false,"lang":"ja"},{"created_at":"Wed Jul 19 10:00:22 +0000 2017","id":887613074307469300,"id_str":"887613074307469312","text":"🎊🎊🎊大ヒット記念プレゼント！🎊🎊🎊\n\n「#兄こま」大ヒット！を記念して、先日のイベントでも配布した特製うちわ🌴を、このツイートをRTしてくれた方の中から抽選で20名様にプレゼント💞\nアカウントのフォローもお忘れなく💫\n\n※裏側の… https://t.co/FxsHKTanOp","truncated":true,"entities":{"hashtags":[{"text":"兄こま","indices":[21,25]}],"symbols":[],"user_mentions":[],"urls":[{"url":"https://t.co/FxsHKTanOp","expanded_url":"https://twitter.com/i/web/status/887613074307469312","display_url":"twitter.com/i/web/status/8…","indices":[117,140]}]},"metadata":{"iso_language_code":"ja","result_type":"recent"},"source":"<a href=\"http://www.hootsuite.com\" rel=\"nofollow\">Hootsuite</a>","in_reply_to_status_id":null,"in_reply_to_status_id_str":null,"in_reply_to_user_id":null,"in_reply_to_user_id_str":null,"in_reply_to_screen_name":null,"user":{"id":763281638470004700,"id_str":"763281638470004737","name":"映画『兄に愛されすぎて困ってます』公式","screen_name":"anikoma_movie","location":"","description":"映画『兄に愛されすぎて困ってます』公式Twitterです。2017.6.30（金）全国ロードショー！ドラマは2017.4.12（水）深夜より、日本テレビ他で放送スタート！ ♡公式Instagram→https://t.co/PPVn3uhvC0 #兄こま","url":"https://t.co/f21AagyUBF","entities":{"url":{"urls":[{"url":"https://t.co/f21AagyUBF","expanded_url":"http://anikoma-movie.jp/","display_url":"anikoma-movie.jp","indices":[0,23]}]},"description":{"urls":[{"url":"https://t.co/PPVn3uhvC0","expanded_url":"https://www.instagram.com/anikoma_movie/","display_url":"instagram.com/anikoma_movie/","indices":[99,122]}]}},"protected":false,"followers_count":203044,"friends_count":20,"listed_count":302,"created_at":"Wed Aug 10 07:51:38 +0000 2016","favourites_count":6,"utc_offset":null,"time_zone":null,"geo_enabled":false,"verified":false,"statuses_count":1196,"lang":"ja","contributors_enabled":false,"is_translator":false,"is_translation_enabled":false,"profile_background_color":"F5F8FA","profile_background_image_url":null,"profile_background_image_url_https":null,"profile_background_tile":false,"profile_image_url":"http://pbs.twimg.com/profile_images/811768830242353153/kkD1baIc_normal.jpg","profile_image_url_https":"https://pbs.twimg.com/profile_images/811768830242353153/kkD1baIc_normal.jpg","profile_banner_url":"https://pbs.twimg.com/profile_banners/763281638470004737/1482375747","profile_link_color":"1DA1F2","profile_sidebar_border_color":"C0DEED","profile_sidebar_fill_color":"DDEEF6","profile_text_color":"333333","profile_use_background_image":true,"has_extended_profile":false,"default_profile":true,"default_profile_image":false,"following":false,"follow_request_sent":false,"notifications":false,"translator_type":"none"},"geo":null,"coordinates":null,"place":null,"contributors":null,"is_quote_status":false,"retweet_count":13094,"favorite_count":12434,"favorited":false,"retweeted":false,"possibly_sensitive":false,"lang":"ja"},{"created_at":"Wed Jul 19 09:38:40 +0000 2017","id":887607614212681700,"id_str":"887607614212681728","text":"さらに、明日のアニメ放送にはあの男たちも登場する……!? 「炎のバトル！ガラガラあらわる！！」は、明日18時55分から！https://t.co/kpyBo7GjJK #アニポケ https://t.co/GAGB7TAADk","truncated":false,"entities":{"hashtags":[{"text":"アニポケ","indices":[84,89]}],"symbols":[],"user_mentions":[],"urls":[{"url":"https://t.co/kpyBo7GjJK","expanded_url":"http://www.tv-tokyo.co.jp/anime/pokemon_sunmoon/","display_url":"tv-tokyo.co.jp/anime/pokemon_…","indices":[60,83]}],"media":[{"id":887600764599681000,"id_str":"887600764599681024","indices":[90,113],"media_url":"http://pbs.twimg.com/media/DFFkMVRUQAA_9aZ.jpg","media_url_https":"https://pbs.twimg.com/media/DFFkMVRUQAA_9aZ.jpg","url":"https://t.co/GAGB7TAADk","display_url":"pic.twitter.com/GAGB7TAADk","expanded_url":"https://twitter.com/Pokemon_cojp/status/887607614212681728/photo/1","type":"photo","sizes":{"thumb":{"w":150,"h":150,"resize":"crop"},"medium":{"w":1200,"h":675,"resize":"fit"},"large":{"w":1920,"h":1080,"resize":"fit"},"small":{"w":680,"h":383,"resize":"fit"}}}]},"extended_entities":{"media":[{"id":887600764599681000,"id_str":"887600764599681024","indices":[90,113],"media_url":"http://pbs.twimg.com/media/DFFkMVRUQAA_9aZ.jpg","media_url_https":"https://pbs.twimg.com/media/DFFkMVRUQAA_9aZ.jpg","url":"https://t.co/GAGB7TAADk","display_url":"pic.twitter.com/GAGB7TAADk","expanded_url":"https://twitter.com/Pokemon_cojp/status/887607614212681728/photo/1","type":"photo","sizes":{"thumb":{"w":150,"h":150,"resize":"crop"},"medium":{"w":1200,"h":675,"resize":"fit"},"large":{"w":1920,"h":1080,"resize":"fit"},"small":{"w":680,"h":383,"resize":"fit"}}}]},"metadata":{"iso_language_code":"ja","result_type":"recent"},"source":"<a href=\"http://twitter.com\" rel=\"nofollow\">Twitter Web Client</a>","in_reply_to_status_id":887597901349879800,"in_reply_to_status_id_str":"887597901349879809","in_reply_to_user_id":323091128,"in_reply_to_user_id_str":"323091128","in_reply_to_screen_name":"Pokemon_cojp","user":{"id":323091128,"id_str":"323091128","name":"ポケモン公式ツイッター","screen_name":"Pokemon_cojp","location":"東京都","description":"株式会社ポケモンの公式アカウントより、「ポケットモンスターオフィシャルサイト」最新情報をお届けします。\r\nお客様からの個別のメッセージなどは、Twitter上ではご返答できかねますのでご了承下さい。\r\n「ポケットモンスターオフィシャルサイト」のお問い合わせ窓口よりご連絡下さい。","url":"http://t.co/fpHgcccZIk","entities":{"url":{"urls":[{"url":"http://t.co/fpHgcccZIk","expanded_url":"http://www.pokemon.co.jp/","display_url":"pokemon.co.jp","indices":[0,22]}]},"description":{"urls":[]}},"protected":false,"followers_count":464980,"friends_count":3,"listed_count":5502,"created_at":"Fri Jun 24 07:12:45 +0000 2011","favourites_count":0,"utc_offset":32400,"time_zone":"Tokyo","geo_enabled":false,"verified":true,"statuses_count":7674,"lang":"ja","contributors_enabled":false,"is_translator":false,"is_translation_enabled":false,"profile_background_color":"FFE017","profile_background_image_url":"http://pbs.twimg.com/profile_background_images/747564846/b1272a6602f8339072079eb2863042fe.gif","profile_background_image_url_https":"https://pbs.twimg.com/profile_background_images/747564846/b1272a6602f8339072079eb2863042fe.gif","profile_background_tile":true,"profile_image_url":"http://pbs.twimg.com/profile_images/875568149554274307/dC3miYeA_normal.jpg","profile_image_url_https":"https://pbs.twimg.com/profile_images/875568149554274307/dC3miYeA_normal.jpg","profile_banner_url":"https://pbs.twimg.com/profile_banners/323091128/1499398880","profile_link_color":"0088CC","profile_sidebar_border_color":"FFFFFF","profile_sidebar_fill_color":"FFF9CF","profile_text_color":"333333","profile_use_background_image":true,"has_extended_profile":false,"default_profile":false,"default_profile_image":false,"following":false,"follow_request_sent":false,"notifications":false,"translator_type":"none"},"geo":null,"coordinates":null,"place":null,"contributors":null,"is_quote_status":false,"retweet_count":6548,"favorite_count":4848,"favorited":false,"retweeted":false,"possibly_sensitive":false,"lang":"ja"}],"search_metadata":{"completed_in":0.713,"max_id":887688493496807400,"max_id_str":"887688493496807424","next_results":"?max_id=887607614212681727&q=lang%3Aja%20min_retweets%3A5000&include_entities=1","query":"lang%3Aja+min_retweets%3A5000","refresh_url":"?since_id=887688493496807424&q=lang%3Aja%20min_retweets%3A5000&include_entities=1","count":15,"since_id":0,"since_id_str":"0"}}