{"statuses":[{"created_at":"Tue Jul 18 15:02:04 +0000 2017","id":887326612391252000,"id_str":"887326612391251968","text":"『ご注文はうさぎですか？？ ～Dear My Sister～』特設ページがオープン！新作エピソードのあらすじと上映館情報を公開しました！\nさらにコミックマーケット92にてグッズ付前売券第1弾の先行販売も決定♪… https://t.co/PEbHR7cqb4","truncated":true,"entities":{"hashtags":[],"symbols":[],"user_mentions":[],"urls":[{"url":"https://t.co/PEbHR7cqb4","expanded_url":"https://twitter.com/i/web/status/887326612391251968","display_url":"twitter.com/i/web/status/8…","indices":[106,129]}]},"metadata":{"iso_language_code":"ja","result_type":"recent"},"source":"<a href=\"http://twitter.com\" rel=\"nofollow\">Twitter Web Client</a>","in_reply_to_status_id":null,"in_reply_to_status_id_str":null,"in_reply_to_user_id":null,"in_reply_to_user_id_str":null,"in_reply_to_screen_name":null,"user":{"id":2179819292,"id_str":"2179819292","name":"TVアニメ『ご注文はうさぎですか？？』","screen_name":"usagi_anime","location":"Rabbit House","description":"TVアニメ『ご注文はうさぎですか？？』公式ツイッターです。 新作アニメスペシャルエピソード「ご注文はうさぎですか？？ ～Dear My Sister～」11月11日(土)より全国40館にて上映決定！第1期BD/DVD BOX、「chimame march」発売中！","url":"https://t.co/5Wn6Gxw7Xf","entities":{"url":{"urls":[{"url":"https://t.co/5Wn6Gxw7Xf","expanded_url":"http://www.gochiusa.com/","display_url":"gochiusa.com","indices":[0,23]}]},"description":{"urls":[]}},"protected":false,"followers_count":245347,"friends_count":27,"listed_count":4051,"created_at":"Thu Nov 07 10:29:29 +0000 2013","favourites_count":0,"utc_offset":32400,"time_zone":"Tokyo","geo_enabled":true,"verified":true,"statuses_count":3326,"lang":"ja","contributors_enabled":false,"is_translator":false,"is_translation_enabled":false,"profile_background_color":"000000","profile_background_image_url":"http://abs.twimg.com/images/themes/theme1/bg.png","profile_background_image_url_https":"https://abs.twimg.com/images/themes/theme1/bg.png","profile_background_tile":false,"profile_image_url":"http://pbs.twimg.com/profile_images/886239642529316864/PL8x53wC_normal.jpg","profile_image_url_https":"https://pbs.twimg.com/profile_images/886239642529316864/PL8x53wC_normal.jpg","profile_banner_url":"https://pbs.twimg.com/profile_banners/2179819292/1491058956","profile_link_color":"985858","profile_sidebar_border_color":"000000","profile_sidebar_fill_color":"000000","profile_text_color":"000000","profile_use_background_image":false,"has_extended_profile":false,"default_profile":false,"default_profile_image":false,"following":false,"follow_request_sent":false,"notifications":false,"translator_type":"none"},"geo":null,"coordinates":null,"place":null,"contributors":null,"is_quote_status":false,"retweet_count":5173,"favorite_count":6091,"favorited":false,"retweeted":false,"possibly_sensitive":false,"lang":"ja"},{"created_at":"Tue Jul 18 14:00:56 +0000 2017","id":887311225452773400,"id_str":"887311225452773376","text":"【閉店のお知らせ】 \n新宿JAMは2017年12月31日をもちまして閉店する事になりました。\n1980年10月オープンから37年、関わってくださいました皆様には、心より感謝申し上げます。\n詳細はコチラです。→https://t.co/8Lzu5Oz0XI","truncated":false,"entities":{"hashtags":[],"symbols":[],"user_mentions":[],"urls":[{"url":"https://t.co/8Lzu5Oz0XI","expanded_url":"http://jam.rinky.info/","display_url":"jam.rinky.info","indices":[104,127]}]},"metadata":{"iso_language_code":"ja","result_type":"recent"},"source":"<a href=\"http://twitter.com/download/iphone\" rel=\"nofollow\">Twitter for iPhone</a>","in_reply_to_status_id":null,"in_reply_to_status_id_str":null,"in_reply_to_user_id":null,"in_reply_to_user_id_str":null,"in_reply_to_screen_name":null,"user":{"id":142258204,"id_str":"142258204","name":"新宿JAM","screen_name":"shinjukuJAM","location":"東京 新宿区","description":"今年で37年目を迎える 新宿JAM 新宿の老舗ライブハウス 30年間以上 変わらず同じ場所から 東京のIndies Culture Sceneを見届けて来た生きる伝説、伝統の箱 shinjukuJAMどぇす 〜since1980〜.","url":"https://t.co/fHNIbDRMXd","entities":{"url":{"urls":[{"url":"https://t.co/fHNIbDRMXd","expanded_url":"http://jam.rinky.info/","display_url":"jam.rinky.info","indices":[0,23]}]},"description":{"urls":[]}},"protected":false,"followers_count":10135,"friends_count":9475,"listed_count":348,"created_at":"Mon May 10 11:45:40 +0000 2010","favourites_count":111,"utc_offset":-36000,"time_zone":"Hawaii","geo_enabled":true,"verified":false,"statuses_count":73087,"lang":"ja","contributors_enabled":false,"is_translator":false,"is_translation_enabled":false,"profile_background_color":"C0DEED","profile_background_image_url":"http://abs.twimg.com/images/themes/theme1/bg.png","profile_background_image_url_https":"https://abs.twimg.com/images/themes/theme1/bg.png","profile_background_tile":false,"profile_image_url":"http://pbs.twimg.com/profile_images/731158615961141248/fR3aRCEh_normal.jpg","profile_image_url_https":"https://pbs.twimg.com/profile_images/731158615961141248/fR3aRCEh_normal.jpg","profile_banner_url":"https://pbs.twimg.com/profile_banners/142258204/1463156865","profile_link_color":"1DA1F2","profile_sidebar_border_color":"C0DEED","profile_sidebar_fill_color":"DDEEF6","profile_text_color":"333333","profile_use_background_image":true,"has_extended_profile":true,"default_profile":true,"default_profile_image":false,"following":false,"follow_request_sent":false,"notifications":false,"translator_type":"none"},"geo":null,"coordinates":null,"place":null,"contributors":null,"is_quote_status":false,"retweet_count":8415,"favorite_count":4148,"favorited":false,"retweeted":false,"possibly_sensitive":false,"lang":"ja"},{"created_at":"Tue Jul 18 13:48:36 +0000 2017","id":887308121860919300,"id_str":"887308121860919296","text":"短刀の外見を成長させてみる現パロ（※捏造設定注意） https://t.co/G3M1otQ3uM","truncated":false,"entities":{"hashtags":[],"symbols":[],"user_mentions":[],"urls":[],"media":[{"id":887307957808930800,"id_str":"887307957808930821","indices":[26,49],"media_url":"http://pbs.twimg.com/media/DFBZ4u-UIAUV9p1.jpg","media_url_https":"https://pbs.twimg.com/media/DFBZ4u-UIAUV9p1.jpg","url":"https://t.co/G3M1otQ3uM","display_url":"pic.twitter.com/G3M1otQ3uM","expanded_url":"https://twitter.com/sham_som/status/887308121860919296/photo/1","type":"photo","sizes":{"large":{"w":1000,"h":1000,"resize":"fit"},"small":{"w":680,"h":680,"resize":"fit"},"medium":{"w":1000,"h":1000,"resize":"fit"},"thumb":{"w":150,"h":150,"resize":"crop"}}}]},"extended_entities":{"media":[{"id":887307957808930800,"id_str":"887307957808930821","indices":[26,49],"media_url":"http://pbs.twimg.com/media/DFBZ4u-UIAUV9p1.jpg","media_url_https":"https://pbs.twimg.com/media/DFBZ4u-UIAUV9p1.jpg","url":"https://t.co/G3M1otQ3uM","display_url":"pic.twitter.com/G3M1otQ3uM","expanded_url":"https://twitter.com/sham_som/status/887308121860919296/photo/1","type":"photo","sizes":{"large":{"w":1000,"h":1000,"resize":"fit"},"small":{"w":680,"h":680,"resize":"fit"},"medium":{"w":1000,"h":1000,"resize":"fit"},"thumb":{"w":150,"h":150,"resize":"crop"}}},{"id":887307972807807000,"id_str":"887307972807806979","indices":[26,49],"media_url":"http://pbs.twimg.com/media/DFBZ5m2U0AME1sb.jpg","media_url_https":"https://pbs.twimg.com/media/DFBZ5m2U0AME1sb.jpg","url":"https://t.co/G3M1otQ3uM","display_url":"pic.twitter.com/G3M1otQ3uM","expanded_url":"https://twitter.com/sham_som/status/887308121860919296/photo/1","type":"photo","sizes":{"large":{"w":1000,"h":1000,"resize":"fit"},"thumb":{"w":150,"h":150,"resize":"crop"},"medium":{"w":1000,"h":1000,"resize":"fit"},"small":{"w":680,"h":680,"resize":"fit"}}},{"id":887307997994655700,"id_str":"887307997994655744","indices":[26,49],"media_url":"http://pbs.twimg.com/media/DFBZ7ErVoAAjWqK.jpg","media_url_https":"https://pbs.twimg.com/media/DFBZ7ErVoAAjWqK.jpg","url":"https://t.co/G3M1otQ3uM","display_url":"pic.twitter.com/G3M1otQ3uM","expanded_url":"https://twitter.com/sham_som/status/887308121860919296/photo/1","type":"photo","sizes":{"small":{"w":680,"h":680,"resize":"fit"},"large":{"w":1000,"h":1000,"resize":"fit"},"thumb":{"w":150,"h":150,"resize":"crop"},"medium":{"w":1000,"h":1000,"resize":"fit"}}},{"id":887308018110431200,"id_str":"887308018110431232","indices":[26,49],"media_url":"http://pbs.twimg.com/media/DFBZ8PnUAAAKUh2.jpg","media_url_https":"https://pbs.twimg.com/media/DFBZ8PnUAAAKUh2.jpg","url":"https://t.co/G3M1otQ3uM","display_url":"pic.twitter.com/G3M1otQ3uM","expanded_url":"https://twitter.com/sham_som/status/887308121860919296/photo/1","type":"photo","sizes":{"small":{"w":680,"h":680,"resize":"fit"},"large":{"w":1000,"h":1000,"resize":"fit"},"medium":{"w":1000,"h":1000,"resize":"fit"},"thumb":{"w":150,"h":150,"resize":"crop"}}}]},"metadata":{"iso_language_code":"ja","result_type":"recent"},"source":"<a href=\"http://twitter.com\" rel=\"nofollow\">Twitter Web Client</a>","in_reply_to_status_id":null,"in_reply_to_status_id_str":null,"in_reply_to_user_id":null,"in_reply_to_user_id_str":null,"in_reply_to_screen_name":null,"user":{"id":987062832,"id_str":"987062832","name":"🌈✌️しゃむそむ✌️💘","screen_name":"sham_som","location":"花鳥風月 伊達組 三条 あんみつ等 歌って踊る本丸","description":"▲とうらぶメイン▲基本的にみんなかわいい💮💮💮地雷・固定カプほぼなし雑食⚠️ミュとステの話もします（大騒ぎ用→@sham_shindoi）✋成人済","url":"https://t.co/cOCxmmNV8i","entities":{"url":{"urls":[{"url":"https://t.co/cOCxmmNV8i","expanded_url":"http://www.pixiv.net/member.php?id=2481490","display_url":"pixiv.net/member.php?id=…","indices":[0,23]}]},"description":{"urls":[]}},"protected":false,"followers_count":16852,"friends_count":118,"listed_count":355,"created_at":"Mon Dec 03 17:31:28 +0000 2012","favourites_count":15848,"utc_offset":32400,"time_zone":"Tokyo","geo_enabled":false,"verified":false,"statuses_count":38627,"lang":"ja","contributors_enabled":false,"is_translator":false,"is_translation_enabled":false,"profile_background_color":"0099B9","profile_background_image_url":"http://pbs.twimg.com/profile_background_images/547231422604255232/MibS6EP7.jpeg","profile_background_image_url_https":"https://pbs.twimg.com/profile_background_images/547231422604255232/MibS6EP7.jpeg","profile_background_tile":true,"profile_image_url":"http://pbs.twimg.com/profile_images/879193474762850304/09M7UshE_normal.jpg","profile_image_url_https":"https://pbs.twimg.com/profile_images/879193474762850304/09M7UshE_normal.jpg","profile_banner_url":"https://pbs.twimg.com/profile_banners/987062832/1485278853","profile_link_color":"FF0091","profile_sidebar_border_color":"FFFFFF","profile_sidebar_fill_color":"DDEEF6","profile_text_color":"333333","profile_use_background_image":true,"has_extended_profile":true,"default_profile":false,"default_profile_image":false,"following":false,"follow_request_sent":false,"notifications":false,"translator_type":"none"},"geo":null,"coordinates":null,"place":null,"contributors":null,"is_quote_status":false,"retweet_count":6523,"favorite_count":13291,"favorited":false,"retweeted":false,"possibly_sensitive":false,"lang":"ja"},{"created_at":"Tue Jul 18 13:17:01 +0000 2017","id":887300176410419200,"id_str":"887300176410419200","text":"すみれさんとアニサマパンフ撮影&amp;対談。\n\nすみぺと沢山お話ししました🌻\n2人で撮影って久しぶりな気が！対談の中身もとても2人らしいものになったので是非読んでほしいなー！こんな機会をもらえて感謝です(^o^)対談形式すき！ https://t.co/LV1xE4qnhc","truncated":false,"entities":{"hashtags":[],"symbols":[],"user_mentions":[],"urls":[],"media":[{"id":887300166381850600,"id_str":"887300166381850624","indices":[115,138],"media_url":"http://pbs.twimg.com/media/DFBSzNpV0AAHBfq.jpg","media_url_https":"https://pbs.twimg.com/media/DFBSzNpV0AAHBfq.jpg","url":"https://t.co/LV1xE4qnhc","display_url":"pic.twitter.com/LV1xE4qnhc","expanded_url":"https://twitter.com/maaya_taso/status/887300176410419200/photo/1","type":"photo","sizes":{"medium":{"w":960,"h":960,"resize":"fit"},"small":{"w":680,"h":680,"resize":"fit"},"thumb":{"w":150,"h":150,"resize":"crop"},"large":{"w":960,"h":960,"resize":"fit"}}}]},"extended_entities":{"media":[{"id":887300166381850600,"id_str":"887300166381850624","indices":[115,138],"media_url":"http://pbs.twimg.com/media/DFBSzNpV0AAHBfq.jpg","media_url_https":"https://pbs.twimg.com/media/DFBSzNpV0AAHBfq.jpg","url":"https://t.co/LV1xE4qnhc","display_url":"pic.twitter.com/LV1xE4qnhc","expanded_url":"https://twitter.com/maaya_taso/status/887300176410419200/photo/1","type":"photo","sizes":{"medium":{"w":960,"h":960,"resize":"fit"},"small":{"w":680,"h":680,"resize":"fit"},"thumb":{"w":150,"h":150,"resize":"crop"},"large":{"w":960,"h":960,"resize":"fit"}}}]},"metadata":{"iso_language_code":"ja","result_type":"recent"},"source":"<a href=\"http://twitter.com/download/iphone\" rel=\"nofollow\">Twitter for iPhone</a>","in_reply_to_status_id":null,"in_reply_to_status_id_str":null,"in_reply_to_user_id":null,"in_reply_to_user_id_str":null,"in_reply_to_screen_name":null,"user":{"id":795162847772717000,"id_str":"795162847772717056","name":"内田真礼","screen_name":"maaya_taso","location":"","description":"内田真礼です！始めました(^o^)/","url":null,"entities":{"description":{"urls":[]}},"protected":false,"followers_count":260175,"friends_count":6,"listed_count":4296,"created_at":"Sun Nov 06 07:16:11 +0000 2016","favourites_count":5,"utc_offset":null,"time_zone":null,"geo_enabled":false,"verified":false,"statuses_count":417,"lang":"ja","contributors_enabled":false,"is_translator":false,"is_translation_enabled":false,"profile_background_color":"F5F8FA","profile_background_image_url":null,"profile_background_image_url_https":null,"profile_background_tile":false,"profile_image_url":"http://pbs.twimg.com/profile_images/795172413898035201/e5SdVOXD_normal.jpg","profile_image_url_https":"https://pbs.twimg.com/profile_images/795172413898035201/e5SdVOXD_normal.jpg","profile_banner_url":"https://pbs.twimg.com/profile_banners/795162847772717056/1488508825","profile_link_color":"1DA1F2","profile_sidebar_border_color":"C0DEED","profile_sidebar_fill_color":"DDEEF6","profile_text_color":"333333","profile_use_background_image":true,"has_extended_profile":true,"default_profile":true,"default_profile_image":false,"following":false,"follow_request_sent":false,"notifications":false,"translator_type":"none"},"geo":null,"coordinates":null,"place":null,"contributors":null,"is_quote_status":false,"retweet_count":5548,"favorite_count":15626,"favorited":false,"retweeted":false,"possibly_sensitive":false,"lang":"ja"},{"created_at":"Tue Jul 18 13:11:07 +0000 2017","id":887298688413909000,"id_str":"887298688413908992","text":"テオくんの声を聞いた瞬間\n涙が止まりませんでした。笑\n\nスカイピース、\nこれからも突っ走ります！！！\n100万人ありがとう🐰🐴💓！！！ https://t.co/N9YDvSAHaP","truncated":false,"entities":{"hashtags":[],"symbols":[],"user_mentions":[],"urls":[],"media":[{"id":887298682239860700,"id_str":"887298682239860736","indices":[68,91],"media_url":"http://pbs.twimg.com/media/DFBRc0yUQAAFuQ8.jpg","media_url_https":"https://pbs.twimg.com/media/DFBRc0yUQAAFuQ8.jpg","url":"https://t.co/N9YDvSAHaP","display_url":"pic.twitter.com/N9YDvSAHaP","expanded_url":"https://twitter.com/JINJIN1027/status/887298688413908992/photo/1","type":"photo","sizes":{"small":{"w":680,"h":528,"resize":"fit"},"thumb":{"w":150,"h":150,"resize":"crop"},"large":{"w":750,"h":582,"resize":"fit"},"medium":{"w":750,"h":582,"resize":"fit"}}}]},"extended_entities":{"media":[{"id":887298682239860700,"id_str":"887298682239860736","indices":[68,91],"media_url":"http://pbs.twimg.com/media/DFBRc0yUQAAFuQ8.jpg","media_url_https":"https://pbs.twimg.com/media/DFBRc0yUQAAFuQ8.jpg","url":"https://t.co/N9YDvSAHaP","display_url":"pic.twitter.com/N9YDvSAHaP","expanded_url":"https://twitter.com/JINJIN1027/status/887298688413908992/photo/1","type":"photo","sizes":{"small":{"w":680,"h":528,"resize":"fit"},"thumb":{"w":150,"h":150,"resize":"crop"},"large":{"w":750,"h":582,"resize":"fit"},"medium":{"w":750,"h":582,"resize":"fit"}}}]},"metadata":{"iso_language_code":"ja","result_type":"recent"},"source":"<a href=\"http://twitter.com/download/iphone\" rel=\"nofollow\">Twitter for iPhone</a>","in_reply_to_status_id":null,"in_reply_to_status_id_str":null,"in_reply_to_user_id":null,"in_reply_to_user_id_str":null,"in_reply_to_screen_name":null,"user":{"id":122339708,"id_str":"122339708","name":"☆イニ☆(じん)","screen_name":"JINJIN1027","location":"東京","description":"左利きAB型出っ歯🤓/人生楽しんだもん勝ち！/サブ垢(@JINSJINS1027)/VAZ所属/☆イニ☆と書いて、じんと読みます！/連絡先 support@vaz.co.jp / スカイピース(@skypeace_teojin)","url":"https://t.co/B2PxdAYSJu","entities":{"url":{"urls":[{"url":"https://t.co/B2PxdAYSJu","expanded_url":"https://www.youtube.com/channel/UC5VZjrV5x9J9mTyGODzu0dQ","display_url":"youtube.com/channel/UC5VZj…","indices":[0,23]}]},"description":{"urls":[]}},"protected":false,"followers_count":427259,"friends_count":491,"listed_count":1161,"created_at":"Fri Mar 12 11:06:08 +0000 2010","favourites_count":24936,"utc_offset":32400,"time_zone":"Tokyo","geo_enabled":false,"verified":false,"statuses_count":75362,"lang":"ja","contributors_enabled":false,"is_translator":false,"is_translation_enabled":false,"profile_background_color":"C0DEED","profile_background_image_url":"http://pbs.twimg.com/profile_background_images/140837454/135.jpg","profile_background_image_url_https":"https://pbs.twimg.com/profile_background_images/140837454/135.jpg","profile_background_tile":true,"profile_image_url":"http://pbs.twimg.com/profile_images/848066280712134657/2h4i-l7P_normal.jpg","profile_image_url_https":"https://pbs.twimg.com/profile_images/848066280712134657/2h4i-l7P_normal.jpg","profile_banner_url":"https://pbs.twimg.com/profile_banners/122339708/1444821795","profile_link_color":"0084B4","profile_sidebar_border_color":"C0DEED","profile_sidebar_fill_color":"DDEEF6","profile_text_color":"333333","profile_use_background_image":true,"has_extended_profile":true,"default_profile":false,"default_profile_image":false,"following":false,"follow_request_sent":false,"notifications":false,"translator_type":"none"},"geo":null,"coordinates":null,"place":null,"contributors":null,"is_quote_status":false,"retweet_count":12799,"favorite_count":51258,"favorited":false,"retweeted":false,"possibly_sensitive":false,"lang":"ja"},{"created_at":"Tue Jul 18 13:08:16 +0000 2017","id":887297972068679700,"id_str":"887297972068679680","text":"【僕やり1話完走☺︎】\nご覧いただいた皆様😌僕やりの世界、いかがでしたでしょうか❓来週もね、元気に、アクセル全開で行きますわ👍🏻市橋バイクだけに🏍 ブンブン！レッツゴー！！\n\n#僕たちがやりました #僕やり #火9は僕やり… https://t.co/UKenbGY8MZ","truncated":true,"entities":{"hashtags":[{"text":"僕たちがやりました","indices":[88,98]},{"text":"僕やり","indices":[99,103]},{"text":"火9は僕やり","indices":[104,111]}],"symbols":[],"user_mentions":[],"urls":[{"url":"https://t.co/UKenbGY8MZ","expanded_url":"https://twitter.com/i/web/status/887297972068679680","display_url":"twitter.com/i/web/status/8…","indices":[113,136]}]},"metadata":{"iso_language_code":"ja","result_type":"recent"},"source":"<a href=\"http://twitter.com/download/iphone\" rel=\"nofollow\">Twitter for iPhone</a>","in_reply_to_status_id":null,"in_reply_to_status_id_str":null,"in_reply_to_user_id":null,"in_reply_to_user_id_str":null,"in_reply_to_screen_name":null,"user":{"id":861829251103809500,"id_str":"861829251103809536","name":"火9ドラマ『僕たちがやりました』公式","screen_name":"bokuyari_ktv","location":"東京","description":"7月18日スタート 火曜よる9時 関西テレビ・フジテレビ系📺✨ 公式Instagram→https://t.co/bU4LVSxGoQ #窪田正孝 #永野芽郁 #新田真剣佑 #間宮祥太朗 #葉山奨之 #今野浩喜 #川栄李奈 #岡崎紗絵 #板尾創路 #榊原郁恵 #水川あさみ #三浦翔平 #古田新太","url":"https://t.co/XT8CA8N2uA","entities":{"url":{"urls":[{"url":"https://t.co/XT8CA8N2uA","expanded_url":null,"indices":[0,23]}]},"description":{"urls":[]}},"protected":false,"followers_count":112720,"friends_count":20,"listed_count":212,"created_at":"Tue May 09 06:24:40 +0000 2017","favourites_count":12,"utc_offset":-25200,"time_zone":"Pacific Time (US & Canada)","geo_enabled":false,"verified":true,"statuses_count":318,"lang":"ja","contributors_enabled":false,"is_translator":false,"is_translation_enabled":false,"profile_background_color":"F5F8FA","profile_background_image_url":null,"profile_background_image_url_https":null,"profile_background_tile":false,"profile_image_url":"http://pbs.twimg.com/profile_images/868930869389541376/5_XOWkTj_normal.jpg","profile_image_url_https":"https://pbs.twimg.com/profile_images/868930869389541376/5_XOWkTj_normal.jpg","profile_banner_url":"https://pbs.twimg.com/profile_banners/861829251103809536/1498195816","profile_link_color":"1DA1F2","profile_sidebar_border_color":"C0DEED","profile_sidebar_fill_color":"DDEEF6","profile_text_color":"333333","profile_use_background_image":true,"has_extended_profile":false,"default_profile":true,"default_profile_image":false,"following":false,"follow_request_sent":false,"notifications":false,"translator_type":"none"},"geo":null,"coordinates":null,"place":null,"contributors":null,"is_quote_status":false,"retweet_count":9200,"favorite_count":48709,"favorited":false,"retweeted":false,"possibly_sensitive":false,"lang":"ja"},{"created_at":"Tue Jul 18 12:57:33 +0000 2017","id":887295276007833600,"id_str":"887295276007833600","text":"ありがとう https://t.co/jdKPmhYaw9","truncated":false,"entities":{"hashtags":[],"symbols":[],"user_mentions":[],"urls":[],"media":[{"id":887295269368340500,"id_str":"887295269368340480","indices":[6,29],"media_url":"http://pbs.twimg.com/media/DFBOWK2VoAASQzf.jpg","media_url_https":"https://pbs.twimg.com/media/DFBOWK2VoAASQzf.jpg","url":"https://t.co/jdKPmhYaw9","display_url":"pic.twitter.com/jdKPmhYaw9","expanded_url":"https://twitter.com/teokun711/status/887295276007833600/photo/1","type":"photo","sizes":{"large":{"w":750,"h":582,"resize":"fit"},"thumb":{"w":150,"h":150,"resize":"crop"},"medium":{"w":750,"h":582,"resize":"fit"},"small":{"w":680,"h":528,"resize":"fit"}}}]},"extended_entities":{"media":[{"id":887295269368340500,"id_str":"887295269368340480","indices":[6,29],"media_url":"http://pbs.twimg.com/media/DFBOWK2VoAASQzf.jpg","media_url_https":"https://pbs.twimg.com/media/DFBOWK2VoAASQzf.jpg","url":"https://t.co/jdKPmhYaw9","display_url":"pic.twitter.com/jdKPmhYaw9","expanded_url":"https://twitter.com/teokun711/status/887295276007833600/photo/1","type":"photo","sizes":{"large":{"w":750,"h":582,"resize":"fit"},"thumb":{"w":150,"h":150,"resize":"crop"},"medium":{"w":750,"h":582,"resize":"fit"},"small":{"w":680,"h":528,"resize":"fit"}}}]},"metadata":{"iso_language_code":"ja","result_type":"recent"},"source":"<a href=\"http://twitter.com/download/iphone\" rel=\"nofollow\">Twitter for iPhone</a>","in_reply_to_status_id":null,"in_reply_to_status_id_str":null,"in_reply_to_user_id":null,"in_reply_to_user_id_str":null,"in_reply_to_screen_name":null,"user":{"id":3036621878,"id_str":"3036621878","name":"テオくん@幸せ者","screen_name":"teokun711","location":"","description":"AB型21歳いぇい。固定ツイートに動画まとめてます@テオファミ最高です。距離縮め垢→【@teokun7117】僕はwimper♪連絡はsupport@vaz.co.jp【instagram】→https://t.co/bwbrKggxMrスカイピース@skypeace_teojin","url":"https://t.co/DwFKLxUOdc","entities":{"url":{"urls":[{"url":"https://t.co/DwFKLxUOdc","expanded_url":"https://www.youtube.com/channel/UCj6_0tBpVpmyYSGu6f-uKqw","display_url":"youtube.com/channel/UCj6_0…","indices":[0,23]}]},"description":{"urls":[{"url":"https://t.co/bwbrKggxMr","expanded_url":"https://www.instagram.com/teokun.711/","display_url":"instagram.com/teokun.711/","indices":[96,119]}]}},"protected":false,"followers_count":438941,"friends_count":185,"listed_count":921,"created_at":"Sun Feb 22 15:11:20 +0000 2015","favourites_count":64228,"utc_offset":-25200,"time_zone":"Pacific Time (US & Canada)","geo_enabled":true,"verified":false,"statuses_count":15433,"lang":"ja","contributors_enabled":false,"is_translator":false,"is_translation_enabled":false,"profile_background_color":"000000","profile_background_image_url":"http://abs.twimg.com/images/themes/theme1/bg.png","profile_background_image_url_https":"https://abs.twimg.com/images/themes/theme1/bg.png","profile_background_tile":false,"profile_image_url":"http://pbs.twimg.com/profile_images/858322819075104768/xD4WSaAr_normal.jpg","profile_image_url_https":"https://pbs.twimg.com/profile_images/858322819075104768/xD4WSaAr_normal.jpg","profile_banner_url":"https://pbs.twimg.com/profile_banners/3036621878/1495682503","profile_link_color":"1B95E0","profile_sidebar_border_color":"000000","profile_sidebar_fill_color":"000000","profile_text_color":"000000","profile_use_background_image":false,"has_extended_profile":true,"default_profile":false,"default_profile_image":false,"following":false,"follow_request_sent":false,"notifications":false,"translator_type":"none"},"geo":null,"coordinates":null,"place":null,"contributors":null,"is_quote_status":false,"retweet_count":13306,"favorite_count":54627,"favorited":false,"retweeted":false,"possibly_sensitive":false,"lang":"ja"},{"created_at":"Tue Jul 18 12:53:22 +0000 2017","id":887294223606726700,"id_str":"887294223606726660","text":"そしてこちらがラバーチャームです！\n#FGOラジオ #FateGO #agqr https://t.co/2JEghVY94R","truncated":false,"entities":{"hashtags":[{"text":"FGOラジオ","indices":[18,25]},{"text":"FateGO","indices":[26,33]},{"text":"agqr","indices":[34,39]}],"symbols":[],"user_mentions":[],"urls":[],"media":[{"id":887294163665903600,"id_str":"887294163665903616","indices":[40,63],"media_url":"http://pbs.twimg.com/media/DFBNVzyVYAABqA9.jpg","media_url_https":"https://pbs.twimg.com/media/DFBNVzyVYAABqA9.jpg","url":"https://t.co/2JEghVY94R","display_url":"pic.twitter.com/2JEghVY94R","expanded_url":"https://twitter.com/fgojoqr/status/887294223606726660/photo/1","type":"photo","sizes":{"small":{"w":594,"h":680,"resize":"fit"},"thumb":{"w":150,"h":150,"resize":"crop"},"medium":{"w":699,"h":800,"resize":"fit"},"large":{"w":699,"h":800,"resize":"fit"}}}]},"extended_entities":{"media":[{"id":887294163665903600,"id_str":"887294163665903616","indices":[40,63],"media_url":"http://pbs.twimg.com/media/DFBNVzyVYAABqA9.jpg","media_url_https":"https://pbs.twimg.com/media/DFBNVzyVYAABqA9.jpg","url":"https://t.co/2JEghVY94R","display_url":"pic.twitter.com/2JEghVY94R","expanded_url":"https://twitter.com/fgojoqr/status/887294223606726660/photo/1","type":"photo","sizes":{"small":{"w":594,"h":680,"resize":"fit"},"thumb":{"w":150,"h":150,"resize":"crop"},"medium":{"w":699,"h":800,"resize":"fit"},"large":{"w":699,"h":800,"resize":"fit"}}}]},"metadata":{"iso_language_code":"ja","result_type":"recent"},"source":"<a href=\"http://twitter.com\" rel=\"nofollow\">Twitter Web Client</a>","in_reply_to_status_id":null,"in_reply_to_status_id_str":null,"in_reply_to_user_id":null,"in_reply_to_user_id_str":null,"in_reply_to_screen_name":null,"user":{"id":799544433012252700,"id_str":"799544433012252672","name":"FGO カルデア・ラジオ局","screen_name":"fgojoqr","location":"","description":"Fate/Grand Orderの公式ラジオ番組『Fate/Grand Order カルデア・ラジオ局』の文化放送が運営する番組アカウントです。 文化放送（地上波）【毎週日曜21:30～22:00】、文化放送超！Ａ＆Ｇ＋【毎週火曜21:00～22:00】で放送中！ fgo@joqr.net　#FGOラジオ","url":"https://t.co/kBNTXcM7cE","entities":{"url":{"urls":[{"url":"https://t.co/kBNTXcM7cE","expanded_url":"http://www.joqr.co.jp/fgo/","display_url":"joqr.co.jp/fgo/","indices":[0,23]}]},"description":{"urls":[]}},"protected":false,"followers_count":59291,"friends_count":1,"listed_count":703,"created_at":"Fri Nov 18 09:27:02 +0000 2016","favourites_count":0,"utc_offset":32400,"time_zone":"Tokyo","geo_enabled":false,"verified":false,"statuses_count":461,"lang":"ja","contributors_enabled":false,"is_translator":false,"is_translation_enabled":false,"profile_background_color":"F5F8FA","profile_background_image_url":null,"profile_background_image_url_https":null,"profile_background_tile":false,"profile_image_url":"http://pbs.twimg.com/profile_images/877791886500544512/ZknhllRS_normal.jpg","profile_image_url_https":"https://pbs.twimg.com/profile_images/877791886500544512/ZknhllRS_normal.jpg","profile_banner_url":"https://pbs.twimg.com/profile_banners/799544433012252672/1481028058","profile_link_color":"1DA1F2","profile_sidebar_border_color":"C0DEED","profile_sidebar_fill_color":"DDEEF6","profile_text_color":"333333","profile_use_background_image":true,"has_extended_profile":false,"default_profile":true,"default_profile_image":false,"following":false,"follow_request_sent":false,"notifications":false,"translator_type":"none"},"geo":null,"coordinates":null,"place":null,"contributors":null,"is_quote_status":false,"retweet_count":6188,"favorite_count":5435,"favorited":false,"retweeted":false,"possibly_sensitive":false,"lang":"ja"},{"created_at":"Tue Jul 18 12:17:58 +0000 2017","id":887285315764748300,"id_str":"887285315764748288","text":"いま知ったけどGoogleストリートビューの「海洋」で、世界じゅうの「海の中」が覗けるようになってる…！ その海に生息する生き物を様々な角度から見られて臨場感が半端ないし、意外と色んな場所に動けて海中散歩みたいにも楽しめる。スゴイ… https://t.co/Ek5yki8rHN","truncated":true,"entities":{"hashtags":[],"symbols":[],"user_mentions":[],"urls":[{"url":"https://t.co/Ek5yki8rHN","expanded_url":"https://twitter.com/i/web/status/887285315764748288","display_url":"twitter.com/i/web/status/8…","indices":[117,140]}]},"metadata":{"iso_language_code":"ja","result_type":"recent"},"source":"<a href=\"http://twitter.com\" rel=\"nofollow\">Twitter Web Client</a>","in_reply_to_status_id":null,"in_reply_to_status_id_str":null,"in_reply_to_user_id":null,"in_reply_to_user_id_str":null,"in_reply_to_screen_name":null,"user":{"id":3265602312,"id_str":"3265602312","name":"ぬまがさ","screen_name":"numagasa","location":"","description":"おもに生き物の図解を描いたりしています（鳥と水棲生物が好き）。映画やドラマやドキュメンタリーやアニメや百合の話にひとりで花を咲かせたりもします。今期はRWBYがアツイです。連絡などあればDMもご利用ください。\nブログ「沼の見える街」https://t.co/Ybb5Co7HHK","url":"https://t.co/HgeNH6bMFh","entities":{"url":{"urls":[{"url":"https://t.co/HgeNH6bMFh","expanded_url":"http://www.pixiv.net/member.php?id=9208326","display_url":"pixiv.net/member.php?id=…","indices":[0,23]}]},"description":{"urls":[{"url":"https://t.co/Ybb5Co7HHK","expanded_url":"http://numagasa.hatenablog.com","display_url":"numagasa.hatenablog.com","indices":[116,139]}]}},"protected":false,"followers_count":64618,"friends_count":99,"listed_count":871,"created_at":"Thu Jul 02 03:24:10 +0000 2015","favourites_count":1609,"utc_offset":32400,"time_zone":"Tokyo","geo_enabled":false,"verified":false,"statuses_count":8484,"lang":"ja","contributors_enabled":false,"is_translator":false,"is_translation_enabled":false,"profile_background_color":"000000","profile_background_image_url":"http://abs.twimg.com/images/themes/theme1/bg.png","profile_background_image_url_https":"https://abs.twimg.com/images/themes/theme1/bg.png","profile_background_tile":false,"profile_image_url":"http://pbs.twimg.com/profile_images/774242070504452097/yDAYATXf_normal.jpg","profile_image_url_https":"https://pbs.twimg.com/profile_images/774242070504452097/yDAYATXf_normal.jpg","profile_banner_url":"https://pbs.twimg.com/profile_banners/3265602312/1466554102","profile_link_color":"3B94D9","profile_sidebar_border_color":"000000","profile_sidebar_fill_color":"000000","profile_text_color":"000000","profile_use_background_image":false,"has_extended_profile":false,"default_profile":false,"default_profile_image":false,"following":false,"follow_request_sent":false,"notifications":false,"translator_type":"none"},"geo":null,"coordinates":null,"place":null,"contributors":null,"is_quote_status":false,"retweet_count":18122,"favorite_count":20601,"favorited":false,"retweeted":false,"possibly_sensitive":false,"lang":"ja"},{"created_at":"Tue Jul 18 12:09:56 +0000 2017","id":887283293619494900,"id_str":"887283293619494912","text":"子供の頃からの夢が一つ叶いました。 https://t.co/JAK9pGHKoF","truncated":false,"entities":{"hashtags":[],"symbols":[],"user_mentions":[],"urls":[],"media":[{"id":887283286103343100,"id_str":"887283286103343104","indices":[18,41],"media_url":"http://pbs.twimg.com/media/DFBDcptUwAAwSmv.jpg","media_url_https":"https://pbs.twimg.com/media/DFBDcptUwAAwSmv.jpg","url":"https://t.co/JAK9pGHKoF","display_url":"pic.twitter.com/JAK9pGHKoF","expanded_url":"https://twitter.com/PesPeso/status/887283293619494912/photo/1","type":"photo","sizes":{"medium":{"w":800,"h":600,"resize":"fit"},"small":{"w":680,"h":510,"resize":"fit"},"thumb":{"w":150,"h":150,"resize":"crop"},"large":{"w":800,"h":600,"resize":"fit"}}}]},"extended_entities":{"media":[{"id":887283286103343100,"id_str":"887283286103343104","indices":[18,41],"media_url":"http://pbs.twimg.com/media/DFBDcptUwAAwSmv.jpg","media_url_https":"https://pbs.twimg.com/media/DFBDcptUwAAwSmv.jpg","url":"https://t.co/JAK9pGHKoF","display_url":"pic.twitter.com/JAK9pGHKoF","expanded_url":"https://twitter.com/PesPeso/status/887283293619494912/photo/1","type":"photo","sizes":{"medium":{"w":800,"h":600,"resize":"fit"},"small":{"w":680,"h":510,"resize":"fit"},"thumb":{"w":150,"h":150,"resize":"crop"},"large":{"w":800,"h":600,"resize":"fit"}}},{"id":887283290469580800,"id_str":"887283290469580800","indices":[18,41],"media_url":"http://pbs.twimg.com/media/DFBDc5-UQAAb6NU.jpg","media_url_https":"https://pbs.twimg.com/media/DFBDc5-UQAAb6NU.jpg","url":"https://t.co/JAK9pGHKoF","display_url":"pic.twitter.com/JAK9pGHKoF","expanded_url":"https://twitter.com/PesPeso/status/887283293619494912/photo/1","type":"photo","sizes":{"medium":{"w":800,"h":600,"resize":"fit"},"small":{"w":680,"h":510,"resize":"fit"},"thumb":{"w":150,"h":150,"resize":"crop"},"large":{"w":800,"h":600,"resize":"fit"}}}]},"metadata":{"iso_language_code":"ja","result_type":"recent"},"source":"<a href=\"http://covelline.com/feather/\" rel=\"nofollow\">feather for iOS</a>","in_reply_to_status_id":null,"in_reply_to_status_id_str":null,"in_reply_to_user_id":null,"in_reply_to_user_id_str":null,"in_reply_to_screen_name":null,"user":{"id":304549847,"id_str":"304549847","name":"ペソ＠夏コミ1日目東ヨ-15a","screen_name":"PesPeso","location":"埼玉県","description":"元3DCGデザイナーで今は絵を描いたり、シコったり、シコったり、シコったり、シコったり、シコったり、シコったり、シコったり、シコったり、シコったりしてる人。成年向けのツイートが含まれるので未成年はフォローをご遠慮くださいboy","url":"https://t.co/LWdZYDiD3b","entities":{"url":{"urls":[{"url":"https://t.co/LWdZYDiD3b","expanded_url":"http://www.pixiv.net/member.php?id=216589","display_url":"pixiv.net/member.php?id=…","indices":[0,23]}]},"description":{"urls":[]}},"protected":false,"followers_count":19193,"friends_count":1933,"listed_count":495,"created_at":"Tue May 24 18:11:20 +0000 2011","favourites_count":4886,"utc_offset":32400,"time_zone":"Tokyo","geo_enabled":false,"verified":false,"statuses_count":246442,"lang":"ja","contributors_enabled":false,"is_translator":false,"is_translation_enabled":true,"profile_background_color":"709397","profile_background_image_url":"http://abs.twimg.com/images/themes/theme6/bg.gif","profile_background_image_url_https":"https://abs.twimg.com/images/themes/theme6/bg.gif","profile_background_tile":false,"profile_image_url":"http://pbs.twimg.com/profile_images/883253625153134592/5GblAtk6_normal.jpg","profile_image_url_https":"https://pbs.twimg.com/profile_images/883253625153134592/5GblAtk6_normal.jpg","profile_banner_url":"https://pbs.twimg.com/profile_banners/304549847/1494282076","profile_link_color":"ABB8C2","profile_sidebar_border_color":"000000","profile_sidebar_fill_color":"000000","profile_text_color":"000000","profile_use_background_image":true,"has_extended_profile":true,"default_profile":false,"default_profile_image":false,"following":false,"follow_request_sent":false,"notifications":false,"translator_type":"none"},"geo":null,"coordinates":null,"place":null,"contributors":null,"is_quote_status":false,"retweet_count":4912,"favorite_count":7029,"favorited":false,"retweeted":false,"possibly_sensitive":false,"lang":"ja"},{"created_at":"Tue Jul 18 11:57:49 +0000 2017","id":887280242053726200,"id_str":"887280242053726209","text":"最近ガッキーが出てる番組ほとんど見てる。たまにテレビに映ってるガッキーに話しかけて遊んでるから俺たぶんガッキーと友達なんだと思う。ね？ガッキー^^？\nなんか俺がガッキーみたいな文字列になっちゃった。 https://t.co/4cnmNG93ID","truncated":false,"entities":{"hashtags":[],"symbols":[],"user_mentions":[],"urls":[],"media":[{"id":887280235330154500,"id_str":"887280235330154496","indices":[100,123],"media_url":"http://pbs.twimg.com/media/DFBArEsUMAA2xA3.jpg","media_url_https":"https://pbs.twimg.com/media/DFBArEsUMAA2xA3.jpg","url":"https://t.co/4cnmNG93ID","display_url":"pic.twitter.com/4cnmNG93ID","expanded_url":"https://twitter.com/kiyo_saiore/status/887280242053726209/photo/1","type":"photo","sizes":{"small":{"w":499,"h":680,"resize":"fit"},"medium":{"w":750,"h":1022,"resize":"fit"},"thumb":{"w":150,"h":150,"resize":"crop"},"large":{"w":750,"h":1022,"resize":"fit"}}}]},"extended_entities":{"media":[{"id":887280235330154500,"id_str":"887280235330154496","indices":[100,123],"media_url":"http://pbs.twimg.com/media/DFBArEsUMAA2xA3.jpg","media_url_https":"https://pbs.twimg.com/media/DFBArEsUMAA2xA3.jpg","url":"https://t.co/4cnmNG93ID","display_url":"pic.twitter.com/4cnmNG93ID","expanded_url":"https://twitter.com/kiyo_saiore/status/887280242053726209/photo/1","type":"photo","sizes":{"small":{"w":499,"h":680,"resize":"fit"},"medium":{"w":750,"h":1022,"resize":"fit"},"thumb":{"w":150,"h":150,"resize":"crop"},"large":{"w":750,"h":1022,"resize":"fit"}}}]},"metadata":{"iso_language_code":"ja","result_type":"recent"},"source":"<a href=\"http://twitter.com/download/iphone\" rel=\"nofollow\">Twitter for iPhone</a>","in_reply_to_status_id":null,"in_reply_to_status_id_str":null,"in_reply_to_user_id":null,"in_reply_to_user_id_str":null,"in_reply_to_screen_name":null,"user":{"id":129471863,"id_str":"129471863","name":"キヨ","screen_name":"kiyo_saiore","location":"スペイン（北海道）","description":"最俺です。サッカーと女優さんが大好きです⊿ 【YouTubeもやってまする→https://t.co/M2G1Ca630B】【インスタ→https://t.co/VGRhuAb1Kg】【 何かありましたら→saiorenraku@yahoo.co.jp】","url":"https://t.co/7HAKQXfg1o","entities":{"url":{"urls":[{"url":"https://t.co/7HAKQXfg1o","expanded_url":"http://ch.nicovideo.jp/kiyo-saiore","display_url":"ch.nicovideo.jp/kiyo-saiore","indices":[0,23]}]},"description":{"urls":[{"url":"https://t.co/M2G1Ca630B","expanded_url":"http://goo.gl/zcqUED","display_url":"goo.gl/zcqUED","indices":[38,61]},{"url":"https://t.co/VGRhuAb1Kg","expanded_url":"http://instagram.com/kiyo_yuusya","display_url":"instagram.com/kiyo_yuusya","indices":[68,91]}]}},"protected":false,"followers_count":705983,"friends_count":134,"listed_count":10580,"created_at":"Sun Apr 04 11:41:01 +0000 2010","favourites_count":3,"utc_offset":null,"time_zone":null,"geo_enabled":false,"verified":false,"statuses_count":11028,"lang":"ja","contributors_enabled":false,"is_translator":false,"is_translation_enabled":false,"profile_background_color":"C0DEED","profile_background_image_url":"http://pbs.twimg.com/profile_background_images/260683996/45274__.jpg","profile_background_image_url_https":"https://pbs.twimg.com/profile_background_images/260683996/45274__.jpg","profile_background_tile":true,"profile_image_url":"http://pbs.twimg.com/profile_images/482906167367041024/s0nqByHX_normal.jpeg","profile_image_url_https":"https://pbs.twimg.com/profile_images/482906167367041024/s0nqByHX_normal.jpeg","profile_banner_url":"https://pbs.twimg.com/profile_banners/129471863/1471178099","profile_link_color":"0084B4","profile_sidebar_border_color":"C0DEED","profile_sidebar_fill_color":"DDEEF6","profile_text_color":"333333","profile_use_background_image":true,"has_extended_profile":false,"default_profile":false,"default_profile_image":false,"following":false,"follow_request_sent":false,"notifications":false,"translator_type":"none"},"geo":null,"coordinates":null,"place":null,"contributors":null,"is_quote_status":false,"retweet_count":5847,"favorite_count":25842,"favorited":false,"retweeted":false,"possibly_sensitive":false,"lang":"ja"},{"created_at":"Tue Jul 18 11:42:43 +0000 2017","id":887276441427001300,"id_str":"887276441427001344","text":"喧嘩に巻き込んでくるウザいカップルを黙らせる方法。 https://t.co/uN6ib3rdr3","truncated":false,"entities":{"hashtags":[],"symbols":[],"user_mentions":[],"urls":[],"media":[{"id":887275644127543300,"id_str":"887275644127543299","indices":[26,49],"media_url":"http://pbs.twimg.com/ext_tw_video_thumb/887275644127543299/pu/img/tQVsrcCL4u7x6C2D.jpg","media_url_https":"https://pbs.twimg.com/ext_tw_video_thumb/887275644127543299/pu/img/tQVsrcCL4u7x6C2D.jpg","url":"https://t.co/uN6ib3rdr3","display_url":"pic.twitter.com/uN6ib3rdr3","expanded_url":"https://twitter.com/brianjesse1/status/887276441427001344/video/1","type":"photo","sizes":{"small":{"w":340,"h":191,"resize":"fit"},"thumb":{"w":150,"h":150,"resize":"crop"},"medium":{"w":600,"h":338,"resize":"fit"},"large":{"w":1024,"h":576,"resize":"fit"}}}]},"extended_entities":{"media":[{"id":887275644127543300,"id_str":"887275644127543299","indices":[26,49],"media_url":"http://pbs.twimg.com/ext_tw_video_thumb/887275644127543299/pu/img/tQVsrcCL4u7x6C2D.jpg","media_url_https":"https://pbs.twimg.com/ext_tw_video_thumb/887275644127543299/pu/img/tQVsrcCL4u7x6C2D.jpg","url":"https://t.co/uN6ib3rdr3","display_url":"pic.twitter.com/uN6ib3rdr3","expanded_url":"https://twitter.com/brianjesse1/status/887276441427001344/video/1","type":"video","sizes":{"small":{"w":340,"h":191,"resize":"fit"},"thumb":{"w":150,"h":150,"resize":"crop"},"medium":{"w":600,"h":338,"resize":"fit"},"large":{"w":1024,"h":576,"resize":"fit"}},"video_info":{"aspect_ratio":[16,9],"duration_millis":109977,"variants":[{"bitrate":2176000,"content_type":"video/mp4","url":"https://video.twimg.com/ext_tw_video/887275644127543299/pu/vid/1280x720/7g_fHGAW_7z3ca4s.mp4"},{"content_type":"application/x-mpegURL","url":"https://video.twimg.com/ext_tw_video/887275644127543299/pu/pl/Iexeqeklm-r-bma1.m3u8"},{"bitrate":832000,"content_type":"video/mp4","url":"https://video.twimg.com/ext_tw_video/887275644127543299/pu/vid/640x360/D6z7KjU9rnooynic.mp4"},{"bitrate":320000,"content_type":"video/mp4","url":"https://video.twimg.com/ext_tw_video/887275644127543299/pu/vid/320x180/rHcfoAzcTaGfMEAz.mp4"}]},"additional_media_info":{"monetizable":false}}]},"metadata":{"iso_language_code":"ja","result_type":"recent"},"source":"<a href=\"http://twitter.com/download/iphone\" rel=\"nofollow\">Twitter for iPhone</a>","in_reply_to_status_id":null,"in_reply_to_status_id_str":null,"in_reply_to_user_id":null,"in_reply_to_user_id_str":null,"in_reply_to_screen_name":null,"user":{"id":613194097,"id_str":"613194097","name":"ブライアン(brianjesse)","screen_name":"brianjesse1","location":"神奈川","description":"Vine、Youtubeなどで下ネタ、ラップ、モノマネ、ゲーム実況などしているブライアンです！\nvine/instagram→brianjesse\n是非フォローしてね！\n連絡は brianjesse123@yahoo.co.jpまで！","url":"https://t.co/SIC6hOENok","entities":{"url":{"urls":[{"url":"https://t.co/SIC6hOENok","expanded_url":"https://www.youtube.com/channel/UCpZnHxjKCAOm-FKPrYYi-LA","display_url":"youtube.com/channel/UCpZnH…","indices":[0,23]}]},"description":{"urls":[]}},"protected":false,"followers_count":1506653,"friends_count":524,"listed_count":1668,"created_at":"Wed Jun 20 06:27:08 +0000 2012","favourites_count":7762,"utc_offset":28800,"time_zone":"Irkutsk","geo_enabled":false,"verified":true,"statuses_count":6543,"lang":"ja","contributors_enabled":false,"is_translator":false,"is_translation_enabled":false,"profile_background_color":"C0DEED","profile_background_image_url":"http://abs.twimg.com/images/themes/theme1/bg.png","profile_background_image_url_https":"https://abs.twimg.com/images/themes/theme1/bg.png","profile_background_tile":false,"profile_image_url":"http://pbs.twimg.com/profile_images/483051149725929472/yYHIXn2o_normal.jpeg","profile_image_url_https":"https://pbs.twimg.com/profile_images/483051149725929472/yYHIXn2o_normal.jpeg","profile_banner_url":"https://pbs.twimg.com/profile_banners/613194097/1454058037","profile_link_color":"1DA1F2","profile_sidebar_border_color":"C0DEED","profile_sidebar_fill_color":"DDEEF6","profile_text_color":"333333","profile_use_background_image":true,"has_extended_profile":false,"default_profile":true,"default_profile_image":false,"following":false,"follow_request_sent":false,"notifications":false,"translator_type":"none"},"geo":null,"coordinates":null,"place":null,"contributors":null,"is_quote_status":false,"retweet_count":8351,"favorite_count":22506,"favorited":false,"retweeted":false,"possibly_sensitive":false,"lang":"ja"},{"created_at":"Tue Jul 18 11:24:08 +0000 2017","id":887271765751222300,"id_str":"887271765751222272","text":"あーーーー！！郵便物をまふまふ宛で送るのやめろーーーー！！！配達の人こまった顔してたからやめろーーーーー！！！あーーー！！！ https://t.co/39GmiNM6Ww","truncated":false,"entities":{"hashtags":[],"symbols":[],"user_mentions":[],"urls":[],"media":[{"id":887271740153315300,"id_str":"887271740153315329","indices":[63,86],"media_url":"http://pbs.twimg.com/media/DFA48lsUwAEdOZC.jpg","media_url_https":"https://pbs.twimg.com/media/DFA48lsUwAEdOZC.jpg","url":"https://t.co/39GmiNM6Ww","display_url":"pic.twitter.com/39GmiNM6Ww","expanded_url":"https://twitter.com/uni_mafumafu/status/887271765751222272/photo/1","type":"photo","sizes":{"large":{"w":2048,"h":1534,"resize":"fit"},"thumb":{"w":150,"h":150,"resize":"crop"},"medium":{"w":1200,"h":899,"resize":"fit"},"small":{"w":680,"h":509,"resize":"fit"}}}]},"extended_entities":{"media":[{"id":887271740153315300,"id_str":"887271740153315329","indices":[63,86],"media_url":"http://pbs.twimg.com/media/DFA48lsUwAEdOZC.jpg","media_url_https":"https://pbs.twimg.com/media/DFA48lsUwAEdOZC.jpg","url":"https://t.co/39GmiNM6Ww","display_url":"pic.twitter.com/39GmiNM6Ww","expanded_url":"https://twitter.com/uni_mafumafu/status/887271765751222272/photo/1","type":"photo","sizes":{"large":{"w":2048,"h":1534,"resize":"fit"},"thumb":{"w":150,"h":150,"resize":"crop"},"medium":{"w":1200,"h":899,"resize":"fit"},"small":{"w":680,"h":509,"resize":"fit"}}}]},"metadata":{"iso_language_code":"ja","result_type":"recent"},"source":"<a href=\"http://twitter.com/download/iphone\" rel=\"nofollow\">Twitter for iPhone</a>","in_reply_to_status_id":null,"in_reply_to_status_id_str":null,"in_reply_to_user_id":null,"in_reply_to_user_id_str":null,"in_reply_to_screen_name":null,"user":{"id":268758461,"id_str":"268758461","name":"まふまふ＠何でも屋さん","screen_name":"uni_mafumafu","location":"夢の中","description":"何でも屋です。ねむり　歌 / 作詞作曲 / 編曲　After the Rain、オリコンウィークリー２位獲得しました　まふてる⇒(@uni_mafuteru) ニコニコ動画 https://t.co/9XtigvFrOE  Youtube https://t.co/QoUG6At4z2","url":"https://t.co/cSdsbyhY3S","entities":{"url":{"urls":[{"url":"https://t.co/cSdsbyhY3S","expanded_url":"http://uni-mafumafu.jp/","display_url":"uni-mafumafu.jp","indices":[0,23]}]},"description":{"urls":[{"url":"https://t.co/9XtigvFrOE","expanded_url":"http://goo.gl/UQU30u","display_url":"goo.gl/UQU30u","indices":[87,110]},{"url":"https://t.co/QoUG6At4z2","expanded_url":"http://youtube.com/c/uni_mafumafu","display_url":"youtube.com/c/uni_mafumafu","indices":[120,143]}]}},"protected":false,"followers_count":855865,"friends_count":427,"listed_count":9314,"created_at":"Sat Mar 19 12:05:43 +0000 2011","favourites_count":2181,"utc_offset":null,"time_zone":null,"geo_enabled":false,"verified":true,"statuses_count":51675,"lang":"ja","contributors_enabled":false,"is_translator":false,"is_translation_enabled":false,"profile_background_color":"131516","profile_background_image_url":"http://pbs.twimg.com/profile_background_images/489831337700777985/V9q5tR8K.png","profile_background_image_url_https":"https://pbs.twimg.com/profile_background_images/489831337700777985/V9q5tR8K.png","profile_background_tile":false,"profile_image_url":"http://pbs.twimg.com/profile_images/852817717774004225/yyRc5caq_normal.jpg","profile_image_url_https":"https://pbs.twimg.com/profile_images/852817717774004225/yyRc5caq_normal.jpg","profile_banner_url":"https://pbs.twimg.com/profile_banners/268758461/1464252254","profile_link_color":"009999","profile_sidebar_border_color":"FFFFFF","profile_sidebar_fill_color":"252429","profile_text_color":"666666","profile_use_background_image":true,"has_extended_profile":false,"default_profile":false,"default_profile_image":false,"following":false,"follow_request_sent":false,"notifications":false,"translator_type":"none"},"geo":null,"coordinates":null,"place":null,"contributors":null,"is_quote_status":false,"retweet_count":5456,"favorite_count":31467,"favorited":false,"retweeted":false,"possibly_sensitive":false,"lang":"ja"},{"created_at":"Tue Jul 18 11:21:21 +0000 2017","id":887271065109409800,"id_str":"887271065109409796","text":"【占いに執着してる人へ】\n\n#共感したらRT \n#厄年 \n#ソウルナンバー \n#ちなみに母の職業占い師 https://t.co/xhGxrGskQS","truncated":false,"entities":{"hashtags":[{"text":"共感したらRT","indices":[14,22]},{"text":"厄年","indices":[24,27]},{"text":"ソウルナンバー","indices":[29,37]},{"text":"ちなみに母の職業占い師","indices":[39,51]}],"symbols":[],"user_mentions":[],"urls":[],"media":[{"id":887270028126560300,"id_str":"887270028126560256","indices":[52,75],"media_url":"http://pbs.twimg.com/ext_tw_video_thumb/887270028126560256/pu/img/k4I42EgaVOi0ei9d.jpg","media_url_https":"https://pbs.twimg.com/ext_tw_video_thumb/887270028126560256/pu/img/k4I42EgaVOi0ei9d.jpg","url":"https://t.co/xhGxrGskQS","display_url":"pic.twitter.com/xhGxrGskQS","expanded_url":"https://twitter.com/DJ_Shacho/status/887271065109409796/video/1","type":"photo","sizes":{"large":{"w":960,"h":540,"resize":"fit"},"small":{"w":340,"h":191,"resize":"fit"},"thumb":{"w":150,"h":150,"resize":"crop"},"medium":{"w":600,"h":338,"resize":"fit"}}}]},"extended_entities":{"media":[{"id":887270028126560300,"id_str":"887270028126560256","indices":[52,75],"media_url":"http://pbs.twimg.com/ext_tw_video_thumb/887270028126560256/pu/img/k4I42EgaVOi0ei9d.jpg","media_url_https":"https://pbs.twimg.com/ext_tw_video_thumb/887270028126560256/pu/img/k4I42EgaVOi0ei9d.jpg","url":"https://t.co/xhGxrGskQS","display_url":"pic.twitter.com/xhGxrGskQS","expanded_url":"https://twitter.com/DJ_Shacho/status/887271065109409796/video/1","type":"video","sizes":{"large":{"w":960,"h":540,"resize":"fit"},"small":{"w":340,"h":191,"resize":"fit"},"thumb":{"w":150,"h":150,"resize":"crop"},"medium":{"w":600,"h":338,"resize":"fit"}},"video_info":{"aspect_ratio":[16,9],"duration_millis":139067,"variants":[{"content_type":"application/x-mpegURL","url":"https://video.twimg.com/ext_tw_video/887270028126560256/pu/pl/axNLW3l_wvJbfTl1.m3u8"},{"bitrate":320000,"content_type":"video/mp4","url":"https://video.twimg.com/ext_tw_video/887270028126560256/pu/vid/320x180/WimsDHM6Q_v5bcrQ.mp4"},{"bitrate":832000,"content_type":"video/mp4","url":"https://video.twimg.com/ext_tw_video/887270028126560256/pu/vid/640x360/-CZGPDID7MRe_xhF.mp4"}]},"additional_media_info":{"monetizable":false}}]},"metadata":{"iso_language_code":"ja","result_type":"recent"},"source":"<a href=\"http://twitter.com/download/iphone\" rel=\"nofollow\">Twitter for iPhone</a>","in_reply_to_status_id":null,"in_reply_to_status_id_str":null,"in_reply_to_user_id":null,"in_reply_to_user_id_str":null,"in_reply_to_screen_name":null,"user":{"id":833201953,"id_str":"833201953","name":"DJ社長【レペゼン地球】","screen_name":"DJ_Shacho","location":"LifeGroup株式会社 代表取締役社長","description":"【実はDJ出来る】【平日毎日約20時に動画UP📹】【全裸でお風呂に入るぐらい変態】【母の名前は卍みきえ卍】【乳首で大根おろせる】【日本鼻ニンニク協会:会長】【首から下イケメン】【フォローしてくれたらプラチナムありがてぇ】【動画以外を呟く垢、仕事依頼DMは➡︎@kimoto_shacho】【レペゼン地球リーダー】","url":"https://t.co/S954bpXWn7","entities":{"url":{"urls":[{"url":"https://t.co/S954bpXWn7","expanded_url":"https://m.youtube.com/channel/UCxMLTQETeHIB2WGuTOG5wJA","display_url":"m.youtube.com/channel/UCxMLT…","indices":[0,23]}]},"description":{"urls":[]}},"protected":false,"followers_count":145897,"friends_count":130,"listed_count":135,"created_at":"Wed Sep 19 12:16:35 +0000 2012","favourites_count":18306,"utc_offset":28800,"time_zone":"Irkutsk","geo_enabled":true,"verified":false,"statuses_count":1396,"lang":"ja","contributors_enabled":false,"is_translator":false,"is_translation_enabled":false,"profile_background_color":"022330","profile_background_image_url":"http://abs.twimg.com/images/themes/theme15/bg.png","profile_background_image_url_https":"https://abs.twimg.com/images/themes/theme15/bg.png","profile_background_tile":false,"profile_image_url":"http://pbs.twimg.com/profile_images/871032195099512832/d0Mkdzpe_normal.jpg","profile_image_url_https":"https://pbs.twimg.com/profile_images/871032195099512832/d0Mkdzpe_normal.jpg","profile_banner_url":"https://pbs.twimg.com/profile_banners/833201953/1496213439","profile_link_color":"0084B4","profile_sidebar_border_color":"A8C7F7","profile_sidebar_fill_color":"C0DFEC","profile_text_color":"333333","profile_use_background_image":true,"has_extended_profile":false,"default_profile":false,"default_profile_image":false,"following":false,"follow_request_sent":false,"notifications":false,"translator_type":"none"},"geo":null,"coordinates":null,"place":null,"contributors":null,"is_quote_status":false,"retweet_count":5028,"favorite_count":10371,"favorited":false,"retweeted":false,"possibly_sensitive":false,"lang":"ja"},{"created_at":"Tue Jul 18 10:55:11 +0000 2017","id":887264481734152200,"id_str":"887264481734152192","text":"関西の人\n信じられないかもしれませんが、「遠慮のかたまり」「蚊にかまれる」「ぐねる」「アテ」「いがむ」これらは標準語ではないそうです\n気をつけましょう\n\n#ちゃちゃ入れマンデー https://t.co/k2R7XGQ0rk","truncated":false,"entities":{"hashtags":[{"text":"ちゃちゃ入れマンデー","indices":[77,88]}],"symbols":[],"user_mentions":[],"urls":[],"media":[{"id":887264469360836600,"id_str":"887264469360836608","indices":[89,112],"media_url":"http://pbs.twimg.com/media/DFAyVX4UAAABE_N.jpg","media_url_https":"https://pbs.twimg.com/media/DFAyVX4UAAABE_N.jpg","url":"https://t.co/k2R7XGQ0rk","display_url":"pic.twitter.com/k2R7XGQ0rk","expanded_url":"https://twitter.com/snow_belltree/status/887264481734152192/photo/1","type":"photo","sizes":{"small":{"w":680,"h":377,"resize":"fit"},"medium":{"w":1200,"h":664,"resize":"fit"},"large":{"w":2048,"h":1134,"resize":"fit"},"thumb":{"w":150,"h":150,"resize":"crop"}}}]},"extended_entities":{"media":[{"id":887264469360836600,"id_str":"887264469360836608","indices":[89,112],"media_url":"http://pbs.twimg.com/media/DFAyVX4UAAABE_N.jpg","media_url_https":"https://pbs.twimg.com/media/DFAyVX4UAAABE_N.jpg","url":"https://t.co/k2R7XGQ0rk","display_url":"pic.twitter.com/k2R7XGQ0rk","expanded_url":"https://twitter.com/snow_belltree/status/887264481734152192/photo/1","type":"photo","sizes":{"small":{"w":680,"h":377,"resize":"fit"},"medium":{"w":1200,"h":664,"resize":"fit"},"large":{"w":2048,"h":1134,"resize":"fit"},"thumb":{"w":150,"h":150,"resize":"crop"}}}]},"metadata":{"iso_language_code":"ja","result_type":"recent"},"source":"<a href=\"http://twitter.com/download/iphone\" rel=\"nofollow\">Twitter for iPhone</a>","in_reply_to_status_id":null,"in_reply_to_status_id_str":null,"in_reply_to_user_id":null,"in_reply_to_user_id_str":null,"in_reply_to_screen_name":null,"user":{"id":538059069,"id_str":"538059069","name":"ユキ@進撃の軌跡8/10&10/28P席","screen_name":"snow_belltree","location":"本籍:SHK（関西ローラン）","description":"◇職種:看護師◇好物:タイバニ（兎虎）おそ松さん（おそチョロ）YOI（ヴィク勇）ヘタリア（米英）銀魂（土銀）コナン（快新）ギアス（スザルル）ファフナー・サンホラ・リンホラ◇王様の休日（沖縄）1班1号車◇進撃の軌跡 7/8・7/10・8/10・8/23・10/8・10/27・10/28・10/29・11/9・11/10","url":null,"entities":{"description":{"urls":[]}},"protected":false,"followers_count":336,"friends_count":148,"listed_count":6,"created_at":"Tue Mar 27 08:15:28 +0000 2012","favourites_count":1944,"utc_offset":28800,"time_zone":"Irkutsk","geo_enabled":true,"verified":false,"statuses_count":6742,"lang":"ja","contributors_enabled":false,"is_translator":false,"is_translation_enabled":false,"profile_background_color":"C0DEED","profile_background_image_url":"http://pbs.twimg.com/profile_background_images/471886590/__.jpg","profile_background_image_url_https":"https://pbs.twimg.com/profile_background_images/471886590/__.jpg","profile_background_tile":true,"profile_image_url":"http://pbs.twimg.com/profile_images/850721163365851138/i7OXGNp9_normal.jpg","profile_image_url_https":"https://pbs.twimg.com/profile_images/850721163365851138/i7OXGNp9_normal.jpg","profile_banner_url":"https://pbs.twimg.com/profile_banners/538059069/1489755230","profile_link_color":"0084B4","profile_sidebar_border_color":"C0DEED","profile_sidebar_fill_color":"DDEEF6","profile_text_color":"333333","profile_use_background_image":true,"has_extended_profile":false,"default_profile":false,"default_profile_image":false,"following":false,"follow_request_sent":false,"notifications":false,"translator_type":"none"},"geo":null,"coordinates":null,"place":null,"contributors":null,"is_quote_status":false,"retweet_count":30848,"favorite_count":17250,"favorited":false,"retweeted":false,"possibly_sensitive":false,"lang":"ja"}],"search_metadata":{"completed_in":0.657,"max_id":887326612391252000,"max_id_str":"887326612391251968","next_results":"?max_id=887264481734152191&q=lang%3Aja%20min_retweets%3A5000&include_entities=1","query":"lang%3Aja+min_retweets%3A5000","refresh_url":"?since_id=887326612391251968&q=lang%3Aja%20min_retweets%3A5000&include_entities=1","count":15,"since_id":0,"since_id_str":"0"}}