{"statuses":[{"created_at":"Thu Jul 20 09:09:30 +0000 2017","id":887962661341634600,"id_str":"887962661341634560","text":"『ガールズ＆パンツァー　ドリームタンクマッチ』PS4で今冬発売決定！本作品らしい臨場感・爽快感のある戦車の動きをお楽しみいただける戦車アクションゲームとなっており、オンライン対戦も可能になります！… https://t.co/r7YRWJB10U","truncated":true,"entities":{"hashtags":[],"symbols":[],"user_mentions":[],"urls":[{"url":"https://t.co/r7YRWJB10U","expanded_url":"https://twitter.com/i/web/status/887962661341634560","display_url":"twitter.com/i/web/status/8…","indices":[100,123]}]},"metadata":{"iso_language_code":"ja","result_type":"recent"},"source":"<a href=\"http://twitter.com\" rel=\"nofollow\">Twitter Web Client</a>","in_reply_to_status_id":null,"in_reply_to_status_id_str":null,"in_reply_to_user_id":null,"in_reply_to_user_id_str":null,"in_reply_to_screen_name":null,"user":{"id":580916046,"id_str":"580916046","name":"「ガールズ＆パンツァー」公式アカウント","screen_name":"garupan","location":"茨城県東茨城郡大洗町","description":"「ガールズ＆パンツァー 劇場版」BD&DVD好評発売中！「ガールズ＆パンツァー 最終章」は全6話で劇場イベント上映！第1話は2017年12月9日公開予定！パンツァーフォー！","url":"https://t.co/A6G1VN84qe","entities":{"url":{"urls":[{"url":"https://t.co/A6G1VN84qe","expanded_url":"http://girls-und-panzer.jp/","display_url":"girls-und-panzer.jp","indices":[0,23]}]},"description":{"urls":[]}},"protected":false,"followers_count":160001,"friends_count":131,"listed_count":3713,"created_at":"Tue May 15 12:15:17 +0000 2012","favourites_count":162,"utc_offset":-25200,"time_zone":"Pacific Time (US & Canada)","geo_enabled":false,"verified":true,"statuses_count":23238,"lang":"ja","contributors_enabled":false,"is_translator":false,"is_translation_enabled":false,"profile_background_color":"C0DEED","profile_background_image_url":"http://abs.twimg.com/images/themes/theme1/bg.png","profile_background_image_url_https":"https://abs.twimg.com/images/themes/theme1/bg.png","profile_background_tile":false,"profile_image_url":"http://pbs.twimg.com/profile_images/824154368693993472/7H3J35LI_normal.jpg","profile_image_url_https":"https://pbs.twimg.com/profile_images/824154368693993472/7H3J35LI_normal.jpg","profile_banner_url":"https://pbs.twimg.com/profile_banners/580916046/1480593040","profile_link_color":"1DA1F2","profile_sidebar_border_color":"C0DEED","profile_sidebar_fill_color":"DDEEF6","profile_text_color":"333333","profile_use_background_image":true,"has_extended_profile":true,"default_profile":true,"default_profile_image":false,"following":false,"follow_request_sent":false,"notifications":false,"translator_type":"none"},"geo":null,"coordinates":null,"place":null,"contributors":null,"is_quote_status":false,"retweet_count":5336,"favorite_count":3112,"favorited":false,"retweeted":false,"possibly_sensitive":false,"lang":"ja"},{"created_at":"Thu Jul 20 09:07:07 +0000 2017","id":887962061585748000,"id_str":"887962061585747969","text":"真似するタヌキ https://t.co/r1GmimUvkm","truncated":false,"entities":{"hashtags":[],"symbols":[],"user_mentions":[],"urls":[],"media":[{"id":887961971898724400,"id_str":"887961971898724353","indices":[8,31],"media_url":"http://pbs.twimg.com/media/DFKstXUUMAEIh9Q.png","media_url_https":"https://pbs.twimg.com/media/DFKstXUUMAEIh9Q.png","url":"https://t.co/r1GmimUvkm","display_url":"pic.twitter.com/r1GmimUvkm","expanded_url":"https://twitter.com/atamotonu/status/887962061585747969/photo/1","type":"photo","sizes":{"medium":{"w":368,"h":500,"resize":"fit"},"large":{"w":368,"h":500,"resize":"fit"},"small":{"w":368,"h":500,"resize":"fit"},"thumb":{"w":150,"h":150,"resize":"crop"}}}]},"extended_entities":{"media":[{"id":887961971898724400,"id_str":"887961971898724353","indices":[8,31],"media_url":"http://pbs.twimg.com/media/DFKstXUUMAEIh9Q.png","media_url_https":"https://pbs.twimg.com/media/DFKstXUUMAEIh9Q.png","url":"https://t.co/r1GmimUvkm","display_url":"pic.twitter.com/r1GmimUvkm","expanded_url":"https://twitter.com/atamotonu/status/887962061585747969/photo/1","type":"photo","sizes":{"medium":{"w":368,"h":500,"resize":"fit"},"large":{"w":368,"h":500,"resize":"fit"},"small":{"w":368,"h":500,"resize":"fit"},"thumb":{"w":150,"h":150,"resize":"crop"}}}]},"metadata":{"iso_language_code":"ja","result_type":"recent"},"source":"<a href=\"http://twitter.com\" rel=\"nofollow\">Twitter Web Client</a>","in_reply_to_status_id":null,"in_reply_to_status_id_str":null,"in_reply_to_user_id":null,"in_reply_to_user_id_str":null,"in_reply_to_screen_name":null,"user":{"id":723128021540954100,"id_str":"723128021540954113","name":"アタモト","screen_name":"atamotonu","location":"","description":"仕事関係の告知と楽描き用アカウント。 「タヌキとキツネ」「たるしば」など色々描いてます。リプ返し出来なくてごめんなさい、いつもありがとうございます。タヌキとキツネLINEスタンプ→https://t.co/Xpx4P8NBPs ※当アカウントのイラストの加工や転載はご遠慮ください","url":"https://t.co/3h6zd8eIug","entities":{"url":{"urls":[{"url":"https://t.co/3h6zd8eIug","expanded_url":"http://inch.sakura.ne.jp/","display_url":"inch.sakura.ne.jp","indices":[0,23]}]},"description":{"urls":[{"url":"https://t.co/Xpx4P8NBPs","expanded_url":"http://line.me/S/shop/sticker/author/101150","display_url":"line.me/S/shop/sticker…","indices":[90,113]}]}},"protected":false,"followers_count":479591,"friends_count":21,"listed_count":3635,"created_at":"Thu Apr 21 12:35:30 +0000 2016","favourites_count":159,"utc_offset":32400,"time_zone":"Tokyo","geo_enabled":false,"verified":false,"statuses_count":833,"lang":"ja","contributors_enabled":false,"is_translator":false,"is_translation_enabled":false,"profile_background_color":"000000","profile_background_image_url":"http://abs.twimg.com/images/themes/theme1/bg.png","profile_background_image_url_https":"https://abs.twimg.com/images/themes/theme1/bg.png","profile_background_tile":false,"profile_image_url":"http://pbs.twimg.com/profile_images/812948188793434112/Mu7Li4la_normal.jpg","profile_image_url_https":"https://pbs.twimg.com/profile_images/812948188793434112/Mu7Li4la_normal.jpg","profile_link_color":"D98719","profile_sidebar_border_color":"000000","profile_sidebar_fill_color":"000000","profile_text_color":"000000","profile_use_background_image":false,"has_extended_profile":false,"default_profile":false,"default_profile_image":false,"following":false,"follow_request_sent":false,"notifications":false,"translator_type":"none"},"geo":null,"coordinates":null,"place":null,"contributors":null,"is_quote_status":false,"retweet_count":4991,"favorite_count":12209,"favorited":false,"retweeted":false,"possibly_sensitive":false,"lang":"ja"},{"created_at":"Thu Jul 20 09:04:34 +0000 2017","id":887961418477092900,"id_str":"887961418477092865","text":"【ブログ更新】最終章 第1話 特報映像には、見覚えのない戦車が！キャラクターが！そして華は生徒会長としてどんな動きを・・・!?こちらは詳細を後日発表！続報をお待ち下さい！https://t.co/kfKm9qp4Lp… https://t.co/GzXZwDwt60","truncated":true,"entities":{"hashtags":[],"symbols":[],"user_mentions":[],"urls":[{"url":"https://t.co/kfKm9qp4Lp","expanded_url":"http://girls-und-panzer.at.webry.info/201707/article_4.html","display_url":"girls-und-panzer.at.webry.info/201707/article…","indices":[85,108]},{"url":"https://t.co/GzXZwDwt60","expanded_url":"https://twitter.com/i/web/status/887961418477092865","display_url":"twitter.com/i/web/status/8…","indices":[110,133]}]},"metadata":{"iso_language_code":"ja","result_type":"recent"},"source":"<a href=\"http://twitter.com\" rel=\"nofollow\">Twitter Web Client</a>","in_reply_to_status_id":null,"in_reply_to_status_id_str":null,"in_reply_to_user_id":null,"in_reply_to_user_id_str":null,"in_reply_to_screen_name":null,"user":{"id":580916046,"id_str":"580916046","name":"「ガールズ＆パンツァー」公式アカウント","screen_name":"garupan","location":"茨城県東茨城郡大洗町","description":"「ガールズ＆パンツァー 劇場版」BD&DVD好評発売中！「ガールズ＆パンツァー 最終章」は全6話で劇場イベント上映！第1話は2017年12月9日公開予定！パンツァーフォー！","url":"https://t.co/A6G1VN84qe","entities":{"url":{"urls":[{"url":"https://t.co/A6G1VN84qe","expanded_url":"http://girls-und-panzer.jp/","display_url":"girls-und-panzer.jp","indices":[0,23]}]},"description":{"urls":[]}},"protected":false,"followers_count":160001,"friends_count":131,"listed_count":3713,"created_at":"Tue May 15 12:15:17 +0000 2012","favourites_count":162,"utc_offset":-25200,"time_zone":"Pacific Time (US & Canada)","geo_enabled":false,"verified":true,"statuses_count":23238,"lang":"ja","contributors_enabled":false,"is_translator":false,"is_translation_enabled":false,"profile_background_color":"C0DEED","profile_background_image_url":"http://abs.twimg.com/images/themes/theme1/bg.png","profile_background_image_url_https":"https://abs.twimg.com/images/themes/theme1/bg.png","profile_background_tile":false,"profile_image_url":"http://pbs.twimg.com/profile_images/824154368693993472/7H3J35LI_normal.jpg","profile_image_url_https":"https://pbs.twimg.com/profile_images/824154368693993472/7H3J35LI_normal.jpg","profile_banner_url":"https://pbs.twimg.com/profile_banners/580916046/1480593040","profile_link_color":"1DA1F2","profile_sidebar_border_color":"C0DEED","profile_sidebar_fill_color":"DDEEF6","profile_text_color":"333333","profile_use_background_image":true,"has_extended_profile":true,"default_profile":true,"default_profile_image":false,"following":false,"follow_request_sent":false,"notifications":false,"translator_type":"none"},"geo":null,"coordinates":null,"place":null,"contributors":null,"is_quote_status":false,"retweet_count":4811,"favorite_count":3000,"favorited":false,"retweeted":false,"possibly_sensitive":false,"lang":"ja"},{"created_at":"Thu Jul 20 09:00:09 +0000 2017","id":887960308848840700,"id_str":"887960308848840704","text":"【カルデア広報局より】\n7月20日(木)17:00より実施しておりますメンテナンスを延長させていただきます。メンテナンス終了の目途が立ち次第、あらためてご報告いたします。お客様には、ご迷惑をおかけいたしますことをお詫び申し上げます。 #FateGO","truncated":false,"entities":{"hashtags":[{"text":"FateGO","indices":[117,124]}],"symbols":[],"user_mentions":[],"urls":[]},"metadata":{"iso_language_code":"ja","result_type":"recent"},"source":"<a href=\"http://twitter.com\" rel=\"nofollow\">Twitter Web Client</a>","in_reply_to_status_id":null,"in_reply_to_status_id_str":null,"in_reply_to_user_id":null,"in_reply_to_user_id_str":null,"in_reply_to_screen_name":null,"user":{"id":2968069742,"id_str":"2968069742","name":"【公式】Fate/Grand Order","screen_name":"fgoproject","location":"","description":"TYPE-MOONが贈る、新たな「Fate」RPG「Fate/Grand Order」公式アカウント。カルデア広報局より、皆様に最新情報をお届けします！公式ハッシュタグ → #FateGO","url":"http://t.co/NtAp9EJPBj","entities":{"url":{"urls":[{"url":"http://t.co/NtAp9EJPBj","expanded_url":"http://www.fate-go.jp/","display_url":"fate-go.jp","indices":[0,22]}]},"description":{"urls":[]}},"protected":false,"followers_count":731352,"friends_count":0,"listed_count":8931,"created_at":"Fri Jan 09 04:12:09 +0000 2015","favourites_count":0,"utc_offset":32400,"time_zone":"Seoul","geo_enabled":false,"verified":true,"statuses_count":1959,"lang":"ja","contributors_enabled":false,"is_translator":false,"is_translation_enabled":false,"profile_background_color":"C0DEED","profile_background_image_url":"http://abs.twimg.com/images/themes/theme1/bg.png","profile_background_image_url_https":"https://abs.twimg.com/images/themes/theme1/bg.png","profile_background_tile":false,"profile_image_url":"http://pbs.twimg.com/profile_images/848188127462031361/LR9bGs9q_normal.jpg","profile_image_url_https":"https://pbs.twimg.com/profile_images/848188127462031361/LR9bGs9q_normal.jpg","profile_banner_url":"https://pbs.twimg.com/profile_banners/2968069742/1491058804","profile_link_color":"3B94D9","profile_sidebar_border_color":"C0DEED","profile_sidebar_fill_color":"DDEEF6","profile_text_color":"333333","profile_use_background_image":true,"has_extended_profile":false,"default_profile":false,"default_profile_image":false,"following":false,"follow_request_sent":false,"notifications":false,"translator_type":"none"},"geo":null,"coordinates":null,"place":null,"contributors":null,"is_quote_status":false,"retweet_count":16073,"favorite_count":7105,"favorited":false,"retweeted":false,"lang":"ja"},{"created_at":"Thu Jul 20 08:00:04 +0000 2017","id":887945185237364700,"id_str":"887945185237364736","text":"『もっとマンガで分かる！Fate/Grand Order』第83話更新！宝具の守りで事態を免れたマシュたち。丸焼けになったカルデアの跡地で、最後の戦いの火蓋が切られる！ #FateGO https://t.co/UmGfS8GxIk https://t.co/Knqc87vRjQ","truncated":false,"entities":{"hashtags":[{"text":"FateGO","indices":[85,92]}],"symbols":[],"user_mentions":[],"urls":[{"url":"https://t.co/UmGfS8GxIk","expanded_url":"http://www.fate-go.jp/manga_fgo2/","display_url":"fate-go.jp/manga_fgo2/","indices":[93,116]}],"media":[{"id":887945182292856800,"id_str":"887945182292856836","indices":[117,140],"media_url":"http://pbs.twimg.com/media/DFKdcFKV0AQSuzz.jpg","media_url_https":"https://pbs.twimg.com/media/DFKdcFKV0AQSuzz.jpg","url":"https://t.co/Knqc87vRjQ","display_url":"pic.twitter.com/Knqc87vRjQ","expanded_url":"https://twitter.com/fgoproject/status/887945185237364736/photo/1","type":"photo","sizes":{"small":{"w":680,"h":385,"resize":"fit"},"large":{"w":990,"h":560,"resize":"fit"},"thumb":{"w":150,"h":150,"resize":"crop"},"medium":{"w":990,"h":560,"resize":"fit"}}}]},"extended_entities":{"media":[{"id":887945182292856800,"id_str":"887945182292856836","indices":[117,140],"media_url":"http://pbs.twimg.com/media/DFKdcFKV0AQSuzz.jpg","media_url_https":"https://pbs.twimg.com/media/DFKdcFKV0AQSuzz.jpg","url":"https://t.co/Knqc87vRjQ","display_url":"pic.twitter.com/Knqc87vRjQ","expanded_url":"https://twitter.com/fgoproject/status/887945185237364736/photo/1","type":"photo","sizes":{"small":{"w":680,"h":385,"resize":"fit"},"large":{"w":990,"h":560,"resize":"fit"},"thumb":{"w":150,"h":150,"resize":"crop"},"medium":{"w":990,"h":560,"resize":"fit"}}}]},"metadata":{"iso_language_code":"ja","result_type":"recent"},"source":"<a href=\"http://www.hootsuite.com\" rel=\"nofollow\">Hootsuite</a>","in_reply_to_status_id":null,"in_reply_to_status_id_str":null,"in_reply_to_user_id":null,"in_reply_to_user_id_str":null,"in_reply_to_screen_name":null,"user":{"id":2968069742,"id_str":"2968069742","name":"【公式】Fate/Grand Order","screen_name":"fgoproject","location":"","description":"TYPE-MOONが贈る、新たな「Fate」RPG「Fate/Grand Order」公式アカウント。カルデア広報局より、皆様に最新情報をお届けします！公式ハッシュタグ → #FateGO","url":"http://t.co/NtAp9EJPBj","entities":{"url":{"urls":[{"url":"http://t.co/NtAp9EJPBj","expanded_url":"http://www.fate-go.jp/","display_url":"fate-go.jp","indices":[0,22]}]},"description":{"urls":[]}},"protected":false,"followers_count":731352,"friends_count":0,"listed_count":8931,"created_at":"Fri Jan 09 04:12:09 +0000 2015","favourites_count":0,"utc_offset":32400,"time_zone":"Seoul","geo_enabled":false,"verified":true,"statuses_count":1959,"lang":"ja","contributors_enabled":false,"is_translator":false,"is_translation_enabled":false,"profile_background_color":"C0DEED","profile_background_image_url":"http://abs.twimg.com/images/themes/theme1/bg.png","profile_background_image_url_https":"https://abs.twimg.com/images/themes/theme1/bg.png","profile_background_tile":false,"profile_image_url":"http://pbs.twimg.com/profile_images/848188127462031361/LR9bGs9q_normal.jpg","profile_image_url_https":"https://pbs.twimg.com/profile_images/848188127462031361/LR9bGs9q_normal.jpg","profile_banner_url":"https://pbs.twimg.com/profile_banners/2968069742/1491058804","profile_link_color":"3B94D9","profile_sidebar_border_color":"C0DEED","profile_sidebar_fill_color":"DDEEF6","profile_text_color":"333333","profile_use_background_image":true,"has_extended_profile":false,"default_profile":false,"default_profile_image":false,"following":false,"follow_request_sent":false,"notifications":false,"translator_type":"none"},"geo":null,"coordinates":null,"place":null,"contributors":null,"is_quote_status":false,"retweet_count":6890,"favorite_count":3800,"favorited":false,"retweeted":false,"possibly_sensitive":false,"lang":"ja"},{"created_at":"Thu Jul 20 07:58:50 +0000 2017","id":887944876565831700,"id_str":"887944876565831680","text":"【グランブルーファンタジー】イベント「決戦！星の古戦場」において、９月開催イベントボスの属性を以下のように変更いたします。\n（変更前）イベントボス：風属性\n（変更後）イベントボス：土属性\n詳しくはゲーム内のお知らせをご確認ください。#グラブル","truncated":false,"entities":{"hashtags":[{"text":"グラブル","indices":[116,121]}],"symbols":[],"user_mentions":[],"urls":[]},"metadata":{"iso_language_code":"ja","result_type":"recent"},"source":"<a href=\"http://engagemanager.tribalmedia.co.jp/\" rel=\"nofollow\">EngageManager</a>","in_reply_to_status_id":null,"in_reply_to_status_id_str":null,"in_reply_to_user_id":null,"in_reply_to_user_id_str":null,"in_reply_to_screen_name":null,"user":{"id":1549889018,"id_str":"1549889018","name":"グランブルーファンタジー","screen_name":"granbluefantasy","location":"","description":"｢グランブルーファンタジー｣公式Twitterアカウントです。運営からのお知らせをツイートします。","url":"https://t.co/15Gqq9oUyB","entities":{"url":{"urls":[{"url":"https://t.co/15Gqq9oUyB","expanded_url":"http://granbluefantasy.jp/","display_url":"granbluefantasy.jp","indices":[0,23]}]},"description":{"urls":[]}},"protected":false,"followers_count":452347,"friends_count":14,"listed_count":6155,"created_at":"Thu Jun 27 06:05:10 +0000 2013","favourites_count":0,"utc_offset":28800,"time_zone":"Irkutsk","geo_enabled":false,"verified":true,"statuses_count":5150,"lang":"ja","contributors_enabled":false,"is_translator":false,"is_translation_enabled":false,"profile_background_color":"131516","profile_background_image_url":"http://pbs.twimg.com/profile_background_images/378800000141035672/NJ6ibXgz.jpeg","profile_background_image_url_https":"https://pbs.twimg.com/profile_background_images/378800000141035672/NJ6ibXgz.jpeg","profile_background_tile":false,"profile_image_url":"http://pbs.twimg.com/profile_images/875517323288891393/NAdjoxu8_normal.jpg","profile_image_url_https":"https://pbs.twimg.com/profile_images/875517323288891393/NAdjoxu8_normal.jpg","profile_banner_url":"https://pbs.twimg.com/profile_banners/1549889018/1401448093","profile_link_color":"009999","profile_sidebar_border_color":"FFFFFF","profile_sidebar_fill_color":"EFEFEF","profile_text_color":"333333","profile_use_background_image":true,"has_extended_profile":false,"default_profile":false,"default_profile_image":false,"following":false,"follow_request_sent":false,"notifications":false,"translator_type":"none"},"geo":null,"coordinates":null,"place":null,"contributors":null,"is_quote_status":false,"retweet_count":4907,"favorite_count":1099,"favorited":false,"retweeted":false,"lang":"ja"},{"created_at":"Thu Jul 20 06:34:54 +0000 2017","id":887923756005335000,"id_str":"887923756005335040","text":"週間ぞい！ https://t.co/1pR7NwVezW","truncated":false,"entities":{"hashtags":[],"symbols":[],"user_mentions":[],"urls":[],"media":[{"id":887923684043702300,"id_str":"887923684043702272","indices":[6,29],"media_url":"http://pbs.twimg.com/media/DFKJ4t8UwAAPVpm.jpg","media_url_https":"https://pbs.twimg.com/media/DFKJ4t8UwAAPVpm.jpg","url":"https://t.co/1pR7NwVezW","display_url":"pic.twitter.com/1pR7NwVezW","expanded_url":"https://twitter.com/kanihamiso/status/887923756005335040/photo/1","type":"photo","sizes":{"large":{"w":1600,"h":320,"resize":"fit"},"small":{"w":680,"h":136,"resize":"fit"},"thumb":{"w":150,"h":150,"resize":"crop"},"medium":{"w":1200,"h":240,"resize":"fit"}}}]},"extended_entities":{"media":[{"id":887923684043702300,"id_str":"887923684043702272","indices":[6,29],"media_url":"http://pbs.twimg.com/media/DFKJ4t8UwAAPVpm.jpg","media_url_https":"https://pbs.twimg.com/media/DFKJ4t8UwAAPVpm.jpg","url":"https://t.co/1pR7NwVezW","display_url":"pic.twitter.com/1pR7NwVezW","expanded_url":"https://twitter.com/kanihamiso/status/887923756005335040/photo/1","type":"photo","sizes":{"large":{"w":1600,"h":320,"resize":"fit"},"small":{"w":680,"h":136,"resize":"fit"},"thumb":{"w":150,"h":150,"resize":"crop"},"medium":{"w":1200,"h":240,"resize":"fit"}}}]},"metadata":{"iso_language_code":"ja","result_type":"recent"},"source":"<a href=\"http://twitter.com\" rel=\"nofollow\">Twitter Web Client</a>","in_reply_to_status_id":null,"in_reply_to_status_id_str":null,"in_reply_to_user_id":null,"in_reply_to_user_id_str":null,"in_reply_to_screen_name":null,"user":{"id":71858403,"id_str":"71858403","name":"かにかま","screen_name":"kanihamiso","location":"山口","description":"絵を描きます！","url":"http://t.co/K1qwwRXxVs","entities":{"url":{"urls":[{"url":"http://t.co/K1qwwRXxVs","expanded_url":"http://www.pixiv.net/member.php?id=53993","display_url":"pixiv.net/member.php?id=…","indices":[0,22]}]},"description":{"urls":[]}},"protected":false,"followers_count":124095,"friends_count":918,"listed_count":2280,"created_at":"Sat Sep 05 18:12:39 +0000 2009","favourites_count":14192,"utc_offset":-36000,"time_zone":"Hawaii","geo_enabled":false,"verified":false,"statuses_count":21742,"lang":"ja","contributors_enabled":false,"is_translator":false,"is_translation_enabled":false,"profile_background_color":"C6E2EE","profile_background_image_url":"http://pbs.twimg.com/profile_background_images/74985651/assss.jpg","profile_background_image_url_https":"https://pbs.twimg.com/profile_background_images/74985651/assss.jpg","profile_background_tile":false,"profile_image_url":"http://pbs.twimg.com/profile_images/412220691115544576/sCo2GEZX_normal.jpeg","profile_image_url_https":"https://pbs.twimg.com/profile_images/412220691115544576/sCo2GEZX_normal.jpeg","profile_banner_url":"https://pbs.twimg.com/profile_banners/71858403/1454156677","profile_link_color":"1F98C7","profile_sidebar_border_color":"C6E2EE","profile_sidebar_fill_color":"DAECF4","profile_text_color":"663B12","profile_use_background_image":true,"has_extended_profile":false,"default_profile":false,"default_profile_image":false,"following":false,"follow_request_sent":false,"notifications":false,"translator_type":"none"},"geo":null,"coordinates":null,"place":null,"contributors":null,"is_quote_status":false,"retweet_count":11800,"favorite_count":18869,"favorited":false,"retweeted":false,"possibly_sensitive":false,"lang":"ja"},{"created_at":"Thu Jul 20 06:27:32 +0000 2017","id":887921900394922000,"id_str":"887921900394921984","text":"涼をどうぞ。 https://t.co/0sV0jeTz2P","truncated":false,"entities":{"hashtags":[],"symbols":[],"user_mentions":[],"urls":[],"media":[{"id":887921874625151000,"id_str":"887921874625150976","indices":[7,30],"media_url":"http://pbs.twimg.com/media/DFKIPZVUwAAqQBu.jpg","media_url_https":"https://pbs.twimg.com/media/DFKIPZVUwAAqQBu.jpg","url":"https://t.co/0sV0jeTz2P","display_url":"pic.twitter.com/0sV0jeTz2P","expanded_url":"https://twitter.com/KAGAYA_11949/status/887921900394921984/photo/1","type":"photo","sizes":{"small":{"w":680,"h":454,"resize":"fit"},"large":{"w":1024,"h":683,"resize":"fit"},"thumb":{"w":150,"h":150,"resize":"crop"},"medium":{"w":1024,"h":683,"resize":"fit"}}}]},"extended_entities":{"media":[{"id":887921874625151000,"id_str":"887921874625150976","indices":[7,30],"media_url":"http://pbs.twimg.com/media/DFKIPZVUwAAqQBu.jpg","media_url_https":"https://pbs.twimg.com/media/DFKIPZVUwAAqQBu.jpg","url":"https://t.co/0sV0jeTz2P","display_url":"pic.twitter.com/0sV0jeTz2P","expanded_url":"https://twitter.com/KAGAYA_11949/status/887921900394921984/photo/1","type":"photo","sizes":{"small":{"w":680,"h":454,"resize":"fit"},"large":{"w":1024,"h":683,"resize":"fit"},"thumb":{"w":150,"h":150,"resize":"crop"},"medium":{"w":1024,"h":683,"resize":"fit"}}}]},"metadata":{"iso_language_code":"ja","result_type":"recent"},"source":"<a href=\"http://twitter.com\" rel=\"nofollow\">Twitter Web Client</a>","in_reply_to_status_id":null,"in_reply_to_status_id_str":null,"in_reply_to_user_id":null,"in_reply_to_user_id_str":null,"in_reply_to_screen_name":null,"user":{"id":283928817,"id_str":"283928817","name":"KAGAYA","screen_name":"KAGAYA_11949","location":"東京都","description":"空をご覧ください、今夜も星が輝いています。星空の魅力や情報をわかりやすくお知らせしていきたいです。仕事では星座や宇宙をテーマに作品制作しています。代表作はプラネタリウム映像「銀河鉄道の夜」。機材等や日常のツイートは@kagaya_work で。","url":"http://t.co/bsO47wbCQv","entities":{"url":{"urls":[{"url":"http://t.co/bsO47wbCQv","expanded_url":"http://www.kagayastudio.com/","display_url":"kagayastudio.com","indices":[0,22]}]},"description":{"urls":[]}},"protected":false,"followers_count":375020,"friends_count":13,"listed_count":5304,"created_at":"Mon Apr 18 08:53:09 +0000 2011","favourites_count":24764,"utc_offset":32400,"time_zone":"Tokyo","geo_enabled":false,"verified":true,"statuses_count":7369,"lang":"ja","contributors_enabled":false,"is_translator":false,"is_translation_enabled":false,"profile_background_color":"000000","profile_background_image_url":"http://pbs.twimg.com/profile_background_images/234513930/blueearth.jpg","profile_background_image_url_https":"https://pbs.twimg.com/profile_background_images/234513930/blueearth.jpg","profile_background_tile":false,"profile_image_url":"http://pbs.twimg.com/profile_images/855035973050159105/ksdloz-2_normal.jpg","profile_image_url_https":"https://pbs.twimg.com/profile_images/855035973050159105/ksdloz-2_normal.jpg","profile_banner_url":"https://pbs.twimg.com/profile_banners/283928817/1445602722","profile_link_color":"3F21B8","profile_sidebar_border_color":"000000","profile_sidebar_fill_color":"A8BFFF","profile_text_color":"1F256E","profile_use_background_image":true,"has_extended_profile":true,"default_profile":false,"default_profile_image":false,"following":false,"follow_request_sent":false,"notifications":false,"translator_type":"none"},"geo":null,"coordinates":null,"place":null,"contributors":null,"is_quote_status":false,"retweet_count":5488,"favorite_count":13111,"favorited":false,"retweeted":false,"possibly_sensitive":false,"lang":"ja"},{"created_at":"Thu Jul 20 05:55:12 +0000 2017","id":887913764003037200,"id_str":"887913764003037184","text":"【新国立工事 23歳が過労自殺か】新国立競技場の建設工事で現場監督だった23歳男性が長野県で遺体で発見され、自殺と判断された。自殺直前の1カ月の時間外労働は211時間56分。両親は労災認定を申請した。 https://t.co/zHRRSJEi2L","truncated":false,"entities":{"hashtags":[],"symbols":[],"user_mentions":[],"urls":[{"url":"https://t.co/zHRRSJEi2L","expanded_url":"https://yahoo.jp/7p3FCt","display_url":"yahoo.jp/7p3FCt","indices":[101,124]}]},"metadata":{"iso_language_code":"ja","result_type":"recent"},"source":"<a href=\"http://dailynews.yahoo.co.jp/fc/\" rel=\"nofollow\">ヤフトピbot</a>","in_reply_to_status_id":null,"in_reply_to_status_id_str":null,"in_reply_to_user_id":null,"in_reply_to_user_id_str":null,"in_reply_to_screen_name":null,"user":{"id":88846085,"id_str":"88846085","name":"Yahoo!ニュース","screen_name":"YahooNewsTopics","location":"","description":"Yahoo!ニュースの公式アカウントです。365日24時間、Yahoo! JAPANトップページに掲出される話題を速報でお届け。※株式会社アフロ社提供の写真を使用している場合があります。","url":"https://t.co/PORT0VCtyG","entities":{"url":{"urls":[{"url":"https://t.co/PORT0VCtyG","expanded_url":null,"indices":[0,23]}]},"description":{"urls":[]}},"protected":false,"followers_count":306441,"friends_count":8,"listed_count":12369,"created_at":"Tue Nov 10 03:59:51 +0000 2009","favourites_count":0,"utc_offset":32400,"time_zone":"Tokyo","geo_enabled":false,"verified":true,"statuses_count":254667,"lang":"ja","contributors_enabled":false,"is_translator":false,"is_translation_enabled":false,"profile_background_color":"DFD7C7","profile_background_image_url":"http://pbs.twimg.com/profile_background_images/56797173/background.jpg","profile_background_image_url_https":"https://pbs.twimg.com/profile_background_images/56797173/background.jpg","profile_background_tile":true,"profile_image_url":"http://pbs.twimg.com/profile_images/875506779743895552/jqN_tEe4_normal.jpg","profile_image_url_https":"https://pbs.twimg.com/profile_images/875506779743895552/jqN_tEe4_normal.jpg","profile_banner_url":"https://pbs.twimg.com/profile_banners/88846085/1490596288","profile_link_color":"0084B4","profile_sidebar_border_color":"A1A33B","profile_sidebar_fill_color":"FFFCDE","profile_text_color":"333333","profile_use_background_image":true,"has_extended_profile":false,"default_profile":false,"default_profile_image":false,"following":false,"follow_request_sent":false,"notifications":false,"translator_type":"none"},"geo":null,"coordinates":null,"place":null,"contributors":null,"is_quote_status":false,"retweet_count":8410,"favorite_count":3033,"favorited":false,"retweeted":false,"possibly_sensitive":false,"lang":"ja"},{"created_at":"Thu Jul 20 05:48:49 +0000 2017","id":887912156242468900,"id_str":"887912156242468864","text":"入社したての頃、怒鳴る上司がいた。モノを投げてイスを蹴って同僚を面罵していた。３年目に同僚が退職。最終日に挨拶して回っている時、怒鳴る上司が「育てきれずにすまなかったな」と謝ったそうだ。後日その元同僚と飲んだ時に「最後にいい人になりたがったあのひと言が一番許せない」と言っていた。","truncated":false,"entities":{"hashtags":[],"symbols":[],"user_mentions":[],"urls":[]},"metadata":{"iso_language_code":"ja","result_type":"recent"},"source":"<a href=\"http://twitter.com\" rel=\"nofollow\">Twitter Web Client</a>","in_reply_to_status_id":null,"in_reply_to_status_id_str":null,"in_reply_to_user_id":null,"in_reply_to_user_id_str":null,"in_reply_to_screen_name":null,"user":{"id":300688514,"id_str":"300688514","name":"たられば","screen_name":"tarareba722","location":"東京","description":"編集者（Webと紙）／だいたいニコニコしています／Fav→／宮崎哲弥／永井均／大屋雄裕／呉智英／鴻上尚史／高島俊男／東浩紀／士郎正宗／西原理恵子／伊坂幸太郎／みなもと太郎／瀧波ユカリ／中村珍／リアル脱出ゲーム／まどマギ／嵐／おかざき真里／ゆうきまさみ／羽海野チカ／末次由紀／小山宙哉／御用向きはDMで","url":null,"entities":{"description":{"urls":[]}},"protected":false,"followers_count":96522,"friends_count":691,"listed_count":3078,"created_at":"Wed May 18 05:53:52 +0000 2011","favourites_count":65701,"utc_offset":32400,"time_zone":"Tokyo","geo_enabled":false,"verified":false,"statuses_count":51886,"lang":"ja","contributors_enabled":false,"is_translator":false,"is_translation_enabled":false,"profile_background_color":"C0DEED","profile_background_image_url":"http://abs.twimg.com/images/themes/theme1/bg.png","profile_background_image_url_https":"https://abs.twimg.com/images/themes/theme1/bg.png","profile_background_tile":false,"profile_image_url":"http://pbs.twimg.com/profile_images/583102148214296578/x-sAJjw__normal.jpg","profile_image_url_https":"https://pbs.twimg.com/profile_images/583102148214296578/x-sAJjw__normal.jpg","profile_banner_url":"https://pbs.twimg.com/profile_banners/300688514/1420012579","profile_link_color":"1DA1F2","profile_sidebar_border_color":"C0DEED","profile_sidebar_fill_color":"DDEEF6","profile_text_color":"333333","profile_use_background_image":true,"has_extended_profile":true,"default_profile":true,"default_profile_image":false,"following":false,"follow_request_sent":false,"notifications":false,"translator_type":"none"},"geo":null,"coordinates":null,"place":null,"contributors":null,"is_quote_status":false,"retweet_count":5113,"favorite_count":5484,"favorited":false,"retweeted":false,"lang":"ja"},{"created_at":"Thu Jul 20 04:41:22 +0000 2017","id":887895180929454100,"id_str":"887895180929454080","text":"毒盛るの日。 https://t.co/1IJ4Z49HG0","truncated":false,"entities":{"hashtags":[],"symbols":[],"user_mentions":[],"urls":[],"media":[{"id":887894534889193500,"id_str":"887894534889193472","indices":[7,30],"media_url":"http://pbs.twimg.com/ext_tw_video_thumb/887894534889193472/pu/img/IfW7Su94bJyfVLo0.jpg","media_url_https":"https://pbs.twimg.com/ext_tw_video_thumb/887894534889193472/pu/img/IfW7Su94bJyfVLo0.jpg","url":"https://t.co/1IJ4Z49HG0","display_url":"pic.twitter.com/1IJ4Z49HG0","expanded_url":"https://twitter.com/mam0_0fficialt/status/887895180929454080/video/1","type":"photo","sizes":{"small":{"w":340,"h":191,"resize":"fit"},"large":{"w":640,"h":360,"resize":"fit"},"thumb":{"w":150,"h":150,"resize":"crop"},"medium":{"w":600,"h":338,"resize":"fit"}}}]},"extended_entities":{"media":[{"id":887894534889193500,"id_str":"887894534889193472","indices":[7,30],"media_url":"http://pbs.twimg.com/ext_tw_video_thumb/887894534889193472/pu/img/IfW7Su94bJyfVLo0.jpg","media_url_https":"https://pbs.twimg.com/ext_tw_video_thumb/887894534889193472/pu/img/IfW7Su94bJyfVLo0.jpg","url":"https://t.co/1IJ4Z49HG0","display_url":"pic.twitter.com/1IJ4Z49HG0","expanded_url":"https://twitter.com/mam0_0fficialt/status/887895180929454080/video/1","type":"video","sizes":{"small":{"w":340,"h":191,"resize":"fit"},"large":{"w":640,"h":360,"resize":"fit"},"thumb":{"w":150,"h":150,"resize":"crop"},"medium":{"w":600,"h":338,"resize":"fit"}},"video_info":{"aspect_ratio":[16,9],"duration_millis":107341,"variants":[{"bitrate":832000,"content_type":"video/mp4","url":"https://video.twimg.com/ext_tw_video/887894534889193472/pu/vid/640x360/EGKqpe4QkJG6mTnn.mp4"},{"content_type":"application/x-mpegURL","url":"https://video.twimg.com/ext_tw_video/887894534889193472/pu/pl/GuXGBfjseGy6U6D7.m3u8"},{"bitrate":320000,"content_type":"video/mp4","url":"https://video.twimg.com/ext_tw_video/887894534889193472/pu/vid/320x180/7g8l6A-1TbuCisb0.mp4"}]},"additional_media_info":{"monetizable":false}}]},"metadata":{"iso_language_code":"ja","result_type":"recent"},"source":"<a href=\"http://twitter.com/download/iphone\" rel=\"nofollow\">Twitter for iPhone</a>","in_reply_to_status_id":null,"in_reply_to_status_id_str":null,"in_reply_to_user_id":null,"in_reply_to_user_id_str":null,"in_reply_to_screen_name":null,"user":{"id":4035350352,"id_str":"4035350352","name":"マモ","screen_name":"mam0_0fficialt","location":"浅草","description":"R指定ボーカルマモです。 ギターも弾きます。作詞作曲担当です。Twitterをはじめて一年が経ちました。熊本県出身です。名前の由来はくマモとです。宜しく。https://t.co/t6CF8akl8L","url":"https://t.co/4qY2yWAdWD","entities":{"url":{"urls":[{"url":"https://t.co/4qY2yWAdWD","expanded_url":"http://www.r-shitei.net","display_url":"r-shitei.net","indices":[0,23]}]},"description":{"urls":[{"url":"https://t.co/t6CF8akl8L","expanded_url":"http://Instagram.com/yuuyakemamomichan","display_url":"Instagram.com/yuuyakemamomic…","indices":[77,100]}]}},"protected":false,"followers_count":63129,"friends_count":56,"listed_count":832,"created_at":"Tue Oct 27 12:34:01 +0000 2015","favourites_count":0,"utc_offset":-25200,"time_zone":"Pacific Time (US & Canada)","geo_enabled":false,"verified":false,"statuses_count":2007,"lang":"ja","contributors_enabled":false,"is_translator":false,"is_translation_enabled":false,"profile_background_color":"C0DEED","profile_background_image_url":"http://abs.twimg.com/images/themes/theme1/bg.png","profile_background_image_url_https":"https://abs.twimg.com/images/themes/theme1/bg.png","profile_background_tile":false,"profile_image_url":"http://pbs.twimg.com/profile_images/871677890135445504/Y2LBsBKL_normal.jpg","profile_image_url_https":"https://pbs.twimg.com/profile_images/871677890135445504/Y2LBsBKL_normal.jpg","profile_banner_url":"https://pbs.twimg.com/profile_banners/4035350352/1496660202","profile_link_color":"1DA1F2","profile_sidebar_border_color":"C0DEED","profile_sidebar_fill_color":"DDEEF6","profile_text_color":"333333","profile_use_background_image":true,"has_extended_profile":false,"default_profile":true,"default_profile_image":false,"following":false,"follow_request_sent":false,"notifications":false,"translator_type":"none"},"geo":null,"coordinates":null,"place":null,"contributors":null,"is_quote_status":false,"retweet_count":4883,"favorite_count":8037,"favorited":false,"retweeted":false,"possibly_sensitive":false,"lang":"ja"},{"created_at":"Thu Jul 20 04:31:07 +0000 2017","id":887892604448251900,"id_str":"887892604448251904","text":"💡原作・空知英秋先生が選ぶ #映画銀魂 おすすめポイント11選 公開💡\n「映画 銀魂 SILVER MEMORIES ビジュアルブック」(集英社刊)に掲載された先生のメッセージ全文公開！映画を見た人も、これから見る人も楽しめる内容… https://t.co/SiiLdgbuJJ","truncated":true,"entities":{"hashtags":[{"text":"映画銀魂","indices":[14,19]}],"symbols":[],"user_mentions":[],"urls":[{"url":"https://t.co/SiiLdgbuJJ","expanded_url":"https://twitter.com/i/web/status/887892604448251904","display_url":"twitter.com/i/web/status/8…","indices":[117,140]}]},"metadata":{"iso_language_code":"ja","result_type":"recent"},"source":"<a href=\"http://twitter.com\" rel=\"nofollow\">Twitter Web Client</a>","in_reply_to_status_id":null,"in_reply_to_status_id_str":null,"in_reply_to_user_id":null,"in_reply_to_user_id_str":null,"in_reply_to_screen_name":null,"user":{"id":742990922053476400,"id_str":"742990922053476353","name":"映画『銀魂』公式","screen_name":"gintama_film","location":"宇宙一バカな侍だ、コノヤロー！！","description":"大ヒット上映中！出演: #小栗旬 #菅田将暉 #橋本環奈 #柳楽優弥 #新井浩文 #吉沢亮 #早見あかり #ムロツヨシ #長澤まさみ #岡田将生 #佐藤二朗 #菜々緒 #安田顕 #中村勘九郎 #堂本剛 監督: #福田雄一 。原作:#空知英秋 主題歌: #UVERworld #映画銀魂","url":"https://t.co/ouY8dPAuVA","entities":{"url":{"urls":[{"url":"https://t.co/ouY8dPAuVA","expanded_url":"http://gintama-film.com","display_url":"gintama-film.com","indices":[0,23]}]},"description":{"urls":[]}},"protected":false,"followers_count":384869,"friends_count":16,"listed_count":1545,"created_at":"Wed Jun 15 08:03:34 +0000 2016","favourites_count":0,"utc_offset":32400,"time_zone":"Tokyo","geo_enabled":false,"verified":true,"statuses_count":378457,"lang":"ja","contributors_enabled":false,"is_translator":false,"is_translation_enabled":false,"profile_background_color":"F5F8FA","profile_background_image_url":null,"profile_background_image_url_https":null,"profile_background_tile":false,"profile_image_url":"http://pbs.twimg.com/profile_images/856317082475966464/lFnmsf0P_normal.jpg","profile_image_url_https":"https://pbs.twimg.com/profile_images/856317082475966464/lFnmsf0P_normal.jpg","profile_banner_url":"https://pbs.twimg.com/profile_banners/742990922053476353/1494498690","profile_link_color":"1DA1F2","profile_sidebar_border_color":"C0DEED","profile_sidebar_fill_color":"DDEEF6","profile_text_color":"333333","profile_use_background_image":true,"has_extended_profile":false,"default_profile":true,"default_profile_image":false,"following":false,"follow_request_sent":false,"notifications":false,"translator_type":"none"},"geo":null,"coordinates":null,"place":null,"contributors":null,"is_quote_status":false,"retweet_count":14074,"favorite_count":24730,"favorited":false,"retweeted":false,"possibly_sensitive":false,"lang":"ja"},{"created_at":"Thu Jul 20 04:14:12 +0000 2017","id":887888345728143400,"id_str":"887888345728143361","text":"A3!×太鼓の達人コラボレーション続報！\nゲームセンターの「太鼓の達人 イエローVer.」に、あの「A3!」のキャラクターが登場!!\nお待ちかねの、A3ders!のコラボイラストをドドンと公開しちゃうドン！\n#エースリー… https://t.co/tTCPJIZegK","truncated":true,"entities":{"hashtags":[{"text":"エースリー","indices":[104,110]}],"symbols":[],"user_mentions":[],"urls":[{"url":"https://t.co/tTCPJIZegK","expanded_url":"https://twitter.com/i/web/status/887888345728143361","display_url":"twitter.com/i/web/status/8…","indices":[112,135]}]},"metadata":{"iso_language_code":"ja","result_type":"recent"},"source":"<a href=\"http://twitter.com\" rel=\"nofollow\">Twitter Web Client</a>","in_reply_to_status_id":null,"in_reply_to_status_id_str":null,"in_reply_to_user_id":null,"in_reply_to_user_id_str":null,"in_reply_to_screen_name":null,"user":{"id":89972900,"id_str":"89972900","name":"太鼓チーム","screen_name":"taiko_team","location":"フューチャー・ラボ","description":"太鼓の達人の公式アカウントだドン！太鼓チームのエトウが太鼓の達人の最新情報や開発現場からの声をお届けします！よろしくだドン！ ※ＤＭにはお返事できません。土日祝日はオヤスミです。 ※お問い合わせ先はコチラだドン。（http://t.co/SWEBRnHG5h）","url":"http://t.co/HKySVaUvsc","entities":{"url":{"urls":[{"url":"http://t.co/HKySVaUvsc","expanded_url":"http://taiko.namco-ch.net/","display_url":"taiko.namco-ch.net","indices":[0,22]}]},"description":{"urls":[{"url":"http://t.co/SWEBRnHG5h","expanded_url":"http://www.bandainamcogames.co.jp/info/contact.php","display_url":"bandainamcogames.co.jp/info/contact.p…","indices":[107,129]}]}},"protected":false,"followers_count":61647,"friends_count":28816,"listed_count":922,"created_at":"Sat Nov 14 16:52:00 +0000 2009","favourites_count":182,"utc_offset":32400,"time_zone":"Tokyo","geo_enabled":true,"verified":false,"statuses_count":95293,"lang":"ja","contributors_enabled":false,"is_translator":false,"is_translation_enabled":false,"profile_background_color":"022330","profile_background_image_url":"http://pbs.twimg.com/profile_background_images/525171334980976640/UkJDf_kQ.jpeg","profile_background_image_url_https":"https://pbs.twimg.com/profile_background_images/525171334980976640/UkJDf_kQ.jpeg","profile_background_tile":true,"profile_image_url":"http://pbs.twimg.com/profile_images/501238914330271744/znFmAp9R_normal.jpeg","profile_image_url_https":"https://pbs.twimg.com/profile_images/501238914330271744/znFmAp9R_normal.jpeg","profile_banner_url":"https://pbs.twimg.com/profile_banners/89972900/1489510213","profile_link_color":"E9BC00","profile_sidebar_border_color":"FFFFFF","profile_sidebar_fill_color":"C0DFEC","profile_text_color":"333333","profile_use_background_image":true,"has_extended_profile":false,"default_profile":false,"default_profile_image":false,"following":false,"follow_request_sent":false,"notifications":false,"translator_type":"none"},"geo":null,"coordinates":null,"place":null,"contributors":null,"is_quote_status":false,"retweet_count":24732,"favorite_count":29477,"favorited":false,"retweeted":false,"possibly_sensitive":false,"lang":"ja"},{"created_at":"Thu Jul 20 04:02:13 +0000 2017","id":887885329826406400,"id_str":"887885329826406401","text":"【グランブルーファンタジー】レジェンドガチャ更新のお知らせを公式サイトにて掲載いたしました。詳しくは公式サイトにてご確認ください。⇒  https://t.co/uTbCAnbolR  #グラブル https://t.co/5WppiM3Uvk","truncated":false,"entities":{"hashtags":[{"text":"グラブル","indices":[93,98]}],"symbols":[],"user_mentions":[],"urls":[{"url":"https://t.co/uTbCAnbolR","expanded_url":"http://eng.mg/7ba8f","display_url":"eng.mg/7ba8f","indices":[68,91]}],"media":[{"id":887885327188148200,"id_str":"887885327188148224","indices":[99,122],"media_url":"http://pbs.twimg.com/media/DFJnADhUwAAaEHF.jpg","media_url_https":"https://pbs.twimg.com/media/DFJnADhUwAAaEHF.jpg","url":"https://t.co/5WppiM3Uvk","display_url":"pic.twitter.com/5WppiM3Uvk","expanded_url":"https://twitter.com/granbluefantasy/status/887885329826406401/photo/1","type":"photo","sizes":{"small":{"w":600,"h":300,"resize":"fit"},"thumb":{"w":150,"h":150,"resize":"crop"},"medium":{"w":600,"h":300,"resize":"fit"},"large":{"w":600,"h":300,"resize":"fit"}}}]},"extended_entities":{"media":[{"id":887885327188148200,"id_str":"887885327188148224","indices":[99,122],"media_url":"http://pbs.twimg.com/media/DFJnADhUwAAaEHF.jpg","media_url_https":"https://pbs.twimg.com/media/DFJnADhUwAAaEHF.jpg","url":"https://t.co/5WppiM3Uvk","display_url":"pic.twitter.com/5WppiM3Uvk","expanded_url":"https://twitter.com/granbluefantasy/status/887885329826406401/photo/1","type":"photo","sizes":{"small":{"w":600,"h":300,"resize":"fit"},"thumb":{"w":150,"h":150,"resize":"crop"},"medium":{"w":600,"h":300,"resize":"fit"},"large":{"w":600,"h":300,"resize":"fit"}}}]},"metadata":{"iso_language_code":"ja","result_type":"recent"},"source":"<a href=\"http://engagemanager.tribalmedia.co.jp/\" rel=\"nofollow\">EngageManager</a>","in_reply_to_status_id":null,"in_reply_to_status_id_str":null,"in_reply_to_user_id":null,"in_reply_to_user_id_str":null,"in_reply_to_screen_name":null,"user":{"id":1549889018,"id_str":"1549889018","name":"グランブルーファンタジー","screen_name":"granbluefantasy","location":"","description":"｢グランブルーファンタジー｣公式Twitterアカウントです。運営からのお知らせをツイートします。","url":"https://t.co/15Gqq9oUyB","entities":{"url":{"urls":[{"url":"https://t.co/15Gqq9oUyB","expanded_url":"http://granbluefantasy.jp/","display_url":"granbluefantasy.jp","indices":[0,23]}]},"description":{"urls":[]}},"protected":false,"followers_count":452347,"friends_count":14,"listed_count":6155,"created_at":"Thu Jun 27 06:05:10 +0000 2013","favourites_count":0,"utc_offset":28800,"time_zone":"Irkutsk","geo_enabled":false,"verified":true,"statuses_count":5150,"lang":"ja","contributors_enabled":false,"is_translator":false,"is_translation_enabled":false,"profile_background_color":"131516","profile_background_image_url":"http://pbs.twimg.com/profile_background_images/378800000141035672/NJ6ibXgz.jpeg","profile_background_image_url_https":"https://pbs.twimg.com/profile_background_images/378800000141035672/NJ6ibXgz.jpeg","profile_background_tile":false,"profile_image_url":"http://pbs.twimg.com/profile_images/875517323288891393/NAdjoxu8_normal.jpg","profile_image_url_https":"https://pbs.twimg.com/profile_images/875517323288891393/NAdjoxu8_normal.jpg","profile_banner_url":"https://pbs.twimg.com/profile_banners/1549889018/1401448093","profile_link_color":"009999","profile_sidebar_border_color":"FFFFFF","profile_sidebar_fill_color":"EFEFEF","profile_text_color":"333333","profile_use_background_image":true,"has_extended_profile":false,"default_profile":false,"default_profile_image":false,"following":false,"follow_request_sent":false,"notifications":false,"translator_type":"none"},"geo":null,"coordinates":null,"place":null,"contributors":null,"is_quote_status":false,"retweet_count":8710,"favorite_count":2985,"favorited":false,"retweeted":false,"possibly_sensitive":false,"lang":"ja"},{"created_at":"Thu Jul 20 03:38:58 +0000 2017","id":887879479539912700,"id_str":"887879479539912704","text":"マスコミのやり方、皆さんどう思いますか？\n\n特定秘密保護法案の意義について安倍総理記者会見（平成25年12月9日） \n「４万件のうち、３万件の防衛機密がたった３年間の民主党政権時代で破棄されました。」と総理が説明すると、一斉にテレ… https://t.co/dG9JfE2fpY","truncated":true,"entities":{"hashtags":[],"symbols":[],"user_mentions":[],"urls":[{"url":"https://t.co/dG9JfE2fpY","expanded_url":"https://twitter.com/i/web/status/887879479539912704","display_url":"twitter.com/i/web/status/8…","indices":[117,140]}]},"metadata":{"iso_language_code":"ja","result_type":"recent"},"source":"<a href=\"http://twitter.com/download/android\" rel=\"nofollow\">Twitter for Android</a>","in_reply_to_status_id":null,"in_reply_to_status_id_str":null,"in_reply_to_user_id":null,"in_reply_to_user_id_str":null,"in_reply_to_screen_name":null,"user":{"id":2295843529,"id_str":"2295843529","name":"するめのよっちゃん＃沖縄は日本だ","screen_name":"surumegesogeso","location":"沖縄県","description":"#翁長知事と琉球新報を許さない会 \n(相棒は はまちゃん)\n『つぶやくだけでも保守活動』\n『無私無我』\n選挙がある時はお手伝いの為、不在気味。\n安倍総理絶賛応援中！\nその他日本の為に頑張る人を応援♪\n沖縄県民。自民党党員。膠原病療養中。\n保守だ何だという前に日本人たれ🍙\nDMにはお返事できません、ごめんなさい。","url":null,"entities":{"description":{"urls":[]}},"protected":false,"followers_count":19560,"friends_count":5118,"listed_count":280,"created_at":"Fri Jan 17 09:43:34 +0000 2014","favourites_count":38409,"utc_offset":null,"time_zone":null,"geo_enabled":false,"verified":false,"statuses_count":83369,"lang":"ja","contributors_enabled":false,"is_translator":false,"is_translation_enabled":false,"profile_background_color":"B2DFDA","profile_background_image_url":"http://abs.twimg.com/images/themes/theme13/bg.gif","profile_background_image_url_https":"https://abs.twimg.com/images/themes/theme13/bg.gif","profile_background_tile":false,"profile_image_url":"http://pbs.twimg.com/profile_images/875932360574775301/FoPvv8qL_normal.jpg","profile_image_url_https":"https://pbs.twimg.com/profile_images/875932360574775301/FoPvv8qL_normal.jpg","profile_banner_url":"https://pbs.twimg.com/profile_banners/2295843529/1469938868","profile_link_color":"3B94D9","profile_sidebar_border_color":"EEEEEE","profile_sidebar_fill_color":"FFFFFF","profile_text_color":"333333","profile_use_background_image":true,"has_extended_profile":false,"default_profile":false,"default_profile_image":false,"following":false,"follow_request_sent":false,"notifications":false,"translator_type":"none"},"geo":null,"coordinates":null,"place":null,"contributors":null,"is_quote_status":false,"retweet_count":17067,"favorite_count":11322,"favorited":false,"retweeted":false,"possibly_sensitive":false,"lang":"ja"}],"search_metadata":{"completed_in":0.633,"max_id":887962661341634600,"max_id_str":"887962661341634560","next_results":"?max_id=887879479539912703&q=lang%3Aja%20min_retweets%3A5000&include_entities=1","query":"lang%3Aja+min_retweets%3A5000","refresh_url":"?since_id=887962661341634560&q=lang%3Aja%20min_retweets%3A5000&include_entities=1","count":15,"since_id":0,"since_id_str":"0"}}