{"statuses":[{"created_at":"Wed Jul 19 03:31:37 +0000 2017","id":887515243382882300,"id_str":"887515243382882304","text":"チンポ（ﾎﾞﾛﾝ","truncated":false,"entities":{"hashtags":[],"symbols":[],"user_mentions":[],"urls":[]},"metadata":{"iso_language_code":"ja","result_type":"recent"},"source":"<a href=\"http://twittbot.net/\" rel=\"nofollow\">twittbot.net</a>","in_reply_to_status_id":null,"in_reply_to_status_id_str":null,"in_reply_to_user_id":null,"in_reply_to_user_id_str":null,"in_reply_to_screen_name":null,"user":{"id":4754860940,"id_str":"4754860940","name":"5%の確率で性器を露出するドラえもん","screen_name":"5percent_Dorar","location":"","description":"ドラちゃんです。期間限定で1時間に一回秘密道具を出します。5%の確率で性器を露出します。 自動ツイート種類40種 現在のちんぽは2本です 現在ツイートに時間のズレがあります。修正中(7/19.11時復旧)","url":null,"entities":{"description":{"urls":[]}},"protected":false,"followers_count":11042,"friends_count":1,"listed_count":78,"created_at":"Wed Jan 13 21:08:06 +0000 2016","favourites_count":9,"utc_offset":-25200,"time_zone":"Pacific Time (US & Canada)","geo_enabled":false,"verified":false,"statuses_count":7,"lang":"ja","contributors_enabled":false,"is_translator":false,"is_translation_enabled":false,"profile_background_color":"F5F8FA","profile_background_image_url":null,"profile_background_image_url_https":null,"profile_background_tile":false,"profile_image_url":"http://pbs.twimg.com/profile_images/887507924628553728/X3lBMJNE_normal.jpg","profile_image_url_https":"https://pbs.twimg.com/profile_images/887507924628553728/X3lBMJNE_normal.jpg","profile_banner_url":"https://pbs.twimg.com/profile_banners/4754860940/1500437920","profile_link_color":"1DA1F2","profile_sidebar_border_color":"C0DEED","profile_sidebar_fill_color":"DDEEF6","profile_text_color":"333333","profile_use_background_image":true,"has_extended_profile":false,"default_profile":true,"default_profile_image":false,"following":false,"follow_request_sent":false,"notifications":false,"translator_type":"none"},"geo":null,"coordinates":null,"place":null,"contributors":null,"is_quote_status":false,"retweet_count":5486,"favorite_count":3555,"favorited":false,"retweeted":false,"lang":"ja"},{"created_at":"Wed Jul 19 03:12:55 +0000 2017","id":887510534500663300,"id_str":"887510534500663296","text":"【企画進行中】　\n『一番くじ アイドリッシュセブン～MECHANICAL LULLABY～』　\n11月発売の一番くじは、ロボットドール達の暮らす世界が舞台。衣裳と背景設定を一部公開。続報をお楽しみに！ #アイナナ https://t.co/JYkDL47gph","truncated":false,"entities":{"hashtags":[{"text":"アイナナ","indices":[101,106]}],"symbols":[],"user_mentions":[],"urls":[],"media":[{"id":887510521938706400,"id_str":"887510521938706432","indices":[107,130],"media_url":"http://pbs.twimg.com/media/DFESHhKUAAAEpj3.jpg","media_url_https":"https://pbs.twimg.com/media/DFESHhKUAAAEpj3.jpg","url":"https://t.co/JYkDL47gph","display_url":"pic.twitter.com/JYkDL47gph","expanded_url":"https://twitter.com/ichibanKUJI/status/887510534500663296/photo/1","type":"photo","sizes":{"medium":{"w":800,"h":600,"resize":"fit"},"small":{"w":680,"h":510,"resize":"fit"},"thumb":{"w":150,"h":150,"resize":"crop"},"large":{"w":800,"h":600,"resize":"fit"}}}]},"extended_entities":{"media":[{"id":887510521938706400,"id_str":"887510521938706432","indices":[107,130],"media_url":"http://pbs.twimg.com/media/DFESHhKUAAAEpj3.jpg","media_url_https":"https://pbs.twimg.com/media/DFESHhKUAAAEpj3.jpg","url":"https://t.co/JYkDL47gph","display_url":"pic.twitter.com/JYkDL47gph","expanded_url":"https://twitter.com/ichibanKUJI/status/887510534500663296/photo/1","type":"photo","sizes":{"medium":{"w":800,"h":600,"resize":"fit"},"small":{"w":680,"h":510,"resize":"fit"},"thumb":{"w":150,"h":150,"resize":"crop"},"large":{"w":800,"h":600,"resize":"fit"}}},{"id":887510531929546800,"id_str":"887510531929546752","indices":[107,130],"media_url":"http://pbs.twimg.com/media/DFESIGYUIAA9x_F.jpg","media_url_https":"https://pbs.twimg.com/media/DFESIGYUIAA9x_F.jpg","url":"https://t.co/JYkDL47gph","display_url":"pic.twitter.com/JYkDL47gph","expanded_url":"https://twitter.com/ichibanKUJI/status/887510534500663296/photo/1","type":"photo","sizes":{"medium":{"w":800,"h":600,"resize":"fit"},"small":{"w":680,"h":510,"resize":"fit"},"thumb":{"w":150,"h":150,"resize":"crop"},"large":{"w":800,"h":600,"resize":"fit"}}}]},"metadata":{"iso_language_code":"ja","result_type":"recent"},"source":"<a href=\"http://bpnavi.jp/\" rel=\"nofollow\">Banpresto Tweet Tool</a>","in_reply_to_status_id":null,"in_reply_to_status_id_str":null,"in_reply_to_user_id":null,"in_reply_to_user_id_str":null,"in_reply_to_screen_name":null,"user":{"id":91081573,"id_str":"91081573","name":"一番くじ","screen_name":"ichibanKUJI","location":"","description":"「一番くじ」の公式Twitterアカウントです。新商品情報やキャンペーン情報をお届けします！\nなお、個別のお問い合わせには対応しておりません。 Instagram⇒https://t.co/3wVhZITIMv","url":"http://t.co/leKFMK5Cqm","entities":{"url":{"urls":[{"url":"http://t.co/leKFMK5Cqm","expanded_url":"http://www.bpnavi.jp/kuji/","display_url":"bpnavi.jp/kuji/","indices":[0,22]}]},"description":{"urls":[{"url":"https://t.co/3wVhZITIMv","expanded_url":"https://www.instagram.com/ichibankuji/","display_url":"instagram.com/ichibankuji/","indices":[82,105]}]}},"protected":false,"followers_count":466090,"friends_count":12,"listed_count":4802,"created_at":"Thu Nov 19 11:03:10 +0000 2009","favourites_count":0,"utc_offset":32400,"time_zone":"Tokyo","geo_enabled":false,"verified":false,"statuses_count":10084,"lang":"ja","contributors_enabled":false,"is_translator":false,"is_translation_enabled":false,"profile_background_color":"F5030F","profile_background_image_url":"http://abs.twimg.com/images/themes/theme1/bg.png","profile_background_image_url_https":"https://abs.twimg.com/images/themes/theme1/bg.png","profile_background_tile":false,"profile_image_url":"http://pbs.twimg.com/profile_images/701926865154416640/kEH2dOrQ_normal.jpg","profile_image_url_https":"https://pbs.twimg.com/profile_images/701926865154416640/kEH2dOrQ_normal.jpg","profile_link_color":"F5030F","profile_sidebar_border_color":"F5030F","profile_sidebar_fill_color":"FFFFFF","profile_text_color":"575057","profile_use_background_image":false,"has_extended_profile":false,"default_profile":false,"default_profile_image":false,"following":false,"follow_request_sent":false,"notifications":false,"translator_type":"none"},"geo":null,"coordinates":null,"place":null,"contributors":null,"is_quote_status":false,"retweet_count":9592,"favorite_count":10230,"favorited":false,"retweeted":false,"possibly_sensitive":false,"lang":"ja"},{"created_at":"Wed Jul 19 03:09:32 +0000 2017","id":887509682251718700,"id_str":"887509682251718656","text":"【容疑認める】声優・上坂すみれに殺害予告した疑い、高専生逮捕\nhttps://t.co/nT0lPn2H2A\n\n2ちゃんねるに「絶対ぶっ殺す」などと書き込んだとされる。容疑者は上坂のファンで「20回ほど書き込んだ」と話しているとい… https://t.co/yYpjVYJzXf","truncated":true,"entities":{"hashtags":[],"symbols":[],"user_mentions":[],"urls":[{"url":"https://t.co/nT0lPn2H2A","expanded_url":"http://news.livedoor.com/article/detail/13356406/","display_url":"news.livedoor.com/article/detail…","indices":[31,54]},{"url":"https://t.co/yYpjVYJzXf","expanded_url":"https://twitter.com/i/web/status/887509682251718656","display_url":"twitter.com/i/web/status/8…","indices":[117,140]}]},"metadata":{"iso_language_code":"ja","result_type":"recent"},"source":"<a href=\"http://twitter.com\" rel=\"nofollow\">Twitter Web Client</a>","in_reply_to_status_id":null,"in_reply_to_status_id_str":null,"in_reply_to_user_id":null,"in_reply_to_user_id_str":null,"in_reply_to_screen_name":null,"user":{"id":17306975,"id_str":"17306975","name":"ライブドアニュース","screen_name":"livedoornews","location":"","description":"LINE →https://t.co/yhJO0o7Jns／FB → https://t.co/LHTCuyIEjr／インスタ／→https://t.co/SpmVgPtfCG","url":"http://t.co/Q4Bh3OCfgY","entities":{"url":{"urls":[{"url":"http://t.co/Q4Bh3OCfgY","expanded_url":"http://news.livedoor.com/","display_url":"news.livedoor.com","indices":[0,22]}]},"description":{"urls":[{"url":"https://t.co/yhJO0o7Jns","expanded_url":"http://goo.gl/upBgKP","display_url":"goo.gl/upBgKP","indices":[6,29]},{"url":"https://t.co/LHTCuyIEjr","expanded_url":"http://goo.gl/nDULhn","display_url":"goo.gl/nDULhn","indices":[35,58]},{"url":"https://t.co/SpmVgPtfCG","expanded_url":"http://goo.gl/cHGD9G","display_url":"goo.gl/cHGD9G","indices":[65,88]}]}},"protected":false,"followers_count":430584,"friends_count":88,"listed_count":6145,"created_at":"Tue Nov 11 09:56:31 +0000 2008","favourites_count":2608,"utc_offset":32400,"time_zone":"Tokyo","geo_enabled":false,"verified":true,"statuses_count":177027,"lang":"ja","contributors_enabled":false,"is_translator":false,"is_translation_enabled":false,"profile_background_color":"FFFFFF","profile_background_image_url":"http://pbs.twimg.com/profile_background_images/378800000085828060/4b07c1d868c917fb65a3d64a20904cd5.jpeg","profile_background_image_url_https":"https://pbs.twimg.com/profile_background_images/378800000085828060/4b07c1d868c917fb65a3d64a20904cd5.jpeg","profile_background_tile":false,"profile_image_url":"http://pbs.twimg.com/profile_images/875662964988166149/whdJTD2I_normal.jpg","profile_image_url_https":"https://pbs.twimg.com/profile_images/875662964988166149/whdJTD2I_normal.jpg","profile_link_color":"51ADD4","profile_sidebar_border_color":"FFFFFF","profile_sidebar_fill_color":"95E8EC","profile_text_color":"3C3940","profile_use_background_image":true,"has_extended_profile":false,"default_profile":false,"default_profile_image":false,"following":false,"follow_request_sent":false,"notifications":false,"translator_type":"none"},"geo":null,"coordinates":null,"place":null,"contributors":null,"is_quote_status":false,"retweet_count":5692,"favorite_count":2651,"favorited":false,"retweeted":false,"possibly_sensitive":false,"lang":"ja"},{"created_at":"Wed Jul 19 03:00:13 +0000 2017","id":887507340399845400,"id_str":"887507340399845376","text":"CHUNITHM AIR PLUS\n-THE LAST EPISODE-\n\n来たる終焉の刻――\n\n　　2017 07.20\n\n#チュウニズムAIR https://t.co/kQ6zN52gI0 https://t.co/FMs2doqjDn","truncated":false,"entities":{"hashtags":[{"text":"チュウニズムAIR","indices":[63,73]}],"symbols":[],"user_mentions":[],"urls":[{"url":"https://t.co/kQ6zN52gI0","expanded_url":"http://info-chunithm.sega.jp/?p=1794","display_url":"info-chunithm.sega.jp/?p=1794","indices":[74,97]}],"media":[{"id":887505283089449000,"id_str":"887505283089448961","indices":[98,121],"media_url":"http://pbs.twimg.com/media/DFENWk7UQAEc52K.jpg","media_url_https":"https://pbs.twimg.com/media/DFENWk7UQAEc52K.jpg","url":"https://t.co/FMs2doqjDn","display_url":"pic.twitter.com/FMs2doqjDn","expanded_url":"https://twitter.com/chunithm/status/887507340399845376/photo/1","type":"photo","sizes":{"small":{"w":680,"h":481,"resize":"fit"},"large":{"w":1190,"h":842,"resize":"fit"},"medium":{"w":1190,"h":842,"resize":"fit"},"thumb":{"w":150,"h":150,"resize":"crop"}}}]},"extended_entities":{"media":[{"id":887505283089449000,"id_str":"887505283089448961","indices":[98,121],"media_url":"http://pbs.twimg.com/media/DFENWk7UQAEc52K.jpg","media_url_https":"https://pbs.twimg.com/media/DFENWk7UQAEc52K.jpg","url":"https://t.co/FMs2doqjDn","display_url":"pic.twitter.com/FMs2doqjDn","expanded_url":"https://twitter.com/chunithm/status/887507340399845376/photo/1","type":"photo","sizes":{"small":{"w":680,"h":481,"resize":"fit"},"large":{"w":1190,"h":842,"resize":"fit"},"medium":{"w":1190,"h":842,"resize":"fit"},"thumb":{"w":150,"h":150,"resize":"crop"}}}]},"metadata":{"iso_language_code":"ja","result_type":"recent"},"source":"<a href=\"http://twitter.com\" rel=\"nofollow\">Twitter Web Client</a>","in_reply_to_status_id":null,"in_reply_to_status_id_str":null,"in_reply_to_user_id":null,"in_reply_to_user_id_str":null,"in_reply_to_screen_name":null,"user":{"id":2903786371,"id_str":"2903786371","name":"チュウニズム公式@7/20新曲！","screen_name":"chunithm","location":"セガ・インタラクティブ","description":"maimaiチームが贈る、SEGA音楽ゲーム「CHUNITHM（チュウニズム）」の公式アカウントです。 ▼ご質問・ご要望はhttps://t.co/O5xajiruykまで▼個別のリプライにはお答えできません。▼不真面目アカウント→@performai ▼イロドリミドリ→@irodorimidori5","url":"https://t.co/Jn25bz0F63","entities":{"url":{"urls":[{"url":"https://t.co/Jn25bz0F63","expanded_url":"http://chunithm.sega.jp/","display_url":"chunithm.sega.jp","indices":[0,23]}]},"description":{"urls":[{"url":"https://t.co/O5xajiruyk","expanded_url":"http://sega.jp/contact/arcade/","display_url":"sega.jp/contact/arcade/","indices":[61,84]}]}},"protected":false,"followers_count":85256,"friends_count":161,"listed_count":1273,"created_at":"Tue Nov 18 15:12:08 +0000 2014","favourites_count":4,"utc_offset":32400,"time_zone":"Seoul","geo_enabled":false,"verified":false,"statuses_count":589,"lang":"ja","contributors_enabled":false,"is_translator":false,"is_translation_enabled":false,"profile_background_color":"FFCC4D","profile_background_image_url":"http://pbs.twimg.com/profile_background_images/535274052659605504/N-W0--vF.png","profile_background_image_url_https":"https://pbs.twimg.com/profile_background_images/535274052659605504/N-W0--vF.png","profile_background_tile":false,"profile_image_url":"http://pbs.twimg.com/profile_images/887114860357603328/3BntDB3b_normal.jpg","profile_image_url_https":"https://pbs.twimg.com/profile_images/887114860357603328/3BntDB3b_normal.jpg","profile_banner_url":"https://pbs.twimg.com/profile_banners/2903786371/1486602752","profile_link_color":"1B95E0","profile_sidebar_border_color":"FFFFFF","profile_sidebar_fill_color":"DDEEF6","profile_text_color":"333333","profile_use_background_image":true,"has_extended_profile":false,"default_profile":false,"default_profile_image":false,"following":false,"follow_request_sent":false,"notifications":false,"translator_type":"none"},"geo":null,"coordinates":null,"place":null,"contributors":null,"is_quote_status":false,"retweet_count":5478,"favorite_count":3350,"favorited":false,"retweeted":false,"possibly_sensitive":false,"lang":"ja"},{"created_at":"Wed Jul 19 03:00:04 +0000 2017","id":887507300683927600,"id_str":"887507300683927557","text":"＼✨その場で当たる✨／\nBOSSレボマン『今月のブレンドシリーズNo.5』が8/1新発売☕️\n\nフォロー＆RTでレボマンと #今月のレボマン No.4＆5飲み比べセットをプレゼント🎁\nhttps://t.co/Yek8JwuuwS https://t.co/aTAQJ96eAO","truncated":false,"entities":{"hashtags":[{"text":"今月のレボマン","indices":[62,70]}],"symbols":[],"user_mentions":[],"urls":[{"url":"https://t.co/Yek8JwuuwS","expanded_url":"https://goo.gl/5vaVcq","display_url":"goo.gl/5vaVcq","indices":[92,115]}],"media":[{"id":884330633794773000,"id_str":"884330633794772992","indices":[116,139],"media_url":"http://pbs.twimg.com/media/DEXHg0fVwAAWvCZ.jpg","media_url_https":"https://pbs.twimg.com/media/DEXHg0fVwAAWvCZ.jpg","url":"https://t.co/aTAQJ96eAO","display_url":"pic.twitter.com/aTAQJ96eAO","expanded_url":"https://twitter.com/suntory/status/887507300683927557/video/1","type":"photo","sizes":{"small":{"w":640,"h":360,"resize":"fit"},"large":{"w":640,"h":360,"resize":"fit"},"thumb":{"w":150,"h":150,"resize":"crop"},"medium":{"w":640,"h":360,"resize":"fit"}}}]},"extended_entities":{"media":[{"id":884330633794773000,"id_str":"884330633794772992","indices":[116,139],"media_url":"http://pbs.twimg.com/media/DEXHg0fVwAAWvCZ.jpg","media_url_https":"https://pbs.twimg.com/media/DEXHg0fVwAAWvCZ.jpg","url":"https://t.co/aTAQJ96eAO","display_url":"pic.twitter.com/aTAQJ96eAO","expanded_url":"https://twitter.com/suntory/status/887507300683927557/video/1","type":"video","sizes":{"small":{"w":640,"h":360,"resize":"fit"},"large":{"w":640,"h":360,"resize":"fit"},"thumb":{"w":150,"h":150,"resize":"crop"},"medium":{"w":640,"h":360,"resize":"fit"}},"video_info":{"aspect_ratio":[16,9],"duration_millis":27333,"variants":[{"bitrate":2176000,"content_type":"video/mp4","url":"https://video.twimg.com/amplify_video/884330633794772992/vid/1280x720/1Jj3hMErN2OJsz52.mp4"},{"bitrate":320000,"content_type":"video/mp4","url":"https://video.twimg.com/amplify_video/884330633794772992/vid/320x180/qosYjtnlB-BWus8p.mp4"},{"content_type":"application/x-mpegURL","url":"https://video.twimg.com/amplify_video/884330633794772992/pl/ezmVLkDthoktkFku.m3u8"},{"bitrate":832000,"content_type":"video/mp4","url":"https://video.twimg.com/amplify_video/884330633794772992/vid/640x360/RMD-tX_JKJIMqSyR.mp4"}]},"additional_media_info":{"title":"","description":"","embeddable":true,"monetizable":false}}]},"metadata":{"iso_language_code":"ja","result_type":"recent"},"source":"<a href=\"https://ads.twitter.com\" rel=\"nofollow\">Twitter Ads</a>","in_reply_to_status_id":null,"in_reply_to_status_id_str":null,"in_reply_to_user_id":null,"in_reply_to_user_id_str":null,"in_reply_to_screen_name":null,"user":{"id":133684052,"id_str":"133684052","name":"SUNTORY（サントリー）","screen_name":"suntory","location":"東京都港区台場","description":"サントリーの公式アカウントです。 フォローは20歳以上の方限定です。 ご利用規約はこちら→https://t.co/CPCVhjnk1c お問い合わせはこちら→https://t.co/yqpOzQ7Ntl","url":"https://t.co/CMlXK6EHXd","entities":{"url":{"urls":[{"url":"https://t.co/CMlXK6EHXd","expanded_url":"http://www.suntory.co.jp/","display_url":"suntory.co.jp","indices":[0,23]}]},"description":{"urls":[{"url":"https://t.co/CPCVhjnk1c","expanded_url":"http://goo.gl/jop0B3","display_url":"goo.gl/jop0B3","indices":[45,68]},{"url":"https://t.co/yqpOzQ7Ntl","expanded_url":"http://goo.gl/d5V6d","display_url":"goo.gl/d5V6d","indices":[80,103]}]}},"protected":false,"followers_count":549634,"friends_count":31,"listed_count":2206,"created_at":"Fri Apr 16 11:16:01 +0000 2010","favourites_count":193,"utc_offset":32400,"time_zone":"Tokyo","geo_enabled":false,"verified":true,"statuses_count":2163621,"lang":"ja","contributors_enabled":false,"is_translator":false,"is_translation_enabled":false,"profile_background_color":"C0DEED","profile_background_image_url":"http://pbs.twimg.com/profile_background_images/850861581/9a53622d4a718f61cbd952feae09820c.jpeg","profile_background_image_url_https":"https://pbs.twimg.com/profile_background_images/850861581/9a53622d4a718f61cbd952feae09820c.jpeg","profile_background_tile":false,"profile_image_url":"http://pbs.twimg.com/profile_images/3567001630/aed0e05a78467be3f08394e65f2aea93_normal.png","profile_image_url_https":"https://pbs.twimg.com/profile_images/3567001630/aed0e05a78467be3f08394e65f2aea93_normal.png","profile_banner_url":"https://pbs.twimg.com/profile_banners/133684052/1499217142","profile_link_color":"0084B4","profile_sidebar_border_color":"FFFFFF","profile_sidebar_fill_color":"DDEEF6","profile_text_color":"333333","profile_use_background_image":true,"has_extended_profile":false,"default_profile":false,"default_profile_image":false,"following":false,"follow_request_sent":false,"notifications":false,"translator_type":"regular"},"geo":null,"coordinates":null,"place":null,"contributors":null,"is_quote_status":false,"retweet_count":7588,"favorite_count":549,"favorited":false,"retweeted":false,"possibly_sensitive":false,"lang":"ja"},{"created_at":"Wed Jul 19 02:59:45 +0000 2017","id":887507220560085000,"id_str":"887507220560084992","text":"【News】キービジュアルを公開！\nまた、本日12：00よりチケットのプレリクエスト先行開始となります。\n詳細は公式HP（News、Schedule欄）にてご確認ください！！　https://t.co/klwUP6qcsz… https://t.co/uj6VK6SBaR","truncated":true,"entities":{"hashtags":[],"symbols":[],"user_mentions":[],"urls":[{"url":"https://t.co/klwUP6qcsz","expanded_url":"http://www.marv.jp/special/ensemble_stage/","display_url":"marv.jp/special/ensemb…","indices":[88,111]},{"url":"https://t.co/uj6VK6SBaR","expanded_url":"https://twitter.com/i/web/status/887507220560084992","display_url":"twitter.com/i/web/status/8…","indices":[113,136]}]},"metadata":{"iso_language_code":"ja","result_type":"recent"},"source":"<a href=\"http://twitter.com\" rel=\"nofollow\">Twitter Web Client</a>","in_reply_to_status_id":null,"in_reply_to_status_id_str":null,"in_reply_to_user_id":null,"in_reply_to_user_id_str":null,"in_reply_to_screen_name":null,"user":{"id":713225083829878800,"id_str":"713225083829878784","name":"『あんさんぶるスターズ！オン・ステージ』","screen_name":"ensemble_stage","location":"","description":"「あんさんぶるスターズ!」舞台化作品 『あんさんぶるスターズ！オン・ステージ』公式アカウントです。2017年9月最新作上演決定！ ※当アカウントへのお問い合わせにはお答えできません。#あんステ","url":"https://t.co/QuoGTcHopb","entities":{"url":{"urls":[{"url":"https://t.co/QuoGTcHopb","expanded_url":"http://www.marv.jp/special/ensemble_stage/","display_url":"marv.jp/special/ensemb…","indices":[0,23]}]},"description":{"urls":[]}},"protected":false,"followers_count":81954,"friends_count":71,"listed_count":1571,"created_at":"Fri Mar 25 04:44:45 +0000 2016","favourites_count":1,"utc_offset":32400,"time_zone":"Tokyo","geo_enabled":false,"verified":true,"statuses_count":790,"lang":"ja","contributors_enabled":false,"is_translator":false,"is_translation_enabled":false,"profile_background_color":"000000","profile_background_image_url":"http://abs.twimg.com/images/themes/theme1/bg.png","profile_background_image_url_https":"https://abs.twimg.com/images/themes/theme1/bg.png","profile_background_tile":false,"profile_image_url":"http://pbs.twimg.com/profile_images/875562408315465730/fG-gOfY5_normal.jpg","profile_image_url_https":"https://pbs.twimg.com/profile_images/875562408315465730/fG-gOfY5_normal.jpg","profile_banner_url":"https://pbs.twimg.com/profile_banners/713225083829878784/1496631655","profile_link_color":"91D2FA","profile_sidebar_border_color":"000000","profile_sidebar_fill_color":"000000","profile_text_color":"000000","profile_use_background_image":false,"has_extended_profile":false,"default_profile":false,"default_profile_image":false,"following":false,"follow_request_sent":false,"notifications":false,"translator_type":"none"},"geo":null,"coordinates":null,"place":null,"contributors":null,"is_quote_status":false,"retweet_count":11293,"favorite_count":13569,"favorited":false,"retweeted":false,"possibly_sensitive":false,"lang":"ja"},{"created_at":"Wed Jul 19 02:58:40 +0000 2017","id":887506947431321600,"id_str":"887506947431321600","text":"最悪マジで。 https://t.co/LyzaXwXa8v","truncated":false,"entities":{"hashtags":[],"symbols":[],"user_mentions":[],"urls":[],"media":[{"id":887506925276942300,"id_str":"887506925276942336","indices":[7,30],"media_url":"http://pbs.twimg.com/media/DFEO2KjU0AA6ksw.jpg","media_url_https":"https://pbs.twimg.com/media/DFEO2KjU0AA6ksw.jpg","url":"https://t.co/LyzaXwXa8v","display_url":"pic.twitter.com/LyzaXwXa8v","expanded_url":"https://twitter.com/shiohitoshi/status/887506947431321600/photo/1","type":"photo","sizes":{"medium":{"w":900,"h":1200,"resize":"fit"},"thumb":{"w":150,"h":150,"resize":"crop"},"large":{"w":1536,"h":2048,"resize":"fit"},"small":{"w":510,"h":680,"resize":"fit"}}}]},"extended_entities":{"media":[{"id":887506925276942300,"id_str":"887506925276942336","indices":[7,30],"media_url":"http://pbs.twimg.com/media/DFEO2KjU0AA6ksw.jpg","media_url_https":"https://pbs.twimg.com/media/DFEO2KjU0AA6ksw.jpg","url":"https://t.co/LyzaXwXa8v","display_url":"pic.twitter.com/LyzaXwXa8v","expanded_url":"https://twitter.com/shiohitoshi/status/887506947431321600/photo/1","type":"photo","sizes":{"medium":{"w":900,"h":1200,"resize":"fit"},"thumb":{"w":150,"h":150,"resize":"crop"},"large":{"w":1536,"h":2048,"resize":"fit"},"small":{"w":510,"h":680,"resize":"fit"}}},{"id":887506925276901400,"id_str":"887506925276901376","indices":[7,30],"media_url":"http://pbs.twimg.com/media/DFEO2KjUMAA-5Sa.jpg","media_url_https":"https://pbs.twimg.com/media/DFEO2KjUMAA-5Sa.jpg","url":"https://t.co/LyzaXwXa8v","display_url":"pic.twitter.com/LyzaXwXa8v","expanded_url":"https://twitter.com/shiohitoshi/status/887506947431321600/photo/1","type":"photo","sizes":{"medium":{"w":900,"h":1200,"resize":"fit"},"thumb":{"w":150,"h":150,"resize":"crop"},"large":{"w":1536,"h":2048,"resize":"fit"},"small":{"w":510,"h":680,"resize":"fit"}}}]},"metadata":{"iso_language_code":"ja","result_type":"recent"},"source":"<a href=\"http://twitter.com/download/iphone\" rel=\"nofollow\">Twitter for iPhone</a>","in_reply_to_status_id":null,"in_reply_to_status_id_str":null,"in_reply_to_user_id":null,"in_reply_to_user_id_str":null,"in_reply_to_screen_name":null,"user":{"id":409253387,"id_str":"409253387","name":"hzm","screen_name":"shiohitoshi","location":"","description":"tnz","url":null,"entities":{"description":{"urls":[]}},"protected":false,"followers_count":477,"friends_count":290,"listed_count":16,"created_at":"Thu Nov 10 13:47:21 +0000 2011","favourites_count":2289,"utc_offset":null,"time_zone":null,"geo_enabled":false,"verified":false,"statuses_count":5857,"lang":"ja","contributors_enabled":false,"is_translator":false,"is_translation_enabled":false,"profile_background_color":"C0DEED","profile_background_image_url":"http://abs.twimg.com/images/themes/theme1/bg.png","profile_background_image_url_https":"https://abs.twimg.com/images/themes/theme1/bg.png","profile_background_tile":false,"profile_image_url":"http://pbs.twimg.com/profile_images/819797626551836672/eygA87p2_normal.jpg","profile_image_url_https":"https://pbs.twimg.com/profile_images/819797626551836672/eygA87p2_normal.jpg","profile_banner_url":"https://pbs.twimg.com/profile_banners/409253387/1478799424","profile_link_color":"1DA1F2","profile_sidebar_border_color":"C0DEED","profile_sidebar_fill_color":"DDEEF6","profile_text_color":"333333","profile_use_background_image":true,"has_extended_profile":false,"default_profile":true,"default_profile_image":false,"following":false,"follow_request_sent":false,"notifications":false,"translator_type":"none"},"geo":null,"coordinates":null,"place":null,"contributors":null,"is_quote_status":false,"retweet_count":121980,"favorite_count":163156,"favorited":false,"retweeted":false,"possibly_sensitive":false,"lang":"ja"},{"created_at":"Wed Jul 19 02:25:10 +0000 2017","id":887498517316460500,"id_str":"887498517316460545","text":"伊藤千晃 ブログを更新しました。 『いつも応援してくださる皆様へ』\nhttps://t.co/iTWjxWRhrN\n#伊藤千晃\n#アメブロ","truncated":false,"entities":{"hashtags":[{"text":"伊藤千晃","indices":[58,63]},{"text":"アメブロ","indices":[64,69]}],"symbols":[],"user_mentions":[],"urls":[{"url":"https://t.co/iTWjxWRhrN","expanded_url":"http://ameblo.jp/chiakiki110/entry-12293948418.html?timestamp=1500431110","display_url":"ameblo.jp/chiakiki110/en…","indices":[34,57]}]},"metadata":{"iso_language_code":"ja","result_type":"recent"},"source":"<a href=\"http://www.apple.com\" rel=\"nofollow\">iOS</a>","in_reply_to_status_id":null,"in_reply_to_status_id_str":null,"in_reply_to_user_id":null,"in_reply_to_user_id_str":null,"in_reply_to_screen_name":null,"user":{"id":94533274,"id_str":"94533274","name":"伊藤千晃","screen_name":"chiakiki_ito","location":"","description":"伊藤千晃です☆https://t.co/Fq81gaVanK","url":"https://t.co/yJ189RmDVB","entities":{"url":{"urls":[{"url":"https://t.co/yJ189RmDVB","expanded_url":"http://avex.jp/itochiaki/","display_url":"avex.jp/itochiaki/","indices":[0,23]}]},"description":{"urls":[{"url":"https://t.co/Fq81gaVanK","expanded_url":"https://Instagram.com/kikichiaki/","display_url":"Instagram.com/kikichiaki/","indices":[7,30]}]}},"protected":false,"followers_count":843407,"friends_count":190,"listed_count":5323,"created_at":"Fri Dec 04 10:40:11 +0000 2009","favourites_count":30,"utc_offset":-36000,"time_zone":"Hawaii","geo_enabled":false,"verified":true,"statuses_count":7863,"lang":"ja","contributors_enabled":false,"is_translator":false,"is_translation_enabled":false,"profile_background_color":"C0DEED","profile_background_image_url":"http://abs.twimg.com/images/themes/theme1/bg.png","profile_background_image_url_https":"https://abs.twimg.com/images/themes/theme1/bg.png","profile_background_tile":false,"profile_image_url":"http://pbs.twimg.com/profile_images/847823842013659138/ppZhTaZq_normal.jpg","profile_image_url_https":"https://pbs.twimg.com/profile_images/847823842013659138/ppZhTaZq_normal.jpg","profile_link_color":"1DA1F2","profile_sidebar_border_color":"C0DEED","profile_sidebar_fill_color":"DDEEF6","profile_text_color":"333333","profile_use_background_image":true,"has_extended_profile":false,"default_profile":true,"default_profile_image":false,"following":false,"follow_request_sent":false,"notifications":false,"translator_type":"none"},"geo":null,"coordinates":null,"place":null,"contributors":null,"is_quote_status":false,"retweet_count":33639,"favorite_count":66175,"favorited":false,"retweeted":false,"possibly_sensitive":false,"lang":"ja"},{"created_at":"Wed Jul 19 02:13:01 +0000 2017","id":887495462772592600,"id_str":"887495462772592640","text":"本日7/19（水）東京喰種 :re12巻 発売しております。\nコミックスの続きが明日のヤングジャンプで読める形になっております。確か\n\n書店特典はナツコミというのでなんかつくみたいです。（店舗によります）… https://t.co/LHoJRSjtD9","truncated":true,"entities":{"hashtags":[],"symbols":[],"user_mentions":[],"urls":[{"url":"https://t.co/LHoJRSjtD9","expanded_url":"https://twitter.com/i/web/status/887495462772592640","display_url":"twitter.com/i/web/status/8…","indices":[104,127]}]},"metadata":{"iso_language_code":"ja","result_type":"recent"},"source":"<a href=\"http://twitter.com\" rel=\"nofollow\">Twitter Web Client</a>","in_reply_to_status_id":null,"in_reply_to_status_id_str":null,"in_reply_to_user_id":null,"in_reply_to_user_id_str":null,"in_reply_to_screen_name":null,"user":{"id":159879404,"id_str":"159879404","name":"石田スイ","screen_name":"sotonami","location":"Japan fukuoka","description":"週刊ヤングジャンプで東京喰種を描いてます。こちらで先週分までのエピソードが読めます。https://t.co/Dri5hITldL","url":"https://t.co/0Og4KttIFx","entities":{"url":{"urls":[{"url":"https://t.co/0Og4KttIFx","expanded_url":"http://sui-zakki.tumblr.com","display_url":"sui-zakki.tumblr.com","indices":[0,23]}]},"description":{"urls":[{"url":"https://t.co/Dri5hITldL","expanded_url":"http://youngjump.jp/tokyoghoul/re/trial/","display_url":"youngjump.jp/tokyoghoul/re/…","indices":[42,65]}]}},"protected":false,"followers_count":927637,"friends_count":2217,"listed_count":5704,"created_at":"Sat Jun 26 15:24:43 +0000 2010","favourites_count":315,"utc_offset":32400,"time_zone":"Tokyo","geo_enabled":false,"verified":true,"statuses_count":5508,"lang":"ja","contributors_enabled":false,"is_translator":false,"is_translation_enabled":false,"profile_background_color":"000000","profile_background_image_url":"http://pbs.twimg.com/profile_background_images/584529602501947392/7ithyVGX.png","profile_background_image_url_https":"https://pbs.twimg.com/profile_background_images/584529602501947392/7ithyVGX.png","profile_background_tile":false,"profile_image_url":"http://pbs.twimg.com/profile_images/867128313084612612/fZAmjipM_normal.jpg","profile_image_url_https":"https://pbs.twimg.com/profile_images/867128313084612612/fZAmjipM_normal.jpg","profile_banner_url":"https://pbs.twimg.com/profile_banners/159879404/1495567238","profile_link_color":"767C6B","profile_sidebar_border_color":"000000","profile_sidebar_fill_color":"EFEFEF","profile_text_color":"333333","profile_use_background_image":true,"has_extended_profile":false,"default_profile":false,"default_profile_image":false,"following":false,"follow_request_sent":false,"notifications":false,"translator_type":"none"},"geo":null,"coordinates":null,"place":null,"contributors":null,"is_quote_status":false,"retweet_count":8760,"favorite_count":21475,"favorited":false,"retweeted":false,"possibly_sensitive":false,"lang":"ja"},{"created_at":"Wed Jul 19 02:00:50 +0000 2017","id":887492393519300600,"id_str":"887492393519300608","text":"今日発売の週刊少年サンデーに読み切り｢150キロの彼女｣載っけてもらってます\n爽やかラブコメです！若干暑苦しい内容かもしれません\nどうぞよろしくお願いしますm(_ _)m https://t.co/4UWYNRxgja","truncated":false,"entities":{"hashtags":[],"symbols":[],"user_mentions":[],"urls":[],"media":[{"id":887492342239731700,"id_str":"887492342239731712","indices":[86,109],"media_url":"http://pbs.twimg.com/media/DFEBlUgUIAAn0MO.jpg","media_url_https":"https://pbs.twimg.com/media/DFEBlUgUIAAn0MO.jpg","url":"https://t.co/4UWYNRxgja","display_url":"pic.twitter.com/4UWYNRxgja","expanded_url":"https://twitter.com/gomi_ik/status/887492393519300608/photo/1","type":"photo","sizes":{"small":{"w":452,"h":680,"resize":"fit"},"medium":{"w":681,"h":1024,"resize":"fit"},"thumb":{"w":150,"h":150,"resize":"crop"},"large":{"w":681,"h":1024,"resize":"fit"}}}]},"extended_entities":{"media":[{"id":887492342239731700,"id_str":"887492342239731712","indices":[86,109],"media_url":"http://pbs.twimg.com/media/DFEBlUgUIAAn0MO.jpg","media_url_https":"https://pbs.twimg.com/media/DFEBlUgUIAAn0MO.jpg","url":"https://t.co/4UWYNRxgja","display_url":"pic.twitter.com/4UWYNRxgja","expanded_url":"https://twitter.com/gomi_ik/status/887492393519300608/photo/1","type":"photo","sizes":{"small":{"w":452,"h":680,"resize":"fit"},"medium":{"w":681,"h":1024,"resize":"fit"},"thumb":{"w":150,"h":150,"resize":"crop"},"large":{"w":681,"h":1024,"resize":"fit"}}},{"id":887492354164236300,"id_str":"887492354164236288","indices":[86,109],"media_url":"http://pbs.twimg.com/media/DFEBmA7VoAA775S.jpg","media_url_https":"https://pbs.twimg.com/media/DFEBmA7VoAA775S.jpg","url":"https://t.co/4UWYNRxgja","display_url":"pic.twitter.com/4UWYNRxgja","expanded_url":"https://twitter.com/gomi_ik/status/887492393519300608/photo/1","type":"photo","sizes":{"thumb":{"w":150,"h":150,"resize":"crop"},"small":{"w":478,"h":680,"resize":"fit"},"large":{"w":720,"h":1024,"resize":"fit"},"medium":{"w":720,"h":1024,"resize":"fit"}}},{"id":887492362741600300,"id_str":"887492362741600256","indices":[86,109],"media_url":"http://pbs.twimg.com/media/DFEBmg4V0AAa6EF.jpg","media_url_https":"https://pbs.twimg.com/media/DFEBmg4V0AAa6EF.jpg","url":"https://t.co/4UWYNRxgja","display_url":"pic.twitter.com/4UWYNRxgja","expanded_url":"https://twitter.com/gomi_ik/status/887492393519300608/photo/1","type":"photo","sizes":{"large":{"w":737,"h":1024,"resize":"fit"},"medium":{"w":737,"h":1024,"resize":"fit"},"small":{"w":489,"h":680,"resize":"fit"},"thumb":{"w":150,"h":150,"resize":"crop"}}},{"id":887492376733786100,"id_str":"887492376733786112","indices":[86,109],"media_url":"http://pbs.twimg.com/media/DFEBnVAVoAArSqy.jpg","media_url_https":"https://pbs.twimg.com/media/DFEBnVAVoAArSqy.jpg","url":"https://t.co/4UWYNRxgja","display_url":"pic.twitter.com/4UWYNRxgja","expanded_url":"https://twitter.com/gomi_ik/status/887492393519300608/photo/1","type":"photo","sizes":{"thumb":{"w":150,"h":150,"resize":"crop"},"small":{"w":481,"h":680,"resize":"fit"},"medium":{"w":849,"h":1200,"resize":"fit"},"large":{"w":1169,"h":1653,"resize":"fit"}}}]},"metadata":{"iso_language_code":"ja","result_type":"recent"},"source":"<a href=\"http://twitter.com/download/android\" rel=\"nofollow\">Twitter for Android</a>","in_reply_to_status_id":null,"in_reply_to_status_id_str":null,"in_reply_to_user_id":null,"in_reply_to_user_id_str":null,"in_reply_to_screen_name":null,"user":{"id":705677820387700700,"id_str":"705677820387700736","name":"小春","screen_name":"gomi_ik","location":"","description":"ギャルと殺し屋とNLが好き♥ よろしくお願いします！","url":null,"entities":{"description":{"urls":[]}},"protected":false,"followers_count":35152,"friends_count":150,"listed_count":444,"created_at":"Fri Mar 04 08:54:38 +0000 2016","favourites_count":3183,"utc_offset":-25200,"time_zone":"Pacific Time (US & Canada)","geo_enabled":false,"verified":false,"statuses_count":2515,"lang":"ja","contributors_enabled":false,"is_translator":false,"is_translation_enabled":false,"profile_background_color":"000000","profile_background_image_url":"http://abs.twimg.com/images/themes/theme1/bg.png","profile_background_image_url_https":"https://abs.twimg.com/images/themes/theme1/bg.png","profile_background_tile":false,"profile_image_url":"http://pbs.twimg.com/profile_images/863429058675089408/y2XmL5dY_normal.jpg","profile_image_url_https":"https://pbs.twimg.com/profile_images/863429058675089408/y2XmL5dY_normal.jpg","profile_banner_url":"https://pbs.twimg.com/profile_banners/705677820387700736/1489257389","profile_link_color":"ABB8C2","profile_sidebar_border_color":"000000","profile_sidebar_fill_color":"000000","profile_text_color":"000000","profile_use_background_image":false,"has_extended_profile":false,"default_profile":false,"default_profile_image":false,"following":false,"follow_request_sent":false,"notifications":false,"translator_type":"none"},"geo":null,"coordinates":null,"place":null,"contributors":null,"is_quote_status":false,"retweet_count":5685,"favorite_count":6802,"favorited":false,"retweeted":false,"possibly_sensitive":false,"lang":"ja"},{"created_at":"Wed Jul 19 01:09:41 +0000 2017","id":887479524513857500,"id_str":"887479524513857537","text":"戸籍の開示は差別助長に繋がる！だって？自称人権派は恥ずかしげもなくよく言うよな。俺は出自について散々報じられたけど、自称人権派は誰もその報道を批判しなかった。あの報道に比べれば蓮舫さんの戸籍開示なんてどうってことないこと。","truncated":false,"entities":{"hashtags":[],"symbols":[],"user_mentions":[],"urls":[]},"metadata":{"iso_language_code":"ja","result_type":"recent"},"source":"<a href=\"http://twitter.com\" rel=\"nofollow\">Twitter Web Client</a>","in_reply_to_status_id":null,"in_reply_to_status_id_str":null,"in_reply_to_user_id":null,"in_reply_to_user_id_str":null,"in_reply_to_screen_name":null,"user":{"id":245677083,"id_str":"245677083","name":"橋下徹","screen_name":"hashimoto_lo","location":"Osaka","description":"月４回火曜配信のメールマガジンhttps://t.co/C6tH0gVPNE、直接討論が出来るサロンhttps://t.co/VjvwS7vag1など、橋下徹からの発信は下のHPにてご覧ください！","url":"https://t.co/8wze0nPPcB","entities":{"url":{"urls":[{"url":"https://t.co/8wze0nPPcB","expanded_url":"http://hashimoto-law-office.jp/from.html","display_url":"hashimoto-law-office.jp/from.html","indices":[0,23]}]},"description":{"urls":[{"url":"https://t.co/C6tH0gVPNE","expanded_url":"http://hashimoto.president.co.jp/","display_url":"hashimoto.president.co.jp","indices":[15,38]},{"url":"https://t.co/VjvwS7vag1","expanded_url":"https://synapse.am/contents/monthly/gekikara","display_url":"synapse.am/contents/month…","indices":[50,73]}]}},"protected":false,"followers_count":1921959,"friends_count":37,"listed_count":27343,"created_at":"Tue Feb 01 06:42:50 +0000 2011","favourites_count":0,"utc_offset":32400,"time_zone":"Tokyo","geo_enabled":false,"verified":true,"statuses_count":18078,"lang":"ja","contributors_enabled":false,"is_translator":false,"is_translation_enabled":false,"profile_background_color":"000000","profile_background_image_url":"http://abs.twimg.com/images/themes/theme1/bg.png","profile_background_image_url_https":"https://abs.twimg.com/images/themes/theme1/bg.png","profile_background_tile":false,"profile_image_url":"http://pbs.twimg.com/profile_images/718434050315137025/mmdJSrVQ_normal.jpg","profile_image_url_https":"https://pbs.twimg.com/profile_images/718434050315137025/mmdJSrVQ_normal.jpg","profile_banner_url":"https://pbs.twimg.com/profile_banners/245677083/1454309904","profile_link_color":"ABB8C2","profile_sidebar_border_color":"000000","profile_sidebar_fill_color":"000000","profile_text_color":"000000","profile_use_background_image":false,"has_extended_profile":false,"default_profile":false,"default_profile_image":false,"following":false,"follow_request_sent":false,"notifications":false,"translator_type":"none"},"geo":null,"coordinates":null,"place":null,"contributors":null,"is_quote_status":false,"retweet_count":8032,"favorite_count":9310,"favorited":false,"retweeted":false,"lang":"ja"},{"created_at":"Wed Jul 19 01:08:58 +0000 2017","id":887479341424156700,"id_str":"887479341424156672","text":"「スプラトゥーン2」の発売まで、残すところあと2日。\n今作にも、多くの個性的なブキが登場する。\nお気に入りを見つけるのも良いが、複数のブキを使いこなせば、ステージやルールによって活躍できる場も広がるはず。\nすべてのブキは一長一短。… https://t.co/aSUc8WtCOJ","truncated":true,"entities":{"hashtags":[],"symbols":[],"user_mentions":[],"urls":[{"url":"https://t.co/aSUc8WtCOJ","expanded_url":"https://twitter.com/i/web/status/887479341424156672","display_url":"twitter.com/i/web/status/8…","indices":[117,140]}]},"metadata":{"iso_language_code":"ja","result_type":"recent"},"source":"<a href=\"http://twitter.com\" rel=\"nofollow\">Twitter Web Client</a>","in_reply_to_status_id":null,"in_reply_to_status_id_str":null,"in_reply_to_user_id":null,"in_reply_to_user_id_str":null,"in_reply_to_screen_name":null,"user":{"id":2888006497,"id_str":"2888006497","name":"Splatoon（スプラトゥーン）","screen_name":"SplatoonJP","location":"","description":"『スプラトゥーン』公式総合アカウント。イカ研究所の調査報告（ゲーム情報）やお知らせをお伝えします。最新作の『スプラトゥーン2』は2017年7月21日（金）発売予定。ご質問・お問い合わせにはお答えしておりませんのでご容赦ください。 ※イカ研究所は実在の人物、団体とは一切関係ございません。","url":"https://t.co/yCMNfZlVpz","entities":{"url":{"urls":[{"url":"https://t.co/yCMNfZlVpz","expanded_url":"https://www.nintendo.co.jp/switch/aab6a/index.html","display_url":"nintendo.co.jp/switch/aab6a/i…","indices":[0,23]}]},"description":{"urls":[]}},"protected":false,"followers_count":663823,"friends_count":1,"listed_count":6468,"created_at":"Mon Nov 03 01:36:06 +0000 2014","favourites_count":0,"utc_offset":32400,"time_zone":"Tokyo","geo_enabled":false,"verified":true,"statuses_count":1473,"lang":"ja","contributors_enabled":false,"is_translator":false,"is_translation_enabled":false,"profile_background_color":"000000","profile_background_image_url":"http://pbs.twimg.com/profile_background_images/530105343452274688/WJl6dNx5.jpeg","profile_background_image_url_https":"https://pbs.twimg.com/profile_background_images/530105343452274688/WJl6dNx5.jpeg","profile_background_tile":false,"profile_image_url":"http://pbs.twimg.com/profile_images/819765217957552132/1WftJJM1_normal.jpg","profile_image_url_https":"https://pbs.twimg.com/profile_images/819765217957552132/1WftJJM1_normal.jpg","profile_banner_url":"https://pbs.twimg.com/profile_banners/2888006497/1484282224","profile_link_color":"000000","profile_sidebar_border_color":"000000","profile_sidebar_fill_color":"E3E2DE","profile_text_color":"634047","profile_use_background_image":true,"has_extended_profile":false,"default_profile":false,"default_profile_image":false,"following":false,"follow_request_sent":false,"notifications":false,"translator_type":"none"},"geo":null,"coordinates":null,"place":null,"contributors":null,"is_quote_status":false,"retweet_count":6530,"favorite_count":13528,"favorited":false,"retweeted":false,"possibly_sensitive":false,"lang":"ja"},{"created_at":"Tue Jul 18 23:58:46 +0000 2017","id":887461677976870900,"id_str":"887461677976870913","text":"マナーの悪い人をスマホで撮影して「こいつ、ヤバくね？」とSNSで袋叩きにしてる人をたまに見掛けますが、マナーの悪い人なんかよりも、赤の他人を勝手に撮影して無許可でSNSにアップすることに抵抗がないどころか、それを正義と疑わない人の方がよっぽどヤバいと思ってしまう。","truncated":false,"entities":{"hashtags":[],"symbols":[],"user_mentions":[],"urls":[]},"metadata":{"iso_language_code":"ja","result_type":"recent"},"source":"<a href=\"http://twitter.com\" rel=\"nofollow\">Twitter Web Client</a>","in_reply_to_status_id":null,"in_reply_to_status_id_str":null,"in_reply_to_user_id":null,"in_reply_to_user_id_str":null,"in_reply_to_screen_name":null,"user":{"id":956919996,"id_str":"956919996","name":"深爪@重版御礼「深爪式」絶賛発売中","screen_name":"fukazume_taro","location":"","description":"著書「深爪式　声に出して読めない53の話」（KADOKAWA、紙・電子版あり）／ 「深爪な愛とセックスのはなし」「深爪な家族と人生のはなし」（KADOKAWA、電子版のみ）／ 女性セブン（小学館）にて隔週コラム「立て板に泥水」連載中／note不定期更新（https://t.co/RlpFcpAqZh）","url":"https://t.co/skelu9TQOF","entities":{"url":{"urls":[{"url":"https://t.co/skelu9TQOF","expanded_url":"https://synapse.am/contents/monthly/fukazume_taro","display_url":"synapse.am/contents/month…","indices":[0,23]}]},"description":{"urls":[{"url":"https://t.co/RlpFcpAqZh","expanded_url":"https://note.mu/fukazume_taro","display_url":"note.mu/fukazume_taro","indices":[127,150]}]}},"protected":false,"followers_count":134938,"friends_count":473,"listed_count":2726,"created_at":"Mon Nov 19 07:23:29 +0000 2012","favourites_count":24702,"utc_offset":28800,"time_zone":"Irkutsk","geo_enabled":false,"verified":false,"statuses_count":12760,"lang":"ja","contributors_enabled":false,"is_translator":false,"is_translation_enabled":true,"profile_background_color":"B2DFDA","profile_background_image_url":"http://abs.twimg.com/images/themes/theme13/bg.gif","profile_background_image_url_https":"https://abs.twimg.com/images/themes/theme13/bg.gif","profile_background_tile":false,"profile_image_url":"http://pbs.twimg.com/profile_images/2868410421/6adbb9a7ec906a9c18353a4ca82a26bc_normal.jpeg","profile_image_url_https":"https://pbs.twimg.com/profile_images/2868410421/6adbb9a7ec906a9c18353a4ca82a26bc_normal.jpeg","profile_banner_url":"https://pbs.twimg.com/profile_banners/956919996/1431149361","profile_link_color":"93A644","profile_sidebar_border_color":"EEEEEE","profile_sidebar_fill_color":"FFFFFF","profile_text_color":"333333","profile_use_background_image":true,"has_extended_profile":false,"default_profile":false,"default_profile_image":false,"following":false,"follow_request_sent":false,"notifications":false,"translator_type":"none"},"geo":null,"coordinates":null,"place":null,"contributors":null,"is_quote_status":false,"retweet_count":5349,"favorite_count":6549,"favorited":false,"retweeted":false,"lang":"ja"},{"created_at":"Tue Jul 18 23:47:18 +0000 2017","id":887458791884677100,"id_str":"887458791884677120","text":"ヤリヤガッタナ！ https://t.co/jwMFRhliQ3","truncated":false,"entities":{"hashtags":[],"symbols":[],"user_mentions":[],"urls":[],"media":[{"id":887458783282085900,"id_str":"887458783282085888","indices":[9,32],"media_url":"http://pbs.twimg.com/media/DFDjD7pUQAAyFel.jpg","media_url_https":"https://pbs.twimg.com/media/DFDjD7pUQAAyFel.jpg","url":"https://t.co/jwMFRhliQ3","display_url":"pic.twitter.com/jwMFRhliQ3","expanded_url":"https://twitter.com/mwamjapan/status/887458791884677120/photo/1","type":"photo","sizes":{"medium":{"w":1020,"h":1024,"resize":"fit"},"thumb":{"w":150,"h":150,"resize":"crop"},"small":{"w":677,"h":680,"resize":"fit"},"large":{"w":1020,"h":1024,"resize":"fit"}}}]},"extended_entities":{"media":[{"id":887458783282085900,"id_str":"887458783282085888","indices":[9,32],"media_url":"http://pbs.twimg.com/media/DFDjD7pUQAAyFel.jpg","media_url_https":"https://pbs.twimg.com/media/DFDjD7pUQAAyFel.jpg","url":"https://t.co/jwMFRhliQ3","display_url":"pic.twitter.com/jwMFRhliQ3","expanded_url":"https://twitter.com/mwamjapan/status/887458791884677120/photo/1","type":"photo","sizes":{"medium":{"w":1020,"h":1024,"resize":"fit"},"thumb":{"w":150,"h":150,"resize":"crop"},"small":{"w":677,"h":680,"resize":"fit"},"large":{"w":1020,"h":1024,"resize":"fit"}}},{"id":887458783131193300,"id_str":"887458783131193344","indices":[9,32],"media_url":"http://pbs.twimg.com/media/DFDjD7FV0AABazt.jpg","media_url_https":"https://pbs.twimg.com/media/DFDjD7FV0AABazt.jpg","url":"https://t.co/jwMFRhliQ3","display_url":"pic.twitter.com/jwMFRhliQ3","expanded_url":"https://twitter.com/mwamjapan/status/887458791884677120/photo/1","type":"photo","sizes":{"medium":{"w":255,"h":278,"resize":"fit"},"small":{"w":255,"h":278,"resize":"fit"},"thumb":{"w":150,"h":150,"resize":"crop"},"large":{"w":255,"h":278,"resize":"fit"}}}]},"metadata":{"iso_language_code":"ja","result_type":"recent"},"source":"<a href=\"http://twitter.com/download/iphone\" rel=\"nofollow\">Twitter for iPhone</a>","in_reply_to_status_id":null,"in_reply_to_status_id_str":null,"in_reply_to_user_id":null,"in_reply_to_user_id_str":null,"in_reply_to_screen_name":null,"user":{"id":114729607,"id_str":"114729607","name":"MAN WITH A MISSION","screen_name":"mwamjapan","location":"MWAM総本山  ","description":"MAN WITH A MISSION。通称MWAM。彼らは天才科学者ジミーヘンドリックスがこの世に残した、究極の生命体。『使命を持った男』があなたの街に、あのライブハウスに、あの国に。世界中に出没して、次なる『使命』を全うしにやってくる・・・","url":"http://t.co/LZbt6h1foD","entities":{"url":{"urls":[{"url":"http://t.co/LZbt6h1foD","expanded_url":"http://www.mwamjapan.info/","display_url":"mwamjapan.info","indices":[0,22]}]},"description":{"urls":[]}},"protected":false,"followers_count":879854,"friends_count":16621,"listed_count":7093,"created_at":"Tue Feb 16 12:24:52 +0000 2010","favourites_count":279,"utc_offset":32400,"time_zone":"Tokyo","geo_enabled":true,"verified":true,"statuses_count":45263,"lang":"ja","contributors_enabled":false,"is_translator":false,"is_translation_enabled":true,"profile_background_color":"1A1B1F","profile_background_image_url":"http://pbs.twimg.com/profile_background_images/80673257/MWAM__twitter.JPG","profile_background_image_url_https":"https://pbs.twimg.com/profile_background_images/80673257/MWAM__twitter.JPG","profile_background_tile":true,"profile_image_url":"http://pbs.twimg.com/profile_images/3457556521/3021070150be343a23fb1dd353ca5fcb_normal.jpeg","profile_image_url_https":"https://pbs.twimg.com/profile_images/3457556521/3021070150be343a23fb1dd353ca5fcb_normal.jpeg","profile_banner_url":"https://pbs.twimg.com/profile_banners/114729607/1352175323","profile_link_color":"2FC2EF","profile_sidebar_border_color":"181A1E","profile_sidebar_fill_color":"252429","profile_text_color":"666666","profile_use_background_image":true,"has_extended_profile":false,"default_profile":false,"default_profile_image":false,"following":false,"follow_request_sent":false,"notifications":false,"translator_type":"none"},"geo":null,"coordinates":null,"place":null,"contributors":null,"is_quote_status":false,"retweet_count":10742,"favorite_count":29865,"favorited":false,"retweeted":false,"possibly_sensitive":false,"lang":"ja"},{"created_at":"Tue Jul 18 23:34:32 +0000 2017","id":887455577781162000,"id_str":"887455577781161984","text":"夏のっけから暑い日が続きますね。 https://t.co/QaWHpsfWKm","truncated":false,"entities":{"hashtags":[],"symbols":[],"user_mentions":[],"urls":[],"media":[{"id":887455453474472000,"id_str":"887455453474471937","indices":[17,40],"media_url":"http://pbs.twimg.com/media/DFDgCHJUQAEHThF.jpg","media_url_https":"https://pbs.twimg.com/media/DFDgCHJUQAEHThF.jpg","url":"https://t.co/QaWHpsfWKm","display_url":"pic.twitter.com/QaWHpsfWKm","expanded_url":"https://twitter.com/touco_shino/status/887455577781161984/photo/1","type":"photo","sizes":{"large":{"w":500,"h":537,"resize":"fit"},"thumb":{"w":150,"h":150,"resize":"crop"},"medium":{"w":500,"h":537,"resize":"fit"},"small":{"w":500,"h":537,"resize":"fit"}}}]},"extended_entities":{"media":[{"id":887455453474472000,"id_str":"887455453474471937","indices":[17,40],"media_url":"http://pbs.twimg.com/media/DFDgCHJUQAEHThF.jpg","media_url_https":"https://pbs.twimg.com/media/DFDgCHJUQAEHThF.jpg","url":"https://t.co/QaWHpsfWKm","display_url":"pic.twitter.com/QaWHpsfWKm","expanded_url":"https://twitter.com/touco_shino/status/887455577781161984/photo/1","type":"photo","sizes":{"large":{"w":500,"h":537,"resize":"fit"},"thumb":{"w":150,"h":150,"resize":"crop"},"medium":{"w":500,"h":537,"resize":"fit"},"small":{"w":500,"h":537,"resize":"fit"}}}]},"metadata":{"iso_language_code":"ja","result_type":"recent"},"source":"<a href=\"http://twitter.com\" rel=\"nofollow\">Twitter Web Client</a>","in_reply_to_status_id":null,"in_reply_to_status_id_str":null,"in_reply_to_user_id":null,"in_reply_to_user_id_str":null,"in_reply_to_screen_name":null,"user":{"id":266930184,"id_str":"266930184","name":"しのとうこ","screen_name":"touco_shino","location":"","description":"イラストレーター、しのとうこです。 おもにTRPG関連などで仕事させていただいております。装画担当書籍「ダブルクロス(TRPG)」シリーズ、「薬屋のひとりごと1～6」「ウロボロス・レコード1〜3」発売中です。よろしくお願いします。 サイト：https://t.co/ekDwKm4X5h","url":"http://t.co/Pcidrl36W6","entities":{"url":{"urls":[{"url":"http://t.co/Pcidrl36W6","expanded_url":"http://shinote.sblo.jp/","display_url":"shinote.sblo.jp","indices":[0,22]}]},"description":{"urls":[{"url":"https://t.co/ekDwKm4X5h","expanded_url":"http://touco.skr.jp","display_url":"touco.skr.jp","indices":[120,143]}]}},"protected":false,"followers_count":4025,"friends_count":96,"listed_count":291,"created_at":"Wed Mar 16 01:52:41 +0000 2011","favourites_count":63,"utc_offset":32400,"time_zone":"Tokyo","geo_enabled":false,"verified":false,"statuses_count":2219,"lang":"ja","contributors_enabled":false,"is_translator":false,"is_translation_enabled":false,"profile_background_color":"C0DEED","profile_background_image_url":"http://abs.twimg.com/images/themes/theme1/bg.png","profile_background_image_url_https":"https://abs.twimg.com/images/themes/theme1/bg.png","profile_background_tile":false,"profile_image_url":"http://pbs.twimg.com/profile_images/468612047400235008/JLtzrNc__normal.jpeg","profile_image_url_https":"https://pbs.twimg.com/profile_images/468612047400235008/JLtzrNc__normal.jpeg","profile_banner_url":"https://pbs.twimg.com/profile_banners/266930184/1400556793","profile_link_color":"1DA1F2","profile_sidebar_border_color":"C0DEED","profile_sidebar_fill_color":"DDEEF6","profile_text_color":"333333","profile_use_background_image":true,"has_extended_profile":false,"default_profile":true,"default_profile_image":false,"following":false,"follow_request_sent":false,"notifications":false,"translator_type":"none"},"geo":null,"coordinates":null,"place":null,"contributors":null,"is_quote_status":false,"retweet_count":6181,"favorite_count":9489,"favorited":false,"retweeted":false,"possibly_sensitive":false,"lang":"ja"}],"search_metadata":{"completed_in":0.717,"max_id":887515243382882300,"max_id_str":"887515243382882304","next_results":"?max_id=887455577781161983&q=lang%3Aja%20min_retweets%3A5000&include_entities=1","query":"lang%3Aja+min_retweets%3A5000","refresh_url":"?since_id=887515243382882304&q=lang%3Aja%20min_retweets%3A5000&include_entities=1","count":15,"since_id":0,"since_id_str":"0"}}