{"statuses":[{"created_at":"Tue Jul 18 23:47:18 +0000 2017","id":887458791884677100,"id_str":"887458791884677120","text":"ヤリヤガッタナ！ https://t.co/jwMFRhliQ3","truncated":false,"entities":{"hashtags":[],"symbols":[],"user_mentions":[],"urls":[],"media":[{"id":887458783282085900,"id_str":"887458783282085888","indices":[9,32],"media_url":"http://pbs.twimg.com/media/DFDjD7pUQAAyFel.jpg","media_url_https":"https://pbs.twimg.com/media/DFDjD7pUQAAyFel.jpg","url":"https://t.co/jwMFRhliQ3","display_url":"pic.twitter.com/jwMFRhliQ3","expanded_url":"https://twitter.com/mwamjapan/status/887458791884677120/photo/1","type":"photo","sizes":{"medium":{"w":1020,"h":1024,"resize":"fit"},"thumb":{"w":150,"h":150,"resize":"crop"},"small":{"w":677,"h":680,"resize":"fit"},"large":{"w":1020,"h":1024,"resize":"fit"}}}]},"extended_entities":{"media":[{"id":887458783282085900,"id_str":"887458783282085888","indices":[9,32],"media_url":"http://pbs.twimg.com/media/DFDjD7pUQAAyFel.jpg","media_url_https":"https://pbs.twimg.com/media/DFDjD7pUQAAyFel.jpg","url":"https://t.co/jwMFRhliQ3","display_url":"pic.twitter.com/jwMFRhliQ3","expanded_url":"https://twitter.com/mwamjapan/status/887458791884677120/photo/1","type":"photo","sizes":{"medium":{"w":1020,"h":1024,"resize":"fit"},"thumb":{"w":150,"h":150,"resize":"crop"},"small":{"w":677,"h":680,"resize":"fit"},"large":{"w":1020,"h":1024,"resize":"fit"}}},{"id":887458783131193300,"id_str":"887458783131193344","indices":[9,32],"media_url":"http://pbs.twimg.com/media/DFDjD7FV0AABazt.jpg","media_url_https":"https://pbs.twimg.com/media/DFDjD7FV0AABazt.jpg","url":"https://t.co/jwMFRhliQ3","display_url":"pic.twitter.com/jwMFRhliQ3","expanded_url":"https://twitter.com/mwamjapan/status/887458791884677120/photo/1","type":"photo","sizes":{"medium":{"w":255,"h":278,"resize":"fit"},"small":{"w":255,"h":278,"resize":"fit"},"thumb":{"w":150,"h":150,"resize":"crop"},"large":{"w":255,"h":278,"resize":"fit"}}}]},"metadata":{"iso_language_code":"ja","result_type":"recent"},"source":"<a href=\"http://twitter.com/download/iphone\" rel=\"nofollow\">Twitter for iPhone</a>","in_reply_to_status_id":null,"in_reply_to_status_id_str":null,"in_reply_to_user_id":null,"in_reply_to_user_id_str":null,"in_reply_to_screen_name":null,"user":{"id":114729607,"id_str":"114729607","name":"MAN WITH A MISSION","screen_name":"mwamjapan","location":"MWAM総本山  ","description":"MAN WITH A MISSION。通称MWAM。彼らは天才科学者ジミーヘンドリックスがこの世に残した、究極の生命体。『使命を持った男』があなたの街に、あのライブハウスに、あの国に。世界中に出没して、次なる『使命』を全うしにやってくる・・・","url":"http://t.co/LZbt6h1foD","entities":{"url":{"urls":[{"url":"http://t.co/LZbt6h1foD","expanded_url":"http://www.mwamjapan.info/","display_url":"mwamjapan.info","indices":[0,22]}]},"description":{"urls":[]}},"protected":false,"followers_count":879392,"friends_count":16621,"listed_count":7091,"created_at":"Tue Feb 16 12:24:52 +0000 2010","favourites_count":279,"utc_offset":32400,"time_zone":"Tokyo","geo_enabled":true,"verified":true,"statuses_count":45263,"lang":"ja","contributors_enabled":false,"is_translator":false,"is_translation_enabled":true,"profile_background_color":"1A1B1F","profile_background_image_url":"http://pbs.twimg.com/profile_background_images/80673257/MWAM__twitter.JPG","profile_background_image_url_https":"https://pbs.twimg.com/profile_background_images/80673257/MWAM__twitter.JPG","profile_background_tile":true,"profile_image_url":"http://pbs.twimg.com/profile_images/3457556521/3021070150be343a23fb1dd353ca5fcb_normal.jpeg","profile_image_url_https":"https://pbs.twimg.com/profile_images/3457556521/3021070150be343a23fb1dd353ca5fcb_normal.jpeg","profile_banner_url":"https://pbs.twimg.com/profile_banners/114729607/1352175323","profile_link_color":"2FC2EF","profile_sidebar_border_color":"181A1E","profile_sidebar_fill_color":"252429","profile_text_color":"666666","profile_use_background_image":true,"has_extended_profile":false,"default_profile":false,"default_profile_image":false,"following":false,"follow_request_sent":false,"notifications":false,"translator_type":"none"},"geo":null,"coordinates":null,"place":null,"contributors":null,"is_quote_status":false,"retweet_count":5226,"favorite_count":14373,"favorited":false,"retweeted":false,"possibly_sensitive":false,"lang":"ja"},{"created_at":"Tue Jul 18 15:04:09 +0000 2017","id":887327135752306700,"id_str":"887327135752306688","text":"スカイピースの、\nチャンネル登録者数が\n100万人突破しました！！！\n\nノリだけでやってる二人組ですが、\nこれからもどうか、\n宜しくお願い致します🙇✨\n\nピーーーース✌️✌️✌️✌️ https://t.co/0VYBwOgejP","truncated":false,"entities":{"hashtags":[],"symbols":[],"user_mentions":[],"urls":[],"media":[{"id":887327129737642000,"id_str":"887327129737641984","indices":[92,115],"media_url":"http://pbs.twimg.com/media/DFBrUr-UQAAhjp9.jpg","media_url_https":"https://pbs.twimg.com/media/DFBrUr-UQAAhjp9.jpg","url":"https://t.co/0VYBwOgejP","display_url":"pic.twitter.com/0VYBwOgejP","expanded_url":"https://twitter.com/skypeace_teojin/status/887327135752306688/photo/1","type":"photo","sizes":{"small":{"w":680,"h":528,"resize":"fit"},"thumb":{"w":150,"h":150,"resize":"crop"},"large":{"w":750,"h":582,"resize":"fit"},"medium":{"w":750,"h":582,"resize":"fit"}}}]},"extended_entities":{"media":[{"id":887327129737642000,"id_str":"887327129737641984","indices":[92,115],"media_url":"http://pbs.twimg.com/media/DFBrUr-UQAAhjp9.jpg","media_url_https":"https://pbs.twimg.com/media/DFBrUr-UQAAhjp9.jpg","url":"https://t.co/0VYBwOgejP","display_url":"pic.twitter.com/0VYBwOgejP","expanded_url":"https://twitter.com/skypeace_teojin/status/887327135752306688/photo/1","type":"photo","sizes":{"small":{"w":680,"h":528,"resize":"fit"},"thumb":{"w":150,"h":150,"resize":"crop"},"large":{"w":750,"h":582,"resize":"fit"},"medium":{"w":750,"h":582,"resize":"fit"}}}]},"metadata":{"iso_language_code":"ja","result_type":"recent"},"source":"<a href=\"http://twitter.com/download/iphone\" rel=\"nofollow\">Twitter for iPhone</a>","in_reply_to_status_id":null,"in_reply_to_status_id_str":null,"in_reply_to_user_id":null,"in_reply_to_user_id_str":null,"in_reply_to_screen_name":null,"user":{"id":753155670820593700,"id_str":"753155670820593664","name":"スカイピース@SP","screen_name":"skypeace_teojin","location":"","description":"どうもぉ〜スカイピース！Yeah！！テオ(@teokun711)じん(@JINJIN1027)空にピースだ！","url":"https://t.co/dDebxfywPn","entities":{"url":{"urls":[{"url":"https://t.co/dDebxfywPn","expanded_url":"https://www.youtube.com/channel/UC8_wmm5DX9mb4jrLiw8ZYzw","display_url":"youtube.com/channel/UC8_wm…","indices":[0,23]}]},"description":{"urls":[]}},"protected":false,"followers_count":282096,"friends_count":7,"listed_count":488,"created_at":"Wed Jul 13 09:14:39 +0000 2016","favourites_count":517,"utc_offset":null,"time_zone":null,"geo_enabled":false,"verified":false,"statuses_count":583,"lang":"ja","contributors_enabled":false,"is_translator":false,"is_translation_enabled":false,"profile_background_color":"F5F8FA","profile_background_image_url":null,"profile_background_image_url_https":null,"profile_background_tile":false,"profile_image_url":"http://pbs.twimg.com/profile_images/753571447751139329/kSnZ43Ec_normal.jpg","profile_image_url_https":"https://pbs.twimg.com/profile_images/753571447751139329/kSnZ43Ec_normal.jpg","profile_banner_url":"https://pbs.twimg.com/profile_banners/753155670820593664/1468500612","profile_link_color":"1DA1F2","profile_sidebar_border_color":"C0DEED","profile_sidebar_fill_color":"DDEEF6","profile_text_color":"333333","profile_use_background_image":true,"has_extended_profile":false,"default_profile":true,"default_profile_image":false,"following":false,"follow_request_sent":false,"notifications":false,"translator_type":"none"},"geo":null,"coordinates":null,"place":null,"contributors":null,"is_quote_status":false,"retweet_count":6502,"favorite_count":23750,"favorited":false,"retweeted":false,"possibly_sensitive":false,"lang":"ja"},{"created_at":"Tue Jul 18 15:02:04 +0000 2017","id":887326612391252000,"id_str":"887326612391251968","text":"『ご注文はうさぎですか？？ ～Dear My Sister～』特設ページがオープン！新作エピソードのあらすじと上映館情報を公開しました！\nさらにコミックマーケット92にてグッズ付前売券第1弾の先行販売も決定♪… https://t.co/PEbHR7cqb4","truncated":true,"entities":{"hashtags":[],"symbols":[],"user_mentions":[],"urls":[{"url":"https://t.co/PEbHR7cqb4","expanded_url":"https://twitter.com/i/web/status/887326612391251968","display_url":"twitter.com/i/web/status/8…","indices":[106,129]}]},"metadata":{"iso_language_code":"ja","result_type":"recent"},"source":"<a href=\"http://twitter.com\" rel=\"nofollow\">Twitter Web Client</a>","in_reply_to_status_id":null,"in_reply_to_status_id_str":null,"in_reply_to_user_id":null,"in_reply_to_user_id_str":null,"in_reply_to_screen_name":null,"user":{"id":2179819292,"id_str":"2179819292","name":"TVアニメ『ご注文はうさぎですか？？』","screen_name":"usagi_anime","location":"Rabbit House","description":"TVアニメ『ご注文はうさぎですか？？』公式ツイッターです。 新作アニメスペシャルエピソード「ご注文はうさぎですか？？ ～Dear My Sister～」11月11日(土)より全国40館にて上映決定！第1期BD/DVD BOX、「chimame march」発売中！","url":"https://t.co/5Wn6Gxw7Xf","entities":{"url":{"urls":[{"url":"https://t.co/5Wn6Gxw7Xf","expanded_url":"http://www.gochiusa.com/","display_url":"gochiusa.com","indices":[0,23]}]},"description":{"urls":[]}},"protected":false,"followers_count":245492,"friends_count":27,"listed_count":4054,"created_at":"Thu Nov 07 10:29:29 +0000 2013","favourites_count":0,"utc_offset":32400,"time_zone":"Tokyo","geo_enabled":true,"verified":true,"statuses_count":3327,"lang":"ja","contributors_enabled":false,"is_translator":false,"is_translation_enabled":false,"profile_background_color":"000000","profile_background_image_url":"http://abs.twimg.com/images/themes/theme1/bg.png","profile_background_image_url_https":"https://abs.twimg.com/images/themes/theme1/bg.png","profile_background_tile":false,"profile_image_url":"http://pbs.twimg.com/profile_images/886239642529316864/PL8x53wC_normal.jpg","profile_image_url_https":"https://pbs.twimg.com/profile_images/886239642529316864/PL8x53wC_normal.jpg","profile_banner_url":"https://pbs.twimg.com/profile_banners/2179819292/1491058956","profile_link_color":"985858","profile_sidebar_border_color":"000000","profile_sidebar_fill_color":"000000","profile_text_color":"000000","profile_use_background_image":false,"has_extended_profile":false,"default_profile":false,"default_profile_image":false,"following":false,"follow_request_sent":false,"notifications":false,"translator_type":"none"},"geo":null,"coordinates":null,"place":null,"contributors":null,"is_quote_status":false,"retweet_count":7187,"favorite_count":8637,"favorited":false,"retweeted":false,"possibly_sensitive":false,"lang":"ja"},{"created_at":"Tue Jul 18 14:49:26 +0000 2017","id":887323432181833700,"id_str":"887323432181833728","text":"親子デザイン工房 (No.29)\nピンクヘッドグライダー\n原案:長男\nイラスト:パパ\n\nPink-Head Glider\nOriginal design: son (11)\nIllustration : dad… https://t.co/BZiqdvLlls","truncated":true,"entities":{"hashtags":[],"symbols":[],"user_mentions":[],"urls":[{"url":"https://t.co/BZiqdvLlls","expanded_url":"https://twitter.com/i/web/status/887323432181833728","display_url":"twitter.com/i/web/status/8…","indices":[107,130]}]},"metadata":{"iso_language_code":"ja","result_type":"recent"},"source":"<a href=\"http://twitter.com/download/iphone\" rel=\"nofollow\">Twitter for iPhone</a>","in_reply_to_status_id":null,"in_reply_to_status_id_str":null,"in_reply_to_user_id":null,"in_reply_to_user_id_str":null,"in_reply_to_screen_name":null,"user":{"id":281842132,"id_str":"281842132","name":"ThomasRomain  ロマン・トマ","screen_name":"Thomasintokyo","location":"Tokyo, Koenji","description":"Animation creator. アニメクリエーター [Code Lyoko][Ōban Star-racers][Basquash!][Symphogear][Space Dandy][Cannon Busters][Father & Sons' Design Workshop]... and more","url":"https://t.co/Sy4bm1XbBZ","entities":{"url":{"urls":[{"url":"https://t.co/Sy4bm1XbBZ","expanded_url":"https://www.patreon.com/thomasromain","display_url":"patreon.com/thomasromain","indices":[0,23]}]},"description":{"urls":[]}},"protected":false,"followers_count":118253,"friends_count":554,"listed_count":1564,"created_at":"Thu Apr 14 02:31:26 +0000 2011","favourites_count":12810,"utc_offset":null,"time_zone":null,"geo_enabled":false,"verified":false,"statuses_count":9874,"lang":"en","contributors_enabled":false,"is_translator":false,"is_translation_enabled":false,"profile_background_color":"131516","profile_background_image_url":"http://pbs.twimg.com/profile_background_images/597603816427495424/j1BuJi1U.jpg","profile_background_image_url_https":"https://pbs.twimg.com/profile_background_images/597603816427495424/j1BuJi1U.jpg","profile_background_tile":true,"profile_image_url":"http://pbs.twimg.com/profile_images/3226455136/6604da84a3b20b1c00407c2995f0a1a5_normal.jpeg","profile_image_url_https":"https://pbs.twimg.com/profile_images/3226455136/6604da84a3b20b1c00407c2995f0a1a5_normal.jpeg","profile_banner_url":"https://pbs.twimg.com/profile_banners/281842132/1497585066","profile_link_color":"1B95E0","profile_sidebar_border_color":"FFFFFF","profile_sidebar_fill_color":"DDEEF6","profile_text_color":"333333","profile_use_background_image":true,"has_extended_profile":true,"default_profile":false,"default_profile_image":false,"following":false,"follow_request_sent":false,"notifications":false,"translator_type":"none"},"geo":null,"coordinates":null,"place":null,"contributors":null,"is_quote_status":false,"retweet_count":5773,"favorite_count":12346,"favorited":false,"retweeted":false,"possibly_sensitive":false,"lang":"ja"},{"created_at":"Tue Jul 18 14:43:18 +0000 2017","id":887321886383718400,"id_str":"887321886383718400","text":"フェイスブックで見かけたインターネットミームにとてもぐっと来るやつがあったので英語から日本語に訳してみました。 https://t.co/PMe00mEvlW","truncated":false,"entities":{"hashtags":[],"symbols":[],"user_mentions":[],"urls":[],"media":[{"id":887321432702595100,"id_str":"887321432702595072","indices":[56,79],"media_url":"http://pbs.twimg.com/media/DFBmJE3UMAAF4kq.jpg","media_url_https":"https://pbs.twimg.com/media/DFBmJE3UMAAF4kq.jpg","url":"https://t.co/PMe00mEvlW","display_url":"pic.twitter.com/PMe00mEvlW","expanded_url":"https://twitter.com/o_ri_i/status/887321886383718400/photo/1","type":"photo","sizes":{"large":{"w":638,"h":638,"resize":"fit"},"small":{"w":638,"h":638,"resize":"fit"},"medium":{"w":638,"h":638,"resize":"fit"},"thumb":{"w":150,"h":150,"resize":"crop"}}}]},"extended_entities":{"media":[{"id":887321432702595100,"id_str":"887321432702595072","indices":[56,79],"media_url":"http://pbs.twimg.com/media/DFBmJE3UMAAF4kq.jpg","media_url_https":"https://pbs.twimg.com/media/DFBmJE3UMAAF4kq.jpg","url":"https://t.co/PMe00mEvlW","display_url":"pic.twitter.com/PMe00mEvlW","expanded_url":"https://twitter.com/o_ri_i/status/887321886383718400/photo/1","type":"photo","sizes":{"large":{"w":638,"h":638,"resize":"fit"},"small":{"w":638,"h":638,"resize":"fit"},"medium":{"w":638,"h":638,"resize":"fit"},"thumb":{"w":150,"h":150,"resize":"crop"}}}]},"metadata":{"iso_language_code":"ja","result_type":"recent"},"source":"<a href=\"http://twitter.com\" rel=\"nofollow\">Twitter Web Client</a>","in_reply_to_status_id":null,"in_reply_to_status_id_str":null,"in_reply_to_user_id":null,"in_reply_to_user_id_str":null,"in_reply_to_screen_name":null,"user":{"id":169924779,"id_str":"169924779","name":"折易","screen_name":"o_ri_i","location":"⋯⋯大阪","description":"　ピクシブ企画の話をしたりしなかったりします。ＰＣで見てるのでレスポンス遅いです。リツイートは非表示設定にしてることが多いです。選挙は社民党。","url":"http://t.co/4xPHcN3mh5","entities":{"url":{"urls":[{"url":"http://t.co/4xPHcN3mh5","expanded_url":"http://www.pixiv.net/member.php?id=401208","display_url":"pixiv.net/member.php?id=…","indices":[0,22]}]},"description":{"urls":[]}},"protected":false,"followers_count":89,"friends_count":63,"listed_count":13,"created_at":"Fri Jul 23 14:19:13 +0000 2010","favourites_count":435,"utc_offset":32400,"time_zone":"Tokyo","geo_enabled":false,"verified":false,"statuses_count":2444,"lang":"ja","contributors_enabled":false,"is_translator":false,"is_translation_enabled":false,"profile_background_color":"C0DEED","profile_background_image_url":"http://abs.twimg.com/images/themes/theme1/bg.png","profile_background_image_url_https":"https://abs.twimg.com/images/themes/theme1/bg.png","profile_background_tile":false,"profile_image_url":"http://pbs.twimg.com/profile_images/1592514227/__________-1_____normal.png","profile_image_url_https":"https://pbs.twimg.com/profile_images/1592514227/__________-1_____normal.png","profile_link_color":"1DA1F2","profile_sidebar_border_color":"C0DEED","profile_sidebar_fill_color":"DDEEF6","profile_text_color":"333333","profile_use_background_image":true,"has_extended_profile":false,"default_profile":true,"default_profile_image":false,"following":false,"follow_request_sent":false,"notifications":false,"translator_type":"none"},"geo":null,"coordinates":null,"place":null,"contributors":null,"is_quote_status":false,"retweet_count":7820,"favorite_count":9295,"favorited":false,"retweeted":false,"possibly_sensitive":false,"lang":"ja"},{"created_at":"Tue Jul 18 14:00:56 +0000 2017","id":887311225452773400,"id_str":"887311225452773376","text":"【閉店のお知らせ】 \n新宿JAMは2017年12月31日をもちまして閉店する事になりました。\n1980年10月オープンから37年、関わってくださいました皆様には、心より感謝申し上げます。\n詳細はコチラです。→https://t.co/8Lzu5Oz0XI","truncated":false,"entities":{"hashtags":[],"symbols":[],"user_mentions":[],"urls":[{"url":"https://t.co/8Lzu5Oz0XI","expanded_url":"http://jam.rinky.info/","display_url":"jam.rinky.info","indices":[104,127]}]},"metadata":{"iso_language_code":"ja","result_type":"recent"},"source":"<a href=\"http://twitter.com/download/iphone\" rel=\"nofollow\">Twitter for iPhone</a>","in_reply_to_status_id":null,"in_reply_to_status_id_str":null,"in_reply_to_user_id":null,"in_reply_to_user_id_str":null,"in_reply_to_screen_name":null,"user":{"id":142258204,"id_str":"142258204","name":"新宿JAM","screen_name":"shinjukuJAM","location":"東京 新宿区","description":"今年で37年目を迎える 新宿JAM 新宿の老舗ライブハウス 30年間以上 変わらず同じ場所から 東京のIndies Culture Sceneを見届けて来た生きる伝説、伝統の箱 shinjukuJAMどぇす 〜since1980〜.","url":"https://t.co/fHNIbDRMXd","entities":{"url":{"urls":[{"url":"https://t.co/fHNIbDRMXd","expanded_url":"http://jam.rinky.info/","display_url":"jam.rinky.info","indices":[0,23]}]},"description":{"urls":[]}},"protected":false,"followers_count":10190,"friends_count":9475,"listed_count":348,"created_at":"Mon May 10 11:45:40 +0000 2010","favourites_count":111,"utc_offset":-36000,"time_zone":"Hawaii","geo_enabled":true,"verified":false,"statuses_count":73095,"lang":"ja","contributors_enabled":false,"is_translator":false,"is_translation_enabled":false,"profile_background_color":"C0DEED","profile_background_image_url":"http://abs.twimg.com/images/themes/theme1/bg.png","profile_background_image_url_https":"https://abs.twimg.com/images/themes/theme1/bg.png","profile_background_tile":false,"profile_image_url":"http://pbs.twimg.com/profile_images/731158615961141248/fR3aRCEh_normal.jpg","profile_image_url_https":"https://pbs.twimg.com/profile_images/731158615961141248/fR3aRCEh_normal.jpg","profile_banner_url":"https://pbs.twimg.com/profile_banners/142258204/1463156865","profile_link_color":"1DA1F2","profile_sidebar_border_color":"C0DEED","profile_sidebar_fill_color":"DDEEF6","profile_text_color":"333333","profile_use_background_image":true,"has_extended_profile":true,"default_profile":true,"default_profile_image":false,"following":false,"follow_request_sent":false,"notifications":false,"translator_type":"none"},"geo":null,"coordinates":null,"place":null,"contributors":null,"is_quote_status":false,"retweet_count":10025,"favorite_count":5248,"favorited":false,"retweeted":false,"possibly_sensitive":false,"lang":"ja"},{"created_at":"Tue Jul 18 13:48:36 +0000 2017","id":887308121860919300,"id_str":"887308121860919296","text":"短刀の外見を成長させてみる現パロ（※捏造設定注意） https://t.co/G3M1otQ3uM","truncated":false,"entities":{"hashtags":[],"symbols":[],"user_mentions":[],"urls":[],"media":[{"id":887307957808930800,"id_str":"887307957808930821","indices":[26,49],"media_url":"http://pbs.twimg.com/media/DFBZ4u-UIAUV9p1.jpg","media_url_https":"https://pbs.twimg.com/media/DFBZ4u-UIAUV9p1.jpg","url":"https://t.co/G3M1otQ3uM","display_url":"pic.twitter.com/G3M1otQ3uM","expanded_url":"https://twitter.com/sham_som/status/887308121860919296/photo/1","type":"photo","sizes":{"large":{"w":1000,"h":1000,"resize":"fit"},"small":{"w":680,"h":680,"resize":"fit"},"medium":{"w":1000,"h":1000,"resize":"fit"},"thumb":{"w":150,"h":150,"resize":"crop"}}}]},"extended_entities":{"media":[{"id":887307957808930800,"id_str":"887307957808930821","indices":[26,49],"media_url":"http://pbs.twimg.com/media/DFBZ4u-UIAUV9p1.jpg","media_url_https":"https://pbs.twimg.com/media/DFBZ4u-UIAUV9p1.jpg","url":"https://t.co/G3M1otQ3uM","display_url":"pic.twitter.com/G3M1otQ3uM","expanded_url":"https://twitter.com/sham_som/status/887308121860919296/photo/1","type":"photo","sizes":{"large":{"w":1000,"h":1000,"resize":"fit"},"small":{"w":680,"h":680,"resize":"fit"},"medium":{"w":1000,"h":1000,"resize":"fit"},"thumb":{"w":150,"h":150,"resize":"crop"}}},{"id":887307972807807000,"id_str":"887307972807806979","indices":[26,49],"media_url":"http://pbs.twimg.com/media/DFBZ5m2U0AME1sb.jpg","media_url_https":"https://pbs.twimg.com/media/DFBZ5m2U0AME1sb.jpg","url":"https://t.co/G3M1otQ3uM","display_url":"pic.twitter.com/G3M1otQ3uM","expanded_url":"https://twitter.com/sham_som/status/887308121860919296/photo/1","type":"photo","sizes":{"large":{"w":1000,"h":1000,"resize":"fit"},"thumb":{"w":150,"h":150,"resize":"crop"},"medium":{"w":1000,"h":1000,"resize":"fit"},"small":{"w":680,"h":680,"resize":"fit"}}},{"id":887307997994655700,"id_str":"887307997994655744","indices":[26,49],"media_url":"http://pbs.twimg.com/media/DFBZ7ErVoAAjWqK.jpg","media_url_https":"https://pbs.twimg.com/media/DFBZ7ErVoAAjWqK.jpg","url":"https://t.co/G3M1otQ3uM","display_url":"pic.twitter.com/G3M1otQ3uM","expanded_url":"https://twitter.com/sham_som/status/887308121860919296/photo/1","type":"photo","sizes":{"small":{"w":680,"h":680,"resize":"fit"},"large":{"w":1000,"h":1000,"resize":"fit"},"thumb":{"w":150,"h":150,"resize":"crop"},"medium":{"w":1000,"h":1000,"resize":"fit"}}},{"id":887308018110431200,"id_str":"887308018110431232","indices":[26,49],"media_url":"http://pbs.twimg.com/media/DFBZ8PnUAAAKUh2.jpg","media_url_https":"https://pbs.twimg.com/media/DFBZ8PnUAAAKUh2.jpg","url":"https://t.co/G3M1otQ3uM","display_url":"pic.twitter.com/G3M1otQ3uM","expanded_url":"https://twitter.com/sham_som/status/887308121860919296/photo/1","type":"photo","sizes":{"small":{"w":680,"h":680,"resize":"fit"},"large":{"w":1000,"h":1000,"resize":"fit"},"medium":{"w":1000,"h":1000,"resize":"fit"},"thumb":{"w":150,"h":150,"resize":"crop"}}}]},"metadata":{"iso_language_code":"ja","result_type":"recent"},"source":"<a href=\"http://twitter.com\" rel=\"nofollow\">Twitter Web Client</a>","in_reply_to_status_id":null,"in_reply_to_status_id_str":null,"in_reply_to_user_id":null,"in_reply_to_user_id_str":null,"in_reply_to_screen_name":null,"user":{"id":987062832,"id_str":"987062832","name":"🌈✌️しゃむそむ✌️💘","screen_name":"sham_som","location":"花鳥風月 伊達組 三条 あんみつ等 歌って踊る本丸","description":"▲とうらぶメイン▲基本的にみんなかわいい💮💮💮地雷・固定カプほぼなし雑食⚠️ミュとステの話もします（大騒ぎ用→@sham_shindoi）✋成人済","url":"https://t.co/cOCxmmNV8i","entities":{"url":{"urls":[{"url":"https://t.co/cOCxmmNV8i","expanded_url":"http://www.pixiv.net/member.php?id=2481490","display_url":"pixiv.net/member.php?id=…","indices":[0,23]}]},"description":{"urls":[]}},"protected":false,"followers_count":17118,"friends_count":118,"listed_count":359,"created_at":"Mon Dec 03 17:31:28 +0000 2012","favourites_count":15851,"utc_offset":32400,"time_zone":"Tokyo","geo_enabled":false,"verified":false,"statuses_count":38631,"lang":"ja","contributors_enabled":false,"is_translator":false,"is_translation_enabled":false,"profile_background_color":"0099B9","profile_background_image_url":"http://pbs.twimg.com/profile_background_images/547231422604255232/MibS6EP7.jpeg","profile_background_image_url_https":"https://pbs.twimg.com/profile_background_images/547231422604255232/MibS6EP7.jpeg","profile_background_tile":true,"profile_image_url":"http://pbs.twimg.com/profile_images/879193474762850304/09M7UshE_normal.jpg","profile_image_url_https":"https://pbs.twimg.com/profile_images/879193474762850304/09M7UshE_normal.jpg","profile_banner_url":"https://pbs.twimg.com/profile_banners/987062832/1485278853","profile_link_color":"FF0091","profile_sidebar_border_color":"FFFFFF","profile_sidebar_fill_color":"DDEEF6","profile_text_color":"333333","profile_use_background_image":true,"has_extended_profile":true,"default_profile":false,"default_profile_image":false,"following":false,"follow_request_sent":false,"notifications":false,"translator_type":"none"},"geo":null,"coordinates":null,"place":null,"contributors":null,"is_quote_status":false,"retweet_count":11037,"favorite_count":23123,"favorited":false,"retweeted":false,"possibly_sensitive":false,"lang":"ja"},{"created_at":"Tue Jul 18 13:42:36 +0000 2017","id":887306614096543700,"id_str":"887306614096543744","text":"【何で被害者面？】\n小藪「一番気になったのは二重国籍問題で疑いの目を向けられてる中で最終的に仰ってる事が凄い被害者面というか、差別は無くしたいとか英雄面みたいなコメントされてたが今言う事？と思った。私が悪いという疑惑を変えて、私は… https://t.co/YKCGzVgZpa","truncated":true,"entities":{"hashtags":[],"symbols":[],"user_mentions":[],"urls":[{"url":"https://t.co/YKCGzVgZpa","expanded_url":"https://twitter.com/i/web/status/887306614096543744","display_url":"twitter.com/i/web/status/8…","indices":[117,140]}]},"metadata":{"iso_language_code":"ja","result_type":"recent"},"source":"<a href=\"http://twitter.com\" rel=\"nofollow\">Twitter Web Client</a>","in_reply_to_status_id":null,"in_reply_to_status_id_str":null,"in_reply_to_user_id":null,"in_reply_to_user_id_str":null,"in_reply_to_screen_name":null,"user":{"id":747020316061237200,"id_str":"747020316061237252","name":"ブルー","screen_name":"blue_kbx","location":"","description":"日本が好きです。 安倍政権&日本維新の会を支持しています。 時間があれば適当に動画をあげていきます。","url":null,"entities":{"description":{"urls":[]}},"protected":false,"followers_count":3675,"friends_count":508,"listed_count":41,"created_at":"Sun Jun 26 10:54:57 +0000 2016","favourites_count":1165,"utc_offset":null,"time_zone":null,"geo_enabled":false,"verified":false,"statuses_count":699,"lang":"en","contributors_enabled":false,"is_translator":false,"is_translation_enabled":false,"profile_background_color":"F5F8FA","profile_background_image_url":null,"profile_background_image_url_https":null,"profile_background_tile":false,"profile_image_url":"http://pbs.twimg.com/profile_images/846455925145690112/Eyda6o-7_normal.jpg","profile_image_url_https":"https://pbs.twimg.com/profile_images/846455925145690112/Eyda6o-7_normal.jpg","profile_banner_url":"https://pbs.twimg.com/profile_banners/747020316061237252/1490550486","profile_link_color":"1DA1F2","profile_sidebar_border_color":"C0DEED","profile_sidebar_fill_color":"DDEEF6","profile_text_color":"333333","profile_use_background_image":true,"has_extended_profile":false,"default_profile":true,"default_profile_image":false,"following":false,"follow_request_sent":false,"notifications":false,"translator_type":"none"},"geo":null,"coordinates":null,"place":null,"contributors":null,"is_quote_status":false,"retweet_count":5742,"favorite_count":4809,"favorited":false,"retweeted":false,"possibly_sensitive":false,"lang":"ja"},{"created_at":"Tue Jul 18 13:40:23 +0000 2017","id":887306053175595000,"id_str":"887306053175595008","text":"作成中のゲーム、けものフレンズRPGのプロモーションムービーができました。 https://t.co/Imv9MlT1dO","truncated":false,"entities":{"hashtags":[],"symbols":[],"user_mentions":[],"urls":[],"media":[{"id":887303598375182300,"id_str":"887303598375182340","indices":[38,61],"media_url":"http://pbs.twimg.com/ext_tw_video_thumb/887303598375182340/pu/img/C4u7TqqYC_B3oKc4.jpg","media_url_https":"https://pbs.twimg.com/ext_tw_video_thumb/887303598375182340/pu/img/C4u7TqqYC_B3oKc4.jpg","url":"https://t.co/Imv9MlT1dO","display_url":"pic.twitter.com/Imv9MlT1dO","expanded_url":"https://twitter.com/7u_NABY/status/887306053175595008/video/1","type":"photo","sizes":{"small":{"w":340,"h":191,"resize":"fit"},"thumb":{"w":150,"h":150,"resize":"crop"},"medium":{"w":600,"h":338,"resize":"fit"},"large":{"w":1024,"h":576,"resize":"fit"}}}]},"extended_entities":{"media":[{"id":887303598375182300,"id_str":"887303598375182340","indices":[38,61],"media_url":"http://pbs.twimg.com/ext_tw_video_thumb/887303598375182340/pu/img/C4u7TqqYC_B3oKc4.jpg","media_url_https":"https://pbs.twimg.com/ext_tw_video_thumb/887303598375182340/pu/img/C4u7TqqYC_B3oKc4.jpg","url":"https://t.co/Imv9MlT1dO","display_url":"pic.twitter.com/Imv9MlT1dO","expanded_url":"https://twitter.com/7u_NABY/status/887306053175595008/video/1","type":"video","sizes":{"small":{"w":340,"h":191,"resize":"fit"},"thumb":{"w":150,"h":150,"resize":"crop"},"medium":{"w":600,"h":338,"resize":"fit"},"large":{"w":1024,"h":576,"resize":"fit"}},"video_info":{"aspect_ratio":[16,9],"duration_millis":140000,"variants":[{"bitrate":832000,"content_type":"video/mp4","url":"https://video.twimg.com/ext_tw_video/887303598375182340/pu/vid/640x360/1XukEIrGBST2mK9c.mp4"},{"content_type":"application/x-mpegURL","url":"https://video.twimg.com/ext_tw_video/887303598375182340/pu/pl/WeDe2mqJFj64fi1F.m3u8"},{"bitrate":320000,"content_type":"video/mp4","url":"https://video.twimg.com/ext_tw_video/887303598375182340/pu/vid/320x180/Ces9TpP-6gdhM0Jm.mp4"},{"bitrate":2176000,"content_type":"video/mp4","url":"https://video.twimg.com/ext_tw_video/887303598375182340/pu/vid/1280x720/kHVLagaKwPPGywko.mp4"}]},"additional_media_info":{"monetizable":false}}]},"metadata":{"iso_language_code":"ja","result_type":"recent"},"source":"<a href=\"http://twitter.com\" rel=\"nofollow\">Twitter Web Client</a>","in_reply_to_status_id":null,"in_reply_to_status_id_str":null,"in_reply_to_user_id":null,"in_reply_to_user_id_str":null,"in_reply_to_screen_name":null,"user":{"id":118610924,"id_str":"118610924","name":"ＮＡＢＹ","screen_name":"7u_NABY","location":"","description":"趣味でゲーム作ってます。https://t.co/2G7JrGP0EA\nhttps://t.co/o6j34iA3MB","url":null,"entities":{"description":{"urls":[{"url":"https://t.co/2G7JrGP0EA","expanded_url":"http://com.nicovideo.jp/community/co3177282","display_url":"com.nicovideo.jp/community/co31…","indices":[12,35]},{"url":"https://t.co/o6j34iA3MB","expanded_url":"http://www.nicovideo.jp/mylist/59058365","display_url":"nicovideo.jp/mylist/59058365","indices":[36,59]}]}},"protected":false,"followers_count":2355,"friends_count":100,"listed_count":49,"created_at":"Mon Mar 01 06:28:25 +0000 2010","favourites_count":1306,"utc_offset":-36000,"time_zone":"Hawaii","geo_enabled":false,"verified":false,"statuses_count":10386,"lang":"ja","contributors_enabled":false,"is_translator":false,"is_translation_enabled":false,"profile_background_color":"352726","profile_background_image_url":"http://pbs.twimg.com/profile_background_images/378800000160590926/ygrF5ou-.jpeg","profile_background_image_url_https":"https://pbs.twimg.com/profile_background_images/378800000160590926/ygrF5ou-.jpeg","profile_background_tile":false,"profile_image_url":"http://pbs.twimg.com/profile_images/528587151034699776/jcHCrS6Y_normal.jpeg","profile_image_url_https":"https://pbs.twimg.com/profile_images/528587151034699776/jcHCrS6Y_normal.jpeg","profile_banner_url":"https://pbs.twimg.com/profile_banners/118610924/1500132328","profile_link_color":"2753C2","profile_sidebar_border_color":"000000","profile_sidebar_fill_color":"99CC33","profile_text_color":"3E4415","profile_use_background_image":true,"has_extended_profile":true,"default_profile":false,"default_profile_image":false,"following":false,"follow_request_sent":false,"notifications":false,"translator_type":"none"},"geo":null,"coordinates":null,"place":null,"contributors":null,"is_quote_status":false,"retweet_count":6521,"favorite_count":8124,"favorited":false,"retweeted":false,"possibly_sensitive":false,"lang":"ja"},{"created_at":"Tue Jul 18 13:40:09 +0000 2017","id":887305996367876100,"id_str":"887305996367876096","text":"え、秋のコミティア122前日設営出来ず、当日朝5000スペース設営！？緊急事態でないの！これはさすがに手伝いたいな。 https://t.co/NSSZvvZK6p","truncated":false,"entities":{"hashtags":[],"symbols":[],"user_mentions":[],"urls":[],"media":[{"id":887305973584379900,"id_str":"887305973584379905","indices":[59,82],"media_url":"http://pbs.twimg.com/media/DFBYFPKUQAE5NKC.jpg","media_url_https":"https://pbs.twimg.com/media/DFBYFPKUQAE5NKC.jpg","url":"https://t.co/NSSZvvZK6p","display_url":"pic.twitter.com/NSSZvvZK6p","expanded_url":"https://twitter.com/dalto/status/887305996367876096/photo/1","type":"photo","sizes":{"large":{"w":2048,"h":1536,"resize":"fit"},"small":{"w":680,"h":510,"resize":"fit"},"thumb":{"w":150,"h":150,"resize":"crop"},"medium":{"w":1200,"h":900,"resize":"fit"}}}]},"extended_entities":{"media":[{"id":887305973584379900,"id_str":"887305973584379905","indices":[59,82],"media_url":"http://pbs.twimg.com/media/DFBYFPKUQAE5NKC.jpg","media_url_https":"https://pbs.twimg.com/media/DFBYFPKUQAE5NKC.jpg","url":"https://t.co/NSSZvvZK6p","display_url":"pic.twitter.com/NSSZvvZK6p","expanded_url":"https://twitter.com/dalto/status/887305996367876096/photo/1","type":"photo","sizes":{"large":{"w":2048,"h":1536,"resize":"fit"},"small":{"w":680,"h":510,"resize":"fit"},"thumb":{"w":150,"h":150,"resize":"crop"},"medium":{"w":1200,"h":900,"resize":"fit"}}}]},"metadata":{"iso_language_code":"ja","result_type":"recent"},"source":"<a href=\"http://twitter.com/download/iphone\" rel=\"nofollow\">Twitter for iPhone</a>","in_reply_to_status_id":null,"in_reply_to_status_id_str":null,"in_reply_to_user_id":null,"in_reply_to_user_id_str":null,"in_reply_to_screen_name":null,"user":{"id":11223262,"id_str":"11223262","name":"dalto@日曜東2 Ｗ31b","screen_name":"dalto","location":"日本　東京","description":"社内SE。最近は燻製作りとスパイスカレー作りにハマり。人生波瀾万丈。気まぐれ屋台という個人サークルで燻製本出したりしてます。ガルパン劇場版カウンターは15回。艦これは横須賀鎮守府。","url":null,"entities":{"description":{"urls":[]}},"protected":false,"followers_count":475,"friends_count":2017,"listed_count":11,"created_at":"Sun Dec 16 15:15:14 +0000 2007","favourites_count":36977,"utc_offset":32400,"time_zone":"Tokyo","geo_enabled":false,"verified":false,"statuses_count":64712,"lang":"ja","contributors_enabled":false,"is_translator":false,"is_translation_enabled":false,"profile_background_color":"94D487","profile_background_image_url":"http://pbs.twimg.com/profile_background_images/587271731942858753/Q7vD2ucH.jpg","profile_background_image_url_https":"https://pbs.twimg.com/profile_background_images/587271731942858753/Q7vD2ucH.jpg","profile_background_tile":true,"profile_image_url":"http://pbs.twimg.com/profile_images/684363370405838849/BegBtmTE_normal.png","profile_image_url_https":"https://pbs.twimg.com/profile_images/684363370405838849/BegBtmTE_normal.png","profile_banner_url":"https://pbs.twimg.com/profile_banners/11223262/1470454296","profile_link_color":"3B94D9","profile_sidebar_border_color":"5ED4DC","profile_sidebar_fill_color":"95E8EC","profile_text_color":"3C3940","profile_use_background_image":true,"has_extended_profile":true,"default_profile":false,"default_profile_image":false,"following":false,"follow_request_sent":false,"notifications":false,"translator_type":"none"},"geo":null,"coordinates":null,"place":null,"contributors":null,"is_quote_status":false,"retweet_count":4793,"favorite_count":1088,"favorited":false,"retweeted":false,"possibly_sensitive":false,"lang":"ja"},{"created_at":"Tue Jul 18 13:17:01 +0000 2017","id":887300176410419200,"id_str":"887300176410419200","text":"すみれさんとアニサマパンフ撮影&amp;対談。\n\nすみぺと沢山お話ししました🌻\n2人で撮影って久しぶりな気が！対談の中身もとても2人らしいものになったので是非読んでほしいなー！こんな機会をもらえて感謝です(^o^)対談形式すき！ https://t.co/LV1xE4qnhc","truncated":false,"entities":{"hashtags":[],"symbols":[],"user_mentions":[],"urls":[],"media":[{"id":887300166381850600,"id_str":"887300166381850624","indices":[115,138],"media_url":"http://pbs.twimg.com/media/DFBSzNpV0AAHBfq.jpg","media_url_https":"https://pbs.twimg.com/media/DFBSzNpV0AAHBfq.jpg","url":"https://t.co/LV1xE4qnhc","display_url":"pic.twitter.com/LV1xE4qnhc","expanded_url":"https://twitter.com/maaya_taso/status/887300176410419200/photo/1","type":"photo","sizes":{"medium":{"w":960,"h":960,"resize":"fit"},"small":{"w":680,"h":680,"resize":"fit"},"thumb":{"w":150,"h":150,"resize":"crop"},"large":{"w":960,"h":960,"resize":"fit"}}}]},"extended_entities":{"media":[{"id":887300166381850600,"id_str":"887300166381850624","indices":[115,138],"media_url":"http://pbs.twimg.com/media/DFBSzNpV0AAHBfq.jpg","media_url_https":"https://pbs.twimg.com/media/DFBSzNpV0AAHBfq.jpg","url":"https://t.co/LV1xE4qnhc","display_url":"pic.twitter.com/LV1xE4qnhc","expanded_url":"https://twitter.com/maaya_taso/status/887300176410419200/photo/1","type":"photo","sizes":{"medium":{"w":960,"h":960,"resize":"fit"},"small":{"w":680,"h":680,"resize":"fit"},"thumb":{"w":150,"h":150,"resize":"crop"},"large":{"w":960,"h":960,"resize":"fit"}}}]},"metadata":{"iso_language_code":"ja","result_type":"recent"},"source":"<a href=\"http://twitter.com/download/iphone\" rel=\"nofollow\">Twitter for iPhone</a>","in_reply_to_status_id":null,"in_reply_to_status_id_str":null,"in_reply_to_user_id":null,"in_reply_to_user_id_str":null,"in_reply_to_screen_name":null,"user":{"id":795162847772717000,"id_str":"795162847772717056","name":"内田真礼","screen_name":"maaya_taso","location":"","description":"内田真礼です！始めました(^o^)/","url":null,"entities":{"description":{"urls":[]}},"protected":false,"followers_count":260293,"friends_count":6,"listed_count":4299,"created_at":"Sun Nov 06 07:16:11 +0000 2016","favourites_count":5,"utc_offset":null,"time_zone":null,"geo_enabled":false,"verified":false,"statuses_count":417,"lang":"ja","contributors_enabled":false,"is_translator":false,"is_translation_enabled":false,"profile_background_color":"F5F8FA","profile_background_image_url":null,"profile_background_image_url_https":null,"profile_background_tile":false,"profile_image_url":"http://pbs.twimg.com/profile_images/795172413898035201/e5SdVOXD_normal.jpg","profile_image_url_https":"https://pbs.twimg.com/profile_images/795172413898035201/e5SdVOXD_normal.jpg","profile_banner_url":"https://pbs.twimg.com/profile_banners/795162847772717056/1488508825","profile_link_color":"1DA1F2","profile_sidebar_border_color":"C0DEED","profile_sidebar_fill_color":"DDEEF6","profile_text_color":"333333","profile_use_background_image":true,"has_extended_profile":true,"default_profile":true,"default_profile_image":false,"following":false,"follow_request_sent":false,"notifications":false,"translator_type":"none"},"geo":null,"coordinates":null,"place":null,"contributors":null,"is_quote_status":false,"retweet_count":6144,"favorite_count":17729,"favorited":false,"retweeted":false,"possibly_sensitive":false,"lang":"ja"},{"created_at":"Tue Jul 18 13:11:07 +0000 2017","id":887298688413909000,"id_str":"887298688413908992","text":"テオくんの声を聞いた瞬間\n涙が止まりませんでした。笑\n\nスカイピース、\nこれからも突っ走ります！！！\n100万人ありがとう🐰🐴💓！！！ https://t.co/N9YDvSAHaP","truncated":false,"entities":{"hashtags":[],"symbols":[],"user_mentions":[],"urls":[],"media":[{"id":887298682239860700,"id_str":"887298682239860736","indices":[68,91],"media_url":"http://pbs.twimg.com/media/DFBRc0yUQAAFuQ8.jpg","media_url_https":"https://pbs.twimg.com/media/DFBRc0yUQAAFuQ8.jpg","url":"https://t.co/N9YDvSAHaP","display_url":"pic.twitter.com/N9YDvSAHaP","expanded_url":"https://twitter.com/JINJIN1027/status/887298688413908992/photo/1","type":"photo","sizes":{"small":{"w":680,"h":528,"resize":"fit"},"thumb":{"w":150,"h":150,"resize":"crop"},"large":{"w":750,"h":582,"resize":"fit"},"medium":{"w":750,"h":582,"resize":"fit"}}}]},"extended_entities":{"media":[{"id":887298682239860700,"id_str":"887298682239860736","indices":[68,91],"media_url":"http://pbs.twimg.com/media/DFBRc0yUQAAFuQ8.jpg","media_url_https":"https://pbs.twimg.com/media/DFBRc0yUQAAFuQ8.jpg","url":"https://t.co/N9YDvSAHaP","display_url":"pic.twitter.com/N9YDvSAHaP","expanded_url":"https://twitter.com/JINJIN1027/status/887298688413908992/photo/1","type":"photo","sizes":{"small":{"w":680,"h":528,"resize":"fit"},"thumb":{"w":150,"h":150,"resize":"crop"},"large":{"w":750,"h":582,"resize":"fit"},"medium":{"w":750,"h":582,"resize":"fit"}}}]},"metadata":{"iso_language_code":"ja","result_type":"recent"},"source":"<a href=\"http://twitter.com/download/iphone\" rel=\"nofollow\">Twitter for iPhone</a>","in_reply_to_status_id":null,"in_reply_to_status_id_str":null,"in_reply_to_user_id":null,"in_reply_to_user_id_str":null,"in_reply_to_screen_name":null,"user":{"id":122339708,"id_str":"122339708","name":"☆イニ☆(じん)","screen_name":"JINJIN1027","location":"東京","description":"左利きAB型出っ歯🤓/人生楽しんだもん勝ち！/サブ垢(@JINSJINS1027)/VAZ所属/☆イニ☆と書いて、じんと読みます！/連絡先 support@vaz.co.jp / スカイピース(@skypeace_teojin)","url":"https://t.co/B2PxdAYSJu","entities":{"url":{"urls":[{"url":"https://t.co/B2PxdAYSJu","expanded_url":"https://www.youtube.com/channel/UC5VZjrV5x9J9mTyGODzu0dQ","display_url":"youtube.com/channel/UC5VZj…","indices":[0,23]}]},"description":{"urls":[]}},"protected":false,"followers_count":427691,"friends_count":492,"listed_count":1163,"created_at":"Fri Mar 12 11:06:08 +0000 2010","favourites_count":24935,"utc_offset":32400,"time_zone":"Tokyo","geo_enabled":false,"verified":false,"statuses_count":75372,"lang":"ja","contributors_enabled":false,"is_translator":false,"is_translation_enabled":false,"profile_background_color":"C0DEED","profile_background_image_url":"http://pbs.twimg.com/profile_background_images/140837454/135.jpg","profile_background_image_url_https":"https://pbs.twimg.com/profile_background_images/140837454/135.jpg","profile_background_tile":true,"profile_image_url":"http://pbs.twimg.com/profile_images/848066280712134657/2h4i-l7P_normal.jpg","profile_image_url_https":"https://pbs.twimg.com/profile_images/848066280712134657/2h4i-l7P_normal.jpg","profile_banner_url":"https://pbs.twimg.com/profile_banners/122339708/1444821795","profile_link_color":"0084B4","profile_sidebar_border_color":"C0DEED","profile_sidebar_fill_color":"DDEEF6","profile_text_color":"333333","profile_use_background_image":true,"has_extended_profile":true,"default_profile":false,"default_profile_image":false,"following":false,"follow_request_sent":false,"notifications":false,"translator_type":"none"},"geo":null,"coordinates":null,"place":null,"contributors":null,"is_quote_status":false,"retweet_count":14417,"favorite_count":59961,"favorited":false,"retweeted":false,"possibly_sensitive":false,"lang":"ja"},{"created_at":"Tue Jul 18 13:08:16 +0000 2017","id":887297972068679700,"id_str":"887297972068679680","text":"【僕やり1話完走☺︎】\nご覧いただいた皆様😌僕やりの世界、いかがでしたでしょうか❓来週もね、元気に、アクセル全開で行きますわ👍🏻市橋バイクだけに🏍 ブンブン！レッツゴー！！\n\n#僕たちがやりました #僕やり #火9は僕やり… https://t.co/UKenbGY8MZ","truncated":true,"entities":{"hashtags":[{"text":"僕たちがやりました","indices":[88,98]},{"text":"僕やり","indices":[99,103]},{"text":"火9は僕やり","indices":[104,111]}],"symbols":[],"user_mentions":[],"urls":[{"url":"https://t.co/UKenbGY8MZ","expanded_url":"https://twitter.com/i/web/status/887297972068679680","display_url":"twitter.com/i/web/status/8…","indices":[113,136]}]},"metadata":{"iso_language_code":"ja","result_type":"recent"},"source":"<a href=\"http://twitter.com/download/iphone\" rel=\"nofollow\">Twitter for iPhone</a>","in_reply_to_status_id":null,"in_reply_to_status_id_str":null,"in_reply_to_user_id":null,"in_reply_to_user_id_str":null,"in_reply_to_screen_name":null,"user":{"id":861829251103809500,"id_str":"861829251103809536","name":"火9ドラマ『僕たちがやりました』公式","screen_name":"bokuyari_ktv","location":"東京","description":"7月18日スタート 火曜よる9時 関西テレビ・フジテレビ系📺✨ 公式Instagram→https://t.co/bU4LVSxGoQ #窪田正孝 #永野芽郁 #新田真剣佑 #間宮祥太朗 #葉山奨之 #今野浩喜 #川栄李奈 #岡崎紗絵 #板尾創路 #榊原郁恵 #水川あさみ #三浦翔平 #古田新太","url":"https://t.co/XT8CA8N2uA","entities":{"url":{"urls":[{"url":"https://t.co/XT8CA8N2uA","expanded_url":"http://ktv.jp/bokuyari/","display_url":"ktv.jp/bokuyari/","indices":[0,23]}]},"description":{"urls":[{"url":"https://t.co/bU4LVSxGoQ","expanded_url":"http://Instagram.com/bokuyari_ktv/","display_url":"Instagram.com/bokuyari_ktv/","indices":[44,67]}]}},"protected":false,"followers_count":113848,"friends_count":20,"listed_count":214,"created_at":"Tue May 09 06:24:40 +0000 2017","favourites_count":12,"utc_offset":-25200,"time_zone":"Pacific Time (US & Canada)","geo_enabled":false,"verified":true,"statuses_count":320,"lang":"ja","contributors_enabled":false,"is_translator":false,"is_translation_enabled":false,"profile_background_color":"F5F8FA","profile_background_image_url":null,"profile_background_image_url_https":null,"profile_background_tile":false,"profile_image_url":"http://pbs.twimg.com/profile_images/868930869389541376/5_XOWkTj_normal.jpg","profile_image_url_https":"https://pbs.twimg.com/profile_images/868930869389541376/5_XOWkTj_normal.jpg","profile_banner_url":"https://pbs.twimg.com/profile_banners/861829251103809536/1498195816","profile_link_color":"1DA1F2","profile_sidebar_border_color":"C0DEED","profile_sidebar_fill_color":"DDEEF6","profile_text_color":"333333","profile_use_background_image":true,"has_extended_profile":false,"default_profile":true,"default_profile_image":false,"following":false,"follow_request_sent":false,"notifications":false,"translator_type":"none"},"geo":null,"coordinates":null,"place":null,"contributors":null,"is_quote_status":false,"retweet_count":9752,"favorite_count":53320,"favorited":false,"retweeted":false,"possibly_sensitive":false,"lang":"ja"},{"created_at":"Tue Jul 18 12:57:33 +0000 2017","id":887295276007833600,"id_str":"887295276007833600","text":"ありがとう https://t.co/jdKPmhYaw9","truncated":false,"entities":{"hashtags":[],"symbols":[],"user_mentions":[],"urls":[],"media":[{"id":887295269368340500,"id_str":"887295269368340480","indices":[6,29],"media_url":"http://pbs.twimg.com/media/DFBOWK2VoAASQzf.jpg","media_url_https":"https://pbs.twimg.com/media/DFBOWK2VoAASQzf.jpg","url":"https://t.co/jdKPmhYaw9","display_url":"pic.twitter.com/jdKPmhYaw9","expanded_url":"https://twitter.com/teokun711/status/887295276007833600/photo/1","type":"photo","sizes":{"large":{"w":750,"h":582,"resize":"fit"},"thumb":{"w":150,"h":150,"resize":"crop"},"medium":{"w":750,"h":582,"resize":"fit"},"small":{"w":680,"h":528,"resize":"fit"}}}]},"extended_entities":{"media":[{"id":887295269368340500,"id_str":"887295269368340480","indices":[6,29],"media_url":"http://pbs.twimg.com/media/DFBOWK2VoAASQzf.jpg","media_url_https":"https://pbs.twimg.com/media/DFBOWK2VoAASQzf.jpg","url":"https://t.co/jdKPmhYaw9","display_url":"pic.twitter.com/jdKPmhYaw9","expanded_url":"https://twitter.com/teokun711/status/887295276007833600/photo/1","type":"photo","sizes":{"large":{"w":750,"h":582,"resize":"fit"},"thumb":{"w":150,"h":150,"resize":"crop"},"medium":{"w":750,"h":582,"resize":"fit"},"small":{"w":680,"h":528,"resize":"fit"}}}]},"metadata":{"iso_language_code":"ja","result_type":"recent"},"source":"<a href=\"http://twitter.com/download/iphone\" rel=\"nofollow\">Twitter for iPhone</a>","in_reply_to_status_id":null,"in_reply_to_status_id_str":null,"in_reply_to_user_id":null,"in_reply_to_user_id_str":null,"in_reply_to_screen_name":null,"user":{"id":3036621878,"id_str":"3036621878","name":"テオくん@幸せ者","screen_name":"teokun711","location":"","description":"AB型21歳いぇい。固定ツイートに動画まとめてます@テオファミ最高です。距離縮め垢→【@teokun7117】僕はwimper♪連絡はsupport@vaz.co.jp【instagram】→https://t.co/bwbrKggxMrスカイピース@skypeace_teojin","url":"https://t.co/DwFKLxUOdc","entities":{"url":{"urls":[{"url":"https://t.co/DwFKLxUOdc","expanded_url":"https://www.youtube.com/channel/UCj6_0tBpVpmyYSGu6f-uKqw","display_url":"youtube.com/channel/UCj6_0…","indices":[0,23]}]},"description":{"urls":[{"url":"https://t.co/bwbrKggxMr","expanded_url":"https://www.instagram.com/teokun.711/","display_url":"instagram.com/teokun.711/","indices":[96,119]}]}},"protected":false,"followers_count":439425,"friends_count":185,"listed_count":923,"created_at":"Sun Feb 22 15:11:20 +0000 2015","favourites_count":64228,"utc_offset":-25200,"time_zone":"Pacific Time (US & Canada)","geo_enabled":true,"verified":false,"statuses_count":15433,"lang":"ja","contributors_enabled":false,"is_translator":false,"is_translation_enabled":false,"profile_background_color":"000000","profile_background_image_url":"http://abs.twimg.com/images/themes/theme1/bg.png","profile_background_image_url_https":"https://abs.twimg.com/images/themes/theme1/bg.png","profile_background_tile":false,"profile_image_url":"http://pbs.twimg.com/profile_images/858322819075104768/xD4WSaAr_normal.jpg","profile_image_url_https":"https://pbs.twimg.com/profile_images/858322819075104768/xD4WSaAr_normal.jpg","profile_banner_url":"https://pbs.twimg.com/profile_banners/3036621878/1495682503","profile_link_color":"1B95E0","profile_sidebar_border_color":"000000","profile_sidebar_fill_color":"000000","profile_text_color":"000000","profile_use_background_image":false,"has_extended_profile":true,"default_profile":false,"default_profile_image":false,"following":false,"follow_request_sent":false,"notifications":false,"translator_type":"none"},"geo":null,"coordinates":null,"place":null,"contributors":null,"is_quote_status":false,"retweet_count":14636,"favorite_count":62402,"favorited":false,"retweeted":false,"possibly_sensitive":false,"lang":"ja"},{"created_at":"Tue Jul 18 12:53:22 +0000 2017","id":887294223606726700,"id_str":"887294223606726660","text":"そしてこちらがラバーチャームです！\n#FGOラジオ #FateGO #agqr https://t.co/2JEghVY94R","truncated":false,"entities":{"hashtags":[{"text":"FGOラジオ","indices":[18,25]},{"text":"FateGO","indices":[26,33]},{"text":"agqr","indices":[34,39]}],"symbols":[],"user_mentions":[],"urls":[],"media":[{"id":887294163665903600,"id_str":"887294163665903616","indices":[40,63],"media_url":"http://pbs.twimg.com/media/DFBNVzyVYAABqA9.jpg","media_url_https":"https://pbs.twimg.com/media/DFBNVzyVYAABqA9.jpg","url":"https://t.co/2JEghVY94R","display_url":"pic.twitter.com/2JEghVY94R","expanded_url":"https://twitter.com/fgojoqr/status/887294223606726660/photo/1","type":"photo","sizes":{"small":{"w":594,"h":680,"resize":"fit"},"thumb":{"w":150,"h":150,"resize":"crop"},"medium":{"w":699,"h":800,"resize":"fit"},"large":{"w":699,"h":800,"resize":"fit"}}}]},"extended_entities":{"media":[{"id":887294163665903600,"id_str":"887294163665903616","indices":[40,63],"media_url":"http://pbs.twimg.com/media/DFBNVzyVYAABqA9.jpg","media_url_https":"https://pbs.twimg.com/media/DFBNVzyVYAABqA9.jpg","url":"https://t.co/2JEghVY94R","display_url":"pic.twitter.com/2JEghVY94R","expanded_url":"https://twitter.com/fgojoqr/status/887294223606726660/photo/1","type":"photo","sizes":{"small":{"w":594,"h":680,"resize":"fit"},"thumb":{"w":150,"h":150,"resize":"crop"},"medium":{"w":699,"h":800,"resize":"fit"},"large":{"w":699,"h":800,"resize":"fit"}}}]},"metadata":{"iso_language_code":"ja","result_type":"recent"},"source":"<a href=\"http://twitter.com\" rel=\"nofollow\">Twitter Web Client</a>","in_reply_to_status_id":null,"in_reply_to_status_id_str":null,"in_reply_to_user_id":null,"in_reply_to_user_id_str":null,"in_reply_to_screen_name":null,"user":{"id":799544433012252700,"id_str":"799544433012252672","name":"FGO カルデア・ラジオ局","screen_name":"fgojoqr","location":"","description":"Fate/Grand Orderの公式ラジオ番組『Fate/Grand Order カルデア・ラジオ局』の文化放送が運営する番組アカウントです。 文化放送（地上波）【毎週日曜21:30～22:00】、文化放送超！Ａ＆Ｇ＋【毎週火曜21:00～22:00】で放送中！ fgo@joqr.net　#FGOラジオ","url":"https://t.co/kBNTXcM7cE","entities":{"url":{"urls":[{"url":"https://t.co/kBNTXcM7cE","expanded_url":"http://www.joqr.co.jp/fgo/","display_url":"joqr.co.jp/fgo/","indices":[0,23]}]},"description":{"urls":[]}},"protected":false,"followers_count":59341,"friends_count":1,"listed_count":703,"created_at":"Fri Nov 18 09:27:02 +0000 2016","favourites_count":0,"utc_offset":32400,"time_zone":"Tokyo","geo_enabled":false,"verified":false,"statuses_count":461,"lang":"ja","contributors_enabled":false,"is_translator":false,"is_translation_enabled":false,"profile_background_color":"F5F8FA","profile_background_image_url":null,"profile_background_image_url_https":null,"profile_background_tile":false,"profile_image_url":"http://pbs.twimg.com/profile_images/877791886500544512/ZknhllRS_normal.jpg","profile_image_url_https":"https://pbs.twimg.com/profile_images/877791886500544512/ZknhllRS_normal.jpg","profile_banner_url":"https://pbs.twimg.com/profile_banners/799544433012252672/1481028058","profile_link_color":"1DA1F2","profile_sidebar_border_color":"C0DEED","profile_sidebar_fill_color":"DDEEF6","profile_text_color":"333333","profile_use_background_image":true,"has_extended_profile":false,"default_profile":true,"default_profile_image":false,"following":false,"follow_request_sent":false,"notifications":false,"translator_type":"none"},"geo":null,"coordinates":null,"place":null,"contributors":null,"is_quote_status":false,"retweet_count":6619,"favorite_count":5981,"favorited":false,"retweeted":false,"possibly_sensitive":false,"lang":"ja"}],"search_metadata":{"completed_in":0.766,"max_id":887458791884677100,"max_id_str":"887458791884677120","next_results":"?max_id=887294223606726659&q=lang%3Aja%20min_retweets%3A5000&include_entities=1","query":"lang%3Aja+min_retweets%3A5000","refresh_url":"?since_id=887458791884677120&q=lang%3Aja%20min_retweets%3A5000&include_entities=1","count":15,"since_id":0,"since_id_str":"0"}}