{"statuses":[{"created_at":"Fri Jul 14 08:01:34 +0000 2017","id":885771238043402200,"id_str":"885771238043402240","text":"【NieR：Automataコラボ、8月後半に開催！】\nヨコオタロウ書き下ろし専用特別シナリオが楽しめる『ニーア オートマタ』とのコラボ開催時期が【8月後半】に決定！ご期待ください！\n#シノアリス #ニーア https://t.co/Y83771XqDK","truncated":false,"entities":{"hashtags":[{"text":"シノアリス","indices":[92,98]},{"text":"ニーア","indices":[99,103]}],"symbols":[],"user_mentions":[],"urls":[],"media":[{"id":885771175862743000,"id_str":"885771175862743040","indices":[104,127],"media_url":"http://pbs.twimg.com/media/DErkMQGUMAAfhjL.jpg","media_url_https":"https://pbs.twimg.com/media/DErkMQGUMAAfhjL.jpg","url":"https://t.co/Y83771XqDK","display_url":"pic.twitter.com/Y83771XqDK","expanded_url":"https://twitter.com/sinoalice_jp/status/885771238043402240/photo/1","type":"photo","sizes":{"medium":{"w":800,"h":450,"resize":"fit"},"small":{"w":680,"h":383,"resize":"fit"},"large":{"w":800,"h":450,"resize":"fit"},"thumb":{"w":150,"h":150,"resize":"crop"}}}]},"extended_entities":{"media":[{"id":885771175862743000,"id_str":"885771175862743040","indices":[104,127],"media_url":"http://pbs.twimg.com/media/DErkMQGUMAAfhjL.jpg","media_url_https":"https://pbs.twimg.com/media/DErkMQGUMAAfhjL.jpg","url":"https://t.co/Y83771XqDK","display_url":"pic.twitter.com/Y83771XqDK","expanded_url":"https://twitter.com/sinoalice_jp/status/885771238043402240/photo/1","type":"photo","sizes":{"medium":{"w":800,"h":450,"resize":"fit"},"small":{"w":680,"h":383,"resize":"fit"},"large":{"w":800,"h":450,"resize":"fit"},"thumb":{"w":150,"h":150,"resize":"crop"}}}]},"metadata":{"iso_language_code":"ja","result_type":"recent"},"source":"<a href=\"http://twitter.com\" rel=\"nofollow\">Twitter Web Client</a>","in_reply_to_status_id":null,"in_reply_to_status_id_str":null,"in_reply_to_user_id":null,"in_reply_to_user_id_str":null,"in_reply_to_screen_name":null,"user":{"id":818752826025181200,"id_str":"818752826025181184","name":"SINoALICE -シノアリス-","screen_name":"sinoalice_jp","location":"","description":"ヨコオタロウ×スクエニ×ポケラボ がおくる新作スマホ向けゲーム #シノアリス 公式Twitterアカウントです。\n◆アプリDLはこちら\n⇒https://t.co/0Bvhhbs0A4\n◆公式LINE@はこちら⇒https://t.co/PMEq2MRxjO","url":"https://t.co/DKtf1B4qVc","entities":{"url":{"urls":[{"url":"https://t.co/DKtf1B4qVc","expanded_url":"http://sinoalice.jp","display_url":"sinoalice.jp","indices":[0,23]}]},"description":{"urls":[{"url":"https://t.co/0Bvhhbs0A4","expanded_url":"https://app.adjust.com/pgmu79","display_url":"app.adjust.com/pgmu79","indices":[69,92]},{"url":"https://t.co/PMEq2MRxjO","expanded_url":"https://line.me/R/ti/p/%40kzc6995v","display_url":"line.me/R/ti/p/%40kzc6…","indices":[106,129]}]}},"protected":false,"followers_count":462850,"friends_count":26,"listed_count":2216,"created_at":"Tue Jan 10 09:34:20 +0000 2017","favourites_count":0,"utc_offset":32400,"time_zone":"Tokyo","geo_enabled":false,"verified":true,"statuses_count":266,"lang":"ja","contributors_enabled":false,"is_translator":false,"is_translation_enabled":false,"profile_background_color":"000000","profile_background_image_url":"http://abs.twimg.com/images/themes/theme1/bg.png","profile_background_image_url_https":"https://abs.twimg.com/images/themes/theme1/bg.png","profile_background_tile":false,"profile_image_url":"http://pbs.twimg.com/profile_images/832048740965851136/FdKSkqlu_normal.jpg","profile_image_url_https":"https://pbs.twimg.com/profile_images/832048740965851136/FdKSkqlu_normal.jpg","profile_banner_url":"https://pbs.twimg.com/profile_banners/818752826025181184/1496718704","profile_link_color":"ABB8C2","profile_sidebar_border_color":"000000","profile_sidebar_fill_color":"000000","profile_text_color":"000000","profile_use_background_image":false,"has_extended_profile":false,"default_profile":false,"default_profile_image":false,"following":false,"follow_request_sent":false,"notifications":false,"translator_type":"none"},"geo":null,"coordinates":null,"place":null,"contributors":null,"is_quote_status":false,"retweet_count":7787,"favorite_count":6333,"favorited":false,"retweeted":false,"possibly_sensitive":false,"lang":"ja"},{"created_at":"Fri Jul 14 06:00:01 +0000 2017","id":885740649311461400,"id_str":"885740649311461376","text":"【お知らせ】本日15時よりキャンペーン『スカウト！コンチェルト』を開始しました！\n斑のアイドルロードには『制服（夏）』と『コンチェルト衣装』と『音楽堂背景』がついています。レオのアイドルロードにも『私服（夏）』と『コンチェルト衣装… https://t.co/Qqhkxkj96c","truncated":true,"entities":{"hashtags":[],"symbols":[],"user_mentions":[],"urls":[{"url":"https://t.co/Qqhkxkj96c","expanded_url":"https://twitter.com/i/web/status/885740649311461376","display_url":"twitter.com/i/web/status/8…","indices":[117,140]}]},"metadata":{"iso_language_code":"ja","result_type":"recent"},"source":"<a href=\"http://twitter.com\" rel=\"nofollow\">Twitter Web Client</a>","in_reply_to_status_id":null,"in_reply_to_status_id_str":null,"in_reply_to_user_id":null,"in_reply_to_user_id_str":null,"in_reply_to_screen_name":null,"user":{"id":2848709654,"id_str":"2848709654","name":"【公式】あんさんぶるスターズ！","screen_name":"ensemble_stars","location":"夢ノ咲学院","description":"アイドルプロデュースゲーム『あんさんぶるスターズ！』の広報アカウントです。 新情報はこちらでつぶやいていきます！ハッシュタグは #あんスタ   アプリ内からお問い合わせができない方は support_stars@happyelements.co.jp へお問い合わせください。","url":"http://t.co/wT23pxiZ2A","entities":{"url":{"urls":[{"url":"http://t.co/wT23pxiZ2A","expanded_url":"http://stars.happyelements.co.jp","display_url":"stars.happyelements.co.jp","indices":[0,22]}]},"description":{"urls":[]}},"protected":false,"followers_count":562536,"friends_count":72,"listed_count":6879,"created_at":"Thu Oct 09 11:00:20 +0000 2014","favourites_count":0,"utc_offset":32400,"time_zone":"Tokyo","geo_enabled":false,"verified":true,"statuses_count":1647,"lang":"ja","contributors_enabled":false,"is_translator":false,"is_translation_enabled":false,"profile_background_color":"C0DEED","profile_background_image_url":"http://abs.twimg.com/images/themes/theme1/bg.png","profile_background_image_url_https":"https://abs.twimg.com/images/themes/theme1/bg.png","profile_background_tile":false,"profile_image_url":"http://pbs.twimg.com/profile_images/530523972790534144/d_bj9XQS_normal.png","profile_image_url_https":"https://pbs.twimg.com/profile_images/530523972790534144/d_bj9XQS_normal.png","profile_banner_url":"https://pbs.twimg.com/profile_banners/2848709654/1497588269","profile_link_color":"1DA1F2","profile_sidebar_border_color":"C0DEED","profile_sidebar_fill_color":"DDEEF6","profile_text_color":"333333","profile_use_background_image":true,"has_extended_profile":false,"default_profile":true,"default_profile_image":false,"following":false,"follow_request_sent":false,"notifications":false,"translator_type":"none"},"geo":null,"coordinates":null,"place":null,"contributors":null,"is_quote_status":false,"retweet_count":17995,"favorite_count":20682,"favorited":false,"retweeted":false,"possibly_sensitive":false,"lang":"ja"},{"created_at":"Fri Jul 14 05:11:14 +0000 2017","id":885728373485355000,"id_str":"885728373485355008","text":"今日は名古屋ドームでマイナビオールスターゲーム2017✨\n\nこれから移動して準備しますよん✨\n\n沢山写真撮って普段見れない姿も含め→写真アップしますね✌️\n\nヤスさんのTwitterの為ならと快く了承してくれた翔平くん✌️… https://t.co/CP61h0pjKX","truncated":true,"entities":{"hashtags":[],"symbols":[],"user_mentions":[],"urls":[{"url":"https://t.co/CP61h0pjKX","expanded_url":"https://twitter.com/i/web/status/885728373485355008","display_url":"twitter.com/i/web/status/8…","indices":[113,136]}]},"metadata":{"iso_language_code":"ja","result_type":"recent"},"source":"<a href=\"http://twitter.com/download/iphone\" rel=\"nofollow\">Twitter for iPhone</a>","in_reply_to_status_id":null,"in_reply_to_status_id_str":null,"in_reply_to_user_id":null,"in_reply_to_user_id_str":null,"in_reply_to_screen_name":null,"user":{"id":2982816204,"id_str":"2982816204","name":"山﨑 康晃","screen_name":"19Yasuaki","location":"","description":"横浜DeNAベイスターズ #19","url":null,"entities":{"description":{"urls":[]}},"protected":false,"followers_count":437337,"friends_count":144,"listed_count":1342,"created_at":"Wed Jan 14 14:24:37 +0000 2015","favourites_count":444,"utc_offset":32400,"time_zone":"Tokyo","geo_enabled":true,"verified":true,"statuses_count":546,"lang":"ja","contributors_enabled":false,"is_translator":false,"is_translation_enabled":false,"profile_background_color":"C0DEED","profile_background_image_url":"http://abs.twimg.com/images/themes/theme1/bg.png","profile_background_image_url_https":"https://abs.twimg.com/images/themes/theme1/bg.png","profile_background_tile":false,"profile_image_url":"http://pbs.twimg.com/profile_images/875914650612670464/Q5Pf_Jcl_normal.jpg","profile_image_url_https":"https://pbs.twimg.com/profile_images/875914650612670464/Q5Pf_Jcl_normal.jpg","profile_banner_url":"https://pbs.twimg.com/profile_banners/2982816204/1440201561","profile_link_color":"1DA1F2","profile_sidebar_border_color":"C0DEED","profile_sidebar_fill_color":"DDEEF6","profile_text_color":"333333","profile_use_background_image":true,"has_extended_profile":false,"default_profile":true,"default_profile_image":false,"following":false,"follow_request_sent":false,"notifications":false,"translator_type":"none"},"geo":null,"coordinates":null,"place":null,"contributors":null,"is_quote_status":false,"retweet_count":5305,"favorite_count":14242,"favorited":false,"retweeted":false,"possibly_sensitive":false,"lang":"ja"},{"created_at":"Fri Jul 14 05:00:02 +0000 2017","id":885725552400662500,"id_str":"885725552400662528","text":"イベント『THEATER SHOW TIME☆』が、\n7月14日15時から開催されることになりました！\n詳細はイベント開催後にお知らせしますので、もう少しだけお待ちください♪\n #ミリシタ https://t.co/WByo7GoMZQ","truncated":false,"entities":{"hashtags":[{"text":"ミリシタ","indices":[89,94]}],"symbols":[],"user_mentions":[],"urls":[],"media":[{"id":885696701503225900,"id_str":"885696701503225856","indices":[95,118],"media_url":"http://pbs.twimg.com/media/DEqgdRfVwAAC2RE.jpg","media_url_https":"https://pbs.twimg.com/media/DEqgdRfVwAAC2RE.jpg","url":"https://t.co/WByo7GoMZQ","display_url":"pic.twitter.com/WByo7GoMZQ","expanded_url":"https://twitter.com/imasml_theater/status/885725552400662528/photo/1","type":"photo","sizes":{"small":{"w":640,"h":180,"resize":"fit"},"thumb":{"w":150,"h":150,"resize":"crop"},"large":{"w":640,"h":180,"resize":"fit"},"medium":{"w":640,"h":180,"resize":"fit"}}}]},"extended_entities":{"media":[{"id":885696701503225900,"id_str":"885696701503225856","indices":[95,118],"media_url":"http://pbs.twimg.com/media/DEqgdRfVwAAC2RE.jpg","media_url_https":"https://pbs.twimg.com/media/DEqgdRfVwAAC2RE.jpg","url":"https://t.co/WByo7GoMZQ","display_url":"pic.twitter.com/WByo7GoMZQ","expanded_url":"https://twitter.com/imasml_theater/status/885725552400662528/photo/1","type":"photo","sizes":{"small":{"w":640,"h":180,"resize":"fit"},"thumb":{"w":150,"h":150,"resize":"crop"},"large":{"w":640,"h":180,"resize":"fit"},"medium":{"w":640,"h":180,"resize":"fit"}}}]},"metadata":{"iso_language_code":"ja","result_type":"recent"},"source":"<a href=\"https://ads.twitter.com\" rel=\"nofollow\">Twitter Ads</a>","in_reply_to_status_id":null,"in_reply_to_status_id_str":null,"in_reply_to_user_id":null,"in_reply_to_user_id_str":null,"in_reply_to_screen_name":null,"user":{"id":854195545941753900,"id_str":"854195545941753856","name":"ミリオンライブ！ シアターデイズ【公式】","screen_name":"imasml_theater","location":"","description":"スマートフォンアプリ「アイドルマスター ミリオンライブ！ シアターデイズ」の公式Twitterアカウントです！これからゲームに関する情報をお伝えしていきます♪","url":"https://t.co/npimqAX8OA","entities":{"url":{"urls":[{"url":"https://t.co/npimqAX8OA","expanded_url":"https://millionlive.idolmaster.jp/theaterdays/","display_url":"millionlive.idolmaster.jp/theaterdays/","indices":[0,23]}]},"description":{"urls":[]}},"protected":false,"followers_count":134873,"friends_count":3,"listed_count":1704,"created_at":"Tue Apr 18 04:51:03 +0000 2017","favourites_count":0,"utc_offset":32400,"time_zone":"Tokyo","geo_enabled":false,"verified":true,"statuses_count":49,"lang":"ja","contributors_enabled":false,"is_translator":false,"is_translation_enabled":false,"profile_background_color":"000000","profile_background_image_url":"http://abs.twimg.com/images/themes/theme1/bg.png","profile_background_image_url_https":"https://abs.twimg.com/images/themes/theme1/bg.png","profile_background_tile":false,"profile_image_url":"http://pbs.twimg.com/profile_images/882108935846494208/Dt4Z0cKT_normal.jpg","profile_image_url_https":"https://pbs.twimg.com/profile_images/882108935846494208/Dt4Z0cKT_normal.jpg","profile_banner_url":"https://pbs.twimg.com/profile_banners/854195545941753856/1498720880","profile_link_color":"1B95E0","profile_sidebar_border_color":"000000","profile_sidebar_fill_color":"000000","profile_text_color":"000000","profile_use_background_image":false,"has_extended_profile":false,"default_profile":false,"default_profile_image":false,"following":false,"follow_request_sent":false,"notifications":false,"translator_type":"none"},"geo":null,"coordinates":null,"place":null,"contributors":null,"is_quote_status":false,"retweet_count":9096,"favorite_count":5227,"favorited":false,"retweeted":false,"possibly_sensitive":false,"lang":"ja"},{"created_at":"Fri Jul 14 04:26:34 +0000 2017","id":885717129080721400,"id_str":"885717129080721408","text":"巡回をしていた獣医から衝撃の写真が届きました！！！\n\nあまりの暑さにサブパドックで伸びきっているメガネグマのルイス。全身で床の冷たさを受け止めているようです（笑）よく見ると肉球やツメまで観察できますね！\n\n＃ズーラシア　＃メガネグマ https://t.co/insxbVOHMG","truncated":false,"entities":{"hashtags":[{"text":"ズーラシア","indices":[103,109]},{"text":"メガネグマ","indices":[110,116]}],"symbols":[],"user_mentions":[],"urls":[],"media":[{"id":885715718708133900,"id_str":"885715718708133888","indices":[117,140],"media_url":"http://pbs.twimg.com/media/DEqxwOGUAAA2FDh.jpg","media_url_https":"https://pbs.twimg.com/media/DEqxwOGUAAA2FDh.jpg","url":"https://t.co/insxbVOHMG","display_url":"pic.twitter.com/insxbVOHMG","expanded_url":"https://twitter.com/zoorasia424/status/885717129080721408/photo/1","type":"photo","sizes":{"medium":{"w":1200,"h":900,"resize":"fit"},"small":{"w":680,"h":510,"resize":"fit"},"thumb":{"w":150,"h":150,"resize":"crop"},"large":{"w":1478,"h":1108,"resize":"fit"}}}]},"extended_entities":{"media":[{"id":885715718708133900,"id_str":"885715718708133888","indices":[117,140],"media_url":"http://pbs.twimg.com/media/DEqxwOGUAAA2FDh.jpg","media_url_https":"https://pbs.twimg.com/media/DEqxwOGUAAA2FDh.jpg","url":"https://t.co/insxbVOHMG","display_url":"pic.twitter.com/insxbVOHMG","expanded_url":"https://twitter.com/zoorasia424/status/885717129080721408/photo/1","type":"photo","sizes":{"medium":{"w":1200,"h":900,"resize":"fit"},"small":{"w":680,"h":510,"resize":"fit"},"thumb":{"w":150,"h":150,"resize":"crop"},"large":{"w":1478,"h":1108,"resize":"fit"}}}]},"metadata":{"iso_language_code":"ja","result_type":"recent"},"source":"<a href=\"http://twitter.com\" rel=\"nofollow\">Twitter Web Client</a>","in_reply_to_status_id":null,"in_reply_to_status_id_str":null,"in_reply_to_user_id":null,"in_reply_to_user_id_str":null,"in_reply_to_screen_name":null,"user":{"id":533962035,"id_str":"533962035","name":"よこはま動物園ズーラシア≪公式≫","screen_name":"zoorasia424","location":"横浜市旭区上白根町１１７５－１","description":"ズーラシアの動物たちの話題やイベント、園外での活動などをツイートする公式アカウントです。返信やDMはすべて読ませて頂いていますが、残念ながらツイートでのご返事は行いませんのでご了承願います。具体的な問い合わせはお電話でお願いします。※過去に掲載した動物情報、イベント情報などは、期限切れの場合があります。","url":"https://t.co/tQQ4FFo09i","entities":{"url":{"urls":[{"url":"https://t.co/tQQ4FFo09i","expanded_url":"http://www.hama-midorinokyokai.or.jp/zoo/zoorasia/","display_url":"hama-midorinokyokai.or.jp/zoo/zoorasia/","indices":[0,23]}]},"description":{"urls":[]}},"protected":false,"followers_count":54857,"friends_count":3,"listed_count":1099,"created_at":"Fri Mar 23 04:41:56 +0000 2012","favourites_count":0,"utc_offset":32400,"time_zone":"Tokyo","geo_enabled":false,"verified":false,"statuses_count":3347,"lang":"ja","contributors_enabled":false,"is_translator":false,"is_translation_enabled":false,"profile_background_color":"C0DEED","profile_background_image_url":"http://pbs.twimg.com/profile_background_images/575812363154120704/Pmzqzype.jpeg","profile_background_image_url_https":"https://pbs.twimg.com/profile_background_images/575812363154120704/Pmzqzype.jpeg","profile_background_tile":true,"profile_image_url":"http://pbs.twimg.com/profile_images/1957608078/zoorasia_normal.jpg","profile_image_url_https":"https://pbs.twimg.com/profile_images/1957608078/zoorasia_normal.jpg","profile_banner_url":"https://pbs.twimg.com/profile_banners/533962035/1426471870","profile_link_color":"0084B4","profile_sidebar_border_color":"C0DEED","profile_sidebar_fill_color":"DDEEF6","profile_text_color":"333333","profile_use_background_image":true,"has_extended_profile":false,"default_profile":false,"default_profile_image":false,"following":false,"follow_request_sent":false,"notifications":false,"translator_type":"none"},"geo":null,"coordinates":null,"place":null,"contributors":null,"is_quote_status":false,"retweet_count":11105,"favorite_count":12356,"favorited":false,"retweeted":false,"possibly_sensitive":false,"lang":"ja"},{"created_at":"Fri Jul 14 04:19:13 +0000 2017","id":885715280755777500,"id_str":"885715280755777536","text":"巴形薙刀を鍛刀しようとしたら貞ちゃんが来た時の燭台切光忠\n\n#twitter版MMD刀剣乱舞動画 https://t.co/IO4RNwL5je","truncated":false,"entities":{"hashtags":[{"text":"twitter版MMD刀剣乱舞動画","indices":[30,48]}],"symbols":[],"user_mentions":[],"urls":[],"media":[{"id":885714854547411000,"id_str":"885714854547410948","indices":[49,72],"media_url":"http://pbs.twimg.com/ext_tw_video_thumb/885714854547410948/pu/img/lSlhC80SZ9Ora-8A.jpg","media_url_https":"https://pbs.twimg.com/ext_tw_video_thumb/885714854547410948/pu/img/lSlhC80SZ9Ora-8A.jpg","url":"https://t.co/IO4RNwL5je","display_url":"pic.twitter.com/IO4RNwL5je","expanded_url":"https://twitter.com/popo_mmd/status/885715280755777536/video/1","type":"photo","sizes":{"small":{"w":340,"h":191,"resize":"fit"},"thumb":{"w":150,"h":150,"resize":"crop"},"medium":{"w":600,"h":338,"resize":"fit"},"large":{"w":1024,"h":576,"resize":"fit"}}}]},"extended_entities":{"media":[{"id":885714854547411000,"id_str":"885714854547410948","indices":[49,72],"media_url":"http://pbs.twimg.com/ext_tw_video_thumb/885714854547410948/pu/img/lSlhC80SZ9Ora-8A.jpg","media_url_https":"https://pbs.twimg.com/ext_tw_video_thumb/885714854547410948/pu/img/lSlhC80SZ9Ora-8A.jpg","url":"https://t.co/IO4RNwL5je","display_url":"pic.twitter.com/IO4RNwL5je","expanded_url":"https://twitter.com/popo_mmd/status/885715280755777536/video/1","type":"video","sizes":{"small":{"w":340,"h":191,"resize":"fit"},"thumb":{"w":150,"h":150,"resize":"crop"},"medium":{"w":600,"h":338,"resize":"fit"},"large":{"w":1024,"h":576,"resize":"fit"}},"video_info":{"aspect_ratio":[16,9],"duration_millis":40033,"variants":[{"bitrate":320000,"content_type":"video/mp4","url":"https://video.twimg.com/ext_tw_video/885714854547410948/pu/vid/320x180/5zdbypUr9xfX0PGI.mp4"},{"bitrate":832000,"content_type":"video/mp4","url":"https://video.twimg.com/ext_tw_video/885714854547410948/pu/vid/640x360/A6ehHaVlxg92mpuG.mp4"},{"bitrate":2176000,"content_type":"video/mp4","url":"https://video.twimg.com/ext_tw_video/885714854547410948/pu/vid/1280x720/BavW6tqFjTSGoqy0.mp4"},{"content_type":"application/x-mpegURL","url":"https://video.twimg.com/ext_tw_video/885714854547410948/pu/pl/qr5GK6eOdrtbeMKk.m3u8"}]},"additional_media_info":{"monetizable":false}}]},"metadata":{"iso_language_code":"ja","result_type":"recent"},"source":"<a href=\"http://twitter.com\" rel=\"nofollow\">Twitter Web Client</a>","in_reply_to_status_id":null,"in_reply_to_status_id_str":null,"in_reply_to_user_id":null,"in_reply_to_user_id_str":null,"in_reply_to_screen_name":null,"user":{"id":3256677943,"id_str":"3256677943","name":"‍ポポ🏅","screen_name":"popo_mmd","location":"","description":"‍MMD刀剣乱舞/MMDアイナナ★アイナナ垢ありますが@popo_mmdで統一するかもしれません＞＜（仮アイナナ垢@popo_i7）","url":"https://t.co/lVJZhF6C5k","entities":{"url":{"urls":[{"url":"https://t.co/lVJZhF6C5k","expanded_url":"http://www.nicovideo.jp/mylist/51114357","display_url":"nicovideo.jp/mylist/51114357","indices":[0,23]}]},"description":{"urls":[]}},"protected":false,"followers_count":5409,"friends_count":322,"listed_count":109,"created_at":"Fri Jun 26 12:36:36 +0000 2015","favourites_count":4385,"utc_offset":32400,"time_zone":"Tokyo","geo_enabled":false,"verified":false,"statuses_count":18581,"lang":"ja","contributors_enabled":false,"is_translator":false,"is_translation_enabled":false,"profile_background_color":"0099B9","profile_background_image_url":"http://pbs.twimg.com/profile_background_images/685280145624571904/AelAGy3j.jpg","profile_background_image_url_https":"https://pbs.twimg.com/profile_background_images/685280145624571904/AelAGy3j.jpg","profile_background_tile":false,"profile_image_url":"http://pbs.twimg.com/profile_images/880082246954131456/OnWg0bAX_normal.jpg","profile_image_url_https":"https://pbs.twimg.com/profile_images/880082246954131456/OnWg0bAX_normal.jpg","profile_banner_url":"https://pbs.twimg.com/profile_banners/3256677943/1482161116","profile_link_color":"F5ABB5","profile_sidebar_border_color":"000000","profile_sidebar_fill_color":"000000","profile_text_color":"000000","profile_use_background_image":true,"has_extended_profile":true,"default_profile":false,"default_profile_image":false,"following":false,"follow_request_sent":false,"notifications":false,"translator_type":"none"},"geo":null,"coordinates":null,"place":null,"contributors":null,"is_quote_status":false,"retweet_count":8968,"favorite_count":13894,"favorited":false,"retweeted":false,"possibly_sensitive":false,"lang":"ja"},{"created_at":"Fri Jul 14 04:06:16 +0000 2017","id":885712022888882200,"id_str":"885712022888882176","text":"戦う男は美しい。\n\n#数原龍友\n#GENERATIONS\n#workout\n#いやTシャツ\n#永野さん\n#愛してる https://t.co/hMy7iZTFTd","truncated":false,"entities":{"hashtags":[{"text":"数原龍友","indices":[10,15]},{"text":"GENERATIONS","indices":[16,28]},{"text":"workout","indices":[29,37]},{"text":"いやTシャツ","indices":[38,45]},{"text":"永野さん","indices":[46,51]},{"text":"愛してる","indices":[52,57]}],"symbols":[],"user_mentions":[],"urls":[],"media":[{"id":885712011262279700,"id_str":"885712011262279681","indices":[58,81],"media_url":"http://pbs.twimg.com/media/DEquYayVwAEbIH0.jpg","media_url_https":"https://pbs.twimg.com/media/DEquYayVwAEbIH0.jpg","url":"https://t.co/hMy7iZTFTd","display_url":"pic.twitter.com/hMy7iZTFTd","expanded_url":"https://twitter.com/sanoreofficial/status/885712022888882176/photo/1","type":"photo","sizes":{"small":{"w":510,"h":680,"resize":"fit"},"large":{"w":1536,"h":2048,"resize":"fit"},"thumb":{"w":150,"h":150,"resize":"crop"},"medium":{"w":900,"h":1200,"resize":"fit"}}}]},"extended_entities":{"media":[{"id":885712011262279700,"id_str":"885712011262279681","indices":[58,81],"media_url":"http://pbs.twimg.com/media/DEquYayVwAEbIH0.jpg","media_url_https":"https://pbs.twimg.com/media/DEquYayVwAEbIH0.jpg","url":"https://t.co/hMy7iZTFTd","display_url":"pic.twitter.com/hMy7iZTFTd","expanded_url":"https://twitter.com/sanoreofficial/status/885712022888882176/photo/1","type":"photo","sizes":{"small":{"w":510,"h":680,"resize":"fit"},"large":{"w":1536,"h":2048,"resize":"fit"},"thumb":{"w":150,"h":150,"resize":"crop"},"medium":{"w":900,"h":1200,"resize":"fit"}}}]},"metadata":{"iso_language_code":"ja","result_type":"recent"},"source":"<a href=\"http://twitter.com/download/iphone\" rel=\"nofollow\">Twitter for iPhone</a>","in_reply_to_status_id":null,"in_reply_to_status_id_str":null,"in_reply_to_user_id":null,"in_reply_to_user_id_str":null,"in_reply_to_screen_name":null,"user":{"id":792650740535693300,"id_str":"792650740535693312","name":"佐野 玲於","screen_name":"sanoreofficial","location":"","description":"GENERATIONS from EXILE TRIBE","url":"https://t.co/SZ7thRDt6r","entities":{"url":{"urls":[{"url":"https://t.co/SZ7thRDt6r","expanded_url":"http://m.tribe-m.jp","display_url":"m.tribe-m.jp","indices":[0,23]}]},"description":{"urls":[]}},"protected":false,"followers_count":367965,"friends_count":154,"listed_count":826,"created_at":"Sun Oct 30 08:53:58 +0000 2016","favourites_count":171,"utc_offset":null,"time_zone":null,"geo_enabled":false,"verified":true,"statuses_count":409,"lang":"ja","contributors_enabled":false,"is_translator":false,"is_translation_enabled":false,"profile_background_color":"F5F8FA","profile_background_image_url":null,"profile_background_image_url_https":null,"profile_background_tile":false,"profile_image_url":"http://pbs.twimg.com/profile_images/873069645812465665/spLZRmpF_normal.jpg","profile_image_url_https":"https://pbs.twimg.com/profile_images/873069645812465665/spLZRmpF_normal.jpg","profile_banner_url":"https://pbs.twimg.com/profile_banners/792650740535693312/1496991000","profile_link_color":"1DA1F2","profile_sidebar_border_color":"C0DEED","profile_sidebar_fill_color":"DDEEF6","profile_text_color":"333333","profile_use_background_image":true,"has_extended_profile":true,"default_profile":true,"default_profile_image":false,"following":false,"follow_request_sent":false,"notifications":false,"translator_type":"none"},"geo":null,"coordinates":null,"place":null,"contributors":null,"is_quote_status":false,"retweet_count":6054,"favorite_count":35794,"favorited":false,"retweeted":false,"possibly_sensitive":false,"lang":"ja"},{"created_at":"Fri Jul 14 03:37:44 +0000 2017","id":885704839824416800,"id_str":"885704839824416768","text":"【INFO】「Zoff×うたの☆プリンスさまっ♪」IDOL PRODUCE Glassesのアイドルからのプロデュースポイントを公開しました。https://t.co/DlkxnhH6sf https://t.co/hVLjrH4KV2","truncated":false,"entities":{"hashtags":[],"symbols":[],"user_mentions":[],"urls":[{"url":"https://t.co/DlkxnhH6sf","expanded_url":"http://zoff-utapri.com","display_url":"zoff-utapri.com","indices":[71,94]}],"media":[{"id":885694861537550300,"id_str":"885694861537550336","indices":[95,118],"media_url":"http://pbs.twimg.com/media/DEqeyLFVoAAqNz3.jpg","media_url_https":"https://pbs.twimg.com/media/DEqeyLFVoAAqNz3.jpg","url":"https://t.co/hVLjrH4KV2","display_url":"pic.twitter.com/hVLjrH4KV2","expanded_url":"https://twitter.com/utapri_official/status/885704839824416768/photo/1","type":"photo","sizes":{"large":{"w":800,"h":454,"resize":"fit"},"medium":{"w":800,"h":454,"resize":"fit"},"thumb":{"w":150,"h":150,"resize":"crop"},"small":{"w":680,"h":386,"resize":"fit"}}}]},"extended_entities":{"media":[{"id":885694861537550300,"id_str":"885694861537550336","indices":[95,118],"media_url":"http://pbs.twimg.com/media/DEqeyLFVoAAqNz3.jpg","media_url_https":"https://pbs.twimg.com/media/DEqeyLFVoAAqNz3.jpg","url":"https://t.co/hVLjrH4KV2","display_url":"pic.twitter.com/hVLjrH4KV2","expanded_url":"https://twitter.com/utapri_official/status/885704839824416768/photo/1","type":"photo","sizes":{"large":{"w":800,"h":454,"resize":"fit"},"medium":{"w":800,"h":454,"resize":"fit"},"thumb":{"w":150,"h":150,"resize":"crop"},"small":{"w":680,"h":386,"resize":"fit"}}}]},"metadata":{"iso_language_code":"ja","result_type":"recent"},"source":"<a href=\"http://twitter.com\" rel=\"nofollow\">Twitter Web Client</a>","in_reply_to_status_id":null,"in_reply_to_status_id_str":null,"in_reply_to_user_id":null,"in_reply_to_user_id_str":null,"in_reply_to_screen_name":null,"user":{"id":402547102,"id_str":"402547102","name":"utapri_official","screen_name":"utapri_official","location":"","description":"「うたの☆プリンスさまっ♪」公式twitterです。 うた☆プリに関する情報をお知らせします。 ★当アカウントへのお客様からのご質問はお答え致しかねます。 お問い合わせはブロッコリーユーザーサポートまでお願い申し上げます。［ユーザーサポート］https://t.co/xRDBWd6chD","url":"http://t.co/33RXcz6lND","entities":{"url":{"urls":[{"url":"http://t.co/33RXcz6lND","expanded_url":"http://www.utapri.com","display_url":"utapri.com","indices":[0,22]}]},"description":{"urls":[{"url":"https://t.co/xRDBWd6chD","expanded_url":"http://www.broccoli.co.jp/support/","display_url":"broccoli.co.jp/support/","indices":[121,144]}]}},"protected":false,"followers_count":473655,"friends_count":14,"listed_count":11805,"created_at":"Tue Nov 01 07:25:18 +0000 2011","favourites_count":0,"utc_offset":32400,"time_zone":"Tokyo","geo_enabled":false,"verified":false,"statuses_count":2414,"lang":"ja","contributors_enabled":false,"is_translator":false,"is_translation_enabled":false,"profile_background_color":"FFFFCC","profile_background_image_url":"http://pbs.twimg.com/profile_background_images/451011471976046594/sugMw9yI.jpeg","profile_background_image_url_https":"https://pbs.twimg.com/profile_background_images/451011471976046594/sugMw9yI.jpeg","profile_background_tile":false,"profile_image_url":"http://pbs.twimg.com/profile_images/875613182164779008/-eOqe25Z_normal.jpg","profile_image_url_https":"https://pbs.twimg.com/profile_images/875613182164779008/-eOqe25Z_normal.jpg","profile_banner_url":"https://pbs.twimg.com/profile_banners/402547102/1491058816","profile_link_color":"0084B4","profile_sidebar_border_color":"FFFFFF","profile_sidebar_fill_color":"E8FFFE","profile_text_color":"333333","profile_use_background_image":false,"has_extended_profile":false,"default_profile":false,"default_profile_image":false,"following":false,"follow_request_sent":false,"notifications":false,"translator_type":"none"},"geo":null,"coordinates":null,"place":null,"contributors":null,"is_quote_status":false,"retweet_count":7206,"favorite_count":11816,"favorited":false,"retweeted":false,"possibly_sensitive":false,"lang":"ja"},{"created_at":"Fri Jul 14 03:23:03 +0000 2017","id":885701145007595500,"id_str":"885701145007595520","text":"【ニュース更新】 【タイトル決定！！】乃木坂46 18thシングル商品概要も一挙に公開！！ https://t.co/mmbwtbRwnx","truncated":false,"entities":{"hashtags":[],"symbols":[],"user_mentions":[],"urls":[{"url":"https://t.co/mmbwtbRwnx","expanded_url":"http://dlvr.it/PVS3d5","display_url":"dlvr.it/PVS3d5","indices":[46,69]}]},"metadata":{"iso_language_code":"ja","result_type":"recent"},"source":"<a href=\"https://dlvrit.com/\" rel=\"nofollow\">dlvr.it</a>","in_reply_to_status_id":null,"in_reply_to_status_id_str":null,"in_reply_to_user_id":null,"in_reply_to_user_id_str":null,"in_reply_to_screen_name":null,"user":{"id":317684165,"id_str":"317684165","name":"乃木坂46","screen_name":"nogizaka46","location":"乃木坂","description":"AKB48公式ライバルとして結成したアイドルグループです。\r\nグループ名の「乃木坂」は、最終オーディション会場の「SME乃木坂ビル」に由来し「46」は、『AKB48より人数が少なくても負けないという意気込み（秋元康氏）』からです。よろしくお願いします。","url":"http://t.co/f7TOymAV8b","entities":{"url":{"urls":[{"url":"http://t.co/f7TOymAV8b","expanded_url":"http://www.nogizaka46.com/","display_url":"nogizaka46.com","indices":[0,22]}]},"description":{"urls":[]}},"protected":false,"followers_count":765443,"friends_count":11,"listed_count":3704,"created_at":"Wed Jun 15 09:35:11 +0000 2011","favourites_count":15,"utc_offset":32400,"time_zone":"Tokyo","geo_enabled":false,"verified":true,"statuses_count":10619,"lang":"ja","contributors_enabled":false,"is_translator":false,"is_translation_enabled":false,"profile_background_color":"C0DEED","profile_background_image_url":"http://abs.twimg.com/images/themes/theme1/bg.png","profile_background_image_url_https":"https://abs.twimg.com/images/themes/theme1/bg.png","profile_background_tile":false,"profile_image_url":"http://pbs.twimg.com/profile_images/879321670640558081/LJqAoLcs_normal.jpg","profile_image_url_https":"https://pbs.twimg.com/profile_images/879321670640558081/LJqAoLcs_normal.jpg","profile_banner_url":"https://pbs.twimg.com/profile_banners/317684165/1400066488","profile_link_color":"1DA1F2","profile_sidebar_border_color":"C0DEED","profile_sidebar_fill_color":"DDEEF6","profile_text_color":"333333","profile_use_background_image":true,"has_extended_profile":false,"default_profile":true,"default_profile_image":false,"following":false,"follow_request_sent":false,"notifications":false,"translator_type":"none"},"geo":null,"coordinates":null,"place":null,"contributors":null,"is_quote_status":false,"retweet_count":4881,"favorite_count":11413,"favorited":false,"retweeted":false,"possibly_sensitive":false,"lang":"ja"},{"created_at":"Fri Jul 14 03:18:48 +0000 2017","id":885700075795562500,"id_str":"885700075795562496","text":"舞台『あんさんぶるスターズ！エクストラ・ステージ』～Judge of Knights～より\n\n真白友也役を演じさせていただくことになりました！\n原作にリスペクトを込めて\n全力で彼に向き合ってみます\nたくさん勉強いたしますので叱咤激… https://t.co/bq9X4zUyi3","truncated":true,"entities":{"hashtags":[],"symbols":[],"user_mentions":[],"urls":[{"url":"https://t.co/bq9X4zUyi3","expanded_url":"https://twitter.com/i/web/status/885700075795562496","display_url":"twitter.com/i/web/status/8…","indices":[117,140]}]},"metadata":{"iso_language_code":"ja","result_type":"recent"},"source":"<a href=\"http://twitter.com/download/iphone\" rel=\"nofollow\">Twitter for iPhone</a>","in_reply_to_status_id":null,"in_reply_to_status_id_str":null,"in_reply_to_user_id":null,"in_reply_to_user_id_str":null,"in_reply_to_screen_name":null,"user":{"id":430480562,"id_str":"430480562","name":"なのっくす。","screen_name":"younanox0125","location":"(՞ةڼ◔)","description":"宮崎 湧 経験値は22年。From ZOLA *Rap お手柔らかに(n´･ω･`x)","url":"https://t.co/uMZXYfMoN1","entities":{"url":{"urls":[{"url":"https://t.co/uMZXYfMoN1","expanded_url":"http://Instagram.com/kick_da_nx","display_url":"Instagram.com/kick_da_nx","indices":[0,23]}]},"description":{"urls":[]}},"protected":false,"followers_count":86801,"friends_count":178,"listed_count":636,"created_at":"Wed Dec 07 06:46:55 +0000 2011","favourites_count":1846,"utc_offset":null,"time_zone":null,"geo_enabled":false,"verified":true,"statuses_count":2872,"lang":"ja","contributors_enabled":false,"is_translator":false,"is_translation_enabled":false,"profile_background_color":"C0DEED","profile_background_image_url":"http://abs.twimg.com/images/themes/theme1/bg.png","profile_background_image_url_https":"https://abs.twimg.com/images/themes/theme1/bg.png","profile_background_tile":false,"profile_image_url":"http://pbs.twimg.com/profile_images/795598091516682240/fSioh0hQ_normal.jpg","profile_image_url_https":"https://pbs.twimg.com/profile_images/795598091516682240/fSioh0hQ_normal.jpg","profile_banner_url":"https://pbs.twimg.com/profile_banners/430480562/1460636039","profile_link_color":"1DA1F2","profile_sidebar_border_color":"C0DEED","profile_sidebar_fill_color":"DDEEF6","profile_text_color":"333333","profile_use_background_image":true,"has_extended_profile":true,"default_profile":true,"default_profile_image":false,"following":false,"follow_request_sent":false,"notifications":false,"translator_type":"none"},"geo":null,"coordinates":null,"place":null,"contributors":null,"is_quote_status":false,"retweet_count":6736,"favorite_count":8818,"favorited":false,"retweeted":false,"possibly_sensitive":false,"lang":"ja"},{"created_at":"Fri Jul 14 03:06:19 +0000 2017","id":885696937386688500,"id_str":"885696937386688512","text":"【創作】勉強できない男の子と教師になりたいお姉さん https://t.co/MnZ3zhg39o","truncated":false,"entities":{"hashtags":[],"symbols":[],"user_mentions":[],"urls":[],"media":[{"id":885696726098624500,"id_str":"885696726098624512","indices":[26,49],"media_url":"http://pbs.twimg.com/media/DEqgetHVwAAiGjb.jpg","media_url_https":"https://pbs.twimg.com/media/DEqgetHVwAAiGjb.jpg","url":"https://t.co/MnZ3zhg39o","display_url":"pic.twitter.com/MnZ3zhg39o","expanded_url":"https://twitter.com/udonkimuchikaki/status/885696937386688512/photo/1","type":"photo","sizes":{"large":{"w":1448,"h":2048,"resize":"fit"},"thumb":{"w":150,"h":150,"resize":"crop"},"small":{"w":481,"h":680,"resize":"fit"},"medium":{"w":848,"h":1200,"resize":"fit"}}}]},"extended_entities":{"media":[{"id":885696726098624500,"id_str":"885696726098624512","indices":[26,49],"media_url":"http://pbs.twimg.com/media/DEqgetHVwAAiGjb.jpg","media_url_https":"https://pbs.twimg.com/media/DEqgetHVwAAiGjb.jpg","url":"https://t.co/MnZ3zhg39o","display_url":"pic.twitter.com/MnZ3zhg39o","expanded_url":"https://twitter.com/udonkimuchikaki/status/885696937386688512/photo/1","type":"photo","sizes":{"large":{"w":1448,"h":2048,"resize":"fit"},"thumb":{"w":150,"h":150,"resize":"crop"},"small":{"w":481,"h":680,"resize":"fit"},"medium":{"w":848,"h":1200,"resize":"fit"}}},{"id":885696749616025600,"id_str":"885696749616025600","indices":[26,49],"media_url":"http://pbs.twimg.com/media/DEqggEuU0AAnb89.jpg","media_url_https":"https://pbs.twimg.com/media/DEqggEuU0AAnb89.jpg","url":"https://t.co/MnZ3zhg39o","display_url":"pic.twitter.com/MnZ3zhg39o","expanded_url":"https://twitter.com/udonkimuchikaki/status/885696937386688512/photo/1","type":"photo","sizes":{"large":{"w":1448,"h":2048,"resize":"fit"},"medium":{"w":848,"h":1200,"resize":"fit"},"thumb":{"w":150,"h":150,"resize":"crop"},"small":{"w":481,"h":680,"resize":"fit"}}},{"id":885696770419810300,"id_str":"885696770419810306","indices":[26,49],"media_url":"http://pbs.twimg.com/media/DEqghSOVYAIpsBH.jpg","media_url_https":"https://pbs.twimg.com/media/DEqghSOVYAIpsBH.jpg","url":"https://t.co/MnZ3zhg39o","display_url":"pic.twitter.com/MnZ3zhg39o","expanded_url":"https://twitter.com/udonkimuchikaki/status/885696937386688512/photo/1","type":"photo","sizes":{"medium":{"w":848,"h":1200,"resize":"fit"},"thumb":{"w":150,"h":150,"resize":"crop"},"large":{"w":1448,"h":2048,"resize":"fit"},"small":{"w":481,"h":680,"resize":"fit"}}},{"id":885696791743569900,"id_str":"885696791743569920","indices":[26,49],"media_url":"http://pbs.twimg.com/media/DEqgihqUIAATli9.jpg","media_url_https":"https://pbs.twimg.com/media/DEqgihqUIAATli9.jpg","url":"https://t.co/MnZ3zhg39o","display_url":"pic.twitter.com/MnZ3zhg39o","expanded_url":"https://twitter.com/udonkimuchikaki/status/885696937386688512/photo/1","type":"photo","sizes":{"thumb":{"w":150,"h":150,"resize":"crop"},"medium":{"w":848,"h":1200,"resize":"fit"},"small":{"w":481,"h":680,"resize":"fit"},"large":{"w":1448,"h":2048,"resize":"fit"}}}]},"metadata":{"iso_language_code":"ja","result_type":"recent"},"source":"<a href=\"http://twitter.com\" rel=\"nofollow\">Twitter Web Client</a>","in_reply_to_status_id":null,"in_reply_to_status_id_str":null,"in_reply_to_user_id":null,"in_reply_to_user_id_str":null,"in_reply_to_screen_name":null,"user":{"id":125592036,"id_str":"125592036","name":"小林 キナ/単行本発売中","screen_name":"udonkimuchikaki","location":"","description":"ガンガンONLINEで『ななしのアステリズム』 連載していました。全5巻。https://t.co/Dgd5l1ZZAj Pixiv→ https://t.co/kwFOymE6im 作品の内容に関しての質問はお答え出来ませんので、ご了承下さい。","url":null,"entities":{"description":{"urls":[{"url":"https://t.co/Dgd5l1ZZAj","expanded_url":"http://sqex.to/Uzr","display_url":"sqex.to/Uzr","indices":[37,60]},{"url":"https://t.co/kwFOymE6im","expanded_url":"http://www.pixiv.net/member.php?id=12513117","display_url":"pixiv.net/member.php?id=…","indices":[68,91]}]}},"protected":false,"followers_count":5737,"friends_count":112,"listed_count":168,"created_at":"Tue Mar 23 08:05:11 +0000 2010","favourites_count":186,"utc_offset":32400,"time_zone":"Tokyo","geo_enabled":true,"verified":false,"statuses_count":2958,"lang":"ja","contributors_enabled":false,"is_translator":false,"is_translation_enabled":false,"profile_background_color":"C0DEED","profile_background_image_url":"http://abs.twimg.com/images/themes/theme1/bg.png","profile_background_image_url_https":"https://abs.twimg.com/images/themes/theme1/bg.png","profile_background_tile":false,"profile_image_url":"http://pbs.twimg.com/profile_images/713044478081179648/4bbLrBLe_normal.jpg","profile_image_url_https":"https://pbs.twimg.com/profile_images/713044478081179648/4bbLrBLe_normal.jpg","profile_banner_url":"https://pbs.twimg.com/profile_banners/125592036/1496920375","profile_link_color":"1DA1F2","profile_sidebar_border_color":"C0DEED","profile_sidebar_fill_color":"DDEEF6","profile_text_color":"333333","profile_use_background_image":true,"has_extended_profile":false,"default_profile":true,"default_profile_image":false,"following":false,"follow_request_sent":false,"notifications":false,"translator_type":"none"},"geo":null,"coordinates":null,"place":null,"contributors":null,"is_quote_status":false,"retweet_count":12670,"favorite_count":22961,"favorited":false,"retweeted":false,"possibly_sensitive":false,"lang":"ja"},{"created_at":"Fri Jul 14 03:01:03 +0000 2017","id":885695608945655800,"id_str":"885695608945655808","text":"新テニスの王子様🎾特別番組\n🌻ハッピーサマーバレンタイン🌻\n詳細大発表～❕٩(  •̀ᴗ•́  )و✨\n\nニコニコ生放送で放送決定☆\n日時：8/14(月祝)21:00～(生放送)\n詳細はコチラ↓\n … https://t.co/QqCS8t8dyC","truncated":true,"entities":{"hashtags":[],"symbols":[],"user_mentions":[],"urls":[{"url":"https://t.co/QqCS8t8dyC","expanded_url":"https://twitter.com/i/web/status/885695608945655808","display_url":"twitter.com/i/web/status/8…","indices":[101,124]}]},"metadata":{"iso_language_code":"ja","result_type":"recent"},"source":"<a href=\"http://twitter.com/download/android\" rel=\"nofollow\">Twitter for Android</a>","in_reply_to_status_id":null,"in_reply_to_status_id_str":null,"in_reply_to_user_id":null,"in_reply_to_user_id_str":null,"in_reply_to_screen_name":null,"user":{"id":2209943778,"id_str":"2209943778","name":"許斐剛","screen_name":"konomi_takeshi","location":"","description":"ハッピーメディアクリエイター時々漫画家…皆に夢と笑いをお届け( ^-^)ノ∠※。.:*:・'°☆","url":null,"entities":{"description":{"urls":[]}},"protected":false,"followers_count":241651,"friends_count":0,"listed_count":3225,"created_at":"Sat Nov 23 03:56:17 +0000 2013","favourites_count":0,"utc_offset":null,"time_zone":null,"geo_enabled":false,"verified":false,"statuses_count":2245,"lang":"ja","contributors_enabled":false,"is_translator":false,"is_translation_enabled":false,"profile_background_color":"C0DEED","profile_background_image_url":"http://abs.twimg.com/images/themes/theme1/bg.png","profile_background_image_url_https":"https://abs.twimg.com/images/themes/theme1/bg.png","profile_background_tile":false,"profile_image_url":"http://pbs.twimg.com/profile_images/460750658652475392/TrxdzJFh_normal.jpeg","profile_image_url_https":"https://pbs.twimg.com/profile_images/460750658652475392/TrxdzJFh_normal.jpeg","profile_banner_url":"https://pbs.twimg.com/profile_banners/2209943778/1391181654","profile_link_color":"1DA1F2","profile_sidebar_border_color":"C0DEED","profile_sidebar_fill_color":"DDEEF6","profile_text_color":"333333","profile_use_background_image":true,"has_extended_profile":false,"default_profile":true,"default_profile_image":false,"following":false,"follow_request_sent":false,"notifications":false,"translator_type":"none"},"geo":null,"coordinates":null,"place":null,"contributors":null,"is_quote_status":false,"retweet_count":5703,"favorite_count":6401,"favorited":false,"retweeted":false,"possibly_sensitive":false,"lang":"ja"},{"created_at":"Fri Jul 14 03:00:42 +0000 2017","id":885695521670680600,"id_str":"885695521670680576","text":"【速報】\n舞台「文豪ストレイドッグス」ついにメインキャスト発表！\nそして…大阪公演の開催が決定しました！\n詳細は公式HPを御覧ください！\nhttps://t.co/cw3jaxlg5o","truncated":false,"entities":{"hashtags":[],"symbols":[],"user_mentions":[],"urls":[{"url":"https://t.co/cw3jaxlg5o","expanded_url":"http://bungo-stage.com/","display_url":"bungo-stage.com","indices":[69,92]}]},"metadata":{"iso_language_code":"ja","result_type":"recent"},"source":"<a href=\"http://twitter.com\" rel=\"nofollow\">Twitter Web Client</a>","in_reply_to_status_id":null,"in_reply_to_status_id_str":null,"in_reply_to_user_id":null,"in_reply_to_user_id_str":null,"in_reply_to_screen_name":null,"user":{"id":833287623065997300,"id_str":"833287623065997312","name":"舞台「文豪ストレイドッグス」公式","screen_name":"bungo_stage","location":"横浜","description":"舞台「文豪ストレイドッグス」の公式アカウント。","url":"https://t.co/Vj1bJZ0vFR","entities":{"url":{"urls":[{"url":"https://t.co/Vj1bJZ0vFR","expanded_url":"http://bungo-stage.com/","display_url":"bungo-stage.com","indices":[0,23]}]},"description":{"urls":[]}},"protected":false,"followers_count":18519,"friends_count":2,"listed_count":218,"created_at":"Sun Feb 19 12:10:25 +0000 2017","favourites_count":0,"utc_offset":null,"time_zone":null,"geo_enabled":false,"verified":false,"statuses_count":3,"lang":"ja","contributors_enabled":false,"is_translator":false,"is_translation_enabled":false,"profile_background_color":"000000","profile_background_image_url":"http://abs.twimg.com/images/themes/theme1/bg.png","profile_background_image_url_https":"https://abs.twimg.com/images/themes/theme1/bg.png","profile_background_tile":false,"profile_image_url":"http://pbs.twimg.com/profile_images/885695760783691777/YBOg3-5Z_normal.jpg","profile_image_url_https":"https://pbs.twimg.com/profile_images/885695760783691777/YBOg3-5Z_normal.jpg","profile_banner_url":"https://pbs.twimg.com/profile_banners/833287623065997312/1500001479","profile_link_color":"ABB8C2","profile_sidebar_border_color":"000000","profile_sidebar_fill_color":"000000","profile_text_color":"000000","profile_use_background_image":false,"has_extended_profile":false,"default_profile":false,"default_profile_image":false,"following":false,"follow_request_sent":false,"notifications":false,"translator_type":"none"},"geo":null,"coordinates":null,"place":null,"contributors":null,"is_quote_status":false,"retweet_count":9665,"favorite_count":6996,"favorited":false,"retweeted":false,"possibly_sensitive":false,"lang":"ja"},{"created_at":"Fri Jul 14 03:00:01 +0000 2017","id":885695350689873900,"id_str":"885695350689873921","text":"Ra*bitsのキャスト解禁！\nついにユニットメンバーが4人揃って『あんステ』に登場します！\n詳細は公式HP https://t.co/oolC0kxX0y からご確認ください。\n#あんステ https://t.co/PXmtjk9joe","truncated":false,"entities":{"hashtags":[{"text":"あんステ","indices":[90,95]}],"symbols":[],"user_mentions":[],"urls":[{"url":"https://t.co/oolC0kxX0y","expanded_url":"https://www.marv.jp/special/ensemble_stage/","display_url":"marv.jp/special/ensemb…","indices":[55,78]}],"media":[{"id":885695215540985900,"id_str":"885695215540985856","indices":[96,119],"media_url":"http://pbs.twimg.com/media/DEqfGx2VYAAu3uX.jpg","media_url_https":"https://pbs.twimg.com/media/DEqfGx2VYAAu3uX.jpg","url":"https://t.co/PXmtjk9joe","display_url":"pic.twitter.com/PXmtjk9joe","expanded_url":"https://twitter.com/ensemble_stage/status/885695350689873921/photo/1","type":"photo","sizes":{"small":{"w":680,"h":392,"resize":"fit"},"thumb":{"w":150,"h":150,"resize":"crop"},"large":{"w":791,"h":456,"resize":"fit"},"medium":{"w":791,"h":456,"resize":"fit"}}}]},"extended_entities":{"media":[{"id":885695215540985900,"id_str":"885695215540985856","indices":[96,119],"media_url":"http://pbs.twimg.com/media/DEqfGx2VYAAu3uX.jpg","media_url_https":"https://pbs.twimg.com/media/DEqfGx2VYAAu3uX.jpg","url":"https://t.co/PXmtjk9joe","display_url":"pic.twitter.com/PXmtjk9joe","expanded_url":"https://twitter.com/ensemble_stage/status/885695350689873921/photo/1","type":"photo","sizes":{"small":{"w":680,"h":392,"resize":"fit"},"thumb":{"w":150,"h":150,"resize":"crop"},"large":{"w":791,"h":456,"resize":"fit"},"medium":{"w":791,"h":456,"resize":"fit"}}}]},"metadata":{"iso_language_code":"ja","result_type":"recent"},"source":"<a href=\"http://twitter.com\" rel=\"nofollow\">Twitter Web Client</a>","in_reply_to_status_id":null,"in_reply_to_status_id_str":null,"in_reply_to_user_id":null,"in_reply_to_user_id_str":null,"in_reply_to_screen_name":null,"user":{"id":713225083829878800,"id_str":"713225083829878784","name":"『あんさんぶるスターズ！オン・ステージ』","screen_name":"ensemble_stage","location":"","description":"「あんさんぶるスターズ!」舞台化作品 『あんさんぶるスターズ！オン・ステージ』公式アカウントです。2017年9月最新作上演決定！ ※当アカウントへのお問い合わせにはお答えできません。#あんステ","url":"https://t.co/QuoGTcHopb","entities":{"url":{"urls":[{"url":"https://t.co/QuoGTcHopb","expanded_url":"http://www.marv.jp/special/ensemble_stage/","display_url":"marv.jp/special/ensemb…","indices":[0,23]}]},"description":{"urls":[]}},"protected":false,"followers_count":80827,"friends_count":71,"listed_count":1565,"created_at":"Fri Mar 25 04:44:45 +0000 2016","favourites_count":1,"utc_offset":32400,"time_zone":"Tokyo","geo_enabled":false,"verified":true,"statuses_count":785,"lang":"ja","contributors_enabled":false,"is_translator":false,"is_translation_enabled":false,"profile_background_color":"000000","profile_background_image_url":"http://abs.twimg.com/images/themes/theme1/bg.png","profile_background_image_url_https":"https://abs.twimg.com/images/themes/theme1/bg.png","profile_background_tile":false,"profile_image_url":"http://pbs.twimg.com/profile_images/875562408315465730/fG-gOfY5_normal.jpg","profile_image_url_https":"https://pbs.twimg.com/profile_images/875562408315465730/fG-gOfY5_normal.jpg","profile_banner_url":"https://pbs.twimg.com/profile_banners/713225083829878784/1496631655","profile_link_color":"91D2FA","profile_sidebar_border_color":"000000","profile_sidebar_fill_color":"000000","profile_text_color":"000000","profile_use_background_image":false,"has_extended_profile":false,"default_profile":false,"default_profile_image":false,"following":false,"follow_request_sent":false,"notifications":false,"translator_type":"none"},"geo":null,"coordinates":null,"place":null,"contributors":null,"is_quote_status":false,"retweet_count":26487,"favorite_count":23770,"favorited":false,"retweeted":false,"possibly_sensitive":false,"lang":"ja"},{"created_at":"Fri Jul 14 02:46:56 +0000 2017","id":885692055665623000,"id_str":"885692055665623040","text":"★戸山香澄バースデー企画★@bang_dream_info をフォローし、このツイートをRTしてくれた方から抽選で1名様に、愛美さん直筆サイン入りアクリルキーホルダープレゼント！本日7/14締切！みんなで誕生日をお祝いしよう♪… https://t.co/PiNdV14dsQ","truncated":true,"entities":{"hashtags":[],"symbols":[],"user_mentions":[{"screen_name":"bang_dream_info","name":"BanG Dream!（バンドリ！）公式","id":3009772568,"id_str":"3009772568","indices":[13,29]}],"urls":[{"url":"https://t.co/PiNdV14dsQ","expanded_url":"https://twitter.com/i/web/status/885692055665623040","display_url":"twitter.com/i/web/status/8…","indices":[115,138]}]},"metadata":{"iso_language_code":"ja","result_type":"recent"},"source":"<a href=\"http://twitter.com\" rel=\"nofollow\">Twitter Web Client</a>","in_reply_to_status_id":null,"in_reply_to_status_id_str":null,"in_reply_to_user_id":null,"in_reply_to_user_id_str":null,"in_reply_to_screen_name":null,"user":{"id":3009772568,"id_str":"3009772568","name":"BanG Dream!（バンドリ！）公式","screen_name":"bang_dream_info","location":"","description":"キャラクター×リアルライブがリンクする次世代ガールズバンドプロジェクト「バンドリ！」公式ツイッター  ★2017年8月21日4thライブ日本武道館公演決定 ★月刊ブシロード「コミック版バンドリ！」連載中","url":"https://t.co/7zxacpSm0e","entities":{"url":{"urls":[{"url":"https://t.co/7zxacpSm0e","expanded_url":"http://bang-dream.com","display_url":"bang-dream.com","indices":[0,23]}]},"description":{"urls":[]}},"protected":false,"followers_count":211807,"friends_count":57,"listed_count":1514,"created_at":"Thu Feb 05 05:23:23 +0000 2015","favourites_count":3,"utc_offset":-25200,"time_zone":"Pacific Time (US & Canada)","geo_enabled":true,"verified":true,"statuses_count":3540,"lang":"ja","contributors_enabled":false,"is_translator":false,"is_translation_enabled":false,"profile_background_color":"000000","profile_background_image_url":"http://abs.twimg.com/images/themes/theme1/bg.png","profile_background_image_url_https":"https://abs.twimg.com/images/themes/theme1/bg.png","profile_background_tile":false,"profile_image_url":"http://pbs.twimg.com/profile_images/875580699486507008/_qScCKQd_normal.jpg","profile_image_url_https":"https://pbs.twimg.com/profile_images/875580699486507008/_qScCKQd_normal.jpg","profile_banner_url":"https://pbs.twimg.com/profile_banners/3009772568/1497588418","profile_link_color":"E4007F","profile_sidebar_border_color":"000000","profile_sidebar_fill_color":"000000","profile_text_color":"000000","profile_use_background_image":false,"has_extended_profile":false,"default_profile":false,"default_profile_image":false,"following":false,"follow_request_sent":false,"notifications":false,"translator_type":"none"},"geo":null,"coordinates":null,"place":null,"contributors":null,"is_quote_status":false,"retweet_count":7227,"favorite_count":3012,"favorited":false,"retweeted":false,"possibly_sensitive":false,"lang":"ja"}],"search_metadata":{"completed_in":0.693,"max_id":885771238043402200,"max_id_str":"885771238043402240","next_results":"?max_id=885692055665623039&q=lang%3Aja%20min_retweets%3A5000&include_entities=1","query":"lang%3Aja+min_retweets%3A5000","refresh_url":"?since_id=885771238043402240&q=lang%3Aja%20min_retweets%3A5000&include_entities=1","count":15,"since_id":0,"since_id_str":"0"}}