{"statuses":[{"created_at":"Wed Jul 19 12:50:54 +0000 2017","id":887655989553397800,"id_str":"887655989553397760","text":"#過保護のカホコ糸ちゃんおこ \n\n初君は今日スーツ着てるらしいよ☺️\nさて、なんのバイトでしょう⁉︎ https://t.co/Pw2HMknPuF","truncated":false,"entities":{"hashtags":[{"text":"過保護のカホコ糸ちゃんおこ","indices":[0,14]}],"symbols":[],"user_mentions":[],"urls":[],"media":[{"id":887655970364469200,"id_str":"887655970364469249","indices":[51,74],"media_url":"http://pbs.twimg.com/media/DFGWZuxUMAE97VP.jpg","media_url_https":"https://pbs.twimg.com/media/DFGWZuxUMAE97VP.jpg","url":"https://t.co/Pw2HMknPuF","display_url":"pic.twitter.com/Pw2HMknPuF","expanded_url":"https://twitter.com/takeuchi_ryoma/status/887655989553397760/photo/1","type":"photo","sizes":{"medium":{"w":900,"h":1200,"resize":"fit"},"small":{"w":510,"h":680,"resize":"fit"},"thumb":{"w":150,"h":150,"resize":"crop"},"large":{"w":1536,"h":2048,"resize":"fit"}}}]},"extended_entities":{"media":[{"id":887655970364469200,"id_str":"887655970364469249","indices":[51,74],"media_url":"http://pbs.twimg.com/media/DFGWZuxUMAE97VP.jpg","media_url_https":"https://pbs.twimg.com/media/DFGWZuxUMAE97VP.jpg","url":"https://t.co/Pw2HMknPuF","display_url":"pic.twitter.com/Pw2HMknPuF","expanded_url":"https://twitter.com/takeuchi_ryoma/status/887655989553397760/photo/1","type":"photo","sizes":{"medium":{"w":900,"h":1200,"resize":"fit"},"small":{"w":510,"h":680,"resize":"fit"},"thumb":{"w":150,"h":150,"resize":"crop"},"large":{"w":1536,"h":2048,"resize":"fit"}}}]},"metadata":{"iso_language_code":"ja","result_type":"recent"},"source":"<a href=\"http://twitter.com/download/iphone\" rel=\"nofollow\">Twitter for iPhone</a>","in_reply_to_status_id":null,"in_reply_to_status_id_str":null,"in_reply_to_user_id":null,"in_reply_to_user_id_str":null,"in_reply_to_screen_name":null,"user":{"id":2816575188,"id_str":"2816575188","name":"竹内涼真","screen_name":"takeuchi_ryoma","location":"","description":"竹内涼真オフィシャルアカウント ホリプロ所属 【竹内涼真携帯サイト】https://t.co/bHz3ujZU4w","url":"https://t.co/BInSeW6RrS","entities":{"url":{"urls":[{"url":"https://t.co/BInSeW6RrS","expanded_url":"http://www.horipro.co.jp/takeuchiryoma/","display_url":"horipro.co.jp/takeuchiryoma/","indices":[0,23]}]},"description":{"urls":[{"url":"https://t.co/bHz3ujZU4w","expanded_url":"http://goo.gl/Kfd42k","display_url":"goo.gl/Kfd42k","indices":[34,57]}]}},"protected":false,"followers_count":882078,"friends_count":177,"listed_count":2388,"created_at":"Thu Sep 18 08:13:38 +0000 2014","favourites_count":2265,"utc_offset":32400,"time_zone":"Tokyo","geo_enabled":false,"verified":true,"statuses_count":3948,"lang":"ja","contributors_enabled":false,"is_translator":false,"is_translation_enabled":false,"profile_background_color":"C0DEED","profile_background_image_url":"http://abs.twimg.com/images/themes/theme1/bg.png","profile_background_image_url_https":"https://abs.twimg.com/images/themes/theme1/bg.png","profile_background_tile":false,"profile_image_url":"http://pbs.twimg.com/profile_images/884783756246044672/ksy7UW1A_normal.jpg","profile_image_url_https":"https://pbs.twimg.com/profile_images/884783756246044672/ksy7UW1A_normal.jpg","profile_banner_url":"https://pbs.twimg.com/profile_banners/2816575188/1485176560","profile_link_color":"1DA1F2","profile_sidebar_border_color":"C0DEED","profile_sidebar_fill_color":"DDEEF6","profile_text_color":"333333","profile_use_background_image":true,"has_extended_profile":true,"default_profile":true,"default_profile_image":false,"following":false,"follow_request_sent":false,"notifications":false,"translator_type":"none"},"geo":null,"coordinates":null,"place":null,"contributors":null,"is_quote_status":false,"retweet_count":5301,"favorite_count":42030,"favorited":false,"retweeted":false,"possibly_sensitive":false,"lang":"ja"},{"created_at":"Wed Jul 19 12:39:59 +0000 2017","id":887653243488133100,"id_str":"887653243488133120","text":"レジャランで撮ったプリ画📸\n大変良く盛れました💮 https://t.co/9aJM9bBZYB","truncated":false,"entities":{"hashtags":[],"symbols":[],"user_mentions":[],"urls":[],"media":[{"id":887653225519661000,"id_str":"887653225519661057","indices":[25,48],"media_url":"http://pbs.twimg.com/media/DFGT59bUQAEOEAS.jpg","media_url_https":"https://pbs.twimg.com/media/DFGT59bUQAEOEAS.jpg","url":"https://t.co/9aJM9bBZYB","display_url":"pic.twitter.com/9aJM9bBZYB","expanded_url":"https://twitter.com/boc_chama/status/887653243488133120/photo/1","type":"photo","sizes":{"large":{"w":1000,"h":1200,"resize":"fit"},"thumb":{"w":150,"h":150,"resize":"crop"},"small":{"w":567,"h":680,"resize":"fit"},"medium":{"w":1000,"h":1200,"resize":"fit"}}}]},"extended_entities":{"media":[{"id":887653225519661000,"id_str":"887653225519661057","indices":[25,48],"media_url":"http://pbs.twimg.com/media/DFGT59bUQAEOEAS.jpg","media_url_https":"https://pbs.twimg.com/media/DFGT59bUQAEOEAS.jpg","url":"https://t.co/9aJM9bBZYB","display_url":"pic.twitter.com/9aJM9bBZYB","expanded_url":"https://twitter.com/boc_chama/status/887653243488133120/photo/1","type":"photo","sizes":{"large":{"w":1000,"h":1200,"resize":"fit"},"thumb":{"w":150,"h":150,"resize":"crop"},"small":{"w":567,"h":680,"resize":"fit"},"medium":{"w":1000,"h":1200,"resize":"fit"}}}]},"metadata":{"iso_language_code":"ja","result_type":"recent"},"source":"<a href=\"http://twitter.com/download/iphone\" rel=\"nofollow\">Twitter for iPhone</a>","in_reply_to_status_id":null,"in_reply_to_status_id_str":null,"in_reply_to_user_id":null,"in_reply_to_user_id_str":null,"in_reply_to_screen_name":null,"user":{"id":1356286430,"id_str":"1356286430","name":"CHAMA","screen_name":"boc_chama","location":"","description":"BUMP OF CHICKENのBASS担当のCHAMAです。TRANSFORMERSが大好きです。","url":null,"entities":{"description":{"urls":[]}},"protected":false,"followers_count":560089,"friends_count":1,"listed_count":4224,"created_at":"Tue Apr 16 07:29:08 +0000 2013","favourites_count":0,"utc_offset":28800,"time_zone":"Irkutsk","geo_enabled":false,"verified":true,"statuses_count":1010,"lang":"ja","contributors_enabled":false,"is_translator":false,"is_translation_enabled":false,"profile_background_color":"000000","profile_background_image_url":"http://pbs.twimg.com/profile_background_images/450626747449348096/rM88qM3c.jpeg","profile_background_image_url_https":"https://pbs.twimg.com/profile_background_images/450626747449348096/rM88qM3c.jpeg","profile_background_tile":false,"profile_image_url":"http://pbs.twimg.com/profile_images/542521509705576448/0bvm0b-I_normal.jpeg","profile_image_url_https":"https://pbs.twimg.com/profile_images/542521509705576448/0bvm0b-I_normal.jpeg","profile_banner_url":"https://pbs.twimg.com/profile_banners/1356286430/1418182183","profile_link_color":"000000","profile_sidebar_border_color":"000000","profile_sidebar_fill_color":"DDEEF6","profile_text_color":"333333","profile_use_background_image":true,"has_extended_profile":false,"default_profile":false,"default_profile_image":false,"following":false,"follow_request_sent":false,"notifications":false,"translator_type":"none"},"geo":null,"coordinates":null,"place":null,"contributors":null,"is_quote_status":false,"retweet_count":13531,"favorite_count":36639,"favorited":false,"retweeted":false,"possibly_sensitive":false,"lang":"ja"},{"created_at":"Wed Jul 19 11:31:18 +0000 2017","id":887635957347893200,"id_str":"887635957347893249","text":"【みやかわくん】ONE OK ROCK 「The Beginning」歌ってみた\n\nhttps://t.co/CRj25XoGZk\n\nを投稿しました","truncated":false,"entities":{"hashtags":[],"symbols":[],"user_mentions":[],"urls":[{"url":"https://t.co/CRj25XoGZk","expanded_url":"https://youtu.be/UVzWIGk0dEM","display_url":"youtu.be/UVzWIGk0dEM","indices":[42,65]}]},"metadata":{"iso_language_code":"ja","result_type":"recent"},"source":"<a href=\"http://twitter.com/download/iphone\" rel=\"nofollow\">Twitter for iPhone</a>","in_reply_to_status_id":null,"in_reply_to_status_id_str":null,"in_reply_to_user_id":null,"in_reply_to_user_id_str":null,"in_reply_to_screen_name":null,"user":{"id":2897656159,"id_str":"2897656159","name":"みやかわくん","screen_name":"My_kwk_N","location":"","description":"あ","url":null,"entities":{"description":{"urls":[]}},"protected":false,"followers_count":401736,"friends_count":69,"listed_count":1234,"created_at":"Wed Nov 12 14:34:23 +0000 2014","favourites_count":36689,"utc_offset":-25200,"time_zone":"Pacific Time (US & Canada)","geo_enabled":false,"verified":false,"statuses_count":6191,"lang":"ja","contributors_enabled":false,"is_translator":false,"is_translation_enabled":false,"profile_background_color":"000000","profile_background_image_url":"http://abs.twimg.com/images/themes/theme1/bg.png","profile_background_image_url_https":"https://abs.twimg.com/images/themes/theme1/bg.png","profile_background_tile":false,"profile_image_url":"http://pbs.twimg.com/profile_images/863795897691287552/Hx3P2xcH_normal.jpg","profile_image_url_https":"https://pbs.twimg.com/profile_images/863795897691287552/Hx3P2xcH_normal.jpg","profile_banner_url":"https://pbs.twimg.com/profile_banners/2897656159/1473694510","profile_link_color":"9266CC","profile_sidebar_border_color":"000000","profile_sidebar_fill_color":"000000","profile_text_color":"000000","profile_use_background_image":false,"has_extended_profile":false,"default_profile":false,"default_profile_image":false,"following":false,"follow_request_sent":false,"notifications":false,"translator_type":"none"},"geo":null,"coordinates":null,"place":null,"contributors":null,"is_quote_status":false,"retweet_count":6294,"favorite_count":16704,"favorited":false,"retweeted":false,"possibly_sensitive":false,"lang":"ja"},{"created_at":"Wed Jul 19 10:20:53 +0000 2017","id":887618237784932400,"id_str":"887618237784932352","text":"韓国4人組ガールズグループ BLACKPINK現地取材！\nダンスと歌唱力の魅力に迫ります！\n#明日のZIP! #SHOWBIZRABBIT! #ziptv https://t.co/OwFkLqmebt","truncated":false,"entities":{"hashtags":[{"text":"明日のZIP","indices":[46,53]},{"text":"SHOWBIZRABBIT","indices":[55,69]},{"text":"ziptv","indices":[71,77]}],"symbols":[],"user_mentions":[],"urls":[],"media":[{"id":887618158844026900,"id_str":"887618158844026880","indices":[78,101],"media_url":"http://pbs.twimg.com/media/DFF0Az4VoAAvTaw.jpg","media_url_https":"https://pbs.twimg.com/media/DFF0Az4VoAAvTaw.jpg","url":"https://t.co/OwFkLqmebt","display_url":"pic.twitter.com/OwFkLqmebt","expanded_url":"https://twitter.com/ZIP_TV/status/887618237784932352/photo/1","type":"photo","sizes":{"small":{"w":680,"h":510,"resize":"fit"},"thumb":{"w":150,"h":150,"resize":"crop"},"medium":{"w":1200,"h":900,"resize":"fit"},"large":{"w":1280,"h":960,"resize":"fit"}}}]},"extended_entities":{"media":[{"id":887618158844026900,"id_str":"887618158844026880","indices":[78,101],"media_url":"http://pbs.twimg.com/media/DFF0Az4VoAAvTaw.jpg","media_url_https":"https://pbs.twimg.com/media/DFF0Az4VoAAvTaw.jpg","url":"https://t.co/OwFkLqmebt","display_url":"pic.twitter.com/OwFkLqmebt","expanded_url":"https://twitter.com/ZIP_TV/status/887618237784932352/photo/1","type":"photo","sizes":{"small":{"w":680,"h":510,"resize":"fit"},"thumb":{"w":150,"h":150,"resize":"crop"},"medium":{"w":1200,"h":900,"resize":"fit"},"large":{"w":1280,"h":960,"resize":"fit"}}}]},"metadata":{"iso_language_code":"ja","result_type":"recent"},"source":"<a href=\"http://twitter.com\" rel=\"nofollow\">Twitter Web Client</a>","in_reply_to_status_id":null,"in_reply_to_status_id_str":null,"in_reply_to_user_id":null,"in_reply_to_user_id_str":null,"in_reply_to_screen_name":null,"user":{"id":271859211,"id_str":"271859211","name":"ZIP! 日テレ","screen_name":"ZIP_TV","location":"汐留","description":"日テレ系『ZIP!』公式アカウントは「@ZIP_TV」★ZIP!web編集スタッフがゆる～くつぶやきます。ハッシュタグは[#ziptv]。放送内容は変更になる場合があります。ご了承ください。★番組へのご意見、ご要望、お問い合わせは番組HPからお願いします。⇒https://t.co/OM0lQTPMl9","url":"https://t.co/OM0lQTPMl9","entities":{"url":{"urls":[{"url":"https://t.co/OM0lQTPMl9","expanded_url":"http://www.ntv.co.jp/zip/","display_url":"ntv.co.jp/zip/","indices":[0,23]}]},"description":{"urls":[{"url":"https://t.co/OM0lQTPMl9","expanded_url":"http://www.ntv.co.jp/zip/","display_url":"ntv.co.jp/zip/","indices":[129,152]}]}},"protected":false,"followers_count":256986,"friends_count":5453,"listed_count":2318,"created_at":"Fri Mar 25 09:49:04 +0000 2011","favourites_count":2290,"utc_offset":32400,"time_zone":"Tokyo","geo_enabled":false,"verified":true,"statuses_count":14681,"lang":"ja","contributors_enabled":false,"is_translator":false,"is_translation_enabled":false,"profile_background_color":"C0DEED","profile_background_image_url":"http://pbs.twimg.com/profile_background_images/712644569/4b8833d8201c2038f6c2e715f6e2e626.gif","profile_background_image_url_https":"https://pbs.twimg.com/profile_background_images/712644569/4b8833d8201c2038f6c2e715f6e2e626.gif","profile_background_tile":false,"profile_image_url":"http://pbs.twimg.com/profile_images/776067245583675392/Q_20qcaf_normal.jpg","profile_image_url_https":"https://pbs.twimg.com/profile_images/776067245583675392/Q_20qcaf_normal.jpg","profile_banner_url":"https://pbs.twimg.com/profile_banners/271859211/1447402331","profile_link_color":"E16EA6","profile_sidebar_border_color":"FFFFFF","profile_sidebar_fill_color":"DDEEF6","profile_text_color":"333333","profile_use_background_image":true,"has_extended_profile":false,"default_profile":false,"default_profile_image":false,"following":false,"follow_request_sent":false,"notifications":false,"translator_type":"none"},"geo":null,"coordinates":null,"place":null,"contributors":null,"is_quote_status":false,"retweet_count":5778,"favorite_count":11741,"favorited":false,"retweeted":false,"possibly_sensitive":false,"lang":"ja"},{"created_at":"Wed Jul 19 10:11:25 +0000 2017","id":887615854573101000,"id_str":"887615854573101056","text":"いま✌🏽 https://t.co/popHLk8RO8","truncated":false,"entities":{"hashtags":[],"symbols":[],"user_mentions":[],"urls":[],"media":[{"id":887615851590950900,"id_str":"887615851590950912","indices":[5,28],"media_url":"http://pbs.twimg.com/media/DFFx6gsVoAA4ZpD.jpg","media_url_https":"https://pbs.twimg.com/media/DFFx6gsVoAA4ZpD.jpg","url":"https://t.co/popHLk8RO8","display_url":"pic.twitter.com/popHLk8RO8","expanded_url":"https://twitter.com/T_IWATA_EX_3JSB/status/887615854573101056/photo/1","type":"photo","sizes":{"large":{"w":2048,"h":2048,"resize":"fit"},"thumb":{"w":150,"h":150,"resize":"crop"},"medium":{"w":1200,"h":1200,"resize":"fit"},"small":{"w":680,"h":680,"resize":"fit"}}}]},"extended_entities":{"media":[{"id":887615851590950900,"id_str":"887615851590950912","indices":[5,28],"media_url":"http://pbs.twimg.com/media/DFFx6gsVoAA4ZpD.jpg","media_url_https":"https://pbs.twimg.com/media/DFFx6gsVoAA4ZpD.jpg","url":"https://t.co/popHLk8RO8","display_url":"pic.twitter.com/popHLk8RO8","expanded_url":"https://twitter.com/T_IWATA_EX_3JSB/status/887615854573101056/photo/1","type":"photo","sizes":{"large":{"w":2048,"h":2048,"resize":"fit"},"thumb":{"w":150,"h":150,"resize":"crop"},"medium":{"w":1200,"h":1200,"resize":"fit"},"small":{"w":680,"h":680,"resize":"fit"}}}]},"metadata":{"iso_language_code":"ja","result_type":"recent"},"source":"<a href=\"http://twitter.com/download/iphone\" rel=\"nofollow\">Twitter for iPhone</a>","in_reply_to_status_id":null,"in_reply_to_status_id_str":null,"in_reply_to_user_id":null,"in_reply_to_user_id_str":null,"in_reply_to_screen_name":null,"user":{"id":3836540300,"id_str":"3836540300","name":"Takanori Iwata","screen_name":"T_IWATA_EX_3JSB","location":"Tokyo, JAPAN","description":"岩田剛典 (Dancer/Actor/a member of ‘EXILE’ and ‘The 3rd J Soul Brothers’ in Japan.)","url":"https://t.co/tIwDJnf60E","entities":{"url":{"urls":[{"url":"https://t.co/tIwDJnf60E","expanded_url":"https://m.youtube.com/watch?v=vS7-JPj8V-Q","display_url":"m.youtube.com/watch?v=vS7-JP…","indices":[0,23]}]},"description":{"urls":[]}},"protected":false,"followers_count":1607216,"friends_count":138,"listed_count":2575,"created_at":"Fri Oct 09 12:58:54 +0000 2015","favourites_count":158,"utc_offset":-25200,"time_zone":"Pacific Time (US & Canada)","geo_enabled":true,"verified":true,"statuses_count":893,"lang":"ja","contributors_enabled":false,"is_translator":false,"is_translation_enabled":false,"profile_background_color":"C0DEED","profile_background_image_url":"http://abs.twimg.com/images/themes/theme1/bg.png","profile_background_image_url_https":"https://abs.twimg.com/images/themes/theme1/bg.png","profile_background_tile":false,"profile_image_url":"http://pbs.twimg.com/profile_images/847859713119105024/5o620jiE_normal.jpg","profile_image_url_https":"https://pbs.twimg.com/profile_images/847859713119105024/5o620jiE_normal.jpg","profile_banner_url":"https://pbs.twimg.com/profile_banners/3836540300/1489420755","profile_link_color":"1DA1F2","profile_sidebar_border_color":"C0DEED","profile_sidebar_fill_color":"DDEEF6","profile_text_color":"333333","profile_use_background_image":true,"has_extended_profile":false,"default_profile":true,"default_profile_image":false,"following":false,"follow_request_sent":false,"notifications":false,"translator_type":"none"},"geo":null,"coordinates":null,"place":null,"contributors":null,"is_quote_status":false,"retweet_count":11705,"favorite_count":80921,"favorited":false,"retweeted":false,"possibly_sensitive":false,"lang":"ja"},{"created_at":"Wed Jul 19 10:02:25 +0000 2017","id":887613589246271500,"id_str":"887613589246271488","text":"「こんな暑さでへばってたら多治見では生きていけない」は草\n＃nhk https://t.co/bB78BiAvYR","truncated":false,"entities":{"hashtags":[{"text":"nhk","indices":[29,33]}],"symbols":[],"user_mentions":[],"urls":[],"media":[{"id":887613451014619100,"id_str":"887613451014619138","indices":[34,57],"media_url":"http://pbs.twimg.com/media/DFFvux2VwAIOW4u.jpg","media_url_https":"https://pbs.twimg.com/media/DFFvux2VwAIOW4u.jpg","url":"https://t.co/bB78BiAvYR","display_url":"pic.twitter.com/bB78BiAvYR","expanded_url":"https://twitter.com/GeeGaku/status/887613589246271488/photo/1","type":"photo","sizes":{"large":{"w":1920,"h":1080,"resize":"fit"},"thumb":{"w":150,"h":150,"resize":"crop"},"small":{"w":680,"h":383,"resize":"fit"},"medium":{"w":1200,"h":675,"resize":"fit"}}}]},"extended_entities":{"media":[{"id":887613451014619100,"id_str":"887613451014619138","indices":[34,57],"media_url":"http://pbs.twimg.com/media/DFFvux2VwAIOW4u.jpg","media_url_https":"https://pbs.twimg.com/media/DFFvux2VwAIOW4u.jpg","url":"https://t.co/bB78BiAvYR","display_url":"pic.twitter.com/bB78BiAvYR","expanded_url":"https://twitter.com/GeeGaku/status/887613589246271488/photo/1","type":"photo","sizes":{"large":{"w":1920,"h":1080,"resize":"fit"},"thumb":{"w":150,"h":150,"resize":"crop"},"small":{"w":680,"h":383,"resize":"fit"},"medium":{"w":1200,"h":675,"resize":"fit"}}}]},"metadata":{"iso_language_code":"ja","result_type":"recent"},"source":"<a href=\"http://twitter.com\" rel=\"nofollow\">Twitter Web Client</a>","in_reply_to_status_id":null,"in_reply_to_status_id_str":null,"in_reply_to_user_id":null,"in_reply_to_user_id_str":null,"in_reply_to_screen_name":null,"user":{"id":714296970,"id_str":"714296970","name":"陸将の第一師団長","screen_name":"GeeGaku","location":"女装沼につうずるっこんじまった","description":"軍の編成.戦略.安全保障が好き/共産趣味/東独装備収集やクラシックも好き","url":"https://t.co/9lDzxFWRZI","entities":{"url":{"urls":[{"url":"https://t.co/9lDzxFWRZI","expanded_url":"http://twpf.jp/GeeGaku","display_url":"twpf.jp/GeeGaku","indices":[0,23]}]},"description":{"urls":[]}},"protected":false,"followers_count":2159,"friends_count":706,"listed_count":32,"created_at":"Tue Jul 24 13:33:48 +0000 2012","favourites_count":7505,"utc_offset":32400,"time_zone":"Tokyo","geo_enabled":false,"verified":false,"statuses_count":230130,"lang":"ja","contributors_enabled":false,"is_translator":false,"is_translation_enabled":false,"profile_background_color":"C0DEED","profile_background_image_url":"http://abs.twimg.com/images/themes/theme1/bg.png","profile_background_image_url_https":"https://abs.twimg.com/images/themes/theme1/bg.png","profile_background_tile":false,"profile_image_url":"http://pbs.twimg.com/profile_images/678875992119640064/75a4Qoet_normal.png","profile_image_url_https":"https://pbs.twimg.com/profile_images/678875992119640064/75a4Qoet_normal.png","profile_banner_url":"https://pbs.twimg.com/profile_banners/714296970/1489763615","profile_link_color":"1DA1F2","profile_sidebar_border_color":"C0DEED","profile_sidebar_fill_color":"DDEEF6","profile_text_color":"333333","profile_use_background_image":true,"has_extended_profile":true,"default_profile":true,"default_profile_image":false,"following":false,"follow_request_sent":false,"notifications":false,"translator_type":"none"},"geo":null,"coordinates":null,"place":null,"contributors":null,"is_quote_status":false,"retweet_count":6257,"favorite_count":6178,"favorited":false,"retweeted":false,"possibly_sensitive":false,"lang":"ja"},{"created_at":"Wed Jul 19 10:00:22 +0000 2017","id":887613074307469300,"id_str":"887613074307469312","text":"🎊🎊🎊大ヒット記念プレゼント！🎊🎊🎊\n\n「#兄こま」大ヒット！を記念して、先日のイベントでも配布した特製うちわ🌴を、このツイートをRTしてくれた方の中から抽選で20名様にプレゼント💞\nアカウントのフォローもお忘れなく💫\n\n※裏側の… https://t.co/FxsHKTanOp","truncated":true,"entities":{"hashtags":[{"text":"兄こま","indices":[21,25]}],"symbols":[],"user_mentions":[],"urls":[{"url":"https://t.co/FxsHKTanOp","expanded_url":"https://twitter.com/i/web/status/887613074307469312","display_url":"twitter.com/i/web/status/8…","indices":[117,140]}]},"metadata":{"iso_language_code":"ja","result_type":"recent"},"source":"<a href=\"http://www.hootsuite.com\" rel=\"nofollow\">Hootsuite</a>","in_reply_to_status_id":null,"in_reply_to_status_id_str":null,"in_reply_to_user_id":null,"in_reply_to_user_id_str":null,"in_reply_to_screen_name":null,"user":{"id":763281638470004700,"id_str":"763281638470004737","name":"映画『兄に愛されすぎて困ってます』公式","screen_name":"anikoma_movie","location":"","description":"映画『兄に愛されすぎて困ってます』公式Twitterです。2017.6.30（金）全国ロードショー！ドラマは2017.4.12（水）深夜より、日本テレビ他で放送スタート！ ♡公式Instagram→https://t.co/PPVn3uhvC0 #兄こま","url":"https://t.co/f21AagyUBF","entities":{"url":{"urls":[{"url":"https://t.co/f21AagyUBF","expanded_url":"http://anikoma-movie.jp/","display_url":"anikoma-movie.jp","indices":[0,23]}]},"description":{"urls":[{"url":"https://t.co/PPVn3uhvC0","expanded_url":"https://www.instagram.com/anikoma_movie/","display_url":"instagram.com/anikoma_movie/","indices":[99,122]}]}},"protected":false,"followers_count":202881,"friends_count":20,"listed_count":302,"created_at":"Wed Aug 10 07:51:38 +0000 2016","favourites_count":6,"utc_offset":null,"time_zone":null,"geo_enabled":false,"verified":false,"statuses_count":1196,"lang":"ja","contributors_enabled":false,"is_translator":false,"is_translation_enabled":false,"profile_background_color":"F5F8FA","profile_background_image_url":null,"profile_background_image_url_https":null,"profile_background_tile":false,"profile_image_url":"http://pbs.twimg.com/profile_images/811768830242353153/kkD1baIc_normal.jpg","profile_image_url_https":"https://pbs.twimg.com/profile_images/811768830242353153/kkD1baIc_normal.jpg","profile_banner_url":"https://pbs.twimg.com/profile_banners/763281638470004737/1482375747","profile_link_color":"1DA1F2","profile_sidebar_border_color":"C0DEED","profile_sidebar_fill_color":"DDEEF6","profile_text_color":"333333","profile_use_background_image":true,"has_extended_profile":false,"default_profile":true,"default_profile_image":false,"following":false,"follow_request_sent":false,"notifications":false,"translator_type":"none"},"geo":null,"coordinates":null,"place":null,"contributors":null,"is_quote_status":false,"retweet_count":11896,"favorite_count":11352,"favorited":false,"retweeted":false,"possibly_sensitive":false,"lang":"ja"},{"created_at":"Wed Jul 19 09:38:40 +0000 2017","id":887607614212681700,"id_str":"887607614212681728","text":"さらに、明日のアニメ放送にはあの男たちも登場する……!? 「炎のバトル！ガラガラあらわる！！」は、明日18時55分から！https://t.co/kpyBo7GjJK #アニポケ https://t.co/GAGB7TAADk","truncated":false,"entities":{"hashtags":[{"text":"アニポケ","indices":[84,89]}],"symbols":[],"user_mentions":[],"urls":[{"url":"https://t.co/kpyBo7GjJK","expanded_url":"http://www.tv-tokyo.co.jp/anime/pokemon_sunmoon/","display_url":"tv-tokyo.co.jp/anime/pokemon_…","indices":[60,83]}],"media":[{"id":887600764599681000,"id_str":"887600764599681024","indices":[90,113],"media_url":"http://pbs.twimg.com/media/DFFkMVRUQAA_9aZ.jpg","media_url_https":"https://pbs.twimg.com/media/DFFkMVRUQAA_9aZ.jpg","url":"https://t.co/GAGB7TAADk","display_url":"pic.twitter.com/GAGB7TAADk","expanded_url":"https://twitter.com/Pokemon_cojp/status/887607614212681728/photo/1","type":"photo","sizes":{"thumb":{"w":150,"h":150,"resize":"crop"},"medium":{"w":1200,"h":675,"resize":"fit"},"large":{"w":1920,"h":1080,"resize":"fit"},"small":{"w":680,"h":383,"resize":"fit"}}}]},"extended_entities":{"media":[{"id":887600764599681000,"id_str":"887600764599681024","indices":[90,113],"media_url":"http://pbs.twimg.com/media/DFFkMVRUQAA_9aZ.jpg","media_url_https":"https://pbs.twimg.com/media/DFFkMVRUQAA_9aZ.jpg","url":"https://t.co/GAGB7TAADk","display_url":"pic.twitter.com/GAGB7TAADk","expanded_url":"https://twitter.com/Pokemon_cojp/status/887607614212681728/photo/1","type":"photo","sizes":{"thumb":{"w":150,"h":150,"resize":"crop"},"medium":{"w":1200,"h":675,"resize":"fit"},"large":{"w":1920,"h":1080,"resize":"fit"},"small":{"w":680,"h":383,"resize":"fit"}}}]},"metadata":{"iso_language_code":"ja","result_type":"recent"},"source":"<a href=\"http://twitter.com\" rel=\"nofollow\">Twitter Web Client</a>","in_reply_to_status_id":887597901349879800,"in_reply_to_status_id_str":"887597901349879809","in_reply_to_user_id":323091128,"in_reply_to_user_id_str":"323091128","in_reply_to_screen_name":"Pokemon_cojp","user":{"id":323091128,"id_str":"323091128","name":"ポケモン公式ツイッター","screen_name":"Pokemon_cojp","location":"東京都","description":"株式会社ポケモンの公式アカウントより、「ポケットモンスターオフィシャルサイト」最新情報をお届けします。\r\nお客様からの個別のメッセージなどは、Twitter上ではご返答できかねますのでご了承下さい。\r\n「ポケットモンスターオフィシャルサイト」のお問い合わせ窓口よりご連絡下さい。","url":"http://t.co/fpHgcccZIk","entities":{"url":{"urls":[{"url":"http://t.co/fpHgcccZIk","expanded_url":"http://www.pokemon.co.jp/","display_url":"pokemon.co.jp","indices":[0,22]}]},"description":{"urls":[]}},"protected":false,"followers_count":464936,"friends_count":3,"listed_count":5500,"created_at":"Fri Jun 24 07:12:45 +0000 2011","favourites_count":0,"utc_offset":32400,"time_zone":"Tokyo","geo_enabled":false,"verified":true,"statuses_count":7674,"lang":"ja","contributors_enabled":false,"is_translator":false,"is_translation_enabled":false,"profile_background_color":"FFE017","profile_background_image_url":"http://pbs.twimg.com/profile_background_images/747564846/b1272a6602f8339072079eb2863042fe.gif","profile_background_image_url_https":"https://pbs.twimg.com/profile_background_images/747564846/b1272a6602f8339072079eb2863042fe.gif","profile_background_tile":true,"profile_image_url":"http://pbs.twimg.com/profile_images/875568149554274307/dC3miYeA_normal.jpg","profile_image_url_https":"https://pbs.twimg.com/profile_images/875568149554274307/dC3miYeA_normal.jpg","profile_banner_url":"https://pbs.twimg.com/profile_banners/323091128/1499398880","profile_link_color":"0088CC","profile_sidebar_border_color":"FFFFFF","profile_sidebar_fill_color":"FFF9CF","profile_text_color":"333333","profile_use_background_image":true,"has_extended_profile":false,"default_profile":false,"default_profile_image":false,"following":false,"follow_request_sent":false,"notifications":false,"translator_type":"none"},"geo":null,"coordinates":null,"place":null,"contributors":null,"is_quote_status":false,"retweet_count":6160,"favorite_count":4520,"favorited":false,"retweeted":false,"possibly_sensitive":false,"lang":"ja"},{"created_at":"Wed Jul 19 09:35:58 +0000 2017","id":887606932617416700,"id_str":"887606932617416704","text":"隔離エリアにシャケが近づくと、クマサン商会の募集が始まる謎のバイト「サーモンラン」。\n7月21日（金）の発売から3日間はシャケが大量発生し、特別に高頻度でバイトが募集されるらしい。\n参加にはランク4以上が必要だが、この機会に「サー… https://t.co/KGlBExdcT4","truncated":true,"entities":{"hashtags":[],"symbols":[],"user_mentions":[],"urls":[{"url":"https://t.co/KGlBExdcT4","expanded_url":"https://twitter.com/i/web/status/887606932617416704","display_url":"twitter.com/i/web/status/8…","indices":[117,140]}]},"metadata":{"iso_language_code":"ja","result_type":"recent"},"source":"<a href=\"http://twitter.com\" rel=\"nofollow\">Twitter Web Client</a>","in_reply_to_status_id":null,"in_reply_to_status_id_str":null,"in_reply_to_user_id":null,"in_reply_to_user_id_str":null,"in_reply_to_screen_name":null,"user":{"id":2888006497,"id_str":"2888006497","name":"Splatoon（スプラトゥーン）","screen_name":"SplatoonJP","location":"","description":"『スプラトゥーン』公式総合アカウント。イカ研究所の調査報告（ゲーム情報）やお知らせをお伝えします。最新作の『スプラトゥーン2』は2017年7月21日（金）発売予定。ご質問・お問い合わせにはお答えしておりませんのでご容赦ください。 ※イカ研究所は実在の人物、団体とは一切関係ございません。","url":"https://t.co/yCMNfZlVpz","entities":{"url":{"urls":[{"url":"https://t.co/yCMNfZlVpz","expanded_url":"https://www.nintendo.co.jp/switch/aab6a/index.html","display_url":"nintendo.co.jp/switch/aab6a/i…","indices":[0,23]}]},"description":{"urls":[]}},"protected":false,"followers_count":665272,"friends_count":1,"listed_count":6475,"created_at":"Mon Nov 03 01:36:06 +0000 2014","favourites_count":0,"utc_offset":32400,"time_zone":"Tokyo","geo_enabled":false,"verified":true,"statuses_count":1476,"lang":"ja","contributors_enabled":false,"is_translator":false,"is_translation_enabled":false,"profile_background_color":"000000","profile_background_image_url":"http://pbs.twimg.com/profile_background_images/530105343452274688/WJl6dNx5.jpeg","profile_background_image_url_https":"https://pbs.twimg.com/profile_background_images/530105343452274688/WJl6dNx5.jpeg","profile_background_tile":false,"profile_image_url":"http://pbs.twimg.com/profile_images/819765217957552132/1WftJJM1_normal.jpg","profile_image_url_https":"https://pbs.twimg.com/profile_images/819765217957552132/1WftJJM1_normal.jpg","profile_banner_url":"https://pbs.twimg.com/profile_banners/2888006497/1484282224","profile_link_color":"000000","profile_sidebar_border_color":"000000","profile_sidebar_fill_color":"E3E2DE","profile_text_color":"634047","profile_use_background_image":true,"has_extended_profile":false,"default_profile":false,"default_profile_image":false,"following":false,"follow_request_sent":false,"notifications":false,"translator_type":"none"},"geo":null,"coordinates":null,"place":null,"contributors":null,"is_quote_status":false,"retweet_count":7579,"favorite_count":12026,"favorited":false,"retweeted":false,"possibly_sensitive":false,"lang":"ja"},{"created_at":"Wed Jul 19 09:20:00 +0000 2017","id":887602914440601600,"id_str":"887602914440601600","text":"不夜城のキャスター育ててる妹が「この人物語を語ってくれる人なんだよね。つまりＦＧＯ界の稲川淳二」とか言い始めて肩プルプルしながら耐えたんだけど、その後の「うわ～嫌だな～～怖いな怖いな～死にたくないな～～」って発言で耐えきれず麦茶吹いた","truncated":false,"entities":{"hashtags":[],"symbols":[],"user_mentions":[],"urls":[]},"metadata":{"iso_language_code":"ja","result_type":"recent"},"source":"<a href=\"http://twitter.com/download/android\" rel=\"nofollow\">Twitter for Android</a>","in_reply_to_status_id":null,"in_reply_to_status_id_str":null,"in_reply_to_user_id":null,"in_reply_to_user_id_str":null,"in_reply_to_screen_name":null,"user":{"id":598732838,"id_str":"598732838","name":"ライは幕間のダメージがヤバい","screen_name":"raisama801","location":"エネルが吐いた二酸化炭素うめぇ","description":"【成人済み】ジュナぐだ♀中心に鯖ぐだ♀を常に欲してる。官兵衛さんの全てがエロいので今日は早退します。\nツイフィ［https://t.co/gVpoj28Om2］\npixiv［https://t.co/DZTHb2UzMc…］","url":"https://t.co/8LTrYDLMG8","entities":{"url":{"urls":[{"url":"https://t.co/8LTrYDLMG8","expanded_url":"http://id34.fm-p.jp/340/am15820413/","display_url":"id34.fm-p.jp/340/am15820413/","indices":[0,23]}]},"description":{"urls":[{"url":"https://t.co/gVpoj28Om2","expanded_url":"http://twpf.jp/raisama801","display_url":"twpf.jp/raisama801","indices":[56,79]},{"url":"https://t.co/DZTHb2UzMc","expanded_url":"http://touch.pixiv.net/member.php?id=","display_url":"touch.pixiv.net/member.php?id=","indices":[87,110]}]}},"protected":false,"followers_count":2786,"friends_count":1827,"listed_count":70,"created_at":"Sun Jun 03 23:01:07 +0000 2012","favourites_count":8811,"utc_offset":null,"time_zone":null,"geo_enabled":true,"verified":false,"statuses_count":141028,"lang":"ja","contributors_enabled":false,"is_translator":false,"is_translation_enabled":false,"profile_background_color":"C0DEED","profile_background_image_url":"http://abs.twimg.com/images/themes/theme1/bg.png","profile_background_image_url_https":"https://abs.twimg.com/images/themes/theme1/bg.png","profile_background_tile":false,"profile_image_url":"http://pbs.twimg.com/profile_images/852258076476325888/TNZZ8WCK_normal.jpg","profile_image_url_https":"https://pbs.twimg.com/profile_images/852258076476325888/TNZZ8WCK_normal.jpg","profile_banner_url":"https://pbs.twimg.com/profile_banners/598732838/1497243491","profile_link_color":"1DA1F2","profile_sidebar_border_color":"C0DEED","profile_sidebar_fill_color":"DDEEF6","profile_text_color":"333333","profile_use_background_image":true,"has_extended_profile":false,"default_profile":true,"default_profile_image":false,"following":false,"follow_request_sent":false,"notifications":false,"translator_type":"none"},"geo":null,"coordinates":null,"place":null,"contributors":null,"is_quote_status":false,"retweet_count":5032,"favorite_count":4519,"favorited":false,"retweeted":false,"lang":"ja"},{"created_at":"Wed Jul 19 09:07:53 +0000 2017","id":887599867500953600,"id_str":"887599867500953600","text":"【カルデア広報局より】\n7月20日(木)17:00～18:00の期間に「復刻:夏だ! 海だ! 開拓だ! FGO 2016 Summer カルデアヒートオデッセイ ライト版」開始のためメンテナンスを実施いたします。→https://t.co/f2xxbzGjWE #FateGO","truncated":false,"entities":{"hashtags":[{"text":"FateGO","indices":[131,138]}],"symbols":[],"user_mentions":[],"urls":[{"url":"https://t.co/f2xxbzGjWE","expanded_url":"http://news.fate-go.jp/2017/0719oerwc/","display_url":"news.fate-go.jp/2017/0719oerwc/","indices":[107,130]}]},"metadata":{"iso_language_code":"ja","result_type":"recent"},"source":"<a href=\"http://twitter.com\" rel=\"nofollow\">Twitter Web Client</a>","in_reply_to_status_id":null,"in_reply_to_status_id_str":null,"in_reply_to_user_id":null,"in_reply_to_user_id_str":null,"in_reply_to_screen_name":null,"user":{"id":2968069742,"id_str":"2968069742","name":"【公式】Fate/Grand Order","screen_name":"fgoproject","location":"","description":"TYPE-MOONが贈る、新たな「Fate」RPG「Fate/Grand Order」公式アカウント。カルデア広報局より、皆様に最新情報をお届けします！公式ハッシュタグ → #FateGO","url":"http://t.co/NtAp9EJPBj","entities":{"url":{"urls":[{"url":"http://t.co/NtAp9EJPBj","expanded_url":"http://www.fate-go.jp/","display_url":"fate-go.jp","indices":[0,22]}]},"description":{"urls":[]}},"protected":false,"followers_count":729038,"friends_count":0,"listed_count":8898,"created_at":"Fri Jan 09 04:12:09 +0000 2015","favourites_count":0,"utc_offset":32400,"time_zone":"Seoul","geo_enabled":false,"verified":true,"statuses_count":1957,"lang":"ja","contributors_enabled":false,"is_translator":false,"is_translation_enabled":false,"profile_background_color":"C0DEED","profile_background_image_url":"http://abs.twimg.com/images/themes/theme1/bg.png","profile_background_image_url_https":"https://abs.twimg.com/images/themes/theme1/bg.png","profile_background_tile":false,"profile_image_url":"http://pbs.twimg.com/profile_images/848188127462031361/LR9bGs9q_normal.jpg","profile_image_url_https":"https://pbs.twimg.com/profile_images/848188127462031361/LR9bGs9q_normal.jpg","profile_banner_url":"https://pbs.twimg.com/profile_banners/2968069742/1491058804","profile_link_color":"3B94D9","profile_sidebar_border_color":"C0DEED","profile_sidebar_fill_color":"DDEEF6","profile_text_color":"333333","profile_use_background_image":true,"has_extended_profile":false,"default_profile":false,"default_profile_image":false,"following":false,"follow_request_sent":false,"notifications":false,"translator_type":"none"},"geo":null,"coordinates":null,"place":null,"contributors":null,"is_quote_status":false,"retweet_count":5836,"favorite_count":3310,"favorited":false,"retweeted":false,"possibly_sensitive":false,"lang":"ja"},{"created_at":"Wed Jul 19 09:05:31 +0000 2017","id":887599268290191400,"id_str":"887599268290191360","text":"クマにまたがりお馬の稽古タヌキ https://t.co/IcMqLTQoFL","truncated":false,"entities":{"hashtags":[],"symbols":[],"user_mentions":[],"urls":[],"media":[{"id":887599158881697800,"id_str":"887599158881697798","indices":[16,39],"media_url":"http://pbs.twimg.com/media/DFFiu3gUQAYr8Ko.png","media_url_https":"https://pbs.twimg.com/media/DFFiu3gUQAYr8Ko.png","url":"https://t.co/IcMqLTQoFL","display_url":"pic.twitter.com/IcMqLTQoFL","expanded_url":"https://twitter.com/atamotonu/status/887599268290191360/photo/1","type":"photo","sizes":{"medium":{"w":413,"h":500,"resize":"fit"},"thumb":{"w":150,"h":150,"resize":"crop"},"small":{"w":413,"h":500,"resize":"fit"},"large":{"w":413,"h":500,"resize":"fit"}}}]},"extended_entities":{"media":[{"id":887599158881697800,"id_str":"887599158881697798","indices":[16,39],"media_url":"http://pbs.twimg.com/media/DFFiu3gUQAYr8Ko.png","media_url_https":"https://pbs.twimg.com/media/DFFiu3gUQAYr8Ko.png","url":"https://t.co/IcMqLTQoFL","display_url":"pic.twitter.com/IcMqLTQoFL","expanded_url":"https://twitter.com/atamotonu/status/887599268290191360/photo/1","type":"photo","sizes":{"medium":{"w":413,"h":500,"resize":"fit"},"thumb":{"w":150,"h":150,"resize":"crop"},"small":{"w":413,"h":500,"resize":"fit"},"large":{"w":413,"h":500,"resize":"fit"}}}]},"metadata":{"iso_language_code":"ja","result_type":"recent"},"source":"<a href=\"http://twitter.com\" rel=\"nofollow\">Twitter Web Client</a>","in_reply_to_status_id":null,"in_reply_to_status_id_str":null,"in_reply_to_user_id":null,"in_reply_to_user_id_str":null,"in_reply_to_screen_name":null,"user":{"id":723128021540954100,"id_str":"723128021540954113","name":"アタモト","screen_name":"atamotonu","location":"","description":"仕事関係の告知と楽描き用アカウント。 「タヌキとキツネ」「たるしば」など色々描いてます。リプ返し出来なくてごめんなさい、いつもありがとうございます。タヌキとキツネLINEスタンプ→https://t.co/Xpx4P8NBPs ※当アカウントのイラストの加工や転載はご遠慮ください","url":"https://t.co/3h6zd8eIug","entities":{"url":{"urls":[{"url":"https://t.co/3h6zd8eIug","expanded_url":"http://inch.sakura.ne.jp/","display_url":"inch.sakura.ne.jp","indices":[0,23]}]},"description":{"urls":[{"url":"https://t.co/Xpx4P8NBPs","expanded_url":"http://line.me/S/shop/sticker/author/101150","display_url":"line.me/S/shop/sticker…","indices":[90,113]}]}},"protected":false,"followers_count":478902,"friends_count":21,"listed_count":3627,"created_at":"Thu Apr 21 12:35:30 +0000 2016","favourites_count":158,"utc_offset":32400,"time_zone":"Tokyo","geo_enabled":false,"verified":false,"statuses_count":831,"lang":"ja","contributors_enabled":false,"is_translator":false,"is_translation_enabled":false,"profile_background_color":"000000","profile_background_image_url":"http://abs.twimg.com/images/themes/theme1/bg.png","profile_background_image_url_https":"https://abs.twimg.com/images/themes/theme1/bg.png","profile_background_tile":false,"profile_image_url":"http://pbs.twimg.com/profile_images/812948188793434112/Mu7Li4la_normal.jpg","profile_image_url_https":"https://pbs.twimg.com/profile_images/812948188793434112/Mu7Li4la_normal.jpg","profile_link_color":"D98719","profile_sidebar_border_color":"000000","profile_sidebar_fill_color":"000000","profile_text_color":"000000","profile_use_background_image":false,"has_extended_profile":false,"default_profile":false,"default_profile_image":false,"following":false,"follow_request_sent":false,"notifications":false,"translator_type":"none"},"geo":null,"coordinates":null,"place":null,"contributors":null,"is_quote_status":false,"retweet_count":11274,"favorite_count":29968,"favorited":false,"retweeted":false,"possibly_sensitive":false,"lang":"ja"},{"created_at":"Wed Jul 19 09:02:13 +0000 2017","id":887598441014087700,"id_str":"887598441014087680","text":"レギュラーマッチ、ガチマッチ、リーグマッチなどで発売時点からプレイできるステージはこの8つ。\nそれぞれ2時間ごとに2つのステージが候補となり、バトルごとにどちらかのステージで戦うことになるぞ。\nまずは特徴を覚えて、ステージの組み合… https://t.co/h7KVWyck63","truncated":true,"entities":{"hashtags":[],"symbols":[],"user_mentions":[],"urls":[{"url":"https://t.co/h7KVWyck63","expanded_url":"https://twitter.com/i/web/status/887598441014087680","display_url":"twitter.com/i/web/status/8…","indices":[117,140]}]},"metadata":{"iso_language_code":"ja","result_type":"recent"},"source":"<a href=\"http://twitter.com\" rel=\"nofollow\">Twitter Web Client</a>","in_reply_to_status_id":null,"in_reply_to_status_id_str":null,"in_reply_to_user_id":null,"in_reply_to_user_id_str":null,"in_reply_to_screen_name":null,"user":{"id":2888006497,"id_str":"2888006497","name":"Splatoon（スプラトゥーン）","screen_name":"SplatoonJP","location":"","description":"『スプラトゥーン』公式総合アカウント。イカ研究所の調査報告（ゲーム情報）やお知らせをお伝えします。最新作の『スプラトゥーン2』は2017年7月21日（金）発売予定。ご質問・お問い合わせにはお答えしておりませんのでご容赦ください。 ※イカ研究所は実在の人物、団体とは一切関係ございません。","url":"https://t.co/yCMNfZlVpz","entities":{"url":{"urls":[{"url":"https://t.co/yCMNfZlVpz","expanded_url":"https://www.nintendo.co.jp/switch/aab6a/index.html","display_url":"nintendo.co.jp/switch/aab6a/i…","indices":[0,23]}]},"description":{"urls":[]}},"protected":false,"followers_count":665272,"friends_count":1,"listed_count":6475,"created_at":"Mon Nov 03 01:36:06 +0000 2014","favourites_count":0,"utc_offset":32400,"time_zone":"Tokyo","geo_enabled":false,"verified":true,"statuses_count":1476,"lang":"ja","contributors_enabled":false,"is_translator":false,"is_translation_enabled":false,"profile_background_color":"000000","profile_background_image_url":"http://pbs.twimg.com/profile_background_images/530105343452274688/WJl6dNx5.jpeg","profile_background_image_url_https":"https://pbs.twimg.com/profile_background_images/530105343452274688/WJl6dNx5.jpeg","profile_background_tile":false,"profile_image_url":"http://pbs.twimg.com/profile_images/819765217957552132/1WftJJM1_normal.jpg","profile_image_url_https":"https://pbs.twimg.com/profile_images/819765217957552132/1WftJJM1_normal.jpg","profile_banner_url":"https://pbs.twimg.com/profile_banners/2888006497/1484282224","profile_link_color":"000000","profile_sidebar_border_color":"000000","profile_sidebar_fill_color":"E3E2DE","profile_text_color":"634047","profile_use_background_image":true,"has_extended_profile":false,"default_profile":false,"default_profile_image":false,"following":false,"follow_request_sent":false,"notifications":false,"translator_type":"none"},"geo":null,"coordinates":null,"place":null,"contributors":null,"is_quote_status":false,"retweet_count":10065,"favorite_count":15086,"favorited":false,"retweeted":false,"possibly_sensitive":false,"lang":"ja"},{"created_at":"Wed Jul 19 08:47:56 +0000 2017","id":887594845660782600,"id_str":"887594845660782593","text":"浪川さん不倫報道に対してショックっていう声より\n｢っていうか結婚してたの？｣\n｢浪川さんがあんなちゃんとした謝罪文が書けるはずない｣\n｢写真が黒くてかりん糖みたいで可哀想｣っていう声が多いのマジで笑う","truncated":false,"entities":{"hashtags":[],"symbols":[],"user_mentions":[],"urls":[]},"metadata":{"iso_language_code":"ja","result_type":"recent"},"source":"<a href=\"http://twitter.com/download/android\" rel=\"nofollow\">Twitter for Android</a>","in_reply_to_status_id":null,"in_reply_to_status_id_str":null,"in_reply_to_user_id":null,"in_reply_to_user_id_str":null,"in_reply_to_screen_name":null,"user":{"id":817310538027782100,"id_str":"817310538027782144","name":"キンタマーニさなぎ","screen_name":"HITOZUMA_abgel","location":"","description":"呼びタメクソリプ無言フォロー大歓迎                                                                                                   垢ロック時→ @migiwame0513","url":"https://t.co/KA5OYUloeK","entities":{"url":{"urls":[{"url":"https://t.co/KA5OYUloeK","expanded_url":"http://twpf.jp/HITOZUMA_abgel","display_url":"twpf.jp/HITOZUMA_abgel","indices":[0,23]}]},"description":{"urls":[]}},"protected":false,"followers_count":373,"friends_count":351,"listed_count":26,"created_at":"Fri Jan 06 10:03:11 +0000 2017","favourites_count":3179,"utc_offset":null,"time_zone":null,"geo_enabled":false,"verified":false,"statuses_count":6080,"lang":"ja","contributors_enabled":false,"is_translator":false,"is_translation_enabled":false,"profile_background_color":"F5F8FA","profile_background_image_url":null,"profile_background_image_url_https":null,"profile_background_tile":false,"profile_image_url":"http://pbs.twimg.com/profile_images/867064074449936385/Xvx4F2el_normal.jpg","profile_image_url_https":"https://pbs.twimg.com/profile_images/867064074449936385/Xvx4F2el_normal.jpg","profile_banner_url":"https://pbs.twimg.com/profile_banners/817310538027782144/1491477133","profile_link_color":"1DA1F2","profile_sidebar_border_color":"C0DEED","profile_sidebar_fill_color":"DDEEF6","profile_text_color":"333333","profile_use_background_image":true,"has_extended_profile":true,"default_profile":true,"default_profile_image":false,"following":false,"follow_request_sent":false,"notifications":false,"translator_type":"none"},"geo":null,"coordinates":null,"place":null,"contributors":null,"is_quote_status":false,"retweet_count":13893,"favorite_count":13197,"favorited":false,"retweeted":false,"lang":"ja"},{"created_at":"Wed Jul 19 08:26:36 +0000 2017","id":887589478184779800,"id_str":"887589478184779776","text":"文春「浪川大輔不倫！」\n\n一般の読者「誰？」\n\n多くの声優ファン「ふーん」\n\n一部のファン「ショック！」\n\nキンプラのオタク「これが法月仁のやり方さ」","truncated":false,"entities":{"hashtags":[],"symbols":[],"user_mentions":[],"urls":[]},"metadata":{"iso_language_code":"ja","result_type":"recent"},"source":"<a href=\"http://twitter.com/download/iphone\" rel=\"nofollow\">Twitter for iPhone</a>","in_reply_to_status_id":null,"in_reply_to_status_id_str":null,"in_reply_to_user_id":null,"in_reply_to_user_id_str":null,"in_reply_to_screen_name":null,"user":{"id":94320322,"id_str":"94320322","name":"はいふりOVA","screen_name":"tori_555","location":"","description":"おじいさんは山へ芝刈りに、おばあさんは川へ洗濯に、MIGHTY WARRIORSは湾岸地区で着実に勢力を伸ばし続けていた…","url":null,"entities":{"description":{"urls":[]}},"protected":false,"followers_count":3173,"friends_count":1497,"listed_count":192,"created_at":"Thu Dec 03 12:38:13 +0000 2009","favourites_count":65866,"utc_offset":32400,"time_zone":"Tokyo","geo_enabled":false,"verified":false,"statuses_count":491017,"lang":"ja","contributors_enabled":false,"is_translator":false,"is_translation_enabled":false,"profile_background_color":"C0DEED","profile_background_image_url":"http://pbs.twimg.com/profile_background_images/91169506/090820_kabegami_k-on_4-3.jpg","profile_background_image_url_https":"https://pbs.twimg.com/profile_background_images/91169506/090820_kabegami_k-on_4-3.jpg","profile_background_tile":false,"profile_image_url":"http://pbs.twimg.com/profile_images/875489959242719233/3rYMK-gV_normal.jpg","profile_image_url_https":"https://pbs.twimg.com/profile_images/875489959242719233/3rYMK-gV_normal.jpg","profile_banner_url":"https://pbs.twimg.com/profile_banners/94320322/1351625200","profile_link_color":"3B94D9","profile_sidebar_border_color":"C0DEED","profile_sidebar_fill_color":"DDEEF6","profile_text_color":"333333","profile_use_background_image":true,"has_extended_profile":false,"default_profile":false,"default_profile_image":false,"following":false,"follow_request_sent":false,"notifications":false,"translator_type":"none"},"geo":null,"coordinates":null,"place":null,"contributors":null,"is_quote_status":false,"retweet_count":6928,"favorite_count":5391,"favorited":false,"retweeted":false,"lang":"ja"}],"search_metadata":{"completed_in":0.708,"max_id":887655989553397800,"max_id_str":"887655989553397760","next_results":"?max_id=887589478184779775&q=lang%3Aja%20min_retweets%3A5000&include_entities=1","query":"lang%3Aja+min_retweets%3A5000","refresh_url":"?since_id=887655989553397760&q=lang%3Aja%20min_retweets%3A5000&include_entities=1","count":15,"since_id":0,"since_id_str":"0"}}