{"statuses":[{"created_at":"Thu Jul 20 18:35:27 +0000 2017","id":888105085493891100,"id_str":"888105085493891074","text":"海外サイトTMZは、リンキン・パークのフロントマン、チェスター・ベニントンが死去したと報道。現地時間7月20日午前9時前に、ロサンゼルスにある自宅でチェスターが首を吊って自殺しているのが発見されたと伝えています。41歳でした　https://t.co/UPHx9oj9rJ","truncated":false,"entities":{"hashtags":[],"symbols":[],"user_mentions":[],"urls":[{"url":"https://t.co/UPHx9oj9rJ","expanded_url":"http://amass.jp/91762/","display_url":"amass.jp/91762/","indices":[113,136]}]},"metadata":{"iso_language_code":"ja","result_type":"recent"},"source":"<a href=\"http://amass.jp/\" rel=\"nofollow\">amass api</a>","in_reply_to_status_id":null,"in_reply_to_status_id_str":null,"in_reply_to_user_id":null,"in_reply_to_user_id_str":null,"in_reply_to_screen_name":null,"user":{"id":229188693,"id_str":"229188693","name":"amass","screen_name":"amass_jp","location":"東京都","description":"音楽をベースに、アニメ、映画、特撮なども盛り込んだニュース・サイト「amass」のtwitterページです。「amass」のニュースと、中の人がオススメする他サイトのニュースなどをお伝えします","url":"http://t.co/7VvNnlcKdQ","entities":{"url":{"urls":[{"url":"http://t.co/7VvNnlcKdQ","expanded_url":"http://amass.jp/","display_url":"amass.jp","indices":[0,22]}]},"description":{"urls":[]}},"protected":false,"followers_count":85712,"friends_count":0,"listed_count":4913,"created_at":"Tue Dec 21 19:19:54 +0000 2010","favourites_count":0,"utc_offset":32400,"time_zone":"Tokyo","geo_enabled":false,"verified":false,"statuses_count":137412,"lang":"ja","contributors_enabled":false,"is_translator":false,"is_translation_enabled":false,"profile_background_color":"ACDED6","profile_background_image_url":"http://abs.twimg.com/images/themes/theme18/bg.gif","profile_background_image_url_https":"https://abs.twimg.com/images/themes/theme18/bg.gif","profile_background_tile":false,"profile_image_url":"http://pbs.twimg.com/profile_images/1261538336/amass_logologo_normal.jpg","profile_image_url_https":"https://pbs.twimg.com/profile_images/1261538336/amass_logologo_normal.jpg","profile_link_color":"038543","profile_sidebar_border_color":"EEEEEE","profile_sidebar_fill_color":"F6F6F6","profile_text_color":"333333","profile_use_background_image":true,"has_extended_profile":false,"default_profile":false,"default_profile_image":false,"following":false,"follow_request_sent":false,"notifications":false,"translator_type":"none"},"geo":null,"coordinates":null,"place":null,"contributors":null,"is_quote_status":false,"retweet_count":5486,"favorite_count":1340,"favorited":false,"retweeted":false,"possibly_sensitive":false,"lang":"ja"},{"created_at":"Thu Jul 20 15:02:15 +0000 2017","id":888051431525175300,"id_str":"888051431525175298","text":"FAIRY TAIL アニメファイナルシリーズ、2018年放送決定！です。","truncated":false,"entities":{"hashtags":[],"symbols":[],"user_mentions":[],"urls":[]},"metadata":{"iso_language_code":"ja","result_type":"recent"},"source":"<a href=\"http://twitter.com/download/iphone\" rel=\"nofollow\">Twitter for iPhone</a>","in_reply_to_status_id":null,"in_reply_to_status_id_str":null,"in_reply_to_user_id":null,"in_reply_to_user_id_str":null,"in_reply_to_screen_name":null,"user":{"id":591755629,"id_str":"591755629","name":"真島ヒロ","screen_name":"hiro_mashima","location":"東京都","description":"FAIRYTAIL作者の真島ヒロです。全員に返信はできませんが、超不定期できまぐれに返信します。応援してくれてる人全てに感謝です。","url":null,"entities":{"description":{"urls":[]}},"protected":false,"followers_count":1229283,"friends_count":146,"listed_count":4834,"created_at":"Sun May 27 11:37:44 +0000 2012","favourites_count":4,"utc_offset":28800,"time_zone":"Irkutsk","geo_enabled":false,"verified":true,"statuses_count":6071,"lang":"ja","contributors_enabled":false,"is_translator":false,"is_translation_enabled":false,"profile_background_color":"C0DEED","profile_background_image_url":"http://pbs.twimg.com/profile_background_images/825634034/d608eb2903db4aa04e8d4bbbf77f0e8c.png","profile_background_image_url_https":"https://pbs.twimg.com/profile_background_images/825634034/d608eb2903db4aa04e8d4bbbf77f0e8c.png","profile_background_tile":true,"profile_image_url":"http://pbs.twimg.com/profile_images/660495023075561472/hNe_UBMn_normal.png","profile_image_url_https":"https://pbs.twimg.com/profile_images/660495023075561472/hNe_UBMn_normal.png","profile_banner_url":"https://pbs.twimg.com/profile_banners/591755629/1490431315","profile_link_color":"0084B4","profile_sidebar_border_color":"FFFFFF","profile_sidebar_fill_color":"DDEEF6","profile_text_color":"333333","profile_use_background_image":true,"has_extended_profile":false,"default_profile":false,"default_profile_image":false,"following":false,"follow_request_sent":false,"notifications":false,"translator_type":"none"},"geo":null,"coordinates":null,"place":null,"contributors":null,"is_quote_status":false,"retweet_count":14992,"favorite_count":23555,"favorited":false,"retweeted":false,"lang":"ja"},{"created_at":"Thu Jul 20 13:43:09 +0000 2017","id":888031528424325100,"id_str":"888031528424325120","text":"髪を20センチ切りました💇\nイメチェン！♡おきにいり♡\nヘアスタイリストTAKUさん、\n美容室CUTTERSのみなさん！\nありがとうございました😊❤️\n(アレンジしてないの4枚目☺︎) https://t.co/Li0EgwBmEJ","truncated":false,"entities":{"hashtags":[],"symbols":[],"user_mentions":[],"urls":[],"media":[{"id":888031492995141600,"id_str":"888031492995141632","indices":[93,116],"media_url":"http://pbs.twimg.com/media/DFLr8BlV0AAestN.jpg","media_url_https":"https://pbs.twimg.com/media/DFLr8BlV0AAestN.jpg","url":"https://t.co/Li0EgwBmEJ","display_url":"pic.twitter.com/Li0EgwBmEJ","expanded_url":"https://twitter.com/Yukiriiiin__K/status/888031528424325120/photo/1","type":"photo","sizes":{"large":{"w":800,"h":1200,"resize":"fit"},"small":{"w":453,"h":680,"resize":"fit"},"thumb":{"w":150,"h":150,"resize":"crop"},"medium":{"w":800,"h":1200,"resize":"fit"}}}]},"extended_entities":{"media":[{"id":888031492995141600,"id_str":"888031492995141632","indices":[93,116],"media_url":"http://pbs.twimg.com/media/DFLr8BlV0AAestN.jpg","media_url_https":"https://pbs.twimg.com/media/DFLr8BlV0AAestN.jpg","url":"https://t.co/Li0EgwBmEJ","display_url":"pic.twitter.com/Li0EgwBmEJ","expanded_url":"https://twitter.com/Yukiriiiin__K/status/888031528424325120/photo/1","type":"photo","sizes":{"large":{"w":800,"h":1200,"resize":"fit"},"small":{"w":453,"h":680,"resize":"fit"},"thumb":{"w":150,"h":150,"resize":"crop"},"medium":{"w":800,"h":1200,"resize":"fit"}}},{"id":888031492898660400,"id_str":"888031492898660352","indices":[93,116],"media_url":"http://pbs.twimg.com/media/DFLr8BOVoAAX8xQ.jpg","media_url_https":"https://pbs.twimg.com/media/DFLr8BOVoAAX8xQ.jpg","url":"https://t.co/Li0EgwBmEJ","display_url":"pic.twitter.com/Li0EgwBmEJ","expanded_url":"https://twitter.com/Yukiriiiin__K/status/888031528424325120/photo/1","type":"photo","sizes":{"small":{"w":510,"h":680,"resize":"fit"},"thumb":{"w":150,"h":150,"resize":"crop"},"large":{"w":960,"h":1280,"resize":"fit"},"medium":{"w":900,"h":1200,"resize":"fit"}}},{"id":888031492890280000,"id_str":"888031492890279936","indices":[93,116],"media_url":"http://pbs.twimg.com/media/DFLr8BMVwAAZubl.jpg","media_url_https":"https://pbs.twimg.com/media/DFLr8BMVwAAZubl.jpg","url":"https://t.co/Li0EgwBmEJ","display_url":"pic.twitter.com/Li0EgwBmEJ","expanded_url":"https://twitter.com/Yukiriiiin__K/status/888031528424325120/photo/1","type":"photo","sizes":{"medium":{"w":900,"h":1200,"resize":"fit"},"thumb":{"w":150,"h":150,"resize":"crop"},"small":{"w":510,"h":680,"resize":"fit"},"large":{"w":960,"h":1280,"resize":"fit"}}},{"id":888031492990844900,"id_str":"888031492990844928","indices":[93,116],"media_url":"http://pbs.twimg.com/media/DFLr8BkUQAAu7Ip.jpg","media_url_https":"https://pbs.twimg.com/media/DFLr8BkUQAAu7Ip.jpg","url":"https://t.co/Li0EgwBmEJ","display_url":"pic.twitter.com/Li0EgwBmEJ","expanded_url":"https://twitter.com/Yukiriiiin__K/status/888031528424325120/photo/1","type":"photo","sizes":{"small":{"w":551,"h":680,"resize":"fit"},"medium":{"w":972,"h":1200,"resize":"fit"},"thumb":{"w":150,"h":150,"resize":"crop"},"large":{"w":1080,"h":1334,"resize":"fit"}}}]},"metadata":{"iso_language_code":"ja","result_type":"recent"},"source":"<a href=\"http://twitter.com/download/iphone\" rel=\"nofollow\">Twitter for iPhone</a>","in_reply_to_status_id":null,"in_reply_to_status_id_str":null,"in_reply_to_user_id":null,"in_reply_to_user_id_str":null,"in_reply_to_screen_name":null,"user":{"id":2596484922,"id_str":"2596484922","name":"柏木由紀","screen_name":"Yukiriiiin__K","location":"","description":"◽︎ラジオ TOKYOFM 柏木由紀のYUKIRINTIME(全国14局ネット) ◾︎MBSラジオ アッパレやってまーす！水曜日22:00〜 ◽︎ひるおびお天気コーナー ▪︎CS放送 はじめて！ゴルフ〜目指せ120切り〜","url":"https://t.co/uxfE7UMB8j","entities":{"url":{"urls":[{"url":"https://t.co/uxfE7UMB8j","expanded_url":"https://www.instagram.com/yukikashiwagi_official/","display_url":"instagram.com/yukikashiwagi_…","indices":[0,23]}]},"description":{"urls":[]}},"protected":false,"followers_count":999192,"friends_count":238,"listed_count":6506,"created_at":"Mon Jun 30 15:11:00 +0000 2014","favourites_count":48,"utc_offset":null,"time_zone":null,"geo_enabled":false,"verified":true,"statuses_count":3011,"lang":"ja","contributors_enabled":false,"is_translator":false,"is_translation_enabled":false,"profile_background_color":"C0DEED","profile_background_image_url":"http://abs.twimg.com/images/themes/theme1/bg.png","profile_background_image_url_https":"https://abs.twimg.com/images/themes/theme1/bg.png","profile_background_tile":false,"profile_image_url":"http://pbs.twimg.com/profile_images/865737707820941312/W3OAZp3I_normal.jpg","profile_image_url_https":"https://pbs.twimg.com/profile_images/865737707820941312/W3OAZp3I_normal.jpg","profile_banner_url":"https://pbs.twimg.com/profile_banners/2596484922/1495242797","profile_link_color":"1DA1F2","profile_sidebar_border_color":"C0DEED","profile_sidebar_fill_color":"DDEEF6","profile_text_color":"333333","profile_use_background_image":true,"has_extended_profile":true,"default_profile":true,"default_profile_image":false,"following":false,"follow_request_sent":false,"notifications":false,"translator_type":"none"},"geo":null,"coordinates":null,"place":null,"contributors":null,"is_quote_status":false,"retweet_count":5262,"favorite_count":19204,"favorited":false,"retweeted":false,"possibly_sensitive":false,"lang":"ja"},{"created_at":"Thu Jul 20 13:39:04 +0000 2017","id":888030498274000900,"id_str":"888030498274000896","text":"【アイドルマスター×パ・リーグ6球団コラボ】8月6日（日）にメットライフドームで開催予定の＜７６５プロダクションデー＞チケットは好評発売中！描き下ろしイラスト使用のグッズも発売予定ですので、続報をお待ち下さい！… https://t.co/84ofarjJIJ","truncated":true,"entities":{"hashtags":[],"symbols":[],"user_mentions":[],"urls":[{"url":"https://t.co/84ofarjJIJ","expanded_url":"https://twitter.com/i/web/status/888030498274000896","display_url":"twitter.com/i/web/status/8…","indices":[107,130]}]},"metadata":{"iso_language_code":"ja","result_type":"recent"},"source":"<a href=\"http://twitter.com\" rel=\"nofollow\">Twitter Web Client</a>","in_reply_to_status_id":null,"in_reply_to_status_id_str":null,"in_reply_to_user_id":null,"in_reply_to_user_id_str":null,"in_reply_to_screen_name":null,"user":{"id":230095408,"id_str":"230095408","name":"アイドルマスター","screen_name":"imas_anime","location":"","description":"『アイドルマスター アニメプロジェクト』公式アカウントです。","url":"http://t.co/JWSUgwEdm6","entities":{"url":{"urls":[{"url":"http://t.co/JWSUgwEdm6","expanded_url":"http://imas-anime-project.com","display_url":"imas-anime-project.com","indices":[0,22]}]},"description":{"urls":[]}},"protected":false,"followers_count":296661,"friends_count":9,"listed_count":5582,"created_at":"Fri Dec 24 07:32:57 +0000 2010","favourites_count":43,"utc_offset":32400,"time_zone":"Tokyo","geo_enabled":false,"verified":false,"statuses_count":6758,"lang":"ja","contributors_enabled":false,"is_translator":false,"is_translation_enabled":false,"profile_background_color":"C0DEED","profile_background_image_url":"http://pbs.twimg.com/profile_background_images/538366372154077184/vAXFlu2y.jpeg","profile_background_image_url_https":"https://pbs.twimg.com/profile_background_images/538366372154077184/vAXFlu2y.jpeg","profile_background_tile":true,"profile_image_url":"http://pbs.twimg.com/profile_images/538365006903910401/3u8n-us-_normal.png","profile_image_url_https":"https://pbs.twimg.com/profile_images/538365006903910401/3u8n-us-_normal.png","profile_link_color":"0084B4","profile_sidebar_border_color":"C0DEED","profile_sidebar_fill_color":"DDEEF6","profile_text_color":"333333","profile_use_background_image":true,"has_extended_profile":false,"default_profile":false,"default_profile_image":false,"following":false,"follow_request_sent":false,"notifications":false,"translator_type":"none"},"geo":null,"coordinates":null,"place":null,"contributors":null,"is_quote_status":false,"retweet_count":4991,"favorite_count":4816,"favorited":false,"retweeted":false,"possibly_sensitive":false,"lang":"ja"},{"created_at":"Thu Jul 20 13:31:19 +0000 2017","id":888028548799225900,"id_str":"888028548799225858","text":"【アイドルマスター×パ・リーグ6球団コラボ】７６５プロダクション所属アイドルの描き下ろしイラストを公開！本拠地にあわせて、北から南の順にご紹介！ #imas https://t.co/noYrKhdlGz https://t.co/PJWkoXYQfV","truncated":false,"entities":{"hashtags":[{"text":"imas","indices":[73,78]}],"symbols":[],"user_mentions":[],"urls":[{"url":"https://t.co/noYrKhdlGz","expanded_url":"http://www.idolmaster-anime.jp/news/#news44386","display_url":"idolmaster-anime.jp/news/#news44386","indices":[79,102]}],"media":[{"id":888027112933736400,"id_str":"888027112933736449","indices":[103,126],"media_url":"http://pbs.twimg.com/media/DFLn9ElUwAEYZYw.jpg","media_url_https":"https://pbs.twimg.com/media/DFLn9ElUwAEYZYw.jpg","url":"https://t.co/PJWkoXYQfV","display_url":"pic.twitter.com/PJWkoXYQfV","expanded_url":"https://twitter.com/imas_anime/status/888028548799225858/photo/1","type":"photo","sizes":{"medium":{"w":1200,"h":675,"resize":"fit"},"large":{"w":1920,"h":1080,"resize":"fit"},"small":{"w":680,"h":383,"resize":"fit"},"thumb":{"w":150,"h":150,"resize":"crop"}}}]},"extended_entities":{"media":[{"id":888027112933736400,"id_str":"888027112933736449","indices":[103,126],"media_url":"http://pbs.twimg.com/media/DFLn9ElUwAEYZYw.jpg","media_url_https":"https://pbs.twimg.com/media/DFLn9ElUwAEYZYw.jpg","url":"https://t.co/PJWkoXYQfV","display_url":"pic.twitter.com/PJWkoXYQfV","expanded_url":"https://twitter.com/imas_anime/status/888028548799225858/photo/1","type":"photo","sizes":{"medium":{"w":1200,"h":675,"resize":"fit"},"large":{"w":1920,"h":1080,"resize":"fit"},"small":{"w":680,"h":383,"resize":"fit"},"thumb":{"w":150,"h":150,"resize":"crop"}}},{"id":888027149982093300,"id_str":"888027149982093312","indices":[103,126],"media_url":"http://pbs.twimg.com/media/DFLn_OmV0AAfE44.jpg","media_url_https":"https://pbs.twimg.com/media/DFLn_OmV0AAfE44.jpg","url":"https://t.co/PJWkoXYQfV","display_url":"pic.twitter.com/PJWkoXYQfV","expanded_url":"https://twitter.com/imas_anime/status/888028548799225858/photo/1","type":"photo","sizes":{"medium":{"w":1200,"h":675,"resize":"fit"},"large":{"w":1920,"h":1080,"resize":"fit"},"small":{"w":680,"h":383,"resize":"fit"},"thumb":{"w":150,"h":150,"resize":"crop"}}},{"id":888027174216769500,"id_str":"888027174216769536","indices":[103,126],"media_url":"http://pbs.twimg.com/media/DFLoAo4VoAAtKIq.jpg","media_url_https":"https://pbs.twimg.com/media/DFLoAo4VoAAtKIq.jpg","url":"https://t.co/PJWkoXYQfV","display_url":"pic.twitter.com/PJWkoXYQfV","expanded_url":"https://twitter.com/imas_anime/status/888028548799225858/photo/1","type":"photo","sizes":{"medium":{"w":1200,"h":675,"resize":"fit"},"large":{"w":1920,"h":1080,"resize":"fit"},"small":{"w":680,"h":383,"resize":"fit"},"thumb":{"w":150,"h":150,"resize":"crop"}}}]},"metadata":{"iso_language_code":"ja","result_type":"recent"},"source":"<a href=\"http://twitter.com\" rel=\"nofollow\">Twitter Web Client</a>","in_reply_to_status_id":null,"in_reply_to_status_id_str":null,"in_reply_to_user_id":null,"in_reply_to_user_id_str":null,"in_reply_to_screen_name":null,"user":{"id":230095408,"id_str":"230095408","name":"アイドルマスター","screen_name":"imas_anime","location":"","description":"『アイドルマスター アニメプロジェクト』公式アカウントです。","url":"http://t.co/JWSUgwEdm6","entities":{"url":{"urls":[{"url":"http://t.co/JWSUgwEdm6","expanded_url":"http://imas-anime-project.com","display_url":"imas-anime-project.com","indices":[0,22]}]},"description":{"urls":[]}},"protected":false,"followers_count":296661,"friends_count":9,"listed_count":5582,"created_at":"Fri Dec 24 07:32:57 +0000 2010","favourites_count":43,"utc_offset":32400,"time_zone":"Tokyo","geo_enabled":false,"verified":false,"statuses_count":6758,"lang":"ja","contributors_enabled":false,"is_translator":false,"is_translation_enabled":false,"profile_background_color":"C0DEED","profile_background_image_url":"http://pbs.twimg.com/profile_background_images/538366372154077184/vAXFlu2y.jpeg","profile_background_image_url_https":"https://pbs.twimg.com/profile_background_images/538366372154077184/vAXFlu2y.jpeg","profile_background_tile":true,"profile_image_url":"http://pbs.twimg.com/profile_images/538365006903910401/3u8n-us-_normal.png","profile_image_url_https":"https://pbs.twimg.com/profile_images/538365006903910401/3u8n-us-_normal.png","profile_link_color":"0084B4","profile_sidebar_border_color":"C0DEED","profile_sidebar_fill_color":"DDEEF6","profile_text_color":"333333","profile_use_background_image":true,"has_extended_profile":false,"default_profile":false,"default_profile_image":false,"following":false,"follow_request_sent":false,"notifications":false,"translator_type":"none"},"geo":null,"coordinates":null,"place":null,"contributors":null,"is_quote_status":false,"retweet_count":5319,"favorite_count":4910,"favorited":false,"retweeted":false,"possibly_sensitive":false,"lang":"ja"},{"created_at":"Thu Jul 20 13:09:47 +0000 2017","id":888023130047864800,"id_str":"888023130047864834","text":"「ぼくらの勇気  未満都市 2017」\n\n20年という月日を経て、成長した\n\nタケル、ヤマト、アキラ、モリ、、、\n\nそして何と言ってもキイチ\n\nひっさびさの小原裕貴くん\n\nアツすぎる\n\n明日、7月21日、夜21時〜\n\n放送です！\n\nお見逃しなく！！\n\n※城田優は出演していません","truncated":false,"entities":{"hashtags":[],"symbols":[],"user_mentions":[],"urls":[]},"metadata":{"iso_language_code":"ja","result_type":"recent"},"source":"<a href=\"http://twitter.com/download/iphone\" rel=\"nofollow\">Twitter for iPhone</a>","in_reply_to_status_id":null,"in_reply_to_status_id_str":null,"in_reply_to_user_id":null,"in_reply_to_user_id_str":null,"in_reply_to_screen_name":null,"user":{"id":255396287,"id_str":"255396287","name":"Yu Shirota(城田優)","screen_name":"U_and_YOU","location":"Tokyo,Japan","description":"1985.12.26 Actor ,Singer,Songwriter    Instagram→ https://t.co/zazovjodkP","url":"https://t.co/Zdls3j0oga","entities":{"url":{"urls":[{"url":"https://t.co/Zdls3j0oga","expanded_url":"http://www.yu-shirota.com/","display_url":"yu-shirota.com","indices":[0,23]}]},"description":{"urls":[{"url":"https://t.co/zazovjodkP","expanded_url":"https://www.instagram.com/yu_shirota/","display_url":"instagram.com/yu_shirota/","indices":[50,73]}]}},"protected":false,"followers_count":503679,"friends_count":189,"listed_count":3923,"created_at":"Mon Feb 21 08:18:36 +0000 2011","favourites_count":7,"utc_offset":-36000,"time_zone":"Hawaii","geo_enabled":true,"verified":true,"statuses_count":3479,"lang":"ja","contributors_enabled":false,"is_translator":false,"is_translation_enabled":false,"profile_background_color":"131516","profile_background_image_url":"http://pbs.twimg.com/profile_background_images/432727794670247937/XXZzj21F.jpeg","profile_background_image_url_https":"https://pbs.twimg.com/profile_background_images/432727794670247937/XXZzj21F.jpeg","profile_background_tile":true,"profile_image_url":"http://pbs.twimg.com/profile_images/657753597153701889/iI42itn7_normal.jpg","profile_image_url_https":"https://pbs.twimg.com/profile_images/657753597153701889/iI42itn7_normal.jpg","profile_banner_url":"https://pbs.twimg.com/profile_banners/255396287/1445195025","profile_link_color":"009999","profile_sidebar_border_color":"FFFFFF","profile_sidebar_fill_color":"DDEEF6","profile_text_color":"333333","profile_use_background_image":true,"has_extended_profile":true,"default_profile":false,"default_profile_image":false,"following":false,"follow_request_sent":false,"notifications":false,"translator_type":"none"},"geo":null,"coordinates":null,"place":null,"contributors":null,"is_quote_status":false,"retweet_count":8105,"favorite_count":13589,"favorited":false,"retweeted":false,"lang":"ja"},{"created_at":"Thu Jul 20 13:07:24 +0000 2017","id":888022528634929200,"id_str":"888022528634929153","text":"日本とうちゃくしました〜〜♡ https://t.co/2616lZMDII","truncated":false,"entities":{"hashtags":[],"symbols":[],"user_mentions":[],"urls":[],"media":[{"id":888022520347086800,"id_str":"888022520347086849","indices":[15,38],"media_url":"http://pbs.twimg.com/media/DFLjxv3V0AEfBYy.jpg","media_url_https":"https://pbs.twimg.com/media/DFLjxv3V0AEfBYy.jpg","url":"https://t.co/2616lZMDII","display_url":"pic.twitter.com/2616lZMDII","expanded_url":"https://twitter.com/pledis_17jp/status/888022528634929153/photo/1","type":"photo","sizes":{"large":{"w":720,"h":960,"resize":"fit"},"thumb":{"w":150,"h":150,"resize":"crop"},"medium":{"w":720,"h":960,"resize":"fit"},"small":{"w":510,"h":680,"resize":"fit"}}}]},"extended_entities":{"media":[{"id":888022520347086800,"id_str":"888022520347086849","indices":[15,38],"media_url":"http://pbs.twimg.com/media/DFLjxv3V0AEfBYy.jpg","media_url_https":"https://pbs.twimg.com/media/DFLjxv3V0AEfBYy.jpg","url":"https://t.co/2616lZMDII","display_url":"pic.twitter.com/2616lZMDII","expanded_url":"https://twitter.com/pledis_17jp/status/888022528634929153/photo/1","type":"photo","sizes":{"large":{"w":720,"h":960,"resize":"fit"},"thumb":{"w":150,"h":150,"resize":"crop"},"medium":{"w":720,"h":960,"resize":"fit"},"small":{"w":510,"h":680,"resize":"fit"}}}]},"metadata":{"iso_language_code":"ja","result_type":"recent"},"source":"<a href=\"http://twitter.com/download/iphone\" rel=\"nofollow\">Twitter for iPhone</a>","in_reply_to_status_id":null,"in_reply_to_status_id_str":null,"in_reply_to_user_id":null,"in_reply_to_user_id_str":null,"in_reply_to_screen_name":null,"user":{"id":708198095704555500,"id_str":"708198095704555521","name":"SEVENTEEN Japan","screen_name":"pledis_17jp","location":"","description":"SEVENTEEN日本公式アカウント 7月26日(水) 27日(木) さいたまスーパーアリーナ公演決定！詳しくは公式サイトで！https://t.co/gfNaF686tz","url":"https://t.co/gfNaF686tz","entities":{"url":{"urls":[{"url":"https://t.co/gfNaF686tz","expanded_url":"http://seventeen-17.jp/","display_url":"seventeen-17.jp","indices":[0,23]}]},"description":{"urls":[{"url":"https://t.co/gfNaF686tz","expanded_url":"http://seventeen-17.jp/","display_url":"seventeen-17.jp","indices":[63,86]}]}},"protected":false,"followers_count":259974,"friends_count":2,"listed_count":1071,"created_at":"Fri Mar 11 07:49:18 +0000 2016","favourites_count":0,"utc_offset":-25200,"time_zone":"Pacific Time (US & Canada)","geo_enabled":false,"verified":false,"statuses_count":1396,"lang":"ja","contributors_enabled":false,"is_translator":false,"is_translation_enabled":false,"profile_background_color":"000000","profile_background_image_url":"http://abs.twimg.com/images/themes/theme1/bg.png","profile_background_image_url_https":"https://abs.twimg.com/images/themes/theme1/bg.png","profile_background_tile":false,"profile_image_url":"http://pbs.twimg.com/profile_images/887276012710404096/EF7MgB9h_normal.jpg","profile_image_url_https":"https://pbs.twimg.com/profile_images/887276012710404096/EF7MgB9h_normal.jpg","profile_banner_url":"https://pbs.twimg.com/profile_banners/708198095704555521/1499430058","profile_link_color":"0084B4","profile_sidebar_border_color":"000000","profile_sidebar_fill_color":"000000","profile_text_color":"000000","profile_use_background_image":false,"has_extended_profile":true,"default_profile":false,"default_profile_image":false,"following":false,"follow_request_sent":false,"notifications":false,"translator_type":"none"},"geo":null,"coordinates":null,"place":null,"contributors":null,"is_quote_status":false,"retweet_count":7446,"favorite_count":18732,"favorited":false,"retweeted":false,"possibly_sensitive":false,"lang":"ja"},{"created_at":"Thu Jul 20 13:03:06 +0000 2017","id":888021449457320000,"id_str":"888021449457319937","text":"「復刻:夏だ! 海だ! 開拓だ! FGO 2016 Summerカルデアヒートオデッセイ ～進化のシヴィライゼーション～ ライト版」第二部\n周回効率がいい場所、礼装等まとめました\n赤く囲った所がそのアイテムの効率が良い場所\n間違い… https://t.co/lkOQicgy5n","truncated":true,"entities":{"hashtags":[],"symbols":[],"user_mentions":[],"urls":[{"url":"https://t.co/lkOQicgy5n","expanded_url":"https://twitter.com/i/web/status/888021449457319937","display_url":"twitter.com/i/web/status/8…","indices":[117,140]}]},"metadata":{"iso_language_code":"ja","result_type":"recent"},"source":"<a href=\"http://twitter.com\" rel=\"nofollow\">Twitter Web Client</a>","in_reply_to_status_id":885122171109916700,"in_reply_to_status_id_str":"885122171109916672","in_reply_to_user_id":4660690045,"in_reply_to_user_id_str":"4660690045","in_reply_to_screen_name":"niconikon01","user":{"id":4660690045,"id_str":"4660690045","name":"kon@FGO","screen_name":"niconikon01","location":"カルデアゲーム部","description":"FGOの攻略画像あげている者です。画像上げ始めてもう1年半。イベント時以外は普通にツイートしてます。色々なゲーム(主にFGO)をニコ生で放送しています。RT&クソリプおじさん。ニコニコ : https://t.co/4sNRhWFbed","url":"https://t.co/imE2iBvfjt","entities":{"url":{"urls":[{"url":"https://t.co/imE2iBvfjt","expanded_url":"http://youtube.com/channel/UCq19_UY9U8v8_zMRuVK50Mw","display_url":"youtube.com/channel/UCq19_…","indices":[0,23]}]},"description":{"urls":[{"url":"https://t.co/4sNRhWFbed","expanded_url":"http://nicovideo.jp/user/5702442","display_url":"nicovideo.jp/user/5702442","indices":[95,118]}]}},"protected":false,"followers_count":44900,"friends_count":765,"listed_count":696,"created_at":"Sun Dec 27 10:04:11 +0000 2015","favourites_count":6909,"utc_offset":-25200,"time_zone":"Pacific Time (US & Canada)","geo_enabled":false,"verified":false,"statuses_count":7632,"lang":"ja","contributors_enabled":false,"is_translator":false,"is_translation_enabled":false,"profile_background_color":"F5F8FA","profile_background_image_url":null,"profile_background_image_url_https":null,"profile_background_tile":false,"profile_image_url":"http://pbs.twimg.com/profile_images/876016701069971456/W74Ayxib_normal.png","profile_image_url_https":"https://pbs.twimg.com/profile_images/876016701069971456/W74Ayxib_normal.png","profile_banner_url":"https://pbs.twimg.com/profile_banners/4660690045/1482637475","profile_link_color":"1DA1F2","profile_sidebar_border_color":"C0DEED","profile_sidebar_fill_color":"DDEEF6","profile_text_color":"333333","profile_use_background_image":true,"has_extended_profile":true,"default_profile":true,"default_profile_image":false,"following":false,"follow_request_sent":false,"notifications":false,"translator_type":"none"},"geo":null,"coordinates":null,"place":null,"contributors":null,"is_quote_status":false,"retweet_count":7562,"favorite_count":12735,"favorited":false,"retweeted":false,"possibly_sensitive":false,"lang":"ja"},{"created_at":"Thu Jul 20 13:01:24 +0000 2017","id":888021019449065500,"id_str":"888021019449065472","text":"伝説のポケモンがもうすぐ登場！詳しくはこちら:  https://t.co/KVMGRnWNfc https://t.co/pnxzvgxsIP","truncated":false,"entities":{"hashtags":[],"symbols":[],"user_mentions":[],"urls":[{"url":"https://t.co/KVMGRnWNfc","expanded_url":"http://pokemongolive.com/ja/post/legendarypokemon","display_url":"pokemongolive.com/ja/post/legend…","indices":[25,48]},{"url":"https://t.co/pnxzvgxsIP","expanded_url":"https://www.youtube.com/watch?v=EchmU8J7pT0","display_url":"youtube.com/watch?v=EchmU8…","indices":[49,72]}]},"metadata":{"iso_language_code":"ja","result_type":"recent"},"source":"<a href=\"http://www.falcon.io\" rel=\"nofollow\">Falcon Social Media Management </a>","in_reply_to_status_id":null,"in_reply_to_status_id_str":null,"in_reply_to_user_id":null,"in_reply_to_user_id_str":null,"in_reply_to_screen_name":null,"user":{"id":745131593392488400,"id_str":"745131593392488449","name":"Pokémon GO Japan","screen_name":"PokemonGOAppJP","location":"","description":"スマートフォン向けリアルワールドゲーム、Pokémon GOの日本公式アカウントです。Pokémon GOの最新情報をこちらからお伝えいたします。","url":null,"entities":{"description":{"urls":[]}},"protected":false,"followers_count":240207,"friends_count":2,"listed_count":2652,"created_at":"Tue Jun 21 05:49:50 +0000 2016","favourites_count":2,"utc_offset":-25200,"time_zone":"Pacific Time (US & Canada)","geo_enabled":false,"verified":true,"statuses_count":127,"lang":"en","contributors_enabled":false,"is_translator":false,"is_translation_enabled":false,"profile_background_color":"F5F8FA","profile_background_image_url":null,"profile_background_image_url_https":null,"profile_background_tile":false,"profile_image_url":"http://pbs.twimg.com/profile_images/750744855341518848/fElW45pA_normal.jpg","profile_image_url_https":"https://pbs.twimg.com/profile_images/750744855341518848/fElW45pA_normal.jpg","profile_banner_url":"https://pbs.twimg.com/profile_banners/745131593392488449/1498184647","profile_link_color":"1DA1F2","profile_sidebar_border_color":"C0DEED","profile_sidebar_fill_color":"DDEEF6","profile_text_color":"333333","profile_use_background_image":true,"has_extended_profile":false,"default_profile":true,"default_profile_image":false,"following":false,"follow_request_sent":false,"notifications":false,"translator_type":"none"},"geo":null,"coordinates":null,"place":null,"contributors":null,"is_quote_status":false,"retweet_count":9852,"favorite_count":7202,"favorited":false,"retweeted":false,"possibly_sensitive":false,"lang":"ja"},{"created_at":"Thu Jul 20 13:00:53 +0000 2017","id":888020892017610800,"id_str":"888020892017610752","text":"関ジャニ∞めっちゃ格好ええな","truncated":false,"entities":{"hashtags":[],"symbols":[],"user_mentions":[],"urls":[]},"metadata":{"iso_language_code":"ja","result_type":"recent"},"source":"<a href=\"http://twitter.com/download/iphone\" rel=\"nofollow\">Twitter for iPhone</a>","in_reply_to_status_id":null,"in_reply_to_status_id_str":null,"in_reply_to_user_id":null,"in_reply_to_user_id_str":null,"in_reply_to_screen_name":null,"user":{"id":907526713,"id_str":"907526713","name":"岡崎体育","screen_name":"okazaki_taiiku","location":"Kyoto(Uji),Nara/Japan","description":"盆地テクノやってます■目標はさいたまスーパーアリーナでのワンマンです■公式の情報通知は(@mansatti)です。■似顔絵アイコンby五味岳久","url":"https://t.co/nxn6mOFRgG","entities":{"url":{"urls":[{"url":"https://t.co/nxn6mOFRgG","expanded_url":"http://okazakitaiiku.com","display_url":"okazakitaiiku.com","indices":[0,23]}]},"description":{"urls":[]}},"protected":false,"followers_count":242642,"friends_count":474,"listed_count":1448,"created_at":"Sat Oct 27 06:40:26 +0000 2012","favourites_count":5490,"utc_offset":32400,"time_zone":"Seoul","geo_enabled":true,"verified":true,"statuses_count":10211,"lang":"ja","contributors_enabled":false,"is_translator":false,"is_translation_enabled":false,"profile_background_color":"000000","profile_background_image_url":"http://abs.twimg.com/images/themes/theme1/bg.png","profile_background_image_url_https":"https://abs.twimg.com/images/themes/theme1/bg.png","profile_background_tile":false,"profile_image_url":"http://pbs.twimg.com/profile_images/438983782041784320/ZtyIWPy1_normal.jpeg","profile_image_url_https":"https://pbs.twimg.com/profile_images/438983782041784320/ZtyIWPy1_normal.jpeg","profile_banner_url":"https://pbs.twimg.com/profile_banners/907526713/1500482692","profile_link_color":"3B94D9","profile_sidebar_border_color":"000000","profile_sidebar_fill_color":"000000","profile_text_color":"000000","profile_use_background_image":false,"has_extended_profile":true,"default_profile":false,"default_profile_image":false,"following":false,"follow_request_sent":false,"notifications":false,"translator_type":"none"},"geo":null,"coordinates":null,"place":null,"contributors":null,"is_quote_status":false,"retweet_count":6758,"favorite_count":21883,"favorited":false,"retweeted":false,"lang":"ja"},{"created_at":"Thu Jul 20 13:00:06 +0000 2017","id":888020694776336400,"id_str":"888020694776336385","text":"『Pokémon GO』に、伝説のポケモンが登場！ 最新映像をチェック！ https://t.co/HZUevHHuNO #ポケモンGO https://t.co/BZ4V2hEZeK","truncated":false,"entities":{"hashtags":[{"text":"ポケモンGO","indices":[61,68]}],"symbols":[],"user_mentions":[],"urls":[{"url":"https://t.co/HZUevHHuNO","expanded_url":"https://www.youtube.com/watch?v=EchmU8J7pT0","display_url":"youtube.com/watch?v=EchmU8…","indices":[37,60]}],"media":[{"id":888020690238091300,"id_str":"888020690238091266","indices":[69,92],"media_url":"http://pbs.twimg.com/media/DFLiHOLWsAINu02.jpg","media_url_https":"https://pbs.twimg.com/media/DFLiHOLWsAINu02.jpg","url":"https://t.co/BZ4V2hEZeK","display_url":"pic.twitter.com/BZ4V2hEZeK","expanded_url":"https://twitter.com/Pokemon_cojp/status/888020694776336385/photo/1","type":"photo","sizes":{"small":{"w":680,"h":255,"resize":"fit"},"medium":{"w":1200,"h":450,"resize":"fit"},"thumb":{"w":150,"h":150,"resize":"crop"},"large":{"w":1600,"h":600,"resize":"fit"}}}]},"extended_entities":{"media":[{"id":888020690238091300,"id_str":"888020690238091266","indices":[69,92],"media_url":"http://pbs.twimg.com/media/DFLiHOLWsAINu02.jpg","media_url_https":"https://pbs.twimg.com/media/DFLiHOLWsAINu02.jpg","url":"https://t.co/BZ4V2hEZeK","display_url":"pic.twitter.com/BZ4V2hEZeK","expanded_url":"https://twitter.com/Pokemon_cojp/status/888020694776336385/photo/1","type":"photo","sizes":{"small":{"w":680,"h":255,"resize":"fit"},"medium":{"w":1200,"h":450,"resize":"fit"},"thumb":{"w":150,"h":150,"resize":"crop"},"large":{"w":1600,"h":600,"resize":"fit"}}}]},"metadata":{"iso_language_code":"ja","result_type":"recent"},"source":"<a href=\"http://www.radian6.com\" rel=\"nofollow\">Radian6 -Social Media Management</a>","in_reply_to_status_id":null,"in_reply_to_status_id_str":null,"in_reply_to_user_id":null,"in_reply_to_user_id_str":null,"in_reply_to_screen_name":null,"user":{"id":323091128,"id_str":"323091128","name":"ポケモン公式ツイッター","screen_name":"Pokemon_cojp","location":"東京都","description":"株式会社ポケモンの公式アカウントより、「ポケットモンスターオフィシャルサイト」最新情報をお届けします。\r\nお客様からの個別のメッセージなどは、Twitter上ではご返答できかねますのでご了承下さい。\r\n「ポケットモンスターオフィシャルサイト」のお問い合わせ窓口よりご連絡下さい。","url":"http://t.co/fpHgcccZIk","entities":{"url":{"urls":[{"url":"http://t.co/fpHgcccZIk","expanded_url":"http://www.pokemon.co.jp/","display_url":"pokemon.co.jp","indices":[0,22]}]},"description":{"urls":[]}},"protected":false,"followers_count":465681,"friends_count":3,"listed_count":5499,"created_at":"Fri Jun 24 07:12:45 +0000 2011","favourites_count":0,"utc_offset":32400,"time_zone":"Tokyo","geo_enabled":false,"verified":true,"statuses_count":7679,"lang":"ja","contributors_enabled":false,"is_translator":false,"is_translation_enabled":false,"profile_background_color":"FFE017","profile_background_image_url":"http://pbs.twimg.com/profile_background_images/747564846/b1272a6602f8339072079eb2863042fe.gif","profile_background_image_url_https":"https://pbs.twimg.com/profile_background_images/747564846/b1272a6602f8339072079eb2863042fe.gif","profile_background_tile":true,"profile_image_url":"http://pbs.twimg.com/profile_images/875568149554274307/dC3miYeA_normal.jpg","profile_image_url_https":"https://pbs.twimg.com/profile_images/875568149554274307/dC3miYeA_normal.jpg","profile_banner_url":"https://pbs.twimg.com/profile_banners/323091128/1499398880","profile_link_color":"0088CC","profile_sidebar_border_color":"FFFFFF","profile_sidebar_fill_color":"FFF9CF","profile_text_color":"333333","profile_use_background_image":true,"has_extended_profile":false,"default_profile":false,"default_profile_image":false,"following":false,"follow_request_sent":false,"notifications":false,"translator_type":"none"},"geo":null,"coordinates":null,"place":null,"contributors":null,"is_quote_status":false,"retweet_count":9430,"favorite_count":7414,"favorited":false,"retweeted":false,"possibly_sensitive":false,"lang":"ja"},{"created_at":"Thu Jul 20 12:58:10 +0000 2017","id":888020204457836500,"id_str":"888020204457836544","text":"復刻水着イベント　ヒートオデッセイ　\n素材ドロップ効率がいい所と、イベントの進め方まとめ。\n赤枠が付いている場所が効率のいい所です。\n【去年とドロップ変わってます、秘石出ないところもあります】\n参考になれば嬉しいです。\n間違ってた… https://t.co/AyTNJbkNiz","truncated":true,"entities":{"hashtags":[],"symbols":[],"user_mentions":[],"urls":[{"url":"https://t.co/AyTNJbkNiz","expanded_url":"https://twitter.com/i/web/status/888020204457836544","display_url":"twitter.com/i/web/status/8…","indices":[117,140]}]},"metadata":{"iso_language_code":"ja","result_type":"recent"},"source":"<a href=\"http://twitter.com\" rel=\"nofollow\">Twitter Web Client</a>","in_reply_to_status_id":null,"in_reply_to_status_id_str":null,"in_reply_to_user_id":null,"in_reply_to_user_id_str":null,"in_reply_to_screen_name":null,"user":{"id":2315456696,"id_str":"2315456696","name":"台パン・シロ@FGO","screen_name":"siro_mtg","location":"カルデア ニコ生局","description":"FGOの周回放送を毎日してます、初心者に優しい配信目指します。台湾USA勢歓迎！\n当攻略画像などをサイト、SNSへ転載する場合は引用を含む形で！依頼や案件はDMからhttps://t.co/dscTrIPuCk YouTube https://t.co/Loj1yAkTio 下記Sponsor","url":"https://t.co/MTES0g6b73","entities":{"url":{"urls":[{"url":"https://t.co/MTES0g6b73","expanded_url":"http://s.smartgame.jp/2tr5jMX","display_url":"s.smartgame.jp/2tr5jMX","indices":[0,23]}]},"description":{"urls":[{"url":"https://t.co/dscTrIPuCk","expanded_url":"http://com.nicovideo.jp/community/co1979346","display_url":"com.nicovideo.jp/community/co19…","indices":[82,105]},{"url":"https://t.co/Loj1yAkTio","expanded_url":"http://goo.gl/f2FBps","display_url":"goo.gl/f2FBps","indices":[114,137]}]}},"protected":false,"followers_count":37210,"friends_count":8158,"listed_count":416,"created_at":"Tue Jan 28 12:53:57 +0000 2014","favourites_count":23488,"utc_offset":null,"time_zone":null,"geo_enabled":false,"verified":false,"statuses_count":44844,"lang":"ja","contributors_enabled":false,"is_translator":false,"is_translation_enabled":false,"profile_background_color":"C0DEED","profile_background_image_url":"http://pbs.twimg.com/profile_background_images/440615548225740800/quGNolbU.jpeg","profile_background_image_url_https":"https://pbs.twimg.com/profile_background_images/440615548225740800/quGNolbU.jpeg","profile_background_tile":true,"profile_image_url":"http://pbs.twimg.com/profile_images/876444956239339520/8aVQQcbJ_normal.jpg","profile_image_url_https":"https://pbs.twimg.com/profile_images/876444956239339520/8aVQQcbJ_normal.jpg","profile_banner_url":"https://pbs.twimg.com/profile_banners/2315456696/1498796184","profile_link_color":"7FDBB6","profile_sidebar_border_color":"FFFFFF","profile_sidebar_fill_color":"DDEEF6","profile_text_color":"333333","profile_use_background_image":true,"has_extended_profile":true,"default_profile":false,"default_profile_image":false,"following":false,"follow_request_sent":false,"notifications":false,"translator_type":"none"},"geo":null,"coordinates":null,"place":null,"contributors":null,"is_quote_status":false,"retweet_count":10823,"favorite_count":18593,"favorited":false,"retweeted":false,"possibly_sensitive":false,"lang":"ja"},{"created_at":"Thu Jul 20 12:54:38 +0000 2017","id":888019317551317000,"id_str":"888019317551316993","text":"関ジャニ観に来たんですけど！えげつないめっちゃ盛り上がってたんですけど！超うけるんですけど！ https://t.co/MzBNyq5Sxb","truncated":false,"entities":{"hashtags":[],"symbols":[],"user_mentions":[],"urls":[],"media":[{"id":888019303496163300,"id_str":"888019303496163328","indices":[47,70],"media_url":"http://pbs.twimg.com/media/DFLg2gKUIAA_Ige.jpg","media_url_https":"https://pbs.twimg.com/media/DFLg2gKUIAA_Ige.jpg","url":"https://t.co/MzBNyq5Sxb","display_url":"pic.twitter.com/MzBNyq5Sxb","expanded_url":"https://twitter.com/okazaki_taiiku/status/888019317551316993/photo/1","type":"photo","sizes":{"thumb":{"w":150,"h":150,"resize":"crop"},"large":{"w":2048,"h":1536,"resize":"fit"},"medium":{"w":1200,"h":900,"resize":"fit"},"small":{"w":680,"h":510,"resize":"fit"}}}]},"extended_entities":{"media":[{"id":888019303496163300,"id_str":"888019303496163328","indices":[47,70],"media_url":"http://pbs.twimg.com/media/DFLg2gKUIAA_Ige.jpg","media_url_https":"https://pbs.twimg.com/media/DFLg2gKUIAA_Ige.jpg","url":"https://t.co/MzBNyq5Sxb","display_url":"pic.twitter.com/MzBNyq5Sxb","expanded_url":"https://twitter.com/okazaki_taiiku/status/888019317551316993/photo/1","type":"photo","sizes":{"thumb":{"w":150,"h":150,"resize":"crop"},"large":{"w":2048,"h":1536,"resize":"fit"},"medium":{"w":1200,"h":900,"resize":"fit"},"small":{"w":680,"h":510,"resize":"fit"}}}]},"metadata":{"iso_language_code":"ja","result_type":"recent"},"source":"<a href=\"http://twitter.com/download/iphone\" rel=\"nofollow\">Twitter for iPhone</a>","in_reply_to_status_id":null,"in_reply_to_status_id_str":null,"in_reply_to_user_id":null,"in_reply_to_user_id_str":null,"in_reply_to_screen_name":null,"user":{"id":907526713,"id_str":"907526713","name":"岡崎体育","screen_name":"okazaki_taiiku","location":"Kyoto(Uji),Nara/Japan","description":"盆地テクノやってます■目標はさいたまスーパーアリーナでのワンマンです■公式の情報通知は(@mansatti)です。■似顔絵アイコンby五味岳久","url":"https://t.co/nxn6mOFRgG","entities":{"url":{"urls":[{"url":"https://t.co/nxn6mOFRgG","expanded_url":"http://okazakitaiiku.com","display_url":"okazakitaiiku.com","indices":[0,23]}]},"description":{"urls":[]}},"protected":false,"followers_count":242642,"friends_count":474,"listed_count":1448,"created_at":"Sat Oct 27 06:40:26 +0000 2012","favourites_count":5490,"utc_offset":32400,"time_zone":"Seoul","geo_enabled":true,"verified":true,"statuses_count":10211,"lang":"ja","contributors_enabled":false,"is_translator":false,"is_translation_enabled":false,"profile_background_color":"000000","profile_background_image_url":"http://abs.twimg.com/images/themes/theme1/bg.png","profile_background_image_url_https":"https://abs.twimg.com/images/themes/theme1/bg.png","profile_background_tile":false,"profile_image_url":"http://pbs.twimg.com/profile_images/438983782041784320/ZtyIWPy1_normal.jpeg","profile_image_url_https":"https://pbs.twimg.com/profile_images/438983782041784320/ZtyIWPy1_normal.jpeg","profile_banner_url":"https://pbs.twimg.com/profile_banners/907526713/1500482692","profile_link_color":"3B94D9","profile_sidebar_border_color":"000000","profile_sidebar_fill_color":"000000","profile_text_color":"000000","profile_use_background_image":false,"has_extended_profile":true,"default_profile":false,"default_profile_image":false,"following":false,"follow_request_sent":false,"notifications":false,"translator_type":"none"},"geo":null,"coordinates":null,"place":null,"contributors":null,"is_quote_status":false,"retweet_count":12499,"favorite_count":33722,"favorited":false,"retweeted":false,"possibly_sensitive":false,"lang":"ja"},{"created_at":"Thu Jul 20 12:44:19 +0000 2017","id":888016719993651200,"id_str":"888016719993651200","text":"20日より開催されておりますFate/Grand Orderの復刻イベントにて昨年描かせていただいたナイツ・オブ・マリーンズがまたラインナップされております。よろしくお願いします～！ https://t.co/DmbXWK3ruI","truncated":false,"entities":{"hashtags":[],"symbols":[],"user_mentions":[],"urls":[],"media":[{"id":888015683568582700,"id_str":"888015683568582657","indices":[92,115],"media_url":"http://pbs.twimg.com/media/DFLdjy4UwAE7XP-.png","media_url_https":"https://pbs.twimg.com/media/DFLdjy4UwAE7XP-.png","url":"https://t.co/DmbXWK3ruI","display_url":"pic.twitter.com/DmbXWK3ruI","expanded_url":"https://twitter.com/mielelatte/status/888016719993651200/photo/1","type":"photo","sizes":{"small":{"w":398,"h":680,"resize":"fit"},"large":{"w":512,"h":875,"resize":"fit"},"thumb":{"w":150,"h":150,"resize":"crop"},"medium":{"w":512,"h":875,"resize":"fit"}}}]},"extended_entities":{"media":[{"id":888015683568582700,"id_str":"888015683568582657","indices":[92,115],"media_url":"http://pbs.twimg.com/media/DFLdjy4UwAE7XP-.png","media_url_https":"https://pbs.twimg.com/media/DFLdjy4UwAE7XP-.png","url":"https://t.co/DmbXWK3ruI","display_url":"pic.twitter.com/DmbXWK3ruI","expanded_url":"https://twitter.com/mielelatte/status/888016719993651200/photo/1","type":"photo","sizes":{"small":{"w":398,"h":680,"resize":"fit"},"large":{"w":512,"h":875,"resize":"fit"},"thumb":{"w":150,"h":150,"resize":"crop"},"medium":{"w":512,"h":875,"resize":"fit"}}}]},"metadata":{"iso_language_code":"ja","result_type":"recent"},"source":"<a href=\"http://twitter.com\" rel=\"nofollow\">Twitter Web Client</a>","in_reply_to_status_id":null,"in_reply_to_status_id_str":null,"in_reply_to_user_id":null,"in_reply_to_user_id_str":null,"in_reply_to_screen_name":null,"user":{"id":97854967,"id_str":"97854967","name":"雪広うたこ@7/25魔界王子14巻発売","screen_name":"mielelatte","location":"※作品内容以外のお問合せは各出版社・制作会社へお願いします","description":"漫画やイラスト描いて生活してます。基本日常語り＋オタク話。\n【連載中】魔界王子devils and realist・少年王女\n【キャラデザ】B-PROJECT　他","url":"http://t.co/4mGZKJ3k2C","entities":{"url":{"urls":[{"url":"http://t.co/4mGZKJ3k2C","expanded_url":"http://77x16.com","display_url":"77x16.com","indices":[0,22]}]},"description":{"urls":[]}},"protected":false,"followers_count":88323,"friends_count":363,"listed_count":1611,"created_at":"Sat Dec 19 08:17:32 +0000 2009","favourites_count":481,"utc_offset":32400,"time_zone":"Tokyo","geo_enabled":false,"verified":false,"statuses_count":17577,"lang":"ja","contributors_enabled":false,"is_translator":false,"is_translation_enabled":false,"profile_background_color":"FFFFFF","profile_background_image_url":"http://pbs.twimg.com/profile_background_images/137403488/novo-dl.jpg","profile_background_image_url_https":"https://pbs.twimg.com/profile_background_images/137403488/novo-dl.jpg","profile_background_tile":true,"profile_image_url":"http://pbs.twimg.com/profile_images/426380652028502017/EH87-izX_normal.jpeg","profile_image_url_https":"https://pbs.twimg.com/profile_images/426380652028502017/EH87-izX_normal.jpeg","profile_link_color":"3B94D9","profile_sidebar_border_color":"2E2E2E","profile_sidebar_fill_color":"CEE4EB","profile_text_color":"333333","profile_use_background_image":true,"has_extended_profile":false,"default_profile":false,"default_profile_image":false,"following":false,"follow_request_sent":false,"notifications":false,"translator_type":"none"},"geo":null,"coordinates":null,"place":null,"contributors":null,"is_quote_status":false,"retweet_count":6883,"favorite_count":11430,"favorited":false,"retweeted":false,"possibly_sensitive":false,"lang":"ja"},{"created_at":"Thu Jul 20 12:22:30 +0000 2017","id":888011231377858600,"id_str":"888011231377858560","text":"ミリオンラジオ！にて発表された、アイドルマスター×パ・リーグコラボ 765プロアイドルの応援イラスト。 https://t.co/xEgnl0GsfY","truncated":false,"entities":{"hashtags":[],"symbols":[],"user_mentions":[],"urls":[],"media":[{"id":888011084367409200,"id_str":"888011084367409152","indices":[52,75],"media_url":"http://pbs.twimg.com/media/DFLZYFhUMAAcMwo.jpg","media_url_https":"https://pbs.twimg.com/media/DFLZYFhUMAAcMwo.jpg","url":"https://t.co/xEgnl0GsfY","display_url":"pic.twitter.com/xEgnl0GsfY","expanded_url":"https://twitter.com/imas_DB/status/888011231377858560/photo/1","type":"photo","sizes":{"thumb":{"w":150,"h":150,"resize":"crop"},"large":{"w":832,"h":720,"resize":"fit"},"medium":{"w":832,"h":720,"resize":"fit"},"small":{"w":680,"h":588,"resize":"fit"}}}]},"extended_entities":{"media":[{"id":888011084367409200,"id_str":"888011084367409152","indices":[52,75],"media_url":"http://pbs.twimg.com/media/DFLZYFhUMAAcMwo.jpg","media_url_https":"https://pbs.twimg.com/media/DFLZYFhUMAAcMwo.jpg","url":"https://t.co/xEgnl0GsfY","display_url":"pic.twitter.com/xEgnl0GsfY","expanded_url":"https://twitter.com/imas_DB/status/888011231377858560/photo/1","type":"photo","sizes":{"thumb":{"w":150,"h":150,"resize":"crop"},"large":{"w":832,"h":720,"resize":"fit"},"medium":{"w":832,"h":720,"resize":"fit"},"small":{"w":680,"h":588,"resize":"fit"}}}]},"metadata":{"iso_language_code":"ja","result_type":"recent"},"source":"<a href=\"http://twitter.com\" rel=\"nofollow\">Twitter Web Client</a>","in_reply_to_status_id":null,"in_reply_to_status_id_str":null,"in_reply_to_user_id":null,"in_reply_to_user_id_str":null,"in_reply_to_screen_name":null,"user":{"id":135142148,"id_str":"135142148","name":"アイマスDB","screen_name":"imas_DB","location":"まるあみゅ.ねっと プロジェクト","description":"@mirai_iro による個人ファンサイト「アイドルマスターデータベース」が運営する、サイトの更新情報やアイドルマスター関連情報をお届けするアカウントです。ツイート内容は現地取材や公式発表などを元とするものですが、バンダイナムコそのほか各社さまとは関係ございません。アイコン画像制作：イトマ(@itomxy)","url":"https://t.co/oOaG6qk39T","entities":{"url":{"urls":[{"url":"https://t.co/oOaG6qk39T","expanded_url":"https://imas-db.jp/","display_url":"imas-db.jp","indices":[0,23]}]},"description":{"urls":[]}},"protected":false,"followers_count":29227,"friends_count":402,"listed_count":762,"created_at":"Tue Apr 20 13:08:16 +0000 2010","favourites_count":4330,"utc_offset":32400,"time_zone":"Tokyo","geo_enabled":true,"verified":false,"statuses_count":41921,"lang":"ja","contributors_enabled":false,"is_translator":false,"is_translation_enabled":false,"profile_background_color":"C0DEED","profile_background_image_url":"http://abs.twimg.com/images/themes/theme1/bg.png","profile_background_image_url_https":"https://abs.twimg.com/images/themes/theme1/bg.png","profile_background_tile":false,"profile_image_url":"http://pbs.twimg.com/profile_images/881916533957459968/2iyFrpab_normal.png","profile_image_url_https":"https://pbs.twimg.com/profile_images/881916533957459968/2iyFrpab_normal.png","profile_link_color":"1DA1F2","profile_sidebar_border_color":"C0DEED","profile_sidebar_fill_color":"DDEEF6","profile_text_color":"333333","profile_use_background_image":true,"has_extended_profile":false,"default_profile":true,"default_profile_image":false,"following":false,"follow_request_sent":false,"notifications":false,"translator_type":"regular"},"geo":null,"coordinates":null,"place":null,"contributors":null,"is_quote_status":false,"retweet_count":10602,"favorite_count":8701,"favorited":false,"retweeted":false,"possibly_sensitive":false,"lang":"ja"}],"search_metadata":{"completed_in":0.699,"max_id":888105085493891100,"max_id_str":"888105085493891074","next_results":"?max_id=888011231377858559&q=lang%3Aja%20min_retweets%3A5000&include_entities=1","query":"lang%3Aja+min_retweets%3A5000","refresh_url":"?since_id=888105085493891074&q=lang%3Aja%20min_retweets%3A5000&include_entities=1","count":15,"since_id":0,"since_id_str":"0"}}