{"statuses":[{"created_at":"Thu Jul 20 15:02:15 +0000 2017","id":888051431525175300,"id_str":"888051431525175298","text":"FAIRY TAIL アニメファイナルシリーズ、2018年放送決定！です。","truncated":false,"entities":{"hashtags":[],"symbols":[],"user_mentions":[],"urls":[]},"metadata":{"iso_language_code":"ja","result_type":"recent"},"source":"<a href=\"http://twitter.com/download/iphone\" rel=\"nofollow\">Twitter for iPhone</a>","in_reply_to_status_id":null,"in_reply_to_status_id_str":null,"in_reply_to_user_id":null,"in_reply_to_user_id_str":null,"in_reply_to_screen_name":null,"user":{"id":591755629,"id_str":"591755629","name":"真島ヒロ","screen_name":"hiro_mashima","location":"東京都","description":"FAIRYTAIL作者の真島ヒロです。全員に返信はできませんが、超不定期できまぐれに返信します。応援してくれてる人全てに感謝です。","url":null,"entities":{"description":{"urls":[]}},"protected":false,"followers_count":1228761,"friends_count":146,"listed_count":4840,"created_at":"Sun May 27 11:37:44 +0000 2012","favourites_count":4,"utc_offset":28800,"time_zone":"Irkutsk","geo_enabled":false,"verified":true,"statuses_count":6071,"lang":"ja","contributors_enabled":false,"is_translator":false,"is_translation_enabled":false,"profile_background_color":"C0DEED","profile_background_image_url":"http://pbs.twimg.com/profile_background_images/825634034/d608eb2903db4aa04e8d4bbbf77f0e8c.png","profile_background_image_url_https":"https://pbs.twimg.com/profile_background_images/825634034/d608eb2903db4aa04e8d4bbbf77f0e8c.png","profile_background_tile":true,"profile_image_url":"http://pbs.twimg.com/profile_images/660495023075561472/hNe_UBMn_normal.png","profile_image_url_https":"https://pbs.twimg.com/profile_images/660495023075561472/hNe_UBMn_normal.png","profile_banner_url":"https://pbs.twimg.com/profile_banners/591755629/1490431315","profile_link_color":"0084B4","profile_sidebar_border_color":"FFFFFF","profile_sidebar_fill_color":"DDEEF6","profile_text_color":"333333","profile_use_background_image":true,"has_extended_profile":false,"default_profile":false,"default_profile_image":false,"following":false,"follow_request_sent":false,"notifications":false,"translator_type":"none"},"geo":null,"coordinates":null,"place":null,"contributors":null,"is_quote_status":false,"retweet_count":13184,"favorite_count":20178,"favorited":false,"retweeted":false,"lang":"ja"},{"created_at":"Thu Jul 20 13:31:19 +0000 2017","id":888028548799225900,"id_str":"888028548799225858","text":"【アイドルマスター×パ・リーグ6球団コラボ】７６５プロダクション所属アイドルの描き下ろしイラストを公開！本拠地にあわせて、北から南の順にご紹介！ #imas https://t.co/noYrKhdlGz https://t.co/PJWkoXYQfV","truncated":false,"entities":{"hashtags":[{"text":"imas","indices":[73,78]}],"symbols":[],"user_mentions":[],"urls":[{"url":"https://t.co/noYrKhdlGz","expanded_url":"http://www.idolmaster-anime.jp/news/#news44386","display_url":"idolmaster-anime.jp/news/#news44386","indices":[79,102]}],"media":[{"id":888027112933736400,"id_str":"888027112933736449","indices":[103,126],"media_url":"http://pbs.twimg.com/media/DFLn9ElUwAEYZYw.jpg","media_url_https":"https://pbs.twimg.com/media/DFLn9ElUwAEYZYw.jpg","url":"https://t.co/PJWkoXYQfV","display_url":"pic.twitter.com/PJWkoXYQfV","expanded_url":"https://twitter.com/imas_anime/status/888028548799225858/photo/1","type":"photo","sizes":{"medium":{"w":1200,"h":675,"resize":"fit"},"large":{"w":1920,"h":1080,"resize":"fit"},"small":{"w":680,"h":383,"resize":"fit"},"thumb":{"w":150,"h":150,"resize":"crop"}}}]},"extended_entities":{"media":[{"id":888027112933736400,"id_str":"888027112933736449","indices":[103,126],"media_url":"http://pbs.twimg.com/media/DFLn9ElUwAEYZYw.jpg","media_url_https":"https://pbs.twimg.com/media/DFLn9ElUwAEYZYw.jpg","url":"https://t.co/PJWkoXYQfV","display_url":"pic.twitter.com/PJWkoXYQfV","expanded_url":"https://twitter.com/imas_anime/status/888028548799225858/photo/1","type":"photo","sizes":{"medium":{"w":1200,"h":675,"resize":"fit"},"large":{"w":1920,"h":1080,"resize":"fit"},"small":{"w":680,"h":383,"resize":"fit"},"thumb":{"w":150,"h":150,"resize":"crop"}}},{"id":888027149982093300,"id_str":"888027149982093312","indices":[103,126],"media_url":"http://pbs.twimg.com/media/DFLn_OmV0AAfE44.jpg","media_url_https":"https://pbs.twimg.com/media/DFLn_OmV0AAfE44.jpg","url":"https://t.co/PJWkoXYQfV","display_url":"pic.twitter.com/PJWkoXYQfV","expanded_url":"https://twitter.com/imas_anime/status/888028548799225858/photo/1","type":"photo","sizes":{"medium":{"w":1200,"h":675,"resize":"fit"},"large":{"w":1920,"h":1080,"resize":"fit"},"small":{"w":680,"h":383,"resize":"fit"},"thumb":{"w":150,"h":150,"resize":"crop"}}},{"id":888027174216769500,"id_str":"888027174216769536","indices":[103,126],"media_url":"http://pbs.twimg.com/media/DFLoAo4VoAAtKIq.jpg","media_url_https":"https://pbs.twimg.com/media/DFLoAo4VoAAtKIq.jpg","url":"https://t.co/PJWkoXYQfV","display_url":"pic.twitter.com/PJWkoXYQfV","expanded_url":"https://twitter.com/imas_anime/status/888028548799225858/photo/1","type":"photo","sizes":{"medium":{"w":1200,"h":675,"resize":"fit"},"large":{"w":1920,"h":1080,"resize":"fit"},"small":{"w":680,"h":383,"resize":"fit"},"thumb":{"w":150,"h":150,"resize":"crop"}}}]},"metadata":{"iso_language_code":"ja","result_type":"recent"},"source":"<a href=\"http://twitter.com\" rel=\"nofollow\">Twitter Web Client</a>","in_reply_to_status_id":null,"in_reply_to_status_id_str":null,"in_reply_to_user_id":null,"in_reply_to_user_id_str":null,"in_reply_to_screen_name":null,"user":{"id":230095408,"id_str":"230095408","name":"アイドルマスター","screen_name":"imas_anime","location":"","description":"『アイドルマスター アニメプロジェクト』公式アカウントです。","url":"http://t.co/JWSUgwEdm6","entities":{"url":{"urls":[{"url":"http://t.co/JWSUgwEdm6","expanded_url":"http://imas-anime-project.com","display_url":"imas-anime-project.com","indices":[0,22]}]},"description":{"urls":[]}},"protected":false,"followers_count":296681,"friends_count":9,"listed_count":5581,"created_at":"Fri Dec 24 07:32:57 +0000 2010","favourites_count":43,"utc_offset":32400,"time_zone":"Tokyo","geo_enabled":false,"verified":false,"statuses_count":6758,"lang":"ja","contributors_enabled":false,"is_translator":false,"is_translation_enabled":false,"profile_background_color":"C0DEED","profile_background_image_url":"http://pbs.twimg.com/profile_background_images/538366372154077184/vAXFlu2y.jpeg","profile_background_image_url_https":"https://pbs.twimg.com/profile_background_images/538366372154077184/vAXFlu2y.jpeg","profile_background_tile":true,"profile_image_url":"http://pbs.twimg.com/profile_images/538365006903910401/3u8n-us-_normal.png","profile_image_url_https":"https://pbs.twimg.com/profile_images/538365006903910401/3u8n-us-_normal.png","profile_link_color":"0084B4","profile_sidebar_border_color":"C0DEED","profile_sidebar_fill_color":"DDEEF6","profile_text_color":"333333","profile_use_background_image":true,"has_extended_profile":false,"default_profile":false,"default_profile_image":false,"following":false,"follow_request_sent":false,"notifications":false,"translator_type":"none"},"geo":null,"coordinates":null,"place":null,"contributors":null,"is_quote_status":false,"retweet_count":5095,"favorite_count":4681,"favorited":false,"retweeted":false,"possibly_sensitive":false,"lang":"ja"},{"created_at":"Thu Jul 20 13:09:47 +0000 2017","id":888023130047864800,"id_str":"888023130047864834","text":"「ぼくらの勇気  未満都市 2017」\n\n20年という月日を経て、成長した\n\nタケル、ヤマト、アキラ、モリ、、、\n\nそして何と言ってもキイチ\n\nひっさびさの小原裕貴くん\n\nアツすぎる\n\n明日、7月21日、夜21時〜\n\n放送です！\n\nお見逃しなく！！\n\n※城田優は出演していません","truncated":false,"entities":{"hashtags":[],"symbols":[],"user_mentions":[],"urls":[]},"metadata":{"iso_language_code":"ja","result_type":"recent"},"source":"<a href=\"http://twitter.com/download/iphone\" rel=\"nofollow\">Twitter for iPhone</a>","in_reply_to_status_id":null,"in_reply_to_status_id_str":null,"in_reply_to_user_id":null,"in_reply_to_user_id_str":null,"in_reply_to_screen_name":null,"user":{"id":255396287,"id_str":"255396287","name":"Yu Shirota(城田優)","screen_name":"U_and_YOU","location":"Tokyo,Japan","description":"1985.12.26 Actor ,Singer,Songwriter    Instagram→ https://t.co/zazovjodkP","url":"https://t.co/Zdls3j0oga","entities":{"url":{"urls":[{"url":"https://t.co/Zdls3j0oga","expanded_url":"http://www.yu-shirota.com/","display_url":"yu-shirota.com","indices":[0,23]}]},"description":{"urls":[{"url":"https://t.co/zazovjodkP","expanded_url":"https://www.instagram.com/yu_shirota/","display_url":"instagram.com/yu_shirota/","indices":[50,73]}]}},"protected":false,"followers_count":503681,"friends_count":189,"listed_count":3923,"created_at":"Mon Feb 21 08:18:36 +0000 2011","favourites_count":7,"utc_offset":-36000,"time_zone":"Hawaii","geo_enabled":true,"verified":true,"statuses_count":3479,"lang":"ja","contributors_enabled":false,"is_translator":false,"is_translation_enabled":false,"profile_background_color":"131516","profile_background_image_url":"http://pbs.twimg.com/profile_background_images/432727794670247937/XXZzj21F.jpeg","profile_background_image_url_https":"https://pbs.twimg.com/profile_background_images/432727794670247937/XXZzj21F.jpeg","profile_background_tile":true,"profile_image_url":"http://pbs.twimg.com/profile_images/657753597153701889/iI42itn7_normal.jpg","profile_image_url_https":"https://pbs.twimg.com/profile_images/657753597153701889/iI42itn7_normal.jpg","profile_banner_url":"https://pbs.twimg.com/profile_banners/255396287/1445195025","profile_link_color":"009999","profile_sidebar_border_color":"FFFFFF","profile_sidebar_fill_color":"DDEEF6","profile_text_color":"333333","profile_use_background_image":true,"has_extended_profile":true,"default_profile":false,"default_profile_image":false,"following":false,"follow_request_sent":false,"notifications":false,"translator_type":"none"},"geo":null,"coordinates":null,"place":null,"contributors":null,"is_quote_status":false,"retweet_count":7828,"favorite_count":12884,"favorited":false,"retweeted":false,"lang":"ja"},{"created_at":"Thu Jul 20 13:07:24 +0000 2017","id":888022528634929200,"id_str":"888022528634929153","text":"日本とうちゃくしました〜〜♡ https://t.co/2616lZMDII","truncated":false,"entities":{"hashtags":[],"symbols":[],"user_mentions":[],"urls":[],"media":[{"id":888022520347086800,"id_str":"888022520347086849","indices":[15,38],"media_url":"http://pbs.twimg.com/media/DFLjxv3V0AEfBYy.jpg","media_url_https":"https://pbs.twimg.com/media/DFLjxv3V0AEfBYy.jpg","url":"https://t.co/2616lZMDII","display_url":"pic.twitter.com/2616lZMDII","expanded_url":"https://twitter.com/pledis_17jp/status/888022528634929153/photo/1","type":"photo","sizes":{"large":{"w":720,"h":960,"resize":"fit"},"thumb":{"w":150,"h":150,"resize":"crop"},"medium":{"w":720,"h":960,"resize":"fit"},"small":{"w":510,"h":680,"resize":"fit"}}}]},"extended_entities":{"media":[{"id":888022520347086800,"id_str":"888022520347086849","indices":[15,38],"media_url":"http://pbs.twimg.com/media/DFLjxv3V0AEfBYy.jpg","media_url_https":"https://pbs.twimg.com/media/DFLjxv3V0AEfBYy.jpg","url":"https://t.co/2616lZMDII","display_url":"pic.twitter.com/2616lZMDII","expanded_url":"https://twitter.com/pledis_17jp/status/888022528634929153/photo/1","type":"photo","sizes":{"large":{"w":720,"h":960,"resize":"fit"},"thumb":{"w":150,"h":150,"resize":"crop"},"medium":{"w":720,"h":960,"resize":"fit"},"small":{"w":510,"h":680,"resize":"fit"}}}]},"metadata":{"iso_language_code":"ja","result_type":"recent"},"source":"<a href=\"http://twitter.com/download/iphone\" rel=\"nofollow\">Twitter for iPhone</a>","in_reply_to_status_id":null,"in_reply_to_status_id_str":null,"in_reply_to_user_id":null,"in_reply_to_user_id_str":null,"in_reply_to_screen_name":null,"user":{"id":708198095704555500,"id_str":"708198095704555521","name":"SEVENTEEN Japan","screen_name":"pledis_17jp","location":"","description":"SEVENTEEN日本公式アカウント 7月26日(水) 27日(木) さいたまスーパーアリーナ公演決定！詳しくは公式サイトで！https://t.co/gfNaF686tz","url":"https://t.co/gfNaF686tz","entities":{"url":{"urls":[{"url":"https://t.co/gfNaF686tz","expanded_url":"http://seventeen-17.jp/","display_url":"seventeen-17.jp","indices":[0,23]}]},"description":{"urls":[{"url":"https://t.co/gfNaF686tz","expanded_url":"http://seventeen-17.jp/","display_url":"seventeen-17.jp","indices":[63,86]}]}},"protected":false,"followers_count":259835,"friends_count":2,"listed_count":1064,"created_at":"Fri Mar 11 07:49:18 +0000 2016","favourites_count":0,"utc_offset":-25200,"time_zone":"Pacific Time (US & Canada)","geo_enabled":false,"verified":false,"statuses_count":1396,"lang":"ja","contributors_enabled":false,"is_translator":false,"is_translation_enabled":false,"profile_background_color":"000000","profile_background_image_url":"http://abs.twimg.com/images/themes/theme1/bg.png","profile_background_image_url_https":"https://abs.twimg.com/images/themes/theme1/bg.png","profile_background_tile":false,"profile_image_url":"http://pbs.twimg.com/profile_images/887276012710404096/EF7MgB9h_normal.jpg","profile_image_url_https":"https://pbs.twimg.com/profile_images/887276012710404096/EF7MgB9h_normal.jpg","profile_banner_url":"https://pbs.twimg.com/profile_banners/708198095704555521/1499430058","profile_link_color":"0084B4","profile_sidebar_border_color":"000000","profile_sidebar_fill_color":"000000","profile_text_color":"000000","profile_use_background_image":false,"has_extended_profile":true,"default_profile":false,"default_profile_image":false,"following":false,"follow_request_sent":false,"notifications":false,"translator_type":"none"},"geo":null,"coordinates":null,"place":null,"contributors":null,"is_quote_status":false,"retweet_count":7201,"favorite_count":18026,"favorited":false,"retweeted":false,"possibly_sensitive":false,"lang":"ja"},{"created_at":"Thu Jul 20 13:03:06 +0000 2017","id":888021449457320000,"id_str":"888021449457319937","text":"「復刻:夏だ! 海だ! 開拓だ! FGO 2016 Summerカルデアヒートオデッセイ ～進化のシヴィライゼーション～ ライト版」第二部\n周回効率がいい場所、礼装等まとめました\n赤く囲った所がそのアイテムの効率が良い場所\n間違い… https://t.co/lkOQicgy5n","truncated":true,"entities":{"hashtags":[],"symbols":[],"user_mentions":[],"urls":[{"url":"https://t.co/lkOQicgy5n","expanded_url":"https://twitter.com/i/web/status/888021449457319937","display_url":"twitter.com/i/web/status/8…","indices":[117,140]}]},"metadata":{"iso_language_code":"ja","result_type":"recent"},"source":"<a href=\"http://twitter.com\" rel=\"nofollow\">Twitter Web Client</a>","in_reply_to_status_id":885122171109916700,"in_reply_to_status_id_str":"885122171109916672","in_reply_to_user_id":4660690045,"in_reply_to_user_id_str":"4660690045","in_reply_to_screen_name":"niconikon01","user":{"id":4660690045,"id_str":"4660690045","name":"kon@FGO","screen_name":"niconikon01","location":"カルデアゲーム部","description":"FGOの攻略画像あげている者です。画像上げ始めてもう1年半。イベント時以外は普通にツイートしてます。色々なゲーム(主にFGO)をニコ生で放送しています。RT&クソリプおじさん。ニコニコ : https://t.co/4sNRhWFbed","url":"https://t.co/imE2iBvfjt","entities":{"url":{"urls":[{"url":"https://t.co/imE2iBvfjt","expanded_url":"http://youtube.com/channel/UCq19_UY9U8v8_zMRuVK50Mw","display_url":"youtube.com/channel/UCq19_…","indices":[0,23]}]},"description":{"urls":[{"url":"https://t.co/4sNRhWFbed","expanded_url":"http://nicovideo.jp/user/5702442","display_url":"nicovideo.jp/user/5702442","indices":[95,118]}]}},"protected":false,"followers_count":44885,"friends_count":765,"listed_count":694,"created_at":"Sun Dec 27 10:04:11 +0000 2015","favourites_count":6909,"utc_offset":-25200,"time_zone":"Pacific Time (US & Canada)","geo_enabled":false,"verified":false,"statuses_count":7632,"lang":"ja","contributors_enabled":false,"is_translator":false,"is_translation_enabled":false,"profile_background_color":"F5F8FA","profile_background_image_url":null,"profile_background_image_url_https":null,"profile_background_tile":false,"profile_image_url":"http://pbs.twimg.com/profile_images/876016701069971456/W74Ayxib_normal.png","profile_image_url_https":"https://pbs.twimg.com/profile_images/876016701069971456/W74Ayxib_normal.png","profile_banner_url":"https://pbs.twimg.com/profile_banners/4660690045/1482637475","profile_link_color":"1DA1F2","profile_sidebar_border_color":"C0DEED","profile_sidebar_fill_color":"DDEEF6","profile_text_color":"333333","profile_use_background_image":true,"has_extended_profile":true,"default_profile":true,"default_profile_image":false,"following":false,"follow_request_sent":false,"notifications":false,"translator_type":"none"},"geo":null,"coordinates":null,"place":null,"contributors":null,"is_quote_status":false,"retweet_count":7227,"favorite_count":12001,"favorited":false,"retweeted":false,"possibly_sensitive":false,"lang":"ja"},{"created_at":"Thu Jul 20 13:01:24 +0000 2017","id":888021019449065500,"id_str":"888021019449065472","text":"伝説のポケモンがもうすぐ登場！詳しくはこちら:  https://t.co/KVMGRnWNfc https://t.co/pnxzvgxsIP","truncated":false,"entities":{"hashtags":[],"symbols":[],"user_mentions":[],"urls":[{"url":"https://t.co/KVMGRnWNfc","expanded_url":"http://pokemongolive.com/ja/post/legendarypokemon","display_url":"pokemongolive.com/ja/post/legend…","indices":[25,48]},{"url":"https://t.co/pnxzvgxsIP","expanded_url":"https://www.youtube.com/watch?v=EchmU8J7pT0","display_url":"youtube.com/watch?v=EchmU8…","indices":[49,72]}]},"metadata":{"iso_language_code":"ja","result_type":"recent"},"source":"<a href=\"http://www.falcon.io\" rel=\"nofollow\">Falcon Social Media Management </a>","in_reply_to_status_id":null,"in_reply_to_status_id_str":null,"in_reply_to_user_id":null,"in_reply_to_user_id_str":null,"in_reply_to_screen_name":null,"user":{"id":745131593392488400,"id_str":"745131593392488449","name":"Pokémon GO Japan","screen_name":"PokemonGOAppJP","location":"","description":"スマートフォン向けリアルワールドゲーム、Pokémon GOの日本公式アカウントです。Pokémon GOの最新情報をこちらからお伝えいたします。","url":null,"entities":{"description":{"urls":[]}},"protected":false,"followers_count":240162,"friends_count":2,"listed_count":2652,"created_at":"Tue Jun 21 05:49:50 +0000 2016","favourites_count":2,"utc_offset":-25200,"time_zone":"Pacific Time (US & Canada)","geo_enabled":false,"verified":true,"statuses_count":127,"lang":"en","contributors_enabled":false,"is_translator":false,"is_translation_enabled":false,"profile_background_color":"F5F8FA","profile_background_image_url":null,"profile_background_image_url_https":null,"profile_background_tile":false,"profile_image_url":"http://pbs.twimg.com/profile_images/750744855341518848/fElW45pA_normal.jpg","profile_image_url_https":"https://pbs.twimg.com/profile_images/750744855341518848/fElW45pA_normal.jpg","profile_banner_url":"https://pbs.twimg.com/profile_banners/745131593392488449/1498184647","profile_link_color":"1DA1F2","profile_sidebar_border_color":"C0DEED","profile_sidebar_fill_color":"DDEEF6","profile_text_color":"333333","profile_use_background_image":true,"has_extended_profile":false,"default_profile":true,"default_profile_image":false,"following":false,"follow_request_sent":false,"notifications":false,"translator_type":"none"},"geo":null,"coordinates":null,"place":null,"contributors":null,"is_quote_status":false,"retweet_count":9596,"favorite_count":6925,"favorited":false,"retweeted":false,"possibly_sensitive":false,"lang":"ja"},{"created_at":"Thu Jul 20 13:00:53 +0000 2017","id":888020892017610800,"id_str":"888020892017610752","text":"関ジャニ∞めっちゃ格好ええな","truncated":false,"entities":{"hashtags":[],"symbols":[],"user_mentions":[],"urls":[]},"metadata":{"iso_language_code":"ja","result_type":"recent"},"source":"<a href=\"http://twitter.com/download/iphone\" rel=\"nofollow\">Twitter for iPhone</a>","in_reply_to_status_id":null,"in_reply_to_status_id_str":null,"in_reply_to_user_id":null,"in_reply_to_user_id_str":null,"in_reply_to_screen_name":null,"user":{"id":907526713,"id_str":"907526713","name":"岡崎体育","screen_name":"okazaki_taiiku","location":"Kyoto(Uji),Nara/Japan","description":"盆地テクノやってます■目標はさいたまスーパーアリーナでのワンマンです■公式の情報通知は(@mansatti)です。■似顔絵アイコンby五味岳久","url":"https://t.co/nxn6mOFRgG","entities":{"url":{"urls":[{"url":"https://t.co/nxn6mOFRgG","expanded_url":"http://okazakitaiiku.com","display_url":"okazakitaiiku.com","indices":[0,23]}]},"description":{"urls":[]}},"protected":false,"followers_count":242585,"friends_count":474,"listed_count":1448,"created_at":"Sat Oct 27 06:40:26 +0000 2012","favourites_count":5490,"utc_offset":32400,"time_zone":"Seoul","geo_enabled":true,"verified":true,"statuses_count":10211,"lang":"ja","contributors_enabled":false,"is_translator":false,"is_translation_enabled":false,"profile_background_color":"000000","profile_background_image_url":"http://abs.twimg.com/images/themes/theme1/bg.png","profile_background_image_url_https":"https://abs.twimg.com/images/themes/theme1/bg.png","profile_background_tile":false,"profile_image_url":"http://pbs.twimg.com/profile_images/438983782041784320/ZtyIWPy1_normal.jpeg","profile_image_url_https":"https://pbs.twimg.com/profile_images/438983782041784320/ZtyIWPy1_normal.jpeg","profile_banner_url":"https://pbs.twimg.com/profile_banners/907526713/1500482692","profile_link_color":"3B94D9","profile_sidebar_border_color":"000000","profile_sidebar_fill_color":"000000","profile_text_color":"000000","profile_use_background_image":false,"has_extended_profile":true,"default_profile":false,"default_profile_image":false,"following":false,"follow_request_sent":false,"notifications":false,"translator_type":"none"},"geo":null,"coordinates":null,"place":null,"contributors":null,"is_quote_status":false,"retweet_count":6517,"favorite_count":20929,"favorited":false,"retweeted":false,"lang":"ja"},{"created_at":"Thu Jul 20 13:00:06 +0000 2017","id":888020694776336400,"id_str":"888020694776336385","text":"『Pokémon GO』に、伝説のポケモンが登場！ 最新映像をチェック！ https://t.co/HZUevHHuNO #ポケモンGO https://t.co/BZ4V2hEZeK","truncated":false,"entities":{"hashtags":[{"text":"ポケモンGO","indices":[61,68]}],"symbols":[],"user_mentions":[],"urls":[{"url":"https://t.co/HZUevHHuNO","expanded_url":"https://www.youtube.com/watch?v=EchmU8J7pT0","display_url":"youtube.com/watch?v=EchmU8…","indices":[37,60]}],"media":[{"id":888020690238091300,"id_str":"888020690238091266","indices":[69,92],"media_url":"http://pbs.twimg.com/media/DFLiHOLWsAINu02.jpg","media_url_https":"https://pbs.twimg.com/media/DFLiHOLWsAINu02.jpg","url":"https://t.co/BZ4V2hEZeK","display_url":"pic.twitter.com/BZ4V2hEZeK","expanded_url":"https://twitter.com/Pokemon_cojp/status/888020694776336385/photo/1","type":"photo","sizes":{"small":{"w":680,"h":255,"resize":"fit"},"medium":{"w":1200,"h":450,"resize":"fit"},"thumb":{"w":150,"h":150,"resize":"crop"},"large":{"w":1600,"h":600,"resize":"fit"}}}]},"extended_entities":{"media":[{"id":888020690238091300,"id_str":"888020690238091266","indices":[69,92],"media_url":"http://pbs.twimg.com/media/DFLiHOLWsAINu02.jpg","media_url_https":"https://pbs.twimg.com/media/DFLiHOLWsAINu02.jpg","url":"https://t.co/BZ4V2hEZeK","display_url":"pic.twitter.com/BZ4V2hEZeK","expanded_url":"https://twitter.com/Pokemon_cojp/status/888020694776336385/photo/1","type":"photo","sizes":{"small":{"w":680,"h":255,"resize":"fit"},"medium":{"w":1200,"h":450,"resize":"fit"},"thumb":{"w":150,"h":150,"resize":"crop"},"large":{"w":1600,"h":600,"resize":"fit"}}}]},"metadata":{"iso_language_code":"ja","result_type":"recent"},"source":"<a href=\"http://www.radian6.com\" rel=\"nofollow\">Radian6 -Social Media Management</a>","in_reply_to_status_id":null,"in_reply_to_status_id_str":null,"in_reply_to_user_id":null,"in_reply_to_user_id_str":null,"in_reply_to_screen_name":null,"user":{"id":323091128,"id_str":"323091128","name":"ポケモン公式ツイッター","screen_name":"Pokemon_cojp","location":"東京都","description":"株式会社ポケモンの公式アカウントより、「ポケットモンスターオフィシャルサイト」最新情報をお届けします。\r\nお客様からの個別のメッセージなどは、Twitter上ではご返答できかねますのでご了承下さい。\r\n「ポケットモンスターオフィシャルサイト」のお問い合わせ窓口よりご連絡下さい。","url":"http://t.co/fpHgcccZIk","entities":{"url":{"urls":[{"url":"http://t.co/fpHgcccZIk","expanded_url":"http://www.pokemon.co.jp/","display_url":"pokemon.co.jp","indices":[0,22]}]},"description":{"urls":[]}},"protected":false,"followers_count":465639,"friends_count":3,"listed_count":5502,"created_at":"Fri Jun 24 07:12:45 +0000 2011","favourites_count":0,"utc_offset":32400,"time_zone":"Tokyo","geo_enabled":false,"verified":true,"statuses_count":7679,"lang":"ja","contributors_enabled":false,"is_translator":false,"is_translation_enabled":false,"profile_background_color":"FFE017","profile_background_image_url":"http://pbs.twimg.com/profile_background_images/747564846/b1272a6602f8339072079eb2863042fe.gif","profile_background_image_url_https":"https://pbs.twimg.com/profile_background_images/747564846/b1272a6602f8339072079eb2863042fe.gif","profile_background_tile":true,"profile_image_url":"http://pbs.twimg.com/profile_images/875568149554274307/dC3miYeA_normal.jpg","profile_image_url_https":"https://pbs.twimg.com/profile_images/875568149554274307/dC3miYeA_normal.jpg","profile_banner_url":"https://pbs.twimg.com/profile_banners/323091128/1499398880","profile_link_color":"0088CC","profile_sidebar_border_color":"FFFFFF","profile_sidebar_fill_color":"FFF9CF","profile_text_color":"333333","profile_use_background_image":true,"has_extended_profile":false,"default_profile":false,"default_profile_image":false,"following":false,"follow_request_sent":false,"notifications":false,"translator_type":"none"},"geo":null,"coordinates":null,"place":null,"contributors":null,"is_quote_status":false,"retweet_count":9159,"favorite_count":7120,"favorited":false,"retweeted":false,"possibly_sensitive":false,"lang":"ja"},{"created_at":"Thu Jul 20 12:58:10 +0000 2017","id":888020204457836500,"id_str":"888020204457836544","text":"復刻水着イベント　ヒートオデッセイ　\n素材ドロップ効率がいい所と、イベントの進め方まとめ。\n赤枠が付いている場所が効率のいい所です。\n【去年とドロップ変わってます、秘石出ないところもあります】\n参考になれば嬉しいです。\n間違ってた… https://t.co/AyTNJbkNiz","truncated":true,"entities":{"hashtags":[],"symbols":[],"user_mentions":[],"urls":[{"url":"https://t.co/AyTNJbkNiz","expanded_url":"https://twitter.com/i/web/status/888020204457836544","display_url":"twitter.com/i/web/status/8…","indices":[117,140]}]},"metadata":{"iso_language_code":"ja","result_type":"recent"},"source":"<a href=\"http://twitter.com\" rel=\"nofollow\">Twitter Web Client</a>","in_reply_to_status_id":null,"in_reply_to_status_id_str":null,"in_reply_to_user_id":null,"in_reply_to_user_id_str":null,"in_reply_to_screen_name":null,"user":{"id":2315456696,"id_str":"2315456696","name":"台パン・シロ@FGO","screen_name":"siro_mtg","location":"カルデア ニコ生局","description":"FGOの周回放送を毎日してます、初心者に優しい配信目指します。台湾USA勢歓迎！\n当攻略画像などをサイト、SNSへ転載する場合は引用を含む形で！依頼や案件はDMからhttps://t.co/dscTrIPuCk YouTube https://t.co/Loj1yAkTio 下記Sponsor","url":"https://t.co/MTES0g6b73","entities":{"url":{"urls":[{"url":"https://t.co/MTES0g6b73","expanded_url":"http://s.smartgame.jp/2tr5jMX","display_url":"s.smartgame.jp/2tr5jMX","indices":[0,23]}]},"description":{"urls":[{"url":"https://t.co/dscTrIPuCk","expanded_url":"http://com.nicovideo.jp/community/co1979346","display_url":"com.nicovideo.jp/community/co19…","indices":[82,105]},{"url":"https://t.co/Loj1yAkTio","expanded_url":"http://goo.gl/f2FBps","display_url":"goo.gl/f2FBps","indices":[114,137]}]}},"protected":false,"followers_count":37131,"friends_count":8158,"listed_count":415,"created_at":"Tue Jan 28 12:53:57 +0000 2014","favourites_count":23489,"utc_offset":null,"time_zone":null,"geo_enabled":false,"verified":false,"statuses_count":44844,"lang":"ja","contributors_enabled":false,"is_translator":false,"is_translation_enabled":false,"profile_background_color":"C0DEED","profile_background_image_url":"http://pbs.twimg.com/profile_background_images/440615548225740800/quGNolbU.jpeg","profile_background_image_url_https":"https://pbs.twimg.com/profile_background_images/440615548225740800/quGNolbU.jpeg","profile_background_tile":true,"profile_image_url":"http://pbs.twimg.com/profile_images/876444956239339520/8aVQQcbJ_normal.jpg","profile_image_url_https":"https://pbs.twimg.com/profile_images/876444956239339520/8aVQQcbJ_normal.jpg","profile_banner_url":"https://pbs.twimg.com/profile_banners/2315456696/1498796184","profile_link_color":"7FDBB6","profile_sidebar_border_color":"FFFFFF","profile_sidebar_fill_color":"DDEEF6","profile_text_color":"333333","profile_use_background_image":true,"has_extended_profile":true,"default_profile":false,"default_profile_image":false,"following":false,"follow_request_sent":false,"notifications":false,"translator_type":"none"},"geo":null,"coordinates":null,"place":null,"contributors":null,"is_quote_status":false,"retweet_count":10212,"favorite_count":17426,"favorited":false,"retweeted":false,"possibly_sensitive":false,"lang":"ja"},{"created_at":"Thu Jul 20 12:54:38 +0000 2017","id":888019317551317000,"id_str":"888019317551316993","text":"関ジャニ観に来たんですけど！えげつないめっちゃ盛り上がってたんですけど！超うけるんですけど！ https://t.co/MzBNyq5Sxb","truncated":false,"entities":{"hashtags":[],"symbols":[],"user_mentions":[],"urls":[],"media":[{"id":888019303496163300,"id_str":"888019303496163328","indices":[47,70],"media_url":"http://pbs.twimg.com/media/DFLg2gKUIAA_Ige.jpg","media_url_https":"https://pbs.twimg.com/media/DFLg2gKUIAA_Ige.jpg","url":"https://t.co/MzBNyq5Sxb","display_url":"pic.twitter.com/MzBNyq5Sxb","expanded_url":"https://twitter.com/okazaki_taiiku/status/888019317551316993/photo/1","type":"photo","sizes":{"thumb":{"w":150,"h":150,"resize":"crop"},"large":{"w":2048,"h":1536,"resize":"fit"},"medium":{"w":1200,"h":900,"resize":"fit"},"small":{"w":680,"h":510,"resize":"fit"}}}]},"extended_entities":{"media":[{"id":888019303496163300,"id_str":"888019303496163328","indices":[47,70],"media_url":"http://pbs.twimg.com/media/DFLg2gKUIAA_Ige.jpg","media_url_https":"https://pbs.twimg.com/media/DFLg2gKUIAA_Ige.jpg","url":"https://t.co/MzBNyq5Sxb","display_url":"pic.twitter.com/MzBNyq5Sxb","expanded_url":"https://twitter.com/okazaki_taiiku/status/888019317551316993/photo/1","type":"photo","sizes":{"thumb":{"w":150,"h":150,"resize":"crop"},"large":{"w":2048,"h":1536,"resize":"fit"},"medium":{"w":1200,"h":900,"resize":"fit"},"small":{"w":680,"h":510,"resize":"fit"}}}]},"metadata":{"iso_language_code":"ja","result_type":"recent"},"source":"<a href=\"http://twitter.com/download/iphone\" rel=\"nofollow\">Twitter for iPhone</a>","in_reply_to_status_id":null,"in_reply_to_status_id_str":null,"in_reply_to_user_id":null,"in_reply_to_user_id_str":null,"in_reply_to_screen_name":null,"user":{"id":907526713,"id_str":"907526713","name":"岡崎体育","screen_name":"okazaki_taiiku","location":"Kyoto(Uji),Nara/Japan","description":"盆地テクノやってます■目標はさいたまスーパーアリーナでのワンマンです■公式の情報通知は(@mansatti)です。■似顔絵アイコンby五味岳久","url":"https://t.co/nxn6mOFRgG","entities":{"url":{"urls":[{"url":"https://t.co/nxn6mOFRgG","expanded_url":"http://okazakitaiiku.com","display_url":"okazakitaiiku.com","indices":[0,23]}]},"description":{"urls":[]}},"protected":false,"followers_count":242585,"friends_count":474,"listed_count":1448,"created_at":"Sat Oct 27 06:40:26 +0000 2012","favourites_count":5490,"utc_offset":32400,"time_zone":"Seoul","geo_enabled":true,"verified":true,"statuses_count":10211,"lang":"ja","contributors_enabled":false,"is_translator":false,"is_translation_enabled":false,"profile_background_color":"000000","profile_background_image_url":"http://abs.twimg.com/images/themes/theme1/bg.png","profile_background_image_url_https":"https://abs.twimg.com/images/themes/theme1/bg.png","profile_background_tile":false,"profile_image_url":"http://pbs.twimg.com/profile_images/438983782041784320/ZtyIWPy1_normal.jpeg","profile_image_url_https":"https://pbs.twimg.com/profile_images/438983782041784320/ZtyIWPy1_normal.jpeg","profile_banner_url":"https://pbs.twimg.com/profile_banners/907526713/1500482692","profile_link_color":"3B94D9","profile_sidebar_border_color":"000000","profile_sidebar_fill_color":"000000","profile_text_color":"000000","profile_use_background_image":false,"has_extended_profile":true,"default_profile":false,"default_profile_image":false,"following":false,"follow_request_sent":false,"notifications":false,"translator_type":"none"},"geo":null,"coordinates":null,"place":null,"contributors":null,"is_quote_status":false,"retweet_count":12097,"favorite_count":32330,"favorited":false,"retweeted":false,"possibly_sensitive":false,"lang":"ja"},{"created_at":"Thu Jul 20 12:44:19 +0000 2017","id":888016719993651200,"id_str":"888016719993651200","text":"20日より開催されておりますFate/Grand Orderの復刻イベントにて昨年描かせていただいたナイツ・オブ・マリーンズがまたラインナップされております。よろしくお願いします～！ https://t.co/DmbXWK3ruI","truncated":false,"entities":{"hashtags":[],"symbols":[],"user_mentions":[],"urls":[],"media":[{"id":888015683568582700,"id_str":"888015683568582657","indices":[92,115],"media_url":"http://pbs.twimg.com/media/DFLdjy4UwAE7XP-.png","media_url_https":"https://pbs.twimg.com/media/DFLdjy4UwAE7XP-.png","url":"https://t.co/DmbXWK3ruI","display_url":"pic.twitter.com/DmbXWK3ruI","expanded_url":"https://twitter.com/mielelatte/status/888016719993651200/photo/1","type":"photo","sizes":{"small":{"w":398,"h":680,"resize":"fit"},"large":{"w":512,"h":875,"resize":"fit"},"thumb":{"w":150,"h":150,"resize":"crop"},"medium":{"w":512,"h":875,"resize":"fit"}}}]},"extended_entities":{"media":[{"id":888015683568582700,"id_str":"888015683568582657","indices":[92,115],"media_url":"http://pbs.twimg.com/media/DFLdjy4UwAE7XP-.png","media_url_https":"https://pbs.twimg.com/media/DFLdjy4UwAE7XP-.png","url":"https://t.co/DmbXWK3ruI","display_url":"pic.twitter.com/DmbXWK3ruI","expanded_url":"https://twitter.com/mielelatte/status/888016719993651200/photo/1","type":"photo","sizes":{"small":{"w":398,"h":680,"resize":"fit"},"large":{"w":512,"h":875,"resize":"fit"},"thumb":{"w":150,"h":150,"resize":"crop"},"medium":{"w":512,"h":875,"resize":"fit"}}}]},"metadata":{"iso_language_code":"ja","result_type":"recent"},"source":"<a href=\"http://twitter.com\" rel=\"nofollow\">Twitter Web Client</a>","in_reply_to_status_id":null,"in_reply_to_status_id_str":null,"in_reply_to_user_id":null,"in_reply_to_user_id_str":null,"in_reply_to_screen_name":null,"user":{"id":97854967,"id_str":"97854967","name":"雪広うたこ@7/25魔界王子14巻発売","screen_name":"mielelatte","location":"※作品内容以外のお問合せは各出版社・制作会社へお願いします","description":"漫画やイラスト描いて生活してます。基本日常語り＋オタク話。\n【連載中】魔界王子devils and realist・少年王女\n【キャラデザ】B-PROJECT　他","url":"http://t.co/4mGZKJ3k2C","entities":{"url":{"urls":[{"url":"http://t.co/4mGZKJ3k2C","expanded_url":"http://77x16.com","display_url":"77x16.com","indices":[0,22]}]},"description":{"urls":[]}},"protected":false,"followers_count":88293,"friends_count":363,"listed_count":1611,"created_at":"Sat Dec 19 08:17:32 +0000 2009","favourites_count":481,"utc_offset":32400,"time_zone":"Tokyo","geo_enabled":false,"verified":false,"statuses_count":17577,"lang":"ja","contributors_enabled":false,"is_translator":false,"is_translation_enabled":false,"profile_background_color":"FFFFFF","profile_background_image_url":"http://pbs.twimg.com/profile_background_images/137403488/novo-dl.jpg","profile_background_image_url_https":"https://pbs.twimg.com/profile_background_images/137403488/novo-dl.jpg","profile_background_tile":true,"profile_image_url":"http://pbs.twimg.com/profile_images/426380652028502017/EH87-izX_normal.jpeg","profile_image_url_https":"https://pbs.twimg.com/profile_images/426380652028502017/EH87-izX_normal.jpeg","profile_link_color":"3B94D9","profile_sidebar_border_color":"2E2E2E","profile_sidebar_fill_color":"CEE4EB","profile_text_color":"333333","profile_use_background_image":true,"has_extended_profile":false,"default_profile":false,"default_profile_image":false,"following":false,"follow_request_sent":false,"notifications":false,"translator_type":"none"},"geo":null,"coordinates":null,"place":null,"contributors":null,"is_quote_status":false,"retweet_count":6686,"favorite_count":10910,"favorited":false,"retweeted":false,"possibly_sensitive":false,"lang":"ja"},{"created_at":"Thu Jul 20 12:22:30 +0000 2017","id":888011231377858600,"id_str":"888011231377858560","text":"ミリオンラジオ！にて発表された、アイドルマスター×パ・リーグコラボ 765プロアイドルの応援イラスト。 https://t.co/xEgnl0GsfY","truncated":false,"entities":{"hashtags":[],"symbols":[],"user_mentions":[],"urls":[],"media":[{"id":888011084367409200,"id_str":"888011084367409152","indices":[52,75],"media_url":"http://pbs.twimg.com/media/DFLZYFhUMAAcMwo.jpg","media_url_https":"https://pbs.twimg.com/media/DFLZYFhUMAAcMwo.jpg","url":"https://t.co/xEgnl0GsfY","display_url":"pic.twitter.com/xEgnl0GsfY","expanded_url":"https://twitter.com/imas_DB/status/888011231377858560/photo/1","type":"photo","sizes":{"thumb":{"w":150,"h":150,"resize":"crop"},"large":{"w":832,"h":720,"resize":"fit"},"medium":{"w":832,"h":720,"resize":"fit"},"small":{"w":680,"h":588,"resize":"fit"}}}]},"extended_entities":{"media":[{"id":888011084367409200,"id_str":"888011084367409152","indices":[52,75],"media_url":"http://pbs.twimg.com/media/DFLZYFhUMAAcMwo.jpg","media_url_https":"https://pbs.twimg.com/media/DFLZYFhUMAAcMwo.jpg","url":"https://t.co/xEgnl0GsfY","display_url":"pic.twitter.com/xEgnl0GsfY","expanded_url":"https://twitter.com/imas_DB/status/888011231377858560/photo/1","type":"photo","sizes":{"thumb":{"w":150,"h":150,"resize":"crop"},"large":{"w":832,"h":720,"resize":"fit"},"medium":{"w":832,"h":720,"resize":"fit"},"small":{"w":680,"h":588,"resize":"fit"}}}]},"metadata":{"iso_language_code":"ja","result_type":"recent"},"source":"<a href=\"http://twitter.com\" rel=\"nofollow\">Twitter Web Client</a>","in_reply_to_status_id":null,"in_reply_to_status_id_str":null,"in_reply_to_user_id":null,"in_reply_to_user_id_str":null,"in_reply_to_screen_name":null,"user":{"id":135142148,"id_str":"135142148","name":"アイマスDB","screen_name":"imas_DB","location":"まるあみゅ.ねっと プロジェクト","description":"@mirai_iro による個人ファンサイト「アイドルマスターデータベース」が運営する、サイトの更新情報やアイドルマスター関連情報をお届けするアカウントです。ツイート内容は現地取材や公式発表などを元とするものですが、バンダイナムコそのほか各社さまとは関係ございません。アイコン画像制作：イトマ(@itomxy)","url":"https://t.co/oOaG6qk39T","entities":{"url":{"urls":[{"url":"https://t.co/oOaG6qk39T","expanded_url":"https://imas-db.jp/","display_url":"imas-db.jp","indices":[0,23]}]},"description":{"urls":[]}},"protected":false,"followers_count":29219,"friends_count":402,"listed_count":762,"created_at":"Tue Apr 20 13:08:16 +0000 2010","favourites_count":4330,"utc_offset":32400,"time_zone":"Tokyo","geo_enabled":true,"verified":false,"statuses_count":41921,"lang":"ja","contributors_enabled":false,"is_translator":false,"is_translation_enabled":false,"profile_background_color":"C0DEED","profile_background_image_url":"http://abs.twimg.com/images/themes/theme1/bg.png","profile_background_image_url_https":"https://abs.twimg.com/images/themes/theme1/bg.png","profile_background_tile":false,"profile_image_url":"http://pbs.twimg.com/profile_images/881916533957459968/2iyFrpab_normal.png","profile_image_url_https":"https://pbs.twimg.com/profile_images/881916533957459968/2iyFrpab_normal.png","profile_link_color":"1DA1F2","profile_sidebar_border_color":"C0DEED","profile_sidebar_fill_color":"DDEEF6","profile_text_color":"333333","profile_use_background_image":true,"has_extended_profile":false,"default_profile":true,"default_profile_image":false,"following":false,"follow_request_sent":false,"notifications":false,"translator_type":"regular"},"geo":null,"coordinates":null,"place":null,"contributors":null,"is_quote_status":false,"retweet_count":10305,"favorite_count":8332,"favorited":false,"retweeted":false,"possibly_sensitive":false,"lang":"ja"},{"created_at":"Thu Jul 20 12:03:24 +0000 2017","id":888006423145201700,"id_str":"888006423145201664","text":"ドレイク船長におやすみのキスをねだるぐだーず https://t.co/uURMspmwjQ","truncated":false,"entities":{"hashtags":[],"symbols":[],"user_mentions":[],"urls":[],"media":[{"id":888006066960597000,"id_str":"888006066960596992","indices":[23,46],"media_url":"http://pbs.twimg.com/media/DFLU0COUAAA1FKA.jpg","media_url_https":"https://pbs.twimg.com/media/DFLU0COUAAA1FKA.jpg","url":"https://t.co/uURMspmwjQ","display_url":"pic.twitter.com/uURMspmwjQ","expanded_url":"https://twitter.com/nozi_itika/status/888006423145201664/photo/1","type":"photo","sizes":{"small":{"w":170,"h":680,"resize":"fit"},"thumb":{"w":150,"h":150,"resize":"crop"},"medium":{"w":300,"h":1200,"resize":"fit"},"large":{"w":500,"h":2002,"resize":"fit"}}}]},"extended_entities":{"media":[{"id":888006066960597000,"id_str":"888006066960596992","indices":[23,46],"media_url":"http://pbs.twimg.com/media/DFLU0COUAAA1FKA.jpg","media_url_https":"https://pbs.twimg.com/media/DFLU0COUAAA1FKA.jpg","url":"https://t.co/uURMspmwjQ","display_url":"pic.twitter.com/uURMspmwjQ","expanded_url":"https://twitter.com/nozi_itika/status/888006423145201664/photo/1","type":"photo","sizes":{"small":{"w":170,"h":680,"resize":"fit"},"thumb":{"w":150,"h":150,"resize":"crop"},"medium":{"w":300,"h":1200,"resize":"fit"},"large":{"w":500,"h":2002,"resize":"fit"}}}]},"metadata":{"iso_language_code":"ja","result_type":"recent"},"source":"<a href=\"http://twitter.com\" rel=\"nofollow\">Twitter Web Client</a>","in_reply_to_status_id":null,"in_reply_to_status_id_str":null,"in_reply_to_user_id":null,"in_reply_to_user_id_str":null,"in_reply_to_screen_name":null,"user":{"id":329662732,"id_str":"329662732","name":"いちか","screen_name":"nozi_itika","location":"","description":"■成人済/FGO中心。転載はご遠慮ください。\n■お題箱　https://t.co/wgzIbJEEip\n■連絡先  nozi.iitika@gmail.com","url":"https://t.co/LeqQ4YaHHj","entities":{"url":{"urls":[{"url":"https://t.co/LeqQ4YaHHj","expanded_url":"https://touch.pixiv.net/member.php?id=890810","display_url":"touch.pixiv.net/member.php?id=…","indices":[0,23]}]},"description":{"urls":[{"url":"https://t.co/wgzIbJEEip","expanded_url":"http://odaibako.net/u/nozi_itika","display_url":"odaibako.net/u/nozi_itika","indices":[28,51]}]}},"protected":false,"followers_count":15398,"friends_count":193,"listed_count":305,"created_at":"Tue Jul 05 12:47:56 +0000 2011","favourites_count":9499,"utc_offset":-36000,"time_zone":"Hawaii","geo_enabled":false,"verified":false,"statuses_count":91415,"lang":"ja","contributors_enabled":false,"is_translator":false,"is_translation_enabled":false,"profile_background_color":"C0DEED","profile_background_image_url":"http://pbs.twimg.com/profile_background_images/393804193/__.jpg","profile_background_image_url_https":"https://pbs.twimg.com/profile_background_images/393804193/__.jpg","profile_background_tile":true,"profile_image_url":"http://pbs.twimg.com/profile_images/825110057448714240/RHeWdzlp_normal.jpg","profile_image_url_https":"https://pbs.twimg.com/profile_images/825110057448714240/RHeWdzlp_normal.jpg","profile_banner_url":"https://pbs.twimg.com/profile_banners/329662732/1483074742","profile_link_color":"FFCC4D","profile_sidebar_border_color":"FFFFFF","profile_sidebar_fill_color":"DDEEF6","profile_text_color":"333333","profile_use_background_image":true,"has_extended_profile":true,"default_profile":false,"default_profile_image":false,"following":false,"follow_request_sent":false,"notifications":false,"translator_type":"none"},"geo":null,"coordinates":null,"place":null,"contributors":null,"is_quote_status":false,"retweet_count":6322,"favorite_count":11888,"favorited":false,"retweeted":false,"possibly_sensitive":false,"lang":"ja"},{"created_at":"Thu Jul 20 11:42:50 +0000 2017","id":888001248846258200,"id_str":"888001248846258176","text":"『夢のまた夢』と『罰ゲーム』ミリオンありがとう！\nＣＤ発表までにいったらいいなって思っていたら...！　\nしかし！！それを予知して準備していたものが！！\n過去曲にもスポットをあてたくて！！例のアレです！！！\n\n明日の１８時に『夢のまた夢』の実写MVを投稿します！！（ようつべ）","truncated":false,"entities":{"hashtags":[],"symbols":[],"user_mentions":[],"urls":[]},"metadata":{"iso_language_code":"ja","result_type":"recent"},"source":"<a href=\"http://twitter.com\" rel=\"nofollow\">Twitter Web Client</a>","in_reply_to_status_id":null,"in_reply_to_status_id_str":null,"in_reply_to_user_id":null,"in_reply_to_user_id_str":null,"in_reply_to_screen_name":null,"user":{"id":268758461,"id_str":"268758461","name":"まふまふ＠何でも屋さん","screen_name":"uni_mafumafu","location":"夢の中","description":"何でも屋です。ねむり　歌 / 作詞作曲 / 編曲　After the Rain、オリコンウィークリー２位獲得しました　まふてる⇒(@uni_mafuteru) ニコニコ動画 https://t.co/9XtigvFrOE  Youtube https://t.co/QoUG6At4z2","url":"https://t.co/cSdsbyhY3S","entities":{"url":{"urls":[{"url":"https://t.co/cSdsbyhY3S","expanded_url":"http://uni-mafumafu.jp/","display_url":"uni-mafumafu.jp","indices":[0,23]}]},"description":{"urls":[{"url":"https://t.co/9XtigvFrOE","expanded_url":"http://goo.gl/UQU30u","display_url":"goo.gl/UQU30u","indices":[87,110]},{"url":"https://t.co/QoUG6At4z2","expanded_url":"http://youtube.com/c/uni_mafumafu","display_url":"youtube.com/c/uni_mafumafu","indices":[120,143]}]}},"protected":false,"followers_count":859774,"friends_count":427,"listed_count":9337,"created_at":"Sat Mar 19 12:05:43 +0000 2011","favourites_count":2180,"utc_offset":null,"time_zone":null,"geo_enabled":false,"verified":true,"statuses_count":51692,"lang":"ja","contributors_enabled":false,"is_translator":false,"is_translation_enabled":false,"profile_background_color":"131516","profile_background_image_url":"http://pbs.twimg.com/profile_background_images/489831337700777985/V9q5tR8K.png","profile_background_image_url_https":"https://pbs.twimg.com/profile_background_images/489831337700777985/V9q5tR8K.png","profile_background_tile":false,"profile_image_url":"http://pbs.twimg.com/profile_images/852817717774004225/yyRc5caq_normal.jpg","profile_image_url_https":"https://pbs.twimg.com/profile_images/852817717774004225/yyRc5caq_normal.jpg","profile_banner_url":"https://pbs.twimg.com/profile_banners/268758461/1464252254","profile_link_color":"009999","profile_sidebar_border_color":"FFFFFF","profile_sidebar_fill_color":"252429","profile_text_color":"666666","profile_use_background_image":true,"has_extended_profile":false,"default_profile":false,"default_profile_image":false,"following":false,"follow_request_sent":false,"notifications":false,"translator_type":"none"},"geo":null,"coordinates":null,"place":null,"contributors":null,"is_quote_status":false,"retweet_count":7251,"favorite_count":28563,"favorited":false,"retweeted":false,"lang":"ja"},{"created_at":"Thu Jul 20 11:39:35 +0000 2017","id":888000432127098900,"id_str":"888000432127098880","text":"水着マルタさんの使い方です。ご参考に。 https://t.co/l1Bt3U5p2U","truncated":false,"entities":{"hashtags":[],"symbols":[],"user_mentions":[],"urls":[],"media":[{"id":888000064181854200,"id_str":"888000064181854209","indices":[20,43],"media_url":"http://pbs.twimg.com/media/DFLPWoIVYAEhsmx.jpg","media_url_https":"https://pbs.twimg.com/media/DFLPWoIVYAEhsmx.jpg","url":"https://t.co/l1Bt3U5p2U","display_url":"pic.twitter.com/l1Bt3U5p2U","expanded_url":"https://twitter.com/Purin_a_La_Mode/status/888000432127098880/photo/1","type":"photo","sizes":{"large":{"w":709,"h":1002,"resize":"fit"},"thumb":{"w":150,"h":150,"resize":"crop"},"small":{"w":481,"h":680,"resize":"fit"},"medium":{"w":709,"h":1002,"resize":"fit"}}}]},"extended_entities":{"media":[{"id":888000064181854200,"id_str":"888000064181854209","indices":[20,43],"media_url":"http://pbs.twimg.com/media/DFLPWoIVYAEhsmx.jpg","media_url_https":"https://pbs.twimg.com/media/DFLPWoIVYAEhsmx.jpg","url":"https://t.co/l1Bt3U5p2U","display_url":"pic.twitter.com/l1Bt3U5p2U","expanded_url":"https://twitter.com/Purin_a_La_Mode/status/888000432127098880/photo/1","type":"photo","sizes":{"large":{"w":709,"h":1002,"resize":"fit"},"thumb":{"w":150,"h":150,"resize":"crop"},"small":{"w":481,"h":680,"resize":"fit"},"medium":{"w":709,"h":1002,"resize":"fit"}}},{"id":888000073191178200,"id_str":"888000073191178240","indices":[20,43],"media_url":"http://pbs.twimg.com/media/DFLPXJsUwAAI54Z.jpg","media_url_https":"https://pbs.twimg.com/media/DFLPXJsUwAAI54Z.jpg","url":"https://t.co/l1Bt3U5p2U","display_url":"pic.twitter.com/l1Bt3U5p2U","expanded_url":"https://twitter.com/Purin_a_La_Mode/status/888000432127098880/photo/1","type":"photo","sizes":{"large":{"w":709,"h":1002,"resize":"fit"},"thumb":{"w":150,"h":150,"resize":"crop"},"small":{"w":481,"h":680,"resize":"fit"},"medium":{"w":709,"h":1002,"resize":"fit"}}},{"id":888000091457323000,"id_str":"888000091457323008","indices":[20,43],"media_url":"http://pbs.twimg.com/media/DFLPYNvUAAAezpX.jpg","media_url_https":"https://pbs.twimg.com/media/DFLPYNvUAAAezpX.jpg","url":"https://t.co/l1Bt3U5p2U","display_url":"pic.twitter.com/l1Bt3U5p2U","expanded_url":"https://twitter.com/Purin_a_La_Mode/status/888000432127098880/photo/1","type":"photo","sizes":{"large":{"w":709,"h":1002,"resize":"fit"},"thumb":{"w":150,"h":150,"resize":"crop"},"small":{"w":481,"h":680,"resize":"fit"},"medium":{"w":709,"h":1002,"resize":"fit"}}},{"id":888000101238530000,"id_str":"888000101238530049","indices":[20,43],"media_url":"http://pbs.twimg.com/media/DFLPYyLVYAEXSyz.jpg","media_url_https":"https://pbs.twimg.com/media/DFLPYyLVYAEXSyz.jpg","url":"https://t.co/l1Bt3U5p2U","display_url":"pic.twitter.com/l1Bt3U5p2U","expanded_url":"https://twitter.com/Purin_a_La_Mode/status/888000432127098880/photo/1","type":"photo","sizes":{"small":{"w":481,"h":680,"resize":"fit"},"large":{"w":709,"h":1002,"resize":"fit"},"thumb":{"w":150,"h":150,"resize":"crop"},"medium":{"w":709,"h":1002,"resize":"fit"}}}]},"metadata":{"iso_language_code":"ja","result_type":"recent"},"source":"<a href=\"http://twitter.com\" rel=\"nofollow\">Twitter Web Client</a>","in_reply_to_status_id":null,"in_reply_to_status_id_str":null,"in_reply_to_user_id":null,"in_reply_to_user_id_str":null,"in_reply_to_screen_name":null,"user":{"id":91969438,"id_str":"91969438","name":"プリアラ@2日目 東B-45a","screen_name":"Purin_a_La_Mode","location":"スターライト自宅謹慎","description":"インターネット落書きマン。　ニコニコ静画→https://t.co/k3kEeKg13T　コミケカタログ→https://t.co/DAnsRP5pGZ","url":"https://t.co/0yFWqSQHkT","entities":{"url":{"urls":[{"url":"https://t.co/0yFWqSQHkT","expanded_url":"http://www.pixiv.net/member.php?id=127989","display_url":"pixiv.net/member.php?id=…","indices":[0,23]}]},"description":{"urls":[{"url":"https://t.co/k3kEeKg13T","expanded_url":"http://seiga.nicovideo.jp/manga/list?user_id=620813","display_url":"seiga.nicovideo.jp/manga/list?use…","indices":[21,44]},{"url":"https://t.co/DAnsRP5pGZ","expanded_url":"https://webcatalog-free.circle.ms/Circle/13301856#activity","display_url":"webcatalog-free.circle.ms/Circle/1330185…","indices":[53,76]}]}},"protected":false,"followers_count":9041,"friends_count":2020,"listed_count":479,"created_at":"Mon Nov 23 09:06:28 +0000 2009","favourites_count":754,"utc_offset":32400,"time_zone":"Osaka","geo_enabled":false,"verified":false,"statuses_count":244646,"lang":"ja","contributors_enabled":false,"is_translator":false,"is_translation_enabled":false,"profile_background_color":"37464D","profile_background_image_url":"http://pbs.twimg.com/profile_background_images/574926970120577024/JPIYX2zB.jpeg","profile_background_image_url_https":"https://pbs.twimg.com/profile_background_images/574926970120577024/JPIYX2zB.jpeg","profile_background_tile":true,"profile_image_url":"http://pbs.twimg.com/profile_images/875880689861775360/v3Sxp4M0_normal.jpg","profile_image_url_https":"https://pbs.twimg.com/profile_images/875880689861775360/v3Sxp4M0_normal.jpg","profile_banner_url":"https://pbs.twimg.com/profile_banners/91969438/1497790639","profile_link_color":"264CBF","profile_sidebar_border_color":"000000","profile_sidebar_fill_color":"DDEEF6","profile_text_color":"333333","profile_use_background_image":true,"has_extended_profile":true,"default_profile":false,"default_profile_image":false,"following":false,"follow_request_sent":false,"notifications":false,"translator_type":"regular"},"geo":null,"coordinates":null,"place":null,"contributors":null,"is_quote_status":false,"retweet_count":5996,"favorite_count":5927,"favorited":false,"retweeted":false,"possibly_sensitive":true,"lang":"ja"}],"search_metadata":{"completed_in":0.722,"max_id":888051431525175300,"max_id_str":"888051431525175298","next_results":"?max_id=888000432127098879&q=lang%3Aja%20min_retweets%3A5000&include_entities=1","query":"lang%3Aja+min_retweets%3A5000","refresh_url":"?since_id=888051431525175298&q=lang%3Aja%20min_retweets%3A5000&include_entities=1","count":15,"since_id":0,"since_id_str":"0"}}