{"statuses":[{"created_at":"Tue Jul 18 15:04:09 +0000 2017","id":887327135752306700,"id_str":"887327135752306688","text":"スカイピースの、\nチャンネル登録者数が\n100万人突破しました！！！\n\nノリだけでやってる二人組ですが、\nこれからもどうか、\n宜しくお願い致します🙇✨\n\nピーーーース✌️✌️✌️✌️ https://t.co/0VYBwOgejP","truncated":false,"entities":{"hashtags":[],"symbols":[],"user_mentions":[],"urls":[],"media":[{"id":887327129737642000,"id_str":"887327129737641984","indices":[92,115],"media_url":"http://pbs.twimg.com/media/DFBrUr-UQAAhjp9.jpg","media_url_https":"https://pbs.twimg.com/media/DFBrUr-UQAAhjp9.jpg","url":"https://t.co/0VYBwOgejP","display_url":"pic.twitter.com/0VYBwOgejP","expanded_url":"https://twitter.com/skypeace_teojin/status/887327135752306688/photo/1","type":"photo","sizes":{"small":{"w":680,"h":528,"resize":"fit"},"thumb":{"w":150,"h":150,"resize":"crop"},"large":{"w":750,"h":582,"resize":"fit"},"medium":{"w":750,"h":582,"resize":"fit"}}}]},"extended_entities":{"media":[{"id":887327129737642000,"id_str":"887327129737641984","indices":[92,115],"media_url":"http://pbs.twimg.com/media/DFBrUr-UQAAhjp9.jpg","media_url_https":"https://pbs.twimg.com/media/DFBrUr-UQAAhjp9.jpg","url":"https://t.co/0VYBwOgejP","display_url":"pic.twitter.com/0VYBwOgejP","expanded_url":"https://twitter.com/skypeace_teojin/status/887327135752306688/photo/1","type":"photo","sizes":{"small":{"w":680,"h":528,"resize":"fit"},"thumb":{"w":150,"h":150,"resize":"crop"},"large":{"w":750,"h":582,"resize":"fit"},"medium":{"w":750,"h":582,"resize":"fit"}}}]},"metadata":{"iso_language_code":"ja","result_type":"recent"},"source":"<a href=\"http://twitter.com/download/iphone\" rel=\"nofollow\">Twitter for iPhone</a>","in_reply_to_status_id":null,"in_reply_to_status_id_str":null,"in_reply_to_user_id":null,"in_reply_to_user_id_str":null,"in_reply_to_screen_name":null,"user":{"id":753155670820593700,"id_str":"753155670820593664","name":"スカイピース@SP","screen_name":"skypeace_teojin","location":"","description":"どうもぉ〜スカイピース！Yeah！！テオ(@teokun711)じん(@JINJIN1027)空にピースだ！","url":"https://t.co/dDebxfywPn","entities":{"url":{"urls":[{"url":"https://t.co/dDebxfywPn","expanded_url":"https://www.youtube.com/channel/UC8_wmm5DX9mb4jrLiw8ZYzw","display_url":"youtube.com/channel/UC8_wm…","indices":[0,23]}]},"description":{"urls":[]}},"protected":false,"followers_count":281999,"friends_count":7,"listed_count":486,"created_at":"Wed Jul 13 09:14:39 +0000 2016","favourites_count":517,"utc_offset":null,"time_zone":null,"geo_enabled":false,"verified":false,"statuses_count":583,"lang":"ja","contributors_enabled":false,"is_translator":false,"is_translation_enabled":false,"profile_background_color":"F5F8FA","profile_background_image_url":null,"profile_background_image_url_https":null,"profile_background_tile":false,"profile_image_url":"http://pbs.twimg.com/profile_images/753571447751139329/kSnZ43Ec_normal.jpg","profile_image_url_https":"https://pbs.twimg.com/profile_images/753571447751139329/kSnZ43Ec_normal.jpg","profile_banner_url":"https://pbs.twimg.com/profile_banners/753155670820593664/1468500612","profile_link_color":"1DA1F2","profile_sidebar_border_color":"C0DEED","profile_sidebar_fill_color":"DDEEF6","profile_text_color":"333333","profile_use_background_image":true,"has_extended_profile":false,"default_profile":true,"default_profile_image":false,"following":false,"follow_request_sent":false,"notifications":false,"translator_type":"none"},"geo":null,"coordinates":null,"place":null,"contributors":null,"is_quote_status":false,"retweet_count":6160,"favorite_count":22273,"favorited":false,"retweeted":false,"possibly_sensitive":false,"lang":"ja"},{"created_at":"Tue Jul 18 15:02:04 +0000 2017","id":887326612391252000,"id_str":"887326612391251968","text":"『ご注文はうさぎですか？？ ～Dear My Sister～』特設ページがオープン！新作エピソードのあらすじと上映館情報を公開しました！\nさらにコミックマーケット92にてグッズ付前売券第1弾の先行販売も決定♪… https://t.co/PEbHR7cqb4","truncated":true,"entities":{"hashtags":[],"symbols":[],"user_mentions":[],"urls":[{"url":"https://t.co/PEbHR7cqb4","expanded_url":"https://twitter.com/i/web/status/887326612391251968","display_url":"twitter.com/i/web/status/8…","indices":[106,129]}]},"metadata":{"iso_language_code":"ja","result_type":"recent"},"source":"<a href=\"http://twitter.com\" rel=\"nofollow\">Twitter Web Client</a>","in_reply_to_status_id":null,"in_reply_to_status_id_str":null,"in_reply_to_user_id":null,"in_reply_to_user_id_str":null,"in_reply_to_screen_name":null,"user":{"id":2179819292,"id_str":"2179819292","name":"TVアニメ『ご注文はうさぎですか？？』","screen_name":"usagi_anime","location":"Rabbit House","description":"TVアニメ『ご注文はうさぎですか？？』公式ツイッターです。 新作アニメスペシャルエピソード「ご注文はうさぎですか？？ ～Dear My Sister～」11月11日(土)より全国40館にて上映決定！第1期BD/DVD BOX、「chimame march」発売中！","url":"https://t.co/5Wn6Gxw7Xf","entities":{"url":{"urls":[{"url":"https://t.co/5Wn6Gxw7Xf","expanded_url":"http://www.gochiusa.com/","display_url":"gochiusa.com","indices":[0,23]}]},"description":{"urls":[]}},"protected":false,"followers_count":245450,"friends_count":27,"listed_count":4054,"created_at":"Thu Nov 07 10:29:29 +0000 2013","favourites_count":0,"utc_offset":32400,"time_zone":"Tokyo","geo_enabled":true,"verified":true,"statuses_count":3326,"lang":"ja","contributors_enabled":false,"is_translator":false,"is_translation_enabled":false,"profile_background_color":"000000","profile_background_image_url":"http://abs.twimg.com/images/themes/theme1/bg.png","profile_background_image_url_https":"https://abs.twimg.com/images/themes/theme1/bg.png","profile_background_tile":false,"profile_image_url":"http://pbs.twimg.com/profile_images/886239642529316864/PL8x53wC_normal.jpg","profile_image_url_https":"https://pbs.twimg.com/profile_images/886239642529316864/PL8x53wC_normal.jpg","profile_banner_url":"https://pbs.twimg.com/profile_banners/2179819292/1491058956","profile_link_color":"985858","profile_sidebar_border_color":"000000","profile_sidebar_fill_color":"000000","profile_text_color":"000000","profile_use_background_image":false,"has_extended_profile":false,"default_profile":false,"default_profile_image":false,"following":false,"follow_request_sent":false,"notifications":false,"translator_type":"none"},"geo":null,"coordinates":null,"place":null,"contributors":null,"is_quote_status":false,"retweet_count":6485,"favorite_count":7790,"favorited":false,"retweeted":false,"possibly_sensitive":false,"lang":"ja"},{"created_at":"Tue Jul 18 14:00:56 +0000 2017","id":887311225452773400,"id_str":"887311225452773376","text":"【閉店のお知らせ】 \n新宿JAMは2017年12月31日をもちまして閉店する事になりました。\n1980年10月オープンから37年、関わってくださいました皆様には、心より感謝申し上げます。\n詳細はコチラです。→https://t.co/8Lzu5Oz0XI","truncated":false,"entities":{"hashtags":[],"symbols":[],"user_mentions":[],"urls":[{"url":"https://t.co/8Lzu5Oz0XI","expanded_url":"http://jam.rinky.info/","display_url":"jam.rinky.info","indices":[104,127]}]},"metadata":{"iso_language_code":"ja","result_type":"recent"},"source":"<a href=\"http://twitter.com/download/iphone\" rel=\"nofollow\">Twitter for iPhone</a>","in_reply_to_status_id":null,"in_reply_to_status_id_str":null,"in_reply_to_user_id":null,"in_reply_to_user_id_str":null,"in_reply_to_screen_name":null,"user":{"id":142258204,"id_str":"142258204","name":"新宿JAM","screen_name":"shinjukuJAM","location":"東京 新宿区","description":"今年で37年目を迎える 新宿JAM 新宿の老舗ライブハウス 30年間以上 変わらず同じ場所から 東京のIndies Culture Sceneを見届けて来た生きる伝説、伝統の箱 shinjukuJAMどぇす 〜since1980〜.","url":"https://t.co/fHNIbDRMXd","entities":{"url":{"urls":[{"url":"https://t.co/fHNIbDRMXd","expanded_url":"http://jam.rinky.info/","display_url":"jam.rinky.info","indices":[0,23]}]},"description":{"urls":[]}},"protected":false,"followers_count":10181,"friends_count":9475,"listed_count":348,"created_at":"Mon May 10 11:45:40 +0000 2010","favourites_count":111,"utc_offset":-36000,"time_zone":"Hawaii","geo_enabled":true,"verified":false,"statuses_count":73091,"lang":"ja","contributors_enabled":false,"is_translator":false,"is_translation_enabled":false,"profile_background_color":"C0DEED","profile_background_image_url":"http://abs.twimg.com/images/themes/theme1/bg.png","profile_background_image_url_https":"https://abs.twimg.com/images/themes/theme1/bg.png","profile_background_tile":false,"profile_image_url":"http://pbs.twimg.com/profile_images/731158615961141248/fR3aRCEh_normal.jpg","profile_image_url_https":"https://pbs.twimg.com/profile_images/731158615961141248/fR3aRCEh_normal.jpg","profile_banner_url":"https://pbs.twimg.com/profile_banners/142258204/1463156865","profile_link_color":"1DA1F2","profile_sidebar_border_color":"C0DEED","profile_sidebar_fill_color":"DDEEF6","profile_text_color":"333333","profile_use_background_image":true,"has_extended_profile":true,"default_profile":true,"default_profile_image":false,"following":false,"follow_request_sent":false,"notifications":false,"translator_type":"none"},"geo":null,"coordinates":null,"place":null,"contributors":null,"is_quote_status":false,"retweet_count":9443,"favorite_count":4833,"favorited":false,"retweeted":false,"possibly_sensitive":false,"lang":"ja"},{"created_at":"Tue Jul 18 13:48:36 +0000 2017","id":887308121860919300,"id_str":"887308121860919296","text":"短刀の外見を成長させてみる現パロ（※捏造設定注意） https://t.co/G3M1otQ3uM","truncated":false,"entities":{"hashtags":[],"symbols":[],"user_mentions":[],"urls":[],"media":[{"id":887307957808930800,"id_str":"887307957808930821","indices":[26,49],"media_url":"http://pbs.twimg.com/media/DFBZ4u-UIAUV9p1.jpg","media_url_https":"https://pbs.twimg.com/media/DFBZ4u-UIAUV9p1.jpg","url":"https://t.co/G3M1otQ3uM","display_url":"pic.twitter.com/G3M1otQ3uM","expanded_url":"https://twitter.com/sham_som/status/887308121860919296/photo/1","type":"photo","sizes":{"large":{"w":1000,"h":1000,"resize":"fit"},"small":{"w":680,"h":680,"resize":"fit"},"medium":{"w":1000,"h":1000,"resize":"fit"},"thumb":{"w":150,"h":150,"resize":"crop"}}}]},"extended_entities":{"media":[{"id":887307957808930800,"id_str":"887307957808930821","indices":[26,49],"media_url":"http://pbs.twimg.com/media/DFBZ4u-UIAUV9p1.jpg","media_url_https":"https://pbs.twimg.com/media/DFBZ4u-UIAUV9p1.jpg","url":"https://t.co/G3M1otQ3uM","display_url":"pic.twitter.com/G3M1otQ3uM","expanded_url":"https://twitter.com/sham_som/status/887308121860919296/photo/1","type":"photo","sizes":{"large":{"w":1000,"h":1000,"resize":"fit"},"small":{"w":680,"h":680,"resize":"fit"},"medium":{"w":1000,"h":1000,"resize":"fit"},"thumb":{"w":150,"h":150,"resize":"crop"}}},{"id":887307972807807000,"id_str":"887307972807806979","indices":[26,49],"media_url":"http://pbs.twimg.com/media/DFBZ5m2U0AME1sb.jpg","media_url_https":"https://pbs.twimg.com/media/DFBZ5m2U0AME1sb.jpg","url":"https://t.co/G3M1otQ3uM","display_url":"pic.twitter.com/G3M1otQ3uM","expanded_url":"https://twitter.com/sham_som/status/887308121860919296/photo/1","type":"photo","sizes":{"large":{"w":1000,"h":1000,"resize":"fit"},"thumb":{"w":150,"h":150,"resize":"crop"},"medium":{"w":1000,"h":1000,"resize":"fit"},"small":{"w":680,"h":680,"resize":"fit"}}},{"id":887307997994655700,"id_str":"887307997994655744","indices":[26,49],"media_url":"http://pbs.twimg.com/media/DFBZ7ErVoAAjWqK.jpg","media_url_https":"https://pbs.twimg.com/media/DFBZ7ErVoAAjWqK.jpg","url":"https://t.co/G3M1otQ3uM","display_url":"pic.twitter.com/G3M1otQ3uM","expanded_url":"https://twitter.com/sham_som/status/887308121860919296/photo/1","type":"photo","sizes":{"small":{"w":680,"h":680,"resize":"fit"},"large":{"w":1000,"h":1000,"resize":"fit"},"thumb":{"w":150,"h":150,"resize":"crop"},"medium":{"w":1000,"h":1000,"resize":"fit"}}},{"id":887308018110431200,"id_str":"887308018110431232","indices":[26,49],"media_url":"http://pbs.twimg.com/media/DFBZ8PnUAAAKUh2.jpg","media_url_https":"https://pbs.twimg.com/media/DFBZ8PnUAAAKUh2.jpg","url":"https://t.co/G3M1otQ3uM","display_url":"pic.twitter.com/G3M1otQ3uM","expanded_url":"https://twitter.com/sham_som/status/887308121860919296/photo/1","type":"photo","sizes":{"small":{"w":680,"h":680,"resize":"fit"},"large":{"w":1000,"h":1000,"resize":"fit"},"medium":{"w":1000,"h":1000,"resize":"fit"},"thumb":{"w":150,"h":150,"resize":"crop"}}}]},"metadata":{"iso_language_code":"ja","result_type":"recent"},"source":"<a href=\"http://twitter.com\" rel=\"nofollow\">Twitter Web Client</a>","in_reply_to_status_id":null,"in_reply_to_status_id_str":null,"in_reply_to_user_id":null,"in_reply_to_user_id_str":null,"in_reply_to_screen_name":null,"user":{"id":987062832,"id_str":"987062832","name":"🌈✌️しゃむそむ✌️💘","screen_name":"sham_som","location":"花鳥風月 伊達組 三条 あんみつ等 歌って踊る本丸","description":"▲とうらぶメイン▲基本的にみんなかわいい💮💮💮地雷・固定カプほぼなし雑食⚠️ミュとステの話もします（大騒ぎ用→@sham_shindoi）✋成人済","url":"https://t.co/cOCxmmNV8i","entities":{"url":{"urls":[{"url":"https://t.co/cOCxmmNV8i","expanded_url":"http://www.pixiv.net/member.php?id=2481490","display_url":"pixiv.net/member.php?id=…","indices":[0,23]}]},"description":{"urls":[]}},"protected":false,"followers_count":17009,"friends_count":118,"listed_count":356,"created_at":"Mon Dec 03 17:31:28 +0000 2012","favourites_count":15849,"utc_offset":32400,"time_zone":"Tokyo","geo_enabled":false,"verified":false,"statuses_count":38627,"lang":"ja","contributors_enabled":false,"is_translator":false,"is_translation_enabled":false,"profile_background_color":"0099B9","profile_background_image_url":"http://pbs.twimg.com/profile_background_images/547231422604255232/MibS6EP7.jpeg","profile_background_image_url_https":"https://pbs.twimg.com/profile_background_images/547231422604255232/MibS6EP7.jpeg","profile_background_tile":true,"profile_image_url":"http://pbs.twimg.com/profile_images/879193474762850304/09M7UshE_normal.jpg","profile_image_url_https":"https://pbs.twimg.com/profile_images/879193474762850304/09M7UshE_normal.jpg","profile_banner_url":"https://pbs.twimg.com/profile_banners/987062832/1485278853","profile_link_color":"FF0091","profile_sidebar_border_color":"FFFFFF","profile_sidebar_fill_color":"DDEEF6","profile_text_color":"333333","profile_use_background_image":true,"has_extended_profile":true,"default_profile":false,"default_profile_image":false,"following":false,"follow_request_sent":false,"notifications":false,"translator_type":"none"},"geo":null,"coordinates":null,"place":null,"contributors":null,"is_quote_status":false,"retweet_count":9206,"favorite_count":19325,"favorited":false,"retweeted":false,"possibly_sensitive":false,"lang":"ja"},{"created_at":"Tue Jul 18 13:40:21 +0000 2017","id":887306047018328000,"id_str":"887306047018328064","text":"アライグマがワニに乗ってる写真好き https://t.co/AId4tZeRe0","truncated":false,"entities":{"hashtags":[],"symbols":[],"user_mentions":[],"urls":[],"media":[{"id":887305949504913400,"id_str":"887305949504913409","indices":[18,41],"media_url":"http://pbs.twimg.com/media/DFBYD1dUwAEzVV_.jpg","media_url_https":"https://pbs.twimg.com/media/DFBYD1dUwAEzVV_.jpg","url":"https://t.co/AId4tZeRe0","display_url":"pic.twitter.com/AId4tZeRe0","expanded_url":"https://twitter.com/930tanaka/status/887306047018328064/photo/1","type":"photo","sizes":{"small":{"w":680,"h":680,"resize":"fit"},"medium":{"w":1024,"h":1024,"resize":"fit"},"thumb":{"w":150,"h":150,"resize":"crop"},"large":{"w":1024,"h":1024,"resize":"fit"}}}]},"extended_entities":{"media":[{"id":887305949504913400,"id_str":"887305949504913409","indices":[18,41],"media_url":"http://pbs.twimg.com/media/DFBYD1dUwAEzVV_.jpg","media_url_https":"https://pbs.twimg.com/media/DFBYD1dUwAEzVV_.jpg","url":"https://t.co/AId4tZeRe0","display_url":"pic.twitter.com/AId4tZeRe0","expanded_url":"https://twitter.com/930tanaka/status/887306047018328064/photo/1","type":"photo","sizes":{"small":{"w":680,"h":680,"resize":"fit"},"medium":{"w":1024,"h":1024,"resize":"fit"},"thumb":{"w":150,"h":150,"resize":"crop"},"large":{"w":1024,"h":1024,"resize":"fit"}}},{"id":887305949517553700,"id_str":"887305949517553666","indices":[18,41],"media_url":"http://pbs.twimg.com/media/DFBYD1gVoAIXS5j.jpg","media_url_https":"https://pbs.twimg.com/media/DFBYD1gVoAIXS5j.jpg","url":"https://t.co/AId4tZeRe0","display_url":"pic.twitter.com/AId4tZeRe0","expanded_url":"https://twitter.com/930tanaka/status/887306047018328064/photo/1","type":"photo","sizes":{"medium":{"w":768,"h":576,"resize":"fit"},"large":{"w":768,"h":576,"resize":"fit"},"thumb":{"w":150,"h":150,"resize":"crop"},"small":{"w":680,"h":510,"resize":"fit"}}}]},"metadata":{"iso_language_code":"ja","result_type":"recent"},"source":"<a href=\"http://twitter.com\" rel=\"nofollow\">Twitter Web Client</a>","in_reply_to_status_id":null,"in_reply_to_status_id_str":null,"in_reply_to_user_id":null,"in_reply_to_user_id_str":null,"in_reply_to_screen_name":null,"user":{"id":119037693,"id_str":"119037693","name":"田中草男📓✍🐺｡❍(🦁❤🦌)","screen_name":"930tanaka","location":"東京","description":"お絵かきします。艦これとけものフレンズ好き。https://t.co/DGhtoHRCAr","url":"https://t.co/N2dmK1lXai","entities":{"url":{"urls":[{"url":"https://t.co/N2dmK1lXai","expanded_url":"http://nurukoya.booth.pm","display_url":"nurukoya.booth.pm","indices":[0,23]}]},"description":{"urls":[{"url":"https://t.co/DGhtoHRCAr","expanded_url":"http://pixiv.me/930","display_url":"pixiv.me/930","indices":[22,45]}]}},"protected":false,"followers_count":29307,"friends_count":1215,"listed_count":616,"created_at":"Tue Mar 02 13:41:42 +0000 2010","favourites_count":5813,"utc_offset":32400,"time_zone":"Tokyo","geo_enabled":true,"verified":false,"statuses_count":14257,"lang":"ja","contributors_enabled":false,"is_translator":false,"is_translation_enabled":false,"profile_background_color":"000000","profile_background_image_url":"http://abs.twimg.com/images/themes/theme14/bg.gif","profile_background_image_url_https":"https://abs.twimg.com/images/themes/theme14/bg.gif","profile_background_tile":true,"profile_image_url":"http://pbs.twimg.com/profile_images/634937590479622144/2f_Es5wG_normal.png","profile_image_url_https":"https://pbs.twimg.com/profile_images/634937590479622144/2f_Es5wG_normal.png","profile_banner_url":"https://pbs.twimg.com/profile_banners/119037693/1499206591","profile_link_color":"3B94D9","profile_sidebar_border_color":"EEEEEE","profile_sidebar_fill_color":"EFEFEF","profile_text_color":"333333","profile_use_background_image":true,"has_extended_profile":true,"default_profile":false,"default_profile_image":false,"following":false,"follow_request_sent":false,"notifications":false,"translator_type":"none"},"geo":null,"coordinates":null,"place":null,"contributors":null,"is_quote_status":false,"retweet_count":5535,"favorite_count":8283,"favorited":false,"retweeted":false,"possibly_sensitive":false,"lang":"ja"},{"created_at":"Tue Jul 18 13:17:01 +0000 2017","id":887300176410419200,"id_str":"887300176410419200","text":"すみれさんとアニサマパンフ撮影&amp;対談。\n\nすみぺと沢山お話ししました🌻\n2人で撮影って久しぶりな気が！対談の中身もとても2人らしいものになったので是非読んでほしいなー！こんな機会をもらえて感謝です(^o^)対談形式すき！ https://t.co/LV1xE4qnhc","truncated":false,"entities":{"hashtags":[],"symbols":[],"user_mentions":[],"urls":[],"media":[{"id":887300166381850600,"id_str":"887300166381850624","indices":[115,138],"media_url":"http://pbs.twimg.com/media/DFBSzNpV0AAHBfq.jpg","media_url_https":"https://pbs.twimg.com/media/DFBSzNpV0AAHBfq.jpg","url":"https://t.co/LV1xE4qnhc","display_url":"pic.twitter.com/LV1xE4qnhc","expanded_url":"https://twitter.com/maaya_taso/status/887300176410419200/photo/1","type":"photo","sizes":{"medium":{"w":960,"h":960,"resize":"fit"},"small":{"w":680,"h":680,"resize":"fit"},"thumb":{"w":150,"h":150,"resize":"crop"},"large":{"w":960,"h":960,"resize":"fit"}}}]},"extended_entities":{"media":[{"id":887300166381850600,"id_str":"887300166381850624","indices":[115,138],"media_url":"http://pbs.twimg.com/media/DFBSzNpV0AAHBfq.jpg","media_url_https":"https://pbs.twimg.com/media/DFBSzNpV0AAHBfq.jpg","url":"https://t.co/LV1xE4qnhc","display_url":"pic.twitter.com/LV1xE4qnhc","expanded_url":"https://twitter.com/maaya_taso/status/887300176410419200/photo/1","type":"photo","sizes":{"medium":{"w":960,"h":960,"resize":"fit"},"small":{"w":680,"h":680,"resize":"fit"},"thumb":{"w":150,"h":150,"resize":"crop"},"large":{"w":960,"h":960,"resize":"fit"}}}]},"metadata":{"iso_language_code":"ja","result_type":"recent"},"source":"<a href=\"http://twitter.com/download/iphone\" rel=\"nofollow\">Twitter for iPhone</a>","in_reply_to_status_id":null,"in_reply_to_status_id_str":null,"in_reply_to_user_id":null,"in_reply_to_user_id_str":null,"in_reply_to_screen_name":null,"user":{"id":795162847772717000,"id_str":"795162847772717056","name":"内田真礼","screen_name":"maaya_taso","location":"","description":"内田真礼です！始めました(^o^)/","url":null,"entities":{"description":{"urls":[]}},"protected":false,"followers_count":260249,"friends_count":6,"listed_count":4298,"created_at":"Sun Nov 06 07:16:11 +0000 2016","favourites_count":5,"utc_offset":null,"time_zone":null,"geo_enabled":false,"verified":false,"statuses_count":417,"lang":"ja","contributors_enabled":false,"is_translator":false,"is_translation_enabled":false,"profile_background_color":"F5F8FA","profile_background_image_url":null,"profile_background_image_url_https":null,"profile_background_tile":false,"profile_image_url":"http://pbs.twimg.com/profile_images/795172413898035201/e5SdVOXD_normal.jpg","profile_image_url_https":"https://pbs.twimg.com/profile_images/795172413898035201/e5SdVOXD_normal.jpg","profile_banner_url":"https://pbs.twimg.com/profile_banners/795162847772717056/1488508825","profile_link_color":"1DA1F2","profile_sidebar_border_color":"C0DEED","profile_sidebar_fill_color":"DDEEF6","profile_text_color":"333333","profile_use_background_image":true,"has_extended_profile":true,"default_profile":true,"default_profile_image":false,"following":false,"follow_request_sent":false,"notifications":false,"translator_type":"none"},"geo":null,"coordinates":null,"place":null,"contributors":null,"is_quote_status":false,"retweet_count":5947,"favorite_count":17034,"favorited":false,"retweeted":false,"possibly_sensitive":false,"lang":"ja"},{"created_at":"Tue Jul 18 13:11:07 +0000 2017","id":887298688413909000,"id_str":"887298688413908992","text":"テオくんの声を聞いた瞬間\n涙が止まりませんでした。笑\n\nスカイピース、\nこれからも突っ走ります！！！\n100万人ありがとう🐰🐴💓！！！ https://t.co/N9YDvSAHaP","truncated":false,"entities":{"hashtags":[],"symbols":[],"user_mentions":[],"urls":[],"media":[{"id":887298682239860700,"id_str":"887298682239860736","indices":[68,91],"media_url":"http://pbs.twimg.com/media/DFBRc0yUQAAFuQ8.jpg","media_url_https":"https://pbs.twimg.com/media/DFBRc0yUQAAFuQ8.jpg","url":"https://t.co/N9YDvSAHaP","display_url":"pic.twitter.com/N9YDvSAHaP","expanded_url":"https://twitter.com/JINJIN1027/status/887298688413908992/photo/1","type":"photo","sizes":{"small":{"w":680,"h":528,"resize":"fit"},"thumb":{"w":150,"h":150,"resize":"crop"},"large":{"w":750,"h":582,"resize":"fit"},"medium":{"w":750,"h":582,"resize":"fit"}}}]},"extended_entities":{"media":[{"id":887298682239860700,"id_str":"887298682239860736","indices":[68,91],"media_url":"http://pbs.twimg.com/media/DFBRc0yUQAAFuQ8.jpg","media_url_https":"https://pbs.twimg.com/media/DFBRc0yUQAAFuQ8.jpg","url":"https://t.co/N9YDvSAHaP","display_url":"pic.twitter.com/N9YDvSAHaP","expanded_url":"https://twitter.com/JINJIN1027/status/887298688413908992/photo/1","type":"photo","sizes":{"small":{"w":680,"h":528,"resize":"fit"},"thumb":{"w":150,"h":150,"resize":"crop"},"large":{"w":750,"h":582,"resize":"fit"},"medium":{"w":750,"h":582,"resize":"fit"}}}]},"metadata":{"iso_language_code":"ja","result_type":"recent"},"source":"<a href=\"http://twitter.com/download/iphone\" rel=\"nofollow\">Twitter for iPhone</a>","in_reply_to_status_id":null,"in_reply_to_status_id_str":null,"in_reply_to_user_id":null,"in_reply_to_user_id_str":null,"in_reply_to_screen_name":null,"user":{"id":122339708,"id_str":"122339708","name":"☆イニ☆(じん)","screen_name":"JINJIN1027","location":"東京","description":"左利きAB型出っ歯🤓/人生楽しんだもん勝ち！/サブ垢(@JINSJINS1027)/VAZ所属/☆イニ☆と書いて、じんと読みます！/連絡先 support@vaz.co.jp / スカイピース(@skypeace_teojin)","url":"https://t.co/B2PxdAYSJu","entities":{"url":{"urls":[{"url":"https://t.co/B2PxdAYSJu","expanded_url":"https://www.youtube.com/channel/UC5VZjrV5x9J9mTyGODzu0dQ","display_url":"youtube.com/channel/UC5VZj…","indices":[0,23]}]},"description":{"urls":[]}},"protected":false,"followers_count":427538,"friends_count":491,"listed_count":1161,"created_at":"Fri Mar 12 11:06:08 +0000 2010","favourites_count":24936,"utc_offset":32400,"time_zone":"Tokyo","geo_enabled":false,"verified":false,"statuses_count":75362,"lang":"ja","contributors_enabled":false,"is_translator":false,"is_translation_enabled":false,"profile_background_color":"C0DEED","profile_background_image_url":"http://pbs.twimg.com/profile_background_images/140837454/135.jpg","profile_background_image_url_https":"https://pbs.twimg.com/profile_background_images/140837454/135.jpg","profile_background_tile":true,"profile_image_url":"http://pbs.twimg.com/profile_images/848066280712134657/2h4i-l7P_normal.jpg","profile_image_url_https":"https://pbs.twimg.com/profile_images/848066280712134657/2h4i-l7P_normal.jpg","profile_banner_url":"https://pbs.twimg.com/profile_banners/122339708/1444821795","profile_link_color":"0084B4","profile_sidebar_border_color":"C0DEED","profile_sidebar_fill_color":"DDEEF6","profile_text_color":"333333","profile_use_background_image":true,"has_extended_profile":true,"default_profile":false,"default_profile_image":false,"following":false,"follow_request_sent":false,"notifications":false,"translator_type":"none"},"geo":null,"coordinates":null,"place":null,"contributors":null,"is_quote_status":false,"retweet_count":13991,"favorite_count":57762,"favorited":false,"retweeted":false,"possibly_sensitive":false,"lang":"ja"},{"created_at":"Tue Jul 18 13:08:16 +0000 2017","id":887297972068679700,"id_str":"887297972068679680","text":"【僕やり1話完走☺︎】\nご覧いただいた皆様😌僕やりの世界、いかがでしたでしょうか❓来週もね、元気に、アクセル全開で行きますわ👍🏻市橋バイクだけに🏍 ブンブン！レッツゴー！！\n\n#僕たちがやりました #僕やり #火9は僕やり… https://t.co/UKenbGY8MZ","truncated":true,"entities":{"hashtags":[{"text":"僕たちがやりました","indices":[88,98]},{"text":"僕やり","indices":[99,103]},{"text":"火9は僕やり","indices":[104,111]}],"symbols":[],"user_mentions":[],"urls":[{"url":"https://t.co/UKenbGY8MZ","expanded_url":"https://twitter.com/i/web/status/887297972068679680","display_url":"twitter.com/i/web/status/8…","indices":[113,136]}]},"metadata":{"iso_language_code":"ja","result_type":"recent"},"source":"<a href=\"http://twitter.com/download/iphone\" rel=\"nofollow\">Twitter for iPhone</a>","in_reply_to_status_id":null,"in_reply_to_status_id_str":null,"in_reply_to_user_id":null,"in_reply_to_user_id_str":null,"in_reply_to_screen_name":null,"user":{"id":861829251103809500,"id_str":"861829251103809536","name":"火9ドラマ『僕たちがやりました』公式","screen_name":"bokuyari_ktv","location":"東京","description":"7月18日スタート 火曜よる9時 関西テレビ・フジテレビ系📺✨ 公式Instagram→https://t.co/bU4LVSxGoQ #窪田正孝 #永野芽郁 #新田真剣佑 #間宮祥太朗 #葉山奨之 #今野浩喜 #川栄李奈 #岡崎紗絵 #板尾創路 #榊原郁恵 #水川あさみ #三浦翔平 #古田新太","url":"https://t.co/XT8CA8N2uA","entities":{"url":{"urls":[{"url":"https://t.co/XT8CA8N2uA","expanded_url":"http://ktv.jp/bokuyari/","display_url":"ktv.jp/bokuyari/","indices":[0,23]}]},"description":{"urls":[{"url":"https://t.co/bU4LVSxGoQ","expanded_url":"http://Instagram.com/bokuyari_ktv/","display_url":"Instagram.com/bokuyari_ktv/","indices":[44,67]}]}},"protected":false,"followers_count":113459,"friends_count":20,"listed_count":212,"created_at":"Tue May 09 06:24:40 +0000 2017","favourites_count":12,"utc_offset":-25200,"time_zone":"Pacific Time (US & Canada)","geo_enabled":false,"verified":true,"statuses_count":318,"lang":"ja","contributors_enabled":false,"is_translator":false,"is_translation_enabled":false,"profile_background_color":"F5F8FA","profile_background_image_url":null,"profile_background_image_url_https":null,"profile_background_tile":false,"profile_image_url":"http://pbs.twimg.com/profile_images/868930869389541376/5_XOWkTj_normal.jpg","profile_image_url_https":"https://pbs.twimg.com/profile_images/868930869389541376/5_XOWkTj_normal.jpg","profile_banner_url":"https://pbs.twimg.com/profile_banners/861829251103809536/1498195816","profile_link_color":"1DA1F2","profile_sidebar_border_color":"C0DEED","profile_sidebar_fill_color":"DDEEF6","profile_text_color":"333333","profile_use_background_image":true,"has_extended_profile":false,"default_profile":true,"default_profile_image":false,"following":false,"follow_request_sent":false,"notifications":false,"translator_type":"none"},"geo":null,"coordinates":null,"place":null,"contributors":null,"is_quote_status":false,"retweet_count":9582,"favorite_count":52123,"favorited":false,"retweeted":false,"possibly_sensitive":false,"lang":"ja"},{"created_at":"Tue Jul 18 12:57:33 +0000 2017","id":887295276007833600,"id_str":"887295276007833600","text":"ありがとう https://t.co/jdKPmhYaw9","truncated":false,"entities":{"hashtags":[],"symbols":[],"user_mentions":[],"urls":[],"media":[{"id":887295269368340500,"id_str":"887295269368340480","indices":[6,29],"media_url":"http://pbs.twimg.com/media/DFBOWK2VoAASQzf.jpg","media_url_https":"https://pbs.twimg.com/media/DFBOWK2VoAASQzf.jpg","url":"https://t.co/jdKPmhYaw9","display_url":"pic.twitter.com/jdKPmhYaw9","expanded_url":"https://twitter.com/teokun711/status/887295276007833600/photo/1","type":"photo","sizes":{"large":{"w":750,"h":582,"resize":"fit"},"thumb":{"w":150,"h":150,"resize":"crop"},"medium":{"w":750,"h":582,"resize":"fit"},"small":{"w":680,"h":528,"resize":"fit"}}}]},"extended_entities":{"media":[{"id":887295269368340500,"id_str":"887295269368340480","indices":[6,29],"media_url":"http://pbs.twimg.com/media/DFBOWK2VoAASQzf.jpg","media_url_https":"https://pbs.twimg.com/media/DFBOWK2VoAASQzf.jpg","url":"https://t.co/jdKPmhYaw9","display_url":"pic.twitter.com/jdKPmhYaw9","expanded_url":"https://twitter.com/teokun711/status/887295276007833600/photo/1","type":"photo","sizes":{"large":{"w":750,"h":582,"resize":"fit"},"thumb":{"w":150,"h":150,"resize":"crop"},"medium":{"w":750,"h":582,"resize":"fit"},"small":{"w":680,"h":528,"resize":"fit"}}}]},"metadata":{"iso_language_code":"ja","result_type":"recent"},"source":"<a href=\"http://twitter.com/download/iphone\" rel=\"nofollow\">Twitter for iPhone</a>","in_reply_to_status_id":null,"in_reply_to_status_id_str":null,"in_reply_to_user_id":null,"in_reply_to_user_id_str":null,"in_reply_to_screen_name":null,"user":{"id":3036621878,"id_str":"3036621878","name":"テオくん@幸せ者","screen_name":"teokun711","location":"","description":"AB型21歳いぇい。固定ツイートに動画まとめてます@テオファミ最高です。距離縮め垢→【@teokun7117】僕はwimper♪連絡はsupport@vaz.co.jp【instagram】→https://t.co/bwbrKggxMrスカイピース@skypeace_teojin","url":"https://t.co/DwFKLxUOdc","entities":{"url":{"urls":[{"url":"https://t.co/DwFKLxUOdc","expanded_url":"https://www.youtube.com/channel/UCj6_0tBpVpmyYSGu6f-uKqw","display_url":"youtube.com/channel/UCj6_0…","indices":[0,23]}]},"description":{"urls":[{"url":"https://t.co/bwbrKggxMr","expanded_url":"https://www.instagram.com/teokun.711/","display_url":"instagram.com/teokun.711/","indices":[96,119]}]}},"protected":false,"followers_count":439258,"friends_count":185,"listed_count":922,"created_at":"Sun Feb 22 15:11:20 +0000 2015","favourites_count":64228,"utc_offset":-25200,"time_zone":"Pacific Time (US & Canada)","geo_enabled":true,"verified":false,"statuses_count":15433,"lang":"ja","contributors_enabled":false,"is_translator":false,"is_translation_enabled":false,"profile_background_color":"000000","profile_background_image_url":"http://abs.twimg.com/images/themes/theme1/bg.png","profile_background_image_url_https":"https://abs.twimg.com/images/themes/theme1/bg.png","profile_background_tile":false,"profile_image_url":"http://pbs.twimg.com/profile_images/858322819075104768/xD4WSaAr_normal.jpg","profile_image_url_https":"https://pbs.twimg.com/profile_images/858322819075104768/xD4WSaAr_normal.jpg","profile_banner_url":"https://pbs.twimg.com/profile_banners/3036621878/1495682503","profile_link_color":"1B95E0","profile_sidebar_border_color":"000000","profile_sidebar_fill_color":"000000","profile_text_color":"000000","profile_use_background_image":false,"has_extended_profile":true,"default_profile":false,"default_profile_image":false,"following":false,"follow_request_sent":false,"notifications":false,"translator_type":"none"},"geo":null,"coordinates":null,"place":null,"contributors":null,"is_quote_status":false,"retweet_count":14372,"favorite_count":60813,"favorited":false,"retweeted":false,"possibly_sensitive":false,"lang":"ja"},{"created_at":"Tue Jul 18 12:53:22 +0000 2017","id":887294223606726700,"id_str":"887294223606726660","text":"そしてこちらがラバーチャームです！\n#FGOラジオ #FateGO #agqr https://t.co/2JEghVY94R","truncated":false,"entities":{"hashtags":[{"text":"FGOラジオ","indices":[18,25]},{"text":"FateGO","indices":[26,33]},{"text":"agqr","indices":[34,39]}],"symbols":[],"user_mentions":[],"urls":[],"media":[{"id":887294163665903600,"id_str":"887294163665903616","indices":[40,63],"media_url":"http://pbs.twimg.com/media/DFBNVzyVYAABqA9.jpg","media_url_https":"https://pbs.twimg.com/media/DFBNVzyVYAABqA9.jpg","url":"https://t.co/2JEghVY94R","display_url":"pic.twitter.com/2JEghVY94R","expanded_url":"https://twitter.com/fgojoqr/status/887294223606726660/photo/1","type":"photo","sizes":{"small":{"w":594,"h":680,"resize":"fit"},"thumb":{"w":150,"h":150,"resize":"crop"},"medium":{"w":699,"h":800,"resize":"fit"},"large":{"w":699,"h":800,"resize":"fit"}}}]},"extended_entities":{"media":[{"id":887294163665903600,"id_str":"887294163665903616","indices":[40,63],"media_url":"http://pbs.twimg.com/media/DFBNVzyVYAABqA9.jpg","media_url_https":"https://pbs.twimg.com/media/DFBNVzyVYAABqA9.jpg","url":"https://t.co/2JEghVY94R","display_url":"pic.twitter.com/2JEghVY94R","expanded_url":"https://twitter.com/fgojoqr/status/887294223606726660/photo/1","type":"photo","sizes":{"small":{"w":594,"h":680,"resize":"fit"},"thumb":{"w":150,"h":150,"resize":"crop"},"medium":{"w":699,"h":800,"resize":"fit"},"large":{"w":699,"h":800,"resize":"fit"}}}]},"metadata":{"iso_language_code":"ja","result_type":"recent"},"source":"<a href=\"http://twitter.com\" rel=\"nofollow\">Twitter Web Client</a>","in_reply_to_status_id":null,"in_reply_to_status_id_str":null,"in_reply_to_user_id":null,"in_reply_to_user_id_str":null,"in_reply_to_screen_name":null,"user":{"id":799544433012252700,"id_str":"799544433012252672","name":"FGO カルデア・ラジオ局","screen_name":"fgojoqr","location":"","description":"Fate/Grand Orderの公式ラジオ番組『Fate/Grand Order カルデア・ラジオ局』の文化放送が運営する番組アカウントです。 文化放送（地上波）【毎週日曜21:30～22:00】、文化放送超！Ａ＆Ｇ＋【毎週火曜21:00～22:00】で放送中！ fgo@joqr.net　#FGOラジオ","url":"https://t.co/kBNTXcM7cE","entities":{"url":{"urls":[{"url":"https://t.co/kBNTXcM7cE","expanded_url":"http://www.joqr.co.jp/fgo/","display_url":"joqr.co.jp/fgo/","indices":[0,23]}]},"description":{"urls":[]}},"protected":false,"followers_count":59313,"friends_count":1,"listed_count":703,"created_at":"Fri Nov 18 09:27:02 +0000 2016","favourites_count":0,"utc_offset":32400,"time_zone":"Tokyo","geo_enabled":false,"verified":false,"statuses_count":461,"lang":"ja","contributors_enabled":false,"is_translator":false,"is_translation_enabled":false,"profile_background_color":"F5F8FA","profile_background_image_url":null,"profile_background_image_url_https":null,"profile_background_tile":false,"profile_image_url":"http://pbs.twimg.com/profile_images/877791886500544512/ZknhllRS_normal.jpg","profile_image_url_https":"https://pbs.twimg.com/profile_images/877791886500544512/ZknhllRS_normal.jpg","profile_banner_url":"https://pbs.twimg.com/profile_banners/799544433012252672/1481028058","profile_link_color":"1DA1F2","profile_sidebar_border_color":"C0DEED","profile_sidebar_fill_color":"DDEEF6","profile_text_color":"333333","profile_use_background_image":true,"has_extended_profile":false,"default_profile":true,"default_profile_image":false,"following":false,"follow_request_sent":false,"notifications":false,"translator_type":"none"},"geo":null,"coordinates":null,"place":null,"contributors":null,"is_quote_status":false,"retweet_count":6418,"favorite_count":5745,"favorited":false,"retweeted":false,"possibly_sensitive":false,"lang":"ja"},{"created_at":"Tue Jul 18 12:29:30 +0000 2017","id":887288217044525000,"id_str":"887288217044525056","text":"急に雹が降ったので。 https://t.co/Qb3u84tWp3","truncated":false,"entities":{"hashtags":[],"symbols":[],"user_mentions":[],"urls":[],"media":[{"id":887288097737547800,"id_str":"887288097737547778","indices":[11,34],"media_url":"http://pbs.twimg.com/media/DFBH0ucUIAI1T_W.jpg","media_url_https":"https://pbs.twimg.com/media/DFBH0ucUIAI1T_W.jpg","url":"https://t.co/Qb3u84tWp3","display_url":"pic.twitter.com/Qb3u84tWp3","expanded_url":"https://twitter.com/avogado6/status/887288217044525056/photo/1","type":"photo","sizes":{"large":{"w":800,"h":800,"resize":"fit"},"thumb":{"w":150,"h":150,"resize":"crop"},"medium":{"w":800,"h":800,"resize":"fit"},"small":{"w":680,"h":680,"resize":"fit"}}}]},"extended_entities":{"media":[{"id":887288097737547800,"id_str":"887288097737547778","indices":[11,34],"media_url":"http://pbs.twimg.com/media/DFBH0ucUIAI1T_W.jpg","media_url_https":"https://pbs.twimg.com/media/DFBH0ucUIAI1T_W.jpg","url":"https://t.co/Qb3u84tWp3","display_url":"pic.twitter.com/Qb3u84tWp3","expanded_url":"https://twitter.com/avogado6/status/887288217044525056/photo/1","type":"photo","sizes":{"large":{"w":800,"h":800,"resize":"fit"},"thumb":{"w":150,"h":150,"resize":"crop"},"medium":{"w":800,"h":800,"resize":"fit"},"small":{"w":680,"h":680,"resize":"fit"}}}]},"metadata":{"iso_language_code":"ja","result_type":"recent"},"source":"<a href=\"http://twitter.com\" rel=\"nofollow\">Twitter Web Client</a>","in_reply_to_status_id":null,"in_reply_to_status_id_str":null,"in_reply_to_user_id":null,"in_reply_to_user_id_str":null,"in_reply_to_screen_name":null,"user":{"id":324391547,"id_str":"324391547","name":"アボガド6","screen_name":"avogado6","location":"","description":"化学が好きな一般人です。映像作品とか創ってます。http://t.co/ipBsbge0ll","url":"http://t.co/EiHogSmY2Z","entities":{"url":{"urls":[{"url":"http://t.co/EiHogSmY2Z","expanded_url":"http://avogado6.wix.com/6022e-plus20","display_url":"avogado6.wix.com/6022e-plus20","indices":[0,22]}]},"description":{"urls":[{"url":"http://t.co/ipBsbge0ll","expanded_url":"http://www.nicovideo.jp/mylist/28725264","display_url":"nicovideo.jp/mylist/28725264","indices":[24,46]}]}},"protected":false,"followers_count":229060,"friends_count":27,"listed_count":1916,"created_at":"Sun Jun 26 14:46:50 +0000 2011","favourites_count":36,"utc_offset":-25200,"time_zone":"Pacific Time (US & Canada)","geo_enabled":false,"verified":false,"statuses_count":3211,"lang":"ja","contributors_enabled":false,"is_translator":false,"is_translation_enabled":false,"profile_background_color":"000000","profile_background_image_url":"http://pbs.twimg.com/profile_background_images/873958585/01311c34236282338aeee06442317e97.jpeg","profile_background_image_url_https":"https://pbs.twimg.com/profile_background_images/873958585/01311c34236282338aeee06442317e97.jpeg","profile_background_tile":false,"profile_image_url":"http://pbs.twimg.com/profile_images/715865999673675777/imuBDN9A_normal.jpg","profile_image_url_https":"https://pbs.twimg.com/profile_images/715865999673675777/imuBDN9A_normal.jpg","profile_banner_url":"https://pbs.twimg.com/profile_banners/324391547/1431398698","profile_link_color":"8F0072","profile_sidebar_border_color":"FFFFFF","profile_sidebar_fill_color":"FFFFFF","profile_text_color":"333333","profile_use_background_image":true,"has_extended_profile":false,"default_profile":false,"default_profile_image":false,"following":false,"follow_request_sent":false,"notifications":false,"translator_type":"none"},"geo":null,"coordinates":null,"place":null,"contributors":null,"is_quote_status":false,"retweet_count":4929,"favorite_count":21897,"favorited":false,"retweeted":false,"possibly_sensitive":false,"lang":"ja"},{"created_at":"Tue Jul 18 12:17:58 +0000 2017","id":887285315764748300,"id_str":"887285315764748288","text":"いま知ったけどGoogleストリートビューの「海洋」で、世界じゅうの「海の中」が覗けるようになってる…！ その海に生息する生き物を様々な角度から見られて臨場感が半端ないし、意外と色んな場所に動けて海中散歩みたいにも楽しめる。スゴイ… https://t.co/Ek5yki8rHN","truncated":true,"entities":{"hashtags":[],"symbols":[],"user_mentions":[],"urls":[{"url":"https://t.co/Ek5yki8rHN","expanded_url":"https://twitter.com/i/web/status/887285315764748288","display_url":"twitter.com/i/web/status/8…","indices":[117,140]}]},"metadata":{"iso_language_code":"ja","result_type":"recent"},"source":"<a href=\"http://twitter.com\" rel=\"nofollow\">Twitter Web Client</a>","in_reply_to_status_id":null,"in_reply_to_status_id_str":null,"in_reply_to_user_id":null,"in_reply_to_user_id_str":null,"in_reply_to_screen_name":null,"user":{"id":3265602312,"id_str":"3265602312","name":"ぬまがさ","screen_name":"numagasa","location":"","description":"おもに生き物の図解を描いたりしています（鳥と水棲生物が好き）。映画やドラマやドキュメンタリーやアニメや百合の話にひとりで花を咲かせたりもします。今期はRWBYがアツイです。連絡などあればDMもご利用ください。\nブログ「沼の見える街」https://t.co/Ybb5Co7HHK","url":"https://t.co/HgeNH6bMFh","entities":{"url":{"urls":[{"url":"https://t.co/HgeNH6bMFh","expanded_url":"http://www.pixiv.net/member.php?id=9208326","display_url":"pixiv.net/member.php?id=…","indices":[0,23]}]},"description":{"urls":[{"url":"https://t.co/Ybb5Co7HHK","expanded_url":"http://numagasa.hatenablog.com","display_url":"numagasa.hatenablog.com","indices":[116,139]}]}},"protected":false,"followers_count":64659,"friends_count":99,"listed_count":872,"created_at":"Thu Jul 02 03:24:10 +0000 2015","favourites_count":1609,"utc_offset":32400,"time_zone":"Tokyo","geo_enabled":false,"verified":false,"statuses_count":8484,"lang":"ja","contributors_enabled":false,"is_translator":false,"is_translation_enabled":false,"profile_background_color":"000000","profile_background_image_url":"http://abs.twimg.com/images/themes/theme1/bg.png","profile_background_image_url_https":"https://abs.twimg.com/images/themes/theme1/bg.png","profile_background_tile":false,"profile_image_url":"http://pbs.twimg.com/profile_images/774242070504452097/yDAYATXf_normal.jpg","profile_image_url_https":"https://pbs.twimg.com/profile_images/774242070504452097/yDAYATXf_normal.jpg","profile_banner_url":"https://pbs.twimg.com/profile_banners/3265602312/1466554102","profile_link_color":"3B94D9","profile_sidebar_border_color":"000000","profile_sidebar_fill_color":"000000","profile_text_color":"000000","profile_use_background_image":false,"has_extended_profile":false,"default_profile":false,"default_profile_image":false,"following":false,"follow_request_sent":false,"notifications":false,"translator_type":"none"},"geo":null,"coordinates":null,"place":null,"contributors":null,"is_quote_status":false,"retweet_count":21867,"favorite_count":25571,"favorited":false,"retweeted":false,"possibly_sensitive":false,"lang":"ja"},{"created_at":"Tue Jul 18 12:10:27 +0000 2017","id":887283422665646100,"id_str":"887283422665646080","text":"オタ女子のいう『おっさんはカッコいい』はこの辺りが刺さるので普通の3次元の中年男性は期待を持ってはダメなのです…\n敵が強すぎるのです… https://t.co/13YHHr0xH5","truncated":false,"entities":{"hashtags":[],"symbols":[],"user_mentions":[],"urls":[],"media":[{"id":887283416231583700,"id_str":"887283416231583744","indices":[68,91],"media_url":"http://pbs.twimg.com/media/DFBDkOeUIAAOUAv.jpg","media_url_https":"https://pbs.twimg.com/media/DFBDkOeUIAAOUAv.jpg","url":"https://t.co/13YHHr0xH5","display_url":"pic.twitter.com/13YHHr0xH5","expanded_url":"https://twitter.com/daizu1977/status/887283422665646080/photo/1","type":"photo","sizes":{"medium":{"w":511,"h":288,"resize":"fit"},"small":{"w":511,"h":288,"resize":"fit"},"thumb":{"w":150,"h":150,"resize":"crop"},"large":{"w":511,"h":288,"resize":"fit"}}}]},"extended_entities":{"media":[{"id":887283416231583700,"id_str":"887283416231583744","indices":[68,91],"media_url":"http://pbs.twimg.com/media/DFBDkOeUIAAOUAv.jpg","media_url_https":"https://pbs.twimg.com/media/DFBDkOeUIAAOUAv.jpg","url":"https://t.co/13YHHr0xH5","display_url":"pic.twitter.com/13YHHr0xH5","expanded_url":"https://twitter.com/daizu1977/status/887283422665646080/photo/1","type":"photo","sizes":{"medium":{"w":511,"h":288,"resize":"fit"},"small":{"w":511,"h":288,"resize":"fit"},"thumb":{"w":150,"h":150,"resize":"crop"},"large":{"w":511,"h":288,"resize":"fit"}}},{"id":887283416231583700,"id_str":"887283416231583745","indices":[68,91],"media_url":"http://pbs.twimg.com/media/DFBDkOeUIAEhjAl.jpg","media_url_https":"https://pbs.twimg.com/media/DFBDkOeUIAEhjAl.jpg","url":"https://t.co/13YHHr0xH5","display_url":"pic.twitter.com/13YHHr0xH5","expanded_url":"https://twitter.com/daizu1977/status/887283422665646080/photo/1","type":"photo","sizes":{"medium":{"w":360,"h":270,"resize":"fit"},"thumb":{"w":150,"h":150,"resize":"crop"},"small":{"w":360,"h":270,"resize":"fit"},"large":{"w":360,"h":270,"resize":"fit"}}},{"id":887283416235888600,"id_str":"887283416235888640","indices":[68,91],"media_url":"http://pbs.twimg.com/media/DFBDkOfV0AA7k37.jpg","media_url_https":"https://pbs.twimg.com/media/DFBDkOfV0AA7k37.jpg","url":"https://t.co/13YHHr0xH5","display_url":"pic.twitter.com/13YHHr0xH5","expanded_url":"https://twitter.com/daizu1977/status/887283422665646080/photo/1","type":"photo","sizes":{"medium":{"w":519,"h":283,"resize":"fit"},"small":{"w":519,"h":283,"resize":"fit"},"thumb":{"w":150,"h":150,"resize":"crop"},"large":{"w":519,"h":283,"resize":"fit"}}},{"id":887283416231587800,"id_str":"887283416231587840","indices":[68,91],"media_url":"http://pbs.twimg.com/media/DFBDkOeUMAAhLxV.jpg","media_url_https":"https://pbs.twimg.com/media/DFBDkOeUMAAhLxV.jpg","url":"https://t.co/13YHHr0xH5","display_url":"pic.twitter.com/13YHHr0xH5","expanded_url":"https://twitter.com/daizu1977/status/887283422665646080/photo/1","type":"photo","sizes":{"medium":{"w":509,"h":289,"resize":"fit"},"large":{"w":509,"h":289,"resize":"fit"},"thumb":{"w":150,"h":150,"resize":"crop"},"small":{"w":509,"h":289,"resize":"fit"}}}]},"metadata":{"iso_language_code":"ja","result_type":"recent"},"source":"<a href=\"http://twitter.com/download/iphone\" rel=\"nofollow\">Twitter for iPhone</a>","in_reply_to_status_id":null,"in_reply_to_status_id_str":null,"in_reply_to_user_id":null,"in_reply_to_user_id_str":null,"in_reply_to_screen_name":null,"user":{"id":313303085,"id_str":"313303085","name":"だいず:音ゲー大好き","screen_name":"daizu1977","location":"ブログ：１９７７年生まれのオタク人生","description":"子持ち３０代。２０代はゲーセン(バーチャロン４)とＭＴＧ三昧。日曜朝の戦隊・仮面ライダー・プリキュアが好き。モンスターハンターは下手なりに４０００時間以上。ＤＤＲメイン（ＤＰ中心、最高クリア足１５／グルーヴコースター／二郎／メタルマックス／世界樹／ヨーヨー／艦これ／デレステ／ポケモンＧＯ／ミラクルニキ／FGO","url":"https://t.co/Aa6YcJ27IQ","entities":{"url":{"urls":[{"url":"https://t.co/Aa6YcJ27IQ","expanded_url":"http://daizu1977.blog134.fc2.com/","display_url":"daizu1977.blog134.fc2.com","indices":[0,23]}]},"description":{"urls":[]}},"protected":false,"followers_count":3465,"friends_count":2677,"listed_count":113,"created_at":"Wed Jun 08 13:09:30 +0000 2011","favourites_count":65244,"utc_offset":-36000,"time_zone":"Hawaii","geo_enabled":false,"verified":false,"statuses_count":89218,"lang":"ja","contributors_enabled":false,"is_translator":false,"is_translation_enabled":false,"profile_background_color":"EDECE9","profile_background_image_url":"http://pbs.twimg.com/profile_background_images/580141980140761088/V24T_CQA.jpg","profile_background_image_url_https":"https://pbs.twimg.com/profile_background_images/580141980140761088/V24T_CQA.jpg","profile_background_tile":false,"profile_image_url":"http://pbs.twimg.com/profile_images/437754536577363968/WiZRqxPr_normal.jpeg","profile_image_url_https":"https://pbs.twimg.com/profile_images/437754536577363968/WiZRqxPr_normal.jpeg","profile_banner_url":"https://pbs.twimg.com/profile_banners/313303085/1388985040","profile_link_color":"088253","profile_sidebar_border_color":"FFFFFF","profile_sidebar_fill_color":"E3E2DE","profile_text_color":"634047","profile_use_background_image":true,"has_extended_profile":false,"default_profile":false,"default_profile_image":false,"following":false,"follow_request_sent":false,"notifications":false,"translator_type":"none"},"geo":null,"coordinates":null,"place":null,"contributors":null,"is_quote_status":false,"retweet_count":6044,"favorite_count":4328,"favorited":false,"retweeted":false,"possibly_sensitive":false,"lang":"ja"},{"created_at":"Tue Jul 18 12:09:56 +0000 2017","id":887283293619494900,"id_str":"887283293619494912","text":"子供の頃からの夢が一つ叶いました。 https://t.co/JAK9pGHKoF","truncated":false,"entities":{"hashtags":[],"symbols":[],"user_mentions":[],"urls":[],"media":[{"id":887283286103343100,"id_str":"887283286103343104","indices":[18,41],"media_url":"http://pbs.twimg.com/media/DFBDcptUwAAwSmv.jpg","media_url_https":"https://pbs.twimg.com/media/DFBDcptUwAAwSmv.jpg","url":"https://t.co/JAK9pGHKoF","display_url":"pic.twitter.com/JAK9pGHKoF","expanded_url":"https://twitter.com/PesPeso/status/887283293619494912/photo/1","type":"photo","sizes":{"medium":{"w":800,"h":600,"resize":"fit"},"small":{"w":680,"h":510,"resize":"fit"},"thumb":{"w":150,"h":150,"resize":"crop"},"large":{"w":800,"h":600,"resize":"fit"}}}]},"extended_entities":{"media":[{"id":887283286103343100,"id_str":"887283286103343104","indices":[18,41],"media_url":"http://pbs.twimg.com/media/DFBDcptUwAAwSmv.jpg","media_url_https":"https://pbs.twimg.com/media/DFBDcptUwAAwSmv.jpg","url":"https://t.co/JAK9pGHKoF","display_url":"pic.twitter.com/JAK9pGHKoF","expanded_url":"https://twitter.com/PesPeso/status/887283293619494912/photo/1","type":"photo","sizes":{"medium":{"w":800,"h":600,"resize":"fit"},"small":{"w":680,"h":510,"resize":"fit"},"thumb":{"w":150,"h":150,"resize":"crop"},"large":{"w":800,"h":600,"resize":"fit"}}},{"id":887283290469580800,"id_str":"887283290469580800","indices":[18,41],"media_url":"http://pbs.twimg.com/media/DFBDc5-UQAAb6NU.jpg","media_url_https":"https://pbs.twimg.com/media/DFBDc5-UQAAb6NU.jpg","url":"https://t.co/JAK9pGHKoF","display_url":"pic.twitter.com/JAK9pGHKoF","expanded_url":"https://twitter.com/PesPeso/status/887283293619494912/photo/1","type":"photo","sizes":{"medium":{"w":800,"h":600,"resize":"fit"},"small":{"w":680,"h":510,"resize":"fit"},"thumb":{"w":150,"h":150,"resize":"crop"},"large":{"w":800,"h":600,"resize":"fit"}}}]},"metadata":{"iso_language_code":"ja","result_type":"recent"},"source":"<a href=\"http://covelline.com/feather/\" rel=\"nofollow\">feather for iOS</a>","in_reply_to_status_id":null,"in_reply_to_status_id_str":null,"in_reply_to_user_id":null,"in_reply_to_user_id_str":null,"in_reply_to_screen_name":null,"user":{"id":304549847,"id_str":"304549847","name":"ペソ＠夏コミ1日目東ヨ-15a","screen_name":"PesPeso","location":"埼玉県","description":"元3DCGデザイナーで今は絵を描いたり、シコったり、シコったり、シコったり、シコったり、シコったり、シコったり、シコったり、シコったり、シコったりしてる人。成年向けのツイートが含まれるので未成年はフォローをご遠慮くださいboy","url":"https://t.co/LWdZYDiD3b","entities":{"url":{"urls":[{"url":"https://t.co/LWdZYDiD3b","expanded_url":"http://www.pixiv.net/member.php?id=216589","display_url":"pixiv.net/member.php?id=…","indices":[0,23]}]},"description":{"urls":[]}},"protected":false,"followers_count":19199,"friends_count":1933,"listed_count":495,"created_at":"Tue May 24 18:11:20 +0000 2011","favourites_count":4886,"utc_offset":32400,"time_zone":"Tokyo","geo_enabled":false,"verified":false,"statuses_count":246442,"lang":"ja","contributors_enabled":false,"is_translator":false,"is_translation_enabled":true,"profile_background_color":"709397","profile_background_image_url":"http://abs.twimg.com/images/themes/theme6/bg.gif","profile_background_image_url_https":"https://abs.twimg.com/images/themes/theme6/bg.gif","profile_background_tile":false,"profile_image_url":"http://pbs.twimg.com/profile_images/883253625153134592/5GblAtk6_normal.jpg","profile_image_url_https":"https://pbs.twimg.com/profile_images/883253625153134592/5GblAtk6_normal.jpg","profile_banner_url":"https://pbs.twimg.com/profile_banners/304549847/1494282076","profile_link_color":"ABB8C2","profile_sidebar_border_color":"000000","profile_sidebar_fill_color":"000000","profile_text_color":"000000","profile_use_background_image":true,"has_extended_profile":true,"default_profile":false,"default_profile_image":false,"following":false,"follow_request_sent":false,"notifications":false,"translator_type":"none"},"geo":null,"coordinates":null,"place":null,"contributors":null,"is_quote_status":false,"retweet_count":5993,"favorite_count":9002,"favorited":false,"retweeted":false,"possibly_sensitive":false,"lang":"ja"},{"created_at":"Tue Jul 18 11:57:49 +0000 2017","id":887280242053726200,"id_str":"887280242053726209","text":"最近ガッキーが出てる番組ほとんど見てる。たまにテレビに映ってるガッキーに話しかけて遊んでるから俺たぶんガッキーと友達なんだと思う。ね？ガッキー^^？\nなんか俺がガッキーみたいな文字列になっちゃった。 https://t.co/4cnmNG93ID","truncated":false,"entities":{"hashtags":[],"symbols":[],"user_mentions":[],"urls":[],"media":[{"id":887280235330154500,"id_str":"887280235330154496","indices":[100,123],"media_url":"http://pbs.twimg.com/media/DFBArEsUMAA2xA3.jpg","media_url_https":"https://pbs.twimg.com/media/DFBArEsUMAA2xA3.jpg","url":"https://t.co/4cnmNG93ID","display_url":"pic.twitter.com/4cnmNG93ID","expanded_url":"https://twitter.com/kiyo_saiore/status/887280242053726209/photo/1","type":"photo","sizes":{"small":{"w":499,"h":680,"resize":"fit"},"medium":{"w":750,"h":1022,"resize":"fit"},"thumb":{"w":150,"h":150,"resize":"crop"},"large":{"w":750,"h":1022,"resize":"fit"}}}]},"extended_entities":{"media":[{"id":887280235330154500,"id_str":"887280235330154496","indices":[100,123],"media_url":"http://pbs.twimg.com/media/DFBArEsUMAA2xA3.jpg","media_url_https":"https://pbs.twimg.com/media/DFBArEsUMAA2xA3.jpg","url":"https://t.co/4cnmNG93ID","display_url":"pic.twitter.com/4cnmNG93ID","expanded_url":"https://twitter.com/kiyo_saiore/status/887280242053726209/photo/1","type":"photo","sizes":{"small":{"w":499,"h":680,"resize":"fit"},"medium":{"w":750,"h":1022,"resize":"fit"},"thumb":{"w":150,"h":150,"resize":"crop"},"large":{"w":750,"h":1022,"resize":"fit"}}}]},"metadata":{"iso_language_code":"ja","result_type":"recent"},"source":"<a href=\"http://twitter.com/download/iphone\" rel=\"nofollow\">Twitter for iPhone</a>","in_reply_to_status_id":null,"in_reply_to_status_id_str":null,"in_reply_to_user_id":null,"in_reply_to_user_id_str":null,"in_reply_to_screen_name":null,"user":{"id":129471863,"id_str":"129471863","name":"キヨ","screen_name":"kiyo_saiore","location":"スペイン（北海道）","description":"最俺です。サッカーと女優さんが大好きです⊿ 【YouTubeもやってまする→https://t.co/M2G1Ca630B】【インスタ→https://t.co/VGRhuAb1Kg】【 何かありましたら→saiorenraku@yahoo.co.jp】","url":"https://t.co/7HAKQXfg1o","entities":{"url":{"urls":[{"url":"https://t.co/7HAKQXfg1o","expanded_url":"http://ch.nicovideo.jp/kiyo-saiore","display_url":"ch.nicovideo.jp/kiyo-saiore","indices":[0,23]}]},"description":{"urls":[{"url":"https://t.co/M2G1Ca630B","expanded_url":"http://goo.gl/zcqUED","display_url":"goo.gl/zcqUED","indices":[38,61]},{"url":"https://t.co/VGRhuAb1Kg","expanded_url":"http://instagram.com/kiyo_yuusya","display_url":"instagram.com/kiyo_yuusya","indices":[68,91]}]}},"protected":false,"followers_count":706143,"friends_count":134,"listed_count":10579,"created_at":"Sun Apr 04 11:41:01 +0000 2010","favourites_count":3,"utc_offset":null,"time_zone":null,"geo_enabled":false,"verified":false,"statuses_count":11028,"lang":"ja","contributors_enabled":false,"is_translator":false,"is_translation_enabled":false,"profile_background_color":"C0DEED","profile_background_image_url":"http://pbs.twimg.com/profile_background_images/260683996/45274__.jpg","profile_background_image_url_https":"https://pbs.twimg.com/profile_background_images/260683996/45274__.jpg","profile_background_tile":true,"profile_image_url":"http://pbs.twimg.com/profile_images/482906167367041024/s0nqByHX_normal.jpeg","profile_image_url_https":"https://pbs.twimg.com/profile_images/482906167367041024/s0nqByHX_normal.jpeg","profile_banner_url":"https://pbs.twimg.com/profile_banners/129471863/1471178099","profile_link_color":"0084B4","profile_sidebar_border_color":"C0DEED","profile_sidebar_fill_color":"DDEEF6","profile_text_color":"333333","profile_use_background_image":true,"has_extended_profile":false,"default_profile":false,"default_profile_image":false,"following":false,"follow_request_sent":false,"notifications":false,"translator_type":"none"},"geo":null,"coordinates":null,"place":null,"contributors":null,"is_quote_status":false,"retweet_count":6104,"favorite_count":27193,"favorited":false,"retweeted":false,"possibly_sensitive":false,"lang":"ja"}],"search_metadata":{"completed_in":0.683,"max_id":887327135752306700,"max_id_str":"887327135752306688","next_results":"?max_id=887280242053726208&q=lang%3Aja%20min_retweets%3A5000&include_entities=1","query":"lang%3Aja+min_retweets%3A5000","refresh_url":"?since_id=887327135752306688&q=lang%3Aja%20min_retweets%3A5000&include_entities=1","count":15,"since_id":0,"since_id_str":"0"}}