{"statuses":[{"created_at":"Wed Jul 19 20:00:14 +0000 2017","id":887764033419345900,"id_str":"887764033419345920","text":"8月11日(金)夜9時より日本テレビ「金曜ロードSHOW!」にて\n新たなスペシャル映像が入った『HiGH&amp;LOW THE MOVIE 特別版 from THE RED RAIN』の放送が決定ッ！\n是非ご覧ください！… https://t.co/VwdhB9Hjxr","truncated":true,"entities":{"hashtags":[],"symbols":[],"user_mentions":[],"urls":[{"url":"https://t.co/VwdhB9Hjxr","expanded_url":"https://twitter.com/i/web/status/887764033419345920","display_url":"twitter.com/i/web/status/8…","indices":[113,136]}]},"metadata":{"iso_language_code":"ja","result_type":"recent"},"source":"<a href=\"http://twitter.com\" rel=\"nofollow\">Twitter Web Client</a>","in_reply_to_status_id":null,"in_reply_to_status_id_str":null,"in_reply_to_user_id":null,"in_reply_to_user_id_str":null,"in_reply_to_screen_name":null,"user":{"id":3226713546,"id_str":"3226713546","name":"HiGH&LOW OFFICIAL","screen_name":"HiGH_LOW_PR","location":"","description":"HiGH&LOWオフィシャルtwitter. HiGH&LOWの最新情報を発信します。","url":"http://t.co/Qpce29fIzY","entities":{"url":{"urls":[{"url":"http://t.co/Qpce29fIzY","expanded_url":"http://high-low.jp","display_url":"high-low.jp","indices":[0,22]}]},"description":{"urls":[]}},"protected":false,"followers_count":500051,"friends_count":60,"listed_count":1134,"created_at":"Tue May 26 03:56:29 +0000 2015","favourites_count":5,"utc_offset":-25200,"time_zone":"Pacific Time (US & Canada)","geo_enabled":false,"verified":true,"statuses_count":868,"lang":"ja","contributors_enabled":false,"is_translator":false,"is_translation_enabled":false,"profile_background_color":"C0DEED","profile_background_image_url":"http://abs.twimg.com/images/themes/theme1/bg.png","profile_background_image_url_https":"https://abs.twimg.com/images/themes/theme1/bg.png","profile_background_tile":false,"profile_image_url":"http://pbs.twimg.com/profile_images/722760502951084032/brnAIRRQ_normal.jpg","profile_image_url_https":"https://pbs.twimg.com/profile_images/722760502951084032/brnAIRRQ_normal.jpg","profile_banner_url":"https://pbs.twimg.com/profile_banners/3226713546/1461154490","profile_link_color":"1DA1F2","profile_sidebar_border_color":"C0DEED","profile_sidebar_fill_color":"DDEEF6","profile_text_color":"333333","profile_use_background_image":true,"has_extended_profile":false,"default_profile":true,"default_profile_image":false,"following":false,"follow_request_sent":false,"notifications":false,"translator_type":"none"},"geo":null,"coordinates":null,"place":null,"contributors":null,"is_quote_status":false,"retweet_count":10274,"favorite_count":20097,"favorited":false,"retweeted":false,"possibly_sensitive":false,"lang":"ja"},{"created_at":"Wed Jul 19 15:50:58 +0000 2017","id":887701307217150000,"id_str":"887701307217149952","text":"隠れたヒカキンを探せ！#5\n【難易度 爆絶】\n見つけた人はRT！ #ヒカキンを探せ https://t.co/XCmfBIgj7W","truncated":false,"entities":{"hashtags":[{"text":"ヒカキンを探せ","indices":[33,41]}],"symbols":[],"user_mentions":[],"urls":[],"media":[{"id":887701296379117600,"id_str":"887701296379117569","indices":[42,65],"media_url":"http://pbs.twimg.com/media/DFG_oDVUwAEFkBL.jpg","media_url_https":"https://pbs.twimg.com/media/DFG_oDVUwAEFkBL.jpg","url":"https://t.co/XCmfBIgj7W","display_url":"pic.twitter.com/XCmfBIgj7W","expanded_url":"https://twitter.com/hikakin/status/887701307217149952/photo/1","type":"photo","sizes":{"medium":{"w":1200,"h":900,"resize":"fit"},"small":{"w":680,"h":510,"resize":"fit"},"thumb":{"w":150,"h":150,"resize":"crop"},"large":{"w":2048,"h":1536,"resize":"fit"}}}]},"extended_entities":{"media":[{"id":887701296379117600,"id_str":"887701296379117569","indices":[42,65],"media_url":"http://pbs.twimg.com/media/DFG_oDVUwAEFkBL.jpg","media_url_https":"https://pbs.twimg.com/media/DFG_oDVUwAEFkBL.jpg","url":"https://t.co/XCmfBIgj7W","display_url":"pic.twitter.com/XCmfBIgj7W","expanded_url":"https://twitter.com/hikakin/status/887701307217149952/photo/1","type":"photo","sizes":{"medium":{"w":1200,"h":900,"resize":"fit"},"small":{"w":680,"h":510,"resize":"fit"},"thumb":{"w":150,"h":150,"resize":"crop"},"large":{"w":2048,"h":1536,"resize":"fit"}}}]},"metadata":{"iso_language_code":"ja","result_type":"recent"},"source":"<a href=\"http://twitter.com/download/iphone\" rel=\"nofollow\">Twitter for iPhone</a>","in_reply_to_status_id":null,"in_reply_to_status_id_str":null,"in_reply_to_user_id":null,"in_reply_to_user_id_str":null,"in_reply_to_screen_name":null,"user":{"id":130447415,"id_str":"130447415","name":"HIKAKIN ヒカキン","screen_name":"hikakin","location":"Tokyo","description":"YouTuber（ユーチューバー）やってます。平成生まれ。YouTube歴11年。再生回数計64億回、チャンネル登録者計970万人突破。 インスタグラムもフォロー是非→https://t.co/3N95acANAT","url":"https://t.co/TiG4bRwwRJ","entities":{"url":{"urls":[{"url":"https://t.co/TiG4bRwwRJ","expanded_url":"https://www.youtube.com/user/hikakintv","display_url":"youtube.com/user/hikakintv","indices":[0,23]}]},"description":{"urls":[{"url":"https://t.co/3N95acANAT","expanded_url":"https://www.instagram.com/hikakin/","display_url":"instagram.com/hikakin/","indices":[84,107]}]}},"protected":false,"followers_count":2125335,"friends_count":970,"listed_count":4855,"created_at":"Wed Apr 07 09:33:08 +0000 2010","favourites_count":4391,"utc_offset":-36000,"time_zone":"Hawaii","geo_enabled":false,"verified":true,"statuses_count":36978,"lang":"ja","contributors_enabled":false,"is_translator":false,"is_translation_enabled":false,"profile_background_color":"000000","profile_background_image_url":"http://pbs.twimg.com/profile_background_images/544921687/__________2012-05-05_18.56.52.png","profile_background_image_url_https":"https://pbs.twimg.com/profile_background_images/544921687/__________2012-05-05_18.56.52.png","profile_background_tile":false,"profile_image_url":"http://pbs.twimg.com/profile_images/826448439592366081/yNaadj6o_normal.jpg","profile_image_url_https":"https://pbs.twimg.com/profile_images/826448439592366081/yNaadj6o_normal.jpg","profile_banner_url":"https://pbs.twimg.com/profile_banners/130447415/1500095977","profile_link_color":"05B9F0","profile_sidebar_border_color":"000000","profile_sidebar_fill_color":"EFEFEF","profile_text_color":"333333","profile_use_background_image":false,"has_extended_profile":true,"default_profile":false,"default_profile_image":false,"following":false,"follow_request_sent":false,"notifications":false,"translator_type":"none"},"geo":null,"coordinates":null,"place":null,"contributors":null,"is_quote_status":false,"retweet_count":7226,"favorite_count":9108,"favorited":false,"retweeted":false,"possibly_sensitive":false,"lang":"ja"},{"created_at":"Wed Jul 19 15:00:03 +0000 2017","id":887688493496807400,"id_str":"887688493496807424","text":"明日7/21 (金)は『スプラトゥーン2』の発売日だ。\n今までの思い出にナイス！これからのバトルにカモン！\n1万2千年後のイカの世界に飛び込もう。\n#明日はイカだ\nhttps://t.co/tRMTvwGi9U https://t.co/GmO2LqHzlv","truncated":false,"entities":{"hashtags":[{"text":"明日はイカだ","indices":[74,81]}],"symbols":[],"user_mentions":[],"urls":[{"url":"https://t.co/tRMTvwGi9U","expanded_url":"https://www.nintendo.co.jp/switch/aab6a/index.html","display_url":"nintendo.co.jp/switch/aab6a/i…","indices":[82,105]}],"media":[{"id":885647587490922500,"id_str":"885647587490922496","indices":[106,129],"media_url":"http://pbs.twimg.com/media/DEpzydiUAAA0J4P.jpg","media_url_https":"https://pbs.twimg.com/media/DEpzydiUAAA0J4P.jpg","url":"https://t.co/GmO2LqHzlv","display_url":"pic.twitter.com/GmO2LqHzlv","expanded_url":"https://twitter.com/SplatoonJP/status/887688493496807424/photo/1","type":"photo","sizes":{"thumb":{"w":150,"h":150,"resize":"crop"},"large":{"w":2000,"h":1125,"resize":"fit"},"medium":{"w":1200,"h":675,"resize":"fit"},"small":{"w":680,"h":383,"resize":"fit"}}}]},"extended_entities":{"media":[{"id":885647587490922500,"id_str":"885647587490922496","indices":[106,129],"media_url":"http://pbs.twimg.com/media/DEpzydiUAAA0J4P.jpg","media_url_https":"https://pbs.twimg.com/media/DEpzydiUAAA0J4P.jpg","url":"https://t.co/GmO2LqHzlv","display_url":"pic.twitter.com/GmO2LqHzlv","expanded_url":"https://twitter.com/SplatoonJP/status/887688493496807424/photo/1","type":"photo","sizes":{"thumb":{"w":150,"h":150,"resize":"crop"},"large":{"w":2000,"h":1125,"resize":"fit"},"medium":{"w":1200,"h":675,"resize":"fit"},"small":{"w":680,"h":383,"resize":"fit"}}}]},"metadata":{"iso_language_code":"ja","result_type":"recent"},"source":"<a href=\"https://ads.twitter.com\" rel=\"nofollow\">Twitter Ads</a>","in_reply_to_status_id":null,"in_reply_to_status_id_str":null,"in_reply_to_user_id":null,"in_reply_to_user_id_str":null,"in_reply_to_screen_name":null,"user":{"id":2888006497,"id_str":"2888006497","name":"Splatoon（スプラトゥーン）","screen_name":"SplatoonJP","location":"","description":"『スプラトゥーン』公式総合アカウント。イカ研究所の調査報告（ゲーム情報）やお知らせをお伝えします。最新作の『スプラトゥーン2』は2017年7月21日（金）発売予定。ご質問・お問い合わせにはお答えしておりませんのでご容赦ください。 ※イカ研究所は実在の人物、団体とは一切関係ございません。","url":"https://t.co/yCMNfZlVpz","entities":{"url":{"urls":[{"url":"https://t.co/yCMNfZlVpz","expanded_url":"https://www.nintendo.co.jp/switch/aab6a/index.html","display_url":"nintendo.co.jp/switch/aab6a/i…","indices":[0,23]}]},"description":{"urls":[]}},"protected":false,"followers_count":667271,"friends_count":1,"listed_count":6487,"created_at":"Mon Nov 03 01:36:06 +0000 2014","favourites_count":0,"utc_offset":32400,"time_zone":"Tokyo","geo_enabled":false,"verified":true,"statuses_count":1477,"lang":"ja","contributors_enabled":false,"is_translator":false,"is_translation_enabled":false,"profile_background_color":"000000","profile_background_image_url":"http://pbs.twimg.com/profile_background_images/530105343452274688/WJl6dNx5.jpeg","profile_background_image_url_https":"https://pbs.twimg.com/profile_background_images/530105343452274688/WJl6dNx5.jpeg","profile_background_tile":false,"profile_image_url":"http://pbs.twimg.com/profile_images/819765217957552132/1WftJJM1_normal.jpg","profile_image_url_https":"https://pbs.twimg.com/profile_images/819765217957552132/1WftJJM1_normal.jpg","profile_banner_url":"https://pbs.twimg.com/profile_banners/2888006497/1484282224","profile_link_color":"000000","profile_sidebar_border_color":"000000","profile_sidebar_fill_color":"E3E2DE","profile_text_color":"634047","profile_use_background_image":true,"has_extended_profile":false,"default_profile":false,"default_profile_image":false,"following":false,"follow_request_sent":false,"notifications":false,"translator_type":"none"},"geo":null,"coordinates":null,"place":null,"contributors":null,"is_quote_status":false,"retweet_count":25635,"favorite_count":36144,"favorited":false,"retweeted":false,"possibly_sensitive":false,"lang":"ja"},{"created_at":"Wed Jul 19 14:27:05 +0000 2017","id":887680196064694300,"id_str":"887680196064694277","text":"おれはTBSを許さない。 https://t.co/A4qFLzmdho","truncated":false,"entities":{"hashtags":[],"symbols":[],"user_mentions":[],"urls":[],"media":[{"id":887680186463866900,"id_str":"887680186463866880","indices":[13,36],"media_url":"http://pbs.twimg.com/media/DFGsbSxU0AA20TF.jpg","media_url_https":"https://pbs.twimg.com/media/DFGsbSxU0AA20TF.jpg","url":"https://t.co/A4qFLzmdho","display_url":"pic.twitter.com/A4qFLzmdho","expanded_url":"https://twitter.com/keiya56/status/887680196064694277/photo/1","type":"photo","sizes":{"medium":{"w":1200,"h":900,"resize":"fit"},"small":{"w":680,"h":510,"resize":"fit"},"thumb":{"w":150,"h":150,"resize":"crop"},"large":{"w":2048,"h":1536,"resize":"fit"}}}]},"extended_entities":{"media":[{"id":887680186463866900,"id_str":"887680186463866880","indices":[13,36],"media_url":"http://pbs.twimg.com/media/DFGsbSxU0AA20TF.jpg","media_url_https":"https://pbs.twimg.com/media/DFGsbSxU0AA20TF.jpg","url":"https://t.co/A4qFLzmdho","display_url":"pic.twitter.com/A4qFLzmdho","expanded_url":"https://twitter.com/keiya56/status/887680196064694277/photo/1","type":"photo","sizes":{"medium":{"w":1200,"h":900,"resize":"fit"},"small":{"w":680,"h":510,"resize":"fit"},"thumb":{"w":150,"h":150,"resize":"crop"},"large":{"w":2048,"h":1536,"resize":"fit"}}},{"id":887680186455441400,"id_str":"887680186455441408","indices":[13,36],"media_url":"http://pbs.twimg.com/media/DFGsbSvUQAAYlIc.jpg","media_url_https":"https://pbs.twimg.com/media/DFGsbSvUQAAYlIc.jpg","url":"https://t.co/A4qFLzmdho","display_url":"pic.twitter.com/A4qFLzmdho","expanded_url":"https://twitter.com/keiya56/status/887680196064694277/photo/1","type":"photo","sizes":{"small":{"w":510,"h":680,"resize":"fit"},"thumb":{"w":150,"h":150,"resize":"crop"},"large":{"w":1024,"h":1366,"resize":"fit"},"medium":{"w":900,"h":1200,"resize":"fit"}}}]},"metadata":{"iso_language_code":"ja","result_type":"recent"},"source":"<a href=\"http://twitter.com/download/iphone\" rel=\"nofollow\">Twitter for iPhone</a>","in_reply_to_status_id":null,"in_reply_to_status_id_str":null,"in_reply_to_user_id":null,"in_reply_to_user_id_str":null,"in_reply_to_screen_name":null,"user":{"id":1702626020,"id_str":"1702626020","name":"井上敬弥","screen_name":"keiya56","location":"山野69-5","description":"永遠のカリスマ","url":"https://t.co/93cwaSyJ9h","entities":{"url":{"urls":[{"url":"https://t.co/93cwaSyJ9h","expanded_url":"http://Instagram.com/keiya56","display_url":"Instagram.com/keiya56","indices":[0,23]}]},"description":{"urls":[]}},"protected":false,"followers_count":2479,"friends_count":1034,"listed_count":2,"created_at":"Mon Aug 26 18:29:31 +0000 2013","favourites_count":11242,"utc_offset":null,"time_zone":null,"geo_enabled":true,"verified":false,"statuses_count":787,"lang":"ja","contributors_enabled":false,"is_translator":false,"is_translation_enabled":false,"profile_background_color":"C0DEED","profile_background_image_url":"http://abs.twimg.com/images/themes/theme1/bg.png","profile_background_image_url_https":"https://abs.twimg.com/images/themes/theme1/bg.png","profile_background_tile":false,"profile_image_url":"http://pbs.twimg.com/profile_images/887685096613879808/S1jO9pWq_normal.jpg","profile_image_url_https":"https://pbs.twimg.com/profile_images/887685096613879808/S1jO9pWq_normal.jpg","profile_banner_url":"https://pbs.twimg.com/profile_banners/1702626020/1498355692","profile_link_color":"1DA1F2","profile_sidebar_border_color":"C0DEED","profile_sidebar_fill_color":"DDEEF6","profile_text_color":"333333","profile_use_background_image":true,"has_extended_profile":true,"default_profile":true,"default_profile_image":false,"following":false,"follow_request_sent":false,"notifications":false,"translator_type":"none"},"geo":null,"coordinates":null,"place":null,"contributors":null,"is_quote_status":false,"retweet_count":38459,"favorite_count":46858,"favorited":false,"retweeted":false,"possibly_sensitive":true,"lang":"ja"},{"created_at":"Wed Jul 19 13:43:12 +0000 2017","id":887669150176247800,"id_str":"887669150176247810","text":"身を削る https://t.co/Lidxd3x7Qi","truncated":false,"entities":{"hashtags":[],"symbols":[],"user_mentions":[],"urls":[],"media":[{"id":887668950271537200,"id_str":"887668950271537153","indices":[5,28],"media_url":"http://pbs.twimg.com/media/DFGiNQsUMAEhGl0.jpg","media_url_https":"https://pbs.twimg.com/media/DFGiNQsUMAEhGl0.jpg","url":"https://t.co/Lidxd3x7Qi","display_url":"pic.twitter.com/Lidxd3x7Qi","expanded_url":"https://twitter.com/avogado6/status/887669150176247810/photo/1","type":"photo","sizes":{"small":{"w":680,"h":680,"resize":"fit"},"thumb":{"w":150,"h":150,"resize":"crop"},"large":{"w":800,"h":800,"resize":"fit"},"medium":{"w":800,"h":800,"resize":"fit"}}}]},"extended_entities":{"media":[{"id":887668950271537200,"id_str":"887668950271537153","indices":[5,28],"media_url":"http://pbs.twimg.com/media/DFGiNQsUMAEhGl0.jpg","media_url_https":"https://pbs.twimg.com/media/DFGiNQsUMAEhGl0.jpg","url":"https://t.co/Lidxd3x7Qi","display_url":"pic.twitter.com/Lidxd3x7Qi","expanded_url":"https://twitter.com/avogado6/status/887669150176247810/photo/1","type":"photo","sizes":{"small":{"w":680,"h":680,"resize":"fit"},"thumb":{"w":150,"h":150,"resize":"crop"},"large":{"w":800,"h":800,"resize":"fit"},"medium":{"w":800,"h":800,"resize":"fit"}}}]},"metadata":{"iso_language_code":"ja","result_type":"recent"},"source":"<a href=\"http://twitter.com\" rel=\"nofollow\">Twitter Web Client</a>","in_reply_to_status_id":null,"in_reply_to_status_id_str":null,"in_reply_to_user_id":null,"in_reply_to_user_id_str":null,"in_reply_to_screen_name":null,"user":{"id":324391547,"id_str":"324391547","name":"アボガド6","screen_name":"avogado6","location":"","description":"化学が好きな一般人です。映像作品とか創ってます。http://t.co/ipBsbge0ll","url":"http://t.co/EiHogSmY2Z","entities":{"url":{"urls":[{"url":"http://t.co/EiHogSmY2Z","expanded_url":"http://avogado6.wix.com/6022e-plus20","display_url":"avogado6.wix.com/6022e-plus20","indices":[0,22]}]},"description":{"urls":[{"url":"http://t.co/ipBsbge0ll","expanded_url":"http://www.nicovideo.jp/mylist/28725264","display_url":"nicovideo.jp/mylist/28725264","indices":[24,46]}]}},"protected":false,"followers_count":229900,"friends_count":27,"listed_count":1917,"created_at":"Sun Jun 26 14:46:50 +0000 2011","favourites_count":36,"utc_offset":-25200,"time_zone":"Pacific Time (US & Canada)","geo_enabled":false,"verified":false,"statuses_count":3212,"lang":"ja","contributors_enabled":false,"is_translator":false,"is_translation_enabled":false,"profile_background_color":"000000","profile_background_image_url":"http://pbs.twimg.com/profile_background_images/873958585/01311c34236282338aeee06442317e97.jpeg","profile_background_image_url_https":"https://pbs.twimg.com/profile_background_images/873958585/01311c34236282338aeee06442317e97.jpeg","profile_background_tile":false,"profile_image_url":"http://pbs.twimg.com/profile_images/715865999673675777/imuBDN9A_normal.jpg","profile_image_url_https":"https://pbs.twimg.com/profile_images/715865999673675777/imuBDN9A_normal.jpg","profile_banner_url":"https://pbs.twimg.com/profile_banners/324391547/1431398698","profile_link_color":"8F0072","profile_sidebar_border_color":"FFFFFF","profile_sidebar_fill_color":"FFFFFF","profile_text_color":"333333","profile_use_background_image":true,"has_extended_profile":false,"default_profile":false,"default_profile_image":false,"following":false,"follow_request_sent":false,"notifications":false,"translator_type":"none"},"geo":null,"coordinates":null,"place":null,"contributors":null,"is_quote_status":false,"retweet_count":7263,"favorite_count":24866,"favorited":false,"retweeted":false,"possibly_sensitive":false,"lang":"ja"},{"created_at":"Wed Jul 19 13:30:15 +0000 2017","id":887665893399867400,"id_str":"887665893399867393","text":"懐かしいひとが描きたくなったので🐻 https://t.co/M1whQHLDkP","truncated":false,"entities":{"hashtags":[],"symbols":[],"user_mentions":[],"urls":[],"media":[{"id":887665550670798800,"id_str":"887665550670798848","indices":[18,41],"media_url":"http://pbs.twimg.com/media/DFGfHYMVoAAxc37.jpg","media_url_https":"https://pbs.twimg.com/media/DFGfHYMVoAAxc37.jpg","url":"https://t.co/M1whQHLDkP","display_url":"pic.twitter.com/M1whQHLDkP","expanded_url":"https://twitter.com/kilacco/status/887665893399867393/photo/1","type":"photo","sizes":{"medium":{"w":526,"h":741,"resize":"fit"},"thumb":{"w":150,"h":150,"resize":"crop"},"large":{"w":526,"h":741,"resize":"fit"},"small":{"w":483,"h":680,"resize":"fit"}}}]},"extended_entities":{"media":[{"id":887665550670798800,"id_str":"887665550670798848","indices":[18,41],"media_url":"http://pbs.twimg.com/media/DFGfHYMVoAAxc37.jpg","media_url_https":"https://pbs.twimg.com/media/DFGfHYMVoAAxc37.jpg","url":"https://t.co/M1whQHLDkP","display_url":"pic.twitter.com/M1whQHLDkP","expanded_url":"https://twitter.com/kilacco/status/887665893399867393/photo/1","type":"photo","sizes":{"medium":{"w":526,"h":741,"resize":"fit"},"thumb":{"w":150,"h":150,"resize":"crop"},"large":{"w":526,"h":741,"resize":"fit"},"small":{"w":483,"h":680,"resize":"fit"}}}]},"metadata":{"iso_language_code":"ja","result_type":"recent"},"source":"<a href=\"https://about.twitter.com/products/tweetdeck\" rel=\"nofollow\">TweetDeck</a>","in_reply_to_status_id":null,"in_reply_to_status_id_str":null,"in_reply_to_user_id":null,"in_reply_to_user_id_str":null,"in_reply_to_screen_name":null,"user":{"id":73876548,"id_str":"73876548","name":"🐰狗神煌🐰３日目A08a","screen_name":"kilacco","location":"","description":"◆狗神煌。フリーの絵描き◆DM・リプ有難く拝見しております。お返事は出来てないですすいません😢◆腐のほう@ki0u014 （プロフ必読）◆","url":"https://t.co/sZWzOBRsgi","entities":{"url":{"urls":[{"url":"https://t.co/sZWzOBRsgi","expanded_url":"http://kilacoro.chu.jp","display_url":"kilacoro.chu.jp","indices":[0,23]}]},"description":{"urls":[]}},"protected":false,"followers_count":91702,"friends_count":47795,"listed_count":2929,"created_at":"Sun Sep 13 12:49:51 +0000 2009","favourites_count":2017,"utc_offset":32400,"time_zone":"Tokyo","geo_enabled":false,"verified":false,"statuses_count":15411,"lang":"ja","contributors_enabled":false,"is_translator":false,"is_translation_enabled":false,"profile_background_color":"0D0005","profile_background_image_url":"http://pbs.twimg.com/profile_background_images/397521112/____A.jpg","profile_background_image_url_https":"https://pbs.twimg.com/profile_background_images/397521112/____A.jpg","profile_background_tile":true,"profile_image_url":"http://pbs.twimg.com/profile_images/814441522145808384/3I-8W9R6_normal.jpg","profile_image_url_https":"https://pbs.twimg.com/profile_images/814441522145808384/3I-8W9R6_normal.jpg","profile_banner_url":"https://pbs.twimg.com/profile_banners/73876548/1445545396","profile_link_color":"AD617A","profile_sidebar_border_color":"FFFFFF","profile_sidebar_fill_color":"471626","profile_text_color":"CFBFC3","profile_use_background_image":true,"has_extended_profile":false,"default_profile":false,"default_profile_image":false,"following":false,"follow_request_sent":false,"notifications":false,"translator_type":"none"},"geo":null,"coordinates":null,"place":null,"contributors":null,"is_quote_status":false,"retweet_count":5955,"favorite_count":9763,"favorited":false,"retweeted":false,"possibly_sensitive":false,"lang":"ja"},{"created_at":"Wed Jul 19 12:59:50 +0000 2017","id":887658238539292700,"id_str":"887658238539292672","text":"LINEの新機能ものすごい既視感あると思ったんだけど、これ「デコメ」では？？？(2000年代生まれには伝わらない) https://t.co/8Sh1HEWCUK","truncated":false,"entities":{"hashtags":[],"symbols":[],"user_mentions":[],"urls":[],"media":[{"id":887658230498836500,"id_str":"887658230498836481","indices":[58,81],"media_url":"http://pbs.twimg.com/media/DFGYdSbVwAEWuND.jpg","media_url_https":"https://pbs.twimg.com/media/DFGYdSbVwAEWuND.jpg","url":"https://t.co/8Sh1HEWCUK","display_url":"pic.twitter.com/8Sh1HEWCUK","expanded_url":"https://twitter.com/karaageBBQ/status/887658238539292672/photo/1","type":"photo","sizes":{"large":{"w":749,"h":1092,"resize":"fit"},"small":{"w":466,"h":680,"resize":"fit"},"thumb":{"w":150,"h":150,"resize":"crop"},"medium":{"w":749,"h":1092,"resize":"fit"}}}]},"extended_entities":{"media":[{"id":887658230498836500,"id_str":"887658230498836481","indices":[58,81],"media_url":"http://pbs.twimg.com/media/DFGYdSbVwAEWuND.jpg","media_url_https":"https://pbs.twimg.com/media/DFGYdSbVwAEWuND.jpg","url":"https://t.co/8Sh1HEWCUK","display_url":"pic.twitter.com/8Sh1HEWCUK","expanded_url":"https://twitter.com/karaageBBQ/status/887658238539292672/photo/1","type":"photo","sizes":{"large":{"w":749,"h":1092,"resize":"fit"},"small":{"w":466,"h":680,"resize":"fit"},"thumb":{"w":150,"h":150,"resize":"crop"},"medium":{"w":749,"h":1092,"resize":"fit"}}},{"id":887658230456778800,"id_str":"887658230456778753","indices":[58,81],"media_url":"http://pbs.twimg.com/media/DFGYdSRUAAERRRE.jpg","media_url_https":"https://pbs.twimg.com/media/DFGYdSRUAAERRRE.jpg","url":"https://t.co/8Sh1HEWCUK","display_url":"pic.twitter.com/8Sh1HEWCUK","expanded_url":"https://twitter.com/karaageBBQ/status/887658238539292672/photo/1","type":"photo","sizes":{"large":{"w":750,"h":1245,"resize":"fit"},"thumb":{"w":150,"h":150,"resize":"crop"},"medium":{"w":723,"h":1200,"resize":"fit"},"small":{"w":410,"h":680,"resize":"fit"}}},{"id":887658230469414900,"id_str":"887658230469414912","indices":[58,81],"media_url":"http://pbs.twimg.com/media/DFGYdSUU0AARivf.jpg","media_url_https":"https://pbs.twimg.com/media/DFGYdSUU0AARivf.jpg","url":"https://t.co/8Sh1HEWCUK","display_url":"pic.twitter.com/8Sh1HEWCUK","expanded_url":"https://twitter.com/karaageBBQ/status/887658238539292672/photo/1","type":"photo","sizes":{"small":{"w":240,"h":400,"resize":"fit"},"medium":{"w":240,"h":400,"resize":"fit"},"thumb":{"w":150,"h":150,"resize":"crop"},"large":{"w":240,"h":400,"resize":"fit"}}},{"id":887658230465273900,"id_str":"887658230465273856","indices":[58,81],"media_url":"http://pbs.twimg.com/media/DFGYdSTVoAA-TPF.jpg","media_url_https":"https://pbs.twimg.com/media/DFGYdSTVoAA-TPF.jpg","url":"https://t.co/8Sh1HEWCUK","display_url":"pic.twitter.com/8Sh1HEWCUK","expanded_url":"https://twitter.com/karaageBBQ/status/887658238539292672/photo/1","type":"photo","sizes":{"large":{"w":750,"h":1334,"resize":"fit"},"medium":{"w":675,"h":1200,"resize":"fit"},"thumb":{"w":150,"h":150,"resize":"crop"},"small":{"w":382,"h":680,"resize":"fit"}}}]},"metadata":{"iso_language_code":"ja","result_type":"recent"},"source":"<a href=\"http://twitter.com/download/iphone\" rel=\"nofollow\">Twitter for iPhone</a>","in_reply_to_status_id":null,"in_reply_to_status_id_str":null,"in_reply_to_user_id":null,"in_reply_to_user_id_str":null,"in_reply_to_screen_name":null,"user":{"id":3054342583,"id_str":"3054342583","name":"るるるるるる","screen_name":"karaageBBQ","location":"","description":"東京外国語大学 ヒンディー語 3rd","url":null,"entities":{"description":{"urls":[]}},"protected":false,"followers_count":665,"friends_count":531,"listed_count":5,"created_at":"Mon Mar 02 02:22:50 +0000 2015","favourites_count":7161,"utc_offset":32400,"time_zone":"Tokyo","geo_enabled":true,"verified":false,"statuses_count":1748,"lang":"ja","contributors_enabled":false,"is_translator":false,"is_translation_enabled":false,"profile_background_color":"C0DEED","profile_background_image_url":"http://abs.twimg.com/images/themes/theme1/bg.png","profile_background_image_url_https":"https://abs.twimg.com/images/themes/theme1/bg.png","profile_background_tile":false,"profile_image_url":"http://pbs.twimg.com/profile_images/684094736387276800/Uvuve6zC_normal.jpg","profile_image_url_https":"https://pbs.twimg.com/profile_images/684094736387276800/Uvuve6zC_normal.jpg","profile_banner_url":"https://pbs.twimg.com/profile_banners/3054342583/1425647243","profile_link_color":"1DA1F2","profile_sidebar_border_color":"C0DEED","profile_sidebar_fill_color":"DDEEF6","profile_text_color":"333333","profile_use_background_image":true,"has_extended_profile":false,"default_profile":true,"default_profile_image":false,"following":false,"follow_request_sent":false,"notifications":false,"translator_type":"none"},"geo":null,"coordinates":null,"place":null,"contributors":null,"is_quote_status":false,"retweet_count":38890,"favorite_count":36522,"favorited":false,"retweeted":false,"possibly_sensitive":false,"lang":"ja"},{"created_at":"Wed Jul 19 12:57:15 +0000 2017","id":887657589013532700,"id_str":"887657589013532673","text":"真夏の春日部 https://t.co/DphjApK8qi","truncated":false,"entities":{"hashtags":[],"symbols":[],"user_mentions":[],"urls":[],"media":[{"id":887657509435064300,"id_str":"887657509435064321","indices":[7,30],"media_url":"http://pbs.twimg.com/media/DFGXzUQVwAEq2EC.jpg","media_url_https":"https://pbs.twimg.com/media/DFGXzUQVwAEq2EC.jpg","url":"https://t.co/DphjApK8qi","display_url":"pic.twitter.com/DphjApK8qi","expanded_url":"https://twitter.com/inzektor_d/status/887657589013532673/photo/1","type":"photo","sizes":{"small":{"w":306,"h":680,"resize":"fit"},"thumb":{"w":150,"h":150,"resize":"crop"},"medium":{"w":540,"h":1200,"resize":"fit"},"large":{"w":900,"h":2000,"resize":"fit"}}}]},"extended_entities":{"media":[{"id":887657509435064300,"id_str":"887657509435064321","indices":[7,30],"media_url":"http://pbs.twimg.com/media/DFGXzUQVwAEq2EC.jpg","media_url_https":"https://pbs.twimg.com/media/DFGXzUQVwAEq2EC.jpg","url":"https://t.co/DphjApK8qi","display_url":"pic.twitter.com/DphjApK8qi","expanded_url":"https://twitter.com/inzektor_d/status/887657589013532673/photo/1","type":"photo","sizes":{"small":{"w":306,"h":680,"resize":"fit"},"thumb":{"w":150,"h":150,"resize":"crop"},"medium":{"w":540,"h":1200,"resize":"fit"},"large":{"w":900,"h":2000,"resize":"fit"}}}]},"metadata":{"iso_language_code":"ja","result_type":"recent"},"source":"<a href=\"http://twitter.com\" rel=\"nofollow\">Twitter Web Client</a>","in_reply_to_status_id":null,"in_reply_to_status_id_str":null,"in_reply_to_user_id":null,"in_reply_to_user_id_str":null,"in_reply_to_screen_name":null,"user":{"id":404902995,"id_str":"404902995","name":"S4","screen_name":"inzektor_d","location":"甲虫装機基地大阪支部","description":"使用デッキは甲虫装機メイン、絵は色々描きたい","url":"http://t.co/bYu1qOKPuv","entities":{"url":{"urls":[{"url":"http://t.co/bYu1qOKPuv","expanded_url":"http://www.pixiv.net/member.php?id=5292827","display_url":"pixiv.net/member.php?id=…","indices":[0,22]}]},"description":{"urls":[]}},"protected":false,"followers_count":5423,"friends_count":287,"listed_count":93,"created_at":"Fri Nov 04 15:33:28 +0000 2011","favourites_count":698,"utc_offset":-36000,"time_zone":"Hawaii","geo_enabled":false,"verified":false,"statuses_count":4457,"lang":"ja","contributors_enabled":false,"is_translator":false,"is_translation_enabled":false,"profile_background_color":"000000","profile_background_image_url":"http://abs.twimg.com/images/themes/theme1/bg.png","profile_background_image_url_https":"https://abs.twimg.com/images/themes/theme1/bg.png","profile_background_tile":false,"profile_image_url":"http://pbs.twimg.com/profile_images/602361838366396416/k1ZP-nLe_normal.png","profile_image_url_https":"https://pbs.twimg.com/profile_images/602361838366396416/k1ZP-nLe_normal.png","profile_banner_url":"https://pbs.twimg.com/profile_banners/404902995/1432444253","profile_link_color":"4A913C","profile_sidebar_border_color":"000000","profile_sidebar_fill_color":"000000","profile_text_color":"000000","profile_use_background_image":false,"has_extended_profile":false,"default_profile":false,"default_profile_image":false,"following":false,"follow_request_sent":false,"notifications":false,"translator_type":"none"},"geo":null,"coordinates":null,"place":null,"contributors":null,"is_quote_status":false,"retweet_count":6731,"favorite_count":8444,"favorited":false,"retweeted":false,"possibly_sensitive":false,"lang":"ja"},{"created_at":"Wed Jul 19 12:50:54 +0000 2017","id":887655989553397800,"id_str":"887655989553397760","text":"#過保護のカホコ糸ちゃんおこ \n\n初君は今日スーツ着てるらしいよ☺️\nさて、なんのバイトでしょう⁉︎ https://t.co/Pw2HMknPuF","truncated":false,"entities":{"hashtags":[{"text":"過保護のカホコ糸ちゃんおこ","indices":[0,14]}],"symbols":[],"user_mentions":[],"urls":[],"media":[{"id":887655970364469200,"id_str":"887655970364469249","indices":[51,74],"media_url":"http://pbs.twimg.com/media/DFGWZuxUMAE97VP.jpg","media_url_https":"https://pbs.twimg.com/media/DFGWZuxUMAE97VP.jpg","url":"https://t.co/Pw2HMknPuF","display_url":"pic.twitter.com/Pw2HMknPuF","expanded_url":"https://twitter.com/takeuchi_ryoma/status/887655989553397760/photo/1","type":"photo","sizes":{"medium":{"w":900,"h":1200,"resize":"fit"},"small":{"w":510,"h":680,"resize":"fit"},"thumb":{"w":150,"h":150,"resize":"crop"},"large":{"w":1536,"h":2048,"resize":"fit"}}}]},"extended_entities":{"media":[{"id":887655970364469200,"id_str":"887655970364469249","indices":[51,74],"media_url":"http://pbs.twimg.com/media/DFGWZuxUMAE97VP.jpg","media_url_https":"https://pbs.twimg.com/media/DFGWZuxUMAE97VP.jpg","url":"https://t.co/Pw2HMknPuF","display_url":"pic.twitter.com/Pw2HMknPuF","expanded_url":"https://twitter.com/takeuchi_ryoma/status/887655989553397760/photo/1","type":"photo","sizes":{"medium":{"w":900,"h":1200,"resize":"fit"},"small":{"w":510,"h":680,"resize":"fit"},"thumb":{"w":150,"h":150,"resize":"crop"},"large":{"w":1536,"h":2048,"resize":"fit"}}}]},"metadata":{"iso_language_code":"ja","result_type":"recent"},"source":"<a href=\"http://twitter.com/download/iphone\" rel=\"nofollow\">Twitter for iPhone</a>","in_reply_to_status_id":null,"in_reply_to_status_id_str":null,"in_reply_to_user_id":null,"in_reply_to_user_id_str":null,"in_reply_to_screen_name":null,"user":{"id":2816575188,"id_str":"2816575188","name":"竹内涼真","screen_name":"takeuchi_ryoma","location":"","description":"竹内涼真オフィシャルアカウント ホリプロ所属 【竹内涼真携帯サイト】https://t.co/bHz3ujZU4w","url":"https://t.co/BInSeW6RrS","entities":{"url":{"urls":[{"url":"https://t.co/BInSeW6RrS","expanded_url":"http://www.horipro.co.jp/takeuchiryoma/","display_url":"horipro.co.jp/takeuchiryoma/","indices":[0,23]}]},"description":{"urls":[{"url":"https://t.co/bHz3ujZU4w","expanded_url":"http://goo.gl/Kfd42k","display_url":"goo.gl/Kfd42k","indices":[34,57]}]}},"protected":false,"followers_count":896103,"friends_count":177,"listed_count":2382,"created_at":"Thu Sep 18 08:13:38 +0000 2014","favourites_count":2265,"utc_offset":32400,"time_zone":"Tokyo","geo_enabled":false,"verified":true,"statuses_count":3950,"lang":"ja","contributors_enabled":false,"is_translator":false,"is_translation_enabled":false,"profile_background_color":"C0DEED","profile_background_image_url":"http://abs.twimg.com/images/themes/theme1/bg.png","profile_background_image_url_https":"https://abs.twimg.com/images/themes/theme1/bg.png","profile_background_tile":false,"profile_image_url":"http://pbs.twimg.com/profile_images/884783756246044672/ksy7UW1A_normal.jpg","profile_image_url_https":"https://pbs.twimg.com/profile_images/884783756246044672/ksy7UW1A_normal.jpg","profile_banner_url":"https://pbs.twimg.com/profile_banners/2816575188/1485176560","profile_link_color":"1DA1F2","profile_sidebar_border_color":"C0DEED","profile_sidebar_fill_color":"DDEEF6","profile_text_color":"333333","profile_use_background_image":true,"has_extended_profile":true,"default_profile":true,"default_profile_image":false,"following":false,"follow_request_sent":false,"notifications":false,"translator_type":"none"},"geo":null,"coordinates":null,"place":null,"contributors":null,"is_quote_status":false,"retweet_count":7185,"favorite_count":67244,"favorited":false,"retweeted":false,"possibly_sensitive":false,"lang":"ja"},{"created_at":"Wed Jul 19 12:39:59 +0000 2017","id":887653243488133100,"id_str":"887653243488133120","text":"レジャランで撮ったプリ画📸\n大変良く盛れました💮 https://t.co/9aJM9bBZYB","truncated":false,"entities":{"hashtags":[],"symbols":[],"user_mentions":[],"urls":[],"media":[{"id":887653225519661000,"id_str":"887653225519661057","indices":[25,48],"media_url":"http://pbs.twimg.com/media/DFGT59bUQAEOEAS.jpg","media_url_https":"https://pbs.twimg.com/media/DFGT59bUQAEOEAS.jpg","url":"https://t.co/9aJM9bBZYB","display_url":"pic.twitter.com/9aJM9bBZYB","expanded_url":"https://twitter.com/boc_chama/status/887653243488133120/photo/1","type":"photo","sizes":{"large":{"w":1000,"h":1200,"resize":"fit"},"thumb":{"w":150,"h":150,"resize":"crop"},"small":{"w":567,"h":680,"resize":"fit"},"medium":{"w":1000,"h":1200,"resize":"fit"}}}]},"extended_entities":{"media":[{"id":887653225519661000,"id_str":"887653225519661057","indices":[25,48],"media_url":"http://pbs.twimg.com/media/DFGT59bUQAEOEAS.jpg","media_url_https":"https://pbs.twimg.com/media/DFGT59bUQAEOEAS.jpg","url":"https://t.co/9aJM9bBZYB","display_url":"pic.twitter.com/9aJM9bBZYB","expanded_url":"https://twitter.com/boc_chama/status/887653243488133120/photo/1","type":"photo","sizes":{"large":{"w":1000,"h":1200,"resize":"fit"},"thumb":{"w":150,"h":150,"resize":"crop"},"small":{"w":567,"h":680,"resize":"fit"},"medium":{"w":1000,"h":1200,"resize":"fit"}}}]},"metadata":{"iso_language_code":"ja","result_type":"recent"},"source":"<a href=\"http://twitter.com/download/iphone\" rel=\"nofollow\">Twitter for iPhone</a>","in_reply_to_status_id":null,"in_reply_to_status_id_str":null,"in_reply_to_user_id":null,"in_reply_to_user_id_str":null,"in_reply_to_screen_name":null,"user":{"id":1356286430,"id_str":"1356286430","name":"CHAMA","screen_name":"boc_chama","location":"","description":"BUMP OF CHICKENのBASS担当のCHAMAです。TRANSFORMERSが大好きです。","url":null,"entities":{"description":{"urls":[]}},"protected":false,"followers_count":560732,"friends_count":1,"listed_count":4222,"created_at":"Tue Apr 16 07:29:08 +0000 2013","favourites_count":0,"utc_offset":28800,"time_zone":"Irkutsk","geo_enabled":false,"verified":true,"statuses_count":1010,"lang":"ja","contributors_enabled":false,"is_translator":false,"is_translation_enabled":false,"profile_background_color":"000000","profile_background_image_url":"http://pbs.twimg.com/profile_background_images/450626747449348096/rM88qM3c.jpeg","profile_background_image_url_https":"https://pbs.twimg.com/profile_background_images/450626747449348096/rM88qM3c.jpeg","profile_background_tile":false,"profile_image_url":"http://pbs.twimg.com/profile_images/542521509705576448/0bvm0b-I_normal.jpeg","profile_image_url_https":"https://pbs.twimg.com/profile_images/542521509705576448/0bvm0b-I_normal.jpeg","profile_banner_url":"https://pbs.twimg.com/profile_banners/1356286430/1418182183","profile_link_color":"000000","profile_sidebar_border_color":"000000","profile_sidebar_fill_color":"DDEEF6","profile_text_color":"333333","profile_use_background_image":true,"has_extended_profile":false,"default_profile":false,"default_profile_image":false,"following":false,"follow_request_sent":false,"notifications":false,"translator_type":"none"},"geo":null,"coordinates":null,"place":null,"contributors":null,"is_quote_status":false,"retweet_count":19173,"favorite_count":57873,"favorited":false,"retweeted":false,"possibly_sensitive":false,"lang":"ja"},{"created_at":"Wed Jul 19 12:39:30 +0000 2017","id":887653120217497600,"id_str":"887653120217497600","text":"真夏の清姫＆マリーです　#FGO https://t.co/eq2zjg3NBp","truncated":false,"entities":{"hashtags":[{"text":"FGO","indices":[12,16]}],"symbols":[],"user_mentions":[],"urls":[],"media":[{"id":887653117117947900,"id_str":"887653117117947905","indices":[17,40],"media_url":"http://pbs.twimg.com/media/DFGTzpmVYAE8JdC.jpg","media_url_https":"https://pbs.twimg.com/media/DFGTzpmVYAE8JdC.jpg","url":"https://t.co/eq2zjg3NBp","display_url":"pic.twitter.com/eq2zjg3NBp","expanded_url":"https://twitter.com/InaedaKei/status/887653120217497600/photo/1","type":"photo","sizes":{"large":{"w":850,"h":770,"resize":"fit"},"small":{"w":680,"h":616,"resize":"fit"},"thumb":{"w":150,"h":150,"resize":"crop"},"medium":{"w":850,"h":770,"resize":"fit"}}}]},"extended_entities":{"media":[{"id":887653117117947900,"id_str":"887653117117947905","indices":[17,40],"media_url":"http://pbs.twimg.com/media/DFGTzpmVYAE8JdC.jpg","media_url_https":"https://pbs.twimg.com/media/DFGTzpmVYAE8JdC.jpg","url":"https://t.co/eq2zjg3NBp","display_url":"pic.twitter.com/eq2zjg3NBp","expanded_url":"https://twitter.com/InaedaKei/status/887653120217497600/photo/1","type":"photo","sizes":{"large":{"w":850,"h":770,"resize":"fit"},"small":{"w":680,"h":616,"resize":"fit"},"thumb":{"w":150,"h":150,"resize":"crop"},"medium":{"w":850,"h":770,"resize":"fit"}}}]},"metadata":{"iso_language_code":"ja","result_type":"recent"},"source":"<a href=\"http://janetter.net/\" rel=\"nofollow\">Janetter</a>","in_reply_to_status_id":null,"in_reply_to_status_id_str":null,"in_reply_to_user_id":null,"in_reply_to_user_id_str":null,"in_reply_to_screen_name":null,"user":{"id":108972298,"id_str":"108972298","name":"稲枝田","screen_name":"InaedaKei","location":"最近は異世界迷宮の最深部を目指そうが好きですو","description":"湯蚤https://t.co/BMCcytroOI   いぶそう・リゼロ・ニンジャヘッズ 　リクボhttps://t.co/UZAJ3DIQl6","url":"http://t.co/WmbHUbAlh2","entities":{"url":{"urls":[{"url":"http://t.co/WmbHUbAlh2","expanded_url":"http://www.pixiv.net/member.php?id=50629","display_url":"pixiv.net/member.php?id=…","indices":[0,22]}]},"description":{"urls":[{"url":"https://t.co/BMCcytroOI","expanded_url":"http://younomi.tumblr.com","display_url":"younomi.tumblr.com","indices":[2,25]},{"url":"https://t.co/UZAJ3DIQl6","expanded_url":"https://docs.google.com/forms/d/e/1FAIpQLSdoHFxeNLJAI_bIymgIr7eoIC7qBbsZmlCvUMG8pecAWAG10A/viewform#responses","display_url":"docs.google.com/forms/d/e/1FAI…","indices":[49,72]}]}},"protected":false,"followers_count":8372,"friends_count":452,"listed_count":240,"created_at":"Wed Jan 27 15:36:18 +0000 2010","favourites_count":15423,"utc_offset":32400,"time_zone":"Tokyo","geo_enabled":false,"verified":false,"statuses_count":61264,"lang":"ja","contributors_enabled":false,"is_translator":false,"is_translation_enabled":false,"profile_background_color":"B8A2AC","profile_background_image_url":"http://pbs.twimg.com/profile_background_images/848836407/f27c275d788791a5fd0e60060579e764.jpeg","profile_background_image_url_https":"https://pbs.twimg.com/profile_background_images/848836407/f27c275d788791a5fd0e60060579e764.jpeg","profile_background_tile":false,"profile_image_url":"http://pbs.twimg.com/profile_images/797767117298802688/AejMxaeu_normal.jpg","profile_image_url_https":"https://pbs.twimg.com/profile_images/797767117298802688/AejMxaeu_normal.jpg","profile_banner_url":"https://pbs.twimg.com/profile_banners/108972298/1482416896","profile_link_color":"ABB8C2","profile_sidebar_border_color":"000000","profile_sidebar_fill_color":"DDEEF6","profile_text_color":"333333","profile_use_background_image":true,"has_extended_profile":false,"default_profile":false,"default_profile_image":false,"following":false,"follow_request_sent":false,"notifications":false,"translator_type":"none"},"geo":null,"coordinates":null,"place":null,"contributors":null,"is_quote_status":false,"retweet_count":7532,"favorite_count":17714,"favorited":false,"retweeted":false,"possibly_sensitive":false,"lang":"ja"},{"created_at":"Wed Jul 19 12:16:14 +0000 2017","id":887647267523502100,"id_str":"887647267523502081","text":"今週号の感想ありがとう！来週で最終回です！巻頭カラー48P！最後までよろしくっ！","truncated":false,"entities":{"hashtags":[],"symbols":[],"user_mentions":[],"urls":[]},"metadata":{"iso_language_code":"ja","result_type":"recent"},"source":"<a href=\"http://twitter.com/download/iphone\" rel=\"nofollow\">Twitter for iPhone</a>","in_reply_to_status_id":null,"in_reply_to_status_id_str":null,"in_reply_to_user_id":null,"in_reply_to_user_id_str":null,"in_reply_to_screen_name":null,"user":{"id":591755629,"id_str":"591755629","name":"真島ヒロ","screen_name":"hiro_mashima","location":"東京都","description":"FAIRYTAIL作者の真島ヒロです。全員に返信はできませんが、超不定期できまぐれに返信します。応援してくれてる人全てに感謝です。","url":null,"entities":{"description":{"urls":[]}},"protected":false,"followers_count":1226096,"friends_count":146,"listed_count":4843,"created_at":"Sun May 27 11:37:44 +0000 2012","favourites_count":4,"utc_offset":28800,"time_zone":"Irkutsk","geo_enabled":false,"verified":true,"statuses_count":6067,"lang":"ja","contributors_enabled":false,"is_translator":false,"is_translation_enabled":false,"profile_background_color":"C0DEED","profile_background_image_url":"http://pbs.twimg.com/profile_background_images/825634034/d608eb2903db4aa04e8d4bbbf77f0e8c.png","profile_background_image_url_https":"https://pbs.twimg.com/profile_background_images/825634034/d608eb2903db4aa04e8d4bbbf77f0e8c.png","profile_background_tile":true,"profile_image_url":"http://pbs.twimg.com/profile_images/660495023075561472/hNe_UBMn_normal.png","profile_image_url_https":"https://pbs.twimg.com/profile_images/660495023075561472/hNe_UBMn_normal.png","profile_banner_url":"https://pbs.twimg.com/profile_banners/591755629/1490431315","profile_link_color":"0084B4","profile_sidebar_border_color":"FFFFFF","profile_sidebar_fill_color":"DDEEF6","profile_text_color":"333333","profile_use_background_image":true,"has_extended_profile":false,"default_profile":false,"default_profile_image":false,"following":false,"follow_request_sent":false,"notifications":false,"translator_type":"none"},"geo":null,"coordinates":null,"place":null,"contributors":null,"is_quote_status":false,"retweet_count":6111,"favorite_count":15353,"favorited":false,"retweeted":false,"lang":"ja"},{"created_at":"Wed Jul 19 12:13:31 +0000 2017","id":887646581549178900,"id_str":"887646581549178880","text":"アイラブユー／創作男女。\n(冗談にしないと好きが伝えられない女の子と、\nそんな女の子から本気のすきが欲しい男の子の話。) https://t.co/FP2yBdNV1K","truncated":false,"entities":{"hashtags":[],"symbols":[],"user_mentions":[],"urls":[],"media":[{"id":887646419049365500,"id_str":"887646419049365504","indices":[61,84],"media_url":"http://pbs.twimg.com/media/DFGNtxWVwAAuUTC.jpg","media_url_https":"https://pbs.twimg.com/media/DFGNtxWVwAAuUTC.jpg","url":"https://t.co/FP2yBdNV1K","display_url":"pic.twitter.com/FP2yBdNV1K","expanded_url":"https://twitter.com/utakatao0/status/887646581549178880/photo/1","type":"photo","sizes":{"small":{"w":213,"h":680,"resize":"fit"},"large":{"w":500,"h":1600,"resize":"fit"},"thumb":{"w":150,"h":150,"resize":"crop"},"medium":{"w":375,"h":1200,"resize":"fit"}}}]},"extended_entities":{"media":[{"id":887646419049365500,"id_str":"887646419049365504","indices":[61,84],"media_url":"http://pbs.twimg.com/media/DFGNtxWVwAAuUTC.jpg","media_url_https":"https://pbs.twimg.com/media/DFGNtxWVwAAuUTC.jpg","url":"https://t.co/FP2yBdNV1K","display_url":"pic.twitter.com/FP2yBdNV1K","expanded_url":"https://twitter.com/utakatao0/status/887646581549178880/photo/1","type":"photo","sizes":{"small":{"w":213,"h":680,"resize":"fit"},"large":{"w":500,"h":1600,"resize":"fit"},"thumb":{"w":150,"h":150,"resize":"crop"},"medium":{"w":375,"h":1200,"resize":"fit"}}},{"id":887646444231905300,"id_str":"887646444231905282","indices":[61,84],"media_url":"http://pbs.twimg.com/media/DFGNvPKU0AI4ycd.jpg","media_url_https":"https://pbs.twimg.com/media/DFGNvPKU0AI4ycd.jpg","url":"https://t.co/FP2yBdNV1K","display_url":"pic.twitter.com/FP2yBdNV1K","expanded_url":"https://twitter.com/utakatao0/status/887646581549178880/photo/1","type":"photo","sizes":{"large":{"w":500,"h":1600,"resize":"fit"},"small":{"w":213,"h":680,"resize":"fit"},"medium":{"w":375,"h":1200,"resize":"fit"},"thumb":{"w":150,"h":150,"resize":"crop"}}},{"id":887646474460213200,"id_str":"887646474460213252","indices":[61,84],"media_url":"http://pbs.twimg.com/media/DFGNw_xUMAQq7nG.jpg","media_url_https":"https://pbs.twimg.com/media/DFGNw_xUMAQq7nG.jpg","url":"https://t.co/FP2yBdNV1K","display_url":"pic.twitter.com/FP2yBdNV1K","expanded_url":"https://twitter.com/utakatao0/status/887646581549178880/photo/1","type":"photo","sizes":{"large":{"w":500,"h":1300,"resize":"fit"},"thumb":{"w":150,"h":150,"resize":"crop"},"medium":{"w":462,"h":1200,"resize":"fit"},"small":{"w":262,"h":680,"resize":"fit"}}},{"id":887646493426933800,"id_str":"887646493426933760","indices":[61,84],"media_url":"http://pbs.twimg.com/media/DFGNyGbVYAAYq6q.jpg","media_url_https":"https://pbs.twimg.com/media/DFGNyGbVYAAYq6q.jpg","url":"https://t.co/FP2yBdNV1K","display_url":"pic.twitter.com/FP2yBdNV1K","expanded_url":"https://twitter.com/utakatao0/status/887646581549178880/photo/1","type":"photo","sizes":{"small":{"w":680,"h":499,"resize":"fit"},"medium":{"w":750,"h":550,"resize":"fit"},"thumb":{"w":150,"h":150,"resize":"crop"},"large":{"w":750,"h":550,"resize":"fit"}}}]},"metadata":{"iso_language_code":"ja","result_type":"recent"},"source":"<a href=\"http://twitter.com\" rel=\"nofollow\">Twitter Web Client</a>","in_reply_to_status_id":null,"in_reply_to_status_id_str":null,"in_reply_to_user_id":null,"in_reply_to_user_id_str":null,"in_reply_to_screen_name":null,"user":{"id":2583889620,"id_str":"2583889620","name":"泡沫(うたかた)","screen_name":"utakatao0","location":"pixiv／連絡先","description":"フリーランスで絵や漫画を描いてます ／書籍「これはやっぱり、恋だと思う。」「SpringFlowers」「青春パズル１巻」発売中です。","url":"https://t.co/ZZVm0O2Itb","entities":{"url":{"urls":[{"url":"https://t.co/ZZVm0O2Itb","expanded_url":"http://www.pixiv.net/member.php?id=14770374","display_url":"pixiv.net/member.php?id=…","indices":[0,23]}]},"description":{"urls":[]}},"protected":false,"followers_count":199613,"friends_count":11,"listed_count":2066,"created_at":"Mon Jun 23 12:14:16 +0000 2014","favourites_count":4014,"utc_offset":32400,"time_zone":"Seoul","geo_enabled":false,"verified":false,"statuses_count":3340,"lang":"ja","contributors_enabled":false,"is_translator":false,"is_translation_enabled":false,"profile_background_color":"000000","profile_background_image_url":"http://abs.twimg.com/images/themes/theme1/bg.png","profile_background_image_url_https":"https://abs.twimg.com/images/themes/theme1/bg.png","profile_background_tile":false,"profile_image_url":"http://pbs.twimg.com/profile_images/703177551204655105/nWaJLXLZ_normal.jpg","profile_image_url_https":"https://pbs.twimg.com/profile_images/703177551204655105/nWaJLXLZ_normal.jpg","profile_banner_url":"https://pbs.twimg.com/profile_banners/2583889620/1486470732","profile_link_color":"ABB8C2","profile_sidebar_border_color":"000000","profile_sidebar_fill_color":"000000","profile_text_color":"000000","profile_use_background_image":false,"has_extended_profile":true,"default_profile":false,"default_profile_image":false,"following":false,"follow_request_sent":false,"notifications":false,"translator_type":"none"},"geo":null,"coordinates":null,"place":null,"contributors":null,"is_quote_status":false,"retweet_count":5030,"favorite_count":23634,"favorited":false,"retweeted":false,"possibly_sensitive":false,"lang":"ja"},{"created_at":"Wed Jul 19 12:08:50 +0000 2017","id":887645401888641000,"id_str":"887645401888641024","text":"過保護のカホコ❗️第2話 \nもうねぇカホコが…😢笑笑  \n22時から❗️宜しくお願いします。\n今回もやりますよー\n   #過保護のカホコ糸ちゃんおこ \n21時50分の放送10分前にツイートしてトレンドとっちゃいましょ☺️ https://t.co/QdBAHbYLIA","truncated":false,"entities":{"hashtags":[{"text":"過保護のカホコ糸ちゃんおこ","indices":[60,74]}],"symbols":[],"user_mentions":[],"urls":[],"media":[{"id":887645385094709200,"id_str":"887645385094709248","indices":[111,134],"media_url":"http://pbs.twimg.com/media/DFGMxlkVwAAHz9e.jpg","media_url_https":"https://pbs.twimg.com/media/DFGMxlkVwAAHz9e.jpg","url":"https://t.co/QdBAHbYLIA","display_url":"pic.twitter.com/QdBAHbYLIA","expanded_url":"https://twitter.com/takeuchi_ryoma/status/887645401888641024/photo/1","type":"photo","sizes":{"small":{"w":549,"h":680,"resize":"fit"},"thumb":{"w":150,"h":150,"resize":"crop"},"medium":{"w":958,"h":1186,"resize":"fit"},"large":{"w":958,"h":1186,"resize":"fit"}}}]},"extended_entities":{"media":[{"id":887645385094709200,"id_str":"887645385094709248","indices":[111,134],"media_url":"http://pbs.twimg.com/media/DFGMxlkVwAAHz9e.jpg","media_url_https":"https://pbs.twimg.com/media/DFGMxlkVwAAHz9e.jpg","url":"https://t.co/QdBAHbYLIA","display_url":"pic.twitter.com/QdBAHbYLIA","expanded_url":"https://twitter.com/takeuchi_ryoma/status/887645401888641024/photo/1","type":"photo","sizes":{"small":{"w":549,"h":680,"resize":"fit"},"thumb":{"w":150,"h":150,"resize":"crop"},"medium":{"w":958,"h":1186,"resize":"fit"},"large":{"w":958,"h":1186,"resize":"fit"}}}]},"metadata":{"iso_language_code":"ja","result_type":"recent"},"source":"<a href=\"http://twitter.com/download/iphone\" rel=\"nofollow\">Twitter for iPhone</a>","in_reply_to_status_id":null,"in_reply_to_status_id_str":null,"in_reply_to_user_id":null,"in_reply_to_user_id_str":null,"in_reply_to_screen_name":null,"user":{"id":2816575188,"id_str":"2816575188","name":"竹内涼真","screen_name":"takeuchi_ryoma","location":"","description":"竹内涼真オフィシャルアカウント ホリプロ所属 【竹内涼真携帯サイト】https://t.co/bHz3ujZU4w","url":"https://t.co/BInSeW6RrS","entities":{"url":{"urls":[{"url":"https://t.co/BInSeW6RrS","expanded_url":"http://www.horipro.co.jp/takeuchiryoma/","display_url":"horipro.co.jp/takeuchiryoma/","indices":[0,23]}]},"description":{"urls":[{"url":"https://t.co/bHz3ujZU4w","expanded_url":"http://goo.gl/Kfd42k","display_url":"goo.gl/Kfd42k","indices":[34,57]}]}},"protected":false,"followers_count":896103,"friends_count":177,"listed_count":2382,"created_at":"Thu Sep 18 08:13:38 +0000 2014","favourites_count":2265,"utc_offset":32400,"time_zone":"Tokyo","geo_enabled":false,"verified":true,"statuses_count":3950,"lang":"ja","contributors_enabled":false,"is_translator":false,"is_translation_enabled":false,"profile_background_color":"C0DEED","profile_background_image_url":"http://abs.twimg.com/images/themes/theme1/bg.png","profile_background_image_url_https":"https://abs.twimg.com/images/themes/theme1/bg.png","profile_background_tile":false,"profile_image_url":"http://pbs.twimg.com/profile_images/884783756246044672/ksy7UW1A_normal.jpg","profile_image_url_https":"https://pbs.twimg.com/profile_images/884783756246044672/ksy7UW1A_normal.jpg","profile_banner_url":"https://pbs.twimg.com/profile_banners/2816575188/1485176560","profile_link_color":"1DA1F2","profile_sidebar_border_color":"C0DEED","profile_sidebar_fill_color":"DDEEF6","profile_text_color":"333333","profile_use_background_image":true,"has_extended_profile":true,"default_profile":true,"default_profile_image":false,"following":false,"follow_request_sent":false,"notifications":false,"translator_type":"none"},"geo":null,"coordinates":null,"place":null,"contributors":null,"is_quote_status":false,"retweet_count":5277,"favorite_count":49982,"favorited":false,"retweeted":false,"possibly_sensitive":false,"lang":"ja"},{"created_at":"Wed Jul 19 12:06:58 +0000 2017","id":887644933749735400,"id_str":"887644933749735425","text":"つられ笑いなんかじゃおれは絶対に笑わないから！！！！！ https://t.co/U6Bu6i4HRA","truncated":false,"entities":{"hashtags":[],"symbols":[],"user_mentions":[],"urls":[],"media":[{"id":887643823186124800,"id_str":"887643823186124804","indices":[28,51],"media_url":"http://pbs.twimg.com/ext_tw_video_thumb/887643823186124804/pu/img/Z44mOTilA-2pX5np.jpg","media_url_https":"https://pbs.twimg.com/ext_tw_video_thumb/887643823186124804/pu/img/Z44mOTilA-2pX5np.jpg","url":"https://t.co/U6Bu6i4HRA","display_url":"pic.twitter.com/U6Bu6i4HRA","expanded_url":"https://twitter.com/yagi_vine/status/887644933749735425/video/1","type":"photo","sizes":{"small":{"w":340,"h":191,"resize":"fit"},"thumb":{"w":150,"h":150,"resize":"crop"},"medium":{"w":600,"h":338,"resize":"fit"},"large":{"w":1024,"h":576,"resize":"fit"}}}]},"extended_entities":{"media":[{"id":887643823186124800,"id_str":"887643823186124804","indices":[28,51],"media_url":"http://pbs.twimg.com/ext_tw_video_thumb/887643823186124804/pu/img/Z44mOTilA-2pX5np.jpg","media_url_https":"https://pbs.twimg.com/ext_tw_video_thumb/887643823186124804/pu/img/Z44mOTilA-2pX5np.jpg","url":"https://t.co/U6Bu6i4HRA","display_url":"pic.twitter.com/U6Bu6i4HRA","expanded_url":"https://twitter.com/yagi_vine/status/887644933749735425/video/1","type":"video","sizes":{"small":{"w":340,"h":191,"resize":"fit"},"thumb":{"w":150,"h":150,"resize":"crop"},"medium":{"w":600,"h":338,"resize":"fit"},"large":{"w":1024,"h":576,"resize":"fit"}},"video_info":{"aspect_ratio":[16,9],"duration_millis":140033,"variants":[{"content_type":"application/x-mpegURL","url":"https://video.twimg.com/ext_tw_video/887643823186124804/pu/pl/kdrJU62ciqpv0LOV.m3u8"},{"bitrate":320000,"content_type":"video/mp4","url":"https://video.twimg.com/ext_tw_video/887643823186124804/pu/vid/320x180/hv_dV3faQ5srTP2h.mp4"},{"bitrate":832000,"content_type":"video/mp4","url":"https://video.twimg.com/ext_tw_video/887643823186124804/pu/vid/640x360/H1k8k2I95AcTlkq0.mp4"},{"bitrate":2176000,"content_type":"video/mp4","url":"https://video.twimg.com/ext_tw_video/887643823186124804/pu/vid/1280x720/1t_-1bVMK332kP7p.mp4"}]},"additional_media_info":{"monetizable":false}}]},"metadata":{"iso_language_code":"ja","result_type":"recent"},"source":"<a href=\"http://twitter.com/download/iphone\" rel=\"nofollow\">Twitter for iPhone</a>","in_reply_to_status_id":null,"in_reply_to_status_id_str":null,"in_reply_to_user_id":null,"in_reply_to_user_id_str":null,"in_reply_to_screen_name":null,"user":{"id":1349362171,"id_str":"1349362171","name":"あおやぎ","screen_name":"yagi_vine","location":"慶應義塾大学","description":"動画投稿／VAZ","url":null,"entities":{"description":{"urls":[]}},"protected":false,"followers_count":80670,"friends_count":405,"listed_count":126,"created_at":"Sat Apr 13 14:16:13 +0000 2013","favourites_count":5477,"utc_offset":-25200,"time_zone":"Pacific Time (US & Canada)","geo_enabled":true,"verified":false,"statuses_count":7822,"lang":"ja","contributors_enabled":false,"is_translator":false,"is_translation_enabled":false,"profile_background_color":"C0DEED","profile_background_image_url":"http://pbs.twimg.com/profile_background_images/567401472422182912/6OB1qPBG.jpeg","profile_background_image_url_https":"https://pbs.twimg.com/profile_background_images/567401472422182912/6OB1qPBG.jpeg","profile_background_tile":false,"profile_image_url":"http://pbs.twimg.com/profile_images/863731990352216064/J1t0AGx1_normal.jpg","profile_image_url_https":"https://pbs.twimg.com/profile_images/863731990352216064/J1t0AGx1_normal.jpg","profile_banner_url":"https://pbs.twimg.com/profile_banners/1349362171/1492425272","profile_link_color":"0084B4","profile_sidebar_border_color":"C0DEED","profile_sidebar_fill_color":"DDEEF6","profile_text_color":"333333","profile_use_background_image":true,"has_extended_profile":false,"default_profile":false,"default_profile_image":false,"following":false,"follow_request_sent":false,"notifications":false,"translator_type":"none"},"geo":null,"coordinates":null,"place":null,"contributors":null,"is_quote_status":false,"retweet_count":6414,"favorite_count":12850,"favorited":false,"retweeted":false,"possibly_sensitive":false,"lang":"ja"}],"search_metadata":{"completed_in":0.701,"max_id":887764033419345900,"max_id_str":"887764033419345920","next_results":"?max_id=887644933749735424&q=lang%3Aja%20min_retweets%3A5000&include_entities=1","query":"lang%3Aja+min_retweets%3A5000","refresh_url":"?since_id=887764033419345920&q=lang%3Aja%20min_retweets%3A5000&include_entities=1","count":15,"since_id":0,"since_id_str":"0"}}