{"statuses":[{"created_at":"Wed Jul 19 09:05:31 +0000 2017","id":887599268290191400,"id_str":"887599268290191360","text":"クマにまたがりお馬の稽古タヌキ https://t.co/IcMqLTQoFL","truncated":false,"entities":{"hashtags":[],"symbols":[],"user_mentions":[],"urls":[],"media":[{"id":887599158881697800,"id_str":"887599158881697798","indices":[16,39],"media_url":"http://pbs.twimg.com/media/DFFiu3gUQAYr8Ko.png","media_url_https":"https://pbs.twimg.com/media/DFFiu3gUQAYr8Ko.png","url":"https://t.co/IcMqLTQoFL","display_url":"pic.twitter.com/IcMqLTQoFL","expanded_url":"https://twitter.com/atamotonu/status/887599268290191360/photo/1","type":"photo","sizes":{"medium":{"w":413,"h":500,"resize":"fit"},"thumb":{"w":150,"h":150,"resize":"crop"},"small":{"w":413,"h":500,"resize":"fit"},"large":{"w":413,"h":500,"resize":"fit"}}}]},"extended_entities":{"media":[{"id":887599158881697800,"id_str":"887599158881697798","indices":[16,39],"media_url":"http://pbs.twimg.com/media/DFFiu3gUQAYr8Ko.png","media_url_https":"https://pbs.twimg.com/media/DFFiu3gUQAYr8Ko.png","url":"https://t.co/IcMqLTQoFL","display_url":"pic.twitter.com/IcMqLTQoFL","expanded_url":"https://twitter.com/atamotonu/status/887599268290191360/photo/1","type":"photo","sizes":{"medium":{"w":413,"h":500,"resize":"fit"},"thumb":{"w":150,"h":150,"resize":"crop"},"small":{"w":413,"h":500,"resize":"fit"},"large":{"w":413,"h":500,"resize":"fit"}}}]},"metadata":{"iso_language_code":"ja","result_type":"recent"},"source":"<a href=\"http://twitter.com\" rel=\"nofollow\">Twitter Web Client</a>","in_reply_to_status_id":null,"in_reply_to_status_id_str":null,"in_reply_to_user_id":null,"in_reply_to_user_id_str":null,"in_reply_to_screen_name":null,"user":{"id":723128021540954100,"id_str":"723128021540954113","name":"アタモト","screen_name":"atamotonu","location":"","description":"仕事関係の告知と楽描き用アカウント。 「タヌキとキツネ」「たるしば」など色々描いてます。リプ返し出来なくてごめんなさい、いつもありがとうございます。タヌキとキツネLINEスタンプ→https://t.co/Xpx4P8NBPs ※当アカウントのイラストの加工や転載はご遠慮ください","url":"https://t.co/3h6zd8eIug","entities":{"url":{"urls":[{"url":"https://t.co/3h6zd8eIug","expanded_url":"http://inch.sakura.ne.jp/","display_url":"inch.sakura.ne.jp","indices":[0,23]}]},"description":{"urls":[{"url":"https://t.co/Xpx4P8NBPs","expanded_url":"http://line.me/S/shop/sticker/author/101150","display_url":"line.me/S/shop/sticker…","indices":[90,113]}]}},"protected":false,"followers_count":478533,"friends_count":21,"listed_count":3630,"created_at":"Thu Apr 21 12:35:30 +0000 2016","favourites_count":158,"utc_offset":32400,"time_zone":"Tokyo","geo_enabled":false,"verified":false,"statuses_count":831,"lang":"ja","contributors_enabled":false,"is_translator":false,"is_translation_enabled":false,"profile_background_color":"000000","profile_background_image_url":"http://abs.twimg.com/images/themes/theme1/bg.png","profile_background_image_url_https":"https://abs.twimg.com/images/themes/theme1/bg.png","profile_background_tile":false,"profile_image_url":"http://pbs.twimg.com/profile_images/812948188793434112/Mu7Li4la_normal.jpg","profile_image_url_https":"https://pbs.twimg.com/profile_images/812948188793434112/Mu7Li4la_normal.jpg","profile_link_color":"D98719","profile_sidebar_border_color":"000000","profile_sidebar_fill_color":"000000","profile_text_color":"000000","profile_use_background_image":false,"has_extended_profile":false,"default_profile":false,"default_profile_image":false,"following":false,"follow_request_sent":false,"notifications":false,"translator_type":"none"},"geo":null,"coordinates":null,"place":null,"contributors":null,"is_quote_status":false,"retweet_count":5845,"favorite_count":14108,"favorited":false,"retweeted":false,"possibly_sensitive":false,"lang":"ja"},{"created_at":"Wed Jul 19 09:02:13 +0000 2017","id":887598441014087700,"id_str":"887598441014087680","text":"レギュラーマッチ、ガチマッチ、リーグマッチなどで発売時点からプレイできるステージはこの8つ。\nそれぞれ2時間ごとに2つのステージが候補となり、バトルごとにどちらかのステージで戦うことになるぞ。\nまずは特徴を覚えて、ステージの組み合… https://t.co/h7KVWyck63","truncated":true,"entities":{"hashtags":[],"symbols":[],"user_mentions":[],"urls":[{"url":"https://t.co/h7KVWyck63","expanded_url":"https://twitter.com/i/web/status/887598441014087680","display_url":"twitter.com/i/web/status/8…","indices":[117,140]}]},"metadata":{"iso_language_code":"ja","result_type":"recent"},"source":"<a href=\"http://twitter.com\" rel=\"nofollow\">Twitter Web Client</a>","in_reply_to_status_id":null,"in_reply_to_status_id_str":null,"in_reply_to_user_id":null,"in_reply_to_user_id_str":null,"in_reply_to_screen_name":null,"user":{"id":2888006497,"id_str":"2888006497","name":"Splatoon（スプラトゥーン）","screen_name":"SplatoonJP","location":"","description":"『スプラトゥーン』公式総合アカウント。イカ研究所の調査報告（ゲーム情報）やお知らせをお伝えします。最新作の『スプラトゥーン2』は2017年7月21日（金）発売予定。ご質問・お問い合わせにはお答えしておりませんのでご容赦ください。 ※イカ研究所は実在の人物、団体とは一切関係ございません。","url":"https://t.co/yCMNfZlVpz","entities":{"url":{"urls":[{"url":"https://t.co/yCMNfZlVpz","expanded_url":"https://www.nintendo.co.jp/switch/aab6a/index.html","display_url":"nintendo.co.jp/switch/aab6a/i…","indices":[0,23]}]},"description":{"urls":[]}},"protected":false,"followers_count":664425,"friends_count":1,"listed_count":6474,"created_at":"Mon Nov 03 01:36:06 +0000 2014","favourites_count":0,"utc_offset":32400,"time_zone":"Tokyo","geo_enabled":false,"verified":true,"statuses_count":1475,"lang":"ja","contributors_enabled":false,"is_translator":false,"is_translation_enabled":false,"profile_background_color":"000000","profile_background_image_url":"http://pbs.twimg.com/profile_background_images/530105343452274688/WJl6dNx5.jpeg","profile_background_image_url_https":"https://pbs.twimg.com/profile_background_images/530105343452274688/WJl6dNx5.jpeg","profile_background_tile":false,"profile_image_url":"http://pbs.twimg.com/profile_images/819765217957552132/1WftJJM1_normal.jpg","profile_image_url_https":"https://pbs.twimg.com/profile_images/819765217957552132/1WftJJM1_normal.jpg","profile_banner_url":"https://pbs.twimg.com/profile_banners/2888006497/1484282224","profile_link_color":"000000","profile_sidebar_border_color":"000000","profile_sidebar_fill_color":"E3E2DE","profile_text_color":"634047","profile_use_background_image":true,"has_extended_profile":false,"default_profile":false,"default_profile_image":false,"following":false,"follow_request_sent":false,"notifications":false,"translator_type":"none"},"geo":null,"coordinates":null,"place":null,"contributors":null,"is_quote_status":false,"retweet_count":6074,"favorite_count":7979,"favorited":false,"retweeted":false,"possibly_sensitive":false,"lang":"ja"},{"created_at":"Wed Jul 19 08:16:47 +0000 2017","id":887587007152570400,"id_str":"887587007152570369","text":"かわいい文字だけどうざ絡みの効果倍増\n\n（まふさかのLINE） https://t.co/thrHAvkfdK","truncated":false,"entities":{"hashtags":[],"symbols":[],"user_mentions":[],"urls":[],"media":[{"id":887586999451787300,"id_str":"887586999451787264","indices":[32,55],"media_url":"http://pbs.twimg.com/media/DFFXrGGUIAAs6Tt.jpg","media_url_https":"https://pbs.twimg.com/media/DFFXrGGUIAAs6Tt.jpg","url":"https://t.co/thrHAvkfdK","display_url":"pic.twitter.com/thrHAvkfdK","expanded_url":"https://twitter.com/uni_mafumafu/status/887587007152570369/photo/1","type":"photo","sizes":{"large":{"w":750,"h":1334,"resize":"fit"},"medium":{"w":675,"h":1200,"resize":"fit"},"thumb":{"w":150,"h":150,"resize":"crop"},"small":{"w":382,"h":680,"resize":"fit"}}}]},"extended_entities":{"media":[{"id":887586999451787300,"id_str":"887586999451787264","indices":[32,55],"media_url":"http://pbs.twimg.com/media/DFFXrGGUIAAs6Tt.jpg","media_url_https":"https://pbs.twimg.com/media/DFFXrGGUIAAs6Tt.jpg","url":"https://t.co/thrHAvkfdK","display_url":"pic.twitter.com/thrHAvkfdK","expanded_url":"https://twitter.com/uni_mafumafu/status/887587007152570369/photo/1","type":"photo","sizes":{"large":{"w":750,"h":1334,"resize":"fit"},"medium":{"w":675,"h":1200,"resize":"fit"},"thumb":{"w":150,"h":150,"resize":"crop"},"small":{"w":382,"h":680,"resize":"fit"}}}]},"metadata":{"iso_language_code":"ja","result_type":"recent"},"source":"<a href=\"http://twitter.com/download/iphone\" rel=\"nofollow\">Twitter for iPhone</a>","in_reply_to_status_id":null,"in_reply_to_status_id_str":null,"in_reply_to_user_id":null,"in_reply_to_user_id_str":null,"in_reply_to_screen_name":null,"user":{"id":268758461,"id_str":"268758461","name":"まふまふ＠何でも屋さん","screen_name":"uni_mafumafu","location":"夢の中","description":"何でも屋です。ねむり　歌 / 作詞作曲 / 編曲　After the Rain、オリコンウィークリー２位獲得しました　まふてる⇒(@uni_mafuteru) ニコニコ動画 https://t.co/9XtigvFrOE  Youtube https://t.co/QoUG6At4z2","url":"https://t.co/cSdsbyhY3S","entities":{"url":{"urls":[{"url":"https://t.co/cSdsbyhY3S","expanded_url":"http://uni-mafumafu.jp/","display_url":"uni-mafumafu.jp","indices":[0,23]}]},"description":{"urls":[{"url":"https://t.co/9XtigvFrOE","expanded_url":"http://goo.gl/UQU30u","display_url":"goo.gl/UQU30u","indices":[87,110]},{"url":"https://t.co/QoUG6At4z2","expanded_url":"http://youtube.com/c/uni_mafumafu","display_url":"youtube.com/c/uni_mafumafu","indices":[120,143]}]}},"protected":false,"followers_count":856799,"friends_count":427,"listed_count":9337,"created_at":"Sat Mar 19 12:05:43 +0000 2011","favourites_count":2181,"utc_offset":null,"time_zone":null,"geo_enabled":false,"verified":true,"statuses_count":51677,"lang":"ja","contributors_enabled":false,"is_translator":false,"is_translation_enabled":false,"profile_background_color":"131516","profile_background_image_url":"http://pbs.twimg.com/profile_background_images/489831337700777985/V9q5tR8K.png","profile_background_image_url_https":"https://pbs.twimg.com/profile_background_images/489831337700777985/V9q5tR8K.png","profile_background_tile":false,"profile_image_url":"http://pbs.twimg.com/profile_images/852817717774004225/yyRc5caq_normal.jpg","profile_image_url_https":"https://pbs.twimg.com/profile_images/852817717774004225/yyRc5caq_normal.jpg","profile_banner_url":"https://pbs.twimg.com/profile_banners/268758461/1464252254","profile_link_color":"009999","profile_sidebar_border_color":"FFFFFF","profile_sidebar_fill_color":"252429","profile_text_color":"666666","profile_use_background_image":true,"has_extended_profile":false,"default_profile":false,"default_profile_image":false,"following":false,"follow_request_sent":false,"notifications":false,"translator_type":"none"},"geo":null,"coordinates":null,"place":null,"contributors":null,"is_quote_status":false,"retweet_count":7139,"favorite_count":26417,"favorited":false,"retweeted":false,"possibly_sensitive":false,"lang":"ja"},{"created_at":"Wed Jul 19 08:00:04 +0000 2017","id":887582799569371100,"id_str":"887582799569371137","text":"サンリオが人気コミック「鋼の錬金術師」のキャラクターをデザイン・プロデュース！秋には商品化がスタート！今後の最新情報は「鋼の錬金術師×サンリオ」公式ツイッターで随時公開！フォローしてね https://t.co/AFVrnO4LPq https://t.co/XabyY8Njjg","truncated":false,"entities":{"hashtags":[],"symbols":[],"user_mentions":[],"urls":[{"url":"https://t.co/AFVrnO4LPq","expanded_url":"http://sanrio.eng.mg/72c45","display_url":"sanrio.eng.mg/72c45","indices":[93,116]}],"media":[{"id":887582796767649800,"id_str":"887582796767649792","indices":[117,140],"media_url":"http://pbs.twimg.com/media/DFFT2d4VYAAEf37.jpg","media_url_https":"https://pbs.twimg.com/media/DFFT2d4VYAAEf37.jpg","url":"https://t.co/XabyY8Njjg","display_url":"pic.twitter.com/XabyY8Njjg","expanded_url":"https://twitter.com/sanrio_news/status/887582799569371137/photo/1","type":"photo","sizes":{"large":{"w":840,"h":450,"resize":"fit"},"small":{"w":680,"h":364,"resize":"fit"},"thumb":{"w":150,"h":150,"resize":"crop"},"medium":{"w":840,"h":450,"resize":"fit"}}}]},"extended_entities":{"media":[{"id":887582796767649800,"id_str":"887582796767649792","indices":[117,140],"media_url":"http://pbs.twimg.com/media/DFFT2d4VYAAEf37.jpg","media_url_https":"https://pbs.twimg.com/media/DFFT2d4VYAAEf37.jpg","url":"https://t.co/XabyY8Njjg","display_url":"pic.twitter.com/XabyY8Njjg","expanded_url":"https://twitter.com/sanrio_news/status/887582799569371137/photo/1","type":"photo","sizes":{"large":{"w":840,"h":450,"resize":"fit"},"small":{"w":680,"h":364,"resize":"fit"},"thumb":{"w":150,"h":150,"resize":"crop"},"medium":{"w":840,"h":450,"resize":"fit"}}}]},"metadata":{"iso_language_code":"ja","result_type":"recent"},"source":"<a href=\"http://engagemanager.tribalmedia.co.jp/\" rel=\"nofollow\">EngageManager</a>","in_reply_to_status_id":null,"in_reply_to_status_id_str":null,"in_reply_to_user_id":null,"in_reply_to_user_id_str":null,"in_reply_to_screen_name":null,"user":{"id":56906171,"id_str":"56906171","name":"サンリオ","screen_name":"sanrio_news","location":"Tokyo, Japan","description":"サンリオ公式ツイッターアカウント  耳よりでホットな情報を、いち早くお届けします！  サンリオのソーシャルメディアポリシー https://t.co/HZWnsI7DJs\nDMでのお問い合わせ等に個別にご返信することはいたしかねます。あらかじめご了承ください。","url":"https://t.co/IHBDzAmb38","entities":{"url":{"urls":[{"url":"https://t.co/IHBDzAmb38","expanded_url":"http://www.sanrio.co.jp/","display_url":"sanrio.co.jp","indices":[0,23]}]},"description":{"urls":[{"url":"https://t.co/HZWnsI7DJs","expanded_url":"http://www.sanrio.co.jp/social/policy/","display_url":"sanrio.co.jp/social/policy/","indices":[62,85]}]}},"protected":false,"followers_count":302914,"friends_count":28326,"listed_count":3025,"created_at":"Wed Jul 15 03:05:44 +0000 2009","favourites_count":0,"utc_offset":32400,"time_zone":"Tokyo","geo_enabled":true,"verified":true,"statuses_count":6304,"lang":"ja","contributors_enabled":false,"is_translator":false,"is_translation_enabled":false,"profile_background_color":"F9E2E2","profile_background_image_url":"http://pbs.twimg.com/profile_background_images/736876028/f68610fbd86352f89bae916ba205952b.jpeg","profile_background_image_url_https":"https://pbs.twimg.com/profile_background_images/736876028/f68610fbd86352f89bae916ba205952b.jpeg","profile_background_tile":false,"profile_image_url":"http://pbs.twimg.com/profile_images/548387542135873536/tvJQnJvg_normal.png","profile_image_url_https":"https://pbs.twimg.com/profile_images/548387542135873536/tvJQnJvg_normal.png","profile_banner_url":"https://pbs.twimg.com/profile_banners/56906171/1419580720","profile_link_color":"FF2474","profile_sidebar_border_color":"FFFFFF","profile_sidebar_fill_color":"BFBAD9","profile_text_color":"333333","profile_use_background_image":false,"has_extended_profile":false,"default_profile":false,"default_profile_image":false,"following":false,"follow_request_sent":false,"notifications":false,"translator_type":"none"},"geo":null,"coordinates":null,"place":null,"contributors":null,"is_quote_status":false,"retweet_count":7008,"favorite_count":5573,"favorited":false,"retweeted":false,"possibly_sensitive":false,"lang":"ja"},{"created_at":"Wed Jul 19 08:00:00 +0000 2017","id":887582783228362800,"id_str":"887582783228362753","text":"【足利市×刀剣乱舞-ONLINE-】\nコラボレーション企画のポスターデザインが完成いたしました。このポスターを目印に、どうぞ足利市をお楽しみください。\n#足利市 #山姥切国広 #堀川国広 #山伏国広 #刀剣乱舞 https://t.co/X32QISoys3","truncated":false,"entities":{"hashtags":[{"text":"足利市","indices":[76,80]},{"text":"山姥切国広","indices":[81,87]},{"text":"堀川国広","indices":[88,93]},{"text":"山伏国広","indices":[94,99]},{"text":"刀剣乱舞","indices":[100,105]}],"symbols":[],"user_mentions":[],"urls":[],"media":[{"id":887581714813395000,"id_str":"887581714813394945","indices":[106,129],"media_url":"http://pbs.twimg.com/media/DFFS3fSVoAEx63f.jpg","media_url_https":"https://pbs.twimg.com/media/DFFS3fSVoAEx63f.jpg","url":"https://t.co/X32QISoys3","display_url":"pic.twitter.com/X32QISoys3","expanded_url":"https://twitter.com/ashikaga_kankou/status/887582783228362753/photo/1","type":"photo","sizes":{"small":{"w":481,"h":680,"resize":"fit"},"medium":{"w":600,"h":849,"resize":"fit"},"thumb":{"w":150,"h":150,"resize":"crop"},"large":{"w":600,"h":849,"resize":"fit"}}}]},"extended_entities":{"media":[{"id":887581714813395000,"id_str":"887581714813394945","indices":[106,129],"media_url":"http://pbs.twimg.com/media/DFFS3fSVoAEx63f.jpg","media_url_https":"https://pbs.twimg.com/media/DFFS3fSVoAEx63f.jpg","url":"https://t.co/X32QISoys3","display_url":"pic.twitter.com/X32QISoys3","expanded_url":"https://twitter.com/ashikaga_kankou/status/887582783228362753/photo/1","type":"photo","sizes":{"small":{"w":481,"h":680,"resize":"fit"},"medium":{"w":600,"h":849,"resize":"fit"},"thumb":{"w":150,"h":150,"resize":"crop"},"large":{"w":600,"h":849,"resize":"fit"}}},{"id":887581742533496800,"id_str":"887581742533496832","indices":[106,129],"media_url":"http://pbs.twimg.com/media/DFFS5GjU0AAs3Ay.jpg","media_url_https":"https://pbs.twimg.com/media/DFFS5GjU0AAs3Ay.jpg","url":"https://t.co/X32QISoys3","display_url":"pic.twitter.com/X32QISoys3","expanded_url":"https://twitter.com/ashikaga_kankou/status/887582783228362753/photo/1","type":"photo","sizes":{"medium":{"w":600,"h":849,"resize":"fit"},"large":{"w":600,"h":849,"resize":"fit"},"thumb":{"w":150,"h":150,"resize":"crop"},"small":{"w":481,"h":680,"resize":"fit"}}}]},"metadata":{"iso_language_code":"ja","result_type":"recent"},"source":"<a href=\"http://twitter.com\" rel=\"nofollow\">Twitter Web Client</a>","in_reply_to_status_id":null,"in_reply_to_status_id_str":null,"in_reply_to_user_id":null,"in_reply_to_user_id_str":null,"in_reply_to_screen_name":null,"user":{"id":173709771,"id_str":"173709771","name":"足利市観光協会","screen_name":"ashikaga_kankou","location":"栃木県 足利市","description":"一般社団法人足利市観光協会のオフィシャルTwitterです。足利市の新鮮な観光情報を発信していきます☆返信はしておりませんのでご了承下さい。お問合せは足利市観光協会まで。","url":"http://t.co/jhULMa6xIY","entities":{"url":{"urls":[{"url":"http://t.co/jhULMa6xIY","expanded_url":"http://www.ashikaga-kankou.jp/","display_url":"ashikaga-kankou.jp","indices":[0,22]}]},"description":{"urls":[]}},"protected":false,"followers_count":5903,"friends_count":5,"listed_count":200,"created_at":"Mon Aug 02 04:33:17 +0000 2010","favourites_count":8,"utc_offset":32400,"time_zone":"Tokyo","geo_enabled":true,"verified":false,"statuses_count":3825,"lang":"ja","contributors_enabled":false,"is_translator":false,"is_translation_enabled":false,"profile_background_color":"B2DFDA","profile_background_image_url":"http://abs.twimg.com/images/themes/theme13/bg.gif","profile_background_image_url_https":"https://abs.twimg.com/images/themes/theme13/bg.gif","profile_background_tile":false,"profile_image_url":"http://pbs.twimg.com/profile_images/675565601574621185/4X14O7p5_normal.jpg","profile_image_url_https":"https://pbs.twimg.com/profile_images/675565601574621185/4X14O7p5_normal.jpg","profile_banner_url":"https://pbs.twimg.com/profile_banners/173709771/1437120354","profile_link_color":"93A644","profile_sidebar_border_color":"EEEEEE","profile_sidebar_fill_color":"FFFFFF","profile_text_color":"333333","profile_use_background_image":true,"has_extended_profile":false,"default_profile":false,"default_profile_image":false,"following":false,"follow_request_sent":false,"notifications":false,"translator_type":"none"},"geo":null,"coordinates":null,"place":null,"contributors":null,"is_quote_status":false,"retweet_count":5726,"favorite_count":4068,"favorited":false,"retweeted":false,"possibly_sensitive":false,"lang":"ja"},{"created_at":"Wed Jul 19 07:33:22 +0000 2017","id":887576080101523500,"id_str":"887576080101523456","text":"本当に描いたヴィクトリアズシークレットすげえよ…という漫画 https://t.co/JPJUhipoFX","truncated":false,"entities":{"hashtags":[],"symbols":[],"user_mentions":[],"urls":[],"media":[{"id":887575981451427800,"id_str":"887575981451427841","indices":[30,53],"media_url":"http://pbs.twimg.com/media/DFFNpw2UwAETeOv.jpg","media_url_https":"https://pbs.twimg.com/media/DFFNpw2UwAETeOv.jpg","url":"https://t.co/JPJUhipoFX","display_url":"pic.twitter.com/JPJUhipoFX","expanded_url":"https://twitter.com/animal_protein/status/887576080101523456/photo/1","type":"photo","sizes":{"small":{"w":479,"h":680,"resize":"fit"},"medium":{"w":846,"h":1200,"resize":"fit"},"thumb":{"w":150,"h":150,"resize":"crop"},"large":{"w":1000,"h":1419,"resize":"fit"}}}]},"extended_entities":{"media":[{"id":887575981451427800,"id_str":"887575981451427841","indices":[30,53],"media_url":"http://pbs.twimg.com/media/DFFNpw2UwAETeOv.jpg","media_url_https":"https://pbs.twimg.com/media/DFFNpw2UwAETeOv.jpg","url":"https://t.co/JPJUhipoFX","display_url":"pic.twitter.com/JPJUhipoFX","expanded_url":"https://twitter.com/animal_protein/status/887576080101523456/photo/1","type":"photo","sizes":{"small":{"w":479,"h":680,"resize":"fit"},"medium":{"w":846,"h":1200,"resize":"fit"},"thumb":{"w":150,"h":150,"resize":"crop"},"large":{"w":1000,"h":1419,"resize":"fit"}}},{"id":887576000367702000,"id_str":"887576000367702016","indices":[30,53],"media_url":"http://pbs.twimg.com/media/DFFNq3UUMAAz53Y.jpg","media_url_https":"https://pbs.twimg.com/media/DFFNq3UUMAAz53Y.jpg","url":"https://t.co/JPJUhipoFX","display_url":"pic.twitter.com/JPJUhipoFX","expanded_url":"https://twitter.com/animal_protein/status/887576080101523456/photo/1","type":"photo","sizes":{"large":{"w":1000,"h":1419,"resize":"fit"},"medium":{"w":846,"h":1200,"resize":"fit"},"thumb":{"w":150,"h":150,"resize":"crop"},"small":{"w":479,"h":680,"resize":"fit"}}},{"id":887576016893296600,"id_str":"887576016893296640","indices":[30,53],"media_url":"http://pbs.twimg.com/media/DFFNr04UwAAs2bJ.jpg","media_url_https":"https://pbs.twimg.com/media/DFFNr04UwAAs2bJ.jpg","url":"https://t.co/JPJUhipoFX","display_url":"pic.twitter.com/JPJUhipoFX","expanded_url":"https://twitter.com/animal_protein/status/887576080101523456/photo/1","type":"photo","sizes":{"small":{"w":479,"h":680,"resize":"fit"},"thumb":{"w":150,"h":150,"resize":"crop"},"large":{"w":1000,"h":1419,"resize":"fit"},"medium":{"w":846,"h":1200,"resize":"fit"}}}]},"metadata":{"iso_language_code":"ja","result_type":"recent"},"source":"<a href=\"http://twitter.com\" rel=\"nofollow\">Twitter Web Client</a>","in_reply_to_status_id":887286346150166500,"in_reply_to_status_id_str":"887286346150166528","in_reply_to_user_id":133968887,"in_reply_to_user_id_str":"133968887","in_reply_to_screen_name":"animal_protein","user":{"id":133968887,"id_str":"133968887","name":"ヤマシタトモコ","screen_name":"animal_protein","location":"","description":"お漫画を描いています。Amazon著者セントラル→ https://t.co/566gHs1KTe","url":null,"entities":{"description":{"urls":[{"url":"https://t.co/566gHs1KTe","expanded_url":"https://www.amazon.co.jp/-/e/B004LVDSRG","display_url":"amazon.co.jp/-/e/B004LVDSRG","indices":[26,49]}]}},"protected":false,"followers_count":47858,"friends_count":173,"listed_count":2278,"created_at":"Sat Apr 17 03:34:08 +0000 2010","favourites_count":11,"utc_offset":32400,"time_zone":"Tokyo","geo_enabled":false,"verified":false,"statuses_count":599,"lang":"ja","contributors_enabled":false,"is_translator":false,"is_translation_enabled":false,"profile_background_color":"EBEBE2","profile_background_image_url":"http://pbs.twimg.com/profile_background_images/378800000165036526/i2zcCvt-.jpeg","profile_background_image_url_https":"https://pbs.twimg.com/profile_background_images/378800000165036526/i2zcCvt-.jpeg","profile_background_tile":true,"profile_image_url":"http://pbs.twimg.com/profile_images/773087747015794688/9MjSz76N_normal.jpg","profile_image_url_https":"https://pbs.twimg.com/profile_images/773087747015794688/9MjSz76N_normal.jpg","profile_banner_url":"https://pbs.twimg.com/profile_banners/133968887/1407671883","profile_link_color":"0084B4","profile_sidebar_border_color":"FFFFFF","profile_sidebar_fill_color":"D7F5F5","profile_text_color":"333333","profile_use_background_image":true,"has_extended_profile":true,"default_profile":false,"default_profile_image":false,"following":false,"follow_request_sent":false,"notifications":false,"translator_type":"none"},"geo":null,"coordinates":null,"place":null,"contributors":null,"is_quote_status":false,"retweet_count":6820,"favorite_count":9057,"favorited":false,"retweeted":false,"possibly_sensitive":false,"lang":"ja"},{"created_at":"Wed Jul 19 07:22:45 +0000 2017","id":887573409449754600,"id_str":"887573409449754624","text":"【公式サイトにて】声優・浪川大輔が不倫報道で謝罪\nhttps://t.co/0HUnBhuAlJ\n\n「私事にてお騒がせいたしまして、申し訳ございません」と謝罪。「皆様方からの信頼回復に向けて、今後もより一層精進してまいります」とし… https://t.co/3p5LEbHPku","truncated":true,"entities":{"hashtags":[],"symbols":[],"user_mentions":[],"urls":[{"url":"https://t.co/0HUnBhuAlJ","expanded_url":"http://news.livedoor.com/article/detail/13357593/","display_url":"news.livedoor.com/article/detail…","indices":[25,48]},{"url":"https://t.co/3p5LEbHPku","expanded_url":"https://twitter.com/i/web/status/887573409449754624","display_url":"twitter.com/i/web/status/8…","indices":[117,140]}]},"metadata":{"iso_language_code":"ja","result_type":"recent"},"source":"<a href=\"http://twitter.com\" rel=\"nofollow\">Twitter Web Client</a>","in_reply_to_status_id":null,"in_reply_to_status_id_str":null,"in_reply_to_user_id":null,"in_reply_to_user_id_str":null,"in_reply_to_screen_name":null,"user":{"id":17306975,"id_str":"17306975","name":"ライブドアニュース","screen_name":"livedoornews","location":"","description":"LINE →https://t.co/yhJO0o7Jns／FB → https://t.co/LHTCuyIEjr／インスタ／→https://t.co/SpmVgPtfCG","url":"http://t.co/Q4Bh3OCfgY","entities":{"url":{"urls":[{"url":"http://t.co/Q4Bh3OCfgY","expanded_url":"http://news.livedoor.com/","display_url":"news.livedoor.com","indices":[0,22]}]},"description":{"urls":[{"url":"https://t.co/yhJO0o7Jns","expanded_url":"http://goo.gl/upBgKP","display_url":"goo.gl/upBgKP","indices":[6,29]},{"url":"https://t.co/LHTCuyIEjr","expanded_url":"http://goo.gl/nDULhn","display_url":"goo.gl/nDULhn","indices":[35,58]},{"url":"https://t.co/SpmVgPtfCG","expanded_url":"http://goo.gl/cHGD9G","display_url":"goo.gl/cHGD9G","indices":[65,88]}]}},"protected":false,"followers_count":430874,"friends_count":88,"listed_count":6147,"created_at":"Tue Nov 11 09:56:31 +0000 2008","favourites_count":2609,"utc_offset":32400,"time_zone":"Tokyo","geo_enabled":false,"verified":true,"statuses_count":177047,"lang":"ja","contributors_enabled":false,"is_translator":false,"is_translation_enabled":false,"profile_background_color":"FFFFFF","profile_background_image_url":"http://pbs.twimg.com/profile_background_images/378800000085828060/4b07c1d868c917fb65a3d64a20904cd5.jpeg","profile_background_image_url_https":"https://pbs.twimg.com/profile_background_images/378800000085828060/4b07c1d868c917fb65a3d64a20904cd5.jpeg","profile_background_tile":false,"profile_image_url":"http://pbs.twimg.com/profile_images/875662964988166149/whdJTD2I_normal.jpg","profile_image_url_https":"https://pbs.twimg.com/profile_images/875662964988166149/whdJTD2I_normal.jpg","profile_link_color":"51ADD4","profile_sidebar_border_color":"FFFFFF","profile_sidebar_fill_color":"95E8EC","profile_text_color":"3C3940","profile_use_background_image":true,"has_extended_profile":false,"default_profile":false,"default_profile_image":false,"following":false,"follow_request_sent":false,"notifications":false,"translator_type":"none"},"geo":null,"coordinates":null,"place":null,"contributors":null,"is_quote_status":false,"retweet_count":8862,"favorite_count":4509,"favorited":false,"retweeted":false,"possibly_sensitive":false,"lang":"ja"},{"created_at":"Wed Jul 19 07:06:47 +0000 2017","id":887569388382986200,"id_str":"887569388382986242","text":"【人気声優】浪川大輔に不倫疑惑、『週刊文春』報じる\nhttps://t.co/gJKUYSDxsk\n\n当時10代だった女性と交際し、3年ほどで破局したが、事務所独立前後から復縁したという。浪川は過去に親密だったことを認め、一部を否… https://t.co/TX81c9GDQc","truncated":true,"entities":{"hashtags":[],"symbols":[],"user_mentions":[],"urls":[{"url":"https://t.co/gJKUYSDxsk","expanded_url":"http://news.livedoor.com/article/detail/13357512/","display_url":"news.livedoor.com/article/detail…","indices":[26,49]},{"url":"https://t.co/TX81c9GDQc","expanded_url":"https://twitter.com/i/web/status/887569388382986242","display_url":"twitter.com/i/web/status/8…","indices":[117,140]}]},"metadata":{"iso_language_code":"ja","result_type":"recent"},"source":"<a href=\"http://twitter.com\" rel=\"nofollow\">Twitter Web Client</a>","in_reply_to_status_id":null,"in_reply_to_status_id_str":null,"in_reply_to_user_id":null,"in_reply_to_user_id_str":null,"in_reply_to_screen_name":null,"user":{"id":17306975,"id_str":"17306975","name":"ライブドアニュース","screen_name":"livedoornews","location":"","description":"LINE →https://t.co/yhJO0o7Jns／FB → https://t.co/LHTCuyIEjr／インスタ／→https://t.co/SpmVgPtfCG","url":"http://t.co/Q4Bh3OCfgY","entities":{"url":{"urls":[{"url":"http://t.co/Q4Bh3OCfgY","expanded_url":"http://news.livedoor.com/","display_url":"news.livedoor.com","indices":[0,22]}]},"description":{"urls":[{"url":"https://t.co/yhJO0o7Jns","expanded_url":"http://goo.gl/upBgKP","display_url":"goo.gl/upBgKP","indices":[6,29]},{"url":"https://t.co/LHTCuyIEjr","expanded_url":"http://goo.gl/nDULhn","display_url":"goo.gl/nDULhn","indices":[35,58]},{"url":"https://t.co/SpmVgPtfCG","expanded_url":"http://goo.gl/cHGD9G","display_url":"goo.gl/cHGD9G","indices":[65,88]}]}},"protected":false,"followers_count":430874,"friends_count":88,"listed_count":6147,"created_at":"Tue Nov 11 09:56:31 +0000 2008","favourites_count":2609,"utc_offset":32400,"time_zone":"Tokyo","geo_enabled":false,"verified":true,"statuses_count":177047,"lang":"ja","contributors_enabled":false,"is_translator":false,"is_translation_enabled":false,"profile_background_color":"FFFFFF","profile_background_image_url":"http://pbs.twimg.com/profile_background_images/378800000085828060/4b07c1d868c917fb65a3d64a20904cd5.jpeg","profile_background_image_url_https":"https://pbs.twimg.com/profile_background_images/378800000085828060/4b07c1d868c917fb65a3d64a20904cd5.jpeg","profile_background_tile":false,"profile_image_url":"http://pbs.twimg.com/profile_images/875662964988166149/whdJTD2I_normal.jpg","profile_image_url_https":"https://pbs.twimg.com/profile_images/875662964988166149/whdJTD2I_normal.jpg","profile_link_color":"51ADD4","profile_sidebar_border_color":"FFFFFF","profile_sidebar_fill_color":"95E8EC","profile_text_color":"3C3940","profile_use_background_image":true,"has_extended_profile":false,"default_profile":false,"default_profile_image":false,"following":false,"follow_request_sent":false,"notifications":false,"translator_type":"none"},"geo":null,"coordinates":null,"place":null,"contributors":null,"is_quote_status":false,"retweet_count":5237,"favorite_count":2908,"favorited":false,"retweeted":false,"possibly_sensitive":false,"lang":"ja"},{"created_at":"Wed Jul 19 07:02:25 +0000 2017","id":887568293074227200,"id_str":"887568293074227200","text":"🎁プレゼント🎁\n\nドラマ「銀魂-ミツバ篇-」吉沢亮さん、北乃きいさんのサイン入りチェキを3名様、サイン入りポスターを1名様に🎉この投稿をRT&amp;フォローで応募完了😉当選者にDMします💌締切7/20\n\n⏩… https://t.co/hnSY3PhWSZ","truncated":true,"entities":{"hashtags":[],"symbols":[],"user_mentions":[],"urls":[{"url":"https://t.co/hnSY3PhWSZ","expanded_url":"https://twitter.com/i/web/status/887568293074227200","display_url":"twitter.com/i/web/status/8…","indices":[106,129]}]},"metadata":{"iso_language_code":"ja","result_type":"recent"},"source":"<a href=\"https://www.sprinklr.com\" rel=\"nofollow\">Sprinklr</a>","in_reply_to_status_id":null,"in_reply_to_status_id_str":null,"in_reply_to_user_id":null,"in_reply_to_user_id_str":null,"in_reply_to_screen_name":null,"user":{"id":4301485453,"id_str":"4301485453","name":"LINE LIVE🤳ライブで話そう","screen_name":"LINELIVE_JP","location":"配信枠","description":"スマホ１つで誰でもライブ配信📱 #ラインライブ の公式アカウントです😉只今配信キャンペーン中！毎週総額100万円相当ポイントGETのチャンスhttps://t.co/UNYibhvUEz 今すぐアプリ起動https://t.co/oQcJgeqGrY","url":"https://t.co/oQcJgeqGrY","entities":{"url":{"urls":[{"url":"https://t.co/oQcJgeqGrY","expanded_url":"http://lin.ee/1aQvFMf/twprofUg78PdD","display_url":"lin.ee/1aQvFMf/twprof…","indices":[0,23]}]},"description":{"urls":[{"url":"https://t.co/UNYibhvUEz","expanded_url":"http://lin.ee/861TXBw/dtzb/twprofUg8WX7G","display_url":"lin.ee/861TXBw/dtzb/t…","indices":[70,93]},{"url":"https://t.co/oQcJgeqGrY","expanded_url":"http://lin.ee/1aQvFMf/twprofUg78PdD","display_url":"lin.ee/1aQvFMf/twprof…","indices":[102,125]}]}},"protected":false,"followers_count":309096,"friends_count":1071,"listed_count":420,"created_at":"Fri Nov 20 13:44:42 +0000 2015","favourites_count":738,"utc_offset":32400,"time_zone":"Tokyo","geo_enabled":true,"verified":true,"statuses_count":13681,"lang":"ja","contributors_enabled":false,"is_translator":false,"is_translation_enabled":false,"profile_background_color":"130D32","profile_background_image_url":"http://abs.twimg.com/images/themes/theme14/bg.gif","profile_background_image_url_https":"https://abs.twimg.com/images/themes/theme14/bg.gif","profile_background_tile":true,"profile_image_url":"http://pbs.twimg.com/profile_images/827097884617166852/2ahL69n8_normal.jpg","profile_image_url_https":"https://pbs.twimg.com/profile_images/827097884617166852/2ahL69n8_normal.jpg","profile_banner_url":"https://pbs.twimg.com/profile_banners/4301485453/1479442557","profile_link_color":"130D32","profile_sidebar_border_color":"000000","profile_sidebar_fill_color":"000000","profile_text_color":"000000","profile_use_background_image":true,"has_extended_profile":false,"default_profile":false,"default_profile_image":false,"following":false,"follow_request_sent":false,"notifications":false,"translator_type":"none"},"geo":null,"coordinates":null,"place":null,"contributors":null,"is_quote_status":false,"retweet_count":6006,"favorite_count":3108,"favorited":false,"retweeted":false,"possibly_sensitive":false,"lang":"ja"},{"created_at":"Wed Jul 19 07:01:49 +0000 2017","id":887568141676564500,"id_str":"887568141676564484","text":"★A3! イベント配信開始★\nメンテナンスが終了し、イベント『春組第三回公演 ぜんまい仕掛けのココロ』の配信を開始いたしました。イベントpt獲得で限定ストーリーや限定劇団員がGETできます！配信は【7/28 13:59】まで… https://t.co/YIGoa3rEls","truncated":true,"entities":{"hashtags":[],"symbols":[],"user_mentions":[],"urls":[{"url":"https://t.co/YIGoa3rEls","expanded_url":"https://twitter.com/i/web/status/887568141676564484","display_url":"twitter.com/i/web/status/8…","indices":[114,137]}]},"metadata":{"iso_language_code":"ja","result_type":"recent"},"source":"<a href=\"http://twitter.com\" rel=\"nofollow\">Twitter Web Client</a>","in_reply_to_status_id":null,"in_reply_to_status_id_str":null,"in_reply_to_user_id":null,"in_reply_to_user_id_str":null,"in_reply_to_screen_name":null,"user":{"id":768448988626333700,"id_str":"768448988626333697","name":"【公式】A3!（エースリー）","screen_name":"mankai_company","location":"","description":"１月２７日（金）配信スタート！イケメン役者育成アプリ『A3!』公式Twitterアカウントです。 ハッシュタグは #エースリー アプリに関するお問合せは、アプリ内「サポート」または公式HP内のお問合せフォームよりお願いいたします。","url":"https://t.co/BVvtqOsoYc","entities":{"url":{"urls":[{"url":"https://t.co/BVvtqOsoYc","expanded_url":"http://www.a3-liber.jp/","display_url":"a3-liber.jp","indices":[0,23]}]},"description":{"urls":[]}},"protected":false,"followers_count":303960,"friends_count":54,"listed_count":2707,"created_at":"Wed Aug 24 14:04:50 +0000 2016","favourites_count":0,"utc_offset":-25200,"time_zone":"Pacific Time (US & Canada)","geo_enabled":false,"verified":true,"statuses_count":814,"lang":"ja","contributors_enabled":false,"is_translator":false,"is_translation_enabled":false,"profile_background_color":"000000","profile_background_image_url":"http://abs.twimg.com/images/themes/theme1/bg.png","profile_background_image_url_https":"https://abs.twimg.com/images/themes/theme1/bg.png","profile_background_tile":false,"profile_image_url":"http://pbs.twimg.com/profile_images/848187532135153664/VeXZsEYh_normal.jpg","profile_image_url_https":"https://pbs.twimg.com/profile_images/848187532135153664/VeXZsEYh_normal.jpg","profile_banner_url":"https://pbs.twimg.com/profile_banners/768448988626333697/1476954146","profile_link_color":"1B95E0","profile_sidebar_border_color":"000000","profile_sidebar_fill_color":"000000","profile_text_color":"000000","profile_use_background_image":false,"has_extended_profile":false,"default_profile":false,"default_profile_image":false,"following":false,"follow_request_sent":false,"notifications":false,"translator_type":"none"},"geo":null,"coordinates":null,"place":null,"contributors":null,"is_quote_status":false,"retweet_count":5854,"favorite_count":10163,"favorited":false,"retweeted":false,"possibly_sensitive":false,"lang":"ja"},{"created_at":"Wed Jul 19 06:26:13 +0000 2017","id":887559179845500900,"id_str":"887559179845500928","text":"7月19日 15:00より、「レガシーMASTER+」モードを追加しました！\n過去のイベントでMASTER+が登場している楽曲を、イベント開催当時のリズムアイコン配置でプレイできます。\n#デレステ https://t.co/qabnzW8GAZ","truncated":false,"entities":{"hashtags":[{"text":"デレステ","indices":[93,98]}],"symbols":[],"user_mentions":[],"urls":[],"media":[{"id":887559175454076900,"id_str":"887559175454076928","indices":[99,122],"media_url":"http://pbs.twimg.com/media/DFE-XhoUMAA1Rpz.jpg","media_url_https":"https://pbs.twimg.com/media/DFE-XhoUMAA1Rpz.jpg","url":"https://t.co/qabnzW8GAZ","display_url":"pic.twitter.com/qabnzW8GAZ","expanded_url":"https://twitter.com/imascg_stage/status/887559179845500928/photo/1","type":"photo","sizes":{"medium":{"w":1024,"h":640,"resize":"fit"},"small":{"w":680,"h":425,"resize":"fit"},"thumb":{"w":150,"h":150,"resize":"crop"},"large":{"w":1024,"h":640,"resize":"fit"}}}]},"extended_entities":{"media":[{"id":887559175454076900,"id_str":"887559175454076928","indices":[99,122],"media_url":"http://pbs.twimg.com/media/DFE-XhoUMAA1Rpz.jpg","media_url_https":"https://pbs.twimg.com/media/DFE-XhoUMAA1Rpz.jpg","url":"https://t.co/qabnzW8GAZ","display_url":"pic.twitter.com/qabnzW8GAZ","expanded_url":"https://twitter.com/imascg_stage/status/887559179845500928/photo/1","type":"photo","sizes":{"medium":{"w":1024,"h":640,"resize":"fit"},"small":{"w":680,"h":425,"resize":"fit"},"thumb":{"w":150,"h":150,"resize":"crop"},"large":{"w":1024,"h":640,"resize":"fit"}}}]},"metadata":{"iso_language_code":"ja","result_type":"recent"},"source":"<a href=\"http://engagemanager.tribalmedia.co.jp/\" rel=\"nofollow\">EngageManager</a>","in_reply_to_status_id":null,"in_reply_to_status_id_str":null,"in_reply_to_user_id":null,"in_reply_to_user_id_str":null,"in_reply_to_screen_name":null,"user":{"id":3220191374,"id_str":"3220191374","name":"スターライトステージ","screen_name":"imascg_stage","location":"","description":"「アイドルマスター シンデレラガールズ スターライトステージ」公式アカウントです。※お客様からの個別のメッセージなどは、Twitter上ではご返答できかねますのでご了承下さい。 #デレステ Android:http://t.co/PfCtF9Biv4       iOS:http://t.co/0zb47ZumGb","url":"http://t.co/7REykaZIlX","entities":{"url":{"urls":[{"url":"http://t.co/7REykaZIlX","expanded_url":"http://cinderella.idolmaster.jp/sl-stage/","display_url":"cinderella.idolmaster.jp/sl-stage/","indices":[0,22]}]},"description":{"urls":[{"url":"http://t.co/PfCtF9Biv4","expanded_url":"http://eng.mg/8d0ca","display_url":"eng.mg/8d0ca","indices":[103,125]},{"url":"http://t.co/0zb47ZumGb","expanded_url":"http://eng.mg/a0f68","display_url":"eng.mg/a0f68","indices":[136,158]}]}},"protected":false,"followers_count":459130,"friends_count":7,"listed_count":7180,"created_at":"Tue May 19 09:34:46 +0000 2015","favourites_count":0,"utc_offset":32400,"time_zone":"Tokyo","geo_enabled":false,"verified":true,"statuses_count":1101,"lang":"ja","contributors_enabled":false,"is_translator":false,"is_translation_enabled":false,"profile_background_color":"000000","profile_background_image_url":"http://abs.twimg.com/images/themes/theme1/bg.png","profile_background_image_url_https":"https://abs.twimg.com/images/themes/theme1/bg.png","profile_background_tile":false,"profile_image_url":"http://pbs.twimg.com/profile_images/875515457364557825/zzJa2735_normal.jpg","profile_image_url_https":"https://pbs.twimg.com/profile_images/875515457364557825/zzJa2735_normal.jpg","profile_banner_url":"https://pbs.twimg.com/profile_banners/3220191374/1484740896","profile_link_color":"89C9FA","profile_sidebar_border_color":"000000","profile_sidebar_fill_color":"000000","profile_text_color":"000000","profile_use_background_image":false,"has_extended_profile":false,"default_profile":false,"default_profile_image":false,"following":false,"follow_request_sent":false,"notifications":false,"translator_type":"none"},"geo":null,"coordinates":null,"place":null,"contributors":null,"is_quote_status":false,"retweet_count":10922,"favorite_count":9283,"favorited":false,"retweeted":false,"possibly_sensitive":false,"lang":"ja"},{"created_at":"Wed Jul 19 06:05:55 +0000 2017","id":887554073121046500,"id_str":"887554073121046530","text":"今回初開催のチャレンジライブイベント「つぼみ開く時」が開催決定！7月21日15:00より開始予定です。お楽しみに♪\n\n※「チャレンジライブイベント」の詳細は、お知らせをご確認ください。\n#バンドリ #ガルパ https://t.co/shcV6JT43v","truncated":false,"entities":{"hashtags":[{"text":"バンドリ","indices":[93,98]},{"text":"ガルパ","indices":[99,103]}],"symbols":[],"user_mentions":[],"urls":[],"media":[{"id":887553265994408000,"id_str":"887553265994407936","indices":[104,127],"media_url":"http://pbs.twimg.com/media/DFE4_jLVoAA90if.jpg","media_url_https":"https://pbs.twimg.com/media/DFE4_jLVoAA90if.jpg","url":"https://t.co/shcV6JT43v","display_url":"pic.twitter.com/shcV6JT43v","expanded_url":"https://twitter.com/bang_dream_gbp/status/887554073121046530/photo/1","type":"photo","sizes":{"large":{"w":840,"h":280,"resize":"fit"},"small":{"w":680,"h":227,"resize":"fit"},"thumb":{"w":150,"h":150,"resize":"crop"},"medium":{"w":840,"h":280,"resize":"fit"}}}]},"extended_entities":{"media":[{"id":887553265994408000,"id_str":"887553265994407936","indices":[104,127],"media_url":"http://pbs.twimg.com/media/DFE4_jLVoAA90if.jpg","media_url_https":"https://pbs.twimg.com/media/DFE4_jLVoAA90if.jpg","url":"https://t.co/shcV6JT43v","display_url":"pic.twitter.com/shcV6JT43v","expanded_url":"https://twitter.com/bang_dream_gbp/status/887554073121046530/photo/1","type":"photo","sizes":{"large":{"w":840,"h":280,"resize":"fit"},"small":{"w":680,"h":227,"resize":"fit"},"thumb":{"w":150,"h":150,"resize":"crop"},"medium":{"w":840,"h":280,"resize":"fit"}}}]},"metadata":{"iso_language_code":"ja","result_type":"recent"},"source":"<a href=\"http://twitter.com\" rel=\"nofollow\">Twitter Web Client</a>","in_reply_to_status_id":null,"in_reply_to_status_id_str":null,"in_reply_to_user_id":null,"in_reply_to_user_id_str":null,"in_reply_to_screen_name":null,"user":{"id":775280864674525200,"id_str":"775280864674525184","name":"バンドリ！ ガールズバンドパーティ！","screen_name":"bang_dream_gbp","location":"","description":"スマートフォン向けゲーム「バンドリ！ ガールズバンドパーティ！」（#ガルパ）の公式アカウントです。※お問い合わせやメッセージへは返答できかねます。ご了承下さい。　　　　　　　　　　　　\niOS：https://t.co/2f4OqP0pqf \n　　　　　Android：https://t.co/Ijt25DT4q4","url":"https://t.co/ISLUK2xYKu","entities":{"url":{"urls":[{"url":"https://t.co/ISLUK2xYKu","expanded_url":"http://bang-dream.bushimo.jp/","display_url":"bang-dream.bushimo.jp","indices":[0,23]}]},"description":{"urls":[{"url":"https://t.co/2f4OqP0pqf","expanded_url":"https://goo.gl/oY7r23","display_url":"goo.gl/oY7r23","indices":[97,120]},{"url":"https://t.co/Ijt25DT4q4","expanded_url":"https://goo.gl/r1OlqJ","display_url":"goo.gl/r1OlqJ","indices":[135,158]}]}},"protected":false,"followers_count":277324,"friends_count":31,"listed_count":1819,"created_at":"Mon Sep 12 10:32:16 +0000 2016","favourites_count":0,"utc_offset":null,"time_zone":null,"geo_enabled":false,"verified":true,"statuses_count":894,"lang":"ja","contributors_enabled":false,"is_translator":false,"is_translation_enabled":false,"profile_background_color":"F5F8FA","profile_background_image_url":null,"profile_background_image_url_https":null,"profile_background_tile":false,"profile_image_url":"http://pbs.twimg.com/profile_images/874897279660036100/q4Y3t1KU_normal.jpg","profile_image_url_https":"https://pbs.twimg.com/profile_images/874897279660036100/q4Y3t1KU_normal.jpg","profile_banner_url":"https://pbs.twimg.com/profile_banners/775280864674525184/1489646760","profile_link_color":"1DA1F2","profile_sidebar_border_color":"C0DEED","profile_sidebar_fill_color":"DDEEF6","profile_text_color":"333333","profile_use_background_image":true,"has_extended_profile":false,"default_profile":true,"default_profile_image":false,"following":false,"follow_request_sent":false,"notifications":false,"translator_type":"none"},"geo":null,"coordinates":null,"place":null,"contributors":null,"is_quote_status":false,"retweet_count":5797,"favorite_count":6447,"favorited":false,"retweeted":false,"possibly_sensitive":false,"lang":"ja"},{"created_at":"Wed Jul 19 03:39:37 +0000 2017","id":887517256636182500,"id_str":"887517256636182528","text":"上坂すみれさんの経歴\n・オタクに服を透かされて一度Twitterを辞める\n・また戻ってきたら今度は素直に射精です等のクソリプまみれになる\n・プライベートで声豚に絡まれる\n・2ちゃんで殺害予告される\n\n両親が娘に目指して欲しくない職業、間違いなく女性声優でしょ……","truncated":false,"entities":{"hashtags":[],"symbols":[],"user_mentions":[],"urls":[]},"metadata":{"iso_language_code":"ja","result_type":"recent"},"source":"<a href=\"http://www.twitpane.com\" rel=\"nofollow\">TwitPane Android</a>","in_reply_to_status_id":null,"in_reply_to_status_id_str":null,"in_reply_to_user_id":null,"in_reply_to_user_id_str":null,"in_reply_to_screen_name":null,"user":{"id":479587197,"id_str":"479587197","name":"ねくま","screen_name":"nekuma221","location":"","description":"さぁ、 希望の灯に手を伸ばせ","url":null,"entities":{"description":{"urls":[]}},"protected":false,"followers_count":5512,"friends_count":776,"listed_count":214,"created_at":"Tue Jan 31 15:01:30 +0000 2012","favourites_count":16143,"utc_offset":32400,"time_zone":"Tokyo","geo_enabled":false,"verified":false,"statuses_count":45198,"lang":"ja","contributors_enabled":false,"is_translator":false,"is_translation_enabled":false,"profile_background_color":"C0DEED","profile_background_image_url":"http://abs.twimg.com/images/themes/theme1/bg.png","profile_background_image_url_https":"https://abs.twimg.com/images/themes/theme1/bg.png","profile_background_tile":false,"profile_image_url":"http://pbs.twimg.com/profile_images/423386248263106560/MVIogC-V_normal.jpeg","profile_image_url_https":"https://pbs.twimg.com/profile_images/423386248263106560/MVIogC-V_normal.jpeg","profile_banner_url":"https://pbs.twimg.com/profile_banners/479587197/1355475968","profile_link_color":"1DA1F2","profile_sidebar_border_color":"C0DEED","profile_sidebar_fill_color":"DDEEF6","profile_text_color":"333333","profile_use_background_image":true,"has_extended_profile":false,"default_profile":true,"default_profile_image":false,"following":false,"follow_request_sent":false,"notifications":false,"translator_type":"none"},"geo":null,"coordinates":null,"place":null,"contributors":null,"is_quote_status":false,"retweet_count":7028,"favorite_count":5976,"favorited":false,"retweeted":false,"lang":"ja"},{"created_at":"Wed Jul 19 03:39:07 +0000 2017","id":887517130668728300,"id_str":"887517130668728321","text":"とりあえず15分抜けなくて焦った https://t.co/UE9JElhCAP","truncated":false,"entities":{"hashtags":[],"symbols":[],"user_mentions":[],"urls":[],"media":[{"id":887511869761634300,"id_str":"887511869761634304","indices":[17,40],"media_url":"http://pbs.twimg.com/ext_tw_video_thumb/887511869761634304/pu/img/y7x3x4NgNeXw4TFv.jpg","media_url_https":"https://pbs.twimg.com/ext_tw_video_thumb/887511869761634304/pu/img/y7x3x4NgNeXw4TFv.jpg","url":"https://t.co/UE9JElhCAP","display_url":"pic.twitter.com/UE9JElhCAP","expanded_url":"https://twitter.com/sakura7take/status/887517130668728321/video/1","type":"photo","sizes":{"large":{"w":960,"h":540,"resize":"fit"},"small":{"w":340,"h":191,"resize":"fit"},"thumb":{"w":150,"h":150,"resize":"crop"},"medium":{"w":600,"h":338,"resize":"fit"}}}]},"extended_entities":{"media":[{"id":887511869761634300,"id_str":"887511869761634304","indices":[17,40],"media_url":"http://pbs.twimg.com/ext_tw_video_thumb/887511869761634304/pu/img/y7x3x4NgNeXw4TFv.jpg","media_url_https":"https://pbs.twimg.com/ext_tw_video_thumb/887511869761634304/pu/img/y7x3x4NgNeXw4TFv.jpg","url":"https://t.co/UE9JElhCAP","display_url":"pic.twitter.com/UE9JElhCAP","expanded_url":"https://twitter.com/sakura7take/status/887517130668728321/video/1","type":"video","sizes":{"large":{"w":960,"h":540,"resize":"fit"},"small":{"w":340,"h":191,"resize":"fit"},"thumb":{"w":150,"h":150,"resize":"crop"},"medium":{"w":600,"h":338,"resize":"fit"}},"video_info":{"aspect_ratio":[16,9],"duration_millis":30833,"variants":[{"bitrate":320000,"content_type":"video/mp4","url":"https://video.twimg.com/ext_tw_video/887511869761634304/pu/vid/320x180/mTLE529cQhWpomNx.mp4"},{"bitrate":832000,"content_type":"video/mp4","url":"https://video.twimg.com/ext_tw_video/887511869761634304/pu/vid/640x360/gGRGR1XL_8UGFvYu.mp4"},{"content_type":"application/x-mpegURL","url":"https://video.twimg.com/ext_tw_video/887511869761634304/pu/pl/P9auvlO7bRf9axLJ.m3u8"}]},"additional_media_info":{"monetizable":false}}]},"metadata":{"iso_language_code":"ja","result_type":"recent"},"source":"<a href=\"http://twitter.com/download/iphone\" rel=\"nofollow\">Twitter for iPhone</a>","in_reply_to_status_id":null,"in_reply_to_status_id_str":null,"in_reply_to_user_id":null,"in_reply_to_user_id_str":null,"in_reply_to_screen_name":null,"user":{"id":756768345362341900,"id_str":"756768345362341888","name":"さくらこ","screen_name":"sakura7take","location":"飛龍","description":"16ｻｲ☺︎","url":null,"entities":{"description":{"urls":[]}},"protected":false,"followers_count":755,"friends_count":371,"listed_count":2,"created_at":"Sat Jul 23 08:30:08 +0000 2016","favourites_count":2706,"utc_offset":null,"time_zone":null,"geo_enabled":false,"verified":false,"statuses_count":1077,"lang":"ja","contributors_enabled":false,"is_translator":false,"is_translation_enabled":false,"profile_background_color":"F5F8FA","profile_background_image_url":null,"profile_background_image_url_https":null,"profile_background_tile":false,"profile_image_url":"http://pbs.twimg.com/profile_images/886750912823214080/K9iEpr8f_normal.jpg","profile_image_url_https":"https://pbs.twimg.com/profile_images/886750912823214080/K9iEpr8f_normal.jpg","profile_banner_url":"https://pbs.twimg.com/profile_banners/756768345362341888/1497087316","profile_link_color":"1DA1F2","profile_sidebar_border_color":"C0DEED","profile_sidebar_fill_color":"DDEEF6","profile_text_color":"333333","profile_use_background_image":true,"has_extended_profile":true,"default_profile":true,"default_profile_image":false,"following":false,"follow_request_sent":false,"notifications":false,"translator_type":"none"},"geo":null,"coordinates":null,"place":null,"contributors":null,"is_quote_status":false,"retweet_count":5530,"favorite_count":7637,"favorited":false,"retweeted":false,"possibly_sensitive":false,"lang":"ja"},{"created_at":"Wed Jul 19 03:33:36 +0000 2017","id":887515740940550100,"id_str":"887515740940550144","text":"これFGOあるあるだと思うんすけど信じてた前衛が倒れてもうだめだ〜！って石割るか撤退の準備してたのに最後に残った1騎が奮闘して勝っちゃったときおまえは最高だ〜〜〜！！！ってなることありません？","truncated":false,"entities":{"hashtags":[],"symbols":[],"user_mentions":[],"urls":[]},"metadata":{"iso_language_code":"ja","result_type":"recent"},"source":"<a href=\"http://twitter.com/download/iphone\" rel=\"nofollow\">Twitter for iPhone</a>","in_reply_to_status_id":null,"in_reply_to_status_id_str":null,"in_reply_to_user_id":null,"in_reply_to_user_id_str":null,"in_reply_to_screen_name":null,"user":{"id":1968884220,"id_str":"1968884220","name":"高橋のペペロンチーノ","screen_name":"pe6n1","location":"アンジェリカケージ","description":"I am the Ninja of my lord.","url":null,"entities":{"description":{"urls":[]}},"protected":false,"followers_count":13696,"friends_count":156,"listed_count":269,"created_at":"Fri Oct 18 13:54:00 +0000 2013","favourites_count":32904,"utc_offset":32400,"time_zone":"Tokyo","geo_enabled":false,"verified":false,"statuses_count":54307,"lang":"ja","contributors_enabled":false,"is_translator":false,"is_translation_enabled":false,"profile_background_color":"C0DEED","profile_background_image_url":"http://abs.twimg.com/images/themes/theme1/bg.png","profile_background_image_url_https":"https://abs.twimg.com/images/themes/theme1/bg.png","profile_background_tile":false,"profile_image_url":"http://pbs.twimg.com/profile_images/882280923307233280/KQM0TH0M_normal.jpg","profile_image_url_https":"https://pbs.twimg.com/profile_images/882280923307233280/KQM0TH0M_normal.jpg","profile_banner_url":"https://pbs.twimg.com/profile_banners/1968884220/1496228717","profile_link_color":"1DA1F2","profile_sidebar_border_color":"C0DEED","profile_sidebar_fill_color":"DDEEF6","profile_text_color":"333333","profile_use_background_image":true,"has_extended_profile":true,"default_profile":true,"default_profile_image":false,"following":false,"follow_request_sent":false,"notifications":false,"translator_type":"none"},"geo":null,"coordinates":null,"place":null,"contributors":null,"is_quote_status":false,"retweet_count":6801,"favorite_count":7359,"favorited":false,"retweeted":false,"lang":"ja"}],"search_metadata":{"completed_in":0.683,"max_id":887599268290191400,"max_id_str":"887599268290191360","next_results":"?max_id=887515740940550143&q=lang%3Aja%20min_retweets%3A5000&include_entities=1","query":"lang%3Aja+min_retweets%3A5000","refresh_url":"?since_id=887599268290191360&q=lang%3Aja%20min_retweets%3A5000&include_entities=1","count":15,"since_id":0,"since_id_str":"0"}}