{"statuses":[{"created_at":"Thu Jul 20 03:00:50 +0000 2017","id":887869884335444000,"id_str":"887869884335443968","text":"これは「わかばシューター」。\n明日、ハイカラスクエアに降り立つ若者たちが最初に持っているブキだ。\nインクがとても長持ちするので、ナワバリバトルの入門にはピッタリだぞ。\nサブウェポンは「スプラッシュボム」、スペシャルウェポンは「イン… https://t.co/J0zlEsq383","truncated":true,"entities":{"hashtags":[],"symbols":[],"user_mentions":[],"urls":[{"url":"https://t.co/J0zlEsq383","expanded_url":"https://twitter.com/i/web/status/887869884335443968","display_url":"twitter.com/i/web/status/8…","indices":[117,140]}]},"metadata":{"iso_language_code":"ja","result_type":"recent"},"source":"<a href=\"http://twitter.com\" rel=\"nofollow\">Twitter Web Client</a>","in_reply_to_status_id":null,"in_reply_to_status_id_str":null,"in_reply_to_user_id":null,"in_reply_to_user_id_str":null,"in_reply_to_screen_name":null,"user":{"id":2888006497,"id_str":"2888006497","name":"Splatoon（スプラトゥーン）","screen_name":"SplatoonJP","location":"","description":"『スプラトゥーン』公式総合アカウント。イカ研究所の調査報告（ゲーム情報）やお知らせをお伝えします。最新作の『スプラトゥーン2』は2017年7月21日（金）発売予定。ご質問・お問い合わせにはお答えしておりませんのでご容赦ください。 ※イカ研究所は実在の人物、団体とは一切関係ございません。","url":"https://t.co/yCMNfZlVpz","entities":{"url":{"urls":[{"url":"https://t.co/yCMNfZlVpz","expanded_url":"https://www.nintendo.co.jp/switch/aab6a/index.html","display_url":"nintendo.co.jp/switch/aab6a/i…","indices":[0,23]}]},"description":{"urls":[]}},"protected":false,"followers_count":668368,"friends_count":1,"listed_count":6500,"created_at":"Mon Nov 03 01:36:06 +0000 2014","favourites_count":0,"utc_offset":32400,"time_zone":"Tokyo","geo_enabled":false,"verified":true,"statuses_count":1478,"lang":"ja","contributors_enabled":false,"is_translator":false,"is_translation_enabled":false,"profile_background_color":"000000","profile_background_image_url":"http://pbs.twimg.com/profile_background_images/530105343452274688/WJl6dNx5.jpeg","profile_background_image_url_https":"https://pbs.twimg.com/profile_background_images/530105343452274688/WJl6dNx5.jpeg","profile_background_tile":false,"profile_image_url":"http://pbs.twimg.com/profile_images/819765217957552132/1WftJJM1_normal.jpg","profile_image_url_https":"https://pbs.twimg.com/profile_images/819765217957552132/1WftJJM1_normal.jpg","profile_banner_url":"https://pbs.twimg.com/profile_banners/2888006497/1484282224","profile_link_color":"000000","profile_sidebar_border_color":"000000","profile_sidebar_fill_color":"E3E2DE","profile_text_color":"634047","profile_use_background_image":true,"has_extended_profile":false,"default_profile":false,"default_profile_image":false,"following":false,"follow_request_sent":false,"notifications":false,"translator_type":"none"},"geo":null,"coordinates":null,"place":null,"contributors":null,"is_quote_status":false,"retweet_count":5199,"favorite_count":7758,"favorited":false,"retweeted":false,"possibly_sensitive":false,"lang":"ja"},{"created_at":"Thu Jul 20 02:57:47 +0000 2017","id":887869116668719100,"id_str":"887869116668719104","text":"【フォロー&amp;RTで応募完了】\n品位と美貌を兼ね備えた永遠のプリンセス\nLidberne - リドゥヴィーヌ -を抽選で1名様にプレゼント\nhttps://t.co/4dJuHPVXej\n締切 8/9\n#マイラアイテムプレゼンツ https://t.co/E3lffNFqAi","truncated":false,"entities":{"hashtags":[{"text":"マイラアイテムプレゼンツ","indices":[104,117]}],"symbols":[],"user_mentions":[],"urls":[{"url":"https://t.co/4dJuHPVXej","expanded_url":"https://goo.gl/GcXR8i","display_url":"goo.gl/GcXR8i","indices":[73,96]}],"media":[{"id":887868306136354800,"id_str":"887868306136354816","indices":[118,141],"media_url":"http://pbs.twimg.com/media/DFJXhTKV0AA0yqr.jpg","media_url_https":"https://pbs.twimg.com/media/DFJXhTKV0AA0yqr.jpg","url":"https://t.co/E3lffNFqAi","display_url":"pic.twitter.com/E3lffNFqAi","expanded_url":"https://twitter.com/mayla_classic/status/887869116668719104/photo/1","type":"photo","sizes":{"small":{"w":680,"h":646,"resize":"fit"},"thumb":{"w":150,"h":150,"resize":"crop"},"medium":{"w":695,"h":660,"resize":"fit"},"large":{"w":695,"h":660,"resize":"fit"}}}]},"extended_entities":{"media":[{"id":887868306136354800,"id_str":"887868306136354816","indices":[118,141],"media_url":"http://pbs.twimg.com/media/DFJXhTKV0AA0yqr.jpg","media_url_https":"https://pbs.twimg.com/media/DFJXhTKV0AA0yqr.jpg","url":"https://t.co/E3lffNFqAi","display_url":"pic.twitter.com/E3lffNFqAi","expanded_url":"https://twitter.com/mayla_classic/status/887869116668719104/photo/1","type":"photo","sizes":{"small":{"w":680,"h":646,"resize":"fit"},"thumb":{"w":150,"h":150,"resize":"crop"},"medium":{"w":695,"h":660,"resize":"fit"},"large":{"w":695,"h":660,"resize":"fit"}}},{"id":887868324075290600,"id_str":"887868324075290624","indices":[118,141],"media_url":"http://pbs.twimg.com/media/DFJXiV_UQAAZADI.jpg","media_url_https":"https://pbs.twimg.com/media/DFJXiV_UQAAZADI.jpg","url":"https://t.co/E3lffNFqAi","display_url":"pic.twitter.com/E3lffNFqAi","expanded_url":"https://twitter.com/mayla_classic/status/887869116668719104/photo/1","type":"photo","sizes":{"medium":{"w":695,"h":660,"resize":"fit"},"large":{"w":695,"h":660,"resize":"fit"},"thumb":{"w":150,"h":150,"resize":"crop"},"small":{"w":680,"h":646,"resize":"fit"}}},{"id":887868342182174700,"id_str":"887868342182174720","indices":[118,141],"media_url":"http://pbs.twimg.com/media/DFJXjZcVYAAg_XQ.jpg","media_url_https":"https://pbs.twimg.com/media/DFJXjZcVYAAg_XQ.jpg","url":"https://t.co/E3lffNFqAi","display_url":"pic.twitter.com/E3lffNFqAi","expanded_url":"https://twitter.com/mayla_classic/status/887869116668719104/photo/1","type":"photo","sizes":{"medium":{"w":695,"h":660,"resize":"fit"},"large":{"w":695,"h":660,"resize":"fit"},"thumb":{"w":150,"h":150,"resize":"crop"},"small":{"w":680,"h":646,"resize":"fit"}}},{"id":887868362876899300,"id_str":"887868362876899328","indices":[118,141],"media_url":"http://pbs.twimg.com/media/DFJXkmiV0AAwWfK.jpg","media_url_https":"https://pbs.twimg.com/media/DFJXkmiV0AAwWfK.jpg","url":"https://t.co/E3lffNFqAi","display_url":"pic.twitter.com/E3lffNFqAi","expanded_url":"https://twitter.com/mayla_classic/status/887869116668719104/photo/1","type":"photo","sizes":{"medium":{"w":695,"h":660,"resize":"fit"},"large":{"w":695,"h":660,"resize":"fit"},"thumb":{"w":150,"h":150,"resize":"crop"},"small":{"w":680,"h":646,"resize":"fit"}}}]},"metadata":{"iso_language_code":"ja","result_type":"recent"},"source":"<a href=\"http://twitter.com\" rel=\"nofollow\">Twitter Web Client</a>","in_reply_to_status_id":null,"in_reply_to_status_id_str":null,"in_reply_to_user_id":null,"in_reply_to_user_id_str":null,"in_reply_to_screen_name":null,"user":{"id":350588237,"id_str":"350588237","name":"mayla classic","screen_name":"mayla_classic","location":"大阪府堺市","description":"出会った瞬間、体温が2℃あがる靴","url":"https://t.co/XUqUDaRT9g","entities":{"url":{"urls":[{"url":"https://t.co/XUqUDaRT9g","expanded_url":"http://mayla.jp","display_url":"mayla.jp","indices":[0,23]}]},"description":{"urls":[]}},"protected":false,"followers_count":208520,"friends_count":0,"listed_count":1188,"created_at":"Mon Aug 08 00:57:21 +0000 2011","favourites_count":18527,"utc_offset":32400,"time_zone":"Tokyo","geo_enabled":true,"verified":true,"statuses_count":5484,"lang":"ja","contributors_enabled":false,"is_translator":false,"is_translation_enabled":false,"profile_background_color":"FFFFFF","profile_background_image_url":"http://pbs.twimg.com/profile_background_images/443184949542137857/V9p8Bi_1.jpeg","profile_background_image_url_https":"https://pbs.twimg.com/profile_background_images/443184949542137857/V9p8Bi_1.jpeg","profile_background_tile":true,"profile_image_url":"http://pbs.twimg.com/profile_images/656021618230083584/BAc7JkQ9_normal.jpg","profile_image_url_https":"https://pbs.twimg.com/profile_images/656021618230083584/BAc7JkQ9_normal.jpg","profile_banner_url":"https://pbs.twimg.com/profile_banners/350588237/1499854535","profile_link_color":"EBDCDA","profile_sidebar_border_color":"FFFFFF","profile_sidebar_fill_color":"E6F6F9","profile_text_color":"333333","profile_use_background_image":true,"has_extended_profile":false,"default_profile":false,"default_profile_image":false,"following":false,"follow_request_sent":false,"notifications":false,"translator_type":"none"},"geo":null,"coordinates":null,"place":null,"contributors":null,"is_quote_status":false,"retweet_count":7658,"favorite_count":1724,"favorited":false,"retweeted":false,"possibly_sensitive":false,"lang":"ja"},{"created_at":"Thu Jul 20 00:00:49 +0000 2017","id":887824579036684300,"id_str":"887824579036684290","text":"＼その場で当たる✨／\n@jalannetをフォロー＆リツイートで\n乃木坂46限定動画＆オリジナルグッズをプレゼント🎁(～8/31)\n詳細は▼\n#じゃらん乃木夏 #乃木坂46 #毎日挑戦\nhttps://t.co/RB3j5QdIZq","truncated":false,"entities":{"hashtags":[{"text":"じゃらん乃木夏","indices":[71,79]},{"text":"乃木坂46","indices":[80,86]},{"text":"毎日挑戦","indices":[87,92]}],"symbols":[],"user_mentions":[{"screen_name":"jalannet","name":"じゃらんnet〈公式〉","id":104657420,"id_str":"104657420","indices":[11,20]}],"urls":[{"url":"https://t.co/RB3j5QdIZq","expanded_url":"https://cards.twitter.com/cards/18ce53vz78s/4gzun","display_url":"cards.twitter.com/cards/18ce53vz…","indices":[93,116]}]},"metadata":{"iso_language_code":"ja","result_type":"recent"},"source":"<a href=\"http://www.hootsuite.com\" rel=\"nofollow\">Hootsuite</a>","in_reply_to_status_id":null,"in_reply_to_status_id_str":null,"in_reply_to_user_id":null,"in_reply_to_user_id_str":null,"in_reply_to_screen_name":null,"user":{"id":104657420,"id_str":"104657420","name":"じゃらんnet〈公式〉","screen_name":"jalannet","location":"tokyo","description":"#じゃらん乃木夏 キャンペーン https://t.co/ckMhbZJt9c ご利用の皆様には大変多くのご応募をいただき誠にありがとうございます。現在一部の利用者による悪質な迷惑行為が確認されております。このため応募条件を「リツイートのみ」の参加と変更させていただきます。何卒ご了承頂きますようお願い申し上げます","url":"https://t.co/KMaSJDljI7","entities":{"url":{"urls":[{"url":"https://t.co/KMaSJDljI7","expanded_url":"http://www.jalan.net/","display_url":"jalan.net","indices":[0,23]}]},"description":{"urls":[{"url":"https://t.co/ckMhbZJt9c","expanded_url":"http://ow.ly/f4F930dgMiT","display_url":"ow.ly/f4F930dgMiT","indices":[16,39]}]}},"protected":false,"followers_count":248706,"friends_count":9,"listed_count":567,"created_at":"Thu Jan 14 00:33:53 +0000 2010","favourites_count":99,"utc_offset":32400,"time_zone":"Tokyo","geo_enabled":false,"verified":true,"statuses_count":2195035,"lang":"ja","contributors_enabled":false,"is_translator":false,"is_translation_enabled":false,"profile_background_color":"000000","profile_background_image_url":"http://abs.twimg.com/images/themes/theme1/bg.png","profile_background_image_url_https":"https://abs.twimg.com/images/themes/theme1/bg.png","profile_background_tile":false,"profile_image_url":"http://pbs.twimg.com/profile_images/430525545340612608/sK5D22SC_normal.jpeg","profile_image_url_https":"https://pbs.twimg.com/profile_images/430525545340612608/sK5D22SC_normal.jpeg","profile_banner_url":"https://pbs.twimg.com/profile_banners/104657420/1499393475","profile_link_color":"1B95E0","profile_sidebar_border_color":"000000","profile_sidebar_fill_color":"000000","profile_text_color":"000000","profile_use_background_image":false,"has_extended_profile":false,"default_profile":false,"default_profile_image":false,"following":false,"follow_request_sent":false,"notifications":false,"translator_type":"none"},"geo":null,"coordinates":null,"place":null,"contributors":null,"is_quote_status":false,"retweet_count":13295,"favorite_count":1126,"favorited":false,"retweeted":false,"possibly_sensitive":false,"lang":"ja"},{"created_at":"Wed Jul 19 20:00:14 +0000 2017","id":887764033419345900,"id_str":"887764033419345920","text":"8月11日(金)夜9時より日本テレビ「金曜ロードSHOW!」にて\n新たなスペシャル映像が入った『HiGH&amp;LOW THE MOVIE 特別版 from THE RED RAIN』の放送が決定ッ！\n是非ご覧ください！… https://t.co/VwdhB9Hjxr","truncated":true,"entities":{"hashtags":[],"symbols":[],"user_mentions":[],"urls":[{"url":"https://t.co/VwdhB9Hjxr","expanded_url":"https://twitter.com/i/web/status/887764033419345920","display_url":"twitter.com/i/web/status/8…","indices":[113,136]}]},"metadata":{"iso_language_code":"ja","result_type":"recent"},"source":"<a href=\"http://twitter.com\" rel=\"nofollow\">Twitter Web Client</a>","in_reply_to_status_id":null,"in_reply_to_status_id_str":null,"in_reply_to_user_id":null,"in_reply_to_user_id_str":null,"in_reply_to_screen_name":null,"user":{"id":3226713546,"id_str":"3226713546","name":"HiGH&LOW OFFICIAL","screen_name":"HiGH_LOW_PR","location":"","description":"HiGH&LOWオフィシャルtwitter. HiGH&LOWの最新情報を発信します。","url":"http://t.co/Qpce29fIzY","entities":{"url":{"urls":[{"url":"http://t.co/Qpce29fIzY","expanded_url":"http://high-low.jp","display_url":"high-low.jp","indices":[0,22]}]},"description":{"urls":[]}},"protected":false,"followers_count":500224,"friends_count":60,"listed_count":1134,"created_at":"Tue May 26 03:56:29 +0000 2015","favourites_count":5,"utc_offset":-25200,"time_zone":"Pacific Time (US & Canada)","geo_enabled":false,"verified":true,"statuses_count":868,"lang":"ja","contributors_enabled":false,"is_translator":false,"is_translation_enabled":false,"profile_background_color":"C0DEED","profile_background_image_url":"http://abs.twimg.com/images/themes/theme1/bg.png","profile_background_image_url_https":"https://abs.twimg.com/images/themes/theme1/bg.png","profile_background_tile":false,"profile_image_url":"http://pbs.twimg.com/profile_images/722760502951084032/brnAIRRQ_normal.jpg","profile_image_url_https":"https://pbs.twimg.com/profile_images/722760502951084032/brnAIRRQ_normal.jpg","profile_banner_url":"https://pbs.twimg.com/profile_banners/3226713546/1461154490","profile_link_color":"1DA1F2","profile_sidebar_border_color":"C0DEED","profile_sidebar_fill_color":"DDEEF6","profile_text_color":"333333","profile_use_background_image":true,"has_extended_profile":false,"default_profile":true,"default_profile_image":false,"following":false,"follow_request_sent":false,"notifications":false,"translator_type":"none"},"geo":null,"coordinates":null,"place":null,"contributors":null,"is_quote_status":false,"retweet_count":14512,"favorite_count":28572,"favorited":false,"retweeted":false,"possibly_sensitive":false,"lang":"ja"},{"created_at":"Wed Jul 19 16:10:57 +0000 2017","id":887706336040894500,"id_str":"887706336040894464","text":"☆月野百鬼夜行☆\nそこは、神をも凌ぐ強大な力を持つ、黒白天狐がおわす、それはそれは古い社。\n昼間は、人々の憩いの場として。\n夜は、不思議な者達が集う場として。\n夜な夜な不思議な宴が開かれているそうな…。\n＃月野百鬼夜行 https://t.co/rzCruRT4ys","truncated":false,"entities":{"hashtags":[{"text":"月野百鬼夜行","indices":[102,109]}],"symbols":[],"user_mentions":[],"urls":[],"media":[{"id":887706190695718900,"id_str":"887706190695718913","indices":[110,133],"media_url":"http://pbs.twimg.com/media/DFHEE8FVYAE3ngP.jpg","media_url_https":"https://pbs.twimg.com/media/DFHEE8FVYAE3ngP.jpg","url":"https://t.co/rzCruRT4ys","display_url":"pic.twitter.com/rzCruRT4ys","expanded_url":"https://twitter.com/tsukiuta1/status/887706336040894464/photo/1","type":"photo","sizes":{"small":{"w":680,"h":680,"resize":"fit"},"thumb":{"w":150,"h":150,"resize":"crop"},"medium":{"w":886,"h":886,"resize":"fit"},"large":{"w":886,"h":886,"resize":"fit"}}}]},"extended_entities":{"media":[{"id":887706190695718900,"id_str":"887706190695718913","indices":[110,133],"media_url":"http://pbs.twimg.com/media/DFHEE8FVYAE3ngP.jpg","media_url_https":"https://pbs.twimg.com/media/DFHEE8FVYAE3ngP.jpg","url":"https://t.co/rzCruRT4ys","display_url":"pic.twitter.com/rzCruRT4ys","expanded_url":"https://twitter.com/tsukiuta1/status/887706336040894464/photo/1","type":"photo","sizes":{"small":{"w":680,"h":680,"resize":"fit"},"thumb":{"w":150,"h":150,"resize":"crop"},"medium":{"w":886,"h":886,"resize":"fit"},"large":{"w":886,"h":886,"resize":"fit"}}}]},"metadata":{"iso_language_code":"ja","result_type":"recent"},"source":"<a href=\"http://twitter.com\" rel=\"nofollow\">Twitter Web Client</a>","in_reply_to_status_id":null,"in_reply_to_status_id_str":null,"in_reply_to_user_id":null,"in_reply_to_user_id_str":null,"in_reply_to_screen_name":null,"user":{"id":801746160,"id_str":"801746160","name":"ツキウタ。公式","screen_name":"tsukiuta1","location":"ツキノ寮","description":"声と音楽で綴る月々の物語…。オリジナルキャラクターソングCDシリーズ「ツキウタ。」のゆるめの公式アカウントです。公式HPの更新やリリース情報等をお知らせします。※こちらは基本的に情報発信用のアカウントです。個別の返信は行いません","url":"https://t.co/goRdd9wenr","entities":{"url":{"urls":[{"url":"https://t.co/goRdd9wenr","expanded_url":"http://www.tsukiuta.com/","display_url":"tsukiuta.com","indices":[0,23]}]},"description":{"urls":[]}},"protected":false,"followers_count":157548,"friends_count":76,"listed_count":3468,"created_at":"Tue Sep 04 03:49:10 +0000 2012","favourites_count":742,"utc_offset":32400,"time_zone":"Tokyo","geo_enabled":true,"verified":false,"statuses_count":14578,"lang":"ja","contributors_enabled":false,"is_translator":false,"is_translation_enabled":false,"profile_background_color":"FFCC4D","profile_background_image_url":"http://pbs.twimg.com/profile_background_images/550332367726841858/xkfr7yw8.jpeg","profile_background_image_url_https":"https://pbs.twimg.com/profile_background_images/550332367726841858/xkfr7yw8.jpeg","profile_background_tile":false,"profile_image_url":"http://pbs.twimg.com/profile_images/881157064722010114/xi4xHYYW_normal.jpg","profile_image_url_https":"https://pbs.twimg.com/profile_images/881157064722010114/xi4xHYYW_normal.jpg","profile_banner_url":"https://pbs.twimg.com/profile_banners/801746160/1491059502","profile_link_color":"89C9FA","profile_sidebar_border_color":"FFFFFF","profile_sidebar_fill_color":"95E8EC","profile_text_color":"3C3940","profile_use_background_image":true,"has_extended_profile":false,"default_profile":false,"default_profile_image":false,"following":false,"follow_request_sent":false,"notifications":false,"translator_type":"none"},"geo":null,"coordinates":null,"place":null,"contributors":null,"is_quote_status":false,"retweet_count":5923,"favorite_count":12984,"favorited":false,"retweeted":false,"possibly_sensitive":false,"lang":"ja"},{"created_at":"Wed Jul 19 15:50:58 +0000 2017","id":887701307217150000,"id_str":"887701307217149952","text":"隠れたヒカキンを探せ！#5\n【難易度 爆絶】\n見つけた人はRT！ #ヒカキンを探せ https://t.co/XCmfBIgj7W","truncated":false,"entities":{"hashtags":[{"text":"ヒカキンを探せ","indices":[33,41]}],"symbols":[],"user_mentions":[],"urls":[],"media":[{"id":887701296379117600,"id_str":"887701296379117569","indices":[42,65],"media_url":"http://pbs.twimg.com/media/DFG_oDVUwAEFkBL.jpg","media_url_https":"https://pbs.twimg.com/media/DFG_oDVUwAEFkBL.jpg","url":"https://t.co/XCmfBIgj7W","display_url":"pic.twitter.com/XCmfBIgj7W","expanded_url":"https://twitter.com/hikakin/status/887701307217149952/photo/1","type":"photo","sizes":{"medium":{"w":1200,"h":900,"resize":"fit"},"small":{"w":680,"h":510,"resize":"fit"},"thumb":{"w":150,"h":150,"resize":"crop"},"large":{"w":2048,"h":1536,"resize":"fit"}}}]},"extended_entities":{"media":[{"id":887701296379117600,"id_str":"887701296379117569","indices":[42,65],"media_url":"http://pbs.twimg.com/media/DFG_oDVUwAEFkBL.jpg","media_url_https":"https://pbs.twimg.com/media/DFG_oDVUwAEFkBL.jpg","url":"https://t.co/XCmfBIgj7W","display_url":"pic.twitter.com/XCmfBIgj7W","expanded_url":"https://twitter.com/hikakin/status/887701307217149952/photo/1","type":"photo","sizes":{"medium":{"w":1200,"h":900,"resize":"fit"},"small":{"w":680,"h":510,"resize":"fit"},"thumb":{"w":150,"h":150,"resize":"crop"},"large":{"w":2048,"h":1536,"resize":"fit"}}}]},"metadata":{"iso_language_code":"ja","result_type":"recent"},"source":"<a href=\"http://twitter.com/download/iphone\" rel=\"nofollow\">Twitter for iPhone</a>","in_reply_to_status_id":null,"in_reply_to_status_id_str":null,"in_reply_to_user_id":null,"in_reply_to_user_id_str":null,"in_reply_to_screen_name":null,"user":{"id":130447415,"id_str":"130447415","name":"HIKAKIN ヒカキン","screen_name":"hikakin","location":"Tokyo","description":"YouTuber（ユーチューバー）やってます。平成生まれ。YouTube歴11年。再生回数計64億回、チャンネル登録者計970万人突破。 インスタグラムもフォロー是非→https://t.co/3N95acANAT","url":"https://t.co/TiG4bRwwRJ","entities":{"url":{"urls":[{"url":"https://t.co/TiG4bRwwRJ","expanded_url":"https://www.youtube.com/user/hikakintv","display_url":"youtube.com/user/hikakintv","indices":[0,23]}]},"description":{"urls":[{"url":"https://t.co/3N95acANAT","expanded_url":"https://www.instagram.com/hikakin/","display_url":"instagram.com/hikakin/","indices":[84,107]}]}},"protected":false,"followers_count":2125570,"friends_count":970,"listed_count":4855,"created_at":"Wed Apr 07 09:33:08 +0000 2010","favourites_count":4392,"utc_offset":-36000,"time_zone":"Hawaii","geo_enabled":false,"verified":true,"statuses_count":36984,"lang":"ja","contributors_enabled":false,"is_translator":false,"is_translation_enabled":false,"profile_background_color":"000000","profile_background_image_url":"http://pbs.twimg.com/profile_background_images/544921687/__________2012-05-05_18.56.52.png","profile_background_image_url_https":"https://pbs.twimg.com/profile_background_images/544921687/__________2012-05-05_18.56.52.png","profile_background_tile":false,"profile_image_url":"http://pbs.twimg.com/profile_images/826448439592366081/yNaadj6o_normal.jpg","profile_image_url_https":"https://pbs.twimg.com/profile_images/826448439592366081/yNaadj6o_normal.jpg","profile_banner_url":"https://pbs.twimg.com/profile_banners/130447415/1500095977","profile_link_color":"05B9F0","profile_sidebar_border_color":"000000","profile_sidebar_fill_color":"EFEFEF","profile_text_color":"333333","profile_use_background_image":false,"has_extended_profile":true,"default_profile":false,"default_profile_image":false,"following":false,"follow_request_sent":false,"notifications":false,"translator_type":"none"},"geo":null,"coordinates":null,"place":null,"contributors":null,"is_quote_status":false,"retweet_count":9284,"favorite_count":11964,"favorited":false,"retweeted":false,"possibly_sensitive":false,"lang":"ja"},{"created_at":"Wed Jul 19 15:00:08 +0000 2017","id":887688512509681700,"id_str":"887688512509681665","text":"すべてのA.R.M.Yの皆さんへ♡ #バンタン 最新ライブ★今日、午後8時半からアンコール放送♪雨で視聴できなかった方、もう一度見たい方！あの感動と興奮をマニマニマニ♡皆さんの貴重なボイスは、次回にね(*ﾟｰﾟ)db(ﾟｰﾟ*)… https://t.co/V7sNGfkj3U","truncated":true,"entities":{"hashtags":[{"text":"バンタン","indices":[18,23]}],"symbols":[],"user_mentions":[],"urls":[{"url":"https://t.co/V7sNGfkj3U","expanded_url":"https://twitter.com/i/web/status/887688512509681665","display_url":"twitter.com/i/web/status/8…","indices":[116,139]}]},"metadata":{"iso_language_code":"ja","result_type":"recent"},"source":"<a href=\"http://engagemanager.tribalmedia.co.jp/\" rel=\"nofollow\">EngageManager</a>","in_reply_to_status_id":null,"in_reply_to_status_id_str":null,"in_reply_to_user_id":null,"in_reply_to_user_id_str":null,"in_reply_to_screen_name":null,"user":{"id":2383099080,"id_str":"2383099080","name":"TBSチャンネル","screen_name":"tbschannel","location":"東京都港区赤坂","description":"TBSが運営するCS放送「TBSチャンネル1 最新ドラマ・音楽・映画」「TBSチャンネル2 名作ドラマ・スポーツ・アニメ」の公式Twitterです。","url":"http://t.co/cUm5LTZ49Q","entities":{"url":{"urls":[{"url":"http://t.co/cUm5LTZ49Q","expanded_url":"http://www.tbs.co.jp/tbs-ch/","display_url":"tbs.co.jp/tbs-ch/","indices":[0,22]}]},"description":{"urls":[]}},"protected":false,"followers_count":23577,"friends_count":47,"listed_count":249,"created_at":"Tue Mar 11 03:46:12 +0000 2014","favourites_count":891,"utc_offset":32400,"time_zone":"Tokyo","geo_enabled":false,"verified":false,"statuses_count":2818,"lang":"ja","contributors_enabled":false,"is_translator":false,"is_translation_enabled":false,"profile_background_color":"C0DEED","profile_background_image_url":"http://abs.twimg.com/images/themes/theme1/bg.png","profile_background_image_url_https":"https://abs.twimg.com/images/themes/theme1/bg.png","profile_background_tile":false,"profile_image_url":"http://pbs.twimg.com/profile_images/875532778997112832/iGU3An0T_normal.jpg","profile_image_url_https":"https://pbs.twimg.com/profile_images/875532778997112832/iGU3An0T_normal.jpg","profile_banner_url":"https://pbs.twimg.com/profile_banners/2383099080/1500206506","profile_link_color":"1DA1F2","profile_sidebar_border_color":"C0DEED","profile_sidebar_fill_color":"DDEEF6","profile_text_color":"333333","profile_use_background_image":true,"has_extended_profile":false,"default_profile":true,"default_profile_image":false,"following":false,"follow_request_sent":false,"notifications":false,"translator_type":"none"},"geo":null,"coordinates":null,"place":null,"contributors":null,"is_quote_status":false,"retweet_count":7767,"favorite_count":16481,"favorited":false,"retweeted":false,"possibly_sensitive":false,"lang":"ja"},{"created_at":"Wed Jul 19 15:00:03 +0000 2017","id":887688493496807400,"id_str":"887688493496807424","text":"明日7/21 (金)は『スプラトゥーン2』の発売日だ。\n今までの思い出にナイス！これからのバトルにカモン！\n1万2千年後のイカの世界に飛び込もう。\n#明日はイカだ\nhttps://t.co/tRMTvwGi9U https://t.co/GmO2LqHzlv","truncated":false,"entities":{"hashtags":[{"text":"明日はイカだ","indices":[74,81]}],"symbols":[],"user_mentions":[],"urls":[{"url":"https://t.co/tRMTvwGi9U","expanded_url":"https://www.nintendo.co.jp/switch/aab6a/index.html","display_url":"nintendo.co.jp/switch/aab6a/i…","indices":[82,105]}],"media":[{"id":885647587490922500,"id_str":"885647587490922496","indices":[106,129],"media_url":"http://pbs.twimg.com/media/DEpzydiUAAA0J4P.jpg","media_url_https":"https://pbs.twimg.com/media/DEpzydiUAAA0J4P.jpg","url":"https://t.co/GmO2LqHzlv","display_url":"pic.twitter.com/GmO2LqHzlv","expanded_url":"https://twitter.com/SplatoonJP/status/887688493496807424/photo/1","type":"photo","sizes":{"thumb":{"w":150,"h":150,"resize":"crop"},"large":{"w":2000,"h":1125,"resize":"fit"},"medium":{"w":1200,"h":675,"resize":"fit"},"small":{"w":680,"h":383,"resize":"fit"}}}]},"extended_entities":{"media":[{"id":885647587490922500,"id_str":"885647587490922496","indices":[106,129],"media_url":"http://pbs.twimg.com/media/DEpzydiUAAA0J4P.jpg","media_url_https":"https://pbs.twimg.com/media/DEpzydiUAAA0J4P.jpg","url":"https://t.co/GmO2LqHzlv","display_url":"pic.twitter.com/GmO2LqHzlv","expanded_url":"https://twitter.com/SplatoonJP/status/887688493496807424/photo/1","type":"photo","sizes":{"thumb":{"w":150,"h":150,"resize":"crop"},"large":{"w":2000,"h":1125,"resize":"fit"},"medium":{"w":1200,"h":675,"resize":"fit"},"small":{"w":680,"h":383,"resize":"fit"}}}]},"metadata":{"iso_language_code":"ja","result_type":"recent"},"source":"<a href=\"https://ads.twitter.com\" rel=\"nofollow\">Twitter Ads</a>","in_reply_to_status_id":null,"in_reply_to_status_id_str":null,"in_reply_to_user_id":null,"in_reply_to_user_id_str":null,"in_reply_to_screen_name":null,"user":{"id":2888006497,"id_str":"2888006497","name":"Splatoon（スプラトゥーン）","screen_name":"SplatoonJP","location":"","description":"『スプラトゥーン』公式総合アカウント。イカ研究所の調査報告（ゲーム情報）やお知らせをお伝えします。最新作の『スプラトゥーン2』は2017年7月21日（金）発売予定。ご質問・お問い合わせにはお答えしておりませんのでご容赦ください。 ※イカ研究所は実在の人物、団体とは一切関係ございません。","url":"https://t.co/yCMNfZlVpz","entities":{"url":{"urls":[{"url":"https://t.co/yCMNfZlVpz","expanded_url":"https://www.nintendo.co.jp/switch/aab6a/index.html","display_url":"nintendo.co.jp/switch/aab6a/i…","indices":[0,23]}]},"description":{"urls":[]}},"protected":false,"followers_count":668368,"friends_count":1,"listed_count":6500,"created_at":"Mon Nov 03 01:36:06 +0000 2014","favourites_count":0,"utc_offset":32400,"time_zone":"Tokyo","geo_enabled":false,"verified":true,"statuses_count":1478,"lang":"ja","contributors_enabled":false,"is_translator":false,"is_translation_enabled":false,"profile_background_color":"000000","profile_background_image_url":"http://pbs.twimg.com/profile_background_images/530105343452274688/WJl6dNx5.jpeg","profile_background_image_url_https":"https://pbs.twimg.com/profile_background_images/530105343452274688/WJl6dNx5.jpeg","profile_background_tile":false,"profile_image_url":"http://pbs.twimg.com/profile_images/819765217957552132/1WftJJM1_normal.jpg","profile_image_url_https":"https://pbs.twimg.com/profile_images/819765217957552132/1WftJJM1_normal.jpg","profile_banner_url":"https://pbs.twimg.com/profile_banners/2888006497/1484282224","profile_link_color":"000000","profile_sidebar_border_color":"000000","profile_sidebar_fill_color":"E3E2DE","profile_text_color":"634047","profile_use_background_image":true,"has_extended_profile":false,"default_profile":false,"default_profile_image":false,"following":false,"follow_request_sent":false,"notifications":false,"translator_type":"none"},"geo":null,"coordinates":null,"place":null,"contributors":null,"is_quote_status":false,"retweet_count":31117,"favorite_count":44961,"favorited":false,"retweeted":false,"possibly_sensitive":false,"lang":"ja"},{"created_at":"Wed Jul 19 14:45:56 +0000 2017","id":887684938601873400,"id_str":"887684938601873408","text":"銀魂ビジュアルブック読んでるんだけど空知が撮影見学にくるって事前に聞いてたのに直前になって照れ屋だから来れないと言われて「先生に来ていただけなけないなら小栗旬之介の件で訴訟を起こしてもいい」と最終的に空知を脅して撮影現場に来させた小栗旬ほんますき","truncated":false,"entities":{"hashtags":[],"symbols":[],"user_mentions":[],"urls":[]},"metadata":{"iso_language_code":"ja","result_type":"recent"},"source":"<a href=\"http://twitter.com/download/android\" rel=\"nofollow\">Twitter for Android</a>","in_reply_to_status_id":null,"in_reply_to_status_id_str":null,"in_reply_to_user_id":null,"in_reply_to_user_id_str":null,"in_reply_to_screen_name":null,"user":{"id":111912868,"id_str":"111912868","name":"73","screen_name":"nana37san","location":"そこじゃない","description":"からあげにはレモンをかけます。成人済。好きなリーゼントは東方仗助、好きなテクノカットは真島吾朗、好きな天パは坂田銀時、好きなニシパはキロランケです。 ヒゲ好き。 2次元のおっさんがすき。でもわりとなんでも受け入れます。","url":null,"entities":{"description":{"urls":[]}},"protected":false,"followers_count":221,"friends_count":169,"listed_count":9,"created_at":"Sat Feb 06 15:35:55 +0000 2010","favourites_count":22772,"utc_offset":32400,"time_zone":"Tokyo","geo_enabled":false,"verified":false,"statuses_count":61626,"lang":"ja","contributors_enabled":false,"is_translator":false,"is_translation_enabled":false,"profile_background_color":"0099B9","profile_background_image_url":"http://pbs.twimg.com/profile_background_images/659712345267007488/QWKEdMfN.jpg","profile_background_image_url_https":"https://pbs.twimg.com/profile_background_images/659712345267007488/QWKEdMfN.jpg","profile_background_tile":false,"profile_image_url":"http://pbs.twimg.com/profile_images/876097498690994176/ZES9nXm-_normal.jpg","profile_image_url_https":"https://pbs.twimg.com/profile_images/876097498690994176/ZES9nXm-_normal.jpg","profile_banner_url":"https://pbs.twimg.com/profile_banners/111912868/1385564991","profile_link_color":"0099B9","profile_sidebar_border_color":"000000","profile_sidebar_fill_color":"000000","profile_text_color":"000000","profile_use_background_image":true,"has_extended_profile":false,"default_profile":false,"default_profile_image":false,"following":false,"follow_request_sent":false,"notifications":false,"translator_type":"none"},"geo":null,"coordinates":null,"place":null,"contributors":null,"is_quote_status":false,"retweet_count":32720,"favorite_count":40276,"favorited":false,"retweeted":false,"lang":"ja"},{"created_at":"Wed Jul 19 14:27:05 +0000 2017","id":887680196064694300,"id_str":"887680196064694277","text":"おれはTBSを許さない。 https://t.co/A4qFLzmdho","truncated":false,"entities":{"hashtags":[],"symbols":[],"user_mentions":[],"urls":[],"media":[{"id":887680186463866900,"id_str":"887680186463866880","indices":[13,36],"media_url":"http://pbs.twimg.com/media/DFGsbSxU0AA20TF.jpg","media_url_https":"https://pbs.twimg.com/media/DFGsbSxU0AA20TF.jpg","url":"https://t.co/A4qFLzmdho","display_url":"pic.twitter.com/A4qFLzmdho","expanded_url":"https://twitter.com/keiya56/status/887680196064694277/photo/1","type":"photo","sizes":{"medium":{"w":1200,"h":900,"resize":"fit"},"small":{"w":680,"h":510,"resize":"fit"},"thumb":{"w":150,"h":150,"resize":"crop"},"large":{"w":2048,"h":1536,"resize":"fit"}}}]},"extended_entities":{"media":[{"id":887680186463866900,"id_str":"887680186463866880","indices":[13,36],"media_url":"http://pbs.twimg.com/media/DFGsbSxU0AA20TF.jpg","media_url_https":"https://pbs.twimg.com/media/DFGsbSxU0AA20TF.jpg","url":"https://t.co/A4qFLzmdho","display_url":"pic.twitter.com/A4qFLzmdho","expanded_url":"https://twitter.com/keiya56/status/887680196064694277/photo/1","type":"photo","sizes":{"medium":{"w":1200,"h":900,"resize":"fit"},"small":{"w":680,"h":510,"resize":"fit"},"thumb":{"w":150,"h":150,"resize":"crop"},"large":{"w":2048,"h":1536,"resize":"fit"}}},{"id":887680186455441400,"id_str":"887680186455441408","indices":[13,36],"media_url":"http://pbs.twimg.com/media/DFGsbSvUQAAYlIc.jpg","media_url_https":"https://pbs.twimg.com/media/DFGsbSvUQAAYlIc.jpg","url":"https://t.co/A4qFLzmdho","display_url":"pic.twitter.com/A4qFLzmdho","expanded_url":"https://twitter.com/keiya56/status/887680196064694277/photo/1","type":"photo","sizes":{"small":{"w":510,"h":680,"resize":"fit"},"thumb":{"w":150,"h":150,"resize":"crop"},"large":{"w":1024,"h":1366,"resize":"fit"},"medium":{"w":900,"h":1200,"resize":"fit"}}}]},"metadata":{"iso_language_code":"ja","result_type":"recent"},"source":"<a href=\"http://twitter.com/download/iphone\" rel=\"nofollow\">Twitter for iPhone</a>","in_reply_to_status_id":null,"in_reply_to_status_id_str":null,"in_reply_to_user_id":null,"in_reply_to_user_id_str":null,"in_reply_to_screen_name":null,"user":{"id":1702626020,"id_str":"1702626020","name":"井上敬弥","screen_name":"keiya56","location":"山野69-5","description":"永遠のカリスマ","url":"https://t.co/93cwaSyJ9h","entities":{"url":{"urls":[{"url":"https://t.co/93cwaSyJ9h","expanded_url":"http://Instagram.com/keiya56","display_url":"Instagram.com/keiya56","indices":[0,23]}]},"description":{"urls":[]}},"protected":false,"followers_count":2532,"friends_count":1033,"listed_count":3,"created_at":"Mon Aug 26 18:29:31 +0000 2013","favourites_count":11243,"utc_offset":null,"time_zone":null,"geo_enabled":true,"verified":false,"statuses_count":791,"lang":"ja","contributors_enabled":false,"is_translator":false,"is_translation_enabled":false,"profile_background_color":"C0DEED","profile_background_image_url":"http://abs.twimg.com/images/themes/theme1/bg.png","profile_background_image_url_https":"https://abs.twimg.com/images/themes/theme1/bg.png","profile_background_tile":false,"profile_image_url":"http://pbs.twimg.com/profile_images/887685096613879808/S1jO9pWq_normal.jpg","profile_image_url_https":"https://pbs.twimg.com/profile_images/887685096613879808/S1jO9pWq_normal.jpg","profile_banner_url":"https://pbs.twimg.com/profile_banners/1702626020/1498355692","profile_link_color":"1DA1F2","profile_sidebar_border_color":"C0DEED","profile_sidebar_fill_color":"DDEEF6","profile_text_color":"333333","profile_use_background_image":true,"has_extended_profile":true,"default_profile":true,"default_profile_image":false,"following":false,"follow_request_sent":false,"notifications":false,"translator_type":"none"},"geo":null,"coordinates":null,"place":null,"contributors":null,"is_quote_status":false,"retweet_count":54898,"favorite_count":66355,"favorited":false,"retweeted":false,"possibly_sensitive":true,"lang":"ja"},{"created_at":"Wed Jul 19 14:00:21 +0000 2017","id":887673465972506600,"id_str":"887673465972506624","text":"現役を引退してもなお\n困っている人を助けたいイルカ https://t.co/OcPXjTbTkY","truncated":false,"entities":{"hashtags":[],"symbols":[],"user_mentions":[],"urls":[],"media":[{"id":887673460788351000,"id_str":"887673460788350976","indices":[26,49],"media_url":"http://pbs.twimg.com/media/DFGmTzrU0AAhPrO.jpg","media_url_https":"https://pbs.twimg.com/media/DFGmTzrU0AAhPrO.jpg","url":"https://t.co/OcPXjTbTkY","display_url":"pic.twitter.com/OcPXjTbTkY","expanded_url":"https://twitter.com/mok2mok2/status/887673465972506624/photo/1","type":"photo","sizes":{"small":{"w":680,"h":680,"resize":"fit"},"medium":{"w":768,"h":768,"resize":"fit"},"thumb":{"w":150,"h":150,"resize":"crop"},"large":{"w":768,"h":768,"resize":"fit"}}}]},"extended_entities":{"media":[{"id":887673460788351000,"id_str":"887673460788350976","indices":[26,49],"media_url":"http://pbs.twimg.com/media/DFGmTzrU0AAhPrO.jpg","media_url_https":"https://pbs.twimg.com/media/DFGmTzrU0AAhPrO.jpg","url":"https://t.co/OcPXjTbTkY","display_url":"pic.twitter.com/OcPXjTbTkY","expanded_url":"https://twitter.com/mok2mok2/status/887673465972506624/photo/1","type":"photo","sizes":{"small":{"w":680,"h":680,"resize":"fit"},"medium":{"w":768,"h":768,"resize":"fit"},"thumb":{"w":150,"h":150,"resize":"crop"},"large":{"w":768,"h":768,"resize":"fit"}}}]},"metadata":{"iso_language_code":"ja","result_type":"recent"},"source":"<a href=\"http://twitter.com/download/iphone\" rel=\"nofollow\">Twitter for iPhone</a>","in_reply_to_status_id":null,"in_reply_to_status_id_str":null,"in_reply_to_user_id":null,"in_reply_to_user_id_str":null,"in_reply_to_screen_name":null,"user":{"id":344001930,"id_str":"344001930","name":"もくもくちゃん＊8月カフェ","screen_name":"mok2mok2","location":"ヴィレヴァンさまオンラインでグッズ販売中","description":"優しいひとには優しい出来事がありますように。。。。インスタ(https://t.co/41e5T92MGy)☆★☆★☆ご連絡はこちらまで(mok2mok2chan@gmail.com)","url":"https://t.co/QJ90JPwdYM","entities":{"url":{"urls":[{"url":"https://t.co/QJ90JPwdYM","expanded_url":"http://vvstore.jp/feature/detail/9365/","display_url":"vvstore.jp/feature/detail…","indices":[0,23]}]},"description":{"urls":[{"url":"https://t.co/41e5T92MGy","expanded_url":"http://Instagram.com/mok2mok2chan","display_url":"Instagram.com/mok2mok2chan","indices":[30,53]}]}},"protected":false,"followers_count":91850,"friends_count":315,"listed_count":596,"created_at":"Thu Jul 28 11:54:31 +0000 2011","favourites_count":7199,"utc_offset":-36000,"time_zone":"Hawaii","geo_enabled":false,"verified":false,"statuses_count":13669,"lang":"ja","contributors_enabled":false,"is_translator":false,"is_translation_enabled":false,"profile_background_color":"FFFFFF","profile_background_image_url":"http://abs.twimg.com/images/themes/theme1/bg.png","profile_background_image_url_https":"https://abs.twimg.com/images/themes/theme1/bg.png","profile_background_tile":false,"profile_image_url":"http://pbs.twimg.com/profile_images/816890998362021888/aAAwZGw0_normal.jpg","profile_image_url_https":"https://pbs.twimg.com/profile_images/816890998362021888/aAAwZGw0_normal.jpg","profile_banner_url":"https://pbs.twimg.com/profile_banners/344001930/1477461566","profile_link_color":"000000","profile_sidebar_border_color":"FFFFFF","profile_sidebar_fill_color":"DDEEF6","profile_text_color":"333333","profile_use_background_image":false,"has_extended_profile":true,"default_profile":false,"default_profile_image":false,"following":false,"follow_request_sent":false,"notifications":false,"translator_type":"none"},"geo":null,"coordinates":null,"place":null,"contributors":null,"is_quote_status":false,"retweet_count":5691,"favorite_count":14668,"favorited":false,"retweeted":false,"possibly_sensitive":false,"lang":"ja"},{"created_at":"Wed Jul 19 13:43:12 +0000 2017","id":887669150176247800,"id_str":"887669150176247810","text":"身を削る https://t.co/Lidxd3x7Qi","truncated":false,"entities":{"hashtags":[],"symbols":[],"user_mentions":[],"urls":[],"media":[{"id":887668950271537200,"id_str":"887668950271537153","indices":[5,28],"media_url":"http://pbs.twimg.com/media/DFGiNQsUMAEhGl0.jpg","media_url_https":"https://pbs.twimg.com/media/DFGiNQsUMAEhGl0.jpg","url":"https://t.co/Lidxd3x7Qi","display_url":"pic.twitter.com/Lidxd3x7Qi","expanded_url":"https://twitter.com/avogado6/status/887669150176247810/photo/1","type":"photo","sizes":{"small":{"w":680,"h":680,"resize":"fit"},"thumb":{"w":150,"h":150,"resize":"crop"},"large":{"w":800,"h":800,"resize":"fit"},"medium":{"w":800,"h":800,"resize":"fit"}}}]},"extended_entities":{"media":[{"id":887668950271537200,"id_str":"887668950271537153","indices":[5,28],"media_url":"http://pbs.twimg.com/media/DFGiNQsUMAEhGl0.jpg","media_url_https":"https://pbs.twimg.com/media/DFGiNQsUMAEhGl0.jpg","url":"https://t.co/Lidxd3x7Qi","display_url":"pic.twitter.com/Lidxd3x7Qi","expanded_url":"https://twitter.com/avogado6/status/887669150176247810/photo/1","type":"photo","sizes":{"small":{"w":680,"h":680,"resize":"fit"},"thumb":{"w":150,"h":150,"resize":"crop"},"large":{"w":800,"h":800,"resize":"fit"},"medium":{"w":800,"h":800,"resize":"fit"}}}]},"metadata":{"iso_language_code":"ja","result_type":"recent"},"source":"<a href=\"http://twitter.com\" rel=\"nofollow\">Twitter Web Client</a>","in_reply_to_status_id":null,"in_reply_to_status_id_str":null,"in_reply_to_user_id":null,"in_reply_to_user_id_str":null,"in_reply_to_screen_name":null,"user":{"id":324391547,"id_str":"324391547","name":"アボガド6","screen_name":"avogado6","location":"","description":"化学が好きな一般人です。映像作品とか創ってます。http://t.co/ipBsbge0ll","url":"http://t.co/EiHogSmY2Z","entities":{"url":{"urls":[{"url":"http://t.co/EiHogSmY2Z","expanded_url":"http://avogado6.wix.com/6022e-plus20","display_url":"avogado6.wix.com/6022e-plus20","indices":[0,22]}]},"description":{"urls":[{"url":"http://t.co/ipBsbge0ll","expanded_url":"http://www.nicovideo.jp/mylist/28725264","display_url":"nicovideo.jp/mylist/28725264","indices":[24,46]}]}},"protected":false,"followers_count":230041,"friends_count":27,"listed_count":1915,"created_at":"Sun Jun 26 14:46:50 +0000 2011","favourites_count":36,"utc_offset":-25200,"time_zone":"Pacific Time (US & Canada)","geo_enabled":false,"verified":false,"statuses_count":3212,"lang":"ja","contributors_enabled":false,"is_translator":false,"is_translation_enabled":false,"profile_background_color":"000000","profile_background_image_url":"http://pbs.twimg.com/profile_background_images/873958585/01311c34236282338aeee06442317e97.jpeg","profile_background_image_url_https":"https://pbs.twimg.com/profile_background_images/873958585/01311c34236282338aeee06442317e97.jpeg","profile_background_tile":false,"profile_image_url":"http://pbs.twimg.com/profile_images/715865999673675777/imuBDN9A_normal.jpg","profile_image_url_https":"https://pbs.twimg.com/profile_images/715865999673675777/imuBDN9A_normal.jpg","profile_banner_url":"https://pbs.twimg.com/profile_banners/324391547/1431398698","profile_link_color":"8F0072","profile_sidebar_border_color":"FFFFFF","profile_sidebar_fill_color":"FFFFFF","profile_text_color":"333333","profile_use_background_image":true,"has_extended_profile":false,"default_profile":false,"default_profile_image":false,"following":false,"follow_request_sent":false,"notifications":false,"translator_type":"none"},"geo":null,"coordinates":null,"place":null,"contributors":null,"is_quote_status":false,"retweet_count":7977,"favorite_count":27331,"favorited":false,"retweeted":false,"possibly_sensitive":false,"lang":"ja"},{"created_at":"Wed Jul 19 13:30:15 +0000 2017","id":887665893399867400,"id_str":"887665893399867393","text":"懐かしいひとが描きたくなったので🐻 https://t.co/M1whQHLDkP","truncated":false,"entities":{"hashtags":[],"symbols":[],"user_mentions":[],"urls":[],"media":[{"id":887665550670798800,"id_str":"887665550670798848","indices":[18,41],"media_url":"http://pbs.twimg.com/media/DFGfHYMVoAAxc37.jpg","media_url_https":"https://pbs.twimg.com/media/DFGfHYMVoAAxc37.jpg","url":"https://t.co/M1whQHLDkP","display_url":"pic.twitter.com/M1whQHLDkP","expanded_url":"https://twitter.com/kilacco/status/887665893399867393/photo/1","type":"photo","sizes":{"medium":{"w":526,"h":741,"resize":"fit"},"thumb":{"w":150,"h":150,"resize":"crop"},"large":{"w":526,"h":741,"resize":"fit"},"small":{"w":483,"h":680,"resize":"fit"}}}]},"extended_entities":{"media":[{"id":887665550670798800,"id_str":"887665550670798848","indices":[18,41],"media_url":"http://pbs.twimg.com/media/DFGfHYMVoAAxc37.jpg","media_url_https":"https://pbs.twimg.com/media/DFGfHYMVoAAxc37.jpg","url":"https://t.co/M1whQHLDkP","display_url":"pic.twitter.com/M1whQHLDkP","expanded_url":"https://twitter.com/kilacco/status/887665893399867393/photo/1","type":"photo","sizes":{"medium":{"w":526,"h":741,"resize":"fit"},"thumb":{"w":150,"h":150,"resize":"crop"},"large":{"w":526,"h":741,"resize":"fit"},"small":{"w":483,"h":680,"resize":"fit"}}}]},"metadata":{"iso_language_code":"ja","result_type":"recent"},"source":"<a href=\"https://about.twitter.com/products/tweetdeck\" rel=\"nofollow\">TweetDeck</a>","in_reply_to_status_id":null,"in_reply_to_status_id_str":null,"in_reply_to_user_id":null,"in_reply_to_user_id_str":null,"in_reply_to_screen_name":null,"user":{"id":73876548,"id_str":"73876548","name":"🐰狗神煌🐰３日目A08a","screen_name":"kilacco","location":"","description":"◆狗神煌。フリーの絵描き◆DM・リプ有難く拝見しております。お返事は出来てないですすいません😢◆腐のほう@ki0u014 （プロフ必読）◆","url":"https://t.co/sZWzOBRsgi","entities":{"url":{"urls":[{"url":"https://t.co/sZWzOBRsgi","expanded_url":"http://kilacoro.chu.jp","display_url":"kilacoro.chu.jp","indices":[0,23]}]},"description":{"urls":[]}},"protected":false,"followers_count":91928,"friends_count":47795,"listed_count":2936,"created_at":"Sun Sep 13 12:49:51 +0000 2009","favourites_count":2017,"utc_offset":32400,"time_zone":"Tokyo","geo_enabled":false,"verified":false,"statuses_count":15411,"lang":"ja","contributors_enabled":false,"is_translator":false,"is_translation_enabled":false,"profile_background_color":"0D0005","profile_background_image_url":"http://pbs.twimg.com/profile_background_images/397521112/____A.jpg","profile_background_image_url_https":"https://pbs.twimg.com/profile_background_images/397521112/____A.jpg","profile_background_tile":true,"profile_image_url":"http://pbs.twimg.com/profile_images/814441522145808384/3I-8W9R6_normal.jpg","profile_image_url_https":"https://pbs.twimg.com/profile_images/814441522145808384/3I-8W9R6_normal.jpg","profile_banner_url":"https://pbs.twimg.com/profile_banners/73876548/1445545396","profile_link_color":"AD617A","profile_sidebar_border_color":"FFFFFF","profile_sidebar_fill_color":"471626","profile_text_color":"CFBFC3","profile_use_background_image":true,"has_extended_profile":false,"default_profile":false,"default_profile_image":false,"following":false,"follow_request_sent":false,"notifications":false,"translator_type":"none"},"geo":null,"coordinates":null,"place":null,"contributors":null,"is_quote_status":false,"retweet_count":7153,"favorite_count":11896,"favorited":false,"retweeted":false,"possibly_sensitive":false,"lang":"ja"},{"created_at":"Wed Jul 19 13:29:27 +0000 2017","id":887665692870189000,"id_str":"887665692870189056","text":"クジラの金玉入荷しました！クジラの金玉は刺身で食うのが当たり前に旨い！プルンプルンの金玉を生姜醤油で食べる高級珍味です！皆様のご来店お待ちしております。#珍獣屋 https://t.co/KVkh0os8ku","truncated":false,"entities":{"hashtags":[{"text":"珍獣屋","indices":[76,80]}],"symbols":[],"user_mentions":[],"urls":[],"media":[{"id":887665673723236400,"id_str":"887665673723236352","indices":[81,104],"media_url":"http://pbs.twimg.com/media/DFGfOimU0AANznd.jpg","media_url_https":"https://pbs.twimg.com/media/DFGfOimU0AANznd.jpg","url":"https://t.co/KVkh0os8ku","display_url":"pic.twitter.com/KVkh0os8ku","expanded_url":"https://twitter.com/noge_chinjuya/status/887665692870189056/photo/1","type":"photo","sizes":{"medium":{"w":1200,"h":900,"resize":"fit"},"small":{"w":680,"h":510,"resize":"fit"},"thumb":{"w":150,"h":150,"resize":"crop"},"large":{"w":2048,"h":1536,"resize":"fit"}}}]},"extended_entities":{"media":[{"id":887665673723236400,"id_str":"887665673723236352","indices":[81,104],"media_url":"http://pbs.twimg.com/media/DFGfOimU0AANznd.jpg","media_url_https":"https://pbs.twimg.com/media/DFGfOimU0AANznd.jpg","url":"https://t.co/KVkh0os8ku","display_url":"pic.twitter.com/KVkh0os8ku","expanded_url":"https://twitter.com/noge_chinjuya/status/887665692870189056/photo/1","type":"photo","sizes":{"medium":{"w":1200,"h":900,"resize":"fit"},"small":{"w":680,"h":510,"resize":"fit"},"thumb":{"w":150,"h":150,"resize":"crop"},"large":{"w":2048,"h":1536,"resize":"fit"}}}]},"metadata":{"iso_language_code":"ja","result_type":"recent"},"source":"<a href=\"http://twitter.com/download/iphone\" rel=\"nofollow\">Twitter for iPhone</a>","in_reply_to_status_id":null,"in_reply_to_status_id_str":null,"in_reply_to_user_id":null,"in_reply_to_user_id_str":null,"in_reply_to_screen_name":null,"user":{"id":348383498,"id_str":"348383498","name":"珍獣屋","screen_name":"noge_chinjuya","location":"神奈川県横浜市中区野毛町1-45 港興産ビル3号館2階1号室","description":"熊、猪、鹿なんて当たり前！ワニ、ラクダ、カンガルーだって珍獣屋なら普通の領域！ ウーパールーパーやオオグソクムシ、食用昆虫まで食べられるのが横浜珍獣屋！ 月〜金曜日のご予約は17時又は19時。土曜は17時、19時、21時の中から選んで１７時以降にお電話下さいませ。 https://t.co/7F5V9fWdyy","url":null,"entities":{"description":{"urls":[{"url":"https://t.co/7F5V9fWdyy","expanded_url":"http://ameblo.jp/chinjuya/","display_url":"ameblo.jp/chinjuya/","indices":[133,156]}]}},"protected":false,"followers_count":19736,"friends_count":2550,"listed_count":350,"created_at":"Thu Aug 04 10:15:13 +0000 2011","favourites_count":29,"utc_offset":32400,"time_zone":"Tokyo","geo_enabled":true,"verified":false,"statuses_count":2885,"lang":"ja","contributors_enabled":false,"is_translator":false,"is_translation_enabled":false,"profile_background_color":"131516","profile_background_image_url":"http://pbs.twimg.com/profile_background_images/313890506/dacyoumomo.jpg","profile_background_image_url_https":"https://pbs.twimg.com/profile_background_images/313890506/dacyoumomo.jpg","profile_background_tile":true,"profile_image_url":"http://pbs.twimg.com/profile_images/468741109422649345/BJcBpVWt_normal.jpeg","profile_image_url_https":"https://pbs.twimg.com/profile_images/468741109422649345/BJcBpVWt_normal.jpeg","profile_link_color":"009999","profile_sidebar_border_color":"EEEEEE","profile_sidebar_fill_color":"EFEFEF","profile_text_color":"333333","profile_use_background_image":true,"has_extended_profile":false,"default_profile":false,"default_profile_image":false,"following":false,"follow_request_sent":false,"notifications":false,"translator_type":"none"},"geo":null,"coordinates":null,"place":null,"contributors":null,"is_quote_status":false,"retweet_count":6061,"favorite_count":4567,"favorited":false,"retweeted":false,"possibly_sensitive":false,"lang":"ja"},{"created_at":"Wed Jul 19 13:23:00 +0000 2017","id":887664066931507200,"id_str":"887664066931507200","text":"【世論調査のお願い】安倍内閣の支持率が29.9％にまで下落したと報じられました（時事通信社、回答2000人）。ここでネットユーザーに限って調査をしてみたいと思います。「あなたは安倍内閣を支持しますか、支持しませんか？」\n※より正確なデータにするため投票後にリツイートをお願いします","truncated":false,"entities":{"hashtags":[],"symbols":[],"user_mentions":[],"urls":[]},"metadata":{"iso_language_code":"ja","result_type":"recent"},"source":"<a href=\"http://twitter.com\" rel=\"nofollow\">Twitter Web Client</a>","in_reply_to_status_id":null,"in_reply_to_status_id_str":null,"in_reply_to_user_id":null,"in_reply_to_user_id_str":null,"in_reply_to_screen_name":null,"user":{"id":1576798765,"id_str":"1576798765","name":"netgeek","screen_name":"netgeek_0915","location":"media innovation","description":"バイラルメディアnetgeek（ネットギーク）は面白いニュースを毎日お届け。ビジネス/動物/IT/政治/グルメ/炎上/芸能/Lily（ガールズファッション）/Liam（メンズファッション）","url":"http://t.co/3hXAEgaLAS","entities":{"url":{"urls":[{"url":"http://t.co/3hXAEgaLAS","expanded_url":"http://netgeek.biz/","display_url":"netgeek.biz","indices":[0,22]}]},"description":{"urls":[]}},"protected":false,"followers_count":33487,"friends_count":4997,"listed_count":591,"created_at":"Mon Jul 08 05:01:10 +0000 2013","favourites_count":0,"utc_offset":32400,"time_zone":"Tokyo","geo_enabled":false,"verified":false,"statuses_count":19109,"lang":"ja","contributors_enabled":false,"is_translator":false,"is_translation_enabled":false,"profile_background_color":"C0DEED","profile_background_image_url":"http://pbs.twimg.com/profile_background_images/378800000081172870/d5098b2c3d1417da8ccd9764612248ca.png","profile_background_image_url_https":"https://pbs.twimg.com/profile_background_images/378800000081172870/d5098b2c3d1417da8ccd9764612248ca.png","profile_background_tile":true,"profile_image_url":"http://pbs.twimg.com/profile_images/875933180909338625/Wf-9rQfk_normal.jpg","profile_image_url_https":"https://pbs.twimg.com/profile_images/875933180909338625/Wf-9rQfk_normal.jpg","profile_banner_url":"https://pbs.twimg.com/profile_banners/1576798765/1490006513","profile_link_color":"0084B4","profile_sidebar_border_color":"FFFFFF","profile_sidebar_fill_color":"DDEEF6","profile_text_color":"333333","profile_use_background_image":true,"has_extended_profile":false,"default_profile":false,"default_profile_image":false,"following":false,"follow_request_sent":false,"notifications":false,"translator_type":"none"},"geo":null,"coordinates":null,"place":null,"contributors":null,"is_quote_status":false,"retweet_count":6278,"favorite_count":1103,"favorited":false,"retweeted":false,"lang":"ja"}],"search_metadata":{"completed_in":0.7,"max_id":887869884335444000,"max_id_str":"887869884335443968","next_results":"?max_id=887664066931507199&q=lang%3Aja%20min_retweets%3A5000&include_entities=1","query":"lang%3Aja+min_retweets%3A5000","refresh_url":"?since_id=887869884335443968&q=lang%3Aja%20min_retweets%3A5000&include_entities=1","count":15,"since_id":0,"since_id_str":"0"}}