{"statuses":[{"created_at":"Thu Jul 20 22:02:43 +0000 2017","id":888157248421208000,"id_str":"888157248421208064","text":"リンキン・パークのチェスター・ベニントン、死去\n\nhttps://t.co/OZawMhJI0k\n#LinkinPark #リンキン・パーク #リンキン","truncated":false,"entities":{"hashtags":[{"text":"LinkinPark","indices":[49,60]},{"text":"リンキン・パーク","indices":[61,70]},{"text":"リンキン","indices":[71,76]}],"symbols":[],"user_mentions":[],"urls":[{"url":"https://t.co/OZawMhJI0k","expanded_url":"https://www.barks.jp/news/?id=1000144850#utm_source=tw_BARKS_NEWS&utm_medium=social&utm_campaign=tw_auto","display_url":"barks.jp/news/?id=10001…","indices":[25,48]}]},"metadata":{"iso_language_code":"ja","result_type":"recent"},"source":"<a href=\"http://twitter.com\" rel=\"nofollow\">Twitter Web Client</a>","in_reply_to_status_id":null,"in_reply_to_status_id_str":null,"in_reply_to_user_id":null,"in_reply_to_user_id_str":null,"in_reply_to_screen_name":null,"user":{"id":60855116,"id_str":"60855116","name":"BARKS編集部","screen_name":"barks_news","location":"南青山","description":"音楽情報サイト「BARKS」が配信する音楽ニュース速報。編集長のつぶやきは、@itm_barks","url":"https://t.co/zYQYlVC1MB","entities":{"url":{"urls":[{"url":"https://t.co/zYQYlVC1MB","expanded_url":"https://www.barks.jp/","display_url":"barks.jp","indices":[0,23]}]},"description":{"urls":[]}},"protected":false,"followers_count":73400,"friends_count":8,"listed_count":3524,"created_at":"Tue Jul 28 08:57:36 +0000 2009","favourites_count":0,"utc_offset":32400,"time_zone":"Tokyo","geo_enabled":false,"verified":true,"statuses_count":73590,"lang":"ja","contributors_enabled":false,"is_translator":false,"is_translation_enabled":false,"profile_background_color":"8DBB02","profile_background_image_url":"http://pbs.twimg.com/profile_background_images/28873469/test02.gif","profile_background_image_url_https":"https://pbs.twimg.com/profile_background_images/28873469/test02.gif","profile_background_tile":false,"profile_image_url":"http://pbs.twimg.com/profile_images/852077081466777600/kFYIOglI_normal.jpg","profile_image_url_https":"https://pbs.twimg.com/profile_images/852077081466777600/kFYIOglI_normal.jpg","profile_banner_url":"https://pbs.twimg.com/profile_banners/60855116/1405320953","profile_link_color":"1B95E0","profile_sidebar_border_color":"769D00","profile_sidebar_fill_color":"D6ED8B","profile_text_color":"333333","profile_use_background_image":true,"has_extended_profile":false,"default_profile":false,"default_profile_image":false,"following":false,"follow_request_sent":false,"notifications":false,"translator_type":"none"},"geo":null,"coordinates":null,"place":null,"contributors":null,"is_quote_status":false,"retweet_count":4986,"favorite_count":1727,"favorited":false,"retweeted":false,"possibly_sensitive":false,"lang":"ja"},{"created_at":"Thu Jul 20 21:35:53 +0000 2017","id":888150493071003600,"id_str":"888150493071003648","text":"【訃報】リンキン・パークのボーカル、チェスター・ベニントンさん死去 自殺か\nhttps://t.co/JShQ9c0ekl\n\n自宅で首をつった状態で見つかったとの通報があった。マイク・シノダは「とても悲しいが、事実だ」とツイートし… https://t.co/0MUkZ1PjAF","truncated":true,"entities":{"hashtags":[],"symbols":[],"user_mentions":[],"urls":[{"url":"https://t.co/JShQ9c0ekl","expanded_url":"http://news.livedoor.com/article/detail/13364859/","display_url":"news.livedoor.com/article/detail…","indices":[38,61]},{"url":"https://t.co/0MUkZ1PjAF","expanded_url":"https://twitter.com/i/web/status/888150493071003648","display_url":"twitter.com/i/web/status/8…","indices":[117,140]}]},"metadata":{"iso_language_code":"ja","result_type":"recent"},"source":"<a href=\"http://twitter.com\" rel=\"nofollow\">Twitter Web Client</a>","in_reply_to_status_id":null,"in_reply_to_status_id_str":null,"in_reply_to_user_id":null,"in_reply_to_user_id_str":null,"in_reply_to_screen_name":null,"user":{"id":17306975,"id_str":"17306975","name":"ライブドアニュース","screen_name":"livedoornews","location":"","description":"LINE →https://t.co/yhJO0o7Jns／FB → https://t.co/LHTCuyIEjr／インスタ／→https://t.co/SpmVgPtfCG","url":"http://t.co/Q4Bh3OCfgY","entities":{"url":{"urls":[{"url":"http://t.co/Q4Bh3OCfgY","expanded_url":"http://news.livedoor.com/","display_url":"news.livedoor.com","indices":[0,22]}]},"description":{"urls":[{"url":"https://t.co/yhJO0o7Jns","expanded_url":"http://goo.gl/upBgKP","display_url":"goo.gl/upBgKP","indices":[6,29]},{"url":"https://t.co/LHTCuyIEjr","expanded_url":"http://goo.gl/nDULhn","display_url":"goo.gl/nDULhn","indices":[35,58]},{"url":"https://t.co/SpmVgPtfCG","expanded_url":"http://goo.gl/cHGD9G","display_url":"goo.gl/cHGD9G","indices":[65,88]}]}},"protected":false,"followers_count":432274,"friends_count":88,"listed_count":6139,"created_at":"Tue Nov 11 09:56:31 +0000 2008","favourites_count":2609,"utc_offset":32400,"time_zone":"Tokyo","geo_enabled":false,"verified":true,"statuses_count":177194,"lang":"ja","contributors_enabled":false,"is_translator":false,"is_translation_enabled":false,"profile_background_color":"FFFFFF","profile_background_image_url":"http://pbs.twimg.com/profile_background_images/378800000085828060/4b07c1d868c917fb65a3d64a20904cd5.jpeg","profile_background_image_url_https":"https://pbs.twimg.com/profile_background_images/378800000085828060/4b07c1d868c917fb65a3d64a20904cd5.jpeg","profile_background_tile":false,"profile_image_url":"http://pbs.twimg.com/profile_images/875662964988166149/whdJTD2I_normal.jpg","profile_image_url_https":"https://pbs.twimg.com/profile_images/875662964988166149/whdJTD2I_normal.jpg","profile_link_color":"51ADD4","profile_sidebar_border_color":"FFFFFF","profile_sidebar_fill_color":"95E8EC","profile_text_color":"3C3940","profile_use_background_image":true,"has_extended_profile":false,"default_profile":false,"default_profile_image":false,"following":false,"follow_request_sent":false,"notifications":false,"translator_type":"none"},"geo":null,"coordinates":null,"place":null,"contributors":null,"is_quote_status":false,"retweet_count":5362,"favorite_count":2487,"favorited":false,"retweeted":false,"possibly_sensitive":false,"lang":"ja"},{"created_at":"Thu Jul 20 20:21:31 +0000 2017","id":888131780368150500,"id_str":"888131780368150529","text":"とんちの漫画を描きました。（4ページ） #コミケ童話 https://t.co/hT3T3O6NBk","truncated":false,"entities":{"hashtags":[{"text":"コミケ童話","indices":[20,26]}],"symbols":[],"user_mentions":[],"urls":[],"media":[{"id":888131652584480800,"id_str":"888131652584480768","indices":[27,50],"media_url":"http://pbs.twimg.com/media/DFNHCFIUIAAkpxX.jpg","media_url_https":"https://pbs.twimg.com/media/DFNHCFIUIAAkpxX.jpg","url":"https://t.co/hT3T3O6NBk","display_url":"pic.twitter.com/hT3T3O6NBk","expanded_url":"https://twitter.com/onoderasan001/status/888131780368150529/photo/1","type":"photo","sizes":{"thumb":{"w":150,"h":150,"resize":"crop"},"medium":{"w":662,"h":1000,"resize":"fit"},"large":{"w":662,"h":1000,"resize":"fit"},"small":{"w":450,"h":680,"resize":"fit"}}}]},"extended_entities":{"media":[{"id":888131652584480800,"id_str":"888131652584480768","indices":[27,50],"media_url":"http://pbs.twimg.com/media/DFNHCFIUIAAkpxX.jpg","media_url_https":"https://pbs.twimg.com/media/DFNHCFIUIAAkpxX.jpg","url":"https://t.co/hT3T3O6NBk","display_url":"pic.twitter.com/hT3T3O6NBk","expanded_url":"https://twitter.com/onoderasan001/status/888131780368150529/photo/1","type":"photo","sizes":{"thumb":{"w":150,"h":150,"resize":"crop"},"medium":{"w":662,"h":1000,"resize":"fit"},"large":{"w":662,"h":1000,"resize":"fit"},"small":{"w":450,"h":680,"resize":"fit"}}},{"id":888131662105649200,"id_str":"888131662105649152","indices":[27,50],"media_url":"http://pbs.twimg.com/media/DFNHComVoAAJXK9.jpg","media_url_https":"https://pbs.twimg.com/media/DFNHComVoAAJXK9.jpg","url":"https://t.co/hT3T3O6NBk","display_url":"pic.twitter.com/hT3T3O6NBk","expanded_url":"https://twitter.com/onoderasan001/status/888131780368150529/photo/1","type":"photo","sizes":{"medium":{"w":664,"h":1000,"resize":"fit"},"thumb":{"w":150,"h":150,"resize":"crop"},"small":{"w":452,"h":680,"resize":"fit"},"large":{"w":664,"h":1000,"resize":"fit"}}},{"id":888131673195331600,"id_str":"888131673195331584","indices":[27,50],"media_url":"http://pbs.twimg.com/media/DFNHDR6UwAA9QPs.jpg","media_url_https":"https://pbs.twimg.com/media/DFNHDR6UwAA9QPs.jpg","url":"https://t.co/hT3T3O6NBk","display_url":"pic.twitter.com/hT3T3O6NBk","expanded_url":"https://twitter.com/onoderasan001/status/888131780368150529/photo/1","type":"photo","sizes":{"small":{"w":449,"h":680,"resize":"fit"},"medium":{"w":661,"h":1000,"resize":"fit"},"thumb":{"w":150,"h":150,"resize":"crop"},"large":{"w":661,"h":1000,"resize":"fit"}}},{"id":888131682317901800,"id_str":"888131682317901824","indices":[27,50],"media_url":"http://pbs.twimg.com/media/DFNHDz5UIAAxqvv.jpg","media_url_https":"https://pbs.twimg.com/media/DFNHDz5UIAAxqvv.jpg","url":"https://t.co/hT3T3O6NBk","display_url":"pic.twitter.com/hT3T3O6NBk","expanded_url":"https://twitter.com/onoderasan001/status/888131780368150529/photo/1","type":"photo","sizes":{"medium":{"w":665,"h":1000,"resize":"fit"},"thumb":{"w":150,"h":150,"resize":"crop"},"large":{"w":665,"h":1000,"resize":"fit"},"small":{"w":452,"h":680,"resize":"fit"}}}]},"metadata":{"iso_language_code":"ja","result_type":"recent"},"source":"<a href=\"http://twitter.com\" rel=\"nofollow\">Twitter Web Client</a>","in_reply_to_status_id":null,"in_reply_to_status_id_str":null,"in_reply_to_user_id":null,"in_reply_to_user_id_str":null,"in_reply_to_screen_name":null,"user":{"id":3491448265,"id_str":"3491448265","name":"おのでらさん","screen_name":"onoderasan001","location":"ガルパンとA3とペダルとヒロアカ","description":"漫画好きな人はみんな友達 。 #コミケ童話 描いてます","url":"https://t.co/PXukOddXbz","entities":{"url":{"urls":[{"url":"https://t.co/PXukOddXbz","expanded_url":"http://www.pixiv.net/member.php?id=98883","display_url":"pixiv.net/member.php?id=…","indices":[0,23]}]},"description":{"urls":[]}},"protected":false,"followers_count":53878,"friends_count":1488,"listed_count":855,"created_at":"Tue Sep 08 09:13:10 +0000 2015","favourites_count":18582,"utc_offset":32400,"time_zone":"Tokyo","geo_enabled":false,"verified":false,"statuses_count":3829,"lang":"ja","contributors_enabled":false,"is_translator":false,"is_translation_enabled":false,"profile_background_color":"C0DEED","profile_background_image_url":"http://abs.twimg.com/images/themes/theme1/bg.png","profile_background_image_url_https":"https://abs.twimg.com/images/themes/theme1/bg.png","profile_background_tile":false,"profile_image_url":"http://pbs.twimg.com/profile_images/853177589241847808/FQtQT9y6_normal.jpg","profile_image_url_https":"https://pbs.twimg.com/profile_images/853177589241847808/FQtQT9y6_normal.jpg","profile_banner_url":"https://pbs.twimg.com/profile_banners/3491448265/1493652577","profile_link_color":"1DA1F2","profile_sidebar_border_color":"C0DEED","profile_sidebar_fill_color":"DDEEF6","profile_text_color":"333333","profile_use_background_image":true,"has_extended_profile":true,"default_profile":true,"default_profile_image":false,"following":false,"follow_request_sent":false,"notifications":false,"translator_type":"none"},"geo":null,"coordinates":null,"place":null,"contributors":null,"is_quote_status":false,"retweet_count":8860,"favorite_count":12613,"favorited":false,"retweeted":false,"possibly_sensitive":false,"lang":"ja"},{"created_at":"Thu Jul 20 19:17:11 +0000 2017","id":888115590052798500,"id_str":"888115590052798465","text":"【リンキンパーク ボーカル死去】人気ハードロックバンド、リンキン・パーク（Linkin Park）のボーカル、チェスター・ベニントンさんが死去。41歳だった。自殺とみられている。 https://t.co/7HW51uOXwn","truncated":false,"entities":{"hashtags":[],"symbols":[],"user_mentions":[],"urls":[{"url":"https://t.co/7HW51uOXwn","expanded_url":"https://yahoo.jp/cQzP10","display_url":"yahoo.jp/cQzP10","indices":[90,113]}]},"metadata":{"iso_language_code":"ja","result_type":"recent"},"source":"<a href=\"http://dailynews.yahoo.co.jp/fc/\" rel=\"nofollow\">ヤフトピbot</a>","in_reply_to_status_id":null,"in_reply_to_status_id_str":null,"in_reply_to_user_id":null,"in_reply_to_user_id_str":null,"in_reply_to_screen_name":null,"user":{"id":88846085,"id_str":"88846085","name":"Yahoo!ニュース","screen_name":"YahooNewsTopics","location":"","description":"Yahoo!ニュースの公式アカウントです。365日24時間、Yahoo! JAPANトップページに掲出される話題を速報でお届け。※株式会社アフロ社提供の写真を使用している場合があります。","url":"https://t.co/PORT0VCtyG","entities":{"url":{"urls":[{"url":"https://t.co/PORT0VCtyG","expanded_url":"https://news.yahoo.co.jp/","display_url":"news.yahoo.co.jp","indices":[0,23]}]},"description":{"urls":[]}},"protected":false,"followers_count":306836,"friends_count":8,"listed_count":12376,"created_at":"Tue Nov 10 03:59:51 +0000 2009","favourites_count":0,"utc_offset":32400,"time_zone":"Tokyo","geo_enabled":false,"verified":true,"statuses_count":254718,"lang":"ja","contributors_enabled":false,"is_translator":false,"is_translation_enabled":false,"profile_background_color":"DFD7C7","profile_background_image_url":"http://pbs.twimg.com/profile_background_images/56797173/background.jpg","profile_background_image_url_https":"https://pbs.twimg.com/profile_background_images/56797173/background.jpg","profile_background_tile":true,"profile_image_url":"http://pbs.twimg.com/profile_images/875506779743895552/jqN_tEe4_normal.jpg","profile_image_url_https":"https://pbs.twimg.com/profile_images/875506779743895552/jqN_tEe4_normal.jpg","profile_banner_url":"https://pbs.twimg.com/profile_banners/88846085/1490596288","profile_link_color":"0084B4","profile_sidebar_border_color":"A1A33B","profile_sidebar_fill_color":"FFFCDE","profile_text_color":"333333","profile_use_background_image":true,"has_extended_profile":false,"default_profile":false,"default_profile_image":false,"following":false,"follow_request_sent":false,"notifications":false,"translator_type":"none"},"geo":null,"coordinates":null,"place":null,"contributors":null,"is_quote_status":false,"retweet_count":24828,"favorite_count":8719,"favorited":false,"retweeted":false,"possibly_sensitive":false,"lang":"ja"},{"created_at":"Thu Jul 20 19:11:23 +0000 2017","id":888114129696837600,"id_str":"888114129696837633","text":"リンキン・パークの歌手ベニントンさん死去 自殺か https://t.co/3E2go9I7ap","truncated":false,"entities":{"hashtags":[],"symbols":[],"user_mentions":[],"urls":[{"url":"https://t.co/3E2go9I7ap","expanded_url":"http://www.afpbb.com/articles/-/3136473","display_url":"afpbb.com/articles/-/313…","indices":[25,48]}]},"metadata":{"iso_language_code":"ja","result_type":"recent"},"source":"<a href=\"https://ifttt.com\" rel=\"nofollow\">IFTTT</a>","in_reply_to_status_id":null,"in_reply_to_status_id_str":null,"in_reply_to_user_id":null,"in_reply_to_user_id_str":null,"in_reply_to_screen_name":null,"user":{"id":90841111,"id_str":"90841111","name":"AFPBB News","screen_name":"afpbbcom","location":"","description":"国際ニュースからこぼれ話まで。\nスポーツニュースは @afpbb_spo 、フェイスブックは https://t.co/NjMPP2bsNL をぜひチェックしてください！","url":"http://t.co/ZAAjzDebmN","entities":{"url":{"urls":[{"url":"http://t.co/ZAAjzDebmN","expanded_url":"http://www.afpbb.com/","display_url":"afpbb.com","indices":[0,22]}]},"description":{"urls":[{"url":"https://t.co/NjMPP2bsNL","expanded_url":"https://www.facebook.com/AFPBBNews","display_url":"facebook.com/AFPBBNews","indices":[47,70]}]}},"protected":false,"followers_count":109144,"friends_count":203,"listed_count":5176,"created_at":"Wed Nov 18 10:16:42 +0000 2009","favourites_count":0,"utc_offset":32400,"time_zone":"Tokyo","geo_enabled":false,"verified":true,"statuses_count":55460,"lang":"ja","contributors_enabled":false,"is_translator":false,"is_translation_enabled":false,"profile_background_color":"0C2A7C","profile_background_image_url":"http://pbs.twimg.com/profile_background_images/134660525/twitter_bg.png","profile_background_image_url_https":"https://pbs.twimg.com/profile_background_images/134660525/twitter_bg.png","profile_background_tile":true,"profile_image_url":"http://pbs.twimg.com/profile_images/557115603169726464/oJ8VVNus_normal.png","profile_image_url_https":"https://pbs.twimg.com/profile_images/557115603169726464/oJ8VVNus_normal.png","profile_banner_url":"https://pbs.twimg.com/profile_banners/90841111/1497429373","profile_link_color":"5C7EB9","profile_sidebar_border_color":"FFFFFF","profile_sidebar_fill_color":"E4E4E4","profile_text_color":"333333","profile_use_background_image":true,"has_extended_profile":false,"default_profile":false,"default_profile_image":false,"following":false,"follow_request_sent":false,"notifications":false,"translator_type":"none"},"geo":null,"coordinates":null,"place":null,"contributors":null,"is_quote_status":false,"retweet_count":10183,"favorite_count":3346,"favorited":false,"retweeted":false,"possibly_sensitive":false,"lang":"ja"},{"created_at":"Thu Jul 20 18:35:27 +0000 2017","id":888105085493891100,"id_str":"888105085493891074","text":"海外サイトTMZは、リンキン・パークのフロントマン、チェスター・ベニントンが死去したと報道。現地時間7月20日午前9時前に、ロサンゼルスにある自宅でチェスターが首を吊って自殺しているのが発見されたと伝えています。41歳でした　https://t.co/UPHx9oj9rJ","truncated":false,"entities":{"hashtags":[],"symbols":[],"user_mentions":[],"urls":[{"url":"https://t.co/UPHx9oj9rJ","expanded_url":"http://amass.jp/91762/","display_url":"amass.jp/91762/","indices":[113,136]}]},"metadata":{"iso_language_code":"ja","result_type":"recent"},"source":"<a href=\"http://amass.jp/\" rel=\"nofollow\">amass api</a>","in_reply_to_status_id":null,"in_reply_to_status_id_str":null,"in_reply_to_user_id":null,"in_reply_to_user_id_str":null,"in_reply_to_screen_name":null,"user":{"id":229188693,"id_str":"229188693","name":"amass","screen_name":"amass_jp","location":"東京都","description":"音楽をベースに、アニメ、映画、特撮なども盛り込んだニュース・サイト「amass」のtwitterページです。「amass」のニュースと、中の人がオススメする他サイトのニュースなどをお伝えします","url":"http://t.co/7VvNnlcKdQ","entities":{"url":{"urls":[{"url":"http://t.co/7VvNnlcKdQ","expanded_url":"http://amass.jp/","display_url":"amass.jp","indices":[0,22]}]},"description":{"urls":[]}},"protected":false,"followers_count":85809,"friends_count":0,"listed_count":4912,"created_at":"Tue Dec 21 19:19:54 +0000 2010","favourites_count":0,"utc_offset":32400,"time_zone":"Tokyo","geo_enabled":false,"verified":false,"statuses_count":137414,"lang":"ja","contributors_enabled":false,"is_translator":false,"is_translation_enabled":false,"profile_background_color":"ACDED6","profile_background_image_url":"http://abs.twimg.com/images/themes/theme18/bg.gif","profile_background_image_url_https":"https://abs.twimg.com/images/themes/theme18/bg.gif","profile_background_tile":false,"profile_image_url":"http://pbs.twimg.com/profile_images/1261538336/amass_logologo_normal.jpg","profile_image_url_https":"https://pbs.twimg.com/profile_images/1261538336/amass_logologo_normal.jpg","profile_link_color":"038543","profile_sidebar_border_color":"EEEEEE","profile_sidebar_fill_color":"F6F6F6","profile_text_color":"333333","profile_use_background_image":true,"has_extended_profile":false,"default_profile":false,"default_profile_image":false,"following":false,"follow_request_sent":false,"notifications":false,"translator_type":"none"},"geo":null,"coordinates":null,"place":null,"contributors":null,"is_quote_status":false,"retweet_count":14566,"favorite_count":4494,"favorited":false,"retweeted":false,"possibly_sensitive":false,"lang":"ja"},{"created_at":"Thu Jul 20 15:46:28 +0000 2017","id":888062558787129300,"id_str":"888062558787129344","text":"復刻水着イベント　ヒートオデッセイ　\n素材ドロップ効率がいい所と、イベントの進め方まとめ。\nクラス&amp;礼装ボーナス早見表です。\n赤枠が付いている場所が効率のいい所です。\n【これが最新版になります】\n参考になれば嬉しいです。\n間違って… https://t.co/wWfA7PJ7wg","truncated":true,"entities":{"hashtags":[],"symbols":[],"user_mentions":[],"urls":[{"url":"https://t.co/wWfA7PJ7wg","expanded_url":"https://twitter.com/i/web/status/888062558787129344","display_url":"twitter.com/i/web/status/8…","indices":[121,144]}]},"metadata":{"iso_language_code":"ja","result_type":"recent"},"source":"<a href=\"http://twitter.com\" rel=\"nofollow\">Twitter Web Client</a>","in_reply_to_status_id":null,"in_reply_to_status_id_str":null,"in_reply_to_user_id":null,"in_reply_to_user_id_str":null,"in_reply_to_screen_name":null,"user":{"id":2315456696,"id_str":"2315456696","name":"台パン・シロ@FGO","screen_name":"siro_mtg","location":"カルデア ニコ生局","description":"FGOの周回放送を毎日してます、初心者に優しい配信目指します。台湾USA勢歓迎！\n当攻略画像などをサイト、SNSへ転載する場合は引用を含む形で！依頼や案件はDMからhttps://t.co/dscTrIPuCk YouTube https://t.co/Loj1yAkTio 下記Sponsor","url":"https://t.co/MTES0g6b73","entities":{"url":{"urls":[{"url":"https://t.co/MTES0g6b73","expanded_url":"http://s.smartgame.jp/2tr5jMX","display_url":"s.smartgame.jp/2tr5jMX","indices":[0,23]}]},"description":{"urls":[{"url":"https://t.co/dscTrIPuCk","expanded_url":"http://com.nicovideo.jp/community/co1979346","display_url":"com.nicovideo.jp/community/co19…","indices":[82,105]},{"url":"https://t.co/Loj1yAkTio","expanded_url":"http://goo.gl/f2FBps","display_url":"goo.gl/f2FBps","indices":[114,137]}]}},"protected":false,"followers_count":37481,"friends_count":8157,"listed_count":426,"created_at":"Tue Jan 28 12:53:57 +0000 2014","favourites_count":23555,"utc_offset":null,"time_zone":null,"geo_enabled":false,"verified":false,"statuses_count":44844,"lang":"ja","contributors_enabled":false,"is_translator":false,"is_translation_enabled":false,"profile_background_color":"C0DEED","profile_background_image_url":"http://pbs.twimg.com/profile_background_images/440615548225740800/quGNolbU.jpeg","profile_background_image_url_https":"https://pbs.twimg.com/profile_background_images/440615548225740800/quGNolbU.jpeg","profile_background_tile":true,"profile_image_url":"http://pbs.twimg.com/profile_images/876444956239339520/8aVQQcbJ_normal.jpg","profile_image_url_https":"https://pbs.twimg.com/profile_images/876444956239339520/8aVQQcbJ_normal.jpg","profile_banner_url":"https://pbs.twimg.com/profile_banners/2315456696/1498796184","profile_link_color":"7FDBB6","profile_sidebar_border_color":"FFFFFF","profile_sidebar_fill_color":"DDEEF6","profile_text_color":"333333","profile_use_background_image":true,"has_extended_profile":true,"default_profile":false,"default_profile_image":false,"following":false,"follow_request_sent":false,"notifications":false,"translator_type":"none"},"geo":null,"coordinates":null,"place":null,"contributors":null,"is_quote_status":false,"retweet_count":6988,"favorite_count":12929,"favorited":false,"retweeted":false,"possibly_sensitive":false,"lang":"ja"},{"created_at":"Thu Jul 20 15:02:15 +0000 2017","id":888051431525175300,"id_str":"888051431525175298","text":"FAIRY TAIL アニメファイナルシリーズ、2018年放送決定！です。","truncated":false,"entities":{"hashtags":[],"symbols":[],"user_mentions":[],"urls":[]},"metadata":{"iso_language_code":"ja","result_type":"recent"},"source":"<a href=\"http://twitter.com/download/iphone\" rel=\"nofollow\">Twitter for iPhone</a>","in_reply_to_status_id":null,"in_reply_to_status_id_str":null,"in_reply_to_user_id":null,"in_reply_to_user_id_str":null,"in_reply_to_screen_name":null,"user":{"id":591755629,"id_str":"591755629","name":"真島ヒロ","screen_name":"hiro_mashima","location":"東京都","description":"FAIRYTAIL作者の真島ヒロです。全員に返信はできませんが、超不定期できまぐれに返信します。応援してくれてる人全てに感謝です。","url":null,"entities":{"description":{"urls":[]}},"protected":false,"followers_count":1230052,"friends_count":146,"listed_count":4832,"created_at":"Sun May 27 11:37:44 +0000 2012","favourites_count":4,"utc_offset":28800,"time_zone":"Irkutsk","geo_enabled":false,"verified":true,"statuses_count":6071,"lang":"ja","contributors_enabled":false,"is_translator":false,"is_translation_enabled":false,"profile_background_color":"C0DEED","profile_background_image_url":"http://pbs.twimg.com/profile_background_images/825634034/d608eb2903db4aa04e8d4bbbf77f0e8c.png","profile_background_image_url_https":"https://pbs.twimg.com/profile_background_images/825634034/d608eb2903db4aa04e8d4bbbf77f0e8c.png","profile_background_tile":true,"profile_image_url":"http://pbs.twimg.com/profile_images/660495023075561472/hNe_UBMn_normal.png","profile_image_url_https":"https://pbs.twimg.com/profile_images/660495023075561472/hNe_UBMn_normal.png","profile_banner_url":"https://pbs.twimg.com/profile_banners/591755629/1490431315","profile_link_color":"0084B4","profile_sidebar_border_color":"FFFFFF","profile_sidebar_fill_color":"DDEEF6","profile_text_color":"333333","profile_use_background_image":true,"has_extended_profile":false,"default_profile":false,"default_profile_image":false,"following":false,"follow_request_sent":false,"notifications":false,"translator_type":"none"},"geo":null,"coordinates":null,"place":null,"contributors":null,"is_quote_status":false,"retweet_count":21571,"favorite_count":36349,"favorited":false,"retweeted":false,"lang":"ja"},{"created_at":"Thu Jul 20 14:29:43 +0000 2017","id":888043247716622300,"id_str":"888043247716622336","text":"ぐだおくんが幼児化するほのぼの漫画を描きました！ https://t.co/Y8ab6Iz5yQ","truncated":false,"entities":{"hashtags":[],"symbols":[],"user_mentions":[],"urls":[],"media":[{"id":888043227554512900,"id_str":"888043227554512896","indices":[25,48],"media_url":"http://pbs.twimg.com/media/DFL2nEOUAAABuvI.jpg","media_url_https":"https://pbs.twimg.com/media/DFL2nEOUAAABuvI.jpg","url":"https://t.co/Y8ab6Iz5yQ","display_url":"pic.twitter.com/Y8ab6Iz5yQ","expanded_url":"https://twitter.com/ECHIPASHIKO/status/888043247716622336/photo/1","type":"photo","sizes":{"large":{"w":841,"h":2048,"resize":"fit"},"small":{"w":279,"h":680,"resize":"fit"},"thumb":{"w":150,"h":150,"resize":"crop"},"medium":{"w":493,"h":1200,"resize":"fit"}}}]},"extended_entities":{"media":[{"id":888043227554512900,"id_str":"888043227554512896","indices":[25,48],"media_url":"http://pbs.twimg.com/media/DFL2nEOUAAABuvI.jpg","media_url_https":"https://pbs.twimg.com/media/DFL2nEOUAAABuvI.jpg","url":"https://t.co/Y8ab6Iz5yQ","display_url":"pic.twitter.com/Y8ab6Iz5yQ","expanded_url":"https://twitter.com/ECHIPASHIKO/status/888043247716622336/photo/1","type":"photo","sizes":{"large":{"w":841,"h":2048,"resize":"fit"},"small":{"w":279,"h":680,"resize":"fit"},"thumb":{"w":150,"h":150,"resize":"crop"},"medium":{"w":493,"h":1200,"resize":"fit"}}},{"id":888043230599630800,"id_str":"888043230599630848","indices":[25,48],"media_url":"http://pbs.twimg.com/media/DFL2nPkU0AAuwMN.jpg","media_url_https":"https://pbs.twimg.com/media/DFL2nPkU0AAuwMN.jpg","url":"https://t.co/Y8ab6Iz5yQ","display_url":"pic.twitter.com/Y8ab6Iz5yQ","expanded_url":"https://twitter.com/ECHIPASHIKO/status/888043247716622336/photo/1","type":"photo","sizes":{"medium":{"w":489,"h":1200,"resize":"fit"},"small":{"w":277,"h":680,"resize":"fit"},"thumb":{"w":150,"h":150,"resize":"crop"},"large":{"w":834,"h":2048,"resize":"fit"}}},{"id":888043236844912600,"id_str":"888043236844912640","indices":[25,48],"media_url":"http://pbs.twimg.com/media/DFL2nm1UQAA46S9.jpg","media_url_https":"https://pbs.twimg.com/media/DFL2nm1UQAA46S9.jpg","url":"https://t.co/Y8ab6Iz5yQ","display_url":"pic.twitter.com/Y8ab6Iz5yQ","expanded_url":"https://twitter.com/ECHIPASHIKO/status/888043247716622336/photo/1","type":"photo","sizes":{"small":{"w":255,"h":680,"resize":"fit"},"large":{"w":767,"h":2048,"resize":"fit"},"thumb":{"w":150,"h":150,"resize":"crop"},"medium":{"w":450,"h":1200,"resize":"fit"}}},{"id":888043244306616300,"id_str":"888043244306616320","indices":[25,48],"media_url":"http://pbs.twimg.com/media/DFL2oCoU0AAdoCJ.jpg","media_url_https":"https://pbs.twimg.com/media/DFL2oCoU0AAdoCJ.jpg","url":"https://t.co/Y8ab6Iz5yQ","display_url":"pic.twitter.com/Y8ab6Iz5yQ","expanded_url":"https://twitter.com/ECHIPASHIKO/status/888043247716622336/photo/1","type":"photo","sizes":{"large":{"w":738,"h":2048,"resize":"fit"},"thumb":{"w":150,"h":150,"resize":"crop"},"small":{"w":245,"h":680,"resize":"fit"},"medium":{"w":433,"h":1200,"resize":"fit"}}}]},"metadata":{"iso_language_code":"ja","result_type":"recent"},"source":"<a href=\"http://itunes.apple.com/us/app/twitter/id409789998?mt=12\" rel=\"nofollow\">Twitter for Mac</a>","in_reply_to_status_id":null,"in_reply_to_status_id_str":null,"in_reply_to_user_id":null,"in_reply_to_user_id_str":null,"in_reply_to_screen_name":null,"user":{"id":728479149191364600,"id_str":"728479149191364608","name":"えちぱし子","screen_name":"ECHIPASHIKO","location":"自分用 雑多 成人済 ","description":"夏仕様","url":null,"entities":{"description":{"urls":[]}},"protected":false,"followers_count":2307,"friends_count":1,"listed_count":29,"created_at":"Fri May 06 06:58:58 +0000 2016","favourites_count":2493,"utc_offset":-25200,"time_zone":"Pacific Time (US & Canada)","geo_enabled":false,"verified":false,"statuses_count":13818,"lang":"ja","contributors_enabled":false,"is_translator":false,"is_translation_enabled":false,"profile_background_color":"F5F8FA","profile_background_image_url":null,"profile_background_image_url_https":null,"profile_background_tile":false,"profile_image_url":"http://pbs.twimg.com/profile_images/885885189745852416/NBUPD5bG_normal.jpg","profile_image_url_https":"https://pbs.twimg.com/profile_images/885885189745852416/NBUPD5bG_normal.jpg","profile_banner_url":"https://pbs.twimg.com/profile_banners/728479149191364608/1500047204","profile_link_color":"1DA1F2","profile_sidebar_border_color":"C0DEED","profile_sidebar_fill_color":"DDEEF6","profile_text_color":"333333","profile_use_background_image":true,"has_extended_profile":true,"default_profile":true,"default_profile_image":false,"following":false,"follow_request_sent":false,"notifications":false,"translator_type":"none"},"geo":null,"coordinates":null,"place":null,"contributors":null,"is_quote_status":false,"retweet_count":5248,"favorite_count":8426,"favorited":false,"retweeted":false,"possibly_sensitive":false,"lang":"ja"},{"created_at":"Thu Jul 20 14:27:30 +0000 2017","id":888042688427065300,"id_str":"888042688427065346","text":"先輩と後輩。 https://t.co/8l4u2xxLJp","truncated":false,"entities":{"hashtags":[],"symbols":[],"user_mentions":[],"urls":[],"media":[{"id":888042582235676700,"id_str":"888042582235676673","indices":[7,30],"media_url":"http://pbs.twimg.com/media/DFL2BgOUAAEq_fw.jpg","media_url_https":"https://pbs.twimg.com/media/DFL2BgOUAAEq_fw.jpg","url":"https://t.co/8l4u2xxLJp","display_url":"pic.twitter.com/8l4u2xxLJp","expanded_url":"https://twitter.com/odorukodomo8910/status/888042688427065346/photo/1","type":"photo","sizes":{"small":{"w":680,"h":680,"resize":"fit"},"thumb":{"w":150,"h":150,"resize":"crop"},"medium":{"w":1200,"h":1200,"resize":"fit"},"large":{"w":2048,"h":2048,"resize":"fit"}}}]},"extended_entities":{"media":[{"id":888042582235676700,"id_str":"888042582235676673","indices":[7,30],"media_url":"http://pbs.twimg.com/media/DFL2BgOUAAEq_fw.jpg","media_url_https":"https://pbs.twimg.com/media/DFL2BgOUAAEq_fw.jpg","url":"https://t.co/8l4u2xxLJp","display_url":"pic.twitter.com/8l4u2xxLJp","expanded_url":"https://twitter.com/odorukodomo8910/status/888042688427065346/photo/1","type":"photo","sizes":{"small":{"w":680,"h":680,"resize":"fit"},"thumb":{"w":150,"h":150,"resize":"crop"},"medium":{"w":1200,"h":1200,"resize":"fit"},"large":{"w":2048,"h":2048,"resize":"fit"}}},{"id":888042582231498800,"id_str":"888042582231498752","indices":[7,30],"media_url":"http://pbs.twimg.com/media/DFL2BgNUQAAPjP2.jpg","media_url_https":"https://pbs.twimg.com/media/DFL2BgNUQAAPjP2.jpg","url":"https://t.co/8l4u2xxLJp","display_url":"pic.twitter.com/8l4u2xxLJp","expanded_url":"https://twitter.com/odorukodomo8910/status/888042688427065346/photo/1","type":"photo","sizes":{"small":{"w":680,"h":680,"resize":"fit"},"thumb":{"w":150,"h":150,"resize":"crop"},"medium":{"w":1200,"h":1200,"resize":"fit"},"large":{"w":2048,"h":2048,"resize":"fit"}}},{"id":888042582235729900,"id_str":"888042582235729922","indices":[7,30],"media_url":"http://pbs.twimg.com/media/DFL2BgOU0AIRCQC.jpg","media_url_https":"https://pbs.twimg.com/media/DFL2BgOU0AIRCQC.jpg","url":"https://t.co/8l4u2xxLJp","display_url":"pic.twitter.com/8l4u2xxLJp","expanded_url":"https://twitter.com/odorukodomo8910/status/888042688427065346/photo/1","type":"photo","sizes":{"small":{"w":680,"h":680,"resize":"fit"},"thumb":{"w":150,"h":150,"resize":"crop"},"medium":{"w":1200,"h":1200,"resize":"fit"},"large":{"w":2000,"h":2000,"resize":"fit"}}},{"id":888042582239985700,"id_str":"888042582239985664","indices":[7,30],"media_url":"http://pbs.twimg.com/media/DFL2BgPVwAA9oVd.jpg","media_url_https":"https://pbs.twimg.com/media/DFL2BgPVwAA9oVd.jpg","url":"https://t.co/8l4u2xxLJp","display_url":"pic.twitter.com/8l4u2xxLJp","expanded_url":"https://twitter.com/odorukodomo8910/status/888042688427065346/photo/1","type":"photo","sizes":{"small":{"w":680,"h":680,"resize":"fit"},"thumb":{"w":150,"h":150,"resize":"crop"},"medium":{"w":1200,"h":1200,"resize":"fit"},"large":{"w":2048,"h":2048,"resize":"fit"}}}]},"metadata":{"iso_language_code":"ja","result_type":"recent"},"source":"<a href=\"http://twitter.com/download/iphone\" rel=\"nofollow\">Twitter for iPhone</a>","in_reply_to_status_id":null,"in_reply_to_status_id_str":null,"in_reply_to_user_id":null,"in_reply_to_user_id_str":null,"in_reply_to_screen_name":null,"user":{"id":4726228676,"id_str":"4726228676","name":"羊の目。","screen_name":"odorukodomo8910","location":"odorukodomo8910@gmail.com","description":"アイコンはちょんぬさん。だいたいいつも腹痛。 イラストのご使用、転載はご遠慮くださいませ。グッズは下記URLから。 https://t.co/0aKQ9d2Fw3 イラスト依頼、お仕事などは下記アドレスからお待ちしております。","url":"https://t.co/Qzt5K6fd9W","entities":{"url":{"urls":[{"url":"https://t.co/Qzt5K6fd9W","expanded_url":"https://suzuri.jp/akt_0606","display_url":"suzuri.jp/akt_0606","indices":[0,23]}]},"description":{"urls":[{"url":"https://t.co/0aKQ9d2Fw3","expanded_url":"http://hitsuzinome.thebase.in","display_url":"hitsuzinome.thebase.in","indices":[58,81]}]}},"protected":false,"followers_count":84367,"friends_count":350,"listed_count":452,"created_at":"Fri Jan 08 02:22:44 +0000 2016","favourites_count":10495,"utc_offset":null,"time_zone":null,"geo_enabled":false,"verified":false,"statuses_count":9332,"lang":"ja","contributors_enabled":false,"is_translator":false,"is_translation_enabled":false,"profile_background_color":"F5F8FA","profile_background_image_url":null,"profile_background_image_url_https":null,"profile_background_tile":false,"profile_image_url":"http://pbs.twimg.com/profile_images/773818405006643200/pCi-erw__normal.jpg","profile_image_url_https":"https://pbs.twimg.com/profile_images/773818405006643200/pCi-erw__normal.jpg","profile_banner_url":"https://pbs.twimg.com/profile_banners/4726228676/1476019311","profile_link_color":"1DA1F2","profile_sidebar_border_color":"C0DEED","profile_sidebar_fill_color":"DDEEF6","profile_text_color":"333333","profile_use_background_image":true,"has_extended_profile":false,"default_profile":true,"default_profile_image":false,"following":false,"follow_request_sent":false,"notifications":false,"translator_type":"none"},"geo":null,"coordinates":null,"place":null,"contributors":null,"is_quote_status":false,"retweet_count":5243,"favorite_count":24446,"favorited":false,"retweeted":false,"possibly_sensitive":false,"lang":"ja"},{"created_at":"Thu Jul 20 14:14:06 +0000 2017","id":888039317649506300,"id_str":"888039317649506304","text":"【ブログ更新 白石麻衣】 夏！ https://t.co/nTt4SGljwF https://t.co/OhSvOdUAdO","truncated":false,"entities":{"hashtags":[],"symbols":[],"user_mentions":[],"urls":[{"url":"https://t.co/nTt4SGljwF","expanded_url":"http://dlvr.it/PX4nqZ","display_url":"dlvr.it/PX4nqZ","indices":[16,39]}],"media":[{"id":888039315388850200,"id_str":"888039315388850176","indices":[40,63],"media_url":"http://pbs.twimg.com/media/DFLzDWRVYAA60Fs.jpg","media_url_https":"https://pbs.twimg.com/media/DFLzDWRVYAA60Fs.jpg","url":"https://t.co/OhSvOdUAdO","display_url":"pic.twitter.com/OhSvOdUAdO","expanded_url":"https://twitter.com/nogizaka46/status/888039317649506304/photo/1","type":"photo","sizes":{"medium":{"w":240,"h":180,"resize":"fit"},"small":{"w":240,"h":180,"resize":"fit"},"thumb":{"w":150,"h":150,"resize":"crop"},"large":{"w":240,"h":180,"resize":"fit"}}}]},"extended_entities":{"media":[{"id":888039315388850200,"id_str":"888039315388850176","indices":[40,63],"media_url":"http://pbs.twimg.com/media/DFLzDWRVYAA60Fs.jpg","media_url_https":"https://pbs.twimg.com/media/DFLzDWRVYAA60Fs.jpg","url":"https://t.co/OhSvOdUAdO","display_url":"pic.twitter.com/OhSvOdUAdO","expanded_url":"https://twitter.com/nogizaka46/status/888039317649506304/photo/1","type":"photo","sizes":{"medium":{"w":240,"h":180,"resize":"fit"},"small":{"w":240,"h":180,"resize":"fit"},"thumb":{"w":150,"h":150,"resize":"crop"},"large":{"w":240,"h":180,"resize":"fit"}}}]},"metadata":{"iso_language_code":"ja","result_type":"recent"},"source":"<a href=\"https://dlvrit.com/\" rel=\"nofollow\">dlvr.it</a>","in_reply_to_status_id":null,"in_reply_to_status_id_str":null,"in_reply_to_user_id":null,"in_reply_to_user_id_str":null,"in_reply_to_screen_name":null,"user":{"id":317684165,"id_str":"317684165","name":"乃木坂46","screen_name":"nogizaka46","location":"乃木坂","description":"AKB48公式ライバルとして結成したアイドルグループです。\r\nグループ名の「乃木坂」は、最終オーディション会場の「SME乃木坂ビル」に由来し「46」は、『AKB48より人数が少なくても負けないという意気込み（秋元康氏）』からです。よろしくお願いします。","url":"http://t.co/f7TOymAV8b","entities":{"url":{"urls":[{"url":"http://t.co/f7TOymAV8b","expanded_url":"http://www.nogizaka46.com/","display_url":"nogizaka46.com","indices":[0,22]}]},"description":{"urls":[]}},"protected":false,"followers_count":780979,"friends_count":11,"listed_count":3742,"created_at":"Wed Jun 15 09:35:11 +0000 2011","favourites_count":15,"utc_offset":32400,"time_zone":"Tokyo","geo_enabled":false,"verified":true,"statuses_count":10692,"lang":"ja","contributors_enabled":false,"is_translator":false,"is_translation_enabled":false,"profile_background_color":"C0DEED","profile_background_image_url":"http://abs.twimg.com/images/themes/theme1/bg.png","profile_background_image_url_https":"https://abs.twimg.com/images/themes/theme1/bg.png","profile_background_tile":false,"profile_image_url":"http://pbs.twimg.com/profile_images/879321670640558081/LJqAoLcs_normal.jpg","profile_image_url_https":"https://pbs.twimg.com/profile_images/879321670640558081/LJqAoLcs_normal.jpg","profile_banner_url":"https://pbs.twimg.com/profile_banners/317684165/1400066488","profile_link_color":"1DA1F2","profile_sidebar_border_color":"C0DEED","profile_sidebar_fill_color":"DDEEF6","profile_text_color":"333333","profile_use_background_image":true,"has_extended_profile":false,"default_profile":true,"default_profile_image":false,"following":false,"follow_request_sent":false,"notifications":false,"translator_type":"none"},"geo":null,"coordinates":null,"place":null,"contributors":null,"is_quote_status":false,"retweet_count":5767,"favorite_count":22256,"favorited":false,"retweeted":false,"possibly_sensitive":false,"lang":"ja"},{"created_at":"Thu Jul 20 13:43:09 +0000 2017","id":888031528424325100,"id_str":"888031528424325120","text":"髪を20センチ切りました💇\nイメチェン！♡おきにいり♡\nヘアスタイリストTAKUさん、\n美容室CUTTERSのみなさん！\nありがとうございました😊❤️\n(アレンジしてないの4枚目☺︎) https://t.co/Li0EgwBmEJ","truncated":false,"entities":{"hashtags":[],"symbols":[],"user_mentions":[],"urls":[],"media":[{"id":888031492995141600,"id_str":"888031492995141632","indices":[93,116],"media_url":"http://pbs.twimg.com/media/DFLr8BlV0AAestN.jpg","media_url_https":"https://pbs.twimg.com/media/DFLr8BlV0AAestN.jpg","url":"https://t.co/Li0EgwBmEJ","display_url":"pic.twitter.com/Li0EgwBmEJ","expanded_url":"https://twitter.com/Yukiriiiin__K/status/888031528424325120/photo/1","type":"photo","sizes":{"large":{"w":800,"h":1200,"resize":"fit"},"small":{"w":453,"h":680,"resize":"fit"},"thumb":{"w":150,"h":150,"resize":"crop"},"medium":{"w":800,"h":1200,"resize":"fit"}}}]},"extended_entities":{"media":[{"id":888031492995141600,"id_str":"888031492995141632","indices":[93,116],"media_url":"http://pbs.twimg.com/media/DFLr8BlV0AAestN.jpg","media_url_https":"https://pbs.twimg.com/media/DFLr8BlV0AAestN.jpg","url":"https://t.co/Li0EgwBmEJ","display_url":"pic.twitter.com/Li0EgwBmEJ","expanded_url":"https://twitter.com/Yukiriiiin__K/status/888031528424325120/photo/1","type":"photo","sizes":{"large":{"w":800,"h":1200,"resize":"fit"},"small":{"w":453,"h":680,"resize":"fit"},"thumb":{"w":150,"h":150,"resize":"crop"},"medium":{"w":800,"h":1200,"resize":"fit"}}},{"id":888031492898660400,"id_str":"888031492898660352","indices":[93,116],"media_url":"http://pbs.twimg.com/media/DFLr8BOVoAAX8xQ.jpg","media_url_https":"https://pbs.twimg.com/media/DFLr8BOVoAAX8xQ.jpg","url":"https://t.co/Li0EgwBmEJ","display_url":"pic.twitter.com/Li0EgwBmEJ","expanded_url":"https://twitter.com/Yukiriiiin__K/status/888031528424325120/photo/1","type":"photo","sizes":{"small":{"w":510,"h":680,"resize":"fit"},"thumb":{"w":150,"h":150,"resize":"crop"},"large":{"w":960,"h":1280,"resize":"fit"},"medium":{"w":900,"h":1200,"resize":"fit"}}},{"id":888031492890280000,"id_str":"888031492890279936","indices":[93,116],"media_url":"http://pbs.twimg.com/media/DFLr8BMVwAAZubl.jpg","media_url_https":"https://pbs.twimg.com/media/DFLr8BMVwAAZubl.jpg","url":"https://t.co/Li0EgwBmEJ","display_url":"pic.twitter.com/Li0EgwBmEJ","expanded_url":"https://twitter.com/Yukiriiiin__K/status/888031528424325120/photo/1","type":"photo","sizes":{"medium":{"w":900,"h":1200,"resize":"fit"},"thumb":{"w":150,"h":150,"resize":"crop"},"small":{"w":510,"h":680,"resize":"fit"},"large":{"w":960,"h":1280,"resize":"fit"}}},{"id":888031492990844900,"id_str":"888031492990844928","indices":[93,116],"media_url":"http://pbs.twimg.com/media/DFLr8BkUQAAu7Ip.jpg","media_url_https":"https://pbs.twimg.com/media/DFLr8BkUQAAu7Ip.jpg","url":"https://t.co/Li0EgwBmEJ","display_url":"pic.twitter.com/Li0EgwBmEJ","expanded_url":"https://twitter.com/Yukiriiiin__K/status/888031528424325120/photo/1","type":"photo","sizes":{"small":{"w":551,"h":680,"resize":"fit"},"medium":{"w":972,"h":1200,"resize":"fit"},"thumb":{"w":150,"h":150,"resize":"crop"},"large":{"w":1080,"h":1334,"resize":"fit"}}}]},"metadata":{"iso_language_code":"ja","result_type":"recent"},"source":"<a href=\"http://twitter.com/download/iphone\" rel=\"nofollow\">Twitter for iPhone</a>","in_reply_to_status_id":null,"in_reply_to_status_id_str":null,"in_reply_to_user_id":null,"in_reply_to_user_id_str":null,"in_reply_to_screen_name":null,"user":{"id":2596484922,"id_str":"2596484922","name":"柏木由紀","screen_name":"Yukiriiiin__K","location":"","description":"◽︎ラジオ TOKYOFM 柏木由紀のYUKIRINTIME(全国14局ネット) ◾︎MBSラジオ アッパレやってまーす！水曜日22:00〜 ◽︎ひるおびお天気コーナー ▪︎CS放送 はじめて！ゴルフ〜目指せ120切り〜","url":"https://t.co/uxfE7UMB8j","entities":{"url":{"urls":[{"url":"https://t.co/uxfE7UMB8j","expanded_url":"https://www.instagram.com/yukikashiwagi_official/","display_url":"instagram.com/yukikashiwagi_…","indices":[0,23]}]},"description":{"urls":[]}},"protected":false,"followers_count":999498,"friends_count":238,"listed_count":6505,"created_at":"Mon Jun 30 15:11:00 +0000 2014","favourites_count":48,"utc_offset":null,"time_zone":null,"geo_enabled":false,"verified":true,"statuses_count":3011,"lang":"ja","contributors_enabled":false,"is_translator":false,"is_translation_enabled":false,"profile_background_color":"C0DEED","profile_background_image_url":"http://abs.twimg.com/images/themes/theme1/bg.png","profile_background_image_url_https":"https://abs.twimg.com/images/themes/theme1/bg.png","profile_background_tile":false,"profile_image_url":"http://pbs.twimg.com/profile_images/865737707820941312/W3OAZp3I_normal.jpg","profile_image_url_https":"https://pbs.twimg.com/profile_images/865737707820941312/W3OAZp3I_normal.jpg","profile_banner_url":"https://pbs.twimg.com/profile_banners/2596484922/1495242797","profile_link_color":"1DA1F2","profile_sidebar_border_color":"C0DEED","profile_sidebar_fill_color":"DDEEF6","profile_text_color":"333333","profile_use_background_image":true,"has_extended_profile":true,"default_profile":true,"default_profile_image":false,"following":false,"follow_request_sent":false,"notifications":false,"translator_type":"none"},"geo":null,"coordinates":null,"place":null,"contributors":null,"is_quote_status":false,"retweet_count":6060,"favorite_count":24056,"favorited":false,"retweeted":false,"possibly_sensitive":false,"lang":"ja"},{"created_at":"Thu Jul 20 13:40:16 +0000 2017","id":888030802012917800,"id_str":"888030802012917760","text":"もうすぐあえますねん https://t.co/YC9m7vXLhC","truncated":false,"entities":{"hashtags":[],"symbols":[],"user_mentions":[],"urls":[],"media":[{"id":888030794278555600,"id_str":"888030794278555650","indices":[11,34],"media_url":"http://pbs.twimg.com/media/DFLrTWqU0AIG7cn.jpg","media_url_https":"https://pbs.twimg.com/media/DFLrTWqU0AIG7cn.jpg","url":"https://t.co/YC9m7vXLhC","display_url":"pic.twitter.com/YC9m7vXLhC","expanded_url":"https://twitter.com/pledis_17jp/status/888030802012917760/photo/1","type":"photo","sizes":{"medium":{"w":675,"h":1200,"resize":"fit"},"thumb":{"w":150,"h":150,"resize":"crop"},"large":{"w":960,"h":1706,"resize":"fit"},"small":{"w":383,"h":680,"resize":"fit"}}}]},"extended_entities":{"media":[{"id":888030794278555600,"id_str":"888030794278555650","indices":[11,34],"media_url":"http://pbs.twimg.com/media/DFLrTWqU0AIG7cn.jpg","media_url_https":"https://pbs.twimg.com/media/DFLrTWqU0AIG7cn.jpg","url":"https://t.co/YC9m7vXLhC","display_url":"pic.twitter.com/YC9m7vXLhC","expanded_url":"https://twitter.com/pledis_17jp/status/888030802012917760/photo/1","type":"photo","sizes":{"medium":{"w":675,"h":1200,"resize":"fit"},"thumb":{"w":150,"h":150,"resize":"crop"},"large":{"w":960,"h":1706,"resize":"fit"},"small":{"w":383,"h":680,"resize":"fit"}}}]},"metadata":{"iso_language_code":"ja","result_type":"recent"},"source":"<a href=\"http://twitter.com/download/iphone\" rel=\"nofollow\">Twitter for iPhone</a>","in_reply_to_status_id":null,"in_reply_to_status_id_str":null,"in_reply_to_user_id":null,"in_reply_to_user_id_str":null,"in_reply_to_screen_name":null,"user":{"id":708198095704555500,"id_str":"708198095704555521","name":"SEVENTEEN Japan","screen_name":"pledis_17jp","location":"","description":"SEVENTEEN日本公式アカウント 7月26日(水) 27日(木) さいたまスーパーアリーナ公演決定！詳しくは公式サイトで！https://t.co/gfNaF686tz","url":"https://t.co/gfNaF686tz","entities":{"url":{"urls":[{"url":"https://t.co/gfNaF686tz","expanded_url":"http://seventeen-17.jp/","display_url":"seventeen-17.jp","indices":[0,23]}]},"description":{"urls":[{"url":"https://t.co/gfNaF686tz","expanded_url":"http://seventeen-17.jp/","display_url":"seventeen-17.jp","indices":[63,86]}]}},"protected":false,"followers_count":260235,"friends_count":2,"listed_count":1070,"created_at":"Fri Mar 11 07:49:18 +0000 2016","favourites_count":0,"utc_offset":-25200,"time_zone":"Pacific Time (US & Canada)","geo_enabled":false,"verified":false,"statuses_count":1397,"lang":"ja","contributors_enabled":false,"is_translator":false,"is_translation_enabled":false,"profile_background_color":"000000","profile_background_image_url":"http://abs.twimg.com/images/themes/theme1/bg.png","profile_background_image_url_https":"https://abs.twimg.com/images/themes/theme1/bg.png","profile_background_tile":false,"profile_image_url":"http://pbs.twimg.com/profile_images/887276012710404096/EF7MgB9h_normal.jpg","profile_image_url_https":"https://pbs.twimg.com/profile_images/887276012710404096/EF7MgB9h_normal.jpg","profile_banner_url":"https://pbs.twimg.com/profile_banners/708198095704555521/1499430058","profile_link_color":"0084B4","profile_sidebar_border_color":"000000","profile_sidebar_fill_color":"000000","profile_text_color":"000000","profile_use_background_image":false,"has_extended_profile":true,"default_profile":false,"default_profile_image":false,"following":false,"follow_request_sent":false,"notifications":false,"translator_type":"none"},"geo":null,"coordinates":null,"place":null,"contributors":null,"is_quote_status":false,"retweet_count":6077,"favorite_count":16591,"favorited":false,"retweeted":false,"possibly_sensitive":false,"lang":"ja"},{"created_at":"Thu Jul 20 13:39:04 +0000 2017","id":888030498274000900,"id_str":"888030498274000896","text":"【アイドルマスター×パ・リーグ6球団コラボ】8月6日（日）にメットライフドームで開催予定の＜７６５プロダクションデー＞チケットは好評発売中！描き下ろしイラスト使用のグッズも発売予定ですので、続報をお待ち下さい！… https://t.co/84ofarjJIJ","truncated":true,"entities":{"hashtags":[],"symbols":[],"user_mentions":[],"urls":[{"url":"https://t.co/84ofarjJIJ","expanded_url":"https://twitter.com/i/web/status/888030498274000896","display_url":"twitter.com/i/web/status/8…","indices":[107,130]}]},"metadata":{"iso_language_code":"ja","result_type":"recent"},"source":"<a href=\"http://twitter.com\" rel=\"nofollow\">Twitter Web Client</a>","in_reply_to_status_id":null,"in_reply_to_status_id_str":null,"in_reply_to_user_id":null,"in_reply_to_user_id_str":null,"in_reply_to_screen_name":null,"user":{"id":230095408,"id_str":"230095408","name":"アイドルマスター","screen_name":"imas_anime","location":"","description":"『アイドルマスター アニメプロジェクト』公式アカウントです。","url":"http://t.co/JWSUgwEdm6","entities":{"url":{"urls":[{"url":"http://t.co/JWSUgwEdm6","expanded_url":"http://imas-anime-project.com","display_url":"imas-anime-project.com","indices":[0,22]}]},"description":{"urls":[]}},"protected":false,"followers_count":296749,"friends_count":9,"listed_count":5583,"created_at":"Fri Dec 24 07:32:57 +0000 2010","favourites_count":43,"utc_offset":32400,"time_zone":"Tokyo","geo_enabled":false,"verified":false,"statuses_count":6758,"lang":"ja","contributors_enabled":false,"is_translator":false,"is_translation_enabled":false,"profile_background_color":"C0DEED","profile_background_image_url":"http://pbs.twimg.com/profile_background_images/538366372154077184/vAXFlu2y.jpeg","profile_background_image_url_https":"https://pbs.twimg.com/profile_background_images/538366372154077184/vAXFlu2y.jpeg","profile_background_tile":true,"profile_image_url":"http://pbs.twimg.com/profile_images/538365006903910401/3u8n-us-_normal.png","profile_image_url_https":"https://pbs.twimg.com/profile_images/538365006903910401/3u8n-us-_normal.png","profile_link_color":"0084B4","profile_sidebar_border_color":"C0DEED","profile_sidebar_fill_color":"DDEEF6","profile_text_color":"333333","profile_use_background_image":true,"has_extended_profile":false,"default_profile":false,"default_profile_image":false,"following":false,"follow_request_sent":false,"notifications":false,"translator_type":"none"},"geo":null,"coordinates":null,"place":null,"contributors":null,"is_quote_status":false,"retweet_count":5950,"favorite_count":5847,"favorited":false,"retweeted":false,"possibly_sensitive":false,"lang":"ja"},{"created_at":"Thu Jul 20 13:31:19 +0000 2017","id":888028548799225900,"id_str":"888028548799225858","text":"【アイドルマスター×パ・リーグ6球団コラボ】７６５プロダクション所属アイドルの描き下ろしイラストを公開！本拠地にあわせて、北から南の順にご紹介！ #imas https://t.co/noYrKhdlGz https://t.co/PJWkoXYQfV","truncated":false,"entities":{"hashtags":[{"text":"imas","indices":[73,78]}],"symbols":[],"user_mentions":[],"urls":[{"url":"https://t.co/noYrKhdlGz","expanded_url":"http://www.idolmaster-anime.jp/news/#news44386","display_url":"idolmaster-anime.jp/news/#news44386","indices":[79,102]}],"media":[{"id":888027112933736400,"id_str":"888027112933736449","indices":[103,126],"media_url":"http://pbs.twimg.com/media/DFLn9ElUwAEYZYw.jpg","media_url_https":"https://pbs.twimg.com/media/DFLn9ElUwAEYZYw.jpg","url":"https://t.co/PJWkoXYQfV","display_url":"pic.twitter.com/PJWkoXYQfV","expanded_url":"https://twitter.com/imas_anime/status/888028548799225858/photo/1","type":"photo","sizes":{"medium":{"w":1200,"h":675,"resize":"fit"},"large":{"w":1920,"h":1080,"resize":"fit"},"small":{"w":680,"h":383,"resize":"fit"},"thumb":{"w":150,"h":150,"resize":"crop"}}}]},"extended_entities":{"media":[{"id":888027112933736400,"id_str":"888027112933736449","indices":[103,126],"media_url":"http://pbs.twimg.com/media/DFLn9ElUwAEYZYw.jpg","media_url_https":"https://pbs.twimg.com/media/DFLn9ElUwAEYZYw.jpg","url":"https://t.co/PJWkoXYQfV","display_url":"pic.twitter.com/PJWkoXYQfV","expanded_url":"https://twitter.com/imas_anime/status/888028548799225858/photo/1","type":"photo","sizes":{"medium":{"w":1200,"h":675,"resize":"fit"},"large":{"w":1920,"h":1080,"resize":"fit"},"small":{"w":680,"h":383,"resize":"fit"},"thumb":{"w":150,"h":150,"resize":"crop"}}},{"id":888027149982093300,"id_str":"888027149982093312","indices":[103,126],"media_url":"http://pbs.twimg.com/media/DFLn_OmV0AAfE44.jpg","media_url_https":"https://pbs.twimg.com/media/DFLn_OmV0AAfE44.jpg","url":"https://t.co/PJWkoXYQfV","display_url":"pic.twitter.com/PJWkoXYQfV","expanded_url":"https://twitter.com/imas_anime/status/888028548799225858/photo/1","type":"photo","sizes":{"medium":{"w":1200,"h":675,"resize":"fit"},"large":{"w":1920,"h":1080,"resize":"fit"},"small":{"w":680,"h":383,"resize":"fit"},"thumb":{"w":150,"h":150,"resize":"crop"}}},{"id":888027174216769500,"id_str":"888027174216769536","indices":[103,126],"media_url":"http://pbs.twimg.com/media/DFLoAo4VoAAtKIq.jpg","media_url_https":"https://pbs.twimg.com/media/DFLoAo4VoAAtKIq.jpg","url":"https://t.co/PJWkoXYQfV","display_url":"pic.twitter.com/PJWkoXYQfV","expanded_url":"https://twitter.com/imas_anime/status/888028548799225858/photo/1","type":"photo","sizes":{"medium":{"w":1200,"h":675,"resize":"fit"},"large":{"w":1920,"h":1080,"resize":"fit"},"small":{"w":680,"h":383,"resize":"fit"},"thumb":{"w":150,"h":150,"resize":"crop"}}}]},"metadata":{"iso_language_code":"ja","result_type":"recent"},"source":"<a href=\"http://twitter.com\" rel=\"nofollow\">Twitter Web Client</a>","in_reply_to_status_id":null,"in_reply_to_status_id_str":null,"in_reply_to_user_id":null,"in_reply_to_user_id_str":null,"in_reply_to_screen_name":null,"user":{"id":230095408,"id_str":"230095408","name":"アイドルマスター","screen_name":"imas_anime","location":"","description":"『アイドルマスター アニメプロジェクト』公式アカウントです。","url":"http://t.co/JWSUgwEdm6","entities":{"url":{"urls":[{"url":"http://t.co/JWSUgwEdm6","expanded_url":"http://imas-anime-project.com","display_url":"imas-anime-project.com","indices":[0,22]}]},"description":{"urls":[]}},"protected":false,"followers_count":296749,"friends_count":9,"listed_count":5583,"created_at":"Fri Dec 24 07:32:57 +0000 2010","favourites_count":43,"utc_offset":32400,"time_zone":"Tokyo","geo_enabled":false,"verified":false,"statuses_count":6758,"lang":"ja","contributors_enabled":false,"is_translator":false,"is_translation_enabled":false,"profile_background_color":"C0DEED","profile_background_image_url":"http://pbs.twimg.com/profile_background_images/538366372154077184/vAXFlu2y.jpeg","profile_background_image_url_https":"https://pbs.twimg.com/profile_background_images/538366372154077184/vAXFlu2y.jpeg","profile_background_tile":true,"profile_image_url":"http://pbs.twimg.com/profile_images/538365006903910401/3u8n-us-_normal.png","profile_image_url_https":"https://pbs.twimg.com/profile_images/538365006903910401/3u8n-us-_normal.png","profile_link_color":"0084B4","profile_sidebar_border_color":"C0DEED","profile_sidebar_fill_color":"DDEEF6","profile_text_color":"333333","profile_use_background_image":true,"has_extended_profile":false,"default_profile":false,"default_profile_image":false,"following":false,"follow_request_sent":false,"notifications":false,"translator_type":"none"},"geo":null,"coordinates":null,"place":null,"contributors":null,"is_quote_status":false,"retweet_count":6167,"favorite_count":5819,"favorited":false,"retweeted":false,"possibly_sensitive":false,"lang":"ja"}],"search_metadata":{"completed_in":0.75,"max_id":888157248421208000,"max_id_str":"888157248421208064","next_results":"?max_id=888028548799225857&q=lang%3Aja%20min_retweets%3A5000&include_entities=1","query":"lang%3Aja+min_retweets%3A5000","refresh_url":"?since_id=888157248421208064&q=lang%3Aja%20min_retweets%3A5000&include_entities=1","count":15,"since_id":0,"since_id_str":"0"}}