{"statuses":[{"created_at":"Tue Jul 18 09:27:18 +0000 2017","id":887242362769952800,"id_str":"887242362769952768","text":"開発チームでは、現在のゲーム環境の対戦データにおいて、特定のデッキの使用率がとても高いことを確認しております。これに対応するため、7月31日に、レジェンドを含む5枚以上のカードの能力変更を検討しております。詳細は7月30日に発表いたします。\n#Shadowverse","truncated":false,"entities":{"hashtags":[{"text":"Shadowverse","indices":[121,133]}],"symbols":[],"user_mentions":[],"urls":[]},"metadata":{"iso_language_code":"ja","result_type":"recent"},"source":"<a href=\"http://engagemanager.tribalmedia.co.jp/\" rel=\"nofollow\">EngageManager</a>","in_reply_to_status_id":null,"in_reply_to_status_id_str":null,"in_reply_to_user_id":null,"in_reply_to_user_id_str":null,"in_reply_to_screen_name":null,"user":{"id":3321204048,"id_str":"3321204048","name":"Shadowverse公式アカウント","screen_name":"shadowverse_jp","location":"","description":"株式会社Cygamesがお送りする本格対戦型デジタルTCG「Shadowverse (シャドウバース)」です。イベント情報やゲームに関連する情報をお知らせします。サイトはこちらhttp://t.co/uUPGk37VGV","url":null,"entities":{"description":{"urls":[{"url":"http://t.co/uUPGk37VGV","expanded_url":"http://shadowverse.jp/","display_url":"shadowverse.jp","indices":[88,110]}]}},"protected":false,"followers_count":507284,"friends_count":13,"listed_count":2660,"created_at":"Thu Aug 20 11:23:22 +0000 2015","favourites_count":0,"utc_offset":32400,"time_zone":"Tokyo","geo_enabled":false,"verified":true,"statuses_count":3519,"lang":"ja","contributors_enabled":false,"is_translator":false,"is_translation_enabled":false,"profile_background_color":"000000","profile_background_image_url":"http://abs.twimg.com/images/themes/theme1/bg.png","profile_background_image_url_https":"https://abs.twimg.com/images/themes/theme1/bg.png","profile_background_tile":false,"profile_image_url":"http://pbs.twimg.com/profile_images/654952195876458497/skxZNf4S_normal.jpg","profile_image_url_https":"https://pbs.twimg.com/profile_images/654952195876458497/skxZNf4S_normal.jpg","profile_banner_url":"https://pbs.twimg.com/profile_banners/3321204048/1466245987","profile_link_color":"000000","profile_sidebar_border_color":"000000","profile_sidebar_fill_color":"000000","profile_text_color":"000000","profile_use_background_image":false,"has_extended_profile":false,"default_profile":false,"default_profile_image":false,"following":false,"follow_request_sent":false,"notifications":false,"translator_type":"regular"},"geo":null,"coordinates":null,"place":null,"contributors":null,"is_quote_status":false,"retweet_count":10096,"favorite_count":4125,"favorited":false,"retweeted":false,"lang":"ja"},{"created_at":"Tue Jul 18 09:07:32 +0000 2017","id":887237388644139000,"id_str":"887237388644139008","text":"【カルデア広報局より】\n【予告】7月20日(木)18:00よりイベント第二部「復刻:夏だ! 海だ! 開拓だ! FGO 2016 Summer カルデアヒートオデッセイ ～進化のシヴィライゼーション～ ライト版」開催！→… https://t.co/KjeqaA4Np9","truncated":true,"entities":{"hashtags":[],"symbols":[],"user_mentions":[],"urls":[{"url":"https://t.co/KjeqaA4Np9","expanded_url":"https://twitter.com/i/web/status/887237388644139008","display_url":"twitter.com/i/web/status/8…","indices":[111,134]}]},"metadata":{"iso_language_code":"ja","result_type":"recent"},"source":"<a href=\"http://twitter.com\" rel=\"nofollow\">Twitter Web Client</a>","in_reply_to_status_id":null,"in_reply_to_status_id_str":null,"in_reply_to_user_id":null,"in_reply_to_user_id_str":null,"in_reply_to_screen_name":null,"user":{"id":2968069742,"id_str":"2968069742","name":"【公式】Fate/Grand Order","screen_name":"fgoproject","location":"","description":"TYPE-MOONが贈る、新たな「Fate」RPG「Fate/Grand Order」公式アカウント。カルデア広報局より、皆様に最新情報をお届けします！公式ハッシュタグ → #FateGO","url":"http://t.co/NtAp9EJPBj","entities":{"url":{"urls":[{"url":"http://t.co/NtAp9EJPBj","expanded_url":"http://www.fate-go.jp/","display_url":"fate-go.jp","indices":[0,22]}]},"description":{"urls":[]}},"protected":false,"followers_count":727185,"friends_count":0,"listed_count":8886,"created_at":"Fri Jan 09 04:12:09 +0000 2015","favourites_count":0,"utc_offset":32400,"time_zone":"Seoul","geo_enabled":false,"verified":true,"statuses_count":1952,"lang":"ja","contributors_enabled":false,"is_translator":false,"is_translation_enabled":false,"profile_background_color":"C0DEED","profile_background_image_url":"http://abs.twimg.com/images/themes/theme1/bg.png","profile_background_image_url_https":"https://abs.twimg.com/images/themes/theme1/bg.png","profile_background_tile":false,"profile_image_url":"http://pbs.twimg.com/profile_images/848188127462031361/LR9bGs9q_normal.jpg","profile_image_url_https":"https://pbs.twimg.com/profile_images/848188127462031361/LR9bGs9q_normal.jpg","profile_banner_url":"https://pbs.twimg.com/profile_banners/2968069742/1491058804","profile_link_color":"3B94D9","profile_sidebar_border_color":"C0DEED","profile_sidebar_fill_color":"DDEEF6","profile_text_color":"333333","profile_use_background_image":true,"has_extended_profile":false,"default_profile":false,"default_profile_image":false,"following":false,"follow_request_sent":false,"notifications":false,"translator_type":"none"},"geo":null,"coordinates":null,"place":null,"contributors":null,"is_quote_status":false,"retweet_count":12804,"favorite_count":5907,"favorited":false,"retweeted":false,"possibly_sensitive":false,"lang":"ja"},{"created_at":"Tue Jul 18 09:03:57 +0000 2017","id":887236489557418000,"id_str":"887236489557417985","text":"引き抜かれるタヌキ https://t.co/WCfXFsoRRH","truncated":false,"entities":{"hashtags":[],"symbols":[],"user_mentions":[],"urls":[],"media":[{"id":887236466983583700,"id_str":"887236466983583744","indices":[10,33],"media_url":"http://pbs.twimg.com/media/DFAY3a5UQAAXoSI.png","media_url_https":"https://pbs.twimg.com/media/DFAY3a5UQAAXoSI.png","url":"https://t.co/WCfXFsoRRH","display_url":"pic.twitter.com/WCfXFsoRRH","expanded_url":"https://twitter.com/atamotonu/status/887236489557417985/photo/1","type":"photo","sizes":{"small":{"w":480,"h":403,"resize":"fit"},"medium":{"w":480,"h":403,"resize":"fit"},"thumb":{"w":150,"h":150,"resize":"crop"},"large":{"w":480,"h":403,"resize":"fit"}}}]},"extended_entities":{"media":[{"id":887236466983583700,"id_str":"887236466983583744","indices":[10,33],"media_url":"http://pbs.twimg.com/media/DFAY3a5UQAAXoSI.png","media_url_https":"https://pbs.twimg.com/media/DFAY3a5UQAAXoSI.png","url":"https://t.co/WCfXFsoRRH","display_url":"pic.twitter.com/WCfXFsoRRH","expanded_url":"https://twitter.com/atamotonu/status/887236489557417985/photo/1","type":"photo","sizes":{"small":{"w":480,"h":403,"resize":"fit"},"medium":{"w":480,"h":403,"resize":"fit"},"thumb":{"w":150,"h":150,"resize":"crop"},"large":{"w":480,"h":403,"resize":"fit"}}}]},"metadata":{"iso_language_code":"ja","result_type":"recent"},"source":"<a href=\"http://twitter.com\" rel=\"nofollow\">Twitter Web Client</a>","in_reply_to_status_id":null,"in_reply_to_status_id_str":null,"in_reply_to_user_id":null,"in_reply_to_user_id_str":null,"in_reply_to_screen_name":null,"user":{"id":723128021540954100,"id_str":"723128021540954113","name":"アタモト","screen_name":"atamotonu","location":"","description":"仕事関係の告知と楽描き用アカウント。 「タヌキとキツネ」「たるしば」など色々描いてます。リプ返し出来なくてごめんなさい、いつもありがとうございます。タヌキとキツネLINEスタンプ→https://t.co/Xpx4P8NBPs ※当アカウントのイラストの加工や転載はご遠慮ください","url":"https://t.co/3h6zd8eIug","entities":{"url":{"urls":[{"url":"https://t.co/3h6zd8eIug","expanded_url":"http://inch.sakura.ne.jp/","display_url":"inch.sakura.ne.jp","indices":[0,23]}]},"description":{"urls":[{"url":"https://t.co/Xpx4P8NBPs","expanded_url":"http://line.me/S/shop/sticker/author/101150","display_url":"line.me/S/shop/sticker…","indices":[90,113]}]}},"protected":false,"followers_count":477450,"friends_count":21,"listed_count":3622,"created_at":"Thu Apr 21 12:35:30 +0000 2016","favourites_count":158,"utc_offset":32400,"time_zone":"Tokyo","geo_enabled":false,"verified":false,"statuses_count":830,"lang":"ja","contributors_enabled":false,"is_translator":false,"is_translation_enabled":false,"profile_background_color":"000000","profile_background_image_url":"http://abs.twimg.com/images/themes/theme1/bg.png","profile_background_image_url_https":"https://abs.twimg.com/images/themes/theme1/bg.png","profile_background_tile":false,"profile_image_url":"http://pbs.twimg.com/profile_images/812948188793434112/Mu7Li4la_normal.jpg","profile_image_url_https":"https://pbs.twimg.com/profile_images/812948188793434112/Mu7Li4la_normal.jpg","profile_link_color":"D98719","profile_sidebar_border_color":"000000","profile_sidebar_fill_color":"000000","profile_text_color":"000000","profile_use_background_image":false,"has_extended_profile":false,"default_profile":false,"default_profile_image":false,"following":false,"follow_request_sent":false,"notifications":false,"translator_type":"none"},"geo":null,"coordinates":null,"place":null,"contributors":null,"is_quote_status":false,"retweet_count":5921,"favorite_count":14389,"favorited":false,"retweeted":false,"possibly_sensitive":false,"lang":"ja"},{"created_at":"Tue Jul 18 09:00:39 +0000 2017","id":887235658783129600,"id_str":"887235658783129600","text":"★A3! イベント配信情報★\n明日のメンテナンス終了後より、イベント『春組第三回公演 ぜんまい仕掛けのココロ』を配信いたします。\n劇団に援助の話が舞い込む。申し出た青年は脚本家の綴にかなり入れ込んでいるよう。そんな中綴はある理由か… https://t.co/REyhbTqxXj","truncated":true,"entities":{"hashtags":[],"symbols":[],"user_mentions":[],"urls":[{"url":"https://t.co/REyhbTqxXj","expanded_url":"https://twitter.com/i/web/status/887235658783129600","display_url":"twitter.com/i/web/status/8…","indices":[117,140]}]},"metadata":{"iso_language_code":"ja","result_type":"recent"},"source":"<a href=\"http://twitter.com\" rel=\"nofollow\">Twitter Web Client</a>","in_reply_to_status_id":null,"in_reply_to_status_id_str":null,"in_reply_to_user_id":null,"in_reply_to_user_id_str":null,"in_reply_to_screen_name":null,"user":{"id":768448988626333700,"id_str":"768448988626333697","name":"【公式】A3!（エースリー）","screen_name":"mankai_company","location":"","description":"１月２７日（金）配信スタート！イケメン役者育成アプリ『A3!』公式Twitterアカウントです。 ハッシュタグは #エースリー アプリに関するお問合せは、アプリ内「サポート」または公式HP内のお問合せフォームよりお願いいたします。","url":"https://t.co/BVvtqOsoYc","entities":{"url":{"urls":[{"url":"https://t.co/BVvtqOsoYc","expanded_url":"http://www.a3-liber.jp/","display_url":"a3-liber.jp","indices":[0,23]}]},"description":{"urls":[]}},"protected":false,"followers_count":303516,"friends_count":54,"listed_count":2707,"created_at":"Wed Aug 24 14:04:50 +0000 2016","favourites_count":0,"utc_offset":-25200,"time_zone":"Pacific Time (US & Canada)","geo_enabled":false,"verified":true,"statuses_count":809,"lang":"ja","contributors_enabled":false,"is_translator":false,"is_translation_enabled":false,"profile_background_color":"000000","profile_background_image_url":"http://abs.twimg.com/images/themes/theme1/bg.png","profile_background_image_url_https":"https://abs.twimg.com/images/themes/theme1/bg.png","profile_background_tile":false,"profile_image_url":"http://pbs.twimg.com/profile_images/848187532135153664/VeXZsEYh_normal.jpg","profile_image_url_https":"https://pbs.twimg.com/profile_images/848187532135153664/VeXZsEYh_normal.jpg","profile_banner_url":"https://pbs.twimg.com/profile_banners/768448988626333697/1476954146","profile_link_color":"1B95E0","profile_sidebar_border_color":"000000","profile_sidebar_fill_color":"000000","profile_text_color":"000000","profile_use_background_image":false,"has_extended_profile":false,"default_profile":false,"default_profile_image":false,"following":false,"follow_request_sent":false,"notifications":false,"translator_type":"none"},"geo":null,"coordinates":null,"place":null,"contributors":null,"is_quote_status":false,"retweet_count":12561,"favorite_count":14726,"favorited":false,"retweeted":false,"possibly_sensitive":false,"lang":"ja"},{"created_at":"Tue Jul 18 07:33:33 +0000 2017","id":887213736422891500,"id_str":"887213736422891520","text":"雹のせいで立教壊れたらしいけどこの楽園のような景色を見てくれ。 https://t.co/R5Td15Hspw","truncated":false,"entities":{"hashtags":[],"symbols":[],"user_mentions":[],"urls":[],"media":[{"id":887213725446357000,"id_str":"887213725446356992","indices":[32,55],"media_url":"http://pbs.twimg.com/media/DFAELsEUwAAF0Fj.jpg","media_url_https":"https://pbs.twimg.com/media/DFAELsEUwAAF0Fj.jpg","url":"https://t.co/R5Td15Hspw","display_url":"pic.twitter.com/R5Td15Hspw","expanded_url":"https://twitter.com/VamoonArcade/status/887213736422891520/photo/1","type":"photo","sizes":{"large":{"w":956,"h":1275,"resize":"fit"},"medium":{"w":900,"h":1200,"resize":"fit"},"thumb":{"w":150,"h":150,"resize":"crop"},"small":{"w":510,"h":680,"resize":"fit"}}}]},"extended_entities":{"media":[{"id":887213725446357000,"id_str":"887213725446356992","indices":[32,55],"media_url":"http://pbs.twimg.com/media/DFAELsEUwAAF0Fj.jpg","media_url_https":"https://pbs.twimg.com/media/DFAELsEUwAAF0Fj.jpg","url":"https://t.co/R5Td15Hspw","display_url":"pic.twitter.com/R5Td15Hspw","expanded_url":"https://twitter.com/VamoonArcade/status/887213736422891520/photo/1","type":"photo","sizes":{"large":{"w":956,"h":1275,"resize":"fit"},"medium":{"w":900,"h":1200,"resize":"fit"},"thumb":{"w":150,"h":150,"resize":"crop"},"small":{"w":510,"h":680,"resize":"fit"}}}]},"metadata":{"iso_language_code":"ja","result_type":"recent"},"source":"<a href=\"http://twitter.com/download/iphone\" rel=\"nofollow\">Twitter for iPhone</a>","in_reply_to_status_id":null,"in_reply_to_status_id_str":null,"in_reply_to_user_id":null,"in_reply_to_user_id_str":null,"in_reply_to_screen_name":null,"user":{"id":519334913,"id_str":"519334913","name":"エブリデイ・アツキ","screen_name":"VamoonArcade","location":"#EGG Records所属","description":"毎日がエブリデイ！！曲作ったりしてます @CliteLight @cupid0708","url":"https://t.co/rULnHaVHlz","entities":{"url":{"urls":[{"url":"https://t.co/rULnHaVHlz","expanded_url":"https://soundcloud.com/vamoonarcade","display_url":"soundcloud.com/vamoonarcade","indices":[0,23]}]},"description":{"urls":[]}},"protected":false,"followers_count":1568,"friends_count":898,"listed_count":6,"created_at":"Fri Mar 09 09:24:45 +0000 2012","favourites_count":1280,"utc_offset":28800,"time_zone":"Irkutsk","geo_enabled":false,"verified":false,"statuses_count":565,"lang":"ja","contributors_enabled":false,"is_translator":false,"is_translation_enabled":false,"profile_background_color":"000000","profile_background_image_url":"http://abs.twimg.com/images/themes/theme9/bg.gif","profile_background_image_url_https":"https://abs.twimg.com/images/themes/theme9/bg.gif","profile_background_tile":false,"profile_image_url":"http://pbs.twimg.com/profile_images/875592437758009345/L487VGPz_normal.jpg","profile_image_url_https":"https://pbs.twimg.com/profile_images/875592437758009345/L487VGPz_normal.jpg","profile_banner_url":"https://pbs.twimg.com/profile_banners/519334913/1498147242","profile_link_color":"3B94D9","profile_sidebar_border_color":"000000","profile_sidebar_fill_color":"000000","profile_text_color":"000000","profile_use_background_image":false,"has_extended_profile":false,"default_profile":false,"default_profile_image":false,"following":false,"follow_request_sent":false,"notifications":false,"translator_type":"none"},"geo":null,"coordinates":null,"place":null,"contributors":null,"is_quote_status":false,"retweet_count":6131,"favorite_count":8439,"favorited":false,"retweeted":false,"possibly_sensitive":false,"lang":"ja"},{"created_at":"Tue Jul 18 07:30:56 +0000 2017","id":887213080316268500,"id_str":"887213080316268544","text":"池袋アマゾンかよぉ！？ https://t.co/amzFUJ4I5U","truncated":false,"entities":{"hashtags":[],"symbols":[],"user_mentions":[],"urls":[],"media":[{"id":887213022804037600,"id_str":"887213022804037633","indices":[12,35],"media_url":"http://pbs.twimg.com/media/DFADiyhV0AEAVHd.jpg","media_url_https":"https://pbs.twimg.com/media/DFADiyhV0AEAVHd.jpg","url":"https://t.co/amzFUJ4I5U","display_url":"pic.twitter.com/amzFUJ4I5U","expanded_url":"https://twitter.com/senariki/status/887213080316268544/photo/1","type":"photo","sizes":{"medium":{"w":1200,"h":900,"resize":"fit"},"small":{"w":680,"h":510,"resize":"fit"},"thumb":{"w":150,"h":150,"resize":"crop"},"large":{"w":2048,"h":1536,"resize":"fit"}}}]},"extended_entities":{"media":[{"id":887213022804037600,"id_str":"887213022804037633","indices":[12,35],"media_url":"http://pbs.twimg.com/media/DFADiyhV0AEAVHd.jpg","media_url_https":"https://pbs.twimg.com/media/DFADiyhV0AEAVHd.jpg","url":"https://t.co/amzFUJ4I5U","display_url":"pic.twitter.com/amzFUJ4I5U","expanded_url":"https://twitter.com/senariki/status/887213080316268544/photo/1","type":"photo","sizes":{"medium":{"w":1200,"h":900,"resize":"fit"},"small":{"w":680,"h":510,"resize":"fit"},"thumb":{"w":150,"h":150,"resize":"crop"},"large":{"w":2048,"h":1536,"resize":"fit"}}}]},"metadata":{"iso_language_code":"ja","result_type":"recent"},"source":"<a href=\"http://twitter.com/download/android\" rel=\"nofollow\">Twitter for Android</a>","in_reply_to_status_id":null,"in_reply_to_status_id_str":null,"in_reply_to_user_id":null,"in_reply_to_user_id_str":null,"in_reply_to_screen_name":null,"user":{"id":425669980,"id_str":"425669980","name":"ネオ･k66s","screen_name":"senariki","location":"音乃木坂学院 埼玉勢 内田勢","description":"98年勢/ヲタ芸歴2年/Aqours μ's 内田彩さん推し/ラブライバー/打ち師/埼玉勢 尊師 玲桜さん /スクフェス/モンスト/グラブル/Aqours club 会員番号AC014155\n上下関係関係なく敬語使います。\n病みツイート、ポエムツイート多め","url":"https://t.co/ibgXE2b01H","entities":{"url":{"urls":[{"url":"https://t.co/ibgXE2b01H","expanded_url":"https://youtu.be/rZceGQ3IQSg","display_url":"youtu.be/rZceGQ3IQSg","indices":[0,23]}]},"description":{"urls":[]}},"protected":false,"followers_count":2787,"friends_count":3017,"listed_count":22,"created_at":"Thu Dec 01 08:46:01 +0000 2011","favourites_count":47119,"utc_offset":null,"time_zone":null,"geo_enabled":true,"verified":false,"statuses_count":37235,"lang":"ja","contributors_enabled":false,"is_translator":false,"is_translation_enabled":false,"profile_background_color":"000000","profile_background_image_url":"http://abs.twimg.com/images/themes/theme1/bg.png","profile_background_image_url_https":"https://abs.twimg.com/images/themes/theme1/bg.png","profile_background_tile":false,"profile_image_url":"http://pbs.twimg.com/profile_images/842073730557739008/z4ytp3j2_normal.png","profile_image_url_https":"https://pbs.twimg.com/profile_images/842073730557739008/z4ytp3j2_normal.png","profile_banner_url":"https://pbs.twimg.com/profile_banners/425669980/1498304177","profile_link_color":"1B95E0","profile_sidebar_border_color":"000000","profile_sidebar_fill_color":"000000","profile_text_color":"000000","profile_use_background_image":false,"has_extended_profile":true,"default_profile":false,"default_profile_image":false,"following":false,"follow_request_sent":false,"notifications":false,"translator_type":"none"},"geo":null,"coordinates":null,"place":null,"contributors":null,"is_quote_status":false,"retweet_count":20104,"favorite_count":23674,"favorited":false,"retweeted":false,"possibly_sensitive":false,"lang":"ja"},{"created_at":"Tue Jul 18 06:25:19 +0000 2017","id":887196568419315700,"id_str":"887196568419315712","text":"なにこれ！！私自宅の中で死ぬの？(´･ω･｀)雷、雨、風、氷！！\n\n網戸ボロボロ！はまだ良くて、窓割れそうっ(´･ω･｀) https://t.co/ly2Qq21xRk","truncated":false,"entities":{"hashtags":[],"symbols":[],"user_mentions":[],"urls":[],"media":[{"id":887196379424018400,"id_str":"887196379424018432","indices":[62,85],"media_url":"http://pbs.twimg.com/ext_tw_video_thumb/887196379424018432/pu/img/9opa7xMMa4DGeyYC.jpg","media_url_https":"https://pbs.twimg.com/ext_tw_video_thumb/887196379424018432/pu/img/9opa7xMMa4DGeyYC.jpg","url":"https://t.co/ly2Qq21xRk","display_url":"pic.twitter.com/ly2Qq21xRk","expanded_url":"https://twitter.com/usagitokuma74/status/887196568419315712/video/1","type":"photo","sizes":{"small":{"w":340,"h":191,"resize":"fit"},"thumb":{"w":150,"h":150,"resize":"crop"},"medium":{"w":600,"h":338,"resize":"fit"},"large":{"w":1024,"h":576,"resize":"fit"}}}]},"extended_entities":{"media":[{"id":887196379424018400,"id_str":"887196379424018432","indices":[62,85],"media_url":"http://pbs.twimg.com/ext_tw_video_thumb/887196379424018432/pu/img/9opa7xMMa4DGeyYC.jpg","media_url_https":"https://pbs.twimg.com/ext_tw_video_thumb/887196379424018432/pu/img/9opa7xMMa4DGeyYC.jpg","url":"https://t.co/ly2Qq21xRk","display_url":"pic.twitter.com/ly2Qq21xRk","expanded_url":"https://twitter.com/usagitokuma74/status/887196568419315712/video/1","type":"video","sizes":{"small":{"w":340,"h":191,"resize":"fit"},"thumb":{"w":150,"h":150,"resize":"crop"},"medium":{"w":600,"h":338,"resize":"fit"},"large":{"w":1024,"h":576,"resize":"fit"}},"video_info":{"aspect_ratio":[16,9],"duration_millis":20600,"variants":[{"bitrate":832000,"content_type":"video/mp4","url":"https://video.twimg.com/ext_tw_video/887196379424018432/pu/vid/640x360/HRNAdGWPUcPAwwqi.mp4"},{"bitrate":320000,"content_type":"video/mp4","url":"https://video.twimg.com/ext_tw_video/887196379424018432/pu/vid/320x180/Gp3QWNwxnWO2XDMz.mp4"},{"bitrate":2176000,"content_type":"video/mp4","url":"https://video.twimg.com/ext_tw_video/887196379424018432/pu/vid/1280x720/fnU1wV8Kvgl8txo6.mp4"},{"content_type":"application/x-mpegURL","url":"https://video.twimg.com/ext_tw_video/887196379424018432/pu/pl/dSFbMu7r8MjHCctZ.m3u8"}]},"additional_media_info":{"monetizable":false}}]},"metadata":{"iso_language_code":"ja","result_type":"recent"},"source":"<a href=\"http://twitter.com/download/iphone\" rel=\"nofollow\">Twitter for iPhone</a>","in_reply_to_status_id":null,"in_reply_to_status_id_str":null,"in_reply_to_user_id":null,"in_reply_to_user_id_str":null,"in_reply_to_screen_name":null,"user":{"id":821240746162339800,"id_str":"821240746162339841","name":"うさまる@おでん、MHXX","screen_name":"usagitokuma74","location":"日本","description":"ゲーム垢٩( 'ω' )و うーさ、うーさ！ 12オーディンズ、ナイクロ、MHXX。PSまるでないですが、オンライン一緒にやりましょー！！(大人に限る)やっとのことで、HR100超えました！200目指し中ですっっ(HN違うので注意！","url":null,"entities":{"description":{"urls":[]}},"protected":false,"followers_count":181,"friends_count":154,"listed_count":2,"created_at":"Tue Jan 17 06:20:26 +0000 2017","favourites_count":636,"utc_offset":null,"time_zone":null,"geo_enabled":false,"verified":false,"statuses_count":733,"lang":"ja","contributors_enabled":false,"is_translator":false,"is_translation_enabled":false,"profile_background_color":"F5F8FA","profile_background_image_url":null,"profile_background_image_url_https":null,"profile_background_tile":false,"profile_image_url":"http://pbs.twimg.com/profile_images/867977564689530882/orHfHIPI_normal.jpg","profile_image_url_https":"https://pbs.twimg.com/profile_images/867977564689530882/orHfHIPI_normal.jpg","profile_banner_url":"https://pbs.twimg.com/profile_banners/821240746162339841/1490749265","profile_link_color":"1DA1F2","profile_sidebar_border_color":"C0DEED","profile_sidebar_fill_color":"DDEEF6","profile_text_color":"333333","profile_use_background_image":true,"has_extended_profile":true,"default_profile":true,"default_profile_image":false,"following":false,"follow_request_sent":false,"notifications":false,"translator_type":"none"},"geo":null,"coordinates":null,"place":null,"contributors":null,"is_quote_status":false,"retweet_count":11365,"favorite_count":7548,"favorited":false,"retweeted":false,"possibly_sensitive":false,"lang":"ja"},{"created_at":"Tue Jul 18 06:21:40 +0000 2017","id":887195648834940900,"id_str":"887195648834940929","text":"ゲリラ豪雨ヤバイな！おい！\n#ゲリラ豪雨\n#落雷\n#雹 https://t.co/H05bRyd6XF","truncated":false,"entities":{"hashtags":[{"text":"ゲリラ豪雨","indices":[14,20]},{"text":"落雷","indices":[21,24]},{"text":"雹","indices":[25,27]}],"symbols":[],"user_mentions":[],"urls":[],"media":[{"id":887195166028611600,"id_str":"887195166028611584","indices":[28,51],"media_url":"http://pbs.twimg.com/ext_tw_video_thumb/887195166028611584/pu/img/fSXA4OqQ1qfBMtc6.jpg","media_url_https":"https://pbs.twimg.com/ext_tw_video_thumb/887195166028611584/pu/img/fSXA4OqQ1qfBMtc6.jpg","url":"https://t.co/H05bRyd6XF","display_url":"pic.twitter.com/H05bRyd6XF","expanded_url":"https://twitter.com/gaimonn/status/887195648834940929/video/1","type":"photo","sizes":{"small":{"w":340,"h":604,"resize":"fit"},"large":{"w":720,"h":1280,"resize":"fit"},"thumb":{"w":150,"h":150,"resize":"crop"},"medium":{"w":600,"h":1067,"resize":"fit"}}}]},"extended_entities":{"media":[{"id":887195166028611600,"id_str":"887195166028611584","indices":[28,51],"media_url":"http://pbs.twimg.com/ext_tw_video_thumb/887195166028611584/pu/img/fSXA4OqQ1qfBMtc6.jpg","media_url_https":"https://pbs.twimg.com/ext_tw_video_thumb/887195166028611584/pu/img/fSXA4OqQ1qfBMtc6.jpg","url":"https://t.co/H05bRyd6XF","display_url":"pic.twitter.com/H05bRyd6XF","expanded_url":"https://twitter.com/gaimonn/status/887195648834940929/video/1","type":"video","sizes":{"small":{"w":340,"h":604,"resize":"fit"},"large":{"w":720,"h":1280,"resize":"fit"},"thumb":{"w":150,"h":150,"resize":"crop"},"medium":{"w":600,"h":1067,"resize":"fit"}},"video_info":{"aspect_ratio":[9,16],"duration_millis":27600,"variants":[{"bitrate":832000,"content_type":"video/mp4","url":"https://video.twimg.com/ext_tw_video/887195166028611584/pu/vid/360x640/7xQSuTU-LnewqNfk.mp4"},{"content_type":"application/x-mpegURL","url":"https://video.twimg.com/ext_tw_video/887195166028611584/pu/pl/FwY8yE4AVCJpiydH.m3u8"},{"bitrate":2176000,"content_type":"video/mp4","url":"https://video.twimg.com/ext_tw_video/887195166028611584/pu/vid/720x1280/23wvKUKCiZqPuV0I.mp4"},{"bitrate":320000,"content_type":"video/mp4","url":"https://video.twimg.com/ext_tw_video/887195166028611584/pu/vid/180x320/0lV9WzYLJGpW5QOQ.mp4"}]},"additional_media_info":{"monetizable":false}}]},"metadata":{"iso_language_code":"ja","result_type":"recent"},"source":"<a href=\"http://twitter.com/download/iphone\" rel=\"nofollow\">Twitter for iPhone</a>","in_reply_to_status_id":null,"in_reply_to_status_id_str":null,"in_reply_to_user_id":null,"in_reply_to_user_id_str":null,"in_reply_to_screen_name":null,"user":{"id":152996709,"id_str":"152996709","name":"ガイモン","screen_name":"gaimonn","location":"","description":"アニメは世界に誇る日本文化だ！","url":null,"entities":{"description":{"urls":[]}},"protected":false,"followers_count":43,"friends_count":20,"listed_count":2,"created_at":"Mon Jun 07 12:16:50 +0000 2010","favourites_count":7,"utc_offset":32400,"time_zone":"Tokyo","geo_enabled":true,"verified":false,"statuses_count":179,"lang":"ja","contributors_enabled":false,"is_translator":false,"is_translation_enabled":false,"profile_background_color":"C0DEED","profile_background_image_url":"http://abs.twimg.com/images/themes/theme1/bg.png","profile_background_image_url_https":"https://abs.twimg.com/images/themes/theme1/bg.png","profile_background_tile":false,"profile_image_url":"http://pbs.twimg.com/profile_images/666940517423280128/pjTWmevh_normal.jpg","profile_image_url_https":"https://pbs.twimg.com/profile_images/666940517423280128/pjTWmevh_normal.jpg","profile_link_color":"1DA1F2","profile_sidebar_border_color":"C0DEED","profile_sidebar_fill_color":"DDEEF6","profile_text_color":"333333","profile_use_background_image":true,"has_extended_profile":false,"default_profile":true,"default_profile_image":false,"following":false,"follow_request_sent":false,"notifications":false,"translator_type":"none"},"geo":null,"coordinates":null,"place":null,"contributors":null,"is_quote_status":false,"retweet_count":14310,"favorite_count":10370,"favorited":false,"retweeted":false,"possibly_sensitive":false,"lang":"ja"},{"created_at":"Tue Jul 18 06:21:03 +0000 2017","id":887195491657596900,"id_str":"887195491657596929","text":"※池袋です https://t.co/U6obDWnHsd","truncated":false,"entities":{"hashtags":[],"symbols":[],"user_mentions":[],"urls":[],"media":[{"id":887195474737811500,"id_str":"887195474737811456","indices":[6,29],"media_url":"http://pbs.twimg.com/media/DE_zlW4U0AAvWCa.jpg","media_url_https":"https://pbs.twimg.com/media/DE_zlW4U0AAvWCa.jpg","url":"https://t.co/U6obDWnHsd","display_url":"pic.twitter.com/U6obDWnHsd","expanded_url":"https://twitter.com/hana_kuma/status/887195491657596929/photo/1","type":"photo","sizes":{"small":{"w":680,"h":680,"resize":"fit"},"medium":{"w":1024,"h":1024,"resize":"fit"},"thumb":{"w":150,"h":150,"resize":"crop"},"large":{"w":1024,"h":1024,"resize":"fit"}}}]},"extended_entities":{"media":[{"id":887195474737811500,"id_str":"887195474737811456","indices":[6,29],"media_url":"http://pbs.twimg.com/media/DE_zlW4U0AAvWCa.jpg","media_url_https":"https://pbs.twimg.com/media/DE_zlW4U0AAvWCa.jpg","url":"https://t.co/U6obDWnHsd","display_url":"pic.twitter.com/U6obDWnHsd","expanded_url":"https://twitter.com/hana_kuma/status/887195491657596929/photo/1","type":"photo","sizes":{"small":{"w":680,"h":680,"resize":"fit"},"medium":{"w":1024,"h":1024,"resize":"fit"},"thumb":{"w":150,"h":150,"resize":"crop"},"large":{"w":1024,"h":1024,"resize":"fit"}}},{"id":887195474788208600,"id_str":"887195474788208640","indices":[6,29],"media_url":"http://pbs.twimg.com/media/DE_zlXEV0AAzh0M.jpg","media_url_https":"https://pbs.twimg.com/media/DE_zlXEV0AAzh0M.jpg","url":"https://t.co/U6obDWnHsd","display_url":"pic.twitter.com/U6obDWnHsd","expanded_url":"https://twitter.com/hana_kuma/status/887195491657596929/photo/1","type":"photo","sizes":{"small":{"w":680,"h":680,"resize":"fit"},"medium":{"w":1024,"h":1024,"resize":"fit"},"thumb":{"w":150,"h":150,"resize":"crop"},"large":{"w":1024,"h":1024,"resize":"fit"}}},{"id":887195475488550900,"id_str":"887195475488550914","indices":[6,29],"media_url":"http://pbs.twimg.com/media/DE_zlZrUMAI4u1i.jpg","media_url_https":"https://pbs.twimg.com/media/DE_zlZrUMAI4u1i.jpg","url":"https://t.co/U6obDWnHsd","display_url":"pic.twitter.com/U6obDWnHsd","expanded_url":"https://twitter.com/hana_kuma/status/887195491657596929/photo/1","type":"photo","sizes":{"small":{"w":680,"h":680,"resize":"fit"},"medium":{"w":1024,"h":1024,"resize":"fit"},"thumb":{"w":150,"h":150,"resize":"crop"},"large":{"w":1024,"h":1024,"resize":"fit"}}},{"id":887195477199822800,"id_str":"887195477199822853","indices":[6,29],"media_url":"http://pbs.twimg.com/media/DE_zlgDUIAU-_HS.jpg","media_url_https":"https://pbs.twimg.com/media/DE_zlgDUIAU-_HS.jpg","url":"https://t.co/U6obDWnHsd","display_url":"pic.twitter.com/U6obDWnHsd","expanded_url":"https://twitter.com/hana_kuma/status/887195491657596929/photo/1","type":"photo","sizes":{"small":{"w":680,"h":680,"resize":"fit"},"thumb":{"w":150,"h":150,"resize":"crop"},"large":{"w":1024,"h":1024,"resize":"fit"},"medium":{"w":1024,"h":1024,"resize":"fit"}}}]},"metadata":{"iso_language_code":"ja","result_type":"recent"},"source":"<a href=\"http://twitter.com/download/iphone\" rel=\"nofollow\">Twitter for iPhone</a>","in_reply_to_status_id":null,"in_reply_to_status_id_str":null,"in_reply_to_user_id":null,"in_reply_to_user_id_str":null,"in_reply_to_screen_name":null,"user":{"id":159109378,"id_str":"159109378","name":"はなくま(｀ε´)","screen_name":"hana_kuma","location":"tokyo都 俺の中の野獣がうず区","description":"ｱｰ!電波が〜！( ˘ω˘;)！ 電波が呟けと命令する〜！( ˘ω˘;)！ ｱｰ電波が〜！ｱｰ!( ˘ω˘;)ﾏﾝﾏﾐｰｱ！","url":null,"entities":{"description":{"urls":[]}},"protected":false,"followers_count":194,"friends_count":188,"listed_count":3,"created_at":"Thu Jun 24 13:35:55 +0000 2010","favourites_count":2663,"utc_offset":-36000,"time_zone":"Hawaii","geo_enabled":true,"verified":false,"statuses_count":21133,"lang":"ja","contributors_enabled":false,"is_translator":false,"is_translation_enabled":false,"profile_background_color":"0099B9","profile_background_image_url":"http://abs.twimg.com/images/themes/theme4/bg.gif","profile_background_image_url_https":"https://abs.twimg.com/images/themes/theme4/bg.gif","profile_background_tile":false,"profile_image_url":"http://pbs.twimg.com/profile_images/882720863266586625/xze-CxZe_normal.jpg","profile_image_url_https":"https://pbs.twimg.com/profile_images/882720863266586625/xze-CxZe_normal.jpg","profile_banner_url":"https://pbs.twimg.com/profile_banners/159109378/1494825077","profile_link_color":"0099B9","profile_sidebar_border_color":"5ED4DC","profile_sidebar_fill_color":"95E8EC","profile_text_color":"3C3940","profile_use_background_image":true,"has_extended_profile":true,"default_profile":false,"default_profile_image":false,"following":false,"follow_request_sent":false,"notifications":false,"translator_type":"none"},"geo":null,"coordinates":null,"place":null,"contributors":null,"is_quote_status":false,"retweet_count":23244,"favorite_count":19049,"favorited":false,"retweeted":false,"possibly_sensitive":false,"lang":"ja"},{"created_at":"Tue Jul 18 06:20:41 +0000 2017","id":887195398971850800,"id_str":"887195398971850754","text":"雹のサイズです in 鶯谷 https://t.co/S0X3nrLz0H","truncated":false,"entities":{"hashtags":[],"symbols":[],"user_mentions":[],"urls":[],"media":[{"id":887195396031660000,"id_str":"887195396031660032","indices":[14,37],"media_url":"http://pbs.twimg.com/media/DE_zgxrUQAAYNoo.jpg","media_url_https":"https://pbs.twimg.com/media/DE_zgxrUQAAYNoo.jpg","url":"https://t.co/S0X3nrLz0H","display_url":"pic.twitter.com/S0X3nrLz0H","expanded_url":"https://twitter.com/G3_1934/status/887195398971850754/photo/1","type":"photo","sizes":{"large":{"w":1224,"h":1632,"resize":"fit"},"medium":{"w":900,"h":1200,"resize":"fit"},"thumb":{"w":150,"h":150,"resize":"crop"},"small":{"w":510,"h":680,"resize":"fit"}}}]},"extended_entities":{"media":[{"id":887195396031660000,"id_str":"887195396031660032","indices":[14,37],"media_url":"http://pbs.twimg.com/media/DE_zgxrUQAAYNoo.jpg","media_url_https":"https://pbs.twimg.com/media/DE_zgxrUQAAYNoo.jpg","url":"https://t.co/S0X3nrLz0H","display_url":"pic.twitter.com/S0X3nrLz0H","expanded_url":"https://twitter.com/G3_1934/status/887195398971850754/photo/1","type":"photo","sizes":{"large":{"w":1224,"h":1632,"resize":"fit"},"medium":{"w":900,"h":1200,"resize":"fit"},"thumb":{"w":150,"h":150,"resize":"crop"},"small":{"w":510,"h":680,"resize":"fit"}}}]},"metadata":{"iso_language_code":"ja","result_type":"recent"},"source":"<a href=\"https://twitter.com/ABS104a\" rel=\"nofollow\">Biyon≡(　ε:) Pro</a>","in_reply_to_status_id":null,"in_reply_to_status_id_str":null,"in_reply_to_user_id":null,"in_reply_to_user_id_str":null,"in_reply_to_screen_name":null,"user":{"id":175148116,"id_str":"175148116","name":"ぼるしち","screen_name":"G3_1934","location":"無理","description":"A Kemash it' eomede to go The Imasu","url":null,"entities":{"description":{"urls":[]}},"protected":false,"followers_count":943,"friends_count":727,"listed_count":100,"created_at":"Thu Aug 05 19:23:25 +0000 2010","favourites_count":211814,"utc_offset":32400,"time_zone":"Tokyo","geo_enabled":true,"verified":false,"statuses_count":176389,"lang":"ja","contributors_enabled":false,"is_translator":false,"is_translation_enabled":false,"profile_background_color":"131516","profile_background_image_url":"http://abs.twimg.com/images/themes/theme14/bg.gif","profile_background_image_url_https":"https://abs.twimg.com/images/themes/theme14/bg.gif","profile_background_tile":false,"profile_image_url":"http://pbs.twimg.com/profile_images/647708514098397185/weEvTT6F_normal.jpg","profile_image_url_https":"https://pbs.twimg.com/profile_images/647708514098397185/weEvTT6F_normal.jpg","profile_banner_url":"https://pbs.twimg.com/profile_banners/175148116/1454429859","profile_link_color":"E81C4F","profile_sidebar_border_color":"000000","profile_sidebar_fill_color":"000000","profile_text_color":"000000","profile_use_background_image":false,"has_extended_profile":false,"default_profile":false,"default_profile_image":false,"following":false,"follow_request_sent":false,"notifications":false,"translator_type":"none"},"geo":null,"coordinates":null,"place":null,"contributors":null,"is_quote_status":false,"retweet_count":5012,"favorite_count":3456,"favorited":false,"retweeted":false,"possibly_sensitive":false,"lang":"ja"},{"created_at":"Tue Jul 18 06:17:58 +0000 2017","id":887194715539423200,"id_str":"887194715539423232","text":"池袋 雹だ やばい   #池袋 #雹 https://t.co/2OEg6clUNq","truncated":false,"entities":{"hashtags":[{"text":"池袋","indices":[12,15]},{"text":"雹","indices":[16,18]}],"symbols":[],"user_mentions":[],"urls":[],"media":[{"id":887194393223897100,"id_str":"887194393223897088","indices":[19,42],"media_url":"http://pbs.twimg.com/ext_tw_video_thumb/887194393223897088/pu/img/QK8p93Jyla2_lr4k.jpg","media_url_https":"https://pbs.twimg.com/ext_tw_video_thumb/887194393223897088/pu/img/QK8p93Jyla2_lr4k.jpg","url":"https://t.co/2OEg6clUNq","display_url":"pic.twitter.com/2OEg6clUNq","expanded_url":"https://twitter.com/zbitjp/status/887194715539423232/video/1","type":"photo","sizes":{"large":{"w":528,"h":960,"resize":"fit"},"thumb":{"w":150,"h":150,"resize":"crop"},"small":{"w":340,"h":618,"resize":"fit"},"medium":{"w":528,"h":960,"resize":"fit"}}}]},"extended_entities":{"media":[{"id":887194393223897100,"id_str":"887194393223897088","indices":[19,42],"media_url":"http://pbs.twimg.com/ext_tw_video_thumb/887194393223897088/pu/img/QK8p93Jyla2_lr4k.jpg","media_url_https":"https://pbs.twimg.com/ext_tw_video_thumb/887194393223897088/pu/img/QK8p93Jyla2_lr4k.jpg","url":"https://t.co/2OEg6clUNq","display_url":"pic.twitter.com/2OEg6clUNq","expanded_url":"https://twitter.com/zbitjp/status/887194715539423232/video/1","type":"video","sizes":{"large":{"w":528,"h":960,"resize":"fit"},"thumb":{"w":150,"h":150,"resize":"crop"},"small":{"w":340,"h":618,"resize":"fit"},"medium":{"w":528,"h":960,"resize":"fit"}},"video_info":{"aspect_ratio":[11,20],"duration_millis":36833,"variants":[{"bitrate":832000,"content_type":"video/mp4","url":"https://video.twimg.com/ext_tw_video/887194393223897088/pu/vid/352x640/_7oKeEYWbBLZNBuk.mp4"},{"bitrate":320000,"content_type":"video/mp4","url":"https://video.twimg.com/ext_tw_video/887194393223897088/pu/vid/176x320/e6gpmJbL_0EsApqV.mp4"},{"content_type":"application/x-mpegURL","url":"https://video.twimg.com/ext_tw_video/887194393223897088/pu/pl/ZUDsO_70lgLQKRuI.m3u8"}]},"additional_media_info":{"monetizable":false}}]},"metadata":{"iso_language_code":"ja","result_type":"recent"},"source":"<a href=\"http://twitter.com/download/iphone\" rel=\"nofollow\">Twitter for iPhone</a>","in_reply_to_status_id":null,"in_reply_to_status_id_str":null,"in_reply_to_user_id":null,"in_reply_to_user_id_str":null,"in_reply_to_screen_name":null,"user":{"id":116974649,"id_str":"116974649","name":"zbitjp","screen_name":"zbitjp","location":"東京都","description":"相当おっさんですがまだコード書いてます/Android/iPhone/web/池袋在住のおっさん/ヒルズよりは浅草/日向よりは日陰/料理/酒があれば。。/何かいい仕事があれば。。","url":"https://t.co/agIQnUqlLW","entities":{"url":{"urls":[{"url":"https://t.co/agIQnUqlLW","expanded_url":"http://rpx.jp/","display_url":"rpx.jp","indices":[0,23]}]},"description":{"urls":[]}},"protected":false,"followers_count":67,"friends_count":71,"listed_count":5,"created_at":"Wed Feb 24 04:19:05 +0000 2010","favourites_count":9,"utc_offset":32400,"time_zone":"Tokyo","geo_enabled":true,"verified":false,"statuses_count":592,"lang":"ja","contributors_enabled":false,"is_translator":false,"is_translation_enabled":false,"profile_background_color":"9AE4E8","profile_background_image_url":"http://abs.twimg.com/images/themes/theme16/bg.gif","profile_background_image_url_https":"https://abs.twimg.com/images/themes/theme16/bg.gif","profile_background_tile":false,"profile_image_url":"http://pbs.twimg.com/profile_images/1679191544/image_normal.jpg","profile_image_url_https":"https://pbs.twimg.com/profile_images/1679191544/image_normal.jpg","profile_link_color":"0084B4","profile_sidebar_border_color":"BDDCAD","profile_sidebar_fill_color":"DDFFCC","profile_text_color":"333333","profile_use_background_image":true,"has_extended_profile":false,"default_profile":false,"default_profile_image":false,"following":false,"follow_request_sent":false,"notifications":false,"translator_type":"none"},"geo":null,"coordinates":null,"place":null,"contributors":null,"is_quote_status":false,"retweet_count":8724,"favorite_count":5841,"favorited":false,"retweeted":false,"possibly_sensitive":false,"lang":"ja"},{"created_at":"Tue Jul 18 06:16:43 +0000 2017","id":887194403919376400,"id_str":"887194403919376384","text":"田端、雹やばい。 https://t.co/5bg3G9qWvF","truncated":false,"entities":{"hashtags":[],"symbols":[],"user_mentions":[],"urls":[],"media":[{"id":887194264924336100,"id_str":"887194264924336128","indices":[9,32],"media_url":"http://pbs.twimg.com/ext_tw_video_thumb/887194264924336128/pu/img/ull0OgFCPqCRMu9t.jpg","media_url_https":"https://pbs.twimg.com/ext_tw_video_thumb/887194264924336128/pu/img/ull0OgFCPqCRMu9t.jpg","url":"https://t.co/5bg3G9qWvF","display_url":"pic.twitter.com/5bg3G9qWvF","expanded_url":"https://twitter.com/yuki7979seoul/status/887194403919376384/video/1","type":"photo","sizes":{"small":{"w":340,"h":604,"resize":"fit"},"large":{"w":720,"h":1280,"resize":"fit"},"thumb":{"w":150,"h":150,"resize":"crop"},"medium":{"w":600,"h":1067,"resize":"fit"}}}]},"extended_entities":{"media":[{"id":887194264924336100,"id_str":"887194264924336128","indices":[9,32],"media_url":"http://pbs.twimg.com/ext_tw_video_thumb/887194264924336128/pu/img/ull0OgFCPqCRMu9t.jpg","media_url_https":"https://pbs.twimg.com/ext_tw_video_thumb/887194264924336128/pu/img/ull0OgFCPqCRMu9t.jpg","url":"https://t.co/5bg3G9qWvF","display_url":"pic.twitter.com/5bg3G9qWvF","expanded_url":"https://twitter.com/yuki7979seoul/status/887194403919376384/video/1","type":"video","sizes":{"small":{"w":340,"h":604,"resize":"fit"},"large":{"w":720,"h":1280,"resize":"fit"},"thumb":{"w":150,"h":150,"resize":"crop"},"medium":{"w":600,"h":1067,"resize":"fit"}},"video_info":{"aspect_ratio":[9,16],"duration_millis":15844,"variants":[{"content_type":"application/x-mpegURL","url":"https://video.twimg.com/ext_tw_video/887194264924336128/pu/pl/TKR5HcQ7ET1P1kmt.m3u8"},{"bitrate":320000,"content_type":"video/mp4","url":"https://video.twimg.com/ext_tw_video/887194264924336128/pu/vid/180x320/L4zAzE05-jz2CuRT.mp4"},{"bitrate":832000,"content_type":"video/mp4","url":"https://video.twimg.com/ext_tw_video/887194264924336128/pu/vid/360x640/Ilj2zwOgUUdM06Yy.mp4"},{"bitrate":2176000,"content_type":"video/mp4","url":"https://video.twimg.com/ext_tw_video/887194264924336128/pu/vid/720x1280/pwoEhFB0fjyJG0_I.mp4"}]},"additional_media_info":{"monetizable":false}}]},"metadata":{"iso_language_code":"ja","result_type":"recent"},"source":"<a href=\"http://twitter.com/download/iphone\" rel=\"nofollow\">Twitter for iPhone</a>","in_reply_to_status_id":null,"in_reply_to_status_id_str":null,"in_reply_to_user_id":null,"in_reply_to_user_id_str":null,"in_reply_to_screen_name":null,"user":{"id":279858868,"id_str":"279858868","name":"ゆうき(一時帰国なう)","screen_name":"yuki7979seoul","location":"韓国ソウル市","description":"言語屋さん/마포구거주외국인노동자/在韓17年目/日韓夫婦/（自称）在韓滋賀県広報大使/某私立大学勤務（日本語教育）/ソウル大学博士課程修了（韓国語教育）/散歩/カフェ/モノマネ/カレー/日韓恋愛/特撮/アメブロ＆ツイキャス/ラーメンズ/韓流オンチ/リプ率低め/트윗무단캡처해서FB에올리지쫌마세요/TWICE","url":"https://t.co/6IOtfnYlaJ","entities":{"url":{"urls":[{"url":"https://t.co/6IOtfnYlaJ","expanded_url":"http://s.ameblo.jp/yuki7979seoul/","display_url":"s.ameblo.jp/yuki7979seoul/","indices":[0,23]}]},"description":{"urls":[]}},"protected":false,"followers_count":38661,"friends_count":881,"listed_count":406,"created_at":"Sun Apr 10 04:43:43 +0000 2011","favourites_count":4486,"utc_offset":32400,"time_zone":"Seoul","geo_enabled":true,"verified":false,"statuses_count":136002,"lang":"ja","contributors_enabled":false,"is_translator":false,"is_translation_enabled":false,"profile_background_color":"96EBE1","profile_background_image_url":"http://pbs.twimg.com/profile_background_images/321706082/2009070829103550.jpg","profile_background_image_url_https":"https://pbs.twimg.com/profile_background_images/321706082/2009070829103550.jpg","profile_background_tile":true,"profile_image_url":"http://pbs.twimg.com/profile_images/790537968041635841/U8qvtpCR_normal.jpg","profile_image_url_https":"https://pbs.twimg.com/profile_images/790537968041635841/U8qvtpCR_normal.jpg","profile_banner_url":"https://pbs.twimg.com/profile_banners/279858868/1483104374","profile_link_color":"6CCFCA","profile_sidebar_border_color":"EEEEEE","profile_sidebar_fill_color":"B9F2B3","profile_text_color":"141214","profile_use_background_image":true,"has_extended_profile":true,"default_profile":false,"default_profile_image":false,"following":false,"follow_request_sent":false,"notifications":false,"translator_type":"none"},"geo":null,"coordinates":null,"place":null,"contributors":null,"is_quote_status":false,"retweet_count":5121,"favorite_count":2919,"favorited":false,"retweeted":false,"possibly_sensitive":false,"lang":"ja"},{"created_at":"Tue Jul 18 06:14:39 +0000 2017","id":887193882013835300,"id_str":"887193882013835265","text":"あはははは。雹ヤベー https://t.co/2BvyP1KXQV","truncated":false,"entities":{"hashtags":[],"symbols":[],"user_mentions":[],"urls":[],"media":[{"id":887193365590163500,"id_str":"887193365590163456","indices":[11,34],"media_url":"http://pbs.twimg.com/ext_tw_video_thumb/887193365590163456/pu/img/t8B0Z7tad0MpfgFM.jpg","media_url_https":"https://pbs.twimg.com/ext_tw_video_thumb/887193365590163456/pu/img/t8B0Z7tad0MpfgFM.jpg","url":"https://t.co/2BvyP1KXQV","display_url":"pic.twitter.com/2BvyP1KXQV","expanded_url":"https://twitter.com/Baketu_head/status/887193882013835265/video/1","type":"photo","sizes":{"small":{"w":340,"h":604,"resize":"fit"},"large":{"w":720,"h":1280,"resize":"fit"},"thumb":{"w":150,"h":150,"resize":"crop"},"medium":{"w":600,"h":1067,"resize":"fit"}}}]},"extended_entities":{"media":[{"id":887193365590163500,"id_str":"887193365590163456","indices":[11,34],"media_url":"http://pbs.twimg.com/ext_tw_video_thumb/887193365590163456/pu/img/t8B0Z7tad0MpfgFM.jpg","media_url_https":"https://pbs.twimg.com/ext_tw_video_thumb/887193365590163456/pu/img/t8B0Z7tad0MpfgFM.jpg","url":"https://t.co/2BvyP1KXQV","display_url":"pic.twitter.com/2BvyP1KXQV","expanded_url":"https://twitter.com/Baketu_head/status/887193882013835265/video/1","type":"video","sizes":{"small":{"w":340,"h":604,"resize":"fit"},"large":{"w":720,"h":1280,"resize":"fit"},"thumb":{"w":150,"h":150,"resize":"crop"},"medium":{"w":600,"h":1067,"resize":"fit"}},"video_info":{"aspect_ratio":[9,16],"duration_millis":33823,"variants":[{"bitrate":2176000,"content_type":"video/mp4","url":"https://video.twimg.com/ext_tw_video/887193365590163456/pu/vid/720x1280/y32Je81hdNsGtux-.mp4"},{"bitrate":320000,"content_type":"video/mp4","url":"https://video.twimg.com/ext_tw_video/887193365590163456/pu/vid/180x320/Jv5Q9t46_IZVO-W8.mp4"},{"content_type":"application/x-mpegURL","url":"https://video.twimg.com/ext_tw_video/887193365590163456/pu/pl/2iHhZDVTiRhKiP0i.m3u8"},{"bitrate":832000,"content_type":"video/mp4","url":"https://video.twimg.com/ext_tw_video/887193365590163456/pu/vid/360x640/1f2DtC1GHZLAQhUl.mp4"}]},"additional_media_info":{"monetizable":false}}]},"metadata":{"iso_language_code":"ja","result_type":"recent"},"source":"<a href=\"http://twitter.com/download/iphone\" rel=\"nofollow\">Twitter for iPhone</a>","in_reply_to_status_id":null,"in_reply_to_status_id_str":null,"in_reply_to_user_id":null,"in_reply_to_user_id_str":null,"in_reply_to_screen_name":null,"user":{"id":363694051,"id_str":"363694051","name":"バケツヘッド＠7月23日甲冑戦闘訓練会","screen_name":"Baketu_head","location":"","description":"甲冑着て木刀で殴り愛する人。参加見学希望は私宛にツイください。甲冑競技交流団体「健甲会」及びヘヴィファイト初心者向け教室「暗黒学園」主催 ルールはこちらhttps://t.co/xIsDBaJ8Rp","url":"https://t.co/xiHqU45Ia5","entities":{"url":{"urls":[{"url":"https://t.co/xiHqU45Ia5","expanded_url":"http://ch.nicovideo.jp/Baketu","display_url":"ch.nicovideo.jp/Baketu","indices":[0,23]}]},"description":{"urls":[{"url":"https://t.co/xIsDBaJ8Rp","expanded_url":"http://togetter.com/li/947852","display_url":"togetter.com/li/947852","indices":[76,99]}]}},"protected":false,"followers_count":6242,"friends_count":896,"listed_count":247,"created_at":"Sun Aug 28 14:49:49 +0000 2011","favourites_count":21890,"utc_offset":-36000,"time_zone":"Hawaii","geo_enabled":false,"verified":false,"statuses_count":87835,"lang":"ja","contributors_enabled":false,"is_translator":false,"is_translation_enabled":false,"profile_background_color":"C0DEED","profile_background_image_url":"http://pbs.twimg.com/profile_background_images/361971797/73dc900caaa.JPG","profile_background_image_url_https":"https://pbs.twimg.com/profile_background_images/361971797/73dc900caaa.JPG","profile_background_tile":true,"profile_image_url":"http://pbs.twimg.com/profile_images/876676264865615874/_5gfCl0U_normal.jpg","profile_image_url_https":"https://pbs.twimg.com/profile_images/876676264865615874/_5gfCl0U_normal.jpg","profile_banner_url":"https://pbs.twimg.com/profile_banners/363694051/1491978289","profile_link_color":"0084B4","profile_sidebar_border_color":"C0DEED","profile_sidebar_fill_color":"DDEEF6","profile_text_color":"333333","profile_use_background_image":true,"has_extended_profile":false,"default_profile":false,"default_profile_image":false,"following":false,"follow_request_sent":false,"notifications":false,"translator_type":"none"},"geo":null,"coordinates":null,"place":null,"contributors":null,"is_quote_status":false,"retweet_count":15829,"favorite_count":10751,"favorited":false,"retweeted":false,"possibly_sensitive":false,"lang":"ja"},{"created_at":"Tue Jul 18 06:12:34 +0000 2017","id":887193358233256000,"id_str":"887193358233255937","text":"外でたら死にます。\nこの雹。\n駅から出られない。 https://t.co/4QEoy1Mutb","truncated":false,"entities":{"hashtags":[],"symbols":[],"user_mentions":[],"urls":[],"media":[{"id":887193108676464600,"id_str":"887193108676464640","indices":[25,48],"media_url":"http://pbs.twimg.com/ext_tw_video_thumb/887193108676464640/pu/img/cx6y4HuGW3ERA5cR.jpg","media_url_https":"https://pbs.twimg.com/ext_tw_video_thumb/887193108676464640/pu/img/cx6y4HuGW3ERA5cR.jpg","url":"https://t.co/4QEoy1Mutb","display_url":"pic.twitter.com/4QEoy1Mutb","expanded_url":"https://twitter.com/lord_gomez/status/887193358233255937/video/1","type":"photo","sizes":{"small":{"w":340,"h":191,"resize":"fit"},"thumb":{"w":150,"h":150,"resize":"crop"},"medium":{"w":600,"h":338,"resize":"fit"},"large":{"w":1024,"h":576,"resize":"fit"}}}]},"extended_entities":{"media":[{"id":887193108676464600,"id_str":"887193108676464640","indices":[25,48],"media_url":"http://pbs.twimg.com/ext_tw_video_thumb/887193108676464640/pu/img/cx6y4HuGW3ERA5cR.jpg","media_url_https":"https://pbs.twimg.com/ext_tw_video_thumb/887193108676464640/pu/img/cx6y4HuGW3ERA5cR.jpg","url":"https://t.co/4QEoy1Mutb","display_url":"pic.twitter.com/4QEoy1Mutb","expanded_url":"https://twitter.com/lord_gomez/status/887193358233255937/video/1","type":"video","sizes":{"small":{"w":340,"h":191,"resize":"fit"},"thumb":{"w":150,"h":150,"resize":"crop"},"medium":{"w":600,"h":338,"resize":"fit"},"large":{"w":1024,"h":576,"resize":"fit"}},"video_info":{"aspect_ratio":[16,9],"duration_millis":26942,"variants":[{"content_type":"application/x-mpegURL","url":"https://video.twimg.com/ext_tw_video/887193108676464640/pu/pl/2Y0Ipx66sa_xku2T.m3u8"},{"bitrate":320000,"content_type":"video/mp4","url":"https://video.twimg.com/ext_tw_video/887193108676464640/pu/vid/320x180/iCPR1PbIPom3UDNY.mp4"},{"bitrate":2176000,"content_type":"video/mp4","url":"https://video.twimg.com/ext_tw_video/887193108676464640/pu/vid/1280x720/KU0Q4Cf0Mgg20W-y.mp4"},{"bitrate":832000,"content_type":"video/mp4","url":"https://video.twimg.com/ext_tw_video/887193108676464640/pu/vid/640x360/WbR7rZHzz93_6gD_.mp4"}]},"additional_media_info":{"monetizable":false}}]},"metadata":{"iso_language_code":"ja","result_type":"recent"},"source":"<a href=\"http://twitter.com/download/android\" rel=\"nofollow\">Twitter for Android</a>","in_reply_to_status_id":null,"in_reply_to_status_id_str":null,"in_reply_to_user_id":null,"in_reply_to_user_id_str":null,"in_reply_to_screen_name":null,"user":{"id":97222581,"id_str":"97222581","name":"ゴメス男爵P","screen_name":"lord_gomez","location":"ふなっしーのところ","description":"北海に浮かぶ自称独立国、シーランド公国のLordの爵位を金で買った貴族です。\n\n旅行したり、写真撮ったり、食べたり、神社巡ったり、寺院巡ったり、御朱印いただいたり、Ingressやったり、作ったり、働いたり、遊んだり、愚痴ったり…","url":null,"entities":{"description":{"urls":[]}},"protected":false,"followers_count":134,"friends_count":435,"listed_count":5,"created_at":"Wed Dec 16 14:46:54 +0000 2009","favourites_count":1068,"utc_offset":32400,"time_zone":"Tokyo","geo_enabled":true,"verified":false,"statuses_count":10470,"lang":"ja","contributors_enabled":false,"is_translator":false,"is_translation_enabled":false,"profile_background_color":"ABB8C2","profile_background_image_url":"http://pbs.twimg.com/profile_background_images/601782565922443264/RlGIl6pw.jpg","profile_background_image_url_https":"https://pbs.twimg.com/profile_background_images/601782565922443264/RlGIl6pw.jpg","profile_background_tile":true,"profile_image_url":"http://pbs.twimg.com/profile_images/751951578110713856/HkRZD8X0_normal.jpg","profile_image_url_https":"https://pbs.twimg.com/profile_images/751951578110713856/HkRZD8X0_normal.jpg","profile_banner_url":"https://pbs.twimg.com/profile_banners/97222581/1432310764","profile_link_color":"DD2E44","profile_sidebar_border_color":"000000","profile_sidebar_fill_color":"000000","profile_text_color":"000000","profile_use_background_image":true,"has_extended_profile":false,"default_profile":false,"default_profile_image":false,"following":false,"follow_request_sent":false,"notifications":false,"translator_type":"none"},"geo":null,"coordinates":null,"place":{"id":"09efdfd234972000","url":"https://api.twitter.com/1.1/geo/id/09efdfd234972000.json","place_type":"poi","name":"JR 大塚駅","full_name":"JR 大塚駅","country_code":"JP","country":"Japan","contained_within":[],"bounding_box":{"type":"Polygon","coordinates":[[[139.72831774503,35.7317266990749],[139.72831774503,35.7317266990749],[139.72831774503,35.7317266990749],[139.72831774503,35.7317266990749]]]},"attributes":{}},"contributors":null,"is_quote_status":false,"retweet_count":5286,"favorite_count":3602,"favorited":false,"retweeted":false,"possibly_sensitive":false,"lang":"ja"},{"created_at":"Tue Jul 18 06:11:43 +0000 2017","id":887193143459762200,"id_str":"887193143459762177","text":"山手線池袋駅のホームかなりヤバい https://t.co/p8NjvgI9r3","truncated":false,"entities":{"hashtags":[],"symbols":[],"user_mentions":[],"urls":[],"media":[{"id":887192758221275100,"id_str":"887192758221275136","indices":[17,40],"media_url":"http://pbs.twimg.com/ext_tw_video_thumb/887192758221275136/pu/img/DQ8o5usE4piybm8N.jpg","media_url_https":"https://pbs.twimg.com/ext_tw_video_thumb/887192758221275136/pu/img/DQ8o5usE4piybm8N.jpg","url":"https://t.co/p8NjvgI9r3","display_url":"pic.twitter.com/p8NjvgI9r3","expanded_url":"https://twitter.com/hanayolove41/status/887193143459762177/video/1","type":"photo","sizes":{"small":{"w":340,"h":191,"resize":"fit"},"thumb":{"w":150,"h":150,"resize":"crop"},"medium":{"w":600,"h":338,"resize":"fit"},"large":{"w":1024,"h":576,"resize":"fit"}}}]},"extended_entities":{"media":[{"id":887192758221275100,"id_str":"887192758221275136","indices":[17,40],"media_url":"http://pbs.twimg.com/ext_tw_video_thumb/887192758221275136/pu/img/DQ8o5usE4piybm8N.jpg","media_url_https":"https://pbs.twimg.com/ext_tw_video_thumb/887192758221275136/pu/img/DQ8o5usE4piybm8N.jpg","url":"https://t.co/p8NjvgI9r3","display_url":"pic.twitter.com/p8NjvgI9r3","expanded_url":"https://twitter.com/hanayolove41/status/887193143459762177/video/1","type":"video","sizes":{"small":{"w":340,"h":191,"resize":"fit"},"thumb":{"w":150,"h":150,"resize":"crop"},"medium":{"w":600,"h":338,"resize":"fit"},"large":{"w":1024,"h":576,"resize":"fit"}},"video_info":{"aspect_ratio":[16,9],"duration_millis":30467,"variants":[{"bitrate":320000,"content_type":"video/mp4","url":"https://video.twimg.com/ext_tw_video/887192758221275136/pu/vid/320x180/iKU4fghlX1Lo3D61.mp4"},{"bitrate":2176000,"content_type":"video/mp4","url":"https://video.twimg.com/ext_tw_video/887192758221275136/pu/vid/1280x720/eYE8-sCpRRqu2n4y.mp4"},{"content_type":"application/x-mpegURL","url":"https://video.twimg.com/ext_tw_video/887192758221275136/pu/pl/1CvvjKlBEuQM_f-F.m3u8"},{"bitrate":832000,"content_type":"video/mp4","url":"https://video.twimg.com/ext_tw_video/887192758221275136/pu/vid/640x360/HwG-_qbuiDu7WNlT.mp4"}]},"additional_media_info":{"monetizable":false}}]},"metadata":{"iso_language_code":"ja","result_type":"recent"},"source":"<a href=\"http://twitter.com/download/iphone\" rel=\"nofollow\">Twitter for iPhone</a>","in_reply_to_status_id":null,"in_reply_to_status_id_str":null,"in_reply_to_user_id":null,"in_reply_to_user_id_str":null,"in_reply_to_screen_name":null,"user":{"id":3170433318,"id_str":"3170433318","name":"ルシ","screen_name":"hanayolove41","location":"RTかなり多め《ミュート推奨》","description":"埼玉に住む男子大学生です アニメ 鉄道 乃木坂が好きな人は気軽にフォローして下さいRTはかなり多いです たまにデリカシーのない事言いますが、悪意は全くないのでそういうツイートされてもブロックはしないでください🙇 リストに入れてる人には気軽に絡みにいきます！","url":"https://t.co/YdjgjGd7n7","entities":{"url":{"urls":[{"url":"https://t.co/YdjgjGd7n7","expanded_url":"http://twpf.jp/hanayolove41","display_url":"twpf.jp/hanayolove41","indices":[0,23]}]},"description":{"urls":[]}},"protected":false,"followers_count":12147,"friends_count":2553,"listed_count":62,"created_at":"Fri Apr 24 08:51:33 +0000 2015","favourites_count":168,"utc_offset":32400,"time_zone":"JST","geo_enabled":false,"verified":false,"statuses_count":130518,"lang":"ja","contributors_enabled":false,"is_translator":false,"is_translation_enabled":false,"profile_background_color":"C0DEED","profile_background_image_url":"http://abs.twimg.com/images/themes/theme1/bg.png","profile_background_image_url_https":"https://abs.twimg.com/images/themes/theme1/bg.png","profile_background_tile":false,"profile_image_url":"http://pbs.twimg.com/profile_images/760940898758766592/iDg_DwGa_normal.jpg","profile_image_url_https":"https://pbs.twimg.com/profile_images/760940898758766592/iDg_DwGa_normal.jpg","profile_banner_url":"https://pbs.twimg.com/profile_banners/3170433318/1489118672","profile_link_color":"1DA1F2","profile_sidebar_border_color":"C0DEED","profile_sidebar_fill_color":"DDEEF6","profile_text_color":"333333","profile_use_background_image":true,"has_extended_profile":true,"default_profile":true,"default_profile_image":false,"following":false,"follow_request_sent":false,"notifications":false,"translator_type":"none"},"geo":null,"coordinates":null,"place":null,"contributors":null,"is_quote_status":false,"retweet_count":30406,"favorite_count":26705,"favorited":false,"retweeted":false,"possibly_sensitive":false,"lang":"ja"}],"search_metadata":{"completed_in":0.701,"max_id":887242362769952800,"max_id_str":"887242362769952768","next_results":"?max_id=887193143459762176&q=lang%3Aja%20min_retweets%3A5000&include_entities=1","query":"lang%3Aja+min_retweets%3A5000","refresh_url":"?since_id=887242362769952768&q=lang%3Aja%20min_retweets%3A5000&include_entities=1","count":15,"since_id":0,"since_id_str":"0"}}