{"statuses":[{"created_at":"Wed Jul 19 15:00:03 +0000 2017","id":887688493496807400,"id_str":"887688493496807424","text":"明日7/21 (金)は『スプラトゥーン2』の発売日だ。\n今までの思い出にナイス！これからのバトルにカモン！\n1万2千年後のイカの世界に飛び込もう。\n#明日はイカだ\nhttps://t.co/tRMTvwGi9U https://t.co/GmO2LqHzlv","truncated":false,"entities":{"hashtags":[{"text":"明日はイカだ","indices":[74,81]}],"symbols":[],"user_mentions":[],"urls":[{"url":"https://t.co/tRMTvwGi9U","expanded_url":"https://www.nintendo.co.jp/switch/aab6a/index.html","display_url":"nintendo.co.jp/switch/aab6a/i…","indices":[82,105]}],"media":[{"id":885647587490922500,"id_str":"885647587490922496","indices":[106,129],"media_url":"http://pbs.twimg.com/media/DEpzydiUAAA0J4P.jpg","media_url_https":"https://pbs.twimg.com/media/DEpzydiUAAA0J4P.jpg","url":"https://t.co/GmO2LqHzlv","display_url":"pic.twitter.com/GmO2LqHzlv","expanded_url":"https://twitter.com/SplatoonJP/status/887688493496807424/photo/1","type":"photo","sizes":{"thumb":{"w":150,"h":150,"resize":"crop"},"large":{"w":2000,"h":1125,"resize":"fit"},"medium":{"w":1200,"h":675,"resize":"fit"},"small":{"w":680,"h":383,"resize":"fit"}}}]},"extended_entities":{"media":[{"id":885647587490922500,"id_str":"885647587490922496","indices":[106,129],"media_url":"http://pbs.twimg.com/media/DEpzydiUAAA0J4P.jpg","media_url_https":"https://pbs.twimg.com/media/DEpzydiUAAA0J4P.jpg","url":"https://t.co/GmO2LqHzlv","display_url":"pic.twitter.com/GmO2LqHzlv","expanded_url":"https://twitter.com/SplatoonJP/status/887688493496807424/photo/1","type":"photo","sizes":{"thumb":{"w":150,"h":150,"resize":"crop"},"large":{"w":2000,"h":1125,"resize":"fit"},"medium":{"w":1200,"h":675,"resize":"fit"},"small":{"w":680,"h":383,"resize":"fit"}}}]},"metadata":{"iso_language_code":"ja","result_type":"recent"},"source":"<a href=\"https://ads.twitter.com\" rel=\"nofollow\">Twitter Ads</a>","in_reply_to_status_id":null,"in_reply_to_status_id_str":null,"in_reply_to_user_id":null,"in_reply_to_user_id_str":null,"in_reply_to_screen_name":null,"user":{"id":2888006497,"id_str":"2888006497","name":"Splatoon（スプラトゥーン）","screen_name":"SplatoonJP","location":"","description":"『スプラトゥーン』公式総合アカウント。イカ研究所の調査報告（ゲーム情報）やお知らせをお伝えします。最新作の『スプラトゥーン2』は2017年7月21日（金）発売予定。ご質問・お問い合わせにはお答えしておりませんのでご容赦ください。 ※イカ研究所は実在の人物、団体とは一切関係ございません。","url":"https://t.co/yCMNfZlVpz","entities":{"url":{"urls":[{"url":"https://t.co/yCMNfZlVpz","expanded_url":"https://www.nintendo.co.jp/switch/aab6a/index.html","display_url":"nintendo.co.jp/switch/aab6a/i…","indices":[0,23]}]},"description":{"urls":[]}},"protected":false,"followers_count":665874,"friends_count":1,"listed_count":6482,"created_at":"Mon Nov 03 01:36:06 +0000 2014","favourites_count":0,"utc_offset":32400,"time_zone":"Tokyo","geo_enabled":false,"verified":true,"statuses_count":1477,"lang":"ja","contributors_enabled":false,"is_translator":false,"is_translation_enabled":false,"profile_background_color":"000000","profile_background_image_url":"http://pbs.twimg.com/profile_background_images/530105343452274688/WJl6dNx5.jpeg","profile_background_image_url_https":"https://pbs.twimg.com/profile_background_images/530105343452274688/WJl6dNx5.jpeg","profile_background_tile":false,"profile_image_url":"http://pbs.twimg.com/profile_images/819765217957552132/1WftJJM1_normal.jpg","profile_image_url_https":"https://pbs.twimg.com/profile_images/819765217957552132/1WftJJM1_normal.jpg","profile_banner_url":"https://pbs.twimg.com/profile_banners/2888006497/1484282224","profile_link_color":"000000","profile_sidebar_border_color":"000000","profile_sidebar_fill_color":"E3E2DE","profile_text_color":"634047","profile_use_background_image":true,"has_extended_profile":false,"default_profile":false,"default_profile_image":false,"following":false,"follow_request_sent":false,"notifications":false,"translator_type":"none"},"geo":null,"coordinates":null,"place":null,"contributors":null,"is_quote_status":false,"retweet_count":12466,"favorite_count":15154,"favorited":false,"retweeted":false,"possibly_sensitive":false,"lang":"ja"},{"created_at":"Wed Jul 19 14:27:05 +0000 2017","id":887680196064694300,"id_str":"887680196064694277","text":"おれはTBSを許さない。 https://t.co/A4qFLzmdho","truncated":false,"entities":{"hashtags":[],"symbols":[],"user_mentions":[],"urls":[],"media":[{"id":887680186463866900,"id_str":"887680186463866880","indices":[13,36],"media_url":"http://pbs.twimg.com/media/DFGsbSxU0AA20TF.jpg","media_url_https":"https://pbs.twimg.com/media/DFGsbSxU0AA20TF.jpg","url":"https://t.co/A4qFLzmdho","display_url":"pic.twitter.com/A4qFLzmdho","expanded_url":"https://twitter.com/keiya56/status/887680196064694277/photo/1","type":"photo","sizes":{"medium":{"w":1200,"h":900,"resize":"fit"},"small":{"w":680,"h":510,"resize":"fit"},"thumb":{"w":150,"h":150,"resize":"crop"},"large":{"w":2048,"h":1536,"resize":"fit"}}}]},"extended_entities":{"media":[{"id":887680186463866900,"id_str":"887680186463866880","indices":[13,36],"media_url":"http://pbs.twimg.com/media/DFGsbSxU0AA20TF.jpg","media_url_https":"https://pbs.twimg.com/media/DFGsbSxU0AA20TF.jpg","url":"https://t.co/A4qFLzmdho","display_url":"pic.twitter.com/A4qFLzmdho","expanded_url":"https://twitter.com/keiya56/status/887680196064694277/photo/1","type":"photo","sizes":{"medium":{"w":1200,"h":900,"resize":"fit"},"small":{"w":680,"h":510,"resize":"fit"},"thumb":{"w":150,"h":150,"resize":"crop"},"large":{"w":2048,"h":1536,"resize":"fit"}}},{"id":887680186455441400,"id_str":"887680186455441408","indices":[13,36],"media_url":"http://pbs.twimg.com/media/DFGsbSvUQAAYlIc.jpg","media_url_https":"https://pbs.twimg.com/media/DFGsbSvUQAAYlIc.jpg","url":"https://t.co/A4qFLzmdho","display_url":"pic.twitter.com/A4qFLzmdho","expanded_url":"https://twitter.com/keiya56/status/887680196064694277/photo/1","type":"photo","sizes":{"small":{"w":510,"h":680,"resize":"fit"},"thumb":{"w":150,"h":150,"resize":"crop"},"large":{"w":1024,"h":1366,"resize":"fit"},"medium":{"w":900,"h":1200,"resize":"fit"}}}]},"metadata":{"iso_language_code":"ja","result_type":"recent"},"source":"<a href=\"http://twitter.com/download/iphone\" rel=\"nofollow\">Twitter for iPhone</a>","in_reply_to_status_id":null,"in_reply_to_status_id_str":null,"in_reply_to_user_id":null,"in_reply_to_user_id_str":null,"in_reply_to_screen_name":null,"user":{"id":1702626020,"id_str":"1702626020","name":"井上敬弥","screen_name":"keiya56","location":"山野69-5","description":"永遠のカリスマ","url":"https://t.co/93cwaSyJ9h","entities":{"url":{"urls":[{"url":"https://t.co/93cwaSyJ9h","expanded_url":"http://Instagram.com/keiya56","display_url":"Instagram.com/keiya56","indices":[0,23]}]},"description":{"urls":[]}},"protected":false,"followers_count":2404,"friends_count":1033,"listed_count":2,"created_at":"Mon Aug 26 18:29:31 +0000 2013","favourites_count":11244,"utc_offset":null,"time_zone":null,"geo_enabled":true,"verified":false,"statuses_count":787,"lang":"ja","contributors_enabled":false,"is_translator":false,"is_translation_enabled":false,"profile_background_color":"C0DEED","profile_background_image_url":"http://abs.twimg.com/images/themes/theme1/bg.png","profile_background_image_url_https":"https://abs.twimg.com/images/themes/theme1/bg.png","profile_background_tile":false,"profile_image_url":"http://pbs.twimg.com/profile_images/887685096613879808/S1jO9pWq_normal.jpg","profile_image_url_https":"https://pbs.twimg.com/profile_images/887685096613879808/S1jO9pWq_normal.jpg","profile_banner_url":"https://pbs.twimg.com/profile_banners/1702626020/1498355692","profile_link_color":"1DA1F2","profile_sidebar_border_color":"C0DEED","profile_sidebar_fill_color":"DDEEF6","profile_text_color":"333333","profile_use_background_image":true,"has_extended_profile":true,"default_profile":true,"default_profile_image":false,"following":false,"follow_request_sent":false,"notifications":false,"translator_type":"none"},"geo":null,"coordinates":null,"place":null,"contributors":null,"is_quote_status":false,"retweet_count":7299,"favorite_count":8207,"favorited":false,"retweeted":false,"possibly_sensitive":true,"lang":"ja"},{"created_at":"Wed Jul 19 13:43:12 +0000 2017","id":887669150176247800,"id_str":"887669150176247810","text":"身を削る https://t.co/Lidxd3x7Qi","truncated":false,"entities":{"hashtags":[],"symbols":[],"user_mentions":[],"urls":[],"media":[{"id":887668950271537200,"id_str":"887668950271537153","indices":[5,28],"media_url":"http://pbs.twimg.com/media/DFGiNQsUMAEhGl0.jpg","media_url_https":"https://pbs.twimg.com/media/DFGiNQsUMAEhGl0.jpg","url":"https://t.co/Lidxd3x7Qi","display_url":"pic.twitter.com/Lidxd3x7Qi","expanded_url":"https://twitter.com/avogado6/status/887669150176247810/photo/1","type":"photo","sizes":{"small":{"w":680,"h":680,"resize":"fit"},"thumb":{"w":150,"h":150,"resize":"crop"},"large":{"w":800,"h":800,"resize":"fit"},"medium":{"w":800,"h":800,"resize":"fit"}}}]},"extended_entities":{"media":[{"id":887668950271537200,"id_str":"887668950271537153","indices":[5,28],"media_url":"http://pbs.twimg.com/media/DFGiNQsUMAEhGl0.jpg","media_url_https":"https://pbs.twimg.com/media/DFGiNQsUMAEhGl0.jpg","url":"https://t.co/Lidxd3x7Qi","display_url":"pic.twitter.com/Lidxd3x7Qi","expanded_url":"https://twitter.com/avogado6/status/887669150176247810/photo/1","type":"photo","sizes":{"small":{"w":680,"h":680,"resize":"fit"},"thumb":{"w":150,"h":150,"resize":"crop"},"large":{"w":800,"h":800,"resize":"fit"},"medium":{"w":800,"h":800,"resize":"fit"}}}]},"metadata":{"iso_language_code":"ja","result_type":"recent"},"source":"<a href=\"http://twitter.com\" rel=\"nofollow\">Twitter Web Client</a>","in_reply_to_status_id":null,"in_reply_to_status_id_str":null,"in_reply_to_user_id":null,"in_reply_to_user_id_str":null,"in_reply_to_screen_name":null,"user":{"id":324391547,"id_str":"324391547","name":"アボガド6","screen_name":"avogado6","location":"","description":"化学が好きな一般人です。映像作品とか創ってます。http://t.co/ipBsbge0ll","url":"http://t.co/EiHogSmY2Z","entities":{"url":{"urls":[{"url":"http://t.co/EiHogSmY2Z","expanded_url":"http://avogado6.wix.com/6022e-plus20","display_url":"avogado6.wix.com/6022e-plus20","indices":[0,22]}]},"description":{"urls":[{"url":"http://t.co/ipBsbge0ll","expanded_url":"http://www.nicovideo.jp/mylist/28725264","display_url":"nicovideo.jp/mylist/28725264","indices":[24,46]}]}},"protected":false,"followers_count":229695,"friends_count":27,"listed_count":1920,"created_at":"Sun Jun 26 14:46:50 +0000 2011","favourites_count":36,"utc_offset":-25200,"time_zone":"Pacific Time (US & Canada)","geo_enabled":false,"verified":false,"statuses_count":3212,"lang":"ja","contributors_enabled":false,"is_translator":false,"is_translation_enabled":false,"profile_background_color":"000000","profile_background_image_url":"http://pbs.twimg.com/profile_background_images/873958585/01311c34236282338aeee06442317e97.jpeg","profile_background_image_url_https":"https://pbs.twimg.com/profile_background_images/873958585/01311c34236282338aeee06442317e97.jpeg","profile_background_tile":false,"profile_image_url":"http://pbs.twimg.com/profile_images/715865999673675777/imuBDN9A_normal.jpg","profile_image_url_https":"https://pbs.twimg.com/profile_images/715865999673675777/imuBDN9A_normal.jpg","profile_banner_url":"https://pbs.twimg.com/profile_banners/324391547/1431398698","profile_link_color":"8F0072","profile_sidebar_border_color":"FFFFFF","profile_sidebar_fill_color":"FFFFFF","profile_text_color":"333333","profile_use_background_image":true,"has_extended_profile":false,"default_profile":false,"default_profile_image":false,"following":false,"follow_request_sent":false,"notifications":false,"translator_type":"none"},"geo":null,"coordinates":null,"place":null,"contributors":null,"is_quote_status":false,"retweet_count":5424,"favorite_count":17950,"favorited":false,"retweeted":false,"possibly_sensitive":false,"lang":"ja"},{"created_at":"Wed Jul 19 12:59:50 +0000 2017","id":887658238539292700,"id_str":"887658238539292672","text":"LINEの新機能ものすごい既視感あると思ったんだけど、これ「デコメ」では？？？(2000年代生まれには伝わらない) https://t.co/8Sh1HEWCUK","truncated":false,"entities":{"hashtags":[],"symbols":[],"user_mentions":[],"urls":[],"media":[{"id":887658230498836500,"id_str":"887658230498836481","indices":[58,81],"media_url":"http://pbs.twimg.com/media/DFGYdSbVwAEWuND.jpg","media_url_https":"https://pbs.twimg.com/media/DFGYdSbVwAEWuND.jpg","url":"https://t.co/8Sh1HEWCUK","display_url":"pic.twitter.com/8Sh1HEWCUK","expanded_url":"https://twitter.com/karaageBBQ/status/887658238539292672/photo/1","type":"photo","sizes":{"large":{"w":749,"h":1092,"resize":"fit"},"small":{"w":466,"h":680,"resize":"fit"},"thumb":{"w":150,"h":150,"resize":"crop"},"medium":{"w":749,"h":1092,"resize":"fit"}}}]},"extended_entities":{"media":[{"id":887658230498836500,"id_str":"887658230498836481","indices":[58,81],"media_url":"http://pbs.twimg.com/media/DFGYdSbVwAEWuND.jpg","media_url_https":"https://pbs.twimg.com/media/DFGYdSbVwAEWuND.jpg","url":"https://t.co/8Sh1HEWCUK","display_url":"pic.twitter.com/8Sh1HEWCUK","expanded_url":"https://twitter.com/karaageBBQ/status/887658238539292672/photo/1","type":"photo","sizes":{"large":{"w":749,"h":1092,"resize":"fit"},"small":{"w":466,"h":680,"resize":"fit"},"thumb":{"w":150,"h":150,"resize":"crop"},"medium":{"w":749,"h":1092,"resize":"fit"}}},{"id":887658230456778800,"id_str":"887658230456778753","indices":[58,81],"media_url":"http://pbs.twimg.com/media/DFGYdSRUAAERRRE.jpg","media_url_https":"https://pbs.twimg.com/media/DFGYdSRUAAERRRE.jpg","url":"https://t.co/8Sh1HEWCUK","display_url":"pic.twitter.com/8Sh1HEWCUK","expanded_url":"https://twitter.com/karaageBBQ/status/887658238539292672/photo/1","type":"photo","sizes":{"large":{"w":750,"h":1245,"resize":"fit"},"thumb":{"w":150,"h":150,"resize":"crop"},"medium":{"w":723,"h":1200,"resize":"fit"},"small":{"w":410,"h":680,"resize":"fit"}}},{"id":887658230469414900,"id_str":"887658230469414912","indices":[58,81],"media_url":"http://pbs.twimg.com/media/DFGYdSUU0AARivf.jpg","media_url_https":"https://pbs.twimg.com/media/DFGYdSUU0AARivf.jpg","url":"https://t.co/8Sh1HEWCUK","display_url":"pic.twitter.com/8Sh1HEWCUK","expanded_url":"https://twitter.com/karaageBBQ/status/887658238539292672/photo/1","type":"photo","sizes":{"small":{"w":240,"h":400,"resize":"fit"},"medium":{"w":240,"h":400,"resize":"fit"},"thumb":{"w":150,"h":150,"resize":"crop"},"large":{"w":240,"h":400,"resize":"fit"}}},{"id":887658230465273900,"id_str":"887658230465273856","indices":[58,81],"media_url":"http://pbs.twimg.com/media/DFGYdSTVoAA-TPF.jpg","media_url_https":"https://pbs.twimg.com/media/DFGYdSTVoAA-TPF.jpg","url":"https://t.co/8Sh1HEWCUK","display_url":"pic.twitter.com/8Sh1HEWCUK","expanded_url":"https://twitter.com/karaageBBQ/status/887658238539292672/photo/1","type":"photo","sizes":{"large":{"w":750,"h":1334,"resize":"fit"},"medium":{"w":675,"h":1200,"resize":"fit"},"thumb":{"w":150,"h":150,"resize":"crop"},"small":{"w":382,"h":680,"resize":"fit"}}}]},"metadata":{"iso_language_code":"ja","result_type":"recent"},"source":"<a href=\"http://twitter.com/download/iphone\" rel=\"nofollow\">Twitter for iPhone</a>","in_reply_to_status_id":null,"in_reply_to_status_id_str":null,"in_reply_to_user_id":null,"in_reply_to_user_id_str":null,"in_reply_to_screen_name":null,"user":{"id":3054342583,"id_str":"3054342583","name":"るるるるるる","screen_name":"karaageBBQ","location":"","description":"東京外国語大学 ヒンディー語 3rd","url":null,"entities":{"description":{"urls":[]}},"protected":false,"followers_count":658,"friends_count":530,"listed_count":6,"created_at":"Mon Mar 02 02:22:50 +0000 2015","favourites_count":7159,"utc_offset":32400,"time_zone":"Tokyo","geo_enabled":true,"verified":false,"statuses_count":1748,"lang":"ja","contributors_enabled":false,"is_translator":false,"is_translation_enabled":false,"profile_background_color":"C0DEED","profile_background_image_url":"http://abs.twimg.com/images/themes/theme1/bg.png","profile_background_image_url_https":"https://abs.twimg.com/images/themes/theme1/bg.png","profile_background_tile":false,"profile_image_url":"http://pbs.twimg.com/profile_images/684094736387276800/Uvuve6zC_normal.jpg","profile_image_url_https":"https://pbs.twimg.com/profile_images/684094736387276800/Uvuve6zC_normal.jpg","profile_banner_url":"https://pbs.twimg.com/profile_banners/3054342583/1425647243","profile_link_color":"1DA1F2","profile_sidebar_border_color":"C0DEED","profile_sidebar_fill_color":"DDEEF6","profile_text_color":"333333","profile_use_background_image":true,"has_extended_profile":false,"default_profile":true,"default_profile_image":false,"following":false,"follow_request_sent":false,"notifications":false,"translator_type":"none"},"geo":null,"coordinates":null,"place":null,"contributors":null,"is_quote_status":false,"retweet_count":18923,"favorite_count":14486,"favorited":false,"retweeted":false,"possibly_sensitive":false,"lang":"ja"},{"created_at":"Wed Jul 19 12:50:54 +0000 2017","id":887655989553397800,"id_str":"887655989553397760","text":"#過保護のカホコ糸ちゃんおこ \n\n初君は今日スーツ着てるらしいよ☺️\nさて、なんのバイトでしょう⁉︎ https://t.co/Pw2HMknPuF","truncated":false,"entities":{"hashtags":[{"text":"過保護のカホコ糸ちゃんおこ","indices":[0,14]}],"symbols":[],"user_mentions":[],"urls":[],"media":[{"id":887655970364469200,"id_str":"887655970364469249","indices":[51,74],"media_url":"http://pbs.twimg.com/media/DFGWZuxUMAE97VP.jpg","media_url_https":"https://pbs.twimg.com/media/DFGWZuxUMAE97VP.jpg","url":"https://t.co/Pw2HMknPuF","display_url":"pic.twitter.com/Pw2HMknPuF","expanded_url":"https://twitter.com/takeuchi_ryoma/status/887655989553397760/photo/1","type":"photo","sizes":{"medium":{"w":900,"h":1200,"resize":"fit"},"small":{"w":510,"h":680,"resize":"fit"},"thumb":{"w":150,"h":150,"resize":"crop"},"large":{"w":1536,"h":2048,"resize":"fit"}}}]},"extended_entities":{"media":[{"id":887655970364469200,"id_str":"887655970364469249","indices":[51,74],"media_url":"http://pbs.twimg.com/media/DFGWZuxUMAE97VP.jpg","media_url_https":"https://pbs.twimg.com/media/DFGWZuxUMAE97VP.jpg","url":"https://t.co/Pw2HMknPuF","display_url":"pic.twitter.com/Pw2HMknPuF","expanded_url":"https://twitter.com/takeuchi_ryoma/status/887655989553397760/photo/1","type":"photo","sizes":{"medium":{"w":900,"h":1200,"resize":"fit"},"small":{"w":510,"h":680,"resize":"fit"},"thumb":{"w":150,"h":150,"resize":"crop"},"large":{"w":1536,"h":2048,"resize":"fit"}}}]},"metadata":{"iso_language_code":"ja","result_type":"recent"},"source":"<a href=\"http://twitter.com/download/iphone\" rel=\"nofollow\">Twitter for iPhone</a>","in_reply_to_status_id":null,"in_reply_to_status_id_str":null,"in_reply_to_user_id":null,"in_reply_to_user_id_str":null,"in_reply_to_screen_name":null,"user":{"id":2816575188,"id_str":"2816575188","name":"竹内涼真","screen_name":"takeuchi_ryoma","location":"","description":"竹内涼真オフィシャルアカウント ホリプロ所属 【竹内涼真携帯サイト】https://t.co/bHz3ujZU4w","url":"https://t.co/BInSeW6RrS","entities":{"url":{"urls":[{"url":"https://t.co/BInSeW6RrS","expanded_url":"http://www.horipro.co.jp/takeuchiryoma/","display_url":"horipro.co.jp/takeuchiryoma/","indices":[0,23]}]},"description":{"urls":[{"url":"https://t.co/bHz3ujZU4w","expanded_url":"http://goo.gl/Kfd42k","display_url":"goo.gl/Kfd42k","indices":[34,57]}]}},"protected":false,"followers_count":892048,"friends_count":177,"listed_count":2389,"created_at":"Thu Sep 18 08:13:38 +0000 2014","favourites_count":2265,"utc_offset":32400,"time_zone":"Tokyo","geo_enabled":false,"verified":true,"statuses_count":3950,"lang":"ja","contributors_enabled":false,"is_translator":false,"is_translation_enabled":false,"profile_background_color":"C0DEED","profile_background_image_url":"http://abs.twimg.com/images/themes/theme1/bg.png","profile_background_image_url_https":"https://abs.twimg.com/images/themes/theme1/bg.png","profile_background_tile":false,"profile_image_url":"http://pbs.twimg.com/profile_images/884783756246044672/ksy7UW1A_normal.jpg","profile_image_url_https":"https://pbs.twimg.com/profile_images/884783756246044672/ksy7UW1A_normal.jpg","profile_banner_url":"https://pbs.twimg.com/profile_banners/2816575188/1485176560","profile_link_color":"1DA1F2","profile_sidebar_border_color":"C0DEED","profile_sidebar_fill_color":"DDEEF6","profile_text_color":"333333","profile_use_background_image":true,"has_extended_profile":true,"default_profile":true,"default_profile_image":false,"following":false,"follow_request_sent":false,"notifications":false,"translator_type":"none"},"geo":null,"coordinates":null,"place":null,"contributors":null,"is_quote_status":false,"retweet_count":6751,"favorite_count":59858,"favorited":false,"retweeted":false,"possibly_sensitive":false,"lang":"ja"},{"created_at":"Wed Jul 19 12:39:59 +0000 2017","id":887653243488133100,"id_str":"887653243488133120","text":"レジャランで撮ったプリ画📸\n大変良く盛れました💮 https://t.co/9aJM9bBZYB","truncated":false,"entities":{"hashtags":[],"symbols":[],"user_mentions":[],"urls":[],"media":[{"id":887653225519661000,"id_str":"887653225519661057","indices":[25,48],"media_url":"http://pbs.twimg.com/media/DFGT59bUQAEOEAS.jpg","media_url_https":"https://pbs.twimg.com/media/DFGT59bUQAEOEAS.jpg","url":"https://t.co/9aJM9bBZYB","display_url":"pic.twitter.com/9aJM9bBZYB","expanded_url":"https://twitter.com/boc_chama/status/887653243488133120/photo/1","type":"photo","sizes":{"large":{"w":1000,"h":1200,"resize":"fit"},"thumb":{"w":150,"h":150,"resize":"crop"},"small":{"w":567,"h":680,"resize":"fit"},"medium":{"w":1000,"h":1200,"resize":"fit"}}}]},"extended_entities":{"media":[{"id":887653225519661000,"id_str":"887653225519661057","indices":[25,48],"media_url":"http://pbs.twimg.com/media/DFGT59bUQAEOEAS.jpg","media_url_https":"https://pbs.twimg.com/media/DFGT59bUQAEOEAS.jpg","url":"https://t.co/9aJM9bBZYB","display_url":"pic.twitter.com/9aJM9bBZYB","expanded_url":"https://twitter.com/boc_chama/status/887653243488133120/photo/1","type":"photo","sizes":{"large":{"w":1000,"h":1200,"resize":"fit"},"thumb":{"w":150,"h":150,"resize":"crop"},"small":{"w":567,"h":680,"resize":"fit"},"medium":{"w":1000,"h":1200,"resize":"fit"}}}]},"metadata":{"iso_language_code":"ja","result_type":"recent"},"source":"<a href=\"http://twitter.com/download/iphone\" rel=\"nofollow\">Twitter for iPhone</a>","in_reply_to_status_id":null,"in_reply_to_status_id_str":null,"in_reply_to_user_id":null,"in_reply_to_user_id_str":null,"in_reply_to_screen_name":null,"user":{"id":1356286430,"id_str":"1356286430","name":"CHAMA","screen_name":"boc_chama","location":"","description":"BUMP OF CHICKENのBASS担当のCHAMAです。TRANSFORMERSが大好きです。","url":null,"entities":{"description":{"urls":[]}},"protected":false,"followers_count":560403,"friends_count":1,"listed_count":4223,"created_at":"Tue Apr 16 07:29:08 +0000 2013","favourites_count":0,"utc_offset":28800,"time_zone":"Irkutsk","geo_enabled":false,"verified":true,"statuses_count":1010,"lang":"ja","contributors_enabled":false,"is_translator":false,"is_translation_enabled":false,"profile_background_color":"000000","profile_background_image_url":"http://pbs.twimg.com/profile_background_images/450626747449348096/rM88qM3c.jpeg","profile_background_image_url_https":"https://pbs.twimg.com/profile_background_images/450626747449348096/rM88qM3c.jpeg","profile_background_tile":false,"profile_image_url":"http://pbs.twimg.com/profile_images/542521509705576448/0bvm0b-I_normal.jpeg","profile_image_url_https":"https://pbs.twimg.com/profile_images/542521509705576448/0bvm0b-I_normal.jpeg","profile_banner_url":"https://pbs.twimg.com/profile_banners/1356286430/1418182183","profile_link_color":"000000","profile_sidebar_border_color":"000000","profile_sidebar_fill_color":"DDEEF6","profile_text_color":"333333","profile_use_background_image":true,"has_extended_profile":false,"default_profile":false,"default_profile_image":false,"following":false,"follow_request_sent":false,"notifications":false,"translator_type":"none"},"geo":null,"coordinates":null,"place":null,"contributors":null,"is_quote_status":false,"retweet_count":17274,"favorite_count":49997,"favorited":false,"retweeted":false,"possibly_sensitive":false,"lang":"ja"},{"created_at":"Wed Jul 19 12:39:30 +0000 2017","id":887653120217497600,"id_str":"887653120217497600","text":"真夏の清姫＆マリーです　#FGO https://t.co/eq2zjg3NBp","truncated":false,"entities":{"hashtags":[{"text":"FGO","indices":[12,16]}],"symbols":[],"user_mentions":[],"urls":[],"media":[{"id":887653117117947900,"id_str":"887653117117947905","indices":[17,40],"media_url":"http://pbs.twimg.com/media/DFGTzpmVYAE8JdC.jpg","media_url_https":"https://pbs.twimg.com/media/DFGTzpmVYAE8JdC.jpg","url":"https://t.co/eq2zjg3NBp","display_url":"pic.twitter.com/eq2zjg3NBp","expanded_url":"https://twitter.com/InaedaKei/status/887653120217497600/photo/1","type":"photo","sizes":{"large":{"w":850,"h":770,"resize":"fit"},"small":{"w":680,"h":616,"resize":"fit"},"thumb":{"w":150,"h":150,"resize":"crop"},"medium":{"w":850,"h":770,"resize":"fit"}}}]},"extended_entities":{"media":[{"id":887653117117947900,"id_str":"887653117117947905","indices":[17,40],"media_url":"http://pbs.twimg.com/media/DFGTzpmVYAE8JdC.jpg","media_url_https":"https://pbs.twimg.com/media/DFGTzpmVYAE8JdC.jpg","url":"https://t.co/eq2zjg3NBp","display_url":"pic.twitter.com/eq2zjg3NBp","expanded_url":"https://twitter.com/InaedaKei/status/887653120217497600/photo/1","type":"photo","sizes":{"large":{"w":850,"h":770,"resize":"fit"},"small":{"w":680,"h":616,"resize":"fit"},"thumb":{"w":150,"h":150,"resize":"crop"},"medium":{"w":850,"h":770,"resize":"fit"}}}]},"metadata":{"iso_language_code":"ja","result_type":"recent"},"source":"<a href=\"http://janetter.net/\" rel=\"nofollow\">Janetter</a>","in_reply_to_status_id":null,"in_reply_to_status_id_str":null,"in_reply_to_user_id":null,"in_reply_to_user_id_str":null,"in_reply_to_screen_name":null,"user":{"id":108972298,"id_str":"108972298","name":"稲枝田","screen_name":"InaedaKei","location":"最近は異世界迷宮の最深部を目指そうが好きですو","description":"湯蚤https://t.co/BMCcytroOI   いぶそう・リゼロ・ニンジャヘッズ 　リクボhttps://t.co/UZAJ3DIQl6","url":"http://t.co/WmbHUbAlh2","entities":{"url":{"urls":[{"url":"http://t.co/WmbHUbAlh2","expanded_url":"http://www.pixiv.net/member.php?id=50629","display_url":"pixiv.net/member.php?id=…","indices":[0,22]}]},"description":{"urls":[{"url":"https://t.co/BMCcytroOI","expanded_url":"http://younomi.tumblr.com","display_url":"younomi.tumblr.com","indices":[2,25]},{"url":"https://t.co/UZAJ3DIQl6","expanded_url":"https://docs.google.com/forms/d/e/1FAIpQLSdoHFxeNLJAI_bIymgIr7eoIC7qBbsZmlCvUMG8pecAWAG10A/viewform#responses","display_url":"docs.google.com/forms/d/e/1FAI…","indices":[49,72]}]}},"protected":false,"followers_count":7990,"friends_count":452,"listed_count":229,"created_at":"Wed Jan 27 15:36:18 +0000 2010","favourites_count":15417,"utc_offset":32400,"time_zone":"Tokyo","geo_enabled":false,"verified":false,"statuses_count":61263,"lang":"ja","contributors_enabled":false,"is_translator":false,"is_translation_enabled":false,"profile_background_color":"B8A2AC","profile_background_image_url":"http://pbs.twimg.com/profile_background_images/848836407/f27c275d788791a5fd0e60060579e764.jpeg","profile_background_image_url_https":"https://pbs.twimg.com/profile_background_images/848836407/f27c275d788791a5fd0e60060579e764.jpeg","profile_background_tile":false,"profile_image_url":"http://pbs.twimg.com/profile_images/797767117298802688/AejMxaeu_normal.jpg","profile_image_url_https":"https://pbs.twimg.com/profile_images/797767117298802688/AejMxaeu_normal.jpg","profile_banner_url":"https://pbs.twimg.com/profile_banners/108972298/1482416896","profile_link_color":"ABB8C2","profile_sidebar_border_color":"000000","profile_sidebar_fill_color":"DDEEF6","profile_text_color":"333333","profile_use_background_image":true,"has_extended_profile":false,"default_profile":false,"default_profile_image":false,"following":false,"follow_request_sent":false,"notifications":false,"translator_type":"none"},"geo":null,"coordinates":null,"place":null,"contributors":null,"is_quote_status":false,"retweet_count":4898,"favorite_count":10708,"favorited":false,"retweeted":false,"possibly_sensitive":false,"lang":"ja"},{"created_at":"Wed Jul 19 12:16:14 +0000 2017","id":887647267523502100,"id_str":"887647267523502081","text":"今週号の感想ありがとう！来週で最終回です！巻頭カラー48P！最後までよろしくっ！","truncated":false,"entities":{"hashtags":[],"symbols":[],"user_mentions":[],"urls":[]},"metadata":{"iso_language_code":"ja","result_type":"recent"},"source":"<a href=\"http://twitter.com/download/iphone\" rel=\"nofollow\">Twitter for iPhone</a>","in_reply_to_status_id":null,"in_reply_to_status_id_str":null,"in_reply_to_user_id":null,"in_reply_to_user_id_str":null,"in_reply_to_screen_name":null,"user":{"id":591755629,"id_str":"591755629","name":"真島ヒロ","screen_name":"hiro_mashima","location":"東京都","description":"FAIRYTAIL作者の真島ヒロです。全員に返信はできませんが、超不定期できまぐれに返信します。応援してくれてる人全てに感謝です。","url":null,"entities":{"description":{"urls":[]}},"protected":false,"followers_count":1225686,"friends_count":146,"listed_count":4839,"created_at":"Sun May 27 11:37:44 +0000 2012","favourites_count":4,"utc_offset":28800,"time_zone":"Irkutsk","geo_enabled":false,"verified":true,"statuses_count":6067,"lang":"ja","contributors_enabled":false,"is_translator":false,"is_translation_enabled":false,"profile_background_color":"C0DEED","profile_background_image_url":"http://pbs.twimg.com/profile_background_images/825634034/d608eb2903db4aa04e8d4bbbf77f0e8c.png","profile_background_image_url_https":"https://pbs.twimg.com/profile_background_images/825634034/d608eb2903db4aa04e8d4bbbf77f0e8c.png","profile_background_tile":true,"profile_image_url":"http://pbs.twimg.com/profile_images/660495023075561472/hNe_UBMn_normal.png","profile_image_url_https":"https://pbs.twimg.com/profile_images/660495023075561472/hNe_UBMn_normal.png","profile_banner_url":"https://pbs.twimg.com/profile_banners/591755629/1490431315","profile_link_color":"0084B4","profile_sidebar_border_color":"FFFFFF","profile_sidebar_fill_color":"DDEEF6","profile_text_color":"333333","profile_use_background_image":true,"has_extended_profile":false,"default_profile":false,"default_profile_image":false,"following":false,"follow_request_sent":false,"notifications":false,"translator_type":"none"},"geo":null,"coordinates":null,"place":null,"contributors":null,"is_quote_status":false,"retweet_count":5365,"favorite_count":12772,"favorited":false,"retweeted":false,"lang":"ja"},{"created_at":"Wed Jul 19 12:08:50 +0000 2017","id":887645401888641000,"id_str":"887645401888641024","text":"過保護のカホコ❗️第2話 \nもうねぇカホコが…😢笑笑  \n22時から❗️宜しくお願いします。\n今回もやりますよー\n   #過保護のカホコ糸ちゃんおこ \n21時50分の放送10分前にツイートしてトレンドとっちゃいましょ☺️ https://t.co/QdBAHbYLIA","truncated":false,"entities":{"hashtags":[{"text":"過保護のカホコ糸ちゃんおこ","indices":[60,74]}],"symbols":[],"user_mentions":[],"urls":[],"media":[{"id":887645385094709200,"id_str":"887645385094709248","indices":[111,134],"media_url":"http://pbs.twimg.com/media/DFGMxlkVwAAHz9e.jpg","media_url_https":"https://pbs.twimg.com/media/DFGMxlkVwAAHz9e.jpg","url":"https://t.co/QdBAHbYLIA","display_url":"pic.twitter.com/QdBAHbYLIA","expanded_url":"https://twitter.com/takeuchi_ryoma/status/887645401888641024/photo/1","type":"photo","sizes":{"small":{"w":549,"h":680,"resize":"fit"},"thumb":{"w":150,"h":150,"resize":"crop"},"medium":{"w":958,"h":1186,"resize":"fit"},"large":{"w":958,"h":1186,"resize":"fit"}}}]},"extended_entities":{"media":[{"id":887645385094709200,"id_str":"887645385094709248","indices":[111,134],"media_url":"http://pbs.twimg.com/media/DFGMxlkVwAAHz9e.jpg","media_url_https":"https://pbs.twimg.com/media/DFGMxlkVwAAHz9e.jpg","url":"https://t.co/QdBAHbYLIA","display_url":"pic.twitter.com/QdBAHbYLIA","expanded_url":"https://twitter.com/takeuchi_ryoma/status/887645401888641024/photo/1","type":"photo","sizes":{"small":{"w":549,"h":680,"resize":"fit"},"thumb":{"w":150,"h":150,"resize":"crop"},"medium":{"w":958,"h":1186,"resize":"fit"},"large":{"w":958,"h":1186,"resize":"fit"}}}]},"metadata":{"iso_language_code":"ja","result_type":"recent"},"source":"<a href=\"http://twitter.com/download/iphone\" rel=\"nofollow\">Twitter for iPhone</a>","in_reply_to_status_id":null,"in_reply_to_status_id_str":null,"in_reply_to_user_id":null,"in_reply_to_user_id_str":null,"in_reply_to_screen_name":null,"user":{"id":2816575188,"id_str":"2816575188","name":"竹内涼真","screen_name":"takeuchi_ryoma","location":"","description":"竹内涼真オフィシャルアカウント ホリプロ所属 【竹内涼真携帯サイト】https://t.co/bHz3ujZU4w","url":"https://t.co/BInSeW6RrS","entities":{"url":{"urls":[{"url":"https://t.co/BInSeW6RrS","expanded_url":"http://www.horipro.co.jp/takeuchiryoma/","display_url":"horipro.co.jp/takeuchiryoma/","indices":[0,23]}]},"description":{"urls":[{"url":"https://t.co/bHz3ujZU4w","expanded_url":"http://goo.gl/Kfd42k","display_url":"goo.gl/Kfd42k","indices":[34,57]}]}},"protected":false,"followers_count":892048,"friends_count":177,"listed_count":2389,"created_at":"Thu Sep 18 08:13:38 +0000 2014","favourites_count":2265,"utc_offset":32400,"time_zone":"Tokyo","geo_enabled":false,"verified":true,"statuses_count":3950,"lang":"ja","contributors_enabled":false,"is_translator":false,"is_translation_enabled":false,"profile_background_color":"C0DEED","profile_background_image_url":"http://abs.twimg.com/images/themes/theme1/bg.png","profile_background_image_url_https":"https://abs.twimg.com/images/themes/theme1/bg.png","profile_background_tile":false,"profile_image_url":"http://pbs.twimg.com/profile_images/884783756246044672/ksy7UW1A_normal.jpg","profile_image_url_https":"https://pbs.twimg.com/profile_images/884783756246044672/ksy7UW1A_normal.jpg","profile_banner_url":"https://pbs.twimg.com/profile_banners/2816575188/1485176560","profile_link_color":"1DA1F2","profile_sidebar_border_color":"C0DEED","profile_sidebar_fill_color":"DDEEF6","profile_text_color":"333333","profile_use_background_image":true,"has_extended_profile":true,"default_profile":true,"default_profile_image":false,"following":false,"follow_request_sent":false,"notifications":false,"translator_type":"none"},"geo":null,"coordinates":null,"place":null,"contributors":null,"is_quote_status":false,"retweet_count":5123,"favorite_count":46231,"favorited":false,"retweeted":false,"possibly_sensitive":false,"lang":"ja"},{"created_at":"Wed Jul 19 11:31:18 +0000 2017","id":887635957347893200,"id_str":"887635957347893249","text":"【みやかわくん】ONE OK ROCK 「The Beginning」歌ってみた\n\nhttps://t.co/CRj25XoGZk\n\nを投稿しました","truncated":false,"entities":{"hashtags":[],"symbols":[],"user_mentions":[],"urls":[{"url":"https://t.co/CRj25XoGZk","expanded_url":"https://youtu.be/UVzWIGk0dEM","display_url":"youtu.be/UVzWIGk0dEM","indices":[42,65]}]},"metadata":{"iso_language_code":"ja","result_type":"recent"},"source":"<a href=\"http://twitter.com/download/iphone\" rel=\"nofollow\">Twitter for iPhone</a>","in_reply_to_status_id":null,"in_reply_to_status_id_str":null,"in_reply_to_user_id":null,"in_reply_to_user_id_str":null,"in_reply_to_screen_name":null,"user":{"id":2897656159,"id_str":"2897656159","name":"みやかわくん","screen_name":"My_kwk_N","location":"","description":"あ","url":null,"entities":{"description":{"urls":[]}},"protected":false,"followers_count":402062,"friends_count":69,"listed_count":1234,"created_at":"Wed Nov 12 14:34:23 +0000 2014","favourites_count":36691,"utc_offset":-25200,"time_zone":"Pacific Time (US & Canada)","geo_enabled":false,"verified":false,"statuses_count":6193,"lang":"ja","contributors_enabled":false,"is_translator":false,"is_translation_enabled":false,"profile_background_color":"000000","profile_background_image_url":"http://abs.twimg.com/images/themes/theme1/bg.png","profile_background_image_url_https":"https://abs.twimg.com/images/themes/theme1/bg.png","profile_background_tile":false,"profile_image_url":"http://pbs.twimg.com/profile_images/863795897691287552/Hx3P2xcH_normal.jpg","profile_image_url_https":"https://pbs.twimg.com/profile_images/863795897691287552/Hx3P2xcH_normal.jpg","profile_banner_url":"https://pbs.twimg.com/profile_banners/2897656159/1473694510","profile_link_color":"9266CC","profile_sidebar_border_color":"000000","profile_sidebar_fill_color":"000000","profile_text_color":"000000","profile_use_background_image":false,"has_extended_profile":false,"default_profile":false,"default_profile_image":false,"following":false,"follow_request_sent":false,"notifications":false,"translator_type":"none"},"geo":null,"coordinates":null,"place":null,"contributors":null,"is_quote_status":false,"retweet_count":6847,"favorite_count":18446,"favorited":false,"retweeted":false,"possibly_sensitive":false,"lang":"ja"},{"created_at":"Wed Jul 19 11:27:32 +0000 2017","id":887635011515449300,"id_str":"887635011515449344","text":"カルデアビキニ部１０ https://t.co/EazBr2dyCT","truncated":false,"entities":{"hashtags":[],"symbols":[],"user_mentions":[],"urls":[],"media":[{"id":887634970260324400,"id_str":"887634970260324353","indices":[11,34],"media_url":"http://pbs.twimg.com/media/DFGDTXSUwAEeqH-.jpg","media_url_https":"https://pbs.twimg.com/media/DFGDTXSUwAEeqH-.jpg","url":"https://t.co/EazBr2dyCT","display_url":"pic.twitter.com/EazBr2dyCT","expanded_url":"https://twitter.com/yurang92/status/887635011515449344/photo/1","type":"photo","sizes":{"medium":{"w":800,"h":1135,"resize":"fit"},"thumb":{"w":150,"h":150,"resize":"crop"},"small":{"w":479,"h":680,"resize":"fit"},"large":{"w":800,"h":1135,"resize":"fit"}}}]},"extended_entities":{"media":[{"id":887634970260324400,"id_str":"887634970260324353","indices":[11,34],"media_url":"http://pbs.twimg.com/media/DFGDTXSUwAEeqH-.jpg","media_url_https":"https://pbs.twimg.com/media/DFGDTXSUwAEeqH-.jpg","url":"https://t.co/EazBr2dyCT","display_url":"pic.twitter.com/EazBr2dyCT","expanded_url":"https://twitter.com/yurang92/status/887635011515449344/photo/1","type":"photo","sizes":{"medium":{"w":800,"h":1135,"resize":"fit"},"thumb":{"w":150,"h":150,"resize":"crop"},"small":{"w":479,"h":680,"resize":"fit"},"large":{"w":800,"h":1135,"resize":"fit"}}}]},"metadata":{"iso_language_code":"ja","result_type":"recent"},"source":"<a href=\"http://twitter.com\" rel=\"nofollow\">Twitter Web Client</a>","in_reply_to_status_id":null,"in_reply_to_status_id_str":null,"in_reply_to_user_id":null,"in_reply_to_user_id_str":null,"in_reply_to_screen_name":null,"user":{"id":233198142,"id_str":"233198142","name":"ゆらん🌟3日目東A-15b","screen_name":"yurang92","location":"東京都","description":"絵描いてます yuranpp@gmail.com","url":"https://t.co/2k7fHqr799","entities":{"url":{"urls":[{"url":"https://t.co/2k7fHqr799","expanded_url":"http://pixiv.me/yuranpp","display_url":"pixiv.me/yuranpp","indices":[0,23]}]},"description":{"urls":[]}},"protected":false,"followers_count":187160,"friends_count":438,"listed_count":4298,"created_at":"Sun Jan 02 15:45:59 +0000 2011","favourites_count":2771,"utc_offset":32400,"time_zone":"Tokyo","geo_enabled":false,"verified":false,"statuses_count":16164,"lang":"ja","contributors_enabled":false,"is_translator":false,"is_translation_enabled":false,"profile_background_color":"FFE4B5","profile_background_image_url":"http://pbs.twimg.com/profile_background_images/667794654356631552/G4SfZa3c.png","profile_background_image_url_https":"https://pbs.twimg.com/profile_background_images/667794654356631552/G4SfZa3c.png","profile_background_tile":false,"profile_image_url":"http://pbs.twimg.com/profile_images/875193448223068160/x3DCERUP_normal.jpg","profile_image_url_https":"https://pbs.twimg.com/profile_images/875193448223068160/x3DCERUP_normal.jpg","profile_banner_url":"https://pbs.twimg.com/profile_banners/233198142/1493368368","profile_link_color":"1B95E0","profile_sidebar_border_color":"000000","profile_sidebar_fill_color":"000000","profile_text_color":"000000","profile_use_background_image":true,"has_extended_profile":true,"default_profile":false,"default_profile_image":false,"following":false,"follow_request_sent":false,"notifications":false,"translator_type":"none"},"geo":null,"coordinates":null,"place":null,"contributors":null,"is_quote_status":false,"retweet_count":5918,"favorite_count":16950,"favorited":false,"retweeted":false,"possibly_sensitive":false,"lang":"ja"},{"created_at":"Wed Jul 19 11:19:22 +0000 2017","id":887632956436602900,"id_str":"887632956436602880","text":"台湾の人が中国（大陸）の天安門で写真を撮るとき，このポーズとこの角度で撮るらしく，そうすると後ろのスローガンが「中華民国万歳」になるということらしい https://t.co/zB2ztya75T","truncated":false,"entities":{"hashtags":[],"symbols":[],"user_mentions":[],"urls":[],"media":[{"id":887632950770061300,"id_str":"887632950770061312","indices":[75,98],"media_url":"http://pbs.twimg.com/media/DFGBd0GU0AAupsl.jpg","media_url_https":"https://pbs.twimg.com/media/DFGBd0GU0AAupsl.jpg","url":"https://t.co/zB2ztya75T","display_url":"pic.twitter.com/zB2ztya75T","expanded_url":"https://twitter.com/Tokyo_Seoul/status/887632956436602880/photo/1","type":"photo","sizes":{"large":{"w":440,"h":590,"resize":"fit"},"thumb":{"w":150,"h":150,"resize":"crop"},"medium":{"w":440,"h":590,"resize":"fit"},"small":{"w":440,"h":590,"resize":"fit"}}}]},"extended_entities":{"media":[{"id":887632950770061300,"id_str":"887632950770061312","indices":[75,98],"media_url":"http://pbs.twimg.com/media/DFGBd0GU0AAupsl.jpg","media_url_https":"https://pbs.twimg.com/media/DFGBd0GU0AAupsl.jpg","url":"https://t.co/zB2ztya75T","display_url":"pic.twitter.com/zB2ztya75T","expanded_url":"https://twitter.com/Tokyo_Seoul/status/887632956436602880/photo/1","type":"photo","sizes":{"large":{"w":440,"h":590,"resize":"fit"},"thumb":{"w":150,"h":150,"resize":"crop"},"medium":{"w":440,"h":590,"resize":"fit"},"small":{"w":440,"h":590,"resize":"fit"}}},{"id":887632952242262000,"id_str":"887632952242262017","indices":[75,98],"media_url":"http://pbs.twimg.com/media/DFGBd5lU0AEw5u-.jpg","media_url_https":"https://pbs.twimg.com/media/DFGBd5lU0AEw5u-.jpg","url":"https://t.co/zB2ztya75T","display_url":"pic.twitter.com/zB2ztya75T","expanded_url":"https://twitter.com/Tokyo_Seoul/status/887632956436602880/photo/1","type":"photo","sizes":{"small":{"w":440,"h":627,"resize":"fit"},"thumb":{"w":150,"h":150,"resize":"crop"},"medium":{"w":440,"h":627,"resize":"fit"},"large":{"w":440,"h":627,"resize":"fit"}}}]},"metadata":{"iso_language_code":"ja","result_type":"recent"},"source":"<a href=\"http://itunes.apple.com/us/app/twitter/id409789998?mt=12\" rel=\"nofollow\">Twitter for Mac</a>","in_reply_to_status_id":null,"in_reply_to_status_id_str":null,"in_reply_to_user_id":null,"in_reply_to_user_id_str":null,"in_reply_to_screen_name":null,"user":{"id":54560489,"id_str":"54560489","name":"Motohiko Sakazaki","screen_name":"Tokyo_Seoul","location":"Taejŏn, Korea","description":"Railway, Korea, Digital Gadget, Apple, and Modern History","url":"https://t.co/TQM0GEjHAn","entities":{"url":{"urls":[{"url":"https://t.co/TQM0GEjHAn","expanded_url":"http://www.facebook.com/tokyoseoul","display_url":"facebook.com/tokyoseoul","indices":[0,23]}]},"description":{"urls":[]}},"protected":false,"followers_count":904,"friends_count":74,"listed_count":36,"created_at":"Tue Jul 07 14:24:24 +0000 2009","favourites_count":150,"utc_offset":32400,"time_zone":"Seoul","geo_enabled":false,"verified":false,"statuses_count":19584,"lang":"ja","contributors_enabled":false,"is_translator":false,"is_translation_enabled":false,"profile_background_color":"A3A3A3","profile_background_image_url":"http://abs.twimg.com/images/themes/theme1/bg.png","profile_background_image_url_https":"https://abs.twimg.com/images/themes/theme1/bg.png","profile_background_tile":false,"profile_image_url":"http://pbs.twimg.com/profile_images/858278507679408128/dRfY6RHh_normal.jpg","profile_image_url_https":"https://pbs.twimg.com/profile_images/858278507679408128/dRfY6RHh_normal.jpg","profile_banner_url":"https://pbs.twimg.com/profile_banners/54560489/1500204008","profile_link_color":"00A4AC","profile_sidebar_border_color":"8F8F8F","profile_sidebar_fill_color":"C9CCC8","profile_text_color":"333333","profile_use_background_image":false,"has_extended_profile":true,"default_profile":false,"default_profile_image":false,"following":false,"follow_request_sent":false,"notifications":false,"translator_type":"none"},"geo":null,"coordinates":null,"place":null,"contributors":null,"is_quote_status":false,"retweet_count":7348,"favorite_count":8325,"favorited":false,"retweeted":false,"possibly_sensitive":false,"lang":"ja"},{"created_at":"Wed Jul 19 10:43:38 +0000 2017","id":887623963286700000,"id_str":"887623963286700032","text":"桃の皮の裏技凄いんだよー楽だから桃食いたくなるーー https://t.co/X9PbpYYGXY","truncated":false,"entities":{"hashtags":[],"symbols":[],"user_mentions":[],"urls":[],"media":[{"id":887623911319322600,"id_str":"887623911319322624","indices":[26,49],"media_url":"http://pbs.twimg.com/ext_tw_video_thumb/887623911319322624/pu/img/2tOBox8lKhYyb3ox.jpg","media_url_https":"https://pbs.twimg.com/ext_tw_video_thumb/887623911319322624/pu/img/2tOBox8lKhYyb3ox.jpg","url":"https://t.co/X9PbpYYGXY","display_url":"pic.twitter.com/X9PbpYYGXY","expanded_url":"https://twitter.com/HOOOOJICHA/status/887623963286700032/video/1","type":"photo","sizes":{"small":{"w":340,"h":340,"resize":"fit"},"thumb":{"w":150,"h":150,"resize":"crop"},"medium":{"w":600,"h":600,"resize":"fit"},"large":{"w":720,"h":720,"resize":"fit"}}}]},"extended_entities":{"media":[{"id":887623911319322600,"id_str":"887623911319322624","indices":[26,49],"media_url":"http://pbs.twimg.com/ext_tw_video_thumb/887623911319322624/pu/img/2tOBox8lKhYyb3ox.jpg","media_url_https":"https://pbs.twimg.com/ext_tw_video_thumb/887623911319322624/pu/img/2tOBox8lKhYyb3ox.jpg","url":"https://t.co/X9PbpYYGXY","display_url":"pic.twitter.com/X9PbpYYGXY","expanded_url":"https://twitter.com/HOOOOJICHA/status/887623963286700032/video/1","type":"video","sizes":{"small":{"w":340,"h":340,"resize":"fit"},"thumb":{"w":150,"h":150,"resize":"crop"},"medium":{"w":600,"h":600,"resize":"fit"},"large":{"w":720,"h":720,"resize":"fit"}},"video_info":{"aspect_ratio":[1,1],"duration_millis":3034,"variants":[{"bitrate":832000,"content_type":"video/mp4","url":"https://video.twimg.com/ext_tw_video/887623911319322624/pu/vid/480x480/wEt30GyMVhAL_D34.mp4"},{"bitrate":1280000,"content_type":"video/mp4","url":"https://video.twimg.com/ext_tw_video/887623911319322624/pu/vid/720x720/F2C_WIhxJWc8YHok.mp4"},{"bitrate":320000,"content_type":"video/mp4","url":"https://video.twimg.com/ext_tw_video/887623911319322624/pu/vid/240x240/a_Lj1oamR6nAAPve.mp4"},{"content_type":"application/x-mpegURL","url":"https://video.twimg.com/ext_tw_video/887623911319322624/pu/pl/vfJCcqvuvc0Jvvg0.m3u8"}]},"additional_media_info":{"monetizable":false}}]},"metadata":{"iso_language_code":"ja","result_type":"recent"},"source":"<a href=\"http://twitter.com/download/iphone\" rel=\"nofollow\">Twitter for iPhone</a>","in_reply_to_status_id":null,"in_reply_to_status_id_str":null,"in_reply_to_user_id":null,"in_reply_to_user_id_str":null,"in_reply_to_screen_name":null,"user":{"id":118076130,"id_str":"118076130","name":"OKADA","screen_name":"HOOOOJICHA","location":"ハイラル平原","description":"フリーイラストレーターです。食べるのが好きです。pixivid=325124 スタンプ販売中！『うまいよ！お米くん』『うまいよ！お肉くん』『ギリだよ！マンガカくん』","url":null,"entities":{"description":{"urls":[]}},"protected":false,"followers_count":9963,"friends_count":297,"listed_count":339,"created_at":"Sat Feb 27 14:34:49 +0000 2010","favourites_count":1088,"utc_offset":32400,"time_zone":"Tokyo","geo_enabled":false,"verified":false,"statuses_count":16041,"lang":"ja","contributors_enabled":false,"is_translator":false,"is_translation_enabled":false,"profile_background_color":"022330","profile_background_image_url":"http://pbs.twimg.com/profile_background_images/453590179853242368/T10uBhyc.png","profile_background_image_url_https":"https://pbs.twimg.com/profile_background_images/453590179853242368/T10uBhyc.png","profile_background_tile":true,"profile_image_url":"http://pbs.twimg.com/profile_images/551733842965323778/etWsOZGV_normal.jpeg","profile_image_url_https":"https://pbs.twimg.com/profile_images/551733842965323778/etWsOZGV_normal.jpeg","profile_banner_url":"https://pbs.twimg.com/profile_banners/118076130/1416557733","profile_link_color":"11F2DF","profile_sidebar_border_color":"FFFFFF","profile_sidebar_fill_color":"003152","profile_text_color":"FF7AB6","profile_use_background_image":true,"has_extended_profile":true,"default_profile":false,"default_profile_image":false,"following":false,"follow_request_sent":false,"notifications":false,"translator_type":"none"},"geo":null,"coordinates":null,"place":null,"contributors":null,"is_quote_status":false,"retweet_count":6127,"favorite_count":4999,"favorited":false,"retweeted":false,"possibly_sensitive":false,"lang":"ja"},{"created_at":"Wed Jul 19 10:20:53 +0000 2017","id":887618237784932400,"id_str":"887618237784932352","text":"韓国4人組ガールズグループ BLACKPINK現地取材！\nダンスと歌唱力の魅力に迫ります！\n#明日のZIP! #SHOWBIZRABBIT! #ziptv https://t.co/OwFkLqmebt","truncated":false,"entities":{"hashtags":[{"text":"明日のZIP","indices":[46,53]},{"text":"SHOWBIZRABBIT","indices":[55,69]},{"text":"ziptv","indices":[71,77]}],"symbols":[],"user_mentions":[],"urls":[],"media":[{"id":887618158844026900,"id_str":"887618158844026880","indices":[78,101],"media_url":"http://pbs.twimg.com/media/DFF0Az4VoAAvTaw.jpg","media_url_https":"https://pbs.twimg.com/media/DFF0Az4VoAAvTaw.jpg","url":"https://t.co/OwFkLqmebt","display_url":"pic.twitter.com/OwFkLqmebt","expanded_url":"https://twitter.com/ZIP_TV/status/887618237784932352/photo/1","type":"photo","sizes":{"small":{"w":680,"h":510,"resize":"fit"},"thumb":{"w":150,"h":150,"resize":"crop"},"medium":{"w":1200,"h":900,"resize":"fit"},"large":{"w":1280,"h":960,"resize":"fit"}}}]},"extended_entities":{"media":[{"id":887618158844026900,"id_str":"887618158844026880","indices":[78,101],"media_url":"http://pbs.twimg.com/media/DFF0Az4VoAAvTaw.jpg","media_url_https":"https://pbs.twimg.com/media/DFF0Az4VoAAvTaw.jpg","url":"https://t.co/OwFkLqmebt","display_url":"pic.twitter.com/OwFkLqmebt","expanded_url":"https://twitter.com/ZIP_TV/status/887618237784932352/photo/1","type":"photo","sizes":{"small":{"w":680,"h":510,"resize":"fit"},"thumb":{"w":150,"h":150,"resize":"crop"},"medium":{"w":1200,"h":900,"resize":"fit"},"large":{"w":1280,"h":960,"resize":"fit"}}}]},"metadata":{"iso_language_code":"ja","result_type":"recent"},"source":"<a href=\"http://twitter.com\" rel=\"nofollow\">Twitter Web Client</a>","in_reply_to_status_id":null,"in_reply_to_status_id_str":null,"in_reply_to_user_id":null,"in_reply_to_user_id_str":null,"in_reply_to_screen_name":null,"user":{"id":271859211,"id_str":"271859211","name":"ZIP! 日テレ","screen_name":"ZIP_TV","location":"汐留","description":"日テレ系『ZIP!』公式アカウントは「@ZIP_TV」★ZIP!web編集スタッフがゆる～くつぶやきます。ハッシュタグは[#ziptv]。放送内容は変更になる場合があります。ご了承ください。★番組へのご意見、ご要望、お問い合わせは番組HPからお願いします。⇒https://t.co/OM0lQTPMl9","url":"https://t.co/OM0lQTPMl9","entities":{"url":{"urls":[{"url":"https://t.co/OM0lQTPMl9","expanded_url":"http://www.ntv.co.jp/zip/","display_url":"ntv.co.jp/zip/","indices":[0,23]}]},"description":{"urls":[{"url":"https://t.co/OM0lQTPMl9","expanded_url":"http://www.ntv.co.jp/zip/","display_url":"ntv.co.jp/zip/","indices":[129,152]}]}},"protected":false,"followers_count":257030,"friends_count":5453,"listed_count":2322,"created_at":"Fri Mar 25 09:49:04 +0000 2011","favourites_count":2290,"utc_offset":32400,"time_zone":"Tokyo","geo_enabled":false,"verified":true,"statuses_count":14681,"lang":"ja","contributors_enabled":false,"is_translator":false,"is_translation_enabled":false,"profile_background_color":"C0DEED","profile_background_image_url":"http://pbs.twimg.com/profile_background_images/712644569/4b8833d8201c2038f6c2e715f6e2e626.gif","profile_background_image_url_https":"https://pbs.twimg.com/profile_background_images/712644569/4b8833d8201c2038f6c2e715f6e2e626.gif","profile_background_tile":false,"profile_image_url":"http://pbs.twimg.com/profile_images/776067245583675392/Q_20qcaf_normal.jpg","profile_image_url_https":"https://pbs.twimg.com/profile_images/776067245583675392/Q_20qcaf_normal.jpg","profile_banner_url":"https://pbs.twimg.com/profile_banners/271859211/1447402331","profile_link_color":"E16EA6","profile_sidebar_border_color":"FFFFFF","profile_sidebar_fill_color":"DDEEF6","profile_text_color":"333333","profile_use_background_image":true,"has_extended_profile":false,"default_profile":false,"default_profile_image":false,"following":false,"follow_request_sent":false,"notifications":false,"translator_type":"none"},"geo":null,"coordinates":null,"place":null,"contributors":null,"is_quote_status":false,"retweet_count":6704,"favorite_count":14087,"favorited":false,"retweeted":false,"possibly_sensitive":false,"lang":"ja"},{"created_at":"Wed Jul 19 10:11:25 +0000 2017","id":887615854573101000,"id_str":"887615854573101056","text":"いま✌🏽 https://t.co/popHLk8RO8","truncated":false,"entities":{"hashtags":[],"symbols":[],"user_mentions":[],"urls":[],"media":[{"id":887615851590950900,"id_str":"887615851590950912","indices":[5,28],"media_url":"http://pbs.twimg.com/media/DFFx6gsVoAA4ZpD.jpg","media_url_https":"https://pbs.twimg.com/media/DFFx6gsVoAA4ZpD.jpg","url":"https://t.co/popHLk8RO8","display_url":"pic.twitter.com/popHLk8RO8","expanded_url":"https://twitter.com/T_IWATA_EX_3JSB/status/887615854573101056/photo/1","type":"photo","sizes":{"large":{"w":2048,"h":2048,"resize":"fit"},"thumb":{"w":150,"h":150,"resize":"crop"},"medium":{"w":1200,"h":1200,"resize":"fit"},"small":{"w":680,"h":680,"resize":"fit"}}}]},"extended_entities":{"media":[{"id":887615851590950900,"id_str":"887615851590950912","indices":[5,28],"media_url":"http://pbs.twimg.com/media/DFFx6gsVoAA4ZpD.jpg","media_url_https":"https://pbs.twimg.com/media/DFFx6gsVoAA4ZpD.jpg","url":"https://t.co/popHLk8RO8","display_url":"pic.twitter.com/popHLk8RO8","expanded_url":"https://twitter.com/T_IWATA_EX_3JSB/status/887615854573101056/photo/1","type":"photo","sizes":{"large":{"w":2048,"h":2048,"resize":"fit"},"thumb":{"w":150,"h":150,"resize":"crop"},"medium":{"w":1200,"h":1200,"resize":"fit"},"small":{"w":680,"h":680,"resize":"fit"}}}]},"metadata":{"iso_language_code":"ja","result_type":"recent"},"source":"<a href=\"http://twitter.com/download/iphone\" rel=\"nofollow\">Twitter for iPhone</a>","in_reply_to_status_id":null,"in_reply_to_status_id_str":null,"in_reply_to_user_id":null,"in_reply_to_user_id_str":null,"in_reply_to_screen_name":null,"user":{"id":3836540300,"id_str":"3836540300","name":"Takanori Iwata","screen_name":"T_IWATA_EX_3JSB","location":"Tokyo, JAPAN","description":"岩田剛典 (Dancer/Actor/a member of ‘EXILE’ and ‘The 3rd J Soul Brothers’ in Japan.)","url":"https://t.co/tIwDJnf60E","entities":{"url":{"urls":[{"url":"https://t.co/tIwDJnf60E","expanded_url":"https://m.youtube.com/watch?v=vS7-JPj8V-Q","display_url":"m.youtube.com/watch?v=vS7-JP…","indices":[0,23]}]},"description":{"urls":[]}},"protected":false,"followers_count":1607693,"friends_count":138,"listed_count":2572,"created_at":"Fri Oct 09 12:58:54 +0000 2015","favourites_count":158,"utc_offset":-25200,"time_zone":"Pacific Time (US & Canada)","geo_enabled":true,"verified":true,"statuses_count":893,"lang":"ja","contributors_enabled":false,"is_translator":false,"is_translation_enabled":false,"profile_background_color":"C0DEED","profile_background_image_url":"http://abs.twimg.com/images/themes/theme1/bg.png","profile_background_image_url_https":"https://abs.twimg.com/images/themes/theme1/bg.png","profile_background_tile":false,"profile_image_url":"http://pbs.twimg.com/profile_images/847859713119105024/5o620jiE_normal.jpg","profile_image_url_https":"https://pbs.twimg.com/profile_images/847859713119105024/5o620jiE_normal.jpg","profile_banner_url":"https://pbs.twimg.com/profile_banners/3836540300/1489420755","profile_link_color":"1DA1F2","profile_sidebar_border_color":"C0DEED","profile_sidebar_fill_color":"DDEEF6","profile_text_color":"333333","profile_use_background_image":true,"has_extended_profile":false,"default_profile":true,"default_profile_image":false,"following":false,"follow_request_sent":false,"notifications":false,"translator_type":"none"},"geo":null,"coordinates":null,"place":null,"contributors":null,"is_quote_status":false,"retweet_count":12669,"favorite_count":89378,"favorited":false,"retweeted":false,"possibly_sensitive":false,"lang":"ja"}],"search_metadata":{"completed_in":0.665,"max_id":887688493496807400,"max_id_str":"887688493496807424","next_results":"?max_id=887615854573101055&q=lang%3Aja%20min_retweets%3A5000&include_entities=1","query":"lang%3Aja+min_retweets%3A5000","refresh_url":"?since_id=887688493496807424&q=lang%3Aja%20min_retweets%3A5000&include_entities=1","count":15,"since_id":0,"since_id_str":"0"}}