{"statuses":[{"created_at":"Tue Jul 18 06:21:40 +0000 2017","id":887195648834940900,"id_str":"887195648834940929","text":"ゲリラ豪雨ヤバイな！おい！\n#ゲリラ豪雨\n#落雷\n#雹 https://t.co/H05bRyd6XF","truncated":false,"entities":{"hashtags":[{"text":"ゲリラ豪雨","indices":[14,20]},{"text":"落雷","indices":[21,24]},{"text":"雹","indices":[25,27]}],"symbols":[],"user_mentions":[],"urls":[],"media":[{"id":887195166028611600,"id_str":"887195166028611584","indices":[28,51],"media_url":"http://pbs.twimg.com/ext_tw_video_thumb/887195166028611584/pu/img/fSXA4OqQ1qfBMtc6.jpg","media_url_https":"https://pbs.twimg.com/ext_tw_video_thumb/887195166028611584/pu/img/fSXA4OqQ1qfBMtc6.jpg","url":"https://t.co/H05bRyd6XF","display_url":"pic.twitter.com/H05bRyd6XF","expanded_url":"https://twitter.com/gaimonn/status/887195648834940929/video/1","type":"photo","sizes":{"small":{"w":340,"h":604,"resize":"fit"},"large":{"w":720,"h":1280,"resize":"fit"},"thumb":{"w":150,"h":150,"resize":"crop"},"medium":{"w":600,"h":1067,"resize":"fit"}}}]},"extended_entities":{"media":[{"id":887195166028611600,"id_str":"887195166028611584","indices":[28,51],"media_url":"http://pbs.twimg.com/ext_tw_video_thumb/887195166028611584/pu/img/fSXA4OqQ1qfBMtc6.jpg","media_url_https":"https://pbs.twimg.com/ext_tw_video_thumb/887195166028611584/pu/img/fSXA4OqQ1qfBMtc6.jpg","url":"https://t.co/H05bRyd6XF","display_url":"pic.twitter.com/H05bRyd6XF","expanded_url":"https://twitter.com/gaimonn/status/887195648834940929/video/1","type":"video","sizes":{"small":{"w":340,"h":604,"resize":"fit"},"large":{"w":720,"h":1280,"resize":"fit"},"thumb":{"w":150,"h":150,"resize":"crop"},"medium":{"w":600,"h":1067,"resize":"fit"}},"video_info":{"aspect_ratio":[9,16],"duration_millis":27600,"variants":[{"bitrate":832000,"content_type":"video/mp4","url":"https://video.twimg.com/ext_tw_video/887195166028611584/pu/vid/360x640/7xQSuTU-LnewqNfk.mp4"},{"content_type":"application/x-mpegURL","url":"https://video.twimg.com/ext_tw_video/887195166028611584/pu/pl/FwY8yE4AVCJpiydH.m3u8"},{"bitrate":2176000,"content_type":"video/mp4","url":"https://video.twimg.com/ext_tw_video/887195166028611584/pu/vid/720x1280/23wvKUKCiZqPuV0I.mp4"},{"bitrate":320000,"content_type":"video/mp4","url":"https://video.twimg.com/ext_tw_video/887195166028611584/pu/vid/180x320/0lV9WzYLJGpW5QOQ.mp4"}]},"additional_media_info":{"monetizable":false}}]},"metadata":{"iso_language_code":"ja","result_type":"recent"},"source":"<a href=\"http://twitter.com/download/iphone\" rel=\"nofollow\">Twitter for iPhone</a>","in_reply_to_status_id":null,"in_reply_to_status_id_str":null,"in_reply_to_user_id":null,"in_reply_to_user_id_str":null,"in_reply_to_screen_name":null,"user":{"id":152996709,"id_str":"152996709","name":"ガイモン","screen_name":"gaimonn","location":"","description":"アニメは世界に誇る日本文化だ！","url":null,"entities":{"description":{"urls":[]}},"protected":false,"followers_count":23,"friends_count":20,"listed_count":1,"created_at":"Mon Jun 07 12:16:50 +0000 2010","favourites_count":6,"utc_offset":32400,"time_zone":"Tokyo","geo_enabled":true,"verified":false,"statuses_count":175,"lang":"ja","contributors_enabled":false,"is_translator":false,"is_translation_enabled":false,"profile_background_color":"C0DEED","profile_background_image_url":"http://abs.twimg.com/images/themes/theme1/bg.png","profile_background_image_url_https":"https://abs.twimg.com/images/themes/theme1/bg.png","profile_background_tile":false,"profile_image_url":"http://pbs.twimg.com/profile_images/666940517423280128/pjTWmevh_normal.jpg","profile_image_url_https":"https://pbs.twimg.com/profile_images/666940517423280128/pjTWmevh_normal.jpg","profile_link_color":"1DA1F2","profile_sidebar_border_color":"C0DEED","profile_sidebar_fill_color":"DDEEF6","profile_text_color":"333333","profile_use_background_image":true,"has_extended_profile":false,"default_profile":true,"default_profile_image":false,"following":false,"follow_request_sent":false,"notifications":false,"translator_type":"none"},"geo":null,"coordinates":null,"place":null,"contributors":null,"is_quote_status":false,"retweet_count":7113,"favorite_count":4469,"favorited":false,"retweeted":false,"possibly_sensitive":false,"lang":"ja"},{"created_at":"Tue Jul 18 06:21:03 +0000 2017","id":887195491657596900,"id_str":"887195491657596929","text":"※池袋です https://t.co/U6obDWnHsd","truncated":false,"entities":{"hashtags":[],"symbols":[],"user_mentions":[],"urls":[],"media":[{"id":887195474737811500,"id_str":"887195474737811456","indices":[6,29],"media_url":"http://pbs.twimg.com/media/DE_zlW4U0AAvWCa.jpg","media_url_https":"https://pbs.twimg.com/media/DE_zlW4U0AAvWCa.jpg","url":"https://t.co/U6obDWnHsd","display_url":"pic.twitter.com/U6obDWnHsd","expanded_url":"https://twitter.com/hana_kuma/status/887195491657596929/photo/1","type":"photo","sizes":{"small":{"w":680,"h":680,"resize":"fit"},"medium":{"w":1024,"h":1024,"resize":"fit"},"thumb":{"w":150,"h":150,"resize":"crop"},"large":{"w":1024,"h":1024,"resize":"fit"}}}]},"extended_entities":{"media":[{"id":887195474737811500,"id_str":"887195474737811456","indices":[6,29],"media_url":"http://pbs.twimg.com/media/DE_zlW4U0AAvWCa.jpg","media_url_https":"https://pbs.twimg.com/media/DE_zlW4U0AAvWCa.jpg","url":"https://t.co/U6obDWnHsd","display_url":"pic.twitter.com/U6obDWnHsd","expanded_url":"https://twitter.com/hana_kuma/status/887195491657596929/photo/1","type":"photo","sizes":{"small":{"w":680,"h":680,"resize":"fit"},"medium":{"w":1024,"h":1024,"resize":"fit"},"thumb":{"w":150,"h":150,"resize":"crop"},"large":{"w":1024,"h":1024,"resize":"fit"}}},{"id":887195474788208600,"id_str":"887195474788208640","indices":[6,29],"media_url":"http://pbs.twimg.com/media/DE_zlXEV0AAzh0M.jpg","media_url_https":"https://pbs.twimg.com/media/DE_zlXEV0AAzh0M.jpg","url":"https://t.co/U6obDWnHsd","display_url":"pic.twitter.com/U6obDWnHsd","expanded_url":"https://twitter.com/hana_kuma/status/887195491657596929/photo/1","type":"photo","sizes":{"small":{"w":680,"h":680,"resize":"fit"},"medium":{"w":1024,"h":1024,"resize":"fit"},"thumb":{"w":150,"h":150,"resize":"crop"},"large":{"w":1024,"h":1024,"resize":"fit"}}},{"id":887195475488550900,"id_str":"887195475488550914","indices":[6,29],"media_url":"http://pbs.twimg.com/media/DE_zlZrUMAI4u1i.jpg","media_url_https":"https://pbs.twimg.com/media/DE_zlZrUMAI4u1i.jpg","url":"https://t.co/U6obDWnHsd","display_url":"pic.twitter.com/U6obDWnHsd","expanded_url":"https://twitter.com/hana_kuma/status/887195491657596929/photo/1","type":"photo","sizes":{"small":{"w":680,"h":680,"resize":"fit"},"medium":{"w":1024,"h":1024,"resize":"fit"},"thumb":{"w":150,"h":150,"resize":"crop"},"large":{"w":1024,"h":1024,"resize":"fit"}}},{"id":887195477199822800,"id_str":"887195477199822853","indices":[6,29],"media_url":"http://pbs.twimg.com/media/DE_zlgDUIAU-_HS.jpg","media_url_https":"https://pbs.twimg.com/media/DE_zlgDUIAU-_HS.jpg","url":"https://t.co/U6obDWnHsd","display_url":"pic.twitter.com/U6obDWnHsd","expanded_url":"https://twitter.com/hana_kuma/status/887195491657596929/photo/1","type":"photo","sizes":{"small":{"w":680,"h":680,"resize":"fit"},"thumb":{"w":150,"h":150,"resize":"crop"},"large":{"w":1024,"h":1024,"resize":"fit"},"medium":{"w":1024,"h":1024,"resize":"fit"}}}]},"metadata":{"iso_language_code":"ja","result_type":"recent"},"source":"<a href=\"http://twitter.com/download/iphone\" rel=\"nofollow\">Twitter for iPhone</a>","in_reply_to_status_id":null,"in_reply_to_status_id_str":null,"in_reply_to_user_id":null,"in_reply_to_user_id_str":null,"in_reply_to_screen_name":null,"user":{"id":159109378,"id_str":"159109378","name":"はなくま(｀ε´)","screen_name":"hana_kuma","location":"tokyo都アカプルコ 俺の中の野獣がうず区","description":"ｱｰ!電波が〜！( ˘ω˘;)！ 電波が呟けと命令する〜！( ˘ω˘;)！ ｱｰ電波が〜！ｱｰ!( ˘ω˘;)ﾏﾝﾏﾐｰｱ！","url":null,"entities":{"description":{"urls":[]}},"protected":false,"followers_count":187,"friends_count":188,"listed_count":2,"created_at":"Thu Jun 24 13:35:55 +0000 2010","favourites_count":2656,"utc_offset":-36000,"time_zone":"Hawaii","geo_enabled":true,"verified":false,"statuses_count":21133,"lang":"ja","contributors_enabled":false,"is_translator":false,"is_translation_enabled":false,"profile_background_color":"0099B9","profile_background_image_url":"http://abs.twimg.com/images/themes/theme4/bg.gif","profile_background_image_url_https":"https://abs.twimg.com/images/themes/theme4/bg.gif","profile_background_tile":false,"profile_image_url":"http://pbs.twimg.com/profile_images/882720863266586625/xze-CxZe_normal.jpg","profile_image_url_https":"https://pbs.twimg.com/profile_images/882720863266586625/xze-CxZe_normal.jpg","profile_banner_url":"https://pbs.twimg.com/profile_banners/159109378/1494825077","profile_link_color":"0099B9","profile_sidebar_border_color":"5ED4DC","profile_sidebar_fill_color":"95E8EC","profile_text_color":"3C3940","profile_use_background_image":true,"has_extended_profile":true,"default_profile":false,"default_profile_image":false,"following":false,"follow_request_sent":false,"notifications":false,"translator_type":"none"},"geo":null,"coordinates":null,"place":null,"contributors":null,"is_quote_status":false,"retweet_count":13879,"favorite_count":8900,"favorited":false,"retweeted":false,"possibly_sensitive":false,"lang":"ja"},{"created_at":"Tue Jul 18 06:17:58 +0000 2017","id":887194715539423200,"id_str":"887194715539423232","text":"池袋 雹だ やばい   #池袋 #雹 https://t.co/2OEg6clUNq","truncated":false,"entities":{"hashtags":[{"text":"池袋","indices":[12,15]},{"text":"雹","indices":[16,18]}],"symbols":[],"user_mentions":[],"urls":[],"media":[{"id":887194393223897100,"id_str":"887194393223897088","indices":[19,42],"media_url":"http://pbs.twimg.com/ext_tw_video_thumb/887194393223897088/pu/img/QK8p93Jyla2_lr4k.jpg","media_url_https":"https://pbs.twimg.com/ext_tw_video_thumb/887194393223897088/pu/img/QK8p93Jyla2_lr4k.jpg","url":"https://t.co/2OEg6clUNq","display_url":"pic.twitter.com/2OEg6clUNq","expanded_url":"https://twitter.com/zbitjp/status/887194715539423232/video/1","type":"photo","sizes":{"large":{"w":528,"h":960,"resize":"fit"},"thumb":{"w":150,"h":150,"resize":"crop"},"small":{"w":340,"h":618,"resize":"fit"},"medium":{"w":528,"h":960,"resize":"fit"}}}]},"extended_entities":{"media":[{"id":887194393223897100,"id_str":"887194393223897088","indices":[19,42],"media_url":"http://pbs.twimg.com/ext_tw_video_thumb/887194393223897088/pu/img/QK8p93Jyla2_lr4k.jpg","media_url_https":"https://pbs.twimg.com/ext_tw_video_thumb/887194393223897088/pu/img/QK8p93Jyla2_lr4k.jpg","url":"https://t.co/2OEg6clUNq","display_url":"pic.twitter.com/2OEg6clUNq","expanded_url":"https://twitter.com/zbitjp/status/887194715539423232/video/1","type":"video","sizes":{"large":{"w":528,"h":960,"resize":"fit"},"thumb":{"w":150,"h":150,"resize":"crop"},"small":{"w":340,"h":618,"resize":"fit"},"medium":{"w":528,"h":960,"resize":"fit"}},"video_info":{"aspect_ratio":[11,20],"duration_millis":36833,"variants":[{"bitrate":832000,"content_type":"video/mp4","url":"https://video.twimg.com/ext_tw_video/887194393223897088/pu/vid/352x640/_7oKeEYWbBLZNBuk.mp4"},{"bitrate":320000,"content_type":"video/mp4","url":"https://video.twimg.com/ext_tw_video/887194393223897088/pu/vid/176x320/e6gpmJbL_0EsApqV.mp4"},{"content_type":"application/x-mpegURL","url":"https://video.twimg.com/ext_tw_video/887194393223897088/pu/pl/ZUDsO_70lgLQKRuI.m3u8"}]},"additional_media_info":{"monetizable":false}}]},"metadata":{"iso_language_code":"ja","result_type":"recent"},"source":"<a href=\"http://twitter.com/download/iphone\" rel=\"nofollow\">Twitter for iPhone</a>","in_reply_to_status_id":null,"in_reply_to_status_id_str":null,"in_reply_to_user_id":null,"in_reply_to_user_id_str":null,"in_reply_to_screen_name":null,"user":{"id":116974649,"id_str":"116974649","name":"zbitjp","screen_name":"zbitjp","location":"東京都","description":"相当おっさんですがまだコード書いてます/Android/iPhone/web/池袋在住のおっさん/ヒルズよりは浅草/日向よりは日陰/料理/酒があれば。。/何かいい仕事があれば。。","url":"https://t.co/agIQnUqlLW","entities":{"url":{"urls":[{"url":"https://t.co/agIQnUqlLW","expanded_url":"http://rpx.jp/","display_url":"rpx.jp","indices":[0,23]}]},"description":{"urls":[]}},"protected":false,"followers_count":61,"friends_count":70,"listed_count":5,"created_at":"Wed Feb 24 04:19:05 +0000 2010","favourites_count":9,"utc_offset":32400,"time_zone":"Tokyo","geo_enabled":true,"verified":false,"statuses_count":590,"lang":"ja","contributors_enabled":false,"is_translator":false,"is_translation_enabled":false,"profile_background_color":"9AE4E8","profile_background_image_url":"http://abs.twimg.com/images/themes/theme16/bg.gif","profile_background_image_url_https":"https://abs.twimg.com/images/themes/theme16/bg.gif","profile_background_tile":false,"profile_image_url":"http://pbs.twimg.com/profile_images/1679191544/image_normal.jpg","profile_image_url_https":"https://pbs.twimg.com/profile_images/1679191544/image_normal.jpg","profile_link_color":"0084B4","profile_sidebar_border_color":"BDDCAD","profile_sidebar_fill_color":"DDFFCC","profile_text_color":"333333","profile_use_background_image":true,"has_extended_profile":false,"default_profile":false,"default_profile_image":false,"following":false,"follow_request_sent":false,"notifications":false,"translator_type":"none"},"geo":null,"coordinates":null,"place":null,"contributors":null,"is_quote_status":false,"retweet_count":5014,"favorite_count":2804,"favorited":false,"retweeted":false,"possibly_sensitive":false,"lang":"ja"},{"created_at":"Tue Jul 18 06:14:39 +0000 2017","id":887193882013835300,"id_str":"887193882013835265","text":"あはははは。雹ヤベー https://t.co/2BvyP1KXQV","truncated":false,"entities":{"hashtags":[],"symbols":[],"user_mentions":[],"urls":[],"media":[{"id":887193365590163500,"id_str":"887193365590163456","indices":[11,34],"media_url":"http://pbs.twimg.com/ext_tw_video_thumb/887193365590163456/pu/img/t8B0Z7tad0MpfgFM.jpg","media_url_https":"https://pbs.twimg.com/ext_tw_video_thumb/887193365590163456/pu/img/t8B0Z7tad0MpfgFM.jpg","url":"https://t.co/2BvyP1KXQV","display_url":"pic.twitter.com/2BvyP1KXQV","expanded_url":"https://twitter.com/Baketu_head/status/887193882013835265/video/1","type":"photo","sizes":{"small":{"w":340,"h":604,"resize":"fit"},"large":{"w":720,"h":1280,"resize":"fit"},"thumb":{"w":150,"h":150,"resize":"crop"},"medium":{"w":600,"h":1067,"resize":"fit"}}}]},"extended_entities":{"media":[{"id":887193365590163500,"id_str":"887193365590163456","indices":[11,34],"media_url":"http://pbs.twimg.com/ext_tw_video_thumb/887193365590163456/pu/img/t8B0Z7tad0MpfgFM.jpg","media_url_https":"https://pbs.twimg.com/ext_tw_video_thumb/887193365590163456/pu/img/t8B0Z7tad0MpfgFM.jpg","url":"https://t.co/2BvyP1KXQV","display_url":"pic.twitter.com/2BvyP1KXQV","expanded_url":"https://twitter.com/Baketu_head/status/887193882013835265/video/1","type":"video","sizes":{"small":{"w":340,"h":604,"resize":"fit"},"large":{"w":720,"h":1280,"resize":"fit"},"thumb":{"w":150,"h":150,"resize":"crop"},"medium":{"w":600,"h":1067,"resize":"fit"}},"video_info":{"aspect_ratio":[9,16],"duration_millis":33823,"variants":[{"bitrate":2176000,"content_type":"video/mp4","url":"https://video.twimg.com/ext_tw_video/887193365590163456/pu/vid/720x1280/y32Je81hdNsGtux-.mp4"},{"bitrate":320000,"content_type":"video/mp4","url":"https://video.twimg.com/ext_tw_video/887193365590163456/pu/vid/180x320/Jv5Q9t46_IZVO-W8.mp4"},{"content_type":"application/x-mpegURL","url":"https://video.twimg.com/ext_tw_video/887193365590163456/pu/pl/2iHhZDVTiRhKiP0i.m3u8"},{"bitrate":832000,"content_type":"video/mp4","url":"https://video.twimg.com/ext_tw_video/887193365590163456/pu/vid/360x640/1f2DtC1GHZLAQhUl.mp4"}]},"additional_media_info":{"monetizable":false}}]},"metadata":{"iso_language_code":"ja","result_type":"recent"},"source":"<a href=\"http://twitter.com/download/iphone\" rel=\"nofollow\">Twitter for iPhone</a>","in_reply_to_status_id":null,"in_reply_to_status_id_str":null,"in_reply_to_user_id":null,"in_reply_to_user_id_str":null,"in_reply_to_screen_name":null,"user":{"id":363694051,"id_str":"363694051","name":"バケツヘッド＠7月23日甲冑戦闘訓練会","screen_name":"Baketu_head","location":"","description":"甲冑着て木刀で殴り愛する人。参加見学希望は私宛にツイください。甲冑競技交流団体「健甲会」及びヘヴィファイト初心者向け教室「暗黒学園」主催 ルールはこちらhttps://t.co/xIsDBaJ8Rp","url":"https://t.co/xiHqU45Ia5","entities":{"url":{"urls":[{"url":"https://t.co/xiHqU45Ia5","expanded_url":"http://ch.nicovideo.jp/Baketu","display_url":"ch.nicovideo.jp/Baketu","indices":[0,23]}]},"description":{"urls":[{"url":"https://t.co/xIsDBaJ8Rp","expanded_url":"http://togetter.com/li/947852","display_url":"togetter.com/li/947852","indices":[76,99]}]}},"protected":false,"followers_count":6228,"friends_count":896,"listed_count":245,"created_at":"Sun Aug 28 14:49:49 +0000 2011","favourites_count":21887,"utc_offset":-36000,"time_zone":"Hawaii","geo_enabled":false,"verified":false,"statuses_count":87829,"lang":"ja","contributors_enabled":false,"is_translator":false,"is_translation_enabled":false,"profile_background_color":"C0DEED","profile_background_image_url":"http://pbs.twimg.com/profile_background_images/361971797/73dc900caaa.JPG","profile_background_image_url_https":"https://pbs.twimg.com/profile_background_images/361971797/73dc900caaa.JPG","profile_background_tile":true,"profile_image_url":"http://pbs.twimg.com/profile_images/876676264865615874/_5gfCl0U_normal.jpg","profile_image_url_https":"https://pbs.twimg.com/profile_images/876676264865615874/_5gfCl0U_normal.jpg","profile_banner_url":"https://pbs.twimg.com/profile_banners/363694051/1491978289","profile_link_color":"0084B4","profile_sidebar_border_color":"C0DEED","profile_sidebar_fill_color":"DDEEF6","profile_text_color":"333333","profile_use_background_image":true,"has_extended_profile":false,"default_profile":false,"default_profile_image":false,"following":false,"follow_request_sent":false,"notifications":false,"translator_type":"none"},"geo":null,"coordinates":null,"place":null,"contributors":null,"is_quote_status":false,"retweet_count":11683,"favorite_count":6797,"favorited":false,"retweeted":false,"possibly_sensitive":false,"lang":"ja"},{"created_at":"Tue Jul 18 06:11:43 +0000 2017","id":887193143459762200,"id_str":"887193143459762177","text":"山手線池袋駅のホームかなりヤバい https://t.co/p8NjvgI9r3","truncated":false,"entities":{"hashtags":[],"symbols":[],"user_mentions":[],"urls":[],"media":[{"id":887192758221275100,"id_str":"887192758221275136","indices":[17,40],"media_url":"http://pbs.twimg.com/ext_tw_video_thumb/887192758221275136/pu/img/DQ8o5usE4piybm8N.jpg","media_url_https":"https://pbs.twimg.com/ext_tw_video_thumb/887192758221275136/pu/img/DQ8o5usE4piybm8N.jpg","url":"https://t.co/p8NjvgI9r3","display_url":"pic.twitter.com/p8NjvgI9r3","expanded_url":"https://twitter.com/hanayolove41/status/887193143459762177/video/1","type":"photo","sizes":{"small":{"w":340,"h":191,"resize":"fit"},"thumb":{"w":150,"h":150,"resize":"crop"},"medium":{"w":600,"h":338,"resize":"fit"},"large":{"w":1024,"h":576,"resize":"fit"}}}]},"extended_entities":{"media":[{"id":887192758221275100,"id_str":"887192758221275136","indices":[17,40],"media_url":"http://pbs.twimg.com/ext_tw_video_thumb/887192758221275136/pu/img/DQ8o5usE4piybm8N.jpg","media_url_https":"https://pbs.twimg.com/ext_tw_video_thumb/887192758221275136/pu/img/DQ8o5usE4piybm8N.jpg","url":"https://t.co/p8NjvgI9r3","display_url":"pic.twitter.com/p8NjvgI9r3","expanded_url":"https://twitter.com/hanayolove41/status/887193143459762177/video/1","type":"video","sizes":{"small":{"w":340,"h":191,"resize":"fit"},"thumb":{"w":150,"h":150,"resize":"crop"},"medium":{"w":600,"h":338,"resize":"fit"},"large":{"w":1024,"h":576,"resize":"fit"}},"video_info":{"aspect_ratio":[16,9],"duration_millis":30467,"variants":[{"bitrate":320000,"content_type":"video/mp4","url":"https://video.twimg.com/ext_tw_video/887192758221275136/pu/vid/320x180/iKU4fghlX1Lo3D61.mp4"},{"bitrate":2176000,"content_type":"video/mp4","url":"https://video.twimg.com/ext_tw_video/887192758221275136/pu/vid/1280x720/eYE8-sCpRRqu2n4y.mp4"},{"content_type":"application/x-mpegURL","url":"https://video.twimg.com/ext_tw_video/887192758221275136/pu/pl/1CvvjKlBEuQM_f-F.m3u8"},{"bitrate":832000,"content_type":"video/mp4","url":"https://video.twimg.com/ext_tw_video/887192758221275136/pu/vid/640x360/HwG-_qbuiDu7WNlT.mp4"}]},"additional_media_info":{"monetizable":false}}]},"metadata":{"iso_language_code":"ja","result_type":"recent"},"source":"<a href=\"http://twitter.com/download/iphone\" rel=\"nofollow\">Twitter for iPhone</a>","in_reply_to_status_id":null,"in_reply_to_status_id_str":null,"in_reply_to_user_id":null,"in_reply_to_user_id_str":null,"in_reply_to_screen_name":null,"user":{"id":3170433318,"id_str":"3170433318","name":"ルシ","screen_name":"hanayolove41","location":"RTかなり多め《ミュート推奨》","description":"埼玉に住む男子大学生です アニメ 鉄道 乃木坂が好きな人は気軽にフォローして下さいRTはかなり多いです たまにデリカシーのない事言いますが、悪意は全くないのでそういうツイートされてもブロックはしないでください🙇 リストに入れてる人には気軽に絡みにいきます！","url":"https://t.co/YdjgjGd7n7","entities":{"url":{"urls":[{"url":"https://t.co/YdjgjGd7n7","expanded_url":"http://twpf.jp/hanayolove41","display_url":"twpf.jp/hanayolove41","indices":[0,23]}]},"description":{"urls":[]}},"protected":false,"followers_count":12132,"friends_count":2553,"listed_count":65,"created_at":"Fri Apr 24 08:51:33 +0000 2015","favourites_count":167,"utc_offset":32400,"time_zone":"JST","geo_enabled":false,"verified":false,"statuses_count":130512,"lang":"ja","contributors_enabled":false,"is_translator":false,"is_translation_enabled":false,"profile_background_color":"C0DEED","profile_background_image_url":"http://abs.twimg.com/images/themes/theme1/bg.png","profile_background_image_url_https":"https://abs.twimg.com/images/themes/theme1/bg.png","profile_background_tile":false,"profile_image_url":"http://pbs.twimg.com/profile_images/760940898758766592/iDg_DwGa_normal.jpg","profile_image_url_https":"https://pbs.twimg.com/profile_images/760940898758766592/iDg_DwGa_normal.jpg","profile_banner_url":"https://pbs.twimg.com/profile_banners/3170433318/1489118672","profile_link_color":"1DA1F2","profile_sidebar_border_color":"C0DEED","profile_sidebar_fill_color":"DDEEF6","profile_text_color":"333333","profile_use_background_image":true,"has_extended_profile":true,"default_profile":true,"default_profile_image":false,"following":false,"follow_request_sent":false,"notifications":false,"translator_type":"none"},"geo":null,"coordinates":null,"place":null,"contributors":null,"is_quote_status":false,"retweet_count":19335,"favorite_count":14275,"favorited":false,"retweeted":false,"possibly_sensitive":false,"lang":"ja"},{"created_at":"Tue Jul 18 06:10:22 +0000 2017","id":887192804065017900,"id_str":"887192804065017856","text":"池袋でエスカレーター登ろうと思ったらヒョウが降ってきたんですが…！ https://t.co/foSzW2uD29","truncated":false,"entities":{"hashtags":[],"symbols":[],"user_mentions":[],"urls":[],"media":[{"id":887192639065309200,"id_str":"887192639065309184","indices":[34,57],"media_url":"http://pbs.twimg.com/ext_tw_video_thumb/887192639065309184/pu/img/kPiWcMgkegdcvzCp.jpg","media_url_https":"https://pbs.twimg.com/ext_tw_video_thumb/887192639065309184/pu/img/kPiWcMgkegdcvzCp.jpg","url":"https://t.co/foSzW2uD29","display_url":"pic.twitter.com/foSzW2uD29","expanded_url":"https://twitter.com/upnushing/status/887192804065017856/video/1","type":"photo","sizes":{"small":{"w":340,"h":191,"resize":"fit"},"thumb":{"w":150,"h":150,"resize":"crop"},"medium":{"w":600,"h":338,"resize":"fit"},"large":{"w":1024,"h":576,"resize":"fit"}}}]},"extended_entities":{"media":[{"id":887192639065309200,"id_str":"887192639065309184","indices":[34,57],"media_url":"http://pbs.twimg.com/ext_tw_video_thumb/887192639065309184/pu/img/kPiWcMgkegdcvzCp.jpg","media_url_https":"https://pbs.twimg.com/ext_tw_video_thumb/887192639065309184/pu/img/kPiWcMgkegdcvzCp.jpg","url":"https://t.co/foSzW2uD29","display_url":"pic.twitter.com/foSzW2uD29","expanded_url":"https://twitter.com/upnushing/status/887192804065017856/video/1","type":"video","sizes":{"small":{"w":340,"h":191,"resize":"fit"},"thumb":{"w":150,"h":150,"resize":"crop"},"medium":{"w":600,"h":338,"resize":"fit"},"large":{"w":1024,"h":576,"resize":"fit"}},"video_info":{"aspect_ratio":[16,9],"duration_millis":20267,"variants":[{"bitrate":2176000,"content_type":"video/mp4","url":"https://video.twimg.com/ext_tw_video/887192639065309184/pu/vid/1280x720/Xh-T_LOwk7plRhRw.mp4"},{"content_type":"application/x-mpegURL","url":"https://video.twimg.com/ext_tw_video/887192639065309184/pu/pl/qoZZe20f553QOSRP.m3u8"},{"bitrate":832000,"content_type":"video/mp4","url":"https://video.twimg.com/ext_tw_video/887192639065309184/pu/vid/640x360/l1KVQPu4FK3G_3Yr.mp4"},{"bitrate":320000,"content_type":"video/mp4","url":"https://video.twimg.com/ext_tw_video/887192639065309184/pu/vid/320x180/w_ADDWN9MjvZkxsc.mp4"}]},"additional_media_info":{"monetizable":false}}]},"metadata":{"iso_language_code":"ja","result_type":"recent"},"source":"<a href=\"http://twitter.com/download/iphone\" rel=\"nofollow\">Twitter for iPhone</a>","in_reply_to_status_id":null,"in_reply_to_status_id_str":null,"in_reply_to_user_id":null,"in_reply_to_user_id_str":null,"in_reply_to_screen_name":null,"user":{"id":98531531,"id_str":"98531531","name":"せんとす","screen_name":"upnushing","location":"東京","description":"動物や魚やプロレスが好きなゲーム実況者です！ 個人でお仕事をお受けしています！　連絡先→camsuke@yahoo.co.jp　Twitch→https://t.co/wVkSkicqSi　ニコチャンネル→https://t.co/KFgNNWaiRN　YOUTUBE→https://t.co/SdnCgXJpVV","url":"https://t.co/qvfWyQwZnw","entities":{"url":{"urls":[{"url":"https://t.co/qvfWyQwZnw","expanded_url":"http://com.nicovideo.jp/community/co204285/","display_url":"com.nicovideo.jp/community/co20…","indices":[0,23]}]},"description":{"urls":[{"url":"https://t.co/wVkSkicqSi","expanded_url":"http://goo.gl/lAcNbJ","display_url":"goo.gl/lAcNbJ","indices":[71,94]},{"url":"https://t.co/KFgNNWaiRN","expanded_url":"http://goo.gl/TjbFvC","display_url":"goo.gl/TjbFvC","indices":[103,126]},{"url":"https://t.co/SdnCgXJpVV","expanded_url":"http://goo.gl/m1yuVn","display_url":"goo.gl/m1yuVn","indices":[135,158]}]}},"protected":false,"followers_count":34458,"friends_count":31492,"listed_count":1173,"created_at":"Tue Dec 22 02:56:56 +0000 2009","favourites_count":1,"utc_offset":32400,"time_zone":"Tokyo","geo_enabled":false,"verified":false,"statuses_count":34433,"lang":"ja","contributors_enabled":false,"is_translator":false,"is_translation_enabled":false,"profile_background_color":"DBE9ED","profile_background_image_url":"http://pbs.twimg.com/profile_background_images/577905745/4nawy6dxrmg9tqz93bah.png","profile_background_image_url_https":"https://pbs.twimg.com/profile_background_images/577905745/4nawy6dxrmg9tqz93bah.png","profile_background_tile":false,"profile_image_url":"http://pbs.twimg.com/profile_images/876096314840236032/-rfqX_rB_normal.jpg","profile_image_url_https":"https://pbs.twimg.com/profile_images/876096314840236032/-rfqX_rB_normal.jpg","profile_banner_url":"https://pbs.twimg.com/profile_banners/98531531/1348332249","profile_link_color":"CC3366","profile_sidebar_border_color":"DBE9ED","profile_sidebar_fill_color":"E6F6F9","profile_text_color":"333333","profile_use_background_image":true,"has_extended_profile":true,"default_profile":false,"default_profile_image":false,"following":false,"follow_request_sent":false,"notifications":false,"translator_type":"none"},"geo":null,"coordinates":null,"place":null,"contributors":null,"is_quote_status":false,"retweet_count":5697,"favorite_count":3382,"favorited":false,"retweeted":false,"possibly_sensitive":false,"lang":"ja"},{"created_at":"Tue Jul 18 06:10:04 +0000 2017","id":887192730056532000,"id_str":"887192730056531968","text":"池袋に雹降って来た\n当たったら死ぬやつですわこれ https://t.co/eZZCe5AiVS","truncated":false,"entities":{"hashtags":[],"symbols":[],"user_mentions":[],"urls":[],"media":[{"id":887192523692625900,"id_str":"887192523692625920","indices":[25,48],"media_url":"http://pbs.twimg.com/ext_tw_video_thumb/887192523692625920/pu/img/NHjfz2aRsB5yigvG.jpg","media_url_https":"https://pbs.twimg.com/ext_tw_video_thumb/887192523692625920/pu/img/NHjfz2aRsB5yigvG.jpg","url":"https://t.co/eZZCe5AiVS","display_url":"pic.twitter.com/eZZCe5AiVS","expanded_url":"https://twitter.com/baranbanban/status/887192730056531968/video/1","type":"photo","sizes":{"small":{"w":340,"h":604,"resize":"fit"},"large":{"w":720,"h":1280,"resize":"fit"},"thumb":{"w":150,"h":150,"resize":"crop"},"medium":{"w":600,"h":1067,"resize":"fit"}}}]},"extended_entities":{"media":[{"id":887192523692625900,"id_str":"887192523692625920","indices":[25,48],"media_url":"http://pbs.twimg.com/ext_tw_video_thumb/887192523692625920/pu/img/NHjfz2aRsB5yigvG.jpg","media_url_https":"https://pbs.twimg.com/ext_tw_video_thumb/887192523692625920/pu/img/NHjfz2aRsB5yigvG.jpg","url":"https://t.co/eZZCe5AiVS","display_url":"pic.twitter.com/eZZCe5AiVS","expanded_url":"https://twitter.com/baranbanban/status/887192730056531968/video/1","type":"video","sizes":{"small":{"w":340,"h":604,"resize":"fit"},"large":{"w":720,"h":1280,"resize":"fit"},"thumb":{"w":150,"h":150,"resize":"crop"},"medium":{"w":600,"h":1067,"resize":"fit"}},"video_info":{"aspect_ratio":[9,16],"duration_millis":23208,"variants":[{"content_type":"application/x-mpegURL","url":"https://video.twimg.com/ext_tw_video/887192523692625920/pu/pl/otjPlPhXiATnAh1d.m3u8"},{"bitrate":832000,"content_type":"video/mp4","url":"https://video.twimg.com/ext_tw_video/887192523692625920/pu/vid/360x640/E0YThwiVIj1rawKy.mp4"},{"bitrate":320000,"content_type":"video/mp4","url":"https://video.twimg.com/ext_tw_video/887192523692625920/pu/vid/180x320/rXMQkRo4HxHS8Pr8.mp4"},{"bitrate":2176000,"content_type":"video/mp4","url":"https://video.twimg.com/ext_tw_video/887192523692625920/pu/vid/720x1280/JrAkl-XxPfj-FO5v.mp4"}]},"additional_media_info":{"monetizable":false}}]},"metadata":{"iso_language_code":"ja","result_type":"recent"},"source":"<a href=\"http://twitter.com/download/iphone\" rel=\"nofollow\">Twitter for iPhone</a>","in_reply_to_status_id":null,"in_reply_to_status_id_str":null,"in_reply_to_user_id":null,"in_reply_to_user_id_str":null,"in_reply_to_screen_name":null,"user":{"id":572603327,"id_str":"572603327","name":"バラン","screen_name":"baranbanban","location":"千葉県松戸市","description":"深淵を覗くとき深淵を覗いているのだ","url":null,"entities":{"description":{"urls":[]}},"protected":false,"followers_count":628,"friends_count":1265,"listed_count":15,"created_at":"Sun May 06 12:55:31 +0000 2012","favourites_count":30422,"utc_offset":32400,"time_zone":"Tokyo","geo_enabled":true,"verified":false,"statuses_count":100145,"lang":"ja","contributors_enabled":false,"is_translator":false,"is_translation_enabled":false,"profile_background_color":"642D8B","profile_background_image_url":"http://abs.twimg.com/images/themes/theme10/bg.gif","profile_background_image_url_https":"https://abs.twimg.com/images/themes/theme10/bg.gif","profile_background_tile":true,"profile_image_url":"http://pbs.twimg.com/profile_images/875501121292255232/Dzqw5Qb7_normal.jpg","profile_image_url_https":"https://pbs.twimg.com/profile_images/875501121292255232/Dzqw5Qb7_normal.jpg","profile_banner_url":"https://pbs.twimg.com/profile_banners/572603327/1497570709","profile_link_color":"FF0000","profile_sidebar_border_color":"65B0DA","profile_sidebar_fill_color":"7AC3EE","profile_text_color":"3D1957","profile_use_background_image":true,"has_extended_profile":false,"default_profile":false,"default_profile_image":false,"following":false,"follow_request_sent":false,"notifications":false,"translator_type":"none"},"geo":null,"coordinates":null,"place":null,"contributors":null,"is_quote_status":false,"retweet_count":19442,"favorite_count":13064,"favorited":false,"retweeted":false,"possibly_sensitive":false,"lang":"ja"},{"created_at":"Tue Jul 18 06:08:49 +0000 2017","id":887192415215378400,"id_str":"887192415215378432","text":"期間限定イベント「Kawaii make MY day!」の開催が決定しました！\n今回は有香ちゃん、ゆかりちゃん、法子ちゃんのユニット「メロウ・イエロー」がデレステに登場です！\nホーム左下のバナーからメッセージを聴いてくださいね！… https://t.co/WsM1BwE6v2","truncated":true,"entities":{"hashtags":[],"symbols":[],"user_mentions":[],"urls":[{"url":"https://t.co/WsM1BwE6v2","expanded_url":"https://twitter.com/i/web/status/887192415215378432","display_url":"twitter.com/i/web/status/8…","indices":[117,140]}]},"metadata":{"iso_language_code":"ja","result_type":"recent"},"source":"<a href=\"http://twitter.com\" rel=\"nofollow\">Twitter Web Client</a>","in_reply_to_status_id":null,"in_reply_to_status_id_str":null,"in_reply_to_user_id":null,"in_reply_to_user_id_str":null,"in_reply_to_screen_name":null,"user":{"id":3220191374,"id_str":"3220191374","name":"スターライトステージ","screen_name":"imascg_stage","location":"","description":"「アイドルマスター シンデレラガールズ スターライトステージ」公式アカウントです。※お客様からの個別のメッセージなどは、Twitter上ではご返答できかねますのでご了承下さい。 #デレステ Android:http://t.co/PfCtF9Biv4       iOS:http://t.co/0zb47ZumGb","url":"http://t.co/7REykaZIlX","entities":{"url":{"urls":[{"url":"http://t.co/7REykaZIlX","expanded_url":"http://cinderella.idolmaster.jp/sl-stage/","display_url":"cinderella.idolmaster.jp/sl-stage/","indices":[0,22]}]},"description":{"urls":[{"url":"http://t.co/PfCtF9Biv4","expanded_url":"http://eng.mg/8d0ca","display_url":"eng.mg/8d0ca","indices":[103,125]},{"url":"http://t.co/0zb47ZumGb","expanded_url":"http://eng.mg/a0f68","display_url":"eng.mg/a0f68","indices":[136,158]}]}},"protected":false,"followers_count":458651,"friends_count":7,"listed_count":7178,"created_at":"Tue May 19 09:34:46 +0000 2015","favourites_count":0,"utc_offset":32400,"time_zone":"Tokyo","geo_enabled":false,"verified":true,"statuses_count":1100,"lang":"ja","contributors_enabled":false,"is_translator":false,"is_translation_enabled":false,"profile_background_color":"000000","profile_background_image_url":"http://abs.twimg.com/images/themes/theme1/bg.png","profile_background_image_url_https":"https://abs.twimg.com/images/themes/theme1/bg.png","profile_background_tile":false,"profile_image_url":"http://pbs.twimg.com/profile_images/875515457364557825/zzJa2735_normal.jpg","profile_image_url_https":"https://pbs.twimg.com/profile_images/875515457364557825/zzJa2735_normal.jpg","profile_banner_url":"https://pbs.twimg.com/profile_banners/3220191374/1484740896","profile_link_color":"89C9FA","profile_sidebar_border_color":"000000","profile_sidebar_fill_color":"000000","profile_text_color":"000000","profile_use_background_image":false,"has_extended_profile":false,"default_profile":false,"default_profile_image":false,"following":false,"follow_request_sent":false,"notifications":false,"translator_type":"none"},"geo":null,"coordinates":null,"place":null,"contributors":null,"is_quote_status":false,"retweet_count":8567,"favorite_count":6265,"favorited":false,"retweeted":false,"possibly_sensitive":false,"lang":"ja"},{"created_at":"Tue Jul 18 06:07:32 +0000 2017","id":887192091800903700,"id_str":"887192091800903680","text":"『コレよコレ！アタシがこんなに欲しがってるのに、買わないなんて言わないわよね？プロデューサー♪』\n\nSSレアの的場梨沙ちゃん登場です！\n\nhttps://t.co/mIoEjCBQs4 #デレステ https://t.co/9mC5Hs8kCX","truncated":false,"entities":{"hashtags":[{"text":"デレステ","indices":[93,98]}],"symbols":[],"user_mentions":[],"urls":[{"url":"https://t.co/mIoEjCBQs4","expanded_url":"http://eng.mg/2258c","display_url":"eng.mg/2258c","indices":[69,92]}],"media":[{"id":887192088890155000,"id_str":"887192088890155009","indices":[99,122],"media_url":"http://pbs.twimg.com/media/DE_wgRnVoAEKGNe.jpg","media_url_https":"https://pbs.twimg.com/media/DE_wgRnVoAEKGNe.jpg","url":"https://t.co/9mC5Hs8kCX","display_url":"pic.twitter.com/9mC5Hs8kCX","expanded_url":"https://twitter.com/imascg_stage/status/887192091800903680/photo/1","type":"photo","sizes":{"large":{"w":1024,"h":640,"resize":"fit"},"thumb":{"w":150,"h":150,"resize":"crop"},"small":{"w":680,"h":425,"resize":"fit"},"medium":{"w":1024,"h":640,"resize":"fit"}}}]},"extended_entities":{"media":[{"id":887192088890155000,"id_str":"887192088890155009","indices":[99,122],"media_url":"http://pbs.twimg.com/media/DE_wgRnVoAEKGNe.jpg","media_url_https":"https://pbs.twimg.com/media/DE_wgRnVoAEKGNe.jpg","url":"https://t.co/9mC5Hs8kCX","display_url":"pic.twitter.com/9mC5Hs8kCX","expanded_url":"https://twitter.com/imascg_stage/status/887192091800903680/photo/1","type":"photo","sizes":{"large":{"w":1024,"h":640,"resize":"fit"},"thumb":{"w":150,"h":150,"resize":"crop"},"small":{"w":680,"h":425,"resize":"fit"},"medium":{"w":1024,"h":640,"resize":"fit"}}}]},"metadata":{"iso_language_code":"ja","result_type":"recent"},"source":"<a href=\"http://engagemanager.tribalmedia.co.jp/\" rel=\"nofollow\">EngageManager</a>","in_reply_to_status_id":null,"in_reply_to_status_id_str":null,"in_reply_to_user_id":null,"in_reply_to_user_id_str":null,"in_reply_to_screen_name":null,"user":{"id":3220191374,"id_str":"3220191374","name":"スターライトステージ","screen_name":"imascg_stage","location":"","description":"「アイドルマスター シンデレラガールズ スターライトステージ」公式アカウントです。※お客様からの個別のメッセージなどは、Twitter上ではご返答できかねますのでご了承下さい。 #デレステ Android:http://t.co/PfCtF9Biv4       iOS:http://t.co/0zb47ZumGb","url":"http://t.co/7REykaZIlX","entities":{"url":{"urls":[{"url":"http://t.co/7REykaZIlX","expanded_url":"http://cinderella.idolmaster.jp/sl-stage/","display_url":"cinderella.idolmaster.jp/sl-stage/","indices":[0,22]}]},"description":{"urls":[{"url":"http://t.co/PfCtF9Biv4","expanded_url":"http://eng.mg/8d0ca","display_url":"eng.mg/8d0ca","indices":[103,125]},{"url":"http://t.co/0zb47ZumGb","expanded_url":"http://eng.mg/a0f68","display_url":"eng.mg/a0f68","indices":[136,158]}]}},"protected":false,"followers_count":458651,"friends_count":7,"listed_count":7178,"created_at":"Tue May 19 09:34:46 +0000 2015","favourites_count":0,"utc_offset":32400,"time_zone":"Tokyo","geo_enabled":false,"verified":true,"statuses_count":1100,"lang":"ja","contributors_enabled":false,"is_translator":false,"is_translation_enabled":false,"profile_background_color":"000000","profile_background_image_url":"http://abs.twimg.com/images/themes/theme1/bg.png","profile_background_image_url_https":"https://abs.twimg.com/images/themes/theme1/bg.png","profile_background_tile":false,"profile_image_url":"http://pbs.twimg.com/profile_images/875515457364557825/zzJa2735_normal.jpg","profile_image_url_https":"https://pbs.twimg.com/profile_images/875515457364557825/zzJa2735_normal.jpg","profile_banner_url":"https://pbs.twimg.com/profile_banners/3220191374/1484740896","profile_link_color":"89C9FA","profile_sidebar_border_color":"000000","profile_sidebar_fill_color":"000000","profile_text_color":"000000","profile_use_background_image":false,"has_extended_profile":false,"default_profile":false,"default_profile_image":false,"following":false,"follow_request_sent":false,"notifications":false,"translator_type":"none"},"geo":null,"coordinates":null,"place":null,"contributors":null,"is_quote_status":false,"retweet_count":9070,"favorite_count":6979,"favorited":false,"retweeted":false,"possibly_sensitive":false,"lang":"ja"},{"created_at":"Tue Jul 18 04:58:05 +0000 2017","id":887174611812491300,"id_str":"887174611812491264","text":"所沢市の小学校で教師が小4児童に「窓から飛び降りろ」「このクラスは３４人だったがあすからは３３人でやっていこう」などの暴言報道について、同じクラスの子の証言が食い違ってるぞ🤔？ https://t.co/tQIDwmBpwa","truncated":false,"entities":{"hashtags":[],"symbols":[],"user_mentions":[],"urls":[],"media":[{"id":887174599036686300,"id_str":"887174599036686337","indices":[89,112],"media_url":"http://pbs.twimg.com/media/DE_gmO1U0AElylL.jpg","media_url_https":"https://pbs.twimg.com/media/DE_gmO1U0AElylL.jpg","url":"https://t.co/tQIDwmBpwa","display_url":"pic.twitter.com/tQIDwmBpwa","expanded_url":"https://twitter.com/colappy/status/887174611812491264/photo/1","type":"photo","sizes":{"large":{"w":1706,"h":954,"resize":"fit"},"medium":{"w":1200,"h":671,"resize":"fit"},"small":{"w":680,"h":380,"resize":"fit"},"thumb":{"w":150,"h":150,"resize":"crop"}}}]},"extended_entities":{"media":[{"id":887174599036686300,"id_str":"887174599036686337","indices":[89,112],"media_url":"http://pbs.twimg.com/media/DE_gmO1U0AElylL.jpg","media_url_https":"https://pbs.twimg.com/media/DE_gmO1U0AElylL.jpg","url":"https://t.co/tQIDwmBpwa","display_url":"pic.twitter.com/tQIDwmBpwa","expanded_url":"https://twitter.com/colappy/status/887174611812491264/photo/1","type":"photo","sizes":{"large":{"w":1706,"h":954,"resize":"fit"},"medium":{"w":1200,"h":671,"resize":"fit"},"small":{"w":680,"h":380,"resize":"fit"},"thumb":{"w":150,"h":150,"resize":"crop"}}},{"id":887174598898274300,"id_str":"887174598898274304","indices":[89,112],"media_url":"http://pbs.twimg.com/media/DE_gmOUU0AA7axw.jpg","media_url_https":"https://pbs.twimg.com/media/DE_gmOUU0AA7axw.jpg","url":"https://t.co/tQIDwmBpwa","display_url":"pic.twitter.com/tQIDwmBpwa","expanded_url":"https://twitter.com/colappy/status/887174611812491264/photo/1","type":"photo","sizes":{"medium":{"w":1200,"h":668,"resize":"fit"},"large":{"w":1702,"h":948,"resize":"fit"},"thumb":{"w":150,"h":150,"resize":"crop"},"small":{"w":680,"h":379,"resize":"fit"}}},{"id":887174608817750000,"id_str":"887174608817750016","indices":[89,112],"media_url":"http://pbs.twimg.com/media/DE_gmzRUAAAshu_.jpg","media_url_https":"https://pbs.twimg.com/media/DE_gmzRUAAAshu_.jpg","url":"https://t.co/tQIDwmBpwa","display_url":"pic.twitter.com/tQIDwmBpwa","expanded_url":"https://twitter.com/colappy/status/887174611812491264/photo/1","type":"photo","sizes":{"thumb":{"w":150,"h":150,"resize":"crop"},"large":{"w":990,"h":1198,"resize":"fit"},"medium":{"w":990,"h":1198,"resize":"fit"},"small":{"w":562,"h":680,"resize":"fit"}}}]},"metadata":{"iso_language_code":"ja","result_type":"recent"},"source":"<a href=\"http://itunes.apple.com/us/app/twitter/id409789998?mt=12\" rel=\"nofollow\">Twitter for Mac</a>","in_reply_to_status_id":null,"in_reply_to_status_id_str":null,"in_reply_to_user_id":null,"in_reply_to_user_id_str":null,"in_reply_to_screen_name":null,"user":{"id":129536054,"id_str":"129536054","name":"こらっぴ","screen_name":"colappy","location":"tokyo","description":"トレンドにあがってる時事ネタや海外での話題をゆるく呟いてます。過去ツイはいいね欄参照。週末は写真も撮ってるよ👇🏼","url":"https://t.co/GGNY9XpRaR","entities":{"url":{"urls":[{"url":"https://t.co/GGNY9XpRaR","expanded_url":"http://Instagram.com/colapy","display_url":"Instagram.com/colapy","indices":[0,23]}]},"description":{"urls":[]}},"protected":false,"followers_count":5745,"friends_count":452,"listed_count":136,"created_at":"Sun Apr 04 16:31:09 +0000 2010","favourites_count":1676,"utc_offset":32400,"time_zone":"Tokyo","geo_enabled":true,"verified":false,"statuses_count":25216,"lang":"ja","contributors_enabled":false,"is_translator":false,"is_translation_enabled":false,"profile_background_color":"022330","profile_background_image_url":"http://abs.twimg.com/images/themes/theme15/bg.png","profile_background_image_url_https":"https://abs.twimg.com/images/themes/theme15/bg.png","profile_background_tile":false,"profile_image_url":"http://pbs.twimg.com/profile_images/875647930996150272/xBOPW1E4_normal.jpg","profile_image_url_https":"https://pbs.twimg.com/profile_images/875647930996150272/xBOPW1E4_normal.jpg","profile_banner_url":"https://pbs.twimg.com/profile_banners/129536054/1481080690","profile_link_color":"03B9CA","profile_sidebar_border_color":"FFFFFF","profile_sidebar_fill_color":"C0DFEC","profile_text_color":"333333","profile_use_background_image":true,"has_extended_profile":true,"default_profile":false,"default_profile_image":false,"following":false,"follow_request_sent":false,"notifications":false,"translator_type":"none"},"geo":null,"coordinates":null,"place":null,"contributors":null,"is_quote_status":false,"retweet_count":48807,"favorite_count":33885,"favorited":false,"retweeted":false,"possibly_sensitive":false,"lang":"ja"},{"created_at":"Tue Jul 18 04:38:17 +0000 2017","id":887169631676317700,"id_str":"887169631676317697","text":"安らかに。。。 https://t.co/YrkMwGLyPl","truncated":false,"entities":{"hashtags":[],"symbols":[],"user_mentions":[],"urls":[],"media":[{"id":887169620053864400,"id_str":"887169620053864449","indices":[8,31],"media_url":"http://pbs.twimg.com/media/DE_cEarUMAEBuEv.jpg","media_url_https":"https://pbs.twimg.com/media/DE_cEarUMAEBuEv.jpg","url":"https://t.co/YrkMwGLyPl","display_url":"pic.twitter.com/YrkMwGLyPl","expanded_url":"https://twitter.com/ariyoshihiroiki/status/887169631676317697/photo/1","type":"photo","sizes":{"small":{"w":511,"h":680,"resize":"fit"},"thumb":{"w":150,"h":150,"resize":"crop"},"medium":{"w":902,"h":1200,"resize":"fit"},"large":{"w":1540,"h":2048,"resize":"fit"}}}]},"extended_entities":{"media":[{"id":887169620053864400,"id_str":"887169620053864449","indices":[8,31],"media_url":"http://pbs.twimg.com/media/DE_cEarUMAEBuEv.jpg","media_url_https":"https://pbs.twimg.com/media/DE_cEarUMAEBuEv.jpg","url":"https://t.co/YrkMwGLyPl","display_url":"pic.twitter.com/YrkMwGLyPl","expanded_url":"https://twitter.com/ariyoshihiroiki/status/887169631676317697/photo/1","type":"photo","sizes":{"small":{"w":511,"h":680,"resize":"fit"},"thumb":{"w":150,"h":150,"resize":"crop"},"medium":{"w":902,"h":1200,"resize":"fit"},"large":{"w":1540,"h":2048,"resize":"fit"}}}]},"metadata":{"iso_language_code":"ja","result_type":"recent"},"source":"<a href=\"http://twitter.com/download/iphone\" rel=\"nofollow\">Twitter for iPhone</a>","in_reply_to_status_id":null,"in_reply_to_status_id_str":null,"in_reply_to_user_id":null,"in_reply_to_user_id_str":null,"in_reply_to_screen_name":null,"user":{"id":114446939,"id_str":"114446939","name":"有吉弘行","screen_name":"ariyoshihiroiki","location":"日本","description":"穏やかに。。。","url":null,"entities":{"description":{"urls":[]}},"protected":false,"followers_count":6726547,"friends_count":224,"listed_count":28534,"created_at":"Mon Feb 15 12:51:21 +0000 2010","favourites_count":1,"utc_offset":32400,"time_zone":"Tokyo","geo_enabled":true,"verified":true,"statuses_count":16660,"lang":"ja","contributors_enabled":false,"is_translator":false,"is_translation_enabled":true,"profile_background_color":"000000","profile_background_image_url":"http://abs.twimg.com/images/themes/theme14/bg.gif","profile_background_image_url_https":"https://abs.twimg.com/images/themes/theme14/bg.gif","profile_background_tile":false,"profile_image_url":"http://pbs.twimg.com/profile_images/666631354566635520/Qat08REd_normal.jpg","profile_image_url_https":"https://pbs.twimg.com/profile_images/666631354566635520/Qat08REd_normal.jpg","profile_banner_url":"https://pbs.twimg.com/profile_banners/114446939/1448610244","profile_link_color":"89C9FA","profile_sidebar_border_color":"000000","profile_sidebar_fill_color":"000000","profile_text_color":"000000","profile_use_background_image":false,"has_extended_profile":false,"default_profile":false,"default_profile_image":false,"following":false,"follow_request_sent":false,"notifications":false,"translator_type":"none"},"geo":null,"coordinates":null,"place":null,"contributors":null,"is_quote_status":false,"retweet_count":5534,"favorite_count":23267,"favorited":false,"retweeted":false,"possibly_sensitive":false,"lang":"ja"},{"created_at":"Tue Jul 18 03:41:38 +0000 2017","id":887155375279030300,"id_str":"887155375279030272","text":"【訃報】俳優・砂川啓介さん死去 80歳、認知症の妻・大山のぶ代を残し…\nhttps://t.co/UGbbwiO4sV\n\n15年に発売した壮絶な介護生活をつづった著書では、「病気の君を置いて先には死ねないよ」と伝えていたが、無念の… https://t.co/vuPB8El9F9","truncated":true,"entities":{"hashtags":[],"symbols":[],"user_mentions":[],"urls":[{"url":"https://t.co/UGbbwiO4sV","expanded_url":"http://news.livedoor.com/article/detail/13351766/","display_url":"news.livedoor.com/article/detail…","indices":[36,59]},{"url":"https://t.co/vuPB8El9F9","expanded_url":"https://twitter.com/i/web/status/887155375279030272","display_url":"twitter.com/i/web/status/8…","indices":[117,140]}]},"metadata":{"iso_language_code":"ja","result_type":"recent"},"source":"<a href=\"http://twitter.com\" rel=\"nofollow\">Twitter Web Client</a>","in_reply_to_status_id":null,"in_reply_to_status_id_str":null,"in_reply_to_user_id":null,"in_reply_to_user_id_str":null,"in_reply_to_screen_name":null,"user":{"id":17306975,"id_str":"17306975","name":"ライブドアニュース","screen_name":"livedoornews","location":"","description":"LINE →https://t.co/yhJO0o7Jns／FB → https://t.co/LHTCuyIEjr／インスタ／→https://t.co/SpmVgPtfCG","url":"http://t.co/Q4Bh3OCfgY","entities":{"url":{"urls":[{"url":"http://t.co/Q4Bh3OCfgY","expanded_url":null,"indices":[0,22]}]},"description":{"urls":[]}},"protected":false,"followers_count":430022,"friends_count":88,"listed_count":6132,"created_at":"Tue Nov 11 09:56:31 +0000 2008","favourites_count":2608,"utc_offset":32400,"time_zone":"Tokyo","geo_enabled":false,"verified":true,"statuses_count":176943,"lang":"ja","contributors_enabled":false,"is_translator":false,"is_translation_enabled":false,"profile_background_color":"FFFFFF","profile_background_image_url":"http://pbs.twimg.com/profile_background_images/378800000085828060/4b07c1d868c917fb65a3d64a20904cd5.jpeg","profile_background_image_url_https":"https://pbs.twimg.com/profile_background_images/378800000085828060/4b07c1d868c917fb65a3d64a20904cd5.jpeg","profile_background_tile":false,"profile_image_url":"http://pbs.twimg.com/profile_images/875662964988166149/whdJTD2I_normal.jpg","profile_image_url_https":"https://pbs.twimg.com/profile_images/875662964988166149/whdJTD2I_normal.jpg","profile_link_color":"51ADD4","profile_sidebar_border_color":"FFFFFF","profile_sidebar_fill_color":"95E8EC","profile_text_color":"3C3940","profile_use_background_image":true,"has_extended_profile":false,"default_profile":false,"default_profile_image":false,"following":false,"follow_request_sent":false,"notifications":false,"translator_type":"none"},"geo":null,"coordinates":null,"place":null,"contributors":null,"is_quote_status":false,"retweet_count":8786,"favorite_count":2838,"favorited":false,"retweeted":false,"possibly_sensitive":false,"lang":"ja"},{"created_at":"Tue Jul 18 03:35:11 +0000 2017","id":887153752322433000,"id_str":"887153752322433024","text":"【大山のぶ代さん夫 砂川氏死去】大山のぶ代さんの夫で、俳優の砂川啓介さんが11日に亡くなったことが分かった。砂川さんは2013年に初期の胃がんの手術を受けている。認知症で闘病中の大山さんの介護を続けていた。 https://t.co/YZv94WgGz3","truncated":false,"entities":{"hashtags":[],"symbols":[],"user_mentions":[],"urls":[{"url":"https://t.co/YZv94WgGz3","expanded_url":"https://yahoo.jp/QFjdIY","display_url":"yahoo.jp/QFjdIY","indices":[104,127]}]},"metadata":{"iso_language_code":"ja","result_type":"recent"},"source":"<a href=\"http://dailynews.yahoo.co.jp/fc/\" rel=\"nofollow\">ヤフトピbot</a>","in_reply_to_status_id":null,"in_reply_to_status_id_str":null,"in_reply_to_user_id":null,"in_reply_to_user_id_str":null,"in_reply_to_screen_name":null,"user":{"id":88846085,"id_str":"88846085","name":"Yahoo!ニュース","screen_name":"YahooNewsTopics","location":"","description":"Yahoo!ニュースの公式アカウントです。365日24時間、Yahoo! JAPANトップページに掲出される話題を速報でお届け。※株式会社アフロ社提供の写真を使用している場合があります。","url":"https://t.co/PORT0VCtyG","entities":{"url":{"urls":[{"url":"https://t.co/PORT0VCtyG","expanded_url":"https://news.yahoo.co.jp/","display_url":"news.yahoo.co.jp","indices":[0,23]}]},"description":{"urls":[]}},"protected":false,"followers_count":305015,"friends_count":8,"listed_count":12341,"created_at":"Tue Nov 10 03:59:51 +0000 2009","favourites_count":0,"utc_offset":32400,"time_zone":"Tokyo","geo_enabled":false,"verified":true,"statuses_count":254414,"lang":"ja","contributors_enabled":false,"is_translator":false,"is_translation_enabled":false,"profile_background_color":"DFD7C7","profile_background_image_url":"http://pbs.twimg.com/profile_background_images/56797173/background.jpg","profile_background_image_url_https":"https://pbs.twimg.com/profile_background_images/56797173/background.jpg","profile_background_tile":true,"profile_image_url":"http://pbs.twimg.com/profile_images/875506779743895552/jqN_tEe4_normal.jpg","profile_image_url_https":"https://pbs.twimg.com/profile_images/875506779743895552/jqN_tEe4_normal.jpg","profile_banner_url":"https://pbs.twimg.com/profile_banners/88846085/1490596288","profile_link_color":"0084B4","profile_sidebar_border_color":"A1A33B","profile_sidebar_fill_color":"FFFCDE","profile_text_color":"333333","profile_use_background_image":true,"has_extended_profile":false,"default_profile":false,"default_profile_image":false,"following":false,"follow_request_sent":false,"notifications":false,"translator_type":"none"},"geo":null,"coordinates":null,"place":null,"contributors":null,"is_quote_status":false,"retweet_count":5936,"favorite_count":1457,"favorited":false,"retweeted":false,"possibly_sensitive":false,"lang":"ja"},{"created_at":"Tue Jul 18 03:01:44 +0000 2017","id":887145334618464300,"id_str":"887145334618464256","text":"【極(きわめ)】 \n極の姿となった刀剣男士の情報を新たに入手しました！本日、先行してビジュアルのシルエットを一部公開いたします！ゲーム実装時期等の詳細は今しばらくお待ちください△△ #刀剣乱舞 #とうらぶ https://t.co/LeeZaXdQHV","truncated":false,"entities":{"hashtags":[{"text":"刀剣乱舞","indices":[91,96]},{"text":"とうらぶ","indices":[97,102]}],"symbols":[],"user_mentions":[],"urls":[],"media":[{"id":887145221280026600,"id_str":"887145221280026624","indices":[103,126],"media_url":"http://pbs.twimg.com/media/DE_F4OKU0AAGeT1.jpg","media_url_https":"https://pbs.twimg.com/media/DE_F4OKU0AAGeT1.jpg","url":"https://t.co/LeeZaXdQHV","display_url":"pic.twitter.com/LeeZaXdQHV","expanded_url":"https://twitter.com/tkrb_ht/status/887145334618464256/photo/1","type":"photo","sizes":{"small":{"w":680,"h":680,"resize":"fit"},"thumb":{"w":150,"h":150,"resize":"crop"},"large":{"w":800,"h":800,"resize":"fit"},"medium":{"w":800,"h":800,"resize":"fit"}}}]},"extended_entities":{"media":[{"id":887145221280026600,"id_str":"887145221280026624","indices":[103,126],"media_url":"http://pbs.twimg.com/media/DE_F4OKU0AAGeT1.jpg","media_url_https":"https://pbs.twimg.com/media/DE_F4OKU0AAGeT1.jpg","url":"https://t.co/LeeZaXdQHV","display_url":"pic.twitter.com/LeeZaXdQHV","expanded_url":"https://twitter.com/tkrb_ht/status/887145334618464256/photo/1","type":"photo","sizes":{"small":{"w":680,"h":680,"resize":"fit"},"thumb":{"w":150,"h":150,"resize":"crop"},"large":{"w":800,"h":800,"resize":"fit"},"medium":{"w":800,"h":800,"resize":"fit"}}}]},"metadata":{"iso_language_code":"ja","result_type":"recent"},"source":"<a href=\"http://twitter.com\" rel=\"nofollow\">Twitter Web Client</a>","in_reply_to_status_id":null,"in_reply_to_status_id_str":null,"in_reply_to_user_id":null,"in_reply_to_user_id_str":null,"in_reply_to_screen_name":null,"user":{"id":2785593660,"id_str":"2785593660","name":"刀剣乱舞-本丸通信-【公式】","screen_name":"tkrb_ht","location":"本丸","description":"「刀剣乱舞」の原作情報を発信する公式アカウントです。 グッズやメディアミックスなどの最新情報を「審神者」の皆さんへ向けて発信します。 ゲームについては @TOUKEN_STAFF をご覧ください。 ※個別のお問い合わせについては返答いたしかねますのであらかじめご了承ください。ハッシュタグ→ #刀剣乱舞 #とうらぶ","url":"https://t.co/mN2Gv79HEf","entities":{"url":{"urls":[{"url":"https://t.co/mN2Gv79HEf","expanded_url":"http://www.dmm.com/netgame/feature/tohken.html","display_url":"dmm.com/netgame/featur…","indices":[0,23]}]},"description":{"urls":[]}},"protected":false,"followers_count":597005,"friends_count":8,"listed_count":10852,"created_at":"Tue Sep 02 09:47:45 +0000 2014","favourites_count":0,"utc_offset":32400,"time_zone":"Tokyo","geo_enabled":false,"verified":false,"statuses_count":3417,"lang":"ja","contributors_enabled":false,"is_translator":false,"is_translation_enabled":false,"profile_background_color":"DD2E44","profile_background_image_url":"http://abs.twimg.com/images/themes/theme1/bg.png","profile_background_image_url_https":"https://abs.twimg.com/images/themes/theme1/bg.png","profile_background_tile":false,"profile_image_url":"http://pbs.twimg.com/profile_images/880804323352952832/-fY3HUwJ_normal.jpg","profile_image_url_https":"https://pbs.twimg.com/profile_images/880804323352952832/-fY3HUwJ_normal.jpg","profile_banner_url":"https://pbs.twimg.com/profile_banners/2785593660/1498844736","profile_link_color":"FFCC4D","profile_sidebar_border_color":"000000","profile_sidebar_fill_color":"000000","profile_text_color":"000000","profile_use_background_image":false,"has_extended_profile":false,"default_profile":false,"default_profile_image":false,"following":false,"follow_request_sent":false,"notifications":false,"translator_type":"none"},"geo":null,"coordinates":null,"place":null,"contributors":null,"is_quote_status":false,"retweet_count":25417,"favorite_count":20583,"favorited":false,"retweeted":false,"possibly_sensitive":false,"lang":"ja"},{"created_at":"Tue Jul 18 02:48:11 +0000 2017","id":887141924871655400,"id_str":"887141924871655424","text":"【フォロー&amp;RTで応募完了】\nうっとりとろける、夢のコンポート\nギドリーコレクションより人気アイテムの\nLavensodie - ラベンソディー -を抽選で1名様にプレゼント\n締切 8/7… https://t.co/19nhxpiRCE","truncated":true,"entities":{"hashtags":[],"symbols":[],"user_mentions":[],"urls":[{"url":"https://t.co/19nhxpiRCE","expanded_url":"https://twitter.com/i/web/status/887141924871655424","display_url":"twitter.com/i/web/status/8…","indices":[100,123]}]},"metadata":{"iso_language_code":"ja","result_type":"recent"},"source":"<a href=\"http://twitter.com\" rel=\"nofollow\">Twitter Web Client</a>","in_reply_to_status_id":null,"in_reply_to_status_id_str":null,"in_reply_to_user_id":null,"in_reply_to_user_id_str":null,"in_reply_to_screen_name":null,"user":{"id":350588237,"id_str":"350588237","name":"mayla classic","screen_name":"mayla_classic","location":"大阪府堺市","description":"出会った瞬間、体温が2℃あがる靴","url":"https://t.co/XUqUDaRT9g","entities":{"url":{"urls":[{"url":"https://t.co/XUqUDaRT9g","expanded_url":"http://mayla.jp","display_url":"mayla.jp","indices":[0,23]}]},"description":{"urls":[]}},"protected":false,"followers_count":207930,"friends_count":0,"listed_count":1182,"created_at":"Mon Aug 08 00:57:21 +0000 2011","favourites_count":18457,"utc_offset":32400,"time_zone":"Tokyo","geo_enabled":true,"verified":true,"statuses_count":5457,"lang":"ja","contributors_enabled":false,"is_translator":false,"is_translation_enabled":false,"profile_background_color":"FFFFFF","profile_background_image_url":"http://pbs.twimg.com/profile_background_images/443184949542137857/V9p8Bi_1.jpeg","profile_background_image_url_https":"https://pbs.twimg.com/profile_background_images/443184949542137857/V9p8Bi_1.jpeg","profile_background_tile":true,"profile_image_url":"http://pbs.twimg.com/profile_images/656021618230083584/BAc7JkQ9_normal.jpg","profile_image_url_https":"https://pbs.twimg.com/profile_images/656021618230083584/BAc7JkQ9_normal.jpg","profile_banner_url":"https://pbs.twimg.com/profile_banners/350588237/1499854535","profile_link_color":"EBDCDA","profile_sidebar_border_color":"FFFFFF","profile_sidebar_fill_color":"E6F6F9","profile_text_color":"333333","profile_use_background_image":true,"has_extended_profile":false,"default_profile":false,"default_profile_image":false,"following":false,"follow_request_sent":false,"notifications":false,"translator_type":"none"},"geo":null,"coordinates":null,"place":{"id":"452706fe6c7ad597","url":"https://api.twitter.com/1.1/geo/id/452706fe6c7ad597.json","place_type":"city","name":"Izumiotsu-shi","full_name":"Izumiotsu-shi, Osaka","country_code":"JP","country":"Japan","contained_within":[],"bounding_box":{"type":"Polygon","coordinates":[[[135.36716,34.481483],[135.446341,34.481483],[135.446341,34.532941],[135.36716,34.532941]]]},"attributes":{}},"contributors":null,"is_quote_status":false,"retweet_count":15637,"favorite_count":3355,"favorited":false,"retweeted":false,"possibly_sensitive":false,"lang":"ja"}],"search_metadata":{"completed_in":0.679,"max_id":887195648834940900,"max_id_str":"887195648834940929","next_results":"?max_id=887141924871655423&q=lang%3Aja%20min_retweets%3A5000&include_entities=1","query":"lang%3Aja+min_retweets%3A5000","refresh_url":"?since_id=887195648834940929&q=lang%3Aja%20min_retweets%3A5000&include_entities=1","count":15,"since_id":0,"since_id_str":"0"}}