{"statuses":[{"created_at":"Wed Jul 19 06:26:13 +0000 2017","id":887559179845500900,"id_str":"887559179845500928","text":"7月19日 15:00より、「レガシーMASTER+」モードを追加しました！\n過去のイベントでMASTER+が登場している楽曲を、イベント開催当時のリズムアイコン配置でプレイできます。\n#デレステ https://t.co/qabnzW8GAZ","truncated":false,"entities":{"hashtags":[{"text":"デレステ","indices":[93,98]}],"symbols":[],"user_mentions":[],"urls":[],"media":[{"id":887559175454076900,"id_str":"887559175454076928","indices":[99,122],"media_url":"http://pbs.twimg.com/media/DFE-XhoUMAA1Rpz.jpg","media_url_https":"https://pbs.twimg.com/media/DFE-XhoUMAA1Rpz.jpg","url":"https://t.co/qabnzW8GAZ","display_url":"pic.twitter.com/qabnzW8GAZ","expanded_url":"https://twitter.com/imascg_stage/status/887559179845500928/photo/1","type":"photo","sizes":{"medium":{"w":1024,"h":640,"resize":"fit"},"small":{"w":680,"h":425,"resize":"fit"},"thumb":{"w":150,"h":150,"resize":"crop"},"large":{"w":1024,"h":640,"resize":"fit"}}}]},"extended_entities":{"media":[{"id":887559175454076900,"id_str":"887559175454076928","indices":[99,122],"media_url":"http://pbs.twimg.com/media/DFE-XhoUMAA1Rpz.jpg","media_url_https":"https://pbs.twimg.com/media/DFE-XhoUMAA1Rpz.jpg","url":"https://t.co/qabnzW8GAZ","display_url":"pic.twitter.com/qabnzW8GAZ","expanded_url":"https://twitter.com/imascg_stage/status/887559179845500928/photo/1","type":"photo","sizes":{"medium":{"w":1024,"h":640,"resize":"fit"},"small":{"w":680,"h":425,"resize":"fit"},"thumb":{"w":150,"h":150,"resize":"crop"},"large":{"w":1024,"h":640,"resize":"fit"}}}]},"metadata":{"iso_language_code":"ja","result_type":"recent"},"source":"<a href=\"http://engagemanager.tribalmedia.co.jp/\" rel=\"nofollow\">EngageManager</a>","in_reply_to_status_id":null,"in_reply_to_status_id_str":null,"in_reply_to_user_id":null,"in_reply_to_user_id_str":null,"in_reply_to_screen_name":null,"user":{"id":3220191374,"id_str":"3220191374","name":"スターライトステージ","screen_name":"imascg_stage","location":"","description":"「アイドルマスター シンデレラガールズ スターライトステージ」公式アカウントです。※お客様からの個別のメッセージなどは、Twitter上ではご返答できかねますのでご了承下さい。 #デレステ Android:http://t.co/PfCtF9Biv4       iOS:http://t.co/0zb47ZumGb","url":"http://t.co/7REykaZIlX","entities":{"url":{"urls":[{"url":"http://t.co/7REykaZIlX","expanded_url":"http://cinderella.idolmaster.jp/sl-stage/","display_url":"cinderella.idolmaster.jp/sl-stage/","indices":[0,22]}]},"description":{"urls":[{"url":"http://t.co/PfCtF9Biv4","expanded_url":"http://eng.mg/8d0ca","display_url":"eng.mg/8d0ca","indices":[103,125]},{"url":"http://t.co/0zb47ZumGb","expanded_url":"http://eng.mg/a0f68","display_url":"eng.mg/a0f68","indices":[136,158]}]}},"protected":false,"followers_count":459079,"friends_count":7,"listed_count":7180,"created_at":"Tue May 19 09:34:46 +0000 2015","favourites_count":0,"utc_offset":32400,"time_zone":"Tokyo","geo_enabled":false,"verified":true,"statuses_count":1101,"lang":"ja","contributors_enabled":false,"is_translator":false,"is_translation_enabled":false,"profile_background_color":"000000","profile_background_image_url":"http://abs.twimg.com/images/themes/theme1/bg.png","profile_background_image_url_https":"https://abs.twimg.com/images/themes/theme1/bg.png","profile_background_tile":false,"profile_image_url":"http://pbs.twimg.com/profile_images/875515457364557825/zzJa2735_normal.jpg","profile_image_url_https":"https://pbs.twimg.com/profile_images/875515457364557825/zzJa2735_normal.jpg","profile_banner_url":"https://pbs.twimg.com/profile_banners/3220191374/1484740896","profile_link_color":"89C9FA","profile_sidebar_border_color":"000000","profile_sidebar_fill_color":"000000","profile_text_color":"000000","profile_use_background_image":false,"has_extended_profile":false,"default_profile":false,"default_profile_image":false,"following":false,"follow_request_sent":false,"notifications":false,"translator_type":"none"},"geo":null,"coordinates":null,"place":null,"contributors":null,"is_quote_status":false,"retweet_count":8090,"favorite_count":6386,"favorited":false,"retweeted":false,"possibly_sensitive":false,"lang":"ja"},{"created_at":"Wed Jul 19 03:31:37 +0000 2017","id":887515243382882300,"id_str":"887515243382882304","text":"チンポ（ﾎﾞﾛﾝ","truncated":false,"entities":{"hashtags":[],"symbols":[],"user_mentions":[],"urls":[]},"metadata":{"iso_language_code":"ja","result_type":"recent"},"source":"<a href=\"http://twittbot.net/\" rel=\"nofollow\">twittbot.net</a>","in_reply_to_status_id":null,"in_reply_to_status_id_str":null,"in_reply_to_user_id":null,"in_reply_to_user_id_str":null,"in_reply_to_screen_name":null,"user":{"id":4754860940,"id_str":"4754860940","name":"5%の確率で性器を露出するドラえもん","screen_name":"5percent_Dorar","location":"","description":"ドラちゃんです。期間限定で1時間に一回秘密道具を出します。5%の確率で性器を露出します。 自動ツイート種類40種 現在のちんぽは2本です 現在ツイートに時間のズレがあります。修正中(7/19.11時復旧)","url":null,"entities":{"description":{"urls":[]}},"protected":false,"followers_count":14524,"friends_count":1,"listed_count":71,"created_at":"Wed Jan 13 21:08:06 +0000 2016","favourites_count":9,"utc_offset":-25200,"time_zone":"Pacific Time (US & Canada)","geo_enabled":false,"verified":false,"statuses_count":9,"lang":"ja","contributors_enabled":false,"is_translator":false,"is_translation_enabled":false,"profile_background_color":"F5F8FA","profile_background_image_url":null,"profile_background_image_url_https":null,"profile_background_tile":false,"profile_image_url":"http://pbs.twimg.com/profile_images/887507924628553728/X3lBMJNE_normal.jpg","profile_image_url_https":"https://pbs.twimg.com/profile_images/887507924628553728/X3lBMJNE_normal.jpg","profile_banner_url":"https://pbs.twimg.com/profile_banners/4754860940/1500437920","profile_link_color":"1DA1F2","profile_sidebar_border_color":"C0DEED","profile_sidebar_fill_color":"DDEEF6","profile_text_color":"333333","profile_use_background_image":true,"has_extended_profile":false,"default_profile":true,"default_profile_image":false,"following":false,"follow_request_sent":false,"notifications":false,"translator_type":"none"},"geo":null,"coordinates":null,"place":null,"contributors":null,"is_quote_status":false,"retweet_count":6410,"favorite_count":4461,"favorited":false,"retweeted":false,"lang":"ja"},{"created_at":"Wed Jul 19 03:12:55 +0000 2017","id":887510534500663300,"id_str":"887510534500663296","text":"【企画進行中】　\n『一番くじ アイドリッシュセブン～MECHANICAL LULLABY～』　\n11月発売の一番くじは、ロボットドール達の暮らす世界が舞台。衣裳と背景設定を一部公開。続報をお楽しみに！ #アイナナ https://t.co/JYkDL47gph","truncated":false,"entities":{"hashtags":[{"text":"アイナナ","indices":[101,106]}],"symbols":[],"user_mentions":[],"urls":[],"media":[{"id":887510521938706400,"id_str":"887510521938706432","indices":[107,130],"media_url":"http://pbs.twimg.com/media/DFESHhKUAAAEpj3.jpg","media_url_https":"https://pbs.twimg.com/media/DFESHhKUAAAEpj3.jpg","url":"https://t.co/JYkDL47gph","display_url":"pic.twitter.com/JYkDL47gph","expanded_url":"https://twitter.com/ichibanKUJI/status/887510534500663296/photo/1","type":"photo","sizes":{"medium":{"w":800,"h":600,"resize":"fit"},"small":{"w":680,"h":510,"resize":"fit"},"thumb":{"w":150,"h":150,"resize":"crop"},"large":{"w":800,"h":600,"resize":"fit"}}}]},"extended_entities":{"media":[{"id":887510521938706400,"id_str":"887510521938706432","indices":[107,130],"media_url":"http://pbs.twimg.com/media/DFESHhKUAAAEpj3.jpg","media_url_https":"https://pbs.twimg.com/media/DFESHhKUAAAEpj3.jpg","url":"https://t.co/JYkDL47gph","display_url":"pic.twitter.com/JYkDL47gph","expanded_url":"https://twitter.com/ichibanKUJI/status/887510534500663296/photo/1","type":"photo","sizes":{"medium":{"w":800,"h":600,"resize":"fit"},"small":{"w":680,"h":510,"resize":"fit"},"thumb":{"w":150,"h":150,"resize":"crop"},"large":{"w":800,"h":600,"resize":"fit"}}},{"id":887510531929546800,"id_str":"887510531929546752","indices":[107,130],"media_url":"http://pbs.twimg.com/media/DFESIGYUIAA9x_F.jpg","media_url_https":"https://pbs.twimg.com/media/DFESIGYUIAA9x_F.jpg","url":"https://t.co/JYkDL47gph","display_url":"pic.twitter.com/JYkDL47gph","expanded_url":"https://twitter.com/ichibanKUJI/status/887510534500663296/photo/1","type":"photo","sizes":{"medium":{"w":800,"h":600,"resize":"fit"},"small":{"w":680,"h":510,"resize":"fit"},"thumb":{"w":150,"h":150,"resize":"crop"},"large":{"w":800,"h":600,"resize":"fit"}}}]},"metadata":{"iso_language_code":"ja","result_type":"recent"},"source":"<a href=\"http://bpnavi.jp/\" rel=\"nofollow\">Banpresto Tweet Tool</a>","in_reply_to_status_id":null,"in_reply_to_status_id_str":null,"in_reply_to_user_id":null,"in_reply_to_user_id_str":null,"in_reply_to_screen_name":null,"user":{"id":91081573,"id_str":"91081573","name":"一番くじ","screen_name":"ichibanKUJI","location":"","description":"「一番くじ」の公式Twitterアカウントです。新商品情報やキャンペーン情報をお届けします！\nなお、個別のお問い合わせには対応しておりません。 Instagram⇒https://t.co/3wVhZITIMv","url":"http://t.co/leKFMK5Cqm","entities":{"url":{"urls":[{"url":"http://t.co/leKFMK5Cqm","expanded_url":"http://www.bpnavi.jp/kuji/","display_url":"bpnavi.jp/kuji/","indices":[0,22]}]},"description":{"urls":[{"url":"https://t.co/3wVhZITIMv","expanded_url":"https://www.instagram.com/ichibankuji/","display_url":"instagram.com/ichibankuji/","indices":[82,105]}]}},"protected":false,"followers_count":466138,"friends_count":12,"listed_count":4802,"created_at":"Thu Nov 19 11:03:10 +0000 2009","favourites_count":0,"utc_offset":32400,"time_zone":"Tokyo","geo_enabled":false,"verified":false,"statuses_count":10084,"lang":"ja","contributors_enabled":false,"is_translator":false,"is_translation_enabled":false,"profile_background_color":"F5030F","profile_background_image_url":"http://abs.twimg.com/images/themes/theme1/bg.png","profile_background_image_url_https":"https://abs.twimg.com/images/themes/theme1/bg.png","profile_background_tile":false,"profile_image_url":"http://pbs.twimg.com/profile_images/701926865154416640/kEH2dOrQ_normal.jpg","profile_image_url_https":"https://pbs.twimg.com/profile_images/701926865154416640/kEH2dOrQ_normal.jpg","profile_link_color":"F5030F","profile_sidebar_border_color":"F5030F","profile_sidebar_fill_color":"FFFFFF","profile_text_color":"575057","profile_use_background_image":false,"has_extended_profile":false,"default_profile":false,"default_profile_image":false,"following":false,"follow_request_sent":false,"notifications":false,"translator_type":"none"},"geo":null,"coordinates":null,"place":null,"contributors":null,"is_quote_status":false,"retweet_count":11190,"favorite_count":12682,"favorited":false,"retweeted":false,"possibly_sensitive":false,"lang":"ja"},{"created_at":"Wed Jul 19 03:09:32 +0000 2017","id":887509682251718700,"id_str":"887509682251718656","text":"【容疑認める】声優・上坂すみれに殺害予告した疑い、高専生逮捕\nhttps://t.co/nT0lPn2H2A\n\n2ちゃんねるに「絶対ぶっ殺す」などと書き込んだとされる。容疑者は上坂のファンで「20回ほど書き込んだ」と話しているとい… https://t.co/yYpjVYJzXf","truncated":true,"entities":{"hashtags":[],"symbols":[],"user_mentions":[],"urls":[{"url":"https://t.co/nT0lPn2H2A","expanded_url":"http://news.livedoor.com/article/detail/13356406/","display_url":"news.livedoor.com/article/detail…","indices":[31,54]},{"url":"https://t.co/yYpjVYJzXf","expanded_url":"https://twitter.com/i/web/status/887509682251718656","display_url":"twitter.com/i/web/status/8…","indices":[117,140]}]},"metadata":{"iso_language_code":"ja","result_type":"recent"},"source":"<a href=\"http://twitter.com\" rel=\"nofollow\">Twitter Web Client</a>","in_reply_to_status_id":null,"in_reply_to_status_id_str":null,"in_reply_to_user_id":null,"in_reply_to_user_id_str":null,"in_reply_to_screen_name":null,"user":{"id":17306975,"id_str":"17306975","name":"ライブドアニュース","screen_name":"livedoornews","location":"","description":"LINE →https://t.co/yhJO0o7Jns／FB → https://t.co/LHTCuyIEjr／インスタ／→https://t.co/SpmVgPtfCG","url":"http://t.co/Q4Bh3OCfgY","entities":{"url":{"urls":[{"url":"http://t.co/Q4Bh3OCfgY","expanded_url":"http://news.livedoor.com/","display_url":"news.livedoor.com","indices":[0,22]}]},"description":{"urls":[{"url":"https://t.co/yhJO0o7Jns","expanded_url":"http://goo.gl/upBgKP","display_url":"goo.gl/upBgKP","indices":[6,29]},{"url":"https://t.co/LHTCuyIEjr","expanded_url":"http://goo.gl/nDULhn","display_url":"goo.gl/nDULhn","indices":[35,58]},{"url":"https://t.co/SpmVgPtfCG","expanded_url":"http://goo.gl/cHGD9G","display_url":"goo.gl/cHGD9G","indices":[65,88]}]}},"protected":false,"followers_count":430746,"friends_count":88,"listed_count":6142,"created_at":"Tue Nov 11 09:56:31 +0000 2008","favourites_count":2609,"utc_offset":32400,"time_zone":"Tokyo","geo_enabled":false,"verified":true,"statuses_count":177039,"lang":"ja","contributors_enabled":false,"is_translator":false,"is_translation_enabled":false,"profile_background_color":"FFFFFF","profile_background_image_url":"http://pbs.twimg.com/profile_background_images/378800000085828060/4b07c1d868c917fb65a3d64a20904cd5.jpeg","profile_background_image_url_https":"https://pbs.twimg.com/profile_background_images/378800000085828060/4b07c1d868c917fb65a3d64a20904cd5.jpeg","profile_background_tile":false,"profile_image_url":"http://pbs.twimg.com/profile_images/875662964988166149/whdJTD2I_normal.jpg","profile_image_url_https":"https://pbs.twimg.com/profile_images/875662964988166149/whdJTD2I_normal.jpg","profile_link_color":"51ADD4","profile_sidebar_border_color":"FFFFFF","profile_sidebar_fill_color":"95E8EC","profile_text_color":"3C3940","profile_use_background_image":true,"has_extended_profile":false,"default_profile":false,"default_profile_image":false,"following":false,"follow_request_sent":false,"notifications":false,"translator_type":"none"},"geo":null,"coordinates":null,"place":null,"contributors":null,"is_quote_status":false,"retweet_count":6522,"favorite_count":3165,"favorited":false,"retweeted":false,"possibly_sensitive":false,"lang":"ja"},{"created_at":"Wed Jul 19 03:01:32 +0000 2017","id":887507670365724700,"id_str":"887507670365724672","text":"発売中の1stアルバム「真っ白なものは汚したくなる」収録楽曲 『月曜日の朝、スカートを切られた』のミュージックビデオを欅坂46 OFFICIAL YouTube CHANNELで公開しました❗️\n皆様ぜひご覧ください‼️\n#欅坂46\nhttps://t.co/JrPfFVjfFX","truncated":false,"entities":{"hashtags":[{"text":"欅坂46","indices":[111,116]}],"symbols":[],"user_mentions":[],"urls":[{"url":"https://t.co/JrPfFVjfFX","expanded_url":"https://youtu.be/j89r0SNk9hs","display_url":"youtu.be/j89r0SNk9hs","indices":[117,140]}]},"metadata":{"iso_language_code":"ja","result_type":"recent"},"source":"<a href=\"http://www.echofon.com/\" rel=\"nofollow\">Echofon</a>","in_reply_to_status_id":null,"in_reply_to_status_id_str":null,"in_reply_to_user_id":null,"in_reply_to_user_id_str":null,"in_reply_to_screen_name":null,"user":{"id":3433403638,"id_str":"3433403638","name":"欅坂46","screen_name":"keyakizaka46","location":"","description":"秋元康 総合プロデュース、乃木坂46に続く「坂道シリーズ」第2弾。2015年8月21日、乃木坂46結成から4年後の同じ日・同じ場所で結成。応募総数22,509名の中から選ばれたメンバーで2016年4月6日「サイレントマジョリティー」でデビュー!2017年7月19日1stアルバム「真っ白なものは汚したくなる」リリース予定","url":"https://t.co/Rpjth8X8lU","entities":{"url":{"urls":[{"url":"https://t.co/Rpjth8X8lU","expanded_url":"http://www.keyakizaka46.com/","display_url":"keyakizaka46.com","indices":[0,23]}]},"description":{"urls":[]}},"protected":false,"followers_count":435917,"friends_count":0,"listed_count":2161,"created_at":"Thu Aug 20 22:00:08 +0000 2015","favourites_count":0,"utc_offset":null,"time_zone":null,"geo_enabled":false,"verified":true,"statuses_count":942,"lang":"ja","contributors_enabled":false,"is_translator":false,"is_translation_enabled":false,"profile_background_color":"000000","profile_background_image_url":"http://abs.twimg.com/images/themes/theme1/bg.png","profile_background_image_url_https":"https://abs.twimg.com/images/themes/theme1/bg.png","profile_background_tile":false,"profile_image_url":"http://pbs.twimg.com/profile_images/875580356996415488/tN4jYZEL_normal.jpg","profile_image_url_https":"https://pbs.twimg.com/profile_images/875580356996415488/tN4jYZEL_normal.jpg","profile_banner_url":"https://pbs.twimg.com/profile_banners/3433403638/1450171390","profile_link_color":"5FB955","profile_sidebar_border_color":"000000","profile_sidebar_fill_color":"000000","profile_text_color":"000000","profile_use_background_image":false,"has_extended_profile":false,"default_profile":false,"default_profile_image":false,"following":false,"follow_request_sent":false,"notifications":false,"translator_type":"none"},"geo":null,"coordinates":null,"place":null,"contributors":null,"is_quote_status":false,"retweet_count":5685,"favorite_count":14345,"favorited":false,"retweeted":false,"possibly_sensitive":false,"lang":"ja"},{"created_at":"Wed Jul 19 03:00:13 +0000 2017","id":887507340399845400,"id_str":"887507340399845376","text":"CHUNITHM AIR PLUS\n-THE LAST EPISODE-\n\n来たる終焉の刻――\n\n　　2017 07.20\n\n#チュウニズムAIR https://t.co/kQ6zN52gI0 https://t.co/FMs2doqjDn","truncated":false,"entities":{"hashtags":[{"text":"チュウニズムAIR","indices":[63,73]}],"symbols":[],"user_mentions":[],"urls":[{"url":"https://t.co/kQ6zN52gI0","expanded_url":"http://info-chunithm.sega.jp/?p=1794","display_url":"info-chunithm.sega.jp/?p=1794","indices":[74,97]}],"media":[{"id":887505283089449000,"id_str":"887505283089448961","indices":[98,121],"media_url":"http://pbs.twimg.com/media/DFENWk7UQAEc52K.jpg","media_url_https":"https://pbs.twimg.com/media/DFENWk7UQAEc52K.jpg","url":"https://t.co/FMs2doqjDn","display_url":"pic.twitter.com/FMs2doqjDn","expanded_url":"https://twitter.com/chunithm/status/887507340399845376/photo/1","type":"photo","sizes":{"small":{"w":680,"h":481,"resize":"fit"},"large":{"w":1190,"h":842,"resize":"fit"},"medium":{"w":1190,"h":842,"resize":"fit"},"thumb":{"w":150,"h":150,"resize":"crop"}}}]},"extended_entities":{"media":[{"id":887505283089449000,"id_str":"887505283089448961","indices":[98,121],"media_url":"http://pbs.twimg.com/media/DFENWk7UQAEc52K.jpg","media_url_https":"https://pbs.twimg.com/media/DFENWk7UQAEc52K.jpg","url":"https://t.co/FMs2doqjDn","display_url":"pic.twitter.com/FMs2doqjDn","expanded_url":"https://twitter.com/chunithm/status/887507340399845376/photo/1","type":"photo","sizes":{"small":{"w":680,"h":481,"resize":"fit"},"large":{"w":1190,"h":842,"resize":"fit"},"medium":{"w":1190,"h":842,"resize":"fit"},"thumb":{"w":150,"h":150,"resize":"crop"}}}]},"metadata":{"iso_language_code":"ja","result_type":"recent"},"source":"<a href=\"http://twitter.com\" rel=\"nofollow\">Twitter Web Client</a>","in_reply_to_status_id":null,"in_reply_to_status_id_str":null,"in_reply_to_user_id":null,"in_reply_to_user_id_str":null,"in_reply_to_screen_name":null,"user":{"id":2903786371,"id_str":"2903786371","name":"チュウニズム公式@7/20新曲！","screen_name":"chunithm","location":"セガ・インタラクティブ","description":"maimaiチームが贈る、SEGA音楽ゲーム「CHUNITHM（チュウニズム）」の公式アカウントです。 ▼ご質問・ご要望はhttps://t.co/O5xajiruykまで▼個別のリプライにはお答えできません。▼不真面目アカウント→@performai ▼イロドリミドリ→@irodorimidori5","url":"https://t.co/Jn25bz0F63","entities":{"url":{"urls":[{"url":"https://t.co/Jn25bz0F63","expanded_url":"http://chunithm.sega.jp/","display_url":"chunithm.sega.jp","indices":[0,23]}]},"description":{"urls":[{"url":"https://t.co/O5xajiruyk","expanded_url":"http://sega.jp/contact/arcade/","display_url":"sega.jp/contact/arcade/","indices":[61,84]}]}},"protected":false,"followers_count":85286,"friends_count":161,"listed_count":1275,"created_at":"Tue Nov 18 15:12:08 +0000 2014","favourites_count":4,"utc_offset":32400,"time_zone":"Seoul","geo_enabled":false,"verified":false,"statuses_count":589,"lang":"ja","contributors_enabled":false,"is_translator":false,"is_translation_enabled":false,"profile_background_color":"FFCC4D","profile_background_image_url":"http://pbs.twimg.com/profile_background_images/535274052659605504/N-W0--vF.png","profile_background_image_url_https":"https://pbs.twimg.com/profile_background_images/535274052659605504/N-W0--vF.png","profile_background_tile":false,"profile_image_url":"http://pbs.twimg.com/profile_images/887114860357603328/3BntDB3b_normal.jpg","profile_image_url_https":"https://pbs.twimg.com/profile_images/887114860357603328/3BntDB3b_normal.jpg","profile_banner_url":"https://pbs.twimg.com/profile_banners/2903786371/1486602752","profile_link_color":"1B95E0","profile_sidebar_border_color":"FFFFFF","profile_sidebar_fill_color":"DDEEF6","profile_text_color":"333333","profile_use_background_image":true,"has_extended_profile":false,"default_profile":false,"default_profile_image":false,"following":false,"follow_request_sent":false,"notifications":false,"translator_type":"none"},"geo":null,"coordinates":null,"place":null,"contributors":null,"is_quote_status":false,"retweet_count":6236,"favorite_count":3922,"favorited":false,"retweeted":false,"possibly_sensitive":false,"lang":"ja"},{"created_at":"Wed Jul 19 03:00:04 +0000 2017","id":887507300683927600,"id_str":"887507300683927557","text":"＼✨その場で当たる✨／\nBOSSレボマン『今月のブレンドシリーズNo.5』が8/1新発売☕️\n\nフォロー＆RTでレボマンと #今月のレボマン No.4＆5飲み比べセットをプレゼント🎁\nhttps://t.co/Yek8JwuuwS https://t.co/aTAQJ96eAO","truncated":false,"entities":{"hashtags":[{"text":"今月のレボマン","indices":[62,70]}],"symbols":[],"user_mentions":[],"urls":[{"url":"https://t.co/Yek8JwuuwS","expanded_url":"https://goo.gl/5vaVcq","display_url":"goo.gl/5vaVcq","indices":[92,115]}],"media":[{"id":884330633794773000,"id_str":"884330633794772992","indices":[116,139],"media_url":"http://pbs.twimg.com/media/DEXHg0fVwAAWvCZ.jpg","media_url_https":"https://pbs.twimg.com/media/DEXHg0fVwAAWvCZ.jpg","url":"https://t.co/aTAQJ96eAO","display_url":"pic.twitter.com/aTAQJ96eAO","expanded_url":"https://twitter.com/suntory/status/887507300683927557/video/1","type":"photo","sizes":{"small":{"w":640,"h":360,"resize":"fit"},"large":{"w":640,"h":360,"resize":"fit"},"thumb":{"w":150,"h":150,"resize":"crop"},"medium":{"w":640,"h":360,"resize":"fit"}}}]},"extended_entities":{"media":[{"id":884330633794773000,"id_str":"884330633794772992","indices":[116,139],"media_url":"http://pbs.twimg.com/media/DEXHg0fVwAAWvCZ.jpg","media_url_https":"https://pbs.twimg.com/media/DEXHg0fVwAAWvCZ.jpg","url":"https://t.co/aTAQJ96eAO","display_url":"pic.twitter.com/aTAQJ96eAO","expanded_url":"https://twitter.com/suntory/status/887507300683927557/video/1","type":"video","sizes":{"small":{"w":640,"h":360,"resize":"fit"},"large":{"w":640,"h":360,"resize":"fit"},"thumb":{"w":150,"h":150,"resize":"crop"},"medium":{"w":640,"h":360,"resize":"fit"}},"video_info":{"aspect_ratio":[16,9],"duration_millis":27333,"variants":[{"bitrate":2176000,"content_type":"video/mp4","url":"https://video.twimg.com/amplify_video/884330633794772992/vid/1280x720/1Jj3hMErN2OJsz52.mp4"},{"bitrate":320000,"content_type":"video/mp4","url":"https://video.twimg.com/amplify_video/884330633794772992/vid/320x180/qosYjtnlB-BWus8p.mp4"},{"content_type":"application/x-mpegURL","url":"https://video.twimg.com/amplify_video/884330633794772992/pl/ezmVLkDthoktkFku.m3u8"},{"bitrate":832000,"content_type":"video/mp4","url":"https://video.twimg.com/amplify_video/884330633794772992/vid/640x360/RMD-tX_JKJIMqSyR.mp4"}]},"additional_media_info":{"title":"","description":"","embeddable":true,"monetizable":false}}]},"metadata":{"iso_language_code":"ja","result_type":"recent"},"source":"<a href=\"https://ads.twitter.com\" rel=\"nofollow\">Twitter Ads</a>","in_reply_to_status_id":null,"in_reply_to_status_id_str":null,"in_reply_to_user_id":null,"in_reply_to_user_id_str":null,"in_reply_to_screen_name":null,"user":{"id":133684052,"id_str":"133684052","name":"SUNTORY（サントリー）","screen_name":"suntory","location":"東京都港区台場","description":"サントリーの公式アカウントです。 フォローは20歳以上の方限定です。 ご利用規約はこちら→https://t.co/CPCVhjnk1c お問い合わせはこちら→https://t.co/yqpOzQ7Ntl","url":"https://t.co/CMlXK6EHXd","entities":{"url":{"urls":[{"url":"https://t.co/CMlXK6EHXd","expanded_url":"http://www.suntory.co.jp/","display_url":"suntory.co.jp","indices":[0,23]}]},"description":{"urls":[{"url":"https://t.co/CPCVhjnk1c","expanded_url":"http://goo.gl/jop0B3","display_url":"goo.gl/jop0B3","indices":[45,68]},{"url":"https://t.co/yqpOzQ7Ntl","expanded_url":"http://goo.gl/d5V6d","display_url":"goo.gl/d5V6d","indices":[80,103]}]}},"protected":false,"followers_count":549751,"friends_count":31,"listed_count":2208,"created_at":"Fri Apr 16 11:16:01 +0000 2010","favourites_count":194,"utc_offset":32400,"time_zone":"Tokyo","geo_enabled":false,"verified":true,"statuses_count":2166614,"lang":"ja","contributors_enabled":false,"is_translator":false,"is_translation_enabled":false,"profile_background_color":"C0DEED","profile_background_image_url":"http://pbs.twimg.com/profile_background_images/850861581/9a53622d4a718f61cbd952feae09820c.jpeg","profile_background_image_url_https":"https://pbs.twimg.com/profile_background_images/850861581/9a53622d4a718f61cbd952feae09820c.jpeg","profile_background_tile":false,"profile_image_url":"http://pbs.twimg.com/profile_images/3567001630/aed0e05a78467be3f08394e65f2aea93_normal.png","profile_image_url_https":"https://pbs.twimg.com/profile_images/3567001630/aed0e05a78467be3f08394e65f2aea93_normal.png","profile_banner_url":"https://pbs.twimg.com/profile_banners/133684052/1499217142","profile_link_color":"0084B4","profile_sidebar_border_color":"FFFFFF","profile_sidebar_fill_color":"DDEEF6","profile_text_color":"333333","profile_use_background_image":true,"has_extended_profile":false,"default_profile":false,"default_profile_image":false,"following":false,"follow_request_sent":false,"notifications":false,"translator_type":"regular"},"geo":null,"coordinates":null,"place":null,"contributors":null,"is_quote_status":false,"retweet_count":9955,"favorite_count":712,"favorited":false,"retweeted":false,"possibly_sensitive":false,"lang":"ja"},{"created_at":"Wed Jul 19 02:59:45 +0000 2017","id":887507220560085000,"id_str":"887507220560084992","text":"【News】キービジュアルを公開！\nまた、本日12：00よりチケットのプレリクエスト先行開始となります。\n詳細は公式HP（News、Schedule欄）にてご確認ください！！　https://t.co/klwUP6qcsz… https://t.co/uj6VK6SBaR","truncated":true,"entities":{"hashtags":[],"symbols":[],"user_mentions":[],"urls":[{"url":"https://t.co/klwUP6qcsz","expanded_url":"http://www.marv.jp/special/ensemble_stage/","display_url":"marv.jp/special/ensemb…","indices":[88,111]},{"url":"https://t.co/uj6VK6SBaR","expanded_url":"https://twitter.com/i/web/status/887507220560084992","display_url":"twitter.com/i/web/status/8…","indices":[113,136]}]},"metadata":{"iso_language_code":"ja","result_type":"recent"},"source":"<a href=\"http://twitter.com\" rel=\"nofollow\">Twitter Web Client</a>","in_reply_to_status_id":null,"in_reply_to_status_id_str":null,"in_reply_to_user_id":null,"in_reply_to_user_id_str":null,"in_reply_to_screen_name":null,"user":{"id":713225083829878800,"id_str":"713225083829878784","name":"『あんさんぶるスターズ！オン・ステージ』","screen_name":"ensemble_stage","location":"","description":"「あんさんぶるスターズ!」舞台化作品 『あんさんぶるスターズ！オン・ステージ』公式アカウントです。2017年9月最新作上演決定！ ※当アカウントへのお問い合わせにはお答えできません。#あんステ","url":"https://t.co/QuoGTcHopb","entities":{"url":{"urls":[{"url":"https://t.co/QuoGTcHopb","expanded_url":"http://www.marv.jp/special/ensemble_stage/","display_url":"marv.jp/special/ensemb…","indices":[0,23]}]},"description":{"urls":[]}},"protected":false,"followers_count":82053,"friends_count":71,"listed_count":1569,"created_at":"Fri Mar 25 04:44:45 +0000 2016","favourites_count":1,"utc_offset":32400,"time_zone":"Tokyo","geo_enabled":false,"verified":true,"statuses_count":790,"lang":"ja","contributors_enabled":false,"is_translator":false,"is_translation_enabled":false,"profile_background_color":"000000","profile_background_image_url":"http://abs.twimg.com/images/themes/theme1/bg.png","profile_background_image_url_https":"https://abs.twimg.com/images/themes/theme1/bg.png","profile_background_tile":false,"profile_image_url":"http://pbs.twimg.com/profile_images/875562408315465730/fG-gOfY5_normal.jpg","profile_image_url_https":"https://pbs.twimg.com/profile_images/875562408315465730/fG-gOfY5_normal.jpg","profile_banner_url":"https://pbs.twimg.com/profile_banners/713225083829878784/1496631655","profile_link_color":"91D2FA","profile_sidebar_border_color":"000000","profile_sidebar_fill_color":"000000","profile_text_color":"000000","profile_use_background_image":false,"has_extended_profile":false,"default_profile":false,"default_profile_image":false,"following":false,"follow_request_sent":false,"notifications":false,"translator_type":"none"},"geo":null,"coordinates":null,"place":null,"contributors":null,"is_quote_status":false,"retweet_count":13540,"favorite_count":17681,"favorited":false,"retweeted":false,"possibly_sensitive":false,"lang":"ja"},{"created_at":"Wed Jul 19 02:58:40 +0000 2017","id":887506947431321600,"id_str":"887506947431321600","text":"最悪マジで。 https://t.co/LyzaXwXa8v","truncated":false,"entities":{"hashtags":[],"symbols":[],"user_mentions":[],"urls":[],"media":[{"id":887506925276942300,"id_str":"887506925276942336","indices":[7,30],"media_url":"http://pbs.twimg.com/media/DFEO2KjU0AA6ksw.jpg","media_url_https":"https://pbs.twimg.com/media/DFEO2KjU0AA6ksw.jpg","url":"https://t.co/LyzaXwXa8v","display_url":"pic.twitter.com/LyzaXwXa8v","expanded_url":"https://twitter.com/shiohitoshi/status/887506947431321600/photo/1","type":"photo","sizes":{"medium":{"w":900,"h":1200,"resize":"fit"},"thumb":{"w":150,"h":150,"resize":"crop"},"large":{"w":1536,"h":2048,"resize":"fit"},"small":{"w":510,"h":680,"resize":"fit"}}}]},"extended_entities":{"media":[{"id":887506925276942300,"id_str":"887506925276942336","indices":[7,30],"media_url":"http://pbs.twimg.com/media/DFEO2KjU0AA6ksw.jpg","media_url_https":"https://pbs.twimg.com/media/DFEO2KjU0AA6ksw.jpg","url":"https://t.co/LyzaXwXa8v","display_url":"pic.twitter.com/LyzaXwXa8v","expanded_url":"https://twitter.com/shiohitoshi/status/887506947431321600/photo/1","type":"photo","sizes":{"medium":{"w":900,"h":1200,"resize":"fit"},"thumb":{"w":150,"h":150,"resize":"crop"},"large":{"w":1536,"h":2048,"resize":"fit"},"small":{"w":510,"h":680,"resize":"fit"}}},{"id":887506925276901400,"id_str":"887506925276901376","indices":[7,30],"media_url":"http://pbs.twimg.com/media/DFEO2KjUMAA-5Sa.jpg","media_url_https":"https://pbs.twimg.com/media/DFEO2KjUMAA-5Sa.jpg","url":"https://t.co/LyzaXwXa8v","display_url":"pic.twitter.com/LyzaXwXa8v","expanded_url":"https://twitter.com/shiohitoshi/status/887506947431321600/photo/1","type":"photo","sizes":{"medium":{"w":900,"h":1200,"resize":"fit"},"thumb":{"w":150,"h":150,"resize":"crop"},"large":{"w":1536,"h":2048,"resize":"fit"},"small":{"w":510,"h":680,"resize":"fit"}}}]},"metadata":{"iso_language_code":"ja","result_type":"recent"},"source":"<a href=\"http://twitter.com/download/iphone\" rel=\"nofollow\">Twitter for iPhone</a>","in_reply_to_status_id":null,"in_reply_to_status_id_str":null,"in_reply_to_user_id":null,"in_reply_to_user_id_str":null,"in_reply_to_screen_name":null,"user":{"id":409253387,"id_str":"409253387","name":"hzm","screen_name":"shiohitoshi","location":"","description":"tnz","url":null,"entities":{"description":{"urls":[]}},"protected":false,"followers_count":569,"friends_count":290,"listed_count":13,"created_at":"Thu Nov 10 13:47:21 +0000 2011","favourites_count":2290,"utc_offset":null,"time_zone":null,"geo_enabled":false,"verified":false,"statuses_count":5857,"lang":"ja","contributors_enabled":false,"is_translator":false,"is_translation_enabled":false,"profile_background_color":"C0DEED","profile_background_image_url":"http://abs.twimg.com/images/themes/theme1/bg.png","profile_background_image_url_https":"https://abs.twimg.com/images/themes/theme1/bg.png","profile_background_tile":false,"profile_image_url":"http://pbs.twimg.com/profile_images/819797626551836672/eygA87p2_normal.jpg","profile_image_url_https":"https://pbs.twimg.com/profile_images/819797626551836672/eygA87p2_normal.jpg","profile_banner_url":"https://pbs.twimg.com/profile_banners/409253387/1478799424","profile_link_color":"1DA1F2","profile_sidebar_border_color":"C0DEED","profile_sidebar_fill_color":"DDEEF6","profile_text_color":"333333","profile_use_background_image":true,"has_extended_profile":false,"default_profile":true,"default_profile_image":false,"following":false,"follow_request_sent":false,"notifications":false,"translator_type":"none"},"geo":null,"coordinates":null,"place":null,"contributors":null,"is_quote_status":false,"retweet_count":212350,"favorite_count":316161,"favorited":false,"retweeted":false,"possibly_sensitive":false,"lang":"ja"},{"created_at":"Wed Jul 19 02:25:10 +0000 2017","id":887498517316460500,"id_str":"887498517316460545","text":"伊藤千晃 ブログを更新しました。 『いつも応援してくださる皆様へ』\nhttps://t.co/iTWjxWRhrN\n#伊藤千晃\n#アメブロ","truncated":false,"entities":{"hashtags":[{"text":"伊藤千晃","indices":[58,63]},{"text":"アメブロ","indices":[64,69]}],"symbols":[],"user_mentions":[],"urls":[{"url":"https://t.co/iTWjxWRhrN","expanded_url":"http://ameblo.jp/chiakiki110/entry-12293948418.html?timestamp=1500431110","display_url":"ameblo.jp/chiakiki110/en…","indices":[34,57]}]},"metadata":{"iso_language_code":"ja","result_type":"recent"},"source":"<a href=\"http://www.apple.com\" rel=\"nofollow\">iOS</a>","in_reply_to_status_id":null,"in_reply_to_status_id_str":null,"in_reply_to_user_id":null,"in_reply_to_user_id_str":null,"in_reply_to_screen_name":null,"user":{"id":94533274,"id_str":"94533274","name":"伊藤千晃","screen_name":"chiakiki_ito","location":"","description":"伊藤千晃です☆https://t.co/Fq81gaVanK","url":"https://t.co/yJ189RmDVB","entities":{"url":{"urls":[{"url":"https://t.co/yJ189RmDVB","expanded_url":"http://avex.jp/itochiaki/","display_url":"avex.jp/itochiaki/","indices":[0,23]}]},"description":{"urls":[{"url":"https://t.co/Fq81gaVanK","expanded_url":"https://Instagram.com/kikichiaki/","display_url":"Instagram.com/kikichiaki/","indices":[7,30]}]}},"protected":false,"followers_count":843684,"friends_count":190,"listed_count":5321,"created_at":"Fri Dec 04 10:40:11 +0000 2009","favourites_count":30,"utc_offset":-36000,"time_zone":"Hawaii","geo_enabled":false,"verified":true,"statuses_count":7863,"lang":"ja","contributors_enabled":false,"is_translator":false,"is_translation_enabled":false,"profile_background_color":"C0DEED","profile_background_image_url":"http://abs.twimg.com/images/themes/theme1/bg.png","profile_background_image_url_https":"https://abs.twimg.com/images/themes/theme1/bg.png","profile_background_tile":false,"profile_image_url":"http://pbs.twimg.com/profile_images/847823842013659138/ppZhTaZq_normal.jpg","profile_image_url_https":"https://pbs.twimg.com/profile_images/847823842013659138/ppZhTaZq_normal.jpg","profile_link_color":"1DA1F2","profile_sidebar_border_color":"C0DEED","profile_sidebar_fill_color":"DDEEF6","profile_text_color":"333333","profile_use_background_image":true,"has_extended_profile":false,"default_profile":true,"default_profile_image":false,"following":false,"follow_request_sent":false,"notifications":false,"translator_type":"none"},"geo":null,"coordinates":null,"place":null,"contributors":null,"is_quote_status":false,"retweet_count":39412,"favorite_count":78929,"favorited":false,"retweeted":false,"possibly_sensitive":false,"lang":"ja"},{"created_at":"Wed Jul 19 02:20:47 +0000 2017","id":887497416538181600,"id_str":"887497416538181632","text":"正常に稼働してる為今後は自動ツイートとなります。\n前アカウントは凍結されてる為一からのスタートです。 https://t.co/SRoN1ZU0BD","truncated":false,"entities":{"hashtags":[],"symbols":[],"user_mentions":[],"urls":[],"media":[{"id":887497342970085400,"id_str":"887497342970085377","indices":[51,74],"media_url":"http://pbs.twimg.com/media/DFEGIZrVwAEakXn.jpg","media_url_https":"https://pbs.twimg.com/media/DFEGIZrVwAEakXn.jpg","url":"https://t.co/SRoN1ZU0BD","display_url":"pic.twitter.com/SRoN1ZU0BD","expanded_url":"https://twitter.com/5percent_Dorar/status/887497416538181632/photo/1","type":"photo","sizes":{"thumb":{"w":150,"h":150,"resize":"crop"},"medium":{"w":1200,"h":618,"resize":"fit"},"large":{"w":2048,"h":1054,"resize":"fit"},"small":{"w":680,"h":350,"resize":"fit"}}}]},"extended_entities":{"media":[{"id":887497342970085400,"id_str":"887497342970085377","indices":[51,74],"media_url":"http://pbs.twimg.com/media/DFEGIZrVwAEakXn.jpg","media_url_https":"https://pbs.twimg.com/media/DFEGIZrVwAEakXn.jpg","url":"https://t.co/SRoN1ZU0BD","display_url":"pic.twitter.com/SRoN1ZU0BD","expanded_url":"https://twitter.com/5percent_Dorar/status/887497416538181632/photo/1","type":"photo","sizes":{"thumb":{"w":150,"h":150,"resize":"crop"},"medium":{"w":1200,"h":618,"resize":"fit"},"large":{"w":2048,"h":1054,"resize":"fit"},"small":{"w":680,"h":350,"resize":"fit"}}},{"id":887497390600540200,"id_str":"887497390600540160","indices":[51,74],"media_url":"http://pbs.twimg.com/media/DFEGLLHU0AAbh2G.jpg","media_url_https":"https://pbs.twimg.com/media/DFEGLLHU0AAbh2G.jpg","url":"https://t.co/SRoN1ZU0BD","display_url":"pic.twitter.com/SRoN1ZU0BD","expanded_url":"https://twitter.com/5percent_Dorar/status/887497416538181632/photo/1","type":"photo","sizes":{"large":{"w":1199,"h":2048,"resize":"fit"},"thumb":{"w":150,"h":150,"resize":"crop"},"medium":{"w":703,"h":1200,"resize":"fit"},"small":{"w":398,"h":680,"resize":"fit"}}}]},"metadata":{"iso_language_code":"ja","result_type":"recent"},"source":"<a href=\"http://twitter.com/download/android\" rel=\"nofollow\">Twitter for Android</a>","in_reply_to_status_id":null,"in_reply_to_status_id_str":null,"in_reply_to_user_id":null,"in_reply_to_user_id_str":null,"in_reply_to_screen_name":null,"user":{"id":4754860940,"id_str":"4754860940","name":"5%の確率で性器を露出するドラえもん","screen_name":"5percent_Dorar","location":"","description":"ドラちゃんです。期間限定で1時間に一回秘密道具を出します。5%の確率で性器を露出します。 自動ツイート種類40種 現在のちんぽは2本です 現在ツイートに時間のズレがあります。修正中(7/19.11時復旧)","url":null,"entities":{"description":{"urls":[]}},"protected":false,"followers_count":14524,"friends_count":1,"listed_count":71,"created_at":"Wed Jan 13 21:08:06 +0000 2016","favourites_count":9,"utc_offset":-25200,"time_zone":"Pacific Time (US & Canada)","geo_enabled":false,"verified":false,"statuses_count":9,"lang":"ja","contributors_enabled":false,"is_translator":false,"is_translation_enabled":false,"profile_background_color":"F5F8FA","profile_background_image_url":null,"profile_background_image_url_https":null,"profile_background_tile":false,"profile_image_url":"http://pbs.twimg.com/profile_images/887507924628553728/X3lBMJNE_normal.jpg","profile_image_url_https":"https://pbs.twimg.com/profile_images/887507924628553728/X3lBMJNE_normal.jpg","profile_banner_url":"https://pbs.twimg.com/profile_banners/4754860940/1500437920","profile_link_color":"1DA1F2","profile_sidebar_border_color":"C0DEED","profile_sidebar_fill_color":"DDEEF6","profile_text_color":"333333","profile_use_background_image":true,"has_extended_profile":false,"default_profile":true,"default_profile_image":false,"following":false,"follow_request_sent":false,"notifications":false,"translator_type":"none"},"geo":null,"coordinates":null,"place":null,"contributors":null,"is_quote_status":false,"retweet_count":4977,"favorite_count":2884,"favorited":false,"retweeted":false,"possibly_sensitive":false,"lang":"ja"},{"created_at":"Wed Jul 19 02:20:26 +0000 2017","id":887497328235495400,"id_str":"887497328235495424","text":"伊藤千晃、第1子出産を発表＜コメント全文＞ #伊藤千晃 #出産 @chiakiki_ito 【ほか写真あり】\n\nhttps://t.co/kTRTSO6g26","truncated":false,"entities":{"hashtags":[{"text":"伊藤千晃","indices":[22,27]},{"text":"出産","indices":[28,31]}],"symbols":[],"user_mentions":[{"screen_name":"chiakiki_ito","name":"伊藤千晃","id":94533274,"id_str":"94533274","indices":[32,45]}],"urls":[{"url":"https://t.co/kTRTSO6g26","expanded_url":"https://mdpr.jp/news/1701545","display_url":"mdpr.jp/news/1701545","indices":[56,79]}]},"metadata":{"iso_language_code":"ja","result_type":"recent"},"source":"<a href=\"http://mdpr.jp\" rel=\"nofollow\">modelpress appl</a>","in_reply_to_status_id":null,"in_reply_to_status_id_str":null,"in_reply_to_user_id":null,"in_reply_to_user_id_str":null,"in_reply_to_screen_name":null,"user":{"id":142921471,"id_str":"142921471","name":"モデルプレス","screen_name":"modelpress","location":"TOKYO,JAPAN","description":"日本最大級の女性向けエンタメ＆ライフスタイルニュースサイト。ファッション、モデル、恋愛、ヘア、コスメ、ダイエット、ディズニー、カフェ、ドラマ、映画、音楽、海外セレブ、女子旅の最新情報をお届け","url":"https://t.co/5eMAE7fr2T","entities":{"url":{"urls":[{"url":"https://t.co/5eMAE7fr2T","expanded_url":"http://mdpr.jp/","display_url":"mdpr.jp","indices":[0,23]}]},"description":{"urls":[]}},"protected":false,"followers_count":1058754,"friends_count":168017,"listed_count":5241,"created_at":"Wed May 12 03:06:36 +0000 2010","favourites_count":8,"utc_offset":32400,"time_zone":"Tokyo","geo_enabled":true,"verified":true,"statuses_count":166704,"lang":"ja","contributors_enabled":false,"is_translator":false,"is_translation_enabled":false,"profile_background_color":"FAFAFA","profile_background_image_url":"http://abs.twimg.com/images/themes/theme15/bg.png","profile_background_image_url_https":"https://abs.twimg.com/images/themes/theme15/bg.png","profile_background_tile":false,"profile_image_url":"http://pbs.twimg.com/profile_images/876655035043545088/mH8EijPm_normal.jpg","profile_image_url_https":"https://pbs.twimg.com/profile_images/876655035043545088/mH8EijPm_normal.jpg","profile_banner_url":"https://pbs.twimg.com/profile_banners/142921471/1486948630","profile_link_color":"FA0A4E","profile_sidebar_border_color":"FFFFFF","profile_sidebar_fill_color":"000000","profile_text_color":"FFFFFF","profile_use_background_image":false,"has_extended_profile":false,"default_profile":false,"default_profile_image":false,"following":false,"follow_request_sent":false,"notifications":false,"translator_type":"none"},"geo":null,"coordinates":null,"place":null,"contributors":null,"is_quote_status":false,"retweet_count":4661,"favorite_count":13033,"favorited":false,"retweeted":false,"possibly_sensitive":false,"lang":"ja"},{"created_at":"Wed Jul 19 02:13:01 +0000 2017","id":887495462772592600,"id_str":"887495462772592640","text":"本日7/19（水）東京喰種 :re12巻 発売しております。\nコミックスの続きが明日のヤングジャンプで読める形になっております。確か\n\n書店特典はナツコミというのでなんかつくみたいです。（店舗によります）… https://t.co/LHoJRSjtD9","truncated":true,"entities":{"hashtags":[],"symbols":[],"user_mentions":[],"urls":[{"url":"https://t.co/LHoJRSjtD9","expanded_url":"https://twitter.com/i/web/status/887495462772592640","display_url":"twitter.com/i/web/status/8…","indices":[104,127]}]},"metadata":{"iso_language_code":"ja","result_type":"recent"},"source":"<a href=\"http://twitter.com\" rel=\"nofollow\">Twitter Web Client</a>","in_reply_to_status_id":null,"in_reply_to_status_id_str":null,"in_reply_to_user_id":null,"in_reply_to_user_id_str":null,"in_reply_to_screen_name":null,"user":{"id":159879404,"id_str":"159879404","name":"石田スイ","screen_name":"sotonami","location":"Japan fukuoka","description":"週刊ヤングジャンプで東京喰種を描いてます。こちらで先週分までのエピソードが読めます。https://t.co/Dri5hITldL","url":"https://t.co/0Og4KttIFx","entities":{"url":{"urls":[{"url":"https://t.co/0Og4KttIFx","expanded_url":"http://sui-zakki.tumblr.com","display_url":"sui-zakki.tumblr.com","indices":[0,23]}]},"description":{"urls":[{"url":"https://t.co/Dri5hITldL","expanded_url":"http://youngjump.jp/tokyoghoul/re/trial/","display_url":"youngjump.jp/tokyoghoul/re/…","indices":[42,65]}]}},"protected":false,"followers_count":927889,"friends_count":2217,"listed_count":5706,"created_at":"Sat Jun 26 15:24:43 +0000 2010","favourites_count":315,"utc_offset":32400,"time_zone":"Tokyo","geo_enabled":false,"verified":true,"statuses_count":5508,"lang":"ja","contributors_enabled":false,"is_translator":false,"is_translation_enabled":false,"profile_background_color":"000000","profile_background_image_url":"http://pbs.twimg.com/profile_background_images/584529602501947392/7ithyVGX.png","profile_background_image_url_https":"https://pbs.twimg.com/profile_background_images/584529602501947392/7ithyVGX.png","profile_background_tile":false,"profile_image_url":"http://pbs.twimg.com/profile_images/867128313084612612/fZAmjipM_normal.jpg","profile_image_url_https":"https://pbs.twimg.com/profile_images/867128313084612612/fZAmjipM_normal.jpg","profile_banner_url":"https://pbs.twimg.com/profile_banners/159879404/1495567238","profile_link_color":"767C6B","profile_sidebar_border_color":"000000","profile_sidebar_fill_color":"EFEFEF","profile_text_color":"333333","profile_use_background_image":true,"has_extended_profile":false,"default_profile":false,"default_profile_image":false,"following":false,"follow_request_sent":false,"notifications":false,"translator_type":"none"},"geo":null,"coordinates":null,"place":null,"contributors":null,"is_quote_status":false,"retweet_count":10286,"favorite_count":26022,"favorited":false,"retweeted":false,"possibly_sensitive":false,"lang":"ja"},{"created_at":"Wed Jul 19 02:00:50 +0000 2017","id":887492393519300600,"id_str":"887492393519300608","text":"今日発売の週刊少年サンデーに読み切り｢150キロの彼女｣載っけてもらってます\n爽やかラブコメです！若干暑苦しい内容かもしれません\nどうぞよろしくお願いしますm(_ _)m https://t.co/4UWYNRxgja","truncated":false,"entities":{"hashtags":[],"symbols":[],"user_mentions":[],"urls":[],"media":[{"id":887492342239731700,"id_str":"887492342239731712","indices":[86,109],"media_url":"http://pbs.twimg.com/media/DFEBlUgUIAAn0MO.jpg","media_url_https":"https://pbs.twimg.com/media/DFEBlUgUIAAn0MO.jpg","url":"https://t.co/4UWYNRxgja","display_url":"pic.twitter.com/4UWYNRxgja","expanded_url":"https://twitter.com/gomi_ik/status/887492393519300608/photo/1","type":"photo","sizes":{"small":{"w":452,"h":680,"resize":"fit"},"medium":{"w":681,"h":1024,"resize":"fit"},"thumb":{"w":150,"h":150,"resize":"crop"},"large":{"w":681,"h":1024,"resize":"fit"}}}]},"extended_entities":{"media":[{"id":887492342239731700,"id_str":"887492342239731712","indices":[86,109],"media_url":"http://pbs.twimg.com/media/DFEBlUgUIAAn0MO.jpg","media_url_https":"https://pbs.twimg.com/media/DFEBlUgUIAAn0MO.jpg","url":"https://t.co/4UWYNRxgja","display_url":"pic.twitter.com/4UWYNRxgja","expanded_url":"https://twitter.com/gomi_ik/status/887492393519300608/photo/1","type":"photo","sizes":{"small":{"w":452,"h":680,"resize":"fit"},"medium":{"w":681,"h":1024,"resize":"fit"},"thumb":{"w":150,"h":150,"resize":"crop"},"large":{"w":681,"h":1024,"resize":"fit"}}},{"id":887492354164236300,"id_str":"887492354164236288","indices":[86,109],"media_url":"http://pbs.twimg.com/media/DFEBmA7VoAA775S.jpg","media_url_https":"https://pbs.twimg.com/media/DFEBmA7VoAA775S.jpg","url":"https://t.co/4UWYNRxgja","display_url":"pic.twitter.com/4UWYNRxgja","expanded_url":"https://twitter.com/gomi_ik/status/887492393519300608/photo/1","type":"photo","sizes":{"thumb":{"w":150,"h":150,"resize":"crop"},"small":{"w":478,"h":680,"resize":"fit"},"large":{"w":720,"h":1024,"resize":"fit"},"medium":{"w":720,"h":1024,"resize":"fit"}}},{"id":887492362741600300,"id_str":"887492362741600256","indices":[86,109],"media_url":"http://pbs.twimg.com/media/DFEBmg4V0AAa6EF.jpg","media_url_https":"https://pbs.twimg.com/media/DFEBmg4V0AAa6EF.jpg","url":"https://t.co/4UWYNRxgja","display_url":"pic.twitter.com/4UWYNRxgja","expanded_url":"https://twitter.com/gomi_ik/status/887492393519300608/photo/1","type":"photo","sizes":{"large":{"w":737,"h":1024,"resize":"fit"},"medium":{"w":737,"h":1024,"resize":"fit"},"small":{"w":489,"h":680,"resize":"fit"},"thumb":{"w":150,"h":150,"resize":"crop"}}},{"id":887492376733786100,"id_str":"887492376733786112","indices":[86,109],"media_url":"http://pbs.twimg.com/media/DFEBnVAVoAArSqy.jpg","media_url_https":"https://pbs.twimg.com/media/DFEBnVAVoAArSqy.jpg","url":"https://t.co/4UWYNRxgja","display_url":"pic.twitter.com/4UWYNRxgja","expanded_url":"https://twitter.com/gomi_ik/status/887492393519300608/photo/1","type":"photo","sizes":{"thumb":{"w":150,"h":150,"resize":"crop"},"small":{"w":481,"h":680,"resize":"fit"},"medium":{"w":849,"h":1200,"resize":"fit"},"large":{"w":1169,"h":1653,"resize":"fit"}}}]},"metadata":{"iso_language_code":"ja","result_type":"recent"},"source":"<a href=\"http://twitter.com/download/android\" rel=\"nofollow\">Twitter for Android</a>","in_reply_to_status_id":null,"in_reply_to_status_id_str":null,"in_reply_to_user_id":null,"in_reply_to_user_id_str":null,"in_reply_to_screen_name":null,"user":{"id":705677820387700700,"id_str":"705677820387700736","name":"小春","screen_name":"gomi_ik","location":"","description":"ギャルと殺し屋とNLが好き♥ よろしくお願いします！","url":null,"entities":{"description":{"urls":[]}},"protected":false,"followers_count":35532,"friends_count":150,"listed_count":447,"created_at":"Fri Mar 04 08:54:38 +0000 2016","favourites_count":3183,"utc_offset":-25200,"time_zone":"Pacific Time (US & Canada)","geo_enabled":false,"verified":false,"statuses_count":2516,"lang":"ja","contributors_enabled":false,"is_translator":false,"is_translation_enabled":false,"profile_background_color":"000000","profile_background_image_url":"http://abs.twimg.com/images/themes/theme1/bg.png","profile_background_image_url_https":"https://abs.twimg.com/images/themes/theme1/bg.png","profile_background_tile":false,"profile_image_url":"http://pbs.twimg.com/profile_images/863429058675089408/y2XmL5dY_normal.jpg","profile_image_url_https":"https://pbs.twimg.com/profile_images/863429058675089408/y2XmL5dY_normal.jpg","profile_banner_url":"https://pbs.twimg.com/profile_banners/705677820387700736/1489257389","profile_link_color":"ABB8C2","profile_sidebar_border_color":"000000","profile_sidebar_fill_color":"000000","profile_text_color":"000000","profile_use_background_image":false,"has_extended_profile":false,"default_profile":false,"default_profile_image":false,"following":false,"follow_request_sent":false,"notifications":false,"translator_type":"none"},"geo":null,"coordinates":null,"place":null,"contributors":null,"is_quote_status":false,"retweet_count":8328,"favorite_count":10744,"favorited":false,"retweeted":false,"possibly_sensitive":false,"lang":"ja"},{"created_at":"Wed Jul 19 02:00:05 +0000 2017","id":887492206470115300,"id_str":"887492206470115329","text":"＼暑い！と思ったらRT／\n #暑い日には瞬冷辛口 !締切は７/２０午前９時５９分まで！\n\n① @asahibeer_jpをフォロー\n②この投稿をリツイート\n⇒https://t.co/fXA7CkKa6s https://t.co/rCU6nR3jAD","truncated":false,"entities":{"hashtags":[{"text":"暑い日には瞬冷辛口","indices":[14,24]}],"symbols":[],"user_mentions":[{"screen_name":"asahibeer_jp","name":"アサヒビール ASAHIBEER","id":561669474,"id_str":"561669474","indices":[47,60]}],"urls":[{"url":"https://t.co/fXA7CkKa6s","expanded_url":"http://ab-fb.jp/c4bfe","display_url":"ab-fb.jp/c4bfe","indices":[79,102]}],"media":[{"id":887492203487952900,"id_str":"887492203487952896","indices":[103,126],"media_url":"http://pbs.twimg.com/media/DFEBdPnUAAAWXSM.jpg","media_url_https":"https://pbs.twimg.com/media/DFEBdPnUAAAWXSM.jpg","url":"https://t.co/rCU6nR3jAD","display_url":"pic.twitter.com/rCU6nR3jAD","expanded_url":"https://twitter.com/asahibeer_jp/status/887492206470115329/photo/1","type":"photo","sizes":{"medium":{"w":800,"h":450,"resize":"fit"},"large":{"w":800,"h":450,"resize":"fit"},"small":{"w":680,"h":383,"resize":"fit"},"thumb":{"w":150,"h":150,"resize":"crop"}}}]},"extended_entities":{"media":[{"id":887492203487952900,"id_str":"887492203487952896","indices":[103,126],"media_url":"http://pbs.twimg.com/media/DFEBdPnUAAAWXSM.jpg","media_url_https":"https://pbs.twimg.com/media/DFEBdPnUAAAWXSM.jpg","url":"https://t.co/rCU6nR3jAD","display_url":"pic.twitter.com/rCU6nR3jAD","expanded_url":"https://twitter.com/asahibeer_jp/status/887492206470115329/photo/1","type":"photo","sizes":{"medium":{"w":800,"h":450,"resize":"fit"},"large":{"w":800,"h":450,"resize":"fit"},"small":{"w":680,"h":383,"resize":"fit"},"thumb":{"w":150,"h":150,"resize":"crop"}}}]},"metadata":{"iso_language_code":"ja","result_type":"recent"},"source":"<a href=\"http://engagemanager.tribalmedia.co.jp/\" rel=\"nofollow\">EngageManager</a>","in_reply_to_status_id":null,"in_reply_to_status_id_str":null,"in_reply_to_user_id":null,"in_reply_to_user_id_str":null,"in_reply_to_screen_name":null,"user":{"id":561669474,"id_str":"561669474","name":"アサヒビール ASAHIBEER","screen_name":"asahibeer_jp","location":"","description":"アサヒビール公式です！飲酒は20歳になってから。飲酒運転は法律で禁止されています。フォローは20歳以上の方限定です。 【ご利用規約】https://t.co/87vTVzXt5G【お問い合わせ】https://t.co/2cgJAsil8T","url":"http://t.co/JKM5mqm9OI","entities":{"url":{"urls":[{"url":"http://t.co/JKM5mqm9OI","expanded_url":"http://www.asahibeer.co.jp/","display_url":"asahibeer.co.jp","indices":[0,22]}]},"description":{"urls":[{"url":"https://t.co/87vTVzXt5G","expanded_url":"https://goo.gl/LxiI3c","display_url":"goo.gl/LxiI3c","indices":[66,89]},{"url":"https://t.co/2cgJAsil8T","expanded_url":"https://goo.gl/aOceCQ","display_url":"goo.gl/aOceCQ","indices":[97,120]}]}},"protected":false,"followers_count":616350,"friends_count":30,"listed_count":1436,"created_at":"Tue Apr 24 00:28:13 +0000 2012","favourites_count":1,"utc_offset":32400,"time_zone":"Tokyo","geo_enabled":false,"verified":true,"statuses_count":631335,"lang":"ja","contributors_enabled":false,"is_translator":false,"is_translation_enabled":false,"profile_background_color":"FFFFFF","profile_background_image_url":"http://pbs.twimg.com/profile_background_images/378800000182351567/6y9isvcT.jpeg","profile_background_image_url_https":"https://pbs.twimg.com/profile_background_images/378800000182351567/6y9isvcT.jpeg","profile_background_tile":false,"profile_image_url":"http://pbs.twimg.com/profile_images/551878698152914944/JwmVmkeK_normal.png","profile_image_url_https":"https://pbs.twimg.com/profile_images/551878698152914944/JwmVmkeK_normal.png","profile_banner_url":"https://pbs.twimg.com/profile_banners/561669474/1496216924","profile_link_color":"0084B4","profile_sidebar_border_color":"FFFFFF","profile_sidebar_fill_color":"DDEEF6","profile_text_color":"333333","profile_use_background_image":true,"has_extended_profile":false,"default_profile":false,"default_profile_image":false,"following":false,"follow_request_sent":false,"notifications":false,"translator_type":"none"},"geo":null,"coordinates":null,"place":null,"contributors":null,"is_quote_status":false,"retweet_count":8993,"favorite_count":755,"favorited":false,"retweeted":false,"possibly_sensitive":false,"lang":"ja"}],"search_metadata":{"completed_in":0.724,"max_id":887559179845500900,"max_id_str":"887559179845500928","next_results":"?max_id=887492206470115328&q=lang%3Aja%20min_retweets%3A5000&include_entities=1","query":"lang%3Aja+min_retweets%3A5000","refresh_url":"?since_id=887559179845500928&q=lang%3Aja%20min_retweets%3A5000&include_entities=1","count":15,"since_id":0,"since_id_str":"0"}}