{"statuses":[{"created_at":"Wed Jul 19 08:16:47 +0000 2017","id":887587007152570400,"id_str":"887587007152570369","text":"かわいい文字だけどうざ絡みの効果倍増\n\n（まふさかのLINE） https://t.co/thrHAvkfdK","truncated":false,"entities":{"hashtags":[],"symbols":[],"user_mentions":[],"urls":[],"media":[{"id":887586999451787300,"id_str":"887586999451787264","indices":[32,55],"media_url":"http://pbs.twimg.com/media/DFFXrGGUIAAs6Tt.jpg","media_url_https":"https://pbs.twimg.com/media/DFFXrGGUIAAs6Tt.jpg","url":"https://t.co/thrHAvkfdK","display_url":"pic.twitter.com/thrHAvkfdK","expanded_url":"https://twitter.com/uni_mafumafu/status/887587007152570369/photo/1","type":"photo","sizes":{"large":{"w":750,"h":1334,"resize":"fit"},"medium":{"w":675,"h":1200,"resize":"fit"},"thumb":{"w":150,"h":150,"resize":"crop"},"small":{"w":382,"h":680,"resize":"fit"}}}]},"extended_entities":{"media":[{"id":887586999451787300,"id_str":"887586999451787264","indices":[32,55],"media_url":"http://pbs.twimg.com/media/DFFXrGGUIAAs6Tt.jpg","media_url_https":"https://pbs.twimg.com/media/DFFXrGGUIAAs6Tt.jpg","url":"https://t.co/thrHAvkfdK","display_url":"pic.twitter.com/thrHAvkfdK","expanded_url":"https://twitter.com/uni_mafumafu/status/887587007152570369/photo/1","type":"photo","sizes":{"large":{"w":750,"h":1334,"resize":"fit"},"medium":{"w":675,"h":1200,"resize":"fit"},"thumb":{"w":150,"h":150,"resize":"crop"},"small":{"w":382,"h":680,"resize":"fit"}}}]},"metadata":{"iso_language_code":"ja","result_type":"recent"},"source":"<a href=\"http://twitter.com/download/iphone\" rel=\"nofollow\">Twitter for iPhone</a>","in_reply_to_status_id":null,"in_reply_to_status_id_str":null,"in_reply_to_user_id":null,"in_reply_to_user_id_str":null,"in_reply_to_screen_name":null,"user":{"id":268758461,"id_str":"268758461","name":"まふまふ＠何でも屋さん","screen_name":"uni_mafumafu","location":"夢の中","description":"何でも屋です。ねむり　歌 / 作詞作曲 / 編曲　After the Rain、オリコンウィークリー２位獲得しました　まふてる⇒(@uni_mafuteru) ニコニコ動画 https://t.co/9XtigvFrOE  Youtube https://t.co/QoUG6At4z2","url":"https://t.co/cSdsbyhY3S","entities":{"url":{"urls":[{"url":"https://t.co/cSdsbyhY3S","expanded_url":"http://uni-mafumafu.jp/","display_url":"uni-mafumafu.jp","indices":[0,23]}]},"description":{"urls":[{"url":"https://t.co/9XtigvFrOE","expanded_url":"http://goo.gl/UQU30u","display_url":"goo.gl/UQU30u","indices":[87,110]},{"url":"https://t.co/QoUG6At4z2","expanded_url":"http://youtube.com/c/uni_mafumafu","display_url":"youtube.com/c/uni_mafumafu","indices":[120,143]}]}},"protected":false,"followers_count":856648,"friends_count":427,"listed_count":9335,"created_at":"Sat Mar 19 12:05:43 +0000 2011","favourites_count":2181,"utc_offset":null,"time_zone":null,"geo_enabled":false,"verified":true,"statuses_count":51676,"lang":"ja","contributors_enabled":false,"is_translator":false,"is_translation_enabled":false,"profile_background_color":"131516","profile_background_image_url":"http://pbs.twimg.com/profile_background_images/489831337700777985/V9q5tR8K.png","profile_background_image_url_https":"https://pbs.twimg.com/profile_background_images/489831337700777985/V9q5tR8K.png","profile_background_tile":false,"profile_image_url":"http://pbs.twimg.com/profile_images/852817717774004225/yyRc5caq_normal.jpg","profile_image_url_https":"https://pbs.twimg.com/profile_images/852817717774004225/yyRc5caq_normal.jpg","profile_banner_url":"https://pbs.twimg.com/profile_banners/268758461/1464252254","profile_link_color":"009999","profile_sidebar_border_color":"FFFFFF","profile_sidebar_fill_color":"252429","profile_text_color":"666666","profile_use_background_image":true,"has_extended_profile":false,"default_profile":false,"default_profile_image":false,"following":false,"follow_request_sent":false,"notifications":false,"translator_type":"none"},"geo":null,"coordinates":null,"place":null,"contributors":null,"is_quote_status":false,"retweet_count":5383,"favorite_count":19836,"favorited":false,"retweeted":false,"possibly_sensitive":false,"lang":"ja"},{"created_at":"Wed Jul 19 07:22:45 +0000 2017","id":887573409449754600,"id_str":"887573409449754624","text":"【公式サイトにて】声優・浪川大輔が不倫報道で謝罪\nhttps://t.co/0HUnBhuAlJ\n\n「私事にてお騒がせいたしまして、申し訳ございません」と謝罪。「皆様方からの信頼回復に向けて、今後もより一層精進してまいります」とし… https://t.co/3p5LEbHPku","truncated":true,"entities":{"hashtags":[],"symbols":[],"user_mentions":[],"urls":[{"url":"https://t.co/0HUnBhuAlJ","expanded_url":"http://news.livedoor.com/article/detail/13357593/","display_url":"news.livedoor.com/article/detail…","indices":[25,48]},{"url":"https://t.co/3p5LEbHPku","expanded_url":"https://twitter.com/i/web/status/887573409449754624","display_url":"twitter.com/i/web/status/8…","indices":[117,140]}]},"metadata":{"iso_language_code":"ja","result_type":"recent"},"source":"<a href=\"http://twitter.com\" rel=\"nofollow\">Twitter Web Client</a>","in_reply_to_status_id":null,"in_reply_to_status_id_str":null,"in_reply_to_user_id":null,"in_reply_to_user_id_str":null,"in_reply_to_screen_name":null,"user":{"id":17306975,"id_str":"17306975","name":"ライブドアニュース","screen_name":"livedoornews","location":"","description":"LINE →https://t.co/yhJO0o7Jns／FB → https://t.co/LHTCuyIEjr／インスタ／→https://t.co/SpmVgPtfCG","url":"http://t.co/Q4Bh3OCfgY","entities":{"url":{"urls":[{"url":"http://t.co/Q4Bh3OCfgY","expanded_url":"http://news.livedoor.com/","display_url":"news.livedoor.com","indices":[0,22]}]},"description":{"urls":[{"url":"https://t.co/yhJO0o7Jns","expanded_url":"http://goo.gl/upBgKP","display_url":"goo.gl/upBgKP","indices":[6,29]},{"url":"https://t.co/LHTCuyIEjr","expanded_url":"http://goo.gl/nDULhn","display_url":"goo.gl/nDULhn","indices":[35,58]},{"url":"https://t.co/SpmVgPtfCG","expanded_url":"http://goo.gl/cHGD9G","display_url":"goo.gl/cHGD9G","indices":[65,88]}]}},"protected":false,"followers_count":430835,"friends_count":88,"listed_count":6142,"created_at":"Tue Nov 11 09:56:31 +0000 2008","favourites_count":2609,"utc_offset":32400,"time_zone":"Tokyo","geo_enabled":false,"verified":true,"statuses_count":177044,"lang":"ja","contributors_enabled":false,"is_translator":false,"is_translation_enabled":false,"profile_background_color":"FFFFFF","profile_background_image_url":"http://pbs.twimg.com/profile_background_images/378800000085828060/4b07c1d868c917fb65a3d64a20904cd5.jpeg","profile_background_image_url_https":"https://pbs.twimg.com/profile_background_images/378800000085828060/4b07c1d868c917fb65a3d64a20904cd5.jpeg","profile_background_tile":false,"profile_image_url":"http://pbs.twimg.com/profile_images/875662964988166149/whdJTD2I_normal.jpg","profile_image_url_https":"https://pbs.twimg.com/profile_images/875662964988166149/whdJTD2I_normal.jpg","profile_link_color":"51ADD4","profile_sidebar_border_color":"FFFFFF","profile_sidebar_fill_color":"95E8EC","profile_text_color":"3C3940","profile_use_background_image":true,"has_extended_profile":false,"default_profile":false,"default_profile_image":false,"following":false,"follow_request_sent":false,"notifications":false,"translator_type":"none"},"geo":null,"coordinates":null,"place":null,"contributors":null,"is_quote_status":false,"retweet_count":7021,"favorite_count":3492,"favorited":false,"retweeted":false,"possibly_sensitive":false,"lang":"ja"},{"created_at":"Wed Jul 19 06:26:13 +0000 2017","id":887559179845500900,"id_str":"887559179845500928","text":"7月19日 15:00より、「レガシーMASTER+」モードを追加しました！\n過去のイベントでMASTER+が登場している楽曲を、イベント開催当時のリズムアイコン配置でプレイできます。\n#デレステ https://t.co/qabnzW8GAZ","truncated":false,"entities":{"hashtags":[{"text":"デレステ","indices":[93,98]}],"symbols":[],"user_mentions":[],"urls":[],"media":[{"id":887559175454076900,"id_str":"887559175454076928","indices":[99,122],"media_url":"http://pbs.twimg.com/media/DFE-XhoUMAA1Rpz.jpg","media_url_https":"https://pbs.twimg.com/media/DFE-XhoUMAA1Rpz.jpg","url":"https://t.co/qabnzW8GAZ","display_url":"pic.twitter.com/qabnzW8GAZ","expanded_url":"https://twitter.com/imascg_stage/status/887559179845500928/photo/1","type":"photo","sizes":{"medium":{"w":1024,"h":640,"resize":"fit"},"small":{"w":680,"h":425,"resize":"fit"},"thumb":{"w":150,"h":150,"resize":"crop"},"large":{"w":1024,"h":640,"resize":"fit"}}}]},"extended_entities":{"media":[{"id":887559175454076900,"id_str":"887559175454076928","indices":[99,122],"media_url":"http://pbs.twimg.com/media/DFE-XhoUMAA1Rpz.jpg","media_url_https":"https://pbs.twimg.com/media/DFE-XhoUMAA1Rpz.jpg","url":"https://t.co/qabnzW8GAZ","display_url":"pic.twitter.com/qabnzW8GAZ","expanded_url":"https://twitter.com/imascg_stage/status/887559179845500928/photo/1","type":"photo","sizes":{"medium":{"w":1024,"h":640,"resize":"fit"},"small":{"w":680,"h":425,"resize":"fit"},"thumb":{"w":150,"h":150,"resize":"crop"},"large":{"w":1024,"h":640,"resize":"fit"}}}]},"metadata":{"iso_language_code":"ja","result_type":"recent"},"source":"<a href=\"http://engagemanager.tribalmedia.co.jp/\" rel=\"nofollow\">EngageManager</a>","in_reply_to_status_id":null,"in_reply_to_status_id_str":null,"in_reply_to_user_id":null,"in_reply_to_user_id_str":null,"in_reply_to_screen_name":null,"user":{"id":3220191374,"id_str":"3220191374","name":"スターライトステージ","screen_name":"imascg_stage","location":"","description":"「アイドルマスター シンデレラガールズ スターライトステージ」公式アカウントです。※お客様からの個別のメッセージなどは、Twitter上ではご返答できかねますのでご了承下さい。 #デレステ Android:http://t.co/PfCtF9Biv4       iOS:http://t.co/0zb47ZumGb","url":"http://t.co/7REykaZIlX","entities":{"url":{"urls":[{"url":"http://t.co/7REykaZIlX","expanded_url":"http://cinderella.idolmaster.jp/sl-stage/","display_url":"cinderella.idolmaster.jp/sl-stage/","indices":[0,22]}]},"description":{"urls":[{"url":"http://t.co/PfCtF9Biv4","expanded_url":"http://eng.mg/8d0ca","display_url":"eng.mg/8d0ca","indices":[103,125]},{"url":"http://t.co/0zb47ZumGb","expanded_url":"http://eng.mg/a0f68","display_url":"eng.mg/a0f68","indices":[136,158]}]}},"protected":false,"followers_count":459113,"friends_count":7,"listed_count":7178,"created_at":"Tue May 19 09:34:46 +0000 2015","favourites_count":0,"utc_offset":32400,"time_zone":"Tokyo","geo_enabled":false,"verified":true,"statuses_count":1101,"lang":"ja","contributors_enabled":false,"is_translator":false,"is_translation_enabled":false,"profile_background_color":"000000","profile_background_image_url":"http://abs.twimg.com/images/themes/theme1/bg.png","profile_background_image_url_https":"https://abs.twimg.com/images/themes/theme1/bg.png","profile_background_tile":false,"profile_image_url":"http://pbs.twimg.com/profile_images/875515457364557825/zzJa2735_normal.jpg","profile_image_url_https":"https://pbs.twimg.com/profile_images/875515457364557825/zzJa2735_normal.jpg","profile_banner_url":"https://pbs.twimg.com/profile_banners/3220191374/1484740896","profile_link_color":"89C9FA","profile_sidebar_border_color":"000000","profile_sidebar_fill_color":"000000","profile_text_color":"000000","profile_use_background_image":false,"has_extended_profile":false,"default_profile":false,"default_profile_image":false,"following":false,"follow_request_sent":false,"notifications":false,"translator_type":"none"},"geo":null,"coordinates":null,"place":null,"contributors":null,"is_quote_status":false,"retweet_count":10175,"favorite_count":8521,"favorited":false,"retweeted":false,"possibly_sensitive":false,"lang":"ja"},{"created_at":"Wed Jul 19 06:05:55 +0000 2017","id":887554073121046500,"id_str":"887554073121046530","text":"今回初開催のチャレンジライブイベント「つぼみ開く時」が開催決定！7月21日15:00より開始予定です。お楽しみに♪\n\n※「チャレンジライブイベント」の詳細は、お知らせをご確認ください。\n#バンドリ #ガルパ https://t.co/shcV6JT43v","truncated":false,"entities":{"hashtags":[{"text":"バンドリ","indices":[93,98]},{"text":"ガルパ","indices":[99,103]}],"symbols":[],"user_mentions":[],"urls":[],"media":[{"id":887553265994408000,"id_str":"887553265994407936","indices":[104,127],"media_url":"http://pbs.twimg.com/media/DFE4_jLVoAA90if.jpg","media_url_https":"https://pbs.twimg.com/media/DFE4_jLVoAA90if.jpg","url":"https://t.co/shcV6JT43v","display_url":"pic.twitter.com/shcV6JT43v","expanded_url":"https://twitter.com/bang_dream_gbp/status/887554073121046530/photo/1","type":"photo","sizes":{"large":{"w":840,"h":280,"resize":"fit"},"small":{"w":680,"h":227,"resize":"fit"},"thumb":{"w":150,"h":150,"resize":"crop"},"medium":{"w":840,"h":280,"resize":"fit"}}}]},"extended_entities":{"media":[{"id":887553265994408000,"id_str":"887553265994407936","indices":[104,127],"media_url":"http://pbs.twimg.com/media/DFE4_jLVoAA90if.jpg","media_url_https":"https://pbs.twimg.com/media/DFE4_jLVoAA90if.jpg","url":"https://t.co/shcV6JT43v","display_url":"pic.twitter.com/shcV6JT43v","expanded_url":"https://twitter.com/bang_dream_gbp/status/887554073121046530/photo/1","type":"photo","sizes":{"large":{"w":840,"h":280,"resize":"fit"},"small":{"w":680,"h":227,"resize":"fit"},"thumb":{"w":150,"h":150,"resize":"crop"},"medium":{"w":840,"h":280,"resize":"fit"}}}]},"metadata":{"iso_language_code":"ja","result_type":"recent"},"source":"<a href=\"http://twitter.com\" rel=\"nofollow\">Twitter Web Client</a>","in_reply_to_status_id":null,"in_reply_to_status_id_str":null,"in_reply_to_user_id":null,"in_reply_to_user_id_str":null,"in_reply_to_screen_name":null,"user":{"id":775280864674525200,"id_str":"775280864674525184","name":"バンドリ！ ガールズバンドパーティ！","screen_name":"bang_dream_gbp","location":"","description":"スマートフォン向けゲーム「バンドリ！ ガールズバンドパーティ！」（#ガルパ）の公式アカウントです。※お問い合わせやメッセージへは返答できかねます。ご了承下さい。　　　　　　　　　　　　\niOS：https://t.co/2f4OqP0pqf \n　　　　　Android：https://t.co/Ijt25DT4q4","url":"https://t.co/ISLUK2xYKu","entities":{"url":{"urls":[{"url":"https://t.co/ISLUK2xYKu","expanded_url":"http://bang-dream.bushimo.jp/","display_url":"bang-dream.bushimo.jp","indices":[0,23]}]},"description":{"urls":[{"url":"https://t.co/2f4OqP0pqf","expanded_url":"https://goo.gl/oY7r23","display_url":"goo.gl/oY7r23","indices":[97,120]},{"url":"https://t.co/Ijt25DT4q4","expanded_url":"https://goo.gl/r1OlqJ","display_url":"goo.gl/r1OlqJ","indices":[135,158]}]}},"protected":false,"followers_count":277310,"friends_count":31,"listed_count":1818,"created_at":"Mon Sep 12 10:32:16 +0000 2016","favourites_count":0,"utc_offset":null,"time_zone":null,"geo_enabled":false,"verified":true,"statuses_count":894,"lang":"ja","contributors_enabled":false,"is_translator":false,"is_translation_enabled":false,"profile_background_color":"F5F8FA","profile_background_image_url":null,"profile_background_image_url_https":null,"profile_background_tile":false,"profile_image_url":"http://pbs.twimg.com/profile_images/874897279660036100/q4Y3t1KU_normal.jpg","profile_image_url_https":"https://pbs.twimg.com/profile_images/874897279660036100/q4Y3t1KU_normal.jpg","profile_banner_url":"https://pbs.twimg.com/profile_banners/775280864674525184/1489646760","profile_link_color":"1DA1F2","profile_sidebar_border_color":"C0DEED","profile_sidebar_fill_color":"DDEEF6","profile_text_color":"333333","profile_use_background_image":true,"has_extended_profile":false,"default_profile":true,"default_profile_image":false,"following":false,"follow_request_sent":false,"notifications":false,"translator_type":"none"},"geo":null,"coordinates":null,"place":null,"contributors":null,"is_quote_status":false,"retweet_count":5378,"favorite_count":5934,"favorited":false,"retweeted":false,"possibly_sensitive":false,"lang":"ja"},{"created_at":"Wed Jul 19 03:39:37 +0000 2017","id":887517256636182500,"id_str":"887517256636182528","text":"上坂すみれさんの経歴\n・オタクに服を透かされて一度Twitterを辞める\n・また戻ってきたら今度は素直に射精です等のクソリプまみれになる\n・プライベートで声豚に絡まれる\n・2ちゃんで殺害予告される\n\n両親が娘に目指して欲しくない職業、間違いなく女性声優でしょ……","truncated":false,"entities":{"hashtags":[],"symbols":[],"user_mentions":[],"urls":[]},"metadata":{"iso_language_code":"ja","result_type":"recent"},"source":"<a href=\"http://www.twitpane.com\" rel=\"nofollow\">TwitPane Android</a>","in_reply_to_status_id":null,"in_reply_to_status_id_str":null,"in_reply_to_user_id":null,"in_reply_to_user_id_str":null,"in_reply_to_screen_name":null,"user":{"id":479587197,"id_str":"479587197","name":"ねくま","screen_name":"nekuma221","location":"","description":"さぁ、 希望の灯に手を伸ばせ","url":null,"entities":{"description":{"urls":[]}},"protected":false,"followers_count":5505,"friends_count":776,"listed_count":214,"created_at":"Tue Jan 31 15:01:30 +0000 2012","favourites_count":16141,"utc_offset":32400,"time_zone":"Tokyo","geo_enabled":false,"verified":false,"statuses_count":45193,"lang":"ja","contributors_enabled":false,"is_translator":false,"is_translation_enabled":false,"profile_background_color":"C0DEED","profile_background_image_url":"http://abs.twimg.com/images/themes/theme1/bg.png","profile_background_image_url_https":"https://abs.twimg.com/images/themes/theme1/bg.png","profile_background_tile":false,"profile_image_url":"http://pbs.twimg.com/profile_images/423386248263106560/MVIogC-V_normal.jpeg","profile_image_url_https":"https://pbs.twimg.com/profile_images/423386248263106560/MVIogC-V_normal.jpeg","profile_banner_url":"https://pbs.twimg.com/profile_banners/479587197/1355475968","profile_link_color":"1DA1F2","profile_sidebar_border_color":"C0DEED","profile_sidebar_fill_color":"DDEEF6","profile_text_color":"333333","profile_use_background_image":true,"has_extended_profile":false,"default_profile":true,"default_profile_image":false,"following":false,"follow_request_sent":false,"notifications":false,"translator_type":"none"},"geo":null,"coordinates":null,"place":null,"contributors":null,"is_quote_status":false,"retweet_count":6194,"favorite_count":5155,"favorited":false,"retweeted":false,"lang":"ja"},{"created_at":"Wed Jul 19 03:33:36 +0000 2017","id":887515740940550100,"id_str":"887515740940550144","text":"これFGOあるあるだと思うんすけど信じてた前衛が倒れてもうだめだ〜！って石割るか撤退の準備してたのに最後に残った1騎が奮闘して勝っちゃったときおまえは最高だ〜〜〜！！！ってなることありません？","truncated":false,"entities":{"hashtags":[],"symbols":[],"user_mentions":[],"urls":[]},"metadata":{"iso_language_code":"ja","result_type":"recent"},"source":"<a href=\"http://twitter.com/download/iphone\" rel=\"nofollow\">Twitter for iPhone</a>","in_reply_to_status_id":null,"in_reply_to_status_id_str":null,"in_reply_to_user_id":null,"in_reply_to_user_id_str":null,"in_reply_to_screen_name":null,"user":{"id":1968884220,"id_str":"1968884220","name":"高橋のペペロンチーノ","screen_name":"pe6n1","location":"アンジェリカケージ","description":"I am the Ninja of my lord.","url":null,"entities":{"description":{"urls":[]}},"protected":false,"followers_count":13695,"friends_count":156,"listed_count":269,"created_at":"Fri Oct 18 13:54:00 +0000 2013","favourites_count":32904,"utc_offset":32400,"time_zone":"Tokyo","geo_enabled":false,"verified":false,"statuses_count":54307,"lang":"ja","contributors_enabled":false,"is_translator":false,"is_translation_enabled":false,"profile_background_color":"C0DEED","profile_background_image_url":"http://abs.twimg.com/images/themes/theme1/bg.png","profile_background_image_url_https":"https://abs.twimg.com/images/themes/theme1/bg.png","profile_background_tile":false,"profile_image_url":"http://pbs.twimg.com/profile_images/882280923307233280/KQM0TH0M_normal.jpg","profile_image_url_https":"https://pbs.twimg.com/profile_images/882280923307233280/KQM0TH0M_normal.jpg","profile_banner_url":"https://pbs.twimg.com/profile_banners/1968884220/1496228717","profile_link_color":"1DA1F2","profile_sidebar_border_color":"C0DEED","profile_sidebar_fill_color":"DDEEF6","profile_text_color":"333333","profile_use_background_image":true,"has_extended_profile":true,"default_profile":true,"default_profile_image":false,"following":false,"follow_request_sent":false,"notifications":false,"translator_type":"none"},"geo":null,"coordinates":null,"place":null,"contributors":null,"is_quote_status":false,"retweet_count":6049,"favorite_count":6533,"favorited":false,"retweeted":false,"lang":"ja"},{"created_at":"Wed Jul 19 03:31:37 +0000 2017","id":887515243382882300,"id_str":"887515243382882304","text":"チンポ（ﾎﾞﾛﾝ","truncated":false,"entities":{"hashtags":[],"symbols":[],"user_mentions":[],"urls":[]},"metadata":{"iso_language_code":"ja","result_type":"recent"},"source":"<a href=\"http://twittbot.net/\" rel=\"nofollow\">twittbot.net</a>","in_reply_to_status_id":null,"in_reply_to_status_id_str":null,"in_reply_to_user_id":null,"in_reply_to_user_id_str":null,"in_reply_to_screen_name":null,"user":{"id":4754860940,"id_str":"4754860940","name":"5%の確率で性器を露出するドラえもん","screen_name":"5percent_Dorar","location":"","description":"ドラちゃんです。期間限定で1時間に一回秘密道具を出します。5%の確率で性器を露出します。時間ズレ修正終了(7/19.11時アカ復旧)","url":null,"entities":{"description":{"urls":[]}},"protected":false,"followers_count":16812,"friends_count":1,"listed_count":80,"created_at":"Wed Jan 13 21:08:06 +0000 2016","favourites_count":9,"utc_offset":-25200,"time_zone":"Pacific Time (US & Canada)","geo_enabled":false,"verified":false,"statuses_count":10,"lang":"ja","contributors_enabled":false,"is_translator":false,"is_translation_enabled":false,"profile_background_color":"F5F8FA","profile_background_image_url":null,"profile_background_image_url_https":null,"profile_background_tile":false,"profile_image_url":"http://pbs.twimg.com/profile_images/887507924628553728/X3lBMJNE_normal.jpg","profile_image_url_https":"https://pbs.twimg.com/profile_images/887507924628553728/X3lBMJNE_normal.jpg","profile_banner_url":"https://pbs.twimg.com/profile_banners/4754860940/1500437920","profile_link_color":"1DA1F2","profile_sidebar_border_color":"C0DEED","profile_sidebar_fill_color":"DDEEF6","profile_text_color":"333333","profile_use_background_image":true,"has_extended_profile":false,"default_profile":true,"default_profile_image":false,"following":false,"follow_request_sent":false,"notifications":false,"translator_type":"none"},"geo":null,"coordinates":null,"place":null,"contributors":null,"is_quote_status":false,"retweet_count":6888,"favorite_count":4957,"favorited":false,"retweeted":false,"lang":"ja"},{"created_at":"Wed Jul 19 03:12:59 +0000 2017","id":887510554113220600,"id_str":"887510554113220608","text":"さすが元が3D https://t.co/mm8bL4Alfb","truncated":false,"entities":{"hashtags":[],"symbols":[],"user_mentions":[],"urls":[],"media":[{"id":887509891409092600,"id_str":"887509891409092608","indices":[8,31],"media_url":"http://pbs.twimg.com/media/DFERi0QVoAA31Mk.jpg","media_url_https":"https://pbs.twimg.com/media/DFERi0QVoAA31Mk.jpg","url":"https://t.co/mm8bL4Alfb","display_url":"pic.twitter.com/mm8bL4Alfb","expanded_url":"https://twitter.com/ohyo_san/status/887510554113220608/photo/1","type":"photo","sizes":{"medium":{"w":1092,"h":495,"resize":"fit"},"small":{"w":680,"h":308,"resize":"fit"},"thumb":{"w":150,"h":150,"resize":"crop"},"large":{"w":1092,"h":495,"resize":"fit"}}}]},"extended_entities":{"media":[{"id":887509891409092600,"id_str":"887509891409092608","indices":[8,31],"media_url":"http://pbs.twimg.com/media/DFERi0QVoAA31Mk.jpg","media_url_https":"https://pbs.twimg.com/media/DFERi0QVoAA31Mk.jpg","url":"https://t.co/mm8bL4Alfb","display_url":"pic.twitter.com/mm8bL4Alfb","expanded_url":"https://twitter.com/ohyo_san/status/887510554113220608/photo/1","type":"photo","sizes":{"medium":{"w":1092,"h":495,"resize":"fit"},"small":{"w":680,"h":308,"resize":"fit"},"thumb":{"w":150,"h":150,"resize":"crop"},"large":{"w":1092,"h":495,"resize":"fit"}}}]},"metadata":{"iso_language_code":"ja","result_type":"recent"},"source":"<a href=\"http://twitter.com\" rel=\"nofollow\">Twitter Web Client</a>","in_reply_to_status_id":null,"in_reply_to_status_id_str":null,"in_reply_to_user_id":null,"in_reply_to_user_id_str":null,"in_reply_to_screen_name":null,"user":{"id":128820762,"id_str":"128820762","name":"ohyo","screen_name":"ohyo_san","location":"点と線と奥行き","description":"豚バラ大根","url":"https://t.co/idDAZ8Sojs","entities":{"url":{"urls":[{"url":"https://t.co/idDAZ8Sojs","expanded_url":"http://www.pixiv.net/member.php?id=16020","display_url":"pixiv.net/member.php?id=…","indices":[0,23]}]},"description":{"urls":[]}},"protected":false,"followers_count":4965,"friends_count":215,"listed_count":186,"created_at":"Fri Apr 02 08:34:09 +0000 2010","favourites_count":1733,"utc_offset":32400,"time_zone":"Tokyo","geo_enabled":true,"verified":false,"statuses_count":82134,"lang":"ja","contributors_enabled":false,"is_translator":false,"is_translation_enabled":false,"profile_background_color":"B2DFDA","profile_background_image_url":"http://abs.twimg.com/images/themes/theme13/bg.gif","profile_background_image_url_https":"https://abs.twimg.com/images/themes/theme13/bg.gif","profile_background_tile":false,"profile_image_url":"http://pbs.twimg.com/profile_images/885653320878112768/L0YFpwK__normal.jpg","profile_image_url_https":"https://pbs.twimg.com/profile_images/885653320878112768/L0YFpwK__normal.jpg","profile_banner_url":"https://pbs.twimg.com/profile_banners/128820762/1478956229","profile_link_color":"93A644","profile_sidebar_border_color":"EEEEEE","profile_sidebar_fill_color":"FFFFFF","profile_text_color":"333333","profile_use_background_image":true,"has_extended_profile":false,"default_profile":false,"default_profile_image":false,"following":false,"follow_request_sent":false,"notifications":false,"translator_type":"none"},"geo":null,"coordinates":null,"place":null,"contributors":null,"is_quote_status":false,"retweet_count":4689,"favorite_count":5091,"favorited":false,"retweeted":false,"possibly_sensitive":false,"lang":"ja"},{"created_at":"Wed Jul 19 03:12:55 +0000 2017","id":887510534500663300,"id_str":"887510534500663296","text":"【企画進行中】　\n『一番くじ アイドリッシュセブン～MECHANICAL LULLABY～』　\n11月発売の一番くじは、ロボットドール達の暮らす世界が舞台。衣裳と背景設定を一部公開。続報をお楽しみに！ #アイナナ https://t.co/JYkDL47gph","truncated":false,"entities":{"hashtags":[{"text":"アイナナ","indices":[101,106]}],"symbols":[],"user_mentions":[],"urls":[],"media":[{"id":887510521938706400,"id_str":"887510521938706432","indices":[107,130],"media_url":"http://pbs.twimg.com/media/DFESHhKUAAAEpj3.jpg","media_url_https":"https://pbs.twimg.com/media/DFESHhKUAAAEpj3.jpg","url":"https://t.co/JYkDL47gph","display_url":"pic.twitter.com/JYkDL47gph","expanded_url":"https://twitter.com/ichibanKUJI/status/887510534500663296/photo/1","type":"photo","sizes":{"medium":{"w":800,"h":600,"resize":"fit"},"small":{"w":680,"h":510,"resize":"fit"},"thumb":{"w":150,"h":150,"resize":"crop"},"large":{"w":800,"h":600,"resize":"fit"}}}]},"extended_entities":{"media":[{"id":887510521938706400,"id_str":"887510521938706432","indices":[107,130],"media_url":"http://pbs.twimg.com/media/DFESHhKUAAAEpj3.jpg","media_url_https":"https://pbs.twimg.com/media/DFESHhKUAAAEpj3.jpg","url":"https://t.co/JYkDL47gph","display_url":"pic.twitter.com/JYkDL47gph","expanded_url":"https://twitter.com/ichibanKUJI/status/887510534500663296/photo/1","type":"photo","sizes":{"medium":{"w":800,"h":600,"resize":"fit"},"small":{"w":680,"h":510,"resize":"fit"},"thumb":{"w":150,"h":150,"resize":"crop"},"large":{"w":800,"h":600,"resize":"fit"}}},{"id":887510531929546800,"id_str":"887510531929546752","indices":[107,130],"media_url":"http://pbs.twimg.com/media/DFESIGYUIAA9x_F.jpg","media_url_https":"https://pbs.twimg.com/media/DFESIGYUIAA9x_F.jpg","url":"https://t.co/JYkDL47gph","display_url":"pic.twitter.com/JYkDL47gph","expanded_url":"https://twitter.com/ichibanKUJI/status/887510534500663296/photo/1","type":"photo","sizes":{"medium":{"w":800,"h":600,"resize":"fit"},"small":{"w":680,"h":510,"resize":"fit"},"thumb":{"w":150,"h":150,"resize":"crop"},"large":{"w":800,"h":600,"resize":"fit"}}}]},"metadata":{"iso_language_code":"ja","result_type":"recent"},"source":"<a href=\"http://bpnavi.jp/\" rel=\"nofollow\">Banpresto Tweet Tool</a>","in_reply_to_status_id":null,"in_reply_to_status_id_str":null,"in_reply_to_user_id":null,"in_reply_to_user_id_str":null,"in_reply_to_screen_name":null,"user":{"id":91081573,"id_str":"91081573","name":"一番くじ","screen_name":"ichibanKUJI","location":"","description":"「一番くじ」の公式Twitterアカウントです。新商品情報やキャンペーン情報をお届けします！\nなお、個別のお問い合わせには対応しておりません。 Instagram⇒https://t.co/3wVhZITIMv","url":"http://t.co/leKFMK5Cqm","entities":{"url":{"urls":[{"url":"http://t.co/leKFMK5Cqm","expanded_url":"http://www.bpnavi.jp/kuji/","display_url":"bpnavi.jp/kuji/","indices":[0,22]}]},"description":{"urls":[{"url":"https://t.co/3wVhZITIMv","expanded_url":"https://www.instagram.com/ichibankuji/","display_url":"instagram.com/ichibankuji/","indices":[82,105]}]}},"protected":false,"followers_count":466161,"friends_count":12,"listed_count":4802,"created_at":"Thu Nov 19 11:03:10 +0000 2009","favourites_count":0,"utc_offset":32400,"time_zone":"Tokyo","geo_enabled":false,"verified":false,"statuses_count":10085,"lang":"ja","contributors_enabled":false,"is_translator":false,"is_translation_enabled":false,"profile_background_color":"F5030F","profile_background_image_url":"http://abs.twimg.com/images/themes/theme1/bg.png","profile_background_image_url_https":"https://abs.twimg.com/images/themes/theme1/bg.png","profile_background_tile":false,"profile_image_url":"http://pbs.twimg.com/profile_images/701926865154416640/kEH2dOrQ_normal.jpg","profile_image_url_https":"https://pbs.twimg.com/profile_images/701926865154416640/kEH2dOrQ_normal.jpg","profile_link_color":"F5030F","profile_sidebar_border_color":"F5030F","profile_sidebar_fill_color":"FFFFFF","profile_text_color":"575057","profile_use_background_image":false,"has_extended_profile":false,"default_profile":false,"default_profile_image":false,"following":false,"follow_request_sent":false,"notifications":false,"translator_type":"none"},"geo":null,"coordinates":null,"place":null,"contributors":null,"is_quote_status":false,"retweet_count":12218,"favorite_count":14299,"favorited":false,"retweeted":false,"possibly_sensitive":false,"lang":"ja"},{"created_at":"Wed Jul 19 03:09:32 +0000 2017","id":887509682251718700,"id_str":"887509682251718656","text":"【容疑認める】声優・上坂すみれに殺害予告した疑い、高専生逮捕\nhttps://t.co/nT0lPn2H2A\n\n2ちゃんねるに「絶対ぶっ殺す」などと書き込んだとされる。容疑者は上坂のファンで「20回ほど書き込んだ」と話しているとい… https://t.co/yYpjVYJzXf","truncated":true,"entities":{"hashtags":[],"symbols":[],"user_mentions":[],"urls":[{"url":"https://t.co/nT0lPn2H2A","expanded_url":"http://news.livedoor.com/article/detail/13356406/","display_url":"news.livedoor.com/article/detail…","indices":[31,54]},{"url":"https://t.co/yYpjVYJzXf","expanded_url":"https://twitter.com/i/web/status/887509682251718656","display_url":"twitter.com/i/web/status/8…","indices":[117,140]}]},"metadata":{"iso_language_code":"ja","result_type":"recent"},"source":"<a href=\"http://twitter.com\" rel=\"nofollow\">Twitter Web Client</a>","in_reply_to_status_id":null,"in_reply_to_status_id_str":null,"in_reply_to_user_id":null,"in_reply_to_user_id_str":null,"in_reply_to_screen_name":null,"user":{"id":17306975,"id_str":"17306975","name":"ライブドアニュース","screen_name":"livedoornews","location":"","description":"LINE →https://t.co/yhJO0o7Jns／FB → https://t.co/LHTCuyIEjr／インスタ／→https://t.co/SpmVgPtfCG","url":"http://t.co/Q4Bh3OCfgY","entities":{"url":{"urls":[{"url":"http://t.co/Q4Bh3OCfgY","expanded_url":"http://news.livedoor.com/","display_url":"news.livedoor.com","indices":[0,22]}]},"description":{"urls":[{"url":"https://t.co/yhJO0o7Jns","expanded_url":"http://goo.gl/upBgKP","display_url":"goo.gl/upBgKP","indices":[6,29]},{"url":"https://t.co/LHTCuyIEjr","expanded_url":"http://goo.gl/nDULhn","display_url":"goo.gl/nDULhn","indices":[35,58]},{"url":"https://t.co/SpmVgPtfCG","expanded_url":"http://goo.gl/cHGD9G","display_url":"goo.gl/cHGD9G","indices":[65,88]}]}},"protected":false,"followers_count":430835,"friends_count":88,"listed_count":6142,"created_at":"Tue Nov 11 09:56:31 +0000 2008","favourites_count":2609,"utc_offset":32400,"time_zone":"Tokyo","geo_enabled":false,"verified":true,"statuses_count":177044,"lang":"ja","contributors_enabled":false,"is_translator":false,"is_translation_enabled":false,"profile_background_color":"FFFFFF","profile_background_image_url":"http://pbs.twimg.com/profile_background_images/378800000085828060/4b07c1d868c917fb65a3d64a20904cd5.jpeg","profile_background_image_url_https":"https://pbs.twimg.com/profile_background_images/378800000085828060/4b07c1d868c917fb65a3d64a20904cd5.jpeg","profile_background_tile":false,"profile_image_url":"http://pbs.twimg.com/profile_images/875662964988166149/whdJTD2I_normal.jpg","profile_image_url_https":"https://pbs.twimg.com/profile_images/875662964988166149/whdJTD2I_normal.jpg","profile_link_color":"51ADD4","profile_sidebar_border_color":"FFFFFF","profile_sidebar_fill_color":"95E8EC","profile_text_color":"3C3940","profile_use_background_image":true,"has_extended_profile":false,"default_profile":false,"default_profile_image":false,"following":false,"follow_request_sent":false,"notifications":false,"translator_type":"none"},"geo":null,"coordinates":null,"place":null,"contributors":null,"is_quote_status":false,"retweet_count":6920,"favorite_count":3441,"favorited":false,"retweeted":false,"possibly_sensitive":false,"lang":"ja"},{"created_at":"Wed Jul 19 03:01:32 +0000 2017","id":887507670365724700,"id_str":"887507670365724672","text":"発売中の1stアルバム「真っ白なものは汚したくなる」収録楽曲 『月曜日の朝、スカートを切られた』のミュージックビデオを欅坂46 OFFICIAL YouTube CHANNELで公開しました❗️\n皆様ぜひご覧ください‼️\n#欅坂46\nhttps://t.co/JrPfFVjfFX","truncated":false,"entities":{"hashtags":[{"text":"欅坂46","indices":[111,116]}],"symbols":[],"user_mentions":[],"urls":[{"url":"https://t.co/JrPfFVjfFX","expanded_url":"https://youtu.be/j89r0SNk9hs","display_url":"youtu.be/j89r0SNk9hs","indices":[117,140]}]},"metadata":{"iso_language_code":"ja","result_type":"recent"},"source":"<a href=\"http://www.echofon.com/\" rel=\"nofollow\">Echofon</a>","in_reply_to_status_id":null,"in_reply_to_status_id_str":null,"in_reply_to_user_id":null,"in_reply_to_user_id_str":null,"in_reply_to_screen_name":null,"user":{"id":3433403638,"id_str":"3433403638","name":"欅坂46","screen_name":"keyakizaka46","location":"","description":"秋元康 総合プロデュース、乃木坂46に続く「坂道シリーズ」第2弾。2015年8月21日、乃木坂46結成から4年後の同じ日・同じ場所で結成。応募総数22,509名の中から選ばれたメンバーで2016年4月6日「サイレントマジョリティー」でデビュー!2017年7月19日1stアルバム「真っ白なものは汚したくなる」リリース予定","url":"https://t.co/Rpjth8X8lU","entities":{"url":{"urls":[{"url":"https://t.co/Rpjth8X8lU","expanded_url":"http://www.keyakizaka46.com/","display_url":"keyakizaka46.com","indices":[0,23]}]},"description":{"urls":[]}},"protected":false,"followers_count":436063,"friends_count":0,"listed_count":2163,"created_at":"Thu Aug 20 22:00:08 +0000 2015","favourites_count":0,"utc_offset":null,"time_zone":null,"geo_enabled":false,"verified":true,"statuses_count":942,"lang":"ja","contributors_enabled":false,"is_translator":false,"is_translation_enabled":false,"profile_background_color":"000000","profile_background_image_url":"http://abs.twimg.com/images/themes/theme1/bg.png","profile_background_image_url_https":"https://abs.twimg.com/images/themes/theme1/bg.png","profile_background_tile":false,"profile_image_url":"http://pbs.twimg.com/profile_images/875580356996415488/tN4jYZEL_normal.jpg","profile_image_url_https":"https://pbs.twimg.com/profile_images/875580356996415488/tN4jYZEL_normal.jpg","profile_banner_url":"https://pbs.twimg.com/profile_banners/3433403638/1450171390","profile_link_color":"5FB955","profile_sidebar_border_color":"000000","profile_sidebar_fill_color":"000000","profile_text_color":"000000","profile_use_background_image":false,"has_extended_profile":false,"default_profile":false,"default_profile_image":false,"following":false,"follow_request_sent":false,"notifications":false,"translator_type":"none"},"geo":null,"coordinates":null,"place":null,"contributors":null,"is_quote_status":false,"retweet_count":6098,"favorite_count":15732,"favorited":false,"retweeted":false,"possibly_sensitive":false,"lang":"ja"},{"created_at":"Wed Jul 19 03:00:13 +0000 2017","id":887507340399845400,"id_str":"887507340399845376","text":"CHUNITHM AIR PLUS\n-THE LAST EPISODE-\n\n来たる終焉の刻――\n\n　　2017 07.20\n\n#チュウニズムAIR https://t.co/kQ6zN52gI0 https://t.co/FMs2doqjDn","truncated":false,"entities":{"hashtags":[{"text":"チュウニズムAIR","indices":[63,73]}],"symbols":[],"user_mentions":[],"urls":[{"url":"https://t.co/kQ6zN52gI0","expanded_url":"http://info-chunithm.sega.jp/?p=1794","display_url":"info-chunithm.sega.jp/?p=1794","indices":[74,97]}],"media":[{"id":887505283089449000,"id_str":"887505283089448961","indices":[98,121],"media_url":"http://pbs.twimg.com/media/DFENWk7UQAEc52K.jpg","media_url_https":"https://pbs.twimg.com/media/DFENWk7UQAEc52K.jpg","url":"https://t.co/FMs2doqjDn","display_url":"pic.twitter.com/FMs2doqjDn","expanded_url":"https://twitter.com/chunithm/status/887507340399845376/photo/1","type":"photo","sizes":{"small":{"w":680,"h":481,"resize":"fit"},"large":{"w":1190,"h":842,"resize":"fit"},"medium":{"w":1190,"h":842,"resize":"fit"},"thumb":{"w":150,"h":150,"resize":"crop"}}}]},"extended_entities":{"media":[{"id":887505283089449000,"id_str":"887505283089448961","indices":[98,121],"media_url":"http://pbs.twimg.com/media/DFENWk7UQAEc52K.jpg","media_url_https":"https://pbs.twimg.com/media/DFENWk7UQAEc52K.jpg","url":"https://t.co/FMs2doqjDn","display_url":"pic.twitter.com/FMs2doqjDn","expanded_url":"https://twitter.com/chunithm/status/887507340399845376/photo/1","type":"photo","sizes":{"small":{"w":680,"h":481,"resize":"fit"},"large":{"w":1190,"h":842,"resize":"fit"},"medium":{"w":1190,"h":842,"resize":"fit"},"thumb":{"w":150,"h":150,"resize":"crop"}}}]},"metadata":{"iso_language_code":"ja","result_type":"recent"},"source":"<a href=\"http://twitter.com\" rel=\"nofollow\">Twitter Web Client</a>","in_reply_to_status_id":null,"in_reply_to_status_id_str":null,"in_reply_to_user_id":null,"in_reply_to_user_id_str":null,"in_reply_to_screen_name":null,"user":{"id":2903786371,"id_str":"2903786371","name":"チュウニズム公式@7/20新曲！","screen_name":"chunithm","location":"セガ・インタラクティブ","description":"maimaiチームが贈る、SEGA音楽ゲーム「CHUNITHM（チュウニズム）」の公式アカウントです。 ▼ご質問・ご要望はhttps://t.co/O5xajiruykまで▼個別のリプライにはお答えできません。▼不真面目アカウント→@performai ▼イロドリミドリ→@irodorimidori5","url":"https://t.co/Jn25bz0F63","entities":{"url":{"urls":[{"url":"https://t.co/Jn25bz0F63","expanded_url":"http://chunithm.sega.jp/","display_url":"chunithm.sega.jp","indices":[0,23]}]},"description":{"urls":[{"url":"https://t.co/O5xajiruyk","expanded_url":"http://sega.jp/contact/arcade/","display_url":"sega.jp/contact/arcade/","indices":[61,84]}]}},"protected":false,"followers_count":85295,"friends_count":161,"listed_count":1276,"created_at":"Tue Nov 18 15:12:08 +0000 2014","favourites_count":4,"utc_offset":32400,"time_zone":"Seoul","geo_enabled":false,"verified":false,"statuses_count":589,"lang":"ja","contributors_enabled":false,"is_translator":false,"is_translation_enabled":false,"profile_background_color":"FFCC4D","profile_background_image_url":"http://pbs.twimg.com/profile_background_images/535274052659605504/N-W0--vF.png","profile_background_image_url_https":"https://pbs.twimg.com/profile_background_images/535274052659605504/N-W0--vF.png","profile_background_tile":false,"profile_image_url":"http://pbs.twimg.com/profile_images/887114860357603328/3BntDB3b_normal.jpg","profile_image_url_https":"https://pbs.twimg.com/profile_images/887114860357603328/3BntDB3b_normal.jpg","profile_banner_url":"https://pbs.twimg.com/profile_banners/2903786371/1486602752","profile_link_color":"1B95E0","profile_sidebar_border_color":"FFFFFF","profile_sidebar_fill_color":"DDEEF6","profile_text_color":"333333","profile_use_background_image":true,"has_extended_profile":false,"default_profile":false,"default_profile_image":false,"following":false,"follow_request_sent":false,"notifications":false,"translator_type":"none"},"geo":null,"coordinates":null,"place":null,"contributors":null,"is_quote_status":false,"retweet_count":6555,"favorite_count":4176,"favorited":false,"retweeted":false,"possibly_sensitive":false,"lang":"ja"},{"created_at":"Wed Jul 19 03:00:04 +0000 2017","id":887507300683927600,"id_str":"887507300683927557","text":"＼✨その場で当たる✨／\nBOSSレボマン『今月のブレンドシリーズNo.5』が8/1新発売☕️\n\nフォロー＆RTでレボマンと #今月のレボマン No.4＆5飲み比べセットをプレゼント🎁\nhttps://t.co/Yek8JwuuwS https://t.co/aTAQJ96eAO","truncated":false,"entities":{"hashtags":[{"text":"今月のレボマン","indices":[62,70]}],"symbols":[],"user_mentions":[],"urls":[{"url":"https://t.co/Yek8JwuuwS","expanded_url":"https://goo.gl/5vaVcq","display_url":"goo.gl/5vaVcq","indices":[92,115]}],"media":[{"id":884330633794773000,"id_str":"884330633794772992","indices":[116,139],"media_url":"http://pbs.twimg.com/media/DEXHg0fVwAAWvCZ.jpg","media_url_https":"https://pbs.twimg.com/media/DEXHg0fVwAAWvCZ.jpg","url":"https://t.co/aTAQJ96eAO","display_url":"pic.twitter.com/aTAQJ96eAO","expanded_url":"https://twitter.com/suntory/status/887507300683927557/video/1","type":"photo","sizes":{"small":{"w":640,"h":360,"resize":"fit"},"large":{"w":640,"h":360,"resize":"fit"},"thumb":{"w":150,"h":150,"resize":"crop"},"medium":{"w":640,"h":360,"resize":"fit"}}}]},"extended_entities":{"media":[{"id":884330633794773000,"id_str":"884330633794772992","indices":[116,139],"media_url":"http://pbs.twimg.com/media/DEXHg0fVwAAWvCZ.jpg","media_url_https":"https://pbs.twimg.com/media/DEXHg0fVwAAWvCZ.jpg","url":"https://t.co/aTAQJ96eAO","display_url":"pic.twitter.com/aTAQJ96eAO","expanded_url":"https://twitter.com/suntory/status/887507300683927557/video/1","type":"video","sizes":{"small":{"w":640,"h":360,"resize":"fit"},"large":{"w":640,"h":360,"resize":"fit"},"thumb":{"w":150,"h":150,"resize":"crop"},"medium":{"w":640,"h":360,"resize":"fit"}},"video_info":{"aspect_ratio":[16,9],"duration_millis":27333,"variants":[{"bitrate":2176000,"content_type":"video/mp4","url":"https://video.twimg.com/amplify_video/884330633794772992/vid/1280x720/1Jj3hMErN2OJsz52.mp4"},{"bitrate":320000,"content_type":"video/mp4","url":"https://video.twimg.com/amplify_video/884330633794772992/vid/320x180/qosYjtnlB-BWus8p.mp4"},{"content_type":"application/x-mpegURL","url":"https://video.twimg.com/amplify_video/884330633794772992/pl/ezmVLkDthoktkFku.m3u8"},{"bitrate":832000,"content_type":"video/mp4","url":"https://video.twimg.com/amplify_video/884330633794772992/vid/640x360/RMD-tX_JKJIMqSyR.mp4"}]},"additional_media_info":{"title":"","description":"","embeddable":true,"monetizable":false}}]},"metadata":{"iso_language_code":"ja","result_type":"recent"},"source":"<a href=\"https://ads.twitter.com\" rel=\"nofollow\">Twitter Ads</a>","in_reply_to_status_id":null,"in_reply_to_status_id_str":null,"in_reply_to_user_id":null,"in_reply_to_user_id_str":null,"in_reply_to_screen_name":null,"user":{"id":133684052,"id_str":"133684052","name":"SUNTORY（サントリー）","screen_name":"suntory","location":"東京都港区台場","description":"サントリーの公式アカウントです。 フォローは20歳以上の方限定です。 ご利用規約はこちら→https://t.co/CPCVhjnk1c お問い合わせはこちら→https://t.co/yqpOzQ7Ntl","url":"https://t.co/CMlXK6EHXd","entities":{"url":{"urls":[{"url":"https://t.co/CMlXK6EHXd","expanded_url":"http://www.suntory.co.jp/","display_url":"suntory.co.jp","indices":[0,23]}]},"description":{"urls":[{"url":"https://t.co/CPCVhjnk1c","expanded_url":"http://goo.gl/jop0B3","display_url":"goo.gl/jop0B3","indices":[45,68]},{"url":"https://t.co/yqpOzQ7Ntl","expanded_url":"http://goo.gl/d5V6d","display_url":"goo.gl/d5V6d","indices":[80,103]}]}},"protected":false,"followers_count":549854,"friends_count":31,"listed_count":2206,"created_at":"Fri Apr 16 11:16:01 +0000 2010","favourites_count":194,"utc_offset":32400,"time_zone":"Tokyo","geo_enabled":false,"verified":true,"statuses_count":2168446,"lang":"ja","contributors_enabled":false,"is_translator":false,"is_translation_enabled":false,"profile_background_color":"C0DEED","profile_background_image_url":"http://pbs.twimg.com/profile_background_images/850861581/9a53622d4a718f61cbd952feae09820c.jpeg","profile_background_image_url_https":"https://pbs.twimg.com/profile_background_images/850861581/9a53622d4a718f61cbd952feae09820c.jpeg","profile_background_tile":false,"profile_image_url":"http://pbs.twimg.com/profile_images/3567001630/aed0e05a78467be3f08394e65f2aea93_normal.png","profile_image_url_https":"https://pbs.twimg.com/profile_images/3567001630/aed0e05a78467be3f08394e65f2aea93_normal.png","profile_banner_url":"https://pbs.twimg.com/profile_banners/133684052/1499217142","profile_link_color":"0084B4","profile_sidebar_border_color":"FFFFFF","profile_sidebar_fill_color":"DDEEF6","profile_text_color":"333333","profile_use_background_image":true,"has_extended_profile":false,"default_profile":false,"default_profile_image":false,"following":false,"follow_request_sent":false,"notifications":false,"translator_type":"regular"},"geo":null,"coordinates":null,"place":null,"contributors":null,"is_quote_status":false,"retweet_count":11336,"favorite_count":802,"favorited":false,"retweeted":false,"possibly_sensitive":false,"lang":"ja"},{"created_at":"Wed Jul 19 02:59:45 +0000 2017","id":887507220560085000,"id_str":"887507220560084992","text":"【News】キービジュアルを公開！\nまた、本日12：00よりチケットのプレリクエスト先行開始となります。\n詳細は公式HP（News、Schedule欄）にてご確認ください！！　https://t.co/klwUP6qcsz… https://t.co/uj6VK6SBaR","truncated":true,"entities":{"hashtags":[],"symbols":[],"user_mentions":[],"urls":[{"url":"https://t.co/klwUP6qcsz","expanded_url":"http://www.marv.jp/special/ensemble_stage/","display_url":"marv.jp/special/ensemb…","indices":[88,111]},{"url":"https://t.co/uj6VK6SBaR","expanded_url":"https://twitter.com/i/web/status/887507220560084992","display_url":"twitter.com/i/web/status/8…","indices":[113,136]}]},"metadata":{"iso_language_code":"ja","result_type":"recent"},"source":"<a href=\"http://twitter.com\" rel=\"nofollow\">Twitter Web Client</a>","in_reply_to_status_id":null,"in_reply_to_status_id_str":null,"in_reply_to_user_id":null,"in_reply_to_user_id_str":null,"in_reply_to_screen_name":null,"user":{"id":713225083829878800,"id_str":"713225083829878784","name":"『あんさんぶるスターズ！オン・ステージ』","screen_name":"ensemble_stage","location":"","description":"「あんさんぶるスターズ!」舞台化作品 『あんさんぶるスターズ！オン・ステージ』公式アカウントです。2017年9月最新作上演決定！ ※当アカウントへのお問い合わせにはお答えできません。#あんステ","url":"https://t.co/QuoGTcHopb","entities":{"url":{"urls":[{"url":"https://t.co/QuoGTcHopb","expanded_url":"http://www.marv.jp/special/ensemble_stage/","display_url":"marv.jp/special/ensemb…","indices":[0,23]}]},"description":{"urls":[]}},"protected":false,"followers_count":82105,"friends_count":71,"listed_count":1572,"created_at":"Fri Mar 25 04:44:45 +0000 2016","favourites_count":1,"utc_offset":32400,"time_zone":"Tokyo","geo_enabled":false,"verified":true,"statuses_count":790,"lang":"ja","contributors_enabled":false,"is_translator":false,"is_translation_enabled":false,"profile_background_color":"000000","profile_background_image_url":"http://abs.twimg.com/images/themes/theme1/bg.png","profile_background_image_url_https":"https://abs.twimg.com/images/themes/theme1/bg.png","profile_background_tile":false,"profile_image_url":"http://pbs.twimg.com/profile_images/875562408315465730/fG-gOfY5_normal.jpg","profile_image_url_https":"https://pbs.twimg.com/profile_images/875562408315465730/fG-gOfY5_normal.jpg","profile_banner_url":"https://pbs.twimg.com/profile_banners/713225083829878784/1496631655","profile_link_color":"91D2FA","profile_sidebar_border_color":"000000","profile_sidebar_fill_color":"000000","profile_text_color":"000000","profile_use_background_image":false,"has_extended_profile":false,"default_profile":false,"default_profile_image":false,"following":false,"follow_request_sent":false,"notifications":false,"translator_type":"none"},"geo":null,"coordinates":null,"place":null,"contributors":null,"is_quote_status":false,"retweet_count":14555,"favorite_count":19767,"favorited":false,"retweeted":false,"possibly_sensitive":false,"lang":"ja"},{"created_at":"Wed Jul 19 02:58:40 +0000 2017","id":887506947431321600,"id_str":"887506947431321600","text":"最悪マジで。 https://t.co/LyzaXwXa8v","truncated":false,"entities":{"hashtags":[],"symbols":[],"user_mentions":[],"urls":[],"media":[{"id":887506925276942300,"id_str":"887506925276942336","indices":[7,30],"media_url":"http://pbs.twimg.com/media/DFEO2KjU0AA6ksw.jpg","media_url_https":"https://pbs.twimg.com/media/DFEO2KjU0AA6ksw.jpg","url":"https://t.co/LyzaXwXa8v","display_url":"pic.twitter.com/LyzaXwXa8v","expanded_url":"https://twitter.com/shiohitoshi/status/887506947431321600/photo/1","type":"photo","sizes":{"medium":{"w":900,"h":1200,"resize":"fit"},"thumb":{"w":150,"h":150,"resize":"crop"},"large":{"w":1536,"h":2048,"resize":"fit"},"small":{"w":510,"h":680,"resize":"fit"}}}]},"extended_entities":{"media":[{"id":887506925276942300,"id_str":"887506925276942336","indices":[7,30],"media_url":"http://pbs.twimg.com/media/DFEO2KjU0AA6ksw.jpg","media_url_https":"https://pbs.twimg.com/media/DFEO2KjU0AA6ksw.jpg","url":"https://t.co/LyzaXwXa8v","display_url":"pic.twitter.com/LyzaXwXa8v","expanded_url":"https://twitter.com/shiohitoshi/status/887506947431321600/photo/1","type":"photo","sizes":{"medium":{"w":900,"h":1200,"resize":"fit"},"thumb":{"w":150,"h":150,"resize":"crop"},"large":{"w":1536,"h":2048,"resize":"fit"},"small":{"w":510,"h":680,"resize":"fit"}}},{"id":887506925276901400,"id_str":"887506925276901376","indices":[7,30],"media_url":"http://pbs.twimg.com/media/DFEO2KjUMAA-5Sa.jpg","media_url_https":"https://pbs.twimg.com/media/DFEO2KjUMAA-5Sa.jpg","url":"https://t.co/LyzaXwXa8v","display_url":"pic.twitter.com/LyzaXwXa8v","expanded_url":"https://twitter.com/shiohitoshi/status/887506947431321600/photo/1","type":"photo","sizes":{"medium":{"w":900,"h":1200,"resize":"fit"},"thumb":{"w":150,"h":150,"resize":"crop"},"large":{"w":1536,"h":2048,"resize":"fit"},"small":{"w":510,"h":680,"resize":"fit"}}}]},"metadata":{"iso_language_code":"ja","result_type":"recent"},"source":"<a href=\"http://twitter.com/download/iphone\" rel=\"nofollow\">Twitter for iPhone</a>","in_reply_to_status_id":null,"in_reply_to_status_id_str":null,"in_reply_to_user_id":null,"in_reply_to_user_id_str":null,"in_reply_to_screen_name":null,"user":{"id":409253387,"id_str":"409253387","name":"hzm","screen_name":"shiohitoshi","location":"","description":"tnz","url":null,"entities":{"description":{"urls":[]}},"protected":false,"followers_count":650,"friends_count":290,"listed_count":9,"created_at":"Thu Nov 10 13:47:21 +0000 2011","favourites_count":2290,"utc_offset":null,"time_zone":null,"geo_enabled":false,"verified":false,"statuses_count":5858,"lang":"ja","contributors_enabled":false,"is_translator":false,"is_translation_enabled":false,"profile_background_color":"C0DEED","profile_background_image_url":"http://abs.twimg.com/images/themes/theme1/bg.png","profile_background_image_url_https":"https://abs.twimg.com/images/themes/theme1/bg.png","profile_background_tile":false,"profile_image_url":"http://pbs.twimg.com/profile_images/819797626551836672/eygA87p2_normal.jpg","profile_image_url_https":"https://pbs.twimg.com/profile_images/819797626551836672/eygA87p2_normal.jpg","profile_banner_url":"https://pbs.twimg.com/profile_banners/409253387/1478799424","profile_link_color":"1DA1F2","profile_sidebar_border_color":"C0DEED","profile_sidebar_fill_color":"DDEEF6","profile_text_color":"333333","profile_use_background_image":true,"has_extended_profile":false,"default_profile":true,"default_profile_image":false,"following":false,"follow_request_sent":false,"notifications":false,"translator_type":"none"},"geo":null,"coordinates":null,"place":null,"contributors":null,"is_quote_status":false,"retweet_count":267465,"favorite_count":413554,"favorited":false,"retweeted":false,"possibly_sensitive":false,"lang":"ja"}],"search_metadata":{"completed_in":0.675,"max_id":887587007152570400,"max_id_str":"887587007152570369","next_results":"?max_id=887506947431321599&q=lang%3Aja%20min_retweets%3A5000&include_entities=1","query":"lang%3Aja+min_retweets%3A5000","refresh_url":"?since_id=887587007152570369&q=lang%3Aja%20min_retweets%3A5000&include_entities=1","count":15,"since_id":0,"since_id_str":"0"}}