{"statuses":[{"created_at":"Fri Jul 07 21:32:39 +0000 2017","id":883438636791808000,"id_str":"883438636791808000","text":"ステルス猫や！😾\n岩と一体化してる https://t.co/UEa8nkCklh","truncated":false,"entities":{"hashtags":[],"symbols":[],"user_mentions":[],"urls":[],"media":[{"id":883438619121164300,"id_str":"883438619121164288","indices":[18,41],"media_url":"http://pbs.twimg.com/media/DEKavlGUIAAZ5zG.jpg","media_url_https":"https://pbs.twimg.com/media/DEKavlGUIAAZ5zG.jpg","url":"https://t.co/UEa8nkCklh","display_url":"pic.twitter.com/UEa8nkCklh","expanded_url":"https://twitter.com/hajimesyacho/status/883438636791808000/photo/1","type":"photo","sizes":{"medium":{"w":1200,"h":900,"resize":"fit"},"small":{"w":680,"h":510,"resize":"fit"},"thumb":{"w":150,"h":150,"resize":"crop"},"large":{"w":2048,"h":1536,"resize":"fit"}}}]},"extended_entities":{"media":[{"id":883438619121164300,"id_str":"883438619121164288","indices":[18,41],"media_url":"http://pbs.twimg.com/media/DEKavlGUIAAZ5zG.jpg","media_url_https":"https://pbs.twimg.com/media/DEKavlGUIAAZ5zG.jpg","url":"https://t.co/UEa8nkCklh","display_url":"pic.twitter.com/UEa8nkCklh","expanded_url":"https://twitter.com/hajimesyacho/status/883438636791808000/photo/1","type":"photo","sizes":{"medium":{"w":1200,"h":900,"resize":"fit"},"small":{"w":680,"h":510,"resize":"fit"},"thumb":{"w":150,"h":150,"resize":"crop"},"large":{"w":2048,"h":1536,"resize":"fit"}}},{"id":883438619171504100,"id_str":"883438619171504128","indices":[18,41],"media_url":"http://pbs.twimg.com/media/DEKavlSUQAARpc7.jpg","media_url_https":"https://pbs.twimg.com/media/DEKavlSUQAARpc7.jpg","url":"https://t.co/UEa8nkCklh","display_url":"pic.twitter.com/UEa8nkCklh","expanded_url":"https://twitter.com/hajimesyacho/status/883438636791808000/photo/1","type":"photo","sizes":{"medium":{"w":1200,"h":900,"resize":"fit"},"small":{"w":680,"h":510,"resize":"fit"},"thumb":{"w":150,"h":150,"resize":"crop"},"large":{"w":2048,"h":1536,"resize":"fit"}}}]},"metadata":{"iso_language_code":"ja","result_type":"recent"},"source":"<a href=\"http://twitter.com/download/iphone\" rel=\"nofollow\">Twitter for iPhone</a>","in_reply_to_status_id":null,"in_reply_to_status_id_str":null,"in_reply_to_user_id":null,"in_reply_to_user_id_str":null,"in_reply_to_screen_name":null,"user":{"id":552700119,"id_str":"552700119","name":"はじめしゃちょー（hajime）","screen_name":"hajimesyacho","location":"富山→静岡（よく東京）","description":"YouTubeの人！24歳。閃光のヒーローはじめしゃちょーです。気軽にフォローしてください。UUUM 所属。AB型。今年はラーメンが食べられません。","url":"https://t.co/DrcCXNRwkB","entities":{"url":{"urls":[{"url":"https://t.co/DrcCXNRwkB","expanded_url":"http://www.youtube.com/user/0214mex?feature=mhee","display_url":"youtube.com/user/0214mex?f…","indices":[0,23]}]},"description":{"urls":[]}},"protected":false,"followers_count":3407950,"friends_count":661,"listed_count":6565,"created_at":"Fri Apr 13 11:23:31 +0000 2012","favourites_count":30223,"utc_offset":32400,"time_zone":"Tokyo","geo_enabled":true,"verified":true,"statuses_count":81130,"lang":"ja","contributors_enabled":false,"is_translator":false,"is_translation_enabled":false,"profile_background_color":"B2DFDA","profile_background_image_url":"http://abs.twimg.com/images/themes/theme13/bg.gif","profile_background_image_url_https":"https://abs.twimg.com/images/themes/theme13/bg.gif","profile_background_tile":false,"profile_image_url":"http://pbs.twimg.com/profile_images/821009622664290304/3CBJm9Mh_normal.jpg","profile_image_url_https":"https://pbs.twimg.com/profile_images/821009622664290304/3CBJm9Mh_normal.jpg","profile_banner_url":"https://pbs.twimg.com/profile_banners/552700119/1494608823","profile_link_color":"1B95E0","profile_sidebar_border_color":"EEEEEE","profile_sidebar_fill_color":"FFFFFF","profile_text_color":"333333","profile_use_background_image":true,"has_extended_profile":true,"default_profile":false,"default_profile_image":false,"following":false,"follow_request_sent":false,"notifications":false,"translator_type":"none"},"geo":null,"coordinates":null,"place":null,"contributors":null,"is_quote_status":false,"retweet_count":185,"favorite_count":1917,"favorited":false,"retweeted":false,"possibly_sensitive":false,"lang":"ja"},{"created_at":"Fri Jul 07 21:30:05 +0000 2017","id":883437991397441500,"id_str":"883437991397441536","text":"意味がよくわからなかった。 https://t.co/PEDh7cqlhr","truncated":false,"entities":{"hashtags":[],"symbols":[],"user_mentions":[],"urls":[],"media":[{"id":883437989598076900,"id_str":"883437989598076928","indices":[14,37],"media_url":"http://pbs.twimg.com/media/DEKaK78UIAAv4Qi.jpg","media_url_https":"https://pbs.twimg.com/media/DEKaK78UIAAv4Qi.jpg","url":"https://t.co/PEDh7cqlhr","display_url":"pic.twitter.com/PEDh7cqlhr","expanded_url":"https://twitter.com/mou_kaeru/status/883437991397441536/photo/1","type":"photo","sizes":{"thumb":{"w":150,"h":150,"resize":"crop"},"small":{"w":598,"h":336,"resize":"fit"},"large":{"w":598,"h":336,"resize":"fit"},"medium":{"w":598,"h":336,"resize":"fit"}}}]},"extended_entities":{"media":[{"id":883437989598076900,"id_str":"883437989598076928","indices":[14,37],"media_url":"http://pbs.twimg.com/media/DEKaK78UIAAv4Qi.jpg","media_url_https":"https://pbs.twimg.com/media/DEKaK78UIAAv4Qi.jpg","url":"https://t.co/PEDh7cqlhr","display_url":"pic.twitter.com/PEDh7cqlhr","expanded_url":"https://twitter.com/mou_kaeru/status/883437991397441536/photo/1","type":"photo","sizes":{"thumb":{"w":150,"h":150,"resize":"crop"},"small":{"w":598,"h":336,"resize":"fit"},"large":{"w":598,"h":336,"resize":"fit"},"medium":{"w":598,"h":336,"resize":"fit"}}}]},"metadata":{"iso_language_code":"ja","result_type":"recent"},"source":"<a href=\"https://twitter.com/iwbkfendo\" rel=\"nofollow\">shimons</a>","in_reply_to_status_id":null,"in_reply_to_status_id_str":null,"in_reply_to_user_id":null,"in_reply_to_user_id_str":null,"in_reply_to_screen_name":null,"user":{"id":2896551950,"id_str":"2896551950","name":"全日本もう帰りたい協会","screen_name":"mou_kaeru","location":"オフトゥン","description":"もう・・・・帰ろうよ・・・・","url":null,"entities":{"description":{"urls":[]}},"protected":false,"followers_count":363561,"friends_count":795,"listed_count":1499,"created_at":"Tue Nov 11 13:22:59 +0000 2014","favourites_count":0,"utc_offset":28800,"time_zone":"Irkutsk","geo_enabled":false,"verified":false,"statuses_count":7868,"lang":"ja","contributors_enabled":false,"is_translator":false,"is_translation_enabled":false,"profile_background_color":"C0DEED","profile_background_image_url":"http://abs.twimg.com/images/themes/theme1/bg.png","profile_background_image_url_https":"https://abs.twimg.com/images/themes/theme1/bg.png","profile_background_tile":false,"profile_image_url":"http://pbs.twimg.com/profile_images/568885109000908800/ZMuI8MQ5_normal.jpeg","profile_image_url_https":"https://pbs.twimg.com/profile_images/568885109000908800/ZMuI8MQ5_normal.jpeg","profile_banner_url":"https://pbs.twimg.com/profile_banners/2896551950/1424467677","profile_link_color":"1DA1F2","profile_sidebar_border_color":"C0DEED","profile_sidebar_fill_color":"DDEEF6","profile_text_color":"333333","profile_use_background_image":true,"has_extended_profile":false,"default_profile":true,"default_profile_image":false,"following":false,"follow_request_sent":false,"notifications":false,"translator_type":"none"},"geo":null,"coordinates":null,"place":null,"contributors":null,"is_quote_status":false,"retweet_count":133,"favorite_count":171,"favorited":false,"retweeted":false,"possibly_sensitive":false,"lang":"ja"},{"created_at":"Fri Jul 07 21:30:03 +0000 2017","id":883437983621304300,"id_str":"883437983621304322","text":"今の仕事+お幾らか必要じゃありませんか？LINEID→bainarisfまでご連絡ください。　https://t.co/A7eeTfTBxf　#バイナリー　#バイナリーオプション　#副業　#おこづかい　#お金持ち https://t.co/I22gWank8T","truncated":false,"entities":{"hashtags":[{"text":"バイナリー","indices":[71,77]},{"text":"バイナリーオプション","indices":[78,89]},{"text":"副業","indices":[90,93]},{"text":"おこづかい","indices":[94,100]},{"text":"お金持ち","indices":[101,106]}],"symbols":[],"user_mentions":[],"urls":[{"url":"https://t.co/A7eeTfTBxf","expanded_url":"https://goo.gl/gpmcR4","display_url":"goo.gl/gpmcR4","indices":[47,70]}],"media":[{"id":883437981297590300,"id_str":"883437981297590272","indices":[107,130],"media_url":"http://pbs.twimg.com/media/DEKaKdBUwAA1GOc.jpg","media_url_https":"https://pbs.twimg.com/media/DEKaKdBUwAA1GOc.jpg","url":"https://t.co/I22gWank8T","display_url":"pic.twitter.com/I22gWank8T","expanded_url":"https://twitter.com/dashiruibahan/status/883437983621304322/photo/1","type":"photo","sizes":{"thumb":{"w":150,"h":150,"resize":"crop"},"large":{"w":473,"h":471,"resize":"fit"},"small":{"w":473,"h":471,"resize":"fit"},"medium":{"w":473,"h":471,"resize":"fit"}}}]},"extended_entities":{"media":[{"id":883437981297590300,"id_str":"883437981297590272","indices":[107,130],"media_url":"http://pbs.twimg.com/media/DEKaKdBUwAA1GOc.jpg","media_url_https":"https://pbs.twimg.com/media/DEKaKdBUwAA1GOc.jpg","url":"https://t.co/I22gWank8T","display_url":"pic.twitter.com/I22gWank8T","expanded_url":"https://twitter.com/dashiruibahan/status/883437983621304322/photo/1","type":"photo","sizes":{"thumb":{"w":150,"h":150,"resize":"crop"},"large":{"w":473,"h":471,"resize":"fit"},"small":{"w":473,"h":471,"resize":"fit"},"medium":{"w":473,"h":471,"resize":"fit"}}}]},"metadata":{"iso_language_code":"ja","result_type":"recent"},"source":"<a href=\"http://twitter.com/\" rel=\"nofollow\">zerotubusen12</a>","in_reply_to_status_id":null,"in_reply_to_status_id_str":null,"in_reply_to_user_id":null,"in_reply_to_user_id_str":null,"in_reply_to_screen_name":null,"user":{"id":129696001,"id_str":"129696001","name":"生田　竜二","screen_name":"dashiruibahan","location":"LINEID→bainarisf","description":"投資や副業が初めての方でも気軽に声をかけてください。私はプロですので安心して頂けると思います。無料で相談に乗らせて頂きます。 #バイナリー　#バイナリーオプション　#副業　#おこづかい　#お金持ち　　#投資","url":null,"entities":{"description":{"urls":[]}},"protected":false,"followers_count":6805,"friends_count":4654,"listed_count":2,"created_at":"Mon Apr 05 03:58:40 +0000 2010","favourites_count":0,"utc_offset":-25200,"time_zone":"Arizona","geo_enabled":false,"verified":false,"statuses_count":3,"lang":"ja","contributors_enabled":false,"is_translator":false,"is_translation_enabled":false,"profile_background_color":"8B542B","profile_background_image_url":"http://abs.twimg.com/images/themes/theme8/bg.gif","profile_background_image_url_https":"https://abs.twimg.com/images/themes/theme8/bg.gif","profile_background_tile":false,"profile_image_url":"http://pbs.twimg.com/profile_images/858971680823103488/P4w8ogB4_normal.jpg","profile_image_url_https":"https://pbs.twimg.com/profile_images/858971680823103488/P4w8ogB4_normal.jpg","profile_link_color":"9D582E","profile_sidebar_border_color":"D9B17E","profile_sidebar_fill_color":"EADEAA","profile_text_color":"333333","profile_use_background_image":true,"has_extended_profile":false,"default_profile":false,"default_profile_image":false,"following":false,"follow_request_sent":false,"notifications":false,"translator_type":"none"},"geo":null,"coordinates":null,"place":null,"contributors":null,"is_quote_status":false,"retweet_count":102,"favorite_count":0,"favorited":false,"retweeted":false,"possibly_sensitive":false,"lang":"ja"},{"created_at":"Fri Jul 07 21:30:03 +0000 2017","id":883437982094549000,"id_str":"883437982094548994","text":"オフパコ興味ある人いる？？\nリアルで絡める人だけLINE送ってね(●・ω・●)\nhttps://t.co/daLLiMxfFQ","truncated":false,"entities":{"hashtags":[],"symbols":[],"user_mentions":[],"urls":[],"media":[{"id":881713116613976000,"id_str":"881713116613976064","indices":[40,63],"media_url":"http://pbs.twimg.com/media/DDx5aHWUIAAofSr.jpg","media_url_https":"https://pbs.twimg.com/media/DDx5aHWUIAAofSr.jpg","url":"https://t.co/daLLiMxfFQ","display_url":"pic.twitter.com/daLLiMxfFQ","expanded_url":"https://twitter.com/dubamub/status/881713148885057536/photo/1","type":"photo","sizes":{"thumb":{"w":150,"h":150,"resize":"crop"},"large":{"w":580,"h":435,"resize":"fit"},"small":{"w":580,"h":435,"resize":"fit"},"medium":{"w":580,"h":435,"resize":"fit"}},"source_status_id":881713148885057500,"source_status_id_str":"881713148885057536","source_user_id":715112866525806600,"source_user_id_str":"715112866525806592"}]},"extended_entities":{"media":[{"id":881713116613976000,"id_str":"881713116613976064","indices":[40,63],"media_url":"http://pbs.twimg.com/media/DDx5aHWUIAAofSr.jpg","media_url_https":"https://pbs.twimg.com/media/DDx5aHWUIAAofSr.jpg","url":"https://t.co/daLLiMxfFQ","display_url":"pic.twitter.com/daLLiMxfFQ","expanded_url":"https://twitter.com/dubamub/status/881713148885057536/photo/1","type":"photo","sizes":{"thumb":{"w":150,"h":150,"resize":"crop"},"large":{"w":580,"h":435,"resize":"fit"},"small":{"w":580,"h":435,"resize":"fit"},"medium":{"w":580,"h":435,"resize":"fit"}},"source_status_id":881713148885057500,"source_status_id_str":"881713148885057536","source_user_id":715112866525806600,"source_user_id_str":"715112866525806592"},{"id":881713128207024100,"id_str":"881713128207024129","indices":[40,63],"media_url":"http://pbs.twimg.com/media/DDx5ayiUAAEDwkP.jpg","media_url_https":"https://pbs.twimg.com/media/DDx5ayiUAAEDwkP.jpg","url":"https://t.co/daLLiMxfFQ","display_url":"pic.twitter.com/daLLiMxfFQ","expanded_url":"https://twitter.com/dubamub/status/881713148885057536/photo/1","type":"photo","sizes":{"small":{"w":360,"h":360,"resize":"fit"},"medium":{"w":360,"h":360,"resize":"fit"},"thumb":{"w":150,"h":150,"resize":"crop"},"large":{"w":360,"h":360,"resize":"fit"}},"source_status_id":881713148885057500,"source_status_id_str":"881713148885057536","source_user_id":715112866525806600,"source_user_id_str":"715112866525806592"},{"id":881713141754626000,"id_str":"881713141754626049","indices":[40,63],"media_url":"http://pbs.twimg.com/media/DDx5blAUAAEP4qO.jpg","media_url_https":"https://pbs.twimg.com/media/DDx5blAUAAEP4qO.jpg","url":"https://t.co/daLLiMxfFQ","display_url":"pic.twitter.com/daLLiMxfFQ","expanded_url":"https://twitter.com/dubamub/status/881713148885057536/photo/1","type":"photo","sizes":{"thumb":{"w":150,"h":150,"resize":"crop"},"large":{"w":580,"h":435,"resize":"fit"},"small":{"w":580,"h":435,"resize":"fit"},"medium":{"w":580,"h":435,"resize":"fit"}},"source_status_id":881713148885057500,"source_status_id_str":"881713148885057536","source_user_id":715112866525806600,"source_user_id_str":"715112866525806592"}]},"metadata":{"iso_language_code":"ja","result_type":"recent"},"source":"<a href=\"https://twitter.com\" rel=\"nofollow\">ccc fggyyy</a>","in_reply_to_status_id":null,"in_reply_to_status_id_str":null,"in_reply_to_user_id":null,"in_reply_to_user_id_str":null,"in_reply_to_screen_name":null,"user":{"id":844804721114165200,"id_str":"844804721114165248","name":"いろは☻おふぱこ募集 💕","screen_name":"iroha_tam","location":"","description":"オフパコ募集垢←興味ある人いますか(●・ω・●)？彼氏とかいりません！相性良ければセフでも💕セクロスはスポーツ(*`・ω・)ですｗ","url":null,"entities":{"description":{"urls":[]}},"protected":false,"followers_count":208,"friends_count":159,"listed_count":0,"created_at":"Thu Mar 23 06:55:16 +0000 2017","favourites_count":0,"utc_offset":-25200,"time_zone":"Pacific Time (US & Canada)","geo_enabled":false,"verified":false,"statuses_count":12,"lang":"ja","contributors_enabled":false,"is_translator":false,"is_translation_enabled":false,"profile_background_color":"F5F8FA","profile_background_image_url":null,"profile_background_image_url_https":null,"profile_background_tile":false,"profile_image_url":"http://pbs.twimg.com/profile_images/870113473966899200/Ti4v9ICg_normal.jpg","profile_image_url_https":"https://pbs.twimg.com/profile_images/870113473966899200/Ti4v9ICg_normal.jpg","profile_banner_url":"https://pbs.twimg.com/profile_banners/844804721114165248/1496286209","profile_link_color":"1DA1F2","profile_sidebar_border_color":"C0DEED","profile_sidebar_fill_color":"DDEEF6","profile_text_color":"333333","profile_use_background_image":true,"has_extended_profile":false,"default_profile":true,"default_profile_image":false,"following":false,"follow_request_sent":false,"notifications":false,"translator_type":"none"},"geo":null,"coordinates":null,"place":null,"contributors":null,"is_quote_status":false,"retweet_count":53,"favorite_count":0,"favorited":false,"retweeted":false,"possibly_sensitive":false,"lang":"ja"},{"created_at":"Fri Jul 07 21:30:02 +0000 2017","id":883437980098089000,"id_str":"883437980098088960","text":"おふぱこ募集なうなう\n\nリアルで絡める人だけLINEして！\nLINEはQRで追加してねー\n\n基本DM見てません(；´Д｀)\nhttps://t.co/FI6wkXux6o","truncated":false,"entities":{"hashtags":[],"symbols":[],"user_mentions":[],"urls":[],"media":[{"id":857848717784657900,"id_str":"857848717784657921","indices":[62,85],"media_url":"http://pbs.twimg.com/media/C-ew3R6UMAELBHC.jpg","media_url_https":"https://pbs.twimg.com/media/C-ew3R6UMAELBHC.jpg","url":"https://t.co/FI6wkXux6o","display_url":"pic.twitter.com/FI6wkXux6o","expanded_url":"https://twitter.com/befovec/status/857848740098461697/photo/1","type":"photo","sizes":{"small":{"w":360,"h":360,"resize":"fit"},"thumb":{"w":150,"h":150,"resize":"crop"},"medium":{"w":360,"h":360,"resize":"fit"},"large":{"w":360,"h":360,"resize":"fit"}},"source_status_id":857848740098461700,"source_status_id_str":"857848740098461697","source_user_id":715111575732924400,"source_user_id_str":"715111575732924416"}]},"extended_entities":{"media":[{"id":857848717784657900,"id_str":"857848717784657921","indices":[62,85],"media_url":"http://pbs.twimg.com/media/C-ew3R6UMAELBHC.jpg","media_url_https":"https://pbs.twimg.com/media/C-ew3R6UMAELBHC.jpg","url":"https://t.co/FI6wkXux6o","display_url":"pic.twitter.com/FI6wkXux6o","expanded_url":"https://twitter.com/befovec/status/857848740098461697/photo/1","type":"photo","sizes":{"small":{"w":360,"h":360,"resize":"fit"},"thumb":{"w":150,"h":150,"resize":"crop"},"medium":{"w":360,"h":360,"resize":"fit"},"large":{"w":360,"h":360,"resize":"fit"}},"source_status_id":857848740098461700,"source_status_id_str":"857848740098461697","source_user_id":715111575732924400,"source_user_id_str":"715111575732924416"},{"id":857848724470485000,"id_str":"857848724470484992","indices":[62,85],"media_url":"http://pbs.twimg.com/media/C-ew3q0V0AAK6d1.jpg","media_url_https":"https://pbs.twimg.com/media/C-ew3q0V0AAK6d1.jpg","url":"https://t.co/FI6wkXux6o","display_url":"pic.twitter.com/FI6wkXux6o","expanded_url":"https://twitter.com/befovec/status/857848740098461697/photo/1","type":"photo","sizes":{"thumb":{"w":150,"h":150,"resize":"crop"},"medium":{"w":580,"h":774,"resize":"fit"},"large":{"w":580,"h":774,"resize":"fit"},"small":{"w":510,"h":680,"resize":"fit"}},"source_status_id":857848740098461700,"source_status_id_str":"857848740098461697","source_user_id":715111575732924400,"source_user_id_str":"715111575732924416"}]},"metadata":{"iso_language_code":"ja","result_type":"recent"},"source":"<a href=\"https://twitter.com/\" rel=\"nofollow\">nocruy suelos</a>","in_reply_to_status_id":null,"in_reply_to_status_id_str":null,"in_reply_to_user_id":null,"in_reply_to_user_id_str":null,"in_reply_to_screen_name":null,"user":{"id":869486622282104800,"id_str":"869486622282104832","name":"ちえ♥オフパコ垢","screen_name":"chiechiess","location":"","description":"JD20( ･Θ･)ゞ基本的に発情してるんでｗｗオフパコしましょーｗｗｗ←優しくて清潔感ある年上の方で！","url":null,"entities":{"description":{"urls":[]}},"protected":false,"followers_count":43,"friends_count":9,"listed_count":0,"created_at":"Tue May 30 09:32:19 +0000 2017","favourites_count":0,"utc_offset":-25200,"time_zone":"Pacific Time (US & Canada)","geo_enabled":false,"verified":false,"statuses_count":4,"lang":"ja","contributors_enabled":false,"is_translator":false,"is_translation_enabled":false,"profile_background_color":"F5F8FA","profile_background_image_url":null,"profile_background_image_url_https":null,"profile_background_tile":false,"profile_image_url":"http://pbs.twimg.com/profile_images/869890420808884224/2T1owNLa_normal.jpg","profile_image_url_https":"https://pbs.twimg.com/profile_images/869890420808884224/2T1owNLa_normal.jpg","profile_link_color":"1DA1F2","profile_sidebar_border_color":"C0DEED","profile_sidebar_fill_color":"DDEEF6","profile_text_color":"333333","profile_use_background_image":true,"has_extended_profile":true,"default_profile":true,"default_profile_image":false,"following":false,"follow_request_sent":false,"notifications":false,"translator_type":"none"},"geo":null,"coordinates":null,"place":null,"contributors":null,"is_quote_status":false,"retweet_count":55,"favorite_count":0,"favorited":false,"retweeted":false,"possibly_sensitive":false,"lang":"ja"},{"created_at":"Fri Jul 07 21:30:02 +0000 2017","id":883437979779215400,"id_str":"883437979779215360","text":"オフパコ興味ある人いる？？\n基本夕方以降ひましてます(´・ω・｀)\n\nQRでLINE追加してメッセ下さいー\n\n基本DM見てません(；´Д｀)\nhttps://t.co/TmsxEQ1Tjp","truncated":false,"entities":{"hashtags":[],"symbols":[],"user_mentions":[],"urls":[],"media":[{"id":857848766732189700,"id_str":"857848766732189696","indices":[71,94],"media_url":"http://pbs.twimg.com/media/C-ew6IQUQAA7AIA.jpg","media_url_https":"https://pbs.twimg.com/media/C-ew6IQUQAA7AIA.jpg","url":"https://t.co/TmsxEQ1Tjp","display_url":"pic.twitter.com/TmsxEQ1Tjp","expanded_url":"https://twitter.com/befovec/status/857848785308762112/photo/1","type":"photo","sizes":{"thumb":{"w":150,"h":150,"resize":"crop"},"medium":{"w":580,"h":774,"resize":"fit"},"large":{"w":580,"h":774,"resize":"fit"},"small":{"w":510,"h":680,"resize":"fit"}},"source_status_id":857848785308762100,"source_status_id_str":"857848785308762112","source_user_id":715111575732924400,"source_user_id_str":"715111575732924416"}]},"extended_entities":{"media":[{"id":857848766732189700,"id_str":"857848766732189696","indices":[71,94],"media_url":"http://pbs.twimg.com/media/C-ew6IQUQAA7AIA.jpg","media_url_https":"https://pbs.twimg.com/media/C-ew6IQUQAA7AIA.jpg","url":"https://t.co/TmsxEQ1Tjp","display_url":"pic.twitter.com/TmsxEQ1Tjp","expanded_url":"https://twitter.com/befovec/status/857848785308762112/photo/1","type":"photo","sizes":{"thumb":{"w":150,"h":150,"resize":"crop"},"medium":{"w":580,"h":774,"resize":"fit"},"large":{"w":580,"h":774,"resize":"fit"},"small":{"w":510,"h":680,"resize":"fit"}},"source_status_id":857848785308762100,"source_status_id_str":"857848785308762112","source_user_id":715111575732924400,"source_user_id_str":"715111575732924416"},{"id":857848775875874800,"id_str":"857848775875874816","indices":[71,94],"media_url":"http://pbs.twimg.com/media/C-ew6qUV0AAbq1x.jpg","media_url_https":"https://pbs.twimg.com/media/C-ew6qUV0AAbq1x.jpg","url":"https://t.co/TmsxEQ1Tjp","display_url":"pic.twitter.com/TmsxEQ1Tjp","expanded_url":"https://twitter.com/befovec/status/857848785308762112/photo/1","type":"photo","sizes":{"small":{"w":360,"h":360,"resize":"fit"},"thumb":{"w":150,"h":150,"resize":"crop"},"medium":{"w":360,"h":360,"resize":"fit"},"large":{"w":360,"h":360,"resize":"fit"}},"source_status_id":857848785308762100,"source_status_id_str":"857848785308762112","source_user_id":715111575732924400,"source_user_id_str":"715111575732924416"}]},"metadata":{"iso_language_code":"ja","result_type":"recent"},"source":"<a href=\"https://twitter.com/\" rel=\"nofollow\">dhsu asjisa</a>","in_reply_to_status_id":null,"in_reply_to_status_id_str":null,"in_reply_to_user_id":null,"in_reply_to_user_id_str":null,"in_reply_to_screen_name":null,"user":{"id":855703966608277500,"id_str":"855703966608277504","name":"ちえ→おふパコ垢","screen_name":"chie_chimm","location":"","description":"JD20( ･Θ･)ゞ基本的に発情してるんでｗｗオフパコしましょーｗｗｗ年上で優しい人いたら誘って←","url":null,"entities":{"description":{"urls":[]}},"protected":false,"followers_count":209,"friends_count":7,"listed_count":0,"created_at":"Sat Apr 22 08:44:58 +0000 2017","favourites_count":0,"utc_offset":-25200,"time_zone":"Pacific Time (US & Canada)","geo_enabled":false,"verified":false,"statuses_count":9,"lang":"ja","contributors_enabled":false,"is_translator":false,"is_translation_enabled":false,"profile_background_color":"F5F8FA","profile_background_image_url":null,"profile_background_image_url_https":null,"profile_background_tile":false,"profile_image_url":"http://pbs.twimg.com/profile_images/857173434056495104/Rm80RxDe_normal.jpg","profile_image_url_https":"https://pbs.twimg.com/profile_images/857173434056495104/Rm80RxDe_normal.jpg","profile_link_color":"1DA1F2","profile_sidebar_border_color":"C0DEED","profile_sidebar_fill_color":"DDEEF6","profile_text_color":"333333","profile_use_background_image":true,"has_extended_profile":true,"default_profile":true,"default_profile_image":false,"following":false,"follow_request_sent":false,"notifications":false,"translator_type":"none"},"geo":null,"coordinates":null,"place":null,"contributors":null,"is_quote_status":false,"retweet_count":56,"favorite_count":2,"favorited":false,"retweeted":false,"possibly_sensitive":false,"lang":"ja"},{"created_at":"Fri Jul 07 21:30:02 +0000 2017","id":883437979519246300,"id_str":"883437979519246336","text":"おふパコできる人いる？ｗ\n興味あったらLINE下さい(´・ω・｀)\n\nLINEQRで追加してー\n基本DM見てません(；´Д｀)\nhttps://t.co/38aGjawyAB","truncated":false,"entities":{"hashtags":[],"symbols":[],"user_mentions":[],"urls":[],"media":[{"id":857848717784657900,"id_str":"857848717784657921","indices":[64,87],"media_url":"http://pbs.twimg.com/media/C-ew3R6UMAELBHC.jpg","media_url_https":"https://pbs.twimg.com/media/C-ew3R6UMAELBHC.jpg","url":"https://t.co/38aGjawyAB","display_url":"pic.twitter.com/38aGjawyAB","expanded_url":"https://twitter.com/befovec/status/857848740098461697/photo/1","type":"photo","sizes":{"small":{"w":360,"h":360,"resize":"fit"},"thumb":{"w":150,"h":150,"resize":"crop"},"medium":{"w":360,"h":360,"resize":"fit"},"large":{"w":360,"h":360,"resize":"fit"}},"source_status_id":857848740098461700,"source_status_id_str":"857848740098461697","source_user_id":715111575732924400,"source_user_id_str":"715111575732924416"}]},"extended_entities":{"media":[{"id":857848717784657900,"id_str":"857848717784657921","indices":[64,87],"media_url":"http://pbs.twimg.com/media/C-ew3R6UMAELBHC.jpg","media_url_https":"https://pbs.twimg.com/media/C-ew3R6UMAELBHC.jpg","url":"https://t.co/38aGjawyAB","display_url":"pic.twitter.com/38aGjawyAB","expanded_url":"https://twitter.com/befovec/status/857848740098461697/photo/1","type":"photo","sizes":{"small":{"w":360,"h":360,"resize":"fit"},"thumb":{"w":150,"h":150,"resize":"crop"},"medium":{"w":360,"h":360,"resize":"fit"},"large":{"w":360,"h":360,"resize":"fit"}},"source_status_id":857848740098461700,"source_status_id_str":"857848740098461697","source_user_id":715111575732924400,"source_user_id_str":"715111575732924416"},{"id":857848724470485000,"id_str":"857848724470484992","indices":[64,87],"media_url":"http://pbs.twimg.com/media/C-ew3q0V0AAK6d1.jpg","media_url_https":"https://pbs.twimg.com/media/C-ew3q0V0AAK6d1.jpg","url":"https://t.co/38aGjawyAB","display_url":"pic.twitter.com/38aGjawyAB","expanded_url":"https://twitter.com/befovec/status/857848740098461697/photo/1","type":"photo","sizes":{"thumb":{"w":150,"h":150,"resize":"crop"},"medium":{"w":580,"h":774,"resize":"fit"},"large":{"w":580,"h":774,"resize":"fit"},"small":{"w":510,"h":680,"resize":"fit"}},"source_status_id":857848740098461700,"source_status_id_str":"857848740098461697","source_user_id":715111575732924400,"source_user_id_str":"715111575732924416"}]},"metadata":{"iso_language_code":"ja","result_type":"recent"},"source":"<a href=\"https://twitter.com/\" rel=\"nofollow\">trfgk atgfpm</a>","in_reply_to_status_id":null,"in_reply_to_status_id_str":null,"in_reply_to_user_id":null,"in_reply_to_user_id_str":null,"in_reply_to_screen_name":null,"user":{"id":868742772735434800,"id_str":"868742772735434753","name":"チエ→おふぱこ垢","screen_name":"chieeetm","location":"","description":"♡ディズニー大好き♡JD20( ･Θ･)ゞ　基本的に発情してるんでｗｗオフパコしましょーｗｗｗ←優しくて清潔感ある年上の方で！","url":null,"entities":{"description":{"urls":[]}},"protected":false,"followers_count":88,"friends_count":9,"listed_count":0,"created_at":"Sun May 28 08:16:32 +0000 2017","favourites_count":0,"utc_offset":-25200,"time_zone":"Pacific Time (US & Canada)","geo_enabled":false,"verified":false,"statuses_count":9,"lang":"ja","contributors_enabled":false,"is_translator":false,"is_translation_enabled":false,"profile_background_color":"000000","profile_background_image_url":"http://abs.twimg.com/images/themes/theme1/bg.png","profile_background_image_url_https":"https://abs.twimg.com/images/themes/theme1/bg.png","profile_background_tile":false,"profile_image_url":"http://pbs.twimg.com/profile_images/871649669494915073/W8cB4ycl_normal.jpg","profile_image_url_https":"https://pbs.twimg.com/profile_images/871649669494915073/W8cB4ycl_normal.jpg","profile_link_color":"F58EA8","profile_sidebar_border_color":"000000","profile_sidebar_fill_color":"000000","profile_text_color":"000000","profile_use_background_image":false,"has_extended_profile":false,"default_profile":false,"default_profile_image":false,"following":false,"follow_request_sent":false,"notifications":false,"translator_type":"none"},"geo":null,"coordinates":null,"place":null,"contributors":null,"is_quote_status":false,"retweet_count":57,"favorite_count":0,"favorited":false,"retweeted":false,"possibly_sensitive":false,"lang":"ja"},{"created_at":"Fri Jul 07 21:30:02 +0000 2017","id":883437978772660200,"id_str":"883437978772660224","text":"おふぱこ募集なうなう\n\nリアルで絡める人だけLINEして！\nLINEはQRで追加してねー\n\n基本DM見てません(；´Д｀)\nhttps://t.co/5wZuPZVLUD","truncated":false,"entities":{"hashtags":[],"symbols":[],"user_mentions":[],"urls":[],"media":[{"id":857848717784657900,"id_str":"857848717784657921","indices":[62,85],"media_url":"http://pbs.twimg.com/media/C-ew3R6UMAELBHC.jpg","media_url_https":"https://pbs.twimg.com/media/C-ew3R6UMAELBHC.jpg","url":"https://t.co/5wZuPZVLUD","display_url":"pic.twitter.com/5wZuPZVLUD","expanded_url":"https://twitter.com/befovec/status/857848740098461697/photo/1","type":"photo","sizes":{"small":{"w":360,"h":360,"resize":"fit"},"thumb":{"w":150,"h":150,"resize":"crop"},"medium":{"w":360,"h":360,"resize":"fit"},"large":{"w":360,"h":360,"resize":"fit"}},"source_status_id":857848740098461700,"source_status_id_str":"857848740098461697","source_user_id":715111575732924400,"source_user_id_str":"715111575732924416"}]},"extended_entities":{"media":[{"id":857848717784657900,"id_str":"857848717784657921","indices":[62,85],"media_url":"http://pbs.twimg.com/media/C-ew3R6UMAELBHC.jpg","media_url_https":"https://pbs.twimg.com/media/C-ew3R6UMAELBHC.jpg","url":"https://t.co/5wZuPZVLUD","display_url":"pic.twitter.com/5wZuPZVLUD","expanded_url":"https://twitter.com/befovec/status/857848740098461697/photo/1","type":"photo","sizes":{"small":{"w":360,"h":360,"resize":"fit"},"thumb":{"w":150,"h":150,"resize":"crop"},"medium":{"w":360,"h":360,"resize":"fit"},"large":{"w":360,"h":360,"resize":"fit"}},"source_status_id":857848740098461700,"source_status_id_str":"857848740098461697","source_user_id":715111575732924400,"source_user_id_str":"715111575732924416"},{"id":857848724470485000,"id_str":"857848724470484992","indices":[62,85],"media_url":"http://pbs.twimg.com/media/C-ew3q0V0AAK6d1.jpg","media_url_https":"https://pbs.twimg.com/media/C-ew3q0V0AAK6d1.jpg","url":"https://t.co/5wZuPZVLUD","display_url":"pic.twitter.com/5wZuPZVLUD","expanded_url":"https://twitter.com/befovec/status/857848740098461697/photo/1","type":"photo","sizes":{"thumb":{"w":150,"h":150,"resize":"crop"},"medium":{"w":580,"h":774,"resize":"fit"},"large":{"w":580,"h":774,"resize":"fit"},"small":{"w":510,"h":680,"resize":"fit"}},"source_status_id":857848740098461700,"source_status_id_str":"857848740098461697","source_user_id":715111575732924400,"source_user_id_str":"715111575732924416"}]},"metadata":{"iso_language_code":"ja","result_type":"recent"},"source":"<a href=\"https://twitter.com/\" rel=\"nofollow\">hoxki niewrt</a>","in_reply_to_status_id":null,"in_reply_to_status_id_str":null,"in_reply_to_user_id":null,"in_reply_to_user_id_str":null,"in_reply_to_screen_name":null,"user":{"id":858362104499249200,"id_str":"858362104499249156","name":"ちえ→オフパコ垢","screen_name":"chie_chiiz","location":"","description":"JD20(´・ω・｀)軽いセクロス依存症←おふぱことか興味ありすぎてｗ年上で優しい人いたら誘って(´・ω・｀)","url":null,"entities":{"description":{"urls":[]}},"protected":false,"followers_count":163,"friends_count":7,"listed_count":0,"created_at":"Sat Apr 29 16:47:28 +0000 2017","favourites_count":0,"utc_offset":-25200,"time_zone":"Pacific Time (US & Canada)","geo_enabled":false,"verified":false,"statuses_count":12,"lang":"ja","contributors_enabled":false,"is_translator":false,"is_translation_enabled":false,"profile_background_color":"F5F8FA","profile_background_image_url":null,"profile_background_image_url_https":null,"profile_background_tile":false,"profile_image_url":"http://pbs.twimg.com/profile_images/859040349573988352/9QTuPb_T_normal.jpg","profile_image_url_https":"https://pbs.twimg.com/profile_images/859040349573988352/9QTuPb_T_normal.jpg","profile_link_color":"1DA1F2","profile_sidebar_border_color":"C0DEED","profile_sidebar_fill_color":"DDEEF6","profile_text_color":"333333","profile_use_background_image":true,"has_extended_profile":true,"default_profile":true,"default_profile_image":false,"following":false,"follow_request_sent":false,"notifications":false,"translator_type":"none"},"geo":null,"coordinates":null,"place":null,"contributors":null,"is_quote_status":false,"retweet_count":56,"favorite_count":0,"favorited":false,"retweeted":false,"possibly_sensitive":false,"lang":"ja"},{"created_at":"Fri Jul 07 21:30:02 +0000 2017","id":883437978399277000,"id_str":"883437978399277057","text":"暇してる人いるかな？\nオフパコ興味あるー？♥♥\n\n絡み希望の人はLINEでメッセ送ってね(●・ω・●)\nhttps://t.co/ZebPLDLzeS","truncated":false,"entities":{"hashtags":[],"symbols":[],"user_mentions":[],"urls":[],"media":[{"id":881713116613976000,"id_str":"881713116613976064","indices":[52,75],"media_url":"http://pbs.twimg.com/media/DDx5aHWUIAAofSr.jpg","media_url_https":"https://pbs.twimg.com/media/DDx5aHWUIAAofSr.jpg","url":"https://t.co/ZebPLDLzeS","display_url":"pic.twitter.com/ZebPLDLzeS","expanded_url":"https://twitter.com/dubamub/status/881713148885057536/photo/1","type":"photo","sizes":{"thumb":{"w":150,"h":150,"resize":"crop"},"large":{"w":580,"h":435,"resize":"fit"},"small":{"w":580,"h":435,"resize":"fit"},"medium":{"w":580,"h":435,"resize":"fit"}},"source_status_id":881713148885057500,"source_status_id_str":"881713148885057536","source_user_id":715112866525806600,"source_user_id_str":"715112866525806592"}]},"extended_entities":{"media":[{"id":881713116613976000,"id_str":"881713116613976064","indices":[52,75],"media_url":"http://pbs.twimg.com/media/DDx5aHWUIAAofSr.jpg","media_url_https":"https://pbs.twimg.com/media/DDx5aHWUIAAofSr.jpg","url":"https://t.co/ZebPLDLzeS","display_url":"pic.twitter.com/ZebPLDLzeS","expanded_url":"https://twitter.com/dubamub/status/881713148885057536/photo/1","type":"photo","sizes":{"thumb":{"w":150,"h":150,"resize":"crop"},"large":{"w":580,"h":435,"resize":"fit"},"small":{"w":580,"h":435,"resize":"fit"},"medium":{"w":580,"h":435,"resize":"fit"}},"source_status_id":881713148885057500,"source_status_id_str":"881713148885057536","source_user_id":715112866525806600,"source_user_id_str":"715112866525806592"},{"id":881713128207024100,"id_str":"881713128207024129","indices":[52,75],"media_url":"http://pbs.twimg.com/media/DDx5ayiUAAEDwkP.jpg","media_url_https":"https://pbs.twimg.com/media/DDx5ayiUAAEDwkP.jpg","url":"https://t.co/ZebPLDLzeS","display_url":"pic.twitter.com/ZebPLDLzeS","expanded_url":"https://twitter.com/dubamub/status/881713148885057536/photo/1","type":"photo","sizes":{"small":{"w":360,"h":360,"resize":"fit"},"medium":{"w":360,"h":360,"resize":"fit"},"thumb":{"w":150,"h":150,"resize":"crop"},"large":{"w":360,"h":360,"resize":"fit"}},"source_status_id":881713148885057500,"source_status_id_str":"881713148885057536","source_user_id":715112866525806600,"source_user_id_str":"715112866525806592"},{"id":881713141754626000,"id_str":"881713141754626049","indices":[52,75],"media_url":"http://pbs.twimg.com/media/DDx5blAUAAEP4qO.jpg","media_url_https":"https://pbs.twimg.com/media/DDx5blAUAAEP4qO.jpg","url":"https://t.co/ZebPLDLzeS","display_url":"pic.twitter.com/ZebPLDLzeS","expanded_url":"https://twitter.com/dubamub/status/881713148885057536/photo/1","type":"photo","sizes":{"thumb":{"w":150,"h":150,"resize":"crop"},"large":{"w":580,"h":435,"resize":"fit"},"small":{"w":580,"h":435,"resize":"fit"},"medium":{"w":580,"h":435,"resize":"fit"}},"source_status_id":881713148885057500,"source_status_id_str":"881713148885057536","source_user_id":715112866525806600,"source_user_id_str":"715112866525806592"}]},"metadata":{"iso_language_code":"ja","result_type":"recent"},"source":"<a href=\"https://twitter.com/\" rel=\"nofollow\">dfuef yyywpm</a>","in_reply_to_status_id":null,"in_reply_to_status_id_str":null,"in_reply_to_user_id":null,"in_reply_to_user_id_str":null,"in_reply_to_screen_name":null,"user":{"id":856418469385969700,"id_str":"856418469385969666","name":"いろは@おふぱこ募集","screen_name":"irohharo","location":"","description":"オフパコ募集垢←興味ある人いますか(●・ω・●)？彼氏とかいりません！相性良ければセフでも💕セクロスはスポーツ(*`・ω・)ですｗ","url":null,"entities":{"description":{"urls":[]}},"protected":false,"followers_count":175,"friends_count":8,"listed_count":0,"created_at":"Mon Apr 24 08:04:09 +0000 2017","favourites_count":0,"utc_offset":-25200,"time_zone":"Pacific Time (US & Canada)","geo_enabled":false,"verified":false,"statuses_count":10,"lang":"ja","contributors_enabled":false,"is_translator":false,"is_translation_enabled":false,"profile_background_color":"F5F8FA","profile_background_image_url":null,"profile_background_image_url_https":null,"profile_background_tile":false,"profile_image_url":"http://pbs.twimg.com/profile_images/879982257984872448/MI8KqjBo_normal.jpg","profile_image_url_https":"https://pbs.twimg.com/profile_images/879982257984872448/MI8KqjBo_normal.jpg","profile_banner_url":"https://pbs.twimg.com/profile_banners/856418469385969666/1498639109","profile_link_color":"1DA1F2","profile_sidebar_border_color":"C0DEED","profile_sidebar_fill_color":"DDEEF6","profile_text_color":"333333","profile_use_background_image":true,"has_extended_profile":false,"default_profile":true,"default_profile_image":false,"following":false,"follow_request_sent":false,"notifications":false,"translator_type":"none"},"geo":null,"coordinates":null,"place":null,"contributors":null,"is_quote_status":false,"retweet_count":49,"favorite_count":0,"favorited":false,"retweeted":false,"possibly_sensitive":false,"lang":"ja"},{"created_at":"Fri Jul 07 21:30:01 +0000 2017","id":883437977510084600,"id_str":"883437977510084608","text":"おふぱこ募集なうなう\n\nリアルで絡める人だけLINEして！\nLINEはQRで追加してねー\n\n基本DM見てません(；´Д｀)\nhttps://t.co/z2UzUrv3i3","truncated":false,"entities":{"hashtags":[],"symbols":[],"user_mentions":[],"urls":[],"media":[{"id":857848717784657900,"id_str":"857848717784657921","indices":[62,85],"media_url":"http://pbs.twimg.com/media/C-ew3R6UMAELBHC.jpg","media_url_https":"https://pbs.twimg.com/media/C-ew3R6UMAELBHC.jpg","url":"https://t.co/z2UzUrv3i3","display_url":"pic.twitter.com/z2UzUrv3i3","expanded_url":"https://twitter.com/befovec/status/857848740098461697/photo/1","type":"photo","sizes":{"small":{"w":360,"h":360,"resize":"fit"},"thumb":{"w":150,"h":150,"resize":"crop"},"medium":{"w":360,"h":360,"resize":"fit"},"large":{"w":360,"h":360,"resize":"fit"}},"source_status_id":857848740098461700,"source_status_id_str":"857848740098461697","source_user_id":715111575732924400,"source_user_id_str":"715111575732924416"}]},"extended_entities":{"media":[{"id":857848717784657900,"id_str":"857848717784657921","indices":[62,85],"media_url":"http://pbs.twimg.com/media/C-ew3R6UMAELBHC.jpg","media_url_https":"https://pbs.twimg.com/media/C-ew3R6UMAELBHC.jpg","url":"https://t.co/z2UzUrv3i3","display_url":"pic.twitter.com/z2UzUrv3i3","expanded_url":"https://twitter.com/befovec/status/857848740098461697/photo/1","type":"photo","sizes":{"small":{"w":360,"h":360,"resize":"fit"},"thumb":{"w":150,"h":150,"resize":"crop"},"medium":{"w":360,"h":360,"resize":"fit"},"large":{"w":360,"h":360,"resize":"fit"}},"source_status_id":857848740098461700,"source_status_id_str":"857848740098461697","source_user_id":715111575732924400,"source_user_id_str":"715111575732924416"},{"id":857848724470485000,"id_str":"857848724470484992","indices":[62,85],"media_url":"http://pbs.twimg.com/media/C-ew3q0V0AAK6d1.jpg","media_url_https":"https://pbs.twimg.com/media/C-ew3q0V0AAK6d1.jpg","url":"https://t.co/z2UzUrv3i3","display_url":"pic.twitter.com/z2UzUrv3i3","expanded_url":"https://twitter.com/befovec/status/857848740098461697/photo/1","type":"photo","sizes":{"thumb":{"w":150,"h":150,"resize":"crop"},"medium":{"w":580,"h":774,"resize":"fit"},"large":{"w":580,"h":774,"resize":"fit"},"small":{"w":510,"h":680,"resize":"fit"}},"source_status_id":857848740098461700,"source_status_id_str":"857848740098461697","source_user_id":715111575732924400,"source_user_id_str":"715111575732924416"}]},"metadata":{"iso_language_code":"ja","result_type":"recent"},"source":"<a href=\"https://twitter.com/\" rel=\"nofollow\">uxasi wavyu</a>","in_reply_to_status_id":null,"in_reply_to_status_id_str":null,"in_reply_to_user_id":null,"in_reply_to_user_id_str":null,"in_reply_to_screen_name":null,"user":{"id":858686818979467300,"id_str":"858686818979467264","name":"ちえ♥オフパコ垢","screen_name":"chie_chiepi","location":"","description":"JD20( ･Θ･)ゞ基本的に発情してるんでｗｗオフパコしましょーｗｗｗ←優しくて清潔感ある年上の方で！","url":null,"entities":{"description":{"urls":[]}},"protected":false,"followers_count":137,"friends_count":7,"listed_count":0,"created_at":"Sun Apr 30 14:17:46 +0000 2017","favourites_count":0,"utc_offset":-25200,"time_zone":"Pacific Time (US & Canada)","geo_enabled":false,"verified":false,"statuses_count":10,"lang":"ja","contributors_enabled":false,"is_translator":false,"is_translation_enabled":false,"profile_background_color":"F5F8FA","profile_background_image_url":null,"profile_background_image_url_https":null,"profile_background_tile":false,"profile_image_url":"http://pbs.twimg.com/profile_images/859344126759899136/DEbNe-FF_normal.jpg","profile_image_url_https":"https://pbs.twimg.com/profile_images/859344126759899136/DEbNe-FF_normal.jpg","profile_link_color":"1DA1F2","profile_sidebar_border_color":"C0DEED","profile_sidebar_fill_color":"DDEEF6","profile_text_color":"333333","profile_use_background_image":true,"has_extended_profile":true,"default_profile":true,"default_profile_image":false,"following":false,"follow_request_sent":false,"notifications":false,"translator_type":"none"},"geo":null,"coordinates":null,"place":null,"contributors":null,"is_quote_status":false,"retweet_count":56,"favorite_count":0,"favorited":false,"retweeted":false,"possibly_sensitive":false,"lang":"ja"},{"created_at":"Fri Jul 07 21:30:01 +0000 2017","id":883437977225105400,"id_str":"883437977225105408","text":"おふパコできる人いる？ｗ\n興味あったらLINE下さい(´・ω・｀)\n\nLINEQRで追加してー\n基本DM見てません(；´Д｀)\nhttps://t.co/ppFEKTtdbu","truncated":false,"entities":{"hashtags":[],"symbols":[],"user_mentions":[],"urls":[],"media":[{"id":857848717784657900,"id_str":"857848717784657921","indices":[64,87],"media_url":"http://pbs.twimg.com/media/C-ew3R6UMAELBHC.jpg","media_url_https":"https://pbs.twimg.com/media/C-ew3R6UMAELBHC.jpg","url":"https://t.co/ppFEKTtdbu","display_url":"pic.twitter.com/ppFEKTtdbu","expanded_url":"https://twitter.com/befovec/status/857848740098461697/photo/1","type":"photo","sizes":{"small":{"w":360,"h":360,"resize":"fit"},"thumb":{"w":150,"h":150,"resize":"crop"},"medium":{"w":360,"h":360,"resize":"fit"},"large":{"w":360,"h":360,"resize":"fit"}},"source_status_id":857848740098461700,"source_status_id_str":"857848740098461697","source_user_id":715111575732924400,"source_user_id_str":"715111575732924416"}]},"extended_entities":{"media":[{"id":857848717784657900,"id_str":"857848717784657921","indices":[64,87],"media_url":"http://pbs.twimg.com/media/C-ew3R6UMAELBHC.jpg","media_url_https":"https://pbs.twimg.com/media/C-ew3R6UMAELBHC.jpg","url":"https://t.co/ppFEKTtdbu","display_url":"pic.twitter.com/ppFEKTtdbu","expanded_url":"https://twitter.com/befovec/status/857848740098461697/photo/1","type":"photo","sizes":{"small":{"w":360,"h":360,"resize":"fit"},"thumb":{"w":150,"h":150,"resize":"crop"},"medium":{"w":360,"h":360,"resize":"fit"},"large":{"w":360,"h":360,"resize":"fit"}},"source_status_id":857848740098461700,"source_status_id_str":"857848740098461697","source_user_id":715111575732924400,"source_user_id_str":"715111575732924416"},{"id":857848724470485000,"id_str":"857848724470484992","indices":[64,87],"media_url":"http://pbs.twimg.com/media/C-ew3q0V0AAK6d1.jpg","media_url_https":"https://pbs.twimg.com/media/C-ew3q0V0AAK6d1.jpg","url":"https://t.co/ppFEKTtdbu","display_url":"pic.twitter.com/ppFEKTtdbu","expanded_url":"https://twitter.com/befovec/status/857848740098461697/photo/1","type":"photo","sizes":{"thumb":{"w":150,"h":150,"resize":"crop"},"medium":{"w":580,"h":774,"resize":"fit"},"large":{"w":580,"h":774,"resize":"fit"},"small":{"w":510,"h":680,"resize":"fit"}},"source_status_id":857848740098461700,"source_status_id_str":"857848740098461697","source_user_id":715111575732924400,"source_user_id_str":"715111575732924416"}]},"metadata":{"iso_language_code":"ja","result_type":"recent"},"source":"<a href=\"https://twitter.com/\" rel=\"nofollow\">iouuu taaaas</a>","in_reply_to_status_id":null,"in_reply_to_status_id_str":null,"in_reply_to_user_id":null,"in_reply_to_user_id_str":null,"in_reply_to_screen_name":null,"user":{"id":856454584084058100,"id_str":"856454584084058112","name":"チエ☻*おふぱこ垢","screen_name":"chiie_offpaco","location":"","description":"JD20(´・ω・｀)軽いセクロス依存症←おふぱことか興味ありすぎてｗ年上で優しい人いたら誘って(´・ω・｀)","url":null,"entities":{"description":{"urls":[]}},"protected":false,"followers_count":228,"friends_count":7,"listed_count":0,"created_at":"Mon Apr 24 10:27:39 +0000 2017","favourites_count":0,"utc_offset":-25200,"time_zone":"Pacific Time (US & Canada)","geo_enabled":false,"verified":false,"statuses_count":9,"lang":"ja","contributors_enabled":false,"is_translator":false,"is_translation_enabled":false,"profile_background_color":"F5F8FA","profile_background_image_url":null,"profile_background_image_url_https":null,"profile_background_tile":false,"profile_image_url":"http://pbs.twimg.com/profile_images/856849027362684932/a_1nKq_Y_normal.jpg","profile_image_url_https":"https://pbs.twimg.com/profile_images/856849027362684932/a_1nKq_Y_normal.jpg","profile_link_color":"1DA1F2","profile_sidebar_border_color":"C0DEED","profile_sidebar_fill_color":"DDEEF6","profile_text_color":"333333","profile_use_background_image":true,"has_extended_profile":false,"default_profile":true,"default_profile_image":false,"following":false,"follow_request_sent":false,"notifications":false,"translator_type":"none"},"geo":null,"coordinates":null,"place":null,"contributors":null,"is_quote_status":false,"retweet_count":54,"favorite_count":0,"favorited":false,"retweeted":false,"possibly_sensitive":false,"lang":"ja"},{"created_at":"Fri Jul 07 21:30:01 +0000 2017","id":883437977006768100,"id_str":"883437977006768128","text":"おふパコできる人いる？ｗ\n興味あったらLINE下さい(´・ω・｀)\n\nLINEQRで追加してー\n基本DM見てません(；´Д｀)\nhttps://t.co/wFRlyBjoWm","truncated":false,"entities":{"hashtags":[],"symbols":[],"user_mentions":[],"urls":[],"media":[{"id":857848717784657900,"id_str":"857848717784657921","indices":[64,87],"media_url":"http://pbs.twimg.com/media/C-ew3R6UMAELBHC.jpg","media_url_https":"https://pbs.twimg.com/media/C-ew3R6UMAELBHC.jpg","url":"https://t.co/wFRlyBjoWm","display_url":"pic.twitter.com/wFRlyBjoWm","expanded_url":"https://twitter.com/befovec/status/857848740098461697/photo/1","type":"photo","sizes":{"small":{"w":360,"h":360,"resize":"fit"},"thumb":{"w":150,"h":150,"resize":"crop"},"medium":{"w":360,"h":360,"resize":"fit"},"large":{"w":360,"h":360,"resize":"fit"}},"source_status_id":857848740098461700,"source_status_id_str":"857848740098461697","source_user_id":715111575732924400,"source_user_id_str":"715111575732924416"}]},"extended_entities":{"media":[{"id":857848717784657900,"id_str":"857848717784657921","indices":[64,87],"media_url":"http://pbs.twimg.com/media/C-ew3R6UMAELBHC.jpg","media_url_https":"https://pbs.twimg.com/media/C-ew3R6UMAELBHC.jpg","url":"https://t.co/wFRlyBjoWm","display_url":"pic.twitter.com/wFRlyBjoWm","expanded_url":"https://twitter.com/befovec/status/857848740098461697/photo/1","type":"photo","sizes":{"small":{"w":360,"h":360,"resize":"fit"},"thumb":{"w":150,"h":150,"resize":"crop"},"medium":{"w":360,"h":360,"resize":"fit"},"large":{"w":360,"h":360,"resize":"fit"}},"source_status_id":857848740098461700,"source_status_id_str":"857848740098461697","source_user_id":715111575732924400,"source_user_id_str":"715111575732924416"},{"id":857848724470485000,"id_str":"857848724470484992","indices":[64,87],"media_url":"http://pbs.twimg.com/media/C-ew3q0V0AAK6d1.jpg","media_url_https":"https://pbs.twimg.com/media/C-ew3q0V0AAK6d1.jpg","url":"https://t.co/wFRlyBjoWm","display_url":"pic.twitter.com/wFRlyBjoWm","expanded_url":"https://twitter.com/befovec/status/857848740098461697/photo/1","type":"photo","sizes":{"thumb":{"w":150,"h":150,"resize":"crop"},"medium":{"w":580,"h":774,"resize":"fit"},"large":{"w":580,"h":774,"resize":"fit"},"small":{"w":510,"h":680,"resize":"fit"}},"source_status_id":857848740098461700,"source_status_id_str":"857848740098461697","source_user_id":715111575732924400,"source_user_id_str":"715111575732924416"}]},"metadata":{"iso_language_code":"ja","result_type":"recent"},"source":"<a href=\"https://twitter.com/\" rel=\"nofollow\">adkon xwyuu</a>","in_reply_to_status_id":null,"in_reply_to_status_id_str":null,"in_reply_to_user_id":null,"in_reply_to_user_id_str":null,"in_reply_to_screen_name":null,"user":{"id":869431041341087700,"id_str":"869431041341087744","name":"ちえ→おふパコ垢","screen_name":"chi_chiiee","location":"","description":"JD20( ･Θ･)ゞ基本的に発情してるんでｗｗオフパコしましょーｗｗｗ年上で優しい人いたら誘って←","url":null,"entities":{"description":{"urls":[]}},"protected":false,"followers_count":87,"friends_count":9,"listed_count":0,"created_at":"Tue May 30 05:51:28 +0000 2017","favourites_count":0,"utc_offset":-25200,"time_zone":"Pacific Time (US & Canada)","geo_enabled":false,"verified":false,"statuses_count":9,"lang":"ja","contributors_enabled":false,"is_translator":false,"is_translation_enabled":false,"profile_background_color":"F5F8FA","profile_background_image_url":null,"profile_background_image_url_https":null,"profile_background_tile":false,"profile_image_url":"http://pbs.twimg.com/profile_images/869873882206842881/oiuK5igs_normal.jpg","profile_image_url_https":"https://pbs.twimg.com/profile_images/869873882206842881/oiuK5igs_normal.jpg","profile_link_color":"1DA1F2","profile_sidebar_border_color":"C0DEED","profile_sidebar_fill_color":"DDEEF6","profile_text_color":"333333","profile_use_background_image":true,"has_extended_profile":true,"default_profile":true,"default_profile_image":false,"following":false,"follow_request_sent":false,"notifications":false,"translator_type":"none"},"geo":null,"coordinates":null,"place":null,"contributors":null,"is_quote_status":false,"retweet_count":57,"favorite_count":0,"favorited":false,"retweeted":false,"possibly_sensitive":false,"lang":"ja"},{"created_at":"Fri Jul 07 21:30:01 +0000 2017","id":883437976780324900,"id_str":"883437976780324869","text":"オフパコ興味ある人いる？？\nリアルで絡める人だけLINE送ってね(●・ω・●)\nhttps://t.co/YRvSP9fQqx","truncated":false,"entities":{"hashtags":[],"symbols":[],"user_mentions":[],"urls":[],"media":[{"id":881713116613976000,"id_str":"881713116613976064","indices":[40,63],"media_url":"http://pbs.twimg.com/media/DDx5aHWUIAAofSr.jpg","media_url_https":"https://pbs.twimg.com/media/DDx5aHWUIAAofSr.jpg","url":"https://t.co/YRvSP9fQqx","display_url":"pic.twitter.com/YRvSP9fQqx","expanded_url":"https://twitter.com/dubamub/status/881713148885057536/photo/1","type":"photo","sizes":{"thumb":{"w":150,"h":150,"resize":"crop"},"large":{"w":580,"h":435,"resize":"fit"},"small":{"w":580,"h":435,"resize":"fit"},"medium":{"w":580,"h":435,"resize":"fit"}},"source_status_id":881713148885057500,"source_status_id_str":"881713148885057536","source_user_id":715112866525806600,"source_user_id_str":"715112866525806592"}]},"extended_entities":{"media":[{"id":881713116613976000,"id_str":"881713116613976064","indices":[40,63],"media_url":"http://pbs.twimg.com/media/DDx5aHWUIAAofSr.jpg","media_url_https":"https://pbs.twimg.com/media/DDx5aHWUIAAofSr.jpg","url":"https://t.co/YRvSP9fQqx","display_url":"pic.twitter.com/YRvSP9fQqx","expanded_url":"https://twitter.com/dubamub/status/881713148885057536/photo/1","type":"photo","sizes":{"thumb":{"w":150,"h":150,"resize":"crop"},"large":{"w":580,"h":435,"resize":"fit"},"small":{"w":580,"h":435,"resize":"fit"},"medium":{"w":580,"h":435,"resize":"fit"}},"source_status_id":881713148885057500,"source_status_id_str":"881713148885057536","source_user_id":715112866525806600,"source_user_id_str":"715112866525806592"},{"id":881713128207024100,"id_str":"881713128207024129","indices":[40,63],"media_url":"http://pbs.twimg.com/media/DDx5ayiUAAEDwkP.jpg","media_url_https":"https://pbs.twimg.com/media/DDx5ayiUAAEDwkP.jpg","url":"https://t.co/YRvSP9fQqx","display_url":"pic.twitter.com/YRvSP9fQqx","expanded_url":"https://twitter.com/dubamub/status/881713148885057536/photo/1","type":"photo","sizes":{"small":{"w":360,"h":360,"resize":"fit"},"medium":{"w":360,"h":360,"resize":"fit"},"thumb":{"w":150,"h":150,"resize":"crop"},"large":{"w":360,"h":360,"resize":"fit"}},"source_status_id":881713148885057500,"source_status_id_str":"881713148885057536","source_user_id":715112866525806600,"source_user_id_str":"715112866525806592"},{"id":881713141754626000,"id_str":"881713141754626049","indices":[40,63],"media_url":"http://pbs.twimg.com/media/DDx5blAUAAEP4qO.jpg","media_url_https":"https://pbs.twimg.com/media/DDx5blAUAAEP4qO.jpg","url":"https://t.co/YRvSP9fQqx","display_url":"pic.twitter.com/YRvSP9fQqx","expanded_url":"https://twitter.com/dubamub/status/881713148885057536/photo/1","type":"photo","sizes":{"thumb":{"w":150,"h":150,"resize":"crop"},"large":{"w":580,"h":435,"resize":"fit"},"small":{"w":580,"h":435,"resize":"fit"},"medium":{"w":580,"h":435,"resize":"fit"}},"source_status_id":881713148885057500,"source_status_id_str":"881713148885057536","source_user_id":715112866525806600,"source_user_id_str":"715112866525806592"}]},"metadata":{"iso_language_code":"ja","result_type":"recent"},"source":"<a href=\"https://twitter.com/\" rel=\"nofollow\">x7s2iu 3falx8</a>","in_reply_to_status_id":null,"in_reply_to_status_id_str":null,"in_reply_to_user_id":null,"in_reply_to_user_id_str":null,"in_reply_to_screen_name":null,"user":{"id":873887848671330300,"id_str":"873887848671330305","name":"いろは@おふぱこ募集←","screen_name":"iro_hamm","location":"","description":"オフパコ募集垢←興味ある人いますか(●・ω・●)？彼氏とかいりません！相性良ければセフでも💕セクロスはスポーツ(*`・ω・)ですｗ","url":null,"entities":{"description":{"urls":[]}},"protected":false,"followers_count":27,"friends_count":9,"listed_count":0,"created_at":"Sun Jun 11 13:01:13 +0000 2017","favourites_count":0,"utc_offset":-25200,"time_zone":"Pacific Time (US & Canada)","geo_enabled":false,"verified":false,"statuses_count":11,"lang":"ja","contributors_enabled":false,"is_translator":false,"is_translation_enabled":false,"profile_background_color":"F5F8FA","profile_background_image_url":null,"profile_background_image_url_https":null,"profile_background_tile":false,"profile_image_url":"http://pbs.twimg.com/profile_images/879979557184339968/L5oHRbw7_normal.jpg","profile_image_url_https":"https://pbs.twimg.com/profile_images/879979557184339968/L5oHRbw7_normal.jpg","profile_banner_url":"https://pbs.twimg.com/profile_banners/873887848671330305/1498638465","profile_link_color":"1DA1F2","profile_sidebar_border_color":"C0DEED","profile_sidebar_fill_color":"DDEEF6","profile_text_color":"333333","profile_use_background_image":true,"has_extended_profile":false,"default_profile":true,"default_profile_image":false,"following":false,"follow_request_sent":false,"notifications":false,"translator_type":"none"},"geo":null,"coordinates":null,"place":null,"contributors":null,"is_quote_status":false,"retweet_count":46,"favorite_count":0,"favorited":false,"retweeted":false,"possibly_sensitive":false,"lang":"ja"},{"created_at":"Fri Jul 07 21:30:01 +0000 2017","id":883437976293851100,"id_str":"883437976293851136","text":"おふぱこ募集なうなう\n\nリアルで絡める人だけLINEして！\nLINEはQRで追加してねー\n\n基本DM見てません(；´Д｀)\nhttps://t.co/PPSnvdjlXQ","truncated":false,"entities":{"hashtags":[],"symbols":[],"user_mentions":[],"urls":[],"media":[{"id":857848717784657900,"id_str":"857848717784657921","indices":[62,85],"media_url":"http://pbs.twimg.com/media/C-ew3R6UMAELBHC.jpg","media_url_https":"https://pbs.twimg.com/media/C-ew3R6UMAELBHC.jpg","url":"https://t.co/PPSnvdjlXQ","display_url":"pic.twitter.com/PPSnvdjlXQ","expanded_url":"https://twitter.com/befovec/status/857848740098461697/photo/1","type":"photo","sizes":{"small":{"w":360,"h":360,"resize":"fit"},"thumb":{"w":150,"h":150,"resize":"crop"},"medium":{"w":360,"h":360,"resize":"fit"},"large":{"w":360,"h":360,"resize":"fit"}},"source_status_id":857848740098461700,"source_status_id_str":"857848740098461697","source_user_id":715111575732924400,"source_user_id_str":"715111575732924416"}]},"extended_entities":{"media":[{"id":857848717784657900,"id_str":"857848717784657921","indices":[62,85],"media_url":"http://pbs.twimg.com/media/C-ew3R6UMAELBHC.jpg","media_url_https":"https://pbs.twimg.com/media/C-ew3R6UMAELBHC.jpg","url":"https://t.co/PPSnvdjlXQ","display_url":"pic.twitter.com/PPSnvdjlXQ","expanded_url":"https://twitter.com/befovec/status/857848740098461697/photo/1","type":"photo","sizes":{"small":{"w":360,"h":360,"resize":"fit"},"thumb":{"w":150,"h":150,"resize":"crop"},"medium":{"w":360,"h":360,"resize":"fit"},"large":{"w":360,"h":360,"resize":"fit"}},"source_status_id":857848740098461700,"source_status_id_str":"857848740098461697","source_user_id":715111575732924400,"source_user_id_str":"715111575732924416"},{"id":857848724470485000,"id_str":"857848724470484992","indices":[62,85],"media_url":"http://pbs.twimg.com/media/C-ew3q0V0AAK6d1.jpg","media_url_https":"https://pbs.twimg.com/media/C-ew3q0V0AAK6d1.jpg","url":"https://t.co/PPSnvdjlXQ","display_url":"pic.twitter.com/PPSnvdjlXQ","expanded_url":"https://twitter.com/befovec/status/857848740098461697/photo/1","type":"photo","sizes":{"thumb":{"w":150,"h":150,"resize":"crop"},"medium":{"w":580,"h":774,"resize":"fit"},"large":{"w":580,"h":774,"resize":"fit"},"small":{"w":510,"h":680,"resize":"fit"}},"source_status_id":857848740098461700,"source_status_id_str":"857848740098461697","source_user_id":715111575732924400,"source_user_id_str":"715111575732924416"}]},"metadata":{"iso_language_code":"ja","result_type":"recent"},"source":"<a href=\"https://twitter.com/\" rel=\"nofollow\">ofzfqj k1duzu</a>","in_reply_to_status_id":null,"in_reply_to_status_id_str":null,"in_reply_to_user_id":null,"in_reply_to_user_id_str":null,"in_reply_to_screen_name":null,"user":{"id":867177196762394600,"id_str":"867177196762394624","name":"チエ→おふぱこ垢","screen_name":"chieshell","location":"","description":"JD20( ･Θ･)ゞ基本的に発情してるんでｗｗオフパコしましょーｗｗｗ←優しくて清潔感ある年上の方で！","url":null,"entities":{"description":{"urls":[]}},"protected":false,"followers_count":111,"friends_count":56,"listed_count":0,"created_at":"Wed May 24 00:35:29 +0000 2017","favourites_count":0,"utc_offset":-25200,"time_zone":"Pacific Time (US & Canada)","geo_enabled":false,"verified":false,"statuses_count":10,"lang":"ja","contributors_enabled":false,"is_translator":false,"is_translation_enabled":false,"profile_background_color":"F5F8FA","profile_background_image_url":null,"profile_background_image_url_https":null,"profile_background_tile":false,"profile_image_url":"http://pbs.twimg.com/profile_images/870201108806770689/p2WN7vN5_normal.jpg","profile_image_url_https":"https://pbs.twimg.com/profile_images/870201108806770689/p2WN7vN5_normal.jpg","profile_link_color":"1DA1F2","profile_sidebar_border_color":"C0DEED","profile_sidebar_fill_color":"DDEEF6","profile_text_color":"333333","profile_use_background_image":true,"has_extended_profile":false,"default_profile":true,"default_profile_image":false,"following":false,"follow_request_sent":false,"notifications":false,"translator_type":"none"},"geo":null,"coordinates":null,"place":null,"contributors":null,"is_quote_status":false,"retweet_count":56,"favorite_count":0,"favorited":false,"retweeted":false,"possibly_sensitive":false,"lang":"ja"},{"created_at":"Fri Jul 07 21:30:01 +0000 2017","id":883437976126079000,"id_str":"883437976126078976","text":"おふパコできる人いる？ｗ\n興味あったらLINE下さい(´・ω・｀)\n\nLINEQRで追加してー\n基本DM見てません(；´Д｀)\nhttps://t.co/dMaygvgFH7","truncated":false,"entities":{"hashtags":[],"symbols":[],"user_mentions":[],"urls":[],"media":[{"id":857848717784657900,"id_str":"857848717784657921","indices":[64,87],"media_url":"http://pbs.twimg.com/media/C-ew3R6UMAELBHC.jpg","media_url_https":"https://pbs.twimg.com/media/C-ew3R6UMAELBHC.jpg","url":"https://t.co/dMaygvgFH7","display_url":"pic.twitter.com/dMaygvgFH7","expanded_url":"https://twitter.com/befovec/status/857848740098461697/photo/1","type":"photo","sizes":{"small":{"w":360,"h":360,"resize":"fit"},"thumb":{"w":150,"h":150,"resize":"crop"},"medium":{"w":360,"h":360,"resize":"fit"},"large":{"w":360,"h":360,"resize":"fit"}},"source_status_id":857848740098461700,"source_status_id_str":"857848740098461697","source_user_id":715111575732924400,"source_user_id_str":"715111575732924416"}]},"extended_entities":{"media":[{"id":857848717784657900,"id_str":"857848717784657921","indices":[64,87],"media_url":"http://pbs.twimg.com/media/C-ew3R6UMAELBHC.jpg","media_url_https":"https://pbs.twimg.com/media/C-ew3R6UMAELBHC.jpg","url":"https://t.co/dMaygvgFH7","display_url":"pic.twitter.com/dMaygvgFH7","expanded_url":"https://twitter.com/befovec/status/857848740098461697/photo/1","type":"photo","sizes":{"small":{"w":360,"h":360,"resize":"fit"},"thumb":{"w":150,"h":150,"resize":"crop"},"medium":{"w":360,"h":360,"resize":"fit"},"large":{"w":360,"h":360,"resize":"fit"}},"source_status_id":857848740098461700,"source_status_id_str":"857848740098461697","source_user_id":715111575732924400,"source_user_id_str":"715111575732924416"},{"id":857848724470485000,"id_str":"857848724470484992","indices":[64,87],"media_url":"http://pbs.twimg.com/media/C-ew3q0V0AAK6d1.jpg","media_url_https":"https://pbs.twimg.com/media/C-ew3q0V0AAK6d1.jpg","url":"https://t.co/dMaygvgFH7","display_url":"pic.twitter.com/dMaygvgFH7","expanded_url":"https://twitter.com/befovec/status/857848740098461697/photo/1","type":"photo","sizes":{"thumb":{"w":150,"h":150,"resize":"crop"},"medium":{"w":580,"h":774,"resize":"fit"},"large":{"w":580,"h":774,"resize":"fit"},"small":{"w":510,"h":680,"resize":"fit"}},"source_status_id":857848740098461700,"source_status_id_str":"857848740098461697","source_user_id":715111575732924400,"source_user_id_str":"715111575732924416"}]},"metadata":{"iso_language_code":"ja","result_type":"recent"},"source":"<a href=\"https://twitter.com/\" rel=\"nofollow\">etwfs fyuiag</a>","in_reply_to_status_id":null,"in_reply_to_status_id_str":null,"in_reply_to_user_id":null,"in_reply_to_user_id_str":null,"in_reply_to_screen_name":null,"user":{"id":856994118991396900,"id_str":"856994118991396865","name":"ちえ→オフパコ垢","screen_name":"chie_pac_o","location":"","description":"JD20(´・ω・｀)軽いセクロス依存症←おふぱことか興味ありすぎてｗ年上で優しい人いたら誘って(´・ω・｀)","url":null,"entities":{"description":{"urls":[]}},"protected":false,"followers_count":212,"friends_count":7,"listed_count":0,"created_at":"Tue Apr 25 22:11:34 +0000 2017","favourites_count":0,"utc_offset":-25200,"time_zone":"Pacific Time (US & Canada)","geo_enabled":false,"verified":false,"statuses_count":17,"lang":"ja","contributors_enabled":false,"is_translator":false,"is_translation_enabled":false,"profile_background_color":"F5F8FA","profile_background_image_url":null,"profile_background_image_url_https":null,"profile_background_tile":false,"profile_image_url":"http://pbs.twimg.com/profile_images/857114514227163137/hz5eIAhv_normal.jpg","profile_image_url_https":"https://pbs.twimg.com/profile_images/857114514227163137/hz5eIAhv_normal.jpg","profile_link_color":"1DA1F2","profile_sidebar_border_color":"C0DEED","profile_sidebar_fill_color":"DDEEF6","profile_text_color":"333333","profile_use_background_image":true,"has_extended_profile":false,"default_profile":true,"default_profile_image":false,"following":false,"follow_request_sent":false,"notifications":false,"translator_type":"none"},"geo":null,"coordinates":null,"place":null,"contributors":null,"is_quote_status":false,"retweet_count":54,"favorite_count":0,"favorited":false,"retweeted":false,"possibly_sensitive":false,"lang":"ja"}],"search_metadata":{"completed_in":0.102,"max_id":883438636791808000,"max_id_str":"883438636791808000","next_results":"?max_id=883437976126078975&q=lang%3Aja%20min_retweets%3A50&include_entities=1","query":"lang%3Aja+min_retweets%3A50","refresh_url":"?since_id=883438636791808000&q=lang%3Aja%20min_retweets%3A50&include_entities=1","count":15,"since_id":0,"since_id_str":"0"}}