{"statuses":[{"created_at":"Fri Jul 07 01:18:45 +0000 2017","id":883133149189783600,"id_str":"883133149189783552","text":"ダウンロード後は、すぐに「フェス投票」と「投稿」ができるぞ。\n投稿はハイカラスクエアにある、この赤いポストが目印だ。\n#前夜祭 https://t.co/vuF4hD5v89","truncated":false,"entities":{"hashtags":[{"text":"前夜祭","indices":[59,63]}],"symbols":[],"user_mentions":[],"urls":[],"media":[{"id":883132934093283300,"id_str":"883132934093283328","indices":[64,87],"media_url":"http://pbs.twimg.com/media/DEGEuXoUIAAL3qN.jpg","media_url_https":"https://pbs.twimg.com/media/DEGEuXoUIAAL3qN.jpg","url":"https://t.co/vuF4hD5v89","display_url":"pic.twitter.com/vuF4hD5v89","expanded_url":"https://twitter.com/SplatoonJP/status/883133149189783552/photo/1","type":"photo","sizes":{"medium":{"w":1200,"h":675,"resize":"fit"},"small":{"w":680,"h":383,"resize":"fit"},"thumb":{"w":150,"h":150,"resize":"crop"},"large":{"w":1310,"h":737,"resize":"fit"}}}]},"extended_entities":{"media":[{"id":883132934093283300,"id_str":"883132934093283328","indices":[64,87],"media_url":"http://pbs.twimg.com/media/DEGEuXoUIAAL3qN.jpg","media_url_https":"https://pbs.twimg.com/media/DEGEuXoUIAAL3qN.jpg","url":"https://t.co/vuF4hD5v89","display_url":"pic.twitter.com/vuF4hD5v89","expanded_url":"https://twitter.com/SplatoonJP/status/883133149189783552/photo/1","type":"photo","sizes":{"medium":{"w":1200,"h":675,"resize":"fit"},"small":{"w":680,"h":383,"resize":"fit"},"thumb":{"w":150,"h":150,"resize":"crop"},"large":{"w":1310,"h":737,"resize":"fit"}}},{"id":883132977126953000,"id_str":"883132977126952960","indices":[64,87],"media_url":"http://pbs.twimg.com/media/DEGEw38V0AAdIgX.jpg","media_url_https":"https://pbs.twimg.com/media/DEGEw38V0AAdIgX.jpg","url":"https://t.co/vuF4hD5v89","display_url":"pic.twitter.com/vuF4hD5v89","expanded_url":"https://twitter.com/SplatoonJP/status/883133149189783552/photo/1","type":"photo","sizes":{"medium":{"w":1200,"h":675,"resize":"fit"},"large":{"w":1920,"h":1080,"resize":"fit"},"small":{"w":680,"h":383,"resize":"fit"},"thumb":{"w":150,"h":150,"resize":"crop"}}},{"id":883133057934401500,"id_str":"883133057934401536","indices":[64,87],"media_url":"http://pbs.twimg.com/media/DEGE1k-VoAA0Z9J.jpg","media_url_https":"https://pbs.twimg.com/media/DEGE1k-VoAA0Z9J.jpg","url":"https://t.co/vuF4hD5v89","display_url":"pic.twitter.com/vuF4hD5v89","expanded_url":"https://twitter.com/SplatoonJP/status/883133149189783552/photo/1","type":"photo","sizes":{"large":{"w":1788,"h":1006,"resize":"fit"},"thumb":{"w":150,"h":150,"resize":"crop"},"small":{"w":680,"h":383,"resize":"fit"},"medium":{"w":1200,"h":675,"resize":"fit"}}}]},"metadata":{"iso_language_code":"ja","result_type":"recent"},"source":"<a href=\"http://twitter.com\" rel=\"nofollow\">Twitter Web Client</a>","in_reply_to_status_id":883132770616201200,"in_reply_to_status_id_str":"883132770616201216","in_reply_to_user_id":2888006497,"in_reply_to_user_id_str":"2888006497","in_reply_to_screen_name":"SplatoonJP","user":{"id":2888006497,"id_str":"2888006497","name":"Splatoon（スプラトゥーン）","screen_name":"SplatoonJP","location":"","description":"『スプラトゥーン』公式総合アカウント。イカ研究所の調査報告（ゲーム情報）やお知らせをお伝えします。最新作の『スプラトゥーン2』は2017年7月21日（金）発売予定。ご質問・お問い合わせにはお答えしておりませんのでご容赦ください。 ※イカ研究所は実在の人物、団体とは一切関係ございません。","url":"https://t.co/yCMNfZlVpz","entities":{"url":{"urls":[{"url":"https://t.co/yCMNfZlVpz","expanded_url":"https://www.nintendo.co.jp/switch/aab6a/index.html","display_url":"nintendo.co.jp/switch/aab6a/i…","indices":[0,23]}]},"description":{"urls":[]}},"protected":false,"followers_count":629192,"friends_count":1,"listed_count":6332,"created_at":"Mon Nov 03 01:36:06 +0000 2014","favourites_count":0,"utc_offset":32400,"time_zone":"Tokyo","geo_enabled":false,"verified":true,"statuses_count":1425,"lang":"ja","contributors_enabled":false,"is_translator":false,"is_translation_enabled":false,"profile_background_color":"000000","profile_background_image_url":"http://pbs.twimg.com/profile_background_images/530105343452274688/WJl6dNx5.jpeg","profile_background_image_url_https":"https://pbs.twimg.com/profile_background_images/530105343452274688/WJl6dNx5.jpeg","profile_background_tile":false,"profile_image_url":"http://pbs.twimg.com/profile_images/819765217957552132/1WftJJM1_normal.jpg","profile_image_url_https":"https://pbs.twimg.com/profile_images/819765217957552132/1WftJJM1_normal.jpg","profile_banner_url":"https://pbs.twimg.com/profile_banners/2888006497/1484282224","profile_link_color":"000000","profile_sidebar_border_color":"000000","profile_sidebar_fill_color":"E3E2DE","profile_text_color":"634047","profile_use_background_image":true,"has_extended_profile":false,"default_profile":false,"default_profile_image":false,"following":false,"follow_request_sent":false,"notifications":false,"translator_type":"none"},"geo":null,"coordinates":null,"place":null,"contributors":null,"is_quote_status":false,"retweet_count":343,"favorite_count":375,"favorited":false,"retweeted":false,"possibly_sensitive":false,"lang":"ja"},{"created_at":"Fri Jul 07 01:17:14 +0000 2017","id":883132770616201200,"id_str":"883132770616201216","text":"「スプラトゥーン2 前夜祭」に参加するには、Nintendo Switchのeショップでソフトのダウンロードが必要となる。\nすでに無料配信が開始されているので、お早めのダウンロードオススメする。\n#前夜祭 https://t.co/EveOEI7yeA","truncated":false,"entities":{"hashtags":[{"text":"前夜祭","indices":[98,102]}],"symbols":[],"user_mentions":[],"urls":[],"media":[{"id":883132624645963800,"id_str":"883132624645963776","indices":[103,126],"media_url":"http://pbs.twimg.com/media/DEGEcW2UwAA5Qe-.jpg","media_url_https":"https://pbs.twimg.com/media/DEGEcW2UwAA5Qe-.jpg","url":"https://t.co/EveOEI7yeA","display_url":"pic.twitter.com/EveOEI7yeA","expanded_url":"https://twitter.com/SplatoonJP/status/883132770616201216/photo/1","type":"photo","sizes":{"thumb":{"w":150,"h":150,"resize":"crop"},"small":{"w":680,"h":383,"resize":"fit"},"medium":{"w":1200,"h":675,"resize":"fit"},"large":{"w":1280,"h":720,"resize":"fit"}}}]},"extended_entities":{"media":[{"id":883132624645963800,"id_str":"883132624645963776","indices":[103,126],"media_url":"http://pbs.twimg.com/media/DEGEcW2UwAA5Qe-.jpg","media_url_https":"https://pbs.twimg.com/media/DEGEcW2UwAA5Qe-.jpg","url":"https://t.co/EveOEI7yeA","display_url":"pic.twitter.com/EveOEI7yeA","expanded_url":"https://twitter.com/SplatoonJP/status/883132770616201216/photo/1","type":"photo","sizes":{"thumb":{"w":150,"h":150,"resize":"crop"},"small":{"w":680,"h":383,"resize":"fit"},"medium":{"w":1200,"h":675,"resize":"fit"},"large":{"w":1280,"h":720,"resize":"fit"}}},{"id":883132667486543900,"id_str":"883132667486543872","indices":[103,126],"media_url":"http://pbs.twimg.com/media/DEGEe2cUIAAEIFL.jpg","media_url_https":"https://pbs.twimg.com/media/DEGEe2cUIAAEIFL.jpg","url":"https://t.co/EveOEI7yeA","display_url":"pic.twitter.com/EveOEI7yeA","expanded_url":"https://twitter.com/SplatoonJP/status/883132770616201216/photo/1","type":"photo","sizes":{"large":{"w":1920,"h":1080,"resize":"fit"},"medium":{"w":1200,"h":675,"resize":"fit"},"small":{"w":680,"h":383,"resize":"fit"},"thumb":{"w":150,"h":150,"resize":"crop"}}}]},"metadata":{"iso_language_code":"ja","result_type":"recent"},"source":"<a href=\"http://twitter.com\" rel=\"nofollow\">Twitter Web Client</a>","in_reply_to_status_id":null,"in_reply_to_status_id_str":null,"in_reply_to_user_id":null,"in_reply_to_user_id_str":null,"in_reply_to_screen_name":null,"user":{"id":2888006497,"id_str":"2888006497","name":"Splatoon（スプラトゥーン）","screen_name":"SplatoonJP","location":"","description":"『スプラトゥーン』公式総合アカウント。イカ研究所の調査報告（ゲーム情報）やお知らせをお伝えします。最新作の『スプラトゥーン2』は2017年7月21日（金）発売予定。ご質問・お問い合わせにはお答えしておりませんのでご容赦ください。 ※イカ研究所は実在の人物、団体とは一切関係ございません。","url":"https://t.co/yCMNfZlVpz","entities":{"url":{"urls":[{"url":"https://t.co/yCMNfZlVpz","expanded_url":"https://www.nintendo.co.jp/switch/aab6a/index.html","display_url":"nintendo.co.jp/switch/aab6a/i…","indices":[0,23]}]},"description":{"urls":[]}},"protected":false,"followers_count":629192,"friends_count":1,"listed_count":6332,"created_at":"Mon Nov 03 01:36:06 +0000 2014","favourites_count":0,"utc_offset":32400,"time_zone":"Tokyo","geo_enabled":false,"verified":true,"statuses_count":1425,"lang":"ja","contributors_enabled":false,"is_translator":false,"is_translation_enabled":false,"profile_background_color":"000000","profile_background_image_url":"http://pbs.twimg.com/profile_background_images/530105343452274688/WJl6dNx5.jpeg","profile_background_image_url_https":"https://pbs.twimg.com/profile_background_images/530105343452274688/WJl6dNx5.jpeg","profile_background_tile":false,"profile_image_url":"http://pbs.twimg.com/profile_images/819765217957552132/1WftJJM1_normal.jpg","profile_image_url_https":"https://pbs.twimg.com/profile_images/819765217957552132/1WftJJM1_normal.jpg","profile_banner_url":"https://pbs.twimg.com/profile_banners/2888006497/1484282224","profile_link_color":"000000","profile_sidebar_border_color":"000000","profile_sidebar_fill_color":"E3E2DE","profile_text_color":"634047","profile_use_background_image":true,"has_extended_profile":false,"default_profile":false,"default_profile_image":false,"following":false,"follow_request_sent":false,"notifications":false,"translator_type":"none"},"geo":null,"coordinates":null,"place":null,"contributors":null,"is_quote_status":false,"retweet_count":1151,"favorite_count":965,"favorited":false,"retweeted":false,"possibly_sensitive":false,"lang":"ja"},{"created_at":"Fri Jul 07 01:17:04 +0000 2017","id":883132727142174700,"id_str":"883132727142174720","text":"今日は #七夕 だな！みんなどんな願いごとをしてるんだ？  ん？副島さんは健康になりたいのか？ …なんというかフタバほど不健康なヤツもいないと思うが、好きなコトをしているのは健康のヒケツかもしれないな \n#ペルソナ5 https://t.co/F0UO2AzkRE","truncated":false,"entities":{"hashtags":[{"text":"七夕","indices":[4,7]},{"text":"ペルソナ5","indices":[102,108]}],"symbols":[],"user_mentions":[],"urls":[],"media":[{"id":883132693415841800,"id_str":"883132693415841792","indices":[109,132],"media_url":"http://pbs.twimg.com/media/DEGEgXCV0AA-kqv.jpg","media_url_https":"https://pbs.twimg.com/media/DEGEgXCV0AA-kqv.jpg","url":"https://t.co/F0UO2AzkRE","display_url":"pic.twitter.com/F0UO2AzkRE","expanded_url":"https://twitter.com/p_kouhou/status/883132727142174720/photo/1","type":"photo","sizes":{"medium":{"w":884,"h":1200,"resize":"fit"},"small":{"w":501,"h":680,"resize":"fit"},"large":{"w":1509,"h":2048,"resize":"fit"},"thumb":{"w":150,"h":150,"resize":"crop"}}}]},"extended_entities":{"media":[{"id":883132693415841800,"id_str":"883132693415841792","indices":[109,132],"media_url":"http://pbs.twimg.com/media/DEGEgXCV0AA-kqv.jpg","media_url_https":"https://pbs.twimg.com/media/DEGEgXCV0AA-kqv.jpg","url":"https://t.co/F0UO2AzkRE","display_url":"pic.twitter.com/F0UO2AzkRE","expanded_url":"https://twitter.com/p_kouhou/status/883132727142174720/photo/1","type":"photo","sizes":{"medium":{"w":884,"h":1200,"resize":"fit"},"small":{"w":501,"h":680,"resize":"fit"},"large":{"w":1509,"h":2048,"resize":"fit"},"thumb":{"w":150,"h":150,"resize":"crop"}}}]},"metadata":{"iso_language_code":"ja","result_type":"recent"},"source":"<a href=\"https://mobile.twitter.com\" rel=\"nofollow\">Twitter Lite</a>","in_reply_to_status_id":null,"in_reply_to_status_id_str":null,"in_reply_to_user_id":null,"in_reply_to_user_id_str":null,"in_reply_to_screen_name":null,"user":{"id":365377631,"id_str":"365377631","name":"モルガナ_ペルソナ広報","screen_name":"p_kouhou","location":"四軒茶屋","description":"アトラスの贈るＲＰＧシリーズ「ペルソナ」のさまざまな情報をお届けする公式広報ツイッターです。『ペルソナ』シリーズナンバリング最新作 PS4＆PS3用ソフト『ペルソナ５』好評発売中！","url":"https://t.co/2NyubULOXn","entities":{"url":{"urls":[{"url":"https://t.co/2NyubULOXn","expanded_url":"http://persona5.jp/","display_url":"persona5.jp","indices":[0,23]}]},"description":{"urls":[]}},"protected":false,"followers_count":149195,"friends_count":7,"listed_count":3098,"created_at":"Wed Aug 31 10:20:51 +0000 2011","favourites_count":0,"utc_offset":32400,"time_zone":"Tokyo","geo_enabled":false,"verified":true,"statuses_count":5123,"lang":"ja","contributors_enabled":false,"is_translator":false,"is_translation_enabled":false,"profile_background_color":"C0DEED","profile_background_image_url":"http://pbs.twimg.com/profile_background_images/378800000030746822/de5ba33810162a6db5ceb12d9186361e.jpeg","profile_background_image_url_https":"https://pbs.twimg.com/profile_background_images/378800000030746822/de5ba33810162a6db5ceb12d9186361e.jpeg","profile_background_tile":true,"profile_image_url":"http://pbs.twimg.com/profile_images/848129417519841281/vFKBq80o_normal.jpg","profile_image_url_https":"https://pbs.twimg.com/profile_images/848129417519841281/vFKBq80o_normal.jpg","profile_banner_url":"https://pbs.twimg.com/profile_banners/365377631/1442491033","profile_link_color":"0084B4","profile_sidebar_border_color":"FFFFFF","profile_sidebar_fill_color":"DDEEF6","profile_text_color":"333333","profile_use_background_image":true,"has_extended_profile":true,"default_profile":false,"default_profile_image":false,"following":false,"follow_request_sent":false,"notifications":false,"translator_type":"none"},"geo":null,"coordinates":null,"place":null,"contributors":null,"is_quote_status":false,"retweet_count":228,"favorite_count":315,"favorited":false,"retweeted":false,"possibly_sensitive":false,"lang":"ja"},{"created_at":"Fri Jul 07 01:16:50 +0000 2017","id":883132668895821800,"id_str":"883132668895821824","text":"★┷┓\n┃🎋┃\n┃こ┃\n┃こ┃\n┃さ┃\n┃け┃\n┃を┃\n┃沢┃\n┃山┃\n┃の┃\n┃方┃\n┃に┃\n┃ご┃\n┃覧┃\n┃い┃\n┃た┃\n┃だ┃\n┃け┃\n┃ま┃\n┃す┃\n┃よ┃\n┃う┃\n┃に┃\n┃🍀┃\n┗━★\n#七夕の願い事 https://t.co/aEFsp2J2vJ","truncated":false,"entities":{"hashtags":[{"text":"七夕の願い事","indices":[100,107]}],"symbols":[],"user_mentions":[],"urls":[],"media":[{"id":883132658737336300,"id_str":"883132658737336320","indices":[108,131],"media_url":"http://pbs.twimg.com/media/DEGEeV2V0AAX7Mg.jpg","media_url_https":"https://pbs.twimg.com/media/DEGEeV2V0AAX7Mg.jpg","url":"https://t.co/aEFsp2J2vJ","display_url":"pic.twitter.com/aEFsp2J2vJ","expanded_url":"https://twitter.com/kokosake_movie/status/883132668895821824/photo/1","type":"photo","sizes":{"large":{"w":2047,"h":1393,"resize":"fit"},"thumb":{"w":150,"h":150,"resize":"crop"},"small":{"w":680,"h":463,"resize":"fit"},"medium":{"w":1200,"h":817,"resize":"fit"}}}]},"extended_entities":{"media":[{"id":883132658737336300,"id_str":"883132658737336320","indices":[108,131],"media_url":"http://pbs.twimg.com/media/DEGEeV2V0AAX7Mg.jpg","media_url_https":"https://pbs.twimg.com/media/DEGEeV2V0AAX7Mg.jpg","url":"https://t.co/aEFsp2J2vJ","display_url":"pic.twitter.com/aEFsp2J2vJ","expanded_url":"https://twitter.com/kokosake_movie/status/883132668895821824/photo/1","type":"photo","sizes":{"large":{"w":2047,"h":1393,"resize":"fit"},"thumb":{"w":150,"h":150,"resize":"crop"},"small":{"w":680,"h":463,"resize":"fit"},"medium":{"w":1200,"h":817,"resize":"fit"}}}]},"metadata":{"iso_language_code":"ja","result_type":"recent"},"source":"<a href=\"http://twitter.com/download/iphone\" rel=\"nofollow\">Twitter for iPhone</a>","in_reply_to_status_id":null,"in_reply_to_status_id_str":null,"in_reply_to_user_id":null,"in_reply_to_user_id_str":null,"in_reply_to_screen_name":null,"user":{"id":827476633833533400,"id_str":"827476633833533440","name":"実写映画『心が叫びたがってるんだ。』","screen_name":"kokosake_movie","location":"","description":"この夏、一番泣ける最高の感動作💘大ヒット劇場版オリジナルアニメ #ここさけ 待望の実写化🎬 7️⃣月2️⃣2️⃣日(土)全国ロードショー🎉 #心が叫びたがってるんだ #中島健人 #芳根京子 #石井杏奈 #寛一郎 Instagram➡https://t.co/w6fWKdIvT1","url":"https://t.co/PWjRFWqOGS","entities":{"url":{"urls":[{"url":"https://t.co/PWjRFWqOGS","expanded_url":"http://kokosake-movie.jp/","display_url":"kokosake-movie.jp","indices":[0,23]}]},"description":{"urls":[{"url":"https://t.co/w6fWKdIvT1","expanded_url":"https://www.instagram.com/kokosake_movie/","display_url":"instagram.com/kokosake_movie/","indices":[116,139]}]}},"protected":false,"followers_count":38174,"friends_count":21,"listed_count":95,"created_at":"Fri Feb 03 11:19:38 +0000 2017","favourites_count":57,"utc_offset":32400,"time_zone":"Tokyo","geo_enabled":false,"verified":true,"statuses_count":433,"lang":"ja","contributors_enabled":false,"is_translator":false,"is_translation_enabled":false,"profile_background_color":"000000","profile_background_image_url":"http://abs.twimg.com/images/themes/theme1/bg.png","profile_background_image_url_https":"https://abs.twimg.com/images/themes/theme1/bg.png","profile_background_tile":false,"profile_image_url":"http://pbs.twimg.com/profile_images/841785571924103168/8wFqHaMz_normal.jpg","profile_image_url_https":"https://pbs.twimg.com/profile_images/841785571924103168/8wFqHaMz_normal.jpg","profile_banner_url":"https://pbs.twimg.com/profile_banners/827476633833533440/1489532315","profile_link_color":"0090CC","profile_sidebar_border_color":"000000","profile_sidebar_fill_color":"000000","profile_text_color":"000000","profile_use_background_image":false,"has_extended_profile":false,"default_profile":false,"default_profile_image":false,"following":false,"follow_request_sent":false,"notifications":false,"translator_type":"none"},"geo":null,"coordinates":null,"place":null,"contributors":null,"is_quote_status":false,"retweet_count":85,"favorite_count":175,"favorited":false,"retweeted":false,"possibly_sensitive":false,"lang":"ja"},{"created_at":"Fri Jul 07 01:16:23 +0000 2017","id":883132556056461300,"id_str":"883132556056461312","text":"おはよう〜(*･v･*)/\nツイッターのフォロワーが60000人になったよ！あっという間でびっくり！😳\nこんなにたくさんの方に伊藤彩沙という名前を知ってもらってるなんてとっても嬉しいです！✨\nこれからもどうぞよろしくお願いします。… https://t.co/qn6fFMkQbx","truncated":true,"entities":{"hashtags":[],"symbols":[],"user_mentions":[],"urls":[{"url":"https://t.co/qn6fFMkQbx","expanded_url":"https://twitter.com/i/web/status/883132556056461312","display_url":"twitter.com/i/web/status/8…","indices":[117,140]}]},"metadata":{"iso_language_code":"ja","result_type":"recent"},"source":"<a href=\"http://twitter.com/download/iphone\" rel=\"nofollow\">Twitter for iPhone</a>","in_reply_to_status_id":null,"in_reply_to_status_id_str":null,"in_reply_to_user_id":null,"in_reply_to_user_id_str":null,"in_reply_to_screen_name":null,"user":{"id":1419890600,"id_str":"1419890600","name":"伊藤  彩沙 (いとう あやさ)","screen_name":"ayasa_ito","location":"東京⇄京都","description":"声優です 〇バンドリ: 市ヶ谷有咲 〇ミルキィホームズフェザーズ:明神川アリス〇めがみめぐり: ツクモ ○ヴァンガードG:弥富サヤ ○アヤユカ ○レヴュー・スタァライト:花柳香子 9/22〜24 インスタ→ https://t.co/8ckbMbskPs 宝塚とアイドルと甘いもの","url":"https://t.co/4PGOrgSaAw","entities":{"url":{"urls":[{"url":"https://t.co/4PGOrgSaAw","expanded_url":"http://s.ameblo.jp/ito-ayasa/","display_url":"s.ameblo.jp/ito-ayasa/","indices":[0,23]}]},"description":{"urls":[{"url":"https://t.co/8ckbMbskPs","expanded_url":"https://www.instagram.com/ayasacream/","display_url":"instagram.com/ayasacream/","indices":[104,127]}]}},"protected":false,"followers_count":60033,"friends_count":335,"listed_count":1971,"created_at":"Sat May 11 05:59:43 +0000 2013","favourites_count":3697,"utc_offset":-25200,"time_zone":"Pacific Time (US & Canada)","geo_enabled":false,"verified":false,"statuses_count":7993,"lang":"ja","contributors_enabled":false,"is_translator":false,"is_translation_enabled":false,"profile_background_color":"C0DEED","profile_background_image_url":"http://abs.twimg.com/images/themes/theme1/bg.png","profile_background_image_url_https":"https://abs.twimg.com/images/themes/theme1/bg.png","profile_background_tile":false,"profile_image_url":"http://pbs.twimg.com/profile_images/871025572188626944/nbKgfCua_normal.jpg","profile_image_url_https":"https://pbs.twimg.com/profile_images/871025572188626944/nbKgfCua_normal.jpg","profile_banner_url":"https://pbs.twimg.com/profile_banners/1419890600/1497508788","profile_link_color":"1DA1F2","profile_sidebar_border_color":"C0DEED","profile_sidebar_fill_color":"DDEEF6","profile_text_color":"333333","profile_use_background_image":true,"has_extended_profile":false,"default_profile":true,"default_profile_image":false,"following":false,"follow_request_sent":false,"notifications":false,"translator_type":"none"},"geo":null,"coordinates":null,"place":null,"contributors":null,"is_quote_status":false,"retweet_count":53,"favorite_count":171,"favorited":false,"retweeted":false,"possibly_sensitive":false,"lang":"ja"},{"created_at":"Fri Jul 07 01:16:05 +0000 2017","id":883132479397257200,"id_str":"883132479397257216","text":"今日は17年7月7日『#トリニティセブン』の日！本作の軌跡をたどるFULL ALBUM「MAGUS MUSIC LIBRARY」9/27（水）の発売が決定！TECHNO BOYSがトリニティセブンで手掛けた、すべての楽曲を収録！… https://t.co/U474ScxGqJ","truncated":true,"entities":{"hashtags":[{"text":"トリニティセブン","indices":[11,20]}],"symbols":[],"user_mentions":[],"urls":[{"url":"https://t.co/U474ScxGqJ","expanded_url":"https://twitter.com/i/web/status/883132479397257216","display_url":"twitter.com/i/web/status/8…","indices":[116,139]}]},"metadata":{"iso_language_code":"ja","result_type":"recent"},"source":"<a href=\"http://twitter.com\" rel=\"nofollow\">Twitter Web Client</a>","in_reply_to_status_id":null,"in_reply_to_status_id_str":null,"in_reply_to_user_id":null,"in_reply_to_user_id_str":null,"in_reply_to_screen_name":null,"user":{"id":2509673508,"id_str":"2509673508","name":"「トリニティセブン」公式","screen_name":"TrinitySeven_PR","location":"","description":"アニメ「トリニティセブン」公式アカウント。『劇場版 トリニティセブン -悠久図書館と錬金術少女-』2017年2月25日（土）より全国ロードショー！","url":"https://t.co/NOa5oWTUFF","entities":{"url":{"urls":[{"url":"https://t.co/NOa5oWTUFF","expanded_url":"http://movie.trinity-7.com/","display_url":"movie.trinity-7.com","indices":[0,23]}]},"description":{"urls":[]}},"protected":false,"followers_count":41697,"friends_count":24,"listed_count":745,"created_at":"Tue May 20 08:15:14 +0000 2014","favourites_count":58,"utc_offset":32400,"time_zone":"Seoul","geo_enabled":false,"verified":true,"statuses_count":2209,"lang":"ja","contributors_enabled":false,"is_translator":false,"is_translation_enabled":false,"profile_background_color":"C0DEED","profile_background_image_url":"http://abs.twimg.com/images/themes/theme1/bg.png","profile_background_image_url_https":"https://abs.twimg.com/images/themes/theme1/bg.png","profile_background_tile":false,"profile_image_url":"http://pbs.twimg.com/profile_images/806311775620599808/tvSZPd_H_normal.jpg","profile_image_url_https":"https://pbs.twimg.com/profile_images/806311775620599808/tvSZPd_H_normal.jpg","profile_banner_url":"https://pbs.twimg.com/profile_banners/2509673508/1481082512","profile_link_color":"1DA1F2","profile_sidebar_border_color":"C0DEED","profile_sidebar_fill_color":"DDEEF6","profile_text_color":"333333","profile_use_background_image":true,"has_extended_profile":false,"default_profile":true,"default_profile_image":false,"following":false,"follow_request_sent":false,"notifications":false,"translator_type":"none"},"geo":null,"coordinates":null,"place":null,"contributors":null,"is_quote_status":false,"retweet_count":50,"favorite_count":58,"favorited":false,"retweeted":false,"possibly_sensitive":false,"lang":"ja"},{"created_at":"Fri Jul 07 01:16:01 +0000 2017","id":883132460799737900,"id_str":"883132460799737856","text":"今日、2017年7月7日が皆様にとって最高の一日になります様に…。\nそしてvistlipのメンバー皆さん、\n10周年おめでとうございます🎉\nこれからもスタッフ一同、一丸となって一緒に突き進ませて頂きます。\nとにかく、今日はみんなで盛り上がりましょう。","truncated":false,"entities":{"hashtags":[],"symbols":[],"user_mentions":[],"urls":[]},"metadata":{"iso_language_code":"ja","result_type":"recent"},"source":"<a href=\"http://www.echofon.com/\" rel=\"nofollow\">Echofon</a>","in_reply_to_status_id":null,"in_reply_to_status_id_str":null,"in_reply_to_user_id":null,"in_reply_to_user_id_str":null,"in_reply_to_screen_name":null,"user":{"id":2229300324,"id_str":"2229300324","name":"vistlip official","screen_name":"vistlipofficial","location":"","description":"◆vistlip official Twitter◆2017.7.7(金)10th Anniversary LIVE「Guns of Liberty」@ZeppTokyo開催！\n詳細はオフィシャルHPにて。5th Album「BitterSweet」トレーラー映像⇒https://t.co/atMHfR0p0s","url":"https://t.co/aTj26A5SOL","entities":{"url":{"urls":[{"url":"https://t.co/aTj26A5SOL","expanded_url":"http://www.vistlip.com","display_url":"vistlip.com","indices":[0,23]}]},"description":{"urls":[{"url":"https://t.co/atMHfR0p0s","expanded_url":"http://youtu.be/KHQDdqjcsxI","display_url":"youtu.be/KHQDdqjcsxI","indices":[133,156]}]}},"protected":false,"followers_count":19961,"friends_count":15,"listed_count":450,"created_at":"Wed Dec 04 04:48:31 +0000 2013","favourites_count":0,"utc_offset":-25200,"time_zone":"Pacific Time (US & Canada)","geo_enabled":false,"verified":false,"statuses_count":2322,"lang":"ja","contributors_enabled":false,"is_translator":false,"is_translation_enabled":false,"profile_background_color":"C0DEED","profile_background_image_url":"http://pbs.twimg.com/profile_background_images/474073995256414210/EmIgwhV-.jpeg","profile_background_image_url_https":"https://pbs.twimg.com/profile_background_images/474073995256414210/EmIgwhV-.jpeg","profile_background_tile":false,"profile_image_url":"http://pbs.twimg.com/profile_images/873558333210243073/I-JJ7Emv_normal.jpg","profile_image_url_https":"https://pbs.twimg.com/profile_images/873558333210243073/I-JJ7Emv_normal.jpg","profile_banner_url":"https://pbs.twimg.com/profile_banners/2229300324/1484557284","profile_link_color":"0084B4","profile_sidebar_border_color":"FFFFFF","profile_sidebar_fill_color":"DDEEF6","profile_text_color":"333333","profile_use_background_image":true,"has_extended_profile":true,"default_profile":false,"default_profile_image":false,"following":false,"follow_request_sent":false,"notifications":false,"translator_type":"none"},"geo":null,"coordinates":null,"place":null,"contributors":null,"is_quote_status":false,"retweet_count":134,"favorite_count":215,"favorited":false,"retweeted":false,"lang":"ja"},{"created_at":"Fri Jul 07 01:15:45 +0000 2017","id":883132396023033900,"id_str":"883132396023033856","text":"北九州市などの各地に「避難指示」「避難勧告」、山口県などに「避難勧告」。現在の交通情報・避難情報・各種警報などの詳細こちら→ https://t.co/8VC8vpRX1d https://t.co/xnvGd9HyPD","truncated":false,"entities":{"hashtags":[],"symbols":[],"user_mentions":[],"urls":[{"url":"https://t.co/8VC8vpRX1d","expanded_url":"http://twitfukuoka.com/?p=63312","display_url":"twitfukuoka.com/?p=63312","indices":[63,86]}],"media":[{"id":883132393523228700,"id_str":"883132393523228672","indices":[87,110],"media_url":"http://pbs.twimg.com/media/DEGEO52XsAA-mVK.jpg","media_url_https":"https://pbs.twimg.com/media/DEGEO52XsAA-mVK.jpg","url":"https://t.co/xnvGd9HyPD","display_url":"pic.twitter.com/xnvGd9HyPD","expanded_url":"https://twitter.com/TwitFukuoka/status/883132396023033856/photo/1","type":"photo","sizes":{"medium":{"w":640,"h":450,"resize":"fit"},"large":{"w":640,"h":450,"resize":"fit"},"thumb":{"w":150,"h":150,"resize":"crop"},"small":{"w":640,"h":450,"resize":"fit"}}}]},"extended_entities":{"media":[{"id":883132393523228700,"id_str":"883132393523228672","indices":[87,110],"media_url":"http://pbs.twimg.com/media/DEGEO52XsAA-mVK.jpg","media_url_https":"https://pbs.twimg.com/media/DEGEO52XsAA-mVK.jpg","url":"https://t.co/xnvGd9HyPD","display_url":"pic.twitter.com/xnvGd9HyPD","expanded_url":"https://twitter.com/TwitFukuoka/status/883132396023033856/photo/1","type":"photo","sizes":{"medium":{"w":640,"h":450,"resize":"fit"},"large":{"w":640,"h":450,"resize":"fit"},"thumb":{"w":150,"h":150,"resize":"crop"},"small":{"w":640,"h":450,"resize":"fit"}}}]},"metadata":{"iso_language_code":"ja","result_type":"recent"},"source":"<a href=\"http://www.hootsuite.com\" rel=\"nofollow\">Hootsuite</a>","in_reply_to_status_id":null,"in_reply_to_status_id_str":null,"in_reply_to_user_id":null,"in_reply_to_user_id_str":null,"in_reply_to_screen_name":null,"user":{"id":83871719,"id_str":"83871719","name":"福岡のニュース","screen_name":"TwitFukuoka","location":"福岡県","description":"福岡県に関連あるニュース及び県民のためのお役立ち情報、またイベント情報などをツイート。文末に記事へのリンクをつけていますので、詳しくはそちらからどうぞ。投稿に誤字脱字がありました場合はどうかご容赦ください。","url":"http://t.co/rF02nm1cnT","entities":{"url":{"urls":[{"url":"http://t.co/rF02nm1cnT","expanded_url":"http://twitfukuoka.com/","display_url":"twitfukuoka.com","indices":[0,22]}]},"description":{"urls":[]}},"protected":false,"followers_count":212342,"friends_count":193669,"listed_count":2403,"created_at":"Tue Oct 20 16:03:46 +0000 2009","favourites_count":0,"utc_offset":32400,"time_zone":"Tokyo","geo_enabled":false,"verified":false,"statuses_count":32840,"lang":"ja","contributors_enabled":false,"is_translator":false,"is_translation_enabled":false,"profile_background_color":"C0DEED","profile_background_image_url":"http://pbs.twimg.com/profile_background_images/46917448/wood30a.gif","profile_background_image_url_https":"https://pbs.twimg.com/profile_background_images/46917448/wood30a.gif","profile_background_tile":true,"profile_image_url":"http://pbs.twimg.com/profile_images/875607555547963392/kR8rpIUm_normal.jpg","profile_image_url_https":"https://pbs.twimg.com/profile_images/875607555547963392/kR8rpIUm_normal.jpg","profile_banner_url":"https://pbs.twimg.com/profile_banners/83871719/1397737865","profile_link_color":"0084B4","profile_sidebar_border_color":"FFFFFF","profile_sidebar_fill_color":"DDEEF6","profile_text_color":"333333","profile_use_background_image":true,"has_extended_profile":false,"default_profile":false,"default_profile_image":false,"following":false,"follow_request_sent":false,"notifications":false,"translator_type":"none"},"geo":null,"coordinates":null,"place":null,"contributors":null,"is_quote_status":false,"retweet_count":120,"favorite_count":33,"favorited":false,"retweeted":false,"possibly_sensitive":false,"lang":"ja"},{"created_at":"Fri Jul 07 01:15:07 +0000 2017","id":883132237398638600,"id_str":"883132237398638593","text":"今日の午後のロードショーは「#シャークネード　カテゴリー2」を放送。人喰いザメの大群×巨大竜巻が再び発生！　ニューヨークを“シャークネード”が襲う！　https://t.co/wEQ7hDBDJt　#アイアン・ジーリング… https://t.co/x237R4PPif","truncated":true,"entities":{"hashtags":[{"text":"シャークネード","indices":[14,22]},{"text":"アイアン・ジーリング","indices":[99,110]}],"symbols":[],"user_mentions":[],"urls":[{"url":"https://t.co/wEQ7hDBDJt","expanded_url":"http://eiga.com/movie/85132/","display_url":"eiga.com/movie/85132/","indices":[75,98]},{"url":"https://t.co/x237R4PPif","expanded_url":"https://twitter.com/i/web/status/883132237398638593","display_url":"twitter.com/i/web/status/8…","indices":[112,135]}]},"metadata":{"iso_language_code":"ja","result_type":"recent"},"source":"<a href=\"http://www.hootsuite.com\" rel=\"nofollow\">Hootsuite</a>","in_reply_to_status_id":null,"in_reply_to_status_id_str":null,"in_reply_to_user_id":null,"in_reply_to_user_id_str":null,"in_reply_to_screen_name":null,"user":{"id":7550252,"id_str":"7550252","name":"映画.com","screen_name":"eigacom","location":"恵比寿","description":"映画のことなら映画.com！最新の映画ニュースを中心に、更新情報、小ネタ、思わずもれた心の叫びをツイートしています。温かく見守って頂けますと幸いです。https://t.co/JFR94bh2CU Facebookではプレゼントやアレコレを発信なう！ https://t.co/4OFacuVdg1","url":"https://t.co/JFR94bh2CU","entities":{"url":{"urls":[{"url":"https://t.co/JFR94bh2CU","expanded_url":"http://eiga.com/","display_url":"eiga.com","indices":[0,23]}]},"description":{"urls":[{"url":"https://t.co/JFR94bh2CU","expanded_url":"http://eiga.com/","display_url":"eiga.com","indices":[75,98]},{"url":"https://t.co/4OFacuVdg1","expanded_url":"http://facebook.com/eigacom","display_url":"facebook.com/eigacom","indices":[126,149]}]}},"protected":false,"followers_count":563486,"friends_count":201,"listed_count":7533,"created_at":"Wed Jul 18 05:53:12 +0000 2007","favourites_count":265,"utc_offset":32400,"time_zone":"Tokyo","geo_enabled":false,"verified":true,"statuses_count":104537,"lang":"ja","contributors_enabled":false,"is_translator":false,"is_translation_enabled":false,"profile_background_color":"131516","profile_background_image_url":"http://abs.twimg.com/images/themes/theme14/bg.gif","profile_background_image_url_https":"https://abs.twimg.com/images/themes/theme14/bg.gif","profile_background_tile":true,"profile_image_url":"http://pbs.twimg.com/profile_images/804592834460323840/siIIWwRz_normal.jpg","profile_image_url_https":"https://pbs.twimg.com/profile_images/804592834460323840/siIIWwRz_normal.jpg","profile_banner_url":"https://pbs.twimg.com/profile_banners/7550252/1496282224","profile_link_color":"009999","profile_sidebar_border_color":"EEEEEE","profile_sidebar_fill_color":"EFEFEF","profile_text_color":"333333","profile_use_background_image":true,"has_extended_profile":false,"default_profile":false,"default_profile_image":false,"following":false,"follow_request_sent":false,"notifications":false,"translator_type":"none"},"geo":null,"coordinates":null,"place":null,"contributors":null,"is_quote_status":false,"retweet_count":69,"favorite_count":33,"favorited":false,"retweeted":false,"possibly_sensitive":false,"lang":"ja"},{"created_at":"Fri Jul 07 01:15:06 +0000 2017","id":883132232155582500,"id_str":"883132232155582464","text":"[明日発売] シェイク シャックの夏限定「ピクルド ハラペーニョ バーガー」ピリッと辛いハラペーニョをサンド - https://t.co/WDWXd0bAT7 https://t.co/HLmT8pbeHg","truncated":false,"entities":{"hashtags":[],"symbols":[],"user_mentions":[],"urls":[{"url":"https://t.co/WDWXd0bAT7","expanded_url":"https://www.fashion-press.net/news/30841","display_url":"fashion-press.net/news/30841","indices":[57,80]}],"media":[{"id":883132230154965000,"id_str":"883132230154964992","indices":[81,104],"media_url":"http://pbs.twimg.com/media/DEGEFZQV0AAmCjD.jpg","media_url_https":"https://pbs.twimg.com/media/DEGEFZQV0AAmCjD.jpg","url":"https://t.co/HLmT8pbeHg","display_url":"pic.twitter.com/HLmT8pbeHg","expanded_url":"https://twitter.com/fashionpressnet/status/883132232155582464/photo/1","type":"photo","sizes":{"small":{"w":600,"h":400,"resize":"fit"},"medium":{"w":600,"h":400,"resize":"fit"},"thumb":{"w":150,"h":150,"resize":"crop"},"large":{"w":600,"h":400,"resize":"fit"}}}]},"extended_entities":{"media":[{"id":883132230154965000,"id_str":"883132230154964992","indices":[81,104],"media_url":"http://pbs.twimg.com/media/DEGEFZQV0AAmCjD.jpg","media_url_https":"https://pbs.twimg.com/media/DEGEFZQV0AAmCjD.jpg","url":"https://t.co/HLmT8pbeHg","display_url":"pic.twitter.com/HLmT8pbeHg","expanded_url":"https://twitter.com/fashionpressnet/status/883132232155582464/photo/1","type":"photo","sizes":{"small":{"w":600,"h":400,"resize":"fit"},"medium":{"w":600,"h":400,"resize":"fit"},"thumb":{"w":150,"h":150,"resize":"crop"},"large":{"w":600,"h":400,"resize":"fit"}}}]},"metadata":{"iso_language_code":"ja","result_type":"recent"},"source":"<a href=\"http://www.fashion-press.net/\" rel=\"nofollow\">Fashion Press</a>","in_reply_to_status_id":null,"in_reply_to_status_id_str":null,"in_reply_to_user_id":null,"in_reply_to_user_id_str":null,"in_reply_to_screen_name":null,"user":{"id":168816611,"id_str":"168816611","name":"Fashion Press","screen_name":"fashionpressnet","location":"","description":"ファッションWEBマガジン「ファッションプレス」公式アカウント。 【Instagram】http://t.co/3myapCJ1Ax【Facebook】http://t.co/8FFmQA2set","url":"http://t.co/rSEGQEqMH0","entities":{"url":{"urls":[{"url":"http://t.co/rSEGQEqMH0","expanded_url":"http://www.fashion-press.net/","display_url":"fashion-press.net","indices":[0,22]}]},"description":{"urls":[{"url":"http://t.co/3myapCJ1Ax","expanded_url":"http://instagram.com/fashionpressjp","display_url":"instagram.com/fashionpressjp","indices":[44,66]},{"url":"http://t.co/8FFmQA2set","expanded_url":"http://www.facebook.com/FashionPress.net","display_url":"facebook.com/FashionPress.n…","indices":[76,98]}]}},"protected":false,"followers_count":2276786,"friends_count":2,"listed_count":8937,"created_at":"Tue Jul 20 21:38:17 +0000 2010","favourites_count":0,"utc_offset":32400,"time_zone":"Tokyo","geo_enabled":false,"verified":true,"statuses_count":80413,"lang":"ja","contributors_enabled":false,"is_translator":false,"is_translation_enabled":false,"profile_background_color":"F5F8FA","profile_background_image_url":"http://abs.twimg.com/images/themes/theme14/bg.gif","profile_background_image_url_https":"https://abs.twimg.com/images/themes/theme14/bg.gif","profile_background_tile":false,"profile_image_url":"http://pbs.twimg.com/profile_images/491483872677228544/fuq52Rp2_normal.jpeg","profile_image_url_https":"https://pbs.twimg.com/profile_images/491483872677228544/fuq52Rp2_normal.jpeg","profile_banner_url":"https://pbs.twimg.com/profile_banners/168816611/1444307408","profile_link_color":"343738","profile_sidebar_border_color":"FFFFFF","profile_sidebar_fill_color":"DDEEF6","profile_text_color":"333333","profile_use_background_image":true,"has_extended_profile":false,"default_profile":false,"default_profile_image":false,"following":false,"follow_request_sent":false,"notifications":false,"translator_type":"none"},"geo":null,"coordinates":null,"place":null,"contributors":null,"is_quote_status":false,"retweet_count":56,"favorite_count":150,"favorited":false,"retweeted":false,"possibly_sensitive":false,"lang":"ja"},{"created_at":"Fri Jul 07 01:15:02 +0000 2017","id":883132212933152800,"id_str":"883132212933152768","text":"見るのも見せるのもどっちも好き♡♡\nLINEくれたら写メ送るよ♥\n\n#裏垢女子\n#見せ合い募集なう\nhttps://t.co/KaxwjcVxcD","truncated":false,"entities":{"hashtags":[{"text":"裏垢女子","indices":[34,39]},{"text":"見せ合い募集なう","indices":[40,49]}],"symbols":[],"user_mentions":[],"urls":[],"media":[{"id":863353878326132700,"id_str":"863353878326132738","indices":[50,73],"media_url":"http://pbs.twimg.com/media/C_s_xzEVwAI3Vze.jpg","media_url_https":"https://pbs.twimg.com/media/C_s_xzEVwAI3Vze.jpg","url":"https://t.co/KaxwjcVxcD","display_url":"pic.twitter.com/KaxwjcVxcD","expanded_url":"https://twitter.com/dubamub/status/863353936417181697/photo/1","type":"photo","sizes":{"thumb":{"w":150,"h":150,"resize":"crop"},"large":{"w":580,"h":435,"resize":"fit"},"small":{"w":580,"h":435,"resize":"fit"},"medium":{"w":580,"h":435,"resize":"fit"}},"source_status_id":863353936417181700,"source_status_id_str":"863353936417181697","source_user_id":715112866525806600,"source_user_id_str":"715112866525806592"}]},"extended_entities":{"media":[{"id":863353878326132700,"id_str":"863353878326132738","indices":[50,73],"media_url":"http://pbs.twimg.com/media/C_s_xzEVwAI3Vze.jpg","media_url_https":"https://pbs.twimg.com/media/C_s_xzEVwAI3Vze.jpg","url":"https://t.co/KaxwjcVxcD","display_url":"pic.twitter.com/KaxwjcVxcD","expanded_url":"https://twitter.com/dubamub/status/863353936417181697/photo/1","type":"photo","sizes":{"thumb":{"w":150,"h":150,"resize":"crop"},"large":{"w":580,"h":435,"resize":"fit"},"small":{"w":580,"h":435,"resize":"fit"},"medium":{"w":580,"h":435,"resize":"fit"}},"source_status_id":863353936417181700,"source_status_id_str":"863353936417181697","source_user_id":715112866525806600,"source_user_id_str":"715112866525806592"},{"id":863353902162296800,"id_str":"863353902162296833","indices":[50,73],"media_url":"http://pbs.twimg.com/media/C_s_zL3UwAESefY.jpg","media_url_https":"https://pbs.twimg.com/media/C_s_zL3UwAESefY.jpg","url":"https://t.co/KaxwjcVxcD","display_url":"pic.twitter.com/KaxwjcVxcD","expanded_url":"https://twitter.com/dubamub/status/863353936417181697/photo/1","type":"photo","sizes":{"thumb":{"w":150,"h":150,"resize":"crop"},"large":{"w":580,"h":435,"resize":"fit"},"small":{"w":580,"h":435,"resize":"fit"},"medium":{"w":580,"h":435,"resize":"fit"}},"source_status_id":863353936417181700,"source_status_id_str":"863353936417181697","source_user_id":715112866525806600,"source_user_id_str":"715112866525806592"},{"id":863353911754629100,"id_str":"863353911754629120","indices":[50,73],"media_url":"http://pbs.twimg.com/media/C_s_zvmUIAASR8M.jpg","media_url_https":"https://pbs.twimg.com/media/C_s_zvmUIAASR8M.jpg","url":"https://t.co/KaxwjcVxcD","display_url":"pic.twitter.com/KaxwjcVxcD","expanded_url":"https://twitter.com/dubamub/status/863353936417181697/photo/1","type":"photo","sizes":{"small":{"w":360,"h":360,"resize":"fit"},"medium":{"w":360,"h":360,"resize":"fit"},"thumb":{"w":150,"h":150,"resize":"crop"},"large":{"w":360,"h":360,"resize":"fit"}},"source_status_id":863353936417181700,"source_status_id_str":"863353936417181697","source_user_id":715112866525806600,"source_user_id_str":"715112866525806592"}]},"metadata":{"iso_language_code":"ja","result_type":"recent"},"source":"<a href=\"https://twitter.com\" rel=\"nofollow\">ccc fggyyy</a>","in_reply_to_status_id":null,"in_reply_to_status_id_str":null,"in_reply_to_user_id":null,"in_reply_to_user_id_str":null,"in_reply_to_screen_name":null,"user":{"id":838286099621371900,"id_str":"838286099621371905","name":"みゆ✿見せあい募集垢","screen_name":"mm_i_yu","location":"","description":"いわゆる裏垢女子♡おぱーい晒して喜んでます笑♡ぇち動画欲しい人&見せあいしたい人LINEしてね〜💕ふぉろー貰えると喜びます ♥ ♥ ※DM基本見てません×","url":null,"entities":{"description":{"urls":[]}},"protected":false,"followers_count":486,"friends_count":247,"listed_count":0,"created_at":"Sun Mar 05 07:12:35 +0000 2017","favourites_count":0,"utc_offset":-25200,"time_zone":"Pacific Time (US & Canada)","geo_enabled":false,"verified":false,"statuses_count":8,"lang":"ja","contributors_enabled":false,"is_translator":false,"is_translation_enabled":false,"profile_background_color":"F5F8FA","profile_background_image_url":null,"profile_background_image_url_https":null,"profile_background_tile":false,"profile_image_url":"http://pbs.twimg.com/profile_images/870110818829873152/N8Ez-XUN_normal.jpg","profile_image_url_https":"https://pbs.twimg.com/profile_images/870110818829873152/N8Ez-XUN_normal.jpg","profile_banner_url":"https://pbs.twimg.com/profile_banners/838286099621371905/1496285569","profile_link_color":"1DA1F2","profile_sidebar_border_color":"C0DEED","profile_sidebar_fill_color":"DDEEF6","profile_text_color":"333333","profile_use_background_image":true,"has_extended_profile":false,"default_profile":true,"default_profile_image":false,"following":false,"follow_request_sent":false,"notifications":false,"translator_type":"none"},"geo":null,"coordinates":null,"place":null,"contributors":null,"is_quote_status":false,"retweet_count":53,"favorite_count":0,"favorited":false,"retweeted":false,"possibly_sensitive":false,"lang":"ja"},{"created_at":"Fri Jul 07 01:15:02 +0000 2017","id":883132212849324000,"id_str":"883132212849324033","text":"【七夕企画】探偵社にて（太宰治＆国木田独歩）　#bungosd https://t.co/T0nhk0K7e4","truncated":false,"entities":{"hashtags":[{"text":"bungosd","indices":[23,31]}],"symbols":[],"user_mentions":[],"urls":[],"media":[{"id":883132209506472000,"id_str":"883132209506471936","indices":[32,55],"media_url":"http://pbs.twimg.com/media/DEGEEMVW0AAyki5.jpg","media_url_https":"https://pbs.twimg.com/media/DEGEEMVW0AAyki5.jpg","url":"https://t.co/T0nhk0K7e4","display_url":"pic.twitter.com/T0nhk0K7e4","expanded_url":"https://twitter.com/bungosd_anime/status/883132212849324033/photo/1","type":"photo","sizes":{"large":{"w":842,"h":595,"resize":"fit"},"thumb":{"w":150,"h":150,"resize":"crop"},"small":{"w":680,"h":481,"resize":"fit"},"medium":{"w":842,"h":595,"resize":"fit"}}}]},"extended_entities":{"media":[{"id":883132209506472000,"id_str":"883132209506471936","indices":[32,55],"media_url":"http://pbs.twimg.com/media/DEGEEMVW0AAyki5.jpg","media_url_https":"https://pbs.twimg.com/media/DEGEEMVW0AAyki5.jpg","url":"https://t.co/T0nhk0K7e4","display_url":"pic.twitter.com/T0nhk0K7e4","expanded_url":"https://twitter.com/bungosd_anime/status/883132212849324033/photo/1","type":"photo","sizes":{"large":{"w":842,"h":595,"resize":"fit"},"thumb":{"w":150,"h":150,"resize":"crop"},"small":{"w":680,"h":481,"resize":"fit"},"medium":{"w":842,"h":595,"resize":"fit"}}},{"id":883132209447698400,"id_str":"883132209447698437","indices":[32,55],"media_url":"http://pbs.twimg.com/media/DEGEEMHWAAUHmQW.jpg","media_url_https":"https://pbs.twimg.com/media/DEGEEMHWAAUHmQW.jpg","url":"https://t.co/T0nhk0K7e4","display_url":"pic.twitter.com/T0nhk0K7e4","expanded_url":"https://twitter.com/bungosd_anime/status/883132212849324033/photo/1","type":"photo","sizes":{"large":{"w":842,"h":595,"resize":"fit"},"thumb":{"w":150,"h":150,"resize":"crop"},"small":{"w":680,"h":481,"resize":"fit"},"medium":{"w":842,"h":595,"resize":"fit"}}}]},"metadata":{"iso_language_code":"ja","result_type":"recent"},"source":"<a href=\"http://bufferapp.com\" rel=\"nofollow\">Buffer</a>","in_reply_to_status_id":null,"in_reply_to_status_id_str":null,"in_reply_to_user_id":null,"in_reply_to_user_id_str":null,"in_reply_to_screen_name":null,"user":{"id":3979375754,"id_str":"3979375754","name":"アニメ「文豪ストレイドッグス」公式","screen_name":"bungosd_anime","location":"ヨコハマ","description":"アニメ「文豪ストレイドッグス」公式Twitterです。2018年初春公開の映画「文豪ストレイドッグスDEAD APPLE（デッドアップル）」をはじめ、アニメの最新情報などをお知らせします。ハッシュタグは「#bungosd」※個別のリプライにはお答えできません。予めご了承ください。","url":"https://t.co/mI2JRVepkU","entities":{"url":{"urls":[{"url":"https://t.co/mI2JRVepkU","expanded_url":"http://bungo-stray-dogs.jp","display_url":"bungo-stray-dogs.jp","indices":[0,23]}]},"description":{"urls":[]}},"protected":false,"followers_count":254594,"friends_count":4,"listed_count":2207,"created_at":"Thu Oct 22 10:56:41 +0000 2015","favourites_count":0,"utc_offset":-25200,"time_zone":"Pacific Time (US & Canada)","geo_enabled":false,"verified":false,"statuses_count":3340,"lang":"ja","contributors_enabled":false,"is_translator":false,"is_translation_enabled":false,"profile_background_color":"000000","profile_background_image_url":"http://abs.twimg.com/images/themes/theme1/bg.png","profile_background_image_url_https":"https://abs.twimg.com/images/themes/theme1/bg.png","profile_background_tile":false,"profile_image_url":"http://pbs.twimg.com/profile_images/876707465227673600/CKC6gYb__normal.jpg","profile_image_url_https":"https://pbs.twimg.com/profile_images/876707465227673600/CKC6gYb__normal.jpg","profile_banner_url":"https://pbs.twimg.com/profile_banners/3979375754/1497858287","profile_link_color":"91D2FA","profile_sidebar_border_color":"000000","profile_sidebar_fill_color":"000000","profile_text_color":"000000","profile_use_background_image":false,"has_extended_profile":false,"default_profile":false,"default_profile_image":false,"following":false,"follow_request_sent":false,"notifications":false,"translator_type":"none"},"geo":null,"coordinates":null,"place":null,"contributors":null,"is_quote_status":false,"retweet_count":416,"favorite_count":612,"favorited":false,"retweeted":false,"possibly_sensitive":false,"lang":"ja"},{"created_at":"Fri Jul 07 01:14:48 +0000 2017","id":883132156540735500,"id_str":"883132156540735488","text":"【おしらせ】本日13時〜17時でメンテナンスを実施します。シーズン開始に伴い、メンテ後にS1以上のランクはリセットされます。また、メンテ後にアプリの更新が必要となります。ご迷惑おかけしますが、よろしくお願いいたします。#コンパス","truncated":false,"entities":{"hashtags":[{"text":"コンパス","indices":[109,114]}],"symbols":[],"user_mentions":[],"urls":[]},"metadata":{"iso_language_code":"ja","result_type":"recent"},"source":"<a href=\"http://twitter.com/#!/download/ipad\" rel=\"nofollow\">Twitter for iPad</a>","in_reply_to_status_id":null,"in_reply_to_status_id_str":null,"in_reply_to_user_id":null,"in_reply_to_user_id_str":null,"in_reply_to_screen_name":null,"user":{"id":791537005981163500,"id_str":"791537005981163520","name":"【公式】#コンパス 戦闘摂理解析システム","screen_name":"cps_niconico","location":"","description":"白熱の対戦チームバトルゲーム「#コンパス」の公式アカウントです。 ゲームや参加クリエーターに関する情報を発信します。ご要望やお問い合わせは公式サイトまたはアプリ内からお願いします。","url":"https://t.co/TeXmnm4Zwr","entities":{"url":{"urls":[{"url":"https://t.co/TeXmnm4Zwr","expanded_url":"http://app.nhn-playart.com/compass/","display_url":"app.nhn-playart.com/compass/","indices":[0,23]}]},"description":{"urls":[]}},"protected":false,"followers_count":92782,"friends_count":117,"listed_count":444,"created_at":"Thu Oct 27 07:08:23 +0000 2016","favourites_count":786,"utc_offset":-25200,"time_zone":"Pacific Time (US & Canada)","geo_enabled":false,"verified":true,"statuses_count":1395,"lang":"ja","contributors_enabled":false,"is_translator":false,"is_translation_enabled":false,"profile_background_color":"000000","profile_background_image_url":"http://abs.twimg.com/images/themes/theme1/bg.png","profile_background_image_url_https":"https://abs.twimg.com/images/themes/theme1/bg.png","profile_background_tile":false,"profile_image_url":"http://pbs.twimg.com/profile_images/875579124923875329/cXBOK7pb_normal.jpg","profile_image_url_https":"https://pbs.twimg.com/profile_images/875579124923875329/cXBOK7pb_normal.jpg","profile_banner_url":"https://pbs.twimg.com/profile_banners/791537005981163520/1490678266","profile_link_color":"FF691F","profile_sidebar_border_color":"000000","profile_sidebar_fill_color":"000000","profile_text_color":"000000","profile_use_background_image":false,"has_extended_profile":false,"default_profile":false,"default_profile_image":false,"following":false,"follow_request_sent":false,"notifications":false,"translator_type":"none"},"geo":null,"coordinates":null,"place":null,"contributors":null,"is_quote_status":false,"retweet_count":89,"favorite_count":107,"favorited":false,"retweeted":false,"lang":"ja"},{"created_at":"Fri Jul 07 01:14:42 +0000 2017","id":883132132616396800,"id_str":"883132132616396800","text":"★┷┓\n┃今┃\n┃年┃\n┃こ┃\n┃そ┃\n┃宇┃\n┃佐┃\n┃見┃\n┃先┃\n┃生┃\n┃の┃\n┃原┃\n┃稿┃\n┃が┃\n┃締┃\n┃切┃\n┃通┃\n┃り┃\n┃あ┃\n┃が┃\n┃り┃\n┃ま┃\n┃す┃\n┃よ┃\n┃う┃\n┃に┃\n┗━★\n 短冊メーカー https://t.co/yNwKt4FnTj","truncated":false,"entities":{"hashtags":[],"symbols":[],"user_mentions":[],"urls":[{"url":"https://t.co/yNwKt4FnTj","expanded_url":"http://goo.gl/3wr2TE","display_url":"goo.gl/3wr2TE","indices":[116,139]}]},"metadata":{"iso_language_code":"ja","result_type":"recent"},"source":"<a href=\"http://twitter.com\" rel=\"nofollow\">Twitter Web Client</a>","in_reply_to_status_id":null,"in_reply_to_status_id_str":null,"in_reply_to_user_id":null,"in_reply_to_user_id_str":null,"in_reply_to_screen_name":null,"user":{"id":256960229,"id_str":"256960229","name":"純情ロマンチカ＆世界一初恋★公式","screen_name":"marukawashoten","location":"株式会社KADOKAWA","description":"KADOKAWAにて連載中の中村春菊先生【原作】公式アカウントです。漫画やアニメの違法配信やＤＬ、画像の無断使用や転載、商品の転売、譲渡は厳禁。非公式bot等の二次も許諾していません。ツイッターやお電話での要望やお問い合わせにはお答えできません。守って下さる方のみフォローお願い致します【ツイートは全て先生の意向です】","url":"https://t.co/UHAXgqiVzh","entities":{"url":{"urls":[{"url":"https://t.co/UHAXgqiVzh","expanded_url":"http://www.kadokawa.co.jp/emerald/","display_url":"kadokawa.co.jp/emerald/","indices":[0,23]}]},"description":{"urls":[]}},"protected":false,"followers_count":78418,"friends_count":19,"listed_count":1572,"created_at":"Thu Feb 24 12:32:52 +0000 2011","favourites_count":42,"utc_offset":32400,"time_zone":"Tokyo","geo_enabled":false,"verified":false,"statuses_count":5270,"lang":"ja","contributors_enabled":false,"is_translator":false,"is_translation_enabled":false,"profile_background_color":"FF6699","profile_background_image_url":"http://abs.twimg.com/images/themes/theme11/bg.gif","profile_background_image_url_https":"https://abs.twimg.com/images/themes/theme11/bg.gif","profile_background_tile":true,"profile_image_url":"http://pbs.twimg.com/profile_images/869858854384709632/J9WlGem3_normal.jpg","profile_image_url_https":"https://pbs.twimg.com/profile_images/869858854384709632/J9WlGem3_normal.jpg","profile_banner_url":"https://pbs.twimg.com/profile_banners/256960229/1392680956","profile_link_color":"F02781","profile_sidebar_border_color":"CC3366","profile_sidebar_fill_color":"E5507E","profile_text_color":"362720","profile_use_background_image":true,"has_extended_profile":false,"default_profile":false,"default_profile_image":false,"following":false,"follow_request_sent":false,"notifications":false,"translator_type":"none"},"geo":null,"coordinates":null,"place":null,"contributors":null,"is_quote_status":false,"retweet_count":91,"favorite_count":161,"favorited":false,"retweeted":false,"possibly_sensitive":false,"lang":"ja"},{"created_at":"Fri Jul 07 01:14:33 +0000 2017","id":883132091893915600,"id_str":"883132091893915649","text":"7月7日（金）午前10時現在、JR九州鹿児島本線「門司港～福間駅間」の運転が再開されていないため、午後の授業等も引き続き休講といたします。予報では、依然大雨に対する厳重な警戒を呼びかけています。各自、自身の安全確保を最優先に、適切な行動をとることができるよう心掛けてください。","truncated":false,"entities":{"hashtags":[],"symbols":[],"user_mentions":[],"urls":[]},"metadata":{"iso_language_code":"ja","result_type":"recent"},"source":"<a href=\"http://twitter.com\" rel=\"nofollow\">Twitter Web Client</a>","in_reply_to_status_id":null,"in_reply_to_status_id_str":null,"in_reply_to_user_id":null,"in_reply_to_user_id_str":null,"in_reply_to_screen_name":null,"user":{"id":626215630,"id_str":"626215630","name":"西南女学院大学","screen_name":"SeinanJoGakuin","location":"","description":"西南女学院大学公式アカウントです。緊急時に必要な情報を投稿します。個別の返信は行いませんのでご了承ください。 https://t.co/IdLKHrA0uJ","url":null,"entities":{"description":{"urls":[{"url":"https://t.co/IdLKHrA0uJ","expanded_url":"http://www.seinan-jo.ac.jp/","display_url":"seinan-jo.ac.jp","indices":[55,78]}]}},"protected":false,"followers_count":2106,"friends_count":0,"listed_count":12,"created_at":"Wed Jul 04 06:17:43 +0000 2012","favourites_count":0,"utc_offset":null,"time_zone":null,"geo_enabled":false,"verified":false,"statuses_count":41,"lang":"ja","contributors_enabled":false,"is_translator":false,"is_translation_enabled":false,"profile_background_color":"C0DEED","profile_background_image_url":"http://abs.twimg.com/images/themes/theme1/bg.png","profile_background_image_url_https":"https://abs.twimg.com/images/themes/theme1/bg.png","profile_background_tile":false,"profile_image_url":"http://pbs.twimg.com/profile_images/2366329414/kbkbq3wmcy418i0hvlvz_normal.png","profile_image_url_https":"https://pbs.twimg.com/profile_images/2366329414/kbkbq3wmcy418i0hvlvz_normal.png","profile_link_color":"1DA1F2","profile_sidebar_border_color":"C0DEED","profile_sidebar_fill_color":"DDEEF6","profile_text_color":"333333","profile_use_background_image":true,"has_extended_profile":false,"default_profile":true,"default_profile_image":false,"following":false,"follow_request_sent":false,"notifications":false,"translator_type":"none"},"geo":null,"coordinates":null,"place":null,"contributors":null,"is_quote_status":false,"retweet_count":87,"favorite_count":58,"favorited":false,"retweeted":false,"lang":"ja"}],"search_metadata":{"completed_in":0.046,"max_id":883133149189783600,"max_id_str":"883133149189783552","next_results":"?max_id=883132091893915648&q=lang%3Aja%20min_retweets%3A50&include_entities=1","query":"lang%3Aja+min_retweets%3A50","refresh_url":"?since_id=883133149189783552&q=lang%3Aja%20min_retweets%3A50&include_entities=1","count":15,"since_id":0,"since_id_str":"0"}}