{"statuses":[{"created_at":"Wed Jul 05 01:37:52 +0000 2017","id":882413184212062200,"id_str":"882413184212062209","text":"かっこよくFF外から失礼する方法選手権の結果を発表します。\n\n最優秀賞\n「FF外から失礼したのか？俺以外のヤツと」\n\nです。おめでとうございます！！\n\n他にも沢山良いのがあったのですがほとんどがあれだったので発表を見送らせて頂きます。","truncated":false,"entities":{"hashtags":[],"symbols":[],"user_mentions":[],"urls":[]},"metadata":{"iso_language_code":"ja","result_type":"recent"},"source":"<a href=\"http://twitter.com/download/iphone\" rel=\"nofollow\">Twitter for iPhone</a>","in_reply_to_status_id":null,"in_reply_to_status_id_str":null,"in_reply_to_user_id":null,"in_reply_to_user_id_str":null,"in_reply_to_screen_name":null,"user":{"id":2803477274,"id_str":"2803477274","name":"坊主","screen_name":"bozu_108","location":"日本","description":"ポケモンgoのやり過ぎで坊主バー破門になりました。坊主だけじゃ食ってけないので新宿ゴールデン街でバーテン始めました。神社の絵馬の個人情報保護シール「神のみぞシール」作りました。この垢は暇つぶしで見る位にして下さい。坊さんだらけのフットサルチーム作りました。対戦相手募集中。皆さんの悩みや不安を選手権で解決したいと思ってま","url":null,"entities":{"description":{"urls":[]}},"protected":false,"followers_count":232624,"friends_count":39613,"listed_count":1323,"created_at":"Thu Sep 11 10:41:30 +0000 2014","favourites_count":20750,"utc_offset":null,"time_zone":null,"geo_enabled":true,"verified":false,"statuses_count":1227,"lang":"ja","contributors_enabled":false,"is_translator":false,"is_translation_enabled":false,"profile_background_color":"C0DEED","profile_background_image_url":"http://abs.twimg.com/images/themes/theme1/bg.png","profile_background_image_url_https":"https://abs.twimg.com/images/themes/theme1/bg.png","profile_background_tile":false,"profile_image_url":"http://pbs.twimg.com/profile_images/778304121187078144/-SViugXh_normal.jpg","profile_image_url_https":"https://pbs.twimg.com/profile_images/778304121187078144/-SViugXh_normal.jpg","profile_banner_url":"https://pbs.twimg.com/profile_banners/2803477274/1475491730","profile_link_color":"1DA1F2","profile_sidebar_border_color":"C0DEED","profile_sidebar_fill_color":"DDEEF6","profile_text_color":"333333","profile_use_background_image":true,"has_extended_profile":false,"default_profile":true,"default_profile_image":false,"following":false,"follow_request_sent":false,"notifications":false,"translator_type":"none"},"geo":null,"coordinates":null,"place":null,"contributors":null,"is_quote_status":false,"retweet_count":100,"favorite_count":139,"favorited":false,"retweeted":false,"lang":"ja"},{"created_at":"Wed Jul 05 01:37:00 +0000 2017","id":882412968410882000,"id_str":"882412968410882048","text":"闇金ドッグス撮影中☆ https://t.co/CLZXLzp1V9","truncated":false,"entities":{"hashtags":[],"symbols":[],"user_mentions":[],"urls":[],"media":[{"id":882412961196683300,"id_str":"882412961196683264","indices":[11,34],"media_url":"http://pbs.twimg.com/media/DD716blUMAA2THQ.jpg","media_url_https":"https://pbs.twimg.com/media/DD716blUMAA2THQ.jpg","url":"https://t.co/CLZXLzp1V9","display_url":"pic.twitter.com/CLZXLzp1V9","expanded_url":"https://twitter.com/tsunenori_aoki/status/882412968410882048/photo/1","type":"photo","sizes":{"medium":{"w":1200,"h":900,"resize":"fit"},"thumb":{"w":150,"h":150,"resize":"crop"},"small":{"w":680,"h":510,"resize":"fit"},"large":{"w":1280,"h":960,"resize":"fit"}}}]},"extended_entities":{"media":[{"id":882412961196683300,"id_str":"882412961196683264","indices":[11,34],"media_url":"http://pbs.twimg.com/media/DD716blUMAA2THQ.jpg","media_url_https":"https://pbs.twimg.com/media/DD716blUMAA2THQ.jpg","url":"https://t.co/CLZXLzp1V9","display_url":"pic.twitter.com/CLZXLzp1V9","expanded_url":"https://twitter.com/tsunenori_aoki/status/882412968410882048/photo/1","type":"photo","sizes":{"medium":{"w":1200,"h":900,"resize":"fit"},"thumb":{"w":150,"h":150,"resize":"crop"},"small":{"w":680,"h":510,"resize":"fit"},"large":{"w":1280,"h":960,"resize":"fit"}}}]},"metadata":{"iso_language_code":"ja","result_type":"recent"},"source":"<a href=\"http://twitter.com/download/iphone\" rel=\"nofollow\">Twitter for iPhone</a>","in_reply_to_status_id":null,"in_reply_to_status_id_str":null,"in_reply_to_user_id":null,"in_reply_to_user_id_str":null,"in_reply_to_screen_name":null,"user":{"id":3187379904,"id_str":"3187379904","name":"青木玄徳","screen_name":"tsunenori_aoki","location":"","description":"天秤座のO型","url":null,"entities":{"description":{"urls":[]}},"protected":false,"followers_count":40761,"friends_count":119,"listed_count":1386,"created_at":"Thu May 07 07:50:31 +0000 2015","favourites_count":8,"utc_offset":null,"time_zone":null,"geo_enabled":false,"verified":false,"statuses_count":713,"lang":"en","contributors_enabled":false,"is_translator":false,"is_translation_enabled":false,"profile_background_color":"C0DEED","profile_background_image_url":"http://abs.twimg.com/images/themes/theme1/bg.png","profile_background_image_url_https":"https://abs.twimg.com/images/themes/theme1/bg.png","profile_background_tile":false,"profile_image_url":"http://pbs.twimg.com/profile_images/597021314054901761/P42GzkWP_normal.jpg","profile_image_url_https":"https://pbs.twimg.com/profile_images/597021314054901761/P42GzkWP_normal.jpg","profile_link_color":"1DA1F2","profile_sidebar_border_color":"C0DEED","profile_sidebar_fill_color":"DDEEF6","profile_text_color":"333333","profile_use_background_image":true,"has_extended_profile":false,"default_profile":true,"default_profile_image":false,"following":false,"follow_request_sent":false,"notifications":false,"translator_type":"none"},"geo":null,"coordinates":null,"place":null,"contributors":null,"is_quote_status":false,"retweet_count":60,"favorite_count":115,"favorited":false,"retweeted":false,"possibly_sensitive":false,"lang":"ja"},{"created_at":"Wed Jul 05 01:35:58 +0000 2017","id":882412707621752800,"id_str":"882412707621752832","text":"👊雑誌掲載情報👊\n本日発売の「OUT OF MUSIC8月号」に表紙2とインタビューにランペイジが登場🔥\nそして「 RUDO『短髪男子』VOL.3」では、長谷川慎がソロで表紙に登場🔥\n是非ともチェックして下さい✊ https://t.co/lkVN6IMIi3","truncated":false,"entities":{"hashtags":[],"symbols":[],"user_mentions":[],"urls":[],"media":[{"id":882412701044973600,"id_str":"882412701044973569","indices":[107,130],"media_url":"http://pbs.twimg.com/media/DD71rScUIAE9en1.jpg","media_url_https":"https://pbs.twimg.com/media/DD71rScUIAE9en1.jpg","url":"https://t.co/lkVN6IMIi3","display_url":"pic.twitter.com/lkVN6IMIi3","expanded_url":"https://twitter.com/therampagefext/status/882412707621752832/photo/1","type":"photo","sizes":{"thumb":{"w":150,"h":150,"resize":"crop"},"large":{"w":595,"h":841,"resize":"fit"},"medium":{"w":595,"h":841,"resize":"fit"},"small":{"w":481,"h":680,"resize":"fit"}}}]},"extended_entities":{"media":[{"id":882412701044973600,"id_str":"882412701044973569","indices":[107,130],"media_url":"http://pbs.twimg.com/media/DD71rScUIAE9en1.jpg","media_url_https":"https://pbs.twimg.com/media/DD71rScUIAE9en1.jpg","url":"https://t.co/lkVN6IMIi3","display_url":"pic.twitter.com/lkVN6IMIi3","expanded_url":"https://twitter.com/therampagefext/status/882412707621752832/photo/1","type":"photo","sizes":{"thumb":{"w":150,"h":150,"resize":"crop"},"large":{"w":595,"h":841,"resize":"fit"},"medium":{"w":595,"h":841,"resize":"fit"},"small":{"w":481,"h":680,"resize":"fit"}}}]},"metadata":{"iso_language_code":"ja","result_type":"recent"},"source":"<a href=\"http://twitter.com/download/iphone\" rel=\"nofollow\">Twitter for iPhone</a>","in_reply_to_status_id":null,"in_reply_to_status_id_str":null,"in_reply_to_user_id":null,"in_reply_to_user_id_str":null,"in_reply_to_screen_name":null,"user":{"id":703069848457228300,"id_str":"703069848457228288","name":"THE RAMPAGE OFFICIAL","screen_name":"therampagefext","location":"","description":"THE RAMPAGE from EXILE TRIBE Official account‼ https://t.co/b2w9QtZAv0","url":"https://t.co/OTrUwgzH9S","entities":{"url":{"urls":[{"url":"https://t.co/OTrUwgzH9S","expanded_url":"https://www.instagram.com/the_rampage_official/","display_url":"instagram.com/the_rampage_of…","indices":[0,23]}]},"description":{"urls":[{"url":"https://t.co/b2w9QtZAv0","expanded_url":"http://the-rampage.jp/","display_url":"the-rampage.jp","indices":[47,70]}]}},"protected":false,"followers_count":295398,"friends_count":93,"listed_count":757,"created_at":"Fri Feb 26 04:11:29 +0000 2016","favourites_count":13,"utc_offset":-25200,"time_zone":"Pacific Time (US & Canada)","geo_enabled":false,"verified":true,"statuses_count":1393,"lang":"ja","contributors_enabled":false,"is_translator":false,"is_translation_enabled":false,"profile_background_color":"F5F8FA","profile_background_image_url":null,"profile_background_image_url_https":null,"profile_background_tile":false,"profile_image_url":"http://pbs.twimg.com/profile_images/791561824906809344/38ndfy6N_normal.jpg","profile_image_url_https":"https://pbs.twimg.com/profile_images/791561824906809344/38ndfy6N_normal.jpg","profile_banner_url":"https://pbs.twimg.com/profile_banners/703069848457228288/1498890358","profile_link_color":"1DA1F2","profile_sidebar_border_color":"C0DEED","profile_sidebar_fill_color":"DDEEF6","profile_text_color":"333333","profile_use_background_image":true,"has_extended_profile":false,"default_profile":true,"default_profile_image":false,"following":false,"follow_request_sent":false,"notifications":false,"translator_type":"none"},"geo":null,"coordinates":null,"place":null,"contributors":null,"is_quote_status":false,"retweet_count":215,"favorite_count":849,"favorited":false,"retweeted":false,"possibly_sensitive":false,"lang":"ja"},{"created_at":"Wed Jul 05 01:35:41 +0000 2017","id":882412634233987100,"id_str":"882412634233987072","text":"@tyamadamg ありまとうございますm(＿   ＿)m","truncated":false,"entities":{"hashtags":[],"symbols":[],"user_mentions":[{"screen_name":"tyamadamg","name":"山田孝之マネージャー","id":733582126822522900,"id_str":"733582126822522881","indices":[0,10]}],"urls":[]},"metadata":{"iso_language_code":"ja","result_type":"recent"},"source":"<a href=\"http://twitter.com/download/iphone\" rel=\"nofollow\">Twitter for iPhone</a>","in_reply_to_status_id":882247789169619000,"in_reply_to_status_id_str":"882247789169618945","in_reply_to_user_id":733582126822522900,"in_reply_to_user_id_str":"733582126822522881","in_reply_to_screen_name":"tyamadamg","user":{"id":274407179,"id_str":"274407179","name":"Jin Akanishi  赤西 仁","screen_name":"Jin_Akanishi","location":"The world","description":"~Jin Akanishi Official Twitter~ https://t.co/kDQTwnCJQ6 https://t.co/mHNTl2fr2Y https://t.co/a9Ud8fqg7A","url":"https://t.co/7xFHMmbcxV","entities":{"url":{"urls":[{"url":"https://t.co/7xFHMmbcxV","expanded_url":"http://jinakanishi.com","display_url":"jinakanishi.com","indices":[0,23]}]},"description":{"urls":[{"url":"https://t.co/kDQTwnCJQ6","expanded_url":"http://www.facebook.com/JinAkanishiMusic","display_url":"facebook.com/JinAkanishiMus…","indices":[32,55]},{"url":"https://t.co/mHNTl2fr2Y","expanded_url":"http://www.instagram.com/jinstagram_official","display_url":"instagram.com/jinstagram_off…","indices":[56,79]},{"url":"https://t.co/a9Ud8fqg7A","expanded_url":"http://weibo.com/JAofficial","display_url":"weibo.com/JAofficial","indices":[80,103]}]}},"protected":false,"followers_count":577737,"friends_count":68,"listed_count":3740,"created_at":"Wed Mar 30 07:36:20 +0000 2011","favourites_count":167,"utc_offset":28800,"time_zone":"Irkutsk","geo_enabled":false,"verified":true,"statuses_count":1214,"lang":"en","contributors_enabled":false,"is_translator":false,"is_translation_enabled":false,"profile_background_color":"131516","profile_background_image_url":"http://abs.twimg.com/images/themes/theme14/bg.gif","profile_background_image_url_https":"https://abs.twimg.com/images/themes/theme14/bg.gif","profile_background_tile":false,"profile_image_url":"http://pbs.twimg.com/profile_images/844727636450422784/KibDLO4s_normal.jpg","profile_image_url_https":"https://pbs.twimg.com/profile_images/844727636450422784/KibDLO4s_normal.jpg","profile_banner_url":"https://pbs.twimg.com/profile_banners/274407179/1464789630","profile_link_color":"09A3DB","profile_sidebar_border_color":"FFFFFF","profile_sidebar_fill_color":"EFEFEF","profile_text_color":"333333","profile_use_background_image":false,"has_extended_profile":false,"default_profile":false,"default_profile_image":false,"following":false,"follow_request_sent":false,"notifications":false,"translator_type":"none"},"geo":null,"coordinates":null,"place":null,"contributors":null,"is_quote_status":false,"retweet_count":111,"favorite_count":269,"favorited":false,"retweeted":false,"lang":"ja"},{"created_at":"Wed Jul 05 01:33:49 +0000 2017","id":882412167651147800,"id_str":"882412167651147780","text":"7/5はビキニの日らしい。\n٩( 'ω' )و\n\n#ビキニの日 https://t.co/Oowc7NX7LZ","truncated":false,"entities":{"hashtags":[{"text":"ビキニの日","indices":[25,31]}],"symbols":[],"user_mentions":[],"urls":[],"media":[{"id":882412159904251900,"id_str":"882412159904251904","indices":[32,55],"media_url":"http://pbs.twimg.com/media/DD71LyiUAAA4kh6.jpg","media_url_https":"https://pbs.twimg.com/media/DD71LyiUAAA4kh6.jpg","url":"https://t.co/Oowc7NX7LZ","display_url":"pic.twitter.com/Oowc7NX7LZ","expanded_url":"https://twitter.com/digimon215/status/882412167651147780/photo/1","type":"photo","sizes":{"large":{"w":721,"h":1216,"resize":"fit"},"thumb":{"w":150,"h":150,"resize":"crop"},"small":{"w":403,"h":680,"resize":"fit"},"medium":{"w":712,"h":1200,"resize":"fit"}}}]},"extended_entities":{"media":[{"id":882412159904251900,"id_str":"882412159904251904","indices":[32,55],"media_url":"http://pbs.twimg.com/media/DD71LyiUAAA4kh6.jpg","media_url_https":"https://pbs.twimg.com/media/DD71LyiUAAA4kh6.jpg","url":"https://t.co/Oowc7NX7LZ","display_url":"pic.twitter.com/Oowc7NX7LZ","expanded_url":"https://twitter.com/digimon215/status/882412167651147780/photo/1","type":"photo","sizes":{"large":{"w":721,"h":1216,"resize":"fit"},"thumb":{"w":150,"h":150,"resize":"crop"},"small":{"w":403,"h":680,"resize":"fit"},"medium":{"w":712,"h":1200,"resize":"fit"}}},{"id":882412159900065800,"id_str":"882412159900065792","indices":[32,55],"media_url":"http://pbs.twimg.com/media/DD71LyhUIAAg2ve.jpg","media_url_https":"https://pbs.twimg.com/media/DD71LyhUIAAg2ve.jpg","url":"https://t.co/Oowc7NX7LZ","display_url":"pic.twitter.com/Oowc7NX7LZ","expanded_url":"https://twitter.com/digimon215/status/882412167651147780/photo/1","type":"photo","sizes":{"large":{"w":850,"h":1295,"resize":"fit"},"medium":{"w":788,"h":1200,"resize":"fit"},"thumb":{"w":150,"h":150,"resize":"crop"},"small":{"w":446,"h":680,"resize":"fit"}}},{"id":882412159887482900,"id_str":"882412159887482880","indices":[32,55],"media_url":"http://pbs.twimg.com/media/DD71LyeUIAAcVOJ.jpg","media_url_https":"https://pbs.twimg.com/media/DD71LyeUIAAcVOJ.jpg","url":"https://t.co/Oowc7NX7LZ","display_url":"pic.twitter.com/Oowc7NX7LZ","expanded_url":"https://twitter.com/digimon215/status/882412167651147780/photo/1","type":"photo","sizes":{"small":{"w":486,"h":680,"resize":"fit"},"thumb":{"w":150,"h":150,"resize":"crop"},"large":{"w":750,"h":1050,"resize":"fit"},"medium":{"w":750,"h":1050,"resize":"fit"}}},{"id":882412159883292700,"id_str":"882412159883292672","indices":[32,55],"media_url":"http://pbs.twimg.com/media/DD71LydUMAAgnSf.jpg","media_url_https":"https://pbs.twimg.com/media/DD71LydUMAAgnSf.jpg","url":"https://t.co/Oowc7NX7LZ","display_url":"pic.twitter.com/Oowc7NX7LZ","expanded_url":"https://twitter.com/digimon215/status/882412167651147780/photo/1","type":"photo","sizes":{"large":{"w":800,"h":1128,"resize":"fit"},"small":{"w":482,"h":680,"resize":"fit"},"thumb":{"w":150,"h":150,"resize":"crop"},"medium":{"w":800,"h":1128,"resize":"fit"}}}]},"metadata":{"iso_language_code":"ja","result_type":"recent"},"source":"<a href=\"http://twitter.com/download/iphone\" rel=\"nofollow\">Twitter for iPhone</a>","in_reply_to_status_id":null,"in_reply_to_status_id_str":null,"in_reply_to_user_id":null,"in_reply_to_user_id_str":null,"in_reply_to_screen_name":null,"user":{"id":188402035,"id_str":"188402035","name":"TwinBox@C92-A60a","screen_name":"digimon215","location":"東京都","description":"【TwinBox】は花花捲&草草饅の同人サークルです。 イラスト描いてます■#艦これ #FGO #FateGO■次回イベント : サンクリ 夏コミ(C92) コミトレ■一般向け:@twinbox_jp","url":"https://t.co/jwZdTG0ual","entities":{"url":{"urls":[{"url":"https://t.co/jwZdTG0ual","expanded_url":"https://pawoo.net/@twinbox","display_url":"pawoo.net/@twinbox","indices":[0,23]}]},"description":{"urls":[]}},"protected":false,"followers_count":47295,"friends_count":807,"listed_count":1268,"created_at":"Wed Sep 08 17:05:51 +0000 2010","favourites_count":3660,"utc_offset":32400,"time_zone":"Tokyo","geo_enabled":false,"verified":false,"statuses_count":8548,"lang":"ja","contributors_enabled":false,"is_translator":false,"is_translation_enabled":true,"profile_background_color":"C0DEED","profile_background_image_url":"http://abs.twimg.com/images/themes/theme1/bg.png","profile_background_image_url_https":"https://abs.twimg.com/images/themes/theme1/bg.png","profile_background_tile":false,"profile_image_url":"http://pbs.twimg.com/profile_images/871192352689332224/_2oON8PP_normal.jpg","profile_image_url_https":"https://pbs.twimg.com/profile_images/871192352689332224/_2oON8PP_normal.jpg","profile_banner_url":"https://pbs.twimg.com/profile_banners/188402035/1488341254","profile_link_color":"1DA1F2","profile_sidebar_border_color":"C0DEED","profile_sidebar_fill_color":"DDEEF6","profile_text_color":"333333","profile_use_background_image":true,"has_extended_profile":true,"default_profile":true,"default_profile_image":false,"following":false,"follow_request_sent":false,"notifications":false,"translator_type":"none"},"geo":null,"coordinates":null,"place":null,"contributors":null,"is_quote_status":false,"retweet_count":63,"favorite_count":140,"favorited":false,"retweeted":false,"possibly_sensitive":true,"lang":"ja"},{"created_at":"Wed Jul 05 01:33:49 +0000 2017","id":882412167319793700,"id_str":"882412167319793664","text":"富士の裾野の瑞雲ハイランドで展開する鎮守府「瑞雲」祭り、【7/8(土)】開催「瑞雲」ステージ第参回【「瑞雲」ゆらゆら浴衣祭り！】、【7/9(日)】第肆回【最上や速吸のやつも頑張っているか！】「追加立見チケット」も完売致しました！提督の皆さん、本当にありがとうございます！\n#艦これ","truncated":false,"entities":{"hashtags":[{"text":"艦これ","indices":[136,140]}],"symbols":[],"user_mentions":[],"urls":[]},"metadata":{"iso_language_code":"ja","result_type":"recent"},"source":"<a href=\"http://twitter.com\" rel=\"nofollow\">Twitter Web Client</a>","in_reply_to_status_id":null,"in_reply_to_status_id_str":null,"in_reply_to_user_id":null,"in_reply_to_user_id_str":null,"in_reply_to_screen_name":null,"user":{"id":294025417,"id_str":"294025417","name":"「艦これ」開発/運営","screen_name":"KanColle_STAFF","location":"東京都港区","description":"「艦隊これくしょん -艦これ-」開発/運営公式ツイッターです。メンテナンス情報やアップデート/イベント展開情報等を、できるだけ早く提督の皆さんにお伝えするよう努めます。「艦これ」は今春四周年を迎え、そして五年目の夏に突入しようとしています！応援頂いている提督の皆さん、本当にありがとうございます。","url":null,"entities":{"description":{"urls":[]}},"protected":false,"followers_count":1380079,"friends_count":27,"listed_count":21661,"created_at":"Fri May 06 11:59:23 +0000 2011","favourites_count":0,"utc_offset":28800,"time_zone":"Irkutsk","geo_enabled":false,"verified":false,"statuses_count":11584,"lang":"ja","contributors_enabled":false,"is_translator":false,"is_translation_enabled":false,"profile_background_color":"C0DEED","profile_background_image_url":"http://pbs.twimg.com/profile_background_images/378800000032757150/d7b9f7b5ef2f01620e4f0bf5f88018f7.jpeg","profile_background_image_url_https":"https://pbs.twimg.com/profile_background_images/378800000032757150/d7b9f7b5ef2f01620e4f0bf5f88018f7.jpeg","profile_background_tile":false,"profile_image_url":"http://pbs.twimg.com/profile_images/882038346788216832/o8p7QBfG_normal.jpg","profile_image_url_https":"https://pbs.twimg.com/profile_images/882038346788216832/o8p7QBfG_normal.jpg","profile_link_color":"0084B4","profile_sidebar_border_color":"FFFFFF","profile_sidebar_fill_color":"DDEEF6","profile_text_color":"333333","profile_use_background_image":true,"has_extended_profile":false,"default_profile":false,"default_profile_image":false,"following":false,"follow_request_sent":false,"notifications":false,"translator_type":"none"},"geo":null,"coordinates":null,"place":null,"contributors":null,"is_quote_status":false,"retweet_count":57,"favorite_count":87,"favorited":false,"retweeted":false,"lang":"ja"},{"created_at":"Wed Jul 05 01:32:00 +0000 2017","id":882411708324511700,"id_str":"882411708324511744","text":"＜サマーリツイートキャンペーン第７弾＞\nリツイート＆フォローで\n恐怖のホオジロザメのティーバッグ1箱（10包入り）\n２名にプレゼント☆\n締め切りは本日23時まで！！\n夏はアイスティーでも美味しいです(ﾟ∀ﾟ)… https://t.co/NY6TdQdhxu","truncated":true,"entities":{"hashtags":[],"symbols":[],"user_mentions":[],"urls":[{"url":"https://t.co/NY6TdQdhxu","expanded_url":"https://twitter.com/i/web/status/882411708324511744","display_url":"twitter.com/i/web/status/8…","indices":[106,129]}]},"metadata":{"iso_language_code":"ja","result_type":"recent"},"source":"<a href=\"http://twitter.com\" rel=\"nofollow\">Twitter Web Client</a>","in_reply_to_status_id":null,"in_reply_to_status_id_str":null,"in_reply_to_user_id":null,"in_reply_to_user_id_str":null,"in_reply_to_screen_name":null,"user":{"id":700838910780272600,"id_str":"700838910780272640","name":"オーシャン-ティーバッグ","screen_name":"ocean_teabag","location":"埼玉県戸田市","description":"ティーバッグの更新状況を中心にお知らせしております( *´艸｀)","url":"https://t.co/1ui50TLCaU","entities":{"url":{"urls":[{"url":"https://t.co/1ui50TLCaU","expanded_url":"http://www.ocean-teabag.com","display_url":"ocean-teabag.com","indices":[0,23]}]},"description":{"urls":[]}},"protected":false,"followers_count":11417,"friends_count":4818,"listed_count":92,"created_at":"Sat Feb 20 00:26:32 +0000 2016","favourites_count":1312,"utc_offset":-25200,"time_zone":"Pacific Time (US & Canada)","geo_enabled":false,"verified":false,"statuses_count":1234,"lang":"ja","contributors_enabled":false,"is_translator":false,"is_translation_enabled":false,"profile_background_color":"000000","profile_background_image_url":"http://abs.twimg.com/images/themes/theme1/bg.png","profile_background_image_url_https":"https://abs.twimg.com/images/themes/theme1/bg.png","profile_background_tile":false,"profile_image_url":"http://pbs.twimg.com/profile_images/839274074467512320/NvURE7wS_normal.jpg","profile_image_url_https":"https://pbs.twimg.com/profile_images/839274074467512320/NvURE7wS_normal.jpg","profile_banner_url":"https://pbs.twimg.com/profile_banners/700838910780272640/1484279067","profile_link_color":"E81C4F","profile_sidebar_border_color":"000000","profile_sidebar_fill_color":"000000","profile_text_color":"000000","profile_use_background_image":false,"has_extended_profile":true,"default_profile":false,"default_profile_image":false,"following":false,"follow_request_sent":false,"notifications":false,"translator_type":"none"},"geo":null,"coordinates":null,"place":null,"contributors":null,"is_quote_status":false,"retweet_count":144,"favorite_count":31,"favorited":false,"retweeted":false,"possibly_sensitive":false,"lang":"ja"},{"created_at":"Wed Jul 05 01:30:52 +0000 2017","id":882411421987774500,"id_str":"882411421987774464","text":"ぐだ子\n#FGO #FateGO https://t.co/Lszv0KaH5k","truncated":false,"entities":{"hashtags":[{"text":"FGO","indices":[4,8]},{"text":"FateGO","indices":[9,16]}],"symbols":[],"user_mentions":[],"urls":[],"media":[{"id":882411407584575500,"id_str":"882411407584575489","indices":[17,40],"media_url":"http://pbs.twimg.com/media/DD70f_7UwAEQnL4.jpg","media_url_https":"https://pbs.twimg.com/media/DD70f_7UwAEQnL4.jpg","url":"https://t.co/Lszv0KaH5k","display_url":"pic.twitter.com/Lszv0KaH5k","expanded_url":"https://twitter.com/kawanocy/status/882411421987774464/photo/1","type":"photo","sizes":{"medium":{"w":972,"h":600,"resize":"fit"},"thumb":{"w":150,"h":150,"resize":"crop"},"small":{"w":680,"h":420,"resize":"fit"},"large":{"w":972,"h":600,"resize":"fit"}}}]},"extended_entities":{"media":[{"id":882411407584575500,"id_str":"882411407584575489","indices":[17,40],"media_url":"http://pbs.twimg.com/media/DD70f_7UwAEQnL4.jpg","media_url_https":"https://pbs.twimg.com/media/DD70f_7UwAEQnL4.jpg","url":"https://t.co/Lszv0KaH5k","display_url":"pic.twitter.com/Lszv0KaH5k","expanded_url":"https://twitter.com/kawanocy/status/882411421987774464/photo/1","type":"photo","sizes":{"medium":{"w":972,"h":600,"resize":"fit"},"thumb":{"w":150,"h":150,"resize":"crop"},"small":{"w":680,"h":420,"resize":"fit"},"large":{"w":972,"h":600,"resize":"fit"}}}]},"metadata":{"iso_language_code":"ja","result_type":"recent"},"source":"<a href=\"http://twitter.com/download/android\" rel=\"nofollow\">Twitter for Android</a>","in_reply_to_status_id":null,"in_reply_to_status_id_str":null,"in_reply_to_user_id":null,"in_reply_to_user_id_str":null,"in_reply_to_screen_name":null,"user":{"id":545462635,"id_str":"545462635","name":"河CY","screen_name":"kawanocy","location":"東京都","description":"20% artist, 80% potato • 日本語/Eng/한국어 조금만 | Chihaya a.k.a Kawacy | Male♂ 남자+일본사람","url":"https://t.co/iQRpONnK2l","entities":{"url":{"urls":[{"url":"https://t.co/iQRpONnK2l","expanded_url":"http://kawacy.tumblr.com","display_url":"kawacy.tumblr.com","indices":[0,23]}]},"description":{"urls":[]}},"protected":false,"followers_count":81581,"friends_count":562,"listed_count":805,"created_at":"Wed Apr 04 21:41:04 +0000 2012","favourites_count":15920,"utc_offset":32400,"time_zone":"Tokyo","geo_enabled":false,"verified":false,"statuses_count":30952,"lang":"en","contributors_enabled":false,"is_translator":false,"is_translation_enabled":false,"profile_background_color":"FFFFFF","profile_background_image_url":"http://pbs.twimg.com/profile_background_images/442369773016330242/HzT_HfOj.jpeg","profile_background_image_url_https":"https://pbs.twimg.com/profile_background_images/442369773016330242/HzT_HfOj.jpeg","profile_background_tile":true,"profile_image_url":"http://pbs.twimg.com/profile_images/858209466709196800/nR1v36sI_normal.jpg","profile_image_url_https":"https://pbs.twimg.com/profile_images/858209466709196800/nR1v36sI_normal.jpg","profile_banner_url":"https://pbs.twimg.com/profile_banners/545462635/1456343650","profile_link_color":"88C8EB","profile_sidebar_border_color":"FFFFFF","profile_sidebar_fill_color":"DDEEF6","profile_text_color":"333333","profile_use_background_image":true,"has_extended_profile":true,"default_profile":false,"default_profile_image":false,"following":false,"follow_request_sent":false,"notifications":false,"translator_type":"none"},"geo":null,"coordinates":null,"place":null,"contributors":null,"is_quote_status":false,"retweet_count":83,"favorite_count":259,"favorited":false,"retweeted":false,"possibly_sensitive":false,"lang":"ja"},{"created_at":"Wed Jul 05 01:30:34 +0000 2017","id":882411348822442000,"id_str":"882411348822441984","text":"【INFO】公式サイトの「NEWS」へ、アプリのアップデート方法等を記載させていただきました。お手数ではございますが内容をご確認の上、最新バージョンへのアップデートをお願いいたします。https://t.co/kpWMWseAcq","truncated":false,"entities":{"hashtags":[],"symbols":[],"user_mentions":[],"urls":[{"url":"https://t.co/kpWMWseAcq","expanded_url":"http://www.bprogame.com/news/238/","display_url":"bprogame.com/news/238/","indices":[92,115]}]},"metadata":{"iso_language_code":"ja","result_type":"recent"},"source":"<a href=\"http://twitter.com/download/iphone\" rel=\"nofollow\">Twitter for iPhone</a>","in_reply_to_status_id":null,"in_reply_to_status_id_str":null,"in_reply_to_user_id":null,"in_reply_to_user_id_str":null,"in_reply_to_screen_name":null,"user":{"id":813683139637755900,"id_str":"813683139637755904","name":"【運営】Bプロ 無敵＊デンジャラス","screen_name":"BPRO_game","location":"Twitterからの個別返信は行っておりません","description":"【総合プロデュース 西川貴教×企画・原作 志倉千代丸】が手掛けるB-PROJECTのスマートフォン向けアプリゲーム『無敵＊デンジャラス』運営公式アカウントです。⇒https://t.co/IDJfdMhd6J #Bプロ","url":"https://t.co/IDJfdMhd6J","entities":{"url":{"urls":[{"url":"https://t.co/IDJfdMhd6J","expanded_url":"http://www.bprogame.com/","display_url":"bprogame.com","indices":[0,23]}]},"description":{"urls":[{"url":"https://t.co/IDJfdMhd6J","expanded_url":"http://www.bprogame.com/","display_url":"bprogame.com","indices":[81,104]}]}},"protected":false,"followers_count":123926,"friends_count":1,"listed_count":1113,"created_at":"Tue Dec 27 09:49:12 +0000 2016","favourites_count":1,"utc_offset":32400,"time_zone":"Tokyo","geo_enabled":false,"verified":true,"statuses_count":137,"lang":"ja","contributors_enabled":false,"is_translator":false,"is_translation_enabled":false,"profile_background_color":"F5F8FA","profile_background_image_url":null,"profile_background_image_url_https":null,"profile_background_tile":false,"profile_image_url":"http://pbs.twimg.com/profile_images/821315591403245568/E9WxytoH_normal.jpg","profile_image_url_https":"https://pbs.twimg.com/profile_images/821315591403245568/E9WxytoH_normal.jpg","profile_banner_url":"https://pbs.twimg.com/profile_banners/813683139637755904/1484534332","profile_link_color":"1DA1F2","profile_sidebar_border_color":"C0DEED","profile_sidebar_fill_color":"DDEEF6","profile_text_color":"333333","profile_use_background_image":true,"has_extended_profile":false,"default_profile":true,"default_profile_image":false,"following":false,"follow_request_sent":false,"notifications":false,"translator_type":"none"},"geo":null,"coordinates":null,"place":null,"contributors":null,"is_quote_status":false,"retweet_count":330,"favorite_count":334,"favorited":false,"retweeted":false,"possibly_sensitive":false,"lang":"ja"},{"created_at":"Wed Jul 05 01:30:34 +0000 2017","id":882411348461617200,"id_str":"882411348461617152","text":"2PM ジュノ、JTBC新ドラマ「ただ愛する仲」出演を前向きに検討中。 「2PM」のまとめLIVE： https://t.co/O7V6hh2Wyl https://t.co/2dvUb7z5Ln","truncated":false,"entities":{"hashtags":[],"symbols":[],"user_mentions":[],"urls":[{"url":"https://t.co/O7V6hh2Wyl","expanded_url":"http://kt.wowkorea.jp/album/400220/1","display_url":"kt.wowkorea.jp/album/400220/1","indices":[51,74]}],"media":[{"id":882411287220674600,"id_str":"882411287220674560","indices":[75,98],"media_url":"http://pbs.twimg.com/media/DD70Y_iVYAAD_Y3.jpg","media_url_https":"https://pbs.twimg.com/media/DD70Y_iVYAAD_Y3.jpg","url":"https://t.co/2dvUb7z5Ln","display_url":"pic.twitter.com/2dvUb7z5Ln","expanded_url":"https://twitter.com/kor_celebrities/status/882411348461617152/photo/1","type":"photo","sizes":{"small":{"w":495,"h":680,"resize":"fit"},"medium":{"w":873,"h":1200,"resize":"fit"},"thumb":{"w":150,"h":150,"resize":"crop"},"large":{"w":900,"h":1237,"resize":"fit"}}}]},"extended_entities":{"media":[{"id":882411287220674600,"id_str":"882411287220674560","indices":[75,98],"media_url":"http://pbs.twimg.com/media/DD70Y_iVYAAD_Y3.jpg","media_url_https":"https://pbs.twimg.com/media/DD70Y_iVYAAD_Y3.jpg","url":"https://t.co/2dvUb7z5Ln","display_url":"pic.twitter.com/2dvUb7z5Ln","expanded_url":"https://twitter.com/kor_celebrities/status/882411348461617152/photo/1","type":"photo","sizes":{"small":{"w":495,"h":680,"resize":"fit"},"medium":{"w":873,"h":1200,"resize":"fit"},"thumb":{"w":150,"h":150,"resize":"crop"},"large":{"w":900,"h":1237,"resize":"fit"}}}]},"metadata":{"iso_language_code":"ja","result_type":"recent"},"source":"<a href=\"http://www.wowkorea.jp/\" rel=\"nofollow\">read_tweet12345</a>","in_reply_to_status_id":null,"in_reply_to_status_id_str":null,"in_reply_to_user_id":null,"in_reply_to_user_id_str":null,"in_reply_to_screen_name":null,"user":{"id":146066313,"id_str":"146066313","name":"韓流ツイッター","screen_name":"kor_celebrities","location":"","description":"k-pop、韓流俳優などのエンタメ情報をたまにつぶやいています。韓国芸能人のツイッター→k-pop、韓流俳優などのエンタメ情報をたまにつぶやいています。韓国芸能人のツイッター→https://t.co/J6bgBQxZkz  インスタグラム→https://t.co/bYUmAjZ62c","url":null,"entities":{"description":{"urls":[{"url":"https://t.co/J6bgBQxZkz","expanded_url":"http://www.korea-twitter.com","display_url":"korea-twitter.com","indices":[88,111]},{"url":"https://t.co/bYUmAjZ62c","expanded_url":"http://kpop-instagram.com","display_url":"kpop-instagram.com","indices":[121,144]}]}},"protected":false,"followers_count":543258,"friends_count":12451,"listed_count":3386,"created_at":"Thu May 20 14:29:40 +0000 2010","favourites_count":467,"utc_offset":32400,"time_zone":"Osaka","geo_enabled":false,"verified":false,"statuses_count":151339,"lang":"ja","contributors_enabled":false,"is_translator":false,"is_translation_enabled":false,"profile_background_color":"C0DEED","profile_background_image_url":"http://abs.twimg.com/images/themes/theme1/bg.png","profile_background_image_url_https":"https://abs.twimg.com/images/themes/theme1/bg.png","profile_background_tile":false,"profile_image_url":"http://pbs.twimg.com/profile_images/857066336995782660/EFKM8zC8_normal.jpg","profile_image_url_https":"https://pbs.twimg.com/profile_images/857066336995782660/EFKM8zC8_normal.jpg","profile_link_color":"1DA1F2","profile_sidebar_border_color":"C0DEED","profile_sidebar_fill_color":"DDEEF6","profile_text_color":"333333","profile_use_background_image":true,"has_extended_profile":false,"default_profile":true,"default_profile_image":false,"following":false,"follow_request_sent":false,"notifications":false,"translator_type":"none"},"geo":null,"coordinates":null,"place":null,"contributors":null,"is_quote_status":false,"retweet_count":50,"favorite_count":46,"favorited":false,"retweeted":false,"possibly_sensitive":false,"lang":"ja"},{"created_at":"Wed Jul 05 01:30:16 +0000 2017","id":882411270879694800,"id_str":"882411270879694848","text":"最近、みおふぉんを含む日本の携帯電話に対し、見知らぬパプアニューギニアの電話番号（国番号675から始まるもの）からの着信が相次いでいるようです。履歴から折返し電話をかけますとお客様に高額の通話料金が生じます。くれぐれもご注意ください。https://t.co/ArqQVUFGxF","truncated":false,"entities":{"hashtags":[],"symbols":[],"user_mentions":[],"urls":[{"url":"https://t.co/ArqQVUFGxF","expanded_url":"https://www.iijmio.jp/info/iij/20170705-1.html","display_url":"iijmio.jp/info/iij/20170…","indices":[117,140]}]},"metadata":{"iso_language_code":"ja","result_type":"recent"},"source":"<a href=\"http://twitter.com/download/iphone\" rel=\"nofollow\">Twitter for iPhone</a>","in_reply_to_status_id":null,"in_reply_to_status_id_str":null,"in_reply_to_user_id":null,"in_reply_to_user_id_str":null,"in_reply_to_screen_name":null,"user":{"id":223312596,"id_str":"223312596","name":"IIJmio","screen_name":"iijmio","location":"飯田橋","description":"みおふぉんやmioひかりに関するご質問、ご相談を歓迎します。お客様個別の調査依頼を含む質問はIIJサポートセンターで承ります。We would inform you about our services. We'll welcome your question except any kind of inquiries.","url":"https://t.co/W7ZRsjXTGf","entities":{"url":{"urls":[{"url":"https://t.co/W7ZRsjXTGf","expanded_url":"https://www.iijmio.jp/","display_url":"iijmio.jp","indices":[0,23]}]},"description":{"urls":[]}},"protected":false,"followers_count":44119,"friends_count":47392,"listed_count":945,"created_at":"Mon Dec 06 01:15:13 +0000 2010","favourites_count":2,"utc_offset":32400,"time_zone":"Tokyo","geo_enabled":false,"verified":false,"statuses_count":15405,"lang":"ja","contributors_enabled":false,"is_translator":false,"is_translation_enabled":false,"profile_background_color":"C0DEED","profile_background_image_url":"http://abs.twimg.com/images/themes/theme1/bg.png","profile_background_image_url_https":"https://abs.twimg.com/images/themes/theme1/bg.png","profile_background_tile":false,"profile_image_url":"http://pbs.twimg.com/profile_images/3124064147/8a1cb6811b85b9c14284912052173dec_normal.png","profile_image_url_https":"https://pbs.twimg.com/profile_images/3124064147/8a1cb6811b85b9c14284912052173dec_normal.png","profile_link_color":"1DA1F2","profile_sidebar_border_color":"C0DEED","profile_sidebar_fill_color":"DDEEF6","profile_text_color":"333333","profile_use_background_image":true,"has_extended_profile":false,"default_profile":true,"default_profile_image":false,"following":false,"follow_request_sent":false,"notifications":false,"translator_type":"none"},"geo":null,"coordinates":null,"place":null,"contributors":null,"is_quote_status":false,"retweet_count":60,"favorite_count":21,"favorited":false,"retweeted":false,"possibly_sensitive":false,"lang":"ja"},{"created_at":"Wed Jul 05 01:30:14 +0000 2017","id":882411264466493400,"id_str":"882411264466493440","text":"『忍び、恋うつつ ― 甘蜜花絵巻 ―』\n公式サイトにて、ギャラリーとシステムを更新しました♪\nhttps://t.co/oYeanYdr4K　#オトメイト https://t.co/zYWipzsY5H","truncated":false,"entities":{"hashtags":[{"text":"オトメイト","indices":[71,77]}],"symbols":[],"user_mentions":[],"urls":[{"url":"https://t.co/oYeanYdr4K","expanded_url":"http://www.otomate.jp/nin_koi/kanmitsu/","display_url":"otomate.jp/nin_koi/kanmit…","indices":[47,70]}],"media":[{"id":882411224855494700,"id_str":"882411224855494660","indices":[78,101],"media_url":"http://pbs.twimg.com/media/DD70VXNUQAQiHfx.jpg","media_url_https":"https://pbs.twimg.com/media/DD70VXNUQAQiHfx.jpg","url":"https://t.co/zYWipzsY5H","display_url":"pic.twitter.com/zYWipzsY5H","expanded_url":"https://twitter.com/OtomateWeb/status/882411264466493440/photo/1","type":"photo","sizes":{"large":{"w":800,"h":400,"resize":"fit"},"thumb":{"w":150,"h":150,"resize":"crop"},"small":{"w":680,"h":340,"resize":"fit"},"medium":{"w":800,"h":400,"resize":"fit"}}}]},"extended_entities":{"media":[{"id":882411224855494700,"id_str":"882411224855494660","indices":[78,101],"media_url":"http://pbs.twimg.com/media/DD70VXNUQAQiHfx.jpg","media_url_https":"https://pbs.twimg.com/media/DD70VXNUQAQiHfx.jpg","url":"https://t.co/zYWipzsY5H","display_url":"pic.twitter.com/zYWipzsY5H","expanded_url":"https://twitter.com/OtomateWeb/status/882411264466493440/photo/1","type":"photo","sizes":{"large":{"w":800,"h":400,"resize":"fit"},"thumb":{"w":150,"h":150,"resize":"crop"},"small":{"w":680,"h":340,"resize":"fit"},"medium":{"w":800,"h":400,"resize":"fit"}}}]},"metadata":{"iso_language_code":"ja","result_type":"recent"},"source":"<a href=\"http://twitter.com\" rel=\"nofollow\">Twitter Web Client</a>","in_reply_to_status_id":null,"in_reply_to_status_id_str":null,"in_reply_to_user_id":null,"in_reply_to_user_id_str":null,"in_reply_to_screen_name":null,"user":{"id":2424613748,"id_str":"2424613748","name":"【公式】オトメイト","screen_name":"OtomateWeb","location":"","description":"アイディアファクトリーの女性向けゲームブランド「オトメイト」の公式アカウントです。  公式HPの更新情報などを配信致します。  オトメイト公式アカウント一覧はこちら（http://t.co/P5qokSDqWX）  ※このアカウントでは個別にリプライ、フォローバックはしておりません。","url":"http://t.co/gCQCOS6YBw","entities":{"url":{"urls":[{"url":"http://t.co/gCQCOS6YBw","expanded_url":"http://www.otomate.jp/","display_url":"otomate.jp","indices":[0,22]}]},"description":{"urls":[{"url":"http://t.co/P5qokSDqWX","expanded_url":"http://www.otomate.jp/home/sns/","display_url":"otomate.jp/home/sns/","indices":[83,105]}]}},"protected":false,"followers_count":91287,"friends_count":52,"listed_count":1462,"created_at":"Thu Apr 03 01:49:55 +0000 2014","favourites_count":0,"utc_offset":28800,"time_zone":"Irkutsk","geo_enabled":false,"verified":false,"statuses_count":4207,"lang":"ja","contributors_enabled":false,"is_translator":false,"is_translation_enabled":false,"profile_background_color":"F58EA8","profile_background_image_url":"http://abs.twimg.com/images/themes/theme1/bg.png","profile_background_image_url_https":"https://abs.twimg.com/images/themes/theme1/bg.png","profile_background_tile":false,"profile_image_url":"http://pbs.twimg.com/profile_images/881779046220087297/XLQ5mVfM_normal.jpg","profile_image_url_https":"https://pbs.twimg.com/profile_images/881779046220087297/XLQ5mVfM_normal.jpg","profile_banner_url":"https://pbs.twimg.com/profile_banners/2424613748/1491183750","profile_link_color":"FF38A7","profile_sidebar_border_color":"000000","profile_sidebar_fill_color":"000000","profile_text_color":"000000","profile_use_background_image":true,"has_extended_profile":false,"default_profile":false,"default_profile_image":false,"following":false,"follow_request_sent":false,"notifications":false,"translator_type":"none"},"geo":null,"coordinates":null,"place":null,"contributors":null,"is_quote_status":false,"retweet_count":60,"favorite_count":68,"favorited":false,"retweeted":false,"possibly_sensitive":false,"lang":"ja"},{"created_at":"Wed Jul 05 01:30:09 +0000 2017","id":882411243289563100,"id_str":"882411243289563136","text":"ヒトマルサンマル。提督の皆さん、おはようございます！\n\n今日は水曜日！週の真ん中、水曜日となりました。季節は夏に近づきつつあり、暑い日が続いています。局所的な大雨などの天候や体調管理にも十分注意して、本日も頑張ってまいりましょう！\n#艦これ","truncated":false,"entities":{"hashtags":[{"text":"艦これ","indices":[116,120]}],"symbols":[],"user_mentions":[],"urls":[]},"metadata":{"iso_language_code":"ja","result_type":"recent"},"source":"<a href=\"http://twitter.com\" rel=\"nofollow\">Twitter Web Client</a>","in_reply_to_status_id":null,"in_reply_to_status_id_str":null,"in_reply_to_user_id":null,"in_reply_to_user_id_str":null,"in_reply_to_screen_name":null,"user":{"id":294025417,"id_str":"294025417","name":"「艦これ」開発/運営","screen_name":"KanColle_STAFF","location":"東京都港区","description":"「艦隊これくしょん -艦これ-」開発/運営公式ツイッターです。メンテナンス情報やアップデート/イベント展開情報等を、できるだけ早く提督の皆さんにお伝えするよう努めます。「艦これ」は今春四周年を迎え、そして五年目の夏に突入しようとしています！応援頂いている提督の皆さん、本当にありがとうございます。","url":null,"entities":{"description":{"urls":[]}},"protected":false,"followers_count":1380079,"friends_count":27,"listed_count":21661,"created_at":"Fri May 06 11:59:23 +0000 2011","favourites_count":0,"utc_offset":28800,"time_zone":"Irkutsk","geo_enabled":false,"verified":false,"statuses_count":11584,"lang":"ja","contributors_enabled":false,"is_translator":false,"is_translation_enabled":false,"profile_background_color":"C0DEED","profile_background_image_url":"http://pbs.twimg.com/profile_background_images/378800000032757150/d7b9f7b5ef2f01620e4f0bf5f88018f7.jpeg","profile_background_image_url_https":"https://pbs.twimg.com/profile_background_images/378800000032757150/d7b9f7b5ef2f01620e4f0bf5f88018f7.jpeg","profile_background_tile":false,"profile_image_url":"http://pbs.twimg.com/profile_images/882038346788216832/o8p7QBfG_normal.jpg","profile_image_url_https":"https://pbs.twimg.com/profile_images/882038346788216832/o8p7QBfG_normal.jpg","profile_link_color":"0084B4","profile_sidebar_border_color":"FFFFFF","profile_sidebar_fill_color":"DDEEF6","profile_text_color":"333333","profile_use_background_image":true,"has_extended_profile":false,"default_profile":false,"default_profile_image":false,"following":false,"follow_request_sent":false,"notifications":false,"translator_type":"none"},"geo":null,"coordinates":null,"place":null,"contributors":null,"is_quote_status":false,"retweet_count":56,"favorite_count":125,"favorited":false,"retweeted":false,"lang":"ja"},{"created_at":"Wed Jul 05 01:30:07 +0000 2017","id":882411235601297400,"id_str":"882411235601297408","text":"ミルク 2017年秋コレクション - お洒落の秋！女の子であることを楽しむ季節 - https://t.co/tF6A8V17YB https://t.co/QOsZaEUdnr","truncated":false,"entities":{"hashtags":[],"symbols":[],"user_mentions":[],"urls":[{"url":"https://t.co/tF6A8V17YB","expanded_url":"https://www.fashion-press.net/news/31705","display_url":"fashion-press.net/news/31705","indices":[42,65]}],"media":[{"id":882411229163036700,"id_str":"882411229163036672","indices":[66,89],"media_url":"http://pbs.twimg.com/media/DD70VnQUIAAz_Of.jpg","media_url_https":"https://pbs.twimg.com/media/DD70VnQUIAAz_Of.jpg","url":"https://t.co/QOsZaEUdnr","display_url":"pic.twitter.com/QOsZaEUdnr","expanded_url":"https://twitter.com/fashionpressnet/status/882411235601297408/photo/1","type":"photo","sizes":{"small":{"w":638,"h":680,"resize":"fit"},"thumb":{"w":150,"h":150,"resize":"crop"},"large":{"w":756,"h":806,"resize":"fit"},"medium":{"w":756,"h":806,"resize":"fit"}}}]},"extended_entities":{"media":[{"id":882411229163036700,"id_str":"882411229163036672","indices":[66,89],"media_url":"http://pbs.twimg.com/media/DD70VnQUIAAz_Of.jpg","media_url_https":"https://pbs.twimg.com/media/DD70VnQUIAAz_Of.jpg","url":"https://t.co/QOsZaEUdnr","display_url":"pic.twitter.com/QOsZaEUdnr","expanded_url":"https://twitter.com/fashionpressnet/status/882411235601297408/photo/1","type":"photo","sizes":{"small":{"w":638,"h":680,"resize":"fit"},"thumb":{"w":150,"h":150,"resize":"crop"},"large":{"w":756,"h":806,"resize":"fit"},"medium":{"w":756,"h":806,"resize":"fit"}}},{"id":882411233193754600,"id_str":"882411233193754624","indices":[66,89],"media_url":"http://pbs.twimg.com/media/DD70V2RUAAAhn-s.jpg","media_url_https":"https://pbs.twimg.com/media/DD70V2RUAAAhn-s.jpg","url":"https://t.co/QOsZaEUdnr","display_url":"pic.twitter.com/QOsZaEUdnr","expanded_url":"https://twitter.com/fashionpressnet/status/882411235601297408/photo/1","type":"photo","sizes":{"thumb":{"w":150,"h":150,"resize":"crop"},"small":{"w":587,"h":680,"resize":"fit"},"medium":{"w":718,"h":832,"resize":"fit"},"large":{"w":718,"h":832,"resize":"fit"}}}]},"metadata":{"iso_language_code":"ja","result_type":"recent"},"source":"<a href=\"http://www.fashion-press.net/\" rel=\"nofollow\">Fashion Press</a>","in_reply_to_status_id":null,"in_reply_to_status_id_str":null,"in_reply_to_user_id":null,"in_reply_to_user_id_str":null,"in_reply_to_screen_name":null,"user":{"id":168816611,"id_str":"168816611","name":"Fashion Press","screen_name":"fashionpressnet","location":"","description":"ファッションWEBマガジン「ファッションプレス」公式アカウント。 【Instagram】http://t.co/3myapCJ1Ax【Facebook】http://t.co/8FFmQA2set","url":"http://t.co/rSEGQEqMH0","entities":{"url":{"urls":[{"url":"http://t.co/rSEGQEqMH0","expanded_url":"http://www.fashion-press.net/","display_url":"fashion-press.net","indices":[0,22]}]},"description":{"urls":[{"url":"http://t.co/3myapCJ1Ax","expanded_url":"http://instagram.com/fashionpressjp","display_url":"instagram.com/fashionpressjp","indices":[44,66]},{"url":"http://t.co/8FFmQA2set","expanded_url":"http://www.facebook.com/FashionPress.net","display_url":"facebook.com/FashionPress.n…","indices":[76,98]}]}},"protected":false,"followers_count":2266713,"friends_count":1,"listed_count":8926,"created_at":"Tue Jul 20 21:38:17 +0000 2010","favourites_count":0,"utc_offset":32400,"time_zone":"Tokyo","geo_enabled":false,"verified":true,"statuses_count":80274,"lang":"ja","contributors_enabled":false,"is_translator":false,"is_translation_enabled":false,"profile_background_color":"F5F8FA","profile_background_image_url":"http://abs.twimg.com/images/themes/theme14/bg.gif","profile_background_image_url_https":"https://abs.twimg.com/images/themes/theme14/bg.gif","profile_background_tile":false,"profile_image_url":"http://pbs.twimg.com/profile_images/491483872677228544/fuq52Rp2_normal.jpeg","profile_image_url_https":"https://pbs.twimg.com/profile_images/491483872677228544/fuq52Rp2_normal.jpeg","profile_banner_url":"https://pbs.twimg.com/profile_banners/168816611/1444307408","profile_link_color":"343738","profile_sidebar_border_color":"FFFFFF","profile_sidebar_fill_color":"DDEEF6","profile_text_color":"333333","profile_use_background_image":true,"has_extended_profile":false,"default_profile":false,"default_profile_image":false,"following":false,"follow_request_sent":false,"notifications":false,"translator_type":"none"},"geo":null,"coordinates":null,"place":null,"contributors":null,"is_quote_status":false,"retweet_count":84,"favorite_count":301,"favorited":false,"retweeted":false,"possibly_sensitive":false,"lang":"ja"},{"created_at":"Wed Jul 05 01:30:03 +0000 2017","id":882411216324272100,"id_str":"882411216324272128","text":"◆重要◆私が提案するお小遣い稼ぎはハッキリ言って一日に200万円も300万円も稼ぐ事はできません。しかし、100万円台は間違いなく可能です　LINEIDはnbai4です。　#バイナリー　https://t.co/5TYUbBplFI https://t.co/qdoh9U6lRi","truncated":false,"entities":{"hashtags":[{"text":"バイナリー","indices":[86,92]}],"symbols":[],"user_mentions":[],"urls":[{"url":"https://t.co/5TYUbBplFI","expanded_url":"https://goo.gl/wntqfc","display_url":"goo.gl/wntqfc","indices":[93,116]}],"media":[{"id":882411213329539100,"id_str":"882411213329539074","indices":[117,140],"media_url":"http://pbs.twimg.com/media/DD70UsRUIAI0HEq.jpg","media_url_https":"https://pbs.twimg.com/media/DD70UsRUIAI0HEq.jpg","url":"https://t.co/qdoh9U6lRi","display_url":"pic.twitter.com/qdoh9U6lRi","expanded_url":"https://twitter.com/rimaEssex/status/882411216324272128/photo/1","type":"photo","sizes":{"large":{"w":750,"h":1334,"resize":"fit"},"medium":{"w":675,"h":1200,"resize":"fit"},"thumb":{"w":150,"h":150,"resize":"crop"},"small":{"w":382,"h":680,"resize":"fit"}}}]},"extended_entities":{"media":[{"id":882411213329539100,"id_str":"882411213329539074","indices":[117,140],"media_url":"http://pbs.twimg.com/media/DD70UsRUIAI0HEq.jpg","media_url_https":"https://pbs.twimg.com/media/DD70UsRUIAI0HEq.jpg","url":"https://t.co/qdoh9U6lRi","display_url":"pic.twitter.com/qdoh9U6lRi","expanded_url":"https://twitter.com/rimaEssex/status/882411216324272128/photo/1","type":"photo","sizes":{"large":{"w":750,"h":1334,"resize":"fit"},"medium":{"w":675,"h":1200,"resize":"fit"},"thumb":{"w":150,"h":150,"resize":"crop"},"small":{"w":382,"h":680,"resize":"fit"}}}]},"metadata":{"iso_language_code":"ja","result_type":"recent"},"source":"<a href=\"http://twitter.com/\" rel=\"nofollow\">zerotubusen11</a>","in_reply_to_status_id":null,"in_reply_to_status_id_str":null,"in_reply_to_user_id":null,"in_reply_to_user_id_str":null,"in_reply_to_screen_name":null,"user":{"id":101683375,"id_str":"101683375","name":"野村（バイナリ案内）","screen_name":"rimaEssex","location":"LINEID→nbai4","description":"以前のLINEデータが消えてしまいましたので新しいアカウントを作りました。連絡がつかない方多々おられますので新しいIDに連絡ください。突然連絡が途切れ不安にさせてしまい申し訳ありません。\n在宅で出来るバイナリーというものをLINEの方で案内しております。当然、無料案内です。　#バイナリー　#バイナリーオプション #副業","url":null,"entities":{"description":{"urls":[]}},"protected":false,"followers_count":6181,"friends_count":3887,"listed_count":2,"created_at":"Mon Jan 04 06:43:28 +0000 2010","favourites_count":0,"utc_offset":3600,"time_zone":"London","geo_enabled":false,"verified":false,"statuses_count":4,"lang":"ja","contributors_enabled":false,"is_translator":false,"is_translation_enabled":false,"profile_background_color":"EDECE9","profile_background_image_url":"http://abs.twimg.com/images/themes/theme3/bg.gif","profile_background_image_url_https":"https://abs.twimg.com/images/themes/theme3/bg.gif","profile_background_tile":false,"profile_image_url":"http://pbs.twimg.com/profile_images/863576562729234432/TDQG-yVj_normal.jpg","profile_image_url_https":"https://pbs.twimg.com/profile_images/863576562729234432/TDQG-yVj_normal.jpg","profile_link_color":"088253","profile_sidebar_border_color":"D3D2CF","profile_sidebar_fill_color":"E3E2DE","profile_text_color":"634047","profile_use_background_image":true,"has_extended_profile":false,"default_profile":false,"default_profile_image":false,"following":false,"follow_request_sent":false,"notifications":false,"translator_type":"none"},"geo":null,"coordinates":null,"place":null,"contributors":null,"is_quote_status":false,"retweet_count":101,"favorite_count":0,"favorited":false,"retweeted":false,"possibly_sensitive":false,"lang":"ja"}],"search_metadata":{"completed_in":0.09,"max_id":882413184212062200,"max_id_str":"882413184212062209","next_results":"?max_id=882411216324272127&q=lang%3Aja%20min_retweets%3A50&include_entities=1","query":"lang%3Aja+min_retweets%3A50","refresh_url":"?since_id=882413184212062209&q=lang%3Aja%20min_retweets%3A50&include_entities=1","count":15,"since_id":0,"since_id_str":"0"}}