{"statuses":[{"created_at":"Tue Jul 04 09:39:36 +0000 2017","id":882172030287716400,"id_str":"882172030287716353","text":"さすが俺たちのTERUさん…","truncated":false,"entities":{"hashtags":[],"symbols":[],"user_mentions":[],"urls":[]},"metadata":{"iso_language_code":"ja","result_type":"recent"},"source":"<a href=\"http://www.echofon.com/\" rel=\"nofollow\">Echofon</a>","in_reply_to_status_id":null,"in_reply_to_status_id_str":null,"in_reply_to_user_id":null,"in_reply_to_user_id_str":null,"in_reply_to_screen_name":null,"user":{"id":118428640,"id_str":"118428640","name":"AA中村悠一","screen_name":"nakamuraFF11","location":"南サンドリア(E-11)","description":"内なる「憎悪」が、おまえたちを焼きこがす…","url":null,"entities":{"description":{"urls":[]}},"protected":false,"followers_count":1229500,"friends_count":223,"listed_count":26675,"created_at":"Sun Feb 28 17:22:32 +0000 2010","favourites_count":8,"utc_offset":null,"time_zone":null,"geo_enabled":false,"verified":false,"statuses_count":11369,"lang":"ja","contributors_enabled":false,"is_translator":false,"is_translation_enabled":false,"profile_background_color":"EBEBEB","profile_background_image_url":"http://pbs.twimg.com/profile_background_images/118753970/ff.jpg","profile_background_image_url_https":"https://pbs.twimg.com/profile_background_images/118753970/ff.jpg","profile_background_tile":false,"profile_image_url":"http://pbs.twimg.com/profile_images/814832125014749186/y31oG1aI_normal.jpg","profile_image_url_https":"https://pbs.twimg.com/profile_images/814832125014749186/y31oG1aI_normal.jpg","profile_link_color":"990000","profile_sidebar_border_color":"DFDFDF","profile_sidebar_fill_color":"F3F3F3","profile_text_color":"333333","profile_use_background_image":true,"has_extended_profile":false,"default_profile":false,"default_profile_image":false,"following":false,"follow_request_sent":false,"notifications":false,"translator_type":"none"},"geo":null,"coordinates":null,"place":null,"contributors":null,"is_quote_status":false,"retweet_count":87,"favorite_count":262,"favorited":false,"retweeted":false,"lang":"ja"},{"created_at":"Tue Jul 04 09:38:21 +0000 2017","id":882171715626782700,"id_str":"882171715626782720","text":"りゅうじが目の前で出して悔しかったから鍛刀したら出た！！！ https://t.co/bMSZ9Ld33T","truncated":false,"entities":{"hashtags":[],"symbols":[],"user_mentions":[],"urls":[],"media":[{"id":882171706898432000,"id_str":"882171706898432000","indices":[30,53],"media_url":"http://pbs.twimg.com/media/DD4aflSUwAA3JjB.jpg","media_url_https":"https://pbs.twimg.com/media/DD4aflSUwAA3JjB.jpg","url":"https://t.co/bMSZ9Ld33T","display_url":"pic.twitter.com/bMSZ9Ld33T","expanded_url":"https://twitter.com/ryyyyo_k/status/882171715626782720/photo/1","type":"photo","sizes":{"medium":{"w":1136,"h":640,"resize":"fit"},"small":{"w":680,"h":383,"resize":"fit"},"large":{"w":1136,"h":640,"resize":"fit"},"thumb":{"w":150,"h":150,"resize":"crop"}}}]},"extended_entities":{"media":[{"id":882171706898432000,"id_str":"882171706898432000","indices":[30,53],"media_url":"http://pbs.twimg.com/media/DD4aflSUwAA3JjB.jpg","media_url_https":"https://pbs.twimg.com/media/DD4aflSUwAA3JjB.jpg","url":"https://t.co/bMSZ9Ld33T","display_url":"pic.twitter.com/bMSZ9Ld33T","expanded_url":"https://twitter.com/ryyyyo_k/status/882171715626782720/photo/1","type":"photo","sizes":{"medium":{"w":1136,"h":640,"resize":"fit"},"small":{"w":680,"h":383,"resize":"fit"},"large":{"w":1136,"h":640,"resize":"fit"},"thumb":{"w":150,"h":150,"resize":"crop"}}}]},"metadata":{"iso_language_code":"ja","result_type":"recent"},"source":"<a href=\"http://twitter.com/download/iphone\" rel=\"nofollow\">Twitter for iPhone</a>","in_reply_to_status_id":null,"in_reply_to_status_id_str":null,"in_reply_to_user_id":null,"in_reply_to_user_id_str":null,"in_reply_to_screen_name":null,"user":{"id":2832749599,"id_str":"2832749599","name":"北園涼","screen_name":"ryyyyo_k","location":"","description":"1992.2.9 / 鹿児島出身 / RYO KITAZONO official site https://t.co/GpkoOoCVdX /「ゾノカツ！ 」https://t.co/aBxoc8s6pC","url":"https://t.co/pDjGBAGRCK","entities":{"url":{"urls":[{"url":"https://t.co/pDjGBAGRCK","expanded_url":"http://s.ameblo.jp/ryow0209/","display_url":"s.ameblo.jp/ryow0209/","indices":[0,23]}]},"description":{"urls":[{"url":"https://t.co/GpkoOoCVdX","expanded_url":"https://ryo-kitazono.com/","display_url":"ryo-kitazono.com","indices":[46,69]},{"url":"https://t.co/aBxoc8s6pC","expanded_url":"https://www.showroom-live.com/ryo-kitazono","display_url":"showroom-live.com/ryo-kitazono","indices":[79,102]}]}},"protected":false,"followers_count":47187,"friends_count":161,"listed_count":2353,"created_at":"Fri Sep 26 08:29:43 +0000 2014","favourites_count":0,"utc_offset":null,"time_zone":null,"geo_enabled":false,"verified":false,"statuses_count":1514,"lang":"ja","contributors_enabled":false,"is_translator":false,"is_translation_enabled":false,"profile_background_color":"C0DEED","profile_background_image_url":"http://abs.twimg.com/images/themes/theme1/bg.png","profile_background_image_url_https":"https://abs.twimg.com/images/themes/theme1/bg.png","profile_background_tile":false,"profile_image_url":"http://pbs.twimg.com/profile_images/834440473347444736/tAYXci20_normal.jpg","profile_image_url_https":"https://pbs.twimg.com/profile_images/834440473347444736/tAYXci20_normal.jpg","profile_link_color":"1DA1F2","profile_sidebar_border_color":"C0DEED","profile_sidebar_fill_color":"DDEEF6","profile_text_color":"333333","profile_use_background_image":true,"has_extended_profile":false,"default_profile":true,"default_profile_image":false,"following":false,"follow_request_sent":false,"notifications":false,"translator_type":"none"},"geo":null,"coordinates":null,"place":null,"contributors":null,"is_quote_status":false,"retweet_count":716,"favorite_count":818,"favorited":false,"retweeted":false,"possibly_sensitive":false,"lang":"ja"},{"created_at":"Tue Jul 04 09:37:18 +0000 2017","id":882171449582035000,"id_str":"882171449582034944","text":"【遺族に返還】ゴミから見つかった4200万円、持ち主はすでに死亡\nhttps://t.co/tj0ThmffGZ\n\n現金は群馬県にある廃棄物処理会社の敷地内で見つかっていた。警察には「家にあった現金かも」などの相談が数件あったという。","truncated":false,"entities":{"hashtags":[],"symbols":[],"user_mentions":[],"urls":[{"url":"https://t.co/tj0ThmffGZ","expanded_url":"http://news.livedoor.com/article/detail/13288815/","display_url":"news.livedoor.com/article/detail…","indices":[33,56]}]},"metadata":{"iso_language_code":"ja","result_type":"recent"},"source":"<a href=\"http://twitter.com\" rel=\"nofollow\">Twitter Web Client</a>","in_reply_to_status_id":null,"in_reply_to_status_id_str":null,"in_reply_to_user_id":null,"in_reply_to_user_id_str":null,"in_reply_to_screen_name":null,"user":{"id":17306975,"id_str":"17306975","name":"ライブドアニュース","screen_name":"livedoornews","location":"","description":"LINE →https://t.co/yhJO0o7Jns／FB → https://t.co/LHTCuyIEjr／インスタ／→https://t.co/SpmVgPtfCG","url":"http://t.co/Q4Bh3OCfgY","entities":{"url":{"urls":[{"url":"http://t.co/Q4Bh3OCfgY","expanded_url":"http://news.livedoor.com/","display_url":"news.livedoor.com","indices":[0,22]}]},"description":{"urls":[{"url":"https://t.co/yhJO0o7Jns","expanded_url":"http://goo.gl/upBgKP","display_url":"goo.gl/upBgKP","indices":[6,29]},{"url":"https://t.co/LHTCuyIEjr","expanded_url":"http://goo.gl/nDULhn","display_url":"goo.gl/nDULhn","indices":[35,58]},{"url":"https://t.co/SpmVgPtfCG","expanded_url":"http://goo.gl/cHGD9G","display_url":"goo.gl/cHGD9G","indices":[65,88]}]}},"protected":false,"followers_count":422230,"friends_count":86,"listed_count":6121,"created_at":"Tue Nov 11 09:56:31 +0000 2008","favourites_count":2605,"utc_offset":32400,"time_zone":"Tokyo","geo_enabled":false,"verified":true,"statuses_count":175978,"lang":"ja","contributors_enabled":false,"is_translator":false,"is_translation_enabled":false,"profile_background_color":"FFFFFF","profile_background_image_url":"http://pbs.twimg.com/profile_background_images/378800000085828060/4b07c1d868c917fb65a3d64a20904cd5.jpeg","profile_background_image_url_https":"https://pbs.twimg.com/profile_background_images/378800000085828060/4b07c1d868c917fb65a3d64a20904cd5.jpeg","profile_background_tile":false,"profile_image_url":"http://pbs.twimg.com/profile_images/875662964988166149/whdJTD2I_normal.jpg","profile_image_url_https":"https://pbs.twimg.com/profile_images/875662964988166149/whdJTD2I_normal.jpg","profile_link_color":"51ADD4","profile_sidebar_border_color":"FFFFFF","profile_sidebar_fill_color":"95E8EC","profile_text_color":"3C3940","profile_use_background_image":true,"has_extended_profile":false,"default_profile":false,"default_profile_image":false,"following":false,"follow_request_sent":false,"notifications":false,"translator_type":"none"},"geo":null,"coordinates":null,"place":null,"contributors":null,"is_quote_status":false,"retweet_count":63,"favorite_count":55,"favorited":false,"retweeted":false,"possibly_sensitive":false,"lang":"ja"},{"created_at":"Tue Jul 04 09:36:54 +0000 2017","id":882171351099887600,"id_str":"882171351099887617","text":"＞RT\n月歌夏祭り物販について、お知らせさせて頂きました。詳細はイベントページをご確認下さい\nhttps://t.co/exE5FtNTSq\n#ツキアニ","truncated":false,"entities":{"hashtags":[{"text":"ツキアニ","indices":[71,76]}],"symbols":[],"user_mentions":[],"urls":[{"url":"https://t.co/exE5FtNTSq","expanded_url":"http://www.tsukiani.com/news/170806_eventsummer/","display_url":"tsukiani.com/news/170806_ev…","indices":[47,70]}]},"metadata":{"iso_language_code":"ja","result_type":"recent"},"source":"<a href=\"http://twitter.com\" rel=\"nofollow\">Twitter Web Client</a>","in_reply_to_status_id":null,"in_reply_to_status_id_str":null,"in_reply_to_user_id":null,"in_reply_to_user_id_str":null,"in_reply_to_screen_name":null,"user":{"id":4882336471,"id_str":"4882336471","name":"ツキウタ。 THE ANIMATION","screen_name":"tsukiani_info","location":"ツキノ芸能プロダクション","description":"TVアニメ『ツキウタ。 THE ANIMATION』（通称：ツキアニ。）公式アカウントです。 #ツキアニ","url":"https://t.co/AFsF2W3Rdo","entities":{"url":{"urls":[{"url":"https://t.co/AFsF2W3Rdo","expanded_url":"http://www.tsukiani.com/","display_url":"tsukiani.com","indices":[0,23]}]},"description":{"urls":[]}},"protected":false,"followers_count":103019,"friends_count":105,"listed_count":1615,"created_at":"Tue Feb 09 09:33:45 +0000 2016","favourites_count":0,"utc_offset":32400,"time_zone":"Tokyo","geo_enabled":false,"verified":false,"statuses_count":1457,"lang":"ja","contributors_enabled":false,"is_translator":false,"is_translation_enabled":false,"profile_background_color":"000000","profile_background_image_url":"http://abs.twimg.com/images/themes/theme1/bg.png","profile_background_image_url_https":"https://abs.twimg.com/images/themes/theme1/bg.png","profile_background_tile":false,"profile_image_url":"http://pbs.twimg.com/profile_images/704575397778698240/kKrc4ZWE_normal.jpg","profile_image_url_https":"https://pbs.twimg.com/profile_images/704575397778698240/kKrc4ZWE_normal.jpg","profile_banner_url":"https://pbs.twimg.com/profile_banners/4882336471/1456818868","profile_link_color":"FAB81E","profile_sidebar_border_color":"000000","profile_sidebar_fill_color":"000000","profile_text_color":"000000","profile_use_background_image":false,"has_extended_profile":false,"default_profile":false,"default_profile_image":false,"following":false,"follow_request_sent":false,"notifications":false,"translator_type":"none"},"geo":null,"coordinates":null,"place":null,"contributors":null,"is_quote_status":false,"retweet_count":55,"favorite_count":101,"favorited":false,"retweeted":false,"possibly_sensitive":false,"lang":"ja"},{"created_at":"Tue Jul 04 09:36:43 +0000 2017","id":882171304295538700,"id_str":"882171304295538688","text":"なんの ために うまれて　なにを して いきるのか\nこたえられない なんて　そんなのは いやだ！\nいまを いきる ことで　くろぬりの こうきゅうしゃに ついとつしてしまう\n後輩をかばいすべての責任を負った三浦に対し、車の主、暴力団員谷岡に言い渡された示談の条件とは…。","truncated":false,"entities":{"hashtags":[],"symbols":[],"user_mentions":[],"urls":[]},"metadata":{"iso_language_code":"ja","result_type":"recent"},"source":"<a href=\"https://twitter.com/jidan_no_jouken\" rel=\"nofollow\">下北沢の路上</a>","in_reply_to_status_id":null,"in_reply_to_status_id_str":null,"in_reply_to_user_id":null,"in_reply_to_user_id_str":null,"in_reply_to_screen_name":null,"user":{"id":2569492147,"id_str":"2569492147","name":"黒塗りの高級車に追突してしまうbot","screen_name":"jidan_no_jouken","location":"下北沢","description":"試合を終えて家路へ向かうサッカー部員達。疲れからか、不幸にも黒塗りの高級車に追突してしまう。後輩をかばいすべての責任を負った三浦に対し、車の主、暴力団員谷岡に言い渡された示談の条件とは…。","url":null,"entities":{"description":{"urls":[]}},"protected":false,"followers_count":109093,"friends_count":2,"listed_count":1448,"created_at":"Sun Jun 15 18:46:10 +0000 2014","favourites_count":1,"utc_offset":null,"time_zone":null,"geo_enabled":false,"verified":false,"statuses_count":11642,"lang":"ja","contributors_enabled":false,"is_translator":false,"is_translation_enabled":false,"profile_background_color":"C0DEED","profile_background_image_url":"http://pbs.twimg.com/profile_background_images/498748430911410176/Gjwgg1v1.jpeg","profile_background_image_url_https":"https://pbs.twimg.com/profile_background_images/498748430911410176/Gjwgg1v1.jpeg","profile_background_tile":true,"profile_image_url":"http://pbs.twimg.com/profile_images/860146502571708416/lqtw6EtK_normal.jpg","profile_image_url_https":"https://pbs.twimg.com/profile_images/860146502571708416/lqtw6EtK_normal.jpg","profile_banner_url":"https://pbs.twimg.com/profile_banners/2569492147/1402858519","profile_link_color":"0084B4","profile_sidebar_border_color":"FFFFFF","profile_sidebar_fill_color":"DDEEF6","profile_text_color":"333333","profile_use_background_image":true,"has_extended_profile":false,"default_profile":false,"default_profile_image":false,"following":false,"follow_request_sent":false,"notifications":false,"translator_type":"none"},"geo":null,"coordinates":null,"place":null,"contributors":null,"is_quote_status":false,"retweet_count":55,"favorite_count":73,"favorited":false,"retweeted":false,"lang":"ja"},{"created_at":"Tue Jul 04 09:36:34 +0000 2017","id":882171268123942900,"id_str":"882171268123942916","text":"出演させてもらいまーーーす(°▽°)！\nしゅーごくんとゆーゆくんよろしくね〜(°▽°)！\nあと同じ事務所の長島みなちゃんも出演するよ！こういうの初めてだからドキドキするなーーー！！！\nお時間合うようでしたら、借りて来た猫みたいにな… https://t.co/1oVK4qM6hu","truncated":true,"entities":{"hashtags":[],"symbols":[],"user_mentions":[],"urls":[{"url":"https://t.co/1oVK4qM6hu","expanded_url":"https://twitter.com/i/web/status/882171268123942916","display_url":"twitter.com/i/web/status/8…","indices":[117,140]}]},"metadata":{"iso_language_code":"ja","result_type":"recent"},"source":"<a href=\"http://twitter.com/download/iphone\" rel=\"nofollow\">Twitter for iPhone</a>","in_reply_to_status_id":null,"in_reply_to_status_id_str":null,"in_reply_to_user_id":null,"in_reply_to_user_id_str":null,"in_reply_to_screen_name":null,"user":{"id":3262816567,"id_str":"3262816567","name":"児玉卓也","screen_name":"kodama0623","location":"","description":"尾木プロTHE NEXT所属の声優です。未だに変なツイートするなとは言われています。","url":"https://t.co/VyoWvG3dFx","entities":{"url":{"urls":[{"url":"https://t.co/VyoWvG3dFx","expanded_url":"http://www.oginext.com","display_url":"oginext.com","indices":[0,23]}]},"description":{"urls":[]}},"protected":false,"followers_count":12709,"friends_count":107,"listed_count":1777,"created_at":"Wed Jul 01 02:29:10 +0000 2015","favourites_count":373,"utc_offset":-25200,"time_zone":"Pacific Time (US & Canada)","geo_enabled":false,"verified":false,"statuses_count":2374,"lang":"ja","contributors_enabled":false,"is_translator":false,"is_translation_enabled":true,"profile_background_color":"C0DEED","profile_background_image_url":"http://abs.twimg.com/images/themes/theme1/bg.png","profile_background_image_url_https":"https://abs.twimg.com/images/themes/theme1/bg.png","profile_background_tile":false,"profile_image_url":"http://pbs.twimg.com/profile_images/878189717472198656/VPDADshg_normal.jpg","profile_image_url_https":"https://pbs.twimg.com/profile_images/878189717472198656/VPDADshg_normal.jpg","profile_link_color":"1DA1F2","profile_sidebar_border_color":"C0DEED","profile_sidebar_fill_color":"DDEEF6","profile_text_color":"333333","profile_use_background_image":true,"has_extended_profile":false,"default_profile":true,"default_profile_image":false,"following":false,"follow_request_sent":false,"notifications":false,"translator_type":"none"},"geo":null,"coordinates":null,"place":null,"contributors":null,"is_quote_status":true,"quoted_status_id":882164826901946400,"quoted_status_id_str":"882164826901946368","quoted_status":{"created_at":"Tue Jul 04 09:10:59 +0000 2017","id":882164826901946400,"id_str":"882164826901946368","text":"『アイドルマスター』12周年ニコ生(仮) 7月28日 19時から配信決定！ミリシタ配信お祝いキャンペーンも開始！→→ https://t.co/zuslBDvdED #idolmaster https://t.co/BN3OAr17UZ","truncated":false,"entities":{"hashtags":[{"text":"idolmaster","indices":[83,94]}],"symbols":[],"user_mentions":[],"urls":[{"url":"https://t.co/zuslBDvdED","expanded_url":"http://idolmaster.jp/blog/?p=31117","display_url":"idolmaster.jp/blog/?p=31117","indices":[59,82]}],"media":[{"id":882164824943108100,"id_str":"882164824943108097","indices":[95,118],"media_url":"http://pbs.twimg.com/media/DD4UPAAUIAEbB6b.jpg","media_url_https":"https://pbs.twimg.com/media/DD4UPAAUIAEbB6b.jpg","url":"https://t.co/BN3OAr17UZ","display_url":"pic.twitter.com/BN3OAr17UZ","expanded_url":"https://twitter.com/imas_official/status/882164826901946368/photo/1","type":"photo","sizes":{"large":{"w":774,"h":257,"resize":"fit"},"thumb":{"w":150,"h":150,"resize":"crop"},"small":{"w":680,"h":226,"resize":"fit"},"medium":{"w":774,"h":257,"resize":"fit"}}}]},"extended_entities":{"media":[{"id":882164824943108100,"id_str":"882164824943108097","indices":[95,118],"media_url":"http://pbs.twimg.com/media/DD4UPAAUIAEbB6b.jpg","media_url_https":"https://pbs.twimg.com/media/DD4UPAAUIAEbB6b.jpg","url":"https://t.co/BN3OAr17UZ","display_url":"pic.twitter.com/BN3OAr17UZ","expanded_url":"https://twitter.com/imas_official/status/882164826901946368/photo/1","type":"photo","sizes":{"large":{"w":774,"h":257,"resize":"fit"},"thumb":{"w":150,"h":150,"resize":"crop"},"small":{"w":680,"h":226,"resize":"fit"},"medium":{"w":774,"h":257,"resize":"fit"}}}]},"metadata":{"iso_language_code":"ja","result_type":"recent"},"source":"<a href=\"http://idolmaster.jp/blog/\" rel=\"nofollow\">アイドルマスター公式ブログ</a>","in_reply_to_status_id":null,"in_reply_to_status_id_str":null,"in_reply_to_user_id":null,"in_reply_to_user_id_str":null,"in_reply_to_screen_name":null,"user":{"id":2386153344,"id_str":"2386153344","name":"アイドルマスター公式ツイッター","screen_name":"imas_official","location":"PROJECT IM@S 2nd VISION","description":"アイドルマスター公式ブログの更新情報を中心につぶやきます！\r\n※本アカウントでは、リプライに対する返信や、お問い合わせのお答えはしておりません。\r\nお問い合わせについてはこちらをご覧下さい→ http://t.co/vt4FcVGkDe","url":"http://t.co/nKOsLrXUo5","entities":{"url":{"urls":[{"url":"http://t.co/nKOsLrXUo5","expanded_url":"http://idolmaster.jp/","display_url":"idolmaster.jp","indices":[0,22]}]},"description":{"urls":[{"url":"http://t.co/vt4FcVGkDe","expanded_url":"http://bandainam.co/17Cz1OI","display_url":"bandainam.co/17Cz1OI","indices":[96,118]}]}},"protected":false,"followers_count":177015,"friends_count":11,"listed_count":3868,"created_at":"Thu Mar 13 02:27:31 +0000 2014","favourites_count":2,"utc_offset":-25200,"time_zone":"Pacific Time (US & Canada)","geo_enabled":false,"verified":true,"statuses_count":2146,"lang":"ja","contributors_enabled":false,"is_translator":false,"is_translation_enabled":false,"profile_background_color":"AEF1ED","profile_background_image_url":"http://pbs.twimg.com/profile_background_images/496195845088215040/2A-9o1W_.png","profile_background_image_url_https":"https://pbs.twimg.com/profile_background_images/496195845088215040/2A-9o1W_.png","profile_background_tile":false,"profile_image_url":"http://pbs.twimg.com/profile_images/824435672094167040/8pUyep82_normal.jpg","profile_image_url_https":"https://pbs.twimg.com/profile_images/824435672094167040/8pUyep82_normal.jpg","profile_banner_url":"https://pbs.twimg.com/profile_banners/2386153344/1493696883","profile_link_color":"0084B4","profile_sidebar_border_color":"FFFFFF","profile_sidebar_fill_color":"DDEEF6","profile_text_color":"333333","profile_use_background_image":false,"has_extended_profile":false,"default_profile":false,"default_profile_image":false,"following":false,"follow_request_sent":false,"notifications":false,"translator_type":"none"},"geo":null,"coordinates":null,"place":null,"contributors":null,"is_quote_status":false,"retweet_count":4817,"favorite_count":2853,"favorited":false,"retweeted":false,"possibly_sensitive":false,"lang":"ja"},"retweet_count":203,"favorite_count":204,"favorited":false,"retweeted":false,"possibly_sensitive":false,"lang":"ja"},{"created_at":"Tue Jul 04 09:36:07 +0000 2017","id":882171152587673600,"id_str":"882171152587673600","text":"もうすぐです。お楽しみに。\n\nToshiya\n\nhttps://t.co/k8TCnT6eDc https://t.co/jNmTHsKuEX","truncated":false,"entities":{"hashtags":[],"symbols":[],"user_mentions":[],"urls":[{"url":"https://t.co/k8TCnT6eDc","expanded_url":"https://www.instagram.com/p/BWHqes6Fs1_/","display_url":"instagram.com/p/BWHqes6Fs1_/","indices":[24,47]}],"media":[{"id":882171127820197900,"id_str":"882171127820197889","indices":[48,71],"media_url":"http://pbs.twimg.com/media/DD4Z94DUIAEAaTy.jpg","media_url_https":"https://pbs.twimg.com/media/DD4Z94DUIAEAaTy.jpg","url":"https://t.co/jNmTHsKuEX","display_url":"pic.twitter.com/jNmTHsKuEX","expanded_url":"https://twitter.com/DIRENGREY_JP/status/882171152587673600/photo/1","type":"photo","sizes":{"large":{"w":1000,"h":1333,"resize":"fit"},"medium":{"w":900,"h":1200,"resize":"fit"},"thumb":{"w":150,"h":150,"resize":"crop"},"small":{"w":510,"h":680,"resize":"fit"}}}]},"extended_entities":{"media":[{"id":882171127820197900,"id_str":"882171127820197889","indices":[48,71],"media_url":"http://pbs.twimg.com/media/DD4Z94DUIAEAaTy.jpg","media_url_https":"https://pbs.twimg.com/media/DD4Z94DUIAEAaTy.jpg","url":"https://t.co/jNmTHsKuEX","display_url":"pic.twitter.com/jNmTHsKuEX","expanded_url":"https://twitter.com/DIRENGREY_JP/status/882171152587673600/photo/1","type":"photo","sizes":{"large":{"w":1000,"h":1333,"resize":"fit"},"medium":{"w":900,"h":1200,"resize":"fit"},"thumb":{"w":150,"h":150,"resize":"crop"},"small":{"w":510,"h":680,"resize":"fit"}}}]},"metadata":{"iso_language_code":"ja","result_type":"recent"},"source":"<a href=\"http://twitter.com\" rel=\"nofollow\">Twitter Web Client</a>","in_reply_to_status_id":null,"in_reply_to_status_id_str":null,"in_reply_to_user_id":null,"in_reply_to_user_id_str":null,"in_reply_to_screen_name":null,"user":{"id":296139337,"id_str":"296139337","name":"DIR EN GREY","screen_name":"DIRENGREY_JP","location":"","description":"DIR EN GREY OFFICIAL Twitter","url":"http://t.co/OtsW5oOwv7","entities":{"url":{"urls":[{"url":"http://t.co/OtsW5oOwv7","expanded_url":"http://www.direngrey.co.jp","display_url":"direngrey.co.jp","indices":[0,22]}]},"description":{"urls":[]}},"protected":false,"followers_count":85208,"friends_count":0,"listed_count":1130,"created_at":"Tue May 10 08:11:21 +0000 2011","favourites_count":0,"utc_offset":32400,"time_zone":"Tokyo","geo_enabled":false,"verified":true,"statuses_count":1253,"lang":"ja","contributors_enabled":false,"is_translator":false,"is_translation_enabled":false,"profile_background_color":"0A0A0A","profile_background_image_url":"http://abs.twimg.com/images/themes/theme1/bg.png","profile_background_image_url_https":"https://abs.twimg.com/images/themes/theme1/bg.png","profile_background_tile":false,"profile_image_url":"http://pbs.twimg.com/profile_images/1350537670/s_dir_twitter_logo_normal.jpg","profile_image_url_https":"https://pbs.twimg.com/profile_images/1350537670/s_dir_twitter_logo_normal.jpg","profile_link_color":"D7DADB","profile_sidebar_border_color":"C0DEED","profile_sidebar_fill_color":"212121","profile_text_color":"757375","profile_use_background_image":false,"has_extended_profile":false,"default_profile":false,"default_profile_image":false,"following":false,"follow_request_sent":false,"notifications":false,"translator_type":"none"},"geo":null,"coordinates":null,"place":null,"contributors":null,"is_quote_status":false,"retweet_count":93,"favorite_count":155,"favorited":false,"retweeted":false,"possibly_sensitive":false,"lang":"ja"},{"created_at":"Tue Jul 04 09:35:09 +0000 2017","id":882170909741600800,"id_str":"882170909741600768","text":"結月ゆかりさんをお迎えしました。\nボディごと届きました。\n#VOICEROID #結月ゆかり https://t.co/bDntihZT1e","truncated":false,"entities":{"hashtags":[{"text":"VOICEROID","indices":[29,39]},{"text":"結月ゆかり","indices":[40,46]}],"symbols":[],"user_mentions":[],"urls":[],"media":[{"id":882170385709416400,"id_str":"882170385709416449","indices":[47,70],"media_url":"http://pbs.twimg.com/media/DD4ZSreUQAEQyEL.jpg","media_url_https":"https://pbs.twimg.com/media/DD4ZSreUQAEQyEL.jpg","url":"https://t.co/bDntihZT1e","display_url":"pic.twitter.com/bDntihZT1e","expanded_url":"https://twitter.com/AzureGM_16/status/882170909741600768/photo/1","type":"photo","sizes":{"medium":{"w":620,"h":800,"resize":"fit"},"large":{"w":620,"h":800,"resize":"fit"},"thumb":{"w":150,"h":150,"resize":"crop"},"small":{"w":527,"h":680,"resize":"fit"}}}]},"extended_entities":{"media":[{"id":882170385709416400,"id_str":"882170385709416449","indices":[47,70],"media_url":"http://pbs.twimg.com/media/DD4ZSreUQAEQyEL.jpg","media_url_https":"https://pbs.twimg.com/media/DD4ZSreUQAEQyEL.jpg","url":"https://t.co/bDntihZT1e","display_url":"pic.twitter.com/bDntihZT1e","expanded_url":"https://twitter.com/AzureGM_16/status/882170909741600768/photo/1","type":"photo","sizes":{"medium":{"w":620,"h":800,"resize":"fit"},"large":{"w":620,"h":800,"resize":"fit"},"thumb":{"w":150,"h":150,"resize":"crop"},"small":{"w":527,"h":680,"resize":"fit"}}}]},"metadata":{"iso_language_code":"ja","result_type":"recent"},"source":"<a href=\"http://twitter.com\" rel=\"nofollow\">Twitter Web Client</a>","in_reply_to_status_id":null,"in_reply_to_status_id_str":null,"in_reply_to_user_id":null,"in_reply_to_user_id_str":null,"in_reply_to_screen_name":null,"user":{"id":871194811373568000,"id_str":"871194811373568000","name":"ぺれっと","screen_name":"AzureGM_16","location":"アンタレス周辺宙域","description":"人は何者でも多かれ少なかれ変態性を持っているはずなので、恥じることなく堂々と生きていこうと思います。\nPixiv\nhttps://t.co/F4hqNsjn2W","url":null,"entities":{"description":{"urls":[{"url":"https://t.co/F4hqNsjn2W","expanded_url":"https://www.pixiv.net/member.php?id=599464","display_url":"pixiv.net/member.php?id=…","indices":[57,80]}]}},"protected":false,"followers_count":794,"friends_count":69,"listed_count":23,"created_at":"Sun Jun 04 02:40:03 +0000 2017","favourites_count":5,"utc_offset":null,"time_zone":null,"geo_enabled":false,"verified":false,"statuses_count":17,"lang":"ja","contributors_enabled":false,"is_translator":false,"is_translation_enabled":false,"profile_background_color":"000000","profile_background_image_url":"http://abs.twimg.com/images/themes/theme1/bg.png","profile_background_image_url_https":"https://abs.twimg.com/images/themes/theme1/bg.png","profile_background_tile":false,"profile_image_url":"http://pbs.twimg.com/profile_images/871198750626029568/0oImoAyI_normal.jpg","profile_image_url_https":"https://pbs.twimg.com/profile_images/871198750626029568/0oImoAyI_normal.jpg","profile_banner_url":"https://pbs.twimg.com/profile_banners/871194811373568000/1496587674","profile_link_color":"1B95E0","profile_sidebar_border_color":"000000","profile_sidebar_fill_color":"000000","profile_text_color":"000000","profile_use_background_image":false,"has_extended_profile":true,"default_profile":false,"default_profile_image":false,"following":false,"follow_request_sent":false,"notifications":false,"translator_type":"none"},"geo":null,"coordinates":null,"place":null,"contributors":null,"is_quote_status":false,"retweet_count":64,"favorite_count":98,"favorited":false,"retweeted":false,"possibly_sensitive":false,"lang":"ja"},{"created_at":"Tue Jul 04 09:35:08 +0000 2017","id":882170906302271500,"id_str":"882170906302271488","text":"ジャムホームメイドのアクセサリー「COMMODITY」洗濯バサミやキャップをパンクなテイストに昇華 - https://t.co/x3XPFk6h82 https://t.co/16yky9lKct","truncated":false,"entities":{"hashtags":[],"symbols":[],"user_mentions":[],"urls":[{"url":"https://t.co/x3XPFk6h82","expanded_url":"https://www.fashion-press.net/news/31878","display_url":"fashion-press.net/news/31878","indices":[52,75]}],"media":[{"id":882170897599053800,"id_str":"882170897599053825","indices":[76,99],"media_url":"http://pbs.twimg.com/media/DD4ZweaUQAEyg9k.jpg","media_url_https":"https://pbs.twimg.com/media/DD4ZweaUQAEyg9k.jpg","url":"https://t.co/16yky9lKct","display_url":"pic.twitter.com/16yky9lKct","expanded_url":"https://twitter.com/fashionpressnet/status/882170906302271488/photo/1","type":"photo","sizes":{"medium":{"w":680,"h":453,"resize":"fit"},"small":{"w":680,"h":453,"resize":"fit"},"thumb":{"w":150,"h":150,"resize":"crop"},"large":{"w":680,"h":453,"resize":"fit"}}}]},"extended_entities":{"media":[{"id":882170897599053800,"id_str":"882170897599053825","indices":[76,99],"media_url":"http://pbs.twimg.com/media/DD4ZweaUQAEyg9k.jpg","media_url_https":"https://pbs.twimg.com/media/DD4ZweaUQAEyg9k.jpg","url":"https://t.co/16yky9lKct","display_url":"pic.twitter.com/16yky9lKct","expanded_url":"https://twitter.com/fashionpressnet/status/882170906302271488/photo/1","type":"photo","sizes":{"medium":{"w":680,"h":453,"resize":"fit"},"small":{"w":680,"h":453,"resize":"fit"},"thumb":{"w":150,"h":150,"resize":"crop"},"large":{"w":680,"h":453,"resize":"fit"}}},{"id":882170900925210600,"id_str":"882170900925210626","indices":[76,99],"media_url":"http://pbs.twimg.com/media/DD4ZwqzVYAImlpN.jpg","media_url_https":"https://pbs.twimg.com/media/DD4ZwqzVYAImlpN.jpg","url":"https://t.co/16yky9lKct","display_url":"pic.twitter.com/16yky9lKct","expanded_url":"https://twitter.com/fashionpressnet/status/882170906302271488/photo/1","type":"photo","sizes":{"medium":{"w":680,"h":453,"resize":"fit"},"small":{"w":680,"h":453,"resize":"fit"},"thumb":{"w":150,"h":150,"resize":"crop"},"large":{"w":680,"h":453,"resize":"fit"}}},{"id":882170903676596200,"id_str":"882170903676596224","indices":[76,99],"media_url":"http://pbs.twimg.com/media/DD4Zw1DUMAALstB.jpg","media_url_https":"https://pbs.twimg.com/media/DD4Zw1DUMAALstB.jpg","url":"https://t.co/16yky9lKct","display_url":"pic.twitter.com/16yky9lKct","expanded_url":"https://twitter.com/fashionpressnet/status/882170906302271488/photo/1","type":"photo","sizes":{"medium":{"w":680,"h":453,"resize":"fit"},"small":{"w":680,"h":453,"resize":"fit"},"thumb":{"w":150,"h":150,"resize":"crop"},"large":{"w":680,"h":453,"resize":"fit"}}}]},"metadata":{"iso_language_code":"ja","result_type":"recent"},"source":"<a href=\"http://www.fashion-press.net/\" rel=\"nofollow\">Fashion Press</a>","in_reply_to_status_id":null,"in_reply_to_status_id_str":null,"in_reply_to_user_id":null,"in_reply_to_user_id_str":null,"in_reply_to_screen_name":null,"user":{"id":168816611,"id_str":"168816611","name":"Fashion Press","screen_name":"fashionpressnet","location":"","description":"ファッションWEBマガジン「ファッションプレス」公式アカウント。 【Instagram】http://t.co/3myapCJ1Ax【Facebook】http://t.co/8FFmQA2set","url":"http://t.co/rSEGQEqMH0","entities":{"url":{"urls":[{"url":"http://t.co/rSEGQEqMH0","expanded_url":"http://www.fashion-press.net/","display_url":"fashion-press.net","indices":[0,22]}]},"description":{"urls":[{"url":"http://t.co/3myapCJ1Ax","expanded_url":"http://instagram.com/fashionpressjp","display_url":"instagram.com/fashionpressjp","indices":[44,66]},{"url":"http://t.co/8FFmQA2set","expanded_url":"http://www.facebook.com/FashionPress.net","display_url":"facebook.com/FashionPress.n…","indices":[76,98]}]}},"protected":false,"followers_count":2263779,"friends_count":1,"listed_count":8923,"created_at":"Tue Jul 20 21:38:17 +0000 2010","favourites_count":0,"utc_offset":32400,"time_zone":"Tokyo","geo_enabled":false,"verified":true,"statuses_count":80239,"lang":"ja","contributors_enabled":false,"is_translator":false,"is_translation_enabled":false,"profile_background_color":"F5F8FA","profile_background_image_url":"http://abs.twimg.com/images/themes/theme14/bg.gif","profile_background_image_url_https":"https://abs.twimg.com/images/themes/theme14/bg.gif","profile_background_tile":false,"profile_image_url":"http://pbs.twimg.com/profile_images/491483872677228544/fuq52Rp2_normal.jpeg","profile_image_url_https":"https://pbs.twimg.com/profile_images/491483872677228544/fuq52Rp2_normal.jpeg","profile_banner_url":"https://pbs.twimg.com/profile_banners/168816611/1444307408","profile_link_color":"343738","profile_sidebar_border_color":"FFFFFF","profile_sidebar_fill_color":"DDEEF6","profile_text_color":"333333","profile_use_background_image":true,"has_extended_profile":false,"default_profile":false,"default_profile_image":false,"following":false,"follow_request_sent":false,"notifications":false,"translator_type":"none"},"geo":null,"coordinates":null,"place":null,"contributors":null,"is_quote_status":false,"retweet_count":183,"favorite_count":347,"favorited":false,"retweeted":false,"possibly_sensitive":false,"lang":"ja"},{"created_at":"Tue Jul 04 09:35:03 +0000 2017","id":882170886349922300,"id_str":"882170886349922304","text":"【一番くじ 星のカービィ KIRBY ★ ICE CREAM】E賞くーるなデザートグラスを使ってカービィのアイス作りにチャレンジしてみてね☆商品の詳細はコチラ⇒https://t.co/Jo9p5ReM4Z #カービィ… https://t.co/6N9G3IcGSj","truncated":true,"entities":{"hashtags":[{"text":"カービィ","indices":[104,109]}],"symbols":[],"user_mentions":[],"urls":[{"url":"https://t.co/Jo9p5ReM4Z","expanded_url":"http://bpnavi.jp/t/kirby4-01","display_url":"bpnavi.jp/t/kirby4-01","indices":[80,103]},{"url":"https://t.co/6N9G3IcGSj","expanded_url":"https://twitter.com/i/web/status/882170886349922304","display_url":"twitter.com/i/web/status/8…","indices":[111,134]}]},"metadata":{"iso_language_code":"ja","result_type":"recent"},"source":"<a href=\"https://studio.twitter.com\" rel=\"nofollow\">Media Studio</a>","in_reply_to_status_id":null,"in_reply_to_status_id_str":null,"in_reply_to_user_id":null,"in_reply_to_user_id_str":null,"in_reply_to_screen_name":null,"user":{"id":91081573,"id_str":"91081573","name":"一番くじ","screen_name":"ichibanKUJI","location":"","description":"「一番くじ」の公式Twitterアカウントです。新商品情報やキャンペーン情報をお届けします！\nなお、個別のお問い合わせには対応しておりません。 Instagram⇒https://t.co/3wVhZITIMv","url":"http://t.co/leKFMK5Cqm","entities":{"url":{"urls":[{"url":"http://t.co/leKFMK5Cqm","expanded_url":"http://www.bpnavi.jp/kuji/","display_url":"bpnavi.jp/kuji/","indices":[0,22]}]},"description":{"urls":[{"url":"https://t.co/3wVhZITIMv","expanded_url":"https://www.instagram.com/ichibankuji/","display_url":"instagram.com/ichibankuji/","indices":[82,105]}]}},"protected":false,"followers_count":459125,"friends_count":12,"listed_count":4819,"created_at":"Thu Nov 19 11:03:10 +0000 2009","favourites_count":0,"utc_offset":32400,"time_zone":"Tokyo","geo_enabled":false,"verified":false,"statuses_count":9925,"lang":"ja","contributors_enabled":false,"is_translator":false,"is_translation_enabled":false,"profile_background_color":"F5030F","profile_background_image_url":"http://abs.twimg.com/images/themes/theme1/bg.png","profile_background_image_url_https":"https://abs.twimg.com/images/themes/theme1/bg.png","profile_background_tile":false,"profile_image_url":"http://pbs.twimg.com/profile_images/701926865154416640/kEH2dOrQ_normal.jpg","profile_image_url_https":"https://pbs.twimg.com/profile_images/701926865154416640/kEH2dOrQ_normal.jpg","profile_link_color":"F5030F","profile_sidebar_border_color":"F5030F","profile_sidebar_fill_color":"FFFFFF","profile_text_color":"575057","profile_use_background_image":false,"has_extended_profile":false,"default_profile":false,"default_profile_image":false,"following":false,"follow_request_sent":false,"notifications":false,"translator_type":"none"},"geo":null,"coordinates":null,"place":null,"contributors":null,"is_quote_status":false,"retweet_count":217,"favorite_count":251,"favorited":false,"retweeted":false,"possibly_sensitive":false,"lang":"ja"},{"created_at":"Tue Jul 04 09:35:02 +0000 2017","id":882170880410832900,"id_str":"882170880410832896","text":"カラパイア : プールで溺れる小動物たちを救え！ カエルやトカゲの脱出用ボート「フロッグ・ログ」は小さいけど大きな発明（爬虫類出演中） https://t.co/DLkzEvGOJP https://t.co/JKvIKOUP5d","truncated":false,"entities":{"hashtags":[],"symbols":[],"user_mentions":[],"urls":[{"url":"https://t.co/DLkzEvGOJP","expanded_url":"http://karapaia.com/archives/52241589.html?utm_source=twitter.com","display_url":"karapaia.com/archives/52241…","indices":[68,91]}],"media":[{"id":882170877877473300,"id_str":"882170877877473281","indices":[92,115],"media_url":"http://pbs.twimg.com/media/DD4ZvU8U0AE3CDx.jpg","media_url_https":"https://pbs.twimg.com/media/DD4ZvU8U0AE3CDx.jpg","url":"https://t.co/JKvIKOUP5d","display_url":"pic.twitter.com/JKvIKOUP5d","expanded_url":"https://twitter.com/karapaia/status/882170880410832896/photo/1","type":"photo","sizes":{"small":{"w":580,"h":373,"resize":"fit"},"medium":{"w":580,"h":373,"resize":"fit"},"thumb":{"w":150,"h":150,"resize":"crop"},"large":{"w":580,"h":373,"resize":"fit"}}}]},"extended_entities":{"media":[{"id":882170877877473300,"id_str":"882170877877473281","indices":[92,115],"media_url":"http://pbs.twimg.com/media/DD4ZvU8U0AE3CDx.jpg","media_url_https":"https://pbs.twimg.com/media/DD4ZvU8U0AE3CDx.jpg","url":"https://t.co/JKvIKOUP5d","display_url":"pic.twitter.com/JKvIKOUP5d","expanded_url":"https://twitter.com/karapaia/status/882170880410832896/photo/1","type":"photo","sizes":{"small":{"w":580,"h":373,"resize":"fit"},"medium":{"w":580,"h":373,"resize":"fit"},"thumb":{"w":150,"h":150,"resize":"crop"},"large":{"w":580,"h":373,"resize":"fit"}}}]},"metadata":{"iso_language_code":"ja","result_type":"recent"},"source":"<a href=\"http://karapaia.livedoor.biz/\" rel=\"nofollow\">カラパイア公式</a>","in_reply_to_status_id":null,"in_reply_to_status_id_str":null,"in_reply_to_user_id":null,"in_reply_to_user_id_str":null,"in_reply_to_screen_name":null,"user":{"id":91113792,"id_str":"91113792","name":"カラパイア","screen_name":"karapaia","location":"","description":"カラパイアの公式Twitter。最新記事をリアルタイム配信中です。","url":"https://t.co/UdMYDoRvpA","entities":{"url":{"urls":[{"url":"https://t.co/UdMYDoRvpA","expanded_url":"http://karapaia.com/","display_url":"karapaia.com","indices":[0,23]}]},"description":{"urls":[]}},"protected":false,"followers_count":112119,"friends_count":62944,"listed_count":4096,"created_at":"Thu Nov 19 14:27:10 +0000 2009","favourites_count":581,"utc_offset":32400,"time_zone":"Tokyo","geo_enabled":false,"verified":false,"statuses_count":54840,"lang":"ja","contributors_enabled":false,"is_translator":false,"is_translation_enabled":false,"profile_background_color":"C9B197","profile_background_image_url":"http://pbs.twimg.com/profile_background_images/440804482704613376/6t3tNMr4.jpeg","profile_background_image_url_https":"https://pbs.twimg.com/profile_background_images/440804482704613376/6t3tNMr4.jpeg","profile_background_tile":false,"profile_image_url":"http://pbs.twimg.com/profile_images/518269086954831872/oExhXCp9_normal.jpeg","profile_image_url_https":"https://pbs.twimg.com/profile_images/518269086954831872/oExhXCp9_normal.jpeg","profile_banner_url":"https://pbs.twimg.com/profile_banners/91113792/1412401093","profile_link_color":"3C47C2","profile_sidebar_border_color":"FFFFFF","profile_sidebar_fill_color":"AD9898","profile_text_color":"333333","profile_use_background_image":false,"has_extended_profile":false,"default_profile":false,"default_profile_image":false,"following":false,"follow_request_sent":false,"notifications":false,"translator_type":"none"},"geo":null,"coordinates":null,"place":null,"contributors":null,"is_quote_status":false,"retweet_count":55,"favorite_count":53,"favorited":false,"retweeted":false,"possibly_sensitive":false,"lang":"ja"},{"created_at":"Tue Jul 04 09:34:48 +0000 2017","id":882170819652321300,"id_str":"882170819652321281","text":"【1回表終了：M 0-1 E】\n岡島選手の第2号ソロホームランで先制！\n#RakutenEagles #ファンの声援が選手のチカラになる https://t.co/380178xmgj","truncated":false,"entities":{"hashtags":[{"text":"RakutenEagles","indices":[36,50]},{"text":"ファンの声援が選手のチカラになる","indices":[51,68]}],"symbols":[],"user_mentions":[],"urls":[],"media":[{"id":882170817160896500,"id_str":"882170817160896513","indices":[69,92],"media_url":"http://pbs.twimg.com/media/DD4ZrywXYAEAr2O.jpg","media_url_https":"https://pbs.twimg.com/media/DD4ZrywXYAEAr2O.jpg","url":"https://t.co/380178xmgj","display_url":"pic.twitter.com/380178xmgj","expanded_url":"https://twitter.com/Rakuten__Eagles/status/882170819652321281/photo/1","type":"photo","sizes":{"medium":{"w":1200,"h":800,"resize":"fit"},"small":{"w":680,"h":453,"resize":"fit"},"thumb":{"w":150,"h":150,"resize":"crop"},"large":{"w":1200,"h":800,"resize":"fit"}}}]},"extended_entities":{"media":[{"id":882170817160896500,"id_str":"882170817160896513","indices":[69,92],"media_url":"http://pbs.twimg.com/media/DD4ZrywXYAEAr2O.jpg","media_url_https":"https://pbs.twimg.com/media/DD4ZrywXYAEAr2O.jpg","url":"https://t.co/380178xmgj","display_url":"pic.twitter.com/380178xmgj","expanded_url":"https://twitter.com/Rakuten__Eagles/status/882170819652321281/photo/1","type":"photo","sizes":{"medium":{"w":1200,"h":800,"resize":"fit"},"small":{"w":680,"h":453,"resize":"fit"},"thumb":{"w":150,"h":150,"resize":"crop"},"large":{"w":1200,"h":800,"resize":"fit"}}}]},"metadata":{"iso_language_code":"ja","result_type":"recent"},"source":"<a href=\"http://www.radian6.com\" rel=\"nofollow\">Radian6 -Social Media Management</a>","in_reply_to_status_id":null,"in_reply_to_status_id_str":null,"in_reply_to_user_id":null,"in_reply_to_user_id_str":null,"in_reply_to_screen_name":null,"user":{"id":122025185,"id_str":"122025185","name":"楽天イーグルス","screen_name":"Rakuten__Eagles","location":"東北","description":"楽天イーグルス公式Twitterです。 ※画像の二次利用及び無断転載は禁止とさせていただきます。","url":"https://t.co/iu5AiE9qAH","entities":{"url":{"urls":[{"url":"https://t.co/iu5AiE9qAH","expanded_url":"http://www.rakuteneagles.jp/","display_url":"rakuteneagles.jp","indices":[0,23]}]},"description":{"urls":[]}},"protected":false,"followers_count":524534,"friends_count":171,"listed_count":4076,"created_at":"Thu Mar 11 10:26:29 +0000 2010","favourites_count":328,"utc_offset":32400,"time_zone":"Tokyo","geo_enabled":true,"verified":true,"statuses_count":18687,"lang":"ja","contributors_enabled":false,"is_translator":false,"is_translation_enabled":false,"profile_background_color":"990000","profile_background_image_url":"http://pbs.twimg.com/profile_background_images/378800000176888726/Y27Nhc9J.jpeg","profile_background_image_url_https":"https://pbs.twimg.com/profile_background_images/378800000176888726/Y27Nhc9J.jpeg","profile_background_tile":false,"profile_image_url":"http://pbs.twimg.com/profile_images/881697352033067008/WSdtj-o4_normal.jpg","profile_image_url_https":"https://pbs.twimg.com/profile_images/881697352033067008/WSdtj-o4_normal.jpg","profile_banner_url":"https://pbs.twimg.com/profile_banners/122025185/1499047987","profile_link_color":"990000","profile_sidebar_border_color":"000000","profile_sidebar_fill_color":"F3F3F3","profile_text_color":"333333","profile_use_background_image":false,"has_extended_profile":false,"default_profile":false,"default_profile_image":false,"following":false,"follow_request_sent":false,"notifications":false,"translator_type":"none"},"geo":null,"coordinates":null,"place":null,"contributors":null,"is_quote_status":false,"retweet_count":90,"favorite_count":195,"favorited":false,"retweeted":false,"possibly_sensitive":false,"lang":"ja"},{"created_at":"Tue Jul 04 09:34:31 +0000 2017","id":882170752421646300,"id_str":"882170752421646336","text":"【埼玉県 竜巻注意情報】\n埼玉県は、竜巻などの激しい突風が発生しやすい気象状況になっています。頑丈な建物内に移動するなど安全確保に努めてください。この情報は04日19:40まで有効です。 https://t.co/2M1sBACks5","truncated":false,"entities":{"hashtags":[],"symbols":[],"user_mentions":[],"urls":[],"media":[{"id":882170749380829200,"id_str":"882170749380829184","indices":[94,117],"media_url":"http://pbs.twimg.com/media/DD4Zn2QVoAAWrz3.jpg","media_url_https":"https://pbs.twimg.com/media/DD4Zn2QVoAAWrz3.jpg","url":"https://t.co/2M1sBACks5","display_url":"pic.twitter.com/2M1sBACks5","expanded_url":"https://twitter.com/UN_NERV/status/882170752421646336/photo/1","type":"photo","sizes":{"medium":{"w":1200,"h":675,"resize":"fit"},"large":{"w":1920,"h":1080,"resize":"fit"},"small":{"w":680,"h":383,"resize":"fit"},"thumb":{"w":150,"h":150,"resize":"crop"}}}]},"extended_entities":{"media":[{"id":882170749380829200,"id_str":"882170749380829184","indices":[94,117],"media_url":"http://pbs.twimg.com/media/DD4Zn2QVoAAWrz3.jpg","media_url_https":"https://pbs.twimg.com/media/DD4Zn2QVoAAWrz3.jpg","url":"https://t.co/2M1sBACks5","display_url":"pic.twitter.com/2M1sBACks5","expanded_url":"https://twitter.com/UN_NERV/status/882170752421646336/photo/1","type":"photo","sizes":{"medium":{"w":1200,"h":675,"resize":"fit"},"large":{"w":1920,"h":1080,"resize":"fit"},"small":{"w":680,"h":383,"resize":"fit"},"thumb":{"w":150,"h":150,"resize":"crop"}}}]},"metadata":{"iso_language_code":"ja","result_type":"recent"},"source":"<a href=\"https://unnerv.jp/@UN_NERV\" rel=\"nofollow\">特務機関NERV MAGI</a>","in_reply_to_status_id":null,"in_reply_to_status_id_str":null,"in_reply_to_user_id":null,"in_reply_to_user_id_str":null,"in_reply_to_screen_name":null,"user":{"id":116548789,"id_str":"116548789","name":"特務機関NERV","screen_name":"UN_NERV","location":"第3新東京市","description":"U.N.NERV\r\nネルフです。本アカウントからの返信やRTは行えません。発表のみを行うアカウントとなります。お問い合わせなどは広報アカウント @NERVPR 宛にお願いいたします。ヤシマ作戦公式アカウントです。ヤシマ作戦及び本アカウントはエヴァンゲリオン版権元のご理解とご協力により、公認ですが非公式です。","url":"https://t.co/h4VV1lfQxP","entities":{"url":{"urls":[{"url":"https://t.co/h4VV1lfQxP","expanded_url":"https://unnerv.jp/@UN_NERV","display_url":"unnerv.jp/@UN_NERV","indices":[0,23]}]},"description":{"urls":[]}},"protected":false,"followers_count":424072,"friends_count":101,"listed_count":17076,"created_at":"Mon Feb 22 21:35:21 +0000 2010","favourites_count":1,"utc_offset":32400,"time_zone":"Tokyo","geo_enabled":false,"verified":false,"statuses_count":175233,"lang":"ja","contributors_enabled":false,"is_translator":false,"is_translation_enabled":false,"profile_background_color":"808080","profile_background_image_url":"http://pbs.twimg.com/profile_background_images/77623949/img74d96c6fzik8zj.png","profile_background_image_url_https":"https://pbs.twimg.com/profile_background_images/77623949/img74d96c6fzik8zj.png","profile_background_tile":false,"profile_image_url":"http://pbs.twimg.com/profile_images/1874890040/un_nerv_normal.png","profile_image_url_https":"https://pbs.twimg.com/profile_images/1874890040/un_nerv_normal.png","profile_banner_url":"https://pbs.twimg.com/profile_banners/116548789/1352202156","profile_link_color":"A8A8A8","profile_sidebar_border_color":"C20F0F","profile_sidebar_fill_color":"000000","profile_text_color":"D41515","profile_use_background_image":true,"has_extended_profile":false,"default_profile":false,"default_profile_image":false,"following":false,"follow_request_sent":false,"notifications":false,"translator_type":"none"},"geo":null,"coordinates":null,"place":null,"contributors":null,"is_quote_status":false,"retweet_count":75,"favorite_count":31,"favorited":false,"retweeted":false,"possibly_sensitive":false,"lang":"ja"},{"created_at":"Tue Jul 04 09:33:58 +0000 2017","id":882170613120368600,"id_str":"882170613120368640","text":"( ´-`).｡oO（皆さんの今晩のおつまみ、動画にしときましたからね）\n\n#豚味噌キムチ炒め #スーパードライ https://t.co/QAKFEUcWJi","truncated":false,"entities":{"hashtags":[{"text":"豚味噌キムチ炒め","indices":[38,47]},{"text":"スーパードライ","indices":[48,56]}],"symbols":[],"user_mentions":[],"urls":[],"media":[{"id":882169626737524700,"id_str":"882169626737524736","indices":[57,80],"media_url":"http://pbs.twimg.com/ext_tw_video_thumb/882169626737524736/pu/img/GF7FAO-42hgvQ_3O.jpg","media_url_https":"https://pbs.twimg.com/ext_tw_video_thumb/882169626737524736/pu/img/GF7FAO-42hgvQ_3O.jpg","url":"https://t.co/QAKFEUcWJi","display_url":"pic.twitter.com/QAKFEUcWJi","expanded_url":"https://twitter.com/asahibeer_jp/status/882170613120368640/video/1","type":"photo","sizes":{"large":{"w":960,"h":720,"resize":"fit"},"small":{"w":340,"h":255,"resize":"fit"},"medium":{"w":600,"h":450,"resize":"fit"},"thumb":{"w":150,"h":150,"resize":"crop"}}}]},"extended_entities":{"media":[{"id":882169626737524700,"id_str":"882169626737524736","indices":[57,80],"media_url":"http://pbs.twimg.com/ext_tw_video_thumb/882169626737524736/pu/img/GF7FAO-42hgvQ_3O.jpg","media_url_https":"https://pbs.twimg.com/ext_tw_video_thumb/882169626737524736/pu/img/GF7FAO-42hgvQ_3O.jpg","url":"https://t.co/QAKFEUcWJi","display_url":"pic.twitter.com/QAKFEUcWJi","expanded_url":"https://twitter.com/asahibeer_jp/status/882170613120368640/video/1","type":"video","sizes":{"large":{"w":960,"h":720,"resize":"fit"},"small":{"w":340,"h":255,"resize":"fit"},"medium":{"w":600,"h":450,"resize":"fit"},"thumb":{"w":150,"h":150,"resize":"crop"}},"video_info":{"aspect_ratio":[4,3],"duration_millis":33917,"variants":[{"bitrate":320000,"content_type":"video/mp4","url":"https://video.twimg.com/ext_tw_video/882169626737524736/pu/vid/240x180/jGY4PVWB5XPw8WOV.mp4"},{"bitrate":832000,"content_type":"video/mp4","url":"https://video.twimg.com/ext_tw_video/882169626737524736/pu/vid/480x360/v31xMksMbdDpP_te.mp4"},{"content_type":"application/x-mpegURL","url":"https://video.twimg.com/ext_tw_video/882169626737524736/pu/pl/Rs949Gc2dLpNq3HM.m3u8"},{"bitrate":2176000,"content_type":"video/mp4","url":"https://video.twimg.com/ext_tw_video/882169626737524736/pu/vid/960x720/P7TRx0Du1a3hfxpI.mp4"}]},"additional_media_info":{"monetizable":false}}]},"metadata":{"iso_language_code":"ja","result_type":"recent"},"source":"<a href=\"http://engagemanager.tribalmedia.co.jp/\" rel=\"nofollow\">EngageManager</a>","in_reply_to_status_id":null,"in_reply_to_status_id_str":null,"in_reply_to_user_id":null,"in_reply_to_user_id_str":null,"in_reply_to_screen_name":null,"user":{"id":561669474,"id_str":"561669474","name":"アサヒビール ASAHIBEER","screen_name":"asahibeer_jp","location":"","description":"アサヒビール公式です！飲酒は20歳になってから。飲酒運転は法律で禁止されています。フォローは20歳以上の方限定です。 【ご利用規約】https://t.co/87vTVzXt5G【お問い合わせ】https://t.co/2cgJAsil8T","url":"http://t.co/JKM5mqm9OI","entities":{"url":{"urls":[{"url":"http://t.co/JKM5mqm9OI","expanded_url":"http://www.asahibeer.co.jp/","display_url":"asahibeer.co.jp","indices":[0,22]}]},"description":{"urls":[{"url":"https://t.co/87vTVzXt5G","expanded_url":"https://goo.gl/LxiI3c","display_url":"goo.gl/LxiI3c","indices":[66,89]},{"url":"https://t.co/2cgJAsil8T","expanded_url":"https://goo.gl/aOceCQ","display_url":"goo.gl/aOceCQ","indices":[97,120]}]}},"protected":false,"followers_count":613668,"friends_count":30,"listed_count":1427,"created_at":"Tue Apr 24 00:28:13 +0000 2012","favourites_count":0,"utc_offset":32400,"time_zone":"Tokyo","geo_enabled":false,"verified":true,"statuses_count":543946,"lang":"ja","contributors_enabled":false,"is_translator":false,"is_translation_enabled":false,"profile_background_color":"FFFFFF","profile_background_image_url":"http://pbs.twimg.com/profile_background_images/378800000182351567/6y9isvcT.jpeg","profile_background_image_url_https":"https://pbs.twimg.com/profile_background_images/378800000182351567/6y9isvcT.jpeg","profile_background_tile":false,"profile_image_url":"http://pbs.twimg.com/profile_images/551878698152914944/JwmVmkeK_normal.png","profile_image_url_https":"https://pbs.twimg.com/profile_images/551878698152914944/JwmVmkeK_normal.png","profile_banner_url":"https://pbs.twimg.com/profile_banners/561669474/1496216924","profile_link_color":"0084B4","profile_sidebar_border_color":"FFFFFF","profile_sidebar_fill_color":"DDEEF6","profile_text_color":"333333","profile_use_background_image":true,"has_extended_profile":false,"default_profile":false,"default_profile_image":false,"following":false,"follow_request_sent":false,"notifications":false,"translator_type":"none"},"geo":null,"coordinates":null,"place":null,"contributors":null,"is_quote_status":false,"retweet_count":57,"favorite_count":109,"favorited":false,"retweeted":false,"possibly_sensitive":false,"lang":"ja"},{"created_at":"Tue Jul 04 09:33:51 +0000 2017","id":882170583437287400,"id_str":"882170583437287424","text":"【閲覧注意】心臓の弱い方は絶対に見ないでください！！！【マリオメーカー 実況】\n\nhttps://t.co/7rUfcFwYzY\n\nみて(´；ω；｀)！！！\n\nねぇ(´；ω；｀)！！！\n\nはやく(´；ω；｀)！！！\n\nおもしろいか… https://t.co/nZAjYqu8OD","truncated":true,"entities":{"hashtags":[],"symbols":[],"user_mentions":[],"urls":[{"url":"https://t.co/7rUfcFwYzY","expanded_url":"https://youtu.be/seeEh66mm5k","display_url":"youtu.be/seeEh66mm5k","indices":[41,64]},{"url":"https://t.co/nZAjYqu8OD","expanded_url":"https://twitter.com/i/web/status/882170583437287424","display_url":"twitter.com/i/web/status/8…","indices":[117,140]}]},"metadata":{"iso_language_code":"ja","result_type":"recent"},"source":"<a href=\"http://twitter.com/download/iphone\" rel=\"nofollow\">Twitter for iPhone</a>","in_reply_to_status_id":null,"in_reply_to_status_id_str":null,"in_reply_to_user_id":null,"in_reply_to_user_id_str":null,"in_reply_to_screen_name":null,"user":{"id":3303023652,"id_str":"3303023652","name":"ころん@すとぷり","screen_name":"Colon56Nsab","location":"チャンネル登録者数2.3万人ありがとう✨","description":"サブ垢です。本垢をフォローとふぁぼいつもしてくれる子だけフォロバします。【本垢⇒@colon56n】【すとぷり⇒@StPri_info】ツイキャスサブ⇒【https://t.co/IMjDxjUhoJ】YouTube⇒【https://t.co/spKxmtcYPI】チャンネル登録お願いします|ｮω･`)✨","url":"https://t.co/8Oni8JgenG","entities":{"url":{"urls":[{"url":"https://t.co/8Oni8JgenG","expanded_url":"http://sp.nicovideo.jp/mylist/47483756","display_url":"sp.nicovideo.jp/mylist/47483756","indices":[0,23]}]},"description":{"urls":[{"url":"https://t.co/IMjDxjUhoJ","expanded_url":"https://goo.gl/bNcJ3i","display_url":"goo.gl/bNcJ3i","indices":[77,100]},{"url":"https://t.co/spKxmtcYPI","expanded_url":"https://goo.gl/gilVAz","display_url":"goo.gl/gilVAz","indices":[110,133]}]}},"protected":false,"followers_count":27428,"friends_count":7988,"listed_count":408,"created_at":"Sat Aug 01 05:55:05 +0000 2015","favourites_count":14286,"utc_offset":-25200,"time_zone":"Pacific Time (US & Canada)","geo_enabled":false,"verified":false,"statuses_count":973,"lang":"ja","contributors_enabled":false,"is_translator":false,"is_translation_enabled":false,"profile_background_color":"C0DEED","profile_background_image_url":"http://abs.twimg.com/images/themes/theme1/bg.png","profile_background_image_url_https":"https://abs.twimg.com/images/themes/theme1/bg.png","profile_background_tile":false,"profile_image_url":"http://pbs.twimg.com/profile_images/829320789291843584/fY3aku0H_normal.jpg","profile_image_url_https":"https://pbs.twimg.com/profile_images/829320789291843584/fY3aku0H_normal.jpg","profile_banner_url":"https://pbs.twimg.com/profile_banners/3303023652/1497427268","profile_link_color":"1DA1F2","profile_sidebar_border_color":"C0DEED","profile_sidebar_fill_color":"DDEEF6","profile_text_color":"333333","profile_use_background_image":true,"has_extended_profile":false,"default_profile":true,"default_profile_image":false,"following":false,"follow_request_sent":false,"notifications":false,"translator_type":"none"},"geo":null,"coordinates":null,"place":null,"contributors":null,"is_quote_status":false,"retweet_count":124,"favorite_count":468,"favorited":false,"retweeted":false,"possibly_sensitive":false,"lang":"ja"}],"search_metadata":{"completed_in":0.048,"max_id":882172030287716400,"max_id_str":"882172030287716353","next_results":"?max_id=882170583437287423&q=lang%3Aja%20min_retweets%3A50&include_entities=1","query":"lang%3Aja+min_retweets%3A50","refresh_url":"?since_id=882172030287716353&q=lang%3Aja%20min_retweets%3A50&include_entities=1","count":15,"since_id":0,"since_id_str":"0"}}