{"statuses":[{"created_at":"Thu Jul 06 13:39:58 +0000 2017","id":882957295847481300,"id_str":"882957295847481345","text":"愛だらけでした\n幸せでした。\n\nみなさんありがとうございました😊\n\n#くろステ https://t.co/fVlnXV2SN0","truncated":false,"entities":{"hashtags":[{"text":"くろステ","indices":[34,39]}],"symbols":[],"user_mentions":[],"urls":[],"media":[{"id":882957285114302500,"id_str":"882957285114302464","indices":[40,63],"media_url":"http://pbs.twimg.com/media/DEDk-QMU0AAM4v-.jpg","media_url_https":"https://pbs.twimg.com/media/DEDk-QMU0AAM4v-.jpg","url":"https://t.co/fVlnXV2SN0","display_url":"pic.twitter.com/fVlnXV2SN0","expanded_url":"https://twitter.com/vithmic_mario/status/882957295847481345/photo/1","type":"photo","sizes":{"large":{"w":1478,"h":1108,"resize":"fit"},"medium":{"w":1200,"h":900,"resize":"fit"},"thumb":{"w":150,"h":150,"resize":"crop"},"small":{"w":680,"h":510,"resize":"fit"}}}]},"extended_entities":{"media":[{"id":882957285114302500,"id_str":"882957285114302464","indices":[40,63],"media_url":"http://pbs.twimg.com/media/DEDk-QMU0AAM4v-.jpg","media_url_https":"https://pbs.twimg.com/media/DEDk-QMU0AAM4v-.jpg","url":"https://t.co/fVlnXV2SN0","display_url":"pic.twitter.com/fVlnXV2SN0","expanded_url":"https://twitter.com/vithmic_mario/status/882957295847481345/photo/1","type":"photo","sizes":{"large":{"w":1478,"h":1108,"resize":"fit"},"medium":{"w":1200,"h":900,"resize":"fit"},"thumb":{"w":150,"h":150,"resize":"crop"},"small":{"w":680,"h":510,"resize":"fit"}}},{"id":882957285101719600,"id_str":"882957285101719552","indices":[40,63],"media_url":"http://pbs.twimg.com/media/DEDk-QJU0AA2buP.jpg","media_url_https":"https://pbs.twimg.com/media/DEDk-QJU0AA2buP.jpg","url":"https://t.co/fVlnXV2SN0","display_url":"pic.twitter.com/fVlnXV2SN0","expanded_url":"https://twitter.com/vithmic_mario/status/882957295847481345/photo/1","type":"photo","sizes":{"medium":{"w":900,"h":1200,"resize":"fit"},"thumb":{"w":150,"h":150,"resize":"crop"},"small":{"w":510,"h":680,"resize":"fit"},"large":{"w":1108,"h":1478,"resize":"fit"}}},{"id":882957285110063100,"id_str":"882957285110063105","indices":[40,63],"media_url":"http://pbs.twimg.com/media/DEDk-QLUIAE5KLA.jpg","media_url_https":"https://pbs.twimg.com/media/DEDk-QLUIAE5KLA.jpg","url":"https://t.co/fVlnXV2SN0","display_url":"pic.twitter.com/fVlnXV2SN0","expanded_url":"https://twitter.com/vithmic_mario/status/882957295847481345/photo/1","type":"photo","sizes":{"large":{"w":1108,"h":1478,"resize":"fit"},"medium":{"w":900,"h":1200,"resize":"fit"},"thumb":{"w":150,"h":150,"resize":"crop"},"small":{"w":510,"h":680,"resize":"fit"}}},{"id":882957285118533600,"id_str":"882957285118533632","indices":[40,63],"media_url":"http://pbs.twimg.com/media/DEDk-QNVYAAPgL9.jpg","media_url_https":"https://pbs.twimg.com/media/DEDk-QNVYAAPgL9.jpg","url":"https://t.co/fVlnXV2SN0","display_url":"pic.twitter.com/fVlnXV2SN0","expanded_url":"https://twitter.com/vithmic_mario/status/882957295847481345/photo/1","type":"photo","sizes":{"small":{"w":680,"h":511,"resize":"fit"},"large":{"w":2048,"h":1538,"resize":"fit"},"medium":{"w":1200,"h":901,"resize":"fit"},"thumb":{"w":150,"h":150,"resize":"crop"}}}]},"metadata":{"iso_language_code":"ja","result_type":"recent"},"source":"<a href=\"http://twitter.com/download/iphone\" rel=\"nofollow\">Twitter for iPhone</a>","in_reply_to_status_id":null,"in_reply_to_status_id_str":null,"in_reply_to_user_id":null,"in_reply_to_user_id_str":null,"in_reply_to_screen_name":null,"user":{"id":3227181458,"id_str":"3227181458","name":"黒羽麻璃央","screen_name":"vithmic_mario","location":"仙台→東京","description":"ヴィズミック所属 人間 俳優 左利き AB型 一人っ子 つむじ2個 \n黒羽麻璃央OFFICIAL SITE https://t.co/UWiapXkeO0","url":"https://t.co/UWiapXkeO0","entities":{"url":{"urls":[{"url":"https://t.co/UWiapXkeO0","expanded_url":"https://kuroba-mario.com","display_url":"kuroba-mario.com","indices":[0,23]}]},"description":{"urls":[{"url":"https://t.co/UWiapXkeO0","expanded_url":"https://kuroba-mario.com","display_url":"kuroba-mario.com","indices":[54,77]}]}},"protected":false,"followers_count":94218,"friends_count":302,"listed_count":3806,"created_at":"Tue May 26 14:13:44 +0000 2015","favourites_count":199,"utc_offset":-39600,"time_zone":"Midway Island","geo_enabled":false,"verified":false,"statuses_count":2332,"lang":"ja","contributors_enabled":false,"is_translator":false,"is_translation_enabled":false,"profile_background_color":"C0DEED","profile_background_image_url":"http://abs.twimg.com/images/themes/theme1/bg.png","profile_background_image_url_https":"https://abs.twimg.com/images/themes/theme1/bg.png","profile_background_tile":false,"profile_image_url":"http://pbs.twimg.com/profile_images/870583619676389376/PLRqAFNt_normal.jpg","profile_image_url_https":"https://pbs.twimg.com/profile_images/870583619676389376/PLRqAFNt_normal.jpg","profile_banner_url":"https://pbs.twimg.com/profile_banners/3227181458/1497526938","profile_link_color":"1DA1F2","profile_sidebar_border_color":"C0DEED","profile_sidebar_fill_color":"DDEEF6","profile_text_color":"333333","profile_use_background_image":true,"has_extended_profile":true,"default_profile":true,"default_profile_image":false,"following":false,"follow_request_sent":false,"notifications":false,"translator_type":"none"},"geo":null,"coordinates":null,"place":null,"contributors":null,"is_quote_status":false,"retweet_count":424,"favorite_count":687,"favorited":false,"retweeted":false,"possibly_sensitive":false,"lang":"ja"},{"created_at":"Thu Jul 06 13:38:59 +0000 2017","id":882957049037967400,"id_str":"882957049037967361","text":"つよそうなマウス買った https://t.co/SFnqCk3uG3","truncated":false,"entities":{"hashtags":[],"symbols":[],"user_mentions":[],"urls":[],"media":[{"id":882957038765998100,"id_str":"882957038765998080","indices":[12,35],"media_url":"http://pbs.twimg.com/media/DEDkv6eUAAAL-tS.jpg","media_url_https":"https://pbs.twimg.com/media/DEDkv6eUAAAL-tS.jpg","url":"https://t.co/SFnqCk3uG3","display_url":"pic.twitter.com/SFnqCk3uG3","expanded_url":"https://twitter.com/Nico_nico_Sou/status/882957049037967361/photo/1","type":"photo","sizes":{"medium":{"w":900,"h":1200,"resize":"fit"},"thumb":{"w":150,"h":150,"resize":"crop"},"large":{"w":1536,"h":2048,"resize":"fit"},"small":{"w":510,"h":680,"resize":"fit"}}}]},"extended_entities":{"media":[{"id":882957038765998100,"id_str":"882957038765998080","indices":[12,35],"media_url":"http://pbs.twimg.com/media/DEDkv6eUAAAL-tS.jpg","media_url_https":"https://pbs.twimg.com/media/DEDkv6eUAAAL-tS.jpg","url":"https://t.co/SFnqCk3uG3","display_url":"pic.twitter.com/SFnqCk3uG3","expanded_url":"https://twitter.com/Nico_nico_Sou/status/882957049037967361/photo/1","type":"photo","sizes":{"medium":{"w":900,"h":1200,"resize":"fit"},"thumb":{"w":150,"h":150,"resize":"crop"},"large":{"w":1536,"h":2048,"resize":"fit"},"small":{"w":510,"h":680,"resize":"fit"}}},{"id":882957038770208800,"id_str":"882957038770208768","indices":[12,35],"media_url":"http://pbs.twimg.com/media/DEDkv6fUQAAdiIf.jpg","media_url_https":"https://pbs.twimg.com/media/DEDkv6fUQAAdiIf.jpg","url":"https://t.co/SFnqCk3uG3","display_url":"pic.twitter.com/SFnqCk3uG3","expanded_url":"https://twitter.com/Nico_nico_Sou/status/882957049037967361/photo/1","type":"photo","sizes":{"medium":{"w":900,"h":1200,"resize":"fit"},"thumb":{"w":150,"h":150,"resize":"crop"},"large":{"w":1536,"h":2048,"resize":"fit"},"small":{"w":510,"h":680,"resize":"fit"}}}]},"metadata":{"iso_language_code":"ja","result_type":"recent"},"source":"<a href=\"http://twitter.com/download/iphone\" rel=\"nofollow\">Twitter for iPhone</a>","in_reply_to_status_id":null,"in_reply_to_status_id_str":null,"in_reply_to_user_id":null,"in_reply_to_user_id_str":null,"in_reply_to_screen_name":null,"user":{"id":1689545382,"id_str":"1689545382","name":"Sou","screen_name":"Nico_nico_Sou","location":"爽快の人です ","description":"依頼等はこちらからお願いします→sou_nico_nico@yahoo.co.jp / YouTube：https://t.co/cLctDudGms niconico：https://t.co/tu8dXcg3mA","url":"https://t.co/JIencCCth1","entities":{"url":{"urls":[{"url":"https://t.co/JIencCCth1","expanded_url":"http://Instagram.com/____sou","display_url":"Instagram.com/____sou","indices":[0,23]}]},"description":{"urls":[{"url":"https://t.co/cLctDudGms","expanded_url":"https://www.youtube.com/c/niconicoSou","display_url":"youtube.com/c/niconicoSou","indices":[52,75]},{"url":"https://t.co/tu8dXcg3mA","expanded_url":"http://www.nicovideo.jp/mylist/35381695","display_url":"nicovideo.jp/mylist/35381695","indices":[85,108]}]}},"protected":false,"followers_count":188459,"friends_count":559,"listed_count":2672,"created_at":"Thu Aug 22 00:28:37 +0000 2013","favourites_count":12126,"utc_offset":32400,"time_zone":"Tokyo","geo_enabled":true,"verified":false,"statuses_count":60734,"lang":"ja","contributors_enabled":false,"is_translator":false,"is_translation_enabled":false,"profile_background_color":"C0DEED","profile_background_image_url":"http://pbs.twimg.com/profile_background_images/655070158608732162/0aslHuao.jpg","profile_background_image_url_https":"https://pbs.twimg.com/profile_background_images/655070158608732162/0aslHuao.jpg","profile_background_tile":true,"profile_image_url":"http://pbs.twimg.com/profile_images/868812284281344001/YUZA685V_normal.jpg","profile_image_url_https":"https://pbs.twimg.com/profile_images/868812284281344001/YUZA685V_normal.jpg","profile_banner_url":"https://pbs.twimg.com/profile_banners/1689545382/1461087807","profile_link_color":"0084B4","profile_sidebar_border_color":"000000","profile_sidebar_fill_color":"000000","profile_text_color":"000000","profile_use_background_image":true,"has_extended_profile":true,"default_profile":false,"default_profile_image":false,"following":false,"follow_request_sent":false,"notifications":false,"translator_type":"none"},"geo":null,"coordinates":null,"place":null,"contributors":null,"is_quote_status":false,"retweet_count":56,"favorite_count":786,"favorited":false,"retweeted":false,"possibly_sensitive":false,"lang":"ja"},{"created_at":"Thu Jul 06 13:38:18 +0000 2017","id":882956875481751600,"id_str":"882956875481751553","text":"昨日プチBLEACH会\n\n新納さんとこうへいと https://t.co/285hLcMO0f","truncated":false,"entities":{"hashtags":[],"symbols":[],"user_mentions":[],"urls":[],"media":[{"id":882956855152070700,"id_str":"882956855152070656","indices":[24,47],"media_url":"http://pbs.twimg.com/media/DEDklOdV0AA4_up.jpg","media_url_https":"https://pbs.twimg.com/media/DEDklOdV0AA4_up.jpg","url":"https://t.co/285hLcMO0f","display_url":"pic.twitter.com/285hLcMO0f","expanded_url":"https://twitter.com/kujiraikosuke/status/882956875481751553/photo/1","type":"photo","sizes":{"large":{"w":1476,"h":1110,"resize":"fit"},"thumb":{"w":150,"h":150,"resize":"crop"},"medium":{"w":1200,"h":902,"resize":"fit"},"small":{"w":680,"h":511,"resize":"fit"}}}]},"extended_entities":{"media":[{"id":882956855152070700,"id_str":"882956855152070656","indices":[24,47],"media_url":"http://pbs.twimg.com/media/DEDklOdV0AA4_up.jpg","media_url_https":"https://pbs.twimg.com/media/DEDklOdV0AA4_up.jpg","url":"https://t.co/285hLcMO0f","display_url":"pic.twitter.com/285hLcMO0f","expanded_url":"https://twitter.com/kujiraikosuke/status/882956875481751553/photo/1","type":"photo","sizes":{"large":{"w":1476,"h":1110,"resize":"fit"},"thumb":{"w":150,"h":150,"resize":"crop"},"medium":{"w":1200,"h":902,"resize":"fit"},"small":{"w":680,"h":511,"resize":"fit"}}}]},"metadata":{"iso_language_code":"ja","result_type":"recent"},"source":"<a href=\"http://twitter.com/download/iphone\" rel=\"nofollow\">Twitter for iPhone</a>","in_reply_to_status_id":null,"in_reply_to_status_id_str":null,"in_reply_to_user_id":null,"in_reply_to_user_id_str":null,"in_reply_to_screen_name":null,"user":{"id":962024514,"id_str":"962024514","name":"鯨井康介","screen_name":"kujiraikosuke","location":"","description":"日本で俳優をしています。鯨井康介と申します。","url":null,"entities":{"description":{"urls":[]}},"protected":false,"followers_count":29529,"friends_count":194,"listed_count":1813,"created_at":"Wed Nov 21 08:49:09 +0000 2012","favourites_count":5,"utc_offset":null,"time_zone":null,"geo_enabled":false,"verified":true,"statuses_count":3103,"lang":"ja","contributors_enabled":false,"is_translator":false,"is_translation_enabled":false,"profile_background_color":"C0DEED","profile_background_image_url":"http://abs.twimg.com/images/themes/theme1/bg.png","profile_background_image_url_https":"https://abs.twimg.com/images/themes/theme1/bg.png","profile_background_tile":false,"profile_image_url":"http://pbs.twimg.com/profile_images/842007941817421824/-1XifVsf_normal.jpg","profile_image_url_https":"https://pbs.twimg.com/profile_images/842007941817421824/-1XifVsf_normal.jpg","profile_banner_url":"https://pbs.twimg.com/profile_banners/962024514/1473861716","profile_link_color":"1DA1F2","profile_sidebar_border_color":"C0DEED","profile_sidebar_fill_color":"DDEEF6","profile_text_color":"333333","profile_use_background_image":true,"has_extended_profile":false,"default_profile":true,"default_profile_image":false,"following":false,"follow_request_sent":false,"notifications":false,"translator_type":"none"},"geo":null,"coordinates":null,"place":null,"contributors":null,"is_quote_status":false,"retweet_count":72,"favorite_count":118,"favorited":false,"retweeted":false,"possibly_sensitive":false,"lang":"ja"},{"created_at":"Thu Jul 06 13:37:52 +0000 2017","id":882956765968515100,"id_str":"882956765968515072","text":"オマエら、覚えててくれてサンキュー！\nヤベー、チョー楽しみだぜー！","truncated":false,"entities":{"hashtags":[],"symbols":[],"user_mentions":[],"urls":[]},"metadata":{"iso_language_code":"ja","result_type":"recent"},"source":"<a href=\"http://twipple.jp/\" rel=\"nofollow\">ついっぷる　</a>","in_reply_to_status_id":null,"in_reply_to_status_id_str":null,"in_reply_to_user_id":null,"in_reply_to_user_id_str":null,"in_reply_to_screen_name":null,"user":{"id":1266291012,"id_str":"1266291012","name":"MARGINAL#4★桐原アトム","screen_name":"Atom_mg4","location":"銀河の果て☆☆☆☆","description":"夢はデッケーステージに立つこと！\nオマエら！\n全力拡散RTでもっと盛り上がっていこうぜ！\n他のメンバーもフォローしてやってくれよな！\nアカウントはコチラ⇒Rui_mg4、Eru_mg4、Aru_mg4\n※本アカウントはRejet公式アカウントです。","url":"https://t.co/CeVS7WT2pA","entities":{"url":{"urls":[{"url":"https://t.co/CeVS7WT2pA","expanded_url":"http://marginal4.net/","display_url":"marginal4.net","indices":[0,23]}]},"description":{"urls":[]}},"protected":false,"followers_count":36028,"friends_count":1159,"listed_count":3668,"created_at":"Thu Mar 14 05:58:00 +0000 2013","favourites_count":0,"utc_offset":28800,"time_zone":"Irkutsk","geo_enabled":false,"verified":false,"statuses_count":14952,"lang":"ja","contributors_enabled":false,"is_translator":false,"is_translation_enabled":false,"profile_background_color":"C0DEED","profile_background_image_url":"http://pbs.twimg.com/profile_background_images/826959919/c0eb515389ac85351f7d741fef7b6a15.jpeg","profile_background_image_url_https":"https://pbs.twimg.com/profile_background_images/826959919/c0eb515389ac85351f7d741fef7b6a15.jpeg","profile_background_tile":false,"profile_image_url":"http://pbs.twimg.com/profile_images/848188337382768641/1PKGldye_normal.jpg","profile_image_url_https":"https://pbs.twimg.com/profile_images/848188337382768641/1PKGldye_normal.jpg","profile_banner_url":"https://pbs.twimg.com/profile_banners/1266291012/1364476673","profile_link_color":"B3001E","profile_sidebar_border_color":"FFFFFF","profile_sidebar_fill_color":"DDEEF6","profile_text_color":"333333","profile_use_background_image":true,"has_extended_profile":false,"default_profile":false,"default_profile_image":false,"following":false,"follow_request_sent":false,"notifications":false,"translator_type":"none"},"geo":null,"coordinates":null,"place":null,"contributors":null,"is_quote_status":false,"retweet_count":96,"favorite_count":207,"favorited":false,"retweeted":false,"lang":"ja"},{"created_at":"Thu Jul 06 13:37:41 +0000 2017","id":882956721857019900,"id_str":"882956721857019904","text":"今日、満月でしたね。\n\n綺麗でした…。\n\n#きらめけ吉田 #吉田仁人","truncated":false,"entities":{"hashtags":[{"text":"きらめけ吉田","indices":[21,28]},{"text":"吉田仁人","indices":[29,34]}],"symbols":[],"user_mentions":[],"urls":[]},"metadata":{"iso_language_code":"ja","result_type":"recent"},"source":"<a href=\"http://twitter.com/download/iphone\" rel=\"nofollow\">Twitter for iPhone</a>","in_reply_to_status_id":null,"in_reply_to_status_id_str":null,"in_reply_to_user_id":null,"in_reply_to_user_id_str":null,"in_reply_to_screen_name":null,"user":{"id":797593037417300000,"id_str":"797593037417299968","name":"きらめけ吉田(仮)","screen_name":"kiramekeyoshida","location":"鹿児島県","description":"スターダストプロモーション 芸能3部所属 吉田仁人がきらめくためのツイッターです。","url":null,"entities":{"description":{"urls":[]}},"protected":false,"followers_count":21935,"friends_count":8,"listed_count":68,"created_at":"Sun Nov 13 00:12:53 +0000 2016","favourites_count":0,"utc_offset":null,"time_zone":null,"geo_enabled":false,"verified":false,"statuses_count":323,"lang":"ja","contributors_enabled":false,"is_translator":false,"is_translation_enabled":false,"profile_background_color":"F5F8FA","profile_background_image_url":null,"profile_background_image_url_https":null,"profile_background_tile":false,"profile_image_url":"http://pbs.twimg.com/profile_images/797597375292313601/ngzRzXiS_normal.jpg","profile_image_url_https":"https://pbs.twimg.com/profile_images/797597375292313601/ngzRzXiS_normal.jpg","profile_banner_url":"https://pbs.twimg.com/profile_banners/797593037417299968/1479035265","profile_link_color":"1DA1F2","profile_sidebar_border_color":"C0DEED","profile_sidebar_fill_color":"DDEEF6","profile_text_color":"333333","profile_use_background_image":true,"has_extended_profile":false,"default_profile":true,"default_profile_image":false,"following":false,"follow_request_sent":false,"notifications":false,"translator_type":"none"},"geo":null,"coordinates":null,"place":null,"contributors":null,"is_quote_status":false,"retweet_count":67,"favorite_count":390,"favorited":false,"retweeted":false,"lang":"ja"},{"created_at":"Thu Jul 06 13:37:16 +0000 2017","id":882956614747029500,"id_str":"882956614747029505","text":"こんばんわんこ！ごくろ〜さん。 https://t.co/gZYXcapNBU","truncated":false,"entities":{"hashtags":[],"symbols":[],"user_mentions":[],"urls":[],"media":[{"id":882956587739906000,"id_str":"882956587739906049","indices":[16,39],"media_url":"http://pbs.twimg.com/media/DEDkVqRUAAEpZ0e.jpg","media_url_https":"https://pbs.twimg.com/media/DEDkVqRUAAEpZ0e.jpg","url":"https://t.co/gZYXcapNBU","display_url":"pic.twitter.com/gZYXcapNBU","expanded_url":"https://twitter.com/tt_printemps/status/882956614747029505/photo/1","type":"photo","sizes":{"medium":{"w":1000,"h":800,"resize":"fit"},"small":{"w":680,"h":544,"resize":"fit"},"thumb":{"w":150,"h":150,"resize":"crop"},"large":{"w":1000,"h":800,"resize":"fit"}}}]},"extended_entities":{"media":[{"id":882956587739906000,"id_str":"882956587739906049","indices":[16,39],"media_url":"http://pbs.twimg.com/media/DEDkVqRUAAEpZ0e.jpg","media_url_https":"https://pbs.twimg.com/media/DEDkVqRUAAEpZ0e.jpg","url":"https://t.co/gZYXcapNBU","display_url":"pic.twitter.com/gZYXcapNBU","expanded_url":"https://twitter.com/tt_printemps/status/882956614747029505/photo/1","type":"photo","sizes":{"medium":{"w":1000,"h":800,"resize":"fit"},"small":{"w":680,"h":544,"resize":"fit"},"thumb":{"w":150,"h":150,"resize":"crop"},"large":{"w":1000,"h":800,"resize":"fit"}}}]},"metadata":{"iso_language_code":"ja","result_type":"recent"},"source":"<a href=\"http://twitter.com\" rel=\"nofollow\">Twitter Web Client</a>","in_reply_to_status_id":null,"in_reply_to_status_id_str":null,"in_reply_to_user_id":null,"in_reply_to_user_id_str":null,"in_reply_to_screen_name":null,"user":{"id":750544907287298000,"id_str":"750544907287298048","name":"竹春ᔦꙬᔨ","screen_name":"tt_printemps","location":"｜あんす /  fgo(終章ｸﾘｱ済) / 刀｜","description":"(成人済)🐕🍑ガミくん中心に2年生がアツい","url":"https://t.co/wxsVapt2c0","entities":{"url":{"urls":[{"url":"https://t.co/wxsVapt2c0","expanded_url":"http://tt-printemps.strikingly.com/","display_url":"tt-printemps.strikingly.com","indices":[0,23]}]},"description":{"urls":[]}},"protected":false,"followers_count":13442,"friends_count":243,"listed_count":233,"created_at":"Wed Jul 06 04:20:25 +0000 2016","favourites_count":9288,"utc_offset":null,"time_zone":null,"geo_enabled":false,"verified":false,"statuses_count":11285,"lang":"ja","contributors_enabled":false,"is_translator":false,"is_translation_enabled":false,"profile_background_color":"000000","profile_background_image_url":"http://abs.twimg.com/images/themes/theme1/bg.png","profile_background_image_url_https":"https://abs.twimg.com/images/themes/theme1/bg.png","profile_background_tile":false,"profile_image_url":"http://pbs.twimg.com/profile_images/881933110484520960/RnWc2D7x_normal.jpg","profile_image_url_https":"https://pbs.twimg.com/profile_images/881933110484520960/RnWc2D7x_normal.jpg","profile_banner_url":"https://pbs.twimg.com/profile_banners/750544907287298048/1498989906","profile_link_color":"165E83","profile_sidebar_border_color":"000000","profile_sidebar_fill_color":"000000","profile_text_color":"000000","profile_use_background_image":false,"has_extended_profile":true,"default_profile":false,"default_profile_image":false,"following":false,"follow_request_sent":false,"notifications":false,"translator_type":"none"},"geo":null,"coordinates":null,"place":null,"contributors":null,"is_quote_status":false,"retweet_count":90,"favorite_count":186,"favorited":false,"retweeted":false,"possibly_sensitive":false,"lang":"ja"},{"created_at":"Thu Jul 06 13:37:10 +0000 2017","id":882956591258980400,"id_str":"882956591258980353","text":"【突然の報告】こぶしファクトリーの藤井梨央が途中解約\nhttps://t.co/JEJ8MKRX04\n\n「ハロー！プロジェクトのルールに反する事案が発覚しました」と説明。5月に卒業を発表していたが、異例の途中解約となった。 https://t.co/nVEdhuV0JR","truncated":false,"entities":{"hashtags":[],"symbols":[],"user_mentions":[],"urls":[{"url":"https://t.co/JEJ8MKRX04","expanded_url":"http://news.livedoor.com/article/detail/13301867/","display_url":"news.livedoor.com/article/detail…","indices":[27,50]}],"media":[{"id":882956282835091500,"id_str":"882956282835091458","indices":[112,135],"media_url":"http://pbs.twimg.com/media/DEDkD6aVwAIpExh.jpg","media_url_https":"https://pbs.twimg.com/media/DEDkD6aVwAIpExh.jpg","url":"https://t.co/nVEdhuV0JR","display_url":"pic.twitter.com/nVEdhuV0JR","expanded_url":"https://twitter.com/livedoornews/status/882956591258980353/photo/1","type":"photo","sizes":{"small":{"w":354,"h":500,"resize":"fit"},"medium":{"w":354,"h":500,"resize":"fit"},"thumb":{"w":150,"h":150,"resize":"crop"},"large":{"w":354,"h":500,"resize":"fit"}}}]},"extended_entities":{"media":[{"id":882956282835091500,"id_str":"882956282835091458","indices":[112,135],"media_url":"http://pbs.twimg.com/media/DEDkD6aVwAIpExh.jpg","media_url_https":"https://pbs.twimg.com/media/DEDkD6aVwAIpExh.jpg","url":"https://t.co/nVEdhuV0JR","display_url":"pic.twitter.com/nVEdhuV0JR","expanded_url":"https://twitter.com/livedoornews/status/882956591258980353/photo/1","type":"photo","sizes":{"small":{"w":354,"h":500,"resize":"fit"},"medium":{"w":354,"h":500,"resize":"fit"},"thumb":{"w":150,"h":150,"resize":"crop"},"large":{"w":354,"h":500,"resize":"fit"}}}]},"metadata":{"iso_language_code":"ja","result_type":"recent"},"source":"<a href=\"http://twitter.com\" rel=\"nofollow\">Twitter Web Client</a>","in_reply_to_status_id":null,"in_reply_to_status_id_str":null,"in_reply_to_user_id":null,"in_reply_to_user_id_str":null,"in_reply_to_screen_name":null,"user":{"id":17306975,"id_str":"17306975","name":"ライブドアニュース","screen_name":"livedoornews","location":"","description":"LINE →https://t.co/yhJO0o7Jns／FB → https://t.co/LHTCuyIEjr／インスタ／→https://t.co/SpmVgPtfCG","url":"http://t.co/Q4Bh3OCfgY","entities":{"url":{"urls":[{"url":"http://t.co/Q4Bh3OCfgY","expanded_url":"http://news.livedoor.com/","display_url":"news.livedoor.com","indices":[0,22]}]},"description":{"urls":[{"url":"https://t.co/yhJO0o7Jns","expanded_url":"http://goo.gl/upBgKP","display_url":"goo.gl/upBgKP","indices":[6,29]},{"url":"https://t.co/LHTCuyIEjr","expanded_url":"http://goo.gl/nDULhn","display_url":"goo.gl/nDULhn","indices":[35,58]},{"url":"https://t.co/SpmVgPtfCG","expanded_url":"http://goo.gl/cHGD9G","display_url":"goo.gl/cHGD9G","indices":[65,88]}]}},"protected":false,"followers_count":423017,"friends_count":86,"listed_count":6125,"created_at":"Tue Nov 11 09:56:31 +0000 2008","favourites_count":2607,"utc_offset":32400,"time_zone":"Tokyo","geo_enabled":false,"verified":true,"statuses_count":176169,"lang":"ja","contributors_enabled":false,"is_translator":false,"is_translation_enabled":false,"profile_background_color":"FFFFFF","profile_background_image_url":"http://pbs.twimg.com/profile_background_images/378800000085828060/4b07c1d868c917fb65a3d64a20904cd5.jpeg","profile_background_image_url_https":"https://pbs.twimg.com/profile_background_images/378800000085828060/4b07c1d868c917fb65a3d64a20904cd5.jpeg","profile_background_tile":false,"profile_image_url":"http://pbs.twimg.com/profile_images/875662964988166149/whdJTD2I_normal.jpg","profile_image_url_https":"https://pbs.twimg.com/profile_images/875662964988166149/whdJTD2I_normal.jpg","profile_link_color":"51ADD4","profile_sidebar_border_color":"FFFFFF","profile_sidebar_fill_color":"95E8EC","profile_text_color":"3C3940","profile_use_background_image":true,"has_extended_profile":false,"default_profile":false,"default_profile_image":false,"following":false,"follow_request_sent":false,"notifications":false,"translator_type":"none"},"geo":null,"coordinates":null,"place":null,"contributors":null,"is_quote_status":false,"retweet_count":161,"favorite_count":91,"favorited":false,"retweeted":false,"possibly_sensitive":false,"lang":"ja"},{"created_at":"Thu Jul 06 13:37:03 +0000 2017","id":882956562913939500,"id_str":"882956562913939457","text":"泣いてないから〜\n泣いてないから〜\n(￣▽￣)\n\nhttps://t.co/ht3Q4jYPL5\n\n#フジファン #藤井達也 くん #渋谷の西の魔王を倒そう #ハヤラジ","truncated":false,"entities":{"hashtags":[{"text":"フジファン","indices":[50,56]},{"text":"藤井達也","indices":[57,62]},{"text":"渋谷の西の魔王を倒そう","indices":[66,78]},{"text":"ハヤラジ","indices":[79,84]}],"symbols":[],"user_mentions":[],"urls":[{"url":"https://t.co/ht3Q4jYPL5","expanded_url":"https://youtu.be/qxFZQGv_p3s","display_url":"youtu.be/qxFZQGv_p3s","indices":[25,48]}]},"metadata":{"iso_language_code":"ja","result_type":"recent"},"source":"<a href=\"http://twitter.com/download/iphone\" rel=\"nofollow\">Twitter for iPhone</a>","in_reply_to_status_id":null,"in_reply_to_status_id_str":null,"in_reply_to_user_id":null,"in_reply_to_user_id_str":null,"in_reply_to_screen_name":null,"user":{"id":210435262,"id_str":"210435262","name":"和田颯","screen_name":"Da_iCE_HAYATE","location":"","description":"Da-iCE","url":"https://t.co/GurbsMWWxU","entities":{"url":{"urls":[{"url":"https://t.co/GurbsMWWxU","expanded_url":"https://www.instagram.com/da_ice_hayate_wada/","display_url":"instagram.com/da_ice_hayate_…","indices":[0,23]}]},"description":{"urls":[]}},"protected":false,"followers_count":126461,"friends_count":254,"listed_count":1532,"created_at":"Sun Oct 31 12:38:41 +0000 2010","favourites_count":62,"utc_offset":32400,"time_zone":"Tokyo","geo_enabled":true,"verified":true,"statuses_count":15318,"lang":"ja","contributors_enabled":false,"is_translator":false,"is_translation_enabled":false,"profile_background_color":"352726","profile_background_image_url":"http://pbs.twimg.com/profile_background_images/233152169/michael-jackson-image2.gif","profile_background_image_url_https":"https://pbs.twimg.com/profile_background_images/233152169/michael-jackson-image2.gif","profile_background_tile":false,"profile_image_url":"http://pbs.twimg.com/profile_images/857942625592016896/nGpk7r2w_normal.jpg","profile_image_url_https":"https://pbs.twimg.com/profile_images/857942625592016896/nGpk7r2w_normal.jpg","profile_banner_url":"https://pbs.twimg.com/profile_banners/210435262/1455105273","profile_link_color":"D02B55","profile_sidebar_border_color":"829D5E","profile_sidebar_fill_color":"99CC33","profile_text_color":"3E4415","profile_use_background_image":true,"has_extended_profile":true,"default_profile":false,"default_profile_image":false,"following":false,"follow_request_sent":false,"notifications":false,"translator_type":"none"},"geo":null,"coordinates":null,"place":null,"contributors":null,"is_quote_status":false,"retweet_count":178,"favorite_count":930,"favorited":false,"retweeted":false,"possibly_sensitive":false,"lang":"ja"},{"created_at":"Thu Jul 06 13:37:03 +0000 2017","id":882956561370435600,"id_str":"882956561370435591","text":"田村ゆかりの乙女心♡症候群、これから毎週木曜日、よろしくお願いします！感想メールなどなどいっぱいお待ちしています！あと、タレは必要です。  #乙女モード","truncated":false,"entities":{"hashtags":[{"text":"乙女モード","indices":[70,76]}],"symbols":[],"user_mentions":[],"urls":[]},"metadata":{"iso_language_code":"ja","result_type":"recent"},"source":"<a href=\"http://twitter.com/download/iphone\" rel=\"nofollow\">Twitter for iPhone</a>","in_reply_to_status_id":null,"in_reply_to_status_id_str":null,"in_reply_to_user_id":null,"in_reply_to_user_id_str":null,"in_reply_to_screen_name":null,"user":{"id":130863772,"id_str":"130863772","name":"矢野了平","screen_name":"ryoheisuziri006","location":"東京都新宿区","description":"構成作家です。担当は「高校生クイズ」「ミラクル９」「水曜日のダウンタウン」「得する人損する人」「初耳学」「金の正解銀の正解」「たれ」「乙女心❤️症候群」「地下クイズ王」などなどなど…美味しいモノさえあれば幸せ。","url":null,"entities":{"description":{"urls":[]}},"protected":false,"followers_count":9853,"friends_count":1292,"listed_count":522,"created_at":"Thu Apr 08 15:14:35 +0000 2010","favourites_count":2689,"utc_offset":32400,"time_zone":"Tokyo","geo_enabled":false,"verified":false,"statuses_count":14858,"lang":"ja","contributors_enabled":false,"is_translator":false,"is_translation_enabled":false,"profile_background_color":"C0DEED","profile_background_image_url":"http://abs.twimg.com/images/themes/theme1/bg.png","profile_background_image_url_https":"https://abs.twimg.com/images/themes/theme1/bg.png","profile_background_tile":false,"profile_image_url":"http://pbs.twimg.com/profile_images/378800000068948991/08102ceb55569440bcb0859a695c041b_normal.jpeg","profile_image_url_https":"https://pbs.twimg.com/profile_images/378800000068948991/08102ceb55569440bcb0859a695c041b_normal.jpeg","profile_banner_url":"https://pbs.twimg.com/profile_banners/130863772/1468849520","profile_link_color":"1DA1F2","profile_sidebar_border_color":"C0DEED","profile_sidebar_fill_color":"DDEEF6","profile_text_color":"333333","profile_use_background_image":true,"has_extended_profile":false,"default_profile":true,"default_profile_image":false,"following":false,"follow_request_sent":false,"notifications":false,"translator_type":"none"},"geo":null,"coordinates":null,"place":null,"contributors":null,"is_quote_status":false,"retweet_count":147,"favorite_count":103,"favorited":false,"retweeted":false,"lang":"ja"},{"created_at":"Thu Jul 06 13:37:01 +0000 2017","id":882956554370142200,"id_str":"882956554370142208","text":"昨日の敵は今日の友、、、 https://t.co/qz8Z8hCy4h","truncated":false,"entities":{"hashtags":[],"symbols":[],"user_mentions":[],"urls":[],"media":[{"id":882956545184612400,"id_str":"882956545184612352","indices":[13,36],"media_url":"http://pbs.twimg.com/media/DEDkTLvVwAA_Qzt.jpg","media_url_https":"https://pbs.twimg.com/media/DEDkTLvVwAA_Qzt.jpg","url":"https://t.co/qz8Z8hCy4h","display_url":"pic.twitter.com/qz8Z8hCy4h","expanded_url":"https://twitter.com/Bakazamu_Hekiho/status/882956554370142208/photo/1","type":"photo","sizes":{"thumb":{"w":150,"h":150,"resize":"crop"},"small":{"w":680,"h":510,"resize":"fit"},"medium":{"w":1200,"h":900,"resize":"fit"},"large":{"w":1280,"h":960,"resize":"fit"}}}]},"extended_entities":{"media":[{"id":882956545184612400,"id_str":"882956545184612352","indices":[13,36],"media_url":"http://pbs.twimg.com/media/DEDkTLvVwAA_Qzt.jpg","media_url_https":"https://pbs.twimg.com/media/DEDkTLvVwAA_Qzt.jpg","url":"https://t.co/qz8Z8hCy4h","display_url":"pic.twitter.com/qz8Z8hCy4h","expanded_url":"https://twitter.com/Bakazamu_Hekiho/status/882956554370142208/photo/1","type":"photo","sizes":{"thumb":{"w":150,"h":150,"resize":"crop"},"small":{"w":680,"h":510,"resize":"fit"},"medium":{"w":1200,"h":900,"resize":"fit"},"large":{"w":1280,"h":960,"resize":"fit"}}},{"id":882956545155244000,"id_str":"882956545155244033","indices":[13,36],"media_url":"http://pbs.twimg.com/media/DEDkTLoVoAEqck6.jpg","media_url_https":"https://pbs.twimg.com/media/DEDkTLoVoAEqck6.jpg","url":"https://t.co/qz8Z8hCy4h","display_url":"pic.twitter.com/qz8Z8hCy4h","expanded_url":"https://twitter.com/Bakazamu_Hekiho/status/882956554370142208/photo/1","type":"photo","sizes":{"medium":{"w":1200,"h":900,"resize":"fit"},"large":{"w":1478,"h":1108,"resize":"fit"},"thumb":{"w":150,"h":150,"resize":"crop"},"small":{"w":680,"h":510,"resize":"fit"}}},{"id":882956545150943200,"id_str":"882956545150943233","indices":[13,36],"media_url":"http://pbs.twimg.com/media/DEDkTLnUAAEGDpM.jpg","media_url_https":"https://pbs.twimg.com/media/DEDkTLnUAAEGDpM.jpg","url":"https://t.co/qz8Z8hCy4h","display_url":"pic.twitter.com/qz8Z8hCy4h","expanded_url":"https://twitter.com/Bakazamu_Hekiho/status/882956554370142208/photo/1","type":"photo","sizes":{"thumb":{"w":150,"h":150,"resize":"crop"},"small":{"w":680,"h":510,"resize":"fit"},"medium":{"w":1200,"h":900,"resize":"fit"},"large":{"w":1280,"h":960,"resize":"fit"}}}]},"metadata":{"iso_language_code":"ja","result_type":"recent"},"source":"<a href=\"http://twitter.com/download/iphone\" rel=\"nofollow\">Twitter for iPhone</a>","in_reply_to_status_id":null,"in_reply_to_status_id_str":null,"in_reply_to_user_id":null,"in_reply_to_user_id_str":null,"in_reply_to_screen_name":null,"user":{"id":388145348,"id_str":"388145348","name":"へきほー(へきトラハウス）","screen_name":"Bakazamu_Hekiho","location":"","description":"ニートひきこもり25歳バカ侍へきトラハウス。","url":"https://t.co/oRGykKCybD","entities":{"url":{"urls":[{"url":"https://t.co/oRGykKCybD","expanded_url":"https://www.youtube.com/channel/UCwB_AlxvT3A1uEcI9rA_7hg","display_url":"youtube.com/channel/UCwB_A…","indices":[0,23]}]},"description":{"urls":[]}},"protected":false,"followers_count":186722,"friends_count":219,"listed_count":637,"created_at":"Mon Oct 10 08:16:34 +0000 2011","favourites_count":17160,"utc_offset":32400,"time_zone":"Seoul","geo_enabled":false,"verified":false,"statuses_count":10921,"lang":"ja","contributors_enabled":false,"is_translator":false,"is_translation_enabled":false,"profile_background_color":"C0DEED","profile_background_image_url":"http://pbs.twimg.com/profile_background_images/847932112/44ae325e2c6f93e38bc7b979fd87d773.jpeg","profile_background_image_url_https":"https://pbs.twimg.com/profile_background_images/847932112/44ae325e2c6f93e38bc7b979fd87d773.jpeg","profile_background_tile":true,"profile_image_url":"http://pbs.twimg.com/profile_images/868466406924337152/rmVrNm_S_normal.jpg","profile_image_url_https":"https://pbs.twimg.com/profile_images/868466406924337152/rmVrNm_S_normal.jpg","profile_banner_url":"https://pbs.twimg.com/profile_banners/388145348/1477990288","profile_link_color":"0084B4","profile_sidebar_border_color":"000000","profile_sidebar_fill_color":"DDEEF6","profile_text_color":"333333","profile_use_background_image":true,"has_extended_profile":true,"default_profile":false,"default_profile_image":false,"following":false,"follow_request_sent":false,"notifications":false,"translator_type":"none"},"geo":null,"coordinates":null,"place":null,"contributors":null,"is_quote_status":false,"retweet_count":334,"favorite_count":1603,"favorited":false,"retweeted":false,"possibly_sensitive":false,"lang":"ja"},{"created_at":"Thu Jul 06 13:36:48 +0000 2017","id":882956497721765900,"id_str":"882956497721765888","text":"こぶしファクトリー藤井梨央「ルールに反する事案」で卒業を待たず契約終了へ https://t.co/lvUGJfrLhj","truncated":false,"entities":{"hashtags":[],"symbols":[],"user_mentions":[],"urls":[{"url":"https://t.co/lvUGJfrLhj","expanded_url":"http://natalie.mu/music/news/239789","display_url":"natalie.mu/music/news/239…","indices":[37,60]}]},"metadata":{"iso_language_code":"ja","result_type":"recent"},"source":"<a href=\"http://natalie.mu/music\" rel=\"nofollow\">ナタリー</a>","in_reply_to_status_id":null,"in_reply_to_status_id_str":null,"in_reply_to_user_id":null,"in_reply_to_user_id_str":null,"in_reply_to_screen_name":null,"user":{"id":5649672,"id_str":"5649672","name":"音楽ナタリー","screen_name":"natalie_mu","location":"東京","description":"国内No.1の情報量を誇る音楽ニュースサイト。コミックナタリー（@comic_natalie）、お笑いナタリー（@owarai_natalie）、映画ナタリー（@eiga_natalie）、ステージナタリー（@stage_natalie）、ナタリーストア（@natalie_store）もあわせてどうぞ。","url":"http://t.co/5Y8DX61xfe","entities":{"url":{"urls":[{"url":"http://t.co/5Y8DX61xfe","expanded_url":"http://natalie.mu/music","display_url":"natalie.mu/music","indices":[0,22]}]},"description":{"urls":[]}},"protected":false,"followers_count":1017542,"friends_count":5,"listed_count":22653,"created_at":"Mon Apr 30 11:00:09 +0000 2007","favourites_count":0,"utc_offset":32400,"time_zone":"Tokyo","geo_enabled":false,"verified":true,"statuses_count":121337,"lang":"ja","contributors_enabled":false,"is_translator":false,"is_translation_enabled":true,"profile_background_color":"E4E0D9","profile_background_image_url":"http://pbs.twimg.com/profile_background_images/4244540/music_bg.png","profile_background_image_url_https":"https://pbs.twimg.com/profile_background_images/4244540/music_bg.png","profile_background_tile":false,"profile_image_url":"http://pbs.twimg.com/profile_images/541889848726921216/idvp5jki_normal.png","profile_image_url_https":"https://pbs.twimg.com/profile_images/541889848726921216/idvp5jki_normal.png","profile_banner_url":"https://pbs.twimg.com/profile_banners/5649672/1418031562","profile_link_color":"F980BC","profile_sidebar_border_color":"E4E0D9","profile_sidebar_fill_color":"FFFFFF","profile_text_color":"000000","profile_use_background_image":true,"has_extended_profile":false,"default_profile":false,"default_profile_image":false,"following":false,"follow_request_sent":false,"notifications":false,"translator_type":"none"},"geo":null,"coordinates":null,"place":null,"contributors":null,"is_quote_status":false,"retweet_count":83,"favorite_count":43,"favorited":false,"retweeted":false,"possibly_sensitive":false,"lang":"ja"},{"created_at":"Thu Jul 06 13:36:43 +0000 2017","id":882956479560466400,"id_str":"882956479560466433","text":"20170705 in 舞浜 https://t.co/Js2Gq94gnl","truncated":false,"entities":{"hashtags":[],"symbols":[],"user_mentions":[],"urls":[],"media":[{"id":882956466323210200,"id_str":"882956466323210240","indices":[15,38],"media_url":"http://pbs.twimg.com/media/DEDkOl9UQAAO44K.jpg","media_url_https":"https://pbs.twimg.com/media/DEDkOl9UQAAO44K.jpg","url":"https://t.co/Js2Gq94gnl","display_url":"pic.twitter.com/Js2Gq94gnl","expanded_url":"https://twitter.com/SOMA_TRANSISTOR/status/882956479560466433/photo/1","type":"photo","sizes":{"small":{"w":680,"h":510,"resize":"fit"},"thumb":{"w":150,"h":150,"resize":"crop"},"medium":{"w":1200,"h":900,"resize":"fit"},"large":{"w":2048,"h":1536,"resize":"fit"}}}]},"extended_entities":{"media":[{"id":882956466323210200,"id_str":"882956466323210240","indices":[15,38],"media_url":"http://pbs.twimg.com/media/DEDkOl9UQAAO44K.jpg","media_url_https":"https://pbs.twimg.com/media/DEDkOl9UQAAO44K.jpg","url":"https://t.co/Js2Gq94gnl","display_url":"pic.twitter.com/Js2Gq94gnl","expanded_url":"https://twitter.com/SOMA_TRANSISTOR/status/882956479560466433/photo/1","type":"photo","sizes":{"small":{"w":680,"h":510,"resize":"fit"},"thumb":{"w":150,"h":150,"resize":"crop"},"medium":{"w":1200,"h":900,"resize":"fit"},"large":{"w":2048,"h":1536,"resize":"fit"}}}]},"metadata":{"iso_language_code":"ja","result_type":"recent"},"source":"<a href=\"http://twitter.com/download/iphone\" rel=\"nofollow\">Twitter for iPhone</a>","in_reply_to_status_id":null,"in_reply_to_status_id_str":null,"in_reply_to_user_id":null,"in_reply_to_user_id_str":null,"in_reply_to_screen_name":null,"user":{"id":168454867,"id_str":"168454867","name":"相馬トランジスタ（へきトラハウス）","screen_name":"SOMA_TRANSISTOR","location":"tokyo","description":"Mr.不適切","url":"https://t.co/oyDswSDYW5","entities":{"url":{"urls":[{"url":"https://t.co/oyDswSDYW5","expanded_url":"https://m.youtube.com/user/TNS24ch","display_url":"m.youtube.com/user/TNS24ch","indices":[0,23]}]},"description":{"urls":[]}},"protected":false,"followers_count":244642,"friends_count":288,"listed_count":810,"created_at":"Mon Jul 19 10:58:43 +0000 2010","favourites_count":2848,"utc_offset":28800,"time_zone":"Irkutsk","geo_enabled":false,"verified":false,"statuses_count":19753,"lang":"ja","contributors_enabled":false,"is_translator":false,"is_translation_enabled":false,"profile_background_color":"1FD947","profile_background_image_url":"http://abs.twimg.com/images/themes/theme18/bg.gif","profile_background_image_url_https":"https://abs.twimg.com/images/themes/theme18/bg.gif","profile_background_tile":false,"profile_image_url":"http://pbs.twimg.com/profile_images/875879319481995264/mzaPuXuk_normal.jpg","profile_image_url_https":"https://pbs.twimg.com/profile_images/875879319481995264/mzaPuXuk_normal.jpg","profile_banner_url":"https://pbs.twimg.com/profile_banners/168454867/1497861323","profile_link_color":"038745","profile_sidebar_border_color":"EEEEEE","profile_sidebar_fill_color":"F6F6F6","profile_text_color":"E0B320","profile_use_background_image":true,"has_extended_profile":false,"default_profile":false,"default_profile_image":false,"following":false,"follow_request_sent":false,"notifications":false,"translator_type":"none"},"geo":null,"coordinates":null,"place":null,"contributors":null,"is_quote_status":false,"retweet_count":317,"favorite_count":2002,"favorited":false,"retweeted":false,"possibly_sensitive":false,"lang":"ja"},{"created_at":"Thu Jul 06 13:36:39 +0000 2017","id":882956460115636200,"id_str":"882956460115636225","text":"メリケンガールズ🇺🇸 https://t.co/g1s3lez9X7","truncated":false,"entities":{"hashtags":[],"symbols":[],"user_mentions":[],"urls":[],"media":[{"id":882956445951565800,"id_str":"882956445951565824","indices":[11,34],"media_url":"http://pbs.twimg.com/media/DEDkNaEVoAAed1Z.jpg","media_url_https":"https://pbs.twimg.com/media/DEDkNaEVoAAed1Z.jpg","url":"https://t.co/g1s3lez9X7","display_url":"pic.twitter.com/g1s3lez9X7","expanded_url":"https://twitter.com/kekocha/status/882956460115636225/photo/1","type":"photo","sizes":{"small":{"w":680,"h":510,"resize":"fit"},"thumb":{"w":150,"h":150,"resize":"crop"},"large":{"w":2048,"h":1536,"resize":"fit"},"medium":{"w":1200,"h":900,"resize":"fit"}}}]},"extended_entities":{"media":[{"id":882956445951565800,"id_str":"882956445951565824","indices":[11,34],"media_url":"http://pbs.twimg.com/media/DEDkNaEVoAAed1Z.jpg","media_url_https":"https://pbs.twimg.com/media/DEDkNaEVoAAed1Z.jpg","url":"https://t.co/g1s3lez9X7","display_url":"pic.twitter.com/g1s3lez9X7","expanded_url":"https://twitter.com/kekocha/status/882956460115636225/photo/1","type":"photo","sizes":{"small":{"w":680,"h":510,"resize":"fit"},"thumb":{"w":150,"h":150,"resize":"crop"},"large":{"w":2048,"h":1536,"resize":"fit"},"medium":{"w":1200,"h":900,"resize":"fit"}}}]},"metadata":{"iso_language_code":"ja","result_type":"recent"},"source":"<a href=\"http://twitter.com/download/iphone\" rel=\"nofollow\">Twitter for iPhone</a>","in_reply_to_status_id":null,"in_reply_to_status_id_str":null,"in_reply_to_user_id":null,"in_reply_to_user_id_str":null,"in_reply_to_screen_name":null,"user":{"id":82314734,"id_str":"82314734","name":"けこちゃ/日曜A-87b","screen_name":"kekocha","location":"舞浜と茨城","description":"エロ漫画描いて生活してるディズニーオタのTDR共通年パ持ち。CHIBIKKO KINGDOMという同人サークルやったり商業活動もさせてもらってます。よく男だと勘違いされますが、女です。リプ返信はかなり気まぐれです～。とらhttps://t.co/xs38dr0bly メロンhttps://t.co/C356sAbICr","url":"https://t.co/1pHfsVHEUa","entities":{"url":{"urls":[{"url":"https://t.co/1pHfsVHEUa","expanded_url":"http://chibikko-kingdom.com/","display_url":"chibikko-kingdom.com","indices":[0,23]}]},"description":{"urls":[{"url":"https://t.co/xs38dr0bly","expanded_url":"http://goo.gl/PVaR58","display_url":"goo.gl/PVaR58","indices":[110,133]},{"url":"https://t.co/C356sAbICr","expanded_url":"https://goo.gl/lWKbQS","display_url":"goo.gl/lWKbQS","indices":[137,160]}]}},"protected":false,"followers_count":77132,"friends_count":946,"listed_count":1871,"created_at":"Wed Oct 14 08:57:00 +0000 2009","favourites_count":85,"utc_offset":32400,"time_zone":"Tokyo","geo_enabled":false,"verified":false,"statuses_count":8238,"lang":"ja","contributors_enabled":false,"is_translator":false,"is_translation_enabled":false,"profile_background_color":"0099B9","profile_background_image_url":"http://abs.twimg.com/images/themes/theme4/bg.gif","profile_background_image_url_https":"https://abs.twimg.com/images/themes/theme4/bg.gif","profile_background_tile":false,"profile_image_url":"http://pbs.twimg.com/profile_images/549225430813646848/51NyOB1F_normal.png","profile_image_url_https":"https://pbs.twimg.com/profile_images/549225430813646848/51NyOB1F_normal.png","profile_banner_url":"https://pbs.twimg.com/profile_banners/82314734/1452642316","profile_link_color":"0099B9","profile_sidebar_border_color":"000000","profile_sidebar_fill_color":"000000","profile_text_color":"000000","profile_use_background_image":true,"has_extended_profile":true,"default_profile":false,"default_profile_image":false,"following":false,"follow_request_sent":false,"notifications":false,"translator_type":"regular"},"geo":null,"coordinates":null,"place":null,"contributors":null,"is_quote_status":false,"retweet_count":61,"favorite_count":148,"favorited":false,"retweeted":false,"possibly_sensitive":false,"lang":"ja"},{"created_at":"Thu Jul 06 13:36:37 +0000 2017","id":882956451672596500,"id_str":"882956451672596480","text":"放送でも話しましたが、\n名前の後ろのわんわん王国をとって、🐶の絵文字をつけてくれると嬉しい！\nよろしく頼むぜ！！\n\nわんわんわんわん🐶🐶🐶","truncated":false,"entities":{"hashtags":[],"symbols":[],"user_mentions":[],"urls":[]},"metadata":{"iso_language_code":"ja","result_type":"recent"},"source":"<a href=\"http://twitter.com\" rel=\"nofollow\">Twitter Web Client</a>","in_reply_to_status_id":null,"in_reply_to_status_id_str":null,"in_reply_to_user_id":null,"in_reply_to_user_id_str":null,"in_reply_to_screen_name":null,"user":{"id":717362728512294900,"id_str":"717362728512294912","name":"りいぬ王子 in 王宮🐶","screen_name":"rinu_sub","location":"君のとなり","description":"カリスマレジェンド     本垢⇒【 @rinu_nico  】","url":"https://t.co/5EOy5q63vf","entities":{"url":{"urls":[{"url":"https://t.co/5EOy5q63vf","expanded_url":"http://nicovideo.jp/mylist/53510918","display_url":"nicovideo.jp/mylist/53510918","indices":[0,23]}]},"description":{"urls":[]}},"protected":false,"followers_count":22512,"friends_count":1341,"listed_count":403,"created_at":"Tue Apr 05 14:46:17 +0000 2016","favourites_count":57758,"utc_offset":null,"time_zone":null,"geo_enabled":false,"verified":false,"statuses_count":6894,"lang":"ja","contributors_enabled":false,"is_translator":false,"is_translation_enabled":false,"profile_background_color":"000000","profile_background_image_url":"http://abs.twimg.com/images/themes/theme1/bg.png","profile_background_image_url_https":"https://abs.twimg.com/images/themes/theme1/bg.png","profile_background_tile":false,"profile_image_url":"http://pbs.twimg.com/profile_images/877458545238622209/qnMFEGy9_normal.jpg","profile_image_url_https":"https://pbs.twimg.com/profile_images/877458545238622209/qnMFEGy9_normal.jpg","profile_banner_url":"https://pbs.twimg.com/profile_banners/717362728512294912/1498982551","profile_link_color":"FA5F5F","profile_sidebar_border_color":"000000","profile_sidebar_fill_color":"000000","profile_text_color":"000000","profile_use_background_image":false,"has_extended_profile":false,"default_profile":false,"default_profile_image":false,"following":false,"follow_request_sent":false,"notifications":false,"translator_type":"none"},"geo":null,"coordinates":null,"place":null,"contributors":null,"is_quote_status":false,"retweet_count":110,"favorite_count":620,"favorited":false,"retweeted":false,"lang":"ja"},{"created_at":"Thu Jul 06 13:36:23 +0000 2017","id":882956392612601900,"id_str":"882956392612601856","text":"人間の持つ二面性を表してるみたいで、この写真達お気に入りです。\n裏の顔まで写し出すとは写殺恐るべし。。。笑📷🕶\n\nPhoto @cazrowAoki https://t.co/gdZhOrWdSo","truncated":false,"entities":{"hashtags":[],"symbols":[],"user_mentions":[{"screen_name":"cazrowAoki","name":"青木カズロー","id":126036708,"id_str":"126036708","indices":[63,74]}],"urls":[],"media":[{"id":882956384332988400,"id_str":"882956384332988416","indices":[75,98],"media_url":"http://pbs.twimg.com/media/DEDkJ0hUwAA5jkx.jpg","media_url_https":"https://pbs.twimg.com/media/DEDkJ0hUwAA5jkx.jpg","url":"https://t.co/gdZhOrWdSo","display_url":"pic.twitter.com/gdZhOrWdSo","expanded_url":"https://twitter.com/KazuCrossfaith/status/882956392612601856/photo/1","type":"photo","sizes":{"thumb":{"w":150,"h":150,"resize":"crop"},"medium":{"w":800,"h":1200,"resize":"fit"},"small":{"w":453,"h":680,"resize":"fit"},"large":{"w":800,"h":1200,"resize":"fit"}}}]},"extended_entities":{"media":[{"id":882956384332988400,"id_str":"882956384332988416","indices":[75,98],"media_url":"http://pbs.twimg.com/media/DEDkJ0hUwAA5jkx.jpg","media_url_https":"https://pbs.twimg.com/media/DEDkJ0hUwAA5jkx.jpg","url":"https://t.co/gdZhOrWdSo","display_url":"pic.twitter.com/gdZhOrWdSo","expanded_url":"https://twitter.com/KazuCrossfaith/status/882956392612601856/photo/1","type":"photo","sizes":{"thumb":{"w":150,"h":150,"resize":"crop"},"medium":{"w":800,"h":1200,"resize":"fit"},"small":{"w":453,"h":680,"resize":"fit"},"large":{"w":800,"h":1200,"resize":"fit"}}},{"id":882956383959765000,"id_str":"882956383959764992","indices":[75,98],"media_url":"http://pbs.twimg.com/media/DEDkJzIV0AAG1WK.jpg","media_url_https":"https://pbs.twimg.com/media/DEDkJzIV0AAG1WK.jpg","url":"https://t.co/gdZhOrWdSo","display_url":"pic.twitter.com/gdZhOrWdSo","expanded_url":"https://twitter.com/KazuCrossfaith/status/882956392612601856/photo/1","type":"photo","sizes":{"small":{"w":453,"h":680,"resize":"fit"},"thumb":{"w":150,"h":150,"resize":"crop"},"medium":{"w":800,"h":1200,"resize":"fit"},"large":{"w":800,"h":1200,"resize":"fit"}}}]},"metadata":{"iso_language_code":"ja","result_type":"recent"},"source":"<a href=\"http://twitter.com/download/iphone\" rel=\"nofollow\">Twitter for iPhone</a>","in_reply_to_status_id":null,"in_reply_to_status_id_str":null,"in_reply_to_user_id":null,"in_reply_to_user_id_str":null,"in_reply_to_screen_name":null,"user":{"id":564116625,"id_str":"564116625","name":"Kazuki Takemura","screen_name":"KazuCrossfaith","location":"Osaka, Japan","description":"Playing guitar and create music for @CrossfaithJapan Sweedish!","url":"https://t.co/MTpwBeVKIf","entities":{"url":{"urls":[{"url":"https://t.co/MTpwBeVKIf","expanded_url":"http://www.crossfaith.jp","display_url":"crossfaith.jp","indices":[0,23]}]},"description":{"urls":[]}},"protected":false,"followers_count":29748,"friends_count":108,"listed_count":397,"created_at":"Thu Apr 26 20:58:07 +0000 2012","favourites_count":0,"utc_offset":null,"time_zone":null,"geo_enabled":false,"verified":true,"statuses_count":545,"lang":"ja","contributors_enabled":false,"is_translator":false,"is_translation_enabled":false,"profile_background_color":"C0DEED","profile_background_image_url":"http://abs.twimg.com/images/themes/theme1/bg.png","profile_background_image_url_https":"https://abs.twimg.com/images/themes/theme1/bg.png","profile_background_tile":false,"profile_image_url":"http://pbs.twimg.com/profile_images/738264965987991552/X-8vsVkD_normal.jpg","profile_image_url_https":"https://pbs.twimg.com/profile_images/738264965987991552/X-8vsVkD_normal.jpg","profile_banner_url":"https://pbs.twimg.com/profile_banners/564116625/1498960640","profile_link_color":"1DA1F2","profile_sidebar_border_color":"C0DEED","profile_sidebar_fill_color":"DDEEF6","profile_text_color":"333333","profile_use_background_image":true,"has_extended_profile":true,"default_profile":true,"default_profile_image":false,"following":false,"follow_request_sent":false,"notifications":false,"translator_type":"none"},"geo":null,"coordinates":null,"place":null,"contributors":null,"is_quote_status":false,"retweet_count":71,"favorite_count":234,"favorited":false,"retweeted":false,"possibly_sensitive":false,"lang":"ja"}],"search_metadata":{"completed_in":0.066,"max_id":882957295847481300,"max_id_str":"882957295847481345","next_results":"?max_id=882956392612601855&q=lang%3Aja%20min_retweets%3A50&include_entities=1","query":"lang%3Aja+min_retweets%3A50","refresh_url":"?since_id=882957295847481345&q=lang%3Aja%20min_retweets%3A50&include_entities=1","count":15,"since_id":0,"since_id_str":"0"}}