{"statuses":[{"created_at":"Sat Jul 08 15:39:27 +0000 2017","id":883712140229488600,"id_str":"883712140229488641","text":"#活撃刀剣乱舞\n\nはい！","truncated":false,"entities":{"hashtags":[{"text":"活撃刀剣乱舞","indices":[0,7]}],"symbols":[],"user_mentions":[],"urls":[]},"metadata":{"iso_language_code":"ja","result_type":"recent"},"source":"<a href=\"http://twitter.com/download/android\" rel=\"nofollow\">Twitter for Android</a>","in_reply_to_status_id":null,"in_reply_to_status_id_str":null,"in_reply_to_user_id":null,"in_reply_to_user_id_str":null,"in_reply_to_screen_name":null,"user":{"id":2252301019,"id_str":"2252301019","name":"濱健人","screen_name":"020762Kent","location":"","description":"賢プロダクション所属の声優です。声が大きいとよく言われます。\n生粋のハイボール好き。焼き鳥と合わせたい。\n誤字多めです、すみません。","url":null,"entities":{"description":{"urls":[]}},"protected":false,"followers_count":27342,"friends_count":165,"listed_count":2385,"created_at":"Wed Dec 18 17:19:47 +0000 2013","favourites_count":42,"utc_offset":null,"time_zone":null,"geo_enabled":false,"verified":false,"statuses_count":3109,"lang":"ja","contributors_enabled":false,"is_translator":false,"is_translation_enabled":false,"profile_background_color":"C0DEED","profile_background_image_url":"http://abs.twimg.com/images/themes/theme1/bg.png","profile_background_image_url_https":"https://abs.twimg.com/images/themes/theme1/bg.png","profile_background_tile":false,"profile_image_url":"http://pbs.twimg.com/profile_images/843050226550165509/iFN9ShxH_normal.jpg","profile_image_url_https":"https://pbs.twimg.com/profile_images/843050226550165509/iFN9ShxH_normal.jpg","profile_link_color":"1DA1F2","profile_sidebar_border_color":"C0DEED","profile_sidebar_fill_color":"DDEEF6","profile_text_color":"333333","profile_use_background_image":true,"has_extended_profile":true,"default_profile":true,"default_profile_image":false,"following":false,"follow_request_sent":false,"notifications":false,"translator_type":"none"},"geo":null,"coordinates":null,"place":null,"contributors":null,"is_quote_status":false,"retweet_count":71,"favorite_count":111,"favorited":false,"retweeted":false,"lang":"ja"},{"created_at":"Sat Jul 08 15:38:20 +0000 2017","id":883711859622256600,"id_str":"883711859622256640","text":"ついにFate/Apocrypha EDテーマ曲\nGARNiDELiAさんで『Désir』が\n流れましたね！！\n映像がジャンヌとか最高すぎました!!\nホントこんな素敵なアーティストさんに\n歌ってもらえて嬉しいですね！！… https://t.co/BNimUMwhWz","truncated":true,"entities":{"hashtags":[],"symbols":[],"user_mentions":[],"urls":[{"url":"https://t.co/BNimUMwhWz","expanded_url":"https://twitter.com/i/web/status/883711859622256640","display_url":"twitter.com/i/web/status/8…","indices":[111,134]}]},"metadata":{"iso_language_code":"ja","result_type":"recent"},"source":"<a href=\"http://twitter.com/download/iphone\" rel=\"nofollow\">Twitter for iPhone</a>","in_reply_to_status_id":null,"in_reply_to_status_id_str":null,"in_reply_to_user_id":null,"in_reply_to_user_id_str":null,"in_reply_to_screen_name":null,"user":{"id":734159173189935100,"id_str":"734159173189935106","name":"☆night☆","screen_name":"ninestar69","location":"アニメ聖地が多数ある何も無い所 ","description":"『エミリア専属騎士団 団長』『 紗霧FanClub No.1 』下のURLに活動内容と視聴アニメが記載されてますっ アイコンは@yrk2015さんに作ってもらいました！！！戦友『@yuta0201Ky』1番弟子 『@Yuuki10210223』","url":"https://t.co/TWGdSs4JRT","entities":{"url":{"urls":[{"url":"https://t.co/TWGdSs4JRT","expanded_url":"http://twpf.jp/ninestar69","display_url":"twpf.jp/ninestar69","indices":[0,23]}]},"description":{"urls":[]}},"protected":false,"followers_count":46905,"friends_count":37407,"listed_count":132,"created_at":"Sat May 21 23:09:21 +0000 2016","favourites_count":54417,"utc_offset":null,"time_zone":null,"geo_enabled":false,"verified":false,"statuses_count":65797,"lang":"ja","contributors_enabled":false,"is_translator":false,"is_translation_enabled":false,"profile_background_color":"F5F8FA","profile_background_image_url":null,"profile_background_image_url_https":null,"profile_background_tile":false,"profile_image_url":"http://pbs.twimg.com/profile_images/840765828572168192/cQS1R9jt_normal.jpg","profile_image_url_https":"https://pbs.twimg.com/profile_images/840765828572168192/cQS1R9jt_normal.jpg","profile_banner_url":"https://pbs.twimg.com/profile_banners/734159173189935106/1498648097","profile_link_color":"1DA1F2","profile_sidebar_border_color":"C0DEED","profile_sidebar_fill_color":"DDEEF6","profile_text_color":"333333","profile_use_background_image":true,"has_extended_profile":true,"default_profile":true,"default_profile_image":false,"following":false,"follow_request_sent":false,"notifications":false,"translator_type":"none"},"geo":null,"coordinates":null,"place":null,"contributors":null,"is_quote_status":false,"retweet_count":110,"favorite_count":118,"favorited":false,"retweeted":false,"possibly_sensitive":false,"lang":"ja"},{"created_at":"Sat Jul 08 15:38:19 +0000 2017","id":883711855499268100,"id_str":"883711855499268096","text":"#活撃刀剣乱舞\n\nむっちゃんかっけえ…","truncated":false,"entities":{"hashtags":[{"text":"活撃刀剣乱舞","indices":[0,7]}],"symbols":[],"user_mentions":[],"urls":[]},"metadata":{"iso_language_code":"ja","result_type":"recent"},"source":"<a href=\"http://twitter.com/download/android\" rel=\"nofollow\">Twitter for Android</a>","in_reply_to_status_id":null,"in_reply_to_status_id_str":null,"in_reply_to_user_id":null,"in_reply_to_user_id_str":null,"in_reply_to_screen_name":null,"user":{"id":2252301019,"id_str":"2252301019","name":"濱健人","screen_name":"020762Kent","location":"","description":"賢プロダクション所属の声優です。声が大きいとよく言われます。\n生粋のハイボール好き。焼き鳥と合わせたい。\n誤字多めです、すみません。","url":null,"entities":{"description":{"urls":[]}},"protected":false,"followers_count":27342,"friends_count":165,"listed_count":2385,"created_at":"Wed Dec 18 17:19:47 +0000 2013","favourites_count":42,"utc_offset":null,"time_zone":null,"geo_enabled":false,"verified":false,"statuses_count":3109,"lang":"ja","contributors_enabled":false,"is_translator":false,"is_translation_enabled":false,"profile_background_color":"C0DEED","profile_background_image_url":"http://abs.twimg.com/images/themes/theme1/bg.png","profile_background_image_url_https":"https://abs.twimg.com/images/themes/theme1/bg.png","profile_background_tile":false,"profile_image_url":"http://pbs.twimg.com/profile_images/843050226550165509/iFN9ShxH_normal.jpg","profile_image_url_https":"https://pbs.twimg.com/profile_images/843050226550165509/iFN9ShxH_normal.jpg","profile_link_color":"1DA1F2","profile_sidebar_border_color":"C0DEED","profile_sidebar_fill_color":"DDEEF6","profile_text_color":"333333","profile_use_background_image":true,"has_extended_profile":true,"default_profile":true,"default_profile_image":false,"following":false,"follow_request_sent":false,"notifications":false,"translator_type":"none"},"geo":null,"coordinates":null,"place":null,"contributors":null,"is_quote_status":false,"retweet_count":213,"favorite_count":257,"favorited":false,"retweeted":false,"lang":"ja"},{"created_at":"Sat Jul 08 15:38:07 +0000 2017","id":883711806027440100,"id_str":"883711806027440128","text":"獅子劫さんがネクロマンサーっぽくない？ 彼の主武装は銃や爆弾ではあるが弾丸なんかは死体から加工してるのでそこに死霊魔術の要素があるのだ。2話のホムンクルスとの戦いはネクロマンサーの中でも極めつけに凶悪で悪趣味な加工品のお披露目シーンである。","truncated":false,"entities":{"hashtags":[],"symbols":[],"user_mentions":[],"urls":[]},"metadata":{"iso_language_code":"ja","result_type":"recent"},"source":"<a href=\"http://twitter.com\" rel=\"nofollow\">Twitter Web Client</a>","in_reply_to_status_id":null,"in_reply_to_status_id_str":null,"in_reply_to_user_id":null,"in_reply_to_user_id_str":null,"in_reply_to_screen_name":null,"user":{"id":194919736,"id_str":"194919736","name":"めれむ でもにっしょん管理人","screen_name":"Merem110","location":"","description":"型月を取り扱うブログ『でもにっしょん』の管理人。  自他共に認めるTYPE-MOONのファン。他にも色々なジャンルで遊んでいます。社会の荒波に揉まれつつも日々を楽しんで生きる、そんな男児に私はなりたい。  気軽にフォローしてやってください。","url":"https://t.co/F2YmNkjriR","entities":{"url":{"urls":[{"url":"https://t.co/F2YmNkjriR","expanded_url":"http://demonition.com/","display_url":"demonition.com","indices":[0,23]}]},"description":{"urls":[]}},"protected":false,"followers_count":20009,"friends_count":982,"listed_count":338,"created_at":"Sat Sep 25 09:39:19 +0000 2010","favourites_count":908,"utc_offset":28800,"time_zone":"Irkutsk","geo_enabled":false,"verified":false,"statuses_count":25535,"lang":"ja","contributors_enabled":false,"is_translator":false,"is_translation_enabled":false,"profile_background_color":"C0DEED","profile_background_image_url":"http://pbs.twimg.com/profile_background_images/378800000084140817/251f28a1230c3600c336758716a90f7f.jpeg","profile_background_image_url_https":"https://pbs.twimg.com/profile_background_images/378800000084140817/251f28a1230c3600c336758716a90f7f.jpeg","profile_background_tile":false,"profile_image_url":"http://pbs.twimg.com/profile_images/879498190055120896/i9y9T_ii_normal.jpg","profile_image_url_https":"https://pbs.twimg.com/profile_images/879498190055120896/i9y9T_ii_normal.jpg","profile_banner_url":"https://pbs.twimg.com/profile_banners/194919736/1458414896","profile_link_color":"0084B4","profile_sidebar_border_color":"000000","profile_sidebar_fill_color":"DDEEF6","profile_text_color":"333333","profile_use_background_image":true,"has_extended_profile":false,"default_profile":false,"default_profile_image":false,"following":false,"follow_request_sent":false,"notifications":false,"translator_type":"none"},"geo":null,"coordinates":null,"place":null,"contributors":null,"is_quote_status":false,"retweet_count":81,"favorite_count":56,"favorited":false,"retweeted":false,"lang":"ja"},{"created_at":"Sat Jul 08 15:37:56 +0000 2017","id":883711757570592800,"id_str":"883711757570592768","text":"#AKB48SHOW  見てくださった方\nありがとうございました\n\n自分勝手に戻ってきた私の事を受け入れてくれて支えてくださる全ての皆さんに\n本当に感謝の気持ちでいっぱいです\n\n私は戻ってきたこと1度も後悔した事ありません。\nこれ… https://t.co/4XzgprTRIj","truncated":true,"entities":{"hashtags":[{"text":"AKB48SHOW","indices":[0,10]}],"symbols":[],"user_mentions":[],"urls":[{"url":"https://t.co/4XzgprTRIj","expanded_url":"https://twitter.com/i/web/status/883711757570592768","display_url":"twitter.com/i/web/status/8…","indices":[117,140]}]},"metadata":{"iso_language_code":"ja","result_type":"recent"},"source":"<a href=\"http://twitter.com/download/iphone\" rel=\"nofollow\">Twitter for iPhone</a>","in_reply_to_status_id":null,"in_reply_to_status_id_str":null,"in_reply_to_user_id":null,"in_reply_to_user_id_str":null,"in_reply_to_screen_name":null,"user":{"id":3801117253,"id_str":"3801117253","name":"城 恵理子","screen_name":"erikonnitiwa11","location":"","description":"城（じょう）恵理子 #TORACO 研究生 / KTV→ #NMBとまなぶくん 毎週木曜日0時25分〜 /ラジオ関西→ #ジョーとダレカのガールズトーク 毎週日曜日17時30〜17時50分 / FM OH!851→よしもとラジオ高校 #らじこー 毎週水曜日 藤崎マーケットさん＆NMB48担任","url":null,"entities":{"description":{"urls":[]}},"protected":false,"followers_count":53440,"friends_count":138,"listed_count":1305,"created_at":"Tue Oct 06 07:59:56 +0000 2015","favourites_count":234,"utc_offset":null,"time_zone":null,"geo_enabled":false,"verified":true,"statuses_count":2618,"lang":"ja","contributors_enabled":false,"is_translator":false,"is_translation_enabled":false,"profile_background_color":"C0DEED","profile_background_image_url":"http://abs.twimg.com/images/themes/theme1/bg.png","profile_background_image_url_https":"https://abs.twimg.com/images/themes/theme1/bg.png","profile_background_tile":false,"profile_image_url":"http://pbs.twimg.com/profile_images/881103696217505793/BEq_MyUQ_normal.jpg","profile_image_url_https":"https://pbs.twimg.com/profile_images/881103696217505793/BEq_MyUQ_normal.jpg","profile_banner_url":"https://pbs.twimg.com/profile_banners/3801117253/1499185987","profile_link_color":"1DA1F2","profile_sidebar_border_color":"C0DEED","profile_sidebar_fill_color":"DDEEF6","profile_text_color":"333333","profile_use_background_image":true,"has_extended_profile":true,"default_profile":true,"default_profile_image":false,"following":false,"follow_request_sent":false,"notifications":false,"translator_type":"none"},"geo":null,"coordinates":null,"place":null,"contributors":null,"is_quote_status":false,"retweet_count":54,"favorite_count":205,"favorited":false,"retweeted":false,"possibly_sensitive":false,"lang":"ja"},{"created_at":"Sat Jul 08 15:37:40 +0000 2017","id":883711692152029200,"id_str":"883711692152029184","text":"アカウント間違えたとか言えない","truncated":false,"entities":{"hashtags":[],"symbols":[],"user_mentions":[],"urls":[]},"metadata":{"iso_language_code":"ja","result_type":"recent"},"source":"<a href=\"http://twitter.com/download/iphone\" rel=\"nofollow\">Twitter for iPhone</a>","in_reply_to_status_id":null,"in_reply_to_status_id_str":null,"in_reply_to_user_id":null,"in_reply_to_user_id_str":null,"in_reply_to_screen_name":null,"user":{"id":881745531252363300,"id_str":"881745531252363264","name":"5%の確率で川に落ちるボーちゃん","screen_name":"5_bo_chan","location":"bio参照","description":"不快なことつぶやく ５%(とは言っていない)","url":null,"entities":{"description":{"urls":[]}},"protected":false,"followers_count":14078,"friends_count":0,"listed_count":27,"created_at":"Mon Jul 03 05:24:51 +0000 2017","favourites_count":0,"utc_offset":null,"time_zone":null,"geo_enabled":false,"verified":false,"statuses_count":85,"lang":"ja","contributors_enabled":false,"is_translator":false,"is_translation_enabled":false,"profile_background_color":"F5F8FA","profile_background_image_url":null,"profile_background_image_url_https":null,"profile_background_tile":false,"profile_image_url":"http://pbs.twimg.com/profile_images/881745968713973764/kTQyNP3G_normal.jpg","profile_image_url_https":"https://pbs.twimg.com/profile_images/881745968713973764/kTQyNP3G_normal.jpg","profile_banner_url":"https://pbs.twimg.com/profile_banners/881745531252363264/1499059601","profile_link_color":"1DA1F2","profile_sidebar_border_color":"C0DEED","profile_sidebar_fill_color":"DDEEF6","profile_text_color":"333333","profile_use_background_image":true,"has_extended_profile":false,"default_profile":true,"default_profile_image":false,"following":false,"follow_request_sent":false,"notifications":false,"translator_type":"none"},"geo":null,"coordinates":null,"place":null,"contributors":null,"is_quote_status":false,"retweet_count":75,"favorite_count":113,"favorited":false,"retweeted":false,"lang":"ja"},{"created_at":"Sat Jul 08 15:37:33 +0000 2017","id":883711662770995200,"id_str":"883711662770995201","text":"【公式サイト更新】\n6/30開催の先行上映イベントで配布された\n「Apocrypha Report vol.3」をアーカイブ公開しました。\nメインキャストの皆さんからの熱いメッセージが掲載。\n是非、ご覧ください。\n#アポクリファ… https://t.co/vfedqJMAKL","truncated":true,"entities":{"hashtags":[{"text":"アポクリファ","indices":[107,114]}],"symbols":[],"user_mentions":[],"urls":[{"url":"https://t.co/vfedqJMAKL","expanded_url":"https://twitter.com/i/web/status/883711662770995201","display_url":"twitter.com/i/web/status/8…","indices":[116,139]}]},"metadata":{"iso_language_code":"ja","result_type":"recent"},"source":"<a href=\"http://twitter.com\" rel=\"nofollow\">Twitter Web Client</a>","in_reply_to_status_id":null,"in_reply_to_status_id_str":null,"in_reply_to_user_id":null,"in_reply_to_user_id_str":null,"in_reply_to_screen_name":null,"user":{"id":813281546035544000,"id_str":"813281546035544064","name":"Fate/Apocrypha","screen_name":"FateApocryphaTV","location":"ルーマニア・トゥリファス","description":"2017.07 ON TV\n 原作：東出祐一郎／TYPE-MOON キャラクター原案：近衛乙嗣 監督：浅井義之 シリーズ構成：東出祐一郎 キャラクターデザイン：山田有慶 音楽：横山克 制作：A-1 Pictures  ハッシュタグ：#アポクリファ 公式サイト：https://t.co/Ym3UvA0Kcl","url":"https://t.co/Ym3UvA0Kcl","entities":{"url":{"urls":[{"url":"https://t.co/Ym3UvA0Kcl","expanded_url":"http://fate-apocrypha.com/","display_url":"fate-apocrypha.com","indices":[0,23]}]},"description":{"urls":[{"url":"https://t.co/Ym3UvA0Kcl","expanded_url":"http://fate-apocrypha.com/","display_url":"fate-apocrypha.com","indices":[130,153]}]}},"protected":false,"followers_count":95320,"friends_count":28,"listed_count":1128,"created_at":"Mon Dec 26 07:13:25 +0000 2016","favourites_count":0,"utc_offset":32400,"time_zone":"Tokyo","geo_enabled":false,"verified":true,"statuses_count":361,"lang":"ja","contributors_enabled":false,"is_translator":false,"is_translation_enabled":false,"profile_background_color":"000000","profile_background_image_url":"http://abs.twimg.com/images/themes/theme1/bg.png","profile_background_image_url_https":"https://abs.twimg.com/images/themes/theme1/bg.png","profile_background_tile":false,"profile_image_url":"http://pbs.twimg.com/profile_images/815209340680294400/x1W1mpSl_normal.jpg","profile_image_url_https":"https://pbs.twimg.com/profile_images/815209340680294400/x1W1mpSl_normal.jpg","profile_banner_url":"https://pbs.twimg.com/profile_banners/813281546035544064/1497106923","profile_link_color":"E81C4F","profile_sidebar_border_color":"000000","profile_sidebar_fill_color":"000000","profile_text_color":"000000","profile_use_background_image":false,"has_extended_profile":false,"default_profile":false,"default_profile_image":false,"following":false,"follow_request_sent":false,"notifications":false,"translator_type":"none"},"geo":null,"coordinates":null,"place":null,"contributors":null,"is_quote_status":false,"retweet_count":262,"favorite_count":258,"favorited":false,"retweeted":false,"possibly_sensitive":false,"lang":"ja"},{"created_at":"Sat Jul 08 15:37:20 +0000 2017","id":883711607859159000,"id_str":"883711607859159040","text":"オーバーキル\n#活撃刀剣乱舞","truncated":false,"entities":{"hashtags":[{"text":"活撃刀剣乱舞","indices":[7,14]}],"symbols":[],"user_mentions":[],"urls":[]},"metadata":{"iso_language_code":"ja","result_type":"recent"},"source":"<a href=\"http://twitter.com/download/android\" rel=\"nofollow\">Twitter for Android</a>","in_reply_to_status_id":null,"in_reply_to_status_id_str":null,"in_reply_to_user_id":null,"in_reply_to_user_id_str":null,"in_reply_to_screen_name":null,"user":{"id":701627650532487200,"id_str":"701627650532487168","name":"煮たか","screen_name":"2tkinfo","location":"青森県産　sword地区","description":"イラストレーター。「ラクエンロジック」「刀剣乱舞」「一血卍傑」等。告知とRT 多め、仕事と関係ないものもRTします。リプライ等はあまり出来ませんが読ませていただいております。https://t.co/N30bSI8Jmr","url":"https://t.co/wLONLookoS","entities":{"url":{"urls":[{"url":"https://t.co/wLONLookoS","expanded_url":"http://fjktttttttttttttttt.blog133.fc2.com/","display_url":"fjktttttttttttttttt.blog133.fc2.com","indices":[0,23]}]},"description":{"urls":[{"url":"https://t.co/N30bSI8Jmr","expanded_url":"https://www.pixiv.net/member.php?id=289725","display_url":"pixiv.net/member.php?id=…","indices":[87,110]}]}},"protected":false,"followers_count":16314,"friends_count":88,"listed_count":640,"created_at":"Mon Feb 22 04:40:42 +0000 2016","favourites_count":85,"utc_offset":-25200,"time_zone":"Pacific Time (US & Canada)","geo_enabled":false,"verified":false,"statuses_count":1182,"lang":"ja","contributors_enabled":false,"is_translator":false,"is_translation_enabled":false,"profile_background_color":"000000","profile_background_image_url":"http://abs.twimg.com/images/themes/theme1/bg.png","profile_background_image_url_https":"https://abs.twimg.com/images/themes/theme1/bg.png","profile_background_tile":false,"profile_image_url":"http://pbs.twimg.com/profile_images/710132031556964352/33oIPf4s_normal.jpg","profile_image_url_https":"https://pbs.twimg.com/profile_images/710132031556964352/33oIPf4s_normal.jpg","profile_link_color":"FAB81E","profile_sidebar_border_color":"000000","profile_sidebar_fill_color":"000000","profile_text_color":"000000","profile_use_background_image":false,"has_extended_profile":false,"default_profile":false,"default_profile_image":false,"following":false,"follow_request_sent":false,"notifications":false,"translator_type":"none"},"geo":null,"coordinates":null,"place":null,"contributors":null,"is_quote_status":false,"retweet_count":65,"favorite_count":70,"favorited":false,"retweeted":false,"lang":"ja"},{"created_at":"Sat Jul 08 15:36:53 +0000 2017","id":883711494122160100,"id_str":"883711494122160129","text":"もがちゃんとメポ\n\n猫飼ってるからもがちゃん猫のじゃらし方さすが‼️(＾ω＾) https://t.co/0aR0iFzyKy","truncated":false,"entities":{"hashtags":[],"symbols":[],"user_mentions":[],"urls":[],"media":[{"id":883711297296023600,"id_str":"883711297296023552","indices":[40,63],"media_url":"http://pbs.twimg.com/ext_tw_video_thumb/883711297296023552/pu/img/-4tjW0zZdfzfYS8J.jpg","media_url_https":"https://pbs.twimg.com/ext_tw_video_thumb/883711297296023552/pu/img/-4tjW0zZdfzfYS8J.jpg","url":"https://t.co/0aR0iFzyKy","display_url":"pic.twitter.com/0aR0iFzyKy","expanded_url":"https://twitter.com/shoko55mmts/status/883711494122160129/video/1","type":"photo","sizes":{"small":{"w":340,"h":453,"resize":"fit"},"large":{"w":720,"h":960,"resize":"fit"},"medium":{"w":600,"h":800,"resize":"fit"},"thumb":{"w":150,"h":150,"resize":"crop"}}}]},"extended_entities":{"media":[{"id":883711297296023600,"id_str":"883711297296023552","indices":[40,63],"media_url":"http://pbs.twimg.com/ext_tw_video_thumb/883711297296023552/pu/img/-4tjW0zZdfzfYS8J.jpg","media_url_https":"https://pbs.twimg.com/ext_tw_video_thumb/883711297296023552/pu/img/-4tjW0zZdfzfYS8J.jpg","url":"https://t.co/0aR0iFzyKy","display_url":"pic.twitter.com/0aR0iFzyKy","expanded_url":"https://twitter.com/shoko55mmts/status/883711494122160129/video/1","type":"video","sizes":{"small":{"w":340,"h":453,"resize":"fit"},"large":{"w":720,"h":960,"resize":"fit"},"medium":{"w":600,"h":800,"resize":"fit"},"thumb":{"w":150,"h":150,"resize":"crop"}},"video_info":{"aspect_ratio":[3,4],"duration_millis":21583,"variants":[{"content_type":"application/x-mpegURL","url":"https://video.twimg.com/ext_tw_video/883711297296023552/pu/pl/t4rxgJaoenCwmu9n.m3u8"},{"bitrate":320000,"content_type":"video/mp4","url":"https://video.twimg.com/ext_tw_video/883711297296023552/pu/vid/240x320/7T5EwRrGcvqx1gdy.mp4"},{"bitrate":832000,"content_type":"video/mp4","url":"https://video.twimg.com/ext_tw_video/883711297296023552/pu/vid/480x640/D66T0l--Z1UnIn-o.mp4"}]},"additional_media_info":{"monetizable":false}}]},"metadata":{"iso_language_code":"ja","result_type":"recent"},"source":"<a href=\"http://twitter.com/download/iphone\" rel=\"nofollow\">Twitter for iPhone</a>","in_reply_to_status_id":null,"in_reply_to_status_id_str":null,"in_reply_to_user_id":null,"in_reply_to_user_id_str":null,"in_reply_to_screen_name":null,"user":{"id":1570086542,"id_str":"1570086542","name":"中川翔子🍉🍉🍉🍉🍉","screen_name":"shoko55mmts","location":"なかの","description":"猫とゲームとアニソンがすき❤️ポケモン映画11年連続‼️⭐︎中野ブロードウェイ三階ビームスと共同プロデュース mmts⭐️塔の上のラプンツェル⭐️ドラゴンクエスト アリーナ姫⭐️ポケんち！ニンフィア ジョーイさん⭐️セーラームーンcrystalダイアナ⭐️舞台 上を下へのジレッタ⭐︎空色デイズ ドリドリ⭐︎","url":"https://t.co/h1siPLdTfS","entities":{"url":{"urls":[{"url":"https://t.co/h1siPLdTfS","expanded_url":"http://s.ameblo.jp/nakagawa-shoko/","display_url":"s.ameblo.jp/nakagawa-shoko/","indices":[0,23]}]},"description":{"urls":[]}},"protected":false,"followers_count":535321,"friends_count":895,"listed_count":5872,"created_at":"Fri Jul 05 09:00:10 +0000 2013","favourites_count":1939,"utc_offset":null,"time_zone":null,"geo_enabled":false,"verified":true,"statuses_count":27760,"lang":"ja","contributors_enabled":false,"is_translator":false,"is_translation_enabled":false,"profile_background_color":"C0DEED","profile_background_image_url":"http://abs.twimg.com/images/themes/theme1/bg.png","profile_background_image_url_https":"https://abs.twimg.com/images/themes/theme1/bg.png","profile_background_tile":false,"profile_image_url":"http://pbs.twimg.com/profile_images/466049542261985281/i66ZpTGK_normal.jpeg","profile_image_url_https":"https://pbs.twimg.com/profile_images/466049542261985281/i66ZpTGK_normal.jpeg","profile_banner_url":"https://pbs.twimg.com/profile_banners/1570086542/1468721875","profile_link_color":"1DA1F2","profile_sidebar_border_color":"C0DEED","profile_sidebar_fill_color":"DDEEF6","profile_text_color":"333333","profile_use_background_image":true,"has_extended_profile":true,"default_profile":true,"default_profile_image":false,"following":false,"follow_request_sent":false,"notifications":false,"translator_type":"none"},"geo":null,"coordinates":null,"place":null,"contributors":null,"is_quote_status":false,"retweet_count":83,"favorite_count":286,"favorited":false,"retweeted":false,"possibly_sensitive":false,"lang":"ja"},{"created_at":"Sat Jul 08 15:36:46 +0000 2017","id":883711465148100600,"id_str":"883711465148100608","text":"どうしよう、mikeのポップコーンが食べたいよ😯急すぎだよ😯映画館のキャラメルと塩のハーフアンドハーフで、バターかけますか？に食い気味でお願いしますしたいよ。それにさらにTOHOシネマズさんだったらmikeのコラボも足しちゃうよ。😪おちついて寝ます。おやすみなさい☺️🍿🍿🍿🍿🍿🍿","truncated":false,"entities":{"hashtags":[],"symbols":[],"user_mentions":[],"urls":[]},"metadata":{"iso_language_code":"ja","result_type":"recent"},"source":"<a href=\"http://twitter.com/download/iphone\" rel=\"nofollow\">Twitter for iPhone</a>","in_reply_to_status_id":null,"in_reply_to_status_id_str":null,"in_reply_to_user_id":null,"in_reply_to_user_id_str":null,"in_reply_to_screen_name":null,"user":{"id":308818825,"id_str":"308818825","name":"Pile","screen_name":"pile_eric","location":"tokyo","description":"Pile/堀エリコ 🎤 💪🏻✨年内6th/7th Single発売決定！諸々活動しております！2017/12/2 日本武道館公演決定！テレビ東京系アニメ デュエルマスターズVSRF OPテーマ歌ってます！！🙆まだまだ追い風〜！🌬","url":"https://t.co/HtVuby1zdj","entities":{"url":{"urls":[{"url":"https://t.co/HtVuby1zdj","expanded_url":"http://www.youtube.com/watch?v=bZ2QQdw77QQ&sns=tw","display_url":"youtube.com/watch?v=bZ2QQd…","indices":[0,23]}]},"description":{"urls":[]}},"protected":false,"followers_count":474858,"friends_count":219,"listed_count":12638,"created_at":"Wed Jun 01 01:54:57 +0000 2011","favourites_count":2132,"utc_offset":null,"time_zone":null,"geo_enabled":true,"verified":false,"statuses_count":9895,"lang":"ja","contributors_enabled":false,"is_translator":false,"is_translation_enabled":false,"profile_background_color":"C0DEED","profile_background_image_url":"http://abs.twimg.com/images/themes/theme1/bg.png","profile_background_image_url_https":"https://abs.twimg.com/images/themes/theme1/bg.png","profile_background_tile":false,"profile_image_url":"http://pbs.twimg.com/profile_images/856057792360177664/d0-By30t_normal.jpg","profile_image_url_https":"https://pbs.twimg.com/profile_images/856057792360177664/d0-By30t_normal.jpg","profile_banner_url":"https://pbs.twimg.com/profile_banners/308818825/1468219003","profile_link_color":"1DA1F2","profile_sidebar_border_color":"C0DEED","profile_sidebar_fill_color":"DDEEF6","profile_text_color":"333333","profile_use_background_image":true,"has_extended_profile":true,"default_profile":true,"default_profile_image":false,"following":false,"follow_request_sent":false,"notifications":false,"translator_type":"none"},"geo":null,"coordinates":null,"place":null,"contributors":null,"is_quote_status":false,"retweet_count":68,"favorite_count":285,"favorited":false,"retweeted":false,"lang":"ja"},{"created_at":"Sat Jul 08 15:36:45 +0000 2017","id":883711460714496000,"id_str":"883711460714496000","text":"キャー～ーーーーーーーー！！！！！！！！！！！！！！！！！！！！","truncated":false,"entities":{"hashtags":[],"symbols":[],"user_mentions":[],"urls":[]},"metadata":{"iso_language_code":"ja","result_type":"recent"},"source":"<a href=\"https://mobile.twitter.com\" rel=\"nofollow\">Twitter Lite</a>","in_reply_to_status_id":null,"in_reply_to_status_id_str":null,"in_reply_to_user_id":null,"in_reply_to_user_id_str":null,"in_reply_to_screen_name":null,"user":{"id":3019829148,"id_str":"3019829148","name":"主を追い詰める一期一振bot","screen_name":"desuna_15","location":"","description":"自動リプライ有/暫く手動も多いです注意/2h1post　※公式とは似て非なるキャラ崩壊垢なので無理だとおもったらブロックで※（フォローの際ツイプロご一読お願い致します）","url":"http://t.co/UFasBczBOh","entities":{"url":{"urls":[{"url":"http://t.co/UFasBczBOh","expanded_url":"http://twpf.jp/desuna_15","display_url":"twpf.jp/desuna_15","indices":[0,22]}]},"description":{"urls":[]}},"protected":false,"followers_count":10647,"friends_count":2106,"listed_count":238,"created_at":"Sat Feb 14 15:28:48 +0000 2015","favourites_count":22,"utc_offset":null,"time_zone":null,"geo_enabled":false,"verified":false,"statuses_count":30595,"lang":"ja","contributors_enabled":false,"is_translator":false,"is_translation_enabled":false,"profile_background_color":"C0DEED","profile_background_image_url":"http://pbs.twimg.com/profile_background_images/715915269642694657/7FLP2QCH.jpg","profile_background_image_url_https":"https://pbs.twimg.com/profile_background_images/715915269642694657/7FLP2QCH.jpg","profile_background_tile":true,"profile_image_url":"http://pbs.twimg.com/profile_images/848188653134163970/bV4bKeFI_normal.jpg","profile_image_url_https":"https://pbs.twimg.com/profile_images/848188653134163970/bV4bKeFI_normal.jpg","profile_banner_url":"https://pbs.twimg.com/profile_banners/3019829148/1459522442","profile_link_color":"0084B4","profile_sidebar_border_color":"C0DEED","profile_sidebar_fill_color":"DDEEF6","profile_text_color":"333333","profile_use_background_image":true,"has_extended_profile":true,"default_profile":false,"default_profile_image":false,"following":false,"follow_request_sent":false,"notifications":false,"translator_type":"none"},"geo":null,"coordinates":null,"place":null,"contributors":null,"is_quote_status":false,"retweet_count":56,"favorite_count":57,"favorited":false,"retweeted":false,"lang":"ja"},{"created_at":"Sat Jul 08 15:36:24 +0000 2017","id":883711372768329700,"id_str":"883711372768329729","text":"や、薬研ーーーーーーーー！！！！！！！！！！！！！！！！！！！！！！！！！！！！！！！！！！！！！！！！！","truncated":false,"entities":{"hashtags":[],"symbols":[],"user_mentions":[],"urls":[]},"metadata":{"iso_language_code":"ja","result_type":"recent"},"source":"<a href=\"https://mobile.twitter.com\" rel=\"nofollow\">Twitter Lite</a>","in_reply_to_status_id":null,"in_reply_to_status_id_str":null,"in_reply_to_user_id":null,"in_reply_to_user_id_str":null,"in_reply_to_screen_name":null,"user":{"id":3019829148,"id_str":"3019829148","name":"主を追い詰める一期一振bot","screen_name":"desuna_15","location":"","description":"自動リプライ有/暫く手動も多いです注意/2h1post　※公式とは似て非なるキャラ崩壊垢なので無理だとおもったらブロックで※（フォローの際ツイプロご一読お願い致します）","url":"http://t.co/UFasBczBOh","entities":{"url":{"urls":[{"url":"http://t.co/UFasBczBOh","expanded_url":"http://twpf.jp/desuna_15","display_url":"twpf.jp/desuna_15","indices":[0,22]}]},"description":{"urls":[]}},"protected":false,"followers_count":10647,"friends_count":2106,"listed_count":238,"created_at":"Sat Feb 14 15:28:48 +0000 2015","favourites_count":22,"utc_offset":null,"time_zone":null,"geo_enabled":false,"verified":false,"statuses_count":30595,"lang":"ja","contributors_enabled":false,"is_translator":false,"is_translation_enabled":false,"profile_background_color":"C0DEED","profile_background_image_url":"http://pbs.twimg.com/profile_background_images/715915269642694657/7FLP2QCH.jpg","profile_background_image_url_https":"https://pbs.twimg.com/profile_background_images/715915269642694657/7FLP2QCH.jpg","profile_background_tile":true,"profile_image_url":"http://pbs.twimg.com/profile_images/848188653134163970/bV4bKeFI_normal.jpg","profile_image_url_https":"https://pbs.twimg.com/profile_images/848188653134163970/bV4bKeFI_normal.jpg","profile_banner_url":"https://pbs.twimg.com/profile_banners/3019829148/1459522442","profile_link_color":"0084B4","profile_sidebar_border_color":"C0DEED","profile_sidebar_fill_color":"DDEEF6","profile_text_color":"333333","profile_use_background_image":true,"has_extended_profile":true,"default_profile":false,"default_profile_image":false,"following":false,"follow_request_sent":false,"notifications":false,"translator_type":"none"},"geo":null,"coordinates":null,"place":null,"contributors":null,"is_quote_status":false,"retweet_count":69,"favorite_count":71,"favorited":false,"retweeted":false,"lang":"ja"},{"created_at":"Sat Jul 08 15:36:19 +0000 2017","id":883711353147408400,"id_str":"883711353147408384","text":"双子ちゃんお誕生日おめでとう～！\n#九条天生誕祭2017 #七瀬陸生誕祭2017 https://t.co/TEzzMX7vlk","truncated":false,"entities":{"hashtags":[{"text":"九条天生誕祭2017","indices":[17,28]},{"text":"七瀬陸生誕祭2017","indices":[29,40]}],"symbols":[],"user_mentions":[],"urls":[],"media":[{"id":883710644440019000,"id_str":"883710644440018945","indices":[41,64],"media_url":"http://pbs.twimg.com/media/DEOSJiYUMAEPwbK.png","media_url_https":"https://pbs.twimg.com/media/DEOSJiYUMAEPwbK.png","url":"https://t.co/TEzzMX7vlk","display_url":"pic.twitter.com/TEzzMX7vlk","expanded_url":"https://twitter.com/suge_nemui/status/883711353147408384/photo/1","type":"photo","sizes":{"small":{"w":558,"h":680,"resize":"fit"},"large":{"w":600,"h":731,"resize":"fit"},"thumb":{"w":150,"h":150,"resize":"crop"},"medium":{"w":600,"h":731,"resize":"fit"}}}]},"extended_entities":{"media":[{"id":883710644440019000,"id_str":"883710644440018945","indices":[41,64],"media_url":"http://pbs.twimg.com/media/DEOSJiYUMAEPwbK.png","media_url_https":"https://pbs.twimg.com/media/DEOSJiYUMAEPwbK.png","url":"https://t.co/TEzzMX7vlk","display_url":"pic.twitter.com/TEzzMX7vlk","expanded_url":"https://twitter.com/suge_nemui/status/883711353147408384/photo/1","type":"photo","sizes":{"small":{"w":558,"h":680,"resize":"fit"},"large":{"w":600,"h":731,"resize":"fit"},"thumb":{"w":150,"h":150,"resize":"crop"},"medium":{"w":600,"h":731,"resize":"fit"}}}]},"metadata":{"iso_language_code":"ja","result_type":"recent"},"source":"<a href=\"http://twitter.com\" rel=\"nofollow\">Twitter Web Client</a>","in_reply_to_status_id":null,"in_reply_to_status_id_str":null,"in_reply_to_user_id":null,"in_reply_to_user_id_str":null,"in_reply_to_screen_name":null,"user":{"id":2781788089,"id_str":"2781788089","name":"チドリ","screen_name":"suge_nemui","location":"i7/ユキモモ（相手左右固定）｜メルスト","description":"❄️🍑 https://t.co/tkVRWI8TGD","url":null,"entities":{"description":{"urls":[{"url":"https://t.co/tkVRWI8TGD","expanded_url":"http://twpf.jp/suge_nemui","display_url":"twpf.jp/suge_nemui","indices":[4,27]}]}},"protected":false,"followers_count":11215,"friends_count":30,"listed_count":175,"created_at":"Sun Aug 31 06:42:01 +0000 2014","favourites_count":5412,"utc_offset":-25200,"time_zone":"Pacific Time (US & Canada)","geo_enabled":false,"verified":false,"statuses_count":7495,"lang":"ja","contributors_enabled":false,"is_translator":false,"is_translation_enabled":false,"profile_background_color":"EBEBEB","profile_background_image_url":"http://pbs.twimg.com/profile_background_images/631509694218027008/VE7-Fgat.png","profile_background_image_url_https":"https://pbs.twimg.com/profile_background_images/631509694218027008/VE7-Fgat.png","profile_background_tile":false,"profile_image_url":"http://pbs.twimg.com/profile_images/876614639433297920/qLFIwrZ__normal.jpg","profile_image_url_https":"https://pbs.twimg.com/profile_images/876614639433297920/qLFIwrZ__normal.jpg","profile_banner_url":"https://pbs.twimg.com/profile_banners/2781788089/1490462594","profile_link_color":"ABB8C2","profile_sidebar_border_color":"FFFFFF","profile_sidebar_fill_color":"DDEEF6","profile_text_color":"333333","profile_use_background_image":false,"has_extended_profile":false,"default_profile":false,"default_profile_image":false,"following":false,"follow_request_sent":false,"notifications":false,"translator_type":"regular"},"geo":null,"coordinates":null,"place":null,"contributors":null,"is_quote_status":false,"retweet_count":172,"favorite_count":317,"favorited":false,"retweeted":false,"possibly_sensitive":false,"lang":"ja"},{"created_at":"Sat Jul 08 15:36:05 +0000 2017","id":883711295198974000,"id_str":"883711295198973952","text":"（気づいてくれてありがとうブイ） https://t.co/n2p4r8GPR9","truncated":false,"entities":{"hashtags":[],"symbols":[],"user_mentions":[],"urls":[{"url":"https://t.co/n2p4r8GPR9","expanded_url":"https://twitter.com/haru111tan244/status/883706034648358913","display_url":"twitter.com/haru111tan244/…","indices":[17,40]}]},"metadata":{"iso_language_code":"ja","result_type":"recent"},"source":"<a href=\"http://twitter.com/download/iphone\" rel=\"nofollow\">Twitter for iPhone</a>","in_reply_to_status_id":null,"in_reply_to_status_id_str":null,"in_reply_to_user_id":null,"in_reply_to_user_id_str":null,"in_reply_to_screen_name":null,"user":{"id":326712740,"id_str":"326712740","name":"📎ゴーちゃん。&ちんじゅうみん📎","screen_name":"gochan_V","location":"だいたいろっぽんぎ","description":"テレビ朝日(5チャンネル)のマスコットキャラクター「ゴーちゃん。」の公式アカウントブイ！ナンバー1よりオンリー1のキャラクターになれるようがんばるブイ！目指せフォロワーさん55555人！","url":"https://t.co/7HBSw5Wmmc","entities":{"url":{"urls":[{"url":"https://t.co/7HBSw5Wmmc","expanded_url":"http://www.tv-asahi.co.jp/go-chan/","display_url":"tv-asahi.co.jp/go-chan/","indices":[0,23]}]},"description":{"urls":[]}},"protected":false,"followers_count":42466,"friends_count":244,"listed_count":349,"created_at":"Thu Jun 30 11:02:24 +0000 2011","favourites_count":13608,"utc_offset":-36000,"time_zone":"Hawaii","geo_enabled":false,"verified":true,"statuses_count":24658,"lang":"ja","contributors_enabled":false,"is_translator":false,"is_translation_enabled":false,"profile_background_color":"C0DEED","profile_background_image_url":"http://abs.twimg.com/images/themes/theme1/bg.png","profile_background_image_url_https":"https://abs.twimg.com/images/themes/theme1/bg.png","profile_background_tile":false,"profile_image_url":"http://pbs.twimg.com/profile_images/883688102845231108/ILT95kfp_normal.jpg","profile_image_url_https":"https://pbs.twimg.com/profile_images/883688102845231108/ILT95kfp_normal.jpg","profile_banner_url":"https://pbs.twimg.com/profile_banners/326712740/1499378339","profile_link_color":"1DA1F2","profile_sidebar_border_color":"C0DEED","profile_sidebar_fill_color":"DDEEF6","profile_text_color":"333333","profile_use_background_image":true,"has_extended_profile":true,"default_profile":true,"default_profile_image":false,"following":false,"follow_request_sent":false,"notifications":false,"translator_type":"none"},"geo":null,"coordinates":null,"place":null,"contributors":null,"is_quote_status":true,"quoted_status_id":883706034648358900,"quoted_status_id_str":"883706034648358913","quoted_status":{"created_at":"Sat Jul 08 15:15:11 +0000 2017","id":883706034648358900,"id_str":"883706034648358913","text":"@gochan_V すごい、ゴーちゃん！\nフォローしてる人まで244人\nありがとうね〜😭\n大好きだよ！ https://t.co/v5KflXoTWr","truncated":false,"entities":{"hashtags":[],"symbols":[],"user_mentions":[{"screen_name":"gochan_V","name":"📎ゴーちゃん。&ちんじゅうみん📎","id":326712740,"id_str":"326712740","indices":[0,9]}],"urls":[],"media":[{"id":883706027589251100,"id_str":"883706027589251076","indices":[52,75],"media_url":"http://pbs.twimg.com/media/DEON8zRUMAQ8U4L.jpg","media_url_https":"https://pbs.twimg.com/media/DEON8zRUMAQ8U4L.jpg","url":"https://t.co/v5KflXoTWr","display_url":"pic.twitter.com/v5KflXoTWr","expanded_url":"https://twitter.com/haru111tan244/status/883706034648358913/photo/1","type":"photo","sizes":{"large":{"w":750,"h":1334,"resize":"fit"},"medium":{"w":675,"h":1200,"resize":"fit"},"thumb":{"w":150,"h":150,"resize":"crop"},"small":{"w":382,"h":680,"resize":"fit"}}}]},"extended_entities":{"media":[{"id":883706027589251100,"id_str":"883706027589251076","indices":[52,75],"media_url":"http://pbs.twimg.com/media/DEON8zRUMAQ8U4L.jpg","media_url_https":"https://pbs.twimg.com/media/DEON8zRUMAQ8U4L.jpg","url":"https://t.co/v5KflXoTWr","display_url":"pic.twitter.com/v5KflXoTWr","expanded_url":"https://twitter.com/haru111tan244/status/883706034648358913/photo/1","type":"photo","sizes":{"large":{"w":750,"h":1334,"resize":"fit"},"medium":{"w":675,"h":1200,"resize":"fit"},"thumb":{"w":150,"h":150,"resize":"crop"},"small":{"w":382,"h":680,"resize":"fit"}}}]},"metadata":{"iso_language_code":"ja","result_type":"recent"},"source":"<a href=\"http://twitter.com/download/iphone\" rel=\"nofollow\">Twitter for iPhone</a>","in_reply_to_status_id":883703044675747800,"in_reply_to_status_id_str":"883703044675747840","in_reply_to_user_id":326712740,"in_reply_to_user_id_str":"326712740","in_reply_to_screen_name":"gochan_V","user":{"id":4757761753,"id_str":"4757761753","name":"みちゃこ 📎📎📎📎📎 🖇","screen_name":"haru111tan244","location":"日本 愛知","description":"剛くんからの5人最強SMAP大好き❤️踏ん張る。やれることはやる。SMAPが世界を変えられるとずっと信じてる人です。","url":null,"entities":{"description":{"urls":[]}},"protected":false,"followers_count":110,"friends_count":186,"listed_count":1,"created_at":"Thu Jan 14 11:22:21 +0000 2016","favourites_count":17653,"utc_offset":null,"time_zone":null,"geo_enabled":true,"verified":false,"statuses_count":11258,"lang":"ja","contributors_enabled":false,"is_translator":false,"is_translation_enabled":false,"profile_background_color":"F5F8FA","profile_background_image_url":null,"profile_background_image_url_https":null,"profile_background_tile":false,"profile_image_url":"http://pbs.twimg.com/profile_images/805016486469193728/RReBzXb__normal.jpg","profile_image_url_https":"https://pbs.twimg.com/profile_images/805016486469193728/RReBzXb__normal.jpg","profile_banner_url":"https://pbs.twimg.com/profile_banners/4757761753/1473336849","profile_link_color":"1DA1F2","profile_sidebar_border_color":"C0DEED","profile_sidebar_fill_color":"DDEEF6","profile_text_color":"333333","profile_use_background_image":true,"has_extended_profile":true,"default_profile":true,"default_profile_image":false,"following":false,"follow_request_sent":false,"notifications":false,"translator_type":"none"},"geo":null,"coordinates":null,"place":null,"contributors":null,"is_quote_status":false,"retweet_count":20,"favorite_count":20,"favorited":false,"retweeted":false,"possibly_sensitive":false,"lang":"ja"},"retweet_count":87,"favorite_count":84,"favorited":false,"retweeted":false,"possibly_sensitive":false,"lang":"ja"},{"created_at":"Sat Jul 08 15:36:03 +0000 2017","id":883711284427972600,"id_str":"883711284427972608","text":"トレンド入りｷﾀ━━━━━━(ﾟ∀ﾟ)━━━━━━ !!!!!\n#活撃刀剣乱舞 https://t.co/KXqbW2xaky","truncated":false,"entities":{"hashtags":[{"text":"活撃刀剣乱舞","indices":[32,39]}],"symbols":[],"user_mentions":[],"urls":[],"media":[{"id":883711278702706700,"id_str":"883711278702706688","indices":[40,63],"media_url":"http://pbs.twimg.com/media/DEOSudMUwAANKiJ.jpg","media_url_https":"https://pbs.twimg.com/media/DEOSudMUwAANKiJ.jpg","url":"https://t.co/KXqbW2xaky","display_url":"pic.twitter.com/KXqbW2xaky","expanded_url":"https://twitter.com/toukenkouryaku/status/883711284427972608/photo/1","type":"photo","sizes":{"small":{"w":632,"h":332,"resize":"fit"},"medium":{"w":632,"h":332,"resize":"fit"},"thumb":{"w":150,"h":150,"resize":"crop"},"large":{"w":632,"h":332,"resize":"fit"}}}]},"extended_entities":{"media":[{"id":883711278702706700,"id_str":"883711278702706688","indices":[40,63],"media_url":"http://pbs.twimg.com/media/DEOSudMUwAANKiJ.jpg","media_url_https":"https://pbs.twimg.com/media/DEOSudMUwAANKiJ.jpg","url":"https://t.co/KXqbW2xaky","display_url":"pic.twitter.com/KXqbW2xaky","expanded_url":"https://twitter.com/toukenkouryaku/status/883711284427972608/photo/1","type":"photo","sizes":{"small":{"w":632,"h":332,"resize":"fit"},"medium":{"w":632,"h":332,"resize":"fit"},"thumb":{"w":150,"h":150,"resize":"crop"},"large":{"w":632,"h":332,"resize":"fit"}}}]},"metadata":{"iso_language_code":"ja","result_type":"recent"},"source":"<a href=\"http://twitter.com\" rel=\"nofollow\">Twitter Web Client</a>","in_reply_to_status_id":null,"in_reply_to_status_id_str":null,"in_reply_to_user_id":null,"in_reply_to_user_id_str":null,"in_reply_to_screen_name":null,"user":{"id":2984106056,"id_str":"2984106056","name":"刀剣乱舞攻略速報【とうらぶ】※非公式","screen_name":"toukenkouryaku","location":"当サイトは非公式サイトです","description":"【重要】非公式ファンサイトのアカウントです。刀剣乱舞公式サイト → https://t.co/bMlNMyS5xt 刀剣乱舞のレシピ、攻略情報、グッズ、ニュース、刀剣展示情報を収集し発信中。 初心者向け情報→ https://t.co/dzrhxIEo6V 過去の記事も定期的に再ツイートしてます 個人垢→ @matokanx","url":"https://t.co/8RDL5CnqI5","entities":{"url":{"urls":[{"url":"https://t.co/8RDL5CnqI5","expanded_url":"http://xn--dkqp0gri91r38rn1wmlurtz.com/","display_url":"刀剣乱舞攻略速報.com","indices":[0,23]}]},"description":{"urls":[{"url":"https://t.co/bMlNMyS5xt","expanded_url":"http://bit.ly/1L0Xqzu","display_url":"bit.ly/1L0Xqzu","indices":[34,57]},{"url":"https://t.co/dzrhxIEo6V","expanded_url":"http://bit.ly/1OVzmxR","display_url":"bit.ly/1OVzmxR","indices":[105,128]}]}},"protected":false,"followers_count":148902,"friends_count":190,"listed_count":2761,"created_at":"Thu Jan 15 12:15:21 +0000 2015","favourites_count":186,"utc_offset":32400,"time_zone":"Tokyo","geo_enabled":false,"verified":false,"statuses_count":16445,"lang":"ja","contributors_enabled":false,"is_translator":false,"is_translation_enabled":true,"profile_background_color":"C0DEED","profile_background_image_url":"http://abs.twimg.com/images/themes/theme1/bg.png","profile_background_image_url_https":"https://abs.twimg.com/images/themes/theme1/bg.png","profile_background_tile":false,"profile_image_url":"http://pbs.twimg.com/profile_images/848015684080549888/t8wLwr0X_normal.jpg","profile_image_url_https":"https://pbs.twimg.com/profile_images/848015684080549888/t8wLwr0X_normal.jpg","profile_link_color":"1DA1F2","profile_sidebar_border_color":"C0DEED","profile_sidebar_fill_color":"DDEEF6","profile_text_color":"333333","profile_use_background_image":true,"has_extended_profile":false,"default_profile":true,"default_profile_image":false,"following":false,"follow_request_sent":false,"notifications":false,"translator_type":"none"},"geo":null,"coordinates":null,"place":null,"contributors":null,"is_quote_status":false,"retweet_count":93,"favorite_count":135,"favorited":false,"retweeted":false,"possibly_sensitive":false,"lang":"ja"}],"search_metadata":{"completed_in":0.088,"max_id":883712140229488600,"max_id_str":"883712140229488641","next_results":"?max_id=883711284427972607&q=lang%3Aja%20min_retweets%3A50&include_entities=1","query":"lang%3Aja+min_retweets%3A50","refresh_url":"?since_id=883712140229488641&q=lang%3Aja%20min_retweets%3A50&include_entities=1","count":15,"since_id":0,"since_id_str":"0"}}