{"statuses":[{"created_at":"Sun Jul 09 11:39:39 +0000 2017","id":884014182248493000,"id_str":"884014182248493056","text":"りっくん、てんてん、お誕生日おめでとうございます～！　センターの二人がファンに向ける気持ちのベースは昔それぞれがお互いに向けていた「一緒に楽しみたい！」や「幸せな時間を与えられるように」を意識して書いています！　過ぎてしまいましたがアイナナの日もおめでとうございます～！","truncated":false,"entities":{"hashtags":[],"symbols":[],"user_mentions":[],"urls":[]},"metadata":{"iso_language_code":"ja","result_type":"recent"},"source":"<a href=\"http://twitter.com\" rel=\"nofollow\">Twitter Web Client</a>","in_reply_to_status_id":null,"in_reply_to_status_id_str":null,"in_reply_to_user_id":null,"in_reply_to_user_id_str":null,"in_reply_to_screen_name":null,"user":{"id":107023678,"id_str":"107023678","name":"都志見文太","screen_name":"Bunta_HARD","location":"駅のない市","description":"フリーのシナリオライターです。 『図書室のネヴァジスタ』『アイドリッシュセブン』『きんとうか』『名探偵コナン マリオネット交響曲』など、その他お仕事情報はサイトでご確認ください。 申し訳ありませんが、年内のお仕事受付は少々難しいです＞＜","url":"https://t.co/COPABJXdDb","entities":{"url":{"urls":[{"url":"https://t.co/COPABJXdDb","expanded_url":"http://tsmbnt.wix.com/entak","display_url":"tsmbnt.wix.com/entak","indices":[0,23]}]},"description":{"urls":[]}},"protected":false,"followers_count":13524,"friends_count":3014,"listed_count":294,"created_at":"Thu Jan 21 10:36:01 +0000 2010","favourites_count":345,"utc_offset":32400,"time_zone":"Tokyo","geo_enabled":false,"verified":false,"statuses_count":2039,"lang":"ja","contributors_enabled":false,"is_translator":false,"is_translation_enabled":false,"profile_background_color":"FFE694","profile_background_image_url":"http://pbs.twimg.com/profile_background_images/68550423/072b.jpg","profile_background_image_url_https":"https://pbs.twimg.com/profile_background_images/68550423/072b.jpg","profile_background_tile":true,"profile_image_url":"http://pbs.twimg.com/profile_images/881243232591503360/C-oRjvO3_normal.jpg","profile_image_url_https":"https://pbs.twimg.com/profile_images/881243232591503360/C-oRjvO3_normal.jpg","profile_banner_url":"https://pbs.twimg.com/profile_banners/107023678/1437637550","profile_link_color":"D62E28","profile_sidebar_border_color":"471400","profile_sidebar_fill_color":"FFDA47","profile_text_color":"702F0A","profile_use_background_image":true,"has_extended_profile":false,"default_profile":false,"default_profile_image":false,"following":false,"follow_request_sent":false,"notifications":false,"translator_type":"none"},"geo":null,"coordinates":null,"place":null,"contributors":null,"is_quote_status":false,"retweet_count":80,"favorite_count":104,"favorited":false,"retweeted":false,"lang":"ja"},{"created_at":"Sun Jul 09 11:39:26 +0000 2017","id":884014126560718800,"id_str":"884014126560718848","text":"170709 원호느님께 충성 충성 경례 경례 복종 복종｡ﾟ( ﾟஇ‸இﾟ+)ﾟ｡ #MONSTA_X #몬스타엑스 #원호 #WONHO #SHINE_FOREVER #샤인포에버  @OfficialMonstaX https://t.co/Y99NT2z0or","truncated":false,"entities":{"hashtags":[{"text":"MONSTA_X","indices":[44,53]},{"text":"몬스타엑스","indices":[54,60]},{"text":"원호","indices":[61,64]},{"text":"WONHO","indices":[65,71]},{"text":"SHINE_FOREVER","indices":[72,86]},{"text":"샤인포에버","indices":[87,93]}],"symbols":[],"user_mentions":[{"screen_name":"OfficialMonstaX","name":"몬스타엑스_MONSTA X","id":3030158859,"id_str":"3030158859","indices":[95,111]}],"urls":[],"media":[{"id":884014116930596900,"id_str":"884014116930596864","indices":[112,135],"media_url":"http://pbs.twimg.com/media/DESmJ9gUMAA9D3a.jpg","media_url_https":"https://pbs.twimg.com/media/DESmJ9gUMAA9D3a.jpg","url":"https://t.co/Y99NT2z0or","display_url":"pic.twitter.com/Y99NT2z0or","expanded_url":"https://twitter.com/Onehope_WH/status/884014126560718848/photo/1","type":"photo","sizes":{"large":{"w":1100,"h":1650,"resize":"fit"},"thumb":{"w":150,"h":150,"resize":"crop"},"medium":{"w":800,"h":1200,"resize":"fit"},"small":{"w":453,"h":680,"resize":"fit"}}}]},"extended_entities":{"media":[{"id":884014116930596900,"id_str":"884014116930596864","indices":[112,135],"media_url":"http://pbs.twimg.com/media/DESmJ9gUMAA9D3a.jpg","media_url_https":"https://pbs.twimg.com/media/DESmJ9gUMAA9D3a.jpg","url":"https://t.co/Y99NT2z0or","display_url":"pic.twitter.com/Y99NT2z0or","expanded_url":"https://twitter.com/Onehope_WH/status/884014126560718848/photo/1","type":"photo","sizes":{"large":{"w":1100,"h":1650,"resize":"fit"},"thumb":{"w":150,"h":150,"resize":"crop"},"medium":{"w":800,"h":1200,"resize":"fit"},"small":{"w":453,"h":680,"resize":"fit"}}}]},"metadata":{"iso_language_code":"ja","result_type":"recent"},"source":"<a href=\"http://twitter.com/download/iphone\" rel=\"nofollow\">Twitter for iPhone</a>","in_reply_to_status_id":null,"in_reply_to_status_id_str":null,"in_reply_to_user_id":null,"in_reply_to_user_id_str":null,"in_reply_to_screen_name":null,"user":{"id":742620201087164400,"id_str":"742620201087164418","name":"OneHope","screen_name":"Onehope_WH","location":"wonho❣","description":"원호라는 희망 #MONSTA_X #WONHO #원호","url":"https://t.co/GMEyAOezEU","entities":{"url":{"urls":[{"url":"https://t.co/GMEyAOezEU","expanded_url":"http://onehope-wh.tistory.com/","display_url":"onehope-wh.tistory.com","indices":[0,23]}]},"description":{"urls":[]}},"protected":false,"followers_count":39289,"friends_count":2,"listed_count":1235,"created_at":"Tue Jun 14 07:30:28 +0000 2016","favourites_count":0,"utc_offset":32400,"time_zone":"Seoul","geo_enabled":false,"verified":false,"statuses_count":2751,"lang":"ko","contributors_enabled":false,"is_translator":false,"is_translation_enabled":false,"profile_background_color":"F5F8FA","profile_background_image_url":null,"profile_background_image_url_https":null,"profile_background_tile":false,"profile_image_url":"http://pbs.twimg.com/profile_images/871357094649225217/bRDnpR0A_normal.jpg","profile_image_url_https":"https://pbs.twimg.com/profile_images/871357094649225217/bRDnpR0A_normal.jpg","profile_banner_url":"https://pbs.twimg.com/profile_banners/742620201087164418/1496582648","profile_link_color":"1DA1F2","profile_sidebar_border_color":"C0DEED","profile_sidebar_fill_color":"DDEEF6","profile_text_color":"333333","profile_use_background_image":true,"has_extended_profile":false,"default_profile":true,"default_profile_image":false,"following":false,"follow_request_sent":false,"notifications":false,"translator_type":"none"},"geo":null,"coordinates":null,"place":null,"contributors":null,"is_quote_status":false,"retweet_count":64,"favorite_count":49,"favorited":false,"retweeted":false,"possibly_sensitive":false,"lang":"ja"},{"created_at":"Sun Jul 09 11:38:46 +0000 2017","id":884013959539380200,"id_str":"884013959539380227","text":"浦和ゴール裏が勝利のウィーアーダイアモンド拒否\n\nメインとバックと南の客が勝手に歌いだす。\n\nサポーターもかなり分裂気味 https://t.co/XFHKJ6V6ss","truncated":false,"entities":{"hashtags":[],"symbols":[],"user_mentions":[],"urls":[],"media":[{"id":884013937494184000,"id_str":"884013937494183936","indices":[61,84],"media_url":"http://pbs.twimg.com/media/DESl_hDV0AATaog.jpg","media_url_https":"https://pbs.twimg.com/media/DESl_hDV0AATaog.jpg","url":"https://t.co/XFHKJ6V6ss","display_url":"pic.twitter.com/XFHKJ6V6ss","expanded_url":"https://twitter.com/soccerugfilez/status/884013959539380227/photo/1","type":"photo","sizes":{"large":{"w":2048,"h":1152,"resize":"fit"},"medium":{"w":1200,"h":675,"resize":"fit"},"thumb":{"w":150,"h":150,"resize":"crop"},"small":{"w":680,"h":383,"resize":"fit"}}}]},"extended_entities":{"media":[{"id":884013937494184000,"id_str":"884013937494183936","indices":[61,84],"media_url":"http://pbs.twimg.com/media/DESl_hDV0AATaog.jpg","media_url_https":"https://pbs.twimg.com/media/DESl_hDV0AATaog.jpg","url":"https://t.co/XFHKJ6V6ss","display_url":"pic.twitter.com/XFHKJ6V6ss","expanded_url":"https://twitter.com/soccerugfilez/status/884013959539380227/photo/1","type":"photo","sizes":{"large":{"w":2048,"h":1152,"resize":"fit"},"medium":{"w":1200,"h":675,"resize":"fit"},"thumb":{"w":150,"h":150,"resize":"crop"},"small":{"w":680,"h":383,"resize":"fit"}}}]},"metadata":{"iso_language_code":"ja","result_type":"recent"},"source":"<a href=\"http://twitter.com/download/iphone\" rel=\"nofollow\">Twitter for iPhone</a>","in_reply_to_status_id":null,"in_reply_to_status_id_str":null,"in_reply_to_user_id":null,"in_reply_to_user_id_str":null,"in_reply_to_screen_name":null,"user":{"id":17466742,"id_str":"17466742","name":"UG","screen_name":"soccerugfilez","location":"世界の中心・大池袋","description":"光速のキャプチャ芸","url":"https://t.co/cSNNhI92Kh","entities":{"url":{"urls":[{"url":"https://t.co/cSNNhI92Kh","expanded_url":"http://soccerunderground.com/blog/","display_url":"soccerunderground.com/blog/","indices":[0,23]}]},"description":{"urls":[]}},"protected":false,"followers_count":50389,"friends_count":25722,"listed_count":2042,"created_at":"Tue Nov 18 17:54:42 +0000 2008","favourites_count":14584,"utc_offset":-36000,"time_zone":"Hawaii","geo_enabled":true,"verified":false,"statuses_count":47113,"lang":"ja","contributors_enabled":false,"is_translator":false,"is_translation_enabled":false,"profile_background_color":"9AE4E8","profile_background_image_url":"http://pbs.twimg.com/profile_background_images/210388337/610x.jpg","profile_background_image_url_https":"https://pbs.twimg.com/profile_background_images/210388337/610x.jpg","profile_background_tile":true,"profile_image_url":"http://pbs.twimg.com/profile_images/876124827609841665/BlUXSRv2_normal.jpg","profile_image_url_https":"https://pbs.twimg.com/profile_images/876124827609841665/BlUXSRv2_normal.jpg","profile_banner_url":"https://pbs.twimg.com/profile_banners/17466742/1497719570","profile_link_color":"0084B4","profile_sidebar_border_color":"BDDCAD","profile_sidebar_fill_color":"DDFFCC","profile_text_color":"333333","profile_use_background_image":true,"has_extended_profile":false,"default_profile":false,"default_profile_image":false,"following":false,"follow_request_sent":false,"notifications":false,"translator_type":"none"},"geo":null,"coordinates":null,"place":null,"contributors":null,"is_quote_status":false,"retweet_count":133,"favorite_count":53,"favorited":false,"retweeted":false,"possibly_sensitive":false,"lang":"ja"},{"created_at":"Sun Jul 09 11:38:41 +0000 2017","id":884013937427062800,"id_str":"884013937427062784","text":"例によって、仕事が進まないので片付けをしていたら出て来た、防衛部の初期コンセプトデザイン。宮脇千鶴さんによる。 https://t.co/SfXav7OJ6u","truncated":false,"entities":{"hashtags":[],"symbols":[],"user_mentions":[],"urls":[],"media":[{"id":884013925150335000,"id_str":"884013925150334976","indices":[56,79],"media_url":"http://pbs.twimg.com/media/DESl-zEVoAAUO7B.jpg","media_url_https":"https://pbs.twimg.com/media/DESl-zEVoAAUO7B.jpg","url":"https://t.co/SfXav7OJ6u","display_url":"pic.twitter.com/SfXav7OJ6u","expanded_url":"https://twitter.com/takama2_shinji/status/884013937427062784/photo/1","type":"photo","sizes":{"medium":{"w":900,"h":1200,"resize":"fit"},"thumb":{"w":150,"h":150,"resize":"crop"},"large":{"w":1536,"h":2048,"resize":"fit"},"small":{"w":510,"h":680,"resize":"fit"}}}]},"extended_entities":{"media":[{"id":884013925150335000,"id_str":"884013925150334976","indices":[56,79],"media_url":"http://pbs.twimg.com/media/DESl-zEVoAAUO7B.jpg","media_url_https":"https://pbs.twimg.com/media/DESl-zEVoAAUO7B.jpg","url":"https://t.co/SfXav7OJ6u","display_url":"pic.twitter.com/SfXav7OJ6u","expanded_url":"https://twitter.com/takama2_shinji/status/884013937427062784/photo/1","type":"photo","sizes":{"medium":{"w":900,"h":1200,"resize":"fit"},"thumb":{"w":150,"h":150,"resize":"crop"},"large":{"w":1536,"h":2048,"resize":"fit"},"small":{"w":510,"h":680,"resize":"fit"}}}]},"metadata":{"iso_language_code":"ja","result_type":"recent"},"source":"<a href=\"http://twitter.com/download/iphone\" rel=\"nofollow\">Twitter for iPhone</a>","in_reply_to_status_id":null,"in_reply_to_status_id_str":null,"in_reply_to_user_id":null,"in_reply_to_user_id_str":null,"in_reply_to_screen_name":null,"user":{"id":1909468363,"id_str":"1909468363","name":"高松信司","screen_name":"takama2_shinji","location":"","description":"Shinji Takamatsu : TV Anime Director : アニメ作ってるオッさんのひとりごと。 すみません、基本的にフォローもリプもしないかんじです。 m(_ _)m","url":null,"entities":{"description":{"urls":[]}},"protected":false,"followers_count":28448,"friends_count":0,"listed_count":829,"created_at":"Thu Sep 26 22:53:09 +0000 2013","favourites_count":0,"utc_offset":32400,"time_zone":"Tokyo","geo_enabled":false,"verified":false,"statuses_count":5136,"lang":"ja","contributors_enabled":false,"is_translator":false,"is_translation_enabled":false,"profile_background_color":"FFCC4D","profile_background_image_url":"http://pbs.twimg.com/profile_background_images/378800000098261898/d43ec434ec6a2fa1a2a048d24fb5b961.jpeg","profile_background_image_url_https":"https://pbs.twimg.com/profile_background_images/378800000098261898/d43ec434ec6a2fa1a2a048d24fb5b961.jpeg","profile_background_tile":false,"profile_image_url":"http://pbs.twimg.com/profile_images/875506761196642304/e_Gsurjh_normal.jpg","profile_image_url_https":"https://pbs.twimg.com/profile_images/875506761196642304/e_Gsurjh_normal.jpg","profile_link_color":"FAB81E","profile_sidebar_border_color":"FFFFFF","profile_sidebar_fill_color":"DDEEF6","profile_text_color":"333333","profile_use_background_image":false,"has_extended_profile":false,"default_profile":false,"default_profile_image":false,"following":false,"follow_request_sent":false,"notifications":false,"translator_type":"none"},"geo":null,"coordinates":null,"place":null,"contributors":null,"is_quote_status":false,"retweet_count":98,"favorite_count":128,"favorited":false,"retweeted":false,"possibly_sensitive":false,"lang":"ja"},{"created_at":"Sun Jul 09 11:38:33 +0000 2017","id":884013902941507600,"id_str":"884013902941507584","text":"氏真様がダンサーになってるけど去年の今頃も秀次様が能を舞ってたら秀吉様にブチ切れられてたよな…\nあと源次郎が下手くそだった。\n\n #おんな城主直虎","truncated":false,"entities":{"hashtags":[{"text":"おんな城主直虎","indices":[65,73]}],"symbols":[],"user_mentions":[],"urls":[]},"metadata":{"iso_language_code":"ja","result_type":"recent"},"source":"<a href=\"http://twitter.com/download/iphone\" rel=\"nofollow\">Twitter for iPhone</a>","in_reply_to_status_id":null,"in_reply_to_status_id_str":null,"in_reply_to_user_id":null,"in_reply_to_user_id_str":null,"in_reply_to_screen_name":null,"user":{"id":478157613,"id_str":"478157613","name":"石田三成","screen_name":"zibumitunari","location":"佐和山城","description":"石田三成。420年前は五奉行職。山崎、小牧長久手、忍城攻め、関ヶ原に出陣。現在はツイッタ―で活動。 好物は近江鮎の塩焼きと大福と茶。 治部少輔です。話が合う者は気軽にフォローをしてくれると有難い。","url":"https://t.co/CtRRMU8KSO","entities":{"url":{"urls":[{"url":"https://t.co/CtRRMU8KSO","expanded_url":"https://ja.m.wikipedia.org/wiki/%E7%9F%B3%E7%94%B0%E4%B8%89%E6%88%90","display_url":"ja.m.wikipedia.org/wiki/%E7%9F%B3…","indices":[0,23]}]},"description":{"urls":[]}},"protected":false,"followers_count":115935,"friends_count":3050,"listed_count":1115,"created_at":"Sun Jan 29 23:57:45 +0000 2012","favourites_count":49055,"utc_offset":null,"time_zone":null,"geo_enabled":false,"verified":false,"statuses_count":49399,"lang":"ja","contributors_enabled":false,"is_translator":false,"is_translation_enabled":false,"profile_background_color":"C0DEED","profile_background_image_url":"http://abs.twimg.com/images/themes/theme1/bg.png","profile_background_image_url_https":"https://abs.twimg.com/images/themes/theme1/bg.png","profile_background_tile":false,"profile_image_url":"http://pbs.twimg.com/profile_images/883501986624057344/pm5i4JiU_normal.jpg","profile_image_url_https":"https://pbs.twimg.com/profile_images/883501986624057344/pm5i4JiU_normal.jpg","profile_banner_url":"https://pbs.twimg.com/profile_banners/478157613/1489228790","profile_link_color":"1DA1F2","profile_sidebar_border_color":"C0DEED","profile_sidebar_fill_color":"DDEEF6","profile_text_color":"333333","profile_use_background_image":true,"has_extended_profile":false,"default_profile":true,"default_profile_image":false,"following":false,"follow_request_sent":false,"notifications":false,"translator_type":"none"},"geo":null,"coordinates":null,"place":null,"contributors":null,"is_quote_status":false,"retweet_count":116,"favorite_count":116,"favorited":false,"retweeted":false,"lang":"ja"},{"created_at":"Sun Jul 09 11:37:58 +0000 2017","id":884013758506442800,"id_str":"884013758506442752","text":"新潟のみんな！ お待たせしました!!\n新潟県に町会議が初上陸！\n9月2日（土）新潟市「わらアート祭り」と町会議で盛り上がろう！\n\nただいま生放送で、開催地・出演者ほかニコニコ町会議2017を大発表中！… https://t.co/Cd6NPaogL9","truncated":true,"entities":{"hashtags":[],"symbols":[],"user_mentions":[],"urls":[{"url":"https://t.co/Cd6NPaogL9","expanded_url":"https://twitter.com/i/web/status/884013758506442752","display_url":"twitter.com/i/web/status/8…","indices":[102,125]}]},"metadata":{"iso_language_code":"ja","result_type":"recent"},"source":"<a href=\"https://about.twitter.com/products/tweetdeck\" rel=\"nofollow\">TweetDeck</a>","in_reply_to_status_id":null,"in_reply_to_status_id_str":null,"in_reply_to_user_id":null,"in_reply_to_user_id_str":null,"in_reply_to_screen_name":null,"user":{"id":3253247274,"id_str":"3253247274","name":"niconicoリアルイベント【公式】","screen_name":"eventnico","location":"","description":"niconico（ニコニコ動画）のリアルイベント公式Twitterです！イベント情報や当日レポート、バックステージや出演者情報などを呟きます。イベントに関するお問い合わせは「https://t.co/qUDua3AgoJ」からお願いします。個別の返信はしておりません。ご了承ください。#eventnico","url":"https://t.co/8sFRv8pWDl","entities":{"url":{"urls":[{"url":"https://t.co/8sFRv8pWDl","expanded_url":"http://chokaigitour.jp/","display_url":"chokaigitour.jp","indices":[0,23]}]},"description":{"urls":[{"url":"https://t.co/qUDua3AgoJ","expanded_url":"http://bit.ly/1I16q7O","display_url":"bit.ly/1I16q7O","indices":[87,110]}]}},"protected":false,"followers_count":22776,"friends_count":9281,"listed_count":226,"created_at":"Tue Jun 23 04:41:15 +0000 2015","favourites_count":0,"utc_offset":32400,"time_zone":"Tokyo","geo_enabled":false,"verified":true,"statuses_count":2920,"lang":"ja","contributors_enabled":false,"is_translator":false,"is_translation_enabled":false,"profile_background_color":"000000","profile_background_image_url":"http://abs.twimg.com/images/themes/theme1/bg.png","profile_background_image_url_https":"https://abs.twimg.com/images/themes/theme1/bg.png","profile_background_tile":false,"profile_image_url":"http://pbs.twimg.com/profile_images/613241175504367616/jBVoCg52_normal.png","profile_image_url_https":"https://pbs.twimg.com/profile_images/613241175504367616/jBVoCg52_normal.png","profile_banner_url":"https://pbs.twimg.com/profile_banners/3253247274/1435804490","profile_link_color":"1B95E0","profile_sidebar_border_color":"000000","profile_sidebar_fill_color":"000000","profile_text_color":"000000","profile_use_background_image":false,"has_extended_profile":false,"default_profile":false,"default_profile_image":false,"following":false,"follow_request_sent":false,"notifications":false,"translator_type":"none"},"geo":null,"coordinates":null,"place":null,"contributors":null,"is_quote_status":false,"retweet_count":104,"favorite_count":78,"favorited":false,"retweeted":false,"possibly_sensitive":false,"lang":"ja"},{"created_at":"Sun Jul 09 11:37:56 +0000 2017","id":884013747123048400,"id_str":"884013747123048448","text":"Scawaii8月号発売しました🏝\n表紙は可愛過ぎるこっちゃんとひびきちゃんでっす🤤👏🏻\n連載で幻の髪色公開されてるよ🤑！\n仕事の関係で3日間限定だったけど、毛先を黄色にしてました⚡️⚡️⚡️\nどうかな？？？🤘🏻 https://t.co/S52B6mGYrA","truncated":false,"entities":{"hashtags":[],"symbols":[],"user_mentions":[],"urls":[],"media":[{"id":884013720703074300,"id_str":"884013720703074304","indices":[107,130],"media_url":"http://pbs.twimg.com/media/DESly5cUAAAdqfS.jpg","media_url_https":"https://pbs.twimg.com/media/DESly5cUAAAdqfS.jpg","url":"https://t.co/S52B6mGYrA","display_url":"pic.twitter.com/S52B6mGYrA","expanded_url":"https://twitter.com/popochan318/status/884013747123048448/photo/1","type":"photo","sizes":{"small":{"w":531,"h":680,"resize":"fit"},"thumb":{"w":150,"h":150,"resize":"crop"},"medium":{"w":938,"h":1200,"resize":"fit"},"large":{"w":1600,"h":2048,"resize":"fit"}}}]},"extended_entities":{"media":[{"id":884013720703074300,"id_str":"884013720703074304","indices":[107,130],"media_url":"http://pbs.twimg.com/media/DESly5cUAAAdqfS.jpg","media_url_https":"https://pbs.twimg.com/media/DESly5cUAAAdqfS.jpg","url":"https://t.co/S52B6mGYrA","display_url":"pic.twitter.com/S52B6mGYrA","expanded_url":"https://twitter.com/popochan318/status/884013747123048448/photo/1","type":"photo","sizes":{"small":{"w":531,"h":680,"resize":"fit"},"thumb":{"w":150,"h":150,"resize":"crop"},"medium":{"w":938,"h":1200,"resize":"fit"},"large":{"w":1600,"h":2048,"resize":"fit"}}},{"id":884013720589946900,"id_str":"884013720589946880","indices":[107,130],"media_url":"http://pbs.twimg.com/media/DESly5BV0AALcn-.jpg","media_url_https":"https://pbs.twimg.com/media/DESly5BV0AALcn-.jpg","url":"https://t.co/S52B6mGYrA","display_url":"pic.twitter.com/S52B6mGYrA","expanded_url":"https://twitter.com/popochan318/status/884013747123048448/photo/1","type":"photo","sizes":{"large":{"w":750,"h":1000,"resize":"fit"},"medium":{"w":750,"h":1000,"resize":"fit"},"thumb":{"w":150,"h":150,"resize":"crop"},"small":{"w":510,"h":680,"resize":"fit"}}}]},"metadata":{"iso_language_code":"ja","result_type":"recent"},"source":"<a href=\"http://twitter.com/download/iphone\" rel=\"nofollow\">Twitter for iPhone</a>","in_reply_to_status_id":null,"in_reply_to_status_id_str":null,"in_reply_to_user_id":null,"in_reply_to_user_id_str":null,"in_reply_to_screen_name":null,"user":{"id":805945176,"id_str":"805945176","name":"ちぃぽぽ（吉木千沙都）","screen_name":"popochan318","location":"Tokyo,Japan","description":"ScawaiiとLARMEに出てます♡（´-`）.｡oO（感謝と初心を忘れずに。","url":"https://t.co/u8uxa8ZHGZ","entities":{"url":{"urls":[{"url":"https://t.co/u8uxa8ZHGZ","expanded_url":"https://www.instagram.com/popochan318/","display_url":"instagram.com/popochan318/","indices":[0,23]}]},"description":{"urls":[]}},"protected":false,"followers_count":837357,"friends_count":324,"listed_count":2020,"created_at":"Thu Sep 06 03:22:40 +0000 2012","favourites_count":3665,"utc_offset":32400,"time_zone":"Tokyo","geo_enabled":false,"verified":true,"statuses_count":12954,"lang":"ja","contributors_enabled":false,"is_translator":false,"is_translation_enabled":false,"profile_background_color":"C0DEED","profile_background_image_url":"http://abs.twimg.com/images/themes/theme1/bg.png","profile_background_image_url_https":"https://abs.twimg.com/images/themes/theme1/bg.png","profile_background_tile":false,"profile_image_url":"http://pbs.twimg.com/profile_images/830064459209011205/rrdcGhCD_normal.jpg","profile_image_url_https":"https://pbs.twimg.com/profile_images/830064459209011205/rrdcGhCD_normal.jpg","profile_banner_url":"https://pbs.twimg.com/profile_banners/805945176/1458726730","profile_link_color":"1DA1F2","profile_sidebar_border_color":"C0DEED","profile_sidebar_fill_color":"DDEEF6","profile_text_color":"333333","profile_use_background_image":true,"has_extended_profile":true,"default_profile":true,"default_profile_image":false,"following":false,"follow_request_sent":false,"notifications":false,"translator_type":"none"},"geo":null,"coordinates":null,"place":null,"contributors":null,"is_quote_status":false,"retweet_count":128,"favorite_count":1169,"favorited":false,"retweeted":false,"possibly_sensitive":false,"lang":"ja"},{"created_at":"Sun Jul 09 11:37:55 +0000 2017","id":884013745600462800,"id_str":"884013745600462849","text":"今日もとても蒸し暑い一日でした。。お家の前のひんやりスポットで夕涼み。(ﾉ*ΦωΦ)ﾉしゃっこいー！きもちいー！ https://t.co/0mzvTYQQWw","truncated":false,"entities":{"hashtags":[],"symbols":[],"user_mentions":[],"urls":[],"media":[{"id":884013733025955800,"id_str":"884013733025955840","indices":[57,80],"media_url":"http://pbs.twimg.com/media/DESlznWUQAA-B-f.jpg","media_url_https":"https://pbs.twimg.com/media/DESlznWUQAA-B-f.jpg","url":"https://t.co/0mzvTYQQWw","display_url":"pic.twitter.com/0mzvTYQQWw","expanded_url":"https://twitter.com/myumyulovemyu/status/884013745600462849/photo/1","type":"photo","sizes":{"small":{"w":680,"h":680,"resize":"fit"},"large":{"w":726,"h":726,"resize":"fit"},"thumb":{"w":150,"h":150,"resize":"crop"},"medium":{"w":726,"h":726,"resize":"fit"}}}]},"extended_entities":{"media":[{"id":884013733025955800,"id_str":"884013733025955840","indices":[57,80],"media_url":"http://pbs.twimg.com/media/DESlznWUQAA-B-f.jpg","media_url_https":"https://pbs.twimg.com/media/DESlznWUQAA-B-f.jpg","url":"https://t.co/0mzvTYQQWw","display_url":"pic.twitter.com/0mzvTYQQWw","expanded_url":"https://twitter.com/myumyulovemyu/status/884013745600462849/photo/1","type":"photo","sizes":{"small":{"w":680,"h":680,"resize":"fit"},"large":{"w":726,"h":726,"resize":"fit"},"thumb":{"w":150,"h":150,"resize":"crop"},"medium":{"w":726,"h":726,"resize":"fit"}}},{"id":884013733026054100,"id_str":"884013733026054144","indices":[57,80],"media_url":"http://pbs.twimg.com/media/DESlznWVwAAX4O2.jpg","media_url_https":"https://pbs.twimg.com/media/DESlznWVwAAX4O2.jpg","url":"https://t.co/0mzvTYQQWw","display_url":"pic.twitter.com/0mzvTYQQWw","expanded_url":"https://twitter.com/myumyulovemyu/status/884013745600462849/photo/1","type":"photo","sizes":{"medium":{"w":735,"h":734,"resize":"fit"},"thumb":{"w":150,"h":150,"resize":"crop"},"large":{"w":735,"h":734,"resize":"fit"},"small":{"w":680,"h":679,"resize":"fit"}}}]},"metadata":{"iso_language_code":"ja","result_type":"recent"},"source":"<a href=\"http://twitter.com/download/iphone\" rel=\"nofollow\">Twitter for iPhone</a>","in_reply_to_status_id":null,"in_reply_to_status_id_str":null,"in_reply_to_user_id":null,"in_reply_to_user_id_str":null,"in_reply_to_screen_name":null,"user":{"id":180813834,"id_str":"180813834","name":"もも　と　みらい","screen_name":"myumyulovemyu","location":"北海道。あと東京と静岡と。","description":"モモ、ズズ、チャチャ、チィチィ、ルル、モフモフ、うっしー、しろちゃ、ビビの9匹の猫と一緒に暮らしながら北海道の田舎でお菓子とお茶の小さなお店をやっています。うちの猫はおしゃべりなので猫も呟きます。フォトブック『りすが遊びにやって来る森のcafeの12ヶ月』『9匹のねこが暮らす森のカフェの12ヶ月』発売中です(ºㅅº*)","url":null,"entities":{"description":{"urls":[]}},"protected":false,"followers_count":177487,"friends_count":87,"listed_count":3570,"created_at":"Fri Aug 20 15:12:44 +0000 2010","favourites_count":2637,"utc_offset":32400,"time_zone":"Tokyo","geo_enabled":true,"verified":false,"statuses_count":6591,"lang":"ja","contributors_enabled":false,"is_translator":false,"is_translation_enabled":false,"profile_background_color":"0099B9","profile_background_image_url":"http://pbs.twimg.com/profile_background_images/448816599/kabegami.jpg","profile_background_image_url_https":"https://pbs.twimg.com/profile_background_images/448816599/kabegami.jpg","profile_background_tile":true,"profile_image_url":"http://pbs.twimg.com/profile_images/3442704502/1426507ad2109c3ba8948a5273b117e7_normal.jpeg","profile_image_url_https":"https://pbs.twimg.com/profile_images/3442704502/1426507ad2109c3ba8948a5273b117e7_normal.jpeg","profile_banner_url":"https://pbs.twimg.com/profile_banners/180813834/1450085225","profile_link_color":"0099B9","profile_sidebar_border_color":"5ED4DC","profile_sidebar_fill_color":"95E8EC","profile_text_color":"3C3940","profile_use_background_image":true,"has_extended_profile":false,"default_profile":false,"default_profile_image":false,"following":false,"follow_request_sent":false,"notifications":false,"translator_type":"none"},"geo":null,"coordinates":null,"place":null,"contributors":null,"is_quote_status":false,"retweet_count":88,"favorite_count":244,"favorited":false,"retweeted":false,"possibly_sensitive":false,"lang":"ja"},{"created_at":"Sun Jul 09 11:37:44 +0000 2017","id":884013699937124400,"id_str":"884013699937124352","text":"会場は進行を止めて復旧を待っております。\n\nご迷惑をおかけして申し訳ありません。 https://t.co/ejZWojp1eH","truncated":false,"entities":{"hashtags":[],"symbols":[],"user_mentions":[],"urls":[],"media":[{"id":884013689371631600,"id_str":"884013689371631616","indices":[41,64],"media_url":"http://pbs.twimg.com/media/DESlxEuUIAAe5di.jpg","media_url_https":"https://pbs.twimg.com/media/DESlxEuUIAAe5di.jpg","url":"https://t.co/ejZWojp1eH","display_url":"pic.twitter.com/ejZWojp1eH","expanded_url":"https://twitter.com/sukima_official/status/884013699937124352/photo/1","type":"photo","sizes":{"medium":{"w":1200,"h":900,"resize":"fit"},"small":{"w":680,"h":510,"resize":"fit"},"thumb":{"w":150,"h":150,"resize":"crop"},"large":{"w":2048,"h":1536,"resize":"fit"}}}]},"extended_entities":{"media":[{"id":884013689371631600,"id_str":"884013689371631616","indices":[41,64],"media_url":"http://pbs.twimg.com/media/DESlxEuUIAAe5di.jpg","media_url_https":"https://pbs.twimg.com/media/DESlxEuUIAAe5di.jpg","url":"https://t.co/ejZWojp1eH","display_url":"pic.twitter.com/ejZWojp1eH","expanded_url":"https://twitter.com/sukima_official/status/884013699937124352/photo/1","type":"photo","sizes":{"medium":{"w":1200,"h":900,"resize":"fit"},"small":{"w":680,"h":510,"resize":"fit"},"thumb":{"w":150,"h":150,"resize":"crop"},"large":{"w":2048,"h":1536,"resize":"fit"}}}]},"metadata":{"iso_language_code":"ja","result_type":"recent"},"source":"<a href=\"http://twitter.com/download/iphone\" rel=\"nofollow\">Twitter for iPhone</a>","in_reply_to_status_id":null,"in_reply_to_status_id_str":null,"in_reply_to_user_id":null,"in_reply_to_user_id_str":null,"in_reply_to_screen_name":null,"user":{"id":314329330,"id_str":"314329330","name":"スキマスイッチ公式","screen_name":"sukima_official","location":"日本","description":"大橋卓弥、常田真太郎のソングライター2人からなるユニット。2003年にデビュー。代表曲は「奏(かなで)」「全力少年」「ボクノート」「ガラナ」など。","url":"https://t.co/7VNBKwHn5g","entities":{"url":{"urls":[{"url":"https://t.co/7VNBKwHn5g","expanded_url":"http://www.office-augusta.com/sukimaswitch/","display_url":"office-augusta.com/sukimaswitch/","indices":[0,23]}]},"description":{"urls":[]}},"protected":false,"followers_count":81509,"friends_count":33,"listed_count":1009,"created_at":"Fri Jun 10 02:33:13 +0000 2011","favourites_count":9,"utc_offset":null,"time_zone":null,"geo_enabled":false,"verified":true,"statuses_count":4687,"lang":"ja","contributors_enabled":false,"is_translator":false,"is_translation_enabled":false,"profile_background_color":"C0DEED","profile_background_image_url":"http://abs.twimg.com/images/themes/theme1/bg.png","profile_background_image_url_https":"https://abs.twimg.com/images/themes/theme1/bg.png","profile_background_tile":false,"profile_image_url":"http://pbs.twimg.com/profile_images/824460438289080324/VlN-tEvf_normal.jpg","profile_image_url_https":"https://pbs.twimg.com/profile_images/824460438289080324/VlN-tEvf_normal.jpg","profile_link_color":"1DA1F2","profile_sidebar_border_color":"C0DEED","profile_sidebar_fill_color":"DDEEF6","profile_text_color":"333333","profile_use_background_image":true,"has_extended_profile":false,"default_profile":true,"default_profile_image":false,"following":false,"follow_request_sent":false,"notifications":false,"translator_type":"none"},"geo":null,"coordinates":null,"place":null,"contributors":null,"is_quote_status":false,"retweet_count":215,"favorite_count":552,"favorited":false,"retweeted":false,"possibly_sensitive":false,"lang":"ja"},{"created_at":"Sun Jul 09 11:37:34 +0000 2017","id":884013655867523100,"id_str":"884013655867523073","text":"あ！直虎やってる！\n方久ってる、","truncated":false,"entities":{"hashtags":[],"symbols":[],"user_mentions":[],"urls":[]},"metadata":{"iso_language_code":"ja","result_type":"recent"},"source":"<a href=\"http://twitter.com/download/iphone\" rel=\"nofollow\">Twitter for iPhone</a>","in_reply_to_status_id":null,"in_reply_to_status_id_str":null,"in_reply_to_user_id":null,"in_reply_to_user_id_str":null,"in_reply_to_screen_name":null,"user":{"id":146784071,"id_str":"146784071","name":"ムロツヨシ","screen_name":"murotsuyoshi","location":"どこか、に","description":"役者、カタカナ５文字、天パー、得意料理→ムロ鍋、ムロしゃぶ、","url":"http://t.co/uVTlPUKJqo","entities":{"url":{"urls":[{"url":"http://t.co/uVTlPUKJqo","expanded_url":"http://murotsuyoshi.net","display_url":"murotsuyoshi.net","indices":[0,22]}]},"description":{"urls":[]}},"protected":false,"followers_count":779399,"friends_count":386,"listed_count":3138,"created_at":"Sat May 22 09:44:24 +0000 2010","favourites_count":8,"utc_offset":null,"time_zone":null,"geo_enabled":false,"verified":false,"statuses_count":4260,"lang":"ja","contributors_enabled":false,"is_translator":false,"is_translation_enabled":false,"profile_background_color":"C0DEED","profile_background_image_url":"http://abs.twimg.com/images/themes/theme1/bg.png","profile_background_image_url_https":"https://abs.twimg.com/images/themes/theme1/bg.png","profile_background_tile":false,"profile_image_url":"http://pbs.twimg.com/profile_images/1145127207/85782a5f2a0e2dd81865a87e2d1cbcce_normal.jpeg","profile_image_url_https":"https://pbs.twimg.com/profile_images/1145127207/85782a5f2a0e2dd81865a87e2d1cbcce_normal.jpeg","profile_link_color":"1DA1F2","profile_sidebar_border_color":"C0DEED","profile_sidebar_fill_color":"DDEEF6","profile_text_color":"333333","profile_use_background_image":true,"has_extended_profile":false,"default_profile":true,"default_profile_image":false,"following":false,"follow_request_sent":false,"notifications":false,"translator_type":"none"},"geo":null,"coordinates":null,"place":null,"contributors":null,"is_quote_status":false,"retweet_count":134,"favorite_count":830,"favorited":false,"retweeted":false,"lang":"ja"},{"created_at":"Sun Jul 09 11:37:28 +0000 2017","id":884013630043209700,"id_str":"884013630043209728","text":"ひさしぶりのプリタグ😀📛\n\n●現役高校2年生 \n\n●幼馴染男女3人組\n\n●YouTube⇨https://t.co/YXvYnqixwS\n\n●気になったらフォローしてね！\n\n●まもなくfollower7万人🎉… https://t.co/UUkpcM8VkN","truncated":true,"entities":{"hashtags":[],"symbols":[],"user_mentions":[],"urls":[{"url":"https://t.co/YXvYnqixwS","expanded_url":"https://www.youtube.com/channel/UCFWOTgjYbVwV5ZYd-WRtpLA","display_url":"youtube.com/channel/UCFWOT…","indices":[45,68]},{"url":"https://t.co/UUkpcM8VkN","expanded_url":"https://twitter.com/i/web/status/884013630043209728","display_url":"twitter.com/i/web/status/8…","indices":[106,129]}]},"metadata":{"iso_language_code":"ja","result_type":"recent"},"source":"<a href=\"http://twitter.com/download/iphone\" rel=\"nofollow\">Twitter for iPhone</a>","in_reply_to_status_id":null,"in_reply_to_status_id_str":null,"in_reply_to_user_id":null,"in_reply_to_user_id_str":null,"in_reply_to_screen_name":null,"user":{"id":3244946456,"id_str":"3244946456","name":"ぴーかっぱあっぷる【PKA】🐸","screen_name":"PKA_123","location":"Mixchannel 30万人突破・YouTube  ↙︎","description":"🌱高2🐌幼馴染三人組🌂3人の日々を更新中🌧 お問い合わせはpka_123work@yahoo.co.jpまで☁️ リクエスト・ご要望は #PKApost でツイート👌🏻 ✏︎P(@Yu_u_sb ) ✏︎K(@kappa_0715 ) ✏︎A(@ririka0221apple )🌦🌦🌦🌦🌦🌦🌦","url":"https://t.co/FKW7m8XZEg","entities":{"url":{"urls":[{"url":"https://t.co/FKW7m8XZEg","expanded_url":"https://m.youtube.com/channel/UCFWOTgjYbVwV5ZYd-WRtpLA","display_url":"m.youtube.com/channel/UCFWOT…","indices":[0,23]}]},"description":{"urls":[]}},"protected":false,"followers_count":69033,"friends_count":15,"listed_count":97,"created_at":"Sun Jun 14 07:58:27 +0000 2015","favourites_count":1564,"utc_offset":null,"time_zone":null,"geo_enabled":false,"verified":false,"statuses_count":2684,"lang":"ja","contributors_enabled":false,"is_translator":false,"is_translation_enabled":false,"profile_background_color":"C0DEED","profile_background_image_url":"http://abs.twimg.com/images/themes/theme1/bg.png","profile_background_image_url_https":"https://abs.twimg.com/images/themes/theme1/bg.png","profile_background_tile":false,"profile_image_url":"http://pbs.twimg.com/profile_images/858917977592168448/RkRZRH4L_normal.jpg","profile_image_url_https":"https://pbs.twimg.com/profile_images/858917977592168448/RkRZRH4L_normal.jpg","profile_banner_url":"https://pbs.twimg.com/profile_banners/3244946456/1491036436","profile_link_color":"1DA1F2","profile_sidebar_border_color":"C0DEED","profile_sidebar_fill_color":"DDEEF6","profile_text_color":"333333","profile_use_background_image":true,"has_extended_profile":false,"default_profile":true,"default_profile_image":false,"following":false,"follow_request_sent":false,"notifications":false,"translator_type":"none"},"geo":null,"coordinates":null,"place":null,"contributors":null,"is_quote_status":false,"retweet_count":108,"favorite_count":321,"favorited":false,"retweeted":false,"possibly_sensitive":false,"lang":"ja"},{"created_at":"Sun Jul 09 11:36:38 +0000 2017","id":884013423108931600,"id_str":"884013423108931585","text":"せっかくなので斉藤壮馬くんと石川界人くんとフィッシュストーリーポーズ！全然眠れない♪ https://t.co/6u0F0N711W","truncated":false,"entities":{"hashtags":[],"symbols":[],"user_mentions":[],"urls":[],"media":[{"id":884013408785387500,"id_str":"884013408785387520","indices":[43,66],"media_url":"http://pbs.twimg.com/media/DESlgvdV0AAgQSb.jpg","media_url_https":"https://pbs.twimg.com/media/DESlgvdV0AAgQSb.jpg","url":"https://t.co/6u0F0N711W","display_url":"pic.twitter.com/6u0F0N711W","expanded_url":"https://twitter.com/Masayoshi_Oishi/status/884013423108931585/photo/1","type":"photo","sizes":{"medium":{"w":900,"h":1200,"resize":"fit"},"large":{"w":1536,"h":2048,"resize":"fit"},"thumb":{"w":150,"h":150,"resize":"crop"},"small":{"w":510,"h":680,"resize":"fit"}}}]},"extended_entities":{"media":[{"id":884013408785387500,"id_str":"884013408785387520","indices":[43,66],"media_url":"http://pbs.twimg.com/media/DESlgvdV0AAgQSb.jpg","media_url_https":"https://pbs.twimg.com/media/DESlgvdV0AAgQSb.jpg","url":"https://t.co/6u0F0N711W","display_url":"pic.twitter.com/6u0F0N711W","expanded_url":"https://twitter.com/Masayoshi_Oishi/status/884013423108931585/photo/1","type":"photo","sizes":{"medium":{"w":900,"h":1200,"resize":"fit"},"large":{"w":1536,"h":2048,"resize":"fit"},"thumb":{"w":150,"h":150,"resize":"crop"},"small":{"w":510,"h":680,"resize":"fit"}}}]},"metadata":{"iso_language_code":"ja","result_type":"recent"},"source":"<a href=\"http://twitter.com/download/iphone\" rel=\"nofollow\">Twitter for iPhone</a>","in_reply_to_status_id":null,"in_reply_to_status_id_str":null,"in_reply_to_user_id":null,"in_reply_to_user_id_str":null,"in_reply_to_screen_name":null,"user":{"id":264647686,"id_str":"264647686","name":"大石昌良【オーイシマサヨシ】","screen_name":"Masayoshi_Oishi","location":"東京都目黒区","description":"大石昌良／オーイシマサヨシ／OxT／Sound Schedule／ダイヤのA／月刊少女野崎くん／オーバーロード／プリスト／ハンドシェイカー／けものフレンズ／クロムクロ／リゼロ／血液型くん！2／枕男子／ラブ米／A3!／花江夏樹／柿原徹也／斉藤壮馬／内田真礼／和島あみ／Gero／りぶ／浦島坂田船","url":"https://t.co/qts8aRc56E","entities":{"url":{"urls":[{"url":"https://t.co/qts8aRc56E","expanded_url":"http://www.014014.jp","display_url":"014014.jp","indices":[0,23]}]},"description":{"urls":[]}},"protected":false,"followers_count":104372,"friends_count":356,"listed_count":1217,"created_at":"Sat Mar 12 07:01:25 +0000 2011","favourites_count":0,"utc_offset":32400,"time_zone":"Tokyo","geo_enabled":false,"verified":false,"statuses_count":17505,"lang":"ja","contributors_enabled":false,"is_translator":false,"is_translation_enabled":false,"profile_background_color":"C0DEED","profile_background_image_url":"http://abs.twimg.com/images/themes/theme1/bg.png","profile_background_image_url_https":"https://abs.twimg.com/images/themes/theme1/bg.png","profile_background_tile":false,"profile_image_url":"http://pbs.twimg.com/profile_images/812457092778835968/0U-IcGFh_normal.jpg","profile_image_url_https":"https://pbs.twimg.com/profile_images/812457092778835968/0U-IcGFh_normal.jpg","profile_banner_url":"https://pbs.twimg.com/profile_banners/264647686/1482539841","profile_link_color":"1DA1F2","profile_sidebar_border_color":"C0DEED","profile_sidebar_fill_color":"DDEEF6","profile_text_color":"333333","profile_use_background_image":true,"has_extended_profile":true,"default_profile":true,"default_profile_image":false,"following":false,"follow_request_sent":false,"notifications":false,"translator_type":"none"},"geo":null,"coordinates":null,"place":null,"contributors":null,"is_quote_status":false,"retweet_count":298,"favorite_count":580,"favorited":false,"retweeted":false,"possibly_sensitive":false,"lang":"ja"},{"created_at":"Sun Jul 09 11:36:37 +0000 2017","id":884013415328501800,"id_str":"884013415328501760","text":"髪の毛切ってきましたっ♪\n涼しい。(*´꒳`*) https://t.co/JjwmCoWUyB","truncated":false,"entities":{"hashtags":[],"symbols":[],"user_mentions":[],"urls":[],"media":[{"id":884013409527668700,"id_str":"884013409527668741","indices":[25,48],"media_url":"http://pbs.twimg.com/media/DESlgyOUIAUffAO.jpg","media_url_https":"https://pbs.twimg.com/media/DESlgyOUIAUffAO.jpg","url":"https://t.co/JjwmCoWUyB","display_url":"pic.twitter.com/JjwmCoWUyB","expanded_url":"https://twitter.com/kent_spacecraft/status/884013415328501760/photo/1","type":"photo","sizes":{"small":{"w":680,"h":602,"resize":"fit"},"thumb":{"w":150,"h":150,"resize":"crop"},"large":{"w":803,"h":711,"resize":"fit"},"medium":{"w":803,"h":711,"resize":"fit"}}}]},"extended_entities":{"media":[{"id":884013409527668700,"id_str":"884013409527668741","indices":[25,48],"media_url":"http://pbs.twimg.com/media/DESlgyOUIAUffAO.jpg","media_url_https":"https://pbs.twimg.com/media/DESlgyOUIAUffAO.jpg","url":"https://t.co/JjwmCoWUyB","display_url":"pic.twitter.com/JjwmCoWUyB","expanded_url":"https://twitter.com/kent_spacecraft/status/884013415328501760/photo/1","type":"photo","sizes":{"small":{"w":680,"h":602,"resize":"fit"},"thumb":{"w":150,"h":150,"resize":"crop"},"large":{"w":803,"h":711,"resize":"fit"},"medium":{"w":803,"h":711,"resize":"fit"}}}]},"metadata":{"iso_language_code":"ja","result_type":"recent"},"source":"<a href=\"http://twitter.com/download/iphone\" rel=\"nofollow\">Twitter for iPhone</a>","in_reply_to_status_id":null,"in_reply_to_status_id_str":null,"in_reply_to_user_id":null,"in_reply_to_user_id_str":null,"in_reply_to_screen_name":null,"user":{"id":792930650240094200,"id_str":"792930650240094208","name":"健人","screen_name":"kent_spacecraft","location":"スペースクラフトエンタテインメント","description":"出身 大阪/スペースクラフトエンタテインメント所属/ミュージカル「テニスの王子様」3rd 不動峰 伊武深司役/ROCK MUSICAL BLEACH 吉良イヅル役/舞台 幕末スープレックス/舞台「刀剣乱舞」虚伝 燃ゆる本能寺 再演 鶴丸国永役/舞台「カードファイト！！ヴァンガード」〜バーチャル・ステージ〜 櫂トシキ役","url":"https://t.co/q9wnGtWvl5","entities":{"url":{"urls":[{"url":"https://t.co/q9wnGtWvl5","expanded_url":"http://s.ameblo.jp/kento-offcialblog?frm_id=v.jpameblo&device_id=59e2f48297d54d7c8fde09a9c97238b1","display_url":"s.ameblo.jp/kento-offcialb…","indices":[0,23]}]},"description":{"urls":[]}},"protected":false,"followers_count":33775,"friends_count":213,"listed_count":1743,"created_at":"Mon Oct 31 03:26:13 +0000 2016","favourites_count":43,"utc_offset":null,"time_zone":null,"geo_enabled":true,"verified":false,"statuses_count":347,"lang":"en","contributors_enabled":false,"is_translator":false,"is_translation_enabled":false,"profile_background_color":"F5F8FA","profile_background_image_url":null,"profile_background_image_url_https":null,"profile_background_tile":false,"profile_image_url":"http://pbs.twimg.com/profile_images/876005843820462080/-rDUZBRb_normal.jpg","profile_image_url_https":"https://pbs.twimg.com/profile_images/876005843820462080/-rDUZBRb_normal.jpg","profile_banner_url":"https://pbs.twimg.com/profile_banners/792930650240094208/1492074088","profile_link_color":"1DA1F2","profile_sidebar_border_color":"C0DEED","profile_sidebar_fill_color":"DDEEF6","profile_text_color":"333333","profile_use_background_image":true,"has_extended_profile":true,"default_profile":true,"default_profile_image":false,"following":false,"follow_request_sent":false,"notifications":false,"translator_type":"none"},"geo":null,"coordinates":null,"place":null,"contributors":null,"is_quote_status":false,"retweet_count":168,"favorite_count":498,"favorited":false,"retweeted":false,"possibly_sensitive":false,"lang":"ja"},{"created_at":"Sun Jul 09 11:36:28 +0000 2017","id":884013380264120300,"id_str":"884013380264120320","text":"FNSうたの夏まつりアニバーサリーSP！！   \n８月２日（水）１９：００から２３：１８   \n\nhttps://t.co/MZMcXEJSEg\n\n #うたの夏まつり","truncated":false,"entities":{"hashtags":[{"text":"うたの夏まつり","indices":[75,83]}],"symbols":[],"user_mentions":[],"urls":[{"url":"https://t.co/MZMcXEJSEg","expanded_url":"http://www.fujitv.co.jp/FNS/s/","display_url":"fujitv.co.jp/FNS/s/","indices":[49,72]}]},"metadata":{"iso_language_code":"ja","result_type":"recent"},"source":"<a href=\"http://twitter.com\" rel=\"nofollow\">Twitter Web Client</a>","in_reply_to_status_id":null,"in_reply_to_status_id_str":null,"in_reply_to_user_id":null,"in_reply_to_user_id_str":null,"in_reply_to_screen_name":null,"user":{"id":430417804,"id_str":"430417804","name":"【公式】FNS歌謡祭","screen_name":"fns_kayousai","location":"お台場","description":"フジテレビ    2017年FNSうたの夏まつり","url":"https://t.co/4h95pr7Eds","entities":{"url":{"urls":[{"url":"https://t.co/4h95pr7Eds","expanded_url":"http://www.fujitv.co.jp/FNS/s/","display_url":"fujitv.co.jp/FNS/s/","indices":[0,23]}]},"description":{"urls":[]}},"protected":false,"followers_count":149540,"friends_count":0,"listed_count":968,"created_at":"Wed Dec 07 04:25:08 +0000 2011","favourites_count":1,"utc_offset":-36000,"time_zone":"Hawaii","geo_enabled":false,"verified":true,"statuses_count":849,"lang":"ja","contributors_enabled":false,"is_translator":false,"is_translation_enabled":false,"profile_background_color":"000000","profile_background_image_url":"http://abs.twimg.com/images/themes/theme1/bg.png","profile_background_image_url_https":"https://abs.twimg.com/images/themes/theme1/bg.png","profile_background_tile":false,"profile_image_url":"http://pbs.twimg.com/profile_images/878374396162744320/YqEw_3ws_normal.jpg","profile_image_url_https":"https://pbs.twimg.com/profile_images/878374396162744320/YqEw_3ws_normal.jpg","profile_banner_url":"https://pbs.twimg.com/profile_banners/430417804/1498255773","profile_link_color":"FAB81E","profile_sidebar_border_color":"000000","profile_sidebar_fill_color":"000000","profile_text_color":"000000","profile_use_background_image":false,"has_extended_profile":false,"default_profile":false,"default_profile_image":false,"following":false,"follow_request_sent":false,"notifications":false,"translator_type":"none"},"geo":null,"coordinates":null,"place":null,"contributors":null,"is_quote_status":false,"retweet_count":93,"favorite_count":172,"favorited":false,"retweeted":false,"possibly_sensitive":false,"lang":"ja"},{"created_at":"Sun Jul 09 11:36:25 +0000 2017","id":884013368767414300,"id_str":"884013368767414272","text":"「夢眠ねむ生誕祭イベント 〜自作自演のHappyBirthday〜 in 名古屋」へ、サプライズでお邪魔しちゃいました！\n夢眠ネムちゃんの「カナリアのいっぽ」を2人で歌ったよ〜！初お披露目で緊張した〜！名古屋の皆さん！ありがとうご… https://t.co/fQVkuj5kED","truncated":true,"entities":{"hashtags":[],"symbols":[],"user_mentions":[],"urls":[{"url":"https://t.co/fQVkuj5kED","expanded_url":"https://twitter.com/i/web/status/884013368767414272","display_url":"twitter.com/i/web/status/8…","indices":[117,140]}]},"metadata":{"iso_language_code":"ja","result_type":"recent"},"source":"<a href=\"http://twitter.com/download/iphone\" rel=\"nofollow\">Twitter for iPhone</a>","in_reply_to_status_id":null,"in_reply_to_status_id_str":null,"in_reply_to_user_id":null,"in_reply_to_user_id_str":null,"in_reply_to_screen_name":null,"user":{"id":49376698,"id_str":"49376698","name":"相沢梨紗","screen_name":"RISA_memesama","location":"2.5dimension Akihabara Japan","description":"Risa Aizawa.I'm Japanese idol from Akihabara Japan/でんぱ組/LAVILITH/姫毛/りさごはんレシピ本/FMFUJI月曜23時/キュレーション/KERA「2.5次元ノスゝメ」 https://t.co/bHrSPurBEE @dempagumi","url":"https://t.co/LoEmvI0TEA","entities":{"url":{"urls":[{"url":"https://t.co/LoEmvI0TEA","expanded_url":"http://wear.jp/risameme/","display_url":"wear.jp/risameme/","indices":[0,23]}]},"description":{"urls":[{"url":"https://t.co/bHrSPurBEE","expanded_url":"https://Instagram.com/risacheeese/","display_url":"Instagram.com/risacheeese/","indices":[114,137]}]}},"protected":false,"followers_count":194159,"friends_count":398,"listed_count":6237,"created_at":"Sun Jun 21 17:51:51 +0000 2009","favourites_count":2381,"utc_offset":32400,"time_zone":"Tokyo","geo_enabled":true,"verified":true,"statuses_count":28281,"lang":"ja","contributors_enabled":false,"is_translator":false,"is_translation_enabled":false,"profile_background_color":"0099B9","profile_background_image_url":"http://abs.twimg.com/images/themes/theme4/bg.gif","profile_background_image_url_https":"https://abs.twimg.com/images/themes/theme4/bg.gif","profile_background_tile":false,"profile_image_url":"http://pbs.twimg.com/profile_images/761503477595906049/71i1IIBa_normal.jpg","profile_image_url_https":"https://pbs.twimg.com/profile_images/761503477595906049/71i1IIBa_normal.jpg","profile_banner_url":"https://pbs.twimg.com/profile_banners/49376698/1491059583","profile_link_color":"0099B9","profile_sidebar_border_color":"5ED4DC","profile_sidebar_fill_color":"95E8EC","profile_text_color":"3C3940","profile_use_background_image":true,"has_extended_profile":true,"default_profile":false,"default_profile_image":false,"following":false,"follow_request_sent":false,"notifications":false,"translator_type":"none"},"geo":null,"coordinates":null,"place":null,"contributors":null,"is_quote_status":false,"retweet_count":52,"favorite_count":389,"favorited":false,"retweeted":false,"possibly_sensitive":false,"lang":"ja"}],"search_metadata":{"completed_in":0.056,"max_id":884014182248493000,"max_id_str":"884014182248493056","next_results":"?max_id=884013368767414271&q=lang%3Aja%20min_retweets%3A50&include_entities=1","query":"lang%3Aja+min_retweets%3A50","refresh_url":"?since_id=884014182248493056&q=lang%3Aja%20min_retweets%3A50&include_entities=1","count":15,"since_id":0,"since_id_str":"0"}}