{"statuses":[{"created_at":"Mon Jul 10 05:38:49 +0000 2017","id":884285760840519700,"id_str":"884285760840519680","text":"ネモとカモメは本日登場予定⭐️ということでネモのSSを撮影しました！\nレーザーと援護射撃の2種類の空中ギミックを発生させます💡\n※動画は開発中のものです\n#白猫テニス https://t.co/p0HdIZnMQm","truncated":false,"entities":{"hashtags":[{"text":"白猫テニス","indices":[77,83]}],"symbols":[],"user_mentions":[],"urls":[],"media":[{"id":884285637141987300,"id_str":"884285637141987332","indices":[84,107],"media_url":"http://pbs.twimg.com/ext_tw_video_thumb/884285637141987332/pu/img/bCAdU2yQBVvyXM6c.jpg","media_url_https":"https://pbs.twimg.com/ext_tw_video_thumb/884285637141987332/pu/img/bCAdU2yQBVvyXM6c.jpg","url":"https://t.co/p0HdIZnMQm","display_url":"pic.twitter.com/p0HdIZnMQm","expanded_url":"https://twitter.com/Stennis_colopl/status/884285760840519680/video/1","type":"photo","sizes":{"small":{"w":340,"h":604,"resize":"fit"},"large":{"w":720,"h":1280,"resize":"fit"},"thumb":{"w":150,"h":150,"resize":"crop"},"medium":{"w":600,"h":1067,"resize":"fit"}}}]},"extended_entities":{"media":[{"id":884285637141987300,"id_str":"884285637141987332","indices":[84,107],"media_url":"http://pbs.twimg.com/ext_tw_video_thumb/884285637141987332/pu/img/bCAdU2yQBVvyXM6c.jpg","media_url_https":"https://pbs.twimg.com/ext_tw_video_thumb/884285637141987332/pu/img/bCAdU2yQBVvyXM6c.jpg","url":"https://t.co/p0HdIZnMQm","display_url":"pic.twitter.com/p0HdIZnMQm","expanded_url":"https://twitter.com/Stennis_colopl/status/884285760840519680/video/1","type":"video","sizes":{"small":{"w":340,"h":604,"resize":"fit"},"large":{"w":720,"h":1280,"resize":"fit"},"thumb":{"w":150,"h":150,"resize":"crop"},"medium":{"w":600,"h":1067,"resize":"fit"}},"video_info":{"aspect_ratio":[9,16],"duration_millis":14667,"variants":[{"bitrate":832000,"content_type":"video/mp4","url":"https://video.twimg.com/ext_tw_video/884285637141987332/pu/vid/360x640/jfsJMJRgD0Gh8s87.mp4"},{"bitrate":2176000,"content_type":"video/mp4","url":"https://video.twimg.com/ext_tw_video/884285637141987332/pu/vid/720x1280/RshdUH0zqXRRHI7l.mp4"},{"content_type":"application/x-mpegURL","url":"https://video.twimg.com/ext_tw_video/884285637141987332/pu/pl/LjWyi6E2b-f0Cq7X.m3u8"},{"bitrate":320000,"content_type":"video/mp4","url":"https://video.twimg.com/ext_tw_video/884285637141987332/pu/vid/180x320/iO29_zfdmuHeWcDM.mp4"}]},"additional_media_info":{"monetizable":false}}]},"metadata":{"iso_language_code":"ja","result_type":"recent"},"source":"<a href=\"http://twitter.com/download/iphone\" rel=\"nofollow\">Twitter for iPhone</a>","in_reply_to_status_id":null,"in_reply_to_status_id_str":null,"in_reply_to_user_id":null,"in_reply_to_user_id_str":null,"in_reply_to_screen_name":null,"user":{"id":755942532945547300,"id_str":"755942532945547265","name":"【公式】白猫テニス","screen_name":"Stennis_colopl","location":"Shibuya-ku, Tokyo","description":"白猫テニスの公式Twitterです。広報担当「シロッテ」がゲーム内イベントや最新情報をお知らせします。  ※お問い合わせやご質問につきましてはこちら(→https://t.co/y7SPSJvRjx  ）　#白猫テニス","url":"https://t.co/xxXOS9EHw9","entities":{"url":{"urls":[{"url":"https://t.co/xxXOS9EHw9","expanded_url":"http://colopl.co.jp/shironekotennis/","display_url":"colopl.co.jp/shironekotenni…","indices":[0,23]}]},"description":{"urls":[{"url":"https://t.co/y7SPSJvRjx","expanded_url":"http://colopl.co.jp/contact/","display_url":"colopl.co.jp/contact/","indices":[76,99]}]}},"protected":false,"followers_count":237150,"friends_count":3,"listed_count":628,"created_at":"Thu Jul 21 01:48:39 +0000 2016","favourites_count":0,"utc_offset":32400,"time_zone":"Tokyo","geo_enabled":false,"verified":true,"statuses_count":503,"lang":"ja","contributors_enabled":false,"is_translator":false,"is_translation_enabled":false,"profile_background_color":"000000","profile_background_image_url":"http://abs.twimg.com/images/themes/theme1/bg.png","profile_background_image_url_https":"https://abs.twimg.com/images/themes/theme1/bg.png","profile_background_tile":false,"profile_image_url":"http://pbs.twimg.com/profile_images/758955880838631426/IhKWGp1a_normal.jpg","profile_image_url_https":"https://pbs.twimg.com/profile_images/758955880838631426/IhKWGp1a_normal.jpg","profile_banner_url":"https://pbs.twimg.com/profile_banners/755942532945547265/1470375698","profile_link_color":"1B95E0","profile_sidebar_border_color":"000000","profile_sidebar_fill_color":"000000","profile_text_color":"000000","profile_use_background_image":false,"has_extended_profile":false,"default_profile":false,"default_profile_image":false,"following":false,"follow_request_sent":false,"notifications":false,"translator_type":"none"},"geo":null,"coordinates":null,"place":null,"contributors":null,"is_quote_status":false,"retweet_count":88,"favorite_count":75,"favorited":false,"retweeted":false,"possibly_sensitive":false,"lang":"ja"},{"created_at":"Mon Jul 10 05:35:59 +0000 2017","id":884285049557852200,"id_str":"884285049557852162","text":"【全米初登場No.1🕷】\n『#スパイダーマン：ホームカミング』が、公開週末に興行収入全米初登場No.1の栄冠に輝きました✨その他、50の国と地域で初登場No.1オープニングを達成！スパイダーマン映画として、歴代最高の海外オープニン… https://t.co/oFKNitBj0F","truncated":true,"entities":{"hashtags":[{"text":"スパイダーマン","indices":[14,22]}],"symbols":[],"user_mentions":[],"urls":[{"url":"https://t.co/oFKNitBj0F","expanded_url":"https://twitter.com/i/web/status/884285049557852162","display_url":"twitter.com/i/web/status/8…","indices":[117,140]}]},"metadata":{"iso_language_code":"ja","result_type":"recent"},"source":"<a href=\"http://twitter.com\" rel=\"nofollow\">Twitter Web Client</a>","in_reply_to_status_id":null,"in_reply_to_status_id_str":null,"in_reply_to_user_id":null,"in_reply_to_user_id_str":null,"in_reply_to_screen_name":null,"user":{"id":804279340842160100,"id_str":"804279340842160134","name":"映画『スパイダーマン』公式","screen_name":"SpidermanfilmJP","location":"New York, USA","description":"映画『スパイダーマン：ホームカミング』公式アカウント　2017年8月11日（祝・金）公開","url":"https://t.co/VnDuoEz9M4","entities":{"url":{"urls":[{"url":"https://t.co/VnDuoEz9M4","expanded_url":"http://www.spiderman-movie.jp/","display_url":"spiderman-movie.jp","indices":[0,23]}]},"description":{"urls":[]}},"protected":false,"followers_count":41757,"friends_count":2,"listed_count":213,"created_at":"Thu Dec 01 11:01:52 +0000 2016","favourites_count":3,"utc_offset":32400,"time_zone":"Tokyo","geo_enabled":false,"verified":true,"statuses_count":123,"lang":"ja","contributors_enabled":false,"is_translator":false,"is_translation_enabled":false,"profile_background_color":"000000","profile_background_image_url":"http://abs.twimg.com/images/themes/theme1/bg.png","profile_background_image_url_https":"https://abs.twimg.com/images/themes/theme1/bg.png","profile_background_tile":false,"profile_image_url":"http://pbs.twimg.com/profile_images/806478764922138624/ufjnuMMW_normal.jpg","profile_image_url_https":"https://pbs.twimg.com/profile_images/806478764922138624/ufjnuMMW_normal.jpg","profile_banner_url":"https://pbs.twimg.com/profile_banners/804279340842160134/1498562605","profile_link_color":"1B95E0","profile_sidebar_border_color":"000000","profile_sidebar_fill_color":"000000","profile_text_color":"000000","profile_use_background_image":false,"has_extended_profile":false,"default_profile":false,"default_profile_image":false,"following":false,"follow_request_sent":false,"notifications":false,"translator_type":"none"},"geo":null,"coordinates":null,"place":null,"contributors":null,"is_quote_status":false,"retweet_count":64,"favorite_count":94,"favorited":false,"retweeted":false,"possibly_sensitive":false,"lang":"ja"},{"created_at":"Mon Jul 10 05:35:48 +0000 2017","id":884285000966787100,"id_str":"884285000966787072","text":"ホビーストックで予約開始！20%OFF\nハイキュー!! アクリルキーホルダー https://t.co/jI93q9MQuS https://t.co/ZwZIPx3FAd","truncated":false,"entities":{"hashtags":[],"symbols":[],"user_mentions":[],"urls":[{"url":"https://t.co/jI93q9MQuS","expanded_url":"http://bit.ly/2txKFN4","display_url":"bit.ly/2txKFN4","indices":[39,62]}],"media":[{"id":884284990623588400,"id_str":"884284990623588353","indices":[63,86],"media_url":"http://pbs.twimg.com/media/DEWcg4pUIAEhQrr.jpg","media_url_https":"https://pbs.twimg.com/media/DEWcg4pUIAEhQrr.jpg","url":"https://t.co/ZwZIPx3FAd","display_url":"pic.twitter.com/ZwZIPx3FAd","expanded_url":"https://twitter.com/haikyu_a/status/884285000966787072/photo/1","type":"photo","sizes":{"small":{"w":680,"h":368,"resize":"fit"},"medium":{"w":1200,"h":649,"resize":"fit"},"thumb":{"w":150,"h":150,"resize":"crop"},"large":{"w":1940,"h":1050,"resize":"fit"}}}]},"extended_entities":{"media":[{"id":884284990623588400,"id_str":"884284990623588353","indices":[63,86],"media_url":"http://pbs.twimg.com/media/DEWcg4pUIAEhQrr.jpg","media_url_https":"https://pbs.twimg.com/media/DEWcg4pUIAEhQrr.jpg","url":"https://t.co/ZwZIPx3FAd","display_url":"pic.twitter.com/ZwZIPx3FAd","expanded_url":"https://twitter.com/haikyu_a/status/884285000966787072/photo/1","type":"photo","sizes":{"small":{"w":680,"h":368,"resize":"fit"},"medium":{"w":1200,"h":649,"resize":"fit"},"thumb":{"w":150,"h":150,"resize":"crop"},"large":{"w":1940,"h":1050,"resize":"fit"}}}]},"metadata":{"iso_language_code":"ja","result_type":"recent"},"source":"<a href=\"http://twitter.com\" rel=\"nofollow\">Twitter Web Client</a>","in_reply_to_status_id":null,"in_reply_to_status_id_str":null,"in_reply_to_user_id":null,"in_reply_to_user_id_str":null,"in_reply_to_screen_name":null,"user":{"id":1535565792,"id_str":"1535565792","name":"ハイキュー!! グッズ新作情報","screen_name":"haikyu_a","location":"","description":"ジャンプ漫画・アニメ「ハイキュー!!」グッズ＆イベント情報始めました！※趣味で情報を収集している非公式アカウントです。","url":"https://t.co/YElQEjEWkh","entities":{"url":{"urls":[{"url":"https://t.co/YElQEjEWkh","expanded_url":"http://hai9-goods.xyz/","display_url":"hai9-goods.xyz","indices":[0,23]}]},"description":{"urls":[]}},"protected":false,"followers_count":79575,"friends_count":144,"listed_count":1177,"created_at":"Fri Jun 21 03:03:13 +0000 2013","favourites_count":2359,"utc_offset":32400,"time_zone":"Tokyo","geo_enabled":false,"verified":false,"statuses_count":20453,"lang":"ja","contributors_enabled":false,"is_translator":false,"is_translation_enabled":false,"profile_background_color":"000000","profile_background_image_url":"http://abs.twimg.com/images/themes/theme1/bg.png","profile_background_image_url_https":"https://abs.twimg.com/images/themes/theme1/bg.png","profile_background_tile":false,"profile_image_url":"http://pbs.twimg.com/profile_images/417303832436019200/S9hMI-Ki_normal.png","profile_image_url_https":"https://pbs.twimg.com/profile_images/417303832436019200/S9hMI-Ki_normal.png","profile_banner_url":"https://pbs.twimg.com/profile_banners/1535565792/1398568278","profile_link_color":"0084B4","profile_sidebar_border_color":"000000","profile_sidebar_fill_color":"DDEEF6","profile_text_color":"333333","profile_use_background_image":false,"has_extended_profile":false,"default_profile":false,"default_profile_image":false,"following":false,"follow_request_sent":false,"notifications":false,"translator_type":"none"},"geo":null,"coordinates":null,"place":null,"contributors":null,"is_quote_status":false,"retweet_count":50,"favorite_count":33,"favorited":false,"retweeted":false,"possibly_sensitive":false,"lang":"ja"},{"created_at":"Mon Jul 10 05:35:00 +0000 2017","id":884284800818794500,"id_str":"884284800818794496","text":"【国宝級】窪田正孝、「寝顔イケメン殿堂入り」写真に反響！\nhttps://t.co/862oTj37kX\n\nドラマ『僕たちがやりました』の公式SNSで、窪田が寝ている様子を公開した。ファンからも歓喜のコメントが続々届いている。 https://t.co/xRTbNbkL9x","truncated":false,"entities":{"hashtags":[],"symbols":[],"user_mentions":[],"urls":[{"url":"https://t.co/862oTj37kX","expanded_url":"http://news.livedoor.com/article/detail/13316787/","display_url":"news.livedoor.com/article/detail…","indices":[29,52]}],"media":[{"id":884283262209712100,"id_str":"884283262209712132","indices":[114,137],"media_url":"http://pbs.twimg.com/media/DEWa8RzVYAQpBbk.jpg","media_url_https":"https://pbs.twimg.com/media/DEWa8RzVYAQpBbk.jpg","url":"https://t.co/xRTbNbkL9x","display_url":"pic.twitter.com/xRTbNbkL9x","expanded_url":"https://twitter.com/livedoornews/status/884284800818794496/photo/1","type":"photo","sizes":{"thumb":{"w":150,"h":150,"resize":"crop"},"medium":{"w":640,"h":426,"resize":"fit"},"small":{"w":640,"h":426,"resize":"fit"},"large":{"w":640,"h":426,"resize":"fit"}}}]},"extended_entities":{"media":[{"id":884283262209712100,"id_str":"884283262209712132","indices":[114,137],"media_url":"http://pbs.twimg.com/media/DEWa8RzVYAQpBbk.jpg","media_url_https":"https://pbs.twimg.com/media/DEWa8RzVYAQpBbk.jpg","url":"https://t.co/xRTbNbkL9x","display_url":"pic.twitter.com/xRTbNbkL9x","expanded_url":"https://twitter.com/livedoornews/status/884284800818794496/photo/1","type":"photo","sizes":{"thumb":{"w":150,"h":150,"resize":"crop"},"medium":{"w":640,"h":426,"resize":"fit"},"small":{"w":640,"h":426,"resize":"fit"},"large":{"w":640,"h":426,"resize":"fit"}}}]},"metadata":{"iso_language_code":"ja","result_type":"recent"},"source":"<a href=\"https://about.twitter.com/products/tweetdeck\" rel=\"nofollow\">TweetDeck</a>","in_reply_to_status_id":null,"in_reply_to_status_id_str":null,"in_reply_to_user_id":null,"in_reply_to_user_id_str":null,"in_reply_to_screen_name":null,"user":{"id":17306975,"id_str":"17306975","name":"ライブドアニュース","screen_name":"livedoornews","location":"","description":"LINE →https://t.co/yhJO0o7Jns／FB → https://t.co/LHTCuyIEjr／インスタ／→https://t.co/SpmVgPtfCG","url":"http://t.co/Q4Bh3OCfgY","entities":{"url":{"urls":[{"url":"http://t.co/Q4Bh3OCfgY","expanded_url":"http://news.livedoor.com/","display_url":"news.livedoor.com","indices":[0,22]}]},"description":{"urls":[{"url":"https://t.co/yhJO0o7Jns","expanded_url":"http://goo.gl/upBgKP","display_url":"goo.gl/upBgKP","indices":[6,29]},{"url":"https://t.co/LHTCuyIEjr","expanded_url":"http://goo.gl/nDULhn","display_url":"goo.gl/nDULhn","indices":[35,58]},{"url":"https://t.co/SpmVgPtfCG","expanded_url":"http://goo.gl/cHGD9G","display_url":"goo.gl/cHGD9G","indices":[65,88]}]}},"protected":false,"followers_count":426926,"friends_count":86,"listed_count":6122,"created_at":"Tue Nov 11 09:56:31 +0000 2008","favourites_count":2607,"utc_offset":32400,"time_zone":"Tokyo","geo_enabled":false,"verified":true,"statuses_count":176397,"lang":"ja","contributors_enabled":false,"is_translator":false,"is_translation_enabled":false,"profile_background_color":"FFFFFF","profile_background_image_url":"http://pbs.twimg.com/profile_background_images/378800000085828060/4b07c1d868c917fb65a3d64a20904cd5.jpeg","profile_background_image_url_https":"https://pbs.twimg.com/profile_background_images/378800000085828060/4b07c1d868c917fb65a3d64a20904cd5.jpeg","profile_background_tile":false,"profile_image_url":"http://pbs.twimg.com/profile_images/875662964988166149/whdJTD2I_normal.jpg","profile_image_url_https":"https://pbs.twimg.com/profile_images/875662964988166149/whdJTD2I_normal.jpg","profile_link_color":"51ADD4","profile_sidebar_border_color":"FFFFFF","profile_sidebar_fill_color":"95E8EC","profile_text_color":"3C3940","profile_use_background_image":true,"has_extended_profile":false,"default_profile":false,"default_profile_image":false,"following":false,"follow_request_sent":false,"notifications":false,"translator_type":"none"},"geo":null,"coordinates":null,"place":null,"contributors":null,"is_quote_status":false,"retweet_count":128,"favorite_count":303,"favorited":false,"retweeted":false,"possibly_sensitive":false,"lang":"ja"},{"created_at":"Mon Jul 10 05:33:02 +0000 2017","id":884284306725584900,"id_str":"884284306725584896","text":"カレーは正義","truncated":false,"entities":{"hashtags":[],"symbols":[],"user_mentions":[],"urls":[]},"metadata":{"iso_language_code":"ja","result_type":"recent"},"source":"<a href=\"http://www.echofon.com/\" rel=\"nofollow\">Echofon</a>","in_reply_to_status_id":null,"in_reply_to_status_id_str":null,"in_reply_to_user_id":null,"in_reply_to_user_id_str":null,"in_reply_to_screen_name":null,"user":{"id":750274144374186000,"id_str":"750274144374185984","name":"Yojiro Noda","screen_name":"YojiNoda1","location":"","description":"Yojiro Noda 野田洋次郎 RADWIMPS illion はじめまして。 from 07.05.2016","url":"https://t.co/ExDGGpYK9P","entities":{"url":{"urls":[{"url":"https://t.co/ExDGGpYK9P","expanded_url":"http://radwimps.jp/","display_url":"radwimps.jp","indices":[0,23]}]},"description":{"urls":[]}},"protected":false,"followers_count":430280,"friends_count":22,"listed_count":1708,"created_at":"Tue Jul 05 10:24:30 +0000 2016","favourites_count":0,"utc_offset":null,"time_zone":null,"geo_enabled":false,"verified":true,"statuses_count":1650,"lang":"en","contributors_enabled":false,"is_translator":false,"is_translation_enabled":false,"profile_background_color":"F5F8FA","profile_background_image_url":null,"profile_background_image_url_https":null,"profile_background_tile":false,"profile_image_url":"http://pbs.twimg.com/profile_images/845868535557468160/eU2cH_Fj_normal.jpg","profile_image_url_https":"https://pbs.twimg.com/profile_images/845868535557468160/eU2cH_Fj_normal.jpg","profile_banner_url":"https://pbs.twimg.com/profile_banners/750274144374185984/1490456133","profile_link_color":"1DA1F2","profile_sidebar_border_color":"C0DEED","profile_sidebar_fill_color":"DDEEF6","profile_text_color":"333333","profile_use_background_image":true,"has_extended_profile":true,"default_profile":true,"default_profile_image":false,"following":false,"follow_request_sent":false,"notifications":false,"translator_type":"none"},"geo":null,"coordinates":null,"place":null,"contributors":null,"is_quote_status":false,"retweet_count":233,"favorite_count":1469,"favorited":false,"retweeted":false,"lang":"ja"},{"created_at":"Mon Jul 10 05:32:37 +0000 2017","id":884284199728853000,"id_str":"884284199728852992","text":"【福島37.7度　7月上旬で一番アツイ】 https://t.co/NJ3oFiOuPR きょう(10日)、関東や東北などでは、朝から強い日差しが照りつけ、気温がグングン上昇。福島市は、7月..","truncated":false,"entities":{"hashtags":[],"symbols":[],"user_mentions":[],"urls":[{"url":"https://t.co/NJ3oFiOuPR","expanded_url":"http://www.tenki.jp/forecaster/diary/deskpart/2017/07/10/75451.html","display_url":"tenki.jp/forecaster/dia…","indices":[21,44]}]},"metadata":{"iso_language_code":"ja","result_type":"recent"},"source":"<a href=\"http://www.tenki.jp/\" rel=\"nofollow\">tenki.jp</a>","in_reply_to_status_id":null,"in_reply_to_status_id_str":null,"in_reply_to_user_id":null,"in_reply_to_user_id_str":null,"in_reply_to_screen_name":null,"user":{"id":43041891,"id_str":"43041891","name":"tenki.jp","screen_name":"tenkijp","location":"日本の空","description":"日本気象協会が運営する天気予報専門メディア『tenki.jp』 台風、地震などの防災気象情報から、市区町村毎の詳しい天気予報や、気象予報士によるわかりやすい天気解説など豊富な気象情報をお届けします。※読みは「てんきじぇーぴー」です。","url":"http://t.co/Afw3ZhpJ39","entities":{"url":{"urls":[{"url":"http://t.co/Afw3ZhpJ39","expanded_url":"http://tenki.jp/","display_url":"tenki.jp","indices":[0,22]}]},"description":{"urls":[]}},"protected":false,"followers_count":2584784,"friends_count":164,"listed_count":35566,"created_at":"Thu May 28 03:53:58 +0000 2009","favourites_count":19,"utc_offset":32400,"time_zone":"Tokyo","geo_enabled":false,"verified":true,"statuses_count":19143,"lang":"ja","contributors_enabled":false,"is_translator":false,"is_translation_enabled":false,"profile_background_color":"ECECEC","profile_background_image_url":"http://pbs.twimg.com/profile_background_images/606337827865886721/Kv29mahs.png","profile_background_image_url_https":"https://pbs.twimg.com/profile_background_images/606337827865886721/Kv29mahs.png","profile_background_tile":true,"profile_image_url":"http://pbs.twimg.com/profile_images/473482990178156544/QukY2N-0_normal.png","profile_image_url_https":"https://pbs.twimg.com/profile_images/473482990178156544/QukY2N-0_normal.png","profile_banner_url":"https://pbs.twimg.com/profile_banners/43041891/1494811246","profile_link_color":"0061CA","profile_sidebar_border_color":"829D5E","profile_sidebar_fill_color":"99CC33","profile_text_color":"3E4415","profile_use_background_image":true,"has_extended_profile":false,"default_profile":false,"default_profile_image":false,"following":false,"follow_request_sent":false,"notifications":false,"translator_type":"none"},"geo":null,"coordinates":null,"place":null,"contributors":null,"is_quote_status":false,"retweet_count":158,"favorite_count":43,"favorited":false,"retweeted":false,"possibly_sensitive":false,"lang":"ja"},{"created_at":"Mon Jul 10 05:32:24 +0000 2017","id":884284147585302500,"id_str":"884284147585302528","text":"今日はウルトラマンの日だそうです。おめでとうございます🎉\n#ウルトラマン https://t.co/hNCGZig6pC","truncated":false,"entities":{"hashtags":[{"text":"ウルトラマン","indices":[29,36]}],"symbols":[],"user_mentions":[],"urls":[],"media":[{"id":884284141553963000,"id_str":"884284141553963008","indices":[37,60],"media_url":"http://pbs.twimg.com/media/DEWbvdnV0AAQJAw.jpg","media_url_https":"https://pbs.twimg.com/media/DEWbvdnV0AAQJAw.jpg","url":"https://t.co/hNCGZig6pC","display_url":"pic.twitter.com/hNCGZig6pC","expanded_url":"https://twitter.com/aniki_z/status/884284147585302528/photo/1","type":"photo","sizes":{"medium":{"w":655,"h":540,"resize":"fit"},"thumb":{"w":150,"h":150,"resize":"crop"},"large":{"w":655,"h":540,"resize":"fit"},"small":{"w":655,"h":540,"resize":"fit"}}}]},"extended_entities":{"media":[{"id":884284141553963000,"id_str":"884284141553963008","indices":[37,60],"media_url":"http://pbs.twimg.com/media/DEWbvdnV0AAQJAw.jpg","media_url_https":"https://pbs.twimg.com/media/DEWbvdnV0AAQJAw.jpg","url":"https://t.co/hNCGZig6pC","display_url":"pic.twitter.com/hNCGZig6pC","expanded_url":"https://twitter.com/aniki_z/status/884284147585302528/photo/1","type":"photo","sizes":{"medium":{"w":655,"h":540,"resize":"fit"},"thumb":{"w":150,"h":150,"resize":"crop"},"large":{"w":655,"h":540,"resize":"fit"},"small":{"w":655,"h":540,"resize":"fit"}}}]},"metadata":{"iso_language_code":"ja","result_type":"recent"},"source":"<a href=\"http://twitter.com/download/iphone\" rel=\"nofollow\">Twitter for iPhone</a>","in_reply_to_status_id":null,"in_reply_to_status_id_str":null,"in_reply_to_user_id":null,"in_reply_to_user_id_str":null,"in_reply_to_screen_name":null,"user":{"id":741714980,"id_str":"741714980","name":"Ichiro Mizuki","screen_name":"aniki_z","location":"","description":"水木一郎の公式アカウントです。よろしくだゼーット！ 【facebook page】https://t.co/iiIyiwv6EV 【Instagram 】ichiromizuki","url":"https://t.co/fnrD7y1Umx","entities":{"url":{"urls":[{"url":"https://t.co/fnrD7y1Umx","expanded_url":"http://www.mizuki-spirits.com","display_url":"mizuki-spirits.com","indices":[0,23]}]},"description":{"urls":[{"url":"https://t.co/iiIyiwv6EV","expanded_url":"https://www.facebook.com/aniki.IchiroMizuki","display_url":"facebook.com/aniki.IchiroMi…","indices":[41,64]}]}},"protected":false,"followers_count":77641,"friends_count":283,"listed_count":2313,"created_at":"Mon Aug 06 23:55:29 +0000 2012","favourites_count":14,"utc_offset":28800,"time_zone":"Irkutsk","geo_enabled":true,"verified":true,"statuses_count":9069,"lang":"ja","contributors_enabled":false,"is_translator":false,"is_translation_enabled":false,"profile_background_color":"C0DEED","profile_background_image_url":"http://abs.twimg.com/images/themes/theme1/bg.png","profile_background_image_url_https":"https://abs.twimg.com/images/themes/theme1/bg.png","profile_background_tile":false,"profile_image_url":"http://pbs.twimg.com/profile_images/2476712003/b0iaorjjo44pzvh6gdvz_normal.png","profile_image_url_https":"https://pbs.twimg.com/profile_images/2476712003/b0iaorjjo44pzvh6gdvz_normal.png","profile_banner_url":"https://pbs.twimg.com/profile_banners/741714980/1386751257","profile_link_color":"1DA1F2","profile_sidebar_border_color":"C0DEED","profile_sidebar_fill_color":"DDEEF6","profile_text_color":"333333","profile_use_background_image":true,"has_extended_profile":false,"default_profile":true,"default_profile_image":false,"following":false,"follow_request_sent":false,"notifications":false,"translator_type":"none"},"geo":null,"coordinates":null,"place":null,"contributors":null,"is_quote_status":false,"retweet_count":58,"favorite_count":63,"favorited":false,"retweeted":false,"possibly_sensitive":false,"lang":"ja"},{"created_at":"Mon Jul 10 05:32:14 +0000 2017","id":884284103419281400,"id_str":"884284103419281412","text":"お仕事シーンの撮影🏢✨空き時間は錦戸さん隆太さんはじめみんな楽しそうに話しています🍀先日の1話では全員キツそうに見えましたが…それは一生懸命働いている証拠。今後彼らがどんな思いで働いているかも描かれていきます。2話はつかポンが美人… https://t.co/3GLUWea2Ge","truncated":true,"entities":{"hashtags":[],"symbols":[],"user_mentions":[],"urls":[{"url":"https://t.co/3GLUWea2Ge","expanded_url":"https://twitter.com/i/web/status/884284103419281412","display_url":"twitter.com/i/web/status/8…","indices":[117,140]}]},"metadata":{"iso_language_code":"ja","result_type":"recent"},"source":"<a href=\"http://twitter.com/download/iphone\" rel=\"nofollow\">Twitter for iPhone</a>","in_reply_to_status_id":null,"in_reply_to_status_id_str":null,"in_reply_to_user_id":null,"in_reply_to_user_id_str":null,"in_reply_to_screen_name":null,"user":{"id":868040631590854700,"id_str":"868040631590854656","name":"【公式】ウチの夫は仕事ができない","screen_name":"uchinootto_ntv","location":"","description":"日本テレビ土曜ドラマ『ウチの夫は仕事ができない』公式アカウントです🍀 主演は錦戸亮さん👔相手役は松岡茉優さん🎀 ちょっと残念な仕事ができない夫が奥さんと手に手をとって頑張るお仕事ホームドラマです‼️ 毎週土曜日よる10時📺✨ #ウチの夫 #錦戸亮 #松岡茉優","url":"https://t.co/w2F2i4Bseb","entities":{"url":{"urls":[{"url":"https://t.co/w2F2i4Bseb","expanded_url":"http://www.ntv.co.jp/shigotogadekinai/","display_url":"ntv.co.jp/shigotogadekin…","indices":[0,23]}]},"description":{"urls":[]}},"protected":false,"followers_count":65800,"friends_count":22,"listed_count":159,"created_at":"Fri May 26 09:46:28 +0000 2017","favourites_count":51,"utc_offset":null,"time_zone":null,"geo_enabled":false,"verified":false,"statuses_count":156,"lang":"ja","contributors_enabled":false,"is_translator":false,"is_translation_enabled":false,"profile_background_color":"F5F8FA","profile_background_image_url":null,"profile_background_image_url_https":null,"profile_background_tile":false,"profile_image_url":"http://pbs.twimg.com/profile_images/872181337603555329/zJs6RxtR_normal.jpg","profile_image_url_https":"https://pbs.twimg.com/profile_images/872181337603555329/zJs6RxtR_normal.jpg","profile_banner_url":"https://pbs.twimg.com/profile_banners/868040631590854656/1496846051","profile_link_color":"1DA1F2","profile_sidebar_border_color":"C0DEED","profile_sidebar_fill_color":"DDEEF6","profile_text_color":"333333","profile_use_background_image":true,"has_extended_profile":false,"default_profile":true,"default_profile_image":false,"following":false,"follow_request_sent":false,"notifications":false,"translator_type":"none"},"geo":null,"coordinates":null,"place":null,"contributors":null,"is_quote_status":false,"retweet_count":72,"favorite_count":291,"favorited":false,"retweeted":false,"possibly_sensitive":false,"lang":"ja"},{"created_at":"Mon Jul 10 05:32:06 +0000 2017","id":884284070183682000,"id_str":"884284070183682048","text":"蓮舫「豪雨災害の最中に大臣にも参加者にも食事だ出るランチミーティングしようとした！その間に被害は拡大してる！」\n\n蓮舫は災害時は大臣はご飯を食べるなというんですか？\nそもそも稲田大臣は防衛大臣としての指示は出し、すぐに戻れる場所に… https://t.co/oiSCJUyn6Q","truncated":true,"entities":{"hashtags":[],"symbols":[],"user_mentions":[],"urls":[{"url":"https://t.co/oiSCJUyn6Q","expanded_url":"https://twitter.com/i/web/status/884284070183682048","display_url":"twitter.com/i/web/status/8…","indices":[117,140]}]},"metadata":{"iso_language_code":"ja","result_type":"recent"},"source":"<a href=\"http://twitter.com\" rel=\"nofollow\">Twitter Web Client</a>","in_reply_to_status_id":null,"in_reply_to_status_id_str":null,"in_reply_to_user_id":null,"in_reply_to_user_id_str":null,"in_reply_to_screen_name":null,"user":{"id":3000480175,"id_str":"3000480175","name":"DAPPI","screen_name":"take_off_dress","location":"","description":"日本が好きです。\n偏向報道をするマスコミは大嫌いです。\n時間があれば国会中継を見てます。\n\n■テーマ別つぶやきまとめ\nhttps://t.co/4RM21cdpMd\n\n■ブログ\nhttps://t.co/0JI0ePLfYD","url":"https://t.co/0JI0ePLfYD","entities":{"url":{"urls":[{"url":"https://t.co/0JI0ePLfYD","expanded_url":"http://blog.livedoor.jp/dappiblog/","display_url":"blog.livedoor.jp/dappiblog/","indices":[0,23]}]},"description":{"urls":[{"url":"https://t.co/4RM21cdpMd","expanded_url":"https://togetter.com/id/take_off_dress","display_url":"togetter.com/id/take_off_dr…","indices":[59,82]},{"url":"https://t.co/0JI0ePLfYD","expanded_url":"http://blog.livedoor.jp/dappiblog/","display_url":"blog.livedoor.jp/dappiblog/","indices":[89,112]}]}},"protected":false,"followers_count":28540,"friends_count":3108,"listed_count":366,"created_at":"Thu Jan 29 03:57:52 +0000 2015","favourites_count":22,"utc_offset":32400,"time_zone":"Tokyo","geo_enabled":false,"verified":false,"statuses_count":4473,"lang":"ja","contributors_enabled":false,"is_translator":false,"is_translation_enabled":false,"profile_background_color":"C0DEED","profile_background_image_url":"http://abs.twimg.com/images/themes/theme1/bg.png","profile_background_image_url_https":"https://abs.twimg.com/images/themes/theme1/bg.png","profile_background_tile":false,"profile_image_url":"http://pbs.twimg.com/profile_images/644396728133644288/U1bAXUmp_normal.jpg","profile_image_url_https":"https://pbs.twimg.com/profile_images/644396728133644288/U1bAXUmp_normal.jpg","profile_link_color":"1DA1F2","profile_sidebar_border_color":"C0DEED","profile_sidebar_fill_color":"DDEEF6","profile_text_color":"333333","profile_use_background_image":true,"has_extended_profile":false,"default_profile":true,"default_profile_image":false,"following":false,"follow_request_sent":false,"notifications":false,"translator_type":"none"},"geo":null,"coordinates":null,"place":null,"contributors":null,"is_quote_status":false,"retweet_count":103,"favorite_count":94,"favorited":false,"retweeted":false,"possibly_sensitive":false,"lang":"ja"},{"created_at":"Mon Jul 10 05:31:47 +0000 2017","id":884283990026276900,"id_str":"884283990026276864","text":"最新音源＆映像作品集『ADORATIO』はお陰様で残り僅かとなっております。是非お見逃しないようご注意ください。(S) https://t.co/9brTZzsz5c","truncated":false,"entities":{"hashtags":[],"symbols":[],"user_mentions":[],"urls":[],"media":[{"id":884283902650601500,"id_str":"884283902650601472","indices":[60,83],"media_url":"http://pbs.twimg.com/media/DEWbhjoV0AAI9ck.jpg","media_url_https":"https://pbs.twimg.com/media/DEWbhjoV0AAI9ck.jpg","url":"https://t.co/9brTZzsz5c","display_url":"pic.twitter.com/9brTZzsz5c","expanded_url":"https://twitter.com/sukekiyo_band/status/884283990026276864/photo/1","type":"photo","sizes":{"thumb":{"w":150,"h":150,"resize":"crop"},"small":{"w":680,"h":611,"resize":"fit"},"large":{"w":1000,"h":899,"resize":"fit"},"medium":{"w":1000,"h":899,"resize":"fit"}}}]},"extended_entities":{"media":[{"id":884283902650601500,"id_str":"884283902650601472","indices":[60,83],"media_url":"http://pbs.twimg.com/media/DEWbhjoV0AAI9ck.jpg","media_url_https":"https://pbs.twimg.com/media/DEWbhjoV0AAI9ck.jpg","url":"https://t.co/9brTZzsz5c","display_url":"pic.twitter.com/9brTZzsz5c","expanded_url":"https://twitter.com/sukekiyo_band/status/884283990026276864/photo/1","type":"photo","sizes":{"thumb":{"w":150,"h":150,"resize":"crop"},"small":{"w":680,"h":611,"resize":"fit"},"large":{"w":1000,"h":899,"resize":"fit"},"medium":{"w":1000,"h":899,"resize":"fit"}}},{"id":884283915967512600,"id_str":"884283915967512577","indices":[60,83],"media_url":"http://pbs.twimg.com/media/DEWbiVPVwAE-i8o.jpg","media_url_https":"https://pbs.twimg.com/media/DEWbiVPVwAE-i8o.jpg","url":"https://t.co/9brTZzsz5c","display_url":"pic.twitter.com/9brTZzsz5c","expanded_url":"https://twitter.com/sukekiyo_band/status/884283990026276864/photo/1","type":"photo","sizes":{"medium":{"w":1000,"h":667,"resize":"fit"},"large":{"w":1000,"h":667,"resize":"fit"},"thumb":{"w":150,"h":150,"resize":"crop"},"small":{"w":680,"h":454,"resize":"fit"}}}]},"metadata":{"iso_language_code":"ja","result_type":"recent"},"source":"<a href=\"http://twitter.com\" rel=\"nofollow\">Twitter Web Client</a>","in_reply_to_status_id":null,"in_reply_to_status_id_str":null,"in_reply_to_user_id":null,"in_reply_to_user_id_str":null,"in_reply_to_screen_name":null,"user":{"id":2268379998,"id_str":"2268379998","name":"sukekiyo","screen_name":"sukekiyo_band","location":"JAPAN","description":"sukekiyo official Twitter","url":"http://t.co/JAu1L3zMzY","entities":{"url":{"urls":[{"url":"http://t.co/JAu1L3zMzY","expanded_url":"http://sukekiyo-official.jp","display_url":"sukekiyo-official.jp","indices":[0,22]}]},"description":{"urls":[]}},"protected":false,"followers_count":25186,"friends_count":6,"listed_count":347,"created_at":"Mon Dec 30 05:36:21 +0000 2013","favourites_count":0,"utc_offset":32400,"time_zone":"Tokyo","geo_enabled":false,"verified":false,"statuses_count":563,"lang":"ja","contributors_enabled":false,"is_translator":false,"is_translation_enabled":true,"profile_background_color":"131516","profile_background_image_url":"http://abs.twimg.com/images/themes/theme14/bg.gif","profile_background_image_url_https":"https://abs.twimg.com/images/themes/theme14/bg.gif","profile_background_tile":true,"profile_image_url":"http://pbs.twimg.com/profile_images/861757320560234497/z9ecun_M_normal.jpg","profile_image_url_https":"https://pbs.twimg.com/profile_images/861757320560234497/z9ecun_M_normal.jpg","profile_banner_url":"https://pbs.twimg.com/profile_banners/2268379998/1494293919","profile_link_color":"009999","profile_sidebar_border_color":"EEEEEE","profile_sidebar_fill_color":"EFEFEF","profile_text_color":"333333","profile_use_background_image":true,"has_extended_profile":false,"default_profile":false,"default_profile_image":false,"following":false,"follow_request_sent":false,"notifications":false,"translator_type":"none"},"geo":null,"coordinates":null,"place":null,"contributors":null,"is_quote_status":false,"retweet_count":68,"favorite_count":99,"favorited":false,"retweeted":false,"possibly_sensitive":false,"lang":"ja"},{"created_at":"Mon Jul 10 05:31:36 +0000 2017","id":884283945642111000,"id_str":"884283945642110976","text":"撮影の合間にそそくさとアニメイトに行くたそ☆ #えいそと北海道 https://t.co/AVqhWwvMI4","truncated":false,"entities":{"hashtags":[{"text":"えいそと北海道","indices":[23,31]}],"symbols":[],"user_mentions":[],"urls":[],"media":[{"id":884283923194191900,"id_str":"884283923194191873","indices":[32,55],"media_url":"http://pbs.twimg.com/media/DEWbiwKUIAEf_aW.jpg","media_url_https":"https://pbs.twimg.com/media/DEWbiwKUIAEf_aW.jpg","url":"https://t.co/AVqhWwvMI4","display_url":"pic.twitter.com/AVqhWwvMI4","expanded_url":"https://twitter.com/eitaso/status/884283945642110976/photo/1","type":"photo","sizes":{"large":{"w":957,"h":1277,"resize":"fit"},"thumb":{"w":150,"h":150,"resize":"crop"},"medium":{"w":899,"h":1200,"resize":"fit"},"small":{"w":510,"h":680,"resize":"fit"}}}]},"extended_entities":{"media":[{"id":884283923194191900,"id_str":"884283923194191873","indices":[32,55],"media_url":"http://pbs.twimg.com/media/DEWbiwKUIAEf_aW.jpg","media_url_https":"https://pbs.twimg.com/media/DEWbiwKUIAEf_aW.jpg","url":"https://t.co/AVqhWwvMI4","display_url":"pic.twitter.com/AVqhWwvMI4","expanded_url":"https://twitter.com/eitaso/status/884283945642110976/photo/1","type":"photo","sizes":{"large":{"w":957,"h":1277,"resize":"fit"},"thumb":{"w":150,"h":150,"resize":"crop"},"medium":{"w":899,"h":1200,"resize":"fit"},"small":{"w":510,"h":680,"resize":"fit"}}},{"id":884283939774357500,"id_str":"884283939774357506","indices":[32,55],"media_url":"http://pbs.twimg.com/media/DEWbjt7VYAIBhJs.jpg","media_url_https":"https://pbs.twimg.com/media/DEWbjt7VYAIBhJs.jpg","url":"https://t.co/AVqhWwvMI4","display_url":"pic.twitter.com/AVqhWwvMI4","expanded_url":"https://twitter.com/eitaso/status/884283945642110976/photo/1","type":"photo","sizes":{"medium":{"w":900,"h":1200,"resize":"fit"},"thumb":{"w":150,"h":150,"resize":"crop"},"large":{"w":1536,"h":2048,"resize":"fit"},"small":{"w":510,"h":680,"resize":"fit"}}}]},"metadata":{"iso_language_code":"ja","result_type":"recent"},"source":"<a href=\"http://www.echofon.com/\" rel=\"nofollow\">Echofon</a>","in_reply_to_status_id":null,"in_reply_to_status_id_str":null,"in_reply_to_user_id":null,"in_reply_to_user_id_str":null,"in_reply_to_screen_name":null,"user":{"id":72809395,"id_str":"72809395","name":"えいたそ☆成瀬瑛美","screen_name":"eitaso","location":"japan.tokyo.akihabara!!♡","description":"eitaso☆eimi naruse\nポップカルチャー最前線アイドル！でんぱ組.inc @dempagumi の黄色担当。またの名をマキシマムえいたそ。https://t.co/9QR25YLHaK\n2016/12/21にBESTアルバム「WWDBEST 〜電波良好！〜」発売☆トキメキ界のカリスマ！☆","url":"https://t.co/D5U5sjkkzH","entities":{"url":{"urls":[{"url":"https://t.co/D5U5sjkkzH","expanded_url":"http://ameblo.jp/eitaso0216","display_url":"ameblo.jp/eitaso0216","indices":[0,23]}]},"description":{"urls":[{"url":"https://t.co/9QR25YLHaK","expanded_url":"http://dempagumi.dearstage.com","display_url":"dempagumi.dearstage.com","indices":[76,99]}]}},"protected":false,"followers_count":193128,"friends_count":951,"listed_count":6020,"created_at":"Wed Sep 09 09:15:55 +0000 2009","favourites_count":7789,"utc_offset":32400,"time_zone":"Tokyo","geo_enabled":false,"verified":true,"statuses_count":39311,"lang":"ja","contributors_enabled":false,"is_translator":false,"is_translation_enabled":false,"profile_background_color":"FF00FF","profile_background_image_url":"http://abs.twimg.com/images/themes/theme1/bg.png","profile_background_image_url_https":"https://abs.twimg.com/images/themes/theme1/bg.png","profile_background_tile":false,"profile_image_url":"http://pbs.twimg.com/profile_images/875665766942507008/_3GocA0r_normal.jpg","profile_image_url_https":"https://pbs.twimg.com/profile_images/875665766942507008/_3GocA0r_normal.jpg","profile_banner_url":"https://pbs.twimg.com/profile_banners/72809395/1480006171","profile_link_color":"00BBFF","profile_sidebar_border_color":"0D0D0D","profile_sidebar_fill_color":"141414","profile_text_color":"FC08FC","profile_use_background_image":false,"has_extended_profile":false,"default_profile":false,"default_profile_image":false,"following":false,"follow_request_sent":false,"notifications":false,"translator_type":"none"},"geo":null,"coordinates":null,"place":null,"contributors":null,"is_quote_status":false,"retweet_count":49,"favorite_count":226,"favorited":false,"retweeted":false,"possibly_sensitive":false,"lang":"ja"},{"created_at":"Mon Jul 10 05:31:21 +0000 2017","id":884283884333973500,"id_str":"884283884333973504","text":"映画「関ヶ原」の前売券と共についてくる三成くんぬいぐるみが関ヶ原級に可愛すぎる絶対欲しい https://t.co/lfehZsMHVj","truncated":false,"entities":{"hashtags":[],"symbols":[],"user_mentions":[],"urls":[],"media":[{"id":884283808354259000,"id_str":"884283808354258948","indices":[45,68],"media_url":"http://pbs.twimg.com/media/DEWbcEWV0AQoG2S.jpg","media_url_https":"https://pbs.twimg.com/media/DEWbcEWV0AQoG2S.jpg","url":"https://t.co/lfehZsMHVj","display_url":"pic.twitter.com/lfehZsMHVj","expanded_url":"https://twitter.com/zibumitunari/status/884283884333973504/photo/1","type":"photo","sizes":{"large":{"w":750,"h":876,"resize":"fit"},"small":{"w":582,"h":680,"resize":"fit"},"medium":{"w":750,"h":876,"resize":"fit"},"thumb":{"w":150,"h":150,"resize":"crop"}}}]},"extended_entities":{"media":[{"id":884283808354259000,"id_str":"884283808354258948","indices":[45,68],"media_url":"http://pbs.twimg.com/media/DEWbcEWV0AQoG2S.jpg","media_url_https":"https://pbs.twimg.com/media/DEWbcEWV0AQoG2S.jpg","url":"https://t.co/lfehZsMHVj","display_url":"pic.twitter.com/lfehZsMHVj","expanded_url":"https://twitter.com/zibumitunari/status/884283884333973504/photo/1","type":"photo","sizes":{"large":{"w":750,"h":876,"resize":"fit"},"small":{"w":582,"h":680,"resize":"fit"},"medium":{"w":750,"h":876,"resize":"fit"},"thumb":{"w":150,"h":150,"resize":"crop"}}}]},"metadata":{"iso_language_code":"ja","result_type":"recent"},"source":"<a href=\"http://twitter.com/download/iphone\" rel=\"nofollow\">Twitter for iPhone</a>","in_reply_to_status_id":null,"in_reply_to_status_id_str":null,"in_reply_to_user_id":null,"in_reply_to_user_id_str":null,"in_reply_to_screen_name":null,"user":{"id":478157613,"id_str":"478157613","name":"石田三成","screen_name":"zibumitunari","location":"佐和山城","description":"石田三成。420年前は五奉行職。山崎、小牧長久手、忍城攻め、関ヶ原に出陣。現在はツイッタ―で活動。 好物は近江鮎の塩焼きと大福と茶。 治部少輔です。話が合う者は気軽にフォローをしてくれると有難い。","url":"https://t.co/CtRRMU8KSO","entities":{"url":{"urls":[{"url":"https://t.co/CtRRMU8KSO","expanded_url":"https://ja.m.wikipedia.org/wiki/%E7%9F%B3%E7%94%B0%E4%B8%89%E6%88%90","display_url":"ja.m.wikipedia.org/wiki/%E7%9F%B3…","indices":[0,23]}]},"description":{"urls":[]}},"protected":false,"followers_count":116063,"friends_count":3051,"listed_count":1111,"created_at":"Sun Jan 29 23:57:45 +0000 2012","favourites_count":49081,"utc_offset":null,"time_zone":null,"geo_enabled":false,"verified":false,"statuses_count":49417,"lang":"ja","contributors_enabled":false,"is_translator":false,"is_translation_enabled":false,"profile_background_color":"C0DEED","profile_background_image_url":"http://abs.twimg.com/images/themes/theme1/bg.png","profile_background_image_url_https":"https://abs.twimg.com/images/themes/theme1/bg.png","profile_background_tile":false,"profile_image_url":"http://pbs.twimg.com/profile_images/883501986624057344/pm5i4JiU_normal.jpg","profile_image_url_https":"https://pbs.twimg.com/profile_images/883501986624057344/pm5i4JiU_normal.jpg","profile_banner_url":"https://pbs.twimg.com/profile_banners/478157613/1489228790","profile_link_color":"1DA1F2","profile_sidebar_border_color":"C0DEED","profile_sidebar_fill_color":"DDEEF6","profile_text_color":"333333","profile_use_background_image":true,"has_extended_profile":false,"default_profile":true,"default_profile_image":false,"following":false,"follow_request_sent":false,"notifications":false,"translator_type":"none"},"geo":null,"coordinates":null,"place":null,"contributors":null,"is_quote_status":false,"retweet_count":70,"favorite_count":119,"favorited":false,"retweeted":false,"possibly_sensitive":false,"lang":"ja"},{"created_at":"Mon Jul 10 05:30:54 +0000 2017","id":884283769896751100,"id_str":"884283769896751104","text":"…(ﾎﾞﾛﾝ)","truncated":false,"entities":{"hashtags":[],"symbols":[],"user_mentions":[],"urls":[]},"metadata":{"iso_language_code":"ja","result_type":"recent"},"source":"<a href=\"http://botbird.metabirds.net\" rel=\"nofollow\">Botbird tweets</a>","in_reply_to_status_id":null,"in_reply_to_status_id_str":null,"in_reply_to_user_id":null,"in_reply_to_user_id_str":null,"in_reply_to_screen_name":null,"user":{"id":769137621519863800,"id_str":"769137621519863808","name":"5%の確率で露出するトリスタンbot","screen_name":"poron_boron","location":"神聖円卓領域 キャメロット","description":"トリちゃんです。60分に１回竪琴を奏でます。5%の確率で性器をボロンします。リプライ非対応です","url":null,"entities":{"description":{"urls":[]}},"protected":false,"followers_count":1874,"friends_count":0,"listed_count":30,"created_at":"Fri Aug 26 11:41:13 +0000 2016","favourites_count":0,"utc_offset":null,"time_zone":null,"geo_enabled":false,"verified":false,"statuses_count":5987,"lang":"ja","contributors_enabled":false,"is_translator":false,"is_translation_enabled":false,"profile_background_color":"F5F8FA","profile_background_image_url":null,"profile_background_image_url_https":null,"profile_background_tile":false,"profile_image_url":"http://pbs.twimg.com/profile_images/848316886811004928/mF28lA57_normal.jpg","profile_image_url_https":"https://pbs.twimg.com/profile_images/848316886811004928/mF28lA57_normal.jpg","profile_banner_url":"https://pbs.twimg.com/profile_banners/769137621519863808/1475062901","profile_link_color":"1DA1F2","profile_sidebar_border_color":"C0DEED","profile_sidebar_fill_color":"DDEEF6","profile_text_color":"333333","profile_use_background_image":true,"has_extended_profile":false,"default_profile":true,"default_profile_image":false,"following":false,"follow_request_sent":false,"notifications":false,"translator_type":"none"},"geo":null,"coordinates":null,"place":null,"contributors":null,"is_quote_status":false,"retweet_count":54,"favorite_count":23,"favorited":false,"retweeted":false,"lang":"ja"},{"created_at":"Mon Jul 10 05:30:02 +0000 2017","id":884283553013350400,"id_str":"884283553013350400","text":"今の仕事+お幾らか必要じゃありませんか？LINEID→bainarisfまでご連絡ください。　https://t.co/A7eeTfTBxf　#バイナリー　#バイナリーオプション　#副業　#おこづかい　#お金持ち https://t.co/IURoDHYXmo","truncated":false,"entities":{"hashtags":[{"text":"バイナリー","indices":[71,77]},{"text":"バイナリーオプション","indices":[78,89]},{"text":"副業","indices":[90,93]},{"text":"おこづかい","indices":[94,100]},{"text":"お金持ち","indices":[101,106]}],"symbols":[],"user_mentions":[],"urls":[{"url":"https://t.co/A7eeTfTBxf","expanded_url":"https://goo.gl/gpmcR4","display_url":"goo.gl/gpmcR4","indices":[47,70]}],"media":[{"id":884283550287020000,"id_str":"884283550287020032","indices":[107,130],"media_url":"http://pbs.twimg.com/media/DEWbNC-UQAA8Tsd.jpg","media_url_https":"https://pbs.twimg.com/media/DEWbNC-UQAA8Tsd.jpg","url":"https://t.co/IURoDHYXmo","display_url":"pic.twitter.com/IURoDHYXmo","expanded_url":"https://twitter.com/dashiruibahan/status/884283553013350400/photo/1","type":"photo","sizes":{"medium":{"w":675,"h":1200,"resize":"fit"},"thumb":{"w":150,"h":150,"resize":"crop"},"large":{"w":750,"h":1334,"resize":"fit"},"small":{"w":382,"h":680,"resize":"fit"}}}]},"extended_entities":{"media":[{"id":884283550287020000,"id_str":"884283550287020032","indices":[107,130],"media_url":"http://pbs.twimg.com/media/DEWbNC-UQAA8Tsd.jpg","media_url_https":"https://pbs.twimg.com/media/DEWbNC-UQAA8Tsd.jpg","url":"https://t.co/IURoDHYXmo","display_url":"pic.twitter.com/IURoDHYXmo","expanded_url":"https://twitter.com/dashiruibahan/status/884283553013350400/photo/1","type":"photo","sizes":{"medium":{"w":675,"h":1200,"resize":"fit"},"thumb":{"w":150,"h":150,"resize":"crop"},"large":{"w":750,"h":1334,"resize":"fit"},"small":{"w":382,"h":680,"resize":"fit"}}}]},"metadata":{"iso_language_code":"ja","result_type":"recent"},"source":"<a href=\"http://twitter.com/\" rel=\"nofollow\">zerotubusen12</a>","in_reply_to_status_id":null,"in_reply_to_status_id_str":null,"in_reply_to_user_id":null,"in_reply_to_user_id_str":null,"in_reply_to_screen_name":null,"user":{"id":129696001,"id_str":"129696001","name":"生田　竜二","screen_name":"dashiruibahan","location":"LINEID→bainarisf","description":"投資や副業が初めての方でも気軽に声をかけてください。私はプロですので安心して頂けると思います。無料で相談に乗らせて頂きます。 #バイナリー　#バイナリーオプション　#副業　#おこづかい　#お金持ち　　#投資","url":null,"entities":{"description":{"urls":[]}},"protected":false,"followers_count":6844,"friends_count":4733,"listed_count":2,"created_at":"Mon Apr 05 03:58:40 +0000 2010","favourites_count":0,"utc_offset":-25200,"time_zone":"Arizona","geo_enabled":false,"verified":false,"statuses_count":3,"lang":"ja","contributors_enabled":false,"is_translator":false,"is_translation_enabled":false,"profile_background_color":"8B542B","profile_background_image_url":"http://abs.twimg.com/images/themes/theme8/bg.gif","profile_background_image_url_https":"https://abs.twimg.com/images/themes/theme8/bg.gif","profile_background_tile":false,"profile_image_url":"http://pbs.twimg.com/profile_images/858971680823103488/P4w8ogB4_normal.jpg","profile_image_url_https":"https://pbs.twimg.com/profile_images/858971680823103488/P4w8ogB4_normal.jpg","profile_link_color":"9D582E","profile_sidebar_border_color":"D9B17E","profile_sidebar_fill_color":"EADEAA","profile_text_color":"333333","profile_use_background_image":true,"has_extended_profile":false,"default_profile":false,"default_profile_image":false,"following":false,"follow_request_sent":false,"notifications":false,"translator_type":"none"},"geo":null,"coordinates":null,"place":null,"contributors":null,"is_quote_status":false,"retweet_count":101,"favorite_count":0,"favorited":false,"retweeted":false,"possibly_sensitive":false,"lang":"ja"},{"created_at":"Mon Jul 10 05:30:02 +0000 2017","id":884283552908456000,"id_str":"884283552908455936","text":"かかってきなさい。虫ケラども https://t.co/B6X1uT7xux","truncated":false,"entities":{"hashtags":[],"symbols":[],"user_mentions":[],"urls":[],"media":[{"id":884283551285366800,"id_str":"884283551285366784","indices":[15,38],"media_url":"http://pbs.twimg.com/media/DEWbNGsV0AAZfA3.jpg","media_url_https":"https://pbs.twimg.com/media/DEWbNGsV0AAZfA3.jpg","url":"https://t.co/B6X1uT7xux","display_url":"pic.twitter.com/B6X1uT7xux","expanded_url":"https://twitter.com/bokete_pop/status/884283552908455936/photo/1","type":"photo","sizes":{"medium":{"w":400,"h":326,"resize":"fit"},"large":{"w":400,"h":326,"resize":"fit"},"thumb":{"w":150,"h":150,"resize":"crop"},"small":{"w":400,"h":326,"resize":"fit"}}}]},"extended_entities":{"media":[{"id":884283551285366800,"id_str":"884283551285366784","indices":[15,38],"media_url":"http://pbs.twimg.com/media/DEWbNGsV0AAZfA3.jpg","media_url_https":"https://pbs.twimg.com/media/DEWbNGsV0AAZfA3.jpg","url":"https://t.co/B6X1uT7xux","display_url":"pic.twitter.com/B6X1uT7xux","expanded_url":"https://twitter.com/bokete_pop/status/884283552908455936/photo/1","type":"photo","sizes":{"medium":{"w":400,"h":326,"resize":"fit"},"large":{"w":400,"h":326,"resize":"fit"},"thumb":{"w":150,"h":150,"resize":"crop"},"small":{"w":400,"h":326,"resize":"fit"}}}]},"metadata":{"iso_language_code":"ja","result_type":"recent"},"source":"<a href=\"http://bokete.jp\" rel=\"nofollow\">ボケてApp</a>","in_reply_to_status_id":null,"in_reply_to_status_id_str":null,"in_reply_to_user_id":null,"in_reply_to_user_id_str":null,"in_reply_to_screen_name":null,"user":{"id":785072058006851600,"id_str":"785072058006851584","name":"ボケて（人気）","screen_name":"bokete_pop","location":"","description":"非公式ボケてbotです。人気のボケを投稿しているよ。","url":"https://t.co/drEdgqBwb1","entities":{"url":{"urls":[{"url":"https://t.co/drEdgqBwb1","expanded_url":"http://bokete.jp","display_url":"bokete.jp","indices":[0,23]}]},"description":{"urls":[]}},"protected":false,"followers_count":144174,"friends_count":1,"listed_count":435,"created_at":"Sun Oct 09 10:58:59 +0000 2016","favourites_count":3,"utc_offset":32400,"time_zone":"Tokyo","geo_enabled":false,"verified":false,"statuses_count":37509,"lang":"ja","contributors_enabled":false,"is_translator":false,"is_translation_enabled":false,"profile_background_color":"F5F8FA","profile_background_image_url":null,"profile_background_image_url_https":null,"profile_background_tile":false,"profile_image_url":"http://pbs.twimg.com/profile_images/785073612495605760/hoEMzozH_normal.jpg","profile_image_url_https":"https://pbs.twimg.com/profile_images/785073612495605760/hoEMzozH_normal.jpg","profile_link_color":"1DA1F2","profile_sidebar_border_color":"C0DEED","profile_sidebar_fill_color":"DDEEF6","profile_text_color":"333333","profile_use_background_image":true,"has_extended_profile":false,"default_profile":true,"default_profile_image":false,"following":false,"follow_request_sent":false,"notifications":false,"translator_type":"none"},"geo":null,"coordinates":null,"place":null,"contributors":null,"is_quote_status":false,"retweet_count":50,"favorite_count":84,"favorited":false,"retweeted":false,"possibly_sensitive":true,"lang":"ja"}],"search_metadata":{"completed_in":0.232,"max_id":884285760840519700,"max_id_str":"884285760840519680","next_results":"?max_id=884283552908455935&q=lang%3Aja%20min_retweets%3A50&include_entities=1","query":"lang%3Aja+min_retweets%3A50","refresh_url":"?since_id=884285760840519680&q=lang%3Aja%20min_retweets%3A50&include_entities=1","count":15,"since_id":0,"since_id_str":"0"}}