{"statuses":[{"created_at":"Fri Jul 07 01:36:59 +0000 2017","id":883137737062207500,"id_str":"883137737062207488","text":"秋葉原の街頭演説会場で選挙妨害活動をしていた「しばき隊」がどんな集団なのかをご覧くださいｗｗｗ大阪、東京、沖縄で暴行傷害事件を起こして、何度も逮捕されているのが「しばき隊」ですｗｗｗバイキングの坂上忍や民進党の蓮舫が「市民の声」と… https://t.co/GCHeIwzzAV","truncated":true,"entities":{"hashtags":[],"symbols":[],"user_mentions":[],"urls":[{"url":"https://t.co/GCHeIwzzAV","expanded_url":"https://twitter.com/i/web/status/883137737062207488","display_url":"twitter.com/i/web/status/8…","indices":[117,140]}]},"metadata":{"iso_language_code":"ja","result_type":"recent"},"source":"<a href=\"http://twitter.com\" rel=\"nofollow\">Twitter Web Client</a>","in_reply_to_status_id":null,"in_reply_to_status_id_str":null,"in_reply_to_user_id":null,"in_reply_to_user_id_str":null,"in_reply_to_screen_name":null,"user":{"id":524294327,"id_str":"524294327","name":"500円","screen_name":"_500yen","location":"日本銀行","description":"ここは実況垢(@_500yen)です／ https://t.co/47sclMQccz ／本垢は(@bio_jackrose)です／ https://t.co/OdmT4fq1c1 ／ ※ツイートは誤字脱字が多目ですので「忖度」してください＼(^o^)／","url":"https://t.co/wePGds7zOE","entities":{"url":{"urls":[{"url":"https://t.co/wePGds7zOE","expanded_url":"https://aclog.rhe.jp/_500yen","display_url":"aclog.rhe.jp/_500yen","indices":[0,23]}]},"description":{"urls":[{"url":"https://t.co/47sclMQccz","expanded_url":"http://fivezerozero.tumblr.com","display_url":"fivezerozero.tumblr.com","indices":[20,43]},{"url":"https://t.co/OdmT4fq1c1","expanded_url":"http://jackrose.tumblr.com","display_url":"jackrose.tumblr.com","indices":[67,90]}]}},"protected":false,"followers_count":44450,"friends_count":578,"listed_count":820,"created_at":"Wed Mar 14 12:11:11 +0000 2012","favourites_count":132055,"utc_offset":32400,"time_zone":"Tokyo","geo_enabled":false,"verified":false,"statuses_count":26847,"lang":"ja","contributors_enabled":false,"is_translator":false,"is_translation_enabled":false,"profile_background_color":"00C6E1","profile_background_image_url":"http://pbs.twimg.com/profile_background_images/597033948468760576/yht65XtD.png","profile_background_image_url_https":"https://pbs.twimg.com/profile_background_images/597033948468760576/yht65XtD.png","profile_background_tile":false,"profile_image_url":"http://pbs.twimg.com/profile_images/2892403315/3b163fe3c2c3fea75c665836cef68767_normal.png","profile_image_url_https":"https://pbs.twimg.com/profile_images/2892403315/3b163fe3c2c3fea75c665836cef68767_normal.png","profile_banner_url":"https://pbs.twimg.com/profile_banners/524294327/1431184208","profile_link_color":"DD2E44","profile_sidebar_border_color":"000000","profile_sidebar_fill_color":"95E8EC","profile_text_color":"3C3940","profile_use_background_image":false,"has_extended_profile":false,"default_profile":false,"default_profile_image":false,"following":false,"follow_request_sent":false,"notifications":false,"translator_type":"regular"},"geo":null,"coordinates":null,"place":null,"contributors":null,"is_quote_status":false,"retweet_count":76,"favorite_count":57,"favorited":false,"retweeted":false,"possibly_sensitive":false,"lang":"ja"},{"created_at":"Fri Jul 07 01:36:25 +0000 2017","id":883137595063926800,"id_str":"883137595063926784","text":"【オールスター】\nロッテ“謎の魚”球宴出場決定！「鴨川でオールスターブレークをする予定だった」\nhttps://t.co/sO0SL75ENn\n存在感を出したいなあという“魚の野望”があるそうです！\n#chibalotte… https://t.co/hrr1kBbizt","truncated":true,"entities":{"hashtags":[{"text":"chibalotte","indices":[100,111]}],"symbols":[],"user_mentions":[],"urls":[{"url":"https://t.co/sO0SL75ENn","expanded_url":"https://baseballking.jp/ns/123369","display_url":"baseballking.jp/ns/123369","indices":[48,71]},{"url":"https://t.co/hrr1kBbizt","expanded_url":"https://twitter.com/i/web/status/883137595063926784","display_url":"twitter.com/i/web/status/8…","indices":[113,136]}]},"metadata":{"iso_language_code":"ja","result_type":"recent"},"source":"<a href=\"http://twitter.com\" rel=\"nofollow\">Twitter Web Client</a>","in_reply_to_status_id":null,"in_reply_to_status_id_str":null,"in_reply_to_user_id":null,"in_reply_to_user_id_str":null,"in_reply_to_screen_name":null,"user":{"id":2462822395,"id_str":"2462822395","name":"ベースボールキング","screen_name":"BaseballkingJP","location":"プロ野球を明るく！楽しく！","description":"野球情報サイト『BASEBALL KING（ベースボールキング）』の公式アカウントです。ニュースやコラムなど、日米の野球情報を中心につぶやきます！","url":"https://t.co/397sqtZDjn","entities":{"url":{"urls":[{"url":"https://t.co/397sqtZDjn","expanded_url":"https://baseballking.jp/","display_url":"baseballking.jp","indices":[0,23]}]},"description":{"urls":[]}},"protected":false,"followers_count":105807,"friends_count":16968,"listed_count":1002,"created_at":"Fri Apr 25 06:59:48 +0000 2014","favourites_count":25,"utc_offset":32400,"time_zone":"Tokyo","geo_enabled":true,"verified":false,"statuses_count":34411,"lang":"ja","contributors_enabled":false,"is_translator":false,"is_translation_enabled":false,"profile_background_color":"C0DEED","profile_background_image_url":"http://abs.twimg.com/images/themes/theme1/bg.png","profile_background_image_url_https":"https://abs.twimg.com/images/themes/theme1/bg.png","profile_background_tile":false,"profile_image_url":"http://pbs.twimg.com/profile_images/875552573691838464/ifZIMyu__normal.jpg","profile_image_url_https":"https://pbs.twimg.com/profile_images/875552573691838464/ifZIMyu__normal.jpg","profile_banner_url":"https://pbs.twimg.com/profile_banners/2462822395/1474890379","profile_link_color":"4A913C","profile_sidebar_border_color":"000000","profile_sidebar_fill_color":"000000","profile_text_color":"000000","profile_use_background_image":true,"has_extended_profile":false,"default_profile":false,"default_profile_image":false,"following":false,"follow_request_sent":false,"notifications":false,"translator_type":"none"},"geo":null,"coordinates":null,"place":null,"contributors":null,"is_quote_status":false,"retweet_count":84,"favorite_count":63,"favorited":false,"retweeted":false,"possibly_sensitive":false,"lang":"ja"},{"created_at":"Fri Jul 07 01:35:44 +0000 2017","id":883137424590684200,"id_str":"883137424590684160","text":"★┷┓\n┃今┃\n┃年┃\n┃こ┃\n┃そ┃\n┃マ┃\n┃ツ┃\n┃コ┃\n┃の┃\n┃知┃\n┃ら┃\n┃な┃\n┃い┃\n┃吹┃\n┃替┃\n┃の┃\n┃世┃\n┃界┃\n┃が┃\n┃実┃\n┃現┃\n┃し┃\n┃ま┃\n┃す┃\n┃よ┃\n┃う┃\n┃に┃\n┗━★… https://t.co/L5LB7oUlNn","truncated":true,"entities":{"hashtags":[],"symbols":[],"user_mentions":[],"urls":[{"url":"https://t.co/L5LB7oUlNn","expanded_url":"https://twitter.com/i/web/status/883137424590684160","display_url":"twitter.com/i/web/status/8…","indices":[113,136]}]},"metadata":{"iso_language_code":"ja","result_type":"recent"},"source":"<a href=\"http://twitter.com/download/iphone\" rel=\"nofollow\">Twitter for iPhone</a>","in_reply_to_status_id":null,"in_reply_to_status_id_str":null,"in_reply_to_user_id":null,"in_reply_to_user_id_str":null,"in_reply_to_screen_name":null,"user":{"id":478242908,"id_str":"478242908","name":"20世紀FOXホームエンターテイメント","screen_name":"20foxvideo","location":"東京都 港区 六本木","description":"20世紀フォックス ホーム エンターテイメント ジャパンの公式Twitterです。デジタル配信/ブルーレイ/DVDの最新発売情報をお届けします。★Facebook⇒https://t.co/0xiiH2A6z4 ★商品に関するお問い合わせ ⇒ https://t.co/20bkVbWNmW","url":"http://t.co/O0NUq9oQy8","entities":{"url":{"urls":[{"url":"http://t.co/O0NUq9oQy8","expanded_url":"http://video.foxjapan.com/","display_url":"video.foxjapan.com","indices":[0,22]}]},"description":{"urls":[{"url":"https://t.co/0xiiH2A6z4","expanded_url":"http://on.fb.me/JR3IAX","display_url":"on.fb.me/JR3IAX","indices":[82,105]},{"url":"https://t.co/20bkVbWNmW","expanded_url":"http://www.foxjapan.com/contact","display_url":"foxjapan.com/contact","indices":[122,145]}]}},"protected":false,"followers_count":76183,"friends_count":36515,"listed_count":1327,"created_at":"Mon Jan 30 02:22:13 +0000 2012","favourites_count":12536,"utc_offset":32400,"time_zone":"Tokyo","geo_enabled":false,"verified":true,"statuses_count":26396,"lang":"ja","contributors_enabled":false,"is_translator":false,"is_translation_enabled":false,"profile_background_color":"022330","profile_background_image_url":"http://pbs.twimg.com/profile_background_images/712886170342920192/28Vf2l7x.jpg","profile_background_image_url_https":"https://pbs.twimg.com/profile_background_images/712886170342920192/28Vf2l7x.jpg","profile_background_tile":true,"profile_image_url":"http://pbs.twimg.com/profile_images/876699066339540992/PG9881fQ_normal.jpg","profile_image_url_https":"https://pbs.twimg.com/profile_images/876699066339540992/PG9881fQ_normal.jpg","profile_banner_url":"https://pbs.twimg.com/profile_banners/478242908/1497920442","profile_link_color":"FF691F","profile_sidebar_border_color":"000000","profile_sidebar_fill_color":"DDEEF6","profile_text_color":"333333","profile_use_background_image":true,"has_extended_profile":true,"default_profile":false,"default_profile_image":false,"following":false,"follow_request_sent":false,"notifications":false,"translator_type":"none"},"geo":null,"coordinates":null,"place":null,"contributors":null,"is_quote_status":false,"retweet_count":72,"favorite_count":77,"favorited":false,"retweeted":false,"possibly_sensitive":false,"lang":"ja"},{"created_at":"Fri Jul 07 01:35:21 +0000 2017","id":883137329854005200,"id_str":"883137329854005248","text":"【当日券情報】\n2017/7/7(金)\nANDROGYNOS - a view of the Megiddo -\n横浜アリーナ\n\n販売開始：14:00〜\n販売場所：当日券売り場\n席種：アリーナスタンディング/スタンド指定席\nチケット料金：¥13,460(税込)","truncated":false,"entities":{"hashtags":[],"symbols":[],"user_mentions":[],"urls":[]},"metadata":{"iso_language_code":"ja","result_type":"recent"},"source":"<a href=\"http://twitter.com\" rel=\"nofollow\">Twitter Web Client</a>","in_reply_to_status_id":null,"in_reply_to_status_id_str":null,"in_reply_to_user_id":null,"in_reply_to_user_id_str":null,"in_reply_to_screen_name":null,"user":{"id":806699086313177100,"id_str":"806699086313177088","name":"ANDROGYNOS","screen_name":"androgynosJP","location":"","description":"交わる事の無かった2バンド 交わる事の無かった2つの物体 ここに破壊的融合 PIERROT DIR EN GREY ANDROGYNOS  2017年7月7日(金)・8日(土)に横浜アリーナにて“ANDROGYNOS”開催決定。 https://t.co/3pLviMurvE","url":"https://t.co/EaumGTOuRv","entities":{"url":{"urls":[{"url":"https://t.co/EaumGTOuRv","expanded_url":"http://www.androgynos.jp/","display_url":"androgynos.jp","indices":[0,23]}]},"description":{"urls":[{"url":"https://t.co/3pLviMurvE","expanded_url":"https://youtu.be/1pNCvvQNbn4","display_url":"youtu.be/1pNCvvQNbn4","indices":[115,138]}]}},"protected":false,"followers_count":17521,"friends_count":2,"listed_count":141,"created_at":"Thu Dec 08 03:17:04 +0000 2016","favourites_count":0,"utc_offset":32400,"time_zone":"Tokyo","geo_enabled":false,"verified":false,"statuses_count":61,"lang":"ja","contributors_enabled":false,"is_translator":false,"is_translation_enabled":false,"profile_background_color":"000000","profile_background_image_url":"http://abs.twimg.com/images/themes/theme1/bg.png","profile_background_image_url_https":"https://abs.twimg.com/images/themes/theme1/bg.png","profile_background_tile":false,"profile_image_url":"http://pbs.twimg.com/profile_images/830650644293840896/yebOmlsb_normal.jpg","profile_image_url_https":"https://pbs.twimg.com/profile_images/830650644293840896/yebOmlsb_normal.jpg","profile_banner_url":"https://pbs.twimg.com/profile_banners/806699086313177088/1486877544","profile_link_color":"000000","profile_sidebar_border_color":"000000","profile_sidebar_fill_color":"000000","profile_text_color":"000000","profile_use_background_image":false,"has_extended_profile":false,"default_profile":false,"default_profile_image":false,"following":false,"follow_request_sent":false,"notifications":false,"translator_type":"none"},"geo":null,"coordinates":null,"place":null,"contributors":null,"is_quote_status":false,"retweet_count":129,"favorite_count":44,"favorited":false,"retweeted":false,"lang":"ja"},{"created_at":"Fri Jul 07 01:32:04 +0000 2017","id":883136503534108700,"id_str":"883136503534108672","text":"【おしらせ/名古屋】7/22（土）～24（月）は事前抽選当選者のみの入場となります。\n7/25（火）～28（金）は開店～15時までは事前抽選当選者のみの入場、15時以降整理券入場を予定しております。\n7/29（土）30（日）は開店時より整理券入場を予定しております。","truncated":false,"entities":{"hashtags":[],"symbols":[],"user_mentions":[],"urls":[]},"metadata":{"iso_language_code":"ja","result_type":"recent"},"source":"<a href=\"http://twipple.jp/\" rel=\"nofollow\">ついっぷる for iPhone</a>","in_reply_to_status_id":null,"in_reply_to_status_id_str":null,"in_reply_to_user_id":null,"in_reply_to_user_id_str":null,"in_reply_to_screen_name":null,"user":{"id":3268692961,"id_str":"3268692961","name":"SHINING STORE","screen_name":"SHINING_STORE","location":"東京原宿竹下通り裏 ・名古屋PARCO・大阪ルクア イーレ","description":"SHINING STORE 2017年も開催！ ★当アカウントへのお客様からのご質問はお答え致しかねます。お問い合わせは ブロッコリーユーザーサポートまでお願い申し上げます。［ユーザーサポー ト］https://t.co/xRDBWcOAT3","url":"http://t.co/bOuVU0Aih3","entities":{"url":{"urls":[{"url":"http://t.co/bOuVU0Aih3","expanded_url":"http://www.utapri.com/shiningstore/","display_url":"utapri.com/shiningstore/","indices":[0,22]}]},"description":{"urls":[{"url":"https://t.co/xRDBWcOAT3","expanded_url":"http://www.broccoli.co.jp/support/","display_url":"broccoli.co.jp/support/","indices":[98,121]}]}},"protected":false,"followers_count":48706,"friends_count":1,"listed_count":1171,"created_at":"Sun Jul 05 03:07:38 +0000 2015","favourites_count":0,"utc_offset":32400,"time_zone":"Tokyo","geo_enabled":false,"verified":false,"statuses_count":964,"lang":"ja","contributors_enabled":false,"is_translator":false,"is_translation_enabled":false,"profile_background_color":"000000","profile_background_image_url":"http://abs.twimg.com/images/themes/theme1/bg.png","profile_background_image_url_https":"https://abs.twimg.com/images/themes/theme1/bg.png","profile_background_tile":false,"profile_image_url":"http://pbs.twimg.com/profile_images/879985846228623362/8tRz4ZGc_normal.jpg","profile_image_url_https":"https://pbs.twimg.com/profile_images/879985846228623362/8tRz4ZGc_normal.jpg","profile_banner_url":"https://pbs.twimg.com/profile_banners/3268692961/1498639966","profile_link_color":"89C9FA","profile_sidebar_border_color":"000000","profile_sidebar_fill_color":"000000","profile_text_color":"000000","profile_use_background_image":false,"has_extended_profile":false,"default_profile":false,"default_profile_image":false,"following":false,"follow_request_sent":false,"notifications":false,"translator_type":"none"},"geo":null,"coordinates":null,"place":null,"contributors":null,"is_quote_status":false,"retweet_count":85,"favorite_count":122,"favorited":false,"retweeted":false,"lang":"ja"},{"created_at":"Fri Jul 07 01:30:36 +0000 2017","id":883136131918737400,"id_str":"883136131918737408","text":"こんにちは戦場カメラマンの渡部陽一です。フィリピン情勢。フィリピン南部ミンダナオ島マラウィで続く過激派組織イスラム国系組織マウテグループとフィリピン軍による衝突。戒厳令下にあるマラウィではサウジアラビアやマレーシア、インドネシアからの戦闘員が武装組織側へ参入しています。","truncated":false,"entities":{"hashtags":[],"symbols":[],"user_mentions":[],"urls":[]},"metadata":{"iso_language_code":"ja","result_type":"recent"},"source":"<a href=\"http://twitter.com\" rel=\"nofollow\">Twitter Web Client</a>","in_reply_to_status_id":null,"in_reply_to_status_id_str":null,"in_reply_to_user_id":null,"in_reply_to_user_id_str":null,"in_reply_to_screen_name":null,"user":{"id":142243158,"id_str":"142243158","name":"渡部陽一","screen_name":"yoichiomar","location":"","description":"war photographer　渡部陽一です。","url":"http://t.co/8Mr5alb9yl","entities":{"url":{"urls":[{"url":"http://t.co/8Mr5alb9yl","expanded_url":"http://yoichi-watanabe.com","display_url":"yoichi-watanabe.com","indices":[0,22]}]},"description":{"urls":[]}},"protected":false,"followers_count":891966,"friends_count":3,"listed_count":13340,"created_at":"Mon May 10 10:38:22 +0000 2010","favourites_count":5,"utc_offset":null,"time_zone":null,"geo_enabled":false,"verified":true,"statuses_count":2115,"lang":"ja","contributors_enabled":false,"is_translator":false,"is_translation_enabled":false,"profile_background_color":"C0DEED","profile_background_image_url":"http://abs.twimg.com/images/themes/theme1/bg.png","profile_background_image_url_https":"https://abs.twimg.com/images/themes/theme1/bg.png","profile_background_tile":false,"profile_image_url":"http://pbs.twimg.com/profile_images/888458786/5D87674_normal.jpg","profile_image_url_https":"https://pbs.twimg.com/profile_images/888458786/5D87674_normal.jpg","profile_link_color":"1DA1F2","profile_sidebar_border_color":"C0DEED","profile_sidebar_fill_color":"DDEEF6","profile_text_color":"333333","profile_use_background_image":true,"has_extended_profile":false,"default_profile":true,"default_profile_image":false,"following":false,"follow_request_sent":false,"notifications":false,"translator_type":"none"},"geo":null,"coordinates":null,"place":null,"contributors":null,"is_quote_status":false,"retweet_count":51,"favorite_count":57,"favorited":false,"retweeted":false,"lang":"ja"},{"created_at":"Fri Jul 07 01:30:33 +0000 2017","id":883136118194962400,"id_str":"883136118194962432","text":"【おしらせ】本日から原宿・名古屋ともに第１期7/22（土）～7/30（日）の入場抽選の応募受付を開始しています。注意事項をご確認の上ご応募ください。締切は7/11（火）9:59までです。\nhttps://t.co/XzborbczFq","truncated":false,"entities":{"hashtags":[],"symbols":[],"user_mentions":[],"urls":[{"url":"https://t.co/XzborbczFq","expanded_url":"http://bro.jp/entry/shiningstore2017/","display_url":"bro.jp/entry/shinings…","indices":[94,117]}]},"metadata":{"iso_language_code":"ja","result_type":"recent"},"source":"<a href=\"http://twipple.jp/\" rel=\"nofollow\">ついっぷる for iPhone</a>","in_reply_to_status_id":null,"in_reply_to_status_id_str":null,"in_reply_to_user_id":null,"in_reply_to_user_id_str":null,"in_reply_to_screen_name":null,"user":{"id":3268692961,"id_str":"3268692961","name":"SHINING STORE","screen_name":"SHINING_STORE","location":"東京原宿竹下通り裏 ・名古屋PARCO・大阪ルクア イーレ","description":"SHINING STORE 2017年も開催！ ★当アカウントへのお客様からのご質問はお答え致しかねます。お問い合わせは ブロッコリーユーザーサポートまでお願い申し上げます。［ユーザーサポー ト］https://t.co/xRDBWcOAT3","url":"http://t.co/bOuVU0Aih3","entities":{"url":{"urls":[{"url":"http://t.co/bOuVU0Aih3","expanded_url":"http://www.utapri.com/shiningstore/","display_url":"utapri.com/shiningstore/","indices":[0,22]}]},"description":{"urls":[{"url":"https://t.co/xRDBWcOAT3","expanded_url":"http://www.broccoli.co.jp/support/","display_url":"broccoli.co.jp/support/","indices":[98,121]}]}},"protected":false,"followers_count":48706,"friends_count":1,"listed_count":1171,"created_at":"Sun Jul 05 03:07:38 +0000 2015","favourites_count":0,"utc_offset":32400,"time_zone":"Tokyo","geo_enabled":false,"verified":false,"statuses_count":964,"lang":"ja","contributors_enabled":false,"is_translator":false,"is_translation_enabled":false,"profile_background_color":"000000","profile_background_image_url":"http://abs.twimg.com/images/themes/theme1/bg.png","profile_background_image_url_https":"https://abs.twimg.com/images/themes/theme1/bg.png","profile_background_tile":false,"profile_image_url":"http://pbs.twimg.com/profile_images/879985846228623362/8tRz4ZGc_normal.jpg","profile_image_url_https":"https://pbs.twimg.com/profile_images/879985846228623362/8tRz4ZGc_normal.jpg","profile_banner_url":"https://pbs.twimg.com/profile_banners/3268692961/1498639966","profile_link_color":"89C9FA","profile_sidebar_border_color":"000000","profile_sidebar_fill_color":"000000","profile_text_color":"000000","profile_use_background_image":false,"has_extended_profile":false,"default_profile":false,"default_profile_image":false,"following":false,"follow_request_sent":false,"notifications":false,"translator_type":"none"},"geo":null,"coordinates":null,"place":null,"contributors":null,"is_quote_status":false,"retweet_count":204,"favorite_count":302,"favorited":false,"retweeted":false,"possibly_sensitive":false,"lang":"ja"},{"created_at":"Fri Jul 07 01:30:18 +0000 2017","id":883136058426179600,"id_str":"883136058426179584","text":"500RT：【画期的】『カーズ』実写化！野村周平主演、ミニドラマ予告編が公開\nhttps://t.co/IhLxyNg82S\n\nディズニー／ピクサーの史上初の試み。映画本編に登場するクルマたちの物語を擬人化したオリジナルドラマとな… https://t.co/fIaTeujU5t","truncated":true,"entities":{"hashtags":[],"symbols":[],"user_mentions":[],"urls":[{"url":"https://t.co/IhLxyNg82S","expanded_url":"http://news.livedoor.com/article/detail/13302382/","display_url":"news.livedoor.com/article/detail…","indices":[39,62]},{"url":"https://t.co/fIaTeujU5t","expanded_url":"https://twitter.com/i/web/status/883136058426179584","display_url":"twitter.com/i/web/status/8…","indices":[117,140]}]},"metadata":{"iso_language_code":"ja","result_type":"recent"},"source":"<a href=\"http://news.livedoor.com/\" rel=\"nofollow\">ライブドアニュース（livedoorニュース）</a>","in_reply_to_status_id":null,"in_reply_to_status_id_str":null,"in_reply_to_user_id":null,"in_reply_to_user_id_str":null,"in_reply_to_screen_name":null,"user":{"id":17306975,"id_str":"17306975","name":"ライブドアニュース","screen_name":"livedoornews","location":"","description":"LINE →https://t.co/yhJO0o7Jns／FB → https://t.co/LHTCuyIEjr／インスタ／→https://t.co/SpmVgPtfCG","url":"http://t.co/Q4Bh3OCfgY","entities":{"url":{"urls":[{"url":"http://t.co/Q4Bh3OCfgY","expanded_url":"http://news.livedoor.com/","display_url":"news.livedoor.com","indices":[0,22]}]},"description":{"urls":[{"url":"https://t.co/yhJO0o7Jns","expanded_url":"http://goo.gl/upBgKP","display_url":"goo.gl/upBgKP","indices":[6,29]},{"url":"https://t.co/LHTCuyIEjr","expanded_url":"http://goo.gl/nDULhn","display_url":"goo.gl/nDULhn","indices":[35,58]},{"url":"https://t.co/SpmVgPtfCG","expanded_url":"http://goo.gl/cHGD9G","display_url":"goo.gl/cHGD9G","indices":[65,88]}]}},"protected":false,"followers_count":423019,"friends_count":86,"listed_count":6126,"created_at":"Tue Nov 11 09:56:31 +0000 2008","favourites_count":2606,"utc_offset":32400,"time_zone":"Tokyo","geo_enabled":false,"verified":true,"statuses_count":176193,"lang":"ja","contributors_enabled":false,"is_translator":false,"is_translation_enabled":false,"profile_background_color":"FFFFFF","profile_background_image_url":"http://pbs.twimg.com/profile_background_images/378800000085828060/4b07c1d868c917fb65a3d64a20904cd5.jpeg","profile_background_image_url_https":"https://pbs.twimg.com/profile_background_images/378800000085828060/4b07c1d868c917fb65a3d64a20904cd5.jpeg","profile_background_tile":false,"profile_image_url":"http://pbs.twimg.com/profile_images/875662964988166149/whdJTD2I_normal.jpg","profile_image_url_https":"https://pbs.twimg.com/profile_images/875662964988166149/whdJTD2I_normal.jpg","profile_link_color":"51ADD4","profile_sidebar_border_color":"FFFFFF","profile_sidebar_fill_color":"95E8EC","profile_text_color":"3C3940","profile_use_background_image":true,"has_extended_profile":false,"default_profile":false,"default_profile_image":false,"following":false,"follow_request_sent":false,"notifications":false,"translator_type":"none"},"geo":null,"coordinates":null,"place":null,"contributors":null,"is_quote_status":false,"retweet_count":85,"favorite_count":75,"favorited":false,"retweeted":false,"possibly_sensitive":false,"lang":"ja"},{"created_at":"Fri Jul 07 01:30:17 +0000 2017","id":883136054294978600,"id_str":"883136054294978560","text":"旬の植物「さるすべり」\n漢字では「百日紅」と。約100日間、ピンク色の花を咲かせるということが名前の由来となっていますが、幹がすべすべで、猿も登れないということから、「猿滑」とも書きます。\n\n暦生活… https://t.co/oLs1VHuGr1","truncated":true,"entities":{"hashtags":[],"symbols":[],"user_mentions":[],"urls":[{"url":"https://t.co/oLs1VHuGr1","expanded_url":"https://twitter.com/i/web/status/883136054294978560","display_url":"twitter.com/i/web/status/8…","indices":[101,124]}]},"metadata":{"iso_language_code":"ja","result_type":"recent"},"source":"<a href=\"http://www.hootsuite.com\" rel=\"nofollow\">Hootsuite</a>","in_reply_to_status_id":null,"in_reply_to_status_id_str":null,"in_reply_to_user_id":null,"in_reply_to_user_id_str":null,"in_reply_to_screen_name":null,"user":{"id":837167466,"id_str":"837167466","name":"暦生活","screen_name":"543life","location":"大阪市","description":"日本には四季のほかに二十四節気、七十二候という季節があるのをご存知ですか？旧暦にまつわる旬の食材や季節の風物詩、その他いろいろ、古きよき日本の情緒をつぶやきます♪ 運営サイト「暦生活」にも是非お立ち寄りください。 新日本カレンダー こよみ好きによるつぶやきです♪","url":"https://t.co/dIn7WeGTLs","entities":{"url":{"urls":[{"url":"https://t.co/dIn7WeGTLs","expanded_url":"http://www.543life.com/","display_url":"543life.com","indices":[0,23]}]},"description":{"urls":[]}},"protected":false,"followers_count":117346,"friends_count":1447,"listed_count":2091,"created_at":"Fri Sep 21 06:48:07 +0000 2012","favourites_count":2803,"utc_offset":null,"time_zone":null,"geo_enabled":false,"verified":false,"statuses_count":7387,"lang":"ja","contributors_enabled":false,"is_translator":false,"is_translation_enabled":false,"profile_background_color":"F1C557","profile_background_image_url":"http://pbs.twimg.com/profile_background_images/676114765/85e67d386c17bbff5aa69856a27c5811.jpeg","profile_background_image_url_https":"https://pbs.twimg.com/profile_background_images/676114765/85e67d386c17bbff5aa69856a27c5811.jpeg","profile_background_tile":false,"profile_image_url":"http://pbs.twimg.com/profile_images/848137144124096512/ECfF6VZO_normal.jpg","profile_image_url_https":"https://pbs.twimg.com/profile_images/848137144124096512/ECfF6VZO_normal.jpg","profile_banner_url":"https://pbs.twimg.com/profile_banners/837167466/1498185789","profile_link_color":"FAC02C","profile_sidebar_border_color":"FFFFFF","profile_sidebar_fill_color":"DDEEF6","profile_text_color":"333333","profile_use_background_image":true,"has_extended_profile":false,"default_profile":false,"default_profile_image":false,"following":false,"follow_request_sent":false,"notifications":false,"translator_type":"none"},"geo":null,"coordinates":null,"place":null,"contributors":null,"is_quote_status":false,"retweet_count":99,"favorite_count":135,"favorited":false,"retweeted":false,"possibly_sensitive":false,"lang":"ja"},{"created_at":"Fri Jul 07 01:30:14 +0000 2017","id":883136039795146800,"id_str":"883136039795146752","text":"幻夢コーポレーション、ブットバソウル事業に参入。「仮面ライダークロノス」など24枚の限定メダルを、「檀正宗」が使用しているものと同型のホルダーに入れてお届け☆ #エグゼイド https://t.co/AeLbTfWz5j https://t.co/IJsz21CzkP","truncated":false,"entities":{"hashtags":[{"text":"エグゼイド","indices":[80,86]}],"symbols":[],"user_mentions":[],"urls":[{"url":"https://t.co/AeLbTfWz5j","expanded_url":"http://bit.ly/2sSjnh1","display_url":"bit.ly/2sSjnh1","indices":[87,110]}],"media":[{"id":883136037228130300,"id_str":"883136037228130304","indices":[111,134],"media_url":"http://pbs.twimg.com/media/DEGHi_tUMAA4KJd.jpg","media_url_https":"https://pbs.twimg.com/media/DEGHi_tUMAA4KJd.jpg","url":"https://t.co/IJsz21CzkP","display_url":"pic.twitter.com/IJsz21CzkP","expanded_url":"https://twitter.com/p_bandai/status/883136039795146752/photo/1","type":"photo","sizes":{"small":{"w":600,"h":341,"resize":"fit"},"thumb":{"w":150,"h":150,"resize":"crop"},"medium":{"w":600,"h":341,"resize":"fit"},"large":{"w":600,"h":341,"resize":"fit"}}}]},"extended_entities":{"media":[{"id":883136037228130300,"id_str":"883136037228130304","indices":[111,134],"media_url":"http://pbs.twimg.com/media/DEGHi_tUMAA4KJd.jpg","media_url_https":"https://pbs.twimg.com/media/DEGHi_tUMAA4KJd.jpg","url":"https://t.co/IJsz21CzkP","display_url":"pic.twitter.com/IJsz21CzkP","expanded_url":"https://twitter.com/p_bandai/status/883136039795146752/photo/1","type":"photo","sizes":{"small":{"w":600,"h":341,"resize":"fit"},"thumb":{"w":150,"h":150,"resize":"crop"},"medium":{"w":600,"h":341,"resize":"fit"},"large":{"w":600,"h":341,"resize":"fit"}}}]},"metadata":{"iso_language_code":"ja","result_type":"recent"},"source":"<a href=\"http://www.logitter.net/%E4%B8%BB%E3%81%AA%E6%A9%9F%E8%83%BD/twitter%E3%82%AF%E3%83%A9%E3%82%A4%E3%82%A2%E3%83%B3%E3%83%88%E3%82\" rel=\"nofollow\">CLOUDPLAY_JP</a>","in_reply_to_status_id":null,"in_reply_to_status_id_str":null,"in_reply_to_user_id":null,"in_reply_to_user_id_str":null,"in_reply_to_screen_name":null,"user":{"id":211093373,"id_str":"211093373","name":"プレミアムバンダイ","screen_name":"p_bandai","location":"","description":"バンダイ公式ショッピングサイト『プレミアムバンダイ』の公式ツイッターです。新商品や、キャンペーン情報など旬な情報をお届けします。なお、お問合せに対する回答などについては承っておりません。予めご了承ください。","url":"http://t.co/AmR5wWmEl8","entities":{"url":{"urls":[{"url":"http://t.co/AmR5wWmEl8","expanded_url":"http://p-bandai.jp/","display_url":"p-bandai.jp","indices":[0,22]}]},"description":{"urls":[]}},"protected":false,"followers_count":187401,"friends_count":46059,"listed_count":2843,"created_at":"Tue Nov 02 08:59:40 +0000 2010","favourites_count":0,"utc_offset":32400,"time_zone":"Tokyo","geo_enabled":false,"verified":true,"statuses_count":6999,"lang":"ja","contributors_enabled":false,"is_translator":false,"is_translation_enabled":false,"profile_background_color":"C0DEED","profile_background_image_url":"http://pbs.twimg.com/profile_background_images/328854153/20110912_PB__tw_bg.png","profile_background_image_url_https":"https://pbs.twimg.com/profile_background_images/328854153/20110912_PB__tw_bg.png","profile_background_tile":false,"profile_image_url":"http://pbs.twimg.com/profile_images/877726296851177476/ES6bY8Ih_normal.jpg","profile_image_url_https":"https://pbs.twimg.com/profile_images/877726296851177476/ES6bY8Ih_normal.jpg","profile_banner_url":"https://pbs.twimg.com/profile_banners/211093373/1469603316","profile_link_color":"0084B4","profile_sidebar_border_color":"C0DEED","profile_sidebar_fill_color":"DDEEF6","profile_text_color":"333333","profile_use_background_image":true,"has_extended_profile":false,"default_profile":false,"default_profile_image":false,"following":false,"follow_request_sent":false,"notifications":false,"translator_type":"none"},"geo":null,"coordinates":null,"place":null,"contributors":null,"is_quote_status":false,"retweet_count":103,"favorite_count":71,"favorited":false,"retweeted":false,"possibly_sensitive":false,"lang":"ja"},{"created_at":"Fri Jul 07 01:30:11 +0000 2017","id":883136028822847500,"id_str":"883136028822847489","text":"OverTheTop\n渋谷WWWX‼︎\n\n最高に楽しかったです‼︎\n来てくれた皆が最高でした‼︎\n本当にありがとう❤️\n\n大阪もっと盛り上げます‼︎\n\nみんなきてね😊\n\n仲間が来てくれた。まじ泣いた。笑 https://t.co/cBWJNr9YWh","truncated":false,"entities":{"hashtags":[],"symbols":[],"user_mentions":[],"urls":[],"media":[{"id":883136013480058900,"id_str":"883136013480058881","indices":[102,125],"media_url":"http://pbs.twimg.com/media/DEGHhnPVYAE6ZAy.jpg","media_url_https":"https://pbs.twimg.com/media/DEGHhnPVYAE6ZAy.jpg","url":"https://t.co/cBWJNr9YWh","display_url":"pic.twitter.com/cBWJNr9YWh","expanded_url":"https://twitter.com/kishinorikadayo/status/883136028822847489/photo/1","type":"photo","sizes":{"thumb":{"w":150,"h":150,"resize":"crop"},"medium":{"w":1200,"h":800,"resize":"fit"},"small":{"w":680,"h":453,"resize":"fit"},"large":{"w":2048,"h":1365,"resize":"fit"}}}]},"extended_entities":{"media":[{"id":883136013480058900,"id_str":"883136013480058881","indices":[102,125],"media_url":"http://pbs.twimg.com/media/DEGHhnPVYAE6ZAy.jpg","media_url_https":"https://pbs.twimg.com/media/DEGHhnPVYAE6ZAy.jpg","url":"https://t.co/cBWJNr9YWh","display_url":"pic.twitter.com/cBWJNr9YWh","expanded_url":"https://twitter.com/kishinorikadayo/status/883136028822847489/photo/1","type":"photo","sizes":{"thumb":{"w":150,"h":150,"resize":"crop"},"medium":{"w":1200,"h":800,"resize":"fit"},"small":{"w":680,"h":453,"resize":"fit"},"large":{"w":2048,"h":1365,"resize":"fit"}}},{"id":883136013480087600,"id_str":"883136013480087552","indices":[102,125],"media_url":"http://pbs.twimg.com/media/DEGHhnPV0AAzxa9.jpg","media_url_https":"https://pbs.twimg.com/media/DEGHhnPV0AAzxa9.jpg","url":"https://t.co/cBWJNr9YWh","display_url":"pic.twitter.com/cBWJNr9YWh","expanded_url":"https://twitter.com/kishinorikadayo/status/883136028822847489/photo/1","type":"photo","sizes":{"large":{"w":2048,"h":1365,"resize":"fit"},"medium":{"w":1200,"h":800,"resize":"fit"},"small":{"w":680,"h":453,"resize":"fit"},"thumb":{"w":150,"h":150,"resize":"crop"}}},{"id":883136013471588400,"id_str":"883136013471588352","indices":[102,125],"media_url":"http://pbs.twimg.com/media/DEGHhnNUIAA_mrd.jpg","media_url_https":"https://pbs.twimg.com/media/DEGHhnNUIAA_mrd.jpg","url":"https://t.co/cBWJNr9YWh","display_url":"pic.twitter.com/cBWJNr9YWh","expanded_url":"https://twitter.com/kishinorikadayo/status/883136028822847489/photo/1","type":"photo","sizes":{"large":{"w":2048,"h":1365,"resize":"fit"},"thumb":{"w":150,"h":150,"resize":"crop"},"medium":{"w":1200,"h":800,"resize":"fit"},"small":{"w":680,"h":453,"resize":"fit"}}}]},"metadata":{"iso_language_code":"ja","result_type":"recent"},"source":"<a href=\"http://twitter.com/download/iphone\" rel=\"nofollow\">Twitter for iPhone</a>","in_reply_to_status_id":null,"in_reply_to_status_id_str":null,"in_reply_to_user_id":null,"in_reply_to_user_id_str":null,"in_reply_to_screen_name":null,"user":{"id":2856725022,"id_str":"2856725022","name":"岸野里香【Over The Top】","screen_name":"kishinorikadayo","location":"","description":"","url":"https://t.co/93t3Qjdm5p","entities":{"url":{"urls":[{"url":"https://t.co/93t3Qjdm5p","expanded_url":"https://Instagram.com/rikakishino_official/","display_url":"Instagram.com/rikakishino_of…","indices":[0,23]}]},"description":{"urls":[]}},"protected":false,"followers_count":147512,"friends_count":322,"listed_count":2776,"created_at":"Wed Oct 15 13:24:04 +0000 2014","favourites_count":172,"utc_offset":null,"time_zone":null,"geo_enabled":false,"verified":true,"statuses_count":3735,"lang":"ja","contributors_enabled":false,"is_translator":false,"is_translation_enabled":false,"profile_background_color":"C0DEED","profile_background_image_url":"http://abs.twimg.com/images/themes/theme1/bg.png","profile_background_image_url_https":"https://abs.twimg.com/images/themes/theme1/bg.png","profile_background_tile":false,"profile_image_url":"http://pbs.twimg.com/profile_images/833438762289893376/zV5AwFEx_normal.jpg","profile_image_url_https":"https://pbs.twimg.com/profile_images/833438762289893376/zV5AwFEx_normal.jpg","profile_banner_url":"https://pbs.twimg.com/profile_banners/2856725022/1495422251","profile_link_color":"1DA1F2","profile_sidebar_border_color":"C0DEED","profile_sidebar_fill_color":"DDEEF6","profile_text_color":"333333","profile_use_background_image":true,"has_extended_profile":true,"default_profile":true,"default_profile_image":false,"following":false,"follow_request_sent":false,"notifications":false,"translator_type":"none"},"geo":null,"coordinates":null,"place":null,"contributors":null,"is_quote_status":false,"retweet_count":58,"favorite_count":177,"favorited":false,"retweeted":false,"possibly_sensitive":false,"lang":"ja"},{"created_at":"Fri Jul 07 01:30:07 +0000 2017","id":883136009940082700,"id_str":"883136009940082688","text":"『モンスターハンターワールド』、23分に亘るゲームプレイ映像が公開！ マジで神ゲーだわこれ・・・ https://t.co/wHBGvC7BM5","truncated":false,"entities":{"hashtags":[],"symbols":[],"user_mentions":[],"urls":[{"url":"https://t.co/wHBGvC7BM5","expanded_url":"http://jin115.com/archives/52183301.html","display_url":"jin115.com/archives/52183…","indices":[49,72]}]},"metadata":{"iso_language_code":"ja","result_type":"recent"},"source":"<a href=\"http://blog.livedoor.com/\" rel=\"nofollow\">livedoor Blog</a>","in_reply_to_status_id":null,"in_reply_to_status_id_str":null,"in_reply_to_user_id":null,"in_reply_to_user_id_str":null,"in_reply_to_screen_name":null,"user":{"id":22273191,"id_str":"22273191","name":"オレ的ゲーム速報","screen_name":"Jin115","location":"Japan","description":"オレ的ゲーム速報のツイッターです。（＾ω＾　Youtubeちゃんねるはこちら→https://t.co/4gRUrwM8WX\n動画告知用ツイッターはこちら→@oreteki_douga \n\nその他に管理人のツイッターアカウントはありません、偽物にご注意ください","url":"http://t.co/SuBartmuHB","entities":{"url":{"urls":[{"url":"http://t.co/SuBartmuHB","expanded_url":"http://jin115.com/","display_url":"jin115.com","indices":[0,22]}]},"description":{"urls":[{"url":"https://t.co/4gRUrwM8WX","expanded_url":"https://www.youtube.com/user/jin115xx","display_url":"youtube.com/user/jin115xx","indices":[39,62]}]}},"protected":false,"followers_count":463371,"friends_count":363844,"listed_count":7293,"created_at":"Sat Feb 28 17:00:42 +0000 2009","favourites_count":155,"utc_offset":32400,"time_zone":"Tokyo","geo_enabled":false,"verified":false,"statuses_count":322452,"lang":"ja","contributors_enabled":false,"is_translator":false,"is_translation_enabled":false,"profile_background_color":"C0DEED","profile_background_image_url":"http://abs.twimg.com/images/themes/theme1/bg.png","profile_background_image_url_https":"https://abs.twimg.com/images/themes/theme1/bg.png","profile_background_tile":false,"profile_image_url":"http://pbs.twimg.com/profile_images/1505450533/canvas_normal.png","profile_image_url_https":"https://pbs.twimg.com/profile_images/1505450533/canvas_normal.png","profile_link_color":"1DA1F2","profile_sidebar_border_color":"C0DEED","profile_sidebar_fill_color":"DDEEF6","profile_text_color":"333333","profile_use_background_image":true,"has_extended_profile":false,"default_profile":true,"default_profile_image":false,"following":false,"follow_request_sent":false,"notifications":false,"translator_type":"none"},"geo":null,"coordinates":null,"place":null,"contributors":null,"is_quote_status":false,"retweet_count":100,"favorite_count":130,"favorited":false,"retweeted":false,"possibly_sensitive":false,"lang":"ja"},{"created_at":"Fri Jul 07 01:30:05 +0000 2017","id":883136001320734700,"id_str":"883136001320734720","text":"＼「カルピス」の誕生日　フォロー＆ＲＴキャンペーン／\n@threef3fをフォローしてこのツイートをＲＴすると、1名に「オリジナル福袋」が当たる！！\n詳しくは→ https://t.co/G4qKoVSU8w… https://t.co/99IVc0BDJ4","truncated":true,"entities":{"hashtags":[],"symbols":[],"user_mentions":[{"screen_name":"threef3f","name":"スリーエフ","id":750568744099905500,"id_str":"750568744099905542","indices":[27,36]}],"urls":[{"url":"https://t.co/G4qKoVSU8w","expanded_url":"http://three-f.eng.mg/13b10","display_url":"three-f.eng.mg/13b10","indices":[81,104]},{"url":"https://t.co/99IVc0BDJ4","expanded_url":"https://twitter.com/i/web/status/883136001320734720","display_url":"twitter.com/i/web/status/8…","indices":[106,129]}]},"metadata":{"iso_language_code":"ja","result_type":"recent"},"source":"<a href=\"http://engagemanager.tribalmedia.co.jp/\" rel=\"nofollow\">EngageManager</a>","in_reply_to_status_id":null,"in_reply_to_status_id_str":null,"in_reply_to_user_id":null,"in_reply_to_user_id_str":null,"in_reply_to_screen_name":null,"user":{"id":750568744099905500,"id_str":"750568744099905542","name":"スリーエフ","screen_name":"threef3f","location":"神奈川県　横浜市","description":"スリーエフ公式twitterアカウントです。商品やキャンペーン情報などをお届けします！\n店舗、商品に関するお問い合わせは下記へお願いします。 https://t.co/2gM4z2nlqK","url":"https://t.co/whMaOiy9Y2","entities":{"url":{"urls":[{"url":"https://t.co/whMaOiy9Y2","expanded_url":"http://www.three-f.co.jp/index.html","display_url":"three-f.co.jp/index.html","indices":[0,23]}]},"description":{"urls":[{"url":"https://t.co/2gM4z2nlqK","expanded_url":"http://www.three-f.co.jp/inquire/","display_url":"three-f.co.jp/inquire/","indices":[71,94]}]}},"protected":false,"followers_count":9472,"friends_count":9,"listed_count":39,"created_at":"Wed Jul 06 05:55:08 +0000 2016","favourites_count":451,"utc_offset":32400,"time_zone":"Tokyo","geo_enabled":false,"verified":false,"statuses_count":859,"lang":"ja","contributors_enabled":false,"is_translator":false,"is_translation_enabled":false,"profile_background_color":"F5F8FA","profile_background_image_url":null,"profile_background_image_url_https":null,"profile_background_tile":false,"profile_image_url":"http://pbs.twimg.com/profile_images/875645560073539585/X1oFVQef_normal.jpg","profile_image_url_https":"https://pbs.twimg.com/profile_images/875645560073539585/X1oFVQef_normal.jpg","profile_banner_url":"https://pbs.twimg.com/profile_banners/750568744099905542/1468487590","profile_link_color":"1DA1F2","profile_sidebar_border_color":"C0DEED","profile_sidebar_fill_color":"DDEEF6","profile_text_color":"333333","profile_use_background_image":true,"has_extended_profile":false,"default_profile":true,"default_profile_image":false,"following":false,"follow_request_sent":false,"notifications":false,"translator_type":"none"},"geo":null,"coordinates":null,"place":null,"contributors":null,"is_quote_status":false,"retweet_count":85,"favorite_count":17,"favorited":false,"retweeted":false,"possibly_sensitive":false,"lang":"ja"},{"created_at":"Fri Jul 07 01:30:04 +0000 2017","id":883135998045044700,"id_str":"883135998045044736","text":"今日はカルピスの誕生日 @akiko_lawsonをフォローしリツイート！抽選で1名様に「オリジナル『カルピス』テイスティングキット」をプレゼント♪ #七夕生まれのカルピスに願いを #七夕の願い事　#七夕に願いを　#ローソン… https://t.co/NVG9vgsN5M","truncated":true,"entities":{"hashtags":[{"text":"七夕生まれのカルピスに願いを","indices":[75,90]},{"text":"七夕の願い事","indices":[91,98]},{"text":"七夕に願いを","indices":[99,106]},{"text":"ローソン","indices":[107,112]}],"symbols":[],"user_mentions":[{"screen_name":"akiko_lawson","name":"ローソン","id":115639376,"id_str":"115639376","indices":[12,25]}],"urls":[{"url":"https://t.co/NVG9vgsN5M","expanded_url":"https://twitter.com/i/web/status/883135998045044736","display_url":"twitter.com/i/web/status/8…","indices":[114,137]}]},"metadata":{"iso_language_code":"ja","result_type":"recent"},"source":"<a href=\"http://engagemanager.tribalmedia.co.jp/\" rel=\"nofollow\">EngageManager</a>","in_reply_to_status_id":null,"in_reply_to_status_id_str":null,"in_reply_to_user_id":null,"in_reply_to_user_id_str":null,"in_reply_to_screen_name":null,"user":{"id":115639376,"id_str":"115639376","name":"ローソン","screen_name":"akiko_lawson","location":"","description":"【ローソン公式Twitter】ローソンクルー♪あきこです(^^)最新情報をマイペースでお知らせします。instagramは https://t.co/ug6xZ4vRHx ☆ youtubeはhttps://t.co/yt55FzhTOk","url":"https://t.co/8vXbTU361Y","entities":{"url":{"urls":[{"url":"https://t.co/8vXbTU361Y","expanded_url":"http://lawson.co.jp","display_url":"lawson.co.jp","indices":[0,23]}]},"description":{"urls":[{"url":"https://t.co/ug6xZ4vRHx","expanded_url":"https://www.instagram.com/akiko_lawson/","display_url":"instagram.com/akiko_lawson/","indices":[62,85]},{"url":"https://t.co/yt55FzhTOk","expanded_url":"https://m.youtube.com/user/lawsonnews","display_url":"m.youtube.com/user/lawsonnews","indices":[96,119]}]}},"protected":false,"followers_count":1341541,"friends_count":201217,"listed_count":9814,"created_at":"Fri Feb 19 11:16:00 +0000 2010","favourites_count":103,"utc_offset":32400,"time_zone":"Tokyo","geo_enabled":false,"verified":true,"statuses_count":124701,"lang":"ja","contributors_enabled":false,"is_translator":false,"is_translation_enabled":false,"profile_background_color":"C0DEED","profile_background_image_url":"http://pbs.twimg.com/profile_background_images/625674304131215360/uq9M_8JJ.jpg","profile_background_image_url_https":"https://pbs.twimg.com/profile_background_images/625674304131215360/uq9M_8JJ.jpg","profile_background_tile":false,"profile_image_url":"http://pbs.twimg.com/profile_images/875517108884455426/q3HMm7hU_normal.jpg","profile_image_url_https":"https://pbs.twimg.com/profile_images/875517108884455426/q3HMm7hU_normal.jpg","profile_banner_url":"https://pbs.twimg.com/profile_banners/115639376/1498529371","profile_link_color":"F5ABB5","profile_sidebar_border_color":"FFFFFF","profile_sidebar_fill_color":"DDEEF6","profile_text_color":"333333","profile_use_background_image":true,"has_extended_profile":false,"default_profile":false,"default_profile_image":false,"following":false,"follow_request_sent":false,"notifications":false,"translator_type":"none"},"geo":null,"coordinates":null,"place":null,"contributors":null,"is_quote_status":false,"retweet_count":560,"favorite_count":141,"favorited":false,"retweeted":false,"possibly_sensitive":false,"lang":"ja"},{"created_at":"Fri Jul 07 01:30:03 +0000 2017","id":883135992709828600,"id_str":"883135992709828609","text":"暇してる人いるかな？\nオフパコ興味あるー？♥♥\n\n絡み希望の人はLINEでメッセ送ってね(●・ω・●)\nhttps://t.co/tsAkvHKlTD","truncated":false,"entities":{"hashtags":[],"symbols":[],"user_mentions":[],"urls":[],"media":[{"id":881713116613976000,"id_str":"881713116613976064","indices":[52,75],"media_url":"http://pbs.twimg.com/media/DDx5aHWUIAAofSr.jpg","media_url_https":"https://pbs.twimg.com/media/DDx5aHWUIAAofSr.jpg","url":"https://t.co/tsAkvHKlTD","display_url":"pic.twitter.com/tsAkvHKlTD","expanded_url":"https://twitter.com/dubamub/status/881713148885057536/photo/1","type":"photo","sizes":{"thumb":{"w":150,"h":150,"resize":"crop"},"large":{"w":580,"h":435,"resize":"fit"},"small":{"w":580,"h":435,"resize":"fit"},"medium":{"w":580,"h":435,"resize":"fit"}},"source_status_id":881713148885057500,"source_status_id_str":"881713148885057536","source_user_id":715112866525806600,"source_user_id_str":"715112866525806592"}]},"extended_entities":{"media":[{"id":881713116613976000,"id_str":"881713116613976064","indices":[52,75],"media_url":"http://pbs.twimg.com/media/DDx5aHWUIAAofSr.jpg","media_url_https":"https://pbs.twimg.com/media/DDx5aHWUIAAofSr.jpg","url":"https://t.co/tsAkvHKlTD","display_url":"pic.twitter.com/tsAkvHKlTD","expanded_url":"https://twitter.com/dubamub/status/881713148885057536/photo/1","type":"photo","sizes":{"thumb":{"w":150,"h":150,"resize":"crop"},"large":{"w":580,"h":435,"resize":"fit"},"small":{"w":580,"h":435,"resize":"fit"},"medium":{"w":580,"h":435,"resize":"fit"}},"source_status_id":881713148885057500,"source_status_id_str":"881713148885057536","source_user_id":715112866525806600,"source_user_id_str":"715112866525806592"},{"id":881713128207024100,"id_str":"881713128207024129","indices":[52,75],"media_url":"http://pbs.twimg.com/media/DDx5ayiUAAEDwkP.jpg","media_url_https":"https://pbs.twimg.com/media/DDx5ayiUAAEDwkP.jpg","url":"https://t.co/tsAkvHKlTD","display_url":"pic.twitter.com/tsAkvHKlTD","expanded_url":"https://twitter.com/dubamub/status/881713148885057536/photo/1","type":"photo","sizes":{"small":{"w":360,"h":360,"resize":"fit"},"medium":{"w":360,"h":360,"resize":"fit"},"thumb":{"w":150,"h":150,"resize":"crop"},"large":{"w":360,"h":360,"resize":"fit"}},"source_status_id":881713148885057500,"source_status_id_str":"881713148885057536","source_user_id":715112866525806600,"source_user_id_str":"715112866525806592"},{"id":881713141754626000,"id_str":"881713141754626049","indices":[52,75],"media_url":"http://pbs.twimg.com/media/DDx5blAUAAEP4qO.jpg","media_url_https":"https://pbs.twimg.com/media/DDx5blAUAAEP4qO.jpg","url":"https://t.co/tsAkvHKlTD","display_url":"pic.twitter.com/tsAkvHKlTD","expanded_url":"https://twitter.com/dubamub/status/881713148885057536/photo/1","type":"photo","sizes":{"thumb":{"w":150,"h":150,"resize":"crop"},"large":{"w":580,"h":435,"resize":"fit"},"small":{"w":580,"h":435,"resize":"fit"},"medium":{"w":580,"h":435,"resize":"fit"}},"source_status_id":881713148885057500,"source_status_id_str":"881713148885057536","source_user_id":715112866525806600,"source_user_id_str":"715112866525806592"}]},"metadata":{"iso_language_code":"ja","result_type":"recent"},"source":"<a href=\"https://twitter.com/\" rel=\"nofollow\">dooon ndoid</a>","in_reply_to_status_id":null,"in_reply_to_status_id_str":null,"in_reply_to_user_id":null,"in_reply_to_user_id_str":null,"in_reply_to_screen_name":null,"user":{"id":873841892869288000,"id_str":"873841892869287936","name":"いろは☻おふぱ募集←","screen_name":"irohalical","location":"","description":"オフ募集垢←興味ある人いますか(●・ω・●)？彼氏とかいりません！相性良ければセフでも💕セクロスはスポーツ(*`・ω・)ですｗ","url":null,"entities":{"description":{"urls":[]}},"protected":false,"followers_count":52,"friends_count":9,"listed_count":0,"created_at":"Sun Jun 11 09:58:37 +0000 2017","favourites_count":0,"utc_offset":-25200,"time_zone":"Pacific Time (US & Canada)","geo_enabled":false,"verified":false,"statuses_count":10,"lang":"ja","contributors_enabled":false,"is_translator":false,"is_translation_enabled":false,"profile_background_color":"F5F8FA","profile_background_image_url":null,"profile_background_image_url_https":null,"profile_background_tile":false,"profile_image_url":"http://pbs.twimg.com/profile_images/878212676098203648/8RJX9-3w_normal.jpg","profile_image_url_https":"https://pbs.twimg.com/profile_images/878212676098203648/8RJX9-3w_normal.jpg","profile_link_color":"1DA1F2","profile_sidebar_border_color":"C0DEED","profile_sidebar_fill_color":"DDEEF6","profile_text_color":"333333","profile_use_background_image":true,"has_extended_profile":false,"default_profile":true,"default_profile_image":false,"following":false,"follow_request_sent":false,"notifications":false,"translator_type":"none"},"geo":null,"coordinates":null,"place":null,"contributors":null,"is_quote_status":false,"retweet_count":50,"favorite_count":0,"favorited":false,"retweeted":false,"possibly_sensitive":false,"lang":"ja"}],"search_metadata":{"completed_in":0.1,"max_id":883137737062207500,"max_id_str":"883137737062207488","next_results":"?max_id=883135992709828608&q=lang%3Aja%20min_retweets%3A50&include_entities=1","query":"lang%3Aja+min_retweets%3A50","refresh_url":"?since_id=883137737062207488&q=lang%3Aja%20min_retweets%3A50&include_entities=1","count":15,"since_id":0,"since_id_str":"0"}}