{"statuses":[{"created_at":"Sun Jul 09 01:40:03 +0000 2017","id":883863285958819800,"id_str":"883863285958819841","text":"本日横浜アリーナ、お天気もとても良いですね☆お越し下さる皆様、熱中症には十分注意してください。\nもし公演中も含めお近くの方が気分悪そうなどありましたらお声がけ、もしくはお近くのスタッフまでご連絡ください。思いやりを大事に全員で楽し… https://t.co/saSLtrHHpm","truncated":true,"entities":{"hashtags":[],"symbols":[],"user_mentions":[],"urls":[{"url":"https://t.co/saSLtrHHpm","expanded_url":"https://twitter.com/i/web/status/883863285958819841","display_url":"twitter.com/i/web/status/8…","indices":[117,140]}]},"metadata":{"iso_language_code":"ja","result_type":"recent"},"source":"<a href=\"http://www.apple.com\" rel=\"nofollow\">iOS</a>","in_reply_to_status_id":null,"in_reply_to_status_id_str":null,"in_reply_to_user_id":null,"in_reply_to_user_id_str":null,"in_reply_to_screen_name":null,"user":{"id":3131478489,"id_str":"3131478489","name":"TrySail公式","screen_name":"trysail_staff","location":"","description":"麻倉もも・雨宮 天・夏川椎菜によるトライアングルガールズユニット「TrySail」 スタッフによる公式アカウントです。最新シングル「adrenaline!!!」発売中！！！","url":"https://t.co/F5SrVRPYR1","entities":{"url":{"urls":[{"url":"https://t.co/F5SrVRPYR1","expanded_url":"https://trysail.jp/","display_url":"trysail.jp","indices":[0,23]}]},"description":{"urls":[]}},"protected":false,"followers_count":41343,"friends_count":2,"listed_count":944,"created_at":"Fri Apr 03 05:45:33 +0000 2015","favourites_count":0,"utc_offset":28800,"time_zone":"Irkutsk","geo_enabled":false,"verified":false,"statuses_count":1164,"lang":"ja","contributors_enabled":false,"is_translator":false,"is_translation_enabled":false,"profile_background_color":"C0DEED","profile_background_image_url":"http://abs.twimg.com/images/themes/theme1/bg.png","profile_background_image_url_https":"https://abs.twimg.com/images/themes/theme1/bg.png","profile_background_tile":false,"profile_image_url":"http://pbs.twimg.com/profile_images/583869362953527296/9le24515_normal.png","profile_image_url_https":"https://pbs.twimg.com/profile_images/583869362953527296/9le24515_normal.png","profile_banner_url":"https://pbs.twimg.com/profile_banners/3131478489/1428040429","profile_link_color":"1DA1F2","profile_sidebar_border_color":"C0DEED","profile_sidebar_fill_color":"DDEEF6","profile_text_color":"333333","profile_use_background_image":true,"has_extended_profile":false,"default_profile":true,"default_profile_image":false,"following":false,"follow_request_sent":false,"notifications":false,"translator_type":"none"},"geo":null,"coordinates":null,"place":null,"contributors":null,"is_quote_status":false,"retweet_count":133,"favorite_count":128,"favorited":false,"retweeted":false,"possibly_sensitive":false,"lang":"ja"},{"created_at":"Sun Jul 09 01:35:05 +0000 2017","id":883862037616406500,"id_str":"883862037616406529","text":"次に来そうな◯◯坂48選手権結果\n\n最優秀賞\n芋洗坂\n\n金賞\n俺の人生下り坂48(歳)\n\n高齢の住職賞\n伊佐坂48\n\n入選\n談合坂を先頭に48km\nこの長い長い下り坂\nマック赤坂\n八幡坂48\nヒアリ坂48\nいろは坂48\nコクリコ坂… https://t.co/cCi9xkbRP1","truncated":true,"entities":{"hashtags":[],"symbols":[],"user_mentions":[],"urls":[{"url":"https://t.co/cCi9xkbRP1","expanded_url":"https://twitter.com/i/web/status/883862037616406529","display_url":"twitter.com/i/web/status/8…","indices":[117,140]}]},"metadata":{"iso_language_code":"ja","result_type":"recent"},"source":"<a href=\"http://twitter.com/download/iphone\" rel=\"nofollow\">Twitter for iPhone</a>","in_reply_to_status_id":null,"in_reply_to_status_id_str":null,"in_reply_to_user_id":null,"in_reply_to_user_id_str":null,"in_reply_to_screen_name":null,"user":{"id":2803477274,"id_str":"2803477274","name":"坊主","screen_name":"bozu_108","location":"日本","description":"ポケモンgoのやり過ぎで坊主バー破門になりました。坊主だけじゃ食ってけないので新宿ゴールデン街でバーテン始めました。神社の絵馬の個人情報保護シール「神のみぞシール」作りました。この垢は暇つぶしで見る位にして下さい。坊さんだらけのフットサルチーム作りました。対戦相手募集中。皆さんの悩みや不安を選手権で解決したいと思ってま","url":null,"entities":{"description":{"urls":[]}},"protected":false,"followers_count":236551,"friends_count":39602,"listed_count":1329,"created_at":"Thu Sep 11 10:41:30 +0000 2014","favourites_count":21040,"utc_offset":null,"time_zone":null,"geo_enabled":true,"verified":false,"statuses_count":1262,"lang":"ja","contributors_enabled":false,"is_translator":false,"is_translation_enabled":false,"profile_background_color":"C0DEED","profile_background_image_url":"http://abs.twimg.com/images/themes/theme1/bg.png","profile_background_image_url_https":"https://abs.twimg.com/images/themes/theme1/bg.png","profile_background_tile":false,"profile_image_url":"http://pbs.twimg.com/profile_images/778304121187078144/-SViugXh_normal.jpg","profile_image_url_https":"https://pbs.twimg.com/profile_images/778304121187078144/-SViugXh_normal.jpg","profile_banner_url":"https://pbs.twimg.com/profile_banners/2803477274/1475491730","profile_link_color":"1DA1F2","profile_sidebar_border_color":"C0DEED","profile_sidebar_fill_color":"DDEEF6","profile_text_color":"333333","profile_use_background_image":true,"has_extended_profile":false,"default_profile":true,"default_profile_image":false,"following":false,"follow_request_sent":false,"notifications":false,"translator_type":"none"},"geo":null,"coordinates":null,"place":null,"contributors":null,"is_quote_status":false,"retweet_count":230,"favorite_count":291,"favorited":false,"retweeted":false,"possibly_sensitive":false,"lang":"ja"},{"created_at":"Sun Jul 09 01:35:00 +0000 2017","id":883862016141647900,"id_str":"883862016141647872","text":"京都大作戦2017\n\nFriends https://t.co/kkZeTCjuXD","truncated":false,"entities":{"hashtags":[],"symbols":[],"user_mentions":[],"urls":[],"media":[{"id":883861455392473100,"id_str":"883861455392473088","indices":[19,42],"media_url":"http://pbs.twimg.com/ext_tw_video_thumb/883861455392473088/pu/img/J5_nMw0i_1zvnu9_.jpg","media_url_https":"https://pbs.twimg.com/ext_tw_video_thumb/883861455392473088/pu/img/J5_nMw0i_1zvnu9_.jpg","url":"https://t.co/kkZeTCjuXD","display_url":"pic.twitter.com/kkZeTCjuXD","expanded_url":"https://twitter.com/The__BONEZ/status/883862016141647872/video/1","type":"photo","sizes":{"small":{"w":340,"h":191,"resize":"fit"},"thumb":{"w":150,"h":150,"resize":"crop"},"medium":{"w":600,"h":338,"resize":"fit"},"large":{"w":1024,"h":576,"resize":"fit"}}}]},"extended_entities":{"media":[{"id":883861455392473100,"id_str":"883861455392473088","indices":[19,42],"media_url":"http://pbs.twimg.com/ext_tw_video_thumb/883861455392473088/pu/img/J5_nMw0i_1zvnu9_.jpg","media_url_https":"https://pbs.twimg.com/ext_tw_video_thumb/883861455392473088/pu/img/J5_nMw0i_1zvnu9_.jpg","url":"https://t.co/kkZeTCjuXD","display_url":"pic.twitter.com/kkZeTCjuXD","expanded_url":"https://twitter.com/The__BONEZ/status/883862016141647872/video/1","type":"video","sizes":{"small":{"w":340,"h":191,"resize":"fit"},"thumb":{"w":150,"h":150,"resize":"crop"},"medium":{"w":600,"h":338,"resize":"fit"},"large":{"w":1024,"h":576,"resize":"fit"}},"video_info":{"aspect_ratio":[16,9],"duration_millis":74967,"variants":[{"bitrate":320000,"content_type":"video/mp4","url":"https://video.twimg.com/ext_tw_video/883861455392473088/pu/vid/320x180/FbvrcKPOw9weNspt.mp4"},{"bitrate":832000,"content_type":"video/mp4","url":"https://video.twimg.com/ext_tw_video/883861455392473088/pu/vid/640x360/pe__b3kg8etR-WDl.mp4"},{"content_type":"application/x-mpegURL","url":"https://video.twimg.com/ext_tw_video/883861455392473088/pu/pl/wK28fWnbMLbFJXPS.m3u8"},{"bitrate":2176000,"content_type":"video/mp4","url":"https://video.twimg.com/ext_tw_video/883861455392473088/pu/vid/1280x720/Flu_m3W5MiFVmQvk.mp4"}]},"additional_media_info":{"monetizable":false}}]},"metadata":{"iso_language_code":"ja","result_type":"recent"},"source":"<a href=\"http://twitter.com/download/iphone\" rel=\"nofollow\">Twitter for iPhone</a>","in_reply_to_status_id":null,"in_reply_to_status_id_str":null,"in_reply_to_user_id":null,"in_reply_to_user_id_str":null,"in_reply_to_screen_name":null,"user":{"id":1582363219,"id_str":"1582363219","name":"The BONEZ Official","screen_name":"The__BONEZ","location":"JAPAN","description":"JESSE、T$UYO$HI、ZAX、NAKAによる ロックバンド。The BONEZ×SHADOWS「Defend Your Style TOUR 2017」8/2-8/9開催！\n■イベントサイト→https://t.co/PIgVjMdHFa","url":"https://t.co/EWP48QXmUe","entities":{"url":{"urls":[{"url":"https://t.co/EWP48QXmUe","expanded_url":"http://thebonez.com/","display_url":"thebonez.com","indices":[0,23]}]},"description":{"urls":[{"url":"https://t.co/PIgVjMdHFa","expanded_url":"http://defendyourstyle.com","display_url":"defendyourstyle.com","indices":[100,123]}]}},"protected":false,"followers_count":27194,"friends_count":1348,"listed_count":290,"created_at":"Wed Jul 10 06:03:28 +0000 2013","favourites_count":125,"utc_offset":28800,"time_zone":"Irkutsk","geo_enabled":true,"verified":false,"statuses_count":2440,"lang":"ja","contributors_enabled":false,"is_translator":false,"is_translation_enabled":false,"profile_background_color":"000000","profile_background_image_url":"http://pbs.twimg.com/profile_background_images/378800000020077465/aa09eb92166f03860e921b4e25c24055.jpeg","profile_background_image_url_https":"https://pbs.twimg.com/profile_background_images/378800000020077465/aa09eb92166f03860e921b4e25c24055.jpeg","profile_background_tile":false,"profile_image_url":"http://pbs.twimg.com/profile_images/421436586442518528/rxGAJfNu_normal.jpeg","profile_image_url_https":"https://pbs.twimg.com/profile_images/421436586442518528/rxGAJfNu_normal.jpeg","profile_banner_url":"https://pbs.twimg.com/profile_banners/1582363219/1498115525","profile_link_color":"000000","profile_sidebar_border_color":"FFFFFF","profile_sidebar_fill_color":"000000","profile_text_color":"000000","profile_use_background_image":false,"has_extended_profile":false,"default_profile":false,"default_profile_image":false,"following":false,"follow_request_sent":false,"notifications":false,"translator_type":"none"},"geo":null,"coordinates":null,"place":null,"contributors":null,"is_quote_status":false,"retweet_count":130,"favorite_count":254,"favorited":false,"retweeted":false,"possibly_sensitive":false,"lang":"ja"},{"created_at":"Sun Jul 09 01:33:33 +0000 2017","id":883861648456335400,"id_str":"883861648456335361","text":"小野塚小町\n#東方 #東方Project https://t.co/u3CYXwGieW","truncated":false,"entities":{"hashtags":[{"text":"東方","indices":[6,9]},{"text":"東方Project","indices":[10,20]}],"symbols":[],"user_mentions":[],"urls":[],"media":[{"id":883861632182493200,"id_str":"883861632182493184","indices":[21,44],"media_url":"http://pbs.twimg.com/media/DEQbeLjVoAAenYs.jpg","media_url_https":"https://pbs.twimg.com/media/DEQbeLjVoAAenYs.jpg","url":"https://t.co/u3CYXwGieW","display_url":"pic.twitter.com/u3CYXwGieW","expanded_url":"https://twitter.com/kawanocy/status/883861648456335361/photo/1","type":"photo","sizes":{"small":{"w":431,"h":680,"resize":"fit"},"thumb":{"w":150,"h":150,"resize":"crop"},"large":{"w":570,"h":900,"resize":"fit"},"medium":{"w":570,"h":900,"resize":"fit"}}}]},"extended_entities":{"media":[{"id":883861632182493200,"id_str":"883861632182493184","indices":[21,44],"media_url":"http://pbs.twimg.com/media/DEQbeLjVoAAenYs.jpg","media_url_https":"https://pbs.twimg.com/media/DEQbeLjVoAAenYs.jpg","url":"https://t.co/u3CYXwGieW","display_url":"pic.twitter.com/u3CYXwGieW","expanded_url":"https://twitter.com/kawanocy/status/883861648456335361/photo/1","type":"photo","sizes":{"small":{"w":431,"h":680,"resize":"fit"},"thumb":{"w":150,"h":150,"resize":"crop"},"large":{"w":570,"h":900,"resize":"fit"},"medium":{"w":570,"h":900,"resize":"fit"}}}]},"metadata":{"iso_language_code":"ja","result_type":"recent"},"source":"<a href=\"http://twitter.com/download/android\" rel=\"nofollow\">Twitter for Android</a>","in_reply_to_status_id":null,"in_reply_to_status_id_str":null,"in_reply_to_user_id":null,"in_reply_to_user_id_str":null,"in_reply_to_screen_name":null,"user":{"id":545462635,"id_str":"545462635","name":"河CY","screen_name":"kawanocy","location":"東京都","description":"20% artist, 80% potato • 日本語/Eng/한국어 조금만 | Chihaya a.k.a Kawacy | Male♂ 남자+일본사람","url":"https://t.co/iQRpONnK2l","entities":{"url":{"urls":[{"url":"https://t.co/iQRpONnK2l","expanded_url":"http://kawacy.tumblr.com","display_url":"kawacy.tumblr.com","indices":[0,23]}]},"description":{"urls":[]}},"protected":false,"followers_count":81993,"friends_count":562,"listed_count":803,"created_at":"Wed Apr 04 21:41:04 +0000 2012","favourites_count":15942,"utc_offset":32400,"time_zone":"Tokyo","geo_enabled":false,"verified":false,"statuses_count":31039,"lang":"en","contributors_enabled":false,"is_translator":false,"is_translation_enabled":false,"profile_background_color":"FFFFFF","profile_background_image_url":"http://pbs.twimg.com/profile_background_images/442369773016330242/HzT_HfOj.jpeg","profile_background_image_url_https":"https://pbs.twimg.com/profile_background_images/442369773016330242/HzT_HfOj.jpeg","profile_background_tile":true,"profile_image_url":"http://pbs.twimg.com/profile_images/883066002702950400/F9kQjuhL_normal.jpg","profile_image_url_https":"https://pbs.twimg.com/profile_images/883066002702950400/F9kQjuhL_normal.jpg","profile_banner_url":"https://pbs.twimg.com/profile_banners/545462635/1456343650","profile_link_color":"88C8EB","profile_sidebar_border_color":"FFFFFF","profile_sidebar_fill_color":"DDEEF6","profile_text_color":"333333","profile_use_background_image":true,"has_extended_profile":true,"default_profile":false,"default_profile_image":false,"following":false,"follow_request_sent":false,"notifications":false,"translator_type":"none"},"geo":null,"coordinates":null,"place":null,"contributors":null,"is_quote_status":false,"retweet_count":72,"favorite_count":220,"favorited":false,"retweeted":false,"possibly_sensitive":false,"lang":"ja"},{"created_at":"Sun Jul 09 01:32:49 +0000 2017","id":883861467660918800,"id_str":"883861467660918784","text":"どうしてもどんなに頑張ったって死に向かってるんだなぁって気づいてしまったのです","truncated":false,"entities":{"hashtags":[],"symbols":[],"user_mentions":[],"urls":[]},"metadata":{"iso_language_code":"ja","result_type":"recent"},"source":"<a href=\"http://twitter.com/download/iphone\" rel=\"nofollow\">Twitter for iPhone</a>","in_reply_to_status_id":null,"in_reply_to_status_id_str":null,"in_reply_to_user_id":null,"in_reply_to_user_id_str":null,"in_reply_to_screen_name":null,"user":{"id":368078659,"id_str":"368078659","name":"あほのさかた@じょういしし☆しろやしゃ","screen_name":"sakatansab","location":"いつもここに居るよ","description":"対リスナー用反撃アカ&暴走連ポエムツイートアカ。フォロー返しは適当です。いつも応援してくれてありがとう。返信できてなくてごめんね。しっかり感じて、見てるからね！！！！！！！！！！！！！！","url":null,"entities":{"description":{"urls":[]}},"protected":false,"followers_count":131160,"friends_count":812,"listed_count":2522,"created_at":"Mon Sep 05 01:50:34 +0000 2011","favourites_count":1992,"utc_offset":28800,"time_zone":"Irkutsk","geo_enabled":false,"verified":false,"statuses_count":15158,"lang":"ja","contributors_enabled":false,"is_translator":false,"is_translation_enabled":true,"profile_background_color":"C0DEED","profile_background_image_url":"http://abs.twimg.com/images/themes/theme1/bg.png","profile_background_image_url_https":"https://abs.twimg.com/images/themes/theme1/bg.png","profile_background_tile":false,"profile_image_url":"http://pbs.twimg.com/profile_images/763708889451732992/gdyMC2u2_normal.jpg","profile_image_url_https":"https://pbs.twimg.com/profile_images/763708889451732992/gdyMC2u2_normal.jpg","profile_banner_url":"https://pbs.twimg.com/profile_banners/368078659/1495785022","profile_link_color":"1DA1F2","profile_sidebar_border_color":"C0DEED","profile_sidebar_fill_color":"DDEEF6","profile_text_color":"333333","profile_use_background_image":true,"has_extended_profile":false,"default_profile":true,"default_profile_image":false,"following":false,"follow_request_sent":false,"notifications":false,"translator_type":"none"},"geo":null,"coordinates":null,"place":null,"contributors":null,"is_quote_status":false,"retweet_count":115,"favorite_count":1464,"favorited":false,"retweeted":false,"lang":"ja"},{"created_at":"Sun Jul 09 01:32:24 +0000 2017","id":883861361960263700,"id_str":"883861361960263680","text":"【フォロー&amp;RTで応募完了】 \n白雪姫がテーマのシューズ\n真っ赤なリンゴを連想させるリボン\nJuli - ジュリ -を抽選で1名様にプレゼント！ \nhttps://t.co/sSl097ieO9\n締切 7/29… https://t.co/FOsmyYkMv5","truncated":true,"entities":{"hashtags":[],"symbols":[],"user_mentions":[],"urls":[{"url":"https://t.co/sSl097ieO9","expanded_url":"https://goo.gl/5Pf1KE","display_url":"goo.gl/5Pf1KE","indices":[78,101]},{"url":"https://t.co/FOsmyYkMv5","expanded_url":"https://twitter.com/i/web/status/883861361960263680","display_url":"twitter.com/i/web/status/8…","indices":[111,134]}]},"metadata":{"iso_language_code":"ja","result_type":"recent"},"source":"<a href=\"http://twitter.com/download/android\" rel=\"nofollow\">Twitter for Android</a>","in_reply_to_status_id":null,"in_reply_to_status_id_str":null,"in_reply_to_user_id":null,"in_reply_to_user_id_str":null,"in_reply_to_screen_name":null,"user":{"id":350588237,"id_str":"350588237","name":"mayla classic","screen_name":"mayla_classic","location":"大阪府堺市","description":"出会った瞬間、体温が2℃あがる靴","url":"https://t.co/XUqUDaRT9g","entities":{"url":{"urls":[{"url":"https://t.co/XUqUDaRT9g","expanded_url":"http://mayla.jp","display_url":"mayla.jp","indices":[0,23]}]},"description":{"urls":[]}},"protected":false,"followers_count":203246,"friends_count":0,"listed_count":1170,"created_at":"Mon Aug 08 00:57:21 +0000 2011","favourites_count":18125,"utc_offset":32400,"time_zone":"Tokyo","geo_enabled":true,"verified":true,"statuses_count":5358,"lang":"ja","contributors_enabled":false,"is_translator":false,"is_translation_enabled":false,"profile_background_color":"FFFFFF","profile_background_image_url":"http://pbs.twimg.com/profile_background_images/443184949542137857/V9p8Bi_1.jpeg","profile_background_image_url_https":"https://pbs.twimg.com/profile_background_images/443184949542137857/V9p8Bi_1.jpeg","profile_background_tile":true,"profile_image_url":"http://pbs.twimg.com/profile_images/656021618230083584/BAc7JkQ9_normal.jpg","profile_image_url_https":"https://pbs.twimg.com/profile_images/656021618230083584/BAc7JkQ9_normal.jpg","profile_banner_url":"https://pbs.twimg.com/profile_banners/350588237/1499082163","profile_link_color":"EBDCDA","profile_sidebar_border_color":"FFFFFF","profile_sidebar_fill_color":"E6F6F9","profile_text_color":"333333","profile_use_background_image":true,"has_extended_profile":false,"default_profile":false,"default_profile_image":false,"following":false,"follow_request_sent":false,"notifications":false,"translator_type":"none"},"geo":null,"coordinates":null,"place":null,"contributors":null,"is_quote_status":false,"retweet_count":2227,"favorite_count":526,"favorited":false,"retweeted":false,"possibly_sensitive":false,"lang":"ja"},{"created_at":"Sun Jul 09 01:32:12 +0000 2017","id":883861310437380100,"id_str":"883861310437380096","text":"トランプ、G20終わって帰っとるみたいやけど、なんで安倍帰ってこーへんの？","truncated":false,"entities":{"hashtags":[],"symbols":[],"user_mentions":[],"urls":[]},"metadata":{"iso_language_code":"ja","result_type":"recent"},"source":"<a href=\"http://tweetlogix.com\" rel=\"nofollow\">Tweetlogix</a>","in_reply_to_status_id":null,"in_reply_to_status_id_str":null,"in_reply_to_user_id":null,"in_reply_to_user_id_str":null,"in_reply_to_screen_name":null,"user":{"id":11086782,"id_str":"11086782","name":"菅野完","screen_name":"noiehoie","location":"東京都港区","description":"「人生は何事も為さぬには余りに長いが、何事かを為すには余りにも短いなどと口先ばかりの警句を弄しながら、事実は、才能の不足を暴露するかもしれないとの卑怯な危惧と、刻苦を厭う怠惰とが己の凡てだったのだ。」/ 住所:東京都港区南麻布4-12-9-101/電話:090-2314-6758/","url":"https://t.co/obd440Pea9","entities":{"url":{"urls":[{"url":"https://t.co/obd440Pea9","expanded_url":"http://sugano.ne.jp","display_url":"sugano.ne.jp","indices":[0,23]}]},"description":{"urls":[]}},"protected":false,"followers_count":63175,"friends_count":1052,"listed_count":2780,"created_at":"Wed Dec 12 13:16:38 +0000 2007","favourites_count":3971,"utc_offset":32400,"time_zone":"Tokyo","geo_enabled":false,"verified":false,"statuses_count":217553,"lang":"ja","contributors_enabled":false,"is_translator":false,"is_translation_enabled":false,"profile_background_color":"0A0A0A","profile_background_image_url":"http://pbs.twimg.com/profile_background_images/584875019978674176/nIvB1zpt.jpg","profile_background_image_url_https":"https://pbs.twimg.com/profile_background_images/584875019978674176/nIvB1zpt.jpg","profile_background_tile":false,"profile_image_url":"http://pbs.twimg.com/profile_images/691483387333206016/Am5VOMsO_normal.jpg","profile_image_url_https":"https://pbs.twimg.com/profile_images/691483387333206016/Am5VOMsO_normal.jpg","profile_banner_url":"https://pbs.twimg.com/profile_banners/11086782/1428279209","profile_link_color":"ABB8C2","profile_sidebar_border_color":"000000","profile_sidebar_fill_color":"FFFFFF","profile_text_color":"333333","profile_use_background_image":true,"has_extended_profile":true,"default_profile":false,"default_profile_image":false,"following":false,"follow_request_sent":false,"notifications":false,"translator_type":"none"},"geo":null,"coordinates":null,"place":null,"contributors":null,"is_quote_status":false,"retweet_count":85,"favorite_count":60,"favorited":false,"retweeted":false,"lang":"ja"},{"created_at":"Sun Jul 09 01:32:02 +0000 2017","id":883861267621924900,"id_str":"883861267621924864","text":"さいきんボケを使った写真をよくみかけますが\n大事なのはボケそのものの美しさではなく\nその先にある主題です。\nそこを忘れてはいけないのです。","truncated":false,"entities":{"hashtags":[],"symbols":[],"user_mentions":[],"urls":[]},"metadata":{"iso_language_code":"ja","result_type":"recent"},"source":"<a href=\"http://twitter.com\" rel=\"nofollow\">Twitter Web Client</a>","in_reply_to_status_id":null,"in_reply_to_status_id_str":null,"in_reply_to_user_id":null,"in_reply_to_user_id_str":null,"in_reply_to_screen_name":null,"user":{"id":68839918,"id_str":"68839918","name":"鉄道写真家　中井精也","screen_name":"railman_nakai","location":"埼玉県越谷市","description":"鉄道写真家です。 甘党です。","url":"https://t.co/RvyMFQvORK","entities":{"url":{"urls":[{"url":"https://t.co/RvyMFQvORK","expanded_url":"http://railman.cocolog-nifty.com/blog/","display_url":"railman.cocolog-nifty.com/blog/","indices":[0,23]}]},"description":{"urls":[]}},"protected":false,"followers_count":34333,"friends_count":2049,"listed_count":1221,"created_at":"Tue Aug 25 23:41:37 +0000 2009","favourites_count":237,"utc_offset":32400,"time_zone":"Tokyo","geo_enabled":false,"verified":false,"statuses_count":24789,"lang":"ja","contributors_enabled":false,"is_translator":false,"is_translation_enabled":false,"profile_background_color":"EDECE9","profile_background_image_url":"http://abs.twimg.com/images/themes/theme3/bg.gif","profile_background_image_url_https":"https://abs.twimg.com/images/themes/theme3/bg.gif","profile_background_tile":false,"profile_image_url":"http://pbs.twimg.com/profile_images/3270211708/e2c7ea4f892d29ec3b340f3debf31b70_normal.jpeg","profile_image_url_https":"https://pbs.twimg.com/profile_images/3270211708/e2c7ea4f892d29ec3b340f3debf31b70_normal.jpeg","profile_link_color":"088253","profile_sidebar_border_color":"D3D2CF","profile_sidebar_fill_color":"E3E2DE","profile_text_color":"634047","profile_use_background_image":true,"has_extended_profile":false,"default_profile":false,"default_profile_image":false,"following":false,"follow_request_sent":false,"notifications":false,"translator_type":"none"},"geo":null,"coordinates":null,"place":null,"contributors":null,"is_quote_status":false,"retweet_count":64,"favorite_count":105,"favorited":false,"retweeted":false,"lang":"ja"},{"created_at":"Sun Jul 09 01:31:38 +0000 2017","id":883861167919120400,"id_str":"883861167919120385","text":"上手に生きていくってなんだろう どうしたら満足して死ねるんだろう","truncated":false,"entities":{"hashtags":[],"symbols":[],"user_mentions":[],"urls":[]},"metadata":{"iso_language_code":"ja","result_type":"recent"},"source":"<a href=\"http://twitter.com/download/iphone\" rel=\"nofollow\">Twitter for iPhone</a>","in_reply_to_status_id":null,"in_reply_to_status_id_str":null,"in_reply_to_user_id":null,"in_reply_to_user_id_str":null,"in_reply_to_screen_name":null,"user":{"id":368078659,"id_str":"368078659","name":"あほのさかた@じょういしし☆しろやしゃ","screen_name":"sakatansab","location":"いつもここに居るよ","description":"対リスナー用反撃アカ&暴走連ポエムツイートアカ。フォロー返しは適当です。いつも応援してくれてありがとう。返信できてなくてごめんね。しっかり感じて、見てるからね！！！！！！！！！！！！！！","url":null,"entities":{"description":{"urls":[]}},"protected":false,"followers_count":131160,"friends_count":812,"listed_count":2522,"created_at":"Mon Sep 05 01:50:34 +0000 2011","favourites_count":1992,"utc_offset":28800,"time_zone":"Irkutsk","geo_enabled":false,"verified":false,"statuses_count":15158,"lang":"ja","contributors_enabled":false,"is_translator":false,"is_translation_enabled":true,"profile_background_color":"C0DEED","profile_background_image_url":"http://abs.twimg.com/images/themes/theme1/bg.png","profile_background_image_url_https":"https://abs.twimg.com/images/themes/theme1/bg.png","profile_background_tile":false,"profile_image_url":"http://pbs.twimg.com/profile_images/763708889451732992/gdyMC2u2_normal.jpg","profile_image_url_https":"https://pbs.twimg.com/profile_images/763708889451732992/gdyMC2u2_normal.jpg","profile_banner_url":"https://pbs.twimg.com/profile_banners/368078659/1495785022","profile_link_color":"1DA1F2","profile_sidebar_border_color":"C0DEED","profile_sidebar_fill_color":"DDEEF6","profile_text_color":"333333","profile_use_background_image":true,"has_extended_profile":false,"default_profile":true,"default_profile_image":false,"following":false,"follow_request_sent":false,"notifications":false,"translator_type":"none"},"geo":null,"coordinates":null,"place":null,"contributors":null,"is_quote_status":false,"retweet_count":114,"favorite_count":1494,"favorited":false,"retweeted":false,"lang":"ja"},{"created_at":"Sun Jul 09 01:31:22 +0000 2017","id":883861100608892900,"id_str":"883861100608892928","text":"リアル脱出ゲームがアニメ「ジョジョの奇妙な冒険 ダイヤモンドは砕けない」とコラボ！この夏、東京ドームシティで「ジョジョの奇妙な遊園地からの脱出」として開催されます。本日は開催記者発表会が行われます。 #ジョジョ映画 https://t.co/68dFxYidYy","truncated":false,"entities":{"hashtags":[{"text":"ジョジョ映画","indices":[100,107]}],"symbols":[],"user_mentions":[],"urls":[],"media":[{"id":883861084221825000,"id_str":"883861084221825025","indices":[108,131],"media_url":"http://pbs.twimg.com/media/DEQa-SPVYAEIgF9.jpg","media_url_https":"https://pbs.twimg.com/media/DEQa-SPVYAEIgF9.jpg","url":"https://t.co/68dFxYidYy","display_url":"pic.twitter.com/68dFxYidYy","expanded_url":"https://twitter.com/jojomovie_jp/status/883861100608892928/photo/1","type":"photo","sizes":{"medium":{"w":1200,"h":900,"resize":"fit"},"small":{"w":680,"h":510,"resize":"fit"},"thumb":{"w":150,"h":150,"resize":"crop"},"large":{"w":2048,"h":1536,"resize":"fit"}}}]},"extended_entities":{"media":[{"id":883861084221825000,"id_str":"883861084221825025","indices":[108,131],"media_url":"http://pbs.twimg.com/media/DEQa-SPVYAEIgF9.jpg","media_url_https":"https://pbs.twimg.com/media/DEQa-SPVYAEIgF9.jpg","url":"https://t.co/68dFxYidYy","display_url":"pic.twitter.com/68dFxYidYy","expanded_url":"https://twitter.com/jojomovie_jp/status/883861100608892928/photo/1","type":"photo","sizes":{"medium":{"w":1200,"h":900,"resize":"fit"},"small":{"w":680,"h":510,"resize":"fit"},"thumb":{"w":150,"h":150,"resize":"crop"},"large":{"w":2048,"h":1536,"resize":"fit"}}}]},"metadata":{"iso_language_code":"ja","result_type":"recent"},"source":"<a href=\"http://twitter.com/download/iphone\" rel=\"nofollow\">Twitter for iPhone</a>","in_reply_to_status_id":null,"in_reply_to_status_id_str":null,"in_reply_to_user_id":null,"in_reply_to_user_id_str":null,"in_reply_to_screen_name":null,"user":{"id":779294852139757600,"id_str":"779294852139757569","name":"映画『ジョジョの奇妙な冒険』公式","screen_name":"jojomovie_jp","location":"","description":"8/4日（金）公開！実写映画『ジョジョの奇妙な冒険 ダイヤモンドは砕けない第一章』公式Twitter。◆出演 #山﨑賢人 #神木隆之介 #小松菜奈 #岡田将生 #新田真剣佑 #観月ありさ #國村隼 #山田孝之 #伊勢谷友介 ◆監督 #三池崇史 #ジョジョ映画","url":"https://t.co/MBLOf5CIwu","entities":{"url":{"urls":[{"url":"https://t.co/MBLOf5CIwu","expanded_url":"http://www.jojo-movie.jp","display_url":"jojo-movie.jp","indices":[0,23]}]},"description":{"urls":[]}},"protected":false,"followers_count":48493,"friends_count":7,"listed_count":225,"created_at":"Fri Sep 23 12:22:26 +0000 2016","favourites_count":0,"utc_offset":-25200,"time_zone":"Pacific Time (US & Canada)","geo_enabled":false,"verified":true,"statuses_count":164,"lang":"ja","contributors_enabled":false,"is_translator":false,"is_translation_enabled":false,"profile_background_color":"000000","profile_background_image_url":"http://abs.twimg.com/images/themes/theme1/bg.png","profile_background_image_url_https":"https://abs.twimg.com/images/themes/theme1/bg.png","profile_background_tile":false,"profile_image_url":"http://pbs.twimg.com/profile_images/815776466814177280/_24mdUq-_normal.jpg","profile_image_url_https":"https://pbs.twimg.com/profile_images/815776466814177280/_24mdUq-_normal.jpg","profile_banner_url":"https://pbs.twimg.com/profile_banners/779294852139757569/1489634765","profile_link_color":"981CEB","profile_sidebar_border_color":"000000","profile_sidebar_fill_color":"000000","profile_text_color":"000000","profile_use_background_image":false,"has_extended_profile":false,"default_profile":false,"default_profile_image":false,"following":false,"follow_request_sent":false,"notifications":false,"translator_type":"none"},"geo":null,"coordinates":null,"place":null,"contributors":null,"is_quote_status":false,"retweet_count":75,"favorite_count":215,"favorited":false,"retweeted":false,"possibly_sensitive":false,"lang":"ja"},{"created_at":"Sun Jul 09 01:31:16 +0000 2017","id":883861074155405300,"id_str":"883861074155405312","text":"支持を得たいなら、正直になりなさい。だから、かぶりものをとりなさい！\nかぶりものをとったら、豊田真由子議員、おもいっきり叱ってやってください。 https://t.co/XULjfHXaxr","truncated":false,"entities":{"hashtags":[],"symbols":[],"user_mentions":[],"urls":[{"url":"https://t.co/XULjfHXaxr","expanded_url":"https://twitter.com/apio7777/status/883490900285968384","display_url":"twitter.com/apio7777/statu…","indices":[72,95]}]},"metadata":{"iso_language_code":"ja","result_type":"recent"},"source":"<a href=\"http://twitter.com/download/android\" rel=\"nofollow\">Twitter for Android</a>","in_reply_to_status_id":null,"in_reply_to_status_id_str":null,"in_reply_to_user_id":null,"in_reply_to_user_id_str":null,"in_reply_to_screen_name":null,"user":{"id":362401254,"id_str":"362401254","name":"高須克弥","screen_name":"katsuyatakasu","location":"","description":"","url":null,"entities":{"description":{"urls":[]}},"protected":false,"followers_count":228691,"friends_count":256,"listed_count":2183,"created_at":"Fri Aug 26 10:14:42 +0000 2011","favourites_count":613,"utc_offset":32400,"time_zone":"Tokyo","geo_enabled":true,"verified":true,"statuses_count":65567,"lang":"ja","contributors_enabled":false,"is_translator":false,"is_translation_enabled":false,"profile_background_color":"C0DEED","profile_background_image_url":"http://abs.twimg.com/images/themes/theme1/bg.png","profile_background_image_url_https":"https://abs.twimg.com/images/themes/theme1/bg.png","profile_background_tile":false,"profile_image_url":"http://pbs.twimg.com/profile_images/798320119411658753/gkPbBajq_normal.jpg","profile_image_url_https":"https://pbs.twimg.com/profile_images/798320119411658753/gkPbBajq_normal.jpg","profile_banner_url":"https://pbs.twimg.com/profile_banners/362401254/1476925981","profile_link_color":"1DA1F2","profile_sidebar_border_color":"C0DEED","profile_sidebar_fill_color":"DDEEF6","profile_text_color":"333333","profile_use_background_image":true,"has_extended_profile":false,"default_profile":true,"default_profile_image":false,"following":false,"follow_request_sent":false,"notifications":false,"translator_type":"none"},"geo":null,"coordinates":null,"place":{"id":"d191bfe24d5709e7","url":"https://api.twitter.com/1.1/geo/id/d191bfe24d5709e7.json","place_type":"city","name":"Kyoto City Shimogyo Ward","full_name":"Kyoto-shi Shimogyo, Kyoto","country_code":"JP","country":"Japan","contained_within":[],"bounding_box":{"type":"Polygon","coordinates":[[[135.734404997853,34.977134005726],[135.778291993851,34.977134005726],[135.778291993851,35.0007009941169],[135.734404997853,35.0007009941169]]]},"attributes":{}},"contributors":null,"is_quote_status":true,"quoted_status_id":883490900285968400,"quoted_status_id_str":"883490900285968384","quoted_status":{"created_at":"Sat Jul 08 01:00:19 +0000 2017","id":883490900285968400,"id_str":"883490900285968384","text":"ハァ〜〜？\nこのハゲ！完全に沖縄を私物化している・・・\n\nhttps://t.co/9c8SL5fxGz\n米軍｢緊急時に民間空港使わせて｣→日本｢了解！OK｣ 翁長ナマハゲ｢那覇空港は絶対使わせない｣ https://t.co/TxvBX2UAkz","truncated":false,"entities":{"hashtags":[],"symbols":[],"user_mentions":[],"urls":[{"url":"https://t.co/9c8SL5fxGz","expanded_url":"http://www.moeruasia.net/archives/49581298.html","display_url":"moeruasia.net/archives/49581…","indices":[29,52]}],"media":[{"id":883490892698361900,"id_str":"883490892698361856","indices":[101,124],"media_url":"http://pbs.twimg.com/media/DELKSTWUIAAiWpF.jpg","media_url_https":"https://pbs.twimg.com/media/DELKSTWUIAAiWpF.jpg","url":"https://t.co/TxvBX2UAkz","display_url":"pic.twitter.com/TxvBX2UAkz","expanded_url":"https://twitter.com/apio7777/status/883490900285968384/photo/1","type":"photo","sizes":{"small":{"w":680,"h":445,"resize":"fit"},"thumb":{"w":150,"h":150,"resize":"crop"},"medium":{"w":729,"h":477,"resize":"fit"},"large":{"w":729,"h":477,"resize":"fit"}}}]},"extended_entities":{"media":[{"id":883490892698361900,"id_str":"883490892698361856","indices":[101,124],"media_url":"http://pbs.twimg.com/media/DELKSTWUIAAiWpF.jpg","media_url_https":"https://pbs.twimg.com/media/DELKSTWUIAAiWpF.jpg","url":"https://t.co/TxvBX2UAkz","display_url":"pic.twitter.com/TxvBX2UAkz","expanded_url":"https://twitter.com/apio7777/status/883490900285968384/photo/1","type":"photo","sizes":{"small":{"w":680,"h":445,"resize":"fit"},"thumb":{"w":150,"h":150,"resize":"crop"},"medium":{"w":729,"h":477,"resize":"fit"},"large":{"w":729,"h":477,"resize":"fit"}}}]},"metadata":{"iso_language_code":"ja","result_type":"recent"},"source":"<a href=\"http://twitter.com/download/iphone\" rel=\"nofollow\">Twitter for iPhone</a>","in_reply_to_status_id":null,"in_reply_to_status_id_str":null,"in_reply_to_user_id":null,"in_reply_to_user_id_str":null,"in_reply_to_screen_name":null,"user":{"id":800996872655470600,"id_str":"800996872655470592","name":"apio","screen_name":"apio7777","location":"tokyo.  minato eria","description":"A foreign affiliate Overseas experience in the United States-France-United Kingdom. I'm playing an active part as a fund planner at present.","url":null,"entities":{"description":{"urls":[]}},"protected":false,"followers_count":3153,"friends_count":4999,"listed_count":21,"created_at":"Tue Nov 22 09:38:31 +0000 2016","favourites_count":3010,"utc_offset":null,"time_zone":null,"geo_enabled":false,"verified":false,"statuses_count":4028,"lang":"ja","contributors_enabled":false,"is_translator":false,"is_translation_enabled":false,"profile_background_color":"F5F8FA","profile_background_image_url":null,"profile_background_image_url_https":null,"profile_background_tile":false,"profile_image_url":"http://pbs.twimg.com/profile_images/827781281706487810/rb9QfTo1_normal.jpg","profile_image_url_https":"https://pbs.twimg.com/profile_images/827781281706487810/rb9QfTo1_normal.jpg","profile_banner_url":"https://pbs.twimg.com/profile_banners/800996872655470592/1485923209","profile_link_color":"1DA1F2","profile_sidebar_border_color":"C0DEED","profile_sidebar_fill_color":"DDEEF6","profile_text_color":"333333","profile_use_background_image":true,"has_extended_profile":true,"default_profile":true,"default_profile_image":false,"following":false,"follow_request_sent":false,"notifications":false,"translator_type":"none"},"geo":null,"coordinates":null,"place":null,"contributors":null,"is_quote_status":false,"retweet_count":64,"favorite_count":39,"favorited":false,"retweeted":false,"possibly_sensitive":false,"lang":"ja"},"retweet_count":94,"favorite_count":155,"favorited":false,"retweeted":false,"possibly_sensitive":false,"lang":"ja"},{"created_at":"Sun Jul 09 01:30:07 +0000 2017","id":883860785491054600,"id_str":"883860785491054593","text":"／\n📖メディア情報☘\n＼\n\n7月10日発売❗\n📝「#高校生新聞」\n📝「#FINEBOYS（@FINEBOYS_JP）」\nFINEBOYSの表紙は中島さん👏、インタビューは中島さんと芳根さんです❗　お見逃しなく✨\n\n#ここさけ… https://t.co/z9dsmySNjO","truncated":true,"entities":{"hashtags":[{"text":"高校生新聞","indices":[25,31]},{"text":"FINEBOYS","indices":[35,44]},{"text":"ここさけ","indices":[107,112]}],"symbols":[],"user_mentions":[{"screen_name":"FINEBOYS_JP","name":"FINEBOYS","id":2697927163,"id_str":"2697927163","indices":[45,57]}],"urls":[{"url":"https://t.co/z9dsmySNjO","expanded_url":"https://twitter.com/i/web/status/883860785491054593","display_url":"twitter.com/i/web/status/8…","indices":[114,137]}]},"metadata":{"iso_language_code":"ja","result_type":"recent"},"source":"<a href=\"http://www.hootsuite.com\" rel=\"nofollow\">Hootsuite</a>","in_reply_to_status_id":null,"in_reply_to_status_id_str":null,"in_reply_to_user_id":null,"in_reply_to_user_id_str":null,"in_reply_to_screen_name":null,"user":{"id":827476633833533400,"id_str":"827476633833533440","name":"実写映画『心が叫びたがってるんだ。』","screen_name":"kokosake_movie","location":"","description":"この夏、一番泣ける最高の感動作💘大ヒット劇場版オリジナルアニメ #ここさけ 待望の実写化🎬 7️⃣月2️⃣2️⃣日(土)全国ロードショー🎉 #心が叫びたがってるんだ #中島健人 #芳根京子 #石井杏奈 #寛一郎 Instagram➡https://t.co/w6fWKdIvT1","url":"https://t.co/PWjRFWqOGS","entities":{"url":{"urls":[{"url":"https://t.co/PWjRFWqOGS","expanded_url":"http://kokosake-movie.jp/","display_url":"kokosake-movie.jp","indices":[0,23]}]},"description":{"urls":[{"url":"https://t.co/w6fWKdIvT1","expanded_url":"https://www.instagram.com/kokosake_movie/","display_url":"instagram.com/kokosake_movie/","indices":[116,139]}]}},"protected":false,"followers_count":38460,"friends_count":21,"listed_count":97,"created_at":"Fri Feb 03 11:19:38 +0000 2017","favourites_count":59,"utc_offset":32400,"time_zone":"Tokyo","geo_enabled":false,"verified":true,"statuses_count":454,"lang":"ja","contributors_enabled":false,"is_translator":false,"is_translation_enabled":false,"profile_background_color":"000000","profile_background_image_url":"http://abs.twimg.com/images/themes/theme1/bg.png","profile_background_image_url_https":"https://abs.twimg.com/images/themes/theme1/bg.png","profile_background_tile":false,"profile_image_url":"http://pbs.twimg.com/profile_images/841785571924103168/8wFqHaMz_normal.jpg","profile_image_url_https":"https://pbs.twimg.com/profile_images/841785571924103168/8wFqHaMz_normal.jpg","profile_banner_url":"https://pbs.twimg.com/profile_banners/827476633833533440/1489532315","profile_link_color":"0090CC","profile_sidebar_border_color":"000000","profile_sidebar_fill_color":"000000","profile_text_color":"000000","profile_use_background_image":false,"has_extended_profile":false,"default_profile":false,"default_profile_image":false,"following":false,"follow_request_sent":false,"notifications":false,"translator_type":"none"},"geo":null,"coordinates":null,"place":null,"contributors":null,"is_quote_status":false,"retweet_count":66,"favorite_count":200,"favorited":false,"retweeted":false,"possibly_sensitive":false,"lang":"ja"},{"created_at":"Sun Jul 09 01:30:05 +0000 2017","id":883860776716345300,"id_str":"883860776716345344","text":"【その血のデスティニー】ショウマケイト 『ベテラン小学生タカシ』 https://t.co/nn7diseMnX #ツイ4 https://t.co/Z3OsI9rRjb","truncated":false,"entities":{"hashtags":[{"text":"ツイ4","indices":[57,61]}],"symbols":[],"user_mentions":[],"urls":[{"url":"https://t.co/nn7diseMnX","expanded_url":"http://sai-zen-sen.jp/comics/twi4/takashi/0205.html","display_url":"sai-zen-sen.jp/comics/twi4/ta…","indices":[33,56]}],"media":[{"id":883860765328920600,"id_str":"883860765328920577","indices":[62,85],"media_url":"http://pbs.twimg.com/media/DEQaruRV0AE_jfH.jpg","media_url_https":"https://pbs.twimg.com/media/DEQaruRV0AE_jfH.jpg","url":"https://t.co/Z3OsI9rRjb","display_url":"pic.twitter.com/Z3OsI9rRjb","expanded_url":"https://twitter.com/twi_yon/status/883860776716345344/photo/1","type":"photo","sizes":{"large":{"w":640,"h":1048,"resize":"fit"},"thumb":{"w":150,"h":150,"resize":"crop"},"small":{"w":415,"h":680,"resize":"fit"},"medium":{"w":640,"h":1048,"resize":"fit"}}}]},"extended_entities":{"media":[{"id":883860765328920600,"id_str":"883860765328920577","indices":[62,85],"media_url":"http://pbs.twimg.com/media/DEQaruRV0AE_jfH.jpg","media_url_https":"https://pbs.twimg.com/media/DEQaruRV0AE_jfH.jpg","url":"https://t.co/Z3OsI9rRjb","display_url":"pic.twitter.com/Z3OsI9rRjb","expanded_url":"https://twitter.com/twi_yon/status/883860776716345344/photo/1","type":"photo","sizes":{"large":{"w":640,"h":1048,"resize":"fit"},"thumb":{"w":150,"h":150,"resize":"crop"},"small":{"w":415,"h":680,"resize":"fit"},"medium":{"w":640,"h":1048,"resize":"fit"}}}]},"metadata":{"iso_language_code":"ja","result_type":"recent"},"source":"<a href=\"http://sai-zen-sen.jp/comics/twi4/\" rel=\"nofollow\">Twi4Twitterer</a>","in_reply_to_status_id":null,"in_reply_to_status_id_str":null,"in_reply_to_user_id":null,"in_reply_to_user_id_str":null,"in_reply_to_screen_name":null,"user":{"id":2529553424,"id_str":"2529553424","name":"ツイ４","screen_name":"twi_yon","location":"","description":"Twitter４コマ「ツイ４」（ツイヨン）。各作品はこちら（https://t.co/XjsCyNK8dz）からまとめ読みできます。iPhoneアプリ（https://t.co/PQMN6zIn27）","url":"http://t.co/XjsCyNt5bz","entities":{"url":{"urls":[{"url":"http://t.co/XjsCyNt5bz","expanded_url":"http://sai-zen-sen.jp/comics/twi4/","display_url":"sai-zen-sen.jp/comics/twi4/","indices":[0,22]}]},"description":{"urls":[{"url":"https://t.co/XjsCyNK8dz","expanded_url":"http://sai-zen-sen.jp/comics/twi4/","display_url":"sai-zen-sen.jp/comics/twi4/","indices":[30,53]},{"url":"https://t.co/PQMN6zIn27","expanded_url":"https://itunes.apple.com/jp/app/tsui4-mei-ri-4koma.-ren-qi/id1092434585","display_url":"itunes.apple.com/jp/app/tsui4-m…","indices":[76,99]}]}},"protected":false,"followers_count":202236,"friends_count":60,"listed_count":2478,"created_at":"Wed May 28 09:17:57 +0000 2014","favourites_count":0,"utc_offset":32400,"time_zone":"Tokyo","geo_enabled":false,"verified":false,"statuses_count":6951,"lang":"ja","contributors_enabled":false,"is_translator":false,"is_translation_enabled":false,"profile_background_color":"C0DEED","profile_background_image_url":"http://abs.twimg.com/images/themes/theme1/bg.png","profile_background_image_url_https":"https://abs.twimg.com/images/themes/theme1/bg.png","profile_background_tile":false,"profile_image_url":"http://pbs.twimg.com/profile_images/496125998534914049/4W6lx5ko_normal.png","profile_image_url_https":"https://pbs.twimg.com/profile_images/496125998534914049/4W6lx5ko_normal.png","profile_banner_url":"https://pbs.twimg.com/profile_banners/2529553424/1492752907","profile_link_color":"1DA1F2","profile_sidebar_border_color":"C0DEED","profile_sidebar_fill_color":"DDEEF6","profile_text_color":"333333","profile_use_background_image":true,"has_extended_profile":false,"default_profile":true,"default_profile_image":false,"following":false,"follow_request_sent":false,"notifications":false,"translator_type":"none"},"geo":null,"coordinates":null,"place":null,"contributors":null,"is_quote_status":false,"retweet_count":72,"favorite_count":229,"favorited":false,"retweeted":false,"possibly_sensitive":false,"lang":"ja"},{"created_at":"Sun Jul 09 01:30:02 +0000 2017","id":883860766796820500,"id_str":"883860766796820484","text":"お金は大事です。稼ぎたい人は気軽に連絡下さい。LINE→bainarisf　https://t.co/A7eeTfTBxf　#ライン #LINE　#お金  #バイナリーオプション #副業 #お金稼ぎ #お金借りる #お金稼ぐ… https://t.co/37C1JCSL1r","truncated":true,"entities":{"hashtags":[{"text":"ライン","indices":[62,66]},{"text":"LINE","indices":[67,72]},{"text":"お金","indices":[73,76]},{"text":"バイナリーオプション","indices":[78,89]},{"text":"副業","indices":[90,93]},{"text":"お金稼ぎ","indices":[94,99]},{"text":"お金借りる","indices":[100,106]},{"text":"お金稼ぐ","indices":[107,112]}],"symbols":[],"user_mentions":[],"urls":[{"url":"https://t.co/A7eeTfTBxf","expanded_url":"https://goo.gl/gpmcR4","display_url":"goo.gl/gpmcR4","indices":[38,61]},{"url":"https://t.co/37C1JCSL1r","expanded_url":"https://twitter.com/i/web/status/883860766796820484","display_url":"twitter.com/i/web/status/8…","indices":[114,137]}]},"metadata":{"iso_language_code":"ja","result_type":"recent"},"source":"<a href=\"http://twitter.com/\" rel=\"nofollow\">zerotubusen12</a>","in_reply_to_status_id":null,"in_reply_to_status_id_str":null,"in_reply_to_user_id":null,"in_reply_to_user_id_str":null,"in_reply_to_screen_name":null,"user":{"id":129696001,"id_str":"129696001","name":"生田　竜二","screen_name":"dashiruibahan","location":"LINEID→bainarisf","description":"投資や副業が初めての方でも気軽に声をかけてください。私はプロですので安心して頂けると思います。無料で相談に乗らせて頂きます。 #バイナリー　#バイナリーオプション　#副業　#おこづかい　#お金持ち　　#投資","url":null,"entities":{"description":{"urls":[]}},"protected":false,"followers_count":6820,"friends_count":4692,"listed_count":2,"created_at":"Mon Apr 05 03:58:40 +0000 2010","favourites_count":0,"utc_offset":-25200,"time_zone":"Arizona","geo_enabled":false,"verified":false,"statuses_count":3,"lang":"ja","contributors_enabled":false,"is_translator":false,"is_translation_enabled":false,"profile_background_color":"8B542B","profile_background_image_url":"http://abs.twimg.com/images/themes/theme8/bg.gif","profile_background_image_url_https":"https://abs.twimg.com/images/themes/theme8/bg.gif","profile_background_tile":false,"profile_image_url":"http://pbs.twimg.com/profile_images/858971680823103488/P4w8ogB4_normal.jpg","profile_image_url_https":"https://pbs.twimg.com/profile_images/858971680823103488/P4w8ogB4_normal.jpg","profile_link_color":"9D582E","profile_sidebar_border_color":"D9B17E","profile_sidebar_fill_color":"EADEAA","profile_text_color":"333333","profile_use_background_image":true,"has_extended_profile":false,"default_profile":false,"default_profile_image":false,"following":false,"follow_request_sent":false,"notifications":false,"translator_type":"none"},"geo":null,"coordinates":null,"place":null,"contributors":null,"is_quote_status":false,"retweet_count":102,"favorite_count":0,"favorited":false,"retweeted":false,"possibly_sensitive":false,"lang":"ja"},{"created_at":"Sun Jul 09 01:30:01 +0000 2017","id":883860761931534300,"id_str":"883860761931534337","text":"オフパコできる人いる？ｗ\n興味あったらとりまLINE下さい(●・ω・●)\nhttps://t.co/qb9Jubrvpa","truncated":false,"entities":{"hashtags":[],"symbols":[],"user_mentions":[],"urls":[],"media":[{"id":881713173170081800,"id_str":"881713173170081792","indices":[37,60],"media_url":"http://pbs.twimg.com/media/DDx5daCV0AAKKsi.jpg","media_url_https":"https://pbs.twimg.com/media/DDx5daCV0AAKKsi.jpg","url":"https://t.co/qb9Jubrvpa","display_url":"pic.twitter.com/qb9Jubrvpa","expanded_url":"https://twitter.com/dubamub/status/881713205113782272/photo/1","type":"photo","sizes":{"thumb":{"w":150,"h":150,"resize":"crop"},"large":{"w":580,"h":435,"resize":"fit"},"small":{"w":580,"h":435,"resize":"fit"},"medium":{"w":580,"h":435,"resize":"fit"}},"source_status_id":881713205113782300,"source_status_id_str":"881713205113782272","source_user_id":715112866525806600,"source_user_id_str":"715112866525806592"}]},"extended_entities":{"media":[{"id":881713173170081800,"id_str":"881713173170081792","indices":[37,60],"media_url":"http://pbs.twimg.com/media/DDx5daCV0AAKKsi.jpg","media_url_https":"https://pbs.twimg.com/media/DDx5daCV0AAKKsi.jpg","url":"https://t.co/qb9Jubrvpa","display_url":"pic.twitter.com/qb9Jubrvpa","expanded_url":"https://twitter.com/dubamub/status/881713205113782272/photo/1","type":"photo","sizes":{"thumb":{"w":150,"h":150,"resize":"crop"},"large":{"w":580,"h":435,"resize":"fit"},"small":{"w":580,"h":435,"resize":"fit"},"medium":{"w":580,"h":435,"resize":"fit"}},"source_status_id":881713205113782300,"source_status_id_str":"881713205113782272","source_user_id":715112866525806600,"source_user_id_str":"715112866525806592"},{"id":881713185874628600,"id_str":"881713185874628609","indices":[37,60],"media_url":"http://pbs.twimg.com/media/DDx5eJXV0AEOV3X.jpg","media_url_https":"https://pbs.twimg.com/media/DDx5eJXV0AEOV3X.jpg","url":"https://t.co/qb9Jubrvpa","display_url":"pic.twitter.com/qb9Jubrvpa","expanded_url":"https://twitter.com/dubamub/status/881713205113782272/photo/1","type":"photo","sizes":{"large":{"w":580,"h":773,"resize":"fit"},"thumb":{"w":150,"h":150,"resize":"crop"},"medium":{"w":580,"h":773,"resize":"fit"},"small":{"w":510,"h":680,"resize":"fit"}},"source_status_id":881713205113782300,"source_status_id_str":"881713205113782272","source_user_id":715112866525806600,"source_user_id_str":"715112866525806592"},{"id":881713195911585800,"id_str":"881713195911585792","indices":[37,60],"media_url":"http://pbs.twimg.com/media/DDx5euwVoAAvY3c.jpg","media_url_https":"https://pbs.twimg.com/media/DDx5euwVoAAvY3c.jpg","url":"https://t.co/qb9Jubrvpa","display_url":"pic.twitter.com/qb9Jubrvpa","expanded_url":"https://twitter.com/dubamub/status/881713205113782272/photo/1","type":"photo","sizes":{"small":{"w":360,"h":360,"resize":"fit"},"medium":{"w":360,"h":360,"resize":"fit"},"thumb":{"w":150,"h":150,"resize":"crop"},"large":{"w":360,"h":360,"resize":"fit"}},"source_status_id":881713205113782300,"source_status_id_str":"881713205113782272","source_user_id":715112866525806600,"source_user_id_str":"715112866525806592"}]},"metadata":{"iso_language_code":"ja","result_type":"recent"},"source":"<a href=\"https://twitter.com\" rel=\"nofollow\">ccc fggyyy</a>","in_reply_to_status_id":null,"in_reply_to_status_id_str":null,"in_reply_to_user_id":null,"in_reply_to_user_id_str":null,"in_reply_to_screen_name":null,"user":{"id":844804721114165200,"id_str":"844804721114165248","name":"いろは☻おふぱこ募集 💕","screen_name":"iroha_tam","location":"","description":"オフパコ募集垢←興味ある人いますか(●・ω・●)？彼氏とかいりません！相性良ければセフでも💕セクロスはスポーツ(*`・ω・)ですｗ","url":null,"entities":{"description":{"urls":[]}},"protected":false,"followers_count":207,"friends_count":159,"listed_count":0,"created_at":"Thu Mar 23 06:55:16 +0000 2017","favourites_count":0,"utc_offset":-25200,"time_zone":"Pacific Time (US & Canada)","geo_enabled":false,"verified":false,"statuses_count":11,"lang":"ja","contributors_enabled":false,"is_translator":false,"is_translation_enabled":false,"profile_background_color":"F5F8FA","profile_background_image_url":null,"profile_background_image_url_https":null,"profile_background_tile":false,"profile_image_url":"http://pbs.twimg.com/profile_images/870113473966899200/Ti4v9ICg_normal.jpg","profile_image_url_https":"https://pbs.twimg.com/profile_images/870113473966899200/Ti4v9ICg_normal.jpg","profile_banner_url":"https://pbs.twimg.com/profile_banners/844804721114165248/1496286209","profile_link_color":"1DA1F2","profile_sidebar_border_color":"C0DEED","profile_sidebar_fill_color":"DDEEF6","profile_text_color":"333333","profile_use_background_image":true,"has_extended_profile":false,"default_profile":true,"default_profile_image":false,"following":false,"follow_request_sent":false,"notifications":false,"translator_type":"none"},"geo":null,"coordinates":null,"place":null,"contributors":null,"is_quote_status":false,"retweet_count":53,"favorite_count":0,"favorited":false,"retweeted":false,"possibly_sensitive":false,"lang":"ja"}],"search_metadata":{"completed_in":0.079,"max_id":883863285958819800,"max_id_str":"883863285958819841","next_results":"?max_id=883860761931534336&q=lang%3Aja%20min_retweets%3A50&include_entities=1","query":"lang%3Aja+min_retweets%3A50","refresh_url":"?since_id=883863285958819841&q=lang%3Aja%20min_retweets%3A50&include_entities=1","count":15,"since_id":0,"since_id_str":"0"}}