{"statuses":[{"created_at":"Tue Jul 04 07:39:48 +0000 2017","id":882141881487863800,"id_str":"882141881487863808","text":"★イベント予告★\n7/5(水)夕方頃〜イベント「PROCELLA　CIRCUS」開催決定！イベント楽曲「Duty」「Childish flower」がLIVEに登場します♪　DLはこちらから→… https://t.co/6PpLaCeMrt","truncated":true,"entities":{"hashtags":[],"symbols":[],"user_mentions":[],"urls":[{"url":"https://t.co/6PpLaCeMrt","expanded_url":"https://twitter.com/i/web/status/882141881487863808","display_url":"twitter.com/i/web/status/8…","indices":[98,121]}]},"metadata":{"iso_language_code":"ja","result_type":"recent"},"source":"<a href=\"http://twitter.com\" rel=\"nofollow\">Twitter Web Client</a>","in_reply_to_status_id":null,"in_reply_to_status_id_str":null,"in_reply_to_user_id":null,"in_reply_to_user_id_str":null,"in_reply_to_screen_name":null,"user":{"id":789381378613796900,"id_str":"789381378613796865","name":"アプリ「ツキパラ。」公式ツイッター","screen_name":"tsukipara_app","location":"","description":"「ツキウタ。」をはじめ、ツキノ芸能プロダクションのタレント大集合のリズムゲームアプリ 「ツキノパラダイス」が登場！最新情報をお届けいたしますので 皆様フォローをお待ちしております！ ※Twitterでの返信等はできませんのでご了承ください。DL→https://t.co/ZlzyZfP4mO","url":"https://t.co/NCvr3ZWL4h","entities":{"url":{"urls":[{"url":"https://t.co/NCvr3ZWL4h","expanded_url":"http://tsukinoparadise.bn-ent.net/","display_url":"tsukinoparadise.bn-ent.net","indices":[0,23]}]},"description":{"urls":[{"url":"https://t.co/ZlzyZfP4mO","expanded_url":"http://bnent.jp/tuki_tw/","display_url":"bnent.jp/tuki_tw/","indices":[123,146]}]}},"protected":false,"followers_count":85501,"friends_count":24,"listed_count":1078,"created_at":"Fri Oct 21 08:22:41 +0000 2016","favourites_count":0,"utc_offset":null,"time_zone":null,"geo_enabled":false,"verified":true,"statuses_count":253,"lang":"ja","contributors_enabled":false,"is_translator":false,"is_translation_enabled":false,"profile_background_color":"F5F8FA","profile_background_image_url":null,"profile_background_image_url_https":null,"profile_background_tile":false,"profile_image_url":"http://pbs.twimg.com/profile_images/880803469275176961/Rdj-Fm0Y_normal.jpg","profile_image_url_https":"https://pbs.twimg.com/profile_images/880803469275176961/Rdj-Fm0Y_normal.jpg","profile_banner_url":"https://pbs.twimg.com/profile_banners/789381378613796865/1488943004","profile_link_color":"1DA1F2","profile_sidebar_border_color":"C0DEED","profile_sidebar_fill_color":"DDEEF6","profile_text_color":"333333","profile_use_background_image":true,"has_extended_profile":false,"default_profile":true,"default_profile_image":false,"following":false,"follow_request_sent":false,"notifications":false,"translator_type":"none"},"geo":null,"coordinates":null,"place":null,"contributors":null,"is_quote_status":false,"retweet_count":153,"favorite_count":171,"favorited":false,"retweeted":false,"possibly_sensitive":false,"lang":"ja"},{"created_at":"Tue Jul 04 07:38:15 +0000 2017","id":882141492533264400,"id_str":"882141492533264384","text":"ε⌒ﾍ⌒ヽﾌ\n　　 (　(   ･ω･)\n　 ε⌒ﾍ⌒ヽﾌ⌒ヽﾌ\n　 (　(  ･ω･)   ･ω･)\nε⌒ﾍ⌒ヽﾌ⌒ヽﾌ⌒ヽﾌ\n(　( ･ω･)  ･ω･)  ･ω･)\n'し-し-Ｊ し-Ｊし-Ｊ","truncated":false,"entities":{"hashtags":[],"symbols":[],"user_mentions":[],"urls":[]},"metadata":{"iso_language_code":"ja","result_type":"recent"},"source":"<a href=\"http://twitter.com\" rel=\"nofollow\">Twitter Web Client</a>","in_reply_to_status_id":null,"in_reply_to_status_id_str":null,"in_reply_to_user_id":null,"in_reply_to_user_id_str":null,"in_reply_to_screen_name":null,"user":{"id":785431323825418200,"id_str":"785431323825418240","name":"じん","screen_name":"Jrej_","location":"JJPPAPN","description":"TLに流れてきたtweetに既読感覚でふぁぼ付けてます。 ツイ廃猛者 自宅警備員 AMV スマホ壊れたからもしかしたら低浮上","url":"https://t.co/JrBlhBupyT","entities":{"url":{"urls":[{"url":"https://t.co/JrBlhBupyT","expanded_url":"http://xn--sex-873b7ag8b5ctr0c52ata18ascsfthxdqn3fxh0h0h2961e5g1ahn62a.jp","display_url":"コンドームを付けたsexなんてラップ越しのキスと同じ.jp","indices":[0,23]}]},"description":{"urls":[]}},"protected":false,"followers_count":6768,"friends_count":251,"listed_count":39,"created_at":"Mon Oct 10 10:46:35 +0000 2016","favourites_count":87551,"utc_offset":-25200,"time_zone":"Pacific Time (US & Canada)","geo_enabled":false,"verified":false,"statuses_count":18413,"lang":"ja","contributors_enabled":false,"is_translator":false,"is_translation_enabled":false,"profile_background_color":"000000","profile_background_image_url":"http://abs.twimg.com/images/themes/theme1/bg.png","profile_background_image_url_https":"https://abs.twimg.com/images/themes/theme1/bg.png","profile_background_tile":false,"profile_image_url":"http://pbs.twimg.com/profile_images/880624250628866049/2aLUrhpv_normal.jpg","profile_image_url_https":"https://pbs.twimg.com/profile_images/880624250628866049/2aLUrhpv_normal.jpg","profile_banner_url":"https://pbs.twimg.com/profile_banners/785431323825418240/1493769927","profile_link_color":"981CEB","profile_sidebar_border_color":"000000","profile_sidebar_fill_color":"000000","profile_text_color":"000000","profile_use_background_image":false,"has_extended_profile":true,"default_profile":false,"default_profile_image":false,"following":false,"follow_request_sent":false,"notifications":false,"translator_type":"none"},"geo":null,"coordinates":null,"place":null,"contributors":null,"is_quote_status":false,"retweet_count":50,"favorite_count":52,"favorited":false,"retweeted":false,"lang":"ja"},{"created_at":"Tue Jul 04 07:38:02 +0000 2017","id":882141435717337100,"id_str":"882141435717337088","text":"第16回人気投票の結界が発表！\nSSRキャラ1位はなんと…スカーサハ様！！！\nSRはククル姉を抜いて村娘ジャンヌが1位に！\n\n今回は新キャラの人気がすごいですね(*´ω｀*)\n人気投票ガチャは7/5~開催みたいです\n#グラブル https://t.co/aBIsWLllKa","truncated":false,"entities":{"hashtags":[{"text":"グラブル","indices":[108,113]}],"symbols":[],"user_mentions":[],"urls":[],"media":[{"id":882140558029766700,"id_str":"882140558029766656","indices":[114,137],"media_url":"http://pbs.twimg.com/media/DD3-KetUQAA8VJ8.jpg","media_url_https":"https://pbs.twimg.com/media/DD3-KetUQAA8VJ8.jpg","url":"https://t.co/aBIsWLllKa","display_url":"pic.twitter.com/aBIsWLllKa","expanded_url":"https://twitter.com/Granblue_GW/status/882141435717337088/photo/1","type":"photo","sizes":{"thumb":{"w":150,"h":150,"resize":"crop"},"small":{"w":267,"h":446,"resize":"fit"},"large":{"w":267,"h":446,"resize":"fit"},"medium":{"w":267,"h":446,"resize":"fit"}}}]},"extended_entities":{"media":[{"id":882140558029766700,"id_str":"882140558029766656","indices":[114,137],"media_url":"http://pbs.twimg.com/media/DD3-KetUQAA8VJ8.jpg","media_url_https":"https://pbs.twimg.com/media/DD3-KetUQAA8VJ8.jpg","url":"https://t.co/aBIsWLllKa","display_url":"pic.twitter.com/aBIsWLllKa","expanded_url":"https://twitter.com/Granblue_GW/status/882141435717337088/photo/1","type":"photo","sizes":{"thumb":{"w":150,"h":150,"resize":"crop"},"small":{"w":267,"h":446,"resize":"fit"},"large":{"w":267,"h":446,"resize":"fit"},"medium":{"w":267,"h":446,"resize":"fit"}}},{"id":882140587125653500,"id_str":"882140587125653506","indices":[114,137],"media_url":"http://pbs.twimg.com/media/DD3-MLGUQAIC0-r.jpg","media_url_https":"https://pbs.twimg.com/media/DD3-MLGUQAIC0-r.jpg","url":"https://t.co/aBIsWLllKa","display_url":"pic.twitter.com/aBIsWLllKa","expanded_url":"https://twitter.com/Granblue_GW/status/882141435717337088/photo/1","type":"photo","sizes":{"medium":{"w":287,"h":591,"resize":"fit"},"thumb":{"w":150,"h":150,"resize":"crop"},"small":{"w":287,"h":591,"resize":"fit"},"large":{"w":287,"h":591,"resize":"fit"}}}]},"metadata":{"iso_language_code":"ja","result_type":"recent"},"source":"<a href=\"http://twitter.com\" rel=\"nofollow\">Twitter Web Client</a>","in_reply_to_status_id":null,"in_reply_to_status_id_str":null,"in_reply_to_user_id":null,"in_reply_to_user_id_str":null,"in_reply_to_screen_name":null,"user":{"id":765113040345833500,"id_str":"765113040345833473","name":"グラブル攻略＠GameWith","screen_name":"Granblue_GW","location":"バルツ公国","description":"攻略サイトGameWithの公式アカウントです。8月17日開設＼(╹◡╹)ノ 記事に起こす前の速報、検証などの攻略情報などを呟いていきます。複数人で運用しているので、口調やテンションが変わります。\nGameWithSNS→https://t.co/tLIqr55qiS","url":"https://t.co/6p6tZXMM6E","entities":{"url":{"urls":[{"url":"https://t.co/6p6tZXMM6E","expanded_url":"https://xn--bck3aza1a2if6kra4ee0hf.gamewith.jp/","display_url":"グランブルーファンタジー.gamewith.jp","indices":[0,23]}]},"description":{"urls":[{"url":"https://t.co/tLIqr55qiS","expanded_url":"https://gamewith.jp/user/profile/517943","display_url":"gamewith.jp/user/profile/5…","indices":[111,134]}]}},"protected":false,"followers_count":33713,"friends_count":2431,"listed_count":378,"created_at":"Mon Aug 15 09:08:58 +0000 2016","favourites_count":825,"utc_offset":32400,"time_zone":"Tokyo","geo_enabled":false,"verified":false,"statuses_count":3132,"lang":"ja","contributors_enabled":false,"is_translator":false,"is_translation_enabled":false,"profile_background_color":"F5F8FA","profile_background_image_url":null,"profile_background_image_url_https":null,"profile_background_tile":false,"profile_image_url":"http://pbs.twimg.com/profile_images/765721648217468928/z5FBda2m_normal.jpg","profile_image_url_https":"https://pbs.twimg.com/profile_images/765721648217468928/z5FBda2m_normal.jpg","profile_banner_url":"https://pbs.twimg.com/profile_banners/765113040345833473/1471402733","profile_link_color":"1DA1F2","profile_sidebar_border_color":"C0DEED","profile_sidebar_fill_color":"DDEEF6","profile_text_color":"333333","profile_use_background_image":true,"has_extended_profile":false,"default_profile":true,"default_profile_image":false,"following":false,"follow_request_sent":false,"notifications":false,"translator_type":"none"},"geo":null,"coordinates":null,"place":null,"contributors":null,"is_quote_status":false,"retweet_count":142,"favorite_count":43,"favorited":false,"retweeted":false,"possibly_sensitive":false,"lang":"ja"},{"created_at":"Tue Jul 04 07:37:20 +0000 2017","id":882141260760227800,"id_str":"882141260760227840","text":"今日から選手は鷹の祭典ユニフォームを着て試合に臨みます☆福岡の街も少しずつ鷹の祭典色に☆ #西鉄福岡天神駅 #福岡PARCO #地下鉄天神 #鷹の祭典2017  #sbhawks https://t.co/IfFwqXrBNi","truncated":false,"entities":{"hashtags":[{"text":"西鉄福岡天神駅","indices":[45,53]},{"text":"福岡PARCO","indices":[54,62]},{"text":"地下鉄天神","indices":[63,69]},{"text":"鷹の祭典2017","indices":[70,79]},{"text":"sbhawks","indices":[81,89]}],"symbols":[],"user_mentions":[],"urls":[],"media":[{"id":882140797277098000,"id_str":"882140797277097984","indices":[90,113],"media_url":"http://pbs.twimg.com/media/DD3-YZ-U0AApudD.jpg","media_url_https":"https://pbs.twimg.com/media/DD3-YZ-U0AApudD.jpg","url":"https://t.co/IfFwqXrBNi","display_url":"pic.twitter.com/IfFwqXrBNi","expanded_url":"https://twitter.com/HAWKS_official/status/882141260760227840/photo/1","type":"photo","sizes":{"thumb":{"w":150,"h":150,"resize":"crop"},"medium":{"w":768,"h":1024,"resize":"fit"},"large":{"w":768,"h":1024,"resize":"fit"},"small":{"w":510,"h":680,"resize":"fit"}}}]},"extended_entities":{"media":[{"id":882140797277098000,"id_str":"882140797277097984","indices":[90,113],"media_url":"http://pbs.twimg.com/media/DD3-YZ-U0AApudD.jpg","media_url_https":"https://pbs.twimg.com/media/DD3-YZ-U0AApudD.jpg","url":"https://t.co/IfFwqXrBNi","display_url":"pic.twitter.com/IfFwqXrBNi","expanded_url":"https://twitter.com/HAWKS_official/status/882141260760227840/photo/1","type":"photo","sizes":{"thumb":{"w":150,"h":150,"resize":"crop"},"medium":{"w":768,"h":1024,"resize":"fit"},"large":{"w":768,"h":1024,"resize":"fit"},"small":{"w":510,"h":680,"resize":"fit"}}},{"id":882140832077197300,"id_str":"882140832077197312","indices":[90,113],"media_url":"http://pbs.twimg.com/media/DD3-abnUMAAg_GV.jpg","media_url_https":"https://pbs.twimg.com/media/DD3-abnUMAAg_GV.jpg","url":"https://t.co/IfFwqXrBNi","display_url":"pic.twitter.com/IfFwqXrBNi","expanded_url":"https://twitter.com/HAWKS_official/status/882141260760227840/photo/1","type":"photo","sizes":{"small":{"w":680,"h":510,"resize":"fit"},"medium":{"w":1200,"h":900,"resize":"fit"},"thumb":{"w":150,"h":150,"resize":"crop"},"large":{"w":2048,"h":1536,"resize":"fit"}}},{"id":882140851492708400,"id_str":"882140851492708352","indices":[90,113],"media_url":"http://pbs.twimg.com/media/DD3-bj8VYAAZaX6.jpg","media_url_https":"https://pbs.twimg.com/media/DD3-bj8VYAAZaX6.jpg","url":"https://t.co/IfFwqXrBNi","display_url":"pic.twitter.com/IfFwqXrBNi","expanded_url":"https://twitter.com/HAWKS_official/status/882141260760227840/photo/1","type":"photo","sizes":{"medium":{"w":1200,"h":864,"resize":"fit"},"large":{"w":2048,"h":1474,"resize":"fit"},"thumb":{"w":150,"h":150,"resize":"crop"},"small":{"w":680,"h":490,"resize":"fit"}}}]},"metadata":{"iso_language_code":"ja","result_type":"recent"},"source":"<a href=\"http://twitter.com\" rel=\"nofollow\">Twitter Web Client</a>","in_reply_to_status_id":null,"in_reply_to_status_id_str":null,"in_reply_to_user_id":null,"in_reply_to_user_id_str":null,"in_reply_to_screen_name":null,"user":{"id":122284646,"id_str":"122284646","name":"福岡ソフトバンクホークス（公式）","screen_name":"HAWKS_official","location":"福岡ヤフオク！ドーム","description":"選手とファンみなさんをつなぐスタッフとして・・・というより、ホークスファン代表として、時にはアツく、時には厳しく、・・・楽しくおバカにお気楽にをモットーにツイートします。 返信できないことも多々ありますので、チケット、イベントなどのお問い合わせなどは、公式サイトのフォームよりお願いいたします。 (C)SBH","url":"https://t.co/SEOVJJhFgp","entities":{"url":{"urls":[{"url":"https://t.co/SEOVJJhFgp","expanded_url":"http://www.softbankhawks.co.jp/","display_url":"softbankhawks.co.jp","indices":[0,23]}]},"description":{"urls":[]}},"protected":false,"followers_count":632266,"friends_count":66,"listed_count":5017,"created_at":"Fri Mar 12 05:58:34 +0000 2010","favourites_count":13,"utc_offset":32400,"time_zone":"Tokyo","geo_enabled":false,"verified":true,"statuses_count":70434,"lang":"ja","contributors_enabled":false,"is_translator":false,"is_translation_enabled":true,"profile_background_color":"FFCC4D","profile_background_image_url":"http://abs.twimg.com/images/themes/theme11/bg.gif","profile_background_image_url_https":"https://abs.twimg.com/images/themes/theme11/bg.gif","profile_background_tile":false,"profile_image_url":"http://pbs.twimg.com/profile_images/875892607041159170/5TzmTdeh_normal.jpg","profile_image_url_https":"https://pbs.twimg.com/profile_images/875892607041159170/5TzmTdeh_normal.jpg","profile_banner_url":"https://pbs.twimg.com/profile_banners/122284646/1494296319","profile_link_color":"FAB81E","profile_sidebar_border_color":"CC3366","profile_sidebar_fill_color":"E5507E","profile_text_color":"362720","profile_use_background_image":true,"has_extended_profile":false,"default_profile":false,"default_profile_image":false,"following":false,"follow_request_sent":false,"notifications":false,"translator_type":"none"},"geo":null,"coordinates":null,"place":null,"contributors":null,"is_quote_status":false,"retweet_count":90,"favorite_count":212,"favorited":false,"retweeted":false,"possibly_sensitive":false,"lang":"ja"},{"created_at":"Tue Jul 04 07:36:34 +0000 2017","id":882141067805466600,"id_str":"882141067805466624","text":"盛ろうと思ってSnowしたが、ジャンゴ。\n#帽子\n#サングラス\n#顎\n#A.ジャンゴ https://t.co/ZJL5CVf8Hx","truncated":false,"entities":{"hashtags":[{"text":"帽子","indices":[21,24]},{"text":"サングラス","indices":[25,31]},{"text":"顎","indices":[32,34]},{"text":"A","indices":[35,37]}],"symbols":[],"user_mentions":[],"urls":[],"media":[{"id":882141060859797500,"id_str":"882141060859797505","indices":[43,66],"media_url":"http://pbs.twimg.com/media/DD3-nv5VoAE7vXa.jpg","media_url_https":"https://pbs.twimg.com/media/DD3-nv5VoAE7vXa.jpg","url":"https://t.co/ZJL5CVf8Hx","display_url":"pic.twitter.com/ZJL5CVf8Hx","expanded_url":"https://twitter.com/Aotan5444/status/882141067805466624/photo/1","type":"photo","sizes":{"small":{"w":382,"h":680,"resize":"fit"},"thumb":{"w":150,"h":150,"resize":"crop"},"large":{"w":750,"h":1334,"resize":"fit"},"medium":{"w":675,"h":1200,"resize":"fit"}}}]},"extended_entities":{"media":[{"id":882141060859797500,"id_str":"882141060859797505","indices":[43,66],"media_url":"http://pbs.twimg.com/media/DD3-nv5VoAE7vXa.jpg","media_url_https":"https://pbs.twimg.com/media/DD3-nv5VoAE7vXa.jpg","url":"https://t.co/ZJL5CVf8Hx","display_url":"pic.twitter.com/ZJL5CVf8Hx","expanded_url":"https://twitter.com/Aotan5444/status/882141067805466624/photo/1","type":"photo","sizes":{"small":{"w":382,"h":680,"resize":"fit"},"thumb":{"w":150,"h":150,"resize":"crop"},"large":{"w":750,"h":1334,"resize":"fit"},"medium":{"w":675,"h":1200,"resize":"fit"}}},{"id":882141060863991800,"id_str":"882141060863991808","indices":[43,66],"media_url":"http://pbs.twimg.com/media/DD3-nv6VoAAt6m7.jpg","media_url_https":"https://pbs.twimg.com/media/DD3-nv6VoAAt6m7.jpg","url":"https://t.co/ZJL5CVf8Hx","display_url":"pic.twitter.com/ZJL5CVf8Hx","expanded_url":"https://twitter.com/Aotan5444/status/882141067805466624/photo/1","type":"photo","sizes":{"medium":{"w":220,"h":165,"resize":"fit"},"small":{"w":220,"h":165,"resize":"fit"},"thumb":{"w":150,"h":150,"resize":"crop"},"large":{"w":220,"h":165,"resize":"fit"}}},{"id":882141060868087800,"id_str":"882141060868087808","indices":[43,66],"media_url":"http://pbs.twimg.com/media/DD3-nv7UIAABJXC.jpg","media_url_https":"https://pbs.twimg.com/media/DD3-nv7UIAABJXC.jpg","url":"https://t.co/ZJL5CVf8Hx","display_url":"pic.twitter.com/ZJL5CVf8Hx","expanded_url":"https://twitter.com/Aotan5444/status/882141067805466624/photo/1","type":"photo","sizes":{"large":{"w":250,"h":202,"resize":"fit"},"small":{"w":250,"h":202,"resize":"fit"},"medium":{"w":250,"h":202,"resize":"fit"},"thumb":{"w":150,"h":150,"resize":"crop"}}},{"id":882141060872286200,"id_str":"882141060872286212","indices":[43,66],"media_url":"http://pbs.twimg.com/media/DD3-nv8UMAQjSUo.jpg","media_url_https":"https://pbs.twimg.com/media/DD3-nv8UMAQjSUo.jpg","url":"https://t.co/ZJL5CVf8Hx","display_url":"pic.twitter.com/ZJL5CVf8Hx","expanded_url":"https://twitter.com/Aotan5444/status/882141067805466624/photo/1","type":"photo","sizes":{"large":{"w":750,"h":1334,"resize":"fit"},"medium":{"w":675,"h":1200,"resize":"fit"},"thumb":{"w":150,"h":150,"resize":"crop"},"small":{"w":382,"h":680,"resize":"fit"}}}]},"metadata":{"iso_language_code":"ja","result_type":"recent"},"source":"<a href=\"http://twitter.com/download/iphone\" rel=\"nofollow\">Twitter for iPhone</a>","in_reply_to_status_id":null,"in_reply_to_status_id_str":null,"in_reply_to_user_id":null,"in_reply_to_user_id_str":null,"in_reply_to_screen_name":null,"user":{"id":850763018,"id_str":"850763018","name":"フェフ姉さん…𖨆","screen_name":"Aotan5444","location":"SHIBUYA","description":"㊔:㋔㋗㋨㋐㋔㋑(𖠋)(𖢥)(𖠒) (𖥶) 💩INSTA➜➜➜➜aotan5444《𖢘𖦊𖡨FollowMe𖠊𖡹𖡕》 𖨆𖨆𖨆𖨆𖨆𖨆𖨆𖨆𖨆𖨆𖨆𖨆𖨆𖨆𖨆𖨆𖨆𖨆𖨆𖨆𖨆𖨆𖨆𖨆𖨆𖨆𖨆𖨆𖨆𖨆＝♡","url":null,"entities":{"description":{"urls":[]}},"protected":false,"followers_count":214009,"friends_count":1631,"listed_count":233,"created_at":"Fri Sep 28 09:26:28 +0000 2012","favourites_count":60,"utc_offset":null,"time_zone":null,"geo_enabled":false,"verified":false,"statuses_count":432,"lang":"ja","contributors_enabled":false,"is_translator":false,"is_translation_enabled":false,"profile_background_color":"C0DEED","profile_background_image_url":"http://abs.twimg.com/images/themes/theme1/bg.png","profile_background_image_url_https":"https://abs.twimg.com/images/themes/theme1/bg.png","profile_background_tile":false,"profile_image_url":"http://pbs.twimg.com/profile_images/803623244800532481/0D-O09Mk_normal.jpg","profile_image_url_https":"https://pbs.twimg.com/profile_images/803623244800532481/0D-O09Mk_normal.jpg","profile_banner_url":"https://pbs.twimg.com/profile_banners/850763018/1478517671","profile_link_color":"1DA1F2","profile_sidebar_border_color":"C0DEED","profile_sidebar_fill_color":"DDEEF6","profile_text_color":"333333","profile_use_background_image":true,"has_extended_profile":true,"default_profile":true,"default_profile_image":false,"following":false,"follow_request_sent":false,"notifications":false,"translator_type":"none"},"geo":null,"coordinates":null,"place":null,"contributors":null,"is_quote_status":false,"retweet_count":52,"favorite_count":269,"favorited":false,"retweeted":false,"possibly_sensitive":false,"lang":"ja"},{"created_at":"Tue Jul 04 07:35:15 +0000 2017","id":882140735381934100,"id_str":"882140735381934080","text":"伊豆箱根鉄道駿豆線「ラブライブ！サンシャイン!!」ラッピング電車「津島善子/高海千歌バースデーヘッドマーク」運行のお知らせです。詳細はこちら→ https://t.co/FgQKxYX0Pe #lovelive https://t.co/z5UV3metL5","truncated":false,"entities":{"hashtags":[{"text":"lovelive","indices":[96,105]}],"symbols":[],"user_mentions":[],"urls":[{"url":"https://t.co/FgQKxYX0Pe","expanded_url":"https://goo.gl/86C3jJ","display_url":"goo.gl/86C3jJ","indices":[72,95]}],"media":[{"id":882140732622086100,"id_str":"882140732622086146","indices":[106,129],"media_url":"http://pbs.twimg.com/media/DD3-UpHXoAI1b0q.jpg","media_url_https":"https://pbs.twimg.com/media/DD3-UpHXoAI1b0q.jpg","url":"https://t.co/z5UV3metL5","display_url":"pic.twitter.com/z5UV3metL5","expanded_url":"https://twitter.com/LoveLive_staff/status/882140735381934080/photo/1","type":"photo","sizes":{"small":{"w":680,"h":453,"resize":"fit"},"thumb":{"w":150,"h":150,"resize":"crop"},"medium":{"w":700,"h":466,"resize":"fit"},"large":{"w":700,"h":466,"resize":"fit"}}}]},"extended_entities":{"media":[{"id":882140732622086100,"id_str":"882140732622086146","indices":[106,129],"media_url":"http://pbs.twimg.com/media/DD3-UpHXoAI1b0q.jpg","media_url_https":"https://pbs.twimg.com/media/DD3-UpHXoAI1b0q.jpg","url":"https://t.co/z5UV3metL5","display_url":"pic.twitter.com/z5UV3metL5","expanded_url":"https://twitter.com/LoveLive_staff/status/882140735381934080/photo/1","type":"photo","sizes":{"small":{"w":680,"h":453,"resize":"fit"},"thumb":{"w":150,"h":150,"resize":"crop"},"medium":{"w":700,"h":466,"resize":"fit"},"large":{"w":700,"h":466,"resize":"fit"}}}]},"metadata":{"iso_language_code":"ja","result_type":"recent"},"source":"<a href=\"http://www.hootsuite.com\" rel=\"nofollow\">Hootsuite</a>","in_reply_to_status_id":null,"in_reply_to_status_id_str":null,"in_reply_to_user_id":null,"in_reply_to_user_id_str":null,"in_reply_to_screen_name":null,"user":{"id":347849994,"id_str":"347849994","name":"ラブライブ！公式","screen_name":"LoveLive_staff","location":"","description":"サンライズ×ランティス×電撃G’sマガジン共同企画、スクールアイドル・プロジェクト「ラブライブ！」の公式アカウントです。「プロジェクトラブライブ！」の各スタッフが、それぞれいろいろな情報を「ラブライ部」のみなさんへ向けて発信します。　※なおツイッターでの個別返信はしておりません。","url":"http://t.co/moaQwvJL9K","entities":{"url":{"urls":[{"url":"http://t.co/moaQwvJL9K","expanded_url":"http://www.lovelive-anime.jp/","display_url":"lovelive-anime.jp","indices":[0,22]}]},"description":{"urls":[]}},"protected":false,"followers_count":759597,"friends_count":2,"listed_count":13148,"created_at":"Wed Aug 03 13:26:11 +0000 2011","favourites_count":0,"utc_offset":-36000,"time_zone":"Hawaii","geo_enabled":false,"verified":true,"statuses_count":7295,"lang":"ja","contributors_enabled":false,"is_translator":false,"is_translation_enabled":false,"profile_background_color":"C0DEED","profile_background_image_url":"http://abs.twimg.com/images/themes/theme1/bg.png","profile_background_image_url_https":"https://abs.twimg.com/images/themes/theme1/bg.png","profile_background_tile":false,"profile_image_url":"http://pbs.twimg.com/profile_images/641410148926296065/AzGd6KQ4_normal.jpg","profile_image_url_https":"https://pbs.twimg.com/profile_images/641410148926296065/AzGd6KQ4_normal.jpg","profile_link_color":"1DA1F2","profile_sidebar_border_color":"C0DEED","profile_sidebar_fill_color":"DDEEF6","profile_text_color":"333333","profile_use_background_image":true,"has_extended_profile":false,"default_profile":true,"default_profile_image":false,"following":false,"follow_request_sent":false,"notifications":false,"translator_type":"none"},"geo":null,"coordinates":null,"place":null,"contributors":null,"is_quote_status":false,"retweet_count":217,"favorite_count":407,"favorited":false,"retweeted":false,"possibly_sensitive":false,"lang":"ja"},{"created_at":"Tue Jul 04 07:33:50 +0000 2017","id":882140377553051600,"id_str":"882140377553051650","text":"世の中の痩せた方がいいという風潮を黙らせる一言選手権を開催します。","truncated":false,"entities":{"hashtags":[],"symbols":[],"user_mentions":[],"urls":[]},"metadata":{"iso_language_code":"ja","result_type":"recent"},"source":"<a href=\"http://twitter.com/download/iphone\" rel=\"nofollow\">Twitter for iPhone</a>","in_reply_to_status_id":null,"in_reply_to_status_id_str":null,"in_reply_to_user_id":null,"in_reply_to_user_id_str":null,"in_reply_to_screen_name":null,"user":{"id":2803477274,"id_str":"2803477274","name":"坊主","screen_name":"bozu_108","location":"日本","description":"ポケモンgoのやり過ぎで坊主バー破門になりました。坊主だけじゃ食ってけないので新宿ゴールデン街でバーテン始めました。神社の絵馬の個人情報保護シール「神のみぞシール」作りました。この垢は暇つぶしで見る位にして下さい。坊さんだらけのフットサルチーム作りました。対戦相手募集中。皆さんの悩みや不安を選手権で解決したいと思ってま","url":null,"entities":{"description":{"urls":[]}},"protected":false,"followers_count":231740,"friends_count":39609,"listed_count":1317,"created_at":"Thu Sep 11 10:41:30 +0000 2014","favourites_count":20661,"utc_offset":null,"time_zone":null,"geo_enabled":true,"verified":false,"statuses_count":1217,"lang":"ja","contributors_enabled":false,"is_translator":false,"is_translation_enabled":false,"profile_background_color":"C0DEED","profile_background_image_url":"http://abs.twimg.com/images/themes/theme1/bg.png","profile_background_image_url_https":"https://abs.twimg.com/images/themes/theme1/bg.png","profile_background_tile":false,"profile_image_url":"http://pbs.twimg.com/profile_images/778304121187078144/-SViugXh_normal.jpg","profile_image_url_https":"https://pbs.twimg.com/profile_images/778304121187078144/-SViugXh_normal.jpg","profile_banner_url":"https://pbs.twimg.com/profile_banners/2803477274/1475491730","profile_link_color":"1DA1F2","profile_sidebar_border_color":"C0DEED","profile_sidebar_fill_color":"DDEEF6","profile_text_color":"333333","profile_use_background_image":true,"has_extended_profile":false,"default_profile":true,"default_profile_image":false,"following":false,"follow_request_sent":false,"notifications":false,"translator_type":"none"},"geo":null,"coordinates":null,"place":null,"contributors":null,"is_quote_status":false,"retweet_count":106,"favorite_count":182,"favorited":false,"retweeted":false,"lang":"ja"},{"created_at":"Tue Jul 04 07:33:49 +0000 2017","id":882140375204339700,"id_str":"882140375204339712","text":"熱中症にご注意！ (塩もとれとのご指摘で改訂版描きました)\n\n危ない…と思ったら病院へGO！ https://t.co/NNFoHM5Ig8","truncated":false,"entities":{"hashtags":[],"symbols":[],"user_mentions":[],"urls":[],"media":[{"id":882140365280526300,"id_str":"882140365280526337","indices":[47,70],"media_url":"http://pbs.twimg.com/media/DD39_QqUQAE2sAa.jpg","media_url_https":"https://pbs.twimg.com/media/DD39_QqUQAE2sAa.jpg","url":"https://t.co/NNFoHM5Ig8","display_url":"pic.twitter.com/NNFoHM5Ig8","expanded_url":"https://twitter.com/nekonoboris/status/882140375204339712/photo/1","type":"photo","sizes":{"small":{"w":669,"h":680,"resize":"fit"},"medium":{"w":1180,"h":1200,"resize":"fit"},"thumb":{"w":150,"h":150,"resize":"crop"},"large":{"w":2014,"h":2048,"resize":"fit"}}}]},"extended_entities":{"media":[{"id":882140365280526300,"id_str":"882140365280526337","indices":[47,70],"media_url":"http://pbs.twimg.com/media/DD39_QqUQAE2sAa.jpg","media_url_https":"https://pbs.twimg.com/media/DD39_QqUQAE2sAa.jpg","url":"https://t.co/NNFoHM5Ig8","display_url":"pic.twitter.com/NNFoHM5Ig8","expanded_url":"https://twitter.com/nekonoboris/status/882140375204339712/photo/1","type":"photo","sizes":{"small":{"w":669,"h":680,"resize":"fit"},"medium":{"w":1180,"h":1200,"resize":"fit"},"thumb":{"w":150,"h":150,"resize":"crop"},"large":{"w":2014,"h":2048,"resize":"fit"}}},{"id":882140365288988700,"id_str":"882140365288988672","indices":[47,70],"media_url":"http://pbs.twimg.com/media/DD39_QsVYAA9UJZ.jpg","media_url_https":"https://pbs.twimg.com/media/DD39_QsVYAA9UJZ.jpg","url":"https://t.co/NNFoHM5Ig8","display_url":"pic.twitter.com/NNFoHM5Ig8","expanded_url":"https://twitter.com/nekonoboris/status/882140375204339712/photo/1","type":"photo","sizes":{"small":{"w":678,"h":680,"resize":"fit"},"large":{"w":2042,"h":2048,"resize":"fit"},"thumb":{"w":150,"h":150,"resize":"crop"},"medium":{"w":1196,"h":1200,"resize":"fit"}}}]},"metadata":{"iso_language_code":"ja","result_type":"recent"},"source":"<a href=\"http://twitter.com/download/iphone\" rel=\"nofollow\">Twitter for iPhone</a>","in_reply_to_status_id":null,"in_reply_to_status_id_str":null,"in_reply_to_user_id":null,"in_reply_to_user_id_str":null,"in_reply_to_screen_name":null,"user":{"id":87704488,"id_str":"87704488","name":"ヒグチユウコ★babel画集発売しました","screen_name":"nekonoboris","location":"","description":"画家。オリジナルブランド展開中 https://t.co/QCjX6nUp71 / 書籍「せかいいちのねこ」「MUSEUM」「ヒグチユウコ作品集」「ふたりのねこ」「ギュスターヴくん」「すきになったら」「ボリス絵日記」他。お仕事などのご用件はこちらにご連絡ください info@higuchiyuko.com","url":"https://t.co/OoNLwgg23k","entities":{"url":{"urls":[{"url":"https://t.co/OoNLwgg23k","expanded_url":"http://higuchiyuko.com/","display_url":"higuchiyuko.com","indices":[0,23]}]},"description":{"urls":[{"url":"https://t.co/QCjX6nUp71","expanded_url":"http://gustave.higuchiyuko.jp","display_url":"gustave.higuchiyuko.jp","indices":[16,39]}]}},"protected":false,"followers_count":91630,"friends_count":239,"listed_count":1866,"created_at":"Thu Nov 05 14:53:02 +0000 2009","favourites_count":3243,"utc_offset":-36000,"time_zone":"Hawaii","geo_enabled":false,"verified":false,"statuses_count":50888,"lang":"ja","contributors_enabled":false,"is_translator":false,"is_translation_enabled":false,"profile_background_color":"FF6699","profile_background_image_url":"http://abs.twimg.com/images/themes/theme11/bg.gif","profile_background_image_url_https":"https://abs.twimg.com/images/themes/theme11/bg.gif","profile_background_tile":true,"profile_image_url":"http://pbs.twimg.com/profile_images/861694389155897344/lCOlIORg_normal.jpg","profile_image_url_https":"https://pbs.twimg.com/profile_images/861694389155897344/lCOlIORg_normal.jpg","profile_banner_url":"https://pbs.twimg.com/profile_banners/87704488/1484433100","profile_link_color":"B40B43","profile_sidebar_border_color":"CC3366","profile_sidebar_fill_color":"E5507E","profile_text_color":"362720","profile_use_background_image":true,"has_extended_profile":true,"default_profile":false,"default_profile_image":false,"following":false,"follow_request_sent":false,"notifications":false,"translator_type":"none"},"geo":null,"coordinates":null,"place":null,"contributors":null,"is_quote_status":false,"retweet_count":71,"favorite_count":140,"favorited":false,"retweeted":false,"possibly_sensitive":false,"lang":"ja"},{"created_at":"Tue Jul 04 07:33:42 +0000 2017","id":882140345139552300,"id_str":"882140345139552260","text":"タイの好敵手(ライバル)達。 https://t.co/kKg6EWmtuU","truncated":false,"entities":{"hashtags":[],"symbols":[],"user_mentions":[],"urls":[],"media":[{"id":882140319038316500,"id_str":"882140319038316545","indices":[15,38],"media_url":"http://pbs.twimg.com/media/DD398kZUIAExND4.jpg","media_url_https":"https://pbs.twimg.com/media/DD398kZUIAExND4.jpg","url":"https://t.co/kKg6EWmtuU","display_url":"pic.twitter.com/kKg6EWmtuU","expanded_url":"https://twitter.com/abarerukun/status/882140345139552260/photo/1","type":"photo","sizes":{"medium":{"w":900,"h":1200,"resize":"fit"},"thumb":{"w":150,"h":150,"resize":"crop"},"large":{"w":1536,"h":2048,"resize":"fit"},"small":{"w":510,"h":680,"resize":"fit"}}}]},"extended_entities":{"media":[{"id":882140319038316500,"id_str":"882140319038316545","indices":[15,38],"media_url":"http://pbs.twimg.com/media/DD398kZUIAExND4.jpg","media_url_https":"https://pbs.twimg.com/media/DD398kZUIAExND4.jpg","url":"https://t.co/kKg6EWmtuU","display_url":"pic.twitter.com/kKg6EWmtuU","expanded_url":"https://twitter.com/abarerukun/status/882140345139552260/photo/1","type":"photo","sizes":{"medium":{"w":900,"h":1200,"resize":"fit"},"thumb":{"w":150,"h":150,"resize":"crop"},"large":{"w":1536,"h":2048,"resize":"fit"},"small":{"w":510,"h":680,"resize":"fit"}}},{"id":882140319042621400,"id_str":"882140319042621440","indices":[15,38],"media_url":"http://pbs.twimg.com/media/DD398kaV0AAUTtP.jpg","media_url_https":"https://pbs.twimg.com/media/DD398kaV0AAUTtP.jpg","url":"https://t.co/kKg6EWmtuU","display_url":"pic.twitter.com/kKg6EWmtuU","expanded_url":"https://twitter.com/abarerukun/status/882140345139552260/photo/1","type":"photo","sizes":{"thumb":{"w":150,"h":150,"resize":"crop"},"medium":{"w":1200,"h":900,"resize":"fit"},"large":{"w":2048,"h":1536,"resize":"fit"},"small":{"w":680,"h":510,"resize":"fit"}}},{"id":882140319038357500,"id_str":"882140319038357504","indices":[15,38],"media_url":"http://pbs.twimg.com/media/DD398kZUwAAcUZO.jpg","media_url_https":"https://pbs.twimg.com/media/DD398kZUwAAcUZO.jpg","url":"https://t.co/kKg6EWmtuU","display_url":"pic.twitter.com/kKg6EWmtuU","expanded_url":"https://twitter.com/abarerukun/status/882140345139552260/photo/1","type":"photo","sizes":{"large":{"w":1536,"h":2048,"resize":"fit"},"medium":{"w":900,"h":1200,"resize":"fit"},"thumb":{"w":150,"h":150,"resize":"crop"},"small":{"w":510,"h":680,"resize":"fit"}}},{"id":882140319042592800,"id_str":"882140319042592768","indices":[15,38],"media_url":"http://pbs.twimg.com/media/DD398kaVYAAq8Bt.jpg","media_url_https":"https://pbs.twimg.com/media/DD398kaVYAAq8Bt.jpg","url":"https://t.co/kKg6EWmtuU","display_url":"pic.twitter.com/kKg6EWmtuU","expanded_url":"https://twitter.com/abarerukun/status/882140345139552260/photo/1","type":"photo","sizes":{"medium":{"w":1200,"h":900,"resize":"fit"},"small":{"w":680,"h":510,"resize":"fit"},"thumb":{"w":150,"h":150,"resize":"crop"},"large":{"w":2048,"h":1536,"resize":"fit"}}}]},"metadata":{"iso_language_code":"ja","result_type":"recent"},"source":"<a href=\"http://twitter.com/download/iphone\" rel=\"nofollow\">Twitter for iPhone</a>","in_reply_to_status_id":null,"in_reply_to_status_id_str":null,"in_reply_to_user_id":null,"in_reply_to_user_id_str":null,"in_reply_to_screen_name":null,"user":{"id":147940010,"id_str":"147940010","name":"あばれる君","screen_name":"abarerukun","location":"","description":"ワタナベエンターテインメント所属のあばれる君です。 アメブロもやってます。全力でいきます。","url":null,"entities":{"description":{"urls":[]}},"protected":false,"followers_count":205726,"friends_count":1137,"listed_count":633,"created_at":"Tue May 25 12:40:42 +0000 2010","favourites_count":5462,"utc_offset":32400,"time_zone":"Tokyo","geo_enabled":true,"verified":true,"statuses_count":8714,"lang":"ja","contributors_enabled":false,"is_translator":false,"is_translation_enabled":false,"profile_background_color":"C0DEED","profile_background_image_url":"http://abs.twimg.com/images/themes/theme1/bg.png","profile_background_image_url_https":"https://abs.twimg.com/images/themes/theme1/bg.png","profile_background_tile":false,"profile_image_url":"http://pbs.twimg.com/profile_images/563920190002323456/KOJ26CyT_normal.jpeg","profile_image_url_https":"https://pbs.twimg.com/profile_images/563920190002323456/KOJ26CyT_normal.jpeg","profile_banner_url":"https://pbs.twimg.com/profile_banners/147940010/1411090323","profile_link_color":"1DA1F2","profile_sidebar_border_color":"C0DEED","profile_sidebar_fill_color":"DDEEF6","profile_text_color":"333333","profile_use_background_image":true,"has_extended_profile":true,"default_profile":true,"default_profile_image":false,"following":false,"follow_request_sent":false,"notifications":false,"translator_type":"none"},"geo":null,"coordinates":null,"place":null,"contributors":null,"is_quote_status":false,"retweet_count":77,"favorite_count":248,"favorited":false,"retweeted":false,"possibly_sensitive":false,"lang":"ja"},{"created_at":"Tue Jul 04 07:33:01 +0000 2017","id":882140172539658200,"id_str":"882140172539658240","text":"【画像情報】\n7/4 instagram\n岩田剛典 https://t.co/KQe4tPZBHp","truncated":false,"entities":{"hashtags":[],"symbols":[],"user_mentions":[],"urls":[],"media":[{"id":882140163723337700,"id_str":"882140163723337729","indices":[26,49],"media_url":"http://pbs.twimg.com/media/DD39zhzVoAEGjd_.jpg","media_url_https":"https://pbs.twimg.com/media/DD39zhzVoAEGjd_.jpg","url":"https://t.co/KQe4tPZBHp","display_url":"pic.twitter.com/KQe4tPZBHp","expanded_url":"https://twitter.com/news_ldh/status/882140172539658240/photo/1","type":"photo","sizes":{"large":{"w":640,"h":460,"resize":"fit"},"thumb":{"w":150,"h":150,"resize":"crop"},"medium":{"w":640,"h":460,"resize":"fit"},"small":{"w":640,"h":460,"resize":"fit"}}}]},"extended_entities":{"media":[{"id":882140163723337700,"id_str":"882140163723337729","indices":[26,49],"media_url":"http://pbs.twimg.com/media/DD39zhzVoAEGjd_.jpg","media_url_https":"https://pbs.twimg.com/media/DD39zhzVoAEGjd_.jpg","url":"https://t.co/KQe4tPZBHp","display_url":"pic.twitter.com/KQe4tPZBHp","expanded_url":"https://twitter.com/news_ldh/status/882140172539658240/photo/1","type":"photo","sizes":{"large":{"w":640,"h":460,"resize":"fit"},"thumb":{"w":150,"h":150,"resize":"crop"},"medium":{"w":640,"h":460,"resize":"fit"},"small":{"w":640,"h":460,"resize":"fit"}}},{"id":882140163740123100,"id_str":"882140163740123136","indices":[26,49],"media_url":"http://pbs.twimg.com/media/DD39zh3VwAALBZV.jpg","media_url_https":"https://pbs.twimg.com/media/DD39zh3VwAALBZV.jpg","url":"https://t.co/KQe4tPZBHp","display_url":"pic.twitter.com/KQe4tPZBHp","expanded_url":"https://twitter.com/news_ldh/status/882140172539658240/photo/1","type":"photo","sizes":{"medium":{"w":640,"h":462,"resize":"fit"},"large":{"w":640,"h":462,"resize":"fit"},"thumb":{"w":150,"h":150,"resize":"crop"},"small":{"w":640,"h":462,"resize":"fit"}}}]},"metadata":{"iso_language_code":"ja","result_type":"recent"},"source":"<a href=\"http://twitter.com/download/iphone\" rel=\"nofollow\">Twitter for iPhone</a>","in_reply_to_status_id":null,"in_reply_to_status_id_str":null,"in_reply_to_user_id":null,"in_reply_to_user_id_str":null,"in_reply_to_screen_name":null,"user":{"id":4262544013,"id_str":"4262544013","name":"LDH最新情報","screen_name":"news_ldh","location":"","description":"LDHに関する情報配信アカウント（unofficial）です。最新情報や噂などあればDMもらえると助かります。前アカウントのフォロワーの方に届きますよう、よろしくお願いします🙇","url":null,"entities":{"description":{"urls":[]}},"protected":false,"followers_count":36023,"friends_count":5000,"listed_count":39,"created_at":"Tue Nov 17 01:18:52 +0000 2015","favourites_count":13,"utc_offset":-25200,"time_zone":"Pacific Time (US & Canada)","geo_enabled":false,"verified":false,"statuses_count":918,"lang":"ja","contributors_enabled":false,"is_translator":false,"is_translation_enabled":false,"profile_background_color":"C0DEED","profile_background_image_url":"http://abs.twimg.com/images/themes/theme1/bg.png","profile_background_image_url_https":"https://abs.twimg.com/images/themes/theme1/bg.png","profile_background_tile":false,"profile_image_url":"http://pbs.twimg.com/profile_images/838703545243181056/9VHJqruW_normal.jpg","profile_image_url_https":"https://pbs.twimg.com/profile_images/838703545243181056/9VHJqruW_normal.jpg","profile_banner_url":"https://pbs.twimg.com/profile_banners/4262544013/1488797483","profile_link_color":"1DA1F2","profile_sidebar_border_color":"C0DEED","profile_sidebar_fill_color":"DDEEF6","profile_text_color":"333333","profile_use_background_image":true,"has_extended_profile":false,"default_profile":true,"default_profile_image":false,"following":false,"follow_request_sent":false,"notifications":false,"translator_type":"none"},"geo":null,"coordinates":null,"place":null,"contributors":null,"is_quote_status":false,"retweet_count":54,"favorite_count":335,"favorited":false,"retweeted":false,"possibly_sensitive":false,"lang":"ja"},{"created_at":"Tue Jul 04 07:32:52 +0000 2017","id":882140135847886800,"id_str":"882140135847886850","text":"綴 https://t.co/Y8MOBsGbNL","truncated":false,"entities":{"hashtags":[],"symbols":[],"user_mentions":[],"urls":[],"media":[{"id":882140126347788300,"id_str":"882140126347788289","indices":[2,25],"media_url":"http://pbs.twimg.com/media/DD39xWkUAAE35SV.jpg","media_url_https":"https://pbs.twimg.com/media/DD39xWkUAAE35SV.jpg","url":"https://t.co/Y8MOBsGbNL","display_url":"pic.twitter.com/Y8MOBsGbNL","expanded_url":"https://twitter.com/shiroma_415/status/882140135847886850/photo/1","type":"photo","sizes":{"large":{"w":720,"h":1280,"resize":"fit"},"small":{"w":383,"h":680,"resize":"fit"},"medium":{"w":675,"h":1200,"resize":"fit"},"thumb":{"w":150,"h":150,"resize":"crop"}}}]},"extended_entities":{"media":[{"id":882140126347788300,"id_str":"882140126347788289","indices":[2,25],"media_url":"http://pbs.twimg.com/media/DD39xWkUAAE35SV.jpg","media_url_https":"https://pbs.twimg.com/media/DD39xWkUAAE35SV.jpg","url":"https://t.co/Y8MOBsGbNL","display_url":"pic.twitter.com/Y8MOBsGbNL","expanded_url":"https://twitter.com/shiroma_415/status/882140135847886850/photo/1","type":"photo","sizes":{"large":{"w":720,"h":1280,"resize":"fit"},"small":{"w":383,"h":680,"resize":"fit"},"medium":{"w":675,"h":1200,"resize":"fit"},"thumb":{"w":150,"h":150,"resize":"crop"}}}]},"metadata":{"iso_language_code":"ja","result_type":"recent"},"source":"<a href=\"http://twitter.com/download/android\" rel=\"nofollow\">Twitter for Android</a>","in_reply_to_status_id":882138847613669400,"in_reply_to_status_id_str":"882138847613669376","in_reply_to_user_id":597939105,"in_reply_to_user_id_str":"597939105","in_reply_to_screen_name":"shiroma_415","user":{"id":597939105,"id_str":"597939105","name":"しろま","screen_name":"shiroma_415","location":"摂津万里しんどい万至アカウントです","description":"お絵描きしてる成人済腐女子◆※フォロー挨拶不要◆※絵の使用や転載の許可は一切出しておりません(Do NOT post my artworks on any website.)◆フォローの際はﾂｲﾌｨ必読◆裏⇒ @shiroma_er","url":"https://t.co/zG15dA2ZsI","entities":{"url":{"urls":[{"url":"https://t.co/zG15dA2ZsI","expanded_url":"http://twpf.jp/shiroma_415","display_url":"twpf.jp/shiroma_415","indices":[0,23]}]},"description":{"urls":[]}},"protected":false,"followers_count":33719,"friends_count":286,"listed_count":622,"created_at":"Sun Jun 03 00:10:46 +0000 2012","favourites_count":5781,"utc_offset":28800,"time_zone":"Irkutsk","geo_enabled":false,"verified":false,"statuses_count":80685,"lang":"ja","contributors_enabled":false,"is_translator":false,"is_translation_enabled":false,"profile_background_color":"EBEBEB","profile_background_image_url":"http://abs.twimg.com/images/themes/theme7/bg.gif","profile_background_image_url_https":"https://abs.twimg.com/images/themes/theme7/bg.gif","profile_background_tile":false,"profile_image_url":"http://pbs.twimg.com/profile_images/860001010458046464/rTHjcjEt_normal.jpg","profile_image_url_https":"https://pbs.twimg.com/profile_images/860001010458046464/rTHjcjEt_normal.jpg","profile_banner_url":"https://pbs.twimg.com/profile_banners/597939105/1489549335","profile_link_color":"990000","profile_sidebar_border_color":"DFDFDF","profile_sidebar_fill_color":"F3F3F3","profile_text_color":"333333","profile_use_background_image":true,"has_extended_profile":true,"default_profile":false,"default_profile_image":false,"following":false,"follow_request_sent":false,"notifications":false,"translator_type":"none"},"geo":null,"coordinates":null,"place":null,"contributors":null,"is_quote_status":false,"retweet_count":64,"favorite_count":103,"favorited":false,"retweeted":false,"possibly_sensitive":false,"lang":"ja"},{"created_at":"Tue Jul 04 07:32:47 +0000 2017","id":882140115228794900,"id_str":"882140115228794881","text":"ここ数年けっきょく「射精管理」以上に好きな四字熟語に出会えてないのヤバい","truncated":false,"entities":{"hashtags":[],"symbols":[],"user_mentions":[],"urls":[]},"metadata":{"iso_language_code":"ja","result_type":"recent"},"source":"<a href=\"http://twitter.com\" rel=\"nofollow\">Twitter Web Client</a>","in_reply_to_status_id":null,"in_reply_to_status_id_str":null,"in_reply_to_user_id":null,"in_reply_to_user_id_str":null,"in_reply_to_screen_name":null,"user":{"id":20455557,"id_str":"20455557","name":"横槍メンゴ🦄","screen_name":"Yorimen","location":"Instagram【yorip】","description":"猫がメインです˙ᵕ˙✩漫画も描く。『クズの本懐』『レトルトパウチ！』『君は淫らな僕の女王(原作/岡本倫先生)』『めがはーと』連載中...✩̣̣̣̣̣୨୧ @ruttan627 ୨୧✩̣̣̣̣̣","url":"https://t.co/E9R4Nr80IS","entities":{"url":{"urls":[{"url":"https://t.co/E9R4Nr80IS","expanded_url":"http://yorimen.tumblr.com/","display_url":"yorimen.tumblr.com","indices":[0,23]}]},"description":{"urls":[]}},"protected":false,"followers_count":131945,"friends_count":901,"listed_count":2227,"created_at":"Mon Feb 09 18:44:02 +0000 2009","favourites_count":12130,"utc_offset":32400,"time_zone":"Tokyo","geo_enabled":false,"verified":false,"statuses_count":10523,"lang":"ja","contributors_enabled":false,"is_translator":false,"is_translation_enabled":false,"profile_background_color":"FFFFFF","profile_background_image_url":"http://pbs.twimg.com/profile_background_images/580961794719506432/54ZHEEy_.jpg","profile_background_image_url_https":"https://pbs.twimg.com/profile_background_images/580961794719506432/54ZHEEy_.jpg","profile_background_tile":true,"profile_image_url":"http://pbs.twimg.com/profile_images/853941851274870784/JZUVzmlh_normal.jpg","profile_image_url_https":"https://pbs.twimg.com/profile_images/853941851274870784/JZUVzmlh_normal.jpg","profile_banner_url":"https://pbs.twimg.com/profile_banners/20455557/1402379577","profile_link_color":"CCA1D4","profile_sidebar_border_color":"FFFFFF","profile_sidebar_fill_color":"FFF5D6","profile_text_color":"3ABBC7","profile_use_background_image":true,"has_extended_profile":true,"default_profile":false,"default_profile_image":false,"following":false,"follow_request_sent":false,"notifications":false,"translator_type":"none"},"geo":null,"coordinates":null,"place":null,"contributors":null,"is_quote_status":false,"retweet_count":61,"favorite_count":215,"favorited":false,"retweeted":false,"lang":"ja"},{"created_at":"Tue Jul 04 07:32:45 +0000 2017","id":882140106206752800,"id_str":"882140106206752768","text":"朝から撮影2本してきて今から収録なり！ https://t.co/WDtVYsqsfk","truncated":false,"entities":{"hashtags":[],"symbols":[],"user_mentions":[],"urls":[],"media":[{"id":882140092088832000,"id_str":"882140092088832000","indices":[20,43],"media_url":"http://pbs.twimg.com/media/DD39vW8V0AAlI2S.jpg","media_url_https":"https://pbs.twimg.com/media/DD39vW8V0AAlI2S.jpg","url":"https://t.co/WDtVYsqsfk","display_url":"pic.twitter.com/WDtVYsqsfk","expanded_url":"https://twitter.com/michopaaaaa/status/882140106206752768/photo/1","type":"photo","sizes":{"large":{"w":1000,"h":750,"resize":"fit"},"small":{"w":680,"h":510,"resize":"fit"},"thumb":{"w":150,"h":150,"resize":"crop"},"medium":{"w":1000,"h":750,"resize":"fit"}}}]},"extended_entities":{"media":[{"id":882140092088832000,"id_str":"882140092088832000","indices":[20,43],"media_url":"http://pbs.twimg.com/media/DD39vW8V0AAlI2S.jpg","media_url_https":"https://pbs.twimg.com/media/DD39vW8V0AAlI2S.jpg","url":"https://t.co/WDtVYsqsfk","display_url":"pic.twitter.com/WDtVYsqsfk","expanded_url":"https://twitter.com/michopaaaaa/status/882140106206752768/photo/1","type":"photo","sizes":{"large":{"w":1000,"h":750,"resize":"fit"},"small":{"w":680,"h":510,"resize":"fit"},"thumb":{"w":150,"h":150,"resize":"crop"},"medium":{"w":1000,"h":750,"resize":"fit"}}}]},"metadata":{"iso_language_code":"ja","result_type":"recent"},"source":"<a href=\"http://twitter.com/download/iphone\" rel=\"nofollow\">Twitter for iPhone</a>","in_reply_to_status_id":null,"in_reply_to_status_id_str":null,"in_reply_to_user_id":null,"in_reply_to_user_id_str":null,"in_reply_to_screen_name":null,"user":{"id":1086529003,"id_str":"1086529003","name":"みちょぱ(池田美優)","screen_name":"michopaaaaa","location":"東京","description":"18歳/Popteenモデル/166cm/スタイルブックやプロデュース品たくさん発売中/LINEブログ.公式アカウントもあります♡https://t.co/UqLaBLDosJ","url":"https://t.co/OUjPEwAmwB","entities":{"url":{"urls":[{"url":"https://t.co/OUjPEwAmwB","expanded_url":"http://ikedamiyu.jp/","display_url":"ikedamiyu.jp","indices":[0,23]}]},"description":{"urls":[{"url":"https://t.co/UqLaBLDosJ","expanded_url":"https://www.instagram.com/michopa1030","display_url":"instagram.com/michopa1030","indices":[65,88]}]}},"protected":false,"followers_count":751515,"friends_count":241,"listed_count":1583,"created_at":"Sun Jan 13 16:12:25 +0000 2013","favourites_count":16385,"utc_offset":28800,"time_zone":"Irkutsk","geo_enabled":true,"verified":true,"statuses_count":30593,"lang":"ja","contributors_enabled":false,"is_translator":false,"is_translation_enabled":false,"profile_background_color":"C0DEED","profile_background_image_url":"http://abs.twimg.com/images/themes/theme1/bg.png","profile_background_image_url_https":"https://abs.twimg.com/images/themes/theme1/bg.png","profile_background_tile":false,"profile_image_url":"http://pbs.twimg.com/profile_images/805051548464054282/FW_jroXk_normal.jpg","profile_image_url_https":"https://pbs.twimg.com/profile_images/805051548464054282/FW_jroXk_normal.jpg","profile_banner_url":"https://pbs.twimg.com/profile_banners/1086529003/1480774222","profile_link_color":"1DA1F2","profile_sidebar_border_color":"C0DEED","profile_sidebar_fill_color":"DDEEF6","profile_text_color":"333333","profile_use_background_image":true,"has_extended_profile":true,"default_profile":true,"default_profile_image":false,"following":false,"follow_request_sent":false,"notifications":false,"translator_type":"none"},"geo":null,"coordinates":null,"place":null,"contributors":null,"is_quote_status":false,"retweet_count":62,"favorite_count":1139,"favorited":false,"retweeted":false,"possibly_sensitive":false,"lang":"ja"},{"created_at":"Tue Jul 04 07:32:43 +0000 2017","id":882140100431274000,"id_str":"882140100431273984","text":"マスコミは態々【帰れコールをする活動達の後ろ】を陣取り、あたかもそういう意見ばかりかのような印象操作をしたりと手段が悪質すぎます！\n\n百田さんのように野党や活動家がやってる悪質なことは『おかしい』と声を上げてくれる著名な方がもっと… https://t.co/6hNhRZjLTd","truncated":true,"entities":{"hashtags":[],"symbols":[],"user_mentions":[],"urls":[{"url":"https://t.co/6hNhRZjLTd","expanded_url":"https://twitter.com/i/web/status/882140100431273984","display_url":"twitter.com/i/web/status/8…","indices":[117,140]}]},"metadata":{"iso_language_code":"ja","result_type":"recent"},"source":"<a href=\"http://twitter.com\" rel=\"nofollow\">Twitter Web Client</a>","in_reply_to_status_id":null,"in_reply_to_status_id_str":null,"in_reply_to_user_id":null,"in_reply_to_user_id_str":null,"in_reply_to_screen_name":null,"user":{"id":3000480175,"id_str":"3000480175","name":"DAPPI","screen_name":"take_off_dress","location":"","description":"日本が好きです。\n偏向報道をするマスコミは大嫌いです。\n時間があれば国会中継を見てます。\n\n■テーマ別つぶやきまとめ\nhttps://t.co/4RM21cdpMd\n\n■ブログ\nhttps://t.co/0JI0ePLfYD","url":"https://t.co/0JI0ePLfYD","entities":{"url":{"urls":[{"url":"https://t.co/0JI0ePLfYD","expanded_url":"http://blog.livedoor.jp/dappiblog/","display_url":"blog.livedoor.jp/dappiblog/","indices":[0,23]}]},"description":{"urls":[{"url":"https://t.co/4RM21cdpMd","expanded_url":"https://togetter.com/id/take_off_dress","display_url":"togetter.com/id/take_off_dr…","indices":[59,82]},{"url":"https://t.co/0JI0ePLfYD","expanded_url":"http://blog.livedoor.jp/dappiblog/","display_url":"blog.livedoor.jp/dappiblog/","indices":[89,112]}]}},"protected":false,"followers_count":27848,"friends_count":3111,"listed_count":355,"created_at":"Thu Jan 29 03:57:52 +0000 2015","favourites_count":22,"utc_offset":32400,"time_zone":"Tokyo","geo_enabled":false,"verified":false,"statuses_count":4405,"lang":"ja","contributors_enabled":false,"is_translator":false,"is_translation_enabled":false,"profile_background_color":"C0DEED","profile_background_image_url":"http://abs.twimg.com/images/themes/theme1/bg.png","profile_background_image_url_https":"https://abs.twimg.com/images/themes/theme1/bg.png","profile_background_tile":false,"profile_image_url":"http://pbs.twimg.com/profile_images/644396728133644288/U1bAXUmp_normal.jpg","profile_image_url_https":"https://pbs.twimg.com/profile_images/644396728133644288/U1bAXUmp_normal.jpg","profile_link_color":"1DA1F2","profile_sidebar_border_color":"C0DEED","profile_sidebar_fill_color":"DDEEF6","profile_text_color":"333333","profile_use_background_image":true,"has_extended_profile":false,"default_profile":true,"default_profile_image":false,"following":false,"follow_request_sent":false,"notifications":false,"translator_type":"none"},"geo":null,"coordinates":null,"place":null,"contributors":null,"is_quote_status":true,"quoted_status_id":882138402962890800,"quoted_status_id_str":"882138402962890752","quoted_status":{"created_at":"Tue Jul 04 07:25:59 +0000 2017","id":882138402962890800,"id_str":"882138402962890752","text":"【非常に汚いやり方】外国特派員協会での会見。安倍総理の秋葉原演説での報道について、百田尚樹氏「これを報道したテレビ局は画像の切り取りをやった。報道の画面を見るとまるで聴衆全員が安倍帰れの映像に見える。実際は、大勢の中の一角だけ集結… https://t.co/pdcNXQU3NE","truncated":true,"entities":{"hashtags":[],"symbols":[],"user_mentions":[],"urls":[{"url":"https://t.co/pdcNXQU3NE","expanded_url":"https://twitter.com/i/web/status/882138402962890752","display_url":"twitter.com/i/web/status/8…","indices":[117,140]}]},"metadata":{"iso_language_code":"ja","result_type":"recent"},"source":"<a href=\"http://twitter.com\" rel=\"nofollow\">Twitter Web Client</a>","in_reply_to_status_id":null,"in_reply_to_status_id_str":null,"in_reply_to_user_id":null,"in_reply_to_user_id_str":null,"in_reply_to_screen_name":null,"user":{"id":3311473171,"id_str":"3311473171","name":"Mi2","screen_name":"YES777777777","location":"日本 神奈川県 湘南地域","description":"無党派！特定支持政党なし❤️自主憲法制定賛成❤️（注）実況ツイートは文字数の関係上、要約していますので正確ではない場合もあります。 💌は mi2.yesjapan@gmail.com までご連絡下さい。","url":"https://t.co/wRADJG1942","entities":{"url":{"urls":[{"url":"https://t.co/wRADJG1942","expanded_url":"https://twitter.com/aritayoshifu/status/487768632026337281","display_url":"twitter.com/aritayoshifu/s…","indices":[0,23]}]},"description":{"urls":[]}},"protected":false,"followers_count":11218,"friends_count":859,"listed_count":138,"created_at":"Mon Aug 10 12:17:23 +0000 2015","favourites_count":34898,"utc_offset":32400,"time_zone":"Tokyo","geo_enabled":false,"verified":false,"statuses_count":12767,"lang":"ja","contributors_enabled":false,"is_translator":false,"is_translation_enabled":false,"profile_background_color":"C0DEED","profile_background_image_url":"http://abs.twimg.com/images/themes/theme1/bg.png","profile_background_image_url_https":"https://abs.twimg.com/images/themes/theme1/bg.png","profile_background_tile":false,"profile_image_url":"http://pbs.twimg.com/profile_images/875385051634032640/p_IpSJp6_normal.jpg","profile_image_url_https":"https://pbs.twimg.com/profile_images/875385051634032640/p_IpSJp6_normal.jpg","profile_banner_url":"https://pbs.twimg.com/profile_banners/3311473171/1497545707","profile_link_color":"1DA1F2","profile_sidebar_border_color":"C0DEED","profile_sidebar_fill_color":"DDEEF6","profile_text_color":"333333","profile_use_background_image":true,"has_extended_profile":false,"default_profile":true,"default_profile_image":false,"following":false,"follow_request_sent":false,"notifications":false,"translator_type":"none"},"geo":null,"coordinates":null,"place":null,"contributors":null,"is_quote_status":false,"retweet_count":210,"favorite_count":187,"favorited":false,"retweeted":false,"possibly_sensitive":false,"lang":"ja"},"retweet_count":76,"favorite_count":95,"favorited":false,"retweeted":false,"possibly_sensitive":false,"lang":"ja"},{"created_at":"Tue Jul 04 07:32:43 +0000 2017","id":882140097981726700,"id_str":"882140097981726720","text":"応援ボードももらってくださいね！(部) #パリマス https://t.co/vNeyVtpfhi","truncated":false,"entities":{"hashtags":[{"text":"パリマス","indices":[20,25]}],"symbols":[],"user_mentions":[],"urls":[],"media":[{"id":882140077974896600,"id_str":"882140077974896640","indices":[26,49],"media_url":"http://pbs.twimg.com/media/DD39uiXUQAAWaOX.jpg","media_url_https":"https://pbs.twimg.com/media/DD39uiXUQAAWaOX.jpg","url":"https://t.co/vNeyVtpfhi","display_url":"pic.twitter.com/vNeyVtpfhi","expanded_url":"https://twitter.com/ptv_lite/status/882140097981726720/photo/1","type":"photo","sizes":{"medium":{"w":675,"h":1200,"resize":"fit"},"small":{"w":383,"h":680,"resize":"fit"},"thumb":{"w":150,"h":150,"resize":"crop"},"large":{"w":1152,"h":2048,"resize":"fit"}}}]},"extended_entities":{"media":[{"id":882140077974896600,"id_str":"882140077974896640","indices":[26,49],"media_url":"http://pbs.twimg.com/media/DD39uiXUQAAWaOX.jpg","media_url_https":"https://pbs.twimg.com/media/DD39uiXUQAAWaOX.jpg","url":"https://t.co/vNeyVtpfhi","display_url":"pic.twitter.com/vNeyVtpfhi","expanded_url":"https://twitter.com/ptv_lite/status/882140097981726720/photo/1","type":"photo","sizes":{"medium":{"w":675,"h":1200,"resize":"fit"},"small":{"w":383,"h":680,"resize":"fit"},"thumb":{"w":150,"h":150,"resize":"crop"},"large":{"w":1152,"h":2048,"resize":"fit"}}}]},"metadata":{"iso_language_code":"ja","result_type":"recent"},"source":"<a href=\"http://twitter.com/download/android\" rel=\"nofollow\">Twitter for Android</a>","in_reply_to_status_id":null,"in_reply_to_status_id_str":null,"in_reply_to_user_id":null,"in_reply_to_user_id_str":null,"in_reply_to_screen_name":null,"user":{"id":774560256210808800,"id_str":"774560256210808832","name":"パ・リーグTV Lite","screen_name":"ptv_lite","location":"北海道・東北・埼玉・千葉・大阪・神戸・福岡","description":"パ・リーグ、そしてプロ野球を、ガッツリというよりも、もっと気楽に、もっとカジュアルに、もっとゆる～く楽しむ。そんな目線で情報をお届けしていきます！ファン初心者の方や、初心に戻りたい方もぜひ。Enjoy funny side of baseball！\n現在(部)がアイドルマスターでプロデューサー目指して頑張っています。","url":"https://t.co/MMMYnwsVfr","entities":{"url":{"urls":[{"url":"https://t.co/MMMYnwsVfr","expanded_url":"http://tv.pacificleague.jp/","display_url":"tv.pacificleague.jp","indices":[0,23]}]},"description":{"urls":[]}},"protected":false,"followers_count":17458,"friends_count":80,"listed_count":221,"created_at":"Sat Sep 10 10:48:50 +0000 2016","favourites_count":908,"utc_offset":32400,"time_zone":"Tokyo","geo_enabled":false,"verified":true,"statuses_count":2795,"lang":"ja","contributors_enabled":false,"is_translator":false,"is_translation_enabled":false,"profile_background_color":"000000","profile_background_image_url":"http://abs.twimg.com/images/themes/theme1/bg.png","profile_background_image_url_https":"https://abs.twimg.com/images/themes/theme1/bg.png","profile_background_tile":false,"profile_image_url":"http://pbs.twimg.com/profile_images/846352878922956801/K2exfsOH_normal.jpg","profile_image_url_https":"https://pbs.twimg.com/profile_images/846352878922956801/K2exfsOH_normal.jpg","profile_banner_url":"https://pbs.twimg.com/profile_banners/774560256210808832/1490490352","profile_link_color":"F58EA8","profile_sidebar_border_color":"000000","profile_sidebar_fill_color":"000000","profile_text_color":"000000","profile_use_background_image":false,"has_extended_profile":false,"default_profile":false,"default_profile_image":false,"following":false,"follow_request_sent":false,"notifications":false,"translator_type":"none"},"geo":null,"coordinates":null,"place":null,"contributors":null,"is_quote_status":false,"retweet_count":48,"favorite_count":50,"favorited":false,"retweeted":false,"possibly_sensitive":false,"lang":"ja"}],"search_metadata":{"completed_in":0.06,"max_id":882141881487863800,"max_id_str":"882141881487863808","next_results":"?max_id=882140097981726719&q=lang%3Aja%20min_retweets%3A50&include_entities=1","query":"lang%3Aja+min_retweets%3A50","refresh_url":"?since_id=882141881487863808&q=lang%3Aja%20min_retweets%3A50&include_entities=1","count":15,"since_id":0,"since_id_str":"0"}}