{"statuses":[{"created_at":"Sun Jul 09 15:39:42 +0000 2017","id":884074590078500900,"id_str":"884074590078500864","text":"２０歳になりました☺️\n素敵な大人になれるよう頑張ります！\n大好きな人達に祝ってもらえて幸せ❤️ https://t.co/7FO7MDwIZ2","truncated":false,"entities":{"hashtags":[],"symbols":[],"user_mentions":[],"urls":[],"media":[{"id":884074579513163800,"id_str":"884074579513163777","indices":[49,72],"media_url":"http://pbs.twimg.com/media/DETdJWLVwAEc9G6.jpg","media_url_https":"https://pbs.twimg.com/media/DETdJWLVwAEc9G6.jpg","url":"https://t.co/7FO7MDwIZ2","display_url":"pic.twitter.com/7FO7MDwIZ2","expanded_url":"https://twitter.com/katorena_710/status/884074590078500864/photo/1","type":"photo","sizes":{"medium":{"w":1200,"h":1200,"resize":"fit"},"small":{"w":680,"h":680,"resize":"fit"},"large":{"w":2048,"h":2048,"resize":"fit"},"thumb":{"w":150,"h":150,"resize":"crop"}}}]},"extended_entities":{"media":[{"id":884074579513163800,"id_str":"884074579513163777","indices":[49,72],"media_url":"http://pbs.twimg.com/media/DETdJWLVwAEc9G6.jpg","media_url_https":"https://pbs.twimg.com/media/DETdJWLVwAEc9G6.jpg","url":"https://t.co/7FO7MDwIZ2","display_url":"pic.twitter.com/7FO7MDwIZ2","expanded_url":"https://twitter.com/katorena_710/status/884074590078500864/photo/1","type":"photo","sizes":{"medium":{"w":1200,"h":1200,"resize":"fit"},"small":{"w":680,"h":680,"resize":"fit"},"large":{"w":2048,"h":2048,"resize":"fit"},"thumb":{"w":150,"h":150,"resize":"crop"}}}]},"metadata":{"iso_language_code":"ja","result_type":"recent"},"source":"<a href=\"http://twitter.com/download/iphone\" rel=\"nofollow\">Twitter for iPhone</a>","in_reply_to_status_id":null,"in_reply_to_status_id_str":null,"in_reply_to_user_id":null,"in_reply_to_user_id_str":null,"in_reply_to_screen_name":null,"user":{"id":3321954835,"id_str":"3321954835","name":"加藤玲奈","screen_name":"katorena_710","location":"","description":"💜AKB48/teamB💜   ▫️16colors発売中 ▫️ECファッションブランド『UNEEDNOW』▷https://t.co/J4hd2036Ow ▫️映画:二度めの夏、二度と会えない君▷https://t.co/2dmQhGvJJR #ニドナツ","url":"https://t.co/Z12u9hmFpg","entities":{"url":{"urls":[{"url":"https://t.co/Z12u9hmFpg","expanded_url":"https://www.instagram.com/katorena_ktrn/","display_url":"instagram.com/katorena_ktrn/","indices":[0,23]}]},"description":{"urls":[{"url":"https://t.co/J4hd2036Ow","expanded_url":"http://uneednow.jp","display_url":"uneednow.jp","indices":[55,78]},{"url":"https://t.co/2dmQhGvJJR","expanded_url":"http://nido-natsu.com/sp/","display_url":"nido-natsu.com/sp/","indices":[99,122]}]}},"protected":false,"followers_count":199894,"friends_count":266,"listed_count":2174,"created_at":"Fri Aug 21 03:12:56 +0000 2015","favourites_count":1493,"utc_offset":null,"time_zone":null,"geo_enabled":false,"verified":true,"statuses_count":3412,"lang":"ja","contributors_enabled":false,"is_translator":false,"is_translation_enabled":false,"profile_background_color":"C0DEED","profile_background_image_url":"http://abs.twimg.com/images/themes/theme1/bg.png","profile_background_image_url_https":"https://abs.twimg.com/images/themes/theme1/bg.png","profile_background_tile":false,"profile_image_url":"http://pbs.twimg.com/profile_images/793100287095414784/f3kdko6W_normal.jpg","profile_image_url_https":"https://pbs.twimg.com/profile_images/793100287095414784/f3kdko6W_normal.jpg","profile_banner_url":"https://pbs.twimg.com/profile_banners/3321954835/1490589917","profile_link_color":"1DA1F2","profile_sidebar_border_color":"C0DEED","profile_sidebar_fill_color":"DDEEF6","profile_text_color":"333333","profile_use_background_image":true,"has_extended_profile":true,"default_profile":true,"default_profile_image":false,"following":false,"follow_request_sent":false,"notifications":false,"translator_type":"none"},"geo":null,"coordinates":null,"place":null,"contributors":null,"is_quote_status":false,"retweet_count":93,"favorite_count":294,"favorited":false,"retweeted":false,"possibly_sensitive":false,"lang":"ja"},{"created_at":"Sun Jul 09 15:39:36 +0000 2017","id":884074564283543600,"id_str":"884074564283543553","text":"【ニュース更新】 乃木坂46 アンダーライブ全国ツアー2017 ～九州シリーズ～　モバイル会員先行受付スタート！ https://t.co/ztlhq81h4d https://t.co/JCwaP4oniA","truncated":false,"entities":{"hashtags":[],"symbols":[],"user_mentions":[],"urls":[{"url":"https://t.co/ztlhq81h4d","expanded_url":"http://dlvr.it/PTLRFF","display_url":"dlvr.it/PTLRFF","indices":[57,80]}],"media":[{"id":884074561578217500,"id_str":"884074561578217472","indices":[81,104],"media_url":"http://pbs.twimg.com/media/DETdITXUMAAqH5T.jpg","media_url_https":"https://pbs.twimg.com/media/DETdITXUMAAqH5T.jpg","url":"https://t.co/JCwaP4oniA","display_url":"pic.twitter.com/JCwaP4oniA","expanded_url":"https://twitter.com/nogizaka46/status/884074564283543553/photo/1","type":"photo","sizes":{"thumb":{"w":150,"h":150,"resize":"crop"},"medium":{"w":171,"h":171,"resize":"fit"},"large":{"w":171,"h":171,"resize":"fit"},"small":{"w":171,"h":171,"resize":"fit"}}}]},"extended_entities":{"media":[{"id":884074561578217500,"id_str":"884074561578217472","indices":[81,104],"media_url":"http://pbs.twimg.com/media/DETdITXUMAAqH5T.jpg","media_url_https":"https://pbs.twimg.com/media/DETdITXUMAAqH5T.jpg","url":"https://t.co/JCwaP4oniA","display_url":"pic.twitter.com/JCwaP4oniA","expanded_url":"https://twitter.com/nogizaka46/status/884074564283543553/photo/1","type":"photo","sizes":{"thumb":{"w":150,"h":150,"resize":"crop"},"medium":{"w":171,"h":171,"resize":"fit"},"large":{"w":171,"h":171,"resize":"fit"},"small":{"w":171,"h":171,"resize":"fit"}}}]},"metadata":{"iso_language_code":"ja","result_type":"recent"},"source":"<a href=\"https://dlvrit.com/\" rel=\"nofollow\">dlvr.it</a>","in_reply_to_status_id":null,"in_reply_to_status_id_str":null,"in_reply_to_user_id":null,"in_reply_to_user_id_str":null,"in_reply_to_screen_name":null,"user":{"id":317684165,"id_str":"317684165","name":"乃木坂46","screen_name":"nogizaka46","location":"乃木坂","description":"AKB48公式ライバルとして結成したアイドルグループです。\r\nグループ名の「乃木坂」は、最終オーディション会場の「SME乃木坂ビル」に由来し「46」は、『AKB48より人数が少なくても負けないという意気込み（秋元康氏）』からです。よろしくお願いします。","url":"http://t.co/f7TOymAV8b","entities":{"url":{"urls":[{"url":"http://t.co/f7TOymAV8b","expanded_url":"http://www.nogizaka46.com/","display_url":"nogizaka46.com","indices":[0,22]}]},"description":{"urls":[]}},"protected":false,"followers_count":755306,"friends_count":11,"listed_count":3700,"created_at":"Wed Jun 15 09:35:11 +0000 2011","favourites_count":15,"utc_offset":32400,"time_zone":"Tokyo","geo_enabled":false,"verified":true,"statuses_count":10590,"lang":"ja","contributors_enabled":false,"is_translator":false,"is_translation_enabled":false,"profile_background_color":"C0DEED","profile_background_image_url":"http://abs.twimg.com/images/themes/theme1/bg.png","profile_background_image_url_https":"https://abs.twimg.com/images/themes/theme1/bg.png","profile_background_tile":false,"profile_image_url":"http://pbs.twimg.com/profile_images/879321670640558081/LJqAoLcs_normal.jpg","profile_image_url_https":"https://pbs.twimg.com/profile_images/879321670640558081/LJqAoLcs_normal.jpg","profile_banner_url":"https://pbs.twimg.com/profile_banners/317684165/1400066488","profile_link_color":"1DA1F2","profile_sidebar_border_color":"C0DEED","profile_sidebar_fill_color":"DDEEF6","profile_text_color":"333333","profile_use_background_image":true,"has_extended_profile":false,"default_profile":true,"default_profile_image":false,"following":false,"follow_request_sent":false,"notifications":false,"translator_type":"none"},"geo":null,"coordinates":null,"place":null,"contributors":null,"is_quote_status":false,"retweet_count":126,"favorite_count":458,"favorited":false,"retweeted":false,"possibly_sensitive":false,"lang":"ja"},{"created_at":"Sun Jul 09 15:39:34 +0000 2017","id":884074558134800400,"id_str":"884074558134800384","text":"乃木坂46新シングルセンターは3期生の大園桃子＆与田祐希 https://t.co/RF33j7Fbeu #nogizaka46 https://t.co/kAI8Jw6Eq3","truncated":false,"entities":{"hashtags":[{"text":"nogizaka46","indices":[53,64]}],"symbols":[],"user_mentions":[],"urls":[{"url":"https://t.co/RF33j7Fbeu","expanded_url":"http://natalie.mu/music/news/240124","display_url":"natalie.mu/music/news/240…","indices":[29,52]}],"media":[{"id":884074551272853500,"id_str":"884074551272853504","indices":[65,88],"media_url":"http://pbs.twimg.com/media/DETdHs-U0AA2DQe.jpg","media_url_https":"https://pbs.twimg.com/media/DETdHs-U0AA2DQe.jpg","url":"https://t.co/kAI8Jw6Eq3","display_url":"pic.twitter.com/kAI8Jw6Eq3","expanded_url":"https://twitter.com/natalie_mu/status/884074558134800384/photo/1","type":"photo","sizes":{"large":{"w":640,"h":959,"resize":"fit"},"small":{"w":454,"h":680,"resize":"fit"},"medium":{"w":640,"h":959,"resize":"fit"},"thumb":{"w":150,"h":150,"resize":"crop"}}}]},"extended_entities":{"media":[{"id":884074551272853500,"id_str":"884074551272853504","indices":[65,88],"media_url":"http://pbs.twimg.com/media/DETdHs-U0AA2DQe.jpg","media_url_https":"https://pbs.twimg.com/media/DETdHs-U0AA2DQe.jpg","url":"https://t.co/kAI8Jw6Eq3","display_url":"pic.twitter.com/kAI8Jw6Eq3","expanded_url":"https://twitter.com/natalie_mu/status/884074558134800384/photo/1","type":"photo","sizes":{"large":{"w":640,"h":959,"resize":"fit"},"small":{"w":454,"h":680,"resize":"fit"},"medium":{"w":640,"h":959,"resize":"fit"},"thumb":{"w":150,"h":150,"resize":"crop"}}},{"id":884074555542650900,"id_str":"884074555542650880","indices":[65,88],"media_url":"http://pbs.twimg.com/media/DETdH84UwAAkANV.jpg","media_url_https":"https://pbs.twimg.com/media/DETdH84UwAAkANV.jpg","url":"https://t.co/kAI8Jw6Eq3","display_url":"pic.twitter.com/kAI8Jw6Eq3","expanded_url":"https://twitter.com/natalie_mu/status/884074558134800384/photo/1","type":"photo","sizes":{"thumb":{"w":150,"h":150,"resize":"crop"},"large":{"w":640,"h":959,"resize":"fit"},"medium":{"w":640,"h":959,"resize":"fit"},"small":{"w":454,"h":680,"resize":"fit"}}}]},"metadata":{"iso_language_code":"ja","result_type":"recent"},"source":"<a href=\"http://natalie.mu/music\" rel=\"nofollow\">ナタリー</a>","in_reply_to_status_id":null,"in_reply_to_status_id_str":null,"in_reply_to_user_id":null,"in_reply_to_user_id_str":null,"in_reply_to_screen_name":null,"user":{"id":5649672,"id_str":"5649672","name":"音楽ナタリー","screen_name":"natalie_mu","location":"東京","description":"国内No.1の情報量を誇る音楽ニュースサイト。コミックナタリー（@comic_natalie）、お笑いナタリー（@owarai_natalie）、映画ナタリー（@eiga_natalie）、ステージナタリー（@stage_natalie）、ナタリーストア（@natalie_store）もあわせてどうぞ。","url":"http://t.co/5Y8DX61xfe","entities":{"url":{"urls":[{"url":"http://t.co/5Y8DX61xfe","expanded_url":"http://natalie.mu/music","display_url":"natalie.mu/music","indices":[0,22]}]},"description":{"urls":[]}},"protected":false,"followers_count":1025072,"friends_count":5,"listed_count":22640,"created_at":"Mon Apr 30 11:00:09 +0000 2007","favourites_count":0,"utc_offset":32400,"time_zone":"Tokyo","geo_enabled":false,"verified":true,"statuses_count":121482,"lang":"ja","contributors_enabled":false,"is_translator":false,"is_translation_enabled":true,"profile_background_color":"E4E0D9","profile_background_image_url":"http://pbs.twimg.com/profile_background_images/4244540/music_bg.png","profile_background_image_url_https":"https://pbs.twimg.com/profile_background_images/4244540/music_bg.png","profile_background_tile":false,"profile_image_url":"http://pbs.twimg.com/profile_images/541889848726921216/idvp5jki_normal.png","profile_image_url_https":"https://pbs.twimg.com/profile_images/541889848726921216/idvp5jki_normal.png","profile_banner_url":"https://pbs.twimg.com/profile_banners/5649672/1418031562","profile_link_color":"F980BC","profile_sidebar_border_color":"E4E0D9","profile_sidebar_fill_color":"FFFFFF","profile_text_color":"000000","profile_use_background_image":true,"has_extended_profile":false,"default_profile":false,"default_profile_image":false,"following":false,"follow_request_sent":false,"notifications":false,"translator_type":"none"},"geo":null,"coordinates":null,"place":null,"contributors":null,"is_quote_status":false,"retweet_count":126,"favorite_count":236,"favorited":false,"retweeted":false,"possibly_sensitive":false,"lang":"ja"},{"created_at":"Sun Jul 09 15:39:34 +0000 2017","id":884074557904085000,"id_str":"884074557904084992","text":"【ニュース更新】 ＜次回予告＞「乃木坂工事中」 https://t.co/ykpJfCcYtM https://t.co/rIvB0w1tfr","truncated":false,"entities":{"hashtags":[],"symbols":[],"user_mentions":[],"urls":[{"url":"https://t.co/ykpJfCcYtM","expanded_url":"http://dlvr.it/PTLRDW","display_url":"dlvr.it/PTLRDW","indices":[24,47]}],"media":[{"id":884074554632450000,"id_str":"884074554632450050","indices":[48,71],"media_url":"http://pbs.twimg.com/media/DETdH5fUMAIqXhe.png","media_url_https":"https://pbs.twimg.com/media/DETdH5fUMAIqXhe.png","url":"https://t.co/rIvB0w1tfr","display_url":"pic.twitter.com/rIvB0w1tfr","expanded_url":"https://twitter.com/nogizaka46/status/884074557904084992/photo/1","type":"photo","sizes":{"large":{"w":610,"h":150,"resize":"fit"},"thumb":{"w":150,"h":150,"resize":"crop"},"small":{"w":610,"h":150,"resize":"fit"},"medium":{"w":610,"h":150,"resize":"fit"}}}]},"extended_entities":{"media":[{"id":884074554632450000,"id_str":"884074554632450050","indices":[48,71],"media_url":"http://pbs.twimg.com/media/DETdH5fUMAIqXhe.png","media_url_https":"https://pbs.twimg.com/media/DETdH5fUMAIqXhe.png","url":"https://t.co/rIvB0w1tfr","display_url":"pic.twitter.com/rIvB0w1tfr","expanded_url":"https://twitter.com/nogizaka46/status/884074557904084992/photo/1","type":"photo","sizes":{"large":{"w":610,"h":150,"resize":"fit"},"thumb":{"w":150,"h":150,"resize":"crop"},"small":{"w":610,"h":150,"resize":"fit"},"medium":{"w":610,"h":150,"resize":"fit"}}}]},"metadata":{"iso_language_code":"ja","result_type":"recent"},"source":"<a href=\"https://dlvrit.com/\" rel=\"nofollow\">dlvr.it</a>","in_reply_to_status_id":null,"in_reply_to_status_id_str":null,"in_reply_to_user_id":null,"in_reply_to_user_id_str":null,"in_reply_to_screen_name":null,"user":{"id":317684165,"id_str":"317684165","name":"乃木坂46","screen_name":"nogizaka46","location":"乃木坂","description":"AKB48公式ライバルとして結成したアイドルグループです。\r\nグループ名の「乃木坂」は、最終オーディション会場の「SME乃木坂ビル」に由来し「46」は、『AKB48より人数が少なくても負けないという意気込み（秋元康氏）』からです。よろしくお願いします。","url":"http://t.co/f7TOymAV8b","entities":{"url":{"urls":[{"url":"http://t.co/f7TOymAV8b","expanded_url":"http://www.nogizaka46.com/","display_url":"nogizaka46.com","indices":[0,22]}]},"description":{"urls":[]}},"protected":false,"followers_count":755306,"friends_count":11,"listed_count":3700,"created_at":"Wed Jun 15 09:35:11 +0000 2011","favourites_count":15,"utc_offset":32400,"time_zone":"Tokyo","geo_enabled":false,"verified":true,"statuses_count":10590,"lang":"ja","contributors_enabled":false,"is_translator":false,"is_translation_enabled":false,"profile_background_color":"C0DEED","profile_background_image_url":"http://abs.twimg.com/images/themes/theme1/bg.png","profile_background_image_url_https":"https://abs.twimg.com/images/themes/theme1/bg.png","profile_background_tile":false,"profile_image_url":"http://pbs.twimg.com/profile_images/879321670640558081/LJqAoLcs_normal.jpg","profile_image_url_https":"https://pbs.twimg.com/profile_images/879321670640558081/LJqAoLcs_normal.jpg","profile_banner_url":"https://pbs.twimg.com/profile_banners/317684165/1400066488","profile_link_color":"1DA1F2","profile_sidebar_border_color":"C0DEED","profile_sidebar_fill_color":"DDEEF6","profile_text_color":"333333","profile_use_background_image":true,"has_extended_profile":false,"default_profile":true,"default_profile_image":false,"following":false,"follow_request_sent":false,"notifications":false,"translator_type":"none"},"geo":null,"coordinates":null,"place":null,"contributors":null,"is_quote_status":false,"retweet_count":119,"favorite_count":571,"favorited":false,"retweeted":false,"possibly_sensitive":false,"lang":"ja"},{"created_at":"Sun Jul 09 15:39:32 +0000 2017","id":884074551130247200,"id_str":"884074551130247169","text":"乃木坂46・新曲（18thシングル）Wセンター #大園桃子 ＆ #与田祐希 ＜プロフィール＞ #乃木坂46 #選抜発表 #乃木坂工事中 【ほか写真あり】\n\nhttps://t.co/GjWKd3RqlZ","truncated":false,"entities":{"hashtags":[{"text":"大園桃子","indices":[24,29]},{"text":"与田祐希","indices":[32,37]},{"text":"乃木坂46","indices":[47,53]},{"text":"選抜発表","indices":[54,59]},{"text":"乃木坂工事中","indices":[60,67]}],"symbols":[],"user_mentions":[],"urls":[{"url":"https://t.co/GjWKd3RqlZ","expanded_url":"https://mdpr.jp/music/1699395","display_url":"mdpr.jp/music/1699395","indices":[78,101]}]},"metadata":{"iso_language_code":"ja","result_type":"recent"},"source":"<a href=\"http://mdpr.jp\" rel=\"nofollow\">modelpress appl</a>","in_reply_to_status_id":null,"in_reply_to_status_id_str":null,"in_reply_to_user_id":null,"in_reply_to_user_id_str":null,"in_reply_to_screen_name":null,"user":{"id":142921471,"id_str":"142921471","name":"モデルプレス","screen_name":"modelpress","location":"TOKYO,JAPAN","description":"日本最大級の女性向けエンタメ＆ライフスタイルニュースサイト。ファッション、モデル、恋愛、ヘア、コスメ、ダイエット、ディズニー、カフェ、ドラマ、映画、音楽、海外セレブ、女子旅の最新情報をお届け","url":"https://t.co/5eMAE7fr2T","entities":{"url":{"urls":[{"url":"https://t.co/5eMAE7fr2T","expanded_url":"http://mdpr.jp/","display_url":"mdpr.jp","indices":[0,23]}]},"description":{"urls":[]}},"protected":false,"followers_count":1054850,"friends_count":168087,"listed_count":5233,"created_at":"Wed May 12 03:06:36 +0000 2010","favourites_count":8,"utc_offset":32400,"time_zone":"Tokyo","geo_enabled":true,"verified":true,"statuses_count":165616,"lang":"ja","contributors_enabled":false,"is_translator":false,"is_translation_enabled":false,"profile_background_color":"FAFAFA","profile_background_image_url":"http://abs.twimg.com/images/themes/theme15/bg.png","profile_background_image_url_https":"https://abs.twimg.com/images/themes/theme15/bg.png","profile_background_tile":false,"profile_image_url":"http://pbs.twimg.com/profile_images/876655035043545088/mH8EijPm_normal.jpg","profile_image_url_https":"https://pbs.twimg.com/profile_images/876655035043545088/mH8EijPm_normal.jpg","profile_banner_url":"https://pbs.twimg.com/profile_banners/142921471/1486948630","profile_link_color":"FA0A4E","profile_sidebar_border_color":"FFFFFF","profile_sidebar_fill_color":"000000","profile_text_color":"FFFFFF","profile_use_background_image":false,"has_extended_profile":false,"default_profile":false,"default_profile_image":false,"following":false,"follow_request_sent":false,"notifications":false,"translator_type":"none"},"geo":null,"coordinates":null,"place":null,"contributors":null,"is_quote_status":false,"retweet_count":122,"favorite_count":249,"favorited":false,"retweeted":false,"possibly_sensitive":false,"lang":"ja"},{"created_at":"Sun Jul 09 15:38:11 +0000 2017","id":884074207620943900,"id_str":"884074207620943874","text":"TrySail公式様、ツイートに #TrySailアリーナ を付け忘れており、大変申し訳ございません！ 皆さま、アリーナライブ関連は、（トラハモ公式を反面教師として）公式様のアナウンスどおり #TrySailアリーナ をつけてつぶやきをお願いしますね～！ #TrySailアリーナ","truncated":false,"entities":{"hashtags":[{"text":"TrySailアリーナ","indices":[17,29]},{"text":"TrySailアリーナ","indices":[96,108]},{"text":"TrySailアリーナ","indices":[128,140]}],"symbols":[],"user_mentions":[],"urls":[]},"metadata":{"iso_language_code":"ja","result_type":"recent"},"source":"<a href=\"http://twitter.com\" rel=\"nofollow\">Twitter Web Client</a>","in_reply_to_status_id":null,"in_reply_to_status_id_str":null,"in_reply_to_user_id":null,"in_reply_to_user_id_str":null,"in_reply_to_screen_name":null,"user":{"id":2242219830,"id_str":"2242219830","name":"TRYangle harmony","screen_name":"TRYangleharmony","location":"","description":"『TrySailのTRYangle harmony』公式アカウントです。番組の情報をお伝えしていきます！セカンドショット：毎週火曜22:00～22:30 超！A&G＋：毎週火曜19:30～20:00 リピート：毎週水曜7:30～8:00＆毎週土曜10:30～11:00！略称：トラハモ","url":"https://t.co/kd2wIPxXEa","entities":{"url":{"urls":[{"url":"https://t.co/kd2wIPxXEa","expanded_url":"http://try.secondshot.jp/","display_url":"try.secondshot.jp","indices":[0,23]}]},"description":{"urls":[]}},"protected":false,"followers_count":20319,"friends_count":20,"listed_count":642,"created_at":"Thu Dec 12 11:25:44 +0000 2013","favourites_count":2360,"utc_offset":32400,"time_zone":"Tokyo","geo_enabled":false,"verified":false,"statuses_count":3181,"lang":"ja","contributors_enabled":false,"is_translator":false,"is_translation_enabled":false,"profile_background_color":"0072BC","profile_background_image_url":"http://pbs.twimg.com/profile_background_images/633616170180935681/5pqzultc.png","profile_background_image_url_https":"https://pbs.twimg.com/profile_background_images/633616170180935681/5pqzultc.png","profile_background_tile":true,"profile_image_url":"http://pbs.twimg.com/profile_images/848026200958091268/tz5OiZI3_normal.jpg","profile_image_url_https":"https://pbs.twimg.com/profile_images/848026200958091268/tz5OiZI3_normal.jpg","profile_link_color":"F58EA8","profile_sidebar_border_color":"000000","profile_sidebar_fill_color":"000000","profile_text_color":"000000","profile_use_background_image":true,"has_extended_profile":false,"default_profile":false,"default_profile_image":false,"following":false,"follow_request_sent":false,"notifications":false,"translator_type":"none"},"geo":null,"coordinates":null,"place":null,"contributors":null,"is_quote_status":false,"retweet_count":59,"favorite_count":71,"favorited":false,"retweeted":false,"lang":"ja"},{"created_at":"Sun Jul 09 15:36:15 +0000 2017","id":884073721098457100,"id_str":"884073721098457088","text":"@suzaki_aya 洲崎だと思うと欲望は抑えられる。ありがとうな！","truncated":false,"entities":{"hashtags":[],"symbols":[],"user_mentions":[{"screen_name":"suzaki_aya","name":"洲崎綾","id":815126654200606700,"id_str":"815126654200606722","indices":[0,11]}],"urls":[]},"metadata":{"iso_language_code":"ja","result_type":"recent"},"source":"<a href=\"http://twitter.com/download/iphone\" rel=\"nofollow\">Twitter for iPhone</a>","in_reply_to_status_id":884073418378825700,"in_reply_to_status_id_str":"884073418378825728","in_reply_to_user_id":815126654200606700,"in_reply_to_user_id_str":"815126654200606722","in_reply_to_screen_name":"suzaki_aya","user":{"id":119076814,"id_str":"119076814","name":"杉田智和","screen_name":"sugitaLOV","location":"甘々とサンダーボルト宙域","description":"Everyday、渦中者","url":"https://t.co/KS6WQhJ6E8","entities":{"url":{"urls":[{"url":"https://t.co/KS6WQhJ6E8","expanded_url":"http://www.arcsystemworks.jp/getsueigakuen/","display_url":"arcsystemworks.jp/getsueigakuen/","indices":[0,23]}]},"description":{"urls":[]}},"protected":false,"followers_count":1324517,"friends_count":419,"listed_count":30415,"created_at":"Tue Mar 02 16:07:29 +0000 2010","favourites_count":4,"utc_offset":-36000,"time_zone":"Hawaii","geo_enabled":false,"verified":false,"statuses_count":35181,"lang":"ja","contributors_enabled":false,"is_translator":false,"is_translation_enabled":false,"profile_background_color":"9EA7AB","profile_background_image_url":"http://pbs.twimg.com/profile_background_images/363307248/88209813.jpg","profile_background_image_url_https":"https://pbs.twimg.com/profile_background_images/363307248/88209813.jpg","profile_background_tile":false,"profile_image_url":"http://pbs.twimg.com/profile_images/857923729132630017/BqeviBBI_normal.jpg","profile_image_url_https":"https://pbs.twimg.com/profile_images/857923729132630017/BqeviBBI_normal.jpg","profile_banner_url":"https://pbs.twimg.com/profile_banners/119076814/1493380236","profile_link_color":"009999","profile_sidebar_border_color":"EEEEEE","profile_sidebar_fill_color":"EFEFEF","profile_text_color":"333333","profile_use_background_image":true,"has_extended_profile":false,"default_profile":false,"default_profile_image":false,"following":false,"follow_request_sent":false,"notifications":false,"translator_type":"none"},"geo":null,"coordinates":null,"place":null,"contributors":null,"is_quote_status":false,"retweet_count":188,"favorite_count":228,"favorited":false,"retweeted":false,"lang":"ja"},{"created_at":"Sun Jul 09 15:36:06 +0000 2017","id":884073686352838700,"id_str":"884073686352838657","text":"夏コミのバッグデザインです https://t.co/mabiLHJ8o5","truncated":false,"entities":{"hashtags":[],"symbols":[],"user_mentions":[],"urls":[],"media":[{"id":884073540596531200,"id_str":"884073540596531200","indices":[14,37],"media_url":"http://pbs.twimg.com/media/DETcM36UAAAo1W4.jpg","media_url_https":"https://pbs.twimg.com/media/DETcM36UAAAo1W4.jpg","url":"https://t.co/mabiLHJ8o5","display_url":"pic.twitter.com/mabiLHJ8o5","expanded_url":"https://twitter.com/HitenKei/status/884073686352838657/photo/1","type":"photo","sizes":{"medium":{"w":800,"h":601,"resize":"fit"},"small":{"w":680,"h":511,"resize":"fit"},"thumb":{"w":150,"h":150,"resize":"crop"},"large":{"w":800,"h":601,"resize":"fit"}}}]},"extended_entities":{"media":[{"id":884073540596531200,"id_str":"884073540596531200","indices":[14,37],"media_url":"http://pbs.twimg.com/media/DETcM36UAAAo1W4.jpg","media_url_https":"https://pbs.twimg.com/media/DETcM36UAAAo1W4.jpg","url":"https://t.co/mabiLHJ8o5","display_url":"pic.twitter.com/mabiLHJ8o5","expanded_url":"https://twitter.com/HitenKei/status/884073686352838657/photo/1","type":"photo","sizes":{"medium":{"w":800,"h":601,"resize":"fit"},"small":{"w":680,"h":511,"resize":"fit"},"thumb":{"w":150,"h":150,"resize":"crop"},"large":{"w":800,"h":601,"resize":"fit"}}},{"id":884073558820888600,"id_str":"884073558820888576","indices":[14,37],"media_url":"http://pbs.twimg.com/media/DETcN7zVoAALS1c.jpg","media_url_https":"https://pbs.twimg.com/media/DETcN7zVoAALS1c.jpg","url":"https://t.co/mabiLHJ8o5","display_url":"pic.twitter.com/mabiLHJ8o5","expanded_url":"https://twitter.com/HitenKei/status/884073686352838657/photo/1","type":"photo","sizes":{"medium":{"w":800,"h":600,"resize":"fit"},"small":{"w":680,"h":510,"resize":"fit"},"thumb":{"w":150,"h":150,"resize":"crop"},"large":{"w":800,"h":600,"resize":"fit"}}}]},"metadata":{"iso_language_code":"ja","result_type":"recent"},"source":"<a href=\"http://twitter.com\" rel=\"nofollow\">Twitter Web Client</a>","in_reply_to_status_id":null,"in_reply_to_status_id_str":null,"in_reply_to_user_id":null,"in_reply_to_user_id_str":null,"in_reply_to_screen_name":null,"user":{"id":170732960,"id_str":"170732960","name":"Hiten■三日目A47a","screen_name":"HitenKei","location":"Tokyo⇆Taipei","description":"イラストレーター、台湾人。 ■電撃文庫「読者と主人公と二人のこれから」 ■ＭＦ文庫Ｊ「※妹を可愛がるのも大切なお仕事です」■pixiv:https://t.co/8hZ1VclCu6 ■https://t.co/EIG25mUPzI","url":"https://t.co/ANJLoCAEB5","entities":{"url":{"urls":[{"url":"https://t.co/ANJLoCAEB5","expanded_url":"http://hitenkei.net","display_url":"hitenkei.net","indices":[0,23]}]},"description":{"urls":[{"url":"https://t.co/8hZ1VclCu6","expanded_url":"http://pixiv.me/hiten0000","display_url":"pixiv.me/hiten0000","indices":[68,91]},{"url":"https://t.co/EIG25mUPzI","expanded_url":"http://Instagram.com/hitenkei","display_url":"Instagram.com/hitenkei","indices":[93,116]}]}},"protected":false,"followers_count":95820,"friends_count":1203,"listed_count":2772,"created_at":"Sun Jul 25 16:22:57 +0000 2010","favourites_count":9452,"utc_offset":32400,"time_zone":"Tokyo","geo_enabled":true,"verified":false,"statuses_count":12942,"lang":"ja","contributors_enabled":false,"is_translator":false,"is_translation_enabled":false,"profile_background_color":"FFFFFF","profile_background_image_url":"http://abs.twimg.com/images/themes/theme14/bg.gif","profile_background_image_url_https":"https://abs.twimg.com/images/themes/theme14/bg.gif","profile_background_tile":false,"profile_image_url":"http://pbs.twimg.com/profile_images/875584677846765568/-N3GVgYS_normal.jpg","profile_image_url_https":"https://pbs.twimg.com/profile_images/875584677846765568/-N3GVgYS_normal.jpg","profile_banner_url":"https://pbs.twimg.com/profile_banners/170732960/1445493980","profile_link_color":"64CCB7","profile_sidebar_border_color":"FFFFFF","profile_sidebar_fill_color":"EFEFEF","profile_text_color":"333333","profile_use_background_image":false,"has_extended_profile":true,"default_profile":false,"default_profile_image":false,"following":false,"follow_request_sent":false,"notifications":false,"translator_type":"none"},"geo":null,"coordinates":null,"place":null,"contributors":null,"is_quote_status":false,"retweet_count":127,"favorite_count":304,"favorited":false,"retweeted":false,"possibly_sensitive":false,"lang":"ja"},{"created_at":"Sun Jul 09 15:35:56 +0000 2017","id":884073644875423700,"id_str":"884073644875423748","text":"ゆとりロス、ですね。\n\n#ゆとりですがなにか\n#ゆとりですがなにか純米吟醸純情編\n#拝啓いつかの君へ\n#おっぱい\n@yutori_ntv https://t.co/UzXCkxpKpw","truncated":false,"entities":{"hashtags":[{"text":"ゆとりですがなにか","indices":[12,22]},{"text":"ゆとりですがなにか純米吟醸純情編","indices":[23,40]},{"text":"拝啓いつかの君へ","indices":[41,50]},{"text":"おっぱい","indices":[51,56]}],"symbols":[],"user_mentions":[{"screen_name":"yutori_ntv","name":"【公式】ゆとりSP 7月2日・9日放送！","id":4812989361,"id_str":"4812989361","indices":[57,68]}],"urls":[],"media":[{"id":884073372585295900,"id_str":"884073372585295872","indices":[69,92],"media_url":"http://pbs.twimg.com/ext_tw_video_thumb/884073372585295872/pu/img/2na1Zxi1ckxmo5ZK.jpg","media_url_https":"https://pbs.twimg.com/ext_tw_video_thumb/884073372585295872/pu/img/2na1Zxi1ckxmo5ZK.jpg","url":"https://t.co/UzXCkxpKpw","display_url":"pic.twitter.com/UzXCkxpKpw","expanded_url":"https://twitter.com/kankakupiero/status/884073644875423748/video/1","type":"photo","sizes":{"small":{"w":340,"h":191,"resize":"fit"},"large":{"w":640,"h":360,"resize":"fit"},"thumb":{"w":150,"h":150,"resize":"crop"},"medium":{"w":600,"h":338,"resize":"fit"}}}]},"extended_entities":{"media":[{"id":884073372585295900,"id_str":"884073372585295872","indices":[69,92],"media_url":"http://pbs.twimg.com/ext_tw_video_thumb/884073372585295872/pu/img/2na1Zxi1ckxmo5ZK.jpg","media_url_https":"https://pbs.twimg.com/ext_tw_video_thumb/884073372585295872/pu/img/2na1Zxi1ckxmo5ZK.jpg","url":"https://t.co/UzXCkxpKpw","display_url":"pic.twitter.com/UzXCkxpKpw","expanded_url":"https://twitter.com/kankakupiero/status/884073644875423748/video/1","type":"video","sizes":{"small":{"w":340,"h":191,"resize":"fit"},"large":{"w":640,"h":360,"resize":"fit"},"thumb":{"w":150,"h":150,"resize":"crop"},"medium":{"w":600,"h":338,"resize":"fit"}},"video_info":{"aspect_ratio":[16,9],"duration_millis":44440,"variants":[{"bitrate":832000,"content_type":"video/mp4","url":"https://video.twimg.com/ext_tw_video/884073372585295872/pu/vid/640x360/TWZ55pAMFuLGtMRQ.mp4"},{"content_type":"application/x-mpegURL","url":"https://video.twimg.com/ext_tw_video/884073372585295872/pu/pl/Eownj9bhXLHb-oeV.m3u8"},{"bitrate":320000,"content_type":"video/mp4","url":"https://video.twimg.com/ext_tw_video/884073372585295872/pu/vid/320x180/ydv5RLjsS99LCLhc.mp4"}]},"additional_media_info":{"monetizable":false}}]},"metadata":{"iso_language_code":"ja","result_type":"recent"},"source":"<a href=\"http://twitter.com/download/iphone\" rel=\"nofollow\">Twitter for iPhone</a>","in_reply_to_status_id":null,"in_reply_to_status_id_str":null,"in_reply_to_user_id":null,"in_reply_to_user_id_str":null,"in_reply_to_screen_name":null,"user":{"id":1572619224,"id_str":"1572619224","name":"感覚ピエロ","screen_name":"kankakupiero","location":"JAPAN","description":"kankakupiero since 2013. / JIJI inc. since 2017.（@JIJI_INC）自主レーベル自主マネージメント","url":"https://t.co/TZtTlQ2cj6","entities":{"url":{"urls":[{"url":"https://t.co/TZtTlQ2cj6","expanded_url":"http://kankakupiero.jp","display_url":"kankakupiero.jp","indices":[0,23]}]},"description":{"urls":[]}},"protected":false,"followers_count":55086,"friends_count":5,"listed_count":737,"created_at":"Sat Jul 06 12:04:46 +0000 2013","favourites_count":30,"utc_offset":32400,"time_zone":"Osaka","geo_enabled":true,"verified":false,"statuses_count":7319,"lang":"ja","contributors_enabled":false,"is_translator":false,"is_translation_enabled":false,"profile_background_color":"ABB8C2","profile_background_image_url":"http://pbs.twimg.com/profile_background_images/540115761482575873/NigTYwmC.jpeg","profile_background_image_url_https":"https://pbs.twimg.com/profile_background_images/540115761482575873/NigTYwmC.jpeg","profile_background_tile":true,"profile_image_url":"http://pbs.twimg.com/profile_images/871607758138646529/9j9CiloU_normal.jpg","profile_image_url_https":"https://pbs.twimg.com/profile_images/871607758138646529/9j9CiloU_normal.jpg","profile_banner_url":"https://pbs.twimg.com/profile_banners/1572619224/1497079466","profile_link_color":"000608","profile_sidebar_border_color":"FFFFFF","profile_sidebar_fill_color":"DDEEF6","profile_text_color":"333333","profile_use_background_image":false,"has_extended_profile":false,"default_profile":false,"default_profile_image":false,"following":false,"follow_request_sent":false,"notifications":false,"translator_type":"none"},"geo":null,"coordinates":null,"place":null,"contributors":null,"is_quote_status":false,"retweet_count":50,"favorite_count":184,"favorited":false,"retweeted":false,"possibly_sensitive":false,"lang":"ja"},{"created_at":"Sun Jul 09 15:35:54 +0000 2017","id":884073636100882400,"id_str":"884073636100882432","text":"開\n시작은 언제나 카이\nhttps://t.co/q18R4M5o3c\nhttps://t.co/74LNj4jHCj\nhttps://t.co/AG8AKubMRP\n#EXO #KOKOBOP #KAI https://t.co/LKousr9Rao","truncated":false,"entities":{"hashtags":[{"text":"EXO","indices":[85,89]},{"text":"KOKOBOP","indices":[90,98]},{"text":"KAI","indices":[99,103]}],"symbols":[],"user_mentions":[],"urls":[{"url":"https://t.co/q18R4M5o3c","expanded_url":"https://youtu.be/To8SnRPNTY0","display_url":"youtu.be/To8SnRPNTY0","indices":[13,36]},{"url":"https://t.co/74LNj4jHCj","expanded_url":"https://www.instagram.com/p/BWVIMDAFBkW/","display_url":"instagram.com/p/BWVIMDAFBkW/","indices":[37,60]},{"url":"https://t.co/AG8AKubMRP","expanded_url":"https://m.facebook.com/story.php?story_fbid=1715557341805686&id=306748696019898","display_url":"m.facebook.com/story.php?stor…","indices":[61,84]}],"media":[{"id":884073591314071600,"id_str":"884073591314071556","indices":[104,127],"media_url":"http://pbs.twimg.com/media/DETcP02UQAQ-i2d.jpg","media_url_https":"https://pbs.twimg.com/media/DETcP02UQAQ-i2d.jpg","url":"https://t.co/LKousr9Rao","display_url":"pic.twitter.com/LKousr9Rao","expanded_url":"https://twitter.com/KAIONME/status/884073636100882432/photo/1","type":"photo","sizes":{"small":{"w":680,"h":449,"resize":"fit"},"thumb":{"w":150,"h":150,"resize":"crop"},"large":{"w":1440,"h":951,"resize":"fit"},"medium":{"w":1200,"h":793,"resize":"fit"}}}]},"extended_entities":{"media":[{"id":884073591314071600,"id_str":"884073591314071556","indices":[104,127],"media_url":"http://pbs.twimg.com/media/DETcP02UQAQ-i2d.jpg","media_url_https":"https://pbs.twimg.com/media/DETcP02UQAQ-i2d.jpg","url":"https://t.co/LKousr9Rao","display_url":"pic.twitter.com/LKousr9Rao","expanded_url":"https://twitter.com/KAIONME/status/884073636100882432/photo/1","type":"photo","sizes":{"small":{"w":680,"h":449,"resize":"fit"},"thumb":{"w":150,"h":150,"resize":"crop"},"large":{"w":1440,"h":951,"resize":"fit"},"medium":{"w":1200,"h":793,"resize":"fit"}}},{"id":884073602605133800,"id_str":"884073602605133824","indices":[104,127],"media_url":"http://pbs.twimg.com/media/DETcQe6UMAAlDt2.jpg","media_url_https":"https://pbs.twimg.com/media/DETcQe6UMAAlDt2.jpg","url":"https://t.co/LKousr9Rao","display_url":"pic.twitter.com/LKousr9Rao","expanded_url":"https://twitter.com/KAIONME/status/884073636100882432/photo/1","type":"photo","sizes":{"large":{"w":1440,"h":954,"resize":"fit"},"thumb":{"w":150,"h":150,"resize":"crop"},"small":{"w":680,"h":451,"resize":"fit"},"medium":{"w":1200,"h":795,"resize":"fit"}}},{"id":884073616983248900,"id_str":"884073616983248896","indices":[104,127],"media_url":"http://pbs.twimg.com/media/DETcRUeU0AA7NaZ.jpg","media_url_https":"https://pbs.twimg.com/media/DETcRUeU0AA7NaZ.jpg","url":"https://t.co/LKousr9Rao","display_url":"pic.twitter.com/LKousr9Rao","expanded_url":"https://twitter.com/KAIONME/status/884073636100882432/photo/1","type":"photo","sizes":{"large":{"w":1440,"h":924,"resize":"fit"},"small":{"w":680,"h":436,"resize":"fit"},"medium":{"w":1200,"h":770,"resize":"fit"},"thumb":{"w":150,"h":150,"resize":"crop"}}},{"id":884073626340704300,"id_str":"884073626340704256","indices":[104,127],"media_url":"http://pbs.twimg.com/media/DETcR3VUQAATT1L.jpg","media_url_https":"https://pbs.twimg.com/media/DETcR3VUQAATT1L.jpg","url":"https://t.co/LKousr9Rao","display_url":"pic.twitter.com/LKousr9Rao","expanded_url":"https://twitter.com/KAIONME/status/884073636100882432/photo/1","type":"photo","sizes":{"medium":{"w":1200,"h":689,"resize":"fit"},"thumb":{"w":150,"h":150,"resize":"crop"},"small":{"w":680,"h":391,"resize":"fit"},"large":{"w":1438,"h":826,"resize":"fit"}}}]},"metadata":{"iso_language_code":"ja","result_type":"recent"},"source":"<a href=\"http://twitter.com/download/android\" rel=\"nofollow\">Twitter for Android</a>","in_reply_to_status_id":null,"in_reply_to_status_id_str":null,"in_reply_to_user_id":null,"in_reply_to_user_id_str":null,"in_reply_to_screen_name":null,"user":{"id":1215297824,"id_str":"1215297824","name":"레잍🐻","screen_name":"KAIONME","location":"KAI","description":"안녕, 오늘 김종인 너무 좋지","url":null,"entities":{"description":{"urls":[]}},"protected":false,"followers_count":11932,"friends_count":183,"listed_count":160,"created_at":"Sun Feb 24 12:03:02 +0000 2013","favourites_count":8222,"utc_offset":28800,"time_zone":"Irkutsk","geo_enabled":false,"verified":false,"statuses_count":109541,"lang":"ko","contributors_enabled":false,"is_translator":false,"is_translation_enabled":false,"profile_background_color":"FFFFFF","profile_background_image_url":"http://pbs.twimg.com/profile_background_images/474702325395628032/Pptw47Xl.jpeg","profile_background_image_url_https":"https://pbs.twimg.com/profile_background_images/474702325395628032/Pptw47Xl.jpeg","profile_background_tile":false,"profile_image_url":"http://pbs.twimg.com/profile_images/770632875058139136/tCjuQ_9q_normal.jpg","profile_image_url_https":"https://pbs.twimg.com/profile_images/770632875058139136/tCjuQ_9q_normal.jpg","profile_banner_url":"https://pbs.twimg.com/profile_banners/1215297824/1494533055","profile_link_color":"000000","profile_sidebar_border_color":"FFFFFF","profile_sidebar_fill_color":"DDEEF6","profile_text_color":"333333","profile_use_background_image":true,"has_extended_profile":true,"default_profile":false,"default_profile_image":false,"following":false,"follow_request_sent":false,"notifications":false,"translator_type":"none"},"geo":null,"coordinates":null,"place":null,"contributors":null,"is_quote_status":false,"retweet_count":97,"favorite_count":15,"favorited":false,"retweeted":false,"possibly_sensitive":false,"lang":"ja"},{"created_at":"Sun Jul 09 15:35:47 +0000 2017","id":884073604215750700,"id_str":"884073604215750658","text":"大園と与田の３期センター叩いてる奴はだいたい糞ガキか自分を乃木坂トップオタと勘違いしてる馬鹿","truncated":false,"entities":{"hashtags":[],"symbols":[],"user_mentions":[],"urls":[]},"metadata":{"iso_language_code":"ja","result_type":"recent"},"source":"<a href=\"http://twitter.com/download/iphone\" rel=\"nofollow\">Twitter for iPhone</a>","in_reply_to_status_id":null,"in_reply_to_status_id_str":null,"in_reply_to_user_id":null,"in_reply_to_user_id_str":null,"in_reply_to_screen_name":null,"user":{"id":836258023173582800,"id_str":"836258023173582852","name":"ふぉるぽん","screen_name":"akuma_4_6","location":"","description":"_( っ`ω、)っふぉぉぉ","url":null,"entities":{"description":{"urls":[]}},"protected":false,"followers_count":10,"friends_count":6,"listed_count":0,"created_at":"Mon Feb 27 16:53:44 +0000 2017","favourites_count":0,"utc_offset":null,"time_zone":null,"geo_enabled":false,"verified":false,"statuses_count":176,"lang":"ja","contributors_enabled":false,"is_translator":false,"is_translation_enabled":false,"profile_background_color":"F5F8FA","profile_background_image_url":null,"profile_background_image_url_https":null,"profile_background_tile":false,"profile_image_url":"http://pbs.twimg.com/profile_images/877155549967654913/MeVvk2Qh_normal.jpg","profile_image_url_https":"https://pbs.twimg.com/profile_images/877155549967654913/MeVvk2Qh_normal.jpg","profile_banner_url":"https://pbs.twimg.com/profile_banners/836258023173582852/1491145901","profile_link_color":"1DA1F2","profile_sidebar_border_color":"C0DEED","profile_sidebar_fill_color":"DDEEF6","profile_text_color":"333333","profile_use_background_image":true,"has_extended_profile":false,"default_profile":true,"default_profile_image":false,"following":false,"follow_request_sent":false,"notifications":false,"translator_type":"none"},"geo":null,"coordinates":null,"place":null,"contributors":null,"is_quote_status":false,"retweet_count":151,"favorite_count":2,"favorited":false,"retweeted":false,"lang":"ja"},{"created_at":"Sun Jul 09 15:35:40 +0000 2017","id":884073574088060900,"id_str":"884073574088060928","text":"そして、虹村修造くん、誕生日おめでとう！","truncated":false,"entities":{"hashtags":[],"symbols":[],"user_mentions":[],"urls":[]},"metadata":{"iso_language_code":"ja","result_type":"recent"},"source":"<a href=\"http://twipple.jp/\" rel=\"nofollow\">ついっぷる for iPad</a>","in_reply_to_status_id":null,"in_reply_to_status_id_str":null,"in_reply_to_user_id":null,"in_reply_to_user_id_str":null,"in_reply_to_screen_name":null,"user":{"id":45590589,"id_str":"45590589","name":"置鮎龍太郎 7月8日(土)ほないくイベ","screen_name":"chikichikiko","location":"青二プロダクション所属\n2017年も、油断せずにちきっこ♪","description":"酉年男。\n\nヘロQグッズ制作隊長。 m(__)m","url":"https://t.co/X8bPlWViWd","entities":{"url":{"urls":[{"url":"https://t.co/X8bPlWViWd","expanded_url":"http://okiayuryotaro.jugem.jp/","display_url":"okiayuryotaro.jugem.jp","indices":[0,23]}]},"description":{"urls":[]}},"protected":false,"followers_count":235222,"friends_count":982,"listed_count":13048,"created_at":"Mon Jun 08 15:33:14 +0000 2009","favourites_count":307,"utc_offset":-36000,"time_zone":"Hawaii","geo_enabled":false,"verified":false,"statuses_count":92455,"lang":"ja","contributors_enabled":false,"is_translator":false,"is_translation_enabled":false,"profile_background_color":"DBCB3D","profile_background_image_url":"http://pbs.twimg.com/profile_background_images/100819826/W20100513013943957.jpg","profile_background_image_url_https":"https://pbs.twimg.com/profile_background_images/100819826/W20100513013943957.jpg","profile_background_tile":false,"profile_image_url":"http://pbs.twimg.com/profile_images/1620813990/icon427690141000493553920110324_133800_16716_bigger_1__normal.jpg","profile_image_url_https":"https://pbs.twimg.com/profile_images/1620813990/icon427690141000493553920110324_133800_16716_bigger_1__normal.jpg","profile_banner_url":"https://pbs.twimg.com/profile_banners/45590589/1431351783","profile_link_color":"A61C71","profile_sidebar_border_color":"857922","profile_sidebar_fill_color":"F6FFD1","profile_text_color":"333333","profile_use_background_image":true,"has_extended_profile":true,"default_profile":false,"default_profile_image":false,"following":false,"follow_request_sent":false,"notifications":false,"translator_type":"none"},"geo":null,"coordinates":null,"place":null,"contributors":null,"is_quote_status":false,"retweet_count":87,"favorite_count":119,"favorited":false,"retweeted":false,"lang":"ja"},{"created_at":"Sun Jul 09 15:35:12 +0000 2017","id":884073459189403600,"id_str":"884073459189403648","text":"しずくですよ|꒳°๑)\n今日は直美ちゃんのお誕生日ですよ！みんなで一緒にお祝いするですよ(◍´꒳` )\n無料で1回ガチャもひけるので、ぜひ直美ちゃんをお迎えしてほしいのですよ\n直美ちゃんおめでとです(◍´꒳` )ﾉﾉﾞ\n#オルガル https://t.co/5PmDstssR8","truncated":false,"entities":{"hashtags":[{"text":"オルガル","indices":[110,115]}],"symbols":[],"user_mentions":[],"urls":[],"media":[{"id":884067459765948400,"id_str":"884067459765948418","indices":[116,139],"media_url":"http://pbs.twimg.com/ext_tw_video_thumb/884067459765948418/pu/img/Jez4aPi5i6Qjo3k0.jpg","media_url_https":"https://pbs.twimg.com/ext_tw_video_thumb/884067459765948418/pu/img/Jez4aPi5i6Qjo3k0.jpg","url":"https://t.co/5PmDstssR8","display_url":"pic.twitter.com/5PmDstssR8","expanded_url":"https://twitter.com/alterna_girls/status/884073459189403648/video/1","type":"photo","sizes":{"small":{"w":340,"h":606,"resize":"fit"},"medium":{"w":600,"h":1070,"resize":"fit"},"thumb":{"w":150,"h":150,"resize":"crop"},"large":{"w":718,"h":1280,"resize":"fit"}}}]},"extended_entities":{"media":[{"id":884067459765948400,"id_str":"884067459765948418","indices":[116,139],"media_url":"http://pbs.twimg.com/ext_tw_video_thumb/884067459765948418/pu/img/Jez4aPi5i6Qjo3k0.jpg","media_url_https":"https://pbs.twimg.com/ext_tw_video_thumb/884067459765948418/pu/img/Jez4aPi5i6Qjo3k0.jpg","url":"https://t.co/5PmDstssR8","display_url":"pic.twitter.com/5PmDstssR8","expanded_url":"https://twitter.com/alterna_girls/status/884073459189403648/video/1","type":"video","sizes":{"small":{"w":340,"h":606,"resize":"fit"},"medium":{"w":600,"h":1070,"resize":"fit"},"thumb":{"w":150,"h":150,"resize":"crop"},"large":{"w":718,"h":1280,"resize":"fit"}},"video_info":{"aspect_ratio":[359,640],"duration_millis":62036,"variants":[{"content_type":"application/x-mpegURL","url":"https://video.twimg.com/ext_tw_video/884067459765948418/pu/pl/Vm-946dKUDxZ6MaR.m3u8"},{"bitrate":832000,"content_type":"video/mp4","url":"https://video.twimg.com/ext_tw_video/884067459765948418/pu/vid/358x640/E6ovgsVs31CagbBv.mp4"},{"bitrate":2176000,"content_type":"video/mp4","url":"https://video.twimg.com/ext_tw_video/884067459765948418/pu/vid/718x1280/N5DWiGGLsHb5CgKf.mp4"},{"bitrate":320000,"content_type":"video/mp4","url":"https://video.twimg.com/ext_tw_video/884067459765948418/pu/vid/178x320/alLCOdpHG08ka8Dk.mp4"}]},"additional_media_info":{"monetizable":false}}]},"metadata":{"iso_language_code":"ja","result_type":"recent"},"source":"<a href=\"http://twitter.com\" rel=\"nofollow\">Twitter Web Client</a>","in_reply_to_status_id":null,"in_reply_to_status_id_str":null,"in_reply_to_user_id":null,"in_reply_to_user_id_str":null,"in_reply_to_screen_name":null,"user":{"id":707064639239008300,"id_str":"707064639239008256","name":"【公式】オルタナティブガールズ VR対応","screen_name":"alterna_girls","location":"","description":"《VRモード搭載》スマホ美少女バトルRPG「オルタナティブガールズ」（オルガル）の公式Twitterですよ(◍´꒳` ) ゲームの最新情報を妃十三学園の秘書のしずくがお届けしているのですよー(◍´꒳` )و ̑̑ お問い合わせやご質問については、こちら（alterna_cs@ameba.jp）にお願いしますなのですよ！","url":"https://t.co/5scG0FXU2c","entities":{"url":{"urls":[{"url":"https://t.co/5scG0FXU2c","expanded_url":"http://bit.ly/alterna_girls","display_url":"bit.ly/alterna_girls","indices":[0,23]}]},"description":{"urls":[]}},"protected":false,"followers_count":72593,"friends_count":0,"listed_count":478,"created_at":"Tue Mar 08 04:45:21 +0000 2016","favourites_count":0,"utc_offset":32400,"time_zone":"Tokyo","geo_enabled":false,"verified":true,"statuses_count":1502,"lang":"ja","contributors_enabled":false,"is_translator":false,"is_translation_enabled":false,"profile_background_color":"C0DEED","profile_background_image_url":"http://pbs.twimg.com/profile_background_images/725547767053963265/ng2Ag-jF.jpg","profile_background_image_url_https":"https://pbs.twimg.com/profile_background_images/725547767053963265/ng2Ag-jF.jpg","profile_background_tile":false,"profile_image_url":"http://pbs.twimg.com/profile_images/865438220045008897/kaK_rWo-_normal.jpg","profile_image_url_https":"https://pbs.twimg.com/profile_images/865438220045008897/kaK_rWo-_normal.jpg","profile_banner_url":"https://pbs.twimg.com/profile_banners/707064639239008256/1495171514","profile_link_color":"91D2FA","profile_sidebar_border_color":"000000","profile_sidebar_fill_color":"000000","profile_text_color":"000000","profile_use_background_image":true,"has_extended_profile":false,"default_profile":false,"default_profile_image":false,"following":false,"follow_request_sent":false,"notifications":false,"translator_type":"none"},"geo":null,"coordinates":null,"place":null,"contributors":null,"is_quote_status":false,"retweet_count":74,"favorite_count":81,"favorited":false,"retweeted":false,"possibly_sensitive":false,"lang":"ja"},{"created_at":"Sun Jul 09 15:35:05 +0000 2017","id":884073428902334500,"id_str":"884073428902334464","text":"#乃木坂46 18thシングル限定特典「生写真」と9月22日公開の映画「 #あさひなぐ 」ver.の限定特典「生写真」特典デザインが決定！詳細はこちらhttps://t.co/Nb2gxoWZib https://t.co/S9e81iLZuW","truncated":false,"entities":{"hashtags":[{"text":"乃木坂46","indices":[0,6]},{"text":"あさひなぐ","indices":[37,43]}],"symbols":[],"user_mentions":[],"urls":[{"url":"https://t.co/Nb2gxoWZib","expanded_url":"http://bit.ly/2tbzYB9","display_url":"bit.ly/2tbzYB9","indices":[75,98]}],"media":[{"id":884073414838833200,"id_str":"884073414838833152","indices":[99,122],"media_url":"http://pbs.twimg.com/media/DETcFjbV0AA8v_p.jpg","media_url_https":"https://pbs.twimg.com/media/DETcFjbV0AA8v_p.jpg","url":"https://t.co/S9e81iLZuW","display_url":"pic.twitter.com/S9e81iLZuW","expanded_url":"https://twitter.com/7_netshopping/status/884073428902334464/photo/1","type":"photo","sizes":{"small":{"w":600,"h":500,"resize":"fit"},"thumb":{"w":150,"h":150,"resize":"crop"},"large":{"w":600,"h":500,"resize":"fit"},"medium":{"w":600,"h":500,"resize":"fit"}}}]},"extended_entities":{"media":[{"id":884073414838833200,"id_str":"884073414838833152","indices":[99,122],"media_url":"http://pbs.twimg.com/media/DETcFjbV0AA8v_p.jpg","media_url_https":"https://pbs.twimg.com/media/DETcFjbV0AA8v_p.jpg","url":"https://t.co/S9e81iLZuW","display_url":"pic.twitter.com/S9e81iLZuW","expanded_url":"https://twitter.com/7_netshopping/status/884073428902334464/photo/1","type":"photo","sizes":{"small":{"w":600,"h":500,"resize":"fit"},"thumb":{"w":150,"h":150,"resize":"crop"},"large":{"w":600,"h":500,"resize":"fit"},"medium":{"w":600,"h":500,"resize":"fit"}}},{"id":884073425127391200,"id_str":"884073425127391232","indices":[99,122],"media_url":"http://pbs.twimg.com/media/DETcGJwUwAADR8A.jpg","media_url_https":"https://pbs.twimg.com/media/DETcGJwUwAADR8A.jpg","url":"https://t.co/S9e81iLZuW","display_url":"pic.twitter.com/S9e81iLZuW","expanded_url":"https://twitter.com/7_netshopping/status/884073428902334464/photo/1","type":"photo","sizes":{"thumb":{"w":150,"h":150,"resize":"crop"},"medium":{"w":1000,"h":1000,"resize":"fit"},"small":{"w":680,"h":680,"resize":"fit"},"large":{"w":1000,"h":1000,"resize":"fit"}}}]},"metadata":{"iso_language_code":"ja","result_type":"recent"},"source":"<a href=\"http://www.pa-consul.co.jp/\" rel=\"nofollow\">CustomerRings_6</a>","in_reply_to_status_id":null,"in_reply_to_status_id_str":null,"in_reply_to_user_id":null,"in_reply_to_user_id_str":null,"in_reply_to_screen_name":null,"user":{"id":108260592,"id_str":"108260592","name":"セブンネットショッピング","screen_name":"7_netshopping","location":"東京都千代田区麹町","description":"セブンネット公式アカウントです。","url":"http://t.co/txozk7aUKo","entities":{"url":{"urls":[{"url":"http://t.co/txozk7aUKo","expanded_url":"http://www.7netshopping.jp","display_url":"7netshopping.jp","indices":[0,22]}]},"description":{"urls":[]}},"protected":false,"followers_count":131683,"friends_count":6809,"listed_count":1114,"created_at":"Mon Jan 25 10:56:28 +0000 2010","favourites_count":39,"utc_offset":32400,"time_zone":"Tokyo","geo_enabled":false,"verified":true,"statuses_count":24275,"lang":"ja","contributors_enabled":false,"is_translator":false,"is_translation_enabled":false,"profile_background_color":"9AE4E8","profile_background_image_url":"http://abs.twimg.com/images/themes/theme16/bg.gif","profile_background_image_url_https":"https://abs.twimg.com/images/themes/theme16/bg.gif","profile_background_tile":false,"profile_image_url":"http://pbs.twimg.com/profile_images/1507683684/___normal.png","profile_image_url_https":"https://pbs.twimg.com/profile_images/1507683684/___normal.png","profile_link_color":"0084B4","profile_sidebar_border_color":"BDDCAD","profile_sidebar_fill_color":"DDFFCC","profile_text_color":"333333","profile_use_background_image":true,"has_extended_profile":false,"default_profile":false,"default_profile_image":false,"following":false,"follow_request_sent":false,"notifications":false,"translator_type":"none"},"geo":null,"coordinates":null,"place":null,"contributors":null,"is_quote_status":false,"retweet_count":140,"favorite_count":175,"favorited":false,"retweeted":false,"possibly_sensitive":false,"lang":"ja"},{"created_at":"Sun Jul 09 15:35:02 +0000 2017","id":884073418378825700,"id_str":"884073418378825728","text":"CMの先生のテンション、、笑","truncated":false,"entities":{"hashtags":[],"symbols":[],"user_mentions":[],"urls":[]},"metadata":{"iso_language_code":"ja","result_type":"recent"},"source":"<a href=\"http://twitter.com/download/iphone\" rel=\"nofollow\">Twitter for iPhone</a>","in_reply_to_status_id":null,"in_reply_to_status_id_str":null,"in_reply_to_user_id":null,"in_reply_to_user_id_str":null,"in_reply_to_screen_name":null,"user":{"id":815126654200606700,"id_str":"815126654200606722","name":"洲崎綾","screen_name":"suzaki_aya","location":"ごえもんのとなり","description":"声の仕事をしています☆「たまこまーけっと」北白川たまこ「キルラキル」満艦飾マコ「シドニアの騎士」星白閑「暗殺教室」茅野カエデ「シンデレラガールズ」新田美波「アイカツ！」夏樹みくる「バトルガールハイスクール」星月みき 等 リプは関係者のみ※写真転載はご遠慮ください。","url":"https://t.co/RSPsDXWLxY","entities":{"url":{"urls":[{"url":"https://t.co/RSPsDXWLxY","expanded_url":"http://ameblo.jp/clown-happy/","display_url":"ameblo.jp/clown-happy/","indices":[0,23]}]},"description":{"urls":[]}},"protected":false,"followers_count":87764,"friends_count":201,"listed_count":2490,"created_at":"Sat Dec 31 09:25:13 +0000 2016","favourites_count":241,"utc_offset":null,"time_zone":null,"geo_enabled":false,"verified":false,"statuses_count":1061,"lang":"ja","contributors_enabled":false,"is_translator":false,"is_translation_enabled":false,"profile_background_color":"F5F8FA","profile_background_image_url":null,"profile_background_image_url_https":null,"profile_background_tile":false,"profile_image_url":"http://pbs.twimg.com/profile_images/848012520979812352/ypIGH19y_normal.jpg","profile_image_url_https":"https://pbs.twimg.com/profile_images/848012520979812352/ypIGH19y_normal.jpg","profile_banner_url":"https://pbs.twimg.com/profile_banners/815126654200606722/1491016916","profile_link_color":"1DA1F2","profile_sidebar_border_color":"C0DEED","profile_sidebar_fill_color":"DDEEF6","profile_text_color":"333333","profile_use_background_image":true,"has_extended_profile":true,"default_profile":true,"default_profile_image":false,"following":false,"follow_request_sent":false,"notifications":false,"translator_type":"none"},"geo":null,"coordinates":null,"place":null,"contributors":null,"is_quote_status":false,"retweet_count":155,"favorite_count":215,"favorited":false,"retweeted":false,"lang":"ja"}],"search_metadata":{"completed_in":0.093,"max_id":884074590078500900,"max_id_str":"884074590078500864","next_results":"?max_id=884073418378825727&q=lang%3Aja%20min_retweets%3A50&include_entities=1","query":"lang%3Aja+min_retweets%3A50","refresh_url":"?since_id=884074590078500864&q=lang%3Aja%20min_retweets%3A50&include_entities=1","count":15,"since_id":0,"since_id_str":"0"}}