{"statuses":[{"created_at":"Wed Jul 05 11:40:15 +0000 2017","id":882564779075698700,"id_str":"882564779075698688","text":"ありがとうございました！ https://t.co/qepNgayByF","truncated":false,"entities":{"hashtags":[],"symbols":[],"user_mentions":[],"urls":[{"url":"https://t.co/qepNgayByF","expanded_url":"https://twitter.com/sakatandao/status/882564657864749056","display_url":"twitter.com/sakatandao/sta…","indices":[13,36]}]},"metadata":{"iso_language_code":"ja","result_type":"recent"},"source":"<a href=\"http://twitter.com/download/iphone\" rel=\"nofollow\">Twitter for iPhone</a>","in_reply_to_status_id":null,"in_reply_to_status_id_str":null,"in_reply_to_user_id":null,"in_reply_to_user_id_str":null,"in_reply_to_screen_name":null,"user":{"id":112207890,"id_str":"112207890","name":"浦田わたる/うらたぬき♣︎浦島坂田船","screen_name":"uratasama","location":"東京ドーム","description":"「スワロウ」で声優をしております！/浦島坂田船「CRUISE TICKET」オリコンウィークリー5位！/スタミュ2期OP Fourpe 「SHOW MUST GO ON!!」 8位！/LINE@⇨「@ lzx7334a」 間をつめて@マークから検索してね！","url":"https://t.co/Wi6r4DEHA6","entities":{"url":{"urls":[{"url":"https://t.co/Wi6r4DEHA6","expanded_url":"http://nicovideo.jp/mylist/35789880","display_url":"nicovideo.jp/mylist/35789880","indices":[0,23]}]},"description":{"urls":[]}},"protected":false,"followers_count":310875,"friends_count":635,"listed_count":5705,"created_at":"Sun Feb 07 16:42:44 +0000 2010","favourites_count":28830,"utc_offset":28800,"time_zone":"Irkutsk","geo_enabled":false,"verified":true,"statuses_count":55589,"lang":"ja","contributors_enabled":false,"is_translator":false,"is_translation_enabled":false,"profile_background_color":"9AE4E8","profile_background_image_url":"http://abs.twimg.com/images/themes/theme16/bg.gif","profile_background_image_url_https":"https://abs.twimg.com/images/themes/theme16/bg.gif","profile_background_tile":false,"profile_image_url":"http://pbs.twimg.com/profile_images/853961483276795906/FSY1Sai7_normal.jpg","profile_image_url_https":"https://pbs.twimg.com/profile_images/853961483276795906/FSY1Sai7_normal.jpg","profile_banner_url":"https://pbs.twimg.com/profile_banners/112207890/1471035369","profile_link_color":"0084B4","profile_sidebar_border_color":"BDDCAD","profile_sidebar_fill_color":"DDFFCC","profile_text_color":"333333","profile_use_background_image":true,"has_extended_profile":false,"default_profile":false,"default_profile_image":false,"following":false,"follow_request_sent":false,"notifications":false,"translator_type":"none"},"geo":null,"coordinates":null,"place":null,"contributors":null,"is_quote_status":true,"quoted_status_id":882564657864749000,"quoted_status_id_str":"882564657864749056","quoted_status":{"created_at":"Wed Jul 05 11:39:46 +0000 2017","id":882564657864749000,"id_str":"882564657864749056","text":"アニメイト池袋本店にて握手会おわた！！楽しかった！！！！！ https://t.co/5aOw4tl7qg","truncated":false,"entities":{"hashtags":[],"symbols":[],"user_mentions":[],"urls":[],"media":[{"id":882564649291456500,"id_str":"882564649291456512","indices":[30,53],"media_url":"http://pbs.twimg.com/media/DD9_31xVoAAs50j.jpg","media_url_https":"https://pbs.twimg.com/media/DD9_31xVoAAs50j.jpg","url":"https://t.co/5aOw4tl7qg","display_url":"pic.twitter.com/5aOw4tl7qg","expanded_url":"https://twitter.com/sakatandao/status/882564657864749056/photo/1","type":"photo","sizes":{"medium":{"w":1200,"h":884,"resize":"fit"},"large":{"w":1283,"h":945,"resize":"fit"},"thumb":{"w":150,"h":150,"resize":"crop"},"small":{"w":680,"h":501,"resize":"fit"}}}]},"extended_entities":{"media":[{"id":882564649291456500,"id_str":"882564649291456512","indices":[30,53],"media_url":"http://pbs.twimg.com/media/DD9_31xVoAAs50j.jpg","media_url_https":"https://pbs.twimg.com/media/DD9_31xVoAAs50j.jpg","url":"https://t.co/5aOw4tl7qg","display_url":"pic.twitter.com/5aOw4tl7qg","expanded_url":"https://twitter.com/sakatandao/status/882564657864749056/photo/1","type":"photo","sizes":{"medium":{"w":1200,"h":884,"resize":"fit"},"large":{"w":1283,"h":945,"resize":"fit"},"thumb":{"w":150,"h":150,"resize":"crop"},"small":{"w":680,"h":501,"resize":"fit"}}}]},"metadata":{"iso_language_code":"ja","result_type":"recent"},"source":"<a href=\"http://twitter.com/download/iphone\" rel=\"nofollow\">Twitter for iPhone</a>","in_reply_to_status_id":null,"in_reply_to_status_id_str":null,"in_reply_to_user_id":null,"in_reply_to_user_id_str":null,"in_reply_to_screen_name":null,"user":{"id":108223197,"id_str":"108223197","name":"となりの坂田。@浦島坂田船","screen_name":"sakatandao","location":"企画はこちらへsakata_info@yahoo.co.jp","description":"あほの坂田、となりの坂田という二つの名前でネット中心に活動してます。ラインでも色々お知らせしてるよ検索してみて👉《@ lgz4390q》 youtubeもやってるので気軽に登録してね！👉《https://t.co/9FPxmKmiXF》","url":"https://t.co/XxJSl8kHga","entities":{"url":{"urls":[{"url":"https://t.co/XxJSl8kHga","expanded_url":"http://com.nicovideo.jp/community/co15480","display_url":"com.nicovideo.jp/community/co15…","indices":[0,23]}]},"description":{"urls":[{"url":"https://t.co/9FPxmKmiXF","expanded_url":"https://m.youtube.com/channel/UCvOX0NWMvYrgSV15vuxV4Pg","display_url":"m.youtube.com/channel/UCvOX0…","indices":[94,117]}]}},"protected":false,"followers_count":400610,"friends_count":1175,"listed_count":6916,"created_at":"Mon Jan 25 07:18:05 +0000 2010","favourites_count":4510,"utc_offset":-25200,"time_zone":"Pacific Time (US & Canada)","geo_enabled":false,"verified":true,"statuses_count":1474,"lang":"ja","contributors_enabled":false,"is_translator":false,"is_translation_enabled":false,"profile_background_color":"C0DEED","profile_background_image_url":"http://pbs.twimg.com/profile_background_images/136408029/____________.jpg","profile_background_image_url_https":"https://pbs.twimg.com/profile_background_images/136408029/____________.jpg","profile_background_tile":false,"profile_image_url":"http://pbs.twimg.com/profile_images/853961833744547842/ypUnwuNe_normal.jpg","profile_image_url_https":"https://pbs.twimg.com/profile_images/853961833744547842/ypUnwuNe_normal.jpg","profile_banner_url":"https://pbs.twimg.com/profile_banners/108223197/1420547626","profile_link_color":"E81C4F","profile_sidebar_border_color":"C1C9EB","profile_sidebar_fill_color":"DDEEF6","profile_text_color":"333333","profile_use_background_image":true,"has_extended_profile":true,"default_profile":false,"default_profile_image":false,"following":false,"follow_request_sent":false,"notifications":false,"translator_type":"none"},"geo":null,"coordinates":null,"place":null,"contributors":null,"is_quote_status":false,"retweet_count":614,"favorite_count":2031,"favorited":false,"retweeted":false,"possibly_sensitive":false,"lang":"ja"},"retweet_count":199,"favorite_count":1101,"favorited":false,"retweeted":false,"possibly_sensitive":false,"lang":"ja"},{"created_at":"Wed Jul 05 11:40:08 +0000 2017","id":882564751963824100,"id_str":"882564751963824129","text":"かんさいちほーの皆様、お待たせいたしました。明日より「みさき公園」でのコラボがスタートします！新たに誕生したスマトラトラとホオジロカンムリヅルをよろしくお願いします♪♪日中30度を超え、湿度も高い日が続きますので水分補給をお忘れな… https://t.co/PJvqe44QY1","truncated":true,"entities":{"hashtags":[],"symbols":[],"user_mentions":[],"urls":[{"url":"https://t.co/PJvqe44QY1","expanded_url":"https://twitter.com/i/web/status/882564751963824129","display_url":"twitter.com/i/web/status/8…","indices":[117,140]}]},"metadata":{"iso_language_code":"ja","result_type":"recent"},"source":"<a href=\"http://twitter.com\" rel=\"nofollow\">Twitter Web Client</a>","in_reply_to_status_id":null,"in_reply_to_status_id_str":null,"in_reply_to_user_id":null,"in_reply_to_user_id_str":null,"in_reply_to_screen_name":null,"user":{"id":2801592695,"id_str":"2801592695","name":"けものフレンズ＠公式アカウント","screen_name":"kemo_anime","location":"ジャパリパーク","description":"「けものフレンズ」の公式Twitterです。ジャパリパークからアニメの情報を中心に、イベントやグッズなどプロジェクトのあれやこれやをお届けします！テレビアニメは毎週火曜日深夜1:35よりテレビ東京ほかで放送中です！　ハッシュタグは #けものフレンズ","url":"https://t.co/4vYG5e77ai","entities":{"url":{"urls":[{"url":"https://t.co/4vYG5e77ai","expanded_url":"http://kemono-friends.jp/","display_url":"kemono-friends.jp","indices":[0,23]}]},"description":{"urls":[]}},"protected":false,"followers_count":143391,"friends_count":111,"listed_count":1834,"created_at":"Fri Oct 03 08:32:14 +0000 2014","favourites_count":434,"utc_offset":32400,"time_zone":"Tokyo","geo_enabled":true,"verified":false,"statuses_count":1818,"lang":"ja","contributors_enabled":false,"is_translator":false,"is_translation_enabled":false,"profile_background_color":"80AD1F","profile_background_image_url":"http://pbs.twimg.com/profile_background_images/567162175580430338/80asjKfD.jpeg","profile_background_image_url_https":"https://pbs.twimg.com/profile_background_images/567162175580430338/80asjKfD.jpeg","profile_background_tile":true,"profile_image_url":"http://pbs.twimg.com/profile_images/712812877439062017/xZNnGcXW_normal.jpg","profile_image_url_https":"https://pbs.twimg.com/profile_images/712812877439062017/xZNnGcXW_normal.jpg","profile_banner_url":"https://pbs.twimg.com/profile_banners/2801592695/1459412411","profile_link_color":"FFCC4D","profile_sidebar_border_color":"000000","profile_sidebar_fill_color":"000000","profile_text_color":"000000","profile_use_background_image":true,"has_extended_profile":false,"default_profile":false,"default_profile_image":false,"following":false,"follow_request_sent":false,"notifications":false,"translator_type":"none"},"geo":null,"coordinates":null,"place":null,"contributors":null,"is_quote_status":true,"quoted_status_id":882549331781271600,"quoted_status_id_str":"882549331781271552","quoted_status":{"created_at":"Wed Jul 05 10:38:52 +0000 2017","id":882549331781271600,"id_str":"882549331781271552","text":"いよいよ明日、「けものフレンズ」イベントスタートです\n\nお祝いに駆けつけてくれた新フレンズのスマトラトラとホオジロカンムリヅルの姿をチラリ\n\n#みさき公園 #けものフレンズ #スマトラトラのフレンズ… https://t.co/FiCngrNEsj","truncated":true,"entities":{"hashtags":[{"text":"みさき公園","indices":[71,77]},{"text":"けものフレンズ","indices":[78,86]},{"text":"スマトラトラのフレンズ","indices":[87,99]}],"symbols":[],"user_mentions":[],"urls":[{"url":"https://t.co/FiCngrNEsj","expanded_url":"https://twitter.com/i/web/status/882549331781271552","display_url":"twitter.com/i/web/status/8…","indices":[101,124]}]},"metadata":{"iso_language_code":"ja","result_type":"recent"},"source":"<a href=\"http://twitter.com/download/iphone\" rel=\"nofollow\">Twitter for iPhone</a>","in_reply_to_status_id":null,"in_reply_to_status_id_str":null,"in_reply_to_user_id":null,"in_reply_to_user_id_str":null,"in_reply_to_screen_name":null,"user":{"id":877742609317347300,"id_str":"877742609317347329","name":"みさき公園【公式】","screen_name":"MISAKIKOEN","location":"大阪府泉南郡岬町淡輪3990番地","description":"みさき公園は、イルカショー、動物園、遊園地、夏はプールが楽しめる総合レジャーランドです。６月１９日に「みさき公園」がトレンド入りした記念で運用をはじめました！９月下旬までの期間限定の公式アカウントとなります。個別のお問い合わせにはお答えできませんので、お電話等にてお願いいたします。","url":"https://t.co/YfBXXhcEs0","entities":{"url":{"urls":[{"url":"https://t.co/YfBXXhcEs0","expanded_url":"http://www.nankai.co.jp/misaki.html","display_url":"nankai.co.jp/misaki.html","indices":[0,23]}]},"description":{"urls":[]}},"protected":false,"followers_count":473,"friends_count":2,"listed_count":11,"created_at":"Thu Jun 22 04:18:40 +0000 2017","favourites_count":0,"utc_offset":null,"time_zone":null,"geo_enabled":false,"verified":false,"statuses_count":20,"lang":"ja","contributors_enabled":false,"is_translator":false,"is_translation_enabled":false,"profile_background_color":"F5F8FA","profile_background_image_url":null,"profile_background_image_url_https":null,"profile_background_tile":false,"profile_image_url":"http://pbs.twimg.com/profile_images/877818992143904769/PpguKXmF_normal.jpg","profile_image_url_https":"https://pbs.twimg.com/profile_images/877818992143904769/PpguKXmF_normal.jpg","profile_banner_url":"https://pbs.twimg.com/profile_banners/877742609317347329/1498201724","profile_link_color":"1DA1F2","profile_sidebar_border_color":"C0DEED","profile_sidebar_fill_color":"DDEEF6","profile_text_color":"333333","profile_use_background_image":true,"has_extended_profile":true,"default_profile":true,"default_profile_image":false,"following":false,"follow_request_sent":false,"notifications":false,"translator_type":"none"},"geo":null,"coordinates":null,"place":null,"contributors":null,"is_quote_status":false,"retweet_count":252,"favorite_count":204,"favorited":false,"retweeted":false,"possibly_sensitive":false,"lang":"ja"},"retweet_count":102,"favorite_count":102,"favorited":false,"retweeted":false,"possibly_sensitive":false,"lang":"ja"},{"created_at":"Wed Jul 05 11:39:30 +0000 2017","id":882564593289109500,"id_str":"882564593289109504","text":"セカンダリです！\nステラおばさんじゃねーよ！in台湾 https://t.co/BgqdrQQmfU","truncated":false,"entities":{"hashtags":[],"symbols":[],"user_mentions":[],"urls":[{"url":"https://t.co/BgqdrQQmfU","expanded_url":"https://www.youtube.com/watch?v=7GcIF82jOeQ&feature=share","display_url":"youtube.com/watch?v=7GcIF8…","indices":[27,50]}]},"metadata":{"iso_language_code":"ja","result_type":"recent"},"source":"<a href=\"http://twitter.com/download/iphone\" rel=\"nofollow\">Twitter for iPhone</a>","in_reply_to_status_id":null,"in_reply_to_status_id_str":null,"in_reply_to_user_id":null,"in_reply_to_user_id_str":null,"in_reply_to_screen_name":null,"user":{"id":2507536920,"id_str":"2507536920","name":"ンダホ【Fischer's】","screen_name":"ndahoFischers","location":"ーUUUM所属ー","description":"フィッシャーズというチャンネルでYouTubeやってます！ 登録者275万人突破！🌟ふざけTシャツ🌟軍団アカ→(@Fischershome) 贈り物はUUUM宛で！ 野球⚾️遊助さん🌻モンスト🃏が好きです♪ 今日の一言【冷房が買いたい！】","url":"https://www.youtube.com/channel/UCibEhpu5HP45-w7Bq1ZIulw","entities":{"url":{"urls":[{"url":"https://www.youtube.com/channel/UCibEhpu5HP45-w7Bq1ZIulw","expanded_url":null,"indices":[0,56]}]},"description":{"urls":[]}},"protected":false,"followers_count":608676,"friends_count":702,"listed_count":1667,"created_at":"Mon May 19 14:19:27 +0000 2014","favourites_count":25681,"utc_offset":null,"time_zone":null,"geo_enabled":true,"verified":false,"statuses_count":20408,"lang":"ja","contributors_enabled":false,"is_translator":false,"is_translation_enabled":false,"profile_background_color":"C0DEED","profile_background_image_url":"http://abs.twimg.com/images/themes/theme1/bg.png","profile_background_image_url_https":"https://abs.twimg.com/images/themes/theme1/bg.png","profile_background_tile":false,"profile_image_url":"http://pbs.twimg.com/profile_images/851108389119590400/sBEvHBpU_normal.jpg","profile_image_url_https":"https://pbs.twimg.com/profile_images/851108389119590400/sBEvHBpU_normal.jpg","profile_banner_url":"https://pbs.twimg.com/profile_banners/2507536920/1482746978","profile_link_color":"1DA1F2","profile_sidebar_border_color":"C0DEED","profile_sidebar_fill_color":"DDEEF6","profile_text_color":"333333","profile_use_background_image":true,"has_extended_profile":true,"default_profile":true,"default_profile_image":false,"following":false,"follow_request_sent":false,"notifications":false,"translator_type":"none"},"geo":null,"coordinates":null,"place":null,"contributors":null,"is_quote_status":false,"retweet_count":82,"favorite_count":660,"favorited":false,"retweeted":false,"possibly_sensitive":false,"lang":"ja"},{"created_at":"Wed Jul 05 11:38:29 +0000 2017","id":882564335997902800,"id_str":"882564335997902848","text":"みんな心配してくれてありがとう\nうちの実家辺りは大丈夫らしいです！\n\n九州地方のみなさんは引き続き気をつけてくださいね。\n\n自然災害って防ぎようがないから悔しい\nけど備えることはできるから。\n\nお互い、万が一を想定して生きよう。","truncated":false,"entities":{"hashtags":[],"symbols":[],"user_mentions":[],"urls":[]},"metadata":{"iso_language_code":"ja","result_type":"recent"},"source":"<a href=\"http://www.echofon.com/\" rel=\"nofollow\">Echofon</a>","in_reply_to_status_id":null,"in_reply_to_status_id_str":null,"in_reply_to_user_id":null,"in_reply_to_user_id_str":null,"in_reply_to_screen_name":null,"user":{"id":145943934,"id_str":"145943934","name":"シド マオ","screen_name":"mao_sid","location":"東京都","description":"シドというバンドで歌を歌っています。 \n\n福岡出身。\n\nすみません、とりあえず豚バラ10本！\n\nブログは→https://t.co/PM0tOSB5GK \n\n応援宜しくお願いします。","url":"https://t.co/W589vbwHhu","entities":{"url":{"urls":[{"url":"https://t.co/W589vbwHhu","expanded_url":"http://www.sid-web.info/","display_url":"sid-web.info","indices":[0,23]}]},"description":{"urls":[{"url":"https://t.co/PM0tOSB5GK","expanded_url":"http://lineblog.me/maofish/","display_url":"lineblog.me/maofish/","indices":[53,76]}]}},"protected":false,"followers_count":382142,"friends_count":194,"listed_count":4834,"created_at":"Thu May 20 07:21:37 +0000 2010","favourites_count":0,"utc_offset":-36000,"time_zone":"Hawaii","geo_enabled":false,"verified":true,"statuses_count":23574,"lang":"ja","contributors_enabled":false,"is_translator":false,"is_translation_enabled":true,"profile_background_color":"C6E2EE","profile_background_image_url":"http://abs.twimg.com/images/themes/theme1/bg.png","profile_background_image_url_https":"https://abs.twimg.com/images/themes/theme1/bg.png","profile_background_tile":false,"profile_image_url":"http://pbs.twimg.com/profile_images/849819213392773121/rozv2j2r_normal.jpg","profile_image_url_https":"https://pbs.twimg.com/profile_images/849819213392773121/rozv2j2r_normal.jpg","profile_banner_url":"https://pbs.twimg.com/profile_banners/145943934/1491461877","profile_link_color":"1F98C7","profile_sidebar_border_color":"C6E2EE","profile_sidebar_fill_color":"DAECF4","profile_text_color":"663B12","profile_use_background_image":true,"has_extended_profile":false,"default_profile":false,"default_profile_image":false,"following":false,"follow_request_sent":false,"notifications":false,"translator_type":"none"},"geo":null,"coordinates":null,"place":null,"contributors":null,"is_quote_status":false,"retweet_count":81,"favorite_count":255,"favorited":false,"retweeted":false,"lang":"ja"},{"created_at":"Wed Jul 05 11:38:01 +0000 2017","id":882564219643744300,"id_str":"882564219643744256","text":"【速報 JUST IN 】福岡 久留米 金丸川が氾濫危険水位超える #nhk_news https://t.co/pEogYgBEKP","truncated":false,"entities":{"hashtags":[{"text":"nhk_news","indices":[34,43]}],"symbols":[],"user_mentions":[],"urls":[{"url":"https://t.co/pEogYgBEKP","expanded_url":"http://www3.nhk.or.jp/news/html/20170705/k10011044851000.html","display_url":"www3.nhk.or.jp/news/html/2017…","indices":[44,67]}]},"metadata":{"iso_language_code":"ja","result_type":"recent"},"source":"<a href=\"http://www.nhk.or.jp/\" rel=\"nofollow\">NHK</a>","in_reply_to_status_id":null,"in_reply_to_status_id_str":null,"in_reply_to_user_id":null,"in_reply_to_user_id_str":null,"in_reply_to_screen_name":null,"user":{"id":204245399,"id_str":"204245399","name":"NHKニュース","screen_name":"nhk_news","location":"東京都渋谷区神南2-2-1","description":"NHKニュースの公式アカウントです。最新のニュースを24時間休みなくお届けします。 http://t.co/Q11WanxIUh をご確認、ご了承ください。問い合わせは http://t.co/QHu5wdeNyR","url":"https://t.co/8JA06ePKUg","entities":{"url":{"urls":[{"url":"https://t.co/8JA06ePKUg","expanded_url":"http://nhk.jp/news","display_url":"nhk.jp/news","indices":[0,23]}]},"description":{"urls":[{"url":"http://t.co/Q11WanxIUh","expanded_url":"http://nhk.jp/rules","display_url":"nhk.jp/rules","indices":[42,64]},{"url":"http://t.co/QHu5wdeNyR","expanded_url":"http://www.nhk.or.jp/css/","display_url":"nhk.or.jp/css/","indices":[85,107]}]}},"protected":false,"followers_count":2295480,"friends_count":15,"listed_count":58491,"created_at":"Mon Oct 18 08:15:29 +0000 2010","favourites_count":0,"utc_offset":32400,"time_zone":"Tokyo","geo_enabled":false,"verified":true,"statuses_count":293825,"lang":"ja","contributors_enabled":false,"is_translator":false,"is_translation_enabled":true,"profile_background_color":"C0DEED","profile_background_image_url":"http://pbs.twimg.com/profile_background_images/828499082087796737/ppZx0TZa.jpg","profile_background_image_url_https":"https://pbs.twimg.com/profile_background_images/828499082087796737/ppZx0TZa.jpg","profile_background_tile":false,"profile_image_url":"http://pbs.twimg.com/profile_images/712261429701713920/mkdC8tNc_normal.jpg","profile_image_url_https":"https://pbs.twimg.com/profile_images/712261429701713920/mkdC8tNc_normal.jpg","profile_banner_url":"https://pbs.twimg.com/profile_banners/204245399/1401946722","profile_link_color":"0084B4","profile_sidebar_border_color":"C0DEED","profile_sidebar_fill_color":"DDEEF6","profile_text_color":"333333","profile_use_background_image":true,"has_extended_profile":false,"default_profile":false,"default_profile_image":false,"following":false,"follow_request_sent":false,"notifications":false,"translator_type":"none"},"geo":null,"coordinates":null,"place":null,"contributors":null,"is_quote_status":false,"retweet_count":75,"favorite_count":15,"favorited":false,"retweeted":false,"possibly_sensitive":false,"lang":"ja"},{"created_at":"Wed Jul 05 11:37:52 +0000 2017","id":882564179860701200,"id_str":"882564179860701184","text":"【福岡 久留米 金丸川が氾濫危険水位超える】\n福岡県によりますと福岡県久留米市を流れる金丸川は、久留米市内の観測所で洪水が起きるおそれのある氾濫危険水位に達しました。\nhttps://t.co/c0xABemnm5","truncated":false,"entities":{"hashtags":[],"symbols":[],"user_mentions":[],"urls":[{"url":"https://t.co/c0xABemnm5","expanded_url":"http://nerv.link/m8UFqI","display_url":"nerv.link/m8UFqI","indices":[84,107]}]},"metadata":{"iso_language_code":"ja","result_type":"recent"},"source":"<a href=\"https://unnerv.jp/@UN_NERV\" rel=\"nofollow\">特務機関NERV MAGI</a>","in_reply_to_status_id":null,"in_reply_to_status_id_str":null,"in_reply_to_user_id":null,"in_reply_to_user_id_str":null,"in_reply_to_screen_name":null,"user":{"id":116548789,"id_str":"116548789","name":"特務機関NERV","screen_name":"UN_NERV","location":"第3新東京市","description":"U.N.NERV\r\nネルフです。本アカウントからの返信やRTは行えません。発表のみを行うアカウントとなります。お問い合わせなどは広報アカウント @NERVPR 宛にお願いいたします。ヤシマ作戦公式アカウントです。ヤシマ作戦及び本アカウントはエヴァンゲリオン版権元のご理解とご協力により、公認ですが非公式です。","url":"https://t.co/h4VV1lfQxP","entities":{"url":{"urls":[{"url":"https://t.co/h4VV1lfQxP","expanded_url":"https://unnerv.jp/@UN_NERV","display_url":"unnerv.jp/@UN_NERV","indices":[0,23]}]},"description":{"urls":[]}},"protected":false,"followers_count":423860,"friends_count":101,"listed_count":17105,"created_at":"Mon Feb 22 21:35:21 +0000 2010","favourites_count":1,"utc_offset":32400,"time_zone":"Tokyo","geo_enabled":false,"verified":false,"statuses_count":175866,"lang":"ja","contributors_enabled":false,"is_translator":false,"is_translation_enabled":false,"profile_background_color":"808080","profile_background_image_url":"http://pbs.twimg.com/profile_background_images/77623949/img74d96c6fzik8zj.png","profile_background_image_url_https":"https://pbs.twimg.com/profile_background_images/77623949/img74d96c6fzik8zj.png","profile_background_tile":false,"profile_image_url":"http://pbs.twimg.com/profile_images/1874890040/un_nerv_normal.png","profile_image_url_https":"https://pbs.twimg.com/profile_images/1874890040/un_nerv_normal.png","profile_banner_url":"https://pbs.twimg.com/profile_banners/116548789/1352202156","profile_link_color":"A8A8A8","profile_sidebar_border_color":"C20F0F","profile_sidebar_fill_color":"000000","profile_text_color":"D41515","profile_use_background_image":true,"has_extended_profile":false,"default_profile":false,"default_profile_image":false,"following":false,"follow_request_sent":false,"notifications":false,"translator_type":"none"},"geo":null,"coordinates":null,"place":null,"contributors":null,"is_quote_status":false,"retweet_count":57,"favorite_count":19,"favorited":false,"retweeted":false,"possibly_sensitive":false,"lang":"ja"},{"created_at":"Wed Jul 05 11:37:48 +0000 2017","id":882564161695129600,"id_str":"882564161695129600","text":"いつの事ってそういう訳じゃ無いんだけど。\n招待してもらったイベントとかで関係者席って所で観させて頂くことあるんだけど、大概そこには堂々と携帯いじったり、寝てるオトナがいたりする。\n終演後の挨拶させてもらう場で、平然といるそういう人みると白々しいなアと、思う。\nダカラ、キヲツケナ。","truncated":false,"entities":{"hashtags":[],"symbols":[],"user_mentions":[],"urls":[]},"metadata":{"iso_language_code":"ja","result_type":"recent"},"source":"<a href=\"http://twitter.com/download/iphone\" rel=\"nofollow\">Twitter for iPhone</a>","in_reply_to_status_id":null,"in_reply_to_status_id_str":null,"in_reply_to_user_id":null,"in_reply_to_user_id_str":null,"in_reply_to_screen_name":null,"user":{"id":266984549,"id_str":"266984549","name":"渋谷龍太 SUPER BEAVER","screen_name":"gyakutarou","location":"新宿","description":"実演家グループSUPER BEAVERで歌を歌っています。一人でご飯を食べるのが嫌いです。 弾き語りの私は澁谷逆太郎。▲https://t.co/BFTRDKHVj1▼木曜日27:00〜ニッポン放送\"渋谷龍太のオールナイトニッポン0\"","url":"https://t.co/p0d0tW4X3A","entities":{"url":{"urls":[{"url":"https://t.co/p0d0tW4X3A","expanded_url":"http://super-beaver.com","display_url":"super-beaver.com","indices":[0,23]}]},"description":{"urls":[{"url":"https://t.co/BFTRDKHVj1","expanded_url":"http://Instagram.com/gyakutarou","display_url":"Instagram.com/gyakutarou","indices":[60,83]}]}},"protected":false,"followers_count":53592,"friends_count":639,"listed_count":583,"created_at":"Wed Mar 16 04:08:08 +0000 2011","favourites_count":1,"utc_offset":null,"time_zone":null,"geo_enabled":true,"verified":true,"statuses_count":17123,"lang":"en","contributors_enabled":false,"is_translator":false,"is_translation_enabled":false,"profile_background_color":"C0DEED","profile_background_image_url":"http://abs.twimg.com/images/themes/theme1/bg.png","profile_background_image_url_https":"https://abs.twimg.com/images/themes/theme1/bg.png","profile_background_tile":false,"profile_image_url":"http://pbs.twimg.com/profile_images/815471770752815104/V7h1jvmZ_normal.jpg","profile_image_url_https":"https://pbs.twimg.com/profile_images/815471770752815104/V7h1jvmZ_normal.jpg","profile_banner_url":"https://pbs.twimg.com/profile_banners/266984549/1497427454","profile_link_color":"1DA1F2","profile_sidebar_border_color":"C0DEED","profile_sidebar_fill_color":"DDEEF6","profile_text_color":"333333","profile_use_background_image":true,"has_extended_profile":false,"default_profile":true,"default_profile_image":false,"following":false,"follow_request_sent":false,"notifications":false,"translator_type":"none"},"geo":null,"coordinates":null,"place":null,"contributors":null,"is_quote_status":false,"retweet_count":53,"favorite_count":264,"favorited":false,"retweeted":false,"lang":"ja"},{"created_at":"Wed Jul 05 11:37:38 +0000 2017","id":882564120624496600,"id_str":"882564120624496640","text":"台風っておっぱいみたいだよね。その破壊力たるや。まぁ、丸いものは大体おっぱいみたいなものなんですけどね。地球がおっぱいだし太陽も月もおっぱいだし、この世はおっぱいで出来ている。","truncated":false,"entities":{"hashtags":[],"symbols":[],"user_mentions":[],"urls":[]},"metadata":{"iso_language_code":"ja","result_type":"recent"},"source":"<a href=\"http://twitter.com/download/iphone\" rel=\"nofollow\">Twitter for iPhone</a>","in_reply_to_status_id":null,"in_reply_to_status_id_str":null,"in_reply_to_user_id":null,"in_reply_to_user_id_str":null,"in_reply_to_screen_name":null,"user":{"id":111942305,"id_str":"111942305","name":"原田ひとみ@夏コミ１日目東ほ05","screen_name":"vhitomin","location":"うにたんのとなり","description":"声優・歌手をやらせて頂いております。ポロリポロリと気ままにつぶやく日々。「はじノベ」発売。公式サイトhttps://t.co/Y0HGBCBI81 。ブログhttps://t.co/OWJVI86SQO 歌https://t.co/Vs7aYPOG1A 詳しく→https://t.co/p1I1dlQYO6","url":"https://t.co/OWJVI86SQO","entities":{"url":{"urls":[{"url":"https://t.co/OWJVI86SQO","expanded_url":"http://honeycontrast.jp/blog/","display_url":"honeycontrast.jp/blog/","indices":[0,23]}]},"description":{"urls":[{"url":"https://t.co/Y0HGBCBI81","expanded_url":"http://harada-hitomi.com","display_url":"harada-hitomi.com","indices":[50,73]},{"url":"https://t.co/OWJVI86SQO","expanded_url":"http://honeycontrast.jp/blog/","display_url":"honeycontrast.jp/blog/","indices":[78,101]},{"url":"https://t.co/Vs7aYPOG1A","expanded_url":"http://www.haradahitomi.com/","display_url":"haradahitomi.com","indices":[103,126]},{"url":"https://t.co/p1I1dlQYO6","expanded_url":"http://twpf.jp/vhitomin","display_url":"twpf.jp/vhitomin","indices":[131,154]}]}},"protected":false,"followers_count":163808,"friends_count":1,"listed_count":8104,"created_at":"Sat Feb 06 17:48:36 +0000 2010","favourites_count":28,"utc_offset":32400,"time_zone":"Tokyo","geo_enabled":false,"verified":true,"statuses_count":67031,"lang":"ja","contributors_enabled":false,"is_translator":false,"is_translation_enabled":true,"profile_background_color":"000000","profile_background_image_url":"http://abs.twimg.com/images/themes/theme1/bg.png","profile_background_image_url_https":"https://abs.twimg.com/images/themes/theme1/bg.png","profile_background_tile":false,"profile_image_url":"http://pbs.twimg.com/profile_images/681753316/Image385_normal.jpg","profile_image_url_https":"https://pbs.twimg.com/profile_images/681753316/Image385_normal.jpg","profile_link_color":"F5ABB5","profile_sidebar_border_color":"000000","profile_sidebar_fill_color":"000000","profile_text_color":"000000","profile_use_background_image":false,"has_extended_profile":false,"default_profile":false,"default_profile_image":false,"following":false,"follow_request_sent":false,"notifications":false,"translator_type":"none"},"geo":null,"coordinates":null,"place":null,"contributors":null,"is_quote_status":false,"retweet_count":116,"favorite_count":106,"favorited":false,"retweeted":false,"lang":"ja"},{"created_at":"Wed Jul 05 11:37:00 +0000 2017","id":882563962990059500,"id_str":"882563962990059521","text":"なるほど。\nみなさんありがとう！参考にします。すきな選手の動画とかめっちゃ見たら良いのかしらぁ。\n\nそいや写ルンです、自分でも購入しました。 https://t.co/1oX6NURVGu","truncated":false,"entities":{"hashtags":[],"symbols":[],"user_mentions":[],"urls":[],"media":[{"id":882563951711498200,"id_str":"882563951711498240","indices":[71,94],"media_url":"http://pbs.twimg.com/media/DD9_PPFUMAASe8y.jpg","media_url_https":"https://pbs.twimg.com/media/DD9_PPFUMAASe8y.jpg","url":"https://t.co/1oX6NURVGu","display_url":"pic.twitter.com/1oX6NURVGu","expanded_url":"https://twitter.com/maaya_taso/status/882563962990059521/photo/1","type":"photo","sizes":{"medium":{"w":960,"h":960,"resize":"fit"},"thumb":{"w":150,"h":150,"resize":"crop"},"large":{"w":960,"h":960,"resize":"fit"},"small":{"w":680,"h":680,"resize":"fit"}}}]},"extended_entities":{"media":[{"id":882563951711498200,"id_str":"882563951711498240","indices":[71,94],"media_url":"http://pbs.twimg.com/media/DD9_PPFUMAASe8y.jpg","media_url_https":"https://pbs.twimg.com/media/DD9_PPFUMAASe8y.jpg","url":"https://t.co/1oX6NURVGu","display_url":"pic.twitter.com/1oX6NURVGu","expanded_url":"https://twitter.com/maaya_taso/status/882563962990059521/photo/1","type":"photo","sizes":{"medium":{"w":960,"h":960,"resize":"fit"},"thumb":{"w":150,"h":150,"resize":"crop"},"large":{"w":960,"h":960,"resize":"fit"},"small":{"w":680,"h":680,"resize":"fit"}}}]},"metadata":{"iso_language_code":"ja","result_type":"recent"},"source":"<a href=\"http://twitter.com/download/iphone\" rel=\"nofollow\">Twitter for iPhone</a>","in_reply_to_status_id":null,"in_reply_to_status_id_str":null,"in_reply_to_user_id":null,"in_reply_to_user_id_str":null,"in_reply_to_screen_name":null,"user":{"id":795162847772717000,"id_str":"795162847772717056","name":"内田真礼","screen_name":"maaya_taso","location":"","description":"内田真礼です！始めました(^o^)/","url":null,"entities":{"description":{"urls":[]}},"protected":false,"followers_count":251211,"friends_count":5,"listed_count":4230,"created_at":"Sun Nov 06 07:16:11 +0000 2016","favourites_count":5,"utc_offset":null,"time_zone":null,"geo_enabled":false,"verified":false,"statuses_count":397,"lang":"ja","contributors_enabled":false,"is_translator":false,"is_translation_enabled":false,"profile_background_color":"F5F8FA","profile_background_image_url":null,"profile_background_image_url_https":null,"profile_background_tile":false,"profile_image_url":"http://pbs.twimg.com/profile_images/795172413898035201/e5SdVOXD_normal.jpg","profile_image_url_https":"https://pbs.twimg.com/profile_images/795172413898035201/e5SdVOXD_normal.jpg","profile_banner_url":"https://pbs.twimg.com/profile_banners/795162847772717056/1488508825","profile_link_color":"1DA1F2","profile_sidebar_border_color":"C0DEED","profile_sidebar_fill_color":"DDEEF6","profile_text_color":"333333","profile_use_background_image":true,"has_extended_profile":true,"default_profile":true,"default_profile_image":false,"following":false,"follow_request_sent":false,"notifications":false,"translator_type":"none"},"geo":null,"coordinates":null,"place":null,"contributors":null,"is_quote_status":false,"retweet_count":894,"favorite_count":2102,"favorited":false,"retweeted":false,"possibly_sensitive":false,"lang":"ja"},{"created_at":"Wed Jul 05 11:36:37 +0000 2017","id":882563865392717800,"id_str":"882563865392717824","text":"彼氏を喜ばせるためにベビードールを着たみたいな https://t.co/fkQIjNQ9ea","truncated":false,"entities":{"hashtags":[],"symbols":[],"user_mentions":[],"urls":[],"media":[{"id":882563860758020100,"id_str":"882563860758020096","indices":[24,47],"media_url":"http://pbs.twimg.com/media/DD9_J8QUQAA5QSb.jpg","media_url_https":"https://pbs.twimg.com/media/DD9_J8QUQAA5QSb.jpg","url":"https://t.co/fkQIjNQ9ea","display_url":"pic.twitter.com/fkQIjNQ9ea","expanded_url":"https://twitter.com/KU_RE_HA/status/882563865392717824/photo/1","type":"photo","sizes":{"large":{"w":714,"h":900,"resize":"fit"},"thumb":{"w":150,"h":150,"resize":"crop"},"small":{"w":539,"h":680,"resize":"fit"},"medium":{"w":714,"h":900,"resize":"fit"}}}]},"extended_entities":{"media":[{"id":882563860758020100,"id_str":"882563860758020096","indices":[24,47],"media_url":"http://pbs.twimg.com/media/DD9_J8QUQAA5QSb.jpg","media_url_https":"https://pbs.twimg.com/media/DD9_J8QUQAA5QSb.jpg","url":"https://t.co/fkQIjNQ9ea","display_url":"pic.twitter.com/fkQIjNQ9ea","expanded_url":"https://twitter.com/KU_RE_HA/status/882563865392717824/photo/1","type":"photo","sizes":{"large":{"w":714,"h":900,"resize":"fit"},"thumb":{"w":150,"h":150,"resize":"crop"},"small":{"w":539,"h":680,"resize":"fit"},"medium":{"w":714,"h":900,"resize":"fit"}}}]},"metadata":{"iso_language_code":"ja","result_type":"recent"},"source":"<a href=\"https://sites.google.com/site/tweentwitterclient/\" rel=\"nofollow\">Tween</a>","in_reply_to_status_id":null,"in_reply_to_status_id_str":null,"in_reply_to_user_id":null,"in_reply_to_user_id_str":null,"in_reply_to_screen_name":null,"user":{"id":110202507,"id_str":"110202507","name":"クレハ","screen_name":"KU_RE_HA","location":"新潟県長岡市","description":"お絵描き/ZZTセリカ/ポケモンレーティング","url":null,"entities":{"description":{"urls":[]}},"protected":false,"followers_count":11957,"friends_count":285,"listed_count":432,"created_at":"Sun Jan 31 18:31:39 +0000 2010","favourites_count":2784,"utc_offset":32400,"time_zone":"Tokyo","geo_enabled":true,"verified":false,"statuses_count":32705,"lang":"ja","contributors_enabled":false,"is_translator":false,"is_translation_enabled":false,"profile_background_color":"C0DEED","profile_background_image_url":"http://abs.twimg.com/images/themes/theme1/bg.png","profile_background_image_url_https":"https://abs.twimg.com/images/themes/theme1/bg.png","profile_background_tile":false,"profile_image_url":"http://pbs.twimg.com/profile_images/868418007961280512/Tx6ylNr5_normal.jpg","profile_image_url_https":"https://pbs.twimg.com/profile_images/868418007961280512/Tx6ylNr5_normal.jpg","profile_banner_url":"https://pbs.twimg.com/profile_banners/110202507/1399560730","profile_link_color":"1DA1F2","profile_sidebar_border_color":"C0DEED","profile_sidebar_fill_color":"DDEEF6","profile_text_color":"333333","profile_use_background_image":true,"has_extended_profile":false,"default_profile":true,"default_profile_image":false,"following":false,"follow_request_sent":false,"notifications":false,"translator_type":"none"},"geo":null,"coordinates":null,"place":null,"contributors":null,"is_quote_status":false,"retweet_count":55,"favorite_count":132,"favorited":false,"retweeted":false,"possibly_sensitive":false,"lang":"ja"},{"created_at":"Wed Jul 05 11:36:29 +0000 2017","id":882563831125246000,"id_str":"882563831125245952","text":"RT\n欲しいって感じの洋服だ！！！","truncated":false,"entities":{"hashtags":[],"symbols":[],"user_mentions":[],"urls":[]},"metadata":{"iso_language_code":"ja","result_type":"recent"},"source":"<a href=\"http://twitter.com/download/iphone\" rel=\"nofollow\">Twitter for iPhone</a>","in_reply_to_status_id":null,"in_reply_to_status_id_str":null,"in_reply_to_user_id":null,"in_reply_to_user_id_str":null,"in_reply_to_screen_name":null,"user":{"id":371610505,"id_str":"371610505","name":"山下大輝","screen_name":"DaiKing_boy","location":"","description":"新人声優です！！ 今よりもっと！を胸に毎日楽しく全力で駆け抜けていきます！！！肉が好きです。","url":null,"entities":{"description":{"urls":[]}},"protected":false,"followers_count":217244,"friends_count":316,"listed_count":7359,"created_at":"Sun Sep 11 05:28:38 +0000 2011","favourites_count":81,"utc_offset":-36000,"time_zone":"Hawaii","geo_enabled":false,"verified":false,"statuses_count":17633,"lang":"ja","contributors_enabled":false,"is_translator":false,"is_translation_enabled":false,"profile_background_color":"C0DEED","profile_background_image_url":"http://abs.twimg.com/images/themes/theme1/bg.png","profile_background_image_url_https":"https://abs.twimg.com/images/themes/theme1/bg.png","profile_background_tile":false,"profile_image_url":"http://pbs.twimg.com/profile_images/816265444092841984/D2oKnB38_normal.jpg","profile_image_url_https":"https://pbs.twimg.com/profile_images/816265444092841984/D2oKnB38_normal.jpg","profile_banner_url":"https://pbs.twimg.com/profile_banners/371610505/1478561702","profile_link_color":"1DA1F2","profile_sidebar_border_color":"C0DEED","profile_sidebar_fill_color":"DDEEF6","profile_text_color":"333333","profile_use_background_image":true,"has_extended_profile":true,"default_profile":true,"default_profile_image":false,"following":false,"follow_request_sent":false,"notifications":false,"translator_type":"none"},"geo":null,"coordinates":null,"place":null,"contributors":null,"is_quote_status":false,"retweet_count":62,"favorite_count":272,"favorited":false,"retweeted":false,"lang":"ja"},{"created_at":"Wed Jul 05 11:36:16 +0000 2017","id":882563777178120200,"id_str":"882563777178120192","text":"41分から今月イチのレアサーヴァントの波が見えるぞヘラクレス！！！！！！！！！！！！！！！！！！！！！！！！！！！！！！！！！！！！！！","truncated":false,"entities":{"hashtags":[],"symbols":[],"user_mentions":[],"urls":[]},"metadata":{"iso_language_code":"ja","result_type":"recent"},"source":"<a href=\"http://twitter.com/download/iphone\" rel=\"nofollow\">Twitter for iPhone</a>","in_reply_to_status_id":null,"in_reply_to_status_id_str":null,"in_reply_to_user_id":null,"in_reply_to_user_id_str":null,"in_reply_to_screen_name":null,"user":{"id":809770317090431000,"id_str":"809770317090430976","name":"フォロー外から推してくるイアソンbot","screen_name":"Jason_Argo_fate","location":"","description":"","url":null,"entities":{"description":{"urls":[]}},"protected":false,"followers_count":28166,"friends_count":2654,"listed_count":219,"created_at":"Fri Dec 16 14:41:03 +0000 2016","favourites_count":994,"utc_offset":-25200,"time_zone":"Pacific Time (US & Canada)","geo_enabled":false,"verified":false,"statuses_count":2058,"lang":"ja","contributors_enabled":false,"is_translator":false,"is_translation_enabled":false,"profile_background_color":"F5F8FA","profile_background_image_url":null,"profile_background_image_url_https":null,"profile_background_tile":false,"profile_image_url":"http://pbs.twimg.com/profile_images/875897679800184833/CnSUk2xj_normal.jpg","profile_image_url_https":"https://pbs.twimg.com/profile_images/875897679800184833/CnSUk2xj_normal.jpg","profile_banner_url":"https://pbs.twimg.com/profile_banners/809770317090430976/1494332064","profile_link_color":"1DA1F2","profile_sidebar_border_color":"C0DEED","profile_sidebar_fill_color":"DDEEF6","profile_text_color":"333333","profile_use_background_image":true,"has_extended_profile":false,"default_profile":true,"default_profile_image":false,"following":false,"follow_request_sent":false,"notifications":false,"translator_type":"none"},"geo":null,"coordinates":null,"place":null,"contributors":null,"is_quote_status":false,"retweet_count":117,"favorite_count":92,"favorited":false,"retweeted":false,"lang":"ja"},{"created_at":"Wed Jul 05 11:36:14 +0000 2017","id":882563769615896600,"id_str":"882563769615896576","text":"#ビキニの日\n艦これビキニ＾＾アイオワはちょっと手直ししました。 https://t.co/c0cKWIYjzE","truncated":false,"entities":{"hashtags":[{"text":"ビキニの日","indices":[0,6]}],"symbols":[],"user_mentions":[],"urls":[],"media":[{"id":882562775830085600,"id_str":"882562775830085632","indices":[33,56],"media_url":"http://pbs.twimg.com/media/DD9-KylVwAA4LR1.jpg","media_url_https":"https://pbs.twimg.com/media/DD9-KylVwAA4LR1.jpg","url":"https://t.co/c0cKWIYjzE","display_url":"pic.twitter.com/c0cKWIYjzE","expanded_url":"https://twitter.com/sankakusiro/status/882563769615896576/photo/1","type":"photo","sizes":{"medium":{"w":850,"h":1200,"resize":"fit"},"large":{"w":1000,"h":1412,"resize":"fit"},"small":{"w":482,"h":680,"resize":"fit"},"thumb":{"w":150,"h":150,"resize":"crop"}}}]},"extended_entities":{"media":[{"id":882562775830085600,"id_str":"882562775830085632","indices":[33,56],"media_url":"http://pbs.twimg.com/media/DD9-KylVwAA4LR1.jpg","media_url_https":"https://pbs.twimg.com/media/DD9-KylVwAA4LR1.jpg","url":"https://t.co/c0cKWIYjzE","display_url":"pic.twitter.com/c0cKWIYjzE","expanded_url":"https://twitter.com/sankakusiro/status/882563769615896576/photo/1","type":"photo","sizes":{"medium":{"w":850,"h":1200,"resize":"fit"},"large":{"w":1000,"h":1412,"resize":"fit"},"small":{"w":482,"h":680,"resize":"fit"},"thumb":{"w":150,"h":150,"resize":"crop"}}},{"id":882562859493752800,"id_str":"882562859493752835","indices":[33,56],"media_url":"http://pbs.twimg.com/media/DD9-PqQUAAMCIVC.jpg","media_url_https":"https://pbs.twimg.com/media/DD9-PqQUAAMCIVC.jpg","url":"https://t.co/c0cKWIYjzE","display_url":"pic.twitter.com/c0cKWIYjzE","expanded_url":"https://twitter.com/sankakusiro/status/882563769615896576/photo/1","type":"photo","sizes":{"large":{"w":1000,"h":1414,"resize":"fit"},"medium":{"w":849,"h":1200,"resize":"fit"},"thumb":{"w":150,"h":150,"resize":"crop"},"small":{"w":481,"h":680,"resize":"fit"}}},{"id":882563525847130100,"id_str":"882563525847130113","indices":[33,56],"media_url":"http://pbs.twimg.com/media/DD9-2cnVoAE_iFV.jpg","media_url_https":"https://pbs.twimg.com/media/DD9-2cnVoAE_iFV.jpg","url":"https://t.co/c0cKWIYjzE","display_url":"pic.twitter.com/c0cKWIYjzE","expanded_url":"https://twitter.com/sankakusiro/status/882563769615896576/photo/1","type":"photo","sizes":{"large":{"w":1000,"h":1414,"resize":"fit"},"thumb":{"w":150,"h":150,"resize":"crop"},"small":{"w":481,"h":680,"resize":"fit"},"medium":{"w":849,"h":1200,"resize":"fit"}}},{"id":882563596265312300,"id_str":"882563596265312256","indices":[33,56],"media_url":"http://pbs.twimg.com/media/DD9-6i8V0AAglat.jpg","media_url_https":"https://pbs.twimg.com/media/DD9-6i8V0AAglat.jpg","url":"https://t.co/c0cKWIYjzE","display_url":"pic.twitter.com/c0cKWIYjzE","expanded_url":"https://twitter.com/sankakusiro/status/882563769615896576/photo/1","type":"photo","sizes":{"medium":{"w":850,"h":1200,"resize":"fit"},"large":{"w":1000,"h":1412,"resize":"fit"},"small":{"w":482,"h":680,"resize":"fit"},"thumb":{"w":150,"h":150,"resize":"crop"}}}]},"metadata":{"iso_language_code":"ja","result_type":"recent"},"source":"<a href=\"http://twitter.com\" rel=\"nofollow\">Twitter Web Client</a>","in_reply_to_status_id":null,"in_reply_to_status_id_str":null,"in_reply_to_user_id":null,"in_reply_to_user_id_str":null,"in_reply_to_screen_name":null,"user":{"id":164119800,"id_str":"164119800","name":"サンカクスイ＠金曜東Q07a","screen_name":"sankakusiro","location":"メトロポリス","description":"大きめの乳房を好きで描くサンカクスイと申します。 時々商業のお仕事もやります。 基本エッチぃですので未成年さんはフォローをご遠慮下さい　　　　　     　　　　　　　　　　　　　pixiv＝https://t.co/SF582ZuetA","url":null,"entities":{"description":{"urls":[{"url":"https://t.co/SF582ZuetA","expanded_url":"http://pixiv.me/deltawhite","display_url":"pixiv.me/deltawhite","indices":[96,119]}]}},"protected":false,"followers_count":49560,"friends_count":983,"listed_count":963,"created_at":"Thu Jul 08 02:45:02 +0000 2010","favourites_count":46598,"utc_offset":-36000,"time_zone":"Hawaii","geo_enabled":false,"verified":false,"statuses_count":63697,"lang":"ja","contributors_enabled":false,"is_translator":false,"is_translation_enabled":false,"profile_background_color":"000000","profile_background_image_url":"http://abs.twimg.com/images/themes/theme1/bg.png","profile_background_image_url_https":"https://abs.twimg.com/images/themes/theme1/bg.png","profile_background_tile":false,"profile_image_url":"http://pbs.twimg.com/profile_images/843461645183537152/3jETOpIx_normal.jpg","profile_image_url_https":"https://pbs.twimg.com/profile_images/843461645183537152/3jETOpIx_normal.jpg","profile_banner_url":"https://pbs.twimg.com/profile_banners/164119800/1496663627","profile_link_color":"ABB8C2","profile_sidebar_border_color":"000000","profile_sidebar_fill_color":"000000","profile_text_color":"000000","profile_use_background_image":false,"has_extended_profile":true,"default_profile":false,"default_profile_image":false,"following":false,"follow_request_sent":false,"notifications":false,"translator_type":"none"},"geo":null,"coordinates":null,"place":null,"contributors":null,"is_quote_status":false,"retweet_count":55,"favorite_count":152,"favorited":false,"retweeted":false,"possibly_sensitive":true,"lang":"ja"},{"created_at":"Wed Jul 05 11:35:57 +0000 2017","id":882563697956094000,"id_str":"882563697956093952","text":"お世話になっております。\n\n今年の夏コミに参加することになりました。\n\n【１２日土曜日 東Ａ－52a】\n\n・予定\nコンドーム（無料）\nホテル型キーホルダー\nラブホテル４コマ\nドアノブサイン（ホテルのドアにかける「掃除しないでくださ… https://t.co/iNHScVpe0E","truncated":true,"entities":{"hashtags":[],"symbols":[],"user_mentions":[],"urls":[{"url":"https://t.co/iNHScVpe0E","expanded_url":"https://twitter.com/i/web/status/882563697956093952","display_url":"twitter.com/i/web/status/8…","indices":[117,140]}]},"metadata":{"iso_language_code":"ja","result_type":"recent"},"source":"<a href=\"http://twitter.com\" rel=\"nofollow\">Twitter Web Client</a>","in_reply_to_status_id":null,"in_reply_to_status_id_str":null,"in_reply_to_user_id":null,"in_reply_to_user_id_str":null,"in_reply_to_screen_name":null,"user":{"id":2317132424,"id_str":"2317132424","name":"上野  ラブホスタッフ","screen_name":"meguro_staff","location":"上野～池袋あたり","description":"ラブホの上野さんの原案、原作や恋愛のコラムを書いております。 各種ご連絡はhttps://t.co/dmJzXtbnDuのお問い合わせフォームより御願い致します。","url":"https://t.co/dmJzXtbnDu","entities":{"url":{"urls":[{"url":"https://t.co/dmJzXtbnDu","expanded_url":"http://ueno.link","display_url":"ueno.link","indices":[0,23]}]},"description":{"urls":[{"url":"https://t.co/dmJzXtbnDu","expanded_url":"http://ueno.link","display_url":"ueno.link","indices":[37,60]}]}},"protected":false,"followers_count":242277,"friends_count":2315,"listed_count":2766,"created_at":"Wed Jan 29 13:15:55 +0000 2014","favourites_count":900,"utc_offset":32400,"time_zone":"Tokyo","geo_enabled":false,"verified":false,"statuses_count":4413,"lang":"ja","contributors_enabled":false,"is_translator":false,"is_translation_enabled":false,"profile_background_color":"C0DEED","profile_background_image_url":"http://abs.twimg.com/images/themes/theme1/bg.png","profile_background_image_url_https":"https://abs.twimg.com/images/themes/theme1/bg.png","profile_background_tile":false,"profile_image_url":"http://pbs.twimg.com/profile_images/644012880359124992/BRDDuqVF_normal.png","profile_image_url_https":"https://pbs.twimg.com/profile_images/644012880359124992/BRDDuqVF_normal.png","profile_banner_url":"https://pbs.twimg.com/profile_banners/2317132424/1442379626","profile_link_color":"1DA1F2","profile_sidebar_border_color":"C0DEED","profile_sidebar_fill_color":"DDEEF6","profile_text_color":"333333","profile_use_background_image":true,"has_extended_profile":false,"default_profile":true,"default_profile_image":false,"following":false,"follow_request_sent":false,"notifications":false,"translator_type":"none"},"geo":null,"coordinates":null,"place":null,"contributors":null,"is_quote_status":false,"retweet_count":211,"favorite_count":209,"favorited":false,"retweeted":false,"possibly_sensitive":false,"lang":"ja"},{"created_at":"Wed Jul 05 11:35:56 +0000 2017","id":882563692432207900,"id_str":"882563692432207873","text":"また現在配信中のシーズンイベント『真夏のSparkleMemory』のイベントスチル原画も担当しております！よろしくお願いします😊🎆","truncated":false,"entities":{"hashtags":[],"symbols":[],"user_mentions":[],"urls":[]},"metadata":{"iso_language_code":"ja","result_type":"recent"},"source":"<a href=\"http://twitter.com\" rel=\"nofollow\">Twitter Web Client</a>","in_reply_to_status_id":null,"in_reply_to_status_id_str":null,"in_reply_to_user_id":null,"in_reply_to_user_id_str":null,"in_reply_to_screen_name":null,"user":{"id":88925810,"id_str":"88925810","name":"冨士原良","screen_name":"wsise47","location":"Japan","description":"フリーイラストレーター。キャラクターデザイン、ゲーム、書籍、CDジャケットを主にお仕事してます。漫画も描きます。個別にお返事はほとんど出来てませんが、フォローリプライお気軽にどうぞ！","url":"https://t.co/8yGj2Ja3fx","entities":{"url":{"urls":[{"url":"https://t.co/8yGj2Ja3fx","expanded_url":"http://wsise.blog40.fc2.com/","display_url":"wsise.blog40.fc2.com","indices":[0,23]}]},"description":{"urls":[]}},"protected":false,"followers_count":66261,"friends_count":186,"listed_count":1130,"created_at":"Tue Nov 10 13:20:32 +0000 2009","favourites_count":480,"utc_offset":-36000,"time_zone":"Hawaii","geo_enabled":false,"verified":false,"statuses_count":1844,"lang":"ja","contributors_enabled":false,"is_translator":false,"is_translation_enabled":false,"profile_background_color":"FFFFFF","profile_background_image_url":"http://pbs.twimg.com/profile_background_images/276180382/5.gif","profile_background_image_url_https":"https://pbs.twimg.com/profile_background_images/276180382/5.gif","profile_background_tile":true,"profile_image_url":"http://pbs.twimg.com/profile_images/815544769359192064/ERGS8_AY_normal.jpg","profile_image_url_https":"https://pbs.twimg.com/profile_images/815544769359192064/ERGS8_AY_normal.jpg","profile_banner_url":"https://pbs.twimg.com/profile_banners/88925810/1457350538","profile_link_color":"C9C908","profile_sidebar_border_color":"FFFFFF","profile_sidebar_fill_color":"0098AF","profile_text_color":"FFFFFF","profile_use_background_image":true,"has_extended_profile":false,"default_profile":false,"default_profile_image":false,"following":false,"follow_request_sent":false,"notifications":false,"translator_type":"none"},"geo":null,"coordinates":null,"place":null,"contributors":null,"is_quote_status":false,"retweet_count":85,"favorite_count":245,"favorited":false,"retweeted":false,"lang":"ja"}],"search_metadata":{"completed_in":0.054,"max_id":882564779075698700,"max_id_str":"882564779075698688","next_results":"?max_id=882563692432207872&q=lang%3Aja%20min_retweets%3A50&include_entities=1","query":"lang%3Aja+min_retweets%3A50","refresh_url":"?since_id=882564779075698688&q=lang%3Aja%20min_retweets%3A50&include_entities=1","count":15,"since_id":0,"since_id_str":"0"}}