{"statuses":[{"created_at":"Wed Jul 05 15:39:24 +0000 2017","id":882624963605274600,"id_str":"882624963605274628","text":"TVアニメ『ダーリン・イン・ザ・フランキス』公式サイト公開！監督・錦織敦史、キャラクターデザイン総作画監督・田中将賀／制作A-1 Pictures×TRIGGER ご期待ください！！https://t.co/VUitUvqMqK  https://t.co/grjIbDLNpd","truncated":false,"entities":{"hashtags":[],"symbols":[],"user_mentions":[],"urls":[{"url":"https://t.co/VUitUvqMqK","expanded_url":"http://darli-fra.jp","display_url":"darli-fra.jp","indices":[91,114]},{"url":"https://t.co/grjIbDLNpd","expanded_url":"https://twitter.com/DARLI_FRA","display_url":"twitter.com/DARLI_FRA","indices":[116,139]}]},"metadata":{"iso_language_code":"ja","result_type":"recent"},"source":"<a href=\"http://twitter.com\" rel=\"nofollow\">Twitter Web Client</a>","in_reply_to_status_id":null,"in_reply_to_status_id_str":null,"in_reply_to_user_id":null,"in_reply_to_user_id_str":null,"in_reply_to_screen_name":null,"user":{"id":552680496,"id_str":"552680496","name":"TRIGGER Inc.","screen_name":"trigger_inc","location":"","description":"アニメーションスタジオ・株式会社トリガーの公式アカウントです。 トリガーの最新情報を発信します！たまに、スタジオ内での出来事なんかも！？","url":"http://t.co/9EMBvjt4Am","entities":{"url":{"urls":[{"url":"http://t.co/9EMBvjt4Am","expanded_url":"http://www.st-trigger.co.jp/","display_url":"st-trigger.co.jp","indices":[0,22]}]},"description":{"urls":[]}},"protected":false,"followers_count":55678,"friends_count":43,"listed_count":1113,"created_at":"Fri Apr 13 10:46:29 +0000 2012","favourites_count":30,"utc_offset":32400,"time_zone":"Tokyo","geo_enabled":false,"verified":false,"statuses_count":4892,"lang":"ja","contributors_enabled":false,"is_translator":false,"is_translation_enabled":false,"profile_background_color":"C0DEED","profile_background_image_url":"http://pbs.twimg.com/profile_background_images/524570172/1024x768.jpg","profile_background_image_url_https":"https://pbs.twimg.com/profile_background_images/524570172/1024x768.jpg","profile_background_tile":true,"profile_image_url":"http://pbs.twimg.com/profile_images/2135364201/0322B75A-39A2-4C64-94D4-34D55F8497BA_normal.jpg","profile_image_url_https":"https://pbs.twimg.com/profile_images/2135364201/0322B75A-39A2-4C64-94D4-34D55F8497BA_normal.jpg","profile_banner_url":"https://pbs.twimg.com/profile_banners/552680496/1459500141","profile_link_color":"0084B4","profile_sidebar_border_color":"C0DEED","profile_sidebar_fill_color":"DDEEF6","profile_text_color":"333333","profile_use_background_image":true,"has_extended_profile":false,"default_profile":false,"default_profile_image":false,"following":false,"follow_request_sent":false,"notifications":false,"translator_type":"none"},"geo":null,"coordinates":null,"place":null,"contributors":null,"is_quote_status":false,"retweet_count":148,"favorite_count":94,"favorited":false,"retweeted":false,"possibly_sensitive":false,"lang":"ja"},{"created_at":"Wed Jul 05 15:39:00 +0000 2017","id":882624863612960800,"id_str":"882624863612960769","text":"ねぇ皆さん聞いてくださいよ……\n\n莉緒ねぇに……\n\nメールの返信できた……\n\n今日は赤飯よ…💋","truncated":false,"entities":{"hashtags":[],"symbols":[],"user_mentions":[],"urls":[]},"metadata":{"iso_language_code":"ja","result_type":"recent"},"source":"<a href=\"http://twitter.com/download/iphone\" rel=\"nofollow\">Twitter for iPhone</a>","in_reply_to_status_id":null,"in_reply_to_status_id_str":null,"in_reply_to_user_id":null,"in_reply_to_user_id_str":null,"in_reply_to_screen_name":null,"user":{"id":372890603,"id_str":"372890603","name":"山口立花子（◎）ちくわP","screen_name":"YamaguchiRikako","location":"ちくわの穴の中に生息","description":"山口立花子です！サンミュージックプロダクション所属の声優です。タチバナコじゃないんですよ、『りかこ』って読むんですよ。 飼ってる亀と猫をこよなく愛してますヽ(´▽｀)ノでも亀は私を噛みます…。 あと、クマが好きです！和が好きです！ちくわＰです！ リプライは事務所の方針で、原則お知り合いにしか返せませんごめんなさい！","url":"https://t.co/AzfJuv3S6o","entities":{"url":{"urls":[{"url":"https://t.co/AzfJuv3S6o","expanded_url":"http://ameblo.jp/genki-morisoba/","display_url":"ameblo.jp/genki-morisoba/","indices":[0,23]}]},"description":{"urls":[]}},"protected":false,"followers_count":39489,"friends_count":396,"listed_count":2246,"created_at":"Tue Sep 13 16:17:56 +0000 2011","favourites_count":73,"utc_offset":32400,"time_zone":"Tokyo","geo_enabled":false,"verified":false,"statuses_count":19544,"lang":"ja","contributors_enabled":false,"is_translator":false,"is_translation_enabled":false,"profile_background_color":"FF6699","profile_background_image_url":"http://abs.twimg.com/images/themes/theme11/bg.gif","profile_background_image_url_https":"https://abs.twimg.com/images/themes/theme11/bg.gif","profile_background_tile":true,"profile_image_url":"http://pbs.twimg.com/profile_images/813044695655849984/BYiR2OQ2_normal.jpg","profile_image_url_https":"https://pbs.twimg.com/profile_images/813044695655849984/BYiR2OQ2_normal.jpg","profile_banner_url":"https://pbs.twimg.com/profile_banners/372890603/1460306257","profile_link_color":"B40B43","profile_sidebar_border_color":"CC3366","profile_sidebar_fill_color":"E5507E","profile_text_color":"362720","profile_use_background_image":true,"has_extended_profile":true,"default_profile":false,"default_profile_image":false,"following":false,"follow_request_sent":false,"notifications":false,"translator_type":"none"},"geo":null,"coordinates":null,"place":null,"contributors":null,"is_quote_status":false,"retweet_count":91,"favorite_count":143,"favorited":false,"retweeted":false,"lang":"ja"},{"created_at":"Wed Jul 05 15:38:37 +0000 2017","id":882624765097201700,"id_str":"882624765097201664","text":"こう言っちゃなんですがぼくもグレンラガンやってたんですよ…wikiのスタッフ欄にすら載ってないけどホントだよ","truncated":false,"entities":{"hashtags":[],"symbols":[],"user_mentions":[],"urls":[]},"metadata":{"iso_language_code":"ja","result_type":"recent"},"source":"<a href=\"http://twitter.com/download/iphone\" rel=\"nofollow\">Twitter for iPhone</a>","in_reply_to_status_id":null,"in_reply_to_status_id_str":null,"in_reply_to_user_id":null,"in_reply_to_user_id_str":null,"in_reply_to_screen_name":null,"user":{"id":123140561,"id_str":"123140561","name":"コヤマシゲト","screen_name":"Joey__Jones","location":"Center City","description":"デザイナーです。","url":null,"entities":{"description":{"urls":[]}},"protected":false,"followers_count":26773,"friends_count":1425,"listed_count":1265,"created_at":"Mon Mar 15 03:59:18 +0000 2010","favourites_count":381,"utc_offset":32400,"time_zone":"Tokyo","geo_enabled":false,"verified":false,"statuses_count":70437,"lang":"ja","contributors_enabled":false,"is_translator":false,"is_translation_enabled":false,"profile_background_color":"FFDD00","profile_background_image_url":"http://pbs.twimg.com/profile_background_images/83427698/logohbW.gif","profile_background_image_url_https":"https://pbs.twimg.com/profile_background_images/83427698/logohbW.gif","profile_background_tile":true,"profile_image_url":"http://pbs.twimg.com/profile_images/1751198948/JcJ_normal.jpg","profile_image_url_https":"https://pbs.twimg.com/profile_images/1751198948/JcJ_normal.jpg","profile_banner_url":"https://pbs.twimg.com/profile_banners/123140561/1408061689","profile_link_color":"7A7A7A","profile_sidebar_border_color":"FFFFFF","profile_sidebar_fill_color":"EFEFEF","profile_text_color":"333333","profile_use_background_image":true,"has_extended_profile":false,"default_profile":false,"default_profile_image":false,"following":false,"follow_request_sent":false,"notifications":false,"translator_type":"none"},"geo":null,"coordinates":null,"place":null,"contributors":null,"is_quote_status":false,"retweet_count":115,"favorite_count":106,"favorited":false,"retweeted":false,"lang":"ja"},{"created_at":"Wed Jul 05 15:38:31 +0000 2017","id":882624741521018900,"id_str":"882624741521018880","text":"えっ…みなさん、何故勃起しているのですか…？ https://t.co/MtK0DPISRk","truncated":false,"entities":{"hashtags":[],"symbols":[],"user_mentions":[],"urls":[],"media":[{"id":882624738203390000,"id_str":"882624738203389952","indices":[23,46],"media_url":"http://pbs.twimg.com/media/DD-2heaV0AASyd8.jpg","media_url_https":"https://pbs.twimg.com/media/DD-2heaV0AASyd8.jpg","url":"https://t.co/MtK0DPISRk","display_url":"pic.twitter.com/MtK0DPISRk","expanded_url":"https://twitter.com/bot_erection/status/882624741521018880/photo/1","type":"photo","sizes":{"small":{"w":680,"h":383,"resize":"fit"},"large":{"w":1440,"h":812,"resize":"fit"},"thumb":{"w":150,"h":150,"resize":"crop"},"medium":{"w":1200,"h":677,"resize":"fit"}}}]},"extended_entities":{"media":[{"id":882624738203390000,"id_str":"882624738203389952","indices":[23,46],"media_url":"http://pbs.twimg.com/media/DD-2heaV0AASyd8.jpg","media_url_https":"https://pbs.twimg.com/media/DD-2heaV0AASyd8.jpg","url":"https://t.co/MtK0DPISRk","display_url":"pic.twitter.com/MtK0DPISRk","expanded_url":"https://twitter.com/bot_erection/status/882624741521018880/photo/1","type":"photo","sizes":{"small":{"w":680,"h":383,"resize":"fit"},"large":{"w":1440,"h":812,"resize":"fit"},"thumb":{"w":150,"h":150,"resize":"crop"},"medium":{"w":1200,"h":677,"resize":"fit"}}}]},"metadata":{"iso_language_code":"ja","result_type":"recent"},"source":"<a href=\"http://tapbots.com/tweetbot\" rel=\"nofollow\">Tweetbot for iΟS</a>","in_reply_to_status_id":null,"in_reply_to_status_id_str":null,"in_reply_to_user_id":null,"in_reply_to_user_id_str":null,"in_reply_to_screen_name":null,"user":{"id":3310890074,"id_str":"3310890074","name":"勃起タイムbot","screen_name":"bot_erection","location":"勃起タイムきららミラク","description":"女の子に勃起の反応をさせる手動botです。1周年を迎えました。三次元成分はありません。リプで画像を送って頂ければ使うかもしれません。当アカウントは勃起タイムbot以外のアカウントを所有しておりませんので他の類似アカウントにご注意ください。","url":null,"entities":{"description":{"urls":[]}},"protected":false,"followers_count":91631,"friends_count":10430,"listed_count":1280,"created_at":"Sun Aug 09 21:17:53 +0000 2015","favourites_count":214,"utc_offset":null,"time_zone":null,"geo_enabled":false,"verified":false,"statuses_count":6148,"lang":"ja","contributors_enabled":false,"is_translator":false,"is_translation_enabled":false,"profile_background_color":"000000","profile_background_image_url":"http://abs.twimg.com/images/themes/theme1/bg.png","profile_background_image_url_https":"https://abs.twimg.com/images/themes/theme1/bg.png","profile_background_tile":false,"profile_image_url":"http://pbs.twimg.com/profile_images/848007068665520128/P7YWuh9I_normal.jpg","profile_image_url_https":"https://pbs.twimg.com/profile_images/848007068665520128/P7YWuh9I_normal.jpg","profile_link_color":"F5ABB5","profile_sidebar_border_color":"000000","profile_sidebar_fill_color":"000000","profile_text_color":"000000","profile_use_background_image":false,"has_extended_profile":false,"default_profile":false,"default_profile_image":false,"following":false,"follow_request_sent":false,"notifications":false,"translator_type":"none"},"geo":null,"coordinates":null,"place":null,"contributors":null,"is_quote_status":false,"retweet_count":103,"favorite_count":131,"favorited":false,"retweeted":false,"possibly_sensitive":false,"lang":"ja"},{"created_at":"Wed Jul 05 15:38:05 +0000 2017","id":882624631105921000,"id_str":"882624631105921024","text":"というわけで、事務所に所属しました！！！\n\nおい、ユッカって誰だ\n浮いてね？！？！\n#EDGE https://t.co/qNvDutCgQg","truncated":false,"entities":{"hashtags":[{"text":"EDGE","indices":[42,47]}],"symbols":[],"user_mentions":[],"urls":[],"media":[{"id":882624618883727400,"id_str":"882624618883727360","indices":[48,71],"media_url":"http://pbs.twimg.com/media/DD-2ah6UQAA25gK.jpg","media_url_https":"https://pbs.twimg.com/media/DD-2ah6UQAA25gK.jpg","url":"https://t.co/qNvDutCgQg","display_url":"pic.twitter.com/qNvDutCgQg","expanded_url":"https://twitter.com/Yucca_yusa/status/882624631105921024/photo/1","type":"photo","sizes":{"small":{"w":680,"h":383,"resize":"fit"},"thumb":{"w":150,"h":150,"resize":"crop"},"large":{"w":2048,"h":1152,"resize":"fit"},"medium":{"w":1200,"h":675,"resize":"fit"}}}]},"extended_entities":{"media":[{"id":882624618883727400,"id_str":"882624618883727360","indices":[48,71],"media_url":"http://pbs.twimg.com/media/DD-2ah6UQAA25gK.jpg","media_url_https":"https://pbs.twimg.com/media/DD-2ah6UQAA25gK.jpg","url":"https://t.co/qNvDutCgQg","display_url":"pic.twitter.com/qNvDutCgQg","expanded_url":"https://twitter.com/Yucca_yusa/status/882624631105921024/photo/1","type":"photo","sizes":{"small":{"w":680,"h":383,"resize":"fit"},"thumb":{"w":150,"h":150,"resize":"crop"},"large":{"w":2048,"h":1152,"resize":"fit"},"medium":{"w":1200,"h":675,"resize":"fit"}}},{"id":882624618879533000,"id_str":"882624618879533057","indices":[48,71],"media_url":"http://pbs.twimg.com/media/DD-2ah5UQAEEd6a.jpg","media_url_https":"https://pbs.twimg.com/media/DD-2ah5UQAEEd6a.jpg","url":"https://t.co/qNvDutCgQg","display_url":"pic.twitter.com/qNvDutCgQg","expanded_url":"https://twitter.com/Yucca_yusa/status/882624631105921024/photo/1","type":"photo","sizes":{"small":{"w":624,"h":680,"resize":"fit"},"thumb":{"w":150,"h":150,"resize":"crop"},"medium":{"w":1102,"h":1200,"resize":"fit"},"large":{"w":1276,"h":1390,"resize":"fit"}}}]},"metadata":{"iso_language_code":"ja","result_type":"recent"},"source":"<a href=\"http://twitter.com/download/iphone\" rel=\"nofollow\">Twitter for iPhone</a>","in_reply_to_status_id":null,"in_reply_to_status_id_str":null,"in_reply_to_user_id":null,"in_reply_to_user_id_str":null,"in_reply_to_screen_name":null,"user":{"id":752660997597372400,"id_str":"752660997597372417","name":"ユッカ@16万人に感謝✨","screen_name":"Yucca_yusa","location":"チャンネル登録→\n","description":"主にマリオメーカーのゲーム実況してます！登録者160000人Over リプは返せる時はガンガン返すことがあります！ チャンネル登録してくれたその瞬間からあなたはユッ家族✨サブ垢@yucca_sub","url":"https://t.co/JfWYYYhAv7","entities":{"url":{"urls":[{"url":"https://t.co/JfWYYYhAv7","expanded_url":"https://goo.gl/JNbXGB","display_url":"goo.gl/JNbXGB","indices":[0,23]}]},"description":{"urls":[]}},"protected":false,"followers_count":29773,"friends_count":41,"listed_count":100,"created_at":"Tue Jul 12 00:29:00 +0000 2016","favourites_count":3756,"utc_offset":null,"time_zone":null,"geo_enabled":false,"verified":false,"statuses_count":1979,"lang":"ja","contributors_enabled":false,"is_translator":false,"is_translation_enabled":false,"profile_background_color":"F5F8FA","profile_background_image_url":null,"profile_background_image_url_https":null,"profile_background_tile":false,"profile_image_url":"http://pbs.twimg.com/profile_images/849009854014291968/gcrocJeU_normal.jpg","profile_image_url_https":"https://pbs.twimg.com/profile_images/849009854014291968/gcrocJeU_normal.jpg","profile_banner_url":"https://pbs.twimg.com/profile_banners/752660997597372417/1498776744","profile_link_color":"1DA1F2","profile_sidebar_border_color":"C0DEED","profile_sidebar_fill_color":"DDEEF6","profile_text_color":"333333","profile_use_background_image":true,"has_extended_profile":false,"default_profile":true,"default_profile_image":false,"following":false,"follow_request_sent":false,"notifications":false,"translator_type":"none"},"geo":null,"coordinates":null,"place":null,"contributors":null,"is_quote_status":false,"retweet_count":59,"favorite_count":233,"favorited":false,"retweeted":false,"possibly_sensitive":false,"lang":"ja"},{"created_at":"Wed Jul 05 15:37:53 +0000 2017","id":882624580426145800,"id_str":"882624580426145792","text":"じゃ、俺も https://t.co/P2kRuvorqb","truncated":false,"entities":{"hashtags":[],"symbols":[],"user_mentions":[],"urls":[],"media":[{"id":882624576970031100,"id_str":"882624576970031104","indices":[6,29],"media_url":"http://pbs.twimg.com/media/DD-2YFxUAAAkKbE.jpg","media_url_https":"https://pbs.twimg.com/media/DD-2YFxUAAAkKbE.jpg","url":"https://t.co/P2kRuvorqb","display_url":"pic.twitter.com/P2kRuvorqb","expanded_url":"https://twitter.com/sushio_/status/882624580426145792/photo/1","type":"photo","sizes":{"large":{"w":569,"h":800,"resize":"fit"},"medium":{"w":569,"h":800,"resize":"fit"},"thumb":{"w":150,"h":150,"resize":"crop"},"small":{"w":484,"h":680,"resize":"fit"}}}]},"extended_entities":{"media":[{"id":882624576970031100,"id_str":"882624576970031104","indices":[6,29],"media_url":"http://pbs.twimg.com/media/DD-2YFxUAAAkKbE.jpg","media_url_https":"https://pbs.twimg.com/media/DD-2YFxUAAAkKbE.jpg","url":"https://t.co/P2kRuvorqb","display_url":"pic.twitter.com/P2kRuvorqb","expanded_url":"https://twitter.com/sushio_/status/882624580426145792/photo/1","type":"photo","sizes":{"large":{"w":569,"h":800,"resize":"fit"},"medium":{"w":569,"h":800,"resize":"fit"},"thumb":{"w":150,"h":150,"resize":"crop"},"small":{"w":484,"h":680,"resize":"fit"}}}]},"metadata":{"iso_language_code":"ja","result_type":"recent"},"source":"<a href=\"http://tapbots.com/tweetbot\" rel=\"nofollow\">Tweetbot for iΟS</a>","in_reply_to_status_id":null,"in_reply_to_status_id_str":null,"in_reply_to_user_id":null,"in_reply_to_user_id_str":null,"in_reply_to_screen_name":null,"user":{"id":140190286,"id_str":"140190286","name":"スシオグミカンパニー","screen_name":"sushio_","location":"NEO OGIKUBO","description":"アニメーター21周年！ \nAKIRAが大好き マコちゃんが大好き\n(ﾉ)´௰｀(ヾ)\n BiS、BiSH、 GANG PARADE大好き\nWACK 依存症","url":"https://t.co/tqItMylO0O","entities":{"url":{"urls":[{"url":"https://t.co/tqItMylO0O","expanded_url":"http://p.twipple.jp/user/sushio_","display_url":"p.twipple.jp/user/sushio_","indices":[0,23]}]},"description":{"urls":[]}},"protected":false,"followers_count":110065,"friends_count":568,"listed_count":3134,"created_at":"Tue May 04 21:10:05 +0000 2010","favourites_count":1663,"utc_offset":32400,"time_zone":"Tokyo","geo_enabled":false,"verified":false,"statuses_count":11488,"lang":"ja","contributors_enabled":false,"is_translator":false,"is_translation_enabled":false,"profile_background_color":"0099B9","profile_background_image_url":"http://pbs.twimg.com/profile_background_images/103907115/_____4.jpg","profile_background_image_url_https":"https://pbs.twimg.com/profile_background_images/103907115/_____4.jpg","profile_background_tile":true,"profile_image_url":"http://pbs.twimg.com/profile_images/773769954139049984/ueh9unCf_normal.jpg","profile_image_url_https":"https://pbs.twimg.com/profile_images/773769954139049984/ueh9unCf_normal.jpg","profile_banner_url":"https://pbs.twimg.com/profile_banners/140190286/1484856198","profile_link_color":"0099B9","profile_sidebar_border_color":"5ED4DC","profile_sidebar_fill_color":"95E8EC","profile_text_color":"3C3940","profile_use_background_image":true,"has_extended_profile":false,"default_profile":false,"default_profile_image":false,"following":false,"follow_request_sent":false,"notifications":false,"translator_type":"none"},"geo":null,"coordinates":null,"place":null,"contributors":null,"is_quote_status":false,"retweet_count":627,"favorite_count":743,"favorited":false,"retweeted":false,"possibly_sensitive":false,"lang":"ja"},{"created_at":"Wed Jul 05 15:37:21 +0000 2017","id":882624449299701800,"id_str":"882624449299701761","text":"19世紀末、英国貴族、ジョースター卿は恩人の息子、ディオを養子にする。だがディオは本当の息子、ジョナサン（ジョジョ）を退け、疲れからか、不幸にも黒塗りの高級車に追突してしまう。後輩をかばいすべての責任を負った三浦に対し、車の主、暴力団員谷岡に言い渡された示談の条件とは…。","truncated":false,"entities":{"hashtags":[],"symbols":[],"user_mentions":[],"urls":[]},"metadata":{"iso_language_code":"ja","result_type":"recent"},"source":"<a href=\"https://twitter.com/jidan_no_jouken\" rel=\"nofollow\">下北沢の路上</a>","in_reply_to_status_id":null,"in_reply_to_status_id_str":null,"in_reply_to_user_id":null,"in_reply_to_user_id_str":null,"in_reply_to_screen_name":null,"user":{"id":2569492147,"id_str":"2569492147","name":"黒塗りの高級車に追突してしまうbot","screen_name":"jidan_no_jouken","location":"下北沢","description":"試合を終えて家路へ向かうサッカー部員達。疲れからか、不幸にも黒塗りの高級車に追突してしまう。後輩をかばいすべての責任を負った三浦に対し、車の主、暴力団員谷岡に言い渡された示談の条件とは…。","url":null,"entities":{"description":{"urls":[]}},"protected":false,"followers_count":109135,"friends_count":2,"listed_count":1449,"created_at":"Sun Jun 15 18:46:10 +0000 2014","favourites_count":1,"utc_offset":null,"time_zone":null,"geo_enabled":false,"verified":false,"statuses_count":11652,"lang":"ja","contributors_enabled":false,"is_translator":false,"is_translation_enabled":false,"profile_background_color":"C0DEED","profile_background_image_url":"http://pbs.twimg.com/profile_background_images/498748430911410176/Gjwgg1v1.jpeg","profile_background_image_url_https":"https://pbs.twimg.com/profile_background_images/498748430911410176/Gjwgg1v1.jpeg","profile_background_tile":true,"profile_image_url":"http://pbs.twimg.com/profile_images/860146502571708416/lqtw6EtK_normal.jpg","profile_image_url_https":"https://pbs.twimg.com/profile_images/860146502571708416/lqtw6EtK_normal.jpg","profile_banner_url":"https://pbs.twimg.com/profile_banners/2569492147/1402858519","profile_link_color":"0084B4","profile_sidebar_border_color":"FFFFFF","profile_sidebar_fill_color":"DDEEF6","profile_text_color":"333333","profile_use_background_image":true,"has_extended_profile":false,"default_profile":false,"default_profile_image":false,"following":false,"follow_request_sent":false,"notifications":false,"translator_type":"none"},"geo":null,"coordinates":null,"place":null,"contributors":null,"is_quote_status":false,"retweet_count":52,"favorite_count":58,"favorited":false,"retweeted":false,"lang":"ja"},{"created_at":"Wed Jul 05 15:36:54 +0000 2017","id":882624336384860200,"id_str":"882624336384860160","text":"夏コミ https://t.co/Rgp935xOxi","truncated":false,"entities":{"hashtags":[],"symbols":[],"user_mentions":[],"urls":[],"media":[{"id":882624328956747800,"id_str":"882624328956747777","indices":[4,27],"media_url":"http://pbs.twimg.com/media/DD-2Jp2VoAECfxU.jpg","media_url_https":"https://pbs.twimg.com/media/DD-2Jp2VoAECfxU.jpg","url":"https://t.co/Rgp935xOxi","display_url":"pic.twitter.com/Rgp935xOxi","expanded_url":"https://twitter.com/kurocat16/status/882624336384860160/photo/1","type":"photo","sizes":{"small":{"w":666,"h":680,"resize":"fit"},"large":{"w":699,"h":714,"resize":"fit"},"thumb":{"w":150,"h":150,"resize":"crop"},"medium":{"w":699,"h":714,"resize":"fit"}}}]},"extended_entities":{"media":[{"id":882624328956747800,"id_str":"882624328956747777","indices":[4,27],"media_url":"http://pbs.twimg.com/media/DD-2Jp2VoAECfxU.jpg","media_url_https":"https://pbs.twimg.com/media/DD-2Jp2VoAECfxU.jpg","url":"https://t.co/Rgp935xOxi","display_url":"pic.twitter.com/Rgp935xOxi","expanded_url":"https://twitter.com/kurocat16/status/882624336384860160/photo/1","type":"photo","sizes":{"small":{"w":666,"h":680,"resize":"fit"},"large":{"w":699,"h":714,"resize":"fit"},"thumb":{"w":150,"h":150,"resize":"crop"},"medium":{"w":699,"h":714,"resize":"fit"}}}]},"metadata":{"iso_language_code":"ja","result_type":"recent"},"source":"<a href=\"http://twitter.com/#!/download/ipad\" rel=\"nofollow\">Twitter for iPad</a>","in_reply_to_status_id":null,"in_reply_to_status_id_str":null,"in_reply_to_user_id":null,"in_reply_to_user_id_str":null,"in_reply_to_screen_name":null,"user":{"id":701370874536984600,"id_str":"701370874536984576","name":"あかざわRED♨️画像用","screen_name":"kurocat16","location":"18歳未満には不適切なアカウントなので発見次第ブロックします","description":"画像用アカウントです。🅿️https://t.co/Gp1B6WfLBU 告知アカ @akazawared","url":"https://t.co/dbHte3CFwi","entities":{"url":{"urls":[{"url":"https://t.co/dbHte3CFwi","expanded_url":"http://under80com.wixsite.com/akzw","display_url":"under80com.wixsite.com/akzw","indices":[0,23]}]},"description":{"urls":[{"url":"https://t.co/Gp1B6WfLBU","expanded_url":"http://www.pixiv.net/member.php?id=10340","display_url":"pixiv.net/member.php?id=…","indices":[13,36]}]}},"protected":false,"followers_count":20562,"friends_count":1324,"listed_count":459,"created_at":"Sun Feb 21 11:40:22 +0000 2016","favourites_count":0,"utc_offset":-25200,"time_zone":"Pacific Time (US & Canada)","geo_enabled":false,"verified":false,"statuses_count":357,"lang":"ja","contributors_enabled":false,"is_translator":false,"is_translation_enabled":false,"profile_background_color":"000000","profile_background_image_url":"http://abs.twimg.com/images/themes/theme1/bg.png","profile_background_image_url_https":"https://abs.twimg.com/images/themes/theme1/bg.png","profile_background_tile":false,"profile_image_url":"http://pbs.twimg.com/profile_images/786539009551970305/lmM4wrUx_normal.jpg","profile_image_url_https":"https://pbs.twimg.com/profile_images/786539009551970305/lmM4wrUx_normal.jpg","profile_banner_url":"https://pbs.twimg.com/profile_banners/701370874536984576/1480309377","profile_link_color":"F58EA8","profile_sidebar_border_color":"000000","profile_sidebar_fill_color":"000000","profile_text_color":"000000","profile_use_background_image":false,"has_extended_profile":false,"default_profile":false,"default_profile_image":false,"following":false,"follow_request_sent":false,"notifications":false,"translator_type":"none"},"geo":null,"coordinates":null,"place":null,"contributors":null,"is_quote_status":false,"retweet_count":69,"favorite_count":130,"favorited":false,"retweeted":false,"possibly_sensitive":true,"lang":"ja"},{"created_at":"Wed Jul 05 15:36:35 +0000 2017","id":882624255426347000,"id_str":"882624255426347008","text":"この後、深夜１時からは『寺島拓篤のユニゾン！』 \n メールの宛て先はunison-teracy@joqr.netです！                \nまた#unison1134をつけてのつぶやきもお待ちしております！   #unison1134 #joqr","truncated":false,"entities":{"hashtags":[{"text":"unison1134","indices":[112,123]},{"text":"joqr","indices":[124,129]}],"symbols":[],"user_mentions":[],"urls":[]},"metadata":{"iso_language_code":"ja","result_type":"recent"},"source":"<a href=\"http://twitter.com\" rel=\"nofollow\">Twitter Web Client</a>","in_reply_to_status_id":null,"in_reply_to_status_id_str":null,"in_reply_to_user_id":null,"in_reply_to_user_id_str":null,"in_reply_to_screen_name":null,"user":{"id":3242318384,"id_str":"3242318384","name":"ユニゾン！","screen_name":"unison1134","location":"文化放送","description":"2015年6月29日よりスタート！毎週月曜〜木曜の25時〜26時に文化放送・東海ラジオにてお届けする「ユニゾン！」。 各曜日人気男性声優がパーソナリティーを務める生放送です。 【月】関智一【火】柿原徹也【水】寺島拓篤【木】鈴村健一","url":"http://t.co/CjhZqDrs4f","entities":{"url":{"urls":[{"url":"http://t.co/CjhZqDrs4f","expanded_url":"http://www.unison-radio.com/","display_url":"unison-radio.com","indices":[0,22]}]},"description":{"urls":[]}},"protected":false,"followers_count":51371,"friends_count":29,"listed_count":587,"created_at":"Thu Jun 11 13:18:25 +0000 2015","favourites_count":0,"utc_offset":32400,"time_zone":"Tokyo","geo_enabled":false,"verified":false,"statuses_count":2048,"lang":"ja","contributors_enabled":false,"is_translator":false,"is_translation_enabled":false,"profile_background_color":"000000","profile_background_image_url":"http://abs.twimg.com/images/themes/theme1/bg.png","profile_background_image_url_https":"https://abs.twimg.com/images/themes/theme1/bg.png","profile_background_tile":false,"profile_image_url":"http://pbs.twimg.com/profile_images/651081125457084417/2W4mujdd_normal.jpg","profile_image_url_https":"https://pbs.twimg.com/profile_images/651081125457084417/2W4mujdd_normal.jpg","profile_banner_url":"https://pbs.twimg.com/profile_banners/3242318384/1435219437","profile_link_color":"19D4FD","profile_sidebar_border_color":"000000","profile_sidebar_fill_color":"000000","profile_text_color":"000000","profile_use_background_image":false,"has_extended_profile":false,"default_profile":false,"default_profile_image":false,"following":false,"follow_request_sent":false,"notifications":false,"translator_type":"none"},"geo":null,"coordinates":null,"place":null,"contributors":null,"is_quote_status":false,"retweet_count":549,"favorite_count":419,"favorited":false,"retweeted":false,"lang":"ja"},{"created_at":"Wed Jul 05 15:36:20 +0000 2017","id":882624193518477300,"id_str":"882624193518477312","text":"こんなのもやったね https://t.co/1xd5F0PvA4","truncated":false,"entities":{"hashtags":[],"symbols":[],"user_mentions":[],"urls":[],"media":[{"id":882624185121390600,"id_str":"882624185121390592","indices":[10,33],"media_url":"http://pbs.twimg.com/media/DD-2BSBUQAAj5h4.jpg","media_url_https":"https://pbs.twimg.com/media/DD-2BSBUQAAj5h4.jpg","url":"https://t.co/1xd5F0PvA4","display_url":"pic.twitter.com/1xd5F0PvA4","expanded_url":"https://twitter.com/Joey__Jones/status/882624193518477312/photo/1","type":"photo","sizes":{"medium":{"w":1200,"h":338,"resize":"fit"},"small":{"w":680,"h":191,"resize":"fit"},"thumb":{"w":150,"h":150,"resize":"crop"},"large":{"w":2048,"h":576,"resize":"fit"}}}]},"extended_entities":{"media":[{"id":882624185121390600,"id_str":"882624185121390592","indices":[10,33],"media_url":"http://pbs.twimg.com/media/DD-2BSBUQAAj5h4.jpg","media_url_https":"https://pbs.twimg.com/media/DD-2BSBUQAAj5h4.jpg","url":"https://t.co/1xd5F0PvA4","display_url":"pic.twitter.com/1xd5F0PvA4","expanded_url":"https://twitter.com/Joey__Jones/status/882624193518477312/photo/1","type":"photo","sizes":{"medium":{"w":1200,"h":338,"resize":"fit"},"small":{"w":680,"h":191,"resize":"fit"},"thumb":{"w":150,"h":150,"resize":"crop"},"large":{"w":2048,"h":576,"resize":"fit"}}}]},"metadata":{"iso_language_code":"ja","result_type":"recent"},"source":"<a href=\"http://twitter.com/download/iphone\" rel=\"nofollow\">Twitter for iPhone</a>","in_reply_to_status_id":null,"in_reply_to_status_id_str":null,"in_reply_to_user_id":null,"in_reply_to_user_id_str":null,"in_reply_to_screen_name":null,"user":{"id":123140561,"id_str":"123140561","name":"コヤマシゲト","screen_name":"Joey__Jones","location":"Center City","description":"デザイナーです。","url":null,"entities":{"description":{"urls":[]}},"protected":false,"followers_count":26773,"friends_count":1425,"listed_count":1265,"created_at":"Mon Mar 15 03:59:18 +0000 2010","favourites_count":381,"utc_offset":32400,"time_zone":"Tokyo","geo_enabled":false,"verified":false,"statuses_count":70437,"lang":"ja","contributors_enabled":false,"is_translator":false,"is_translation_enabled":false,"profile_background_color":"FFDD00","profile_background_image_url":"http://pbs.twimg.com/profile_background_images/83427698/logohbW.gif","profile_background_image_url_https":"https://pbs.twimg.com/profile_background_images/83427698/logohbW.gif","profile_background_tile":true,"profile_image_url":"http://pbs.twimg.com/profile_images/1751198948/JcJ_normal.jpg","profile_image_url_https":"https://pbs.twimg.com/profile_images/1751198948/JcJ_normal.jpg","profile_banner_url":"https://pbs.twimg.com/profile_banners/123140561/1408061689","profile_link_color":"7A7A7A","profile_sidebar_border_color":"FFFFFF","profile_sidebar_fill_color":"EFEFEF","profile_text_color":"333333","profile_use_background_image":true,"has_extended_profile":false,"default_profile":false,"default_profile_image":false,"following":false,"follow_request_sent":false,"notifications":false,"translator_type":"none"},"geo":null,"coordinates":null,"place":null,"contributors":null,"is_quote_status":false,"retweet_count":176,"favorite_count":259,"favorited":false,"retweeted":false,"possibly_sensitive":false,"lang":"ja"},{"created_at":"Wed Jul 05 15:36:01 +0000 2017","id":882624111427543000,"id_str":"882624111427543040","text":"ご結婚おめでとうございます(^o^) 末永くお幸せに〜♪ #unison1134","truncated":false,"entities":{"hashtags":[{"text":"unison1134","indices":[29,40]}],"symbols":[],"user_mentions":[],"urls":[]},"metadata":{"iso_language_code":"ja","result_type":"recent"},"source":"<a href=\"http://twipple.jp/\" rel=\"nofollow\">ついっぷる for iPad</a>","in_reply_to_status_id":null,"in_reply_to_status_id_str":null,"in_reply_to_user_id":null,"in_reply_to_user_id_str":null,"in_reply_to_screen_name":null,"user":{"id":45590589,"id_str":"45590589","name":"置鮎龍太郎 7月1&2 秋工祭","screen_name":"chikichikiko","location":"青二プロダクション所属\n2017年も、油断せずにちきっこ♪","description":"酉年男。\n\nヘロQグッズ制作隊長。 m(__)m","url":"https://t.co/X8bPlWViWd","entities":{"url":{"urls":[{"url":"https://t.co/X8bPlWViWd","expanded_url":"http://okiayuryotaro.jugem.jp/","display_url":"okiayuryotaro.jugem.jp","indices":[0,23]}]},"description":{"urls":[]}},"protected":false,"followers_count":234656,"friends_count":1005,"listed_count":13049,"created_at":"Mon Jun 08 15:33:14 +0000 2009","favourites_count":299,"utc_offset":-36000,"time_zone":"Hawaii","geo_enabled":false,"verified":false,"statuses_count":92328,"lang":"ja","contributors_enabled":false,"is_translator":false,"is_translation_enabled":false,"profile_background_color":"DBCB3D","profile_background_image_url":"http://pbs.twimg.com/profile_background_images/100819826/W20100513013943957.jpg","profile_background_image_url_https":"https://pbs.twimg.com/profile_background_images/100819826/W20100513013943957.jpg","profile_background_tile":false,"profile_image_url":"http://pbs.twimg.com/profile_images/1620813990/icon427690141000493553920110324_133800_16716_bigger_1__normal.jpg","profile_image_url_https":"https://pbs.twimg.com/profile_images/1620813990/icon427690141000493553920110324_133800_16716_bigger_1__normal.jpg","profile_banner_url":"https://pbs.twimg.com/profile_banners/45590589/1431351783","profile_link_color":"A61C71","profile_sidebar_border_color":"857922","profile_sidebar_fill_color":"F6FFD1","profile_text_color":"333333","profile_use_background_image":true,"has_extended_profile":true,"default_profile":false,"default_profile_image":false,"following":false,"follow_request_sent":false,"notifications":false,"translator_type":"none"},"geo":null,"coordinates":null,"place":null,"contributors":null,"is_quote_status":false,"retweet_count":394,"favorite_count":614,"favorited":false,"retweeted":false,"lang":"ja"},{"created_at":"Wed Jul 05 15:35:52 +0000 2017","id":882624074966487000,"id_str":"882624074966487041","text":"昔描いたグレンラガン絵引っ張り出す https://t.co/Xo1pXw8kUP","truncated":false,"entities":{"hashtags":[],"symbols":[],"user_mentions":[],"urls":[],"media":[{"id":882623910939721700,"id_str":"882623910939721728","indices":[18,41],"media_url":"http://pbs.twimg.com/media/DD-1xUnUAAA3IRq.jpg","media_url_https":"https://pbs.twimg.com/media/DD-1xUnUAAA3IRq.jpg","url":"https://t.co/Xo1pXw8kUP","display_url":"pic.twitter.com/Xo1pXw8kUP","expanded_url":"https://twitter.com/hironox_/status/882624074966487041/photo/1","type":"photo","sizes":{"large":{"w":1406,"h":1000,"resize":"fit"},"medium":{"w":1200,"h":853,"resize":"fit"},"thumb":{"w":150,"h":150,"resize":"crop"},"small":{"w":680,"h":484,"resize":"fit"}}}]},"extended_entities":{"media":[{"id":882623910939721700,"id_str":"882623910939721728","indices":[18,41],"media_url":"http://pbs.twimg.com/media/DD-1xUnUAAA3IRq.jpg","media_url_https":"https://pbs.twimg.com/media/DD-1xUnUAAA3IRq.jpg","url":"https://t.co/Xo1pXw8kUP","display_url":"pic.twitter.com/Xo1pXw8kUP","expanded_url":"https://twitter.com/hironox_/status/882624074966487041/photo/1","type":"photo","sizes":{"large":{"w":1406,"h":1000,"resize":"fit"},"medium":{"w":1200,"h":853,"resize":"fit"},"thumb":{"w":150,"h":150,"resize":"crop"},"small":{"w":680,"h":484,"resize":"fit"}}}]},"metadata":{"iso_language_code":"ja","result_type":"recent"},"source":"<a href=\"http://twitter.com\" rel=\"nofollow\">Twitter Web Client</a>","in_reply_to_status_id":null,"in_reply_to_status_id_str":null,"in_reply_to_user_id":null,"in_reply_to_user_id_str":null,"in_reply_to_screen_name":null,"user":{"id":64181649,"id_str":"64181649","name":"HIRONOX","screen_name":"hironox_","location":"Tokyo","description":"イラストレーター、キャラクターデザイナー。ゲーム会社を退職しフリーランスになりました。お仕事募集中です。\r\n依頼はこちらにお願いいたします\r\nhironox.xo★https://t.co/N8GNSmAmm4 \r\n★を@に変えてください","url":"https://t.co/5Jf6Kbuzg0","entities":{"url":{"urls":[{"url":"https://t.co/5Jf6Kbuzg0","expanded_url":"http://www.pixiv.net/member.php?id=98777","display_url":"pixiv.net/member.php?id=…","indices":[0,23]}]},"description":{"urls":[{"url":"https://t.co/N8GNSmAmm4","expanded_url":"http://gmail.com","display_url":"gmail.com","indices":[82,105]}]}},"protected":false,"followers_count":13887,"friends_count":1001,"listed_count":908,"created_at":"Sun Aug 09 14:24:17 +0000 2009","favourites_count":2691,"utc_offset":32400,"time_zone":"Tokyo","geo_enabled":true,"verified":false,"statuses_count":111713,"lang":"ja","contributors_enabled":false,"is_translator":false,"is_translation_enabled":false,"profile_background_color":"000000","profile_background_image_url":"http://pbs.twimg.com/profile_background_images/663331225/cuyxgdkmuqune6icu6sb.jpeg","profile_background_image_url_https":"https://pbs.twimg.com/profile_background_images/663331225/cuyxgdkmuqune6icu6sb.jpeg","profile_background_tile":false,"profile_image_url":"http://pbs.twimg.com/profile_images/2216405237/tw_spg22_normal.png","profile_image_url_https":"https://pbs.twimg.com/profile_images/2216405237/tw_spg22_normal.png","profile_banner_url":"https://pbs.twimg.com/profile_banners/64181649/1348023059","profile_link_color":"FF7700","profile_sidebar_border_color":"000000","profile_sidebar_fill_color":"94918A","profile_text_color":"0A0A0A","profile_use_background_image":true,"has_extended_profile":true,"default_profile":false,"default_profile_image":false,"following":false,"follow_request_sent":false,"notifications":false,"translator_type":"none"},"geo":null,"coordinates":null,"place":null,"contributors":null,"is_quote_status":false,"retweet_count":109,"favorite_count":162,"favorited":false,"retweeted":false,"possibly_sensitive":false,"lang":"ja"},{"created_at":"Wed Jul 05 15:35:50 +0000 2017","id":882624065986371600,"id_str":"882624065986371584","text":"今日がやってきました。\n\nSince 20050706","truncated":false,"entities":{"hashtags":[],"symbols":[],"user_mentions":[],"urls":[]},"metadata":{"iso_language_code":"ja","result_type":"recent"},"source":"<a href=\"http://twitter.com/download/iphone\" rel=\"nofollow\">Twitter for iPhone</a>","in_reply_to_status_id":null,"in_reply_to_status_id_str":null,"in_reply_to_user_id":null,"in_reply_to_user_id_str":null,"in_reply_to_screen_name":null,"user":{"id":150742452,"id_str":"150742452","name":"UVERworld_Staff_dRⅡ","screen_name":"UVERworld_dR2","location":"東京都","description":"どうも。UVERworldのスタッフです。 マル秘話はほどほどに。。。 注：基本的に、お問い合わせは受け付けていません。それぞれの事項のお問い合わせにお願いします。 本人もたまに登場します。","url":"https://t.co/koLALyUiHb","entities":{"url":{"urls":[{"url":"https://t.co/koLALyUiHb","expanded_url":"http://www.uverworld.com","display_url":"uverworld.com","indices":[0,23]}]},"description":{"urls":[]}},"protected":false,"followers_count":365198,"friends_count":148,"listed_count":2346,"created_at":"Tue Jun 01 18:13:28 +0000 2010","favourites_count":7,"utc_offset":32400,"time_zone":"Tokyo","geo_enabled":true,"verified":true,"statuses_count":27974,"lang":"ja","contributors_enabled":false,"is_translator":false,"is_translation_enabled":false,"profile_background_color":"C0DEED","profile_background_image_url":"http://abs.twimg.com/images/themes/theme1/bg.png","profile_background_image_url_https":"https://abs.twimg.com/images/themes/theme1/bg.png","profile_background_tile":false,"profile_image_url":"http://pbs.twimg.com/profile_images/822057816378642432/Ev4abe3T_normal.jpg","profile_image_url_https":"https://pbs.twimg.com/profile_images/822057816378642432/Ev4abe3T_normal.jpg","profile_banner_url":"https://pbs.twimg.com/profile_banners/150742452/1497846122","profile_link_color":"1DA1F2","profile_sidebar_border_color":"C0DEED","profile_sidebar_fill_color":"DDEEF6","profile_text_color":"333333","profile_use_background_image":true,"has_extended_profile":false,"default_profile":true,"default_profile_image":false,"following":false,"follow_request_sent":false,"notifications":false,"translator_type":"none"},"geo":null,"coordinates":null,"place":null,"contributors":null,"is_quote_status":false,"retweet_count":1241,"favorite_count":2224,"favorited":false,"retweeted":false,"lang":"ja"},{"created_at":"Wed Jul 05 15:35:07 +0000 2017","id":882623884666617900,"id_str":"882623884666617856","text":"はいどうぞ https://t.co/nnlwzufauN","truncated":false,"entities":{"hashtags":[],"symbols":[],"user_mentions":[],"urls":[],"media":[{"id":882623873035903000,"id_str":"882623873035902976","indices":[6,29],"media_url":"http://pbs.twimg.com/media/DD-1vHaVoAAwGGi.jpg","media_url_https":"https://pbs.twimg.com/media/DD-1vHaVoAAwGGi.jpg","url":"https://t.co/nnlwzufauN","display_url":"pic.twitter.com/nnlwzufauN","expanded_url":"https://twitter.com/Joey__Jones/status/882623884666617856/photo/1","type":"photo","sizes":{"thumb":{"w":150,"h":150,"resize":"crop"},"small":{"w":489,"h":680,"resize":"fit"},"large":{"w":863,"h":1200,"resize":"fit"},"medium":{"w":863,"h":1200,"resize":"fit"}}}]},"extended_entities":{"media":[{"id":882623873035903000,"id_str":"882623873035902976","indices":[6,29],"media_url":"http://pbs.twimg.com/media/DD-1vHaVoAAwGGi.jpg","media_url_https":"https://pbs.twimg.com/media/DD-1vHaVoAAwGGi.jpg","url":"https://t.co/nnlwzufauN","display_url":"pic.twitter.com/nnlwzufauN","expanded_url":"https://twitter.com/Joey__Jones/status/882623884666617856/photo/1","type":"photo","sizes":{"thumb":{"w":150,"h":150,"resize":"crop"},"small":{"w":489,"h":680,"resize":"fit"},"large":{"w":863,"h":1200,"resize":"fit"},"medium":{"w":863,"h":1200,"resize":"fit"}}}]},"metadata":{"iso_language_code":"ja","result_type":"recent"},"source":"<a href=\"http://twitter.com/download/iphone\" rel=\"nofollow\">Twitter for iPhone</a>","in_reply_to_status_id":null,"in_reply_to_status_id_str":null,"in_reply_to_user_id":null,"in_reply_to_user_id_str":null,"in_reply_to_screen_name":null,"user":{"id":123140561,"id_str":"123140561","name":"コヤマシゲト","screen_name":"Joey__Jones","location":"Center City","description":"デザイナーです。","url":null,"entities":{"description":{"urls":[]}},"protected":false,"followers_count":26773,"friends_count":1425,"listed_count":1265,"created_at":"Mon Mar 15 03:59:18 +0000 2010","favourites_count":381,"utc_offset":32400,"time_zone":"Tokyo","geo_enabled":false,"verified":false,"statuses_count":70437,"lang":"ja","contributors_enabled":false,"is_translator":false,"is_translation_enabled":false,"profile_background_color":"FFDD00","profile_background_image_url":"http://pbs.twimg.com/profile_background_images/83427698/logohbW.gif","profile_background_image_url_https":"https://pbs.twimg.com/profile_background_images/83427698/logohbW.gif","profile_background_tile":true,"profile_image_url":"http://pbs.twimg.com/profile_images/1751198948/JcJ_normal.jpg","profile_image_url_https":"https://pbs.twimg.com/profile_images/1751198948/JcJ_normal.jpg","profile_banner_url":"https://pbs.twimg.com/profile_banners/123140561/1408061689","profile_link_color":"7A7A7A","profile_sidebar_border_color":"FFFFFF","profile_sidebar_fill_color":"EFEFEF","profile_text_color":"333333","profile_use_background_image":true,"has_extended_profile":false,"default_profile":false,"default_profile_image":false,"following":false,"follow_request_sent":false,"notifications":false,"translator_type":"none"},"geo":null,"coordinates":null,"place":null,"contributors":null,"is_quote_status":false,"retweet_count":305,"favorite_count":421,"favorited":false,"retweeted":false,"possibly_sensitive":false,"lang":"ja"},{"created_at":"Wed Jul 05 15:35:02 +0000 2017","id":882623865221808100,"id_str":"882623865221808129","text":"蟹座って本当に「いいから死ぬ気でやってみてお前の本気見せてみろよ😃」とドSっぷりをときどき発揮します。\n\nそしたらもう本気でやるしかないです。「いやぁ、無理でしたー。ははは」って笑ってごまかそうとしても「は？」って言ってきます。\n\n本気でやってみること。\n\n#蟹座","truncated":false,"entities":{"hashtags":[{"text":"蟹座","indices":[129,132]}],"symbols":[],"user_mentions":[],"urls":[]},"metadata":{"iso_language_code":"ja","result_type":"recent"},"source":"<a href=\"http://twitter.com/download/iphone\" rel=\"nofollow\">Twitter for iPhone</a>","in_reply_to_status_id":null,"in_reply_to_status_id_str":null,"in_reply_to_user_id":null,"in_reply_to_user_id_str":null,"in_reply_to_screen_name":null,"user":{"id":759020296649060400,"id_str":"759020296649060353","name":"しいたけ占いのしいたけ","screen_name":"shiitake7919","location":"","description":"https://t.co/lnIvJTQmKG しいたけ占いのしいたけです Twitterはじめました。※ 個人的な相談などには申し訳ないのですが答えられません。ゆるくやっております。 アメブロ：https://t.co/YZ8pubry0V","url":null,"entities":{"description":{"urls":[{"url":"https://t.co/lnIvJTQmKG","expanded_url":"http://voguegirl.jp/horoscope/shitake/","display_url":"voguegirl.jp/horoscope/shit…","indices":[0,23]},{"url":"https://t.co/YZ8pubry0V","expanded_url":"http://ameblo.jp/shiitake-uranai-desuyo/","display_url":"ameblo.jp/shiitake-urana…","indices":[98,121]}]}},"protected":false,"followers_count":117386,"friends_count":88,"listed_count":780,"created_at":"Fri Jul 29 13:38:35 +0000 2016","favourites_count":4368,"utc_offset":null,"time_zone":null,"geo_enabled":false,"verified":true,"statuses_count":3051,"lang":"ja","contributors_enabled":false,"is_translator":false,"is_translation_enabled":false,"profile_background_color":"F5F8FA","profile_background_image_url":null,"profile_background_image_url_https":null,"profile_background_tile":false,"profile_image_url":"http://pbs.twimg.com/profile_images/879991420282486784/h9dBgZda_normal.jpg","profile_image_url_https":"https://pbs.twimg.com/profile_images/879991420282486784/h9dBgZda_normal.jpg","profile_link_color":"1DA1F2","profile_sidebar_border_color":"C0DEED","profile_sidebar_fill_color":"DDEEF6","profile_text_color":"333333","profile_use_background_image":true,"has_extended_profile":false,"default_profile":true,"default_profile_image":false,"following":false,"follow_request_sent":false,"notifications":false,"translator_type":"none"},"geo":null,"coordinates":null,"place":null,"contributors":null,"is_quote_status":false,"retweet_count":80,"favorite_count":251,"favorited":false,"retweeted":false,"lang":"ja"}],"search_metadata":{"completed_in":0.117,"max_id":882624963605274600,"max_id_str":"882624963605274628","next_results":"?max_id=882623865221808128&q=lang%3Aja%20min_retweets%3A50&include_entities=1","query":"lang%3Aja+min_retweets%3A50","refresh_url":"?since_id=882624963605274628&q=lang%3Aja%20min_retweets%3A50&include_entities=1","count":15,"since_id":0,"since_id_str":"0"}}