{"statuses":[{"created_at":"Thu Jul 06 15:20:20 +0000 2017","id":882982555133202400,"id_str":"882982555133202432","text":"かがみ、つかさ、お誕生日おめでとう(*^^*) ＃らきすた #10周年 #柊姉妹生誕祭2017","truncated":false,"entities":{"hashtags":[{"text":"らきすた","indices":[24,29]},{"text":"10周年","indices":[30,35]},{"text":"柊姉妹生誕祭2017","indices":[36,47]}],"symbols":[],"user_mentions":[],"urls":[]},"metadata":{"iso_language_code":"ja","result_type":"recent"},"source":"<a href=\"http://twitter.com/download/iphone\" rel=\"nofollow\">Twitter for iPhone</a>","in_reply_to_status_id":null,"in_reply_to_status_id_str":null,"in_reply_to_user_id":null,"in_reply_to_user_id_str":null,"in_reply_to_screen_name":null,"user":{"id":422699879,"id_str":"422699879","name":"福原香織","screen_name":"FukuharaKaori","location":"","description":"声優･福原香織です。現在フリーランスで活動しています。気軽にフォローしてくださいね♪ （お仕事のご依頼・お問合せはこちらからお願いします！ https://t.co/WSCLZGbyx7 ）","url":"https://t.co/MuyZz1CdAl","entities":{"url":{"urls":[{"url":"https://t.co/MuyZz1CdAl","expanded_url":"http://ameblo.jp/fukuharakaori/","display_url":"ameblo.jp/fukuharakaori/","indices":[0,23]}]},"description":{"urls":[{"url":"https://t.co/WSCLZGbyx7","expanded_url":"https://ws.formzu.net/fgen/S48245367/","display_url":"ws.formzu.net/fgen/S48245367/","indices":[70,93]}]}},"protected":false,"followers_count":141429,"friends_count":121,"listed_count":5152,"created_at":"Sun Nov 27 15:44:12 +0000 2011","favourites_count":11,"utc_offset":-36000,"time_zone":"Hawaii","geo_enabled":false,"verified":true,"statuses_count":5628,"lang":"ja","contributors_enabled":false,"is_translator":false,"is_translation_enabled":false,"profile_background_color":"000000","profile_background_image_url":"http://abs.twimg.com/images/themes/theme1/bg.png","profile_background_image_url_https":"https://abs.twimg.com/images/themes/theme1/bg.png","profile_background_tile":false,"profile_image_url":"http://pbs.twimg.com/profile_images/809240749610938368/P_aFfqIc_normal.jpg","profile_image_url_https":"https://pbs.twimg.com/profile_images/809240749610938368/P_aFfqIc_normal.jpg","profile_banner_url":"https://pbs.twimg.com/profile_banners/422699879/1432261986","profile_link_color":"3B94D9","profile_sidebar_border_color":"000000","profile_sidebar_fill_color":"000000","profile_text_color":"000000","profile_use_background_image":false,"has_extended_profile":true,"default_profile":false,"default_profile_image":false,"following":false,"follow_request_sent":false,"notifications":false,"translator_type":"none"},"geo":null,"coordinates":null,"place":null,"contributors":null,"is_quote_status":false,"retweet_count":65,"favorite_count":66,"favorited":false,"retweeted":false,"lang":"ja"},{"created_at":"Thu Jul 06 15:20:17 +0000 2017","id":882982543183589400,"id_str":"882982543183589376","text":"アトム、誕生日おめっとさん！\nさて、今年も姫さんたちのお願い叶えるのに、彦星様も忙しくなりそうだな。\nいいことだけど、ちゃんとオマエの願いも持っておけよ。\nじゃないと、俺たちが叶えてやれねぇからな。\nあ、ついでに肉食いたい！はダメな。\n今日の夜叶うモン願ったら、もったいねぇだろ？","truncated":false,"entities":{"hashtags":[],"symbols":[],"user_mentions":[],"urls":[]},"metadata":{"iso_language_code":"ja","result_type":"recent"},"source":"<a href=\"http://twipple.jp/\" rel=\"nofollow\">ついっぷる　</a>","in_reply_to_status_id":null,"in_reply_to_status_id_str":null,"in_reply_to_user_id":null,"in_reply_to_user_id_str":null,"in_reply_to_screen_name":null,"user":{"id":2431751190,"id_str":"2431751190","name":"LAGRANGE POINT★緋室キラ","screen_name":"kira_lagrange","location":"ピタゴラスプロダクション","description":"ラグジュリエットの姫さんたちを照らす 太陽の王子こと、緋室キラのアカウントだ！ パートナーのシャイもフォローしてくれよな！ アカウントはコチラ⇒shy_lagrange ※本アカウントはRejet公式アカウントです。","url":"https://t.co/CeVS7WT2pA","entities":{"url":{"urls":[{"url":"https://t.co/CeVS7WT2pA","expanded_url":"http://marginal4.net/","display_url":"marginal4.net","indices":[0,23]}]},"description":{"urls":[]}},"protected":false,"followers_count":29022,"friends_count":9,"listed_count":3270,"created_at":"Mon Apr 07 09:06:54 +0000 2014","favourites_count":5,"utc_offset":28800,"time_zone":"Irkutsk","geo_enabled":false,"verified":false,"statuses_count":4689,"lang":"ja","contributors_enabled":false,"is_translator":false,"is_translation_enabled":false,"profile_background_color":"000000","profile_background_image_url":"http://abs.twimg.com/images/themes/theme6/bg.gif","profile_background_image_url_https":"https://abs.twimg.com/images/themes/theme6/bg.gif","profile_background_tile":false,"profile_image_url":"http://pbs.twimg.com/profile_images/848189911689711616/cMjp-dRp_normal.jpg","profile_image_url_https":"https://pbs.twimg.com/profile_images/848189911689711616/cMjp-dRp_normal.jpg","profile_banner_url":"https://pbs.twimg.com/profile_banners/2431751190/1397102974","profile_link_color":"E0D12F","profile_sidebar_border_color":"000000","profile_sidebar_fill_color":"000000","profile_text_color":"000000","profile_use_background_image":false,"has_extended_profile":false,"default_profile":false,"default_profile_image":false,"following":false,"follow_request_sent":false,"notifications":false,"translator_type":"none"},"geo":null,"coordinates":null,"place":null,"contributors":null,"is_quote_status":false,"retweet_count":142,"favorite_count":257,"favorited":false,"retweeted":false,"lang":"ja"},{"created_at":"Thu Jul 06 15:20:01 +0000 2017","id":882982472321028100,"id_str":"882982472321028098","text":"ソウちん！その願い、聞き届けたぜよ！(龍馬)\nえ？どういうこと？(沖田)\n明日は皆で出かけるぜよ！集合場所はあとで連絡するから、ソウちんは先に帰って休むんじゃ(龍馬)\nええ？ちょっと待ってよ、突然すぎない？(沖田)… https://t.co/igpLlVwHv9","truncated":true,"entities":{"hashtags":[],"symbols":[],"user_mentions":[],"urls":[{"url":"https://t.co/igpLlVwHv9","expanded_url":"https://twitter.com/i/web/status/882982472321028098","display_url":"twitter.com/i/web/status/8…","indices":[109,132]}]},"metadata":{"iso_language_code":"ja","result_type":"recent"},"source":"<a href=\"https://about.twitter.com/products/tweetdeck\" rel=\"nofollow\">TweetDeck</a>","in_reply_to_status_id":null,"in_reply_to_status_id_str":null,"in_reply_to_user_id":null,"in_reply_to_user_id_str":null,"in_reply_to_screen_name":null,"user":{"id":1918546446,"id_str":"1918546446","name":"『幕末Rock』公式アカウント","screen_name":"bakumatsu69","location":"","description":"『幕末Rock』公式アカウントが最新情報をシャウトぜよ！2017年11月～12月超歌劇『幕末Rock』雷舞開催決定!!","url":null,"entities":{"description":{"urls":[]}},"protected":false,"followers_count":36744,"friends_count":38,"listed_count":1116,"created_at":"Mon Sep 30 01:17:19 +0000 2013","favourites_count":3,"utc_offset":32400,"time_zone":"Tokyo","geo_enabled":false,"verified":true,"statuses_count":4169,"lang":"ja","contributors_enabled":false,"is_translator":false,"is_translation_enabled":false,"profile_background_color":"D90B0B","profile_background_image_url":"http://pbs.twimg.com/profile_background_images/514965244569853952/4UbMyN2S.jpeg","profile_background_image_url_https":"https://pbs.twimg.com/profile_background_images/514965244569853952/4UbMyN2S.jpeg","profile_background_tile":false,"profile_image_url":"http://pbs.twimg.com/profile_images/514968886786007041/sZnR5yAV_normal.jpeg","profile_image_url_https":"https://pbs.twimg.com/profile_images/514968886786007041/sZnR5yAV_normal.jpeg","profile_banner_url":"https://pbs.twimg.com/profile_banners/1918546446/1411612865","profile_link_color":"D90B0B","profile_sidebar_border_color":"FFFFFF","profile_sidebar_fill_color":"DDEEF6","profile_text_color":"333333","profile_use_background_image":true,"has_extended_profile":false,"default_profile":false,"default_profile_image":false,"following":false,"follow_request_sent":false,"notifications":false,"translator_type":"none"},"geo":null,"coordinates":null,"place":null,"contributors":null,"is_quote_status":false,"retweet_count":95,"favorite_count":86,"favorited":false,"retweeted":false,"possibly_sensitive":false,"lang":"ja"},{"created_at":"Thu Jul 06 15:19:39 +0000 2017","id":882982382281695200,"id_str":"882982382281695232","text":"今夏も最上くん漫画を描きたい https://t.co/t34rpPLEQY","truncated":false,"entities":{"hashtags":[],"symbols":[],"user_mentions":[],"urls":[],"media":[{"id":882982306956234800,"id_str":"882982306956234752","indices":[15,38],"media_url":"http://pbs.twimg.com/media/DED7ut0U0AAeZoP.jpg","media_url_https":"https://pbs.twimg.com/media/DED7ut0U0AAeZoP.jpg","url":"https://t.co/t34rpPLEQY","display_url":"pic.twitter.com/t34rpPLEQY","expanded_url":"https://twitter.com/kahasina9/status/882982382281695232/photo/1","type":"photo","sizes":{"small":{"w":448,"h":640,"resize":"fit"},"thumb":{"w":150,"h":150,"resize":"crop"},"medium":{"w":448,"h":640,"resize":"fit"},"large":{"w":448,"h":640,"resize":"fit"}}}]},"extended_entities":{"media":[{"id":882982306956234800,"id_str":"882982306956234752","indices":[15,38],"media_url":"http://pbs.twimg.com/media/DED7ut0U0AAeZoP.jpg","media_url_https":"https://pbs.twimg.com/media/DED7ut0U0AAeZoP.jpg","url":"https://t.co/t34rpPLEQY","display_url":"pic.twitter.com/t34rpPLEQY","expanded_url":"https://twitter.com/kahasina9/status/882982382281695232/photo/1","type":"photo","sizes":{"small":{"w":448,"h":640,"resize":"fit"},"thumb":{"w":150,"h":150,"resize":"crop"},"medium":{"w":448,"h":640,"resize":"fit"},"large":{"w":448,"h":640,"resize":"fit"}}}]},"metadata":{"iso_language_code":"ja","result_type":"recent"},"source":"<a href=\"http://twitter.com\" rel=\"nofollow\">Twitter Web Client</a>","in_reply_to_status_id":null,"in_reply_to_status_id_str":null,"in_reply_to_user_id":null,"in_reply_to_user_id_str":null,"in_reply_to_screen_name":null,"user":{"id":198911004,"id_str":"198911004","name":"川科","screen_name":"kahasina9","location":"沼","description":"絵を描きます。","url":"http://t.co/47KHWHLgxO","entities":{"url":{"urls":[{"url":"http://t.co/47KHWHLgxO","expanded_url":"http://www.pixiv.net/member.php?id=373203","display_url":"pixiv.net/member.php?id=…","indices":[0,22]}]},"description":{"urls":[]}},"protected":false,"followers_count":78146,"friends_count":730,"listed_count":2232,"created_at":"Tue Oct 05 15:21:32 +0000 2010","favourites_count":9959,"utc_offset":32400,"time_zone":"Tokyo","geo_enabled":false,"verified":false,"statuses_count":216798,"lang":"ja","contributors_enabled":false,"is_translator":false,"is_translation_enabled":true,"profile_background_color":"ACDED6","profile_background_image_url":"http://abs.twimg.com/images/themes/theme18/bg.gif","profile_background_image_url_https":"https://abs.twimg.com/images/themes/theme18/bg.gif","profile_background_tile":false,"profile_image_url":"http://pbs.twimg.com/profile_images/877546804832686080/7qlDwdz7_normal.jpg","profile_image_url_https":"https://pbs.twimg.com/profile_images/877546804832686080/7qlDwdz7_normal.jpg","profile_banner_url":"https://pbs.twimg.com/profile_banners/198911004/1401325233","profile_link_color":"038543","profile_sidebar_border_color":"FFFFFF","profile_sidebar_fill_color":"F6F6F6","profile_text_color":"333333","profile_use_background_image":true,"has_extended_profile":false,"default_profile":false,"default_profile_image":false,"following":false,"follow_request_sent":false,"notifications":false,"translator_type":"none"},"geo":null,"coordinates":null,"place":null,"contributors":null,"is_quote_status":false,"retweet_count":65,"favorite_count":170,"favorited":false,"retweeted":false,"possibly_sensitive":false,"lang":"ja"},{"created_at":"Thu Jul 06 15:18:36 +0000 2017","id":882982115771523100,"id_str":"882982115771523072","text":"がわ”い”い” https://t.co/8xEePgSvGf","truncated":false,"entities":{"hashtags":[],"symbols":[],"user_mentions":[],"urls":[],"media":[{"id":882982089099886600,"id_str":"882982089099886593","indices":[8,31],"media_url":"http://pbs.twimg.com/media/DED7iCPUwAE2z2N.jpg","media_url_https":"https://pbs.twimg.com/media/DED7iCPUwAE2z2N.jpg","url":"https://t.co/8xEePgSvGf","display_url":"pic.twitter.com/8xEePgSvGf","expanded_url":"https://twitter.com/Atobaru_ika/status/882982115771523072/photo/1","type":"photo","sizes":{"medium":{"w":900,"h":1200,"resize":"fit"},"thumb":{"w":150,"h":150,"resize":"crop"},"large":{"w":1536,"h":2048,"resize":"fit"},"small":{"w":510,"h":680,"resize":"fit"}}}]},"extended_entities":{"media":[{"id":882982089099886600,"id_str":"882982089099886593","indices":[8,31],"media_url":"http://pbs.twimg.com/media/DED7iCPUwAE2z2N.jpg","media_url_https":"https://pbs.twimg.com/media/DED7iCPUwAE2z2N.jpg","url":"https://t.co/8xEePgSvGf","display_url":"pic.twitter.com/8xEePgSvGf","expanded_url":"https://twitter.com/Atobaru_ika/status/882982115771523072/photo/1","type":"photo","sizes":{"medium":{"w":900,"h":1200,"resize":"fit"},"thumb":{"w":150,"h":150,"resize":"crop"},"large":{"w":1536,"h":2048,"resize":"fit"},"small":{"w":510,"h":680,"resize":"fit"}}}]},"metadata":{"iso_language_code":"ja","result_type":"recent"},"source":"<a href=\"http://twitter.com\" rel=\"nofollow\">Twitter Web Client</a>","in_reply_to_status_id":null,"in_reply_to_status_id_str":null,"in_reply_to_user_id":null,"in_reply_to_user_id_str":null,"in_reply_to_screen_name":null,"user":{"id":3233022954,"id_str":"3233022954","name":"あとばる🍢スプラ甲子園優勝！！！","screen_name":"Atobaru_ika","location":"co2019318","description":"ダイナめう　第二回スプラトゥーン甲子園2017優勝！！！応援ありがとうございました！\nH3リールガン好き","url":null,"entities":{"description":{"urls":[]}},"protected":false,"followers_count":12804,"friends_count":884,"listed_count":149,"created_at":"Tue Jun 02 02:10:25 +0000 2015","favourites_count":3669,"utc_offset":-25200,"time_zone":"Pacific Time (US & Canada)","geo_enabled":false,"verified":false,"statuses_count":33817,"lang":"ja","contributors_enabled":false,"is_translator":false,"is_translation_enabled":false,"profile_background_color":"000000","profile_background_image_url":"http://abs.twimg.com/images/themes/theme1/bg.png","profile_background_image_url_https":"https://abs.twimg.com/images/themes/theme1/bg.png","profile_background_tile":false,"profile_image_url":"http://pbs.twimg.com/profile_images/875900611673284610/2V-Wbfwd_normal.jpg","profile_image_url_https":"https://pbs.twimg.com/profile_images/875900611673284610/2V-Wbfwd_normal.jpg","profile_banner_url":"https://pbs.twimg.com/profile_banners/3233022954/1495216104","profile_link_color":"981CEB","profile_sidebar_border_color":"000000","profile_sidebar_fill_color":"000000","profile_text_color":"000000","profile_use_background_image":false,"has_extended_profile":true,"default_profile":false,"default_profile_image":false,"following":false,"follow_request_sent":false,"notifications":false,"translator_type":"none"},"geo":null,"coordinates":null,"place":null,"contributors":null,"is_quote_status":false,"retweet_count":52,"favorite_count":173,"favorited":false,"retweeted":false,"possibly_sensitive":false,"lang":"ja"},{"created_at":"Thu Jul 06 15:17:29 +0000 2017","id":882981836887998500,"id_str":"882981836887998464","text":"アイナナの日おめでとう！これからも沢山元気を与えてくれるアイドルでいてください！ https://t.co/qFtkMeNwbE","truncated":false,"entities":{"hashtags":[],"symbols":[],"user_mentions":[],"urls":[],"media":[{"id":882981739265613800,"id_str":"882981739265613824","indices":[41,64],"media_url":"http://pbs.twimg.com/media/DED7NrAVYAAc87K.png","media_url_https":"https://pbs.twimg.com/media/DED7NrAVYAAc87K.png","url":"https://t.co/qFtkMeNwbE","display_url":"pic.twitter.com/qFtkMeNwbE","expanded_url":"https://twitter.com/0w069rk/status/882981836887998464/photo/1","type":"photo","sizes":{"large":{"w":800,"h":800,"resize":"fit"},"small":{"w":680,"h":680,"resize":"fit"},"medium":{"w":800,"h":800,"resize":"fit"},"thumb":{"w":150,"h":150,"resize":"crop"}}}]},"extended_entities":{"media":[{"id":882981739265613800,"id_str":"882981739265613824","indices":[41,64],"media_url":"http://pbs.twimg.com/media/DED7NrAVYAAc87K.png","media_url_https":"https://pbs.twimg.com/media/DED7NrAVYAAc87K.png","url":"https://t.co/qFtkMeNwbE","display_url":"pic.twitter.com/qFtkMeNwbE","expanded_url":"https://twitter.com/0w069rk/status/882981836887998464/photo/1","type":"photo","sizes":{"large":{"w":800,"h":800,"resize":"fit"},"small":{"w":680,"h":680,"resize":"fit"},"medium":{"w":800,"h":800,"resize":"fit"},"thumb":{"w":150,"h":150,"resize":"crop"}}}]},"metadata":{"iso_language_code":"ja","result_type":"recent"},"source":"<a href=\"http://twitter.com\" rel=\"nofollow\">Twitter Web Client</a>","in_reply_to_status_id":null,"in_reply_to_status_id_str":null,"in_reply_to_user_id":null,"in_reply_to_user_id_str":null,"in_reply_to_screen_name":null,"user":{"id":737051936,"id_str":"737051936","name":"焼にく🍋🍊","screen_name":"0w069rk","location":"カードファイト岩鳶ッシュセブン","description":"六りくといいます。i7ナギみつ：成人済：詳細⇒https://t.co/d9uzWVpTEP：お題箱⇒https://t.co/65AH1EDVZF","url":"https://t.co/IjPZ46Cwxw","entities":{"url":{"urls":[{"url":"https://t.co/IjPZ46Cwxw","expanded_url":"http://pixiv.me/0v0568","display_url":"pixiv.me/0v0568","indices":[0,23]}]},"description":{"urls":[{"url":"https://t.co/d9uzWVpTEP","expanded_url":"http://0w0ymmm.web.fc2.com","display_url":"0w0ymmm.web.fc2.com","indices":[23,46]},{"url":"https://t.co/65AH1EDVZF","expanded_url":"http://odaibako.net/u/0w069rk","display_url":"odaibako.net/u/0w069rk","indices":[51,74]}]}},"protected":false,"followers_count":3842,"friends_count":444,"listed_count":99,"created_at":"Sat Aug 04 16:53:59 +0000 2012","favourites_count":16855,"utc_offset":32400,"time_zone":"Tokyo","geo_enabled":false,"verified":false,"statuses_count":149594,"lang":"ja","contributors_enabled":false,"is_translator":false,"is_translation_enabled":false,"profile_background_color":"A59ACA","profile_background_image_url":"http://pbs.twimg.com/profile_background_images/623659984270725120/Eeo7P68e.png","profile_background_image_url_https":"https://pbs.twimg.com/profile_background_images/623659984270725120/Eeo7P68e.png","profile_background_tile":true,"profile_image_url":"http://pbs.twimg.com/profile_images/881550161209470976/pefwp_BH_normal.png","profile_image_url_https":"https://pbs.twimg.com/profile_images/881550161209470976/pefwp_BH_normal.png","profile_banner_url":"https://pbs.twimg.com/profile_banners/737051936/1495149330","profile_link_color":"FF691F","profile_sidebar_border_color":"FFFFFF","profile_sidebar_fill_color":"DDEEF6","profile_text_color":"333333","profile_use_background_image":true,"has_extended_profile":true,"default_profile":false,"default_profile_image":false,"following":false,"follow_request_sent":false,"notifications":false,"translator_type":"none"},"geo":null,"coordinates":null,"place":null,"contributors":null,"is_quote_status":false,"retweet_count":61,"favorite_count":96,"favorited":false,"retweeted":false,"possibly_sensitive":false,"lang":"ja"},{"created_at":"Thu Jul 06 15:17:25 +0000 2017","id":882981818605092900,"id_str":"882981818605092864","text":"★きゃー、さんぞー様ぁ♪\nヾ(≧▽≦)ﾉ\n#最遊記RB","truncated":false,"entities":{"hashtags":[{"text":"最遊記RB","indices":[21,27]}],"symbols":[],"user_mentions":[],"urls":[]},"metadata":{"iso_language_code":"ja","result_type":"recent"},"source":"<a href=\"http://twitter.com/download/android\" rel=\"nofollow\">Twitter for Android</a>","in_reply_to_status_id":null,"in_reply_to_status_id_str":null,"in_reply_to_user_id":null,"in_reply_to_user_id_str":null,"in_reply_to_screen_name":null,"user":{"id":576924119,"id_str":"576924119","name":"ひらたプロダクションジャパン","screen_name":"hiratapro","location":"東京都新宿区","description":"ひらたプロダクションジャパンの公式アカウントです。出演情報などをお知らせ致します。\r\n\r\nなお、★印のあるツイートは、平田広明本人の呟きです。","url":"http://t.co/oGT1SBL696","entities":{"url":{"urls":[{"url":"http://t.co/oGT1SBL696","expanded_url":"http://hiratapro.com/","display_url":"hiratapro.com","indices":[0,22]}]},"description":{"urls":[]}},"protected":false,"followers_count":61425,"friends_count":0,"listed_count":3065,"created_at":"Fri May 11 07:16:43 +0000 2012","favourites_count":0,"utc_offset":28800,"time_zone":"Irkutsk","geo_enabled":true,"verified":false,"statuses_count":6708,"lang":"ja","contributors_enabled":false,"is_translator":false,"is_translation_enabled":false,"profile_background_color":"ECDFBF","profile_background_image_url":"http://pbs.twimg.com/profile_background_images/378800000047695861/2af5fd5bc166e63e827067b275bbc773.jpeg","profile_background_image_url_https":"https://pbs.twimg.com/profile_background_images/378800000047695861/2af5fd5bc166e63e827067b275bbc773.jpeg","profile_background_tile":true,"profile_image_url":"http://pbs.twimg.com/profile_images/2224996344/hplogo_normal.jpg","profile_image_url_https":"https://pbs.twimg.com/profile_images/2224996344/hplogo_normal.jpg","profile_link_color":"A7844A","profile_sidebar_border_color":"FFFFFF","profile_sidebar_fill_color":"DDEEF6","profile_text_color":"333333","profile_use_background_image":true,"has_extended_profile":false,"default_profile":false,"default_profile_image":false,"following":false,"follow_request_sent":false,"notifications":false,"translator_type":"none"},"geo":null,"coordinates":null,"place":null,"contributors":null,"is_quote_status":false,"retweet_count":84,"favorite_count":107,"favorited":false,"retweeted":false,"lang":"ja"},{"created_at":"Thu Jul 06 15:16:59 +0000 2017","id":882981709917990900,"id_str":"882981709917990912","text":"今日は久しぶりのM.T.公演でした❣️\n観て下さった皆さんありがとうございました😊怜ちゃんもいて楽しかったです😆\nチーム8の3人のメンバーさんが初出演されました😆\nこれからもどんどん出て頂けるといいなぁ💕\n\nひーわたん🐣… https://t.co/FsQYMs4mE4","truncated":true,"entities":{"hashtags":[],"symbols":[],"user_mentions":[],"urls":[{"url":"https://t.co/FsQYMs4mE4","expanded_url":"https://twitter.com/i/web/status/882981709917990912","display_url":"twitter.com/i/web/status/8…","indices":[112,135]}]},"metadata":{"iso_language_code":"ja","result_type":"recent"},"source":"<a href=\"http://twitter.com/download/iphone\" rel=\"nofollow\">Twitter for iPhone</a>","in_reply_to_status_id":null,"in_reply_to_status_id_str":null,"in_reply_to_user_id":null,"in_reply_to_user_id_str":null,"in_reply_to_screen_name":null,"user":{"id":727099803771883500,"id_str":"727099803771883520","name":"AKB48 樋渡 結依","screen_name":"yui_hiwata430","location":"日本","description":"チームA ドラフト2期生の樋渡結依です。ひーわたんて呼んで下さい。皆さんどうぞよろしくお願いします。","url":"https://t.co/eK5Vp2uioj","entities":{"url":{"urls":[{"url":"https://t.co/eK5Vp2uioj","expanded_url":"http://www.akb48.co.jp/about/members/detail.php?mid=283","display_url":"akb48.co.jp/about/members/…","indices":[0,23]}]},"description":{"urls":[]}},"protected":false,"followers_count":62404,"friends_count":93,"listed_count":1093,"created_at":"Mon May 02 11:37:56 +0000 2016","favourites_count":247,"utc_offset":32400,"time_zone":"Tokyo","geo_enabled":false,"verified":true,"statuses_count":388,"lang":"ja","contributors_enabled":false,"is_translator":false,"is_translation_enabled":false,"profile_background_color":"F5F8FA","profile_background_image_url":null,"profile_background_image_url_https":null,"profile_background_tile":false,"profile_image_url":"http://pbs.twimg.com/profile_images/733113304520916992/96DOtz-k_normal.jpg","profile_image_url_https":"https://pbs.twimg.com/profile_images/733113304520916992/96DOtz-k_normal.jpg","profile_banner_url":"https://pbs.twimg.com/profile_banners/727099803771883520/1495274034","profile_link_color":"1DA1F2","profile_sidebar_border_color":"C0DEED","profile_sidebar_fill_color":"DDEEF6","profile_text_color":"333333","profile_use_background_image":true,"has_extended_profile":true,"default_profile":true,"default_profile_image":false,"following":false,"follow_request_sent":false,"notifications":false,"translator_type":"none"},"geo":null,"coordinates":null,"place":null,"contributors":null,"is_quote_status":false,"retweet_count":57,"favorite_count":179,"favorited":false,"retweeted":false,"possibly_sensitive":false,"lang":"ja"},{"created_at":"Thu Jul 06 15:16:43 +0000 2017","id":882981643618668500,"id_str":"882981643618668544","text":"今日も度々お世話になりました😂\n\n実はこのTシャツ、少しアレンジしてるんです。チョキチョキ✂️\n\n(際子さんがキングと呼んでくれるようになって嬉しいです😜❤️🖤) https://t.co/rQawTyUGKd","truncated":false,"entities":{"hashtags":[],"symbols":[],"user_mentions":[],"urls":[{"url":"https://t.co/rQawTyUGKd","expanded_url":"https://twitter.com/letitdie_jpn/status/882972851455655936","display_url":"twitter.com/letitdie_jpn/s…","indices":[82,105]}]},"metadata":{"iso_language_code":"ja","result_type":"recent"},"source":"<a href=\"http://twitter.com/download/iphone\" rel=\"nofollow\">Twitter for iPhone</a>","in_reply_to_status_id":null,"in_reply_to_status_id_str":null,"in_reply_to_user_id":null,"in_reply_to_user_id_str":null,"in_reply_to_screen_name":null,"user":{"id":4065828913,"id_str":"4065828913","name":"高槻かなこ","screen_name":"Kanako_tktk","location":"","description":"あいむたかつきんぐ。 歌・声優 / 「ラブライブ！サンシャイン!!」Aqours 国木田花丸役 / TVアニメ「恋と嘘」加藤 役 / 文化放送超A&G＋「かなことさらら」毎週日曜18:30〜 / 木曜21時〜電撃PlayStationLive / https://t.co/TmmFwsnRQJ","url":"https://t.co/ceAHIrRPFS","entities":{"url":{"urls":[{"url":"https://t.co/ceAHIrRPFS","expanded_url":"http://artist.amuse.co.jp/artist/takatsuki_kanako/","display_url":"artist.amuse.co.jp/artist/takatsu…","indices":[0,23]}]},"description":{"urls":[{"url":"https://t.co/TmmFwsnRQJ","expanded_url":"http://Instagram.com/kanako.tktk","display_url":"Instagram.com/kanako.tktk","indices":[124,147]}]}},"protected":false,"followers_count":164409,"friends_count":96,"listed_count":5776,"created_at":"Fri Oct 30 06:25:44 +0000 2015","favourites_count":131,"utc_offset":null,"time_zone":null,"geo_enabled":false,"verified":false,"statuses_count":2286,"lang":"ja","contributors_enabled":false,"is_translator":false,"is_translation_enabled":false,"profile_background_color":"C0DEED","profile_background_image_url":"http://abs.twimg.com/images/themes/theme1/bg.png","profile_background_image_url_https":"https://abs.twimg.com/images/themes/theme1/bg.png","profile_background_tile":false,"profile_image_url":"http://pbs.twimg.com/profile_images/859002645524041728/5Lw7sD_q_normal.jpg","profile_image_url_https":"https://pbs.twimg.com/profile_images/859002645524041728/5Lw7sD_q_normal.jpg","profile_banner_url":"https://pbs.twimg.com/profile_banners/4065828913/1493911155","profile_link_color":"1DA1F2","profile_sidebar_border_color":"C0DEED","profile_sidebar_fill_color":"DDEEF6","profile_text_color":"333333","profile_use_background_image":true,"has_extended_profile":true,"default_profile":true,"default_profile_image":false,"following":false,"follow_request_sent":false,"notifications":false,"translator_type":"none"},"geo":null,"coordinates":null,"place":null,"contributors":null,"is_quote_status":true,"quoted_status_id":882972851455656000,"quoted_status_id_str":"882972851455655936","quoted_status":{"created_at":"Thu Jul 06 14:41:47 +0000 2017","id":882972851455656000,"id_str":"882972851455655936","text":"LET IT DPS生放送ご覧頂いた皆さまありがとうございました💖愛くるしいキングを添えて📸\n後日、音ズレが訪れていないアーカイブもアップいたしますので、是非チェックして下さいね👺\n#LetItDie #dengekips https://t.co/YBBmRZawJu","truncated":false,"entities":{"hashtags":[{"text":"LetItDie","indices":[91,100]},{"text":"dengekips","indices":[101,111]}],"symbols":[],"user_mentions":[],"urls":[],"media":[{"id":882972827590119400,"id_str":"882972827590119424","indices":[112,135],"media_url":"http://pbs.twimg.com/media/DEDzG8bU0AAXeON.jpg","media_url_https":"https://pbs.twimg.com/media/DEDzG8bU0AAXeON.jpg","url":"https://t.co/YBBmRZawJu","display_url":"pic.twitter.com/YBBmRZawJu","expanded_url":"https://twitter.com/LETITDIE_jpn/status/882972851455655936/photo/1","type":"photo","sizes":{"small":{"w":680,"h":510,"resize":"fit"},"medium":{"w":1200,"h":900,"resize":"fit"},"thumb":{"w":150,"h":150,"resize":"crop"},"large":{"w":2048,"h":1536,"resize":"fit"}}}]},"extended_entities":{"media":[{"id":882972827590119400,"id_str":"882972827590119424","indices":[112,135],"media_url":"http://pbs.twimg.com/media/DEDzG8bU0AAXeON.jpg","media_url_https":"https://pbs.twimg.com/media/DEDzG8bU0AAXeON.jpg","url":"https://t.co/YBBmRZawJu","display_url":"pic.twitter.com/YBBmRZawJu","expanded_url":"https://twitter.com/LETITDIE_jpn/status/882972851455655936/photo/1","type":"photo","sizes":{"small":{"w":680,"h":510,"resize":"fit"},"medium":{"w":1200,"h":900,"resize":"fit"},"thumb":{"w":150,"h":150,"resize":"crop"},"large":{"w":2048,"h":1536,"resize":"fit"}}},{"id":882972827602698200,"id_str":"882972827602698241","indices":[112,135],"media_url":"http://pbs.twimg.com/media/DEDzG8eUwAEanQM.jpg","media_url_https":"https://pbs.twimg.com/media/DEDzG8eUwAEanQM.jpg","url":"https://t.co/YBBmRZawJu","display_url":"pic.twitter.com/YBBmRZawJu","expanded_url":"https://twitter.com/LETITDIE_jpn/status/882972851455655936/photo/1","type":"photo","sizes":{"medium":{"w":900,"h":1200,"resize":"fit"},"thumb":{"w":150,"h":150,"resize":"crop"},"large":{"w":1536,"h":2048,"resize":"fit"},"small":{"w":510,"h":680,"resize":"fit"}}}]},"metadata":{"iso_language_code":"ja","result_type":"recent"},"source":"<a href=\"http://twitter.com/download/iphone\" rel=\"nofollow\">Twitter for iPhone</a>","in_reply_to_status_id":null,"in_reply_to_status_id_str":null,"in_reply_to_user_id":null,"in_reply_to_user_id_str":null,"in_reply_to_screen_name":null,"user":{"id":805951042848329700,"id_str":"805951042848329728","name":"瀬戸 際子【LET IT DIE公式】","screen_name":"LETITDIE_jpn","location":"バルブの塔","description":"PS4ソフト『LET IT DIE』日本版の公式アカウントです。ゲームに関する情報などを瀬戸 際子（せと きわこ）がつぶやいていきます。時折ゲームの事以外も呟きます。ゲームに関するお問い合わせはコチラまで https://t.co/MPg0o7UbRh","url":"https://t.co/IEvkqKEawB","entities":{"url":{"urls":[{"url":"https://t.co/IEvkqKEawB","expanded_url":"http://letitdie.jp/","display_url":"letitdie.jp","indices":[0,23]}]},"description":{"urls":[{"url":"https://t.co/MPg0o7UbRh","expanded_url":"http://letitdie.jp/member/support/","display_url":"letitdie.jp/member/support/","indices":[103,126]}]}},"protected":false,"followers_count":5134,"friends_count":70,"listed_count":52,"created_at":"Tue Dec 06 01:44:37 +0000 2016","favourites_count":4643,"utc_offset":-25200,"time_zone":"Pacific Time (US & Canada)","geo_enabled":false,"verified":true,"statuses_count":2179,"lang":"ja","contributors_enabled":false,"is_translator":false,"is_translation_enabled":false,"profile_background_color":"000000","profile_background_image_url":"http://abs.twimg.com/images/themes/theme1/bg.png","profile_background_image_url_https":"https://abs.twimg.com/images/themes/theme1/bg.png","profile_background_tile":false,"profile_image_url":"http://pbs.twimg.com/profile_images/841530934251798529/u0TBOUrr_normal.jpg","profile_image_url_https":"https://pbs.twimg.com/profile_images/841530934251798529/u0TBOUrr_normal.jpg","profile_banner_url":"https://pbs.twimg.com/profile_banners/805951042848329728/1497597497","profile_link_color":"E81C4F","profile_sidebar_border_color":"000000","profile_sidebar_fill_color":"000000","profile_text_color":"000000","profile_use_background_image":false,"has_extended_profile":false,"default_profile":false,"default_profile_image":false,"following":false,"follow_request_sent":false,"notifications":false,"translator_type":"none"},"geo":null,"coordinates":null,"place":null,"contributors":null,"is_quote_status":false,"retweet_count":60,"favorite_count":127,"favorited":false,"retweeted":false,"possibly_sensitive":false,"lang":"ja"},"retweet_count":124,"favorite_count":486,"favorited":false,"retweeted":false,"possibly_sensitive":false,"lang":"ja"},{"created_at":"Thu Jul 06 15:15:45 +0000 2017","id":882981399824810000,"id_str":"882981399824809985","text":"アトム、HappyBirthday.\nそれと同時に、今日は七夕だな\nもちろん、オレの願いはお姫様たちに使わせてもらうが、\nそうだな、ラグポの願いとしては、\n「桐原アトムが今以上に輝くこと」をお願いしておこうか\nいつだったか、星を贈ってくれたお返しだよ","truncated":false,"entities":{"hashtags":[],"symbols":[],"user_mentions":[],"urls":[]},"metadata":{"iso_language_code":"ja","result_type":"recent"},"source":"<a href=\"http://twipple.jp/\" rel=\"nofollow\">ついっぷる　</a>","in_reply_to_status_id":null,"in_reply_to_status_id_str":null,"in_reply_to_user_id":null,"in_reply_to_user_id_str":null,"in_reply_to_screen_name":null,"user":{"id":2431786525,"id_str":"2431786525","name":"LAGRANGE POINT★牧島シャイ","screen_name":"shy_lagrange","location":"ピタゴラスプロダクション","description":"ラグジュリエットのお姫様たちを静かに照らす 月の王子こと、牧島シャイだ。 パートナーのキラもフォローしてくれると嬉しいな。 アカウントはコチラ⇒kira_lagrange ※本アカウントはRejet公式アカウントです","url":"https://t.co/CeVS7WT2pA","entities":{"url":{"urls":[{"url":"https://t.co/CeVS7WT2pA","expanded_url":"http://marginal4.net/","display_url":"marginal4.net","indices":[0,23]}]},"description":{"urls":[]}},"protected":false,"followers_count":29509,"friends_count":9,"listed_count":3267,"created_at":"Mon Apr 07 09:30:13 +0000 2014","favourites_count":0,"utc_offset":28800,"time_zone":"Irkutsk","geo_enabled":false,"verified":false,"statuses_count":3717,"lang":"ja","contributors_enabled":false,"is_translator":false,"is_translation_enabled":false,"profile_background_color":"000000","profile_background_image_url":"http://abs.twimg.com/images/themes/theme9/bg.gif","profile_background_image_url_https":"https://abs.twimg.com/images/themes/theme9/bg.gif","profile_background_tile":false,"profile_image_url":"http://pbs.twimg.com/profile_images/848189508457648128/qQSCnPY5_normal.jpg","profile_image_url_https":"https://pbs.twimg.com/profile_images/848189508457648128/qQSCnPY5_normal.jpg","profile_banner_url":"https://pbs.twimg.com/profile_banners/2431786525/1397103809","profile_link_color":"BCC8CC","profile_sidebar_border_color":"000000","profile_sidebar_fill_color":"000000","profile_text_color":"000000","profile_use_background_image":false,"has_extended_profile":false,"default_profile":false,"default_profile_image":false,"following":false,"follow_request_sent":false,"notifications":false,"translator_type":"none"},"geo":null,"coordinates":null,"place":null,"contributors":null,"is_quote_status":false,"retweet_count":256,"favorite_count":537,"favorited":false,"retweeted":false,"lang":"ja"},{"created_at":"Thu Jul 06 15:15:37 +0000 2017","id":882981366886944800,"id_str":"882981366886944768","text":"教えてやろう、全国の凡骨共ォォ！今日はオレの弟、モクバの誕生日だ！ちなみにモクバの好物はチョコレートパフェだ！頭に叩き込んだな？さぁ、今こそ海馬コーポレーションの総力を結集させ、全力でモクバを祝う！！さぁオレについてこい！","truncated":false,"entities":{"hashtags":[],"symbols":[],"user_mentions":[],"urls":[]},"metadata":{"iso_language_code":"ja","result_type":"recent"},"source":"<a href=\"http://twittbot.net/\" rel=\"nofollow\">twittbot.net</a>","in_reply_to_status_id":null,"in_reply_to_status_id_str":null,"in_reply_to_user_id":null,"in_reply_to_user_id_str":null,"in_reply_to_screen_name":null,"user":{"id":1058028523,"id_str":"1058028523","name":"教えてやろう凡骨bot","screen_name":"tellyou_bnktbot","location":"～前略、バトルタワーの上から～","description":"「教えてやろう、この海馬瀬人が！」 この度は次元を超越されました海馬社長が全国の凡骨に色々教えてくださるそうです。 【社長からの命令】フォローする際には必ずプロフィール（https://t.co/DXxIWePXQ0）を見てください。","url":"https://t.co/DXxIWePXQ0","entities":{"url":{"urls":[{"url":"https://t.co/DXxIWePXQ0","expanded_url":"http://twpf.jp/tellyou_bnktbot","display_url":"twpf.jp/tellyou_bnktbot","indices":[0,23]}]},"description":{"urls":[{"url":"https://t.co/DXxIWePXQ0","expanded_url":"http://twpf.jp/tellyou_bnktbot","display_url":"twpf.jp/tellyou_bnktbot","indices":[85,108]}]}},"protected":false,"followers_count":65419,"friends_count":44984,"listed_count":1229,"created_at":"Thu Jan 03 15:12:03 +0000 2013","favourites_count":0,"utc_offset":-36000,"time_zone":"Hawaii","geo_enabled":false,"verified":false,"statuses_count":37420,"lang":"ja","contributors_enabled":false,"is_translator":false,"is_translation_enabled":false,"profile_background_color":"C0DEED","profile_background_image_url":"http://abs.twimg.com/images/themes/theme1/bg.png","profile_background_image_url_https":"https://abs.twimg.com/images/themes/theme1/bg.png","profile_background_tile":false,"profile_image_url":"http://pbs.twimg.com/profile_images/3059994620/2eac7552782accbc23e9b86d1343fc7f_normal.jpeg","profile_image_url_https":"https://pbs.twimg.com/profile_images/3059994620/2eac7552782accbc23e9b86d1343fc7f_normal.jpeg","profile_link_color":"1DA1F2","profile_sidebar_border_color":"C0DEED","profile_sidebar_fill_color":"DDEEF6","profile_text_color":"333333","profile_use_background_image":true,"has_extended_profile":false,"default_profile":true,"default_profile_image":false,"following":false,"follow_request_sent":false,"notifications":false,"translator_type":"none"},"geo":null,"coordinates":null,"place":null,"contributors":null,"is_quote_status":false,"retweet_count":87,"favorite_count":64,"favorited":false,"retweeted":false,"lang":"ja"},{"created_at":"Thu Jul 06 15:15:36 +0000 2017","id":882981363502039000,"id_str":"882981363502039042","text":"10月10日(火)、18枚目となる待望のオリジナルニューアルバム「THE DREAM QUEST」発売決定！！\nhttps://t.co/eZp8kYhVYE\n\n#ドリカム #THEDREAMQUEST #ドリクエ","truncated":false,"entities":{"hashtags":[{"text":"ドリカム","indices":[81,86]},{"text":"THEDREAMQUEST","indices":[87,101]},{"text":"ドリクエ","indices":[102,107]}],"symbols":[],"user_mentions":[],"urls":[{"url":"https://t.co/eZp8kYhVYE","expanded_url":"https://ticket.yahoo.co.jp/special/dct/","display_url":"ticket.yahoo.co.jp/special/dct/","indices":[56,79]}]},"metadata":{"iso_language_code":"ja","result_type":"recent"},"source":"<a href=\"http://twitter.com\" rel=\"nofollow\">Twitter Web Client</a>","in_reply_to_status_id":null,"in_reply_to_status_id_str":null,"in_reply_to_user_id":null,"in_reply_to_user_id_str":null,"in_reply_to_screen_name":null,"user":{"id":3255135294,"id_str":"3255135294","name":"ドリカムスタッフ","screen_name":"DCT_STAFF","location":"DREAMS COME TRUE","description":"LIVE DVD&Blu-ray\n「裏ドリワンダーランド 2016」\nリリース決定！\nドリカムには「ウラ」がある！\nドリカムワンダーランド 2015の続編となる怒濤のライヴエンターテインメント! \n裏ベストアルバム「私だけのドリカム」から厳選された「聴きたかった!見たかった!」名曲や激レア曲を完全収録。","url":"https://t.co/AUxdhGsCSL","entities":{"url":{"urls":[{"url":"https://t.co/AUxdhGsCSL","expanded_url":"http://dreamscometrue.com/","display_url":"dreamscometrue.com","indices":[0,23]}]},"description":{"urls":[]}},"protected":false,"followers_count":17006,"friends_count":5,"listed_count":94,"created_at":"Thu Jun 25 03:42:58 +0000 2015","favourites_count":22,"utc_offset":32400,"time_zone":"Tokyo","geo_enabled":true,"verified":false,"statuses_count":2909,"lang":"ja","contributors_enabled":false,"is_translator":false,"is_translation_enabled":false,"profile_background_color":"000000","profile_background_image_url":"http://pbs.twimg.com/profile_background_images/615423475822362624/ow9IUseU.jpg","profile_background_image_url_https":"https://pbs.twimg.com/profile_background_images/615423475822362624/ow9IUseU.jpg","profile_background_tile":false,"profile_image_url":"http://pbs.twimg.com/profile_images/865372121979015168/365x6po4_normal.jpg","profile_image_url_https":"https://pbs.twimg.com/profile_images/865372121979015168/365x6po4_normal.jpg","profile_banner_url":"https://pbs.twimg.com/profile_banners/3255135294/1495155695","profile_link_color":"FFCC4D","profile_sidebar_border_color":"000000","profile_sidebar_fill_color":"000000","profile_text_color":"000000","profile_use_background_image":false,"has_extended_profile":false,"default_profile":false,"default_profile_image":false,"following":false,"follow_request_sent":false,"notifications":false,"translator_type":"none"},"geo":null,"coordinates":null,"place":null,"contributors":null,"is_quote_status":false,"retweet_count":63,"favorite_count":77,"favorited":false,"retweeted":false,"possibly_sensitive":false,"lang":"ja"},{"created_at":"Thu Jul 06 15:15:28 +0000 2017","id":882981329041842200,"id_str":"882981329041842178","text":"なんと⁉️\nアメトーークにてカンニング竹山さん\n@takeyama0330 にフレンズの\n名前を出していただきました😭\n\n感謝感謝です🙏🙏😭😭\n\nフレンズの新曲🔽\nhttps://t.co/pVU3UTqiFS\n\n9月からワンマン… https://t.co/1pT7EQ7a08","truncated":true,"entities":{"hashtags":[],"symbols":[],"user_mentions":[{"screen_name":"takeyama0330","name":"カンニング竹山","id":182043794,"id_str":"182043794","indices":[24,37]}],"urls":[{"url":"https://t.co/pVU3UTqiFS","expanded_url":"https://youtu.be/vfGqRPfon7o","display_url":"youtu.be/vfGqRPfon7o","indices":[82,105]},{"url":"https://t.co/1pT7EQ7a08","expanded_url":"https://twitter.com/i/web/status/882981329041842178","display_url":"twitter.com/i/web/status/8…","indices":[117,140]}]},"metadata":{"iso_language_code":"ja","result_type":"recent"},"source":"<a href=\"http://twitter.com/download/iphone\" rel=\"nofollow\">Twitter for iPhone</a>","in_reply_to_status_id":null,"in_reply_to_status_id_str":null,"in_reply_to_user_id":null,"in_reply_to_user_id_str":null,"in_reply_to_screen_name":null,"user":{"id":3288067639,"id_str":"3288067639","name":"フレンズ@9/15より全国ツアー開始🌍","screen_name":"FRIENDS_twtw","location":"神泉","description":"8th June, 2015 START We are from Japan. 2017/04/05(水)初の全国流通盤「ベビー誕生！」リリース！iTunesはこちら⇨ https://t.co/QEMe34GYtT 5月12日からタイバンツアーもあります！ [ friends2015.info@gmail.com ]","url":"https://t.co/nI96twrWUr","entities":{"url":{"urls":[{"url":"https://t.co/nI96twrWUr","expanded_url":"http://friends-jpn.com","display_url":"friends-jpn.com","indices":[0,23]}]},"description":{"urls":[{"url":"https://t.co/QEMe34GYtT","expanded_url":"http://apple.co/2nkZzAZ","display_url":"apple.co/2nkZzAZ","indices":[85,108]}]}},"protected":false,"followers_count":12152,"friends_count":5,"listed_count":141,"created_at":"Thu Jul 23 00:14:20 +0000 2015","favourites_count":54,"utc_offset":-25200,"time_zone":"Pacific Time (US & Canada)","geo_enabled":true,"verified":false,"statuses_count":2345,"lang":"ja","contributors_enabled":false,"is_translator":false,"is_translation_enabled":false,"profile_background_color":"000000","profile_background_image_url":"http://abs.twimg.com/images/themes/theme1/bg.png","profile_background_image_url_https":"https://abs.twimg.com/images/themes/theme1/bg.png","profile_background_tile":false,"profile_image_url":"http://pbs.twimg.com/profile_images/878084704246710273/JotAEEV0_normal.jpg","profile_image_url_https":"https://pbs.twimg.com/profile_images/878084704246710273/JotAEEV0_normal.jpg","profile_banner_url":"https://pbs.twimg.com/profile_banners/3288067639/1491387287","profile_link_color":"ABB8C2","profile_sidebar_border_color":"000000","profile_sidebar_fill_color":"000000","profile_text_color":"000000","profile_use_background_image":false,"has_extended_profile":false,"default_profile":false,"default_profile_image":false,"following":false,"follow_request_sent":false,"notifications":false,"translator_type":"none"},"geo":null,"coordinates":null,"place":null,"contributors":null,"is_quote_status":false,"retweet_count":82,"favorite_count":175,"favorited":false,"retweeted":false,"possibly_sensitive":false,"lang":"ja"},{"created_at":"Thu Jul 06 15:15:25 +0000 2017","id":882981318027493400,"id_str":"882981318027493376","text":"可愛くなれますように","truncated":false,"entities":{"hashtags":[],"symbols":[],"user_mentions":[],"urls":[]},"metadata":{"iso_language_code":"ja","result_type":"recent"},"source":"<a href=\"http://tapbots.com/tweetbot\" rel=\"nofollow\">Tweetbot for iΟS</a>","in_reply_to_status_id":null,"in_reply_to_status_id_str":null,"in_reply_to_user_id":null,"in_reply_to_user_id_str":null,"in_reply_to_screen_name":null,"user":{"id":61402493,"id_str":"61402493","name":"古川未鈴","screen_name":"FurukawaMirin","location":"","description":"でんぱ組.inc/ゲームとラーメンと貝ひもが好き/レスできなくてごめんね！/高松観光大使/dempagumi.dearstage.com","url":"https://t.co/IqjYsOk0UY","entities":{"url":{"urls":[{"url":"https://t.co/IqjYsOk0UY","expanded_url":"http://ameblo.jp/mirin-9/","display_url":"ameblo.jp/mirin-9/","indices":[0,23]}]},"description":{"urls":[]}},"protected":false,"followers_count":221277,"friends_count":196,"listed_count":6805,"created_at":"Thu Jul 30 05:35:48 +0000 2009","favourites_count":6,"utc_offset":-36000,"time_zone":"Hawaii","geo_enabled":false,"verified":true,"statuses_count":46166,"lang":"ja","contributors_enabled":false,"is_translator":false,"is_translation_enabled":false,"profile_background_color":"B2DFDA","profile_background_image_url":"http://pbs.twimg.com/profile_background_images/718560094/e4d9baf0e04c02d287b5b57ded0656c2.jpeg","profile_background_image_url_https":"https://pbs.twimg.com/profile_background_images/718560094/e4d9baf0e04c02d287b5b57ded0656c2.jpeg","profile_background_tile":false,"profile_image_url":"http://pbs.twimg.com/profile_images/718112348897038336/sef0ZXWk_normal.jpg","profile_image_url_https":"https://pbs.twimg.com/profile_images/718112348897038336/sef0ZXWk_normal.jpg","profile_banner_url":"https://pbs.twimg.com/profile_banners/61402493/1460039713","profile_link_color":"93A644","profile_sidebar_border_color":"FFFFFF","profile_sidebar_fill_color":"DDEEF6","profile_text_color":"333333","profile_use_background_image":true,"has_extended_profile":true,"default_profile":false,"default_profile_image":false,"following":false,"follow_request_sent":false,"notifications":false,"translator_type":"none"},"geo":null,"coordinates":null,"place":null,"contributors":null,"is_quote_status":false,"retweet_count":70,"favorite_count":520,"favorited":false,"retweeted":false,"lang":"ja"},{"created_at":"Thu Jul 06 15:15:07 +0000 2017","id":882981240252448800,"id_str":"882981240252448769","text":"タリーズの新作「マスカットティー＆ザクロルビースワークル」フローズンドリンク×“ぷるぷる食感”ゼリー - https://t.co/PAjb3RO5Om https://t.co/8usHwsEIvX","truncated":false,"entities":{"hashtags":[],"symbols":[],"user_mentions":[],"urls":[{"url":"https://t.co/PAjb3RO5Om","expanded_url":"https://www.fashion-press.net/news/31925","display_url":"fashion-press.net/news/31925","indices":[53,76]}],"media":[{"id":882981234216808400,"id_str":"882981234216808450","indices":[77,100],"media_url":"http://pbs.twimg.com/media/DED6wRjUMAIvfqu.jpg","media_url_https":"https://pbs.twimg.com/media/DED6wRjUMAIvfqu.jpg","url":"https://t.co/8usHwsEIvX","display_url":"pic.twitter.com/8usHwsEIvX","expanded_url":"https://twitter.com/fashionpressnet/status/882981240252448769/photo/1","type":"photo","sizes":{"small":{"w":612,"h":680,"resize":"fit"},"thumb":{"w":150,"h":150,"resize":"crop"},"large":{"w":680,"h":756,"resize":"fit"},"medium":{"w":680,"h":756,"resize":"fit"}}}]},"extended_entities":{"media":[{"id":882981234216808400,"id_str":"882981234216808450","indices":[77,100],"media_url":"http://pbs.twimg.com/media/DED6wRjUMAIvfqu.jpg","media_url_https":"https://pbs.twimg.com/media/DED6wRjUMAIvfqu.jpg","url":"https://t.co/8usHwsEIvX","display_url":"pic.twitter.com/8usHwsEIvX","expanded_url":"https://twitter.com/fashionpressnet/status/882981240252448769/photo/1","type":"photo","sizes":{"small":{"w":612,"h":680,"resize":"fit"},"thumb":{"w":150,"h":150,"resize":"crop"},"large":{"w":680,"h":756,"resize":"fit"},"medium":{"w":680,"h":756,"resize":"fit"}}},{"id":882981237375221800,"id_str":"882981237375221765","indices":[77,100],"media_url":"http://pbs.twimg.com/media/DED6wdUVwAUasci.jpg","media_url_https":"https://pbs.twimg.com/media/DED6wdUVwAUasci.jpg","url":"https://t.co/8usHwsEIvX","display_url":"pic.twitter.com/8usHwsEIvX","expanded_url":"https://twitter.com/fashionpressnet/status/882981240252448769/photo/1","type":"photo","sizes":{"large":{"w":680,"h":741,"resize":"fit"},"medium":{"w":680,"h":741,"resize":"fit"},"thumb":{"w":150,"h":150,"resize":"crop"},"small":{"w":624,"h":680,"resize":"fit"}}}]},"metadata":{"iso_language_code":"ja","result_type":"recent"},"source":"<a href=\"http://www.fashion-press.net/\" rel=\"nofollow\">Fashion Press</a>","in_reply_to_status_id":null,"in_reply_to_status_id_str":null,"in_reply_to_user_id":null,"in_reply_to_user_id_str":null,"in_reply_to_screen_name":null,"user":{"id":168816611,"id_str":"168816611","name":"Fashion Press","screen_name":"fashionpressnet","location":"","description":"ファッションWEBマガジン「ファッションプレス」公式アカウント。 【Instagram】http://t.co/3myapCJ1Ax【Facebook】http://t.co/8FFmQA2set","url":"http://t.co/rSEGQEqMH0","entities":{"url":{"urls":[{"url":"http://t.co/rSEGQEqMH0","expanded_url":"http://www.fashion-press.net/","display_url":"fashion-press.net","indices":[0,22]}]},"description":{"urls":[{"url":"http://t.co/3myapCJ1Ax","expanded_url":"http://instagram.com/fashionpressjp","display_url":"instagram.com/fashionpressjp","indices":[44,66]},{"url":"http://t.co/8FFmQA2set","expanded_url":"http://www.facebook.com/FashionPress.net","display_url":"facebook.com/FashionPress.n…","indices":[76,98]}]}},"protected":false,"followers_count":2275603,"friends_count":2,"listed_count":8939,"created_at":"Tue Jul 20 21:38:17 +0000 2010","favourites_count":0,"utc_offset":32400,"time_zone":"Tokyo","geo_enabled":false,"verified":true,"statuses_count":80398,"lang":"ja","contributors_enabled":false,"is_translator":false,"is_translation_enabled":false,"profile_background_color":"F5F8FA","profile_background_image_url":"http://abs.twimg.com/images/themes/theme14/bg.gif","profile_background_image_url_https":"https://abs.twimg.com/images/themes/theme14/bg.gif","profile_background_tile":false,"profile_image_url":"http://pbs.twimg.com/profile_images/491483872677228544/fuq52Rp2_normal.jpeg","profile_image_url_https":"https://pbs.twimg.com/profile_images/491483872677228544/fuq52Rp2_normal.jpeg","profile_banner_url":"https://pbs.twimg.com/profile_banners/168816611/1444307408","profile_link_color":"343738","profile_sidebar_border_color":"FFFFFF","profile_sidebar_fill_color":"DDEEF6","profile_text_color":"333333","profile_use_background_image":true,"has_extended_profile":false,"default_profile":false,"default_profile_image":false,"following":false,"follow_request_sent":false,"notifications":false,"translator_type":"none"},"geo":null,"coordinates":null,"place":null,"contributors":null,"is_quote_status":false,"retweet_count":172,"favorite_count":420,"favorited":false,"retweeted":false,"possibly_sensitive":false,"lang":"ja"}],"search_metadata":{"completed_in":0.083,"max_id":882982555133202400,"max_id_str":"882982555133202432","next_results":"?max_id=882981240252448768&q=lang%3Aja%20min_retweets%3A50&include_entities=1","query":"lang%3Aja+min_retweets%3A50","refresh_url":"?since_id=882982555133202432&q=lang%3Aja%20min_retweets%3A50&include_entities=1","count":15,"since_id":0,"since_id_str":"0"}}