{"statuses":[{"created_at":"Fri Jul 07 11:21:07 +0000 2017","id":883284740937138200,"id_str":"883284740937138178","text":"お待たせ致しました！\nDa-iCE 8/30(水)発売 12th single｢君色｣リリース記念イベント情報第一弾発表!!\n詳細はこちら⇒https://t.co/kNG3jbX1fT\n#君色0830 https://t.co/iURvHwwWD9","truncated":false,"entities":{"hashtags":[{"text":"君色0830","indices":[94,101]}],"symbols":[],"user_mentions":[],"urls":[{"url":"https://t.co/kNG3jbX1fT","expanded_url":"http://po.st/BtjB59","display_url":"po.st/BtjB59","indices":[70,93]}],"media":[{"id":883284657869004800,"id_str":"883284657869004801","indices":[102,125],"media_url":"http://pbs.twimg.com/media/DEIOt2vVoAERk_P.jpg","media_url_https":"https://pbs.twimg.com/media/DEIOt2vVoAERk_P.jpg","url":"https://t.co/iURvHwwWD9","display_url":"pic.twitter.com/iURvHwwWD9","expanded_url":"https://twitter.com/Da_iCE_STAFF/status/883284740937138178/photo/1","type":"photo","sizes":{"small":{"w":533,"h":450,"resize":"fit"},"thumb":{"w":150,"h":150,"resize":"crop"},"medium":{"w":533,"h":450,"resize":"fit"},"large":{"w":533,"h":450,"resize":"fit"}}}]},"extended_entities":{"media":[{"id":883284657869004800,"id_str":"883284657869004801","indices":[102,125],"media_url":"http://pbs.twimg.com/media/DEIOt2vVoAERk_P.jpg","media_url_https":"https://pbs.twimg.com/media/DEIOt2vVoAERk_P.jpg","url":"https://t.co/iURvHwwWD9","display_url":"pic.twitter.com/iURvHwwWD9","expanded_url":"https://twitter.com/Da_iCE_STAFF/status/883284740937138178/photo/1","type":"photo","sizes":{"small":{"w":533,"h":450,"resize":"fit"},"thumb":{"w":150,"h":150,"resize":"crop"},"medium":{"w":533,"h":450,"resize":"fit"},"large":{"w":533,"h":450,"resize":"fit"}}}]},"metadata":{"iso_language_code":"ja","result_type":"recent"},"source":"<a href=\"http://twitter.com\" rel=\"nofollow\">Twitter Web Client</a>","in_reply_to_status_id":null,"in_reply_to_status_id_str":null,"in_reply_to_user_id":null,"in_reply_to_user_id_str":null,"in_reply_to_screen_name":null,"user":{"id":267794630,"id_str":"267794630","name":"Da-iCE STAFF【公式】","screen_name":"Da_iCE_STAFF","location":"東京","description":"Da-iCE STAFFです｡8/30(水) 12th single｢君色｣発売決定‼︎ 現在､全国TOUR｢Da-iCE LIVE TOUR 2017 -NEXT PHASE-｣開催中！","url":"https://t.co/dUx1SuFdcI","entities":{"url":{"urls":[{"url":"https://t.co/dUx1SuFdcI","expanded_url":"http://da-ice.jp/","display_url":"da-ice.jp","indices":[0,23]}]},"description":{"urls":[]}},"protected":false,"followers_count":102793,"friends_count":390,"listed_count":1191,"created_at":"Thu Mar 17 15:10:37 +0000 2011","favourites_count":50,"utc_offset":-36000,"time_zone":"Hawaii","geo_enabled":true,"verified":false,"statuses_count":37220,"lang":"ja","contributors_enabled":false,"is_translator":false,"is_translation_enabled":false,"profile_background_color":"89C9FA","profile_background_image_url":"http://pbs.twimg.com/profile_background_images/615901465517887488/BwEBRsdq.jpg","profile_background_image_url_https":"https://pbs.twimg.com/profile_background_images/615901465517887488/BwEBRsdq.jpg","profile_background_tile":false,"profile_image_url":"http://pbs.twimg.com/profile_images/876025058505900033/YTfJ4Oby_normal.jpg","profile_image_url_https":"https://pbs.twimg.com/profile_images/876025058505900033/YTfJ4Oby_normal.jpg","profile_banner_url":"https://pbs.twimg.com/profile_banners/267794630/1493382557","profile_link_color":"89C9FA","profile_sidebar_border_color":"000000","profile_sidebar_fill_color":"DDEEF6","profile_text_color":"333333","profile_use_background_image":false,"has_extended_profile":false,"default_profile":false,"default_profile_image":false,"following":false,"follow_request_sent":false,"notifications":false,"translator_type":"none"},"geo":null,"coordinates":null,"place":null,"contributors":null,"is_quote_status":false,"retweet_count":101,"favorite_count":197,"favorited":false,"retweeted":false,"possibly_sensitive":false,"lang":"ja"},{"created_at":"Fri Jul 07 11:20:51 +0000 2017","id":883284673299755000,"id_str":"883284673299755008","text":"七夕の夜、いかがお過ごしですか？ティッピー達も笹の葉を飾って楽しんでいるようです♪皆さんの願い事が叶いますように☆　 #gochiusa https://t.co/Eb5okNKfGG","truncated":false,"entities":{"hashtags":[{"text":"gochiusa","indices":[59,68]}],"symbols":[],"user_mentions":[],"urls":[],"media":[{"id":883284658477084700,"id_str":"883284658477084673","indices":[69,92],"media_url":"http://pbs.twimg.com/media/DEIOt5AUMAE_7O1.jpg","media_url_https":"https://pbs.twimg.com/media/DEIOt5AUMAE_7O1.jpg","url":"https://t.co/Eb5okNKfGG","display_url":"pic.twitter.com/Eb5okNKfGG","expanded_url":"https://twitter.com/usagi_anime/status/883284673299755008/photo/1","type":"photo","sizes":{"medium":{"w":800,"h":600,"resize":"fit"},"small":{"w":680,"h":510,"resize":"fit"},"thumb":{"w":150,"h":150,"resize":"crop"},"large":{"w":800,"h":600,"resize":"fit"}}}]},"extended_entities":{"media":[{"id":883284658477084700,"id_str":"883284658477084673","indices":[69,92],"media_url":"http://pbs.twimg.com/media/DEIOt5AUMAE_7O1.jpg","media_url_https":"https://pbs.twimg.com/media/DEIOt5AUMAE_7O1.jpg","url":"https://t.co/Eb5okNKfGG","display_url":"pic.twitter.com/Eb5okNKfGG","expanded_url":"https://twitter.com/usagi_anime/status/883284673299755008/photo/1","type":"photo","sizes":{"medium":{"w":800,"h":600,"resize":"fit"},"small":{"w":680,"h":510,"resize":"fit"},"thumb":{"w":150,"h":150,"resize":"crop"},"large":{"w":800,"h":600,"resize":"fit"}}}]},"metadata":{"iso_language_code":"ja","result_type":"recent"},"source":"<a href=\"http://twitter.com\" rel=\"nofollow\">Twitter Web Client</a>","in_reply_to_status_id":null,"in_reply_to_status_id_str":null,"in_reply_to_user_id":null,"in_reply_to_user_id_str":null,"in_reply_to_screen_name":null,"user":{"id":2179819292,"id_str":"2179819292","name":"TVアニメ『ご注文はうさぎですか？？』","screen_name":"usagi_anime","location":"Rabbit House","description":"TVアニメ『ご注文はうさぎですか？？』公式ツイッターです。\n新作アニメスペシャルエピソード「ご注文はうさぎですか？？ ～Dear My Sister～」11月11日(土)より全国40館にて上映決定！第1期BD/DVD BOX、「chimame march」発売中！","url":"https://t.co/5Wn6Gxw7Xf","entities":{"url":{"urls":[{"url":"https://t.co/5Wn6Gxw7Xf","expanded_url":"http://www.gochiusa.com/","display_url":"gochiusa.com","indices":[0,23]}]},"description":{"urls":[]}},"protected":false,"followers_count":242357,"friends_count":27,"listed_count":4054,"created_at":"Thu Nov 07 10:29:29 +0000 2013","favourites_count":0,"utc_offset":32400,"time_zone":"Tokyo","geo_enabled":true,"verified":true,"statuses_count":3434,"lang":"ja","contributors_enabled":false,"is_translator":false,"is_translation_enabled":false,"profile_background_color":"000000","profile_background_image_url":"http://abs.twimg.com/images/themes/theme1/bg.png","profile_background_image_url_https":"https://abs.twimg.com/images/themes/theme1/bg.png","profile_background_tile":false,"profile_image_url":"http://pbs.twimg.com/profile_images/851449716290109440/7gKtK2YT_normal.jpg","profile_image_url_https":"https://pbs.twimg.com/profile_images/851449716290109440/7gKtK2YT_normal.jpg","profile_banner_url":"https://pbs.twimg.com/profile_banners/2179819292/1491058956","profile_link_color":"985858","profile_sidebar_border_color":"000000","profile_sidebar_fill_color":"000000","profile_text_color":"000000","profile_use_background_image":false,"has_extended_profile":false,"default_profile":false,"default_profile_image":false,"following":false,"follow_request_sent":false,"notifications":false,"translator_type":"none"},"geo":null,"coordinates":null,"place":null,"contributors":null,"is_quote_status":false,"retweet_count":247,"favorite_count":328,"favorited":false,"retweeted":false,"possibly_sensitive":false,"lang":"ja"},{"created_at":"Fri Jul 07 11:20:51 +0000 2017","id":883284672662220800,"id_str":"883284672662220801","text":"天月さんの新曲「Mr.Fake」MV公開されました！実写シリーズ「トモダチゲーム」の主題歌ですごくすごくかっこいいので是非！BPMここ数年作った中で一番早いかも。編曲は中山真斗さんで僕は作曲と作詞（共作）してます！https://t.co/qdTFmMFKt3","truncated":false,"entities":{"hashtags":[],"symbols":[],"user_mentions":[],"urls":[{"url":"https://t.co/qdTFmMFKt3","expanded_url":"https://www.youtube.com/watch?v=QemU5T44I_U","display_url":"youtube.com/watch?v=QemU5T…","indices":[107,130]}]},"metadata":{"iso_language_code":"ja","result_type":"recent"},"source":"<a href=\"http://twitter.com\" rel=\"nofollow\">Twitter Web Client</a>","in_reply_to_status_id":null,"in_reply_to_status_id_str":null,"in_reply_to_user_id":null,"in_reply_to_user_id_str":null,"in_reply_to_screen_name":null,"user":{"id":122658766,"id_str":"122658766","name":"渡辺翔　sho watanabe","screen_name":"watanabesho","location":"東京","description":"作曲作詞家です。oath sign、crossing field、コネクト、ルミナス、カラフル、ユニバーページ、Glow Slowly、リトルチャームファング、からっぽカプセル、secret arms、whiz.、ニセコイ全ED.JUJU.東京女子流.AKB48.平野綾.V6.Lil'B.などなど作っております","url":"http://t.co/EXb0YGvUom","entities":{"url":{"urls":[{"url":"http://t.co/EXb0YGvUom","expanded_url":"http://ameblo.jp/shoooou/themeentrylist-10088910701.html","display_url":"ameblo.jp/shoooou/themee…","indices":[0,22]}]},"description":{"urls":[]}},"protected":false,"followers_count":7496,"friends_count":316,"listed_count":234,"created_at":"Sat Mar 13 12:55:42 +0000 2010","favourites_count":0,"utc_offset":32400,"time_zone":"Tokyo","geo_enabled":false,"verified":false,"statuses_count":3961,"lang":"ja","contributors_enabled":false,"is_translator":false,"is_translation_enabled":false,"profile_background_color":"EDECE9","profile_background_image_url":"http://abs.twimg.com/images/themes/theme3/bg.gif","profile_background_image_url_https":"https://abs.twimg.com/images/themes/theme3/bg.gif","profile_background_tile":false,"profile_image_url":"http://pbs.twimg.com/profile_images/862388245/1_1__normal.jpg","profile_image_url_https":"https://pbs.twimg.com/profile_images/862388245/1_1__normal.jpg","profile_banner_url":"https://pbs.twimg.com/profile_banners/122658766/1428852615","profile_link_color":"001133","profile_sidebar_border_color":"000000","profile_sidebar_fill_color":"E3E2DE","profile_text_color":"634047","profile_use_background_image":true,"has_extended_profile":false,"default_profile":false,"default_profile_image":false,"following":false,"follow_request_sent":false,"notifications":false,"translator_type":"none"},"geo":null,"coordinates":null,"place":null,"contributors":null,"is_quote_status":false,"retweet_count":73,"favorite_count":434,"favorited":false,"retweeted":false,"possibly_sensitive":false,"lang":"ja"},{"created_at":"Fri Jul 07 11:20:29 +0000 2017","id":883284581272567800,"id_str":"883284581272567815","text":"アプリ内の「お知らせ」をリニューアルいたしました😍３つのタブに分かれた新しい「お知らせ」では、「バンドリ！ ガールズバンドパーティ！」に関する、ゲーム外の情報もお届けしていきますよ🎵\nチェックしてみてくださいね‼️\n#バンドリ… https://t.co/uYeq8dSxit","truncated":true,"entities":{"hashtags":[{"text":"バンドリ","indices":[108,113]}],"symbols":[],"user_mentions":[],"urls":[{"url":"https://t.co/uYeq8dSxit","expanded_url":"https://twitter.com/i/web/status/883284581272567815","display_url":"twitter.com/i/web/status/8…","indices":[115,138]}]},"metadata":{"iso_language_code":"ja","result_type":"recent"},"source":"<a href=\"http://twitter.com\" rel=\"nofollow\">Twitter Web Client</a>","in_reply_to_status_id":null,"in_reply_to_status_id_str":null,"in_reply_to_user_id":null,"in_reply_to_user_id_str":null,"in_reply_to_screen_name":null,"user":{"id":775280864674525200,"id_str":"775280864674525184","name":"バンドリ！ ガールズバンドパーティ！","screen_name":"bang_dream_gbp","location":"","description":"スマートフォン向けゲーム「バンドリ！ ガールズバンドパーティ！」（#ガルパ）の公式アカウントです。※お問い合わせやメッセージへは返答できかねます。ご了承下さい。　　　　　　　　　　　　\niOS：https://t.co/2f4OqP0pqf \n　　　　　Android：https://t.co/Ijt25DT4q4","url":"https://t.co/ISLUK2xYKu","entities":{"url":{"urls":[{"url":"https://t.co/ISLUK2xYKu","expanded_url":"http://bang-dream.bushimo.jp/","display_url":"bang-dream.bushimo.jp","indices":[0,23]}]},"description":{"urls":[{"url":"https://t.co/2f4OqP0pqf","expanded_url":"https://goo.gl/oY7r23","display_url":"goo.gl/oY7r23","indices":[97,120]},{"url":"https://t.co/Ijt25DT4q4","expanded_url":"https://goo.gl/r1OlqJ","display_url":"goo.gl/r1OlqJ","indices":[135,158]}]}},"protected":false,"followers_count":275871,"friends_count":31,"listed_count":1782,"created_at":"Mon Sep 12 10:32:16 +0000 2016","favourites_count":0,"utc_offset":null,"time_zone":null,"geo_enabled":false,"verified":true,"statuses_count":845,"lang":"ja","contributors_enabled":false,"is_translator":false,"is_translation_enabled":false,"profile_background_color":"F5F8FA","profile_background_image_url":null,"profile_background_image_url_https":null,"profile_background_tile":false,"profile_image_url":"http://pbs.twimg.com/profile_images/874897279660036100/q4Y3t1KU_normal.jpg","profile_image_url_https":"https://pbs.twimg.com/profile_images/874897279660036100/q4Y3t1KU_normal.jpg","profile_banner_url":"https://pbs.twimg.com/profile_banners/775280864674525184/1489646760","profile_link_color":"1DA1F2","profile_sidebar_border_color":"C0DEED","profile_sidebar_fill_color":"DDEEF6","profile_text_color":"333333","profile_use_background_image":true,"has_extended_profile":false,"default_profile":true,"default_profile_image":false,"following":false,"follow_request_sent":false,"notifications":false,"translator_type":"none"},"geo":null,"coordinates":null,"place":null,"contributors":null,"is_quote_status":false,"retweet_count":132,"favorite_count":233,"favorited":false,"retweeted":false,"possibly_sensitive":false,"lang":"ja"},{"created_at":"Fri Jul 07 11:20:08 +0000 2017","id":883284494526029800,"id_str":"883284494526029824","text":"【本日／24時締切】346デー記念グッズの通販の締め切りまで、あと4時間！申込忘れのないようお願いします！  https://t.co/Q5lwjd3T3e https://t.co/40P8gC13x2","truncated":false,"entities":{"hashtags":[],"symbols":[],"user_mentions":[],"urls":[{"url":"https://t.co/Q5lwjd3T3e","expanded_url":"https://www.aniplexplus.com/ffUgXfGw","display_url":"aniplexplus.com/ffUgXfGw","indices":[55,78]}],"media":[{"id":883284398174478300,"id_str":"883284398174478336","indices":[79,102],"media_url":"http://pbs.twimg.com/media/DEIOevTVoAAJUaT.jpg","media_url_https":"https://pbs.twimg.com/media/DEIOevTVoAAJUaT.jpg","url":"https://t.co/40P8gC13x2","display_url":"pic.twitter.com/40P8gC13x2","expanded_url":"https://twitter.com/imas_anime/status/883284494526029824/photo/1","type":"photo","sizes":{"medium":{"w":900,"h":600,"resize":"fit"},"small":{"w":680,"h":453,"resize":"fit"},"large":{"w":900,"h":600,"resize":"fit"},"thumb":{"w":150,"h":150,"resize":"crop"}}}]},"extended_entities":{"media":[{"id":883284398174478300,"id_str":"883284398174478336","indices":[79,102],"media_url":"http://pbs.twimg.com/media/DEIOevTVoAAJUaT.jpg","media_url_https":"https://pbs.twimg.com/media/DEIOevTVoAAJUaT.jpg","url":"https://t.co/40P8gC13x2","display_url":"pic.twitter.com/40P8gC13x2","expanded_url":"https://twitter.com/imas_anime/status/883284494526029824/photo/1","type":"photo","sizes":{"medium":{"w":900,"h":600,"resize":"fit"},"small":{"w":680,"h":453,"resize":"fit"},"large":{"w":900,"h":600,"resize":"fit"},"thumb":{"w":150,"h":150,"resize":"crop"}}},{"id":883284433410773000,"id_str":"883284433410772992","indices":[79,102],"media_url":"http://pbs.twimg.com/media/DEIOgykU0AAz897.jpg","media_url_https":"https://pbs.twimg.com/media/DEIOgykU0AAz897.jpg","url":"https://t.co/40P8gC13x2","display_url":"pic.twitter.com/40P8gC13x2","expanded_url":"https://twitter.com/imas_anime/status/883284494526029824/photo/1","type":"photo","sizes":{"small":{"w":680,"h":453,"resize":"fit"},"thumb":{"w":150,"h":150,"resize":"crop"},"large":{"w":900,"h":600,"resize":"fit"},"medium":{"w":900,"h":600,"resize":"fit"}}},{"id":883284454541639700,"id_str":"883284454541639680","indices":[79,102],"media_url":"http://pbs.twimg.com/media/DEIOiBSUQAA3uDY.jpg","media_url_https":"https://pbs.twimg.com/media/DEIOiBSUQAA3uDY.jpg","url":"https://t.co/40P8gC13x2","display_url":"pic.twitter.com/40P8gC13x2","expanded_url":"https://twitter.com/imas_anime/status/883284494526029824/photo/1","type":"photo","sizes":{"medium":{"w":900,"h":600,"resize":"fit"},"small":{"w":680,"h":453,"resize":"fit"},"large":{"w":900,"h":600,"resize":"fit"},"thumb":{"w":150,"h":150,"resize":"crop"}}},{"id":883284480642789400,"id_str":"883284480642789376","indices":[79,102],"media_url":"http://pbs.twimg.com/media/DEIOjihUMAAki3w.jpg","media_url_https":"https://pbs.twimg.com/media/DEIOjihUMAAki3w.jpg","url":"https://t.co/40P8gC13x2","display_url":"pic.twitter.com/40P8gC13x2","expanded_url":"https://twitter.com/imas_anime/status/883284494526029824/photo/1","type":"photo","sizes":{"small":{"w":680,"h":453,"resize":"fit"},"medium":{"w":900,"h":600,"resize":"fit"},"thumb":{"w":150,"h":150,"resize":"crop"},"large":{"w":900,"h":600,"resize":"fit"}}}]},"metadata":{"iso_language_code":"ja","result_type":"recent"},"source":"<a href=\"http://twitter.com\" rel=\"nofollow\">Twitter Web Client</a>","in_reply_to_status_id":null,"in_reply_to_status_id_str":null,"in_reply_to_user_id":null,"in_reply_to_user_id_str":null,"in_reply_to_screen_name":null,"user":{"id":230095408,"id_str":"230095408","name":"アイドルマスター","screen_name":"imas_anime","location":"","description":"『アイドルマスター アニメプロジェクト』公式アカウントです。","url":"http://t.co/JWSUgwEdm6","entities":{"url":{"urls":[{"url":"http://t.co/JWSUgwEdm6","expanded_url":"http://imas-anime-project.com","display_url":"imas-anime-project.com","indices":[0,22]}]},"description":{"urls":[]}},"protected":false,"followers_count":293599,"friends_count":9,"listed_count":5544,"created_at":"Fri Dec 24 07:32:57 +0000 2010","favourites_count":43,"utc_offset":32400,"time_zone":"Tokyo","geo_enabled":false,"verified":false,"statuses_count":6572,"lang":"ja","contributors_enabled":false,"is_translator":false,"is_translation_enabled":false,"profile_background_color":"C0DEED","profile_background_image_url":"http://pbs.twimg.com/profile_background_images/538366372154077184/vAXFlu2y.jpeg","profile_background_image_url_https":"https://pbs.twimg.com/profile_background_images/538366372154077184/vAXFlu2y.jpeg","profile_background_tile":true,"profile_image_url":"http://pbs.twimg.com/profile_images/538365006903910401/3u8n-us-_normal.png","profile_image_url_https":"https://pbs.twimg.com/profile_images/538365006903910401/3u8n-us-_normal.png","profile_link_color":"0084B4","profile_sidebar_border_color":"C0DEED","profile_sidebar_fill_color":"DDEEF6","profile_text_color":"333333","profile_use_background_image":true,"has_extended_profile":false,"default_profile":false,"default_profile_image":false,"following":false,"follow_request_sent":false,"notifications":false,"translator_type":"none"},"geo":null,"coordinates":null,"place":null,"contributors":null,"is_quote_status":false,"retweet_count":57,"favorite_count":28,"favorited":false,"retweeted":false,"possibly_sensitive":false,"lang":"ja"},{"created_at":"Fri Jul 07 11:19:52 +0000 2017","id":883284424787243000,"id_str":"883284424787243009","text":"本日7日(金)、球団事務所（兵庫県西宮市）にて、先日入団が決まりましたジェイソン・ロジャース選手の入団会見を行いました。背番号は48番です。\nhttps://t.co/4362f47ae6 https://t.co/VqE0eWk7tl","truncated":false,"entities":{"hashtags":[],"symbols":[],"user_mentions":[],"urls":[{"url":"https://t.co/4362f47ae6","expanded_url":"http://hanshintigers.jp/news/topics/info_5049.html","display_url":"hanshintigers.jp/news/topics/in…","indices":[71,94]}],"media":[{"id":883284382219255800,"id_str":"883284382219255808","indices":[95,118],"media_url":"http://pbs.twimg.com/media/DEIOdz3UQAAWace.jpg","media_url_https":"https://pbs.twimg.com/media/DEIOdz3UQAAWace.jpg","url":"https://t.co/VqE0eWk7tl","display_url":"pic.twitter.com/VqE0eWk7tl","expanded_url":"https://twitter.com/TigersDreamlink/status/883284424787243009/photo/1","type":"photo","sizes":{"medium":{"w":1200,"h":800,"resize":"fit"},"small":{"w":680,"h":453,"resize":"fit"},"thumb":{"w":150,"h":150,"resize":"crop"},"large":{"w":1200,"h":800,"resize":"fit"}}}]},"extended_entities":{"media":[{"id":883284382219255800,"id_str":"883284382219255808","indices":[95,118],"media_url":"http://pbs.twimg.com/media/DEIOdz3UQAAWace.jpg","media_url_https":"https://pbs.twimg.com/media/DEIOdz3UQAAWace.jpg","url":"https://t.co/VqE0eWk7tl","display_url":"pic.twitter.com/VqE0eWk7tl","expanded_url":"https://twitter.com/TigersDreamlink/status/883284424787243009/photo/1","type":"photo","sizes":{"medium":{"w":1200,"h":800,"resize":"fit"},"small":{"w":680,"h":453,"resize":"fit"},"thumb":{"w":150,"h":150,"resize":"crop"},"large":{"w":1200,"h":800,"resize":"fit"}}}]},"metadata":{"iso_language_code":"ja","result_type":"recent"},"source":"<a href=\"http://twitter.com\" rel=\"nofollow\">Twitter Web Client</a>","in_reply_to_status_id":null,"in_reply_to_status_id_str":null,"in_reply_to_user_id":null,"in_reply_to_user_id_str":null,"in_reply_to_screen_name":null,"user":{"id":257346169,"id_str":"257346169","name":"阪神タイガース","screen_name":"TigersDreamlink","location":"","description":"阪神タイガースの公式Twitterです。球団からの最新情報をイチ早くお届けいたします。 \n＊当ページはルールを定めています。詳細はこちらでご確認ください。https://t.co/KTizppzbuD\n＊画像等の転載・二次使用は禁止とさせていただきます。","url":"http://t.co/RtfU6TGchi","entities":{"url":{"urls":[{"url":"http://t.co/RtfU6TGchi","expanded_url":"http://hanshintigers.jp/","display_url":"hanshintigers.jp","indices":[0,22]}]},"description":{"urls":[{"url":"https://t.co/KTizppzbuD","expanded_url":"http://hanshintigers.jp/home/social/userpolicy.html","display_url":"hanshintigers.jp/home/social/us…","indices":[77,100]}]}},"protected":false,"followers_count":963652,"friends_count":6,"listed_count":2505,"created_at":"Fri Feb 25 06:31:11 +0000 2011","favourites_count":1,"utc_offset":32400,"time_zone":"Tokyo","geo_enabled":false,"verified":true,"statuses_count":6765,"lang":"ja","contributors_enabled":false,"is_translator":false,"is_translation_enabled":false,"profile_background_color":"000000","profile_background_image_url":"http://pbs.twimg.com/profile_background_images/561425801560600576/TTAXaOov.jpeg","profile_background_image_url_https":"https://pbs.twimg.com/profile_background_images/561425801560600576/TTAXaOov.jpeg","profile_background_tile":false,"profile_image_url":"http://pbs.twimg.com/profile_images/682590327702556672/R_kitcOs_normal.jpg","profile_image_url_https":"https://pbs.twimg.com/profile_images/682590327702556672/R_kitcOs_normal.jpg","profile_banner_url":"https://pbs.twimg.com/profile_banners/257346169/1499049168","profile_link_color":"766867","profile_sidebar_border_color":"FFFFFF","profile_sidebar_fill_color":"FFFFFF","profile_text_color":"333333","profile_use_background_image":true,"has_extended_profile":false,"default_profile":false,"default_profile_image":false,"following":false,"follow_request_sent":false,"notifications":false,"translator_type":"none"},"geo":null,"coordinates":null,"place":null,"contributors":null,"is_quote_status":false,"retweet_count":141,"favorite_count":225,"favorited":false,"retweeted":false,"possibly_sensitive":false,"lang":"ja"},{"created_at":"Fri Jul 07 11:19:40 +0000 2017","id":883284374648528900,"id_str":"883284374648528896","text":"垢数確認","truncated":false,"entities":{"hashtags":[],"symbols":[],"user_mentions":[],"urls":[]},"metadata":{"iso_language_code":"ja","result_type":"recent"},"source":"<a href=\"http://twitter.com/download/iphone\" rel=\"nofollow\">Twitter for iPhone</a>","in_reply_to_status_id":null,"in_reply_to_status_id_str":null,"in_reply_to_user_id":null,"in_reply_to_user_id_str":null,"in_reply_to_screen_name":null,"user":{"id":879466880016175100,"id_str":"879466880016175104","name":"五月雨","screen_name":"S_amidare","location":"","description":"【@_murasa_】【@__k1v】無視されてる方はDM飛ばしてください。見逃しの可能性があります。","url":null,"entities":{"description":{"urls":[]}},"protected":false,"followers_count":80,"friends_count":1,"listed_count":0,"created_at":"Mon Jun 26 22:30:18 +0000 2017","favourites_count":43,"utc_offset":null,"time_zone":null,"geo_enabled":false,"verified":false,"statuses_count":35,"lang":"ja","contributors_enabled":false,"is_translator":false,"is_translation_enabled":false,"profile_background_color":"F5F8FA","profile_background_image_url":null,"profile_background_image_url_https":null,"profile_background_tile":false,"profile_image_url":"http://pbs.twimg.com/profile_images/879467220828512262/_kKBBB1M_normal.jpg","profile_image_url_https":"https://pbs.twimg.com/profile_images/879467220828512262/_kKBBB1M_normal.jpg","profile_banner_url":"https://pbs.twimg.com/profile_banners/879466880016175104/1498516316","profile_link_color":"1DA1F2","profile_sidebar_border_color":"C0DEED","profile_sidebar_fill_color":"DDEEF6","profile_text_color":"333333","profile_use_background_image":true,"has_extended_profile":false,"default_profile":true,"default_profile_image":false,"following":false,"follow_request_sent":false,"notifications":false,"translator_type":"none"},"geo":null,"coordinates":null,"place":null,"contributors":null,"is_quote_status":false,"retweet_count":87,"favorite_count":87,"favorited":false,"retweeted":false,"lang":"ja"},{"created_at":"Fri Jul 07 11:19:12 +0000 2017","id":883284260291006500,"id_str":"883284260291006465","text":"『PUBG』正式リリースが2017年末に―アップデートは引き続き提供 https://t.co/zLANXT6NHX","truncated":false,"entities":{"hashtags":[],"symbols":[],"user_mentions":[],"urls":[{"url":"https://t.co/zLANXT6NHX","expanded_url":"http://ift.tt/2tPOtKH","display_url":"ift.tt/2tPOtKH","indices":[35,58]}]},"metadata":{"iso_language_code":"ja","result_type":"recent"},"source":"<a href=\"https://ifttt.com\" rel=\"nofollow\">IFTTT</a>","in_reply_to_status_id":null,"in_reply_to_status_id_str":null,"in_reply_to_user_id":null,"in_reply_to_user_id_str":null,"in_reply_to_screen_name":null,"user":{"id":19643522,"id_str":"19643522","name":"Game*Spark","screen_name":"gamespark","location":"","description":"ハードコアゲーマーのための情報サイトGame*Sparkの公式アカウントです。当サイトのマスコットアイドル「スパくん」が呟いたり、絵日記を描いたり、クイズを行ったりします。皆のフォロー待ってるスパよ！","url":"http://t.co/kGc10wzR87","entities":{"url":{"urls":[{"url":"http://t.co/kGc10wzR87","expanded_url":"http://www.gamespark.jp/","display_url":"gamespark.jp","indices":[0,22]}]},"description":{"urls":[]}},"protected":false,"followers_count":49301,"friends_count":30231,"listed_count":2096,"created_at":"Wed Jan 28 09:37:14 +0000 2009","favourites_count":3610,"utc_offset":32400,"time_zone":"Tokyo","geo_enabled":false,"verified":false,"statuses_count":61998,"lang":"ja","contributors_enabled":false,"is_translator":false,"is_translation_enabled":false,"profile_background_color":"1B1A16","profile_background_image_url":"http://pbs.twimg.com/profile_background_images/710771348545478656/QRmwNmKX.jpg","profile_background_image_url_https":"https://pbs.twimg.com/profile_background_images/710771348545478656/QRmwNmKX.jpg","profile_background_tile":false,"profile_image_url":"http://pbs.twimg.com/profile_images/834964683580833792/PX6t7SbZ_normal.jpg","profile_image_url_https":"https://pbs.twimg.com/profile_images/834964683580833792/PX6t7SbZ_normal.jpg","profile_banner_url":"https://pbs.twimg.com/profile_banners/19643522/1487906083","profile_link_color":"0099FF","profile_sidebar_border_color":"FFFFFF","profile_sidebar_fill_color":"95E8EC","profile_text_color":"3C3940","profile_use_background_image":true,"has_extended_profile":false,"default_profile":false,"default_profile_image":false,"following":false,"follow_request_sent":false,"notifications":false,"translator_type":"none"},"geo":null,"coordinates":null,"place":null,"contributors":null,"is_quote_status":false,"retweet_count":54,"favorite_count":19,"favorited":false,"retweeted":false,"possibly_sensitive":false,"lang":"ja"},{"created_at":"Fri Jul 07 11:18:27 +0000 2017","id":883284069970083800,"id_str":"883284069970083840","text":"このあと21時からはFM FUJI「沈黙の金曜日」中田花奈登場です！\n皆さま、今夜もぜひお聴きください！\n写真は本番前のかなりん☆\n「何書くかは内緒ー！」とのことです！\n#沈黙の金曜日 https://t.co/yME7FAiLpx","truncated":false,"entities":{"hashtags":[{"text":"沈黙の金曜日","indices":[85,92]}],"symbols":[],"user_mentions":[],"urls":[],"media":[{"id":883283669825101800,"id_str":"883283669825101824","indices":[93,116],"media_url":"http://pbs.twimg.com/media/DEIN0V_UIAAuPof.jpg","media_url_https":"https://pbs.twimg.com/media/DEIN0V_UIAAuPof.jpg","url":"https://t.co/yME7FAiLpx","display_url":"pic.twitter.com/yME7FAiLpx","expanded_url":"https://twitter.com/nogizaka46/status/883284069970083840/photo/1","type":"photo","sizes":{"medium":{"w":900,"h":1200,"resize":"fit"},"thumb":{"w":150,"h":150,"resize":"crop"},"small":{"w":510,"h":680,"resize":"fit"},"large":{"w":1108,"h":1478,"resize":"fit"}}}]},"extended_entities":{"media":[{"id":883283669825101800,"id_str":"883283669825101824","indices":[93,116],"media_url":"http://pbs.twimg.com/media/DEIN0V_UIAAuPof.jpg","media_url_https":"https://pbs.twimg.com/media/DEIN0V_UIAAuPof.jpg","url":"https://t.co/yME7FAiLpx","display_url":"pic.twitter.com/yME7FAiLpx","expanded_url":"https://twitter.com/nogizaka46/status/883284069970083840/photo/1","type":"photo","sizes":{"medium":{"w":900,"h":1200,"resize":"fit"},"thumb":{"w":150,"h":150,"resize":"crop"},"small":{"w":510,"h":680,"resize":"fit"},"large":{"w":1108,"h":1478,"resize":"fit"}}}]},"metadata":{"iso_language_code":"ja","result_type":"recent"},"source":"<a href=\"http://twitter.com\" rel=\"nofollow\">Twitter Web Client</a>","in_reply_to_status_id":null,"in_reply_to_status_id_str":null,"in_reply_to_user_id":null,"in_reply_to_user_id_str":null,"in_reply_to_screen_name":null,"user":{"id":317684165,"id_str":"317684165","name":"乃木坂46","screen_name":"nogizaka46","location":"乃木坂","description":"AKB48公式ライバルとして結成したアイドルグループです。\r\nグループ名の「乃木坂」は、最終オーディション会場の「SME乃木坂ビル」に由来し「46」は、『AKB48より人数が少なくても負けないという意気込み（秋元康氏）』からです。よろしくお願いします。","url":"http://t.co/f7TOymAV8b","entities":{"url":{"urls":[{"url":"http://t.co/f7TOymAV8b","expanded_url":"http://www.nogizaka46.com/","display_url":"nogizaka46.com","indices":[0,22]}]},"description":{"urls":[]}},"protected":false,"followers_count":749196,"friends_count":11,"listed_count":3693,"created_at":"Wed Jun 15 09:35:11 +0000 2011","favourites_count":15,"utc_offset":32400,"time_zone":"Tokyo","geo_enabled":false,"verified":true,"statuses_count":10571,"lang":"ja","contributors_enabled":false,"is_translator":false,"is_translation_enabled":false,"profile_background_color":"C0DEED","profile_background_image_url":"http://abs.twimg.com/images/themes/theme1/bg.png","profile_background_image_url_https":"https://abs.twimg.com/images/themes/theme1/bg.png","profile_background_tile":false,"profile_image_url":"http://pbs.twimg.com/profile_images/879321670640558081/LJqAoLcs_normal.jpg","profile_image_url_https":"https://pbs.twimg.com/profile_images/879321670640558081/LJqAoLcs_normal.jpg","profile_banner_url":"https://pbs.twimg.com/profile_banners/317684165/1400066488","profile_link_color":"1DA1F2","profile_sidebar_border_color":"C0DEED","profile_sidebar_fill_color":"DDEEF6","profile_text_color":"333333","profile_use_background_image":true,"has_extended_profile":false,"default_profile":true,"default_profile_image":false,"following":false,"follow_request_sent":false,"notifications":false,"translator_type":"none"},"geo":null,"coordinates":null,"place":null,"contributors":null,"is_quote_status":false,"retweet_count":86,"favorite_count":412,"favorited":false,"retweeted":false,"possibly_sensitive":false,"lang":"ja"},{"created_at":"Fri Jul 07 11:17:36 +0000 2017","id":883283857641922600,"id_str":"883283857641922560","text":"気まま😊気まま😡","truncated":false,"entities":{"hashtags":[],"symbols":[],"user_mentions":[],"urls":[]},"metadata":{"iso_language_code":"ja","result_type":"recent"},"source":"<a href=\"http://twitter.com/download/iphone\" rel=\"nofollow\">Twitter for iPhone</a>","in_reply_to_status_id":null,"in_reply_to_status_id_str":null,"in_reply_to_user_id":null,"in_reply_to_user_id_str":null,"in_reply_to_screen_name":null,"user":{"id":345347451,"id_str":"345347451","name":"サグワくん","screen_name":"saguwa_com","location":"","description":"サグワダイアリーで動画やってます。Amaryllisbombでぎゃーぎゃー言ってます。quad4sできーきー言ってます。大分で育ちました。気づいたら東京で生活してます。","url":"https://www.youtube.com/user/saguwadaiari","entities":{"url":{"urls":[{"url":"https://www.youtube.com/user/saguwadaiari","expanded_url":null,"indices":[0,41]}]},"description":{"urls":[]}},"protected":false,"followers_count":284803,"friends_count":253,"listed_count":1038,"created_at":"Sat Jul 30 12:57:18 +0000 2011","favourites_count":7767,"utc_offset":-36000,"time_zone":"Hawaii","geo_enabled":false,"verified":false,"statuses_count":41315,"lang":"ja","contributors_enabled":false,"is_translator":false,"is_translation_enabled":false,"profile_background_color":"000000","profile_background_image_url":"http://abs.twimg.com/images/themes/theme1/bg.png","profile_background_image_url_https":"https://abs.twimg.com/images/themes/theme1/bg.png","profile_background_tile":false,"profile_image_url":"http://pbs.twimg.com/profile_images/852866450901524482/igKH5CBu_normal.jpg","profile_image_url_https":"https://pbs.twimg.com/profile_images/852866450901524482/igKH5CBu_normal.jpg","profile_banner_url":"https://pbs.twimg.com/profile_banners/345347451/1476766385","profile_link_color":"89C9FA","profile_sidebar_border_color":"000000","profile_sidebar_fill_color":"000000","profile_text_color":"000000","profile_use_background_image":false,"has_extended_profile":false,"default_profile":false,"default_profile_image":false,"following":false,"follow_request_sent":false,"notifications":false,"translator_type":"none"},"geo":null,"coordinates":null,"place":null,"contributors":null,"is_quote_status":false,"retweet_count":83,"favorite_count":911,"favorited":false,"retweeted":false,"lang":"ja"},{"created_at":"Fri Jul 07 11:17:17 +0000 2017","id":883283774942847000,"id_str":"883283774942846976","text":"【チケット一般発売】『天月のやりたい放題TOUR 2017』チケット一般発売が明日（7/8）10時から開始です！！https://t.co/ivdC6psTUg\n先行で取れなかった方、残りわずかの箇所もあるのでお早めに！… https://t.co/rbg3B0i6nO","truncated":true,"entities":{"hashtags":[],"symbols":[],"user_mentions":[],"urls":[{"url":"https://t.co/ivdC6psTUg","expanded_url":"http://eplus.jp/amatsuki-tour-of/","display_url":"eplus.jp/amatsuki-tour-…","indices":[57,80]},{"url":"https://t.co/rbg3B0i6nO","expanded_url":"https://twitter.com/i/web/status/883283774942846976","display_url":"twitter.com/i/web/status/8…","indices":[112,135]}]},"metadata":{"iso_language_code":"ja","result_type":"recent"},"source":"<a href=\"http://twitter.com\" rel=\"nofollow\">Twitter Web Client</a>","in_reply_to_status_id":null,"in_reply_to_status_id_str":null,"in_reply_to_user_id":null,"in_reply_to_user_id_str":null,"in_reply_to_screen_name":null,"user":{"id":584853391,"id_str":"584853391","name":"天月-あまつき-いんふぉ","screen_name":"amatsuki_info","location":"","description":"天月-あまつき-公式いんふぉです！ たま～に誤字します。。。 ♪♪7/19(水)3rdシングル『Mr.Fake/ツナゲル』リリース♪♪","url":"https://t.co/IadLIov8I3","entities":{"url":{"urls":[{"url":"https://t.co/IadLIov8I3","expanded_url":"http://amatsuki.jp","display_url":"amatsuki.jp","indices":[0,23]}]},"description":{"urls":[]}},"protected":false,"followers_count":60053,"friends_count":4,"listed_count":765,"created_at":"Sat May 19 15:27:18 +0000 2012","favourites_count":70,"utc_offset":-36000,"time_zone":"Hawaii","geo_enabled":false,"verified":false,"statuses_count":1336,"lang":"ja","contributors_enabled":false,"is_translator":false,"is_translation_enabled":false,"profile_background_color":"FFFFFF","profile_background_image_url":"http://pbs.twimg.com/profile_background_images/550650008542773250/wcSdaHeB.jpeg","profile_background_image_url_https":"https://pbs.twimg.com/profile_background_images/550650008542773250/wcSdaHeB.jpeg","profile_background_tile":false,"profile_image_url":"http://pbs.twimg.com/profile_images/550648298084655104/pFz_17tc_normal.jpeg","profile_image_url_https":"https://pbs.twimg.com/profile_images/550648298084655104/pFz_17tc_normal.jpeg","profile_link_color":"FF0000","profile_sidebar_border_color":"FFFFFF","profile_sidebar_fill_color":"252429","profile_text_color":"666666","profile_use_background_image":true,"has_extended_profile":false,"default_profile":false,"default_profile_image":false,"following":false,"follow_request_sent":false,"notifications":false,"translator_type":"none"},"geo":null,"coordinates":null,"place":null,"contributors":null,"is_quote_status":false,"retweet_count":181,"favorite_count":876,"favorited":false,"retweeted":false,"possibly_sensitive":false,"lang":"ja"},{"created_at":"Fri Jul 07 11:17:15 +0000 2017","id":883283767598633000,"id_str":"883283767598632960","text":"介護ロボットの話 https://t.co/sRTpcqaIVp","truncated":false,"entities":{"hashtags":[],"symbols":[],"user_mentions":[],"urls":[],"media":[{"id":883283417143459800,"id_str":"883283417143459840","indices":[9,32],"media_url":"http://pbs.twimg.com/media/DEINlorUQAAoR_7.jpg","media_url_https":"https://pbs.twimg.com/media/DEINlorUQAAoR_7.jpg","url":"https://t.co/sRTpcqaIVp","display_url":"pic.twitter.com/sRTpcqaIVp","expanded_url":"https://twitter.com/shiuriri/status/883283767598632960/photo/1","type":"photo","sizes":{"medium":{"w":391,"h":1200,"resize":"fit"},"thumb":{"w":150,"h":150,"resize":"crop"},"large":{"w":668,"h":2048,"resize":"fit"},"small":{"w":222,"h":680,"resize":"fit"}}}]},"extended_entities":{"media":[{"id":883283417143459800,"id_str":"883283417143459840","indices":[9,32],"media_url":"http://pbs.twimg.com/media/DEINlorUQAAoR_7.jpg","media_url_https":"https://pbs.twimg.com/media/DEINlorUQAAoR_7.jpg","url":"https://t.co/sRTpcqaIVp","display_url":"pic.twitter.com/sRTpcqaIVp","expanded_url":"https://twitter.com/shiuriri/status/883283767598632960/photo/1","type":"photo","sizes":{"medium":{"w":391,"h":1200,"resize":"fit"},"thumb":{"w":150,"h":150,"resize":"crop"},"large":{"w":668,"h":2048,"resize":"fit"},"small":{"w":222,"h":680,"resize":"fit"}}}]},"metadata":{"iso_language_code":"ja","result_type":"recent"},"source":"<a href=\"http://twitter.com\" rel=\"nofollow\">Twitter Web Client</a>","in_reply_to_status_id":null,"in_reply_to_status_id_str":null,"in_reply_to_user_id":null,"in_reply_to_user_id_str":null,"in_reply_to_screen_name":null,"user":{"id":360488515,"id_str":"360488515","name":"シウ","screen_name":"shiuriri","location":"バミューダ海域","description":"サブカルちっくな毒百合イラストレーター、漫画家のヨシジマシウです。HPよりここに色々載せてます。お仕事等はこちらのアドレスからお願いします。【CBA04590@nifty.com】作品【https://t.co/JfTQAVvHd5】　　　グッズお取り扱い先TB中野店、vvオンライン","url":"https://t.co/WKgC3qHAUe","entities":{"url":{"urls":[{"url":"https://t.co/WKgC3qHAUe","expanded_url":"http://www.pixiv.net/member.php?id=2425495","display_url":"pixiv.net/member.php?id=…","indices":[0,23]}]},"description":{"urls":[{"url":"https://t.co/JfTQAVvHd5","expanded_url":"http://haru0209.jimdo.com","display_url":"haru0209.jimdo.com","indices":[93,116]}]}},"protected":false,"followers_count":43098,"friends_count":352,"listed_count":943,"created_at":"Tue Aug 23 08:49:23 +0000 2011","favourites_count":11270,"utc_offset":32400,"time_zone":"Tokyo","geo_enabled":true,"verified":false,"statuses_count":12206,"lang":"ja","contributors_enabled":false,"is_translator":false,"is_translation_enabled":false,"profile_background_color":"000000","profile_background_image_url":"http://abs.twimg.com/images/themes/theme1/bg.png","profile_background_image_url_https":"https://abs.twimg.com/images/themes/theme1/bg.png","profile_background_tile":false,"profile_image_url":"http://pbs.twimg.com/profile_images/735459623679885316/pAjQt0oL_normal.jpg","profile_image_url_https":"https://pbs.twimg.com/profile_images/735459623679885316/pAjQt0oL_normal.jpg","profile_banner_url":"https://pbs.twimg.com/profile_banners/360488515/1460409678","profile_link_color":"F5ABB5","profile_sidebar_border_color":"000000","profile_sidebar_fill_color":"000000","profile_text_color":"000000","profile_use_background_image":false,"has_extended_profile":true,"default_profile":false,"default_profile_image":false,"following":false,"follow_request_sent":false,"notifications":false,"translator_type":"none"},"geo":null,"coordinates":null,"place":null,"contributors":null,"is_quote_status":false,"retweet_count":125,"favorite_count":328,"favorited":false,"retweeted":false,"possibly_sensitive":false,"lang":"ja"},{"created_at":"Fri Jul 07 11:16:49 +0000 2017","id":883283658206920700,"id_str":"883283658206920705","text":"夏の夜空に願い込めて！千葉ロッテ(@Chiba_Lotte)・パラデス選手の同点アーチ！\nhttps://t.co/BW8EguxBX0 #chibalotte","truncated":false,"entities":{"hashtags":[{"text":"chibalotte","indices":[69,80]}],"symbols":[],"user_mentions":[{"screen_name":"Chiba_Lotte","name":"千葉ロッテマリーンズ公式アカウント","id":124313306,"id_str":"124313306","indices":[17,29]}],"urls":[{"url":"https://t.co/BW8EguxBX0","expanded_url":"http://tv.pacificleague.jp/vod/topics/homerun/21484","display_url":"tv.pacificleague.jp/vod/topics/hom…","indices":[45,68]}]},"metadata":{"iso_language_code":"ja","result_type":"recent"},"source":"<a href=\"http://twitter.com\" rel=\"nofollow\">Twitter Web Client</a>","in_reply_to_status_id":null,"in_reply_to_status_id_str":null,"in_reply_to_user_id":null,"in_reply_to_user_id_str":null,"in_reply_to_screen_name":null,"user":{"id":1903573940,"id_str":"1903573940","name":"パ・リーグTV公式","screen_name":"PacificleagueTV","location":"北海道・東北・埼玉・千葉・大阪・神戸・福岡","description":"パ・リーグTV公式ツイッター。パ・リーグTVではパ・リーグ主催全試合のライブ映像を、スマホ・PC・タブレットで、いつでもどこでもお楽しみいただけます！","url":"http://t.co/mn7U7IEtWs","entities":{"url":{"urls":[{"url":"http://t.co/mn7U7IEtWs","expanded_url":"http://tv.pacificleague.jp/","display_url":"tv.pacificleague.jp","indices":[0,22]}]},"description":{"urls":[]}},"protected":false,"followers_count":169142,"friends_count":1010,"listed_count":1303,"created_at":"Wed Sep 25 09:35:11 +0000 2013","favourites_count":2091,"utc_offset":32400,"time_zone":"Tokyo","geo_enabled":false,"verified":true,"statuses_count":42505,"lang":"ja","contributors_enabled":false,"is_translator":false,"is_translation_enabled":false,"profile_background_color":"C0DEED","profile_background_image_url":"http://pbs.twimg.com/profile_background_images/637582710706323456/46wfb0sT.jpg","profile_background_image_url_https":"https://pbs.twimg.com/profile_background_images/637582710706323456/46wfb0sT.jpg","profile_background_tile":false,"profile_image_url":"http://pbs.twimg.com/profile_images/702734074553569280/Nnmf4o7y_normal.jpg","profile_image_url_https":"https://pbs.twimg.com/profile_images/702734074553569280/Nnmf4o7y_normal.jpg","profile_banner_url":"https://pbs.twimg.com/profile_banners/1903573940/1490525571","profile_link_color":"0084B4","profile_sidebar_border_color":"000000","profile_sidebar_fill_color":"DDEEF6","profile_text_color":"333333","profile_use_background_image":true,"has_extended_profile":false,"default_profile":false,"default_profile_image":false,"following":false,"follow_request_sent":false,"notifications":false,"translator_type":"regular"},"geo":null,"coordinates":null,"place":null,"contributors":null,"is_quote_status":false,"retweet_count":47,"favorite_count":54,"favorited":false,"retweeted":false,"possibly_sensitive":false,"lang":"ja"},{"created_at":"Fri Jul 07 11:16:41 +0000 2017","id":883283626103787500,"id_str":"883283626103787520","text":"DJ CANDY ISLAND feat.DJぴにゃ☆☆☆ https://t.co/R0MJsh8zpm","truncated":false,"entities":{"hashtags":[],"symbols":[],"user_mentions":[],"urls":[],"media":[{"id":883283611285192700,"id_str":"883283611285192704","indices":[30,53],"media_url":"http://pbs.twimg.com/media/DEINw76UAAAA7wK.jpg","media_url_https":"https://pbs.twimg.com/media/DEINw76UAAAA7wK.jpg","url":"https://t.co/R0MJsh8zpm","display_url":"pic.twitter.com/R0MJsh8zpm","expanded_url":"https://twitter.com/usiosiruco/status/883283626103787520/photo/1","type":"photo","sizes":{"small":{"w":680,"h":340,"resize":"fit"},"large":{"w":1000,"h":500,"resize":"fit"},"thumb":{"w":150,"h":150,"resize":"crop"},"medium":{"w":1000,"h":500,"resize":"fit"}}}]},"extended_entities":{"media":[{"id":883283611285192700,"id_str":"883283611285192704","indices":[30,53],"media_url":"http://pbs.twimg.com/media/DEINw76UAAAA7wK.jpg","media_url_https":"https://pbs.twimg.com/media/DEINw76UAAAA7wK.jpg","url":"https://t.co/R0MJsh8zpm","display_url":"pic.twitter.com/R0MJsh8zpm","expanded_url":"https://twitter.com/usiosiruco/status/883283626103787520/photo/1","type":"photo","sizes":{"small":{"w":680,"h":340,"resize":"fit"},"large":{"w":1000,"h":500,"resize":"fit"},"thumb":{"w":150,"h":150,"resize":"crop"},"medium":{"w":1000,"h":500,"resize":"fit"}}}]},"metadata":{"iso_language_code":"ja","result_type":"recent"},"source":"<a href=\"http://twitter.com/download/android\" rel=\"nofollow\">Twitter for Android</a>","in_reply_to_status_id":null,"in_reply_to_status_id_str":null,"in_reply_to_user_id":null,"in_reply_to_user_id_str":null,"in_reply_to_screen_name":null,"user":{"id":726337789168504800,"id_str":"726337789168504832","name":"しるこ","screen_name":"usiosiruco","location":"","description":"無言F/R/B失礼します。愚痴とごくまれにソシャゲ。たまにネット休肝日。絵https://t.co/jdRZrmZgkC","url":"https://t.co/EuBYvYhaPo","entities":{"url":{"urls":[{"url":"https://t.co/EuBYvYhaPo","expanded_url":"https://coconala.com/users/410820","display_url":"coconala.com/users/410820","indices":[0,23]}]},"description":{"urls":[{"url":"https://t.co/jdRZrmZgkC","expanded_url":"http://pixiv.me/usiosiruco","display_url":"pixiv.me/usiosiruco","indices":[37,60]}]}},"protected":false,"followers_count":6055,"friends_count":86,"listed_count":151,"created_at":"Sat Apr 30 09:09:58 +0000 2016","favourites_count":3233,"utc_offset":null,"time_zone":null,"geo_enabled":false,"verified":false,"statuses_count":913,"lang":"ja","contributors_enabled":false,"is_translator":false,"is_translation_enabled":false,"profile_background_color":"F5F8FA","profile_background_image_url":null,"profile_background_image_url_https":null,"profile_background_tile":false,"profile_image_url":"http://pbs.twimg.com/profile_images/882908446655340544/TbRBSVVT_normal.jpg","profile_image_url_https":"https://pbs.twimg.com/profile_images/882908446655340544/TbRBSVVT_normal.jpg","profile_banner_url":"https://pbs.twimg.com/profile_banners/726337789168504832/1479578332","profile_link_color":"1DA1F2","profile_sidebar_border_color":"C0DEED","profile_sidebar_fill_color":"DDEEF6","profile_text_color":"333333","profile_use_background_image":true,"has_extended_profile":false,"default_profile":true,"default_profile_image":false,"following":false,"follow_request_sent":false,"notifications":false,"translator_type":"none"},"geo":null,"coordinates":null,"place":null,"contributors":null,"is_quote_status":false,"retweet_count":50,"favorite_count":78,"favorited":false,"retweeted":false,"possibly_sensitive":false,"lang":"ja"},{"created_at":"Fri Jul 07 11:16:41 +0000 2017","id":883283624744804400,"id_str":"883283624744804352","text":"たなばたさま歌ったよ https://t.co/hRYgVeb1bM","truncated":false,"entities":{"hashtags":[],"symbols":[],"user_mentions":[],"urls":[{"url":"https://t.co/hRYgVeb1bM","expanded_url":"http://moby.to/qhas0b","display_url":"moby.to/qhas0b","indices":[11,34]}]},"metadata":{"iso_language_code":"ja","result_type":"recent"},"source":"<a href=\"http://www.echofon.com/\" rel=\"nofollow\">Echofon</a>","in_reply_to_status_id":null,"in_reply_to_status_id_str":null,"in_reply_to_user_id":null,"in_reply_to_user_id_str":null,"in_reply_to_screen_name":null,"user":{"id":168978431,"id_str":"168978431","name":"絢香","screen_name":"Ayaka_1218","location":"Tokyo","description":"絢香の公式Tweetです。","url":"https://t.co/WPKiNKU22L","entities":{"url":{"urls":[{"url":"https://t.co/WPKiNKU22L","expanded_url":"http://room-ayaka.jp","display_url":"room-ayaka.jp","indices":[0,23]}]},"description":{"urls":[]}},"protected":false,"followers_count":716215,"friends_count":3,"listed_count":6955,"created_at":"Wed Jul 21 06:52:06 +0000 2010","favourites_count":0,"utc_offset":32400,"time_zone":"Tokyo","geo_enabled":false,"verified":true,"statuses_count":2726,"lang":"ja","contributors_enabled":false,"is_translator":false,"is_translation_enabled":false,"profile_background_color":"C0DEED","profile_background_image_url":"http://pbs.twimg.com/profile_background_images/168494479/A-twback.jpg","profile_background_image_url_https":"https://pbs.twimg.com/profile_background_images/168494479/A-twback.jpg","profile_background_tile":false,"profile_image_url":"http://pbs.twimg.com/profile_images/848183296986984450/IRW3EdPu_normal.jpg","profile_image_url_https":"https://pbs.twimg.com/profile_images/848183296986984450/IRW3EdPu_normal.jpg","profile_link_color":"0084B4","profile_sidebar_border_color":"C0DEED","profile_sidebar_fill_color":"DDEEF6","profile_text_color":"333333","profile_use_background_image":true,"has_extended_profile":false,"default_profile":false,"default_profile_image":false,"following":false,"follow_request_sent":false,"notifications":false,"translator_type":"none"},"geo":null,"coordinates":null,"place":null,"contributors":null,"is_quote_status":false,"retweet_count":70,"favorite_count":182,"favorited":false,"retweeted":false,"possibly_sensitive":false,"lang":"ja"}],"search_metadata":{"completed_in":0.072,"max_id":883284740937138200,"max_id_str":"883284740937138178","next_results":"?max_id=883283624744804351&q=lang%3Aja%20min_retweets%3A50&include_entities=1","query":"lang%3Aja+min_retweets%3A50","refresh_url":"?since_id=883284740937138178&q=lang%3Aja%20min_retweets%3A50&include_entities=1","count":15,"since_id":0,"since_id_str":"0"}}