{"statuses":[{"created_at":"Tue Jul 04 13:40:04 +0000 2017","id":882232545768685600,"id_str":"882232545768685569","text":"さすがれぼちゃん","truncated":false,"entities":{"hashtags":[],"symbols":[],"user_mentions":[],"urls":[]},"metadata":{"iso_language_code":"ja","result_type":"recent"},"source":"<a href=\"http://carotene.sakura.ne.jp/shuumai/\" rel=\"nofollow\">せいろ</a>","in_reply_to_status_id":null,"in_reply_to_status_id_str":null,"in_reply_to_user_id":null,"in_reply_to_user_id_str":null,"in_reply_to_screen_name":null,"user":{"id":54882396,"id_str":"54882396","name":"しゅうまい君","screen_name":"shuumai","location":"せいろ","description":"followingの皆さんの最近の発言を学習して喋るよ。（何かあったら@enpitsuまで）／LINEスタンプもあるよhttps://t.co/dRzUm39fDe","url":"https://t.co/33QcJKtmeV","entities":{"url":{"urls":[{"url":"https://t.co/33QcJKtmeV","expanded_url":"http://enpitsu.org/shuumai/","display_url":"enpitsu.org/shuumai/","indices":[0,23]}]},"description":{"urls":[{"url":"https://t.co/dRzUm39fDe","expanded_url":"http://line.me/S/sticker/1010497","display_url":"line.me/S/sticker/1010…","indices":[59,82]}]}},"protected":false,"followers_count":293960,"friends_count":253178,"listed_count":15246,"created_at":"Wed Jul 08 12:37:32 +0000 2009","favourites_count":0,"utc_offset":32400,"time_zone":"Tokyo","geo_enabled":false,"verified":false,"statuses_count":184782,"lang":"en","contributors_enabled":false,"is_translator":false,"is_translation_enabled":false,"profile_background_color":"0099B9","profile_background_image_url":"http://abs.twimg.com/images/themes/theme4/bg.gif","profile_background_image_url_https":"https://abs.twimg.com/images/themes/theme4/bg.gif","profile_background_tile":false,"profile_image_url":"http://pbs.twimg.com/profile_images/303370559/shuumai_normal.jpg","profile_image_url_https":"https://pbs.twimg.com/profile_images/303370559/shuumai_normal.jpg","profile_link_color":"0099B9","profile_sidebar_border_color":"5ED4DC","profile_sidebar_fill_color":"95E8EC","profile_text_color":"3C3940","profile_use_background_image":true,"has_extended_profile":true,"default_profile":false,"default_profile_image":false,"following":false,"follow_request_sent":false,"notifications":false,"translator_type":"none"},"geo":null,"coordinates":null,"place":null,"contributors":null,"is_quote_status":false,"retweet_count":109,"favorite_count":70,"favorited":false,"retweeted":false,"lang":"ja"},{"created_at":"Tue Jul 04 13:39:30 +0000 2017","id":882232404454154200,"id_str":"882232404454154241","text":"お風呂入っておっぱい🍼飲んだら\nいつもはすぐ寝るのに…\n今日はお目目がぱっちり🐷💓\n寝ていいんだぞ〜娘よ〜👶🏻💟笑\n生後2ヶ月おめでとう💙🍒 https://t.co/gbZDVzFeuY","truncated":false,"entities":{"hashtags":[],"symbols":[],"user_mentions":[],"urls":[],"media":[{"id":882232396245942300,"id_str":"882232396245942273","indices":[71,94],"media_url":"http://pbs.twimg.com/media/DD5RsKuUwAEFt1-.jpg","media_url_https":"https://pbs.twimg.com/media/DD5RsKuUwAEFt1-.jpg","url":"https://t.co/gbZDVzFeuY","display_url":"pic.twitter.com/gbZDVzFeuY","expanded_url":"https://twitter.com/chipi1215/status/882232404454154241/photo/1","type":"photo","sizes":{"thumb":{"w":150,"h":150,"resize":"crop"},"medium":{"w":773,"h":1080,"resize":"fit"},"small":{"w":487,"h":680,"resize":"fit"},"large":{"w":773,"h":1080,"resize":"fit"}}}]},"extended_entities":{"media":[{"id":882232396245942300,"id_str":"882232396245942273","indices":[71,94],"media_url":"http://pbs.twimg.com/media/DD5RsKuUwAEFt1-.jpg","media_url_https":"https://pbs.twimg.com/media/DD5RsKuUwAEFt1-.jpg","url":"https://t.co/gbZDVzFeuY","display_url":"pic.twitter.com/gbZDVzFeuY","expanded_url":"https://twitter.com/chipi1215/status/882232404454154241/photo/1","type":"photo","sizes":{"thumb":{"w":150,"h":150,"resize":"crop"},"medium":{"w":773,"h":1080,"resize":"fit"},"small":{"w":487,"h":680,"resize":"fit"},"large":{"w":773,"h":1080,"resize":"fit"}}},{"id":882232395759370200,"id_str":"882232395759370240","indices":[71,94],"media_url":"http://pbs.twimg.com/media/DD5RsI6UQAAVuD2.jpg","media_url_https":"https://pbs.twimg.com/media/DD5RsI6UQAAVuD2.jpg","url":"https://t.co/gbZDVzFeuY","display_url":"pic.twitter.com/gbZDVzFeuY","expanded_url":"https://twitter.com/chipi1215/status/882232404454154241/photo/1","type":"photo","sizes":{"small":{"w":680,"h":680,"resize":"fit"},"thumb":{"w":150,"h":150,"resize":"crop"},"medium":{"w":1200,"h":1200,"resize":"fit"},"large":{"w":1491,"h":1491,"resize":"fit"}}}]},"metadata":{"iso_language_code":"ja","result_type":"recent"},"source":"<a href=\"http://twitter.com/download/iphone\" rel=\"nofollow\">Twitter for iPhone</a>","in_reply_to_status_id":null,"in_reply_to_status_id_str":null,"in_reply_to_user_id":null,"in_reply_to_user_id_str":null,"in_reply_to_screen_name":null,"user":{"id":204329638,"id_str":"204329638","name":"近藤千尋","screen_name":"chipi1215","location":"TOKYO","description":"model♡タレント♡お仕事はエイジアプロモーションまで☺︎instagram→chipichan.1215 ソナーポケット【愛をこめて贈る歌】MV出演中。こう見えて、人妻です♡笑","url":"https://t.co/3bAIU3QTuw","entities":{"url":{"urls":[{"url":"https://t.co/3bAIU3QTuw","expanded_url":"http://s.ameblo.jp/chipipi-twinkle/","display_url":"s.ameblo.jp/chipipi-twinkl…","indices":[0,23]}]},"description":{"urls":[]}},"protected":false,"followers_count":502271,"friends_count":316,"listed_count":585,"created_at":"Mon Oct 18 13:20:38 +0000 2010","favourites_count":2088,"utc_offset":null,"time_zone":null,"geo_enabled":true,"verified":true,"statuses_count":9892,"lang":"en","contributors_enabled":false,"is_translator":false,"is_translation_enabled":false,"profile_background_color":"C0DEED","profile_background_image_url":"http://abs.twimg.com/images/themes/theme1/bg.png","profile_background_image_url_https":"https://abs.twimg.com/images/themes/theme1/bg.png","profile_background_tile":false,"profile_image_url":"http://pbs.twimg.com/profile_images/878104148754825216/pmkDXJ0R_normal.jpg","profile_image_url_https":"https://pbs.twimg.com/profile_images/878104148754825216/pmkDXJ0R_normal.jpg","profile_banner_url":"https://pbs.twimg.com/profile_banners/204329638/1463065137","profile_link_color":"1DA1F2","profile_sidebar_border_color":"C0DEED","profile_sidebar_fill_color":"DDEEF6","profile_text_color":"333333","profile_use_background_image":true,"has_extended_profile":true,"default_profile":true,"default_profile_image":false,"following":false,"follow_request_sent":false,"notifications":false,"translator_type":"none"},"geo":null,"coordinates":null,"place":null,"contributors":null,"is_quote_status":false,"retweet_count":61,"favorite_count":636,"favorited":false,"retweeted":false,"possibly_sensitive":false,"lang":"ja"},{"created_at":"Tue Jul 04 13:38:40 +0000 2017","id":882232190800494600,"id_str":"882232190800494592","text":"ねむ月を祝うかのような新発売…！セブイレからの私信🍈🍒💚 https://t.co/bBX6PzRTYD","truncated":false,"entities":{"hashtags":[],"symbols":[],"user_mentions":[],"urls":[],"media":[{"id":882232172739833900,"id_str":"882232172739833857","indices":[29,52],"media_url":"http://pbs.twimg.com/media/DD5RfKGUMAEqMMd.jpg","media_url_https":"https://pbs.twimg.com/media/DD5RfKGUMAEqMMd.jpg","url":"https://t.co/bBX6PzRTYD","display_url":"pic.twitter.com/bBX6PzRTYD","expanded_url":"https://twitter.com/yumeminemu/status/882232190800494592/photo/1","type":"photo","sizes":{"medium":{"w":1200,"h":900,"resize":"fit"},"small":{"w":680,"h":510,"resize":"fit"},"thumb":{"w":150,"h":150,"resize":"crop"},"large":{"w":2048,"h":1536,"resize":"fit"}}}]},"extended_entities":{"media":[{"id":882232172739833900,"id_str":"882232172739833857","indices":[29,52],"media_url":"http://pbs.twimg.com/media/DD5RfKGUMAEqMMd.jpg","media_url_https":"https://pbs.twimg.com/media/DD5RfKGUMAEqMMd.jpg","url":"https://t.co/bBX6PzRTYD","display_url":"pic.twitter.com/bBX6PzRTYD","expanded_url":"https://twitter.com/yumeminemu/status/882232190800494592/photo/1","type":"photo","sizes":{"medium":{"w":1200,"h":900,"resize":"fit"},"small":{"w":680,"h":510,"resize":"fit"},"thumb":{"w":150,"h":150,"resize":"crop"},"large":{"w":2048,"h":1536,"resize":"fit"}}}]},"metadata":{"iso_language_code":"ja","result_type":"recent"},"source":"<a href=\"http://twitter.com/download/iphone\" rel=\"nofollow\">Twitter for iPhone</a>","in_reply_to_status_id":null,"in_reply_to_status_id_str":null,"in_reply_to_user_id":null,"in_reply_to_user_id_str":null,"in_reply_to_screen_name":null,"user":{"id":45493129,"id_str":"45493129","name":"夢眠ねむ","screen_name":"yumeminemu","location":"青春はどこだここだ","description":"Nemu Yumemi でんぱ組の170cmミント 本業アイドル/秋葉原ディアステージ/みえの国観光大使/著書(夢眠軒の料理,まろやかな狂気)/連載(ほんのひきだし,VVmagazine)/スミネム(映像監督)/NHKワラッチャオ！料理のお姉さん/美術/たぬきゅん/ボカロ/でんぱ組.inc @dempagumi","url":"https://t.co/4DaZZ2rqq7","entities":{"url":{"urls":[{"url":"https://t.co/4DaZZ2rqq7","expanded_url":"http://nemu.dearstage.com/","display_url":"nemu.dearstage.com","indices":[0,23]}]},"description":{"urls":[]}},"protected":false,"followers_count":257926,"friends_count":0,"listed_count":7350,"created_at":"Mon Jun 08 03:43:45 +0000 2009","favourites_count":7986,"utc_offset":-36000,"time_zone":"Hawaii","geo_enabled":false,"verified":true,"statuses_count":80638,"lang":"ja","contributors_enabled":false,"is_translator":false,"is_translation_enabled":false,"profile_background_color":"ABFFD6","profile_background_image_url":"http://pbs.twimg.com/profile_background_images/771849062/fbecb645ca5c35bf03a413c08cc73aad.png","profile_background_image_url_https":"https://pbs.twimg.com/profile_background_images/771849062/fbecb645ca5c35bf03a413c08cc73aad.png","profile_background_tile":false,"profile_image_url":"http://pbs.twimg.com/profile_images/420020694072565761/DHIOFP6p_normal.jpeg","profile_image_url_https":"https://pbs.twimg.com/profile_images/420020694072565761/DHIOFP6p_normal.jpeg","profile_banner_url":"https://pbs.twimg.com/profile_banners/45493129/1370872584","profile_link_color":"04E38A","profile_sidebar_border_color":"FFFFFF","profile_sidebar_fill_color":"95E8EC","profile_text_color":"3C3940","profile_use_background_image":true,"has_extended_profile":true,"default_profile":false,"default_profile_image":false,"following":false,"follow_request_sent":false,"notifications":false,"translator_type":"none"},"geo":null,"coordinates":null,"place":null,"contributors":null,"is_quote_status":false,"retweet_count":74,"favorite_count":384,"favorited":false,"retweeted":false,"possibly_sensitive":false,"lang":"ja"},{"created_at":"Tue Jul 04 13:38:31 +0000 2017","id":882232153882337300,"id_str":"882232153882337281","text":"セ防御率トップの21歳田口は1軍デビューした2年目の15年シーズン、13登板中12試合で先発。中盤でバテるパターンを繰り返しながらひたすら先発投手として起用し続けて育てた。巨人＝育成できないって騒がれるのに、上手く育ったときはあまりニュースにならないんだよなあ。","truncated":false,"entities":{"hashtags":[],"symbols":[],"user_mentions":[],"urls":[]},"metadata":{"iso_language_code":"ja","result_type":"recent"},"source":"<a href=\"http://twitter.com\" rel=\"nofollow\">Twitter Web Client</a>","in_reply_to_status_id":null,"in_reply_to_status_id_str":null,"in_reply_to_user_id":null,"in_reply_to_user_id_str":null,"in_reply_to_screen_name":null,"user":{"id":498825511,"id_str":"498825511","name":"プロ野球死亡遊戯","screen_name":"shibouyuugi","location":"","description":"書籍『プロ野球死亡遊戯 さらば昭和のプロ野球』（ユーキャン）  https://t.co/I5odJoFlA1 　書籍『隣のアイツは年俸1億 巨人2軍のリアル』（白泉社）  https://t.co/f5fkvifCn6","url":"http://t.co/tc3gwBIymo","entities":{"url":{"urls":[{"url":"http://t.co/tc3gwBIymo","expanded_url":"http://www.plus-blog.sportsnavi.com/nakami/","display_url":"plus-blog.sportsnavi.com/nakami/","indices":[0,22]}]},"description":{"urls":[{"url":"https://t.co/I5odJoFlA1","expanded_url":"http://www.amazon.co.jp/dp/4426608724/ref=cm_sw_r_tw_dp_mrUZwb136MNW8","display_url":"amazon.co.jp/dp/4426608724/…","indices":[32,55]},{"url":"https://t.co/f5fkvifCn6","expanded_url":"http://www.amazon.co.jp/dp/4592810163/ref=cm_sw_r_tw_dp_tuUZwb1DCYZ6C","display_url":"amazon.co.jp/dp/4592810163/…","indices":[87,110]}]}},"protected":false,"followers_count":40722,"friends_count":98,"listed_count":556,"created_at":"Tue Feb 21 13:24:05 +0000 2012","favourites_count":812,"utc_offset":32400,"time_zone":"Tokyo","geo_enabled":false,"verified":false,"statuses_count":15836,"lang":"ja","contributors_enabled":false,"is_translator":false,"is_translation_enabled":false,"profile_background_color":"131516","profile_background_image_url":"http://pbs.twimg.com/profile_background_images/571170570314608640/eg-JAodj.jpeg","profile_background_image_url_https":"https://pbs.twimg.com/profile_background_images/571170570314608640/eg-JAodj.jpeg","profile_background_tile":true,"profile_image_url":"http://pbs.twimg.com/profile_images/596567255464300544/9rs1fZXX_normal.jpg","profile_image_url_https":"https://pbs.twimg.com/profile_images/596567255464300544/9rs1fZXX_normal.jpg","profile_banner_url":"https://pbs.twimg.com/profile_banners/498825511/1355364130","profile_link_color":"FA743E","profile_sidebar_border_color":"EEEEEE","profile_sidebar_fill_color":"EFEFEF","profile_text_color":"333333","profile_use_background_image":true,"has_extended_profile":false,"default_profile":false,"default_profile_image":false,"following":false,"follow_request_sent":false,"notifications":false,"translator_type":"none"},"geo":null,"coordinates":null,"place":null,"contributors":null,"is_quote_status":false,"retweet_count":61,"favorite_count":74,"favorited":false,"retweeted":false,"lang":"ja"},{"created_at":"Tue Jul 04 13:38:15 +0000 2017","id":882232086697869300,"id_str":"882232086697869317","text":"【生放送】セ　歌 を開始しました。 https://t.co/CZ8y4HnvT2 #lv302065015","truncated":false,"entities":{"hashtags":[{"text":"lv302065015","indices":[42,54]}],"symbols":[],"user_mentions":[],"urls":[{"url":"https://t.co/CZ8y4HnvT2","expanded_url":"http://nico.ms/lv302065015?nicorepotwitter_live_start","display_url":"nico.ms/lv302065015?ni…","indices":[18,41]}]},"metadata":{"iso_language_code":"ja","result_type":"recent"},"source":"<a href=\"http://www.nicovideo.jp/\" rel=\"nofollow\">niconico ニコレポ連携</a>","in_reply_to_status_id":null,"in_reply_to_status_id_str":null,"in_reply_to_user_id":null,"in_reply_to_user_id_str":null,"in_reply_to_screen_name":null,"user":{"id":106996737,"id_str":"106996737","name":"センラ@浦島坂田船","screen_name":"sen_sen_sen_sen","location":"KYOTO→NAGOYA","description":"テラ4年目社会人、好きな言葉「連休」 / センラー・ラ / スタミュ2期OPテーマ Fourpe :CV / 色々ぶちまけているSub→( @senra_kise ) 浦島坂田船→( @USSS_info ) ( senra_rarara@yahoo.co.jp ) アイコン→月森フユカ","url":"https://t.co/74SiCXJMOv","entities":{"url":{"urls":[{"url":"https://t.co/74SiCXJMOv","expanded_url":"http://sp.nicovideo.jp/mylist/5979643","display_url":"sp.nicovideo.jp/mylist/5979643","indices":[0,23]}]},"description":{"urls":[]}},"protected":false,"followers_count":199116,"friends_count":355,"listed_count":3826,"created_at":"Thu Jan 21 08:40:30 +0000 2010","favourites_count":1512,"utc_offset":32400,"time_zone":"Tokyo","geo_enabled":false,"verified":true,"statuses_count":90684,"lang":"ja","contributors_enabled":false,"is_translator":false,"is_translation_enabled":false,"profile_background_color":"C0DEED","profile_background_image_url":"http://abs.twimg.com/images/themes/theme1/bg.png","profile_background_image_url_https":"https://abs.twimg.com/images/themes/theme1/bg.png","profile_background_tile":false,"profile_image_url":"http://pbs.twimg.com/profile_images/853961966695571456/6DW3Adss_normal.jpg","profile_image_url_https":"https://pbs.twimg.com/profile_images/853961966695571456/6DW3Adss_normal.jpg","profile_banner_url":"https://pbs.twimg.com/profile_banners/106996737/1420779534","profile_link_color":"1DA1F2","profile_sidebar_border_color":"C0DEED","profile_sidebar_fill_color":"DDEEF6","profile_text_color":"333333","profile_use_background_image":true,"has_extended_profile":true,"default_profile":true,"default_profile_image":false,"following":false,"follow_request_sent":false,"notifications":false,"translator_type":"none"},"geo":null,"coordinates":null,"place":null,"contributors":null,"is_quote_status":false,"retweet_count":117,"favorite_count":804,"favorited":false,"retweeted":false,"possibly_sensitive":false,"lang":"ja"},{"created_at":"Tue Jul 04 13:37:46 +0000 2017","id":882231968049451000,"id_str":"882231968049451008","text":"今年もLA！そして海外初ライブ楽しかった〜ε٩(๑&gt;ω&lt;)۶з\nとっても過ごしやすかったっ🌈\nまた行きたいな〜( ｡ᵕ ᵕ｡ )💚\nThanks a lot!! https://t.co/YjSbdJyive","truncated":false,"entities":{"hashtags":[],"symbols":[],"user_mentions":[],"urls":[],"media":[{"id":882231961971966000,"id_str":"882231961971965953","indices":[87,110],"media_url":"http://pbs.twimg.com/media/DD5RS47VwAEvLGn.jpg","media_url_https":"https://pbs.twimg.com/media/DD5RS47VwAEvLGn.jpg","url":"https://t.co/YjSbdJyive","display_url":"pic.twitter.com/YjSbdJyive","expanded_url":"https://twitter.com/suwananaka/status/882231968049451008/photo/1","type":"photo","sizes":{"small":{"w":680,"h":511,"resize":"fit"},"medium":{"w":1000,"h":751,"resize":"fit"},"thumb":{"w":150,"h":150,"resize":"crop"},"large":{"w":1000,"h":751,"resize":"fit"}}}]},"extended_entities":{"media":[{"id":882231961971966000,"id_str":"882231961971965953","indices":[87,110],"media_url":"http://pbs.twimg.com/media/DD5RS47VwAEvLGn.jpg","media_url_https":"https://pbs.twimg.com/media/DD5RS47VwAEvLGn.jpg","url":"https://t.co/YjSbdJyive","display_url":"pic.twitter.com/YjSbdJyive","expanded_url":"https://twitter.com/suwananaka/status/882231968049451008/photo/1","type":"photo","sizes":{"small":{"w":680,"h":511,"resize":"fit"},"medium":{"w":1000,"h":751,"resize":"fit"},"thumb":{"w":150,"h":150,"resize":"crop"},"large":{"w":1000,"h":751,"resize":"fit"}}}]},"metadata":{"iso_language_code":"ja","result_type":"recent"},"source":"<a href=\"http://twitter.com/download/iphone\" rel=\"nofollow\">Twitter for iPhone</a>","in_reply_to_status_id":null,"in_reply_to_status_id_str":null,"in_reply_to_user_id":null,"in_reply_to_user_id_str":null,"in_reply_to_screen_name":null,"user":{"id":2598273120,"id_str":"2598273120","name":"諏訪ななかofficial","screen_name":"suwananaka","location":"ひだまり荘101号室✩","description":"アミュレート所属 声優 諏訪ななか公式アカウント♔⑅° ✩ラブライブ！サンシャイン‼︎ Aqours 松浦果南役*♪✩ ふわさた(超A&G+)✩もぐむにゃ✩乖離性MA✩ワクサガ✩セブンナイツ✩トリスタ✩消滅都市2✩ウチ姫✩ぐるモン✩ソラヒメ✩ノブサガ✩ゲットリッチ✩etc. リプはお知り合いのみです( •́ㅿ•̀ )","url":"https://t.co/rzYyCb6uNa","entities":{"url":{"urls":[{"url":"https://t.co/rzYyCb6uNa","expanded_url":"http://amuleto.jp/talents/%e8%ab%8f%e8%a8%aa-%e3%81%aa%e3%81%aa%e3%81%8b.html","display_url":"amuleto.jp/talents/%e8%ab…","indices":[0,23]}]},"description":{"urls":[]}},"protected":false,"followers_count":170137,"friends_count":295,"listed_count":6010,"created_at":"Tue Jul 01 17:17:39 +0000 2014","favourites_count":1228,"utc_offset":32400,"time_zone":"Tokyo","geo_enabled":false,"verified":false,"statuses_count":1935,"lang":"en","contributors_enabled":false,"is_translator":false,"is_translation_enabled":false,"profile_background_color":"000000","profile_background_image_url":"http://abs.twimg.com/images/themes/theme1/bg.png","profile_background_image_url_https":"https://abs.twimg.com/images/themes/theme1/bg.png","profile_background_tile":false,"profile_image_url":"http://pbs.twimg.com/profile_images/849231209821421569/PpjeUv9S_normal.jpg","profile_image_url_https":"https://pbs.twimg.com/profile_images/849231209821421569/PpjeUv9S_normal.jpg","profile_banner_url":"https://pbs.twimg.com/profile_banners/2598273120/1438534679","profile_link_color":"9266CC","profile_sidebar_border_color":"000000","profile_sidebar_fill_color":"000000","profile_text_color":"000000","profile_use_background_image":false,"has_extended_profile":true,"default_profile":false,"default_profile_image":false,"following":false,"follow_request_sent":false,"notifications":false,"translator_type":"none"},"geo":null,"coordinates":null,"place":null,"contributors":null,"is_quote_status":false,"retweet_count":671,"favorite_count":1607,"favorited":false,"retweeted":false,"possibly_sensitive":false,"lang":"ja"},{"created_at":"Tue Jul 04 13:37:12 +0000 2017","id":882231825057304600,"id_str":"882231825057304578","text":"ウナチュウ！キミに決めた！\n\nウナチュウ「ウナチュウゥ!!」\n\nキリッ https://t.co/C4P1LX6W0P","truncated":false,"entities":{"hashtags":[],"symbols":[],"user_mentions":[],"urls":[],"media":[{"id":882231818644095000,"id_str":"882231818644094976","indices":[36,59],"media_url":"http://pbs.twimg.com/media/DD5RKi_UAAAu3Pa.jpg","media_url_https":"https://pbs.twimg.com/media/DD5RKi_UAAAu3Pa.jpg","url":"https://t.co/C4P1LX6W0P","display_url":"pic.twitter.com/C4P1LX6W0P","expanded_url":"https://twitter.com/una1535/status/882231825057304578/photo/1","type":"photo","sizes":{"medium":{"w":639,"h":622,"resize":"fit"},"thumb":{"w":150,"h":150,"resize":"crop"},"large":{"w":639,"h":622,"resize":"fit"},"small":{"w":639,"h":622,"resize":"fit"}}}]},"extended_entities":{"media":[{"id":882231818644095000,"id_str":"882231818644094976","indices":[36,59],"media_url":"http://pbs.twimg.com/media/DD5RKi_UAAAu3Pa.jpg","media_url_https":"https://pbs.twimg.com/media/DD5RKi_UAAAu3Pa.jpg","url":"https://t.co/C4P1LX6W0P","display_url":"pic.twitter.com/C4P1LX6W0P","expanded_url":"https://twitter.com/una1535/status/882231825057304578/photo/1","type":"photo","sizes":{"medium":{"w":639,"h":622,"resize":"fit"},"thumb":{"w":150,"h":150,"resize":"crop"},"large":{"w":639,"h":622,"resize":"fit"},"small":{"w":639,"h":622,"resize":"fit"}}},{"id":882231818644144100,"id_str":"882231818644144128","indices":[36,59],"media_url":"http://pbs.twimg.com/media/DD5RKi_UwAAbcQo.jpg","media_url_https":"https://pbs.twimg.com/media/DD5RKi_UwAAbcQo.jpg","url":"https://t.co/C4P1LX6W0P","display_url":"pic.twitter.com/C4P1LX6W0P","expanded_url":"https://twitter.com/una1535/status/882231825057304578/photo/1","type":"photo","sizes":{"thumb":{"w":150,"h":150,"resize":"crop"},"large":{"w":639,"h":736,"resize":"fit"},"small":{"w":590,"h":680,"resize":"fit"},"medium":{"w":639,"h":736,"resize":"fit"}}},{"id":882231818644148200,"id_str":"882231818644148224","indices":[36,59],"media_url":"http://pbs.twimg.com/media/DD5RKi_U0AA4cU2.jpg","media_url_https":"https://pbs.twimg.com/media/DD5RKi_U0AA4cU2.jpg","url":"https://t.co/C4P1LX6W0P","display_url":"pic.twitter.com/C4P1LX6W0P","expanded_url":"https://twitter.com/una1535/status/882231825057304578/photo/1","type":"photo","sizes":{"large":{"w":639,"h":727,"resize":"fit"},"small":{"w":598,"h":680,"resize":"fit"},"thumb":{"w":150,"h":150,"resize":"crop"},"medium":{"w":639,"h":727,"resize":"fit"}}},{"id":882231818648289300,"id_str":"882231818648289282","indices":[36,59],"media_url":"http://pbs.twimg.com/media/DD5RKjAUAAIfGre.jpg","media_url_https":"https://pbs.twimg.com/media/DD5RKjAUAAIfGre.jpg","url":"https://t.co/C4P1LX6W0P","display_url":"pic.twitter.com/C4P1LX6W0P","expanded_url":"https://twitter.com/una1535/status/882231825057304578/photo/1","type":"photo","sizes":{"medium":{"w":639,"h":721,"resize":"fit"},"small":{"w":603,"h":680,"resize":"fit"},"thumb":{"w":150,"h":150,"resize":"crop"},"large":{"w":639,"h":721,"resize":"fit"}}}]},"metadata":{"iso_language_code":"ja","result_type":"recent"},"source":"<a href=\"http://twitter.com/download/iphone\" rel=\"nofollow\">Twitter for iPhone</a>","in_reply_to_status_id":null,"in_reply_to_status_id_str":null,"in_reply_to_user_id":null,"in_reply_to_user_id_str":null,"in_reply_to_screen_name":null,"user":{"id":706294728786968600,"id_str":"706294728786968576","name":"うなぎ(うなちゃん)","screen_name":"una1535","location":"北海道","description":"2016.1.5生まれの猫、スコ♂のうなぎだよ。みんなにうなぎのもふもふ・ころころ具合をうなママが毎日お届けします。\n●ミニフォトブック販売中⇒https://t.co/HNjBQWE2o9\nアメブロはこちら↓","url":"https://t.co/BgTWmrG7UN","entities":{"url":{"urls":[{"url":"https://t.co/BgTWmrG7UN","expanded_url":"http://ameblo.jp/unagi1535","display_url":"ameblo.jp/unagi1535","indices":[0,23]}]},"description":{"urls":[{"url":"https://t.co/HNjBQWE2o9","expanded_url":"http://u0u0.net/DLm6","display_url":"u0u0.net/DLm6","indices":[72,95]}]}},"protected":false,"followers_count":65811,"friends_count":581,"listed_count":978,"created_at":"Sun Mar 06 01:46:00 +0000 2016","favourites_count":19686,"utc_offset":-25200,"time_zone":"Pacific Time (US & Canada)","geo_enabled":true,"verified":false,"statuses_count":9152,"lang":"ja","contributors_enabled":false,"is_translator":false,"is_translation_enabled":false,"profile_background_color":"000000","profile_background_image_url":"http://abs.twimg.com/images/themes/theme1/bg.png","profile_background_image_url_https":"https://abs.twimg.com/images/themes/theme1/bg.png","profile_background_tile":false,"profile_image_url":"http://pbs.twimg.com/profile_images/877320887405498368/WcExiFhj_normal.jpg","profile_image_url_https":"https://pbs.twimg.com/profile_images/877320887405498368/WcExiFhj_normal.jpg","profile_banner_url":"https://pbs.twimg.com/profile_banners/706294728786968576/1467723553","profile_link_color":"F58EA8","profile_sidebar_border_color":"000000","profile_sidebar_fill_color":"000000","profile_text_color":"000000","profile_use_background_image":false,"has_extended_profile":true,"default_profile":false,"default_profile_image":false,"following":false,"follow_request_sent":false,"notifications":false,"translator_type":"none"},"geo":null,"coordinates":null,"place":null,"contributors":null,"is_quote_status":false,"retweet_count":95,"favorite_count":234,"favorited":false,"retweeted":false,"possibly_sensitive":false,"lang":"ja"},{"created_at":"Tue Jul 04 13:36:21 +0000 2017","id":882231607746207700,"id_str":"882231607746207745","text":"横井翔二郎 ブログを更新しました。 『劇団シャイニング』【画像4枚】\nhttps://t.co/0Ov1F0SlUr\n#横井翔二郎\n#アメブロ","truncated":false,"entities":{"hashtags":[{"text":"横井翔二郎","indices":[59,65]},{"text":"アメブロ","indices":[66,71]}],"symbols":[],"user_mentions":[],"urls":[{"url":"https://t.co/0Ov1F0SlUr","expanded_url":"http://ameblo.jp/shojiro-yokoi/entry-12289696916.html?timestamp=1499175381","display_url":"ameblo.jp/shojiro-yokoi/…","indices":[35,58]}]},"metadata":{"iso_language_code":"ja","result_type":"recent"},"source":"<a href=\"http://www.apple.com\" rel=\"nofollow\">iOS</a>","in_reply_to_status_id":null,"in_reply_to_status_id_str":null,"in_reply_to_user_id":null,"in_reply_to_user_id_str":null,"in_reply_to_screen_name":null,"user":{"id":133725293,"id_str":"133725293","name":"横井翔二郎","screen_name":"shojiro_yokoi","location":"鹿児島→東京","description":"JPN Actor /BLOOD-A/BIRTHDAY 1.28/俳優。絶対なんて絶対無い。 青年座映画放送所属。MIYAVI。エビフライ。viviennewestwood。","url":"https://t.co/rpi5lhMJ39","entities":{"url":{"urls":[{"url":"https://t.co/rpi5lhMJ39","expanded_url":"http://s.ameblo.jp/shojiro-yokoi/","display_url":"s.ameblo.jp/shojiro-yokoi/","indices":[0,23]}]},"description":{"urls":[]}},"protected":false,"followers_count":3605,"friends_count":205,"listed_count":162,"created_at":"Fri Apr 16 13:34:36 +0000 2010","favourites_count":585,"utc_offset":32400,"time_zone":"Tokyo","geo_enabled":true,"verified":false,"statuses_count":13501,"lang":"ja","contributors_enabled":false,"is_translator":false,"is_translation_enabled":false,"profile_background_color":"1A1B1F","profile_background_image_url":"http://pbs.twimg.com/profile_background_images/631119342/3mo3d00mhbgsvgcdr4r7.jpeg","profile_background_image_url_https":"https://pbs.twimg.com/profile_background_images/631119342/3mo3d00mhbgsvgcdr4r7.jpeg","profile_background_tile":true,"profile_image_url":"http://pbs.twimg.com/profile_images/842332424344240128/nXJJg6ea_normal.jpg","profile_image_url_https":"https://pbs.twimg.com/profile_images/842332424344240128/nXJJg6ea_normal.jpg","profile_banner_url":"https://pbs.twimg.com/profile_banners/133725293/1398696143","profile_link_color":"ABB8C2","profile_sidebar_border_color":"181A1E","profile_sidebar_fill_color":"252429","profile_text_color":"666666","profile_use_background_image":true,"has_extended_profile":true,"default_profile":false,"default_profile_image":false,"following":false,"follow_request_sent":false,"notifications":false,"translator_type":"none"},"geo":null,"coordinates":null,"place":null,"contributors":null,"is_quote_status":false,"retweet_count":58,"favorite_count":105,"favorited":false,"retweeted":false,"possibly_sensitive":false,"lang":"ja"},{"created_at":"Tue Jul 04 13:35:36 +0000 2017","id":882231422244724700,"id_str":"882231422244724741","text":"先ほどマツコの知らないアニソンの世界で紹介されたLinkedHorizonをよろしくお願いいたします　最新CDは「進撃の軌跡」　同タイトルのライブツアーが今週末7月8日からあり11月まで全国各地を回りますので是非お近くの会場で！　https://t.co/riyZVJbr5D","truncated":false,"entities":{"hashtags":[],"symbols":[],"user_mentions":[],"urls":[{"url":"https://t.co/riyZVJbr5D","expanded_url":"https://goo.gl/H6N3fs","display_url":"goo.gl/H6N3fs","indices":[115,138]}]},"metadata":{"iso_language_code":"ja","result_type":"recent"},"source":"<a href=\"http://twitter.com\" rel=\"nofollow\">Twitter Web Client</a>","in_reply_to_status_id":882225549527011300,"in_reply_to_status_id_str":"882225549527011329","in_reply_to_user_id":87129073,"in_reply_to_user_id_str":"87129073","in_reply_to_screen_name":"tukiyuki","user":{"id":87129073,"id_str":"87129073","name":"やつき","screen_name":"tukiyuki","location":"黒檀の棺は血よりも紅い薔薇で満杯だ","description":"夜月銀　Pixiv→https://t.co/ES5riozCY8 フリーイラストレーター(別名義)◆依頼・連絡先はyatuki.gin@gmail.com◆サンホラ、TLPT、絵◆FF外からのDM許可◆リクボはべったー◆ネタバレ有◆趣味名義なので仕事の宣伝無い◆無断転載禁止","url":"http://t.co/T67ZMPK88O","entities":{"url":{"urls":[{"url":"http://t.co/T67ZMPK88O","expanded_url":"http://tukiyuki.com","display_url":"tukiyuki.com","indices":[0,22]}]},"description":{"urls":[{"url":"https://t.co/ES5riozCY8","expanded_url":"http://goo.gl/BHUat","display_url":"goo.gl/BHUat","indices":[10,33]}]}},"protected":false,"followers_count":2631,"friends_count":49,"listed_count":109,"created_at":"Tue Nov 03 07:08:11 +0000 2009","favourites_count":11,"utc_offset":32400,"time_zone":"Tokyo","geo_enabled":false,"verified":false,"statuses_count":45994,"lang":"ja","contributors_enabled":false,"is_translator":false,"is_translation_enabled":false,"profile_background_color":"000000","profile_background_image_url":"http://pbs.twimg.com/profile_background_images/855282039/1d4d091805fbd3885b6b20d6414c11c7.png","profile_background_image_url_https":"https://pbs.twimg.com/profile_background_images/855282039/1d4d091805fbd3885b6b20d6414c11c7.png","profile_background_tile":false,"profile_image_url":"http://pbs.twimg.com/profile_images/875478663394803712/uXvyuZFG_normal.jpg","profile_image_url_https":"https://pbs.twimg.com/profile_images/875478663394803712/uXvyuZFG_normal.jpg","profile_banner_url":"https://pbs.twimg.com/profile_banners/87129073/1467750475","profile_link_color":"697D80","profile_sidebar_border_color":"000000","profile_sidebar_fill_color":"DAECF4","profile_text_color":"663B12","profile_use_background_image":true,"has_extended_profile":true,"default_profile":false,"default_profile_image":false,"following":false,"follow_request_sent":false,"notifications":false,"translator_type":"none"},"geo":null,"coordinates":null,"place":null,"contributors":null,"is_quote_status":false,"retweet_count":66,"favorite_count":18,"favorited":false,"retweeted":false,"possibly_sensitive":false,"lang":"ja"},{"created_at":"Tue Jul 04 13:35:09 +0000 2017","id":882231308721602600,"id_str":"882231308721602565","text":"4月に撮影してたやつだ😳！いつの間に！\nヘッダーに使えそうなオフショット載せようかな☺️ https://t.co/QiVslzK8JI","truncated":false,"entities":{"hashtags":[],"symbols":[],"user_mentions":[],"urls":[{"url":"https://t.co/QiVslzK8JI","expanded_url":"https://twitter.com/happysayanee/status/882228385576927232","display_url":"twitter.com/happysayanee/s…","indices":[45,68]}]},"metadata":{"iso_language_code":"ja","result_type":"recent"},"source":"<a href=\"http://twitter.com/download/iphone\" rel=\"nofollow\">Twitter for iPhone</a>","in_reply_to_status_id":null,"in_reply_to_status_id_str":null,"in_reply_to_user_id":null,"in_reply_to_user_id_str":null,"in_reply_to_screen_name":null,"user":{"id":2847742519,"id_str":"2847742519","name":"山本彩","screen_name":"SayakaNeon","location":"","description":"彩と書いて(さやか)と読みます（^人^） ㅤㅤㅤㅤㅤㅤㅤㅤㅤㅤㅤㅤㅤNMB48です。。ずっと音楽をやっていたい多趣味人間です。。。。。。 https://t.co/qeoZrFLWnH","url":"https://t.co/cJltaIMVtA","entities":{"url":{"urls":[{"url":"https://t.co/cJltaIMVtA","expanded_url":"https://www.instagram.com/sayaka__714/","display_url":"instagram.com/sayaka__714/","indices":[0,23]}]},"description":{"urls":[{"url":"https://t.co/qeoZrFLWnH","expanded_url":"http://yamamotosayaka.jp/","display_url":"yamamotosayaka.jp","indices":[69,92]}]}},"protected":false,"followers_count":1633695,"friends_count":331,"listed_count":8126,"created_at":"Wed Oct 08 17:37:59 +0000 2014","favourites_count":362,"utc_offset":32400,"time_zone":"Seoul","geo_enabled":false,"verified":true,"statuses_count":4016,"lang":"ja","contributors_enabled":false,"is_translator":false,"is_translation_enabled":false,"profile_background_color":"C0DEED","profile_background_image_url":"http://abs.twimg.com/images/themes/theme1/bg.png","profile_background_image_url_https":"https://abs.twimg.com/images/themes/theme1/bg.png","profile_background_tile":false,"profile_image_url":"http://pbs.twimg.com/profile_images/801092463838392321/-ER7HjRP_normal.jpg","profile_image_url_https":"https://pbs.twimg.com/profile_images/801092463838392321/-ER7HjRP_normal.jpg","profile_banner_url":"https://pbs.twimg.com/profile_banners/2847742519/1451644059","profile_link_color":"1DA1F2","profile_sidebar_border_color":"C0DEED","profile_sidebar_fill_color":"DDEEF6","profile_text_color":"333333","profile_use_background_image":true,"has_extended_profile":false,"default_profile":true,"default_profile_image":false,"following":false,"follow_request_sent":false,"notifications":false,"translator_type":"none"},"geo":null,"coordinates":null,"place":null,"contributors":null,"is_quote_status":true,"quoted_status_id":882228385576927200,"quoted_status_id_str":"882228385576927232","quoted_status":{"created_at":"Tue Jul 04 13:23:32 +0000 2017","id":882228385576927200,"id_str":"882228385576927232","text":"@SayakaNeon 彩ちゃんまた西善さんの撮影してたの？めっちゃ可愛い(*´-`)💕 https://t.co/aO2pw4RR1T","truncated":false,"entities":{"hashtags":[],"symbols":[],"user_mentions":[{"screen_name":"SayakaNeon","name":"山本彩","id":2847742519,"id_str":"2847742519","indices":[0,11]}],"urls":[],"media":[{"id":882228376324390900,"id_str":"882228376324390912","indices":[45,68],"media_url":"http://pbs.twimg.com/media/DD5OCLWVwAAX0R_.jpg","media_url_https":"https://pbs.twimg.com/media/DD5OCLWVwAAX0R_.jpg","url":"https://t.co/aO2pw4RR1T","display_url":"pic.twitter.com/aO2pw4RR1T","expanded_url":"https://twitter.com/happysayanee/status/882228385576927232/photo/1","type":"photo","sizes":{"small":{"w":600,"h":400,"resize":"fit"},"large":{"w":600,"h":400,"resize":"fit"},"thumb":{"w":150,"h":150,"resize":"crop"},"medium":{"w":600,"h":400,"resize":"fit"}}}]},"extended_entities":{"media":[{"id":882228376324390900,"id_str":"882228376324390912","indices":[45,68],"media_url":"http://pbs.twimg.com/media/DD5OCLWVwAAX0R_.jpg","media_url_https":"https://pbs.twimg.com/media/DD5OCLWVwAAX0R_.jpg","url":"https://t.co/aO2pw4RR1T","display_url":"pic.twitter.com/aO2pw4RR1T","expanded_url":"https://twitter.com/happysayanee/status/882228385576927232/photo/1","type":"photo","sizes":{"small":{"w":600,"h":400,"resize":"fit"},"large":{"w":600,"h":400,"resize":"fit"},"thumb":{"w":150,"h":150,"resize":"crop"},"medium":{"w":600,"h":400,"resize":"fit"}}}]},"metadata":{"iso_language_code":"ja","result_type":"recent"},"source":"<a href=\"http://twitter.com/download/iphone\" rel=\"nofollow\">Twitter for iPhone</a>","in_reply_to_status_id":null,"in_reply_to_status_id_str":null,"in_reply_to_user_id":2847742519,"in_reply_to_user_id_str":"2847742519","in_reply_to_screen_name":"SayakaNeon","user":{"id":2373537325,"id_str":"2373537325","name":"ひなこ","screen_name":"happysayanee","location":"","description":"山本彩ちゃんを応援しています @SayakaNeon","url":"https://t.co/qeoZrFLWnH","entities":{"url":{"urls":[{"url":"https://t.co/qeoZrFLWnH","expanded_url":"http://yamamotosayaka.jp/","display_url":"yamamotosayaka.jp","indices":[0,23]}]},"description":{"urls":[]}},"protected":false,"followers_count":570,"friends_count":113,"listed_count":4,"created_at":"Wed Mar 05 10:26:21 +0000 2014","favourites_count":7307,"utc_offset":32400,"time_zone":"Seoul","geo_enabled":true,"verified":false,"statuses_count":10192,"lang":"ja","contributors_enabled":false,"is_translator":false,"is_translation_enabled":false,"profile_background_color":"000000","profile_background_image_url":"http://abs.twimg.com/images/themes/theme1/bg.png","profile_background_image_url_https":"https://abs.twimg.com/images/themes/theme1/bg.png","profile_background_tile":false,"profile_image_url":"http://pbs.twimg.com/profile_images/652481534297935873/BIrT68Qv_normal.jpg","profile_image_url_https":"https://pbs.twimg.com/profile_images/652481534297935873/BIrT68Qv_normal.jpg","profile_banner_url":"https://pbs.twimg.com/profile_banners/2373537325/1493801456","profile_link_color":"FAB81E","profile_sidebar_border_color":"000000","profile_sidebar_fill_color":"000000","profile_text_color":"000000","profile_use_background_image":false,"has_extended_profile":false,"default_profile":false,"default_profile_image":false,"following":false,"follow_request_sent":false,"notifications":false,"translator_type":"none"},"geo":null,"coordinates":null,"place":null,"contributors":null,"is_quote_status":false,"retweet_count":18,"favorite_count":108,"favorited":false,"retweeted":false,"possibly_sensitive":false,"lang":"ja"},"retweet_count":313,"favorite_count":1424,"favorited":false,"retweeted":false,"possibly_sensitive":false,"lang":"ja"},{"created_at":"Tue Jul 04 13:35:00 +0000 2017","id":882231271241338900,"id_str":"882231271241338880","text":"【定説覆す】アステカ時代の遺跡で「頭蓋骨の塔」発掘 メキシコ\nhttps://t.co/2NdEmO4d9v\n\n650体以上の頭蓋骨や人骨の中には女性や子どものものも含まれており、アステカ帝国における生贄文化に新たな疑問が浮上した。 https://t.co/XOySkKVLWT","truncated":false,"entities":{"hashtags":[],"symbols":[],"user_mentions":[],"urls":[{"url":"https://t.co/2NdEmO4d9v","expanded_url":"http://news.livedoor.com/article/detail/13288330/","display_url":"news.livedoor.com/article/detail…","indices":[31,54]}],"media":[{"id":882189881916612600,"id_str":"882189881916612608","indices":[117,140],"media_url":"http://pbs.twimg.com/media/DD4rBggVYAAecoq.jpg","media_url_https":"https://pbs.twimg.com/media/DD4rBggVYAAecoq.jpg","url":"https://t.co/XOySkKVLWT","display_url":"pic.twitter.com/XOySkKVLWT","expanded_url":"https://twitter.com/livedoornews/status/882231271241338880/photo/1","type":"photo","sizes":{"medium":{"w":640,"h":436,"resize":"fit"},"thumb":{"w":150,"h":150,"resize":"crop"},"large":{"w":640,"h":436,"resize":"fit"},"small":{"w":640,"h":436,"resize":"fit"}}}]},"extended_entities":{"media":[{"id":882189881916612600,"id_str":"882189881916612608","indices":[117,140],"media_url":"http://pbs.twimg.com/media/DD4rBggVYAAecoq.jpg","media_url_https":"https://pbs.twimg.com/media/DD4rBggVYAAecoq.jpg","url":"https://t.co/XOySkKVLWT","display_url":"pic.twitter.com/XOySkKVLWT","expanded_url":"https://twitter.com/livedoornews/status/882231271241338880/photo/1","type":"photo","sizes":{"medium":{"w":640,"h":436,"resize":"fit"},"thumb":{"w":150,"h":150,"resize":"crop"},"large":{"w":640,"h":436,"resize":"fit"},"small":{"w":640,"h":436,"resize":"fit"}}}]},"metadata":{"iso_language_code":"ja","result_type":"recent"},"source":"<a href=\"https://about.twitter.com/products/tweetdeck\" rel=\"nofollow\">TweetDeck</a>","in_reply_to_status_id":null,"in_reply_to_status_id_str":null,"in_reply_to_user_id":null,"in_reply_to_user_id_str":null,"in_reply_to_screen_name":null,"user":{"id":17306975,"id_str":"17306975","name":"ライブドアニュース","screen_name":"livedoornews","location":"","description":"LINE →https://t.co/yhJO0o7Jns／FB → https://t.co/LHTCuyIEjr／インスタ／→https://t.co/SpmVgPtfCG","url":"http://t.co/Q4Bh3OCfgY","entities":{"url":{"urls":[{"url":"http://t.co/Q4Bh3OCfgY","expanded_url":"http://news.livedoor.com/","display_url":"news.livedoor.com","indices":[0,22]}]},"description":{"urls":[{"url":"https://t.co/yhJO0o7Jns","expanded_url":"http://goo.gl/upBgKP","display_url":"goo.gl/upBgKP","indices":[6,29]},{"url":"https://t.co/LHTCuyIEjr","expanded_url":"http://goo.gl/nDULhn","display_url":"goo.gl/nDULhn","indices":[35,58]},{"url":"https://t.co/SpmVgPtfCG","expanded_url":"http://goo.gl/cHGD9G","display_url":"goo.gl/cHGD9G","indices":[65,88]}]}},"protected":false,"followers_count":422297,"friends_count":86,"listed_count":6121,"created_at":"Tue Nov 11 09:56:31 +0000 2008","favourites_count":2605,"utc_offset":32400,"time_zone":"Tokyo","geo_enabled":false,"verified":true,"statuses_count":175999,"lang":"ja","contributors_enabled":false,"is_translator":false,"is_translation_enabled":false,"profile_background_color":"FFFFFF","profile_background_image_url":"http://pbs.twimg.com/profile_background_images/378800000085828060/4b07c1d868c917fb65a3d64a20904cd5.jpeg","profile_background_image_url_https":"https://pbs.twimg.com/profile_background_images/378800000085828060/4b07c1d868c917fb65a3d64a20904cd5.jpeg","profile_background_tile":false,"profile_image_url":"http://pbs.twimg.com/profile_images/875662964988166149/whdJTD2I_normal.jpg","profile_image_url_https":"https://pbs.twimg.com/profile_images/875662964988166149/whdJTD2I_normal.jpg","profile_link_color":"51ADD4","profile_sidebar_border_color":"FFFFFF","profile_sidebar_fill_color":"95E8EC","profile_text_color":"3C3940","profile_use_background_image":true,"has_extended_profile":false,"default_profile":false,"default_profile_image":false,"following":false,"follow_request_sent":false,"notifications":false,"translator_type":"none"},"geo":null,"coordinates":null,"place":null,"contributors":null,"is_quote_status":false,"retweet_count":184,"favorite_count":208,"favorited":false,"retweeted":false,"possibly_sensitive":false,"lang":"ja"},{"created_at":"Tue Jul 04 13:34:56 +0000 2017","id":882231252580880400,"id_str":"882231252580880385","text":"全然食べたくない笑 https://t.co/wxht9har62","truncated":false,"entities":{"hashtags":[],"symbols":[],"user_mentions":[],"urls":[],"media":[{"id":882231235673694200,"id_str":"882231235673694210","indices":[10,33],"media_url":"http://pbs.twimg.com/media/DD5QonQVoAIA3OF.jpg","media_url_https":"https://pbs.twimg.com/media/DD5QonQVoAIA3OF.jpg","url":"https://t.co/wxht9har62","display_url":"pic.twitter.com/wxht9har62","expanded_url":"https://twitter.com/joker_budou/status/882231252580880385/photo/1","type":"photo","sizes":{"thumb":{"w":150,"h":150,"resize":"crop"},"medium":{"w":639,"h":926,"resize":"fit"},"large":{"w":639,"h":926,"resize":"fit"},"small":{"w":469,"h":680,"resize":"fit"}}}]},"extended_entities":{"media":[{"id":882231235673694200,"id_str":"882231235673694210","indices":[10,33],"media_url":"http://pbs.twimg.com/media/DD5QonQVoAIA3OF.jpg","media_url_https":"https://pbs.twimg.com/media/DD5QonQVoAIA3OF.jpg","url":"https://t.co/wxht9har62","display_url":"pic.twitter.com/wxht9har62","expanded_url":"https://twitter.com/joker_budou/status/882231252580880385/photo/1","type":"photo","sizes":{"thumb":{"w":150,"h":150,"resize":"crop"},"medium":{"w":639,"h":926,"resize":"fit"},"large":{"w":639,"h":926,"resize":"fit"},"small":{"w":469,"h":680,"resize":"fit"}}},{"id":882231235619115000,"id_str":"882231235619115013","indices":[10,33],"media_url":"http://pbs.twimg.com/media/DD5QonDU0AU1TL7.jpg","media_url_https":"https://pbs.twimg.com/media/DD5QonDU0AU1TL7.jpg","url":"https://t.co/wxht9har62","display_url":"pic.twitter.com/wxht9har62","expanded_url":"https://twitter.com/joker_budou/status/882231252580880385/photo/1","type":"photo","sizes":{"small":{"w":474,"h":680,"resize":"fit"},"thumb":{"w":150,"h":150,"resize":"crop"},"large":{"w":639,"h":917,"resize":"fit"},"medium":{"w":639,"h":917,"resize":"fit"}}},{"id":882231235627540500,"id_str":"882231235627540485","indices":[10,33],"media_url":"http://pbs.twimg.com/media/DD5QonFVYAUkaZL.jpg","media_url_https":"https://pbs.twimg.com/media/DD5QonFVYAUkaZL.jpg","url":"https://t.co/wxht9har62","display_url":"pic.twitter.com/wxht9har62","expanded_url":"https://twitter.com/joker_budou/status/882231252580880385/photo/1","type":"photo","sizes":{"small":{"w":474,"h":680,"resize":"fit"},"thumb":{"w":150,"h":150,"resize":"crop"},"large":{"w":639,"h":917,"resize":"fit"},"medium":{"w":639,"h":917,"resize":"fit"}}},{"id":882231235644239900,"id_str":"882231235644239872","indices":[10,33],"media_url":"http://pbs.twimg.com/media/DD5QonJUMAAhrg3.jpg","media_url_https":"https://pbs.twimg.com/media/DD5QonJUMAAhrg3.jpg","url":"https://t.co/wxht9har62","display_url":"pic.twitter.com/wxht9har62","expanded_url":"https://twitter.com/joker_budou/status/882231252580880385/photo/1","type":"photo","sizes":{"medium":{"w":639,"h":912,"resize":"fit"},"small":{"w":476,"h":680,"resize":"fit"},"thumb":{"w":150,"h":150,"resize":"crop"},"large":{"w":639,"h":912,"resize":"fit"}}}]},"metadata":{"iso_language_code":"ja","result_type":"recent"},"source":"<a href=\"http://twitter.com/download/iphone\" rel=\"nofollow\">Twitter for iPhone</a>","in_reply_to_status_id":null,"in_reply_to_status_id_str":null,"in_reply_to_user_id":null,"in_reply_to_user_id_str":null,"in_reply_to_screen_name":null,"user":{"id":4266191599,"id_str":"4266191599","name":"うたさん","screen_name":"joker_budou","location":"とうきょう","description":"フォローすると幸せになります。Follow Me.","url":null,"entities":{"description":{"urls":[]}},"protected":false,"followers_count":178138,"friends_count":99943,"listed_count":498,"created_at":"Tue Nov 17 09:13:48 +0000 2015","favourites_count":10011,"utc_offset":-25200,"time_zone":"Pacific Time (US & Canada)","geo_enabled":true,"verified":false,"statuses_count":4038,"lang":"ja","contributors_enabled":false,"is_translator":false,"is_translation_enabled":false,"profile_background_color":"C0DEED","profile_background_image_url":"http://abs.twimg.com/images/themes/theme1/bg.png","profile_background_image_url_https":"https://abs.twimg.com/images/themes/theme1/bg.png","profile_background_tile":false,"profile_image_url":"http://pbs.twimg.com/profile_images/825428894207447040/KpiUnrup_normal.jpg","profile_image_url_https":"https://pbs.twimg.com/profile_images/825428894207447040/KpiUnrup_normal.jpg","profile_banner_url":"https://pbs.twimg.com/profile_banners/4266191599/1485632999","profile_link_color":"1DA1F2","profile_sidebar_border_color":"C0DEED","profile_sidebar_fill_color":"DDEEF6","profile_text_color":"333333","profile_use_background_image":true,"has_extended_profile":false,"default_profile":true,"default_profile_image":false,"following":false,"follow_request_sent":false,"notifications":false,"translator_type":"none"},"geo":null,"coordinates":null,"place":null,"contributors":null,"is_quote_status":false,"retweet_count":225,"favorite_count":556,"favorited":false,"retweeted":false,"possibly_sensitive":false,"lang":"ja"},{"created_at":"Tue Jul 04 13:34:38 +0000 2017","id":882231178824110100,"id_str":"882231178824110080","text":"ただいま 恋愛中公演\n終演いたしました！\n\n本日も熱いコールをありがとうございました😊\n\nチームKIV担当F https://t.co/YtmVqKPXgs","truncated":false,"entities":{"hashtags":[],"symbols":[],"user_mentions":[],"urls":[],"media":[{"id":882231168908775400,"id_str":"882231168908775424","indices":[55,78],"media_url":"http://pbs.twimg.com/media/DD5QkuiV0AALGqw.jpg","media_url_https":"https://pbs.twimg.com/media/DD5QkuiV0AALGqw.jpg","url":"https://t.co/YtmVqKPXgs","display_url":"pic.twitter.com/YtmVqKPXgs","expanded_url":"https://twitter.com/hkt48_official_/status/882231178824110080/photo/1","type":"photo","sizes":{"large":{"w":1356,"h":1208,"resize":"fit"},"small":{"w":680,"h":606,"resize":"fit"},"thumb":{"w":150,"h":150,"resize":"crop"},"medium":{"w":1200,"h":1069,"resize":"fit"}}}]},"extended_entities":{"media":[{"id":882231168908775400,"id_str":"882231168908775424","indices":[55,78],"media_url":"http://pbs.twimg.com/media/DD5QkuiV0AALGqw.jpg","media_url_https":"https://pbs.twimg.com/media/DD5QkuiV0AALGqw.jpg","url":"https://t.co/YtmVqKPXgs","display_url":"pic.twitter.com/YtmVqKPXgs","expanded_url":"https://twitter.com/hkt48_official_/status/882231178824110080/photo/1","type":"photo","sizes":{"large":{"w":1356,"h":1208,"resize":"fit"},"small":{"w":680,"h":606,"resize":"fit"},"thumb":{"w":150,"h":150,"resize":"crop"},"medium":{"w":1200,"h":1069,"resize":"fit"}}}]},"metadata":{"iso_language_code":"ja","result_type":"recent"},"source":"<a href=\"http://twitter.com/download/iphone\" rel=\"nofollow\">Twitter for iPhone</a>","in_reply_to_status_id":null,"in_reply_to_status_id_str":null,"in_reply_to_user_id":null,"in_reply_to_user_id_str":null,"in_reply_to_screen_name":null,"user":{"id":800520921387700200,"id_str":"800520921387700224","name":"HKT48","screen_name":"hkt48_official_","location":"HKT48劇場（西鉄ホール）","description":"AKB48・SKE48・NMB48に続き、AKB48プロジェクト第4弾として福岡・博多に発足した「HKT48」の公式アカウントです。 支配人の尾崎を始め、運営スタッフ全員で一丸となってHKT48の情報をつぶやいていきます。","url":"https://t.co/J6SUB9E50G","entities":{"url":{"urls":[{"url":"https://t.co/J6SUB9E50G","expanded_url":"http://www.hkt48.jp","display_url":"hkt48.jp","indices":[0,23]}]},"description":{"urls":[]}},"protected":false,"followers_count":62020,"friends_count":6,"listed_count":619,"created_at":"Mon Nov 21 02:07:15 +0000 2016","favourites_count":0,"utc_offset":32400,"time_zone":"Tokyo","geo_enabled":false,"verified":true,"statuses_count":1079,"lang":"ja","contributors_enabled":false,"is_translator":false,"is_translation_enabled":false,"profile_background_color":"000000","profile_background_image_url":"http://abs.twimg.com/images/themes/theme1/bg.png","profile_background_image_url_https":"https://abs.twimg.com/images/themes/theme1/bg.png","profile_background_tile":false,"profile_image_url":"http://pbs.twimg.com/profile_images/800570232767008768/uYfJtrdD_normal.jpg","profile_image_url_https":"https://pbs.twimg.com/profile_images/800570232767008768/uYfJtrdD_normal.jpg","profile_banner_url":"https://pbs.twimg.com/profile_banners/800520921387700224/1479703334","profile_link_color":"231816","profile_sidebar_border_color":"000000","profile_sidebar_fill_color":"000000","profile_text_color":"000000","profile_use_background_image":false,"has_extended_profile":true,"default_profile":false,"default_profile_image":false,"following":false,"follow_request_sent":false,"notifications":false,"translator_type":"none"},"geo":null,"coordinates":null,"place":null,"contributors":null,"is_quote_status":false,"retweet_count":58,"favorite_count":265,"favorited":false,"retweeted":false,"possibly_sensitive":false,"lang":"ja"},{"created_at":"Tue Jul 04 13:34:37 +0000 2017","id":882231175292395500,"id_str":"882231175292395520","text":"へ？ https://t.co/wR8KBfWy5h","truncated":false,"entities":{"hashtags":[],"symbols":[],"user_mentions":[],"urls":[],"media":[{"id":882230503117475800,"id_str":"882230503117475844","indices":[3,26],"media_url":"http://pbs.twimg.com/media/DD5P9-RU0AQxm_e.png","media_url_https":"https://pbs.twimg.com/media/DD5P9-RU0AQxm_e.png","url":"https://t.co/wR8KBfWy5h","display_url":"pic.twitter.com/wR8KBfWy5h","expanded_url":"https://twitter.com/ok_yeah/status/882231175292395520/photo/1","type":"photo","sizes":{"medium":{"w":451,"h":630,"resize":"fit"},"thumb":{"w":150,"h":150,"resize":"crop"},"small":{"w":451,"h":630,"resize":"fit"},"large":{"w":451,"h":630,"resize":"fit"}}}]},"extended_entities":{"media":[{"id":882230503117475800,"id_str":"882230503117475844","indices":[3,26],"media_url":"http://pbs.twimg.com/media/DD5P9-RU0AQxm_e.png","media_url_https":"https://pbs.twimg.com/media/DD5P9-RU0AQxm_e.png","url":"https://t.co/wR8KBfWy5h","display_url":"pic.twitter.com/wR8KBfWy5h","expanded_url":"https://twitter.com/ok_yeah/status/882231175292395520/photo/1","type":"photo","sizes":{"medium":{"w":451,"h":630,"resize":"fit"},"thumb":{"w":150,"h":150,"resize":"crop"},"small":{"w":451,"h":630,"resize":"fit"},"large":{"w":451,"h":630,"resize":"fit"}}}]},"metadata":{"iso_language_code":"ja","result_type":"recent"},"source":"<a href=\"http://twitter.com\" rel=\"nofollow\">Twitter Web Client</a>","in_reply_to_status_id":null,"in_reply_to_status_id_str":null,"in_reply_to_user_id":null,"in_reply_to_user_id_str":null,"in_reply_to_screen_name":null,"user":{"id":445275069,"id_str":"445275069","name":"桶/3日目東シ16a","screen_name":"ok_yeah","location":"","description":"主に夜います。おえかきしています。","url":"http://t.co/R8G00G5QhL","entities":{"url":{"urls":[{"url":"http://t.co/R8G00G5QhL","expanded_url":"http://www.pixiv.net/member.php?id=144048","display_url":"pixiv.net/member.php?id=…","indices":[0,22]}]},"description":{"urls":[]}},"protected":false,"followers_count":26204,"friends_count":168,"listed_count":894,"created_at":"Sat Dec 24 06:25:43 +0000 2011","favourites_count":953,"utc_offset":32400,"time_zone":"Tokyo","geo_enabled":false,"verified":false,"statuses_count":8401,"lang":"ja","contributors_enabled":false,"is_translator":false,"is_translation_enabled":false,"profile_background_color":"C0DEED","profile_background_image_url":"http://abs.twimg.com/images/themes/theme1/bg.png","profile_background_image_url_https":"https://abs.twimg.com/images/themes/theme1/bg.png","profile_background_tile":false,"profile_image_url":"http://pbs.twimg.com/profile_images/2266071831/khkiy7wh77gjlpjr2k0z_normal.jpeg","profile_image_url_https":"https://pbs.twimg.com/profile_images/2266071831/khkiy7wh77gjlpjr2k0z_normal.jpeg","profile_banner_url":"https://pbs.twimg.com/profile_banners/445275069/1487948733","profile_link_color":"0084B4","profile_sidebar_border_color":"C0DEED","profile_sidebar_fill_color":"DDEEF6","profile_text_color":"333333","profile_use_background_image":true,"has_extended_profile":false,"default_profile":false,"default_profile_image":false,"following":false,"follow_request_sent":false,"notifications":false,"translator_type":"none"},"geo":null,"coordinates":null,"place":null,"contributors":null,"is_quote_status":false,"retweet_count":70,"favorite_count":197,"favorited":false,"retweeted":false,"possibly_sensitive":false,"lang":"ja"},{"created_at":"Tue Jul 04 13:34:35 +0000 2017","id":882231166325071900,"id_str":"882231166325071873","text":"ようこそ我が家へ。ケンとカズ。 https://t.co/GDi8s2ePbT","truncated":false,"entities":{"hashtags":[],"symbols":[],"user_mentions":[],"urls":[],"media":[{"id":882231151934414800,"id_str":"882231151934414849","indices":[16,39],"media_url":"http://pbs.twimg.com/media/DD5QjvTVoAEZAAv.jpg","media_url_https":"https://pbs.twimg.com/media/DD5QjvTVoAEZAAv.jpg","url":"https://t.co/GDi8s2ePbT","display_url":"pic.twitter.com/GDi8s2ePbT","expanded_url":"https://twitter.com/shotaro_mamiya/status/882231166325071873/photo/1","type":"photo","sizes":{"large":{"w":1691,"h":2048,"resize":"fit"},"thumb":{"w":150,"h":150,"resize":"crop"},"small":{"w":561,"h":680,"resize":"fit"},"medium":{"w":991,"h":1200,"resize":"fit"}}}]},"extended_entities":{"media":[{"id":882231151934414800,"id_str":"882231151934414849","indices":[16,39],"media_url":"http://pbs.twimg.com/media/DD5QjvTVoAEZAAv.jpg","media_url_https":"https://pbs.twimg.com/media/DD5QjvTVoAEZAAv.jpg","url":"https://t.co/GDi8s2ePbT","display_url":"pic.twitter.com/GDi8s2ePbT","expanded_url":"https://twitter.com/shotaro_mamiya/status/882231166325071873/photo/1","type":"photo","sizes":{"large":{"w":1691,"h":2048,"resize":"fit"},"thumb":{"w":150,"h":150,"resize":"crop"},"small":{"w":561,"h":680,"resize":"fit"},"medium":{"w":991,"h":1200,"resize":"fit"}}}]},"metadata":{"iso_language_code":"ja","result_type":"recent"},"source":"<a href=\"http://twitter.com/download/iphone\" rel=\"nofollow\">Twitter for iPhone</a>","in_reply_to_status_id":null,"in_reply_to_status_id_str":null,"in_reply_to_user_id":null,"in_reply_to_user_id_str":null,"in_reply_to_screen_name":null,"user":{"id":326177679,"id_str":"326177679","name":"間宮 祥太朗","screen_name":"shotaro_mamiya","location":"トライストーンエンタテイメント","description":"","url":null,"entities":{"description":{"urls":[]}},"protected":false,"followers_count":278160,"friends_count":225,"listed_count":2051,"created_at":"Wed Jun 29 14:13:58 +0000 2011","favourites_count":149,"utc_offset":28800,"time_zone":"Irkutsk","geo_enabled":true,"verified":false,"statuses_count":9233,"lang":"ja","contributors_enabled":false,"is_translator":false,"is_translation_enabled":false,"profile_background_color":"C0DEED","profile_background_image_url":"http://abs.twimg.com/images/themes/theme1/bg.png","profile_background_image_url_https":"https://abs.twimg.com/images/themes/theme1/bg.png","profile_background_tile":false,"profile_image_url":"http://pbs.twimg.com/profile_images/692272221369294848/0Hof_H9B_normal.jpg","profile_image_url_https":"https://pbs.twimg.com/profile_images/692272221369294848/0Hof_H9B_normal.jpg","profile_banner_url":"https://pbs.twimg.com/profile_banners/326177679/1483949287","profile_link_color":"1DA1F2","profile_sidebar_border_color":"C0DEED","profile_sidebar_fill_color":"DDEEF6","profile_text_color":"333333","profile_use_background_image":true,"has_extended_profile":true,"default_profile":true,"default_profile_image":false,"following":false,"follow_request_sent":false,"notifications":false,"translator_type":"none"},"geo":null,"coordinates":null,"place":null,"contributors":null,"is_quote_status":false,"retweet_count":58,"favorite_count":785,"favorited":false,"retweeted":false,"possibly_sensitive":false,"lang":"ja"}],"search_metadata":{"completed_in":0.054,"max_id":882232545768685600,"max_id_str":"882232545768685569","next_results":"?max_id=882231166325071872&q=lang%3Aja%20min_retweets%3A50&include_entities=1","query":"lang%3Aja+min_retweets%3A50","refresh_url":"?since_id=882232545768685569&q=lang%3Aja%20min_retweets%3A50&include_entities=1","count":15,"since_id":0,"since_id_str":"0"}}