{"statuses":[{"created_at":"Thu Jul 06 09:50:00 +0000 2017","id":882899423050715100,"id_str":"882899423050715136","text":"えっち写メみたいー？\nココだとすぐ消されちゃうやつ( *´艸｀)\n\n欲しい人LINE下さいー\nhttps://t.co/GFQGmcjYuc","truncated":false,"entities":{"hashtags":[],"symbols":[],"user_mentions":[],"urls":[],"media":[{"id":871681514693468200,"id_str":"871681514693468160","indices":[47,70],"media_url":"http://pbs.twimg.com/media/DBjVuCCUIAAAHE1.jpg","media_url_https":"https://pbs.twimg.com/media/DBjVuCCUIAAAHE1.jpg","url":"https://t.co/GFQGmcjYuc","display_url":"pic.twitter.com/GFQGmcjYuc","expanded_url":"https://twitter.com/befovec/status/871681697657618432/photo/1","type":"photo","sizes":{"small":{"w":480,"h":640,"resize":"fit"},"medium":{"w":480,"h":640,"resize":"fit"},"thumb":{"w":150,"h":150,"resize":"crop"},"large":{"w":480,"h":640,"resize":"fit"}},"source_status_id":871681697657618400,"source_status_id_str":"871681697657618432","source_user_id":715111575732924400,"source_user_id_str":"715111575732924416"}]},"extended_entities":{"media":[{"id":871681514693468200,"id_str":"871681514693468160","indices":[47,70],"media_url":"http://pbs.twimg.com/media/DBjVuCCUIAAAHE1.jpg","media_url_https":"https://pbs.twimg.com/media/DBjVuCCUIAAAHE1.jpg","url":"https://t.co/GFQGmcjYuc","display_url":"pic.twitter.com/GFQGmcjYuc","expanded_url":"https://twitter.com/befovec/status/871681697657618432/photo/1","type":"photo","sizes":{"small":{"w":480,"h":640,"resize":"fit"},"medium":{"w":480,"h":640,"resize":"fit"},"thumb":{"w":150,"h":150,"resize":"crop"},"large":{"w":480,"h":640,"resize":"fit"}},"source_status_id":871681697657618400,"source_status_id_str":"871681697657618432","source_user_id":715111575732924400,"source_user_id_str":"715111575732924416"},{"id":871681534595440600,"id_str":"871681534595440640","indices":[47,70],"media_url":"http://pbs.twimg.com/media/DBjVvMLUIAAGoyU.jpg","media_url_https":"https://pbs.twimg.com/media/DBjVvMLUIAAGoyU.jpg","url":"https://t.co/GFQGmcjYuc","display_url":"pic.twitter.com/GFQGmcjYuc","expanded_url":"https://twitter.com/befovec/status/871681697657618432/photo/1","type":"photo","sizes":{"large":{"w":342,"h":342,"resize":"fit"},"thumb":{"w":150,"h":150,"resize":"crop"},"small":{"w":342,"h":342,"resize":"fit"},"medium":{"w":342,"h":342,"resize":"fit"}},"source_status_id":871681697657618400,"source_status_id_str":"871681697657618432","source_user_id":715111575732924400,"source_user_id_str":"715111575732924416"},{"id":871681670205784000,"id_str":"871681670205784064","indices":[47,70],"media_url":"http://pbs.twimg.com/media/DBjV3FXVwAAqH00.jpg","media_url_https":"https://pbs.twimg.com/media/DBjV3FXVwAAqH00.jpg","url":"https://t.co/GFQGmcjYuc","display_url":"pic.twitter.com/GFQGmcjYuc","expanded_url":"https://twitter.com/befovec/status/871681697657618432/photo/1","type":"photo","sizes":{"thumb":{"w":150,"h":150,"resize":"crop"},"medium":{"w":523,"h":479,"resize":"fit"},"small":{"w":523,"h":479,"resize":"fit"},"large":{"w":523,"h":479,"resize":"fit"}},"source_status_id":871681697657618400,"source_status_id_str":"871681697657618432","source_user_id":715111575732924400,"source_user_id_str":"715111575732924416"}]},"metadata":{"iso_language_code":"ja","result_type":"recent"},"source":"<a href=\"https://twitter.com/\" rel=\"nofollow\">qepoll sanbe</a>","in_reply_to_status_id":null,"in_reply_to_status_id_str":null,"in_reply_to_user_id":null,"in_reply_to_user_id_str":null,"in_reply_to_screen_name":null,"user":{"id":864068477677584400,"id_str":"864068477677584385","name":"ユキ♥写メ撮るお","screen_name":"yukiyuki_pon","location":"","description":"ニートなうｗｗｗ生きていればそれで良い！！ちなみにこれ自撮りアカウントです。いわゆる裏垢( *´艸｀)苦手な人は回れ右！","url":null,"entities":{"description":{"urls":[]}},"protected":false,"followers_count":130,"friends_count":8,"listed_count":0,"created_at":"Mon May 15 10:42:33 +0000 2017","favourites_count":0,"utc_offset":-25200,"time_zone":"Pacific Time (US & Canada)","geo_enabled":false,"verified":false,"statuses_count":8,"lang":"ja","contributors_enabled":false,"is_translator":false,"is_translation_enabled":false,"profile_background_color":"F5F8FA","profile_background_image_url":null,"profile_background_image_url_https":null,"profile_background_tile":false,"profile_image_url":"http://pbs.twimg.com/profile_images/869861212804206592/LioHmAVG_normal.jpg","profile_image_url_https":"https://pbs.twimg.com/profile_images/869861212804206592/LioHmAVG_normal.jpg","profile_link_color":"1DA1F2","profile_sidebar_border_color":"C0DEED","profile_sidebar_fill_color":"DDEEF6","profile_text_color":"333333","profile_use_background_image":true,"has_extended_profile":true,"default_profile":true,"default_profile_image":false,"following":false,"follow_request_sent":false,"notifications":false,"translator_type":"none"},"geo":null,"coordinates":null,"place":null,"contributors":null,"is_quote_status":false,"retweet_count":55,"favorite_count":0,"favorited":false,"retweeted":false,"possibly_sensitive":false,"lang":"ja"},{"created_at":"Thu Jul 06 09:49:11 +0000 2017","id":882899216682557400,"id_str":"882899216682557441","text":"18時26分頃にマイニンテンドーストアでNintendo Switch本体の在庫が復活しましたが、18時47分頃に在庫切れとなりました。\n次回販売日は未定です\n\nマイニンでは7月3日、4日、6日と在庫復活が続いています。\n増産効果… https://t.co/qU79RZ7pIf","truncated":true,"entities":{"hashtags":[],"symbols":[],"user_mentions":[],"urls":[{"url":"https://t.co/qU79RZ7pIf","expanded_url":"https://twitter.com/i/web/status/882899216682557441","display_url":"twitter.com/i/web/status/8…","indices":[117,140]}]},"metadata":{"iso_language_code":"ja","result_type":"recent"},"source":"<a href=\"http://twitter.com\" rel=\"nofollow\">Twitter Web Client</a>","in_reply_to_status_id":null,"in_reply_to_status_id_str":null,"in_reply_to_user_id":null,"in_reply_to_user_id_str":null,"in_reply_to_screen_name":null,"user":{"id":728595867817500700,"id_str":"728595867817500672","name":"ニンテンドースイッチ 情報","screen_name":"net_syohin","location":"日本","description":"ニンテンドースイッチなどのゲーム情報Twitterです。管理人ブログの更新情報をつぶやきます。(最近は更新通知控えめです) 入荷や予約情報もつぶやきます。フォロワーが多いのはスイッチの品薄が原因です。このアカウントには何の価値もありません【https://t.co/a9CMR3Cudlアソシエイト】© Nintendo","url":"https://t.co/Qfv0EqFmzT","entities":{"url":{"urls":[{"url":"https://t.co/Qfv0EqFmzT","expanded_url":"https://ninten-switch.com/","display_url":"ninten-switch.com","indices":[0,23]}]},"description":{"urls":[{"url":"https://t.co/a9CMR3Cudl","expanded_url":"http://Amazon.co.jp","display_url":"Amazon.co.jp","indices":[120,143]}]}},"protected":false,"followers_count":32691,"friends_count":1320,"listed_count":258,"created_at":"Fri May 06 14:42:46 +0000 2016","favourites_count":4839,"utc_offset":32400,"time_zone":"Tokyo","geo_enabled":false,"verified":false,"statuses_count":3042,"lang":"ja","contributors_enabled":false,"is_translator":false,"is_translation_enabled":false,"profile_background_color":"000000","profile_background_image_url":"http://abs.twimg.com/images/themes/theme1/bg.png","profile_background_image_url_https":"https://abs.twimg.com/images/themes/theme1/bg.png","profile_background_tile":false,"profile_image_url":"http://pbs.twimg.com/profile_images/819398458616389633/05ng8wsq_normal.jpg","profile_image_url_https":"https://pbs.twimg.com/profile_images/819398458616389633/05ng8wsq_normal.jpg","profile_banner_url":"https://pbs.twimg.com/profile_banners/728595867817500672/1484194845","profile_link_color":"1B95E0","profile_sidebar_border_color":"000000","profile_sidebar_fill_color":"000000","profile_text_color":"000000","profile_use_background_image":false,"has_extended_profile":false,"default_profile":false,"default_profile_image":false,"following":false,"follow_request_sent":false,"notifications":false,"translator_type":"none"},"geo":null,"coordinates":null,"place":null,"contributors":null,"is_quote_status":false,"retweet_count":68,"favorite_count":38,"favorited":false,"retweeted":false,"possibly_sensitive":false,"lang":"ja"},{"created_at":"Thu Jul 06 09:48:12 +0000 2017","id":882898971139522600,"id_str":"882898971139522562","text":"【DSJ 10/26発売！】公式サイトを更新いたしました。パッケージイラストと、購入ガイドを公開！予約も開始していますよ。ぜひご覧ください！　https://t.co/7MisKByEwS    #メガテン #DSJ https://t.co/2rkEFibdqO","truncated":false,"entities":{"hashtags":[{"text":"メガテン","indices":[98,103]},{"text":"DSJ","indices":[104,108]}],"symbols":[],"user_mentions":[],"urls":[{"url":"https://t.co/7MisKByEwS","expanded_url":"http://shin-megamitensei.jp/dsj/","display_url":"shin-megamitensei.jp/dsj/","indices":[71,94]}],"media":[{"id":882891301867241500,"id_str":"882891301867241472","indices":[109,132],"media_url":"http://pbs.twimg.com/media/DECo9hcUQAAopZ0.png","media_url_https":"https://pbs.twimg.com/media/DECo9hcUQAAopZ0.png","url":"https://t.co/2rkEFibdqO","display_url":"pic.twitter.com/2rkEFibdqO","expanded_url":"https://twitter.com/megaten_atlus/status/882898971139522562/photo/1","type":"photo","sizes":{"large":{"w":750,"h":686,"resize":"fit"},"thumb":{"w":150,"h":150,"resize":"crop"},"small":{"w":680,"h":622,"resize":"fit"},"medium":{"w":750,"h":686,"resize":"fit"}}}]},"extended_entities":{"media":[{"id":882891301867241500,"id_str":"882891301867241472","indices":[109,132],"media_url":"http://pbs.twimg.com/media/DECo9hcUQAAopZ0.png","media_url_https":"https://pbs.twimg.com/media/DECo9hcUQAAopZ0.png","url":"https://t.co/2rkEFibdqO","display_url":"pic.twitter.com/2rkEFibdqO","expanded_url":"https://twitter.com/megaten_atlus/status/882898971139522562/photo/1","type":"photo","sizes":{"large":{"w":750,"h":686,"resize":"fit"},"thumb":{"w":150,"h":150,"resize":"crop"},"small":{"w":680,"h":622,"resize":"fit"},"medium":{"w":750,"h":686,"resize":"fit"}}}]},"metadata":{"iso_language_code":"ja","result_type":"recent"},"source":"<a href=\"http://twitter.com\" rel=\"nofollow\">Twitter Web Client</a>","in_reply_to_status_id":null,"in_reply_to_status_id_str":null,"in_reply_to_user_id":null,"in_reply_to_user_id_str":null,"in_reply_to_screen_name":null,"user":{"id":3788644633,"id_str":"3788644633","name":"『真・女神転生』シリーズ公式","screen_name":"megaten_atlus","location":"","description":"『真・女神転生』シリーズ公式アカウントです。『真・女神転生』シリーズ、25周年プロジェクト始動！最新作『真・女神転生 DEEP STRANGE JOURNEY』は2017年秋発売予定です！（https://t.co/F7DTScZ515）今後ともヨロシク… #メガテン #メガテン25周年　#DSJ","url":"https://t.co/SpW8OVFxG3","entities":{"url":{"urls":[{"url":"https://t.co/SpW8OVFxG3","expanded_url":"http://shin-megamitensei.jp/","display_url":"shin-megamitensei.jp","indices":[0,23]}]},"description":{"urls":[{"url":"https://t.co/F7DTScZ515","expanded_url":"http://shin-megamitensei.jp/dsj/","display_url":"shin-megamitensei.jp/dsj/","indices":[95,118]}]}},"protected":false,"followers_count":22475,"friends_count":3,"listed_count":408,"created_at":"Mon Oct 05 04:55:55 +0000 2015","favourites_count":0,"utc_offset":null,"time_zone":null,"geo_enabled":false,"verified":false,"statuses_count":828,"lang":"ja","contributors_enabled":false,"is_translator":false,"is_translation_enabled":false,"profile_background_color":"C0DEED","profile_background_image_url":"http://abs.twimg.com/images/themes/theme1/bg.png","profile_background_image_url_https":"https://abs.twimg.com/images/themes/theme1/bg.png","profile_background_tile":false,"profile_image_url":"http://pbs.twimg.com/profile_images/876617633537212416/X6y3yOLL_normal.jpg","profile_image_url_https":"https://pbs.twimg.com/profile_images/876617633537212416/X6y3yOLL_normal.jpg","profile_banner_url":"https://pbs.twimg.com/profile_banners/3788644633/1484031704","profile_link_color":"1DA1F2","profile_sidebar_border_color":"C0DEED","profile_sidebar_fill_color":"DDEEF6","profile_text_color":"333333","profile_use_background_image":true,"has_extended_profile":false,"default_profile":true,"default_profile_image":false,"following":false,"follow_request_sent":false,"notifications":false,"translator_type":"none"},"geo":null,"coordinates":null,"place":null,"contributors":null,"is_quote_status":false,"retweet_count":75,"favorite_count":41,"favorited":false,"retweeted":false,"possibly_sensitive":false,"lang":"ja"},{"created_at":"Thu Jul 06 09:47:53 +0000 2017","id":882898889606537200,"id_str":"882898889606537216","text":"お父さんが自宅にコレクションしてるプラモや玩具を\n勝手に売ったり捨てたりする番組を更に極悪化し\nお父さんがこっそり借りてるレンタルトランクを探し出し\n勝手に処分する地獄のような番組を思いついた","truncated":false,"entities":{"hashtags":[],"symbols":[],"user_mentions":[],"urls":[]},"metadata":{"iso_language_code":"ja","result_type":"recent"},"source":"<a href=\"http://twitter.com\" rel=\"nofollow\">Twitter Web Client</a>","in_reply_to_status_id":null,"in_reply_to_status_id_str":null,"in_reply_to_user_id":null,"in_reply_to_user_id_str":null,"in_reply_to_screen_name":null,"user":{"id":141941002,"id_str":"141941002","name":"平野耕太","screen_name":"hiranokohta","location":"東京都足立区","description":"仕事とか備忘録とか。　個人的アカウントは@kootahiranoこちら","url":null,"entities":{"description":{"urls":[]}},"protected":false,"followers_count":282020,"friends_count":75,"listed_count":9726,"created_at":"Sun May 09 13:29:10 +0000 2010","favourites_count":0,"utc_offset":32400,"time_zone":"Tokyo","geo_enabled":false,"verified":false,"statuses_count":25595,"lang":"ja","contributors_enabled":false,"is_translator":false,"is_translation_enabled":false,"profile_background_color":"C0DEED","profile_background_image_url":"http://abs.twimg.com/images/themes/theme1/bg.png","profile_background_image_url_https":"https://abs.twimg.com/images/themes/theme1/bg.png","profile_background_tile":false,"profile_image_url":"http://pbs.twimg.com/profile_images/875507750423232512/Rt7zPrXs_normal.jpg","profile_image_url_https":"https://pbs.twimg.com/profile_images/875507750423232512/Rt7zPrXs_normal.jpg","profile_link_color":"1DA1F2","profile_sidebar_border_color":"C0DEED","profile_sidebar_fill_color":"DDEEF6","profile_text_color":"333333","profile_use_background_image":true,"has_extended_profile":false,"default_profile":true,"default_profile_image":false,"following":false,"follow_request_sent":false,"notifications":false,"translator_type":"none"},"geo":null,"coordinates":null,"place":null,"contributors":null,"is_quote_status":false,"retweet_count":77,"favorite_count":117,"favorited":false,"retweeted":false,"lang":"ja"},{"created_at":"Thu Jul 06 09:47:46 +0000 2017","id":882898860611313700,"id_str":"882898860611313665","text":"とりあえずフラパのモンストニュース後に引くことをおすすめします。(大きい発表がありそうなので)\n公式HPの記述的に今後も属性限定として排出はありそうですが、おそらく「レッドスター」と「ミッドナイトパーティ」に分断されるのでは…と恐れています。","truncated":false,"entities":{"hashtags":[],"symbols":[],"user_mentions":[],"urls":[]},"metadata":{"iso_language_code":"ja","result_type":"recent"},"source":"<a href=\"http://twitter.com\" rel=\"nofollow\">Twitter Web Client</a>","in_reply_to_status_id":882892967119167500,"in_reply_to_status_id_str":"882892967119167488","in_reply_to_user_id":733480850919055400,"in_reply_to_user_id_str":"733480850919055360","in_reply_to_screen_name":"shiro_gw","user":{"id":733480850919055400,"id_str":"733480850919055360","name":"しろ@GameWith","screen_name":"shiro_gw","location":"なうしろチャンネル","description":"モンスト、バンドリ、スクフェスやってます(*￣▽￣*)  アイコン→ @norision_mnst さん　ヘッダー→ @ksnb0324 さん　 GWSNS→https://t.co/PoBhD5ENvT","url":"https://t.co/PqFhVt6diG","entities":{"url":{"urls":[{"url":"https://t.co/PqFhVt6diG","expanded_url":"https://www.youtube.com/channel/UCHxqtnCwn_NEm4aEIU-O85A","display_url":"youtube.com/channel/UCHxqt…","indices":[0,23]}]},"description":{"urls":[{"url":"https://t.co/PoBhD5ENvT","expanded_url":"https://gamewith.jp/user/profile/519105","display_url":"gamewith.jp/user/profile/5…","indices":[79,102]}]}},"protected":false,"followers_count":189867,"friends_count":172,"listed_count":894,"created_at":"Fri May 20 02:13:57 +0000 2016","favourites_count":22,"utc_offset":-25200,"time_zone":"Pacific Time (US & Canada)","geo_enabled":true,"verified":false,"statuses_count":12396,"lang":"ja","contributors_enabled":false,"is_translator":false,"is_translation_enabled":false,"profile_background_color":"000000","profile_background_image_url":"http://abs.twimg.com/images/themes/theme1/bg.png","profile_background_image_url_https":"https://abs.twimg.com/images/themes/theme1/bg.png","profile_background_tile":false,"profile_image_url":"http://pbs.twimg.com/profile_images/739991540261474304/Du06YglV_normal.jpg","profile_image_url_https":"https://pbs.twimg.com/profile_images/739991540261474304/Du06YglV_normal.jpg","profile_banner_url":"https://pbs.twimg.com/profile_banners/733480850919055360/1479551725","profile_link_color":"F58EA8","profile_sidebar_border_color":"000000","profile_sidebar_fill_color":"000000","profile_text_color":"000000","profile_use_background_image":false,"has_extended_profile":true,"default_profile":false,"default_profile_image":false,"following":false,"follow_request_sent":false,"notifications":false,"translator_type":"none"},"geo":null,"coordinates":null,"place":null,"contributors":null,"is_quote_status":false,"retweet_count":67,"favorite_count":161,"favorited":false,"retweeted":false,"lang":"ja"},{"created_at":"Thu Jul 06 09:47:31 +0000 2017","id":882898797898027000,"id_str":"882898797898027008","text":"真昼ちゃんに星のツバサが！ #aikatsu #aikatsustars https://t.co/kEnkhRAEWD","truncated":false,"entities":{"hashtags":[{"text":"aikatsu","indices":[14,22]},{"text":"aikatsustars","indices":[23,36]}],"symbols":[],"user_mentions":[],"urls":[],"media":[{"id":882898780068040700,"id_str":"882898780068040704","indices":[37,60],"media_url":"http://pbs.twimg.com/media/DECvwz6U0AAkuIK.jpg","media_url_https":"https://pbs.twimg.com/media/DECvwz6U0AAkuIK.jpg","url":"https://t.co/kEnkhRAEWD","display_url":"pic.twitter.com/kEnkhRAEWD","expanded_url":"https://twitter.com/YukiAnilog/status/882898797898027008/photo/1","type":"photo","sizes":{"large":{"w":1024,"h":576,"resize":"fit"},"medium":{"w":1024,"h":576,"resize":"fit"},"small":{"w":680,"h":383,"resize":"fit"},"thumb":{"w":150,"h":150,"resize":"crop"}}}]},"extended_entities":{"media":[{"id":882898780068040700,"id_str":"882898780068040704","indices":[37,60],"media_url":"http://pbs.twimg.com/media/DECvwz6U0AAkuIK.jpg","media_url_https":"https://pbs.twimg.com/media/DECvwz6U0AAkuIK.jpg","url":"https://t.co/kEnkhRAEWD","display_url":"pic.twitter.com/kEnkhRAEWD","expanded_url":"https://twitter.com/YukiAnilog/status/882898797898027008/photo/1","type":"photo","sizes":{"large":{"w":1024,"h":576,"resize":"fit"},"medium":{"w":1024,"h":576,"resize":"fit"},"small":{"w":680,"h":383,"resize":"fit"},"thumb":{"w":150,"h":150,"resize":"crop"}}},{"id":882898784702693400,"id_str":"882898784702693377","indices":[37,60],"media_url":"http://pbs.twimg.com/media/DECvxFLUAAERpCx.jpg","media_url_https":"https://pbs.twimg.com/media/DECvxFLUAAERpCx.jpg","url":"https://t.co/kEnkhRAEWD","display_url":"pic.twitter.com/kEnkhRAEWD","expanded_url":"https://twitter.com/YukiAnilog/status/882898797898027008/photo/1","type":"photo","sizes":{"medium":{"w":1024,"h":576,"resize":"fit"},"large":{"w":1024,"h":576,"resize":"fit"},"small":{"w":680,"h":383,"resize":"fit"},"thumb":{"w":150,"h":150,"resize":"crop"}}},{"id":882898790222487600,"id_str":"882898790222487552","indices":[37,60],"media_url":"http://pbs.twimg.com/media/DECvxZvVYAA0Ev0.jpg","media_url_https":"https://pbs.twimg.com/media/DECvxZvVYAA0Ev0.jpg","url":"https://t.co/kEnkhRAEWD","display_url":"pic.twitter.com/kEnkhRAEWD","expanded_url":"https://twitter.com/YukiAnilog/status/882898797898027008/photo/1","type":"photo","sizes":{"medium":{"w":1024,"h":576,"resize":"fit"},"thumb":{"w":150,"h":150,"resize":"crop"},"small":{"w":680,"h":383,"resize":"fit"},"large":{"w":1024,"h":576,"resize":"fit"}}},{"id":882898794743873500,"id_str":"882898794743873537","indices":[37,60],"media_url":"http://pbs.twimg.com/media/DECvxqlUQAEl06H.jpg","media_url_https":"https://pbs.twimg.com/media/DECvxqlUQAEl06H.jpg","url":"https://t.co/kEnkhRAEWD","display_url":"pic.twitter.com/kEnkhRAEWD","expanded_url":"https://twitter.com/YukiAnilog/status/882898797898027008/photo/1","type":"photo","sizes":{"large":{"w":1024,"h":576,"resize":"fit"},"medium":{"w":1024,"h":576,"resize":"fit"},"small":{"w":680,"h":383,"resize":"fit"},"thumb":{"w":150,"h":150,"resize":"crop"}}}]},"metadata":{"iso_language_code":"ja","result_type":"recent"},"source":"<a href=\"https://sites.google.com/site/tweentwitterclient/\" rel=\"nofollow\">Tween</a>","in_reply_to_status_id":null,"in_reply_to_status_id_str":null,"in_reply_to_user_id":null,"in_reply_to_user_id_str":null,"in_reply_to_screen_name":null,"user":{"id":381970224,"id_str":"381970224","name":"雪光","screen_name":"YukiAnilog","location":"","description":"「日刊アニログ」というアニメ感想ブログを運営しております。\r\n深夜アニメ大好きな暇人でございます♪","url":"http://t.co/37SAAzZ3kv","entities":{"url":{"urls":[{"url":"http://t.co/37SAAzZ3kv","expanded_url":"http://nikkananilog.blog.fc2.com/","display_url":"nikkananilog.blog.fc2.com","indices":[0,22]}]},"description":{"urls":[]}},"protected":false,"followers_count":3781,"friends_count":226,"listed_count":149,"created_at":"Thu Sep 29 08:10:29 +0000 2011","favourites_count":1085,"utc_offset":32400,"time_zone":"Tokyo","geo_enabled":false,"verified":false,"statuses_count":98175,"lang":"ja","contributors_enabled":false,"is_translator":false,"is_translation_enabled":false,"profile_background_color":"C0DEED","profile_background_image_url":"http://abs.twimg.com/images/themes/theme1/bg.png","profile_background_image_url_https":"https://abs.twimg.com/images/themes/theme1/bg.png","profile_background_tile":false,"profile_image_url":"http://pbs.twimg.com/profile_images/2636904137/84d97dd4b3c9fdef1216d1af39258570_normal.png","profile_image_url_https":"https://pbs.twimg.com/profile_images/2636904137/84d97dd4b3c9fdef1216d1af39258570_normal.png","profile_link_color":"1DA1F2","profile_sidebar_border_color":"C0DEED","profile_sidebar_fill_color":"DDEEF6","profile_text_color":"333333","profile_use_background_image":true,"has_extended_profile":false,"default_profile":true,"default_profile_image":false,"following":false,"follow_request_sent":false,"notifications":false,"translator_type":"none"},"geo":null,"coordinates":null,"place":null,"contributors":null,"is_quote_status":false,"retweet_count":71,"favorite_count":47,"favorited":false,"retweeted":false,"possibly_sensitive":false,"lang":"ja"},{"created_at":"Thu Jul 06 09:47:22 +0000 2017","id":882898758488383500,"id_str":"882898758488383489","text":"以上で本日のアップデート情報は終了っ！\n\nそれでは、またあしたっ！\n\n#t7s #ナナシス","truncated":false,"entities":{"hashtags":[{"text":"t7s","indices":[35,39]},{"text":"ナナシス","indices":[40,45]}],"symbols":[],"user_mentions":[],"urls":[]},"metadata":{"iso_language_code":"ja","result_type":"recent"},"source":"<a href=\"http://twitter.com\" rel=\"nofollow\">Twitter Web Client</a>","in_reply_to_status_id":null,"in_reply_to_status_id_str":null,"in_reply_to_user_id":null,"in_reply_to_user_id_str":null,"in_reply_to_screen_name":null,"user":{"id":2236300380,"id_str":"2236300380","name":"「Tokyo 7th シスターズ」公式","screen_name":"t7s_staff","location":"Tokyo 7th","description":"メンテナンスやアップデート、イベント情報などを、支配人の皆様にお伝え致します。リプライ、お問い合わせについては、お手数ですがゲーム内お問い合せよりお願い致します。AppのDLはコチラから（iOS)→ http://t.co/b4TBsqu6VR (Android)→http://t.co/YArdsbxrNK","url":"http://t.co/c8u1JK6yxP","entities":{"url":{"urls":[{"url":"http://t.co/c8u1JK6yxP","expanded_url":"http://t7s.jp/","display_url":"t7s.jp","indices":[0,22]}]},"description":{"urls":[{"url":"http://t.co/b4TBsqu6VR","expanded_url":"http://goo.gl/C8VLl4","display_url":"goo.gl/C8VLl4","indices":[100,122]},{"url":"http://t.co/YArdsbxrNK","expanded_url":"http://goo.gl/ZKVVq8","display_url":"goo.gl/ZKVVq8","indices":[133,155]}]}},"protected":false,"followers_count":79072,"friends_count":0,"listed_count":1749,"created_at":"Sun Dec 08 16:54:49 +0000 2013","favourites_count":0,"utc_offset":32400,"time_zone":"Tokyo","geo_enabled":false,"verified":false,"statuses_count":5269,"lang":"ja","contributors_enabled":false,"is_translator":false,"is_translation_enabled":false,"profile_background_color":"C0DEED","profile_background_image_url":"http://abs.twimg.com/images/themes/theme1/bg.png","profile_background_image_url_https":"https://abs.twimg.com/images/themes/theme1/bg.png","profile_background_tile":false,"profile_image_url":"http://pbs.twimg.com/profile_images/527650700390457344/pYWr0fFY_normal.jpeg","profile_image_url_https":"https://pbs.twimg.com/profile_images/527650700390457344/pYWr0fFY_normal.jpeg","profile_banner_url":"https://pbs.twimg.com/profile_banners/2236300380/1414653106","profile_link_color":"1DA1F2","profile_sidebar_border_color":"C0DEED","profile_sidebar_fill_color":"DDEEF6","profile_text_color":"333333","profile_use_background_image":true,"has_extended_profile":false,"default_profile":true,"default_profile_image":false,"following":false,"follow_request_sent":false,"notifications":false,"translator_type":"none"},"geo":null,"coordinates":null,"place":null,"contributors":null,"is_quote_status":false,"retweet_count":66,"favorite_count":95,"favorited":false,"retweeted":false,"lang":"ja"},{"created_at":"Thu Jul 06 09:47:02 +0000 2017","id":882898675424305200,"id_str":"882898675424305153","text":"うわっ！？ な、なんで社内で勃起してるんですかっ！？ https://t.co/RVwN08redp","truncated":false,"entities":{"hashtags":[],"symbols":[],"user_mentions":[],"urls":[],"media":[{"id":882898670911279100,"id_str":"882898670911279107","indices":[27,50],"media_url":"http://pbs.twimg.com/media/DECvqdRU0AMhOBE.jpg","media_url_https":"https://pbs.twimg.com/media/DECvqdRU0AMhOBE.jpg","url":"https://t.co/RVwN08redp","display_url":"pic.twitter.com/RVwN08redp","expanded_url":"https://twitter.com/bot_erection/status/882898675424305153/photo/1","type":"photo","sizes":{"large":{"w":1096,"h":590,"resize":"fit"},"small":{"w":680,"h":366,"resize":"fit"},"medium":{"w":1096,"h":590,"resize":"fit"},"thumb":{"w":150,"h":150,"resize":"crop"}}}]},"extended_entities":{"media":[{"id":882898670911279100,"id_str":"882898670911279107","indices":[27,50],"media_url":"http://pbs.twimg.com/media/DECvqdRU0AMhOBE.jpg","media_url_https":"https://pbs.twimg.com/media/DECvqdRU0AMhOBE.jpg","url":"https://t.co/RVwN08redp","display_url":"pic.twitter.com/RVwN08redp","expanded_url":"https://twitter.com/bot_erection/status/882898675424305153/photo/1","type":"photo","sizes":{"large":{"w":1096,"h":590,"resize":"fit"},"small":{"w":680,"h":366,"resize":"fit"},"medium":{"w":1096,"h":590,"resize":"fit"},"thumb":{"w":150,"h":150,"resize":"crop"}}}]},"metadata":{"iso_language_code":"ja","result_type":"recent"},"source":"<a href=\"http://tapbots.com/tweetbot\" rel=\"nofollow\">Tweetbot for iΟS</a>","in_reply_to_status_id":null,"in_reply_to_status_id_str":null,"in_reply_to_user_id":null,"in_reply_to_user_id_str":null,"in_reply_to_screen_name":null,"user":{"id":3310890074,"id_str":"3310890074","name":"勃起タイムbot","screen_name":"bot_erection","location":"勃起タイムきららミラク","description":"女の子に勃起の反応をさせる手動botです。1周年を迎えました。三次元成分はありません。リプで画像を送って頂ければ使うかもしれません。当アカウントは勃起タイムbot以外のアカウントを所有しておりませんので他の類似アカウントにご注意ください。","url":null,"entities":{"description":{"urls":[]}},"protected":false,"followers_count":91691,"friends_count":10427,"listed_count":1279,"created_at":"Sun Aug 09 21:17:53 +0000 2015","favourites_count":214,"utc_offset":null,"time_zone":null,"geo_enabled":false,"verified":false,"statuses_count":6152,"lang":"ja","contributors_enabled":false,"is_translator":false,"is_translation_enabled":false,"profile_background_color":"000000","profile_background_image_url":"http://abs.twimg.com/images/themes/theme1/bg.png","profile_background_image_url_https":"https://abs.twimg.com/images/themes/theme1/bg.png","profile_background_tile":false,"profile_image_url":"http://pbs.twimg.com/profile_images/848007068665520128/P7YWuh9I_normal.jpg","profile_image_url_https":"https://pbs.twimg.com/profile_images/848007068665520128/P7YWuh9I_normal.jpg","profile_link_color":"F5ABB5","profile_sidebar_border_color":"000000","profile_sidebar_fill_color":"000000","profile_text_color":"000000","profile_use_background_image":false,"has_extended_profile":false,"default_profile":false,"default_profile_image":false,"following":false,"follow_request_sent":false,"notifications":false,"translator_type":"none"},"geo":null,"coordinates":null,"place":null,"contributors":null,"is_quote_status":false,"retweet_count":79,"favorite_count":145,"favorited":false,"retweeted":false,"possibly_sensitive":false,"lang":"ja"},{"created_at":"Thu Jul 06 09:46:49 +0000 2017","id":882898621565354000,"id_str":"882898621565353984","text":"18時26分頃にマイニンテンドーストアでNintendo Switch本体の在庫が復活しました。\n18時46分現在も在庫ありです。20分持ってます！\nでもそろそろ売り切れるかもしれません。… https://t.co/FDwOcuyaeB","truncated":true,"entities":{"hashtags":[],"symbols":[],"user_mentions":[],"urls":[{"url":"https://t.co/FDwOcuyaeB","expanded_url":"https://twitter.com/i/web/status/882898621565353984","display_url":"twitter.com/i/web/status/8…","indices":[96,119]}]},"metadata":{"iso_language_code":"ja","result_type":"recent"},"source":"<a href=\"http://twitter.com\" rel=\"nofollow\">Twitter Web Client</a>","in_reply_to_status_id":null,"in_reply_to_status_id_str":null,"in_reply_to_user_id":null,"in_reply_to_user_id_str":null,"in_reply_to_screen_name":null,"user":{"id":728595867817500700,"id_str":"728595867817500672","name":"ニンテンドースイッチ 情報","screen_name":"net_syohin","location":"日本","description":"ニンテンドースイッチなどのゲーム情報Twitterです。管理人ブログの更新情報をつぶやきます。(最近は更新通知控えめです) 入荷や予約情報もつぶやきます。フォロワーが多いのはスイッチの品薄が原因です。このアカウントには何の価値もありません【https://t.co/a9CMR3Cudlアソシエイト】© Nintendo","url":"https://t.co/Qfv0EqFmzT","entities":{"url":{"urls":[{"url":"https://t.co/Qfv0EqFmzT","expanded_url":"https://ninten-switch.com/","display_url":"ninten-switch.com","indices":[0,23]}]},"description":{"urls":[{"url":"https://t.co/a9CMR3Cudl","expanded_url":"http://Amazon.co.jp","display_url":"Amazon.co.jp","indices":[120,143]}]}},"protected":false,"followers_count":32691,"friends_count":1320,"listed_count":258,"created_at":"Fri May 06 14:42:46 +0000 2016","favourites_count":4839,"utc_offset":32400,"time_zone":"Tokyo","geo_enabled":false,"verified":false,"statuses_count":3042,"lang":"ja","contributors_enabled":false,"is_translator":false,"is_translation_enabled":false,"profile_background_color":"000000","profile_background_image_url":"http://abs.twimg.com/images/themes/theme1/bg.png","profile_background_image_url_https":"https://abs.twimg.com/images/themes/theme1/bg.png","profile_background_tile":false,"profile_image_url":"http://pbs.twimg.com/profile_images/819398458616389633/05ng8wsq_normal.jpg","profile_image_url_https":"https://pbs.twimg.com/profile_images/819398458616389633/05ng8wsq_normal.jpg","profile_banner_url":"https://pbs.twimg.com/profile_banners/728595867817500672/1484194845","profile_link_color":"1B95E0","profile_sidebar_border_color":"000000","profile_sidebar_fill_color":"000000","profile_text_color":"000000","profile_use_background_image":false,"has_extended_profile":false,"default_profile":false,"default_profile_image":false,"following":false,"follow_request_sent":false,"notifications":false,"translator_type":"none"},"geo":null,"coordinates":null,"place":null,"contributors":null,"is_quote_status":false,"retweet_count":200,"favorite_count":65,"favorited":false,"retweeted":false,"possibly_sensitive":false,"lang":"ja"},{"created_at":"Thu Jul 06 09:46:27 +0000 2017","id":882898528313393200,"id_str":"882898528313393153","text":"【オフィシャルサイト更新情報】\n#MONSTA_X  , JAPAN Official Fan Meeting Vol.1  チケット2次抽選予約についてのお知らせを掲載しました。\nオフィシャルサイトにてご確認ください。\nhttps://t.co/yGejfIn40I","truncated":false,"entities":{"hashtags":[{"text":"MONSTA_X","indices":[16,25]}],"symbols":[],"user_mentions":[],"urls":[{"url":"https://t.co/yGejfIn40I","expanded_url":"http://monstax-official.com","display_url":"monstax-official.com","indices":[111,134]}]},"metadata":{"iso_language_code":"ja","result_type":"recent"},"source":"<a href=\"http://twitter.com/download/iphone\" rel=\"nofollow\">Twitter for iPhone</a>","in_reply_to_status_id":null,"in_reply_to_status_id_str":null,"in_reply_to_user_id":null,"in_reply_to_user_id_str":null,"in_reply_to_screen_name":null,"user":{"id":749818308870811600,"id_str":"749818308870811648","name":"MONSTA X OFFICIAL JP","screen_name":"Official_MX_jp","location":"","description":"MONSTA X OFFICIAL JAPAN Twitter /モンスタエックス日本公式アカウント","url":"https://t.co/brWDwaPjxz","entities":{"url":{"urls":[{"url":"https://t.co/brWDwaPjxz","expanded_url":"https://monstax-official.com/","display_url":"monstax-official.com","indices":[0,23]}]},"description":{"urls":[]}},"protected":false,"followers_count":118187,"friends_count":3,"listed_count":714,"created_at":"Mon Jul 04 04:13:10 +0000 2016","favourites_count":42,"utc_offset":-25200,"time_zone":"Pacific Time (US & Canada)","geo_enabled":false,"verified":false,"statuses_count":584,"lang":"ko","contributors_enabled":false,"is_translator":false,"is_translation_enabled":false,"profile_background_color":"F5F8FA","profile_background_image_url":null,"profile_background_image_url_https":null,"profile_background_tile":false,"profile_image_url":"http://pbs.twimg.com/profile_images/758640433912160256/_wZeQku9_normal.jpg","profile_image_url_https":"https://pbs.twimg.com/profile_images/758640433912160256/_wZeQku9_normal.jpg","profile_banner_url":"https://pbs.twimg.com/profile_banners/749818308870811648/1469709607","profile_link_color":"1DA1F2","profile_sidebar_border_color":"C0DEED","profile_sidebar_fill_color":"DDEEF6","profile_text_color":"333333","profile_use_background_image":true,"has_extended_profile":true,"default_profile":true,"default_profile_image":false,"following":false,"follow_request_sent":false,"notifications":false,"translator_type":"none"},"geo":null,"coordinates":null,"place":null,"contributors":null,"is_quote_status":false,"retweet_count":74,"favorite_count":212,"favorited":false,"retweeted":false,"possibly_sensitive":false,"lang":"ja"},{"created_at":"Thu Jul 06 09:46:08 +0000 2017","id":882898448139169800,"id_str":"882898448139169792","text":"昔から、メガネを買ったら3ヶ月くらいでこんな形になっちゃうんだけどなんでなの？😓\n\n寝ている間とか地面に置いてるの忘れて踏んじゃってるくらいしか記憶にないんだけど？？？😭 https://t.co/jpo26koVMh","truncated":false,"entities":{"hashtags":[],"symbols":[],"user_mentions":[],"urls":[],"media":[{"id":882898439847034900,"id_str":"882898439847034881","indices":[86,109],"media_url":"http://pbs.twimg.com/media/DECvdAfUQAEJSna.jpg","media_url_https":"https://pbs.twimg.com/media/DECvdAfUQAEJSna.jpg","url":"https://t.co/jpo26koVMh","display_url":"pic.twitter.com/jpo26koVMh","expanded_url":"https://twitter.com/laters_kamemusi/status/882898448139169792/photo/1","type":"photo","sizes":{"medium":{"w":1200,"h":675,"resize":"fit"},"large":{"w":1279,"h":719,"resize":"fit"},"thumb":{"w":150,"h":150,"resize":"crop"},"small":{"w":680,"h":382,"resize":"fit"}}}]},"extended_entities":{"media":[{"id":882898439847034900,"id_str":"882898439847034881","indices":[86,109],"media_url":"http://pbs.twimg.com/media/DECvdAfUQAEJSna.jpg","media_url_https":"https://pbs.twimg.com/media/DECvdAfUQAEJSna.jpg","url":"https://t.co/jpo26koVMh","display_url":"pic.twitter.com/jpo26koVMh","expanded_url":"https://twitter.com/laters_kamemusi/status/882898448139169792/photo/1","type":"photo","sizes":{"medium":{"w":1200,"h":675,"resize":"fit"},"large":{"w":1279,"h":719,"resize":"fit"},"thumb":{"w":150,"h":150,"resize":"crop"},"small":{"w":680,"h":382,"resize":"fit"}}}]},"metadata":{"iso_language_code":"ja","result_type":"recent"},"source":"<a href=\"http://twitter.com/download/iphone\" rel=\"nofollow\">Twitter for iPhone</a>","in_reply_to_status_id":null,"in_reply_to_status_id_str":null,"in_reply_to_user_id":null,"in_reply_to_user_id_str":null,"in_reply_to_screen_name":null,"user":{"id":4564607594,"id_str":"4564607594","name":"🐢かめむし🐢【レイターズ】","screen_name":"laters_kamemusi","location":"YouTubeの動画は↓から","description":"臭くないかめむしです。 YouTubeに動画投稿している高校3年生の17歳です。Instagramもしてます→https://t.co/9CEY8AxEYv","url":"https://t.co/7fy25T0KBe","entities":{"url":{"urls":[{"url":"https://t.co/7fy25T0KBe","expanded_url":"https://www.youtube.com/channel/UCdcyRKYuKnUr7dgs8ZkIzKg","display_url":"youtube.com/channel/UCdcyR…","indices":[0,23]}]},"description":{"urls":[{"url":"https://t.co/9CEY8AxEYv","expanded_url":"https://www.instagram.com/laters_kamemushi/?hl=ja","display_url":"instagram.com/laters_kamemus…","indices":[55,78]}]}},"protected":false,"followers_count":156642,"friends_count":191,"listed_count":474,"created_at":"Tue Dec 15 09:29:13 +0000 2015","favourites_count":2618,"utc_offset":null,"time_zone":null,"geo_enabled":false,"verified":false,"statuses_count":12698,"lang":"en","contributors_enabled":false,"is_translator":false,"is_translation_enabled":false,"profile_background_color":"F5F8FA","profile_background_image_url":null,"profile_background_image_url_https":null,"profile_background_tile":false,"profile_image_url":"http://pbs.twimg.com/profile_images/826671802290016256/DEo7tb1w_normal.jpg","profile_image_url_https":"https://pbs.twimg.com/profile_images/826671802290016256/DEo7tb1w_normal.jpg","profile_banner_url":"https://pbs.twimg.com/profile_banners/4564607594/1497062664","profile_link_color":"1DA1F2","profile_sidebar_border_color":"C0DEED","profile_sidebar_fill_color":"DDEEF6","profile_text_color":"333333","profile_use_background_image":true,"has_extended_profile":true,"default_profile":true,"default_profile_image":false,"following":false,"follow_request_sent":false,"notifications":false,"translator_type":"none"},"geo":null,"coordinates":null,"place":null,"contributors":null,"is_quote_status":false,"retweet_count":168,"favorite_count":1235,"favorited":false,"retweeted":false,"possibly_sensitive":false,"lang":"ja"},{"created_at":"Thu Jul 06 09:46:01 +0000 2017","id":882898421375520800,"id_str":"882898421375520768","text":"【速報】#ヒアリ  東京で発見　ついに関東上陸　#大井埠頭 のコンテナから\nhttps://t.co/MjX5tt7kI0","truncated":false,"entities":{"hashtags":[{"text":"ヒアリ","indices":[4,8]},{"text":"大井埠頭","indices":[24,29]}],"symbols":[],"user_mentions":[],"urls":[{"url":"https://t.co/MjX5tt7kI0","expanded_url":"http://huffp.st/fWu5pGi","display_url":"huffp.st/fWu5pGi","indices":[38,61]}]},"metadata":{"iso_language_code":"ja","result_type":"recent"},"source":"<a href=\"http://www.socialflow.com\" rel=\"nofollow\">SocialFlow</a>","in_reply_to_status_id":null,"in_reply_to_status_id_str":null,"in_reply_to_user_id":null,"in_reply_to_user_id_str":null,"in_reply_to_screen_name":null,"user":{"id":543860205,"id_str":"543860205","name":"ハフポスト日本版","screen_name":"HuffPostJapan","location":"TOKYO","description":"ハフポスト日本版公式アカウントです。 ライフスタイルは @HPJPLifestyle facebookは https://t.co/9GbvWCKOYa Instagramは https://t.co/mRHEF51qdQ","url":"https://t.co/2A264s19va","entities":{"url":{"urls":[{"url":"https://t.co/2A264s19va","expanded_url":"http://www.huffingtonpost.jp","display_url":"huffingtonpost.jp","indices":[0,23]}]},"description":{"urls":[{"url":"https://t.co/9GbvWCKOYa","expanded_url":"https://www.facebook.com/HuffPostJapan","display_url":"facebook.com/HuffPostJapan","indices":[53,76]},{"url":"https://t.co/mRHEF51qdQ","expanded_url":"http://instagram.com/huffpostjapan","display_url":"instagram.com/huffpostjapan","indices":[88,111]}]}},"protected":false,"followers_count":263512,"friends_count":57,"listed_count":6832,"created_at":"Mon Apr 02 22:19:03 +0000 2012","favourites_count":32,"utc_offset":32400,"time_zone":"Tokyo","geo_enabled":false,"verified":true,"statuses_count":158027,"lang":"ja","contributors_enabled":false,"is_translator":false,"is_translation_enabled":false,"profile_background_color":"2E7060","profile_background_image_url":"http://pbs.twimg.com/profile_background_images/838451237/146e6bed53ee708477e4bcef0144ef05.png","profile_background_image_url_https":"https://pbs.twimg.com/profile_background_images/838451237/146e6bed53ee708477e4bcef0144ef05.png","profile_background_tile":false,"profile_image_url":"http://pbs.twimg.com/profile_images/875471021112995840/8P6CCRxM_normal.jpg","profile_image_url_https":"https://pbs.twimg.com/profile_images/875471021112995840/8P6CCRxM_normal.jpg","profile_banner_url":"https://pbs.twimg.com/profile_banners/543860205/1496284876","profile_link_color":"015850","profile_sidebar_border_color":"FFFFFF","profile_sidebar_fill_color":"DDEEF6","profile_text_color":"333333","profile_use_background_image":true,"has_extended_profile":false,"default_profile":false,"default_profile_image":false,"following":false,"follow_request_sent":false,"notifications":false,"translator_type":"none"},"geo":null,"coordinates":null,"place":null,"contributors":null,"is_quote_status":false,"retweet_count":53,"favorite_count":13,"favorited":false,"retweeted":false,"possibly_sensitive":false,"lang":"ja"},{"created_at":"Thu Jul 06 09:45:39 +0000 2017","id":882898327477538800,"id_str":"882898327477538816","text":"去年の七夕の回で真昼が登場したんだもんなぁ…。そう考えるとこの1年で本当に彼女たちの成長をものすごく感じる…。\nあの時「打倒お姉ちゃん」と書いた真昼はそれを叶えてるんだよね。\nううっ。今日は画面が歪むぜ、。\n#aikatsustars","truncated":false,"entities":{"hashtags":[{"text":"aikatsustars","indices":[104,117]}],"symbols":[],"user_mentions":[],"urls":[]},"metadata":{"iso_language_code":"ja","result_type":"recent"},"source":"<a href=\"http://www.echofon.com/\" rel=\"nofollow\">Echofon</a>","in_reply_to_status_id":null,"in_reply_to_status_id_str":null,"in_reply_to_user_id":null,"in_reply_to_user_id_str":null,"in_reply_to_screen_name":null,"user":{"id":2721803881,"id_str":"2721803881","name":"朝井彩加","screen_name":"a_ayaka0511","location":"","description":"ノラと皇女と野良猫ハート/ノラ\nモンスターハンターストーリーズRIDE ON/ミル\nアイカツスターズ!/桜庭ローラ\n響け!ユーフォニアム/加藤葉月\nカリメロ/カリメロ\n\nアイドルマスターシンデレラガールズ/早坂美玲\nスクスト/降神陽奈\n消滅都市/ソウマ\n\n安済知佳と朝井彩加のふたりはシンパシー！","url":null,"entities":{"description":{"urls":[]}},"protected":false,"followers_count":36136,"friends_count":101,"listed_count":1694,"created_at":"Sun Aug 10 14:44:16 +0000 2014","favourites_count":124,"utc_offset":null,"time_zone":null,"geo_enabled":false,"verified":false,"statuses_count":8935,"lang":"ja","contributors_enabled":false,"is_translator":false,"is_translation_enabled":false,"profile_background_color":"C0DEED","profile_background_image_url":"http://abs.twimg.com/images/themes/theme1/bg.png","profile_background_image_url_https":"https://abs.twimg.com/images/themes/theme1/bg.png","profile_background_tile":false,"profile_image_url":"http://pbs.twimg.com/profile_images/848024602617839616/tH3zcHQa_normal.jpg","profile_image_url_https":"https://pbs.twimg.com/profile_images/848024602617839616/tH3zcHQa_normal.jpg","profile_link_color":"1DA1F2","profile_sidebar_border_color":"C0DEED","profile_sidebar_fill_color":"DDEEF6","profile_text_color":"333333","profile_use_background_image":true,"has_extended_profile":false,"default_profile":true,"default_profile_image":false,"following":false,"follow_request_sent":false,"notifications":false,"translator_type":"none"},"geo":null,"coordinates":null,"place":null,"contributors":null,"is_quote_status":false,"retweet_count":79,"favorite_count":73,"favorited":false,"retweeted":false,"lang":"ja"},{"created_at":"Thu Jul 06 09:45:16 +0000 2017","id":882898233059491800,"id_str":"882898233059491840","text":"最後に！！\n\n7/7(金)メンテナンス後では\nゲーム内においてもう一つ大きなアップデート情報がございます！！\nぜひとも明日のメンテナンス後にその目で耳でお確かめ下さいませっ！！\n\n#t7s #ナナシス","truncated":false,"entities":{"hashtags":[{"text":"t7s","indices":[90,94]},{"text":"ナナシス","indices":[95,100]}],"symbols":[],"user_mentions":[],"urls":[]},"metadata":{"iso_language_code":"ja","result_type":"recent"},"source":"<a href=\"http://twitter.com\" rel=\"nofollow\">Twitter Web Client</a>","in_reply_to_status_id":null,"in_reply_to_status_id_str":null,"in_reply_to_user_id":null,"in_reply_to_user_id_str":null,"in_reply_to_screen_name":null,"user":{"id":2236300380,"id_str":"2236300380","name":"「Tokyo 7th シスターズ」公式","screen_name":"t7s_staff","location":"Tokyo 7th","description":"メンテナンスやアップデート、イベント情報などを、支配人の皆様にお伝え致します。リプライ、お問い合わせについては、お手数ですがゲーム内お問い合せよりお願い致します。AppのDLはコチラから（iOS)→ http://t.co/b4TBsqu6VR (Android)→http://t.co/YArdsbxrNK","url":"http://t.co/c8u1JK6yxP","entities":{"url":{"urls":[{"url":"http://t.co/c8u1JK6yxP","expanded_url":"http://t7s.jp/","display_url":"t7s.jp","indices":[0,22]}]},"description":{"urls":[{"url":"http://t.co/b4TBsqu6VR","expanded_url":"http://goo.gl/C8VLl4","display_url":"goo.gl/C8VLl4","indices":[100,122]},{"url":"http://t.co/YArdsbxrNK","expanded_url":"http://goo.gl/ZKVVq8","display_url":"goo.gl/ZKVVq8","indices":[133,155]}]}},"protected":false,"followers_count":79072,"friends_count":0,"listed_count":1749,"created_at":"Sun Dec 08 16:54:49 +0000 2013","favourites_count":0,"utc_offset":32400,"time_zone":"Tokyo","geo_enabled":false,"verified":false,"statuses_count":5269,"lang":"ja","contributors_enabled":false,"is_translator":false,"is_translation_enabled":false,"profile_background_color":"C0DEED","profile_background_image_url":"http://abs.twimg.com/images/themes/theme1/bg.png","profile_background_image_url_https":"https://abs.twimg.com/images/themes/theme1/bg.png","profile_background_tile":false,"profile_image_url":"http://pbs.twimg.com/profile_images/527650700390457344/pYWr0fFY_normal.jpeg","profile_image_url_https":"https://pbs.twimg.com/profile_images/527650700390457344/pYWr0fFY_normal.jpeg","profile_banner_url":"https://pbs.twimg.com/profile_banners/2236300380/1414653106","profile_link_color":"1DA1F2","profile_sidebar_border_color":"C0DEED","profile_sidebar_fill_color":"DDEEF6","profile_text_color":"333333","profile_use_background_image":true,"has_extended_profile":false,"default_profile":true,"default_profile_image":false,"following":false,"follow_request_sent":false,"notifications":false,"translator_type":"none"},"geo":null,"coordinates":null,"place":null,"contributors":null,"is_quote_status":false,"retweet_count":237,"favorite_count":211,"favorited":false,"retweeted":false,"lang":"ja"},{"created_at":"Thu Jul 06 09:45:03 +0000 2017","id":882898175039754200,"id_str":"882898175039754240","text":"無料でバイナリーの稼ぎ方をお教え致します。興味がある方は気軽にLINEID→bainarisfまでご連絡を。https://t.co/A7eeTfTBxf #バイナリーオプション #副業  #お金稼ぎ #お金 #お金稼ぐ #お金持ち https://t.co/bw296gQxVc","truncated":false,"entities":{"hashtags":[{"text":"バイナリーオプション","indices":[78,89]},{"text":"副業","indices":[90,93]},{"text":"お金稼ぎ","indices":[95,100]},{"text":"お金","indices":[101,104]},{"text":"お金稼ぐ","indices":[105,110]},{"text":"お金持ち","indices":[111,116]}],"symbols":[],"user_mentions":[],"urls":[{"url":"https://t.co/A7eeTfTBxf","expanded_url":"https://goo.gl/gpmcR4","display_url":"goo.gl/gpmcR4","indices":[54,77]}],"media":[{"id":882898172078506000,"id_str":"882898172078505986","indices":[117,140],"media_url":"http://pbs.twimg.com/media/DECvNa-UwAIKjL6.jpg","media_url_https":"https://pbs.twimg.com/media/DECvNa-UwAIKjL6.jpg","url":"https://t.co/bw296gQxVc","display_url":"pic.twitter.com/bw296gQxVc","expanded_url":"https://twitter.com/dashiruibahan/status/882898175039754240/photo/1","type":"photo","sizes":{"thumb":{"w":150,"h":150,"resize":"crop"},"large":{"w":473,"h":471,"resize":"fit"},"small":{"w":473,"h":471,"resize":"fit"},"medium":{"w":473,"h":471,"resize":"fit"}}}]},"extended_entities":{"media":[{"id":882898172078506000,"id_str":"882898172078505986","indices":[117,140],"media_url":"http://pbs.twimg.com/media/DECvNa-UwAIKjL6.jpg","media_url_https":"https://pbs.twimg.com/media/DECvNa-UwAIKjL6.jpg","url":"https://t.co/bw296gQxVc","display_url":"pic.twitter.com/bw296gQxVc","expanded_url":"https://twitter.com/dashiruibahan/status/882898175039754240/photo/1","type":"photo","sizes":{"thumb":{"w":150,"h":150,"resize":"crop"},"large":{"w":473,"h":471,"resize":"fit"},"small":{"w":473,"h":471,"resize":"fit"},"medium":{"w":473,"h":471,"resize":"fit"}}}]},"metadata":{"iso_language_code":"ja","result_type":"recent"},"source":"<a href=\"http://twitter.com/\" rel=\"nofollow\">zerotubusen12</a>","in_reply_to_status_id":null,"in_reply_to_status_id_str":null,"in_reply_to_user_id":null,"in_reply_to_user_id_str":null,"in_reply_to_screen_name":null,"user":{"id":129696001,"id_str":"129696001","name":"生田　竜二","screen_name":"dashiruibahan","location":"LINEID→bainarisf","description":"投資や副業が初めての方でも気軽に声をかけてください。私はプロですので安心して頂けると思います。無料で相談に乗らせて頂きます。 #バイナリー　#バイナリーオプション　#副業　#おこづかい　#お金持ち　　#投資","url":null,"entities":{"description":{"urls":[]}},"protected":false,"followers_count":6795,"friends_count":4652,"listed_count":2,"created_at":"Mon Apr 05 03:58:40 +0000 2010","favourites_count":0,"utc_offset":-25200,"time_zone":"Arizona","geo_enabled":false,"verified":false,"statuses_count":2,"lang":"ja","contributors_enabled":false,"is_translator":false,"is_translation_enabled":false,"profile_background_color":"8B542B","profile_background_image_url":"http://abs.twimg.com/images/themes/theme8/bg.gif","profile_background_image_url_https":"https://abs.twimg.com/images/themes/theme8/bg.gif","profile_background_tile":false,"profile_image_url":"http://pbs.twimg.com/profile_images/858971680823103488/P4w8ogB4_normal.jpg","profile_image_url_https":"https://pbs.twimg.com/profile_images/858971680823103488/P4w8ogB4_normal.jpg","profile_link_color":"9D582E","profile_sidebar_border_color":"D9B17E","profile_sidebar_fill_color":"EADEAA","profile_text_color":"333333","profile_use_background_image":true,"has_extended_profile":false,"default_profile":false,"default_profile_image":false,"following":false,"follow_request_sent":false,"notifications":false,"translator_type":"none"},"geo":null,"coordinates":null,"place":null,"contributors":null,"is_quote_status":false,"retweet_count":103,"favorite_count":0,"favorited":false,"retweeted":false,"possibly_sensitive":false,"lang":"ja"}],"search_metadata":{"completed_in":0.065,"max_id":882899423050715100,"max_id_str":"882899423050715136","next_results":"?max_id=882898175039754239&q=lang%3Aja%20min_retweets%3A50&include_entities=1","query":"lang%3Aja+min_retweets%3A50","refresh_url":"?since_id=882899423050715136&q=lang%3Aja%20min_retweets%3A50&include_entities=1","count":15,"since_id":0,"since_id_str":"0"}}