{"statuses":[{"created_at":"Sat Jul 08 13:21:07 +0000 2017","id":883677325858021400,"id_str":"883677325858021376","text":"公式放送おつぷりやで～！(*⁰▿⁰*)\nアイコン可愛くね！？！？！！！！ やばくね！？！？！？！！\n\nアイコンが変わっても見逃さないでくれな；；； よろしゅう；；\n#すとぷり","truncated":false,"entities":{"hashtags":[{"text":"すとぷり","indices":[82,87]}],"symbols":[],"user_mentions":[],"urls":[]},"metadata":{"iso_language_code":"ja","result_type":"recent"},"source":"<a href=\"http://twitter.com\" rel=\"nofollow\">Twitter Web Client</a>","in_reply_to_status_id":883667290448830500,"in_reply_to_status_id_str":"883667290448830464","in_reply_to_user_id":3089546354,"in_reply_to_user_id_str":"3089546354","in_reply_to_screen_name":"love_nkun","user":{"id":3089546354,"id_str":"3089546354","name":"ななもり。@すとぷり","screen_name":"love_nkun","location":"","description":"ななもりちゃんねる・。・v ■#すとぷり(@StPri_info) ■普段のツイートはこっち(@nanamorisan)","url":"https://t.co/PAf5FfZrT0","entities":{"url":{"urls":[{"url":"https://t.co/PAf5FfZrT0","expanded_url":"http://twitcasting.tv/c:nanamori","display_url":"twitcasting.tv/c:nanamori","indices":[0,23]}]},"description":{"urls":[]}},"protected":false,"followers_count":54372,"friends_count":221,"listed_count":618,"created_at":"Mon Mar 16 13:34:59 +0000 2015","favourites_count":18411,"utc_offset":28800,"time_zone":"Irkutsk","geo_enabled":false,"verified":false,"statuses_count":107,"lang":"ja","contributors_enabled":false,"is_translator":false,"is_translation_enabled":false,"profile_background_color":"000000","profile_background_image_url":"http://abs.twimg.com/images/themes/theme1/bg.png","profile_background_image_url_https":"https://abs.twimg.com/images/themes/theme1/bg.png","profile_background_tile":false,"profile_image_url":"http://pbs.twimg.com/profile_images/883666977339748352/xfEVj1Z6_normal.jpg","profile_image_url_https":"https://pbs.twimg.com/profile_images/883666977339748352/xfEVj1Z6_normal.jpg","profile_banner_url":"https://pbs.twimg.com/profile_banners/3089546354/1485040695","profile_link_color":"3B94D9","profile_sidebar_border_color":"000000","profile_sidebar_fill_color":"000000","profile_text_color":"000000","profile_use_background_image":false,"has_extended_profile":false,"default_profile":false,"default_profile_image":false,"following":false,"follow_request_sent":false,"notifications":false,"translator_type":"none"},"geo":null,"coordinates":null,"place":null,"contributors":null,"is_quote_status":false,"retweet_count":91,"favorite_count":413,"favorited":false,"retweeted":false,"lang":"ja"},{"created_at":"Sat Jul 08 13:20:14 +0000 2017","id":883677105455677400,"id_str":"883677105455677440","text":"窪田正孝、\"パラパラ漫画風\"の撮影オフショットが話題  - LINE NEWS https://t.co/xWHEGOI48y #linenews @news_line_meさんから","truncated":false,"entities":{"hashtags":[{"text":"linenews","indices":[64,73]}],"symbols":[],"user_mentions":[{"screen_name":"news_line_me","name":"LINE NEWS","id":1516060316,"id_str":"1516060316","indices":[74,87]}],"urls":[{"url":"https://t.co/xWHEGOI48y","expanded_url":"http://news.line.me/issue/entertainment/2cbd44cc9574?utm_source=Twitter&utm_medium=share&utm_campaign=none&share_id=Stz99520006935","display_url":"news.line.me/issue/entertai…","indices":[40,63]}]},"metadata":{"iso_language_code":"ja","result_type":"recent"},"source":"<a href=\"http://twitter.com\" rel=\"nofollow\">Twitter Web Client</a>","in_reply_to_status_id":null,"in_reply_to_status_id_str":null,"in_reply_to_user_id":null,"in_reply_to_user_id_str":null,"in_reply_to_screen_name":null,"user":{"id":861829251103809500,"id_str":"861829251103809536","name":"火9ドラマ『僕たちがやりました』公式","screen_name":"bokuyari_ktv","location":"東京","description":"7月18日スタート 火曜よる9時 関西テレビ・フジテレビ系📺✨ 公式Instagram→https://t.co/bU4LVSxGoQ #窪田正孝 #永野芽郁 #新田真剣佑 #間宮祥太朗 #葉山奨之 #今野浩喜 #川栄李奈 #岡崎紗絵 #板尾創路 #榊原郁恵 #水川あさみ #三浦翔平 #古田新太","url":"https://t.co/XT8CA8N2uA","entities":{"url":{"urls":[{"url":"https://t.co/XT8CA8N2uA","expanded_url":"http://ktv.jp/bokuyari/","display_url":"ktv.jp/bokuyari/","indices":[0,23]}]},"description":{"urls":[{"url":"https://t.co/bU4LVSxGoQ","expanded_url":"http://Instagram.com/bokuyari_ktv/","display_url":"Instagram.com/bokuyari_ktv/","indices":[44,67]}]}},"protected":false,"followers_count":85116,"friends_count":20,"listed_count":168,"created_at":"Tue May 09 06:24:40 +0000 2017","favourites_count":11,"utc_offset":-25200,"time_zone":"Pacific Time (US & Canada)","geo_enabled":false,"verified":true,"statuses_count":194,"lang":"ja","contributors_enabled":false,"is_translator":false,"is_translation_enabled":false,"profile_background_color":"F5F8FA","profile_background_image_url":null,"profile_background_image_url_https":null,"profile_background_tile":false,"profile_image_url":"http://pbs.twimg.com/profile_images/868930869389541376/5_XOWkTj_normal.jpg","profile_image_url_https":"https://pbs.twimg.com/profile_images/868930869389541376/5_XOWkTj_normal.jpg","profile_banner_url":"https://pbs.twimg.com/profile_banners/861829251103809536/1498195816","profile_link_color":"1DA1F2","profile_sidebar_border_color":"C0DEED","profile_sidebar_fill_color":"DDEEF6","profile_text_color":"333333","profile_use_background_image":true,"has_extended_profile":false,"default_profile":true,"default_profile_image":false,"following":false,"follow_request_sent":false,"notifications":false,"translator_type":"none"},"geo":null,"coordinates":null,"place":null,"contributors":null,"is_quote_status":false,"retweet_count":58,"favorite_count":237,"favorited":false,"retweeted":false,"possibly_sensitive":false,"lang":"ja"},{"created_at":"Sat Jul 08 13:20:11 +0000 2017","id":883677091732090900,"id_str":"883677091732090880","text":"【GENE】明日7/9日 24:45-\nフジ「Love music」\nGENERATIONSが出演します！\n\nhttps://t.co/LtXbi43o8f\n#GENERATIONS https://t.co/54hnmlEMYN","truncated":false,"entities":{"hashtags":[{"text":"GENERATIONS","indices":[79,91]}],"symbols":[],"user_mentions":[],"urls":[{"url":"https://t.co/LtXbi43o8f","expanded_url":"http://ow.ly/rX6X30dgcyx","display_url":"ow.ly/rX6X30dgcyx","indices":[55,78]}],"media":[{"id":883677089123225600,"id_str":"883677089123225600","indices":[92,115],"media_url":"http://pbs.twimg.com/media/DENzoXFXUAA937Z.jpg","media_url_https":"https://pbs.twimg.com/media/DENzoXFXUAA937Z.jpg","url":"https://t.co/54hnmlEMYN","display_url":"pic.twitter.com/54hnmlEMYN","expanded_url":"https://twitter.com/exnews24/status/883677091732090880/photo/1","type":"photo","sizes":{"small":{"w":640,"h":570,"resize":"fit"},"thumb":{"w":150,"h":150,"resize":"crop"},"large":{"w":640,"h":570,"resize":"fit"},"medium":{"w":640,"h":570,"resize":"fit"}}}]},"extended_entities":{"media":[{"id":883677089123225600,"id_str":"883677089123225600","indices":[92,115],"media_url":"http://pbs.twimg.com/media/DENzoXFXUAA937Z.jpg","media_url_https":"https://pbs.twimg.com/media/DENzoXFXUAA937Z.jpg","url":"https://t.co/54hnmlEMYN","display_url":"pic.twitter.com/54hnmlEMYN","expanded_url":"https://twitter.com/exnews24/status/883677091732090880/photo/1","type":"photo","sizes":{"small":{"w":640,"h":570,"resize":"fit"},"thumb":{"w":150,"h":150,"resize":"crop"},"large":{"w":640,"h":570,"resize":"fit"},"medium":{"w":640,"h":570,"resize":"fit"}}}]},"metadata":{"iso_language_code":"ja","result_type":"recent"},"source":"<a href=\"http://www.hootsuite.com\" rel=\"nofollow\">Hootsuite</a>","in_reply_to_status_id":null,"in_reply_to_status_id_str":null,"in_reply_to_user_id":null,"in_reply_to_user_id_str":null,"in_reply_to_screen_name":null,"user":{"id":188261799,"id_str":"188261799","name":"EXILE最新ニュース24","screen_name":"exnews24","location":"TOKYO","description":"EXILE TRIBE【EXILE・THE SECOND・三代目J Soul Brothers・GENERATIONSなど】に関する番組出演・リリースなどの最新情報を配信しています。EXILE TRIBEが好きな方からのフォロー＆RT歓迎です。【unofficial】ログ→https://t.co/JDQBTfT0iL","url":"https://t.co/6CzLMfwm5q","entities":{"url":{"urls":[{"url":"https://t.co/6CzLMfwm5q","expanded_url":"http://www.facebook.com/exn24","display_url":"facebook.com/exn24","indices":[0,23]}]},"description":{"urls":[{"url":"https://t.co/JDQBTfT0iL","expanded_url":"http://bit.ly/dNLWFK","display_url":"bit.ly/dNLWFK","indices":[137,160]}]}},"protected":false,"followers_count":751741,"friends_count":3276,"listed_count":1644,"created_at":"Wed Sep 08 09:15:44 +0000 2010","favourites_count":1987,"utc_offset":32400,"time_zone":"Tokyo","geo_enabled":false,"verified":false,"statuses_count":44894,"lang":"ja","contributors_enabled":false,"is_translator":false,"is_translation_enabled":false,"profile_background_color":"FFFFFF","profile_background_image_url":"http://abs.twimg.com/images/themes/theme16/bg.gif","profile_background_image_url_https":"https://abs.twimg.com/images/themes/theme16/bg.gif","profile_background_tile":false,"profile_image_url":"http://pbs.twimg.com/profile_images/1534064711/exnews_ico_normal.gif","profile_image_url_https":"https://pbs.twimg.com/profile_images/1534064711/exnews_ico_normal.gif","profile_banner_url":"https://pbs.twimg.com/profile_banners/188261799/1469599351","profile_link_color":"0084B4","profile_sidebar_border_color":"000000","profile_sidebar_fill_color":"000000","profile_text_color":"000000","profile_use_background_image":false,"has_extended_profile":true,"default_profile":false,"default_profile_image":false,"following":false,"follow_request_sent":false,"notifications":false,"translator_type":"none"},"geo":null,"coordinates":null,"place":null,"contributors":null,"is_quote_status":false,"retweet_count":65,"favorite_count":308,"favorited":false,"retweeted":false,"possibly_sensitive":false,"lang":"ja"},{"created_at":"Sat Jul 08 13:19:39 +0000 2017","id":883676958000795600,"id_str":"883676958000795649","text":"菊池「SixTONESの森本慎太郎がめちゃかわいい、スーパージャニーズジュニアだった頃、北海道ロケで7～8kg太ってさすがにマネージャーに軽くたしなめられたらしいよ。そんくらい美味しいものあるんだって」 #nhkらじらー","truncated":false,"entities":{"hashtags":[{"text":"nhkらじらー","indices":[102,110]}],"symbols":[],"user_mentions":[],"urls":[]},"metadata":{"iso_language_code":"ja","result_type":"recent"},"source":"<a href=\"http://www.nhk.or.jp/\" rel=\"nofollow\">NHK</a>","in_reply_to_status_id":null,"in_reply_to_status_id_str":null,"in_reply_to_user_id":null,"in_reply_to_user_id_str":null,"in_reply_to_screen_name":null,"user":{"id":505321772,"id_str":"505321772","name":"らじらー！","screen_name":"nhk_radirer","location":"東京都渋谷区","description":"土曜20時～Hey! Say! JUMP八乙女光・伊野尾慧、ジャニーズJr.安井謙太郎・髙橋優斗、Sexy Zone、日曜21時～オリラジ中田敦彦・藤森慎吾、隔週で乃木坂46、SKE48▼利用規約→http://t.co/Q11WanxIUh　フォローの考え方→https://t.co/8lVsvM27YP","url":"http://t.co/LsT5Uxt5e2","entities":{"url":{"urls":[{"url":"http://t.co/LsT5Uxt5e2","expanded_url":"http://www.nhk.or.jp/radirer/","display_url":"nhk.or.jp/radirer/","indices":[0,22]}]},"description":{"urls":[{"url":"http://t.co/Q11WanxIUh","expanded_url":"http://nhk.jp/rules","display_url":"nhk.jp/rules","indices":[99,121]},{"url":"https://t.co/8lVsvM27YP","expanded_url":"http://nhk.jp/tw_f","display_url":"nhk.jp/tw_f","indices":[131,154]}]}},"protected":false,"followers_count":146510,"friends_count":4,"listed_count":695,"created_at":"Mon Feb 27 02:46:21 +0000 2012","favourites_count":0,"utc_offset":32400,"time_zone":"Tokyo","geo_enabled":false,"verified":true,"statuses_count":42321,"lang":"ja","contributors_enabled":false,"is_translator":false,"is_translation_enabled":true,"profile_background_color":"C0DEED","profile_background_image_url":"http://pbs.twimg.com/profile_background_images/882475858383863808/G0cxdhhJ.jpg","profile_background_image_url_https":"https://pbs.twimg.com/profile_background_images/882475858383863808/G0cxdhhJ.jpg","profile_background_tile":true,"profile_image_url":"http://pbs.twimg.com/profile_images/583186882583887872/nN-8FedV_normal.jpg","profile_image_url_https":"https://pbs.twimg.com/profile_images/583186882583887872/nN-8FedV_normal.jpg","profile_link_color":"0084B4","profile_sidebar_border_color":"C0DEED","profile_sidebar_fill_color":"DDEEF6","profile_text_color":"333333","profile_use_background_image":true,"has_extended_profile":false,"default_profile":false,"default_profile_image":false,"following":false,"follow_request_sent":false,"notifications":false,"translator_type":"none"},"geo":null,"coordinates":null,"place":null,"contributors":null,"is_quote_status":false,"retweet_count":182,"favorite_count":372,"favorited":false,"retweeted":false,"lang":"ja"},{"created_at":"Sat Jul 08 13:19:21 +0000 2017","id":883676883786711000,"id_str":"883676883786711040","text":"今日もみっちり稽古しました。\n\nさぁ！\n明日 7月9日 20時30分～\n末満さんのニコ生にしょうたろうくんと出演します！！\n\n楽しみにしててくださいねーー！\"((∩´︶`∩))\"\n\nhttps://t.co/wrxqt9Nk7W","truncated":false,"entities":{"hashtags":[],"symbols":[],"user_mentions":[],"urls":[{"url":"https://t.co/wrxqt9Nk7W","expanded_url":"https://twitter.com/suemitsu/status/883620002980544516","display_url":"twitter.com/suemitsu/statu…","indices":[91,114]}]},"metadata":{"iso_language_code":"ja","result_type":"recent"},"source":"<a href=\"http://twitter.com/download/iphone\" rel=\"nofollow\">Twitter for iPhone</a>","in_reply_to_status_id":null,"in_reply_to_status_id_str":null,"in_reply_to_user_id":null,"in_reply_to_user_id_str":null,"in_reply_to_screen_name":null,"user":{"id":4646635104,"id_str":"4646635104","name":"東啓介","screen_name":"keisuke_higashi","location":"","description":"★公式アカウント★ワタナベエンターテインメント所属。俳優。舞台『刀剣乱舞』義伝 暁の独眼竜 燭台切光忠役","url":"https://t.co/XYMTseTz1d","entities":{"url":{"urls":[{"url":"https://t.co/XYMTseTz1d","expanded_url":"http://www.watanabepro.co.jp/mypage/10000062/","display_url":"watanabepro.co.jp/mypage/1000006…","indices":[0,23]}]},"description":{"urls":[]}},"protected":false,"followers_count":76016,"friends_count":169,"listed_count":3913,"created_at":"Fri Dec 25 02:43:20 +0000 2015","favourites_count":40,"utc_offset":32400,"time_zone":"Tokyo","geo_enabled":true,"verified":true,"statuses_count":1858,"lang":"ja","contributors_enabled":false,"is_translator":false,"is_translation_enabled":false,"profile_background_color":"F5F8FA","profile_background_image_url":null,"profile_background_image_url_https":null,"profile_background_tile":false,"profile_image_url":"http://pbs.twimg.com/profile_images/859289405806317568/JZgvEpj4_normal.jpg","profile_image_url_https":"https://pbs.twimg.com/profile_images/859289405806317568/JZgvEpj4_normal.jpg","profile_banner_url":"https://pbs.twimg.com/profile_banners/4646635104/1485517220","profile_link_color":"1DA1F2","profile_sidebar_border_color":"C0DEED","profile_sidebar_fill_color":"DDEEF6","profile_text_color":"333333","profile_use_background_image":true,"has_extended_profile":true,"default_profile":true,"default_profile_image":false,"following":false,"follow_request_sent":false,"notifications":false,"translator_type":"none"},"geo":null,"coordinates":null,"place":null,"contributors":null,"is_quote_status":true,"quoted_status_id":883620002980544500,"quoted_status_id_str":"883620002980544516","quoted_status":{"created_at":"Sat Jul 08 09:33:20 +0000 2017","id":883620002980544500,"id_str":"883620002980544516","text":"末満健一の幽機交流領域#24『グランギニョル』稽古場より生放送！\nhttps://t.co/HWDybhOBri\n\n7月9日（日）20:30～21:30\n\n『グランギニョル』稽古おわりに生放送。 春林役 東啓介、オズ役 大久保祥太郎をゲストにむかえておおくりします！","truncated":false,"entities":{"hashtags":[],"symbols":[],"user_mentions":[],"urls":[{"url":"https://t.co/HWDybhOBri","expanded_url":"http://nico.ms/lv302307421?ref=sharetw","display_url":"nico.ms/lv302307421?re…","indices":[33,56]}]},"metadata":{"iso_language_code":"ja","result_type":"recent"},"source":"<a href=\"http://twitter.com/download/iphone\" rel=\"nofollow\">Twitter for iPhone</a>","in_reply_to_status_id":null,"in_reply_to_status_id_str":null,"in_reply_to_user_id":null,"in_reply_to_user_id_str":null,"in_reply_to_screen_name":null,"user":{"id":62050688,"id_str":"62050688","name":"末満健一","screen_name":"suemitsu","location":"","description":"【現在地:東京】大阪東京を行ったり来たり。演劇ユニット「ピースピット」主宰。脚本家・演出家・小説家（仮免中）。主な近作『TRUMP』『LILIUM』『SPECTER』『天球儀』他 【今後の予定】アニメ『ボールルームへようこそ』舞台『刀剣乱舞』義伝 暁の独眼竜『グランギニョル』小説『悪辣』不定期連載","url":"https://t.co/EggoO1Vsdc","entities":{"url":{"urls":[{"url":"https://t.co/EggoO1Vsdc","expanded_url":"http://yaplog.jp/suemitsu/","display_url":"yaplog.jp/suemitsu/","indices":[0,23]}]},"description":{"urls":[]}},"protected":false,"followers_count":21012,"friends_count":143,"listed_count":1070,"created_at":"Sat Aug 01 15:09:07 +0000 2009","favourites_count":16,"utc_offset":32400,"time_zone":"Osaka","geo_enabled":false,"verified":false,"statuses_count":17953,"lang":"ja","contributors_enabled":false,"is_translator":false,"is_translation_enabled":false,"profile_background_color":"131516","profile_background_image_url":"http://abs.twimg.com/images/themes/theme14/bg.gif","profile_background_image_url_https":"https://abs.twimg.com/images/themes/theme14/bg.gif","profile_background_tile":true,"profile_image_url":"http://pbs.twimg.com/profile_images/880826084471709696/OHXPXQ34_normal.jpg","profile_image_url_https":"https://pbs.twimg.com/profile_images/880826084471709696/OHXPXQ34_normal.jpg","profile_banner_url":"https://pbs.twimg.com/profile_banners/62050688/1480853331","profile_link_color":"000000","profile_sidebar_border_color":"000000","profile_sidebar_fill_color":"EFEFEF","profile_text_color":"333333","profile_use_background_image":true,"has_extended_profile":true,"default_profile":false,"default_profile_image":false,"following":false,"follow_request_sent":false,"notifications":false,"translator_type":"none"},"geo":null,"coordinates":null,"place":null,"contributors":null,"is_quote_status":false,"retweet_count":331,"favorite_count":336,"favorited":false,"retweeted":false,"possibly_sensitive":false,"lang":"ja"},"retweet_count":64,"favorite_count":212,"favorited":false,"retweeted":false,"possibly_sensitive":false,"lang":"ja"},{"created_at":"Sat Jul 08 13:19:02 +0000 2017","id":883676804006912000,"id_str":"883676804006912002","text":"&lt;（前が見えない.........）","truncated":false,"entities":{"hashtags":[],"symbols":[],"user_mentions":[],"urls":[]},"metadata":{"iso_language_code":"ja","result_type":"recent"},"source":"<a href=\"http://twitter.com/download/iphone\" rel=\"nofollow\">Twitter for iPhone</a>","in_reply_to_status_id":null,"in_reply_to_status_id_str":null,"in_reply_to_user_id":null,"in_reply_to_user_id_str":null,"in_reply_to_screen_name":null,"user":{"id":560213512,"id_str":"560213512","name":"しゆん@すとぷり","screen_name":"shiyun928","location":"","description":"歌う人。 すとぷり▽【@StPri_info】#すとぷり","url":"https://t.co/rjjN9jshiD","entities":{"url":{"urls":[{"url":"https://t.co/rjjN9jshiD","expanded_url":"http://nicovideo.jp/mylist/31063194","display_url":"nicovideo.jp/mylist/31063194","indices":[0,23]}]},"description":{"urls":[]}},"protected":false,"followers_count":27828,"friends_count":189,"listed_count":620,"created_at":"Sun Apr 22 10:50:26 +0000 2012","favourites_count":64493,"utc_offset":-36000,"time_zone":"Hawaii","geo_enabled":true,"verified":false,"statuses_count":62560,"lang":"ja","contributors_enabled":false,"is_translator":false,"is_translation_enabled":false,"profile_background_color":"C0DEED","profile_background_image_url":"http://pbs.twimg.com/profile_background_images/503228246532431872/nII9Gyzf.jpeg","profile_background_image_url_https":"https://pbs.twimg.com/profile_background_images/503228246532431872/nII9Gyzf.jpeg","profile_background_tile":true,"profile_image_url":"http://pbs.twimg.com/profile_images/883667295565774850/GDgMMX1o_normal.jpg","profile_image_url_https":"https://pbs.twimg.com/profile_images/883667295565774850/GDgMMX1o_normal.jpg","profile_banner_url":"https://pbs.twimg.com/profile_banners/560213512/1499517677","profile_link_color":"ABB8C2","profile_sidebar_border_color":"FFFFFF","profile_sidebar_fill_color":"DDEEF6","profile_text_color":"333333","profile_use_background_image":true,"has_extended_profile":true,"default_profile":false,"default_profile_image":false,"following":false,"follow_request_sent":false,"notifications":false,"translator_type":"none"},"geo":null,"coordinates":null,"place":null,"contributors":null,"is_quote_status":false,"retweet_count":136,"favorite_count":721,"favorited":false,"retweeted":false,"lang":"ja"},{"created_at":"Sat Jul 08 13:18:32 +0000 2017","id":883676677938724900,"id_str":"883676677938724866","text":"で、でた～ｗｗｗｗｗｗｗｗｗｗ単に性格が悪いだけなのに「私毒舌なんで～ｗ」とか「俺人の痛がる顔見るの好きなんだよねｗ」とかほざいてただのいやがらせをカッコいいと思い込んでるくせに他人から同じことをされるとブチキレる勘違い自称ドＳ奴～ｗｗｗｗｗｗｗｗｗｗｗｗｗｗｗｗｗｗｗｗｗｗｗｗ","truncated":false,"entities":{"hashtags":[],"symbols":[],"user_mentions":[],"urls":[]},"metadata":{"iso_language_code":"ja","result_type":"recent"},"source":"<a href=\"http://twittbot.net/\" rel=\"nofollow\">twittbot.net</a>","in_reply_to_status_id":null,"in_reply_to_status_id_str":null,"in_reply_to_user_id":null,"in_reply_to_user_id_str":null,"in_reply_to_screen_name":null,"user":{"id":595383148,"id_str":"595383148","name":"奴bot","screen_name":"de_detaawwwww","location":"本物です","description":"なんで私が奴ってるかわかる？ (LINEスタンプ→https://t.co/MfWaUKkmJN) (その他→https://t.co/qYZx8LNf8J)","url":"https://t.co/MnDZDKXSQl","entities":{"url":{"urls":[{"url":"https://t.co/MnDZDKXSQl","expanded_url":"http://twpf.jp/de_detaawwwww","display_url":"twpf.jp/de_detaawwwww","indices":[0,23]}]},"description":{"urls":[{"url":"https://t.co/MfWaUKkmJN","expanded_url":"http://line.me/S/sticker/1208244","display_url":"line.me/S/sticker/1208…","indices":[25,48]},{"url":"https://t.co/qYZx8LNf8J","expanded_url":"http://suzuri.jp/Yakko_Nakano","display_url":"suzuri.jp/Yakko_Nakano","indices":[55,78]}]}},"protected":false,"followers_count":443275,"friends_count":41755,"listed_count":2921,"created_at":"Thu May 31 10:43:02 +0000 2012","favourites_count":0,"utc_offset":28800,"time_zone":"Irkutsk","geo_enabled":false,"verified":false,"statuses_count":49148,"lang":"ja","contributors_enabled":false,"is_translator":false,"is_translation_enabled":false,"profile_background_color":"C0DEED","profile_background_image_url":"http://pbs.twimg.com/profile_background_images/566655568/wcgegrvo1od9huthxn93.jpeg","profile_background_image_url_https":"https://pbs.twimg.com/profile_background_images/566655568/wcgegrvo1od9huthxn93.jpeg","profile_background_tile":true,"profile_image_url":"http://pbs.twimg.com/profile_images/880797528416894977/Q6x-GY55_normal.jpg","profile_image_url_https":"https://pbs.twimg.com/profile_images/880797528416894977/Q6x-GY55_normal.jpg","profile_banner_url":"https://pbs.twimg.com/profile_banners/595383148/1490372269","profile_link_color":"0084B4","profile_sidebar_border_color":"C0DEED","profile_sidebar_fill_color":"DDEEF6","profile_text_color":"333333","profile_use_background_image":true,"has_extended_profile":false,"default_profile":false,"default_profile_image":false,"following":false,"follow_request_sent":false,"notifications":false,"translator_type":"none"},"geo":null,"coordinates":null,"place":null,"contributors":null,"is_quote_status":false,"retweet_count":90,"favorite_count":218,"favorited":false,"retweeted":false,"lang":"ja"},{"created_at":"Sat Jul 08 13:18:31 +0000 2017","id":883676671328624600,"id_str":"883676671328624640","text":"さあ、GENERATIONS LIVEをじっくりと\n味わってください！！\n#AbemaTV\n#土曜よる9時はBPM\nhttps://t.co/DQ4dIbunDX https://t.co/iLwpNcaqgf","truncated":false,"entities":{"hashtags":[{"text":"AbemaTV","indices":[37,45]},{"text":"土曜よる9時はBPM","indices":[46,57]}],"symbols":[],"user_mentions":[],"urls":[{"url":"https://t.co/DQ4dIbunDX","expanded_url":"https://abema.tv/now-on-air/abema-special?slotId=9hKQGa99JpwpLP&utm_source=twitter&utm_medium=social&utm_campaign=feed_tweet","display_url":"abema.tv/now-on-air/abe…","indices":[58,81]}],"media":[{"id":883676656438841300,"id_str":"883676656438841345","indices":[82,105],"media_url":"http://pbs.twimg.com/ext_tw_video_thumb/883676656438841345/pu/img/JYscYETM2h9eruTC.jpg","media_url_https":"https://pbs.twimg.com/ext_tw_video_thumb/883676656438841345/pu/img/JYscYETM2h9eruTC.jpg","url":"https://t.co/iLwpNcaqgf","display_url":"pic.twitter.com/iLwpNcaqgf","expanded_url":"https://twitter.com/EXILETHESECOND_/status/883676671328624640/video/1","type":"photo","sizes":{"large":{"w":854,"h":480,"resize":"fit"},"small":{"w":340,"h":191,"resize":"fit"},"thumb":{"w":150,"h":150,"resize":"crop"},"medium":{"w":600,"h":337,"resize":"fit"}}}]},"extended_entities":{"media":[{"id":883676656438841300,"id_str":"883676656438841345","indices":[82,105],"media_url":"http://pbs.twimg.com/ext_tw_video_thumb/883676656438841345/pu/img/JYscYETM2h9eruTC.jpg","media_url_https":"https://pbs.twimg.com/ext_tw_video_thumb/883676656438841345/pu/img/JYscYETM2h9eruTC.jpg","url":"https://t.co/iLwpNcaqgf","display_url":"pic.twitter.com/iLwpNcaqgf","expanded_url":"https://twitter.com/EXILETHESECOND_/status/883676671328624640/video/1","type":"video","sizes":{"large":{"w":854,"h":480,"resize":"fit"},"small":{"w":340,"h":191,"resize":"fit"},"thumb":{"w":150,"h":150,"resize":"crop"},"medium":{"w":600,"h":337,"resize":"fit"}},"video_info":{"aspect_ratio":[427,240],"duration_millis":10012,"variants":[{"content_type":"application/x-mpegURL","url":"https://video.twimg.com/ext_tw_video/883676656438841345/pu/pl/UwM51YFUf0I5Y9i3.m3u8"},{"bitrate":832000,"content_type":"video/mp4","url":"https://video.twimg.com/ext_tw_video/883676656438841345/pu/vid/640x360/Y24SPHNYys7NT3KO.mp4"},{"bitrate":320000,"content_type":"video/mp4","url":"https://video.twimg.com/ext_tw_video/883676656438841345/pu/vid/320x180/_gWK0zyXzFJC7sZK.mp4"}]},"additional_media_info":{"monetizable":false}}]},"metadata":{"iso_language_code":"ja","result_type":"recent"},"source":"<a href=\"https://abema.tv\" rel=\"nofollow\">AbemaTV</a>","in_reply_to_status_id":null,"in_reply_to_status_id_str":null,"in_reply_to_user_id":null,"in_reply_to_user_id_str":null,"in_reply_to_screen_name":null,"user":{"id":737902809526489100,"id_str":"737902809526489088","name":"EXILE THE SECOND","screen_name":"EXILETHESECOND_","location":"","description":"EXILE THE SECOND 公式Twitter ■EX FAMILY: https://t.co/gySrFDAcTS ■EXILE mobile: https://t.co/VmIqdKKSPu ■公式Facebook: https://t.co/AWa27z2Ybj","url":"https://t.co/WbZXyzY1Jg","entities":{"url":{"urls":[{"url":"https://t.co/WbZXyzY1Jg","expanded_url":"http://t-second.jp/","display_url":"t-second.jp","indices":[0,23]}]},"description":{"urls":[{"url":"https://t.co/gySrFDAcTS","expanded_url":"https://exfamily.jp/","display_url":"exfamily.jp","indices":[39,62]},{"url":"https://t.co/VmIqdKKSPu","expanded_url":"http://m.ex-m.jp/","display_url":"m.ex-m.jp","indices":[78,101]},{"url":"https://t.co/AWa27z2Ybj","expanded_url":"https://www.facebook.com/TheSecondFromExile","display_url":"facebook.com/TheSecondFromE…","indices":[115,138]}]}},"protected":false,"followers_count":323669,"friends_count":33,"listed_count":858,"created_at":"Wed Jun 01 07:05:14 +0000 2016","favourites_count":91,"utc_offset":-25200,"time_zone":"Pacific Time (US & Canada)","geo_enabled":false,"verified":true,"statuses_count":566,"lang":"ja","contributors_enabled":false,"is_translator":false,"is_translation_enabled":false,"profile_background_color":"F5F8FA","profile_background_image_url":null,"profile_background_image_url_https":null,"profile_background_tile":false,"profile_image_url":"http://pbs.twimg.com/profile_images/738319526337470465/tURkTSKx_normal.jpg","profile_image_url_https":"https://pbs.twimg.com/profile_images/738319526337470465/tURkTSKx_normal.jpg","profile_banner_url":"https://pbs.twimg.com/profile_banners/737902809526489088/1496026807","profile_link_color":"1DA1F2","profile_sidebar_border_color":"C0DEED","profile_sidebar_fill_color":"DDEEF6","profile_text_color":"333333","profile_use_background_image":true,"has_extended_profile":false,"default_profile":true,"default_profile_image":false,"following":false,"follow_request_sent":false,"notifications":false,"translator_type":"none"},"geo":null,"coordinates":null,"place":null,"contributors":null,"is_quote_status":false,"retweet_count":115,"favorite_count":807,"favorited":false,"retweeted":false,"possibly_sensitive":false,"lang":"ja"},{"created_at":"Sat Jul 08 13:18:03 +0000 2017","id":883676556161294300,"id_str":"883676556161294336","text":"おつかれさんでしたー！\n\nたのしかったー！\n\n#すとぷり","truncated":false,"entities":{"hashtags":[{"text":"すとぷり","indices":[23,28]}],"symbols":[],"user_mentions":[],"urls":[]},"metadata":{"iso_language_code":"ja","result_type":"recent"},"source":"<a href=\"http://twitter.com/download/iphone\" rel=\"nofollow\">Twitter for iPhone</a>","in_reply_to_status_id":null,"in_reply_to_status_id_str":null,"in_reply_to_user_id":null,"in_reply_to_user_id_str":null,"in_reply_to_screen_name":null,"user":{"id":4643388386,"id_str":"4643388386","name":"さとみ@すとぷり","screen_name":"satoniya_","location":"Mail:satoniya0@gmail.com","description":"歌ったり芝居したりゲームしたり！よろしくおねがいします\\(´O`/)°゜ﾟ youtube【https://t.co/GDq3S2CAks】 歌ってみた【https://t.co/6CTR9PtpAE 】 サブ垢【@satomimi__】すとぷり【@StPri_info】","url":"https://t.co/w0EkWUZ8rA","entities":{"url":{"urls":[{"url":"https://t.co/w0EkWUZ8rA","expanded_url":"http://twitcasting.tv/c:satoniya_","display_url":"twitcasting.tv/c:satoniya_","indices":[0,23]}]},"description":{"urls":[{"url":"https://t.co/GDq3S2CAks","expanded_url":"http://goo.gl/jEIETd","display_url":"goo.gl/jEIETd","indices":[46,69]},{"url":"https://t.co/6CTR9PtpAE","expanded_url":"http://goo.gl/y3LUjm","display_url":"goo.gl/y3LUjm","indices":[77,100]}]}},"protected":false,"followers_count":32472,"friends_count":148,"listed_count":610,"created_at":"Thu Dec 24 13:17:34 +0000 2015","favourites_count":21117,"utc_offset":32400,"time_zone":"Tokyo","geo_enabled":false,"verified":false,"statuses_count":457,"lang":"ja","contributors_enabled":false,"is_translator":false,"is_translation_enabled":false,"profile_background_color":"000000","profile_background_image_url":"http://abs.twimg.com/images/themes/theme1/bg.png","profile_background_image_url_https":"https://abs.twimg.com/images/themes/theme1/bg.png","profile_background_tile":false,"profile_image_url":"http://pbs.twimg.com/profile_images/883667201772838912/hFfP4Urt_normal.jpg","profile_image_url_https":"https://pbs.twimg.com/profile_images/883667201772838912/hFfP4Urt_normal.jpg","profile_banner_url":"https://pbs.twimg.com/profile_banners/4643388386/1488075370","profile_link_color":"F58EA8","profile_sidebar_border_color":"000000","profile_sidebar_fill_color":"000000","profile_text_color":"000000","profile_use_background_image":false,"has_extended_profile":true,"default_profile":false,"default_profile_image":false,"following":false,"follow_request_sent":false,"notifications":false,"translator_type":"none"},"geo":null,"coordinates":null,"place":null,"contributors":null,"is_quote_status":false,"retweet_count":144,"favorite_count":924,"favorited":false,"retweeted":false,"lang":"ja"},{"created_at":"Sat Jul 08 13:17:55 +0000 2017","id":883676521457606700,"id_str":"883676521457606658","text":"小森隼とのおいしいコーヒーの淹れ方対決。\n#ケイジのbpm \n#bpm名場面 https://t.co/ak6Q5PwDxu","truncated":false,"entities":{"hashtags":[{"text":"ケイジのbpm","indices":[21,29]},{"text":"bpm名場面","indices":[31,38]}],"symbols":[],"user_mentions":[],"urls":[],"media":[{"id":883676512179765200,"id_str":"883676512179765250","indices":[39,62],"media_url":"http://pbs.twimg.com/media/DENzGxzUwAIIfrT.jpg","media_url_https":"https://pbs.twimg.com/media/DENzGxzUwAIIfrT.jpg","url":"https://t.co/ak6Q5PwDxu","display_url":"pic.twitter.com/ak6Q5PwDxu","expanded_url":"https://twitter.com/1ASIA9WORLDS/status/883676521457606658/photo/1","type":"photo","sizes":{"small":{"w":680,"h":453,"resize":"fit"},"large":{"w":1568,"h":1044,"resize":"fit"},"thumb":{"w":150,"h":150,"resize":"crop"},"medium":{"w":1200,"h":799,"resize":"fit"}}}]},"extended_entities":{"media":[{"id":883676512179765200,"id_str":"883676512179765250","indices":[39,62],"media_url":"http://pbs.twimg.com/media/DENzGxzUwAIIfrT.jpg","media_url_https":"https://pbs.twimg.com/media/DENzGxzUwAIIfrT.jpg","url":"https://t.co/ak6Q5PwDxu","display_url":"pic.twitter.com/ak6Q5PwDxu","expanded_url":"https://twitter.com/1ASIA9WORLDS/status/883676521457606658/photo/1","type":"photo","sizes":{"small":{"w":680,"h":453,"resize":"fit"},"large":{"w":1568,"h":1044,"resize":"fit"},"thumb":{"w":150,"h":150,"resize":"crop"},"medium":{"w":1200,"h":799,"resize":"fit"}}}]},"metadata":{"iso_language_code":"ja","result_type":"recent"},"source":"<a href=\"http://twitter.com/download/iphone\" rel=\"nofollow\">Twitter for iPhone</a>","in_reply_to_status_id":null,"in_reply_to_status_id_str":null,"in_reply_to_user_id":null,"in_reply_to_user_id_str":null,"in_reply_to_screen_name":null,"user":{"id":745203483465285600,"id_str":"745203483465285632","name":"THE NINE WORLDS 公式","screen_name":"1ASIA9WORLDS","location":"","description":"黒木啓司(EXILE / EXILE THE SECOND)が九州を軸にエンタテインメントを発信していくプロジェクトTHE NINE WORLDS🌍🎶AbemaTV bpmにて毎週21:00〜O.A‼︎","url":null,"entities":{"description":{"urls":[]}},"protected":false,"followers_count":31722,"friends_count":42,"listed_count":96,"created_at":"Tue Jun 21 10:35:30 +0000 2016","favourites_count":57,"utc_offset":null,"time_zone":null,"geo_enabled":true,"verified":false,"statuses_count":402,"lang":"ja","contributors_enabled":false,"is_translator":false,"is_translation_enabled":false,"profile_background_color":"F5F8FA","profile_background_image_url":null,"profile_background_image_url_https":null,"profile_background_tile":false,"profile_image_url":"http://pbs.twimg.com/profile_images/828949346427162624/5EMIcTkh_normal.jpg","profile_image_url_https":"https://pbs.twimg.com/profile_images/828949346427162624/5EMIcTkh_normal.jpg","profile_banner_url":"https://pbs.twimg.com/profile_banners/745203483465285632/1487861217","profile_link_color":"1DA1F2","profile_sidebar_border_color":"C0DEED","profile_sidebar_fill_color":"DDEEF6","profile_text_color":"333333","profile_use_background_image":true,"has_extended_profile":false,"default_profile":true,"default_profile_image":false,"following":false,"follow_request_sent":false,"notifications":false,"translator_type":"none"},"geo":null,"coordinates":null,"place":null,"contributors":null,"is_quote_status":false,"retweet_count":58,"favorite_count":330,"favorited":false,"retweeted":false,"possibly_sensitive":false,"lang":"ja"},{"created_at":"Sat Jul 08 13:17:47 +0000 2017","id":883676487978696700,"id_str":"883676487978696704","text":"松島「Yeah! Put your hands up!」\n菊池「……。（ガン無視）」 #nhkらじらー","truncated":false,"entities":{"hashtags":[{"text":"nhkらじらー","indices":[43,51]}],"symbols":[],"user_mentions":[],"urls":[]},"metadata":{"iso_language_code":"ja","result_type":"recent"},"source":"<a href=\"http://www.nhk.or.jp/\" rel=\"nofollow\">NHK</a>","in_reply_to_status_id":null,"in_reply_to_status_id_str":null,"in_reply_to_user_id":null,"in_reply_to_user_id_str":null,"in_reply_to_screen_name":null,"user":{"id":505321772,"id_str":"505321772","name":"らじらー！","screen_name":"nhk_radirer","location":"東京都渋谷区","description":"土曜20時～Hey! Say! JUMP八乙女光・伊野尾慧、ジャニーズJr.安井謙太郎・髙橋優斗、Sexy Zone、日曜21時～オリラジ中田敦彦・藤森慎吾、隔週で乃木坂46、SKE48▼利用規約→http://t.co/Q11WanxIUh　フォローの考え方→https://t.co/8lVsvM27YP","url":"http://t.co/LsT5Uxt5e2","entities":{"url":{"urls":[{"url":"http://t.co/LsT5Uxt5e2","expanded_url":"http://www.nhk.or.jp/radirer/","display_url":"nhk.or.jp/radirer/","indices":[0,22]}]},"description":{"urls":[{"url":"http://t.co/Q11WanxIUh","expanded_url":"http://nhk.jp/rules","display_url":"nhk.jp/rules","indices":[99,121]},{"url":"https://t.co/8lVsvM27YP","expanded_url":"http://nhk.jp/tw_f","display_url":"nhk.jp/tw_f","indices":[131,154]}]}},"protected":false,"followers_count":146510,"friends_count":4,"listed_count":695,"created_at":"Mon Feb 27 02:46:21 +0000 2012","favourites_count":0,"utc_offset":32400,"time_zone":"Tokyo","geo_enabled":false,"verified":true,"statuses_count":42321,"lang":"ja","contributors_enabled":false,"is_translator":false,"is_translation_enabled":true,"profile_background_color":"C0DEED","profile_background_image_url":"http://pbs.twimg.com/profile_background_images/882475858383863808/G0cxdhhJ.jpg","profile_background_image_url_https":"https://pbs.twimg.com/profile_background_images/882475858383863808/G0cxdhhJ.jpg","profile_background_tile":true,"profile_image_url":"http://pbs.twimg.com/profile_images/583186882583887872/nN-8FedV_normal.jpg","profile_image_url_https":"https://pbs.twimg.com/profile_images/583186882583887872/nN-8FedV_normal.jpg","profile_link_color":"0084B4","profile_sidebar_border_color":"C0DEED","profile_sidebar_fill_color":"DDEEF6","profile_text_color":"333333","profile_use_background_image":true,"has_extended_profile":false,"default_profile":false,"default_profile_image":false,"following":false,"follow_request_sent":false,"notifications":false,"translator_type":"none"},"geo":null,"coordinates":null,"place":null,"contributors":null,"is_quote_status":false,"retweet_count":123,"favorite_count":378,"favorited":false,"retweeted":false,"lang":"ja"},{"created_at":"Sat Jul 08 13:17:20 +0000 2017","id":883676377064407000,"id_str":"883676377064407041","text":"最高の記事だし、どこの部分かは敢えて言わないけど、こうありたいと本当思ったり、フィールする部分大きかったり、全HIPHOPファン、音楽ファン必見の記事だと思う。 https://t.co/pNdYVlJRL9","truncated":false,"entities":{"hashtags":[],"symbols":[],"user_mentions":[],"urls":[{"url":"https://t.co/pNdYVlJRL9","expanded_url":"https://twitter.com/miyearnzz/status/882608177262374913","display_url":"twitter.com/miyearnzz/stat…","indices":[81,104]}]},"metadata":{"iso_language_code":"ja","result_type":"recent"},"source":"<a href=\"http://tapbots.com/tweetbot\" rel=\"nofollow\">Tweetbot for iΟS</a>","in_reply_to_status_id":null,"in_reply_to_status_id_str":null,"in_reply_to_user_id":null,"in_reply_to_user_id_str":null,"in_reply_to_screen_name":null,"user":{"id":94356139,"id_str":"94356139","name":"SKY-HI（AAA日高光啓）","screen_name":"SkyHidaka","location":"TOKYO","description":"SKY-HI Rapper Singer Producer 日高光啓 AAA BULLMOOSE JPN","url":"https://t.co/ybpbYst0Un","entities":{"url":{"urls":[{"url":"https://t.co/ybpbYst0Un","expanded_url":"https://www.instagram.com/skyhidaka/?hl=ja","display_url":"instagram.com/skyhidaka/?hl=…","indices":[0,23]}]},"description":{"urls":[]}},"protected":false,"followers_count":699456,"friends_count":1353,"listed_count":5633,"created_at":"Thu Dec 03 15:57:18 +0000 2009","favourites_count":3323,"utc_offset":32400,"time_zone":"Tokyo","geo_enabled":false,"verified":true,"statuses_count":36678,"lang":"ja","contributors_enabled":false,"is_translator":false,"is_translation_enabled":false,"profile_background_color":"BF1238","profile_background_image_url":"http://abs.twimg.com/images/themes/theme20/bg.png","profile_background_image_url_https":"https://abs.twimg.com/images/themes/theme20/bg.png","profile_background_tile":false,"profile_image_url":"http://pbs.twimg.com/profile_images/857938333145616384/4NSssIhj_normal.jpg","profile_image_url_https":"https://pbs.twimg.com/profile_images/857938333145616384/4NSssIhj_normal.jpg","profile_banner_url":"https://pbs.twimg.com/profile_banners/94356139/1493916478","profile_link_color":"BF1238","profile_sidebar_border_color":"FFFFFF","profile_sidebar_fill_color":"EFEFEF","profile_text_color":"333333","profile_use_background_image":true,"has_extended_profile":false,"default_profile":false,"default_profile_image":false,"following":false,"follow_request_sent":false,"notifications":false,"translator_type":"none"},"geo":null,"coordinates":null,"place":null,"contributors":null,"is_quote_status":true,"quoted_status_id":882608177262374900,"quoted_status_id_str":"882608177262374913","quoted_status":{"created_at":"Wed Jul 05 14:32:42 +0000 2017","id":882608177262374900,"id_str":"882608177262374913","text":"渡辺志保　Jay-Z『4:44』徹底解説 https://t.co/4ddwc2A2ic\n超長いけど全ヒップホップファン必見！　志保さんもジェイ・Zもすごいよ！","truncated":false,"entities":{"hashtags":[],"symbols":[],"user_mentions":[],"urls":[{"url":"https://t.co/4ddwc2A2ic","expanded_url":"http://miyearnzzlabo.com/archives/44089","display_url":"miyearnzzlabo.com/archives/44089","indices":[21,44]}]},"metadata":{"iso_language_code":"ja","result_type":"recent"},"source":"<a href=\"http://twitter.com\" rel=\"nofollow\">Twitter Web Client</a>","in_reply_to_status_id":null,"in_reply_to_status_id_str":null,"in_reply_to_user_id":null,"in_reply_to_user_id_str":null,"in_reply_to_screen_name":null,"user":{"id":42836430,"id_str":"42836430","name":"みやーんZZ","screen_name":"miyearnzz","location":"横浜スタジアム","description":"ポンセじゃないよ！ミヤーンだよ！","url":"http://t.co/FjrucGQk4Q","entities":{"url":{"urls":[{"url":"http://t.co/FjrucGQk4Q","expanded_url":"http://miyearnzzlabo.com/","display_url":"miyearnzzlabo.com","indices":[0,22]}]},"description":{"urls":[]}},"protected":false,"followers_count":5757,"friends_count":1121,"listed_count":198,"created_at":"Wed May 27 07:23:09 +0000 2009","favourites_count":8966,"utc_offset":32400,"time_zone":"Tokyo","geo_enabled":false,"verified":false,"statuses_count":105152,"lang":"ja","contributors_enabled":false,"is_translator":false,"is_translation_enabled":false,"profile_background_color":"C0DEED","profile_background_image_url":"http://pbs.twimg.com/profile_background_images/320832615/Ci110829003703.jpg","profile_background_image_url_https":"https://pbs.twimg.com/profile_background_images/320832615/Ci110829003703.jpg","profile_background_tile":true,"profile_image_url":"http://pbs.twimg.com/profile_images/643682424/90f1540c_normal.jpg","profile_image_url_https":"https://pbs.twimg.com/profile_images/643682424/90f1540c_normal.jpg","profile_banner_url":"https://pbs.twimg.com/profile_banners/42836430/1394710282","profile_link_color":"0084B4","profile_sidebar_border_color":"C0DEED","profile_sidebar_fill_color":"DDEEF6","profile_text_color":"333333","profile_use_background_image":true,"has_extended_profile":false,"default_profile":false,"default_profile_image":false,"following":false,"follow_request_sent":false,"notifications":false,"translator_type":"none"},"geo":null,"coordinates":null,"place":null,"contributors":null,"is_quote_status":false,"retweet_count":66,"favorite_count":298,"favorited":false,"retweeted":false,"possibly_sensitive":false,"lang":"ja"},"retweet_count":125,"favorite_count":1369,"favorited":false,"retweeted":false,"possibly_sensitive":false,"lang":"ja"},{"created_at":"Sat Jul 08 13:17:08 +0000 2017","id":883676324212035600,"id_str":"883676324212035585","text":"抗う事など微塵も出来まい https://t.co/kZjUkjIW7R","truncated":false,"entities":{"hashtags":[],"symbols":[],"user_mentions":[],"urls":[],"media":[{"id":883676259628142600,"id_str":"883676259628142592","indices":[13,36],"media_url":"http://pbs.twimg.com/media/DENy4E-U0AAYup8.jpg","media_url_https":"https://pbs.twimg.com/media/DENy4E-U0AAYup8.jpg","url":"https://t.co/kZjUkjIW7R","display_url":"pic.twitter.com/kZjUkjIW7R","expanded_url":"https://twitter.com/isaac963mi/status/883676324212035585/photo/1","type":"photo","sizes":{"medium":{"w":823,"h":1200,"resize":"fit"},"small":{"w":466,"h":680,"resize":"fit"},"thumb":{"w":150,"h":150,"resize":"crop"},"large":{"w":1000,"h":1458,"resize":"fit"}}}]},"extended_entities":{"media":[{"id":883676259628142600,"id_str":"883676259628142592","indices":[13,36],"media_url":"http://pbs.twimg.com/media/DENy4E-U0AAYup8.jpg","media_url_https":"https://pbs.twimg.com/media/DENy4E-U0AAYup8.jpg","url":"https://t.co/kZjUkjIW7R","display_url":"pic.twitter.com/kZjUkjIW7R","expanded_url":"https://twitter.com/isaac963mi/status/883676324212035585/photo/1","type":"photo","sizes":{"medium":{"w":823,"h":1200,"resize":"fit"},"small":{"w":466,"h":680,"resize":"fit"},"thumb":{"w":150,"h":150,"resize":"crop"},"large":{"w":1000,"h":1458,"resize":"fit"}}}]},"metadata":{"iso_language_code":"ja","result_type":"recent"},"source":"<a href=\"http://twitter.com/download/iphone\" rel=\"nofollow\">Twitter for iPhone</a>","in_reply_to_status_id":null,"in_reply_to_status_id_str":null,"in_reply_to_user_id":null,"in_reply_to_user_id_str":null,"in_reply_to_screen_name":null,"user":{"id":727454687612407800,"id_str":"727454687612407808","name":"まるえり","screen_name":"isaac963mi","location":"ザンジバーランド","description":"女の子とイケメンロボが主食 ※イラスト無断転載禁止です","url":null,"entities":{"description":{"urls":[]}},"protected":false,"followers_count":3109,"friends_count":437,"listed_count":105,"created_at":"Tue May 03 11:08:07 +0000 2016","favourites_count":12618,"utc_offset":-25200,"time_zone":"Pacific Time (US & Canada)","geo_enabled":false,"verified":false,"statuses_count":6091,"lang":"ja","contributors_enabled":false,"is_translator":false,"is_translation_enabled":false,"profile_background_color":"F5F8FA","profile_background_image_url":null,"profile_background_image_url_https":null,"profile_background_tile":false,"profile_image_url":"http://pbs.twimg.com/profile_images/877178356751409152/8s9wMHHU_normal.jpg","profile_image_url_https":"https://pbs.twimg.com/profile_images/877178356751409152/8s9wMHHU_normal.jpg","profile_banner_url":"https://pbs.twimg.com/profile_banners/727454687612407808/1499329676","profile_link_color":"1DA1F2","profile_sidebar_border_color":"C0DEED","profile_sidebar_fill_color":"DDEEF6","profile_text_color":"333333","profile_use_background_image":true,"has_extended_profile":true,"default_profile":true,"default_profile_image":false,"following":false,"follow_request_sent":false,"notifications":false,"translator_type":"none"},"geo":null,"coordinates":null,"place":null,"contributors":null,"is_quote_status":false,"retweet_count":67,"favorite_count":102,"favorited":false,"retweeted":false,"possibly_sensitive":false,"lang":"ja"},{"created_at":"Sat Jul 08 13:16:47 +0000 2017","id":883676235162730500,"id_str":"883676235162730496","text":"SMTOWN in ソウル\n\nセフンくん 記者写真 https://t.co/MB7bZEhlAf","truncated":false,"entities":{"hashtags":[],"symbols":[],"user_mentions":[],"urls":[],"media":[{"id":883676227944431600,"id_str":"883676227944431619","indices":[26,49],"media_url":"http://pbs.twimg.com/media/DENy2O8VwAMj7c1.jpg","media_url_https":"https://pbs.twimg.com/media/DENy2O8VwAMj7c1.jpg","url":"https://t.co/MB7bZEhlAf","display_url":"pic.twitter.com/MB7bZEhlAf","expanded_url":"https://twitter.com/dk_jred/status/883676235162730496/photo/1","type":"photo","sizes":{"thumb":{"w":150,"h":150,"resize":"crop"},"large":{"w":550,"h":804,"resize":"fit"},"small":{"w":465,"h":680,"resize":"fit"},"medium":{"w":550,"h":804,"resize":"fit"}}}]},"extended_entities":{"media":[{"id":883676227944431600,"id_str":"883676227944431619","indices":[26,49],"media_url":"http://pbs.twimg.com/media/DENy2O8VwAMj7c1.jpg","media_url_https":"https://pbs.twimg.com/media/DENy2O8VwAMj7c1.jpg","url":"https://t.co/MB7bZEhlAf","display_url":"pic.twitter.com/MB7bZEhlAf","expanded_url":"https://twitter.com/dk_jred/status/883676235162730496/photo/1","type":"photo","sizes":{"thumb":{"w":150,"h":150,"resize":"crop"},"large":{"w":550,"h":804,"resize":"fit"},"small":{"w":465,"h":680,"resize":"fit"},"medium":{"w":550,"h":804,"resize":"fit"}}},{"id":883676227780755500,"id_str":"883676227780755456","indices":[26,49],"media_url":"http://pbs.twimg.com/media/DENy2OVUQAAMUhv.jpg","media_url_https":"https://pbs.twimg.com/media/DENy2OVUQAAMUhv.jpg","url":"https://t.co/MB7bZEhlAf","display_url":"pic.twitter.com/MB7bZEhlAf","expanded_url":"https://twitter.com/dk_jred/status/883676235162730496/photo/1","type":"photo","sizes":{"thumb":{"w":150,"h":150,"resize":"crop"},"small":{"w":550,"h":406,"resize":"fit"},"large":{"w":550,"h":406,"resize":"fit"},"medium":{"w":550,"h":406,"resize":"fit"}}}]},"metadata":{"iso_language_code":"ja","result_type":"recent"},"source":"<a href=\"http://twitter.com/download/iphone\" rel=\"nofollow\">Twitter for iPhone</a>","in_reply_to_status_id":null,"in_reply_to_status_id_str":null,"in_reply_to_user_id":null,"in_reply_to_user_id_str":null,"in_reply_to_screen_name":null,"user":{"id":2285151866,"id_str":"2285151866","name":"大韓村民国_てぐ_","screen_name":"dk_jred","location":"","description":"@weareoneEXO","url":null,"entities":{"description":{"urls":[]}},"protected":false,"followers_count":82233,"friends_count":14,"listed_count":284,"created_at":"Fri Jan 10 14:07:19 +0000 2014","favourites_count":4315,"utc_offset":null,"time_zone":null,"geo_enabled":false,"verified":false,"statuses_count":28831,"lang":"ja","contributors_enabled":false,"is_translator":false,"is_translation_enabled":false,"profile_background_color":"C0DEED","profile_background_image_url":"http://abs.twimg.com/images/themes/theme1/bg.png","profile_background_image_url_https":"https://abs.twimg.com/images/themes/theme1/bg.png","profile_background_tile":false,"profile_image_url":"http://pbs.twimg.com/profile_images/837711012866351106/HVYqjavZ_normal.jpg","profile_image_url_https":"https://pbs.twimg.com/profile_images/837711012866351106/HVYqjavZ_normal.jpg","profile_banner_url":"https://pbs.twimg.com/profile_banners/2285151866/1468816939","profile_link_color":"1DA1F2","profile_sidebar_border_color":"C0DEED","profile_sidebar_fill_color":"DDEEF6","profile_text_color":"333333","profile_use_background_image":true,"has_extended_profile":false,"default_profile":true,"default_profile_image":false,"following":false,"follow_request_sent":false,"notifications":false,"translator_type":"none"},"geo":null,"coordinates":null,"place":null,"contributors":null,"is_quote_status":false,"retweet_count":76,"favorite_count":180,"favorited":false,"retweeted":false,"possibly_sensitive":false,"lang":"ja"},{"created_at":"Sat Jul 08 13:16:41 +0000 2017","id":883676210743566300,"id_str":"883676210743566337","text":"7/8\n\n東京グローブ座\n\nあんちゃん\n\n主演\n北山宏光\n\n見学\n\n宮近海斗","truncated":false,"entities":{"hashtags":[],"symbols":[],"user_mentions":[],"urls":[]},"metadata":{"iso_language_code":"ja","result_type":"recent"},"source":"<a href=\"http://twitter.com/download/iphone\" rel=\"nofollow\">Twitter for iPhone</a>","in_reply_to_status_id":null,"in_reply_to_status_id_str":null,"in_reply_to_user_id":null,"in_reply_to_user_id_str":null,"in_reply_to_screen_name":null,"user":{"id":848909052008554500,"id_str":"848909052008554496","name":"ジャニーズ遭遇情報","screen_name":"js4662","location":"","description":"情報はDMにいただけると気付きやすいです。","url":null,"entities":{"description":{"urls":[]}},"protected":false,"followers_count":137256,"friends_count":0,"listed_count":229,"created_at":"Mon Apr 03 14:44:24 +0000 2017","favourites_count":244,"utc_offset":null,"time_zone":null,"geo_enabled":false,"verified":false,"statuses_count":1132,"lang":"ja","contributors_enabled":false,"is_translator":false,"is_translation_enabled":false,"profile_background_color":"F5F8FA","profile_background_image_url":null,"profile_background_image_url_https":null,"profile_background_tile":false,"profile_image_url":"http://pbs.twimg.com/profile_images/848911931956019204/fwwY30IV_normal.jpg","profile_image_url_https":"https://pbs.twimg.com/profile_images/848911931956019204/fwwY30IV_normal.jpg","profile_link_color":"1DA1F2","profile_sidebar_border_color":"C0DEED","profile_sidebar_fill_color":"DDEEF6","profile_text_color":"333333","profile_use_background_image":true,"has_extended_profile":false,"default_profile":true,"default_profile_image":false,"following":false,"follow_request_sent":false,"notifications":false,"translator_type":"none"},"geo":null,"coordinates":null,"place":null,"contributors":null,"is_quote_status":false,"retweet_count":110,"favorite_count":609,"favorited":false,"retweeted":false,"lang":"ja"}],"search_metadata":{"completed_in":0.053,"max_id":883677325858021400,"max_id_str":"883677325858021376","next_results":"?max_id=883676210743566336&q=lang%3Aja%20min_retweets%3A50&include_entities=1","query":"lang%3Aja+min_retweets%3A50","refresh_url":"?since_id=883677325858021376&q=lang%3Aja%20min_retweets%3A50&include_entities=1","count":15,"since_id":0,"since_id_str":"0"}}