{"statuses":[{"created_at":"Sat Jul 08 03:36:45 +0000 2017","id":883530265351430100,"id_str":"883530265351430144","text":"“Re:CREATORS”本日の放送から新オープニングSawanoHiroyuki[nZk]:Tielle&amp;Gemie「sh0ut」になります。同曲も収録のシングル「gravityWall / sh0ut」発売中です！byStaff https://t.co/51x6Rld4GC","truncated":false,"entities":{"hashtags":[],"symbols":[],"user_mentions":[],"urls":[{"url":"https://t.co/51x6Rld4GC","expanded_url":"https://www.youtube.com/watch?v=SEoUQdkGnQc","display_url":"youtube.com/watch?v=SEoUQd…","indices":[121,144]}]},"metadata":{"iso_language_code":"ja","result_type":"recent"},"source":"<a href=\"http://twitter.com\" rel=\"nofollow\">Twitter Web Client</a>","in_reply_to_status_id":null,"in_reply_to_status_id_str":null,"in_reply_to_user_id":null,"in_reply_to_user_id_str":null,"in_reply_to_screen_name":null,"user":{"id":1227471050,"id_str":"1227471050","name":"澤野弘之 [nZk]","screen_name":"sawano_nZk","location":"東京都","description":"作曲家・澤野弘之公式Twitter 澤野とスタッフが適当につぶやきます。 主な作品：機動戦士ガンダムUC、進撃の巨人、アルドノア・ゼロ、青の祓魔師、キルラキル、医龍、魔王etc.。2014年春よりボーカルプロジェクトSawanoHiroyuki[nZk]が始動 https://t.co/egnnK3jhHh","url":"https://t.co/iWmVNxT7o6","entities":{"url":{"urls":[{"url":"https://t.co/iWmVNxT7o6","expanded_url":"http://sawanohiroyuki.com","display_url":"sawanohiroyuki.com","indices":[0,23]}]},"description":{"urls":[{"url":"https://t.co/egnnK3jhHh","expanded_url":"http://www.sh-nzk.net","display_url":"sh-nzk.net","indices":[131,154]}]}},"protected":false,"followers_count":104937,"friends_count":34,"listed_count":1654,"created_at":"Thu Feb 28 12:42:08 +0000 2013","favourites_count":0,"utc_offset":28800,"time_zone":"Irkutsk","geo_enabled":false,"verified":false,"statuses_count":1847,"lang":"ja","contributors_enabled":false,"is_translator":false,"is_translation_enabled":false,"profile_background_color":"131516","profile_background_image_url":"http://abs.twimg.com/images/themes/theme14/bg.gif","profile_background_image_url_https":"https://abs.twimg.com/images/themes/theme14/bg.gif","profile_background_tile":true,"profile_image_url":"http://pbs.twimg.com/profile_images/880804820440891392/FfSkvVH-_normal.jpg","profile_image_url_https":"https://pbs.twimg.com/profile_images/880804820440891392/FfSkvVH-_normal.jpg","profile_banner_url":"https://pbs.twimg.com/profile_banners/1227471050/1498835883","profile_link_color":"009999","profile_sidebar_border_color":"EEEEEE","profile_sidebar_fill_color":"EFEFEF","profile_text_color":"333333","profile_use_background_image":true,"has_extended_profile":false,"default_profile":false,"default_profile_image":false,"following":false,"follow_request_sent":false,"notifications":false,"translator_type":"none"},"geo":null,"coordinates":null,"place":null,"contributors":null,"is_quote_status":false,"retweet_count":49,"favorite_count":69,"favorited":false,"retweeted":false,"possibly_sensitive":false,"lang":"ja"},{"created_at":"Sat Jul 08 03:35:54 +0000 2017","id":883530051672621000,"id_str":"883530051672621060","text":"インスタ連投しました📷\n\nNG集おもしろいです。\nぜひお暇な方ご覧ください。笑\n\nhttps://t.co/FKDNyRuCCa","truncated":false,"entities":{"hashtags":[],"symbols":[],"user_mentions":[],"urls":[{"url":"https://t.co/FKDNyRuCCa","expanded_url":"https://www.instagram.com/rina_kawaei.official/","display_url":"instagram.com/rina_kawaei.of…","indices":[41,64]}]},"metadata":{"iso_language_code":"ja","result_type":"recent"},"source":"<a href=\"http://twitter.com/download/iphone\" rel=\"nofollow\">Twitter for iPhone</a>","in_reply_to_status_id":null,"in_reply_to_status_id_str":null,"in_reply_to_user_id":null,"in_reply_to_user_id_str":null,"in_reply_to_screen_name":null,"user":{"id":3318341893,"id_str":"3318341893","name":"川栄李奈","screen_name":"_kawaei_rina_","location":"","description":"僕たちがやりました7月18日火曜21:00〜/NHK土曜時代ドラマ「アシガール」9月23日スタート/映画「亜人」9月30日公開/映画「プリンシパル」2018年公開/映画「嘘を愛する女」2018年公開","url":"https://t.co/IbSdVXZ86j","entities":{"url":{"urls":[{"url":"https://t.co/IbSdVXZ86j","expanded_url":"http://Instagram.com/rina_kawaei.official","display_url":"Instagram.com/rina_kawaei.of…","indices":[0,23]}]},"description":{"urls":[]}},"protected":false,"followers_count":380199,"friends_count":131,"listed_count":2484,"created_at":"Tue Aug 18 03:34:36 +0000 2015","favourites_count":38,"utc_offset":32400,"time_zone":"Tokyo","geo_enabled":true,"verified":true,"statuses_count":717,"lang":"ja","contributors_enabled":false,"is_translator":false,"is_translation_enabled":false,"profile_background_color":"C0DEED","profile_background_image_url":"http://abs.twimg.com/images/themes/theme1/bg.png","profile_background_image_url_https":"https://abs.twimg.com/images/themes/theme1/bg.png","profile_background_tile":false,"profile_image_url":"http://pbs.twimg.com/profile_images/864179068337479680/2ttgwHgQ_normal.jpg","profile_image_url_https":"https://pbs.twimg.com/profile_images/864179068337479680/2ttgwHgQ_normal.jpg","profile_banner_url":"https://pbs.twimg.com/profile_banners/3318341893/1494870963","profile_link_color":"1DA1F2","profile_sidebar_border_color":"C0DEED","profile_sidebar_fill_color":"DDEEF6","profile_text_color":"333333","profile_use_background_image":true,"has_extended_profile":true,"default_profile":true,"default_profile_image":false,"following":false,"follow_request_sent":false,"notifications":false,"translator_type":"none"},"geo":null,"coordinates":null,"place":null,"contributors":null,"is_quote_status":false,"retweet_count":59,"favorite_count":257,"favorited":false,"retweeted":false,"possibly_sensitive":false,"lang":"ja"},{"created_at":"Sat Jul 08 03:34:49 +0000 2017","id":883529779491643400,"id_str":"883529779491643392","text":"【お知らせ】明日７月９日（日）より新しいデザインにて、紺の刀剣柄の御朱印帳を授与させていただきます。このたびデザインをかえて奉製させていただきました。\n初穂料は1800円です。（御朱印料を含む） https://t.co/sBVigadouf","truncated":false,"entities":{"hashtags":[],"symbols":[],"user_mentions":[],"urls":[],"media":[{"id":883529128456077300,"id_str":"883529128456077312","indices":[98,121],"media_url":"http://pbs.twimg.com/media/DELtD6pVwAAVFsb.jpg","media_url_https":"https://pbs.twimg.com/media/DELtD6pVwAAVFsb.jpg","url":"https://t.co/sBVigadouf","display_url":"pic.twitter.com/sBVigadouf","expanded_url":"https://twitter.com/fujinomori505/status/883529779491643392/photo/1","type":"photo","sizes":{"medium":{"w":1200,"h":900,"resize":"fit"},"small":{"w":680,"h":510,"resize":"fit"},"thumb":{"w":150,"h":150,"resize":"crop"},"large":{"w":2048,"h":1536,"resize":"fit"}}}]},"extended_entities":{"media":[{"id":883529128456077300,"id_str":"883529128456077312","indices":[98,121],"media_url":"http://pbs.twimg.com/media/DELtD6pVwAAVFsb.jpg","media_url_https":"https://pbs.twimg.com/media/DELtD6pVwAAVFsb.jpg","url":"https://t.co/sBVigadouf","display_url":"pic.twitter.com/sBVigadouf","expanded_url":"https://twitter.com/fujinomori505/status/883529779491643392/photo/1","type":"photo","sizes":{"medium":{"w":1200,"h":900,"resize":"fit"},"small":{"w":680,"h":510,"resize":"fit"},"thumb":{"w":150,"h":150,"resize":"crop"},"large":{"w":2048,"h":1536,"resize":"fit"}}}]},"metadata":{"iso_language_code":"ja","result_type":"recent"},"source":"<a href=\"http://twitter.com\" rel=\"nofollow\">Twitter Web Client</a>","in_reply_to_status_id":null,"in_reply_to_status_id_str":null,"in_reply_to_user_id":null,"in_reply_to_user_id_str":null,"in_reply_to_screen_name":null,"user":{"id":3277461342,"id_str":"3277461342","name":"藤森神社","screen_name":"fujinomori505","location":"京都市伏見区深草鳥居崎町609","description":"京都洛南深草の里に、平安遷都以前より祀られている古社。毎年5月5日に行われる藤森祭は菖蒲の節句発祥の祭と言われ、各家々に飾られる武者人形には藤森の神が宿るとされている。菖蒲は尚武に通じ、尚武は勝負に通じるので、勝運を呼ぶ神として信仰を集めている。","url":"http://t.co/A84gUDp6Z3","entities":{"url":{"urls":[{"url":"http://t.co/A84gUDp6Z3","expanded_url":"http://www.fujinomorijinjya.or.jp","display_url":"fujinomorijinjya.or.jp","indices":[0,22]}]},"description":{"urls":[]}},"protected":false,"followers_count":13719,"friends_count":4,"listed_count":532,"created_at":"Sun Jul 12 13:43:28 +0000 2015","favourites_count":2,"utc_offset":null,"time_zone":null,"geo_enabled":false,"verified":false,"statuses_count":360,"lang":"ja","contributors_enabled":false,"is_translator":false,"is_translation_enabled":false,"profile_background_color":"000000","profile_background_image_url":"http://abs.twimg.com/images/themes/theme1/bg.png","profile_background_image_url_https":"https://abs.twimg.com/images/themes/theme1/bg.png","profile_background_tile":false,"profile_image_url":"http://pbs.twimg.com/profile_images/620229140994658305/9W1Blrat_normal.jpg","profile_image_url_https":"https://pbs.twimg.com/profile_images/620229140994658305/9W1Blrat_normal.jpg","profile_banner_url":"https://pbs.twimg.com/profile_banners/3277461342/1437651846","profile_link_color":"9266CC","profile_sidebar_border_color":"000000","profile_sidebar_fill_color":"000000","profile_text_color":"000000","profile_use_background_image":false,"has_extended_profile":false,"default_profile":false,"default_profile_image":false,"following":false,"follow_request_sent":false,"notifications":false,"translator_type":"none"},"geo":null,"coordinates":null,"place":null,"contributors":null,"is_quote_status":false,"retweet_count":71,"favorite_count":70,"favorited":false,"retweeted":false,"possibly_sensitive":false,"lang":"ja"},{"created_at":"Sat Jul 08 03:32:46 +0000 2017","id":883529265408495600,"id_str":"883529265408495617","text":"今日からシンデレラ5th、幕張でのライブがはじまりますね！！\n\n幕張にいるシンデレラ達、、応援してくださるプロデューサーさん…！ファイトです！🍀素敵な2日間になりますようにっ！(*´꒳`*)","truncated":false,"entities":{"hashtags":[],"symbols":[],"user_mentions":[],"urls":[]},"metadata":{"iso_language_code":"ja","result_type":"recent"},"source":"<a href=\"http://twitter.com/download/iphone\" rel=\"nofollow\">Twitter for iPhone</a>","in_reply_to_status_id":null,"in_reply_to_status_id_str":null,"in_reply_to_user_id":null,"in_reply_to_user_id_str":null,"in_reply_to_screen_name":null,"user":{"id":1045524721,"id_str":"1045524721","name":"大空直美","screen_name":"osorasan703","location":"☻☻☻","description":"青二プロ所属の声優です！★放送中！⇨『つぐもも』桐葉/『シンデレラガールズ劇場』緒方智絵里/妻にはショナイで！/めちゃすき/トリセカ/オルコミ★★★伏見いなり/サターニャ/草薙ゆま/緒方智絵里/水山のりか/プレーリー/白鳥あづみ/スザンナホプキンス/ジェシカシャノン/箱庭ゆらぎ/ハルカ(白猫)/橘直美","url":"https://t.co/KYNzEtv86L","entities":{"url":{"urls":[{"url":"https://t.co/KYNzEtv86L","expanded_url":"http://www.aoni.co.jp/actress/a/ohzora-naomi.html","display_url":"aoni.co.jp/actress/a/ohzo…","indices":[0,23]}]},"description":{"urls":[]}},"protected":false,"followers_count":93172,"friends_count":623,"listed_count":3919,"created_at":"Sat Dec 29 17:40:58 +0000 2012","favourites_count":12737,"utc_offset":28800,"time_zone":"Irkutsk","geo_enabled":false,"verified":false,"statuses_count":18673,"lang":"en","contributors_enabled":false,"is_translator":false,"is_translation_enabled":false,"profile_background_color":"C0DEED","profile_background_image_url":"http://abs.twimg.com/images/themes/theme1/bg.png","profile_background_image_url_https":"https://abs.twimg.com/images/themes/theme1/bg.png","profile_background_tile":false,"profile_image_url":"http://pbs.twimg.com/profile_images/616253102811824128/83AJ2rpa_normal.jpg","profile_image_url_https":"https://pbs.twimg.com/profile_images/616253102811824128/83AJ2rpa_normal.jpg","profile_banner_url":"https://pbs.twimg.com/profile_banners/1045524721/1489741070","profile_link_color":"1DA1F2","profile_sidebar_border_color":"C0DEED","profile_sidebar_fill_color":"DDEEF6","profile_text_color":"333333","profile_use_background_image":true,"has_extended_profile":true,"default_profile":true,"default_profile_image":false,"following":false,"follow_request_sent":false,"notifications":false,"translator_type":"none"},"geo":null,"coordinates":null,"place":null,"contributors":null,"is_quote_status":false,"retweet_count":183,"favorite_count":358,"favorited":false,"retweeted":false,"lang":"ja"},{"created_at":"Sat Jul 08 03:31:19 +0000 2017","id":883528898083831800,"id_str":"883528898083831809","text":"【告知】\nスカイピースのオフ会について。\n\n みなさん本当に本当に\nお待たせしましたぁぁぁ😂✨\n\nオフ会は出来るだけ無料で\n開催したいっていうのがあって、\n抽選になってしまいました💦\n\n大阪と東京。\n待っててくれぇぇ！！！\n\nhttps://t.co/QiIvnBSD13","truncated":false,"entities":{"hashtags":[],"symbols":[],"user_mentions":[],"urls":[{"url":"https://t.co/QiIvnBSD13","expanded_url":"https://lineblog.me/skypeace/archives/531467.html","display_url":"lineblog.me/skypeace/archi…","indices":[113,136]}]},"metadata":{"iso_language_code":"ja","result_type":"recent"},"source":"<a href=\"http://twitter.com/download/iphone\" rel=\"nofollow\">Twitter for iPhone</a>","in_reply_to_status_id":null,"in_reply_to_status_id_str":null,"in_reply_to_user_id":null,"in_reply_to_user_id_str":null,"in_reply_to_screen_name":null,"user":{"id":753155670820593700,"id_str":"753155670820593664","name":"スカイピース@SP","screen_name":"skypeace_teojin","location":"","description":"どうもぉ〜スカイピース！Yeah！！テオ(@teokun711)じん(@JINJIN1027)空にピースだ！","url":"https://t.co/dDebxfywPn","entities":{"url":{"urls":[{"url":"https://t.co/dDebxfywPn","expanded_url":"https://www.youtube.com/channel/UC8_wmm5DX9mb4jrLiw8ZYzw","display_url":"youtube.com/channel/UC8_wm…","indices":[0,23]}]},"description":{"urls":[]}},"protected":false,"followers_count":261089,"friends_count":7,"listed_count":475,"created_at":"Wed Jul 13 09:14:39 +0000 2016","favourites_count":517,"utc_offset":null,"time_zone":null,"geo_enabled":false,"verified":false,"statuses_count":558,"lang":"ja","contributors_enabled":false,"is_translator":false,"is_translation_enabled":false,"profile_background_color":"F5F8FA","profile_background_image_url":null,"profile_background_image_url_https":null,"profile_background_tile":false,"profile_image_url":"http://pbs.twimg.com/profile_images/753571447751139329/kSnZ43Ec_normal.jpg","profile_image_url_https":"https://pbs.twimg.com/profile_images/753571447751139329/kSnZ43Ec_normal.jpg","profile_banner_url":"https://pbs.twimg.com/profile_banners/753155670820593664/1468500612","profile_link_color":"1DA1F2","profile_sidebar_border_color":"C0DEED","profile_sidebar_fill_color":"DDEEF6","profile_text_color":"333333","profile_use_background_image":true,"has_extended_profile":false,"default_profile":true,"default_profile_image":false,"following":false,"follow_request_sent":false,"notifications":false,"translator_type":"none"},"geo":null,"coordinates":null,"place":null,"contributors":null,"is_quote_status":false,"retweet_count":1066,"favorite_count":2839,"favorited":false,"retweeted":false,"possibly_sensitive":false,"lang":"ja"},{"created_at":"Sat Jul 08 03:31:02 +0000 2017","id":883528828215115800,"id_str":"883528828215115777","text":"2年ぶりのドラマ主題歌、本日ついに「イントロフルぶっかけ&amp;サビちょいぶっかけ」。楽曲の雰囲気はだいぶ伝わるかと。僕の聖域はあなたの聖域に触れることは出来るのか？福のラジオはこの後2時から。福 #BROS1991 #福のラジオ #黒革の手帖","truncated":false,"entities":{"hashtags":[{"text":"BROS1991","indices":[100,109]},{"text":"福のラジオ","indices":[110,116]},{"text":"黒革の手帖","indices":[117,123]}],"symbols":[],"user_mentions":[],"urls":[]},"metadata":{"iso_language_code":"ja","result_type":"recent"},"source":"<a href=\"http://twitter.com/download/android\" rel=\"nofollow\">Twitter for Android</a>","in_reply_to_status_id":null,"in_reply_to_status_id_str":null,"in_reply_to_user_id":null,"in_reply_to_user_id_str":null,"in_reply_to_screen_name":null,"user":{"id":2365540434,"id_str":"2365540434","name":"BROS.（福山雅治公式ファンクラブ）","screen_name":"BROS_1991","location":"","description":"福山雅治オフィシャルファンクラブ”BROS.”の公式ツイッターです！チーム福山スタッフが最新情報やBROS.コンテンツの更新情報をお知らせいたします！！たくさんのフォローをお待ちしております！！\r\n※福山さん本人のツイートがあるかは誰にもわかりません。","url":"http://t.co/rUYSD3GMmq","entities":{"url":{"urls":[{"url":"http://t.co/rUYSD3GMmq","expanded_url":"http://www.fukuyamamasaharu.com","display_url":"fukuyamamasaharu.com","indices":[0,22]}]},"description":{"urls":[]}},"protected":false,"followers_count":234395,"friends_count":45,"listed_count":1895,"created_at":"Fri Feb 28 12:36:16 +0000 2014","favourites_count":1542,"utc_offset":32400,"time_zone":"Tokyo","geo_enabled":false,"verified":false,"statuses_count":3052,"lang":"ja","contributors_enabled":false,"is_translator":false,"is_translation_enabled":false,"profile_background_color":"C0DEED","profile_background_image_url":"http://abs.twimg.com/images/themes/theme1/bg.png","profile_background_image_url_https":"https://abs.twimg.com/images/themes/theme1/bg.png","profile_background_tile":false,"profile_image_url":"http://pbs.twimg.com/profile_images/875881670901080064/QrkjoA1G_normal.jpg","profile_image_url_https":"https://pbs.twimg.com/profile_images/875881670901080064/QrkjoA1G_normal.jpg","profile_link_color":"1DA1F2","profile_sidebar_border_color":"C0DEED","profile_sidebar_fill_color":"DDEEF6","profile_text_color":"333333","profile_use_background_image":true,"has_extended_profile":false,"default_profile":true,"default_profile_image":false,"following":false,"follow_request_sent":false,"notifications":false,"translator_type":"none"},"geo":null,"coordinates":null,"place":null,"contributors":null,"is_quote_status":false,"retweet_count":135,"favorite_count":561,"favorited":false,"retweeted":false,"lang":"ja"},{"created_at":"Sat Jul 08 03:30:58 +0000 2017","id":883528810477506600,"id_str":"883528810477506562","text":"キンプリラジオ最終回はいつも以上に噛み倒す畠中さんから緊張感が伝わってきましたね。全16回お付き合いいただきありがとうございました！寺島さん、畠中さん、そしてゲストにお越しいただいたキャストのみなさんもありがとうございました✨… https://t.co/qOhwZOSLau","truncated":true,"entities":{"hashtags":[],"symbols":[],"user_mentions":[],"urls":[{"url":"https://t.co/qOhwZOSLau","expanded_url":"https://twitter.com/i/web/status/883528810477506562","display_url":"twitter.com/i/web/status/8…","indices":[115,138]}]},"metadata":{"iso_language_code":"ja","result_type":"recent"},"source":"<a href=\"http://twitter.com/download/iphone\" rel=\"nofollow\">Twitter for iPhone</a>","in_reply_to_status_id":null,"in_reply_to_status_id_str":null,"in_reply_to_user_id":null,"in_reply_to_user_id_str":null,"in_reply_to_screen_name":null,"user":{"id":3755121078,"id_str":"3755121078","name":"キンプリ公式♡全国胸キュン上映中🤗","screen_name":"kinpri_PR","location":"☆フォローしてね☆","description":"★声援＆アフレコOKの応援上映https://t.co/qoDrF2brpQ★「KING OF PRISM -PRIDE the HERO-」6月10日(土)より全国公開！★WEBラジオhttps://t.co/2h9IEJfQsi★ユニットデビューSG情報 https://t.co/PGL8imMgT4","url":"https://t.co/YMq2CWY7Kt","entities":{"url":{"urls":[{"url":"https://t.co/YMq2CWY7Kt","expanded_url":"http://kinpri.com/","display_url":"kinpri.com","indices":[0,23]}]},"description":{"urls":[{"url":"https://t.co/qoDrF2brpQ","expanded_url":"http://bit.ly/KoMoNo","display_url":"bit.ly/KoMoNo","indices":[15,38]},{"url":"https://t.co/2h9IEJfQsi","expanded_url":"https://goo.gl/QTjMJ8","display_url":"goo.gl/QTjMJ8","indices":[93,116]},{"url":"https://t.co/PGL8imMgT4","expanded_url":"https://goo.gl/JyjfXX","display_url":"goo.gl/JyjfXX","indices":[130,153]}]}},"protected":false,"followers_count":58236,"friends_count":20,"listed_count":955,"created_at":"Fri Oct 02 04:27:28 +0000 2015","favourites_count":0,"utc_offset":32400,"time_zone":"Tokyo","geo_enabled":true,"verified":false,"statuses_count":3353,"lang":"ja","contributors_enabled":false,"is_translator":false,"is_translation_enabled":false,"profile_background_color":"000000","profile_background_image_url":"http://abs.twimg.com/images/themes/theme1/bg.png","profile_background_image_url_https":"https://abs.twimg.com/images/themes/theme1/bg.png","profile_background_tile":false,"profile_image_url":"http://pbs.twimg.com/profile_images/819832827390750720/s25SzUNy_normal.jpg","profile_image_url_https":"https://pbs.twimg.com/profile_images/819832827390750720/s25SzUNy_normal.jpg","profile_banner_url":"https://pbs.twimg.com/profile_banners/3755121078/1497044101","profile_link_color":"B39242","profile_sidebar_border_color":"000000","profile_sidebar_fill_color":"000000","profile_text_color":"000000","profile_use_background_image":false,"has_extended_profile":true,"default_profile":false,"default_profile_image":false,"following":false,"follow_request_sent":false,"notifications":false,"translator_type":"none"},"geo":null,"coordinates":null,"place":null,"contributors":null,"is_quote_status":false,"retweet_count":224,"favorite_count":357,"favorited":false,"retweeted":false,"possibly_sensitive":false,"lang":"ja"},{"created_at":"Sat Jul 08 03:30:35 +0000 2017","id":883528715958865900,"id_str":"883528715958865920","text":"オシャレなレストランでランチなう〜☆ https://t.co/DhHK1WTUNv","truncated":false,"entities":{"hashtags":[],"symbols":[],"user_mentions":[],"urls":[],"media":[{"id":883528704407740400,"id_str":"883528704407740416","indices":[19,42],"media_url":"http://pbs.twimg.com/media/DELsrO8VoAAsCtB.jpg","media_url_https":"https://pbs.twimg.com/media/DELsrO8VoAAsCtB.jpg","url":"https://t.co/DhHK1WTUNv","display_url":"pic.twitter.com/DhHK1WTUNv","expanded_url":"https://twitter.com/jor2684/status/883528715958865920/photo/1","type":"photo","sizes":{"small":{"w":600,"h":680,"resize":"fit"},"medium":{"w":904,"h":1024,"resize":"fit"},"large":{"w":904,"h":1024,"resize":"fit"},"thumb":{"w":150,"h":150,"resize":"crop"}}}]},"extended_entities":{"media":[{"id":883528704407740400,"id_str":"883528704407740416","indices":[19,42],"media_url":"http://pbs.twimg.com/media/DELsrO8VoAAsCtB.jpg","media_url_https":"https://pbs.twimg.com/media/DELsrO8VoAAsCtB.jpg","url":"https://t.co/DhHK1WTUNv","display_url":"pic.twitter.com/DhHK1WTUNv","expanded_url":"https://twitter.com/jor2684/status/883528715958865920/photo/1","type":"photo","sizes":{"small":{"w":600,"h":680,"resize":"fit"},"medium":{"w":904,"h":1024,"resize":"fit"},"large":{"w":904,"h":1024,"resize":"fit"},"thumb":{"w":150,"h":150,"resize":"crop"}}}]},"metadata":{"iso_language_code":"ja","result_type":"recent"},"source":"<a href=\"http://twitter.com/download/android\" rel=\"nofollow\">Twitter for Android</a>","in_reply_to_status_id":null,"in_reply_to_status_id_str":null,"in_reply_to_user_id":null,"in_reply_to_user_id_str":null,"in_reply_to_screen_name":null,"user":{"id":4093157479,"id_str":"4093157479","name":"ジェルさん@すとぷり","screen_name":"jor2684","location":"連絡先→jernokoe@gmail.com","description":"めっさおもろい関西の兄ちゃん\nYouTubeで｢ジェルボイス｣と検索したら総再生2000万回の神のイケボが聴けるってマジ？！ すとぷり→【@StPri_info】 かわいいサブ垢→【@shotajel】","url":"https://t.co/JVS40ZXooT","entities":{"url":{"urls":[{"url":"https://t.co/JVS40ZXooT","expanded_url":"https://www.youtube.com/channel/UCE0UZVTfvQ8jiNxdIlLeWeA?app=desktop","display_url":"youtube.com/channel/UCE0UZ…","indices":[0,23]}]},"description":{"urls":[]}},"protected":false,"followers_count":29316,"friends_count":126,"listed_count":441,"created_at":"Sun Nov 01 17:44:15 +0000 2015","favourites_count":28743,"utc_offset":-25200,"time_zone":"Pacific Time (US & Canada)","geo_enabled":false,"verified":false,"statuses_count":1587,"lang":"ja","contributors_enabled":false,"is_translator":false,"is_translation_enabled":false,"profile_background_color":"C0DEED","profile_background_image_url":"http://abs.twimg.com/images/themes/theme1/bg.png","profile_background_image_url_https":"https://abs.twimg.com/images/themes/theme1/bg.png","profile_background_tile":false,"profile_image_url":"http://pbs.twimg.com/profile_images/870930544833449984/b-W9ZLgf_normal.jpg","profile_image_url_https":"https://pbs.twimg.com/profile_images/870930544833449984/b-W9ZLgf_normal.jpg","profile_banner_url":"https://pbs.twimg.com/profile_banners/4093157479/1496645622","profile_link_color":"1DA1F2","profile_sidebar_border_color":"C0DEED","profile_sidebar_fill_color":"DDEEF6","profile_text_color":"333333","profile_use_background_image":true,"has_extended_profile":true,"default_profile":true,"default_profile_image":false,"following":false,"follow_request_sent":false,"notifications":false,"translator_type":"none"},"geo":null,"coordinates":null,"place":null,"contributors":null,"is_quote_status":false,"retweet_count":64,"favorite_count":584,"favorited":false,"retweeted":false,"possibly_sensitive":false,"lang":"ja"},{"created_at":"Sat Jul 08 03:30:35 +0000 2017","id":883528713735819300,"id_str":"883528713735819265","text":"乙女寮の仲間たち、全員集合♪\n\n#有村架純 #佐久間由衣 #小島藤子 #八木優希 #藤野涼子 #松本穂香 \n#今日は総集編前編の放送もありますよ #懐かしい向島電機のシーンも #7月8日 #総合テレビ #午後4時30分から https://t.co/KzxfKTtCH4","truncated":false,"entities":{"hashtags":[{"text":"有村架純","indices":[16,21]},{"text":"佐久間由衣","indices":[22,28]},{"text":"小島藤子","indices":[29,34]},{"text":"八木優希","indices":[35,40]},{"text":"藤野涼子","indices":[41,46]},{"text":"松本穂香","indices":[47,52]},{"text":"今日は総集編前編の放送もありますよ","indices":[54,72]},{"text":"懐かしい向島電機のシーンも","indices":[73,87]},{"text":"7月8日","indices":[88,93]},{"text":"総合テレビ","indices":[94,100]},{"text":"午後4時30分から","indices":[101,111]}],"symbols":[],"user_mentions":[],"urls":[],"media":[{"id":883528710682320900,"id_str":"883528710682320897","indices":[112,135],"media_url":"http://pbs.twimg.com/media/DELsrmUUIAENu-h.jpg","media_url_https":"https://pbs.twimg.com/media/DELsrmUUIAENu-h.jpg","url":"https://t.co/KzxfKTtCH4","display_url":"pic.twitter.com/KzxfKTtCH4","expanded_url":"https://twitter.com/nhk_hiyokko/status/883528713735819265/photo/1","type":"photo","sizes":{"small":{"w":680,"h":680,"resize":"fit"},"thumb":{"w":150,"h":150,"resize":"crop"},"large":{"w":1080,"h":1080,"resize":"fit"},"medium":{"w":1080,"h":1080,"resize":"fit"}}}]},"extended_entities":{"media":[{"id":883528710682320900,"id_str":"883528710682320897","indices":[112,135],"media_url":"http://pbs.twimg.com/media/DELsrmUUIAENu-h.jpg","media_url_https":"https://pbs.twimg.com/media/DELsrmUUIAENu-h.jpg","url":"https://t.co/KzxfKTtCH4","display_url":"pic.twitter.com/KzxfKTtCH4","expanded_url":"https://twitter.com/nhk_hiyokko/status/883528713735819265/photo/1","type":"photo","sizes":{"small":{"w":680,"h":680,"resize":"fit"},"thumb":{"w":150,"h":150,"resize":"crop"},"large":{"w":1080,"h":1080,"resize":"fit"},"medium":{"w":1080,"h":1080,"resize":"fit"}}}]},"metadata":{"iso_language_code":"ja","result_type":"recent"},"source":"<a href=\"http://www.nhk.or.jp/\" rel=\"nofollow\">NHK</a>","in_reply_to_status_id":null,"in_reply_to_status_id_str":null,"in_reply_to_user_id":null,"in_reply_to_user_id_str":null,"in_reply_to_screen_name":null,"user":{"id":822080344962699300,"id_str":"822080344962699264","name":"連続テレビ小説「ひよっこ」【公式】","screen_name":"nhk_hiyokko","location":"","description":"NHK「連続テレビ小説『ひよっこ』」の公式アカウントです。番組のさまざまな情報をお伝えしていきます。▼利用規約はこちら　https://t.co/Q11WanxIUh","url":"https://t.co/UOQIdyb72r","entities":{"url":{"urls":[{"url":"https://t.co/UOQIdyb72r","expanded_url":"http://nhk.jp/hiyokko","display_url":"nhk.jp/hiyokko","indices":[0,23]}]},"description":{"urls":[{"url":"https://t.co/Q11WanxIUh","expanded_url":"http://nhk.jp/rules","display_url":"nhk.jp/rules","indices":[60,83]}]}},"protected":false,"followers_count":39952,"friends_count":0,"listed_count":213,"created_at":"Thu Jan 19 13:56:42 +0000 2017","favourites_count":0,"utc_offset":null,"time_zone":null,"geo_enabled":false,"verified":true,"statuses_count":271,"lang":"ja","contributors_enabled":false,"is_translator":false,"is_translation_enabled":false,"profile_background_color":"000000","profile_background_image_url":"http://pbs.twimg.com/profile_background_images/839056546772353024/A38wi97E.jpg","profile_background_image_url_https":"https://pbs.twimg.com/profile_background_images/839056546772353024/A38wi97E.jpg","profile_background_tile":false,"profile_image_url":"http://pbs.twimg.com/profile_images/850557481528868866/XnJC8L1A_normal.jpg","profile_image_url_https":"https://pbs.twimg.com/profile_images/850557481528868866/XnJC8L1A_normal.jpg","profile_banner_url":"https://pbs.twimg.com/profile_banners/822080344962699264/1497324997","profile_link_color":"1B95E0","profile_sidebar_border_color":"000000","profile_sidebar_fill_color":"000000","profile_text_color":"000000","profile_use_background_image":true,"has_extended_profile":false,"default_profile":false,"default_profile_image":false,"following":false,"follow_request_sent":false,"notifications":false,"translator_type":"none"},"geo":null,"coordinates":null,"place":null,"contributors":null,"is_quote_status":false,"retweet_count":139,"favorite_count":449,"favorited":false,"retweeted":false,"possibly_sensitive":false,"lang":"ja"},{"created_at":"Sat Jul 08 03:30:31 +0000 2017","id":883528697524887600,"id_str":"883528697524887552","text":"◆『活撃 刀剣乱舞』◆\n第二話の最速放映まで、12時間をお知らせ致します。\nhttps://t.co/OuYqqTkk6y \n#活撃刀剣乱舞 #ufotable https://t.co/wynhs8jZv2","truncated":false,"entities":{"hashtags":[{"text":"活撃刀剣乱舞","indices":[63,70]},{"text":"ufotable","indices":[71,80]}],"symbols":[],"user_mentions":[],"urls":[{"url":"https://t.co/OuYqqTkk6y","expanded_url":"http://katsugeki-touken.com/","display_url":"katsugeki-touken.com","indices":[38,61]}],"media":[{"id":883528499654385700,"id_str":"883528499654385664","indices":[81,104],"media_url":"http://pbs.twimg.com/media/DELsfULVYAAvq3W.jpg","media_url_https":"https://pbs.twimg.com/media/DELsfULVYAAvq3W.jpg","url":"https://t.co/wynhs8jZv2","display_url":"pic.twitter.com/wynhs8jZv2","expanded_url":"https://twitter.com/ufotable/status/883528697524887552/photo/1","type":"photo","sizes":{"thumb":{"w":150,"h":150,"resize":"crop"},"small":{"w":485,"h":680,"resize":"fit"},"medium":{"w":772,"h":1083,"resize":"fit"},"large":{"w":772,"h":1083,"resize":"fit"}}}]},"extended_entities":{"media":[{"id":883528499654385700,"id_str":"883528499654385664","indices":[81,104],"media_url":"http://pbs.twimg.com/media/DELsfULVYAAvq3W.jpg","media_url_https":"https://pbs.twimg.com/media/DELsfULVYAAvq3W.jpg","url":"https://t.co/wynhs8jZv2","display_url":"pic.twitter.com/wynhs8jZv2","expanded_url":"https://twitter.com/ufotable/status/883528697524887552/photo/1","type":"photo","sizes":{"thumb":{"w":150,"h":150,"resize":"crop"},"small":{"w":485,"h":680,"resize":"fit"},"medium":{"w":772,"h":1083,"resize":"fit"},"large":{"w":772,"h":1083,"resize":"fit"}}}]},"metadata":{"iso_language_code":"ja","result_type":"recent"},"source":"<a href=\"http://twitter.com\" rel=\"nofollow\">Twitter Web Client</a>","in_reply_to_status_id":null,"in_reply_to_status_id_str":null,"in_reply_to_user_id":null,"in_reply_to_user_id_str":null,"in_reply_to_screen_name":null,"user":{"id":17445709,"id_str":"17445709","name":"ufotable","screen_name":"ufotable","location":"Koenji","description":"アニメーションスタジオufotableの公式アカウント。弊社運営の映画館やカフェもお楽しみ下さい:) テイルズ オブ ゼスティリア ザ クロス / Fate/stay night[Heaven's Feel] / 活撃 刀剣乱舞 制作中です。","url":"https://t.co/xCmyGQu8uw","entities":{"url":{"urls":[{"url":"https://t.co/xCmyGQu8uw","expanded_url":"http://www.ufotable.com/","display_url":"ufotable.com","indices":[0,23]}]},"description":{"urls":[]}},"protected":false,"followers_count":151310,"friends_count":17,"listed_count":2950,"created_at":"Mon Nov 17 17:25:51 +0000 2008","favourites_count":26,"utc_offset":32400,"time_zone":"Tokyo","geo_enabled":true,"verified":false,"statuses_count":19476,"lang":"en","contributors_enabled":false,"is_translator":false,"is_translation_enabled":false,"profile_background_color":"7D1414","profile_background_image_url":"http://pbs.twimg.com/profile_background_images/773881838/00e2d05d7a6b0164c4058490ea2c997b.png","profile_background_image_url_https":"https://pbs.twimg.com/profile_background_images/773881838/00e2d05d7a6b0164c4058490ea2c997b.png","profile_background_tile":false,"profile_image_url":"http://pbs.twimg.com/profile_images/883340167792087040/4UaLazm5_normal.jpg","profile_image_url_https":"https://pbs.twimg.com/profile_images/883340167792087040/4UaLazm5_normal.jpg","profile_banner_url":"https://pbs.twimg.com/profile_banners/17445709/1493642368","profile_link_color":"EDBF07","profile_sidebar_border_color":"FFFFFF","profile_sidebar_fill_color":"AE0000","profile_text_color":"333333","profile_use_background_image":true,"has_extended_profile":false,"default_profile":false,"default_profile_image":false,"following":false,"follow_request_sent":false,"notifications":false,"translator_type":"none"},"geo":null,"coordinates":null,"place":null,"contributors":null,"is_quote_status":false,"retweet_count":132,"favorite_count":114,"favorited":false,"retweeted":false,"possibly_sensitive":false,"lang":"ja"},{"created_at":"Sat Jul 08 03:30:19 +0000 2017","id":883528649051316200,"id_str":"883528649051316224","text":"500RT：【ついに】元町公園プールが「褌、極端な水着の男性NG」に\nhttps://t.co/0KaVpVu2XH\n\n褌姿で泳ぐ古風な人を見ることができる「元町公園プール」の規制が強化された。アウトになったのは褌、Tバック、極小… https://t.co/XHqSaLHTw4","truncated":true,"entities":{"hashtags":[],"symbols":[],"user_mentions":[],"urls":[{"url":"https://t.co/0KaVpVu2XH","expanded_url":"http://news.livedoor.com/article/detail/13307334/","display_url":"news.livedoor.com/article/detail…","indices":[35,58]},{"url":"https://t.co/XHqSaLHTw4","expanded_url":"https://twitter.com/i/web/status/883528649051316224","display_url":"twitter.com/i/web/status/8…","indices":[117,140]}]},"metadata":{"iso_language_code":"ja","result_type":"recent"},"source":"<a href=\"http://news.livedoor.com/\" rel=\"nofollow\">ライブドアニュース（livedoorニュース）</a>","in_reply_to_status_id":null,"in_reply_to_status_id_str":null,"in_reply_to_user_id":null,"in_reply_to_user_id_str":null,"in_reply_to_screen_name":null,"user":{"id":17306975,"id_str":"17306975","name":"ライブドアニュース","screen_name":"livedoornews","location":"","description":"LINE →https://t.co/yhJO0o7Jns／FB → https://t.co/LHTCuyIEjr／インスタ／→https://t.co/SpmVgPtfCG","url":"http://t.co/Q4Bh3OCfgY","entities":{"url":{"urls":[{"url":"http://t.co/Q4Bh3OCfgY","expanded_url":"http://news.livedoor.com/","display_url":"news.livedoor.com","indices":[0,22]}]},"description":{"urls":[{"url":"https://t.co/yhJO0o7Jns","expanded_url":"http://goo.gl/upBgKP","display_url":"goo.gl/upBgKP","indices":[6,29]},{"url":"https://t.co/LHTCuyIEjr","expanded_url":"http://goo.gl/nDULhn","display_url":"goo.gl/nDULhn","indices":[35,58]},{"url":"https://t.co/SpmVgPtfCG","expanded_url":"http://goo.gl/cHGD9G","display_url":"goo.gl/cHGD9G","indices":[65,88]}]}},"protected":false,"followers_count":424721,"friends_count":86,"listed_count":6127,"created_at":"Tue Nov 11 09:56:31 +0000 2008","favourites_count":2607,"utc_offset":32400,"time_zone":"Tokyo","geo_enabled":false,"verified":true,"statuses_count":176274,"lang":"ja","contributors_enabled":false,"is_translator":false,"is_translation_enabled":false,"profile_background_color":"FFFFFF","profile_background_image_url":"http://pbs.twimg.com/profile_background_images/378800000085828060/4b07c1d868c917fb65a3d64a20904cd5.jpeg","profile_background_image_url_https":"https://pbs.twimg.com/profile_background_images/378800000085828060/4b07c1d868c917fb65a3d64a20904cd5.jpeg","profile_background_tile":false,"profile_image_url":"http://pbs.twimg.com/profile_images/875662964988166149/whdJTD2I_normal.jpg","profile_image_url_https":"https://pbs.twimg.com/profile_images/875662964988166149/whdJTD2I_normal.jpg","profile_link_color":"51ADD4","profile_sidebar_border_color":"FFFFFF","profile_sidebar_fill_color":"95E8EC","profile_text_color":"3C3940","profile_use_background_image":true,"has_extended_profile":false,"default_profile":false,"default_profile_image":false,"following":false,"follow_request_sent":false,"notifications":false,"translator_type":"none"},"geo":null,"coordinates":null,"place":null,"contributors":null,"is_quote_status":false,"retweet_count":76,"favorite_count":58,"favorited":false,"retweeted":false,"possibly_sensitive":false,"lang":"ja"},{"created_at":"Sat Jul 08 03:30:07 +0000 2017","id":883528597419343900,"id_str":"883528597419343872","text":"テニスの王子様最新話「光属性では闇属性に勝てない。死にかけたが、打球を巨大化させる新たな力を得て闇を客席ごと吹き飛ばそうとする。が、高校生4人がバリアを張って観衆を守る」 https://t.co/3cq2khM0hf","truncated":false,"entities":{"hashtags":[],"symbols":[],"user_mentions":[],"urls":[{"url":"https://t.co/3cq2khM0hf","expanded_url":"http://jin115.com/archives/52183435.html","display_url":"jin115.com/archives/52183…","indices":[86,109]}]},"metadata":{"iso_language_code":"ja","result_type":"recent"},"source":"<a href=\"http://blog.livedoor.com/\" rel=\"nofollow\">livedoor Blog</a>","in_reply_to_status_id":null,"in_reply_to_status_id_str":null,"in_reply_to_user_id":null,"in_reply_to_user_id_str":null,"in_reply_to_screen_name":null,"user":{"id":22273191,"id_str":"22273191","name":"オレ的ゲーム速報","screen_name":"Jin115","location":"Japan","description":"オレ的ゲーム速報のツイッターです。（＾ω＾　Youtubeちゃんねるはこちら→https://t.co/4gRUrwM8WX\n動画告知用ツイッターはこちら→@oreteki_douga \n\nその他に管理人のツイッターアカウントはありません、偽物にご注意ください","url":"http://t.co/SuBartmuHB","entities":{"url":{"urls":[{"url":"http://t.co/SuBartmuHB","expanded_url":"http://jin115.com/","display_url":"jin115.com","indices":[0,22]}]},"description":{"urls":[{"url":"https://t.co/4gRUrwM8WX","expanded_url":"https://www.youtube.com/user/jin115xx","display_url":"youtube.com/user/jin115xx","indices":[39,62]}]}},"protected":false,"followers_count":463394,"friends_count":364507,"listed_count":7290,"created_at":"Sat Feb 28 17:00:42 +0000 2009","favourites_count":155,"utc_offset":32400,"time_zone":"Tokyo","geo_enabled":false,"verified":false,"statuses_count":322566,"lang":"ja","contributors_enabled":false,"is_translator":false,"is_translation_enabled":false,"profile_background_color":"C0DEED","profile_background_image_url":"http://abs.twimg.com/images/themes/theme1/bg.png","profile_background_image_url_https":"https://abs.twimg.com/images/themes/theme1/bg.png","profile_background_tile":false,"profile_image_url":"http://pbs.twimg.com/profile_images/1505450533/canvas_normal.png","profile_image_url_https":"https://pbs.twimg.com/profile_images/1505450533/canvas_normal.png","profile_link_color":"1DA1F2","profile_sidebar_border_color":"C0DEED","profile_sidebar_fill_color":"DDEEF6","profile_text_color":"333333","profile_use_background_image":true,"has_extended_profile":false,"default_profile":true,"default_profile_image":false,"following":false,"follow_request_sent":false,"notifications":false,"translator_type":"none"},"geo":null,"coordinates":null,"place":null,"contributors":null,"is_quote_status":false,"retweet_count":142,"favorite_count":92,"favorited":false,"retweeted":false,"possibly_sensitive":false,"lang":"ja"},{"created_at":"Sat Jul 08 03:30:05 +0000 2017","id":883528589622165500,"id_str":"883528589622165504","text":"【修復完了（？）】柳田史太 『トモちゃんは女の子！』 https://t.co/W9c3ZPM5Gr #ツイ4 https://t.co/bFeuyZBjIf","truncated":false,"entities":{"hashtags":[{"text":"ツイ4","indices":[51,55]}],"symbols":[],"user_mentions":[],"urls":[{"url":"https://t.co/W9c3ZPM5Gr","expanded_url":"http://sai-zen-sen.jp/comics/twi4/tomochan/0595.html","display_url":"sai-zen-sen.jp/comics/twi4/to…","indices":[27,50]}],"media":[{"id":883528574145134600,"id_str":"883528574145134592","indices":[56,79],"media_url":"http://pbs.twimg.com/media/DELsjprUAAAwTn6.jpg","media_url_https":"https://pbs.twimg.com/media/DELsjprUAAAwTn6.jpg","url":"https://t.co/bFeuyZBjIf","display_url":"pic.twitter.com/bFeuyZBjIf","expanded_url":"https://twitter.com/twi_yon/status/883528589622165504/photo/1","type":"photo","sizes":{"thumb":{"w":150,"h":150,"resize":"crop"},"small":{"w":415,"h":680,"resize":"fit"},"large":{"w":640,"h":1048,"resize":"fit"},"medium":{"w":640,"h":1048,"resize":"fit"}}}]},"extended_entities":{"media":[{"id":883528574145134600,"id_str":"883528574145134592","indices":[56,79],"media_url":"http://pbs.twimg.com/media/DELsjprUAAAwTn6.jpg","media_url_https":"https://pbs.twimg.com/media/DELsjprUAAAwTn6.jpg","url":"https://t.co/bFeuyZBjIf","display_url":"pic.twitter.com/bFeuyZBjIf","expanded_url":"https://twitter.com/twi_yon/status/883528589622165504/photo/1","type":"photo","sizes":{"thumb":{"w":150,"h":150,"resize":"crop"},"small":{"w":415,"h":680,"resize":"fit"},"large":{"w":640,"h":1048,"resize":"fit"},"medium":{"w":640,"h":1048,"resize":"fit"}}}]},"metadata":{"iso_language_code":"ja","result_type":"recent"},"source":"<a href=\"http://sai-zen-sen.jp/comics/twi4/\" rel=\"nofollow\">Twi4Twitterer</a>","in_reply_to_status_id":null,"in_reply_to_status_id_str":null,"in_reply_to_user_id":null,"in_reply_to_user_id_str":null,"in_reply_to_screen_name":null,"user":{"id":2529553424,"id_str":"2529553424","name":"ツイ４","screen_name":"twi_yon","location":"","description":"Twitter４コマ「ツイ４」（ツイヨン）。各作品はこちら（https://t.co/XjsCyNK8dz）からまとめ読みできます。iPhoneアプリ（https://t.co/PQMN6zIn27）","url":"http://t.co/XjsCyNt5bz","entities":{"url":{"urls":[{"url":"http://t.co/XjsCyNt5bz","expanded_url":"http://sai-zen-sen.jp/comics/twi4/","display_url":"sai-zen-sen.jp/comics/twi4/","indices":[0,22]}]},"description":{"urls":[{"url":"https://t.co/XjsCyNK8dz","expanded_url":"http://sai-zen-sen.jp/comics/twi4/","display_url":"sai-zen-sen.jp/comics/twi4/","indices":[30,53]},{"url":"https://t.co/PQMN6zIn27","expanded_url":"https://itunes.apple.com/jp/app/tsui4-mei-ri-4koma.-ren-qi/id1092434585","display_url":"itunes.apple.com/jp/app/tsui4-m…","indices":[76,99]}]}},"protected":false,"followers_count":202126,"friends_count":60,"listed_count":2476,"created_at":"Wed May 28 09:17:57 +0000 2014","favourites_count":0,"utc_offset":32400,"time_zone":"Tokyo","geo_enabled":false,"verified":false,"statuses_count":6941,"lang":"ja","contributors_enabled":false,"is_translator":false,"is_translation_enabled":false,"profile_background_color":"C0DEED","profile_background_image_url":"http://abs.twimg.com/images/themes/theme1/bg.png","profile_background_image_url_https":"https://abs.twimg.com/images/themes/theme1/bg.png","profile_background_tile":false,"profile_image_url":"http://pbs.twimg.com/profile_images/496125998534914049/4W6lx5ko_normal.png","profile_image_url_https":"https://pbs.twimg.com/profile_images/496125998534914049/4W6lx5ko_normal.png","profile_banner_url":"https://pbs.twimg.com/profile_banners/2529553424/1492752907","profile_link_color":"1DA1F2","profile_sidebar_border_color":"C0DEED","profile_sidebar_fill_color":"DDEEF6","profile_text_color":"333333","profile_use_background_image":true,"has_extended_profile":false,"default_profile":true,"default_profile_image":false,"following":false,"follow_request_sent":false,"notifications":false,"translator_type":"none"},"geo":null,"coordinates":null,"place":null,"contributors":null,"is_quote_status":false,"retweet_count":196,"favorite_count":616,"favorited":false,"retweeted":false,"possibly_sensitive":false,"lang":"ja"},{"created_at":"Sat Jul 08 03:30:03 +0000 2017","id":883528579975336000,"id_str":"883528579975335940","text":"●フォロー＆RTで、毎週1名様にTポイント1万pt当たる●\n\n#東京ワンピースタワー 『LIVE ＆ PARK PASS』好評販売中♪\nhttps://t.co/Gu80LKhNul\n\n#TFANSITEキャンペーン #TOPT https://t.co/dix5X4wMMu","truncated":false,"entities":{"hashtags":[{"text":"東京ワンピースタワー","indices":[31,42]},{"text":"TFANSITEキャンペーン","indices":[93,108]},{"text":"TOPT","indices":[109,114]}],"symbols":[],"user_mentions":[],"urls":[{"url":"https://t.co/Gu80LKhNul","expanded_url":"https://fan.tsite.jp/ticket/OPC150313/","display_url":"fan.tsite.jp/ticket/OPC1503…","indices":[68,91]}],"media":[{"id":883240890596065300,"id_str":"883240890596065280","indices":[115,138],"media_url":"http://pbs.twimg.com/media/DEHm6Q8UAAAO18l.jpg","media_url_https":"https://pbs.twimg.com/media/DEHm6Q8UAAAO18l.jpg","url":"https://t.co/dix5X4wMMu","display_url":"pic.twitter.com/dix5X4wMMu","expanded_url":"https://twitter.com/T_FANSITE/status/883528579975335940/photo/1","type":"photo","sizes":{"medium":{"w":600,"h":360,"resize":"fit"},"small":{"w":600,"h":360,"resize":"fit"},"thumb":{"w":150,"h":150,"resize":"crop"},"large":{"w":600,"h":360,"resize":"fit"}}}]},"extended_entities":{"media":[{"id":883240890596065300,"id_str":"883240890596065280","indices":[115,138],"media_url":"http://pbs.twimg.com/media/DEHm6Q8UAAAO18l.jpg","media_url_https":"https://pbs.twimg.com/media/DEHm6Q8UAAAO18l.jpg","url":"https://t.co/dix5X4wMMu","display_url":"pic.twitter.com/dix5X4wMMu","expanded_url":"https://twitter.com/T_FANSITE/status/883528579975335940/photo/1","type":"photo","sizes":{"medium":{"w":600,"h":360,"resize":"fit"},"small":{"w":600,"h":360,"resize":"fit"},"thumb":{"w":150,"h":150,"resize":"crop"},"large":{"w":600,"h":360,"resize":"fit"}}}]},"metadata":{"iso_language_code":"ja","result_type":"recent"},"source":"<a href=\"https://ads.twitter.com\" rel=\"nofollow\">Twitter Ads</a>","in_reply_to_status_id":null,"in_reply_to_status_id_str":null,"in_reply_to_user_id":null,"in_reply_to_user_id_str":null,"in_reply_to_screen_name":null,"user":{"id":3268000117,"id_str":"3268000117","name":"T-FAN SITE","screen_name":"T_FANSITE","location":"","description":"T-FAN SITEは、キャラクターデザインTカードやTチケット、T-FANなどの、様々なファンのための情報サイトです。「Tカードで入場できる！Tポイント貯まる！発券手数料が不要！」なお得なTチケット、キャラクターデザインTカードのリリース情報や特典情報などもツィートします。RTキャンペーンでTポイント等当たる。","url":"https://t.co/kAeWgsSYcE","entities":{"url":{"urls":[{"url":"https://t.co/kAeWgsSYcE","expanded_url":"http://fan.tsite.jp/","display_url":"fan.tsite.jp","indices":[0,23]}]},"description":{"urls":[]}},"protected":false,"followers_count":35229,"friends_count":553,"listed_count":62,"created_at":"Sat Jul 04 09:40:06 +0000 2015","favourites_count":28,"utc_offset":-25200,"time_zone":"Pacific Time (US & Canada)","geo_enabled":true,"verified":true,"statuses_count":2737,"lang":"ja","contributors_enabled":false,"is_translator":false,"is_translation_enabled":false,"profile_background_color":"000000","profile_background_image_url":"http://abs.twimg.com/images/themes/theme1/bg.png","profile_background_image_url_https":"https://abs.twimg.com/images/themes/theme1/bg.png","profile_background_tile":false,"profile_image_url":"http://pbs.twimg.com/profile_images/875560457494437888/mHV2rnrZ_normal.jpg","profile_image_url_https":"https://pbs.twimg.com/profile_images/875560457494437888/mHV2rnrZ_normal.jpg","profile_banner_url":"https://pbs.twimg.com/profile_banners/3268000117/1493715227","profile_link_color":"1E2496","profile_sidebar_border_color":"000000","profile_sidebar_fill_color":"000000","profile_text_color":"000000","profile_use_background_image":false,"has_extended_profile":false,"default_profile":false,"default_profile_image":false,"following":false,"follow_request_sent":false,"notifications":false,"translator_type":"none"},"geo":null,"coordinates":null,"place":null,"contributors":null,"is_quote_status":false,"retweet_count":95,"favorite_count":12,"favorited":false,"retweeted":false,"possibly_sensitive":false,"lang":"ja"},{"created_at":"Sat Jul 08 03:30:03 +0000 2017","id":883528579933274100,"id_str":"883528579933274112","text":"『劇場版 銀魂 新訳紅桜篇』初配信記念4週連続🎁\n\nフォロー＆RT又は視聴中のツイッター連携コメントでブルーレイ『銀魂.1』🌸7/9まで\n\n#ネット無料初_銀魂新訳紅桜篇 7/8(土)夜7時より配信▷… https://t.co/Y2yhPy0xNr","truncated":true,"entities":{"hashtags":[{"text":"ネット無料初_銀魂新訳紅桜篇","indices":[70,85]}],"symbols":[],"user_mentions":[],"urls":[{"url":"https://t.co/Y2yhPy0xNr","expanded_url":"https://twitter.com/i/web/status/883528579933274112","display_url":"twitter.com/i/web/status/8…","indices":[102,125]}]},"metadata":{"iso_language_code":"ja","result_type":"recent"},"source":"<a href=\"https://ads.twitter.com\" rel=\"nofollow\">Twitter Ads</a>","in_reply_to_status_id":null,"in_reply_to_status_id_str":null,"in_reply_to_user_id":null,"in_reply_to_user_id_str":null,"in_reply_to_screen_name":null,"user":{"id":3255473401,"id_str":"3255473401","name":"AbemaTV@今日の番組表から","screen_name":"AbemaTV","location":"日本 東京","description":"インターネットテレビ局 #AbemaTV (アベマTV)公式アカウントです。今日の番組表から、おススメの番組を紹介しています！\n#ニュース #アニメ #音楽 #ドラマ #バラエティ #スポーツ など約30の多彩なCHを24時間すべて無料、登録も一切不要でお楽しみ頂けます♪","url":"https://t.co/uWgj8ZS0je","entities":{"url":{"urls":[{"url":"https://t.co/uWgj8ZS0je","expanded_url":"https://abema.tv?utm_source=twitter&utm_medium=social&utm_campaign=official_tw_profile","display_url":"abema.tv/?utm_source=tw…","indices":[0,23]}]},"description":{"urls":[]}},"protected":false,"followers_count":819288,"friends_count":1989,"listed_count":2014,"created_at":"Thu Jun 25 08:33:53 +0000 2015","favourites_count":6259,"utc_offset":32400,"time_zone":"Tokyo","geo_enabled":true,"verified":true,"statuses_count":11712,"lang":"ja","contributors_enabled":false,"is_translator":false,"is_translation_enabled":false,"profile_background_color":"000000","profile_background_image_url":"http://abs.twimg.com/images/themes/theme1/bg.png","profile_background_image_url_https":"https://abs.twimg.com/images/themes/theme1/bg.png","profile_background_tile":false,"profile_image_url":"http://pbs.twimg.com/profile_images/874937416414412800/KaCH7ISt_normal.jpg","profile_image_url_https":"https://pbs.twimg.com/profile_images/874937416414412800/KaCH7ISt_normal.jpg","profile_banner_url":"https://pbs.twimg.com/profile_banners/3255473401/1494173733","profile_link_color":"1B95E0","profile_sidebar_border_color":"000000","profile_sidebar_fill_color":"000000","profile_text_color":"000000","profile_use_background_image":false,"has_extended_profile":true,"default_profile":false,"default_profile_image":false,"following":false,"follow_request_sent":false,"notifications":false,"translator_type":"none"},"geo":null,"coordinates":null,"place":null,"contributors":null,"is_quote_status":false,"retweet_count":68,"favorite_count":72,"favorited":false,"retweeted":false,"possibly_sensitive":false,"lang":"ja"}],"search_metadata":{"completed_in":0.074,"max_id":883530265351430100,"max_id_str":"883530265351430144","next_results":"?max_id=883528579933274111&q=lang%3Aja%20min_retweets%3A50&include_entities=1","query":"lang%3Aja+min_retweets%3A50","refresh_url":"?since_id=883530265351430144&q=lang%3Aja%20min_retweets%3A50&include_entities=1","count":15,"since_id":0,"since_id_str":"0"}}