{"statuses":[{"created_at":"Wed Jul 05 03:37:06 +0000 2017","id":882443191697330200,"id_str":"882443191697330176","text":"「傷物語〈Ⅲ冷血篇〉」Blu-ray/DVDカウントダウン\n【7月5日、発売マデ後7日】 https://t.co/8JUgJINevt","truncated":false,"entities":{"hashtags":[],"symbols":[],"user_mentions":[],"urls":[],"media":[{"id":882443183442935800,"id_str":"882443183442935808","indices":[45,68],"media_url":"http://pbs.twimg.com/media/DD8RZmOUwAA9R3e.jpg","media_url_https":"https://pbs.twimg.com/media/DD8RZmOUwAA9R3e.jpg","url":"https://t.co/8JUgJINevt","display_url":"pic.twitter.com/8JUgJINevt","expanded_url":"https://twitter.com/nisioisin_anime/status/882443191697330176/photo/1","type":"photo","sizes":{"small":{"w":680,"h":382,"resize":"fit"},"medium":{"w":1200,"h":675,"resize":"fit"},"thumb":{"w":150,"h":150,"resize":"crop"},"large":{"w":1334,"h":750,"resize":"fit"}}}]},"extended_entities":{"media":[{"id":882443183442935800,"id_str":"882443183442935808","indices":[45,68],"media_url":"http://pbs.twimg.com/media/DD8RZmOUwAA9R3e.jpg","media_url_https":"https://pbs.twimg.com/media/DD8RZmOUwAA9R3e.jpg","url":"https://t.co/8JUgJINevt","display_url":"pic.twitter.com/8JUgJINevt","expanded_url":"https://twitter.com/nisioisin_anime/status/882443191697330176/photo/1","type":"photo","sizes":{"small":{"w":680,"h":382,"resize":"fit"},"medium":{"w":1200,"h":675,"resize":"fit"},"thumb":{"w":150,"h":150,"resize":"crop"},"large":{"w":1334,"h":750,"resize":"fit"}}}]},"metadata":{"iso_language_code":"ja","result_type":"recent"},"source":"<a href=\"http://twitter.com/download/iphone\" rel=\"nofollow\">Twitter for iPhone</a>","in_reply_to_status_id":null,"in_reply_to_status_id_str":null,"in_reply_to_user_id":null,"in_reply_to_user_id_str":null,"in_reply_to_screen_name":null,"user":{"id":428697509,"id_str":"428697509","name":"西尾維新アニメプロジェクト","screen_name":"nisioisin_anime","location":"","description":"「西尾維新アニメプロジェクト」公式 『傷物語〈Ⅲ冷血篇〉』『クビキリサイクル 青色サヴァンと戯言遣い』","url":"https://t.co/7EvAmkpX2P","entities":{"url":{"urls":[{"url":"https://t.co/7EvAmkpX2P","expanded_url":"http://www.monogatari-series.com/","display_url":"monogatari-series.com","indices":[0,23]}]},"description":{"urls":[]}},"protected":false,"followers_count":396602,"friends_count":6,"listed_count":3663,"created_at":"Mon Dec 05 02:32:02 +0000 2011","favourites_count":0,"utc_offset":28800,"time_zone":"Irkutsk","geo_enabled":false,"verified":true,"statuses_count":3147,"lang":"ja","contributors_enabled":false,"is_translator":false,"is_translation_enabled":false,"profile_background_color":"FFFFFF","profile_background_image_url":"http://pbs.twimg.com/profile_background_images/378704179/bg_twitter2.gif","profile_background_image_url_https":"https://pbs.twimg.com/profile_background_images/378704179/bg_twitter2.gif","profile_background_tile":true,"profile_image_url":"http://pbs.twimg.com/profile_images/1682638323/icon_normal.jpg","profile_image_url_https":"https://pbs.twimg.com/profile_images/1682638323/icon_normal.jpg","profile_banner_url":"https://pbs.twimg.com/profile_banners/428697509/1482983782","profile_link_color":"0084B4","profile_sidebar_border_color":"DEDEDE","profile_sidebar_fill_color":"F0F0F0","profile_text_color":"333333","profile_use_background_image":true,"has_extended_profile":false,"default_profile":false,"default_profile_image":false,"following":false,"follow_request_sent":false,"notifications":false,"translator_type":"none"},"geo":null,"coordinates":null,"place":null,"contributors":null,"is_quote_status":false,"retweet_count":82,"favorite_count":134,"favorited":false,"retweeted":false,"possibly_sensitive":false,"lang":"ja"},{"created_at":"Wed Jul 05 03:36:24 +0000 2017","id":882443015863713800,"id_str":"882443015863713792","text":"【I★Chu Award ～2017～】プロデューサーの皆さま、たくさんのご投票ありがとうございます!　総得票数が500,000票を突破いたしました！\n達成した賞品の詳細はこちら！⇒https://t.co/UBsY44G3EL… https://t.co/Y4ySVjegdx","truncated":true,"entities":{"hashtags":[],"symbols":[],"user_mentions":[],"urls":[{"url":"https://t.co/UBsY44G3EL","expanded_url":"https://www.i-chu.jp/event/campaign/award_2017/","display_url":"i-chu.jp/event/campaign…","indices":[91,114]},{"url":"https://t.co/Y4ySVjegdx","expanded_url":"https://twitter.com/i/web/status/882443015863713792","display_url":"twitter.com/i/web/status/8…","indices":[116,139]}]},"metadata":{"iso_language_code":"ja","result_type":"recent"},"source":"<a href=\"http://twitter.com\" rel=\"nofollow\">Twitter Web Client</a>","in_reply_to_status_id":null,"in_reply_to_status_id_str":null,"in_reply_to_user_id":null,"in_reply_to_user_id_str":null,"in_reply_to_screen_name":null,"user":{"id":3032005563,"id_str":"3032005563","name":"アイ★チュウ","screen_name":"ichu_official","location":"株式会社リベル・エンタテインメント","description":"恋愛リズムアドベンチャー『アイ★チュウ』のAndroid版、iOS版が配信！公式twitterから今後の最新ニュースをお届けします。これからチェックをお願いします！ご要望不具合のお問い合わせはゲーム内のユーザーサポート、または公式サイトのお問い合わせよりご連絡ください。 #アイチュウ","url":"https://t.co/cIGe3G2q8f","entities":{"url":{"urls":[{"url":"https://t.co/cIGe3G2q8f","expanded_url":"http://www.i-chu.jp/","display_url":"i-chu.jp","indices":[0,23]}]},"description":{"urls":[]}},"protected":false,"followers_count":125144,"friends_count":89,"listed_count":1807,"created_at":"Thu Feb 12 04:12:03 +0000 2015","favourites_count":18,"utc_offset":28800,"time_zone":"Irkutsk","geo_enabled":false,"verified":true,"statuses_count":4428,"lang":"ja","contributors_enabled":false,"is_translator":false,"is_translation_enabled":false,"profile_background_color":"C0DEED","profile_background_image_url":"http://pbs.twimg.com/profile_background_images/589051167256154112/3TAvEErN.png","profile_background_image_url_https":"https://pbs.twimg.com/profile_background_images/589051167256154112/3TAvEErN.png","profile_background_tile":true,"profile_image_url":"http://pbs.twimg.com/profile_images/879593320602771456/qo7gcPj8_normal.jpg","profile_image_url_https":"https://pbs.twimg.com/profile_images/879593320602771456/qo7gcPj8_normal.jpg","profile_banner_url":"https://pbs.twimg.com/profile_banners/3032005563/1497334488","profile_link_color":"0084B4","profile_sidebar_border_color":"C0DEED","profile_sidebar_fill_color":"DDEEF6","profile_text_color":"333333","profile_use_background_image":true,"has_extended_profile":false,"default_profile":false,"default_profile_image":false,"following":false,"follow_request_sent":false,"notifications":false,"translator_type":"none"},"geo":null,"coordinates":null,"place":null,"contributors":null,"is_quote_status":false,"retweet_count":285,"favorite_count":219,"favorited":false,"retweeted":false,"possibly_sensitive":false,"lang":"ja"},{"created_at":"Wed Jul 05 03:35:52 +0000 2017","id":882442879183896600,"id_str":"882442879183896576","text":"【期間限定】ロッテリア「やわらか焼肉バーガー」登場！\nhttps://t.co/zyFgt00pot\n\n焼肉だれ、ねぎ塩だれの2種類からソースが選択可能なほか、パティ5枚の「大盛り」7枚の「メガ盛」も選ぶことができる。20日から。 https://t.co/gMVXRLrlJJ","truncated":false,"entities":{"hashtags":[],"symbols":[],"user_mentions":[],"urls":[{"url":"https://t.co/zyFgt00pot","expanded_url":"http://news.livedoor.com/article/detail/13294164/","display_url":"news.livedoor.com/article/detail…","indices":[27,50]}],"media":[{"id":882442676511006700,"id_str":"882442676511006721","indices":[116,139],"media_url":"http://pbs.twimg.com/media/DD8Q8FwVYAEVNlb.jpg","media_url_https":"https://pbs.twimg.com/media/DD8Q8FwVYAEVNlb.jpg","url":"https://t.co/gMVXRLrlJJ","display_url":"pic.twitter.com/gMVXRLrlJJ","expanded_url":"https://twitter.com/livedoornews/status/882442879183896576/photo/1","type":"photo","sizes":{"small":{"w":500,"h":468,"resize":"fit"},"medium":{"w":500,"h":468,"resize":"fit"},"thumb":{"w":150,"h":150,"resize":"crop"},"large":{"w":500,"h":468,"resize":"fit"}}}]},"extended_entities":{"media":[{"id":882442676511006700,"id_str":"882442676511006721","indices":[116,139],"media_url":"http://pbs.twimg.com/media/DD8Q8FwVYAEVNlb.jpg","media_url_https":"https://pbs.twimg.com/media/DD8Q8FwVYAEVNlb.jpg","url":"https://t.co/gMVXRLrlJJ","display_url":"pic.twitter.com/gMVXRLrlJJ","expanded_url":"https://twitter.com/livedoornews/status/882442879183896576/photo/1","type":"photo","sizes":{"small":{"w":500,"h":468,"resize":"fit"},"medium":{"w":500,"h":468,"resize":"fit"},"thumb":{"w":150,"h":150,"resize":"crop"},"large":{"w":500,"h":468,"resize":"fit"}}}]},"metadata":{"iso_language_code":"ja","result_type":"recent"},"source":"<a href=\"http://twitter.com\" rel=\"nofollow\">Twitter Web Client</a>","in_reply_to_status_id":null,"in_reply_to_status_id_str":null,"in_reply_to_user_id":null,"in_reply_to_user_id_str":null,"in_reply_to_screen_name":null,"user":{"id":17306975,"id_str":"17306975","name":"ライブドアニュース","screen_name":"livedoornews","location":"","description":"LINE →https://t.co/yhJO0o7Jns／FB → https://t.co/LHTCuyIEjr／インスタ／→https://t.co/SpmVgPtfCG","url":"http://t.co/Q4Bh3OCfgY","entities":{"url":{"urls":[{"url":"http://t.co/Q4Bh3OCfgY","expanded_url":"http://news.livedoor.com/","display_url":"news.livedoor.com","indices":[0,22]}]},"description":{"urls":[{"url":"https://t.co/yhJO0o7Jns","expanded_url":"http://goo.gl/upBgKP","display_url":"goo.gl/upBgKP","indices":[6,29]},{"url":"https://t.co/LHTCuyIEjr","expanded_url":"http://goo.gl/nDULhn","display_url":"goo.gl/nDULhn","indices":[35,58]},{"url":"https://t.co/SpmVgPtfCG","expanded_url":"http://goo.gl/cHGD9G","display_url":"goo.gl/cHGD9G","indices":[65,88]}]}},"protected":false,"followers_count":422268,"friends_count":86,"listed_count":6120,"created_at":"Tue Nov 11 09:56:31 +0000 2008","favourites_count":2605,"utc_offset":32400,"time_zone":"Tokyo","geo_enabled":false,"verified":true,"statuses_count":176037,"lang":"ja","contributors_enabled":false,"is_translator":false,"is_translation_enabled":false,"profile_background_color":"FFFFFF","profile_background_image_url":"http://pbs.twimg.com/profile_background_images/378800000085828060/4b07c1d868c917fb65a3d64a20904cd5.jpeg","profile_background_image_url_https":"https://pbs.twimg.com/profile_background_images/378800000085828060/4b07c1d868c917fb65a3d64a20904cd5.jpeg","profile_background_tile":false,"profile_image_url":"http://pbs.twimg.com/profile_images/875662964988166149/whdJTD2I_normal.jpg","profile_image_url_https":"https://pbs.twimg.com/profile_images/875662964988166149/whdJTD2I_normal.jpg","profile_link_color":"51ADD4","profile_sidebar_border_color":"FFFFFF","profile_sidebar_fill_color":"95E8EC","profile_text_color":"3C3940","profile_use_background_image":true,"has_extended_profile":false,"default_profile":false,"default_profile_image":false,"following":false,"follow_request_sent":false,"notifications":false,"translator_type":"none"},"geo":null,"coordinates":null,"place":null,"contributors":null,"is_quote_status":false,"retweet_count":126,"favorite_count":146,"favorited":false,"retweeted":false,"possibly_sensitive":false,"lang":"ja"},{"created_at":"Wed Jul 05 03:35:50 +0000 2017","id":882442871873314800,"id_str":"882442871873314816","text":"昔、台風一過のこと台風一家だと思ってて、四人家族くらいの規模が押し寄せて来るのかと思ってた…😉👍✨いい天気ですね(あやか)","truncated":false,"entities":{"hashtags":[],"symbols":[],"user_mentions":[],"urls":[]},"metadata":{"iso_language_code":"ja","result_type":"recent"},"source":"<a href=\"http://twitter.com/download/iphone\" rel=\"nofollow\">Twitter for iPhone</a>","in_reply_to_status_id":null,"in_reply_to_status_id_str":null,"in_reply_to_user_id":null,"in_reply_to_user_id_str":null,"in_reply_to_screen_name":null,"user":{"id":2819975324,"id_str":"2819975324","name":"大橋彩香 公式info","screen_name":"AyakaOhashi","location":"ホリプロ","description":"大橋彩香公式インフォメーション用Twitterです。 主にスタッフ更新です。『1stワンマンライブ Start Up! Blu-ray』発売中、6th Single『ユー&アイ』8/2発売ですっ♪♪MVはこちら→https://t.co/EIyCVRhypX","url":"https://t.co/gC65gEAGQX","entities":{"url":{"urls":[{"url":"https://t.co/gC65gEAGQX","expanded_url":"http://ohashiayaka.com/","display_url":"ohashiayaka.com","indices":[0,23]}]},"description":{"urls":[{"url":"https://t.co/EIyCVRhypX","expanded_url":"https://youtu.be/vwUb8K6rwac","display_url":"youtu.be/vwUb8K6rwac","indices":[106,129]}]}},"protected":false,"followers_count":90934,"friends_count":0,"listed_count":3966,"created_at":"Fri Sep 19 13:21:39 +0000 2014","favourites_count":0,"utc_offset":null,"time_zone":null,"geo_enabled":false,"verified":false,"statuses_count":5169,"lang":"ja","contributors_enabled":false,"is_translator":false,"is_translation_enabled":false,"profile_background_color":"C0DEED","profile_background_image_url":"http://abs.twimg.com/images/themes/theme1/bg.png","profile_background_image_url_https":"https://abs.twimg.com/images/themes/theme1/bg.png","profile_background_tile":false,"profile_image_url":"http://pbs.twimg.com/profile_images/880989595504005122/BIBXh_on_normal.jpg","profile_image_url_https":"https://pbs.twimg.com/profile_images/880989595504005122/BIBXh_on_normal.jpg","profile_banner_url":"https://pbs.twimg.com/profile_banners/2819975324/1498753862","profile_link_color":"1DA1F2","profile_sidebar_border_color":"C0DEED","profile_sidebar_fill_color":"DDEEF6","profile_text_color":"333333","profile_use_background_image":true,"has_extended_profile":true,"default_profile":true,"default_profile_image":false,"following":false,"follow_request_sent":false,"notifications":false,"translator_type":"none"},"geo":null,"coordinates":null,"place":null,"contributors":null,"is_quote_status":false,"retweet_count":290,"favorite_count":505,"favorited":false,"retweeted":false,"lang":"ja"},{"created_at":"Wed Jul 05 03:35:08 +0000 2017","id":882442697830682600,"id_str":"882442697830682625","text":"ぐでたまカフェが大阪なんばパークスに限定オープン - サンリオの人気キャラ”ぐでたま”がリゾート風に - https://t.co/93xyCwzZ3Q https://t.co/aAKy8WJ8Ed","truncated":false,"entities":{"hashtags":[],"symbols":[],"user_mentions":[],"urls":[{"url":"https://t.co/93xyCwzZ3Q","expanded_url":"https://www.fashion-press.net/news/31892","display_url":"fashion-press.net/news/31892","indices":[53,76]}],"media":[{"id":882442685939765200,"id_str":"882442685939765248","indices":[77,100],"media_url":"http://pbs.twimg.com/media/DD8Q8o4U0AALDUu.jpg","media_url_https":"https://pbs.twimg.com/media/DD8Q8o4U0AALDUu.jpg","url":"https://t.co/aAKy8WJ8Ed","display_url":"pic.twitter.com/aAKy8WJ8Ed","expanded_url":"https://twitter.com/fashionpressnet/status/882442697830682625/photo/1","type":"photo","sizes":{"large":{"w":680,"h":495,"resize":"fit"},"thumb":{"w":150,"h":150,"resize":"crop"},"medium":{"w":680,"h":495,"resize":"fit"},"small":{"w":680,"h":495,"resize":"fit"}}}]},"extended_entities":{"media":[{"id":882442685939765200,"id_str":"882442685939765248","indices":[77,100],"media_url":"http://pbs.twimg.com/media/DD8Q8o4U0AALDUu.jpg","media_url_https":"https://pbs.twimg.com/media/DD8Q8o4U0AALDUu.jpg","url":"https://t.co/aAKy8WJ8Ed","display_url":"pic.twitter.com/aAKy8WJ8Ed","expanded_url":"https://twitter.com/fashionpressnet/status/882442697830682625/photo/1","type":"photo","sizes":{"large":{"w":680,"h":495,"resize":"fit"},"thumb":{"w":150,"h":150,"resize":"crop"},"medium":{"w":680,"h":495,"resize":"fit"},"small":{"w":680,"h":495,"resize":"fit"}}},{"id":882442689253224400,"id_str":"882442689253224450","indices":[77,100],"media_url":"http://pbs.twimg.com/media/DD8Q81OUMAI5I2y.jpg","media_url_https":"https://pbs.twimg.com/media/DD8Q81OUMAI5I2y.jpg","url":"https://t.co/aAKy8WJ8Ed","display_url":"pic.twitter.com/aAKy8WJ8Ed","expanded_url":"https://twitter.com/fashionpressnet/status/882442697830682625/photo/1","type":"photo","sizes":{"thumb":{"w":150,"h":150,"resize":"crop"},"large":{"w":680,"h":634,"resize":"fit"},"medium":{"w":680,"h":634,"resize":"fit"},"small":{"w":680,"h":634,"resize":"fit"}}},{"id":882442692088569900,"id_str":"882442692088569857","indices":[77,100],"media_url":"http://pbs.twimg.com/media/DD8Q8_yUIAEZWtx.jpg","media_url_https":"https://pbs.twimg.com/media/DD8Q8_yUIAEZWtx.jpg","url":"https://t.co/aAKy8WJ8Ed","display_url":"pic.twitter.com/aAKy8WJ8Ed","expanded_url":"https://twitter.com/fashionpressnet/status/882442697830682625/photo/1","type":"photo","sizes":{"thumb":{"w":150,"h":150,"resize":"crop"},"medium":{"w":680,"h":533,"resize":"fit"},"small":{"w":680,"h":533,"resize":"fit"},"large":{"w":680,"h":533,"resize":"fit"}}},{"id":882442695305699300,"id_str":"882442695305699328","indices":[77,100],"media_url":"http://pbs.twimg.com/media/DD8Q9LxVoAA45e6.jpg","media_url_https":"https://pbs.twimg.com/media/DD8Q9LxVoAA45e6.jpg","url":"https://t.co/aAKy8WJ8Ed","display_url":"pic.twitter.com/aAKy8WJ8Ed","expanded_url":"https://twitter.com/fashionpressnet/status/882442697830682625/photo/1","type":"photo","sizes":{"medium":{"w":680,"h":537,"resize":"fit"},"thumb":{"w":150,"h":150,"resize":"crop"},"small":{"w":680,"h":537,"resize":"fit"},"large":{"w":680,"h":537,"resize":"fit"}}}]},"metadata":{"iso_language_code":"ja","result_type":"recent"},"source":"<a href=\"http://www.fashion-press.net/\" rel=\"nofollow\">Fashion Press</a>","in_reply_to_status_id":null,"in_reply_to_status_id_str":null,"in_reply_to_user_id":null,"in_reply_to_user_id_str":null,"in_reply_to_screen_name":null,"user":{"id":168816611,"id_str":"168816611","name":"Fashion Press","screen_name":"fashionpressnet","location":"","description":"ファッションWEBマガジン「ファッションプレス」公式アカウント。 【Instagram】http://t.co/3myapCJ1Ax【Facebook】http://t.co/8FFmQA2set","url":"http://t.co/rSEGQEqMH0","entities":{"url":{"urls":[{"url":"http://t.co/rSEGQEqMH0","expanded_url":"http://www.fashion-press.net/","display_url":"fashion-press.net","indices":[0,22]}]},"description":{"urls":[{"url":"http://t.co/3myapCJ1Ax","expanded_url":"http://instagram.com/fashionpressjp","display_url":"instagram.com/fashionpressjp","indices":[44,66]},{"url":"http://t.co/8FFmQA2set","expanded_url":"http://www.facebook.com/FashionPress.net","display_url":"facebook.com/FashionPress.n…","indices":[76,98]}]}},"protected":false,"followers_count":2267101,"friends_count":1,"listed_count":8928,"created_at":"Tue Jul 20 21:38:17 +0000 2010","favourites_count":0,"utc_offset":32400,"time_zone":"Tokyo","geo_enabled":false,"verified":true,"statuses_count":80281,"lang":"ja","contributors_enabled":false,"is_translator":false,"is_translation_enabled":false,"profile_background_color":"F5F8FA","profile_background_image_url":"http://abs.twimg.com/images/themes/theme14/bg.gif","profile_background_image_url_https":"https://abs.twimg.com/images/themes/theme14/bg.gif","profile_background_tile":false,"profile_image_url":"http://pbs.twimg.com/profile_images/491483872677228544/fuq52Rp2_normal.jpeg","profile_image_url_https":"https://pbs.twimg.com/profile_images/491483872677228544/fuq52Rp2_normal.jpeg","profile_banner_url":"https://pbs.twimg.com/profile_banners/168816611/1444307408","profile_link_color":"343738","profile_sidebar_border_color":"FFFFFF","profile_sidebar_fill_color":"DDEEF6","profile_text_color":"333333","profile_use_background_image":true,"has_extended_profile":false,"default_profile":false,"default_profile_image":false,"following":false,"follow_request_sent":false,"notifications":false,"translator_type":"none"},"geo":null,"coordinates":null,"place":null,"contributors":null,"is_quote_status":false,"retweet_count":146,"favorite_count":235,"favorited":false,"retweeted":false,"possibly_sensitive":false,"lang":"ja"},{"created_at":"Wed Jul 05 03:34:37 +0000 2017","id":882442567236722700,"id_str":"882442567236722688","text":"ジャージを着たちっさい中学生たちが荷物から颯爽と登場 https://t.co/LHMSwtRZ9Q","truncated":false,"entities":{"hashtags":[],"symbols":[],"user_mentions":[],"urls":[],"media":[{"id":882442565638803500,"id_str":"882442565638803457","indices":[27,50],"media_url":"http://pbs.twimg.com/media/DD8Q1ouV0AEwzO_.jpg","media_url_https":"https://pbs.twimg.com/media/DD8Q1ouV0AEwzO_.jpg","url":"https://t.co/LHMSwtRZ9Q","display_url":"pic.twitter.com/LHMSwtRZ9Q","expanded_url":"https://twitter.com/kingjim/status/882442567236722688/photo/1","type":"photo","sizes":{"medium":{"w":1024,"h":768,"resize":"fit"},"thumb":{"w":150,"h":150,"resize":"crop"},"small":{"w":680,"h":510,"resize":"fit"},"large":{"w":1024,"h":768,"resize":"fit"}}}]},"extended_entities":{"media":[{"id":882442565638803500,"id_str":"882442565638803457","indices":[27,50],"media_url":"http://pbs.twimg.com/media/DD8Q1ouV0AEwzO_.jpg","media_url_https":"https://pbs.twimg.com/media/DD8Q1ouV0AEwzO_.jpg","url":"https://t.co/LHMSwtRZ9Q","display_url":"pic.twitter.com/LHMSwtRZ9Q","expanded_url":"https://twitter.com/kingjim/status/882442567236722688/photo/1","type":"photo","sizes":{"medium":{"w":1024,"h":768,"resize":"fit"},"thumb":{"w":150,"h":150,"resize":"crop"},"small":{"w":680,"h":510,"resize":"fit"},"large":{"w":1024,"h":768,"resize":"fit"}}}]},"metadata":{"iso_language_code":"ja","result_type":"recent"},"source":"<a href=\"http://twitter.com/download/iphone\" rel=\"nofollow\">Twitter for iPhone</a>","in_reply_to_status_id":null,"in_reply_to_status_id_str":null,"in_reply_to_user_id":null,"in_reply_to_user_id_str":null,"in_reply_to_screen_name":null,"user":{"id":112480180,"id_str":"112480180","name":"キングジム","screen_name":"kingjim","location":"東京都千代田区","description":"創業90周年を迎えた「テプラ」や「ファイル」の株式会社キングジム公式アカウントです。キングジムの商品やサービス、ユルい日常をお届けします。主な情報はWebサイトをご覧ください。ご質問・お問い合わせは、各種サポート窓口にお願い致します。https://t.co/BcjtDu62vv","url":"https://t.co/idKZvoHMoy","entities":{"url":{"urls":[{"url":"https://t.co/idKZvoHMoy","expanded_url":"http://www.kingjim.co.jp/","display_url":"kingjim.co.jp","indices":[0,23]}]},"description":{"urls":[{"url":"https://t.co/BcjtDu62vv","expanded_url":"http://www.kingjim.co.jp/contact","display_url":"kingjim.co.jp/contact","indices":[117,140]}]}},"protected":false,"followers_count":229048,"friends_count":14882,"listed_count":3742,"created_at":"Mon Feb 08 17:10:28 +0000 2010","favourites_count":315,"utc_offset":32400,"time_zone":"Tokyo","geo_enabled":false,"verified":true,"statuses_count":26496,"lang":"ja","contributors_enabled":false,"is_translator":false,"is_translation_enabled":false,"profile_background_color":"FFFFFF","profile_background_image_url":"http://abs.twimg.com/images/themes/theme1/bg.png","profile_background_image_url_https":"https://abs.twimg.com/images/themes/theme1/bg.png","profile_background_tile":false,"profile_image_url":"http://pbs.twimg.com/profile_images/875541051443781632/8b7aesC-_normal.jpg","profile_image_url_https":"https://pbs.twimg.com/profile_images/875541051443781632/8b7aesC-_normal.jpg","profile_banner_url":"https://pbs.twimg.com/profile_banners/112480180/1484811191","profile_link_color":"1E85D4","profile_sidebar_border_color":"FFFFFF","profile_sidebar_fill_color":"E3E3E3","profile_text_color":"333333","profile_use_background_image":false,"has_extended_profile":true,"default_profile":false,"default_profile_image":false,"following":false,"follow_request_sent":false,"notifications":false,"translator_type":"regular"},"geo":null,"coordinates":null,"place":null,"contributors":null,"is_quote_status":false,"retweet_count":108,"favorite_count":224,"favorited":false,"retweeted":false,"possibly_sensitive":false,"lang":"ja"},{"created_at":"Wed Jul 05 03:33:44 +0000 2017","id":882442345941053400,"id_str":"882442345941053441","text":"また応援する！ https://t.co/QJ5rkGv1XN","truncated":false,"entities":{"hashtags":[],"symbols":[],"user_mentions":[],"urls":[],"media":[{"id":882442153426690000,"id_str":"882442153426690048","indices":[8,31],"media_url":"http://pbs.twimg.com/media/DD8QdpHUIAAKWgB.jpg","media_url_https":"https://pbs.twimg.com/media/DD8QdpHUIAAKWgB.jpg","url":"https://t.co/QJ5rkGv1XN","display_url":"pic.twitter.com/QJ5rkGv1XN","expanded_url":"https://twitter.com/_TAKTO_/status/882442345941053441/photo/1","type":"photo","sizes":{"small":{"w":553,"h":597,"resize":"fit"},"large":{"w":553,"h":597,"resize":"fit"},"thumb":{"w":150,"h":150,"resize":"crop"},"medium":{"w":553,"h":597,"resize":"fit"}}}]},"extended_entities":{"media":[{"id":882442153426690000,"id_str":"882442153426690048","indices":[8,31],"media_url":"http://pbs.twimg.com/media/DD8QdpHUIAAKWgB.jpg","media_url_https":"https://pbs.twimg.com/media/DD8QdpHUIAAKWgB.jpg","url":"https://t.co/QJ5rkGv1XN","display_url":"pic.twitter.com/QJ5rkGv1XN","expanded_url":"https://twitter.com/_TAKTO_/status/882442345941053441/photo/1","type":"photo","sizes":{"small":{"w":553,"h":597,"resize":"fit"},"large":{"w":553,"h":597,"resize":"fit"},"thumb":{"w":150,"h":150,"resize":"crop"},"medium":{"w":553,"h":597,"resize":"fit"}}}]},"metadata":{"iso_language_code":"ja","result_type":"recent"},"source":"<a href=\"http://twitter.com\" rel=\"nofollow\">Twitter Web Client</a>","in_reply_to_status_id":null,"in_reply_to_status_id_str":null,"in_reply_to_user_id":null,"in_reply_to_user_id_str":null,"in_reply_to_screen_name":null,"user":{"id":179487897,"id_str":"179487897","name":"TAKTO","screen_name":"_TAKTO_","location":"日本","description":"イラストや漫画を描いています。https://t.co/JYXDBB3Toe様「フラワーナイトガール」、電撃文庫様「迷宮料理人ナギの冒険」、キングノベルス様「転生魔術師が運営するタワーダンジョン」、TOブックス様等にお世話になっております。サークル：City Forest・eNU CRAFT所属。よろしくお願いします。","url":"http://t.co/2Eztwevqaw","entities":{"url":{"urls":[{"url":"http://t.co/2Eztwevqaw","expanded_url":"http://cityforest.jp/","display_url":"cityforest.jp","indices":[0,22]}]},"description":{"urls":[{"url":"https://t.co/JYXDBB3Toe","expanded_url":"http://DMM.com","display_url":"DMM.com","indices":[15,38]}]}},"protected":false,"followers_count":6898,"friends_count":206,"listed_count":173,"created_at":"Tue Aug 17 12:17:12 +0000 2010","favourites_count":1808,"utc_offset":32400,"time_zone":"Tokyo","geo_enabled":false,"verified":false,"statuses_count":4869,"lang":"ja","contributors_enabled":false,"is_translator":false,"is_translation_enabled":false,"profile_background_color":"C0DEED","profile_background_image_url":"http://abs.twimg.com/images/themes/theme1/bg.png","profile_background_image_url_https":"https://abs.twimg.com/images/themes/theme1/bg.png","profile_background_tile":false,"profile_image_url":"http://pbs.twimg.com/profile_images/746895624025497600/9V2IWzAz_normal.jpg","profile_image_url_https":"https://pbs.twimg.com/profile_images/746895624025497600/9V2IWzAz_normal.jpg","profile_banner_url":"https://pbs.twimg.com/profile_banners/179487897/1466909097","profile_link_color":"1DA1F2","profile_sidebar_border_color":"C0DEED","profile_sidebar_fill_color":"DDEEF6","profile_text_color":"333333","profile_use_background_image":true,"has_extended_profile":false,"default_profile":true,"default_profile_image":false,"following":false,"follow_request_sent":false,"notifications":false,"translator_type":"none"},"geo":null,"coordinates":null,"place":null,"contributors":null,"is_quote_status":false,"retweet_count":82,"favorite_count":104,"favorited":false,"retweeted":false,"possibly_sensitive":false,"lang":"ja"},{"created_at":"Wed Jul 05 03:33:17 +0000 2017","id":882442230325166100,"id_str":"882442230325166080","text":"シェイクスピアとアンデルセンが書き、アマデウスが作曲し、不夜城のキャスターが語り聞かせ、ダヴィンチちゃんがCD化し、黒ひげが買い、エミヤがコピーし、レジスタンスのライダーが転売する。 #カルデアの経済","truncated":false,"entities":{"hashtags":[{"text":"カルデアの経済","indices":[92,100]}],"symbols":[],"user_mentions":[],"urls":[]},"metadata":{"iso_language_code":"ja","result_type":"recent"},"source":"<a href=\"http://twitter.com/download/iphone\" rel=\"nofollow\">Twitter for iPhone</a>","in_reply_to_status_id":null,"in_reply_to_status_id_str":null,"in_reply_to_user_id":null,"in_reply_to_user_id_str":null,"in_reply_to_screen_name":null,"user":{"id":1968884220,"id_str":"1968884220","name":"ヴィヴラフランスと叫んでから自決","screen_name":"pe6n1","location":"アンジェリカケージ","description":"I am the Ninja of my lord.","url":null,"entities":{"description":{"urls":[]}},"protected":false,"followers_count":13311,"friends_count":156,"listed_count":265,"created_at":"Fri Oct 18 13:54:00 +0000 2013","favourites_count":32472,"utc_offset":32400,"time_zone":"Tokyo","geo_enabled":false,"verified":false,"statuses_count":53479,"lang":"ja","contributors_enabled":false,"is_translator":false,"is_translation_enabled":false,"profile_background_color":"C0DEED","profile_background_image_url":"http://abs.twimg.com/images/themes/theme1/bg.png","profile_background_image_url_https":"https://abs.twimg.com/images/themes/theme1/bg.png","profile_background_tile":false,"profile_image_url":"http://pbs.twimg.com/profile_images/882280923307233280/KQM0TH0M_normal.jpg","profile_image_url_https":"https://pbs.twimg.com/profile_images/882280923307233280/KQM0TH0M_normal.jpg","profile_banner_url":"https://pbs.twimg.com/profile_banners/1968884220/1496228717","profile_link_color":"1DA1F2","profile_sidebar_border_color":"C0DEED","profile_sidebar_fill_color":"DDEEF6","profile_text_color":"333333","profile_use_background_image":true,"has_extended_profile":true,"default_profile":true,"default_profile_image":false,"following":false,"follow_request_sent":false,"notifications":false,"translator_type":"none"},"geo":null,"coordinates":null,"place":null,"contributors":null,"is_quote_status":false,"retweet_count":51,"favorite_count":60,"favorited":false,"retweeted":false,"lang":"ja"},{"created_at":"Wed Jul 05 03:32:21 +0000 2017","id":882441997448912900,"id_str":"882441997448912896","text":"◯◯が可哀想だよね〜とかって自分がされた訳じゃないのに人の事でグチグチ盛り上がってる人達ってなんなん。\nその本人の気持ちになって考えてあげられてます感なんなん。\n悪口言ってる時とか負で繋がってる瞬間に生まれるその団結力ってまぢなんなんなん。","truncated":false,"entities":{"hashtags":[],"symbols":[],"user_mentions":[],"urls":[]},"metadata":{"iso_language_code":"ja","result_type":"recent"},"source":"<a href=\"http://twitter.com/download/iphone\" rel=\"nofollow\">Twitter for iPhone</a>","in_reply_to_status_id":null,"in_reply_to_status_id_str":null,"in_reply_to_user_id":null,"in_reply_to_user_id_str":null,"in_reply_to_screen_name":null,"user":{"id":224959418,"id_str":"224959418","name":"ミオヤマザキ","screen_name":"mio_yamazaki","location":"東京","description":"『殺されてもいいって位に、誰かを愛した事ありますか？』 https://t.co/T2BSfhKOY2 【ニコ動】https://t.co/Ipezv3uqTU 【755】 https://t.co/b4nSi1e6tY","url":"https://t.co/KBlYtwcwtV","entities":{"url":{"urls":[{"url":"https://t.co/KBlYtwcwtV","expanded_url":"http://www.mioyamazaki.jp","display_url":"mioyamazaki.jp","indices":[0,23]}]},"description":{"urls":[{"url":"https://t.co/T2BSfhKOY2","expanded_url":"http://www.mioyamazaki.jp/antithese/","display_url":"mioyamazaki.jp/antithese/","indices":[28,51]},{"url":"https://t.co/Ipezv3uqTU","expanded_url":"http://www.nicovideo.jp/mylist/47221924","display_url":"nicovideo.jp/mylist/47221924","indices":[57,80]},{"url":"https://t.co/b4nSi1e6tY","expanded_url":"https://7gogo.jp/q0u3kYVjkFK_","display_url":"7gogo.jp/q0u3kYVjkFK_","indices":[87,110]}]}},"protected":false,"followers_count":74208,"friends_count":0,"listed_count":592,"created_at":"Fri Dec 10 09:00:00 +0000 2010","favourites_count":30545,"utc_offset":32400,"time_zone":"Tokyo","geo_enabled":false,"verified":true,"statuses_count":48323,"lang":"ja","contributors_enabled":false,"is_translator":false,"is_translation_enabled":false,"profile_background_color":"000000","profile_background_image_url":"http://abs.twimg.com/images/themes/theme1/bg.png","profile_background_image_url_https":"https://abs.twimg.com/images/themes/theme1/bg.png","profile_background_tile":false,"profile_image_url":"http://pbs.twimg.com/profile_images/875987693343186945/Y-4yBv3p_normal.jpg","profile_image_url_https":"https://pbs.twimg.com/profile_images/875987693343186945/Y-4yBv3p_normal.jpg","profile_banner_url":"https://pbs.twimg.com/profile_banners/224959418/1497734887","profile_link_color":"CC0000","profile_sidebar_border_color":"000000","profile_sidebar_fill_color":"000000","profile_text_color":"000000","profile_use_background_image":false,"has_extended_profile":false,"default_profile":false,"default_profile_image":false,"following":false,"follow_request_sent":false,"notifications":false,"translator_type":"none"},"geo":null,"coordinates":null,"place":null,"contributors":null,"is_quote_status":false,"retweet_count":106,"favorite_count":300,"favorited":false,"retweeted":false,"lang":"ja"},{"created_at":"Wed Jul 05 03:32:14 +0000 2017","id":882441967875104800,"id_str":"882441967875104768","text":"設営完了のイラスト（女性・眼鏡） https://t.co/vEC55d3TUU","truncated":false,"entities":{"hashtags":[],"symbols":[],"user_mentions":[],"urls":[{"url":"https://t.co/vEC55d3TUU","expanded_url":"http://www.irasutoya.com/2017/07/blog-post_52.html","display_url":"irasutoya.com/2017/07/blog-p…","indices":[17,40]}]},"metadata":{"iso_language_code":"ja","result_type":"recent"},"source":"<a href=\"https://ifttt.com\" rel=\"nofollow\">IFTTT</a>","in_reply_to_status_id":null,"in_reply_to_status_id_str":null,"in_reply_to_user_id":null,"in_reply_to_user_id_str":null,"in_reply_to_screen_name":null,"user":{"id":480218535,"id_str":"480218535","name":"いらすとや","screen_name":"irasutoya","location":"","description":"いらすとやが更新されたらお知らせするツイッターアカウントです","url":"https://t.co/70G2eODyGQ","entities":{"url":{"urls":[{"url":"https://t.co/70G2eODyGQ","expanded_url":"http://www.irasutoya.com","display_url":"irasutoya.com","indices":[0,23]}]},"description":{"urls":[]}},"protected":false,"followers_count":45218,"friends_count":0,"listed_count":627,"created_at":"Wed Feb 01 07:44:03 +0000 2012","favourites_count":0,"utc_offset":null,"time_zone":null,"geo_enabled":false,"verified":false,"statuses_count":15534,"lang":"ja","contributors_enabled":false,"is_translator":false,"is_translation_enabled":false,"profile_background_color":"D7D4B4","profile_background_image_url":"http://pbs.twimg.com/profile_background_images/633567948/olbfttx4wp4w5nd0ul1k.jpeg","profile_background_image_url_https":"https://pbs.twimg.com/profile_background_images/633567948/olbfttx4wp4w5nd0ul1k.jpeg","profile_background_tile":true,"profile_image_url":"http://pbs.twimg.com/profile_images/882063284525871104/PmCKoCfR_normal.jpg","profile_image_url_https":"https://pbs.twimg.com/profile_images/882063284525871104/PmCKoCfR_normal.jpg","profile_banner_url":"https://pbs.twimg.com/profile_banners/480218535/1401771507","profile_link_color":"6B8600","profile_sidebar_border_color":"FFFFFF","profile_sidebar_fill_color":"E5507E","profile_text_color":"362720","profile_use_background_image":true,"has_extended_profile":false,"default_profile":false,"default_profile_image":false,"following":false,"follow_request_sent":false,"notifications":false,"translator_type":"none"},"geo":null,"coordinates":null,"place":null,"contributors":null,"is_quote_status":false,"retweet_count":70,"favorite_count":50,"favorited":false,"retweeted":false,"possibly_sensitive":false,"lang":"ja"},{"created_at":"Wed Jul 05 03:32:12 +0000 2017","id":882441958932623400,"id_str":"882441958932623360","text":"「陰キャ」の新しい呼び方選手権を開催します。","truncated":false,"entities":{"hashtags":[],"symbols":[],"user_mentions":[],"urls":[]},"metadata":{"iso_language_code":"ja","result_type":"recent"},"source":"<a href=\"http://twitter.com/download/iphone\" rel=\"nofollow\">Twitter for iPhone</a>","in_reply_to_status_id":null,"in_reply_to_status_id_str":null,"in_reply_to_user_id":null,"in_reply_to_user_id_str":null,"in_reply_to_screen_name":null,"user":{"id":2803477274,"id_str":"2803477274","name":"坊主","screen_name":"bozu_108","location":"日本","description":"ポケモンgoのやり過ぎで坊主バー破門になりました。坊主だけじゃ食ってけないので新宿ゴールデン街でバーテン始めました。神社の絵馬の個人情報保護シール「神のみぞシール」作りました。この垢は暇つぶしで見る位にして下さい。坊さんだらけのフットサルチーム作りました。対戦相手募集中。皆さんの悩みや不安を選手権で解決したいと思ってま","url":null,"entities":{"description":{"urls":[]}},"protected":false,"followers_count":232800,"friends_count":39619,"listed_count":1325,"created_at":"Thu Sep 11 10:41:30 +0000 2014","favourites_count":20772,"utc_offset":null,"time_zone":null,"geo_enabled":true,"verified":false,"statuses_count":1231,"lang":"ja","contributors_enabled":false,"is_translator":false,"is_translation_enabled":false,"profile_background_color":"C0DEED","profile_background_image_url":"http://abs.twimg.com/images/themes/theme1/bg.png","profile_background_image_url_https":"https://abs.twimg.com/images/themes/theme1/bg.png","profile_background_tile":false,"profile_image_url":"http://pbs.twimg.com/profile_images/778304121187078144/-SViugXh_normal.jpg","profile_image_url_https":"https://pbs.twimg.com/profile_images/778304121187078144/-SViugXh_normal.jpg","profile_banner_url":"https://pbs.twimg.com/profile_banners/2803477274/1475491730","profile_link_color":"1DA1F2","profile_sidebar_border_color":"C0DEED","profile_sidebar_fill_color":"DDEEF6","profile_text_color":"333333","profile_use_background_image":true,"has_extended_profile":false,"default_profile":true,"default_profile_image":false,"following":false,"follow_request_sent":false,"notifications":false,"translator_type":"none"},"geo":null,"coordinates":null,"place":null,"contributors":null,"is_quote_status":false,"retweet_count":89,"favorite_count":199,"favorited":false,"retweeted":false,"lang":"ja"},{"created_at":"Wed Jul 05 03:32:10 +0000 2017","id":882441949117952000,"id_str":"882441949117952000","text":"みんなの願いごとを いちまい いちまい、受理してるところ。 https://t.co/lpXoP9Urvq","truncated":false,"entities":{"hashtags":[],"symbols":[],"user_mentions":[],"urls":[],"media":[{"id":882441938619596800,"id_str":"882441938619596801","indices":[30,53],"media_url":"http://pbs.twimg.com/media/DD8QRI5UAAE4nh7.jpg","media_url_https":"https://pbs.twimg.com/media/DD8QRI5UAAE4nh7.jpg","url":"https://t.co/lpXoP9Urvq","display_url":"pic.twitter.com/lpXoP9Urvq","expanded_url":"https://twitter.com/KatteniCampaign/status/882441949117952000/photo/1","type":"photo","sizes":{"small":{"w":579,"h":579,"resize":"fit"},"large":{"w":579,"h":579,"resize":"fit"},"thumb":{"w":150,"h":150,"resize":"crop"},"medium":{"w":579,"h":579,"resize":"fit"}}}]},"extended_entities":{"media":[{"id":882441938619596800,"id_str":"882441938619596801","indices":[30,53],"media_url":"http://pbs.twimg.com/media/DD8QRI5UAAE4nh7.jpg","media_url_https":"https://pbs.twimg.com/media/DD8QRI5UAAE4nh7.jpg","url":"https://t.co/lpXoP9Urvq","display_url":"pic.twitter.com/lpXoP9Urvq","expanded_url":"https://twitter.com/KatteniCampaign/status/882441949117952000/photo/1","type":"photo","sizes":{"small":{"w":579,"h":579,"resize":"fit"},"large":{"w":579,"h":579,"resize":"fit"},"thumb":{"w":150,"h":150,"resize":"crop"},"medium":{"w":579,"h":579,"resize":"fit"}}}]},"metadata":{"iso_language_code":"ja","result_type":"recent"},"source":"<a href=\"http://twitter.com/#!/download/ipad\" rel=\"nofollow\">Twitter for iPad</a>","in_reply_to_status_id":null,"in_reply_to_status_id_str":null,"in_reply_to_user_id":null,"in_reply_to_user_id_str":null,"in_reply_to_screen_name":null,"user":{"id":1580235836,"id_str":"1580235836","name":"雲がうまれる","screen_name":"KatteniCampaign","location":"","description":"雲がうまれるの本『犬しぐさ犬ことば』ワニ・プラス https://t.co/Bkk2cTu0VS 雲がうまれる支局できました→ @kumouma","url":null,"entities":{"description":{"urls":[{"url":"https://t.co/Bkk2cTu0VS","expanded_url":"https://www.amazon.co.jp/gp/product/4847093828/ref=pd_sim_14_1?ie=UTF8&psc=1&refRID=K2784CF2G650YC4C7TM2","display_url":"amazon.co.jp/gp/product/484…","indices":[25,48]}]}},"protected":false,"followers_count":26740,"friends_count":200,"listed_count":456,"created_at":"Tue Jul 09 12:19:11 +0000 2013","favourites_count":19458,"utc_offset":32400,"time_zone":"Tokyo","geo_enabled":false,"verified":false,"statuses_count":25479,"lang":"ja","contributors_enabled":false,"is_translator":false,"is_translation_enabled":false,"profile_background_color":"C0DEED","profile_background_image_url":"http://abs.twimg.com/images/themes/theme1/bg.png","profile_background_image_url_https":"https://abs.twimg.com/images/themes/theme1/bg.png","profile_background_tile":false,"profile_image_url":"http://pbs.twimg.com/profile_images/848237863720189952/jIHCcBe9_normal.jpg","profile_image_url_https":"https://pbs.twimg.com/profile_images/848237863720189952/jIHCcBe9_normal.jpg","profile_banner_url":"https://pbs.twimg.com/profile_banners/1580235836/1382262541","profile_link_color":"1DA1F2","profile_sidebar_border_color":"C0DEED","profile_sidebar_fill_color":"DDEEF6","profile_text_color":"333333","profile_use_background_image":true,"has_extended_profile":false,"default_profile":true,"default_profile_image":false,"following":false,"follow_request_sent":false,"notifications":false,"translator_type":"none"},"geo":null,"coordinates":null,"place":null,"contributors":null,"is_quote_status":false,"retweet_count":49,"favorite_count":109,"favorited":false,"retweeted":false,"possibly_sensitive":false,"lang":"ja"},{"created_at":"Wed Jul 05 03:31:47 +0000 2017","id":882441853844332500,"id_str":"882441853844332544","text":"こんにちは！！！\nハンバーグにしました！！ https://t.co/zoSvTWlecs","truncated":false,"entities":{"hashtags":[],"symbols":[],"user_mentions":[],"urls":[],"media":[{"id":882441842322587600,"id_str":"882441842322587650","indices":[22,45],"media_url":"http://pbs.twimg.com/media/DD8QLiKUQAIwbPM.jpg","media_url_https":"https://pbs.twimg.com/media/DD8QLiKUQAIwbPM.jpg","url":"https://t.co/zoSvTWlecs","display_url":"pic.twitter.com/zoSvTWlecs","expanded_url":"https://twitter.com/DaiKing_boy/status/882441853844332544/photo/1","type":"photo","sizes":{"medium":{"w":1200,"h":900,"resize":"fit"},"small":{"w":680,"h":510,"resize":"fit"},"thumb":{"w":150,"h":150,"resize":"crop"},"large":{"w":1478,"h":1108,"resize":"fit"}}}]},"extended_entities":{"media":[{"id":882441842322587600,"id_str":"882441842322587650","indices":[22,45],"media_url":"http://pbs.twimg.com/media/DD8QLiKUQAIwbPM.jpg","media_url_https":"https://pbs.twimg.com/media/DD8QLiKUQAIwbPM.jpg","url":"https://t.co/zoSvTWlecs","display_url":"pic.twitter.com/zoSvTWlecs","expanded_url":"https://twitter.com/DaiKing_boy/status/882441853844332544/photo/1","type":"photo","sizes":{"medium":{"w":1200,"h":900,"resize":"fit"},"small":{"w":680,"h":510,"resize":"fit"},"thumb":{"w":150,"h":150,"resize":"crop"},"large":{"w":1478,"h":1108,"resize":"fit"}}}]},"metadata":{"iso_language_code":"ja","result_type":"recent"},"source":"<a href=\"http://twitter.com/download/iphone\" rel=\"nofollow\">Twitter for iPhone</a>","in_reply_to_status_id":null,"in_reply_to_status_id_str":null,"in_reply_to_user_id":null,"in_reply_to_user_id_str":null,"in_reply_to_screen_name":null,"user":{"id":371610505,"id_str":"371610505","name":"山下大輝","screen_name":"DaiKing_boy","location":"","description":"新人声優です！！ 今よりもっと！を胸に毎日楽しく全力で駆け抜けていきます！！！肉が好きです。","url":null,"entities":{"description":{"urls":[]}},"protected":false,"followers_count":217203,"friends_count":316,"listed_count":7366,"created_at":"Sun Sep 11 05:28:38 +0000 2011","favourites_count":81,"utc_offset":-36000,"time_zone":"Hawaii","geo_enabled":false,"verified":false,"statuses_count":17628,"lang":"ja","contributors_enabled":false,"is_translator":false,"is_translation_enabled":false,"profile_background_color":"C0DEED","profile_background_image_url":"http://abs.twimg.com/images/themes/theme1/bg.png","profile_background_image_url_https":"https://abs.twimg.com/images/themes/theme1/bg.png","profile_background_tile":false,"profile_image_url":"http://pbs.twimg.com/profile_images/816265444092841984/D2oKnB38_normal.jpg","profile_image_url_https":"https://pbs.twimg.com/profile_images/816265444092841984/D2oKnB38_normal.jpg","profile_banner_url":"https://pbs.twimg.com/profile_banners/371610505/1478561702","profile_link_color":"1DA1F2","profile_sidebar_border_color":"C0DEED","profile_sidebar_fill_color":"DDEEF6","profile_text_color":"333333","profile_use_background_image":true,"has_extended_profile":true,"default_profile":true,"default_profile_image":false,"following":false,"follow_request_sent":false,"notifications":false,"translator_type":"none"},"geo":null,"coordinates":null,"place":null,"contributors":null,"is_quote_status":false,"retweet_count":218,"favorite_count":774,"favorited":false,"retweeted":false,"possibly_sensitive":false,"lang":"ja"},{"created_at":"Wed Jul 05 03:31:38 +0000 2017","id":882441814053052400,"id_str":"882441814053052418","text":"やまぺ\n・くっだらねー事に振り回されんな\n・なーんか勝手に盛り上がってるみたいだけど\n・何を信じんのか、信じないのかは自由\n・くだらない事で、今までの努力無駄にすると思いますか？\n・憶測、嘘。多いよねー","truncated":false,"entities":{"hashtags":[],"symbols":[],"user_mentions":[],"urls":[]},"metadata":{"iso_language_code":"ja","result_type":"recent"},"source":"<a href=\"http://twitter.com/download/iphone\" rel=\"nofollow\">Twitter for iPhone</a>","in_reply_to_status_id":null,"in_reply_to_status_id_str":null,"in_reply_to_user_id":null,"in_reply_to_user_id_str":null,"in_reply_to_screen_name":null,"user":{"id":2962991256,"id_str":"2962991256","name":"あ 🐶","screen_name":"arym_0304","location":"小さいお兄ちゃん☺️☺️☺️","description":"映画『ナミヤ雑貨店の奇蹟』 https://t.co/tOw9oNc3ZY","url":"https://t.co/Dz9mXxqTZ9","entities":{"url":{"urls":[{"url":"https://t.co/Dz9mXxqTZ9","expanded_url":"http://wwws.warnerbros.co.jp/hagarenmovie/sp/","display_url":"wwws.warnerbros.co.jp/hagarenmovie/s…","indices":[0,23]}]},"description":{"urls":[{"url":"https://t.co/tOw9oNc3ZY","expanded_url":"http://namiya-movie.jp/sp/index.html","display_url":"namiya-movie.jp/sp/index.html","indices":[14,37]}]}},"protected":false,"followers_count":43830,"friends_count":137,"listed_count":233,"created_at":"Wed Jan 07 12:43:57 +0000 2015","favourites_count":6096,"utc_offset":null,"time_zone":null,"geo_enabled":false,"verified":false,"statuses_count":28127,"lang":"ja","contributors_enabled":false,"is_translator":false,"is_translation_enabled":false,"profile_background_color":"C0DEED","profile_background_image_url":"http://abs.twimg.com/images/themes/theme1/bg.png","profile_background_image_url_https":"https://abs.twimg.com/images/themes/theme1/bg.png","profile_background_tile":false,"profile_image_url":"http://pbs.twimg.com/profile_images/880607930739040256/uKuBkNFz_normal.jpg","profile_image_url_https":"https://pbs.twimg.com/profile_images/880607930739040256/uKuBkNFz_normal.jpg","profile_banner_url":"https://pbs.twimg.com/profile_banners/2962991256/1496324014","profile_link_color":"1DA1F2","profile_sidebar_border_color":"C0DEED","profile_sidebar_fill_color":"DDEEF6","profile_text_color":"333333","profile_use_background_image":true,"has_extended_profile":false,"default_profile":true,"default_profile_image":false,"following":false,"follow_request_sent":false,"notifications":false,"translator_type":"none"},"geo":null,"coordinates":null,"place":null,"contributors":null,"is_quote_status":false,"retweet_count":162,"favorite_count":338,"favorited":false,"retweeted":false,"lang":"ja"},{"created_at":"Wed Jul 05 03:31:05 +0000 2017","id":882441678652457000,"id_str":"882441678652456960","text":"早く松居一代と泰葉の対談を見たい","truncated":false,"entities":{"hashtags":[],"symbols":[],"user_mentions":[],"urls":[]},"metadata":{"iso_language_code":"ja","result_type":"recent"},"source":"<a href=\"http://twitter.com\" rel=\"nofollow\">Twitter Web Client</a>","in_reply_to_status_id":null,"in_reply_to_status_id_str":null,"in_reply_to_user_id":null,"in_reply_to_user_id_str":null,"in_reply_to_screen_name":null,"user":{"id":25991694,"id_str":"25991694","name":"デーブ・スペクター","screen_name":"dave_spector","location":"","description":"自称外人。埼玉県上尾市生まれ説があるが本当はシカゴ出身である。芸能界のウィキリークスとも言われてる。","url":null,"entities":{"description":{"urls":[]}},"protected":false,"followers_count":1283371,"friends_count":493,"listed_count":13375,"created_at":"Mon Mar 23 12:30:52 +0000 2009","favourites_count":8,"utc_offset":32400,"time_zone":"Tokyo","geo_enabled":false,"verified":true,"statuses_count":17547,"lang":"en","contributors_enabled":false,"is_translator":false,"is_translation_enabled":false,"profile_background_color":"C0DEED","profile_background_image_url":"http://abs.twimg.com/images/themes/theme1/bg.png","profile_background_image_url_https":"https://abs.twimg.com/images/themes/theme1/bg.png","profile_background_tile":false,"profile_image_url":"http://pbs.twimg.com/profile_images/1002003570/________normal.jpg","profile_image_url_https":"https://pbs.twimg.com/profile_images/1002003570/________normal.jpg","profile_link_color":"1DA1F2","profile_sidebar_border_color":"C0DEED","profile_sidebar_fill_color":"DDEEF6","profile_text_color":"333333","profile_use_background_image":true,"has_extended_profile":false,"default_profile":true,"default_profile_image":false,"following":false,"follow_request_sent":false,"notifications":false,"translator_type":"none"},"geo":null,"coordinates":null,"place":null,"contributors":null,"is_quote_status":false,"retweet_count":121,"favorite_count":131,"favorited":false,"retweeted":false,"lang":"ja"}],"search_metadata":{"completed_in":0.077,"max_id":882443191697330200,"max_id_str":"882443191697330176","next_results":"?max_id=882441678652456959&q=lang%3Aja%20min_retweets%3A50&include_entities=1","query":"lang%3Aja+min_retweets%3A50","refresh_url":"?since_id=882443191697330176&q=lang%3Aja%20min_retweets%3A50&include_entities=1","count":15,"since_id":0,"since_id_str":"0"}}