{"statuses":[{"created_at":"Wed Jul 05 23:37:57 +0000 2017","id":882745396656717800,"id_str":"882745396656717824","text":"SKT T1 2016 Worlds優勝スキンがついに登場 \nhttps://t.co/K7bA4fzEbV\n\n2016 World Championship優勝記念スキン！\n日本時間7月20日15時59分までの期間限定販売です。 https://t.co/dTqHzOpvsh","truncated":false,"entities":{"hashtags":[],"symbols":[],"user_mentions":[],"urls":[{"url":"https://t.co/K7bA4fzEbV","expanded_url":"http://riot.com/2uM8NcS","display_url":"riot.com/2uM8NcS","indices":[31,54]}],"media":[{"id":882745151138914300,"id_str":"882745151138914304","indices":[116,139],"media_url":"http://pbs.twimg.com/media/DEAkCbjVYAAx39K.jpg","media_url_https":"https://pbs.twimg.com/media/DEAkCbjVYAAx39K.jpg","url":"https://t.co/dTqHzOpvsh","display_url":"pic.twitter.com/dTqHzOpvsh","expanded_url":"https://twitter.com/LoLJPOfficial/status/882745396656717824/photo/1","type":"photo","sizes":{"large":{"w":1280,"h":720,"resize":"fit"},"medium":{"w":1200,"h":675,"resize":"fit"},"small":{"w":680,"h":383,"resize":"fit"},"thumb":{"w":150,"h":150,"resize":"crop"}}}]},"extended_entities":{"media":[{"id":882745151138914300,"id_str":"882745151138914304","indices":[116,139],"media_url":"http://pbs.twimg.com/media/DEAkCbjVYAAx39K.jpg","media_url_https":"https://pbs.twimg.com/media/DEAkCbjVYAAx39K.jpg","url":"https://t.co/dTqHzOpvsh","display_url":"pic.twitter.com/dTqHzOpvsh","expanded_url":"https://twitter.com/LoLJPOfficial/status/882745396656717824/photo/1","type":"photo","sizes":{"large":{"w":1280,"h":720,"resize":"fit"},"medium":{"w":1200,"h":675,"resize":"fit"},"small":{"w":680,"h":383,"resize":"fit"},"thumb":{"w":150,"h":150,"resize":"crop"}}}]},"metadata":{"iso_language_code":"ja","result_type":"recent"},"source":"<a href=\"https://about.twitter.com/products/tweetdeck\" rel=\"nofollow\">TweetDeck</a>","in_reply_to_status_id":null,"in_reply_to_status_id_str":null,"in_reply_to_user_id":null,"in_reply_to_user_id_str":null,"in_reply_to_screen_name":null,"user":{"id":3014131176,"id_str":"3014131176","name":"リーグ・オブ・レジェンド","screen_name":"LoLJPOfficial","location":"Summoner's Rift","description":"「リーグ・オブ・レジェンド」の公式アカウントです。 「恐怖の騎士 ガレン」をゲット！ - https://t.co/HDAJT2djmd","url":"https://t.co/kR1HKZmBWA","entities":{"url":{"urls":[{"url":"https://t.co/kR1HKZmBWA","expanded_url":"http://jp.leagueoflegends.com/","display_url":"jp.leagueoflegends.com","indices":[0,23]}]},"description":{"urls":[{"url":"https://t.co/HDAJT2djmd","expanded_url":"http://woobox.com/24t2t5","display_url":"woobox.com/24t2t5","indices":[45,68]}]}},"protected":false,"followers_count":75718,"friends_count":35,"listed_count":535,"created_at":"Mon Feb 09 09:22:53 +0000 2015","favourites_count":43,"utc_offset":32400,"time_zone":"Tokyo","geo_enabled":false,"verified":true,"statuses_count":1841,"lang":"en","contributors_enabled":false,"is_translator":false,"is_translation_enabled":false,"profile_background_color":"C0DEED","profile_background_image_url":"http://abs.twimg.com/images/themes/theme1/bg.png","profile_background_image_url_https":"https://abs.twimg.com/images/themes/theme1/bg.png","profile_background_tile":false,"profile_image_url":"http://pbs.twimg.com/profile_images/879915645139173376/-MJCrTuV_normal.jpg","profile_image_url_https":"https://pbs.twimg.com/profile_images/879915645139173376/-MJCrTuV_normal.jpg","profile_banner_url":"https://pbs.twimg.com/profile_banners/3014131176/1497557528","profile_link_color":"1DA1F2","profile_sidebar_border_color":"C0DEED","profile_sidebar_fill_color":"DDEEF6","profile_text_color":"333333","profile_use_background_image":true,"has_extended_profile":false,"default_profile":true,"default_profile_image":false,"following":false,"follow_request_sent":false,"notifications":false,"translator_type":"none"},"geo":null,"coordinates":null,"place":null,"contributors":null,"is_quote_status":false,"retweet_count":59,"favorite_count":27,"favorited":false,"retweeted":false,"possibly_sensitive":false,"lang":"ja"},{"created_at":"Wed Jul 05 23:34:15 +0000 2017","id":882744463445049300,"id_str":"882744463445049344","text":"オハヨウゴザイマス！\n九州ノ方々ノTLカラハ昨夜不安デ寝不足気味ナツイートヲ見カケマス。\n災害モソウデスガ、車ノ運転ヤ仕事ニモ十分気ヲツケテ！\n学生ハ勉強モナ(￢з￢)\nサァ、今日モ各々ガ各々ノ場所デヤルベキ事ヲガンバッペシ！デス。\nデハ、本日モミッションイッテキマ！","truncated":false,"entities":{"hashtags":[],"symbols":[],"user_mentions":[],"urls":[]},"metadata":{"iso_language_code":"ja","result_type":"recent"},"source":"<a href=\"http://twitter.com/download/iphone\" rel=\"nofollow\">Twitter for iPhone</a>","in_reply_to_status_id":null,"in_reply_to_status_id_str":null,"in_reply_to_user_id":null,"in_reply_to_user_id_str":null,"in_reply_to_screen_name":null,"user":{"id":114729607,"id_str":"114729607","name":"MAN WITH A MISSION","screen_name":"mwamjapan","location":"MWAM総本山  ","description":"MAN WITH A MISSION。通称MWAM。彼らは天才科学者ジミーヘンドリックスがこの世に残した、究極の生命体。『使命を持った男』があなたの街に、あのライブハウスに、あの国に。世界中に出没して、次なる『使命』を全うしにやってくる・・・","url":"http://t.co/LZbt6h1foD","entities":{"url":{"urls":[{"url":"http://t.co/LZbt6h1foD","expanded_url":"http://www.mwamjapan.info/","display_url":"mwamjapan.info","indices":[0,22]}]},"description":{"urls":[]}},"protected":false,"followers_count":865147,"friends_count":16619,"listed_count":7087,"created_at":"Tue Feb 16 12:24:52 +0000 2010","favourites_count":275,"utc_offset":32400,"time_zone":"Tokyo","geo_enabled":true,"verified":true,"statuses_count":45186,"lang":"ja","contributors_enabled":false,"is_translator":false,"is_translation_enabled":true,"profile_background_color":"1A1B1F","profile_background_image_url":"http://pbs.twimg.com/profile_background_images/80673257/MWAM__twitter.JPG","profile_background_image_url_https":"https://pbs.twimg.com/profile_background_images/80673257/MWAM__twitter.JPG","profile_background_tile":true,"profile_image_url":"http://pbs.twimg.com/profile_images/3457556521/3021070150be343a23fb1dd353ca5fcb_normal.jpeg","profile_image_url_https":"https://pbs.twimg.com/profile_images/3457556521/3021070150be343a23fb1dd353ca5fcb_normal.jpeg","profile_banner_url":"https://pbs.twimg.com/profile_banners/114729607/1352175323","profile_link_color":"2FC2EF","profile_sidebar_border_color":"181A1E","profile_sidebar_fill_color":"252429","profile_text_color":"666666","profile_use_background_image":true,"has_extended_profile":false,"default_profile":false,"default_profile_image":false,"following":false,"follow_request_sent":false,"notifications":false,"translator_type":"none"},"geo":null,"coordinates":null,"place":null,"contributors":null,"is_quote_status":false,"retweet_count":185,"favorite_count":665,"favorited":false,"retweeted":false,"lang":"ja"},{"created_at":"Wed Jul 05 23:33:58 +0000 2017","id":882744393282732000,"id_str":"882744393282732033","text":"今日も一日頑張ろう。 https://t.co/wwkB13xbXb","truncated":false,"entities":{"hashtags":[],"symbols":[],"user_mentions":[],"urls":[],"media":[{"id":882744377700790300,"id_str":"882744377700790272","indices":[11,34],"media_url":"http://pbs.twimg.com/media/DEAjVaRUMAAWRvw.jpg","media_url_https":"https://pbs.twimg.com/media/DEAjVaRUMAAWRvw.jpg","url":"https://t.co/wwkB13xbXb","display_url":"pic.twitter.com/wwkB13xbXb","expanded_url":"https://twitter.com/jam_filter/status/882744393282732033/photo/1","type":"photo","sizes":{"thumb":{"w":150,"h":150,"resize":"crop"},"large":{"w":370,"h":320,"resize":"fit"},"medium":{"w":370,"h":320,"resize":"fit"},"small":{"w":370,"h":320,"resize":"fit"}}}]},"extended_entities":{"media":[{"id":882744377700790300,"id_str":"882744377700790272","indices":[11,34],"media_url":"http://pbs.twimg.com/media/DEAjVaRUMAAWRvw.jpg","media_url_https":"https://pbs.twimg.com/media/DEAjVaRUMAAWRvw.jpg","url":"https://t.co/wwkB13xbXb","display_url":"pic.twitter.com/wwkB13xbXb","expanded_url":"https://twitter.com/jam_filter/status/882744393282732033/photo/1","type":"photo","sizes":{"thumb":{"w":150,"h":150,"resize":"crop"},"large":{"w":370,"h":320,"resize":"fit"},"medium":{"w":370,"h":320,"resize":"fit"},"small":{"w":370,"h":320,"resize":"fit"}}}]},"metadata":{"iso_language_code":"ja","result_type":"recent"},"source":"<a href=\"http://twitter.com\" rel=\"nofollow\">Twitter Web Client</a>","in_reply_to_status_id":null,"in_reply_to_status_id_str":null,"in_reply_to_user_id":null,"in_reply_to_user_id_str":null,"in_reply_to_screen_name":null,"user":{"id":461170173,"id_str":"461170173","name":"Misako Jam Tsutsui","screen_name":"jam_filter","location":"","description":"ゲームのお仕事＆ペン画や漫画を描いてます。年内出版予定☆作品の無断転載は禁止させて頂いております。リプ返せない事が多くてごめんなさい、出来る限り全部読んでます。","url":"https://t.co/5grTyAZnZZ","entities":{"url":{"urls":[{"url":"https://t.co/5grTyAZnZZ","expanded_url":"http://jam-filter.com","display_url":"jam-filter.com","indices":[0,23]}]},"description":{"urls":[]}},"protected":false,"followers_count":22257,"friends_count":193,"listed_count":494,"created_at":"Wed Jan 11 14:39:03 +0000 2012","favourites_count":40548,"utc_offset":32400,"time_zone":"Tokyo","geo_enabled":false,"verified":false,"statuses_count":52455,"lang":"ja","contributors_enabled":false,"is_translator":false,"is_translation_enabled":false,"profile_background_color":"EDECE9","profile_background_image_url":"http://pbs.twimg.com/profile_background_images/590494944/back1982556277640627784.JPEG","profile_background_image_url_https":"https://pbs.twimg.com/profile_background_images/590494944/back1982556277640627784.JPEG","profile_background_tile":true,"profile_image_url":"http://pbs.twimg.com/profile_images/2347911827/icon4234375828577560769icon_normal.jpg","profile_image_url_https":"https://pbs.twimg.com/profile_images/2347911827/icon4234375828577560769icon_normal.jpg","profile_banner_url":"https://pbs.twimg.com/profile_banners/461170173/1400638740","profile_link_color":"088253","profile_sidebar_border_color":"D3D2CF","profile_sidebar_fill_color":"E3E2DE","profile_text_color":"634047","profile_use_background_image":true,"has_extended_profile":false,"default_profile":false,"default_profile_image":false,"following":false,"follow_request_sent":false,"notifications":false,"translator_type":"none"},"geo":null,"coordinates":null,"place":null,"contributors":null,"is_quote_status":false,"retweet_count":69,"favorite_count":90,"favorited":false,"retweeted":false,"possibly_sensitive":false,"lang":"ja"},{"created_at":"Wed Jul 05 23:31:40 +0000 2017","id":882743814791716900,"id_str":"882743814791716865","text":"アンリマユのいいところ👏👏\n・使えそうで使えないでもちょっと使えるスキル\n・意味のない宝具レベル\n・かわいい\n・ボイスもいい\n・枠色がかっこいい\n・でも使えそうで使えないでもちょっと使えるような絶妙な使えなさ\n\nアンリマユの悪いところ👎👎\n・でない","truncated":false,"entities":{"hashtags":[],"symbols":[],"user_mentions":[],"urls":[]},"metadata":{"iso_language_code":"ja","result_type":"recent"},"source":"<a href=\"http://twitter.com/download/iphone\" rel=\"nofollow\">Twitter for iPhone</a>","in_reply_to_status_id":null,"in_reply_to_status_id_str":null,"in_reply_to_user_id":null,"in_reply_to_user_id_str":null,"in_reply_to_screen_name":null,"user":{"id":1968884220,"id_str":"1968884220","name":"ヴィヴラフランスと叫んでから自決","screen_name":"pe6n1","location":"アンジェリカケージ","description":"I am the Ninja of my lord.","url":null,"entities":{"description":{"urls":[]}},"protected":false,"followers_count":13306,"friends_count":156,"listed_count":264,"created_at":"Fri Oct 18 13:54:00 +0000 2013","favourites_count":32497,"utc_offset":32400,"time_zone":"Tokyo","geo_enabled":false,"verified":false,"statuses_count":53556,"lang":"ja","contributors_enabled":false,"is_translator":false,"is_translation_enabled":false,"profile_background_color":"C0DEED","profile_background_image_url":"http://abs.twimg.com/images/themes/theme1/bg.png","profile_background_image_url_https":"https://abs.twimg.com/images/themes/theme1/bg.png","profile_background_tile":false,"profile_image_url":"http://pbs.twimg.com/profile_images/882280923307233280/KQM0TH0M_normal.jpg","profile_image_url_https":"https://pbs.twimg.com/profile_images/882280923307233280/KQM0TH0M_normal.jpg","profile_banner_url":"https://pbs.twimg.com/profile_banners/1968884220/1496228717","profile_link_color":"1DA1F2","profile_sidebar_border_color":"C0DEED","profile_sidebar_fill_color":"DDEEF6","profile_text_color":"333333","profile_use_background_image":true,"has_extended_profile":true,"default_profile":true,"default_profile_image":false,"following":false,"follow_request_sent":false,"notifications":false,"translator_type":"none"},"geo":null,"coordinates":null,"place":null,"contributors":null,"is_quote_status":false,"retweet_count":54,"favorite_count":64,"favorited":false,"retweeted":false,"lang":"ja"},{"created_at":"Wed Jul 05 23:30:56 +0000 2017","id":882743629424468000,"id_str":"882743629424467968","text":"【大分 日田市小野地区土砂崩れで孤立 １０９人が避難】大分県日田市によると、市の北側にある小野地区では土砂崩れで孤立している地域があるということです。住民１０９人が小野公民館に避難しているということで市や自衛隊が救助を検討しています\nhttps://t.co/KOLs4DYw0W","truncated":false,"entities":{"hashtags":[],"symbols":[],"user_mentions":[],"urls":[{"url":"https://t.co/KOLs4DYw0W","expanded_url":"http://www3.nhk.or.jp/news/html/20170706/k10011045851000.html","display_url":"www3.nhk.or.jp/news/html/2017…","indices":[117,140]}]},"metadata":{"iso_language_code":"ja","result_type":"recent"},"source":"<a href=\"http://twitter.com\" rel=\"nofollow\">Twitter Web Client</a>","in_reply_to_status_id":null,"in_reply_to_status_id_str":null,"in_reply_to_user_id":null,"in_reply_to_user_id_str":null,"in_reply_to_screen_name":null,"user":{"id":256401886,"id_str":"256401886","name":"ＮＨＫ生活・防災","screen_name":"nhk_seikatsu","location":"東京都渋谷区神南","description":"あなたの「生活を守る」情報を届けるＮＨＫの公式アカウントです。 地震や台風、大雨、大雪など災害に関する情報や防災減災につながる情報、それに子育てや悪質商法など暮らしに関する情報をお伝えします（利用規約: https://t.co/Q11WanxIUh フォローについて:https://t.co/8lVsvM27YP )","url":"http://t.co/343D44tdfS","entities":{"url":{"urls":[{"url":"http://t.co/343D44tdfS","expanded_url":"http://www.nhk.or.jp/seikatsu-blog/","display_url":"nhk.or.jp/seikatsu-blog/","indices":[0,22]}]},"description":{"urls":[{"url":"https://t.co/Q11WanxIUh","expanded_url":"http://nhk.jp/rules","display_url":"nhk.jp/rules","indices":[102,125]},{"url":"https://t.co/8lVsvM27YP","expanded_url":"http://nhk.jp/tw_f","display_url":"nhk.jp/tw_f","indices":[135,158]}]}},"protected":false,"followers_count":736729,"friends_count":112,"listed_count":27389,"created_at":"Wed Feb 23 07:30:32 +0000 2011","favourites_count":1,"utc_offset":32400,"time_zone":"Tokyo","geo_enabled":false,"verified":true,"statuses_count":39898,"lang":"ja","contributors_enabled":false,"is_translator":false,"is_translation_enabled":false,"profile_background_color":"000000","profile_background_image_url":"http://abs.twimg.com/images/themes/theme1/bg.png","profile_background_image_url_https":"https://abs.twimg.com/images/themes/theme1/bg.png","profile_background_tile":false,"profile_image_url":"http://pbs.twimg.com/profile_images/875555563890802688/DfZ3cJIo_normal.jpg","profile_image_url_https":"https://pbs.twimg.com/profile_images/875555563890802688/DfZ3cJIo_normal.jpg","profile_link_color":"FA743E","profile_sidebar_border_color":"000000","profile_sidebar_fill_color":"000000","profile_text_color":"000000","profile_use_background_image":false,"has_extended_profile":false,"default_profile":false,"default_profile_image":false,"following":false,"follow_request_sent":false,"notifications":false,"translator_type":"none"},"geo":null,"coordinates":null,"place":null,"contributors":null,"is_quote_status":false,"retweet_count":60,"favorite_count":16,"favorited":false,"retweeted":false,"possibly_sensitive":false,"lang":"ja"},{"created_at":"Wed Jul 05 23:30:07 +0000 2017","id":882743425468047400,"id_str":"882743425468047361","text":"【ヤバイ】 殺人アリ「ヒアリ」の女王が2匹も見つかってしまう！ 総数は500匹以上とか生物災害まっしぐら https://t.co/M5aX3h5YdQ","truncated":false,"entities":{"hashtags":[],"symbols":[],"user_mentions":[],"urls":[{"url":"https://t.co/M5aX3h5YdQ","expanded_url":"http://jin115.com/archives/52183174.html","display_url":"jin115.com/archives/52183…","indices":[53,76]}]},"metadata":{"iso_language_code":"ja","result_type":"recent"},"source":"<a href=\"http://blog.livedoor.com/\" rel=\"nofollow\">livedoor Blog</a>","in_reply_to_status_id":null,"in_reply_to_status_id_str":null,"in_reply_to_user_id":null,"in_reply_to_user_id_str":null,"in_reply_to_screen_name":null,"user":{"id":22273191,"id_str":"22273191","name":"オレ的ゲーム速報","screen_name":"Jin115","location":"Japan","description":"オレ的ゲーム速報のツイッターです。（＾ω＾　Youtubeちゃんねるはこちら→https://t.co/4gRUrwM8WX\n動画告知用ツイッターはこちら→@oreteki_douga \n\nその他に管理人のツイッターアカウントはありません、偽物にご注意ください","url":"http://t.co/SuBartmuHB","entities":{"url":{"urls":[{"url":"http://t.co/SuBartmuHB","expanded_url":"http://jin115.com/","display_url":"jin115.com","indices":[0,22]}]},"description":{"urls":[{"url":"https://t.co/4gRUrwM8WX","expanded_url":"https://www.youtube.com/user/jin115xx","display_url":"youtube.com/user/jin115xx","indices":[39,62]}]}},"protected":false,"followers_count":463350,"friends_count":363301,"listed_count":7295,"created_at":"Sat Feb 28 17:00:42 +0000 2009","favourites_count":155,"utc_offset":32400,"time_zone":"Tokyo","geo_enabled":false,"verified":false,"statuses_count":322364,"lang":"ja","contributors_enabled":false,"is_translator":false,"is_translation_enabled":false,"profile_background_color":"C0DEED","profile_background_image_url":"http://abs.twimg.com/images/themes/theme1/bg.png","profile_background_image_url_https":"https://abs.twimg.com/images/themes/theme1/bg.png","profile_background_tile":false,"profile_image_url":"http://pbs.twimg.com/profile_images/1505450533/canvas_normal.png","profile_image_url_https":"https://pbs.twimg.com/profile_images/1505450533/canvas_normal.png","profile_link_color":"1DA1F2","profile_sidebar_border_color":"C0DEED","profile_sidebar_fill_color":"DDEEF6","profile_text_color":"333333","profile_use_background_image":true,"has_extended_profile":false,"default_profile":true,"default_profile_image":false,"following":false,"follow_request_sent":false,"notifications":false,"translator_type":"none"},"geo":null,"coordinates":null,"place":null,"contributors":null,"is_quote_status":false,"retweet_count":46,"favorite_count":39,"favorited":false,"retweeted":false,"possibly_sensitive":false,"lang":"ja"},{"created_at":"Wed Jul 05 23:30:06 +0000 2017","id":882743419801485300,"id_str":"882743419801485312","text":"[明日オープン] 「ピノフォンデュカフェ」東京＆大阪オープン、ピノアイスをチョコソースやマシュマロクリームでアレンジ - https://t.co/5MjPPsLEmy https://t.co/GaKk2xnyH3","truncated":false,"entities":{"hashtags":[],"symbols":[],"user_mentions":[],"urls":[{"url":"https://t.co/5MjPPsLEmy","expanded_url":"https://www.fashion-press.net/news/31618","display_url":"fashion-press.net/news/31618","indices":[61,84]}],"media":[{"id":882743417834422300,"id_str":"882743417834422273","indices":[85,108],"media_url":"http://pbs.twimg.com/media/DEAidifVwAEpysG.jpg","media_url_https":"https://pbs.twimg.com/media/DEAidifVwAEpysG.jpg","url":"https://t.co/GaKk2xnyH3","display_url":"pic.twitter.com/GaKk2xnyH3","expanded_url":"https://twitter.com/fashionpressnet/status/882743419801485312/photo/1","type":"photo","sizes":{"small":{"w":600,"h":400,"resize":"fit"},"medium":{"w":600,"h":400,"resize":"fit"},"thumb":{"w":150,"h":150,"resize":"crop"},"large":{"w":600,"h":400,"resize":"fit"}}}]},"extended_entities":{"media":[{"id":882743417834422300,"id_str":"882743417834422273","indices":[85,108],"media_url":"http://pbs.twimg.com/media/DEAidifVwAEpysG.jpg","media_url_https":"https://pbs.twimg.com/media/DEAidifVwAEpysG.jpg","url":"https://t.co/GaKk2xnyH3","display_url":"pic.twitter.com/GaKk2xnyH3","expanded_url":"https://twitter.com/fashionpressnet/status/882743419801485312/photo/1","type":"photo","sizes":{"small":{"w":600,"h":400,"resize":"fit"},"medium":{"w":600,"h":400,"resize":"fit"},"thumb":{"w":150,"h":150,"resize":"crop"},"large":{"w":600,"h":400,"resize":"fit"}}}]},"metadata":{"iso_language_code":"ja","result_type":"recent"},"source":"<a href=\"http://www.fashion-press.net/\" rel=\"nofollow\">Fashion Press</a>","in_reply_to_status_id":null,"in_reply_to_status_id_str":null,"in_reply_to_user_id":null,"in_reply_to_user_id_str":null,"in_reply_to_screen_name":null,"user":{"id":168816611,"id_str":"168816611","name":"Fashion Press","screen_name":"fashionpressnet","location":"","description":"ファッションWEBマガジン「ファッションプレス」公式アカウント。 【Instagram】http://t.co/3myapCJ1Ax【Facebook】http://t.co/8FFmQA2set","url":"http://t.co/rSEGQEqMH0","entities":{"url":{"urls":[{"url":"http://t.co/rSEGQEqMH0","expanded_url":"http://www.fashion-press.net/","display_url":"fashion-press.net","indices":[0,22]}]},"description":{"urls":[{"url":"http://t.co/3myapCJ1Ax","expanded_url":"http://instagram.com/fashionpressjp","display_url":"instagram.com/fashionpressjp","indices":[44,66]},{"url":"http://t.co/8FFmQA2set","expanded_url":"http://www.facebook.com/FashionPress.net","display_url":"facebook.com/FashionPress.n…","indices":[76,98]}]}},"protected":false,"followers_count":2270781,"friends_count":1,"listed_count":8931,"created_at":"Tue Jul 20 21:38:17 +0000 2010","favourites_count":0,"utc_offset":32400,"time_zone":"Tokyo","geo_enabled":false,"verified":true,"statuses_count":80333,"lang":"ja","contributors_enabled":false,"is_translator":false,"is_translation_enabled":false,"profile_background_color":"F5F8FA","profile_background_image_url":"http://abs.twimg.com/images/themes/theme14/bg.gif","profile_background_image_url_https":"https://abs.twimg.com/images/themes/theme14/bg.gif","profile_background_tile":false,"profile_image_url":"http://pbs.twimg.com/profile_images/491483872677228544/fuq52Rp2_normal.jpeg","profile_image_url_https":"https://pbs.twimg.com/profile_images/491483872677228544/fuq52Rp2_normal.jpeg","profile_banner_url":"https://pbs.twimg.com/profile_banners/168816611/1444307408","profile_link_color":"343738","profile_sidebar_border_color":"FFFFFF","profile_sidebar_fill_color":"DDEEF6","profile_text_color":"333333","profile_use_background_image":true,"has_extended_profile":false,"default_profile":false,"default_profile_image":false,"following":false,"follow_request_sent":false,"notifications":false,"translator_type":"none"},"geo":null,"coordinates":null,"place":null,"contributors":null,"is_quote_status":false,"retweet_count":140,"favorite_count":297,"favorited":false,"retweeted":false,"possibly_sensitive":false,"lang":"ja"},{"created_at":"Wed Jul 05 23:30:06 +0000 2017","id":882743418836762600,"id_str":"882743418836762624","text":"爆売れアイス「モチクリーム チョコミント」にそっくりな「もちチョコミント」を発見！しかも2個入りでおトク https://t.co/Rad47wCtRg #チョコミント #モチクリーム #アイス https://t.co/KX7u2erzZL","truncated":false,"entities":{"hashtags":[{"text":"チョコミント","indices":[77,84]},{"text":"モチクリーム","indices":[85,92]},{"text":"アイス","indices":[93,97]}],"symbols":[],"user_mentions":[],"urls":[{"url":"https://t.co/Rad47wCtRg","expanded_url":"https://entabe.jp/news/gourmet/17344/mochichocomint-ice-looks-like-mochi-cream-chocomint","display_url":"entabe.jp/news/gourmet/1…","indices":[53,76]}],"media":[{"id":882743416597106700,"id_str":"882743416597106688","indices":[98,121],"media_url":"http://pbs.twimg.com/media/DEAidd4V0AA8Xpy.jpg","media_url_https":"https://pbs.twimg.com/media/DEAidd4V0AA8Xpy.jpg","url":"https://t.co/KX7u2erzZL","display_url":"pic.twitter.com/KX7u2erzZL","expanded_url":"https://twitter.com/entabejp/status/882743418836762624/photo/1","type":"photo","sizes":{"small":{"w":520,"h":293,"resize":"fit"},"medium":{"w":520,"h":293,"resize":"fit"},"thumb":{"w":150,"h":150,"resize":"crop"},"large":{"w":520,"h":293,"resize":"fit"}}}]},"extended_entities":{"media":[{"id":882743416597106700,"id_str":"882743416597106688","indices":[98,121],"media_url":"http://pbs.twimg.com/media/DEAidd4V0AA8Xpy.jpg","media_url_https":"https://pbs.twimg.com/media/DEAidd4V0AA8Xpy.jpg","url":"https://t.co/KX7u2erzZL","display_url":"pic.twitter.com/KX7u2erzZL","expanded_url":"https://twitter.com/entabejp/status/882743418836762624/photo/1","type":"photo","sizes":{"small":{"w":520,"h":293,"resize":"fit"},"medium":{"w":520,"h":293,"resize":"fit"},"thumb":{"w":150,"h":150,"resize":"crop"},"large":{"w":520,"h":293,"resize":"fit"}}}]},"metadata":{"iso_language_code":"ja","result_type":"recent"},"source":"<a href=\"http://entabe.jp\" rel=\"nofollow\">entabejp</a>","in_reply_to_status_id":null,"in_reply_to_status_id_str":null,"in_reply_to_user_id":null,"in_reply_to_user_id_str":null,"in_reply_to_screen_name":null,"user":{"id":446701258,"id_str":"446701258","name":"えん食べ","screen_name":"entabejp","location":"東京都品川区","description":"えん食べは、グルメニュース、食べ歩きコラム、実食レポート、お取り寄せグルメ、レストラン、コンビニの新商品、グルメイベントなどの情報をお届けします。 ライフスタイルメディア [えんウチ] @enuchijp もぜひご覧ください♪","url":"https://t.co/lg3GPmyVSZ","entities":{"url":{"urls":[{"url":"https://t.co/lg3GPmyVSZ","expanded_url":"https://entabe.jp/","display_url":"entabe.jp","indices":[0,23]}]},"description":{"urls":[]}},"protected":false,"followers_count":75756,"friends_count":3,"listed_count":1618,"created_at":"Mon Dec 26 02:15:01 +0000 2011","favourites_count":0,"utc_offset":32400,"time_zone":"Tokyo","geo_enabled":false,"verified":false,"statuses_count":22006,"lang":"ja","contributors_enabled":false,"is_translator":false,"is_translation_enabled":true,"profile_background_color":"E6A32E","profile_background_image_url":"http://pbs.twimg.com/profile_background_images/563685910/logo.gif","profile_background_image_url_https":"https://pbs.twimg.com/profile_background_images/563685910/logo.gif","profile_background_tile":false,"profile_image_url":"http://pbs.twimg.com/profile_images/773719440110129152/Sr_wshuB_normal.jpg","profile_image_url_https":"https://pbs.twimg.com/profile_images/773719440110129152/Sr_wshuB_normal.jpg","profile_banner_url":"https://pbs.twimg.com/profile_banners/446701258/1432262730","profile_link_color":"0084B4","profile_sidebar_border_color":"FFFFFF","profile_sidebar_fill_color":"DDEEF6","profile_text_color":"333333","profile_use_background_image":false,"has_extended_profile":false,"default_profile":false,"default_profile_image":false,"following":false,"follow_request_sent":false,"notifications":false,"translator_type":"none"},"geo":null,"coordinates":null,"place":null,"contributors":null,"is_quote_status":false,"retweet_count":90,"favorite_count":96,"favorited":false,"retweeted":false,"possibly_sensitive":false,"lang":"ja"},{"created_at":"Wed Jul 05 23:30:03 +0000 2017","id":882743407856177200,"id_str":"882743407856177152","text":"500RT：【どうなる】『天元突破グレンラガン』再放送　重大発表とは一体？\nhttps://t.co/8H3birWgUT\n\n前回はパチンコ新機種の発表だったため、続編などを期待していたファンからは非難の声も上がった。本日5日24… https://t.co/FTZBFb7TmU","truncated":true,"entities":{"hashtags":[],"symbols":[],"user_mentions":[],"urls":[{"url":"https://t.co/8H3birWgUT","expanded_url":"http://news.livedoor.com/article/detail/13294758/","display_url":"news.livedoor.com/article/detail…","indices":[38,61]},{"url":"https://t.co/FTZBFb7TmU","expanded_url":"https://twitter.com/i/web/status/882743407856177152","display_url":"twitter.com/i/web/status/8…","indices":[117,140]}]},"metadata":{"iso_language_code":"ja","result_type":"recent"},"source":"<a href=\"http://news.livedoor.com/\" rel=\"nofollow\">ライブドアニュース（livedoorニュース）</a>","in_reply_to_status_id":null,"in_reply_to_status_id_str":null,"in_reply_to_user_id":null,"in_reply_to_user_id_str":null,"in_reply_to_screen_name":null,"user":{"id":17306975,"id_str":"17306975","name":"ライブドアニュース","screen_name":"livedoornews","location":"","description":"LINE →https://t.co/yhJO0o7Jns／FB → https://t.co/LHTCuyIEjr／インスタ／→https://t.co/SpmVgPtfCG","url":"http://t.co/Q4Bh3OCfgY","entities":{"url":{"urls":[{"url":"http://t.co/Q4Bh3OCfgY","expanded_url":"http://news.livedoor.com/","display_url":"news.livedoor.com","indices":[0,22]}]},"description":{"urls":[{"url":"https://t.co/yhJO0o7Jns","expanded_url":"http://goo.gl/upBgKP","display_url":"goo.gl/upBgKP","indices":[6,29]},{"url":"https://t.co/LHTCuyIEjr","expanded_url":"http://goo.gl/nDULhn","display_url":"goo.gl/nDULhn","indices":[35,58]},{"url":"https://t.co/SpmVgPtfCG","expanded_url":"http://goo.gl/cHGD9G","display_url":"goo.gl/cHGD9G","indices":[65,88]}]}},"protected":false,"followers_count":422270,"friends_count":86,"listed_count":6131,"created_at":"Tue Nov 11 09:56:31 +0000 2008","favourites_count":2606,"utc_offset":32400,"time_zone":"Tokyo","geo_enabled":false,"verified":true,"statuses_count":176102,"lang":"ja","contributors_enabled":false,"is_translator":false,"is_translation_enabled":false,"profile_background_color":"FFFFFF","profile_background_image_url":"http://pbs.twimg.com/profile_background_images/378800000085828060/4b07c1d868c917fb65a3d64a20904cd5.jpeg","profile_background_image_url_https":"https://pbs.twimg.com/profile_background_images/378800000085828060/4b07c1d868c917fb65a3d64a20904cd5.jpeg","profile_background_tile":false,"profile_image_url":"http://pbs.twimg.com/profile_images/875662964988166149/whdJTD2I_normal.jpg","profile_image_url_https":"https://pbs.twimg.com/profile_images/875662964988166149/whdJTD2I_normal.jpg","profile_link_color":"51ADD4","profile_sidebar_border_color":"FFFFFF","profile_sidebar_fill_color":"95E8EC","profile_text_color":"3C3940","profile_use_background_image":true,"has_extended_profile":false,"default_profile":false,"default_profile_image":false,"following":false,"follow_request_sent":false,"notifications":false,"translator_type":"none"},"geo":null,"coordinates":null,"place":null,"contributors":null,"is_quote_status":false,"retweet_count":51,"favorite_count":53,"favorited":false,"retweeted":false,"possibly_sensitive":false,"lang":"ja"},{"created_at":"Wed Jul 05 23:30:02 +0000 2017","id":882743404337045500,"id_str":"882743404337045508","text":"スカウトマンの雰囲気を醸し出して高校球児たちをソワソワさせるのが趣味の八百屋と魚屋 https://t.co/Id38gxNg7H","truncated":false,"entities":{"hashtags":[],"symbols":[],"user_mentions":[],"urls":[],"media":[{"id":882743401921232900,"id_str":"882743401921232898","indices":[42,65],"media_url":"http://pbs.twimg.com/media/DEAicnNVwAISIHM.jpg","media_url_https":"https://pbs.twimg.com/media/DEAicnNVwAISIHM.jpg","url":"https://t.co/Id38gxNg7H","display_url":"pic.twitter.com/Id38gxNg7H","expanded_url":"https://twitter.com/bokete_pop/status/882743404337045508/photo/1","type":"photo","sizes":{"large":{"w":400,"h":297,"resize":"fit"},"small":{"w":400,"h":297,"resize":"fit"},"thumb":{"w":150,"h":150,"resize":"crop"},"medium":{"w":400,"h":297,"resize":"fit"}}}]},"extended_entities":{"media":[{"id":882743401921232900,"id_str":"882743401921232898","indices":[42,65],"media_url":"http://pbs.twimg.com/media/DEAicnNVwAISIHM.jpg","media_url_https":"https://pbs.twimg.com/media/DEAicnNVwAISIHM.jpg","url":"https://t.co/Id38gxNg7H","display_url":"pic.twitter.com/Id38gxNg7H","expanded_url":"https://twitter.com/bokete_pop/status/882743404337045508/photo/1","type":"photo","sizes":{"large":{"w":400,"h":297,"resize":"fit"},"small":{"w":400,"h":297,"resize":"fit"},"thumb":{"w":150,"h":150,"resize":"crop"},"medium":{"w":400,"h":297,"resize":"fit"}}}]},"metadata":{"iso_language_code":"ja","result_type":"recent"},"source":"<a href=\"http://bokete.jp\" rel=\"nofollow\">ボケてApp</a>","in_reply_to_status_id":null,"in_reply_to_status_id_str":null,"in_reply_to_user_id":null,"in_reply_to_user_id_str":null,"in_reply_to_screen_name":null,"user":{"id":785072058006851600,"id_str":"785072058006851584","name":"ボケて（人気）","screen_name":"bokete_pop","location":"","description":"非公式ボケてbotです。人気のボケを投稿しているよ。","url":"https://t.co/drEdgqBwb1","entities":{"url":{"urls":[{"url":"https://t.co/drEdgqBwb1","expanded_url":"http://bokete.jp","display_url":"bokete.jp","indices":[0,23]}]},"description":{"urls":[]}},"protected":false,"followers_count":143834,"friends_count":1,"listed_count":432,"created_at":"Sun Oct 09 10:58:59 +0000 2016","favourites_count":3,"utc_offset":32400,"time_zone":"Tokyo","geo_enabled":false,"verified":false,"statuses_count":36913,"lang":"ja","contributors_enabled":false,"is_translator":false,"is_translation_enabled":false,"profile_background_color":"F5F8FA","profile_background_image_url":null,"profile_background_image_url_https":null,"profile_background_tile":false,"profile_image_url":"http://pbs.twimg.com/profile_images/785073612495605760/hoEMzozH_normal.jpg","profile_image_url_https":"https://pbs.twimg.com/profile_images/785073612495605760/hoEMzozH_normal.jpg","profile_link_color":"1DA1F2","profile_sidebar_border_color":"C0DEED","profile_sidebar_fill_color":"DDEEF6","profile_text_color":"333333","profile_use_background_image":true,"has_extended_profile":false,"default_profile":true,"default_profile_image":false,"following":false,"follow_request_sent":false,"notifications":false,"translator_type":"none"},"geo":null,"coordinates":null,"place":null,"contributors":null,"is_quote_status":false,"retweet_count":59,"favorite_count":118,"favorited":false,"retweeted":false,"possibly_sensitive":true,"lang":"ja"},{"created_at":"Wed Jul 05 23:30:01 +0000 2017","id":882743400738377700,"id_str":"882743400738377728","text":"オフパコ興味ある人いる？？\nリアルで絡める人だけLINE送ってね(●・ω・●)\nhttps://t.co/tsAkvHKlTD","truncated":false,"entities":{"hashtags":[],"symbols":[],"user_mentions":[],"urls":[],"media":[{"id":881713116613976000,"id_str":"881713116613976064","indices":[40,63],"media_url":"http://pbs.twimg.com/media/DDx5aHWUIAAofSr.jpg","media_url_https":"https://pbs.twimg.com/media/DDx5aHWUIAAofSr.jpg","url":"https://t.co/tsAkvHKlTD","display_url":"pic.twitter.com/tsAkvHKlTD","expanded_url":"https://twitter.com/dubamub/status/881713148885057536/photo/1","type":"photo","sizes":{"thumb":{"w":150,"h":150,"resize":"crop"},"large":{"w":580,"h":435,"resize":"fit"},"small":{"w":580,"h":435,"resize":"fit"},"medium":{"w":580,"h":435,"resize":"fit"}},"source_status_id":881713148885057500,"source_status_id_str":"881713148885057536","source_user_id":715112866525806600,"source_user_id_str":"715112866525806592"}]},"extended_entities":{"media":[{"id":881713116613976000,"id_str":"881713116613976064","indices":[40,63],"media_url":"http://pbs.twimg.com/media/DDx5aHWUIAAofSr.jpg","media_url_https":"https://pbs.twimg.com/media/DDx5aHWUIAAofSr.jpg","url":"https://t.co/tsAkvHKlTD","display_url":"pic.twitter.com/tsAkvHKlTD","expanded_url":"https://twitter.com/dubamub/status/881713148885057536/photo/1","type":"photo","sizes":{"thumb":{"w":150,"h":150,"resize":"crop"},"large":{"w":580,"h":435,"resize":"fit"},"small":{"w":580,"h":435,"resize":"fit"},"medium":{"w":580,"h":435,"resize":"fit"}},"source_status_id":881713148885057500,"source_status_id_str":"881713148885057536","source_user_id":715112866525806600,"source_user_id_str":"715112866525806592"},{"id":881713128207024100,"id_str":"881713128207024129","indices":[40,63],"media_url":"http://pbs.twimg.com/media/DDx5ayiUAAEDwkP.jpg","media_url_https":"https://pbs.twimg.com/media/DDx5ayiUAAEDwkP.jpg","url":"https://t.co/tsAkvHKlTD","display_url":"pic.twitter.com/tsAkvHKlTD","expanded_url":"https://twitter.com/dubamub/status/881713148885057536/photo/1","type":"photo","sizes":{"small":{"w":360,"h":360,"resize":"fit"},"medium":{"w":360,"h":360,"resize":"fit"},"thumb":{"w":150,"h":150,"resize":"crop"},"large":{"w":360,"h":360,"resize":"fit"}},"source_status_id":881713148885057500,"source_status_id_str":"881713148885057536","source_user_id":715112866525806600,"source_user_id_str":"715112866525806592"},{"id":881713141754626000,"id_str":"881713141754626049","indices":[40,63],"media_url":"http://pbs.twimg.com/media/DDx5blAUAAEP4qO.jpg","media_url_https":"https://pbs.twimg.com/media/DDx5blAUAAEP4qO.jpg","url":"https://t.co/tsAkvHKlTD","display_url":"pic.twitter.com/tsAkvHKlTD","expanded_url":"https://twitter.com/dubamub/status/881713148885057536/photo/1","type":"photo","sizes":{"thumb":{"w":150,"h":150,"resize":"crop"},"large":{"w":580,"h":435,"resize":"fit"},"small":{"w":580,"h":435,"resize":"fit"},"medium":{"w":580,"h":435,"resize":"fit"}},"source_status_id":881713148885057500,"source_status_id_str":"881713148885057536","source_user_id":715112866525806600,"source_user_id_str":"715112866525806592"}]},"metadata":{"iso_language_code":"ja","result_type":"recent"},"source":"<a href=\"https://twitter.com/\" rel=\"nofollow\">dooon ndoid</a>","in_reply_to_status_id":null,"in_reply_to_status_id_str":null,"in_reply_to_user_id":null,"in_reply_to_user_id_str":null,"in_reply_to_screen_name":null,"user":{"id":873841892869288000,"id_str":"873841892869287936","name":"いろは☻おふぱ募集←","screen_name":"irohalical","location":"","description":"オフ募集垢←興味ある人いますか(●・ω・●)？彼氏とかいりません！相性良ければセフでも💕セクロスはスポーツ(*`・ω・)ですｗ","url":null,"entities":{"description":{"urls":[]}},"protected":false,"followers_count":47,"friends_count":9,"listed_count":0,"created_at":"Sun Jun 11 09:58:37 +0000 2017","favourites_count":0,"utc_offset":-25200,"time_zone":"Pacific Time (US & Canada)","geo_enabled":false,"verified":false,"statuses_count":11,"lang":"ja","contributors_enabled":false,"is_translator":false,"is_translation_enabled":false,"profile_background_color":"F5F8FA","profile_background_image_url":null,"profile_background_image_url_https":null,"profile_background_tile":false,"profile_image_url":"http://pbs.twimg.com/profile_images/878212676098203648/8RJX9-3w_normal.jpg","profile_image_url_https":"https://pbs.twimg.com/profile_images/878212676098203648/8RJX9-3w_normal.jpg","profile_link_color":"1DA1F2","profile_sidebar_border_color":"C0DEED","profile_sidebar_fill_color":"DDEEF6","profile_text_color":"333333","profile_use_background_image":true,"has_extended_profile":false,"default_profile":true,"default_profile_image":false,"following":false,"follow_request_sent":false,"notifications":false,"translator_type":"none"},"geo":null,"coordinates":null,"place":null,"contributors":null,"is_quote_status":false,"retweet_count":54,"favorite_count":0,"favorited":false,"retweeted":false,"possibly_sensitive":false,"lang":"ja"},{"created_at":"Wed Jul 05 23:30:01 +0000 2017","id":882743399475957800,"id_str":"882743399475957760","text":"おふパコできる人いる？ｗ\n興味あったらLINE下さい(´・ω・｀)\n\nLINEQRで追加してー\n基本DM見てません(；´Д｀)\nhttps://t.co/5wZuPZVLUD","truncated":false,"entities":{"hashtags":[],"symbols":[],"user_mentions":[],"urls":[],"media":[{"id":857848717784657900,"id_str":"857848717784657921","indices":[64,87],"media_url":"http://pbs.twimg.com/media/C-ew3R6UMAELBHC.jpg","media_url_https":"https://pbs.twimg.com/media/C-ew3R6UMAELBHC.jpg","url":"https://t.co/5wZuPZVLUD","display_url":"pic.twitter.com/5wZuPZVLUD","expanded_url":"https://twitter.com/befovec/status/857848740098461697/photo/1","type":"photo","sizes":{"small":{"w":360,"h":360,"resize":"fit"},"thumb":{"w":150,"h":150,"resize":"crop"},"medium":{"w":360,"h":360,"resize":"fit"},"large":{"w":360,"h":360,"resize":"fit"}},"source_status_id":857848740098461700,"source_status_id_str":"857848740098461697","source_user_id":715111575732924400,"source_user_id_str":"715111575732924416"}]},"extended_entities":{"media":[{"id":857848717784657900,"id_str":"857848717784657921","indices":[64,87],"media_url":"http://pbs.twimg.com/media/C-ew3R6UMAELBHC.jpg","media_url_https":"https://pbs.twimg.com/media/C-ew3R6UMAELBHC.jpg","url":"https://t.co/5wZuPZVLUD","display_url":"pic.twitter.com/5wZuPZVLUD","expanded_url":"https://twitter.com/befovec/status/857848740098461697/photo/1","type":"photo","sizes":{"small":{"w":360,"h":360,"resize":"fit"},"thumb":{"w":150,"h":150,"resize":"crop"},"medium":{"w":360,"h":360,"resize":"fit"},"large":{"w":360,"h":360,"resize":"fit"}},"source_status_id":857848740098461700,"source_status_id_str":"857848740098461697","source_user_id":715111575732924400,"source_user_id_str":"715111575732924416"},{"id":857848724470485000,"id_str":"857848724470484992","indices":[64,87],"media_url":"http://pbs.twimg.com/media/C-ew3q0V0AAK6d1.jpg","media_url_https":"https://pbs.twimg.com/media/C-ew3q0V0AAK6d1.jpg","url":"https://t.co/5wZuPZVLUD","display_url":"pic.twitter.com/5wZuPZVLUD","expanded_url":"https://twitter.com/befovec/status/857848740098461697/photo/1","type":"photo","sizes":{"thumb":{"w":150,"h":150,"resize":"crop"},"medium":{"w":580,"h":774,"resize":"fit"},"large":{"w":580,"h":774,"resize":"fit"},"small":{"w":510,"h":680,"resize":"fit"}},"source_status_id":857848740098461700,"source_status_id_str":"857848740098461697","source_user_id":715111575732924400,"source_user_id_str":"715111575732924416"}]},"metadata":{"iso_language_code":"ja","result_type":"recent"},"source":"<a href=\"https://twitter.com/\" rel=\"nofollow\">hoxki niewrt</a>","in_reply_to_status_id":null,"in_reply_to_status_id_str":null,"in_reply_to_user_id":null,"in_reply_to_user_id_str":null,"in_reply_to_screen_name":null,"user":{"id":858362104499249200,"id_str":"858362104499249156","name":"ちえ→オフパコ垢","screen_name":"chie_chiiz","location":"","description":"JD20(´・ω・｀)軽いセクロス依存症←おふぱことか興味ありすぎてｗ年上で優しい人いたら誘って(´・ω・｀)","url":null,"entities":{"description":{"urls":[]}},"protected":false,"followers_count":156,"friends_count":7,"listed_count":0,"created_at":"Sat Apr 29 16:47:28 +0000 2017","favourites_count":0,"utc_offset":-25200,"time_zone":"Pacific Time (US & Canada)","geo_enabled":false,"verified":false,"statuses_count":10,"lang":"ja","contributors_enabled":false,"is_translator":false,"is_translation_enabled":false,"profile_background_color":"F5F8FA","profile_background_image_url":null,"profile_background_image_url_https":null,"profile_background_tile":false,"profile_image_url":"http://pbs.twimg.com/profile_images/859040349573988352/9QTuPb_T_normal.jpg","profile_image_url_https":"https://pbs.twimg.com/profile_images/859040349573988352/9QTuPb_T_normal.jpg","profile_link_color":"1DA1F2","profile_sidebar_border_color":"C0DEED","profile_sidebar_fill_color":"DDEEF6","profile_text_color":"333333","profile_use_background_image":true,"has_extended_profile":true,"default_profile":true,"default_profile_image":false,"following":false,"follow_request_sent":false,"notifications":false,"translator_type":"none"},"geo":null,"coordinates":null,"place":null,"contributors":null,"is_quote_status":false,"retweet_count":56,"favorite_count":0,"favorited":false,"retweeted":false,"possibly_sensitive":false,"lang":"ja"},{"created_at":"Wed Jul 05 23:30:01 +0000 2017","id":882743399131996200,"id_str":"882743399131996160","text":"オフパコ興味ある人いる？？\n基本夕方以降ひましてます(´・ω・｀)\n\nQRでLINE追加してメッセ下さいー\n\n基本DM見てません(；´Д｀)\nhttps://t.co/gptbsjnEye","truncated":false,"entities":{"hashtags":[],"symbols":[],"user_mentions":[],"urls":[],"media":[{"id":857848766732189700,"id_str":"857848766732189696","indices":[71,94],"media_url":"http://pbs.twimg.com/media/C-ew6IQUQAA7AIA.jpg","media_url_https":"https://pbs.twimg.com/media/C-ew6IQUQAA7AIA.jpg","url":"https://t.co/gptbsjnEye","display_url":"pic.twitter.com/gptbsjnEye","expanded_url":"https://twitter.com/befovec/status/857848785308762112/photo/1","type":"photo","sizes":{"thumb":{"w":150,"h":150,"resize":"crop"},"medium":{"w":580,"h":774,"resize":"fit"},"large":{"w":580,"h":774,"resize":"fit"},"small":{"w":510,"h":680,"resize":"fit"}},"source_status_id":857848785308762100,"source_status_id_str":"857848785308762112","source_user_id":715111575732924400,"source_user_id_str":"715111575732924416"}]},"extended_entities":{"media":[{"id":857848766732189700,"id_str":"857848766732189696","indices":[71,94],"media_url":"http://pbs.twimg.com/media/C-ew6IQUQAA7AIA.jpg","media_url_https":"https://pbs.twimg.com/media/C-ew6IQUQAA7AIA.jpg","url":"https://t.co/gptbsjnEye","display_url":"pic.twitter.com/gptbsjnEye","expanded_url":"https://twitter.com/befovec/status/857848785308762112/photo/1","type":"photo","sizes":{"thumb":{"w":150,"h":150,"resize":"crop"},"medium":{"w":580,"h":774,"resize":"fit"},"large":{"w":580,"h":774,"resize":"fit"},"small":{"w":510,"h":680,"resize":"fit"}},"source_status_id":857848785308762100,"source_status_id_str":"857848785308762112","source_user_id":715111575732924400,"source_user_id_str":"715111575732924416"},{"id":857848775875874800,"id_str":"857848775875874816","indices":[71,94],"media_url":"http://pbs.twimg.com/media/C-ew6qUV0AAbq1x.jpg","media_url_https":"https://pbs.twimg.com/media/C-ew6qUV0AAbq1x.jpg","url":"https://t.co/gptbsjnEye","display_url":"pic.twitter.com/gptbsjnEye","expanded_url":"https://twitter.com/befovec/status/857848785308762112/photo/1","type":"photo","sizes":{"small":{"w":360,"h":360,"resize":"fit"},"thumb":{"w":150,"h":150,"resize":"crop"},"medium":{"w":360,"h":360,"resize":"fit"},"large":{"w":360,"h":360,"resize":"fit"}},"source_status_id":857848785308762100,"source_status_id_str":"857848785308762112","source_user_id":715111575732924400,"source_user_id_str":"715111575732924416"}]},"metadata":{"iso_language_code":"ja","result_type":"recent"},"source":"<a href=\"https://twitter.com/\" rel=\"nofollow\">adkon xwyuu</a>","in_reply_to_status_id":null,"in_reply_to_status_id_str":null,"in_reply_to_user_id":null,"in_reply_to_user_id_str":null,"in_reply_to_screen_name":null,"user":{"id":869431041341087700,"id_str":"869431041341087744","name":"ちえ→おふパコ垢","screen_name":"chi_chiiee","location":"","description":"JD20( ･Θ･)ゞ基本的に発情してるんでｗｗオフパコしましょーｗｗｗ年上で優しい人いたら誘って←","url":null,"entities":{"description":{"urls":[]}},"protected":false,"followers_count":86,"friends_count":9,"listed_count":0,"created_at":"Tue May 30 05:51:28 +0000 2017","favourites_count":0,"utc_offset":-25200,"time_zone":"Pacific Time (US & Canada)","geo_enabled":false,"verified":false,"statuses_count":9,"lang":"ja","contributors_enabled":false,"is_translator":false,"is_translation_enabled":false,"profile_background_color":"F5F8FA","profile_background_image_url":null,"profile_background_image_url_https":null,"profile_background_tile":false,"profile_image_url":"http://pbs.twimg.com/profile_images/869873882206842881/oiuK5igs_normal.jpg","profile_image_url_https":"https://pbs.twimg.com/profile_images/869873882206842881/oiuK5igs_normal.jpg","profile_link_color":"1DA1F2","profile_sidebar_border_color":"C0DEED","profile_sidebar_fill_color":"DDEEF6","profile_text_color":"333333","profile_use_background_image":true,"has_extended_profile":true,"default_profile":true,"default_profile_image":false,"following":false,"follow_request_sent":false,"notifications":false,"translator_type":"none"},"geo":null,"coordinates":null,"place":null,"contributors":null,"is_quote_status":false,"retweet_count":57,"favorite_count":0,"favorited":false,"retweeted":false,"possibly_sensitive":false,"lang":"ja"},{"created_at":"Wed Jul 05 23:30:01 +0000 2017","id":882743398012039200,"id_str":"882743398012039169","text":"暇してる人いるかな？\nオフパコ興味あるー？♥♥\n\n絡み希望の人はLINEでメッセ送ってね(●・ω・●)\nhttps://t.co/UgVW3BF94i","truncated":false,"entities":{"hashtags":[],"symbols":[],"user_mentions":[],"urls":[],"media":[{"id":881713116613976000,"id_str":"881713116613976064","indices":[52,75],"media_url":"http://pbs.twimg.com/media/DDx5aHWUIAAofSr.jpg","media_url_https":"https://pbs.twimg.com/media/DDx5aHWUIAAofSr.jpg","url":"https://t.co/UgVW3BF94i","display_url":"pic.twitter.com/UgVW3BF94i","expanded_url":"https://twitter.com/dubamub/status/881713148885057536/photo/1","type":"photo","sizes":{"thumb":{"w":150,"h":150,"resize":"crop"},"large":{"w":580,"h":435,"resize":"fit"},"small":{"w":580,"h":435,"resize":"fit"},"medium":{"w":580,"h":435,"resize":"fit"}},"source_status_id":881713148885057500,"source_status_id_str":"881713148885057536","source_user_id":715112866525806600,"source_user_id_str":"715112866525806592"}]},"extended_entities":{"media":[{"id":881713116613976000,"id_str":"881713116613976064","indices":[52,75],"media_url":"http://pbs.twimg.com/media/DDx5aHWUIAAofSr.jpg","media_url_https":"https://pbs.twimg.com/media/DDx5aHWUIAAofSr.jpg","url":"https://t.co/UgVW3BF94i","display_url":"pic.twitter.com/UgVW3BF94i","expanded_url":"https://twitter.com/dubamub/status/881713148885057536/photo/1","type":"photo","sizes":{"thumb":{"w":150,"h":150,"resize":"crop"},"large":{"w":580,"h":435,"resize":"fit"},"small":{"w":580,"h":435,"resize":"fit"},"medium":{"w":580,"h":435,"resize":"fit"}},"source_status_id":881713148885057500,"source_status_id_str":"881713148885057536","source_user_id":715112866525806600,"source_user_id_str":"715112866525806592"},{"id":881713128207024100,"id_str":"881713128207024129","indices":[52,75],"media_url":"http://pbs.twimg.com/media/DDx5ayiUAAEDwkP.jpg","media_url_https":"https://pbs.twimg.com/media/DDx5ayiUAAEDwkP.jpg","url":"https://t.co/UgVW3BF94i","display_url":"pic.twitter.com/UgVW3BF94i","expanded_url":"https://twitter.com/dubamub/status/881713148885057536/photo/1","type":"photo","sizes":{"small":{"w":360,"h":360,"resize":"fit"},"medium":{"w":360,"h":360,"resize":"fit"},"thumb":{"w":150,"h":150,"resize":"crop"},"large":{"w":360,"h":360,"resize":"fit"}},"source_status_id":881713148885057500,"source_status_id_str":"881713148885057536","source_user_id":715112866525806600,"source_user_id_str":"715112866525806592"},{"id":881713141754626000,"id_str":"881713141754626049","indices":[52,75],"media_url":"http://pbs.twimg.com/media/DDx5blAUAAEP4qO.jpg","media_url_https":"https://pbs.twimg.com/media/DDx5blAUAAEP4qO.jpg","url":"https://t.co/UgVW3BF94i","display_url":"pic.twitter.com/UgVW3BF94i","expanded_url":"https://twitter.com/dubamub/status/881713148885057536/photo/1","type":"photo","sizes":{"thumb":{"w":150,"h":150,"resize":"crop"},"large":{"w":580,"h":435,"resize":"fit"},"small":{"w":580,"h":435,"resize":"fit"},"medium":{"w":580,"h":435,"resize":"fit"}},"source_status_id":881713148885057500,"source_status_id_str":"881713148885057536","source_user_id":715112866525806600,"source_user_id_str":"715112866525806592"}]},"metadata":{"iso_language_code":"ja","result_type":"recent"},"source":"<a href=\"https://twitter.com\" rel=\"nofollow\">富12</a>","in_reply_to_status_id":null,"in_reply_to_status_id_str":null,"in_reply_to_user_id":null,"in_reply_to_user_id_str":null,"in_reply_to_screen_name":null,"user":{"id":828428646507360300,"id_str":"828428646507360256","name":"いろは☻おふぱこ募集←","screen_name":"iro__ham","location":"","description":"オフパコ募集垢←興味ある人いますか(●・ω・●)？彼氏とかいりません！相性良ければセフでも💕セクロスはスポーツ(*`・ω・)ですｗ","url":null,"entities":{"description":{"urls":[]}},"protected":false,"followers_count":303,"friends_count":642,"listed_count":0,"created_at":"Mon Feb 06 02:22:35 +0000 2017","favourites_count":0,"utc_offset":-25200,"time_zone":"Pacific Time (US & Canada)","geo_enabled":false,"verified":false,"statuses_count":17,"lang":"ja","contributors_enabled":false,"is_translator":false,"is_translation_enabled":false,"profile_background_color":"F5F8FA","profile_background_image_url":null,"profile_background_image_url_https":null,"profile_background_tile":false,"profile_image_url":"http://pbs.twimg.com/profile_images/867294263951937536/xtc8DZep_normal.jpg","profile_image_url_https":"https://pbs.twimg.com/profile_images/867294263951937536/xtc8DZep_normal.jpg","profile_banner_url":"https://pbs.twimg.com/profile_banners/828428646507360256/1495614066","profile_link_color":"1DA1F2","profile_sidebar_border_color":"C0DEED","profile_sidebar_fill_color":"DDEEF6","profile_text_color":"333333","profile_use_background_image":true,"has_extended_profile":false,"default_profile":true,"default_profile_image":false,"following":false,"follow_request_sent":false,"notifications":false,"translator_type":"none"},"geo":null,"coordinates":null,"place":null,"contributors":null,"is_quote_status":false,"retweet_count":52,"favorite_count":0,"favorited":false,"retweeted":false,"possibly_sensitive":false,"lang":"ja"},{"created_at":"Wed Jul 05 23:30:01 +0000 2017","id":882743397672337400,"id_str":"882743397672337413","text":"暇してる人いるかな？\nオフパコ興味あるー？♥♥\n\n絡み希望の人はLINEでメッセ送ってね(●・ω・●)\nhttps://t.co/daLLiMxfFQ","truncated":false,"entities":{"hashtags":[],"symbols":[],"user_mentions":[],"urls":[],"media":[{"id":881713116613976000,"id_str":"881713116613976064","indices":[52,75],"media_url":"http://pbs.twimg.com/media/DDx5aHWUIAAofSr.jpg","media_url_https":"https://pbs.twimg.com/media/DDx5aHWUIAAofSr.jpg","url":"https://t.co/daLLiMxfFQ","display_url":"pic.twitter.com/daLLiMxfFQ","expanded_url":"https://twitter.com/dubamub/status/881713148885057536/photo/1","type":"photo","sizes":{"thumb":{"w":150,"h":150,"resize":"crop"},"large":{"w":580,"h":435,"resize":"fit"},"small":{"w":580,"h":435,"resize":"fit"},"medium":{"w":580,"h":435,"resize":"fit"}},"source_status_id":881713148885057500,"source_status_id_str":"881713148885057536","source_user_id":715112866525806600,"source_user_id_str":"715112866525806592"}]},"extended_entities":{"media":[{"id":881713116613976000,"id_str":"881713116613976064","indices":[52,75],"media_url":"http://pbs.twimg.com/media/DDx5aHWUIAAofSr.jpg","media_url_https":"https://pbs.twimg.com/media/DDx5aHWUIAAofSr.jpg","url":"https://t.co/daLLiMxfFQ","display_url":"pic.twitter.com/daLLiMxfFQ","expanded_url":"https://twitter.com/dubamub/status/881713148885057536/photo/1","type":"photo","sizes":{"thumb":{"w":150,"h":150,"resize":"crop"},"large":{"w":580,"h":435,"resize":"fit"},"small":{"w":580,"h":435,"resize":"fit"},"medium":{"w":580,"h":435,"resize":"fit"}},"source_status_id":881713148885057500,"source_status_id_str":"881713148885057536","source_user_id":715112866525806600,"source_user_id_str":"715112866525806592"},{"id":881713128207024100,"id_str":"881713128207024129","indices":[52,75],"media_url":"http://pbs.twimg.com/media/DDx5ayiUAAEDwkP.jpg","media_url_https":"https://pbs.twimg.com/media/DDx5ayiUAAEDwkP.jpg","url":"https://t.co/daLLiMxfFQ","display_url":"pic.twitter.com/daLLiMxfFQ","expanded_url":"https://twitter.com/dubamub/status/881713148885057536/photo/1","type":"photo","sizes":{"small":{"w":360,"h":360,"resize":"fit"},"medium":{"w":360,"h":360,"resize":"fit"},"thumb":{"w":150,"h":150,"resize":"crop"},"large":{"w":360,"h":360,"resize":"fit"}},"source_status_id":881713148885057500,"source_status_id_str":"881713148885057536","source_user_id":715112866525806600,"source_user_id_str":"715112866525806592"},{"id":881713141754626000,"id_str":"881713141754626049","indices":[52,75],"media_url":"http://pbs.twimg.com/media/DDx5blAUAAEP4qO.jpg","media_url_https":"https://pbs.twimg.com/media/DDx5blAUAAEP4qO.jpg","url":"https://t.co/daLLiMxfFQ","display_url":"pic.twitter.com/daLLiMxfFQ","expanded_url":"https://twitter.com/dubamub/status/881713148885057536/photo/1","type":"photo","sizes":{"thumb":{"w":150,"h":150,"resize":"crop"},"large":{"w":580,"h":435,"resize":"fit"},"small":{"w":580,"h":435,"resize":"fit"},"medium":{"w":580,"h":435,"resize":"fit"}},"source_status_id":881713148885057500,"source_status_id_str":"881713148885057536","source_user_id":715112866525806600,"source_user_id_str":"715112866525806592"}]},"metadata":{"iso_language_code":"ja","result_type":"recent"},"source":"<a href=\"https://twitter.com\" rel=\"nofollow\">ccc fggyyy</a>","in_reply_to_status_id":null,"in_reply_to_status_id_str":null,"in_reply_to_user_id":null,"in_reply_to_user_id_str":null,"in_reply_to_screen_name":null,"user":{"id":844804721114165200,"id_str":"844804721114165248","name":"いろは☻おふぱこ募集 💕","screen_name":"iroha_tam","location":"","description":"オフパコ募集垢←興味ある人いますか(●・ω・●)？彼氏とかいりません！相性良ければセフでも💕セクロスはスポーツ(*`・ω・)ですｗ","url":null,"entities":{"description":{"urls":[]}},"protected":false,"followers_count":203,"friends_count":159,"listed_count":0,"created_at":"Thu Mar 23 06:55:16 +0000 2017","favourites_count":0,"utc_offset":-25200,"time_zone":"Pacific Time (US & Canada)","geo_enabled":false,"verified":false,"statuses_count":12,"lang":"ja","contributors_enabled":false,"is_translator":false,"is_translation_enabled":false,"profile_background_color":"F5F8FA","profile_background_image_url":null,"profile_background_image_url_https":null,"profile_background_tile":false,"profile_image_url":"http://pbs.twimg.com/profile_images/870113473966899200/Ti4v9ICg_normal.jpg","profile_image_url_https":"https://pbs.twimg.com/profile_images/870113473966899200/Ti4v9ICg_normal.jpg","profile_banner_url":"https://pbs.twimg.com/profile_banners/844804721114165248/1496286209","profile_link_color":"1DA1F2","profile_sidebar_border_color":"C0DEED","profile_sidebar_fill_color":"DDEEF6","profile_text_color":"333333","profile_use_background_image":true,"has_extended_profile":false,"default_profile":true,"default_profile_image":false,"following":false,"follow_request_sent":false,"notifications":false,"translator_type":"none"},"geo":null,"coordinates":null,"place":null,"contributors":null,"is_quote_status":false,"retweet_count":56,"favorite_count":1,"favorited":false,"retweeted":false,"possibly_sensitive":false,"lang":"ja"}],"search_metadata":{"completed_in":0.063,"max_id":882745396656717800,"max_id_str":"882745396656717824","next_results":"?max_id=882743397672337412&q=lang%3Aja%20min_retweets%3A50&include_entities=1","query":"lang%3Aja+min_retweets%3A50","refresh_url":"?since_id=882745396656717824&q=lang%3Aja%20min_retweets%3A50&include_entities=1","count":15,"since_id":0,"since_id_str":"0"}}