{"statuses":[{"created_at":"Mon Jul 10 12:34:00 +0000 2017","id":884390244023377900,"id_str":"884390244023377920","text":"ミネルヴァ公演ありがとうございました！今日も汗だくーー！\nそしてこのあとshowroom出演します、今急いで移動中、、😳💦 https://t.co/IEd9b6luaY","truncated":false,"entities":{"hashtags":[],"symbols":[],"user_mentions":[],"urls":[],"media":[{"id":884390232988147700,"id_str":"884390232988147713","indices":[62,85],"media_url":"http://pbs.twimg.com/media/DEX8OzAVYAE1kuE.jpg","media_url_https":"https://pbs.twimg.com/media/DEX8OzAVYAE1kuE.jpg","url":"https://t.co/IEd9b6luaY","display_url":"pic.twitter.com/IEd9b6luaY","expanded_url":"https://twitter.com/mionnn_48/status/884390244023377920/photo/1","type":"photo","sizes":{"medium":{"w":1200,"h":900,"resize":"fit"},"small":{"w":680,"h":510,"resize":"fit"},"thumb":{"w":150,"h":150,"resize":"crop"},"large":{"w":2048,"h":1536,"resize":"fit"}}}]},"extended_entities":{"media":[{"id":884390232988147700,"id_str":"884390232988147713","indices":[62,85],"media_url":"http://pbs.twimg.com/media/DEX8OzAVYAE1kuE.jpg","media_url_https":"https://pbs.twimg.com/media/DEX8OzAVYAE1kuE.jpg","url":"https://t.co/IEd9b6luaY","display_url":"pic.twitter.com/IEd9b6luaY","expanded_url":"https://twitter.com/mionnn_48/status/884390244023377920/photo/1","type":"photo","sizes":{"medium":{"w":1200,"h":900,"resize":"fit"},"small":{"w":680,"h":510,"resize":"fit"},"thumb":{"w":150,"h":150,"resize":"crop"},"large":{"w":2048,"h":1536,"resize":"fit"}}}]},"metadata":{"iso_language_code":"ja","result_type":"recent"},"source":"<a href=\"http://twitter.com/download/iphone\" rel=\"nofollow\">Twitter for iPhone</a>","in_reply_to_status_id":null,"in_reply_to_status_id_str":null,"in_reply_to_user_id":null,"in_reply_to_user_id_str":null,"in_reply_to_screen_name":null,"user":{"id":727094565744726000,"id_str":"727094565744726017","name":"向井地美音","screen_name":"mionnn_48","location":"","description":"AKB48 TeamK みーおんこと向井地美音です。埼玉県から来ました。桜の木になろう新規です。","url":"https://t.co/UnYGa9myu8","entities":{"url":{"urls":[{"url":"https://t.co/UnYGa9myu8","expanded_url":"https://www.instagram.com/___mion.m/","display_url":"instagram.com/___mion.m/","indices":[0,23]}]},"description":{"urls":[]}},"protected":false,"followers_count":156572,"friends_count":110,"listed_count":1820,"created_at":"Mon May 02 11:17:08 +0000 2016","favourites_count":59,"utc_offset":32400,"time_zone":"Tokyo","geo_enabled":false,"verified":true,"statuses_count":1435,"lang":"ja","contributors_enabled":false,"is_translator":false,"is_translation_enabled":false,"profile_background_color":"F5F8FA","profile_background_image_url":null,"profile_background_image_url_https":null,"profile_background_tile":false,"profile_image_url":"http://pbs.twimg.com/profile_images/793314361427136512/7LWEnB59_normal.jpg","profile_image_url_https":"https://pbs.twimg.com/profile_images/793314361427136512/7LWEnB59_normal.jpg","profile_banner_url":"https://pbs.twimg.com/profile_banners/727094565744726017/1469279952","profile_link_color":"1DA1F2","profile_sidebar_border_color":"C0DEED","profile_sidebar_fill_color":"DDEEF6","profile_text_color":"333333","profile_use_background_image":true,"has_extended_profile":true,"default_profile":true,"default_profile_image":false,"following":false,"follow_request_sent":false,"notifications":false,"translator_type":"none"},"geo":null,"coordinates":null,"place":null,"contributors":null,"is_quote_status":false,"retweet_count":100,"favorite_count":415,"favorited":false,"retweeted":false,"possibly_sensitive":false,"lang":"ja"},{"created_at":"Mon Jul 10 12:33:45 +0000 2017","id":884390181645582300,"id_str":"884390181645582336","text":"京都大作戦2017の面影〜‼︎\n\nいつも絶妙なタイミングで\n励ましの留守電メッセージを\n入れて下さるタクマさん。\n\nくるくる回る優しいナオキさん。\n\nコウイチさんとはまだ話した事すらない。\n\nフォト バイ ジョン。… https://t.co/JrdsSWykD5","truncated":true,"entities":{"hashtags":[],"symbols":[],"user_mentions":[],"urls":[{"url":"https://t.co/JrdsSWykD5","expanded_url":"https://twitter.com/i/web/status/884390181645582336","display_url":"twitter.com/i/web/status/8…","indices":[109,132]}]},"metadata":{"iso_language_code":"ja","result_type":"recent"},"source":"<a href=\"http://twitter.com/download/iphone\" rel=\"nofollow\">Twitter for iPhone</a>","in_reply_to_status_id":null,"in_reply_to_status_id_str":null,"in_reply_to_user_id":null,"in_reply_to_user_id_str":null,"in_reply_to_screen_name":null,"user":{"id":328978629,"id_str":"328978629","name":"KENTA WANIMA","screen_name":"WANIMA_KENTA","location":"","description":"バンド名:WANIMA 所属事務所:PIZZA OF DEATH バンド方針:迷いなら捨てて後腐れなしで 好きなタイプ:内臓がキレイな女性 好きなブランド:LEFLAH レペゼン：熊本","url":"https://t.co/diLnXXEbUm","entities":{"url":{"urls":[{"url":"https://t.co/diLnXXEbUm","expanded_url":"http://wanima.net/","display_url":"wanima.net","indices":[0,23]}]},"description":{"urls":[]}},"protected":false,"followers_count":173529,"friends_count":343,"listed_count":815,"created_at":"Mon Jul 04 10:50:18 +0000 2011","favourites_count":319,"utc_offset":32400,"time_zone":"Tokyo","geo_enabled":false,"verified":false,"statuses_count":1082,"lang":"ja","contributors_enabled":false,"is_translator":false,"is_translation_enabled":false,"profile_background_color":"C0DEED","profile_background_image_url":"http://abs.twimg.com/images/themes/theme1/bg.png","profile_background_image_url_https":"https://abs.twimg.com/images/themes/theme1/bg.png","profile_background_tile":false,"profile_image_url":"http://pbs.twimg.com/profile_images/618048672907964416/bMw1-8sr_normal.jpg","profile_image_url_https":"https://pbs.twimg.com/profile_images/618048672907964416/bMw1-8sr_normal.jpg","profile_banner_url":"https://pbs.twimg.com/profile_banners/328978629/1493094329","profile_link_color":"1DA1F2","profile_sidebar_border_color":"C0DEED","profile_sidebar_fill_color":"DDEEF6","profile_text_color":"333333","profile_use_background_image":true,"has_extended_profile":false,"default_profile":true,"default_profile_image":false,"following":false,"follow_request_sent":false,"notifications":false,"translator_type":"none"},"geo":null,"coordinates":null,"place":null,"contributors":null,"is_quote_status":false,"retweet_count":256,"favorite_count":963,"favorited":false,"retweeted":false,"possibly_sensitive":false,"lang":"ja"},{"created_at":"Mon Jul 10 12:33:38 +0000 2017","id":884390152721711100,"id_str":"884390152721711104","text":"先日あいなちゃんのライブとシンデレラガールズのライブを観に行かせて頂きました^o^あいなちゃんはバースデーに行けなかったから、久々に生で聴けた…！！そしたら、バラードがとても好きだなぁと思ったのです。そしてアイマス！キラッキラだった…どんなに遠くにいても、その輝きが届いてきました","truncated":false,"entities":{"hashtags":[],"symbols":[],"user_mentions":[],"urls":[]},"metadata":{"iso_language_code":"ja","result_type":"recent"},"source":"<a href=\"http://twitter.com/download/iphone\" rel=\"nofollow\">Twitter for iPhone</a>","in_reply_to_status_id":null,"in_reply_to_status_id_str":null,"in_reply_to_user_id":null,"in_reply_to_user_id_str":null,"in_reply_to_screen_name":null,"user":{"id":372890603,"id_str":"372890603","name":"山口立花子（◎）ちくわP","screen_name":"YamaguchiRikako","location":"ちくわの穴の中に生息","description":"山口立花子です！サンミュージックプロダクション所属の声優です。タチバナコじゃないんですよ、『りかこ』って読むんですよ。 飼ってる亀と猫をこよなく愛してますヽ(´▽｀)ノでも亀は私を噛みます…。 あと、クマが好きです！和が好きです！ちくわＰです！ リプライは事務所の方針で、原則お知り合いにしか返せませんごめんなさい！","url":"https://t.co/AzfJuv3S6o","entities":{"url":{"urls":[{"url":"https://t.co/AzfJuv3S6o","expanded_url":"http://ameblo.jp/genki-morisoba/","display_url":"ameblo.jp/genki-morisoba/","indices":[0,23]}]},"description":{"urls":[]}},"protected":false,"followers_count":39585,"friends_count":396,"listed_count":2248,"created_at":"Tue Sep 13 16:17:56 +0000 2011","favourites_count":73,"utc_offset":32400,"time_zone":"Tokyo","geo_enabled":false,"verified":false,"statuses_count":19559,"lang":"ja","contributors_enabled":false,"is_translator":false,"is_translation_enabled":false,"profile_background_color":"FF6699","profile_background_image_url":"http://abs.twimg.com/images/themes/theme11/bg.gif","profile_background_image_url_https":"https://abs.twimg.com/images/themes/theme11/bg.gif","profile_background_tile":true,"profile_image_url":"http://pbs.twimg.com/profile_images/813044695655849984/BYiR2OQ2_normal.jpg","profile_image_url_https":"https://pbs.twimg.com/profile_images/813044695655849984/BYiR2OQ2_normal.jpg","profile_banner_url":"https://pbs.twimg.com/profile_banners/372890603/1460306257","profile_link_color":"B40B43","profile_sidebar_border_color":"CC3366","profile_sidebar_fill_color":"E5507E","profile_text_color":"362720","profile_use_background_image":true,"has_extended_profile":true,"default_profile":false,"default_profile_image":false,"following":false,"follow_request_sent":false,"notifications":false,"translator_type":"none"},"geo":null,"coordinates":null,"place":null,"contributors":null,"is_quote_status":false,"retweet_count":72,"favorite_count":120,"favorited":false,"retweeted":false,"lang":"ja"},{"created_at":"Mon Jul 10 12:33:16 +0000 2017","id":884390062628065300,"id_str":"884390062628065280","text":"一ノ瀬志希。予定通りいけば、SSAの合同フラスタで飾られる予定です。 https://t.co/21DcHflsbt","truncated":false,"entities":{"hashtags":[],"symbols":[],"user_mentions":[],"urls":[],"media":[{"id":884390032898875400,"id_str":"884390032898875393","indices":[35,58],"media_url":"http://pbs.twimg.com/media/DEX8DJnVYAERVTI.jpg","media_url_https":"https://pbs.twimg.com/media/DEX8DJnVYAERVTI.jpg","url":"https://t.co/21DcHflsbt","display_url":"pic.twitter.com/21DcHflsbt","expanded_url":"https://twitter.com/bonnie_3404/status/884390062628065280/photo/1","type":"photo","sizes":{"medium":{"w":850,"h":1200,"resize":"fit"},"large":{"w":1450,"h":2048,"resize":"fit"},"thumb":{"w":150,"h":150,"resize":"crop"},"small":{"w":481,"h":680,"resize":"fit"}}}]},"extended_entities":{"media":[{"id":884390032898875400,"id_str":"884390032898875393","indices":[35,58],"media_url":"http://pbs.twimg.com/media/DEX8DJnVYAERVTI.jpg","media_url_https":"https://pbs.twimg.com/media/DEX8DJnVYAERVTI.jpg","url":"https://t.co/21DcHflsbt","display_url":"pic.twitter.com/21DcHflsbt","expanded_url":"https://twitter.com/bonnie_3404/status/884390062628065280/photo/1","type":"photo","sizes":{"medium":{"w":850,"h":1200,"resize":"fit"},"large":{"w":1450,"h":2048,"resize":"fit"},"thumb":{"w":150,"h":150,"resize":"crop"},"small":{"w":481,"h":680,"resize":"fit"}}}]},"metadata":{"iso_language_code":"ja","result_type":"recent"},"source":"<a href=\"http://twitter.com\" rel=\"nofollow\">Twitter Web Client</a>","in_reply_to_status_id":null,"in_reply_to_status_id_str":null,"in_reply_to_user_id":null,"in_reply_to_user_id_str":null,"in_reply_to_screen_name":null,"user":{"id":3240122348,"id_str":"3240122348","name":"ぼに～＠夏コミ１日目A-39a","screen_name":"bonnie_3404","location":"","description":"絵描いてます 　　　同人、商業、お仕事募集しております  無言フォロー失礼致します  mail：bonnie23☆outlook.jp（☆→@） pixiv:https://t.co/ZerTZBlNxp   ニコ生:co106861","url":"https://t.co/8jWqyYKMmV","entities":{"url":{"urls":[{"url":"https://t.co/8jWqyYKMmV","expanded_url":"http://bonnie-23.tumblr.com/","display_url":"bonnie-23.tumblr.com","indices":[0,23]}]},"description":{"urls":[{"url":"https://t.co/ZerTZBlNxp","expanded_url":"http://pixiv.me/buffaler","display_url":"pixiv.me/buffaler","indices":[79,102]}]}},"protected":false,"followers_count":96469,"friends_count":1169,"listed_count":1983,"created_at":"Mon Jun 08 17:47:57 +0000 2015","favourites_count":3395,"utc_offset":32400,"time_zone":"Tokyo","geo_enabled":false,"verified":false,"statuses_count":9491,"lang":"ja","contributors_enabled":false,"is_translator":false,"is_translation_enabled":false,"profile_background_color":"000000","profile_background_image_url":"http://abs.twimg.com/images/themes/theme1/bg.png","profile_background_image_url_https":"https://abs.twimg.com/images/themes/theme1/bg.png","profile_background_tile":false,"profile_image_url":"http://pbs.twimg.com/profile_images/883684976452972546/kp47s2cB_normal.jpg","profile_image_url_https":"https://pbs.twimg.com/profile_images/883684976452972546/kp47s2cB_normal.jpg","profile_banner_url":"https://pbs.twimg.com/profile_banners/3240122348/1488804868","profile_link_color":"ABB8C2","profile_sidebar_border_color":"000000","profile_sidebar_fill_color":"000000","profile_text_color":"000000","profile_use_background_image":false,"has_extended_profile":true,"default_profile":false,"default_profile_image":false,"following":false,"follow_request_sent":false,"notifications":false,"translator_type":"none"},"geo":null,"coordinates":null,"place":null,"contributors":null,"is_quote_status":false,"retweet_count":130,"favorite_count":220,"favorited":false,"retweeted":false,"possibly_sensitive":false,"lang":"ja"},{"created_at":"Mon Jul 10 12:33:13 +0000 2017","id":884390050808512500,"id_str":"884390050808512514","text":"プレゼント企画！\n\n BOSE\n SoundSport in-ear headphones\n ※色は選べません。\n\n 応募は簡単\n1：当アカウントをフォロー\n2：欲しい商品をリツイート\n\n当選者にはDMでご連絡しています。 https://t.co/CfXzyqKxoG","truncated":false,"entities":{"hashtags":[],"symbols":[],"user_mentions":[],"urls":[],"media":[{"id":825170573177139200,"id_str":"825170573177139200","indices":[112,135],"media_url":"http://pbs.twimg.com/media/C3OYQ61UMAAnRmM.jpg","media_url_https":"https://pbs.twimg.com/media/C3OYQ61UMAAnRmM.jpg","url":"https://t.co/CfXzyqKxoG","display_url":"pic.twitter.com/CfXzyqKxoG","expanded_url":"https://twitter.com/ABCZtime/status/825170598317862913/photo/1","type":"photo","sizes":{"large":{"w":1920,"h":1080,"resize":"fit"},"medium":{"w":1200,"h":675,"resize":"fit"},"thumb":{"w":150,"h":150,"resize":"crop"},"small":{"w":680,"h":383,"resize":"fit"}},"source_status_id":825170598317862900,"source_status_id_str":"825170598317862913","source_user_id":2497164344,"source_user_id_str":"2497164344"}]},"extended_entities":{"media":[{"id":825170573177139200,"id_str":"825170573177139200","indices":[112,135],"media_url":"http://pbs.twimg.com/media/C3OYQ61UMAAnRmM.jpg","media_url_https":"https://pbs.twimg.com/media/C3OYQ61UMAAnRmM.jpg","url":"https://t.co/CfXzyqKxoG","display_url":"pic.twitter.com/CfXzyqKxoG","expanded_url":"https://twitter.com/ABCZtime/status/825170598317862913/photo/1","type":"photo","sizes":{"large":{"w":1920,"h":1080,"resize":"fit"},"medium":{"w":1200,"h":675,"resize":"fit"},"thumb":{"w":150,"h":150,"resize":"crop"},"small":{"w":680,"h":383,"resize":"fit"}},"source_status_id":825170598317862900,"source_status_id_str":"825170598317862913","source_user_id":2497164344,"source_user_id_str":"2497164344"},{"id":825170586062123000,"id_str":"825170586062123009","indices":[112,135],"media_url":"http://pbs.twimg.com/media/C3OYRq1VcAENqlb.jpg","media_url_https":"https://pbs.twimg.com/media/C3OYRq1VcAENqlb.jpg","url":"https://t.co/CfXzyqKxoG","display_url":"pic.twitter.com/CfXzyqKxoG","expanded_url":"https://twitter.com/ABCZtime/status/825170598317862913/photo/1","type":"photo","sizes":{"large":{"w":620,"h":391,"resize":"fit"},"thumb":{"w":150,"h":150,"resize":"crop"},"medium":{"w":620,"h":391,"resize":"fit"},"small":{"w":620,"h":391,"resize":"fit"}},"source_status_id":825170598317862900,"source_status_id_str":"825170598317862913","source_user_id":2497164344,"source_user_id_str":"2497164344"},{"id":825170590038253600,"id_str":"825170590038253568","indices":[112,135],"media_url":"http://pbs.twimg.com/media/C3OYR5pUYAAbw99.jpg","media_url_https":"https://pbs.twimg.com/media/C3OYR5pUYAAbw99.jpg","url":"https://t.co/CfXzyqKxoG","display_url":"pic.twitter.com/CfXzyqKxoG","expanded_url":"https://twitter.com/ABCZtime/status/825170598317862913/photo/1","type":"photo","sizes":{"medium":{"w":620,"h":372,"resize":"fit"},"small":{"w":620,"h":372,"resize":"fit"},"large":{"w":620,"h":372,"resize":"fit"},"thumb":{"w":150,"h":150,"resize":"crop"}},"source_status_id":825170598317862900,"source_status_id_str":"825170598317862913","source_user_id":2497164344,"source_user_id_str":"2497164344"},{"id":825170594555531300,"id_str":"825170594555531264","indices":[112,135],"media_url":"http://pbs.twimg.com/media/C3OYSKeUkAAi4Df.jpg","media_url_https":"https://pbs.twimg.com/media/C3OYSKeUkAAi4Df.jpg","url":"https://t.co/CfXzyqKxoG","display_url":"pic.twitter.com/CfXzyqKxoG","expanded_url":"https://twitter.com/ABCZtime/status/825170598317862913/photo/1","type":"photo","sizes":{"thumb":{"w":150,"h":150,"resize":"crop"},"large":{"w":310,"h":228,"resize":"fit"},"medium":{"w":310,"h":228,"resize":"fit"},"small":{"w":310,"h":228,"resize":"fit"}},"source_status_id":825170598317862900,"source_status_id_str":"825170598317862913","source_user_id":2497164344,"source_user_id_str":"2497164344"}]},"metadata":{"iso_language_code":"ja","result_type":"recent"},"source":"<a href=\"http://twitter.com/download/android\" rel=\"nofollow\">Twitter for Android</a>","in_reply_to_status_id":null,"in_reply_to_status_id_str":null,"in_reply_to_user_id":null,"in_reply_to_user_id_str":null,"in_reply_to_screen_name":null,"user":{"id":3007645165,"id_str":"3007645165","name":"ZORRO","screen_name":"777presentbox","location":"since 2015","description":"ツイッタープレゼント企画 複数応募可。応募は簡単フォロー&リツイート・抽選日は3～7日後くらいです。当選者にはDMでご連絡しています。5日以内に返信がない場合は当選無効繰り越しとさせていただきます。懸賞の主な目的は協賛企業や商品などの宣伝です。その他当選確立が高い協賛各社限定プレゼント企画も只今検討中","url":null,"entities":{"description":{"urls":[]}},"protected":false,"followers_count":31006,"friends_count":0,"listed_count":19,"created_at":"Mon Feb 02 06:21:45 +0000 2015","favourites_count":74,"utc_offset":28800,"time_zone":"Irkutsk","geo_enabled":false,"verified":false,"statuses_count":100,"lang":"ja","contributors_enabled":false,"is_translator":false,"is_translation_enabled":false,"profile_background_color":"C0DEED","profile_background_image_url":"http://abs.twimg.com/images/themes/theme1/bg.png","profile_background_image_url_https":"https://abs.twimg.com/images/themes/theme1/bg.png","profile_background_tile":false,"profile_image_url":"http://pbs.twimg.com/profile_images/872809588910731265/94hc5Wpw_normal.jpg","profile_image_url_https":"https://pbs.twimg.com/profile_images/872809588910731265/94hc5Wpw_normal.jpg","profile_banner_url":"https://pbs.twimg.com/profile_banners/3007645165/1485771573","profile_link_color":"1DA1F2","profile_sidebar_border_color":"C0DEED","profile_sidebar_fill_color":"DDEEF6","profile_text_color":"333333","profile_use_background_image":true,"has_extended_profile":false,"default_profile":true,"default_profile_image":false,"following":false,"follow_request_sent":false,"notifications":false,"translator_type":"none"},"geo":null,"coordinates":null,"place":null,"contributors":null,"is_quote_status":false,"retweet_count":59,"favorite_count":16,"favorited":false,"retweeted":false,"possibly_sensitive":false,"lang":"ja"},{"created_at":"Mon Jul 10 12:33:12 +0000 2017","id":884390043732762600,"id_str":"884390043732762624","text":"10日の試合後の様子です。\nご声援ありがとうございました！\n#ジャイアンツ\n#巨人 #今こそ一丸 https://t.co/g2BERLHVxU","truncated":false,"entities":{"hashtags":[{"text":"ジャイアンツ","indices":[30,37]},{"text":"巨人","indices":[38,41]},{"text":"今こそ一丸","indices":[42,48]}],"symbols":[],"user_mentions":[],"urls":[],"media":[{"id":884388630302605300,"id_str":"884388630302605312","indices":[49,72],"media_url":"http://pbs.twimg.com/ext_tw_video_thumb/884388630302605312/pu/img/2smcURBNl6sj_25g.jpg","media_url_https":"https://pbs.twimg.com/ext_tw_video_thumb/884388630302605312/pu/img/2smcURBNl6sj_25g.jpg","url":"https://t.co/g2BERLHVxU","display_url":"pic.twitter.com/g2BERLHVxU","expanded_url":"https://twitter.com/TokyoGiants/status/884390043732762624/video/1","type":"photo","sizes":{"small":{"w":340,"h":191,"resize":"fit"},"thumb":{"w":150,"h":150,"resize":"crop"},"medium":{"w":600,"h":338,"resize":"fit"},"large":{"w":1024,"h":576,"resize":"fit"}}}]},"extended_entities":{"media":[{"id":884388630302605300,"id_str":"884388630302605312","indices":[49,72],"media_url":"http://pbs.twimg.com/ext_tw_video_thumb/884388630302605312/pu/img/2smcURBNl6sj_25g.jpg","media_url_https":"https://pbs.twimg.com/ext_tw_video_thumb/884388630302605312/pu/img/2smcURBNl6sj_25g.jpg","url":"https://t.co/g2BERLHVxU","display_url":"pic.twitter.com/g2BERLHVxU","expanded_url":"https://twitter.com/TokyoGiants/status/884390043732762624/video/1","type":"video","sizes":{"small":{"w":340,"h":191,"resize":"fit"},"thumb":{"w":150,"h":150,"resize":"crop"},"medium":{"w":600,"h":338,"resize":"fit"},"large":{"w":1024,"h":576,"resize":"fit"}},"video_info":{"aspect_ratio":[16,9],"duration_millis":58859,"variants":[{"bitrate":832000,"content_type":"video/mp4","url":"https://video.twimg.com/ext_tw_video/884388630302605312/pu/vid/640x360/I-DOKb94u5XCvZfS.mp4"},{"content_type":"application/x-mpegURL","url":"https://video.twimg.com/ext_tw_video/884388630302605312/pu/pl/Ik8BzfpBGuVFuSxC.m3u8"},{"bitrate":2176000,"content_type":"video/mp4","url":"https://video.twimg.com/ext_tw_video/884388630302605312/pu/vid/1280x720/BqHpx5l0WzqJp_LM.mp4"},{"bitrate":320000,"content_type":"video/mp4","url":"https://video.twimg.com/ext_tw_video/884388630302605312/pu/vid/320x180/CtXtKbAWfm3UzK8s.mp4"}]},"additional_media_info":{"monetizable":false}}]},"metadata":{"iso_language_code":"ja","result_type":"recent"},"source":"<a href=\"http://twitter.com\" rel=\"nofollow\">Twitter Web Client</a>","in_reply_to_status_id":null,"in_reply_to_status_id_str":null,"in_reply_to_user_id":null,"in_reply_to_user_id_str":null,"in_reply_to_screen_name":null,"user":{"id":766180214284124200,"id_str":"766180214284124160","name":"読売ジャイアンツ（Giants）","screen_name":"TokyoGiants","location":"東京都","description":"読売巨人軍の公式Twitterアカウントです。ジャイアンツ広報部員の面々がツイートしています。※画像の二次利用及び無断転載は禁止とさせていただきます。","url":"https://t.co/TrBCnJvlh8","entities":{"url":{"urls":[{"url":"https://t.co/TrBCnJvlh8","expanded_url":"http://www.giants.jp","display_url":"giants.jp","indices":[0,23]}]},"description":{"urls":[]}},"protected":false,"followers_count":130417,"friends_count":0,"listed_count":665,"created_at":"Thu Aug 18 07:49:32 +0000 2016","favourites_count":87,"utc_offset":32400,"time_zone":"Tokyo","geo_enabled":true,"verified":true,"statuses_count":3633,"lang":"ja","contributors_enabled":false,"is_translator":false,"is_translation_enabled":false,"profile_background_color":"000000","profile_background_image_url":"http://abs.twimg.com/images/themes/theme1/bg.png","profile_background_image_url_https":"https://abs.twimg.com/images/themes/theme1/bg.png","profile_background_tile":false,"profile_image_url":"http://pbs.twimg.com/profile_images/775148743393812480/ctsO8WFs_normal.jpg","profile_image_url_https":"https://pbs.twimg.com/profile_images/775148743393812480/ctsO8WFs_normal.jpg","profile_banner_url":"https://pbs.twimg.com/profile_banners/766180214284124160/1488789465","profile_link_color":"FF691F","profile_sidebar_border_color":"000000","profile_sidebar_fill_color":"000000","profile_text_color":"000000","profile_use_background_image":false,"has_extended_profile":false,"default_profile":false,"default_profile_image":false,"following":false,"follow_request_sent":false,"notifications":false,"translator_type":"none"},"geo":null,"coordinates":null,"place":null,"contributors":null,"is_quote_status":false,"retweet_count":80,"favorite_count":305,"favorited":false,"retweeted":false,"possibly_sensitive":false,"lang":"ja"},{"created_at":"Mon Jul 10 12:33:08 +0000 2017","id":884390026942885900,"id_str":"884390026942885890","text":"Androidにてダイヤが表示されない不具合が確認されました。ダイヤは紛失しておりませんので、ご安心ください。現在、不具合の原因を調査中です。今しばらくお待ち頂けるよう、よろしくお願いします。度々、ご迷惑をおかけして申し訳ありません。#戦艦少女R","truncated":false,"entities":{"hashtags":[{"text":"戦艦少女R","indices":[117,123]}],"symbols":[],"user_mentions":[],"urls":[]},"metadata":{"iso_language_code":"ja","result_type":"recent"},"source":"<a href=\"http://twitter.com\" rel=\"nofollow\">Twitter Web Client</a>","in_reply_to_status_id":null,"in_reply_to_status_id_str":null,"in_reply_to_user_id":null,"in_reply_to_user_id_str":null,"in_reply_to_screen_name":null,"user":{"id":758216542601347100,"id_str":"758216542601347072","name":"戦艦少女R公式","screen_name":"SKSJR_JP","location":"ヴィルヘルムスハーフェン","description":"戦艦少女R日本版の公式Twitterです。色んな情報をつぶやきますので、フォローをよろしくお願いします。発信しかしないので、困ったらサポートのところに行きましょうね。あと…あ～面倒くさい。さっさと港に帰って寝るわ。","url":"https://t.co/YIzTODvqgU","entities":{"url":{"urls":[{"url":"https://t.co/YIzTODvqgU","expanded_url":"http://ssr.moefantasy.co.jp/","display_url":"ssr.moefantasy.co.jp","indices":[0,23]}]},"description":{"urls":[]}},"protected":false,"followers_count":24437,"friends_count":0,"listed_count":324,"created_at":"Wed Jul 27 08:24:45 +0000 2016","favourites_count":0,"utc_offset":32400,"time_zone":"Tokyo","geo_enabled":false,"verified":false,"statuses_count":398,"lang":"ja","contributors_enabled":false,"is_translator":false,"is_translation_enabled":false,"profile_background_color":"000000","profile_background_image_url":"http://abs.twimg.com/images/themes/theme1/bg.png","profile_background_image_url_https":"https://abs.twimg.com/images/themes/theme1/bg.png","profile_background_tile":false,"profile_image_url":"http://pbs.twimg.com/profile_images/848189787894759424/n3XgACn2_normal.jpg","profile_image_url_https":"https://pbs.twimg.com/profile_images/848189787894759424/n3XgACn2_normal.jpg","profile_banner_url":"https://pbs.twimg.com/profile_banners/758216542601347072/1496217056","profile_link_color":"F58EA8","profile_sidebar_border_color":"000000","profile_sidebar_fill_color":"000000","profile_text_color":"000000","profile_use_background_image":false,"has_extended_profile":true,"default_profile":false,"default_profile_image":false,"following":false,"follow_request_sent":false,"notifications":false,"translator_type":"none"},"geo":null,"coordinates":null,"place":null,"contributors":null,"is_quote_status":false,"retweet_count":51,"favorite_count":34,"favorited":false,"retweeted":false,"lang":"ja"},{"created_at":"Mon Jul 10 12:33:05 +0000 2017","id":884390015580553200,"id_str":"884390015580553220","text":"7月28日(金)に発売される小澤廉1st写真集🏝\n\n『Ren』の小澤廉ファンクラブ会員限定特別セットの販売が決定しました！イエーーイ！✨\n\n詳細・ご予約はこちら↓\nhttps://t.co/4Tzn9VIj6K\n\nよろしくお願いし… https://t.co/fKUe4tywkl","truncated":true,"entities":{"hashtags":[],"symbols":[],"user_mentions":[],"urls":[{"url":"https://t.co/4Tzn9VIj6K","expanded_url":"https://sp.ozawaren.com/information/24","display_url":"sp.ozawaren.com/information/24","indices":[82,105]},{"url":"https://t.co/fKUe4tywkl","expanded_url":"https://twitter.com/i/web/status/884390015580553220","display_url":"twitter.com/i/web/status/8…","indices":[117,140]}]},"metadata":{"iso_language_code":"ja","result_type":"recent"},"source":"<a href=\"http://twitter.com/download/iphone\" rel=\"nofollow\">Twitter for iPhone</a>","in_reply_to_status_id":null,"in_reply_to_status_id_str":null,"in_reply_to_user_id":null,"in_reply_to_user_id_str":null,"in_reply_to_screen_name":null,"user":{"id":336927910,"id_str":"336927910","name":"小澤廉（B2takes!）","screen_name":"occult_box","location":"","description":"俳優 BACS所属 ダイヤのA The LIVE/沢村栄純役 ミュージカル薄桜鬼/藤堂平助役 仮面ライダー鎧武/ラット役 B2takes!でcolorはred みなさんこんな僕をよろしゅうに。公式ファンクラブ  https://t.co/tpFCRuSH9C","url":"https://t.co/wqFeaEveDs","entities":{"url":{"urls":[{"url":"https://t.co/wqFeaEveDs","expanded_url":"http://s.ameblo.jp/a-s-ren","display_url":"s.ameblo.jp/a-s-ren","indices":[0,23]}]},"description":{"urls":[{"url":"https://t.co/tpFCRuSH9C","expanded_url":"http://ozawaren.com/","display_url":"ozawaren.com","indices":[106,129]}]}},"protected":false,"followers_count":83018,"friends_count":214,"listed_count":3208,"created_at":"Sun Jul 17 04:37:38 +0000 2011","favourites_count":1448,"utc_offset":-36000,"time_zone":"Hawaii","geo_enabled":false,"verified":true,"statuses_count":8255,"lang":"ja","contributors_enabled":false,"is_translator":false,"is_translation_enabled":false,"profile_background_color":"C0DEED","profile_background_image_url":"http://abs.twimg.com/images/themes/theme1/bg.png","profile_background_image_url_https":"https://abs.twimg.com/images/themes/theme1/bg.png","profile_background_tile":false,"profile_image_url":"http://pbs.twimg.com/profile_images/847830248938815489/gqkCIfvF_normal.jpg","profile_image_url_https":"https://pbs.twimg.com/profile_images/847830248938815489/gqkCIfvF_normal.jpg","profile_banner_url":"https://pbs.twimg.com/profile_banners/336927910/1475587804","profile_link_color":"1DA1F2","profile_sidebar_border_color":"C0DEED","profile_sidebar_fill_color":"DDEEF6","profile_text_color":"333333","profile_use_background_image":true,"has_extended_profile":false,"default_profile":true,"default_profile_image":false,"following":false,"follow_request_sent":false,"notifications":false,"translator_type":"none"},"geo":null,"coordinates":null,"place":null,"contributors":null,"is_quote_status":false,"retweet_count":153,"favorite_count":319,"favorited":false,"retweeted":false,"possibly_sensitive":false,"lang":"ja"},{"created_at":"Mon Jul 10 12:33:02 +0000 2017","id":884390003811295200,"id_str":"884390003811295232","text":"赤い月を纏う赤い魔女\n†怪談編真姫ちゃんできました† https://t.co/XgaP5R1Y7H","truncated":false,"entities":{"hashtags":[],"symbols":[],"user_mentions":[],"urls":[],"media":[{"id":884388773773025300,"id_str":"884388773773025280","indices":[27,50],"media_url":"http://pbs.twimg.com/media/DEX653AVoAAliF_.jpg","media_url_https":"https://pbs.twimg.com/media/DEX653AVoAAliF_.jpg","url":"https://t.co/XgaP5R1Y7H","display_url":"pic.twitter.com/XgaP5R1Y7H","expanded_url":"https://twitter.com/Hario_4/status/884390003811295232/photo/1","type":"photo","sizes":{"large":{"w":1704,"h":2048,"resize":"fit"},"small":{"w":566,"h":680,"resize":"fit"},"thumb":{"w":150,"h":150,"resize":"crop"},"medium":{"w":998,"h":1200,"resize":"fit"}}}]},"extended_entities":{"media":[{"id":884388773773025300,"id_str":"884388773773025280","indices":[27,50],"media_url":"http://pbs.twimg.com/media/DEX653AVoAAliF_.jpg","media_url_https":"https://pbs.twimg.com/media/DEX653AVoAAliF_.jpg","url":"https://t.co/XgaP5R1Y7H","display_url":"pic.twitter.com/XgaP5R1Y7H","expanded_url":"https://twitter.com/Hario_4/status/884390003811295232/photo/1","type":"photo","sizes":{"large":{"w":1704,"h":2048,"resize":"fit"},"small":{"w":566,"h":680,"resize":"fit"},"thumb":{"w":150,"h":150,"resize":"crop"},"medium":{"w":998,"h":1200,"resize":"fit"}}}]},"metadata":{"iso_language_code":"ja","result_type":"recent"},"source":"<a href=\"http://twitter.com\" rel=\"nofollow\">Twitter Web Client</a>","in_reply_to_status_id":null,"in_reply_to_status_id_str":null,"in_reply_to_user_id":null,"in_reply_to_user_id_str":null,"in_reply_to_screen_name":null,"user":{"id":3319824775,"id_str":"3319824775","name":"ハリオ🍒3日目東ス39b","screen_name":"Hario_4","location":"","description":"Maki♥️Dia♦️Yubari💚サークル『S』で活動中♪ラブライブ！/ 艦これ【mail】a.hario@hotmail.co.jp","url":"https://t.co/OZPdMF6EzX","entities":{"url":{"urls":[{"url":"https://t.co/OZPdMF6EzX","expanded_url":"https://s-hario.booth.pm/","display_url":"s-hario.booth.pm","indices":[0,23]}]},"description":{"urls":[]}},"protected":false,"followers_count":24593,"friends_count":89,"listed_count":689,"created_at":"Wed Aug 19 08:04:14 +0000 2015","favourites_count":9041,"utc_offset":-25200,"time_zone":"Pacific Time (US & Canada)","geo_enabled":true,"verified":false,"statuses_count":9881,"lang":"ja","contributors_enabled":false,"is_translator":false,"is_translation_enabled":false,"profile_background_color":"000000","profile_background_image_url":"http://abs.twimg.com/images/themes/theme1/bg.png","profile_background_image_url_https":"https://abs.twimg.com/images/themes/theme1/bg.png","profile_background_tile":false,"profile_image_url":"http://pbs.twimg.com/profile_images/880429529994379264/3rGAYLl4_normal.jpg","profile_image_url_https":"https://pbs.twimg.com/profile_images/880429529994379264/3rGAYLl4_normal.jpg","profile_banner_url":"https://pbs.twimg.com/profile_banners/3319824775/1455037794","profile_link_color":"E81C4F","profile_sidebar_border_color":"000000","profile_sidebar_fill_color":"000000","profile_text_color":"000000","profile_use_background_image":false,"has_extended_profile":true,"default_profile":false,"default_profile_image":false,"following":false,"follow_request_sent":false,"notifications":false,"translator_type":"none"},"geo":null,"coordinates":null,"place":null,"contributors":null,"is_quote_status":false,"retweet_count":66,"favorite_count":137,"favorited":false,"retweeted":false,"possibly_sensitive":false,"lang":"ja"},{"created_at":"Mon Jul 10 12:32:49 +0000 2017","id":884389950153556000,"id_str":"884389950153555968","text":"【お知らせ】\n森羅万象ツアーR指定終演後物販販売につきまして\nR指定出番終了後の転換時と次のバンドの本番終了後のみの2回とさせて頂きます。\n出演順によっては、公演終了後の物販はございませんのでご了承ください。","truncated":false,"entities":{"hashtags":[],"symbols":[],"user_mentions":[],"urls":[]},"metadata":{"iso_language_code":"ja","result_type":"recent"},"source":"<a href=\"http://twitter.com/download/iphone\" rel=\"nofollow\">Twitter for iPhone</a>","in_reply_to_status_id":null,"in_reply_to_status_id_str":null,"in_reply_to_user_id":null,"in_reply_to_user_id_str":null,"in_reply_to_screen_name":null,"user":{"id":4035350352,"id_str":"4035350352","name":"マモ","screen_name":"mam0_0fficialt","location":"浅草","description":"R指定ボーカルマモです。 ギターも弾きます。作詞作曲担当です。Twitterをはじめて一年が経ちました。熊本県出身です。名前の由来はくマモとです。宜しく。https://t.co/t6CF8akl8L","url":"https://t.co/4qY2yWAdWD","entities":{"url":{"urls":[{"url":"https://t.co/4qY2yWAdWD","expanded_url":"http://www.r-shitei.net","display_url":"r-shitei.net","indices":[0,23]}]},"description":{"urls":[{"url":"https://t.co/t6CF8akl8L","expanded_url":"http://Instagram.com/yuuyakemamomichan","display_url":"Instagram.com/yuuyakemamomic…","indices":[77,100]}]}},"protected":false,"followers_count":62546,"friends_count":55,"listed_count":836,"created_at":"Tue Oct 27 12:34:01 +0000 2015","favourites_count":0,"utc_offset":-25200,"time_zone":"Pacific Time (US & Canada)","geo_enabled":false,"verified":false,"statuses_count":1917,"lang":"ja","contributors_enabled":false,"is_translator":false,"is_translation_enabled":false,"profile_background_color":"C0DEED","profile_background_image_url":"http://abs.twimg.com/images/themes/theme1/bg.png","profile_background_image_url_https":"https://abs.twimg.com/images/themes/theme1/bg.png","profile_background_tile":false,"profile_image_url":"http://pbs.twimg.com/profile_images/871677890135445504/Y2LBsBKL_normal.jpg","profile_image_url_https":"https://pbs.twimg.com/profile_images/871677890135445504/Y2LBsBKL_normal.jpg","profile_banner_url":"https://pbs.twimg.com/profile_banners/4035350352/1496660202","profile_link_color":"1DA1F2","profile_sidebar_border_color":"C0DEED","profile_sidebar_fill_color":"DDEEF6","profile_text_color":"333333","profile_use_background_image":true,"has_extended_profile":false,"default_profile":true,"default_profile_image":false,"following":false,"follow_request_sent":false,"notifications":false,"translator_type":"none"},"geo":null,"coordinates":null,"place":null,"contributors":null,"is_quote_status":false,"retweet_count":68,"favorite_count":228,"favorited":false,"retweeted":false,"lang":"ja"},{"created_at":"Mon Jul 10 12:32:14 +0000 2017","id":884389801532678100,"id_str":"884389801532678149","text":"SSRありすちゃん\n幕張公演の椅子に座ってのin fact最高すぎて涙腺崩壊してましたね… https://t.co/CJtilYzHB6","truncated":false,"entities":{"hashtags":[],"symbols":[],"user_mentions":[],"urls":[],"media":[{"id":884389797841616900,"id_str":"884389797841616896","indices":[46,69],"media_url":"http://pbs.twimg.com/media/DEX71d9UQAAd7_x.jpg","media_url_https":"https://pbs.twimg.com/media/DEX71d9UQAAd7_x.jpg","url":"https://t.co/CJtilYzHB6","display_url":"pic.twitter.com/CJtilYzHB6","expanded_url":"https://twitter.com/nao_reb/status/884389801532678149/photo/1","type":"photo","sizes":{"small":{"w":680,"h":680,"resize":"fit"},"thumb":{"w":150,"h":150,"resize":"crop"},"medium":{"w":850,"h":850,"resize":"fit"},"large":{"w":850,"h":850,"resize":"fit"}}}]},"extended_entities":{"media":[{"id":884389797841616900,"id_str":"884389797841616896","indices":[46,69],"media_url":"http://pbs.twimg.com/media/DEX71d9UQAAd7_x.jpg","media_url_https":"https://pbs.twimg.com/media/DEX71d9UQAAd7_x.jpg","url":"https://t.co/CJtilYzHB6","display_url":"pic.twitter.com/CJtilYzHB6","expanded_url":"https://twitter.com/nao_reb/status/884389801532678149/photo/1","type":"photo","sizes":{"small":{"w":680,"h":680,"resize":"fit"},"thumb":{"w":150,"h":150,"resize":"crop"},"medium":{"w":850,"h":850,"resize":"fit"},"large":{"w":850,"h":850,"resize":"fit"}}}]},"metadata":{"iso_language_code":"ja","result_type":"recent"},"source":"<a href=\"http://janetter.net/\" rel=\"nofollow\">Janetter</a>","in_reply_to_status_id":null,"in_reply_to_status_id_str":null,"in_reply_to_user_id":null,"in_reply_to_user_id_str":null,"in_reply_to_screen_name":null,"user":{"id":239347844,"id_str":"239347844","name":"直晴@3日目東ネ-02b","screen_name":"nao_reb","location":"伊賀忍者の隠れ里","description":"マンガとイラスト描き。同人サークル「re:barna」。デレマス千枝智絵里とU-12のP。ミリマスは星梨花/桃子/育P。ナナシス箱推し支配人。お仕事のご相談はnao.reb☆https://t.co/N8GNSmAmm4へ | https://t.co/D762SxowuV","url":"https://t.co/O4ugclWVw9","entities":{"url":{"urls":[{"url":"https://t.co/O4ugclWVw9","expanded_url":"http://www.pixiv.net/member.php?id=103836","display_url":"pixiv.net/member.php?id=…","indices":[0,23]}]},"description":{"urls":[{"url":"https://t.co/N8GNSmAmm4","expanded_url":"http://gmail.com","display_url":"gmail.com","indices":[87,110]},{"url":"https://t.co/D762SxowuV","expanded_url":"http://yaplog.jp/egd/","display_url":"yaplog.jp/egd/","indices":[114,137]}]}},"protected":false,"followers_count":6630,"friends_count":679,"listed_count":319,"created_at":"Mon Jan 17 12:07:45 +0000 2011","favourites_count":4387,"utc_offset":32400,"time_zone":"Osaka","geo_enabled":false,"verified":false,"statuses_count":42093,"lang":"ja","contributors_enabled":false,"is_translator":false,"is_translation_enabled":false,"profile_background_color":"0099B9","profile_background_image_url":"http://pbs.twimg.com/profile_background_images/378800000133307223/zKAN9kVO.jpeg","profile_background_image_url_https":"https://pbs.twimg.com/profile_background_images/378800000133307223/zKAN9kVO.jpeg","profile_background_tile":true,"profile_image_url":"http://pbs.twimg.com/profile_images/715758072514347010/qIRDo2uP_normal.jpg","profile_image_url_https":"https://pbs.twimg.com/profile_images/715758072514347010/qIRDo2uP_normal.jpg","profile_banner_url":"https://pbs.twimg.com/profile_banners/239347844/1418131447","profile_link_color":"0099B9","profile_sidebar_border_color":"FFFFFF","profile_sidebar_fill_color":"95E8EC","profile_text_color":"3C3940","profile_use_background_image":true,"has_extended_profile":true,"default_profile":false,"default_profile_image":false,"following":false,"follow_request_sent":false,"notifications":false,"translator_type":"regular"},"geo":null,"coordinates":null,"place":null,"contributors":null,"is_quote_status":false,"retweet_count":88,"favorite_count":110,"favorited":false,"retweeted":false,"possibly_sensitive":false,"lang":"ja"},{"created_at":"Mon Jul 10 12:32:13 +0000 2017","id":884389797753626600,"id_str":"884389797753626624","text":"この二日間、大勢のうごめく何者かに混じって私が見ていたのはこれだ。特別になんとかスコープ（名前考えるのめんどくさい）で見た映像をお見せする。 https://t.co/cuDt86pEhI","truncated":false,"entities":{"hashtags":[],"symbols":[],"user_mentions":[],"urls":[],"media":[{"id":884389794381389800,"id_str":"884389794381389824","indices":[71,94],"media_url":"http://pbs.twimg.com/media/DEX71REVYAAA-YR.jpg","media_url_https":"https://pbs.twimg.com/media/DEX71REVYAAA-YR.jpg","url":"https://t.co/cuDt86pEhI","display_url":"pic.twitter.com/cuDt86pEhI","expanded_url":"https://twitter.com/hirasawa/status/884389797753626624/photo/1","type":"photo","sizes":{"small":{"w":383,"h":680,"resize":"fit"},"thumb":{"w":150,"h":150,"resize":"crop"},"large":{"w":576,"h":1024,"resize":"fit"},"medium":{"w":576,"h":1024,"resize":"fit"}}}]},"extended_entities":{"media":[{"id":884389794381389800,"id_str":"884389794381389824","indices":[71,94],"media_url":"http://pbs.twimg.com/media/DEX71REVYAAA-YR.jpg","media_url_https":"https://pbs.twimg.com/media/DEX71REVYAAA-YR.jpg","url":"https://t.co/cuDt86pEhI","display_url":"pic.twitter.com/cuDt86pEhI","expanded_url":"https://twitter.com/hirasawa/status/884389797753626624/photo/1","type":"photo","sizes":{"small":{"w":383,"h":680,"resize":"fit"},"thumb":{"w":150,"h":150,"resize":"crop"},"large":{"w":576,"h":1024,"resize":"fit"},"medium":{"w":576,"h":1024,"resize":"fit"}}}]},"metadata":{"iso_language_code":"ja","result_type":"recent"},"source":"<a href=\"https://www.wakamesoba98.net/sobacha/\" rel=\"nofollow\">SobaCha</a>","in_reply_to_status_id":null,"in_reply_to_status_id_str":null,"in_reply_to_user_id":null,"in_reply_to_user_id_str":null,"in_reply_to_screen_name":null,"user":{"id":77907829,"id_str":"77907829","name":"Susumu Hirasawa","screen_name":"hirasawa","location":"","description":"平沢進","url":"https://t.co/o4uHT62UOC","entities":{"url":{"urls":[{"url":"https://t.co/o4uHT62UOC","expanded_url":"http://susumuhirasawa.com","display_url":"susumuhirasawa.com","indices":[0,23]}]},"description":{"urls":[]}},"protected":false,"followers_count":95442,"friends_count":5,"listed_count":5861,"created_at":"Mon Sep 28 03:00:21 +0000 2009","favourites_count":27,"utc_offset":32400,"time_zone":"Tokyo","geo_enabled":false,"verified":true,"statuses_count":35342,"lang":"ja","contributors_enabled":false,"is_translator":false,"is_translation_enabled":false,"profile_background_color":"000000","profile_background_image_url":"http://pbs.twimg.com/profile_background_images/477038043497365504/TyoUItHE.jpeg","profile_background_image_url_https":"https://pbs.twimg.com/profile_background_images/477038043497365504/TyoUItHE.jpeg","profile_background_tile":false,"profile_image_url":"http://pbs.twimg.com/profile_images/580274917737824256/dgTNzjQ5_normal.jpg","profile_image_url_https":"https://pbs.twimg.com/profile_images/580274917737824256/dgTNzjQ5_normal.jpg","profile_link_color":"000000","profile_sidebar_border_color":"FFFFFF","profile_sidebar_fill_color":"000000","profile_text_color":"666666","profile_use_background_image":false,"has_extended_profile":false,"default_profile":false,"default_profile_image":false,"following":false,"follow_request_sent":false,"notifications":false,"translator_type":"none"},"geo":null,"coordinates":null,"place":null,"contributors":null,"is_quote_status":false,"retweet_count":118,"favorite_count":311,"favorited":false,"retweeted":false,"possibly_sensitive":false,"lang":"ja"},{"created_at":"Mon Jul 10 12:32:11 +0000 2017","id":884389786978578400,"id_str":"884389786978578432","text":"BoA 配信シングル「Right Here, Right Everywhere」2017/7/12リリース!! https://t.co/rt5SkFskf4","truncated":false,"entities":{"hashtags":[],"symbols":[],"user_mentions":[],"urls":[{"url":"https://t.co/rt5SkFskf4","expanded_url":"https://www.instagram.com/p/BWXbxQIDgFj/","display_url":"instagram.com/p/BWXbxQIDgFj/","indices":[56,79]}]},"metadata":{"iso_language_code":"ja","result_type":"recent"},"source":"<a href=\"http://instagram.com\" rel=\"nofollow\">Instagram</a>","in_reply_to_status_id":null,"in_reply_to_status_id_str":null,"in_reply_to_user_id":null,"in_reply_to_user_id_str":null,"in_reply_to_screen_name":null,"user":{"id":169927844,"id_str":"169927844","name":"BoA","screen_name":"BoAkwon","location":"In this world ","description":"","url":null,"entities":{"description":{"urls":[]}},"protected":false,"followers_count":3589864,"friends_count":164,"listed_count":12746,"created_at":"Fri Jul 23 14:28:44 +0000 2010","favourites_count":1,"utc_offset":32400,"time_zone":"Seoul","geo_enabled":false,"verified":true,"statuses_count":2074,"lang":"en","contributors_enabled":false,"is_translator":false,"is_translation_enabled":false,"profile_background_color":"EBEBEB","profile_background_image_url":"http://pbs.twimg.com/profile_background_images/840249253/09352a2e7aea34d4676ea4e6d9b6fe0a.jpeg","profile_background_image_url_https":"https://pbs.twimg.com/profile_background_images/840249253/09352a2e7aea34d4676ea4e6d9b6fe0a.jpeg","profile_background_tile":true,"profile_image_url":"http://pbs.twimg.com/profile_images/878021594035003392/cLAh9dUa_normal.jpg","profile_image_url_https":"https://pbs.twimg.com/profile_images/878021594035003392/cLAh9dUa_normal.jpg","profile_link_color":"990000","profile_sidebar_border_color":"FFFFFF","profile_sidebar_fill_color":"F3F3F3","profile_text_color":"333333","profile_use_background_image":true,"has_extended_profile":false,"default_profile":false,"default_profile_image":false,"following":false,"follow_request_sent":false,"notifications":false,"translator_type":"none"},"geo":null,"coordinates":null,"place":null,"contributors":null,"is_quote_status":false,"retweet_count":84,"favorite_count":136,"favorited":false,"retweeted":false,"possibly_sensitive":false,"lang":"ja"},{"created_at":"Mon Jul 10 12:31:57 +0000 2017","id":884389731693346800,"id_str":"884389731693346817","text":"7/9\n\n梅田\n\n高橋恭平\n吉岡廉","truncated":false,"entities":{"hashtags":[],"symbols":[],"user_mentions":[],"urls":[]},"metadata":{"iso_language_code":"ja","result_type":"recent"},"source":"<a href=\"http://twitter.com/download/iphone\" rel=\"nofollow\">Twitter for iPhone</a>","in_reply_to_status_id":null,"in_reply_to_status_id_str":null,"in_reply_to_user_id":null,"in_reply_to_user_id_str":null,"in_reply_to_screen_name":null,"user":{"id":848909052008554500,"id_str":"848909052008554496","name":"ジャニーズ遭遇情報","screen_name":"js4662","location":"","description":"情報はDMにいただけると気付きやすいです。","url":null,"entities":{"description":{"urls":[]}},"protected":false,"followers_count":138833,"friends_count":0,"listed_count":231,"created_at":"Mon Apr 03 14:44:24 +0000 2017","favourites_count":259,"utc_offset":null,"time_zone":null,"geo_enabled":false,"verified":false,"statuses_count":1160,"lang":"ja","contributors_enabled":false,"is_translator":false,"is_translation_enabled":false,"profile_background_color":"F5F8FA","profile_background_image_url":null,"profile_background_image_url_https":null,"profile_background_tile":false,"profile_image_url":"http://pbs.twimg.com/profile_images/848911931956019204/fwwY30IV_normal.jpg","profile_image_url_https":"https://pbs.twimg.com/profile_images/848911931956019204/fwwY30IV_normal.jpg","profile_link_color":"1DA1F2","profile_sidebar_border_color":"C0DEED","profile_sidebar_fill_color":"DDEEF6","profile_text_color":"333333","profile_use_background_image":true,"has_extended_profile":false,"default_profile":true,"default_profile_image":false,"following":false,"follow_request_sent":false,"notifications":false,"translator_type":"none"},"geo":null,"coordinates":null,"place":null,"contributors":null,"is_quote_status":false,"retweet_count":158,"favorite_count":649,"favorited":false,"retweeted":false,"lang":"ja"},{"created_at":"Mon Jul 10 12:31:52 +0000 2017","id":884389710025510900,"id_str":"884389710025510912","text":"【おれサマー】CD・DVD・BD物販の実施が決定！購入者限定特典も実施！ここでしか手に入らない貴重な特典もご用意しておりますので、ご期待下さい！詳細はhttps://t.co/OW84z6HEXu","truncated":false,"entities":{"hashtags":[],"symbols":[],"user_mentions":[],"urls":[{"url":"https://t.co/OW84z6HEXu","expanded_url":"http://orepara.com/summer/news/#n_21","display_url":"orepara.com/summer/news/#n…","indices":[75,98]}]},"metadata":{"iso_language_code":"ja","result_type":"recent"},"source":"<a href=\"http://twitter.com\" rel=\"nofollow\">Twitter Web Client</a>","in_reply_to_status_id":null,"in_reply_to_status_id_str":null,"in_reply_to_user_id":null,"in_reply_to_user_id_str":null,"in_reply_to_screen_name":null,"user":{"id":1446500833,"id_str":"1446500833","name":"ランティス公式おれパラツイッター","screen_name":"orepara","location":"","description":"『Original Entertainment Paradise -おれパラ- 10th Anniversary ～ORE!!SUMMER～』開催決定！2017年7月15日(土)、16日(日)＠富士急ハイランド・コニファーフォレスト","url":"https://t.co/nXFkt415RI","entities":{"url":{"urls":[{"url":"https://t.co/nXFkt415RI","expanded_url":"http://orepara.com","display_url":"orepara.com","indices":[0,23]}]},"description":{"urls":[]}},"protected":false,"followers_count":41484,"friends_count":8,"listed_count":603,"created_at":"Tue May 21 14:28:11 +0000 2013","favourites_count":12,"utc_offset":null,"time_zone":null,"geo_enabled":false,"verified":false,"statuses_count":524,"lang":"ja","contributors_enabled":false,"is_translator":false,"is_translation_enabled":false,"profile_background_color":"C0DEED","profile_background_image_url":"http://abs.twimg.com/images/themes/theme1/bg.png","profile_background_image_url_https":"https://abs.twimg.com/images/themes/theme1/bg.png","profile_background_tile":false,"profile_image_url":"http://pbs.twimg.com/profile_images/822311712699269126/l-pRPFdj_normal.jpg","profile_image_url_https":"https://pbs.twimg.com/profile_images/822311712699269126/l-pRPFdj_normal.jpg","profile_banner_url":"https://pbs.twimg.com/profile_banners/1446500833/1378309632","profile_link_color":"1DA1F2","profile_sidebar_border_color":"C0DEED","profile_sidebar_fill_color":"DDEEF6","profile_text_color":"333333","profile_use_background_image":true,"has_extended_profile":false,"default_profile":true,"default_profile_image":false,"following":false,"follow_request_sent":false,"notifications":false,"translator_type":"none"},"geo":null,"coordinates":null,"place":null,"contributors":null,"is_quote_status":false,"retweet_count":130,"favorite_count":170,"favorited":false,"retweeted":false,"possibly_sensitive":false,"lang":"ja"}],"search_metadata":{"completed_in":0.065,"max_id":884390244023377900,"max_id_str":"884390244023377920","next_results":"?max_id=884389710025510911&q=lang%3Aja%20min_retweets%3A50&include_entities=1","query":"lang%3Aja+min_retweets%3A50","refresh_url":"?since_id=884390244023377920&q=lang%3Aja%20min_retweets%3A50&include_entities=1","count":15,"since_id":0,"since_id_str":"0"}}