{"statuses":[{"created_at":"Sun Jul 09 13:39:03 +0000 2017","id":884044230401773600,"id_str":"884044230401773569","text":"ｱ”ｯ♡ア”タ”ラ”ン”テ”殿”♡禁”止”♡\nマ”ス”タ”ー”の”前”で”背”伸”び”禁”止”♡ https://t.co/baJ7YzPGdV","truncated":false,"entities":{"hashtags":[],"symbols":[],"user_mentions":[],"urls":[],"media":[{"id":884044162042961900,"id_str":"884044162042961920","indices":[49,72],"media_url":"http://pbs.twimg.com/media/DETBe0RUIAAqWFv.jpg","media_url_https":"https://pbs.twimg.com/media/DETBe0RUIAAqWFv.jpg","url":"https://t.co/baJ7YzPGdV","display_url":"pic.twitter.com/baJ7YzPGdV","expanded_url":"https://twitter.com/melonnyinyi/status/884044230401773569/photo/1","type":"photo","sizes":{"large":{"w":1500,"h":2000,"resize":"fit"},"medium":{"w":900,"h":1200,"resize":"fit"},"thumb":{"w":150,"h":150,"resize":"crop"},"small":{"w":510,"h":680,"resize":"fit"}}}]},"extended_entities":{"media":[{"id":884044162042961900,"id_str":"884044162042961920","indices":[49,72],"media_url":"http://pbs.twimg.com/media/DETBe0RUIAAqWFv.jpg","media_url_https":"https://pbs.twimg.com/media/DETBe0RUIAAqWFv.jpg","url":"https://t.co/baJ7YzPGdV","display_url":"pic.twitter.com/baJ7YzPGdV","expanded_url":"https://twitter.com/melonnyinyi/status/884044230401773569/photo/1","type":"photo","sizes":{"large":{"w":1500,"h":2000,"resize":"fit"},"medium":{"w":900,"h":1200,"resize":"fit"},"thumb":{"w":150,"h":150,"resize":"crop"},"small":{"w":510,"h":680,"resize":"fit"}}}]},"metadata":{"iso_language_code":"ja","result_type":"recent"},"source":"<a href=\"http://twitter.com\" rel=\"nofollow\">Twitter Web Client</a>","in_reply_to_status_id":null,"in_reply_to_status_id_str":null,"in_reply_to_user_id":null,"in_reply_to_user_id_str":null,"in_reply_to_screen_name":null,"user":{"id":350923370,"id_str":"350923370","name":"めろん２２","screen_name":"melonnyinyi","location":"徳島県 ジャスコ","description":"ドラゴンや女の子を描くよ！ライトノベル「異世界で料理人を命じられたオレが 女王陛下の軍師に成り上がる!」「想世のイシュタル」挿絵/「Fate/Grand Order」「カードファイト‼︎ヴァンガード」等で色々描いてるよ！ pixiv https://t.co/nBBe3SRSCo","url":"https://t.co/Ib2qNaczEr","entities":{"url":{"urls":[{"url":"https://t.co/Ib2qNaczEr","expanded_url":"http://melonnyinyi.wix.com/art-works","display_url":"melonnyinyi.wix.com/art-works","indices":[0,23]}]},"description":{"urls":[{"url":"https://t.co/nBBe3SRSCo","expanded_url":"http://www.pixiv.net/member.php?id=2963688","display_url":"pixiv.net/member.php?id=…","indices":[117,140]}]}},"protected":false,"followers_count":27660,"friends_count":2273,"listed_count":658,"created_at":"Mon Aug 08 14:34:16 +0000 2011","favourites_count":229,"utc_offset":-36000,"time_zone":"Hawaii","geo_enabled":false,"verified":false,"statuses_count":60884,"lang":"ja","contributors_enabled":false,"is_translator":false,"is_translation_enabled":false,"profile_background_color":"4764AD","profile_background_image_url":"http://pbs.twimg.com/profile_background_images/378800000094307721/988398a1ee90029494ca6861831c957e.png","profile_background_image_url_https":"https://pbs.twimg.com/profile_background_images/378800000094307721/988398a1ee90029494ca6861831c957e.png","profile_background_tile":true,"profile_image_url":"http://pbs.twimg.com/profile_images/875531425566437376/BjkSVYi6_normal.jpg","profile_image_url_https":"https://pbs.twimg.com/profile_images/875531425566437376/BjkSVYi6_normal.jpg","profile_banner_url":"https://pbs.twimg.com/profile_banners/350923370/1472902362","profile_link_color":"99DB1F","profile_sidebar_border_color":"FFFFFF","profile_sidebar_fill_color":"FFFFFF","profile_text_color":"5E565E","profile_use_background_image":true,"has_extended_profile":true,"default_profile":false,"default_profile_image":false,"following":false,"follow_request_sent":false,"notifications":false,"translator_type":"none"},"geo":null,"coordinates":null,"place":null,"contributors":null,"is_quote_status":false,"retweet_count":99,"favorite_count":170,"favorited":false,"retweeted":false,"possibly_sensitive":false,"lang":"ja"},{"created_at":"Sun Jul 09 13:38:43 +0000 2017","id":884044144191995900,"id_str":"884044144191995904","text":"僕は乙女座って一種の猛禽類（もうきんるい）だと思っていて、ほら、フクロウとかって視界が確か270度ぐらいあるって言われるじゃないですか。カバーする範囲が広い。\n\nだから、他の人が見ていないところまで「目に入ってしまう」のが乙女座にしかわからない世界になってきます。\n\n#乙女座","truncated":false,"entities":{"hashtags":[{"text":"乙女座","indices":[134,138]}],"symbols":[],"user_mentions":[],"urls":[]},"metadata":{"iso_language_code":"ja","result_type":"recent"},"source":"<a href=\"http://twitter.com\" rel=\"nofollow\">Twitter Web Client</a>","in_reply_to_status_id":null,"in_reply_to_status_id_str":null,"in_reply_to_user_id":null,"in_reply_to_user_id_str":null,"in_reply_to_screen_name":null,"user":{"id":759020296649060400,"id_str":"759020296649060353","name":"しいたけ占いのしいたけ","screen_name":"shiitake7919","location":"","description":"https://t.co/lnIvJTQmKG しいたけ占いのしいたけです Twitterはじめました。※ 個人的な相談などには申し訳ないのですが答えられません。ゆるくやっております。 アメブロ：https://t.co/YZ8pubry0V","url":null,"entities":{"description":{"urls":[{"url":"https://t.co/lnIvJTQmKG","expanded_url":"http://voguegirl.jp/horoscope/shitake/","display_url":"voguegirl.jp/horoscope/shit…","indices":[0,23]},{"url":"https://t.co/YZ8pubry0V","expanded_url":"http://ameblo.jp/shiitake-uranai-desuyo/","display_url":"ameblo.jp/shiitake-urana…","indices":[98,121]}]}},"protected":false,"followers_count":123070,"friends_count":89,"listed_count":818,"created_at":"Fri Jul 29 13:38:35 +0000 2016","favourites_count":4398,"utc_offset":null,"time_zone":null,"geo_enabled":false,"verified":true,"statuses_count":3110,"lang":"ja","contributors_enabled":false,"is_translator":false,"is_translation_enabled":false,"profile_background_color":"F5F8FA","profile_background_image_url":null,"profile_background_image_url_https":null,"profile_background_tile":false,"profile_image_url":"http://pbs.twimg.com/profile_images/879991420282486784/h9dBgZda_normal.jpg","profile_image_url_https":"https://pbs.twimg.com/profile_images/879991420282486784/h9dBgZda_normal.jpg","profile_link_color":"1DA1F2","profile_sidebar_border_color":"C0DEED","profile_sidebar_fill_color":"DDEEF6","profile_text_color":"333333","profile_use_background_image":true,"has_extended_profile":false,"default_profile":true,"default_profile_image":false,"following":false,"follow_request_sent":false,"notifications":false,"translator_type":"none"},"geo":null,"coordinates":null,"place":null,"contributors":null,"is_quote_status":false,"retweet_count":77,"favorite_count":206,"favorited":false,"retweeted":false,"lang":"ja"},{"created_at":"Sun Jul 09 13:38:40 +0000 2017","id":884044133525897200,"id_str":"884044133525897218","text":"アメブロを更新しました。 『福山潤』 #福山潤 #yp_anime\nhttps://t.co/KdKd7iOWqc","truncated":false,"entities":{"hashtags":[{"text":"福山潤","indices":[19,23]},{"text":"yp_anime","indices":[24,33]}],"symbols":[],"user_mentions":[],"urls":[{"url":"https://t.co/KdKd7iOWqc","expanded_url":"http://ameblo.jp/ax-staff/entry-12291185443.html","display_url":"ameblo.jp/ax-staff/entry…","indices":[34,57]}]},"metadata":{"iso_language_code":"ja","result_type":"recent"},"source":"<a href=\"http://www.ameba.jp/\" rel=\"nofollow\">Ameba_Blog</a>","in_reply_to_status_id":null,"in_reply_to_status_id_str":null,"in_reply_to_user_id":null,"in_reply_to_user_id_str":null,"in_reply_to_screen_name":null,"user":{"id":741989686692876300,"id_str":"741989686692876288","name":"アクセルワンスタッフ","screen_name":"axlone_staff","location":"東京都新宿区西新宿","description":"声優事務所「アクセルワン」公式アカウントです。アクセルワンスタッフが、所属役者のお仕事情報等をつぶやきます！\n・・・たまにアクセルワンの日常なども♪\n\n※個別のリプライには対応致しかねますのでご了承下さい。","url":"https://t.co/ycmPvMF7B5","entities":{"url":{"urls":[{"url":"https://t.co/ycmPvMF7B5","expanded_url":"http://www.axl-one.com/","display_url":"axl-one.com","indices":[0,23]}]},"description":{"urls":[]}},"protected":false,"followers_count":30339,"friends_count":0,"listed_count":515,"created_at":"Sun Jun 12 13:45:01 +0000 2016","favourites_count":3,"utc_offset":null,"time_zone":null,"geo_enabled":false,"verified":false,"statuses_count":2506,"lang":"ja","contributors_enabled":false,"is_translator":false,"is_translation_enabled":false,"profile_background_color":"000000","profile_background_image_url":"http://abs.twimg.com/images/themes/theme1/bg.png","profile_background_image_url_https":"https://abs.twimg.com/images/themes/theme1/bg.png","profile_background_tile":false,"profile_image_url":"http://pbs.twimg.com/profile_images/742233664948293633/2PXhpUL__normal.jpg","profile_image_url_https":"https://pbs.twimg.com/profile_images/742233664948293633/2PXhpUL__normal.jpg","profile_banner_url":"https://pbs.twimg.com/profile_banners/741989686692876288/1466339375","profile_link_color":"E81C4F","profile_sidebar_border_color":"000000","profile_sidebar_fill_color":"000000","profile_text_color":"000000","profile_use_background_image":false,"has_extended_profile":false,"default_profile":false,"default_profile_image":false,"following":false,"follow_request_sent":false,"notifications":false,"translator_type":"none"},"geo":null,"coordinates":null,"place":null,"contributors":null,"is_quote_status":false,"retweet_count":81,"favorite_count":108,"favorited":false,"retweeted":false,"possibly_sensitive":false,"lang":"ja"},{"created_at":"Sun Jul 09 13:38:38 +0000 2017","id":884044125653286900,"id_str":"884044125653286912","text":"クソおもしれぇWWWWWWWWWWWWWWWW /  釣りしながら音符ちゃんｗ https://t.co/p4AfJpuDn2 | 13:23経過","truncated":false,"entities":{"hashtags":[],"symbols":[],"user_mentions":[],"urls":[{"url":"https://t.co/p4AfJpuDn2","expanded_url":"http://cas.st/1702ce1b","display_url":"cas.st/1702ce1b","indices":[40,63]}]},"metadata":{"iso_language_code":"ja","result_type":"recent"},"source":"<a href=\"http://twitcasting.tv/\" rel=\"nofollow\">TwitCasting</a>","in_reply_to_status_id":null,"in_reply_to_status_id_str":null,"in_reply_to_user_id":null,"in_reply_to_user_id_str":null,"in_reply_to_screen_name":null,"user":{"id":3303023652,"id_str":"3303023652","name":"ころん@すとぷり","screen_name":"Colon56Nsab","location":"チャンネル登録者数2.3万人ありがとう✨","description":"サブ垢です。本垢をフォローとふぁぼいつもしてくれる子だけフォロバします。【本垢⇒@colon56n】【すとぷり⇒@StPri_info】ツイキャスサブ⇒【https://t.co/IMjDxjUhoJ】YouTube⇒【https://t.co/spKxmtcYPI】チャンネル登録お願いします|ｮω･`)✨","url":"https://t.co/8Oni8JgenG","entities":{"url":{"urls":[{"url":"https://t.co/8Oni8JgenG","expanded_url":"http://sp.nicovideo.jp/mylist/47483756","display_url":"sp.nicovideo.jp/mylist/47483756","indices":[0,23]}]},"description":{"urls":[{"url":"https://t.co/IMjDxjUhoJ","expanded_url":"https://goo.gl/bNcJ3i","display_url":"goo.gl/bNcJ3i","indices":[77,100]},{"url":"https://t.co/spKxmtcYPI","expanded_url":"https://goo.gl/gilVAz","display_url":"goo.gl/gilVAz","indices":[110,133]}]}},"protected":false,"followers_count":27885,"friends_count":7996,"listed_count":419,"created_at":"Sat Aug 01 05:55:05 +0000 2015","favourites_count":14324,"utc_offset":-25200,"time_zone":"Pacific Time (US & Canada)","geo_enabled":false,"verified":false,"statuses_count":985,"lang":"ja","contributors_enabled":false,"is_translator":false,"is_translation_enabled":false,"profile_background_color":"C0DEED","profile_background_image_url":"http://abs.twimg.com/images/themes/theme1/bg.png","profile_background_image_url_https":"https://abs.twimg.com/images/themes/theme1/bg.png","profile_background_tile":false,"profile_image_url":"http://pbs.twimg.com/profile_images/829320789291843584/fY3aku0H_normal.jpg","profile_image_url_https":"https://pbs.twimg.com/profile_images/829320789291843584/fY3aku0H_normal.jpg","profile_banner_url":"https://pbs.twimg.com/profile_banners/3303023652/1497427268","profile_link_color":"1DA1F2","profile_sidebar_border_color":"C0DEED","profile_sidebar_fill_color":"DDEEF6","profile_text_color":"333333","profile_use_background_image":true,"has_extended_profile":false,"default_profile":true,"default_profile_image":false,"following":false,"follow_request_sent":false,"notifications":false,"translator_type":"none"},"geo":null,"coordinates":null,"place":null,"contributors":null,"is_quote_status":false,"retweet_count":105,"favorite_count":463,"favorited":false,"retweeted":false,"possibly_sensitive":false,"lang":"ja"},{"created_at":"Sun Jul 09 13:38:17 +0000 2017","id":884044035698053100,"id_str":"884044035698053121","text":"しあわせでした。","truncated":false,"entities":{"hashtags":[],"symbols":[],"user_mentions":[],"urls":[]},"metadata":{"iso_language_code":"ja","result_type":"recent"},"source":"<a href=\"http://twitter.com/download/iphone\" rel=\"nofollow\">Twitter for iPhone</a>","in_reply_to_status_id":null,"in_reply_to_status_id_str":null,"in_reply_to_user_id":null,"in_reply_to_user_id_str":null,"in_reply_to_screen_name":null,"user":{"id":857865955,"id_str":"857865955","name":"MARK(FlowBack)","screen_name":"FlowBack_MARK","location":"SonyMusic","description":"ダンスボーカルグループ FlowBack[@FlowBack05]です。2017.5.31(水) 1st album「VERSUS」発売中！HP[https://t.co/8ztstfQWLX]","url":"https://t.co/reG3kFE5iX","entities":{"url":{"urls":[{"url":"https://t.co/reG3kFE5iX","expanded_url":"http://Instagram.com/flowback_mark","display_url":"Instagram.com/flowback_mark","indices":[0,23]}]},"description":{"urls":[{"url":"https://t.co/8ztstfQWLX","expanded_url":"http://flowback05.com","display_url":"flowback05.com","indices":[73,96]}]}},"protected":false,"followers_count":9908,"friends_count":138,"listed_count":135,"created_at":"Tue Oct 02 10:55:26 +0000 2012","favourites_count":3628,"utc_offset":-36000,"time_zone":"Hawaii","geo_enabled":true,"verified":false,"statuses_count":13476,"lang":"en","contributors_enabled":false,"is_translator":false,"is_translation_enabled":false,"profile_background_color":"C0DEED","profile_background_image_url":"http://abs.twimg.com/images/themes/theme1/bg.png","profile_background_image_url_https":"https://abs.twimg.com/images/themes/theme1/bg.png","profile_background_tile":false,"profile_image_url":"http://pbs.twimg.com/profile_images/857535119107571713/GL1ovEE-_normal.jpg","profile_image_url_https":"https://pbs.twimg.com/profile_images/857535119107571713/GL1ovEE-_normal.jpg","profile_banner_url":"https://pbs.twimg.com/profile_banners/857865955/1494047802","profile_link_color":"1DA1F2","profile_sidebar_border_color":"C0DEED","profile_sidebar_fill_color":"DDEEF6","profile_text_color":"333333","profile_use_background_image":true,"has_extended_profile":true,"default_profile":true,"default_profile_image":false,"following":false,"follow_request_sent":false,"notifications":false,"translator_type":"none"},"geo":null,"coordinates":null,"place":null,"contributors":null,"is_quote_status":false,"retweet_count":53,"favorite_count":229,"favorited":false,"retweeted":false,"lang":"ja"},{"created_at":"Sun Jul 09 13:38:04 +0000 2017","id":884043981385998300,"id_str":"884043981385998336","text":"【アルルカン】\n「価値観の違いは唯一の救いだった」\n👉新宿HOLIDAY\n\n\\\\ありがとうございました！//\n\n満員御礼！！\n9/6発売「puzzle」\nよろしくお願いします🙌\n\nNEXT →\n7/17 福岡DRUM LOGOS… https://t.co/O3YiaRQets","truncated":true,"entities":{"hashtags":[],"symbols":[],"user_mentions":[],"urls":[{"url":"https://t.co/O3YiaRQets","expanded_url":"https://twitter.com/i/web/status/884043981385998336","display_url":"twitter.com/i/web/status/8…","indices":[116,139]}]},"metadata":{"iso_language_code":"ja","result_type":"recent"},"source":"<a href=\"http://twitter.com/download/iphone\" rel=\"nofollow\">Twitter for iPhone</a>","in_reply_to_status_id":null,"in_reply_to_status_id_str":null,"in_reply_to_user_id":null,"in_reply_to_user_id_str":null,"in_reply_to_screen_name":null,"user":{"id":1434725730,"id_str":"1434725730","name":"GOEMON RECORDS","screen_name":"GOEMONRECORDS","location":"","description":"【アルルカン】 https://t.co/7ukQAZIVjp 【ペンタゴン】 https://t.co/NTmQjTaDTN 【OFFICIAL】https://t.co/Y6yR79TgYL お問い合わせ：info@goemon-records.com ※Twitterからの返答はいたしかねます。","url":null,"entities":{"description":{"urls":[{"url":"https://t.co/7ukQAZIVjp","expanded_url":"http://arlequin-web.com/","display_url":"arlequin-web.com","indices":[8,31]},{"url":"https://t.co/NTmQjTaDTN","expanded_url":"http://pentagon-official.com/","display_url":"pentagon-official.com","indices":[40,63]},{"url":"https://t.co/Y6yR79TgYL","expanded_url":"http://goemon-records.com","display_url":"goemon-records.com","indices":[74,97]}]}},"protected":false,"followers_count":20210,"friends_count":19401,"listed_count":258,"created_at":"Fri May 17 05:10:57 +0000 2013","favourites_count":26,"utc_offset":null,"time_zone":null,"geo_enabled":true,"verified":false,"statuses_count":15784,"lang":"ja","contributors_enabled":false,"is_translator":false,"is_translation_enabled":false,"profile_background_color":"C0DEED","profile_background_image_url":"http://abs.twimg.com/images/themes/theme1/bg.png","profile_background_image_url_https":"https://abs.twimg.com/images/themes/theme1/bg.png","profile_background_tile":false,"profile_image_url":"http://pbs.twimg.com/profile_images/580994578318131200/zo-5liqK_normal.jpg","profile_image_url_https":"https://pbs.twimg.com/profile_images/580994578318131200/zo-5liqK_normal.jpg","profile_banner_url":"https://pbs.twimg.com/profile_banners/1434725730/1493904267","profile_link_color":"1DA1F2","profile_sidebar_border_color":"C0DEED","profile_sidebar_fill_color":"DDEEF6","profile_text_color":"333333","profile_use_background_image":true,"has_extended_profile":false,"default_profile":true,"default_profile_image":false,"following":false,"follow_request_sent":false,"notifications":false,"translator_type":"none"},"geo":null,"coordinates":null,"place":null,"contributors":null,"is_quote_status":false,"retweet_count":61,"favorite_count":81,"favorited":false,"retweeted":false,"possibly_sensitive":false,"lang":"ja"},{"created_at":"Sun Jul 09 13:38:03 +0000 2017","id":884043976671600600,"id_str":"884043976671600641","text":"ファーーーーーーー歌鈴ちゃん(ﾌﾟﾙﾌﾟﾙ)","truncated":false,"entities":{"hashtags":[],"symbols":[],"user_mentions":[],"urls":[]},"metadata":{"iso_language_code":"ja","result_type":"recent"},"source":"<a href=\"http://twitter.com/download/iphone\" rel=\"nofollow\">Twitter for iPhone</a>","in_reply_to_status_id":null,"in_reply_to_status_id_str":null,"in_reply_to_user_id":null,"in_reply_to_user_id_str":null,"in_reply_to_screen_name":null,"user":{"id":4854496333,"id_str":"4854496333","name":"新田ひより","screen_name":"nitahiyo_yo_yo","location":"アーツビジョン(•̀ᴗ•́)و ̑̑","description":"新人声優新田ひよりです(*´꒳`*)✩✩✩『ウマ娘』マチカネフクキタル『温泉むすめ』白骨朋依『アイドルマスターシンデレラガールズ』道明寺歌鈴『天華百剣』小豆長光『ファントム オブ キル』エルキュール『はいふり』和住媛萌『人生』遠藤梨乃『緋弾のアリアAA』星伽粉雪『白猫テニス』セフィ 他","url":null,"entities":{"description":{"urls":[]}},"protected":false,"followers_count":19177,"friends_count":91,"listed_count":1271,"created_at":"Wed Feb 03 14:23:45 +0000 2016","favourites_count":3521,"utc_offset":null,"time_zone":null,"geo_enabled":false,"verified":false,"statuses_count":942,"lang":"ja","contributors_enabled":false,"is_translator":false,"is_translation_enabled":false,"profile_background_color":"F5F8FA","profile_background_image_url":null,"profile_background_image_url_https":null,"profile_background_tile":false,"profile_image_url":"http://pbs.twimg.com/profile_images/883757838882938881/2XQzTmC5_normal.jpg","profile_image_url_https":"https://pbs.twimg.com/profile_images/883757838882938881/2XQzTmC5_normal.jpg","profile_banner_url":"https://pbs.twimg.com/profile_banners/4854496333/1498918625","profile_link_color":"1DA1F2","profile_sidebar_border_color":"C0DEED","profile_sidebar_fill_color":"DDEEF6","profile_text_color":"333333","profile_use_background_image":true,"has_extended_profile":true,"default_profile":true,"default_profile_image":false,"following":false,"follow_request_sent":false,"notifications":false,"translator_type":"none"},"geo":null,"coordinates":null,"place":null,"contributors":null,"is_quote_status":false,"retweet_count":70,"favorite_count":120,"favorited":false,"retweeted":false,"lang":"ja"},{"created_at":"Sun Jul 09 13:37:41 +0000 2017","id":884043884828835800,"id_str":"884043884828835840","text":"巨人は坂本選手の通算１５００安打記念グッズを球団オンラインショップで１１日１５時から販売と発表\n東京Ｄ内でも順次発売\n【商品概要①】\nゴールドプレート\n１０８００円\nユニホーム額\n５４００円\nハンドパペット\n３２４０円\nＴシャツ\n３０００円\nフォトベース型ペナント\n２７００円","truncated":false,"entities":{"hashtags":[],"symbols":[],"user_mentions":[],"urls":[]},"metadata":{"iso_language_code":"ja","result_type":"recent"},"source":"<a href=\"http://twitter.com/download/android\" rel=\"nofollow\">Twitter for Android</a>","in_reply_to_status_id":null,"in_reply_to_status_id_str":null,"in_reply_to_user_id":null,"in_reply_to_user_id_str":null,"in_reply_to_screen_name":null,"user":{"id":244033344,"id_str":"244033344","name":"スポーツ報知・巨人取材班","screen_name":"hochi_giants","location":"宮崎・宮崎市、沖縄・那覇市、東京ドーム、よみうりランドなど","description":"スポーツ報知の巨人担当記者のツイッターです。キャンプの様子からペナントレースの様子、舞台裏をつぶやいていきたいと思います。","url":"https://t.co/GT14Gz59EH","entities":{"url":{"urls":[{"url":"https://t.co/GT14Gz59EH","expanded_url":"http://www.hochi.co.jp/giants/","display_url":"hochi.co.jp/giants/","indices":[0,23]}]},"description":{"urls":[]}},"protected":false,"followers_count":125816,"friends_count":52,"listed_count":1371,"created_at":"Fri Jan 28 10:45:14 +0000 2011","favourites_count":12,"utc_offset":32400,"time_zone":"Tokyo","geo_enabled":true,"verified":false,"statuses_count":24859,"lang":"ja","contributors_enabled":false,"is_translator":false,"is_translation_enabled":false,"profile_background_color":"000000","profile_background_image_url":"http://abs.twimg.com/images/themes/theme1/bg.png","profile_background_image_url_https":"https://abs.twimg.com/images/themes/theme1/bg.png","profile_background_tile":false,"profile_image_url":"http://pbs.twimg.com/profile_images/655550607911096320/gVqyrlpS_normal.jpg","profile_image_url_https":"https://pbs.twimg.com/profile_images/655550607911096320/gVqyrlpS_normal.jpg","profile_link_color":"FA743E","profile_sidebar_border_color":"000000","profile_sidebar_fill_color":"000000","profile_text_color":"000000","profile_use_background_image":false,"has_extended_profile":false,"default_profile":false,"default_profile_image":false,"following":false,"follow_request_sent":false,"notifications":false,"translator_type":"none"},"geo":null,"coordinates":null,"place":null,"contributors":null,"is_quote_status":false,"retweet_count":93,"favorite_count":153,"favorited":false,"retweeted":false,"lang":"ja"},{"created_at":"Sun Jul 09 13:37:35 +0000 2017","id":884043857712656400,"id_str":"884043857712656385","text":"ヤバイよー！\nSHOWROOM選抜としてAKB48 49thシングルのカップリング曲に参加させて頂くことになりました✨\n初めてAKB48さんのCDに参加できる！やっとだー！\nいつもSHOWROOM見に来てくださってた皆さんのお陰で… https://t.co/TJ9mNqVtW5","truncated":true,"entities":{"hashtags":[],"symbols":[],"user_mentions":[],"urls":[{"url":"https://t.co/TJ9mNqVtW5","expanded_url":"https://twitter.com/i/web/status/884043857712656385","display_url":"twitter.com/i/web/status/8…","indices":[117,140]}]},"metadata":{"iso_language_code":"ja","result_type":"recent"},"source":"<a href=\"http://twitter.com/download/iphone\" rel=\"nofollow\">Twitter for iPhone</a>","in_reply_to_status_id":null,"in_reply_to_status_id_str":null,"in_reply_to_user_id":null,"in_reply_to_user_id_str":null,"in_reply_to_screen_name":null,"user":{"id":3142035625,"id_str":"3142035625","name":"内木志","screen_name":"naiki_cocoro","location":"滋賀県","description":"My name is Kokoro Naiki. NMB48 Team N！FM滋賀 charge!『ここちゃんの志ん中』第2.4水曜日18:35〜 Instagram→ https://t.co/NYU7smU6U9","url":"https://t.co/73ibvSXX4b","entities":{"url":{"urls":[{"url":"https://t.co/73ibvSXX4b","expanded_url":"https://youtu.be/kETPwRHJAB0","display_url":"youtu.be/kETPwRHJAB0","indices":[0,23]}]},"description":{"urls":[{"url":"https://t.co/NYU7smU6U9","expanded_url":"http://Instagram.com/cocoro_naiki","display_url":"Instagram.com/cocoro_naiki","indices":[86,109]}]}},"protected":false,"followers_count":61859,"friends_count":345,"listed_count":1664,"created_at":"Mon Apr 06 14:07:42 +0000 2015","favourites_count":3238,"utc_offset":null,"time_zone":null,"geo_enabled":true,"verified":true,"statuses_count":4967,"lang":"ja","contributors_enabled":false,"is_translator":false,"is_translation_enabled":false,"profile_background_color":"C0DEED","profile_background_image_url":"http://abs.twimg.com/images/themes/theme1/bg.png","profile_background_image_url_https":"https://abs.twimg.com/images/themes/theme1/bg.png","profile_background_tile":false,"profile_image_url":"http://pbs.twimg.com/profile_images/854367528058880000/3Oo1exG6_normal.jpg","profile_image_url_https":"https://pbs.twimg.com/profile_images/854367528058880000/3Oo1exG6_normal.jpg","profile_banner_url":"https://pbs.twimg.com/profile_banners/3142035625/1493825529","profile_link_color":"1DA1F2","profile_sidebar_border_color":"C0DEED","profile_sidebar_fill_color":"DDEEF6","profile_text_color":"333333","profile_use_background_image":true,"has_extended_profile":true,"default_profile":true,"default_profile_image":false,"following":false,"follow_request_sent":false,"notifications":false,"translator_type":"none"},"geo":null,"coordinates":null,"place":null,"contributors":null,"is_quote_status":false,"retweet_count":86,"favorite_count":251,"favorited":false,"retweeted":false,"possibly_sensitive":false,"lang":"ja"},{"created_at":"Sun Jul 09 13:37:14 +0000 2017","id":884043772400607200,"id_str":"884043772400607232","text":"170708 #CHANYEOL at SMTOWN WORLD TOUR in SEOUL\nCr.EternitYeol_朴灿烈个站\nhttps://t.co/2CwKcRxZhF\nhttps://t.co/Zh6g9cDsi3… https://t.co/yJEBJZMjuH","truncated":true,"entities":{"hashtags":[{"text":"CHANYEOL","indices":[7,16]}],"symbols":[],"user_mentions":[],"urls":[{"url":"https://t.co/2CwKcRxZhF","expanded_url":"http://wx4.sinaimg.cn/large/006OulCSgy1fhdt8idzt8j31410qotcq.jpg","display_url":"wx4.sinaimg.cn/large/006OulCS…","indices":[68,91]},{"url":"https://t.co/Zh6g9cDsi3","expanded_url":"http://wx1.sinaimg.cn/large/006OulCSgy1fhdt8jex52j31410qoq73.jpg","display_url":"wx1.sinaimg.cn/large/006OulCS…","indices":[92,115]},{"url":"https://t.co/yJEBJZMjuH","expanded_url":"https://twitter.com/i/web/status/884043772400607232","display_url":"twitter.com/i/web/status/8…","indices":[117,140]}]},"metadata":{"iso_language_code":"ja","result_type":"recent"},"source":"<a href=\"http://twitter.com\" rel=\"nofollow\">Twitter Web Client</a>","in_reply_to_status_id":null,"in_reply_to_status_id_str":null,"in_reply_to_user_id":null,"in_reply_to_user_id_str":null,"in_reply_to_screen_name":null,"user":{"id":2277244776,"id_str":"2277244776","name":"CHΛNHome찬열1127","screen_name":"PCYHomeThaiLand","location":"","description":"ชานโฮมไทยแลนด์ 140529 บ้านหลังเล็กของคนรักชานยอล Believe in CHANYEOL & EXO , My Happiness Delight. DownLoad & All About Chanyeol in ❤ #MyDelightinBKK [JP/EN/TH]","url":null,"entities":{"description":{"urls":[]}},"protected":false,"followers_count":166829,"friends_count":281,"listed_count":1032,"created_at":"Sun Jan 05 07:04:14 +0000 2014","favourites_count":16392,"utc_offset":25200,"time_zone":"Jakarta","geo_enabled":true,"verified":false,"statuses_count":118863,"lang":"th","contributors_enabled":false,"is_translator":false,"is_translation_enabled":false,"profile_background_color":"D60B7E","profile_background_image_url":"http://pbs.twimg.com/profile_background_images/472030896199970816/kNfJwdgc.jpeg","profile_background_image_url_https":"https://pbs.twimg.com/profile_background_images/472030896199970816/kNfJwdgc.jpeg","profile_background_tile":true,"profile_image_url":"http://pbs.twimg.com/profile_images/883715329678954496/ODy5Izlm_normal.jpg","profile_image_url_https":"https://pbs.twimg.com/profile_images/883715329678954496/ODy5Izlm_normal.jpg","profile_banner_url":"https://pbs.twimg.com/profile_banners/2277244776/1491295664","profile_link_color":"4A913C","profile_sidebar_border_color":"FFFFFF","profile_sidebar_fill_color":"DDEEF6","profile_text_color":"333333","profile_use_background_image":true,"has_extended_profile":false,"default_profile":false,"default_profile_image":false,"following":false,"follow_request_sent":false,"notifications":false,"translator_type":"none"},"geo":null,"coordinates":null,"place":null,"contributors":null,"is_quote_status":false,"retweet_count":96,"favorite_count":64,"favorited":false,"retweeted":false,"possibly_sensitive":false,"lang":"ja"},{"created_at":"Sun Jul 09 13:36:46 +0000 2017","id":884043653949173800,"id_str":"884043653949173761","text":"同期で集まったよ。\nみんなどんどん大人っぽくなるけど\nずっと変わらないとこもあって落ち着く。呼んでくれてありがとう😊 https://t.co/D3RLrbjzU6","truncated":false,"entities":{"hashtags":[],"symbols":[],"user_mentions":[],"urls":[],"media":[{"id":884043643597668400,"id_str":"884043643597668353","indices":[59,82],"media_url":"http://pbs.twimg.com/media/DETBAo6UwAEXO6e.jpg","media_url_https":"https://pbs.twimg.com/media/DETBAo6UwAEXO6e.jpg","url":"https://t.co/D3RLrbjzU6","display_url":"pic.twitter.com/D3RLrbjzU6","expanded_url":"https://twitter.com/chi_tava0127/status/884043653949173761/photo/1","type":"photo","sizes":{"small":{"w":680,"h":511,"resize":"fit"},"thumb":{"w":150,"h":150,"resize":"crop"},"medium":{"w":1200,"h":902,"resize":"fit"},"large":{"w":1476,"h":1110,"resize":"fit"}}}]},"extended_entities":{"media":[{"id":884043643597668400,"id_str":"884043643597668353","indices":[59,82],"media_url":"http://pbs.twimg.com/media/DETBAo6UwAEXO6e.jpg","media_url_https":"https://pbs.twimg.com/media/DETBAo6UwAEXO6e.jpg","url":"https://t.co/D3RLrbjzU6","display_url":"pic.twitter.com/D3RLrbjzU6","expanded_url":"https://twitter.com/chi_tava0127/status/884043653949173761/photo/1","type":"photo","sizes":{"small":{"w":680,"h":511,"resize":"fit"},"thumb":{"w":150,"h":150,"resize":"crop"},"medium":{"w":1200,"h":902,"resize":"fit"},"large":{"w":1476,"h":1110,"resize":"fit"}}}]},"metadata":{"iso_language_code":"ja","result_type":"recent"},"source":"<a href=\"http://twitter.com/download/iphone\" rel=\"nofollow\">Twitter for iPhone</a>","in_reply_to_status_id":null,"in_reply_to_status_id_str":null,"in_reply_to_user_id":null,"in_reply_to_user_id_str":null,"in_reply_to_screen_name":null,"user":{"id":2907123229,"id_str":"2907123229","name":"chihiro anai","screen_name":"chi_tava0127","location":"日本","description":"Fukuoka 96.1/27 fashion,make....❤️ 16.8/16~12/28 🇹🇭 anice company広報   website→https://t.co/JsBkxaWrfV follow me🌈","url":null,"entities":{"description":{"urls":[{"url":"https://t.co/JsBkxaWrfV","expanded_url":"http://chihiroanai.com/","display_url":"chihiroanai.com","indices":[78,101]}]}},"protected":false,"followers_count":33983,"friends_count":122,"listed_count":422,"created_at":"Sat Nov 22 11:54:38 +0000 2014","favourites_count":652,"utc_offset":null,"time_zone":null,"geo_enabled":false,"verified":false,"statuses_count":639,"lang":"ja","contributors_enabled":false,"is_translator":false,"is_translation_enabled":false,"profile_background_color":"C0DEED","profile_background_image_url":"http://abs.twimg.com/images/themes/theme1/bg.png","profile_background_image_url_https":"https://abs.twimg.com/images/themes/theme1/bg.png","profile_background_tile":false,"profile_image_url":"http://pbs.twimg.com/profile_images/864719471692226560/2TUi89dq_normal.jpg","profile_image_url_https":"https://pbs.twimg.com/profile_images/864719471692226560/2TUi89dq_normal.jpg","profile_banner_url":"https://pbs.twimg.com/profile_banners/2907123229/1496983276","profile_link_color":"1DA1F2","profile_sidebar_border_color":"C0DEED","profile_sidebar_fill_color":"DDEEF6","profile_text_color":"333333","profile_use_background_image":true,"has_extended_profile":true,"default_profile":true,"default_profile_image":false,"following":false,"follow_request_sent":false,"notifications":false,"translator_type":"none"},"geo":null,"coordinates":null,"place":null,"contributors":null,"is_quote_status":false,"retweet_count":130,"favorite_count":357,"favorited":false,"retweeted":false,"possibly_sensitive":false,"lang":"ja"},{"created_at":"Sun Jul 09 13:36:42 +0000 2017","id":884043639072071700,"id_str":"884043639072071683","text":"熊本弁ではイキってることをシコるって言うらしい\nシコリオタク不快じゃない...","truncated":false,"entities":{"hashtags":[],"symbols":[],"user_mentions":[],"urls":[]},"metadata":{"iso_language_code":"ja","result_type":"recent"},"source":"<a href=\"http://twitter.com/download/iphone\" rel=\"nofollow\">Twitter for iPhone</a>","in_reply_to_status_id":null,"in_reply_to_status_id_str":null,"in_reply_to_user_id":null,"in_reply_to_user_id_str":null,"in_reply_to_screen_name":null,"user":{"id":881745531252363300,"id_str":"881745531252363264","name":"5%の確率で川に落ちるボーちゃん","screen_name":"5_bo_chan","location":"bio参照","description":"不快なことつぶやく ５%(とは言っていない)","url":null,"entities":{"description":{"urls":[]}},"protected":false,"followers_count":15275,"friends_count":0,"listed_count":34,"created_at":"Mon Jul 03 05:24:51 +0000 2017","favourites_count":0,"utc_offset":null,"time_zone":null,"geo_enabled":false,"verified":false,"statuses_count":106,"lang":"ja","contributors_enabled":false,"is_translator":false,"is_translation_enabled":false,"profile_background_color":"F5F8FA","profile_background_image_url":null,"profile_background_image_url_https":null,"profile_background_tile":false,"profile_image_url":"http://pbs.twimg.com/profile_images/881745968713973764/kTQyNP3G_normal.jpg","profile_image_url_https":"https://pbs.twimg.com/profile_images/881745968713973764/kTQyNP3G_normal.jpg","profile_banner_url":"https://pbs.twimg.com/profile_banners/881745531252363264/1499059601","profile_link_color":"1DA1F2","profile_sidebar_border_color":"C0DEED","profile_sidebar_fill_color":"DDEEF6","profile_text_color":"333333","profile_use_background_image":true,"has_extended_profile":false,"default_profile":true,"default_profile_image":false,"following":false,"follow_request_sent":false,"notifications":false,"translator_type":"none"},"geo":null,"coordinates":null,"place":null,"contributors":null,"is_quote_status":false,"retweet_count":141,"favorite_count":156,"favorited":false,"retweeted":false,"lang":"ja"},{"created_at":"Sun Jul 09 13:36:41 +0000 2017","id":884043631690039300,"id_str":"884043631690039297","text":"【96猫スタンプ発売中！】\n96猫のLINEスタンプが発売されました(*´◡｀​*)\n是非、使ってやって下さるととても嬉しいです！\nよろしくお願いします〜♪\nhttps://t.co/ANB4KEmQBR","truncated":false,"entities":{"hashtags":[],"symbols":[],"user_mentions":[],"urls":[{"url":"https://t.co/ANB4KEmQBR","expanded_url":"https://store.line.me/stickershop/product/1023372/ja","display_url":"store.line.me/stickershop/pr…","indices":[79,102]}]},"metadata":{"iso_language_code":"ja","result_type":"recent"},"source":"<a href=\"http://twittbot.net/\" rel=\"nofollow\">twittbot.net</a>","in_reply_to_status_id":null,"in_reply_to_status_id_str":null,"in_reply_to_user_id":null,"in_reply_to_user_id_str":null,"in_reply_to_screen_name":null,"user":{"id":103436496,"id_str":"103436496","name":"96猫","screen_name":"96__neko","location":"レン君のアホ毛","description":"歌ったり演じたりゲームしたりしてる猫です。 96猫スタッフ→(@96neko_news)  OPENREC→https://t.co/hfUp8eSn6L  youtube→https://t.co/DFIbyjyTpF  ニコニコ→https://t.co/apwAsk8LfE","url":"https://t.co/fJKQtldFkq","entities":{"url":{"urls":[{"url":"https://t.co/fJKQtldFkq","expanded_url":"http://96neko.jp/sp/","display_url":"96neko.jp/sp/","indices":[0,23]}]},"description":{"urls":[{"url":"https://t.co/hfUp8eSn6L","expanded_url":"https://goo.gl/xSKXtj","display_url":"goo.gl/xSKXtj","indices":[54,77]},{"url":"https://t.co/DFIbyjyTpF","expanded_url":"https://goo.gl/h2QKv2","display_url":"goo.gl/h2QKv2","indices":[87,110]},{"url":"https://t.co/apwAsk8LfE","expanded_url":"https://goo.gl/PlKZjj","display_url":"goo.gl/PlKZjj","indices":[117,140]}]}},"protected":false,"followers_count":1067487,"friends_count":27352,"listed_count":9546,"created_at":"Sun Jan 10 01:01:32 +0000 2010","favourites_count":6299,"utc_offset":32400,"time_zone":"Tokyo","geo_enabled":false,"verified":false,"statuses_count":43413,"lang":"ja","contributors_enabled":false,"is_translator":false,"is_translation_enabled":false,"profile_background_color":"000000","profile_background_image_url":"http://abs.twimg.com/images/themes/theme4/bg.gif","profile_background_image_url_https":"https://abs.twimg.com/images/themes/theme4/bg.gif","profile_background_tile":false,"profile_image_url":"http://pbs.twimg.com/profile_images/875932168358248448/teexUuC3_normal.jpg","profile_image_url_https":"https://pbs.twimg.com/profile_images/875932168358248448/teexUuC3_normal.jpg","profile_banner_url":"https://pbs.twimg.com/profile_banners/103436496/1495467057","profile_link_color":"000000","profile_sidebar_border_color":"000000","profile_sidebar_fill_color":"000000","profile_text_color":"000000","profile_use_background_image":false,"has_extended_profile":true,"default_profile":false,"default_profile_image":false,"following":false,"follow_request_sent":false,"notifications":false,"translator_type":"none"},"geo":null,"coordinates":null,"place":null,"contributors":null,"is_quote_status":false,"retweet_count":57,"favorite_count":506,"favorited":false,"retweeted":false,"possibly_sensitive":false,"lang":"ja"},{"created_at":"Sun Jul 09 13:36:35 +0000 2017","id":884043608453660700,"id_str":"884043608453660672","text":"【2年前の動画が出てきた】 https://t.co/MimqQSLm8l","truncated":false,"entities":{"hashtags":[],"symbols":[],"user_mentions":[],"urls":[],"media":[{"id":884043524714315800,"id_str":"884043524714315776","indices":[14,37],"media_url":"http://pbs.twimg.com/ext_tw_video_thumb/884043524714315776/pu/img/hK_Zf4iGl7soFpty.jpg","media_url_https":"https://pbs.twimg.com/ext_tw_video_thumb/884043524714315776/pu/img/hK_Zf4iGl7soFpty.jpg","url":"https://t.co/MimqQSLm8l","display_url":"pic.twitter.com/MimqQSLm8l","expanded_url":"https://twitter.com/DJ_GINTA_NEW/status/884043608453660672/video/1","type":"photo","sizes":{"thumb":{"w":150,"h":150,"resize":"crop"},"medium":{"w":288,"h":540,"resize":"fit"},"large":{"w":288,"h":540,"resize":"fit"},"small":{"w":288,"h":540,"resize":"fit"}}}]},"extended_entities":{"media":[{"id":884043524714315800,"id_str":"884043524714315776","indices":[14,37],"media_url":"http://pbs.twimg.com/ext_tw_video_thumb/884043524714315776/pu/img/hK_Zf4iGl7soFpty.jpg","media_url_https":"https://pbs.twimg.com/ext_tw_video_thumb/884043524714315776/pu/img/hK_Zf4iGl7soFpty.jpg","url":"https://t.co/MimqQSLm8l","display_url":"pic.twitter.com/MimqQSLm8l","expanded_url":"https://twitter.com/DJ_GINTA_NEW/status/884043608453660672/video/1","type":"video","sizes":{"thumb":{"w":150,"h":150,"resize":"crop"},"medium":{"w":288,"h":540,"resize":"fit"},"large":{"w":288,"h":540,"resize":"fit"},"small":{"w":288,"h":540,"resize":"fit"}},"video_info":{"aspect_ratio":[8,15],"duration_millis":17000,"variants":[{"content_type":"application/x-mpegURL","url":"https://video.twimg.com/ext_tw_video/884043524714315776/pu/pl/idGoI3ajAV1PTt8p.m3u8"},{"bitrate":320000,"content_type":"video/mp4","url":"https://video.twimg.com/ext_tw_video/884043524714315776/pu/vid/170x320/VNyVkdg5maDF_QAg.mp4"}]},"additional_media_info":{"monetizable":false}}]},"metadata":{"iso_language_code":"ja","result_type":"recent"},"source":"<a href=\"http://twitter.com/download/iphone\" rel=\"nofollow\">Twitter for iPhone</a>","in_reply_to_status_id":null,"in_reply_to_status_id_str":null,"in_reply_to_user_id":null,"in_reply_to_user_id_str":null,"in_reply_to_screen_name":null,"user":{"id":817618838736891900,"id_str":"817618838736891904","name":"DJ 銀太【レペゼン地球】","screen_name":"DJ_GINTA_NEW","location":"ぎんぎんぎんた","description":"【生まれた時から銀髪】【あなたをシルバーワールドへご招待】【全裸の上から洋服を着るくらい変態】【シルバースマイル】【年中無休下ネタ】【5454ダンス】【YSP】【動画投稿】【元祖おっぱいわっしょい】DMはこちらに→@ginta_gin_gin","url":"https://t.co/3MHo724KjR","entities":{"url":{"urls":[{"url":"https://t.co/3MHo724KjR","expanded_url":"https://www.instagram.com/dj_ginta/","display_url":"instagram.com/dj_ginta/","indices":[0,23]}]},"description":{"urls":[]}},"protected":false,"followers_count":35077,"friends_count":119,"listed_count":32,"created_at":"Sat Jan 07 06:28:16 +0000 2017","favourites_count":15985,"utc_offset":-25200,"time_zone":"Pacific Time (US & Canada)","geo_enabled":false,"verified":false,"statuses_count":88,"lang":"ja","contributors_enabled":false,"is_translator":false,"is_translation_enabled":false,"profile_background_color":"F5F8FA","profile_background_image_url":null,"profile_background_image_url_https":null,"profile_background_tile":false,"profile_image_url":"http://pbs.twimg.com/profile_images/824201051846807552/8USaqKmT_normal.jpg","profile_image_url_https":"https://pbs.twimg.com/profile_images/824201051846807552/8USaqKmT_normal.jpg","profile_banner_url":"https://pbs.twimg.com/profile_banners/817618838736891904/1497525964","profile_link_color":"1DA1F2","profile_sidebar_border_color":"C0DEED","profile_sidebar_fill_color":"DDEEF6","profile_text_color":"333333","profile_use_background_image":true,"has_extended_profile":true,"default_profile":true,"default_profile_image":false,"following":false,"follow_request_sent":false,"notifications":false,"translator_type":"none"},"geo":null,"coordinates":null,"place":null,"contributors":null,"is_quote_status":false,"retweet_count":67,"favorite_count":209,"favorited":false,"retweeted":false,"possibly_sensitive":false,"lang":"ja"},{"created_at":"Sun Jul 09 13:36:21 +0000 2017","id":884043549301293000,"id_str":"884043549301293060","text":"今週も超！A&amp;G+にて『覚醒チューン！』放送中です！","truncated":false,"entities":{"hashtags":[],"symbols":[],"user_mentions":[],"urls":[]},"metadata":{"iso_language_code":"ja","result_type":"recent"},"source":"<a href=\"http://twitter.com/download/iphone\" rel=\"nofollow\">Twitter for iPhone</a>","in_reply_to_status_id":null,"in_reply_to_status_id_str":null,"in_reply_to_user_id":null,"in_reply_to_user_id_str":null,"in_reply_to_screen_name":null,"user":{"id":81534243,"id_str":"81534243","name":"諏訪部順一 Junichi Suwabe","screen_name":"MY_MURMUR","location":"TOKYO JAPAN","description":"声で表現するお仕事を中心に、書いたり描いたり録ったり撮ったり考えたりと、いつの間にやらエンタメ系なんでも屋。","url":"https://t.co/8Zs4ZhmSBc","entities":{"url":{"urls":[{"url":"https://t.co/8Zs4ZhmSBc","expanded_url":"https://www.instagram.com/j.suwabe/","display_url":"instagram.com/j.suwabe/","indices":[0,23]}]},"description":{"urls":[]}},"protected":false,"followers_count":893425,"friends_count":0,"listed_count":16368,"created_at":"Sun Oct 11 06:34:29 +0000 2009","favourites_count":0,"utc_offset":32400,"time_zone":"Tokyo","geo_enabled":false,"verified":true,"statuses_count":20404,"lang":"ja","contributors_enabled":false,"is_translator":false,"is_translation_enabled":true,"profile_background_color":"000000","profile_background_image_url":"http://abs.twimg.com/images/themes/theme14/bg.gif","profile_background_image_url_https":"https://abs.twimg.com/images/themes/theme14/bg.gif","profile_background_tile":false,"profile_image_url":"http://pbs.twimg.com/profile_images/875901330258132992/j-oEc8uu_normal.jpg","profile_image_url_https":"https://pbs.twimg.com/profile_images/875901330258132992/j-oEc8uu_normal.jpg","profile_banner_url":"https://pbs.twimg.com/profile_banners/81534243/1401952251","profile_link_color":"009999","profile_sidebar_border_color":"000000","profile_sidebar_fill_color":"000000","profile_text_color":"000000","profile_use_background_image":false,"has_extended_profile":false,"default_profile":false,"default_profile_image":false,"following":false,"follow_request_sent":false,"notifications":false,"translator_type":"none"},"geo":null,"coordinates":null,"place":null,"contributors":null,"is_quote_status":false,"retweet_count":63,"favorite_count":314,"favorited":false,"retweeted":false,"lang":"ja"}],"search_metadata":{"completed_in":0.095,"max_id":884044230401773600,"max_id_str":"884044230401773569","next_results":"?max_id=884043549301293059&q=lang%3Aja%20min_retweets%3A50&include_entities=1","query":"lang%3Aja+min_retweets%3A50","refresh_url":"?since_id=884044230401773569&q=lang%3Aja%20min_retweets%3A50&include_entities=1","count":15,"since_id":0,"since_id_str":"0"}}