{"statuses":[{"created_at":"Sat Jul 08 05:39:25 +0000 2017","id":883561137647648800,"id_str":"883561137647648768","text":"田中浩康選手のタイムリーで先制！これで通算安打数が999に！\n#baystars","truncated":false,"entities":{"hashtags":[{"text":"baystars","indices":[31,40]}],"symbols":[],"user_mentions":[],"urls":[]},"metadata":{"iso_language_code":"ja","result_type":"recent"},"source":"<a href=\"http://twitter.com/download/iphone\" rel=\"nofollow\">Twitter for iPhone</a>","in_reply_to_status_id":null,"in_reply_to_status_id_str":null,"in_reply_to_user_id":null,"in_reply_to_user_id_str":null,"in_reply_to_screen_name":null,"user":{"id":3254167034,"id_str":"3254167034","name":"DeNA Sports","screen_name":"dena_sports","location":"","description":"横浜DeNAベイスターズ、DeNA Running Club、車椅子バスケットボールの香西宏昭選手など、DeNAのスポーツ関連情報を発信する公式Twitterアカウントです。 各種試合情報、関連サービス情報等をつぶやきます。  SHOWROOM試合中継はこちら→https://t.co/m7VF3Jb3YA","url":null,"entities":{"description":{"urls":[{"url":"https://t.co/m7VF3Jb3YA","expanded_url":"https://www.showroom-live.com/baystars","display_url":"showroom-live.com/baystars","indices":[131,154]}]}},"protected":false,"followers_count":14067,"friends_count":4,"listed_count":255,"created_at":"Wed Jun 24 01:58:03 +0000 2015","favourites_count":16,"utc_offset":-25200,"time_zone":"Pacific Time (US & Canada)","geo_enabled":true,"verified":false,"statuses_count":2977,"lang":"ja","contributors_enabled":false,"is_translator":false,"is_translation_enabled":false,"profile_background_color":"C0DEED","profile_background_image_url":"http://abs.twimg.com/images/themes/theme1/bg.png","profile_background_image_url_https":"https://abs.twimg.com/images/themes/theme1/bg.png","profile_background_tile":false,"profile_image_url":"http://pbs.twimg.com/profile_images/620435265056714753/G3zEo_R-_normal.jpg","profile_image_url_https":"https://pbs.twimg.com/profile_images/620435265056714753/G3zEo_R-_normal.jpg","profile_link_color":"1DA1F2","profile_sidebar_border_color":"C0DEED","profile_sidebar_fill_color":"DDEEF6","profile_text_color":"333333","profile_use_background_image":true,"has_extended_profile":false,"default_profile":true,"default_profile_image":false,"following":false,"follow_request_sent":false,"notifications":false,"translator_type":"none"},"geo":null,"coordinates":null,"place":null,"contributors":null,"is_quote_status":false,"retweet_count":63,"favorite_count":41,"favorited":false,"retweeted":false,"lang":"ja"},{"created_at":"Sat Jul 08 05:36:29 +0000 2017","id":883560396921094100,"id_str":"883560396921094148","text":"ショールームします！❤️","truncated":false,"entities":{"hashtags":[],"symbols":[],"user_mentions":[],"urls":[]},"metadata":{"iso_language_code":"ja","result_type":"recent"},"source":"<a href=\"http://twitter.com/download/iphone\" rel=\"nofollow\">Twitter for iPhone</a>","in_reply_to_status_id":null,"in_reply_to_status_id_str":null,"in_reply_to_user_id":null,"in_reply_to_user_id_str":null,"in_reply_to_screen_name":null,"user":{"id":727098477683970000,"id_str":"727098477683970048","name":"AKB48 村山 彩希","screen_name":"yuirii_murayama","location":"東京 千代田区","description":"TEAM4の村山彩希です(⚫︎ー⚫︎)","url":"https://t.co/psxAxOx09L","entities":{"url":{"urls":[{"url":"https://t.co/psxAxOx09L","expanded_url":"http://www.akb48.co.jp/about/members/detail.php?mid=102","display_url":"akb48.co.jp/about/members/…","indices":[0,23]}]},"description":{"urls":[]}},"protected":false,"followers_count":63333,"friends_count":82,"listed_count":1063,"created_at":"Mon May 02 11:32:40 +0000 2016","favourites_count":226,"utc_offset":32400,"time_zone":"Tokyo","geo_enabled":false,"verified":true,"statuses_count":911,"lang":"ja","contributors_enabled":false,"is_translator":false,"is_translation_enabled":false,"profile_background_color":"F5F8FA","profile_background_image_url":null,"profile_background_image_url_https":null,"profile_background_tile":false,"profile_image_url":"http://pbs.twimg.com/profile_images/764592798255292418/wNur4iYq_normal.jpg","profile_image_url_https":"https://pbs.twimg.com/profile_images/764592798255292418/wNur4iYq_normal.jpg","profile_banner_url":"https://pbs.twimg.com/profile_banners/727098477683970048/1484578544","profile_link_color":"1DA1F2","profile_sidebar_border_color":"C0DEED","profile_sidebar_fill_color":"DDEEF6","profile_text_color":"333333","profile_use_background_image":true,"has_extended_profile":true,"default_profile":true,"default_profile_image":false,"following":false,"follow_request_sent":false,"notifications":false,"translator_type":"none"},"geo":null,"coordinates":null,"place":null,"contributors":null,"is_quote_status":false,"retweet_count":46,"favorite_count":178,"favorited":false,"retweeted":false,"lang":"ja"},{"created_at":"Sat Jul 08 05:36:22 +0000 2017","id":883560370350153700,"id_str":"883560370350153728","text":"「漫画家のイメージ」についてのアンケートです。\n\n漫画家の職業って『大変そう』ですか？それとも『楽そう』ですか？（貴方の中のイメージで答えてみて下さい）\n\n（※投票ツイート）","truncated":false,"entities":{"hashtags":[],"symbols":[],"user_mentions":[],"urls":[]},"metadata":{"iso_language_code":"ja","result_type":"recent"},"source":"<a href=\"http://twitter.com/download/iphone\" rel=\"nofollow\">Twitter for iPhone</a>","in_reply_to_status_id":null,"in_reply_to_status_id_str":null,"in_reply_to_user_id":null,"in_reply_to_user_id_str":null,"in_reply_to_screen_name":null,"user":{"id":602904575,"id_str":"602904575","name":"ビタワン@3日目東あ-36b","screen_name":"vitaone_","location":"ラビットハウス","description":"《社畜ちゃん漫画（https://t.co/MeWFata7mL）を公開しています【※毎週日曜更新】全ての「働く人」を応援しています！》 ■都内で働くしがない三流プログラマです。 ■ニコニコ静画さんでも連載中です→https://t.co/RxccFYzzU7 ■呟きはITネタ、バイク、おっぱい、アニメ関連が多いです","url":"https://t.co/zjXOiZNjMz","entities":{"url":{"urls":[{"url":"https://t.co/zjXOiZNjMz","expanded_url":"https://syachiku-chan.com/?page_id=228","display_url":"syachiku-chan.com/?page_id=228","indices":[0,23]}]},"description":{"urls":[{"url":"https://t.co/MeWFata7mL","expanded_url":"http://bit.ly/1KWT2Ew","display_url":"bit.ly/1KWT2Ew","indices":[9,32]},{"url":"https://t.co/RxccFYzzU7","expanded_url":"http://bit.ly/29SvCXu","display_url":"bit.ly/29SvCXu","indices":[107,130]}]}},"protected":false,"followers_count":160600,"friends_count":159733,"listed_count":2092,"created_at":"Fri Jun 08 16:57:05 +0000 2012","favourites_count":333898,"utc_offset":32400,"time_zone":"Tokyo","geo_enabled":false,"verified":false,"statuses_count":10266,"lang":"ja","contributors_enabled":false,"is_translator":false,"is_translation_enabled":false,"profile_background_color":"C0DEED","profile_background_image_url":"http://abs.twimg.com/images/themes/theme1/bg.png","profile_background_image_url_https":"https://abs.twimg.com/images/themes/theme1/bg.png","profile_background_tile":false,"profile_image_url":"http://pbs.twimg.com/profile_images/859875249705320448/TEolbdv2_normal.jpg","profile_image_url_https":"https://pbs.twimg.com/profile_images/859875249705320448/TEolbdv2_normal.jpg","profile_banner_url":"https://pbs.twimg.com/profile_banners/602904575/1489314000","profile_link_color":"FA8072","profile_sidebar_border_color":"C0DEED","profile_sidebar_fill_color":"DDEEF6","profile_text_color":"333333","profile_use_background_image":true,"has_extended_profile":false,"default_profile":false,"default_profile_image":false,"following":false,"follow_request_sent":false,"notifications":false,"translator_type":"none"},"geo":null,"coordinates":null,"place":null,"contributors":null,"is_quote_status":false,"retweet_count":54,"favorite_count":42,"favorited":false,"retweeted":false,"lang":"ja"},{"created_at":"Sat Jul 08 05:35:55 +0000 2017","id":883560255019294700,"id_str":"883560255019294720","text":"北海道も暑いんか。彼等が温暖化の原因かしら","truncated":false,"entities":{"hashtags":[],"symbols":[],"user_mentions":[],"urls":[]},"metadata":{"iso_language_code":"ja","result_type":"recent"},"source":"<a href=\"http://twitter.com/download/iphone\" rel=\"nofollow\">Twitter for iPhone</a>","in_reply_to_status_id":null,"in_reply_to_status_id_str":null,"in_reply_to_user_id":null,"in_reply_to_user_id_str":null,"in_reply_to_screen_name":null,"user":{"id":1458686947,"id_str":"1458686947","name":"KI-SENRA","screen_name":"senra_kise","location":"NAGOYAJAPAN","description":"SENRA♡ ✎ I love Singing. Music is all about me! Nagoya. Entertainer. main→( @sen_sen_sen_sen )","url":"https://t.co/jbdg4oAoad","entities":{"url":{"urls":[{"url":"https://t.co/jbdg4oAoad","expanded_url":"http://com.nicovideo.jp/community/co325225","display_url":"com.nicovideo.jp/community/co32…","indices":[0,23]}]},"description":{"urls":[]}},"protected":false,"followers_count":94371,"friends_count":63384,"listed_count":1788,"created_at":"Sun May 26 03:50:04 +0000 2013","favourites_count":1093,"utc_offset":null,"time_zone":null,"geo_enabled":false,"verified":false,"statuses_count":4795,"lang":"ja","contributors_enabled":false,"is_translator":false,"is_translation_enabled":false,"profile_background_color":"C0DEED","profile_background_image_url":"http://abs.twimg.com/images/themes/theme1/bg.png","profile_background_image_url_https":"https://abs.twimg.com/images/themes/theme1/bg.png","profile_background_tile":false,"profile_image_url":"http://pbs.twimg.com/profile_images/763748374768082944/syG17wd__normal.jpg","profile_image_url_https":"https://pbs.twimg.com/profile_images/763748374768082944/syG17wd__normal.jpg","profile_banner_url":"https://pbs.twimg.com/profile_banners/1458686947/1470974747","profile_link_color":"1DA1F2","profile_sidebar_border_color":"C0DEED","profile_sidebar_fill_color":"DDEEF6","profile_text_color":"333333","profile_use_background_image":true,"has_extended_profile":false,"default_profile":true,"default_profile_image":false,"following":false,"follow_request_sent":false,"notifications":false,"translator_type":"none"},"geo":null,"coordinates":null,"place":null,"contributors":null,"is_quote_status":false,"retweet_count":67,"favorite_count":1003,"favorited":false,"retweeted":false,"lang":"ja"},{"created_at":"Sat Jul 08 05:35:26 +0000 2017","id":883560135720710100,"id_str":"883560135720710144","text":"「劇場版ポケモンキミにきめた！」に『エリカ』登場ｷﾀ━━━━(ﾟ∀ﾟ)━━━━!! https://t.co/IMWljTD7vQ ：ぽけりん #ポケモン https://t.co/qPLRK4JIF0","truncated":false,"entities":{"hashtags":[{"text":"ポケモン","indices":[72,77]}],"symbols":[],"user_mentions":[],"urls":[{"url":"https://t.co/IMWljTD7vQ","expanded_url":"http://pokemon-matome.net/articles/143147.html","display_url":"pokemon-matome.net/articles/14314…","indices":[42,65]}],"media":[{"id":883560061687091200,"id_str":"883560061687091200","indices":[78,101],"media_url":"http://pbs.twimg.com/media/DEMJMd6U0AAP9Ho.jpg","media_url_https":"https://pbs.twimg.com/media/DEMJMd6U0AAP9Ho.jpg","url":"https://t.co/qPLRK4JIF0","display_url":"pic.twitter.com/qPLRK4JIF0","expanded_url":"https://twitter.com/matome_pokemon/status/883560135720710144/photo/1","type":"photo","sizes":{"large":{"w":1030,"h":576,"resize":"fit"},"small":{"w":680,"h":380,"resize":"fit"},"medium":{"w":1030,"h":576,"resize":"fit"},"thumb":{"w":150,"h":150,"resize":"crop"}}}]},"extended_entities":{"media":[{"id":883560061687091200,"id_str":"883560061687091200","indices":[78,101],"media_url":"http://pbs.twimg.com/media/DEMJMd6U0AAP9Ho.jpg","media_url_https":"https://pbs.twimg.com/media/DEMJMd6U0AAP9Ho.jpg","url":"https://t.co/qPLRK4JIF0","display_url":"pic.twitter.com/qPLRK4JIF0","expanded_url":"https://twitter.com/matome_pokemon/status/883560135720710144/photo/1","type":"photo","sizes":{"large":{"w":1030,"h":576,"resize":"fit"},"small":{"w":680,"h":380,"resize":"fit"},"medium":{"w":1030,"h":576,"resize":"fit"},"thumb":{"w":150,"h":150,"resize":"crop"}}},{"id":883560120734466000,"id_str":"883560120734466048","indices":[78,101],"media_url":"http://pbs.twimg.com/media/DEMJP54UQAA4tWL.jpg","media_url_https":"https://pbs.twimg.com/media/DEMJP54UQAA4tWL.jpg","url":"https://t.co/qPLRK4JIF0","display_url":"pic.twitter.com/qPLRK4JIF0","expanded_url":"https://twitter.com/matome_pokemon/status/883560135720710144/photo/1","type":"photo","sizes":{"medium":{"w":1030,"h":576,"resize":"fit"},"thumb":{"w":150,"h":150,"resize":"crop"},"small":{"w":680,"h":380,"resize":"fit"},"large":{"w":1030,"h":576,"resize":"fit"}}}]},"metadata":{"iso_language_code":"ja","result_type":"recent"},"source":"<a href=\"http://twitter.com\" rel=\"nofollow\">Twitter Web Client</a>","in_reply_to_status_id":null,"in_reply_to_status_id_str":null,"in_reply_to_user_id":null,"in_reply_to_user_id_str":null,"in_reply_to_screen_name":null,"user":{"id":1315780393,"id_str":"1315780393","name":"ぽけりん＠ポケモンまとめ","screen_name":"matome_pokemon","location":"","description":"ポケモンまとめサイト「ぽけりん」を運営しています。\nポケモンのゲーム、アニメ、グッズ、映画などの最新情報やポケモンネタをお届けします。ポケモン好きな人は是非フォローしてください！こちらへの連絡はブログに記載しているメールアドレスからお願いします。","url":"http://t.co/ZKA8sP2gyP","entities":{"url":{"urls":[{"url":"http://t.co/ZKA8sP2gyP","expanded_url":"http://pokemon-matome.net/","display_url":"pokemon-matome.net","indices":[0,22]}]},"description":{"urls":[]}},"protected":false,"followers_count":118022,"friends_count":74561,"listed_count":837,"created_at":"Sat Mar 30 04:47:24 +0000 2013","favourites_count":138,"utc_offset":28800,"time_zone":"Irkutsk","geo_enabled":false,"verified":false,"statuses_count":21765,"lang":"ja","contributors_enabled":false,"is_translator":false,"is_translation_enabled":false,"profile_background_color":"FFFFFF","profile_background_image_url":"http://pbs.twimg.com/profile_background_images/457209674773696513/QkkfCeNO.png","profile_background_image_url_https":"https://pbs.twimg.com/profile_background_images/457209674773696513/QkkfCeNO.png","profile_background_tile":false,"profile_image_url":"http://pbs.twimg.com/profile_images/459737172438810624/IVuDG1ZZ_normal.jpeg","profile_image_url_https":"https://pbs.twimg.com/profile_images/459737172438810624/IVuDG1ZZ_normal.jpeg","profile_link_color":"0084B4","profile_sidebar_border_color":"FFFFFF","profile_sidebar_fill_color":"DDEEF6","profile_text_color":"333333","profile_use_background_image":true,"has_extended_profile":false,"default_profile":false,"default_profile_image":false,"following":false,"follow_request_sent":false,"notifications":false,"translator_type":"none"},"geo":null,"coordinates":null,"place":null,"contributors":null,"is_quote_status":false,"retweet_count":108,"favorite_count":137,"favorited":false,"retweeted":false,"possibly_sensitive":false,"lang":"ja"},{"created_at":"Sat Jul 08 05:34:52 +0000 2017","id":883559991684116500,"id_str":"883559991684116480","text":"【NEWS】B'z SHOWCASE 2017 -B'z In Your Town- ツアー会場CD購入&amp;予約特典のご案内\n\n各会場でのCD購入&amp;予約特典をご案内いたします。\n\n★SINGLE「声明 / Still... https://t.co/2vAbVSCRK0","truncated":false,"entities":{"hashtags":[],"symbols":[],"user_mentions":[],"urls":[{"url":"https://t.co/2vAbVSCRK0","expanded_url":"http://fb.me/1iXoSKEio","display_url":"fb.me/1iXoSKEio","indices":[119,142]}]},"metadata":{"iso_language_code":"ja","result_type":"recent"},"source":"<a href=\"http://www.facebook.com/twitter\" rel=\"nofollow\">Facebook</a>","in_reply_to_status_id":null,"in_reply_to_status_id_str":null,"in_reply_to_user_id":null,"in_reply_to_user_id_str":null,"in_reply_to_screen_name":null,"user":{"id":330204287,"id_str":"330204287","name":"B'z","screen_name":"Bz_Official","location":"","description":"B'z Official Twitter. \r\nB'z Official Twitter (English): http://t.co/AZNTILxxAo","url":"http://t.co/rPdsajoKLk","entities":{"url":{"urls":[{"url":"http://t.co/rPdsajoKLk","expanded_url":"http://bz-vermillion.com/","display_url":"bz-vermillion.com","indices":[0,22]}]},"description":{"urls":[{"url":"http://t.co/AZNTILxxAo","expanded_url":"https://twitter.com/bz_official_en","display_url":"twitter.com/bz_official_en","indices":[56,78]}]}},"protected":false,"followers_count":188083,"friends_count":1,"listed_count":1772,"created_at":"Wed Jul 06 08:11:47 +0000 2011","favourites_count":0,"utc_offset":32400,"time_zone":"Tokyo","geo_enabled":false,"verified":false,"statuses_count":1444,"lang":"ja","contributors_enabled":false,"is_translator":false,"is_translation_enabled":false,"profile_background_color":"131516","profile_background_image_url":"http://pbs.twimg.com/profile_background_images/316959780/pattern.gif","profile_background_image_url_https":"https://pbs.twimg.com/profile_background_images/316959780/pattern.gif","profile_background_tile":true,"profile_image_url":"http://pbs.twimg.com/profile_images/1507533733/profile_img_bz_normal.jpg","profile_image_url_https":"https://pbs.twimg.com/profile_images/1507533733/profile_img_bz_normal.jpg","profile_link_color":"990000","profile_sidebar_border_color":"EEEEEE","profile_sidebar_fill_color":"EFEFEF","profile_text_color":"333333","profile_use_background_image":true,"has_extended_profile":false,"default_profile":false,"default_profile_image":false,"following":false,"follow_request_sent":false,"notifications":false,"translator_type":"none"},"geo":null,"coordinates":null,"place":null,"contributors":null,"is_quote_status":false,"retweet_count":63,"favorite_count":179,"favorited":false,"retweeted":false,"possibly_sensitive":false,"lang":"ja"},{"created_at":"Sat Jul 08 05:34:51 +0000 2017","id":883559989075365900,"id_str":"883559989075365888","text":"【出演情報】\n7月19日(水) 24:30- 25:00\nテレビ朝日「なら≒デキ」\nhttps://t.co/UuUtudUUKN\n雄大が出演致します！\n是非ご覧ください♪\n#ならデキ #Da_iCE #大野雄大 https://t.co/JewWzdLBYs","truncated":false,"entities":{"hashtags":[{"text":"ならデキ","indices":[87,92]},{"text":"Da_iCE","indices":[93,100]},{"text":"大野雄大","indices":[101,106]}],"symbols":[],"user_mentions":[],"urls":[{"url":"https://t.co/UuUtudUUKN","expanded_url":"http://www.tv-asahi.co.jp/naradeki/","display_url":"tv-asahi.co.jp/naradeki/","indices":[42,65]}],"media":[{"id":883559700918173700,"id_str":"883559700918173696","indices":[107,130],"media_url":"http://pbs.twimg.com/media/DEMI3d8UAAAh-h_.jpg","media_url_https":"https://pbs.twimg.com/media/DEMI3d8UAAAh-h_.jpg","url":"https://t.co/JewWzdLBYs","display_url":"pic.twitter.com/JewWzdLBYs","expanded_url":"https://twitter.com/Da_iCE_STAFF/status/883559989075365888/photo/1","type":"photo","sizes":{"small":{"w":680,"h":510,"resize":"fit"},"thumb":{"w":150,"h":150,"resize":"crop"},"large":{"w":1478,"h":1108,"resize":"fit"},"medium":{"w":1200,"h":900,"resize":"fit"}}}]},"extended_entities":{"media":[{"id":883559700918173700,"id_str":"883559700918173696","indices":[107,130],"media_url":"http://pbs.twimg.com/media/DEMI3d8UAAAh-h_.jpg","media_url_https":"https://pbs.twimg.com/media/DEMI3d8UAAAh-h_.jpg","url":"https://t.co/JewWzdLBYs","display_url":"pic.twitter.com/JewWzdLBYs","expanded_url":"https://twitter.com/Da_iCE_STAFF/status/883559989075365888/photo/1","type":"photo","sizes":{"small":{"w":680,"h":510,"resize":"fit"},"thumb":{"w":150,"h":150,"resize":"crop"},"large":{"w":1478,"h":1108,"resize":"fit"},"medium":{"w":1200,"h":900,"resize":"fit"}}}]},"metadata":{"iso_language_code":"ja","result_type":"recent"},"source":"<a href=\"http://twitter.com\" rel=\"nofollow\">Twitter Web Client</a>","in_reply_to_status_id":null,"in_reply_to_status_id_str":null,"in_reply_to_user_id":null,"in_reply_to_user_id_str":null,"in_reply_to_screen_name":null,"user":{"id":267794630,"id_str":"267794630","name":"Da-iCE STAFF【公式】","screen_name":"Da_iCE_STAFF","location":"東京","description":"Da-iCE STAFFです｡8/30(水) 12th single｢君色｣発売決定‼︎ 現在､全国TOUR｢Da-iCE LIVE TOUR 2017 -NEXT PHASE-｣開催中！","url":"https://t.co/dUx1SuFdcI","entities":{"url":{"urls":[{"url":"https://t.co/dUx1SuFdcI","expanded_url":"http://da-ice.jp/","display_url":"da-ice.jp","indices":[0,23]}]},"description":{"urls":[]}},"protected":false,"followers_count":102867,"friends_count":390,"listed_count":1190,"created_at":"Thu Mar 17 15:10:37 +0000 2011","favourites_count":50,"utc_offset":-36000,"time_zone":"Hawaii","geo_enabled":true,"verified":false,"statuses_count":37226,"lang":"ja","contributors_enabled":false,"is_translator":false,"is_translation_enabled":false,"profile_background_color":"89C9FA","profile_background_image_url":"http://pbs.twimg.com/profile_background_images/615901465517887488/BwEBRsdq.jpg","profile_background_image_url_https":"https://pbs.twimg.com/profile_background_images/615901465517887488/BwEBRsdq.jpg","profile_background_tile":false,"profile_image_url":"http://pbs.twimg.com/profile_images/876025058505900033/YTfJ4Oby_normal.jpg","profile_image_url_https":"https://pbs.twimg.com/profile_images/876025058505900033/YTfJ4Oby_normal.jpg","profile_banner_url":"https://pbs.twimg.com/profile_banners/267794630/1493382557","profile_link_color":"89C9FA","profile_sidebar_border_color":"000000","profile_sidebar_fill_color":"DDEEF6","profile_text_color":"333333","profile_use_background_image":false,"has_extended_profile":false,"default_profile":false,"default_profile_image":false,"following":false,"follow_request_sent":false,"notifications":false,"translator_type":"none"},"geo":null,"coordinates":null,"place":null,"contributors":null,"is_quote_status":false,"retweet_count":128,"favorite_count":394,"favorited":false,"retweeted":false,"possibly_sensitive":false,"lang":"ja"},{"created_at":"Sat Jul 08 05:33:51 +0000 2017","id":883559734967648300,"id_str":"883559734967648256","text":"キーアイテムを手に入れたばかりにトレーナーの暗黒面に落ちかけてる https://t.co/8npV2fc0p4","truncated":false,"entities":{"hashtags":[],"symbols":[],"user_mentions":[],"urls":[],"media":[{"id":883559333505544200,"id_str":"883559333505544192","indices":[33,56],"media_url":"http://pbs.twimg.com/media/DEMIiFOUMAA7LwR.jpg","media_url_https":"https://pbs.twimg.com/media/DEMIiFOUMAA7LwR.jpg","url":"https://t.co/8npV2fc0p4","display_url":"pic.twitter.com/8npV2fc0p4","expanded_url":"https://twitter.com/moa151/status/883559734967648256/photo/1","type":"photo","sizes":{"thumb":{"w":150,"h":150,"resize":"crop"},"medium":{"w":1066,"h":1200,"resize":"fit"},"large":{"w":1280,"h":1441,"resize":"fit"},"small":{"w":604,"h":680,"resize":"fit"}}}]},"extended_entities":{"media":[{"id":883559333505544200,"id_str":"883559333505544192","indices":[33,56],"media_url":"http://pbs.twimg.com/media/DEMIiFOUMAA7LwR.jpg","media_url_https":"https://pbs.twimg.com/media/DEMIiFOUMAA7LwR.jpg","url":"https://t.co/8npV2fc0p4","display_url":"pic.twitter.com/8npV2fc0p4","expanded_url":"https://twitter.com/moa151/status/883559734967648256/photo/1","type":"photo","sizes":{"thumb":{"w":150,"h":150,"resize":"crop"},"medium":{"w":1066,"h":1200,"resize":"fit"},"large":{"w":1280,"h":1441,"resize":"fit"},"small":{"w":604,"h":680,"resize":"fit"}}}]},"metadata":{"iso_language_code":"ja","result_type":"recent"},"source":"<a href=\"http://twitter.com\" rel=\"nofollow\">Twitter Web Client</a>","in_reply_to_status_id":null,"in_reply_to_status_id_str":null,"in_reply_to_user_id":null,"in_reply_to_user_id_str":null,"in_reply_to_screen_name":null,"user":{"id":114143927,"id_str":"114143927","name":"ポケモア","screen_name":"moa151","location":"","description":"ポケがつく例の作品が好きなヘンな人です。　自分が描いたファンアートは好きに使ってください。  pixiv→　https://t.co/4bj5rpICWq  個人アカウント→　https://t.co/VATpKBLoWN","url":"http://t.co/ORAD8Fgh7b","entities":{"url":{"urls":[{"url":"http://t.co/ORAD8Fgh7b","expanded_url":"http://www.pokesho.com/","display_url":"pokesho.com","indices":[0,22]}]},"description":{"urls":[{"url":"https://t.co/4bj5rpICWq","expanded_url":"http://www.pixiv.net/member.php?id=3542036","display_url":"pixiv.net/member.php?id=…","indices":[54,77]},{"url":"https://t.co/VATpKBLoWN","expanded_url":"https://twitter.com/caret_egg","display_url":"twitter.com/caret_egg","indices":[88,111]}]}},"protected":false,"followers_count":56641,"friends_count":5241,"listed_count":749,"created_at":"Sun Feb 14 08:42:37 +0000 2010","favourites_count":9246,"utc_offset":32400,"time_zone":"Tokyo","geo_enabled":false,"verified":false,"statuses_count":14897,"lang":"ja","contributors_enabled":false,"is_translator":false,"is_translation_enabled":true,"profile_background_color":"DBE9ED","profile_background_image_url":"http://pbs.twimg.com/profile_background_images/688559879842181120/OrXEUpxN.jpg","profile_background_image_url_https":"https://pbs.twimg.com/profile_background_images/688559879842181120/OrXEUpxN.jpg","profile_background_tile":true,"profile_image_url":"http://pbs.twimg.com/profile_images/378800000487567810/df9e1a1a3ef35463dfa26d2750e06b7b_normal.png","profile_image_url_https":"https://pbs.twimg.com/profile_images/378800000487567810/df9e1a1a3ef35463dfa26d2750e06b7b_normal.png","profile_banner_url":"https://pbs.twimg.com/profile_banners/114143927/1434808286","profile_link_color":"4A913C","profile_sidebar_border_color":"FFFFFF","profile_sidebar_fill_color":"E6F6F9","profile_text_color":"333333","profile_use_background_image":true,"has_extended_profile":true,"default_profile":false,"default_profile_image":false,"following":false,"follow_request_sent":false,"notifications":false,"translator_type":"none"},"geo":null,"coordinates":null,"place":null,"contributors":null,"is_quote_status":false,"retweet_count":292,"favorite_count":291,"favorited":false,"retweeted":false,"possibly_sensitive":false,"lang":"ja"},{"created_at":"Sat Jul 08 05:33:14 +0000 2017","id":883559580109684700,"id_str":"883559580109684737","text":"どうぞ、雪ではしゃぐ日和ちゃんを見て涼んでください🎐\n\nbyアザラシシーパラダイス https://t.co/KrwSx84Jqd","truncated":false,"entities":{"hashtags":[],"symbols":[],"user_mentions":[],"urls":[],"media":[{"id":883559454033051600,"id_str":"883559454033051648","indices":[42,65],"media_url":"http://pbs.twimg.com/ext_tw_video_thumb/883559454033051648/pu/img/Aju3WNIrFOvENM_T.jpg","media_url_https":"https://pbs.twimg.com/ext_tw_video_thumb/883559454033051648/pu/img/Aju3WNIrFOvENM_T.jpg","url":"https://t.co/KrwSx84Jqd","display_url":"pic.twitter.com/KrwSx84Jqd","expanded_url":"https://twitter.com/mombetsu_land/status/883559580109684737/video/1","type":"photo","sizes":{"small":{"w":340,"h":191,"resize":"fit"},"thumb":{"w":150,"h":150,"resize":"crop"},"medium":{"w":600,"h":338,"resize":"fit"},"large":{"w":1024,"h":576,"resize":"fit"}}}]},"extended_entities":{"media":[{"id":883559454033051600,"id_str":"883559454033051648","indices":[42,65],"media_url":"http://pbs.twimg.com/ext_tw_video_thumb/883559454033051648/pu/img/Aju3WNIrFOvENM_T.jpg","media_url_https":"https://pbs.twimg.com/ext_tw_video_thumb/883559454033051648/pu/img/Aju3WNIrFOvENM_T.jpg","url":"https://t.co/KrwSx84Jqd","display_url":"pic.twitter.com/KrwSx84Jqd","expanded_url":"https://twitter.com/mombetsu_land/status/883559580109684737/video/1","type":"video","sizes":{"small":{"w":340,"h":191,"resize":"fit"},"thumb":{"w":150,"h":150,"resize":"crop"},"medium":{"w":600,"h":338,"resize":"fit"},"large":{"w":1024,"h":576,"resize":"fit"}},"video_info":{"aspect_ratio":[16,9],"duration_millis":13338,"variants":[{"content_type":"application/x-mpegURL","url":"https://video.twimg.com/ext_tw_video/883559454033051648/pu/pl/BaD91rSPpaZeItHi.m3u8"},{"bitrate":2176000,"content_type":"video/mp4","url":"https://video.twimg.com/ext_tw_video/883559454033051648/pu/vid/1280x720/MxtJAQ-auMvT_ZWu.mp4"},{"bitrate":320000,"content_type":"video/mp4","url":"https://video.twimg.com/ext_tw_video/883559454033051648/pu/vid/320x180/UvE1jPaE5Jbyx9ul.mp4"},{"bitrate":832000,"content_type":"video/mp4","url":"https://video.twimg.com/ext_tw_video/883559454033051648/pu/vid/640x360/gmrmuAmmPb4qoPCR.mp4"}]},"additional_media_info":{"monetizable":false}}]},"metadata":{"iso_language_code":"ja","result_type":"recent"},"source":"<a href=\"http://twitter.com/download/iphone\" rel=\"nofollow\">Twitter for iPhone</a>","in_reply_to_status_id":null,"in_reply_to_status_id_str":null,"in_reply_to_user_id":null,"in_reply_to_user_id_str":null,"in_reply_to_screen_name":null,"user":{"id":802748015127576600,"id_str":"802748015127576576","name":"紋別オホーツクランド","screen_name":"mombetsu_land","location":"北海道 紋別市","description":"紋別オホーツクランドです！中の人達の日常や出来事、イベントなどのお知らせをお送りします！","url":"https://t.co/OtTVIWVNmV","entities":{"url":{"urls":[{"url":"https://t.co/OtTVIWVNmV","expanded_url":"http://mombetsu.info","display_url":"mombetsu.info","indices":[0,23]}]},"description":{"urls":[]}},"protected":false,"followers_count":6988,"friends_count":1408,"listed_count":159,"created_at":"Sun Nov 27 05:36:55 +0000 2016","favourites_count":501,"utc_offset":null,"time_zone":null,"geo_enabled":false,"verified":false,"statuses_count":1277,"lang":"ja","contributors_enabled":false,"is_translator":false,"is_translation_enabled":false,"profile_background_color":"000000","profile_background_image_url":"http://abs.twimg.com/images/themes/theme1/bg.png","profile_background_image_url_https":"https://abs.twimg.com/images/themes/theme1/bg.png","profile_background_tile":false,"profile_image_url":"http://pbs.twimg.com/profile_images/806323203006005248/Ue4HCEOd_normal.jpg","profile_image_url_https":"https://pbs.twimg.com/profile_images/806323203006005248/Ue4HCEOd_normal.jpg","profile_banner_url":"https://pbs.twimg.com/profile_banners/802748015127576576/1481077741","profile_link_color":"91D2FA","profile_sidebar_border_color":"000000","profile_sidebar_fill_color":"000000","profile_text_color":"000000","profile_use_background_image":false,"has_extended_profile":false,"default_profile":false,"default_profile_image":false,"following":false,"follow_request_sent":false,"notifications":false,"translator_type":"none"},"geo":null,"coordinates":null,"place":null,"contributors":null,"is_quote_status":false,"retweet_count":78,"favorite_count":103,"favorited":false,"retweeted":false,"possibly_sensitive":false,"lang":"ja"},{"created_at":"Sat Jul 08 05:33:13 +0000 2017","id":883559577794392000,"id_str":"883559577794392064","text":"【山にひび割れ 改めて避難呼びかけ 大分 日田】\n大分県日田市はすでに避難指示が出されている大鶴地区の上宮町で山にひび割れが確認されるなど土砂災害の危険性が高まっているとして、午後1時から住民などに対し、改めて地区の公民館など安全な場所に直ちに避難するよう呼びかけています。","truncated":false,"entities":{"hashtags":[],"symbols":[],"user_mentions":[],"urls":[]},"metadata":{"iso_language_code":"ja","result_type":"recent"},"source":"<a href=\"https://unnerv.jp/@UN_NERV\" rel=\"nofollow\">特務機関NERV MAGI</a>","in_reply_to_status_id":null,"in_reply_to_status_id_str":null,"in_reply_to_user_id":null,"in_reply_to_user_id_str":null,"in_reply_to_screen_name":null,"user":{"id":116548789,"id_str":"116548789","name":"特務機関NERV","screen_name":"UN_NERV","location":"第3新東京市","description":"U.N.NERV\r\nネルフです。本アカウントからの返信やRTは行えません。発表のみを行うアカウントとなります。お問い合わせなどは広報アカウント @NERVPR 宛にお願いいたします。ヤシマ作戦公式アカウントです。ヤシマ作戦及び本アカウントはエヴァンゲリオン版権元のご理解とご協力により、公認ですが非公式です。","url":"https://t.co/h4VV1lfQxP","entities":{"url":{"urls":[{"url":"https://t.co/h4VV1lfQxP","expanded_url":"https://unnerv.jp/@UN_NERV","display_url":"unnerv.jp/@UN_NERV","indices":[0,23]}]},"description":{"urls":[]}},"protected":false,"followers_count":424518,"friends_count":101,"listed_count":17136,"created_at":"Mon Feb 22 21:35:21 +0000 2010","favourites_count":1,"utc_offset":32400,"time_zone":"Tokyo","geo_enabled":false,"verified":false,"statuses_count":176385,"lang":"ja","contributors_enabled":false,"is_translator":false,"is_translation_enabled":false,"profile_background_color":"808080","profile_background_image_url":"http://pbs.twimg.com/profile_background_images/77623949/img74d96c6fzik8zj.png","profile_background_image_url_https":"https://pbs.twimg.com/profile_background_images/77623949/img74d96c6fzik8zj.png","profile_background_tile":false,"profile_image_url":"http://pbs.twimg.com/profile_images/1874890040/un_nerv_normal.png","profile_image_url_https":"https://pbs.twimg.com/profile_images/1874890040/un_nerv_normal.png","profile_banner_url":"https://pbs.twimg.com/profile_banners/116548789/1352202156","profile_link_color":"A8A8A8","profile_sidebar_border_color":"C20F0F","profile_sidebar_fill_color":"000000","profile_text_color":"D41515","profile_use_background_image":true,"has_extended_profile":false,"default_profile":false,"default_profile_image":false,"following":false,"follow_request_sent":false,"notifications":false,"translator_type":"none"},"geo":null,"coordinates":null,"place":null,"contributors":null,"is_quote_status":false,"retweet_count":98,"favorite_count":34,"favorited":false,"retweeted":false,"lang":"ja"},{"created_at":"Sat Jul 08 05:33:10 +0000 2017","id":883559565517668400,"id_str":"883559565517668353","text":"【2017年7月8日 14:33 NHK】\n山にひび割れ 改めて避難呼びかけ 大分 日田\nhttps://t.co/tTtPnpb43I","truncated":false,"entities":{"hashtags":[],"symbols":[],"user_mentions":[],"urls":[{"url":"https://t.co/tTtPnpb43I","expanded_url":"http://nerv.link/VvXNjC","display_url":"nerv.link/VvXNjC","indices":[45,68]}]},"metadata":{"iso_language_code":"ja","result_type":"recent"},"source":"<a href=\"https://unnerv.jp/@UN_NERV\" rel=\"nofollow\">特務機関NERV MAGI</a>","in_reply_to_status_id":null,"in_reply_to_status_id_str":null,"in_reply_to_user_id":null,"in_reply_to_user_id_str":null,"in_reply_to_screen_name":null,"user":{"id":116548789,"id_str":"116548789","name":"特務機関NERV","screen_name":"UN_NERV","location":"第3新東京市","description":"U.N.NERV\r\nネルフです。本アカウントからの返信やRTは行えません。発表のみを行うアカウントとなります。お問い合わせなどは広報アカウント @NERVPR 宛にお願いいたします。ヤシマ作戦公式アカウントです。ヤシマ作戦及び本アカウントはエヴァンゲリオン版権元のご理解とご協力により、公認ですが非公式です。","url":"https://t.co/h4VV1lfQxP","entities":{"url":{"urls":[{"url":"https://t.co/h4VV1lfQxP","expanded_url":"https://unnerv.jp/@UN_NERV","display_url":"unnerv.jp/@UN_NERV","indices":[0,23]}]},"description":{"urls":[]}},"protected":false,"followers_count":424518,"friends_count":101,"listed_count":17136,"created_at":"Mon Feb 22 21:35:21 +0000 2010","favourites_count":1,"utc_offset":32400,"time_zone":"Tokyo","geo_enabled":false,"verified":false,"statuses_count":176385,"lang":"ja","contributors_enabled":false,"is_translator":false,"is_translation_enabled":false,"profile_background_color":"808080","profile_background_image_url":"http://pbs.twimg.com/profile_background_images/77623949/img74d96c6fzik8zj.png","profile_background_image_url_https":"https://pbs.twimg.com/profile_background_images/77623949/img74d96c6fzik8zj.png","profile_background_tile":false,"profile_image_url":"http://pbs.twimg.com/profile_images/1874890040/un_nerv_normal.png","profile_image_url_https":"https://pbs.twimg.com/profile_images/1874890040/un_nerv_normal.png","profile_banner_url":"https://pbs.twimg.com/profile_banners/116548789/1352202156","profile_link_color":"A8A8A8","profile_sidebar_border_color":"C20F0F","profile_sidebar_fill_color":"000000","profile_text_color":"D41515","profile_use_background_image":true,"has_extended_profile":false,"default_profile":false,"default_profile_image":false,"following":false,"follow_request_sent":false,"notifications":false,"translator_type":"none"},"geo":null,"coordinates":null,"place":null,"contributors":null,"is_quote_status":false,"retweet_count":57,"favorite_count":23,"favorited":false,"retweeted":false,"possibly_sensitive":false,"lang":"ja"},{"created_at":"Sat Jul 08 05:33:01 +0000 2017","id":883559528406569000,"id_str":"883559528406568960","text":"【速報 JUST IN 】山にひび割れ 改めて避難呼びかけ 大分 日田 #nhk_news https://t.co/KEccHrQiYQ","truncated":false,"entities":{"hashtags":[{"text":"nhk_news","indices":[36,45]}],"symbols":[],"user_mentions":[],"urls":[{"url":"https://t.co/KEccHrQiYQ","expanded_url":"http://www3.nhk.or.jp/news/html/20170708/k10011050041000.html","display_url":"www3.nhk.or.jp/news/html/2017…","indices":[46,69]}]},"metadata":{"iso_language_code":"ja","result_type":"recent"},"source":"<a href=\"http://www.nhk.or.jp/\" rel=\"nofollow\">NHK</a>","in_reply_to_status_id":null,"in_reply_to_status_id_str":null,"in_reply_to_user_id":null,"in_reply_to_user_id_str":null,"in_reply_to_screen_name":null,"user":{"id":204245399,"id_str":"204245399","name":"NHKニュース","screen_name":"nhk_news","location":"東京都渋谷区神南2-2-1","description":"NHKニュースの公式アカウントです。最新のニュースを24時間休みなくお届けします。 http://t.co/Q11WanxIUh をご確認、ご了承ください。問い合わせは http://t.co/QHu5wdeNyR","url":"https://t.co/8JA06ePKUg","entities":{"url":{"urls":[{"url":"https://t.co/8JA06ePKUg","expanded_url":"http://nhk.jp/news","display_url":"nhk.jp/news","indices":[0,23]}]},"description":{"urls":[{"url":"http://t.co/Q11WanxIUh","expanded_url":"http://nhk.jp/rules","display_url":"nhk.jp/rules","indices":[42,64]},{"url":"http://t.co/QHu5wdeNyR","expanded_url":"http://www.nhk.or.jp/css/","display_url":"nhk.or.jp/css/","indices":[85,107]}]}},"protected":false,"followers_count":2299251,"friends_count":15,"listed_count":58502,"created_at":"Mon Oct 18 08:15:29 +0000 2010","favourites_count":0,"utc_offset":32400,"time_zone":"Tokyo","geo_enabled":false,"verified":true,"statuses_count":294386,"lang":"ja","contributors_enabled":false,"is_translator":false,"is_translation_enabled":true,"profile_background_color":"C0DEED","profile_background_image_url":"http://pbs.twimg.com/profile_background_images/828499082087796737/ppZx0TZa.jpg","profile_background_image_url_https":"https://pbs.twimg.com/profile_background_images/828499082087796737/ppZx0TZa.jpg","profile_background_tile":false,"profile_image_url":"http://pbs.twimg.com/profile_images/712261429701713920/mkdC8tNc_normal.jpg","profile_image_url_https":"https://pbs.twimg.com/profile_images/712261429701713920/mkdC8tNc_normal.jpg","profile_banner_url":"https://pbs.twimg.com/profile_banners/204245399/1401946722","profile_link_color":"0084B4","profile_sidebar_border_color":"C0DEED","profile_sidebar_fill_color":"DDEEF6","profile_text_color":"333333","profile_use_background_image":true,"has_extended_profile":false,"default_profile":false,"default_profile_image":false,"following":false,"follow_request_sent":false,"notifications":false,"translator_type":"none"},"geo":null,"coordinates":null,"place":null,"contributors":null,"is_quote_status":false,"retweet_count":76,"favorite_count":16,"favorited":false,"retweeted":false,"possibly_sensitive":false,"lang":"ja"},{"created_at":"Sat Jul 08 05:32:55 +0000 2017","id":883559499595784200,"id_str":"883559499595784192","text":"1　番　フ　ァ　ー　ス　ト　中　田 https://t.co/2xAzqDfJw9","truncated":false,"entities":{"hashtags":[],"symbols":[],"user_mentions":[],"urls":[],"media":[{"id":883559404599038000,"id_str":"883559404599037952","indices":[18,41],"media_url":"http://pbs.twimg.com/media/DEMImOEU0AALjfh.jpg","media_url_https":"https://pbs.twimg.com/media/DEMImOEU0AALjfh.jpg","url":"https://t.co/2xAzqDfJw9","display_url":"pic.twitter.com/2xAzqDfJw9","expanded_url":"https://twitter.com/hnfpicture2016/status/883559499595784192/photo/1","type":"photo","sizes":{"large":{"w":1624,"h":1080,"resize":"fit"},"medium":{"w":1200,"h":798,"resize":"fit"},"small":{"w":680,"h":452,"resize":"fit"},"thumb":{"w":150,"h":150,"resize":"crop"}}}]},"extended_entities":{"media":[{"id":883559404599038000,"id_str":"883559404599037952","indices":[18,41],"media_url":"http://pbs.twimg.com/media/DEMImOEU0AALjfh.jpg","media_url_https":"https://pbs.twimg.com/media/DEMImOEU0AALjfh.jpg","url":"https://t.co/2xAzqDfJw9","display_url":"pic.twitter.com/2xAzqDfJw9","expanded_url":"https://twitter.com/hnfpicture2016/status/883559499595784192/photo/1","type":"photo","sizes":{"large":{"w":1624,"h":1080,"resize":"fit"},"medium":{"w":1200,"h":798,"resize":"fit"},"small":{"w":680,"h":452,"resize":"fit"},"thumb":{"w":150,"h":150,"resize":"crop"}}},{"id":883559471359733800,"id_str":"883559471359733760","indices":[18,41],"media_url":"http://pbs.twimg.com/media/DEMIqGxUMAAf43Z.jpg","media_url_https":"https://pbs.twimg.com/media/DEMIqGxUMAAf43Z.jpg","url":"https://t.co/2xAzqDfJw9","display_url":"pic.twitter.com/2xAzqDfJw9","expanded_url":"https://twitter.com/hnfpicture2016/status/883559499595784192/photo/1","type":"photo","sizes":{"large":{"w":1624,"h":1080,"resize":"fit"},"medium":{"w":1200,"h":798,"resize":"fit"},"thumb":{"w":150,"h":150,"resize":"crop"},"small":{"w":680,"h":452,"resize":"fit"}}}]},"metadata":{"iso_language_code":"ja","result_type":"recent"},"source":"<a href=\"http://twitter.com/download/android\" rel=\"nofollow\">Twitter for Android</a>","in_reply_to_status_id":null,"in_reply_to_status_id_str":null,"in_reply_to_user_id":null,"in_reply_to_user_id_str":null,"in_reply_to_screen_name":null,"user":{"id":4278376813,"id_str":"4278376813","name":"アヤコレ@7/8、9　ホークス戦","screen_name":"hnfpicture2016","location":"","description":"男。森・松井世代ちな公ヤク。 \n現在12本拠地中所沢以外全て訪問済み。\nカメラ素人。写真の利用・転載は一言下さい。かなり批判します。\n\n8/12、13ヤフオクD 14、15　京セラD参戦予定\n\n\n幅広く野球を勉強中。ケルトさん主催仮想ドラフト日本ハムサポーター","url":null,"entities":{"description":{"urls":[]}},"protected":false,"followers_count":6217,"friends_count":5541,"listed_count":59,"created_at":"Wed Nov 18 11:40:21 +0000 2015","favourites_count":1229,"utc_offset":null,"time_zone":null,"geo_enabled":true,"verified":false,"statuses_count":50675,"lang":"ja","contributors_enabled":false,"is_translator":false,"is_translation_enabled":false,"profile_background_color":"C0DEED","profile_background_image_url":"http://abs.twimg.com/images/themes/theme1/bg.png","profile_background_image_url_https":"https://abs.twimg.com/images/themes/theme1/bg.png","profile_background_tile":false,"profile_image_url":"http://pbs.twimg.com/profile_images/848156048447885313/Whey8pN7_normal.jpg","profile_image_url_https":"https://pbs.twimg.com/profile_images/848156048447885313/Whey8pN7_normal.jpg","profile_banner_url":"https://pbs.twimg.com/profile_banners/4278376813/1498378491","profile_link_color":"1DA1F2","profile_sidebar_border_color":"C0DEED","profile_sidebar_fill_color":"DDEEF6","profile_text_color":"333333","profile_use_background_image":true,"has_extended_profile":false,"default_profile":true,"default_profile_image":false,"following":false,"follow_request_sent":false,"notifications":false,"translator_type":"none"},"geo":null,"coordinates":null,"place":null,"contributors":null,"is_quote_status":false,"retweet_count":45,"favorite_count":35,"favorited":false,"retweeted":false,"possibly_sensitive":false,"lang":"ja"},{"created_at":"Sat Jul 08 05:32:45 +0000 2017","id":883559458856550400,"id_str":"883559458856550402","text":"【雑誌情報】7/10(月)発売！アニメージュ8月号より描き下ろしイラストをチラ見せ！イラストの全貌はぜひ本誌にてご確認ください！\n長井龍雪監督×三日月役の河西健吾さんの初対談も掲載しています！（広報はる）#g_tekketsu https://t.co/T8jKOBk8Y8","truncated":false,"entities":{"hashtags":[{"text":"g_tekketsu","indices":[102,113]}],"symbols":[],"user_mentions":[],"urls":[],"media":[{"id":883559446177210400,"id_str":"883559446177210368","indices":[114,137],"media_url":"http://pbs.twimg.com/media/DEMIoo9VYAAthuu.jpg","media_url_https":"https://pbs.twimg.com/media/DEMIoo9VYAAthuu.jpg","url":"https://t.co/T8jKOBk8Y8","display_url":"pic.twitter.com/T8jKOBk8Y8","expanded_url":"https://twitter.com/g_tekketsu/status/883559458856550402/photo/1","type":"photo","sizes":{"small":{"w":680,"h":680,"resize":"fit"},"thumb":{"w":150,"h":150,"resize":"crop"},"medium":{"w":1200,"h":1200,"resize":"fit"},"large":{"w":2048,"h":2048,"resize":"fit"}}}]},"extended_entities":{"media":[{"id":883559446177210400,"id_str":"883559446177210368","indices":[114,137],"media_url":"http://pbs.twimg.com/media/DEMIoo9VYAAthuu.jpg","media_url_https":"https://pbs.twimg.com/media/DEMIoo9VYAAthuu.jpg","url":"https://t.co/T8jKOBk8Y8","display_url":"pic.twitter.com/T8jKOBk8Y8","expanded_url":"https://twitter.com/g_tekketsu/status/883559458856550402/photo/1","type":"photo","sizes":{"small":{"w":680,"h":680,"resize":"fit"},"thumb":{"w":150,"h":150,"resize":"crop"},"medium":{"w":1200,"h":1200,"resize":"fit"},"large":{"w":2048,"h":2048,"resize":"fit"}}}]},"metadata":{"iso_language_code":"ja","result_type":"recent"},"source":"<a href=\"http://twitter.com/download/iphone\" rel=\"nofollow\">Twitter for iPhone</a>","in_reply_to_status_id":null,"in_reply_to_status_id_str":null,"in_reply_to_user_id":null,"in_reply_to_user_id_str":null,"in_reply_to_screen_name":null,"user":{"id":3187510706,"id_str":"3187510706","name":"機動戦士ガンダム 鉄血のオルフェンズ","screen_name":"g_tekketsu","location":"","description":"『機動戦士ガンダム 鉄血のオルフェンズ』公式ツイッター。ハッシュタグは「#g_tekketsu」を推奨しています。","url":"https://t.co/aO8B1gVH9N","entities":{"url":{"urls":[{"url":"https://t.co/aO8B1gVH9N","expanded_url":"http://www.g-tekketsu.com","display_url":"g-tekketsu.com","indices":[0,23]}]},"description":{"urls":[]}},"protected":false,"followers_count":143026,"friends_count":3,"listed_count":1827,"created_at":"Thu May 07 09:39:57 +0000 2015","favourites_count":1,"utc_offset":-25200,"time_zone":"Pacific Time (US & Canada)","geo_enabled":false,"verified":false,"statuses_count":1737,"lang":"ja","contributors_enabled":false,"is_translator":false,"is_translation_enabled":false,"profile_background_color":"000000","profile_background_image_url":"http://abs.twimg.com/images/themes/theme1/bg.png","profile_background_image_url_https":"https://abs.twimg.com/images/themes/theme1/bg.png","profile_background_tile":false,"profile_image_url":"http://pbs.twimg.com/profile_images/621158089761275904/hP9tEMuo_normal.png","profile_image_url_https":"https://pbs.twimg.com/profile_images/621158089761275904/hP9tEMuo_normal.png","profile_banner_url":"https://pbs.twimg.com/profile_banners/3187510706/1475547017","profile_link_color":"ABB8C2","profile_sidebar_border_color":"000000","profile_sidebar_fill_color":"000000","profile_text_color":"000000","profile_use_background_image":false,"has_extended_profile":false,"default_profile":false,"default_profile_image":false,"following":false,"follow_request_sent":false,"notifications":false,"translator_type":"none"},"geo":null,"coordinates":null,"place":null,"contributors":null,"is_quote_status":false,"retweet_count":157,"favorite_count":198,"favorited":false,"retweeted":false,"possibly_sensitive":false,"lang":"ja"},{"created_at":"Sat Jul 08 05:32:22 +0000 2017","id":883559363146793000,"id_str":"883559363146792960","text":"朝から並んだニンテンドーSwitch抽選販売にハズれ、傷心のまま床屋に行ったはずの下僕がウキウキで帰ってきた。近所のデパートでたまたまゲリラ販売に遭遇…。 https://t.co/ubJ041be2s","truncated":false,"entities":{"hashtags":[],"symbols":[],"user_mentions":[],"urls":[],"media":[{"id":883558886002761700,"id_str":"883558886002761728","indices":[78,101],"media_url":"http://pbs.twimg.com/ext_tw_video_thumb/883558886002761728/pu/img/zIfmQF4t7M9_RZi7.jpg","media_url_https":"https://pbs.twimg.com/ext_tw_video_thumb/883558886002761728/pu/img/zIfmQF4t7M9_RZi7.jpg","url":"https://t.co/ubJ041be2s","display_url":"pic.twitter.com/ubJ041be2s","expanded_url":"https://twitter.com/tsuchiya_ast/status/883559363146792960/video/1","type":"photo","sizes":{"large":{"w":960,"h":540,"resize":"fit"},"small":{"w":340,"h":191,"resize":"fit"},"thumb":{"w":150,"h":150,"resize":"crop"},"medium":{"w":600,"h":338,"resize":"fit"}}}]},"extended_entities":{"media":[{"id":883558886002761700,"id_str":"883558886002761728","indices":[78,101],"media_url":"http://pbs.twimg.com/ext_tw_video_thumb/883558886002761728/pu/img/zIfmQF4t7M9_RZi7.jpg","media_url_https":"https://pbs.twimg.com/ext_tw_video_thumb/883558886002761728/pu/img/zIfmQF4t7M9_RZi7.jpg","url":"https://t.co/ubJ041be2s","display_url":"pic.twitter.com/ubJ041be2s","expanded_url":"https://twitter.com/tsuchiya_ast/status/883559363146792960/video/1","type":"video","sizes":{"large":{"w":960,"h":540,"resize":"fit"},"small":{"w":340,"h":191,"resize":"fit"},"thumb":{"w":150,"h":150,"resize":"crop"},"medium":{"w":600,"h":338,"resize":"fit"}},"video_info":{"aspect_ratio":[16,9],"duration_millis":35402,"variants":[{"bitrate":320000,"content_type":"video/mp4","url":"https://video.twimg.com/ext_tw_video/883558886002761728/pu/vid/320x180/3iezBIqLf2KKWSAQ.mp4"},{"bitrate":832000,"content_type":"video/mp4","url":"https://video.twimg.com/ext_tw_video/883558886002761728/pu/vid/640x360/IvZz7-yoRTUfrqa1.mp4"},{"content_type":"application/x-mpegURL","url":"https://video.twimg.com/ext_tw_video/883558886002761728/pu/pl/ukO-6BCikM7lG3N7.m3u8"}]},"additional_media_info":{"monetizable":false}}]},"metadata":{"iso_language_code":"ja","result_type":"recent"},"source":"<a href=\"http://twitter.com\" rel=\"nofollow\">Twitter Web Client</a>","in_reply_to_status_id":null,"in_reply_to_status_id_str":null,"in_reply_to_user_id":null,"in_reply_to_user_id_str":null,"in_reply_to_screen_name":null,"user":{"id":291003569,"id_str":"291003569","name":"土屋憲一","screen_name":"tsuchiya_ast","location":"","description":"ゲームサウンドを作るお仕事をしつつカメラが趣味だったりねこだいすきだったり。コンゴトモヨロシク…。","url":null,"entities":{"description":{"urls":[]}},"protected":false,"followers_count":4813,"friends_count":120,"listed_count":310,"created_at":"Sun May 01 09:46:52 +0000 2011","favourites_count":1396,"utc_offset":32400,"time_zone":"Tokyo","geo_enabled":false,"verified":false,"statuses_count":8922,"lang":"ja","contributors_enabled":false,"is_translator":false,"is_translation_enabled":false,"profile_background_color":"022330","profile_background_image_url":"http://pbs.twimg.com/profile_background_images/564333915/sc.png","profile_background_image_url_https":"https://pbs.twimg.com/profile_background_images/564333915/sc.png","profile_background_tile":true,"profile_image_url":"http://pbs.twimg.com/profile_images/3153702207/b070dad2ea3a99407fc3853ce05044b0_normal.png","profile_image_url_https":"https://pbs.twimg.com/profile_images/3153702207/b070dad2ea3a99407fc3853ce05044b0_normal.png","profile_banner_url":"https://pbs.twimg.com/profile_banners/291003569/1401723629","profile_link_color":"0084B4","profile_sidebar_border_color":"A8C7F7","profile_sidebar_fill_color":"C0DFEC","profile_text_color":"333333","profile_use_background_image":true,"has_extended_profile":false,"default_profile":false,"default_profile_image":false,"following":false,"follow_request_sent":false,"notifications":false,"translator_type":"none"},"geo":null,"coordinates":null,"place":null,"contributors":null,"is_quote_status":false,"retweet_count":48,"favorite_count":51,"favorited":false,"retweeted":false,"possibly_sensitive":false,"lang":"ja"}],"search_metadata":{"completed_in":0.05,"max_id":883561137647648800,"max_id_str":"883561137647648768","next_results":"?max_id=883559363146792959&q=lang%3Aja%20min_retweets%3A50&include_entities=1","query":"lang%3Aja+min_retweets%3A50","refresh_url":"?since_id=883561137647648768&q=lang%3Aja%20min_retweets%3A50&include_entities=1","count":15,"since_id":0,"since_id_str":"0"}}