{"statuses":[{"created_at":"Mon Jul 10 01:19:26 +0000 2017","id":884220485063524400,"id_str":"884220485063524352","text":"これは新しいスペシャルウェポン、「イカスフィア」。\nある程度のダメージを防ぐことができる球体に包まれ、縦横無尽に戦場を駆け回ることができる。\nZRボタンを長押しすると中にインクがたまり、いっぱいになるとその場で爆発を起こすことがで… https://t.co/5rz9VTMRPG","truncated":true,"entities":{"hashtags":[],"symbols":[],"user_mentions":[],"urls":[{"url":"https://t.co/5rz9VTMRPG","expanded_url":"https://twitter.com/i/web/status/884220485063524352","display_url":"twitter.com/i/web/status/8…","indices":[117,140]}]},"metadata":{"iso_language_code":"ja","result_type":"recent"},"source":"<a href=\"http://twitter.com\" rel=\"nofollow\">Twitter Web Client</a>","in_reply_to_status_id":null,"in_reply_to_status_id_str":null,"in_reply_to_user_id":null,"in_reply_to_user_id_str":null,"in_reply_to_screen_name":null,"user":{"id":2888006497,"id_str":"2888006497","name":"Splatoon（スプラトゥーン）","screen_name":"SplatoonJP","location":"","description":"『スプラトゥーン』公式総合アカウント。イカ研究所の調査報告（ゲーム情報）やお知らせをお伝えします。最新作の『スプラトゥーン2』は2017年7月21日（金）発売予定。ご質問・お問い合わせにはお答えしておりませんのでご容赦ください。 ※イカ研究所は実在の人物、団体とは一切関係ございません。","url":"https://t.co/yCMNfZlVpz","entities":{"url":{"urls":[{"url":"https://t.co/yCMNfZlVpz","expanded_url":"https://www.nintendo.co.jp/switch/aab6a/index.html","display_url":"nintendo.co.jp/switch/aab6a/i…","indices":[0,23]}]},"description":{"urls":[]}},"protected":false,"followers_count":637582,"friends_count":1,"listed_count":6365,"created_at":"Mon Nov 03 01:36:06 +0000 2014","favourites_count":0,"utc_offset":32400,"time_zone":"Tokyo","geo_enabled":false,"verified":true,"statuses_count":1435,"lang":"ja","contributors_enabled":false,"is_translator":false,"is_translation_enabled":false,"profile_background_color":"000000","profile_background_image_url":"http://pbs.twimg.com/profile_background_images/530105343452274688/WJl6dNx5.jpeg","profile_background_image_url_https":"https://pbs.twimg.com/profile_background_images/530105343452274688/WJl6dNx5.jpeg","profile_background_tile":false,"profile_image_url":"http://pbs.twimg.com/profile_images/819765217957552132/1WftJJM1_normal.jpg","profile_image_url_https":"https://pbs.twimg.com/profile_images/819765217957552132/1WftJJM1_normal.jpg","profile_banner_url":"https://pbs.twimg.com/profile_banners/2888006497/1484282224","profile_link_color":"000000","profile_sidebar_border_color":"000000","profile_sidebar_fill_color":"E3E2DE","profile_text_color":"634047","profile_use_background_image":true,"has_extended_profile":false,"default_profile":false,"default_profile_image":false,"following":false,"follow_request_sent":false,"notifications":false,"translator_type":"none"},"geo":null,"coordinates":null,"place":null,"contributors":null,"is_quote_status":false,"retweet_count":645,"favorite_count":705,"favorited":false,"retweeted":false,"possibly_sensitive":false,"lang":"ja"},{"created_at":"Mon Jul 10 01:17:26 +0000 2017","id":884219981847646200,"id_str":"884219981847646210","text":"また絶対にやりたいな。\nまた、沢山の星にいきたいな。 https://t.co/UgakPTiPYe","truncated":false,"entities":{"hashtags":[],"symbols":[],"user_mentions":[],"urls":[],"media":[{"id":884219749181251600,"id_str":"884219749181251584","indices":[27,50],"media_url":"http://pbs.twimg.com/media/DEVhLVVVYAAN9aM.jpg","media_url_https":"https://pbs.twimg.com/media/DEVhLVVVYAAN9aM.jpg","url":"https://t.co/UgakPTiPYe","display_url":"pic.twitter.com/UgakPTiPYe","expanded_url":"https://twitter.com/shouta0811aoi/status/884219981847646210/photo/1","type":"photo","sizes":{"large":{"w":1478,"h":1108,"resize":"fit"},"small":{"w":680,"h":510,"resize":"fit"},"thumb":{"w":150,"h":150,"resize":"crop"},"medium":{"w":1200,"h":900,"resize":"fit"}}}]},"extended_entities":{"media":[{"id":884219749181251600,"id_str":"884219749181251584","indices":[27,50],"media_url":"http://pbs.twimg.com/media/DEVhLVVVYAAN9aM.jpg","media_url_https":"https://pbs.twimg.com/media/DEVhLVVVYAAN9aM.jpg","url":"https://t.co/UgakPTiPYe","display_url":"pic.twitter.com/UgakPTiPYe","expanded_url":"https://twitter.com/shouta0811aoi/status/884219981847646210/photo/1","type":"photo","sizes":{"large":{"w":1478,"h":1108,"resize":"fit"},"small":{"w":680,"h":510,"resize":"fit"},"thumb":{"w":150,"h":150,"resize":"crop"},"medium":{"w":1200,"h":900,"resize":"fit"}}},{"id":884219789450723300,"id_str":"884219789450723328","indices":[27,50],"media_url":"http://pbs.twimg.com/media/DEVhNrWUwAAc92r.jpg","media_url_https":"https://pbs.twimg.com/media/DEVhNrWUwAAc92r.jpg","url":"https://t.co/UgakPTiPYe","display_url":"pic.twitter.com/UgakPTiPYe","expanded_url":"https://twitter.com/shouta0811aoi/status/884219981847646210/photo/1","type":"photo","sizes":{"thumb":{"w":150,"h":150,"resize":"crop"},"large":{"w":1044,"h":1652,"resize":"fit"},"medium":{"w":758,"h":1200,"resize":"fit"},"small":{"w":430,"h":680,"resize":"fit"}}}]},"metadata":{"iso_language_code":"ja","result_type":"recent"},"source":"<a href=\"http://twitter.com\" rel=\"nofollow\">Twitter Web Client</a>","in_reply_to_status_id":null,"in_reply_to_status_id_str":null,"in_reply_to_user_id":null,"in_reply_to_user_id_str":null,"in_reply_to_screen_name":null,"user":{"id":167733138,"id_str":"167733138","name":"蒼井翔太","screen_name":"shouta0811aoi","location":"","description":"1月25日Newシングル『flower』発売！ 株式会社S所属の声優、歌手として頑張っています！ 公式HP→https://t.co/F3uqQKntXe","url":null,"entities":{"description":{"urls":[{"url":"https://t.co/F3uqQKntXe","expanded_url":"http://www.shouta-aoi.jp/","display_url":"shouta-aoi.jp","indices":[54,77]}]}},"protected":false,"followers_count":665500,"friends_count":388,"listed_count":8459,"created_at":"Sat Jul 17 10:28:19 +0000 2010","favourites_count":23,"utc_offset":32400,"time_zone":"Tokyo","geo_enabled":false,"verified":false,"statuses_count":10823,"lang":"ja","contributors_enabled":false,"is_translator":false,"is_translation_enabled":false,"profile_background_color":"131516","profile_background_image_url":"http://abs.twimg.com/images/themes/theme14/bg.gif","profile_background_image_url_https":"https://abs.twimg.com/images/themes/theme14/bg.gif","profile_background_tile":true,"profile_image_url":"http://pbs.twimg.com/profile_images/856699948921790464/K10TJf15_normal.jpg","profile_image_url_https":"https://pbs.twimg.com/profile_images/856699948921790464/K10TJf15_normal.jpg","profile_banner_url":"https://pbs.twimg.com/profile_banners/167733138/1463447928","profile_link_color":"009999","profile_sidebar_border_color":"EEEEEE","profile_sidebar_fill_color":"EFEFEF","profile_text_color":"333333","profile_use_background_image":true,"has_extended_profile":false,"default_profile":false,"default_profile_image":false,"following":false,"follow_request_sent":false,"notifications":false,"translator_type":"none"},"geo":null,"coordinates":null,"place":null,"contributors":null,"is_quote_status":false,"retweet_count":495,"favorite_count":1093,"favorited":false,"retweeted":false,"possibly_sensitive":false,"lang":"ja"},{"created_at":"Mon Jul 10 01:16:44 +0000 2017","id":884219806584422400,"id_str":"884219806584422400","text":"【レインボーシックス シージ】7月10日(月)17:00から4時間程度、PS4、Xbox One、PCにてメンテナンスを行います。この間ゲームプレイができませんのでご了承ください。※メンテナンス時間は予告なく変更になる場合があります","truncated":false,"entities":{"hashtags":[],"symbols":[],"user_mentions":[],"urls":[]},"metadata":{"iso_language_code":"ja","result_type":"recent"},"source":"<a href=\"http://twitter.com\" rel=\"nofollow\">Twitter Web Client</a>","in_reply_to_status_id":null,"in_reply_to_status_id_str":null,"in_reply_to_user_id":null,"in_reply_to_user_id_str":null,"in_reply_to_screen_name":null,"user":{"id":756805112,"id_str":"756805112","name":"UBIJTECH","screen_name":"UBIJTECH","location":"日本","description":"ユービーアイソフト製品のサーバーメンテナンスやオンラインによるゲーム更新情報を発信するアカウントです。 製品に関するお問い合わせはユービーアイソフトカスタマーサポートへご連絡下さい。","url":"https://t.co/2DTq6CXIAI","entities":{"url":{"urls":[{"url":"https://t.co/2DTq6CXIAI","expanded_url":"http://www.ubisoft.co.jp/","display_url":"ubisoft.co.jp","indices":[0,23]}]},"description":{"urls":[]}},"protected":false,"followers_count":44107,"friends_count":0,"listed_count":291,"created_at":"Tue Aug 14 09:06:14 +0000 2012","favourites_count":0,"utc_offset":null,"time_zone":null,"geo_enabled":false,"verified":false,"statuses_count":514,"lang":"ja","contributors_enabled":false,"is_translator":false,"is_translation_enabled":false,"profile_background_color":"C0DEED","profile_background_image_url":"http://abs.twimg.com/images/themes/theme1/bg.png","profile_background_image_url_https":"https://abs.twimg.com/images/themes/theme1/bg.png","profile_background_tile":false,"profile_image_url":"http://pbs.twimg.com/profile_images/869967123556249600/VbZ6l9nx_normal.jpg","profile_image_url_https":"https://pbs.twimg.com/profile_images/869967123556249600/VbZ6l9nx_normal.jpg","profile_link_color":"1DA1F2","profile_sidebar_border_color":"C0DEED","profile_sidebar_fill_color":"DDEEF6","profile_text_color":"333333","profile_use_background_image":true,"has_extended_profile":false,"default_profile":true,"default_profile_image":false,"following":false,"follow_request_sent":false,"notifications":false,"translator_type":"none"},"geo":null,"coordinates":null,"place":null,"contributors":null,"is_quote_status":false,"retweet_count":74,"favorite_count":27,"favorited":false,"retweeted":false,"lang":"ja"},{"created_at":"Mon Jul 10 01:16:30 +0000 2017","id":884219748019388400,"id_str":"884219748019388416","text":"「ソウ」シリーズ最新作「Jigsaw」よりファーストポスターが解禁。連続殺人鬼ジグソウによる恐怖のゲームが再び幕を開ける。前作「ソウ・ザ・ファイナル」から7年、仕切り直しとなる重要な作品を任されたのは秀作「デイブレイカー」のスピエ… https://t.co/1iYSsmL7uj","truncated":true,"entities":{"hashtags":[],"symbols":[],"user_mentions":[],"urls":[{"url":"https://t.co/1iYSsmL7uj","expanded_url":"https://twitter.com/i/web/status/884219748019388416","display_url":"twitter.com/i/web/status/8…","indices":[117,140]}]},"metadata":{"iso_language_code":"ja","result_type":"recent"},"source":"<a href=\"http://twitter.com/download/iphone\" rel=\"nofollow\">Twitter for iPhone</a>","in_reply_to_status_id":null,"in_reply_to_status_id_str":null,"in_reply_to_user_id":null,"in_reply_to_user_id_str":null,"in_reply_to_screen_name":null,"user":{"id":95379163,"id_str":"95379163","name":"映画情報 オスカーノユクエ","screen_name":"oscarnoyukue","location":"","description":"総合映画情報を発信するサイト「オスカーノユクエ」管理人のTwitter。映画情報ツイートの主なソースは、Deadline, IMDb, The Playlist, Variety, Hollywood Reporter, JoBloなど。","url":"https://t.co/9cyGcIOZV6","entities":{"url":{"urls":[{"url":"https://t.co/9cyGcIOZV6","expanded_url":"http://oscar-no-yukue.com","display_url":"oscar-no-yukue.com","indices":[0,23]}]},"description":{"urls":[]}},"protected":false,"followers_count":104608,"friends_count":78,"listed_count":2544,"created_at":"Tue Dec 08 08:16:38 +0000 2009","favourites_count":3,"utc_offset":32400,"time_zone":"Tokyo","geo_enabled":false,"verified":false,"statuses_count":15322,"lang":"ja","contributors_enabled":false,"is_translator":false,"is_translation_enabled":false,"profile_background_color":"C0DEED","profile_background_image_url":"http://abs.twimg.com/images/themes/theme1/bg.png","profile_background_image_url_https":"https://abs.twimg.com/images/themes/theme1/bg.png","profile_background_tile":false,"profile_image_url":"http://pbs.twimg.com/profile_images/564516374/twitter_icon_normal.jpg","profile_image_url_https":"https://pbs.twimg.com/profile_images/564516374/twitter_icon_normal.jpg","profile_banner_url":"https://pbs.twimg.com/profile_banners/95379163/1424318969","profile_link_color":"1DA1F2","profile_sidebar_border_color":"C0DEED","profile_sidebar_fill_color":"DDEEF6","profile_text_color":"333333","profile_use_background_image":true,"has_extended_profile":false,"default_profile":true,"default_profile_image":false,"following":false,"follow_request_sent":false,"notifications":false,"translator_type":"none"},"geo":null,"coordinates":null,"place":null,"contributors":null,"is_quote_status":false,"retweet_count":82,"favorite_count":63,"favorited":false,"retweeted":false,"possibly_sensitive":false,"lang":"ja"},{"created_at":"Mon Jul 10 01:16:21 +0000 2017","id":884219709670817800,"id_str":"884219709670817792","text":"まさやんハピバー😈🎉\nいつも背中支えてくれてるから、この日はまさやんの背中守りました。photo by viola\n#照明の三ちゃんもハピバ\n#眼力 https://t.co/k5XFWfwcFR","truncated":false,"entities":{"hashtags":[{"text":"照明の三ちゃんもハピバ","indices":[58,70]},{"text":"眼力","indices":[71,74]}],"symbols":[],"user_mentions":[],"urls":[],"media":[{"id":884219699843563500,"id_str":"884219699843563520","indices":[75,98],"media_url":"http://pbs.twimg.com/media/DEVhIdiUAAA5ZHP.jpg","media_url_https":"https://pbs.twimg.com/media/DEVhIdiUAAA5ZHP.jpg","url":"https://t.co/k5XFWfwcFR","display_url":"pic.twitter.com/k5XFWfwcFR","expanded_url":"https://twitter.com/OralJOE/status/884219709670817792/photo/1","type":"photo","sizes":{"medium":{"w":1200,"h":800,"resize":"fit"},"large":{"w":1600,"h":1067,"resize":"fit"},"thumb":{"w":150,"h":150,"resize":"crop"},"small":{"w":680,"h":453,"resize":"fit"}}}]},"extended_entities":{"media":[{"id":884219699843563500,"id_str":"884219699843563520","indices":[75,98],"media_url":"http://pbs.twimg.com/media/DEVhIdiUAAA5ZHP.jpg","media_url_https":"https://pbs.twimg.com/media/DEVhIdiUAAA5ZHP.jpg","url":"https://t.co/k5XFWfwcFR","display_url":"pic.twitter.com/k5XFWfwcFR","expanded_url":"https://twitter.com/OralJOE/status/884219709670817792/photo/1","type":"photo","sizes":{"medium":{"w":1200,"h":800,"resize":"fit"},"large":{"w":1600,"h":1067,"resize":"fit"},"thumb":{"w":150,"h":150,"resize":"crop"},"small":{"w":680,"h":453,"resize":"fit"}}}]},"metadata":{"iso_language_code":"ja","result_type":"recent"},"source":"<a href=\"http://twitter.com/download/iphone\" rel=\"nofollow\">Twitter for iPhone</a>","in_reply_to_status_id":null,"in_reply_to_status_id_str":null,"in_reply_to_user_id":null,"in_reply_to_user_id_str":null,"in_reply_to_screen_name":null,"user":{"id":1727606522,"id_str":"1727606522","name":"Yamanaka Takuya","screen_name":"OralJOE","location":"","description":"THE ORAL CIGARETTES vo and Black Romantist tumblr→https://t.co/oVGl4HOh6S Instagram→https://t.co/KZQgB7jlb0","url":"https://t.co/0unWGHis26","entities":{"url":{"urls":[{"url":"https://t.co/0unWGHis26","expanded_url":"http://theoralcigarettes.com/","display_url":"theoralcigarettes.com","indices":[0,23]}]},"description":{"urls":[{"url":"https://t.co/oVGl4HOh6S","expanded_url":"http://oraljoe.tumblr.com/post/100666096196/tumbler","display_url":"oraljoe.tumblr.com/post/100666096…","indices":[50,73]},{"url":"https://t.co/KZQgB7jlb0","expanded_url":"https://www.instagram.com/oraltakuya/","display_url":"instagram.com/oraltakuya/","indices":[84,107]}]}},"protected":false,"followers_count":152270,"friends_count":525,"listed_count":1900,"created_at":"Wed Sep 04 04:45:17 +0000 2013","favourites_count":2174,"utc_offset":null,"time_zone":null,"geo_enabled":true,"verified":true,"statuses_count":9244,"lang":"ja","contributors_enabled":false,"is_translator":false,"is_translation_enabled":false,"profile_background_color":"C0DEED","profile_background_image_url":"http://abs.twimg.com/images/themes/theme1/bg.png","profile_background_image_url_https":"https://abs.twimg.com/images/themes/theme1/bg.png","profile_background_tile":false,"profile_image_url":"http://pbs.twimg.com/profile_images/882415199310848000/WlIIm351_normal.jpg","profile_image_url_https":"https://pbs.twimg.com/profile_images/882415199310848000/WlIIm351_normal.jpg","profile_banner_url":"https://pbs.twimg.com/profile_banners/1727606522/1475714979","profile_link_color":"1DA1F2","profile_sidebar_border_color":"C0DEED","profile_sidebar_fill_color":"DDEEF6","profile_text_color":"333333","profile_use_background_image":true,"has_extended_profile":false,"default_profile":true,"default_profile_image":false,"following":false,"follow_request_sent":false,"notifications":false,"translator_type":"none"},"geo":null,"coordinates":null,"place":null,"contributors":null,"is_quote_status":false,"retweet_count":171,"favorite_count":768,"favorited":false,"retweeted":false,"possibly_sensitive":false,"lang":"ja"},{"created_at":"Mon Jul 10 01:16:09 +0000 2017","id":884219661595824100,"id_str":"884219661595824128","text":"面白いのん見つけた！どーしょー マサル工務店にいつ言おう！ 最終収録の朝にウロウロしとくもんやで！！  #よゐクラ","truncated":false,"entities":{"hashtags":[{"text":"よゐクラ","indices":[52,57]}],"symbols":[],"user_mentions":[],"urls":[]},"metadata":{"iso_language_code":"ja","result_type":"recent"},"source":"<a href=\"http://twitter.com/download/iphone\" rel=\"nofollow\">Twitter for iPhone</a>","in_reply_to_status_id":null,"in_reply_to_status_id_str":null,"in_reply_to_user_id":null,"in_reply_to_user_id_str":null,"in_reply_to_screen_name":null,"user":{"id":862131238554841100,"id_str":"862131238554841090","name":"よゐこのマイクラでサバイバル生活","screen_name":"yoiko_minecraft","location":"","description":"WEB番組「よゐこのマイクラでサバイバル生活」公式アカウントです。 よゐこの2人からのマイクラについての質問のほか、番組の更新情報などをお知らせします。 頂いたコメントに全てお返事することはできませんのであらかじめご了承ください。 第1回目の動画はこちら→https://t.co/rFLZB2LIXp","url":null,"entities":{"description":{"urls":[{"url":"https://t.co/rFLZB2LIXp","expanded_url":"https://youtu.be/Rs2ORs1lNqY","display_url":"youtu.be/Rs2ORs1lNqY","indices":[128,151]}]}},"protected":false,"followers_count":129776,"friends_count":4,"listed_count":647,"created_at":"Wed May 10 02:24:39 +0000 2017","favourites_count":19,"utc_offset":null,"time_zone":null,"geo_enabled":false,"verified":false,"statuses_count":205,"lang":"ja","contributors_enabled":false,"is_translator":false,"is_translation_enabled":false,"profile_background_color":"000000","profile_background_image_url":"http://abs.twimg.com/images/themes/theme1/bg.png","profile_background_image_url_https":"https://abs.twimg.com/images/themes/theme1/bg.png","profile_background_tile":false,"profile_image_url":"http://pbs.twimg.com/profile_images/862834483317178368/9FeLgTrC_normal.jpg","profile_image_url_https":"https://pbs.twimg.com/profile_images/862834483317178368/9FeLgTrC_normal.jpg","profile_banner_url":"https://pbs.twimg.com/profile_banners/862131238554841090/1496201493","profile_link_color":"19CF86","profile_sidebar_border_color":"000000","profile_sidebar_fill_color":"000000","profile_text_color":"000000","profile_use_background_image":false,"has_extended_profile":false,"default_profile":false,"default_profile_image":false,"following":false,"follow_request_sent":false,"notifications":false,"translator_type":"none"},"geo":null,"coordinates":null,"place":null,"contributors":null,"is_quote_status":false,"retweet_count":51,"favorite_count":210,"favorited":false,"retweeted":false,"lang":"ja"},{"created_at":"Mon Jul 10 01:15:32 +0000 2017","id":884219505378967600,"id_str":"884219505378967552","text":"次回の「艦これ」稼働全サーバ群共通メンテナンス＆アップデートは、今週金曜日【7/14(金)】に実施予定です。提督の皆さん、ご留意頂けますと幸いです。暑い日が続きます。体調管理に留意しつつ、本日も頑張っていきましょう！\n#艦これ","truncated":false,"entities":{"hashtags":[{"text":"艦これ","indices":[109,113]}],"symbols":[],"user_mentions":[],"urls":[]},"metadata":{"iso_language_code":"ja","result_type":"recent"},"source":"<a href=\"http://twitter.com\" rel=\"nofollow\">Twitter Web Client</a>","in_reply_to_status_id":null,"in_reply_to_status_id_str":null,"in_reply_to_user_id":null,"in_reply_to_user_id_str":null,"in_reply_to_screen_name":null,"user":{"id":294025417,"id_str":"294025417","name":"「艦これ」開発/運営","screen_name":"KanColle_STAFF","location":"東京都港区","description":"「艦隊これくしょん -艦これ-」開発/運営公式ツイッターです。メンテナンス情報やアップデート/イベント展開情報等を、できるだけ早く提督の皆さんにお伝えするよう努めます。「艦これ」は今春四周年を迎え、そして五年目の夏に突入しようとしています！応援頂いている提督の皆さん、本当にありがとうございます。","url":null,"entities":{"description":{"urls":[]}},"protected":false,"followers_count":1380258,"friends_count":27,"listed_count":21605,"created_at":"Fri May 06 11:59:23 +0000 2011","favourites_count":0,"utc_offset":28800,"time_zone":"Irkutsk","geo_enabled":false,"verified":false,"statuses_count":11603,"lang":"ja","contributors_enabled":false,"is_translator":false,"is_translation_enabled":false,"profile_background_color":"C0DEED","profile_background_image_url":"http://pbs.twimg.com/profile_background_images/378800000032757150/d7b9f7b5ef2f01620e4f0bf5f88018f7.jpeg","profile_background_image_url_https":"https://pbs.twimg.com/profile_background_images/378800000032757150/d7b9f7b5ef2f01620e4f0bf5f88018f7.jpeg","profile_background_tile":false,"profile_image_url":"http://pbs.twimg.com/profile_images/883800436506898432/be9rGFqe_normal.jpg","profile_image_url_https":"https://pbs.twimg.com/profile_images/883800436506898432/be9rGFqe_normal.jpg","profile_link_color":"0084B4","profile_sidebar_border_color":"FFFFFF","profile_sidebar_fill_color":"DDEEF6","profile_text_color":"333333","profile_use_background_image":true,"has_extended_profile":false,"default_profile":false,"default_profile_image":false,"following":false,"follow_request_sent":false,"notifications":false,"translator_type":"none"},"geo":null,"coordinates":null,"place":null,"contributors":null,"is_quote_status":false,"retweet_count":186,"favorite_count":153,"favorited":false,"retweeted":false,"lang":"ja"},{"created_at":"Mon Jul 10 01:15:01 +0000 2017","id":884219376215269400,"id_str":"884219376215269377","text":"「今日はもうね、これ飲んじゃいます！」 https://t.co/3iwywnwozz","truncated":false,"entities":{"hashtags":[],"symbols":[],"user_mentions":[],"urls":[],"media":[{"id":884219374671863800,"id_str":"884219374671863808","indices":[20,43],"media_url":"http://pbs.twimg.com/media/DEVg1iLVoAA9E4c.jpg","media_url_https":"https://pbs.twimg.com/media/DEVg1iLVoAA9E4c.jpg","url":"https://t.co/3iwywnwozz","display_url":"pic.twitter.com/3iwywnwozz","expanded_url":"https://twitter.com/bokete_pop/status/884219376215269377/photo/1","type":"photo","sizes":{"medium":{"w":400,"h":300,"resize":"fit"},"thumb":{"w":150,"h":150,"resize":"crop"},"small":{"w":400,"h":300,"resize":"fit"},"large":{"w":400,"h":300,"resize":"fit"}}}]},"extended_entities":{"media":[{"id":884219374671863800,"id_str":"884219374671863808","indices":[20,43],"media_url":"http://pbs.twimg.com/media/DEVg1iLVoAA9E4c.jpg","media_url_https":"https://pbs.twimg.com/media/DEVg1iLVoAA9E4c.jpg","url":"https://t.co/3iwywnwozz","display_url":"pic.twitter.com/3iwywnwozz","expanded_url":"https://twitter.com/bokete_pop/status/884219376215269377/photo/1","type":"photo","sizes":{"medium":{"w":400,"h":300,"resize":"fit"},"thumb":{"w":150,"h":150,"resize":"crop"},"small":{"w":400,"h":300,"resize":"fit"},"large":{"w":400,"h":300,"resize":"fit"}}}]},"metadata":{"iso_language_code":"ja","result_type":"recent"},"source":"<a href=\"http://bokete.jp\" rel=\"nofollow\">ボケてApp</a>","in_reply_to_status_id":null,"in_reply_to_status_id_str":null,"in_reply_to_user_id":null,"in_reply_to_user_id_str":null,"in_reply_to_screen_name":null,"user":{"id":785072058006851600,"id_str":"785072058006851584","name":"ボケて（人気）","screen_name":"bokete_pop","location":"","description":"非公式ボケてbotです。人気のボケを投稿しているよ。","url":"https://t.co/drEdgqBwb1","entities":{"url":{"urls":[{"url":"https://t.co/drEdgqBwb1","expanded_url":"http://bokete.jp","display_url":"bokete.jp","indices":[0,23]}]},"description":{"urls":[]}},"protected":false,"followers_count":144084,"friends_count":1,"listed_count":435,"created_at":"Sun Oct 09 10:58:59 +0000 2016","favourites_count":3,"utc_offset":32400,"time_zone":"Tokyo","geo_enabled":false,"verified":false,"statuses_count":37486,"lang":"ja","contributors_enabled":false,"is_translator":false,"is_translation_enabled":false,"profile_background_color":"F5F8FA","profile_background_image_url":null,"profile_background_image_url_https":null,"profile_background_tile":false,"profile_image_url":"http://pbs.twimg.com/profile_images/785073612495605760/hoEMzozH_normal.jpg","profile_image_url_https":"https://pbs.twimg.com/profile_images/785073612495605760/hoEMzozH_normal.jpg","profile_link_color":"1DA1F2","profile_sidebar_border_color":"C0DEED","profile_sidebar_fill_color":"DDEEF6","profile_text_color":"333333","profile_use_background_image":true,"has_extended_profile":false,"default_profile":true,"default_profile_image":false,"following":false,"follow_request_sent":false,"notifications":false,"translator_type":"none"},"geo":null,"coordinates":null,"place":null,"contributors":null,"is_quote_status":false,"retweet_count":72,"favorite_count":144,"favorited":false,"retweeted":false,"possibly_sensitive":true,"lang":"ja"},{"created_at":"Mon Jul 10 01:15:00 +0000 2017","id":884219371882659800,"id_str":"884219371882659841","text":"見るのも見せるのもどっちも好き♡♡\nLINEくれたら写メ送るよ♥\n\n#裏垢女子\n#見せ合い募集なう\nhttps://t.co/KaxwjcVxcD","truncated":false,"entities":{"hashtags":[{"text":"裏垢女子","indices":[34,39]},{"text":"見せ合い募集なう","indices":[40,49]}],"symbols":[],"user_mentions":[],"urls":[],"media":[{"id":863353878326132700,"id_str":"863353878326132738","indices":[50,73],"media_url":"http://pbs.twimg.com/media/C_s_xzEVwAI3Vze.jpg","media_url_https":"https://pbs.twimg.com/media/C_s_xzEVwAI3Vze.jpg","url":"https://t.co/KaxwjcVxcD","display_url":"pic.twitter.com/KaxwjcVxcD","expanded_url":"https://twitter.com/dubamub/status/863353936417181697/photo/1","type":"photo","sizes":{"thumb":{"w":150,"h":150,"resize":"crop"},"large":{"w":580,"h":435,"resize":"fit"},"small":{"w":580,"h":435,"resize":"fit"},"medium":{"w":580,"h":435,"resize":"fit"}},"source_status_id":863353936417181700,"source_status_id_str":"863353936417181697","source_user_id":715112866525806600,"source_user_id_str":"715112866525806592"}]},"extended_entities":{"media":[{"id":863353878326132700,"id_str":"863353878326132738","indices":[50,73],"media_url":"http://pbs.twimg.com/media/C_s_xzEVwAI3Vze.jpg","media_url_https":"https://pbs.twimg.com/media/C_s_xzEVwAI3Vze.jpg","url":"https://t.co/KaxwjcVxcD","display_url":"pic.twitter.com/KaxwjcVxcD","expanded_url":"https://twitter.com/dubamub/status/863353936417181697/photo/1","type":"photo","sizes":{"thumb":{"w":150,"h":150,"resize":"crop"},"large":{"w":580,"h":435,"resize":"fit"},"small":{"w":580,"h":435,"resize":"fit"},"medium":{"w":580,"h":435,"resize":"fit"}},"source_status_id":863353936417181700,"source_status_id_str":"863353936417181697","source_user_id":715112866525806600,"source_user_id_str":"715112866525806592"},{"id":863353902162296800,"id_str":"863353902162296833","indices":[50,73],"media_url":"http://pbs.twimg.com/media/C_s_zL3UwAESefY.jpg","media_url_https":"https://pbs.twimg.com/media/C_s_zL3UwAESefY.jpg","url":"https://t.co/KaxwjcVxcD","display_url":"pic.twitter.com/KaxwjcVxcD","expanded_url":"https://twitter.com/dubamub/status/863353936417181697/photo/1","type":"photo","sizes":{"thumb":{"w":150,"h":150,"resize":"crop"},"large":{"w":580,"h":435,"resize":"fit"},"small":{"w":580,"h":435,"resize":"fit"},"medium":{"w":580,"h":435,"resize":"fit"}},"source_status_id":863353936417181700,"source_status_id_str":"863353936417181697","source_user_id":715112866525806600,"source_user_id_str":"715112866525806592"},{"id":863353911754629100,"id_str":"863353911754629120","indices":[50,73],"media_url":"http://pbs.twimg.com/media/C_s_zvmUIAASR8M.jpg","media_url_https":"https://pbs.twimg.com/media/C_s_zvmUIAASR8M.jpg","url":"https://t.co/KaxwjcVxcD","display_url":"pic.twitter.com/KaxwjcVxcD","expanded_url":"https://twitter.com/dubamub/status/863353936417181697/photo/1","type":"photo","sizes":{"small":{"w":360,"h":360,"resize":"fit"},"medium":{"w":360,"h":360,"resize":"fit"},"thumb":{"w":150,"h":150,"resize":"crop"},"large":{"w":360,"h":360,"resize":"fit"}},"source_status_id":863353936417181700,"source_status_id_str":"863353936417181697","source_user_id":715112866525806600,"source_user_id_str":"715112866525806592"}]},"metadata":{"iso_language_code":"ja","result_type":"recent"},"source":"<a href=\"https://twitter.com\" rel=\"nofollow\">ccc fggyyy</a>","in_reply_to_status_id":null,"in_reply_to_status_id_str":null,"in_reply_to_user_id":null,"in_reply_to_user_id_str":null,"in_reply_to_screen_name":null,"user":{"id":838286099621371900,"id_str":"838286099621371905","name":"みゆ✿見せあい募集垢","screen_name":"mm_i_yu","location":"","description":"いわゆる裏垢女子♡おぱーい晒して喜んでます笑♡ぇち動画欲しい人&見せあいしたい人LINEしてね〜💕ふぉろー貰えると喜びます ♥ ♥ ※DM基本見てません×","url":null,"entities":{"description":{"urls":[]}},"protected":false,"followers_count":543,"friends_count":245,"listed_count":0,"created_at":"Sun Mar 05 07:12:35 +0000 2017","favourites_count":0,"utc_offset":-25200,"time_zone":"Pacific Time (US & Canada)","geo_enabled":false,"verified":false,"statuses_count":8,"lang":"ja","contributors_enabled":false,"is_translator":false,"is_translation_enabled":false,"profile_background_color":"F5F8FA","profile_background_image_url":null,"profile_background_image_url_https":null,"profile_background_tile":false,"profile_image_url":"http://pbs.twimg.com/profile_images/870110818829873152/N8Ez-XUN_normal.jpg","profile_image_url_https":"https://pbs.twimg.com/profile_images/870110818829873152/N8Ez-XUN_normal.jpg","profile_banner_url":"https://pbs.twimg.com/profile_banners/838286099621371905/1496285569","profile_link_color":"1DA1F2","profile_sidebar_border_color":"C0DEED","profile_sidebar_fill_color":"DDEEF6","profile_text_color":"333333","profile_use_background_image":true,"has_extended_profile":false,"default_profile":true,"default_profile_image":false,"following":false,"follow_request_sent":false,"notifications":false,"translator_type":"none"},"geo":null,"coordinates":null,"place":null,"contributors":null,"is_quote_status":false,"retweet_count":53,"favorite_count":0,"favorited":false,"retweeted":false,"possibly_sensitive":false,"lang":"ja"},{"created_at":"Mon Jul 10 01:15:00 +0000 2017","id":884219371178016800,"id_str":"884219371178016768","text":"ステップトゥシャイン初回\n#TDR_now https://t.co/GnnNGFIoni","truncated":false,"entities":{"hashtags":[{"text":"TDR_now","indices":[13,21]}],"symbols":[],"user_mentions":[],"urls":[],"media":[{"id":884219330975506400,"id_str":"884219330975506432","indices":[22,45],"media_url":"http://pbs.twimg.com/media/DEVgy_ZUIAAoHE2.jpg","media_url_https":"https://pbs.twimg.com/media/DEVgy_ZUIAAoHE2.jpg","url":"https://t.co/GnnNGFIoni","display_url":"pic.twitter.com/GnnNGFIoni","expanded_url":"https://twitter.com/Kei_dezikame/status/884219371178016768/photo/1","type":"photo","sizes":{"thumb":{"w":150,"h":150,"resize":"crop"},"large":{"w":1616,"h":1080,"resize":"fit"},"medium":{"w":1200,"h":802,"resize":"fit"},"small":{"w":680,"h":454,"resize":"fit"}}}]},"extended_entities":{"media":[{"id":884219330975506400,"id_str":"884219330975506432","indices":[22,45],"media_url":"http://pbs.twimg.com/media/DEVgy_ZUIAAoHE2.jpg","media_url_https":"https://pbs.twimg.com/media/DEVgy_ZUIAAoHE2.jpg","url":"https://t.co/GnnNGFIoni","display_url":"pic.twitter.com/GnnNGFIoni","expanded_url":"https://twitter.com/Kei_dezikame/status/884219371178016768/photo/1","type":"photo","sizes":{"thumb":{"w":150,"h":150,"resize":"crop"},"large":{"w":1616,"h":1080,"resize":"fit"},"medium":{"w":1200,"h":802,"resize":"fit"},"small":{"w":680,"h":454,"resize":"fit"}}},{"id":884219330967228400,"id_str":"884219330967228416","indices":[22,45],"media_url":"http://pbs.twimg.com/media/DEVgy_XV0AAIjBl.jpg","media_url_https":"https://pbs.twimg.com/media/DEVgy_XV0AAIjBl.jpg","url":"https://t.co/GnnNGFIoni","display_url":"pic.twitter.com/GnnNGFIoni","expanded_url":"https://twitter.com/Kei_dezikame/status/884219371178016768/photo/1","type":"photo","sizes":{"large":{"w":1616,"h":1080,"resize":"fit"},"thumb":{"w":150,"h":150,"resize":"crop"},"medium":{"w":1200,"h":802,"resize":"fit"},"small":{"w":680,"h":454,"resize":"fit"}}},{"id":884219330996478000,"id_str":"884219330996477952","indices":[22,45],"media_url":"http://pbs.twimg.com/media/DEVgy_eUIAAYwwF.jpg","media_url_https":"https://pbs.twimg.com/media/DEVgy_eUIAAYwwF.jpg","url":"https://t.co/GnnNGFIoni","display_url":"pic.twitter.com/GnnNGFIoni","expanded_url":"https://twitter.com/Kei_dezikame/status/884219371178016768/photo/1","type":"photo","sizes":{"small":{"w":680,"h":454,"resize":"fit"},"large":{"w":1616,"h":1080,"resize":"fit"},"thumb":{"w":150,"h":150,"resize":"crop"},"medium":{"w":1200,"h":802,"resize":"fit"}}},{"id":884219330967199700,"id_str":"884219330967199744","indices":[22,45],"media_url":"http://pbs.twimg.com/media/DEVgy_XVYAACdcW.jpg","media_url_https":"https://pbs.twimg.com/media/DEVgy_XVYAACdcW.jpg","url":"https://t.co/GnnNGFIoni","display_url":"pic.twitter.com/GnnNGFIoni","expanded_url":"https://twitter.com/Kei_dezikame/status/884219371178016768/photo/1","type":"photo","sizes":{"thumb":{"w":150,"h":150,"resize":"crop"},"medium":{"w":1200,"h":802,"resize":"fit"},"small":{"w":680,"h":454,"resize":"fit"},"large":{"w":1616,"h":1080,"resize":"fit"}}}]},"metadata":{"iso_language_code":"ja","result_type":"recent"},"source":"<a href=\"http://twitter.com/download/iphone\" rel=\"nofollow\">Twitter for iPhone</a>","in_reply_to_status_id":null,"in_reply_to_status_id_str":null,"in_reply_to_user_id":null,"in_reply_to_user_id_str":null,"in_reply_to_screen_name":null,"user":{"id":4331556553,"id_str":"4331556553","name":"けぃ","screen_name":"Kei_dezikame","location":"フォートレス・エクスプロレーション","description":"「デジカメTDR」というブログにて、ためになることからためにならないことまで自由に書いています。フォローしていただけるとめちゃくそ喜びます！","url":"https://t.co/uHo1SHPYXK","entities":{"url":{"urls":[{"url":"https://t.co/uHo1SHPYXK","expanded_url":"http://blog.livedoor.jp/keidis/","display_url":"blog.livedoor.jp/keidis/","indices":[0,23]}]},"description":{"urls":[]}},"protected":false,"followers_count":44,"friends_count":45,"listed_count":0,"created_at":"Mon Nov 23 07:15:32 +0000 2015","favourites_count":1217,"utc_offset":null,"time_zone":null,"geo_enabled":false,"verified":false,"statuses_count":1391,"lang":"ja","contributors_enabled":false,"is_translator":false,"is_translation_enabled":false,"profile_background_color":"C0DEED","profile_background_image_url":"http://abs.twimg.com/images/themes/theme1/bg.png","profile_background_image_url_https":"https://abs.twimg.com/images/themes/theme1/bg.png","profile_background_tile":false,"profile_image_url":"http://pbs.twimg.com/profile_images/883696480510369792/vhCNnEVS_normal.jpg","profile_image_url_https":"https://pbs.twimg.com/profile_images/883696480510369792/vhCNnEVS_normal.jpg","profile_banner_url":"https://pbs.twimg.com/profile_banners/4331556553/1499524729","profile_link_color":"1DA1F2","profile_sidebar_border_color":"C0DEED","profile_sidebar_fill_color":"DDEEF6","profile_text_color":"333333","profile_use_background_image":true,"has_extended_profile":false,"default_profile":true,"default_profile_image":false,"following":false,"follow_request_sent":false,"notifications":false,"translator_type":"none"},"geo":null,"coordinates":null,"place":null,"contributors":null,"is_quote_status":false,"retweet_count":140,"favorite_count":87,"favorited":false,"retweeted":false,"possibly_sensitive":false,"lang":"ja"},{"created_at":"Mon Jul 10 01:14:52 +0000 2017","id":884219336881184800,"id_str":"884219336881184768","text":"委員長に質疑時間オーバーを注意されてるのに無視し質問を続ける民進党の福島伸享。\nこういう自分勝手な人が時間を無視するせいで維新の会などの有意義な質疑がNHKに放送されなくなるんですよね…腹立たしい！\n#kokkai #NHK https://t.co/MCrjmHMtBn","truncated":false,"entities":{"hashtags":[{"text":"kokkai","indices":[100,107]},{"text":"NHK","indices":[108,112]}],"symbols":[],"user_mentions":[],"urls":[],"media":[{"id":884218231052828700,"id_str":"884218231052828672","indices":[113,136],"media_url":"http://pbs.twimg.com/ext_tw_video_thumb/884218231052828672/pu/img/GXXvohiqH9V5uWg7.jpg","media_url_https":"https://pbs.twimg.com/ext_tw_video_thumb/884218231052828672/pu/img/GXXvohiqH9V5uWg7.jpg","url":"https://t.co/MCrjmHMtBn","display_url":"pic.twitter.com/MCrjmHMtBn","expanded_url":"https://twitter.com/take_off_dress/status/884219336881184768/video/1","type":"photo","sizes":{"small":{"w":340,"h":191,"resize":"fit"},"large":{"w":640,"h":360,"resize":"fit"},"thumb":{"w":150,"h":150,"resize":"crop"},"medium":{"w":600,"h":338,"resize":"fit"}}}]},"extended_entities":{"media":[{"id":884218231052828700,"id_str":"884218231052828672","indices":[113,136],"media_url":"http://pbs.twimg.com/ext_tw_video_thumb/884218231052828672/pu/img/GXXvohiqH9V5uWg7.jpg","media_url_https":"https://pbs.twimg.com/ext_tw_video_thumb/884218231052828672/pu/img/GXXvohiqH9V5uWg7.jpg","url":"https://t.co/MCrjmHMtBn","display_url":"pic.twitter.com/MCrjmHMtBn","expanded_url":"https://twitter.com/take_off_dress/status/884219336881184768/video/1","type":"video","sizes":{"small":{"w":340,"h":191,"resize":"fit"},"large":{"w":640,"h":360,"resize":"fit"},"thumb":{"w":150,"h":150,"resize":"crop"},"medium":{"w":600,"h":338,"resize":"fit"}},"video_info":{"aspect_ratio":[16,9],"duration_millis":20439,"variants":[{"content_type":"application/x-mpegURL","url":"https://video.twimg.com/ext_tw_video/884218231052828672/pu/pl/OyX5jusGHfU1N1KA.m3u8"},{"bitrate":832000,"content_type":"video/mp4","url":"https://video.twimg.com/ext_tw_video/884218231052828672/pu/vid/640x360/MWNIk87P8Izj-N35.mp4"},{"bitrate":320000,"content_type":"video/mp4","url":"https://video.twimg.com/ext_tw_video/884218231052828672/pu/vid/320x180/AD9ucbZIW-uwtvrJ.mp4"}]},"additional_media_info":{"monetizable":false}}]},"metadata":{"iso_language_code":"ja","result_type":"recent"},"source":"<a href=\"http://twitter.com\" rel=\"nofollow\">Twitter Web Client</a>","in_reply_to_status_id":null,"in_reply_to_status_id_str":null,"in_reply_to_user_id":null,"in_reply_to_user_id_str":null,"in_reply_to_screen_name":null,"user":{"id":3000480175,"id_str":"3000480175","name":"DAPPI","screen_name":"take_off_dress","location":"","description":"日本が好きです。\n偏向報道をするマスコミは大嫌いです。\n時間があれば国会中継を見てます。\n\n■テーマ別つぶやきまとめ\nhttps://t.co/4RM21cdpMd\n\n■ブログ\nhttps://t.co/0JI0ePLfYD","url":"https://t.co/0JI0ePLfYD","entities":{"url":{"urls":[{"url":"https://t.co/0JI0ePLfYD","expanded_url":"http://blog.livedoor.jp/dappiblog/","display_url":"blog.livedoor.jp/dappiblog/","indices":[0,23]}]},"description":{"urls":[{"url":"https://t.co/4RM21cdpMd","expanded_url":"https://togetter.com/id/take_off_dress","display_url":"togetter.com/id/take_off_dr…","indices":[59,82]},{"url":"https://t.co/0JI0ePLfYD","expanded_url":"http://blog.livedoor.jp/dappiblog/","display_url":"blog.livedoor.jp/dappiblog/","indices":[89,112]}]}},"protected":false,"followers_count":28458,"friends_count":3108,"listed_count":362,"created_at":"Thu Jan 29 03:57:52 +0000 2015","favourites_count":22,"utc_offset":32400,"time_zone":"Tokyo","geo_enabled":false,"verified":false,"statuses_count":4452,"lang":"ja","contributors_enabled":false,"is_translator":false,"is_translation_enabled":false,"profile_background_color":"C0DEED","profile_background_image_url":"http://abs.twimg.com/images/themes/theme1/bg.png","profile_background_image_url_https":"https://abs.twimg.com/images/themes/theme1/bg.png","profile_background_tile":false,"profile_image_url":"http://pbs.twimg.com/profile_images/644396728133644288/U1bAXUmp_normal.jpg","profile_image_url_https":"https://pbs.twimg.com/profile_images/644396728133644288/U1bAXUmp_normal.jpg","profile_link_color":"1DA1F2","profile_sidebar_border_color":"C0DEED","profile_sidebar_fill_color":"DDEEF6","profile_text_color":"333333","profile_use_background_image":true,"has_extended_profile":false,"default_profile":true,"default_profile_image":false,"following":false,"follow_request_sent":false,"notifications":false,"translator_type":"none"},"geo":null,"coordinates":null,"place":null,"contributors":null,"is_quote_status":false,"retweet_count":62,"favorite_count":59,"favorited":false,"retweeted":false,"possibly_sensitive":false,"lang":"ja"},{"created_at":"Mon Jul 10 01:14:41 +0000 2017","id":884219289800065000,"id_str":"884219289800065024","text":"本当にありがとうございました！\nちはのヘビ役もめちゃくちゃ愛おしいヘビで、演じている中でとても幸せでした！ https://t.co/ZIObtg2F4a","truncated":false,"entities":{"hashtags":[],"symbols":[],"user_mentions":[],"urls":[{"url":"https://t.co/ZIObtg2F4a","expanded_url":"https://twitter.com/sawasawa12/status/884034213673975808","display_url":"twitter.com/sawasawa12/sta…","indices":[54,77]}]},"metadata":{"iso_language_code":"ja","result_type":"recent"},"source":"<a href=\"http://twitter.com\" rel=\"nofollow\">Twitter Web Client</a>","in_reply_to_status_id":null,"in_reply_to_status_id_str":null,"in_reply_to_user_id":null,"in_reply_to_user_id_str":null,"in_reply_to_screen_name":null,"user":{"id":167733138,"id_str":"167733138","name":"蒼井翔太","screen_name":"shouta0811aoi","location":"","description":"1月25日Newシングル『flower』発売！ 株式会社S所属の声優、歌手として頑張っています！ 公式HP→https://t.co/F3uqQKntXe","url":null,"entities":{"description":{"urls":[{"url":"https://t.co/F3uqQKntXe","expanded_url":"http://www.shouta-aoi.jp/","display_url":"shouta-aoi.jp","indices":[54,77]}]}},"protected":false,"followers_count":665500,"friends_count":388,"listed_count":8459,"created_at":"Sat Jul 17 10:28:19 +0000 2010","favourites_count":23,"utc_offset":32400,"time_zone":"Tokyo","geo_enabled":false,"verified":false,"statuses_count":10823,"lang":"ja","contributors_enabled":false,"is_translator":false,"is_translation_enabled":false,"profile_background_color":"131516","profile_background_image_url":"http://abs.twimg.com/images/themes/theme14/bg.gif","profile_background_image_url_https":"https://abs.twimg.com/images/themes/theme14/bg.gif","profile_background_tile":true,"profile_image_url":"http://pbs.twimg.com/profile_images/856699948921790464/K10TJf15_normal.jpg","profile_image_url_https":"https://pbs.twimg.com/profile_images/856699948921790464/K10TJf15_normal.jpg","profile_banner_url":"https://pbs.twimg.com/profile_banners/167733138/1463447928","profile_link_color":"009999","profile_sidebar_border_color":"EEEEEE","profile_sidebar_fill_color":"EFEFEF","profile_text_color":"333333","profile_use_background_image":true,"has_extended_profile":false,"default_profile":false,"default_profile_image":false,"following":false,"follow_request_sent":false,"notifications":false,"translator_type":"none"},"geo":null,"coordinates":null,"place":null,"contributors":null,"is_quote_status":true,"quoted_status_id":884034213673975800,"quoted_status_id_str":"884034213673975808","quoted_status":{"created_at":"Sun Jul 09 12:59:15 +0000 2017","id":884034213673975800,"id_str":"884034213673975808","text":"朗読劇×オーケストラ\n『星の王子さま』2公演終了しました‼️見に来てくれた方々ありがとうございました😙‼️最高に楽しかったです🤗 https://t.co/tzNLTRivU9","truncated":false,"entities":{"hashtags":[],"symbols":[],"user_mentions":[],"urls":[],"media":[{"id":884034203129479200,"id_str":"884034203129479168","indices":[65,88],"media_url":"http://pbs.twimg.com/media/DES4bIbUAAAOg6u.jpg","media_url_https":"https://pbs.twimg.com/media/DES4bIbUAAAOg6u.jpg","url":"https://t.co/tzNLTRivU9","display_url":"pic.twitter.com/tzNLTRivU9","expanded_url":"https://twitter.com/sawasawa12/status/884034213673975808/photo/1","type":"photo","sizes":{"large":{"w":1478,"h":1108,"resize":"fit"},"small":{"w":680,"h":510,"resize":"fit"},"thumb":{"w":150,"h":150,"resize":"crop"},"medium":{"w":1200,"h":900,"resize":"fit"}}}]},"extended_entities":{"media":[{"id":884034203129479200,"id_str":"884034203129479168","indices":[65,88],"media_url":"http://pbs.twimg.com/media/DES4bIbUAAAOg6u.jpg","media_url_https":"https://pbs.twimg.com/media/DES4bIbUAAAOg6u.jpg","url":"https://t.co/tzNLTRivU9","display_url":"pic.twitter.com/tzNLTRivU9","expanded_url":"https://twitter.com/sawasawa12/status/884034213673975808/photo/1","type":"photo","sizes":{"large":{"w":1478,"h":1108,"resize":"fit"},"small":{"w":680,"h":510,"resize":"fit"},"thumb":{"w":150,"h":150,"resize":"crop"},"medium":{"w":1200,"h":900,"resize":"fit"}}}]},"metadata":{"iso_language_code":"ja","result_type":"recent"},"source":"<a href=\"http://twitter.com/download/iphone\" rel=\"nofollow\">Twitter for iPhone</a>","in_reply_to_status_id":null,"in_reply_to_status_id_str":null,"in_reply_to_user_id":null,"in_reply_to_user_id_str":null,"in_reply_to_screen_name":null,"user":{"id":213713773,"id_str":"213713773","name":"沢城千春","screen_name":"sawasawa12","location":"","description":"声の仕事をしております！好きな食べ物はラーメン！好きな楽器はギター、ピアノ！宜しくお願いいたします(^○^)！ ブログは↓のURLです！","url":"https://t.co/dg1yuslQhv","entities":{"url":{"urls":[{"url":"https://t.co/dg1yuslQhv","expanded_url":"http://lineblog.me/sawashirochiharu/","display_url":"lineblog.me/sawashirochiha…","indices":[0,23]}]},"description":{"urls":[]}},"protected":false,"followers_count":43585,"friends_count":236,"listed_count":1141,"created_at":"Tue Nov 09 16:22:37 +0000 2010","favourites_count":27,"utc_offset":32400,"time_zone":"Tokyo","geo_enabled":false,"verified":false,"statuses_count":9085,"lang":"ja","contributors_enabled":false,"is_translator":false,"is_translation_enabled":false,"profile_background_color":"C0DEED","profile_background_image_url":"http://abs.twimg.com/images/themes/theme1/bg.png","profile_background_image_url_https":"https://abs.twimg.com/images/themes/theme1/bg.png","profile_background_tile":false,"profile_image_url":"http://pbs.twimg.com/profile_images/872965838961168384/CzQlf7HC_normal.jpg","profile_image_url_https":"https://pbs.twimg.com/profile_images/872965838961168384/CzQlf7HC_normal.jpg","profile_link_color":"1DA1F2","profile_sidebar_border_color":"C0DEED","profile_sidebar_fill_color":"DDEEF6","profile_text_color":"333333","profile_use_background_image":true,"has_extended_profile":false,"default_profile":true,"default_profile_image":false,"following":false,"follow_request_sent":false,"notifications":false,"translator_type":"none"},"geo":null,"coordinates":null,"place":null,"contributors":null,"is_quote_status":false,"retweet_count":3574,"favorite_count":7128,"favorited":false,"retweeted":false,"possibly_sensitive":false,"lang":"ja"},"retweet_count":259,"favorite_count":800,"favorited":false,"retweeted":false,"possibly_sensitive":false,"lang":"ja"},{"created_at":"Mon Jul 10 01:14:35 +0000 2017","id":884219264567197700,"id_str":"884219264567197697","text":"【猛烈な暑さ 熱中症に警戒を】 「危険」となっている地点が多くなっています。帽子をかぶる、水分補給、 エアコンの使用といった予防策で十分に気を付けて下さい。地域・時間帯ごとの危険度や暑さ指数マップはこちらのサイトで確認できます… https://t.co/diUbeGevTc","truncated":true,"entities":{"hashtags":[],"symbols":[],"user_mentions":[],"urls":[{"url":"https://t.co/diUbeGevTc","expanded_url":"https://twitter.com/i/web/status/884219264567197697","display_url":"twitter.com/i/web/status/8…","indices":[115,138]}]},"metadata":{"iso_language_code":"ja","result_type":"recent"},"source":"<a href=\"http://twitter.com\" rel=\"nofollow\">Twitter Web Client</a>","in_reply_to_status_id":null,"in_reply_to_status_id_str":null,"in_reply_to_user_id":null,"in_reply_to_user_id_str":null,"in_reply_to_screen_name":null,"user":{"id":256401886,"id_str":"256401886","name":"ＮＨＫ生活・防災","screen_name":"nhk_seikatsu","location":"東京都渋谷区神南","description":"あなたの「生活を守る」情報を届けるＮＨＫの公式アカウントです。 地震や台風、大雨、大雪など災害に関する情報や防災減災につながる情報、それに子育てや悪質商法など暮らしに関する情報をお伝えします（利用規約: https://t.co/Q11WanxIUh フォローについて:https://t.co/8lVsvM27YP )","url":"http://t.co/343D44tdfS","entities":{"url":{"urls":[{"url":"http://t.co/343D44tdfS","expanded_url":"http://www.nhk.or.jp/seikatsu-blog/","display_url":"nhk.or.jp/seikatsu-blog/","indices":[0,22]}]},"description":{"urls":[{"url":"https://t.co/Q11WanxIUh","expanded_url":"http://nhk.jp/rules","display_url":"nhk.jp/rules","indices":[102,125]},{"url":"https://t.co/8lVsvM27YP","expanded_url":"http://nhk.jp/tw_f","display_url":"nhk.jp/tw_f","indices":[135,158]}]}},"protected":false,"followers_count":740138,"friends_count":114,"listed_count":27405,"created_at":"Wed Feb 23 07:30:32 +0000 2011","favourites_count":0,"utc_offset":32400,"time_zone":"Tokyo","geo_enabled":false,"verified":true,"statuses_count":40041,"lang":"ja","contributors_enabled":false,"is_translator":false,"is_translation_enabled":false,"profile_background_color":"000000","profile_background_image_url":"http://abs.twimg.com/images/themes/theme1/bg.png","profile_background_image_url_https":"https://abs.twimg.com/images/themes/theme1/bg.png","profile_background_tile":false,"profile_image_url":"http://pbs.twimg.com/profile_images/875555563890802688/DfZ3cJIo_normal.jpg","profile_image_url_https":"https://pbs.twimg.com/profile_images/875555563890802688/DfZ3cJIo_normal.jpg","profile_link_color":"FA743E","profile_sidebar_border_color":"000000","profile_sidebar_fill_color":"000000","profile_text_color":"000000","profile_use_background_image":false,"has_extended_profile":false,"default_profile":false,"default_profile_image":false,"following":false,"follow_request_sent":false,"notifications":false,"translator_type":"none"},"geo":null,"coordinates":null,"place":null,"contributors":null,"is_quote_status":false,"retweet_count":138,"favorite_count":31,"favorited":false,"retweeted":false,"possibly_sensitive":false,"lang":"ja"},{"created_at":"Mon Jul 10 01:13:48 +0000 2017","id":884219069355876400,"id_str":"884219069355876353","text":"【お知らせ】\n\nMY FIRST STORY\nMMA TOUR 2017 FINAL\nTHE PREMIUM SYMPHONY\n\n12/23(祝土)幕張メッセ国際展示場9〜11ホール\n\nSTORYTELLER会員チケット先行中！… https://t.co/XtOTpJO31E","truncated":true,"entities":{"hashtags":[],"symbols":[],"user_mentions":[],"urls":[{"url":"https://t.co/XtOTpJO31E","expanded_url":"https://twitter.com/i/web/status/884219069355876353","display_url":"twitter.com/i/web/status/8…","indices":[116,139]}]},"metadata":{"iso_language_code":"ja","result_type":"recent"},"source":"<a href=\"http://twitter.com/download/iphone\" rel=\"nofollow\">Twitter for iPhone</a>","in_reply_to_status_id":null,"in_reply_to_status_id_str":null,"in_reply_to_user_id":null,"in_reply_to_user_id_str":null,"in_reply_to_screen_name":null,"user":{"id":394422857,"id_str":"394422857","name":"MY FIRST STORY","screen_name":"MyFirstStory_of","location":"","description":"MY FIRST STORYの公式アカウントです。","url":"https://t.co/yK6imgrUs3","entities":{"url":{"urls":[{"url":"https://t.co/yK6imgrUs3","expanded_url":"http://www.myfirststory.net/","display_url":"myfirststory.net","indices":[0,23]}]},"description":{"urls":[]}},"protected":false,"followers_count":202259,"friends_count":0,"listed_count":1807,"created_at":"Thu Oct 20 01:47:00 +0000 2011","favourites_count":22,"utc_offset":null,"time_zone":null,"geo_enabled":true,"verified":true,"statuses_count":4274,"lang":"ja","contributors_enabled":false,"is_translator":false,"is_translation_enabled":false,"profile_background_color":"C0DEED","profile_background_image_url":"http://abs.twimg.com/images/themes/theme1/bg.png","profile_background_image_url_https":"https://abs.twimg.com/images/themes/theme1/bg.png","profile_background_tile":false,"profile_image_url":"http://pbs.twimg.com/profile_images/689529456734535681/jkwCLtD1_normal.jpg","profile_image_url_https":"https://pbs.twimg.com/profile_images/689529456734535681/jkwCLtD1_normal.jpg","profile_banner_url":"https://pbs.twimg.com/profile_banners/394422857/1497258118","profile_link_color":"1DA1F2","profile_sidebar_border_color":"C0DEED","profile_sidebar_fill_color":"DDEEF6","profile_text_color":"333333","profile_use_background_image":true,"has_extended_profile":false,"default_profile":true,"default_profile_image":false,"following":false,"follow_request_sent":false,"notifications":false,"translator_type":"none"},"geo":null,"coordinates":null,"place":null,"contributors":null,"is_quote_status":false,"retweet_count":60,"favorite_count":210,"favorited":false,"retweeted":false,"possibly_sensitive":false,"lang":"ja"},{"created_at":"Mon Jul 10 01:13:43 +0000 2017","id":884219047742656500,"id_str":"884219047742656512","text":"EXO 正規4集「The War」\nタイトル曲を「KoKoBop」を含む全9曲収録\n\n■音源：7月18日午後6時公開\n■アルバム7月19日発売「KoKoBop」 https://t.co/ImpabI5yRX","truncated":false,"entities":{"hashtags":[],"symbols":[],"user_mentions":[],"urls":[],"media":[{"id":884219040817832000,"id_str":"884219040817831936","indices":[81,104],"media_url":"http://pbs.twimg.com/media/DEVgiGeVYAAkJbX.jpg","media_url_https":"https://pbs.twimg.com/media/DEVgiGeVYAAkJbX.jpg","url":"https://t.co/ImpabI5yRX","display_url":"pic.twitter.com/ImpabI5yRX","expanded_url":"https://twitter.com/dk_jred/status/884219047742656512/photo/1","type":"photo","sizes":{"large":{"w":750,"h":380,"resize":"fit"},"medium":{"w":750,"h":380,"resize":"fit"},"thumb":{"w":150,"h":150,"resize":"crop"},"small":{"w":680,"h":345,"resize":"fit"}}}]},"extended_entities":{"media":[{"id":884219040817832000,"id_str":"884219040817831936","indices":[81,104],"media_url":"http://pbs.twimg.com/media/DEVgiGeVYAAkJbX.jpg","media_url_https":"https://pbs.twimg.com/media/DEVgiGeVYAAkJbX.jpg","url":"https://t.co/ImpabI5yRX","display_url":"pic.twitter.com/ImpabI5yRX","expanded_url":"https://twitter.com/dk_jred/status/884219047742656512/photo/1","type":"photo","sizes":{"large":{"w":750,"h":380,"resize":"fit"},"medium":{"w":750,"h":380,"resize":"fit"},"thumb":{"w":150,"h":150,"resize":"crop"},"small":{"w":680,"h":345,"resize":"fit"}}}]},"metadata":{"iso_language_code":"ja","result_type":"recent"},"source":"<a href=\"http://twitter.com/download/iphone\" rel=\"nofollow\">Twitter for iPhone</a>","in_reply_to_status_id":null,"in_reply_to_status_id_str":null,"in_reply_to_user_id":null,"in_reply_to_user_id_str":null,"in_reply_to_screen_name":null,"user":{"id":2285151866,"id_str":"2285151866","name":"大韓村民国_てぐ_","screen_name":"dk_jred","location":"","description":"@weareoneEXO","url":"https://t.co/1xxsIu6NQN","entities":{"url":{"urls":[{"url":"https://t.co/1xxsIu6NQN","expanded_url":"http://exo.smtown.com/Intro","display_url":"exo.smtown.com/Intro","indices":[0,23]}]},"description":{"urls":[]}},"protected":false,"followers_count":82396,"friends_count":15,"listed_count":289,"created_at":"Fri Jan 10 14:07:19 +0000 2014","favourites_count":4316,"utc_offset":null,"time_zone":null,"geo_enabled":false,"verified":false,"statuses_count":28883,"lang":"ja","contributors_enabled":false,"is_translator":false,"is_translation_enabled":false,"profile_background_color":"C0DEED","profile_background_image_url":"http://abs.twimg.com/images/themes/theme1/bg.png","profile_background_image_url_https":"https://abs.twimg.com/images/themes/theme1/bg.png","profile_background_tile":false,"profile_image_url":"http://pbs.twimg.com/profile_images/837711012866351106/HVYqjavZ_normal.jpg","profile_image_url_https":"https://pbs.twimg.com/profile_images/837711012866351106/HVYqjavZ_normal.jpg","profile_banner_url":"https://pbs.twimg.com/profile_banners/2285151866/1468816939","profile_link_color":"1DA1F2","profile_sidebar_border_color":"C0DEED","profile_sidebar_fill_color":"DDEEF6","profile_text_color":"333333","profile_use_background_image":true,"has_extended_profile":false,"default_profile":true,"default_profile_image":false,"following":false,"follow_request_sent":false,"notifications":false,"translator_type":"none"},"geo":null,"coordinates":null,"place":null,"contributors":null,"is_quote_status":false,"retweet_count":157,"favorite_count":170,"favorited":false,"retweeted":false,"possibly_sensitive":false,"lang":"ja"}],"search_metadata":{"completed_in":0.07,"max_id":884220485063524400,"max_id_str":"884220485063524352","next_results":"?max_id=884219047742656511&q=lang%3Aja%20min_retweets%3A50&include_entities=1","query":"lang%3Aja+min_retweets%3A50","refresh_url":"?since_id=884220485063524352&q=lang%3Aja%20min_retweets%3A50&include_entities=1","count":15,"since_id":0,"since_id_str":"0"}}