{"statuses":[{"created_at":"Sat Jul 08 11:40:05 +0000 2017","id":883651903057350700,"id_str":"883651903057350656","text":"今夜のカワイコちゃんは…　「サングラス」です!\n(._.)。o○（新曲「Precious Girl」のMVでサングラスをかけていたので…!!） #nhkらじらー https://t.co/dBgVLBoQoa","truncated":false,"entities":{"hashtags":[{"text":"nhkらじらー","indices":[72,80]}],"symbols":[],"user_mentions":[],"urls":[],"media":[{"id":883651899898994700,"id_str":"883651899898994690","indices":[81,104],"media_url":"http://pbs.twimg.com/media/DENcuJ6UIAIUmuA.jpg","media_url_https":"https://pbs.twimg.com/media/DENcuJ6UIAIUmuA.jpg","url":"https://t.co/dBgVLBoQoa","display_url":"pic.twitter.com/dBgVLBoQoa","expanded_url":"https://twitter.com/nhk_radirer/status/883651903057350656/photo/1","type":"photo","sizes":{"small":{"w":255,"h":340,"resize":"fit"},"thumb":{"w":150,"h":150,"resize":"crop"},"large":{"w":255,"h":340,"resize":"fit"},"medium":{"w":255,"h":340,"resize":"fit"}}}]},"extended_entities":{"media":[{"id":883651899898994700,"id_str":"883651899898994690","indices":[81,104],"media_url":"http://pbs.twimg.com/media/DENcuJ6UIAIUmuA.jpg","media_url_https":"https://pbs.twimg.com/media/DENcuJ6UIAIUmuA.jpg","url":"https://t.co/dBgVLBoQoa","display_url":"pic.twitter.com/dBgVLBoQoa","expanded_url":"https://twitter.com/nhk_radirer/status/883651903057350656/photo/1","type":"photo","sizes":{"small":{"w":255,"h":340,"resize":"fit"},"thumb":{"w":150,"h":150,"resize":"crop"},"large":{"w":255,"h":340,"resize":"fit"},"medium":{"w":255,"h":340,"resize":"fit"}}}]},"metadata":{"iso_language_code":"ja","result_type":"recent"},"source":"<a href=\"http://www.nhk.or.jp/\" rel=\"nofollow\">NHK</a>","in_reply_to_status_id":null,"in_reply_to_status_id_str":null,"in_reply_to_user_id":null,"in_reply_to_user_id_str":null,"in_reply_to_screen_name":null,"user":{"id":505321772,"id_str":"505321772","name":"らじらー！","screen_name":"nhk_radirer","location":"東京都渋谷区","description":"土曜20時～Hey! Say! JUMP八乙女光・伊野尾慧、ジャニーズJr.安井謙太郎・髙橋優斗、Sexy Zone、日曜21時～オリラジ中田敦彦・藤森慎吾、隔週で乃木坂46、SKE48▼利用規約→http://t.co/Q11WanxIUh　フォローの考え方→https://t.co/8lVsvM27YP","url":"http://t.co/LsT5Uxt5e2","entities":{"url":{"urls":[{"url":"http://t.co/LsT5Uxt5e2","expanded_url":"http://www.nhk.or.jp/radirer/","display_url":"nhk.or.jp/radirer/","indices":[0,22]}]},"description":{"urls":[{"url":"http://t.co/Q11WanxIUh","expanded_url":"http://nhk.jp/rules","display_url":"nhk.jp/rules","indices":[99,121]},{"url":"https://t.co/8lVsvM27YP","expanded_url":"http://nhk.jp/tw_f","display_url":"nhk.jp/tw_f","indices":[131,154]}]}},"protected":false,"followers_count":146264,"friends_count":4,"listed_count":693,"created_at":"Mon Feb 27 02:46:21 +0000 2012","favourites_count":0,"utc_offset":32400,"time_zone":"Tokyo","geo_enabled":false,"verified":true,"statuses_count":42258,"lang":"ja","contributors_enabled":false,"is_translator":false,"is_translation_enabled":true,"profile_background_color":"C0DEED","profile_background_image_url":"http://pbs.twimg.com/profile_background_images/882475858383863808/G0cxdhhJ.jpg","profile_background_image_url_https":"https://pbs.twimg.com/profile_background_images/882475858383863808/G0cxdhhJ.jpg","profile_background_tile":true,"profile_image_url":"http://pbs.twimg.com/profile_images/583186882583887872/nN-8FedV_normal.jpg","profile_image_url_https":"https://pbs.twimg.com/profile_images/583186882583887872/nN-8FedV_normal.jpg","profile_link_color":"0084B4","profile_sidebar_border_color":"C0DEED","profile_sidebar_fill_color":"DDEEF6","profile_text_color":"333333","profile_use_background_image":true,"has_extended_profile":false,"default_profile":false,"default_profile_image":false,"following":false,"follow_request_sent":false,"notifications":false,"translator_type":"none"},"geo":null,"coordinates":null,"place":null,"contributors":null,"is_quote_status":false,"retweet_count":190,"favorite_count":427,"favorited":false,"retweeted":false,"possibly_sensitive":false,"lang":"ja"},{"created_at":"Sat Jul 08 11:39:36 +0000 2017","id":883651780181082100,"id_str":"883651780181082112","text":"愛が無ければ、この世界は始まらない！「今夜、アナタを口説きます!」\n先週、八乙女くんがベッドに寝転びながらヘッドフォンを口説いて勝利☆ #nhkらじらー","truncated":false,"entities":{"hashtags":[{"text":"nhkらじらー","indices":[68,76]}],"symbols":[],"user_mentions":[],"urls":[]},"metadata":{"iso_language_code":"ja","result_type":"recent"},"source":"<a href=\"http://www.nhk.or.jp/\" rel=\"nofollow\">NHK</a>","in_reply_to_status_id":null,"in_reply_to_status_id_str":null,"in_reply_to_user_id":null,"in_reply_to_user_id_str":null,"in_reply_to_screen_name":null,"user":{"id":505321772,"id_str":"505321772","name":"らじらー！","screen_name":"nhk_radirer","location":"東京都渋谷区","description":"土曜20時～Hey! Say! JUMP八乙女光・伊野尾慧、ジャニーズJr.安井謙太郎・髙橋優斗、Sexy Zone、日曜21時～オリラジ中田敦彦・藤森慎吾、隔週で乃木坂46、SKE48▼利用規約→http://t.co/Q11WanxIUh　フォローの考え方→https://t.co/8lVsvM27YP","url":"http://t.co/LsT5Uxt5e2","entities":{"url":{"urls":[{"url":"http://t.co/LsT5Uxt5e2","expanded_url":"http://www.nhk.or.jp/radirer/","display_url":"nhk.or.jp/radirer/","indices":[0,22]}]},"description":{"urls":[{"url":"http://t.co/Q11WanxIUh","expanded_url":"http://nhk.jp/rules","display_url":"nhk.jp/rules","indices":[99,121]},{"url":"https://t.co/8lVsvM27YP","expanded_url":"http://nhk.jp/tw_f","display_url":"nhk.jp/tw_f","indices":[131,154]}]}},"protected":false,"followers_count":146264,"friends_count":4,"listed_count":693,"created_at":"Mon Feb 27 02:46:21 +0000 2012","favourites_count":0,"utc_offset":32400,"time_zone":"Tokyo","geo_enabled":false,"verified":true,"statuses_count":42258,"lang":"ja","contributors_enabled":false,"is_translator":false,"is_translation_enabled":true,"profile_background_color":"C0DEED","profile_background_image_url":"http://pbs.twimg.com/profile_background_images/882475858383863808/G0cxdhhJ.jpg","profile_background_image_url_https":"https://pbs.twimg.com/profile_background_images/882475858383863808/G0cxdhhJ.jpg","profile_background_tile":true,"profile_image_url":"http://pbs.twimg.com/profile_images/583186882583887872/nN-8FedV_normal.jpg","profile_image_url_https":"https://pbs.twimg.com/profile_images/583186882583887872/nN-8FedV_normal.jpg","profile_link_color":"0084B4","profile_sidebar_border_color":"C0DEED","profile_sidebar_fill_color":"DDEEF6","profile_text_color":"333333","profile_use_background_image":true,"has_extended_profile":false,"default_profile":false,"default_profile_image":false,"following":false,"follow_request_sent":false,"notifications":false,"translator_type":"none"},"geo":null,"coordinates":null,"place":null,"contributors":null,"is_quote_status":false,"retweet_count":86,"favorite_count":329,"favorited":false,"retweeted":false,"lang":"ja"},{"created_at":"Sat Jul 08 11:39:12 +0000 2017","id":883651681367408600,"id_str":"883651681367408641","text":"伊野尾「洗面器ね～?確かに髪型が似てる！！」 #nhkらじらー","truncated":false,"entities":{"hashtags":[{"text":"nhkらじらー","indices":[23,31]}],"symbols":[],"user_mentions":[],"urls":[]},"metadata":{"iso_language_code":"ja","result_type":"recent"},"source":"<a href=\"http://www.nhk.or.jp/\" rel=\"nofollow\">NHK</a>","in_reply_to_status_id":null,"in_reply_to_status_id_str":null,"in_reply_to_user_id":null,"in_reply_to_user_id_str":null,"in_reply_to_screen_name":null,"user":{"id":505321772,"id_str":"505321772","name":"らじらー！","screen_name":"nhk_radirer","location":"東京都渋谷区","description":"土曜20時～Hey! Say! JUMP八乙女光・伊野尾慧、ジャニーズJr.安井謙太郎・髙橋優斗、Sexy Zone、日曜21時～オリラジ中田敦彦・藤森慎吾、隔週で乃木坂46、SKE48▼利用規約→http://t.co/Q11WanxIUh　フォローの考え方→https://t.co/8lVsvM27YP","url":"http://t.co/LsT5Uxt5e2","entities":{"url":{"urls":[{"url":"http://t.co/LsT5Uxt5e2","expanded_url":"http://www.nhk.or.jp/radirer/","display_url":"nhk.or.jp/radirer/","indices":[0,22]}]},"description":{"urls":[{"url":"http://t.co/Q11WanxIUh","expanded_url":"http://nhk.jp/rules","display_url":"nhk.jp/rules","indices":[99,121]},{"url":"https://t.co/8lVsvM27YP","expanded_url":"http://nhk.jp/tw_f","display_url":"nhk.jp/tw_f","indices":[131,154]}]}},"protected":false,"followers_count":146264,"friends_count":4,"listed_count":693,"created_at":"Mon Feb 27 02:46:21 +0000 2012","favourites_count":0,"utc_offset":32400,"time_zone":"Tokyo","geo_enabled":false,"verified":true,"statuses_count":42258,"lang":"ja","contributors_enabled":false,"is_translator":false,"is_translation_enabled":true,"profile_background_color":"C0DEED","profile_background_image_url":"http://pbs.twimg.com/profile_background_images/882475858383863808/G0cxdhhJ.jpg","profile_background_image_url_https":"https://pbs.twimg.com/profile_background_images/882475858383863808/G0cxdhhJ.jpg","profile_background_tile":true,"profile_image_url":"http://pbs.twimg.com/profile_images/583186882583887872/nN-8FedV_normal.jpg","profile_image_url_https":"https://pbs.twimg.com/profile_images/583186882583887872/nN-8FedV_normal.jpg","profile_link_color":"0084B4","profile_sidebar_border_color":"C0DEED","profile_sidebar_fill_color":"DDEEF6","profile_text_color":"333333","profile_use_background_image":true,"has_extended_profile":false,"default_profile":false,"default_profile_image":false,"following":false,"follow_request_sent":false,"notifications":false,"translator_type":"none"},"geo":null,"coordinates":null,"place":null,"contributors":null,"is_quote_status":false,"retweet_count":108,"favorite_count":412,"favorited":false,"retweeted":false,"lang":"ja"},{"created_at":"Sat Jul 08 11:38:58 +0000 2017","id":883651620029866000,"id_str":"883651620029865984","text":"伊野尾「お風呂場にボクがいるなんて、考えられないよ～?」\nお風呂場にいた伊野尾くんは…洗面器！ #nhkらじらー","truncated":false,"entities":{"hashtags":[{"text":"nhkらじらー","indices":[48,56]}],"symbols":[],"user_mentions":[],"urls":[]},"metadata":{"iso_language_code":"ja","result_type":"recent"},"source":"<a href=\"http://www.nhk.or.jp/\" rel=\"nofollow\">NHK</a>","in_reply_to_status_id":null,"in_reply_to_status_id_str":null,"in_reply_to_user_id":null,"in_reply_to_user_id_str":null,"in_reply_to_screen_name":null,"user":{"id":505321772,"id_str":"505321772","name":"らじらー！","screen_name":"nhk_radirer","location":"東京都渋谷区","description":"土曜20時～Hey! Say! JUMP八乙女光・伊野尾慧、ジャニーズJr.安井謙太郎・髙橋優斗、Sexy Zone、日曜21時～オリラジ中田敦彦・藤森慎吾、隔週で乃木坂46、SKE48▼利用規約→http://t.co/Q11WanxIUh　フォローの考え方→https://t.co/8lVsvM27YP","url":"http://t.co/LsT5Uxt5e2","entities":{"url":{"urls":[{"url":"http://t.co/LsT5Uxt5e2","expanded_url":"http://www.nhk.or.jp/radirer/","display_url":"nhk.or.jp/radirer/","indices":[0,22]}]},"description":{"urls":[{"url":"http://t.co/Q11WanxIUh","expanded_url":"http://nhk.jp/rules","display_url":"nhk.jp/rules","indices":[99,121]},{"url":"https://t.co/8lVsvM27YP","expanded_url":"http://nhk.jp/tw_f","display_url":"nhk.jp/tw_f","indices":[131,154]}]}},"protected":false,"followers_count":146264,"friends_count":4,"listed_count":693,"created_at":"Mon Feb 27 02:46:21 +0000 2012","favourites_count":0,"utc_offset":32400,"time_zone":"Tokyo","geo_enabled":false,"verified":true,"statuses_count":42258,"lang":"ja","contributors_enabled":false,"is_translator":false,"is_translation_enabled":true,"profile_background_color":"C0DEED","profile_background_image_url":"http://pbs.twimg.com/profile_background_images/882475858383863808/G0cxdhhJ.jpg","profile_background_image_url_https":"https://pbs.twimg.com/profile_background_images/882475858383863808/G0cxdhhJ.jpg","profile_background_tile":true,"profile_image_url":"http://pbs.twimg.com/profile_images/583186882583887872/nN-8FedV_normal.jpg","profile_image_url_https":"https://pbs.twimg.com/profile_images/583186882583887872/nN-8FedV_normal.jpg","profile_link_color":"0084B4","profile_sidebar_border_color":"C0DEED","profile_sidebar_fill_color":"DDEEF6","profile_text_color":"333333","profile_use_background_image":true,"has_extended_profile":false,"default_profile":false,"default_profile_image":false,"following":false,"follow_request_sent":false,"notifications":false,"translator_type":"none"},"geo":null,"coordinates":null,"place":null,"contributors":null,"is_quote_status":false,"retweet_count":131,"favorite_count":494,"favorited":false,"retweeted":false,"lang":"ja"},{"created_at":"Sat Jul 08 11:38:30 +0000 2017","id":883651503885385700,"id_str":"883651503885385728","text":"このあと21:00から生放送のNHK総合「NHKスペシャル『徹底解剖 藤井聡太〜“進化”する14歳〜』」に伊藤かりんが出演いたします！\n皆さま、ぜひご覧ください！！ https://t.co/ASSxntkJfc","truncated":false,"entities":{"hashtags":[],"symbols":[],"user_mentions":[],"urls":[],"media":[{"id":883651494435627000,"id_str":"883651494435627010","indices":[83,106],"media_url":"http://pbs.twimg.com/media/DENcWjcUIAIzoIw.jpg","media_url_https":"https://pbs.twimg.com/media/DENcWjcUIAIzoIw.jpg","url":"https://t.co/ASSxntkJfc","display_url":"pic.twitter.com/ASSxntkJfc","expanded_url":"https://twitter.com/nogizaka46/status/883651503885385728/photo/1","type":"photo","sizes":{"medium":{"w":1200,"h":1200,"resize":"fit"},"small":{"w":680,"h":680,"resize":"fit"},"thumb":{"w":150,"h":150,"resize":"crop"},"large":{"w":1280,"h":1280,"resize":"fit"}}}]},"extended_entities":{"media":[{"id":883651494435627000,"id_str":"883651494435627010","indices":[83,106],"media_url":"http://pbs.twimg.com/media/DENcWjcUIAIzoIw.jpg","media_url_https":"https://pbs.twimg.com/media/DENcWjcUIAIzoIw.jpg","url":"https://t.co/ASSxntkJfc","display_url":"pic.twitter.com/ASSxntkJfc","expanded_url":"https://twitter.com/nogizaka46/status/883651503885385728/photo/1","type":"photo","sizes":{"medium":{"w":1200,"h":1200,"resize":"fit"},"small":{"w":680,"h":680,"resize":"fit"},"thumb":{"w":150,"h":150,"resize":"crop"},"large":{"w":1280,"h":1280,"resize":"fit"}}}]},"metadata":{"iso_language_code":"ja","result_type":"recent"},"source":"<a href=\"http://twitter.com/download/iphone\" rel=\"nofollow\">Twitter for iPhone</a>","in_reply_to_status_id":null,"in_reply_to_status_id_str":null,"in_reply_to_user_id":null,"in_reply_to_user_id_str":null,"in_reply_to_screen_name":null,"user":{"id":317684165,"id_str":"317684165","name":"乃木坂46","screen_name":"nogizaka46","location":"乃木坂","description":"AKB48公式ライバルとして結成したアイドルグループです。\r\nグループ名の「乃木坂」は、最終オーディション会場の「SME乃木坂ビル」に由来し「46」は、『AKB48より人数が少なくても負けないという意気込み（秋元康氏）』からです。よろしくお願いします。","url":"http://t.co/f7TOymAV8b","entities":{"url":{"urls":[{"url":"http://t.co/f7TOymAV8b","expanded_url":"http://www.nogizaka46.com/","display_url":"nogizaka46.com","indices":[0,22]}]},"description":{"urls":[]}},"protected":false,"followers_count":751907,"friends_count":11,"listed_count":3694,"created_at":"Wed Jun 15 09:35:11 +0000 2011","favourites_count":15,"utc_offset":32400,"time_zone":"Tokyo","geo_enabled":false,"verified":true,"statuses_count":10579,"lang":"ja","contributors_enabled":false,"is_translator":false,"is_translation_enabled":false,"profile_background_color":"C0DEED","profile_background_image_url":"http://abs.twimg.com/images/themes/theme1/bg.png","profile_background_image_url_https":"https://abs.twimg.com/images/themes/theme1/bg.png","profile_background_tile":false,"profile_image_url":"http://pbs.twimg.com/profile_images/879321670640558081/LJqAoLcs_normal.jpg","profile_image_url_https":"https://pbs.twimg.com/profile_images/879321670640558081/LJqAoLcs_normal.jpg","profile_banner_url":"https://pbs.twimg.com/profile_banners/317684165/1400066488","profile_link_color":"1DA1F2","profile_sidebar_border_color":"C0DEED","profile_sidebar_fill_color":"DDEEF6","profile_text_color":"333333","profile_use_background_image":true,"has_extended_profile":false,"default_profile":true,"default_profile_image":false,"following":false,"follow_request_sent":false,"notifications":false,"translator_type":"none"},"geo":null,"coordinates":null,"place":null,"contributors":null,"is_quote_status":false,"retweet_count":139,"favorite_count":460,"favorited":false,"retweeted":false,"possibly_sensitive":false,"lang":"ja"},{"created_at":"Sat Jul 08 11:38:12 +0000 2017","id":883651428484395000,"id_str":"883651428484395008","text":"え、にゃむにゃむの専売特許は私","truncated":false,"entities":{"hashtags":[],"symbols":[],"user_mentions":[],"urls":[]},"metadata":{"iso_language_code":"ja","result_type":"recent"},"source":"<a href=\"http://twitter.com/download/iphone\" rel=\"nofollow\">Twitter for iPhone</a>","in_reply_to_status_id":null,"in_reply_to_status_id_str":null,"in_reply_to_user_id":null,"in_reply_to_user_id_str":null,"in_reply_to_screen_name":null,"user":{"id":49379814,"id_str":"49379814","name":"志麻@浦島坂田船♔","screen_name":"shima_s2","location":"乃木坂⊿","description":"Work→スタミュ2期OP/歌/ゲーム/ベース/番組MCなど♔ショートカットと長身が好物。乃木坂46とでんぱ組大好き。チャームポイントはホクロとプリチーなお尻♡土佐出身。浦島坂田船の紫。サバゲーチームS.H.代表。コスプレたまに。icon:月森フユカ 仕事の依頼→shima_stardust@hotmail.co.jp","url":"https://t.co/blt8uPKjNc","entities":{"url":{"urls":[{"url":"https://t.co/blt8uPKjNc","expanded_url":"http://com.nicovideo.jp/community/co1186343","display_url":"com.nicovideo.jp/community/co11…","indices":[0,23]}]},"description":{"urls":[]}},"protected":false,"followers_count":215657,"friends_count":361,"listed_count":4161,"created_at":"Sun Jun 21 18:03:35 +0000 2009","favourites_count":6725,"utc_offset":32400,"time_zone":"Tokyo","geo_enabled":false,"verified":true,"statuses_count":11663,"lang":"ja","contributors_enabled":false,"is_translator":false,"is_translation_enabled":false,"profile_background_color":"000000","profile_background_image_url":"http://abs.twimg.com/images/themes/theme14/bg.gif","profile_background_image_url_https":"https://abs.twimg.com/images/themes/theme14/bg.gif","profile_background_tile":false,"profile_image_url":"http://pbs.twimg.com/profile_images/853961483335589889/xXnZ895x_normal.jpg","profile_image_url_https":"https://pbs.twimg.com/profile_images/853961483335589889/xXnZ895x_normal.jpg","profile_banner_url":"https://pbs.twimg.com/profile_banners/49379814/1489648720","profile_link_color":"9349E8","profile_sidebar_border_color":"000000","profile_sidebar_fill_color":"000000","profile_text_color":"000000","profile_use_background_image":false,"has_extended_profile":true,"default_profile":false,"default_profile_image":false,"following":false,"follow_request_sent":false,"notifications":false,"translator_type":"none"},"geo":null,"coordinates":null,"place":null,"contributors":null,"is_quote_status":false,"retweet_count":126,"favorite_count":1366,"favorited":false,"retweeted":false,"lang":"ja"},{"created_at":"Sat Jul 08 11:38:11 +0000 2017","id":883651421706506200,"id_str":"883651421706506240","text":"通常運転と見せかけて「アクロの丘」を披露してくれたDIR EN GREY。水玉シャツで雄々しく「残」を歌う京さん素敵。PIERROTで銀テープが飛んだということは…？と期待してたら、DIRは銀吹雪でしたね\n#ANDROGYNOS","truncated":false,"entities":{"hashtags":[{"text":"ANDROGYNOS","indices":[103,114]}],"symbols":[],"user_mentions":[],"urls":[]},"metadata":{"iso_language_code":"ja","result_type":"recent"},"source":"<a href=\"http://theworld09.com/\" rel=\"nofollow\">TheWorld for iOS　</a>","in_reply_to_status_id":null,"in_reply_to_status_id_str":null,"in_reply_to_user_id":null,"in_reply_to_user_id_str":null,"in_reply_to_screen_name":null,"user":{"id":97349454,"id_str":"97349454","name":"浅井博章","screen_name":"dj_asai","location":"兵庫県芦屋市","description":"ラジオDJ：FM802（大阪）「SUPERFINE SUNDAY」「REDNIQS」NACK5（埼玉）「BEAT SHUFFLE」担当。DJイベント「爆発寸前NIGHT（爆寸）」企画運営。爆寸LINE→ https://t.co/MBUElwyy1t","url":"http://t.co/MAcdlcSHHu","entities":{"url":{"urls":[{"url":"http://t.co/MAcdlcSHHu","expanded_url":"http://www.roxite.jp","display_url":"roxite.jp","indices":[0,22]}]},"description":{"urls":[{"url":"https://t.co/MBUElwyy1t","expanded_url":"http://line.me/ti/p/@dso9541m","display_url":"line.me/ti/p/@dso9541m","indices":[102,125]}]}},"protected":false,"followers_count":37214,"friends_count":990,"listed_count":1140,"created_at":"Thu Dec 17 03:10:46 +0000 2009","favourites_count":123,"utc_offset":32400,"time_zone":"Osaka","geo_enabled":false,"verified":false,"statuses_count":28072,"lang":"ja","contributors_enabled":false,"is_translator":false,"is_translation_enabled":false,"profile_background_color":"080001","profile_background_image_url":"http://abs.twimg.com/images/themes/theme14/bg.gif","profile_background_image_url_https":"https://abs.twimg.com/images/themes/theme14/bg.gif","profile_background_tile":true,"profile_image_url":"http://pbs.twimg.com/profile_images/2195476742/asai1_normal.jpg","profile_image_url_https":"https://pbs.twimg.com/profile_images/2195476742/asai1_normal.jpg","profile_link_color":"000505","profile_sidebar_border_color":"F70A0A","profile_sidebar_fill_color":"575757","profile_text_color":"080000","profile_use_background_image":false,"has_extended_profile":false,"default_profile":false,"default_profile_image":false,"following":false,"follow_request_sent":false,"notifications":false,"translator_type":"none"},"geo":null,"coordinates":null,"place":null,"contributors":null,"is_quote_status":false,"retweet_count":64,"favorite_count":39,"favorited":false,"retweeted":false,"lang":"ja"},{"created_at":"Sat Jul 08 11:37:53 +0000 2017","id":883651347119087600,"id_str":"883651347119087617","text":"【#高城れに 】いよいよ明日は「ハイサイ！れにちゃん」in 沖縄🏝\n配信シングル「『3文字』の宝物」も今晩24時から配信開始です！\n皆さん、ぜひ聴いてくださいね〜🎶\n\n詳しくはコチラ\nhttps://t.co/Zj7Nv2YUo4… https://t.co/4j0I97iOdP","truncated":true,"entities":{"hashtags":[{"text":"高城れに","indices":[1,6]}],"symbols":[],"user_mentions":[],"urls":[{"url":"https://t.co/Zj7Nv2YUo4","expanded_url":"http://www.momoclo.net/pub/sp/information/?id=3751","display_url":"momoclo.net/pub/sp/informa…","indices":[92,115]},{"url":"https://t.co/4j0I97iOdP","expanded_url":"https://twitter.com/i/web/status/883651347119087617","display_url":"twitter.com/i/web/status/8…","indices":[117,140]}]},"metadata":{"iso_language_code":"ja","result_type":"recent"},"source":"<a href=\"http://twitter.com/download/iphone\" rel=\"nofollow\">Twitter for iPhone</a>","in_reply_to_status_id":null,"in_reply_to_status_id_str":null,"in_reply_to_user_id":null,"in_reply_to_user_id_str":null,"in_reply_to_screen_name":null,"user":{"id":362896668,"id_str":"362896668","name":"ももクロ KING PR","screen_name":"momoclo_king_pr","location":"東京都文京区","description":"キングレコード公式「ももいろクローバーZ」twitter。 EVIL LINE RECORDS / キングレコードの「ももいろクローバーZ」スタッフが、お知らせや最新情報をつぶやきます。 8/2（水）NEW SINGLE「BLAST！」発売決定！","url":"https://t.co/Zsmo69A07V","entities":{"url":{"urls":[{"url":"https://t.co/Zsmo69A07V","expanded_url":"http://www.evilline.com/momoclo/blast","display_url":"evilline.com/momoclo/blast","indices":[0,23]}]},"description":{"urls":[]}},"protected":false,"followers_count":124142,"friends_count":18,"listed_count":2454,"created_at":"Sat Aug 27 04:55:04 +0000 2011","favourites_count":0,"utc_offset":null,"time_zone":null,"geo_enabled":false,"verified":false,"statuses_count":1548,"lang":"ja","contributors_enabled":false,"is_translator":false,"is_translation_enabled":false,"profile_background_color":"000000","profile_background_image_url":"http://abs.twimg.com/images/themes/theme1/bg.png","profile_background_image_url_https":"https://abs.twimg.com/images/themes/theme1/bg.png","profile_background_tile":false,"profile_image_url":"http://pbs.twimg.com/profile_images/876771669989142532/5Faz_ASv_normal.jpg","profile_image_url_https":"https://pbs.twimg.com/profile_images/876771669989142532/5Faz_ASv_normal.jpg","profile_banner_url":"https://pbs.twimg.com/profile_banners/362896668/1497873662","profile_link_color":"F5ABB5","profile_sidebar_border_color":"000000","profile_sidebar_fill_color":"000000","profile_text_color":"000000","profile_use_background_image":false,"has_extended_profile":false,"default_profile":false,"default_profile_image":false,"following":false,"follow_request_sent":false,"notifications":false,"translator_type":"none"},"geo":null,"coordinates":null,"place":null,"contributors":null,"is_quote_status":false,"retweet_count":65,"favorite_count":136,"favorited":false,"retweeted":false,"possibly_sensitive":false,"lang":"ja"},{"created_at":"Sat Jul 08 11:37:53 +0000 2017","id":883651346569678800,"id_str":"883651346569678849","text":"八乙女さん～?電話中はトークで繋いでくださいね～?笑 #nhkらじらー","truncated":false,"entities":{"hashtags":[{"text":"nhkらじらー","indices":[27,35]}],"symbols":[],"user_mentions":[],"urls":[]},"metadata":{"iso_language_code":"ja","result_type":"recent"},"source":"<a href=\"http://www.nhk.or.jp/\" rel=\"nofollow\">NHK</a>","in_reply_to_status_id":null,"in_reply_to_status_id_str":null,"in_reply_to_user_id":null,"in_reply_to_user_id_str":null,"in_reply_to_screen_name":null,"user":{"id":505321772,"id_str":"505321772","name":"らじらー！","screen_name":"nhk_radirer","location":"東京都渋谷区","description":"土曜20時～Hey! Say! JUMP八乙女光・伊野尾慧、ジャニーズJr.安井謙太郎・髙橋優斗、Sexy Zone、日曜21時～オリラジ中田敦彦・藤森慎吾、隔週で乃木坂46、SKE48▼利用規約→http://t.co/Q11WanxIUh　フォローの考え方→https://t.co/8lVsvM27YP","url":"http://t.co/LsT5Uxt5e2","entities":{"url":{"urls":[{"url":"http://t.co/LsT5Uxt5e2","expanded_url":"http://www.nhk.or.jp/radirer/","display_url":"nhk.or.jp/radirer/","indices":[0,22]}]},"description":{"urls":[{"url":"http://t.co/Q11WanxIUh","expanded_url":"http://nhk.jp/rules","display_url":"nhk.jp/rules","indices":[99,121]},{"url":"https://t.co/8lVsvM27YP","expanded_url":"http://nhk.jp/tw_f","display_url":"nhk.jp/tw_f","indices":[131,154]}]}},"protected":false,"followers_count":146264,"friends_count":4,"listed_count":693,"created_at":"Mon Feb 27 02:46:21 +0000 2012","favourites_count":0,"utc_offset":32400,"time_zone":"Tokyo","geo_enabled":false,"verified":true,"statuses_count":42258,"lang":"ja","contributors_enabled":false,"is_translator":false,"is_translation_enabled":true,"profile_background_color":"C0DEED","profile_background_image_url":"http://pbs.twimg.com/profile_background_images/882475858383863808/G0cxdhhJ.jpg","profile_background_image_url_https":"https://pbs.twimg.com/profile_background_images/882475858383863808/G0cxdhhJ.jpg","profile_background_tile":true,"profile_image_url":"http://pbs.twimg.com/profile_images/583186882583887872/nN-8FedV_normal.jpg","profile_image_url_https":"https://pbs.twimg.com/profile_images/583186882583887872/nN-8FedV_normal.jpg","profile_link_color":"0084B4","profile_sidebar_border_color":"C0DEED","profile_sidebar_fill_color":"DDEEF6","profile_text_color":"333333","profile_use_background_image":true,"has_extended_profile":false,"default_profile":false,"default_profile_image":false,"following":false,"follow_request_sent":false,"notifications":false,"translator_type":"none"},"geo":null,"coordinates":null,"place":null,"contributors":null,"is_quote_status":false,"retweet_count":140,"favorite_count":526,"favorited":false,"retweeted":false,"lang":"ja"},{"created_at":"Sat Jul 08 11:37:52 +0000 2017","id":883651343931457500,"id_str":"883651343931457538","text":"しゃべるどーーーー！！！みんなおいでーー(´◉◞౪◟◉)！　出張版 あまつきが照らす頃！PCからキャス配信中 - https://t.co/X8E93zgHW0","truncated":false,"entities":{"hashtags":[],"symbols":[],"user_mentions":[],"urls":[{"url":"https://t.co/X8E93zgHW0","expanded_url":"http://cas.st/16fdda83","display_url":"cas.st/16fdda83","indices":[57,80]}]},"metadata":{"iso_language_code":"ja","result_type":"recent"},"source":"<a href=\"http://twitcasting.tv/\" rel=\"nofollow\">TwitCasting</a>","in_reply_to_status_id":null,"in_reply_to_status_id_str":null,"in_reply_to_user_id":null,"in_reply_to_user_id_str":null,"in_reply_to_screen_name":null,"user":{"id":94322333,"id_str":"94322333","name":"天月 7/19 3rdシングル発売！","screen_name":"_amatsuki_","location":"依頼など【amatsuki2525@yahoo.co.jp】","description":"どこまでも届くように歌います。 7/19 3rdシングル『Mr.fake / ツナゲル』リリースします！ 「トモダチゲーム」主題歌、声優担当 niconico☞https://t.co/S4lxjOmZbL Youtube ☞ https://t.co/6tJz6H1C2X","url":"https://t.co/NKrARBl0oR","entities":{"url":{"urls":[{"url":"https://t.co/NKrARBl0oR","expanded_url":"http://amatsuki.jp/","display_url":"amatsuki.jp","indices":[0,23]}]},"description":{"urls":[{"url":"https://t.co/S4lxjOmZbL","expanded_url":"http://goo.gl/zAlcRg","display_url":"goo.gl/zAlcRg","indices":[80,103]},{"url":"https://t.co/6tJz6H1C2X","expanded_url":"http://bit.ly/1FLfr2s","display_url":"bit.ly/1FLfr2s","indices":[114,137]}]}},"protected":false,"followers_count":704576,"friends_count":658,"listed_count":8796,"created_at":"Thu Dec 03 12:50:34 +0000 2009","favourites_count":18024,"utc_offset":32400,"time_zone":"Tokyo","geo_enabled":true,"verified":false,"statuses_count":71565,"lang":"ja","contributors_enabled":false,"is_translator":false,"is_translation_enabled":false,"profile_background_color":"0099B9","profile_background_image_url":"http://pbs.twimg.com/profile_background_images/571927444/gghle38lydw51pogjv0d.jpeg","profile_background_image_url_https":"https://pbs.twimg.com/profile_background_images/571927444/gghle38lydw51pogjv0d.jpeg","profile_background_tile":false,"profile_image_url":"http://pbs.twimg.com/profile_images/813460090845949952/3OuQ2AvO_normal.jpg","profile_image_url_https":"https://pbs.twimg.com/profile_images/813460090845949952/3OuQ2AvO_normal.jpg","profile_banner_url":"https://pbs.twimg.com/profile_banners/94322333/1494926414","profile_link_color":"0099B9","profile_sidebar_border_color":"5ED4DC","profile_sidebar_fill_color":"95E8EC","profile_text_color":"3C3940","profile_use_background_image":true,"has_extended_profile":true,"default_profile":false,"default_profile_image":false,"following":false,"follow_request_sent":false,"notifications":false,"translator_type":"none"},"geo":null,"coordinates":null,"place":null,"contributors":null,"is_quote_status":false,"retweet_count":273,"favorite_count":1472,"favorited":false,"retweeted":false,"possibly_sensitive":false,"lang":"ja"},{"created_at":"Sat Jul 08 11:37:36 +0000 2017","id":883651278496124900,"id_str":"883651278496124928","text":"oO（今日は早起きできて録音進んだので、明日か明後日の１８時にソロの歌ってみた動画を投稿します　夏バテ　とろろそば　お豆腐）","truncated":false,"entities":{"hashtags":[],"symbols":[],"user_mentions":[],"urls":[]},"metadata":{"iso_language_code":"ja","result_type":"recent"},"source":"<a href=\"http://twitter.com\" rel=\"nofollow\">Twitter Web Client</a>","in_reply_to_status_id":null,"in_reply_to_status_id_str":null,"in_reply_to_user_id":null,"in_reply_to_user_id_str":null,"in_reply_to_screen_name":null,"user":{"id":268758461,"id_str":"268758461","name":"まふまふ＠何でも屋さん","screen_name":"uni_mafumafu","location":"夢の中","description":"何でも屋です。ねむり　歌 / 作詞作曲 / 編曲　After the Rain、オリコンウィークリー２位獲得しました　まふてる⇒(@uni_mafuteru) ニコニコ動画 https://t.co/9XtigvFrOE  Youtube https://t.co/QoUG6At4z2","url":"https://t.co/cSdsbyhY3S","entities":{"url":{"urls":[{"url":"https://t.co/cSdsbyhY3S","expanded_url":"http://uni-mafumafu.jp/","display_url":"uni-mafumafu.jp","indices":[0,23]}]},"description":{"urls":[{"url":"https://t.co/9XtigvFrOE","expanded_url":"http://goo.gl/UQU30u","display_url":"goo.gl/UQU30u","indices":[87,110]},{"url":"https://t.co/QoUG6At4z2","expanded_url":"http://youtube.com/c/uni_mafumafu","display_url":"youtube.com/c/uni_mafumafu","indices":[120,143]}]}},"protected":false,"followers_count":836502,"friends_count":426,"listed_count":9284,"created_at":"Sat Mar 19 12:05:43 +0000 2011","favourites_count":2179,"utc_offset":null,"time_zone":null,"geo_enabled":false,"verified":true,"statuses_count":51636,"lang":"ja","contributors_enabled":false,"is_translator":false,"is_translation_enabled":false,"profile_background_color":"131516","profile_background_image_url":"http://pbs.twimg.com/profile_background_images/489831337700777985/V9q5tR8K.png","profile_background_image_url_https":"https://pbs.twimg.com/profile_background_images/489831337700777985/V9q5tR8K.png","profile_background_tile":false,"profile_image_url":"http://pbs.twimg.com/profile_images/852817717774004225/yyRc5caq_normal.jpg","profile_image_url_https":"https://pbs.twimg.com/profile_images/852817717774004225/yyRc5caq_normal.jpg","profile_banner_url":"https://pbs.twimg.com/profile_banners/268758461/1464252254","profile_link_color":"009999","profile_sidebar_border_color":"FFFFFF","profile_sidebar_fill_color":"252429","profile_text_color":"666666","profile_use_background_image":true,"has_extended_profile":false,"default_profile":false,"default_profile_image":false,"following":false,"follow_request_sent":false,"notifications":false,"translator_type":"none"},"geo":null,"coordinates":null,"place":null,"contributors":null,"is_quote_status":false,"retweet_count":894,"favorite_count":4662,"favorited":false,"retweeted":false,"lang":"ja"},{"created_at":"Sat Jul 08 11:37:15 +0000 2017","id":883651190399000600,"id_str":"883651190399000576","text":"【7/8 FC東京戦】76分、鹿島同点！再び、ペドロ ジュニオール！2-2！#antlers #kashima \n\n試合速報は：\nhttps://t.co/jgg8pv60Ja https://t.co/jiEliM0gOj","truncated":false,"entities":{"hashtags":[{"text":"antlers","indices":[38,46]},{"text":"kashima","indices":[47,55]}],"symbols":[],"user_mentions":[],"urls":[{"url":"https://t.co/jgg8pv60Ja","expanded_url":"http://bit.ly/2tSLC3B","display_url":"bit.ly/2tSLC3B","indices":[65,88]}],"media":[{"id":883651181318332400,"id_str":"883651181318332416","indices":[89,112],"media_url":"http://pbs.twimg.com/media/DENcEU_VYAAiOFr.jpg","media_url_https":"https://pbs.twimg.com/media/DENcEU_VYAAiOFr.jpg","url":"https://t.co/jiEliM0gOj","display_url":"pic.twitter.com/jiEliM0gOj","expanded_url":"https://twitter.com/atlrs_official/status/883651190399000576/photo/1","type":"photo","sizes":{"large":{"w":650,"h":650,"resize":"fit"},"medium":{"w":650,"h":650,"resize":"fit"},"thumb":{"w":150,"h":150,"resize":"crop"},"small":{"w":650,"h":650,"resize":"fit"}}}]},"extended_entities":{"media":[{"id":883651181318332400,"id_str":"883651181318332416","indices":[89,112],"media_url":"http://pbs.twimg.com/media/DENcEU_VYAAiOFr.jpg","media_url_https":"https://pbs.twimg.com/media/DENcEU_VYAAiOFr.jpg","url":"https://t.co/jiEliM0gOj","display_url":"pic.twitter.com/jiEliM0gOj","expanded_url":"https://twitter.com/atlrs_official/status/883651190399000576/photo/1","type":"photo","sizes":{"large":{"w":650,"h":650,"resize":"fit"},"medium":{"w":650,"h":650,"resize":"fit"},"thumb":{"w":150,"h":150,"resize":"crop"},"small":{"w":650,"h":650,"resize":"fit"}}}]},"metadata":{"iso_language_code":"ja","result_type":"recent"},"source":"<a href=\"http://twitter.com\" rel=\"nofollow\">Twitter Web Client</a>","in_reply_to_status_id":null,"in_reply_to_status_id_str":null,"in_reply_to_user_id":null,"in_reply_to_user_id_str":null,"in_reply_to_screen_name":null,"user":{"id":3010926780,"id_str":"3010926780","name":"鹿島アントラーズ　公式","screen_name":"atlrs_official","location":"","description":"Jリーグ『鹿島アントラーズ』の公式アカウントです。クラブからの情報をスタッフが配信していきます。※Twitterからクラブへのご質問には、原則お答えできません。予めご了承ください。","url":"http://t.co/jqVQwBXV8a","entities":{"url":{"urls":[{"url":"http://t.co/jqVQwBXV8a","expanded_url":"http://www.so-net.ne.jp/antlers/","display_url":"so-net.ne.jp/antlers/","indices":[0,22]}]},"description":{"urls":[]}},"protected":false,"followers_count":271721,"friends_count":75,"listed_count":976,"created_at":"Fri Feb 06 07:00:07 +0000 2015","favourites_count":0,"utc_offset":28800,"time_zone":"Irkutsk","geo_enabled":false,"verified":true,"statuses_count":9444,"lang":"ja","contributors_enabled":false,"is_translator":false,"is_translation_enabled":false,"profile_background_color":"000000","profile_background_image_url":"http://abs.twimg.com/images/themes/theme1/bg.png","profile_background_image_url_https":"https://abs.twimg.com/images/themes/theme1/bg.png","profile_background_tile":false,"profile_image_url":"http://pbs.twimg.com/profile_images/583216081411579904/YVdDxDsq_normal.png","profile_image_url_https":"https://pbs.twimg.com/profile_images/583216081411579904/YVdDxDsq_normal.png","profile_banner_url":"https://pbs.twimg.com/profile_banners/3010926780/1489744382","profile_link_color":"DD2E44","profile_sidebar_border_color":"000000","profile_sidebar_fill_color":"000000","profile_text_color":"000000","profile_use_background_image":false,"has_extended_profile":false,"default_profile":false,"default_profile_image":false,"following":false,"follow_request_sent":false,"notifications":false,"translator_type":"none"},"geo":null,"coordinates":null,"place":null,"contributors":null,"is_quote_status":false,"retweet_count":195,"favorite_count":306,"favorited":false,"retweeted":false,"possibly_sensitive":false,"lang":"ja"},{"created_at":"Sat Jul 08 11:37:00 +0000 2017","id":883651127283114000,"id_str":"883651127283113984","text":"伊野尾くんに似ているモノ…ヘルメット!\n確かに～!!スタジオのスタッフもビックリしています!笑 #nhkらじらー","truncated":false,"entities":{"hashtags":[{"text":"nhkらじらー","indices":[48,56]}],"symbols":[],"user_mentions":[],"urls":[]},"metadata":{"iso_language_code":"ja","result_type":"recent"},"source":"<a href=\"http://www.nhk.or.jp/\" rel=\"nofollow\">NHK</a>","in_reply_to_status_id":null,"in_reply_to_status_id_str":null,"in_reply_to_user_id":null,"in_reply_to_user_id_str":null,"in_reply_to_screen_name":null,"user":{"id":505321772,"id_str":"505321772","name":"らじらー！","screen_name":"nhk_radirer","location":"東京都渋谷区","description":"土曜20時～Hey! Say! JUMP八乙女光・伊野尾慧、ジャニーズJr.安井謙太郎・髙橋優斗、Sexy Zone、日曜21時～オリラジ中田敦彦・藤森慎吾、隔週で乃木坂46、SKE48▼利用規約→http://t.co/Q11WanxIUh　フォローの考え方→https://t.co/8lVsvM27YP","url":"http://t.co/LsT5Uxt5e2","entities":{"url":{"urls":[{"url":"http://t.co/LsT5Uxt5e2","expanded_url":"http://www.nhk.or.jp/radirer/","display_url":"nhk.or.jp/radirer/","indices":[0,22]}]},"description":{"urls":[{"url":"http://t.co/Q11WanxIUh","expanded_url":"http://nhk.jp/rules","display_url":"nhk.jp/rules","indices":[99,121]},{"url":"https://t.co/8lVsvM27YP","expanded_url":"http://nhk.jp/tw_f","display_url":"nhk.jp/tw_f","indices":[131,154]}]}},"protected":false,"followers_count":146264,"friends_count":4,"listed_count":693,"created_at":"Mon Feb 27 02:46:21 +0000 2012","favourites_count":0,"utc_offset":32400,"time_zone":"Tokyo","geo_enabled":false,"verified":true,"statuses_count":42258,"lang":"ja","contributors_enabled":false,"is_translator":false,"is_translation_enabled":true,"profile_background_color":"C0DEED","profile_background_image_url":"http://pbs.twimg.com/profile_background_images/882475858383863808/G0cxdhhJ.jpg","profile_background_image_url_https":"https://pbs.twimg.com/profile_background_images/882475858383863808/G0cxdhhJ.jpg","profile_background_tile":true,"profile_image_url":"http://pbs.twimg.com/profile_images/583186882583887872/nN-8FedV_normal.jpg","profile_image_url_https":"https://pbs.twimg.com/profile_images/583186882583887872/nN-8FedV_normal.jpg","profile_link_color":"0084B4","profile_sidebar_border_color":"C0DEED","profile_sidebar_fill_color":"DDEEF6","profile_text_color":"333333","profile_use_background_image":true,"has_extended_profile":false,"default_profile":false,"default_profile_image":false,"following":false,"follow_request_sent":false,"notifications":false,"translator_type":"none"},"geo":null,"coordinates":null,"place":null,"contributors":null,"is_quote_status":false,"retweet_count":150,"favorite_count":549,"favorited":false,"retweeted":false,"lang":"ja"},{"created_at":"Sat Jul 08 11:36:44 +0000 2017","id":883651056680304600,"id_str":"883651056680304640","text":"◆『活撃 刀剣乱舞』◆\n最速放映まで、4時間をお知らせ致します。 \n\nスタジオでも本日作業中のスタッフ達とリアルタイムで視聴致しますね。\nご一緒致しましょう！！\n第一話より場面写をご紹介―今晩第二話、もうすぐです。\n\nハッシュタグ… https://t.co/zzfoyO8A7t","truncated":true,"entities":{"hashtags":[],"symbols":[],"user_mentions":[],"urls":[{"url":"https://t.co/zzfoyO8A7t","expanded_url":"https://twitter.com/i/web/status/883651056680304640","display_url":"twitter.com/i/web/status/8…","indices":[117,140]}]},"metadata":{"iso_language_code":"ja","result_type":"recent"},"source":"<a href=\"http://twitter.com\" rel=\"nofollow\">Twitter Web Client</a>","in_reply_to_status_id":null,"in_reply_to_status_id_str":null,"in_reply_to_user_id":null,"in_reply_to_user_id_str":null,"in_reply_to_screen_name":null,"user":{"id":17445709,"id_str":"17445709","name":"ufotable","screen_name":"ufotable","location":"Koenji","description":"アニメーションスタジオufotableの公式アカウント。弊社運営の映画館やカフェもお楽しみ下さい:) テイルズ オブ ゼスティリア ザ クロス / Fate/stay night[Heaven's Feel] / 活撃 刀剣乱舞 制作中です。","url":"https://t.co/xCmyGQu8uw","entities":{"url":{"urls":[{"url":"https://t.co/xCmyGQu8uw","expanded_url":"http://www.ufotable.com/","display_url":"ufotable.com","indices":[0,23]}]},"description":{"urls":[]}},"protected":false,"followers_count":151538,"friends_count":17,"listed_count":2953,"created_at":"Mon Nov 17 17:25:51 +0000 2008","favourites_count":26,"utc_offset":32400,"time_zone":"Tokyo","geo_enabled":true,"verified":false,"statuses_count":19498,"lang":"en","contributors_enabled":false,"is_translator":false,"is_translation_enabled":false,"profile_background_color":"7D1414","profile_background_image_url":"http://pbs.twimg.com/profile_background_images/773881838/00e2d05d7a6b0164c4058490ea2c997b.png","profile_background_image_url_https":"https://pbs.twimg.com/profile_background_images/773881838/00e2d05d7a6b0164c4058490ea2c997b.png","profile_background_tile":false,"profile_image_url":"http://pbs.twimg.com/profile_images/883340167792087040/4UaLazm5_normal.jpg","profile_image_url_https":"https://pbs.twimg.com/profile_images/883340167792087040/4UaLazm5_normal.jpg","profile_banner_url":"https://pbs.twimg.com/profile_banners/17445709/1493642368","profile_link_color":"EDBF07","profile_sidebar_border_color":"FFFFFF","profile_sidebar_fill_color":"AE0000","profile_text_color":"333333","profile_use_background_image":true,"has_extended_profile":false,"default_profile":false,"default_profile_image":false,"following":false,"follow_request_sent":false,"notifications":false,"translator_type":"none"},"geo":null,"coordinates":null,"place":null,"contributors":null,"is_quote_status":false,"retweet_count":106,"favorite_count":111,"favorited":false,"retweeted":false,"possibly_sensitive":false,"lang":"ja"},{"created_at":"Sat Jul 08 11:36:23 +0000 2017","id":883650969849913300,"id_str":"883650969849913345","text":"素敵なインストとMIX\nありがたいでございました🙄💓\n\n【inst】マムシ/中村賢さん\n@ma_mu_see\n【MIX】adcさん\n@adc_dayo_1231 \n\n原曲\nRADWIMPS/週刊少年ジャンプ","truncated":false,"entities":{"hashtags":[],"symbols":[],"user_mentions":[{"screen_name":"ma_mu_see","name":"マムシ/中村賢","id":171934979,"id_str":"171934979","indices":[44,54]},{"screen_name":"adc_dayo_1231","name":"クレヨンハート（adc）","id":842780553753460700,"id_str":"842780553753460737","indices":[66,80]}],"urls":[]},"metadata":{"iso_language_code":"ja","result_type":"recent"},"source":"<a href=\"http://twitter.com/download/iphone\" rel=\"nofollow\">Twitter for iPhone</a>","in_reply_to_status_id":883282489321463800,"in_reply_to_status_id_str":"883282489321463808","in_reply_to_user_id":3036621878,"in_reply_to_user_id_str":"3036621878","in_reply_to_screen_name":"teokun711","user":{"id":3036621878,"id_str":"3036621878","name":"テオくん@幸せ者","screen_name":"teokun711","location":"","description":"AB型21歳いぇい。固定ツイートに動画まとめてます@テオファミ最高です。距離縮め垢→【@teokun7117】僕はwimper♪連絡はsupport@vaz.co.jp【instagram】→https://t.co/bwbrKggxMrスカイピース@skypeace_teojin","url":"https://t.co/DwFKLxUOdc","entities":{"url":{"urls":[{"url":"https://t.co/DwFKLxUOdc","expanded_url":"https://www.youtube.com/channel/UCj6_0tBpVpmyYSGu6f-uKqw","display_url":"youtube.com/channel/UCj6_0…","indices":[0,23]}]},"description":{"urls":[{"url":"https://t.co/bwbrKggxMr","expanded_url":"https://www.instagram.com/teokun.711/","display_url":"instagram.com/teokun.711/","indices":[96,119]}]}},"protected":false,"followers_count":416071,"friends_count":184,"listed_count":898,"created_at":"Sun Feb 22 15:11:20 +0000 2015","favourites_count":64091,"utc_offset":-25200,"time_zone":"Pacific Time (US & Canada)","geo_enabled":true,"verified":false,"statuses_count":15319,"lang":"ja","contributors_enabled":false,"is_translator":false,"is_translation_enabled":false,"profile_background_color":"000000","profile_background_image_url":"http://abs.twimg.com/images/themes/theme1/bg.png","profile_background_image_url_https":"https://abs.twimg.com/images/themes/theme1/bg.png","profile_background_tile":false,"profile_image_url":"http://pbs.twimg.com/profile_images/858322819075104768/xD4WSaAr_normal.jpg","profile_image_url_https":"https://pbs.twimg.com/profile_images/858322819075104768/xD4WSaAr_normal.jpg","profile_banner_url":"https://pbs.twimg.com/profile_banners/3036621878/1495682503","profile_link_color":"1B95E0","profile_sidebar_border_color":"000000","profile_sidebar_fill_color":"000000","profile_text_color":"000000","profile_use_background_image":false,"has_extended_profile":true,"default_profile":false,"default_profile_image":false,"following":false,"follow_request_sent":false,"notifications":false,"translator_type":"none"},"geo":null,"coordinates":null,"place":null,"contributors":null,"is_quote_status":false,"retweet_count":144,"favorite_count":1229,"favorited":false,"retweeted":false,"lang":"ja"}],"search_metadata":{"completed_in":0.057,"max_id":883651903057350700,"max_id_str":"883651903057350656","next_results":"?max_id=883650969849913344&q=lang%3Aja%20min_retweets%3A50&include_entities=1","query":"lang%3Aja+min_retweets%3A50","refresh_url":"?since_id=883651903057350656&q=lang%3Aja%20min_retweets%3A50&include_entities=1","count":15,"since_id":0,"since_id_str":"0"}}