{"statuses":[{"created_at":"Sun Jul 09 07:20:16 +0000 2017","id":883948905162874900,"id_str":"883948905162874880","text":"7/10(月)の予告先発\n（C-DB）野村×今永\n#NPB","truncated":false,"entities":{"hashtags":[{"text":"NPB","indices":[25,29]}],"symbols":[],"user_mentions":[],"urls":[]},"metadata":{"iso_language_code":"ja","result_type":"recent"},"source":"<a href=\"http://npb.jp\" rel=\"nofollow\">日本野球機構（NPB）</a>","in_reply_to_status_id":null,"in_reply_to_status_id_str":null,"in_reply_to_user_id":null,"in_reply_to_user_id_str":null,"in_reply_to_screen_name":null,"user":{"id":3935217673,"id_str":"3935217673","name":"日本野球機構（NPB）","screen_name":"npb","location":"","description":"日本野球機構（NPB）の公式Twitterアカウントです。プロ野球の試合やイベントの情報をお届けします。","url":"https://t.co/Zd3Cn1LPaw","entities":{"url":{"urls":[{"url":"https://t.co/Zd3Cn1LPaw","expanded_url":"http://npb.jp","display_url":"npb.jp","indices":[0,23]}]},"description":{"urls":[]}},"protected":false,"followers_count":161112,"friends_count":16,"listed_count":1331,"created_at":"Sun Oct 18 10:59:58 +0000 2015","favourites_count":0,"utc_offset":32400,"time_zone":"Tokyo","geo_enabled":false,"verified":true,"statuses_count":3210,"lang":"ja","contributors_enabled":false,"is_translator":false,"is_translation_enabled":false,"profile_background_color":"000000","profile_background_image_url":"http://abs.twimg.com/images/themes/theme1/bg.png","profile_background_image_url_https":"https://abs.twimg.com/images/themes/theme1/bg.png","profile_background_tile":false,"profile_image_url":"http://pbs.twimg.com/profile_images/679056516679270400/_Tti-d3X_normal.png","profile_image_url_https":"https://pbs.twimg.com/profile_images/679056516679270400/_Tti-d3X_normal.png","profile_banner_url":"https://pbs.twimg.com/profile_banners/3935217673/1490850871","profile_link_color":"0084B4","profile_sidebar_border_color":"000000","profile_sidebar_fill_color":"000000","profile_text_color":"000000","profile_use_background_image":false,"has_extended_profile":false,"default_profile":false,"default_profile_image":false,"following":false,"follow_request_sent":false,"notifications":false,"translator_type":"regular"},"geo":null,"coordinates":null,"place":null,"contributors":null,"is_quote_status":false,"retweet_count":65,"favorite_count":29,"favorited":false,"retweeted":false,"lang":"ja"},{"created_at":"Sun Jul 09 07:19:55 +0000 2017","id":883948814855360500,"id_str":"883948814855360512","text":"朗読劇×オーケストラ「星の王子さま」昼の回、終了致しました。\nご来場下さった皆さま、ありがとうございました！\n夜の回にご来場の皆さま、お楽しみに〜♪\n王子さま役の蒼井さんと2ショット〜っ！ https://t.co/o3Lt7FssIX","truncated":false,"entities":{"hashtags":[],"symbols":[],"user_mentions":[],"urls":[],"media":[{"id":883948805653053400,"id_str":"883948805653053440","indices":[95,118],"media_url":"http://pbs.twimg.com/media/DERqwWCUwAAH-Jb.jpg","media_url_https":"https://pbs.twimg.com/media/DERqwWCUwAAH-Jb.jpg","url":"https://t.co/o3Lt7FssIX","display_url":"pic.twitter.com/o3Lt7FssIX","expanded_url":"https://twitter.com/hemp_m/status/883948814855360512/photo/1","type":"photo","sizes":{"thumb":{"w":150,"h":150,"resize":"crop"},"large":{"w":2048,"h":1535,"resize":"fit"},"small":{"w":680,"h":510,"resize":"fit"},"medium":{"w":1200,"h":899,"resize":"fit"}}}]},"extended_entities":{"media":[{"id":883948805653053400,"id_str":"883948805653053440","indices":[95,118],"media_url":"http://pbs.twimg.com/media/DERqwWCUwAAH-Jb.jpg","media_url_https":"https://pbs.twimg.com/media/DERqwWCUwAAH-Jb.jpg","url":"https://t.co/o3Lt7FssIX","display_url":"pic.twitter.com/o3Lt7FssIX","expanded_url":"https://twitter.com/hemp_m/status/883948814855360512/photo/1","type":"photo","sizes":{"thumb":{"w":150,"h":150,"resize":"crop"},"large":{"w":2048,"h":1535,"resize":"fit"},"small":{"w":680,"h":510,"resize":"fit"},"medium":{"w":1200,"h":899,"resize":"fit"}}}]},"metadata":{"iso_language_code":"ja","result_type":"recent"},"source":"<a href=\"http://twitter.com/download/iphone\" rel=\"nofollow\">Twitter for iPhone</a>","in_reply_to_status_id":null,"in_reply_to_status_id_str":null,"in_reply_to_user_id":null,"in_reply_to_user_id_str":null,"in_reply_to_screen_name":null,"user":{"id":362351427,"id_str":"362351427","name":"SETマネージャー 湊","screen_name":"hemp_m","location":"","description":"スーパーエキセントリックシアター(SET)マネージャーです。主に豊永利行、さらに矢野奨吾&SET関連ネタを書かせて頂いてます。よろしくどうぞ♪","url":null,"entities":{"description":{"urls":[]}},"protected":false,"followers_count":34265,"friends_count":68,"listed_count":806,"created_at":"Fri Aug 26 07:46:17 +0000 2011","favourites_count":0,"utc_offset":null,"time_zone":null,"geo_enabled":true,"verified":false,"statuses_count":3574,"lang":"ja","contributors_enabled":false,"is_translator":false,"is_translation_enabled":false,"profile_background_color":"000000","profile_background_image_url":"http://abs.twimg.com/images/themes/theme1/bg.png","profile_background_image_url_https":"https://abs.twimg.com/images/themes/theme1/bg.png","profile_background_tile":false,"profile_image_url":"http://pbs.twimg.com/profile_images/635373462333198337/T39fIGIv_normal.jpg","profile_image_url_https":"https://pbs.twimg.com/profile_images/635373462333198337/T39fIGIv_normal.jpg","profile_banner_url":"https://pbs.twimg.com/profile_banners/362351427/1486104838","profile_link_color":"FA743E","profile_sidebar_border_color":"000000","profile_sidebar_fill_color":"000000","profile_text_color":"000000","profile_use_background_image":false,"has_extended_profile":false,"default_profile":false,"default_profile_image":false,"following":false,"follow_request_sent":false,"notifications":false,"translator_type":"none"},"geo":null,"coordinates":null,"place":null,"contributors":null,"is_quote_status":false,"retweet_count":133,"favorite_count":227,"favorited":false,"retweeted":false,"possibly_sensitive":false,"lang":"ja"},{"created_at":"Sun Jul 09 07:19:38 +0000 2017","id":883948744957349900,"id_str":"883948744957349888","text":"追い上げられる苦しい展開を変える桑原選手のソロホームラン！\n中日 3-5 DeNA\n#baystars","truncated":false,"entities":{"hashtags":[{"text":"baystars","indices":[42,51]}],"symbols":[],"user_mentions":[],"urls":[]},"metadata":{"iso_language_code":"ja","result_type":"recent"},"source":"<a href=\"http://twitter.com/download/iphone\" rel=\"nofollow\">Twitter for iPhone</a>","in_reply_to_status_id":null,"in_reply_to_status_id_str":null,"in_reply_to_user_id":null,"in_reply_to_user_id_str":null,"in_reply_to_screen_name":null,"user":{"id":3254167034,"id_str":"3254167034","name":"DeNA Sports","screen_name":"dena_sports","location":"","description":"横浜DeNAベイスターズ、DeNA Running Club、車椅子バスケットボールの香西宏昭選手など、DeNAのスポーツ関連情報を発信する公式Twitterアカウントです。 各種試合情報、関連サービス情報等をつぶやきます。  SHOWROOM試合中継はこちら→https://t.co/m7VF3Jb3YA","url":null,"entities":{"description":{"urls":[{"url":"https://t.co/m7VF3Jb3YA","expanded_url":"https://www.showroom-live.com/baystars","display_url":"showroom-live.com/baystars","indices":[131,154]}]}},"protected":false,"followers_count":14085,"friends_count":4,"listed_count":256,"created_at":"Wed Jun 24 01:58:03 +0000 2015","favourites_count":16,"utc_offset":-25200,"time_zone":"Pacific Time (US & Canada)","geo_enabled":true,"verified":false,"statuses_count":2987,"lang":"ja","contributors_enabled":false,"is_translator":false,"is_translation_enabled":false,"profile_background_color":"C0DEED","profile_background_image_url":"http://abs.twimg.com/images/themes/theme1/bg.png","profile_background_image_url_https":"https://abs.twimg.com/images/themes/theme1/bg.png","profile_background_tile":false,"profile_image_url":"http://pbs.twimg.com/profile_images/620435265056714753/G3zEo_R-_normal.jpg","profile_image_url_https":"https://pbs.twimg.com/profile_images/620435265056714753/G3zEo_R-_normal.jpg","profile_link_color":"1DA1F2","profile_sidebar_border_color":"C0DEED","profile_sidebar_fill_color":"DDEEF6","profile_text_color":"333333","profile_use_background_image":true,"has_extended_profile":false,"default_profile":true,"default_profile_image":false,"following":false,"follow_request_sent":false,"notifications":false,"translator_type":"none"},"geo":null,"coordinates":null,"place":null,"contributors":null,"is_quote_status":false,"retweet_count":50,"favorite_count":44,"favorited":false,"retweeted":false,"lang":"ja"},{"created_at":"Sun Jul 09 07:18:31 +0000 2017","id":883948464899448800,"id_str":"883948464899448832","text":"で、でた～ｗｗｗｗｗｗｗｗｗｗ銀魂に影響されて早口+バカでかい声で「○○だよね！？ これ○○だよね！？」とかイタキモいツッコミ入れる腐豚女奴～ｗｗｗｗｗｗｗｗｗｗｗｗｗｗｗｗｗｗｗ","truncated":false,"entities":{"hashtags":[],"symbols":[],"user_mentions":[],"urls":[]},"metadata":{"iso_language_code":"ja","result_type":"recent"},"source":"<a href=\"http://twittbot.net/\" rel=\"nofollow\">twittbot.net</a>","in_reply_to_status_id":null,"in_reply_to_status_id_str":null,"in_reply_to_user_id":null,"in_reply_to_user_id_str":null,"in_reply_to_screen_name":null,"user":{"id":595383148,"id_str":"595383148","name":"奴bot","screen_name":"de_detaawwwww","location":"本物です","description":"なんで私が奴ってるかわかる？ (LINEスタンプ→https://t.co/MfWaUKkmJN) (その他→https://t.co/qYZx8LNf8J)","url":"https://t.co/MnDZDKXSQl","entities":{"url":{"urls":[{"url":"https://t.co/MnDZDKXSQl","expanded_url":"http://twpf.jp/de_detaawwwww","display_url":"twpf.jp/de_detaawwwww","indices":[0,23]}]},"description":{"urls":[{"url":"https://t.co/MfWaUKkmJN","expanded_url":"http://line.me/S/sticker/1208244","display_url":"line.me/S/sticker/1208…","indices":[25,48]},{"url":"https://t.co/qYZx8LNf8J","expanded_url":"http://suzuri.jp/Yakko_Nakano","display_url":"suzuri.jp/Yakko_Nakano","indices":[55,78]}]}},"protected":false,"followers_count":443461,"friends_count":41751,"listed_count":2921,"created_at":"Thu May 31 10:43:02 +0000 2012","favourites_count":0,"utc_offset":28800,"time_zone":"Irkutsk","geo_enabled":false,"verified":false,"statuses_count":49153,"lang":"ja","contributors_enabled":false,"is_translator":false,"is_translation_enabled":false,"profile_background_color":"C0DEED","profile_background_image_url":"http://pbs.twimg.com/profile_background_images/566655568/wcgegrvo1od9huthxn93.jpeg","profile_background_image_url_https":"https://pbs.twimg.com/profile_background_images/566655568/wcgegrvo1od9huthxn93.jpeg","profile_background_tile":true,"profile_image_url":"http://pbs.twimg.com/profile_images/880797528416894977/Q6x-GY55_normal.jpg","profile_image_url_https":"https://pbs.twimg.com/profile_images/880797528416894977/Q6x-GY55_normal.jpg","profile_banner_url":"https://pbs.twimg.com/profile_banners/595383148/1490372269","profile_link_color":"0084B4","profile_sidebar_border_color":"C0DEED","profile_sidebar_fill_color":"DDEEF6","profile_text_color":"333333","profile_use_background_image":true,"has_extended_profile":false,"default_profile":false,"default_profile_image":false,"following":false,"follow_request_sent":false,"notifications":false,"translator_type":"none"},"geo":null,"coordinates":null,"place":null,"contributors":null,"is_quote_status":false,"retweet_count":65,"favorite_count":171,"favorited":false,"retweeted":false,"lang":"ja"},{"created_at":"Sun Jul 09 07:18:02 +0000 2017","id":883948342270541800,"id_str":"883948342270541825","text":"【速報 JUST IN 】大阪 東大阪市付近で猛烈な雨 記録的短時間大雨情報 #nhk_news https://t.co/knjZQTy57B","truncated":false,"entities":{"hashtags":[{"text":"nhk_news","indices":[39,48]}],"symbols":[],"user_mentions":[],"urls":[{"url":"https://t.co/knjZQTy57B","expanded_url":"http://www3.nhk.or.jp/news/html/20170709/k10011051041000.html","display_url":"www3.nhk.or.jp/news/html/2017…","indices":[49,72]}]},"metadata":{"iso_language_code":"ja","result_type":"recent"},"source":"<a href=\"http://www.nhk.or.jp/\" rel=\"nofollow\">NHK</a>","in_reply_to_status_id":null,"in_reply_to_status_id_str":null,"in_reply_to_user_id":null,"in_reply_to_user_id_str":null,"in_reply_to_screen_name":null,"user":{"id":204245399,"id_str":"204245399","name":"NHKニュース","screen_name":"nhk_news","location":"東京都渋谷区神南2-2-1","description":"NHKニュースの公式アカウントです。最新のニュースを24時間休みなくお届けします。 http://t.co/Q11WanxIUh をご確認、ご了承ください。問い合わせは http://t.co/QHu5wdeNyR","url":"https://t.co/8JA06ePKUg","entities":{"url":{"urls":[{"url":"https://t.co/8JA06ePKUg","expanded_url":"http://nhk.jp/news","display_url":"nhk.jp/news","indices":[0,23]}]},"description":{"urls":[{"url":"http://t.co/Q11WanxIUh","expanded_url":"http://nhk.jp/rules","display_url":"nhk.jp/rules","indices":[42,64]},{"url":"http://t.co/QHu5wdeNyR","expanded_url":"http://www.nhk.or.jp/css/","display_url":"nhk.or.jp/css/","indices":[85,107]}]}},"protected":false,"followers_count":2300174,"friends_count":15,"listed_count":58495,"created_at":"Mon Oct 18 08:15:29 +0000 2010","favourites_count":0,"utc_offset":32400,"time_zone":"Tokyo","geo_enabled":false,"verified":true,"statuses_count":294497,"lang":"ja","contributors_enabled":false,"is_translator":false,"is_translation_enabled":true,"profile_background_color":"C0DEED","profile_background_image_url":"http://pbs.twimg.com/profile_background_images/828499082087796737/ppZx0TZa.jpg","profile_background_image_url_https":"https://pbs.twimg.com/profile_background_images/828499082087796737/ppZx0TZa.jpg","profile_background_tile":false,"profile_image_url":"http://pbs.twimg.com/profile_images/712261429701713920/mkdC8tNc_normal.jpg","profile_image_url_https":"https://pbs.twimg.com/profile_images/712261429701713920/mkdC8tNc_normal.jpg","profile_banner_url":"https://pbs.twimg.com/profile_banners/204245399/1401946722","profile_link_color":"0084B4","profile_sidebar_border_color":"C0DEED","profile_sidebar_fill_color":"DDEEF6","profile_text_color":"333333","profile_use_background_image":true,"has_extended_profile":false,"default_profile":false,"default_profile_image":false,"following":false,"follow_request_sent":false,"notifications":false,"translator_type":"none"},"geo":null,"coordinates":null,"place":null,"contributors":null,"is_quote_status":false,"retweet_count":195,"favorite_count":50,"favorited":false,"retweeted":false,"possibly_sensitive":false,"lang":"ja"},{"created_at":"Sun Jul 09 07:17:53 +0000 2017","id":883948306212077600,"id_str":"883948306212077568","text":"【大阪 東大阪市付近で猛烈な雨 記録的短時間大雨情報】（続き）\n気象庁は、災害の危険が迫っていることから「記録的短時間大雨情報」を発表して、安全を確保するよう呼びかけています。\n（2017年7月9日 16:17 NHK）","truncated":false,"entities":{"hashtags":[],"symbols":[],"user_mentions":[],"urls":[]},"metadata":{"iso_language_code":"ja","result_type":"recent"},"source":"<a href=\"https://unnerv.jp/@UN_NERV\" rel=\"nofollow\">特務機関NERV MAGI</a>","in_reply_to_status_id":null,"in_reply_to_status_id_str":null,"in_reply_to_user_id":null,"in_reply_to_user_id_str":null,"in_reply_to_screen_name":null,"user":{"id":116548789,"id_str":"116548789","name":"特務機関NERV","screen_name":"UN_NERV","location":"第3新東京市","description":"U.N.NERV\r\nネルフです。本アカウントからの返信やRTは行えません。発表のみを行うアカウントとなります。お問い合わせなどは広報アカウント @NERVPR 宛にお願いいたします。ヤシマ作戦公式アカウントです。ヤシマ作戦及び本アカウントはエヴァンゲリオン版権元のご理解とご協力により、公認ですが非公式です。","url":"https://t.co/h4VV1lfQxP","entities":{"url":{"urls":[{"url":"https://t.co/h4VV1lfQxP","expanded_url":"https://unnerv.jp/@UN_NERV","display_url":"unnerv.jp/@UN_NERV","indices":[0,23]}]},"description":{"urls":[]}},"protected":false,"followers_count":424411,"friends_count":101,"listed_count":17131,"created_at":"Mon Feb 22 21:35:21 +0000 2010","favourites_count":1,"utc_offset":32400,"time_zone":"Tokyo","geo_enabled":false,"verified":false,"statuses_count":176568,"lang":"ja","contributors_enabled":false,"is_translator":false,"is_translation_enabled":false,"profile_background_color":"808080","profile_background_image_url":"http://pbs.twimg.com/profile_background_images/77623949/img74d96c6fzik8zj.png","profile_background_image_url_https":"https://pbs.twimg.com/profile_background_images/77623949/img74d96c6fzik8zj.png","profile_background_tile":false,"profile_image_url":"http://pbs.twimg.com/profile_images/1874890040/un_nerv_normal.png","profile_image_url_https":"https://pbs.twimg.com/profile_images/1874890040/un_nerv_normal.png","profile_banner_url":"https://pbs.twimg.com/profile_banners/116548789/1352202156","profile_link_color":"A8A8A8","profile_sidebar_border_color":"C20F0F","profile_sidebar_fill_color":"000000","profile_text_color":"D41515","profile_use_background_image":true,"has_extended_profile":false,"default_profile":false,"default_profile_image":false,"following":false,"follow_request_sent":false,"notifications":false,"translator_type":"none"},"geo":null,"coordinates":null,"place":null,"contributors":null,"is_quote_status":false,"retweet_count":101,"favorite_count":20,"favorited":false,"retweeted":false,"lang":"ja"},{"created_at":"Sun Jul 09 07:17:52 +0000 2017","id":883948299803254800,"id_str":"883948299803254784","text":"【大阪 東大阪市付近で猛烈な雨 記録的短時間大雨情報】\n気象庁によりますと、大阪・東大阪市付近では、レーダーによる解析で、午後4時までの1時間におよそ110ミリの猛烈な雨が降ったと見られます。\nhttps://t.co/4IvvOeN7D1","truncated":false,"entities":{"hashtags":[],"symbols":[],"user_mentions":[],"urls":[{"url":"https://t.co/4IvvOeN7D1","expanded_url":"http://nerv.link/lETALu","display_url":"nerv.link/lETALu","indices":[97,120]}]},"metadata":{"iso_language_code":"ja","result_type":"recent"},"source":"<a href=\"https://unnerv.jp/@UN_NERV\" rel=\"nofollow\">特務機関NERV MAGI</a>","in_reply_to_status_id":null,"in_reply_to_status_id_str":null,"in_reply_to_user_id":null,"in_reply_to_user_id_str":null,"in_reply_to_screen_name":null,"user":{"id":116548789,"id_str":"116548789","name":"特務機関NERV","screen_name":"UN_NERV","location":"第3新東京市","description":"U.N.NERV\r\nネルフです。本アカウントからの返信やRTは行えません。発表のみを行うアカウントとなります。お問い合わせなどは広報アカウント @NERVPR 宛にお願いいたします。ヤシマ作戦公式アカウントです。ヤシマ作戦及び本アカウントはエヴァンゲリオン版権元のご理解とご協力により、公認ですが非公式です。","url":"https://t.co/h4VV1lfQxP","entities":{"url":{"urls":[{"url":"https://t.co/h4VV1lfQxP","expanded_url":"https://unnerv.jp/@UN_NERV","display_url":"unnerv.jp/@UN_NERV","indices":[0,23]}]},"description":{"urls":[]}},"protected":false,"followers_count":424411,"friends_count":101,"listed_count":17131,"created_at":"Mon Feb 22 21:35:21 +0000 2010","favourites_count":1,"utc_offset":32400,"time_zone":"Tokyo","geo_enabled":false,"verified":false,"statuses_count":176568,"lang":"ja","contributors_enabled":false,"is_translator":false,"is_translation_enabled":false,"profile_background_color":"808080","profile_background_image_url":"http://pbs.twimg.com/profile_background_images/77623949/img74d96c6fzik8zj.png","profile_background_image_url_https":"https://pbs.twimg.com/profile_background_images/77623949/img74d96c6fzik8zj.png","profile_background_tile":false,"profile_image_url":"http://pbs.twimg.com/profile_images/1874890040/un_nerv_normal.png","profile_image_url_https":"https://pbs.twimg.com/profile_images/1874890040/un_nerv_normal.png","profile_banner_url":"https://pbs.twimg.com/profile_banners/116548789/1352202156","profile_link_color":"A8A8A8","profile_sidebar_border_color":"C20F0F","profile_sidebar_fill_color":"000000","profile_text_color":"D41515","profile_use_background_image":true,"has_extended_profile":false,"default_profile":false,"default_profile_image":false,"following":false,"follow_request_sent":false,"notifications":false,"translator_type":"none"},"geo":null,"coordinates":null,"place":null,"contributors":null,"is_quote_status":false,"retweet_count":129,"favorite_count":23,"favorited":false,"retweeted":false,"possibly_sensitive":false,"lang":"ja"},{"created_at":"Sun Jul 09 07:17:29 +0000 2017","id":883948202986164200,"id_str":"883948202986164225","text":"わ！フォロワー45000人突破！！\nこれからもよろしくお願いします！ https://t.co/s3y9ACRsUf","truncated":false,"entities":{"hashtags":[],"symbols":[],"user_mentions":[],"urls":[],"media":[{"id":883948194442260500,"id_str":"883948194442260480","indices":[35,58],"media_url":"http://pbs.twimg.com/media/DERqMxGUMAA7Zm6.jpg","media_url_https":"https://pbs.twimg.com/media/DERqMxGUMAA7Zm6.jpg","url":"https://t.co/s3y9ACRsUf","display_url":"pic.twitter.com/s3y9ACRsUf","expanded_url":"https://twitter.com/AzusaTadokoro/status/883948202986164225/photo/1","type":"photo","sizes":{"medium":{"w":742,"h":1200,"resize":"fit"},"thumb":{"w":150,"h":150,"resize":"crop"},"small":{"w":420,"h":680,"resize":"fit"},"large":{"w":1266,"h":2048,"resize":"fit"}}}]},"extended_entities":{"media":[{"id":883948194442260500,"id_str":"883948194442260480","indices":[35,58],"media_url":"http://pbs.twimg.com/media/DERqMxGUMAA7Zm6.jpg","media_url_https":"https://pbs.twimg.com/media/DERqMxGUMAA7Zm6.jpg","url":"https://t.co/s3y9ACRsUf","display_url":"pic.twitter.com/s3y9ACRsUf","expanded_url":"https://twitter.com/AzusaTadokoro/status/883948202986164225/photo/1","type":"photo","sizes":{"medium":{"w":742,"h":1200,"resize":"fit"},"thumb":{"w":150,"h":150,"resize":"crop"},"small":{"w":420,"h":680,"resize":"fit"},"large":{"w":1266,"h":2048,"resize":"fit"}}}]},"metadata":{"iso_language_code":"ja","result_type":"recent"},"source":"<a href=\"http://twitter.com/download/iphone\" rel=\"nofollow\">Twitter for iPhone</a>","in_reply_to_status_id":null,"in_reply_to_status_id_str":null,"in_reply_to_user_id":null,"in_reply_to_user_id_str":null,"in_reply_to_screen_name":null,"user":{"id":3195095402,"id_str":"3195095402","name":"田所あずさofficial","screen_name":"AzusaTadokoro","location":"","description":"ホリプロ所属 茨城県出身声優 田所あずさの公式STAFFアカウント。 DilEMmAツアー7/10仙台ファイナル！6thシングル「DEAREST DROP」（TVアニメ「すかすか」OP、ヒロイン・クトリ役）、TVアニメ「アイカツスターズ！」「Sin七つの大罪」、「エージェントHaZAP」#田所あずさ","url":"https://t.co/RtG4jobUkp","entities":{"url":{"urls":[{"url":"https://t.co/RtG4jobUkp","expanded_url":"http://tadokoroazusa.com","display_url":"tadokoroazusa.com","indices":[0,23]}]},"description":{"urls":[]}},"protected":false,"followers_count":45004,"friends_count":334,"listed_count":2005,"created_at":"Thu May 14 09:00:35 +0000 2015","favourites_count":7,"utc_offset":-25200,"time_zone":"Pacific Time (US & Canada)","geo_enabled":false,"verified":false,"statuses_count":2669,"lang":"ja","contributors_enabled":false,"is_translator":false,"is_translation_enabled":false,"profile_background_color":"C0DEED","profile_background_image_url":"http://abs.twimg.com/images/themes/theme1/bg.png","profile_background_image_url_https":"https://abs.twimg.com/images/themes/theme1/bg.png","profile_background_tile":false,"profile_image_url":"http://pbs.twimg.com/profile_images/833080275663859712/87qoHK0J_normal.jpg","profile_image_url_https":"https://pbs.twimg.com/profile_images/833080275663859712/87qoHK0J_normal.jpg","profile_banner_url":"https://pbs.twimg.com/profile_banners/3195095402/1492090485","profile_link_color":"1DA1F2","profile_sidebar_border_color":"C0DEED","profile_sidebar_fill_color":"DDEEF6","profile_text_color":"333333","profile_use_background_image":true,"has_extended_profile":true,"default_profile":true,"default_profile_image":false,"following":false,"follow_request_sent":false,"notifications":false,"translator_type":"none"},"geo":null,"coordinates":null,"place":null,"contributors":null,"is_quote_status":false,"retweet_count":103,"favorite_count":186,"favorited":false,"retweeted":false,"possibly_sensitive":false,"lang":"ja"},{"created_at":"Sun Jul 09 07:17:10 +0000 2017","id":883948123634057200,"id_str":"883948123634057216","text":"【奈良県 気象警報 2017年07月09日 16:17】\n北部では、９日夜のはじめ頃まで低い土地の浸水や河川の増水に警戒してください。 https://t.co/P3PvLCztdQ","truncated":false,"entities":{"hashtags":[],"symbols":[],"user_mentions":[],"urls":[],"media":[{"id":883948120102518800,"id_str":"883948120102518784","indices":[68,91],"media_url":"http://pbs.twimg.com/media/DERqIcKVwAAZ6iK.jpg","media_url_https":"https://pbs.twimg.com/media/DERqIcKVwAAZ6iK.jpg","url":"https://t.co/P3PvLCztdQ","display_url":"pic.twitter.com/P3PvLCztdQ","expanded_url":"https://twitter.com/UN_NERV/status/883948123634057216/photo/1","type":"photo","sizes":{"medium":{"w":1200,"h":675,"resize":"fit"},"large":{"w":1920,"h":1080,"resize":"fit"},"small":{"w":680,"h":383,"resize":"fit"},"thumb":{"w":150,"h":150,"resize":"crop"}}}]},"extended_entities":{"media":[{"id":883948120102518800,"id_str":"883948120102518784","indices":[68,91],"media_url":"http://pbs.twimg.com/media/DERqIcKVwAAZ6iK.jpg","media_url_https":"https://pbs.twimg.com/media/DERqIcKVwAAZ6iK.jpg","url":"https://t.co/P3PvLCztdQ","display_url":"pic.twitter.com/P3PvLCztdQ","expanded_url":"https://twitter.com/UN_NERV/status/883948123634057216/photo/1","type":"photo","sizes":{"medium":{"w":1200,"h":675,"resize":"fit"},"large":{"w":1920,"h":1080,"resize":"fit"},"small":{"w":680,"h":383,"resize":"fit"},"thumb":{"w":150,"h":150,"resize":"crop"}}}]},"metadata":{"iso_language_code":"ja","result_type":"recent"},"source":"<a href=\"https://unnerv.jp/@UN_NERV\" rel=\"nofollow\">特務機関NERV MAGI</a>","in_reply_to_status_id":null,"in_reply_to_status_id_str":null,"in_reply_to_user_id":null,"in_reply_to_user_id_str":null,"in_reply_to_screen_name":null,"user":{"id":116548789,"id_str":"116548789","name":"特務機関NERV","screen_name":"UN_NERV","location":"第3新東京市","description":"U.N.NERV\r\nネルフです。本アカウントからの返信やRTは行えません。発表のみを行うアカウントとなります。お問い合わせなどは広報アカウント @NERVPR 宛にお願いいたします。ヤシマ作戦公式アカウントです。ヤシマ作戦及び本アカウントはエヴァンゲリオン版権元のご理解とご協力により、公認ですが非公式です。","url":"https://t.co/h4VV1lfQxP","entities":{"url":{"urls":[{"url":"https://t.co/h4VV1lfQxP","expanded_url":"https://unnerv.jp/@UN_NERV","display_url":"unnerv.jp/@UN_NERV","indices":[0,23]}]},"description":{"urls":[]}},"protected":false,"followers_count":424411,"friends_count":101,"listed_count":17131,"created_at":"Mon Feb 22 21:35:21 +0000 2010","favourites_count":1,"utc_offset":32400,"time_zone":"Tokyo","geo_enabled":false,"verified":false,"statuses_count":176568,"lang":"ja","contributors_enabled":false,"is_translator":false,"is_translation_enabled":false,"profile_background_color":"808080","profile_background_image_url":"http://pbs.twimg.com/profile_background_images/77623949/img74d96c6fzik8zj.png","profile_background_image_url_https":"https://pbs.twimg.com/profile_background_images/77623949/img74d96c6fzik8zj.png","profile_background_tile":false,"profile_image_url":"http://pbs.twimg.com/profile_images/1874890040/un_nerv_normal.png","profile_image_url_https":"https://pbs.twimg.com/profile_images/1874890040/un_nerv_normal.png","profile_banner_url":"https://pbs.twimg.com/profile_banners/116548789/1352202156","profile_link_color":"A8A8A8","profile_sidebar_border_color":"C20F0F","profile_sidebar_fill_color":"000000","profile_text_color":"D41515","profile_use_background_image":true,"has_extended_profile":false,"default_profile":false,"default_profile_image":false,"following":false,"follow_request_sent":false,"notifications":false,"translator_type":"none"},"geo":null,"coordinates":null,"place":null,"contributors":null,"is_quote_status":false,"retweet_count":49,"favorite_count":17,"favorited":false,"retweeted":false,"possibly_sensitive":false,"lang":"ja"},{"created_at":"Sun Jul 09 07:16:47 +0000 2017","id":883948027358003200,"id_str":"883948027358003200","text":"近畿中部を中心に積乱雲が非常に発達。局地的には1時間に100ミリ以上の猛烈な雨が降っています。浸水の危険度、河川氾濫の危険度が高まり、「非常に危険」の紫色表示の所も。これから数時間は浸水・河川氾濫・土砂災害に警戒を。最新の危険度分… https://t.co/nsKahoyur9","truncated":true,"entities":{"hashtags":[],"symbols":[],"user_mentions":[],"urls":[{"url":"https://t.co/nsKahoyur9","expanded_url":"https://twitter.com/i/web/status/883948027358003200","display_url":"twitter.com/i/web/status/8…","indices":[117,140]}]},"metadata":{"iso_language_code":"ja","result_type":"recent"},"source":"<a href=\"http://janetter.net/\" rel=\"nofollow\">Janetter</a>","in_reply_to_status_id":null,"in_reply_to_status_id_str":null,"in_reply_to_user_id":null,"in_reply_to_user_id_str":null,"in_reply_to_screen_name":null,"user":{"id":71564302,"id_str":"71564302","name":"片平 敦","screen_name":"katahira_tenki","location":"近畿＆徳島県。東京都や埼玉県、宮城県にも時々。","description":"気象解説者。関西テレビ「みんなのニュース 報道ランナー」お天気キャスター。気象予報士・防災士。(株)ウェザーマップ専属気象予報士、(一社)ADI災害研究所理事。著書『仕事で得する天気の雑学』いろは出版。≪好物≫天気▽宇宙▽日本酒▽写真▽マラソン▽囲碁▽読書。","url":"https://t.co/AQPCkgBkms","entities":{"url":{"urls":[{"url":"https://t.co/AQPCkgBkms","expanded_url":"http://bylines.news.yahoo.co.jp/katahiraatsushi/","display_url":"bylines.news.yahoo.co.jp/katahiraatsush…","indices":[0,23]}]},"description":{"urls":[]}},"protected":false,"followers_count":26610,"friends_count":3253,"listed_count":1196,"created_at":"Fri Sep 04 15:42:25 +0000 2009","favourites_count":40,"utc_offset":32400,"time_zone":"Tokyo","geo_enabled":true,"verified":false,"statuses_count":25345,"lang":"ja","contributors_enabled":false,"is_translator":false,"is_translation_enabled":false,"profile_background_color":"000000","profile_background_image_url":"http://abs.twimg.com/images/themes/theme4/bg.gif","profile_background_image_url_https":"https://abs.twimg.com/images/themes/theme4/bg.gif","profile_background_tile":false,"profile_image_url":"http://pbs.twimg.com/profile_images/1113755115/profile-photo_twitter-1__normal.jpg","profile_image_url_https":"https://pbs.twimg.com/profile_images/1113755115/profile-photo_twitter-1__normal.jpg","profile_banner_url":"https://pbs.twimg.com/profile_banners/71564302/1453814240","profile_link_color":"89C9FA","profile_sidebar_border_color":"000000","profile_sidebar_fill_color":"000000","profile_text_color":"000000","profile_use_background_image":false,"has_extended_profile":false,"default_profile":false,"default_profile_image":false,"following":false,"follow_request_sent":false,"notifications":false,"translator_type":"none"},"geo":null,"coordinates":null,"place":null,"contributors":null,"is_quote_status":false,"retweet_count":132,"favorite_count":15,"favorited":false,"retweeted":false,"possibly_sensitive":false,"lang":"ja"},{"created_at":"Sun Jul 09 07:16:28 +0000 2017","id":883947950233141200,"id_str":"883947950233141248","text":"編集中のyoutuberですよアピール自撮り https://t.co/VCxwuinxZC","truncated":false,"entities":{"hashtags":[],"symbols":[],"user_mentions":[],"urls":[],"media":[{"id":883947938803732500,"id_str":"883947938803732480","indices":[23,46],"media_url":"http://pbs.twimg.com/media/DERp94xV0AAjl0H.jpg","media_url_https":"https://pbs.twimg.com/media/DERp94xV0AAjl0H.jpg","url":"https://t.co/VCxwuinxZC","display_url":"pic.twitter.com/VCxwuinxZC","expanded_url":"https://twitter.com/ayachan0619/status/883947950233141248/photo/1","type":"photo","sizes":{"small":{"w":680,"h":510,"resize":"fit"},"large":{"w":1000,"h":750,"resize":"fit"},"thumb":{"w":150,"h":150,"resize":"crop"},"medium":{"w":1000,"h":750,"resize":"fit"}}}]},"extended_entities":{"media":[{"id":883947938803732500,"id_str":"883947938803732480","indices":[23,46],"media_url":"http://pbs.twimg.com/media/DERp94xV0AAjl0H.jpg","media_url_https":"https://pbs.twimg.com/media/DERp94xV0AAjl0H.jpg","url":"https://t.co/VCxwuinxZC","display_url":"pic.twitter.com/VCxwuinxZC","expanded_url":"https://twitter.com/ayachan0619/status/883947950233141248/photo/1","type":"photo","sizes":{"small":{"w":680,"h":510,"resize":"fit"},"large":{"w":1000,"h":750,"resize":"fit"},"thumb":{"w":150,"h":150,"resize":"crop"},"medium":{"w":1000,"h":750,"resize":"fit"}}},{"id":883947938799525900,"id_str":"883947938799525888","indices":[23,46],"media_url":"http://pbs.twimg.com/media/DERp94wVoAAKTQj.jpg","media_url_https":"https://pbs.twimg.com/media/DERp94wVoAAKTQj.jpg","url":"https://t.co/VCxwuinxZC","display_url":"pic.twitter.com/VCxwuinxZC","expanded_url":"https://twitter.com/ayachan0619/status/883947950233141248/photo/1","type":"photo","sizes":{"large":{"w":1000,"h":750,"resize":"fit"},"thumb":{"w":150,"h":150,"resize":"crop"},"medium":{"w":1000,"h":750,"resize":"fit"},"small":{"w":680,"h":510,"resize":"fit"}}}]},"metadata":{"iso_language_code":"ja","result_type":"recent"},"source":"<a href=\"http://twitter.com/download/iphone\" rel=\"nofollow\">Twitter for iPhone</a>","in_reply_to_status_id":null,"in_reply_to_status_id_str":null,"in_reply_to_user_id":null,"in_reply_to_user_id_str":null,"in_reply_to_screen_name":null,"user":{"id":611803048,"id_str":"611803048","name":"あやなん♡","screen_name":"ayachan0619","location":"","description":"YouTube「しばなんチャンネル」で夫婦で仲良く激しく動画をあげてます😁🍓アメブロも赤裸々に更新してるので良かったらみてね〜(*^_^*)→https://t.co/PrPOYtPVDL ポンくん誕生💕😁0427🍓インスタは「ayachan_0619」で検索☆","url":"https://t.co/3yface0lDO","entities":{"url":{"urls":[{"url":"https://t.co/3yface0lDO","expanded_url":"https://www.youtube.com/channel/UColoXxvhfz54o0icqQRPzYw?sub_confirmation=1","display_url":"youtube.com/channel/UColoX…","indices":[0,23]}]},"description":{"urls":[{"url":"https://t.co/PrPOYtPVDL","expanded_url":"http://ameblo.jp/ayanannn0619","display_url":"ameblo.jp/ayanannn0619","indices":[71,94]}]}},"protected":false,"followers_count":333933,"friends_count":114,"listed_count":576,"created_at":"Mon Jun 18 16:20:20 +0000 2012","favourites_count":2588,"utc_offset":32400,"time_zone":"Tokyo","geo_enabled":true,"verified":false,"statuses_count":22208,"lang":"ja","contributors_enabled":false,"is_translator":false,"is_translation_enabled":false,"profile_background_color":"C0DEED","profile_background_image_url":"http://abs.twimg.com/images/themes/theme1/bg.png","profile_background_image_url_https":"https://abs.twimg.com/images/themes/theme1/bg.png","profile_background_tile":false,"profile_image_url":"http://pbs.twimg.com/profile_images/877573251316170753/zf3Vv_0r_normal.jpg","profile_image_url_https":"https://pbs.twimg.com/profile_images/877573251316170753/zf3Vv_0r_normal.jpg","profile_banner_url":"https://pbs.twimg.com/profile_banners/611803048/1499069210","profile_link_color":"1DA1F2","profile_sidebar_border_color":"C0DEED","profile_sidebar_fill_color":"DDEEF6","profile_text_color":"333333","profile_use_background_image":true,"has_extended_profile":true,"default_profile":true,"default_profile_image":false,"following":false,"follow_request_sent":false,"notifications":false,"translator_type":"none"},"geo":null,"coordinates":null,"place":null,"contributors":null,"is_quote_status":false,"retweet_count":100,"favorite_count":1409,"favorited":false,"retweeted":false,"possibly_sensitive":false,"lang":"ja"},{"created_at":"Sun Jul 09 07:16:17 +0000 2017","id":883947900140650500,"id_str":"883947900140650497","text":"パリでの食事\n\nみんな仲良く楽しく頂き、絆深まりました。楽しかったなぁパリ。今日は最終日、少しだけ観光します！\n\n#日本食は少し恋しい https://t.co/n5KopBCjUP","truncated":false,"entities":{"hashtags":[{"text":"日本食は少し恋しい","indices":[57,67]}],"symbols":[],"user_mentions":[],"urls":[],"media":[{"id":883947887595577300,"id_str":"883947887595577344","indices":[68,91],"media_url":"http://pbs.twimg.com/media/DERp66AXYAAES8X.jpg","media_url_https":"https://pbs.twimg.com/media/DERp66AXYAAES8X.jpg","url":"https://t.co/n5KopBCjUP","display_url":"pic.twitter.com/n5KopBCjUP","expanded_url":"https://twitter.com/AND_swgD/status/883947900140650497/photo/1","type":"photo","sizes":{"small":{"w":510,"h":680,"resize":"fit"},"medium":{"w":900,"h":1200,"resize":"fit"},"thumb":{"w":150,"h":150,"resize":"crop"},"large":{"w":1536,"h":2048,"resize":"fit"}}}]},"extended_entities":{"media":[{"id":883947887595577300,"id_str":"883947887595577344","indices":[68,91],"media_url":"http://pbs.twimg.com/media/DERp66AXYAAES8X.jpg","media_url_https":"https://pbs.twimg.com/media/DERp66AXYAAES8X.jpg","url":"https://t.co/n5KopBCjUP","display_url":"pic.twitter.com/n5KopBCjUP","expanded_url":"https://twitter.com/AND_swgD/status/883947900140650497/photo/1","type":"photo","sizes":{"small":{"w":510,"h":680,"resize":"fit"},"medium":{"w":900,"h":1200,"resize":"fit"},"thumb":{"w":150,"h":150,"resize":"crop"},"large":{"w":1536,"h":2048,"resize":"fit"}}},{"id":883947887591403500,"id_str":"883947887591403520","indices":[68,91],"media_url":"http://pbs.twimg.com/media/DERp65_XsAAKUfq.jpg","media_url_https":"https://pbs.twimg.com/media/DERp65_XsAAKUfq.jpg","url":"https://t.co/n5KopBCjUP","display_url":"pic.twitter.com/n5KopBCjUP","expanded_url":"https://twitter.com/AND_swgD/status/883947900140650497/photo/1","type":"photo","sizes":{"large":{"w":957,"h":1277,"resize":"fit"},"thumb":{"w":150,"h":150,"resize":"crop"},"medium":{"w":899,"h":1200,"resize":"fit"},"small":{"w":510,"h":680,"resize":"fit"}}},{"id":883947887591395300,"id_str":"883947887591395328","indices":[68,91],"media_url":"http://pbs.twimg.com/media/DERp65_XkAA7bBf.jpg","media_url_https":"https://pbs.twimg.com/media/DERp65_XkAA7bBf.jpg","url":"https://t.co/n5KopBCjUP","display_url":"pic.twitter.com/n5KopBCjUP","expanded_url":"https://twitter.com/AND_swgD/status/883947900140650497/photo/1","type":"photo","sizes":{"large":{"w":2048,"h":2048,"resize":"fit"},"medium":{"w":1200,"h":1200,"resize":"fit"},"thumb":{"w":150,"h":150,"resize":"crop"},"small":{"w":680,"h":680,"resize":"fit"}}},{"id":883947887595532300,"id_str":"883947887595532288","indices":[68,91],"media_url":"http://pbs.twimg.com/media/DERp66AWsAAhOne.jpg","media_url_https":"https://pbs.twimg.com/media/DERp66AWsAAhOne.jpg","url":"https://t.co/n5KopBCjUP","display_url":"pic.twitter.com/n5KopBCjUP","expanded_url":"https://twitter.com/AND_swgD/status/883947900140650497/photo/1","type":"photo","sizes":{"small":{"w":680,"h":680,"resize":"fit"},"thumb":{"w":150,"h":150,"resize":"crop"},"medium":{"w":1200,"h":1200,"resize":"fit"},"large":{"w":2048,"h":2048,"resize":"fit"}}}]},"metadata":{"iso_language_code":"ja","result_type":"recent"},"source":"<a href=\"http://twitter.com/download/iphone\" rel=\"nofollow\">Twitter for iPhone</a>","in_reply_to_status_id":null,"in_reply_to_status_id_str":null,"in_reply_to_user_id":null,"in_reply_to_user_id_str":null,"in_reply_to_screen_name":null,"user":{"id":3009586267,"id_str":"3009586267","name":"佐伯大地","screen_name":"AND_swgD","location":"","description":"東京で役者してます。 出演情報 毎週木曜21:54〜NTV系「街活ABC」 映画『少女椿』 鞭棄 / 日本テレビ系 7月期 日曜ドラマ 「愛してたって、秘密はある。」井上大吾役  / 刀剣男士team三条with加州清光 岩融 豪放磊落で愚鈍な男ですが、しんしんと ホリエージェンシー所属","url":"https://t.co/opUXS9QhaM","entities":{"url":{"urls":[{"url":"https://t.co/opUXS9QhaM","expanded_url":"https://saeki-daichi.com/","display_url":"saeki-daichi.com","indices":[0,23]}]},"description":{"urls":[]}},"protected":false,"followers_count":60838,"friends_count":335,"listed_count":2373,"created_at":"Thu Feb 05 00:27:34 +0000 2015","favourites_count":5761,"utc_offset":null,"time_zone":null,"geo_enabled":true,"verified":true,"statuses_count":1591,"lang":"ja","contributors_enabled":false,"is_translator":false,"is_translation_enabled":false,"profile_background_color":"C0DEED","profile_background_image_url":"http://abs.twimg.com/images/themes/theme1/bg.png","profile_background_image_url_https":"https://abs.twimg.com/images/themes/theme1/bg.png","profile_background_tile":false,"profile_image_url":"http://pbs.twimg.com/profile_images/765574350468550656/peeNiXrF_normal.jpg","profile_image_url_https":"https://pbs.twimg.com/profile_images/765574350468550656/peeNiXrF_normal.jpg","profile_banner_url":"https://pbs.twimg.com/profile_banners/3009586267/1461212420","profile_link_color":"1DA1F2","profile_sidebar_border_color":"C0DEED","profile_sidebar_fill_color":"DDEEF6","profile_text_color":"333333","profile_use_background_image":true,"has_extended_profile":true,"default_profile":true,"default_profile_image":false,"following":false,"follow_request_sent":false,"notifications":false,"translator_type":"none"},"geo":null,"coordinates":null,"place":null,"contributors":null,"is_quote_status":false,"retweet_count":521,"favorite_count":955,"favorited":false,"retweeted":false,"possibly_sensitive":false,"lang":"ja"},{"created_at":"Sun Jul 09 07:15:22 +0000 2017","id":883947672008183800,"id_str":"883947672008183808","text":"昼の部、ありがとうございました。\n急に天気が悪くなりましたね。\n皆様、気をつけてくださいませ。","truncated":false,"entities":{"hashtags":[],"symbols":[],"user_mentions":[],"urls":[]},"metadata":{"iso_language_code":"ja","result_type":"recent"},"source":"<a href=\"http://www.echofon.com/\" rel=\"nofollow\">Echofon</a>","in_reply_to_status_id":null,"in_reply_to_status_id_str":null,"in_reply_to_user_id":null,"in_reply_to_user_id_str":null,"in_reply_to_screen_name":null,"user":{"id":125002121,"id_str":"125002121","name":"安元洋貴","screen_name":"__yasumoto__","location":"日本","description":"とても人に恵まれています。感謝。\nきっと人生前借り中。","url":null,"entities":{"description":{"urls":[]}},"protected":false,"followers_count":664486,"friends_count":574,"listed_count":16431,"created_at":"Sun Mar 21 10:03:04 +0000 2010","favourites_count":12,"utc_offset":32400,"time_zone":"Tokyo","geo_enabled":false,"verified":false,"statuses_count":30333,"lang":"ja","contributors_enabled":false,"is_translator":false,"is_translation_enabled":false,"profile_background_color":"131516","profile_background_image_url":"http://abs.twimg.com/images/themes/theme14/bg.gif","profile_background_image_url_https":"https://abs.twimg.com/images/themes/theme14/bg.gif","profile_background_tile":true,"profile_image_url":"http://pbs.twimg.com/profile_images/516177467027894272/R7x5R5Xi_normal.jpeg","profile_image_url_https":"https://pbs.twimg.com/profile_images/516177467027894272/R7x5R5Xi_normal.jpeg","profile_link_color":"009999","profile_sidebar_border_color":"EEEEEE","profile_sidebar_fill_color":"EFEFEF","profile_text_color":"333333","profile_use_background_image":true,"has_extended_profile":false,"default_profile":false,"default_profile_image":false,"following":false,"follow_request_sent":false,"notifications":false,"translator_type":"none"},"geo":null,"coordinates":null,"place":null,"contributors":null,"is_quote_status":false,"retweet_count":96,"favorite_count":483,"favorited":false,"retweeted":false,"lang":"ja"},{"created_at":"Sun Jul 09 07:15:19 +0000 2017","id":883947658288570400,"id_str":"883947658288570368","text":"うったん、何見てるの〜？\n\n....ハッ！！ https://t.co/7TjZKacrq0","truncated":false,"entities":{"hashtags":[],"symbols":[],"user_mentions":[],"urls":[],"media":[{"id":883947652194328600,"id_str":"883947652194328576","indices":[23,46],"media_url":"http://pbs.twimg.com/media/DERptNEVYAA5rMo.jpg","media_url_https":"https://pbs.twimg.com/media/DERptNEVYAA5rMo.jpg","url":"https://t.co/7TjZKacrq0","display_url":"pic.twitter.com/7TjZKacrq0","expanded_url":"https://twitter.com/una1535/status/883947658288570368/photo/1","type":"photo","sizes":{"medium":{"w":966,"h":639,"resize":"fit"},"large":{"w":966,"h":639,"resize":"fit"},"thumb":{"w":150,"h":150,"resize":"crop"},"small":{"w":680,"h":450,"resize":"fit"}}}]},"extended_entities":{"media":[{"id":883947652194328600,"id_str":"883947652194328576","indices":[23,46],"media_url":"http://pbs.twimg.com/media/DERptNEVYAA5rMo.jpg","media_url_https":"https://pbs.twimg.com/media/DERptNEVYAA5rMo.jpg","url":"https://t.co/7TjZKacrq0","display_url":"pic.twitter.com/7TjZKacrq0","expanded_url":"https://twitter.com/una1535/status/883947658288570368/photo/1","type":"photo","sizes":{"medium":{"w":966,"h":639,"resize":"fit"},"large":{"w":966,"h":639,"resize":"fit"},"thumb":{"w":150,"h":150,"resize":"crop"},"small":{"w":680,"h":450,"resize":"fit"}}},{"id":883947652198539300,"id_str":"883947652198539264","indices":[23,46],"media_url":"http://pbs.twimg.com/media/DERptNFVoAAnwX9.jpg","media_url_https":"https://pbs.twimg.com/media/DERptNFVoAAnwX9.jpg","url":"https://t.co/7TjZKacrq0","display_url":"pic.twitter.com/7TjZKacrq0","expanded_url":"https://twitter.com/una1535/status/883947658288570368/photo/1","type":"photo","sizes":{"large":{"w":1046,"h":640,"resize":"fit"},"thumb":{"w":150,"h":150,"resize":"crop"},"small":{"w":680,"h":416,"resize":"fit"},"medium":{"w":1046,"h":640,"resize":"fit"}}},{"id":883947652194250800,"id_str":"883947652194250753","indices":[23,46],"media_url":"http://pbs.twimg.com/media/DERptNEUMAELlsV.jpg","media_url_https":"https://pbs.twimg.com/media/DERptNEUMAELlsV.jpg","url":"https://t.co/7TjZKacrq0","display_url":"pic.twitter.com/7TjZKacrq0","expanded_url":"https://twitter.com/una1535/status/883947658288570368/photo/1","type":"photo","sizes":{"small":{"w":447,"h":680,"resize":"fit"},"medium":{"w":639,"h":973,"resize":"fit"},"thumb":{"w":150,"h":150,"resize":"crop"},"large":{"w":639,"h":973,"resize":"fit"}}}]},"metadata":{"iso_language_code":"ja","result_type":"recent"},"source":"<a href=\"http://twitter.com/download/iphone\" rel=\"nofollow\">Twitter for iPhone</a>","in_reply_to_status_id":null,"in_reply_to_status_id_str":null,"in_reply_to_user_id":null,"in_reply_to_user_id_str":null,"in_reply_to_screen_name":null,"user":{"id":706294728786968600,"id_str":"706294728786968576","name":"うなぎ(うなちゃん)","screen_name":"una1535","location":"北海道","description":"2016.1.5生まれの猫、スコ♂のうなぎだよ。みんなにうなぎのもふもふ・ころころ具合をうなママが毎日お届けします。\n●ミニフォトブック販売中⇒https://t.co/HNjBQWE2o9\nアメブロはこちら↓","url":"https://t.co/BgTWmrG7UN","entities":{"url":{"urls":[{"url":"https://t.co/BgTWmrG7UN","expanded_url":"http://ameblo.jp/unagi1535","display_url":"ameblo.jp/unagi1535","indices":[0,23]}]},"description":{"urls":[{"url":"https://t.co/HNjBQWE2o9","expanded_url":"http://u0u0.net/DLm6","display_url":"u0u0.net/DLm6","indices":[72,95]}]}},"protected":false,"followers_count":66178,"friends_count":581,"listed_count":986,"created_at":"Sun Mar 06 01:46:00 +0000 2016","favourites_count":19943,"utc_offset":-25200,"time_zone":"Pacific Time (US & Canada)","geo_enabled":true,"verified":false,"statuses_count":9216,"lang":"ja","contributors_enabled":false,"is_translator":false,"is_translation_enabled":false,"profile_background_color":"000000","profile_background_image_url":"http://abs.twimg.com/images/themes/theme1/bg.png","profile_background_image_url_https":"https://abs.twimg.com/images/themes/theme1/bg.png","profile_background_tile":false,"profile_image_url":"http://pbs.twimg.com/profile_images/877320887405498368/WcExiFhj_normal.jpg","profile_image_url_https":"https://pbs.twimg.com/profile_images/877320887405498368/WcExiFhj_normal.jpg","profile_banner_url":"https://pbs.twimg.com/profile_banners/706294728786968576/1467723553","profile_link_color":"F58EA8","profile_sidebar_border_color":"000000","profile_sidebar_fill_color":"000000","profile_text_color":"000000","profile_use_background_image":false,"has_extended_profile":true,"default_profile":false,"default_profile_image":false,"following":false,"follow_request_sent":false,"notifications":false,"translator_type":"none"},"geo":null,"coordinates":null,"place":null,"contributors":null,"is_quote_status":false,"retweet_count":57,"favorite_count":211,"favorited":false,"retweeted":false,"possibly_sensitive":false,"lang":"ja"},{"created_at":"Sun Jul 09 07:15:02 +0000 2017","id":883947586863849500,"id_str":"883947586863849473","text":"増田俊樹さんがミネットへメッセージ！ 『ディアヴォ Wired』収録後インタビュー https://t.co/JxxFyypVIx #ディアヴォ https://t.co/Gw64xV45iD","truncated":false,"entities":{"hashtags":[{"text":"ディアヴォ","indices":[66,72]}],"symbols":[],"user_mentions":[],"urls":[{"url":"https://t.co/JxxFyypVIx","expanded_url":"http://dengekionline.com/elem/000/001/551/1551138/","display_url":"dengekionline.com/elem/000/001/5…","indices":[42,65]}],"media":[{"id":883947579368656900,"id_str":"883947579368656896","indices":[73,96],"media_url":"http://pbs.twimg.com/media/DERpo9xV0AAq_Mn.jpg","media_url_https":"https://pbs.twimg.com/media/DERpo9xV0AAq_Mn.jpg","url":"https://t.co/Gw64xV45iD","display_url":"pic.twitter.com/Gw64xV45iD","expanded_url":"https://twitter.com/dengekigirls/status/883947586863849473/photo/1","type":"photo","sizes":{"small":{"w":300,"h":400,"resize":"fit"},"large":{"w":300,"h":400,"resize":"fit"},"thumb":{"w":150,"h":150,"resize":"crop"},"medium":{"w":300,"h":400,"resize":"fit"}}}]},"extended_entities":{"media":[{"id":883947579368656900,"id_str":"883947579368656896","indices":[73,96],"media_url":"http://pbs.twimg.com/media/DERpo9xV0AAq_Mn.jpg","media_url_https":"https://pbs.twimg.com/media/DERpo9xV0AAq_Mn.jpg","url":"https://t.co/Gw64xV45iD","display_url":"pic.twitter.com/Gw64xV45iD","expanded_url":"https://twitter.com/dengekigirls/status/883947586863849473/photo/1","type":"photo","sizes":{"small":{"w":300,"h":400,"resize":"fit"},"large":{"w":300,"h":400,"resize":"fit"},"thumb":{"w":150,"h":150,"resize":"crop"},"medium":{"w":300,"h":400,"resize":"fit"}}},{"id":883947584473055200,"id_str":"883947584473055234","indices":[73,96],"media_url":"http://pbs.twimg.com/media/DERppQyUwAIpXWo.jpg","media_url_https":"https://pbs.twimg.com/media/DERppQyUwAIpXWo.jpg","url":"https://t.co/Gw64xV45iD","display_url":"pic.twitter.com/Gw64xV45iD","expanded_url":"https://twitter.com/dengekigirls/status/883947586863849473/photo/1","type":"photo","sizes":{"small":{"w":400,"h":400,"resize":"fit"},"large":{"w":400,"h":400,"resize":"fit"},"thumb":{"w":150,"h":150,"resize":"crop"},"medium":{"w":400,"h":400,"resize":"fit"}}}]},"metadata":{"iso_language_code":"ja","result_type":"recent"},"source":"<a href=\"http://dengekionline.com/g-style/\" rel=\"nofollow\">電撃Girl'sStyle</a>","in_reply_to_status_id":null,"in_reply_to_status_id_str":null,"in_reply_to_user_id":null,"in_reply_to_user_id_str":null,"in_reply_to_screen_name":null,"user":{"id":110127294,"id_str":"110127294","name":"電撃Girl'sStyle","screen_name":"dengekigirls","location":"東京都千代田区","description":"雑誌「電撃Girl'sStyle」&ウェブ「ガルスタオンライン」の公式アカウントです。乙女向けの最新＆お得情報盛りだくさん♪『活撃 刀剣乱舞』が表紙の8月号は7/10（月）発売☆ 詳細はこちら→https://t.co/aCm5x2BnFN","url":"https://t.co/aCm5x2BnFN","entities":{"url":{"urls":[{"url":"https://t.co/aCm5x2BnFN","expanded_url":"http://dengekionline.com/g-style/","display_url":"dengekionline.com/g-style/","indices":[0,23]}]},"description":{"urls":[{"url":"https://t.co/aCm5x2BnFN","expanded_url":"http://dengekionline.com/g-style/","display_url":"dengekionline.com/g-style/","indices":[97,120]}]}},"protected":false,"followers_count":79471,"friends_count":31753,"listed_count":1413,"created_at":"Sun Jan 31 12:43:37 +0000 2010","favourites_count":2,"utc_offset":32400,"time_zone":"Tokyo","geo_enabled":false,"verified":false,"statuses_count":17325,"lang":"ja","contributors_enabled":false,"is_translator":false,"is_translation_enabled":false,"profile_background_color":"C0DEED","profile_background_image_url":"http://pbs.twimg.com/profile_background_images/635487938/sbvlt4kt9lsms3os1hol.png","profile_background_image_url_https":"https://pbs.twimg.com/profile_background_images/635487938/sbvlt4kt9lsms3os1hol.png","profile_background_tile":true,"profile_image_url":"http://pbs.twimg.com/profile_images/882557227365572609/Wily8Xiv_normal.jpg","profile_image_url_https":"https://pbs.twimg.com/profile_images/882557227365572609/Wily8Xiv_normal.jpg","profile_banner_url":"https://pbs.twimg.com/profile_banners/110127294/1494828421","profile_link_color":"F235E5","profile_sidebar_border_color":"FFFFFF","profile_sidebar_fill_color":"F7B9E9","profile_text_color":"D91F72","profile_use_background_image":true,"has_extended_profile":false,"default_profile":false,"default_profile_image":false,"following":false,"follow_request_sent":false,"notifications":false,"translator_type":"none"},"geo":null,"coordinates":null,"place":null,"contributors":null,"is_quote_status":false,"retweet_count":106,"favorite_count":123,"favorited":false,"retweeted":false,"possibly_sensitive":false,"lang":"ja"}],"search_metadata":{"completed_in":0.043,"max_id":883948905162874900,"max_id_str":"883948905162874880","next_results":"?max_id=883947586863849472&q=lang%3Aja%20min_retweets%3A50&include_entities=1","query":"lang%3Aja+min_retweets%3A50","refresh_url":"?since_id=883948905162874880&q=lang%3Aja%20min_retweets%3A50&include_entities=1","count":15,"since_id":0,"since_id_str":"0"}}