{"statuses":[{"created_at":"Sun Jul 09 03:37:22 +0000 2017","id":883892810268594200,"id_str":"883892810268594177","text":"2期楽しみだぞい！ https://t.co/fYWelPs3Cg","truncated":false,"entities":{"hashtags":[],"symbols":[],"user_mentions":[],"urls":[],"media":[{"id":883892726730588200,"id_str":"883892726730588160","indices":[10,33],"media_url":"http://pbs.twimg.com/media/DEQ3wHxUAAAq_BM.jpg","media_url_https":"https://pbs.twimg.com/media/DEQ3wHxUAAAq_BM.jpg","url":"https://t.co/fYWelPs3Cg","display_url":"pic.twitter.com/fYWelPs3Cg","expanded_url":"https://twitter.com/nitaleg_/status/883892810268594177/photo/1","type":"photo","sizes":{"medium":{"w":984,"h":1200,"resize":"fit"},"large":{"w":1639,"h":1998,"resize":"fit"},"thumb":{"w":150,"h":150,"resize":"crop"},"small":{"w":558,"h":680,"resize":"fit"}}}]},"extended_entities":{"media":[{"id":883892726730588200,"id_str":"883892726730588160","indices":[10,33],"media_url":"http://pbs.twimg.com/media/DEQ3wHxUAAAq_BM.jpg","media_url_https":"https://pbs.twimg.com/media/DEQ3wHxUAAAq_BM.jpg","url":"https://t.co/fYWelPs3Cg","display_url":"pic.twitter.com/fYWelPs3Cg","expanded_url":"https://twitter.com/nitaleg_/status/883892810268594177/photo/1","type":"photo","sizes":{"medium":{"w":984,"h":1200,"resize":"fit"},"large":{"w":1639,"h":1998,"resize":"fit"},"thumb":{"w":150,"h":150,"resize":"crop"},"small":{"w":558,"h":680,"resize":"fit"}}}]},"metadata":{"iso_language_code":"ja","result_type":"recent"},"source":"<a href=\"http://twitter.com\" rel=\"nofollow\">Twitter Web Client</a>","in_reply_to_status_id":null,"in_reply_to_status_id_str":null,"in_reply_to_user_id":null,"in_reply_to_user_id_str":null,"in_reply_to_screen_name":null,"user":{"id":479490277,"id_str":"479490277","name":"椎野せら","screen_name":"nitaleg_","location":"TR💜","description":"絵描いてます💙 / ご連絡はこちらへ→ssailor345@gmail.com / https://t.co/fPxagNhx5J","url":"https://t.co/Yyk4565r3m","entities":{"url":{"urls":[{"url":"https://t.co/Yyk4565r3m","expanded_url":"https://pixiv.me/ntlg","display_url":"pixiv.me/ntlg","indices":[0,23]}]},"description":{"urls":[{"url":"https://t.co/fPxagNhx5J","expanded_url":"http://nitaleg.tumblr.com/","display_url":"nitaleg.tumblr.com","indices":[42,65]}]}},"protected":false,"followers_count":13938,"friends_count":450,"listed_count":405,"created_at":"Tue Jan 31 12:50:27 +0000 2012","favourites_count":8598,"utc_offset":28800,"time_zone":"Irkutsk","geo_enabled":false,"verified":false,"statuses_count":2962,"lang":"ja","contributors_enabled":false,"is_translator":false,"is_translation_enabled":false,"profile_background_color":"FFFFFF","profile_background_image_url":"http://pbs.twimg.com/profile_background_images/451155069463851008/YhP5X3_3.png","profile_background_image_url_https":"https://pbs.twimg.com/profile_background_images/451155069463851008/YhP5X3_3.png","profile_background_tile":false,"profile_image_url":"http://pbs.twimg.com/profile_images/861079432588517376/k2HqF4le_normal.jpg","profile_image_url_https":"https://pbs.twimg.com/profile_images/861079432588517376/k2HqF4le_normal.jpg","profile_banner_url":"https://pbs.twimg.com/profile_banners/479490277/1491931402","profile_link_color":"85C8F2","profile_sidebar_border_color":"FFFFFF","profile_sidebar_fill_color":"95E8EC","profile_text_color":"3C3940","profile_use_background_image":true,"has_extended_profile":true,"default_profile":false,"default_profile_image":false,"following":false,"follow_request_sent":false,"notifications":false,"translator_type":"none"},"geo":null,"coordinates":null,"place":null,"contributors":null,"is_quote_status":false,"retweet_count":52,"favorite_count":102,"favorited":false,"retweeted":false,"possibly_sensitive":false,"lang":"ja"},{"created_at":"Sun Jul 09 03:37:09 +0000 2017","id":883892756061372400,"id_str":"883892756061372416","text":"♪now playing song♪\n『いつも何度でも』《木村弓》\n【作詞　覚和歌子/作曲　木村弓/編曲　久石譲】\n#kimimachi #agqr #joqr #radiko","truncated":false,"entities":{"hashtags":[{"text":"kimimachi","indices":[58,68]},{"text":"agqr","indices":[69,74]},{"text":"joqr","indices":[75,80]},{"text":"radiko","indices":[81,88]}],"symbols":[],"user_mentions":[],"urls":[]},"metadata":{"iso_language_code":"ja","result_type":"recent"},"source":"<a href=\"http://twitter.com\" rel=\"nofollow\">Twitter Web Client</a>","in_reply_to_status_id":null,"in_reply_to_status_id_str":null,"in_reply_to_user_id":null,"in_reply_to_user_id_str":null,"in_reply_to_screen_name":null,"user":{"id":840461901733613600,"id_str":"840461901733613568","name":"阿澄佳奈のキミまち！","screen_name":"kimimachi_qr","location":"AM1134kHz・FM91.6MHz・超！A&G+","description":"文化放送AM1134kHz/FM91.6MHz 超！A&G+で日曜11時から放送中！”A&Gリクエストアワー 阿澄佳奈のキミまち！”公式ツイッターです。番組コンセプトは『アニソンリクエスト』と『イベント』の融合！ぽかぽか日曜日は阿澄さんと一緒に過ごしましょう！kimimachi@joqr.net #kimimachi","url":"https://t.co/wd4gETmOOQ","entities":{"url":{"urls":[{"url":"https://t.co/wd4gETmOOQ","expanded_url":"http://ch.nicovideo.jp/kimimachi","display_url":"ch.nicovideo.jp/kimimachi","indices":[0,23]}]},"description":{"urls":[]}},"protected":false,"followers_count":13149,"friends_count":12854,"listed_count":280,"created_at":"Sat Mar 11 07:18:27 +0000 2017","favourites_count":908,"utc_offset":32400,"time_zone":"Tokyo","geo_enabled":false,"verified":false,"statuses_count":909,"lang":"ja","contributors_enabled":false,"is_translator":false,"is_translation_enabled":false,"profile_background_color":"000000","profile_background_image_url":"http://abs.twimg.com/images/themes/theme1/bg.png","profile_background_image_url_https":"https://abs.twimg.com/images/themes/theme1/bg.png","profile_background_tile":false,"profile_image_url":"http://pbs.twimg.com/profile_images/841154775265628160/t_6N_CwO_normal.jpg","profile_image_url_https":"https://pbs.twimg.com/profile_images/841154775265628160/t_6N_CwO_normal.jpg","profile_banner_url":"https://pbs.twimg.com/profile_banners/840461901733613568/1491623121","profile_link_color":"FAB81E","profile_sidebar_border_color":"000000","profile_sidebar_fill_color":"000000","profile_text_color":"000000","profile_use_background_image":false,"has_extended_profile":false,"default_profile":false,"default_profile_image":false,"following":false,"follow_request_sent":false,"notifications":false,"translator_type":"none"},"geo":null,"coordinates":null,"place":null,"contributors":null,"is_quote_status":false,"retweet_count":67,"favorite_count":49,"favorited":false,"retweeted":false,"lang":"ja"},{"created_at":"Sun Jul 09 03:36:44 +0000 2017","id":883892652214673400,"id_str":"883892652214673409","text":"眩しい太陽の下、スイカをシャクっとかじったような爽快感を味わいませんか。#シェイクンウォーターメロンアンドパッションティー でひとやすみ。 https://t.co/A1RbAIpLlF https://t.co/z2o7GbhQTn","truncated":false,"entities":{"hashtags":[{"text":"シェイクンウォーターメロンアンドパッションティー","indices":[36,61]}],"symbols":[],"user_mentions":[],"urls":[{"url":"https://t.co/A1RbAIpLlF","expanded_url":"http://sbux.jp/2tii1R2","display_url":"sbux.jp/2tii1R2","indices":[70,93]}],"media":[{"id":883892641846382600,"id_str":"883892641846382592","indices":[94,117],"media_url":"http://pbs.twimg.com/media/DEQ3rLjV0AA9sC2.jpg","media_url_https":"https://pbs.twimg.com/media/DEQ3rLjV0AA9sC2.jpg","url":"https://t.co/z2o7GbhQTn","display_url":"pic.twitter.com/z2o7GbhQTn","expanded_url":"https://twitter.com/Starbucks_J/status/883892652214673409/photo/1","type":"photo","sizes":{"thumb":{"w":150,"h":150,"resize":"crop"},"small":{"w":680,"h":388,"resize":"fit"},"large":{"w":1280,"h":730,"resize":"fit"},"medium":{"w":1200,"h":684,"resize":"fit"}}}]},"extended_entities":{"media":[{"id":883892641846382600,"id_str":"883892641846382592","indices":[94,117],"media_url":"http://pbs.twimg.com/media/DEQ3rLjV0AA9sC2.jpg","media_url_https":"https://pbs.twimg.com/media/DEQ3rLjV0AA9sC2.jpg","url":"https://t.co/z2o7GbhQTn","display_url":"pic.twitter.com/z2o7GbhQTn","expanded_url":"https://twitter.com/Starbucks_J/status/883892652214673409/photo/1","type":"photo","sizes":{"thumb":{"w":150,"h":150,"resize":"crop"},"small":{"w":680,"h":388,"resize":"fit"},"large":{"w":1280,"h":730,"resize":"fit"},"medium":{"w":1200,"h":684,"resize":"fit"}}}]},"metadata":{"iso_language_code":"ja","result_type":"recent"},"source":"<a href=\"http://twitter.com/download/iphone\" rel=\"nofollow\">Twitter for iPhone</a>","in_reply_to_status_id":null,"in_reply_to_status_id_str":null,"in_reply_to_user_id":null,"in_reply_to_user_id_str":null,"in_reply_to_screen_name":null,"user":{"id":219867859,"id_str":"219867859","name":"スターバックス コーヒー","screen_name":"Starbucks_J","location":"東京都品川区","description":"こんにちは。スターバックスの公式アカウントです。お店と同じ心地よい場所にしたいと思っています。パートナー2名で担当しておりお返事しきれないこともあると思いますがご理解ください。なお、店舗・商品などのお問合せは、お客様相談室03-5745-5890（9:00-19:00 年中無休）でお受けしております。","url":"http://t.co/9kyhVYBTVe","entities":{"url":{"urls":[{"url":"http://t.co/9kyhVYBTVe","expanded_url":"http://www.starbucks.co.jp/","display_url":"starbucks.co.jp","indices":[0,22]}]},"description":{"urls":[]}},"protected":false,"followers_count":3866754,"friends_count":1330519,"listed_count":9196,"created_at":"Fri Nov 26 03:21:46 +0000 2010","favourites_count":1,"utc_offset":32400,"time_zone":"Tokyo","geo_enabled":false,"verified":true,"statuses_count":2952,"lang":"ja","contributors_enabled":false,"is_translator":false,"is_translation_enabled":false,"profile_background_color":"FFFFFF","profile_background_image_url":"http://pbs.twimg.com/profile_background_images/747444374/5cb82a9b0f7d3e216998a81681f56b66.jpeg","profile_background_image_url_https":"https://pbs.twimg.com/profile_background_images/747444374/5cb82a9b0f7d3e216998a81681f56b66.jpeg","profile_background_tile":false,"profile_image_url":"http://pbs.twimg.com/profile_images/1274140069/starbucks_logo_normal.png","profile_image_url_https":"https://pbs.twimg.com/profile_images/1274140069/starbucks_logo_normal.png","profile_banner_url":"https://pbs.twimg.com/profile_banners/219867859/1497402403","profile_link_color":"71B43A","profile_sidebar_border_color":"FFFFFF","profile_sidebar_fill_color":"FFFFFF","profile_text_color":"1E1E1E","profile_use_background_image":true,"has_extended_profile":false,"default_profile":false,"default_profile_image":false,"following":false,"follow_request_sent":false,"notifications":false,"translator_type":"none"},"geo":null,"coordinates":null,"place":null,"contributors":null,"is_quote_status":false,"retweet_count":341,"favorite_count":1030,"favorited":false,"retweeted":false,"possibly_sensitive":false,"lang":"ja"},{"created_at":"Sun Jul 09 03:35:35 +0000 2017","id":883892362782556200,"id_str":"883892362782556160","text":"🌟物販情報🌟\n\n本日7/9 仙台公演 にて、\n沢山のお客様にお並びいただいております。ありがとうございます。\n\n先行販売の場所は、野外で炎天下のため、水分をしっかりお取りください。\n\n具合の悪くなったお客様は、お近くの係員に遠慮なくお声掛けください。\n\n宜しくお願い致します❗️","truncated":false,"entities":{"hashtags":[],"symbols":[],"user_mentions":[],"urls":[]},"metadata":{"iso_language_code":"ja","result_type":"recent"},"source":"<a href=\"http://twitter.com/download/iphone\" rel=\"nofollow\">Twitter for iPhone</a>","in_reply_to_status_id":null,"in_reply_to_status_id_str":null,"in_reply_to_user_id":null,"in_reply_to_user_id_str":null,"in_reply_to_screen_name":null,"user":{"id":418591980,"id_str":"418591980","name":"KEYTALK","screen_name":"KEYTALKtweet","location":"","description":"KEYTALKのオフィシャルアカウント。小野武正(Gt./MC/Cho.) 首藤義勝(Vo./Ba.)寺中友将(Vo./Gt.)八木優樹(Dr./Cho.) 8/30ニューシングル「セツナユメミシ」発売決定！9/10(日) 横浜アリーナ公演決定！！Instagram▶https://t.co/HlT6PhpqTO","url":"https://t.co/Xpog1e9lhm","entities":{"url":{"urls":[{"url":"https://t.co/Xpog1e9lhm","expanded_url":"http://www.keytalkweb.com/","display_url":"keytalkweb.com","indices":[0,23]}]},"description":{"urls":[{"url":"https://t.co/HlT6PhpqTO","expanded_url":"http://goo.gl/Z9m47t","display_url":"goo.gl/Z9m47t","indices":[134,157]}]}},"protected":false,"followers_count":187082,"friends_count":50,"listed_count":3288,"created_at":"Tue Nov 22 10:47:07 +0000 2011","favourites_count":39,"utc_offset":32400,"time_zone":"Osaka","geo_enabled":true,"verified":true,"statuses_count":9711,"lang":"ja","contributors_enabled":false,"is_translator":false,"is_translation_enabled":false,"profile_background_color":"C0DEED","profile_background_image_url":"http://abs.twimg.com/images/themes/theme1/bg.png","profile_background_image_url_https":"https://abs.twimg.com/images/themes/theme1/bg.png","profile_background_tile":false,"profile_image_url":"http://pbs.twimg.com/profile_images/883252170774028288/pBlJh9Ry_normal.jpg","profile_image_url_https":"https://pbs.twimg.com/profile_images/883252170774028288/pBlJh9Ry_normal.jpg","profile_banner_url":"https://pbs.twimg.com/profile_banners/418591980/1499418350","profile_link_color":"1DA1F2","profile_sidebar_border_color":"C0DEED","profile_sidebar_fill_color":"DDEEF6","profile_text_color":"333333","profile_use_background_image":true,"has_extended_profile":false,"default_profile":true,"default_profile_image":false,"following":false,"follow_request_sent":false,"notifications":false,"translator_type":"none"},"geo":null,"coordinates":null,"place":null,"contributors":null,"is_quote_status":false,"retweet_count":51,"favorite_count":243,"favorited":false,"retweeted":false,"lang":"ja"},{"created_at":"Sun Jul 09 03:35:11 +0000 2017","id":883892261603360800,"id_str":"883892261603360768","text":"垢数確認\n(2017/07/09 12:35:08)","truncated":false,"entities":{"hashtags":[],"symbols":[],"user_mentions":[],"urls":[]},"metadata":{"iso_language_code":"ja","result_type":"recent"},"source":"<a href=\"http://twitter.com/download/iphone\" rel=\"nofollow\">Twitter for iPhone</a>","in_reply_to_status_id":null,"in_reply_to_status_id_str":null,"in_reply_to_user_id":null,"in_reply_to_user_id_str":null,"in_reply_to_screen_name":null,"user":{"id":745948562815656000,"id_str":"745948562815655936","name":"むら㌠","screen_name":"_Murasa_","location":"","description":"Twitter初心者 音ゲ初心者 AIRガチ勢","url":null,"entities":{"description":{"urls":[]}},"protected":false,"followers_count":2341,"friends_count":895,"listed_count":42,"created_at":"Thu Jun 23 11:56:11 +0000 2016","favourites_count":63190,"utc_offset":32400,"time_zone":"Tokyo","geo_enabled":false,"verified":false,"statuses_count":34927,"lang":"ja","contributors_enabled":false,"is_translator":false,"is_translation_enabled":false,"profile_background_color":"000000","profile_background_image_url":"http://abs.twimg.com/images/themes/theme1/bg.png","profile_background_image_url_https":"https://abs.twimg.com/images/themes/theme1/bg.png","profile_background_tile":false,"profile_image_url":"http://pbs.twimg.com/profile_images/883295642495340545/cH5OlkK3_normal.jpg","profile_image_url_https":"https://pbs.twimg.com/profile_images/883295642495340545/cH5OlkK3_normal.jpg","profile_banner_url":"https://pbs.twimg.com/profile_banners/745948562815655936/1499526206","profile_link_color":"7FDBB6","profile_sidebar_border_color":"000000","profile_sidebar_fill_color":"000000","profile_text_color":"000000","profile_use_background_image":false,"has_extended_profile":false,"default_profile":false,"default_profile_image":false,"following":false,"follow_request_sent":false,"notifications":false,"translator_type":"regular"},"geo":null,"coordinates":null,"place":null,"contributors":null,"is_quote_status":false,"retweet_count":93,"favorite_count":0,"favorited":false,"retweeted":false,"lang":"ja"},{"created_at":"Sun Jul 09 03:34:52 +0000 2017","id":883892180913340400,"id_str":"883892180913340417","text":"あらいやだ https://t.co/1lI11Ys60b","truncated":false,"entities":{"hashtags":[],"symbols":[],"user_mentions":[],"urls":[{"url":"https://t.co/1lI11Ys60b","expanded_url":"https://twitter.com/hemp_m/status/883890492621991937","display_url":"twitter.com/hemp_m/status/…","indices":[6,29]}]},"metadata":{"iso_language_code":"ja","result_type":"recent"},"source":"<a href=\"http://www.echofon.com/\" rel=\"nofollow\">Echofon</a>","in_reply_to_status_id":null,"in_reply_to_status_id_str":null,"in_reply_to_user_id":null,"in_reply_to_user_id_str":null,"in_reply_to_screen_name":null,"user":{"id":717868248,"id_str":"717868248","name":"豊永利行【アメブロ用だがたまに呟く】","screen_name":"TossuiKUN","location":"","description":"役者をやっとります。\n\nカバーアルバム「T's」発売中！\n是非お買い求め下さい\n\n仕事情報はマネージャーアカウントからチェックお願い致します↓\n@hemp_m","url":"https://t.co/TcnY8aH5V8","entities":{"url":{"urls":[{"url":"https://t.co/TcnY8aH5V8","expanded_url":"http://ameblo.jp/tossy-t/","display_url":"ameblo.jp/tossy-t/","indices":[0,23]}]},"description":{"urls":[]}},"protected":false,"followers_count":225460,"friends_count":322,"listed_count":5961,"created_at":"Thu Jul 26 10:44:14 +0000 2012","favourites_count":7,"utc_offset":null,"time_zone":null,"geo_enabled":false,"verified":false,"statuses_count":11239,"lang":"ja","contributors_enabled":false,"is_translator":false,"is_translation_enabled":false,"profile_background_color":"C0DEED","profile_background_image_url":"http://abs.twimg.com/images/themes/theme1/bg.png","profile_background_image_url_https":"https://abs.twimg.com/images/themes/theme1/bg.png","profile_background_tile":false,"profile_image_url":"http://pbs.twimg.com/profile_images/833572810534445056/iIYxBKIg_normal.jpg","profile_image_url_https":"https://pbs.twimg.com/profile_images/833572810534445056/iIYxBKIg_normal.jpg","profile_banner_url":"https://pbs.twimg.com/profile_banners/717868248/1419549502","profile_link_color":"1DA1F2","profile_sidebar_border_color":"C0DEED","profile_sidebar_fill_color":"DDEEF6","profile_text_color":"333333","profile_use_background_image":true,"has_extended_profile":false,"default_profile":true,"default_profile_image":false,"following":false,"follow_request_sent":false,"notifications":false,"translator_type":"none"},"geo":null,"coordinates":null,"place":null,"contributors":null,"is_quote_status":true,"quoted_status_id":883890492621992000,"quoted_status_id_str":"883890492621991937","quoted_status":{"created_at":"Sun Jul 09 03:28:09 +0000 2017","id":883890492621992000,"id_str":"883890492621991937","text":"朗読劇×オーケストラ「星の王子さま」あと30分位で始まります〜っ♪\nスタンバイが終わり、開演に向けてメイク中のオネエ永。\nご来場の皆さま、本番をお楽しみに〜っ！ https://t.co/Kiv6r6L25q","truncated":false,"entities":{"hashtags":[],"symbols":[],"user_mentions":[],"urls":[],"media":[{"id":883890482849304600,"id_str":"883890482849304576","indices":[81,104],"media_url":"http://pbs.twimg.com/media/DEQ1tgqU0AA3Lsn.jpg","media_url_https":"https://pbs.twimg.com/media/DEQ1tgqU0AA3Lsn.jpg","url":"https://t.co/Kiv6r6L25q","display_url":"pic.twitter.com/Kiv6r6L25q","expanded_url":"https://twitter.com/hemp_m/status/883890492621991937/photo/1","type":"photo","sizes":{"large":{"w":1518,"h":2048,"resize":"fit"},"medium":{"w":889,"h":1200,"resize":"fit"},"thumb":{"w":150,"h":150,"resize":"crop"},"small":{"w":504,"h":680,"resize":"fit"}}}]},"extended_entities":{"media":[{"id":883890482849304600,"id_str":"883890482849304576","indices":[81,104],"media_url":"http://pbs.twimg.com/media/DEQ1tgqU0AA3Lsn.jpg","media_url_https":"https://pbs.twimg.com/media/DEQ1tgqU0AA3Lsn.jpg","url":"https://t.co/Kiv6r6L25q","display_url":"pic.twitter.com/Kiv6r6L25q","expanded_url":"https://twitter.com/hemp_m/status/883890492621991937/photo/1","type":"photo","sizes":{"large":{"w":1518,"h":2048,"resize":"fit"},"medium":{"w":889,"h":1200,"resize":"fit"},"thumb":{"w":150,"h":150,"resize":"crop"},"small":{"w":504,"h":680,"resize":"fit"}}}]},"metadata":{"iso_language_code":"ja","result_type":"recent"},"source":"<a href=\"http://twitter.com/download/iphone\" rel=\"nofollow\">Twitter for iPhone</a>","in_reply_to_status_id":null,"in_reply_to_status_id_str":null,"in_reply_to_user_id":null,"in_reply_to_user_id_str":null,"in_reply_to_screen_name":null,"user":{"id":362351427,"id_str":"362351427","name":"SETマネージャー 湊","screen_name":"hemp_m","location":"","description":"スーパーエキセントリックシアター(SET)マネージャーです。主に豊永利行、さらに矢野奨吾&SET関連ネタを書かせて頂いてます。よろしくどうぞ♪","url":null,"entities":{"description":{"urls":[]}},"protected":false,"followers_count":34239,"friends_count":68,"listed_count":805,"created_at":"Fri Aug 26 07:46:17 +0000 2011","favourites_count":0,"utc_offset":null,"time_zone":null,"geo_enabled":true,"verified":false,"statuses_count":3571,"lang":"ja","contributors_enabled":false,"is_translator":false,"is_translation_enabled":false,"profile_background_color":"000000","profile_background_image_url":"http://abs.twimg.com/images/themes/theme1/bg.png","profile_background_image_url_https":"https://abs.twimg.com/images/themes/theme1/bg.png","profile_background_tile":false,"profile_image_url":"http://pbs.twimg.com/profile_images/635373462333198337/T39fIGIv_normal.jpg","profile_image_url_https":"https://pbs.twimg.com/profile_images/635373462333198337/T39fIGIv_normal.jpg","profile_banner_url":"https://pbs.twimg.com/profile_banners/362351427/1486104838","profile_link_color":"FA743E","profile_sidebar_border_color":"000000","profile_sidebar_fill_color":"000000","profile_text_color":"000000","profile_use_background_image":false,"has_extended_profile":false,"default_profile":false,"default_profile_image":false,"following":false,"follow_request_sent":false,"notifications":false,"translator_type":"none"},"geo":null,"coordinates":null,"place":null,"contributors":null,"is_quote_status":false,"retweet_count":467,"favorite_count":945,"favorited":false,"retweeted":false,"possibly_sensitive":false,"lang":"ja"},"retweet_count":156,"favorite_count":394,"favorited":false,"retweeted":false,"possibly_sensitive":false,"lang":"ja"},{"created_at":"Sun Jul 09 03:34:42 +0000 2017","id":883892140828352500,"id_str":"883892140828352513","text":"去年TVでも紹介された「足首から下を消毒すると蚊に刺されにくくなった」という実験結果がTLに…。NHK1.5chさんで再紹介されたから？ 結論の一つである「蚊に刺されやすい人は皮膚の常在菌の多様性が高い」というのはマラリア媒介蚊の結果と逆なんですが、蚊の種類によるのでしょうか…","truncated":false,"entities":{"hashtags":[],"symbols":[],"user_mentions":[],"urls":[]},"metadata":{"iso_language_code":"ja","result_type":"recent"},"source":"<a href=\"http://twitter.com\" rel=\"nofollow\">Twitter Web Client</a>","in_reply_to_status_id":null,"in_reply_to_status_id_str":null,"in_reply_to_user_id":null,"in_reply_to_user_id_str":null,"in_reply_to_screen_name":null,"user":{"id":1076058583,"id_str":"1076058583","name":"東京ズーネット［公式］","screen_name":"TokyoZooNet_PR","location":"","description":"都立動物園・水族園（＝上野動物園・多摩動物公園・葛西臨海水族園・井の頭自然文化園）の公式サイト、それが東京ズーネット。運営by公益財団法人東京動物園協会。中のヒトの事務所は上野動物園内。","url":"http://t.co/jwCiEpnUjO","entities":{"url":{"urls":[{"url":"http://t.co/jwCiEpnUjO","expanded_url":"http://www.tokyo-zoo.net/","display_url":"tokyo-zoo.net","indices":[0,22]}]},"description":{"urls":[]}},"protected":false,"followers_count":151970,"friends_count":29641,"listed_count":2497,"created_at":"Thu Jan 10 08:36:41 +0000 2013","favourites_count":8643,"utc_offset":32400,"time_zone":"Tokyo","geo_enabled":false,"verified":true,"statuses_count":21170,"lang":"ja","contributors_enabled":false,"is_translator":false,"is_translation_enabled":false,"profile_background_color":"EBEBEB","profile_background_image_url":"http://pbs.twimg.com/profile_background_images/378800000101357888/ce800fc3fc4dc978339b5e30c6e97dc1.gif","profile_background_image_url_https":"https://pbs.twimg.com/profile_background_images/378800000101357888/ce800fc3fc4dc978339b5e30c6e97dc1.gif","profile_background_tile":false,"profile_image_url":"http://pbs.twimg.com/profile_images/875612592315670528/UW2tOT4i_normal.jpg","profile_image_url_https":"https://pbs.twimg.com/profile_images/875612592315670528/UW2tOT4i_normal.jpg","profile_banner_url":"https://pbs.twimg.com/profile_banners/1076058583/1418623881","profile_link_color":"009999","profile_sidebar_border_color":"FFFFFF","profile_sidebar_fill_color":"DDEEF6","profile_text_color":"333333","profile_use_background_image":true,"has_extended_profile":true,"default_profile":false,"default_profile_image":false,"following":false,"follow_request_sent":false,"notifications":false,"translator_type":"none"},"geo":null,"coordinates":null,"place":null,"contributors":null,"is_quote_status":false,"retweet_count":66,"favorite_count":42,"favorited":false,"retweeted":false,"lang":"ja"},{"created_at":"Sun Jul 09 03:34:17 +0000 2017","id":883892034196525000,"id_str":"883892034196525056","text":"楽しみです。\n#TrySailアリーナ https://t.co/gd9NHjagUy","truncated":false,"entities":{"hashtags":[{"text":"TrySailアリーナ","indices":[7,19]}],"symbols":[],"user_mentions":[],"urls":[],"media":[{"id":883891826544877600,"id_str":"883891826544877568","indices":[20,43],"media_url":"http://pbs.twimg.com/media/DEQ27uUUIAARN-H.jpg","media_url_https":"https://pbs.twimg.com/media/DEQ27uUUIAARN-H.jpg","url":"https://t.co/gd9NHjagUy","display_url":"pic.twitter.com/gd9NHjagUy","expanded_url":"https://twitter.com/ren_m_1231/status/883892034196525056/photo/1","type":"photo","sizes":{"medium":{"w":1200,"h":811,"resize":"fit"},"large":{"w":2039,"h":1378,"resize":"fit"},"small":{"w":680,"h":460,"resize":"fit"},"thumb":{"w":150,"h":150,"resize":"crop"}}}]},"extended_entities":{"media":[{"id":883891826544877600,"id_str":"883891826544877568","indices":[20,43],"media_url":"http://pbs.twimg.com/media/DEQ27uUUIAARN-H.jpg","media_url_https":"https://pbs.twimg.com/media/DEQ27uUUIAARN-H.jpg","url":"https://t.co/gd9NHjagUy","display_url":"pic.twitter.com/gd9NHjagUy","expanded_url":"https://twitter.com/ren_m_1231/status/883892034196525056/photo/1","type":"photo","sizes":{"medium":{"w":1200,"h":811,"resize":"fit"},"large":{"w":2039,"h":1378,"resize":"fit"},"small":{"w":680,"h":460,"resize":"fit"},"thumb":{"w":150,"h":150,"resize":"crop"}}}]},"metadata":{"iso_language_code":"ja","result_type":"recent"},"source":"<a href=\"http://twitter.com\" rel=\"nofollow\">Twitter Web Client</a>","in_reply_to_status_id":null,"in_reply_to_status_id_str":null,"in_reply_to_user_id":null,"in_reply_to_user_id_str":null,"in_reply_to_screen_name":null,"user":{"id":1670791298,"id_str":"1670791298","name":"れんれん","screen_name":"ren_m_1231","location":"renren.nr.12l@gmail.com","description":"絵を描いています｜雨宮天さん｜TrySailさん｜レクリ｜鹿屋瑠偉くん｜FanArt｜LINEスタンプ⇒https://t.co/Hk5PyWvz9z ｜pixiv⇒https://t.co/HXlgd6qPRd","url":"https://t.co/EwFg10p0VQ","entities":{"url":{"urls":[{"url":"https://t.co/EwFg10p0VQ","expanded_url":"http://renren12l.tumblr.com/","display_url":"renren12l.tumblr.com","indices":[0,23]}]},"description":{"urls":[{"url":"https://t.co/Hk5PyWvz9z","expanded_url":"http://line.me/S/sticker/1283505","display_url":"line.me/S/sticker/1283…","indices":[52,75]},{"url":"https://t.co/HXlgd6qPRd","expanded_url":"http://pixiv.me/ren_m_1231","display_url":"pixiv.me/ren_m_1231","indices":[83,106]}]}},"protected":false,"followers_count":2502,"friends_count":1688,"listed_count":43,"created_at":"Wed Aug 14 15:32:45 +0000 2013","favourites_count":26320,"utc_offset":null,"time_zone":null,"geo_enabled":false,"verified":false,"statuses_count":43601,"lang":"ja","contributors_enabled":false,"is_translator":false,"is_translation_enabled":false,"profile_background_color":"000000","profile_background_image_url":"http://abs.twimg.com/images/themes/theme1/bg.png","profile_background_image_url_https":"https://abs.twimg.com/images/themes/theme1/bg.png","profile_background_tile":false,"profile_image_url":"http://pbs.twimg.com/profile_images/848031443443793920/jWJkcp1v_normal.jpg","profile_image_url_https":"https://pbs.twimg.com/profile_images/848031443443793920/jWJkcp1v_normal.jpg","profile_banner_url":"https://pbs.twimg.com/profile_banners/1670791298/1498902427","profile_link_color":"1B95E0","profile_sidebar_border_color":"000000","profile_sidebar_fill_color":"000000","profile_text_color":"000000","profile_use_background_image":false,"has_extended_profile":true,"default_profile":false,"default_profile_image":false,"following":false,"follow_request_sent":false,"notifications":false,"translator_type":"none"},"geo":null,"coordinates":null,"place":null,"contributors":null,"is_quote_status":false,"retweet_count":66,"favorite_count":94,"favorited":false,"retweeted":false,"possibly_sensitive":false,"lang":"ja"},{"created_at":"Sun Jul 09 03:34:08 +0000 2017","id":883891995185356800,"id_str":"883891995185356800","text":"許せないなら許さなくってもいいんじゃないですか。でも、恨み続けるのはよくない。疲れるし、何より自分のためになりません。恨むのは自分がその土俵まで降りること。それより晴れやかな空を見上げた方がいいですよ。すいすい、いきましょう。すいすい。","truncated":false,"entities":{"hashtags":[],"symbols":[],"user_mentions":[],"urls":[]},"metadata":{"iso_language_code":"ja","result_type":"recent"},"source":"<a href=\"http://twitter.com/download/iphone\" rel=\"nofollow\">Twitter for iPhone</a>","in_reply_to_status_id":null,"in_reply_to_status_id_str":null,"in_reply_to_user_id":null,"in_reply_to_user_id_str":null,"in_reply_to_screen_name":null,"user":{"id":118323241,"id_str":"118323241","name":"辻仁成","screen_name":"TsujiHitonari","location":"地球上","description":"WEBマガジン、Design Stories を主宰。世界中から届く写真と短いコラムで、小さな人生旅行楽しめます。 https://t.co/vNY42kkDLk","url":"https://t.co/LVQxhmlS45","entities":{"url":{"urls":[{"url":"https://t.co/LVQxhmlS45","expanded_url":"http://www.j-tsuji-h.com/","display_url":"j-tsuji-h.com","indices":[0,23]}]},"description":{"urls":[{"url":"https://t.co/vNY42kkDLk","expanded_url":"http://www.designstoriesinc.com/","display_url":"designstoriesinc.com","indices":[58,81]}]}},"protected":false,"followers_count":101374,"friends_count":1324,"listed_count":3435,"created_at":"Sun Feb 28 08:57:46 +0000 2010","favourites_count":0,"utc_offset":7200,"time_zone":"Paris","geo_enabled":false,"verified":true,"statuses_count":20468,"lang":"ja","contributors_enabled":false,"is_translator":false,"is_translation_enabled":false,"profile_background_color":"9C9C9C","profile_background_image_url":"http://pbs.twimg.com/profile_background_images/80649329/FilmDirector_Bg.jpg","profile_background_image_url_https":"https://pbs.twimg.com/profile_background_images/80649329/FilmDirector_Bg.jpg","profile_background_tile":false,"profile_image_url":"http://pbs.twimg.com/profile_images/782959934883373057/o9bjVtRH_normal.jpg","profile_image_url_https":"https://pbs.twimg.com/profile_images/782959934883373057/o9bjVtRH_normal.jpg","profile_banner_url":"https://pbs.twimg.com/profile_banners/118323241/1462524486","profile_link_color":"AD2D46","profile_sidebar_border_color":"9C9C9C","profile_sidebar_fill_color":"9C9C9C","profile_text_color":"000000","profile_use_background_image":true,"has_extended_profile":false,"default_profile":false,"default_profile_image":false,"following":false,"follow_request_sent":false,"notifications":false,"translator_type":"none"},"geo":null,"coordinates":null,"place":null,"contributors":null,"is_quote_status":false,"retweet_count":79,"favorite_count":172,"favorited":false,"retweeted":false,"lang":"ja"},{"created_at":"Sun Jul 09 03:33:50 +0000 2017","id":883891920233128000,"id_str":"883891920233127936","text":"【7月9日スタ☆メン】\n1二 明石健志選手\n2遊 髙田知季選手\n3中 柳田悠岐選手\n4一 内川聖一選手\n5指 デスパイネ選手\n6左 中村晃選手\n7三 松田宣浩選手\n8捕 髙谷裕亮選手\n9右 上林誠知選手\n先発 バンデンハーク投手\nそしてアナタもスタ☆メンだ！\n#sbhawks","truncated":false,"entities":{"hashtags":[{"text":"sbhawks","indices":[130,138]}],"symbols":[],"user_mentions":[],"urls":[]},"metadata":{"iso_language_code":"ja","result_type":"recent"},"source":"<a href=\"http://twitter.com/download/iphone\" rel=\"nofollow\">Twitter for iPhone</a>","in_reply_to_status_id":null,"in_reply_to_status_id_str":null,"in_reply_to_user_id":null,"in_reply_to_user_id_str":null,"in_reply_to_screen_name":null,"user":{"id":122284646,"id_str":"122284646","name":"福岡ソフトバンクホークス（公式）","screen_name":"HAWKS_official","location":"福岡ヤフオク！ドーム","description":"選手とファンみなさんをつなぐスタッフとして・・・というより、ホークスファン代表として、時にはアツく、時には厳しく、・・・楽しくおバカにお気楽にをモットーにツイートします。 返信できないことも多々ありますので、チケット、イベントなどのお問い合わせなどは、公式サイトのフォームよりお願いいたします。 (C)SBH","url":"https://t.co/SEOVJJhFgp","entities":{"url":{"urls":[{"url":"https://t.co/SEOVJJhFgp","expanded_url":"http://www.softbankhawks.co.jp/","display_url":"softbankhawks.co.jp","indices":[0,23]}]},"description":{"urls":[]}},"protected":false,"followers_count":638689,"friends_count":66,"listed_count":5018,"created_at":"Fri Mar 12 05:58:34 +0000 2010","favourites_count":13,"utc_offset":32400,"time_zone":"Tokyo","geo_enabled":false,"verified":true,"statuses_count":70502,"lang":"ja","contributors_enabled":false,"is_translator":false,"is_translation_enabled":true,"profile_background_color":"FFCC4D","profile_background_image_url":"http://abs.twimg.com/images/themes/theme11/bg.gif","profile_background_image_url_https":"https://abs.twimg.com/images/themes/theme11/bg.gif","profile_background_tile":false,"profile_image_url":"http://pbs.twimg.com/profile_images/875892607041159170/5TzmTdeh_normal.jpg","profile_image_url_https":"https://pbs.twimg.com/profile_images/875892607041159170/5TzmTdeh_normal.jpg","profile_banner_url":"https://pbs.twimg.com/profile_banners/122284646/1494296319","profile_link_color":"FAB81E","profile_sidebar_border_color":"CC3366","profile_sidebar_fill_color":"E5507E","profile_text_color":"362720","profile_use_background_image":true,"has_extended_profile":false,"default_profile":false,"default_profile_image":false,"following":false,"follow_request_sent":false,"notifications":false,"translator_type":"none"},"geo":null,"coordinates":null,"place":null,"contributors":null,"is_quote_status":false,"retweet_count":143,"favorite_count":364,"favorited":false,"retweeted":false,"lang":"ja"},{"created_at":"Sun Jul 09 03:33:32 +0000 2017","id":883891844282597400,"id_str":"883891844282597376","text":"170708 SMT in seoul 🦊🐰🐣\n3人でシャヲル席を見つめてる💎\n見てるこっちも心がホッコリ💗\n#태민 #키 #온유 #shinee #샤이니 https://t.co/M2QHifvgkR","truncated":false,"entities":{"hashtags":[{"text":"태민","indices":[55,58]},{"text":"키","indices":[59,61]},{"text":"온유","indices":[62,65]},{"text":"shinee","indices":[66,73]},{"text":"샤이니","indices":[74,78]}],"symbols":[],"user_mentions":[],"urls":[],"media":[{"id":883891826381381600,"id_str":"883891826381381635","indices":[79,102],"media_url":"http://pbs.twimg.com/media/DEQ27ttVYAMSUpS.jpg","media_url_https":"https://pbs.twimg.com/media/DEQ27ttVYAMSUpS.jpg","url":"https://t.co/M2QHifvgkR","display_url":"pic.twitter.com/M2QHifvgkR","expanded_url":"https://twitter.com/taemini_k/status/883891844282597376/photo/1","type":"photo","sizes":{"small":{"w":680,"h":454,"resize":"fit"},"medium":{"w":1200,"h":800,"resize":"fit"},"large":{"w":2048,"h":1366,"resize":"fit"},"thumb":{"w":150,"h":150,"resize":"crop"}}}]},"extended_entities":{"media":[{"id":883891826381381600,"id_str":"883891826381381635","indices":[79,102],"media_url":"http://pbs.twimg.com/media/DEQ27ttVYAMSUpS.jpg","media_url_https":"https://pbs.twimg.com/media/DEQ27ttVYAMSUpS.jpg","url":"https://t.co/M2QHifvgkR","display_url":"pic.twitter.com/M2QHifvgkR","expanded_url":"https://twitter.com/taemini_k/status/883891844282597376/photo/1","type":"photo","sizes":{"small":{"w":680,"h":454,"resize":"fit"},"medium":{"w":1200,"h":800,"resize":"fit"},"large":{"w":2048,"h":1366,"resize":"fit"},"thumb":{"w":150,"h":150,"resize":"crop"}}},{"id":883891826385592300,"id_str":"883891826385592321","indices":[79,102],"media_url":"http://pbs.twimg.com/media/DEQ27tuVoAElI3L.jpg","media_url_https":"https://pbs.twimg.com/media/DEQ27tuVoAElI3L.jpg","url":"https://t.co/M2QHifvgkR","display_url":"pic.twitter.com/M2QHifvgkR","expanded_url":"https://twitter.com/taemini_k/status/883891844282597376/photo/1","type":"photo","sizes":{"medium":{"w":1200,"h":799,"resize":"fit"},"small":{"w":680,"h":453,"resize":"fit"},"thumb":{"w":150,"h":150,"resize":"crop"},"large":{"w":2048,"h":1364,"resize":"fit"}}},{"id":883891826393964500,"id_str":"883891826393964544","indices":[79,102],"media_url":"http://pbs.twimg.com/media/DEQ27twVYAA4a2u.jpg","media_url_https":"https://pbs.twimg.com/media/DEQ27twVYAA4a2u.jpg","url":"https://t.co/M2QHifvgkR","display_url":"pic.twitter.com/M2QHifvgkR","expanded_url":"https://twitter.com/taemini_k/status/883891844282597376/photo/1","type":"photo","sizes":{"small":{"w":680,"h":453,"resize":"fit"},"thumb":{"w":150,"h":150,"resize":"crop"},"medium":{"w":1200,"h":799,"resize":"fit"},"large":{"w":2048,"h":1364,"resize":"fit"}}},{"id":883891826389770200,"id_str":"883891826389770240","indices":[79,102],"media_url":"http://pbs.twimg.com/media/DEQ27tvVYAAUGU_.jpg","media_url_https":"https://pbs.twimg.com/media/DEQ27tvVYAAUGU_.jpg","url":"https://t.co/M2QHifvgkR","display_url":"pic.twitter.com/M2QHifvgkR","expanded_url":"https://twitter.com/taemini_k/status/883891844282597376/photo/1","type":"photo","sizes":{"small":{"w":680,"h":454,"resize":"fit"},"medium":{"w":1200,"h":800,"resize":"fit"},"large":{"w":2048,"h":1366,"resize":"fit"},"thumb":{"w":150,"h":150,"resize":"crop"}}}]},"metadata":{"iso_language_code":"ja","result_type":"recent"},"source":"<a href=\"http://twitter.com/download/iphone\" rel=\"nofollow\">Twitter for iPhone</a>","in_reply_to_status_id":null,"in_reply_to_status_id_str":null,"in_reply_to_user_id":null,"in_reply_to_user_id_str":null,"in_reply_to_screen_name":null,"user":{"id":2224290781,"id_str":"2224290781","name":"TAEMINI.K","screen_name":"taemini_k","location":"","description":"","url":null,"entities":{"description":{"urls":[]}},"protected":false,"followers_count":9975,"friends_count":204,"listed_count":408,"created_at":"Sun Dec 01 05:29:54 +0000 2013","favourites_count":2133,"utc_offset":null,"time_zone":null,"geo_enabled":false,"verified":false,"statuses_count":6617,"lang":"ja","contributors_enabled":false,"is_translator":false,"is_translation_enabled":false,"profile_background_color":"000000","profile_background_image_url":"http://abs.twimg.com/images/themes/theme1/bg.png","profile_background_image_url_https":"https://abs.twimg.com/images/themes/theme1/bg.png","profile_background_tile":false,"profile_image_url":"http://pbs.twimg.com/profile_images/868944060228157440/q2BRrs-s_normal.jpg","profile_image_url_https":"https://pbs.twimg.com/profile_images/868944060228157440/q2BRrs-s_normal.jpg","profile_banner_url":"https://pbs.twimg.com/profile_banners/2224290781/1497909499","profile_link_color":"19CF86","profile_sidebar_border_color":"000000","profile_sidebar_fill_color":"000000","profile_text_color":"000000","profile_use_background_image":false,"has_extended_profile":true,"default_profile":false,"default_profile_image":false,"following":false,"follow_request_sent":false,"notifications":false,"translator_type":"none"},"geo":null,"coordinates":null,"place":null,"contributors":null,"is_quote_status":false,"retweet_count":57,"favorite_count":63,"favorited":false,"retweeted":false,"possibly_sensitive":false,"lang":"ja"},{"created_at":"Sun Jul 09 03:33:08 +0000 2017","id":883891744319955000,"id_str":"883891744319954944","text":"本日のスタメンはこちら！選手はウィーラー大魔王Tシャツを着用して練習していました！暑いですが、熱い応援をよろしくお願いします！！\n\n#RakutenEagles #ファンの声援が選手のチカラになる #Weloveウィーラー https://t.co/p9UvdZBr51","truncated":false,"entities":{"hashtags":[{"text":"RakutenEagles","indices":[66,80]},{"text":"ファンの声援が選手のチカラになる","indices":[81,98]},{"text":"Weloveウィーラー","indices":[99,111]}],"symbols":[],"user_mentions":[],"urls":[],"media":[{"id":883891722744459300,"id_str":"883891722744459264","indices":[112,135],"media_url":"http://pbs.twimg.com/media/DEQ21roXcAAPRkK.jpg","media_url_https":"https://pbs.twimg.com/media/DEQ21roXcAAPRkK.jpg","url":"https://t.co/p9UvdZBr51","display_url":"pic.twitter.com/p9UvdZBr51","expanded_url":"https://twitter.com/Rakuten__Eagles/status/883891744319954944/photo/1","type":"photo","sizes":{"large":{"w":1280,"h":960,"resize":"fit"},"medium":{"w":1200,"h":900,"resize":"fit"},"thumb":{"w":150,"h":150,"resize":"crop"},"small":{"w":680,"h":510,"resize":"fit"}}}]},"extended_entities":{"media":[{"id":883891722744459300,"id_str":"883891722744459264","indices":[112,135],"media_url":"http://pbs.twimg.com/media/DEQ21roXcAAPRkK.jpg","media_url_https":"https://pbs.twimg.com/media/DEQ21roXcAAPRkK.jpg","url":"https://t.co/p9UvdZBr51","display_url":"pic.twitter.com/p9UvdZBr51","expanded_url":"https://twitter.com/Rakuten__Eagles/status/883891744319954944/photo/1","type":"photo","sizes":{"large":{"w":1280,"h":960,"resize":"fit"},"medium":{"w":1200,"h":900,"resize":"fit"},"thumb":{"w":150,"h":150,"resize":"crop"},"small":{"w":680,"h":510,"resize":"fit"}}},{"id":883891729333710800,"id_str":"883891729333710848","indices":[112,135],"media_url":"http://pbs.twimg.com/media/DEQ22ELXcAAJFlR.jpg","media_url_https":"https://pbs.twimg.com/media/DEQ22ELXcAAJFlR.jpg","url":"https://t.co/p9UvdZBr51","display_url":"pic.twitter.com/p9UvdZBr51","expanded_url":"https://twitter.com/Rakuten__Eagles/status/883891744319954944/photo/1","type":"photo","sizes":{"small":{"w":453,"h":680,"resize":"fit"},"medium":{"w":800,"h":1200,"resize":"fit"},"thumb":{"w":150,"h":150,"resize":"crop"},"large":{"w":800,"h":1200,"resize":"fit"}}},{"id":883891735222472700,"id_str":"883891735222472704","indices":[112,135],"media_url":"http://pbs.twimg.com/media/DEQ22aHW0AAezYy.jpg","media_url_https":"https://pbs.twimg.com/media/DEQ22aHW0AAezYy.jpg","url":"https://t.co/p9UvdZBr51","display_url":"pic.twitter.com/p9UvdZBr51","expanded_url":"https://twitter.com/Rakuten__Eagles/status/883891744319954944/photo/1","type":"photo","sizes":{"thumb":{"w":150,"h":150,"resize":"crop"},"small":{"w":680,"h":453,"resize":"fit"},"large":{"w":1200,"h":800,"resize":"fit"},"medium":{"w":1200,"h":800,"resize":"fit"}}},{"id":883891741304205300,"id_str":"883891741304205313","indices":[112,135],"media_url":"http://pbs.twimg.com/media/DEQ22wxWsAE87t2.jpg","media_url_https":"https://pbs.twimg.com/media/DEQ22wxWsAE87t2.jpg","url":"https://t.co/p9UvdZBr51","display_url":"pic.twitter.com/p9UvdZBr51","expanded_url":"https://twitter.com/Rakuten__Eagles/status/883891744319954944/photo/1","type":"photo","sizes":{"small":{"w":453,"h":680,"resize":"fit"},"thumb":{"w":150,"h":150,"resize":"crop"},"medium":{"w":800,"h":1200,"resize":"fit"},"large":{"w":800,"h":1200,"resize":"fit"}}}]},"metadata":{"iso_language_code":"ja","result_type":"recent"},"source":"<a href=\"http://www.radian6.com\" rel=\"nofollow\">Radian6 -Social Media Management</a>","in_reply_to_status_id":null,"in_reply_to_status_id_str":null,"in_reply_to_user_id":null,"in_reply_to_user_id_str":null,"in_reply_to_screen_name":null,"user":{"id":122025185,"id_str":"122025185","name":"楽天イーグルス","screen_name":"Rakuten__Eagles","location":"東北","description":"楽天イーグルス公式Twitterです。 ※画像の二次利用及び無断転載は禁止とさせていただきます。","url":"https://t.co/iu5AiE9qAH","entities":{"url":{"urls":[{"url":"https://t.co/iu5AiE9qAH","expanded_url":"http://www.rakuteneagles.jp/","display_url":"rakuteneagles.jp","indices":[0,23]}]},"description":{"urls":[]}},"protected":false,"followers_count":529513,"friends_count":172,"listed_count":4078,"created_at":"Thu Mar 11 10:26:29 +0000 2010","favourites_count":337,"utc_offset":32400,"time_zone":"Tokyo","geo_enabled":true,"verified":true,"statuses_count":18768,"lang":"ja","contributors_enabled":false,"is_translator":false,"is_translation_enabled":false,"profile_background_color":"990000","profile_background_image_url":"http://pbs.twimg.com/profile_background_images/378800000176888726/Y27Nhc9J.jpeg","profile_background_image_url_https":"https://pbs.twimg.com/profile_background_images/378800000176888726/Y27Nhc9J.jpeg","profile_background_tile":false,"profile_image_url":"http://pbs.twimg.com/profile_images/881697352033067008/WSdtj-o4_normal.jpg","profile_image_url_https":"https://pbs.twimg.com/profile_images/881697352033067008/WSdtj-o4_normal.jpg","profile_banner_url":"https://pbs.twimg.com/profile_banners/122025185/1499047987","profile_link_color":"990000","profile_sidebar_border_color":"000000","profile_sidebar_fill_color":"F3F3F3","profile_text_color":"333333","profile_use_background_image":false,"has_extended_profile":false,"default_profile":false,"default_profile_image":false,"following":false,"follow_request_sent":false,"notifications":false,"translator_type":"none"},"geo":null,"coordinates":null,"place":null,"contributors":null,"is_quote_status":false,"retweet_count":140,"favorite_count":244,"favorited":false,"retweeted":false,"possibly_sensitive":false,"lang":"ja"},{"created_at":"Sun Jul 09 03:33:01 +0000 2017","id":883891715857293300,"id_str":"883891715857293313","text":"♪now playing song♪\n『Beautiful World』《宇多田ヒカル》\n【作詞　宇多田ヒカル/作曲　宇多田ヒカル/編曲　宇多田ヒカル】\n#kimimachi #agqr #joqr #radiko","truncated":false,"entities":{"hashtags":[{"text":"kimimachi","indices":[77,87]},{"text":"agqr","indices":[88,93]},{"text":"joqr","indices":[94,99]},{"text":"radiko","indices":[100,107]}],"symbols":[],"user_mentions":[],"urls":[]},"metadata":{"iso_language_code":"ja","result_type":"recent"},"source":"<a href=\"http://twitter.com\" rel=\"nofollow\">Twitter Web Client</a>","in_reply_to_status_id":null,"in_reply_to_status_id_str":null,"in_reply_to_user_id":null,"in_reply_to_user_id_str":null,"in_reply_to_screen_name":null,"user":{"id":840461901733613600,"id_str":"840461901733613568","name":"阿澄佳奈のキミまち！","screen_name":"kimimachi_qr","location":"AM1134kHz・FM91.6MHz・超！A&G+","description":"文化放送AM1134kHz/FM91.6MHz 超！A&G+で日曜11時から放送中！”A&Gリクエストアワー 阿澄佳奈のキミまち！”公式ツイッターです。番組コンセプトは『アニソンリクエスト』と『イベント』の融合！ぽかぽか日曜日は阿澄さんと一緒に過ごしましょう！kimimachi@joqr.net #kimimachi","url":"https://t.co/wd4gETmOOQ","entities":{"url":{"urls":[{"url":"https://t.co/wd4gETmOOQ","expanded_url":"http://ch.nicovideo.jp/kimimachi","display_url":"ch.nicovideo.jp/kimimachi","indices":[0,23]}]},"description":{"urls":[]}},"protected":false,"followers_count":13149,"friends_count":12854,"listed_count":280,"created_at":"Sat Mar 11 07:18:27 +0000 2017","favourites_count":908,"utc_offset":32400,"time_zone":"Tokyo","geo_enabled":false,"verified":false,"statuses_count":909,"lang":"ja","contributors_enabled":false,"is_translator":false,"is_translation_enabled":false,"profile_background_color":"000000","profile_background_image_url":"http://abs.twimg.com/images/themes/theme1/bg.png","profile_background_image_url_https":"https://abs.twimg.com/images/themes/theme1/bg.png","profile_background_tile":false,"profile_image_url":"http://pbs.twimg.com/profile_images/841154775265628160/t_6N_CwO_normal.jpg","profile_image_url_https":"https://pbs.twimg.com/profile_images/841154775265628160/t_6N_CwO_normal.jpg","profile_banner_url":"https://pbs.twimg.com/profile_banners/840461901733613568/1491623121","profile_link_color":"FAB81E","profile_sidebar_border_color":"000000","profile_sidebar_fill_color":"000000","profile_text_color":"000000","profile_use_background_image":false,"has_extended_profile":false,"default_profile":false,"default_profile_image":false,"following":false,"follow_request_sent":false,"notifications":false,"translator_type":"none"},"geo":null,"coordinates":null,"place":null,"contributors":null,"is_quote_status":false,"retweet_count":87,"favorite_count":63,"favorited":false,"retweeted":false,"lang":"ja"},{"created_at":"Sun Jul 09 03:32:43 +0000 2017","id":883891638736527400,"id_str":"883891638736527360","text":"長期間監禁された被害者が\n加害者に過度に同情したり好意を持ってしまうことをストックホルム症候群と言い\nその逆の加害者が被害者に過度に同情したり好意を持ってしまうことをリマ症候群と\nいう","truncated":false,"entities":{"hashtags":[],"symbols":[],"user_mentions":[],"urls":[]},"metadata":{"iso_language_code":"ja","result_type":"recent"},"source":"<a href=\"http://twittbot.net/\" rel=\"nofollow\">twittbot.net</a>","in_reply_to_status_id":null,"in_reply_to_status_id_str":null,"in_reply_to_user_id":null,"in_reply_to_user_id_str":null,"in_reply_to_screen_name":null,"user":{"id":2975118511,"id_str":"2975118511","name":"創作のネタ提供(雑学多め)","screen_name":"sousakubott","location":"","description":"雑学的な創作ネタをつぶやいてます\n知らなかったらｒｔしてくれると嬉しいです \nたまに中の人なりの作品づくりのアドバイスものせてます","url":null,"entities":{"description":{"urls":[]}},"protected":false,"followers_count":99733,"friends_count":2578,"listed_count":2342,"created_at":"Sun Jan 11 16:19:53 +0000 2015","favourites_count":27,"utc_offset":32400,"time_zone":"Seoul","geo_enabled":false,"verified":false,"statuses_count":7084,"lang":"ja","contributors_enabled":false,"is_translator":false,"is_translation_enabled":false,"profile_background_color":"C0DEED","profile_background_image_url":"http://abs.twimg.com/images/themes/theme1/bg.png","profile_background_image_url_https":"https://abs.twimg.com/images/themes/theme1/bg.png","profile_background_tile":false,"profile_image_url":"http://pbs.twimg.com/profile_images/554312257144766464/Bm9WOtAs_normal.jpeg","profile_image_url_https":"https://pbs.twimg.com/profile_images/554312257144766464/Bm9WOtAs_normal.jpeg","profile_link_color":"1DA1F2","profile_sidebar_border_color":"C0DEED","profile_sidebar_fill_color":"DDEEF6","profile_text_color":"333333","profile_use_background_image":true,"has_extended_profile":false,"default_profile":true,"default_profile_image":false,"following":false,"follow_request_sent":false,"notifications":false,"translator_type":"none"},"geo":null,"coordinates":null,"place":null,"contributors":null,"is_quote_status":false,"retweet_count":75,"favorite_count":132,"favorited":false,"retweeted":false,"lang":"ja"},{"created_at":"Sun Jul 09 03:32:29 +0000 2017","id":883891579638865900,"id_str":"883891579638865920","text":"はじめまして！\nミス東大コンテスト2017 entry No.3 \n工学部マテリアル工学科4年の\n辻田良枝（つじたよしえ）です！\n\n未熟ながらにも、自分らしく一生懸命がんばります！\n応援よろしくお願いします！ https://t.co/euY83Vj63N","truncated":false,"entities":{"hashtags":[],"symbols":[],"user_mentions":[],"urls":[],"media":[{"id":883891571371921400,"id_str":"883891571371921408","indices":[105,128],"media_url":"http://pbs.twimg.com/media/DEQ2s3uV0AAJWsI.jpg","media_url_https":"https://pbs.twimg.com/media/DEQ2s3uV0AAJWsI.jpg","url":"https://t.co/euY83Vj63N","display_url":"pic.twitter.com/euY83Vj63N","expanded_url":"https://twitter.com/miss_todai_3/status/883891579638865920/photo/1","type":"photo","sizes":{"medium":{"w":750,"h":1101,"resize":"fit"},"small":{"w":463,"h":680,"resize":"fit"},"large":{"w":750,"h":1101,"resize":"fit"},"thumb":{"w":150,"h":150,"resize":"crop"}}}]},"extended_entities":{"media":[{"id":883891571371921400,"id_str":"883891571371921408","indices":[105,128],"media_url":"http://pbs.twimg.com/media/DEQ2s3uV0AAJWsI.jpg","media_url_https":"https://pbs.twimg.com/media/DEQ2s3uV0AAJWsI.jpg","url":"https://t.co/euY83Vj63N","display_url":"pic.twitter.com/euY83Vj63N","expanded_url":"https://twitter.com/miss_todai_3/status/883891579638865920/photo/1","type":"photo","sizes":{"medium":{"w":750,"h":1101,"resize":"fit"},"small":{"w":463,"h":680,"resize":"fit"},"large":{"w":750,"h":1101,"resize":"fit"},"thumb":{"w":150,"h":150,"resize":"crop"}}},{"id":883891571363532800,"id_str":"883891571363532800","indices":[105,128],"media_url":"http://pbs.twimg.com/media/DEQ2s3sV0AAESbb.jpg","media_url_https":"https://pbs.twimg.com/media/DEQ2s3sV0AAESbb.jpg","url":"https://t.co/euY83Vj63N","display_url":"pic.twitter.com/euY83Vj63N","expanded_url":"https://twitter.com/miss_todai_3/status/883891579638865920/photo/1","type":"photo","sizes":{"small":{"w":463,"h":680,"resize":"fit"},"thumb":{"w":150,"h":150,"resize":"crop"},"medium":{"w":736,"h":1081,"resize":"fit"},"large":{"w":736,"h":1081,"resize":"fit"}}},{"id":883891571367714800,"id_str":"883891571367714816","indices":[105,128],"media_url":"http://pbs.twimg.com/media/DEQ2s3tVoAAITnx.jpg","media_url_https":"https://pbs.twimg.com/media/DEQ2s3tVoAAITnx.jpg","url":"https://t.co/euY83Vj63N","display_url":"pic.twitter.com/euY83Vj63N","expanded_url":"https://twitter.com/miss_todai_3/status/883891579638865920/photo/1","type":"photo","sizes":{"medium":{"w":733,"h":1081,"resize":"fit"},"thumb":{"w":150,"h":150,"resize":"crop"},"large":{"w":733,"h":1081,"resize":"fit"},"small":{"w":461,"h":680,"resize":"fit"}}},{"id":883891571665416200,"id_str":"883891571665416192","indices":[105,128],"media_url":"http://pbs.twimg.com/media/DEQ2s40UMAABsks.jpg","media_url_https":"https://pbs.twimg.com/media/DEQ2s40UMAABsks.jpg","url":"https://t.co/euY83Vj63N","display_url":"pic.twitter.com/euY83Vj63N","expanded_url":"https://twitter.com/miss_todai_3/status/883891579638865920/photo/1","type":"photo","sizes":{"small":{"w":459,"h":680,"resize":"fit"},"thumb":{"w":150,"h":150,"resize":"crop"},"large":{"w":742,"h":1099,"resize":"fit"},"medium":{"w":742,"h":1099,"resize":"fit"}}}]},"metadata":{"iso_language_code":"ja","result_type":"recent"},"source":"<a href=\"http://twitter.com/download/iphone\" rel=\"nofollow\">Twitter for iPhone</a>","in_reply_to_status_id":null,"in_reply_to_status_id_str":null,"in_reply_to_user_id":null,"in_reply_to_user_id_str":null,"in_reply_to_screen_name":null,"user":{"id":883869628618784800,"id_str":"883869628618784768","name":"辻田良枝 ミス東大No.3","screen_name":"miss_todai_3","location":"","description":"ミス&ミスター東大コンテスト2017 entryNo.3/辻田良枝(つじたよしえ)/工学部マテリアル工学科/東大娘。/スポーツ愛好会バドミントンパート /※DMには対応いたしかねます。お仕事のご依頼や質問は東京大学広告研究会のアカウント@utadvc_2017 まで","url":null,"entities":{"description":{"urls":[]}},"protected":false,"followers_count":168,"friends_count":0,"listed_count":6,"created_at":"Sun Jul 09 02:05:15 +0000 2017","favourites_count":0,"utc_offset":null,"time_zone":null,"geo_enabled":false,"verified":false,"statuses_count":1,"lang":"ja","contributors_enabled":false,"is_translator":false,"is_translation_enabled":false,"profile_background_color":"F5F8FA","profile_background_image_url":null,"profile_background_image_url_https":null,"profile_background_tile":false,"profile_image_url":"http://pbs.twimg.com/profile_images/883877707397844992/xRccMdJm_normal.jpg","profile_image_url_https":"https://pbs.twimg.com/profile_images/883877707397844992/xRccMdJm_normal.jpg","profile_banner_url":"https://pbs.twimg.com/profile_banners/883869628618784768/1499570262","profile_link_color":"1DA1F2","profile_sidebar_border_color":"C0DEED","profile_sidebar_fill_color":"DDEEF6","profile_text_color":"333333","profile_use_background_image":true,"has_extended_profile":false,"default_profile":true,"default_profile_image":false,"following":false,"follow_request_sent":false,"notifications":false,"translator_type":"none"},"geo":null,"coordinates":null,"place":null,"contributors":null,"is_quote_status":false,"retweet_count":57,"favorite_count":93,"favorited":false,"retweeted":false,"possibly_sensitive":false,"lang":"ja"}],"search_metadata":{"completed_in":0.092,"max_id":883892810268594200,"max_id_str":"883892810268594177","next_results":"?max_id=883891579638865919&q=lang%3Aja%20min_retweets%3A50&include_entities=1","query":"lang%3Aja+min_retweets%3A50","refresh_url":"?since_id=883892810268594177&q=lang%3Aja%20min_retweets%3A50&include_entities=1","count":15,"since_id":0,"since_id_str":"0"}}