{"statuses":[{"created_at":"Fri Jul 07 07:39:24 +0000 2017","id":883228942735253500,"id_str":"883228942735253504","text":"本日は青葉とねねの幼なじみ、ほたるの誕生日ですよ♪\n\n*+HAPPY BIRTHDAY+*\n\n#ニューゲーム https://t.co/db8CkUGP2x","truncated":false,"entities":{"hashtags":[{"text":"ニューゲーム","indices":[47,54]}],"symbols":[],"user_mentions":[],"urls":[],"media":[{"id":883228932505387000,"id_str":"883228932505387008","indices":[55,78],"media_url":"http://pbs.twimg.com/media/DEHcCNlUwAABPuD.jpg","media_url_https":"https://pbs.twimg.com/media/DEHcCNlUwAABPuD.jpg","url":"https://t.co/db8CkUGP2x","display_url":"pic.twitter.com/db8CkUGP2x","expanded_url":"https://twitter.com/nganime/status/883228942735253504/photo/1","type":"photo","sizes":{"small":{"w":680,"h":680,"resize":"fit"},"thumb":{"w":150,"h":150,"resize":"crop"},"medium":{"w":1200,"h":1200,"resize":"fit"},"large":{"w":2048,"h":2048,"resize":"fit"}}}]},"extended_entities":{"media":[{"id":883228932505387000,"id_str":"883228932505387008","indices":[55,78],"media_url":"http://pbs.twimg.com/media/DEHcCNlUwAABPuD.jpg","media_url_https":"https://pbs.twimg.com/media/DEHcCNlUwAABPuD.jpg","url":"https://t.co/db8CkUGP2x","display_url":"pic.twitter.com/db8CkUGP2x","expanded_url":"https://twitter.com/nganime/status/883228942735253504/photo/1","type":"photo","sizes":{"small":{"w":680,"h":680,"resize":"fit"},"thumb":{"w":150,"h":150,"resize":"crop"},"medium":{"w":1200,"h":1200,"resize":"fit"},"large":{"w":2048,"h":2048,"resize":"fit"}}}]},"metadata":{"iso_language_code":"ja","result_type":"recent"},"source":"<a href=\"http://twitter.com/download/iphone\" rel=\"nofollow\">Twitter for iPhone</a>","in_reply_to_status_id":null,"in_reply_to_status_id_str":null,"in_reply_to_user_id":null,"in_reply_to_user_id_str":null,"in_reply_to_screen_name":null,"user":{"id":4418757972,"id_str":"4418757972","name":"TVアニメ『NEW GAME!!』公式","screen_name":"nganime","location":"株式会社イーグルジャンプ","description":"「まんがタイムきららキャラット」にて連載中の大人気4コマ『NEW GAME!』のTVアニメ公式ツイッターです！ 第2期「NEW GAME!!」は7月11日よりAT-Xほかにて放送開始予定!! #ニューゲーム","url":"https://t.co/aMGkH5efNd","entities":{"url":{"urls":[{"url":"https://t.co/aMGkH5efNd","expanded_url":"http://newgame-anime.com/","display_url":"newgame-anime.com","indices":[0,23]}]},"description":{"urls":[]}},"protected":false,"followers_count":111735,"friends_count":22,"listed_count":1825,"created_at":"Tue Dec 01 09:00:37 +0000 2015","favourites_count":0,"utc_offset":null,"time_zone":null,"geo_enabled":false,"verified":false,"statuses_count":1849,"lang":"ja","contributors_enabled":false,"is_translator":false,"is_translation_enabled":false,"profile_background_color":"000000","profile_background_image_url":"http://abs.twimg.com/images/themes/theme1/bg.png","profile_background_image_url_https":"https://abs.twimg.com/images/themes/theme1/bg.png","profile_background_tile":false,"profile_image_url":"http://pbs.twimg.com/profile_images/848429155557400577/3_wKwEK2_normal.jpg","profile_image_url_https":"https://pbs.twimg.com/profile_images/848429155557400577/3_wKwEK2_normal.jpg","profile_banner_url":"https://pbs.twimg.com/profile_banners/4418757972/1491116250","profile_link_color":"91D2FA","profile_sidebar_border_color":"000000","profile_sidebar_fill_color":"000000","profile_text_color":"000000","profile_use_background_image":false,"has_extended_profile":false,"default_profile":false,"default_profile_image":false,"following":false,"follow_request_sent":false,"notifications":false,"translator_type":"none"},"geo":null,"coordinates":null,"place":null,"contributors":null,"is_quote_status":false,"retweet_count":60,"favorite_count":104,"favorited":false,"retweeted":false,"possibly_sensitive":false,"lang":"ja"},{"created_at":"Fri Jul 07 07:38:39 +0000 2017","id":883228756504072200,"id_str":"883228756504072192","text":"いよいよSiM、京都大作戦4年の振りの源氏ノ舞台宜しくお願いします！\n\n#京都大作戦\n#SiM https://t.co/fyLoc4KdoC","truncated":false,"entities":{"hashtags":[{"text":"京都大作戦","indices":[36,42]},{"text":"SiM","indices":[43,47]}],"symbols":[],"user_mentions":[],"urls":[],"media":[{"id":883228744801857500,"id_str":"883228744801857537","indices":[48,71],"media_url":"http://pbs.twimg.com/media/DEHb3SVUMAEO8X-.jpg","media_url_https":"https://pbs.twimg.com/media/DEHb3SVUMAEO8X-.jpg","url":"https://t.co/fyLoc4KdoC","display_url":"pic.twitter.com/fyLoc4KdoC","expanded_url":"https://twitter.com/SiM_Official/status/883228756504072192/photo/1","type":"photo","sizes":{"large":{"w":2048,"h":2048,"resize":"fit"},"medium":{"w":1200,"h":1200,"resize":"fit"},"thumb":{"w":150,"h":150,"resize":"crop"},"small":{"w":680,"h":680,"resize":"fit"}}}]},"extended_entities":{"media":[{"id":883228744801857500,"id_str":"883228744801857537","indices":[48,71],"media_url":"http://pbs.twimg.com/media/DEHb3SVUMAEO8X-.jpg","media_url_https":"https://pbs.twimg.com/media/DEHb3SVUMAEO8X-.jpg","url":"https://t.co/fyLoc4KdoC","display_url":"pic.twitter.com/fyLoc4KdoC","expanded_url":"https://twitter.com/SiM_Official/status/883228756504072192/photo/1","type":"photo","sizes":{"large":{"w":2048,"h":2048,"resize":"fit"},"medium":{"w":1200,"h":1200,"resize":"fit"},"thumb":{"w":150,"h":150,"resize":"crop"},"small":{"w":680,"h":680,"resize":"fit"}}}]},"metadata":{"iso_language_code":"ja","result_type":"recent"},"source":"<a href=\"http://twitter.com/download/iphone\" rel=\"nofollow\">Twitter for iPhone</a>","in_reply_to_status_id":null,"in_reply_to_status_id_str":null,"in_reply_to_user_id":null,"in_reply_to_user_id_str":null,"in_reply_to_screen_name":null,"user":{"id":315347828,"id_str":"315347828","name":"SiM_Official","screen_name":"SiM_Official","location":"湘南","description":"REGGAE PUNK","url":"http://t.co/RtHrt4C3C4","entities":{"url":{"urls":[{"url":"http://t.co/RtHrt4C3C4","expanded_url":"http://sxixm.com/","display_url":"sxixm.com","indices":[0,22]}]},"description":{"urls":[]}},"protected":false,"followers_count":204744,"friends_count":88752,"listed_count":2689,"created_at":"Sat Jun 11 18:26:00 +0000 2011","favourites_count":0,"utc_offset":null,"time_zone":null,"geo_enabled":false,"verified":true,"statuses_count":2604,"lang":"ja","contributors_enabled":false,"is_translator":false,"is_translation_enabled":false,"profile_background_color":"000000","profile_background_image_url":"http://abs.twimg.com/images/themes/theme14/bg.gif","profile_background_image_url_https":"https://abs.twimg.com/images/themes/theme14/bg.gif","profile_background_tile":false,"profile_image_url":"http://pbs.twimg.com/profile_images/853220815537455106/ZHgEQZ4T_normal.jpg","profile_image_url_https":"https://pbs.twimg.com/profile_images/853220815537455106/ZHgEQZ4T_normal.jpg","profile_banner_url":"https://pbs.twimg.com/profile_banners/315347828/1468285524","profile_link_color":"3B94D9","profile_sidebar_border_color":"000000","profile_sidebar_fill_color":"000000","profile_text_color":"000000","profile_use_background_image":false,"has_extended_profile":false,"default_profile":false,"default_profile_image":false,"following":false,"follow_request_sent":false,"notifications":false,"translator_type":"none"},"geo":null,"coordinates":null,"place":null,"contributors":null,"is_quote_status":false,"retweet_count":102,"favorite_count":224,"favorited":false,"retweeted":false,"possibly_sensitive":false,"lang":"ja"},{"created_at":"Fri Jul 07 07:37:34 +0000 2017","id":883228481043157000,"id_str":"883228481043156992","text":"今日Re:ゼロのユリウスの誕生日なの？👼🏼おめでとう〜〜〜〜⚔⚔⚔","truncated":false,"entities":{"hashtags":[],"symbols":[],"user_mentions":[],"urls":[]},"metadata":{"iso_language_code":"ja","result_type":"recent"},"source":"<a href=\"http://janetter.net/\" rel=\"nofollow\">Janetter Pro for iPhone</a>","in_reply_to_status_id":null,"in_reply_to_status_id_str":null,"in_reply_to_user_id":null,"in_reply_to_user_id_str":null,"in_reply_to_screen_name":null,"user":{"id":276033275,"id_str":"276033275","name":"江口拓也（えぐちたくや）","screen_name":"egutakuya","location":"日本","description":"声優やってます。よろしくお願いします！\nInstagram→ https://t.co/MSnCMR5YcM","url":"http://t.co/X12wt6U95x","entities":{"url":{"urls":[{"url":"http://t.co/X12wt6U95x","expanded_url":"http://egutaku.exblog.jp/","display_url":"egutaku.exblog.jp","indices":[0,22]}]},"description":{"urls":[{"url":"https://t.co/MSnCMR5YcM","expanded_url":"http://instagram.com/takuyaeguchi81","display_url":"instagram.com/takuyaeguchi81","indices":[31,54]}]}},"protected":false,"followers_count":653740,"friends_count":928,"listed_count":13316,"created_at":"Sat Apr 02 14:20:25 +0000 2011","favourites_count":22,"utc_offset":32400,"time_zone":"Tokyo","geo_enabled":false,"verified":true,"statuses_count":20718,"lang":"ja","contributors_enabled":false,"is_translator":false,"is_translation_enabled":false,"profile_background_color":"B2DFDA","profile_background_image_url":"http://abs.twimg.com/images/themes/theme13/bg.gif","profile_background_image_url_https":"https://abs.twimg.com/images/themes/theme13/bg.gif","profile_background_tile":false,"profile_image_url":"http://pbs.twimg.com/profile_images/875660149653880832/hz6MCiGl_normal.jpg","profile_image_url_https":"https://pbs.twimg.com/profile_images/875660149653880832/hz6MCiGl_normal.jpg","profile_link_color":"93A644","profile_sidebar_border_color":"EEEEEE","profile_sidebar_fill_color":"FFFFFF","profile_text_color":"333333","profile_use_background_image":true,"has_extended_profile":false,"default_profile":false,"default_profile_image":false,"following":false,"follow_request_sent":false,"notifications":false,"translator_type":"none"},"geo":null,"coordinates":null,"place":null,"contributors":null,"is_quote_status":false,"retweet_count":138,"favorite_count":486,"favorited":false,"retweeted":false,"lang":"ja"},{"created_at":"Fri Jul 07 07:37:27 +0000 2017","id":883228452890878000,"id_str":"883228452890877952","text":"7/6\n\n北海道網走市\n\n能取岬\n\n嵐\n\nJALのCM撮影","truncated":false,"entities":{"hashtags":[],"symbols":[],"user_mentions":[],"urls":[]},"metadata":{"iso_language_code":"ja","result_type":"recent"},"source":"<a href=\"http://twitter.com/download/iphone\" rel=\"nofollow\">Twitter for iPhone</a>","in_reply_to_status_id":null,"in_reply_to_status_id_str":null,"in_reply_to_user_id":null,"in_reply_to_user_id_str":null,"in_reply_to_screen_name":null,"user":{"id":848909052008554500,"id_str":"848909052008554496","name":"ジャニーズ遭遇情報","screen_name":"js4662","location":"","description":"情報はDMにいただけると気付きやすいです。","url":null,"entities":{"description":{"urls":[]}},"protected":false,"followers_count":136051,"friends_count":0,"listed_count":225,"created_at":"Mon Apr 03 14:44:24 +0000 2017","favourites_count":240,"utc_offset":null,"time_zone":null,"geo_enabled":false,"verified":false,"statuses_count":1106,"lang":"ja","contributors_enabled":false,"is_translator":false,"is_translation_enabled":false,"profile_background_color":"F5F8FA","profile_background_image_url":null,"profile_background_image_url_https":null,"profile_background_tile":false,"profile_image_url":"http://pbs.twimg.com/profile_images/848911931956019204/fwwY30IV_normal.jpg","profile_image_url_https":"https://pbs.twimg.com/profile_images/848911931956019204/fwwY30IV_normal.jpg","profile_link_color":"1DA1F2","profile_sidebar_border_color":"C0DEED","profile_sidebar_fill_color":"DDEEF6","profile_text_color":"333333","profile_use_background_image":true,"has_extended_profile":false,"default_profile":true,"default_profile_image":false,"following":false,"follow_request_sent":false,"notifications":false,"translator_type":"none"},"geo":null,"coordinates":null,"place":null,"contributors":null,"is_quote_status":false,"retweet_count":149,"favorite_count":414,"favorited":false,"retweeted":false,"lang":"ja"},{"created_at":"Fri Jul 07 07:37:16 +0000 2017","id":883228408833900500,"id_str":"883228408833900544","text":"今日は、新たな映画の撮影に向けて、髪を染めてきましたよ！\nどんな役なのか、お楽しみに！\n染めるの５年ぶりぐらい？？？\nAXYさん！本当にいつもありがとー😆🌟 https://t.co/7nf9Nnw8Eh","truncated":false,"entities":{"hashtags":[],"symbols":[],"user_mentions":[],"urls":[],"media":[{"id":883228400365690900,"id_str":"883228400365690881","indices":[79,102],"media_url":"http://pbs.twimg.com/media/DEHbjPNVYAEAKpY.jpg","media_url_https":"https://pbs.twimg.com/media/DEHbjPNVYAEAKpY.jpg","url":"https://t.co/7nf9Nnw8Eh","display_url":"pic.twitter.com/7nf9Nnw8Eh","expanded_url":"https://twitter.com/takasaki_shota/status/883228408833900544/photo/1","type":"photo","sizes":{"medium":{"w":1200,"h":675,"resize":"fit"},"thumb":{"w":150,"h":150,"resize":"crop"},"small":{"w":680,"h":383,"resize":"fit"},"large":{"w":1280,"h":720,"resize":"fit"}}}]},"extended_entities":{"media":[{"id":883228400365690900,"id_str":"883228400365690881","indices":[79,102],"media_url":"http://pbs.twimg.com/media/DEHbjPNVYAEAKpY.jpg","media_url_https":"https://pbs.twimg.com/media/DEHbjPNVYAEAKpY.jpg","url":"https://t.co/7nf9Nnw8Eh","display_url":"pic.twitter.com/7nf9Nnw8Eh","expanded_url":"https://twitter.com/takasaki_shota/status/883228408833900544/photo/1","type":"photo","sizes":{"medium":{"w":1200,"h":675,"resize":"fit"},"thumb":{"w":150,"h":150,"resize":"crop"},"small":{"w":680,"h":383,"resize":"fit"},"large":{"w":1280,"h":720,"resize":"fit"}}},{"id":883228400353030100,"id_str":"883228400353030145","indices":[79,102],"media_url":"http://pbs.twimg.com/media/DEHbjPKUMAE4rLb.jpg","media_url_https":"https://pbs.twimg.com/media/DEHbjPKUMAE4rLb.jpg","url":"https://t.co/7nf9Nnw8Eh","display_url":"pic.twitter.com/7nf9Nnw8Eh","expanded_url":"https://twitter.com/takasaki_shota/status/883228408833900544/photo/1","type":"photo","sizes":{"medium":{"w":675,"h":1200,"resize":"fit"},"small":{"w":383,"h":680,"resize":"fit"},"thumb":{"w":150,"h":150,"resize":"crop"},"large":{"w":720,"h":1280,"resize":"fit"}}},{"id":883228400336293900,"id_str":"883228400336293890","indices":[79,102],"media_url":"http://pbs.twimg.com/media/DEHbjPGU0AIngB0.jpg","media_url_https":"https://pbs.twimg.com/media/DEHbjPGU0AIngB0.jpg","url":"https://t.co/7nf9Nnw8Eh","display_url":"pic.twitter.com/7nf9Nnw8Eh","expanded_url":"https://twitter.com/takasaki_shota/status/883228408833900544/photo/1","type":"photo","sizes":{"large":{"w":720,"h":1280,"resize":"fit"},"thumb":{"w":150,"h":150,"resize":"crop"},"small":{"w":383,"h":680,"resize":"fit"},"medium":{"w":675,"h":1200,"resize":"fit"}}}]},"metadata":{"iso_language_code":"ja","result_type":"recent"},"source":"<a href=\"http://twitter.com/download/iphone\" rel=\"nofollow\">Twitter for iPhone</a>","in_reply_to_status_id":null,"in_reply_to_status_id_str":null,"in_reply_to_user_id":null,"in_reply_to_user_id_str":null,"in_reply_to_screen_name":null,"user":{"id":2291121583,"id_str":"2291121583","name":"高崎翔太","screen_name":"takasaki_shota","location":"出演情報","description":"俳優。トキエンタテインメント所属 。高崎翔太(たかさきしょうた)9月21日生まれ､  『2.5次元男子放送部』7月21日～25日舞台「夢王国と眠れる100人の王子様」リド役､8月朗読劇「私の頭の中の消しゴム9th letter」9月『あんさんぶるスターズ！Extra Stage』～Judge of Knights!～","url":"https://t.co/wHSuUvWHnR","entities":{"url":{"urls":[{"url":"https://t.co/wHSuUvWHnR","expanded_url":"http://ch.nicovideo.jp/tokientertainment/blomaga/ar406526","display_url":"ch.nicovideo.jp/tokientertainm…","indices":[0,23]}]},"description":{"urls":[]}},"protected":false,"followers_count":62470,"friends_count":105,"listed_count":3070,"created_at":"Tue Jan 14 12:54:01 +0000 2014","favourites_count":1,"utc_offset":null,"time_zone":null,"geo_enabled":false,"verified":false,"statuses_count":5486,"lang":"ja","contributors_enabled":false,"is_translator":false,"is_translation_enabled":false,"profile_background_color":"C0DEED","profile_background_image_url":"http://abs.twimg.com/images/themes/theme1/bg.png","profile_background_image_url_https":"https://abs.twimg.com/images/themes/theme1/bg.png","profile_background_tile":false,"profile_image_url":"http://pbs.twimg.com/profile_images/876783771227312129/4H7zwOn6_normal.jpg","profile_image_url_https":"https://pbs.twimg.com/profile_images/876783771227312129/4H7zwOn6_normal.jpg","profile_link_color":"1DA1F2","profile_sidebar_border_color":"C0DEED","profile_sidebar_fill_color":"DDEEF6","profile_text_color":"333333","profile_use_background_image":true,"has_extended_profile":true,"default_profile":true,"default_profile_image":false,"following":false,"follow_request_sent":false,"notifications":false,"translator_type":"none"},"geo":null,"coordinates":null,"place":null,"contributors":null,"is_quote_status":false,"retweet_count":165,"favorite_count":296,"favorited":false,"retweeted":false,"possibly_sensitive":false,"lang":"ja"},{"created_at":"Fri Jul 07 07:34:20 +0000 2017","id":883227670724595700,"id_str":"883227670724595712","text":"なんと…この後!!!!!!!!!!!\nせ、せ、世界に通用する音楽性の…\n\nせ、せ、あぁぁぁぁぁぁぁぁ!!\n\n“SEKAI NO OWARI”が“ラシックパサージュ”に全員登場します!!\n\n＊19時頃の出演になります。\nお時間ある方… https://t.co/VGqtd2EiqB","truncated":true,"entities":{"hashtags":[],"symbols":[],"user_mentions":[],"urls":[{"url":"https://t.co/VGqtd2EiqB","expanded_url":"https://twitter.com/i/web/status/883227670724595712","display_url":"twitter.com/i/web/status/8…","indices":[117,140]}]},"metadata":{"iso_language_code":"ja","result_type":"recent"},"source":"<a href=\"http://twitter.com\" rel=\"nofollow\">Twitter Web Client</a>","in_reply_to_status_id":null,"in_reply_to_status_id_str":null,"in_reply_to_user_id":null,"in_reply_to_user_id_str":null,"in_reply_to_screen_name":null,"user":{"id":3116346902,"id_str":"3116346902","name":"HOORAY HOORAY FRIDAY","screen_name":"hooray_778","location":"愛知県名古屋市","description":"“HOORAY”とは、頑張っている人を応援する魔法の言葉。金曜の夕方に、名古屋のパワフルガール“白井奈津”が元気とHAPPYをお届けしていきます。ZIP-FM  FRIDAY 16:30-20:00 @zip_special PCスマホでも聴けます➡︎ https://t.co/FvA9ZeltOQ","url":"https://t.co/H7LFA9YWzU","entities":{"url":{"urls":[{"url":"https://t.co/H7LFA9YWzU","expanded_url":"http://zip-fm.co.jp/","display_url":"zip-fm.co.jp","indices":[0,23]}]},"description":{"urls":[{"url":"https://t.co/FvA9ZeltOQ","expanded_url":"http://radiko.jp/index/ZIP-FM/","display_url":"radiko.jp/index/ZIP-FM/","indices":[127,150]}]}},"protected":false,"followers_count":3724,"friends_count":2002,"listed_count":57,"created_at":"Mon Mar 30 04:21:14 +0000 2015","favourites_count":234,"utc_offset":null,"time_zone":null,"geo_enabled":false,"verified":false,"statuses_count":1744,"lang":"ja","contributors_enabled":false,"is_translator":false,"is_translation_enabled":false,"profile_background_color":"000000","profile_background_image_url":"http://abs.twimg.com/images/themes/theme1/bg.png","profile_background_image_url_https":"https://abs.twimg.com/images/themes/theme1/bg.png","profile_background_tile":false,"profile_image_url":"http://pbs.twimg.com/profile_images/791147172532195328/d_wUWUxm_normal.jpg","profile_image_url_https":"https://pbs.twimg.com/profile_images/791147172532195328/d_wUWUxm_normal.jpg","profile_banner_url":"https://pbs.twimg.com/profile_banners/3116346902/1477459214","profile_link_color":"F5ABB5","profile_sidebar_border_color":"000000","profile_sidebar_fill_color":"000000","profile_text_color":"000000","profile_use_background_image":false,"has_extended_profile":false,"default_profile":false,"default_profile_image":false,"following":false,"follow_request_sent":false,"notifications":false,"translator_type":"none"},"geo":null,"coordinates":null,"place":null,"contributors":null,"is_quote_status":false,"retweet_count":126,"favorite_count":399,"favorited":false,"retweeted":false,"possibly_sensitive":false,"lang":"ja"},{"created_at":"Fri Jul 07 07:34:17 +0000 2017","id":883227654400245800,"id_str":"883227654400245760","text":"男の娘同士でキスしながらおちんちんのさきっぽでもちゅっ❤ちゅっ❤ってしてたらそれはもう百合でいいよね？？？","truncated":false,"entities":{"hashtags":[],"symbols":[],"user_mentions":[],"urls":[]},"metadata":{"iso_language_code":"ja","result_type":"recent"},"source":"<a href=\"http://twitter.com\" rel=\"nofollow\">Twitter Web Client</a>","in_reply_to_status_id":null,"in_reply_to_status_id_str":null,"in_reply_to_user_id":null,"in_reply_to_user_id_str":null,"in_reply_to_screen_name":null,"user":{"id":883432249,"id_str":"883432249","name":"MtU@ｺﾐｹ1日目東A-05b","screen_name":"MtU17830715","location":" 爪弾くは荒ぶる調べ！","description":"https://t.co/QCu5VH04uA https://t.co/5IBKXb7yYM えむてぃーゆーとよんでくだちい。 エロゲンガーやっております。 金 髪 ツ イ ン テ は 正 義 ！","url":"https://t.co/bjEb0DqH78","entities":{"url":{"urls":[{"url":"https://t.co/bjEb0DqH78","expanded_url":"https://enty.jp/MtU?src=creator","display_url":"enty.jp/MtU?src=creator","indices":[0,23]}]},"description":{"urls":[{"url":"https://t.co/QCu5VH04uA","expanded_url":"http://pixiv.me/orewamuzituda","display_url":"pixiv.me/orewamuzituda","indices":[0,23]},{"url":"https://t.co/5IBKXb7yYM","expanded_url":"http://seiga.nicovideo.jp/user/illust/12128756","display_url":"seiga.nicovideo.jp/user/illust/12…","indices":[24,47]}]}},"protected":false,"followers_count":144020,"friends_count":2792,"listed_count":3564,"created_at":"Tue Oct 16 01:19:06 +0000 2012","favourites_count":1450,"utc_offset":32400,"time_zone":"Tokyo","geo_enabled":false,"verified":false,"statuses_count":60380,"lang":"ja","contributors_enabled":false,"is_translator":false,"is_translation_enabled":false,"profile_background_color":"C0DEED","profile_background_image_url":"http://pbs.twimg.com/profile_background_images/474841289700020224/pTnpLFaX.jpeg","profile_background_image_url_https":"https://pbs.twimg.com/profile_background_images/474841289700020224/pTnpLFaX.jpeg","profile_background_tile":false,"profile_image_url":"http://pbs.twimg.com/profile_images/847704856324218881/UZqbPTac_normal.jpg","profile_image_url_https":"https://pbs.twimg.com/profile_images/847704856324218881/UZqbPTac_normal.jpg","profile_banner_url":"https://pbs.twimg.com/profile_banners/883432249/1454425604","profile_link_color":"0084B4","profile_sidebar_border_color":"000000","profile_sidebar_fill_color":"DDEEF6","profile_text_color":"333333","profile_use_background_image":true,"has_extended_profile":true,"default_profile":false,"default_profile_image":false,"following":false,"follow_request_sent":false,"notifications":false,"translator_type":"none"},"geo":null,"coordinates":null,"place":null,"contributors":null,"is_quote_status":false,"retweet_count":57,"favorite_count":94,"favorited":false,"retweeted":false,"lang":"ja"},{"created_at":"Fri Jul 07 07:34:15 +0000 2017","id":883227648821870600,"id_str":"883227648821870592","text":"Oxygenicsによる「ダース・ベイダーのシャワーヘッド」。アメリカの企業。耐久性があり詰まりにくいシャワーヘッドを制作し続けています。ダースベイダーの形をした製品を作りました。R2-D2もあります。以下のサイトから購入できます… https://t.co/ECRDSQ9KDC","truncated":true,"entities":{"hashtags":[],"symbols":[],"user_mentions":[],"urls":[{"url":"https://t.co/ECRDSQ9KDC","expanded_url":"https://twitter.com/i/web/status/883227648821870592","display_url":"twitter.com/i/web/status/8…","indices":[117,140]}]},"metadata":{"iso_language_code":"ja","result_type":"recent"},"source":"<a href=\"http://twitter.com\" rel=\"nofollow\">Twitter Web Client</a>","in_reply_to_status_id":null,"in_reply_to_status_id_str":null,"in_reply_to_user_id":null,"in_reply_to_user_id_str":null,"in_reply_to_screen_name":null,"user":{"id":102710794,"id_str":"102710794","name":"龍國竣/リュウゴク","screen_name":"Ryuugoku","location":"日本","description":"書肆ゲンシシャ @Book_Genshisha 店主。幻想案内家/ファンタジーガイド。澁澤龍彦を軸に幻想文学・芸術を紹介します。エロティシズム/シュルレアリスム。表象文化論。蒐集/鑑賞/読書。現代美術/写真/建築/絵画/服飾/映画/漫画。趣味は、茶道。 驚異の陳列室はこちら @wunderkammern","url":"https://t.co/iuppwfbDoQ","entities":{"url":{"urls":[{"url":"https://t.co/iuppwfbDoQ","expanded_url":"http://book.akahoshitakuya.com/u/127026","display_url":"book.akahoshitakuya.com/u/127026","indices":[0,23]}]},"description":{"urls":[]}},"protected":false,"followers_count":87215,"friends_count":4546,"listed_count":2238,"created_at":"Thu Jan 07 15:38:19 +0000 2010","favourites_count":6285,"utc_offset":32400,"time_zone":"Tokyo","geo_enabled":true,"verified":false,"statuses_count":13583,"lang":"ja","contributors_enabled":false,"is_translator":false,"is_translation_enabled":false,"profile_background_color":"EDECE9","profile_background_image_url":"http://pbs.twimg.com/profile_background_images/827029461/5d4782bbf2efa55db3b86b400d279584.jpeg","profile_background_image_url_https":"https://pbs.twimg.com/profile_background_images/827029461/5d4782bbf2efa55db3b86b400d279584.jpeg","profile_background_tile":true,"profile_image_url":"http://pbs.twimg.com/profile_images/1096832753/F1010502_normal.JPG","profile_image_url_https":"https://pbs.twimg.com/profile_images/1096832753/F1010502_normal.JPG","profile_banner_url":"https://pbs.twimg.com/profile_banners/102710794/1368763403","profile_link_color":"088253","profile_sidebar_border_color":"FFFFFF","profile_sidebar_fill_color":"E3E2DE","profile_text_color":"634047","profile_use_background_image":true,"has_extended_profile":false,"default_profile":false,"default_profile_image":false,"following":false,"follow_request_sent":false,"notifications":false,"translator_type":"none"},"geo":null,"coordinates":null,"place":null,"contributors":null,"is_quote_status":false,"retweet_count":112,"favorite_count":83,"favorited":false,"retweeted":false,"possibly_sensitive":false,"lang":"ja"},{"created_at":"Fri Jul 07 07:33:01 +0000 2017","id":883227338858577900,"id_str":"883227338858577920","text":"シャークネードシリーズはチェーンソーのバリエーションが世界一豊富過ぎるサメ映画だからな https://t.co/NayJx8mpmF","truncated":false,"entities":{"hashtags":[],"symbols":[],"user_mentions":[],"urls":[],"media":[{"id":883227327437561900,"id_str":"883227327437561860","indices":[44,67],"media_url":"http://pbs.twimg.com/media/DEHakyPVYAQACOC.jpg","media_url_https":"https://pbs.twimg.com/media/DEHakyPVYAQACOC.jpg","url":"https://t.co/NayJx8mpmF","display_url":"pic.twitter.com/NayJx8mpmF","expanded_url":"https://twitter.com/itukayomu/status/883227338858577920/photo/1","type":"photo","sizes":{"large":{"w":225,"h":225,"resize":"fit"},"thumb":{"w":150,"h":150,"resize":"crop"},"medium":{"w":225,"h":225,"resize":"fit"},"small":{"w":225,"h":225,"resize":"fit"}}}]},"extended_entities":{"media":[{"id":883227327437561900,"id_str":"883227327437561860","indices":[44,67],"media_url":"http://pbs.twimg.com/media/DEHakyPVYAQACOC.jpg","media_url_https":"https://pbs.twimg.com/media/DEHakyPVYAQACOC.jpg","url":"https://t.co/NayJx8mpmF","display_url":"pic.twitter.com/NayJx8mpmF","expanded_url":"https://twitter.com/itukayomu/status/883227338858577920/photo/1","type":"photo","sizes":{"large":{"w":225,"h":225,"resize":"fit"},"thumb":{"w":150,"h":150,"resize":"crop"},"medium":{"w":225,"h":225,"resize":"fit"},"small":{"w":225,"h":225,"resize":"fit"}}},{"id":883227327437480000,"id_str":"883227327437479936","indices":[44,67],"media_url":"http://pbs.twimg.com/media/DEHakyPUIAAEVdx.jpg","media_url_https":"https://pbs.twimg.com/media/DEHakyPUIAAEVdx.jpg","url":"https://t.co/NayJx8mpmF","display_url":"pic.twitter.com/NayJx8mpmF","expanded_url":"https://twitter.com/itukayomu/status/883227338858577920/photo/1","type":"photo","sizes":{"small":{"w":443,"h":332,"resize":"fit"},"thumb":{"w":150,"h":150,"resize":"crop"},"large":{"w":443,"h":332,"resize":"fit"},"medium":{"w":443,"h":332,"resize":"fit"}}},{"id":883227327445872600,"id_str":"883227327445872640","indices":[44,67],"media_url":"http://pbs.twimg.com/media/DEHakyRUMAAdrkQ.jpg","media_url_https":"https://pbs.twimg.com/media/DEHakyRUMAAdrkQ.jpg","url":"https://t.co/NayJx8mpmF","display_url":"pic.twitter.com/NayJx8mpmF","expanded_url":"https://twitter.com/itukayomu/status/883227338858577920/photo/1","type":"photo","sizes":{"medium":{"w":514,"h":286,"resize":"fit"},"small":{"w":514,"h":286,"resize":"fit"},"thumb":{"w":150,"h":150,"resize":"crop"},"large":{"w":514,"h":286,"resize":"fit"}}},{"id":883227327441666000,"id_str":"883227327441666048","indices":[44,67],"media_url":"http://pbs.twimg.com/media/DEHakyQUAAAkdnk.jpg","media_url_https":"https://pbs.twimg.com/media/DEHakyQUAAAkdnk.jpg","url":"https://t.co/NayJx8mpmF","display_url":"pic.twitter.com/NayJx8mpmF","expanded_url":"https://twitter.com/itukayomu/status/883227338858577920/photo/1","type":"photo","sizes":{"small":{"w":470,"h":313,"resize":"fit"},"medium":{"w":470,"h":313,"resize":"fit"},"thumb":{"w":150,"h":150,"resize":"crop"},"large":{"w":470,"h":313,"resize":"fit"}}}]},"metadata":{"iso_language_code":"ja","result_type":"recent"},"source":"<a href=\"http://twitter.com/download/iphone\" rel=\"nofollow\">Twitter for iPhone</a>","in_reply_to_status_id":null,"in_reply_to_status_id_str":null,"in_reply_to_user_id":null,"in_reply_to_user_id_str":null,"in_reply_to_screen_name":null,"user":{"id":2535689102,"id_str":"2535689102","name":"知的風ハット","screen_name":"itukayomu","location":"ストレージ24","description":"大昔 知能の高いサメが暮らしている星が―/dancer_in_the_shark@yahoo.co.jp","url":"https://t.co/kBjZpCXPRs","entities":{"url":{"urls":[{"url":"https://t.co/kBjZpCXPRs","expanded_url":"http://rottentaste.blog.fc2.com/","display_url":"rottentaste.blog.fc2.com","indices":[0,23]}]},"description":{"urls":[]}},"protected":false,"followers_count":27400,"friends_count":452,"listed_count":278,"created_at":"Fri May 30 19:01:19 +0000 2014","favourites_count":2885,"utc_offset":28800,"time_zone":"Irkutsk","geo_enabled":true,"verified":false,"statuses_count":9218,"lang":"ja","contributors_enabled":false,"is_translator":false,"is_translation_enabled":false,"profile_background_color":"C6E2EE","profile_background_image_url":"http://abs.twimg.com/images/themes/theme2/bg.gif","profile_background_image_url_https":"https://abs.twimg.com/images/themes/theme2/bg.gif","profile_background_tile":false,"profile_image_url":"http://pbs.twimg.com/profile_images/853530960649887744/ycDBvwVw_normal.jpg","profile_image_url_https":"https://pbs.twimg.com/profile_images/853530960649887744/ycDBvwVw_normal.jpg","profile_link_color":"3320C7","profile_sidebar_border_color":"FFFFFF","profile_sidebar_fill_color":"DAECF4","profile_text_color":"663B12","profile_use_background_image":true,"has_extended_profile":false,"default_profile":false,"default_profile_image":false,"following":false,"follow_request_sent":false,"notifications":false,"translator_type":"none"},"geo":null,"coordinates":null,"place":null,"contributors":null,"is_quote_status":false,"retweet_count":93,"favorite_count":81,"favorited":false,"retweeted":false,"possibly_sensitive":false,"lang":"ja"},{"created_at":"Fri Jul 07 07:31:28 +0000 2017","id":883226948607946800,"id_str":"883226948607946752","text":"KiraカンR L#15の告知動画をアップしました！木村良平営業部お酒担当と男気BBQ！#Kiraカン #Kiramune #木村良平\nKiraカンR #15\nhttps://t.co/KSSV7FdyCi\nKiraカンL #15\nhttps://t.co/kjKs2RUZFC","truncated":false,"entities":{"hashtags":[{"text":"Kiraカン","indices":[44,51]},{"text":"Kiramune","indices":[52,61]},{"text":"木村良平","indices":[62,67]}],"symbols":[],"user_mentions":[],"urls":[{"url":"https://t.co/KSSV7FdyCi","expanded_url":"https://www.youtube.com/watch?v=k24KzkbGrUA","display_url":"youtube.com/watch?v=k24Kzk…","indices":[80,103]},{"url":"https://t.co/kjKs2RUZFC","expanded_url":"https://www.youtube.com/watch?v=FbS9-Y1wruQ","display_url":"youtube.com/watch?v=FbS9-Y…","indices":[116,139]}]},"metadata":{"iso_language_code":"ja","result_type":"recent"},"source":"<a href=\"http://twitter.com\" rel=\"nofollow\">Twitter Web Client</a>","in_reply_to_status_id":null,"in_reply_to_status_id_str":null,"in_reply_to_user_id":null,"in_reply_to_user_id_str":null,"in_reply_to_screen_name":null,"user":{"id":712493010664230900,"id_str":"712493010664230913","name":"【公式】Kiramuneカンパニー広報部","screen_name":"fujitvkirakan","location":"台場","description":"Kiramuneカンパニー番組公式アカウントです。KiramuneカンパニーRがフジテレビNEXT/NEXTsmartで、KiramuneカンパニーLがフジテレビTWO/TWOsmartで絶賛放送中！公式ハッシュタグは#Kiraカン","url":"https://t.co/A1ckTfrCeu","entities":{"url":{"urls":[{"url":"https://t.co/A1ckTfrCeu","expanded_url":"http://otn.fujitv.co.jp/kiramuner","display_url":"otn.fujitv.co.jp/kiramuner","indices":[0,23]}]},"description":{"urls":[]}},"protected":false,"followers_count":34244,"friends_count":9,"listed_count":391,"created_at":"Wed Mar 23 04:15:46 +0000 2016","favourites_count":3,"utc_offset":null,"time_zone":null,"geo_enabled":false,"verified":false,"statuses_count":607,"lang":"ja","contributors_enabled":false,"is_translator":false,"is_translation_enabled":false,"profile_background_color":"000000","profile_background_image_url":"http://abs.twimg.com/images/themes/theme1/bg.png","profile_background_image_url_https":"https://abs.twimg.com/images/themes/theme1/bg.png","profile_background_tile":false,"profile_image_url":"http://pbs.twimg.com/profile_images/712530174550650881/nx0-eXjf_normal.jpg","profile_image_url_https":"https://pbs.twimg.com/profile_images/712530174550650881/nx0-eXjf_normal.jpg","profile_banner_url":"https://pbs.twimg.com/profile_banners/712493010664230913/1458715498","profile_link_color":"19CF86","profile_sidebar_border_color":"000000","profile_sidebar_fill_color":"000000","profile_text_color":"000000","profile_use_background_image":false,"has_extended_profile":false,"default_profile":false,"default_profile_image":false,"following":false,"follow_request_sent":false,"notifications":false,"translator_type":"none"},"geo":null,"coordinates":null,"place":null,"contributors":null,"is_quote_status":false,"retweet_count":155,"favorite_count":213,"favorited":false,"retweeted":false,"possibly_sensitive":false,"lang":"ja"},{"created_at":"Fri Jul 07 07:30:51 +0000 2017","id":883226790499463200,"id_str":"883226790499463168","text":"今日は七夕☆\n勝利が届けられますように～♪\n#Bs2017 #プロ野球 #NPB #ORIX https://t.co/vZHHQFoHcu","truncated":false,"entities":{"hashtags":[{"text":"Bs2017","indices":[22,29]},{"text":"プロ野球","indices":[30,35]},{"text":"NPB","indices":[36,40]},{"text":"ORIX","indices":[41,46]}],"symbols":[],"user_mentions":[],"urls":[],"media":[{"id":883226780529705000,"id_str":"883226780529704960","indices":[47,70],"media_url":"http://pbs.twimg.com/media/DEHaE82VwAAltog.jpg","media_url_https":"https://pbs.twimg.com/media/DEHaE82VwAAltog.jpg","url":"https://t.co/vZHHQFoHcu","display_url":"pic.twitter.com/vZHHQFoHcu","expanded_url":"https://twitter.com/Orix_Buffaloes/status/883226790499463168/photo/1","type":"photo","sizes":{"medium":{"w":1200,"h":798,"resize":"fit"},"thumb":{"w":150,"h":150,"resize":"crop"},"small":{"w":680,"h":452,"resize":"fit"},"large":{"w":1280,"h":851,"resize":"fit"}}}]},"extended_entities":{"media":[{"id":883226780529705000,"id_str":"883226780529704960","indices":[47,70],"media_url":"http://pbs.twimg.com/media/DEHaE82VwAAltog.jpg","media_url_https":"https://pbs.twimg.com/media/DEHaE82VwAAltog.jpg","url":"https://t.co/vZHHQFoHcu","display_url":"pic.twitter.com/vZHHQFoHcu","expanded_url":"https://twitter.com/Orix_Buffaloes/status/883226790499463168/photo/1","type":"photo","sizes":{"medium":{"w":1200,"h":798,"resize":"fit"},"thumb":{"w":150,"h":150,"resize":"crop"},"small":{"w":680,"h":452,"resize":"fit"},"large":{"w":1280,"h":851,"resize":"fit"}}}]},"metadata":{"iso_language_code":"ja","result_type":"recent"},"source":"<a href=\"http://twitter.com\" rel=\"nofollow\">Twitter Web Client</a>","in_reply_to_status_id":null,"in_reply_to_status_id_str":null,"in_reply_to_user_id":null,"in_reply_to_user_id_str":null,"in_reply_to_screen_name":null,"user":{"id":81255814,"id_str":"81255814","name":"オリックス・バファローズ","screen_name":"Orix_Buffaloes","location":"京セラドーム大阪","description":"オリックス・バファローズ公式ツイッターアカウントです。\r\nイベント情報やチーム情報など色々ツイートしていきます！\r\n球団へのお問い合わせは、こちらでお答えできないことがありますので\r\n球団インフォメーション（0570-01-8862）へよろしくお願い致します。","url":"http://t.co/BTVRsvzpvG","entities":{"url":{"urls":[{"url":"http://t.co/BTVRsvzpvG","expanded_url":"http://www.buffaloes.co.jp","display_url":"buffaloes.co.jp","indices":[0,22]}]},"description":{"urls":[]}},"protected":false,"followers_count":237080,"friends_count":92,"listed_count":3279,"created_at":"Sat Oct 10 01:59:34 +0000 2009","favourites_count":71,"utc_offset":32400,"time_zone":"Osaka","geo_enabled":false,"verified":true,"statuses_count":65623,"lang":"ja","contributors_enabled":false,"is_translator":false,"is_translation_enabled":false,"profile_background_color":"050920","profile_background_image_url":"http://pbs.twimg.com/profile_background_images/449345339263164416/E5vk0mWW.jpeg","profile_background_image_url_https":"https://pbs.twimg.com/profile_background_images/449345339263164416/E5vk0mWW.jpeg","profile_background_tile":false,"profile_image_url":"http://pbs.twimg.com/profile_images/873811262165073920/rYo1LkKE_normal.jpg","profile_image_url_https":"https://pbs.twimg.com/profile_images/873811262165073920/rYo1LkKE_normal.jpg","profile_banner_url":"https://pbs.twimg.com/profile_banners/81255814/1498375569","profile_link_color":"009999","profile_sidebar_border_color":"FFFFFF","profile_sidebar_fill_color":"EFEFEF","profile_text_color":"333333","profile_use_background_image":true,"has_extended_profile":false,"default_profile":false,"default_profile_image":false,"following":false,"follow_request_sent":false,"notifications":false,"translator_type":"none"},"geo":null,"coordinates":null,"place":null,"contributors":null,"is_quote_status":false,"retweet_count":58,"favorite_count":165,"favorited":false,"retweeted":false,"possibly_sensitive":false,"lang":"ja"},{"created_at":"Fri Jul 07 07:30:03 +0000 2017","id":883226589365887000,"id_str":"883226589365886976","text":"【とびだせ＋】みなさ～ん！今日は七夕ですね！おり姫様とひこ星様が会える、年に一度だけの大切な日。みなさんの願いごとが、かないますように・・・ https://t.co/grTcSexcog","truncated":false,"entities":{"hashtags":[],"symbols":[],"user_mentions":[],"urls":[],"media":[{"id":883226586924826600,"id_str":"883226586924826624","indices":[71,94],"media_url":"http://pbs.twimg.com/media/DEHZ5rnVwAAVKDw.jpg","media_url_https":"https://pbs.twimg.com/media/DEHZ5rnVwAAVKDw.jpg","url":"https://t.co/grTcSexcog","display_url":"pic.twitter.com/grTcSexcog","expanded_url":"https://twitter.com/doubutsuno_mori/status/883226589365886976/photo/1","type":"photo","sizes":{"medium":{"w":400,"h":240,"resize":"fit"},"thumb":{"w":150,"h":150,"resize":"crop"},"large":{"w":400,"h":240,"resize":"fit"},"small":{"w":400,"h":240,"resize":"fit"}}}]},"extended_entities":{"media":[{"id":883226586924826600,"id_str":"883226586924826624","indices":[71,94],"media_url":"http://pbs.twimg.com/media/DEHZ5rnVwAAVKDw.jpg","media_url_https":"https://pbs.twimg.com/media/DEHZ5rnVwAAVKDw.jpg","url":"https://t.co/grTcSexcog","display_url":"pic.twitter.com/grTcSexcog","expanded_url":"https://twitter.com/doubutsuno_mori/status/883226589365886976/photo/1","type":"photo","sizes":{"medium":{"w":400,"h":240,"resize":"fit"},"thumb":{"w":150,"h":150,"resize":"crop"},"large":{"w":400,"h":240,"resize":"fit"},"small":{"w":400,"h":240,"resize":"fit"}}}]},"metadata":{"iso_language_code":"ja","result_type":"recent"},"source":"<a href=\"http://www.nintendo.co.jp/3ds/egdj/index.html\" rel=\"nofollow\">とびだせ どうぶつの森</a>","in_reply_to_status_id":null,"in_reply_to_status_id_str":null,"in_reply_to_user_id":null,"in_reply_to_user_id_str":null,"in_reply_to_screen_name":null,"user":{"id":848450138,"id_str":"848450138","name":"どうぶつの森","screen_name":"doubutsuno_mori","location":"","description":"「どうぶつの森」の公式アカウントです。ゲームの内容や最新情報や、村の役場スタッフ「しずえ」のつぶやきを発信していきます。ご質問・お問い合わせにはお答えしておりませんのでご容赦ください。","url":"https://t.co/segXJS3uWx","entities":{"url":{"urls":[{"url":"https://t.co/segXJS3uWx","expanded_url":"https://www.nintendo.co.jp/series/mori/index.html","display_url":"nintendo.co.jp/series/mori/in…","indices":[0,23]}]},"description":{"urls":[]}},"protected":false,"followers_count":235751,"friends_count":2,"listed_count":3469,"created_at":"Thu Sep 27 01:29:24 +0000 2012","favourites_count":0,"utc_offset":32400,"time_zone":"Tokyo","geo_enabled":false,"verified":true,"statuses_count":909,"lang":"ja","contributors_enabled":false,"is_translator":false,"is_translation_enabled":true,"profile_background_color":"84BE72","profile_background_image_url":"http://pbs.twimg.com/profile_background_images/677086261/20c333f34750b2896f631deed02663d2.jpeg","profile_background_image_url_https":"https://pbs.twimg.com/profile_background_images/677086261/20c333f34750b2896f631deed02663d2.jpeg","profile_background_tile":false,"profile_image_url":"http://pbs.twimg.com/profile_images/778047555774984193/3S-zQ1K9_normal.jpg","profile_image_url_https":"https://pbs.twimg.com/profile_images/778047555774984193/3S-zQ1K9_normal.jpg","profile_banner_url":"https://pbs.twimg.com/profile_banners/848450138/1474349517","profile_link_color":"21AB38","profile_sidebar_border_color":"FFFFFF","profile_sidebar_fill_color":"DDEEF6","profile_text_color":"333333","profile_use_background_image":true,"has_extended_profile":true,"default_profile":false,"default_profile_image":false,"following":false,"follow_request_sent":false,"notifications":false,"translator_type":"none"},"geo":null,"coordinates":null,"place":null,"contributors":null,"is_quote_status":false,"retweet_count":109,"favorite_count":241,"favorited":false,"retweeted":false,"possibly_sensitive":false,"lang":"ja"},{"created_at":"Fri Jul 07 07:30:02 +0000 2017","id":883226585410617300,"id_str":"883226585410617346","text":"暇してる人いるかな？\nオフパコ興味あるー？♥♥\n\n絡み希望の人はLINEでメッセ送ってね(●・ω・●)\nhttps://t.co/tsAkvHKlTD","truncated":false,"entities":{"hashtags":[],"symbols":[],"user_mentions":[],"urls":[],"media":[{"id":881713116613976000,"id_str":"881713116613976064","indices":[52,75],"media_url":"http://pbs.twimg.com/media/DDx5aHWUIAAofSr.jpg","media_url_https":"https://pbs.twimg.com/media/DDx5aHWUIAAofSr.jpg","url":"https://t.co/tsAkvHKlTD","display_url":"pic.twitter.com/tsAkvHKlTD","expanded_url":"https://twitter.com/dubamub/status/881713148885057536/photo/1","type":"photo","sizes":{"thumb":{"w":150,"h":150,"resize":"crop"},"large":{"w":580,"h":435,"resize":"fit"},"small":{"w":580,"h":435,"resize":"fit"},"medium":{"w":580,"h":435,"resize":"fit"}},"source_status_id":881713148885057500,"source_status_id_str":"881713148885057536","source_user_id":715112866525806600,"source_user_id_str":"715112866525806592"}]},"extended_entities":{"media":[{"id":881713116613976000,"id_str":"881713116613976064","indices":[52,75],"media_url":"http://pbs.twimg.com/media/DDx5aHWUIAAofSr.jpg","media_url_https":"https://pbs.twimg.com/media/DDx5aHWUIAAofSr.jpg","url":"https://t.co/tsAkvHKlTD","display_url":"pic.twitter.com/tsAkvHKlTD","expanded_url":"https://twitter.com/dubamub/status/881713148885057536/photo/1","type":"photo","sizes":{"thumb":{"w":150,"h":150,"resize":"crop"},"large":{"w":580,"h":435,"resize":"fit"},"small":{"w":580,"h":435,"resize":"fit"},"medium":{"w":580,"h":435,"resize":"fit"}},"source_status_id":881713148885057500,"source_status_id_str":"881713148885057536","source_user_id":715112866525806600,"source_user_id_str":"715112866525806592"},{"id":881713128207024100,"id_str":"881713128207024129","indices":[52,75],"media_url":"http://pbs.twimg.com/media/DDx5ayiUAAEDwkP.jpg","media_url_https":"https://pbs.twimg.com/media/DDx5ayiUAAEDwkP.jpg","url":"https://t.co/tsAkvHKlTD","display_url":"pic.twitter.com/tsAkvHKlTD","expanded_url":"https://twitter.com/dubamub/status/881713148885057536/photo/1","type":"photo","sizes":{"small":{"w":360,"h":360,"resize":"fit"},"medium":{"w":360,"h":360,"resize":"fit"},"thumb":{"w":150,"h":150,"resize":"crop"},"large":{"w":360,"h":360,"resize":"fit"}},"source_status_id":881713148885057500,"source_status_id_str":"881713148885057536","source_user_id":715112866525806600,"source_user_id_str":"715112866525806592"},{"id":881713141754626000,"id_str":"881713141754626049","indices":[52,75],"media_url":"http://pbs.twimg.com/media/DDx5blAUAAEP4qO.jpg","media_url_https":"https://pbs.twimg.com/media/DDx5blAUAAEP4qO.jpg","url":"https://t.co/tsAkvHKlTD","display_url":"pic.twitter.com/tsAkvHKlTD","expanded_url":"https://twitter.com/dubamub/status/881713148885057536/photo/1","type":"photo","sizes":{"thumb":{"w":150,"h":150,"resize":"crop"},"large":{"w":580,"h":435,"resize":"fit"},"small":{"w":580,"h":435,"resize":"fit"},"medium":{"w":580,"h":435,"resize":"fit"}},"source_status_id":881713148885057500,"source_status_id_str":"881713148885057536","source_user_id":715112866525806600,"source_user_id_str":"715112866525806592"}]},"metadata":{"iso_language_code":"ja","result_type":"recent"},"source":"<a href=\"https://twitter.com/\" rel=\"nofollow\">dooon ndoid</a>","in_reply_to_status_id":null,"in_reply_to_status_id_str":null,"in_reply_to_user_id":null,"in_reply_to_user_id_str":null,"in_reply_to_screen_name":null,"user":{"id":873841892869288000,"id_str":"873841892869287936","name":"いろは☻おふぱ募集←","screen_name":"irohalical","location":"","description":"オフ募集垢←興味ある人いますか(●・ω・●)？彼氏とかいりません！相性良ければセフでも💕セクロスはスポーツ(*`・ω・)ですｗ","url":null,"entities":{"description":{"urls":[]}},"protected":false,"followers_count":52,"friends_count":9,"listed_count":0,"created_at":"Sun Jun 11 09:58:37 +0000 2017","favourites_count":0,"utc_offset":-25200,"time_zone":"Pacific Time (US & Canada)","geo_enabled":false,"verified":false,"statuses_count":10,"lang":"ja","contributors_enabled":false,"is_translator":false,"is_translation_enabled":false,"profile_background_color":"F5F8FA","profile_background_image_url":null,"profile_background_image_url_https":null,"profile_background_tile":false,"profile_image_url":"http://pbs.twimg.com/profile_images/878212676098203648/8RJX9-3w_normal.jpg","profile_image_url_https":"https://pbs.twimg.com/profile_images/878212676098203648/8RJX9-3w_normal.jpg","profile_link_color":"1DA1F2","profile_sidebar_border_color":"C0DEED","profile_sidebar_fill_color":"DDEEF6","profile_text_color":"333333","profile_use_background_image":true,"has_extended_profile":false,"default_profile":true,"default_profile_image":false,"following":false,"follow_request_sent":false,"notifications":false,"translator_type":"none"},"geo":null,"coordinates":null,"place":null,"contributors":null,"is_quote_status":false,"retweet_count":50,"favorite_count":0,"favorited":false,"retweeted":false,"possibly_sensitive":false,"lang":"ja"},{"created_at":"Fri Jul 07 07:30:02 +0000 2017","id":883226585158959100,"id_str":"883226585158959104","text":"シンプルに300万円稼ぎたいなら連絡ください。LINE→bainarisf　https://t.co/A7eeTfTBxf　#ライン #LINE　#お金  #バイナリーオプション #副業 #お金稼ぎ #お金借りる #お金稼ぐ… https://t.co/iFD89md5EC","truncated":true,"entities":{"hashtags":[{"text":"ライン","indices":[62,66]},{"text":"LINE","indices":[67,72]},{"text":"お金","indices":[73,76]},{"text":"バイナリーオプション","indices":[78,89]},{"text":"副業","indices":[90,93]},{"text":"お金稼ぎ","indices":[94,99]},{"text":"お金借りる","indices":[100,106]},{"text":"お金稼ぐ","indices":[107,112]}],"symbols":[],"user_mentions":[],"urls":[{"url":"https://t.co/A7eeTfTBxf","expanded_url":"https://goo.gl/gpmcR4","display_url":"goo.gl/gpmcR4","indices":[38,61]},{"url":"https://t.co/iFD89md5EC","expanded_url":"https://twitter.com/i/web/status/883226585158959104","display_url":"twitter.com/i/web/status/8…","indices":[114,137]}]},"metadata":{"iso_language_code":"ja","result_type":"recent"},"source":"<a href=\"http://twitter.com/\" rel=\"nofollow\">zerotubusen12</a>","in_reply_to_status_id":null,"in_reply_to_status_id_str":null,"in_reply_to_user_id":null,"in_reply_to_user_id_str":null,"in_reply_to_screen_name":null,"user":{"id":129696001,"id_str":"129696001","name":"生田　竜二","screen_name":"dashiruibahan","location":"LINEID→bainarisf","description":"投資や副業が初めての方でも気軽に声をかけてください。私はプロですので安心して頂けると思います。無料で相談に乗らせて頂きます。 #バイナリー　#バイナリーオプション　#副業　#おこづかい　#お金持ち　　#投資","url":null,"entities":{"description":{"urls":[]}},"protected":false,"followers_count":6797,"friends_count":4666,"listed_count":2,"created_at":"Mon Apr 05 03:58:40 +0000 2010","favourites_count":0,"utc_offset":-25200,"time_zone":"Arizona","geo_enabled":false,"verified":false,"statuses_count":3,"lang":"ja","contributors_enabled":false,"is_translator":false,"is_translation_enabled":false,"profile_background_color":"8B542B","profile_background_image_url":"http://abs.twimg.com/images/themes/theme8/bg.gif","profile_background_image_url_https":"https://abs.twimg.com/images/themes/theme8/bg.gif","profile_background_tile":false,"profile_image_url":"http://pbs.twimg.com/profile_images/858971680823103488/P4w8ogB4_normal.jpg","profile_image_url_https":"https://pbs.twimg.com/profile_images/858971680823103488/P4w8ogB4_normal.jpg","profile_link_color":"9D582E","profile_sidebar_border_color":"D9B17E","profile_sidebar_fill_color":"EADEAA","profile_text_color":"333333","profile_use_background_image":true,"has_extended_profile":false,"default_profile":false,"default_profile_image":false,"following":false,"follow_request_sent":false,"notifications":false,"translator_type":"none"},"geo":null,"coordinates":null,"place":null,"contributors":null,"is_quote_status":false,"retweet_count":103,"favorite_count":0,"favorited":false,"retweeted":false,"possibly_sensitive":false,"lang":"ja"},{"created_at":"Fri Jul 07 07:30:01 +0000 2017","id":883226584114618400,"id_str":"883226584114618368","text":"オフパコできる人いる？ｗ\n興味あったらとりまLINE下さい(●・ω・●)\nhttps://t.co/s2XfwMVxEP","truncated":false,"entities":{"hashtags":[],"symbols":[],"user_mentions":[],"urls":[],"media":[{"id":881713173170081800,"id_str":"881713173170081792","indices":[37,60],"media_url":"http://pbs.twimg.com/media/DDx5daCV0AAKKsi.jpg","media_url_https":"https://pbs.twimg.com/media/DDx5daCV0AAKKsi.jpg","url":"https://t.co/s2XfwMVxEP","display_url":"pic.twitter.com/s2XfwMVxEP","expanded_url":"https://twitter.com/dubamub/status/881713205113782272/photo/1","type":"photo","sizes":{"thumb":{"w":150,"h":150,"resize":"crop"},"large":{"w":580,"h":435,"resize":"fit"},"small":{"w":580,"h":435,"resize":"fit"},"medium":{"w":580,"h":435,"resize":"fit"}},"source_status_id":881713205113782300,"source_status_id_str":"881713205113782272","source_user_id":715112866525806600,"source_user_id_str":"715112866525806592"}]},"extended_entities":{"media":[{"id":881713173170081800,"id_str":"881713173170081792","indices":[37,60],"media_url":"http://pbs.twimg.com/media/DDx5daCV0AAKKsi.jpg","media_url_https":"https://pbs.twimg.com/media/DDx5daCV0AAKKsi.jpg","url":"https://t.co/s2XfwMVxEP","display_url":"pic.twitter.com/s2XfwMVxEP","expanded_url":"https://twitter.com/dubamub/status/881713205113782272/photo/1","type":"photo","sizes":{"thumb":{"w":150,"h":150,"resize":"crop"},"large":{"w":580,"h":435,"resize":"fit"},"small":{"w":580,"h":435,"resize":"fit"},"medium":{"w":580,"h":435,"resize":"fit"}},"source_status_id":881713205113782300,"source_status_id_str":"881713205113782272","source_user_id":715112866525806600,"source_user_id_str":"715112866525806592"},{"id":881713185874628600,"id_str":"881713185874628609","indices":[37,60],"media_url":"http://pbs.twimg.com/media/DDx5eJXV0AEOV3X.jpg","media_url_https":"https://pbs.twimg.com/media/DDx5eJXV0AEOV3X.jpg","url":"https://t.co/s2XfwMVxEP","display_url":"pic.twitter.com/s2XfwMVxEP","expanded_url":"https://twitter.com/dubamub/status/881713205113782272/photo/1","type":"photo","sizes":{"large":{"w":580,"h":773,"resize":"fit"},"thumb":{"w":150,"h":150,"resize":"crop"},"medium":{"w":580,"h":773,"resize":"fit"},"small":{"w":510,"h":680,"resize":"fit"}},"source_status_id":881713205113782300,"source_status_id_str":"881713205113782272","source_user_id":715112866525806600,"source_user_id_str":"715112866525806592"},{"id":881713195911585800,"id_str":"881713195911585792","indices":[37,60],"media_url":"http://pbs.twimg.com/media/DDx5euwVoAAvY3c.jpg","media_url_https":"https://pbs.twimg.com/media/DDx5euwVoAAvY3c.jpg","url":"https://t.co/s2XfwMVxEP","display_url":"pic.twitter.com/s2XfwMVxEP","expanded_url":"https://twitter.com/dubamub/status/881713205113782272/photo/1","type":"photo","sizes":{"small":{"w":360,"h":360,"resize":"fit"},"medium":{"w":360,"h":360,"resize":"fit"},"thumb":{"w":150,"h":150,"resize":"crop"},"large":{"w":360,"h":360,"resize":"fit"}},"source_status_id":881713205113782300,"source_status_id_str":"881713205113782272","source_user_id":715112866525806600,"source_user_id_str":"715112866525806592"}]},"metadata":{"iso_language_code":"ja","result_type":"recent"},"source":"<a href=\"https://twitter.com/\" rel=\"nofollow\">eftwf ewyfgui</a>","in_reply_to_status_id":null,"in_reply_to_status_id_str":null,"in_reply_to_user_id":null,"in_reply_to_user_id_str":null,"in_reply_to_screen_name":null,"user":{"id":854772975366684700,"id_str":"854772975366684672","name":"いろは@おふぱこ","screen_name":"i_rohano","location":"","description":"オフパコ募集垢←興味ある人いますか(●・ω・●)？彼氏とかいりません！相性良ければセフでも💕セクロスはスポーツ(*`・ω・)ですｗ","url":null,"entities":{"description":{"urls":[]}},"protected":false,"followers_count":220,"friends_count":8,"listed_count":0,"created_at":"Wed Apr 19 19:05:33 +0000 2017","favourites_count":0,"utc_offset":-25200,"time_zone":"Pacific Time (US & Canada)","geo_enabled":false,"verified":false,"statuses_count":12,"lang":"ja","contributors_enabled":false,"is_translator":false,"is_translation_enabled":false,"profile_background_color":"F5F8FA","profile_background_image_url":null,"profile_background_image_url_https":null,"profile_background_tile":false,"profile_image_url":"http://pbs.twimg.com/profile_images/879976659130044417/OtEPqQ0n_normal.jpg","profile_image_url_https":"https://pbs.twimg.com/profile_images/879976659130044417/OtEPqQ0n_normal.jpg","profile_banner_url":"https://pbs.twimg.com/profile_banners/854772975366684672/1498637782","profile_link_color":"1DA1F2","profile_sidebar_border_color":"C0DEED","profile_sidebar_fill_color":"DDEEF6","profile_text_color":"333333","profile_use_background_image":true,"has_extended_profile":false,"default_profile":true,"default_profile_image":false,"following":false,"follow_request_sent":false,"notifications":false,"translator_type":"none"},"geo":null,"coordinates":null,"place":null,"contributors":null,"is_quote_status":false,"retweet_count":46,"favorite_count":0,"favorited":false,"retweeted":false,"possibly_sensitive":false,"lang":"ja"}],"search_metadata":{"completed_in":0.107,"max_id":883228942735253500,"max_id_str":"883228942735253504","next_results":"?max_id=883226584114618367&q=lang%3Aja%20min_retweets%3A50&include_entities=1","query":"lang%3Aja+min_retweets%3A50","refresh_url":"?since_id=883228942735253504&q=lang%3Aja%20min_retweets%3A50&include_entities=1","count":15,"since_id":0,"since_id_str":"0"}}