{"statuses":[{"created_at":"Thu Jul 06 09:20:14 +0000 2017","id":882891929788096500,"id_str":"882891929788096515","text":"速報:東京都は、品川・大井ふ頭で陸揚げしたコンテナ内から、有毒のヒアリ1匹が見つかったと発表した。\n https://t.co/hDk95LhbZL","truncated":false,"entities":{"hashtags":[],"symbols":[],"user_mentions":[],"urls":[{"url":"https://t.co/hDk95LhbZL","expanded_url":"http://bit.ly/2utcsfY","display_url":"bit.ly/2utcsfY","indices":[51,74]}]},"metadata":{"iso_language_code":"ja","result_type":"recent"},"source":"<a href=\"http://www.47news.jp/\" rel=\"nofollow\">47NEWS</a>","in_reply_to_status_id":null,"in_reply_to_status_id_str":null,"in_reply_to_user_id":null,"in_reply_to_user_id_str":null,"in_reply_to_screen_name":null,"user":{"id":10462562,"id_str":"10462562","name":"47NEWS","screen_name":"47news","location":"Tokyo","description":"共同通信ニュースの非公式Botです。お問い合わせは @47newshelp へツイートしてください。速報ニュースのみ欲しい方は @47newsflash をご利用ください。","url":"http://t.co/2Ok5xPDjB8","entities":{"url":{"urls":[{"url":"http://t.co/2Ok5xPDjB8","expanded_url":"http://www.47news.jp/","display_url":"47news.jp","indices":[0,22]}]},"description":{"urls":[]}},"protected":false,"followers_count":444122,"friends_count":2,"listed_count":21009,"created_at":"Thu Nov 22 08:06:04 +0000 2007","favourites_count":0,"utc_offset":32400,"time_zone":"Tokyo","geo_enabled":false,"verified":false,"statuses_count":512253,"lang":"ja","contributors_enabled":false,"is_translator":false,"is_translation_enabled":false,"profile_background_color":"9AE4E8","profile_background_image_url":"http://abs.twimg.com/images/themes/theme1/bg.png","profile_background_image_url_https":"https://abs.twimg.com/images/themes/theme1/bg.png","profile_background_tile":false,"profile_image_url":"http://pbs.twimg.com/profile_images/51678900/47newslogo90_normal.jpg","profile_image_url_https":"https://pbs.twimg.com/profile_images/51678900/47newslogo90_normal.jpg","profile_link_color":"345DB0","profile_sidebar_border_color":"87BC44","profile_sidebar_fill_color":"E0FF92","profile_text_color":"000000","profile_use_background_image":true,"has_extended_profile":false,"default_profile":false,"default_profile_image":false,"following":false,"follow_request_sent":false,"notifications":false,"translator_type":"none"},"geo":null,"coordinates":null,"place":null,"contributors":null,"is_quote_status":false,"retweet_count":63,"favorite_count":16,"favorited":false,"retweeted":false,"possibly_sensitive":false,"lang":"ja"},{"created_at":"Thu Jul 06 09:20:05 +0000 2017","id":882891892387655700,"id_str":"882891892387655681","text":"リラックマストアで🐤 #キイロイトリダイアリー 🐤が好評発売中✨キイロイトリがい〜っぱい！\nぜひお店に遊びにきてくださいね。\n※店舗により入荷日・入荷内容が異なります。品切れの場合もございます。… https://t.co/W50zr7PDHU","truncated":true,"entities":{"hashtags":[{"text":"キイロイトリダイアリー","indices":[11,23]}],"symbols":[],"user_mentions":[],"urls":[{"url":"https://t.co/W50zr7PDHU","expanded_url":"https://twitter.com/i/web/status/882891892387655681","display_url":"twitter.com/i/web/status/8…","indices":[99,122]}]},"metadata":{"iso_language_code":"ja","result_type":"recent"},"source":"<a href=\"http://bufferapp.com\" rel=\"nofollow\">Buffer</a>","in_reply_to_status_id":null,"in_reply_to_status_id_str":null,"in_reply_to_user_id":null,"in_reply_to_user_id_str":null,"in_reply_to_screen_name":null,"user":{"id":1547779548,"id_str":"1547779548","name":"リラックマごゆるりサイト【公式】","screen_name":"rilakkuma_gyr","location":"","description":"リラックマ情報がすべてわかる「リラックマごゆるりサイト」公式Twitterです。サンエックス株式会社の運営。7月には🐤キイロイトリダイアリー🐤が発売！ コリラックマ情報は→@korilakkuma_15  ⒸSAN-X CO., LTD. ALL RIGHTS RESERVED.","url":"https://t.co/SFsQzZCugh","entities":{"url":{"urls":[{"url":"https://t.co/SFsQzZCugh","expanded_url":"http://www.san-x.co.jp/rilakkuma/","display_url":"san-x.co.jp/rilakkuma/","indices":[0,23]}]},"description":{"urls":[]}},"protected":false,"followers_count":190625,"friends_count":8,"listed_count":1611,"created_at":"Wed Jun 26 09:58:06 +0000 2013","favourites_count":14,"utc_offset":32400,"time_zone":"Tokyo","geo_enabled":false,"verified":false,"statuses_count":3622,"lang":"ja","contributors_enabled":false,"is_translator":false,"is_translation_enabled":false,"profile_background_color":"FFCC4D","profile_background_image_url":"http://pbs.twimg.com/profile_background_images/680180548875108352/aEZaqBxl.png","profile_background_image_url_https":"https://pbs.twimg.com/profile_background_images/680180548875108352/aEZaqBxl.png","profile_background_tile":true,"profile_image_url":"http://pbs.twimg.com/profile_images/870555630704115715/j_BFic_W_normal.jpg","profile_image_url_https":"https://pbs.twimg.com/profile_images/870555630704115715/j_BFic_W_normal.jpg","profile_banner_url":"https://pbs.twimg.com/profile_banners/1547779548/1496391672","profile_link_color":"FA743E","profile_sidebar_border_color":"000000","profile_sidebar_fill_color":"000000","profile_text_color":"000000","profile_use_background_image":true,"has_extended_profile":false,"default_profile":false,"default_profile_image":false,"following":false,"follow_request_sent":false,"notifications":false,"translator_type":"none"},"geo":null,"coordinates":null,"place":null,"contributors":null,"is_quote_status":false,"retweet_count":80,"favorite_count":150,"favorited":false,"retweeted":false,"possibly_sensitive":false,"lang":"ja"},{"created_at":"Thu Jul 06 09:20:02 +0000 2017","id":882891880236597200,"id_str":"882891880236597248","text":"狐の嫁入りだw","truncated":false,"entities":{"hashtags":[],"symbols":[],"user_mentions":[],"urls":[]},"metadata":{"iso_language_code":"ja","result_type":"recent"},"source":"<a href=\"http://carotene.sakura.ne.jp/shuumai/\" rel=\"nofollow\">せいろ</a>","in_reply_to_status_id":null,"in_reply_to_status_id_str":null,"in_reply_to_user_id":null,"in_reply_to_user_id_str":null,"in_reply_to_screen_name":null,"user":{"id":54882396,"id_str":"54882396","name":"しゅうまい君","screen_name":"shuumai","location":"せいろ","description":"followingの皆さんの最近の発言を学習して喋るよ。（何かあったら@enpitsuまで）／LINEスタンプもあるよhttps://t.co/dRzUm39fDe","url":"https://t.co/33QcJKtmeV","entities":{"url":{"urls":[{"url":"https://t.co/33QcJKtmeV","expanded_url":"http://enpitsu.org/shuumai/","display_url":"enpitsu.org/shuumai/","indices":[0,23]}]},"description":{"urls":[{"url":"https://t.co/dRzUm39fDe","expanded_url":"http://line.me/S/sticker/1010497","display_url":"line.me/S/sticker/1010…","indices":[59,82]}]}},"protected":false,"followers_count":293981,"friends_count":253129,"listed_count":15236,"created_at":"Wed Jul 08 12:37:32 +0000 2009","favourites_count":0,"utc_offset":32400,"time_zone":"Tokyo","geo_enabled":false,"verified":false,"statuses_count":184895,"lang":"en","contributors_enabled":false,"is_translator":false,"is_translation_enabled":false,"profile_background_color":"0099B9","profile_background_image_url":"http://abs.twimg.com/images/themes/theme4/bg.gif","profile_background_image_url_https":"https://abs.twimg.com/images/themes/theme4/bg.gif","profile_background_tile":false,"profile_image_url":"http://pbs.twimg.com/profile_images/303370559/shuumai_normal.jpg","profile_image_url_https":"https://pbs.twimg.com/profile_images/303370559/shuumai_normal.jpg","profile_link_color":"0099B9","profile_sidebar_border_color":"5ED4DC","profile_sidebar_fill_color":"95E8EC","profile_text_color":"3C3940","profile_use_background_image":true,"has_extended_profile":true,"default_profile":false,"default_profile_image":false,"following":false,"follow_request_sent":false,"notifications":false,"translator_type":"none"},"geo":null,"coordinates":null,"place":null,"contributors":null,"is_quote_status":false,"retweet_count":51,"favorite_count":77,"favorited":false,"retweeted":false,"lang":"ja"},{"created_at":"Thu Jul 06 09:19:59 +0000 2017","id":882891869134307300,"id_str":"882891869134307333","text":"スミレちゃんエピソードのあらすじと、次週エピソードの主役をご紹介♪\n\nソロライブが決定するも、支配人とはすれ違いの毎日。\n後編までノンストップでご覧下さい！\n\nそして次週エピソードはこのアイドル！\nタイトルからもキャンディの棒から… https://t.co/VKWPobdfw3","truncated":true,"entities":{"hashtags":[],"symbols":[],"user_mentions":[],"urls":[{"url":"https://t.co/VKWPobdfw3","expanded_url":"https://twitter.com/i/web/status/882891869134307333","display_url":"twitter.com/i/web/status/8…","indices":[117,140]}]},"metadata":{"iso_language_code":"ja","result_type":"recent"},"source":"<a href=\"http://twitter.com\" rel=\"nofollow\">Twitter Web Client</a>","in_reply_to_status_id":null,"in_reply_to_status_id_str":null,"in_reply_to_user_id":null,"in_reply_to_user_id_str":null,"in_reply_to_screen_name":null,"user":{"id":2236300380,"id_str":"2236300380","name":"「Tokyo 7th シスターズ」公式","screen_name":"t7s_staff","location":"Tokyo 7th","description":"メンテナンスやアップデート、イベント情報などを、支配人の皆様にお伝え致します。リプライ、お問い合わせについては、お手数ですがゲーム内お問い合せよりお願い致します。AppのDLはコチラから（iOS)→ http://t.co/b4TBsqu6VR (Android)→http://t.co/YArdsbxrNK","url":"http://t.co/c8u1JK6yxP","entities":{"url":{"urls":[{"url":"http://t.co/c8u1JK6yxP","expanded_url":"http://t7s.jp/","display_url":"t7s.jp","indices":[0,22]}]},"description":{"urls":[{"url":"http://t.co/b4TBsqu6VR","expanded_url":"http://goo.gl/C8VLl4","display_url":"goo.gl/C8VLl4","indices":[100,122]},{"url":"http://t.co/YArdsbxrNK","expanded_url":"http://goo.gl/ZKVVq8","display_url":"goo.gl/ZKVVq8","indices":[133,155]}]}},"protected":false,"followers_count":79073,"friends_count":0,"listed_count":1748,"created_at":"Sun Dec 08 16:54:49 +0000 2013","favourites_count":0,"utc_offset":32400,"time_zone":"Tokyo","geo_enabled":false,"verified":false,"statuses_count":5258,"lang":"ja","contributors_enabled":false,"is_translator":false,"is_translation_enabled":false,"profile_background_color":"C0DEED","profile_background_image_url":"http://abs.twimg.com/images/themes/theme1/bg.png","profile_background_image_url_https":"https://abs.twimg.com/images/themes/theme1/bg.png","profile_background_tile":false,"profile_image_url":"http://pbs.twimg.com/profile_images/527650700390457344/pYWr0fFY_normal.jpeg","profile_image_url_https":"https://pbs.twimg.com/profile_images/527650700390457344/pYWr0fFY_normal.jpeg","profile_banner_url":"https://pbs.twimg.com/profile_banners/2236300380/1414653106","profile_link_color":"1DA1F2","profile_sidebar_border_color":"C0DEED","profile_sidebar_fill_color":"DDEEF6","profile_text_color":"333333","profile_use_background_image":true,"has_extended_profile":false,"default_profile":true,"default_profile_image":false,"following":false,"follow_request_sent":false,"notifications":false,"translator_type":"none"},"geo":null,"coordinates":null,"place":null,"contributors":null,"is_quote_status":false,"retweet_count":196,"favorite_count":151,"favorited":false,"retweeted":false,"possibly_sensitive":false,"lang":"ja"},{"created_at":"Thu Jul 06 09:19:15 +0000 2017","id":882891683771203600,"id_str":"882891683771203584","text":"神化 https://t.co/FTQMDbBVmZ","truncated":false,"entities":{"hashtags":[],"symbols":[],"user_mentions":[],"urls":[],"media":[{"id":882891626644783100,"id_str":"882891626644783105","indices":[3,26],"media_url":"http://pbs.twimg.com/media/DECpQbVUQAEhbu1.jpg","media_url_https":"https://pbs.twimg.com/media/DECpQbVUQAEhbu1.jpg","url":"https://t.co/FTQMDbBVmZ","display_url":"pic.twitter.com/FTQMDbBVmZ","expanded_url":"https://twitter.com/shiro_gw/status/882891683771203584/photo/1","type":"photo","sizes":{"small":{"w":422,"h":680,"resize":"fit"},"medium":{"w":433,"h":698,"resize":"fit"},"large":{"w":433,"h":698,"resize":"fit"},"thumb":{"w":150,"h":150,"resize":"crop"}}}]},"extended_entities":{"media":[{"id":882891626644783100,"id_str":"882891626644783105","indices":[3,26],"media_url":"http://pbs.twimg.com/media/DECpQbVUQAEhbu1.jpg","media_url_https":"https://pbs.twimg.com/media/DECpQbVUQAEhbu1.jpg","url":"https://t.co/FTQMDbBVmZ","display_url":"pic.twitter.com/FTQMDbBVmZ","expanded_url":"https://twitter.com/shiro_gw/status/882891683771203584/photo/1","type":"photo","sizes":{"small":{"w":422,"h":680,"resize":"fit"},"medium":{"w":433,"h":698,"resize":"fit"},"large":{"w":433,"h":698,"resize":"fit"},"thumb":{"w":150,"h":150,"resize":"crop"}}},{"id":882891626984517600,"id_str":"882891626984517636","indices":[3,26],"media_url":"http://pbs.twimg.com/media/DECpQcmUMAQ5vYb.jpg","media_url_https":"https://pbs.twimg.com/media/DECpQcmUMAQ5vYb.jpg","url":"https://t.co/FTQMDbBVmZ","display_url":"pic.twitter.com/FTQMDbBVmZ","expanded_url":"https://twitter.com/shiro_gw/status/882891683771203584/photo/1","type":"photo","sizes":{"medium":{"w":435,"h":696,"resize":"fit"},"thumb":{"w":150,"h":150,"resize":"crop"},"small":{"w":425,"h":680,"resize":"fit"},"large":{"w":435,"h":696,"resize":"fit"}}}]},"metadata":{"iso_language_code":"ja","result_type":"recent"},"source":"<a href=\"http://twitter.com\" rel=\"nofollow\">Twitter Web Client</a>","in_reply_to_status_id":882891312776724500,"in_reply_to_status_id_str":"882891312776724480","in_reply_to_user_id":733480850919055400,"in_reply_to_user_id_str":"733480850919055360","in_reply_to_screen_name":"shiro_gw","user":{"id":733480850919055400,"id_str":"733480850919055360","name":"しろ@GameWith","screen_name":"shiro_gw","location":"なうしろチャンネル","description":"モンスト、バンドリ、スクフェスやってます(*￣▽￣*)  アイコン→ @norision_mnst さん　ヘッダー→ @ksnb0324 さん　 GWSNS→https://t.co/PoBhD5ENvT","url":"https://t.co/PqFhVt6diG","entities":{"url":{"urls":[{"url":"https://t.co/PqFhVt6diG","expanded_url":"https://www.youtube.com/channel/UCHxqtnCwn_NEm4aEIU-O85A","display_url":"youtube.com/channel/UCHxqt…","indices":[0,23]}]},"description":{"urls":[{"url":"https://t.co/PoBhD5ENvT","expanded_url":"https://gamewith.jp/user/profile/519105","display_url":"gamewith.jp/user/profile/5…","indices":[79,102]}]}},"protected":false,"followers_count":189843,"friends_count":172,"listed_count":895,"created_at":"Fri May 20 02:13:57 +0000 2016","favourites_count":22,"utc_offset":-25200,"time_zone":"Pacific Time (US & Canada)","geo_enabled":true,"verified":false,"statuses_count":12394,"lang":"ja","contributors_enabled":false,"is_translator":false,"is_translation_enabled":false,"profile_background_color":"000000","profile_background_image_url":"http://abs.twimg.com/images/themes/theme1/bg.png","profile_background_image_url_https":"https://abs.twimg.com/images/themes/theme1/bg.png","profile_background_tile":false,"profile_image_url":"http://pbs.twimg.com/profile_images/739991540261474304/Du06YglV_normal.jpg","profile_image_url_https":"https://pbs.twimg.com/profile_images/739991540261474304/Du06YglV_normal.jpg","profile_banner_url":"https://pbs.twimg.com/profile_banners/733480850919055360/1479551725","profile_link_color":"F58EA8","profile_sidebar_border_color":"000000","profile_sidebar_fill_color":"000000","profile_text_color":"000000","profile_use_background_image":false,"has_extended_profile":true,"default_profile":false,"default_profile_image":false,"following":false,"follow_request_sent":false,"notifications":false,"translator_type":"none"},"geo":null,"coordinates":null,"place":null,"contributors":null,"is_quote_status":false,"retweet_count":179,"favorite_count":225,"favorited":false,"retweeted":false,"possibly_sensitive":false,"lang":"ja"},{"created_at":"Thu Jul 06 09:19:04 +0000 2017","id":882891639680680000,"id_str":"882891639680679937","text":"【強毒】東京港で「ヒアリ」見つかる、環境省が発表\nhttps://t.co/Auuww4fSwF","truncated":false,"entities":{"hashtags":[],"symbols":[],"user_mentions":[],"urls":[{"url":"https://t.co/Auuww4fSwF","expanded_url":"http://news.livedoor.com/article/detail/13300847/","display_url":"news.livedoor.com/article/detail…","indices":[25,48]}]},"metadata":{"iso_language_code":"ja","result_type":"recent"},"source":"<a href=\"http://twitter.com\" rel=\"nofollow\">Twitter Web Client</a>","in_reply_to_status_id":null,"in_reply_to_status_id_str":null,"in_reply_to_user_id":null,"in_reply_to_user_id_str":null,"in_reply_to_screen_name":null,"user":{"id":17306975,"id_str":"17306975","name":"ライブドアニュース","screen_name":"livedoornews","location":"","description":"LINE →https://t.co/yhJO0o7Jns／FB → https://t.co/LHTCuyIEjr／インスタ／→https://t.co/SpmVgPtfCG","url":"http://t.co/Q4Bh3OCfgY","entities":{"url":{"urls":[{"url":"http://t.co/Q4Bh3OCfgY","expanded_url":"http://news.livedoor.com/","display_url":"news.livedoor.com","indices":[0,22]}]},"description":{"urls":[{"url":"https://t.co/yhJO0o7Jns","expanded_url":"http://goo.gl/upBgKP","display_url":"goo.gl/upBgKP","indices":[6,29]},{"url":"https://t.co/LHTCuyIEjr","expanded_url":"http://goo.gl/nDULhn","display_url":"goo.gl/nDULhn","indices":[35,58]},{"url":"https://t.co/SpmVgPtfCG","expanded_url":"http://goo.gl/cHGD9G","display_url":"goo.gl/cHGD9G","indices":[65,88]}]}},"protected":false,"followers_count":422806,"friends_count":86,"listed_count":6127,"created_at":"Tue Nov 11 09:56:31 +0000 2008","favourites_count":2607,"utc_offset":32400,"time_zone":"Tokyo","geo_enabled":false,"verified":true,"statuses_count":176146,"lang":"ja","contributors_enabled":false,"is_translator":false,"is_translation_enabled":false,"profile_background_color":"FFFFFF","profile_background_image_url":"http://pbs.twimg.com/profile_background_images/378800000085828060/4b07c1d868c917fb65a3d64a20904cd5.jpeg","profile_background_image_url_https":"https://pbs.twimg.com/profile_background_images/378800000085828060/4b07c1d868c917fb65a3d64a20904cd5.jpeg","profile_background_tile":false,"profile_image_url":"http://pbs.twimg.com/profile_images/875662964988166149/whdJTD2I_normal.jpg","profile_image_url_https":"https://pbs.twimg.com/profile_images/875662964988166149/whdJTD2I_normal.jpg","profile_link_color":"51ADD4","profile_sidebar_border_color":"FFFFFF","profile_sidebar_fill_color":"95E8EC","profile_text_color":"3C3940","profile_use_background_image":true,"has_extended_profile":false,"default_profile":false,"default_profile_image":false,"following":false,"follow_request_sent":false,"notifications":false,"translator_type":"none"},"geo":null,"coordinates":null,"place":null,"contributors":null,"is_quote_status":false,"retweet_count":258,"favorite_count":100,"favorited":false,"retweeted":false,"possibly_sensitive":false,"lang":"ja"},{"created_at":"Thu Jul 06 09:18:53 +0000 2017","id":882891593845358600,"id_str":"882891593845358592","text":"さかちゃんにもらったー！ https://t.co/uNJJXF3gt5","truncated":false,"entities":{"hashtags":[],"symbols":[],"user_mentions":[],"urls":[],"media":[{"id":882891583019819000,"id_str":"882891583019819008","indices":[13,36],"media_url":"http://pbs.twimg.com/media/DECpN40UIAAG43-.jpg","media_url_https":"https://pbs.twimg.com/media/DECpN40UIAAG43-.jpg","url":"https://t.co/uNJJXF3gt5","display_url":"pic.twitter.com/uNJJXF3gt5","expanded_url":"https://twitter.com/uratasama/status/882891593845358592/photo/1","type":"photo","sizes":{"medium":{"w":900,"h":1200,"resize":"fit"},"thumb":{"w":150,"h":150,"resize":"crop"},"large":{"w":1512,"h":2016,"resize":"fit"},"small":{"w":510,"h":680,"resize":"fit"}}}]},"extended_entities":{"media":[{"id":882891583019819000,"id_str":"882891583019819008","indices":[13,36],"media_url":"http://pbs.twimg.com/media/DECpN40UIAAG43-.jpg","media_url_https":"https://pbs.twimg.com/media/DECpN40UIAAG43-.jpg","url":"https://t.co/uNJJXF3gt5","display_url":"pic.twitter.com/uNJJXF3gt5","expanded_url":"https://twitter.com/uratasama/status/882891593845358592/photo/1","type":"photo","sizes":{"medium":{"w":900,"h":1200,"resize":"fit"},"thumb":{"w":150,"h":150,"resize":"crop"},"large":{"w":1512,"h":2016,"resize":"fit"},"small":{"w":510,"h":680,"resize":"fit"}}}]},"metadata":{"iso_language_code":"ja","result_type":"recent"},"source":"<a href=\"http://twitter.com/download/iphone\" rel=\"nofollow\">Twitter for iPhone</a>","in_reply_to_status_id":null,"in_reply_to_status_id_str":null,"in_reply_to_user_id":null,"in_reply_to_user_id_str":null,"in_reply_to_screen_name":null,"user":{"id":112207890,"id_str":"112207890","name":"浦田わたる/うらたぬき♣︎浦島坂田船","screen_name":"uratasama","location":"東京ドーム","description":"「スワロウ」で声優をしております！/浦島坂田船「CRUISE TICKET」オリコンウィークリー5位！/スタミュ2期OP Fourpe 「SHOW MUST GO ON!!」 8位！/LINE@⇨「@ lzx7334a」 間をつめて@マークから検索してね！","url":"https://t.co/Wi6r4DEHA6","entities":{"url":{"urls":[{"url":"https://t.co/Wi6r4DEHA6","expanded_url":"http://nicovideo.jp/mylist/35789880","display_url":"nicovideo.jp/mylist/35789880","indices":[0,23]}]},"description":{"urls":[]}},"protected":false,"followers_count":311279,"friends_count":636,"listed_count":5705,"created_at":"Sun Feb 07 16:42:44 +0000 2010","favourites_count":28835,"utc_offset":28800,"time_zone":"Irkutsk","geo_enabled":false,"verified":true,"statuses_count":55603,"lang":"ja","contributors_enabled":false,"is_translator":false,"is_translation_enabled":false,"profile_background_color":"9AE4E8","profile_background_image_url":"http://abs.twimg.com/images/themes/theme16/bg.gif","profile_background_image_url_https":"https://abs.twimg.com/images/themes/theme16/bg.gif","profile_background_tile":false,"profile_image_url":"http://pbs.twimg.com/profile_images/853961483276795906/FSY1Sai7_normal.jpg","profile_image_url_https":"https://pbs.twimg.com/profile_images/853961483276795906/FSY1Sai7_normal.jpg","profile_banner_url":"https://pbs.twimg.com/profile_banners/112207890/1471035369","profile_link_color":"0084B4","profile_sidebar_border_color":"BDDCAD","profile_sidebar_fill_color":"DDFFCC","profile_text_color":"333333","profile_use_background_image":true,"has_extended_profile":false,"default_profile":false,"default_profile_image":false,"following":false,"follow_request_sent":false,"notifications":false,"translator_type":"none"},"geo":null,"coordinates":null,"place":null,"contributors":null,"is_quote_status":false,"retweet_count":342,"favorite_count":2212,"favorited":false,"retweeted":false,"possibly_sensitive":false,"lang":"ja"},{"created_at":"Thu Jul 06 09:18:32 +0000 2017","id":882891504523411500,"id_str":"882891504523411460","text":"で、でた～ｗｗｗｗｗｗｗ突然「ちょっと大量リムしてこよう」とか「○人リムってきた」とかツイートしてフォロワー脅奴～ｗｗｗｗｗｗｗｗｗｗそういう奴に限って皆からいてもいなくてもどうでもいいって思われて奴～ｗｗｗｗｗｗｗｗｗｗｗｗｗｗｗ","truncated":false,"entities":{"hashtags":[],"symbols":[],"user_mentions":[],"urls":[]},"metadata":{"iso_language_code":"ja","result_type":"recent"},"source":"<a href=\"http://twittbot.net/\" rel=\"nofollow\">twittbot.net</a>","in_reply_to_status_id":null,"in_reply_to_status_id_str":null,"in_reply_to_user_id":null,"in_reply_to_user_id_str":null,"in_reply_to_screen_name":null,"user":{"id":595383148,"id_str":"595383148","name":"奴bot","screen_name":"de_detaawwwww","location":"本物です","description":"なんで私が奴ってるかわかる？ (LINEスタンプ→https://t.co/MfWaUKkmJN) (その他→https://t.co/qYZx8LNf8J)","url":"https://t.co/MnDZDKXSQl","entities":{"url":{"urls":[{"url":"https://t.co/MnDZDKXSQl","expanded_url":"http://twpf.jp/de_detaawwwww","display_url":"twpf.jp/de_detaawwwww","indices":[0,23]}]},"description":{"urls":[{"url":"https://t.co/MfWaUKkmJN","expanded_url":"http://line.me/S/sticker/1208244","display_url":"line.me/S/sticker/1208…","indices":[25,48]},{"url":"https://t.co/qYZx8LNf8J","expanded_url":"http://suzuri.jp/Yakko_Nakano","display_url":"suzuri.jp/Yakko_Nakano","indices":[55,78]}]}},"protected":false,"followers_count":442509,"friends_count":41756,"listed_count":2922,"created_at":"Thu May 31 10:43:02 +0000 2012","favourites_count":0,"utc_offset":28800,"time_zone":"Irkutsk","geo_enabled":false,"verified":false,"statuses_count":49120,"lang":"ja","contributors_enabled":false,"is_translator":false,"is_translation_enabled":false,"profile_background_color":"C0DEED","profile_background_image_url":"http://pbs.twimg.com/profile_background_images/566655568/wcgegrvo1od9huthxn93.jpeg","profile_background_image_url_https":"https://pbs.twimg.com/profile_background_images/566655568/wcgegrvo1od9huthxn93.jpeg","profile_background_tile":true,"profile_image_url":"http://pbs.twimg.com/profile_images/880797528416894977/Q6x-GY55_normal.jpg","profile_image_url_https":"https://pbs.twimg.com/profile_images/880797528416894977/Q6x-GY55_normal.jpg","profile_banner_url":"https://pbs.twimg.com/profile_banners/595383148/1490372269","profile_link_color":"0084B4","profile_sidebar_border_color":"C0DEED","profile_sidebar_fill_color":"DDEEF6","profile_text_color":"333333","profile_use_background_image":true,"has_extended_profile":false,"default_profile":false,"default_profile_image":false,"following":false,"follow_request_sent":false,"notifications":false,"translator_type":"none"},"geo":null,"coordinates":null,"place":null,"contributors":null,"is_quote_status":false,"retweet_count":56,"favorite_count":117,"favorited":false,"retweeted":false,"lang":"ja"},{"created_at":"Thu Jul 06 09:18:26 +0000 2017","id":882891479709999100,"id_str":"882891479709999105","text":"【フォローワーさんに限定プレゼント🎁】\n\n待ち受けにすると厄除けになる画像をプレゼントします。 https://t.co/8NUxIgQGyN","truncated":false,"entities":{"hashtags":[],"symbols":[],"user_mentions":[],"urls":[],"media":[{"id":882891469803012100,"id_str":"882891469803012097","indices":[48,71],"media_url":"http://pbs.twimg.com/media/DECpHTDUwAEYz_H.jpg","media_url_https":"https://pbs.twimg.com/media/DECpHTDUwAEYz_H.jpg","url":"https://t.co/8NUxIgQGyN","display_url":"pic.twitter.com/8NUxIgQGyN","expanded_url":"https://twitter.com/torokeroo/status/882891479709999105/photo/1","type":"photo","sizes":{"medium":{"w":1200,"h":675,"resize":"fit"},"thumb":{"w":150,"h":150,"resize":"crop"},"large":{"w":1920,"h":1080,"resize":"fit"},"small":{"w":680,"h":383,"resize":"fit"}}}]},"extended_entities":{"media":[{"id":882891469803012100,"id_str":"882891469803012097","indices":[48,71],"media_url":"http://pbs.twimg.com/media/DECpHTDUwAEYz_H.jpg","media_url_https":"https://pbs.twimg.com/media/DECpHTDUwAEYz_H.jpg","url":"https://t.co/8NUxIgQGyN","display_url":"pic.twitter.com/8NUxIgQGyN","expanded_url":"https://twitter.com/torokeroo/status/882891479709999105/photo/1","type":"photo","sizes":{"medium":{"w":1200,"h":675,"resize":"fit"},"thumb":{"w":150,"h":150,"resize":"crop"},"large":{"w":1920,"h":1080,"resize":"fit"},"small":{"w":680,"h":383,"resize":"fit"}}}]},"metadata":{"iso_language_code":"ja","result_type":"recent"},"source":"<a href=\"http://twitter.com/download/iphone\" rel=\"nofollow\">Twitter for iPhone</a>","in_reply_to_status_id":null,"in_reply_to_status_id_str":null,"in_reply_to_user_id":null,"in_reply_to_user_id_str":null,"in_reply_to_screen_name":null,"user":{"id":2815169216,"id_str":"2815169216","name":"ないとー【おるたな】","screen_name":"torokeroo","location":"","description":"YouTubeしてます！ナルシストです【ファン＝おるたなー】いつもリプ見てるよー👀/UUUM/登録者150万人➡︎2017年200万人・ないとーVlog100万人超え✨/180cm-70kg/B型/ギター/バスケ🏀/ベボベ/BUMP/インスタはこちら👉https://t.co/PgWFZp96yP","url":"https://t.co/7SpawsajMl","entities":{"url":{"urls":[{"url":"https://t.co/7SpawsajMl","expanded_url":"http://www.youtube.com/subscription_center?add_user=torokeroTV","display_url":"youtube.com/subscription_c…","indices":[0,23]}]},"description":{"urls":[{"url":"https://t.co/PgWFZp96yP","expanded_url":"http://Instagram.com/torokero","display_url":"Instagram.com/torokero","indices":[126,149]}]}},"protected":false,"followers_count":136750,"friends_count":284,"listed_count":481,"created_at":"Wed Sep 17 15:59:10 +0000 2014","favourites_count":53067,"utc_offset":28800,"time_zone":"Irkutsk","geo_enabled":false,"verified":false,"statuses_count":17451,"lang":"ja","contributors_enabled":false,"is_translator":false,"is_translation_enabled":false,"profile_background_color":"C0DEED","profile_background_image_url":"http://abs.twimg.com/images/themes/theme1/bg.png","profile_background_image_url_https":"https://abs.twimg.com/images/themes/theme1/bg.png","profile_background_tile":false,"profile_image_url":"http://pbs.twimg.com/profile_images/851401973404385280/9j_Rg3x7_normal.jpg","profile_image_url_https":"https://pbs.twimg.com/profile_images/851401973404385280/9j_Rg3x7_normal.jpg","profile_banner_url":"https://pbs.twimg.com/profile_banners/2815169216/1496593563","profile_link_color":"1DA1F2","profile_sidebar_border_color":"C0DEED","profile_sidebar_fill_color":"DDEEF6","profile_text_color":"333333","profile_use_background_image":true,"has_extended_profile":false,"default_profile":true,"default_profile_image":false,"following":false,"follow_request_sent":false,"notifications":false,"translator_type":"none"},"geo":null,"coordinates":null,"place":null,"contributors":null,"is_quote_status":false,"retweet_count":89,"favorite_count":445,"favorited":false,"retweeted":false,"possibly_sensitive":false,"lang":"ja"},{"created_at":"Thu Jul 06 09:18:15 +0000 2017","id":882891430766690300,"id_str":"882891430766690304","text":"JKみたいなスイーツを自称JKオカマと食べてみた。 https://t.co/bQN2XZDn0B","truncated":false,"entities":{"hashtags":[],"symbols":[],"user_mentions":[],"urls":[{"url":"https://t.co/bQN2XZDn0B","expanded_url":"https://www.youtube.com/watch?v=asRfXCYkwws&feature=share","display_url":"youtube.com/watch?v=asRfXC…","indices":[26,49]}]},"metadata":{"iso_language_code":"ja","result_type":"recent"},"source":"<a href=\"http://twitter.com/download/iphone\" rel=\"nofollow\">Twitter for iPhone</a>","in_reply_to_status_id":null,"in_reply_to_status_id_str":null,"in_reply_to_user_id":null,"in_reply_to_user_id_str":null,"in_reply_to_screen_name":null,"user":{"id":4564581114,"id_str":"4564581114","name":"レイターズ","screen_name":"laters_Youtube","location":"Youtube 大阪","description":"YouTubeで活動しているレイターズです！ メンバー：【かめむし】@laters_kamemusi【サイバーマン】@laters_saiberm【はやしん】@laters_hayashin 【まーちん】@laters_dekatin  お仕事依頼はDMかbazaresu0205@gmail.comまでお願いします。","url":"https://t.co/7fy25T0KBe","entities":{"url":{"urls":[{"url":"https://t.co/7fy25T0KBe","expanded_url":"https://www.youtube.com/channel/UCdcyRKYuKnUr7dgs8ZkIzKg","display_url":"youtube.com/channel/UCdcyR…","indices":[0,23]}]},"description":{"urls":[]}},"protected":false,"followers_count":114750,"friends_count":2662,"listed_count":279,"created_at":"Tue Dec 15 09:38:40 +0000 2015","favourites_count":31,"utc_offset":null,"time_zone":null,"geo_enabled":false,"verified":false,"statuses_count":145,"lang":"ja","contributors_enabled":false,"is_translator":false,"is_translation_enabled":false,"profile_background_color":"F5F8FA","profile_background_image_url":null,"profile_background_image_url_https":null,"profile_background_tile":false,"profile_image_url":"http://pbs.twimg.com/profile_images/678020270049783808/Y3LRi5iI_normal.jpg","profile_image_url_https":"https://pbs.twimg.com/profile_images/678020270049783808/Y3LRi5iI_normal.jpg","profile_banner_url":"https://pbs.twimg.com/profile_banners/4564581114/1457967254","profile_link_color":"1DA1F2","profile_sidebar_border_color":"C0DEED","profile_sidebar_fill_color":"DDEEF6","profile_text_color":"333333","profile_use_background_image":true,"has_extended_profile":true,"default_profile":true,"default_profile_image":false,"following":false,"follow_request_sent":false,"notifications":false,"translator_type":"none"},"geo":null,"coordinates":null,"place":null,"contributors":null,"is_quote_status":false,"retweet_count":71,"favorite_count":393,"favorited":false,"retweeted":false,"possibly_sensitive":false,"lang":"ja"},{"created_at":"Thu Jul 06 09:18:03 +0000 2017","id":882891382817308700,"id_str":"882891382817308672","text":"じゅんびちゅー！\n#らぶりつ\n#あおいくん https://t.co/i1bGHvxxUB","truncated":false,"entities":{"hashtags":[{"text":"らぶりつ","indices":[9,14]},{"text":"あおいくん","indices":[15,21]}],"symbols":[],"user_mentions":[],"urls":[],"media":[{"id":882891284834164700,"id_str":"882891284834164736","indices":[22,45],"media_url":"http://pbs.twimg.com/ext_tw_video_thumb/882891284834164736/pu/img/OHTO29C4csKiA5lf.jpg","media_url_https":"https://pbs.twimg.com/ext_tw_video_thumb/882891284834164736/pu/img/OHTO29C4csKiA5lf.jpg","url":"https://t.co/i1bGHvxxUB","display_url":"pic.twitter.com/i1bGHvxxUB","expanded_url":"https://twitter.com/nicodance_Aoi/status/882891382817308672/video/1","type":"photo","sizes":{"small":{"w":340,"h":453,"resize":"fit"},"large":{"w":960,"h":1280,"resize":"fit"},"medium":{"w":600,"h":800,"resize":"fit"},"thumb":{"w":150,"h":150,"resize":"crop"}}}]},"extended_entities":{"media":[{"id":882891284834164700,"id_str":"882891284834164736","indices":[22,45],"media_url":"http://pbs.twimg.com/ext_tw_video_thumb/882891284834164736/pu/img/OHTO29C4csKiA5lf.jpg","media_url_https":"https://pbs.twimg.com/ext_tw_video_thumb/882891284834164736/pu/img/OHTO29C4csKiA5lf.jpg","url":"https://t.co/i1bGHvxxUB","display_url":"pic.twitter.com/i1bGHvxxUB","expanded_url":"https://twitter.com/nicodance_Aoi/status/882891382817308672/video/1","type":"video","sizes":{"small":{"w":340,"h":453,"resize":"fit"},"large":{"w":960,"h":1280,"resize":"fit"},"medium":{"w":600,"h":800,"resize":"fit"},"thumb":{"w":150,"h":150,"resize":"crop"}},"video_info":{"aspect_ratio":[3,4],"duration_millis":6900,"variants":[{"bitrate":2176000,"content_type":"video/mp4","url":"https://video.twimg.com/ext_tw_video/882891284834164736/pu/vid/960x1280/xGD3n5F8ERXPITCu.mp4"},{"bitrate":832000,"content_type":"video/mp4","url":"https://video.twimg.com/ext_tw_video/882891284834164736/pu/vid/480x640/BJNO-7milxqRXHgY.mp4"},{"content_type":"application/x-mpegURL","url":"https://video.twimg.com/ext_tw_video/882891284834164736/pu/pl/Alkay4qAzn4J_iBE.m3u8"},{"bitrate":320000,"content_type":"video/mp4","url":"https://video.twimg.com/ext_tw_video/882891284834164736/pu/vid/240x320/5lUSjhuwrr4aPEHn.mp4"}]},"additional_media_info":{"monetizable":false}}]},"metadata":{"iso_language_code":"ja","result_type":"recent"},"source":"<a href=\"http://twitter.com/download/iphone\" rel=\"nofollow\">Twitter for iPhone</a>","in_reply_to_status_id":null,"in_reply_to_status_id_str":null,"in_reply_to_user_id":null,"in_reply_to_user_id_str":null,"in_reply_to_screen_name":null,"user":{"id":373498853,"id_str":"373498853","name":"あおい🚀（めせもあ。）@今川碧海🚦","screen_name":"nicodance_Aoi","location":"砂岡事務所","description":"めせもあ。の赤担当 エイティーンエモーション あおいです。第28回JUNON BOY審査員特別賞 今川碧海です！【先生と僕/めせもあ。/トラフィックライト。】 ニコニコ⇛mylist/28506261 youtube⇛ https://t.co/yMlns9esCZ","url":"https://t.co/Y3Ollw4ENM","entities":{"url":{"urls":[{"url":"https://t.co/Y3Ollw4ENM","expanded_url":"http://www.musumen.com/","display_url":"musumen.com","indices":[0,23]}]},"description":{"urls":[{"url":"https://t.co/yMlns9esCZ","expanded_url":"http://bit.ly/1kQRWek","display_url":"bit.ly/1kQRWek","indices":[110,133]}]}},"protected":false,"followers_count":107195,"friends_count":427,"listed_count":2259,"created_at":"Wed Sep 14 17:50:07 +0000 2011","favourites_count":1808,"utc_offset":32400,"time_zone":"Tokyo","geo_enabled":false,"verified":false,"statuses_count":18592,"lang":"ja","contributors_enabled":false,"is_translator":false,"is_translation_enabled":false,"profile_background_color":"FAE20D","profile_background_image_url":"http://pbs.twimg.com/profile_background_images/737601264/baad08c59d271c369c2c694d67b41fa5.jpeg","profile_background_image_url_https":"https://pbs.twimg.com/profile_background_images/737601264/baad08c59d271c369c2c694d67b41fa5.jpeg","profile_background_tile":false,"profile_image_url":"http://pbs.twimg.com/profile_images/880836696366923776/1H8axL2-_normal.jpg","profile_image_url_https":"https://pbs.twimg.com/profile_images/880836696366923776/1H8axL2-_normal.jpg","profile_banner_url":"https://pbs.twimg.com/profile_banners/373498853/1441952647","profile_link_color":"DD2E44","profile_sidebar_border_color":"000000","profile_sidebar_fill_color":"FFFFFF","profile_text_color":"30D117","profile_use_background_image":true,"has_extended_profile":false,"default_profile":false,"default_profile_image":false,"following":false,"follow_request_sent":false,"notifications":false,"translator_type":"none"},"geo":null,"coordinates":null,"place":null,"contributors":null,"is_quote_status":false,"retweet_count":130,"favorite_count":353,"favorited":false,"retweeted":false,"possibly_sensitive":false,"lang":"ja"},{"created_at":"Thu Jul 06 09:18:01 +0000 2017","id":882891374843973600,"id_str":"882891374843973633","text":"【速報】東京・大井ふ頭でヒアリ発見\nhttps://t.co/aG8Z0BO2Gz","truncated":false,"entities":{"hashtags":[],"symbols":[],"user_mentions":[],"urls":[{"url":"https://t.co/aG8Z0BO2Gz","expanded_url":"https://this.kiji.is/255623626203678201?c=39550187727945729","display_url":"this.kiji.is/25562362620367…","indices":[18,41]}]},"metadata":{"iso_language_code":"ja","result_type":"recent"},"source":"<a href=\"http://www.kyodonews.jp\" rel=\"nofollow\">NewspackPost</a>","in_reply_to_status_id":null,"in_reply_to_status_id_str":null,"in_reply_to_user_id":null,"in_reply_to_user_id_str":null,"in_reply_to_screen_name":null,"user":{"id":1240672056,"id_str":"1240672056","name":"共同通信公式","screen_name":"kyodo_official","location":"東京都港区東新橋1-7-1","description":"共同通信が運営する公式アカウントです。ニュースを配信しながら、時々つぶやきます。\r\n全国のニュースは47newsへ\r\n→http://t.co/BqAAr8ExTG\r\n\r\n※情報提供をお願いすることがあります。つぶやきは管理人の個人的意見であり、フォローおよびRTは賛意とは限りません。","url":"http://t.co/Io4WpRid4e","entities":{"url":{"urls":[{"url":"http://t.co/Io4WpRid4e","expanded_url":"http://www.kyodonews.jp/","display_url":"kyodonews.jp","indices":[0,22]}]},"description":{"urls":[{"url":"http://t.co/BqAAr8ExTG","expanded_url":"http://www.47news.jp/","display_url":"47news.jp","indices":[60,82]}]}},"protected":false,"followers_count":137898,"friends_count":82,"listed_count":3271,"created_at":"Mon Mar 04 06:41:52 +0000 2013","favourites_count":113,"utc_offset":32400,"time_zone":"Tokyo","geo_enabled":false,"verified":true,"statuses_count":152347,"lang":"ja","contributors_enabled":false,"is_translator":false,"is_translation_enabled":false,"profile_background_color":"C0DEED","profile_background_image_url":"http://abs.twimg.com/images/themes/theme1/bg.png","profile_background_image_url_https":"https://abs.twimg.com/images/themes/theme1/bg.png","profile_background_tile":false,"profile_image_url":"http://pbs.twimg.com/profile_images/755939819130191872/q05wiro5_normal.jpg","profile_image_url_https":"https://pbs.twimg.com/profile_images/755939819130191872/q05wiro5_normal.jpg","profile_banner_url":"https://pbs.twimg.com/profile_banners/1240672056/1363066979","profile_link_color":"1DA1F2","profile_sidebar_border_color":"C0DEED","profile_sidebar_fill_color":"DDEEF6","profile_text_color":"333333","profile_use_background_image":true,"has_extended_profile":false,"default_profile":true,"default_profile_image":false,"following":false,"follow_request_sent":false,"notifications":false,"translator_type":"none"},"geo":null,"coordinates":null,"place":null,"contributors":null,"is_quote_status":false,"retweet_count":77,"favorite_count":8,"favorited":false,"retweeted":false,"possibly_sensitive":false,"lang":"ja"},{"created_at":"Thu Jul 06 09:17:46 +0000 2017","id":882891312776724500,"id_str":"882891312776724480","text":"これは…\nhttps://t.co/sx3h9ZFcwa https://t.co/iuAbDszKn9","truncated":false,"entities":{"hashtags":[],"symbols":[],"user_mentions":[],"urls":[{"url":"https://t.co/sx3h9ZFcwa","expanded_url":"https://www.youtube.com/watch?v=XE64Okj46fY","display_url":"youtube.com/watch?v=XE64Ok…","indices":[5,28]}],"media":[{"id":882891296293048300,"id_str":"882891296293048321","indices":[29,52],"media_url":"http://pbs.twimg.com/media/DECo9MrU0AE23Js.jpg","media_url_https":"https://pbs.twimg.com/media/DECo9MrU0AE23Js.jpg","url":"https://t.co/iuAbDszKn9","display_url":"pic.twitter.com/iuAbDszKn9","expanded_url":"https://twitter.com/shiro_gw/status/882891312776724480/photo/1","type":"photo","sizes":{"large":{"w":433,"h":697,"resize":"fit"},"medium":{"w":433,"h":697,"resize":"fit"},"thumb":{"w":150,"h":150,"resize":"crop"},"small":{"w":422,"h":680,"resize":"fit"}}}]},"extended_entities":{"media":[{"id":882891296293048300,"id_str":"882891296293048321","indices":[29,52],"media_url":"http://pbs.twimg.com/media/DECo9MrU0AE23Js.jpg","media_url_https":"https://pbs.twimg.com/media/DECo9MrU0AE23Js.jpg","url":"https://t.co/iuAbDszKn9","display_url":"pic.twitter.com/iuAbDszKn9","expanded_url":"https://twitter.com/shiro_gw/status/882891312776724480/photo/1","type":"photo","sizes":{"large":{"w":433,"h":697,"resize":"fit"},"medium":{"w":433,"h":697,"resize":"fit"},"thumb":{"w":150,"h":150,"resize":"crop"},"small":{"w":422,"h":680,"resize":"fit"}}},{"id":882891296301502500,"id_str":"882891296301502464","indices":[29,52],"media_url":"http://pbs.twimg.com/media/DECo9MtV0AAhpkB.jpg","media_url_https":"https://pbs.twimg.com/media/DECo9MtV0AAhpkB.jpg","url":"https://t.co/iuAbDszKn9","display_url":"pic.twitter.com/iuAbDszKn9","expanded_url":"https://twitter.com/shiro_gw/status/882891312776724480/photo/1","type":"photo","sizes":{"large":{"w":431,"h":698,"resize":"fit"},"thumb":{"w":150,"h":150,"resize":"crop"},"small":{"w":420,"h":680,"resize":"fit"},"medium":{"w":431,"h":698,"resize":"fit"}}}]},"metadata":{"iso_language_code":"ja","result_type":"recent"},"source":"<a href=\"http://twitter.com\" rel=\"nofollow\">Twitter Web Client</a>","in_reply_to_status_id":null,"in_reply_to_status_id_str":null,"in_reply_to_user_id":null,"in_reply_to_user_id_str":null,"in_reply_to_screen_name":null,"user":{"id":733480850919055400,"id_str":"733480850919055360","name":"しろ@GameWith","screen_name":"shiro_gw","location":"なうしろチャンネル","description":"モンスト、バンドリ、スクフェスやってます(*￣▽￣*)  アイコン→ @norision_mnst さん　ヘッダー→ @ksnb0324 さん　 GWSNS→https://t.co/PoBhD5ENvT","url":"https://t.co/PqFhVt6diG","entities":{"url":{"urls":[{"url":"https://t.co/PqFhVt6diG","expanded_url":"https://www.youtube.com/channel/UCHxqtnCwn_NEm4aEIU-O85A","display_url":"youtube.com/channel/UCHxqt…","indices":[0,23]}]},"description":{"urls":[{"url":"https://t.co/PoBhD5ENvT","expanded_url":"https://gamewith.jp/user/profile/519105","display_url":"gamewith.jp/user/profile/5…","indices":[79,102]}]}},"protected":false,"followers_count":189843,"friends_count":172,"listed_count":895,"created_at":"Fri May 20 02:13:57 +0000 2016","favourites_count":22,"utc_offset":-25200,"time_zone":"Pacific Time (US & Canada)","geo_enabled":true,"verified":false,"statuses_count":12394,"lang":"ja","contributors_enabled":false,"is_translator":false,"is_translation_enabled":false,"profile_background_color":"000000","profile_background_image_url":"http://abs.twimg.com/images/themes/theme1/bg.png","profile_background_image_url_https":"https://abs.twimg.com/images/themes/theme1/bg.png","profile_background_tile":false,"profile_image_url":"http://pbs.twimg.com/profile_images/739991540261474304/Du06YglV_normal.jpg","profile_image_url_https":"https://pbs.twimg.com/profile_images/739991540261474304/Du06YglV_normal.jpg","profile_banner_url":"https://pbs.twimg.com/profile_banners/733480850919055360/1479551725","profile_link_color":"F58EA8","profile_sidebar_border_color":"000000","profile_sidebar_fill_color":"000000","profile_text_color":"000000","profile_use_background_image":false,"has_extended_profile":true,"default_profile":false,"default_profile_image":false,"following":false,"follow_request_sent":false,"notifications":false,"translator_type":"none"},"geo":null,"coordinates":null,"place":null,"contributors":null,"is_quote_status":false,"retweet_count":321,"favorite_count":422,"favorited":false,"retweeted":false,"possibly_sensitive":false,"lang":"ja"},{"created_at":"Thu Jul 06 09:17:37 +0000 2017","id":882891272133812200,"id_str":"882891272133812225","text":"DIR EN GREY BEST ALBUM 今冬発売決定！\nhttps://t.co/6ZN2ofSAxB","truncated":false,"entities":{"hashtags":[],"symbols":[],"user_mentions":[],"urls":[{"url":"https://t.co/6ZN2ofSAxB","expanded_url":"http://direngrey.co.jp","display_url":"direngrey.co.jp","indices":[31,54]}]},"metadata":{"iso_language_code":"ja","result_type":"recent"},"source":"<a href=\"http://twitter.com\" rel=\"nofollow\">Twitter Web Client</a>","in_reply_to_status_id":null,"in_reply_to_status_id_str":null,"in_reply_to_user_id":null,"in_reply_to_user_id_str":null,"in_reply_to_screen_name":null,"user":{"id":296139337,"id_str":"296139337","name":"DIR EN GREY","screen_name":"DIRENGREY_JP","location":"","description":"DIR EN GREY OFFICIAL Twitter","url":"http://t.co/OtsW5oOwv7","entities":{"url":{"urls":[{"url":"http://t.co/OtsW5oOwv7","expanded_url":"http://www.direngrey.co.jp","display_url":"direngrey.co.jp","indices":[0,22]}]},"description":{"urls":[]}},"protected":false,"followers_count":85246,"friends_count":0,"listed_count":1128,"created_at":"Tue May 10 08:11:21 +0000 2011","favourites_count":0,"utc_offset":32400,"time_zone":"Tokyo","geo_enabled":false,"verified":true,"statuses_count":1257,"lang":"ja","contributors_enabled":false,"is_translator":false,"is_translation_enabled":false,"profile_background_color":"0A0A0A","profile_background_image_url":"http://abs.twimg.com/images/themes/theme1/bg.png","profile_background_image_url_https":"https://abs.twimg.com/images/themes/theme1/bg.png","profile_background_tile":false,"profile_image_url":"http://pbs.twimg.com/profile_images/1350537670/s_dir_twitter_logo_normal.jpg","profile_image_url_https":"https://pbs.twimg.com/profile_images/1350537670/s_dir_twitter_logo_normal.jpg","profile_link_color":"D7DADB","profile_sidebar_border_color":"C0DEED","profile_sidebar_fill_color":"212121","profile_text_color":"757375","profile_use_background_image":false,"has_extended_profile":false,"default_profile":false,"default_profile_image":false,"following":false,"follow_request_sent":false,"notifications":false,"translator_type":"none"},"geo":null,"coordinates":null,"place":null,"contributors":null,"is_quote_status":false,"retweet_count":240,"favorite_count":211,"favorited":false,"retweeted":false,"possibly_sensitive":false,"lang":"ja"},{"created_at":"Thu Jul 06 09:17:33 +0000 2017","id":882891258057728000,"id_str":"882891258057728000","text":"ライブがしたくてうずうずしてる。\n札幌のライブ楽しみだな。\n北海道の人たちに俺たちの音楽まだ届いてないぽいんで\n彼氏、彼女、家族、友達とかと一緒に！！！！！\n\n7/14札幌\n\nhttps://t.co/VkG0gLDAH2 …","truncated":false,"entities":{"hashtags":[],"symbols":[],"user_mentions":[],"urls":[{"url":"https://t.co/VkG0gLDAH2","expanded_url":"http://sort.eplus.jp/sys/T1U14P0010164P0108P002166103P0050001P006001P0030039P0030037P0030040P0030041P0030038P0030042","display_url":"sort.eplus.jp/sys/T1U14P0010…","indices":[88,111]}]},"metadata":{"iso_language_code":"ja","result_type":"recent"},"source":"<a href=\"http://twitter.com\" rel=\"nofollow\">Twitter Web Client</a>","in_reply_to_status_id":null,"in_reply_to_status_id_str":null,"in_reply_to_user_id":null,"in_reply_to_user_id_str":null,"in_reply_to_screen_name":null,"user":{"id":345347451,"id_str":"345347451","name":"サグワくん","screen_name":"saguwa_com","location":"","description":"サグワダイアリーで動画やってます。Amaryllisbombでぎゃーぎゃー言ってます。quad4sできーきー言ってます。大分で育ちました。気づいたら東京で生活してます。","url":"https://www.youtube.com/user/saguwadaiari","entities":{"url":{"urls":[{"url":"https://www.youtube.com/user/saguwadaiari","expanded_url":null,"indices":[0,41]}]},"description":{"urls":[]}},"protected":false,"followers_count":284006,"friends_count":253,"listed_count":1038,"created_at":"Sat Jul 30 12:57:18 +0000 2011","favourites_count":7768,"utc_offset":-36000,"time_zone":"Hawaii","geo_enabled":false,"verified":false,"statuses_count":41309,"lang":"ja","contributors_enabled":false,"is_translator":false,"is_translation_enabled":false,"profile_background_color":"000000","profile_background_image_url":"http://abs.twimg.com/images/themes/theme1/bg.png","profile_background_image_url_https":"https://abs.twimg.com/images/themes/theme1/bg.png","profile_background_tile":false,"profile_image_url":"http://pbs.twimg.com/profile_images/852866450901524482/igKH5CBu_normal.jpg","profile_image_url_https":"https://pbs.twimg.com/profile_images/852866450901524482/igKH5CBu_normal.jpg","profile_banner_url":"https://pbs.twimg.com/profile_banners/345347451/1476766385","profile_link_color":"89C9FA","profile_sidebar_border_color":"000000","profile_sidebar_fill_color":"000000","profile_text_color":"000000","profile_use_background_image":false,"has_extended_profile":false,"default_profile":false,"default_profile_image":false,"following":false,"follow_request_sent":false,"notifications":false,"translator_type":"none"},"geo":null,"coordinates":null,"place":null,"contributors":null,"is_quote_status":false,"retweet_count":89,"favorite_count":656,"favorited":false,"retweeted":false,"possibly_sensitive":false,"lang":"ja"}],"search_metadata":{"completed_in":0.034,"max_id":882891929788096500,"max_id_str":"882891929788096515","next_results":"?max_id=882891258057727999&q=lang%3Aja%20min_retweets%3A50&include_entities=1","query":"lang%3Aja+min_retweets%3A50","refresh_url":"?since_id=882891929788096515&q=lang%3Aja%20min_retweets%3A50&include_entities=1","count":15,"since_id":0,"since_id_str":"0"}}