{"statuses":[{"created_at":"Tue Jul 04 17:36:00 +0000 2017","id":882291918167834600,"id_str":"882291918167834624","text":"わぁいfuckfuck fuckfuckfuckfuck fuckfuckfuck gurumeripot あかりfuckfuck fuckfuckfuckfuck fuckfuckfuck gurumeripot大好き","truncated":false,"entities":{"hashtags":[],"symbols":[],"user_mentions":[],"urls":[]},"metadata":{"iso_language_code":"ja","result_type":"recent"},"source":"<a href=\"http://blog.umanytune.com/twitterbot/akaridaisuki/\" rel=\"nofollow\">あかり大陸</a>","in_reply_to_status_id":null,"in_reply_to_status_id_str":null,"in_reply_to_user_id":null,"in_reply_to_user_id_str":null,"in_reply_to_screen_name":null,"user":{"id":465521654,"id_str":"465521654","name":"あかり大好きbot","screen_name":"akari_daisuki","location":"","description":"「わぁい○○ あかり○○大好き」をひたすらツイートする非公式botです。\nWikipediaかタイムラインから言葉を拾います。\nフォロー返しが欲しい場合「フォローして」とリプライを送ってください。\n@akaripedia もご一緒にどうぞ。\n何かあれば @TuNE_cocoamoe まで。","url":"https://t.co/qaKuikSK6H","entities":{"url":{"urls":[{"url":"https://t.co/qaKuikSK6H","expanded_url":"http://blog.umanytune.com/twitterbot/akaridaisuki/","display_url":"blog.umanytune.com/twitterbot/aka…","indices":[0,23]}]},"description":{"urls":[]}},"protected":false,"followers_count":107388,"friends_count":77002,"listed_count":3082,"created_at":"Mon Jan 16 12:59:33 +0000 2012","favourites_count":5,"utc_offset":32400,"time_zone":"Tokyo","geo_enabled":false,"verified":false,"statuses_count":170873,"lang":"ja","contributors_enabled":false,"is_translator":false,"is_translation_enabled":false,"profile_background_color":"FFFFFF","profile_background_image_url":"http://pbs.twimg.com/profile_background_images/442692368/odango.png","profile_background_image_url_https":"https://pbs.twimg.com/profile_background_images/442692368/odango.png","profile_background_tile":false,"profile_image_url":"http://pbs.twimg.com/profile_images/848179393289609217/xOiw2irg_normal.jpg","profile_image_url_https":"https://pbs.twimg.com/profile_images/848179393289609217/xOiw2irg_normal.jpg","profile_link_color":"E81C4F","profile_sidebar_border_color":"DBE9ED","profile_sidebar_fill_color":"E6F6F9","profile_text_color":"333333","profile_use_background_image":true,"has_extended_profile":true,"default_profile":false,"default_profile_image":false,"following":false,"follow_request_sent":false,"notifications":false,"translator_type":"none"},"geo":null,"coordinates":null,"place":null,"contributors":null,"is_quote_status":false,"retweet_count":65,"favorite_count":65,"favorited":false,"retweeted":false,"lang":"ja"},{"created_at":"Tue Jul 04 17:33:13 +0000 2017","id":882291220868874200,"id_str":"882291220868874240","text":"「マツコの知らない世界」毎週録画しています、まさか出演(映像)出来るとは・・今年１嬉しいです。。","truncated":false,"entities":{"hashtags":[],"symbols":[],"user_mentions":[],"urls":[]},"metadata":{"iso_language_code":"ja","result_type":"recent"},"source":"<a href=\"https://about.twitter.com/products/tweetdeck\" rel=\"nofollow\">TweetDeck</a>","in_reply_to_status_id":null,"in_reply_to_status_id_str":null,"in_reply_to_user_id":null,"in_reply_to_user_id_str":null,"in_reply_to_screen_name":null,"user":{"id":37692660,"id_str":"37692660","name":"HISAƧIH","screen_name":"HISASHI_","location":"Tokyo","description":"HISASHI / GLAY / 1972 https://t.co/pjCVBikhbR https://t.co/LsaTisB5AI https://t.co/asQUZuXOck good morning good night happy birthday!!","url":"https://t.co/89h1uaEMiA","entities":{"url":{"urls":[{"url":"https://t.co/89h1uaEMiA","expanded_url":"http://www.glay.co.jp","display_url":"glay.co.jp","indices":[0,23]}]},"description":{"urls":[{"url":"https://t.co/pjCVBikhbR","expanded_url":"http://facebook.com/h1sashi","display_url":"facebook.com/h1sashi","indices":[22,45]},{"url":"https://t.co/LsaTisB5AI","expanded_url":"http://twilog.org/hisashi_","display_url":"twilog.org/hisashi_","indices":[46,69]},{"url":"https://t.co/asQUZuXOck","expanded_url":"http://soundcloud.com/hisashi-glay","display_url":"soundcloud.com/hisashi-glay","indices":[70,93]}]}},"protected":false,"followers_count":429114,"friends_count":738,"listed_count":6045,"created_at":"Mon May 04 16:15:23 +0000 2009","favourites_count":247,"utc_offset":32400,"time_zone":"Tokyo","geo_enabled":false,"verified":true,"statuses_count":28359,"lang":"ja","contributors_enabled":false,"is_translator":false,"is_translation_enabled":false,"profile_background_color":"000000","profile_background_image_url":"http://pbs.twimg.com/profile_background_images/624729185/zx2gaxhkp2cgbl82ouqx.jpeg","profile_background_image_url_https":"https://pbs.twimg.com/profile_background_images/624729185/zx2gaxhkp2cgbl82ouqx.jpeg","profile_background_tile":false,"profile_image_url":"http://pbs.twimg.com/profile_images/790737749896679424/2S1fhkmh_normal.jpg","profile_image_url_https":"https://pbs.twimg.com/profile_images/790737749896679424/2S1fhkmh_normal.jpg","profile_banner_url":"https://pbs.twimg.com/profile_banners/37692660/1398610352","profile_link_color":"000000","profile_sidebar_border_color":"A60000","profile_sidebar_fill_color":"D6D6D6","profile_text_color":"6E6E6E","profile_use_background_image":true,"has_extended_profile":false,"default_profile":false,"default_profile_image":false,"following":false,"follow_request_sent":false,"notifications":false,"translator_type":"none"},"geo":null,"coordinates":null,"place":null,"contributors":null,"is_quote_status":false,"retweet_count":114,"favorite_count":284,"favorited":false,"retweeted":false,"lang":"ja"},{"created_at":"Tue Jul 04 17:32:18 +0000 2017","id":882290987346690000,"id_str":"882290987346690048","text":"晋平太 vs R-指定 (ROUND3)\n\n因縁対決の最終ラウンド。\nディスを超えたリスペクトをし、モンスターR-指定に勝利。\n\n#フリースタイルダンジョン https://t.co/Wv8Ip2nD5c","truncated":false,"entities":{"hashtags":[{"text":"フリースタイルダンジョン","indices":[65,78]}],"symbols":[],"user_mentions":[],"urls":[],"media":[{"id":882290132572700700,"id_str":"882290132572700673","indices":[79,102],"media_url":"http://pbs.twimg.com/ext_tw_video_thumb/882290132572700673/pu/img/8N0Su5QExXQQw1nc.jpg","media_url_https":"https://pbs.twimg.com/ext_tw_video_thumb/882290132572700673/pu/img/8N0Su5QExXQQw1nc.jpg","url":"https://t.co/Wv8Ip2nD5c","display_url":"pic.twitter.com/Wv8Ip2nD5c","expanded_url":"https://twitter.com/HIPHOP_Twieet/status/882290987346690048/video/1","type":"photo","sizes":{"small":{"w":340,"h":191,"resize":"fit"},"large":{"w":640,"h":360,"resize":"fit"},"thumb":{"w":150,"h":150,"resize":"crop"},"medium":{"w":600,"h":338,"resize":"fit"}}}]},"extended_entities":{"media":[{"id":882290132572700700,"id_str":"882290132572700673","indices":[79,102],"media_url":"http://pbs.twimg.com/ext_tw_video_thumb/882290132572700673/pu/img/8N0Su5QExXQQw1nc.jpg","media_url_https":"https://pbs.twimg.com/ext_tw_video_thumb/882290132572700673/pu/img/8N0Su5QExXQQw1nc.jpg","url":"https://t.co/Wv8Ip2nD5c","display_url":"pic.twitter.com/Wv8Ip2nD5c","expanded_url":"https://twitter.com/HIPHOP_Twieet/status/882290987346690048/video/1","type":"video","sizes":{"small":{"w":340,"h":191,"resize":"fit"},"large":{"w":640,"h":360,"resize":"fit"},"thumb":{"w":150,"h":150,"resize":"crop"},"medium":{"w":600,"h":338,"resize":"fit"}},"video_info":{"aspect_ratio":[16,9],"duration_millis":140033,"variants":[{"bitrate":320000,"content_type":"video/mp4","url":"https://video.twimg.com/ext_tw_video/882290132572700673/pu/vid/320x180/JLQQfkOqAXA1oSXo.mp4"},{"bitrate":832000,"content_type":"video/mp4","url":"https://video.twimg.com/ext_tw_video/882290132572700673/pu/vid/640x360/z0TK_rKLQzCwyul8.mp4"},{"content_type":"application/x-mpegURL","url":"https://video.twimg.com/ext_tw_video/882290132572700673/pu/pl/8vBF57BdTsrjGBns.m3u8"}]},"additional_media_info":{"monetizable":false}}]},"metadata":{"iso_language_code":"ja","result_type":"recent"},"source":"<a href=\"http://twitter.com/download/iphone\" rel=\"nofollow\">Twitter for iPhone</a>","in_reply_to_status_id":null,"in_reply_to_status_id_str":null,"in_reply_to_user_id":null,"in_reply_to_user_id_str":null,"in_reply_to_screen_name":null,"user":{"id":801654796507693000,"id_str":"801654796507693056","name":"HIPHOP","screen_name":"HIPHOP_Twieet","location":"","description":"フリースタイルダンジョン毎週更新/MCバトル/音源/人気ラッパーの動画などを投稿していきます。毎日更新してます。 話題、人気となった動画は【いいね】にまとめてありますので、そちらもご覧ください。","url":null,"entities":{"description":{"urls":[]}},"protected":false,"followers_count":26825,"friends_count":8211,"listed_count":23,"created_at":"Thu Nov 24 05:12:52 +0000 2016","favourites_count":48,"utc_offset":-25200,"time_zone":"Pacific Time (US & Canada)","geo_enabled":true,"verified":false,"statuses_count":182,"lang":"ja","contributors_enabled":false,"is_translator":false,"is_translation_enabled":false,"profile_background_color":"F5F8FA","profile_background_image_url":null,"profile_background_image_url_https":null,"profile_background_tile":false,"profile_image_url":"http://pbs.twimg.com/profile_images/838065487665717248/wOPi_o7__normal.jpg","profile_image_url_https":"https://pbs.twimg.com/profile_images/838065487665717248/wOPi_o7__normal.jpg","profile_banner_url":"https://pbs.twimg.com/profile_banners/801654796507693056/1488645359","profile_link_color":"1DA1F2","profile_sidebar_border_color":"C0DEED","profile_sidebar_fill_color":"DDEEF6","profile_text_color":"333333","profile_use_background_image":true,"has_extended_profile":false,"default_profile":true,"default_profile_image":false,"following":false,"follow_request_sent":false,"notifications":false,"translator_type":"none"},"geo":null,"coordinates":null,"place":null,"contributors":null,"is_quote_status":false,"retweet_count":172,"favorite_count":244,"favorited":false,"retweeted":false,"possibly_sensitive":false,"lang":"ja"},{"created_at":"Tue Jul 04 17:30:07 +0000 2017","id":882290437263736800,"id_str":"882290437263736832","text":"#ナナマルサンバツ　ヒロイン役の海荷ちゃんはぐんぐん上達してゆきますので私、アフレコの度に楽しみです😄","truncated":false,"entities":{"hashtags":[{"text":"ナナマルサンバツ","indices":[0,9]}],"symbols":[],"user_mentions":[],"urls":[]},"metadata":{"iso_language_code":"ja","result_type":"recent"},"source":"<a href=\"http://twitter.com\" rel=\"nofollow\">Twitter Web Client</a>","in_reply_to_status_id":null,"in_reply_to_status_id_str":null,"in_reply_to_user_id":null,"in_reply_to_user_id_str":null,"in_reply_to_screen_name":null,"user":{"id":120009022,"id_str":"120009022","name":"杉基イクラ＠7/4は14巻＆アニメ放送","screen_name":"iqura_s","location":"","description":"月刊ヤングエース(KADOKAWA)で競技クイズ漫画「ナナマルサンバツ」連載中現在13巻(以下続刊) / 「サマーウォーズ」「砂糖菓子の弾丸は撃ちぬけない」コミカライズなど　　画像庫　https://t.co/tkfsOv8TkE　★ナナサンアニメ公式 @7o3x_anime","url":"https://t.co/b8kqLGxRK6","entities":{"url":{"urls":[{"url":"https://t.co/b8kqLGxRK6","expanded_url":"http://7o3x.com/","display_url":"7o3x.com","indices":[0,23]}]},"description":{"urls":[{"url":"https://t.co/tkfsOv8TkE","expanded_url":"http://iqura-s.tumblr.com/","display_url":"iqura-s.tumblr.com","indices":[92,115]}]}},"protected":false,"followers_count":10716,"friends_count":324,"listed_count":684,"created_at":"Fri Mar 05 06:09:45 +0000 2010","favourites_count":843,"utc_offset":32400,"time_zone":"Tokyo","geo_enabled":false,"verified":false,"statuses_count":31154,"lang":"ja","contributors_enabled":false,"is_translator":false,"is_translation_enabled":false,"profile_background_color":"FFFFFF","profile_background_image_url":"http://pbs.twimg.com/profile_background_images/378800000125791808/xwSjGFd9.jpeg","profile_background_image_url_https":"https://pbs.twimg.com/profile_background_images/378800000125791808/xwSjGFd9.jpeg","profile_background_tile":false,"profile_image_url":"http://pbs.twimg.com/profile_images/875521888994205696/ynXaHg7G_normal.jpg","profile_image_url_https":"https://pbs.twimg.com/profile_images/875521888994205696/ynXaHg7G_normal.jpg","profile_banner_url":"https://pbs.twimg.com/profile_banners/120009022/1498840095","profile_link_color":"FF691F","profile_sidebar_border_color":"FFFFFF","profile_sidebar_fill_color":"96E1FF","profile_text_color":"0E0F24","profile_use_background_image":true,"has_extended_profile":true,"default_profile":false,"default_profile_image":false,"following":false,"follow_request_sent":false,"notifications":false,"translator_type":"none"},"geo":null,"coordinates":null,"place":null,"contributors":null,"is_quote_status":false,"retweet_count":77,"favorite_count":43,"favorited":false,"retweeted":false,"lang":"ja"},{"created_at":"Tue Jul 04 17:30:03 +0000 2017","id":882290424265687000,"id_str":"882290424265687040","text":"100万円、ほしければ連絡下さい。LINEID→nbai4　#LINE #ライン https://t.co/5TYUbBplFI https://t.co/kQpfWxWCly","truncated":false,"entities":{"hashtags":[{"text":"LINE","indices":[30,35]},{"text":"ライン","indices":[36,40]}],"symbols":[],"user_mentions":[],"urls":[{"url":"https://t.co/5TYUbBplFI","expanded_url":"https://goo.gl/wntqfc","display_url":"goo.gl/wntqfc","indices":[41,64]}],"media":[{"id":882290421740650500,"id_str":"882290421740650496","indices":[65,88],"media_url":"http://pbs.twimg.com/media/DD6GdsiUwAAEbR-.jpg","media_url_https":"https://pbs.twimg.com/media/DD6GdsiUwAAEbR-.jpg","url":"https://t.co/kQpfWxWCly","display_url":"pic.twitter.com/kQpfWxWCly","expanded_url":"https://twitter.com/rimaEssex/status/882290424265687040/photo/1","type":"photo","sizes":{"small":{"w":497,"h":487,"resize":"fit"},"large":{"w":497,"h":487,"resize":"fit"},"thumb":{"w":150,"h":150,"resize":"crop"},"medium":{"w":497,"h":487,"resize":"fit"}}}]},"extended_entities":{"media":[{"id":882290421740650500,"id_str":"882290421740650496","indices":[65,88],"media_url":"http://pbs.twimg.com/media/DD6GdsiUwAAEbR-.jpg","media_url_https":"https://pbs.twimg.com/media/DD6GdsiUwAAEbR-.jpg","url":"https://t.co/kQpfWxWCly","display_url":"pic.twitter.com/kQpfWxWCly","expanded_url":"https://twitter.com/rimaEssex/status/882290424265687040/photo/1","type":"photo","sizes":{"small":{"w":497,"h":487,"resize":"fit"},"large":{"w":497,"h":487,"resize":"fit"},"thumb":{"w":150,"h":150,"resize":"crop"},"medium":{"w":497,"h":487,"resize":"fit"}}}]},"metadata":{"iso_language_code":"ja","result_type":"recent"},"source":"<a href=\"http://twitter.com/\" rel=\"nofollow\">zerotubusen11</a>","in_reply_to_status_id":null,"in_reply_to_status_id_str":null,"in_reply_to_user_id":null,"in_reply_to_user_id_str":null,"in_reply_to_screen_name":null,"user":{"id":101683375,"id_str":"101683375","name":"野村（バイナリ案内）","screen_name":"rimaEssex","location":"LINEID→nbai4","description":"以前のLINEデータが消えてしまいましたので新しいアカウントを作りました。連絡がつかない方多々おられますので新しいIDに連絡ください。突然連絡が途切れ不安にさせてしまい申し訳ありません。\n在宅で出来るバイナリーというものをLINEの方で案内しております。当然、無料案内です。　#バイナリー　#バイナリーオプション #副業","url":null,"entities":{"description":{"urls":[]}},"protected":false,"followers_count":10459,"friends_count":3893,"listed_count":2,"created_at":"Mon Jan 04 06:43:28 +0000 2010","favourites_count":0,"utc_offset":3600,"time_zone":"London","geo_enabled":false,"verified":false,"statuses_count":4,"lang":"ja","contributors_enabled":false,"is_translator":false,"is_translation_enabled":false,"profile_background_color":"EDECE9","profile_background_image_url":"http://abs.twimg.com/images/themes/theme3/bg.gif","profile_background_image_url_https":"https://abs.twimg.com/images/themes/theme3/bg.gif","profile_background_tile":false,"profile_image_url":"http://pbs.twimg.com/profile_images/863576562729234432/TDQG-yVj_normal.jpg","profile_image_url_https":"https://pbs.twimg.com/profile_images/863576562729234432/TDQG-yVj_normal.jpg","profile_link_color":"088253","profile_sidebar_border_color":"D3D2CF","profile_sidebar_fill_color":"E3E2DE","profile_text_color":"634047","profile_use_background_image":true,"has_extended_profile":false,"default_profile":false,"default_profile_image":false,"following":false,"follow_request_sent":false,"notifications":false,"translator_type":"none"},"geo":null,"coordinates":null,"place":null,"contributors":null,"is_quote_status":false,"retweet_count":101,"favorite_count":0,"favorited":false,"retweeted":false,"possibly_sensitive":false,"lang":"ja"},{"created_at":"Tue Jul 04 17:30:02 +0000 2017","id":882290418066440200,"id_str":"882290418066440192","text":"暇してる人いるかな？\nオフパコ興味あるー？♥♥\n\n絡み希望の人はLINEでメッセ送ってね(●・ω・●)\nhttps://t.co/fENnTzSxjz","truncated":false,"entities":{"hashtags":[],"symbols":[],"user_mentions":[],"urls":[],"media":[{"id":881713116613976000,"id_str":"881713116613976064","indices":[52,75],"media_url":"http://pbs.twimg.com/media/DDx5aHWUIAAofSr.jpg","media_url_https":"https://pbs.twimg.com/media/DDx5aHWUIAAofSr.jpg","url":"https://t.co/fENnTzSxjz","display_url":"pic.twitter.com/fENnTzSxjz","expanded_url":"https://twitter.com/dubamub/status/881713148885057536/photo/1","type":"photo","sizes":{"thumb":{"w":150,"h":150,"resize":"crop"},"large":{"w":580,"h":435,"resize":"fit"},"small":{"w":580,"h":435,"resize":"fit"},"medium":{"w":580,"h":435,"resize":"fit"}},"source_status_id":881713148885057500,"source_status_id_str":"881713148885057536","source_user_id":715112866525806600,"source_user_id_str":"715112866525806592"}]},"extended_entities":{"media":[{"id":881713116613976000,"id_str":"881713116613976064","indices":[52,75],"media_url":"http://pbs.twimg.com/media/DDx5aHWUIAAofSr.jpg","media_url_https":"https://pbs.twimg.com/media/DDx5aHWUIAAofSr.jpg","url":"https://t.co/fENnTzSxjz","display_url":"pic.twitter.com/fENnTzSxjz","expanded_url":"https://twitter.com/dubamub/status/881713148885057536/photo/1","type":"photo","sizes":{"thumb":{"w":150,"h":150,"resize":"crop"},"large":{"w":580,"h":435,"resize":"fit"},"small":{"w":580,"h":435,"resize":"fit"},"medium":{"w":580,"h":435,"resize":"fit"}},"source_status_id":881713148885057500,"source_status_id_str":"881713148885057536","source_user_id":715112866525806600,"source_user_id_str":"715112866525806592"},{"id":881713128207024100,"id_str":"881713128207024129","indices":[52,75],"media_url":"http://pbs.twimg.com/media/DDx5ayiUAAEDwkP.jpg","media_url_https":"https://pbs.twimg.com/media/DDx5ayiUAAEDwkP.jpg","url":"https://t.co/fENnTzSxjz","display_url":"pic.twitter.com/fENnTzSxjz","expanded_url":"https://twitter.com/dubamub/status/881713148885057536/photo/1","type":"photo","sizes":{"small":{"w":360,"h":360,"resize":"fit"},"medium":{"w":360,"h":360,"resize":"fit"},"thumb":{"w":150,"h":150,"resize":"crop"},"large":{"w":360,"h":360,"resize":"fit"}},"source_status_id":881713148885057500,"source_status_id_str":"881713148885057536","source_user_id":715112866525806600,"source_user_id_str":"715112866525806592"},{"id":881713141754626000,"id_str":"881713141754626049","indices":[52,75],"media_url":"http://pbs.twimg.com/media/DDx5blAUAAEP4qO.jpg","media_url_https":"https://pbs.twimg.com/media/DDx5blAUAAEP4qO.jpg","url":"https://t.co/fENnTzSxjz","display_url":"pic.twitter.com/fENnTzSxjz","expanded_url":"https://twitter.com/dubamub/status/881713148885057536/photo/1","type":"photo","sizes":{"thumb":{"w":150,"h":150,"resize":"crop"},"large":{"w":580,"h":435,"resize":"fit"},"small":{"w":580,"h":435,"resize":"fit"},"medium":{"w":580,"h":435,"resize":"fit"}},"source_status_id":881713148885057500,"source_status_id_str":"881713148885057536","source_user_id":715112866525806600,"source_user_id_str":"715112866525806592"}]},"metadata":{"iso_language_code":"ja","result_type":"recent"},"source":"<a href=\"https://twitter.com/\" rel=\"nofollow\">jjj uujuhuc</a>","in_reply_to_status_id":null,"in_reply_to_status_id_str":null,"in_reply_to_user_id":null,"in_reply_to_user_id_str":null,"in_reply_to_screen_name":null,"user":{"id":812263564941541400,"id_str":"812263564941541378","name":"いろは←おふぱこ募集💕","screen_name":"iroha_offpk","location":"","description":"オフパコ募集垢←興味ある人いますか(●・ω・●)？彼氏とかいりません！相性良ければセフでも💕セクロスはスポーツ(*`・ω・)ですｗ","url":null,"entities":{"description":{"urls":[]}},"protected":false,"followers_count":414,"friends_count":378,"listed_count":0,"created_at":"Fri Dec 23 11:48:19 +0000 2016","favourites_count":0,"utc_offset":-25200,"time_zone":"Pacific Time (US & Canada)","geo_enabled":false,"verified":false,"statuses_count":22,"lang":"ja","contributors_enabled":false,"is_translator":false,"is_translation_enabled":false,"profile_background_color":"F5F8FA","profile_background_image_url":null,"profile_background_image_url_https":null,"profile_background_tile":false,"profile_image_url":"http://pbs.twimg.com/profile_images/865539504458747905/qwR51hMz_normal.jpg","profile_image_url_https":"https://pbs.twimg.com/profile_images/865539504458747905/qwR51hMz_normal.jpg","profile_banner_url":"https://pbs.twimg.com/profile_banners/812263564941541378/1494846876","profile_link_color":"1DA1F2","profile_sidebar_border_color":"C0DEED","profile_sidebar_fill_color":"DDEEF6","profile_text_color":"333333","profile_use_background_image":true,"has_extended_profile":false,"default_profile":true,"default_profile_image":false,"following":false,"follow_request_sent":false,"notifications":false,"translator_type":"none"},"geo":null,"coordinates":null,"place":null,"contributors":null,"is_quote_status":false,"retweet_count":55,"favorite_count":0,"favorited":false,"retweeted":false,"possibly_sensitive":false,"lang":"ja"},{"created_at":"Tue Jul 04 17:30:02 +0000 2017","id":882290418053808100,"id_str":"882290418053808128","text":"オフパコ興味ある人いる？？\n基本夕方以降ひましてます(´・ω・｀)\n\nQRでLINE追加してメッセ下さいー\n\n基本DM見てません(；´Д｀)\nhttps://t.co/xGqITc7ftZ","truncated":false,"entities":{"hashtags":[],"symbols":[],"user_mentions":[],"urls":[],"media":[{"id":857848766732189700,"id_str":"857848766732189696","indices":[71,94],"media_url":"http://pbs.twimg.com/media/C-ew6IQUQAA7AIA.jpg","media_url_https":"https://pbs.twimg.com/media/C-ew6IQUQAA7AIA.jpg","url":"https://t.co/xGqITc7ftZ","display_url":"pic.twitter.com/xGqITc7ftZ","expanded_url":"https://twitter.com/befovec/status/857848785308762112/photo/1","type":"photo","sizes":{"thumb":{"w":150,"h":150,"resize":"crop"},"medium":{"w":580,"h":774,"resize":"fit"},"large":{"w":580,"h":774,"resize":"fit"},"small":{"w":510,"h":680,"resize":"fit"}},"source_status_id":857848785308762100,"source_status_id_str":"857848785308762112","source_user_id":715111575732924400,"source_user_id_str":"715111575732924416"}]},"extended_entities":{"media":[{"id":857848766732189700,"id_str":"857848766732189696","indices":[71,94],"media_url":"http://pbs.twimg.com/media/C-ew6IQUQAA7AIA.jpg","media_url_https":"https://pbs.twimg.com/media/C-ew6IQUQAA7AIA.jpg","url":"https://t.co/xGqITc7ftZ","display_url":"pic.twitter.com/xGqITc7ftZ","expanded_url":"https://twitter.com/befovec/status/857848785308762112/photo/1","type":"photo","sizes":{"thumb":{"w":150,"h":150,"resize":"crop"},"medium":{"w":580,"h":774,"resize":"fit"},"large":{"w":580,"h":774,"resize":"fit"},"small":{"w":510,"h":680,"resize":"fit"}},"source_status_id":857848785308762100,"source_status_id_str":"857848785308762112","source_user_id":715111575732924400,"source_user_id_str":"715111575732924416"},{"id":857848775875874800,"id_str":"857848775875874816","indices":[71,94],"media_url":"http://pbs.twimg.com/media/C-ew6qUV0AAbq1x.jpg","media_url_https":"https://pbs.twimg.com/media/C-ew6qUV0AAbq1x.jpg","url":"https://t.co/xGqITc7ftZ","display_url":"pic.twitter.com/xGqITc7ftZ","expanded_url":"https://twitter.com/befovec/status/857848785308762112/photo/1","type":"photo","sizes":{"small":{"w":360,"h":360,"resize":"fit"},"thumb":{"w":150,"h":150,"resize":"crop"},"medium":{"w":360,"h":360,"resize":"fit"},"large":{"w":360,"h":360,"resize":"fit"}},"source_status_id":857848785308762100,"source_status_id_str":"857848785308762112","source_user_id":715111575732924400,"source_user_id_str":"715111575732924416"}]},"metadata":{"iso_language_code":"ja","result_type":"recent"},"source":"<a href=\"https://twitter.com/\" rel=\"nofollow\">trfgk atgfpm</a>","in_reply_to_status_id":null,"in_reply_to_status_id_str":null,"in_reply_to_user_id":null,"in_reply_to_user_id_str":null,"in_reply_to_screen_name":null,"user":{"id":868742772735434800,"id_str":"868742772735434753","name":"チエ→おふぱこ垢","screen_name":"chieeetm","location":"","description":"♡ディズニー大好き♡JD20( ･Θ･)ゞ　基本的に発情してるんでｗｗオフパコしましょーｗｗｗ←優しくて清潔感ある年上の方で！","url":null,"entities":{"description":{"urls":[]}},"protected":false,"followers_count":81,"friends_count":9,"listed_count":0,"created_at":"Sun May 28 08:16:32 +0000 2017","favourites_count":0,"utc_offset":-25200,"time_zone":"Pacific Time (US & Canada)","geo_enabled":false,"verified":false,"statuses_count":9,"lang":"ja","contributors_enabled":false,"is_translator":false,"is_translation_enabled":false,"profile_background_color":"000000","profile_background_image_url":"http://abs.twimg.com/images/themes/theme1/bg.png","profile_background_image_url_https":"https://abs.twimg.com/images/themes/theme1/bg.png","profile_background_tile":false,"profile_image_url":"http://pbs.twimg.com/profile_images/871649669494915073/W8cB4ycl_normal.jpg","profile_image_url_https":"https://pbs.twimg.com/profile_images/871649669494915073/W8cB4ycl_normal.jpg","profile_link_color":"F58EA8","profile_sidebar_border_color":"000000","profile_sidebar_fill_color":"000000","profile_text_color":"000000","profile_use_background_image":false,"has_extended_profile":false,"default_profile":false,"default_profile_image":false,"following":false,"follow_request_sent":false,"notifications":false,"translator_type":"none"},"geo":null,"coordinates":null,"place":null,"contributors":null,"is_quote_status":false,"retweet_count":57,"favorite_count":0,"favorited":false,"retweeted":false,"possibly_sensitive":false,"lang":"ja"},{"created_at":"Tue Jul 04 17:30:02 +0000 2017","id":882290417974124500,"id_str":"882290417974124544","text":"おふパコできる人いる？ｗ\n興味あったらLINE下さい(´・ω・｀)\n\nLINEQRで追加してー\n基本DM見てません(；´Д｀)\nhttps://t.co/5wZuPZVLUD","truncated":false,"entities":{"hashtags":[],"symbols":[],"user_mentions":[],"urls":[],"media":[{"id":857848717784657900,"id_str":"857848717784657921","indices":[64,87],"media_url":"http://pbs.twimg.com/media/C-ew3R6UMAELBHC.jpg","media_url_https":"https://pbs.twimg.com/media/C-ew3R6UMAELBHC.jpg","url":"https://t.co/5wZuPZVLUD","display_url":"pic.twitter.com/5wZuPZVLUD","expanded_url":"https://twitter.com/befovec/status/857848740098461697/photo/1","type":"photo","sizes":{"small":{"w":360,"h":360,"resize":"fit"},"thumb":{"w":150,"h":150,"resize":"crop"},"medium":{"w":360,"h":360,"resize":"fit"},"large":{"w":360,"h":360,"resize":"fit"}},"source_status_id":857848740098461700,"source_status_id_str":"857848740098461697","source_user_id":715111575732924400,"source_user_id_str":"715111575732924416"}]},"extended_entities":{"media":[{"id":857848717784657900,"id_str":"857848717784657921","indices":[64,87],"media_url":"http://pbs.twimg.com/media/C-ew3R6UMAELBHC.jpg","media_url_https":"https://pbs.twimg.com/media/C-ew3R6UMAELBHC.jpg","url":"https://t.co/5wZuPZVLUD","display_url":"pic.twitter.com/5wZuPZVLUD","expanded_url":"https://twitter.com/befovec/status/857848740098461697/photo/1","type":"photo","sizes":{"small":{"w":360,"h":360,"resize":"fit"},"thumb":{"w":150,"h":150,"resize":"crop"},"medium":{"w":360,"h":360,"resize":"fit"},"large":{"w":360,"h":360,"resize":"fit"}},"source_status_id":857848740098461700,"source_status_id_str":"857848740098461697","source_user_id":715111575732924400,"source_user_id_str":"715111575732924416"},{"id":857848724470485000,"id_str":"857848724470484992","indices":[64,87],"media_url":"http://pbs.twimg.com/media/C-ew3q0V0AAK6d1.jpg","media_url_https":"https://pbs.twimg.com/media/C-ew3q0V0AAK6d1.jpg","url":"https://t.co/5wZuPZVLUD","display_url":"pic.twitter.com/5wZuPZVLUD","expanded_url":"https://twitter.com/befovec/status/857848740098461697/photo/1","type":"photo","sizes":{"thumb":{"w":150,"h":150,"resize":"crop"},"medium":{"w":580,"h":774,"resize":"fit"},"large":{"w":580,"h":774,"resize":"fit"},"small":{"w":510,"h":680,"resize":"fit"}},"source_status_id":857848740098461700,"source_status_id_str":"857848740098461697","source_user_id":715111575732924400,"source_user_id_str":"715111575732924416"}]},"metadata":{"iso_language_code":"ja","result_type":"recent"},"source":"<a href=\"https://twitter.com/\" rel=\"nofollow\">hoxki niewrt</a>","in_reply_to_status_id":null,"in_reply_to_status_id_str":null,"in_reply_to_user_id":null,"in_reply_to_user_id_str":null,"in_reply_to_screen_name":null,"user":{"id":858362104499249200,"id_str":"858362104499249156","name":"ちえ→オフパコ垢","screen_name":"chie_chiiz","location":"","description":"JD20(´・ω・｀)軽いセクロス依存症←おふぱことか興味ありすぎてｗ年上で優しい人いたら誘って(´・ω・｀)","url":null,"entities":{"description":{"urls":[]}},"protected":false,"followers_count":148,"friends_count":7,"listed_count":0,"created_at":"Sat Apr 29 16:47:28 +0000 2017","favourites_count":0,"utc_offset":-25200,"time_zone":"Pacific Time (US & Canada)","geo_enabled":false,"verified":false,"statuses_count":11,"lang":"ja","contributors_enabled":false,"is_translator":false,"is_translation_enabled":false,"profile_background_color":"F5F8FA","profile_background_image_url":null,"profile_background_image_url_https":null,"profile_background_tile":false,"profile_image_url":"http://pbs.twimg.com/profile_images/859040349573988352/9QTuPb_T_normal.jpg","profile_image_url_https":"https://pbs.twimg.com/profile_images/859040349573988352/9QTuPb_T_normal.jpg","profile_link_color":"1DA1F2","profile_sidebar_border_color":"C0DEED","profile_sidebar_fill_color":"DDEEF6","profile_text_color":"333333","profile_use_background_image":true,"has_extended_profile":true,"default_profile":true,"default_profile_image":false,"following":false,"follow_request_sent":false,"notifications":false,"translator_type":"none"},"geo":null,"coordinates":null,"place":null,"contributors":null,"is_quote_status":false,"retweet_count":56,"favorite_count":0,"favorited":false,"retweeted":false,"possibly_sensitive":false,"lang":"ja"},{"created_at":"Tue Jul 04 17:30:02 +0000 2017","id":882290417491886100,"id_str":"882290417491886081","text":"おふぱこ募集なうなう\n\nリアルで絡める人だけLINEして！\nLINEはQRで追加してねー\n\n基本DM見てません(；´Д｀)\nhttps://t.co/6X14R6c4Kr","truncated":false,"entities":{"hashtags":[],"symbols":[],"user_mentions":[],"urls":[],"media":[{"id":857848717784657900,"id_str":"857848717784657921","indices":[62,85],"media_url":"http://pbs.twimg.com/media/C-ew3R6UMAELBHC.jpg","media_url_https":"https://pbs.twimg.com/media/C-ew3R6UMAELBHC.jpg","url":"https://t.co/6X14R6c4Kr","display_url":"pic.twitter.com/6X14R6c4Kr","expanded_url":"https://twitter.com/befovec/status/857848740098461697/photo/1","type":"photo","sizes":{"small":{"w":360,"h":360,"resize":"fit"},"thumb":{"w":150,"h":150,"resize":"crop"},"medium":{"w":360,"h":360,"resize":"fit"},"large":{"w":360,"h":360,"resize":"fit"}},"source_status_id":857848740098461700,"source_status_id_str":"857848740098461697","source_user_id":715111575732924400,"source_user_id_str":"715111575732924416"}]},"extended_entities":{"media":[{"id":857848717784657900,"id_str":"857848717784657921","indices":[62,85],"media_url":"http://pbs.twimg.com/media/C-ew3R6UMAELBHC.jpg","media_url_https":"https://pbs.twimg.com/media/C-ew3R6UMAELBHC.jpg","url":"https://t.co/6X14R6c4Kr","display_url":"pic.twitter.com/6X14R6c4Kr","expanded_url":"https://twitter.com/befovec/status/857848740098461697/photo/1","type":"photo","sizes":{"small":{"w":360,"h":360,"resize":"fit"},"thumb":{"w":150,"h":150,"resize":"crop"},"medium":{"w":360,"h":360,"resize":"fit"},"large":{"w":360,"h":360,"resize":"fit"}},"source_status_id":857848740098461700,"source_status_id_str":"857848740098461697","source_user_id":715111575732924400,"source_user_id_str":"715111575732924416"},{"id":857848724470485000,"id_str":"857848724470484992","indices":[62,85],"media_url":"http://pbs.twimg.com/media/C-ew3q0V0AAK6d1.jpg","media_url_https":"https://pbs.twimg.com/media/C-ew3q0V0AAK6d1.jpg","url":"https://t.co/6X14R6c4Kr","display_url":"pic.twitter.com/6X14R6c4Kr","expanded_url":"https://twitter.com/befovec/status/857848740098461697/photo/1","type":"photo","sizes":{"thumb":{"w":150,"h":150,"resize":"crop"},"medium":{"w":580,"h":774,"resize":"fit"},"large":{"w":580,"h":774,"resize":"fit"},"small":{"w":510,"h":680,"resize":"fit"}},"source_status_id":857848740098461700,"source_status_id_str":"857848740098461697","source_user_id":715111575732924400,"source_user_id_str":"715111575732924416"}]},"metadata":{"iso_language_code":"ja","result_type":"recent"},"source":"<a href=\"https://twitter.com/\" rel=\"nofollow\">dhsu asjisa</a>","in_reply_to_status_id":null,"in_reply_to_status_id_str":null,"in_reply_to_user_id":null,"in_reply_to_user_id_str":null,"in_reply_to_screen_name":null,"user":{"id":855703966608277500,"id_str":"855703966608277504","name":"ちえ→おふパコ垢","screen_name":"chie_chimm","location":"","description":"JD20( ･Θ･)ゞ基本的に発情してるんでｗｗオフパコしましょーｗｗｗ年上で優しい人いたら誘って←","url":null,"entities":{"description":{"urls":[]}},"protected":false,"followers_count":196,"friends_count":7,"listed_count":0,"created_at":"Sat Apr 22 08:44:58 +0000 2017","favourites_count":0,"utc_offset":-25200,"time_zone":"Pacific Time (US & Canada)","geo_enabled":false,"verified":false,"statuses_count":8,"lang":"ja","contributors_enabled":false,"is_translator":false,"is_translation_enabled":false,"profile_background_color":"F5F8FA","profile_background_image_url":null,"profile_background_image_url_https":null,"profile_background_tile":false,"profile_image_url":"http://pbs.twimg.com/profile_images/857173434056495104/Rm80RxDe_normal.jpg","profile_image_url_https":"https://pbs.twimg.com/profile_images/857173434056495104/Rm80RxDe_normal.jpg","profile_link_color":"1DA1F2","profile_sidebar_border_color":"C0DEED","profile_sidebar_fill_color":"DDEEF6","profile_text_color":"333333","profile_use_background_image":true,"has_extended_profile":true,"default_profile":true,"default_profile_image":false,"following":false,"follow_request_sent":false,"notifications":false,"translator_type":"none"},"geo":null,"coordinates":null,"place":null,"contributors":null,"is_quote_status":false,"retweet_count":57,"favorite_count":0,"favorited":false,"retweeted":false,"possibly_sensitive":false,"lang":"ja"},{"created_at":"Tue Jul 04 17:30:02 +0000 2017","id":882290417122787300,"id_str":"882290417122787328","text":"暇してる人いるかな？\nオフパコ興味あるー？♥♥\n\n絡み希望の人はLINEでメッセ送ってね(●・ω・●)\nhttps://t.co/q91sF6YeLG","truncated":false,"entities":{"hashtags":[],"symbols":[],"user_mentions":[],"urls":[],"media":[{"id":881713116613976000,"id_str":"881713116613976064","indices":[52,75],"media_url":"http://pbs.twimg.com/media/DDx5aHWUIAAofSr.jpg","media_url_https":"https://pbs.twimg.com/media/DDx5aHWUIAAofSr.jpg","url":"https://t.co/q91sF6YeLG","display_url":"pic.twitter.com/q91sF6YeLG","expanded_url":"https://twitter.com/dubamub/status/881713148885057536/photo/1","type":"photo","sizes":{"thumb":{"w":150,"h":150,"resize":"crop"},"large":{"w":580,"h":435,"resize":"fit"},"small":{"w":580,"h":435,"resize":"fit"},"medium":{"w":580,"h":435,"resize":"fit"}},"source_status_id":881713148885057500,"source_status_id_str":"881713148885057536","source_user_id":715112866525806600,"source_user_id_str":"715112866525806592"}]},"extended_entities":{"media":[{"id":881713116613976000,"id_str":"881713116613976064","indices":[52,75],"media_url":"http://pbs.twimg.com/media/DDx5aHWUIAAofSr.jpg","media_url_https":"https://pbs.twimg.com/media/DDx5aHWUIAAofSr.jpg","url":"https://t.co/q91sF6YeLG","display_url":"pic.twitter.com/q91sF6YeLG","expanded_url":"https://twitter.com/dubamub/status/881713148885057536/photo/1","type":"photo","sizes":{"thumb":{"w":150,"h":150,"resize":"crop"},"large":{"w":580,"h":435,"resize":"fit"},"small":{"w":580,"h":435,"resize":"fit"},"medium":{"w":580,"h":435,"resize":"fit"}},"source_status_id":881713148885057500,"source_status_id_str":"881713148885057536","source_user_id":715112866525806600,"source_user_id_str":"715112866525806592"},{"id":881713128207024100,"id_str":"881713128207024129","indices":[52,75],"media_url":"http://pbs.twimg.com/media/DDx5ayiUAAEDwkP.jpg","media_url_https":"https://pbs.twimg.com/media/DDx5ayiUAAEDwkP.jpg","url":"https://t.co/q91sF6YeLG","display_url":"pic.twitter.com/q91sF6YeLG","expanded_url":"https://twitter.com/dubamub/status/881713148885057536/photo/1","type":"photo","sizes":{"small":{"w":360,"h":360,"resize":"fit"},"medium":{"w":360,"h":360,"resize":"fit"},"thumb":{"w":150,"h":150,"resize":"crop"},"large":{"w":360,"h":360,"resize":"fit"}},"source_status_id":881713148885057500,"source_status_id_str":"881713148885057536","source_user_id":715112866525806600,"source_user_id_str":"715112866525806592"},{"id":881713141754626000,"id_str":"881713141754626049","indices":[52,75],"media_url":"http://pbs.twimg.com/media/DDx5blAUAAEP4qO.jpg","media_url_https":"https://pbs.twimg.com/media/DDx5blAUAAEP4qO.jpg","url":"https://t.co/q91sF6YeLG","display_url":"pic.twitter.com/q91sF6YeLG","expanded_url":"https://twitter.com/dubamub/status/881713148885057536/photo/1","type":"photo","sizes":{"thumb":{"w":150,"h":150,"resize":"crop"},"large":{"w":580,"h":435,"resize":"fit"},"small":{"w":580,"h":435,"resize":"fit"},"medium":{"w":580,"h":435,"resize":"fit"}},"source_status_id":881713148885057500,"source_status_id_str":"881713148885057536","source_user_id":715112866525806600,"source_user_id_str":"715112866525806592"}]},"metadata":{"iso_language_code":"ja","result_type":"recent"},"source":"<a href=\"https://twitter.com/\" rel=\"nofollow\">eftwf ewyfgui</a>","in_reply_to_status_id":null,"in_reply_to_status_id_str":null,"in_reply_to_user_id":null,"in_reply_to_user_id_str":null,"in_reply_to_screen_name":null,"user":{"id":854772975366684700,"id_str":"854772975366684672","name":"いろは@おふぱこ","screen_name":"i_rohano","location":"","description":"オフパコ募集垢←興味ある人いますか(●・ω・●)？彼氏とかいりません！相性良ければセフでも💕セクロスはスポーツ(*`・ω・)ですｗ","url":null,"entities":{"description":{"urls":[]}},"protected":false,"followers_count":215,"friends_count":8,"listed_count":0,"created_at":"Wed Apr 19 19:05:33 +0000 2017","favourites_count":0,"utc_offset":-25200,"time_zone":"Pacific Time (US & Canada)","geo_enabled":false,"verified":false,"statuses_count":13,"lang":"ja","contributors_enabled":false,"is_translator":false,"is_translation_enabled":false,"profile_background_color":"F5F8FA","profile_background_image_url":null,"profile_background_image_url_https":null,"profile_background_tile":false,"profile_image_url":"http://pbs.twimg.com/profile_images/879976659130044417/OtEPqQ0n_normal.jpg","profile_image_url_https":"https://pbs.twimg.com/profile_images/879976659130044417/OtEPqQ0n_normal.jpg","profile_banner_url":"https://pbs.twimg.com/profile_banners/854772975366684672/1498637782","profile_link_color":"1DA1F2","profile_sidebar_border_color":"C0DEED","profile_sidebar_fill_color":"DDEEF6","profile_text_color":"333333","profile_use_background_image":true,"has_extended_profile":false,"default_profile":true,"default_profile_image":false,"following":false,"follow_request_sent":false,"notifications":false,"translator_type":"none"},"geo":null,"coordinates":null,"place":null,"contributors":null,"is_quote_status":false,"retweet_count":47,"favorite_count":1,"favorited":false,"retweeted":false,"possibly_sensitive":false,"lang":"ja"},{"created_at":"Tue Jul 04 17:30:02 +0000 2017","id":882290417110097900,"id_str":"882290417110097920","text":"オフパコできる人いる？ｗ\n興味あったらとりまLINE下さい(●・ω・●)\nhttps://t.co/vI1XKRPtmd","truncated":false,"entities":{"hashtags":[],"symbols":[],"user_mentions":[],"urls":[],"media":[{"id":881713173170081800,"id_str":"881713173170081792","indices":[37,60],"media_url":"http://pbs.twimg.com/media/DDx5daCV0AAKKsi.jpg","media_url_https":"https://pbs.twimg.com/media/DDx5daCV0AAKKsi.jpg","url":"https://t.co/vI1XKRPtmd","display_url":"pic.twitter.com/vI1XKRPtmd","expanded_url":"https://twitter.com/dubamub/status/881713205113782272/photo/1","type":"photo","sizes":{"thumb":{"w":150,"h":150,"resize":"crop"},"large":{"w":580,"h":435,"resize":"fit"},"small":{"w":580,"h":435,"resize":"fit"},"medium":{"w":580,"h":435,"resize":"fit"}},"source_status_id":881713205113782300,"source_status_id_str":"881713205113782272","source_user_id":715112866525806600,"source_user_id_str":"715112866525806592"}]},"extended_entities":{"media":[{"id":881713173170081800,"id_str":"881713173170081792","indices":[37,60],"media_url":"http://pbs.twimg.com/media/DDx5daCV0AAKKsi.jpg","media_url_https":"https://pbs.twimg.com/media/DDx5daCV0AAKKsi.jpg","url":"https://t.co/vI1XKRPtmd","display_url":"pic.twitter.com/vI1XKRPtmd","expanded_url":"https://twitter.com/dubamub/status/881713205113782272/photo/1","type":"photo","sizes":{"thumb":{"w":150,"h":150,"resize":"crop"},"large":{"w":580,"h":435,"resize":"fit"},"small":{"w":580,"h":435,"resize":"fit"},"medium":{"w":580,"h":435,"resize":"fit"}},"source_status_id":881713205113782300,"source_status_id_str":"881713205113782272","source_user_id":715112866525806600,"source_user_id_str":"715112866525806592"},{"id":881713185874628600,"id_str":"881713185874628609","indices":[37,60],"media_url":"http://pbs.twimg.com/media/DDx5eJXV0AEOV3X.jpg","media_url_https":"https://pbs.twimg.com/media/DDx5eJXV0AEOV3X.jpg","url":"https://t.co/vI1XKRPtmd","display_url":"pic.twitter.com/vI1XKRPtmd","expanded_url":"https://twitter.com/dubamub/status/881713205113782272/photo/1","type":"photo","sizes":{"large":{"w":580,"h":773,"resize":"fit"},"thumb":{"w":150,"h":150,"resize":"crop"},"medium":{"w":580,"h":773,"resize":"fit"},"small":{"w":510,"h":680,"resize":"fit"}},"source_status_id":881713205113782300,"source_status_id_str":"881713205113782272","source_user_id":715112866525806600,"source_user_id_str":"715112866525806592"},{"id":881713195911585800,"id_str":"881713195911585792","indices":[37,60],"media_url":"http://pbs.twimg.com/media/DDx5euwVoAAvY3c.jpg","media_url_https":"https://pbs.twimg.com/media/DDx5euwVoAAvY3c.jpg","url":"https://t.co/vI1XKRPtmd","display_url":"pic.twitter.com/vI1XKRPtmd","expanded_url":"https://twitter.com/dubamub/status/881713205113782272/photo/1","type":"photo","sizes":{"small":{"w":360,"h":360,"resize":"fit"},"medium":{"w":360,"h":360,"resize":"fit"},"thumb":{"w":150,"h":150,"resize":"crop"},"large":{"w":360,"h":360,"resize":"fit"}},"source_status_id":881713205113782300,"source_status_id_str":"881713205113782272","source_user_id":715112866525806600,"source_user_id_str":"715112866525806592"}]},"metadata":{"iso_language_code":"ja","result_type":"recent"},"source":"<a href=\"https://twitter.com/\" rel=\"nofollow\">dfuef yyywpm</a>","in_reply_to_status_id":null,"in_reply_to_status_id_str":null,"in_reply_to_user_id":null,"in_reply_to_user_id_str":null,"in_reply_to_screen_name":null,"user":{"id":856418469385969700,"id_str":"856418469385969666","name":"いろは@おふぱこ募集","screen_name":"irohharo","location":"","description":"オフパコ募集垢←興味ある人いますか(●・ω・●)？彼氏とかいりません！相性良ければセフでも💕セクロスはスポーツ(*`・ω・)ですｗ","url":null,"entities":{"description":{"urls":[]}},"protected":false,"followers_count":150,"friends_count":8,"listed_count":0,"created_at":"Mon Apr 24 08:04:09 +0000 2017","favourites_count":0,"utc_offset":-25200,"time_zone":"Pacific Time (US & Canada)","geo_enabled":false,"verified":false,"statuses_count":11,"lang":"ja","contributors_enabled":false,"is_translator":false,"is_translation_enabled":false,"profile_background_color":"F5F8FA","profile_background_image_url":null,"profile_background_image_url_https":null,"profile_background_tile":false,"profile_image_url":"http://pbs.twimg.com/profile_images/879982257984872448/MI8KqjBo_normal.jpg","profile_image_url_https":"https://pbs.twimg.com/profile_images/879982257984872448/MI8KqjBo_normal.jpg","profile_banner_url":"https://pbs.twimg.com/profile_banners/856418469385969666/1498639109","profile_link_color":"1DA1F2","profile_sidebar_border_color":"C0DEED","profile_sidebar_fill_color":"DDEEF6","profile_text_color":"333333","profile_use_background_image":true,"has_extended_profile":false,"default_profile":true,"default_profile_image":false,"following":false,"follow_request_sent":false,"notifications":false,"translator_type":"none"},"geo":null,"coordinates":null,"place":null,"contributors":null,"is_quote_status":false,"retweet_count":48,"favorite_count":1,"favorited":false,"retweeted":false,"possibly_sensitive":false,"lang":"ja"},{"created_at":"Tue Jul 04 17:30:02 +0000 2017","id":882290417051476000,"id_str":"882290417051475968","text":"オフパコ興味ある人いる？？\n基本夕方以降ひましてます(´・ω・｀)\n\nQRでLINE追加してメッセ下さいー\n\n基本DM見てません(；´Д｀)\nhttps://t.co/sWylydQbAx","truncated":false,"entities":{"hashtags":[],"symbols":[],"user_mentions":[],"urls":[],"media":[{"id":857848766732189700,"id_str":"857848766732189696","indices":[71,94],"media_url":"http://pbs.twimg.com/media/C-ew6IQUQAA7AIA.jpg","media_url_https":"https://pbs.twimg.com/media/C-ew6IQUQAA7AIA.jpg","url":"https://t.co/sWylydQbAx","display_url":"pic.twitter.com/sWylydQbAx","expanded_url":"https://twitter.com/befovec/status/857848785308762112/photo/1","type":"photo","sizes":{"thumb":{"w":150,"h":150,"resize":"crop"},"medium":{"w":580,"h":774,"resize":"fit"},"large":{"w":580,"h":774,"resize":"fit"},"small":{"w":510,"h":680,"resize":"fit"}},"source_status_id":857848785308762100,"source_status_id_str":"857848785308762112","source_user_id":715111575732924400,"source_user_id_str":"715111575732924416"}]},"extended_entities":{"media":[{"id":857848766732189700,"id_str":"857848766732189696","indices":[71,94],"media_url":"http://pbs.twimg.com/media/C-ew6IQUQAA7AIA.jpg","media_url_https":"https://pbs.twimg.com/media/C-ew6IQUQAA7AIA.jpg","url":"https://t.co/sWylydQbAx","display_url":"pic.twitter.com/sWylydQbAx","expanded_url":"https://twitter.com/befovec/status/857848785308762112/photo/1","type":"photo","sizes":{"thumb":{"w":150,"h":150,"resize":"crop"},"medium":{"w":580,"h":774,"resize":"fit"},"large":{"w":580,"h":774,"resize":"fit"},"small":{"w":510,"h":680,"resize":"fit"}},"source_status_id":857848785308762100,"source_status_id_str":"857848785308762112","source_user_id":715111575732924400,"source_user_id_str":"715111575732924416"},{"id":857848775875874800,"id_str":"857848775875874816","indices":[71,94],"media_url":"http://pbs.twimg.com/media/C-ew6qUV0AAbq1x.jpg","media_url_https":"https://pbs.twimg.com/media/C-ew6qUV0AAbq1x.jpg","url":"https://t.co/sWylydQbAx","display_url":"pic.twitter.com/sWylydQbAx","expanded_url":"https://twitter.com/befovec/status/857848785308762112/photo/1","type":"photo","sizes":{"small":{"w":360,"h":360,"resize":"fit"},"thumb":{"w":150,"h":150,"resize":"crop"},"medium":{"w":360,"h":360,"resize":"fit"},"large":{"w":360,"h":360,"resize":"fit"}},"source_status_id":857848785308762100,"source_status_id_str":"857848785308762112","source_user_id":715111575732924400,"source_user_id_str":"715111575732924416"}]},"metadata":{"iso_language_code":"ja","result_type":"recent"},"source":"<a href=\"https://twitter.com/\" rel=\"nofollow\">iouuu taaaas</a>","in_reply_to_status_id":null,"in_reply_to_status_id_str":null,"in_reply_to_user_id":null,"in_reply_to_user_id_str":null,"in_reply_to_screen_name":null,"user":{"id":856454584084058100,"id_str":"856454584084058112","name":"チエ☻*おふぱこ垢","screen_name":"chiie_offpaco","location":"","description":"JD20(´・ω・｀)軽いセクロス依存症←おふぱことか興味ありすぎてｗ年上で優しい人いたら誘って(´・ω・｀)","url":null,"entities":{"description":{"urls":[]}},"protected":false,"followers_count":225,"friends_count":7,"listed_count":0,"created_at":"Mon Apr 24 10:27:39 +0000 2017","favourites_count":0,"utc_offset":-25200,"time_zone":"Pacific Time (US & Canada)","geo_enabled":false,"verified":false,"statuses_count":9,"lang":"ja","contributors_enabled":false,"is_translator":false,"is_translation_enabled":false,"profile_background_color":"F5F8FA","profile_background_image_url":null,"profile_background_image_url_https":null,"profile_background_tile":false,"profile_image_url":"http://pbs.twimg.com/profile_images/856849027362684932/a_1nKq_Y_normal.jpg","profile_image_url_https":"https://pbs.twimg.com/profile_images/856849027362684932/a_1nKq_Y_normal.jpg","profile_link_color":"1DA1F2","profile_sidebar_border_color":"C0DEED","profile_sidebar_fill_color":"DDEEF6","profile_text_color":"333333","profile_use_background_image":true,"has_extended_profile":false,"default_profile":true,"default_profile_image":false,"following":false,"follow_request_sent":false,"notifications":false,"translator_type":"none"},"geo":null,"coordinates":null,"place":null,"contributors":null,"is_quote_status":false,"retweet_count":55,"favorite_count":0,"favorited":false,"retweeted":false,"possibly_sensitive":false,"lang":"ja"},{"created_at":"Tue Jul 04 17:30:02 +0000 2017","id":882290416799830000,"id_str":"882290416799830016","text":"おふパコできる人いる？ｗ\n興味あったらLINE下さい(´・ω・｀)\n\nLINEQRで追加してー\n基本DM見てません(；´Д｀)\nhttps://t.co/z2UzUrv3i3","truncated":false,"entities":{"hashtags":[],"symbols":[],"user_mentions":[],"urls":[],"media":[{"id":857848717784657900,"id_str":"857848717784657921","indices":[64,87],"media_url":"http://pbs.twimg.com/media/C-ew3R6UMAELBHC.jpg","media_url_https":"https://pbs.twimg.com/media/C-ew3R6UMAELBHC.jpg","url":"https://t.co/z2UzUrv3i3","display_url":"pic.twitter.com/z2UzUrv3i3","expanded_url":"https://twitter.com/befovec/status/857848740098461697/photo/1","type":"photo","sizes":{"small":{"w":360,"h":360,"resize":"fit"},"thumb":{"w":150,"h":150,"resize":"crop"},"medium":{"w":360,"h":360,"resize":"fit"},"large":{"w":360,"h":360,"resize":"fit"}},"source_status_id":857848740098461700,"source_status_id_str":"857848740098461697","source_user_id":715111575732924400,"source_user_id_str":"715111575732924416"}]},"extended_entities":{"media":[{"id":857848717784657900,"id_str":"857848717784657921","indices":[64,87],"media_url":"http://pbs.twimg.com/media/C-ew3R6UMAELBHC.jpg","media_url_https":"https://pbs.twimg.com/media/C-ew3R6UMAELBHC.jpg","url":"https://t.co/z2UzUrv3i3","display_url":"pic.twitter.com/z2UzUrv3i3","expanded_url":"https://twitter.com/befovec/status/857848740098461697/photo/1","type":"photo","sizes":{"small":{"w":360,"h":360,"resize":"fit"},"thumb":{"w":150,"h":150,"resize":"crop"},"medium":{"w":360,"h":360,"resize":"fit"},"large":{"w":360,"h":360,"resize":"fit"}},"source_status_id":857848740098461700,"source_status_id_str":"857848740098461697","source_user_id":715111575732924400,"source_user_id_str":"715111575732924416"},{"id":857848724470485000,"id_str":"857848724470484992","indices":[64,87],"media_url":"http://pbs.twimg.com/media/C-ew3q0V0AAK6d1.jpg","media_url_https":"https://pbs.twimg.com/media/C-ew3q0V0AAK6d1.jpg","url":"https://t.co/z2UzUrv3i3","display_url":"pic.twitter.com/z2UzUrv3i3","expanded_url":"https://twitter.com/befovec/status/857848740098461697/photo/1","type":"photo","sizes":{"thumb":{"w":150,"h":150,"resize":"crop"},"medium":{"w":580,"h":774,"resize":"fit"},"large":{"w":580,"h":774,"resize":"fit"},"small":{"w":510,"h":680,"resize":"fit"}},"source_status_id":857848740098461700,"source_status_id_str":"857848740098461697","source_user_id":715111575732924400,"source_user_id_str":"715111575732924416"}]},"metadata":{"iso_language_code":"ja","result_type":"recent"},"source":"<a href=\"https://twitter.com/\" rel=\"nofollow\">uxasi wavyu</a>","in_reply_to_status_id":null,"in_reply_to_status_id_str":null,"in_reply_to_user_id":null,"in_reply_to_user_id_str":null,"in_reply_to_screen_name":null,"user":{"id":858686818979467300,"id_str":"858686818979467264","name":"ちえ♥オフパコ垢","screen_name":"chie_chiepi","location":"","description":"JD20( ･Θ･)ゞ基本的に発情してるんでｗｗオフパコしましょーｗｗｗ←優しくて清潔感ある年上の方で！","url":null,"entities":{"description":{"urls":[]}},"protected":false,"followers_count":130,"friends_count":7,"listed_count":0,"created_at":"Sun Apr 30 14:17:46 +0000 2017","favourites_count":0,"utc_offset":-25200,"time_zone":"Pacific Time (US & Canada)","geo_enabled":false,"verified":false,"statuses_count":9,"lang":"ja","contributors_enabled":false,"is_translator":false,"is_translation_enabled":false,"profile_background_color":"F5F8FA","profile_background_image_url":null,"profile_background_image_url_https":null,"profile_background_tile":false,"profile_image_url":"http://pbs.twimg.com/profile_images/859344126759899136/DEbNe-FF_normal.jpg","profile_image_url_https":"https://pbs.twimg.com/profile_images/859344126759899136/DEbNe-FF_normal.jpg","profile_link_color":"1DA1F2","profile_sidebar_border_color":"C0DEED","profile_sidebar_fill_color":"DDEEF6","profile_text_color":"333333","profile_use_background_image":true,"has_extended_profile":true,"default_profile":true,"default_profile_image":false,"following":false,"follow_request_sent":false,"notifications":false,"translator_type":"none"},"geo":null,"coordinates":null,"place":null,"contributors":null,"is_quote_status":false,"retweet_count":57,"favorite_count":0,"favorited":false,"retweeted":false,"possibly_sensitive":false,"lang":"ja"},{"created_at":"Tue Jul 04 17:30:02 +0000 2017","id":882290416644571100,"id_str":"882290416644571136","text":"見せるのも見るのもどっちも好き♡♡\nLINEくれたら写メ送るよ♥\n\n#裏垢女子\n#見せ合い募集なう\nhttps://t.co/7JNhyTcirG","truncated":false,"entities":{"hashtags":[{"text":"裏垢女子","indices":[34,39]},{"text":"見せ合い募集なう","indices":[40,49]}],"symbols":[],"user_mentions":[],"urls":[],"media":[{"id":863353878326132700,"id_str":"863353878326132738","indices":[50,73],"media_url":"http://pbs.twimg.com/media/C_s_xzEVwAI3Vze.jpg","media_url_https":"https://pbs.twimg.com/media/C_s_xzEVwAI3Vze.jpg","url":"https://t.co/7JNhyTcirG","display_url":"pic.twitter.com/7JNhyTcirG","expanded_url":"https://twitter.com/dubamub/status/863353936417181697/photo/1","type":"photo","sizes":{"thumb":{"w":150,"h":150,"resize":"crop"},"large":{"w":580,"h":435,"resize":"fit"},"small":{"w":580,"h":435,"resize":"fit"},"medium":{"w":580,"h":435,"resize":"fit"}},"source_status_id":863353936417181700,"source_status_id_str":"863353936417181697","source_user_id":715112866525806600,"source_user_id_str":"715112866525806592"}]},"extended_entities":{"media":[{"id":863353878326132700,"id_str":"863353878326132738","indices":[50,73],"media_url":"http://pbs.twimg.com/media/C_s_xzEVwAI3Vze.jpg","media_url_https":"https://pbs.twimg.com/media/C_s_xzEVwAI3Vze.jpg","url":"https://t.co/7JNhyTcirG","display_url":"pic.twitter.com/7JNhyTcirG","expanded_url":"https://twitter.com/dubamub/status/863353936417181697/photo/1","type":"photo","sizes":{"thumb":{"w":150,"h":150,"resize":"crop"},"large":{"w":580,"h":435,"resize":"fit"},"small":{"w":580,"h":435,"resize":"fit"},"medium":{"w":580,"h":435,"resize":"fit"}},"source_status_id":863353936417181700,"source_status_id_str":"863353936417181697","source_user_id":715112866525806600,"source_user_id_str":"715112866525806592"},{"id":863353902162296800,"id_str":"863353902162296833","indices":[50,73],"media_url":"http://pbs.twimg.com/media/C_s_zL3UwAESefY.jpg","media_url_https":"https://pbs.twimg.com/media/C_s_zL3UwAESefY.jpg","url":"https://t.co/7JNhyTcirG","display_url":"pic.twitter.com/7JNhyTcirG","expanded_url":"https://twitter.com/dubamub/status/863353936417181697/photo/1","type":"photo","sizes":{"thumb":{"w":150,"h":150,"resize":"crop"},"large":{"w":580,"h":435,"resize":"fit"},"small":{"w":580,"h":435,"resize":"fit"},"medium":{"w":580,"h":435,"resize":"fit"}},"source_status_id":863353936417181700,"source_status_id_str":"863353936417181697","source_user_id":715112866525806600,"source_user_id_str":"715112866525806592"},{"id":863353911754629100,"id_str":"863353911754629120","indices":[50,73],"media_url":"http://pbs.twimg.com/media/C_s_zvmUIAASR8M.jpg","media_url_https":"https://pbs.twimg.com/media/C_s_zvmUIAASR8M.jpg","url":"https://t.co/7JNhyTcirG","display_url":"pic.twitter.com/7JNhyTcirG","expanded_url":"https://twitter.com/dubamub/status/863353936417181697/photo/1","type":"photo","sizes":{"small":{"w":360,"h":360,"resize":"fit"},"medium":{"w":360,"h":360,"resize":"fit"},"thumb":{"w":150,"h":150,"resize":"crop"},"large":{"w":360,"h":360,"resize":"fit"}},"source_status_id":863353936417181700,"source_status_id_str":"863353936417181697","source_user_id":715112866525806600,"source_user_id_str":"715112866525806592"}]},"metadata":{"iso_language_code":"ja","result_type":"recent"},"source":"<a href=\"https://twitter.com/\" rel=\"nofollow\">jjj uujuhuc</a>","in_reply_to_status_id":null,"in_reply_to_status_id_str":null,"in_reply_to_user_id":null,"in_reply_to_user_id_str":null,"in_reply_to_screen_name":null,"user":{"id":798395293754658800,"id_str":"798395293754658816","name":"みゆ✿見せあい募集垢","screen_name":"miyu_pya","location":"","description":"いわゆる裏垢女子💕おぱーい晒して喜んでます笑💕ぇち動画欲しい人📸見せあいしたい人LINEしてね〜💕ふぉろー貰えると喜びます ✨✨ ※DM基本見てません💦","url":null,"entities":{"description":{"urls":[]}},"protected":false,"followers_count":1642,"friends_count":1058,"listed_count":5,"created_at":"Tue Nov 15 05:20:46 +0000 2016","favourites_count":0,"utc_offset":-25200,"time_zone":"Pacific Time (US & Canada)","geo_enabled":false,"verified":false,"statuses_count":23,"lang":"ja","contributors_enabled":false,"is_translator":false,"is_translation_enabled":false,"profile_background_color":"F5F8FA","profile_background_image_url":null,"profile_background_image_url_https":null,"profile_background_tile":false,"profile_image_url":"http://pbs.twimg.com/profile_images/863335116906536961/7sjUUsG__normal.jpg","profile_image_url_https":"https://pbs.twimg.com/profile_images/863335116906536961/7sjUUsG__normal.jpg","profile_banner_url":"https://pbs.twimg.com/profile_banners/798395293754658816/1494670694","profile_link_color":"1DA1F2","profile_sidebar_border_color":"C0DEED","profile_sidebar_fill_color":"DDEEF6","profile_text_color":"333333","profile_use_background_image":true,"has_extended_profile":false,"default_profile":true,"default_profile_image":false,"following":false,"follow_request_sent":false,"notifications":false,"translator_type":"none"},"geo":null,"coordinates":null,"place":null,"contributors":null,"is_quote_status":false,"retweet_count":55,"favorite_count":0,"favorited":false,"retweeted":false,"possibly_sensitive":false,"lang":"ja"},{"created_at":"Tue Jul 04 17:30:02 +0000 2017","id":882290416363622400,"id_str":"882290416363622401","text":"オフパコ興味ある人いる？？\n基本夕方以降ひましてます(´・ω・｀)\n\nQRでLINE追加してメッセ下さいー\n\n基本DM見てません(；´Д｀)\nhttps://t.co/gptbsjnEye","truncated":false,"entities":{"hashtags":[],"symbols":[],"user_mentions":[],"urls":[],"media":[{"id":857848766732189700,"id_str":"857848766732189696","indices":[71,94],"media_url":"http://pbs.twimg.com/media/C-ew6IQUQAA7AIA.jpg","media_url_https":"https://pbs.twimg.com/media/C-ew6IQUQAA7AIA.jpg","url":"https://t.co/gptbsjnEye","display_url":"pic.twitter.com/gptbsjnEye","expanded_url":"https://twitter.com/befovec/status/857848785308762112/photo/1","type":"photo","sizes":{"thumb":{"w":150,"h":150,"resize":"crop"},"medium":{"w":580,"h":774,"resize":"fit"},"large":{"w":580,"h":774,"resize":"fit"},"small":{"w":510,"h":680,"resize":"fit"}},"source_status_id":857848785308762100,"source_status_id_str":"857848785308762112","source_user_id":715111575732924400,"source_user_id_str":"715111575732924416"}]},"extended_entities":{"media":[{"id":857848766732189700,"id_str":"857848766732189696","indices":[71,94],"media_url":"http://pbs.twimg.com/media/C-ew6IQUQAA7AIA.jpg","media_url_https":"https://pbs.twimg.com/media/C-ew6IQUQAA7AIA.jpg","url":"https://t.co/gptbsjnEye","display_url":"pic.twitter.com/gptbsjnEye","expanded_url":"https://twitter.com/befovec/status/857848785308762112/photo/1","type":"photo","sizes":{"thumb":{"w":150,"h":150,"resize":"crop"},"medium":{"w":580,"h":774,"resize":"fit"},"large":{"w":580,"h":774,"resize":"fit"},"small":{"w":510,"h":680,"resize":"fit"}},"source_status_id":857848785308762100,"source_status_id_str":"857848785308762112","source_user_id":715111575732924400,"source_user_id_str":"715111575732924416"},{"id":857848775875874800,"id_str":"857848775875874816","indices":[71,94],"media_url":"http://pbs.twimg.com/media/C-ew6qUV0AAbq1x.jpg","media_url_https":"https://pbs.twimg.com/media/C-ew6qUV0AAbq1x.jpg","url":"https://t.co/gptbsjnEye","display_url":"pic.twitter.com/gptbsjnEye","expanded_url":"https://twitter.com/befovec/status/857848785308762112/photo/1","type":"photo","sizes":{"small":{"w":360,"h":360,"resize":"fit"},"thumb":{"w":150,"h":150,"resize":"crop"},"medium":{"w":360,"h":360,"resize":"fit"},"large":{"w":360,"h":360,"resize":"fit"}},"source_status_id":857848785308762100,"source_status_id_str":"857848785308762112","source_user_id":715111575732924400,"source_user_id_str":"715111575732924416"}]},"metadata":{"iso_language_code":"ja","result_type":"recent"},"source":"<a href=\"https://twitter.com/\" rel=\"nofollow\">adkon xwyuu</a>","in_reply_to_status_id":null,"in_reply_to_status_id_str":null,"in_reply_to_user_id":null,"in_reply_to_user_id_str":null,"in_reply_to_screen_name":null,"user":{"id":869431041341087700,"id_str":"869431041341087744","name":"ちえ→おふパコ垢","screen_name":"chi_chiiee","location":"","description":"JD20( ･Θ･)ゞ基本的に発情してるんでｗｗオフパコしましょーｗｗｗ年上で優しい人いたら誘って←","url":null,"entities":{"description":{"urls":[]}},"protected":false,"followers_count":81,"friends_count":9,"listed_count":0,"created_at":"Tue May 30 05:51:28 +0000 2017","favourites_count":0,"utc_offset":-25200,"time_zone":"Pacific Time (US & Canada)","geo_enabled":false,"verified":false,"statuses_count":9,"lang":"ja","contributors_enabled":false,"is_translator":false,"is_translation_enabled":false,"profile_background_color":"F5F8FA","profile_background_image_url":null,"profile_background_image_url_https":null,"profile_background_tile":false,"profile_image_url":"http://pbs.twimg.com/profile_images/869873882206842881/oiuK5igs_normal.jpg","profile_image_url_https":"https://pbs.twimg.com/profile_images/869873882206842881/oiuK5igs_normal.jpg","profile_link_color":"1DA1F2","profile_sidebar_border_color":"C0DEED","profile_sidebar_fill_color":"DDEEF6","profile_text_color":"333333","profile_use_background_image":true,"has_extended_profile":true,"default_profile":true,"default_profile_image":false,"following":false,"follow_request_sent":false,"notifications":false,"translator_type":"none"},"geo":null,"coordinates":null,"place":null,"contributors":null,"is_quote_status":false,"retweet_count":57,"favorite_count":0,"favorited":false,"retweeted":false,"possibly_sensitive":false,"lang":"ja"}],"search_metadata":{"completed_in":0.067,"max_id":882291918167834600,"max_id_str":"882291918167834624","next_results":"?max_id=882290416363622400&q=lang%3Aja%20min_retweets%3A50&include_entities=1","query":"lang%3Aja+min_retweets%3A50","refresh_url":"?since_id=882291918167834624&q=lang%3Aja%20min_retweets%3A50&include_entities=1","count":15,"since_id":0,"since_id_str":"0"}}