{"statuses":[{"created_at":"Thu Jul 13 07:02:29 +0000 2017","id":885393979818164200,"id_str":"885393979818164224","text":"いろんな事楽しくやりたいだけなのに！！！！！！！！\n単純な事って凄い難しいよね(&gt;_&gt;)","truncated":false,"entities":{"hashtags":[],"symbols":[],"user_mentions":[],"urls":[]},"metadata":{"iso_language_code":"ja","result_type":"recent"},"source":"<a href=\"http://twitter.com/download/iphone\" rel=\"nofollow\">Twitter for iPhone</a>","in_reply_to_status_id":null,"in_reply_to_status_id_str":null,"in_reply_to_user_id":null,"in_reply_to_user_id_str":null,"in_reply_to_screen_name":null,"user":{"id":160560121,"id_str":"160560121","name":"マホト","screen_name":"MAHOTONNN","location":"仲間家、カイワレハンマー","description":"清純派YouTuber。全国ツアー中。4thアルバム「BegInner2」発売中。フォトブック「にゃにゃにゃの本」発売中。REBERTASというブランドやってます。BEMA名義でラップしてます。リプ返せない時がありますがリプ返した瞬間ハート押した瞬間からあなたとは友達。12月8日生まれの24歳","url":"https://t.co/5lZPJadna5","entities":{"url":{"urls":[{"url":"https://t.co/5lZPJadna5","expanded_url":"https://www.youtube.com/channel/UC4Au2QrbfaSjHPSdk5tUBeg","display_url":"youtube.com/channel/UC4Au2…","indices":[0,23]}]},"description":{"urls":[]}},"protected":false,"followers_count":1383714,"friends_count":432,"listed_count":3659,"created_at":"Mon Jun 28 14:25:38 +0000 2010","favourites_count":49052,"utc_offset":-36000,"time_zone":"Hawaii","geo_enabled":false,"verified":false,"statuses_count":67684,"lang":"ja","contributors_enabled":false,"is_translator":false,"is_translation_enabled":false,"profile_background_color":"C0DEED","profile_background_image_url":"http://pbs.twimg.com/profile_background_images/216029617/2222.jpg","profile_background_image_url_https":"https://pbs.twimg.com/profile_background_images/216029617/2222.jpg","profile_background_tile":true,"profile_image_url":"http://pbs.twimg.com/profile_images/881851634837463040/JXV7PToA_normal.jpg","profile_image_url_https":"https://pbs.twimg.com/profile_images/881851634837463040/JXV7PToA_normal.jpg","profile_banner_url":"https://pbs.twimg.com/profile_banners/160560121/1493273389","profile_link_color":"0084B4","profile_sidebar_border_color":"C0DEED","profile_sidebar_fill_color":"DDEEF6","profile_text_color":"333333","profile_use_background_image":true,"has_extended_profile":true,"default_profile":false,"default_profile_image":false,"following":false,"follow_request_sent":false,"notifications":false,"translator_type":"none"},"geo":null,"coordinates":null,"place":null,"contributors":null,"is_quote_status":false,"retweet_count":172,"favorite_count":1064,"favorited":false,"retweeted":false,"lang":"ja"},{"created_at":"Thu Jul 13 07:02:23 +0000 2017","id":885393955138949100,"id_str":"885393955138949120","text":"トミーテック商品説明会レポート10\n\nHOの223系が西の目玉なら、東の目玉はこちら、E235系が早くも登場！ https://t.co/VN2r3M7Pjg","truncated":false,"entities":{"hashtags":[],"symbols":[],"user_mentions":[],"urls":[],"media":[{"id":885393946326597600,"id_str":"885393946326597632","indices":[56,79],"media_url":"http://pbs.twimg.com/media/DEmNGmkUAAAgtSb.jpg","media_url_https":"https://pbs.twimg.com/media/DEmNGmkUAAAgtSb.jpg","url":"https://t.co/VN2r3M7Pjg","display_url":"pic.twitter.com/VN2r3M7Pjg","expanded_url":"https://twitter.com/rc_awaza/status/885393955138949120/photo/1","type":"photo","sizes":{"small":{"w":680,"h":510,"resize":"fit"},"medium":{"w":1200,"h":900,"resize":"fit"},"thumb":{"w":150,"h":150,"resize":"crop"},"large":{"w":2048,"h":1536,"resize":"fit"}}}]},"extended_entities":{"media":[{"id":885393946326597600,"id_str":"885393946326597632","indices":[56,79],"media_url":"http://pbs.twimg.com/media/DEmNGmkUAAAgtSb.jpg","media_url_https":"https://pbs.twimg.com/media/DEmNGmkUAAAgtSb.jpg","url":"https://t.co/VN2r3M7Pjg","display_url":"pic.twitter.com/VN2r3M7Pjg","expanded_url":"https://twitter.com/rc_awaza/status/885393955138949120/photo/1","type":"photo","sizes":{"small":{"w":680,"h":510,"resize":"fit"},"medium":{"w":1200,"h":900,"resize":"fit"},"thumb":{"w":150,"h":150,"resize":"crop"},"large":{"w":2048,"h":1536,"resize":"fit"}}}]},"metadata":{"iso_language_code":"ja","result_type":"recent"},"source":"<a href=\"http://twitter.com/download/iphone\" rel=\"nofollow\">Twitter for iPhone</a>","in_reply_to_status_id":null,"in_reply_to_status_id_str":null,"in_reply_to_user_id":null,"in_reply_to_user_id_str":null,"in_reply_to_screen_name":null,"user":{"id":3108136742,"id_str":"3108136742","name":"レールクラフト阿波座@KSS選対委員会","screen_name":"rc_awaza","location":"大阪市西区西本町3-1-14松屋レジデンス1F","description":"#選挙終了まできのくにシーサイドの画像をあげて盛り上げる 大阪市西区の鉄道模型専門店『レールクラフト阿波座』の公式アカウント。新製品情報等をつぶやきます。中の人は店長ではありませんのであしからず。","url":"https://t.co/4WA7UQCJ0E","entities":{"url":{"urls":[{"url":"https://t.co/4WA7UQCJ0E","expanded_url":"http://rc-awaza.com/","display_url":"rc-awaza.com","indices":[0,23]}]},"description":{"urls":[]}},"protected":false,"followers_count":3842,"friends_count":159,"listed_count":56,"created_at":"Thu Mar 26 08:45:38 +0000 2015","favourites_count":354,"utc_offset":null,"time_zone":null,"geo_enabled":false,"verified":false,"statuses_count":23598,"lang":"ja","contributors_enabled":false,"is_translator":false,"is_translation_enabled":false,"profile_background_color":"000000","profile_background_image_url":"http://abs.twimg.com/images/themes/theme1/bg.png","profile_background_image_url_https":"https://abs.twimg.com/images/themes/theme1/bg.png","profile_background_tile":false,"profile_image_url":"http://pbs.twimg.com/profile_images/715800542044372992/2yzwRk4T_normal.jpg","profile_image_url_https":"https://pbs.twimg.com/profile_images/715800542044372992/2yzwRk4T_normal.jpg","profile_banner_url":"https://pbs.twimg.com/profile_banners/3108136742/1494801659","profile_link_color":"4A913C","profile_sidebar_border_color":"000000","profile_sidebar_fill_color":"000000","profile_text_color":"000000","profile_use_background_image":false,"has_extended_profile":true,"default_profile":false,"default_profile_image":false,"following":false,"follow_request_sent":false,"notifications":false,"translator_type":"none"},"geo":null,"coordinates":null,"place":null,"contributors":null,"is_quote_status":false,"retweet_count":109,"favorite_count":27,"favorited":false,"retweeted":false,"possibly_sensitive":false,"lang":"ja"},{"created_at":"Thu Jul 13 07:02:09 +0000 2017","id":885393898335490000,"id_str":"885393898335490048","text":"トミーテック商品説明会レポート9\n\n733系快速エアポート製品化です！ https://t.co/yHmmFfrjGE","truncated":false,"entities":{"hashtags":[],"symbols":[],"user_mentions":[],"urls":[],"media":[{"id":885393889883938800,"id_str":"885393889883938816","indices":[36,59],"media_url":"http://pbs.twimg.com/media/DEmNDUTVYAAhDrm.jpg","media_url_https":"https://pbs.twimg.com/media/DEmNDUTVYAAhDrm.jpg","url":"https://t.co/yHmmFfrjGE","display_url":"pic.twitter.com/yHmmFfrjGE","expanded_url":"https://twitter.com/rc_awaza/status/885393898335490048/photo/1","type":"photo","sizes":{"medium":{"w":1200,"h":900,"resize":"fit"},"small":{"w":680,"h":510,"resize":"fit"},"thumb":{"w":150,"h":150,"resize":"crop"},"large":{"w":2048,"h":1536,"resize":"fit"}}}]},"extended_entities":{"media":[{"id":885393889883938800,"id_str":"885393889883938816","indices":[36,59],"media_url":"http://pbs.twimg.com/media/DEmNDUTVYAAhDrm.jpg","media_url_https":"https://pbs.twimg.com/media/DEmNDUTVYAAhDrm.jpg","url":"https://t.co/yHmmFfrjGE","display_url":"pic.twitter.com/yHmmFfrjGE","expanded_url":"https://twitter.com/rc_awaza/status/885393898335490048/photo/1","type":"photo","sizes":{"medium":{"w":1200,"h":900,"resize":"fit"},"small":{"w":680,"h":510,"resize":"fit"},"thumb":{"w":150,"h":150,"resize":"crop"},"large":{"w":2048,"h":1536,"resize":"fit"}}}]},"metadata":{"iso_language_code":"ja","result_type":"recent"},"source":"<a href=\"http://twitter.com/download/iphone\" rel=\"nofollow\">Twitter for iPhone</a>","in_reply_to_status_id":null,"in_reply_to_status_id_str":null,"in_reply_to_user_id":null,"in_reply_to_user_id_str":null,"in_reply_to_screen_name":null,"user":{"id":3108136742,"id_str":"3108136742","name":"レールクラフト阿波座@KSS選対委員会","screen_name":"rc_awaza","location":"大阪市西区西本町3-1-14松屋レジデンス1F","description":"#選挙終了まできのくにシーサイドの画像をあげて盛り上げる 大阪市西区の鉄道模型専門店『レールクラフト阿波座』の公式アカウント。新製品情報等をつぶやきます。中の人は店長ではありませんのであしからず。","url":"https://t.co/4WA7UQCJ0E","entities":{"url":{"urls":[{"url":"https://t.co/4WA7UQCJ0E","expanded_url":"http://rc-awaza.com/","display_url":"rc-awaza.com","indices":[0,23]}]},"description":{"urls":[]}},"protected":false,"followers_count":3842,"friends_count":159,"listed_count":56,"created_at":"Thu Mar 26 08:45:38 +0000 2015","favourites_count":354,"utc_offset":null,"time_zone":null,"geo_enabled":false,"verified":false,"statuses_count":23598,"lang":"ja","contributors_enabled":false,"is_translator":false,"is_translation_enabled":false,"profile_background_color":"000000","profile_background_image_url":"http://abs.twimg.com/images/themes/theme1/bg.png","profile_background_image_url_https":"https://abs.twimg.com/images/themes/theme1/bg.png","profile_background_tile":false,"profile_image_url":"http://pbs.twimg.com/profile_images/715800542044372992/2yzwRk4T_normal.jpg","profile_image_url_https":"https://pbs.twimg.com/profile_images/715800542044372992/2yzwRk4T_normal.jpg","profile_banner_url":"https://pbs.twimg.com/profile_banners/3108136742/1494801659","profile_link_color":"4A913C","profile_sidebar_border_color":"000000","profile_sidebar_fill_color":"000000","profile_text_color":"000000","profile_use_background_image":false,"has_extended_profile":true,"default_profile":false,"default_profile_image":false,"following":false,"follow_request_sent":false,"notifications":false,"translator_type":"none"},"geo":null,"coordinates":null,"place":null,"contributors":null,"is_quote_status":false,"retweet_count":94,"favorite_count":28,"favorited":false,"retweeted":false,"possibly_sensitive":false,"lang":"ja"},{"created_at":"Thu Jul 13 07:02:04 +0000 2017","id":885393876453802000,"id_str":"885393876453801984","text":"トミーテック商品説明会レポート8\n\nキハ66・67形に九州色が追加！ https://t.co/4VChQDfZhu","truncated":false,"entities":{"hashtags":[],"symbols":[],"user_mentions":[],"urls":[],"media":[{"id":885393867071135700,"id_str":"885393867071135744","indices":[35,58],"media_url":"http://pbs.twimg.com/media/DEmNB_UVoAAUIXF.jpg","media_url_https":"https://pbs.twimg.com/media/DEmNB_UVoAAUIXF.jpg","url":"https://t.co/4VChQDfZhu","display_url":"pic.twitter.com/4VChQDfZhu","expanded_url":"https://twitter.com/rc_awaza/status/885393876453801984/photo/1","type":"photo","sizes":{"medium":{"w":1200,"h":900,"resize":"fit"},"small":{"w":680,"h":510,"resize":"fit"},"thumb":{"w":150,"h":150,"resize":"crop"},"large":{"w":2048,"h":1536,"resize":"fit"}}}]},"extended_entities":{"media":[{"id":885393867071135700,"id_str":"885393867071135744","indices":[35,58],"media_url":"http://pbs.twimg.com/media/DEmNB_UVoAAUIXF.jpg","media_url_https":"https://pbs.twimg.com/media/DEmNB_UVoAAUIXF.jpg","url":"https://t.co/4VChQDfZhu","display_url":"pic.twitter.com/4VChQDfZhu","expanded_url":"https://twitter.com/rc_awaza/status/885393876453801984/photo/1","type":"photo","sizes":{"medium":{"w":1200,"h":900,"resize":"fit"},"small":{"w":680,"h":510,"resize":"fit"},"thumb":{"w":150,"h":150,"resize":"crop"},"large":{"w":2048,"h":1536,"resize":"fit"}}}]},"metadata":{"iso_language_code":"ja","result_type":"recent"},"source":"<a href=\"http://twitter.com/download/iphone\" rel=\"nofollow\">Twitter for iPhone</a>","in_reply_to_status_id":null,"in_reply_to_status_id_str":null,"in_reply_to_user_id":null,"in_reply_to_user_id_str":null,"in_reply_to_screen_name":null,"user":{"id":3108136742,"id_str":"3108136742","name":"レールクラフト阿波座@KSS選対委員会","screen_name":"rc_awaza","location":"大阪市西区西本町3-1-14松屋レジデンス1F","description":"#選挙終了まできのくにシーサイドの画像をあげて盛り上げる 大阪市西区の鉄道模型専門店『レールクラフト阿波座』の公式アカウント。新製品情報等をつぶやきます。中の人は店長ではありませんのであしからず。","url":"https://t.co/4WA7UQCJ0E","entities":{"url":{"urls":[{"url":"https://t.co/4WA7UQCJ0E","expanded_url":"http://rc-awaza.com/","display_url":"rc-awaza.com","indices":[0,23]}]},"description":{"urls":[]}},"protected":false,"followers_count":3842,"friends_count":159,"listed_count":56,"created_at":"Thu Mar 26 08:45:38 +0000 2015","favourites_count":354,"utc_offset":null,"time_zone":null,"geo_enabled":false,"verified":false,"statuses_count":23598,"lang":"ja","contributors_enabled":false,"is_translator":false,"is_translation_enabled":false,"profile_background_color":"000000","profile_background_image_url":"http://abs.twimg.com/images/themes/theme1/bg.png","profile_background_image_url_https":"https://abs.twimg.com/images/themes/theme1/bg.png","profile_background_tile":false,"profile_image_url":"http://pbs.twimg.com/profile_images/715800542044372992/2yzwRk4T_normal.jpg","profile_image_url_https":"https://pbs.twimg.com/profile_images/715800542044372992/2yzwRk4T_normal.jpg","profile_banner_url":"https://pbs.twimg.com/profile_banners/3108136742/1494801659","profile_link_color":"4A913C","profile_sidebar_border_color":"000000","profile_sidebar_fill_color":"000000","profile_text_color":"000000","profile_use_background_image":false,"has_extended_profile":true,"default_profile":false,"default_profile_image":false,"following":false,"follow_request_sent":false,"notifications":false,"translator_type":"none"},"geo":null,"coordinates":null,"place":null,"contributors":null,"is_quote_status":false,"retweet_count":46,"favorite_count":17,"favorited":false,"retweeted":false,"possibly_sensitive":false,"lang":"ja"},{"created_at":"Thu Jul 13 07:01:52 +0000 2017","id":885393827451633700,"id_str":"885393827451633664","text":"新イベント「時詠みのエターナル・クロノスⅢ ～さよなら、サマー～」近日開催決定ฅ(●´ω｀●)ฅ\n時計塔の夏休みはどうなってしまうのか…！\nお楽しみに★\n#黒ウィズ https://t.co/75r0lJZVZV","truncated":false,"entities":{"hashtags":[{"text":"黒ウィズ","indices":[77,82]}],"symbols":[],"user_mentions":[],"urls":[],"media":[{"id":885393683029282800,"id_str":"885393683029282816","indices":[83,106],"media_url":"http://pbs.twimg.com/media/DEmM3RtV0AAfCn6.jpg","media_url_https":"https://pbs.twimg.com/media/DEmM3RtV0AAfCn6.jpg","url":"https://t.co/75r0lJZVZV","display_url":"pic.twitter.com/75r0lJZVZV","expanded_url":"https://twitter.com/colopl_quiz/status/885393827451633664/photo/1","type":"photo","sizes":{"small":{"w":480,"h":420,"resize":"fit"},"thumb":{"w":150,"h":150,"resize":"crop"},"medium":{"w":480,"h":420,"resize":"fit"},"large":{"w":480,"h":420,"resize":"fit"}}}]},"extended_entities":{"media":[{"id":885393683029282800,"id_str":"885393683029282816","indices":[83,106],"media_url":"http://pbs.twimg.com/media/DEmM3RtV0AAfCn6.jpg","media_url_https":"https://pbs.twimg.com/media/DEmM3RtV0AAfCn6.jpg","url":"https://t.co/75r0lJZVZV","display_url":"pic.twitter.com/75r0lJZVZV","expanded_url":"https://twitter.com/colopl_quiz/status/885393827451633664/photo/1","type":"photo","sizes":{"small":{"w":480,"h":420,"resize":"fit"},"thumb":{"w":150,"h":150,"resize":"crop"},"medium":{"w":480,"h":420,"resize":"fit"},"large":{"w":480,"h":420,"resize":"fit"}}}]},"metadata":{"iso_language_code":"ja","result_type":"recent"},"source":"<a href=\"http://twitter.com\" rel=\"nofollow\">Twitter Web Client</a>","in_reply_to_status_id":null,"in_reply_to_status_id_str":null,"in_reply_to_user_id":null,"in_reply_to_user_id_str":null,"in_reply_to_screen_name":null,"user":{"id":2193949879,"id_str":"2193949879","name":"【公式】魔法使いと黒猫のウィズ","screen_name":"colopl_quiz","location":"","description":"黒ウィズの公式twitterです。 ゲーム内イベントや最新の情報を発信します！ 主に宣伝担当の「くろゆき」がユーザー様と会話していきますが、たまに浅井Ｐや開発メンバーが登場するかもです（˶′◡‵˶） ※お問い合わせやご質問につきましてはこちら(→https://t.co/y7SPSJNsb5 ）","url":"https://t.co/owQsocWHrg","entities":{"url":{"urls":[{"url":"https://t.co/owQsocWHrg","expanded_url":"http://colopl.co.jp/magicianwiz/","display_url":"colopl.co.jp/magicianwiz/","indices":[0,23]}]},"description":{"urls":[{"url":"https://t.co/y7SPSJNsb5","expanded_url":"http://colopl.co.jp/contact/","display_url":"colopl.co.jp/contact/","indices":[123,146]}]}},"protected":false,"followers_count":261934,"friends_count":12,"listed_count":1795,"created_at":"Thu Nov 14 10:41:58 +0000 2013","favourites_count":0,"utc_offset":28800,"time_zone":"Irkutsk","geo_enabled":false,"verified":true,"statuses_count":1945,"lang":"ja","contributors_enabled":false,"is_translator":false,"is_translation_enabled":true,"profile_background_color":"C0DEED","profile_background_image_url":"http://abs.twimg.com/images/themes/theme1/bg.png","profile_background_image_url_https":"https://abs.twimg.com/images/themes/theme1/bg.png","profile_background_tile":false,"profile_image_url":"http://pbs.twimg.com/profile_images/848187569842003968/ZiCer0_a_normal.jpg","profile_image_url_https":"https://pbs.twimg.com/profile_images/848187569842003968/ZiCer0_a_normal.jpg","profile_banner_url":"https://pbs.twimg.com/profile_banners/2193949879/1491058651","profile_link_color":"1DA1F2","profile_sidebar_border_color":"C0DEED","profile_sidebar_fill_color":"DDEEF6","profile_text_color":"333333","profile_use_background_image":true,"has_extended_profile":false,"default_profile":true,"default_profile_image":false,"following":false,"follow_request_sent":false,"notifications":false,"translator_type":"none"},"geo":null,"coordinates":null,"place":null,"contributors":null,"is_quote_status":false,"retweet_count":92,"favorite_count":110,"favorited":false,"retweeted":false,"possibly_sensitive":false,"lang":"ja"},{"created_at":"Thu Jul 13 07:01:48 +0000 2017","id":885393807050653700,"id_str":"885393807050653696","text":"アイマスク付けての撮影が困難であった為本来の用途とは逸脱した使い方をしております。ご了承ください。 https://t.co/uXWWj5Rf8g","truncated":false,"entities":{"hashtags":[],"symbols":[],"user_mentions":[],"urls":[],"media":[{"id":885393798540349400,"id_str":"885393798540349440","indices":[50,73],"media_url":"http://pbs.twimg.com/media/DEmM-ABU0AA5JVp.jpg","media_url_https":"https://pbs.twimg.com/media/DEmM-ABU0AA5JVp.jpg","url":"https://t.co/uXWWj5Rf8g","display_url":"pic.twitter.com/uXWWj5Rf8g","expanded_url":"https://twitter.com/sen_sen_sen_sen/status/885393807050653696/photo/1","type":"photo","sizes":{"medium":{"w":675,"h":1200,"resize":"fit"},"small":{"w":383,"h":680,"resize":"fit"},"thumb":{"w":150,"h":150,"resize":"crop"},"large":{"w":720,"h":1280,"resize":"fit"}}}]},"extended_entities":{"media":[{"id":885393798540349400,"id_str":"885393798540349440","indices":[50,73],"media_url":"http://pbs.twimg.com/media/DEmM-ABU0AA5JVp.jpg","media_url_https":"https://pbs.twimg.com/media/DEmM-ABU0AA5JVp.jpg","url":"https://t.co/uXWWj5Rf8g","display_url":"pic.twitter.com/uXWWj5Rf8g","expanded_url":"https://twitter.com/sen_sen_sen_sen/status/885393807050653696/photo/1","type":"photo","sizes":{"medium":{"w":675,"h":1200,"resize":"fit"},"small":{"w":383,"h":680,"resize":"fit"},"thumb":{"w":150,"h":150,"resize":"crop"},"large":{"w":720,"h":1280,"resize":"fit"}}}]},"metadata":{"iso_language_code":"ja","result_type":"recent"},"source":"<a href=\"http://twitter.com/download/iphone\" rel=\"nofollow\">Twitter for iPhone</a>","in_reply_to_status_id":null,"in_reply_to_status_id_str":null,"in_reply_to_user_id":null,"in_reply_to_user_id_str":null,"in_reply_to_screen_name":null,"user":{"id":106996737,"id_str":"106996737","name":"センラ@浦島坂田船","screen_name":"sen_sen_sen_sen","location":"KYOTO→NAGOYA","description":"テラ4年目社会人、好きな言葉「連休」 / センラー・ラ / スタミュ2期OPテーマ Fourpe :CV / 色々ぶちまけているSub→( @senra_kise ) 浦島坂田船→( @USSS_info ) ( senra_rarara@yahoo.co.jp ) アイコン→月森フユカ","url":"https://t.co/74SiCXJMOv","entities":{"url":{"urls":[{"url":"https://t.co/74SiCXJMOv","expanded_url":"http://sp.nicovideo.jp/mylist/5979643","display_url":"sp.nicovideo.jp/mylist/5979643","indices":[0,23]}]},"description":{"urls":[]}},"protected":false,"followers_count":202218,"friends_count":357,"listed_count":3831,"created_at":"Thu Jan 21 08:40:30 +0000 2010","favourites_count":1511,"utc_offset":32400,"time_zone":"Tokyo","geo_enabled":false,"verified":true,"statuses_count":90726,"lang":"ja","contributors_enabled":false,"is_translator":false,"is_translation_enabled":false,"profile_background_color":"C0DEED","profile_background_image_url":"http://abs.twimg.com/images/themes/theme1/bg.png","profile_background_image_url_https":"https://abs.twimg.com/images/themes/theme1/bg.png","profile_background_tile":false,"profile_image_url":"http://pbs.twimg.com/profile_images/853961966695571456/6DW3Adss_normal.jpg","profile_image_url_https":"https://pbs.twimg.com/profile_images/853961966695571456/6DW3Adss_normal.jpg","profile_banner_url":"https://pbs.twimg.com/profile_banners/106996737/1420779534","profile_link_color":"1DA1F2","profile_sidebar_border_color":"C0DEED","profile_sidebar_fill_color":"DDEEF6","profile_text_color":"333333","profile_use_background_image":true,"has_extended_profile":true,"default_profile":true,"default_profile_image":false,"following":false,"follow_request_sent":false,"notifications":false,"translator_type":"none"},"geo":null,"coordinates":null,"place":null,"contributors":null,"is_quote_status":false,"retweet_count":333,"favorite_count":1213,"favorited":false,"retweeted":false,"possibly_sensitive":false,"lang":"ja"},{"created_at":"Thu Jul 13 07:01:39 +0000 2017","id":885393770727985200,"id_str":"885393770727985152","text":"トミーテック商品説明会レポート7\n\nJR115-1000系 新潟色に2両のS編成が登場！ https://t.co/kAM9NTUrx5","truncated":false,"entities":{"hashtags":[],"symbols":[],"user_mentions":[],"urls":[],"media":[{"id":885393761882132500,"id_str":"885393761882132480","indices":[45,68],"media_url":"http://pbs.twimg.com/media/DEmM73dU0AA_iqc.jpg","media_url_https":"https://pbs.twimg.com/media/DEmM73dU0AA_iqc.jpg","url":"https://t.co/kAM9NTUrx5","display_url":"pic.twitter.com/kAM9NTUrx5","expanded_url":"https://twitter.com/rc_awaza/status/885393770727985152/photo/1","type":"photo","sizes":{"medium":{"w":1200,"h":900,"resize":"fit"},"small":{"w":680,"h":510,"resize":"fit"},"thumb":{"w":150,"h":150,"resize":"crop"},"large":{"w":2048,"h":1536,"resize":"fit"}}}]},"extended_entities":{"media":[{"id":885393761882132500,"id_str":"885393761882132480","indices":[45,68],"media_url":"http://pbs.twimg.com/media/DEmM73dU0AA_iqc.jpg","media_url_https":"https://pbs.twimg.com/media/DEmM73dU0AA_iqc.jpg","url":"https://t.co/kAM9NTUrx5","display_url":"pic.twitter.com/kAM9NTUrx5","expanded_url":"https://twitter.com/rc_awaza/status/885393770727985152/photo/1","type":"photo","sizes":{"medium":{"w":1200,"h":900,"resize":"fit"},"small":{"w":680,"h":510,"resize":"fit"},"thumb":{"w":150,"h":150,"resize":"crop"},"large":{"w":2048,"h":1536,"resize":"fit"}}}]},"metadata":{"iso_language_code":"ja","result_type":"recent"},"source":"<a href=\"http://twitter.com/download/iphone\" rel=\"nofollow\">Twitter for iPhone</a>","in_reply_to_status_id":null,"in_reply_to_status_id_str":null,"in_reply_to_user_id":null,"in_reply_to_user_id_str":null,"in_reply_to_screen_name":null,"user":{"id":3108136742,"id_str":"3108136742","name":"レールクラフト阿波座@KSS選対委員会","screen_name":"rc_awaza","location":"大阪市西区西本町3-1-14松屋レジデンス1F","description":"#選挙終了まできのくにシーサイドの画像をあげて盛り上げる 大阪市西区の鉄道模型専門店『レールクラフト阿波座』の公式アカウント。新製品情報等をつぶやきます。中の人は店長ではありませんのであしからず。","url":"https://t.co/4WA7UQCJ0E","entities":{"url":{"urls":[{"url":"https://t.co/4WA7UQCJ0E","expanded_url":"http://rc-awaza.com/","display_url":"rc-awaza.com","indices":[0,23]}]},"description":{"urls":[]}},"protected":false,"followers_count":3842,"friends_count":159,"listed_count":56,"created_at":"Thu Mar 26 08:45:38 +0000 2015","favourites_count":354,"utc_offset":null,"time_zone":null,"geo_enabled":false,"verified":false,"statuses_count":23598,"lang":"ja","contributors_enabled":false,"is_translator":false,"is_translation_enabled":false,"profile_background_color":"000000","profile_background_image_url":"http://abs.twimg.com/images/themes/theme1/bg.png","profile_background_image_url_https":"https://abs.twimg.com/images/themes/theme1/bg.png","profile_background_tile":false,"profile_image_url":"http://pbs.twimg.com/profile_images/715800542044372992/2yzwRk4T_normal.jpg","profile_image_url_https":"https://pbs.twimg.com/profile_images/715800542044372992/2yzwRk4T_normal.jpg","profile_banner_url":"https://pbs.twimg.com/profile_banners/3108136742/1494801659","profile_link_color":"4A913C","profile_sidebar_border_color":"000000","profile_sidebar_fill_color":"000000","profile_text_color":"000000","profile_use_background_image":false,"has_extended_profile":true,"default_profile":false,"default_profile_image":false,"following":false,"follow_request_sent":false,"notifications":false,"translator_type":"none"},"geo":null,"coordinates":null,"place":null,"contributors":null,"is_quote_status":false,"retweet_count":89,"favorite_count":27,"favorited":false,"retweeted":false,"possibly_sensitive":false,"lang":"ja"},{"created_at":"Thu Jul 13 07:01:32 +0000 2017","id":885393742907166700,"id_str":"885393742907166724","text":"【新英雄召喚イベント】\n『ファイアーエムブレム Echoes もうひとりの英雄王』から6人の英雄さんたちが登場する新召喚イベントが始まりました。\nセーバーさん、ソニアさん、レオさんの「セリカ軍」、デューテさん、グレイさん、マチルダ… https://t.co/dx5zuR9PiB","truncated":true,"entities":{"hashtags":[],"symbols":[],"user_mentions":[],"urls":[{"url":"https://t.co/dx5zuR9PiB","expanded_url":"https://twitter.com/i/web/status/885393742907166724","display_url":"twitter.com/i/web/status/8…","indices":[117,140]}]},"metadata":{"iso_language_code":"ja","result_type":"recent"},"source":"<a href=\"http://twitter.com/download/iphone\" rel=\"nofollow\">Twitter for iPhone</a>","in_reply_to_status_id":null,"in_reply_to_status_id_str":null,"in_reply_to_user_id":null,"in_reply_to_user_id_str":null,"in_reply_to_screen_name":null,"user":{"id":818399801880416300,"id_str":"818399801880416256","name":"ファイアーエムブレム ヒーローズ","screen_name":"FE_Heroes_JP","location":"","description":"スマートフォンゲーム『ファイアーエムブレム ヒーローズ』の公式アカウントです。\nアスク王国特務機関の伝書ふくろう、「フェー」が異界を渡り、情報を皆様にお届けいたします。\n※ご質問・お問い合わせにはお答えしておりませんのでご容赦ください。","url":"https://t.co/VgNzFwGmOj","entities":{"url":{"urls":[{"url":"https://t.co/VgNzFwGmOj","expanded_url":"https://fire-emblem-heroes.com","display_url":"fire-emblem-heroes.com","indices":[0,23]}]},"description":{"urls":[]}},"protected":false,"followers_count":167584,"friends_count":3,"listed_count":1342,"created_at":"Mon Jan 09 10:11:32 +0000 2017","favourites_count":0,"utc_offset":32400,"time_zone":"Tokyo","geo_enabled":false,"verified":true,"statuses_count":495,"lang":"ja","contributors_enabled":false,"is_translator":false,"is_translation_enabled":false,"profile_background_color":"F5F8FA","profile_background_image_url":null,"profile_background_image_url_https":null,"profile_background_tile":false,"profile_image_url":"http://pbs.twimg.com/profile_images/875511916734464000/IF-1Mt4H_normal.jpg","profile_image_url_https":"https://pbs.twimg.com/profile_images/875511916734464000/IF-1Mt4H_normal.jpg","profile_banner_url":"https://pbs.twimg.com/profile_banners/818399801880416256/1484775677","profile_link_color":"1DA1F2","profile_sidebar_border_color":"C0DEED","profile_sidebar_fill_color":"DDEEF6","profile_text_color":"333333","profile_use_background_image":true,"has_extended_profile":false,"default_profile":true,"default_profile_image":false,"following":false,"follow_request_sent":false,"notifications":false,"translator_type":"none"},"geo":null,"coordinates":null,"place":null,"contributors":null,"is_quote_status":false,"retweet_count":72,"favorite_count":49,"favorited":false,"retweeted":false,"possibly_sensitive":false,"lang":"ja"},{"created_at":"Thu Jul 13 07:01:31 +0000 2017","id":885393738998046700,"id_str":"885393738998046721","text":"トミーテック商品説明会レポート6\n\nキハ58系四国色も久しぶりの登場。\n今回は複数の編成がラインナップされるそうで、期待が膨らみます(^o^)/ https://t.co/9p2mVkMOJS","truncated":false,"entities":{"hashtags":[],"symbols":[],"user_mentions":[],"urls":[],"media":[{"id":885393730907234300,"id_str":"885393730907234304","indices":[73,96],"media_url":"http://pbs.twimg.com/media/DEmM6EEVYAAeXO1.jpg","media_url_https":"https://pbs.twimg.com/media/DEmM6EEVYAAeXO1.jpg","url":"https://t.co/9p2mVkMOJS","display_url":"pic.twitter.com/9p2mVkMOJS","expanded_url":"https://twitter.com/rc_awaza/status/885393738998046721/photo/1","type":"photo","sizes":{"large":{"w":2048,"h":1536,"resize":"fit"},"small":{"w":680,"h":510,"resize":"fit"},"medium":{"w":1200,"h":900,"resize":"fit"},"thumb":{"w":150,"h":150,"resize":"crop"}}}]},"extended_entities":{"media":[{"id":885393730907234300,"id_str":"885393730907234304","indices":[73,96],"media_url":"http://pbs.twimg.com/media/DEmM6EEVYAAeXO1.jpg","media_url_https":"https://pbs.twimg.com/media/DEmM6EEVYAAeXO1.jpg","url":"https://t.co/9p2mVkMOJS","display_url":"pic.twitter.com/9p2mVkMOJS","expanded_url":"https://twitter.com/rc_awaza/status/885393738998046721/photo/1","type":"photo","sizes":{"large":{"w":2048,"h":1536,"resize":"fit"},"small":{"w":680,"h":510,"resize":"fit"},"medium":{"w":1200,"h":900,"resize":"fit"},"thumb":{"w":150,"h":150,"resize":"crop"}}}]},"metadata":{"iso_language_code":"ja","result_type":"recent"},"source":"<a href=\"http://twitter.com/download/iphone\" rel=\"nofollow\">Twitter for iPhone</a>","in_reply_to_status_id":null,"in_reply_to_status_id_str":null,"in_reply_to_user_id":null,"in_reply_to_user_id_str":null,"in_reply_to_screen_name":null,"user":{"id":3108136742,"id_str":"3108136742","name":"レールクラフト阿波座@KSS選対委員会","screen_name":"rc_awaza","location":"大阪市西区西本町3-1-14松屋レジデンス1F","description":"#選挙終了まできのくにシーサイドの画像をあげて盛り上げる 大阪市西区の鉄道模型専門店『レールクラフト阿波座』の公式アカウント。新製品情報等をつぶやきます。中の人は店長ではありませんのであしからず。","url":"https://t.co/4WA7UQCJ0E","entities":{"url":{"urls":[{"url":"https://t.co/4WA7UQCJ0E","expanded_url":"http://rc-awaza.com/","display_url":"rc-awaza.com","indices":[0,23]}]},"description":{"urls":[]}},"protected":false,"followers_count":3842,"friends_count":159,"listed_count":56,"created_at":"Thu Mar 26 08:45:38 +0000 2015","favourites_count":354,"utc_offset":null,"time_zone":null,"geo_enabled":false,"verified":false,"statuses_count":23598,"lang":"ja","contributors_enabled":false,"is_translator":false,"is_translation_enabled":false,"profile_background_color":"000000","profile_background_image_url":"http://abs.twimg.com/images/themes/theme1/bg.png","profile_background_image_url_https":"https://abs.twimg.com/images/themes/theme1/bg.png","profile_background_tile":false,"profile_image_url":"http://pbs.twimg.com/profile_images/715800542044372992/2yzwRk4T_normal.jpg","profile_image_url_https":"https://pbs.twimg.com/profile_images/715800542044372992/2yzwRk4T_normal.jpg","profile_banner_url":"https://pbs.twimg.com/profile_banners/3108136742/1494801659","profile_link_color":"4A913C","profile_sidebar_border_color":"000000","profile_sidebar_fill_color":"000000","profile_text_color":"000000","profile_use_background_image":false,"has_extended_profile":true,"default_profile":false,"default_profile_image":false,"following":false,"follow_request_sent":false,"notifications":false,"translator_type":"none"},"geo":null,"coordinates":null,"place":null,"contributors":null,"is_quote_status":false,"retweet_count":68,"favorite_count":21,"favorited":false,"retweeted":false,"possibly_sensitive":false,"lang":"ja"},{"created_at":"Thu Jul 13 07:01:19 +0000 2017","id":885393687840084000,"id_str":"885393687840083968","text":"トミーテック商品説明会レポート5\n\nキハ181系四国色が久しぶりの製品化。\n繁忙期の先頭車数珠繋ぎ編成が再現できるのかが気になるところです！ https://t.co/bMAtaWlEGw","truncated":false,"entities":{"hashtags":[],"symbols":[],"user_mentions":[],"urls":[],"media":[{"id":885393678927241200,"id_str":"885393678927241216","indices":[71,94],"media_url":"http://pbs.twimg.com/media/DEmM3CbVoAAsob7.jpg","media_url_https":"https://pbs.twimg.com/media/DEmM3CbVoAAsob7.jpg","url":"https://t.co/bMAtaWlEGw","display_url":"pic.twitter.com/bMAtaWlEGw","expanded_url":"https://twitter.com/rc_awaza/status/885393687840083968/photo/1","type":"photo","sizes":{"large":{"w":2048,"h":1536,"resize":"fit"},"medium":{"w":1200,"h":900,"resize":"fit"},"thumb":{"w":150,"h":150,"resize":"crop"},"small":{"w":680,"h":510,"resize":"fit"}}}]},"extended_entities":{"media":[{"id":885393678927241200,"id_str":"885393678927241216","indices":[71,94],"media_url":"http://pbs.twimg.com/media/DEmM3CbVoAAsob7.jpg","media_url_https":"https://pbs.twimg.com/media/DEmM3CbVoAAsob7.jpg","url":"https://t.co/bMAtaWlEGw","display_url":"pic.twitter.com/bMAtaWlEGw","expanded_url":"https://twitter.com/rc_awaza/status/885393687840083968/photo/1","type":"photo","sizes":{"large":{"w":2048,"h":1536,"resize":"fit"},"medium":{"w":1200,"h":900,"resize":"fit"},"thumb":{"w":150,"h":150,"resize":"crop"},"small":{"w":680,"h":510,"resize":"fit"}}}]},"metadata":{"iso_language_code":"ja","result_type":"recent"},"source":"<a href=\"http://twitter.com/download/iphone\" rel=\"nofollow\">Twitter for iPhone</a>","in_reply_to_status_id":null,"in_reply_to_status_id_str":null,"in_reply_to_user_id":null,"in_reply_to_user_id_str":null,"in_reply_to_screen_name":null,"user":{"id":3108136742,"id_str":"3108136742","name":"レールクラフト阿波座@KSS選対委員会","screen_name":"rc_awaza","location":"大阪市西区西本町3-1-14松屋レジデンス1F","description":"#選挙終了まできのくにシーサイドの画像をあげて盛り上げる 大阪市西区の鉄道模型専門店『レールクラフト阿波座』の公式アカウント。新製品情報等をつぶやきます。中の人は店長ではありませんのであしからず。","url":"https://t.co/4WA7UQCJ0E","entities":{"url":{"urls":[{"url":"https://t.co/4WA7UQCJ0E","expanded_url":"http://rc-awaza.com/","display_url":"rc-awaza.com","indices":[0,23]}]},"description":{"urls":[]}},"protected":false,"followers_count":3842,"friends_count":159,"listed_count":56,"created_at":"Thu Mar 26 08:45:38 +0000 2015","favourites_count":354,"utc_offset":null,"time_zone":null,"geo_enabled":false,"verified":false,"statuses_count":23598,"lang":"ja","contributors_enabled":false,"is_translator":false,"is_translation_enabled":false,"profile_background_color":"000000","profile_background_image_url":"http://abs.twimg.com/images/themes/theme1/bg.png","profile_background_image_url_https":"https://abs.twimg.com/images/themes/theme1/bg.png","profile_background_tile":false,"profile_image_url":"http://pbs.twimg.com/profile_images/715800542044372992/2yzwRk4T_normal.jpg","profile_image_url_https":"https://pbs.twimg.com/profile_images/715800542044372992/2yzwRk4T_normal.jpg","profile_banner_url":"https://pbs.twimg.com/profile_banners/3108136742/1494801659","profile_link_color":"4A913C","profile_sidebar_border_color":"000000","profile_sidebar_fill_color":"000000","profile_text_color":"000000","profile_use_background_image":false,"has_extended_profile":true,"default_profile":false,"default_profile_image":false,"following":false,"follow_request_sent":false,"notifications":false,"translator_type":"none"},"geo":null,"coordinates":null,"place":null,"contributors":null,"is_quote_status":false,"retweet_count":61,"favorite_count":20,"favorited":false,"retweeted":false,"possibly_sensitive":false,"lang":"ja"},{"created_at":"Thu Jul 13 07:01:01 +0000 2017","id":885393613386948600,"id_str":"885393613386948608","text":"この度の鹿児島地震により被災された皆様に心からお見舞い申し上げます。7/14(金)義伝 暁の独眼竜ライブビューイング TOHOシネマズ与次郎での実施可否の決定は7/14(金)13時頃の予定です。当劇場HPとライブビューイング公式HPにてお知らせ致しますので今暫くお待ち願います。","truncated":false,"entities":{"hashtags":[],"symbols":[],"user_mentions":[],"urls":[]},"metadata":{"iso_language_code":"ja","result_type":"recent"},"source":"<a href=\"http://twitter.com\" rel=\"nofollow\">Twitter Web Client</a>","in_reply_to_status_id":null,"in_reply_to_status_id_str":null,"in_reply_to_user_id":null,"in_reply_to_user_id_str":null,"in_reply_to_screen_name":null,"user":{"id":4344085399,"id_str":"4344085399","name":"舞台『刀剣乱舞』公式","screen_name":"stage_touken","location":"2017年6月・7月新作決定！","description":"刀ステ公式Twitterです。","url":"https://t.co/LvMeIZVu6L","entities":{"url":{"urls":[{"url":"https://t.co/LvMeIZVu6L","expanded_url":"http://www.marv.jp/special/toukenranbu/","display_url":"marv.jp/special/touken…","indices":[0,23]}]},"description":{"urls":[]}},"protected":false,"followers_count":156205,"friends_count":6,"listed_count":3672,"created_at":"Tue Nov 24 10:40:01 +0000 2015","favourites_count":0,"utc_offset":-25200,"time_zone":"Pacific Time (US & Canada)","geo_enabled":false,"verified":false,"statuses_count":499,"lang":"ja","contributors_enabled":false,"is_translator":false,"is_translation_enabled":false,"profile_background_color":"F5ABB5","profile_background_image_url":"http://abs.twimg.com/images/themes/theme11/bg.gif","profile_background_image_url_https":"https://abs.twimg.com/images/themes/theme11/bg.gif","profile_background_tile":true,"profile_image_url":"http://pbs.twimg.com/profile_images/845596643500048385/gg1RwIWh_normal.jpg","profile_image_url_https":"https://pbs.twimg.com/profile_images/845596643500048385/gg1RwIWh_normal.jpg","profile_banner_url":"https://pbs.twimg.com/profile_banners/4344085399/1492071924","profile_link_color":"9266CC","profile_sidebar_border_color":"000000","profile_sidebar_fill_color":"000000","profile_text_color":"000000","profile_use_background_image":true,"has_extended_profile":false,"default_profile":false,"default_profile_image":false,"following":false,"follow_request_sent":false,"notifications":false,"translator_type":"none"},"geo":null,"coordinates":null,"place":null,"contributors":null,"is_quote_status":false,"retweet_count":95,"favorite_count":69,"favorited":false,"retweeted":false,"lang":"ja"},{"created_at":"Thu Jul 13 07:00:54 +0000 2017","id":885393581367640000,"id_str":"885393581367640064","text":"トミーテック商品説明会レポート4\n\n引退間近、コキ50000形が12両セットで、全車車番違いで登場 https://t.co/OpEGPsGJv7","truncated":false,"entities":{"hashtags":[],"symbols":[],"user_mentions":[],"urls":[],"media":[{"id":885393573192974300,"id_str":"885393573192974336","indices":[50,73],"media_url":"http://pbs.twimg.com/media/DEmMw4iUwAApAaR.jpg","media_url_https":"https://pbs.twimg.com/media/DEmMw4iUwAApAaR.jpg","url":"https://t.co/OpEGPsGJv7","display_url":"pic.twitter.com/OpEGPsGJv7","expanded_url":"https://twitter.com/rc_awaza/status/885393581367640064/photo/1","type":"photo","sizes":{"medium":{"w":1200,"h":900,"resize":"fit"},"small":{"w":680,"h":510,"resize":"fit"},"thumb":{"w":150,"h":150,"resize":"crop"},"large":{"w":2048,"h":1536,"resize":"fit"}}}]},"extended_entities":{"media":[{"id":885393573192974300,"id_str":"885393573192974336","indices":[50,73],"media_url":"http://pbs.twimg.com/media/DEmMw4iUwAApAaR.jpg","media_url_https":"https://pbs.twimg.com/media/DEmMw4iUwAApAaR.jpg","url":"https://t.co/OpEGPsGJv7","display_url":"pic.twitter.com/OpEGPsGJv7","expanded_url":"https://twitter.com/rc_awaza/status/885393581367640064/photo/1","type":"photo","sizes":{"medium":{"w":1200,"h":900,"resize":"fit"},"small":{"w":680,"h":510,"resize":"fit"},"thumb":{"w":150,"h":150,"resize":"crop"},"large":{"w":2048,"h":1536,"resize":"fit"}}}]},"metadata":{"iso_language_code":"ja","result_type":"recent"},"source":"<a href=\"http://twitter.com/download/iphone\" rel=\"nofollow\">Twitter for iPhone</a>","in_reply_to_status_id":null,"in_reply_to_status_id_str":null,"in_reply_to_user_id":null,"in_reply_to_user_id_str":null,"in_reply_to_screen_name":null,"user":{"id":3108136742,"id_str":"3108136742","name":"レールクラフト阿波座@KSS選対委員会","screen_name":"rc_awaza","location":"大阪市西区西本町3-1-14松屋レジデンス1F","description":"#選挙終了まできのくにシーサイドの画像をあげて盛り上げる 大阪市西区の鉄道模型専門店『レールクラフト阿波座』の公式アカウント。新製品情報等をつぶやきます。中の人は店長ではありませんのであしからず。","url":"https://t.co/4WA7UQCJ0E","entities":{"url":{"urls":[{"url":"https://t.co/4WA7UQCJ0E","expanded_url":"http://rc-awaza.com/","display_url":"rc-awaza.com","indices":[0,23]}]},"description":{"urls":[]}},"protected":false,"followers_count":3842,"friends_count":159,"listed_count":56,"created_at":"Thu Mar 26 08:45:38 +0000 2015","favourites_count":354,"utc_offset":null,"time_zone":null,"geo_enabled":false,"verified":false,"statuses_count":23598,"lang":"ja","contributors_enabled":false,"is_translator":false,"is_translation_enabled":false,"profile_background_color":"000000","profile_background_image_url":"http://abs.twimg.com/images/themes/theme1/bg.png","profile_background_image_url_https":"https://abs.twimg.com/images/themes/theme1/bg.png","profile_background_tile":false,"profile_image_url":"http://pbs.twimg.com/profile_images/715800542044372992/2yzwRk4T_normal.jpg","profile_image_url_https":"https://pbs.twimg.com/profile_images/715800542044372992/2yzwRk4T_normal.jpg","profile_banner_url":"https://pbs.twimg.com/profile_banners/3108136742/1494801659","profile_link_color":"4A913C","profile_sidebar_border_color":"000000","profile_sidebar_fill_color":"000000","profile_text_color":"000000","profile_use_background_image":false,"has_extended_profile":true,"default_profile":false,"default_profile_image":false,"following":false,"follow_request_sent":false,"notifications":false,"translator_type":"none"},"geo":null,"coordinates":null,"place":null,"contributors":null,"is_quote_status":false,"retweet_count":79,"favorite_count":28,"favorited":false,"retweeted":false,"possibly_sensitive":false,"lang":"ja"},{"created_at":"Thu Jul 13 07:00:52 +0000 2017","id":885393573536866300,"id_str":"885393573536866304","text":"自動車雑誌の高速有鉛編集部がお届けするトミーテック新製品情報。まずはお約束の鉄コレから。最大の衝撃は「小田急8000系登場時」の製品化予告。12月発売予定です！西武801系じゃない方の「さよなら流馬」は予想された方も多そうですね。… https://t.co/4XB0V2h4vy","truncated":true,"entities":{"hashtags":[],"symbols":[],"user_mentions":[],"urls":[{"url":"https://t.co/4XB0V2h4vy","expanded_url":"https://twitter.com/i/web/status/885393573536866304","display_url":"twitter.com/i/web/status/8…","indices":[117,140]}]},"metadata":{"iso_language_code":"ja","result_type":"recent"},"source":"<a href=\"http://twitter.com\" rel=\"nofollow\">Twitter Web Client</a>","in_reply_to_status_id":null,"in_reply_to_status_id_str":null,"in_reply_to_user_id":null,"in_reply_to_user_id_str":null,"in_reply_to_screen_name":null,"user":{"id":3097304594,"id_str":"3097304594","name":"高速有鉛StreetVWs（中の人）","screen_name":"FEN810kHz","location":"書店の棚","description":"高速有鉛デラックス編集部とStreet VWs編集部の中の人が、鉄道とワーゲンと北米仕様と旧車と鉄道とバスと鉄道の話を中心につぶやく非公式アカウントです。つぶやける文字数に制限があるので誇張、妄想、捏造が含まれます。よろしくお願いいたします。","url":"https://t.co/cIUTvpqTEN","entities":{"url":{"urls":[{"url":"https://t.co/cIUTvpqTEN","expanded_url":"http://www.neoclassic.jp/","display_url":"neoclassic.jp","indices":[0,23]}]},"description":{"urls":[]}},"protected":false,"followers_count":2521,"friends_count":434,"listed_count":43,"created_at":"Thu Mar 19 06:38:27 +0000 2015","favourites_count":2123,"utc_offset":null,"time_zone":null,"geo_enabled":false,"verified":false,"statuses_count":6464,"lang":"ja","contributors_enabled":false,"is_translator":false,"is_translation_enabled":false,"profile_background_color":"89C9FA","profile_background_image_url":"http://pbs.twimg.com/profile_background_images/578463766087516160/c1mSS93u.jpeg","profile_background_image_url_https":"https://pbs.twimg.com/profile_background_images/578463766087516160/c1mSS93u.jpeg","profile_background_tile":true,"profile_image_url":"http://pbs.twimg.com/profile_images/880603952290639874/dD-yRcjY_normal.jpg","profile_image_url_https":"https://pbs.twimg.com/profile_images/880603952290639874/dD-yRcjY_normal.jpg","profile_banner_url":"https://pbs.twimg.com/profile_banners/3097304594/1426750206","profile_link_color":"0099CC","profile_sidebar_border_color":"000000","profile_sidebar_fill_color":"000000","profile_text_color":"000000","profile_use_background_image":true,"has_extended_profile":false,"default_profile":false,"default_profile_image":false,"following":false,"follow_request_sent":false,"notifications":false,"translator_type":"none"},"geo":null,"coordinates":null,"place":null,"contributors":null,"is_quote_status":false,"retweet_count":51,"favorite_count":8,"favorited":false,"retweeted":false,"possibly_sensitive":false,"lang":"ja"},{"created_at":"Thu Jul 13 07:00:45 +0000 2017","id":885393543878987800,"id_str":"885393543878987780","text":"【更新情報】「Ｖジャンプニュース」更新！\nVジャンプ9月特大号掲載カードを順次公開！ 第3回\n『EXTRA PACK 2017』収録カード\nhttps://t.co/ORxy0HYWZq https://t.co/wGBmRJ4OIO","truncated":false,"entities":{"hashtags":[],"symbols":[],"user_mentions":[],"urls":[{"url":"https://t.co/ORxy0HYWZq","expanded_url":"http://yu-gi-oh.jp","display_url":"yu-gi-oh.jp","indices":[70,93]}],"media":[{"id":885364182295511000,"id_str":"885364182295511040","indices":[94,117],"media_url":"http://pbs.twimg.com/media/DElyCG6UAAA_y-l.jpg","media_url_https":"https://pbs.twimg.com/media/DElyCG6UAAA_y-l.jpg","url":"https://t.co/wGBmRJ4OIO","display_url":"pic.twitter.com/wGBmRJ4OIO","expanded_url":"https://twitter.com/yu_gi_oh_jp/status/885393543878987780/photo/1","type":"photo","sizes":{"large":{"w":256,"h":256,"resize":"fit"},"medium":{"w":256,"h":256,"resize":"fit"},"thumb":{"w":150,"h":150,"resize":"crop"},"small":{"w":256,"h":256,"resize":"fit"}}}]},"extended_entities":{"media":[{"id":885364182295511000,"id_str":"885364182295511040","indices":[94,117],"media_url":"http://pbs.twimg.com/media/DElyCG6UAAA_y-l.jpg","media_url_https":"https://pbs.twimg.com/media/DElyCG6UAAA_y-l.jpg","url":"https://t.co/wGBmRJ4OIO","display_url":"pic.twitter.com/wGBmRJ4OIO","expanded_url":"https://twitter.com/yu_gi_oh_jp/status/885393543878987780/photo/1","type":"photo","sizes":{"large":{"w":256,"h":256,"resize":"fit"},"medium":{"w":256,"h":256,"resize":"fit"},"thumb":{"w":150,"h":150,"resize":"crop"},"small":{"w":256,"h":256,"resize":"fit"}}}]},"metadata":{"iso_language_code":"ja","result_type":"recent"},"source":"<a href=\"http://twitter.com\" rel=\"nofollow\">Twitter Web Client</a>","in_reply_to_status_id":null,"in_reply_to_status_id_str":null,"in_reply_to_user_id":null,"in_reply_to_user_id_str":null,"in_reply_to_screen_name":null,"user":{"id":866520026416730100,"id_str":"866520026416730112","name":"【公式】YU-GI-OH.jp","screen_name":"yu_gi_oh_jp","location":"","description":"『遊☆戯☆王』に関連するあらゆるニュースを紹介する公式サイト「yu-gi-oh.jp」のアカウントです。※本アカウントではご質問などにはお答えしておりません。","url":"https://t.co/4yQ0p9ompB","entities":{"url":{"urls":[{"url":"https://t.co/4yQ0p9ompB","expanded_url":"http://yu-gi-oh.jp/","display_url":"yu-gi-oh.jp","indices":[0,23]}]},"description":{"urls":[]}},"protected":false,"followers_count":6267,"friends_count":3,"listed_count":53,"created_at":"Mon May 22 05:04:08 +0000 2017","favourites_count":0,"utc_offset":null,"time_zone":null,"geo_enabled":false,"verified":false,"statuses_count":31,"lang":"ja","contributors_enabled":false,"is_translator":false,"is_translation_enabled":false,"profile_background_color":"F5F8FA","profile_background_image_url":null,"profile_background_image_url_https":null,"profile_background_tile":false,"profile_image_url":"http://pbs.twimg.com/profile_images/876702595363897344/UN1Buqb5_normal.jpg","profile_image_url_https":"https://pbs.twimg.com/profile_images/876702595363897344/UN1Buqb5_normal.jpg","profile_banner_url":"https://pbs.twimg.com/profile_banners/866520026416730112/1496399380","profile_link_color":"1DA1F2","profile_sidebar_border_color":"C0DEED","profile_sidebar_fill_color":"DDEEF6","profile_text_color":"333333","profile_use_background_image":true,"has_extended_profile":false,"default_profile":true,"default_profile_image":false,"following":false,"follow_request_sent":false,"notifications":false,"translator_type":"none"},"geo":null,"coordinates":null,"place":null,"contributors":null,"is_quote_status":false,"retweet_count":77,"favorite_count":18,"favorited":false,"retweeted":false,"possibly_sensitive":false,"lang":"ja"},{"created_at":"Thu Jul 13 07:00:39 +0000 2017","id":885393519048745000,"id_str":"885393519048744960","text":"トミーテック商品説明会レポート3\n\n本日製品化発表！\nEF67-100 https://t.co/dsfOC06PBj","truncated":false,"entities":{"hashtags":[],"symbols":[],"user_mentions":[],"urls":[],"media":[{"id":885393510114803700,"id_str":"885393510114803713","indices":[36,59],"media_url":"http://pbs.twimg.com/media/DEmMtNjUQAEPe-I.jpg","media_url_https":"https://pbs.twimg.com/media/DEmMtNjUQAEPe-I.jpg","url":"https://t.co/dsfOC06PBj","display_url":"pic.twitter.com/dsfOC06PBj","expanded_url":"https://twitter.com/rc_awaza/status/885393519048744960/photo/1","type":"photo","sizes":{"large":{"w":2048,"h":1536,"resize":"fit"},"thumb":{"w":150,"h":150,"resize":"crop"},"medium":{"w":1200,"h":900,"resize":"fit"},"small":{"w":680,"h":510,"resize":"fit"}}}]},"extended_entities":{"media":[{"id":885393510114803700,"id_str":"885393510114803713","indices":[36,59],"media_url":"http://pbs.twimg.com/media/DEmMtNjUQAEPe-I.jpg","media_url_https":"https://pbs.twimg.com/media/DEmMtNjUQAEPe-I.jpg","url":"https://t.co/dsfOC06PBj","display_url":"pic.twitter.com/dsfOC06PBj","expanded_url":"https://twitter.com/rc_awaza/status/885393519048744960/photo/1","type":"photo","sizes":{"large":{"w":2048,"h":1536,"resize":"fit"},"thumb":{"w":150,"h":150,"resize":"crop"},"medium":{"w":1200,"h":900,"resize":"fit"},"small":{"w":680,"h":510,"resize":"fit"}}}]},"metadata":{"iso_language_code":"ja","result_type":"recent"},"source":"<a href=\"http://twitter.com/download/iphone\" rel=\"nofollow\">Twitter for iPhone</a>","in_reply_to_status_id":null,"in_reply_to_status_id_str":null,"in_reply_to_user_id":null,"in_reply_to_user_id_str":null,"in_reply_to_screen_name":null,"user":{"id":3108136742,"id_str":"3108136742","name":"レールクラフト阿波座@KSS選対委員会","screen_name":"rc_awaza","location":"大阪市西区西本町3-1-14松屋レジデンス1F","description":"#選挙終了まできのくにシーサイドの画像をあげて盛り上げる 大阪市西区の鉄道模型専門店『レールクラフト阿波座』の公式アカウント。新製品情報等をつぶやきます。中の人は店長ではありませんのであしからず。","url":"https://t.co/4WA7UQCJ0E","entities":{"url":{"urls":[{"url":"https://t.co/4WA7UQCJ0E","expanded_url":"http://rc-awaza.com/","display_url":"rc-awaza.com","indices":[0,23]}]},"description":{"urls":[]}},"protected":false,"followers_count":3842,"friends_count":159,"listed_count":56,"created_at":"Thu Mar 26 08:45:38 +0000 2015","favourites_count":354,"utc_offset":null,"time_zone":null,"geo_enabled":false,"verified":false,"statuses_count":23598,"lang":"ja","contributors_enabled":false,"is_translator":false,"is_translation_enabled":false,"profile_background_color":"000000","profile_background_image_url":"http://abs.twimg.com/images/themes/theme1/bg.png","profile_background_image_url_https":"https://abs.twimg.com/images/themes/theme1/bg.png","profile_background_tile":false,"profile_image_url":"http://pbs.twimg.com/profile_images/715800542044372992/2yzwRk4T_normal.jpg","profile_image_url_https":"https://pbs.twimg.com/profile_images/715800542044372992/2yzwRk4T_normal.jpg","profile_banner_url":"https://pbs.twimg.com/profile_banners/3108136742/1494801659","profile_link_color":"4A913C","profile_sidebar_border_color":"000000","profile_sidebar_fill_color":"000000","profile_text_color":"000000","profile_use_background_image":false,"has_extended_profile":true,"default_profile":false,"default_profile_image":false,"following":false,"follow_request_sent":false,"notifications":false,"translator_type":"none"},"geo":null,"coordinates":null,"place":null,"contributors":null,"is_quote_status":false,"retweet_count":100,"favorite_count":37,"favorited":false,"retweeted":false,"possibly_sensitive":false,"lang":"ja"}],"search_metadata":{"completed_in":0.07,"max_id":885393979818164200,"max_id_str":"885393979818164224","next_results":"?max_id=885393519048744959&q=lang%3Aja%20min_retweets%3A50&include_entities=1","query":"lang%3Aja+min_retweets%3A50","refresh_url":"?since_id=885393979818164224&q=lang%3Aja%20min_retweets%3A50&include_entities=1","count":15,"since_id":0,"since_id_str":"0"}}