{"statuses":[{"created_at":"Mon Jul 10 03:21:00 +0000 2017","id":884251079147311100,"id_str":"884251079147311105","text":"『妖狐と芥子』ダイヤチャージキャンペーン\n期間：7月11日5:00-7月18日23:59\nイベント期間中に600円チャージをしてセットコーデ『妖狐と芥子』を手に入れよう！\n※ゲーム内のメールBOXよりお受け取りください。\n※お一人… https://t.co/vLpaPAGwSK","truncated":true,"entities":{"hashtags":[],"symbols":[],"user_mentions":[],"urls":[{"url":"https://t.co/vLpaPAGwSK","expanded_url":"https://twitter.com/i/web/status/884251079147311105","display_url":"twitter.com/i/web/status/8…","indices":[117,140]}]},"metadata":{"iso_language_code":"ja","result_type":"recent"},"source":"<a href=\"http://twitter.com\" rel=\"nofollow\">Twitter Web Client</a>","in_reply_to_status_id":null,"in_reply_to_status_id_str":null,"in_reply_to_user_id":null,"in_reply_to_user_id_str":null,"in_reply_to_screen_name":null,"user":{"id":772648299002073100,"id_str":"772648299002073088","name":"ミラクルニキ公式","screen_name":"miraclenikkijp","location":"マーベル大陸","description":"『ミラクルニキ』の公式Twitterアカウントです。美しいグラフィックで送るお着替えコーデRPGゲームです。全世界で累計1億ダウンロード突破！これからも応援よろしくお願いいたします！お問い合わせ：support@miraclenikki.jp 受付時間：平日：10時〜18時","url":"https://t.co/QFLRYFNrJl","entities":{"url":{"urls":[{"url":"https://t.co/QFLRYFNrJl","expanded_url":"http://www.nikkigames.co.jp","display_url":"nikkigames.co.jp","indices":[0,23]}]},"description":{"urls":[]}},"protected":false,"followers_count":228287,"friends_count":1,"listed_count":874,"created_at":"Mon Sep 05 04:11:24 +0000 2016","favourites_count":47,"utc_offset":32400,"time_zone":"Tokyo","geo_enabled":false,"verified":true,"statuses_count":381,"lang":"zh-cn","contributors_enabled":false,"is_translator":false,"is_translation_enabled":false,"profile_background_color":"000000","profile_background_image_url":"http://abs.twimg.com/images/themes/theme1/bg.png","profile_background_image_url_https":"https://abs.twimg.com/images/themes/theme1/bg.png","profile_background_tile":false,"profile_image_url":"http://pbs.twimg.com/profile_images/792226678420361219/vo1Z-sNg_normal.jpg","profile_image_url_https":"https://pbs.twimg.com/profile_images/792226678420361219/vo1Z-sNg_normal.jpg","profile_banner_url":"https://pbs.twimg.com/profile_banners/772648299002073088/1485498850","profile_link_color":"F58EA8","profile_sidebar_border_color":"000000","profile_sidebar_fill_color":"000000","profile_text_color":"000000","profile_use_background_image":false,"has_extended_profile":true,"default_profile":false,"default_profile_image":false,"following":false,"follow_request_sent":false,"notifications":false,"translator_type":"none"},"geo":null,"coordinates":null,"place":null,"contributors":null,"is_quote_status":false,"retweet_count":95,"favorite_count":82,"favorited":false,"retweeted":false,"possibly_sensitive":false,"lang":"ja"},{"created_at":"Mon Jul 10 03:19:03 +0000 2017","id":884250588115902500,"id_str":"884250588115902464","text":"【鈴村健一】10周年記念ライブタイトル決定！イープラス先行受付開始！\nhttps://t.co/G6AHydy7cK https://t.co/rMjrpabrcI","truncated":false,"entities":{"hashtags":[],"symbols":[],"user_mentions":[],"urls":[{"url":"https://t.co/G6AHydy7cK","expanded_url":"http://www.lantis.jp/artist/suzumurakenichi/news_1499655601.html","display_url":"lantis.jp/artist/suzumur…","indices":[35,58]}],"media":[{"id":884250582298394600,"id_str":"884250582298394624","indices":[59,82],"media_url":"http://pbs.twimg.com/media/DEV9ODpUAAAc48Q.jpg","media_url_https":"https://pbs.twimg.com/media/DEV9ODpUAAAc48Q.jpg","url":"https://t.co/rMjrpabrcI","display_url":"pic.twitter.com/rMjrpabrcI","expanded_url":"https://twitter.com/lantis_staff/status/884250588115902464/photo/1","type":"photo","sizes":{"small":{"w":680,"h":485,"resize":"fit"},"thumb":{"w":150,"h":150,"resize":"crop"},"large":{"w":1789,"h":1275,"resize":"fit"},"medium":{"w":1200,"h":855,"resize":"fit"}}}]},"extended_entities":{"media":[{"id":884250582298394600,"id_str":"884250582298394624","indices":[59,82],"media_url":"http://pbs.twimg.com/media/DEV9ODpUAAAc48Q.jpg","media_url_https":"https://pbs.twimg.com/media/DEV9ODpUAAAc48Q.jpg","url":"https://t.co/rMjrpabrcI","display_url":"pic.twitter.com/rMjrpabrcI","expanded_url":"https://twitter.com/lantis_staff/status/884250588115902464/photo/1","type":"photo","sizes":{"small":{"w":680,"h":485,"resize":"fit"},"thumb":{"w":150,"h":150,"resize":"crop"},"large":{"w":1789,"h":1275,"resize":"fit"},"medium":{"w":1200,"h":855,"resize":"fit"}}}]},"metadata":{"iso_language_code":"ja","result_type":"recent"},"source":"<a href=\"http://itunes.apple.com/us/app/twitter/id409789998?mt=12\" rel=\"nofollow\">Twitter for Mac</a>","in_reply_to_status_id":null,"in_reply_to_status_id_str":null,"in_reply_to_user_id":null,"in_reply_to_user_id_str":null,"in_reply_to_screen_name":null,"user":{"id":120113383,"id_str":"120113383","name":"ランティス","screen_name":"lantis_staff","location":"恵比寿","description":"ランティス公式Twitterです。","url":"http://t.co/a4soO6vMaS","entities":{"url":{"urls":[{"url":"http://t.co/a4soO6vMaS","expanded_url":"http://lantis.jp","display_url":"lantis.jp","indices":[0,22]}]},"description":{"urls":[]}},"protected":false,"followers_count":70136,"friends_count":2,"listed_count":2138,"created_at":"Fri Mar 05 14:11:26 +0000 2010","favourites_count":37,"utc_offset":32400,"time_zone":"Tokyo","geo_enabled":true,"verified":false,"statuses_count":5344,"lang":"ja","contributors_enabled":false,"is_translator":false,"is_translation_enabled":false,"profile_background_color":"C0DEED","profile_background_image_url":"http://pbs.twimg.com/profile_background_images/81388139/lantis-______.jpg","profile_background_image_url_https":"https://pbs.twimg.com/profile_background_images/81388139/lantis-______.jpg","profile_background_tile":true,"profile_image_url":"http://pbs.twimg.com/profile_images/875936587179188224/2mOPGXJT_normal.jpg","profile_image_url_https":"https://pbs.twimg.com/profile_images/875936587179188224/2mOPGXJT_normal.jpg","profile_link_color":"0084B4","profile_sidebar_border_color":"C0DEED","profile_sidebar_fill_color":"DDEEF6","profile_text_color":"333333","profile_use_background_image":false,"has_extended_profile":false,"default_profile":false,"default_profile_image":false,"following":false,"follow_request_sent":false,"notifications":false,"translator_type":"none"},"geo":null,"coordinates":null,"place":null,"contributors":null,"is_quote_status":false,"retweet_count":54,"favorite_count":45,"favorited":false,"retweeted":false,"possibly_sensitive":false,"lang":"ja"},{"created_at":"Mon Jul 10 03:18:29 +0000 2017","id":884250444301713400,"id_str":"884250444301713410","text":"どこから課税したら将来の年金問題が解決するか考えよう選手権の結果を発表します。\n\n最優秀賞\n「国会議員の居眠り税」\n\n金賞\n「ヒアリから入国税」\n\n入選\nブラック企業でしこたま儲けてる経営陣\n\n寺を含む宗教法人\n\nイケメン\n\n1クソリプから","truncated":false,"entities":{"hashtags":[],"symbols":[],"user_mentions":[],"urls":[]},"metadata":{"iso_language_code":"ja","result_type":"recent"},"source":"<a href=\"http://twitter.com/download/iphone\" rel=\"nofollow\">Twitter for iPhone</a>","in_reply_to_status_id":null,"in_reply_to_status_id_str":null,"in_reply_to_user_id":null,"in_reply_to_user_id_str":null,"in_reply_to_screen_name":null,"user":{"id":2803477274,"id_str":"2803477274","name":"坊主","screen_name":"bozu_108","location":"日本","description":"ポケモンgoのやり過ぎで坊主バー破門になりました。坊主だけじゃ食ってけないので新宿ゴールデン街でバーテン始めました。神社の絵馬の個人情報保護シール「神のみぞシール」作りました。この垢は暇つぶしで見る位にして下さい。坊さんだらけのフットサルチーム作りました。対戦相手募集中。皆さんの悩みや不安を選手権で解決したいと思ってま","url":null,"entities":{"description":{"urls":[]}},"protected":false,"followers_count":237654,"friends_count":39597,"listed_count":1327,"created_at":"Thu Sep 11 10:41:30 +0000 2014","favourites_count":21147,"utc_offset":null,"time_zone":null,"geo_enabled":true,"verified":false,"statuses_count":1278,"lang":"ja","contributors_enabled":false,"is_translator":false,"is_translation_enabled":false,"profile_background_color":"C0DEED","profile_background_image_url":"http://abs.twimg.com/images/themes/theme1/bg.png","profile_background_image_url_https":"https://abs.twimg.com/images/themes/theme1/bg.png","profile_background_tile":false,"profile_image_url":"http://pbs.twimg.com/profile_images/778304121187078144/-SViugXh_normal.jpg","profile_image_url_https":"https://pbs.twimg.com/profile_images/778304121187078144/-SViugXh_normal.jpg","profile_banner_url":"https://pbs.twimg.com/profile_banners/2803477274/1475491730","profile_link_color":"1DA1F2","profile_sidebar_border_color":"C0DEED","profile_sidebar_fill_color":"DDEEF6","profile_text_color":"333333","profile_use_background_image":true,"has_extended_profile":false,"default_profile":true,"default_profile_image":false,"following":false,"follow_request_sent":false,"notifications":false,"translator_type":"none"},"geo":null,"coordinates":null,"place":null,"contributors":null,"is_quote_status":false,"retweet_count":172,"favorite_count":243,"favorited":false,"retweeted":false,"lang":"ja"},{"created_at":"Mon Jul 10 03:16:44 +0000 2017","id":884250005346828300,"id_str":"884250005346828288","text":"夏か冬、どっちかって言うと俺は秋が好きだな。🤔","truncated":false,"entities":{"hashtags":[],"symbols":[],"user_mentions":[],"urls":[]},"metadata":{"iso_language_code":"ja","result_type":"recent"},"source":"<a href=\"http://twitter.com/download/iphone\" rel=\"nofollow\">Twitter for iPhone</a>","in_reply_to_status_id":null,"in_reply_to_status_id_str":null,"in_reply_to_user_id":null,"in_reply_to_user_id_str":null,"in_reply_to_screen_name":null,"user":{"id":447899385,"id_str":"447899385","name":"aoi/the GazettE","screen_name":"official_aoi","location":"","description":"👋🌞","url":"https://t.co/udiXObEeZG","entities":{"url":{"urls":[{"url":"https://t.co/udiXObEeZG","expanded_url":"http://the-gazette.com","display_url":"the-gazette.com","indices":[0,23]}]},"description":{"urls":[]}},"protected":false,"followers_count":164608,"friends_count":8,"listed_count":2022,"created_at":"Tue Dec 27 11:32:42 +0000 2011","favourites_count":2,"utc_offset":-36000,"time_zone":"Hawaii","geo_enabled":false,"verified":true,"statuses_count":8312,"lang":"ja","contributors_enabled":false,"is_translator":false,"is_translation_enabled":true,"profile_background_color":"131516","profile_background_image_url":"http://pbs.twimg.com/profile_background_images/540493122048774147/zdD2QssM.jpeg","profile_background_image_url_https":"https://pbs.twimg.com/profile_background_images/540493122048774147/zdD2QssM.jpeg","profile_background_tile":false,"profile_image_url":"http://pbs.twimg.com/profile_images/878230672690749440/0PrcZ1mL_normal.jpg","profile_image_url_https":"https://pbs.twimg.com/profile_images/878230672690749440/0PrcZ1mL_normal.jpg","profile_banner_url":"https://pbs.twimg.com/profile_banners/447899385/1486792703","profile_link_color":"000000","profile_sidebar_border_color":"FFFFFF","profile_sidebar_fill_color":"EFEFEF","profile_text_color":"333333","profile_use_background_image":true,"has_extended_profile":false,"default_profile":false,"default_profile_image":false,"following":false,"follow_request_sent":false,"notifications":false,"translator_type":"none"},"geo":null,"coordinates":null,"place":null,"contributors":null,"is_quote_status":false,"retweet_count":117,"favorite_count":387,"favorited":false,"retweeted":false,"lang":"ja"},{"created_at":"Mon Jul 10 03:16:31 +0000 2017","id":884249950078419000,"id_str":"884249950078418944","text":"「パズドラ×FF」コラボ第4弾に「FF12：バルフレア・FF14：リセ・FF15：プロンプト・WoFF：レェン＆ラァン」　（@pad_sexy） https://t.co/GE3CvdsT2C","truncated":false,"entities":{"hashtags":[],"symbols":[],"user_mentions":[{"screen_name":"pad_sexy","name":"pad_sexy　パズル＆ドラゴンズ公式","id":488103057,"id_str":"488103057","indices":[62,71]}],"urls":[],"media":[{"id":884249933255135200,"id_str":"884249933255135232","indices":[73,96],"media_url":"http://pbs.twimg.com/media/DEV8oRxV0AAKxXn.jpg","media_url_https":"https://pbs.twimg.com/media/DEV8oRxV0AAKxXn.jpg","url":"https://t.co/GE3CvdsT2C","display_url":"pic.twitter.com/GE3CvdsT2C","expanded_url":"https://twitter.com/aibo_ac7/status/884249950078418944/photo/1","type":"photo","sizes":{"medium":{"w":639,"h":436,"resize":"fit"},"small":{"w":639,"h":436,"resize":"fit"},"thumb":{"w":150,"h":150,"resize":"crop"},"large":{"w":639,"h":436,"resize":"fit"}}}]},"extended_entities":{"media":[{"id":884249933255135200,"id_str":"884249933255135232","indices":[73,96],"media_url":"http://pbs.twimg.com/media/DEV8oRxV0AAKxXn.jpg","media_url_https":"https://pbs.twimg.com/media/DEV8oRxV0AAKxXn.jpg","url":"https://t.co/GE3CvdsT2C","display_url":"pic.twitter.com/GE3CvdsT2C","expanded_url":"https://twitter.com/aibo_ac7/status/884249950078418944/photo/1","type":"photo","sizes":{"medium":{"w":639,"h":436,"resize":"fit"},"small":{"w":639,"h":436,"resize":"fit"},"thumb":{"w":150,"h":150,"resize":"crop"},"large":{"w":639,"h":436,"resize":"fit"}}},{"id":884249933271806000,"id_str":"884249933271805952","indices":[73,96],"media_url":"http://pbs.twimg.com/media/DEV8oR1UMAAes_A.jpg","media_url_https":"https://pbs.twimg.com/media/DEV8oR1UMAAes_A.jpg","url":"https://t.co/GE3CvdsT2C","display_url":"pic.twitter.com/GE3CvdsT2C","expanded_url":"https://twitter.com/aibo_ac7/status/884249950078418944/photo/1","type":"photo","sizes":{"small":{"w":640,"h":487,"resize":"fit"},"thumb":{"w":150,"h":150,"resize":"crop"},"medium":{"w":640,"h":487,"resize":"fit"},"large":{"w":640,"h":487,"resize":"fit"}}},{"id":884249933267615700,"id_str":"884249933267615744","indices":[73,96],"media_url":"http://pbs.twimg.com/media/DEV8oR0UQAAo9_I.jpg","media_url_https":"https://pbs.twimg.com/media/DEV8oR0UQAAo9_I.jpg","url":"https://t.co/GE3CvdsT2C","display_url":"pic.twitter.com/GE3CvdsT2C","expanded_url":"https://twitter.com/aibo_ac7/status/884249950078418944/photo/1","type":"photo","sizes":{"large":{"w":639,"h":494,"resize":"fit"},"small":{"w":639,"h":494,"resize":"fit"},"medium":{"w":639,"h":494,"resize":"fit"},"thumb":{"w":150,"h":150,"resize":"crop"}}},{"id":884249933263454200,"id_str":"884249933263454208","indices":[73,96],"media_url":"http://pbs.twimg.com/media/DEV8oRzUwAALtEh.jpg","media_url_https":"https://pbs.twimg.com/media/DEV8oRzUwAALtEh.jpg","url":"https://t.co/GE3CvdsT2C","display_url":"pic.twitter.com/GE3CvdsT2C","expanded_url":"https://twitter.com/aibo_ac7/status/884249950078418944/photo/1","type":"photo","sizes":{"large":{"w":639,"h":475,"resize":"fit"},"thumb":{"w":150,"h":150,"resize":"crop"},"medium":{"w":639,"h":475,"resize":"fit"},"small":{"w":639,"h":475,"resize":"fit"}}}]},"metadata":{"iso_language_code":"ja","result_type":"recent"},"source":"<a href=\"http://twitter.com\" rel=\"nofollow\">Twitter Web Client</a>","in_reply_to_status_id":null,"in_reply_to_status_id_str":null,"in_reply_to_user_id":null,"in_reply_to_user_id_str":null,"in_reply_to_screen_name":null,"user":{"id":92697592,"id_str":"92697592","name":"aibo","screen_name":"aibo_ac7","location":"関東","description":"FF・KH好き、日々関連のニュース集め。他スクエニ関連や、たまに気になるニュースなどもつぶやいてます。インタビュー・各種ニュース記事内容（フラゲ含）のツイート有 　サイト：https://t.co/2aA6C7BSeD","url":"http://t.co/JGPO2rpWmZ","entities":{"url":{"urls":[{"url":"http://t.co/JGPO2rpWmZ","expanded_url":"http://www.ff-reunion.net","display_url":"ff-reunion.net","indices":[0,22]}]},"description":{"urls":[{"url":"https://t.co/2aA6C7BSeD","expanded_url":"http://www.ff-reunion.net","display_url":"ff-reunion.net","indices":[86,109]}]}},"protected":false,"followers_count":8538,"friends_count":848,"listed_count":291,"created_at":"Thu Nov 26 06:15:09 +0000 2009","favourites_count":790,"utc_offset":32400,"time_zone":"Tokyo","geo_enabled":false,"verified":false,"statuses_count":27392,"lang":"ja","contributors_enabled":false,"is_translator":false,"is_translation_enabled":false,"profile_background_color":"000000","profile_background_image_url":"http://abs.twimg.com/images/themes/theme1/bg.png","profile_background_image_url_https":"https://abs.twimg.com/images/themes/theme1/bg.png","profile_background_tile":false,"profile_image_url":"http://pbs.twimg.com/profile_images/509580462184861696/4OK0l8Ct_normal.jpeg","profile_image_url_https":"https://pbs.twimg.com/profile_images/509580462184861696/4OK0l8Ct_normal.jpeg","profile_link_color":"7DC7C2","profile_sidebar_border_color":"000000","profile_sidebar_fill_color":"000000","profile_text_color":"000000","profile_use_background_image":false,"has_extended_profile":false,"default_profile":false,"default_profile_image":false,"following":false,"follow_request_sent":false,"notifications":false,"translator_type":"none"},"geo":null,"coordinates":null,"place":null,"contributors":null,"is_quote_status":false,"retweet_count":74,"favorite_count":34,"favorited":false,"retweeted":false,"possibly_sensitive":false,"lang":"ja"},{"created_at":"Mon Jul 10 03:16:12 +0000 2017","id":884249870315290600,"id_str":"884249870315290627","text":"自分は産婦人科医だから妊婦が災害で亡くなったのは残念なことだと思うけど、他の亡くなった人にも周囲に悲しむ人がいて、いろんな物語があったはずで、妊婦の災害死だけをことさらに報道し、「赤ちゃんもお腹の中からママがんばってと応援していたに違いない」みたいな感動の消費に使うのやめてほしい","truncated":false,"entities":{"hashtags":[],"symbols":[],"user_mentions":[],"urls":[]},"metadata":{"iso_language_code":"ja","result_type":"recent"},"source":"<a href=\"http://twitter.com/#!/download/ipad\" rel=\"nofollow\">Twitter for iPad</a>","in_reply_to_status_id":null,"in_reply_to_status_id_str":null,"in_reply_to_user_id":null,"in_reply_to_user_id_str":null,"in_reply_to_screen_name":null,"user":{"id":226438219,"id_str":"226438219","name":"タビトラ","screen_name":"tabitora1013","location":"","description":"猫2匹と犬2匹と暮らしてます。 産婦人科医。誰かに料理を作って飲んだり食べたりするの大好き。くだらないことも好き。キライなものは納豆と陰口。非公式RTと、巻き込みリプライにはほぼお返事してません","url":"https://t.co/BNYxMmrqzf","entities":{"url":{"urls":[{"url":"https://t.co/BNYxMmrqzf","expanded_url":"http://tabitora.hatenablog.com/about","display_url":"tabitora.hatenablog.com/about","indices":[0,23]}]},"description":{"urls":[]}},"protected":false,"followers_count":29142,"friends_count":102,"listed_count":817,"created_at":"Tue Dec 14 04:36:03 +0000 2010","favourites_count":3350,"utc_offset":32400,"time_zone":"Tokyo","geo_enabled":false,"verified":false,"statuses_count":67803,"lang":"ja","contributors_enabled":false,"is_translator":false,"is_translation_enabled":false,"profile_background_color":"709397","profile_background_image_url":"http://pbs.twimg.com/profile_background_images/617814282/226438219-GGwjP31yjvXP7bxdm3rumbWl4KUcY2nMJxYmAjLR1129260655.jpg","profile_background_image_url_https":"https://pbs.twimg.com/profile_background_images/617814282/226438219-GGwjP31yjvXP7bxdm3rumbWl4KUcY2nMJxYmAjLR1129260655.jpg","profile_background_tile":true,"profile_image_url":"http://pbs.twimg.com/profile_images/2467365922/226438219-GGwjP31yjvXP7bxdm3rumbWl4KUcY2nMJxYmAjLR-1469600682_normal.jpg","profile_image_url_https":"https://pbs.twimg.com/profile_images/2467365922/226438219-GGwjP31yjvXP7bxdm3rumbWl4KUcY2nMJxYmAjLR-1469600682_normal.jpg","profile_banner_url":"https://pbs.twimg.com/profile_banners/226438219/1350321460","profile_link_color":"FF3300","profile_sidebar_border_color":"86A4A6","profile_sidebar_fill_color":"A0C5C7","profile_text_color":"333333","profile_use_background_image":true,"has_extended_profile":false,"default_profile":false,"default_profile_image":false,"following":false,"follow_request_sent":false,"notifications":false,"translator_type":"none"},"geo":null,"coordinates":null,"place":null,"contributors":null,"is_quote_status":false,"retweet_count":50,"favorite_count":65,"favorited":false,"retweeted":false,"lang":"ja"},{"created_at":"Mon Jul 10 03:15:56 +0000 2017","id":884249802703118300,"id_str":"884249802703118336","text":"AC「ロード オブ ヴァーミリオン IV」那須与一や風魔小太郎を含む10券種の使い魔カードの情報が公開！新機能「アイテム錬成」もチェック https://t.co/8PUXAqpOrV #lovfan https://t.co/adthAjP4PH","truncated":false,"entities":{"hashtags":[{"text":"lovfan","indices":[93,100]}],"symbols":[],"user_mentions":[],"urls":[{"url":"https://t.co/8PUXAqpOrV","expanded_url":"http://www.gamer.ne.jp/news/201707100011/","display_url":"gamer.ne.jp/news/201707100…","indices":[69,92]}],"media":[{"id":884249799725166600,"id_str":"884249799725166592","indices":[101,124],"media_url":"http://pbs.twimg.com/media/DEV8ggVUMAA08Og.jpg","media_url_https":"https://pbs.twimg.com/media/DEV8ggVUMAA08Og.jpg","url":"https://t.co/adthAjP4PH","display_url":"pic.twitter.com/adthAjP4PH","expanded_url":"https://twitter.com/GamerNeJp/status/884249802703118336/photo/1","type":"photo","sizes":{"large":{"w":355,"h":500,"resize":"fit"},"small":{"w":355,"h":500,"resize":"fit"},"thumb":{"w":150,"h":150,"resize":"crop"},"medium":{"w":355,"h":500,"resize":"fit"}}}]},"extended_entities":{"media":[{"id":884249799725166600,"id_str":"884249799725166592","indices":[101,124],"media_url":"http://pbs.twimg.com/media/DEV8ggVUMAA08Og.jpg","media_url_https":"https://pbs.twimg.com/media/DEV8ggVUMAA08Og.jpg","url":"https://t.co/adthAjP4PH","display_url":"pic.twitter.com/adthAjP4PH","expanded_url":"https://twitter.com/GamerNeJp/status/884249802703118336/photo/1","type":"photo","sizes":{"large":{"w":355,"h":500,"resize":"fit"},"small":{"w":355,"h":500,"resize":"fit"},"thumb":{"w":150,"h":150,"resize":"crop"},"medium":{"w":355,"h":500,"resize":"fit"}}}]},"metadata":{"iso_language_code":"ja","result_type":"recent"},"source":"<a href=\"http://www.gamer.ne.jp/\" rel=\"nofollow\">GamerNews</a>","in_reply_to_status_id":null,"in_reply_to_status_id_str":null,"in_reply_to_user_id":null,"in_reply_to_user_id_str":null,"in_reply_to_screen_name":null,"user":{"id":298410252,"id_str":"298410252","name":"Gamer","screen_name":"GamerNeJp","location":"","description":"ゲーム総合情報サイトGamerの公式twitterアカウント。コンシューマーからスマートフォンまで、最新ゲームニュースをつぶやきます。\r\nhttp://t.co/8UfFEeGFvj\r\nhttp://t.co/1KcATabyXf","url":"http://t.co/p97WO7iQg5","entities":{"url":{"urls":[{"url":"http://t.co/p97WO7iQg5","expanded_url":"http://www.gamer.ne.jp/","display_url":"gamer.ne.jp","indices":[0,22]}]},"description":{"urls":[{"url":"http://t.co/8UfFEeGFvj","expanded_url":"http://www.facebook.com/Gamer.ne.jp","display_url":"facebook.com/Gamer.ne.jp","indices":[69,91]},{"url":"http://t.co/1KcATabyXf","expanded_url":"http://www.youtube.com/gamernejp","display_url":"youtube.com/gamernejp","indices":[93,115]}]}},"protected":false,"followers_count":21585,"friends_count":5411,"listed_count":748,"created_at":"Sat May 14 08:15:38 +0000 2011","favourites_count":0,"utc_offset":32400,"time_zone":"Tokyo","geo_enabled":false,"verified":false,"statuses_count":114021,"lang":"ja","contributors_enabled":false,"is_translator":false,"is_translation_enabled":false,"profile_background_color":"C0DEED","profile_background_image_url":"http://pbs.twimg.com/profile_background_images/489633897265651713/38DrmBCx.png","profile_background_image_url_https":"https://pbs.twimg.com/profile_background_images/489633897265651713/38DrmBCx.png","profile_background_tile":false,"profile_image_url":"http://pbs.twimg.com/profile_images/1367105395/background_normal.png","profile_image_url_https":"https://pbs.twimg.com/profile_images/1367105395/background_normal.png","profile_banner_url":"https://pbs.twimg.com/profile_banners/298410252/1405578075","profile_link_color":"FE4D02","profile_sidebar_border_color":"000000","profile_sidebar_fill_color":"DDEEF6","profile_text_color":"333333","profile_use_background_image":false,"has_extended_profile":false,"default_profile":false,"default_profile_image":false,"following":false,"follow_request_sent":false,"notifications":false,"translator_type":"none"},"geo":null,"coordinates":null,"place":null,"contributors":null,"is_quote_status":false,"retweet_count":63,"favorite_count":12,"favorited":false,"retweeted":false,"possibly_sensitive":false,"lang":"ja"},{"created_at":"Mon Jul 10 03:15:56 +0000 2017","id":884249802074054700,"id_str":"884249802074054657","text":"管理人\n収録が始まりました(＾＾) よゐこのお2人は宿題でどこまで進められたのでしょうか…サバイバル生活の集大成、おっさん2にんじま。の完成に向けて、皆さん応援よろしくお願いします！ https://t.co/FYyZXL4c8I","truncated":false,"entities":{"hashtags":[],"symbols":[],"user_mentions":[],"urls":[],"media":[{"id":884249783182934000,"id_str":"884249783182934016","indices":[92,115],"media_url":"http://pbs.twimg.com/media/DEV8fitVwAA0r08.jpg","media_url_https":"https://pbs.twimg.com/media/DEV8fitVwAA0r08.jpg","url":"https://t.co/FYyZXL4c8I","display_url":"pic.twitter.com/FYyZXL4c8I","expanded_url":"https://twitter.com/yoiko_minecraft/status/884249802074054657/photo/1","type":"photo","sizes":{"thumb":{"w":150,"h":150,"resize":"crop"},"large":{"w":2048,"h":1536,"resize":"fit"},"medium":{"w":1200,"h":900,"resize":"fit"},"small":{"w":680,"h":510,"resize":"fit"}}}]},"extended_entities":{"media":[{"id":884249783182934000,"id_str":"884249783182934016","indices":[92,115],"media_url":"http://pbs.twimg.com/media/DEV8fitVwAA0r08.jpg","media_url_https":"https://pbs.twimg.com/media/DEV8fitVwAA0r08.jpg","url":"https://t.co/FYyZXL4c8I","display_url":"pic.twitter.com/FYyZXL4c8I","expanded_url":"https://twitter.com/yoiko_minecraft/status/884249802074054657/photo/1","type":"photo","sizes":{"thumb":{"w":150,"h":150,"resize":"crop"},"large":{"w":2048,"h":1536,"resize":"fit"},"medium":{"w":1200,"h":900,"resize":"fit"},"small":{"w":680,"h":510,"resize":"fit"}}}]},"metadata":{"iso_language_code":"ja","result_type":"recent"},"source":"<a href=\"http://twitter.com/download/iphone\" rel=\"nofollow\">Twitter for iPhone</a>","in_reply_to_status_id":null,"in_reply_to_status_id_str":null,"in_reply_to_user_id":null,"in_reply_to_user_id_str":null,"in_reply_to_screen_name":null,"user":{"id":862131238554841100,"id_str":"862131238554841090","name":"よゐこのマイクラでサバイバル生活","screen_name":"yoiko_minecraft","location":"","description":"WEB番組「よゐこのマイクラでサバイバル生活」公式アカウントです。 よゐこの2人からのマイクラについての質問のほか、番組の更新情報などをお知らせします。 頂いたコメントに全てお返事することはできませんのであらかじめご了承ください。 第1回目の動画はこちら→https://t.co/rFLZB2LIXp","url":null,"entities":{"description":{"urls":[{"url":"https://t.co/rFLZB2LIXp","expanded_url":"https://youtu.be/Rs2ORs1lNqY","display_url":"youtu.be/Rs2ORs1lNqY","indices":[128,151]}]}},"protected":false,"followers_count":129940,"friends_count":4,"listed_count":645,"created_at":"Wed May 10 02:24:39 +0000 2017","favourites_count":19,"utc_offset":null,"time_zone":null,"geo_enabled":false,"verified":false,"statuses_count":207,"lang":"ja","contributors_enabled":false,"is_translator":false,"is_translation_enabled":false,"profile_background_color":"000000","profile_background_image_url":"http://abs.twimg.com/images/themes/theme1/bg.png","profile_background_image_url_https":"https://abs.twimg.com/images/themes/theme1/bg.png","profile_background_tile":false,"profile_image_url":"http://pbs.twimg.com/profile_images/862834483317178368/9FeLgTrC_normal.jpg","profile_image_url_https":"https://pbs.twimg.com/profile_images/862834483317178368/9FeLgTrC_normal.jpg","profile_banner_url":"https://pbs.twimg.com/profile_banners/862131238554841090/1496201493","profile_link_color":"19CF86","profile_sidebar_border_color":"000000","profile_sidebar_fill_color":"000000","profile_text_color":"000000","profile_use_background_image":false,"has_extended_profile":false,"default_profile":false,"default_profile_image":false,"following":false,"follow_request_sent":false,"notifications":false,"translator_type":"none"},"geo":null,"coordinates":null,"place":null,"contributors":null,"is_quote_status":false,"retweet_count":469,"favorite_count":847,"favorited":false,"retweeted":false,"possibly_sensitive":false,"lang":"ja"},{"created_at":"Mon Jul 10 03:15:51 +0000 2017","id":884249782398500900,"id_str":"884249782398500864","text":"絶好調 https://t.co/uYaP9UQyNK","truncated":false,"entities":{"hashtags":[],"symbols":[],"user_mentions":[],"urls":[],"media":[{"id":884248650540392400,"id_str":"884248650540392449","indices":[4,27],"media_url":"http://pbs.twimg.com/ext_tw_video_thumb/884248650540392449/pu/img/MnoOIwX_Yb6d3i2x.jpg","media_url_https":"https://pbs.twimg.com/ext_tw_video_thumb/884248650540392449/pu/img/MnoOIwX_Yb6d3i2x.jpg","url":"https://t.co/uYaP9UQyNK","display_url":"pic.twitter.com/uYaP9UQyNK","expanded_url":"https://twitter.com/kuge_kyohei/status/884249782398500864/video/1","type":"photo","sizes":{"small":{"w":340,"h":604,"resize":"fit"},"large":{"w":720,"h":1280,"resize":"fit"},"thumb":{"w":150,"h":150,"resize":"crop"},"medium":{"w":600,"h":1067,"resize":"fit"}}}]},"extended_entities":{"media":[{"id":884248650540392400,"id_str":"884248650540392449","indices":[4,27],"media_url":"http://pbs.twimg.com/ext_tw_video_thumb/884248650540392449/pu/img/MnoOIwX_Yb6d3i2x.jpg","media_url_https":"https://pbs.twimg.com/ext_tw_video_thumb/884248650540392449/pu/img/MnoOIwX_Yb6d3i2x.jpg","url":"https://t.co/uYaP9UQyNK","display_url":"pic.twitter.com/uYaP9UQyNK","expanded_url":"https://twitter.com/kuge_kyohei/status/884249782398500864/video/1","type":"video","sizes":{"small":{"w":340,"h":604,"resize":"fit"},"large":{"w":720,"h":1280,"resize":"fit"},"thumb":{"w":150,"h":150,"resize":"crop"},"medium":{"w":600,"h":1067,"resize":"fit"}},"video_info":{"aspect_ratio":[9,16],"duration_millis":49733,"variants":[{"content_type":"application/x-mpegURL","url":"https://video.twimg.com/ext_tw_video/884248650540392449/pu/pl/XeP1mRBZKuMhuWgd.m3u8"},{"bitrate":2176000,"content_type":"video/mp4","url":"https://video.twimg.com/ext_tw_video/884248650540392449/pu/vid/720x1280/DtJVHFMstC6IDmXU.mp4"},{"bitrate":320000,"content_type":"video/mp4","url":"https://video.twimg.com/ext_tw_video/884248650540392449/pu/vid/180x320/kd-_VXfdNJomE2_a.mp4"},{"bitrate":832000,"content_type":"video/mp4","url":"https://video.twimg.com/ext_tw_video/884248650540392449/pu/vid/360x640/VB6QWZA8zMQzfrg2.mp4"}]},"additional_media_info":{"monetizable":false}}]},"metadata":{"iso_language_code":"ja","result_type":"recent"},"source":"<a href=\"http://twitter.com/download/iphone\" rel=\"nofollow\">Twitter for iPhone</a>","in_reply_to_status_id":null,"in_reply_to_status_id_str":null,"in_reply_to_user_id":null,"in_reply_to_user_id_str":null,"in_reply_to_screen_name":null,"user":{"id":960495476,"id_str":"960495476","name":"久下 恭平","screen_name":"kuge_kyohei","location":"","description":"Kitty 俳優 本と電線が好き。/舞台『下天の華 夢灯り』 黒田官兵衛役/舞台『ソラオの世界』 /ミュージカル『忍たま乱太郎』第8弾.第8弾再演 鉢屋三郎役/舞台『未来のために。』/舞台『My Sweet Baby』/舞台『私を殺して…』8月毎週月曜日・土曜日/映画『Hide Behind』12月公開","url":"https://t.co/KU1NrzfXdv","entities":{"url":{"urls":[{"url":"https://t.co/KU1NrzfXdv","expanded_url":"http://s.ameblo.jp/kugekyohei","display_url":"s.ameblo.jp/kugekyohei","indices":[0,23]}]},"description":{"urls":[]}},"protected":false,"followers_count":6358,"friends_count":527,"listed_count":423,"created_at":"Tue Nov 20 13:37:46 +0000 2012","favourites_count":2854,"utc_offset":null,"time_zone":null,"geo_enabled":false,"verified":false,"statuses_count":10015,"lang":"en","contributors_enabled":false,"is_translator":false,"is_translation_enabled":false,"profile_background_color":"C0DEED","profile_background_image_url":"http://abs.twimg.com/images/themes/theme1/bg.png","profile_background_image_url_https":"https://abs.twimg.com/images/themes/theme1/bg.png","profile_background_tile":false,"profile_image_url":"http://pbs.twimg.com/profile_images/883735612645195776/YVBzEIt__normal.jpg","profile_image_url_https":"https://pbs.twimg.com/profile_images/883735612645195776/YVBzEIt__normal.jpg","profile_banner_url":"https://pbs.twimg.com/profile_banners/960495476/1480586615","profile_link_color":"1DA1F2","profile_sidebar_border_color":"C0DEED","profile_sidebar_fill_color":"DDEEF6","profile_text_color":"333333","profile_use_background_image":true,"has_extended_profile":true,"default_profile":true,"default_profile_image":false,"following":false,"follow_request_sent":false,"notifications":false,"translator_type":"none"},"geo":null,"coordinates":null,"place":null,"contributors":null,"is_quote_status":false,"retweet_count":78,"favorite_count":141,"favorited":false,"retweeted":false,"possibly_sensitive":false,"lang":"ja"},{"created_at":"Mon Jul 10 03:15:50 +0000 2017","id":884249779672186900,"id_str":"884249779672186880","text":"あしたは！\n東京ドーム巨人戦で\nピカチュウたちと始球式です！！\nこんな幸せな生きた証！\nたのしみです！\n絶対観戦しにきてね！\nみてねみてね！\n\nノーバンゲットしたい！ https://t.co/6CxvQyjGXc","truncated":false,"entities":{"hashtags":[],"symbols":[],"user_mentions":[],"urls":[],"media":[{"id":884249771644338200,"id_str":"884249771644338176","indices":[84,107],"media_url":"http://pbs.twimg.com/media/DEV8e3uUwAAC7MI.jpg","media_url_https":"https://pbs.twimg.com/media/DEV8e3uUwAAC7MI.jpg","url":"https://t.co/6CxvQyjGXc","display_url":"pic.twitter.com/6CxvQyjGXc","expanded_url":"https://twitter.com/shoko55mmts/status/884249779672186880/photo/1","type":"photo","sizes":{"small":{"w":680,"h":510,"resize":"fit"},"thumb":{"w":150,"h":150,"resize":"crop"},"large":{"w":1478,"h":1108,"resize":"fit"},"medium":{"w":1200,"h":900,"resize":"fit"}}}]},"extended_entities":{"media":[{"id":884249771644338200,"id_str":"884249771644338176","indices":[84,107],"media_url":"http://pbs.twimg.com/media/DEV8e3uUwAAC7MI.jpg","media_url_https":"https://pbs.twimg.com/media/DEV8e3uUwAAC7MI.jpg","url":"https://t.co/6CxvQyjGXc","display_url":"pic.twitter.com/6CxvQyjGXc","expanded_url":"https://twitter.com/shoko55mmts/status/884249779672186880/photo/1","type":"photo","sizes":{"small":{"w":680,"h":510,"resize":"fit"},"thumb":{"w":150,"h":150,"resize":"crop"},"large":{"w":1478,"h":1108,"resize":"fit"},"medium":{"w":1200,"h":900,"resize":"fit"}}}]},"metadata":{"iso_language_code":"ja","result_type":"recent"},"source":"<a href=\"http://twitter.com/download/iphone\" rel=\"nofollow\">Twitter for iPhone</a>","in_reply_to_status_id":null,"in_reply_to_status_id_str":null,"in_reply_to_user_id":null,"in_reply_to_user_id_str":null,"in_reply_to_screen_name":null,"user":{"id":1570086542,"id_str":"1570086542","name":"中川翔子🍉🍉🍉🍉🍉","screen_name":"shoko55mmts","location":"なかの","description":"猫とゲームとアニソンがすき❤️ポケモン映画11年連続‼️⭐︎中野ブロードウェイ三階ビームスと共同プロデュース mmts⭐️塔の上のラプンツェル⭐️ドラゴンクエスト アリーナ姫⭐️ポケんち！ニンフィア ジョーイさん⭐️セーラームーンcrystalダイアナ⭐️舞台 上を下へのジレッタ⭐︎空色デイズ ドリドリ⭐︎","url":"https://t.co/h1siPLdTfS","entities":{"url":{"urls":[{"url":"https://t.co/h1siPLdTfS","expanded_url":"http://s.ameblo.jp/nakagawa-shoko/","display_url":"s.ameblo.jp/nakagawa-shoko/","indices":[0,23]}]},"description":{"urls":[]}},"protected":false,"followers_count":536101,"friends_count":897,"listed_count":5873,"created_at":"Fri Jul 05 09:00:10 +0000 2013","favourites_count":1939,"utc_offset":null,"time_zone":null,"geo_enabled":false,"verified":true,"statuses_count":27803,"lang":"ja","contributors_enabled":false,"is_translator":false,"is_translation_enabled":false,"profile_background_color":"C0DEED","profile_background_image_url":"http://abs.twimg.com/images/themes/theme1/bg.png","profile_background_image_url_https":"https://abs.twimg.com/images/themes/theme1/bg.png","profile_background_tile":false,"profile_image_url":"http://pbs.twimg.com/profile_images/466049542261985281/i66ZpTGK_normal.jpeg","profile_image_url_https":"https://pbs.twimg.com/profile_images/466049542261985281/i66ZpTGK_normal.jpeg","profile_banner_url":"https://pbs.twimg.com/profile_banners/1570086542/1468721875","profile_link_color":"1DA1F2","profile_sidebar_border_color":"C0DEED","profile_sidebar_fill_color":"DDEEF6","profile_text_color":"333333","profile_use_background_image":true,"has_extended_profile":true,"default_profile":true,"default_profile_image":false,"following":false,"follow_request_sent":false,"notifications":false,"translator_type":"none"},"geo":null,"coordinates":null,"place":null,"contributors":null,"is_quote_status":false,"retweet_count":102,"favorite_count":258,"favorited":false,"retweeted":false,"possibly_sensitive":false,"lang":"ja"},{"created_at":"Mon Jul 10 03:15:47 +0000 2017","id":884249767194144800,"id_str":"884249767194144768","text":"夏時雨2017 https://t.co/OkK5FyHniU","truncated":false,"entities":{"hashtags":[],"symbols":[],"user_mentions":[],"urls":[],"media":[{"id":884249697270943700,"id_str":"884249697270943744","indices":[8,31],"media_url":"http://pbs.twimg.com/media/DEV8aiqU0AA6S9f.jpg","media_url_https":"https://pbs.twimg.com/media/DEV8aiqU0AA6S9f.jpg","url":"https://t.co/OkK5FyHniU","display_url":"pic.twitter.com/OkK5FyHniU","expanded_url":"https://twitter.com/amamitsuki12/status/884249767194144768/photo/1","type":"photo","sizes":{"small":{"w":480,"h":680,"resize":"fit"},"thumb":{"w":150,"h":150,"resize":"crop"},"medium":{"w":777,"h":1100,"resize":"fit"},"large":{"w":777,"h":1100,"resize":"fit"}}}]},"extended_entities":{"media":[{"id":884249697270943700,"id_str":"884249697270943744","indices":[8,31],"media_url":"http://pbs.twimg.com/media/DEV8aiqU0AA6S9f.jpg","media_url_https":"https://pbs.twimg.com/media/DEV8aiqU0AA6S9f.jpg","url":"https://t.co/OkK5FyHniU","display_url":"pic.twitter.com/OkK5FyHniU","expanded_url":"https://twitter.com/amamitsuki12/status/884249767194144768/photo/1","type":"photo","sizes":{"small":{"w":480,"h":680,"resize":"fit"},"thumb":{"w":150,"h":150,"resize":"crop"},"medium":{"w":777,"h":1100,"resize":"fit"},"large":{"w":777,"h":1100,"resize":"fit"}}}]},"metadata":{"iso_language_code":"ja","result_type":"recent"},"source":"<a href=\"http://twitter.com\" rel=\"nofollow\">Twitter Web Client</a>","in_reply_to_status_id":null,"in_reply_to_status_id_str":null,"in_reply_to_user_id":null,"in_reply_to_user_id_str":null,"in_reply_to_screen_name":null,"user":{"id":958290270,"id_str":"958290270","name":"天三月","screen_name":"amamitsuki12","location":"","description":"◆フリーのイラストレーターです　　　   読みは「あまみつき」です　　　　　　人見知りメタボ　　　　　　　　 ◆Pixiv　https://t.co/jgSGNBkzwg　　　　　◆なまほそ　co2831362　　　　　　 　◆BOOTH　https://t.co/RlE6QgR5y9","url":"https://t.co/8qBAX65b17","entities":{"url":{"urls":[{"url":"https://t.co/8qBAX65b17","expanded_url":"http://kukanzero.web.fc2.com/","display_url":"kukanzero.web.fc2.com","indices":[0,23]}]},"description":{"urls":[{"url":"https://t.co/jgSGNBkzwg","expanded_url":"https://pixiv.me/aienkien777","display_url":"pixiv.me/aienkien777","indices":[62,85]},{"url":"https://t.co/RlE6QgR5y9","expanded_url":"http://amamitsuki.booth.pm/?utm","display_url":"amamitsuki.booth.pm/?utm","indices":[120,143]}]}},"protected":false,"followers_count":196621,"friends_count":992,"listed_count":3713,"created_at":"Mon Nov 19 19:36:30 +0000 2012","favourites_count":8684,"utc_offset":28800,"time_zone":"Irkutsk","geo_enabled":false,"verified":false,"statuses_count":5515,"lang":"ja","contributors_enabled":false,"is_translator":false,"is_translation_enabled":false,"profile_background_color":"C0DEED","profile_background_image_url":"http://abs.twimg.com/images/themes/theme1/bg.png","profile_background_image_url_https":"https://abs.twimg.com/images/themes/theme1/bg.png","profile_background_tile":false,"profile_image_url":"http://pbs.twimg.com/profile_images/875556877727277057/R1y5KxTT_normal.jpg","profile_image_url_https":"https://pbs.twimg.com/profile_images/875556877727277057/R1y5KxTT_normal.jpg","profile_banner_url":"https://pbs.twimg.com/profile_banners/958290270/1437433419","profile_link_color":"1DA1F2","profile_sidebar_border_color":"C0DEED","profile_sidebar_fill_color":"DDEEF6","profile_text_color":"333333","profile_use_background_image":true,"has_extended_profile":true,"default_profile":true,"default_profile_image":false,"following":false,"follow_request_sent":false,"notifications":false,"translator_type":"none"},"geo":null,"coordinates":null,"place":null,"contributors":null,"is_quote_status":false,"retweet_count":657,"favorite_count":1372,"favorited":false,"retweeted":false,"possibly_sensitive":true,"lang":"ja"},{"created_at":"Mon Jul 10 03:15:46 +0000 2017","id":884249763465515000,"id_str":"884249763465515008","text":"【TIF】TOKYO IDOL FESTIVAL 2017での“激レアバイト”1日限定マネージャー募集が決定！応募方法や条件などの詳細は募集ページをご確認ください！\nhttps://t.co/7H1u0tRoTi #虹コン… https://t.co/J7U6E02Q9r","truncated":true,"entities":{"hashtags":[{"text":"虹コン","indices":[107,111]}],"symbols":[],"user_mentions":[],"urls":[{"url":"https://t.co/7H1u0tRoTi","expanded_url":"https://townwork.net/detail/clc_1942676009/joid_48482085?vos=evtwgkr0005x0710003","display_url":"townwork.net/detail/clc_194…","indices":[83,106]},{"url":"https://t.co/J7U6E02Q9r","expanded_url":"https://twitter.com/i/web/status/884249763465515008","display_url":"twitter.com/i/web/status/8…","indices":[113,136]}]},"metadata":{"iso_language_code":"ja","result_type":"recent"},"source":"<a href=\"http://twitter.com\" rel=\"nofollow\">Twitter Web Client</a>","in_reply_to_status_id":null,"in_reply_to_status_id_str":null,"in_reply_to_user_id":null,"in_reply_to_user_id_str":null,"in_reply_to_screen_name":null,"user":{"id":2612988457,"id_str":"2612988457","name":"虹のコンキスタドール","screen_name":"2zicon","location":"","description":"@pixivのつくドル！プロジェクトより生まれた「虹のコンキスタドール」（虹コン）の公式アカウント。赤組、青組。 9/5トリプルA面シングル発売！8/13台湾（追加公演）、8/19大阪、8/20東京 ワンマンLIVE「だって一度きりのThisサマーっ!!」開催！黄組の情報はこちらへ@bebogainfo","url":"https://t.co/HmzbUSFnIw","entities":{"url":{"urls":[{"url":"https://t.co/HmzbUSFnIw","expanded_url":"http://pixiv-pro.com/2zicon/","display_url":"pixiv-pro.com/2zicon/","indices":[0,23]}]},"description":{"urls":[]}},"protected":false,"followers_count":13659,"friends_count":133,"listed_count":518,"created_at":"Wed Jul 09 05:06:34 +0000 2014","favourites_count":2,"utc_offset":32400,"time_zone":"Tokyo","geo_enabled":true,"verified":true,"statuses_count":6545,"lang":"ja","contributors_enabled":false,"is_translator":false,"is_translation_enabled":false,"profile_background_color":"000000","profile_background_image_url":"http://abs.twimg.com/images/themes/theme1/bg.png","profile_background_image_url_https":"https://abs.twimg.com/images/themes/theme1/bg.png","profile_background_tile":false,"profile_image_url":"http://pbs.twimg.com/profile_images/826750165075718148/gA32b0WH_normal.jpg","profile_image_url_https":"https://pbs.twimg.com/profile_images/826750165075718148/gA32b0WH_normal.jpg","profile_banner_url":"https://pbs.twimg.com/profile_banners/2612988457/1485949122","profile_link_color":"F5ABB5","profile_sidebar_border_color":"000000","profile_sidebar_fill_color":"000000","profile_text_color":"000000","profile_use_background_image":false,"has_extended_profile":false,"default_profile":false,"default_profile_image":false,"following":false,"follow_request_sent":false,"notifications":false,"translator_type":"none"},"geo":null,"coordinates":null,"place":null,"contributors":null,"is_quote_status":false,"retweet_count":50,"favorite_count":31,"favorited":false,"retweeted":false,"possibly_sensitive":false,"lang":"ja"},{"created_at":"Mon Jul 10 03:15:36 +0000 2017","id":884249721971253200,"id_str":"884249721971253249","text":"原英史「加計ありきは虚構で根本は獣医学部新設禁止が正しいかどうか！一般学部なら文科省は審査に入るのに獣医学部は一切認めないという規制がされてた！現場は獣医師の偏在や製薬業界の獣医師不足！文科省がダメだから特区が動いた」\n\n獣医師会… https://t.co/nQzj4cppmD","truncated":true,"entities":{"hashtags":[],"symbols":[],"user_mentions":[],"urls":[{"url":"https://t.co/nQzj4cppmD","expanded_url":"https://twitter.com/i/web/status/884249721971253249","display_url":"twitter.com/i/web/status/8…","indices":[117,140]}]},"metadata":{"iso_language_code":"ja","result_type":"recent"},"source":"<a href=\"http://twitter.com\" rel=\"nofollow\">Twitter Web Client</a>","in_reply_to_status_id":null,"in_reply_to_status_id_str":null,"in_reply_to_user_id":null,"in_reply_to_user_id_str":null,"in_reply_to_screen_name":null,"user":{"id":3000480175,"id_str":"3000480175","name":"DAPPI","screen_name":"take_off_dress","location":"","description":"日本が好きです。\n偏向報道をするマスコミは大嫌いです。\n時間があれば国会中継を見てます。\n\n■テーマ別つぶやきまとめ\nhttps://t.co/4RM21cdpMd\n\n■ブログ\nhttps://t.co/0JI0ePLfYD","url":"https://t.co/0JI0ePLfYD","entities":{"url":{"urls":[{"url":"https://t.co/0JI0ePLfYD","expanded_url":"http://blog.livedoor.jp/dappiblog/","display_url":"blog.livedoor.jp/dappiblog/","indices":[0,23]}]},"description":{"urls":[{"url":"https://t.co/4RM21cdpMd","expanded_url":"https://togetter.com/id/take_off_dress","display_url":"togetter.com/id/take_off_dr…","indices":[59,82]},{"url":"https://t.co/0JI0ePLfYD","expanded_url":"http://blog.livedoor.jp/dappiblog/","display_url":"blog.livedoor.jp/dappiblog/","indices":[89,112]}]}},"protected":false,"followers_count":28498,"friends_count":3108,"listed_count":363,"created_at":"Thu Jan 29 03:57:52 +0000 2015","favourites_count":22,"utc_offset":32400,"time_zone":"Tokyo","geo_enabled":false,"verified":false,"statuses_count":4462,"lang":"ja","contributors_enabled":false,"is_translator":false,"is_translation_enabled":false,"profile_background_color":"C0DEED","profile_background_image_url":"http://abs.twimg.com/images/themes/theme1/bg.png","profile_background_image_url_https":"https://abs.twimg.com/images/themes/theme1/bg.png","profile_background_tile":false,"profile_image_url":"http://pbs.twimg.com/profile_images/644396728133644288/U1bAXUmp_normal.jpg","profile_image_url_https":"https://pbs.twimg.com/profile_images/644396728133644288/U1bAXUmp_normal.jpg","profile_link_color":"1DA1F2","profile_sidebar_border_color":"C0DEED","profile_sidebar_fill_color":"DDEEF6","profile_text_color":"333333","profile_use_background_image":true,"has_extended_profile":false,"default_profile":true,"default_profile_image":false,"following":false,"follow_request_sent":false,"notifications":false,"translator_type":"none"},"geo":null,"coordinates":null,"place":null,"contributors":null,"is_quote_status":false,"retweet_count":92,"favorite_count":72,"favorited":false,"retweeted":false,"possibly_sensitive":false,"lang":"ja"},{"created_at":"Mon Jul 10 03:15:30 +0000 2017","id":884249693143703600,"id_str":"884249693143703552","text":"毎日暑いねー😭","truncated":false,"entities":{"hashtags":[],"symbols":[],"user_mentions":[],"urls":[]},"metadata":{"iso_language_code":"ja","result_type":"recent"},"source":"<a href=\"http://twitter.com/download/iphone\" rel=\"nofollow\">Twitter for iPhone</a>","in_reply_to_status_id":null,"in_reply_to_status_id_str":null,"in_reply_to_user_id":null,"in_reply_to_user_id_str":null,"in_reply_to_screen_name":null,"user":{"id":447899385,"id_str":"447899385","name":"aoi/the GazettE","screen_name":"official_aoi","location":"","description":"👋🌞","url":"https://t.co/udiXObEeZG","entities":{"url":{"urls":[{"url":"https://t.co/udiXObEeZG","expanded_url":"http://the-gazette.com","display_url":"the-gazette.com","indices":[0,23]}]},"description":{"urls":[]}},"protected":false,"followers_count":164608,"friends_count":8,"listed_count":2022,"created_at":"Tue Dec 27 11:32:42 +0000 2011","favourites_count":2,"utc_offset":-36000,"time_zone":"Hawaii","geo_enabled":false,"verified":true,"statuses_count":8312,"lang":"ja","contributors_enabled":false,"is_translator":false,"is_translation_enabled":true,"profile_background_color":"131516","profile_background_image_url":"http://pbs.twimg.com/profile_background_images/540493122048774147/zdD2QssM.jpeg","profile_background_image_url_https":"https://pbs.twimg.com/profile_background_images/540493122048774147/zdD2QssM.jpeg","profile_background_tile":false,"profile_image_url":"http://pbs.twimg.com/profile_images/878230672690749440/0PrcZ1mL_normal.jpg","profile_image_url_https":"https://pbs.twimg.com/profile_images/878230672690749440/0PrcZ1mL_normal.jpg","profile_banner_url":"https://pbs.twimg.com/profile_banners/447899385/1486792703","profile_link_color":"000000","profile_sidebar_border_color":"FFFFFF","profile_sidebar_fill_color":"EFEFEF","profile_text_color":"333333","profile_use_background_image":true,"has_extended_profile":false,"default_profile":false,"default_profile_image":false,"following":false,"follow_request_sent":false,"notifications":false,"translator_type":"none"},"geo":null,"coordinates":null,"place":null,"contributors":null,"is_quote_status":false,"retweet_count":95,"favorite_count":397,"favorited":false,"retweeted":false,"lang":"ja"},{"created_at":"Mon Jul 10 03:15:16 +0000 2017","id":884249637745344500,"id_str":"884249637745344512","text":"【異様な規制】文部科学・内閣連合審査会。国家戦略特区ワーキンググループ・原英史委員「獣医学部については、認可の申請を門前払いする制度になっている。異様な規制。獣医の需給調整は破たんしている」\n獣医学部新設阻止する民進党と与党の政策… https://t.co/VaN3qCPkTj","truncated":true,"entities":{"hashtags":[],"symbols":[],"user_mentions":[],"urls":[{"url":"https://t.co/VaN3qCPkTj","expanded_url":"https://twitter.com/i/web/status/884249637745344512","display_url":"twitter.com/i/web/status/8…","indices":[117,140]}]},"metadata":{"iso_language_code":"ja","result_type":"recent"},"source":"<a href=\"http://twitter.com\" rel=\"nofollow\">Twitter Web Client</a>","in_reply_to_status_id":null,"in_reply_to_status_id_str":null,"in_reply_to_user_id":null,"in_reply_to_user_id_str":null,"in_reply_to_screen_name":null,"user":{"id":3311473171,"id_str":"3311473171","name":"Mi2","screen_name":"YES777777777","location":"日本 神奈川県 湘南地域","description":"無党派！特定支持政党なし❤️自主憲法制定賛成❤️（注）実況ツイートは文字数の関係上、要約していますので正確ではない場合もあります。 💌は mi2.yesjapan@gmail.com までご連絡下さい。","url":"https://t.co/wRADJG1942","entities":{"url":{"urls":[{"url":"https://t.co/wRADJG1942","expanded_url":"https://twitter.com/aritayoshifu/status/487768632026337281","display_url":"twitter.com/aritayoshifu/s…","indices":[0,23]}]},"description":{"urls":[]}},"protected":false,"followers_count":11817,"friends_count":859,"listed_count":145,"created_at":"Mon Aug 10 12:17:23 +0000 2015","favourites_count":34916,"utc_offset":32400,"time_zone":"Tokyo","geo_enabled":false,"verified":false,"statuses_count":12816,"lang":"ja","contributors_enabled":false,"is_translator":false,"is_translation_enabled":false,"profile_background_color":"C0DEED","profile_background_image_url":"http://abs.twimg.com/images/themes/theme1/bg.png","profile_background_image_url_https":"https://abs.twimg.com/images/themes/theme1/bg.png","profile_background_tile":false,"profile_image_url":"http://pbs.twimg.com/profile_images/875385051634032640/p_IpSJp6_normal.jpg","profile_image_url_https":"https://pbs.twimg.com/profile_images/875385051634032640/p_IpSJp6_normal.jpg","profile_banner_url":"https://pbs.twimg.com/profile_banners/3311473171/1497545707","profile_link_color":"1DA1F2","profile_sidebar_border_color":"C0DEED","profile_sidebar_fill_color":"DDEEF6","profile_text_color":"333333","profile_use_background_image":true,"has_extended_profile":false,"default_profile":true,"default_profile_image":false,"following":false,"follow_request_sent":false,"notifications":false,"translator_type":"none"},"geo":null,"coordinates":null,"place":null,"contributors":null,"is_quote_status":false,"retweet_count":49,"favorite_count":29,"favorited":false,"retweeted":false,"possibly_sensitive":false,"lang":"ja"}],"search_metadata":{"completed_in":0.102,"max_id":884251079147311100,"max_id_str":"884251079147311105","next_results":"?max_id=884249637745344511&q=lang%3Aja%20min_retweets%3A50&include_entities=1","query":"lang%3Aja+min_retweets%3A50","refresh_url":"?since_id=884251079147311105&q=lang%3Aja%20min_retweets%3A50&include_entities=1","count":15,"since_id":0,"since_id_str":"0"}}