{"statuses":[{"created_at":"Tue Jul 04 19:33:12 +0000 2017","id":882321414115573800,"id_str":"882321414115573760","text":"深田恭子と亀梨和也が11月に結婚へ https://t.co/cuA00OEd37\n7/5 朝のトレンド\n佐川理財局長\n安倍首相\n前田敦子\nマツコの知らない世界\n徒然チルドレン\n中居正広\n松居一代の動画\nサガン失格\nデマール\nものと一致\nASSC\n反対の考え\n第四特異点","truncated":false,"entities":{"hashtags":[],"symbols":[],"user_mentions":[],"urls":[{"url":"https://t.co/cuA00OEd37","expanded_url":"http://monosoku.com/kame-kyouko-kekkon/","display_url":"monosoku.com/kame-kyouko-ke…","indices":[18,41]}]},"metadata":{"iso_language_code":"ja","result_type":"recent"},"source":"<a href=\"http://twitter.com/download/iphone\" rel=\"nofollow\">Twitter for iPhone</a>","in_reply_to_status_id":null,"in_reply_to_status_id_str":null,"in_reply_to_user_id":null,"in_reply_to_user_id_str":null,"in_reply_to_screen_name":null,"user":{"id":851265088606490600,"id_str":"851265088606490624","name":"お肉大好き@相互フォロー100%","screen_name":"onikumania","location":"","description":"お肉が好きだー！","url":null,"entities":{"description":{"urls":[]}},"protected":false,"followers_count":896,"friends_count":1030,"listed_count":1,"created_at":"Mon Apr 10 02:46:27 +0000 2017","favourites_count":890,"utc_offset":null,"time_zone":null,"geo_enabled":false,"verified":false,"statuses_count":3296,"lang":"ja","contributors_enabled":false,"is_translator":false,"is_translation_enabled":false,"profile_background_color":"F5F8FA","profile_background_image_url":null,"profile_background_image_url_https":null,"profile_background_tile":false,"profile_image_url":"http://pbs.twimg.com/profile_images/851265912174817281/RCXrt4R3_normal.jpg","profile_image_url_https":"https://pbs.twimg.com/profile_images/851265912174817281/RCXrt4R3_normal.jpg","profile_banner_url":"https://pbs.twimg.com/profile_banners/851265088606490624/1491792592","profile_link_color":"1DA1F2","profile_sidebar_border_color":"C0DEED","profile_sidebar_fill_color":"DDEEF6","profile_text_color":"333333","profile_use_background_image":true,"has_extended_profile":true,"default_profile":true,"default_profile_image":false,"following":false,"follow_request_sent":false,"notifications":false,"translator_type":"none"},"geo":null,"coordinates":null,"place":null,"contributors":null,"is_quote_status":false,"retweet_count":107,"favorite_count":107,"favorited":false,"retweeted":false,"possibly_sensitive":false,"lang":"ja"},{"created_at":"Tue Jul 04 19:32:59 +0000 2017","id":882321358444675100,"id_str":"882321358444675072","text":"深田恭子と亀梨和也が11月に結婚へ https://t.co/EECDw0Y0l5\n7/5 朝のトレンド\n佐川理財局長\n安倍首相\n前田敦子\nマツコの知らない世界\n徒然チルドレン\n中居正広\n松居一代の動画\nサガン失格\nデマール\nものと一致\nASSC\n反対の考え\n第四特異点","truncated":false,"entities":{"hashtags":[],"symbols":[],"user_mentions":[],"urls":[{"url":"https://t.co/EECDw0Y0l5","expanded_url":"http://monosoku.com/kame-kyouko-kekkon/","display_url":"monosoku.com/kame-kyouko-ke…","indices":[18,41]}]},"metadata":{"iso_language_code":"ja","result_type":"recent"},"source":"<a href=\"http://twitter.com/download/iphone\" rel=\"nofollow\">Twitter for iPhone</a>","in_reply_to_status_id":null,"in_reply_to_status_id_str":null,"in_reply_to_user_id":null,"in_reply_to_user_id_str":null,"in_reply_to_screen_name":null,"user":{"id":851519485454426100,"id_str":"851519485454426113","name":"深爪ボーイ","screen_name":"fukazume_boy","location":"","description":"基本深爪です。#相互フォロー","url":null,"entities":{"description":{"urls":[]}},"protected":false,"followers_count":605,"friends_count":650,"listed_count":1,"created_at":"Mon Apr 10 19:37:20 +0000 2017","favourites_count":885,"utc_offset":null,"time_zone":null,"geo_enabled":false,"verified":false,"statuses_count":3319,"lang":"ja","contributors_enabled":false,"is_translator":false,"is_translation_enabled":false,"profile_background_color":"F5F8FA","profile_background_image_url":null,"profile_background_image_url_https":null,"profile_background_tile":false,"profile_image_url":"http://abs.twimg.com/sticky/default_profile_images/default_profile_normal.png","profile_image_url_https":"https://abs.twimg.com/sticky/default_profile_images/default_profile_normal.png","profile_link_color":"1DA1F2","profile_sidebar_border_color":"C0DEED","profile_sidebar_fill_color":"DDEEF6","profile_text_color":"333333","profile_use_background_image":true,"has_extended_profile":false,"default_profile":true,"default_profile_image":true,"following":false,"follow_request_sent":false,"notifications":false,"translator_type":"none"},"geo":null,"coordinates":null,"place":null,"contributors":null,"is_quote_status":false,"retweet_count":107,"favorite_count":107,"favorited":false,"retweeted":false,"possibly_sensitive":false,"lang":"ja"},{"created_at":"Tue Jul 04 19:32:01 +0000 2017","id":882321114499653600,"id_str":"882321114499653632","text":"大島優子が芸能活動を休業し海外へ\nhttps://t.co/ESi95tmvKy\n7/5 朝のトレンド\n佐川理財局長\n安倍首相\n前田敦子\nマツコの知らない世界\n徒然チルドレン\n中居正広\n松居一代の動画\nサガン失格\nデマール\nものと一致\nASSC\n反対の考え\n第四特異点","truncated":false,"entities":{"hashtags":[],"symbols":[],"user_mentions":[],"urls":[{"url":"https://t.co/ESi95tmvKy","expanded_url":"http://monosoku.com/yuuko-overseas/","display_url":"monosoku.com/yuuko-overseas/","indices":[17,40]}]},"metadata":{"iso_language_code":"ja","result_type":"recent"},"source":"<a href=\"http://twitter.com/download/iphone\" rel=\"nofollow\">Twitter for iPhone</a>","in_reply_to_status_id":null,"in_reply_to_status_id_str":null,"in_reply_to_user_id":null,"in_reply_to_user_id_str":null,"in_reply_to_screen_name":null,"user":{"id":851519485454426100,"id_str":"851519485454426113","name":"深爪ボーイ","screen_name":"fukazume_boy","location":"","description":"基本深爪です。#相互フォロー","url":null,"entities":{"description":{"urls":[]}},"protected":false,"followers_count":605,"friends_count":650,"listed_count":1,"created_at":"Mon Apr 10 19:37:20 +0000 2017","favourites_count":885,"utc_offset":null,"time_zone":null,"geo_enabled":false,"verified":false,"statuses_count":3319,"lang":"ja","contributors_enabled":false,"is_translator":false,"is_translation_enabled":false,"profile_background_color":"F5F8FA","profile_background_image_url":null,"profile_background_image_url_https":null,"profile_background_tile":false,"profile_image_url":"http://abs.twimg.com/sticky/default_profile_images/default_profile_normal.png","profile_image_url_https":"https://abs.twimg.com/sticky/default_profile_images/default_profile_normal.png","profile_link_color":"1DA1F2","profile_sidebar_border_color":"C0DEED","profile_sidebar_fill_color":"DDEEF6","profile_text_color":"333333","profile_use_background_image":true,"has_extended_profile":false,"default_profile":true,"default_profile_image":true,"following":false,"follow_request_sent":false,"notifications":false,"translator_type":"none"},"geo":null,"coordinates":null,"place":null,"contributors":null,"is_quote_status":false,"retweet_count":107,"favorite_count":107,"favorited":false,"retweeted":false,"possibly_sensitive":false,"lang":"ja"},{"created_at":"Tue Jul 04 19:31:31 +0000 2017","id":882320989329043500,"id_str":"882320989329043456","text":"大島優子が芸能活動を休業し海外へ\nhttps://t.co/oicz4EasIF\n7/5 朝のトレンド\n佐川理財局長\n安倍首相\n前田敦子\nマツコの知らない世界\n徒然チルドレン\n中居正広\n松居一代の動画\nサガン失格\nデマール\nものと一致\nASSC\n反対の考え\n第四特異点","truncated":false,"entities":{"hashtags":[],"symbols":[],"user_mentions":[],"urls":[{"url":"https://t.co/oicz4EasIF","expanded_url":"http://monosoku.com/yuuko-overseas/","display_url":"monosoku.com/yuuko-overseas/","indices":[17,40]}]},"metadata":{"iso_language_code":"ja","result_type":"recent"},"source":"<a href=\"http://twitter.com/download/iphone\" rel=\"nofollow\">Twitter for iPhone</a>","in_reply_to_status_id":null,"in_reply_to_status_id_str":null,"in_reply_to_user_id":null,"in_reply_to_user_id_str":null,"in_reply_to_screen_name":null,"user":{"id":851265088606490600,"id_str":"851265088606490624","name":"お肉大好き@相互フォロー100%","screen_name":"onikumania","location":"","description":"お肉が好きだー！","url":null,"entities":{"description":{"urls":[]}},"protected":false,"followers_count":896,"friends_count":1030,"listed_count":1,"created_at":"Mon Apr 10 02:46:27 +0000 2017","favourites_count":890,"utc_offset":null,"time_zone":null,"geo_enabled":false,"verified":false,"statuses_count":3296,"lang":"ja","contributors_enabled":false,"is_translator":false,"is_translation_enabled":false,"profile_background_color":"F5F8FA","profile_background_image_url":null,"profile_background_image_url_https":null,"profile_background_tile":false,"profile_image_url":"http://pbs.twimg.com/profile_images/851265912174817281/RCXrt4R3_normal.jpg","profile_image_url_https":"https://pbs.twimg.com/profile_images/851265912174817281/RCXrt4R3_normal.jpg","profile_banner_url":"https://pbs.twimg.com/profile_banners/851265088606490624/1491792592","profile_link_color":"1DA1F2","profile_sidebar_border_color":"C0DEED","profile_sidebar_fill_color":"DDEEF6","profile_text_color":"333333","profile_use_background_image":true,"has_extended_profile":true,"default_profile":true,"default_profile_image":false,"following":false,"follow_request_sent":false,"notifications":false,"translator_type":"none"},"geo":null,"coordinates":null,"place":null,"contributors":null,"is_quote_status":false,"retweet_count":107,"favorite_count":107,"favorited":false,"retweeted":false,"possibly_sensitive":false,"lang":"ja"},{"created_at":"Tue Jul 04 19:30:04 +0000 2017","id":882320623690670100,"id_str":"882320623690670080","text":"300万円、ほしければ連絡下さい。LINEID→nbai4　#LINE #ラインhttps://t.co/5TYUbBplFI https://t.co/0gzj5LHlh8","truncated":false,"entities":{"hashtags":[{"text":"LINE","indices":[30,35]}],"symbols":[],"user_mentions":[],"urls":[{"url":"https://t.co/5TYUbBplFI","expanded_url":"https://goo.gl/wntqfc","display_url":"goo.gl/wntqfc","indices":[40,63]}],"media":[{"id":882320621715112000,"id_str":"882320621715111937","indices":[64,87],"media_url":"http://pbs.twimg.com/media/DD6h7kNUwAExxnR.jpg","media_url_https":"https://pbs.twimg.com/media/DD6h7kNUwAExxnR.jpg","url":"https://t.co/0gzj5LHlh8","display_url":"pic.twitter.com/0gzj5LHlh8","expanded_url":"https://twitter.com/rimaEssex/status/882320623690670080/photo/1","type":"photo","sizes":{"small":{"w":497,"h":487,"resize":"fit"},"large":{"w":497,"h":487,"resize":"fit"},"thumb":{"w":150,"h":150,"resize":"crop"},"medium":{"w":497,"h":487,"resize":"fit"}}}]},"extended_entities":{"media":[{"id":882320621715112000,"id_str":"882320621715111937","indices":[64,87],"media_url":"http://pbs.twimg.com/media/DD6h7kNUwAExxnR.jpg","media_url_https":"https://pbs.twimg.com/media/DD6h7kNUwAExxnR.jpg","url":"https://t.co/0gzj5LHlh8","display_url":"pic.twitter.com/0gzj5LHlh8","expanded_url":"https://twitter.com/rimaEssex/status/882320623690670080/photo/1","type":"photo","sizes":{"small":{"w":497,"h":487,"resize":"fit"},"large":{"w":497,"h":487,"resize":"fit"},"thumb":{"w":150,"h":150,"resize":"crop"},"medium":{"w":497,"h":487,"resize":"fit"}}}]},"metadata":{"iso_language_code":"ja","result_type":"recent"},"source":"<a href=\"http://twitter.com/\" rel=\"nofollow\">zerotubusen11</a>","in_reply_to_status_id":null,"in_reply_to_status_id_str":null,"in_reply_to_user_id":null,"in_reply_to_user_id_str":null,"in_reply_to_screen_name":null,"user":{"id":101683375,"id_str":"101683375","name":"野村（バイナリ案内）","screen_name":"rimaEssex","location":"LINEID→nbai4","description":"以前のLINEデータが消えてしまいましたので新しいアカウントを作りました。連絡がつかない方多々おられますので新しいIDに連絡ください。突然連絡が途切れ不安にさせてしまい申し訳ありません。\n在宅で出来るバイナリーというものをLINEの方で案内しております。当然、無料案内です。　#バイナリー　#バイナリーオプション #副業","url":null,"entities":{"description":{"urls":[]}},"protected":false,"followers_count":10460,"friends_count":3893,"listed_count":2,"created_at":"Mon Jan 04 06:43:28 +0000 2010","favourites_count":0,"utc_offset":3600,"time_zone":"London","geo_enabled":false,"verified":false,"statuses_count":4,"lang":"ja","contributors_enabled":false,"is_translator":false,"is_translation_enabled":false,"profile_background_color":"EDECE9","profile_background_image_url":"http://abs.twimg.com/images/themes/theme3/bg.gif","profile_background_image_url_https":"https://abs.twimg.com/images/themes/theme3/bg.gif","profile_background_tile":false,"profile_image_url":"http://pbs.twimg.com/profile_images/863576562729234432/TDQG-yVj_normal.jpg","profile_image_url_https":"https://pbs.twimg.com/profile_images/863576562729234432/TDQG-yVj_normal.jpg","profile_link_color":"088253","profile_sidebar_border_color":"D3D2CF","profile_sidebar_fill_color":"E3E2DE","profile_text_color":"634047","profile_use_background_image":true,"has_extended_profile":false,"default_profile":false,"default_profile_image":false,"following":false,"follow_request_sent":false,"notifications":false,"translator_type":"none"},"geo":null,"coordinates":null,"place":null,"contributors":null,"is_quote_status":false,"retweet_count":101,"favorite_count":0,"favorited":false,"retweeted":false,"possibly_sensitive":false,"lang":"ja"},{"created_at":"Tue Jul 04 19:30:03 +0000 2017","id":882320620192583700,"id_str":"882320620192583680","text":"おふパコできる人いる？ｗ\n興味あったらLINE下さい(´・ω・｀)\n\nLINEQRで追加してー\n基本DM見てません(；´Д｀)\nhttps://t.co/6X14R6c4Kr","truncated":false,"entities":{"hashtags":[],"symbols":[],"user_mentions":[],"urls":[],"media":[{"id":857848717784657900,"id_str":"857848717784657921","indices":[64,87],"media_url":"http://pbs.twimg.com/media/C-ew3R6UMAELBHC.jpg","media_url_https":"https://pbs.twimg.com/media/C-ew3R6UMAELBHC.jpg","url":"https://t.co/6X14R6c4Kr","display_url":"pic.twitter.com/6X14R6c4Kr","expanded_url":"https://twitter.com/befovec/status/857848740098461697/photo/1","type":"photo","sizes":{"small":{"w":360,"h":360,"resize":"fit"},"thumb":{"w":150,"h":150,"resize":"crop"},"medium":{"w":360,"h":360,"resize":"fit"},"large":{"w":360,"h":360,"resize":"fit"}},"source_status_id":857848740098461700,"source_status_id_str":"857848740098461697","source_user_id":715111575732924400,"source_user_id_str":"715111575732924416"}]},"extended_entities":{"media":[{"id":857848717784657900,"id_str":"857848717784657921","indices":[64,87],"media_url":"http://pbs.twimg.com/media/C-ew3R6UMAELBHC.jpg","media_url_https":"https://pbs.twimg.com/media/C-ew3R6UMAELBHC.jpg","url":"https://t.co/6X14R6c4Kr","display_url":"pic.twitter.com/6X14R6c4Kr","expanded_url":"https://twitter.com/befovec/status/857848740098461697/photo/1","type":"photo","sizes":{"small":{"w":360,"h":360,"resize":"fit"},"thumb":{"w":150,"h":150,"resize":"crop"},"medium":{"w":360,"h":360,"resize":"fit"},"large":{"w":360,"h":360,"resize":"fit"}},"source_status_id":857848740098461700,"source_status_id_str":"857848740098461697","source_user_id":715111575732924400,"source_user_id_str":"715111575732924416"},{"id":857848724470485000,"id_str":"857848724470484992","indices":[64,87],"media_url":"http://pbs.twimg.com/media/C-ew3q0V0AAK6d1.jpg","media_url_https":"https://pbs.twimg.com/media/C-ew3q0V0AAK6d1.jpg","url":"https://t.co/6X14R6c4Kr","display_url":"pic.twitter.com/6X14R6c4Kr","expanded_url":"https://twitter.com/befovec/status/857848740098461697/photo/1","type":"photo","sizes":{"thumb":{"w":150,"h":150,"resize":"crop"},"medium":{"w":580,"h":774,"resize":"fit"},"large":{"w":580,"h":774,"resize":"fit"},"small":{"w":510,"h":680,"resize":"fit"}},"source_status_id":857848740098461700,"source_status_id_str":"857848740098461697","source_user_id":715111575732924400,"source_user_id_str":"715111575732924416"}]},"metadata":{"iso_language_code":"ja","result_type":"recent"},"source":"<a href=\"https://twitter.com/\" rel=\"nofollow\">dhsu asjisa</a>","in_reply_to_status_id":null,"in_reply_to_status_id_str":null,"in_reply_to_user_id":null,"in_reply_to_user_id_str":null,"in_reply_to_screen_name":null,"user":{"id":855703966608277500,"id_str":"855703966608277504","name":"ちえ→おふパコ垢","screen_name":"chie_chimm","location":"","description":"JD20( ･Θ･)ゞ基本的に発情してるんでｗｗオフパコしましょーｗｗｗ年上で優しい人いたら誘って←","url":null,"entities":{"description":{"urls":[]}},"protected":false,"followers_count":196,"friends_count":7,"listed_count":0,"created_at":"Sat Apr 22 08:44:58 +0000 2017","favourites_count":0,"utc_offset":-25200,"time_zone":"Pacific Time (US & Canada)","geo_enabled":false,"verified":false,"statuses_count":8,"lang":"ja","contributors_enabled":false,"is_translator":false,"is_translation_enabled":false,"profile_background_color":"F5F8FA","profile_background_image_url":null,"profile_background_image_url_https":null,"profile_background_tile":false,"profile_image_url":"http://pbs.twimg.com/profile_images/857173434056495104/Rm80RxDe_normal.jpg","profile_image_url_https":"https://pbs.twimg.com/profile_images/857173434056495104/Rm80RxDe_normal.jpg","profile_link_color":"1DA1F2","profile_sidebar_border_color":"C0DEED","profile_sidebar_fill_color":"DDEEF6","profile_text_color":"333333","profile_use_background_image":true,"has_extended_profile":true,"default_profile":true,"default_profile_image":false,"following":false,"follow_request_sent":false,"notifications":false,"translator_type":"none"},"geo":null,"coordinates":null,"place":null,"contributors":null,"is_quote_status":false,"retweet_count":57,"favorite_count":0,"favorited":false,"retweeted":false,"possibly_sensitive":false,"lang":"ja"},{"created_at":"Tue Jul 04 19:30:02 +0000 2017","id":882320618183475200,"id_str":"882320618183475200","text":"オフパコできる人いる？ｗ\n興味あったらとりまLINE下さい(●・ω・●)\nhttps://t.co/s2XfwMVxEP","truncated":false,"entities":{"hashtags":[],"symbols":[],"user_mentions":[],"urls":[],"media":[{"id":881713173170081800,"id_str":"881713173170081792","indices":[37,60],"media_url":"http://pbs.twimg.com/media/DDx5daCV0AAKKsi.jpg","media_url_https":"https://pbs.twimg.com/media/DDx5daCV0AAKKsi.jpg","url":"https://t.co/s2XfwMVxEP","display_url":"pic.twitter.com/s2XfwMVxEP","expanded_url":"https://twitter.com/dubamub/status/881713205113782272/photo/1","type":"photo","sizes":{"thumb":{"w":150,"h":150,"resize":"crop"},"large":{"w":580,"h":435,"resize":"fit"},"small":{"w":580,"h":435,"resize":"fit"},"medium":{"w":580,"h":435,"resize":"fit"}},"source_status_id":881713205113782300,"source_status_id_str":"881713205113782272","source_user_id":715112866525806600,"source_user_id_str":"715112866525806592"}]},"extended_entities":{"media":[{"id":881713173170081800,"id_str":"881713173170081792","indices":[37,60],"media_url":"http://pbs.twimg.com/media/DDx5daCV0AAKKsi.jpg","media_url_https":"https://pbs.twimg.com/media/DDx5daCV0AAKKsi.jpg","url":"https://t.co/s2XfwMVxEP","display_url":"pic.twitter.com/s2XfwMVxEP","expanded_url":"https://twitter.com/dubamub/status/881713205113782272/photo/1","type":"photo","sizes":{"thumb":{"w":150,"h":150,"resize":"crop"},"large":{"w":580,"h":435,"resize":"fit"},"small":{"w":580,"h":435,"resize":"fit"},"medium":{"w":580,"h":435,"resize":"fit"}},"source_status_id":881713205113782300,"source_status_id_str":"881713205113782272","source_user_id":715112866525806600,"source_user_id_str":"715112866525806592"},{"id":881713185874628600,"id_str":"881713185874628609","indices":[37,60],"media_url":"http://pbs.twimg.com/media/DDx5eJXV0AEOV3X.jpg","media_url_https":"https://pbs.twimg.com/media/DDx5eJXV0AEOV3X.jpg","url":"https://t.co/s2XfwMVxEP","display_url":"pic.twitter.com/s2XfwMVxEP","expanded_url":"https://twitter.com/dubamub/status/881713205113782272/photo/1","type":"photo","sizes":{"large":{"w":580,"h":773,"resize":"fit"},"thumb":{"w":150,"h":150,"resize":"crop"},"medium":{"w":580,"h":773,"resize":"fit"},"small":{"w":510,"h":680,"resize":"fit"}},"source_status_id":881713205113782300,"source_status_id_str":"881713205113782272","source_user_id":715112866525806600,"source_user_id_str":"715112866525806592"},{"id":881713195911585800,"id_str":"881713195911585792","indices":[37,60],"media_url":"http://pbs.twimg.com/media/DDx5euwVoAAvY3c.jpg","media_url_https":"https://pbs.twimg.com/media/DDx5euwVoAAvY3c.jpg","url":"https://t.co/s2XfwMVxEP","display_url":"pic.twitter.com/s2XfwMVxEP","expanded_url":"https://twitter.com/dubamub/status/881713205113782272/photo/1","type":"photo","sizes":{"small":{"w":360,"h":360,"resize":"fit"},"medium":{"w":360,"h":360,"resize":"fit"},"thumb":{"w":150,"h":150,"resize":"crop"},"large":{"w":360,"h":360,"resize":"fit"}},"source_status_id":881713205113782300,"source_status_id_str":"881713205113782272","source_user_id":715112866525806600,"source_user_id_str":"715112866525806592"}]},"metadata":{"iso_language_code":"ja","result_type":"recent"},"source":"<a href=\"https://twitter.com/\" rel=\"nofollow\">eftwf ewyfgui</a>","in_reply_to_status_id":null,"in_reply_to_status_id_str":null,"in_reply_to_user_id":null,"in_reply_to_user_id_str":null,"in_reply_to_screen_name":null,"user":{"id":854772975366684700,"id_str":"854772975366684672","name":"いろは@おふぱこ","screen_name":"i_rohano","location":"","description":"オフパコ募集垢←興味ある人いますか(●・ω・●)？彼氏とかいりません！相性良ければセフでも💕セクロスはスポーツ(*`・ω・)ですｗ","url":null,"entities":{"description":{"urls":[]}},"protected":false,"followers_count":215,"friends_count":8,"listed_count":0,"created_at":"Wed Apr 19 19:05:33 +0000 2017","favourites_count":0,"utc_offset":-25200,"time_zone":"Pacific Time (US & Canada)","geo_enabled":false,"verified":false,"statuses_count":12,"lang":"ja","contributors_enabled":false,"is_translator":false,"is_translation_enabled":false,"profile_background_color":"F5F8FA","profile_background_image_url":null,"profile_background_image_url_https":null,"profile_background_tile":false,"profile_image_url":"http://pbs.twimg.com/profile_images/879976659130044417/OtEPqQ0n_normal.jpg","profile_image_url_https":"https://pbs.twimg.com/profile_images/879976659130044417/OtEPqQ0n_normal.jpg","profile_banner_url":"https://pbs.twimg.com/profile_banners/854772975366684672/1498637782","profile_link_color":"1DA1F2","profile_sidebar_border_color":"C0DEED","profile_sidebar_fill_color":"DDEEF6","profile_text_color":"333333","profile_use_background_image":true,"has_extended_profile":false,"default_profile":true,"default_profile_image":false,"following":false,"follow_request_sent":false,"notifications":false,"translator_type":"none"},"geo":null,"coordinates":null,"place":null,"contributors":null,"is_quote_status":false,"retweet_count":47,"favorite_count":1,"favorited":false,"retweeted":false,"possibly_sensitive":false,"lang":"ja"},{"created_at":"Tue Jul 04 19:30:02 +0000 2017","id":882320617936113700,"id_str":"882320617936113664","text":"オフパコできる人いる？ｗ\n興味あったらとりまLINE下さい(●・ω・●)\nhttps://t.co/B1duOPBP1b","truncated":false,"entities":{"hashtags":[],"symbols":[],"user_mentions":[],"urls":[],"media":[{"id":881713173170081800,"id_str":"881713173170081792","indices":[37,60],"media_url":"http://pbs.twimg.com/media/DDx5daCV0AAKKsi.jpg","media_url_https":"https://pbs.twimg.com/media/DDx5daCV0AAKKsi.jpg","url":"https://t.co/B1duOPBP1b","display_url":"pic.twitter.com/B1duOPBP1b","expanded_url":"https://twitter.com/dubamub/status/881713205113782272/photo/1","type":"photo","sizes":{"thumb":{"w":150,"h":150,"resize":"crop"},"large":{"w":580,"h":435,"resize":"fit"},"small":{"w":580,"h":435,"resize":"fit"},"medium":{"w":580,"h":435,"resize":"fit"}},"source_status_id":881713205113782300,"source_status_id_str":"881713205113782272","source_user_id":715112866525806600,"source_user_id_str":"715112866525806592"}]},"extended_entities":{"media":[{"id":881713173170081800,"id_str":"881713173170081792","indices":[37,60],"media_url":"http://pbs.twimg.com/media/DDx5daCV0AAKKsi.jpg","media_url_https":"https://pbs.twimg.com/media/DDx5daCV0AAKKsi.jpg","url":"https://t.co/B1duOPBP1b","display_url":"pic.twitter.com/B1duOPBP1b","expanded_url":"https://twitter.com/dubamub/status/881713205113782272/photo/1","type":"photo","sizes":{"thumb":{"w":150,"h":150,"resize":"crop"},"large":{"w":580,"h":435,"resize":"fit"},"small":{"w":580,"h":435,"resize":"fit"},"medium":{"w":580,"h":435,"resize":"fit"}},"source_status_id":881713205113782300,"source_status_id_str":"881713205113782272","source_user_id":715112866525806600,"source_user_id_str":"715112866525806592"},{"id":881713185874628600,"id_str":"881713185874628609","indices":[37,60],"media_url":"http://pbs.twimg.com/media/DDx5eJXV0AEOV3X.jpg","media_url_https":"https://pbs.twimg.com/media/DDx5eJXV0AEOV3X.jpg","url":"https://t.co/B1duOPBP1b","display_url":"pic.twitter.com/B1duOPBP1b","expanded_url":"https://twitter.com/dubamub/status/881713205113782272/photo/1","type":"photo","sizes":{"large":{"w":580,"h":773,"resize":"fit"},"thumb":{"w":150,"h":150,"resize":"crop"},"medium":{"w":580,"h":773,"resize":"fit"},"small":{"w":510,"h":680,"resize":"fit"}},"source_status_id":881713205113782300,"source_status_id_str":"881713205113782272","source_user_id":715112866525806600,"source_user_id_str":"715112866525806592"},{"id":881713195911585800,"id_str":"881713195911585792","indices":[37,60],"media_url":"http://pbs.twimg.com/media/DDx5euwVoAAvY3c.jpg","media_url_https":"https://pbs.twimg.com/media/DDx5euwVoAAvY3c.jpg","url":"https://t.co/B1duOPBP1b","display_url":"pic.twitter.com/B1duOPBP1b","expanded_url":"https://twitter.com/dubamub/status/881713205113782272/photo/1","type":"photo","sizes":{"small":{"w":360,"h":360,"resize":"fit"},"medium":{"w":360,"h":360,"resize":"fit"},"thumb":{"w":150,"h":150,"resize":"crop"},"large":{"w":360,"h":360,"resize":"fit"}},"source_status_id":881713205113782300,"source_status_id_str":"881713205113782272","source_user_id":715112866525806600,"source_user_id_str":"715112866525806592"}]},"metadata":{"iso_language_code":"ja","result_type":"recent"},"source":"<a href=\"https://twitter.com/\" rel=\"nofollow\">x7s2iu 3falx8</a>","in_reply_to_status_id":null,"in_reply_to_status_id_str":null,"in_reply_to_user_id":null,"in_reply_to_user_id_str":null,"in_reply_to_screen_name":null,"user":{"id":873887848671330300,"id_str":"873887848671330305","name":"いろは@おふぱこ募集←","screen_name":"iro_hamm","location":"","description":"オフパコ募集垢←興味ある人いますか(●・ω・●)？彼氏とかいりません！相性良ければセフでも💕セクロスはスポーツ(*`・ω・)ですｗ","url":null,"entities":{"description":{"urls":[]}},"protected":false,"followers_count":18,"friends_count":9,"listed_count":0,"created_at":"Sun Jun 11 13:01:13 +0000 2017","favourites_count":0,"utc_offset":-25200,"time_zone":"Pacific Time (US & Canada)","geo_enabled":false,"verified":false,"statuses_count":11,"lang":"ja","contributors_enabled":false,"is_translator":false,"is_translation_enabled":false,"profile_background_color":"F5F8FA","profile_background_image_url":null,"profile_background_image_url_https":null,"profile_background_tile":false,"profile_image_url":"http://pbs.twimg.com/profile_images/879979557184339968/L5oHRbw7_normal.jpg","profile_image_url_https":"https://pbs.twimg.com/profile_images/879979557184339968/L5oHRbw7_normal.jpg","profile_banner_url":"https://pbs.twimg.com/profile_banners/873887848671330305/1498638465","profile_link_color":"1DA1F2","profile_sidebar_border_color":"C0DEED","profile_sidebar_fill_color":"DDEEF6","profile_text_color":"333333","profile_use_background_image":true,"has_extended_profile":false,"default_profile":true,"default_profile_image":false,"following":false,"follow_request_sent":false,"notifications":false,"translator_type":"none"},"geo":null,"coordinates":null,"place":null,"contributors":null,"is_quote_status":false,"retweet_count":52,"favorite_count":0,"favorited":false,"retweeted":false,"possibly_sensitive":false,"lang":"ja"},{"created_at":"Tue Jul 04 19:30:02 +0000 2017","id":882320617906872300,"id_str":"882320617906872320","text":"オフパコできる人いる？ｗ\n興味あったらとりまLINE下さい(●・ω・●)\nhttps://t.co/YS2QmkDmvZ","truncated":false,"entities":{"hashtags":[],"symbols":[],"user_mentions":[],"urls":[],"media":[{"id":881713173170081800,"id_str":"881713173170081792","indices":[37,60],"media_url":"http://pbs.twimg.com/media/DDx5daCV0AAKKsi.jpg","media_url_https":"https://pbs.twimg.com/media/DDx5daCV0AAKKsi.jpg","url":"https://t.co/YS2QmkDmvZ","display_url":"pic.twitter.com/YS2QmkDmvZ","expanded_url":"https://twitter.com/dubamub/status/881713205113782272/photo/1","type":"photo","sizes":{"thumb":{"w":150,"h":150,"resize":"crop"},"large":{"w":580,"h":435,"resize":"fit"},"small":{"w":580,"h":435,"resize":"fit"},"medium":{"w":580,"h":435,"resize":"fit"}},"source_status_id":881713205113782300,"source_status_id_str":"881713205113782272","source_user_id":715112866525806600,"source_user_id_str":"715112866525806592"}]},"extended_entities":{"media":[{"id":881713173170081800,"id_str":"881713173170081792","indices":[37,60],"media_url":"http://pbs.twimg.com/media/DDx5daCV0AAKKsi.jpg","media_url_https":"https://pbs.twimg.com/media/DDx5daCV0AAKKsi.jpg","url":"https://t.co/YS2QmkDmvZ","display_url":"pic.twitter.com/YS2QmkDmvZ","expanded_url":"https://twitter.com/dubamub/status/881713205113782272/photo/1","type":"photo","sizes":{"thumb":{"w":150,"h":150,"resize":"crop"},"large":{"w":580,"h":435,"resize":"fit"},"small":{"w":580,"h":435,"resize":"fit"},"medium":{"w":580,"h":435,"resize":"fit"}},"source_status_id":881713205113782300,"source_status_id_str":"881713205113782272","source_user_id":715112866525806600,"source_user_id_str":"715112866525806592"},{"id":881713185874628600,"id_str":"881713185874628609","indices":[37,60],"media_url":"http://pbs.twimg.com/media/DDx5eJXV0AEOV3X.jpg","media_url_https":"https://pbs.twimg.com/media/DDx5eJXV0AEOV3X.jpg","url":"https://t.co/YS2QmkDmvZ","display_url":"pic.twitter.com/YS2QmkDmvZ","expanded_url":"https://twitter.com/dubamub/status/881713205113782272/photo/1","type":"photo","sizes":{"large":{"w":580,"h":773,"resize":"fit"},"thumb":{"w":150,"h":150,"resize":"crop"},"medium":{"w":580,"h":773,"resize":"fit"},"small":{"w":510,"h":680,"resize":"fit"}},"source_status_id":881713205113782300,"source_status_id_str":"881713205113782272","source_user_id":715112866525806600,"source_user_id_str":"715112866525806592"},{"id":881713195911585800,"id_str":"881713195911585792","indices":[37,60],"media_url":"http://pbs.twimg.com/media/DDx5euwVoAAvY3c.jpg","media_url_https":"https://pbs.twimg.com/media/DDx5euwVoAAvY3c.jpg","url":"https://t.co/YS2QmkDmvZ","display_url":"pic.twitter.com/YS2QmkDmvZ","expanded_url":"https://twitter.com/dubamub/status/881713205113782272/photo/1","type":"photo","sizes":{"small":{"w":360,"h":360,"resize":"fit"},"medium":{"w":360,"h":360,"resize":"fit"},"thumb":{"w":150,"h":150,"resize":"crop"},"large":{"w":360,"h":360,"resize":"fit"}},"source_status_id":881713205113782300,"source_status_id_str":"881713205113782272","source_user_id":715112866525806600,"source_user_id_str":"715112866525806592"}]},"metadata":{"iso_language_code":"ja","result_type":"recent"},"source":"<a href=\"https://twitter.com/\" rel=\"nofollow\">jjj uujuhuc</a>","in_reply_to_status_id":null,"in_reply_to_status_id_str":null,"in_reply_to_user_id":null,"in_reply_to_user_id_str":null,"in_reply_to_screen_name":null,"user":{"id":812263564941541400,"id_str":"812263564941541378","name":"いろは←おふぱこ募集💕","screen_name":"iroha_offpk","location":"","description":"オフパコ募集垢←興味ある人いますか(●・ω・●)？彼氏とかいりません！相性良ければセフでも💕セクロスはスポーツ(*`・ω・)ですｗ","url":null,"entities":{"description":{"urls":[]}},"protected":false,"followers_count":414,"friends_count":378,"listed_count":0,"created_at":"Fri Dec 23 11:48:19 +0000 2016","favourites_count":0,"utc_offset":-25200,"time_zone":"Pacific Time (US & Canada)","geo_enabled":false,"verified":false,"statuses_count":21,"lang":"ja","contributors_enabled":false,"is_translator":false,"is_translation_enabled":false,"profile_background_color":"F5F8FA","profile_background_image_url":null,"profile_background_image_url_https":null,"profile_background_tile":false,"profile_image_url":"http://pbs.twimg.com/profile_images/865539504458747905/qwR51hMz_normal.jpg","profile_image_url_https":"https://pbs.twimg.com/profile_images/865539504458747905/qwR51hMz_normal.jpg","profile_banner_url":"https://pbs.twimg.com/profile_banners/812263564941541378/1494846876","profile_link_color":"1DA1F2","profile_sidebar_border_color":"C0DEED","profile_sidebar_fill_color":"DDEEF6","profile_text_color":"333333","profile_use_background_image":true,"has_extended_profile":false,"default_profile":true,"default_profile_image":false,"following":false,"follow_request_sent":false,"notifications":false,"translator_type":"none"},"geo":null,"coordinates":null,"place":null,"contributors":null,"is_quote_status":false,"retweet_count":55,"favorite_count":0,"favorited":false,"retweeted":false,"possibly_sensitive":false,"lang":"ja"},{"created_at":"Tue Jul 04 19:30:02 +0000 2017","id":882320617697009700,"id_str":"882320617697009664","text":"おふぱこ募集なうなう\n\nリアルで絡める人だけLINEして！\nLINEはQRで追加してねー\n\n基本DM見てません(；´Д｀)\nhttps://t.co/dMaygvgFH7","truncated":false,"entities":{"hashtags":[],"symbols":[],"user_mentions":[],"urls":[],"media":[{"id":857848717784657900,"id_str":"857848717784657921","indices":[62,85],"media_url":"http://pbs.twimg.com/media/C-ew3R6UMAELBHC.jpg","media_url_https":"https://pbs.twimg.com/media/C-ew3R6UMAELBHC.jpg","url":"https://t.co/dMaygvgFH7","display_url":"pic.twitter.com/dMaygvgFH7","expanded_url":"https://twitter.com/befovec/status/857848740098461697/photo/1","type":"photo","sizes":{"small":{"w":360,"h":360,"resize":"fit"},"thumb":{"w":150,"h":150,"resize":"crop"},"medium":{"w":360,"h":360,"resize":"fit"},"large":{"w":360,"h":360,"resize":"fit"}},"source_status_id":857848740098461700,"source_status_id_str":"857848740098461697","source_user_id":715111575732924400,"source_user_id_str":"715111575732924416"}]},"extended_entities":{"media":[{"id":857848717784657900,"id_str":"857848717784657921","indices":[62,85],"media_url":"http://pbs.twimg.com/media/C-ew3R6UMAELBHC.jpg","media_url_https":"https://pbs.twimg.com/media/C-ew3R6UMAELBHC.jpg","url":"https://t.co/dMaygvgFH7","display_url":"pic.twitter.com/dMaygvgFH7","expanded_url":"https://twitter.com/befovec/status/857848740098461697/photo/1","type":"photo","sizes":{"small":{"w":360,"h":360,"resize":"fit"},"thumb":{"w":150,"h":150,"resize":"crop"},"medium":{"w":360,"h":360,"resize":"fit"},"large":{"w":360,"h":360,"resize":"fit"}},"source_status_id":857848740098461700,"source_status_id_str":"857848740098461697","source_user_id":715111575732924400,"source_user_id_str":"715111575732924416"},{"id":857848724470485000,"id_str":"857848724470484992","indices":[62,85],"media_url":"http://pbs.twimg.com/media/C-ew3q0V0AAK6d1.jpg","media_url_https":"https://pbs.twimg.com/media/C-ew3q0V0AAK6d1.jpg","url":"https://t.co/dMaygvgFH7","display_url":"pic.twitter.com/dMaygvgFH7","expanded_url":"https://twitter.com/befovec/status/857848740098461697/photo/1","type":"photo","sizes":{"thumb":{"w":150,"h":150,"resize":"crop"},"medium":{"w":580,"h":774,"resize":"fit"},"large":{"w":580,"h":774,"resize":"fit"},"small":{"w":510,"h":680,"resize":"fit"}},"source_status_id":857848740098461700,"source_status_id_str":"857848740098461697","source_user_id":715111575732924400,"source_user_id_str":"715111575732924416"}]},"metadata":{"iso_language_code":"ja","result_type":"recent"},"source":"<a href=\"https://twitter.com/\" rel=\"nofollow\">etwfs fyuiag</a>","in_reply_to_status_id":null,"in_reply_to_status_id_str":null,"in_reply_to_user_id":null,"in_reply_to_user_id_str":null,"in_reply_to_screen_name":null,"user":{"id":856994118991396900,"id_str":"856994118991396865","name":"ちえ→オフパコ垢","screen_name":"chie_pac_o","location":"","description":"JD20(´・ω・｀)軽いセクロス依存症←おふぱことか興味ありすぎてｗ年上で優しい人いたら誘って(´・ω・｀)","url":null,"entities":{"description":{"urls":[]}},"protected":false,"followers_count":200,"friends_count":7,"listed_count":0,"created_at":"Tue Apr 25 22:11:34 +0000 2017","favourites_count":0,"utc_offset":-25200,"time_zone":"Pacific Time (US & Canada)","geo_enabled":false,"verified":false,"statuses_count":17,"lang":"ja","contributors_enabled":false,"is_translator":false,"is_translation_enabled":false,"profile_background_color":"F5F8FA","profile_background_image_url":null,"profile_background_image_url_https":null,"profile_background_tile":false,"profile_image_url":"http://pbs.twimg.com/profile_images/857114514227163137/hz5eIAhv_normal.jpg","profile_image_url_https":"https://pbs.twimg.com/profile_images/857114514227163137/hz5eIAhv_normal.jpg","profile_link_color":"1DA1F2","profile_sidebar_border_color":"C0DEED","profile_sidebar_fill_color":"DDEEF6","profile_text_color":"333333","profile_use_background_image":true,"has_extended_profile":false,"default_profile":true,"default_profile_image":false,"following":false,"follow_request_sent":false,"notifications":false,"translator_type":"none"},"geo":null,"coordinates":null,"place":null,"contributors":null,"is_quote_status":false,"retweet_count":54,"favorite_count":1,"favorited":false,"retweeted":false,"possibly_sensitive":false,"lang":"ja"},{"created_at":"Tue Jul 04 19:30:02 +0000 2017","id":882320617298509800,"id_str":"882320617298509824","text":"おふぱこ募集なうなう\n\nリアルで絡める人だけLINEして！\nLINEはQRで追加してねー\n\n基本DM見てません(；´Д｀)\nhttps://t.co/38aGjawyAB","truncated":false,"entities":{"hashtags":[],"symbols":[],"user_mentions":[],"urls":[],"media":[{"id":857848717784657900,"id_str":"857848717784657921","indices":[62,85],"media_url":"http://pbs.twimg.com/media/C-ew3R6UMAELBHC.jpg","media_url_https":"https://pbs.twimg.com/media/C-ew3R6UMAELBHC.jpg","url":"https://t.co/38aGjawyAB","display_url":"pic.twitter.com/38aGjawyAB","expanded_url":"https://twitter.com/befovec/status/857848740098461697/photo/1","type":"photo","sizes":{"small":{"w":360,"h":360,"resize":"fit"},"thumb":{"w":150,"h":150,"resize":"crop"},"medium":{"w":360,"h":360,"resize":"fit"},"large":{"w":360,"h":360,"resize":"fit"}},"source_status_id":857848740098461700,"source_status_id_str":"857848740098461697","source_user_id":715111575732924400,"source_user_id_str":"715111575732924416"}]},"extended_entities":{"media":[{"id":857848717784657900,"id_str":"857848717784657921","indices":[62,85],"media_url":"http://pbs.twimg.com/media/C-ew3R6UMAELBHC.jpg","media_url_https":"https://pbs.twimg.com/media/C-ew3R6UMAELBHC.jpg","url":"https://t.co/38aGjawyAB","display_url":"pic.twitter.com/38aGjawyAB","expanded_url":"https://twitter.com/befovec/status/857848740098461697/photo/1","type":"photo","sizes":{"small":{"w":360,"h":360,"resize":"fit"},"thumb":{"w":150,"h":150,"resize":"crop"},"medium":{"w":360,"h":360,"resize":"fit"},"large":{"w":360,"h":360,"resize":"fit"}},"source_status_id":857848740098461700,"source_status_id_str":"857848740098461697","source_user_id":715111575732924400,"source_user_id_str":"715111575732924416"},{"id":857848724470485000,"id_str":"857848724470484992","indices":[62,85],"media_url":"http://pbs.twimg.com/media/C-ew3q0V0AAK6d1.jpg","media_url_https":"https://pbs.twimg.com/media/C-ew3q0V0AAK6d1.jpg","url":"https://t.co/38aGjawyAB","display_url":"pic.twitter.com/38aGjawyAB","expanded_url":"https://twitter.com/befovec/status/857848740098461697/photo/1","type":"photo","sizes":{"thumb":{"w":150,"h":150,"resize":"crop"},"medium":{"w":580,"h":774,"resize":"fit"},"large":{"w":580,"h":774,"resize":"fit"},"small":{"w":510,"h":680,"resize":"fit"}},"source_status_id":857848740098461700,"source_status_id_str":"857848740098461697","source_user_id":715111575732924400,"source_user_id_str":"715111575732924416"}]},"metadata":{"iso_language_code":"ja","result_type":"recent"},"source":"<a href=\"https://twitter.com/\" rel=\"nofollow\">trfgk atgfpm</a>","in_reply_to_status_id":null,"in_reply_to_status_id_str":null,"in_reply_to_user_id":null,"in_reply_to_user_id_str":null,"in_reply_to_screen_name":null,"user":{"id":868742772735434800,"id_str":"868742772735434753","name":"チエ→おふぱこ垢","screen_name":"chieeetm","location":"","description":"♡ディズニー大好き♡JD20( ･Θ･)ゞ　基本的に発情してるんでｗｗオフパコしましょーｗｗｗ←優しくて清潔感ある年上の方で！","url":null,"entities":{"description":{"urls":[]}},"protected":false,"followers_count":81,"friends_count":9,"listed_count":0,"created_at":"Sun May 28 08:16:32 +0000 2017","favourites_count":0,"utc_offset":-25200,"time_zone":"Pacific Time (US & Canada)","geo_enabled":false,"verified":false,"statuses_count":9,"lang":"ja","contributors_enabled":false,"is_translator":false,"is_translation_enabled":false,"profile_background_color":"000000","profile_background_image_url":"http://abs.twimg.com/images/themes/theme1/bg.png","profile_background_image_url_https":"https://abs.twimg.com/images/themes/theme1/bg.png","profile_background_tile":false,"profile_image_url":"http://pbs.twimg.com/profile_images/871649669494915073/W8cB4ycl_normal.jpg","profile_image_url_https":"https://pbs.twimg.com/profile_images/871649669494915073/W8cB4ycl_normal.jpg","profile_link_color":"F58EA8","profile_sidebar_border_color":"000000","profile_sidebar_fill_color":"000000","profile_text_color":"000000","profile_use_background_image":false,"has_extended_profile":false,"default_profile":false,"default_profile_image":false,"following":false,"follow_request_sent":false,"notifications":false,"translator_type":"none"},"geo":null,"coordinates":null,"place":null,"contributors":null,"is_quote_status":false,"retweet_count":57,"favorite_count":0,"favorited":false,"retweeted":false,"possibly_sensitive":false,"lang":"ja"},{"created_at":"Tue Jul 04 19:30:02 +0000 2017","id":882320617055191000,"id_str":"882320617055191040","text":"オフパコできる人いる？ｗ\n興味あったらとりまLINE下さい(●・ω・●)\nhttps://t.co/A3KD6iZxvs","truncated":false,"entities":{"hashtags":[],"symbols":[],"user_mentions":[],"urls":[],"media":[{"id":881713173170081800,"id_str":"881713173170081792","indices":[37,60],"media_url":"http://pbs.twimg.com/media/DDx5daCV0AAKKsi.jpg","media_url_https":"https://pbs.twimg.com/media/DDx5daCV0AAKKsi.jpg","url":"https://t.co/A3KD6iZxvs","display_url":"pic.twitter.com/A3KD6iZxvs","expanded_url":"https://twitter.com/dubamub/status/881713205113782272/photo/1","type":"photo","sizes":{"thumb":{"w":150,"h":150,"resize":"crop"},"large":{"w":580,"h":435,"resize":"fit"},"small":{"w":580,"h":435,"resize":"fit"},"medium":{"w":580,"h":435,"resize":"fit"}},"source_status_id":881713205113782300,"source_status_id_str":"881713205113782272","source_user_id":715112866525806600,"source_user_id_str":"715112866525806592"}]},"extended_entities":{"media":[{"id":881713173170081800,"id_str":"881713173170081792","indices":[37,60],"media_url":"http://pbs.twimg.com/media/DDx5daCV0AAKKsi.jpg","media_url_https":"https://pbs.twimg.com/media/DDx5daCV0AAKKsi.jpg","url":"https://t.co/A3KD6iZxvs","display_url":"pic.twitter.com/A3KD6iZxvs","expanded_url":"https://twitter.com/dubamub/status/881713205113782272/photo/1","type":"photo","sizes":{"thumb":{"w":150,"h":150,"resize":"crop"},"large":{"w":580,"h":435,"resize":"fit"},"small":{"w":580,"h":435,"resize":"fit"},"medium":{"w":580,"h":435,"resize":"fit"}},"source_status_id":881713205113782300,"source_status_id_str":"881713205113782272","source_user_id":715112866525806600,"source_user_id_str":"715112866525806592"},{"id":881713185874628600,"id_str":"881713185874628609","indices":[37,60],"media_url":"http://pbs.twimg.com/media/DDx5eJXV0AEOV3X.jpg","media_url_https":"https://pbs.twimg.com/media/DDx5eJXV0AEOV3X.jpg","url":"https://t.co/A3KD6iZxvs","display_url":"pic.twitter.com/A3KD6iZxvs","expanded_url":"https://twitter.com/dubamub/status/881713205113782272/photo/1","type":"photo","sizes":{"large":{"w":580,"h":773,"resize":"fit"},"thumb":{"w":150,"h":150,"resize":"crop"},"medium":{"w":580,"h":773,"resize":"fit"},"small":{"w":510,"h":680,"resize":"fit"}},"source_status_id":881713205113782300,"source_status_id_str":"881713205113782272","source_user_id":715112866525806600,"source_user_id_str":"715112866525806592"},{"id":881713195911585800,"id_str":"881713195911585792","indices":[37,60],"media_url":"http://pbs.twimg.com/media/DDx5euwVoAAvY3c.jpg","media_url_https":"https://pbs.twimg.com/media/DDx5euwVoAAvY3c.jpg","url":"https://t.co/A3KD6iZxvs","display_url":"pic.twitter.com/A3KD6iZxvs","expanded_url":"https://twitter.com/dubamub/status/881713205113782272/photo/1","type":"photo","sizes":{"small":{"w":360,"h":360,"resize":"fit"},"medium":{"w":360,"h":360,"resize":"fit"},"thumb":{"w":150,"h":150,"resize":"crop"},"large":{"w":360,"h":360,"resize":"fit"}},"source_status_id":881713205113782300,"source_status_id_str":"881713205113782272","source_user_id":715112866525806600,"source_user_id_str":"715112866525806592"}]},"metadata":{"iso_language_code":"ja","result_type":"recent"},"source":"<a href=\"https://twitter.com/\" rel=\"nofollow\">気球０３</a>","in_reply_to_status_id":null,"in_reply_to_status_id_str":null,"in_reply_to_user_id":null,"in_reply_to_user_id_str":null,"in_reply_to_screen_name":null,"user":{"id":828531681531289600,"id_str":"828531681531289601","name":"いろは☻おふぱこ募集←","screen_name":"iro_ha_tan","location":"","description":"オフパコ募集垢←興味ある人いますか(●・ω・●)？彼氏とかいりません！相性良ければセフでも💕セクロスはスポーツ(*`・ω・)ですｗ","url":null,"entities":{"description":{"urls":[]}},"protected":false,"followers_count":325,"friends_count":335,"listed_count":0,"created_at":"Mon Feb 06 09:12:01 +0000 2017","favourites_count":0,"utc_offset":-25200,"time_zone":"Pacific Time (US & Canada)","geo_enabled":false,"verified":false,"statuses_count":16,"lang":"ja","contributors_enabled":false,"is_translator":false,"is_translation_enabled":false,"profile_background_color":"F5F8FA","profile_background_image_url":null,"profile_background_image_url_https":null,"profile_background_tile":false,"profile_image_url":"http://pbs.twimg.com/profile_images/867276293729128448/NyPWQlFN_normal.jpg","profile_image_url_https":"https://pbs.twimg.com/profile_images/867276293729128448/NyPWQlFN_normal.jpg","profile_banner_url":"https://pbs.twimg.com/profile_banners/828531681531289601/1495609819","profile_link_color":"1DA1F2","profile_sidebar_border_color":"C0DEED","profile_sidebar_fill_color":"DDEEF6","profile_text_color":"333333","profile_use_background_image":true,"has_extended_profile":false,"default_profile":true,"default_profile_image":false,"following":false,"follow_request_sent":false,"notifications":false,"translator_type":"none"},"geo":null,"coordinates":null,"place":null,"contributors":null,"is_quote_status":false,"retweet_count":49,"favorite_count":0,"favorited":false,"retweeted":false,"possibly_sensitive":false,"lang":"ja"},{"created_at":"Tue Jul 04 19:30:02 +0000 2017","id":882320616702881800,"id_str":"882320616702881792","text":"オフパコ興味ある人いる？？\n基本夕方以降ひましてます(´・ω・｀)\n\nQRでLINE追加してメッセ下さいー\n\n基本DM見てません(；´Д｀)\nhttps://t.co/p4euqdeYN3","truncated":false,"entities":{"hashtags":[],"symbols":[],"user_mentions":[],"urls":[],"media":[{"id":857848766732189700,"id_str":"857848766732189696","indices":[71,94],"media_url":"http://pbs.twimg.com/media/C-ew6IQUQAA7AIA.jpg","media_url_https":"https://pbs.twimg.com/media/C-ew6IQUQAA7AIA.jpg","url":"https://t.co/p4euqdeYN3","display_url":"pic.twitter.com/p4euqdeYN3","expanded_url":"https://twitter.com/befovec/status/857848785308762112/photo/1","type":"photo","sizes":{"thumb":{"w":150,"h":150,"resize":"crop"},"medium":{"w":580,"h":774,"resize":"fit"},"large":{"w":580,"h":774,"resize":"fit"},"small":{"w":510,"h":680,"resize":"fit"}},"source_status_id":857848785308762100,"source_status_id_str":"857848785308762112","source_user_id":715111575732924400,"source_user_id_str":"715111575732924416"}]},"extended_entities":{"media":[{"id":857848766732189700,"id_str":"857848766732189696","indices":[71,94],"media_url":"http://pbs.twimg.com/media/C-ew6IQUQAA7AIA.jpg","media_url_https":"https://pbs.twimg.com/media/C-ew6IQUQAA7AIA.jpg","url":"https://t.co/p4euqdeYN3","display_url":"pic.twitter.com/p4euqdeYN3","expanded_url":"https://twitter.com/befovec/status/857848785308762112/photo/1","type":"photo","sizes":{"thumb":{"w":150,"h":150,"resize":"crop"},"medium":{"w":580,"h":774,"resize":"fit"},"large":{"w":580,"h":774,"resize":"fit"},"small":{"w":510,"h":680,"resize":"fit"}},"source_status_id":857848785308762100,"source_status_id_str":"857848785308762112","source_user_id":715111575732924400,"source_user_id_str":"715111575732924416"},{"id":857848775875874800,"id_str":"857848775875874816","indices":[71,94],"media_url":"http://pbs.twimg.com/media/C-ew6qUV0AAbq1x.jpg","media_url_https":"https://pbs.twimg.com/media/C-ew6qUV0AAbq1x.jpg","url":"https://t.co/p4euqdeYN3","display_url":"pic.twitter.com/p4euqdeYN3","expanded_url":"https://twitter.com/befovec/status/857848785308762112/photo/1","type":"photo","sizes":{"small":{"w":360,"h":360,"resize":"fit"},"thumb":{"w":150,"h":150,"resize":"crop"},"medium":{"w":360,"h":360,"resize":"fit"},"large":{"w":360,"h":360,"resize":"fit"}},"source_status_id":857848785308762100,"source_status_id_str":"857848785308762112","source_user_id":715111575732924400,"source_user_id_str":"715111575732924416"}]},"metadata":{"iso_language_code":"ja","result_type":"recent"},"source":"<a href=\"https://twitter.com/\" rel=\"nofollow\">hoxki niewrt</a>","in_reply_to_status_id":null,"in_reply_to_status_id_str":null,"in_reply_to_user_id":null,"in_reply_to_user_id_str":null,"in_reply_to_screen_name":null,"user":{"id":858362104499249200,"id_str":"858362104499249156","name":"ちえ→オフパコ垢","screen_name":"chie_chiiz","location":"","description":"JD20(´・ω・｀)軽いセクロス依存症←おふぱことか興味ありすぎてｗ年上で優しい人いたら誘って(´・ω・｀)","url":null,"entities":{"description":{"urls":[]}},"protected":false,"followers_count":148,"friends_count":7,"listed_count":0,"created_at":"Sat Apr 29 16:47:28 +0000 2017","favourites_count":0,"utc_offset":-25200,"time_zone":"Pacific Time (US & Canada)","geo_enabled":false,"verified":false,"statuses_count":10,"lang":"ja","contributors_enabled":false,"is_translator":false,"is_translation_enabled":false,"profile_background_color":"F5F8FA","profile_background_image_url":null,"profile_background_image_url_https":null,"profile_background_tile":false,"profile_image_url":"http://pbs.twimg.com/profile_images/859040349573988352/9QTuPb_T_normal.jpg","profile_image_url_https":"https://pbs.twimg.com/profile_images/859040349573988352/9QTuPb_T_normal.jpg","profile_link_color":"1DA1F2","profile_sidebar_border_color":"C0DEED","profile_sidebar_fill_color":"DDEEF6","profile_text_color":"333333","profile_use_background_image":true,"has_extended_profile":true,"default_profile":true,"default_profile_image":false,"following":false,"follow_request_sent":false,"notifications":false,"translator_type":"none"},"geo":null,"coordinates":null,"place":null,"contributors":null,"is_quote_status":false,"retweet_count":56,"favorite_count":0,"favorited":false,"retweeted":false,"possibly_sensitive":false,"lang":"ja"},{"created_at":"Tue Jul 04 19:30:02 +0000 2017","id":882320616690335700,"id_str":"882320616690335744","text":"オフパコ興味ある人いる？？\n基本夕方以降ひましてます(´・ω・｀)\n\nQRでLINE追加してメッセ下さいー\n\n基本DM見てません(；´Д｀)\nhttps://t.co/v82l2HbpGB","truncated":false,"entities":{"hashtags":[],"symbols":[],"user_mentions":[],"urls":[],"media":[{"id":857848766732189700,"id_str":"857848766732189696","indices":[71,94],"media_url":"http://pbs.twimg.com/media/C-ew6IQUQAA7AIA.jpg","media_url_https":"https://pbs.twimg.com/media/C-ew6IQUQAA7AIA.jpg","url":"https://t.co/v82l2HbpGB","display_url":"pic.twitter.com/v82l2HbpGB","expanded_url":"https://twitter.com/befovec/status/857848785308762112/photo/1","type":"photo","sizes":{"thumb":{"w":150,"h":150,"resize":"crop"},"medium":{"w":580,"h":774,"resize":"fit"},"large":{"w":580,"h":774,"resize":"fit"},"small":{"w":510,"h":680,"resize":"fit"}},"source_status_id":857848785308762100,"source_status_id_str":"857848785308762112","source_user_id":715111575732924400,"source_user_id_str":"715111575732924416"}]},"extended_entities":{"media":[{"id":857848766732189700,"id_str":"857848766732189696","indices":[71,94],"media_url":"http://pbs.twimg.com/media/C-ew6IQUQAA7AIA.jpg","media_url_https":"https://pbs.twimg.com/media/C-ew6IQUQAA7AIA.jpg","url":"https://t.co/v82l2HbpGB","display_url":"pic.twitter.com/v82l2HbpGB","expanded_url":"https://twitter.com/befovec/status/857848785308762112/photo/1","type":"photo","sizes":{"thumb":{"w":150,"h":150,"resize":"crop"},"medium":{"w":580,"h":774,"resize":"fit"},"large":{"w":580,"h":774,"resize":"fit"},"small":{"w":510,"h":680,"resize":"fit"}},"source_status_id":857848785308762100,"source_status_id_str":"857848785308762112","source_user_id":715111575732924400,"source_user_id_str":"715111575732924416"},{"id":857848775875874800,"id_str":"857848775875874816","indices":[71,94],"media_url":"http://pbs.twimg.com/media/C-ew6qUV0AAbq1x.jpg","media_url_https":"https://pbs.twimg.com/media/C-ew6qUV0AAbq1x.jpg","url":"https://t.co/v82l2HbpGB","display_url":"pic.twitter.com/v82l2HbpGB","expanded_url":"https://twitter.com/befovec/status/857848785308762112/photo/1","type":"photo","sizes":{"small":{"w":360,"h":360,"resize":"fit"},"thumb":{"w":150,"h":150,"resize":"crop"},"medium":{"w":360,"h":360,"resize":"fit"},"large":{"w":360,"h":360,"resize":"fit"}},"source_status_id":857848785308762100,"source_status_id_str":"857848785308762112","source_user_id":715111575732924400,"source_user_id_str":"715111575732924416"}]},"metadata":{"iso_language_code":"ja","result_type":"recent"},"source":"<a href=\"https://twitter.com/\" rel=\"nofollow\">ofzfqj k1duzu</a>","in_reply_to_status_id":null,"in_reply_to_status_id_str":null,"in_reply_to_user_id":null,"in_reply_to_user_id_str":null,"in_reply_to_screen_name":null,"user":{"id":867177196762394600,"id_str":"867177196762394624","name":"チエ→おふぱこ垢","screen_name":"chieshell","location":"","description":"JD20( ･Θ･)ゞ基本的に発情してるんでｗｗオフパコしましょーｗｗｗ←優しくて清潔感ある年上の方で！","url":null,"entities":{"description":{"urls":[]}},"protected":false,"followers_count":106,"friends_count":56,"listed_count":0,"created_at":"Wed May 24 00:35:29 +0000 2017","favourites_count":0,"utc_offset":-25200,"time_zone":"Pacific Time (US & Canada)","geo_enabled":false,"verified":false,"statuses_count":11,"lang":"ja","contributors_enabled":false,"is_translator":false,"is_translation_enabled":false,"profile_background_color":"F5F8FA","profile_background_image_url":null,"profile_background_image_url_https":null,"profile_background_tile":false,"profile_image_url":"http://pbs.twimg.com/profile_images/870201108806770689/p2WN7vN5_normal.jpg","profile_image_url_https":"https://pbs.twimg.com/profile_images/870201108806770689/p2WN7vN5_normal.jpg","profile_link_color":"1DA1F2","profile_sidebar_border_color":"C0DEED","profile_sidebar_fill_color":"DDEEF6","profile_text_color":"333333","profile_use_background_image":true,"has_extended_profile":false,"default_profile":true,"default_profile_image":false,"following":false,"follow_request_sent":false,"notifications":false,"translator_type":"none"},"geo":null,"coordinates":null,"place":null,"contributors":null,"is_quote_status":false,"retweet_count":57,"favorite_count":0,"favorited":false,"retweeted":false,"possibly_sensitive":false,"lang":"ja"},{"created_at":"Tue Jul 04 19:30:02 +0000 2017","id":882320615453020200,"id_str":"882320615453020160","text":"見るのも見せるのもどっちも好き♡♡\nLINEくれたら写メ送るよ♥\n\n#裏垢女子\n#見せ合い募集なう\nhttps://t.co/7JNhyTcirG","truncated":false,"entities":{"hashtags":[{"text":"裏垢女子","indices":[34,39]},{"text":"見せ合い募集なう","indices":[40,49]}],"symbols":[],"user_mentions":[],"urls":[],"media":[{"id":863353878326132700,"id_str":"863353878326132738","indices":[50,73],"media_url":"http://pbs.twimg.com/media/C_s_xzEVwAI3Vze.jpg","media_url_https":"https://pbs.twimg.com/media/C_s_xzEVwAI3Vze.jpg","url":"https://t.co/7JNhyTcirG","display_url":"pic.twitter.com/7JNhyTcirG","expanded_url":"https://twitter.com/dubamub/status/863353936417181697/photo/1","type":"photo","sizes":{"thumb":{"w":150,"h":150,"resize":"crop"},"large":{"w":580,"h":435,"resize":"fit"},"small":{"w":580,"h":435,"resize":"fit"},"medium":{"w":580,"h":435,"resize":"fit"}},"source_status_id":863353936417181700,"source_status_id_str":"863353936417181697","source_user_id":715112866525806600,"source_user_id_str":"715112866525806592"}]},"extended_entities":{"media":[{"id":863353878326132700,"id_str":"863353878326132738","indices":[50,73],"media_url":"http://pbs.twimg.com/media/C_s_xzEVwAI3Vze.jpg","media_url_https":"https://pbs.twimg.com/media/C_s_xzEVwAI3Vze.jpg","url":"https://t.co/7JNhyTcirG","display_url":"pic.twitter.com/7JNhyTcirG","expanded_url":"https://twitter.com/dubamub/status/863353936417181697/photo/1","type":"photo","sizes":{"thumb":{"w":150,"h":150,"resize":"crop"},"large":{"w":580,"h":435,"resize":"fit"},"small":{"w":580,"h":435,"resize":"fit"},"medium":{"w":580,"h":435,"resize":"fit"}},"source_status_id":863353936417181700,"source_status_id_str":"863353936417181697","source_user_id":715112866525806600,"source_user_id_str":"715112866525806592"},{"id":863353902162296800,"id_str":"863353902162296833","indices":[50,73],"media_url":"http://pbs.twimg.com/media/C_s_zL3UwAESefY.jpg","media_url_https":"https://pbs.twimg.com/media/C_s_zL3UwAESefY.jpg","url":"https://t.co/7JNhyTcirG","display_url":"pic.twitter.com/7JNhyTcirG","expanded_url":"https://twitter.com/dubamub/status/863353936417181697/photo/1","type":"photo","sizes":{"thumb":{"w":150,"h":150,"resize":"crop"},"large":{"w":580,"h":435,"resize":"fit"},"small":{"w":580,"h":435,"resize":"fit"},"medium":{"w":580,"h":435,"resize":"fit"}},"source_status_id":863353936417181700,"source_status_id_str":"863353936417181697","source_user_id":715112866525806600,"source_user_id_str":"715112866525806592"},{"id":863353911754629100,"id_str":"863353911754629120","indices":[50,73],"media_url":"http://pbs.twimg.com/media/C_s_zvmUIAASR8M.jpg","media_url_https":"https://pbs.twimg.com/media/C_s_zvmUIAASR8M.jpg","url":"https://t.co/7JNhyTcirG","display_url":"pic.twitter.com/7JNhyTcirG","expanded_url":"https://twitter.com/dubamub/status/863353936417181697/photo/1","type":"photo","sizes":{"small":{"w":360,"h":360,"resize":"fit"},"medium":{"w":360,"h":360,"resize":"fit"},"thumb":{"w":150,"h":150,"resize":"crop"},"large":{"w":360,"h":360,"resize":"fit"}},"source_status_id":863353936417181700,"source_status_id_str":"863353936417181697","source_user_id":715112866525806600,"source_user_id_str":"715112866525806592"}]},"metadata":{"iso_language_code":"ja","result_type":"recent"},"source":"<a href=\"https://twitter.com/\" rel=\"nofollow\">jjj uujuhuc</a>","in_reply_to_status_id":null,"in_reply_to_status_id_str":null,"in_reply_to_user_id":null,"in_reply_to_user_id_str":null,"in_reply_to_screen_name":null,"user":{"id":798395293754658800,"id_str":"798395293754658816","name":"みゆ✿見せあい募集垢","screen_name":"miyu_pya","location":"","description":"いわゆる裏垢女子💕おぱーい晒して喜んでます笑💕ぇち動画欲しい人📸見せあいしたい人LINEしてね〜💕ふぉろー貰えると喜びます ✨✨ ※DM基本見てません💦","url":null,"entities":{"description":{"urls":[]}},"protected":false,"followers_count":1642,"friends_count":1058,"listed_count":5,"created_at":"Tue Nov 15 05:20:46 +0000 2016","favourites_count":0,"utc_offset":-25200,"time_zone":"Pacific Time (US & Canada)","geo_enabled":false,"verified":false,"statuses_count":22,"lang":"ja","contributors_enabled":false,"is_translator":false,"is_translation_enabled":false,"profile_background_color":"F5F8FA","profile_background_image_url":null,"profile_background_image_url_https":null,"profile_background_tile":false,"profile_image_url":"http://pbs.twimg.com/profile_images/863335116906536961/7sjUUsG__normal.jpg","profile_image_url_https":"https://pbs.twimg.com/profile_images/863335116906536961/7sjUUsG__normal.jpg","profile_banner_url":"https://pbs.twimg.com/profile_banners/798395293754658816/1494670694","profile_link_color":"1DA1F2","profile_sidebar_border_color":"C0DEED","profile_sidebar_fill_color":"DDEEF6","profile_text_color":"333333","profile_use_background_image":true,"has_extended_profile":false,"default_profile":true,"default_profile_image":false,"following":false,"follow_request_sent":false,"notifications":false,"translator_type":"none"},"geo":null,"coordinates":null,"place":null,"contributors":null,"is_quote_status":false,"retweet_count":55,"favorite_count":0,"favorited":false,"retweeted":false,"possibly_sensitive":false,"lang":"ja"}],"search_metadata":{"completed_in":0.082,"max_id":882321414115573800,"max_id_str":"882321414115573760","next_results":"?max_id=882320615453020159&q=lang%3Aja%20min_retweets%3A50&include_entities=1","query":"lang%3Aja+min_retweets%3A50","refresh_url":"?since_id=882321414115573760&q=lang%3Aja%20min_retweets%3A50&include_entities=1","count":15,"since_id":0,"since_id_str":"0"}}