{"statuses":[{"created_at":"Mon Jul 10 03:40:03 +0000 2017","id":884255872326656000,"id_str":"884255872326656000","text":"帰りたさ","truncated":false,"entities":{"hashtags":[],"symbols":[],"user_mentions":[],"urls":[]},"metadata":{"iso_language_code":"ja","result_type":"recent"},"source":"<a href=\"http://carotene.sakura.ne.jp/shuumai/\" rel=\"nofollow\">せいろ</a>","in_reply_to_status_id":null,"in_reply_to_status_id_str":null,"in_reply_to_user_id":null,"in_reply_to_user_id_str":null,"in_reply_to_screen_name":null,"user":{"id":54882396,"id_str":"54882396","name":"しゅうまい君","screen_name":"shuumai","location":"せいろ","description":"followingの皆さんの最近の発言を学習して喋るよ。（何かあったら@enpitsuまで）／LINEスタンプもあるよhttps://t.co/dRzUm39fDe","url":"https://t.co/33QcJKtmeV","entities":{"url":{"urls":[{"url":"https://t.co/33QcJKtmeV","expanded_url":"http://enpitsu.org/shuumai/","display_url":"enpitsu.org/shuumai/","indices":[0,23]}]},"description":{"urls":[{"url":"https://t.co/dRzUm39fDe","expanded_url":"http://line.me/S/sticker/1010497","display_url":"line.me/S/sticker/1010…","indices":[59,82]}]}},"protected":false,"followers_count":294308,"friends_count":253044,"listed_count":15222,"created_at":"Wed Jul 08 12:37:32 +0000 2009","favourites_count":0,"utc_offset":32400,"time_zone":"Tokyo","geo_enabled":false,"verified":false,"statuses_count":185129,"lang":"en","contributors_enabled":false,"is_translator":false,"is_translation_enabled":false,"profile_background_color":"0099B9","profile_background_image_url":"http://abs.twimg.com/images/themes/theme4/bg.gif","profile_background_image_url_https":"https://abs.twimg.com/images/themes/theme4/bg.gif","profile_background_tile":false,"profile_image_url":"http://pbs.twimg.com/profile_images/303370559/shuumai_normal.jpg","profile_image_url_https":"https://pbs.twimg.com/profile_images/303370559/shuumai_normal.jpg","profile_link_color":"0099B9","profile_sidebar_border_color":"5ED4DC","profile_sidebar_fill_color":"95E8EC","profile_text_color":"3C3940","profile_use_background_image":true,"has_extended_profile":true,"default_profile":false,"default_profile_image":false,"following":false,"follow_request_sent":false,"notifications":false,"translator_type":"none"},"geo":null,"coordinates":null,"place":null,"contributors":null,"is_quote_status":false,"retweet_count":93,"favorite_count":68,"favorited":false,"retweeted":false,"lang":"ja"},{"created_at":"Mon Jul 10 03:37:36 +0000 2017","id":884255256225341400,"id_str":"884255256225341440","text":"気温がグイグイ上がってきてる．\n今日10日12時現在での最高気温は福島35.2℃，茨城大子34.9℃，東京練馬34.2℃，館林34.0℃などなど．まだ気温は上がっています．特に屋外で作業されているみなさま，こまめな水分補給や休憩な… https://t.co/bGr6jEdNUm","truncated":true,"entities":{"hashtags":[],"symbols":[],"user_mentions":[],"urls":[{"url":"https://t.co/bGr6jEdNUm","expanded_url":"https://twitter.com/i/web/status/884255256225341440","display_url":"twitter.com/i/web/status/8…","indices":[117,140]}]},"metadata":{"iso_language_code":"ja","result_type":"recent"},"source":"<a href=\"http://twitter.com\" rel=\"nofollow\">Twitter Web Client</a>","in_reply_to_status_id":null,"in_reply_to_status_id_str":null,"in_reply_to_user_id":null,"in_reply_to_user_id_str":null,"in_reply_to_screen_name":null,"user":{"id":2533292042,"id_str":"2533292042","name":"荒木健太郎","screen_name":"arakencloud","location":"Tsukuba, Ibaraki, Japan","description":"雲研究者．気象庁気象研究所研究官．防災・減災を目標に，豪雨・豪雪・竜巻などをもたらす雲の仕組みを研究してます．著書「雲の中では何が起こっているのか」https://t.co/GDsivPgD9E まとめ「艦これ気象学」「地震雲を不安に思う方へ」https://t.co/SruFKgdnWB #関東雪結晶 発信は個人の見解です","url":"https://t.co/iHUdX2815e","entities":{"url":{"urls":[{"url":"https://t.co/iHUdX2815e","expanded_url":"http://www.mri-jma.go.jp/Dep/fo/fo3/araki/","display_url":"mri-jma.go.jp/Dep/fo/fo3/ara…","indices":[0,23]}]},"description":{"urls":[{"url":"https://t.co/GDsivPgD9E","expanded_url":"http://goo.gl/8XhjCf","display_url":"goo.gl/8XhjCf","indices":[74,97]},{"url":"https://t.co/SruFKgdnWB","expanded_url":"http://goo.gl/wKafS6","display_url":"goo.gl/wKafS6","indices":[122,145]}]}},"protected":false,"followers_count":29568,"friends_count":264,"listed_count":856,"created_at":"Thu May 29 19:51:40 +0000 2014","favourites_count":26007,"utc_offset":null,"time_zone":null,"geo_enabled":true,"verified":false,"statuses_count":5898,"lang":"ja","contributors_enabled":false,"is_translator":false,"is_translation_enabled":false,"profile_background_color":"C0DEED","profile_background_image_url":"http://pbs.twimg.com/profile_background_images/472113021926404097/dKYoqIyg.jpeg","profile_background_image_url_https":"https://pbs.twimg.com/profile_background_images/472113021926404097/dKYoqIyg.jpeg","profile_background_tile":true,"profile_image_url":"http://pbs.twimg.com/profile_images/750407308140638210/aWCDTJdT_normal.jpg","profile_image_url_https":"https://pbs.twimg.com/profile_images/750407308140638210/aWCDTJdT_normal.jpg","profile_banner_url":"https://pbs.twimg.com/profile_banners/2533292042/1498824427","profile_link_color":"0084B4","profile_sidebar_border_color":"FFFFFF","profile_sidebar_fill_color":"DDEEF6","profile_text_color":"333333","profile_use_background_image":true,"has_extended_profile":true,"default_profile":false,"default_profile_image":false,"following":false,"follow_request_sent":false,"notifications":false,"translator_type":"none"},"geo":null,"coordinates":null,"place":null,"contributors":null,"is_quote_status":false,"retweet_count":52,"favorite_count":15,"favorited":false,"retweeted":false,"possibly_sensitive":false,"lang":"ja"},{"created_at":"Mon Jul 10 03:36:52 +0000 2017","id":884255073030750200,"id_str":"884255073030750208","text":"そして、公式サイトにキャストコメントを掲載しました！ ミサキ役・高橋李依さんが登場です！\nhttps://t.co/hyJ5ag8sQs\n#バトガ https://t.co/1IKlFgCTVv","truncated":false,"entities":{"hashtags":[{"text":"バトガ","indices":[69,73]}],"symbols":[],"user_mentions":[],"urls":[{"url":"https://t.co/hyJ5ag8sQs","expanded_url":"http://colopl.co.jp/battlegirl-hs/anime/comment/","display_url":"colopl.co.jp/battlegirl-hs/…","indices":[45,68]}],"media":[{"id":884254923864424400,"id_str":"884254923864424450","indices":[74,97],"media_url":"http://pbs.twimg.com/media/DEWBKxPUQAIkSF8.jpg","media_url_https":"https://pbs.twimg.com/media/DEWBKxPUQAIkSF8.jpg","url":"https://t.co/1IKlFgCTVv","display_url":"pic.twitter.com/1IKlFgCTVv","expanded_url":"https://twitter.com/bgirl_colopl/status/884255073030750208/photo/1","type":"photo","sizes":{"small":{"w":400,"h":400,"resize":"fit"},"large":{"w":400,"h":400,"resize":"fit"},"thumb":{"w":150,"h":150,"resize":"crop"},"medium":{"w":400,"h":400,"resize":"fit"}}}]},"extended_entities":{"media":[{"id":884254923864424400,"id_str":"884254923864424450","indices":[74,97],"media_url":"http://pbs.twimg.com/media/DEWBKxPUQAIkSF8.jpg","media_url_https":"https://pbs.twimg.com/media/DEWBKxPUQAIkSF8.jpg","url":"https://t.co/1IKlFgCTVv","display_url":"pic.twitter.com/1IKlFgCTVv","expanded_url":"https://twitter.com/bgirl_colopl/status/884255073030750208/photo/1","type":"photo","sizes":{"small":{"w":400,"h":400,"resize":"fit"},"large":{"w":400,"h":400,"resize":"fit"},"thumb":{"w":150,"h":150,"resize":"crop"},"medium":{"w":400,"h":400,"resize":"fit"}}}]},"metadata":{"iso_language_code":"ja","result_type":"recent"},"source":"<a href=\"http://twitter.com\" rel=\"nofollow\">Twitter Web Client</a>","in_reply_to_status_id":null,"in_reply_to_status_id_str":null,"in_reply_to_user_id":null,"in_reply_to_user_id_str":null,"in_reply_to_screen_name":null,"user":{"id":3015988390,"id_str":"3015988390","name":"【公式】バトルガール ハイスクール","screen_name":"bgirl_colopl","location":"","description":"「バトルガール ハイスクール」公式Twitter。TVアニメ放送開始！キャラ紹介＆これまでのストーリーはコチラ⇒ \nhttps://t.co/J6COOaz4rE ゲームのお問い合わせにつきましてはこちらにお願いします⇒https://t.co/y7SPSJNsb5 #バトガ","url":"https://t.co/riJ9jDvMWl","entities":{"url":{"urls":[{"url":"https://t.co/riJ9jDvMWl","expanded_url":"http://colopl.co.jp/battlegirl-hs/index.php","display_url":"colopl.co.jp/battlegirl-hs/…","indices":[0,23]}]},"description":{"urls":[{"url":"https://t.co/J6COOaz4rE","expanded_url":"http://colopl.co.jp/battlegirl-hs/chara/","display_url":"colopl.co.jp/battlegirl-hs/…","indices":[58,81]},{"url":"https://t.co/y7SPSJNsb5","expanded_url":"http://colopl.co.jp/contact/","display_url":"colopl.co.jp/contact/","indices":[110,133]}]}},"protected":false,"followers_count":118003,"friends_count":14,"listed_count":849,"created_at":"Wed Feb 04 01:43:59 +0000 2015","favourites_count":5,"utc_offset":null,"time_zone":null,"geo_enabled":false,"verified":true,"statuses_count":1798,"lang":"ja","contributors_enabled":false,"is_translator":false,"is_translation_enabled":false,"profile_background_color":"C0DEED","profile_background_image_url":"http://abs.twimg.com/images/themes/theme1/bg.png","profile_background_image_url_https":"https://abs.twimg.com/images/themes/theme1/bg.png","profile_background_tile":false,"profile_image_url":"http://pbs.twimg.com/profile_images/879981323481264128/8-cIh__r_normal.jpg","profile_image_url_https":"https://pbs.twimg.com/profile_images/879981323481264128/8-cIh__r_normal.jpg","profile_banner_url":"https://pbs.twimg.com/profile_banners/3015988390/1498028538","profile_link_color":"1DA1F2","profile_sidebar_border_color":"C0DEED","profile_sidebar_fill_color":"DDEEF6","profile_text_color":"333333","profile_use_background_image":true,"has_extended_profile":false,"default_profile":true,"default_profile_image":false,"following":false,"follow_request_sent":false,"notifications":false,"translator_type":"none"},"geo":null,"coordinates":null,"place":null,"contributors":null,"is_quote_status":false,"retweet_count":71,"favorite_count":84,"favorited":false,"retweeted":false,"possibly_sensitive":false,"lang":"ja"},{"created_at":"Mon Jul 10 03:36:20 +0000 2017","id":884254939198783500,"id_str":"884254939198783488","text":"【WIXOSSを始める１００の方法】\n今日は納豆の日だとか！\nWIXOSSには調理という、食関連が少女になったシグニのクラスがあります。ちなみに納豆は菌類としてカウントされているため調理ではありません。\nイラスト：CH@R… https://t.co/0iUKv5Sx25","truncated":true,"entities":{"hashtags":[],"symbols":[],"user_mentions":[],"urls":[{"url":"https://t.co/0iUKv5Sx25","expanded_url":"https://twitter.com/i/web/status/884254939198783488","display_url":"twitter.com/i/web/status/8…","indices":[113,136]}]},"metadata":{"iso_language_code":"ja","result_type":"recent"},"source":"<a href=\"http://twitter.com\" rel=\"nofollow\">Twitter Web Client</a>","in_reply_to_status_id":null,"in_reply_to_status_id_str":null,"in_reply_to_user_id":null,"in_reply_to_user_id_str":null,"in_reply_to_screen_name":null,"user":{"id":159411375,"id_str":"159411375","name":"WIXOSS公式アカウント","screen_name":"wixoss_TCG","location":"ＷＩＸＯＳＳ","description":"カードゲームWIXOSS公式アカウントです ////ルール、イベントの問い合わせはこちら→@wx_tcg///","url":"https://t.co/rEkBVVYnS4","entities":{"url":{"urls":[{"url":"https://t.co/rEkBVVYnS4","expanded_url":"http://www.takaratomy.co.jp/products/wixoss/","display_url":"takaratomy.co.jp/products/wixos…","indices":[0,23]}]},"description":{"urls":[]}},"protected":false,"followers_count":34443,"friends_count":384,"listed_count":529,"created_at":"Fri Jun 25 08:48:53 +0000 2010","favourites_count":316,"utc_offset":32400,"time_zone":"Tokyo","geo_enabled":true,"verified":false,"statuses_count":3778,"lang":"ja","contributors_enabled":false,"is_translator":false,"is_translation_enabled":false,"profile_background_color":"0099B9","profile_background_image_url":"http://pbs.twimg.com/profile_background_images/624432955738329088/Z0oH1AfV.jpg","profile_background_image_url_https":"https://pbs.twimg.com/profile_background_images/624432955738329088/Z0oH1AfV.jpg","profile_background_tile":false,"profile_image_url":"http://pbs.twimg.com/profile_images/848188689494585345/8Un_ua-C_normal.jpg","profile_image_url_https":"https://pbs.twimg.com/profile_images/848188689494585345/8Un_ua-C_normal.jpg","profile_banner_url":"https://pbs.twimg.com/profile_banners/159411375/1498823776","profile_link_color":"0099B9","profile_sidebar_border_color":"FFFFFF","profile_sidebar_fill_color":"95E8EC","profile_text_color":"3C3940","profile_use_background_image":true,"has_extended_profile":false,"default_profile":false,"default_profile_image":false,"following":false,"follow_request_sent":false,"notifications":false,"translator_type":"none"},"geo":null,"coordinates":null,"place":null,"contributors":null,"is_quote_status":false,"retweet_count":55,"favorite_count":46,"favorited":false,"retweeted":false,"possibly_sensitive":false,"lang":"ja"},{"created_at":"Mon Jul 10 03:35:52 +0000 2017","id":884254818549628900,"id_str":"884254818549628935","text":"ウルクのキャスターと不夜城のキャスター。 https://t.co/1n9v9M72ET","truncated":false,"entities":{"hashtags":[],"symbols":[],"user_mentions":[],"urls":[],"media":[{"id":884254188850470900,"id_str":"884254188850470912","indices":[21,44],"media_url":"http://pbs.twimg.com/media/DEWAf_GVYAAYxIN.jpg","media_url_https":"https://pbs.twimg.com/media/DEWAf_GVYAAYxIN.jpg","url":"https://t.co/1n9v9M72ET","display_url":"pic.twitter.com/1n9v9M72ET","expanded_url":"https://twitter.com/sioopaoo_7_10/status/884254818549628935/photo/1","type":"photo","sizes":{"medium":{"w":850,"h":1200,"resize":"fit"},"large":{"w":1074,"h":1517,"resize":"fit"},"thumb":{"w":150,"h":150,"resize":"crop"},"small":{"w":481,"h":680,"resize":"fit"}}}]},"extended_entities":{"media":[{"id":884254188850470900,"id_str":"884254188850470912","indices":[21,44],"media_url":"http://pbs.twimg.com/media/DEWAf_GVYAAYxIN.jpg","media_url_https":"https://pbs.twimg.com/media/DEWAf_GVYAAYxIN.jpg","url":"https://t.co/1n9v9M72ET","display_url":"pic.twitter.com/1n9v9M72ET","expanded_url":"https://twitter.com/sioopaoo_7_10/status/884254818549628935/photo/1","type":"photo","sizes":{"medium":{"w":850,"h":1200,"resize":"fit"},"large":{"w":1074,"h":1517,"resize":"fit"},"thumb":{"w":150,"h":150,"resize":"crop"},"small":{"w":481,"h":680,"resize":"fit"}}}]},"metadata":{"iso_language_code":"ja","result_type":"recent"},"source":"<a href=\"https://about.twitter.com/products/tweetdeck\" rel=\"nofollow\">TweetDeck</a>","in_reply_to_status_id":null,"in_reply_to_status_id_str":null,"in_reply_to_user_id":null,"in_reply_to_user_id_str":null,"in_reply_to_screen_name":null,"user":{"id":148368114,"id_str":"148368114","name":"NATO🏹☀️夏コミ3日目❤ポ01a","screen_name":"sioopaoo_7_10","location":"トゥメル人の獣","description":"なと、と読みます。男女問わず成人向けを好きなように好きな時に描いていますので未成年の方はご遠慮下さい。お仕事のご連絡はeni0.nat000@gmail.comにてお願い致します。 メッセージやお題はこちらから❤https://t.co/5tZibFCNRA","url":"https://t.co/C1CH0wMkAl","entities":{"url":{"urls":[{"url":"https://t.co/C1CH0wMkAl","expanded_url":"http://www.pixiv.net/member.php?id=166896","display_url":"pixiv.net/member.php?id=…","indices":[0,23]}]},"description":{"urls":[{"url":"https://t.co/5tZibFCNRA","expanded_url":"http://odaibako.net/u/sioopaoo_7_10","display_url":"odaibako.net/u/sioopaoo_7_10","indices":[106,129]}]}},"protected":false,"followers_count":16904,"friends_count":82,"listed_count":319,"created_at":"Wed May 26 14:34:47 +0000 2010","favourites_count":5177,"utc_offset":-36000,"time_zone":"Hawaii","geo_enabled":false,"verified":false,"statuses_count":67982,"lang":"ja","contributors_enabled":false,"is_translator":false,"is_translation_enabled":false,"profile_background_color":"1A1B1F","profile_background_image_url":"http://abs.twimg.com/images/themes/theme9/bg.gif","profile_background_image_url_https":"https://abs.twimg.com/images/themes/theme9/bg.gif","profile_background_tile":false,"profile_image_url":"http://pbs.twimg.com/profile_images/882985046516224002/4LRKxOxS_normal.jpg","profile_image_url_https":"https://pbs.twimg.com/profile_images/882985046516224002/4LRKxOxS_normal.jpg","profile_banner_url":"https://pbs.twimg.com/profile_banners/148368114/1496279040","profile_link_color":"F22771","profile_sidebar_border_color":"FFFFFF","profile_sidebar_fill_color":"252429","profile_text_color":"666666","profile_use_background_image":true,"has_extended_profile":false,"default_profile":false,"default_profile_image":false,"following":false,"follow_request_sent":false,"notifications":false,"translator_type":"none"},"geo":null,"coordinates":null,"place":null,"contributors":null,"is_quote_status":false,"retweet_count":57,"favorite_count":161,"favorited":false,"retweeted":false,"possibly_sensitive":false,"lang":"ja"},{"created_at":"Mon Jul 10 03:35:39 +0000 2017","id":884254766049534000,"id_str":"884254766049533952","text":"・夏に水着を描きたい10の理由～その２～（10もなかった） https://t.co/IQE2IWoGOh","truncated":false,"entities":{"hashtags":[],"symbols":[],"user_mentions":[],"urls":[],"media":[{"id":884254655911415800,"id_str":"884254655911415808","indices":[30,53],"media_url":"http://pbs.twimg.com/media/DEWA7LCV0AARcLf.jpg","media_url_https":"https://pbs.twimg.com/media/DEWA7LCV0AARcLf.jpg","url":"https://t.co/IQE2IWoGOh","display_url":"pic.twitter.com/IQE2IWoGOh","expanded_url":"https://twitter.com/gyoniso3/status/884254766049533952/photo/1","type":"photo","sizes":{"small":{"w":544,"h":680,"resize":"fit"},"large":{"w":1638,"h":2048,"resize":"fit"},"thumb":{"w":150,"h":150,"resize":"crop"},"medium":{"w":960,"h":1200,"resize":"fit"}}}]},"extended_entities":{"media":[{"id":884254655911415800,"id_str":"884254655911415808","indices":[30,53],"media_url":"http://pbs.twimg.com/media/DEWA7LCV0AARcLf.jpg","media_url_https":"https://pbs.twimg.com/media/DEWA7LCV0AARcLf.jpg","url":"https://t.co/IQE2IWoGOh","display_url":"pic.twitter.com/IQE2IWoGOh","expanded_url":"https://twitter.com/gyoniso3/status/884254766049533952/photo/1","type":"photo","sizes":{"small":{"w":544,"h":680,"resize":"fit"},"large":{"w":1638,"h":2048,"resize":"fit"},"thumb":{"w":150,"h":150,"resize":"crop"},"medium":{"w":960,"h":1200,"resize":"fit"}}},{"id":884254669781860400,"id_str":"884254669781860352","indices":[30,53],"media_url":"http://pbs.twimg.com/media/DEWA7-tUAAAYUx-.jpg","media_url_https":"https://pbs.twimg.com/media/DEWA7-tUAAAYUx-.jpg","url":"https://t.co/IQE2IWoGOh","display_url":"pic.twitter.com/IQE2IWoGOh","expanded_url":"https://twitter.com/gyoniso3/status/884254766049533952/photo/1","type":"photo","sizes":{"small":{"w":544,"h":680,"resize":"fit"},"large":{"w":1638,"h":2048,"resize":"fit"},"thumb":{"w":150,"h":150,"resize":"crop"},"medium":{"w":960,"h":1200,"resize":"fit"}}},{"id":884254679684718600,"id_str":"884254679684718592","indices":[30,53],"media_url":"http://pbs.twimg.com/media/DEWA8jmVoAAVKnS.jpg","media_url_https":"https://pbs.twimg.com/media/DEWA8jmVoAAVKnS.jpg","url":"https://t.co/IQE2IWoGOh","display_url":"pic.twitter.com/IQE2IWoGOh","expanded_url":"https://twitter.com/gyoniso3/status/884254766049533952/photo/1","type":"photo","sizes":{"small":{"w":544,"h":680,"resize":"fit"},"large":{"w":1638,"h":2048,"resize":"fit"},"thumb":{"w":150,"h":150,"resize":"crop"},"medium":{"w":960,"h":1200,"resize":"fit"}}},{"id":884254691856531500,"id_str":"884254691856531456","indices":[30,53],"media_url":"http://pbs.twimg.com/media/DEWA9Q8UwAAacSr.jpg","media_url_https":"https://pbs.twimg.com/media/DEWA9Q8UwAAacSr.jpg","url":"https://t.co/IQE2IWoGOh","display_url":"pic.twitter.com/IQE2IWoGOh","expanded_url":"https://twitter.com/gyoniso3/status/884254766049533952/photo/1","type":"photo","sizes":{"small":{"w":544,"h":680,"resize":"fit"},"large":{"w":1638,"h":2048,"resize":"fit"},"thumb":{"w":150,"h":150,"resize":"crop"},"medium":{"w":960,"h":1200,"resize":"fit"}}}]},"metadata":{"iso_language_code":"ja","result_type":"recent"},"source":"<a href=\"http://twitter.com\" rel=\"nofollow\">Twitter Web Client</a>","in_reply_to_status_id":884254558163091500,"in_reply_to_status_id_str":"884254558163091456","in_reply_to_user_id":4854518222,"in_reply_to_user_id_str":"4854518222","in_reply_to_screen_name":"gyoniso3","user":{"id":4854518222,"id_str":"4854518222","name":"アルマジロン（野生）","screen_name":"gyoniso3","location":"日本 東京","description":"フリーのイラストレーター&3DCGモデラーをしております。\n\nお仕事にあまり影響の出ない範囲で落書きなどを気まぐれに上げるかもしれません！大人の事情的に問題のない範囲で！\n\nツイッターの仕組みが未だによくわかっておりません……使いこなさねば。","url":null,"entities":{"description":{"urls":[]}},"protected":false,"followers_count":1608,"friends_count":51,"listed_count":50,"created_at":"Wed Feb 03 14:42:21 +0000 2016","favourites_count":609,"utc_offset":32400,"time_zone":"Tokyo","geo_enabled":false,"verified":false,"statuses_count":106,"lang":"ja","contributors_enabled":false,"is_translator":false,"is_translation_enabled":false,"profile_background_color":"000000","profile_background_image_url":"http://abs.twimg.com/images/themes/theme1/bg.png","profile_background_image_url_https":"https://abs.twimg.com/images/themes/theme1/bg.png","profile_background_tile":false,"profile_image_url":"http://pbs.twimg.com/profile_images/807467097408212992/08BVf_eu_normal.jpg","profile_image_url_https":"https://pbs.twimg.com/profile_images/807467097408212992/08BVf_eu_normal.jpg","profile_banner_url":"https://pbs.twimg.com/profile_banners/4854518222/1497999954","profile_link_color":"1B95E0","profile_sidebar_border_color":"000000","profile_sidebar_fill_color":"000000","profile_text_color":"000000","profile_use_background_image":false,"has_extended_profile":true,"default_profile":false,"default_profile_image":false,"following":false,"follow_request_sent":false,"notifications":false,"translator_type":"none"},"geo":null,"coordinates":null,"place":null,"contributors":null,"is_quote_status":false,"retweet_count":58,"favorite_count":82,"favorited":false,"retweeted":false,"possibly_sensitive":false,"lang":"ja"},{"created_at":"Mon Jul 10 03:35:14 +0000 2017","id":884254660441153500,"id_str":"884254660441153541","text":"YouTubeにて、アニメ第2話「そこがツボなの？」を無料公開しました！ ぜひご覧ください！ 皆さまのご要望にお応えし、このYouTube版では星守たちの名前のテロップを入れております。… https://t.co/Zlgj9OVWPf","truncated":true,"entities":{"hashtags":[],"symbols":[],"user_mentions":[],"urls":[{"url":"https://t.co/Zlgj9OVWPf","expanded_url":"https://twitter.com/i/web/status/884254660441153541","display_url":"twitter.com/i/web/status/8…","indices":[95,118]}]},"metadata":{"iso_language_code":"ja","result_type":"recent"},"source":"<a href=\"http://twitter.com\" rel=\"nofollow\">Twitter Web Client</a>","in_reply_to_status_id":null,"in_reply_to_status_id_str":null,"in_reply_to_user_id":null,"in_reply_to_user_id_str":null,"in_reply_to_screen_name":null,"user":{"id":3015988390,"id_str":"3015988390","name":"【公式】バトルガール ハイスクール","screen_name":"bgirl_colopl","location":"","description":"「バトルガール ハイスクール」公式Twitter。TVアニメ放送開始！キャラ紹介＆これまでのストーリーはコチラ⇒ \nhttps://t.co/J6COOaz4rE ゲームのお問い合わせにつきましてはこちらにお願いします⇒https://t.co/y7SPSJNsb5 #バトガ","url":"https://t.co/riJ9jDvMWl","entities":{"url":{"urls":[{"url":"https://t.co/riJ9jDvMWl","expanded_url":"http://colopl.co.jp/battlegirl-hs/index.php","display_url":"colopl.co.jp/battlegirl-hs/…","indices":[0,23]}]},"description":{"urls":[{"url":"https://t.co/J6COOaz4rE","expanded_url":"http://colopl.co.jp/battlegirl-hs/chara/","display_url":"colopl.co.jp/battlegirl-hs/…","indices":[58,81]},{"url":"https://t.co/y7SPSJNsb5","expanded_url":"http://colopl.co.jp/contact/","display_url":"colopl.co.jp/contact/","indices":[110,133]}]}},"protected":false,"followers_count":118003,"friends_count":14,"listed_count":849,"created_at":"Wed Feb 04 01:43:59 +0000 2015","favourites_count":5,"utc_offset":null,"time_zone":null,"geo_enabled":false,"verified":true,"statuses_count":1798,"lang":"ja","contributors_enabled":false,"is_translator":false,"is_translation_enabled":false,"profile_background_color":"C0DEED","profile_background_image_url":"http://abs.twimg.com/images/themes/theme1/bg.png","profile_background_image_url_https":"https://abs.twimg.com/images/themes/theme1/bg.png","profile_background_tile":false,"profile_image_url":"http://pbs.twimg.com/profile_images/879981323481264128/8-cIh__r_normal.jpg","profile_image_url_https":"https://pbs.twimg.com/profile_images/879981323481264128/8-cIh__r_normal.jpg","profile_banner_url":"https://pbs.twimg.com/profile_banners/3015988390/1498028538","profile_link_color":"1DA1F2","profile_sidebar_border_color":"C0DEED","profile_sidebar_fill_color":"DDEEF6","profile_text_color":"333333","profile_use_background_image":true,"has_extended_profile":false,"default_profile":true,"default_profile_image":false,"following":false,"follow_request_sent":false,"notifications":false,"translator_type":"none"},"geo":null,"coordinates":null,"place":null,"contributors":null,"is_quote_status":false,"retweet_count":125,"favorite_count":114,"favorited":false,"retweeted":false,"possibly_sensitive":false,"lang":"ja"},{"created_at":"Mon Jul 10 03:34:49 +0000 2017","id":884254558163091500,"id_str":"884254558163091456","text":"・夏に水着を描きたい10の理由～その１～（裸注意） https://t.co/45vQAd0hMU","truncated":false,"entities":{"hashtags":[],"symbols":[],"user_mentions":[],"urls":[],"media":[{"id":884254412138360800,"id_str":"884254412138360834","indices":[26,49],"media_url":"http://pbs.twimg.com/media/DEWAs-6UMAIeUQl.jpg","media_url_https":"https://pbs.twimg.com/media/DEWAs-6UMAIeUQl.jpg","url":"https://t.co/45vQAd0hMU","display_url":"pic.twitter.com/45vQAd0hMU","expanded_url":"https://twitter.com/gyoniso3/status/884254558163091456/photo/1","type":"photo","sizes":{"small":{"w":544,"h":680,"resize":"fit"},"large":{"w":1638,"h":2048,"resize":"fit"},"thumb":{"w":150,"h":150,"resize":"crop"},"medium":{"w":960,"h":1200,"resize":"fit"}}}]},"extended_entities":{"media":[{"id":884254412138360800,"id_str":"884254412138360834","indices":[26,49],"media_url":"http://pbs.twimg.com/media/DEWAs-6UMAIeUQl.jpg","media_url_https":"https://pbs.twimg.com/media/DEWAs-6UMAIeUQl.jpg","url":"https://t.co/45vQAd0hMU","display_url":"pic.twitter.com/45vQAd0hMU","expanded_url":"https://twitter.com/gyoniso3/status/884254558163091456/photo/1","type":"photo","sizes":{"small":{"w":544,"h":680,"resize":"fit"},"large":{"w":1638,"h":2048,"resize":"fit"},"thumb":{"w":150,"h":150,"resize":"crop"},"medium":{"w":960,"h":1200,"resize":"fit"}}},{"id":884254422750044200,"id_str":"884254422750044160","indices":[26,49],"media_url":"http://pbs.twimg.com/media/DEWAtmcVoAAI2IT.jpg","media_url_https":"https://pbs.twimg.com/media/DEWAtmcVoAAI2IT.jpg","url":"https://t.co/45vQAd0hMU","display_url":"pic.twitter.com/45vQAd0hMU","expanded_url":"https://twitter.com/gyoniso3/status/884254558163091456/photo/1","type":"photo","sizes":{"small":{"w":544,"h":680,"resize":"fit"},"large":{"w":1638,"h":2048,"resize":"fit"},"thumb":{"w":150,"h":150,"resize":"crop"},"medium":{"w":960,"h":1200,"resize":"fit"}}},{"id":884254434150174700,"id_str":"884254434150174721","indices":[26,49],"media_url":"http://pbs.twimg.com/media/DEWAuQ6V0AEocSd.jpg","media_url_https":"https://pbs.twimg.com/media/DEWAuQ6V0AEocSd.jpg","url":"https://t.co/45vQAd0hMU","display_url":"pic.twitter.com/45vQAd0hMU","expanded_url":"https://twitter.com/gyoniso3/status/884254558163091456/photo/1","type":"photo","sizes":{"small":{"w":544,"h":680,"resize":"fit"},"large":{"w":1638,"h":2048,"resize":"fit"},"thumb":{"w":150,"h":150,"resize":"crop"},"medium":{"w":960,"h":1200,"resize":"fit"}}},{"id":884254443344060400,"id_str":"884254443344060416","indices":[26,49],"media_url":"http://pbs.twimg.com/media/DEWAuzKVYAALUEP.jpg","media_url_https":"https://pbs.twimg.com/media/DEWAuzKVYAALUEP.jpg","url":"https://t.co/45vQAd0hMU","display_url":"pic.twitter.com/45vQAd0hMU","expanded_url":"https://twitter.com/gyoniso3/status/884254558163091456/photo/1","type":"photo","sizes":{"large":{"w":1638,"h":2048,"resize":"fit"},"thumb":{"w":150,"h":150,"resize":"crop"},"medium":{"w":960,"h":1200,"resize":"fit"},"small":{"w":544,"h":680,"resize":"fit"}}}]},"metadata":{"iso_language_code":"ja","result_type":"recent"},"source":"<a href=\"http://twitter.com\" rel=\"nofollow\">Twitter Web Client</a>","in_reply_to_status_id":null,"in_reply_to_status_id_str":null,"in_reply_to_user_id":null,"in_reply_to_user_id_str":null,"in_reply_to_screen_name":null,"user":{"id":4854518222,"id_str":"4854518222","name":"アルマジロン（野生）","screen_name":"gyoniso3","location":"日本 東京","description":"フリーのイラストレーター&3DCGモデラーをしております。\n\nお仕事にあまり影響の出ない範囲で落書きなどを気まぐれに上げるかもしれません！大人の事情的に問題のない範囲で！\n\nツイッターの仕組みが未だによくわかっておりません……使いこなさねば。","url":null,"entities":{"description":{"urls":[]}},"protected":false,"followers_count":1608,"friends_count":51,"listed_count":50,"created_at":"Wed Feb 03 14:42:21 +0000 2016","favourites_count":609,"utc_offset":32400,"time_zone":"Tokyo","geo_enabled":false,"verified":false,"statuses_count":106,"lang":"ja","contributors_enabled":false,"is_translator":false,"is_translation_enabled":false,"profile_background_color":"000000","profile_background_image_url":"http://abs.twimg.com/images/themes/theme1/bg.png","profile_background_image_url_https":"https://abs.twimg.com/images/themes/theme1/bg.png","profile_background_tile":false,"profile_image_url":"http://pbs.twimg.com/profile_images/807467097408212992/08BVf_eu_normal.jpg","profile_image_url_https":"https://pbs.twimg.com/profile_images/807467097408212992/08BVf_eu_normal.jpg","profile_banner_url":"https://pbs.twimg.com/profile_banners/4854518222/1497999954","profile_link_color":"1B95E0","profile_sidebar_border_color":"000000","profile_sidebar_fill_color":"000000","profile_text_color":"000000","profile_use_background_image":false,"has_extended_profile":true,"default_profile":false,"default_profile_image":false,"following":false,"follow_request_sent":false,"notifications":false,"translator_type":"none"},"geo":null,"coordinates":null,"place":null,"contributors":null,"is_quote_status":false,"retweet_count":76,"favorite_count":113,"favorited":false,"retweeted":false,"possibly_sensitive":false,"lang":"ja"},{"created_at":"Mon Jul 10 03:34:47 +0000 2017","id":884254545995485200,"id_str":"884254545995485185","text":"マチカフェフローズンシリーズ、好評発売中です(^^) #ローソン https://t.co/q3sNUfVlVw https://t.co/bkmrc36XD2","truncated":false,"entities":{"hashtags":[{"text":"ローソン","indices":[27,32]}],"symbols":[],"user_mentions":[],"urls":[{"url":"https://t.co/q3sNUfVlVw","expanded_url":"http://lawson.eng.mg/f0bf7","display_url":"lawson.eng.mg/f0bf7","indices":[33,56]}],"media":[{"id":884254538642804700,"id_str":"884254538642804736","indices":[57,80],"media_url":"http://pbs.twimg.com/media/DEWA0WLU0AAu-aZ.jpg","media_url_https":"https://pbs.twimg.com/media/DEWA0WLU0AAu-aZ.jpg","url":"https://t.co/bkmrc36XD2","display_url":"pic.twitter.com/bkmrc36XD2","expanded_url":"https://twitter.com/akiko_lawson/status/884254545995485185/photo/1","type":"photo","sizes":{"thumb":{"w":150,"h":150,"resize":"crop"},"medium":{"w":512,"h":512,"resize":"fit"},"small":{"w":512,"h":512,"resize":"fit"},"large":{"w":512,"h":512,"resize":"fit"}}}]},"extended_entities":{"media":[{"id":884254538642804700,"id_str":"884254538642804736","indices":[57,80],"media_url":"http://pbs.twimg.com/media/DEWA0WLU0AAu-aZ.jpg","media_url_https":"https://pbs.twimg.com/media/DEWA0WLU0AAu-aZ.jpg","url":"https://t.co/bkmrc36XD2","display_url":"pic.twitter.com/bkmrc36XD2","expanded_url":"https://twitter.com/akiko_lawson/status/884254545995485185/photo/1","type":"photo","sizes":{"thumb":{"w":150,"h":150,"resize":"crop"},"medium":{"w":512,"h":512,"resize":"fit"},"small":{"w":512,"h":512,"resize":"fit"},"large":{"w":512,"h":512,"resize":"fit"}}}]},"metadata":{"iso_language_code":"ja","result_type":"recent"},"source":"<a href=\"http://twitter.com/download/iphone\" rel=\"nofollow\">Twitter for iPhone</a>","in_reply_to_status_id":null,"in_reply_to_status_id_str":null,"in_reply_to_user_id":null,"in_reply_to_user_id_str":null,"in_reply_to_screen_name":null,"user":{"id":115639376,"id_str":"115639376","name":"ローソン","screen_name":"akiko_lawson","location":"","description":"【ローソン公式Twitter】ローソンクルー♪あきこです(^^)最新情報をマイペースでお知らせします。instagramは https://t.co/ug6xZ4vRHx ☆ youtubeはhttps://t.co/yt55FzhTOk","url":"https://t.co/8vXbTU361Y","entities":{"url":{"urls":[{"url":"https://t.co/8vXbTU361Y","expanded_url":"http://lawson.co.jp","display_url":"lawson.co.jp","indices":[0,23]}]},"description":{"urls":[{"url":"https://t.co/ug6xZ4vRHx","expanded_url":"https://www.instagram.com/akiko_lawson/","display_url":"instagram.com/akiko_lawson/","indices":[62,85]},{"url":"https://t.co/yt55FzhTOk","expanded_url":"https://m.youtube.com/user/lawsonnews","display_url":"m.youtube.com/user/lawsonnews","indices":[96,119]}]}},"protected":false,"followers_count":1343679,"friends_count":201189,"listed_count":9814,"created_at":"Fri Feb 19 11:16:00 +0000 2010","favourites_count":105,"utc_offset":32400,"time_zone":"Tokyo","geo_enabled":false,"verified":true,"statuses_count":124721,"lang":"ja","contributors_enabled":false,"is_translator":false,"is_translation_enabled":false,"profile_background_color":"C0DEED","profile_background_image_url":"http://pbs.twimg.com/profile_background_images/625674304131215360/uq9M_8JJ.jpg","profile_background_image_url_https":"https://pbs.twimg.com/profile_background_images/625674304131215360/uq9M_8JJ.jpg","profile_background_tile":false,"profile_image_url":"http://pbs.twimg.com/profile_images/875517108884455426/q3HMm7hU_normal.jpg","profile_image_url_https":"https://pbs.twimg.com/profile_images/875517108884455426/q3HMm7hU_normal.jpg","profile_banner_url":"https://pbs.twimg.com/profile_banners/115639376/1498529371","profile_link_color":"F5ABB5","profile_sidebar_border_color":"FFFFFF","profile_sidebar_fill_color":"DDEEF6","profile_text_color":"333333","profile_use_background_image":true,"has_extended_profile":false,"default_profile":false,"default_profile_image":false,"following":false,"follow_request_sent":false,"notifications":false,"translator_type":"none"},"geo":null,"coordinates":null,"place":null,"contributors":null,"is_quote_status":false,"retweet_count":85,"favorite_count":154,"favorited":false,"retweeted":false,"possibly_sensitive":false,"lang":"ja"},{"created_at":"Mon Jul 10 03:34:32 +0000 2017","id":884254486109184000,"id_str":"884254486109184000","text":"【至急！拡散希望】\n新曲「○○○○○」の特設サイトの予約受付が本日23:59締切です🚨✨\n特典はソロポスター💝\nゲットしてね！\nhttps://t.co/xsVqzyH9Qi https://t.co/cTJBC6sSjZ","truncated":false,"entities":{"hashtags":[],"symbols":[],"user_mentions":[],"urls":[{"url":"https://t.co/xsVqzyH9Qi","expanded_url":"http://ps.ponycanyon.co.jp/babyraids/14th/","display_url":"ps.ponycanyon.co.jp/babyraids/14th/","indices":[64,87]}],"media":[{"id":884254463849971700,"id_str":"884254463849971712","indices":[88,111],"media_url":"http://pbs.twimg.com/media/DEWAv_jUwAAz2qq.jpg","media_url_https":"https://pbs.twimg.com/media/DEWAv_jUwAAz2qq.jpg","url":"https://t.co/cTJBC6sSjZ","display_url":"pic.twitter.com/cTJBC6sSjZ","expanded_url":"https://twitter.com/lespros_manatsu/status/884254486109184000/photo/1","type":"photo","sizes":{"small":{"w":280,"h":394,"resize":"fit"},"thumb":{"w":150,"h":150,"resize":"crop"},"medium":{"w":280,"h":394,"resize":"fit"},"large":{"w":280,"h":394,"resize":"fit"}}}]},"extended_entities":{"media":[{"id":884254463849971700,"id_str":"884254463849971712","indices":[88,111],"media_url":"http://pbs.twimg.com/media/DEWAv_jUwAAz2qq.jpg","media_url_https":"https://pbs.twimg.com/media/DEWAv_jUwAAz2qq.jpg","url":"https://t.co/cTJBC6sSjZ","display_url":"pic.twitter.com/cTJBC6sSjZ","expanded_url":"https://twitter.com/lespros_manatsu/status/884254486109184000/photo/1","type":"photo","sizes":{"small":{"w":280,"h":394,"resize":"fit"},"thumb":{"w":150,"h":150,"resize":"crop"},"medium":{"w":280,"h":394,"resize":"fit"},"large":{"w":280,"h":394,"resize":"fit"}}}]},"metadata":{"iso_language_code":"ja","result_type":"recent"},"source":"<a href=\"http://twitter.com/download/iphone\" rel=\"nofollow\">Twitter for iPhone</a>","in_reply_to_status_id":null,"in_reply_to_status_id_str":null,"in_reply_to_user_id":null,"in_reply_to_user_id_str":null,"in_reply_to_screen_name":null,"user":{"id":836637950,"id_str":"836637950","name":"林 愛夏 Manatsu Hayashi","screen_name":"lespros_manatsu","location":"Behind you . 慣れだれ崩れ=去れ","description":"ベイビーレイズJAPANセンター、リードボーカル、映像編集担当。ディズニーと劇団四季とミュージカルと洋画とフランスとEテレと歌って踊ることが好き♡《日曜25時テレビ東京「浅草 #ベビ9 」、木曜23時半テレビ埼玉「熱波 #neppa 」出演中！》 7/4スタート日本テレビアニメ「ナナマルサンバツ」EDテーマ決定！","url":"https://t.co/6nhRw4K4A9","entities":{"url":{"urls":[{"url":"https://t.co/6nhRw4K4A9","expanded_url":"http://Instagram.com/baby_manatsu","display_url":"Instagram.com/baby_manatsu","indices":[0,23]}]},"description":{"urls":[]}},"protected":false,"followers_count":28818,"friends_count":258,"listed_count":931,"created_at":"Fri Sep 21 00:24:35 +0000 2012","favourites_count":28442,"utc_offset":null,"time_zone":null,"geo_enabled":false,"verified":true,"statuses_count":6508,"lang":"ja","contributors_enabled":false,"is_translator":false,"is_translation_enabled":false,"profile_background_color":"9266CC","profile_background_image_url":"http://abs.twimg.com/images/themes/theme10/bg.gif","profile_background_image_url_https":"https://abs.twimg.com/images/themes/theme10/bg.gif","profile_background_tile":true,"profile_image_url":"http://pbs.twimg.com/profile_images/882782757486706688/HjFi3HBJ_normal.jpg","profile_image_url_https":"https://pbs.twimg.com/profile_images/882782757486706688/HjFi3HBJ_normal.jpg","profile_banner_url":"https://pbs.twimg.com/profile_banners/836637950/1498798810","profile_link_color":"9266CC","profile_sidebar_border_color":"000000","profile_sidebar_fill_color":"000000","profile_text_color":"000000","profile_use_background_image":true,"has_extended_profile":true,"default_profile":false,"default_profile_image":false,"following":false,"follow_request_sent":false,"notifications":false,"translator_type":"none"},"geo":null,"coordinates":null,"place":null,"contributors":null,"is_quote_status":false,"retweet_count":46,"favorite_count":59,"favorited":false,"retweeted":false,"possibly_sensitive":false,"lang":"ja"},{"created_at":"Mon Jul 10 03:34:15 +0000 2017","id":884254413979697200,"id_str":"884254413979697152","text":"燦水！サマービート\nかわいいクラリス、チップ、デール☆\nhttps://t.co/bFUUpozLtz https://t.co/qClpcoksKQ","truncated":false,"entities":{"hashtags":[],"symbols":[],"user_mentions":[],"urls":[{"url":"https://t.co/bFUUpozLtz","expanded_url":"http://dlove.jp/mezzomiki/","display_url":"dlove.jp/mezzomiki/","indices":[28,51]}],"media":[{"id":884254400792846300,"id_str":"884254400792846336","indices":[52,75],"media_url":"http://pbs.twimg.com/media/DEWAsUpVYAAk9tv.jpg","media_url_https":"https://pbs.twimg.com/media/DEWAsUpVYAAk9tv.jpg","url":"https://t.co/qClpcoksKQ","display_url":"pic.twitter.com/qClpcoksKQ","expanded_url":"https://twitter.com/MezzoMikiD/status/884254413979697152/photo/1","type":"photo","sizes":{"small":{"w":509,"h":680,"resize":"fit"},"medium":{"w":899,"h":1200,"resize":"fit"},"large":{"w":1534,"h":2048,"resize":"fit"},"thumb":{"w":150,"h":150,"resize":"crop"}}}]},"extended_entities":{"media":[{"id":884254400792846300,"id_str":"884254400792846336","indices":[52,75],"media_url":"http://pbs.twimg.com/media/DEWAsUpVYAAk9tv.jpg","media_url_https":"https://pbs.twimg.com/media/DEWAsUpVYAAk9tv.jpg","url":"https://t.co/qClpcoksKQ","display_url":"pic.twitter.com/qClpcoksKQ","expanded_url":"https://twitter.com/MezzoMikiD/status/884254413979697152/photo/1","type":"photo","sizes":{"small":{"w":509,"h":680,"resize":"fit"},"medium":{"w":899,"h":1200,"resize":"fit"},"large":{"w":1534,"h":2048,"resize":"fit"},"thumb":{"w":150,"h":150,"resize":"crop"}}}]},"metadata":{"iso_language_code":"ja","result_type":"recent"},"source":"<a href=\"http://twitter.com/download/iphone\" rel=\"nofollow\">Twitter for iPhone</a>","in_reply_to_status_id":null,"in_reply_to_status_id_str":null,"in_reply_to_user_id":null,"in_reply_to_user_id_str":null,"in_reply_to_screen_name":null,"user":{"id":1587275148,"id_str":"1587275148","name":"MezzoMikiのディズニーブログ","screen_name":"MezzoMikiD","location":"","description":"東京ディズニーランド・ディズニーシーのグッズ・お土産・ショー・グリーティング・レストラン パーク外のディズニーグッズ、イベントの紹介☆  情報発信用アカウントのためリプライへのお返事はこちらからはいたしかねますのでご了承ください 画像の転載もお控えください","url":"https://t.co/N16i9HIZib","entities":{"url":{"urls":[{"url":"https://t.co/N16i9HIZib","expanded_url":"http://dlove.jp/mezzomiki/","display_url":"dlove.jp/mezzomiki/","indices":[0,23]}]},"description":{"urls":[]}},"protected":false,"followers_count":462204,"friends_count":3,"listed_count":1589,"created_at":"Fri Jul 12 01:58:02 +0000 2013","favourites_count":6,"utc_offset":32400,"time_zone":"Tokyo","geo_enabled":false,"verified":false,"statuses_count":36915,"lang":"ja","contributors_enabled":false,"is_translator":false,"is_translation_enabled":false,"profile_background_color":"C0DEED","profile_background_image_url":"http://abs.twimg.com/images/themes/theme1/bg.png","profile_background_image_url_https":"https://abs.twimg.com/images/themes/theme1/bg.png","profile_background_tile":false,"profile_image_url":"http://pbs.twimg.com/profile_images/442074495847628800/DJRkP5Yn_normal.jpeg","profile_image_url_https":"https://pbs.twimg.com/profile_images/442074495847628800/DJRkP5Yn_normal.jpeg","profile_banner_url":"https://pbs.twimg.com/profile_banners/1587275148/1394234891","profile_link_color":"1DA1F2","profile_sidebar_border_color":"C0DEED","profile_sidebar_fill_color":"DDEEF6","profile_text_color":"333333","profile_use_background_image":true,"has_extended_profile":true,"default_profile":true,"default_profile_image":false,"following":false,"follow_request_sent":false,"notifications":false,"translator_type":"none"},"geo":null,"coordinates":null,"place":null,"contributors":null,"is_quote_status":false,"retweet_count":85,"favorite_count":299,"favorited":false,"retweeted":false,"possibly_sensitive":false,"lang":"ja"},{"created_at":"Mon Jul 10 03:33:16 +0000 2017","id":884254165785915400,"id_str":"884254165785915392","text":"Happy birthday Dear MASAYAN.\nまさやんの誕生日を祝うのもこれで5度目。\nあと70回くらいは最低でも祝わせてもらいたいものですな。\nそれにしても目がキレイ。 https://t.co/puCVrTh0Wf","truncated":false,"entities":{"hashtags":[],"symbols":[],"user_mentions":[],"urls":[],"media":[{"id":884254135951872000,"id_str":"884254135951872000","indices":[92,115],"media_url":"http://pbs.twimg.com/media/DEWAc6CU0AAqiVA.jpg","media_url_https":"https://pbs.twimg.com/media/DEWAc6CU0AAqiVA.jpg","url":"https://t.co/puCVrTh0Wf","display_url":"pic.twitter.com/puCVrTh0Wf","expanded_url":"https://twitter.com/shige__ru/status/884254165785915392/photo/1","type":"photo","sizes":{"medium":{"w":900,"h":1200,"resize":"fit"},"thumb":{"w":150,"h":150,"resize":"crop"},"large":{"w":1536,"h":2048,"resize":"fit"},"small":{"w":510,"h":680,"resize":"fit"}}}]},"extended_entities":{"media":[{"id":884254135951872000,"id_str":"884254135951872000","indices":[92,115],"media_url":"http://pbs.twimg.com/media/DEWAc6CU0AAqiVA.jpg","media_url_https":"https://pbs.twimg.com/media/DEWAc6CU0AAqiVA.jpg","url":"https://t.co/puCVrTh0Wf","display_url":"pic.twitter.com/puCVrTh0Wf","expanded_url":"https://twitter.com/shige__ru/status/884254165785915392/photo/1","type":"photo","sizes":{"medium":{"w":900,"h":1200,"resize":"fit"},"thumb":{"w":150,"h":150,"resize":"crop"},"large":{"w":1536,"h":2048,"resize":"fit"},"small":{"w":510,"h":680,"resize":"fit"}}}]},"metadata":{"iso_language_code":"ja","result_type":"recent"},"source":"<a href=\"http://www.echofon.com/\" rel=\"nofollow\">Echofon</a>","in_reply_to_status_id":null,"in_reply_to_status_id_str":null,"in_reply_to_user_id":null,"in_reply_to_user_id_str":null,"in_reply_to_screen_name":null,"user":{"id":316269719,"id_str":"316269719","name":"鈴木 重伸","screen_name":"shige__ru","location":"奈良→東京","description":"THE ORAL CIGARETTES Gt.裸足のしげです。","url":null,"entities":{"description":{"urls":[]}},"protected":false,"followers_count":77846,"friends_count":432,"listed_count":1228,"created_at":"Mon Jun 13 05:55:37 +0000 2011","favourites_count":3,"utc_offset":null,"time_zone":null,"geo_enabled":false,"verified":true,"statuses_count":5062,"lang":"ja","contributors_enabled":false,"is_translator":false,"is_translation_enabled":false,"profile_background_color":"C0DEED","profile_background_image_url":"http://abs.twimg.com/images/themes/theme1/bg.png","profile_background_image_url_https":"https://abs.twimg.com/images/themes/theme1/bg.png","profile_background_tile":false,"profile_image_url":"http://pbs.twimg.com/profile_images/589693993044152321/gqVVTdcp_normal.jpg","profile_image_url_https":"https://pbs.twimg.com/profile_images/589693993044152321/gqVVTdcp_normal.jpg","profile_banner_url":"https://pbs.twimg.com/profile_banners/316269719/1417160377","profile_link_color":"1DA1F2","profile_sidebar_border_color":"C0DEED","profile_sidebar_fill_color":"DDEEF6","profile_text_color":"333333","profile_use_background_image":true,"has_extended_profile":false,"default_profile":true,"default_profile_image":false,"following":false,"follow_request_sent":false,"notifications":false,"translator_type":"none"},"geo":null,"coordinates":null,"place":null,"contributors":null,"is_quote_status":false,"retweet_count":166,"favorite_count":832,"favorited":false,"retweeted":false,"possibly_sensitive":false,"lang":"ja"},{"created_at":"Mon Jul 10 03:33:02 +0000 2017","id":884254107044724700,"id_str":"884254107044724736","text":"ボランティア受け付け始まる 福岡 朝倉 #nhk_news https://t.co/YaplTuW2r2","truncated":false,"entities":{"hashtags":[{"text":"nhk_news","indices":[20,29]}],"symbols":[],"user_mentions":[],"urls":[{"url":"https://t.co/YaplTuW2r2","expanded_url":"http://www3.nhk.or.jp/news/html/20170710/k10011052121000.html","display_url":"www3.nhk.or.jp/news/html/2017…","indices":[30,53]}]},"metadata":{"iso_language_code":"ja","result_type":"recent"},"source":"<a href=\"http://www.nhk.or.jp/\" rel=\"nofollow\">NHK</a>","in_reply_to_status_id":null,"in_reply_to_status_id_str":null,"in_reply_to_user_id":null,"in_reply_to_user_id_str":null,"in_reply_to_screen_name":null,"user":{"id":204245399,"id_str":"204245399","name":"NHKニュース","screen_name":"nhk_news","location":"東京都渋谷区神南2-2-1","description":"NHKニュースの公式アカウントです。最新のニュースを24時間休みなくお届けします。 http://t.co/Q11WanxIUh をご確認、ご了承ください。問い合わせは http://t.co/QHu5wdeNyR","url":"https://t.co/8JA06ePKUg","entities":{"url":{"urls":[{"url":"https://t.co/8JA06ePKUg","expanded_url":"http://nhk.jp/news","display_url":"nhk.jp/news","indices":[0,23]}]},"description":{"urls":[{"url":"http://t.co/Q11WanxIUh","expanded_url":"http://nhk.jp/rules","display_url":"nhk.jp/rules","indices":[42,64]},{"url":"http://t.co/QHu5wdeNyR","expanded_url":"http://www.nhk.or.jp/css/","display_url":"nhk.or.jp/css/","indices":[85,107]}]}},"protected":false,"followers_count":2300748,"friends_count":15,"listed_count":58503,"created_at":"Mon Oct 18 08:15:29 +0000 2010","favourites_count":0,"utc_offset":32400,"time_zone":"Tokyo","geo_enabled":false,"verified":true,"statuses_count":294609,"lang":"ja","contributors_enabled":false,"is_translator":false,"is_translation_enabled":true,"profile_background_color":"C0DEED","profile_background_image_url":"http://pbs.twimg.com/profile_background_images/828499082087796737/ppZx0TZa.jpg","profile_background_image_url_https":"https://pbs.twimg.com/profile_background_images/828499082087796737/ppZx0TZa.jpg","profile_background_tile":false,"profile_image_url":"http://pbs.twimg.com/profile_images/712261429701713920/mkdC8tNc_normal.jpg","profile_image_url_https":"https://pbs.twimg.com/profile_images/712261429701713920/mkdC8tNc_normal.jpg","profile_banner_url":"https://pbs.twimg.com/profile_banners/204245399/1401946722","profile_link_color":"0084B4","profile_sidebar_border_color":"C0DEED","profile_sidebar_fill_color":"DDEEF6","profile_text_color":"333333","profile_use_background_image":true,"has_extended_profile":false,"default_profile":false,"default_profile_image":false,"following":false,"follow_request_sent":false,"notifications":false,"translator_type":"none"},"geo":null,"coordinates":null,"place":null,"contributors":null,"is_quote_status":false,"retweet_count":49,"favorite_count":17,"favorited":false,"retweeted":false,"possibly_sensitive":false,"lang":"ja"},{"created_at":"Mon Jul 10 03:33:01 +0000 2017","id":884254103089688600,"id_str":"884254103089688576","text":"EXILE MAKIDAIがInstagramをスタート‼️\nぜひフォローしてください✨\nexile_makidai_pkcz https://t.co/hNWyunzb8g","truncated":false,"entities":{"hashtags":[],"symbols":[],"user_mentions":[],"urls":[{"url":"https://t.co/hNWyunzb8g","expanded_url":"https://www.instagram.com/p/BWWeEcbBAIK/","display_url":"instagram.com/p/BWWeEcbBAIK/","indices":[64,87]}]},"metadata":{"iso_language_code":"ja","result_type":"recent"},"source":"<a href=\"http://instagram.com\" rel=\"nofollow\">Instagram</a>","in_reply_to_status_id":null,"in_reply_to_status_id_str":null,"in_reply_to_user_id":null,"in_reply_to_user_id_str":null,"in_reply_to_screen_name":null,"user":{"id":3176844240,"id_str":"3176844240","name":"月刊EXILE","screen_name":"exile_magazine","location":"","description":"5月27日発売 7月号の表紙と巻頭は、11人体制となり、新たにスタートしたE-girls✨CHECKしてみてください🔅オフィシャルインスタでは貴重なアザーカットやムービーも更新していきます!! 定期購読のお申し込みはこちら↓ https://t.co/7gxlCvNir9","url":null,"entities":{"description":{"urls":[{"url":"https://t.co/7gxlCvNir9","expanded_url":"http://ex-m.jp/nenkan","display_url":"ex-m.jp/nenkan","indices":[113,136]}]}},"protected":false,"followers_count":196021,"friends_count":55,"listed_count":547,"created_at":"Sun Apr 26 16:15:29 +0000 2015","favourites_count":10,"utc_offset":null,"time_zone":null,"geo_enabled":false,"verified":false,"statuses_count":996,"lang":"ja","contributors_enabled":false,"is_translator":false,"is_translation_enabled":false,"profile_background_color":"000000","profile_background_image_url":"http://abs.twimg.com/images/themes/theme1/bg.png","profile_background_image_url_https":"https://abs.twimg.com/images/themes/theme1/bg.png","profile_background_tile":false,"profile_image_url":"http://pbs.twimg.com/profile_images/879629844308307968/IyKFeJah_normal.jpg","profile_image_url_https":"https://pbs.twimg.com/profile_images/879629844308307968/IyKFeJah_normal.jpg","profile_banner_url":"https://pbs.twimg.com/profile_banners/3176844240/1498555073","profile_link_color":"ABB8C2","profile_sidebar_border_color":"000000","profile_sidebar_fill_color":"000000","profile_text_color":"000000","profile_use_background_image":false,"has_extended_profile":false,"default_profile":false,"default_profile_image":false,"following":false,"follow_request_sent":false,"notifications":false,"translator_type":"none"},"geo":null,"coordinates":null,"place":null,"contributors":null,"is_quote_status":false,"retweet_count":54,"favorite_count":273,"favorited":false,"retweeted":false,"possibly_sensitive":false,"lang":"ja"},{"created_at":"Mon Jul 10 03:32:51 +0000 2017","id":884254062245421000,"id_str":"884254062245421057","text":"昨日開催された弱虫ペダルスペシャルイベント「ツール・ド・ヨワペダ2017」の会場で販売されたイベントグッズの事後通販が、7月13日（木）19:00からスタート！\n↓\nhttps://t.co/i5SgrbtXgw\n#yp_anime https://t.co/hcSP4ZFcda","truncated":false,"entities":{"hashtags":[{"text":"yp_anime","indices":[107,116]}],"symbols":[],"user_mentions":[],"urls":[{"url":"https://t.co/i5SgrbtXgw","expanded_url":"http://yowapeda.com/news.html#1499653381","display_url":"yowapeda.com/news.html#1499…","indices":[83,106]}],"media":[{"id":884253901695836200,"id_str":"884253901695836160","indices":[117,140],"media_url":"http://pbs.twimg.com/media/DEWAPRXVYAAz7Km.jpg","media_url_https":"https://pbs.twimg.com/media/DEWAPRXVYAAz7Km.jpg","url":"https://t.co/hcSP4ZFcda","display_url":"pic.twitter.com/hcSP4ZFcda","expanded_url":"https://twitter.com/yowapeda_anime/status/884254062245421057/photo/1","type":"photo","sizes":{"medium":{"w":745,"h":253,"resize":"fit"},"small":{"w":680,"h":231,"resize":"fit"},"thumb":{"w":150,"h":150,"resize":"crop"},"large":{"w":745,"h":253,"resize":"fit"}}}]},"extended_entities":{"media":[{"id":884253901695836200,"id_str":"884253901695836160","indices":[117,140],"media_url":"http://pbs.twimg.com/media/DEWAPRXVYAAz7Km.jpg","media_url_https":"https://pbs.twimg.com/media/DEWAPRXVYAAz7Km.jpg","url":"https://t.co/hcSP4ZFcda","display_url":"pic.twitter.com/hcSP4ZFcda","expanded_url":"https://twitter.com/yowapeda_anime/status/884254062245421057/photo/1","type":"photo","sizes":{"medium":{"w":745,"h":253,"resize":"fit"},"small":{"w":680,"h":231,"resize":"fit"},"thumb":{"w":150,"h":150,"resize":"crop"},"large":{"w":745,"h":253,"resize":"fit"}}},{"id":884253919433457700,"id_str":"884253919433457664","indices":[117,140],"media_url":"http://pbs.twimg.com/media/DEWAQTcUAAAiiXi.jpg","media_url_https":"https://pbs.twimg.com/media/DEWAQTcUAAAiiXi.jpg","url":"https://t.co/hcSP4ZFcda","display_url":"pic.twitter.com/hcSP4ZFcda","expanded_url":"https://twitter.com/yowapeda_anime/status/884254062245421057/photo/1","type":"photo","sizes":{"large":{"w":746,"h":198,"resize":"fit"},"thumb":{"w":150,"h":150,"resize":"crop"},"medium":{"w":746,"h":198,"resize":"fit"},"small":{"w":680,"h":180,"resize":"fit"}}},{"id":884253938458820600,"id_str":"884253938458820609","indices":[117,140],"media_url":"http://pbs.twimg.com/media/DEWARaUUAAEJ9HE.jpg","media_url_https":"https://pbs.twimg.com/media/DEWARaUUAAEJ9HE.jpg","url":"https://t.co/hcSP4ZFcda","display_url":"pic.twitter.com/hcSP4ZFcda","expanded_url":"https://twitter.com/yowapeda_anime/status/884254062245421057/photo/1","type":"photo","sizes":{"small":{"w":680,"h":243,"resize":"fit"},"thumb":{"w":150,"h":150,"resize":"crop"},"medium":{"w":745,"h":266,"resize":"fit"},"large":{"w":745,"h":266,"resize":"fit"}}},{"id":884254041026420700,"id_str":"884254041026420737","indices":[117,140],"media_url":"http://pbs.twimg.com/media/DEWAXYaVYAEygQh.jpg","media_url_https":"https://pbs.twimg.com/media/DEWAXYaVYAEygQh.jpg","url":"https://t.co/hcSP4ZFcda","display_url":"pic.twitter.com/hcSP4ZFcda","expanded_url":"https://twitter.com/yowapeda_anime/status/884254062245421057/photo/1","type":"photo","sizes":{"small":{"w":680,"h":426,"resize":"fit"},"thumb":{"w":150,"h":150,"resize":"crop"},"medium":{"w":738,"h":462,"resize":"fit"},"large":{"w":738,"h":462,"resize":"fit"}}}]},"metadata":{"iso_language_code":"ja","result_type":"recent"},"source":"<a href=\"http://twitter.com\" rel=\"nofollow\">Twitter Web Client</a>","in_reply_to_status_id":null,"in_reply_to_status_id_str":null,"in_reply_to_user_id":null,"in_reply_to_user_id_str":null,"in_reply_to_screen_name":null,"user":{"id":1311169644,"id_str":"1311169644","name":"弱虫ペダル_アニメ","screen_name":"yowapeda_anime","location":"","description":"TVアニメ第4期、2018年1月放送決定！渡辺航原作による自転車ロードレースアニメ「弱虫ペダル」の公式Twitterです。 公式ハッシュタグ: #yp_anime ※原則個別リプライは行なっておりません。ご了承ください。","url":"https://t.co/Rp1AXHoElf","entities":{"url":{"urls":[{"url":"https://t.co/Rp1AXHoElf","expanded_url":"http://yowapeda.com","display_url":"yowapeda.com","indices":[0,23]}]},"description":{"urls":[]}},"protected":false,"followers_count":288407,"friends_count":78,"listed_count":3072,"created_at":"Thu Mar 28 16:59:36 +0000 2013","favourites_count":0,"utc_offset":null,"time_zone":null,"geo_enabled":false,"verified":false,"statuses_count":5256,"lang":"ja","contributors_enabled":false,"is_translator":false,"is_translation_enabled":false,"profile_background_color":"C0DEED","profile_background_image_url":"http://pbs.twimg.com/profile_background_images/851826882/245d75e187c5f271ce110a8f27cacc07.jpeg","profile_background_image_url_https":"https://pbs.twimg.com/profile_background_images/851826882/245d75e187c5f271ce110a8f27cacc07.jpeg","profile_background_tile":false,"profile_image_url":"http://pbs.twimg.com/profile_images/884008813111656448/epnB0QNq_normal.jpg","profile_image_url_https":"https://pbs.twimg.com/profile_images/884008813111656448/epnB0QNq_normal.jpg","profile_banner_url":"https://pbs.twimg.com/profile_banners/1311169644/1490401826","profile_link_color":"0084B4","profile_sidebar_border_color":"FFFFFF","profile_sidebar_fill_color":"DDEEF6","profile_text_color":"333333","profile_use_background_image":true,"has_extended_profile":false,"default_profile":false,"default_profile_image":false,"following":false,"follow_request_sent":false,"notifications":false,"translator_type":"none"},"geo":null,"coordinates":null,"place":null,"contributors":null,"is_quote_status":false,"retweet_count":103,"favorite_count":132,"favorited":false,"retweeted":false,"possibly_sensitive":false,"lang":"ja"}],"search_metadata":{"completed_in":0.067,"max_id":884255872326656000,"max_id_str":"884255872326656000","next_results":"?max_id=884254062245421056&q=lang%3Aja%20min_retweets%3A50&include_entities=1","query":"lang%3Aja+min_retweets%3A50","refresh_url":"?since_id=884255872326656000&q=lang%3Aja%20min_retweets%3A50&include_entities=1","count":15,"since_id":0,"since_id_str":"0"}}