{"statuses":[{"created_at":"Thu Jul 06 08:29:39 +0000 2017","id":882879203342917600,"id_str":"882879203342917634","text":"【重大発表】\n\n2017.7/6 18:00\n\nAre you ready?\n\n#myfirststory\n#MMAtour","truncated":false,"entities":{"hashtags":[{"text":"myfirststory","indices":[40,53]},{"text":"MMAtour","indices":[54,62]}],"symbols":[],"user_mentions":[],"urls":[]},"metadata":{"iso_language_code":"ja","result_type":"recent"},"source":"<a href=\"http://twitter.com/download/iphone\" rel=\"nofollow\">Twitter for iPhone</a>","in_reply_to_status_id":null,"in_reply_to_status_id_str":null,"in_reply_to_user_id":null,"in_reply_to_user_id_str":null,"in_reply_to_screen_name":null,"user":{"id":394422857,"id_str":"394422857","name":"MY FIRST STORY","screen_name":"MyFirstStory_of","location":"","description":"MY FIRST STORYの公式アカウントです。","url":"https://t.co/yK6imgrUs3","entities":{"url":{"urls":[{"url":"https://t.co/yK6imgrUs3","expanded_url":"http://www.myfirststory.net/","display_url":"myfirststory.net","indices":[0,23]}]},"description":{"urls":[]}},"protected":false,"followers_count":201330,"friends_count":0,"listed_count":1806,"created_at":"Thu Oct 20 01:47:00 +0000 2011","favourites_count":21,"utc_offset":null,"time_zone":null,"geo_enabled":true,"verified":true,"statuses_count":4266,"lang":"ja","contributors_enabled":false,"is_translator":false,"is_translation_enabled":false,"profile_background_color":"C0DEED","profile_background_image_url":"http://abs.twimg.com/images/themes/theme1/bg.png","profile_background_image_url_https":"https://abs.twimg.com/images/themes/theme1/bg.png","profile_background_tile":false,"profile_image_url":"http://pbs.twimg.com/profile_images/689529456734535681/jkwCLtD1_normal.jpg","profile_image_url_https":"https://pbs.twimg.com/profile_images/689529456734535681/jkwCLtD1_normal.jpg","profile_banner_url":"https://pbs.twimg.com/profile_banners/394422857/1497258118","profile_link_color":"1DA1F2","profile_sidebar_border_color":"C0DEED","profile_sidebar_fill_color":"DDEEF6","profile_text_color":"333333","profile_use_background_image":true,"has_extended_profile":false,"default_profile":true,"default_profile_image":false,"following":false,"follow_request_sent":false,"notifications":false,"translator_type":"none"},"geo":null,"coordinates":null,"place":null,"contributors":null,"is_quote_status":false,"retweet_count":526,"favorite_count":1050,"favorited":false,"retweeted":false,"lang":"ja"},{"created_at":"Thu Jul 06 08:27:15 +0000 2017","id":882878598025060400,"id_str":"882878598025060352","text":"【2周年記念特別スカウト】7/7 0時よりPOP'N STARの2周年衣装のスカウトが登場！GRにチェンジすると、ライブ中のSDキャラの衣装もお揃いになります♪　#アイチュウ https://t.co/spBuBYLXnM","truncated":false,"entities":{"hashtags":[{"text":"アイチュウ","indices":[81,87]}],"symbols":[],"user_mentions":[],"urls":[],"media":[{"id":882878544493203500,"id_str":"882878544493203461","indices":[88,111],"media_url":"http://pbs.twimg.com/media/DECdW8hU0AUOhWS.jpg","media_url_https":"https://pbs.twimg.com/media/DECdW8hU0AUOhWS.jpg","url":"https://t.co/spBuBYLXnM","display_url":"pic.twitter.com/spBuBYLXnM","expanded_url":"https://twitter.com/ichu_official/status/882878598025060352/photo/1","type":"photo","sizes":{"medium":{"w":300,"h":450,"resize":"fit"},"large":{"w":300,"h":450,"resize":"fit"},"small":{"w":300,"h":450,"resize":"fit"},"thumb":{"w":150,"h":150,"resize":"crop"}}}]},"extended_entities":{"media":[{"id":882878544493203500,"id_str":"882878544493203461","indices":[88,111],"media_url":"http://pbs.twimg.com/media/DECdW8hU0AUOhWS.jpg","media_url_https":"https://pbs.twimg.com/media/DECdW8hU0AUOhWS.jpg","url":"https://t.co/spBuBYLXnM","display_url":"pic.twitter.com/spBuBYLXnM","expanded_url":"https://twitter.com/ichu_official/status/882878598025060352/photo/1","type":"photo","sizes":{"medium":{"w":300,"h":450,"resize":"fit"},"large":{"w":300,"h":450,"resize":"fit"},"small":{"w":300,"h":450,"resize":"fit"},"thumb":{"w":150,"h":150,"resize":"crop"}}},{"id":882878554156945400,"id_str":"882878554156945409","indices":[88,111],"media_url":"http://pbs.twimg.com/media/DECdXghV0AE89u7.jpg","media_url_https":"https://pbs.twimg.com/media/DECdXghV0AE89u7.jpg","url":"https://t.co/spBuBYLXnM","display_url":"pic.twitter.com/spBuBYLXnM","expanded_url":"https://twitter.com/ichu_official/status/882878598025060352/photo/1","type":"photo","sizes":{"medium":{"w":300,"h":450,"resize":"fit"},"large":{"w":300,"h":450,"resize":"fit"},"small":{"w":300,"h":450,"resize":"fit"},"thumb":{"w":150,"h":150,"resize":"crop"}}},{"id":882878564529446900,"id_str":"882878564529446912","indices":[88,111],"media_url":"http://pbs.twimg.com/media/DECdYHKVoAAd6a5.jpg","media_url_https":"https://pbs.twimg.com/media/DECdYHKVoAAd6a5.jpg","url":"https://t.co/spBuBYLXnM","display_url":"pic.twitter.com/spBuBYLXnM","expanded_url":"https://twitter.com/ichu_official/status/882878598025060352/photo/1","type":"photo","sizes":{"medium":{"w":300,"h":450,"resize":"fit"},"large":{"w":300,"h":450,"resize":"fit"},"small":{"w":300,"h":450,"resize":"fit"},"thumb":{"w":150,"h":150,"resize":"crop"}}}]},"metadata":{"iso_language_code":"ja","result_type":"recent"},"source":"<a href=\"http://twitter.com\" rel=\"nofollow\">Twitter Web Client</a>","in_reply_to_status_id":null,"in_reply_to_status_id_str":null,"in_reply_to_user_id":null,"in_reply_to_user_id_str":null,"in_reply_to_screen_name":null,"user":{"id":3032005563,"id_str":"3032005563","name":"アイ★チュウ","screen_name":"ichu_official","location":"株式会社リベル・エンタテインメント","description":"恋愛リズムアドベンチャー『アイ★チュウ』のAndroid版、iOS版が配信！公式twitterから今後の最新ニュースをお届けします。これからチェックをお願いします！ご要望不具合のお問い合わせはゲーム内のユーザーサポート、または公式サイトのお問い合わせよりご連絡ください。 #アイチュウ","url":"https://t.co/cIGe3G2q8f","entities":{"url":{"urls":[{"url":"https://t.co/cIGe3G2q8f","expanded_url":"http://www.i-chu.jp/","display_url":"i-chu.jp","indices":[0,23]}]},"description":{"urls":[]}},"protected":false,"followers_count":125222,"friends_count":89,"listed_count":1810,"created_at":"Thu Feb 12 04:12:03 +0000 2015","favourites_count":19,"utc_offset":28800,"time_zone":"Irkutsk","geo_enabled":false,"verified":true,"statuses_count":4436,"lang":"ja","contributors_enabled":false,"is_translator":false,"is_translation_enabled":false,"profile_background_color":"C0DEED","profile_background_image_url":"http://pbs.twimg.com/profile_background_images/589051167256154112/3TAvEErN.png","profile_background_image_url_https":"https://pbs.twimg.com/profile_background_images/589051167256154112/3TAvEErN.png","profile_background_tile":true,"profile_image_url":"http://pbs.twimg.com/profile_images/879593320602771456/qo7gcPj8_normal.jpg","profile_image_url_https":"https://pbs.twimg.com/profile_images/879593320602771456/qo7gcPj8_normal.jpg","profile_banner_url":"https://pbs.twimg.com/profile_banners/3032005563/1497334488","profile_link_color":"0084B4","profile_sidebar_border_color":"C0DEED","profile_sidebar_fill_color":"DDEEF6","profile_text_color":"333333","profile_use_background_image":true,"has_extended_profile":false,"default_profile":false,"default_profile_image":false,"following":false,"follow_request_sent":false,"notifications":false,"translator_type":"none"},"geo":null,"coordinates":null,"place":null,"contributors":null,"is_quote_status":false,"retweet_count":632,"favorite_count":633,"favorited":false,"retweeted":false,"possibly_sensitive":false,"lang":"ja"},{"created_at":"Thu Jul 06 08:21:23 +0000 2017","id":882877120174628900,"id_str":"882877120174628864","text":"管理人\n次回の「よゐクラ」収録日が7月10日(月)のお昼頃からに決定しました！今回が最後の収録です！おっさん2にんじま。はどうなっていくのでしょうか(＾＾) 前回同様、収録中は質問が投稿されると思います。皆さんコメントでのご協力よ… https://t.co/b5Zgetmm3Z","truncated":true,"entities":{"hashtags":[],"symbols":[],"user_mentions":[],"urls":[{"url":"https://t.co/b5Zgetmm3Z","expanded_url":"https://twitter.com/i/web/status/882877120174628864","display_url":"twitter.com/i/web/status/8…","indices":[117,140]}]},"metadata":{"iso_language_code":"ja","result_type":"recent"},"source":"<a href=\"http://twitter.com\" rel=\"nofollow\">Twitter Web Client</a>","in_reply_to_status_id":null,"in_reply_to_status_id_str":null,"in_reply_to_user_id":null,"in_reply_to_user_id_str":null,"in_reply_to_screen_name":null,"user":{"id":862131238554841100,"id_str":"862131238554841090","name":"よゐこのマイクラでサバイバル生活","screen_name":"yoiko_minecraft","location":"","description":"WEB番組「よゐこのマイクラでサバイバル生活」公式アカウントです。 よゐこの2人からのマイクラについての質問のほか、番組の更新情報などをお知らせします。 頂いたコメントに全てお返事することはできませんのであらかじめご了承ください。 第1回目の動画はこちら→https://t.co/rFLZB2LIXp","url":null,"entities":{"description":{"urls":[{"url":"https://t.co/rFLZB2LIXp","expanded_url":"https://youtu.be/Rs2ORs1lNqY","display_url":"youtu.be/Rs2ORs1lNqY","indices":[128,151]}]}},"protected":false,"followers_count":125201,"friends_count":4,"listed_count":634,"created_at":"Wed May 10 02:24:39 +0000 2017","favourites_count":18,"utc_offset":null,"time_zone":null,"geo_enabled":false,"verified":false,"statuses_count":190,"lang":"ja","contributors_enabled":false,"is_translator":false,"is_translation_enabled":false,"profile_background_color":"000000","profile_background_image_url":"http://abs.twimg.com/images/themes/theme1/bg.png","profile_background_image_url_https":"https://abs.twimg.com/images/themes/theme1/bg.png","profile_background_tile":false,"profile_image_url":"http://pbs.twimg.com/profile_images/862834483317178368/9FeLgTrC_normal.jpg","profile_image_url_https":"https://pbs.twimg.com/profile_images/862834483317178368/9FeLgTrC_normal.jpg","profile_banner_url":"https://pbs.twimg.com/profile_banners/862131238554841090/1496201493","profile_link_color":"19CF86","profile_sidebar_border_color":"000000","profile_sidebar_fill_color":"000000","profile_text_color":"000000","profile_use_background_image":false,"has_extended_profile":false,"default_profile":false,"default_profile_image":false,"following":false,"follow_request_sent":false,"notifications":false,"translator_type":"none"},"geo":null,"coordinates":null,"place":null,"contributors":null,"is_quote_status":false,"retweet_count":616,"favorite_count":784,"favorited":false,"retweeted":false,"possibly_sensitive":false,"lang":"ja"},{"created_at":"Thu Jul 06 08:18:32 +0000 2017","id":882876405867925500,"id_str":"882876405867925505","text":"【献血バトル】\n好評開催中の「28武将献血バトル」速報！\n\n現在の暫定1位は…「伊達政宗（CV:梅原裕一郎）」です！！\n\n果たして覚醒できるのはどの武将なのか！？次回速報をお楽しみに！\n\n詳細・献血はこちら♪⇒… https://t.co/U0WbLSiiU0","truncated":true,"entities":{"hashtags":[],"symbols":[],"user_mentions":[],"urls":[{"url":"https://t.co/U0WbLSiiU0","expanded_url":"https://twitter.com/i/web/status/882876405867925505","display_url":"twitter.com/i/web/status/8…","indices":[107,130]}]},"metadata":{"iso_language_code":"ja","result_type":"recent"},"source":"<a href=\"http://twitter.com\" rel=\"nofollow\">Twitter Web Client</a>","in_reply_to_status_id":null,"in_reply_to_status_id_str":null,"in_reply_to_user_id":null,"in_reply_to_user_id_str":null,"in_reply_to_screen_name":null,"user":{"id":766220107538374700,"id_str":"766220107538374656","name":"『戦ブラ』公式【好評配信中】","screen_name":"senbura_info","location":"","description":"『戦刻ナイトブラッド』公式アカウント。アプリストアにて好評配信中！『戦ブラ』の最新情報を随時お知らせします。公式ハッシュタグは「#戦ブラ」です。ゲームに関するお問い合わせはこちら⇒https://t.co/PsTV4EerxD ※フォロワーの方へ定期的にDMをお送りする可能性がございます。","url":"https://t.co/0OUJQmUYGi","entities":{"url":{"urls":[{"url":"https://t.co/0OUJQmUYGi","expanded_url":"http://senbura.jp/?utm_source=twitter&utm_medium=officialsite&utm_campaign=profile","display_url":"senbura.jp/?utm_source=tw…","indices":[0,23]}]},"description":{"urls":[{"url":"https://t.co/PsTV4EerxD","expanded_url":"http://goo.gl/qb65ax","display_url":"goo.gl/qb65ax","indices":[90,113]}]}},"protected":false,"followers_count":90019,"friends_count":44,"listed_count":588,"created_at":"Thu Aug 18 10:28:04 +0000 2016","favourites_count":0,"utc_offset":-25200,"time_zone":"Pacific Time (US & Canada)","geo_enabled":false,"verified":true,"statuses_count":686,"lang":"ja","contributors_enabled":false,"is_translator":false,"is_translation_enabled":false,"profile_background_color":"000000","profile_background_image_url":"http://abs.twimg.com/images/themes/theme1/bg.png","profile_background_image_url_https":"https://abs.twimg.com/images/themes/theme1/bg.png","profile_background_tile":false,"profile_image_url":"http://pbs.twimg.com/profile_images/875637397827895297/5aizxIvp_normal.jpg","profile_image_url_https":"https://pbs.twimg.com/profile_images/875637397827895297/5aizxIvp_normal.jpg","profile_banner_url":"https://pbs.twimg.com/profile_banners/766220107538374656/1483670883","profile_link_color":"C4B6FC","profile_sidebar_border_color":"000000","profile_sidebar_fill_color":"000000","profile_text_color":"000000","profile_use_background_image":false,"has_extended_profile":true,"default_profile":false,"default_profile_image":false,"following":false,"follow_request_sent":false,"notifications":false,"translator_type":"none"},"geo":null,"coordinates":null,"place":null,"contributors":null,"is_quote_status":false,"retweet_count":575,"favorite_count":607,"favorited":false,"retweeted":false,"possibly_sensitive":false,"lang":"ja"},{"created_at":"Thu Jul 06 08:17:48 +0000 2017","id":882876218931937300,"id_str":"882876218931937280","text":"shuta sueyoshiニューソログッズができました！\n\n今回もオシャレでかわぁ♡なグッズ達で溢れております笑\n\n新しいロゴもグッズのデザインもなかなか言葉のニュアンスが伝わらず、何度も細かい調整を繰り返してようやく形になり嬉しいです。\n\nこの夏使えるものばかりなので是非☻","truncated":false,"entities":{"hashtags":[],"symbols":[],"user_mentions":[],"urls":[]},"metadata":{"iso_language_code":"ja","result_type":"recent"},"source":"<a href=\"http://www.echofon.com/\" rel=\"nofollow\">Echofon</a>","in_reply_to_status_id":null,"in_reply_to_status_id_str":null,"in_reply_to_user_id":null,"in_reply_to_user_id_str":null,"in_reply_to_screen_name":null,"user":{"id":177903766,"id_str":"177903766","name":"shuta  sueyoshi『AAA』","screen_name":"SHUUTY_ss","location":"","description":"**Official Twitter.**","url":null,"entities":{"description":{"urls":[]}},"protected":false,"followers_count":862489,"friends_count":347,"listed_count":4746,"created_at":"Fri Aug 13 10:36:58 +0000 2010","favourites_count":1,"utc_offset":32400,"time_zone":"Tokyo","geo_enabled":false,"verified":true,"statuses_count":3997,"lang":"ja","contributors_enabled":false,"is_translator":false,"is_translation_enabled":false,"profile_background_color":"C0DEED","profile_background_image_url":"http://abs.twimg.com/images/themes/theme1/bg.png","profile_background_image_url_https":"https://abs.twimg.com/images/themes/theme1/bg.png","profile_background_tile":false,"profile_image_url":"http://pbs.twimg.com/profile_images/875277582903660545/exVCIw-W_normal.jpg","profile_image_url_https":"https://pbs.twimg.com/profile_images/875277582903660545/exVCIw-W_normal.jpg","profile_banner_url":"https://pbs.twimg.com/profile_banners/177903766/1487585664","profile_link_color":"1DA1F2","profile_sidebar_border_color":"C0DEED","profile_sidebar_fill_color":"DDEEF6","profile_text_color":"333333","profile_use_background_image":true,"has_extended_profile":false,"default_profile":true,"default_profile_image":false,"following":false,"follow_request_sent":false,"notifications":false,"translator_type":"none"},"geo":null,"coordinates":null,"place":null,"contributors":null,"is_quote_status":false,"retweet_count":1193,"favorite_count":6408,"favorited":false,"retweeted":false,"lang":"ja"},{"created_at":"Thu Jul 06 08:15:07 +0000 2017","id":882875544391622700,"id_str":"882875544391622656","text":"ついに映像初解禁！11月17日(金)公開の『GODZILLA 怪獣惑星』の特報が完成しました！『シン・ゴジラ』から１年ーー。新たなゴジラの咆哮が二万年後の地球に鳴り響く！！https://t.co/5fD2irDFDK　#アニゴジ https://t.co/fkupqrfnP1","truncated":false,"entities":{"hashtags":[{"text":"アニゴジ","indices":[110,115]}],"symbols":[],"user_mentions":[],"urls":[{"url":"https://t.co/5fD2irDFDK","expanded_url":"https://m.youtube.com/watch?v=1dF83zsTIMQ","display_url":"m.youtube.com/watch?v=1dF83z…","indices":[86,109]}],"media":[{"id":882875291751768000,"id_str":"882875291751768064","indices":[116,139],"media_url":"http://pbs.twimg.com/ext_tw_video_thumb/882875291751768064/pu/img/CpwapW34lBMPaG7L.jpg","media_url_https":"https://pbs.twimg.com/ext_tw_video_thumb/882875291751768064/pu/img/CpwapW34lBMPaG7L.jpg","url":"https://t.co/fkupqrfnP1","display_url":"pic.twitter.com/fkupqrfnP1","expanded_url":"https://twitter.com/GODZILLA_ANIME/status/882875544391622656/video/1","type":"photo","sizes":{"small":{"w":340,"h":191,"resize":"fit"},"thumb":{"w":150,"h":150,"resize":"crop"},"medium":{"w":600,"h":338,"resize":"fit"},"large":{"w":1024,"h":576,"resize":"fit"}}}]},"extended_entities":{"media":[{"id":882875291751768000,"id_str":"882875291751768064","indices":[116,139],"media_url":"http://pbs.twimg.com/ext_tw_video_thumb/882875291751768064/pu/img/CpwapW34lBMPaG7L.jpg","media_url_https":"https://pbs.twimg.com/ext_tw_video_thumb/882875291751768064/pu/img/CpwapW34lBMPaG7L.jpg","url":"https://t.co/fkupqrfnP1","display_url":"pic.twitter.com/fkupqrfnP1","expanded_url":"https://twitter.com/GODZILLA_ANIME/status/882875544391622656/video/1","type":"video","sizes":{"small":{"w":340,"h":191,"resize":"fit"},"thumb":{"w":150,"h":150,"resize":"crop"},"medium":{"w":600,"h":338,"resize":"fit"},"large":{"w":1024,"h":576,"resize":"fit"}},"video_info":{"aspect_ratio":[16,9],"duration_millis":29963,"variants":[{"bitrate":320000,"content_type":"video/mp4","url":"https://video.twimg.com/ext_tw_video/882875291751768064/pu/vid/320x180/W03qMfsZAXSY6ZFg.mp4"},{"bitrate":2176000,"content_type":"video/mp4","url":"https://video.twimg.com/ext_tw_video/882875291751768064/pu/vid/1280x720/k5PK3XARNNTAsxOn.mp4"},{"bitrate":832000,"content_type":"video/mp4","url":"https://video.twimg.com/ext_tw_video/882875291751768064/pu/vid/640x360/XWl2Add41bzi3Mo1.mp4"},{"content_type":"application/x-mpegURL","url":"https://video.twimg.com/ext_tw_video/882875291751768064/pu/pl/c6z2RzpVX8X_7m8Q.m3u8"}]},"additional_media_info":{"monetizable":false}}]},"metadata":{"iso_language_code":"ja","result_type":"recent"},"source":"<a href=\"http://twitter.com/download/android\" rel=\"nofollow\">Twitter for Android</a>","in_reply_to_status_id":null,"in_reply_to_status_id_str":null,"in_reply_to_user_id":null,"in_reply_to_user_id_str":null,"in_reply_to_screen_name":null,"user":{"id":821539511226110000,"id_str":"821539511226109953","name":"映画『GODZILLA 怪獣惑星 』","screen_name":"GODZILLA_ANIME","location":"","description":"11月17日（金）全国公開のアニメーション映画『GODZILLA 怪獣惑星』の公式アカウント。監督に静野孔文&瀬下寛之、ストーリー原案・脚本に虚淵玄を迎え、さらに豪華声優陣が参加。全く新しい“ゴジラ”にご注目下さい！推奨ハッシュタグ：#アニゴジ","url":"https://t.co/5kRCeG6I7Y","entities":{"url":{"urls":[{"url":"https://t.co/5kRCeG6I7Y","expanded_url":"http://godzilla-anime.com/index.html","display_url":"godzilla-anime.com/index.html","indices":[0,23]}]},"description":{"urls":[]}},"protected":false,"followers_count":19539,"friends_count":16,"listed_count":294,"created_at":"Wed Jan 18 02:07:37 +0000 2017","favourites_count":10,"utc_offset":32400,"time_zone":"Tokyo","geo_enabled":false,"verified":false,"statuses_count":94,"lang":"ja","contributors_enabled":false,"is_translator":false,"is_translation_enabled":false,"profile_background_color":"F5F8FA","profile_background_image_url":null,"profile_background_image_url_https":null,"profile_background_tile":false,"profile_image_url":"http://pbs.twimg.com/profile_images/845199073632124928/Grg4urah_normal.jpg","profile_image_url_https":"https://pbs.twimg.com/profile_images/845199073632124928/Grg4urah_normal.jpg","profile_banner_url":"https://pbs.twimg.com/profile_banners/821539511226109953/1497298330","profile_link_color":"1DA1F2","profile_sidebar_border_color":"C0DEED","profile_sidebar_fill_color":"DDEEF6","profile_text_color":"333333","profile_use_background_image":true,"has_extended_profile":false,"default_profile":true,"default_profile_image":false,"following":false,"follow_request_sent":false,"notifications":false,"translator_type":"none"},"geo":null,"coordinates":null,"place":null,"contributors":null,"is_quote_status":false,"retweet_count":861,"favorite_count":628,"favorited":false,"retweeted":false,"possibly_sensitive":false,"lang":"ja"},{"created_at":"Thu Jul 06 08:04:03 +0000 2017","id":882872757666459600,"id_str":"882872757666459648","text":"【バンやろ運営チームより】\n7月7日(金) 実施のメンテナンス後にイベント限定のバレンタイン楽曲が通常楽曲としてプレイ可能になります！さらに、期間限定でバレンタイン限定ガチャも復刻いたします！詳しくは→… https://t.co/06Q88i3Rpo","truncated":true,"entities":{"hashtags":[],"symbols":[],"user_mentions":[],"urls":[{"url":"https://t.co/06Q88i3Rpo","expanded_url":"https://twitter.com/i/web/status/882872757666459648","display_url":"twitter.com/i/web/status/8…","indices":[103,126]}]},"metadata":{"iso_language_code":"ja","result_type":"recent"},"source":"<a href=\"http://twitter.com\" rel=\"nofollow\">Twitter Web Client</a>","in_reply_to_status_id":null,"in_reply_to_status_id_str":null,"in_reply_to_user_id":null,"in_reply_to_user_id_str":null,"in_reply_to_screen_name":null,"user":{"id":3282039870,"id_str":"3282039870","name":"【公式】バンドやろうぜ！","screen_name":"banyaro_net","location":"","description":"「バンドやろうぜ！」公式アカウント。 Aniplex×Sony Musicが贈る「青春」×「バンド」リズムゲーム！ iOS版&Android版、好評配信中！キャラクター原案：曽我部修司/さらちよみ/いとうのいぢ/ゆーげん ※個別返信は行っておりませんご了承下さい。 公式ハッシュタグ #banyaro #バンやろ","url":"https://t.co/hBkzj3MDkn","entities":{"url":{"urls":[{"url":"https://t.co/hBkzj3MDkn","expanded_url":"http://www.banyaro.net/","display_url":"banyaro.net","indices":[0,23]}]},"description":{"urls":[]}},"protected":false,"followers_count":78580,"friends_count":34,"listed_count":1288,"created_at":"Fri Jul 17 05:05:27 +0000 2015","favourites_count":368,"utc_offset":null,"time_zone":null,"geo_enabled":false,"verified":true,"statuses_count":2098,"lang":"ja","contributors_enabled":false,"is_translator":false,"is_translation_enabled":false,"profile_background_color":"000000","profile_background_image_url":"http://pbs.twimg.com/profile_background_images/630385687867424768/txIN3g6P.jpg","profile_background_image_url_https":"https://pbs.twimg.com/profile_background_images/630385687867424768/txIN3g6P.jpg","profile_background_tile":true,"profile_image_url":"http://pbs.twimg.com/profile_images/849286630829572096/3HxawV96_normal.jpg","profile_image_url_https":"https://pbs.twimg.com/profile_images/849286630829572096/3HxawV96_normal.jpg","profile_banner_url":"https://pbs.twimg.com/profile_banners/3282039870/1491321028","profile_link_color":"ABB8C2","profile_sidebar_border_color":"000000","profile_sidebar_fill_color":"000000","profile_text_color":"000000","profile_use_background_image":true,"has_extended_profile":false,"default_profile":false,"default_profile_image":false,"following":false,"follow_request_sent":false,"notifications":false,"translator_type":"none"},"geo":null,"coordinates":null,"place":null,"contributors":null,"is_quote_status":false,"retweet_count":749,"favorite_count":557,"favorited":false,"retweeted":false,"possibly_sensitive":false,"lang":"ja"},{"created_at":"Thu Jul 06 08:02:31 +0000 2017","id":882872373141094400,"id_str":"882872373141094400","text":"7/14（金）発売の #マックフルーリー 😋🍨は #ゲンガー をイメージした…むらさきいも味🍠 むらさきいものアイスって聞いたことあるよね👍おいしそう😍「これだ❗」と思ったら、RTしてね🌟… https://t.co/5fv7HBRplN","truncated":true,"entities":{"hashtags":[{"text":"マックフルーリー","indices":[11,20]},{"text":"ゲンガー","indices":[25,30]}],"symbols":[],"user_mentions":[],"urls":[{"url":"https://t.co/5fv7HBRplN","expanded_url":"https://twitter.com/i/web/status/882872373141094400","display_url":"twitter.com/i/web/status/8…","indices":[96,119]}]},"metadata":{"iso_language_code":"ja","result_type":"recent"},"source":"<a href=\"http://twitter.com\" rel=\"nofollow\">Twitter Web Client</a>","in_reply_to_status_id":882871745140580400,"in_reply_to_status_id_str":"882871745140580352","in_reply_to_user_id":184004752,"in_reply_to_user_id_str":"184004752","in_reply_to_screen_name":"McDonaldsJapan","user":{"id":184004752,"id_str":"184004752","name":"マクドナルド","screen_name":"McDonaldsJapan","location":"","description":"日本マクドナルド公式アカウントです。","url":"https://t.co/h8fsDdef2p","entities":{"url":{"urls":[{"url":"https://t.co/h8fsDdef2p","expanded_url":"http://www.mcdonalds.co.jp/","display_url":"mcdonalds.co.jp","indices":[0,23]}]},"description":{"urls":[]}},"protected":false,"followers_count":1484799,"friends_count":407,"listed_count":4615,"created_at":"Sat Aug 28 12:54:08 +0000 2010","favourites_count":15674,"utc_offset":32400,"time_zone":"Tokyo","geo_enabled":true,"verified":true,"statuses_count":8035,"lang":"en","contributors_enabled":false,"is_translator":false,"is_translation_enabled":false,"profile_background_color":"C0DEED","profile_background_image_url":"http://abs.twimg.com/images/themes/theme1/bg.png","profile_background_image_url_https":"https://abs.twimg.com/images/themes/theme1/bg.png","profile_background_tile":false,"profile_image_url":"http://pbs.twimg.com/profile_images/793025814300209152/9hEKi6CX_normal.jpg","profile_image_url_https":"https://pbs.twimg.com/profile_images/793025814300209152/9hEKi6CX_normal.jpg","profile_banner_url":"https://pbs.twimg.com/profile_banners/184004752/1491295736","profile_link_color":"1DA1F2","profile_sidebar_border_color":"C0DEED","profile_sidebar_fill_color":"DDEEF6","profile_text_color":"333333","profile_use_background_image":true,"has_extended_profile":false,"default_profile":true,"default_profile_image":false,"following":false,"follow_request_sent":false,"notifications":false,"translator_type":"none"},"geo":null,"coordinates":null,"place":null,"contributors":null,"is_quote_status":false,"retweet_count":1665,"favorite_count":1370,"favorited":false,"retweeted":false,"possibly_sensitive":false,"lang":"ja"},{"created_at":"Thu Jul 06 08:02:05 +0000 2017","id":882872263569137700,"id_str":"882872263569137667","text":"7/14（金）発売の #マックフルーリー 😋🍨は #フシギダネ をイメージした…ブロッコリー味🌳 えっどんな味❓野菜のスイーツもおいしそう👍「これだ❗」と思ったら、RTして教えてね🌟 https://t.co/3A0u1hDXje… https://t.co/lN5vqbFl5m","truncated":true,"entities":{"hashtags":[{"text":"マックフルーリー","indices":[11,20]},{"text":"フシギダネ","indices":[25,31]}],"symbols":[],"user_mentions":[],"urls":[{"url":"https://t.co/3A0u1hDXje","expanded_url":"http://w.mdj.jp/1a11ka","display_url":"w.mdj.jp/1a11ka","indices":[92,115]},{"url":"https://t.co/lN5vqbFl5m","expanded_url":"https://twitter.com/i/web/status/882872263569137667","display_url":"twitter.com/i/web/status/8…","indices":[117,140]}]},"metadata":{"iso_language_code":"ja","result_type":"recent"},"source":"<a href=\"http://twitter.com\" rel=\"nofollow\">Twitter Web Client</a>","in_reply_to_status_id":882871745140580400,"in_reply_to_status_id_str":"882871745140580352","in_reply_to_user_id":184004752,"in_reply_to_user_id_str":"184004752","in_reply_to_screen_name":"McDonaldsJapan","user":{"id":184004752,"id_str":"184004752","name":"マクドナルド","screen_name":"McDonaldsJapan","location":"","description":"日本マクドナルド公式アカウントです。","url":"https://t.co/h8fsDdef2p","entities":{"url":{"urls":[{"url":"https://t.co/h8fsDdef2p","expanded_url":"http://www.mcdonalds.co.jp/","display_url":"mcdonalds.co.jp","indices":[0,23]}]},"description":{"urls":[]}},"protected":false,"followers_count":1484799,"friends_count":407,"listed_count":4615,"created_at":"Sat Aug 28 12:54:08 +0000 2010","favourites_count":15674,"utc_offset":32400,"time_zone":"Tokyo","geo_enabled":true,"verified":true,"statuses_count":8035,"lang":"en","contributors_enabled":false,"is_translator":false,"is_translation_enabled":false,"profile_background_color":"C0DEED","profile_background_image_url":"http://abs.twimg.com/images/themes/theme1/bg.png","profile_background_image_url_https":"https://abs.twimg.com/images/themes/theme1/bg.png","profile_background_tile":false,"profile_image_url":"http://pbs.twimg.com/profile_images/793025814300209152/9hEKi6CX_normal.jpg","profile_image_url_https":"https://pbs.twimg.com/profile_images/793025814300209152/9hEKi6CX_normal.jpg","profile_banner_url":"https://pbs.twimg.com/profile_banners/184004752/1491295736","profile_link_color":"1DA1F2","profile_sidebar_border_color":"C0DEED","profile_sidebar_fill_color":"DDEEF6","profile_text_color":"333333","profile_use_background_image":true,"has_extended_profile":false,"default_profile":true,"default_profile_image":false,"following":false,"follow_request_sent":false,"notifications":false,"translator_type":"none"},"geo":null,"coordinates":null,"place":null,"contributors":null,"is_quote_status":false,"retweet_count":730,"favorite_count":739,"favorited":false,"retweeted":false,"possibly_sensitive":false,"lang":"ja"},{"created_at":"Thu Jul 06 08:02:00 +0000 2017","id":882872244308803600,"id_str":"882872244308803584","text":"7/14（金）発売の #マックフルーリー 😋🍨は #ゼニガメ をイメージした…ラムネソーダ味💭夏はシュワシュワソーダでリフレッシュ👍「これだ❗」と思ったら、RTして教えてね🌟 https://t.co/3A0u1hDXje… https://t.co/NQDJpE4FGr","truncated":true,"entities":{"hashtags":[{"text":"マックフルーリー","indices":[11,20]},{"text":"ゼニガメ","indices":[25,30]}],"symbols":[],"user_mentions":[],"urls":[{"url":"https://t.co/3A0u1hDXje","expanded_url":"http://w.mdj.jp/1a11ka","display_url":"w.mdj.jp/1a11ka","indices":[88,111]},{"url":"https://t.co/NQDJpE4FGr","expanded_url":"https://twitter.com/i/web/status/882872244308803584","display_url":"twitter.com/i/web/status/8…","indices":[113,136]}]},"metadata":{"iso_language_code":"ja","result_type":"recent"},"source":"<a href=\"http://twitter.com/download/iphone\" rel=\"nofollow\">Twitter for iPhone</a>","in_reply_to_status_id":882871745140580400,"in_reply_to_status_id_str":"882871745140580352","in_reply_to_user_id":184004752,"in_reply_to_user_id_str":"184004752","in_reply_to_screen_name":"McDonaldsJapan","user":{"id":184004752,"id_str":"184004752","name":"マクドナルド","screen_name":"McDonaldsJapan","location":"","description":"日本マクドナルド公式アカウントです。","url":"https://t.co/h8fsDdef2p","entities":{"url":{"urls":[{"url":"https://t.co/h8fsDdef2p","expanded_url":"http://www.mcdonalds.co.jp/","display_url":"mcdonalds.co.jp","indices":[0,23]}]},"description":{"urls":[]}},"protected":false,"followers_count":1484799,"friends_count":407,"listed_count":4615,"created_at":"Sat Aug 28 12:54:08 +0000 2010","favourites_count":15674,"utc_offset":32400,"time_zone":"Tokyo","geo_enabled":true,"verified":true,"statuses_count":8035,"lang":"en","contributors_enabled":false,"is_translator":false,"is_translation_enabled":false,"profile_background_color":"C0DEED","profile_background_image_url":"http://abs.twimg.com/images/themes/theme1/bg.png","profile_background_image_url_https":"https://abs.twimg.com/images/themes/theme1/bg.png","profile_background_tile":false,"profile_image_url":"http://pbs.twimg.com/profile_images/793025814300209152/9hEKi6CX_normal.jpg","profile_image_url_https":"https://pbs.twimg.com/profile_images/793025814300209152/9hEKi6CX_normal.jpg","profile_banner_url":"https://pbs.twimg.com/profile_banners/184004752/1491295736","profile_link_color":"1DA1F2","profile_sidebar_border_color":"C0DEED","profile_sidebar_fill_color":"DDEEF6","profile_text_color":"333333","profile_use_background_image":true,"has_extended_profile":false,"default_profile":true,"default_profile_image":false,"following":false,"follow_request_sent":false,"notifications":false,"translator_type":"none"},"geo":null,"coordinates":null,"place":null,"contributors":null,"is_quote_status":false,"retweet_count":1667,"favorite_count":1203,"favorited":false,"retweeted":false,"possibly_sensitive":false,"lang":"ja"},{"created_at":"Thu Jul 06 08:01:56 +0000 2017","id":882872225438642200,"id_str":"882872225438642176","text":"7/14（金）発売の #マックフルーリー 😋🍨は #プリン をイメージした…ホワイトピーチ味🍑 桃のスイーツは夏にはピッタリだね👍「これだ❗」と思ったら、RTして教えてね🌟 https://t.co/3A0u1hDXje… https://t.co/kdwxziYvCH","truncated":true,"entities":{"hashtags":[{"text":"マックフルーリー","indices":[11,20]},{"text":"プリン","indices":[25,29]}],"symbols":[],"user_mentions":[],"urls":[{"url":"https://t.co/3A0u1hDXje","expanded_url":"http://w.mdj.jp/1a11ka","display_url":"w.mdj.jp/1a11ka","indices":[87,110]},{"url":"https://t.co/kdwxziYvCH","expanded_url":"https://twitter.com/i/web/status/882872225438642176","display_url":"twitter.com/i/web/status/8…","indices":[112,135]}]},"metadata":{"iso_language_code":"ja","result_type":"recent"},"source":"<a href=\"http://twitter.com\" rel=\"nofollow\">Twitter Web Client</a>","in_reply_to_status_id":882871745140580400,"in_reply_to_status_id_str":"882871745140580352","in_reply_to_user_id":184004752,"in_reply_to_user_id_str":"184004752","in_reply_to_screen_name":"McDonaldsJapan","user":{"id":184004752,"id_str":"184004752","name":"マクドナルド","screen_name":"McDonaldsJapan","location":"","description":"日本マクドナルド公式アカウントです。","url":"https://t.co/h8fsDdef2p","entities":{"url":{"urls":[{"url":"https://t.co/h8fsDdef2p","expanded_url":"http://www.mcdonalds.co.jp/","display_url":"mcdonalds.co.jp","indices":[0,23]}]},"description":{"urls":[]}},"protected":false,"followers_count":1484799,"friends_count":407,"listed_count":4615,"created_at":"Sat Aug 28 12:54:08 +0000 2010","favourites_count":15674,"utc_offset":32400,"time_zone":"Tokyo","geo_enabled":true,"verified":true,"statuses_count":8035,"lang":"en","contributors_enabled":false,"is_translator":false,"is_translation_enabled":false,"profile_background_color":"C0DEED","profile_background_image_url":"http://abs.twimg.com/images/themes/theme1/bg.png","profile_background_image_url_https":"https://abs.twimg.com/images/themes/theme1/bg.png","profile_background_tile":false,"profile_image_url":"http://pbs.twimg.com/profile_images/793025814300209152/9hEKi6CX_normal.jpg","profile_image_url_https":"https://pbs.twimg.com/profile_images/793025814300209152/9hEKi6CX_normal.jpg","profile_banner_url":"https://pbs.twimg.com/profile_banners/184004752/1491295736","profile_link_color":"1DA1F2","profile_sidebar_border_color":"C0DEED","profile_sidebar_fill_color":"DDEEF6","profile_text_color":"333333","profile_use_background_image":true,"has_extended_profile":false,"default_profile":true,"default_profile_image":false,"following":false,"follow_request_sent":false,"notifications":false,"translator_type":"none"},"geo":null,"coordinates":null,"place":null,"contributors":null,"is_quote_status":false,"retweet_count":1337,"favorite_count":1155,"favorited":false,"retweeted":false,"possibly_sensitive":false,"lang":"ja"},{"created_at":"Thu Jul 06 08:01:50 +0000 2017","id":882872199597535200,"id_str":"882872199597535232","text":"フォロワー15万人ありがとうございます。これからもみんなのパワー吸収して頑張ります（╹◡╹）♡\nphoto by viola https://t.co/v1jygxsFgP","truncated":false,"entities":{"hashtags":[],"symbols":[],"user_mentions":[],"urls":[],"media":[{"id":882872189933846500,"id_str":"882872189933846528","indices":[63,86],"media_url":"http://pbs.twimg.com/media/DECXlD8UAAAfNHb.jpg","media_url_https":"https://pbs.twimg.com/media/DECXlD8UAAAfNHb.jpg","url":"https://t.co/v1jygxsFgP","display_url":"pic.twitter.com/v1jygxsFgP","expanded_url":"https://twitter.com/OralJOE/status/882872199597535232/photo/1","type":"photo","sizes":{"small":{"w":680,"h":453,"resize":"fit"},"large":{"w":1600,"h":1067,"resize":"fit"},"thumb":{"w":150,"h":150,"resize":"crop"},"medium":{"w":1200,"h":800,"resize":"fit"}}}]},"extended_entities":{"media":[{"id":882872189933846500,"id_str":"882872189933846528","indices":[63,86],"media_url":"http://pbs.twimg.com/media/DECXlD8UAAAfNHb.jpg","media_url_https":"https://pbs.twimg.com/media/DECXlD8UAAAfNHb.jpg","url":"https://t.co/v1jygxsFgP","display_url":"pic.twitter.com/v1jygxsFgP","expanded_url":"https://twitter.com/OralJOE/status/882872199597535232/photo/1","type":"photo","sizes":{"small":{"w":680,"h":453,"resize":"fit"},"large":{"w":1600,"h":1067,"resize":"fit"},"thumb":{"w":150,"h":150,"resize":"crop"},"medium":{"w":1200,"h":800,"resize":"fit"}}}]},"metadata":{"iso_language_code":"ja","result_type":"recent"},"source":"<a href=\"http://twitter.com/download/iphone\" rel=\"nofollow\">Twitter for iPhone</a>","in_reply_to_status_id":null,"in_reply_to_status_id_str":null,"in_reply_to_user_id":null,"in_reply_to_user_id_str":null,"in_reply_to_screen_name":null,"user":{"id":1727606522,"id_str":"1727606522","name":"Yamanaka Takuya","screen_name":"OralJOE","location":"","description":"THE ORAL CIGARETTES vo and Black Romantist tumblr→https://t.co/oVGl4HOh6S Instagram→https://t.co/KZQgB7jlb0","url":"https://t.co/0unWGHis26","entities":{"url":{"urls":[{"url":"https://t.co/0unWGHis26","expanded_url":"http://theoralcigarettes.com/","display_url":"theoralcigarettes.com","indices":[0,23]}]},"description":{"urls":[{"url":"https://t.co/oVGl4HOh6S","expanded_url":"http://oraljoe.tumblr.com/post/100666096196/tumbler","display_url":"oraljoe.tumblr.com/post/100666096…","indices":[50,73]},{"url":"https://t.co/KZQgB7jlb0","expanded_url":"https://www.instagram.com/oraltakuya/","display_url":"instagram.com/oraltakuya/","indices":[84,107]}]}},"protected":false,"followers_count":150322,"friends_count":524,"listed_count":1904,"created_at":"Wed Sep 04 04:45:17 +0000 2013","favourites_count":2170,"utc_offset":null,"time_zone":null,"geo_enabled":true,"verified":true,"statuses_count":9241,"lang":"ja","contributors_enabled":false,"is_translator":false,"is_translation_enabled":false,"profile_background_color":"C0DEED","profile_background_image_url":"http://abs.twimg.com/images/themes/theme1/bg.png","profile_background_image_url_https":"https://abs.twimg.com/images/themes/theme1/bg.png","profile_background_tile":false,"profile_image_url":"http://pbs.twimg.com/profile_images/882415199310848000/WlIIm351_normal.jpg","profile_image_url_https":"https://pbs.twimg.com/profile_images/882415199310848000/WlIIm351_normal.jpg","profile_banner_url":"https://pbs.twimg.com/profile_banners/1727606522/1475714979","profile_link_color":"1DA1F2","profile_sidebar_border_color":"C0DEED","profile_sidebar_fill_color":"DDEEF6","profile_text_color":"333333","profile_use_background_image":true,"has_extended_profile":false,"default_profile":true,"default_profile_image":false,"following":false,"follow_request_sent":false,"notifications":false,"translator_type":"none"},"geo":null,"coordinates":null,"place":null,"contributors":null,"is_quote_status":false,"retweet_count":754,"favorite_count":4446,"favorited":false,"retweeted":false,"possibly_sensitive":false,"lang":"ja"},{"created_at":"Thu Jul 06 08:01:38 +0000 2017","id":882872152818499600,"id_str":"882872152818499584","text":"陸上自衛隊は、現在、福岡県と大分県において人命救助等に係る災害派遣活動を実施しています。画像は、第５施設団（小郡）の活動の様子です。#自衛隊 #陸上自衛隊 #災害派遣 #大雨 https://t.co/uTfsDfRsQ1","truncated":false,"entities":{"hashtags":[{"text":"自衛隊","indices":[66,70]},{"text":"陸上自衛隊","indices":[71,77]},{"text":"災害派遣","indices":[78,83]},{"text":"大雨","indices":[84,87]}],"symbols":[],"user_mentions":[],"urls":[],"media":[{"id":882872122787233800,"id_str":"882872122787233792","indices":[88,111],"media_url":"http://pbs.twimg.com/media/DECXhJzUAAAfkR5.jpg","media_url_https":"https://pbs.twimg.com/media/DECXhJzUAAAfkR5.jpg","url":"https://t.co/uTfsDfRsQ1","display_url":"pic.twitter.com/uTfsDfRsQ1","expanded_url":"https://twitter.com/JGSDF_pr/status/882872152818499584/photo/1","type":"photo","sizes":{"medium":{"w":1200,"h":675,"resize":"fit"},"small":{"w":680,"h":383,"resize":"fit"},"thumb":{"w":150,"h":150,"resize":"crop"},"large":{"w":1706,"h":960,"resize":"fit"}}}]},"extended_entities":{"media":[{"id":882872122787233800,"id_str":"882872122787233792","indices":[88,111],"media_url":"http://pbs.twimg.com/media/DECXhJzUAAAfkR5.jpg","media_url_https":"https://pbs.twimg.com/media/DECXhJzUAAAfkR5.jpg","url":"https://t.co/uTfsDfRsQ1","display_url":"pic.twitter.com/uTfsDfRsQ1","expanded_url":"https://twitter.com/JGSDF_pr/status/882872152818499584/photo/1","type":"photo","sizes":{"medium":{"w":1200,"h":675,"resize":"fit"},"small":{"w":680,"h":383,"resize":"fit"},"thumb":{"w":150,"h":150,"resize":"crop"},"large":{"w":1706,"h":960,"resize":"fit"}}},{"id":882872131607863300,"id_str":"882872131607863300","indices":[88,111],"media_url":"http://pbs.twimg.com/media/DECXhqqUIAQKN4D.jpg","media_url_https":"https://pbs.twimg.com/media/DECXhqqUIAQKN4D.jpg","url":"https://t.co/uTfsDfRsQ1","display_url":"pic.twitter.com/uTfsDfRsQ1","expanded_url":"https://twitter.com/JGSDF_pr/status/882872152818499584/photo/1","type":"photo","sizes":{"medium":{"w":1200,"h":675,"resize":"fit"},"small":{"w":680,"h":383,"resize":"fit"},"thumb":{"w":150,"h":150,"resize":"crop"},"large":{"w":1706,"h":960,"resize":"fit"}}},{"id":882872142471102500,"id_str":"882872142471102464","indices":[88,111],"media_url":"http://pbs.twimg.com/media/DECXiTIUAAAEbCW.jpg","media_url_https":"https://pbs.twimg.com/media/DECXiTIUAAAEbCW.jpg","url":"https://t.co/uTfsDfRsQ1","display_url":"pic.twitter.com/uTfsDfRsQ1","expanded_url":"https://twitter.com/JGSDF_pr/status/882872152818499584/photo/1","type":"photo","sizes":{"medium":{"w":1200,"h":900,"resize":"fit"},"small":{"w":680,"h":510,"resize":"fit"},"thumb":{"w":150,"h":150,"resize":"crop"},"large":{"w":1478,"h":1108,"resize":"fit"}}}]},"metadata":{"iso_language_code":"ja","result_type":"recent"},"source":"<a href=\"http://twitter.com\" rel=\"nofollow\">Twitter Web Client</a>","in_reply_to_status_id":null,"in_reply_to_status_id_str":null,"in_reply_to_user_id":null,"in_reply_to_user_id_str":null,"in_reply_to_screen_name":null,"user":{"id":265814534,"id_str":"265814534","name":"陸上自衛隊","screen_name":"JGSDF_pr","location":"東京都新宿区市谷本村町5-1","description":"陸上自衛隊は、この大地と国民の生命・財産を守るため、日頃から国民とともにある存在として全国各地でいろいろな活動を行っています。この場を通じて、陸上自衛隊に対する理解を深める一助となれば幸いです。Facebook→https://t.co/e3dlpdFAUX\r\nLINE＠→ http://t.co/U9AGgpJJ5m","url":"http://t.co/ugWPyJ7J1s","entities":{"url":{"urls":[{"url":"http://t.co/ugWPyJ7J1s","expanded_url":"http://www.mod.go.jp/gsdf/","display_url":"mod.go.jp/gsdf/","indices":[0,22]}]},"description":{"urls":[{"url":"https://t.co/e3dlpdFAUX","expanded_url":"https://www.facebook.com/jgsdf.fp","display_url":"facebook.com/jgsdf.fp","indices":[106,129]},{"url":"http://t.co/U9AGgpJJ5m","expanded_url":"http://line.naver.jp/ti/p/%40jgsdf_pr","display_url":"line.naver.jp/ti/p/%40jgsdf_…","indices":[138,160]}]}},"protected":false,"followers_count":557188,"friends_count":15,"listed_count":12666,"created_at":"Mon Mar 14 05:27:52 +0000 2011","favourites_count":0,"utc_offset":32400,"time_zone":"Tokyo","geo_enabled":false,"verified":true,"statuses_count":1071,"lang":"ja","contributors_enabled":false,"is_translator":false,"is_translation_enabled":false,"profile_background_color":"AECFB0","profile_background_image_url":"http://pbs.twimg.com/profile_background_images/806828856/2765599f4974d6d8c5f58e4274efcf2e.jpeg","profile_background_image_url_https":"https://pbs.twimg.com/profile_background_images/806828856/2765599f4974d6d8c5f58e4274efcf2e.jpeg","profile_background_tile":false,"profile_image_url":"http://pbs.twimg.com/profile_images/795827960028631040/gvUnYehx_normal.jpg","profile_image_url_https":"https://pbs.twimg.com/profile_images/795827960028631040/gvUnYehx_normal.jpg","profile_banner_url":"https://pbs.twimg.com/profile_banners/265814534/1499063649","profile_link_color":"3BA13B","profile_sidebar_border_color":"FFFFFF","profile_sidebar_fill_color":"B6D4C0","profile_text_color":"333333","profile_use_background_image":true,"has_extended_profile":false,"default_profile":false,"default_profile_image":false,"following":false,"follow_request_sent":false,"notifications":false,"translator_type":"none"},"geo":null,"coordinates":null,"place":null,"contributors":null,"is_quote_status":false,"retweet_count":651,"favorite_count":775,"favorited":false,"retweeted":false,"possibly_sensitive":false,"lang":"ja"},{"created_at":"Thu Jul 06 08:01:21 +0000 2017","id":882872082073231400,"id_str":"882872082073231360","text":"7/14（金）発売の #マックフルーリー 😋🍨は #ピカチュウ をイメージした…チョコバナナ味 🍌みんな大好きチョコバナナは夏のスイーツにぴったりだね👍「これだ❗」と思ったら、RTして教えてね🌟… https://t.co/TBDL1hOkWU","truncated":true,"entities":{"hashtags":[{"text":"マックフルーリー","indices":[11,20]},{"text":"ピカチュウ","indices":[25,31]}],"symbols":[],"user_mentions":[],"urls":[{"url":"https://t.co/TBDL1hOkWU","expanded_url":"https://twitter.com/i/web/status/882872082073231360","display_url":"twitter.com/i/web/status/8…","indices":[99,122]}]},"metadata":{"iso_language_code":"ja","result_type":"recent"},"source":"<a href=\"http://twitter.com/download/iphone\" rel=\"nofollow\">Twitter for iPhone</a>","in_reply_to_status_id":882871745140580400,"in_reply_to_status_id_str":"882871745140580352","in_reply_to_user_id":184004752,"in_reply_to_user_id_str":"184004752","in_reply_to_screen_name":"McDonaldsJapan","user":{"id":184004752,"id_str":"184004752","name":"マクドナルド","screen_name":"McDonaldsJapan","location":"","description":"日本マクドナルド公式アカウントです。","url":"https://t.co/h8fsDdef2p","entities":{"url":{"urls":[{"url":"https://t.co/h8fsDdef2p","expanded_url":"http://www.mcdonalds.co.jp/","display_url":"mcdonalds.co.jp","indices":[0,23]}]},"description":{"urls":[]}},"protected":false,"followers_count":1484799,"friends_count":407,"listed_count":4615,"created_at":"Sat Aug 28 12:54:08 +0000 2010","favourites_count":15674,"utc_offset":32400,"time_zone":"Tokyo","geo_enabled":true,"verified":true,"statuses_count":8035,"lang":"en","contributors_enabled":false,"is_translator":false,"is_translation_enabled":false,"profile_background_color":"C0DEED","profile_background_image_url":"http://abs.twimg.com/images/themes/theme1/bg.png","profile_background_image_url_https":"https://abs.twimg.com/images/themes/theme1/bg.png","profile_background_tile":false,"profile_image_url":"http://pbs.twimg.com/profile_images/793025814300209152/9hEKi6CX_normal.jpg","profile_image_url_https":"https://pbs.twimg.com/profile_images/793025814300209152/9hEKi6CX_normal.jpg","profile_banner_url":"https://pbs.twimg.com/profile_banners/184004752/1491295736","profile_link_color":"1DA1F2","profile_sidebar_border_color":"C0DEED","profile_sidebar_fill_color":"DDEEF6","profile_text_color":"333333","profile_use_background_image":true,"has_extended_profile":false,"default_profile":true,"default_profile_image":false,"following":false,"follow_request_sent":false,"notifications":false,"translator_type":"none"},"geo":null,"coordinates":null,"place":null,"contributors":null,"is_quote_status":false,"retweet_count":2391,"favorite_count":1554,"favorited":false,"retweeted":false,"possibly_sensitive":false,"lang":"ja"},{"created_at":"Thu Jul 06 08:00:51 +0000 2017","id":882871953312239600,"id_str":"882871953312239616","text":"7/14（金）発売の #マックフルーリー 😋🍨は #ヒトカゲ をイメージした…ハバネロ味 🔥冷たいスイーツにまさかのハバネロ…夏は辛いもの食べたくなるもんね👍「これだ❗」と思ったら、RTしてね🌟… https://t.co/TpjRjweBzF","truncated":true,"entities":{"hashtags":[{"text":"マックフルーリー","indices":[11,20]},{"text":"ヒトカゲ","indices":[25,30]}],"symbols":[],"user_mentions":[],"urls":[{"url":"https://t.co/TpjRjweBzF","expanded_url":"https://twitter.com/i/web/status/882871953312239616","display_url":"twitter.com/i/web/status/8…","indices":[99,122]}]},"metadata":{"iso_language_code":"ja","result_type":"recent"},"source":"<a href=\"http://twitter.com\" rel=\"nofollow\">Twitter Web Client</a>","in_reply_to_status_id":882871745140580400,"in_reply_to_status_id_str":"882871745140580352","in_reply_to_user_id":184004752,"in_reply_to_user_id_str":"184004752","in_reply_to_screen_name":"McDonaldsJapan","user":{"id":184004752,"id_str":"184004752","name":"マクドナルド","screen_name":"McDonaldsJapan","location":"","description":"日本マクドナルド公式アカウントです。","url":"https://t.co/h8fsDdef2p","entities":{"url":{"urls":[{"url":"https://t.co/h8fsDdef2p","expanded_url":"http://www.mcdonalds.co.jp/","display_url":"mcdonalds.co.jp","indices":[0,23]}]},"description":{"urls":[]}},"protected":false,"followers_count":1484799,"friends_count":407,"listed_count":4615,"created_at":"Sat Aug 28 12:54:08 +0000 2010","favourites_count":15674,"utc_offset":32400,"time_zone":"Tokyo","geo_enabled":true,"verified":true,"statuses_count":8035,"lang":"en","contributors_enabled":false,"is_translator":false,"is_translation_enabled":false,"profile_background_color":"C0DEED","profile_background_image_url":"http://abs.twimg.com/images/themes/theme1/bg.png","profile_background_image_url_https":"https://abs.twimg.com/images/themes/theme1/bg.png","profile_background_tile":false,"profile_image_url":"http://pbs.twimg.com/profile_images/793025814300209152/9hEKi6CX_normal.jpg","profile_image_url_https":"https://pbs.twimg.com/profile_images/793025814300209152/9hEKi6CX_normal.jpg","profile_banner_url":"https://pbs.twimg.com/profile_banners/184004752/1491295736","profile_link_color":"1DA1F2","profile_sidebar_border_color":"C0DEED","profile_sidebar_fill_color":"DDEEF6","profile_text_color":"333333","profile_use_background_image":true,"has_extended_profile":false,"default_profile":true,"default_profile_image":false,"following":false,"follow_request_sent":false,"notifications":false,"translator_type":"none"},"geo":null,"coordinates":null,"place":null,"contributors":null,"is_quote_status":false,"retweet_count":629,"favorite_count":656,"favorited":false,"retweeted":false,"possibly_sensitive":false,"lang":"ja"}],"search_metadata":{"completed_in":0.177,"max_id":882879203342917600,"max_id_str":"882879203342917634","next_results":"?max_id=882871953312239615&q=lang%3Aja%20min_retweets%3A500&include_entities=1","query":"lang%3Aja+min_retweets%3A500","refresh_url":"?since_id=882879203342917634&q=lang%3Aja%20min_retweets%3A500&include_entities=1","count":15,"since_id":0,"since_id_str":"0"}}