{"statuses":[{"created_at":"Sun Jul 09 21:33:32 +0000 2017","id":884163637924864000,"id_str":"884163637924864001","text":"お腹の中にいた時の記憶を覚えてる\n子供ってたまにいるけど、あれすごいよね。\n\n前世を覚えてるとか。\n\n不思議やなねぇ。\nそんな感じで始まった月曜日です、おはよう。","truncated":false,"entities":{"hashtags":[],"symbols":[],"user_mentions":[],"urls":[]},"metadata":{"iso_language_code":"ja","result_type":"recent"},"source":"<a href=\"http://twitter.com/download/iphone\" rel=\"nofollow\">Twitter for iPhone</a>","in_reply_to_status_id":null,"in_reply_to_status_id_str":null,"in_reply_to_user_id":null,"in_reply_to_user_id_str":null,"in_reply_to_screen_name":null,"user":{"id":964000404,"id_str":"964000404","name":"シルクロード【Fischer's】","screen_name":"RytoSle2","location":"東京都","description":"22歳YouTubeネットパフォーマー軍「フィッシャーズ」リーダー メインチャンネル編集者 総合格闘技 バスケ サッカー 水泳 などスポーツ全般ハマり中 登録者200万人❗️ UUUM所属 雪だるま作ってた人 チャンネル登録よろしく☺️https://t.co/NlfsOH8sXx","url":"https://www.youtube.com/channel/UCibEhpu5HP45-w7Bq1ZIulw","entities":{"url":{"urls":[{"url":"https://www.youtube.com/channel/UCibEhpu5HP45-w7Bq1ZIulw","expanded_url":null,"indices":[0,56]}]},"description":{"urls":[{"url":"https://t.co/NlfsOH8sXx","expanded_url":"http://twpf.jp/RytoSle2","display_url":"twpf.jp/RytoSle2","indices":[118,141]}]}},"protected":false,"followers_count":780171,"friends_count":3147,"listed_count":1904,"created_at":"Thu Nov 22 10:23:08 +0000 2012","favourites_count":7993,"utc_offset":28800,"time_zone":"Irkutsk","geo_enabled":true,"verified":false,"statuses_count":25640,"lang":"ja","contributors_enabled":false,"is_translator":false,"is_translation_enabled":false,"profile_background_color":"C0DEED","profile_background_image_url":"http://pbs.twimg.com/profile_background_images/378800000088392357/88e16023065a33db5acb57d99efdc815.jpeg","profile_background_image_url_https":"https://pbs.twimg.com/profile_background_images/378800000088392357/88e16023065a33db5acb57d99efdc815.jpeg","profile_background_tile":true,"profile_image_url":"http://pbs.twimg.com/profile_images/880750555697602562/-kN1YPOv_normal.jpg","profile_image_url_https":"https://pbs.twimg.com/profile_images/880750555697602562/-kN1YPOv_normal.jpg","profile_banner_url":"https://pbs.twimg.com/profile_banners/964000404/1485761421","profile_link_color":"0084B4","profile_sidebar_border_color":"000000","profile_sidebar_fill_color":"DDEEF6","profile_text_color":"333333","profile_use_background_image":true,"has_extended_profile":true,"default_profile":false,"default_profile_image":false,"following":false,"follow_request_sent":false,"notifications":false,"translator_type":"none"},"geo":null,"coordinates":null,"place":null,"contributors":null,"is_quote_status":false,"retweet_count":150,"favorite_count":1763,"favorited":false,"retweeted":false,"lang":"ja"},{"created_at":"Sun Jul 09 21:31:16 +0000 2017","id":884163066727772200,"id_str":"884163066727772160","text":"今日も関東は、暑いです。昼間は昨日とほぼ同じ32～34℃前後。埼玉や群馬など内陸は35℃超えの所も。夜も昨夜より暑くなります。天気は晴れで、曇っている所も朝まで。群馬の山沿いは、夕方から雷雨の可能性。 https://t.co/P3znTvZBAc","truncated":false,"entities":{"hashtags":[],"symbols":[],"user_mentions":[],"urls":[],"media":[{"id":884162734878736400,"id_str":"884162734878736385","indices":[101,124],"media_url":"http://pbs.twimg.com/media/DEUtUqgVwAEtidf.jpg","media_url_https":"https://pbs.twimg.com/media/DEUtUqgVwAEtidf.jpg","url":"https://t.co/P3znTvZBAc","display_url":"pic.twitter.com/P3znTvZBAc","expanded_url":"https://twitter.com/MasudaMasaaki/status/884163066727772160/photo/1","type":"photo","sizes":{"large":{"w":718,"h":841,"resize":"fit"},"thumb":{"w":150,"h":150,"resize":"crop"},"small":{"w":581,"h":680,"resize":"fit"},"medium":{"w":718,"h":841,"resize":"fit"}}}]},"extended_entities":{"media":[{"id":884162734878736400,"id_str":"884162734878736385","indices":[101,124],"media_url":"http://pbs.twimg.com/media/DEUtUqgVwAEtidf.jpg","media_url_https":"https://pbs.twimg.com/media/DEUtUqgVwAEtidf.jpg","url":"https://t.co/P3znTvZBAc","display_url":"pic.twitter.com/P3znTvZBAc","expanded_url":"https://twitter.com/MasudaMasaaki/status/884163066727772160/photo/1","type":"photo","sizes":{"large":{"w":718,"h":841,"resize":"fit"},"thumb":{"w":150,"h":150,"resize":"crop"},"small":{"w":581,"h":680,"resize":"fit"},"medium":{"w":718,"h":841,"resize":"fit"}}}]},"metadata":{"iso_language_code":"ja","result_type":"recent"},"source":"<a href=\"http://twitter.com\" rel=\"nofollow\">Twitter Web Client</a>","in_reply_to_status_id":null,"in_reply_to_status_id_str":null,"in_reply_to_user_id":null,"in_reply_to_user_id_str":null,"in_reply_to_screen_name":null,"user":{"id":121340123,"id_str":"121340123","name":"増田雅昭","screen_name":"MasudaMasaaki","location":"","description":"TBSで天気キャスターをしている気象予報士です。テレビ：『ビビット』『ひるおび内ニュース』。ラジオ：『ジェーン・スー 生活は踊る』。関東の予報を毎日、朝と夜にツイート。","url":"http://t.co/zDWtEsnA7P","entities":{"url":{"urls":[{"url":"http://t.co/zDWtEsnA7P","expanded_url":"http://www.weathermap.co.jp/caster/masuda-masaaki/","display_url":"weathermap.co.jp/caster/masuda-…","indices":[0,22]}]},"description":{"urls":[]}},"protected":false,"followers_count":30278,"friends_count":278,"listed_count":1409,"created_at":"Tue Mar 09 05:47:28 +0000 2010","favourites_count":0,"utc_offset":32400,"time_zone":"Tokyo","geo_enabled":true,"verified":false,"statuses_count":20527,"lang":"ja","contributors_enabled":false,"is_translator":false,"is_translation_enabled":false,"profile_background_color":"C0DEED","profile_background_image_url":"http://abs.twimg.com/images/themes/theme1/bg.png","profile_background_image_url_https":"https://abs.twimg.com/images/themes/theme1/bg.png","profile_background_tile":false,"profile_image_url":"http://pbs.twimg.com/profile_images/777713461/_________________normal.gif","profile_image_url_https":"https://pbs.twimg.com/profile_images/777713461/_________________normal.gif","profile_link_color":"1DA1F2","profile_sidebar_border_color":"C0DEED","profile_sidebar_fill_color":"DDEEF6","profile_text_color":"333333","profile_use_background_image":true,"has_extended_profile":false,"default_profile":true,"default_profile_image":false,"following":false,"follow_request_sent":false,"notifications":false,"translator_type":"none"},"geo":null,"coordinates":null,"place":null,"contributors":null,"is_quote_status":false,"retweet_count":57,"favorite_count":15,"favorited":false,"retweeted":false,"possibly_sensitive":false,"lang":"ja"},{"created_at":"Sun Jul 09 21:30:49 +0000 2017","id":884162952919629800,"id_str":"884162952919629824","text":"めざまし・嵐のワクワク学校 https://t.co/eP2OkS1BWk","truncated":false,"entities":{"hashtags":[],"symbols":[],"user_mentions":[],"urls":[],"media":[{"id":884162805837975600,"id_str":"884162805837975552","indices":[14,37],"media_url":"http://pbs.twimg.com/ext_tw_video_thumb/884162805837975552/pu/img/tlKAbRqZHDioJ_T7.jpg","media_url_https":"https://pbs.twimg.com/ext_tw_video_thumb/884162805837975552/pu/img/tlKAbRqZHDioJ_T7.jpg","url":"https://t.co/eP2OkS1BWk","display_url":"pic.twitter.com/eP2OkS1BWk","expanded_url":"https://twitter.com/Win_Tube/status/884162952919629824/video/1","type":"photo","sizes":{"small":{"w":340,"h":191,"resize":"fit"},"thumb":{"w":150,"h":150,"resize":"crop"},"medium":{"w":600,"h":338,"resize":"fit"},"large":{"w":1024,"h":576,"resize":"fit"}}}]},"extended_entities":{"media":[{"id":884162805837975600,"id_str":"884162805837975552","indices":[14,37],"media_url":"http://pbs.twimg.com/ext_tw_video_thumb/884162805837975552/pu/img/tlKAbRqZHDioJ_T7.jpg","media_url_https":"https://pbs.twimg.com/ext_tw_video_thumb/884162805837975552/pu/img/tlKAbRqZHDioJ_T7.jpg","url":"https://t.co/eP2OkS1BWk","display_url":"pic.twitter.com/eP2OkS1BWk","expanded_url":"https://twitter.com/Win_Tube/status/884162952919629824/video/1","type":"video","sizes":{"small":{"w":340,"h":191,"resize":"fit"},"thumb":{"w":150,"h":150,"resize":"crop"},"medium":{"w":600,"h":338,"resize":"fit"},"large":{"w":1024,"h":576,"resize":"fit"}},"video_info":{"aspect_ratio":[16,9],"duration_millis":31965,"variants":[{"bitrate":320000,"content_type":"video/mp4","url":"https://video.twimg.com/ext_tw_video/884162805837975552/pu/vid/320x180/Y1VVIXH7V6eqtLew.mp4"},{"content_type":"application/x-mpegURL","url":"https://video.twimg.com/ext_tw_video/884162805837975552/pu/pl/vD3MO8z8m9OhRhac.m3u8"},{"bitrate":832000,"content_type":"video/mp4","url":"https://video.twimg.com/ext_tw_video/884162805837975552/pu/vid/640x360/P0NXH89Wf1LzZbCH.mp4"},{"bitrate":2176000,"content_type":"video/mp4","url":"https://video.twimg.com/ext_tw_video/884162805837975552/pu/vid/1280x720/Mf-zJvEW_lqtoaXt.mp4"}]},"additional_media_info":{"monetizable":false}}]},"metadata":{"iso_language_code":"ja","result_type":"recent"},"source":"<a href=\"https://blog.hinaloe.net/twvideoup/\" rel=\"nofollow\">TwVideoUpload</a>","in_reply_to_status_id":null,"in_reply_to_status_id_str":null,"in_reply_to_user_id":null,"in_reply_to_user_id_str":null,"in_reply_to_screen_name":null,"user":{"id":3683465780,"id_str":"3683465780","name":"Win","screen_name":"Win_Tube","location":"無我夢中の時間の中にこそ人生の充実がある","description":"動画転載✖️ 通知OFFにしてます(◞‸◟) Winの垢@Win_Second @s_qrzone 🐾","url":null,"entities":{"description":{"urls":[]}},"protected":false,"followers_count":19971,"friends_count":22,"listed_count":85,"created_at":"Fri Sep 25 16:58:35 +0000 2015","favourites_count":31,"utc_offset":-25200,"time_zone":"Pacific Time (US & Canada)","geo_enabled":false,"verified":false,"statuses_count":1252,"lang":"ja","contributors_enabled":false,"is_translator":false,"is_translation_enabled":false,"profile_background_color":"C0DEED","profile_background_image_url":"http://abs.twimg.com/images/themes/theme1/bg.png","profile_background_image_url_https":"https://abs.twimg.com/images/themes/theme1/bg.png","profile_background_tile":false,"profile_image_url":"http://pbs.twimg.com/profile_images/878192997740888064/ayOtmfpg_normal.jpg","profile_image_url_https":"https://pbs.twimg.com/profile_images/878192997740888064/ayOtmfpg_normal.jpg","profile_banner_url":"https://pbs.twimg.com/profile_banners/3683465780/1497188058","profile_link_color":"000000","profile_sidebar_border_color":"000000","profile_sidebar_fill_color":"000000","profile_text_color":"000000","profile_use_background_image":true,"has_extended_profile":false,"default_profile":false,"default_profile_image":false,"following":false,"follow_request_sent":false,"notifications":false,"translator_type":"none"},"geo":null,"coordinates":null,"place":null,"contributors":null,"is_quote_status":false,"retweet_count":108,"favorite_count":203,"favorited":false,"retweeted":false,"possibly_sensitive":false,"lang":"ja"},{"created_at":"Sun Jul 09 21:30:05 +0000 2017","id":884162767510315000,"id_str":"884162767510315008","text":"（月曜日から）\n逃げちゃ駄目だ……！ https://t.co/0p0QQiYx0h","truncated":false,"entities":{"hashtags":[],"symbols":[],"user_mentions":[],"urls":[],"media":[{"id":884162765027291100,"id_str":"884162765027291136","indices":[19,42],"media_url":"http://pbs.twimg.com/media/DEUtWa0UMAAtXze.jpg","media_url_https":"https://pbs.twimg.com/media/DEUtWa0UMAAtXze.jpg","url":"https://t.co/0p0QQiYx0h","display_url":"pic.twitter.com/0p0QQiYx0h","expanded_url":"https://twitter.com/mou_kaeru/status/884162767510315008/photo/1","type":"photo","sizes":{"medium":{"w":500,"h":279,"resize":"fit"},"small":{"w":500,"h":279,"resize":"fit"},"large":{"w":500,"h":279,"resize":"fit"},"thumb":{"w":150,"h":150,"resize":"crop"}}}]},"extended_entities":{"media":[{"id":884162765027291100,"id_str":"884162765027291136","indices":[19,42],"media_url":"http://pbs.twimg.com/media/DEUtWa0UMAAtXze.jpg","media_url_https":"https://pbs.twimg.com/media/DEUtWa0UMAAtXze.jpg","url":"https://t.co/0p0QQiYx0h","display_url":"pic.twitter.com/0p0QQiYx0h","expanded_url":"https://twitter.com/mou_kaeru/status/884162767510315008/photo/1","type":"photo","sizes":{"medium":{"w":500,"h":279,"resize":"fit"},"small":{"w":500,"h":279,"resize":"fit"},"large":{"w":500,"h":279,"resize":"fit"},"thumb":{"w":150,"h":150,"resize":"crop"}}}]},"metadata":{"iso_language_code":"ja","result_type":"recent"},"source":"<a href=\"https://twitter.com/iwbkfendo\" rel=\"nofollow\">shimons</a>","in_reply_to_status_id":null,"in_reply_to_status_id_str":null,"in_reply_to_user_id":null,"in_reply_to_user_id_str":null,"in_reply_to_screen_name":null,"user":{"id":2896551950,"id_str":"2896551950","name":"全日本もう帰りたい協会","screen_name":"mou_kaeru","location":"オフトゥン","description":"もう・・・・帰ろうよ・・・・","url":null,"entities":{"description":{"urls":[]}},"protected":false,"followers_count":364828,"friends_count":794,"listed_count":1497,"created_at":"Tue Nov 11 13:22:59 +0000 2014","favourites_count":0,"utc_offset":28800,"time_zone":"Irkutsk","geo_enabled":false,"verified":false,"statuses_count":7874,"lang":"ja","contributors_enabled":false,"is_translator":false,"is_translation_enabled":false,"profile_background_color":"C0DEED","profile_background_image_url":"http://abs.twimg.com/images/themes/theme1/bg.png","profile_background_image_url_https":"https://abs.twimg.com/images/themes/theme1/bg.png","profile_background_tile":false,"profile_image_url":"http://pbs.twimg.com/profile_images/568885109000908800/ZMuI8MQ5_normal.jpeg","profile_image_url_https":"https://pbs.twimg.com/profile_images/568885109000908800/ZMuI8MQ5_normal.jpeg","profile_banner_url":"https://pbs.twimg.com/profile_banners/2896551950/1424467677","profile_link_color":"1DA1F2","profile_sidebar_border_color":"C0DEED","profile_sidebar_fill_color":"DDEEF6","profile_text_color":"333333","profile_use_background_image":true,"has_extended_profile":false,"default_profile":true,"default_profile_image":false,"following":false,"follow_request_sent":false,"notifications":false,"translator_type":"none"},"geo":null,"coordinates":null,"place":null,"contributors":null,"is_quote_status":false,"retweet_count":244,"favorite_count":283,"favorited":false,"retweeted":false,"possibly_sensitive":false,"lang":"ja"},{"created_at":"Sun Jul 09 21:30:03 +0000 2017","id":884162760455540700,"id_str":"884162760455540737","text":"今の仕事+お幾らか必要じゃありませんか？LINEID→bainarisfまでご連絡ください。　https://t.co/A7eeTfTBxf　#バイナリー　#バイナリーオプション　#副業　#おこづかい　#お金持ち https://t.co/ZuivTo9lcI","truncated":false,"entities":{"hashtags":[{"text":"バイナリー","indices":[71,77]},{"text":"バイナリーオプション","indices":[78,89]},{"text":"副業","indices":[90,93]},{"text":"おこづかい","indices":[94,100]},{"text":"お金持ち","indices":[101,106]}],"symbols":[],"user_mentions":[],"urls":[{"url":"https://t.co/A7eeTfTBxf","expanded_url":"https://goo.gl/gpmcR4","display_url":"goo.gl/gpmcR4","indices":[47,70]}],"media":[{"id":884162756986888200,"id_str":"884162756986888192","indices":[107,130],"media_url":"http://pbs.twimg.com/media/DEUtV83VYAAHT5v.jpg","media_url_https":"https://pbs.twimg.com/media/DEUtV83VYAAHT5v.jpg","url":"https://t.co/ZuivTo9lcI","display_url":"pic.twitter.com/ZuivTo9lcI","expanded_url":"https://twitter.com/dashiruibahan/status/884162760455540737/photo/1","type":"photo","sizes":{"thumb":{"w":150,"h":150,"resize":"crop"},"large":{"w":473,"h":471,"resize":"fit"},"small":{"w":473,"h":471,"resize":"fit"},"medium":{"w":473,"h":471,"resize":"fit"}}}]},"extended_entities":{"media":[{"id":884162756986888200,"id_str":"884162756986888192","indices":[107,130],"media_url":"http://pbs.twimg.com/media/DEUtV83VYAAHT5v.jpg","media_url_https":"https://pbs.twimg.com/media/DEUtV83VYAAHT5v.jpg","url":"https://t.co/ZuivTo9lcI","display_url":"pic.twitter.com/ZuivTo9lcI","expanded_url":"https://twitter.com/dashiruibahan/status/884162760455540737/photo/1","type":"photo","sizes":{"thumb":{"w":150,"h":150,"resize":"crop"},"large":{"w":473,"h":471,"resize":"fit"},"small":{"w":473,"h":471,"resize":"fit"},"medium":{"w":473,"h":471,"resize":"fit"}}}]},"metadata":{"iso_language_code":"ja","result_type":"recent"},"source":"<a href=\"http://twitter.com/\" rel=\"nofollow\">zerotubusen12</a>","in_reply_to_status_id":null,"in_reply_to_status_id_str":null,"in_reply_to_user_id":null,"in_reply_to_user_id_str":null,"in_reply_to_screen_name":null,"user":{"id":129696001,"id_str":"129696001","name":"生田　竜二","screen_name":"dashiruibahan","location":"LINEID→bainarisf","description":"投資や副業が初めての方でも気軽に声をかけてください。私はプロですので安心して頂けると思います。無料で相談に乗らせて頂きます。 #バイナリー　#バイナリーオプション　#副業　#おこづかい　#お金持ち　　#投資","url":null,"entities":{"description":{"urls":[]}},"protected":false,"followers_count":6838,"friends_count":4735,"listed_count":2,"created_at":"Mon Apr 05 03:58:40 +0000 2010","favourites_count":0,"utc_offset":-25200,"time_zone":"Arizona","geo_enabled":false,"verified":false,"statuses_count":3,"lang":"ja","contributors_enabled":false,"is_translator":false,"is_translation_enabled":false,"profile_background_color":"8B542B","profile_background_image_url":"http://abs.twimg.com/images/themes/theme8/bg.gif","profile_background_image_url_https":"https://abs.twimg.com/images/themes/theme8/bg.gif","profile_background_tile":false,"profile_image_url":"http://pbs.twimg.com/profile_images/858971680823103488/P4w8ogB4_normal.jpg","profile_image_url_https":"https://pbs.twimg.com/profile_images/858971680823103488/P4w8ogB4_normal.jpg","profile_link_color":"9D582E","profile_sidebar_border_color":"D9B17E","profile_sidebar_fill_color":"EADEAA","profile_text_color":"333333","profile_use_background_image":true,"has_extended_profile":false,"default_profile":false,"default_profile_image":false,"following":false,"follow_request_sent":false,"notifications":false,"translator_type":"none"},"geo":null,"coordinates":null,"place":null,"contributors":null,"is_quote_status":false,"retweet_count":102,"favorite_count":0,"favorited":false,"retweeted":false,"possibly_sensitive":false,"lang":"ja"},{"created_at":"Sun Jul 09 21:30:03 +0000 2017","id":884162759385952300,"id_str":"884162759385952256","text":"オフパコ興味ある人いる？？\nリアルで絡める人だけLINE送ってね(●・ω・●)\nhttps://t.co/q91sF6YeLG","truncated":false,"entities":{"hashtags":[],"symbols":[],"user_mentions":[],"urls":[],"media":[{"id":881713116613976000,"id_str":"881713116613976064","indices":[40,63],"media_url":"http://pbs.twimg.com/media/DDx5aHWUIAAofSr.jpg","media_url_https":"https://pbs.twimg.com/media/DDx5aHWUIAAofSr.jpg","url":"https://t.co/q91sF6YeLG","display_url":"pic.twitter.com/q91sF6YeLG","expanded_url":"https://twitter.com/dubamub/status/881713148885057536/photo/1","type":"photo","sizes":{"thumb":{"w":150,"h":150,"resize":"crop"},"large":{"w":580,"h":435,"resize":"fit"},"small":{"w":580,"h":435,"resize":"fit"},"medium":{"w":580,"h":435,"resize":"fit"}},"source_status_id":881713148885057500,"source_status_id_str":"881713148885057536","source_user_id":715112866525806600,"source_user_id_str":"715112866525806592"}]},"extended_entities":{"media":[{"id":881713116613976000,"id_str":"881713116613976064","indices":[40,63],"media_url":"http://pbs.twimg.com/media/DDx5aHWUIAAofSr.jpg","media_url_https":"https://pbs.twimg.com/media/DDx5aHWUIAAofSr.jpg","url":"https://t.co/q91sF6YeLG","display_url":"pic.twitter.com/q91sF6YeLG","expanded_url":"https://twitter.com/dubamub/status/881713148885057536/photo/1","type":"photo","sizes":{"thumb":{"w":150,"h":150,"resize":"crop"},"large":{"w":580,"h":435,"resize":"fit"},"small":{"w":580,"h":435,"resize":"fit"},"medium":{"w":580,"h":435,"resize":"fit"}},"source_status_id":881713148885057500,"source_status_id_str":"881713148885057536","source_user_id":715112866525806600,"source_user_id_str":"715112866525806592"},{"id":881713128207024100,"id_str":"881713128207024129","indices":[40,63],"media_url":"http://pbs.twimg.com/media/DDx5ayiUAAEDwkP.jpg","media_url_https":"https://pbs.twimg.com/media/DDx5ayiUAAEDwkP.jpg","url":"https://t.co/q91sF6YeLG","display_url":"pic.twitter.com/q91sF6YeLG","expanded_url":"https://twitter.com/dubamub/status/881713148885057536/photo/1","type":"photo","sizes":{"small":{"w":360,"h":360,"resize":"fit"},"medium":{"w":360,"h":360,"resize":"fit"},"thumb":{"w":150,"h":150,"resize":"crop"},"large":{"w":360,"h":360,"resize":"fit"}},"source_status_id":881713148885057500,"source_status_id_str":"881713148885057536","source_user_id":715112866525806600,"source_user_id_str":"715112866525806592"},{"id":881713141754626000,"id_str":"881713141754626049","indices":[40,63],"media_url":"http://pbs.twimg.com/media/DDx5blAUAAEP4qO.jpg","media_url_https":"https://pbs.twimg.com/media/DDx5blAUAAEP4qO.jpg","url":"https://t.co/q91sF6YeLG","display_url":"pic.twitter.com/q91sF6YeLG","expanded_url":"https://twitter.com/dubamub/status/881713148885057536/photo/1","type":"photo","sizes":{"thumb":{"w":150,"h":150,"resize":"crop"},"large":{"w":580,"h":435,"resize":"fit"},"small":{"w":580,"h":435,"resize":"fit"},"medium":{"w":580,"h":435,"resize":"fit"}},"source_status_id":881713148885057500,"source_status_id_str":"881713148885057536","source_user_id":715112866525806600,"source_user_id_str":"715112866525806592"}]},"metadata":{"iso_language_code":"ja","result_type":"recent"},"source":"<a href=\"https://twitter.com/\" rel=\"nofollow\">eftwf ewyfgui</a>","in_reply_to_status_id":null,"in_reply_to_status_id_str":null,"in_reply_to_user_id":null,"in_reply_to_user_id_str":null,"in_reply_to_screen_name":null,"user":{"id":854772975366684700,"id_str":"854772975366684672","name":"いろは@おふぱこ","screen_name":"i_rohano","location":"","description":"オフパコ募集垢←興味ある人いますか(●・ω・●)？彼氏とかいりません！相性良ければセフでも💕セクロスはスポーツ(*`・ω・)ですｗ","url":null,"entities":{"description":{"urls":[]}},"protected":false,"followers_count":228,"friends_count":8,"listed_count":0,"created_at":"Wed Apr 19 19:05:33 +0000 2017","favourites_count":0,"utc_offset":-25200,"time_zone":"Pacific Time (US & Canada)","geo_enabled":false,"verified":false,"statuses_count":12,"lang":"ja","contributors_enabled":false,"is_translator":false,"is_translation_enabled":false,"profile_background_color":"F5F8FA","profile_background_image_url":null,"profile_background_image_url_https":null,"profile_background_tile":false,"profile_image_url":"http://pbs.twimg.com/profile_images/879976659130044417/OtEPqQ0n_normal.jpg","profile_image_url_https":"https://pbs.twimg.com/profile_images/879976659130044417/OtEPqQ0n_normal.jpg","profile_banner_url":"https://pbs.twimg.com/profile_banners/854772975366684672/1498637782","profile_link_color":"1DA1F2","profile_sidebar_border_color":"C0DEED","profile_sidebar_fill_color":"DDEEF6","profile_text_color":"333333","profile_use_background_image":true,"has_extended_profile":false,"default_profile":true,"default_profile_image":false,"following":false,"follow_request_sent":false,"notifications":false,"translator_type":"none"},"geo":null,"coordinates":null,"place":null,"contributors":null,"is_quote_status":false,"retweet_count":55,"favorite_count":0,"favorited":false,"retweeted":false,"possibly_sensitive":false,"lang":"ja"},{"created_at":"Sun Jul 09 21:30:02 +0000 2017","id":884162756898725900,"id_str":"884162756898725888","text":"おふぱこ募集なうなう\n\nリアルで絡める人だけLINEして！\nLINEはQRで追加してねー\n\n基本DM見てません(；´Д｀)\nhttps://t.co/vYvoaAtBGA","truncated":false,"entities":{"hashtags":[],"symbols":[],"user_mentions":[],"urls":[],"media":[{"id":857848717784657900,"id_str":"857848717784657921","indices":[62,85],"media_url":"http://pbs.twimg.com/media/C-ew3R6UMAELBHC.jpg","media_url_https":"https://pbs.twimg.com/media/C-ew3R6UMAELBHC.jpg","url":"https://t.co/vYvoaAtBGA","display_url":"pic.twitter.com/vYvoaAtBGA","expanded_url":"https://twitter.com/befovec/status/857848740098461697/photo/1","type":"photo","sizes":{"small":{"w":360,"h":360,"resize":"fit"},"thumb":{"w":150,"h":150,"resize":"crop"},"medium":{"w":360,"h":360,"resize":"fit"},"large":{"w":360,"h":360,"resize":"fit"}},"source_status_id":857848740098461700,"source_status_id_str":"857848740098461697","source_user_id":715111575732924400,"source_user_id_str":"715111575732924416"}]},"extended_entities":{"media":[{"id":857848717784657900,"id_str":"857848717784657921","indices":[62,85],"media_url":"http://pbs.twimg.com/media/C-ew3R6UMAELBHC.jpg","media_url_https":"https://pbs.twimg.com/media/C-ew3R6UMAELBHC.jpg","url":"https://t.co/vYvoaAtBGA","display_url":"pic.twitter.com/vYvoaAtBGA","expanded_url":"https://twitter.com/befovec/status/857848740098461697/photo/1","type":"photo","sizes":{"small":{"w":360,"h":360,"resize":"fit"},"thumb":{"w":150,"h":150,"resize":"crop"},"medium":{"w":360,"h":360,"resize":"fit"},"large":{"w":360,"h":360,"resize":"fit"}},"source_status_id":857848740098461700,"source_status_id_str":"857848740098461697","source_user_id":715111575732924400,"source_user_id_str":"715111575732924416"},{"id":857848724470485000,"id_str":"857848724470484992","indices":[62,85],"media_url":"http://pbs.twimg.com/media/C-ew3q0V0AAK6d1.jpg","media_url_https":"https://pbs.twimg.com/media/C-ew3q0V0AAK6d1.jpg","url":"https://t.co/vYvoaAtBGA","display_url":"pic.twitter.com/vYvoaAtBGA","expanded_url":"https://twitter.com/befovec/status/857848740098461697/photo/1","type":"photo","sizes":{"thumb":{"w":150,"h":150,"resize":"crop"},"medium":{"w":580,"h":774,"resize":"fit"},"large":{"w":580,"h":774,"resize":"fit"},"small":{"w":510,"h":680,"resize":"fit"}},"source_status_id":857848740098461700,"source_status_id_str":"857848740098461697","source_user_id":715111575732924400,"source_user_id_str":"715111575732924416"}]},"metadata":{"iso_language_code":"ja","result_type":"recent"},"source":"<a href=\"https://twitter.com/\" rel=\"nofollow\">akypib n98a45</a>","in_reply_to_status_id":null,"in_reply_to_status_id_str":null,"in_reply_to_user_id":null,"in_reply_to_user_id_str":null,"in_reply_to_screen_name":null,"user":{"id":876139843352264700,"id_str":"876139843352264705","name":"チエ→おふぱこ垢","screen_name":"chiess_chii","location":"","description":"JD20( ･Θ･)ゞ基本的に発情してるんでｗｗオフパコしましょーｗｗｗ←優しくて清潔感ある年上の方で！","url":null,"entities":{"description":{"urls":[]}},"protected":false,"followers_count":44,"friends_count":8,"listed_count":0,"created_at":"Sat Jun 17 18:09:51 +0000 2017","favourites_count":0,"utc_offset":-25200,"time_zone":"Pacific Time (US & Canada)","geo_enabled":false,"verified":false,"statuses_count":5,"lang":"ja","contributors_enabled":false,"is_translator":false,"is_translation_enabled":false,"profile_background_color":"F5F8FA","profile_background_image_url":null,"profile_background_image_url_https":null,"profile_background_tile":false,"profile_image_url":"http://pbs.twimg.com/profile_images/880391499724148736/ifiHktZ9_normal.jpg","profile_image_url_https":"https://pbs.twimg.com/profile_images/880391499724148736/ifiHktZ9_normal.jpg","profile_link_color":"1DA1F2","profile_sidebar_border_color":"C0DEED","profile_sidebar_fill_color":"DDEEF6","profile_text_color":"333333","profile_use_background_image":true,"has_extended_profile":true,"default_profile":true,"default_profile_image":false,"following":false,"follow_request_sent":false,"notifications":false,"translator_type":"none"},"geo":null,"coordinates":null,"place":null,"contributors":null,"is_quote_status":false,"retweet_count":56,"favorite_count":0,"favorited":false,"retweeted":false,"possibly_sensitive":false,"lang":"ja"},{"created_at":"Sun Jul 09 21:30:02 +0000 2017","id":884162754868727800,"id_str":"884162754868727810","text":"オフパコ興味ある人いる？？\nリアルで絡める人だけLINE送ってね(●・ω・●)\nhttps://t.co/daLLiMxfFQ","truncated":false,"entities":{"hashtags":[],"symbols":[],"user_mentions":[],"urls":[],"media":[{"id":881713116613976000,"id_str":"881713116613976064","indices":[40,63],"media_url":"http://pbs.twimg.com/media/DDx5aHWUIAAofSr.jpg","media_url_https":"https://pbs.twimg.com/media/DDx5aHWUIAAofSr.jpg","url":"https://t.co/daLLiMxfFQ","display_url":"pic.twitter.com/daLLiMxfFQ","expanded_url":"https://twitter.com/dubamub/status/881713148885057536/photo/1","type":"photo","sizes":{"thumb":{"w":150,"h":150,"resize":"crop"},"large":{"w":580,"h":435,"resize":"fit"},"small":{"w":580,"h":435,"resize":"fit"},"medium":{"w":580,"h":435,"resize":"fit"}},"source_status_id":881713148885057500,"source_status_id_str":"881713148885057536","source_user_id":715112866525806600,"source_user_id_str":"715112866525806592"}]},"extended_entities":{"media":[{"id":881713116613976000,"id_str":"881713116613976064","indices":[40,63],"media_url":"http://pbs.twimg.com/media/DDx5aHWUIAAofSr.jpg","media_url_https":"https://pbs.twimg.com/media/DDx5aHWUIAAofSr.jpg","url":"https://t.co/daLLiMxfFQ","display_url":"pic.twitter.com/daLLiMxfFQ","expanded_url":"https://twitter.com/dubamub/status/881713148885057536/photo/1","type":"photo","sizes":{"thumb":{"w":150,"h":150,"resize":"crop"},"large":{"w":580,"h":435,"resize":"fit"},"small":{"w":580,"h":435,"resize":"fit"},"medium":{"w":580,"h":435,"resize":"fit"}},"source_status_id":881713148885057500,"source_status_id_str":"881713148885057536","source_user_id":715112866525806600,"source_user_id_str":"715112866525806592"},{"id":881713128207024100,"id_str":"881713128207024129","indices":[40,63],"media_url":"http://pbs.twimg.com/media/DDx5ayiUAAEDwkP.jpg","media_url_https":"https://pbs.twimg.com/media/DDx5ayiUAAEDwkP.jpg","url":"https://t.co/daLLiMxfFQ","display_url":"pic.twitter.com/daLLiMxfFQ","expanded_url":"https://twitter.com/dubamub/status/881713148885057536/photo/1","type":"photo","sizes":{"small":{"w":360,"h":360,"resize":"fit"},"medium":{"w":360,"h":360,"resize":"fit"},"thumb":{"w":150,"h":150,"resize":"crop"},"large":{"w":360,"h":360,"resize":"fit"}},"source_status_id":881713148885057500,"source_status_id_str":"881713148885057536","source_user_id":715112866525806600,"source_user_id_str":"715112866525806592"},{"id":881713141754626000,"id_str":"881713141754626049","indices":[40,63],"media_url":"http://pbs.twimg.com/media/DDx5blAUAAEP4qO.jpg","media_url_https":"https://pbs.twimg.com/media/DDx5blAUAAEP4qO.jpg","url":"https://t.co/daLLiMxfFQ","display_url":"pic.twitter.com/daLLiMxfFQ","expanded_url":"https://twitter.com/dubamub/status/881713148885057536/photo/1","type":"photo","sizes":{"thumb":{"w":150,"h":150,"resize":"crop"},"large":{"w":580,"h":435,"resize":"fit"},"small":{"w":580,"h":435,"resize":"fit"},"medium":{"w":580,"h":435,"resize":"fit"}},"source_status_id":881713148885057500,"source_status_id_str":"881713148885057536","source_user_id":715112866525806600,"source_user_id_str":"715112866525806592"}]},"metadata":{"iso_language_code":"ja","result_type":"recent"},"source":"<a href=\"https://twitter.com\" rel=\"nofollow\">ccc fggyyy</a>","in_reply_to_status_id":null,"in_reply_to_status_id_str":null,"in_reply_to_user_id":null,"in_reply_to_user_id_str":null,"in_reply_to_screen_name":null,"user":{"id":844804721114165200,"id_str":"844804721114165248","name":"いろは☻おふぱこ募集 💕","screen_name":"iroha_tam","location":"","description":"オフパコ募集垢←興味ある人いますか(●・ω・●)？彼氏とかいりません！相性良ければセフでも💕セクロスはスポーツ(*`・ω・)ですｗ","url":null,"entities":{"description":{"urls":[]}},"protected":false,"followers_count":213,"friends_count":158,"listed_count":0,"created_at":"Thu Mar 23 06:55:16 +0000 2017","favourites_count":0,"utc_offset":-25200,"time_zone":"Pacific Time (US & Canada)","geo_enabled":false,"verified":false,"statuses_count":12,"lang":"ja","contributors_enabled":false,"is_translator":false,"is_translation_enabled":false,"profile_background_color":"F5F8FA","profile_background_image_url":null,"profile_background_image_url_https":null,"profile_background_tile":false,"profile_image_url":"http://pbs.twimg.com/profile_images/870113473966899200/Ti4v9ICg_normal.jpg","profile_image_url_https":"https://pbs.twimg.com/profile_images/870113473966899200/Ti4v9ICg_normal.jpg","profile_banner_url":"https://pbs.twimg.com/profile_banners/844804721114165248/1496286209","profile_link_color":"1DA1F2","profile_sidebar_border_color":"C0DEED","profile_sidebar_fill_color":"DDEEF6","profile_text_color":"333333","profile_use_background_image":true,"has_extended_profile":false,"default_profile":true,"default_profile_image":false,"following":false,"follow_request_sent":false,"notifications":false,"translator_type":"none"},"geo":null,"coordinates":null,"place":null,"contributors":null,"is_quote_status":false,"retweet_count":53,"favorite_count":0,"favorited":false,"retweeted":false,"possibly_sensitive":false,"lang":"ja"},{"created_at":"Sun Jul 09 21:30:02 +0000 2017","id":884162754617028600,"id_str":"884162754617028608","text":"おふパコできる人いる？ｗ\n興味あったらLINE下さい(´・ω・｀)\n\nLINEQRで追加してー\n基本DM見てません(；´Д｀)\nhttps://t.co/ppFEKTKO32","truncated":false,"entities":{"hashtags":[],"symbols":[],"user_mentions":[],"urls":[],"media":[{"id":857848717784657900,"id_str":"857848717784657921","indices":[64,87],"media_url":"http://pbs.twimg.com/media/C-ew3R6UMAELBHC.jpg","media_url_https":"https://pbs.twimg.com/media/C-ew3R6UMAELBHC.jpg","url":"https://t.co/ppFEKTKO32","display_url":"pic.twitter.com/ppFEKTKO32","expanded_url":"https://twitter.com/befovec/status/857848740098461697/photo/1","type":"photo","sizes":{"small":{"w":360,"h":360,"resize":"fit"},"thumb":{"w":150,"h":150,"resize":"crop"},"medium":{"w":360,"h":360,"resize":"fit"},"large":{"w":360,"h":360,"resize":"fit"}},"source_status_id":857848740098461700,"source_status_id_str":"857848740098461697","source_user_id":715111575732924400,"source_user_id_str":"715111575732924416"}]},"extended_entities":{"media":[{"id":857848717784657900,"id_str":"857848717784657921","indices":[64,87],"media_url":"http://pbs.twimg.com/media/C-ew3R6UMAELBHC.jpg","media_url_https":"https://pbs.twimg.com/media/C-ew3R6UMAELBHC.jpg","url":"https://t.co/ppFEKTKO32","display_url":"pic.twitter.com/ppFEKTKO32","expanded_url":"https://twitter.com/befovec/status/857848740098461697/photo/1","type":"photo","sizes":{"small":{"w":360,"h":360,"resize":"fit"},"thumb":{"w":150,"h":150,"resize":"crop"},"medium":{"w":360,"h":360,"resize":"fit"},"large":{"w":360,"h":360,"resize":"fit"}},"source_status_id":857848740098461700,"source_status_id_str":"857848740098461697","source_user_id":715111575732924400,"source_user_id_str":"715111575732924416"},{"id":857848724470485000,"id_str":"857848724470484992","indices":[64,87],"media_url":"http://pbs.twimg.com/media/C-ew3q0V0AAK6d1.jpg","media_url_https":"https://pbs.twimg.com/media/C-ew3q0V0AAK6d1.jpg","url":"https://t.co/ppFEKTKO32","display_url":"pic.twitter.com/ppFEKTKO32","expanded_url":"https://twitter.com/befovec/status/857848740098461697/photo/1","type":"photo","sizes":{"thumb":{"w":150,"h":150,"resize":"crop"},"medium":{"w":580,"h":774,"resize":"fit"},"large":{"w":580,"h":774,"resize":"fit"},"small":{"w":510,"h":680,"resize":"fit"}},"source_status_id":857848740098461700,"source_status_id_str":"857848740098461697","source_user_id":715111575732924400,"source_user_id_str":"715111575732924416"}]},"metadata":{"iso_language_code":"ja","result_type":"recent"},"source":"<a href=\"https://twitter.com/\" rel=\"nofollow\">iouuu taaaas</a>","in_reply_to_status_id":null,"in_reply_to_status_id_str":null,"in_reply_to_user_id":null,"in_reply_to_user_id_str":null,"in_reply_to_screen_name":null,"user":{"id":856454584084058100,"id_str":"856454584084058112","name":"チエ☻*おふぱこ垢","screen_name":"chiie_offpaco","location":"","description":"JD20(´・ω・｀)軽いセクロス依存症←おふぱことか興味ありすぎてｗ年上で優しい人いたら誘って(´・ω・｀)","url":null,"entities":{"description":{"urls":[]}},"protected":false,"followers_count":237,"friends_count":7,"listed_count":0,"created_at":"Mon Apr 24 10:27:39 +0000 2017","favourites_count":0,"utc_offset":-25200,"time_zone":"Pacific Time (US & Canada)","geo_enabled":false,"verified":false,"statuses_count":9,"lang":"ja","contributors_enabled":false,"is_translator":false,"is_translation_enabled":false,"profile_background_color":"F5F8FA","profile_background_image_url":null,"profile_background_image_url_https":null,"profile_background_tile":false,"profile_image_url":"http://pbs.twimg.com/profile_images/856849027362684932/a_1nKq_Y_normal.jpg","profile_image_url_https":"https://pbs.twimg.com/profile_images/856849027362684932/a_1nKq_Y_normal.jpg","profile_link_color":"1DA1F2","profile_sidebar_border_color":"C0DEED","profile_sidebar_fill_color":"DDEEF6","profile_text_color":"333333","profile_use_background_image":true,"has_extended_profile":false,"default_profile":true,"default_profile_image":false,"following":false,"follow_request_sent":false,"notifications":false,"translator_type":"none"},"geo":null,"coordinates":null,"place":null,"contributors":null,"is_quote_status":false,"retweet_count":53,"favorite_count":0,"favorited":false,"retweeted":false,"possibly_sensitive":false,"lang":"ja"},{"created_at":"Sun Jul 09 21:30:02 +0000 2017","id":884162754419896300,"id_str":"884162754419896321","text":"おふぱこ募集なうなう\n\nリアルで絡める人だけLINEして！\nLINEはQRで追加してねー\n\n基本DM見てません(；´Д｀)\nhttps://t.co/FI6wkXux6o","truncated":false,"entities":{"hashtags":[],"symbols":[],"user_mentions":[],"urls":[],"media":[{"id":857848717784657900,"id_str":"857848717784657921","indices":[62,85],"media_url":"http://pbs.twimg.com/media/C-ew3R6UMAELBHC.jpg","media_url_https":"https://pbs.twimg.com/media/C-ew3R6UMAELBHC.jpg","url":"https://t.co/FI6wkXux6o","display_url":"pic.twitter.com/FI6wkXux6o","expanded_url":"https://twitter.com/befovec/status/857848740098461697/photo/1","type":"photo","sizes":{"small":{"w":360,"h":360,"resize":"fit"},"thumb":{"w":150,"h":150,"resize":"crop"},"medium":{"w":360,"h":360,"resize":"fit"},"large":{"w":360,"h":360,"resize":"fit"}},"source_status_id":857848740098461700,"source_status_id_str":"857848740098461697","source_user_id":715111575732924400,"source_user_id_str":"715111575732924416"}]},"extended_entities":{"media":[{"id":857848717784657900,"id_str":"857848717784657921","indices":[62,85],"media_url":"http://pbs.twimg.com/media/C-ew3R6UMAELBHC.jpg","media_url_https":"https://pbs.twimg.com/media/C-ew3R6UMAELBHC.jpg","url":"https://t.co/FI6wkXux6o","display_url":"pic.twitter.com/FI6wkXux6o","expanded_url":"https://twitter.com/befovec/status/857848740098461697/photo/1","type":"photo","sizes":{"small":{"w":360,"h":360,"resize":"fit"},"thumb":{"w":150,"h":150,"resize":"crop"},"medium":{"w":360,"h":360,"resize":"fit"},"large":{"w":360,"h":360,"resize":"fit"}},"source_status_id":857848740098461700,"source_status_id_str":"857848740098461697","source_user_id":715111575732924400,"source_user_id_str":"715111575732924416"},{"id":857848724470485000,"id_str":"857848724470484992","indices":[62,85],"media_url":"http://pbs.twimg.com/media/C-ew3q0V0AAK6d1.jpg","media_url_https":"https://pbs.twimg.com/media/C-ew3q0V0AAK6d1.jpg","url":"https://t.co/FI6wkXux6o","display_url":"pic.twitter.com/FI6wkXux6o","expanded_url":"https://twitter.com/befovec/status/857848740098461697/photo/1","type":"photo","sizes":{"thumb":{"w":150,"h":150,"resize":"crop"},"medium":{"w":580,"h":774,"resize":"fit"},"large":{"w":580,"h":774,"resize":"fit"},"small":{"w":510,"h":680,"resize":"fit"}},"source_status_id":857848740098461700,"source_status_id_str":"857848740098461697","source_user_id":715111575732924400,"source_user_id_str":"715111575732924416"}]},"metadata":{"iso_language_code":"ja","result_type":"recent"},"source":"<a href=\"https://twitter.com/\" rel=\"nofollow\">nocruy suelos</a>","in_reply_to_status_id":null,"in_reply_to_status_id_str":null,"in_reply_to_user_id":null,"in_reply_to_user_id_str":null,"in_reply_to_screen_name":null,"user":{"id":869486622282104800,"id_str":"869486622282104832","name":"ちえ♥オフパコ垢","screen_name":"chiechiess","location":"","description":"JD20( ･Θ･)ゞ基本的に発情してるんでｗｗオフパコしましょーｗｗｗ←優しくて清潔感ある年上の方で！","url":null,"entities":{"description":{"urls":[]}},"protected":false,"followers_count":53,"friends_count":9,"listed_count":0,"created_at":"Tue May 30 09:32:19 +0000 2017","favourites_count":0,"utc_offset":-25200,"time_zone":"Pacific Time (US & Canada)","geo_enabled":false,"verified":false,"statuses_count":4,"lang":"ja","contributors_enabled":false,"is_translator":false,"is_translation_enabled":false,"profile_background_color":"F5F8FA","profile_background_image_url":null,"profile_background_image_url_https":null,"profile_background_tile":false,"profile_image_url":"http://pbs.twimg.com/profile_images/869890420808884224/2T1owNLa_normal.jpg","profile_image_url_https":"https://pbs.twimg.com/profile_images/869890420808884224/2T1owNLa_normal.jpg","profile_link_color":"1DA1F2","profile_sidebar_border_color":"C0DEED","profile_sidebar_fill_color":"DDEEF6","profile_text_color":"333333","profile_use_background_image":true,"has_extended_profile":true,"default_profile":true,"default_profile_image":false,"following":false,"follow_request_sent":false,"notifications":false,"translator_type":"none"},"geo":null,"coordinates":null,"place":null,"contributors":null,"is_quote_status":false,"retweet_count":55,"favorite_count":0,"favorited":false,"retweeted":false,"possibly_sensitive":false,"lang":"ja"},{"created_at":"Sun Jul 09 21:30:02 +0000 2017","id":884162754021441500,"id_str":"884162754021441536","text":"おふぱこ募集なうなう\n\nリアルで絡める人だけLINEして！\nLINEはQRで追加してねー\n\n基本DM見てません(；´Д｀)\nhttps://t.co/PPSnvdjlXQ","truncated":false,"entities":{"hashtags":[],"symbols":[],"user_mentions":[],"urls":[],"media":[{"id":857848717784657900,"id_str":"857848717784657921","indices":[62,85],"media_url":"http://pbs.twimg.com/media/C-ew3R6UMAELBHC.jpg","media_url_https":"https://pbs.twimg.com/media/C-ew3R6UMAELBHC.jpg","url":"https://t.co/PPSnvdjlXQ","display_url":"pic.twitter.com/PPSnvdjlXQ","expanded_url":"https://twitter.com/befovec/status/857848740098461697/photo/1","type":"photo","sizes":{"small":{"w":360,"h":360,"resize":"fit"},"thumb":{"w":150,"h":150,"resize":"crop"},"medium":{"w":360,"h":360,"resize":"fit"},"large":{"w":360,"h":360,"resize":"fit"}},"source_status_id":857848740098461700,"source_status_id_str":"857848740098461697","source_user_id":715111575732924400,"source_user_id_str":"715111575732924416"}]},"extended_entities":{"media":[{"id":857848717784657900,"id_str":"857848717784657921","indices":[62,85],"media_url":"http://pbs.twimg.com/media/C-ew3R6UMAELBHC.jpg","media_url_https":"https://pbs.twimg.com/media/C-ew3R6UMAELBHC.jpg","url":"https://t.co/PPSnvdjlXQ","display_url":"pic.twitter.com/PPSnvdjlXQ","expanded_url":"https://twitter.com/befovec/status/857848740098461697/photo/1","type":"photo","sizes":{"small":{"w":360,"h":360,"resize":"fit"},"thumb":{"w":150,"h":150,"resize":"crop"},"medium":{"w":360,"h":360,"resize":"fit"},"large":{"w":360,"h":360,"resize":"fit"}},"source_status_id":857848740098461700,"source_status_id_str":"857848740098461697","source_user_id":715111575732924400,"source_user_id_str":"715111575732924416"},{"id":857848724470485000,"id_str":"857848724470484992","indices":[62,85],"media_url":"http://pbs.twimg.com/media/C-ew3q0V0AAK6d1.jpg","media_url_https":"https://pbs.twimg.com/media/C-ew3q0V0AAK6d1.jpg","url":"https://t.co/PPSnvdjlXQ","display_url":"pic.twitter.com/PPSnvdjlXQ","expanded_url":"https://twitter.com/befovec/status/857848740098461697/photo/1","type":"photo","sizes":{"thumb":{"w":150,"h":150,"resize":"crop"},"medium":{"w":580,"h":774,"resize":"fit"},"large":{"w":580,"h":774,"resize":"fit"},"small":{"w":510,"h":680,"resize":"fit"}},"source_status_id":857848740098461700,"source_status_id_str":"857848740098461697","source_user_id":715111575732924400,"source_user_id_str":"715111575732924416"}]},"metadata":{"iso_language_code":"ja","result_type":"recent"},"source":"<a href=\"https://twitter.com/\" rel=\"nofollow\">ofzfqj k1duzu</a>","in_reply_to_status_id":null,"in_reply_to_status_id_str":null,"in_reply_to_user_id":null,"in_reply_to_user_id_str":null,"in_reply_to_screen_name":null,"user":{"id":867177196762394600,"id_str":"867177196762394624","name":"チエ→おふぱこ垢","screen_name":"chieshell","location":"","description":"JD20( ･Θ･)ゞ基本的に発情してるんでｗｗオフパコしましょーｗｗｗ←優しくて清潔感ある年上の方で！","url":null,"entities":{"description":{"urls":[]}},"protected":false,"followers_count":112,"friends_count":55,"listed_count":0,"created_at":"Wed May 24 00:35:29 +0000 2017","favourites_count":0,"utc_offset":-25200,"time_zone":"Pacific Time (US & Canada)","geo_enabled":false,"verified":false,"statuses_count":10,"lang":"ja","contributors_enabled":false,"is_translator":false,"is_translation_enabled":false,"profile_background_color":"F5F8FA","profile_background_image_url":null,"profile_background_image_url_https":null,"profile_background_tile":false,"profile_image_url":"http://pbs.twimg.com/profile_images/870201108806770689/p2WN7vN5_normal.jpg","profile_image_url_https":"https://pbs.twimg.com/profile_images/870201108806770689/p2WN7vN5_normal.jpg","profile_link_color":"1DA1F2","profile_sidebar_border_color":"C0DEED","profile_sidebar_fill_color":"DDEEF6","profile_text_color":"333333","profile_use_background_image":true,"has_extended_profile":false,"default_profile":true,"default_profile_image":false,"following":false,"follow_request_sent":false,"notifications":false,"translator_type":"none"},"geo":null,"coordinates":null,"place":null,"contributors":null,"is_quote_status":false,"retweet_count":57,"favorite_count":0,"favorited":false,"retweeted":false,"possibly_sensitive":false,"lang":"ja"},{"created_at":"Sun Jul 09 21:30:02 +0000 2017","id":884162753950236700,"id_str":"884162753950236672","text":"オフパコ興味ある人いる？？\n基本夕方以降ひましてます(´・ω・｀)\n\nQRでLINE追加してメッセ下さいー\n\n基本DM見てません(；´Д｀)\nhttps://t.co/TmsxEQ1Tjp","truncated":false,"entities":{"hashtags":[],"symbols":[],"user_mentions":[],"urls":[],"media":[{"id":857848766732189700,"id_str":"857848766732189696","indices":[71,94],"media_url":"http://pbs.twimg.com/media/C-ew6IQUQAA7AIA.jpg","media_url_https":"https://pbs.twimg.com/media/C-ew6IQUQAA7AIA.jpg","url":"https://t.co/TmsxEQ1Tjp","display_url":"pic.twitter.com/TmsxEQ1Tjp","expanded_url":"https://twitter.com/befovec/status/857848785308762112/photo/1","type":"photo","sizes":{"thumb":{"w":150,"h":150,"resize":"crop"},"medium":{"w":580,"h":774,"resize":"fit"},"large":{"w":580,"h":774,"resize":"fit"},"small":{"w":510,"h":680,"resize":"fit"}},"source_status_id":857848785308762100,"source_status_id_str":"857848785308762112","source_user_id":715111575732924400,"source_user_id_str":"715111575732924416"}]},"extended_entities":{"media":[{"id":857848766732189700,"id_str":"857848766732189696","indices":[71,94],"media_url":"http://pbs.twimg.com/media/C-ew6IQUQAA7AIA.jpg","media_url_https":"https://pbs.twimg.com/media/C-ew6IQUQAA7AIA.jpg","url":"https://t.co/TmsxEQ1Tjp","display_url":"pic.twitter.com/TmsxEQ1Tjp","expanded_url":"https://twitter.com/befovec/status/857848785308762112/photo/1","type":"photo","sizes":{"thumb":{"w":150,"h":150,"resize":"crop"},"medium":{"w":580,"h":774,"resize":"fit"},"large":{"w":580,"h":774,"resize":"fit"},"small":{"w":510,"h":680,"resize":"fit"}},"source_status_id":857848785308762100,"source_status_id_str":"857848785308762112","source_user_id":715111575732924400,"source_user_id_str":"715111575732924416"},{"id":857848775875874800,"id_str":"857848775875874816","indices":[71,94],"media_url":"http://pbs.twimg.com/media/C-ew6qUV0AAbq1x.jpg","media_url_https":"https://pbs.twimg.com/media/C-ew6qUV0AAbq1x.jpg","url":"https://t.co/TmsxEQ1Tjp","display_url":"pic.twitter.com/TmsxEQ1Tjp","expanded_url":"https://twitter.com/befovec/status/857848785308762112/photo/1","type":"photo","sizes":{"small":{"w":360,"h":360,"resize":"fit"},"thumb":{"w":150,"h":150,"resize":"crop"},"medium":{"w":360,"h":360,"resize":"fit"},"large":{"w":360,"h":360,"resize":"fit"}},"source_status_id":857848785308762100,"source_status_id_str":"857848785308762112","source_user_id":715111575732924400,"source_user_id_str":"715111575732924416"}]},"metadata":{"iso_language_code":"ja","result_type":"recent"},"source":"<a href=\"https://twitter.com/\" rel=\"nofollow\">dhsu asjisa</a>","in_reply_to_status_id":null,"in_reply_to_status_id_str":null,"in_reply_to_user_id":null,"in_reply_to_user_id_str":null,"in_reply_to_screen_name":null,"user":{"id":855703966608277500,"id_str":"855703966608277504","name":"ちえ→おふパコ垢","screen_name":"chie_chimm","location":"","description":"JD20( ･Θ･)ゞ基本的に発情してるんでｗｗオフパコしましょーｗｗｗ年上で優しい人いたら誘って←","url":null,"entities":{"description":{"urls":[]}},"protected":false,"followers_count":215,"friends_count":7,"listed_count":0,"created_at":"Sat Apr 22 08:44:58 +0000 2017","favourites_count":0,"utc_offset":-25200,"time_zone":"Pacific Time (US & Canada)","geo_enabled":false,"verified":false,"statuses_count":8,"lang":"ja","contributors_enabled":false,"is_translator":false,"is_translation_enabled":false,"profile_background_color":"F5F8FA","profile_background_image_url":null,"profile_background_image_url_https":null,"profile_background_tile":false,"profile_image_url":"http://pbs.twimg.com/profile_images/857173434056495104/Rm80RxDe_normal.jpg","profile_image_url_https":"https://pbs.twimg.com/profile_images/857173434056495104/Rm80RxDe_normal.jpg","profile_link_color":"1DA1F2","profile_sidebar_border_color":"C0DEED","profile_sidebar_fill_color":"DDEEF6","profile_text_color":"333333","profile_use_background_image":true,"has_extended_profile":true,"default_profile":true,"default_profile_image":false,"following":false,"follow_request_sent":false,"notifications":false,"translator_type":"none"},"geo":null,"coordinates":null,"place":null,"contributors":null,"is_quote_status":false,"retweet_count":57,"favorite_count":0,"favorited":false,"retweeted":false,"possibly_sensitive":false,"lang":"ja"},{"created_at":"Sun Jul 09 21:30:02 +0000 2017","id":884162753937629200,"id_str":"884162753937629184","text":"おふパコできる人いる？ｗ\n興味あったらLINE下さい(´・ω・｀)\n\nLINEQRで追加してー\n基本DM見てません(；´Д｀)\nhttps://t.co/38aGjawyAB","truncated":false,"entities":{"hashtags":[],"symbols":[],"user_mentions":[],"urls":[],"media":[{"id":857848717784657900,"id_str":"857848717784657921","indices":[64,87],"media_url":"http://pbs.twimg.com/media/C-ew3R6UMAELBHC.jpg","media_url_https":"https://pbs.twimg.com/media/C-ew3R6UMAELBHC.jpg","url":"https://t.co/38aGjawyAB","display_url":"pic.twitter.com/38aGjawyAB","expanded_url":"https://twitter.com/befovec/status/857848740098461697/photo/1","type":"photo","sizes":{"small":{"w":360,"h":360,"resize":"fit"},"thumb":{"w":150,"h":150,"resize":"crop"},"medium":{"w":360,"h":360,"resize":"fit"},"large":{"w":360,"h":360,"resize":"fit"}},"source_status_id":857848740098461700,"source_status_id_str":"857848740098461697","source_user_id":715111575732924400,"source_user_id_str":"715111575732924416"}]},"extended_entities":{"media":[{"id":857848717784657900,"id_str":"857848717784657921","indices":[64,87],"media_url":"http://pbs.twimg.com/media/C-ew3R6UMAELBHC.jpg","media_url_https":"https://pbs.twimg.com/media/C-ew3R6UMAELBHC.jpg","url":"https://t.co/38aGjawyAB","display_url":"pic.twitter.com/38aGjawyAB","expanded_url":"https://twitter.com/befovec/status/857848740098461697/photo/1","type":"photo","sizes":{"small":{"w":360,"h":360,"resize":"fit"},"thumb":{"w":150,"h":150,"resize":"crop"},"medium":{"w":360,"h":360,"resize":"fit"},"large":{"w":360,"h":360,"resize":"fit"}},"source_status_id":857848740098461700,"source_status_id_str":"857848740098461697","source_user_id":715111575732924400,"source_user_id_str":"715111575732924416"},{"id":857848724470485000,"id_str":"857848724470484992","indices":[64,87],"media_url":"http://pbs.twimg.com/media/C-ew3q0V0AAK6d1.jpg","media_url_https":"https://pbs.twimg.com/media/C-ew3q0V0AAK6d1.jpg","url":"https://t.co/38aGjawyAB","display_url":"pic.twitter.com/38aGjawyAB","expanded_url":"https://twitter.com/befovec/status/857848740098461697/photo/1","type":"photo","sizes":{"thumb":{"w":150,"h":150,"resize":"crop"},"medium":{"w":580,"h":774,"resize":"fit"},"large":{"w":580,"h":774,"resize":"fit"},"small":{"w":510,"h":680,"resize":"fit"}},"source_status_id":857848740098461700,"source_status_id_str":"857848740098461697","source_user_id":715111575732924400,"source_user_id_str":"715111575732924416"}]},"metadata":{"iso_language_code":"ja","result_type":"recent"},"source":"<a href=\"https://twitter.com/\" rel=\"nofollow\">trfgk atgfpm</a>","in_reply_to_status_id":null,"in_reply_to_status_id_str":null,"in_reply_to_user_id":null,"in_reply_to_user_id_str":null,"in_reply_to_screen_name":null,"user":{"id":868742772735434800,"id_str":"868742772735434753","name":"チエ→おふぱこ垢","screen_name":"chieeetm","location":"","description":"♡ディズニー大好き♡JD20( ･Θ･)ゞ　基本的に発情してるんでｗｗオフパコしましょーｗｗｗ←優しくて清潔感ある年上の方で！","url":null,"entities":{"description":{"urls":[]}},"protected":false,"followers_count":91,"friends_count":9,"listed_count":0,"created_at":"Sun May 28 08:16:32 +0000 2017","favourites_count":0,"utc_offset":-25200,"time_zone":"Pacific Time (US & Canada)","geo_enabled":false,"verified":false,"statuses_count":10,"lang":"ja","contributors_enabled":false,"is_translator":false,"is_translation_enabled":false,"profile_background_color":"000000","profile_background_image_url":"http://abs.twimg.com/images/themes/theme1/bg.png","profile_background_image_url_https":"https://abs.twimg.com/images/themes/theme1/bg.png","profile_background_tile":false,"profile_image_url":"http://pbs.twimg.com/profile_images/871649669494915073/W8cB4ycl_normal.jpg","profile_image_url_https":"https://pbs.twimg.com/profile_images/871649669494915073/W8cB4ycl_normal.jpg","profile_link_color":"F58EA8","profile_sidebar_border_color":"000000","profile_sidebar_fill_color":"000000","profile_text_color":"000000","profile_use_background_image":false,"has_extended_profile":false,"default_profile":false,"default_profile_image":false,"following":false,"follow_request_sent":false,"notifications":false,"translator_type":"none"},"geo":null,"coordinates":null,"place":null,"contributors":null,"is_quote_status":false,"retweet_count":57,"favorite_count":1,"favorited":false,"retweeted":false,"possibly_sensitive":false,"lang":"ja"},{"created_at":"Sun Jul 09 21:30:02 +0000 2017","id":884162753786593300,"id_str":"884162753786593280","text":"オフパコ興味ある人いる？？\nリアルで絡める人だけLINE送ってね(●・ω・●)\nhttps://t.co/YRvSP9fQqx","truncated":false,"entities":{"hashtags":[],"symbols":[],"user_mentions":[],"urls":[],"media":[{"id":881713116613976000,"id_str":"881713116613976064","indices":[40,63],"media_url":"http://pbs.twimg.com/media/DDx5aHWUIAAofSr.jpg","media_url_https":"https://pbs.twimg.com/media/DDx5aHWUIAAofSr.jpg","url":"https://t.co/YRvSP9fQqx","display_url":"pic.twitter.com/YRvSP9fQqx","expanded_url":"https://twitter.com/dubamub/status/881713148885057536/photo/1","type":"photo","sizes":{"thumb":{"w":150,"h":150,"resize":"crop"},"large":{"w":580,"h":435,"resize":"fit"},"small":{"w":580,"h":435,"resize":"fit"},"medium":{"w":580,"h":435,"resize":"fit"}},"source_status_id":881713148885057500,"source_status_id_str":"881713148885057536","source_user_id":715112866525806600,"source_user_id_str":"715112866525806592"}]},"extended_entities":{"media":[{"id":881713116613976000,"id_str":"881713116613976064","indices":[40,63],"media_url":"http://pbs.twimg.com/media/DDx5aHWUIAAofSr.jpg","media_url_https":"https://pbs.twimg.com/media/DDx5aHWUIAAofSr.jpg","url":"https://t.co/YRvSP9fQqx","display_url":"pic.twitter.com/YRvSP9fQqx","expanded_url":"https://twitter.com/dubamub/status/881713148885057536/photo/1","type":"photo","sizes":{"thumb":{"w":150,"h":150,"resize":"crop"},"large":{"w":580,"h":435,"resize":"fit"},"small":{"w":580,"h":435,"resize":"fit"},"medium":{"w":580,"h":435,"resize":"fit"}},"source_status_id":881713148885057500,"source_status_id_str":"881713148885057536","source_user_id":715112866525806600,"source_user_id_str":"715112866525806592"},{"id":881713128207024100,"id_str":"881713128207024129","indices":[40,63],"media_url":"http://pbs.twimg.com/media/DDx5ayiUAAEDwkP.jpg","media_url_https":"https://pbs.twimg.com/media/DDx5ayiUAAEDwkP.jpg","url":"https://t.co/YRvSP9fQqx","display_url":"pic.twitter.com/YRvSP9fQqx","expanded_url":"https://twitter.com/dubamub/status/881713148885057536/photo/1","type":"photo","sizes":{"small":{"w":360,"h":360,"resize":"fit"},"medium":{"w":360,"h":360,"resize":"fit"},"thumb":{"w":150,"h":150,"resize":"crop"},"large":{"w":360,"h":360,"resize":"fit"}},"source_status_id":881713148885057500,"source_status_id_str":"881713148885057536","source_user_id":715112866525806600,"source_user_id_str":"715112866525806592"},{"id":881713141754626000,"id_str":"881713141754626049","indices":[40,63],"media_url":"http://pbs.twimg.com/media/DDx5blAUAAEP4qO.jpg","media_url_https":"https://pbs.twimg.com/media/DDx5blAUAAEP4qO.jpg","url":"https://t.co/YRvSP9fQqx","display_url":"pic.twitter.com/YRvSP9fQqx","expanded_url":"https://twitter.com/dubamub/status/881713148885057536/photo/1","type":"photo","sizes":{"thumb":{"w":150,"h":150,"resize":"crop"},"large":{"w":580,"h":435,"resize":"fit"},"small":{"w":580,"h":435,"resize":"fit"},"medium":{"w":580,"h":435,"resize":"fit"}},"source_status_id":881713148885057500,"source_status_id_str":"881713148885057536","source_user_id":715112866525806600,"source_user_id_str":"715112866525806592"}]},"metadata":{"iso_language_code":"ja","result_type":"recent"},"source":"<a href=\"https://twitter.com/\" rel=\"nofollow\">x7s2iu 3falx8</a>","in_reply_to_status_id":null,"in_reply_to_status_id_str":null,"in_reply_to_user_id":null,"in_reply_to_user_id_str":null,"in_reply_to_screen_name":null,"user":{"id":873887848671330300,"id_str":"873887848671330305","name":"いろは@おふぱこ募集←","screen_name":"iro_hamm","location":"","description":"オフパコ募集垢←興味ある人いますか(●・ω・●)？彼氏とかいりません！相性良ければセフでも💕セクロスはスポーツ(*`・ω・)ですｗ","url":null,"entities":{"description":{"urls":[]}},"protected":false,"followers_count":28,"friends_count":9,"listed_count":0,"created_at":"Sun Jun 11 13:01:13 +0000 2017","favourites_count":0,"utc_offset":-25200,"time_zone":"Pacific Time (US & Canada)","geo_enabled":false,"verified":false,"statuses_count":11,"lang":"ja","contributors_enabled":false,"is_translator":false,"is_translation_enabled":false,"profile_background_color":"F5F8FA","profile_background_image_url":null,"profile_background_image_url_https":null,"profile_background_tile":false,"profile_image_url":"http://pbs.twimg.com/profile_images/879979557184339968/L5oHRbw7_normal.jpg","profile_image_url_https":"https://pbs.twimg.com/profile_images/879979557184339968/L5oHRbw7_normal.jpg","profile_banner_url":"https://pbs.twimg.com/profile_banners/873887848671330305/1498638465","profile_link_color":"1DA1F2","profile_sidebar_border_color":"C0DEED","profile_sidebar_fill_color":"DDEEF6","profile_text_color":"333333","profile_use_background_image":true,"has_extended_profile":false,"default_profile":true,"default_profile_image":false,"following":false,"follow_request_sent":false,"notifications":false,"translator_type":"none"},"geo":null,"coordinates":null,"place":null,"contributors":null,"is_quote_status":false,"retweet_count":51,"favorite_count":0,"favorited":false,"retweeted":false,"possibly_sensitive":false,"lang":"ja"},{"created_at":"Sun Jul 09 21:30:02 +0000 2017","id":884162753681776600,"id_str":"884162753681776640","text":"おふパコできる人いる？ｗ\n興味あったらLINE下さい(´・ω・｀)\n\nLINEQRで追加してー\n基本DM見てません(；´Д｀)\nhttps://t.co/dMaygvgFH7","truncated":false,"entities":{"hashtags":[],"symbols":[],"user_mentions":[],"urls":[],"media":[{"id":857848717784657900,"id_str":"857848717784657921","indices":[64,87],"media_url":"http://pbs.twimg.com/media/C-ew3R6UMAELBHC.jpg","media_url_https":"https://pbs.twimg.com/media/C-ew3R6UMAELBHC.jpg","url":"https://t.co/dMaygvgFH7","display_url":"pic.twitter.com/dMaygvgFH7","expanded_url":"https://twitter.com/befovec/status/857848740098461697/photo/1","type":"photo","sizes":{"small":{"w":360,"h":360,"resize":"fit"},"thumb":{"w":150,"h":150,"resize":"crop"},"medium":{"w":360,"h":360,"resize":"fit"},"large":{"w":360,"h":360,"resize":"fit"}},"source_status_id":857848740098461700,"source_status_id_str":"857848740098461697","source_user_id":715111575732924400,"source_user_id_str":"715111575732924416"}]},"extended_entities":{"media":[{"id":857848717784657900,"id_str":"857848717784657921","indices":[64,87],"media_url":"http://pbs.twimg.com/media/C-ew3R6UMAELBHC.jpg","media_url_https":"https://pbs.twimg.com/media/C-ew3R6UMAELBHC.jpg","url":"https://t.co/dMaygvgFH7","display_url":"pic.twitter.com/dMaygvgFH7","expanded_url":"https://twitter.com/befovec/status/857848740098461697/photo/1","type":"photo","sizes":{"small":{"w":360,"h":360,"resize":"fit"},"thumb":{"w":150,"h":150,"resize":"crop"},"medium":{"w":360,"h":360,"resize":"fit"},"large":{"w":360,"h":360,"resize":"fit"}},"source_status_id":857848740098461700,"source_status_id_str":"857848740098461697","source_user_id":715111575732924400,"source_user_id_str":"715111575732924416"},{"id":857848724470485000,"id_str":"857848724470484992","indices":[64,87],"media_url":"http://pbs.twimg.com/media/C-ew3q0V0AAK6d1.jpg","media_url_https":"https://pbs.twimg.com/media/C-ew3q0V0AAK6d1.jpg","url":"https://t.co/dMaygvgFH7","display_url":"pic.twitter.com/dMaygvgFH7","expanded_url":"https://twitter.com/befovec/status/857848740098461697/photo/1","type":"photo","sizes":{"thumb":{"w":150,"h":150,"resize":"crop"},"medium":{"w":580,"h":774,"resize":"fit"},"large":{"w":580,"h":774,"resize":"fit"},"small":{"w":510,"h":680,"resize":"fit"}},"source_status_id":857848740098461700,"source_status_id_str":"857848740098461697","source_user_id":715111575732924400,"source_user_id_str":"715111575732924416"}]},"metadata":{"iso_language_code":"ja","result_type":"recent"},"source":"<a href=\"https://twitter.com/\" rel=\"nofollow\">etwfs fyuiag</a>","in_reply_to_status_id":null,"in_reply_to_status_id_str":null,"in_reply_to_user_id":null,"in_reply_to_user_id_str":null,"in_reply_to_screen_name":null,"user":{"id":856994118991396900,"id_str":"856994118991396865","name":"ちえ→オフパコ垢","screen_name":"chie_pac_o","location":"","description":"JD20(´・ω・｀)軽いセクロス依存症←おふぱことか興味ありすぎてｗ年上で優しい人いたら誘って(´・ω・｀)","url":null,"entities":{"description":{"urls":[]}},"protected":false,"followers_count":216,"friends_count":7,"listed_count":0,"created_at":"Tue Apr 25 22:11:34 +0000 2017","favourites_count":0,"utc_offset":-25200,"time_zone":"Pacific Time (US & Canada)","geo_enabled":false,"verified":false,"statuses_count":16,"lang":"ja","contributors_enabled":false,"is_translator":false,"is_translation_enabled":false,"profile_background_color":"F5F8FA","profile_background_image_url":null,"profile_background_image_url_https":null,"profile_background_tile":false,"profile_image_url":"http://pbs.twimg.com/profile_images/857114514227163137/hz5eIAhv_normal.jpg","profile_image_url_https":"https://pbs.twimg.com/profile_images/857114514227163137/hz5eIAhv_normal.jpg","profile_link_color":"1DA1F2","profile_sidebar_border_color":"C0DEED","profile_sidebar_fill_color":"DDEEF6","profile_text_color":"333333","profile_use_background_image":true,"has_extended_profile":false,"default_profile":true,"default_profile_image":false,"following":false,"follow_request_sent":false,"notifications":false,"translator_type":"none"},"geo":null,"coordinates":null,"place":null,"contributors":null,"is_quote_status":false,"retweet_count":55,"favorite_count":0,"favorited":false,"retweeted":false,"possibly_sensitive":false,"lang":"ja"}],"search_metadata":{"completed_in":0.064,"max_id":884163637924864000,"max_id_str":"884163637924864001","next_results":"?max_id=884162753681776639&q=lang%3Aja%20min_retweets%3A50&include_entities=1","query":"lang%3Aja+min_retweets%3A50","refresh_url":"?since_id=884163637924864001&q=lang%3Aja%20min_retweets%3A50&include_entities=1","count":15,"since_id":0,"since_id_str":"0"}}