{"statuses":[{"created_at":"Tue Jul 04 15:37:50 +0000 2017","id":882262180204171300,"id_str":"882262180204171265","text":"そして、浪漫活劇譚『艶漢』第二夜に吉原詩郎として出演させて頂きます！また、詩郎と共に歩ける事が本当に幸せです。宜しくお願い致します！！写真、懐かしい。。笑 https://t.co/PNwpgFi0e8","truncated":false,"entities":{"hashtags":[],"symbols":[],"user_mentions":[],"urls":[],"media":[{"id":882262167579312100,"id_str":"882262167579312129","indices":[78,101],"media_url":"http://pbs.twimg.com/media/DD5sxFlUwAEhN1e.jpg","media_url_https":"https://pbs.twimg.com/media/DD5sxFlUwAEhN1e.jpg","url":"https://t.co/PNwpgFi0e8","display_url":"pic.twitter.com/PNwpgFi0e8","expanded_url":"https://twitter.com/SakuraiKeitoO/status/882262180204171265/photo/1","type":"photo","sizes":{"medium":{"w":900,"h":1200,"resize":"fit"},"thumb":{"w":150,"h":150,"resize":"crop"},"large":{"w":1080,"h":1440,"resize":"fit"},"small":{"w":510,"h":680,"resize":"fit"}}}]},"extended_entities":{"media":[{"id":882262167579312100,"id_str":"882262167579312129","indices":[78,101],"media_url":"http://pbs.twimg.com/media/DD5sxFlUwAEhN1e.jpg","media_url_https":"https://pbs.twimg.com/media/DD5sxFlUwAEhN1e.jpg","url":"https://t.co/PNwpgFi0e8","display_url":"pic.twitter.com/PNwpgFi0e8","expanded_url":"https://twitter.com/SakuraiKeitoO/status/882262180204171265/photo/1","type":"photo","sizes":{"medium":{"w":900,"h":1200,"resize":"fit"},"thumb":{"w":150,"h":150,"resize":"crop"},"large":{"w":1080,"h":1440,"resize":"fit"},"small":{"w":510,"h":680,"resize":"fit"}}}]},"metadata":{"iso_language_code":"ja","result_type":"recent"},"source":"<a href=\"http://twitter.com/download/android\" rel=\"nofollow\">Twitter for Android</a>","in_reply_to_status_id":null,"in_reply_to_status_id_str":null,"in_reply_to_user_id":null,"in_reply_to_user_id_str":null,"in_reply_to_screen_name":null,"user":{"id":1487084126,"id_str":"1487084126","name":"櫻井圭登","screen_name":"SakuraiKeitoO","location":"株式会社bamboo","description":"役者やってます！よろしくお願いします！","url":"https://t.co/mIJKwroKfA","entities":{"url":{"urls":[{"url":"https://t.co/mIJKwroKfA","expanded_url":"http://s.ameblo.jp/keito-sakurai","display_url":"s.ameblo.jp/keito-sakurai","indices":[0,23]}]},"description":{"urls":[]}},"protected":false,"followers_count":18318,"friends_count":233,"listed_count":1206,"created_at":"Thu Jun 06 07:08:21 +0000 2013","favourites_count":522,"utc_offset":null,"time_zone":null,"geo_enabled":false,"verified":false,"statuses_count":1563,"lang":"ja","contributors_enabled":false,"is_translator":false,"is_translation_enabled":false,"profile_background_color":"C0DEED","profile_background_image_url":"http://abs.twimg.com/images/themes/theme1/bg.png","profile_background_image_url_https":"https://abs.twimg.com/images/themes/theme1/bg.png","profile_background_tile":false,"profile_image_url":"http://pbs.twimg.com/profile_images/859413062490537984/YpAezjgd_normal.jpg","profile_image_url_https":"https://pbs.twimg.com/profile_images/859413062490537984/YpAezjgd_normal.jpg","profile_banner_url":"https://pbs.twimg.com/profile_banners/1487084126/1401286701","profile_link_color":"1DA1F2","profile_sidebar_border_color":"C0DEED","profile_sidebar_fill_color":"DDEEF6","profile_text_color":"333333","profile_use_background_image":true,"has_extended_profile":true,"default_profile":true,"default_profile_image":false,"following":false,"follow_request_sent":false,"notifications":false,"translator_type":"none"},"geo":null,"coordinates":null,"place":null,"contributors":null,"is_quote_status":false,"retweet_count":64,"favorite_count":112,"favorited":false,"retweeted":false,"possibly_sensitive":false,"lang":"ja"},{"created_at":"Tue Jul 04 15:37:47 +0000 2017","id":882262167788990500,"id_str":"882262167788990464","text":"収録にもってきたナスたちと   \n公録まであと少しですね(^o^)　7月いっぱい、ナスが実っていますように！！\n#ルミナス #ナス https://t.co/GOkTdVMysa","truncated":false,"entities":{"hashtags":[{"text":"ルミナス","indices":[56,61]},{"text":"ナス","indices":[62,65]}],"symbols":[],"user_mentions":[],"urls":[],"media":[{"id":882262045919395800,"id_str":"882262045919395842","indices":[66,89],"media_url":"http://pbs.twimg.com/media/DD5sqAXVwAIR6St.jpg","media_url_https":"https://pbs.twimg.com/media/DD5sqAXVwAIR6St.jpg","url":"https://t.co/GOkTdVMysa","display_url":"pic.twitter.com/GOkTdVMysa","expanded_url":"https://twitter.com/luminous_radio/status/882262167788990464/photo/1","type":"photo","sizes":{"medium":{"w":1200,"h":900,"resize":"fit"},"thumb":{"w":150,"h":150,"resize":"crop"},"small":{"w":680,"h":510,"resize":"fit"},"large":{"w":1478,"h":1108,"resize":"fit"}}}]},"extended_entities":{"media":[{"id":882262045919395800,"id_str":"882262045919395842","indices":[66,89],"media_url":"http://pbs.twimg.com/media/DD5sqAXVwAIR6St.jpg","media_url_https":"https://pbs.twimg.com/media/DD5sqAXVwAIR6St.jpg","url":"https://t.co/GOkTdVMysa","display_url":"pic.twitter.com/GOkTdVMysa","expanded_url":"https://twitter.com/luminous_radio/status/882262167788990464/photo/1","type":"photo","sizes":{"medium":{"w":1200,"h":900,"resize":"fit"},"thumb":{"w":150,"h":150,"resize":"crop"},"small":{"w":680,"h":510,"resize":"fit"},"large":{"w":1478,"h":1108,"resize":"fit"}}}]},"metadata":{"iso_language_code":"ja","result_type":"recent"},"source":"<a href=\"http://twitter.com\" rel=\"nofollow\">Twitter Web Client</a>","in_reply_to_status_id":null,"in_reply_to_status_id_str":null,"in_reply_to_user_id":null,"in_reply_to_user_id_str":null,"in_reply_to_screen_name":null,"user":{"id":802357231098335200,"id_str":"802357231098335232","name":"ルミナス","screen_name":"luminous_radio","location":"","description":"「る〜りぃ♡み〜な ukiuki ルミナス」青木瑠璃子・高橋未奈美がパーソナリティを務めるラジオ番組です！毎週火曜日24：00～24：30 放送中！ ✉️➡︎luminous@musicbird.co.jp 聴取方法はこちら➡︎https://t.co/n6RoXN5JW2","url":"https://t.co/n6RoXN5JW2","entities":{"url":{"urls":[{"url":"https://t.co/n6RoXN5JW2","expanded_url":"http://www.luminous-radio.com","display_url":"luminous-radio.com","indices":[0,23]}]},"description":{"urls":[{"url":"https://t.co/n6RoXN5JW2","expanded_url":"http://www.luminous-radio.com","display_url":"luminous-radio.com","indices":[114,137]}]}},"protected":false,"followers_count":2852,"friends_count":3,"listed_count":72,"created_at":"Sat Nov 26 03:44:05 +0000 2016","favourites_count":27,"utc_offset":null,"time_zone":null,"geo_enabled":true,"verified":false,"statuses_count":165,"lang":"ja","contributors_enabled":false,"is_translator":false,"is_translation_enabled":false,"profile_background_color":"000000","profile_background_image_url":"http://abs.twimg.com/images/themes/theme1/bg.png","profile_background_image_url_https":"https://abs.twimg.com/images/themes/theme1/bg.png","profile_background_tile":false,"profile_image_url":"http://pbs.twimg.com/profile_images/851069605959172096/b75V_s11_normal.jpg","profile_image_url_https":"https://pbs.twimg.com/profile_images/851069605959172096/b75V_s11_normal.jpg","profile_banner_url":"https://pbs.twimg.com/profile_banners/802357231098335232/1491745794","profile_link_color":"F58EA8","profile_sidebar_border_color":"000000","profile_sidebar_fill_color":"000000","profile_text_color":"000000","profile_use_background_image":false,"has_extended_profile":false,"default_profile":false,"default_profile_image":false,"following":false,"follow_request_sent":false,"notifications":false,"translator_type":"none"},"geo":null,"coordinates":null,"place":null,"contributors":null,"is_quote_status":false,"retweet_count":57,"favorite_count":84,"favorited":false,"retweeted":false,"possibly_sensitive":false,"lang":"ja"},{"created_at":"Tue Jul 04 15:37:38 +0000 2017","id":882262132464603100,"id_str":"882262132464603136","text":"アニソンが好きな理由\n\n元気勇気愛情が時を超え世界を渡り心に幸せが沁みること\n\nあの頃に帰れる心の旅ができること\n\nもういなくなってしまった方にも心で会えるしその気持ちが色褪せずに残ること\n\n生まれる前の時代の曲もわくわくイマジネーションひろがるところ\n\n笑顔になれるところ","truncated":false,"entities":{"hashtags":[],"symbols":[],"user_mentions":[],"urls":[]},"metadata":{"iso_language_code":"ja","result_type":"recent"},"source":"<a href=\"http://twitter.com/download/iphone\" rel=\"nofollow\">Twitter for iPhone</a>","in_reply_to_status_id":null,"in_reply_to_status_id_str":null,"in_reply_to_user_id":null,"in_reply_to_user_id_str":null,"in_reply_to_screen_name":null,"user":{"id":1570086542,"id_str":"1570086542","name":"中川翔子🍉🍉🍉🍉🍉","screen_name":"shoko55mmts","location":"なかの","description":"猫とゲームとアニソンがすき❤️ポケモン映画11年連続‼️⭐︎中野ブロードウェイ三階ビームスと共同プロデュース mmts⭐️塔の上のラプンツェル⭐️ドラゴンクエスト アリーナ姫⭐️ポケんち！ニンフィア ジョーイさん⭐️セーラームーンcrystalダイアナ⭐️舞台 上を下へのジレッタ⭐︎空色デイズ ドリドリ⭐︎","url":"https://t.co/h1siPLdTfS","entities":{"url":{"urls":[{"url":"https://t.co/h1siPLdTfS","expanded_url":"http://s.ameblo.jp/nakagawa-shoko/","display_url":"s.ameblo.jp/nakagawa-shoko/","indices":[0,23]}]},"description":{"urls":[]}},"protected":false,"followers_count":533478,"friends_count":894,"listed_count":5869,"created_at":"Fri Jul 05 09:00:10 +0000 2013","favourites_count":1925,"utc_offset":null,"time_zone":null,"geo_enabled":false,"verified":true,"statuses_count":27670,"lang":"ja","contributors_enabled":false,"is_translator":false,"is_translation_enabled":false,"profile_background_color":"C0DEED","profile_background_image_url":"http://abs.twimg.com/images/themes/theme1/bg.png","profile_background_image_url_https":"https://abs.twimg.com/images/themes/theme1/bg.png","profile_background_tile":false,"profile_image_url":"http://pbs.twimg.com/profile_images/466049542261985281/i66ZpTGK_normal.jpeg","profile_image_url_https":"https://pbs.twimg.com/profile_images/466049542261985281/i66ZpTGK_normal.jpeg","profile_banner_url":"https://pbs.twimg.com/profile_banners/1570086542/1468721875","profile_link_color":"1DA1F2","profile_sidebar_border_color":"C0DEED","profile_sidebar_fill_color":"DDEEF6","profile_text_color":"333333","profile_use_background_image":true,"has_extended_profile":true,"default_profile":true,"default_profile_image":false,"following":false,"follow_request_sent":false,"notifications":false,"translator_type":"none"},"geo":null,"coordinates":null,"place":null,"contributors":null,"is_quote_status":false,"retweet_count":121,"favorite_count":276,"favorited":false,"retweeted":false,"lang":"ja"},{"created_at":"Tue Jul 04 15:36:50 +0000 2017","id":882261929443471400,"id_str":"882261929443471361","text":"【7月5日】\n2016年の今日、スクフェスの大型アップデートが実施され、新レアリティSSRや新難易度MASTERが登場しました。\n\n#lovelive #μsicforever https://t.co/gQ5LXGGXNV","truncated":false,"entities":{"hashtags":[{"text":"lovelive","indices":[66,75]},{"text":"μsicforever","indices":[76,88]}],"symbols":[],"user_mentions":[],"urls":[],"media":[{"id":882261922153766900,"id_str":"882261922153766912","indices":[89,112],"media_url":"http://pbs.twimg.com/media/DD5sizTUIAAf2rm.jpg","media_url_https":"https://pbs.twimg.com/media/DD5sizTUIAAf2rm.jpg","url":"https://t.co/gQ5LXGGXNV","display_url":"pic.twitter.com/gQ5LXGGXNV","expanded_url":"https://twitter.com/365dayslovelive/status/882261929443471361/photo/1","type":"photo","sizes":{"thumb":{"w":150,"h":150,"resize":"crop"},"small":{"w":680,"h":340,"resize":"fit"},"large":{"w":840,"h":420,"resize":"fit"},"medium":{"w":840,"h":420,"resize":"fit"}}}]},"extended_entities":{"media":[{"id":882261922153766900,"id_str":"882261922153766912","indices":[89,112],"media_url":"http://pbs.twimg.com/media/DD5sizTUIAAf2rm.jpg","media_url_https":"https://pbs.twimg.com/media/DD5sizTUIAAf2rm.jpg","url":"https://t.co/gQ5LXGGXNV","display_url":"pic.twitter.com/gQ5LXGGXNV","expanded_url":"https://twitter.com/365dayslovelive/status/882261929443471361/photo/1","type":"photo","sizes":{"thumb":{"w":150,"h":150,"resize":"crop"},"small":{"w":680,"h":340,"resize":"fit"},"large":{"w":840,"h":420,"resize":"fit"},"medium":{"w":840,"h":420,"resize":"fit"}}}]},"metadata":{"iso_language_code":"ja","result_type":"recent"},"source":"<a href=\"http://twitter.com/download/iphone\" rel=\"nofollow\">Twitter for iPhone</a>","in_reply_to_status_id":null,"in_reply_to_status_id_str":null,"in_reply_to_user_id":null,"in_reply_to_user_id_str":null,"in_reply_to_screen_name":null,"user":{"id":788308728860647400,"id_str":"788308728860647425","name":"ラブライブ！今日は何の日？","screen_name":"365dayslovelive","location":"音ノ木坂と浦の星","description":"プロジェクトラブライブ！の歴史を後世に語り継ぐため、その日にあったラブライブ！関連の出来事をできるだけ毎日発信します。 2016/10/21より始動。 #lovelive #lovelive_sunshine #μsicforever","url":null,"entities":{"description":{"urls":[]}},"protected":false,"followers_count":14853,"friends_count":1,"listed_count":126,"created_at":"Tue Oct 18 09:20:21 +0000 2016","favourites_count":149,"utc_offset":null,"time_zone":null,"geo_enabled":false,"verified":false,"statuses_count":351,"lang":"ja","contributors_enabled":false,"is_translator":false,"is_translation_enabled":false,"profile_background_color":"000000","profile_background_image_url":"http://abs.twimg.com/images/themes/theme1/bg.png","profile_background_image_url_https":"https://abs.twimg.com/images/themes/theme1/bg.png","profile_background_tile":false,"profile_image_url":"http://pbs.twimg.com/profile_images/874843451963191296/f6Fow3x5_normal.jpg","profile_image_url_https":"https://pbs.twimg.com/profile_images/874843451963191296/f6Fow3x5_normal.jpg","profile_banner_url":"https://pbs.twimg.com/profile_banners/788308728860647425/1491059753","profile_link_color":"91D2FA","profile_sidebar_border_color":"000000","profile_sidebar_fill_color":"000000","profile_text_color":"000000","profile_use_background_image":false,"has_extended_profile":false,"default_profile":false,"default_profile_image":false,"following":false,"follow_request_sent":false,"notifications":false,"translator_type":"none"},"geo":null,"coordinates":null,"place":null,"contributors":null,"is_quote_status":false,"retweet_count":77,"favorite_count":105,"favorited":false,"retweeted":false,"possibly_sensitive":false,"lang":"ja"},{"created_at":"Tue Jul 04 15:36:46 +0000 2017","id":882261914960576500,"id_str":"882261914960576513","text":"すこし https://t.co/PCK04BCKPU","truncated":false,"entities":{"hashtags":[],"symbols":[],"user_mentions":[],"urls":[{"url":"https://t.co/PCK04BCKPU","expanded_url":"http://cas.st/16f06d51","display_url":"cas.st/16f06d51","indices":[4,27]}]},"metadata":{"iso_language_code":"ja","result_type":"recent"},"source":"<a href=\"http://twitcasting.tv/\" rel=\"nofollow\">TwitCasting</a>","in_reply_to_status_id":null,"in_reply_to_status_id_str":null,"in_reply_to_user_id":null,"in_reply_to_user_id_str":null,"in_reply_to_screen_name":null,"user":{"id":106996737,"id_str":"106996737","name":"センラ@浦島坂田船","screen_name":"sen_sen_sen_sen","location":"KYOTO→NAGOYA","description":"テラ4年目社会人、好きな言葉「連休」 / センラー・ラ / スタミュ2期OPテーマ Fourpe :CV / 色々ぶちまけているSub→( @senra_kise ) 浦島坂田船→( @USSS_info ) ( senra_rarara@yahoo.co.jp ) アイコン→月森フユカ","url":"https://t.co/74SiCXJMOv","entities":{"url":{"urls":[{"url":"https://t.co/74SiCXJMOv","expanded_url":"http://sp.nicovideo.jp/mylist/5979643","display_url":"sp.nicovideo.jp/mylist/5979643","indices":[0,23]}]},"description":{"urls":[]}},"protected":false,"followers_count":199173,"friends_count":355,"listed_count":3822,"created_at":"Thu Jan 21 08:40:30 +0000 2010","favourites_count":1512,"utc_offset":32400,"time_zone":"Tokyo","geo_enabled":false,"verified":true,"statuses_count":90686,"lang":"ja","contributors_enabled":false,"is_translator":false,"is_translation_enabled":false,"profile_background_color":"C0DEED","profile_background_image_url":"http://abs.twimg.com/images/themes/theme1/bg.png","profile_background_image_url_https":"https://abs.twimg.com/images/themes/theme1/bg.png","profile_background_tile":false,"profile_image_url":"http://pbs.twimg.com/profile_images/853961966695571456/6DW3Adss_normal.jpg","profile_image_url_https":"https://pbs.twimg.com/profile_images/853961966695571456/6DW3Adss_normal.jpg","profile_banner_url":"https://pbs.twimg.com/profile_banners/106996737/1420779534","profile_link_color":"1DA1F2","profile_sidebar_border_color":"C0DEED","profile_sidebar_fill_color":"DDEEF6","profile_text_color":"333333","profile_use_background_image":true,"has_extended_profile":true,"default_profile":true,"default_profile_image":false,"following":false,"follow_request_sent":false,"notifications":false,"translator_type":"none"},"geo":null,"coordinates":null,"place":null,"contributors":null,"is_quote_status":false,"retweet_count":72,"favorite_count":563,"favorited":false,"retweeted":false,"possibly_sensitive":false,"lang":"ja"},{"created_at":"Tue Jul 04 15:36:28 +0000 2017","id":882261836187304000,"id_str":"882261836187303936","text":"本日７月５日は、私の誕生日です！何と４９才になってしまいました。・・・パンチラとか描いてる場合じゃねーよ（笑）。これからも健康に気をつけて頑張ります。","truncated":false,"entities":{"hashtags":[],"symbols":[],"user_mentions":[],"urls":[]},"metadata":{"iso_language_code":"ja","result_type":"recent"},"source":"<a href=\"http://twitter.com\" rel=\"nofollow\">Twitter Web Client</a>","in_reply_to_status_id":null,"in_reply_to_status_id_str":null,"in_reply_to_user_id":null,"in_reply_to_user_id_str":null,"in_reply_to_screen_name":null,"user":{"id":170226514,"id_str":"170226514","name":"赤松健@UQホルダーアニメ化決定!","screen_name":"KenAkamatsu","location":"","description":"別冊マガジンにて『UQ HOLDER !』連載中。1968年生まれの漫画家。海城高校・中央大学卒。 代表作に『魔法先生ネギま！』『ラブひな（第25回講談社漫画賞）』など。「マンガ図書館Ｚ」取締役会長。日本漫画家協会理事。","url":"http://t.co/WrZ70K61Pj","entities":{"url":{"urls":[{"url":"http://t.co/WrZ70K61Pj","expanded_url":"http://twilog.org/KenAkamatsu","display_url":"twilog.org/KenAkamatsu","indices":[0,22]}]},"description":{"urls":[]}},"protected":false,"followers_count":139630,"friends_count":882,"listed_count":5353,"created_at":"Sat Jul 24 07:23:22 +0000 2010","favourites_count":123,"utc_offset":32400,"time_zone":"Tokyo","geo_enabled":false,"verified":true,"statuses_count":27013,"lang":"ja","contributors_enabled":false,"is_translator":false,"is_translation_enabled":false,"profile_background_color":"C8E3FF","profile_background_image_url":"http://pbs.twimg.com/profile_background_images/672976509/16b98931458ae018d94c41045f63fe90.jpeg","profile_background_image_url_https":"https://pbs.twimg.com/profile_background_images/672976509/16b98931458ae018d94c41045f63fe90.jpeg","profile_background_tile":false,"profile_image_url":"http://pbs.twimg.com/profile_images/1126132352/20__2_normal.jpg","profile_image_url_https":"https://pbs.twimg.com/profile_images/1126132352/20__2_normal.jpg","profile_banner_url":"https://pbs.twimg.com/profile_banners/170226514/1349837137","profile_link_color":"93A644","profile_sidebar_border_color":"FFFFFF","profile_sidebar_fill_color":"FFFFFF","profile_text_color":"333333","profile_use_background_image":true,"has_extended_profile":true,"default_profile":false,"default_profile_image":false,"following":false,"follow_request_sent":false,"notifications":false,"translator_type":"none"},"geo":null,"coordinates":null,"place":null,"contributors":null,"is_quote_status":false,"retweet_count":48,"favorite_count":87,"favorited":false,"retweeted":false,"lang":"ja"},{"created_at":"Tue Jul 04 15:34:47 +0000 2017","id":882261415028863000,"id_str":"882261415028862977","text":"@trampshunya いいえ\n別に","truncated":false,"entities":{"hashtags":[],"symbols":[],"user_mentions":[{"screen_name":"trampshunya","name":"大平峻也","id":2510433450,"id_str":"2510433450","indices":[0,12]}],"urls":[]},"metadata":{"iso_language_code":"ja","result_type":"recent"},"source":"<a href=\"http://twitter.com/download/iphone\" rel=\"nofollow\">Twitter for iPhone</a>","in_reply_to_status_id":882259920569065500,"in_reply_to_status_id_str":"882259920569065472","in_reply_to_user_id":2510433450,"in_reply_to_user_id_str":"2510433450","in_reply_to_screen_name":"trampshunya","user":{"id":2832749599,"id_str":"2832749599","name":"北園涼","screen_name":"ryyyyo_k","location":"","description":"1992.2.9 / 鹿児島出身 / RYO KITAZONO official site https://t.co/GpkoOoCVdX /「ゾノカツ！ 」https://t.co/aBxoc8s6pC","url":"https://t.co/pDjGBAGRCK","entities":{"url":{"urls":[{"url":"https://t.co/pDjGBAGRCK","expanded_url":"http://s.ameblo.jp/ryow0209/","display_url":"s.ameblo.jp/ryow0209/","indices":[0,23]}]},"description":{"urls":[{"url":"https://t.co/GpkoOoCVdX","expanded_url":"https://ryo-kitazono.com/","display_url":"ryo-kitazono.com","indices":[46,69]},{"url":"https://t.co/aBxoc8s6pC","expanded_url":"https://www.showroom-live.com/ryo-kitazono","display_url":"showroom-live.com/ryo-kitazono","indices":[79,102]}]}},"protected":false,"followers_count":47326,"friends_count":161,"listed_count":2363,"created_at":"Fri Sep 26 08:29:43 +0000 2014","favourites_count":0,"utc_offset":null,"time_zone":null,"geo_enabled":false,"verified":false,"statuses_count":1516,"lang":"ja","contributors_enabled":false,"is_translator":false,"is_translation_enabled":false,"profile_background_color":"C0DEED","profile_background_image_url":"http://abs.twimg.com/images/themes/theme1/bg.png","profile_background_image_url_https":"https://abs.twimg.com/images/themes/theme1/bg.png","profile_background_tile":false,"profile_image_url":"http://pbs.twimg.com/profile_images/834440473347444736/tAYXci20_normal.jpg","profile_image_url_https":"https://pbs.twimg.com/profile_images/834440473347444736/tAYXci20_normal.jpg","profile_link_color":"1DA1F2","profile_sidebar_border_color":"C0DEED","profile_sidebar_fill_color":"DDEEF6","profile_text_color":"333333","profile_use_background_image":true,"has_extended_profile":false,"default_profile":true,"default_profile_image":false,"following":false,"follow_request_sent":false,"notifications":false,"translator_type":"none"},"geo":null,"coordinates":null,"place":null,"contributors":null,"is_quote_status":false,"retweet_count":212,"favorite_count":493,"favorited":false,"retweeted":false,"lang":"ja"},{"created_at":"Tue Jul 04 15:34:06 +0000 2017","id":882261242500440000,"id_str":"882261242500440064","text":"「いつもおつかれさまです」 https://t.co/5V6U4oGp6x","truncated":false,"entities":{"hashtags":[],"symbols":[],"user_mentions":[],"urls":[],"media":[{"id":882261203006795800,"id_str":"882261203006795776","indices":[14,37],"media_url":"http://pbs.twimg.com/media/DD5r48RUMAAHzG9.jpg","media_url_https":"https://pbs.twimg.com/media/DD5r48RUMAAHzG9.jpg","url":"https://t.co/5V6U4oGp6x","display_url":"pic.twitter.com/5V6U4oGp6x","expanded_url":"https://twitter.com/mizumizutorisan/status/882261242500440064/photo/1","type":"photo","sizes":{"large":{"w":972,"h":1800,"resize":"fit"},"thumb":{"w":150,"h":150,"resize":"crop"},"small":{"w":367,"h":680,"resize":"fit"},"medium":{"w":648,"h":1200,"resize":"fit"}}}]},"extended_entities":{"media":[{"id":882261203006795800,"id_str":"882261203006795776","indices":[14,37],"media_url":"http://pbs.twimg.com/media/DD5r48RUMAAHzG9.jpg","media_url_https":"https://pbs.twimg.com/media/DD5r48RUMAAHzG9.jpg","url":"https://t.co/5V6U4oGp6x","display_url":"pic.twitter.com/5V6U4oGp6x","expanded_url":"https://twitter.com/mizumizutorisan/status/882261242500440064/photo/1","type":"photo","sizes":{"large":{"w":972,"h":1800,"resize":"fit"},"thumb":{"w":150,"h":150,"resize":"crop"},"small":{"w":367,"h":680,"resize":"fit"},"medium":{"w":648,"h":1200,"resize":"fit"}}}]},"metadata":{"iso_language_code":"ja","result_type":"recent"},"source":"<a href=\"http://twitter.com\" rel=\"nofollow\">Twitter Web Client</a>","in_reply_to_status_id":null,"in_reply_to_status_id_str":null,"in_reply_to_user_id":null,"in_reply_to_user_id_str":null,"in_reply_to_screen_name":null,"user":{"id":3261605244,"id_str":"3261605244","name":"水溜鳥","screen_name":"mizumizutorisan","location":"北海道","description":"イラストレーター、「みずためとり」と読みます。服描いたりキャラクター考えたりなどしてます。お仕事の依頼はサイトにあるメールアドレスからお願いします。 転載はびっくりするのでしないでください。 Pixiv→https://t.co/G8iiGJbfOC","url":"https://t.co/tI8gTGpmFo","entities":{"url":{"urls":[{"url":"https://t.co/tI8gTGpmFo","expanded_url":"http://mizutame-tori.jimdo.com/","display_url":"mizutame-tori.jimdo.com","indices":[0,23]}]},"description":{"urls":[{"url":"https://t.co/G8iiGJbfOC","expanded_url":"http://www.pixiv.net/member.php?id=595405","display_url":"pixiv.net/member.php?id=…","indices":[102,125]}]}},"protected":false,"followers_count":23821,"friends_count":69,"listed_count":460,"created_at":"Tue Jun 30 16:14:20 +0000 2015","favourites_count":947,"utc_offset":-25200,"time_zone":"Pacific Time (US & Canada)","geo_enabled":false,"verified":false,"statuses_count":3289,"lang":"ja","contributors_enabled":false,"is_translator":false,"is_translation_enabled":false,"profile_background_color":"FFEFD5","profile_background_image_url":"http://pbs.twimg.com/profile_background_images/615920084763029504/N5JVnuwj.png","profile_background_image_url_https":"https://pbs.twimg.com/profile_background_images/615920084763029504/N5JVnuwj.png","profile_background_tile":true,"profile_image_url":"http://pbs.twimg.com/profile_images/877551334609657856/tV5f7NV2_normal.jpg","profile_image_url_https":"https://pbs.twimg.com/profile_images/877551334609657856/tV5f7NV2_normal.jpg","profile_banner_url":"https://pbs.twimg.com/profile_banners/3261605244/1498663955","profile_link_color":"CBB994","profile_sidebar_border_color":"000000","profile_sidebar_fill_color":"000000","profile_text_color":"000000","profile_use_background_image":true,"has_extended_profile":false,"default_profile":false,"default_profile_image":false,"following":false,"follow_request_sent":false,"notifications":false,"translator_type":"none"},"geo":null,"coordinates":null,"place":null,"contributors":null,"is_quote_status":false,"retweet_count":108,"favorite_count":257,"favorited":false,"retweeted":false,"possibly_sensitive":false,"lang":"ja"},{"created_at":"Tue Jul 04 15:33:51 +0000 2017","id":882261179955073000,"id_str":"882261179955073025","text":"カヴェンデッシュは指の切断に近い怪我のようで手に巻いた包帯の上にも血が滲んでいたようです。無事を祈ります #jspocycle #tdf2017","truncated":false,"entities":{"hashtags":[{"text":"jspocycle","indices":[53,63]},{"text":"tdf2017","indices":[64,72]}],"symbols":[],"user_mentions":[],"urls":[]},"metadata":{"iso_language_code":"ja","result_type":"recent"},"source":"<a href=\"http://twitter.com/download/iphone\" rel=\"nofollow\">Twitter for iPhone</a>","in_reply_to_status_id":null,"in_reply_to_status_id_str":null,"in_reply_to_user_id":null,"in_reply_to_user_id_str":null,"in_reply_to_screen_name":null,"user":{"id":6184502,"id_str":"6184502","name":"サッシャ Sascha","screen_name":"sascha348","location":"Tokyo","description":"日独 GER/JPN J-WAVE Step One/金曜ロードSHOW!/スポーツ実況 Official Blog : https://t.co/3HkPmOBbn5 https://t.co/dtJd1p43gk https://t.co/M4mvbIeFEa","url":"https://t.co/iiLnWO8q93","entities":{"url":{"urls":[{"url":"https://t.co/iiLnWO8q93","expanded_url":"http://www.sascha348.com/","display_url":"sascha348.com","indices":[0,23]}]},"description":{"urls":[{"url":"https://t.co/3HkPmOBbn5","expanded_url":"http://lineblog.me/sascha/","display_url":"lineblog.me/sascha/","indices":[61,84]},{"url":"https://t.co/dtJd1p43gk","expanded_url":"https://line.me/R/ti/p/%40sascha","display_url":"line.me/R/ti/p/%40sasc…","indices":[85,108]},{"url":"https://t.co/M4mvbIeFEa","expanded_url":"http://instagram.com/sascha348","display_url":"instagram.com/sascha348","indices":[109,132]}]}},"protected":false,"followers_count":47547,"friends_count":3379,"listed_count":2959,"created_at":"Sun May 20 20:39:22 +0000 2007","favourites_count":1052,"utc_offset":32400,"time_zone":"Tokyo","geo_enabled":true,"verified":true,"statuses_count":42036,"lang":"ja","contributors_enabled":false,"is_translator":false,"is_translation_enabled":false,"profile_background_color":"9AE4E8","profile_background_image_url":"http://pbs.twimg.com/profile_background_images/458082942338617344/1Qz3z3ve.jpeg","profile_background_image_url_https":"https://pbs.twimg.com/profile_background_images/458082942338617344/1Qz3z3ve.jpeg","profile_background_tile":true,"profile_image_url":"http://pbs.twimg.com/profile_images/859703670757367808/38n263-S_normal.jpg","profile_image_url_https":"https://pbs.twimg.com/profile_images/859703670757367808/38n263-S_normal.jpg","profile_banner_url":"https://pbs.twimg.com/profile_banners/6184502/1440600263","profile_link_color":"0000FF","profile_sidebar_border_color":"FFFFFF","profile_sidebar_fill_color":"E0FF92","profile_text_color":"000000","profile_use_background_image":true,"has_extended_profile":true,"default_profile":false,"default_profile_image":false,"following":false,"follow_request_sent":false,"notifications":false,"translator_type":"none"},"geo":null,"coordinates":null,"place":null,"contributors":null,"is_quote_status":false,"retweet_count":466,"favorite_count":141,"favorited":false,"retweeted":false,"lang":"ja"},{"created_at":"Tue Jul 04 15:32:29 +0000 2017","id":882260837628387300,"id_str":"882260837628387328","text":"鼻血は鼻の中で留まらなくなると口と目から出てくる","truncated":false,"entities":{"hashtags":[],"symbols":[],"user_mentions":[],"urls":[]},"metadata":{"iso_language_code":"ja","result_type":"recent"},"source":"<a href=\"http://twittbot.net/\" rel=\"nofollow\">twittbot.net</a>","in_reply_to_status_id":null,"in_reply_to_status_id_str":null,"in_reply_to_user_id":null,"in_reply_to_user_id_str":null,"in_reply_to_screen_name":null,"user":{"id":2975118511,"id_str":"2975118511","name":"創作のネタ提供(雑学多め)","screen_name":"sousakubott","location":"","description":"雑学的な創作ネタをつぶやいてます\n知らなかったらｒｔしてくれると嬉しいです \nたまに中の人なりの作品づくりのアドバイスものせてます","url":null,"entities":{"description":{"urls":[]}},"protected":false,"followers_count":99579,"friends_count":2580,"listed_count":2351,"created_at":"Sun Jan 11 16:19:53 +0000 2015","favourites_count":27,"utc_offset":32400,"time_zone":"Seoul","geo_enabled":false,"verified":false,"statuses_count":7048,"lang":"ja","contributors_enabled":false,"is_translator":false,"is_translation_enabled":false,"profile_background_color":"C0DEED","profile_background_image_url":"http://abs.twimg.com/images/themes/theme1/bg.png","profile_background_image_url_https":"https://abs.twimg.com/images/themes/theme1/bg.png","profile_background_tile":false,"profile_image_url":"http://pbs.twimg.com/profile_images/554312257144766464/Bm9WOtAs_normal.jpeg","profile_image_url_https":"https://pbs.twimg.com/profile_images/554312257144766464/Bm9WOtAs_normal.jpeg","profile_link_color":"1DA1F2","profile_sidebar_border_color":"C0DEED","profile_sidebar_fill_color":"DDEEF6","profile_text_color":"333333","profile_use_background_image":true,"has_extended_profile":false,"default_profile":true,"default_profile_image":false,"following":false,"follow_request_sent":false,"notifications":false,"translator_type":"none"},"geo":null,"coordinates":null,"place":null,"contributors":null,"is_quote_status":false,"retweet_count":51,"favorite_count":57,"favorited":false,"retweeted":false,"lang":"ja"},{"created_at":"Tue Jul 04 15:32:15 +0000 2017","id":882260778996256800,"id_str":"882260778996256768","text":"@nakamuraFF11 @Kedwin ヒッ…！","truncated":false,"entities":{"hashtags":[],"symbols":[],"user_mentions":[{"screen_name":"nakamuraFF11","name":"AA中村悠一","id":118428640,"id_str":"118428640","indices":[0,13]},{"screen_name":"Kedwin","name":"祁答院慎@映画コープスBS BD発売中！","id":19073838,"id_str":"19073838","indices":[14,21]}],"urls":[]},"metadata":{"iso_language_code":"ja","result_type":"recent"},"source":"<a href=\"http://twitter.com/download/iphone\" rel=\"nofollow\">Twitter for iPhone</a>","in_reply_to_status_id":882259281633988600,"in_reply_to_status_id_str":"882259281633988609","in_reply_to_user_id":118428640,"in_reply_to_user_id_str":"118428640","in_reply_to_screen_name":"nakamuraFF11","user":{"id":119076814,"id_str":"119076814","name":"杉田智和","screen_name":"sugitaLOV","location":"甘々とサンダーボルト宙域","description":"Everyday、渦中者","url":"https://t.co/KS6WQhJ6E8","entities":{"url":{"urls":[{"url":"https://t.co/KS6WQhJ6E8","expanded_url":"http://www.arcsystemworks.jp/getsueigakuen/","display_url":"arcsystemworks.jp/getsueigakuen/","indices":[0,23]}]},"description":{"urls":[]}},"protected":false,"followers_count":1320147,"friends_count":418,"listed_count":30422,"created_at":"Tue Mar 02 16:07:29 +0000 2010","favourites_count":4,"utc_offset":-36000,"time_zone":"Hawaii","geo_enabled":false,"verified":false,"statuses_count":35131,"lang":"ja","contributors_enabled":false,"is_translator":false,"is_translation_enabled":false,"profile_background_color":"9EA7AB","profile_background_image_url":"http://pbs.twimg.com/profile_background_images/363307248/88209813.jpg","profile_background_image_url_https":"https://pbs.twimg.com/profile_background_images/363307248/88209813.jpg","profile_background_tile":false,"profile_image_url":"http://pbs.twimg.com/profile_images/857923729132630017/BqeviBBI_normal.jpg","profile_image_url_https":"https://pbs.twimg.com/profile_images/857923729132630017/BqeviBBI_normal.jpg","profile_banner_url":"https://pbs.twimg.com/profile_banners/119076814/1493380236","profile_link_color":"009999","profile_sidebar_border_color":"EEEEEE","profile_sidebar_fill_color":"EFEFEF","profile_text_color":"333333","profile_use_background_image":true,"has_extended_profile":false,"default_profile":false,"default_profile_image":false,"following":false,"follow_request_sent":false,"notifications":false,"translator_type":"none"},"geo":null,"coordinates":null,"place":null,"contributors":null,"is_quote_status":false,"retweet_count":51,"favorite_count":343,"favorited":false,"retweeted":false,"lang":"ja"},{"created_at":"Tue Jul 04 15:32:01 +0000 2017","id":882260716899541000,"id_str":"882260716899540992","text":"@kiyo_saiore メルカリで売れそう！ https://t.co/fGK3gLZ1lX","truncated":false,"entities":{"hashtags":[],"symbols":[],"user_mentions":[{"screen_name":"kiyo_saiore","name":"キヨ","id":129471863,"id_str":"129471863","indices":[0,12]}],"urls":[],"media":[{"id":882260701783367700,"id_str":"882260701783367680","indices":[24,47],"media_url":"http://pbs.twimg.com/tweet_video_thumb/DD5rbxEVoAA7Tfq.jpg","media_url_https":"https://pbs.twimg.com/tweet_video_thumb/DD5rbxEVoAA7Tfq.jpg","url":"https://t.co/fGK3gLZ1lX","display_url":"pic.twitter.com/fGK3gLZ1lX","expanded_url":"https://twitter.com/hira_saiore/status/882260716899540992/photo/1","type":"photo","sizes":{"large":{"w":400,"h":224,"resize":"fit"},"thumb":{"w":150,"h":150,"resize":"crop"},"small":{"w":340,"h":190,"resize":"fit"},"medium":{"w":400,"h":224,"resize":"fit"}}}]},"extended_entities":{"media":[{"id":882260701783367700,"id_str":"882260701783367680","indices":[24,47],"media_url":"http://pbs.twimg.com/tweet_video_thumb/DD5rbxEVoAA7Tfq.jpg","media_url_https":"https://pbs.twimg.com/tweet_video_thumb/DD5rbxEVoAA7Tfq.jpg","url":"https://t.co/fGK3gLZ1lX","display_url":"pic.twitter.com/fGK3gLZ1lX","expanded_url":"https://twitter.com/hira_saiore/status/882260716899540992/photo/1","type":"animated_gif","sizes":{"large":{"w":400,"h":224,"resize":"fit"},"thumb":{"w":150,"h":150,"resize":"crop"},"small":{"w":340,"h":190,"resize":"fit"},"medium":{"w":400,"h":224,"resize":"fit"}},"video_info":{"aspect_ratio":[25,14],"variants":[{"bitrate":0,"content_type":"video/mp4","url":"https://video.twimg.com/tweet_video/DD5rbxEVoAA7Tfq.mp4"}]}}]},"metadata":{"iso_language_code":"ja","result_type":"recent"},"source":"<a href=\"http://twitter.com/download/android\" rel=\"nofollow\">Twitter for Android</a>","in_reply_to_status_id":882221704918949900,"in_reply_to_status_id_str":"882221704918949888","in_reply_to_user_id":129471863,"in_reply_to_user_id_str":"129471863","in_reply_to_screen_name":"kiyo_saiore","user":{"id":183640212,"id_str":"183640212","name":"ヒラ","screen_name":"hira_saiore","location":"次元の狭間","description":"最俺の人。ニコニコ動画、Youtubeで動画を投稿しています→https://t.co/nLOGtLP3xy…\n連絡は→hirasaiore@gmail.comまでお願いします。","url":"https://t.co/P5w36wFEwF","entities":{"url":{"urls":[{"url":"https://t.co/P5w36wFEwF","expanded_url":"https://www.youtube.com/c/%E3%83%92%E3%83%A9","display_url":"youtube.com/c/%E3%83%92%E3…","indices":[0,23]}]},"description":{"urls":[{"url":"https://t.co/nLOGtLP3xy","expanded_url":"http://youtube.com/c/%E3%83%92%E3","display_url":"youtube.com/c/%E3%83%92%E3","indices":[31,54]}]}},"protected":false,"followers_count":246838,"friends_count":105,"listed_count":5633,"created_at":"Fri Aug 27 14:26:29 +0000 2010","favourites_count":25,"utc_offset":32400,"time_zone":"Tokyo","geo_enabled":false,"verified":false,"statuses_count":2213,"lang":"ja","contributors_enabled":false,"is_translator":false,"is_translation_enabled":false,"profile_background_color":"B2DFDA","profile_background_image_url":"http://pbs.twimg.com/profile_background_images/665399215485493249/N8sIWzls.jpg","profile_background_image_url_https":"https://pbs.twimg.com/profile_background_images/665399215485493249/N8sIWzls.jpg","profile_background_tile":true,"profile_image_url":"http://pbs.twimg.com/profile_images/857832218441400320/83y85Y1F_normal.jpg","profile_image_url_https":"https://pbs.twimg.com/profile_images/857832218441400320/83y85Y1F_normal.jpg","profile_banner_url":"https://pbs.twimg.com/profile_banners/183640212/1448468768","profile_link_color":"93A644","profile_sidebar_border_color":"000000","profile_sidebar_fill_color":"000000","profile_text_color":"000000","profile_use_background_image":true,"has_extended_profile":false,"default_profile":false,"default_profile_image":false,"following":false,"follow_request_sent":false,"notifications":false,"translator_type":"none"},"geo":null,"coordinates":null,"place":null,"contributors":null,"is_quote_status":false,"retweet_count":163,"favorite_count":782,"favorited":false,"retweeted":false,"possibly_sensitive":false,"lang":"ja"},{"created_at":"Tue Jul 04 15:31:59 +0000 2017","id":882260710599802900,"id_str":"882260710599802880","text":"【BD情報】\n騎士と魔法の異世界ロボットファンタジー「ナイツ&amp;マジック」のBlu-rayが10月27日発売！原作・天酒之瓢先生の書き下ろしミニ小説の特典やキャラクターデザイン・桂憲一郎さんの描き下ろし収納ケース仕様！是非ゲットして… https://t.co/LRYEmcej0R","truncated":true,"entities":{"hashtags":[],"symbols":[],"user_mentions":[],"urls":[{"url":"https://t.co/LRYEmcej0R","expanded_url":"https://twitter.com/i/web/status/882260710599802880","display_url":"twitter.com/i/web/status/8…","indices":[121,144]}]},"metadata":{"iso_language_code":"ja","result_type":"recent"},"source":"<a href=\"http://twitter.com/download/iphone\" rel=\"nofollow\">Twitter for iPhone</a>","in_reply_to_status_id":null,"in_reply_to_status_id_str":null,"in_reply_to_user_id":null,"in_reply_to_user_id_str":null,"in_reply_to_screen_name":null,"user":{"id":824610695513722900,"id_str":"824610695513722880","name":"「ナイツ＆マジック」TVアニメ公式","screen_name":"naitsuma_anime","location":"フレメヴィーラ王国","description":"銀の騎操士、異世界に舞い降りる！騎士と魔法の異世界ロボットファンタジー『ナイツ＆マジック』のTVアニメ公式アカウントです。主婦の友社100周年記念！ヒーロー文庫「初」のアニメ化作品2017年7月2日放送開始！【推奨ハッシュタグ】#ナイツマ","url":"https://t.co/PXLdqr69A1","entities":{"url":{"urls":[{"url":"https://t.co/PXLdqr69A1","expanded_url":"http://knights-magic.com","display_url":"knights-magic.com","indices":[0,23]}]},"description":{"urls":[]}},"protected":false,"followers_count":8963,"friends_count":22,"listed_count":282,"created_at":"Thu Jan 26 13:31:25 +0000 2017","favourites_count":0,"utc_offset":null,"time_zone":null,"geo_enabled":false,"verified":false,"statuses_count":317,"lang":"ja","contributors_enabled":false,"is_translator":false,"is_translation_enabled":false,"profile_background_color":"000000","profile_background_image_url":"http://abs.twimg.com/images/themes/theme1/bg.png","profile_background_image_url_https":"https://abs.twimg.com/images/themes/theme1/bg.png","profile_background_tile":false,"profile_image_url":"http://pbs.twimg.com/profile_images/880069582177714177/jkqubUnm_normal.jpg","profile_image_url_https":"https://pbs.twimg.com/profile_images/880069582177714177/jkqubUnm_normal.jpg","profile_banner_url":"https://pbs.twimg.com/profile_banners/824610695513722880/1495681101","profile_link_color":"1B95E0","profile_sidebar_border_color":"000000","profile_sidebar_fill_color":"000000","profile_text_color":"000000","profile_use_background_image":false,"has_extended_profile":false,"default_profile":false,"default_profile_image":false,"following":false,"follow_request_sent":false,"notifications":false,"translator_type":"none"},"geo":null,"coordinates":null,"place":null,"contributors":null,"is_quote_status":false,"retweet_count":49,"favorite_count":48,"favorited":false,"retweeted":false,"possibly_sensitive":false,"lang":"ja"},{"created_at":"Tue Jul 04 15:31:28 +0000 2017","id":882260580093919200,"id_str":"882260580093919232","text":"透明水彩で厚塗りしてた https://t.co/IVXAhLenXq","truncated":false,"entities":{"hashtags":[],"symbols":[],"user_mentions":[],"urls":[],"media":[{"id":882260567133532200,"id_str":"882260567133532160","indices":[12,35],"media_url":"http://pbs.twimg.com/media/DD5rT7dUMAAAXwX.jpg","media_url_https":"https://pbs.twimg.com/media/DD5rT7dUMAAAXwX.jpg","url":"https://t.co/IVXAhLenXq","display_url":"pic.twitter.com/IVXAhLenXq","expanded_url":"https://twitter.com/RedAkanekoCat/status/882260580093919232/photo/1","type":"photo","sizes":{"medium":{"w":812,"h":1024,"resize":"fit"},"small":{"w":539,"h":680,"resize":"fit"},"thumb":{"w":150,"h":150,"resize":"crop"},"large":{"w":812,"h":1024,"resize":"fit"}}}]},"extended_entities":{"media":[{"id":882260567133532200,"id_str":"882260567133532160","indices":[12,35],"media_url":"http://pbs.twimg.com/media/DD5rT7dUMAAAXwX.jpg","media_url_https":"https://pbs.twimg.com/media/DD5rT7dUMAAAXwX.jpg","url":"https://t.co/IVXAhLenXq","display_url":"pic.twitter.com/IVXAhLenXq","expanded_url":"https://twitter.com/RedAkanekoCat/status/882260580093919232/photo/1","type":"photo","sizes":{"medium":{"w":812,"h":1024,"resize":"fit"},"small":{"w":539,"h":680,"resize":"fit"},"thumb":{"w":150,"h":150,"resize":"crop"},"large":{"w":812,"h":1024,"resize":"fit"}}}]},"metadata":{"iso_language_code":"ja","result_type":"recent"},"source":"<a href=\"http://twitter.com/download/android\" rel=\"nofollow\">Twitter for Android</a>","in_reply_to_status_id":null,"in_reply_to_status_id_str":null,"in_reply_to_user_id":null,"in_reply_to_user_id_str":null,"in_reply_to_screen_name":null,"user":{"id":313112593,"id_str":"313112593","name":"あかねこ","screen_name":"RedAkanekoCat","location":"","description":"絵を描くのが好きです。他にも好きなものは星の数だけ、嫌いなものは一握り。 江本マシメサ著『北欧貴族と猛禽妻の雪国狩り暮らし』全四巻、イラストを担当させていただきました。","url":null,"entities":{"description":{"urls":[]}},"protected":false,"followers_count":26579,"friends_count":622,"listed_count":727,"created_at":"Wed Jun 08 04:57:51 +0000 2011","favourites_count":24304,"utc_offset":32400,"time_zone":"Tokyo","geo_enabled":false,"verified":false,"statuses_count":53007,"lang":"ja","contributors_enabled":false,"is_translator":false,"is_translation_enabled":false,"profile_background_color":"EBEBEB","profile_background_image_url":"http://pbs.twimg.com/profile_background_images/638647948453113856/v3mpjm6m.png","profile_background_image_url_https":"https://pbs.twimg.com/profile_background_images/638647948453113856/v3mpjm6m.png","profile_background_tile":true,"profile_image_url":"http://pbs.twimg.com/profile_images/880412973700849668/wwCscm6g_normal.jpg","profile_image_url_https":"https://pbs.twimg.com/profile_images/880412973700849668/wwCscm6g_normal.jpg","profile_banner_url":"https://pbs.twimg.com/profile_banners/313112593/1497694469","profile_link_color":"990000","profile_sidebar_border_color":"DFDFDF","profile_sidebar_fill_color":"F3F3F3","profile_text_color":"333333","profile_use_background_image":true,"has_extended_profile":true,"default_profile":false,"default_profile_image":false,"following":false,"follow_request_sent":false,"notifications":false,"translator_type":"none"},"geo":null,"coordinates":null,"place":null,"contributors":null,"is_quote_status":false,"retweet_count":90,"favorite_count":424,"favorited":false,"retweeted":false,"possibly_sensitive":false,"lang":"ja"},{"created_at":"Tue Jul 04 15:31:10 +0000 2017","id":882260505758269400,"id_str":"882260505758269440","text":"肩の重みの正体 https://t.co/dTAfiHMQ6b","truncated":false,"entities":{"hashtags":[],"symbols":[],"user_mentions":[],"urls":[],"media":[{"id":882260313764003800,"id_str":"882260313764003840","indices":[8,31],"media_url":"http://pbs.twimg.com/media/DD5rFLlUAAA3NyY.png","media_url_https":"https://pbs.twimg.com/media/DD5rFLlUAAA3NyY.png","url":"https://t.co/dTAfiHMQ6b","display_url":"pic.twitter.com/dTAfiHMQ6b","expanded_url":"https://twitter.com/nezutako/status/882260505758269440/photo/1","type":"photo","sizes":{"medium":{"w":650,"h":780,"resize":"fit"},"thumb":{"w":150,"h":150,"resize":"crop"},"small":{"w":567,"h":680,"resize":"fit"},"large":{"w":650,"h":780,"resize":"fit"}}}]},"extended_entities":{"media":[{"id":882260313764003800,"id_str":"882260313764003840","indices":[8,31],"media_url":"http://pbs.twimg.com/media/DD5rFLlUAAA3NyY.png","media_url_https":"https://pbs.twimg.com/media/DD5rFLlUAAA3NyY.png","url":"https://t.co/dTAfiHMQ6b","display_url":"pic.twitter.com/dTAfiHMQ6b","expanded_url":"https://twitter.com/nezutako/status/882260505758269440/photo/1","type":"photo","sizes":{"medium":{"w":650,"h":780,"resize":"fit"},"thumb":{"w":150,"h":150,"resize":"crop"},"small":{"w":567,"h":680,"resize":"fit"},"large":{"w":650,"h":780,"resize":"fit"}}}]},"metadata":{"iso_language_code":"ja","result_type":"recent"},"source":"<a href=\"http://twitter.com\" rel=\"nofollow\">Twitter Web Client</a>","in_reply_to_status_id":null,"in_reply_to_status_id_str":null,"in_reply_to_user_id":null,"in_reply_to_user_id_str":null,"in_reply_to_screen_name":null,"user":{"id":1032932378,"id_str":"1032932378","name":"鼻毛","screen_name":"nezutako","location":"にこにこ銀座","description":"漫画、ゲーム、絵、動画、音楽など作ります。プリパラ視聴者。\npixivアカウント:https://t.co/ph7QBm5yaz\n LINEスタンプ:https://t.co/vN0NhtDrk6","url":"https://t.co/RF2l8sdpzY","entities":{"url":{"urls":[{"url":"https://t.co/RF2l8sdpzY","expanded_url":"http://nezutako.rakusaba.jp/","display_url":"nezutako.rakusaba.jp","indices":[0,23]}]},"description":{"urls":[{"url":"https://t.co/ph7QBm5yaz","expanded_url":"https://pixiv.me/nezutako","display_url":"pixiv.me/nezutako","indices":[41,64]},{"url":"https://t.co/vN0NhtDrk6","expanded_url":"http://line.me/S/sticker/1258148","display_url":"line.me/S/sticker/1258…","indices":[75,98]}]}},"protected":false,"followers_count":1763,"friends_count":401,"listed_count":64,"created_at":"Mon Dec 24 15:38:31 +0000 2012","favourites_count":3140,"utc_offset":32400,"time_zone":"Tokyo","geo_enabled":false,"verified":false,"statuses_count":9309,"lang":"ja","contributors_enabled":false,"is_translator":false,"is_translation_enabled":false,"profile_background_color":"EBEBEB","profile_background_image_url":"http://abs.twimg.com/images/themes/theme7/bg.gif","profile_background_image_url_https":"https://abs.twimg.com/images/themes/theme7/bg.gif","profile_background_tile":false,"profile_image_url":"http://pbs.twimg.com/profile_images/875689614031192072/_xrRAUcK_normal.jpg","profile_image_url_https":"https://pbs.twimg.com/profile_images/875689614031192072/_xrRAUcK_normal.jpg","profile_banner_url":"https://pbs.twimg.com/profile_banners/1032932378/1448553714","profile_link_color":"990000","profile_sidebar_border_color":"DFDFDF","profile_sidebar_fill_color":"F3F3F3","profile_text_color":"333333","profile_use_background_image":true,"has_extended_profile":false,"default_profile":false,"default_profile_image":false,"following":false,"follow_request_sent":false,"notifications":false,"translator_type":"none"},"geo":null,"coordinates":null,"place":null,"contributors":null,"is_quote_status":false,"retweet_count":78,"favorite_count":118,"favorited":false,"retweeted":false,"possibly_sensitive":false,"lang":"ja"}],"search_metadata":{"completed_in":0.08,"max_id":882262180204171300,"max_id_str":"882262180204171265","next_results":"?max_id=882260505758269439&q=lang%3Aja%20min_retweets%3A50&include_entities=1","query":"lang%3Aja+min_retweets%3A50","refresh_url":"?since_id=882262180204171265&q=lang%3Aja%20min_retweets%3A50&include_entities=1","count":15,"since_id":0,"since_id_str":"0"}}