{"statuses":[{"created_at":"Tue Jul 04 01:36:50 +0000 2017","id":882050537436332000,"id_str":"882050537436332032","text":"本日、7/4は「B-PROJECT」剛ちん（金城剛士）の誕生日〜っ！\nおめでとう〜っ！\n\nという事!?で、写真を大捜索してみた〜っ！\n1枚目:B-PRO ニコ生\n2枚目:B-PRO LIVE\nちょっと懐かしい二枚を♪ https://t.co/a5e32H0TeC","truncated":false,"entities":{"hashtags":[],"symbols":[],"user_mentions":[],"urls":[],"media":[{"id":882050522131292200,"id_str":"882050522131292160","indices":[109,132],"media_url":"http://pbs.twimg.com/media/DD2sRs2VYAA-Cfj.jpg","media_url_https":"https://pbs.twimg.com/media/DD2sRs2VYAA-Cfj.jpg","url":"https://t.co/a5e32H0TeC","display_url":"pic.twitter.com/a5e32H0TeC","expanded_url":"https://twitter.com/hemp_m/status/882050537436332032/photo/1","type":"photo","sizes":{"medium":{"w":900,"h":1200,"resize":"fit"},"large":{"w":1535,"h":2047,"resize":"fit"},"small":{"w":510,"h":680,"resize":"fit"},"thumb":{"w":150,"h":150,"resize":"crop"}}}]},"extended_entities":{"media":[{"id":882050522131292200,"id_str":"882050522131292160","indices":[109,132],"media_url":"http://pbs.twimg.com/media/DD2sRs2VYAA-Cfj.jpg","media_url_https":"https://pbs.twimg.com/media/DD2sRs2VYAA-Cfj.jpg","url":"https://t.co/a5e32H0TeC","display_url":"pic.twitter.com/a5e32H0TeC","expanded_url":"https://twitter.com/hemp_m/status/882050537436332032/photo/1","type":"photo","sizes":{"medium":{"w":900,"h":1200,"resize":"fit"},"large":{"w":1535,"h":2047,"resize":"fit"},"small":{"w":510,"h":680,"resize":"fit"},"thumb":{"w":150,"h":150,"resize":"crop"}}},{"id":882050522131316700,"id_str":"882050522131316736","indices":[109,132],"media_url":"http://pbs.twimg.com/media/DD2sRs2VwAApuhK.jpg","media_url_https":"https://pbs.twimg.com/media/DD2sRs2VwAApuhK.jpg","url":"https://t.co/a5e32H0TeC","display_url":"pic.twitter.com/a5e32H0TeC","expanded_url":"https://twitter.com/hemp_m/status/882050537436332032/photo/1","type":"photo","sizes":{"medium":{"w":900,"h":1200,"resize":"fit"},"thumb":{"w":150,"h":150,"resize":"crop"},"small":{"w":510,"h":680,"resize":"fit"},"large":{"w":1535,"h":2047,"resize":"fit"}}}]},"metadata":{"iso_language_code":"ja","result_type":"recent"},"source":"<a href=\"http://twitter.com/download/iphone\" rel=\"nofollow\">Twitter for iPhone</a>","in_reply_to_status_id":null,"in_reply_to_status_id_str":null,"in_reply_to_user_id":null,"in_reply_to_user_id_str":null,"in_reply_to_screen_name":null,"user":{"id":362351427,"id_str":"362351427","name":"SETマネージャー 湊","screen_name":"hemp_m","location":"","description":"スーパーエキセントリックシアター(SET)マネージャーです。主に豊永利行、さらに矢野奨吾&SET関連ネタを書かせて頂いてます。よろしくどうぞ♪","url":null,"entities":{"description":{"urls":[]}},"protected":false,"followers_count":34056,"friends_count":68,"listed_count":798,"created_at":"Fri Aug 26 07:46:17 +0000 2011","favourites_count":0,"utc_offset":null,"time_zone":null,"geo_enabled":true,"verified":false,"statuses_count":3557,"lang":"ja","contributors_enabled":false,"is_translator":false,"is_translation_enabled":false,"profile_background_color":"000000","profile_background_image_url":"http://abs.twimg.com/images/themes/theme1/bg.png","profile_background_image_url_https":"https://abs.twimg.com/images/themes/theme1/bg.png","profile_background_tile":false,"profile_image_url":"http://pbs.twimg.com/profile_images/635373462333198337/T39fIGIv_normal.jpg","profile_image_url_https":"https://pbs.twimg.com/profile_images/635373462333198337/T39fIGIv_normal.jpg","profile_banner_url":"https://pbs.twimg.com/profile_banners/362351427/1486104838","profile_link_color":"FA743E","profile_sidebar_border_color":"000000","profile_sidebar_fill_color":"000000","profile_text_color":"000000","profile_use_background_image":false,"has_extended_profile":false,"default_profile":false,"default_profile_image":false,"following":false,"follow_request_sent":false,"notifications":false,"translator_type":"none"},"geo":null,"coordinates":null,"place":null,"contributors":null,"is_quote_status":false,"retweet_count":213,"favorite_count":319,"favorited":false,"retweeted":false,"possibly_sensitive":false,"lang":"ja"},{"created_at":"Tue Jul 04 01:35:52 +0000 2017","id":882050295206826000,"id_str":"882050295206825985","text":"ニンテンドー3DSダウンロードソフト『カービィのすいこみ大作戦』は本日配信開始です。公式サイトに攻略のコツを紹介する映像「すいこみ名人への道①」を掲載しました。 https://t.co/Ls0FAmJcQn https://t.co/KoFlyPVXVz","truncated":false,"entities":{"hashtags":[],"symbols":[],"user_mentions":[],"urls":[{"url":"https://t.co/Ls0FAmJcQn","expanded_url":"https://www.nintendo.co.jp/3ds/jhua/index.html?utm_source=twitter&utm_medium=social&utm_content=20170704&utm_campaign=3DS_jhua","display_url":"nintendo.co.jp/3ds/jhua/index…","indices":[81,104]}],"media":[{"id":882050291247403000,"id_str":"882050291247403008","indices":[105,128],"media_url":"http://pbs.twimg.com/media/DD2sEQvU0AA59mM.jpg","media_url_https":"https://pbs.twimg.com/media/DD2sEQvU0AA59mM.jpg","url":"https://t.co/KoFlyPVXVz","display_url":"pic.twitter.com/KoFlyPVXVz","expanded_url":"https://twitter.com/Nintendo/status/882050295206825985/photo/1","type":"photo","sizes":{"medium":{"w":1200,"h":630,"resize":"fit"},"large":{"w":1200,"h":630,"resize":"fit"},"thumb":{"w":150,"h":150,"resize":"crop"},"small":{"w":680,"h":357,"resize":"fit"}}}]},"extended_entities":{"media":[{"id":882050291247403000,"id_str":"882050291247403008","indices":[105,128],"media_url":"http://pbs.twimg.com/media/DD2sEQvU0AA59mM.jpg","media_url_https":"https://pbs.twimg.com/media/DD2sEQvU0AA59mM.jpg","url":"https://t.co/KoFlyPVXVz","display_url":"pic.twitter.com/KoFlyPVXVz","expanded_url":"https://twitter.com/Nintendo/status/882050295206825985/photo/1","type":"photo","sizes":{"medium":{"w":1200,"h":630,"resize":"fit"},"large":{"w":1200,"h":630,"resize":"fit"},"thumb":{"w":150,"h":150,"resize":"crop"},"small":{"w":680,"h":357,"resize":"fit"}}}]},"metadata":{"iso_language_code":"ja","result_type":"recent"},"source":"<a href=\"https://www.nintendo.co.jp/\" rel=\"nofollow\">任天堂</a>","in_reply_to_status_id":null,"in_reply_to_status_id_str":null,"in_reply_to_user_id":null,"in_reply_to_user_id_str":null,"in_reply_to_screen_name":null,"user":{"id":307902310,"id_str":"307902310","name":"任天堂株式会社","screen_name":"Nintendo","location":"京都市","description":"任天堂からのお知らせや、ホームページの更新情報をお伝えします。\r\nご質問・お問い合わせにはお答えしておりませんのでご容赦ください。","url":"https://t.co/S1hwx8jNqf","entities":{"url":{"urls":[{"url":"https://t.co/S1hwx8jNqf","expanded_url":"https://www.nintendo.co.jp/","display_url":"nintendo.co.jp","indices":[0,23]}]},"description":{"urls":[]}},"protected":false,"followers_count":797112,"friends_count":19,"listed_count":9839,"created_at":"Mon May 30 14:00:05 +0000 2011","favourites_count":0,"utc_offset":32400,"time_zone":"Tokyo","geo_enabled":false,"verified":true,"statuses_count":5836,"lang":"ja","contributors_enabled":false,"is_translator":false,"is_translation_enabled":false,"profile_background_color":"EFEFEF","profile_background_image_url":"http://abs.twimg.com/images/themes/theme1/bg.png","profile_background_image_url_https":"https://abs.twimg.com/images/themes/theme1/bg.png","profile_background_tile":false,"profile_image_url":"http://pbs.twimg.com/profile_images/823439425593954305/j0L7_KyW_normal.jpg","profile_image_url_https":"https://pbs.twimg.com/profile_images/823439425593954305/j0L7_KyW_normal.jpg","profile_banner_url":"https://pbs.twimg.com/profile_banners/307902310/1401174438","profile_link_color":"0084B4","profile_sidebar_border_color":"BEBEBE","profile_sidebar_fill_color":"EFEFEF","profile_text_color":"333333","profile_use_background_image":false,"has_extended_profile":false,"default_profile":false,"default_profile_image":false,"following":false,"follow_request_sent":false,"notifications":false,"translator_type":"none"},"geo":null,"coordinates":null,"place":null,"contributors":null,"is_quote_status":false,"retweet_count":133,"favorite_count":110,"favorited":false,"retweeted":false,"possibly_sensitive":false,"lang":"ja"},{"created_at":"Tue Jul 04 01:35:51 +0000 2017","id":882050288172941300,"id_str":"882050288172941312","text":"ジム行って筋肉痛に苦しんでなおってジム。ということはあしたまた筋肉痛。わたしこのまま一生筋肉痛なんじゃないかと思うサイクル。。","truncated":false,"entities":{"hashtags":[],"symbols":[],"user_mentions":[],"urls":[]},"metadata":{"iso_language_code":"ja","result_type":"recent"},"source":"<a href=\"http://twitter.com/download/iphone\" rel=\"nofollow\">Twitter for iPhone</a>","in_reply_to_status_id":null,"in_reply_to_status_id_str":null,"in_reply_to_user_id":null,"in_reply_to_user_id_str":null,"in_reply_to_screen_name":null,"user":{"id":2346809580,"id_str":"2346809580","name":"指原 莉乃","screen_name":"345__chan","location":"","description":"💛https://t.co/FbRPAshfuv💛","url":null,"entities":{"description":{"urls":[{"url":"https://t.co/FbRPAshfuv","expanded_url":"http://Instagram.com/345insta","display_url":"Instagram.com/345insta","indices":[1,24]}]}},"protected":false,"followers_count":1728689,"friends_count":358,"listed_count":8313,"created_at":"Sun Feb 16 12:57:31 +0000 2014","favourites_count":671,"utc_offset":null,"time_zone":null,"geo_enabled":true,"verified":true,"statuses_count":7717,"lang":"ja","contributors_enabled":false,"is_translator":false,"is_translation_enabled":false,"profile_background_color":"C0DEED","profile_background_image_url":"http://abs.twimg.com/images/themes/theme1/bg.png","profile_background_image_url_https":"https://abs.twimg.com/images/themes/theme1/bg.png","profile_background_tile":false,"profile_image_url":"http://pbs.twimg.com/profile_images/876252023536078849/iXFeJHVI_normal.jpg","profile_image_url_https":"https://pbs.twimg.com/profile_images/876252023536078849/iXFeJHVI_normal.jpg","profile_banner_url":"https://pbs.twimg.com/profile_banners/2346809580/1466265291","profile_link_color":"1DA1F2","profile_sidebar_border_color":"C0DEED","profile_sidebar_fill_color":"DDEEF6","profile_text_color":"333333","profile_use_background_image":true,"has_extended_profile":false,"default_profile":true,"default_profile_image":false,"following":false,"follow_request_sent":false,"notifications":false,"translator_type":"none"},"geo":null,"coordinates":null,"place":null,"contributors":null,"is_quote_status":false,"retweet_count":98,"favorite_count":647,"favorited":false,"retweeted":false,"lang":"ja"},{"created_at":"Tue Jul 04 01:35:29 +0000 2017","id":882050198091857900,"id_str":"882050198091857920","text":"寂しすぎて泣きぐずるカワウソの赤ちゃん:ちいたん☆ https://t.co/wQakpjju3l","truncated":false,"entities":{"hashtags":[],"symbols":[],"user_mentions":[],"urls":[],"media":[{"id":882049895099637800,"id_str":"882049895099637760","indices":[26,49],"media_url":"http://pbs.twimg.com/ext_tw_video_thumb/882049895099637760/pu/img/IpN9TKQxVY-C0oQx.jpg","media_url_https":"https://pbs.twimg.com/ext_tw_video_thumb/882049895099637760/pu/img/IpN9TKQxVY-C0oQx.jpg","url":"https://t.co/wQakpjju3l","display_url":"pic.twitter.com/wQakpjju3l","expanded_url":"https://twitter.com/love_otter_love/status/882050198091857920/video/1","type":"photo","sizes":{"small":{"w":340,"h":604,"resize":"fit"},"large":{"w":720,"h":1280,"resize":"fit"},"thumb":{"w":150,"h":150,"resize":"crop"},"medium":{"w":600,"h":1067,"resize":"fit"}}}]},"extended_entities":{"media":[{"id":882049895099637800,"id_str":"882049895099637760","indices":[26,49],"media_url":"http://pbs.twimg.com/ext_tw_video_thumb/882049895099637760/pu/img/IpN9TKQxVY-C0oQx.jpg","media_url_https":"https://pbs.twimg.com/ext_tw_video_thumb/882049895099637760/pu/img/IpN9TKQxVY-C0oQx.jpg","url":"https://t.co/wQakpjju3l","display_url":"pic.twitter.com/wQakpjju3l","expanded_url":"https://twitter.com/love_otter_love/status/882050198091857920/video/1","type":"video","sizes":{"small":{"w":340,"h":604,"resize":"fit"},"large":{"w":720,"h":1280,"resize":"fit"},"thumb":{"w":150,"h":150,"resize":"crop"},"medium":{"w":600,"h":1067,"resize":"fit"}},"video_info":{"aspect_ratio":[9,16],"duration_millis":39833,"variants":[{"bitrate":832000,"content_type":"video/mp4","url":"https://video.twimg.com/ext_tw_video/882049895099637760/pu/vid/360x640/tqciv2USWLQpWj5g.mp4"},{"bitrate":320000,"content_type":"video/mp4","url":"https://video.twimg.com/ext_tw_video/882049895099637760/pu/vid/180x320/qrnBc4z28YfLx9tJ.mp4"},{"bitrate":2176000,"content_type":"video/mp4","url":"https://video.twimg.com/ext_tw_video/882049895099637760/pu/vid/720x1280/mVrtnAS6y1XjXd_L.mp4"},{"content_type":"application/x-mpegURL","url":"https://video.twimg.com/ext_tw_video/882049895099637760/pu/pl/EQi9xH6704ohW91z.m3u8"}]},"additional_media_info":{"monetizable":false}}]},"metadata":{"iso_language_code":"ja","result_type":"recent"},"source":"<a href=\"http://twitter.com/download/iphone\" rel=\"nofollow\">Twitter for iPhone</a>","in_reply_to_status_id":null,"in_reply_to_status_id_str":null,"in_reply_to_user_id":null,"in_reply_to_user_id_str":null,"in_reply_to_screen_name":null,"user":{"id":2733351320,"id_str":"2733351320","name":"カワウソのちぃたん☆💙","screen_name":"love_otter_love","location":"","description":"コツメカワウソの誕生時からの成長記録をお届けします。 けもフレ推しはコツメカワウソちゃん★２０１７年４月１０日生♀️OTTER。 RTしてくれた方、小動物好きさん無言フォローごめんなさい。 迷い犬、猫情報あればＲＴします、拡散に使ってください🐦 BLOG：https://t.co/v6GrfVtR2O","url":"https://t.co/M98KoTKN7i","entities":{"url":{"urls":[{"url":"https://t.co/M98KoTKN7i","expanded_url":"https://www.youtube.com/channel/UCAOjDi_onmdabYIN7x7laNg?sub_confirmation=1","display_url":"youtube.com/channel/UCAOjD…","indices":[0,23]}]},"description":{"urls":[{"url":"https://t.co/v6GrfVtR2O","expanded_url":"http://ameblo.jp/kawaii-other/","display_url":"ameblo.jp/kawaii-other/","indices":[128,151]}]}},"protected":false,"followers_count":183131,"friends_count":69614,"listed_count":220,"created_at":"Fri Aug 15 02:00:41 +0000 2014","favourites_count":18228,"utc_offset":-25200,"time_zone":"Pacific Time (US & Canada)","geo_enabled":false,"verified":false,"statuses_count":11324,"lang":"ja","contributors_enabled":false,"is_translator":false,"is_translation_enabled":false,"profile_background_color":"000000","profile_background_image_url":"http://abs.twimg.com/images/themes/theme1/bg.png","profile_background_image_url_https":"https://abs.twimg.com/images/themes/theme1/bg.png","profile_background_tile":false,"profile_image_url":"http://pbs.twimg.com/profile_images/877989171469701120/OSPEsRXR_normal.jpg","profile_image_url_https":"https://pbs.twimg.com/profile_images/877989171469701120/OSPEsRXR_normal.jpg","profile_banner_url":"https://pbs.twimg.com/profile_banners/2733351320/1495961995","profile_link_color":"981CEB","profile_sidebar_border_color":"000000","profile_sidebar_fill_color":"000000","profile_text_color":"000000","profile_use_background_image":false,"has_extended_profile":true,"default_profile":false,"default_profile_image":false,"following":false,"follow_request_sent":false,"notifications":false,"translator_type":"none"},"geo":null,"coordinates":null,"place":null,"contributors":null,"is_quote_status":false,"retweet_count":96,"favorite_count":172,"favorited":false,"retweeted":false,"possibly_sensitive":false,"lang":"ja"},{"created_at":"Tue Jul 04 01:35:02 +0000 2017","id":882050082530443300,"id_str":"882050082530443264","text":"【速報 JUST IN 】北朝鮮ミサイル 日本海の排他的経済水域に落下 官房長官 #nhk_news https://t.co/G37mv6eRKz","truncated":false,"entities":{"hashtags":[{"text":"nhk_news","indices":[41,50]}],"symbols":[],"user_mentions":[],"urls":[{"url":"https://t.co/G37mv6eRKz","expanded_url":"http://www3.nhk.or.jp/news/html/20170704/k10011041251000.html","display_url":"www3.nhk.or.jp/news/html/2017…","indices":[51,74]}]},"metadata":{"iso_language_code":"ja","result_type":"recent"},"source":"<a href=\"http://www.nhk.or.jp/\" rel=\"nofollow\">NHK</a>","in_reply_to_status_id":null,"in_reply_to_status_id_str":null,"in_reply_to_user_id":null,"in_reply_to_user_id_str":null,"in_reply_to_screen_name":null,"user":{"id":204245399,"id_str":"204245399","name":"NHKニュース","screen_name":"nhk_news","location":"東京都渋谷区神南2-2-1","description":"NHKニュースの公式アカウントです。最新のニュースを24時間休みなくお届けします。 http://t.co/Q11WanxIUh をご確認、ご了承ください。問い合わせは http://t.co/QHu5wdeNyR","url":"https://t.co/8JA06ePKUg","entities":{"url":{"urls":[{"url":"https://t.co/8JA06ePKUg","expanded_url":"http://nhk.jp/news","display_url":"nhk.jp/news","indices":[0,23]}]},"description":{"urls":[{"url":"http://t.co/Q11WanxIUh","expanded_url":"http://nhk.jp/rules","display_url":"nhk.jp/rules","indices":[42,64]},{"url":"http://t.co/QHu5wdeNyR","expanded_url":"http://www.nhk.or.jp/css/","display_url":"nhk.or.jp/css/","indices":[85,107]}]}},"protected":false,"followers_count":2294096,"friends_count":15,"listed_count":58485,"created_at":"Mon Oct 18 08:15:29 +0000 2010","favourites_count":0,"utc_offset":32400,"time_zone":"Tokyo","geo_enabled":false,"verified":true,"statuses_count":293443,"lang":"ja","contributors_enabled":false,"is_translator":false,"is_translation_enabled":true,"profile_background_color":"C0DEED","profile_background_image_url":"http://pbs.twimg.com/profile_background_images/828499082087796737/ppZx0TZa.jpg","profile_background_image_url_https":"https://pbs.twimg.com/profile_background_images/828499082087796737/ppZx0TZa.jpg","profile_background_tile":false,"profile_image_url":"http://pbs.twimg.com/profile_images/712261429701713920/mkdC8tNc_normal.jpg","profile_image_url_https":"https://pbs.twimg.com/profile_images/712261429701713920/mkdC8tNc_normal.jpg","profile_banner_url":"https://pbs.twimg.com/profile_banners/204245399/1401946722","profile_link_color":"0084B4","profile_sidebar_border_color":"C0DEED","profile_sidebar_fill_color":"DDEEF6","profile_text_color":"333333","profile_use_background_image":true,"has_extended_profile":false,"default_profile":false,"default_profile_image":false,"following":false,"follow_request_sent":false,"notifications":false,"translator_type":"none"},"geo":null,"coordinates":null,"place":null,"contributors":null,"is_quote_status":false,"retweet_count":143,"favorite_count":33,"favorited":false,"retweeted":false,"possibly_sensitive":false,"lang":"ja"},{"created_at":"Tue Jul 04 01:34:56 +0000 2017","id":882050057553313800,"id_str":"882050057553313792","text":"【北朝鮮ミサイル 日本海の排他的経済水域に落下 官房長官】\n菅官房長官は、午前10時半前から総理大臣官邸で臨時の記者会見を行い、「本日9時39分ごろ、北朝鮮西岸より弾道ミサイルが発射され、約40分間飛しょうし、日本海のわが国の排他的経済水域に落下したと見られる」と述べました。","truncated":false,"entities":{"hashtags":[],"symbols":[],"user_mentions":[],"urls":[]},"metadata":{"iso_language_code":"ja","result_type":"recent"},"source":"<a href=\"https://unnerv.jp/@UN_NERV\" rel=\"nofollow\">特務機関NERV MAGI</a>","in_reply_to_status_id":null,"in_reply_to_status_id_str":null,"in_reply_to_user_id":null,"in_reply_to_user_id_str":null,"in_reply_to_screen_name":null,"user":{"id":116548789,"id_str":"116548789","name":"特務機関NERV","screen_name":"UN_NERV","location":"第3新東京市","description":"U.N.NERV\r\nネルフです。本アカウントからの返信やRTは行えません。発表のみを行うアカウントとなります。お問い合わせなどは広報アカウント @NERVPR 宛にお願いいたします。ヤシマ作戦公式アカウントです。ヤシマ作戦及び本アカウントはエヴァンゲリオン版権元のご理解とご協力により、公認ですが非公式です。","url":"https://t.co/h4VV1lfQxP","entities":{"url":{"urls":[{"url":"https://t.co/h4VV1lfQxP","expanded_url":"https://unnerv.jp/@UN_NERV","display_url":"unnerv.jp/@UN_NERV","indices":[0,23]}]},"description":{"urls":[]}},"protected":false,"followers_count":423818,"friends_count":101,"listed_count":17070,"created_at":"Mon Feb 22 21:35:21 +0000 2010","favourites_count":1,"utc_offset":32400,"time_zone":"Tokyo","geo_enabled":false,"verified":false,"statuses_count":175030,"lang":"ja","contributors_enabled":false,"is_translator":false,"is_translation_enabled":false,"profile_background_color":"808080","profile_background_image_url":"http://pbs.twimg.com/profile_background_images/77623949/img74d96c6fzik8zj.png","profile_background_image_url_https":"https://pbs.twimg.com/profile_background_images/77623949/img74d96c6fzik8zj.png","profile_background_tile":false,"profile_image_url":"http://pbs.twimg.com/profile_images/1874890040/un_nerv_normal.png","profile_image_url_https":"https://pbs.twimg.com/profile_images/1874890040/un_nerv_normal.png","profile_banner_url":"https://pbs.twimg.com/profile_banners/116548789/1352202156","profile_link_color":"A8A8A8","profile_sidebar_border_color":"C20F0F","profile_sidebar_fill_color":"000000","profile_text_color":"D41515","profile_use_background_image":true,"has_extended_profile":false,"default_profile":false,"default_profile_image":false,"following":false,"follow_request_sent":false,"notifications":false,"translator_type":"none"},"geo":null,"coordinates":null,"place":null,"contributors":null,"is_quote_status":false,"retweet_count":211,"favorite_count":62,"favorited":false,"retweeted":false,"lang":"ja"},{"created_at":"Tue Jul 04 01:34:54 +0000 2017","id":882050052037894100,"id_str":"882050052037894145","text":"【2017年7月4日 10:34 NHK】\n北朝鮮ミサイル 日本海の排他的経済水域に落下 官房長官\nhttps://t.co/UwKX1ZGPyT","truncated":false,"entities":{"hashtags":[],"symbols":[],"user_mentions":[],"urls":[{"url":"https://t.co/UwKX1ZGPyT","expanded_url":"http://nerv.link/QbMd0T","display_url":"nerv.link/QbMd0T","indices":[50,73]}]},"metadata":{"iso_language_code":"ja","result_type":"recent"},"source":"<a href=\"https://unnerv.jp/@UN_NERV\" rel=\"nofollow\">特務機関NERV MAGI</a>","in_reply_to_status_id":null,"in_reply_to_status_id_str":null,"in_reply_to_user_id":null,"in_reply_to_user_id_str":null,"in_reply_to_screen_name":null,"user":{"id":116548789,"id_str":"116548789","name":"特務機関NERV","screen_name":"UN_NERV","location":"第3新東京市","description":"U.N.NERV\r\nネルフです。本アカウントからの返信やRTは行えません。発表のみを行うアカウントとなります。お問い合わせなどは広報アカウント @NERVPR 宛にお願いいたします。ヤシマ作戦公式アカウントです。ヤシマ作戦及び本アカウントはエヴァンゲリオン版権元のご理解とご協力により、公認ですが非公式です。","url":"https://t.co/h4VV1lfQxP","entities":{"url":{"urls":[{"url":"https://t.co/h4VV1lfQxP","expanded_url":"https://unnerv.jp/@UN_NERV","display_url":"unnerv.jp/@UN_NERV","indices":[0,23]}]},"description":{"urls":[]}},"protected":false,"followers_count":423818,"friends_count":101,"listed_count":17070,"created_at":"Mon Feb 22 21:35:21 +0000 2010","favourites_count":1,"utc_offset":32400,"time_zone":"Tokyo","geo_enabled":false,"verified":false,"statuses_count":175030,"lang":"ja","contributors_enabled":false,"is_translator":false,"is_translation_enabled":false,"profile_background_color":"808080","profile_background_image_url":"http://pbs.twimg.com/profile_background_images/77623949/img74d96c6fzik8zj.png","profile_background_image_url_https":"https://pbs.twimg.com/profile_background_images/77623949/img74d96c6fzik8zj.png","profile_background_tile":false,"profile_image_url":"http://pbs.twimg.com/profile_images/1874890040/un_nerv_normal.png","profile_image_url_https":"https://pbs.twimg.com/profile_images/1874890040/un_nerv_normal.png","profile_banner_url":"https://pbs.twimg.com/profile_banners/116548789/1352202156","profile_link_color":"A8A8A8","profile_sidebar_border_color":"C20F0F","profile_sidebar_fill_color":"000000","profile_text_color":"D41515","profile_use_background_image":true,"has_extended_profile":false,"default_profile":false,"default_profile_image":false,"following":false,"follow_request_sent":false,"notifications":false,"translator_type":"none"},"geo":null,"coordinates":null,"place":null,"contributors":null,"is_quote_status":false,"retweet_count":66,"favorite_count":23,"favorited":false,"retweeted":false,"possibly_sensitive":false,"lang":"ja"},{"created_at":"Tue Jul 04 01:34:38 +0000 2017","id":882049983280586800,"id_str":"882049983280586752","text":"北朝鮮の弾道ミサイルは40分間飛んで日本のEEZ内に着水したという事は、超高高度ロフテッド軌道の弾道ミサイルだね。トランプ大統領は北朝鮮の先制攻撃を決断して良いよ #nhk","truncated":false,"entities":{"hashtags":[{"text":"nhk","indices":[82,86]}],"symbols":[],"user_mentions":[],"urls":[]},"metadata":{"iso_language_code":"ja","result_type":"recent"},"source":"<a href=\"http://bit.ly/UDldit\" rel=\"nofollow\">Saezuri</a>","in_reply_to_status_id":null,"in_reply_to_status_id_str":null,"in_reply_to_user_id":null,"in_reply_to_user_id_str":null,"in_reply_to_screen_name":null,"user":{"id":524294327,"id_str":"524294327","name":"500円","screen_name":"_500yen","location":"日本銀行","description":"ここは実況垢(@_500yen)です／ https://t.co/47sclMQccz ／本垢は(@bio_jackrose)です／ https://t.co/OdmT4fq1c1 ／ ※ツイートは誤字脱字が多目ですので「忖度」してください＼(^o^)／","url":"https://t.co/wePGds7zOE","entities":{"url":{"urls":[{"url":"https://t.co/wePGds7zOE","expanded_url":"https://aclog.rhe.jp/_500yen","display_url":"aclog.rhe.jp/_500yen","indices":[0,23]}]},"description":{"urls":[{"url":"https://t.co/47sclMQccz","expanded_url":"http://fivezerozero.tumblr.com","display_url":"fivezerozero.tumblr.com","indices":[20,43]},{"url":"https://t.co/OdmT4fq1c1","expanded_url":"http://jackrose.tumblr.com","display_url":"jackrose.tumblr.com","indices":[67,90]}]}},"protected":false,"followers_count":43946,"friends_count":578,"listed_count":816,"created_at":"Wed Mar 14 12:11:11 +0000 2012","favourites_count":131362,"utc_offset":32400,"time_zone":"Tokyo","geo_enabled":false,"verified":false,"statuses_count":26809,"lang":"ja","contributors_enabled":false,"is_translator":false,"is_translation_enabled":false,"profile_background_color":"00C6E1","profile_background_image_url":"http://pbs.twimg.com/profile_background_images/597033948468760576/yht65XtD.png","profile_background_image_url_https":"https://pbs.twimg.com/profile_background_images/597033948468760576/yht65XtD.png","profile_background_tile":false,"profile_image_url":"http://pbs.twimg.com/profile_images/2892403315/3b163fe3c2c3fea75c665836cef68767_normal.png","profile_image_url_https":"https://pbs.twimg.com/profile_images/2892403315/3b163fe3c2c3fea75c665836cef68767_normal.png","profile_banner_url":"https://pbs.twimg.com/profile_banners/524294327/1431184208","profile_link_color":"DD2E44","profile_sidebar_border_color":"000000","profile_sidebar_fill_color":"95E8EC","profile_text_color":"3C3940","profile_use_background_image":false,"has_extended_profile":false,"default_profile":false,"default_profile_image":false,"following":false,"follow_request_sent":false,"notifications":false,"translator_type":"regular"},"geo":null,"coordinates":null,"place":null,"contributors":null,"is_quote_status":false,"retweet_count":55,"favorite_count":40,"favorited":false,"retweeted":false,"lang":"ja"},{"created_at":"Tue Jul 04 01:34:00 +0000 2017","id":882049823779602400,"id_str":"882049823779602432","text":"おはようございます。\n大分ロケはまだまだ続きます(^^)\nお次は総北3年生組♪\n#ドラペダ #たかもん #大分県 #ロケ https://t.co/fax5Vp4YPW","truncated":false,"entities":{"hashtags":[{"text":"ドラペダ","indices":[40,45]},{"text":"たかもん","indices":[46,51]},{"text":"大分県","indices":[52,56]},{"text":"ロケ","indices":[57,60]}],"symbols":[],"user_mentions":[],"urls":[],"media":[{"id":882049813511983100,"id_str":"882049813511983104","indices":[61,84],"media_url":"http://pbs.twimg.com/media/DD2rodCU0AAgtHE.jpg","media_url_https":"https://pbs.twimg.com/media/DD2rodCU0AAgtHE.jpg","url":"https://t.co/fax5Vp4YPW","display_url":"pic.twitter.com/fax5Vp4YPW","expanded_url":"https://twitter.com/sptv_yowapeda/status/882049823779602432/photo/1","type":"photo","sizes":{"medium":{"w":1200,"h":878,"resize":"fit"},"thumb":{"w":150,"h":150,"resize":"crop"},"small":{"w":680,"h":498,"resize":"fit"},"large":{"w":1312,"h":960,"resize":"fit"}}}]},"extended_entities":{"media":[{"id":882049813511983100,"id_str":"882049813511983104","indices":[61,84],"media_url":"http://pbs.twimg.com/media/DD2rodCU0AAgtHE.jpg","media_url_https":"https://pbs.twimg.com/media/DD2rodCU0AAgtHE.jpg","url":"https://t.co/fax5Vp4YPW","display_url":"pic.twitter.com/fax5Vp4YPW","expanded_url":"https://twitter.com/sptv_yowapeda/status/882049823779602432/photo/1","type":"photo","sizes":{"medium":{"w":1200,"h":878,"resize":"fit"},"thumb":{"w":150,"h":150,"resize":"crop"},"small":{"w":680,"h":498,"resize":"fit"},"large":{"w":1312,"h":960,"resize":"fit"}}},{"id":882049813511929900,"id_str":"882049813511929856","indices":[61,84],"media_url":"http://pbs.twimg.com/media/DD2rodCUAAAjO57.jpg","media_url_https":"https://pbs.twimg.com/media/DD2rodCUAAAjO57.jpg","url":"https://t.co/fax5Vp4YPW","display_url":"pic.twitter.com/fax5Vp4YPW","expanded_url":"https://twitter.com/sptv_yowapeda/status/882049823779602432/photo/1","type":"photo","sizes":{"small":{"w":434,"h":680,"resize":"fit"},"medium":{"w":765,"h":1200,"resize":"fit"},"thumb":{"w":150,"h":150,"resize":"crop"},"large":{"w":960,"h":1505,"resize":"fit"}}},{"id":882049813507825700,"id_str":"882049813507825668","indices":[61,84],"media_url":"http://pbs.twimg.com/media/DD2rodBVYAQQTfj.jpg","media_url_https":"https://pbs.twimg.com/media/DD2rodBVYAQQTfj.jpg","url":"https://t.co/fax5Vp4YPW","display_url":"pic.twitter.com/fax5Vp4YPW","expanded_url":"https://twitter.com/sptv_yowapeda/status/882049823779602432/photo/1","type":"photo","sizes":{"small":{"w":422,"h":680,"resize":"fit"},"large":{"w":960,"h":1547,"resize":"fit"},"thumb":{"w":150,"h":150,"resize":"crop"},"medium":{"w":745,"h":1200,"resize":"fit"}}}]},"metadata":{"iso_language_code":"ja","result_type":"recent"},"source":"<a href=\"http://twitter.com/download/iphone\" rel=\"nofollow\">Twitter for iPhone</a>","in_reply_to_status_id":null,"in_reply_to_status_id_str":null,"in_reply_to_user_id":null,"in_reply_to_user_id_str":null,"in_reply_to_screen_name":null,"user":{"id":730638350349045800,"id_str":"730638350349045760","name":"ドラマ『弱虫ペダルSeason2』","screen_name":"sptv_yowapeda","location":"","description":"BSスカパー！オリジナル連続ドラマ 。続編製作決定！インターハイ編！2017年、BSスカパー！で放送。スカパー！オンデマンドで配信。スカパー加入者のみ視聴できます。監督は『下町ロケット』『半沢直樹』演出の棚澤孝義。","url":"https://t.co/mzQWlseYYi","entities":{"url":{"urls":[{"url":"https://t.co/mzQWlseYYi","expanded_url":"http://www.bs-sptv.com/yowapeda/","display_url":"bs-sptv.com/yowapeda/","indices":[0,23]}]},"description":{"urls":[]}},"protected":false,"followers_count":39801,"friends_count":33,"listed_count":641,"created_at":"Thu May 12 05:58:52 +0000 2016","favourites_count":28,"utc_offset":32400,"time_zone":"Tokyo","geo_enabled":false,"verified":true,"statuses_count":640,"lang":"ja","contributors_enabled":false,"is_translator":false,"is_translation_enabled":false,"profile_background_color":"F5F8FA","profile_background_image_url":null,"profile_background_image_url_https":null,"profile_background_tile":false,"profile_image_url":"http://pbs.twimg.com/profile_images/863015305848569856/jRZx3Osm_normal.jpg","profile_image_url_https":"https://pbs.twimg.com/profile_images/863015305848569856/jRZx3Osm_normal.jpg","profile_banner_url":"https://pbs.twimg.com/profile_banners/730638350349045760/1494823000","profile_link_color":"1DA1F2","profile_sidebar_border_color":"C0DEED","profile_sidebar_fill_color":"DDEEF6","profile_text_color":"333333","profile_use_background_image":true,"has_extended_profile":false,"default_profile":true,"default_profile_image":false,"following":false,"follow_request_sent":false,"notifications":false,"translator_type":"none"},"geo":null,"coordinates":null,"place":null,"contributors":null,"is_quote_status":false,"retweet_count":86,"favorite_count":179,"favorited":false,"retweeted":false,"possibly_sensitive":false,"lang":"ja"},{"created_at":"Tue Jul 04 01:33:06 +0000 2017","id":882049597002072000,"id_str":"882049597002072064","text":"「血界戦線 &amp; BEYOND」レオやミシェーラ、ライブラメンバー描いたビジュアル https://t.co/xYYM713VqT #kekkai_anime https://t.co/OmkHyylxMu","truncated":false,"entities":{"hashtags":[{"text":"kekkai_anime","indices":[69,82]}],"symbols":[],"user_mentions":[],"urls":[{"url":"https://t.co/xYYM713VqT","expanded_url":"http://natalie.mu/comic/news/239347","display_url":"natalie.mu/comic/news/239…","indices":[45,68]}],"media":[{"id":882049594061856800,"id_str":"882049594061856768","indices":[83,106],"media_url":"http://pbs.twimg.com/media/DD2rbrhVoAAigSk.jpg","media_url_https":"https://pbs.twimg.com/media/DD2rbrhVoAAigSk.jpg","url":"https://t.co/OmkHyylxMu","display_url":"pic.twitter.com/OmkHyylxMu","expanded_url":"https://twitter.com/comic_natalie/status/882049597002072064/photo/1","type":"photo","sizes":{"large":{"w":563,"h":800,"resize":"fit"},"thumb":{"w":150,"h":150,"resize":"crop"},"small":{"w":479,"h":680,"resize":"fit"},"medium":{"w":563,"h":800,"resize":"fit"}}}]},"extended_entities":{"media":[{"id":882049594061856800,"id_str":"882049594061856768","indices":[83,106],"media_url":"http://pbs.twimg.com/media/DD2rbrhVoAAigSk.jpg","media_url_https":"https://pbs.twimg.com/media/DD2rbrhVoAAigSk.jpg","url":"https://t.co/OmkHyylxMu","display_url":"pic.twitter.com/OmkHyylxMu","expanded_url":"https://twitter.com/comic_natalie/status/882049597002072064/photo/1","type":"photo","sizes":{"large":{"w":563,"h":800,"resize":"fit"},"thumb":{"w":150,"h":150,"resize":"crop"},"small":{"w":479,"h":680,"resize":"fit"},"medium":{"w":563,"h":800,"resize":"fit"}}}]},"metadata":{"iso_language_code":"ja","result_type":"recent"},"source":"<a href=\"http://natalie.mu/comic\" rel=\"nofollow\">comic_natalie</a>","in_reply_to_status_id":null,"in_reply_to_status_id_str":null,"in_reply_to_user_id":null,"in_reply_to_user_id_str":null,"in_reply_to_screen_name":null,"user":{"id":18622184,"id_str":"18622184","name":"コミックナタリー","screen_name":"comic_natalie","location":"東京","description":"マンガのニュースを毎日発信するコミックナタリーの記事ヘッドラインをお届け。音楽ナタリー（@natalie_mu）、お笑いナタリー（@owarai_natalie）、映画ナタリー（@eiga_natalie）、ステージナタリー（@stage_natalie）ナタリーストア（@natalie_store）も併せてどうぞ。","url":"http://t.co/oDRqtG4rhU","entities":{"url":{"urls":[{"url":"http://t.co/oDRqtG4rhU","expanded_url":"http://natalie.mu/comic","display_url":"natalie.mu/comic","indices":[0,22]}]},"description":{"urls":[]}},"protected":false,"followers_count":295897,"friends_count":6,"listed_count":9757,"created_at":"Mon Jan 05 03:33:30 +0000 2009","favourites_count":57,"utc_offset":32400,"time_zone":"Tokyo","geo_enabled":false,"verified":true,"statuses_count":53905,"lang":"ja","contributors_enabled":false,"is_translator":false,"is_translation_enabled":false,"profile_background_color":"E4E0D9","profile_background_image_url":"http://pbs.twimg.com/profile_background_images/4244500/comic_bg.png","profile_background_image_url_https":"https://pbs.twimg.com/profile_background_images/4244500/comic_bg.png","profile_background_tile":false,"profile_image_url":"http://pbs.twimg.com/profile_images/541890424114126848/EEFqjOib_normal.png","profile_image_url_https":"https://pbs.twimg.com/profile_images/541890424114126848/EEFqjOib_normal.png","profile_banner_url":"https://pbs.twimg.com/profile_banners/18622184/1418031708","profile_link_color":"7DB739","profile_sidebar_border_color":"E4E0D9","profile_sidebar_fill_color":"FFFFFF","profile_text_color":"333333","profile_use_background_image":true,"has_extended_profile":false,"default_profile":false,"default_profile_image":false,"following":false,"follow_request_sent":false,"notifications":false,"translator_type":"none"},"geo":null,"coordinates":null,"place":null,"contributors":null,"is_quote_status":false,"retweet_count":68,"favorite_count":70,"favorited":false,"retweeted":false,"possibly_sensitive":false,"lang":"ja"},{"created_at":"Tue Jul 04 01:32:26 +0000 2017","id":882049431909965800,"id_str":"882049431909965825","text":"フラスタのイラスト頂きました😂😂\n可愛すぎるううううう…\nお家に飾っています…\n素敵なイラスト本当にありがとうございます✨\n静岡で頂いたプレゼントも届いたのでまたブログとかでご報告します( ᐛ )و https://t.co/mcsuBjw5hd","truncated":false,"entities":{"hashtags":[],"symbols":[],"user_mentions":[],"urls":[],"media":[{"id":882049422816796700,"id_str":"882049422816796672","indices":[100,123],"media_url":"http://pbs.twimg.com/media/DD2rRtlVYAAPvmN.jpg","media_url_https":"https://pbs.twimg.com/media/DD2rRtlVYAAPvmN.jpg","url":"https://t.co/mcsuBjw5hd","display_url":"pic.twitter.com/mcsuBjw5hd","expanded_url":"https://twitter.com/Yuki_Nakashim/status/882049431909965825/photo/1","type":"photo","sizes":{"small":{"w":680,"h":510,"resize":"fit"},"medium":{"w":1000,"h":750,"resize":"fit"},"large":{"w":1000,"h":750,"resize":"fit"},"thumb":{"w":150,"h":150,"resize":"crop"}}}]},"extended_entities":{"media":[{"id":882049422816796700,"id_str":"882049422816796672","indices":[100,123],"media_url":"http://pbs.twimg.com/media/DD2rRtlVYAAPvmN.jpg","media_url_https":"https://pbs.twimg.com/media/DD2rRtlVYAAPvmN.jpg","url":"https://t.co/mcsuBjw5hd","display_url":"pic.twitter.com/mcsuBjw5hd","expanded_url":"https://twitter.com/Yuki_Nakashim/status/882049431909965825/photo/1","type":"photo","sizes":{"small":{"w":680,"h":510,"resize":"fit"},"medium":{"w":1000,"h":750,"resize":"fit"},"large":{"w":1000,"h":750,"resize":"fit"},"thumb":{"w":150,"h":150,"resize":"crop"}}}]},"metadata":{"iso_language_code":"ja","result_type":"recent"},"source":"<a href=\"http://twitter.com/download/iphone\" rel=\"nofollow\">Twitter for iPhone</a>","in_reply_to_status_id":null,"in_reply_to_status_id_str":null,"in_reply_to_user_id":null,"in_reply_to_user_id_str":null,"in_reply_to_screen_name":null,"user":{"id":767898518178582500,"id_str":"767898518178582528","name":"中島由貴❄","screen_name":"Yuki_Nakashim","location":"和歌山県出身","description":"アース・スター ドリーム 白＊アース・スター エンターテイメント所属新人声優 ＊『ゆめふわマカロン』ミンミ『遊☆戯☆王VRAINS』財前葵/ブルーエンジェル『アイドルマスター シンデレラガールズ』乙倉悠貴『うさかめ』『てーきゅう』田中きなこ など…＊jubeat clanシステム音声担当✩jubeatソロ曲配信中✩","url":"https://t.co/UhTwhHgxDo","entities":{"url":{"urls":[{"url":"https://t.co/UhTwhHgxDo","expanded_url":"http://comic-earthstar.jp/esd/","display_url":"comic-earthstar.jp/esd/","indices":[0,23]}]},"description":{"urls":[]}},"protected":false,"followers_count":28271,"friends_count":334,"listed_count":1271,"created_at":"Tue Aug 23 01:37:28 +0000 2016","favourites_count":2212,"utc_offset":-25200,"time_zone":"Pacific Time (US & Canada)","geo_enabled":false,"verified":false,"statuses_count":4079,"lang":"ja","contributors_enabled":false,"is_translator":false,"is_translation_enabled":false,"profile_background_color":"000000","profile_background_image_url":"http://abs.twimg.com/images/themes/theme1/bg.png","profile_background_image_url_https":"https://abs.twimg.com/images/themes/theme1/bg.png","profile_background_tile":false,"profile_image_url":"http://pbs.twimg.com/profile_images/790683572633939968/eEnvra2m_normal.jpg","profile_image_url_https":"https://pbs.twimg.com/profile_images/790683572633939968/eEnvra2m_normal.jpg","profile_banner_url":"https://pbs.twimg.com/profile_banners/767898518178582528/1494602852","profile_link_color":"ABB8C2","profile_sidebar_border_color":"000000","profile_sidebar_fill_color":"000000","profile_text_color":"000000","profile_use_background_image":false,"has_extended_profile":true,"default_profile":false,"default_profile_image":false,"following":false,"follow_request_sent":false,"notifications":false,"translator_type":"none"},"geo":null,"coordinates":null,"place":null,"contributors":null,"is_quote_status":false,"retweet_count":121,"favorite_count":224,"favorited":false,"retweeted":false,"possibly_sensitive":false,"lang":"ja"},{"created_at":"Tue Jul 04 01:31:55 +0000 2017","id":882049298594119700,"id_str":"882049298594119680","text":"【速報】北朝鮮ミサイル排他的経済水域に落下か 船舶など被害は確認されず 官房長官（NHK ニュース ）","truncated":false,"entities":{"hashtags":[],"symbols":[],"user_mentions":[],"urls":[]},"metadata":{"iso_language_code":"ja","result_type":"recent"},"source":"<a href=\"http://twitter.com\" rel=\"nofollow\">Twitter Web Client</a>","in_reply_to_status_id":882041178266325000,"in_reply_to_status_id_str":"882041178266324992","in_reply_to_user_id":17306975,"in_reply_to_user_id_str":"17306975","in_reply_to_screen_name":"livedoornews","user":{"id":17306975,"id_str":"17306975","name":"ライブドアニュース","screen_name":"livedoornews","location":"","description":"LINE →https://t.co/yhJO0o7Jns／FB → https://t.co/LHTCuyIEjr／インスタ／→https://t.co/SpmVgPtfCG","url":"http://t.co/Q4Bh3OCfgY","entities":{"url":{"urls":[{"url":"http://t.co/Q4Bh3OCfgY","expanded_url":"http://news.livedoor.com/","display_url":"news.livedoor.com","indices":[0,22]}]},"description":{"urls":[{"url":"https://t.co/yhJO0o7Jns","expanded_url":"http://goo.gl/upBgKP","display_url":"goo.gl/upBgKP","indices":[6,29]},{"url":"https://t.co/LHTCuyIEjr","expanded_url":"http://goo.gl/nDULhn","display_url":"goo.gl/nDULhn","indices":[35,58]},{"url":"https://t.co/SpmVgPtfCG","expanded_url":"http://goo.gl/cHGD9G","display_url":"goo.gl/cHGD9G","indices":[65,88]}]}},"protected":false,"followers_count":421974,"friends_count":86,"listed_count":6114,"created_at":"Tue Nov 11 09:56:31 +0000 2008","favourites_count":2605,"utc_offset":32400,"time_zone":"Tokyo","geo_enabled":false,"verified":true,"statuses_count":175926,"lang":"ja","contributors_enabled":false,"is_translator":false,"is_translation_enabled":false,"profile_background_color":"FFFFFF","profile_background_image_url":"http://pbs.twimg.com/profile_background_images/378800000085828060/4b07c1d868c917fb65a3d64a20904cd5.jpeg","profile_background_image_url_https":"https://pbs.twimg.com/profile_background_images/378800000085828060/4b07c1d868c917fb65a3d64a20904cd5.jpeg","profile_background_tile":false,"profile_image_url":"http://pbs.twimg.com/profile_images/875662964988166149/whdJTD2I_normal.jpg","profile_image_url_https":"https://pbs.twimg.com/profile_images/875662964988166149/whdJTD2I_normal.jpg","profile_link_color":"51ADD4","profile_sidebar_border_color":"FFFFFF","profile_sidebar_fill_color":"95E8EC","profile_text_color":"3C3940","profile_use_background_image":true,"has_extended_profile":false,"default_profile":false,"default_profile_image":false,"following":false,"follow_request_sent":false,"notifications":false,"translator_type":"none"},"geo":null,"coordinates":null,"place":null,"contributors":null,"is_quote_status":false,"retweet_count":70,"favorite_count":48,"favorited":false,"retweeted":false,"lang":"ja"},{"created_at":"Tue Jul 04 01:30:44 +0000 2017","id":882049001180102700,"id_str":"882049001180102657","text":"最近、食卓に鶏のささみ料理がよく出てくるので、また家人のダイエットが始まったのだと思う。もう、今年何回目のダイエットであろうか、、、。でも、これは僕の大好物で、ささみの下に荒おろしの大根がたっぷりで、ポン酢でいただきます。柚子コシ… https://t.co/aoKhrq8YGK","truncated":true,"entities":{"hashtags":[],"symbols":[],"user_mentions":[],"urls":[{"url":"https://t.co/aoKhrq8YGK","expanded_url":"https://twitter.com/i/web/status/882049001180102657","display_url":"twitter.com/i/web/status/8…","indices":[117,140]}]},"metadata":{"iso_language_code":"ja","result_type":"recent"},"source":"<a href=\"http://twitter.com/download/iphone\" rel=\"nofollow\">Twitter for iPhone</a>","in_reply_to_status_id":null,"in_reply_to_status_id_str":null,"in_reply_to_user_id":null,"in_reply_to_user_id_str":null,"in_reply_to_screen_name":null,"user":{"id":124383323,"id_str":"124383323","name":"小池一夫","screen_name":"koikekazuo","location":"東京 ","description":"寝ても覚めてもキャラクターマン！ 劇画原作者・小池一夫の公式ツイッターです。近況・最新情報をお知らせします。 小池一夫は基本的に毎日つぶやきます。【小池一夫キャラクターマン講座】 https://t.co/H4rbL3B0Pb 【小池一夫の漫画寺合宿】 https://t.co/EdEgC4fYpd","url":"https://t.co/qYHdW7vOrr","entities":{"url":{"urls":[{"url":"https://t.co/qYHdW7vOrr","expanded_url":"http://lineblog.me/koikekazuo/","display_url":"lineblog.me/koikekazuo/","indices":[0,23]}]},"description":{"urls":[{"url":"https://t.co/H4rbL3B0Pb","expanded_url":"http://www.koikekazuo.jp","display_url":"koikekazuo.jp","indices":[90,113]},{"url":"https://t.co/EdEgC4fYpd","expanded_url":"https://goo.gl/8fmR8q","display_url":"goo.gl/8fmR8q","indices":[127,150]}]}},"protected":false,"followers_count":489426,"friends_count":196,"listed_count":6387,"created_at":"Fri Mar 19 06:35:40 +0000 2010","favourites_count":1304,"utc_offset":32400,"time_zone":"Tokyo","geo_enabled":true,"verified":false,"statuses_count":11168,"lang":"ja","contributors_enabled":false,"is_translator":false,"is_translation_enabled":false,"profile_background_color":"C0DEED","profile_background_image_url":"http://abs.twimg.com/images/themes/theme1/bg.png","profile_background_image_url_https":"https://abs.twimg.com/images/themes/theme1/bg.png","profile_background_tile":false,"profile_image_url":"http://pbs.twimg.com/profile_images/813055750389932033/n3-j8Rfz_normal.jpg","profile_image_url_https":"https://pbs.twimg.com/profile_images/813055750389932033/n3-j8Rfz_normal.jpg","profile_link_color":"1DA1F2","profile_sidebar_border_color":"C0DEED","profile_sidebar_fill_color":"DDEEF6","profile_text_color":"333333","profile_use_background_image":true,"has_extended_profile":true,"default_profile":true,"default_profile_image":false,"following":false,"follow_request_sent":false,"notifications":false,"translator_type":"none"},"geo":null,"coordinates":null,"place":null,"contributors":null,"is_quote_status":false,"retweet_count":70,"favorite_count":249,"favorited":false,"retweeted":false,"possibly_sensitive":false,"lang":"ja"},{"created_at":"Tue Jul 04 01:30:24 +0000 2017","id":882048920129388500,"id_str":"882048920129388544","text":"夏コミで出すキャス狐抱き枕表見本、シーツは色も塗りも仮置きです、ハート無しはぱうーにあります https://t.co/4gWUGg7Bni","truncated":false,"entities":{"hashtags":[],"symbols":[],"user_mentions":[],"urls":[],"media":[{"id":882048528180166700,"id_str":"882048528180166656","indices":[47,70],"media_url":"http://pbs.twimg.com/media/DD2qdozVwAAH34g.jpg","media_url_https":"https://pbs.twimg.com/media/DD2qdozVwAAH34g.jpg","url":"https://t.co/4gWUGg7Bni","display_url":"pic.twitter.com/4gWUGg7Bni","expanded_url":"https://twitter.com/sasorigatame/status/882048920129388544/photo/1","type":"photo","sizes":{"medium":{"w":275,"h":745,"resize":"fit"},"large":{"w":275,"h":745,"resize":"fit"},"thumb":{"w":150,"h":150,"resize":"crop"},"small":{"w":251,"h":680,"resize":"fit"}}}]},"extended_entities":{"media":[{"id":882048528180166700,"id_str":"882048528180166656","indices":[47,70],"media_url":"http://pbs.twimg.com/media/DD2qdozVwAAH34g.jpg","media_url_https":"https://pbs.twimg.com/media/DD2qdozVwAAH34g.jpg","url":"https://t.co/4gWUGg7Bni","display_url":"pic.twitter.com/4gWUGg7Bni","expanded_url":"https://twitter.com/sasorigatame/status/882048920129388544/photo/1","type":"photo","sizes":{"medium":{"w":275,"h":745,"resize":"fit"},"large":{"w":275,"h":745,"resize":"fit"},"thumb":{"w":150,"h":150,"resize":"crop"},"small":{"w":251,"h":680,"resize":"fit"}}}]},"metadata":{"iso_language_code":"ja","result_type":"recent"},"source":"<a href=\"http://twitter.com\" rel=\"nofollow\">Twitter Web Client</a>","in_reply_to_status_id":null,"in_reply_to_status_id_str":null,"in_reply_to_user_id":null,"in_reply_to_user_id_str":null,"in_reply_to_screen_name":null,"user":{"id":259641417,"id_str":"259641417","name":"さそりがため＠3日目東シ83b","screen_name":"sasorigatame","location":"http://omata-pic.com/member.ph","description":"ぱうー https://t.co/0ZjgQHAWhd    　　何者にもなれず隠居したオタク、グラブルとFGOと雑談とたまに落書き taiyakiankomonaka@gmail.com  未成年の方、フォローはご遠慮くださいませ…","url":"https://t.co/3BUzVDmUl5","entities":{"url":{"urls":[{"url":"https://t.co/3BUzVDmUl5","expanded_url":"http://www.pixiv.net/member.php?id=3810781","display_url":"pixiv.net/member.php?id=…","indices":[0,23]}]},"description":{"urls":[{"url":"https://t.co/0ZjgQHAWhd","expanded_url":"https://pawoo.net/@sasorigatame","display_url":"pawoo.net/@sasorigatame","indices":[4,27]}]}},"protected":false,"followers_count":23876,"friends_count":1003,"listed_count":1020,"created_at":"Wed Mar 02 08:53:00 +0000 2011","favourites_count":2695,"utc_offset":32400,"time_zone":"Tokyo","geo_enabled":true,"verified":false,"statuses_count":39536,"lang":"ja","contributors_enabled":false,"is_translator":false,"is_translation_enabled":false,"profile_background_color":"000000","profile_background_image_url":"http://abs.twimg.com/images/themes/theme1/bg.png","profile_background_image_url_https":"https://abs.twimg.com/images/themes/theme1/bg.png","profile_background_tile":false,"profile_image_url":"http://pbs.twimg.com/profile_images/872102198368321536/cNZe1GHx_normal.jpg","profile_image_url_https":"https://pbs.twimg.com/profile_images/872102198368321536/cNZe1GHx_normal.jpg","profile_banner_url":"https://pbs.twimg.com/profile_banners/259641417/1397673874","profile_link_color":"F5ABB5","profile_sidebar_border_color":"000000","profile_sidebar_fill_color":"000000","profile_text_color":"000000","profile_use_background_image":false,"has_extended_profile":false,"default_profile":false,"default_profile_image":false,"following":false,"follow_request_sent":false,"notifications":false,"translator_type":"regular"},"geo":null,"coordinates":null,"place":null,"contributors":null,"is_quote_status":false,"retweet_count":59,"favorite_count":112,"favorited":false,"retweeted":false,"possibly_sensitive":true,"lang":"ja"},{"created_at":"Tue Jul 04 01:30:20 +0000 2017","id":882048903494778900,"id_str":"882048903494778880","text":"NHKニュース速報『北朝鮮ミサイル排他的経済水域に落下か 船舶など被害は確認されず 菅官房長官が発表』。記者会見によると、40分間飛んだとのこと。過去最長か。","truncated":false,"entities":{"hashtags":[],"symbols":[],"user_mentions":[],"urls":[]},"metadata":{"iso_language_code":"ja","result_type":"recent"},"source":"<a href=\"http://twitter.com/download/android\" rel=\"nofollow\">Twitter for Android</a>","in_reply_to_status_id":null,"in_reply_to_status_id_str":null,"in_reply_to_user_id":null,"in_reply_to_user_id_str":null,"in_reply_to_screen_name":null,"user":{"id":1426888136,"id_str":"1426888136","name":"和田　政宗","screen_name":"wadamasamune","location":"宮城県","description":"参議院議員\n変わらない被災地の現状を変えるため立ち上がりました。真の復興を皆さんとともに成し遂げ、仙台・宮城を世界の貿易拠点にすることを目指しています。\n仙台藩作法・香道といった、仙台の伝統文化の発展・継承を図ります！","url":"https://t.co/075Rg2mAkW","entities":{"url":{"urls":[{"url":"https://t.co/075Rg2mAkW","expanded_url":"http://www.wadamasamune.com","display_url":"wadamasamune.com","indices":[0,23]}]},"description":{"urls":[]}},"protected":false,"followers_count":53816,"friends_count":9402,"listed_count":1275,"created_at":"Tue May 14 02:56:28 +0000 2013","favourites_count":19,"utc_offset":28800,"time_zone":"Irkutsk","geo_enabled":true,"verified":true,"statuses_count":3205,"lang":"ja","contributors_enabled":false,"is_translator":false,"is_translation_enabled":false,"profile_background_color":"00529C","profile_background_image_url":"http://pbs.twimg.com/profile_background_images/378800000009019509/45e04b99b9f40fcfdcfc0ca4c165bdb7.png","profile_background_image_url_https":"https://pbs.twimg.com/profile_background_images/378800000009019509/45e04b99b9f40fcfdcfc0ca4c165bdb7.png","profile_background_tile":false,"profile_image_url":"http://pbs.twimg.com/profile_images/515009996950474752/dEwWwDaA_normal.png","profile_image_url_https":"https://pbs.twimg.com/profile_images/515009996950474752/dEwWwDaA_normal.png","profile_banner_url":"https://pbs.twimg.com/profile_banners/1426888136/1416540655","profile_link_color":"3887BE","profile_sidebar_border_color":"FFFFFF","profile_sidebar_fill_color":"DDEEF6","profile_text_color":"333333","profile_use_background_image":true,"has_extended_profile":false,"default_profile":false,"default_profile_image":false,"following":false,"follow_request_sent":false,"notifications":false,"translator_type":"none"},"geo":null,"coordinates":null,"place":null,"contributors":null,"is_quote_status":false,"retweet_count":162,"favorite_count":107,"favorited":false,"retweeted":false,"lang":"ja"}],"search_metadata":{"completed_in":0.058,"max_id":882050537436332000,"max_id_str":"882050537436332032","next_results":"?max_id=882048903494778879&q=lang%3Aja%20min_retweets%3A50&include_entities=1","query":"lang%3Aja+min_retweets%3A50","refresh_url":"?since_id=882050537436332032&q=lang%3Aja%20min_retweets%3A50&include_entities=1","count":15,"since_id":0,"since_id_str":"0"}}