{"statuses":[{"created_at":"Sun Jul 09 07:38:55 +0000 2017","id":883953599230861300,"id_str":"883953599230861312","text":"鹿児島は盛り上がる期待しかしてません！過去最高の盛り上がりでお願いします😚18時開演なのでお気をつけて～！","truncated":false,"entities":{"hashtags":[],"symbols":[],"user_mentions":[],"urls":[]},"metadata":{"iso_language_code":"ja","result_type":"recent"},"source":"<a href=\"http://twitter.softama.com/\" rel=\"nofollow\">ツイタマ+ for Android</a>","in_reply_to_status_id":null,"in_reply_to_status_id_str":null,"in_reply_to_user_id":null,"in_reply_to_user_id_str":null,"in_reply_to_screen_name":null,"user":{"id":2258360390,"id_str":"2258360390","name":"清水翔太","screen_name":"sshota0227","location":"","description":"|ω・`)じー","url":"http://t.co/cX4Sgs8YB4","entities":{"url":{"urls":[{"url":"http://t.co/cX4Sgs8YB4","expanded_url":"http://www.shimizushota.com/","display_url":"shimizushota.com","indices":[0,22]}]},"description":{"urls":[]}},"protected":false,"followers_count":373372,"friends_count":81,"listed_count":393,"created_at":"Mon Dec 23 02:26:40 +0000 2013","favourites_count":19,"utc_offset":32400,"time_zone":"Tokyo","geo_enabled":false,"verified":true,"statuses_count":2016,"lang":"ja","contributors_enabled":false,"is_translator":false,"is_translation_enabled":false,"profile_background_color":"C0DEED","profile_background_image_url":"http://pbs.twimg.com/profile_background_images/378800000156226768/Lj5l_zxo.png","profile_background_image_url_https":"https://pbs.twimg.com/profile_background_images/378800000156226768/Lj5l_zxo.png","profile_background_tile":false,"profile_image_url":"http://pbs.twimg.com/profile_images/868022243304943616/VVyO2u7Z_normal.jpg","profile_image_url_https":"https://pbs.twimg.com/profile_images/868022243304943616/VVyO2u7Z_normal.jpg","profile_banner_url":"https://pbs.twimg.com/profile_banners/2258360390/1474857947","profile_link_color":"0084B4","profile_sidebar_border_color":"FFFFFF","profile_sidebar_fill_color":"DDEEF6","profile_text_color":"333333","profile_use_background_image":true,"has_extended_profile":false,"default_profile":false,"default_profile_image":false,"following":false,"follow_request_sent":false,"notifications":false,"translator_type":"none"},"geo":null,"coordinates":null,"place":null,"contributors":null,"is_quote_status":false,"retweet_count":78,"favorite_count":316,"favorited":false,"retweeted":false,"lang":"ja"},{"created_at":"Sun Jul 09 07:38:26 +0000 2017","id":883953477612851200,"id_str":"883953477612851200","text":"今日の「Play of the Match」は、この人！！\n#lovefighters #宇宙一その先へ https://t.co/Ert3mgW5qI","truncated":false,"entities":{"hashtags":[{"text":"lovefighters","indices":[30,43]},{"text":"宇宙一その先へ","indices":[44,52]}],"symbols":[],"user_mentions":[],"urls":[],"media":[{"id":883952749586427900,"id_str":"883952749586427904","indices":[53,76],"media_url":"http://pbs.twimg.com/media/DERu3FKUMAAg-Mn.jpg","media_url_https":"https://pbs.twimg.com/media/DERu3FKUMAAg-Mn.jpg","url":"https://t.co/Ert3mgW5qI","display_url":"pic.twitter.com/Ert3mgW5qI","expanded_url":"https://twitter.com/FightersPR/status/883953477612851200/video/1","type":"photo","sizes":{"medium":{"w":1200,"h":670,"resize":"fit"},"thumb":{"w":150,"h":150,"resize":"crop"},"small":{"w":680,"h":380,"resize":"fit"},"large":{"w":2048,"h":1144,"resize":"fit"}}}]},"extended_entities":{"media":[{"id":883952749586427900,"id_str":"883952749586427904","indices":[53,76],"media_url":"http://pbs.twimg.com/media/DERu3FKUMAAg-Mn.jpg","media_url_https":"https://pbs.twimg.com/media/DERu3FKUMAAg-Mn.jpg","url":"https://t.co/Ert3mgW5qI","display_url":"pic.twitter.com/Ert3mgW5qI","expanded_url":"https://twitter.com/FightersPR/status/883953477612851200/video/1","type":"video","sizes":{"medium":{"w":1200,"h":670,"resize":"fit"},"thumb":{"w":150,"h":150,"resize":"crop"},"small":{"w":680,"h":380,"resize":"fit"},"large":{"w":2048,"h":1144,"resize":"fit"}},"video_info":{"aspect_ratio":[16,9],"duration_millis":125059,"variants":[{"content_type":"application/x-mpegURL","url":"https://video.twimg.com/amplify_video/883952749586427904/pl/7mvKcNHtBIi9tUfm.m3u8"},{"bitrate":832000,"content_type":"video/mp4","url":"https://video.twimg.com/amplify_video/883952749586427904/vid/640x360/w-T5IlTXNXAstHtB.mp4"},{"bitrate":320000,"content_type":"video/mp4","url":"https://video.twimg.com/amplify_video/883952749586427904/vid/320x180/Pu3kuLEAZ-0tbdGK.mp4"}]},"additional_media_info":{"title":"","description":"","embeddable":true,"monetizable":false}}]},"metadata":{"iso_language_code":"ja","result_type":"recent"},"source":"<a href=\"https://studio.twitter.com\" rel=\"nofollow\">Media Studio</a>","in_reply_to_status_id":null,"in_reply_to_status_id_str":null,"in_reply_to_user_id":null,"in_reply_to_user_id_str":null,"in_reply_to_screen_name":null,"user":{"id":2991223079,"id_str":"2991223079","name":"北海道日本ハムファイターズ公式","screen_name":"FightersPR","location":"北海道","description":"北海道日本ハムファイターズの公式アカウントです。沢山の情報をつぶやきますのでお楽しみに！一丸となって日本一を、いや宇宙一を目指しましょう！ファイターズの応援宜しくお願いします！！ ※スパム行為や過度の誹謗中傷などに関しましては通報またはブロックをさせて頂くことがありますのでご了承ください。","url":"https://t.co/SA73lnjwFO","entities":{"url":{"urls":[{"url":"https://t.co/SA73lnjwFO","expanded_url":"http://www.fighters.co.jp","display_url":"fighters.co.jp","indices":[0,23]}]},"description":{"urls":[]}},"protected":false,"followers_count":646226,"friends_count":73,"listed_count":1459,"created_at":"Thu Jan 22 02:52:41 +0000 2015","favourites_count":329,"utc_offset":-25200,"time_zone":"Pacific Time (US & Canada)","geo_enabled":false,"verified":true,"statuses_count":5514,"lang":"ja","contributors_enabled":false,"is_translator":false,"is_translation_enabled":false,"profile_background_color":"C0DEED","profile_background_image_url":"http://pbs.twimg.com/profile_background_images/563589746245386241/LWHTm-3G.jpeg","profile_background_image_url_https":"https://pbs.twimg.com/profile_background_images/563589746245386241/LWHTm-3G.jpeg","profile_background_tile":true,"profile_image_url":"http://pbs.twimg.com/profile_images/881859077759918084/AwPe9WXG_normal.jpg","profile_image_url_https":"https://pbs.twimg.com/profile_images/881859077759918084/AwPe9WXG_normal.jpg","profile_banner_url":"https://pbs.twimg.com/profile_banners/2991223079/1499584252","profile_link_color":"1B95E0","profile_sidebar_border_color":"000000","profile_sidebar_fill_color":"000000","profile_text_color":"000000","profile_use_background_image":true,"has_extended_profile":false,"default_profile":false,"default_profile_image":false,"following":false,"follow_request_sent":false,"notifications":false,"translator_type":"none"},"geo":null,"coordinates":null,"place":null,"contributors":null,"is_quote_status":false,"retweet_count":66,"favorite_count":225,"favorited":false,"retweeted":false,"possibly_sensitive":false,"lang":"ja"},{"created_at":"Sun Jul 09 07:38:23 +0000 2017","id":883953464656580600,"id_str":"883953464656580608","text":"防衛部CGライブに和臣さんとホワイティと見に行かせていただきました！みんなキラッキラでそれはもうテンション上がりまくりでした。嬉しかったなぁ〜〜 https://t.co/7WeGrVwRbQ","truncated":false,"entities":{"hashtags":[],"symbols":[],"user_mentions":[],"urls":[],"media":[{"id":883953451062788100,"id_str":"883953451062788096","indices":[73,96],"media_url":"http://pbs.twimg.com/media/DERu-viUAAAEqUT.jpg","media_url_https":"https://pbs.twimg.com/media/DERu-viUAAAEqUT.jpg","url":"https://t.co/7WeGrVwRbQ","display_url":"pic.twitter.com/7WeGrVwRbQ","expanded_url":"https://twitter.com/Koutarotaro/status/883953464656580608/photo/1","type":"photo","sizes":{"large":{"w":750,"h":1334,"resize":"fit"},"medium":{"w":675,"h":1200,"resize":"fit"},"thumb":{"w":150,"h":150,"resize":"crop"},"small":{"w":382,"h":680,"resize":"fit"}}}]},"extended_entities":{"media":[{"id":883953451062788100,"id_str":"883953451062788096","indices":[73,96],"media_url":"http://pbs.twimg.com/media/DERu-viUAAAEqUT.jpg","media_url_https":"https://pbs.twimg.com/media/DERu-viUAAAEqUT.jpg","url":"https://t.co/7WeGrVwRbQ","display_url":"pic.twitter.com/7WeGrVwRbQ","expanded_url":"https://twitter.com/Koutarotaro/status/883953464656580608/photo/1","type":"photo","sizes":{"large":{"w":750,"h":1334,"resize":"fit"},"medium":{"w":675,"h":1200,"resize":"fit"},"thumb":{"w":150,"h":150,"resize":"crop"},"small":{"w":382,"h":680,"resize":"fit"}}}]},"metadata":{"iso_language_code":"ja","result_type":"recent"},"source":"<a href=\"http://twitter.com/download/iphone\" rel=\"nofollow\">Twitter for iPhone</a>","in_reply_to_status_id":null,"in_reply_to_status_id_str":null,"in_reply_to_user_id":null,"in_reply_to_user_id_str":null,"in_reply_to_screen_name":null,"user":{"id":543187543,"id_str":"543187543","name":"西山宏太朗","screen_name":"Koutarotaro","location":"","description":"81プロデュース、声優の西山宏太朗です！","url":"https://t.co/BXzwlfEn5t","entities":{"url":{"urls":[{"url":"https://t.co/BXzwlfEn5t","expanded_url":"http://s.ameblo.jp/koutarotaro","display_url":"s.ameblo.jp/koutarotaro","indices":[0,23]}]},"description":{"urls":[]}},"protected":false,"followers_count":140330,"friends_count":429,"listed_count":4158,"created_at":"Mon Apr 02 07:15:43 +0000 2012","favourites_count":2,"utc_offset":null,"time_zone":null,"geo_enabled":false,"verified":false,"statuses_count":7784,"lang":"ja","contributors_enabled":false,"is_translator":false,"is_translation_enabled":false,"profile_background_color":"C0DEED","profile_background_image_url":"http://abs.twimg.com/images/themes/theme1/bg.png","profile_background_image_url_https":"https://abs.twimg.com/images/themes/theme1/bg.png","profile_background_tile":false,"profile_image_url":"http://pbs.twimg.com/profile_images/778741455665848323/nu8OC2FR_normal.jpg","profile_image_url_https":"https://pbs.twimg.com/profile_images/778741455665848323/nu8OC2FR_normal.jpg","profile_link_color":"1DA1F2","profile_sidebar_border_color":"C0DEED","profile_sidebar_fill_color":"DDEEF6","profile_text_color":"333333","profile_use_background_image":true,"has_extended_profile":false,"default_profile":true,"default_profile_image":false,"following":false,"follow_request_sent":false,"notifications":false,"translator_type":"none"},"geo":null,"coordinates":null,"place":null,"contributors":null,"is_quote_status":false,"retweet_count":679,"favorite_count":935,"favorited":false,"retweeted":false,"possibly_sensitive":false,"lang":"ja"},{"created_at":"Sun Jul 09 07:38:00 +0000 2017","id":883953369102118900,"id_str":"883953369102118912","text":"【悪質】居酒屋のキャッチに要注意 特徴と手口\nhttps://t.co/nL1xlla32l\n\nありのつの（@arinotsuno）さんが図解して解説。キャッチに大手居酒屋の割引を効かせられる力などなく、系列店文句は全てウソという。 https://t.co/5J36jNHO40","truncated":false,"entities":{"hashtags":[],"symbols":[],"user_mentions":[{"screen_name":"arinotsuno","name":"ありのつの","id":3188513004,"id_str":"3188513004","indices":[54,65]}],"urls":[{"url":"https://t.co/nL1xlla32l","expanded_url":"http://news.livedoor.com/article/detail/13309659/","display_url":"news.livedoor.com/article/detail…","indices":[23,46]}],"media":[{"id":883948461627809800,"id_str":"883948461627809792","indices":[117,140],"media_url":"http://pbs.twimg.com/media/DERqcUcUIAAzDv-.jpg","media_url_https":"https://pbs.twimg.com/media/DERqcUcUIAAzDv-.jpg","url":"https://t.co/5J36jNHO40","display_url":"pic.twitter.com/5J36jNHO40","expanded_url":"https://twitter.com/livedoornews/status/883953369102118912/photo/1","type":"photo","sizes":{"medium":{"w":640,"h":480,"resize":"fit"},"small":{"w":640,"h":480,"resize":"fit"},"thumb":{"w":150,"h":150,"resize":"crop"},"large":{"w":640,"h":480,"resize":"fit"}}}]},"extended_entities":{"media":[{"id":883948461627809800,"id_str":"883948461627809792","indices":[117,140],"media_url":"http://pbs.twimg.com/media/DERqcUcUIAAzDv-.jpg","media_url_https":"https://pbs.twimg.com/media/DERqcUcUIAAzDv-.jpg","url":"https://t.co/5J36jNHO40","display_url":"pic.twitter.com/5J36jNHO40","expanded_url":"https://twitter.com/livedoornews/status/883953369102118912/photo/1","type":"photo","sizes":{"medium":{"w":640,"h":480,"resize":"fit"},"small":{"w":640,"h":480,"resize":"fit"},"thumb":{"w":150,"h":150,"resize":"crop"},"large":{"w":640,"h":480,"resize":"fit"}}}]},"metadata":{"iso_language_code":"ja","result_type":"recent"},"source":"<a href=\"https://about.twitter.com/products/tweetdeck\" rel=\"nofollow\">TweetDeck</a>","in_reply_to_status_id":null,"in_reply_to_status_id_str":null,"in_reply_to_user_id":null,"in_reply_to_user_id_str":null,"in_reply_to_screen_name":null,"user":{"id":17306975,"id_str":"17306975","name":"ライブドアニュース","screen_name":"livedoornews","location":"","description":"LINE →https://t.co/yhJO0o7Jns／FB → https://t.co/LHTCuyIEjr／インスタ／→https://t.co/SpmVgPtfCG","url":"http://t.co/Q4Bh3OCfgY","entities":{"url":{"urls":[{"url":"http://t.co/Q4Bh3OCfgY","expanded_url":"http://news.livedoor.com/","display_url":"news.livedoor.com","indices":[0,22]}]},"description":{"urls":[{"url":"https://t.co/yhJO0o7Jns","expanded_url":"http://goo.gl/upBgKP","display_url":"goo.gl/upBgKP","indices":[6,29]},{"url":"https://t.co/LHTCuyIEjr","expanded_url":"http://goo.gl/nDULhn","display_url":"goo.gl/nDULhn","indices":[35,58]},{"url":"https://t.co/SpmVgPtfCG","expanded_url":"http://goo.gl/cHGD9G","display_url":"goo.gl/cHGD9G","indices":[65,88]}]}},"protected":false,"followers_count":426978,"friends_count":86,"listed_count":6128,"created_at":"Tue Nov 11 09:56:31 +0000 2008","favourites_count":2607,"utc_offset":32400,"time_zone":"Tokyo","geo_enabled":false,"verified":true,"statuses_count":176331,"lang":"ja","contributors_enabled":false,"is_translator":false,"is_translation_enabled":false,"profile_background_color":"FFFFFF","profile_background_image_url":"http://pbs.twimg.com/profile_background_images/378800000085828060/4b07c1d868c917fb65a3d64a20904cd5.jpeg","profile_background_image_url_https":"https://pbs.twimg.com/profile_background_images/378800000085828060/4b07c1d868c917fb65a3d64a20904cd5.jpeg","profile_background_tile":false,"profile_image_url":"http://pbs.twimg.com/profile_images/875662964988166149/whdJTD2I_normal.jpg","profile_image_url_https":"https://pbs.twimg.com/profile_images/875662964988166149/whdJTD2I_normal.jpg","profile_link_color":"51ADD4","profile_sidebar_border_color":"FFFFFF","profile_sidebar_fill_color":"95E8EC","profile_text_color":"3C3940","profile_use_background_image":true,"has_extended_profile":false,"default_profile":false,"default_profile_image":false,"following":false,"follow_request_sent":false,"notifications":false,"translator_type":"none"},"geo":null,"coordinates":null,"place":null,"contributors":null,"is_quote_status":false,"retweet_count":121,"favorite_count":61,"favorited":false,"retweeted":false,"possibly_sensitive":false,"lang":"ja"},{"created_at":"Sun Jul 09 07:37:02 +0000 2017","id":883953124355874800,"id_str":"883953124355874817","text":"【速報 JUST IN 】広島 福山の加茂川 氾濫危険水位超える #nhk_news https://t.co/DFfeqNGqZm","truncated":false,"entities":{"hashtags":[{"text":"nhk_news","indices":[33,42]}],"symbols":[],"user_mentions":[],"urls":[{"url":"https://t.co/DFfeqNGqZm","expanded_url":"http://www3.nhk.or.jp/news/html/20170709/k10011051081000.html","display_url":"www3.nhk.or.jp/news/html/2017…","indices":[43,66]}]},"metadata":{"iso_language_code":"ja","result_type":"recent"},"source":"<a href=\"http://www.nhk.or.jp/\" rel=\"nofollow\">NHK</a>","in_reply_to_status_id":null,"in_reply_to_status_id_str":null,"in_reply_to_user_id":null,"in_reply_to_user_id_str":null,"in_reply_to_screen_name":null,"user":{"id":204245399,"id_str":"204245399","name":"NHKニュース","screen_name":"nhk_news","location":"東京都渋谷区神南2-2-1","description":"NHKニュースの公式アカウントです。最新のニュースを24時間休みなくお届けします。 http://t.co/Q11WanxIUh をご確認、ご了承ください。問い合わせは http://t.co/QHu5wdeNyR","url":"https://t.co/8JA06ePKUg","entities":{"url":{"urls":[{"url":"https://t.co/8JA06ePKUg","expanded_url":"http://nhk.jp/news","display_url":"nhk.jp/news","indices":[0,23]}]},"description":{"urls":[{"url":"http://t.co/Q11WanxIUh","expanded_url":"http://nhk.jp/rules","display_url":"nhk.jp/rules","indices":[42,64]},{"url":"http://t.co/QHu5wdeNyR","expanded_url":"http://www.nhk.or.jp/css/","display_url":"nhk.or.jp/css/","indices":[85,107]}]}},"protected":false,"followers_count":2300172,"friends_count":15,"listed_count":58496,"created_at":"Mon Oct 18 08:15:29 +0000 2010","favourites_count":0,"utc_offset":32400,"time_zone":"Tokyo","geo_enabled":false,"verified":true,"statuses_count":294500,"lang":"ja","contributors_enabled":false,"is_translator":false,"is_translation_enabled":true,"profile_background_color":"C0DEED","profile_background_image_url":"http://pbs.twimg.com/profile_background_images/828499082087796737/ppZx0TZa.jpg","profile_background_image_url_https":"https://pbs.twimg.com/profile_background_images/828499082087796737/ppZx0TZa.jpg","profile_background_tile":false,"profile_image_url":"http://pbs.twimg.com/profile_images/712261429701713920/mkdC8tNc_normal.jpg","profile_image_url_https":"https://pbs.twimg.com/profile_images/712261429701713920/mkdC8tNc_normal.jpg","profile_banner_url":"https://pbs.twimg.com/profile_banners/204245399/1401946722","profile_link_color":"0084B4","profile_sidebar_border_color":"C0DEED","profile_sidebar_fill_color":"DDEEF6","profile_text_color":"333333","profile_use_background_image":true,"has_extended_profile":false,"default_profile":false,"default_profile_image":false,"following":false,"follow_request_sent":false,"notifications":false,"translator_type":"none"},"geo":null,"coordinates":null,"place":null,"contributors":null,"is_quote_status":false,"retweet_count":78,"favorite_count":19,"favorited":false,"retweeted":false,"possibly_sensitive":false,"lang":"ja"},{"created_at":"Sun Jul 09 07:36:32 +0000 2017","id":883952997868249100,"id_str":"883952997868249088","text":"ついでに並べてみた https://t.co/yIkMu9hlOh","truncated":false,"entities":{"hashtags":[],"symbols":[],"user_mentions":[],"urls":[],"media":[{"id":883952972039733200,"id_str":"883952972039733249","indices":[10,33],"media_url":"http://pbs.twimg.com/media/DERui3CUQAE6oWZ.jpg","media_url_https":"https://pbs.twimg.com/media/DERui3CUQAE6oWZ.jpg","url":"https://t.co/yIkMu9hlOh","display_url":"pic.twitter.com/yIkMu9hlOh","expanded_url":"https://twitter.com/ha_ru_ta_ro/status/883952997868249088/photo/1","type":"photo","sizes":{"medium":{"w":1200,"h":900,"resize":"fit"},"small":{"w":680,"h":510,"resize":"fit"},"thumb":{"w":150,"h":150,"resize":"crop"},"large":{"w":2048,"h":1536,"resize":"fit"}}}]},"extended_entities":{"media":[{"id":883952972039733200,"id_str":"883952972039733249","indices":[10,33],"media_url":"http://pbs.twimg.com/media/DERui3CUQAE6oWZ.jpg","media_url_https":"https://pbs.twimg.com/media/DERui3CUQAE6oWZ.jpg","url":"https://t.co/yIkMu9hlOh","display_url":"pic.twitter.com/yIkMu9hlOh","expanded_url":"https://twitter.com/ha_ru_ta_ro/status/883952997868249088/photo/1","type":"photo","sizes":{"medium":{"w":1200,"h":900,"resize":"fit"},"small":{"w":680,"h":510,"resize":"fit"},"thumb":{"w":150,"h":150,"resize":"crop"},"large":{"w":2048,"h":1536,"resize":"fit"}}}]},"metadata":{"iso_language_code":"ja","result_type":"recent"},"source":"<a href=\"http://twitter.com/download/iphone\" rel=\"nofollow\">Twitter for iPhone</a>","in_reply_to_status_id":null,"in_reply_to_status_id_str":null,"in_reply_to_user_id":null,"in_reply_to_user_id_str":null,"in_reply_to_screen_name":null,"user":{"id":3336955106,"id_str":"3336955106","name":"はるたろー","screen_name":"ha_ru_ta_ro","location":"ネギトロ炭鉱近辺","description":"1日1絵を心掛けてほぼ毎日イカを描いてる人。ヘッダーのマイイカズが大好き［さぶ→@haru_myika］","url":"https://t.co/kjM6EcZFhW","entities":{"url":{"urls":[{"url":"https://t.co/kjM6EcZFhW","expanded_url":"http://twpf.jp/ha_ru_ta_ro","display_url":"twpf.jp/ha_ru_ta_ro","indices":[0,23]}]},"description":{"urls":[]}},"protected":false,"followers_count":6674,"friends_count":276,"listed_count":135,"created_at":"Tue Aug 25 11:47:15 +0000 2015","favourites_count":5314,"utc_offset":null,"time_zone":null,"geo_enabled":false,"verified":false,"statuses_count":8073,"lang":"ja","contributors_enabled":false,"is_translator":false,"is_translation_enabled":false,"profile_background_color":"C0DEED","profile_background_image_url":"http://abs.twimg.com/images/themes/theme1/bg.png","profile_background_image_url_https":"https://abs.twimg.com/images/themes/theme1/bg.png","profile_background_tile":false,"profile_image_url":"http://pbs.twimg.com/profile_images/859848856237953025/Kk6UfB0e_normal.jpg","profile_image_url_https":"https://pbs.twimg.com/profile_images/859848856237953025/Kk6UfB0e_normal.jpg","profile_banner_url":"https://pbs.twimg.com/profile_banners/3336955106/1496639011","profile_link_color":"1DA1F2","profile_sidebar_border_color":"C0DEED","profile_sidebar_fill_color":"DDEEF6","profile_text_color":"333333","profile_use_background_image":true,"has_extended_profile":false,"default_profile":true,"default_profile_image":false,"following":false,"follow_request_sent":false,"notifications":false,"translator_type":"none"},"geo":null,"coordinates":null,"place":null,"contributors":null,"is_quote_status":false,"retweet_count":46,"favorite_count":112,"favorited":false,"retweeted":false,"possibly_sensitive":false,"lang":"ja"},{"created_at":"Sun Jul 09 07:36:02 +0000 2017","id":883952872462864400,"id_str":"883952872462864384","text":"岩瀬仁紀　防御率2.86 → 3.77\n福谷浩司　防御率3.55 → 3.38","truncated":false,"entities":{"hashtags":[],"symbols":[],"user_mentions":[],"urls":[]},"metadata":{"iso_language_code":"ja","result_type":"recent"},"source":"<a href=\"http://twitter.com\" rel=\"nofollow\">Twitter Web Client</a>","in_reply_to_status_id":null,"in_reply_to_status_id_str":null,"in_reply_to_user_id":null,"in_reply_to_user_id_str":null,"in_reply_to_screen_name":null,"user":{"id":456566796,"id_str":"456566796","name":"のもとけ","screen_name":"dnomotoke","location":"中日ドラゴンズ新応援歌「アンセム」","description":"中日ドラゴンズファンです 実況したりしなかったり。使えそうで使えない透過素材を作ります。ドラゴンズ情報/NPB情報/プロ野球GIF/春季キャンプ/秋季キャンプ/U-23/アジアウインターリーグ ほか","url":"https://t.co/r59Y4mXPFG","entities":{"url":{"urls":[{"url":"https://t.co/r59Y4mXPFG","expanded_url":"http://www.nicovideo.jp/watch/sm25679907","display_url":"nicovideo.jp/watch/sm256799…","indices":[0,23]}]},"description":{"urls":[]}},"protected":false,"followers_count":14788,"friends_count":1221,"listed_count":204,"created_at":"Fri Jan 06 11:49:16 +0000 2012","favourites_count":31767,"utc_offset":32400,"time_zone":"Tokyo","geo_enabled":false,"verified":false,"statuses_count":99460,"lang":"ja","contributors_enabled":false,"is_translator":false,"is_translation_enabled":true,"profile_background_color":"FFFFFF","profile_background_image_url":"http://pbs.twimg.com/profile_background_images/827760928/9ffa2a8cb158d72e510ecf06aaadc77a.png","profile_background_image_url_https":"https://pbs.twimg.com/profile_background_images/827760928/9ffa2a8cb158d72e510ecf06aaadc77a.png","profile_background_tile":false,"profile_image_url":"http://pbs.twimg.com/profile_images/798687234920546304/AZZZU8fV_normal.png","profile_image_url_https":"https://pbs.twimg.com/profile_images/798687234920546304/AZZZU8fV_normal.png","profile_banner_url":"https://pbs.twimg.com/profile_banners/456566796/1483308371","profile_link_color":"0021DF","profile_sidebar_border_color":"FFFFFF","profile_sidebar_fill_color":"DDEEF6","profile_text_color":"333333","profile_use_background_image":true,"has_extended_profile":false,"default_profile":false,"default_profile_image":false,"following":false,"follow_request_sent":false,"notifications":false,"translator_type":"none"},"geo":null,"coordinates":null,"place":null,"contributors":null,"is_quote_status":false,"retweet_count":91,"favorite_count":46,"favorited":false,"retweeted":false,"lang":"ja"},{"created_at":"Sun Jul 09 07:35:46 +0000 2017","id":883952806817706000,"id_str":"883952806817705984","text":"アツシと防衛部チーム新人 https://t.co/FepB7SJfN3","truncated":false,"entities":{"hashtags":[],"symbols":[],"user_mentions":[],"urls":[],"media":[{"id":883952798483701800,"id_str":"883952798483701760","indices":[13,36],"media_url":"http://pbs.twimg.com/media/DERuYwfVYAAMGsl.jpg","media_url_https":"https://pbs.twimg.com/media/DERuYwfVYAAMGsl.jpg","url":"https://t.co/FepB7SJfN3","display_url":"pic.twitter.com/FepB7SJfN3","expanded_url":"https://twitter.com/idiot02/status/883952806817705984/photo/1","type":"photo","sizes":{"medium":{"w":1200,"h":675,"resize":"fit"},"thumb":{"w":150,"h":150,"resize":"crop"},"small":{"w":680,"h":382,"resize":"fit"},"large":{"w":1334,"h":750,"resize":"fit"}}}]},"extended_entities":{"media":[{"id":883952798483701800,"id_str":"883952798483701760","indices":[13,36],"media_url":"http://pbs.twimg.com/media/DERuYwfVYAAMGsl.jpg","media_url_https":"https://pbs.twimg.com/media/DERuYwfVYAAMGsl.jpg","url":"https://t.co/FepB7SJfN3","display_url":"pic.twitter.com/FepB7SJfN3","expanded_url":"https://twitter.com/idiot02/status/883952806817705984/photo/1","type":"photo","sizes":{"medium":{"w":1200,"h":675,"resize":"fit"},"thumb":{"w":150,"h":150,"resize":"crop"},"small":{"w":680,"h":382,"resize":"fit"},"large":{"w":1334,"h":750,"resize":"fit"}}}]},"metadata":{"iso_language_code":"ja","result_type":"recent"},"source":"<a href=\"http://twitter.com/download/iphone\" rel=\"nofollow\">Twitter for iPhone</a>","in_reply_to_status_id":null,"in_reply_to_status_id_str":null,"in_reply_to_user_id":null,"in_reply_to_user_id_str":null,"in_reply_to_screen_name":null,"user":{"id":57268279,"id_str":"57268279","name":"kawahara yoko","screen_name":"idiot02","location":"東京タワーが見えるところ","description":"『PEACE MAKER鐵』『砂ぼうず』『ゆるゆり』シリーズ『イクシオンサーガDT 』『魔界王子』『美男高校地球防衛部LOVE！』『福山ッスル！』『美男高校地球防衛部LOVE！LOVE！』とかとかやってます。今はアレ仕込み中。","url":null,"entities":{"description":{"urls":[]}},"protected":false,"followers_count":5396,"friends_count":86,"listed_count":178,"created_at":"Thu Jul 16 07:02:46 +0000 2009","favourites_count":16,"utc_offset":32400,"time_zone":"Tokyo","geo_enabled":false,"verified":false,"statuses_count":4632,"lang":"ja","contributors_enabled":false,"is_translator":false,"is_translation_enabled":false,"profile_background_color":"C0DEED","profile_background_image_url":"http://abs.twimg.com/images/themes/theme1/bg.png","profile_background_image_url_https":"https://abs.twimg.com/images/themes/theme1/bg.png","profile_background_tile":false,"profile_image_url":"http://pbs.twimg.com/profile_images/880640359528890372/vROejM6t_normal.jpg","profile_image_url_https":"https://pbs.twimg.com/profile_images/880640359528890372/vROejM6t_normal.jpg","profile_banner_url":"https://pbs.twimg.com/profile_banners/57268279/1491307313","profile_link_color":"1DA1F2","profile_sidebar_border_color":"C0DEED","profile_sidebar_fill_color":"DDEEF6","profile_text_color":"333333","profile_use_background_image":true,"has_extended_profile":false,"default_profile":true,"default_profile_image":false,"following":false,"follow_request_sent":false,"notifications":false,"translator_type":"none"},"geo":null,"coordinates":null,"place":null,"contributors":null,"is_quote_status":false,"retweet_count":107,"favorite_count":176,"favorited":false,"retweeted":false,"possibly_sensitive":false,"lang":"ja"},{"created_at":"Sun Jul 09 07:35:39 +0000 2017","id":883952777541468200,"id_str":"883952777541468160","text":"今セブンで700円以上買い物するとくじ引けるんだけど、さっき友達と買い物してて\n\n友達｢モバイルバッテリー壊れたから買う｣\n\n店員｢くじ引いてください｣\n\n友達｢お、これ当た…｣\n\n店員｢おめでとうございます！！こちらのバッテリーになりま…あっ｣\n\n友達｢🔋∩(´^ヮ^｀)∩🔋｣","truncated":false,"entities":{"hashtags":[],"symbols":[],"user_mentions":[],"urls":[]},"metadata":{"iso_language_code":"ja","result_type":"recent"},"source":"<a href=\"http://twitter.com/download/iphone\" rel=\"nofollow\">Twitter for iPhone</a>","in_reply_to_status_id":null,"in_reply_to_status_id_str":null,"in_reply_to_user_id":null,"in_reply_to_user_id_str":null,"in_reply_to_screen_name":null,"user":{"id":2500431356,"id_str":"2500431356","name":"もなよ@フォロバ100%","screen_name":"monayoooo","location":"タメ口ok村","description":"ちくわ大好きマンです。毎期のアニメは大体見てます！  ゲーム垢→【@monayooo】 シャドバハマり中。","url":null,"entities":{"description":{"urls":[]}},"protected":false,"followers_count":83872,"friends_count":48326,"listed_count":152,"created_at":"Sat May 17 02:48:45 +0000 2014","favourites_count":20603,"utc_offset":32400,"time_zone":"Tokyo","geo_enabled":true,"verified":false,"statuses_count":12357,"lang":"ja","contributors_enabled":false,"is_translator":false,"is_translation_enabled":false,"profile_background_color":"C0DEED","profile_background_image_url":"http://abs.twimg.com/images/themes/theme1/bg.png","profile_background_image_url_https":"https://abs.twimg.com/images/themes/theme1/bg.png","profile_background_tile":false,"profile_image_url":"http://pbs.twimg.com/profile_images/875589018011942912/Goi1L8Is_normal.jpg","profile_image_url_https":"https://pbs.twimg.com/profile_images/875589018011942912/Goi1L8Is_normal.jpg","profile_banner_url":"https://pbs.twimg.com/profile_banners/2500431356/1492441670","profile_link_color":"1DA1F2","profile_sidebar_border_color":"C0DEED","profile_sidebar_fill_color":"DDEEF6","profile_text_color":"333333","profile_use_background_image":true,"has_extended_profile":true,"default_profile":true,"default_profile_image":false,"following":false,"follow_request_sent":false,"notifications":false,"translator_type":"regular"},"geo":null,"coordinates":null,"place":null,"contributors":null,"is_quote_status":false,"retweet_count":71,"favorite_count":69,"favorited":false,"retweeted":false,"lang":"ja"},{"created_at":"Sun Jul 09 07:35:24 +0000 2017","id":883952712815059000,"id_str":"883952712815058944","text":"まもなく17時からダイバーシティ東京プラザで、#Summer リリースイベント2部が始まります！\nヒョンソンただいまです💕\n#BOYFRIEND #보이프렌드 https://t.co/MGyOPIbl6Y","truncated":false,"entities":{"hashtags":[{"text":"Summer","indices":[23,30]},{"text":"BOYFRIEND","indices":[62,72]},{"text":"보이프렌드","indices":[73,79]}],"symbols":[],"user_mentions":[],"urls":[],"media":[{"id":883952702555701200,"id_str":"883952702555701252","indices":[80,103],"media_url":"http://pbs.twimg.com/media/DERuTLIUQAQ_X9W.jpg","media_url_https":"https://pbs.twimg.com/media/DERuTLIUQAQ_X9W.jpg","url":"https://t.co/MGyOPIbl6Y","display_url":"pic.twitter.com/MGyOPIbl6Y","expanded_url":"https://twitter.com/BF_JPN/status/883952712815058944/photo/1","type":"photo","sizes":{"medium":{"w":900,"h":1200,"resize":"fit"},"thumb":{"w":150,"h":150,"resize":"crop"},"large":{"w":960,"h":1280,"resize":"fit"},"small":{"w":510,"h":680,"resize":"fit"}}}]},"extended_entities":{"media":[{"id":883952702555701200,"id_str":"883952702555701252","indices":[80,103],"media_url":"http://pbs.twimg.com/media/DERuTLIUQAQ_X9W.jpg","media_url_https":"https://pbs.twimg.com/media/DERuTLIUQAQ_X9W.jpg","url":"https://t.co/MGyOPIbl6Y","display_url":"pic.twitter.com/MGyOPIbl6Y","expanded_url":"https://twitter.com/BF_JPN/status/883952712815058944/photo/1","type":"photo","sizes":{"medium":{"w":900,"h":1200,"resize":"fit"},"thumb":{"w":150,"h":150,"resize":"crop"},"large":{"w":960,"h":1280,"resize":"fit"},"small":{"w":510,"h":680,"resize":"fit"}}}]},"metadata":{"iso_language_code":"ja","result_type":"recent"},"source":"<a href=\"http://twitter.com/download/iphone\" rel=\"nofollow\">Twitter for iPhone</a>","in_reply_to_status_id":null,"in_reply_to_status_id_str":null,"in_reply_to_user_id":null,"in_reply_to_user_id_str":null,"in_reply_to_screen_name":null,"user":{"id":4580939714,"id_str":"4580939714","name":"BOYFRIEND","screen_name":"BF_JPN","location":"","description":"BOYFRIEND日本公式Twitterです。Mini Album「Summer」2017年7月12日(水)に発売が決定!! お楽しみに♪ ※お問い合わせ窓口ではございませんので、ご了承下さい。(運営KISS Entertainment Inc.)","url":"https://t.co/MKhuXQUOEF","entities":{"url":{"urls":[{"url":"https://t.co/MKhuXQUOEF","expanded_url":"https://boyfriend-official.jp/","display_url":"boyfriend-official.jp","indices":[0,23]}]},"description":{"urls":[]}},"protected":false,"followers_count":14808,"friends_count":22,"listed_count":119,"created_at":"Thu Dec 17 03:40:52 +0000 2015","favourites_count":1,"utc_offset":-25200,"time_zone":"Pacific Time (US & Canada)","geo_enabled":false,"verified":false,"statuses_count":886,"lang":"ja","contributors_enabled":false,"is_translator":false,"is_translation_enabled":false,"profile_background_color":"F5F8FA","profile_background_image_url":null,"profile_background_image_url_https":null,"profile_background_tile":false,"profile_image_url":"http://pbs.twimg.com/profile_images/759980257159942144/0NOX0fAX_normal.jpg","profile_image_url_https":"https://pbs.twimg.com/profile_images/759980257159942144/0NOX0fAX_normal.jpg","profile_banner_url":"https://pbs.twimg.com/profile_banners/4580939714/1498618935","profile_link_color":"1DA1F2","profile_sidebar_border_color":"C0DEED","profile_sidebar_fill_color":"DDEEF6","profile_text_color":"333333","profile_use_background_image":true,"has_extended_profile":false,"default_profile":true,"default_profile_image":false,"following":false,"follow_request_sent":false,"notifications":false,"translator_type":"none"},"geo":null,"coordinates":null,"place":null,"contributors":null,"is_quote_status":false,"retweet_count":92,"favorite_count":124,"favorited":false,"retweeted":false,"possibly_sensitive":false,"lang":"ja"},{"created_at":"Sun Jul 09 07:35:08 +0000 2017","id":883952646532419600,"id_str":"883952646532419584","text":"ツールド弱ペダ2017 昼の部\nありがとうございました！！\nどうぞ夜の部もよろしくお願いします！！ https://t.co/KOjIDxk0ro","truncated":false,"entities":{"hashtags":[],"symbols":[],"user_mentions":[],"urls":[],"media":[{"id":883952630237601800,"id_str":"883952630237601792","indices":[50,73],"media_url":"http://pbs.twimg.com/media/DERuO9uVoAAy23J.jpg","media_url_https":"https://pbs.twimg.com/media/DERuO9uVoAAy23J.jpg","url":"https://t.co/KOjIDxk0ro","display_url":"pic.twitter.com/KOjIDxk0ro","expanded_url":"https://twitter.com/DaiKing_boy/status/883952646532419584/photo/1","type":"photo","sizes":{"thumb":{"w":150,"h":150,"resize":"crop"},"medium":{"w":900,"h":1200,"resize":"fit"},"small":{"w":510,"h":680,"resize":"fit"},"large":{"w":1536,"h":2048,"resize":"fit"}}}]},"extended_entities":{"media":[{"id":883952630237601800,"id_str":"883952630237601792","indices":[50,73],"media_url":"http://pbs.twimg.com/media/DERuO9uVoAAy23J.jpg","media_url_https":"https://pbs.twimg.com/media/DERuO9uVoAAy23J.jpg","url":"https://t.co/KOjIDxk0ro","display_url":"pic.twitter.com/KOjIDxk0ro","expanded_url":"https://twitter.com/DaiKing_boy/status/883952646532419584/photo/1","type":"photo","sizes":{"thumb":{"w":150,"h":150,"resize":"crop"},"medium":{"w":900,"h":1200,"resize":"fit"},"small":{"w":510,"h":680,"resize":"fit"},"large":{"w":1536,"h":2048,"resize":"fit"}}}]},"metadata":{"iso_language_code":"ja","result_type":"recent"},"source":"<a href=\"http://twitter.com/download/iphone\" rel=\"nofollow\">Twitter for iPhone</a>","in_reply_to_status_id":null,"in_reply_to_status_id_str":null,"in_reply_to_user_id":null,"in_reply_to_user_id_str":null,"in_reply_to_screen_name":null,"user":{"id":371610505,"id_str":"371610505","name":"山下大輝","screen_name":"DaiKing_boy","location":"","description":"新人声優です！！ 今よりもっと！を胸に毎日楽しく全力で駆け抜けていきます！！！肉が好きです。","url":null,"entities":{"description":{"urls":[]}},"protected":false,"followers_count":218094,"friends_count":317,"listed_count":7366,"created_at":"Sun Sep 11 05:28:38 +0000 2011","favourites_count":81,"utc_offset":-36000,"time_zone":"Hawaii","geo_enabled":false,"verified":false,"statuses_count":17684,"lang":"ja","contributors_enabled":false,"is_translator":false,"is_translation_enabled":false,"profile_background_color":"C0DEED","profile_background_image_url":"http://abs.twimg.com/images/themes/theme1/bg.png","profile_background_image_url_https":"https://abs.twimg.com/images/themes/theme1/bg.png","profile_background_tile":false,"profile_image_url":"http://pbs.twimg.com/profile_images/816265444092841984/D2oKnB38_normal.jpg","profile_image_url_https":"https://pbs.twimg.com/profile_images/816265444092841984/D2oKnB38_normal.jpg","profile_banner_url":"https://pbs.twimg.com/profile_banners/371610505/1478561702","profile_link_color":"1DA1F2","profile_sidebar_border_color":"C0DEED","profile_sidebar_fill_color":"DDEEF6","profile_text_color":"333333","profile_use_background_image":true,"has_extended_profile":true,"default_profile":true,"default_profile_image":false,"following":false,"follow_request_sent":false,"notifications":false,"translator_type":"none"},"geo":null,"coordinates":null,"place":null,"contributors":null,"is_quote_status":false,"retweet_count":132,"favorite_count":379,"favorited":false,"retweeted":false,"possibly_sensitive":false,"lang":"ja"},{"created_at":"Sun Jul 09 07:35:08 +0000 2017","id":883952645068607500,"id_str":"883952645068607488","text":"とらまる(♂)です。うたいます。\n\n5億人くらい増えて💗💗💗\n\n #自撮り晒したらみんながRTしてくれてブァァァァァってフォロワーが増えるらしい https://t.co/jJHt69NN54","truncated":false,"entities":{"hashtags":[{"text":"自撮り晒したらみんながRTしてくれてブァァァァァってフォロワーが増えるらしい","indices":[33,72]}],"symbols":[],"user_mentions":[],"urls":[],"media":[{"id":883952613112164400,"id_str":"883952613112164352","indices":[73,96],"media_url":"http://pbs.twimg.com/media/DERuN97UMAAk21q.jpg","media_url_https":"https://pbs.twimg.com/media/DERuN97UMAAk21q.jpg","url":"https://t.co/jJHt69NN54","display_url":"pic.twitter.com/jJHt69NN54","expanded_url":"https://twitter.com/toramaru_nico/status/883952645068607488/photo/1","type":"photo","sizes":{"small":{"w":680,"h":489,"resize":"fit"},"thumb":{"w":150,"h":150,"resize":"crop"},"large":{"w":1024,"h":736,"resize":"fit"},"medium":{"w":1024,"h":736,"resize":"fit"}}}]},"extended_entities":{"media":[{"id":883952613112164400,"id_str":"883952613112164352","indices":[73,96],"media_url":"http://pbs.twimg.com/media/DERuN97UMAAk21q.jpg","media_url_https":"https://pbs.twimg.com/media/DERuN97UMAAk21q.jpg","url":"https://t.co/jJHt69NN54","display_url":"pic.twitter.com/jJHt69NN54","expanded_url":"https://twitter.com/toramaru_nico/status/883952645068607488/photo/1","type":"photo","sizes":{"small":{"w":680,"h":489,"resize":"fit"},"thumb":{"w":150,"h":150,"resize":"crop"},"large":{"w":1024,"h":736,"resize":"fit"},"medium":{"w":1024,"h":736,"resize":"fit"}}}]},"metadata":{"iso_language_code":"ja","result_type":"recent"},"source":"<a href=\"http://twitter.com/download/iphone\" rel=\"nofollow\">Twitter for iPhone</a>","in_reply_to_status_id":null,"in_reply_to_status_id_str":null,"in_reply_to_user_id":null,"in_reply_to_user_id_str":null,"in_reply_to_screen_name":null,"user":{"id":3726960679,"id_str":"3726960679","name":"とらまる","screen_name":"toramaru_nico","location":"※御用の方はDMかメールへお願いします。","description":"とらまるです。ニコニコ動画で歌ってます。 Vo'ismの虎の人。ポチャッコがだいすき。#とらまる #ボイズム Twitcasting→(https://t.co/xz8Muisvqw) Youtube→(https://t.co/ThSB6v6fRa) Mail→(toramaru_nico_nico@yahoo.co.jp)","url":"https://t.co/B23s16ljMV","entities":{"url":{"urls":[{"url":"https://t.co/B23s16ljMV","expanded_url":"http://www.nicovideo.jp/mylist/53396197","display_url":"nicovideo.jp/mylist/53396197","indices":[0,23]}]},"description":{"urls":[{"url":"https://t.co/xz8Muisvqw","expanded_url":"http://goo.gl/uKHwsR","display_url":"goo.gl/uKHwsR","indices":[68,91]},{"url":"https://t.co/ThSB6v6fRa","expanded_url":"https://goo.gl/DzFxEc","display_url":"goo.gl/DzFxEc","indices":[102,125]}]}},"protected":false,"followers_count":4764,"friends_count":114,"listed_count":89,"created_at":"Tue Sep 29 15:06:00 +0000 2015","favourites_count":271,"utc_offset":-25200,"time_zone":"Pacific Time (US & Canada)","geo_enabled":false,"verified":false,"statuses_count":731,"lang":"ja","contributors_enabled":false,"is_translator":false,"is_translation_enabled":false,"profile_background_color":"000000","profile_background_image_url":"http://abs.twimg.com/images/themes/theme1/bg.png","profile_background_image_url_https":"https://abs.twimg.com/images/themes/theme1/bg.png","profile_background_tile":false,"profile_image_url":"http://pbs.twimg.com/profile_images/878648012540493825/zt2X0XQF_normal.jpg","profile_image_url_https":"https://pbs.twimg.com/profile_images/878648012540493825/zt2X0XQF_normal.jpg","profile_banner_url":"https://pbs.twimg.com/profile_banners/3726960679/1475405514","profile_link_color":"FFBF29","profile_sidebar_border_color":"000000","profile_sidebar_fill_color":"000000","profile_text_color":"000000","profile_use_background_image":false,"has_extended_profile":true,"default_profile":false,"default_profile_image":false,"following":false,"follow_request_sent":false,"notifications":false,"translator_type":"none"},"geo":null,"coordinates":null,"place":null,"contributors":null,"is_quote_status":false,"retweet_count":52,"favorite_count":95,"favorited":false,"retweeted":false,"possibly_sensitive":false,"lang":"ja"},{"created_at":"Sun Jul 09 07:35:01 +0000 2017","id":883952618615296000,"id_str":"883952618615296001","text":"【XFLAG PARK2017】このあと16:45頃～「MONSTER STRIKE SYMPHONY」！「モンスターストライク 交響曲」を始め、人気の楽曲をフルオーケストラで！ #XFLAGPARK #モンスト… https://t.co/zILzsYq2Ka","truncated":true,"entities":{"hashtags":[{"text":"XFLAGPARK","indices":[90,100]},{"text":"モンスト","indices":[101,106]}],"symbols":[],"user_mentions":[],"urls":[{"url":"https://t.co/zILzsYq2Ka","expanded_url":"https://twitter.com/i/web/status/883952618615296001","display_url":"twitter.com/i/web/status/8…","indices":[108,131]}]},"metadata":{"iso_language_code":"ja","result_type":"recent"},"source":"<a href=\"http://bufferapp.com\" rel=\"nofollow\">Buffer</a>","in_reply_to_status_id":null,"in_reply_to_status_id_str":null,"in_reply_to_user_id":null,"in_reply_to_user_id_str":null,"in_reply_to_screen_name":null,"user":{"id":1930287096,"id_str":"1930287096","name":"モンスターストライク公式(モンスト)","screen_name":"monst_mixi","location":"公式HP","description":"「モンスターストライク（モンスト）」の公式twitterです！ゲームに関する情報やイベントの出現情報など最新のお知らせをツイート中！お問い合わせやご要望はこちら⇒ http://t.co/l5Vb4U2jfi　#モンスト","url":"http://t.co/236lNhcpzY","entities":{"url":{"urls":[{"url":"http://t.co/236lNhcpzY","expanded_url":"http://www.monster-strike.com/","display_url":"monster-strike.com","indices":[0,22]}]},"description":{"urls":[{"url":"http://t.co/l5Vb4U2jfi","expanded_url":"http://www.monster-strike.com/support/","display_url":"monster-strike.com/support/","indices":[82,104]}]}},"protected":false,"followers_count":2504185,"friends_count":16,"listed_count":4640,"created_at":"Thu Oct 03 11:04:08 +0000 2013","favourites_count":0,"utc_offset":32400,"time_zone":"Seoul","geo_enabled":true,"verified":true,"statuses_count":16573,"lang":"ja","contributors_enabled":false,"is_translator":false,"is_translation_enabled":false,"profile_background_color":"C0DEED","profile_background_image_url":"http://abs.twimg.com/images/themes/theme1/bg.png","profile_background_image_url_https":"https://abs.twimg.com/images/themes/theme1/bg.png","profile_background_tile":false,"profile_image_url":"http://pbs.twimg.com/profile_images/875584833749110785/-RLaSHFb_normal.jpg","profile_image_url_https":"https://pbs.twimg.com/profile_images/875584833749110785/-RLaSHFb_normal.jpg","profile_banner_url":"https://pbs.twimg.com/profile_banners/1930287096/1498717473","profile_link_color":"1DA1F2","profile_sidebar_border_color":"C0DEED","profile_sidebar_fill_color":"DDEEF6","profile_text_color":"333333","profile_use_background_image":true,"has_extended_profile":false,"default_profile":true,"default_profile_image":false,"following":false,"follow_request_sent":false,"notifications":false,"translator_type":"none"},"geo":null,"coordinates":null,"place":null,"contributors":null,"is_quote_status":false,"retweet_count":48,"favorite_count":86,"favorited":false,"retweeted":false,"possibly_sensitive":false,"lang":"ja"},{"created_at":"Sun Jul 09 07:34:13 +0000 2017","id":883952414125998100,"id_str":"883952414125998080","text":"隙を見逃さない石川雄洋選手\nDeNA×中日 7月9日 https://t.co/ckp9EYm2eh","truncated":false,"entities":{"hashtags":[],"symbols":[],"user_mentions":[],"urls":[],"media":[{"id":883951953822101500,"id_str":"883951953822101508","indices":[27,50],"media_url":"http://pbs.twimg.com/ext_tw_video_thumb/883951953822101508/pu/img/vm7crHZo92iIl0nR.jpg","media_url_https":"https://pbs.twimg.com/ext_tw_video_thumb/883951953822101508/pu/img/vm7crHZo92iIl0nR.jpg","url":"https://t.co/ckp9EYm2eh","display_url":"pic.twitter.com/ckp9EYm2eh","expanded_url":"https://twitter.com/DeNA_2017/status/883952414125998080/video/1","type":"photo","sizes":{"small":{"w":340,"h":191,"resize":"fit"},"thumb":{"w":150,"h":150,"resize":"crop"},"medium":{"w":600,"h":338,"resize":"fit"},"large":{"w":1024,"h":576,"resize":"fit"}}}]},"extended_entities":{"media":[{"id":883951953822101500,"id_str":"883951953822101508","indices":[27,50],"media_url":"http://pbs.twimg.com/ext_tw_video_thumb/883951953822101508/pu/img/vm7crHZo92iIl0nR.jpg","media_url_https":"https://pbs.twimg.com/ext_tw_video_thumb/883951953822101508/pu/img/vm7crHZo92iIl0nR.jpg","url":"https://t.co/ckp9EYm2eh","display_url":"pic.twitter.com/ckp9EYm2eh","expanded_url":"https://twitter.com/DeNA_2017/status/883952414125998080/video/1","type":"video","sizes":{"small":{"w":340,"h":191,"resize":"fit"},"thumb":{"w":150,"h":150,"resize":"crop"},"medium":{"w":600,"h":338,"resize":"fit"},"large":{"w":1024,"h":576,"resize":"fit"}},"video_info":{"aspect_ratio":[16,9],"duration_millis":40681,"variants":[{"content_type":"application/x-mpegURL","url":"https://video.twimg.com/ext_tw_video/883951953822101508/pu/pl/nB9FBpbGpF3Q8cFu.m3u8"},{"bitrate":320000,"content_type":"video/mp4","url":"https://video.twimg.com/ext_tw_video/883951953822101508/pu/vid/320x180/nEB1xTQToiUlfKEf.mp4"},{"bitrate":2176000,"content_type":"video/mp4","url":"https://video.twimg.com/ext_tw_video/883951953822101508/pu/vid/1280x720/E5I08INW7LKWD744.mp4"},{"bitrate":832000,"content_type":"video/mp4","url":"https://video.twimg.com/ext_tw_video/883951953822101508/pu/vid/640x360/eHT_5rdG-xiV6Evb.mp4"}]},"additional_media_info":{"monetizable":false}}]},"metadata":{"iso_language_code":"ja","result_type":"recent"},"source":"<a href=\"http://twitter.com\" rel=\"nofollow\">Twitter Web Client</a>","in_reply_to_status_id":null,"in_reply_to_status_id_str":null,"in_reply_to_user_id":null,"in_reply_to_user_id_str":null,"in_reply_to_screen_name":null,"user":{"id":856129752511373300,"id_str":"856129752511373315","name":"Deファン","screen_name":"DeNA_2017","location":"","description":"横浜DeNAベイスターズを応援しています #DeNA #プロ野球 #セリーグ","url":"https://t.co/mMY5lbHovz","entities":{"url":{"urls":[{"url":"https://t.co/mMY5lbHovz","expanded_url":"http://blog.livedoor.jp/denanofan/","display_url":"blog.livedoor.jp/denanofan/","indices":[0,23]}]},"description":{"urls":[]}},"protected":false,"followers_count":7795,"friends_count":6720,"listed_count":89,"created_at":"Sun Apr 23 12:56:53 +0000 2017","favourites_count":1,"utc_offset":null,"time_zone":null,"geo_enabled":false,"verified":false,"statuses_count":411,"lang":"ja","contributors_enabled":false,"is_translator":false,"is_translation_enabled":false,"profile_background_color":"F5F8FA","profile_background_image_url":null,"profile_background_image_url_https":null,"profile_background_tile":false,"profile_image_url":"http://pbs.twimg.com/profile_images/856130853633531904/jdUc_w7H_normal.jpg","profile_image_url_https":"https://pbs.twimg.com/profile_images/856130853633531904/jdUc_w7H_normal.jpg","profile_banner_url":"https://pbs.twimg.com/profile_banners/856129752511373315/1492968058","profile_link_color":"1DA1F2","profile_sidebar_border_color":"C0DEED","profile_sidebar_fill_color":"DDEEF6","profile_text_color":"333333","profile_use_background_image":true,"has_extended_profile":true,"default_profile":true,"default_profile_image":false,"following":false,"follow_request_sent":false,"notifications":false,"translator_type":"none"},"geo":null,"coordinates":null,"place":null,"contributors":null,"is_quote_status":false,"retweet_count":108,"favorite_count":173,"favorited":false,"retweeted":false,"possibly_sensitive":false,"lang":"ja"},{"created_at":"Sun Jul 09 07:33:19 +0000 2017","id":883952187704868900,"id_str":"883952187704868864","text":"コミケ新刊表紙の絵ができた！描き下ろし21ページを追加した全166ページのオリジナル総集編予定です！\nブラずらし差分はpixivにて→https://t.co/1S8RanhijL https://t.co/lj0H8NwMoR","truncated":false,"entities":{"hashtags":[],"symbols":[],"user_mentions":[],"urls":[{"url":"https://t.co/1S8RanhijL","expanded_url":"https://www.pixiv.net/member_illust.php?mode=medium&illust_id=63783194","display_url":"pixiv.net/member_illust.…","indices":[67,90]}],"media":[{"id":883951841939083300,"id_str":"883951841939083265","indices":[91,114],"media_url":"http://pbs.twimg.com/media/DERthFFU0AEHBYw.jpg","media_url_https":"https://pbs.twimg.com/media/DERthFFU0AEHBYw.jpg","url":"https://t.co/lj0H8NwMoR","display_url":"pic.twitter.com/lj0H8NwMoR","expanded_url":"https://twitter.com/mutyamutya/status/883952187704868864/photo/1","type":"photo","sizes":{"large":{"w":744,"h":1052,"resize":"fit"},"thumb":{"w":150,"h":150,"resize":"crop"},"medium":{"w":744,"h":1052,"resize":"fit"},"small":{"w":481,"h":680,"resize":"fit"}}}]},"extended_entities":{"media":[{"id":883951841939083300,"id_str":"883951841939083265","indices":[91,114],"media_url":"http://pbs.twimg.com/media/DERthFFU0AEHBYw.jpg","media_url_https":"https://pbs.twimg.com/media/DERthFFU0AEHBYw.jpg","url":"https://t.co/lj0H8NwMoR","display_url":"pic.twitter.com/lj0H8NwMoR","expanded_url":"https://twitter.com/mutyamutya/status/883952187704868864/photo/1","type":"photo","sizes":{"large":{"w":744,"h":1052,"resize":"fit"},"thumb":{"w":150,"h":150,"resize":"crop"},"medium":{"w":744,"h":1052,"resize":"fit"},"small":{"w":481,"h":680,"resize":"fit"}}}]},"metadata":{"iso_language_code":"ja","result_type":"recent"},"source":"<a href=\"http://twitter.com\" rel=\"nofollow\">Twitter Web Client</a>","in_reply_to_status_id":null,"in_reply_to_status_id_str":null,"in_reply_to_user_id":null,"in_reply_to_user_id_str":null,"in_reply_to_screen_name":null,"user":{"id":270446412,"id_str":"270446412","name":"むちゃ@3日目東H34a夢茶会","screen_name":"mutyamutya","location":"清新な空気","description":"※18歳未満フォロー禁止※同人サークル「夢茶会(むちゃかい)」商業「むちゃ」HP（https://t.co/8MBx0DZ2R6）返信はまちまち。キュア/ショコラちゃんにどハマり中。 つながるぱずるん(フレID：wp5ukc)","url":"https://t.co/r97tmYf0S1","entities":{"url":{"urls":[{"url":"https://t.co/r97tmYf0S1","expanded_url":"http://www.pixiv.net/member.php?id=2779291","display_url":"pixiv.net/member.php?id=…","indices":[0,23]}]},"description":{"urls":[{"url":"https://t.co/8MBx0DZ2R6","expanded_url":"http://mutyakai.com","display_url":"mutyakai.com","indices":[41,64]}]}},"protected":false,"followers_count":25606,"friends_count":473,"listed_count":794,"created_at":"Tue Mar 22 16:50:32 +0000 2011","favourites_count":719,"utc_offset":32400,"time_zone":"Tokyo","geo_enabled":false,"verified":false,"statuses_count":7145,"lang":"ja","contributors_enabled":false,"is_translator":false,"is_translation_enabled":true,"profile_background_color":"DDADC0","profile_background_image_url":"http://pbs.twimg.com/profile_background_images/862956109/9dbb0428bca788ec5188fdd7df192007.jpeg","profile_background_image_url_https":"https://pbs.twimg.com/profile_background_images/862956109/9dbb0428bca788ec5188fdd7df192007.jpeg","profile_background_tile":false,"profile_image_url":"http://pbs.twimg.com/profile_images/828915588957294592/eV1fFF1-_normal.jpg","profile_image_url_https":"https://pbs.twimg.com/profile_images/828915588957294592/eV1fFF1-_normal.jpg","profile_banner_url":"https://pbs.twimg.com/profile_banners/270446412/1495525753","profile_link_color":"B82121","profile_sidebar_border_color":"FFFFFF","profile_sidebar_fill_color":"FACE5F","profile_text_color":"171717","profile_use_background_image":true,"has_extended_profile":true,"default_profile":false,"default_profile_image":false,"following":false,"follow_request_sent":false,"notifications":false,"translator_type":"regular"},"geo":null,"coordinates":null,"place":null,"contributors":null,"is_quote_status":false,"retweet_count":55,"favorite_count":136,"favorited":false,"retweeted":false,"possibly_sensitive":true,"lang":"ja"}],"search_metadata":{"completed_in":0.098,"max_id":883953599230861300,"max_id_str":"883953599230861312","next_results":"?max_id=883952187704868863&q=lang%3Aja%20min_retweets%3A50&include_entities=1","query":"lang%3Aja+min_retweets%3A50","refresh_url":"?since_id=883953599230861312&q=lang%3Aja%20min_retweets%3A50&include_entities=1","count":15,"since_id":0,"since_id_str":"0"}}