{"statuses":[{"created_at":"Fri Jul 07 21:15:02 +0000 2017","id":883434203949420500,"id_str":"883434203949420546","text":"見せるのも見るのもどっちも好き♥♥\nLINEくれたら写メ送るよ♡\n\n#裏垢女子\n#見せ合い募集なう\nhttps://t.co/aW9LwD5TP0","truncated":false,"entities":{"hashtags":[{"text":"裏垢女子","indices":[34,39]},{"text":"見せ合い募集なう","indices":[40,49]}],"symbols":[],"user_mentions":[],"urls":[],"media":[{"id":863353610402373600,"id_str":"863353610402373632","indices":[50,73],"media_url":"http://pbs.twimg.com/media/C_s_iM-VoAAFSwq.jpg","media_url_https":"https://pbs.twimg.com/media/C_s_iM-VoAAFSwq.jpg","url":"https://t.co/aW9LwD5TP0","display_url":"pic.twitter.com/aW9LwD5TP0","expanded_url":"https://twitter.com/dubamub/status/863353665767129089/photo/1","type":"photo","sizes":{"medium":{"w":580,"h":772,"resize":"fit"},"large":{"w":580,"h":772,"resize":"fit"},"thumb":{"w":150,"h":150,"resize":"crop"},"small":{"w":511,"h":680,"resize":"fit"}},"source_status_id":863353665767129100,"source_status_id_str":"863353665767129089","source_user_id":715112866525806600,"source_user_id_str":"715112866525806592"}]},"extended_entities":{"media":[{"id":863353610402373600,"id_str":"863353610402373632","indices":[50,73],"media_url":"http://pbs.twimg.com/media/C_s_iM-VoAAFSwq.jpg","media_url_https":"https://pbs.twimg.com/media/C_s_iM-VoAAFSwq.jpg","url":"https://t.co/aW9LwD5TP0","display_url":"pic.twitter.com/aW9LwD5TP0","expanded_url":"https://twitter.com/dubamub/status/863353665767129089/photo/1","type":"photo","sizes":{"medium":{"w":580,"h":772,"resize":"fit"},"large":{"w":580,"h":772,"resize":"fit"},"thumb":{"w":150,"h":150,"resize":"crop"},"small":{"w":511,"h":680,"resize":"fit"}},"source_status_id":863353665767129100,"source_status_id_str":"863353665767129089","source_user_id":715112866525806600,"source_user_id_str":"715112866525806592"},{"id":863353622054056000,"id_str":"863353622054055937","indices":[50,73],"media_url":"http://pbs.twimg.com/media/C_s_i4YUMAEzG9c.jpg","media_url_https":"https://pbs.twimg.com/media/C_s_i4YUMAEzG9c.jpg","url":"https://t.co/aW9LwD5TP0","display_url":"pic.twitter.com/aW9LwD5TP0","expanded_url":"https://twitter.com/dubamub/status/863353665767129089/photo/1","type":"photo","sizes":{"small":{"w":360,"h":360,"resize":"fit"},"medium":{"w":360,"h":360,"resize":"fit"},"thumb":{"w":150,"h":150,"resize":"crop"},"large":{"w":360,"h":360,"resize":"fit"}},"source_status_id":863353665767129100,"source_status_id_str":"863353665767129089","source_user_id":715112866525806600,"source_user_id_str":"715112866525806592"},{"id":863353653049999400,"id_str":"863353653049999360","indices":[50,73],"media_url":"http://pbs.twimg.com/media/C_s_kr2UwAAZEQi.jpg","media_url_https":"https://pbs.twimg.com/media/C_s_kr2UwAAZEQi.jpg","url":"https://t.co/aW9LwD5TP0","display_url":"pic.twitter.com/aW9LwD5TP0","expanded_url":"https://twitter.com/dubamub/status/863353665767129089/photo/1","type":"photo","sizes":{"thumb":{"w":150,"h":150,"resize":"crop"},"large":{"w":580,"h":435,"resize":"fit"},"small":{"w":580,"h":435,"resize":"fit"},"medium":{"w":580,"h":435,"resize":"fit"}},"source_status_id":863353665767129100,"source_status_id_str":"863353665767129089","source_user_id":715112866525806600,"source_user_id_str":"715112866525806592"}]},"metadata":{"iso_language_code":"ja","result_type":"recent"},"source":"<a href=\"https://twitter.com\" rel=\"nofollow\">ccc fggyyy</a>","in_reply_to_status_id":null,"in_reply_to_status_id_str":null,"in_reply_to_user_id":null,"in_reply_to_user_id_str":null,"in_reply_to_screen_name":null,"user":{"id":838286099621371900,"id_str":"838286099621371905","name":"みゆ✿見せあい募集垢","screen_name":"mm_i_yu","location":"","description":"いわゆる裏垢女子♡おぱーい晒して喜んでます笑♡ぇち動画欲しい人&見せあいしたい人LINEしてね〜💕ふぉろー貰えると喜びます ♥ ♥ ※DM基本見てません×","url":null,"entities":{"description":{"urls":[]}},"protected":false,"followers_count":499,"friends_count":246,"listed_count":0,"created_at":"Sun Mar 05 07:12:35 +0000 2017","favourites_count":0,"utc_offset":-25200,"time_zone":"Pacific Time (US & Canada)","geo_enabled":false,"verified":false,"statuses_count":9,"lang":"ja","contributors_enabled":false,"is_translator":false,"is_translation_enabled":false,"profile_background_color":"F5F8FA","profile_background_image_url":null,"profile_background_image_url_https":null,"profile_background_tile":false,"profile_image_url":"http://pbs.twimg.com/profile_images/870110818829873152/N8Ez-XUN_normal.jpg","profile_image_url_https":"https://pbs.twimg.com/profile_images/870110818829873152/N8Ez-XUN_normal.jpg","profile_banner_url":"https://pbs.twimg.com/profile_banners/838286099621371905/1496285569","profile_link_color":"1DA1F2","profile_sidebar_border_color":"C0DEED","profile_sidebar_fill_color":"DDEEF6","profile_text_color":"333333","profile_use_background_image":true,"has_extended_profile":false,"default_profile":true,"default_profile_image":false,"following":false,"follow_request_sent":false,"notifications":false,"translator_type":"none"},"geo":null,"coordinates":null,"place":null,"contributors":null,"is_quote_status":false,"retweet_count":53,"favorite_count":0,"favorited":false,"retweeted":false,"possibly_sensitive":false,"lang":"ja"},{"created_at":"Fri Jul 07 21:08:04 +0000 2017","id":883432451032395800,"id_str":"883432451032395777","text":"私のこと考えておチンポをシコシコしてる男の人は誰かな","truncated":false,"entities":{"hashtags":[],"symbols":[],"user_mentions":[],"urls":[]},"metadata":{"iso_language_code":"ja","result_type":"recent"},"source":"<a href=\"https://twitter.com/Kana1997ura0\" rel=\"nofollow\">Kana1997ura0</a>","in_reply_to_status_id":null,"in_reply_to_status_id_str":null,"in_reply_to_user_id":null,"in_reply_to_user_id_str":null,"in_reply_to_screen_name":null,"user":{"id":855460611156844500,"id_str":"855460611156844544","name":"KANA＠裏アカ","screen_name":"Kana1997ura0","location":"","description":"欲求不満すぎて裏アカ作っちゃいましたぁ(*´ω｀*)　えっちなつぶやきしちゃうから仲良くしてくれたら嬉しぃデス♪","url":null,"entities":{"description":{"urls":[]}},"protected":false,"followers_count":821,"friends_count":904,"listed_count":0,"created_at":"Fri Apr 21 16:37:58 +0000 2017","favourites_count":0,"utc_offset":null,"time_zone":null,"geo_enabled":false,"verified":false,"statuses_count":389,"lang":"ja","contributors_enabled":false,"is_translator":false,"is_translation_enabled":false,"profile_background_color":"000000","profile_background_image_url":"http://abs.twimg.com/images/themes/theme1/bg.png","profile_background_image_url_https":"https://abs.twimg.com/images/themes/theme1/bg.png","profile_background_tile":false,"profile_image_url":"http://pbs.twimg.com/profile_images/855463242705113089/CETXXCGN_normal.jpg","profile_image_url_https":"https://pbs.twimg.com/profile_images/855463242705113089/CETXXCGN_normal.jpg","profile_banner_url":"https://pbs.twimg.com/profile_banners/855460611156844544/1492793308","profile_link_color":"F58EA8","profile_sidebar_border_color":"000000","profile_sidebar_fill_color":"000000","profile_text_color":"000000","profile_use_background_image":false,"has_extended_profile":false,"default_profile":false,"default_profile_image":false,"following":false,"follow_request_sent":false,"notifications":false,"translator_type":"none"},"geo":null,"coordinates":null,"place":null,"contributors":null,"is_quote_status":false,"retweet_count":49,"favorite_count":0,"favorited":false,"retweeted":false,"lang":"ja"},{"created_at":"Fri Jul 07 21:02:07 +0000 2017","id":883430955511238700,"id_str":"883430955511238657","text":"島風×天津風 https://t.co/ldsgYDd6RM","truncated":false,"entities":{"hashtags":[],"symbols":[],"user_mentions":[],"urls":[],"media":[{"id":883430658856460300,"id_str":"883430658856460288","indices":[7,30],"media_url":"http://pbs.twimg.com/media/DEKTgOzUIAAzqJh.jpg","media_url_https":"https://pbs.twimg.com/media/DEKTgOzUIAAzqJh.jpg","url":"https://t.co/ldsgYDd6RM","display_url":"pic.twitter.com/ldsgYDd6RM","expanded_url":"https://twitter.com/tibbald1/status/883430955511238657/photo/1","type":"photo","sizes":{"medium":{"w":849,"h":1200,"resize":"fit"},"large":{"w":991,"h":1400,"resize":"fit"},"thumb":{"w":150,"h":150,"resize":"crop"},"small":{"w":481,"h":680,"resize":"fit"}}}]},"extended_entities":{"media":[{"id":883430658856460300,"id_str":"883430658856460288","indices":[7,30],"media_url":"http://pbs.twimg.com/media/DEKTgOzUIAAzqJh.jpg","media_url_https":"https://pbs.twimg.com/media/DEKTgOzUIAAzqJh.jpg","url":"https://t.co/ldsgYDd6RM","display_url":"pic.twitter.com/ldsgYDd6RM","expanded_url":"https://twitter.com/tibbald1/status/883430955511238657/photo/1","type":"photo","sizes":{"medium":{"w":849,"h":1200,"resize":"fit"},"large":{"w":991,"h":1400,"resize":"fit"},"thumb":{"w":150,"h":150,"resize":"crop"},"small":{"w":481,"h":680,"resize":"fit"}}}]},"metadata":{"iso_language_code":"ja","result_type":"recent"},"source":"<a href=\"http://twitter.com\" rel=\"nofollow\">Twitter Web Client</a>","in_reply_to_status_id":null,"in_reply_to_status_id_str":null,"in_reply_to_user_id":null,"in_reply_to_user_id_str":null,"in_reply_to_screen_name":null,"user":{"id":2842689854,"id_str":"2842689854","name":"えびふりゃ","screen_name":"tibbald1","location":"","description":"https://t.co/YiGx8T2YWr\nhttps://t.co/5bvKi4MW4F\nお絵かきマン。時々R-18も描くので未成年の方はフォローをご遠慮ください。","url":"https://t.co/9KTaGFWSDI","entities":{"url":{"urls":[{"url":"https://t.co/9KTaGFWSDI","expanded_url":"https://enty.jp/ebifurya","display_url":"enty.jp/ebifurya","indices":[0,23]}]},"description":{"urls":[{"url":"https://t.co/YiGx8T2YWr","expanded_url":"http://pixiv.me/tibbald","display_url":"pixiv.me/tibbald","indices":[0,23]},{"url":"https://t.co/5bvKi4MW4F","expanded_url":"http://seiga.nicovideo.jp/user/illust/40502560","display_url":"seiga.nicovideo.jp/user/illust/40…","indices":[24,47]}]}},"protected":false,"followers_count":31326,"friends_count":105,"listed_count":774,"created_at":"Mon Oct 06 21:13:34 +0000 2014","favourites_count":1866,"utc_offset":-25200,"time_zone":"Pacific Time (US & Canada)","geo_enabled":false,"verified":false,"statuses_count":6431,"lang":"ja","contributors_enabled":false,"is_translator":false,"is_translation_enabled":false,"profile_background_color":"000000","profile_background_image_url":"http://abs.twimg.com/images/themes/theme1/bg.png","profile_background_image_url_https":"https://abs.twimg.com/images/themes/theme1/bg.png","profile_background_tile":false,"profile_image_url":"http://pbs.twimg.com/profile_images/815790223971864576/u4Q7lnHk_normal.jpg","profile_image_url_https":"https://pbs.twimg.com/profile_images/815790223971864576/u4Q7lnHk_normal.jpg","profile_banner_url":"https://pbs.twimg.com/profile_banners/2842689854/1493065814","profile_link_color":"F58EA8","profile_sidebar_border_color":"000000","profile_sidebar_fill_color":"000000","profile_text_color":"000000","profile_use_background_image":false,"has_extended_profile":true,"default_profile":false,"default_profile_image":false,"following":false,"follow_request_sent":false,"notifications":false,"translator_type":"none"},"geo":null,"coordinates":null,"place":null,"contributors":null,"is_quote_status":false,"retweet_count":103,"favorite_count":233,"favorited":false,"retweeted":false,"possibly_sensitive":true,"lang":"ja"},{"created_at":"Fri Jul 07 21:00:42 +0000 2017","id":883430597154287600,"id_str":"883430597154287617","text":"今日は7月8日（旧暦閏5月15日）の土曜日\n七十二候「温風至（あつかぜいたる）」7/7〜7/11頃\n雲の間から注ぐ陽がだんだんと強くなり、\n風が熱気を運んでくる頃。\n\n暦生活\nhttps://t.co/oRp7UTgXDV… https://t.co/AvfTXoRBDH","truncated":true,"entities":{"hashtags":[],"symbols":[],"user_mentions":[],"urls":[{"url":"https://t.co/oRp7UTgXDV","expanded_url":"http://www.543life.com/","display_url":"543life.com","indices":[88,111]},{"url":"https://t.co/AvfTXoRBDH","expanded_url":"https://twitter.com/i/web/status/883430597154287617","display_url":"twitter.com/i/web/status/8…","indices":[113,136]}]},"metadata":{"iso_language_code":"ja","result_type":"recent"},"source":"<a href=\"http://www.hootsuite.com\" rel=\"nofollow\">Hootsuite</a>","in_reply_to_status_id":null,"in_reply_to_status_id_str":null,"in_reply_to_user_id":null,"in_reply_to_user_id_str":null,"in_reply_to_screen_name":null,"user":{"id":837167466,"id_str":"837167466","name":"暦生活","screen_name":"543life","location":"大阪市","description":"日本には四季のほかに二十四節気、七十二候という季節があるのをご存知ですか？旧暦にまつわる旬の食材や季節の風物詩、その他いろいろ、古きよき日本の情緒をつぶやきます♪ 運営サイト「暦生活」にも是非お立ち寄りください。 新日本カレンダー こよみ好きによるつぶやきです♪","url":"https://t.co/dIn7WeGTLs","entities":{"url":{"urls":[{"url":"https://t.co/dIn7WeGTLs","expanded_url":"http://www.543life.com/","display_url":"543life.com","indices":[0,23]}]},"description":{"urls":[]}},"protected":false,"followers_count":117378,"friends_count":1447,"listed_count":2094,"created_at":"Fri Sep 21 06:48:07 +0000 2012","favourites_count":2815,"utc_offset":null,"time_zone":null,"geo_enabled":false,"verified":false,"statuses_count":7391,"lang":"ja","contributors_enabled":false,"is_translator":false,"is_translation_enabled":false,"profile_background_color":"F1C557","profile_background_image_url":"http://pbs.twimg.com/profile_background_images/676114765/85e67d386c17bbff5aa69856a27c5811.jpeg","profile_background_image_url_https":"https://pbs.twimg.com/profile_background_images/676114765/85e67d386c17bbff5aa69856a27c5811.jpeg","profile_background_tile":false,"profile_image_url":"http://pbs.twimg.com/profile_images/848137144124096512/ECfF6VZO_normal.jpg","profile_image_url_https":"https://pbs.twimg.com/profile_images/848137144124096512/ECfF6VZO_normal.jpg","profile_banner_url":"https://pbs.twimg.com/profile_banners/837167466/1498185789","profile_link_color":"FAC02C","profile_sidebar_border_color":"FFFFFF","profile_sidebar_fill_color":"DDEEF6","profile_text_color":"333333","profile_use_background_image":true,"has_extended_profile":false,"default_profile":false,"default_profile_image":false,"following":false,"follow_request_sent":false,"notifications":false,"translator_type":"none"},"geo":null,"coordinates":null,"place":null,"contributors":null,"is_quote_status":false,"retweet_count":103,"favorite_count":97,"favorited":false,"retweeted":false,"possibly_sensitive":false,"lang":"ja"},{"created_at":"Fri Jul 07 21:00:08 +0000 2017","id":883430455059427300,"id_str":"883430455059427328","text":"見せるのも見るのもどっちも好き♥♥\nLINEくれたら写メ送るよ♡\n\n#裏アカ女子\n#見せ合い募集\nhttps://t.co/oqizxAYk6s","truncated":false,"entities":{"hashtags":[{"text":"裏アカ女子","indices":[34,40]},{"text":"見せ合い募集","indices":[41,48]}],"symbols":[],"user_mentions":[],"urls":[],"media":[{"id":863353610402373600,"id_str":"863353610402373632","indices":[49,72],"media_url":"http://pbs.twimg.com/media/C_s_iM-VoAAFSwq.jpg","media_url_https":"https://pbs.twimg.com/media/C_s_iM-VoAAFSwq.jpg","url":"https://t.co/oqizxAYk6s","display_url":"pic.twitter.com/oqizxAYk6s","expanded_url":"https://twitter.com/dubamub/status/863353665767129089/photo/1","type":"photo","sizes":{"medium":{"w":580,"h":772,"resize":"fit"},"large":{"w":580,"h":772,"resize":"fit"},"thumb":{"w":150,"h":150,"resize":"crop"},"small":{"w":511,"h":680,"resize":"fit"}},"source_status_id":863353665767129100,"source_status_id_str":"863353665767129089","source_user_id":715112866525806600,"source_user_id_str":"715112866525806592"}]},"extended_entities":{"media":[{"id":863353610402373600,"id_str":"863353610402373632","indices":[49,72],"media_url":"http://pbs.twimg.com/media/C_s_iM-VoAAFSwq.jpg","media_url_https":"https://pbs.twimg.com/media/C_s_iM-VoAAFSwq.jpg","url":"https://t.co/oqizxAYk6s","display_url":"pic.twitter.com/oqizxAYk6s","expanded_url":"https://twitter.com/dubamub/status/863353665767129089/photo/1","type":"photo","sizes":{"medium":{"w":580,"h":772,"resize":"fit"},"large":{"w":580,"h":772,"resize":"fit"},"thumb":{"w":150,"h":150,"resize":"crop"},"small":{"w":511,"h":680,"resize":"fit"}},"source_status_id":863353665767129100,"source_status_id_str":"863353665767129089","source_user_id":715112866525806600,"source_user_id_str":"715112866525806592"},{"id":863353622054056000,"id_str":"863353622054055937","indices":[49,72],"media_url":"http://pbs.twimg.com/media/C_s_i4YUMAEzG9c.jpg","media_url_https":"https://pbs.twimg.com/media/C_s_i4YUMAEzG9c.jpg","url":"https://t.co/oqizxAYk6s","display_url":"pic.twitter.com/oqizxAYk6s","expanded_url":"https://twitter.com/dubamub/status/863353665767129089/photo/1","type":"photo","sizes":{"small":{"w":360,"h":360,"resize":"fit"},"medium":{"w":360,"h":360,"resize":"fit"},"thumb":{"w":150,"h":150,"resize":"crop"},"large":{"w":360,"h":360,"resize":"fit"}},"source_status_id":863353665767129100,"source_status_id_str":"863353665767129089","source_user_id":715112866525806600,"source_user_id_str":"715112866525806592"},{"id":863353653049999400,"id_str":"863353653049999360","indices":[49,72],"media_url":"http://pbs.twimg.com/media/C_s_kr2UwAAZEQi.jpg","media_url_https":"https://pbs.twimg.com/media/C_s_kr2UwAAZEQi.jpg","url":"https://t.co/oqizxAYk6s","display_url":"pic.twitter.com/oqizxAYk6s","expanded_url":"https://twitter.com/dubamub/status/863353665767129089/photo/1","type":"photo","sizes":{"thumb":{"w":150,"h":150,"resize":"crop"},"large":{"w":580,"h":435,"resize":"fit"},"small":{"w":580,"h":435,"resize":"fit"},"medium":{"w":580,"h":435,"resize":"fit"}},"source_status_id":863353665767129100,"source_status_id_str":"863353665767129089","source_user_id":715112866525806600,"source_user_id_str":"715112866525806592"}]},"metadata":{"iso_language_code":"ja","result_type":"recent"},"source":"<a href=\"https://twitter.com/\" rel=\"nofollow\">x7s2iu 3falx8</a>","in_reply_to_status_id":null,"in_reply_to_status_id_str":null,"in_reply_to_user_id":null,"in_reply_to_user_id_str":null,"in_reply_to_screen_name":null,"user":{"id":873863871861215200,"id_str":"873863871861215233","name":"みゆ✿見せあい垢","screen_name":"miyu_ing","location":"","description":"いわゆる裏垢女子💕おぱーい晒して喜んでます笑💕ぇち動画欲しい人📸見せあいしたい人LINEしてね〜💕ふぉろー貰えると喜びます ✨✨ ※DM基本見てません💦","url":null,"entities":{"description":{"urls":[]}},"protected":false,"followers_count":35,"friends_count":9,"listed_count":0,"created_at":"Sun Jun 11 11:25:57 +0000 2017","favourites_count":0,"utc_offset":-25200,"time_zone":"Pacific Time (US & Canada)","geo_enabled":false,"verified":false,"statuses_count":9,"lang":"ja","contributors_enabled":false,"is_translator":false,"is_translation_enabled":false,"profile_background_color":"F5F8FA","profile_background_image_url":null,"profile_background_image_url_https":null,"profile_background_tile":false,"profile_image_url":"http://pbs.twimg.com/profile_images/879972645726412802/Wum2WDik_normal.jpg","profile_image_url_https":"https://pbs.twimg.com/profile_images/879972645726412802/Wum2WDik_normal.jpg","profile_banner_url":"https://pbs.twimg.com/profile_banners/873863871861215233/1498636810","profile_link_color":"1DA1F2","profile_sidebar_border_color":"C0DEED","profile_sidebar_fill_color":"DDEEF6","profile_text_color":"333333","profile_use_background_image":true,"has_extended_profile":false,"default_profile":true,"default_profile_image":false,"following":false,"follow_request_sent":false,"notifications":false,"translator_type":"none"},"geo":null,"coordinates":null,"place":null,"contributors":null,"is_quote_status":false,"retweet_count":46,"favorite_count":0,"favorited":false,"retweeted":false,"possibly_sensitive":false,"lang":"ja"},{"created_at":"Fri Jul 07 21:00:05 +0000 2017","id":883430444506665000,"id_str":"883430444506664960","text":"お金を貸すのではありません、稼がせます。LINE下さい。nbai4\nhttps://t.co/5TYUbBplFI https://t.co/DihuJoPAKa","truncated":false,"entities":{"hashtags":[],"symbols":[],"user_mentions":[],"urls":[{"url":"https://t.co/5TYUbBplFI","expanded_url":"https://goo.gl/wntqfc","display_url":"goo.gl/wntqfc","indices":[34,57]}],"media":[{"id":883430443395145700,"id_str":"883430443395145728","indices":[58,81],"media_url":"http://pbs.twimg.com/media/DEKTTsJVYAACqg4.jpg","media_url_https":"https://pbs.twimg.com/media/DEKTTsJVYAACqg4.jpg","url":"https://t.co/DihuJoPAKa","display_url":"pic.twitter.com/DihuJoPAKa","expanded_url":"https://twitter.com/rimaEssex/status/883430444506664960/photo/1","type":"photo","sizes":{"small":{"w":497,"h":487,"resize":"fit"},"large":{"w":497,"h":487,"resize":"fit"},"thumb":{"w":150,"h":150,"resize":"crop"},"medium":{"w":497,"h":487,"resize":"fit"}}}]},"extended_entities":{"media":[{"id":883430443395145700,"id_str":"883430443395145728","indices":[58,81],"media_url":"http://pbs.twimg.com/media/DEKTTsJVYAACqg4.jpg","media_url_https":"https://pbs.twimg.com/media/DEKTTsJVYAACqg4.jpg","url":"https://t.co/DihuJoPAKa","display_url":"pic.twitter.com/DihuJoPAKa","expanded_url":"https://twitter.com/rimaEssex/status/883430444506664960/photo/1","type":"photo","sizes":{"small":{"w":497,"h":487,"resize":"fit"},"large":{"w":497,"h":487,"resize":"fit"},"thumb":{"w":150,"h":150,"resize":"crop"},"medium":{"w":497,"h":487,"resize":"fit"}}}]},"metadata":{"iso_language_code":"ja","result_type":"recent"},"source":"<a href=\"http://twitter.com/\" rel=\"nofollow\">つぶせん１１の大事なAPI</a>","in_reply_to_status_id":null,"in_reply_to_status_id_str":null,"in_reply_to_user_id":null,"in_reply_to_user_id_str":null,"in_reply_to_screen_name":null,"user":{"id":101683375,"id_str":"101683375","name":"野村（バイナリ案内）","screen_name":"rimaEssex","location":"LINEID→nbai4","description":"以前のLINEデータが消えてしまいましたので新しいアカウントを作りました。連絡がつかない方多々おられますので新しいIDに連絡ください。突然連絡が途切れ不安にさせてしまい申し訳ありません。\n在宅で出来るバイナリーというものをLINEの方で案内しております。当然、無料案内です。　#バイナリー　#バイナリーオプション #副業","url":null,"entities":{"description":{"urls":[]}},"protected":false,"followers_count":5421,"friends_count":3887,"listed_count":2,"created_at":"Mon Jan 04 06:43:28 +0000 2010","favourites_count":0,"utc_offset":3600,"time_zone":"London","geo_enabled":false,"verified":false,"statuses_count":7,"lang":"ja","contributors_enabled":false,"is_translator":false,"is_translation_enabled":false,"profile_background_color":"EDECE9","profile_background_image_url":"http://abs.twimg.com/images/themes/theme3/bg.gif","profile_background_image_url_https":"https://abs.twimg.com/images/themes/theme3/bg.gif","profile_background_tile":false,"profile_image_url":"http://pbs.twimg.com/profile_images/863576562729234432/TDQG-yVj_normal.jpg","profile_image_url_https":"https://pbs.twimg.com/profile_images/863576562729234432/TDQG-yVj_normal.jpg","profile_link_color":"088253","profile_sidebar_border_color":"D3D2CF","profile_sidebar_fill_color":"E3E2DE","profile_text_color":"634047","profile_use_background_image":true,"has_extended_profile":false,"default_profile":false,"default_profile_image":false,"following":false,"follow_request_sent":false,"notifications":false,"translator_type":"none"},"geo":null,"coordinates":null,"place":null,"contributors":null,"is_quote_status":false,"retweet_count":98,"favorite_count":0,"favorited":false,"retweeted":false,"possibly_sensitive":false,"lang":"ja"},{"created_at":"Fri Jul 07 21:00:03 +0000 2017","id":883430436050878500,"id_str":"883430436050878464","text":"私は嘘で募集するほど暇じゃありません。本当に稼ぎたい人だけ連絡下さい。無料です。LINEID→bainarisf\nhttps://t.co/A7eeTfTBxf　#バイナリー　#バイナリーオプション　#副業　#おこづかい　#お金持ち https://t.co/I4M8CxVA3D","truncated":false,"entities":{"hashtags":[{"text":"バイナリー","indices":[81,87]},{"text":"バイナリーオプション","indices":[88,99]},{"text":"副業","indices":[100,103]},{"text":"おこづかい","indices":[104,110]},{"text":"お金持ち","indices":[111,116]}],"symbols":[],"user_mentions":[],"urls":[{"url":"https://t.co/A7eeTfTBxf","expanded_url":"https://goo.gl/gpmcR4","display_url":"goo.gl/gpmcR4","indices":[57,80]}],"media":[{"id":883430433274290200,"id_str":"883430433274290176","indices":[117,140],"media_url":"http://pbs.twimg.com/media/DEKTTGcVYAAQKmu.jpg","media_url_https":"https://pbs.twimg.com/media/DEKTTGcVYAAQKmu.jpg","url":"https://t.co/I4M8CxVA3D","display_url":"pic.twitter.com/I4M8CxVA3D","expanded_url":"https://twitter.com/dashiruibahan/status/883430436050878464/photo/1","type":"photo","sizes":{"thumb":{"w":150,"h":150,"resize":"crop"},"large":{"w":473,"h":471,"resize":"fit"},"small":{"w":473,"h":471,"resize":"fit"},"medium":{"w":473,"h":471,"resize":"fit"}}}]},"extended_entities":{"media":[{"id":883430433274290200,"id_str":"883430433274290176","indices":[117,140],"media_url":"http://pbs.twimg.com/media/DEKTTGcVYAAQKmu.jpg","media_url_https":"https://pbs.twimg.com/media/DEKTTGcVYAAQKmu.jpg","url":"https://t.co/I4M8CxVA3D","display_url":"pic.twitter.com/I4M8CxVA3D","expanded_url":"https://twitter.com/dashiruibahan/status/883430436050878464/photo/1","type":"photo","sizes":{"thumb":{"w":150,"h":150,"resize":"crop"},"large":{"w":473,"h":471,"resize":"fit"},"small":{"w":473,"h":471,"resize":"fit"},"medium":{"w":473,"h":471,"resize":"fit"}}}]},"metadata":{"iso_language_code":"ja","result_type":"recent"},"source":"<a href=\"http://twitter.com/\" rel=\"nofollow\">zerotubusen12</a>","in_reply_to_status_id":null,"in_reply_to_status_id_str":null,"in_reply_to_user_id":null,"in_reply_to_user_id_str":null,"in_reply_to_screen_name":null,"user":{"id":129696001,"id_str":"129696001","name":"生田　竜二","screen_name":"dashiruibahan","location":"LINEID→bainarisf","description":"投資や副業が初めての方でも気軽に声をかけてください。私はプロですので安心して頂けると思います。無料で相談に乗らせて頂きます。 #バイナリー　#バイナリーオプション　#副業　#おこづかい　#お金持ち　　#投資","url":null,"entities":{"description":{"urls":[]}},"protected":false,"followers_count":6805,"friends_count":4654,"listed_count":2,"created_at":"Mon Apr 05 03:58:40 +0000 2010","favourites_count":0,"utc_offset":-25200,"time_zone":"Arizona","geo_enabled":false,"verified":false,"statuses_count":3,"lang":"ja","contributors_enabled":false,"is_translator":false,"is_translation_enabled":false,"profile_background_color":"8B542B","profile_background_image_url":"http://abs.twimg.com/images/themes/theme8/bg.gif","profile_background_image_url_https":"https://abs.twimg.com/images/themes/theme8/bg.gif","profile_background_tile":false,"profile_image_url":"http://pbs.twimg.com/profile_images/858971680823103488/P4w8ogB4_normal.jpg","profile_image_url_https":"https://pbs.twimg.com/profile_images/858971680823103488/P4w8ogB4_normal.jpg","profile_link_color":"9D582E","profile_sidebar_border_color":"D9B17E","profile_sidebar_fill_color":"EADEAA","profile_text_color":"333333","profile_use_background_image":true,"has_extended_profile":false,"default_profile":false,"default_profile_image":false,"following":false,"follow_request_sent":false,"notifications":false,"translator_type":"none"},"geo":null,"coordinates":null,"place":null,"contributors":null,"is_quote_status":false,"retweet_count":102,"favorite_count":0,"favorited":false,"retweeted":false,"possibly_sensitive":false,"lang":"ja"},{"created_at":"Fri Jul 07 21:00:02 +0000 2017","id":883430430958997500,"id_str":"883430430958997504","text":"見るのも見せるのもどっちも好き♡♡\nLINEくれたら写メ送るよ♥\n\n#裏垢女子\n#見せ合い募集なう\nhttps://t.co/fEJvVKLYXI","truncated":false,"entities":{"hashtags":[{"text":"裏垢女子","indices":[34,39]},{"text":"見せ合い募集なう","indices":[40,49]}],"symbols":[],"user_mentions":[],"urls":[],"media":[{"id":863353878326132700,"id_str":"863353878326132738","indices":[50,73],"media_url":"http://pbs.twimg.com/media/C_s_xzEVwAI3Vze.jpg","media_url_https":"https://pbs.twimg.com/media/C_s_xzEVwAI3Vze.jpg","url":"https://t.co/fEJvVKLYXI","display_url":"pic.twitter.com/fEJvVKLYXI","expanded_url":"https://twitter.com/dubamub/status/863353936417181697/photo/1","type":"photo","sizes":{"thumb":{"w":150,"h":150,"resize":"crop"},"large":{"w":580,"h":435,"resize":"fit"},"small":{"w":580,"h":435,"resize":"fit"},"medium":{"w":580,"h":435,"resize":"fit"}},"source_status_id":863353936417181700,"source_status_id_str":"863353936417181697","source_user_id":715112866525806600,"source_user_id_str":"715112866525806592"}]},"extended_entities":{"media":[{"id":863353878326132700,"id_str":"863353878326132738","indices":[50,73],"media_url":"http://pbs.twimg.com/media/C_s_xzEVwAI3Vze.jpg","media_url_https":"https://pbs.twimg.com/media/C_s_xzEVwAI3Vze.jpg","url":"https://t.co/fEJvVKLYXI","display_url":"pic.twitter.com/fEJvVKLYXI","expanded_url":"https://twitter.com/dubamub/status/863353936417181697/photo/1","type":"photo","sizes":{"thumb":{"w":150,"h":150,"resize":"crop"},"large":{"w":580,"h":435,"resize":"fit"},"small":{"w":580,"h":435,"resize":"fit"},"medium":{"w":580,"h":435,"resize":"fit"}},"source_status_id":863353936417181700,"source_status_id_str":"863353936417181697","source_user_id":715112866525806600,"source_user_id_str":"715112866525806592"},{"id":863353902162296800,"id_str":"863353902162296833","indices":[50,73],"media_url":"http://pbs.twimg.com/media/C_s_zL3UwAESefY.jpg","media_url_https":"https://pbs.twimg.com/media/C_s_zL3UwAESefY.jpg","url":"https://t.co/fEJvVKLYXI","display_url":"pic.twitter.com/fEJvVKLYXI","expanded_url":"https://twitter.com/dubamub/status/863353936417181697/photo/1","type":"photo","sizes":{"thumb":{"w":150,"h":150,"resize":"crop"},"large":{"w":580,"h":435,"resize":"fit"},"small":{"w":580,"h":435,"resize":"fit"},"medium":{"w":580,"h":435,"resize":"fit"}},"source_status_id":863353936417181700,"source_status_id_str":"863353936417181697","source_user_id":715112866525806600,"source_user_id_str":"715112866525806592"},{"id":863353911754629100,"id_str":"863353911754629120","indices":[50,73],"media_url":"http://pbs.twimg.com/media/C_s_zvmUIAASR8M.jpg","media_url_https":"https://pbs.twimg.com/media/C_s_zvmUIAASR8M.jpg","url":"https://t.co/fEJvVKLYXI","display_url":"pic.twitter.com/fEJvVKLYXI","expanded_url":"https://twitter.com/dubamub/status/863353936417181697/photo/1","type":"photo","sizes":{"small":{"w":360,"h":360,"resize":"fit"},"medium":{"w":360,"h":360,"resize":"fit"},"thumb":{"w":150,"h":150,"resize":"crop"},"large":{"w":360,"h":360,"resize":"fit"}},"source_status_id":863353936417181700,"source_status_id_str":"863353936417181697","source_user_id":715112866525806600,"source_user_id_str":"715112866525806592"}]},"metadata":{"iso_language_code":"ja","result_type":"recent"},"source":"<a href=\"https://twitter.com/\" rel=\"nofollow\">dfuef yyywpm</a>","in_reply_to_status_id":null,"in_reply_to_status_id_str":null,"in_reply_to_user_id":null,"in_reply_to_user_id_str":null,"in_reply_to_screen_name":null,"user":{"id":856415444948836400,"id_str":"856415444948836354","name":"みゆ✿見せあい垢","screen_name":"mi_yu_ss","location":"","description":"いわゆる裏垢女子💕おぱーい晒して喜んでます笑💕ぇち動画欲しい人📸見せあいしたい人LINEしてね〜💕ふぉろー貰えると喜びます ✨✨ ※DM基本見てません💦","url":null,"entities":{"description":{"urls":[]}},"protected":false,"followers_count":234,"friends_count":7,"listed_count":1,"created_at":"Mon Apr 24 07:52:08 +0000 2017","favourites_count":0,"utc_offset":-25200,"time_zone":"Pacific Time (US & Canada)","geo_enabled":false,"verified":false,"statuses_count":9,"lang":"ja","contributors_enabled":false,"is_translator":false,"is_translation_enabled":false,"profile_background_color":"F5F8FA","profile_background_image_url":null,"profile_background_image_url_https":null,"profile_background_tile":false,"profile_image_url":"http://pbs.twimg.com/profile_images/879975880981757952/N8nx0pTx_normal.jpg","profile_image_url_https":"https://pbs.twimg.com/profile_images/879975880981757952/N8nx0pTx_normal.jpg","profile_banner_url":"https://pbs.twimg.com/profile_banners/856415444948836354/1498637583","profile_link_color":"1DA1F2","profile_sidebar_border_color":"C0DEED","profile_sidebar_fill_color":"DDEEF6","profile_text_color":"333333","profile_use_background_image":true,"has_extended_profile":false,"default_profile":true,"default_profile_image":false,"following":false,"follow_request_sent":false,"notifications":false,"translator_type":"none"},"geo":null,"coordinates":null,"place":null,"contributors":null,"is_quote_status":false,"retweet_count":49,"favorite_count":0,"favorited":false,"retweeted":false,"possibly_sensitive":false,"lang":"ja"},{"created_at":"Fri Jul 07 21:00:02 +0000 2017","id":883430430124384300,"id_str":"883430430124384256","text":"オナムビ撮影完了（笑）←\nLINEくれたら見せたげる(灬ºωº灬)♡\n感想教えてほしい♪\nhttps://t.co/pKeCX0cZXy","truncated":false,"entities":{"hashtags":[],"symbols":[],"user_mentions":[],"urls":[],"media":[{"id":857849046299426800,"id_str":"857849046299426817","indices":[45,68],"media_url":"http://pbs.twimg.com/media/C-exKZuVwAEJFaq.jpg","media_url_https":"https://pbs.twimg.com/media/C-exKZuVwAEJFaq.jpg","url":"https://t.co/pKeCX0cZXy","display_url":"pic.twitter.com/pKeCX0cZXy","expanded_url":"https://twitter.com/befovec/status/857849080696913920/photo/1","type":"photo","sizes":{"medium":{"w":310,"h":310,"resize":"fit"},"thumb":{"w":150,"h":150,"resize":"crop"},"small":{"w":310,"h":310,"resize":"fit"},"large":{"w":310,"h":310,"resize":"fit"}},"source_status_id":857849080696913900,"source_status_id_str":"857849080696913920","source_user_id":715111575732924400,"source_user_id_str":"715111575732924416"}]},"extended_entities":{"media":[{"id":857849046299426800,"id_str":"857849046299426817","indices":[45,68],"media_url":"http://pbs.twimg.com/media/C-exKZuVwAEJFaq.jpg","media_url_https":"https://pbs.twimg.com/media/C-exKZuVwAEJFaq.jpg","url":"https://t.co/pKeCX0cZXy","display_url":"pic.twitter.com/pKeCX0cZXy","expanded_url":"https://twitter.com/befovec/status/857849080696913920/photo/1","type":"photo","sizes":{"medium":{"w":310,"h":310,"resize":"fit"},"thumb":{"w":150,"h":150,"resize":"crop"},"small":{"w":310,"h":310,"resize":"fit"},"large":{"w":310,"h":310,"resize":"fit"}},"source_status_id":857849080696913900,"source_status_id_str":"857849080696913920","source_user_id":715111575732924400,"source_user_id_str":"715111575732924416"},{"id":857849054339846100,"id_str":"857849054339846145","indices":[45,68],"media_url":"http://pbs.twimg.com/media/C-exK3rU0AENUq3.jpg","media_url_https":"https://pbs.twimg.com/media/C-exK3rU0AENUq3.jpg","url":"https://t.co/pKeCX0cZXy","display_url":"pic.twitter.com/pKeCX0cZXy","expanded_url":"https://twitter.com/befovec/status/857849080696913920/photo/1","type":"photo","sizes":{"large":{"w":580,"h":773,"resize":"fit"},"medium":{"w":580,"h":773,"resize":"fit"},"thumb":{"w":150,"h":150,"resize":"crop"},"small":{"w":510,"h":680,"resize":"fit"}},"source_status_id":857849080696913900,"source_status_id_str":"857849080696913920","source_user_id":715111575732924400,"source_user_id_str":"715111575732924416"}]},"metadata":{"iso_language_code":"ja","result_type":"recent"},"source":"<a href=\"https://twitter.com/\" rel=\"nofollow\">trfgk atgfpm</a>","in_reply_to_status_id":null,"in_reply_to_status_id_str":null,"in_reply_to_user_id":null,"in_reply_to_user_id_str":null,"in_reply_to_screen_name":null,"user":{"id":868729716315799600,"id_str":"868729716315799552","name":"cocoaが自撮る垢","screen_name":"cccocoas","location":"","description":"２０歳ですっ。エロ自撮りが趣味←　おぱーい晒して喜んでますｗｗ　動画はLINE貰えたら送りますよー(*´Д｀)","url":null,"entities":{"description":{"urls":[]}},"protected":false,"followers_count":69,"friends_count":9,"listed_count":0,"created_at":"Sun May 28 07:24:39 +0000 2017","favourites_count":0,"utc_offset":-25200,"time_zone":"Pacific Time (US & Canada)","geo_enabled":false,"verified":false,"statuses_count":9,"lang":"ja","contributors_enabled":false,"is_translator":false,"is_translation_enabled":false,"profile_background_color":"000000","profile_background_image_url":"http://abs.twimg.com/images/themes/theme1/bg.png","profile_background_image_url_https":"https://abs.twimg.com/images/themes/theme1/bg.png","profile_background_tile":false,"profile_image_url":"http://pbs.twimg.com/profile_images/871647077117206529/3KLERSyw_normal.jpg","profile_image_url_https":"https://pbs.twimg.com/profile_images/871647077117206529/3KLERSyw_normal.jpg","profile_link_color":"E81C4F","profile_sidebar_border_color":"000000","profile_sidebar_fill_color":"000000","profile_text_color":"000000","profile_use_background_image":false,"has_extended_profile":false,"default_profile":false,"default_profile_image":false,"following":false,"follow_request_sent":false,"notifications":false,"translator_type":"none"},"geo":null,"coordinates":null,"place":null,"contributors":null,"is_quote_status":false,"retweet_count":57,"favorite_count":0,"favorited":false,"retweeted":false,"possibly_sensitive":false,"lang":"ja"},{"created_at":"Fri Jul 07 21:00:02 +0000 2017","id":883430429532880900,"id_str":"883430429532880896","text":"新しいエロムビ撮影したおｗLINEくれたら見せてもいいよー♪\nQR載せとくので友達追加してねー\n感想ききたい(*´Д｀)\nhttps://t.co/zGTb3LeuGL","truncated":false,"entities":{"hashtags":[],"symbols":[],"user_mentions":[],"urls":[],"media":[{"id":857848978313838600,"id_str":"857848978313838592","indices":[61,84],"media_url":"http://pbs.twimg.com/media/C-exGcdUAAAK6Lf.jpg","media_url_https":"https://pbs.twimg.com/media/C-exGcdUAAAK6Lf.jpg","url":"https://t.co/zGTb3LeuGL","display_url":"pic.twitter.com/zGTb3LeuGL","expanded_url":"https://twitter.com/befovec/status/857849009775431681/photo/1","type":"photo","sizes":{"large":{"w":580,"h":773,"resize":"fit"},"thumb":{"w":150,"h":150,"resize":"crop"},"medium":{"w":580,"h":773,"resize":"fit"},"small":{"w":510,"h":680,"resize":"fit"}},"source_status_id":857849009775431700,"source_status_id_str":"857849009775431681","source_user_id":715111575732924400,"source_user_id_str":"715111575732924416"}]},"extended_entities":{"media":[{"id":857848978313838600,"id_str":"857848978313838592","indices":[61,84],"media_url":"http://pbs.twimg.com/media/C-exGcdUAAAK6Lf.jpg","media_url_https":"https://pbs.twimg.com/media/C-exGcdUAAAK6Lf.jpg","url":"https://t.co/zGTb3LeuGL","display_url":"pic.twitter.com/zGTb3LeuGL","expanded_url":"https://twitter.com/befovec/status/857849009775431681/photo/1","type":"photo","sizes":{"large":{"w":580,"h":773,"resize":"fit"},"thumb":{"w":150,"h":150,"resize":"crop"},"medium":{"w":580,"h":773,"resize":"fit"},"small":{"w":510,"h":680,"resize":"fit"}},"source_status_id":857849009775431700,"source_status_id_str":"857849009775431681","source_user_id":715111575732924400,"source_user_id_str":"715111575732924416"},{"id":857848995284107300,"id_str":"857848995284107264","indices":[61,84],"media_url":"http://pbs.twimg.com/media/C-exHbrVwAAG-9W.jpg","media_url_https":"https://pbs.twimg.com/media/C-exHbrVwAAG-9W.jpg","url":"https://t.co/zGTb3LeuGL","display_url":"pic.twitter.com/zGTb3LeuGL","expanded_url":"https://twitter.com/befovec/status/857849009775431681/photo/1","type":"photo","sizes":{"medium":{"w":310,"h":310,"resize":"fit"},"thumb":{"w":150,"h":150,"resize":"crop"},"small":{"w":310,"h":310,"resize":"fit"},"large":{"w":310,"h":310,"resize":"fit"}},"source_status_id":857849009775431700,"source_status_id_str":"857849009775431681","source_user_id":715111575732924400,"source_user_id_str":"715111575732924416"}]},"metadata":{"iso_language_code":"ja","result_type":"recent"},"source":"<a href=\"https://twitter.com/\" rel=\"nofollow\">hoxki niewrt</a>","in_reply_to_status_id":null,"in_reply_to_status_id_str":null,"in_reply_to_user_id":null,"in_reply_to_user_id_str":null,"in_reply_to_screen_name":null,"user":{"id":858352795384135700,"id_str":"858352795384135681","name":"cocoaが自撮る垢","screen_name":"cocoa_ccaco","location":"","description":"エロ自撮りが趣味←　おぱーい晒して喜んでますｗｗ　動画はLINE貰えたら送りますよー(*´Д｀)","url":null,"entities":{"description":{"urls":[]}},"protected":false,"followers_count":122,"friends_count":7,"listed_count":0,"created_at":"Sat Apr 29 16:10:28 +0000 2017","favourites_count":0,"utc_offset":-25200,"time_zone":"Pacific Time (US & Canada)","geo_enabled":false,"verified":false,"statuses_count":11,"lang":"ja","contributors_enabled":false,"is_translator":false,"is_translation_enabled":false,"profile_background_color":"F5F8FA","profile_background_image_url":null,"profile_background_image_url_https":null,"profile_background_tile":false,"profile_image_url":"http://pbs.twimg.com/profile_images/859002977972965376/a6q0FrFP_normal.jpg","profile_image_url_https":"https://pbs.twimg.com/profile_images/859002977972965376/a6q0FrFP_normal.jpg","profile_link_color":"1DA1F2","profile_sidebar_border_color":"C0DEED","profile_sidebar_fill_color":"DDEEF6","profile_text_color":"333333","profile_use_background_image":true,"has_extended_profile":true,"default_profile":true,"default_profile_image":false,"following":false,"follow_request_sent":false,"notifications":false,"translator_type":"none"},"geo":null,"coordinates":null,"place":null,"contributors":null,"is_quote_status":false,"retweet_count":56,"favorite_count":0,"favorited":false,"retweeted":false,"possibly_sensitive":false,"lang":"ja"},{"created_at":"Fri Jul 07 21:00:02 +0000 2017","id":883430429222555600,"id_str":"883430429222555648","text":"オナムビ撮影完了（笑）←\nLINEくれたら見せたげる(灬ºωº灬)♡\n感想教えてほしい♪\n\nQR載せとくので友達追加してねー\nhttps://t.co/u1OtWl88kc","truncated":false,"entities":{"hashtags":[],"symbols":[],"user_mentions":[],"urls":[],"media":[{"id":857849046299426800,"id_str":"857849046299426817","indices":[63,86],"media_url":"http://pbs.twimg.com/media/C-exKZuVwAEJFaq.jpg","media_url_https":"https://pbs.twimg.com/media/C-exKZuVwAEJFaq.jpg","url":"https://t.co/u1OtWl88kc","display_url":"pic.twitter.com/u1OtWl88kc","expanded_url":"https://twitter.com/befovec/status/857849080696913920/photo/1","type":"photo","sizes":{"medium":{"w":310,"h":310,"resize":"fit"},"thumb":{"w":150,"h":150,"resize":"crop"},"small":{"w":310,"h":310,"resize":"fit"},"large":{"w":310,"h":310,"resize":"fit"}},"source_status_id":857849080696913900,"source_status_id_str":"857849080696913920","source_user_id":715111575732924400,"source_user_id_str":"715111575732924416"}]},"extended_entities":{"media":[{"id":857849046299426800,"id_str":"857849046299426817","indices":[63,86],"media_url":"http://pbs.twimg.com/media/C-exKZuVwAEJFaq.jpg","media_url_https":"https://pbs.twimg.com/media/C-exKZuVwAEJFaq.jpg","url":"https://t.co/u1OtWl88kc","display_url":"pic.twitter.com/u1OtWl88kc","expanded_url":"https://twitter.com/befovec/status/857849080696913920/photo/1","type":"photo","sizes":{"medium":{"w":310,"h":310,"resize":"fit"},"thumb":{"w":150,"h":150,"resize":"crop"},"small":{"w":310,"h":310,"resize":"fit"},"large":{"w":310,"h":310,"resize":"fit"}},"source_status_id":857849080696913900,"source_status_id_str":"857849080696913920","source_user_id":715111575732924400,"source_user_id_str":"715111575732924416"},{"id":857849054339846100,"id_str":"857849054339846145","indices":[63,86],"media_url":"http://pbs.twimg.com/media/C-exK3rU0AENUq3.jpg","media_url_https":"https://pbs.twimg.com/media/C-exK3rU0AENUq3.jpg","url":"https://t.co/u1OtWl88kc","display_url":"pic.twitter.com/u1OtWl88kc","expanded_url":"https://twitter.com/befovec/status/857849080696913920/photo/1","type":"photo","sizes":{"large":{"w":580,"h":773,"resize":"fit"},"medium":{"w":580,"h":773,"resize":"fit"},"thumb":{"w":150,"h":150,"resize":"crop"},"small":{"w":510,"h":680,"resize":"fit"}},"source_status_id":857849080696913900,"source_status_id_str":"857849080696913920","source_user_id":715111575732924400,"source_user_id_str":"715111575732924416"}]},"metadata":{"iso_language_code":"ja","result_type":"recent"},"source":"<a href=\"https://twitter.com/\" rel=\"nofollow\">dhsu asjisa</a>","in_reply_to_status_id":null,"in_reply_to_status_id_str":null,"in_reply_to_user_id":null,"in_reply_to_user_id_str":null,"in_reply_to_screen_name":null,"user":{"id":855686071857823700,"id_str":"855686071857823744","name":"cocoaが自撮る垢","screen_name":"coccocoaa","location":"","description":"エロ自撮りが趣味←　おぱーい晒して喜んでますｗｗ　動画はLINE貰えたら送りますよー(*´Д｀)","url":null,"entities":{"description":{"urls":[]}},"protected":false,"followers_count":99,"friends_count":9,"listed_count":0,"created_at":"Sat Apr 22 07:33:52 +0000 2017","favourites_count":0,"utc_offset":-25200,"time_zone":"Pacific Time (US & Canada)","geo_enabled":false,"verified":false,"statuses_count":10,"lang":"ja","contributors_enabled":false,"is_translator":false,"is_translation_enabled":false,"profile_background_color":"F5F8FA","profile_background_image_url":null,"profile_background_image_url_https":null,"profile_background_tile":false,"profile_image_url":"http://pbs.twimg.com/profile_images/857162876360028160/Jt57K0EY_normal.jpg","profile_image_url_https":"https://pbs.twimg.com/profile_images/857162876360028160/Jt57K0EY_normal.jpg","profile_link_color":"1DA1F2","profile_sidebar_border_color":"C0DEED","profile_sidebar_fill_color":"DDEEF6","profile_text_color":"333333","profile_use_background_image":true,"has_extended_profile":true,"default_profile":true,"default_profile_image":false,"following":false,"follow_request_sent":false,"notifications":false,"translator_type":"none"},"geo":null,"coordinates":null,"place":null,"contributors":null,"is_quote_status":false,"retweet_count":56,"favorite_count":0,"favorited":false,"retweeted":false,"possibly_sensitive":false,"lang":"ja"},{"created_at":"Fri Jul 07 21:00:02 +0000 2017","id":883430428891160600,"id_str":"883430428891160576","text":"エロムビ撮影完了（笑）←\nLINEくれたら見せてもいいよー♪\n感想ききたい(*´Д｀)\nhttps://t.co/70Zs59sL20","truncated":false,"entities":{"hashtags":[],"symbols":[],"user_mentions":[],"urls":[],"media":[{"id":857848978313838600,"id_str":"857848978313838592","indices":[44,67],"media_url":"http://pbs.twimg.com/media/C-exGcdUAAAK6Lf.jpg","media_url_https":"https://pbs.twimg.com/media/C-exGcdUAAAK6Lf.jpg","url":"https://t.co/70Zs59sL20","display_url":"pic.twitter.com/70Zs59sL20","expanded_url":"https://twitter.com/befovec/status/857849009775431681/photo/1","type":"photo","sizes":{"large":{"w":580,"h":773,"resize":"fit"},"thumb":{"w":150,"h":150,"resize":"crop"},"medium":{"w":580,"h":773,"resize":"fit"},"small":{"w":510,"h":680,"resize":"fit"}},"source_status_id":857849009775431700,"source_status_id_str":"857849009775431681","source_user_id":715111575732924400,"source_user_id_str":"715111575732924416"}]},"extended_entities":{"media":[{"id":857848978313838600,"id_str":"857848978313838592","indices":[44,67],"media_url":"http://pbs.twimg.com/media/C-exGcdUAAAK6Lf.jpg","media_url_https":"https://pbs.twimg.com/media/C-exGcdUAAAK6Lf.jpg","url":"https://t.co/70Zs59sL20","display_url":"pic.twitter.com/70Zs59sL20","expanded_url":"https://twitter.com/befovec/status/857849009775431681/photo/1","type":"photo","sizes":{"large":{"w":580,"h":773,"resize":"fit"},"thumb":{"w":150,"h":150,"resize":"crop"},"medium":{"w":580,"h":773,"resize":"fit"},"small":{"w":510,"h":680,"resize":"fit"}},"source_status_id":857849009775431700,"source_status_id_str":"857849009775431681","source_user_id":715111575732924400,"source_user_id_str":"715111575732924416"},{"id":857848995284107300,"id_str":"857848995284107264","indices":[44,67],"media_url":"http://pbs.twimg.com/media/C-exHbrVwAAG-9W.jpg","media_url_https":"https://pbs.twimg.com/media/C-exHbrVwAAG-9W.jpg","url":"https://t.co/70Zs59sL20","display_url":"pic.twitter.com/70Zs59sL20","expanded_url":"https://twitter.com/befovec/status/857849009775431681/photo/1","type":"photo","sizes":{"medium":{"w":310,"h":310,"resize":"fit"},"thumb":{"w":150,"h":150,"resize":"crop"},"small":{"w":310,"h":310,"resize":"fit"},"large":{"w":310,"h":310,"resize":"fit"}},"source_status_id":857849009775431700,"source_status_id_str":"857849009775431681","source_user_id":715111575732924400,"source_user_id_str":"715111575732924416"}]},"metadata":{"iso_language_code":"ja","result_type":"recent"},"source":"<a href=\"https://twitter.com/\" rel=\"nofollow\">adkon xwyuu</a>","in_reply_to_status_id":null,"in_reply_to_status_id_str":null,"in_reply_to_user_id":null,"in_reply_to_user_id_str":null,"in_reply_to_screen_name":null,"user":{"id":869434173592940500,"id_str":"869434173592940544","name":"cocoaが自撮る垢","screen_name":"co_cocoac","location":"","description":"エロ自撮りが趣味←　おぱーい晒して喜んでますｗｗ　動画はLINE貰えたら送りますよー(*´Д｀)","url":null,"entities":{"description":{"urls":[]}},"protected":false,"followers_count":66,"friends_count":9,"listed_count":0,"created_at":"Tue May 30 06:03:55 +0000 2017","favourites_count":0,"utc_offset":-25200,"time_zone":"Pacific Time (US & Canada)","geo_enabled":false,"verified":false,"statuses_count":11,"lang":"ja","contributors_enabled":false,"is_translator":false,"is_translation_enabled":false,"profile_background_color":"F5F8FA","profile_background_image_url":null,"profile_background_image_url_https":null,"profile_background_tile":false,"profile_image_url":"http://pbs.twimg.com/profile_images/869871951753363456/b1Lb-ls6_normal.jpg","profile_image_url_https":"https://pbs.twimg.com/profile_images/869871951753363456/b1Lb-ls6_normal.jpg","profile_link_color":"1DA1F2","profile_sidebar_border_color":"C0DEED","profile_sidebar_fill_color":"DDEEF6","profile_text_color":"333333","profile_use_background_image":true,"has_extended_profile":true,"default_profile":true,"default_profile_image":false,"following":false,"follow_request_sent":false,"notifications":false,"translator_type":"none"},"geo":null,"coordinates":null,"place":null,"contributors":null,"is_quote_status":false,"retweet_count":57,"favorite_count":0,"favorited":false,"retweeted":false,"possibly_sensitive":false,"lang":"ja"},{"created_at":"Fri Jul 07 21:00:02 +0000 2017","id":883430428106866700,"id_str":"883430428106866689","text":"エロムビ撮影完了（笑）←\nLINEくれたら見せてもいいよー♪\n感想ききたい(*´Д｀)\nhttps://t.co/RxzzIkE8ID","truncated":false,"entities":{"hashtags":[],"symbols":[],"user_mentions":[],"urls":[],"media":[{"id":857848978313838600,"id_str":"857848978313838592","indices":[44,67],"media_url":"http://pbs.twimg.com/media/C-exGcdUAAAK6Lf.jpg","media_url_https":"https://pbs.twimg.com/media/C-exGcdUAAAK6Lf.jpg","url":"https://t.co/RxzzIkE8ID","display_url":"pic.twitter.com/RxzzIkE8ID","expanded_url":"https://twitter.com/befovec/status/857849009775431681/photo/1","type":"photo","sizes":{"large":{"w":580,"h":773,"resize":"fit"},"thumb":{"w":150,"h":150,"resize":"crop"},"medium":{"w":580,"h":773,"resize":"fit"},"small":{"w":510,"h":680,"resize":"fit"}},"source_status_id":857849009775431700,"source_status_id_str":"857849009775431681","source_user_id":715111575732924400,"source_user_id_str":"715111575732924416"}]},"extended_entities":{"media":[{"id":857848978313838600,"id_str":"857848978313838592","indices":[44,67],"media_url":"http://pbs.twimg.com/media/C-exGcdUAAAK6Lf.jpg","media_url_https":"https://pbs.twimg.com/media/C-exGcdUAAAK6Lf.jpg","url":"https://t.co/RxzzIkE8ID","display_url":"pic.twitter.com/RxzzIkE8ID","expanded_url":"https://twitter.com/befovec/status/857849009775431681/photo/1","type":"photo","sizes":{"large":{"w":580,"h":773,"resize":"fit"},"thumb":{"w":150,"h":150,"resize":"crop"},"medium":{"w":580,"h":773,"resize":"fit"},"small":{"w":510,"h":680,"resize":"fit"}},"source_status_id":857849009775431700,"source_status_id_str":"857849009775431681","source_user_id":715111575732924400,"source_user_id_str":"715111575732924416"},{"id":857848995284107300,"id_str":"857848995284107264","indices":[44,67],"media_url":"http://pbs.twimg.com/media/C-exHbrVwAAG-9W.jpg","media_url_https":"https://pbs.twimg.com/media/C-exHbrVwAAG-9W.jpg","url":"https://t.co/RxzzIkE8ID","display_url":"pic.twitter.com/RxzzIkE8ID","expanded_url":"https://twitter.com/befovec/status/857849009775431681/photo/1","type":"photo","sizes":{"medium":{"w":310,"h":310,"resize":"fit"},"thumb":{"w":150,"h":150,"resize":"crop"},"small":{"w":310,"h":310,"resize":"fit"},"large":{"w":310,"h":310,"resize":"fit"}},"source_status_id":857849009775431700,"source_status_id_str":"857849009775431681","source_user_id":715111575732924400,"source_user_id_str":"715111575732924416"}]},"metadata":{"iso_language_code":"ja","result_type":"recent"},"source":"<a href=\"https://twitter.com/\" rel=\"nofollow\">etwfs fyuiag</a>","in_reply_to_status_id":null,"in_reply_to_status_id_str":null,"in_reply_to_user_id":null,"in_reply_to_user_id_str":null,"in_reply_to_screen_name":null,"user":{"id":856436528003797000,"id_str":"856436528003796992","name":"cocoaが自撮る垢","screen_name":"fing_cocoa","location":"","description":"エロ自撮りが趣味←　おぱーい晒して喜んでますｗｗ　動画はLINE貰えたら送りますよー(*´Д｀)","url":null,"entities":{"description":{"urls":[]}},"protected":false,"followers_count":175,"friends_count":9,"listed_count":0,"created_at":"Mon Apr 24 09:15:54 +0000 2017","favourites_count":0,"utc_offset":-25200,"time_zone":"Pacific Time (US & Canada)","geo_enabled":false,"verified":false,"statuses_count":16,"lang":"ja","contributors_enabled":false,"is_translator":false,"is_translation_enabled":false,"profile_background_color":"F5F8FA","profile_background_image_url":null,"profile_background_image_url_https":null,"profile_background_tile":false,"profile_image_url":"http://pbs.twimg.com/profile_images/857105669199192064/N9zunpxq_normal.jpg","profile_image_url_https":"https://pbs.twimg.com/profile_images/857105669199192064/N9zunpxq_normal.jpg","profile_link_color":"1DA1F2","profile_sidebar_border_color":"C0DEED","profile_sidebar_fill_color":"DDEEF6","profile_text_color":"333333","profile_use_background_image":true,"has_extended_profile":false,"default_profile":true,"default_profile_image":false,"following":false,"follow_request_sent":false,"notifications":false,"translator_type":"none"},"geo":null,"coordinates":null,"place":null,"contributors":null,"is_quote_status":false,"retweet_count":54,"favorite_count":0,"favorited":false,"retweeted":false,"possibly_sensitive":false,"lang":"ja"},{"created_at":"Fri Jul 07 21:00:01 +0000 2017","id":883430427628773400,"id_str":"883430427628773377","text":"新しいエロムビ撮影したおｗLINEくれたら見せてもいいよー♪\n感想ききたい(*´Д｀)\nhttps://t.co/UxPIAH4Wyu","truncated":false,"entities":{"hashtags":[],"symbols":[],"user_mentions":[],"urls":[],"media":[{"id":857848978313838600,"id_str":"857848978313838592","indices":[44,67],"media_url":"http://pbs.twimg.com/media/C-exGcdUAAAK6Lf.jpg","media_url_https":"https://pbs.twimg.com/media/C-exGcdUAAAK6Lf.jpg","url":"https://t.co/UxPIAH4Wyu","display_url":"pic.twitter.com/UxPIAH4Wyu","expanded_url":"https://twitter.com/befovec/status/857849009775431681/photo/1","type":"photo","sizes":{"large":{"w":580,"h":773,"resize":"fit"},"thumb":{"w":150,"h":150,"resize":"crop"},"medium":{"w":580,"h":773,"resize":"fit"},"small":{"w":510,"h":680,"resize":"fit"}},"source_status_id":857849009775431700,"source_status_id_str":"857849009775431681","source_user_id":715111575732924400,"source_user_id_str":"715111575732924416"}]},"extended_entities":{"media":[{"id":857848978313838600,"id_str":"857848978313838592","indices":[44,67],"media_url":"http://pbs.twimg.com/media/C-exGcdUAAAK6Lf.jpg","media_url_https":"https://pbs.twimg.com/media/C-exGcdUAAAK6Lf.jpg","url":"https://t.co/UxPIAH4Wyu","display_url":"pic.twitter.com/UxPIAH4Wyu","expanded_url":"https://twitter.com/befovec/status/857849009775431681/photo/1","type":"photo","sizes":{"large":{"w":580,"h":773,"resize":"fit"},"thumb":{"w":150,"h":150,"resize":"crop"},"medium":{"w":580,"h":773,"resize":"fit"},"small":{"w":510,"h":680,"resize":"fit"}},"source_status_id":857849009775431700,"source_status_id_str":"857849009775431681","source_user_id":715111575732924400,"source_user_id_str":"715111575732924416"},{"id":857848995284107300,"id_str":"857848995284107264","indices":[44,67],"media_url":"http://pbs.twimg.com/media/C-exHbrVwAAG-9W.jpg","media_url_https":"https://pbs.twimg.com/media/C-exHbrVwAAG-9W.jpg","url":"https://t.co/UxPIAH4Wyu","display_url":"pic.twitter.com/UxPIAH4Wyu","expanded_url":"https://twitter.com/befovec/status/857849009775431681/photo/1","type":"photo","sizes":{"medium":{"w":310,"h":310,"resize":"fit"},"thumb":{"w":150,"h":150,"resize":"crop"},"small":{"w":310,"h":310,"resize":"fit"},"large":{"w":310,"h":310,"resize":"fit"}},"source_status_id":857849009775431700,"source_status_id_str":"857849009775431681","source_user_id":715111575732924400,"source_user_id_str":"715111575732924416"}]},"metadata":{"iso_language_code":"ja","result_type":"recent"},"source":"<a href=\"https://twitter.com/\" rel=\"nofollow\">ofzfqj k1duzu</a>","in_reply_to_status_id":null,"in_reply_to_status_id_str":null,"in_reply_to_user_id":null,"in_reply_to_user_id_str":null,"in_reply_to_screen_name":null,"user":{"id":867138352708935700,"id_str":"867138352708935680","name":"cocoaが自撮る垢","screen_name":"cocoa_link","location":"","description":"エロ自撮りが趣味←　おぱーい晒して喜んでますｗｗ　動画はLINE貰えたら送りますよー(*´Д｀)","url":null,"entities":{"description":{"urls":[]}},"protected":false,"followers_count":76,"friends_count":57,"listed_count":0,"created_at":"Tue May 23 22:01:08 +0000 2017","favourites_count":0,"utc_offset":-25200,"time_zone":"Pacific Time (US & Canada)","geo_enabled":false,"verified":false,"statuses_count":12,"lang":"ja","contributors_enabled":false,"is_translator":false,"is_translation_enabled":false,"profile_background_color":"F5F8FA","profile_background_image_url":null,"profile_background_image_url_https":null,"profile_background_tile":false,"profile_image_url":"http://pbs.twimg.com/profile_images/870194127253655553/axSKYFv5_normal.jpg","profile_image_url_https":"https://pbs.twimg.com/profile_images/870194127253655553/axSKYFv5_normal.jpg","profile_link_color":"1DA1F2","profile_sidebar_border_color":"C0DEED","profile_sidebar_fill_color":"DDEEF6","profile_text_color":"333333","profile_use_background_image":true,"has_extended_profile":false,"default_profile":true,"default_profile_image":false,"following":false,"follow_request_sent":false,"notifications":false,"translator_type":"none"},"geo":null,"coordinates":null,"place":null,"contributors":null,"is_quote_status":false,"retweet_count":56,"favorite_count":0,"favorited":false,"retweeted":false,"possibly_sensitive":false,"lang":"ja"},{"created_at":"Fri Jul 07 21:00:01 +0000 2017","id":883430427377057800,"id_str":"883430427377057793","text":"新しいエロムビ撮影したおｗLINEくれたら見せてもいいよー♪\nQR載せとくので友達追加してねー\n感想ききたい(*´Д｀)\nhttps://t.co/KX7SgighPe","truncated":false,"entities":{"hashtags":[],"symbols":[],"user_mentions":[],"urls":[],"media":[{"id":857848978313838600,"id_str":"857848978313838592","indices":[61,84],"media_url":"http://pbs.twimg.com/media/C-exGcdUAAAK6Lf.jpg","media_url_https":"https://pbs.twimg.com/media/C-exGcdUAAAK6Lf.jpg","url":"https://t.co/KX7SgighPe","display_url":"pic.twitter.com/KX7SgighPe","expanded_url":"https://twitter.com/befovec/status/857849009775431681/photo/1","type":"photo","sizes":{"large":{"w":580,"h":773,"resize":"fit"},"thumb":{"w":150,"h":150,"resize":"crop"},"medium":{"w":580,"h":773,"resize":"fit"},"small":{"w":510,"h":680,"resize":"fit"}},"source_status_id":857849009775431700,"source_status_id_str":"857849009775431681","source_user_id":715111575732924400,"source_user_id_str":"715111575732924416"}]},"extended_entities":{"media":[{"id":857848978313838600,"id_str":"857848978313838592","indices":[61,84],"media_url":"http://pbs.twimg.com/media/C-exGcdUAAAK6Lf.jpg","media_url_https":"https://pbs.twimg.com/media/C-exGcdUAAAK6Lf.jpg","url":"https://t.co/KX7SgighPe","display_url":"pic.twitter.com/KX7SgighPe","expanded_url":"https://twitter.com/befovec/status/857849009775431681/photo/1","type":"photo","sizes":{"large":{"w":580,"h":773,"resize":"fit"},"thumb":{"w":150,"h":150,"resize":"crop"},"medium":{"w":580,"h":773,"resize":"fit"},"small":{"w":510,"h":680,"resize":"fit"}},"source_status_id":857849009775431700,"source_status_id_str":"857849009775431681","source_user_id":715111575732924400,"source_user_id_str":"715111575732924416"},{"id":857848995284107300,"id_str":"857848995284107264","indices":[61,84],"media_url":"http://pbs.twimg.com/media/C-exHbrVwAAG-9W.jpg","media_url_https":"https://pbs.twimg.com/media/C-exHbrVwAAG-9W.jpg","url":"https://t.co/KX7SgighPe","display_url":"pic.twitter.com/KX7SgighPe","expanded_url":"https://twitter.com/befovec/status/857849009775431681/photo/1","type":"photo","sizes":{"medium":{"w":310,"h":310,"resize":"fit"},"thumb":{"w":150,"h":150,"resize":"crop"},"small":{"w":310,"h":310,"resize":"fit"},"large":{"w":310,"h":310,"resize":"fit"}},"source_status_id":857849009775431700,"source_status_id_str":"857849009775431681","source_user_id":715111575732924400,"source_user_id_str":"715111575732924416"}]},"metadata":{"iso_language_code":"ja","result_type":"recent"},"source":"<a href=\"https://twitter.com/\" rel=\"nofollow\">uxasi wavyu</a>","in_reply_to_status_id":null,"in_reply_to_status_id_str":null,"in_reply_to_user_id":null,"in_reply_to_user_id_str":null,"in_reply_to_screen_name":null,"user":{"id":858696127322783700,"id_str":"858696127322783744","name":"cocoaが自撮る垢","screen_name":"co_cocoaa","location":"","description":"エロ自撮りが趣味←　おぱーい晒して喜んでますｗｗ　動画はLINE貰えたら送りますよー(*´Д｀)","url":null,"entities":{"description":{"urls":[]}},"protected":false,"followers_count":110,"friends_count":9,"listed_count":0,"created_at":"Sun Apr 30 14:54:45 +0000 2017","favourites_count":0,"utc_offset":-25200,"time_zone":"Pacific Time (US & Canada)","geo_enabled":false,"verified":false,"statuses_count":10,"lang":"ja","contributors_enabled":false,"is_translator":false,"is_translation_enabled":false,"profile_background_color":"F5F8FA","profile_background_image_url":null,"profile_background_image_url_https":null,"profile_background_tile":false,"profile_image_url":"http://pbs.twimg.com/profile_images/859336923864637442/LkYQKYuM_normal.jpg","profile_image_url_https":"https://pbs.twimg.com/profile_images/859336923864637442/LkYQKYuM_normal.jpg","profile_link_color":"1DA1F2","profile_sidebar_border_color":"C0DEED","profile_sidebar_fill_color":"DDEEF6","profile_text_color":"333333","profile_use_background_image":true,"has_extended_profile":true,"default_profile":true,"default_profile_image":false,"following":false,"follow_request_sent":false,"notifications":false,"translator_type":"none"},"geo":null,"coordinates":null,"place":null,"contributors":null,"is_quote_status":false,"retweet_count":56,"favorite_count":0,"favorited":false,"retweeted":false,"possibly_sensitive":false,"lang":"ja"}],"search_metadata":{"completed_in":0.125,"max_id":883434203949420500,"max_id_str":"883434203949420546","next_results":"?max_id=883430427377057792&q=lang%3Aja%20min_retweets%3A50&include_entities=1","query":"lang%3Aja+min_retweets%3A50","refresh_url":"?since_id=883434203949420546&q=lang%3Aja%20min_retweets%3A50&include_entities=1","count":15,"since_id":0,"since_id_str":"0"}}