{"statuses":[{"created_at":"Sun Jul 09 19:15:02 +0000 2017","id":884128781673185300,"id_str":"884128781673185281","text":"見るのも見せるのもどっちも好き♡♡\nLINEくれたら写メ送るよ♥\n\n#裏垢女子\n#見せ合い募集なう\nhttps://t.co/KaxwjcVxcD","truncated":false,"entities":{"hashtags":[{"text":"裏垢女子","indices":[34,39]},{"text":"見せ合い募集なう","indices":[40,49]}],"symbols":[],"user_mentions":[],"urls":[],"media":[{"id":863353878326132700,"id_str":"863353878326132738","indices":[50,73],"media_url":"http://pbs.twimg.com/media/C_s_xzEVwAI3Vze.jpg","media_url_https":"https://pbs.twimg.com/media/C_s_xzEVwAI3Vze.jpg","url":"https://t.co/KaxwjcVxcD","display_url":"pic.twitter.com/KaxwjcVxcD","expanded_url":"https://twitter.com/dubamub/status/863353936417181697/photo/1","type":"photo","sizes":{"thumb":{"w":150,"h":150,"resize":"crop"},"large":{"w":580,"h":435,"resize":"fit"},"small":{"w":580,"h":435,"resize":"fit"},"medium":{"w":580,"h":435,"resize":"fit"}},"source_status_id":863353936417181700,"source_status_id_str":"863353936417181697","source_user_id":715112866525806600,"source_user_id_str":"715112866525806592"}]},"extended_entities":{"media":[{"id":863353878326132700,"id_str":"863353878326132738","indices":[50,73],"media_url":"http://pbs.twimg.com/media/C_s_xzEVwAI3Vze.jpg","media_url_https":"https://pbs.twimg.com/media/C_s_xzEVwAI3Vze.jpg","url":"https://t.co/KaxwjcVxcD","display_url":"pic.twitter.com/KaxwjcVxcD","expanded_url":"https://twitter.com/dubamub/status/863353936417181697/photo/1","type":"photo","sizes":{"thumb":{"w":150,"h":150,"resize":"crop"},"large":{"w":580,"h":435,"resize":"fit"},"small":{"w":580,"h":435,"resize":"fit"},"medium":{"w":580,"h":435,"resize":"fit"}},"source_status_id":863353936417181700,"source_status_id_str":"863353936417181697","source_user_id":715112866525806600,"source_user_id_str":"715112866525806592"},{"id":863353902162296800,"id_str":"863353902162296833","indices":[50,73],"media_url":"http://pbs.twimg.com/media/C_s_zL3UwAESefY.jpg","media_url_https":"https://pbs.twimg.com/media/C_s_zL3UwAESefY.jpg","url":"https://t.co/KaxwjcVxcD","display_url":"pic.twitter.com/KaxwjcVxcD","expanded_url":"https://twitter.com/dubamub/status/863353936417181697/photo/1","type":"photo","sizes":{"thumb":{"w":150,"h":150,"resize":"crop"},"large":{"w":580,"h":435,"resize":"fit"},"small":{"w":580,"h":435,"resize":"fit"},"medium":{"w":580,"h":435,"resize":"fit"}},"source_status_id":863353936417181700,"source_status_id_str":"863353936417181697","source_user_id":715112866525806600,"source_user_id_str":"715112866525806592"},{"id":863353911754629100,"id_str":"863353911754629120","indices":[50,73],"media_url":"http://pbs.twimg.com/media/C_s_zvmUIAASR8M.jpg","media_url_https":"https://pbs.twimg.com/media/C_s_zvmUIAASR8M.jpg","url":"https://t.co/KaxwjcVxcD","display_url":"pic.twitter.com/KaxwjcVxcD","expanded_url":"https://twitter.com/dubamub/status/863353936417181697/photo/1","type":"photo","sizes":{"small":{"w":360,"h":360,"resize":"fit"},"medium":{"w":360,"h":360,"resize":"fit"},"thumb":{"w":150,"h":150,"resize":"crop"},"large":{"w":360,"h":360,"resize":"fit"}},"source_status_id":863353936417181700,"source_status_id_str":"863353936417181697","source_user_id":715112866525806600,"source_user_id_str":"715112866525806592"}]},"metadata":{"iso_language_code":"ja","result_type":"recent"},"source":"<a href=\"https://twitter.com\" rel=\"nofollow\">ccc fggyyy</a>","in_reply_to_status_id":null,"in_reply_to_status_id_str":null,"in_reply_to_user_id":null,"in_reply_to_user_id_str":null,"in_reply_to_screen_name":null,"user":{"id":838286099621371900,"id_str":"838286099621371905","name":"みゆ✿見せあい募集垢","screen_name":"mm_i_yu","location":"","description":"いわゆる裏垢女子♡おぱーい晒して喜んでます笑♡ぇち動画欲しい人&見せあいしたい人LINEしてね〜💕ふぉろー貰えると喜びます ♥ ♥ ※DM基本見てません×","url":null,"entities":{"description":{"urls":[]}},"protected":false,"followers_count":539,"friends_count":245,"listed_count":0,"created_at":"Sun Mar 05 07:12:35 +0000 2017","favourites_count":0,"utc_offset":-25200,"time_zone":"Pacific Time (US & Canada)","geo_enabled":false,"verified":false,"statuses_count":8,"lang":"ja","contributors_enabled":false,"is_translator":false,"is_translation_enabled":false,"profile_background_color":"F5F8FA","profile_background_image_url":null,"profile_background_image_url_https":null,"profile_background_tile":false,"profile_image_url":"http://pbs.twimg.com/profile_images/870110818829873152/N8Ez-XUN_normal.jpg","profile_image_url_https":"https://pbs.twimg.com/profile_images/870110818829873152/N8Ez-XUN_normal.jpg","profile_banner_url":"https://pbs.twimg.com/profile_banners/838286099621371905/1496285569","profile_link_color":"1DA1F2","profile_sidebar_border_color":"C0DEED","profile_sidebar_fill_color":"DDEEF6","profile_text_color":"333333","profile_use_background_image":true,"has_extended_profile":false,"default_profile":true,"default_profile_image":false,"following":false,"follow_request_sent":false,"notifications":false,"translator_type":"none"},"geo":null,"coordinates":null,"place":null,"contributors":null,"is_quote_status":false,"retweet_count":53,"favorite_count":0,"favorited":false,"retweeted":false,"possibly_sensitive":false,"lang":"ja"},{"created_at":"Sun Jul 09 19:03:59 +0000 2017","id":884125999365009400,"id_str":"884125999365009410","text":"仮眠します。。。 https://t.co/P47mgmYONh","truncated":false,"entities":{"hashtags":[],"symbols":[],"user_mentions":[],"urls":[],"media":[{"id":884125993912250400,"id_str":"884125993912250368","indices":[9,32],"media_url":"http://pbs.twimg.com/media/DEUL6DvUMAAPquJ.jpg","media_url_https":"https://pbs.twimg.com/media/DEUL6DvUMAAPquJ.jpg","url":"https://t.co/P47mgmYONh","display_url":"pic.twitter.com/P47mgmYONh","expanded_url":"https://twitter.com/hajimesyacho/status/884125999365009410/photo/1","type":"photo","sizes":{"medium":{"w":359,"h":339,"resize":"fit"},"thumb":{"w":150,"h":150,"resize":"crop"},"small":{"w":359,"h":339,"resize":"fit"},"large":{"w":359,"h":339,"resize":"fit"}}}]},"extended_entities":{"media":[{"id":884125993912250400,"id_str":"884125993912250368","indices":[9,32],"media_url":"http://pbs.twimg.com/media/DEUL6DvUMAAPquJ.jpg","media_url_https":"https://pbs.twimg.com/media/DEUL6DvUMAAPquJ.jpg","url":"https://t.co/P47mgmYONh","display_url":"pic.twitter.com/P47mgmYONh","expanded_url":"https://twitter.com/hajimesyacho/status/884125999365009410/photo/1","type":"photo","sizes":{"medium":{"w":359,"h":339,"resize":"fit"},"thumb":{"w":150,"h":150,"resize":"crop"},"small":{"w":359,"h":339,"resize":"fit"},"large":{"w":359,"h":339,"resize":"fit"}}}]},"metadata":{"iso_language_code":"ja","result_type":"recent"},"source":"<a href=\"http://twitter.com/download/iphone\" rel=\"nofollow\">Twitter for iPhone</a>","in_reply_to_status_id":null,"in_reply_to_status_id_str":null,"in_reply_to_user_id":null,"in_reply_to_user_id_str":null,"in_reply_to_screen_name":null,"user":{"id":552700119,"id_str":"552700119","name":"はじめしゃちょー（hajime）","screen_name":"hajimesyacho","location":"富山→静岡（よく東京）","description":"YouTubeの人！24歳。閃光のヒーローはじめしゃちょーです。気軽にフォローしてください。UUUM 所属。AB型。今年はラーメンが食べられません。","url":"https://t.co/DrcCXNRwkB","entities":{"url":{"urls":[{"url":"https://t.co/DrcCXNRwkB","expanded_url":"http://www.youtube.com/user/0214mex?feature=mhee","display_url":"youtube.com/user/0214mex?f…","indices":[0,23]}]},"description":{"urls":[]}},"protected":false,"followers_count":3415419,"friends_count":661,"listed_count":6563,"created_at":"Fri Apr 13 11:23:31 +0000 2012","favourites_count":30229,"utc_offset":32400,"time_zone":"Tokyo","geo_enabled":true,"verified":true,"statuses_count":81174,"lang":"ja","contributors_enabled":false,"is_translator":false,"is_translation_enabled":false,"profile_background_color":"B2DFDA","profile_background_image_url":"http://abs.twimg.com/images/themes/theme13/bg.gif","profile_background_image_url_https":"https://abs.twimg.com/images/themes/theme13/bg.gif","profile_background_tile":false,"profile_image_url":"http://pbs.twimg.com/profile_images/821009622664290304/3CBJm9Mh_normal.jpg","profile_image_url_https":"https://pbs.twimg.com/profile_images/821009622664290304/3CBJm9Mh_normal.jpg","profile_banner_url":"https://pbs.twimg.com/profile_banners/552700119/1494608823","profile_link_color":"1B95E0","profile_sidebar_border_color":"EEEEEE","profile_sidebar_fill_color":"FFFFFF","profile_text_color":"333333","profile_use_background_image":true,"has_extended_profile":true,"default_profile":false,"default_profile_image":false,"following":false,"follow_request_sent":false,"notifications":false,"translator_type":"none"},"geo":null,"coordinates":null,"place":null,"contributors":null,"is_quote_status":false,"retweet_count":117,"favorite_count":1193,"favorited":false,"retweeted":false,"possibly_sensitive":false,"lang":"ja"},{"created_at":"Sun Jul 09 19:03:43 +0000 2017","id":884125934810353700,"id_str":"884125934810353665","text":"ぷりぷりえびのごちそうパスタ！レモンバターソース #tastyjapan https://t.co/h1mz6mb2gR","truncated":false,"entities":{"hashtags":[{"text":"tastyjapan","indices":[25,36]}],"symbols":[],"user_mentions":[],"urls":[],"media":[{"id":825174223136043000,"id_str":"825174223136043009","indices":[37,60],"media_url":"http://pbs.twimg.com/amplify_video_thumb/825174223136043009/img/RtZ3CPyE9b4Zbawz.jpg","media_url_https":"https://pbs.twimg.com/amplify_video_thumb/825174223136043009/img/RtZ3CPyE9b4Zbawz.jpg","url":"https://t.co/h1mz6mb2gR","display_url":"pic.twitter.com/h1mz6mb2gR","expanded_url":"https://twitter.com/TastyJapan/status/825267192136560640/video/1","type":"photo","sizes":{"small":{"w":340,"h":340,"resize":"fit"},"thumb":{"w":150,"h":150,"resize":"crop"},"medium":{"w":600,"h":600,"resize":"fit"},"large":{"w":720,"h":720,"resize":"fit"}},"source_status_id":825267192136560600,"source_status_id_str":"825267192136560640","source_user_id":4573061594,"source_user_id_str":"4573061594"}]},"extended_entities":{"media":[{"id":825174223136043000,"id_str":"825174223136043009","indices":[37,60],"media_url":"http://pbs.twimg.com/amplify_video_thumb/825174223136043009/img/RtZ3CPyE9b4Zbawz.jpg","media_url_https":"https://pbs.twimg.com/amplify_video_thumb/825174223136043009/img/RtZ3CPyE9b4Zbawz.jpg","url":"https://t.co/h1mz6mb2gR","display_url":"pic.twitter.com/h1mz6mb2gR","expanded_url":"https://twitter.com/TastyJapan/status/825267192136560640/video/1","type":"video","sizes":{"small":{"w":340,"h":340,"resize":"fit"},"thumb":{"w":150,"h":150,"resize":"crop"},"medium":{"w":600,"h":600,"resize":"fit"},"large":{"w":720,"h":720,"resize":"fit"}},"source_status_id":825267192136560600,"source_status_id_str":"825267192136560640","source_user_id":4573061594,"source_user_id_str":"4573061594","video_info":{"aspect_ratio":[1,1],"duration_millis":39748,"variants":[{"bitrate":832000,"content_type":"video/mp4","url":"https://video.twimg.com/amplify_video/825174223136043009/vid/480x480/G3ykzmuXUkpVDhTg.mp4"},{"content_type":"application/x-mpegURL","url":"https://video.twimg.com/amplify_video/825174223136043009/pl/bMdQ0nLyyb1aNnTf.m3u8"},{"bitrate":320000,"content_type":"video/mp4","url":"https://video.twimg.com/amplify_video/825174223136043009/vid/240x240/MbOh4CZAMFd5A2jW.mp4"},{"bitrate":1280000,"content_type":"video/mp4","url":"https://video.twimg.com/amplify_video/825174223136043009/vid/720x720/cW8LSV9hkIQkwOto.mp4"}]},"additional_media_info":{"title":"","description":"","embeddable":true,"monetizable":false,"source_user":{"id":4573061594,"id_str":"4573061594","name":"Tasty Japan","screen_name":"TastyJapan","location":"","description":"「見て幸せ、作って楽しい」フード動画をお届けする、 @Tasty 日本版！ @BuzzFeedJapan もよろしくお願いします👍 Instagramはこちら👉https://t.co/Si01vZQ66T","url":"https://t.co/wbitX2afLW","entities":{"url":{"urls":[{"url":"https://t.co/wbitX2afLW","expanded_url":"http://bzfd.it/2tgojOq","display_url":"bzfd.it/2tgojOq","indices":[0,23]}]},"description":{"urls":[{"url":"https://t.co/Si01vZQ66T","expanded_url":"https://www.instagram.com/tastyjapan/cu","display_url":"instagram.com/tastyjapan/cu","indices":[80,103]}]}},"protected":false,"followers_count":195869,"friends_count":6,"listed_count":1335,"created_at":"Wed Dec 16 07:23:41 +0000 2015","favourites_count":41,"utc_offset":32400,"time_zone":"Tokyo","geo_enabled":false,"verified":true,"statuses_count":1744,"lang":"ja","contributors_enabled":false,"is_translator":false,"is_translation_enabled":false,"profile_background_color":"F5F8FA","profile_background_image_url":null,"profile_background_image_url_https":null,"profile_background_tile":false,"profile_image_url":"http://pbs.twimg.com/profile_images/748074596008525825/bBeSOBd5_normal.jpg","profile_image_url_https":"https://pbs.twimg.com/profile_images/748074596008525825/bBeSOBd5_normal.jpg","profile_banner_url":"https://pbs.twimg.com/profile_banners/4573061594/1467338213","profile_link_color":"1DA1F2","profile_sidebar_border_color":"C0DEED","profile_sidebar_fill_color":"DDEEF6","profile_text_color":"333333","profile_use_background_image":true,"has_extended_profile":false,"default_profile":true,"default_profile_image":false,"following":false,"follow_request_sent":false,"notifications":false,"translator_type":"none"}}}]},"metadata":{"iso_language_code":"ja","result_type":"recent"},"source":"<a href=\"http://makebot.sh　\" rel=\"nofollow\">Tastybot</a>","in_reply_to_status_id":null,"in_reply_to_status_id_str":null,"in_reply_to_user_id":null,"in_reply_to_user_id_str":null,"in_reply_to_screen_name":null,"user":{"id":4573061594,"id_str":"4573061594","name":"Tasty Japan","screen_name":"TastyJapan","location":"","description":"「見て幸せ、作って楽しい」フード動画をお届けする、 @Tasty 日本版！ @BuzzFeedJapan もよろしくお願いします👍 Instagramはこちら👉https://t.co/Si01vZQ66T","url":"https://t.co/wbitX2afLW","entities":{"url":{"urls":[{"url":"https://t.co/wbitX2afLW","expanded_url":"http://bzfd.it/2tgojOq","display_url":"bzfd.it/2tgojOq","indices":[0,23]}]},"description":{"urls":[{"url":"https://t.co/Si01vZQ66T","expanded_url":"https://www.instagram.com/tastyjapan/cu","display_url":"instagram.com/tastyjapan/cu","indices":[80,103]}]}},"protected":false,"followers_count":195869,"friends_count":6,"listed_count":1335,"created_at":"Wed Dec 16 07:23:41 +0000 2015","favourites_count":41,"utc_offset":32400,"time_zone":"Tokyo","geo_enabled":false,"verified":true,"statuses_count":1744,"lang":"ja","contributors_enabled":false,"is_translator":false,"is_translation_enabled":false,"profile_background_color":"F5F8FA","profile_background_image_url":null,"profile_background_image_url_https":null,"profile_background_tile":false,"profile_image_url":"http://pbs.twimg.com/profile_images/748074596008525825/bBeSOBd5_normal.jpg","profile_image_url_https":"https://pbs.twimg.com/profile_images/748074596008525825/bBeSOBd5_normal.jpg","profile_banner_url":"https://pbs.twimg.com/profile_banners/4573061594/1467338213","profile_link_color":"1DA1F2","profile_sidebar_border_color":"C0DEED","profile_sidebar_fill_color":"DDEEF6","profile_text_color":"333333","profile_use_background_image":true,"has_extended_profile":false,"default_profile":true,"default_profile_image":false,"following":false,"follow_request_sent":false,"notifications":false,"translator_type":"none"},"geo":null,"coordinates":null,"place":null,"contributors":null,"is_quote_status":false,"retweet_count":54,"favorite_count":62,"favorited":false,"retweeted":false,"possibly_sensitive":false,"lang":"ja"},{"created_at":"Sun Jul 09 19:00:51 +0000 2017","id":884125211246739500,"id_str":"884125211246739458","text":"㊗『あのコの、トリコ。』映画化決定🎬\n原作は累計50万部突破❗ #白石ユキ の大人気漫画「あのコの、トリコ。」実写映画化が決定👏幼なじみ3人の芸能界を舞台にしたキラキラ⭐ラブストーリー😍2018年公開を楽しみにお待ちください🙇… https://t.co/EWrV07PH2d","truncated":true,"entities":{"hashtags":[{"text":"白石ユキ","indices":[32,37]}],"symbols":[],"user_mentions":[],"urls":[{"url":"https://t.co/EWrV07PH2d","expanded_url":"https://twitter.com/i/web/status/884125211246739458","display_url":"twitter.com/i/web/status/8…","indices":[115,138]}]},"metadata":{"iso_language_code":"ja","result_type":"recent"},"source":"<a href=\"http://twitter.com\" rel=\"nofollow\">Twitter Web Client</a>","in_reply_to_status_id":null,"in_reply_to_status_id_str":null,"in_reply_to_user_id":null,"in_reply_to_user_id_str":null,"in_reply_to_screen_name":null,"user":{"id":874902693789216800,"id_str":"874902693789216769","name":"映画『あのコの、トリコ。』公式","screen_name":"anokono_toriko","location":"","description":"大人気漫画「あのコの、トリコ。」待望の実写映画化！📽️小さな頃に”将来スーパースターになる！”と誓い合った幼なじみ3人の、芸能界を舞台にしたキラキラ三角関係ラブストーリー！💕出演：吉沢亮／新木優子／杉野遥亮　監督：宮脇亮　脚本：浅野妙子 #あのコのトリコ","url":"https://t.co/TXXtXGMjWZ","entities":{"url":{"urls":[{"url":"https://t.co/TXXtXGMjWZ","expanded_url":"http://toriko-movie.jp","display_url":"toriko-movie.jp","indices":[0,23]}]},"description":{"urls":[]}},"protected":false,"followers_count":148,"friends_count":6,"listed_count":5,"created_at":"Wed Jun 14 08:13:51 +0000 2017","favourites_count":0,"utc_offset":-25200,"time_zone":"Pacific Time (US & Canada)","geo_enabled":false,"verified":false,"statuses_count":1,"lang":"ja","contributors_enabled":false,"is_translator":false,"is_translation_enabled":false,"profile_background_color":"F5F8FA","profile_background_image_url":null,"profile_background_image_url_https":null,"profile_background_tile":false,"profile_image_url":"http://pbs.twimg.com/profile_images/884115792740073472/mg68Z0PB_normal.jpg","profile_image_url_https":"https://pbs.twimg.com/profile_images/884115792740073472/mg68Z0PB_normal.jpg","profile_banner_url":"https://pbs.twimg.com/profile_banners/874902693789216769/1499624618","profile_link_color":"1DA1F2","profile_sidebar_border_color":"C0DEED","profile_sidebar_fill_color":"DDEEF6","profile_text_color":"333333","profile_use_background_image":true,"has_extended_profile":false,"default_profile":true,"default_profile_image":false,"following":false,"follow_request_sent":false,"notifications":false,"translator_type":"none"},"geo":null,"coordinates":null,"place":null,"contributors":null,"is_quote_status":false,"retweet_count":161,"favorite_count":248,"favorited":false,"retweeted":false,"possibly_sensitive":false,"lang":"ja"},{"created_at":"Sun Jul 09 19:00:40 +0000 2017","id":884125167210778600,"id_str":"884125167210778624","text":"[映画ニュース] 吉沢亮×新木優子×杉野遥亮で「あのコの、トリコ。」実写化！芸能界舞台に三角関係 https://t.co/Bv0C0W2iOM https://t.co/STsZZ3M2Rw","truncated":false,"entities":{"hashtags":[],"symbols":[],"user_mentions":[],"urls":[{"url":"https://t.co/Bv0C0W2iOM","expanded_url":"http://eiga.com/l/atQYx","display_url":"eiga.com/l/atQYx","indices":[49,72]}],"media":[{"id":884125164891328500,"id_str":"884125164891328512","indices":[73,96],"media_url":"http://pbs.twimg.com/media/DEULJzZU0AAp4cx.jpg","media_url_https":"https://pbs.twimg.com/media/DEULJzZU0AAp4cx.jpg","url":"https://t.co/STsZZ3M2Rw","display_url":"pic.twitter.com/STsZZ3M2Rw","expanded_url":"https://twitter.com/eigacom/status/884125167210778624/photo/1","type":"photo","sizes":{"small":{"w":640,"h":447,"resize":"fit"},"large":{"w":640,"h":447,"resize":"fit"},"medium":{"w":640,"h":447,"resize":"fit"},"thumb":{"w":150,"h":150,"resize":"crop"}}}]},"extended_entities":{"media":[{"id":884125164891328500,"id_str":"884125164891328512","indices":[73,96],"media_url":"http://pbs.twimg.com/media/DEULJzZU0AAp4cx.jpg","media_url_https":"https://pbs.twimg.com/media/DEULJzZU0AAp4cx.jpg","url":"https://t.co/STsZZ3M2Rw","display_url":"pic.twitter.com/STsZZ3M2Rw","expanded_url":"https://twitter.com/eigacom/status/884125167210778624/photo/1","type":"photo","sizes":{"small":{"w":640,"h":447,"resize":"fit"},"large":{"w":640,"h":447,"resize":"fit"},"medium":{"w":640,"h":447,"resize":"fit"},"thumb":{"w":150,"h":150,"resize":"crop"}}}]},"metadata":{"iso_language_code":"ja","result_type":"recent"},"source":"<a href=\"http://eiga.com/\" rel=\"nofollow\">映画.com(news)</a>","in_reply_to_status_id":null,"in_reply_to_status_id_str":null,"in_reply_to_user_id":null,"in_reply_to_user_id_str":null,"in_reply_to_screen_name":null,"user":{"id":7550252,"id_str":"7550252","name":"映画.com","screen_name":"eigacom","location":"恵比寿","description":"映画のことなら映画.com！最新の映画ニュースを中心に、更新情報、小ネタ、思わずもれた心の叫びをツイートしています。温かく見守って頂けますと幸いです。https://t.co/JFR94bh2CU Facebookではプレゼントやアレコレを発信なう！ https://t.co/4OFacuVdg1","url":"https://t.co/JFR94bh2CU","entities":{"url":{"urls":[{"url":"https://t.co/JFR94bh2CU","expanded_url":"http://eiga.com/","display_url":"eiga.com","indices":[0,23]}]},"description":{"urls":[{"url":"https://t.co/JFR94bh2CU","expanded_url":"http://eiga.com/","display_url":"eiga.com","indices":[75,98]},{"url":"https://t.co/4OFacuVdg1","expanded_url":"http://facebook.com/eigacom","display_url":"facebook.com/eigacom","indices":[126,149]}]}},"protected":false,"followers_count":565299,"friends_count":201,"listed_count":7538,"created_at":"Wed Jul 18 05:53:12 +0000 2007","favourites_count":265,"utc_offset":32400,"time_zone":"Tokyo","geo_enabled":false,"verified":true,"statuses_count":104640,"lang":"ja","contributors_enabled":false,"is_translator":false,"is_translation_enabled":false,"profile_background_color":"131516","profile_background_image_url":"http://abs.twimg.com/images/themes/theme14/bg.gif","profile_background_image_url_https":"https://abs.twimg.com/images/themes/theme14/bg.gif","profile_background_tile":true,"profile_image_url":"http://pbs.twimg.com/profile_images/804592834460323840/siIIWwRz_normal.jpg","profile_image_url_https":"https://pbs.twimg.com/profile_images/804592834460323840/siIIWwRz_normal.jpg","profile_banner_url":"https://pbs.twimg.com/profile_banners/7550252/1496282224","profile_link_color":"009999","profile_sidebar_border_color":"EEEEEE","profile_sidebar_fill_color":"EFEFEF","profile_text_color":"333333","profile_use_background_image":true,"has_extended_profile":false,"default_profile":false,"default_profile_image":false,"following":false,"follow_request_sent":false,"notifications":false,"translator_type":"none"},"geo":null,"coordinates":null,"place":null,"contributors":null,"is_quote_status":false,"retweet_count":62,"favorite_count":141,"favorited":false,"retweeted":false,"possibly_sensitive":false,"lang":"ja"},{"created_at":"Sun Jul 09 19:00:03 +0000 2017","id":884125012193534000,"id_str":"884125012193533952","text":"副業希望の方は気軽に LINEID→bainarisf までご連絡ください。\nhttps://t.co/A7eeTfTBxf\n#バイナリー #バイナリーオプション #副業 #お金ない #お金稼ぎ #お金借りる #お金稼ぐ #お金持ち https://t.co/39jjvdvX23","truncated":false,"entities":{"hashtags":[{"text":"バイナリー","indices":[63,69]},{"text":"バイナリーオプション","indices":[70,81]},{"text":"副業","indices":[82,85]},{"text":"お金ない","indices":[86,91]},{"text":"お金稼ぎ","indices":[92,97]},{"text":"お金借りる","indices":[98,104]},{"text":"お金稼ぐ","indices":[105,110]},{"text":"お金持ち","indices":[111,116]}],"symbols":[],"user_mentions":[],"urls":[{"url":"https://t.co/A7eeTfTBxf","expanded_url":"https://goo.gl/gpmcR4","display_url":"goo.gl/gpmcR4","indices":[39,62]}],"media":[{"id":884125009244962800,"id_str":"884125009244962817","indices":[117,140],"media_url":"http://pbs.twimg.com/media/DEULAvkVwAE2kQc.jpg","media_url_https":"https://pbs.twimg.com/media/DEULAvkVwAE2kQc.jpg","url":"https://t.co/39jjvdvX23","display_url":"pic.twitter.com/39jjvdvX23","expanded_url":"https://twitter.com/dashiruibahan/status/884125012193533952/photo/1","type":"photo","sizes":{"thumb":{"w":150,"h":150,"resize":"crop"},"large":{"w":473,"h":471,"resize":"fit"},"small":{"w":473,"h":471,"resize":"fit"},"medium":{"w":473,"h":471,"resize":"fit"}}}]},"extended_entities":{"media":[{"id":884125009244962800,"id_str":"884125009244962817","indices":[117,140],"media_url":"http://pbs.twimg.com/media/DEULAvkVwAE2kQc.jpg","media_url_https":"https://pbs.twimg.com/media/DEULAvkVwAE2kQc.jpg","url":"https://t.co/39jjvdvX23","display_url":"pic.twitter.com/39jjvdvX23","expanded_url":"https://twitter.com/dashiruibahan/status/884125012193533952/photo/1","type":"photo","sizes":{"thumb":{"w":150,"h":150,"resize":"crop"},"large":{"w":473,"h":471,"resize":"fit"},"small":{"w":473,"h":471,"resize":"fit"},"medium":{"w":473,"h":471,"resize":"fit"}}}]},"metadata":{"iso_language_code":"ja","result_type":"recent"},"source":"<a href=\"http://twitter.com/\" rel=\"nofollow\">zerotubusen12</a>","in_reply_to_status_id":null,"in_reply_to_status_id_str":null,"in_reply_to_user_id":null,"in_reply_to_user_id_str":null,"in_reply_to_screen_name":null,"user":{"id":129696001,"id_str":"129696001","name":"生田　竜二","screen_name":"dashiruibahan","location":"LINEID→bainarisf","description":"投資や副業が初めての方でも気軽に声をかけてください。私はプロですので安心して頂けると思います。無料で相談に乗らせて頂きます。 #バイナリー　#バイナリーオプション　#副業　#おこづかい　#お金持ち　　#投資","url":null,"entities":{"description":{"urls":[]}},"protected":false,"followers_count":6835,"friends_count":4738,"listed_count":2,"created_at":"Mon Apr 05 03:58:40 +0000 2010","favourites_count":0,"utc_offset":-25200,"time_zone":"Arizona","geo_enabled":false,"verified":false,"statuses_count":3,"lang":"ja","contributors_enabled":false,"is_translator":false,"is_translation_enabled":false,"profile_background_color":"8B542B","profile_background_image_url":"http://abs.twimg.com/images/themes/theme8/bg.gif","profile_background_image_url_https":"https://abs.twimg.com/images/themes/theme8/bg.gif","profile_background_tile":false,"profile_image_url":"http://pbs.twimg.com/profile_images/858971680823103488/P4w8ogB4_normal.jpg","profile_image_url_https":"https://pbs.twimg.com/profile_images/858971680823103488/P4w8ogB4_normal.jpg","profile_link_color":"9D582E","profile_sidebar_border_color":"D9B17E","profile_sidebar_fill_color":"EADEAA","profile_text_color":"333333","profile_use_background_image":true,"has_extended_profile":false,"default_profile":false,"default_profile_image":false,"following":false,"follow_request_sent":false,"notifications":false,"translator_type":"none"},"geo":null,"coordinates":null,"place":null,"contributors":null,"is_quote_status":false,"retweet_count":102,"favorite_count":0,"favorited":false,"retweeted":false,"possibly_sensitive":false,"lang":"ja"},{"created_at":"Sun Jul 09 19:00:02 +0000 2017","id":884125007873400800,"id_str":"884125007873400832","text":"エロムビ撮影完了（笑）←\nLINEくれたら見せてもいいよー♪\n感想ききたい(*´Д｀)\nhttps://t.co/S2QY4qcVbg","truncated":false,"entities":{"hashtags":[],"symbols":[],"user_mentions":[],"urls":[],"media":[{"id":857848978313838600,"id_str":"857848978313838592","indices":[44,67],"media_url":"http://pbs.twimg.com/media/C-exGcdUAAAK6Lf.jpg","media_url_https":"https://pbs.twimg.com/media/C-exGcdUAAAK6Lf.jpg","url":"https://t.co/S2QY4qcVbg","display_url":"pic.twitter.com/S2QY4qcVbg","expanded_url":"https://twitter.com/befovec/status/857849009775431681/photo/1","type":"photo","sizes":{"large":{"w":580,"h":773,"resize":"fit"},"thumb":{"w":150,"h":150,"resize":"crop"},"medium":{"w":580,"h":773,"resize":"fit"},"small":{"w":510,"h":680,"resize":"fit"}},"source_status_id":857849009775431700,"source_status_id_str":"857849009775431681","source_user_id":715111575732924400,"source_user_id_str":"715111575732924416"}]},"extended_entities":{"media":[{"id":857848978313838600,"id_str":"857848978313838592","indices":[44,67],"media_url":"http://pbs.twimg.com/media/C-exGcdUAAAK6Lf.jpg","media_url_https":"https://pbs.twimg.com/media/C-exGcdUAAAK6Lf.jpg","url":"https://t.co/S2QY4qcVbg","display_url":"pic.twitter.com/S2QY4qcVbg","expanded_url":"https://twitter.com/befovec/status/857849009775431681/photo/1","type":"photo","sizes":{"large":{"w":580,"h":773,"resize":"fit"},"thumb":{"w":150,"h":150,"resize":"crop"},"medium":{"w":580,"h":773,"resize":"fit"},"small":{"w":510,"h":680,"resize":"fit"}},"source_status_id":857849009775431700,"source_status_id_str":"857849009775431681","source_user_id":715111575732924400,"source_user_id_str":"715111575732924416"},{"id":857848995284107300,"id_str":"857848995284107264","indices":[44,67],"media_url":"http://pbs.twimg.com/media/C-exHbrVwAAG-9W.jpg","media_url_https":"https://pbs.twimg.com/media/C-exHbrVwAAG-9W.jpg","url":"https://t.co/S2QY4qcVbg","display_url":"pic.twitter.com/S2QY4qcVbg","expanded_url":"https://twitter.com/befovec/status/857849009775431681/photo/1","type":"photo","sizes":{"medium":{"w":310,"h":310,"resize":"fit"},"thumb":{"w":150,"h":150,"resize":"crop"},"small":{"w":310,"h":310,"resize":"fit"},"large":{"w":310,"h":310,"resize":"fit"}},"source_status_id":857849009775431700,"source_status_id_str":"857849009775431681","source_user_id":715111575732924400,"source_user_id_str":"715111575732924416"}]},"metadata":{"iso_language_code":"ja","result_type":"recent"},"source":"<a href=\"https://twitter.com/\" rel=\"nofollow\">akypib n98a45</a>","in_reply_to_status_id":null,"in_reply_to_status_id_str":null,"in_reply_to_user_id":null,"in_reply_to_user_id_str":null,"in_reply_to_screen_name":null,"user":{"id":869184812707233800,"id_str":"869184812707233793","name":"cocoaが自撮る垢","screen_name":"coaccoa","location":"","description":"エロ自撮りが趣味← おぱーい晒して喜んでますｗｗ 動画はLINE貰えたら送りますよー(*´Д｀)","url":null,"entities":{"description":{"urls":[]}},"protected":false,"followers_count":66,"friends_count":9,"listed_count":0,"created_at":"Mon May 29 13:33:02 +0000 2017","favourites_count":0,"utc_offset":-25200,"time_zone":"Pacific Time (US & Canada)","geo_enabled":false,"verified":false,"statuses_count":11,"lang":"ja","contributors_enabled":false,"is_translator":false,"is_translation_enabled":false,"profile_background_color":"F5F8FA","profile_background_image_url":null,"profile_background_image_url_https":null,"profile_background_tile":false,"profile_image_url":"http://pbs.twimg.com/profile_images/870535247560974336/KQI0-8vY_normal.jpg","profile_image_url_https":"https://pbs.twimg.com/profile_images/870535247560974336/KQI0-8vY_normal.jpg","profile_link_color":"1DA1F2","profile_sidebar_border_color":"C0DEED","profile_sidebar_fill_color":"DDEEF6","profile_text_color":"333333","profile_use_background_image":true,"has_extended_profile":false,"default_profile":true,"default_profile_image":false,"following":false,"follow_request_sent":false,"notifications":false,"translator_type":"none"},"geo":null,"coordinates":null,"place":null,"contributors":null,"is_quote_status":false,"retweet_count":55,"favorite_count":0,"favorited":false,"retweeted":false,"possibly_sensitive":false,"lang":"ja"},{"created_at":"Sun Jul 09 19:00:02 +0000 2017","id":884125007600787500,"id_str":"884125007600787456","text":"見せるのも見るのもどっちも好き♡♡\nLINEくれたら写メ送るよ♥\n\n#裏垢女子\n#見せ合い募集なう\nhttps://t.co/ZmtORtkX5G","truncated":false,"entities":{"hashtags":[{"text":"裏垢女子","indices":[34,39]},{"text":"見せ合い募集なう","indices":[40,49]}],"symbols":[],"user_mentions":[],"urls":[],"media":[{"id":863353878326132700,"id_str":"863353878326132738","indices":[50,73],"media_url":"http://pbs.twimg.com/media/C_s_xzEVwAI3Vze.jpg","media_url_https":"https://pbs.twimg.com/media/C_s_xzEVwAI3Vze.jpg","url":"https://t.co/ZmtORtkX5G","display_url":"pic.twitter.com/ZmtORtkX5G","expanded_url":"https://twitter.com/dubamub/status/863353936417181697/photo/1","type":"photo","sizes":{"thumb":{"w":150,"h":150,"resize":"crop"},"large":{"w":580,"h":435,"resize":"fit"},"small":{"w":580,"h":435,"resize":"fit"},"medium":{"w":580,"h":435,"resize":"fit"}},"source_status_id":863353936417181700,"source_status_id_str":"863353936417181697","source_user_id":715112866525806600,"source_user_id_str":"715112866525806592"}]},"extended_entities":{"media":[{"id":863353878326132700,"id_str":"863353878326132738","indices":[50,73],"media_url":"http://pbs.twimg.com/media/C_s_xzEVwAI3Vze.jpg","media_url_https":"https://pbs.twimg.com/media/C_s_xzEVwAI3Vze.jpg","url":"https://t.co/ZmtORtkX5G","display_url":"pic.twitter.com/ZmtORtkX5G","expanded_url":"https://twitter.com/dubamub/status/863353936417181697/photo/1","type":"photo","sizes":{"thumb":{"w":150,"h":150,"resize":"crop"},"large":{"w":580,"h":435,"resize":"fit"},"small":{"w":580,"h":435,"resize":"fit"},"medium":{"w":580,"h":435,"resize":"fit"}},"source_status_id":863353936417181700,"source_status_id_str":"863353936417181697","source_user_id":715112866525806600,"source_user_id_str":"715112866525806592"},{"id":863353902162296800,"id_str":"863353902162296833","indices":[50,73],"media_url":"http://pbs.twimg.com/media/C_s_zL3UwAESefY.jpg","media_url_https":"https://pbs.twimg.com/media/C_s_zL3UwAESefY.jpg","url":"https://t.co/ZmtORtkX5G","display_url":"pic.twitter.com/ZmtORtkX5G","expanded_url":"https://twitter.com/dubamub/status/863353936417181697/photo/1","type":"photo","sizes":{"thumb":{"w":150,"h":150,"resize":"crop"},"large":{"w":580,"h":435,"resize":"fit"},"small":{"w":580,"h":435,"resize":"fit"},"medium":{"w":580,"h":435,"resize":"fit"}},"source_status_id":863353936417181700,"source_status_id_str":"863353936417181697","source_user_id":715112866525806600,"source_user_id_str":"715112866525806592"},{"id":863353911754629100,"id_str":"863353911754629120","indices":[50,73],"media_url":"http://pbs.twimg.com/media/C_s_zvmUIAASR8M.jpg","media_url_https":"https://pbs.twimg.com/media/C_s_zvmUIAASR8M.jpg","url":"https://t.co/ZmtORtkX5G","display_url":"pic.twitter.com/ZmtORtkX5G","expanded_url":"https://twitter.com/dubamub/status/863353936417181697/photo/1","type":"photo","sizes":{"small":{"w":360,"h":360,"resize":"fit"},"medium":{"w":360,"h":360,"resize":"fit"},"thumb":{"w":150,"h":150,"resize":"crop"},"large":{"w":360,"h":360,"resize":"fit"}},"source_status_id":863353936417181700,"source_status_id_str":"863353936417181697","source_user_id":715112866525806600,"source_user_id_str":"715112866525806592"}]},"metadata":{"iso_language_code":"ja","result_type":"recent"},"source":"<a href=\"https://twitter.com/\" rel=\"nofollow\">eftwf ewyfgui</a>","in_reply_to_status_id":null,"in_reply_to_status_id_str":null,"in_reply_to_user_id":null,"in_reply_to_user_id_str":null,"in_reply_to_screen_name":null,"user":{"id":854764030208073700,"id_str":"854764030208073728","name":"みゆ✿見せあい垢","screen_name":"mi_yutaso","location":"","description":"いわゆる裏垢女子💕おぱーい晒して喜んでます笑💕ぇち動画欲しい人📸見せあいしたい人LINEしてね〜💕ふぉろー貰えると喜びます ✨✨ ※DM基本見てません💦","url":null,"entities":{"description":{"urls":[]}},"protected":false,"followers_count":291,"friends_count":9,"listed_count":0,"created_at":"Wed Apr 19 18:30:00 +0000 2017","favourites_count":0,"utc_offset":-25200,"time_zone":"Pacific Time (US & Canada)","geo_enabled":false,"verified":false,"statuses_count":8,"lang":"ja","contributors_enabled":false,"is_translator":false,"is_translation_enabled":false,"profile_background_color":"F5F8FA","profile_background_image_url":null,"profile_background_image_url_https":null,"profile_background_tile":false,"profile_image_url":"http://pbs.twimg.com/profile_images/879968852028735488/kZQXNBL9_normal.jpg","profile_image_url_https":"https://pbs.twimg.com/profile_images/879968852028735488/kZQXNBL9_normal.jpg","profile_banner_url":"https://pbs.twimg.com/profile_banners/854764030208073728/1498635960","profile_link_color":"1DA1F2","profile_sidebar_border_color":"C0DEED","profile_sidebar_fill_color":"DDEEF6","profile_text_color":"333333","profile_use_background_image":true,"has_extended_profile":false,"default_profile":true,"default_profile_image":false,"following":false,"follow_request_sent":false,"notifications":false,"translator_type":"none"},"geo":null,"coordinates":null,"place":null,"contributors":null,"is_quote_status":false,"retweet_count":56,"favorite_count":1,"favorited":false,"retweeted":false,"possibly_sensitive":false,"lang":"ja"},{"created_at":"Sun Jul 09 19:00:02 +0000 2017","id":884125007483293700,"id_str":"884125007483293696","text":"オナムビ撮影完了（笑）←\nLINEくれたら見せたげる(灬ºωº灬)♡\n感想教えてほしい♪\nhttps://t.co/UrEofGiVg5","truncated":false,"entities":{"hashtags":[],"symbols":[],"user_mentions":[],"urls":[],"media":[{"id":857849046299426800,"id_str":"857849046299426817","indices":[45,68],"media_url":"http://pbs.twimg.com/media/C-exKZuVwAEJFaq.jpg","media_url_https":"https://pbs.twimg.com/media/C-exKZuVwAEJFaq.jpg","url":"https://t.co/UrEofGiVg5","display_url":"pic.twitter.com/UrEofGiVg5","expanded_url":"https://twitter.com/befovec/status/857849080696913920/photo/1","type":"photo","sizes":{"medium":{"w":310,"h":310,"resize":"fit"},"thumb":{"w":150,"h":150,"resize":"crop"},"small":{"w":310,"h":310,"resize":"fit"},"large":{"w":310,"h":310,"resize":"fit"}},"source_status_id":857849080696913900,"source_status_id_str":"857849080696913920","source_user_id":715111575732924400,"source_user_id_str":"715111575732924416"}]},"extended_entities":{"media":[{"id":857849046299426800,"id_str":"857849046299426817","indices":[45,68],"media_url":"http://pbs.twimg.com/media/C-exKZuVwAEJFaq.jpg","media_url_https":"https://pbs.twimg.com/media/C-exKZuVwAEJFaq.jpg","url":"https://t.co/UrEofGiVg5","display_url":"pic.twitter.com/UrEofGiVg5","expanded_url":"https://twitter.com/befovec/status/857849080696913920/photo/1","type":"photo","sizes":{"medium":{"w":310,"h":310,"resize":"fit"},"thumb":{"w":150,"h":150,"resize":"crop"},"small":{"w":310,"h":310,"resize":"fit"},"large":{"w":310,"h":310,"resize":"fit"}},"source_status_id":857849080696913900,"source_status_id_str":"857849080696913920","source_user_id":715111575732924400,"source_user_id_str":"715111575732924416"},{"id":857849054339846100,"id_str":"857849054339846145","indices":[45,68],"media_url":"http://pbs.twimg.com/media/C-exK3rU0AENUq3.jpg","media_url_https":"https://pbs.twimg.com/media/C-exK3rU0AENUq3.jpg","url":"https://t.co/UrEofGiVg5","display_url":"pic.twitter.com/UrEofGiVg5","expanded_url":"https://twitter.com/befovec/status/857849080696913920/photo/1","type":"photo","sizes":{"large":{"w":580,"h":773,"resize":"fit"},"medium":{"w":580,"h":773,"resize":"fit"},"thumb":{"w":150,"h":150,"resize":"crop"},"small":{"w":510,"h":680,"resize":"fit"}},"source_status_id":857849080696913900,"source_status_id_str":"857849080696913920","source_user_id":715111575732924400,"source_user_id_str":"715111575732924416"}]},"metadata":{"iso_language_code":"ja","result_type":"recent"},"source":"<a href=\"https://twitter.com/\" rel=\"nofollow\">etwfs fyuiag</a>","in_reply_to_status_id":null,"in_reply_to_status_id_str":null,"in_reply_to_user_id":null,"in_reply_to_user_id_str":null,"in_reply_to_screen_name":null,"user":{"id":856436528003797000,"id_str":"856436528003796992","name":"cocoaが自撮る垢","screen_name":"fing_cocoa","location":"","description":"エロ自撮りが趣味←　おぱーい晒して喜んでますｗｗ　動画はLINE貰えたら送りますよー(*´Д｀)","url":null,"entities":{"description":{"urls":[]}},"protected":false,"followers_count":179,"friends_count":9,"listed_count":0,"created_at":"Mon Apr 24 09:15:54 +0000 2017","favourites_count":0,"utc_offset":-25200,"time_zone":"Pacific Time (US & Canada)","geo_enabled":false,"verified":false,"statuses_count":16,"lang":"ja","contributors_enabled":false,"is_translator":false,"is_translation_enabled":false,"profile_background_color":"F5F8FA","profile_background_image_url":null,"profile_background_image_url_https":null,"profile_background_tile":false,"profile_image_url":"http://pbs.twimg.com/profile_images/857105669199192064/N9zunpxq_normal.jpg","profile_image_url_https":"https://pbs.twimg.com/profile_images/857105669199192064/N9zunpxq_normal.jpg","profile_link_color":"1DA1F2","profile_sidebar_border_color":"C0DEED","profile_sidebar_fill_color":"DDEEF6","profile_text_color":"333333","profile_use_background_image":true,"has_extended_profile":false,"default_profile":true,"default_profile_image":false,"following":false,"follow_request_sent":false,"notifications":false,"translator_type":"none"},"geo":null,"coordinates":null,"place":null,"contributors":null,"is_quote_status":false,"retweet_count":55,"favorite_count":0,"favorited":false,"retweeted":false,"possibly_sensitive":false,"lang":"ja"},{"created_at":"Sun Jul 09 19:00:02 +0000 2017","id":884125006346698800,"id_str":"884125006346698752","text":"オナムビ撮影完了（笑）←\nLINEくれたら見せたげる(灬ºωº灬)♡\n感想教えてほしい♪\nhttps://t.co/e6TPOXmbNU","truncated":false,"entities":{"hashtags":[],"symbols":[],"user_mentions":[],"urls":[],"media":[{"id":857849046299426800,"id_str":"857849046299426817","indices":[45,68],"media_url":"http://pbs.twimg.com/media/C-exKZuVwAEJFaq.jpg","media_url_https":"https://pbs.twimg.com/media/C-exKZuVwAEJFaq.jpg","url":"https://t.co/e6TPOXmbNU","display_url":"pic.twitter.com/e6TPOXmbNU","expanded_url":"https://twitter.com/befovec/status/857849080696913920/photo/1","type":"photo","sizes":{"medium":{"w":310,"h":310,"resize":"fit"},"thumb":{"w":150,"h":150,"resize":"crop"},"small":{"w":310,"h":310,"resize":"fit"},"large":{"w":310,"h":310,"resize":"fit"}},"source_status_id":857849080696913900,"source_status_id_str":"857849080696913920","source_user_id":715111575732924400,"source_user_id_str":"715111575732924416"}]},"extended_entities":{"media":[{"id":857849046299426800,"id_str":"857849046299426817","indices":[45,68],"media_url":"http://pbs.twimg.com/media/C-exKZuVwAEJFaq.jpg","media_url_https":"https://pbs.twimg.com/media/C-exKZuVwAEJFaq.jpg","url":"https://t.co/e6TPOXmbNU","display_url":"pic.twitter.com/e6TPOXmbNU","expanded_url":"https://twitter.com/befovec/status/857849080696913920/photo/1","type":"photo","sizes":{"medium":{"w":310,"h":310,"resize":"fit"},"thumb":{"w":150,"h":150,"resize":"crop"},"small":{"w":310,"h":310,"resize":"fit"},"large":{"w":310,"h":310,"resize":"fit"}},"source_status_id":857849080696913900,"source_status_id_str":"857849080696913920","source_user_id":715111575732924400,"source_user_id_str":"715111575732924416"},{"id":857849054339846100,"id_str":"857849054339846145","indices":[45,68],"media_url":"http://pbs.twimg.com/media/C-exK3rU0AENUq3.jpg","media_url_https":"https://pbs.twimg.com/media/C-exK3rU0AENUq3.jpg","url":"https://t.co/e6TPOXmbNU","display_url":"pic.twitter.com/e6TPOXmbNU","expanded_url":"https://twitter.com/befovec/status/857849080696913920/photo/1","type":"photo","sizes":{"large":{"w":580,"h":773,"resize":"fit"},"medium":{"w":580,"h":773,"resize":"fit"},"thumb":{"w":150,"h":150,"resize":"crop"},"small":{"w":510,"h":680,"resize":"fit"}},"source_status_id":857849080696913900,"source_status_id_str":"857849080696913920","source_user_id":715111575732924400,"source_user_id_str":"715111575732924416"}]},"metadata":{"iso_language_code":"ja","result_type":"recent"},"source":"<a href=\"https://twitter.com/\" rel=\"nofollow\">adkon xwyuu</a>","in_reply_to_status_id":null,"in_reply_to_status_id_str":null,"in_reply_to_user_id":null,"in_reply_to_user_id_str":null,"in_reply_to_screen_name":null,"user":{"id":869434173592940500,"id_str":"869434173592940544","name":"cocoaが自撮る垢","screen_name":"co_cocoac","location":"","description":"エロ自撮りが趣味←　おぱーい晒して喜んでますｗｗ　動画はLINE貰えたら送りますよー(*´Д｀)","url":null,"entities":{"description":{"urls":[]}},"protected":false,"followers_count":76,"friends_count":9,"listed_count":0,"created_at":"Tue May 30 06:03:55 +0000 2017","favourites_count":0,"utc_offset":-25200,"time_zone":"Pacific Time (US & Canada)","geo_enabled":false,"verified":false,"statuses_count":11,"lang":"ja","contributors_enabled":false,"is_translator":false,"is_translation_enabled":false,"profile_background_color":"F5F8FA","profile_background_image_url":null,"profile_background_image_url_https":null,"profile_background_tile":false,"profile_image_url":"http://pbs.twimg.com/profile_images/869871951753363456/b1Lb-ls6_normal.jpg","profile_image_url_https":"https://pbs.twimg.com/profile_images/869871951753363456/b1Lb-ls6_normal.jpg","profile_link_color":"1DA1F2","profile_sidebar_border_color":"C0DEED","profile_sidebar_fill_color":"DDEEF6","profile_text_color":"333333","profile_use_background_image":true,"has_extended_profile":true,"default_profile":true,"default_profile_image":false,"following":false,"follow_request_sent":false,"notifications":false,"translator_type":"none"},"geo":null,"coordinates":null,"place":null,"contributors":null,"is_quote_status":false,"retweet_count":57,"favorite_count":0,"favorited":false,"retweeted":false,"possibly_sensitive":false,"lang":"ja"},{"created_at":"Sun Jul 09 19:00:02 +0000 2017","id":884125006224957400,"id_str":"884125006224957440","text":"エロムビ撮影完了（笑）←\nLINEくれたら見せてもいいよー♪\n感想ききたい(*´Д｀)\nhttps://t.co/EyXM8lhcPm","truncated":false,"entities":{"hashtags":[],"symbols":[],"user_mentions":[],"urls":[],"media":[{"id":857848978313838600,"id_str":"857848978313838592","indices":[44,67],"media_url":"http://pbs.twimg.com/media/C-exGcdUAAAK6Lf.jpg","media_url_https":"https://pbs.twimg.com/media/C-exGcdUAAAK6Lf.jpg","url":"https://t.co/EyXM8lhcPm","display_url":"pic.twitter.com/EyXM8lhcPm","expanded_url":"https://twitter.com/befovec/status/857849009775431681/photo/1","type":"photo","sizes":{"large":{"w":580,"h":773,"resize":"fit"},"thumb":{"w":150,"h":150,"resize":"crop"},"medium":{"w":580,"h":773,"resize":"fit"},"small":{"w":510,"h":680,"resize":"fit"}},"source_status_id":857849009775431700,"source_status_id_str":"857849009775431681","source_user_id":715111575732924400,"source_user_id_str":"715111575732924416"}]},"extended_entities":{"media":[{"id":857848978313838600,"id_str":"857848978313838592","indices":[44,67],"media_url":"http://pbs.twimg.com/media/C-exGcdUAAAK6Lf.jpg","media_url_https":"https://pbs.twimg.com/media/C-exGcdUAAAK6Lf.jpg","url":"https://t.co/EyXM8lhcPm","display_url":"pic.twitter.com/EyXM8lhcPm","expanded_url":"https://twitter.com/befovec/status/857849009775431681/photo/1","type":"photo","sizes":{"large":{"w":580,"h":773,"resize":"fit"},"thumb":{"w":150,"h":150,"resize":"crop"},"medium":{"w":580,"h":773,"resize":"fit"},"small":{"w":510,"h":680,"resize":"fit"}},"source_status_id":857849009775431700,"source_status_id_str":"857849009775431681","source_user_id":715111575732924400,"source_user_id_str":"715111575732924416"},{"id":857848995284107300,"id_str":"857848995284107264","indices":[44,67],"media_url":"http://pbs.twimg.com/media/C-exHbrVwAAG-9W.jpg","media_url_https":"https://pbs.twimg.com/media/C-exHbrVwAAG-9W.jpg","url":"https://t.co/EyXM8lhcPm","display_url":"pic.twitter.com/EyXM8lhcPm","expanded_url":"https://twitter.com/befovec/status/857849009775431681/photo/1","type":"photo","sizes":{"medium":{"w":310,"h":310,"resize":"fit"},"thumb":{"w":150,"h":150,"resize":"crop"},"small":{"w":310,"h":310,"resize":"fit"},"large":{"w":310,"h":310,"resize":"fit"}},"source_status_id":857849009775431700,"source_status_id_str":"857849009775431681","source_user_id":715111575732924400,"source_user_id_str":"715111575732924416"}]},"metadata":{"iso_language_code":"ja","result_type":"recent"},"source":"<a href=\"https://twitter.com/\" rel=\"nofollow\">trfgk atgfpm</a>","in_reply_to_status_id":null,"in_reply_to_status_id_str":null,"in_reply_to_user_id":null,"in_reply_to_user_id_str":null,"in_reply_to_screen_name":null,"user":{"id":868729716315799600,"id_str":"868729716315799552","name":"cocoaが自撮る垢","screen_name":"cccocoas","location":"","description":"２０歳ですっ。エロ自撮りが趣味←　おぱーい晒して喜んでますｗｗ　動画はLINE貰えたら送りますよー(*´Д｀)","url":null,"entities":{"description":{"urls":[]}},"protected":false,"followers_count":73,"friends_count":9,"listed_count":0,"created_at":"Sun May 28 07:24:39 +0000 2017","favourites_count":0,"utc_offset":-25200,"time_zone":"Pacific Time (US & Canada)","geo_enabled":false,"verified":false,"statuses_count":9,"lang":"ja","contributors_enabled":false,"is_translator":false,"is_translation_enabled":false,"profile_background_color":"000000","profile_background_image_url":"http://abs.twimg.com/images/themes/theme1/bg.png","profile_background_image_url_https":"https://abs.twimg.com/images/themes/theme1/bg.png","profile_background_tile":false,"profile_image_url":"http://pbs.twimg.com/profile_images/871647077117206529/3KLERSyw_normal.jpg","profile_image_url_https":"https://pbs.twimg.com/profile_images/871647077117206529/3KLERSyw_normal.jpg","profile_link_color":"E81C4F","profile_sidebar_border_color":"000000","profile_sidebar_fill_color":"000000","profile_text_color":"000000","profile_use_background_image":false,"has_extended_profile":false,"default_profile":false,"default_profile_image":false,"following":false,"follow_request_sent":false,"notifications":false,"translator_type":"none"},"geo":null,"coordinates":null,"place":null,"contributors":null,"is_quote_status":false,"retweet_count":57,"favorite_count":0,"favorited":false,"retweeted":false,"possibly_sensitive":false,"lang":"ja"},{"created_at":"Sun Jul 09 19:00:02 +0000 2017","id":884125006170542100,"id_str":"884125006170542080","text":"エロムビ撮影完了（笑）←\nLINEくれたら見せてもいいよー♪\n感想ききたい(*´Д｀)\n\nQR載せとくので友達追加してねー\nhttps://t.co/KX7SgighPe","truncated":false,"entities":{"hashtags":[],"symbols":[],"user_mentions":[],"urls":[],"media":[{"id":857848978313838600,"id_str":"857848978313838592","indices":[62,85],"media_url":"http://pbs.twimg.com/media/C-exGcdUAAAK6Lf.jpg","media_url_https":"https://pbs.twimg.com/media/C-exGcdUAAAK6Lf.jpg","url":"https://t.co/KX7SgighPe","display_url":"pic.twitter.com/KX7SgighPe","expanded_url":"https://twitter.com/befovec/status/857849009775431681/photo/1","type":"photo","sizes":{"large":{"w":580,"h":773,"resize":"fit"},"thumb":{"w":150,"h":150,"resize":"crop"},"medium":{"w":580,"h":773,"resize":"fit"},"small":{"w":510,"h":680,"resize":"fit"}},"source_status_id":857849009775431700,"source_status_id_str":"857849009775431681","source_user_id":715111575732924400,"source_user_id_str":"715111575732924416"}]},"extended_entities":{"media":[{"id":857848978313838600,"id_str":"857848978313838592","indices":[62,85],"media_url":"http://pbs.twimg.com/media/C-exGcdUAAAK6Lf.jpg","media_url_https":"https://pbs.twimg.com/media/C-exGcdUAAAK6Lf.jpg","url":"https://t.co/KX7SgighPe","display_url":"pic.twitter.com/KX7SgighPe","expanded_url":"https://twitter.com/befovec/status/857849009775431681/photo/1","type":"photo","sizes":{"large":{"w":580,"h":773,"resize":"fit"},"thumb":{"w":150,"h":150,"resize":"crop"},"medium":{"w":580,"h":773,"resize":"fit"},"small":{"w":510,"h":680,"resize":"fit"}},"source_status_id":857849009775431700,"source_status_id_str":"857849009775431681","source_user_id":715111575732924400,"source_user_id_str":"715111575732924416"},{"id":857848995284107300,"id_str":"857848995284107264","indices":[62,85],"media_url":"http://pbs.twimg.com/media/C-exHbrVwAAG-9W.jpg","media_url_https":"https://pbs.twimg.com/media/C-exHbrVwAAG-9W.jpg","url":"https://t.co/KX7SgighPe","display_url":"pic.twitter.com/KX7SgighPe","expanded_url":"https://twitter.com/befovec/status/857849009775431681/photo/1","type":"photo","sizes":{"medium":{"w":310,"h":310,"resize":"fit"},"thumb":{"w":150,"h":150,"resize":"crop"},"small":{"w":310,"h":310,"resize":"fit"},"large":{"w":310,"h":310,"resize":"fit"}},"source_status_id":857849009775431700,"source_status_id_str":"857849009775431681","source_user_id":715111575732924400,"source_user_id_str":"715111575732924416"}]},"metadata":{"iso_language_code":"ja","result_type":"recent"},"source":"<a href=\"https://twitter.com/\" rel=\"nofollow\">uxasi wavyu</a>","in_reply_to_status_id":null,"in_reply_to_status_id_str":null,"in_reply_to_user_id":null,"in_reply_to_user_id_str":null,"in_reply_to_screen_name":null,"user":{"id":858696127322783700,"id_str":"858696127322783744","name":"cocoaが自撮る垢","screen_name":"co_cocoaa","location":"","description":"エロ自撮りが趣味←　おぱーい晒して喜んでますｗｗ　動画はLINE貰えたら送りますよー(*´Д｀)","url":null,"entities":{"description":{"urls":[]}},"protected":false,"followers_count":114,"friends_count":9,"listed_count":0,"created_at":"Sun Apr 30 14:54:45 +0000 2017","favourites_count":0,"utc_offset":-25200,"time_zone":"Pacific Time (US & Canada)","geo_enabled":false,"verified":false,"statuses_count":10,"lang":"ja","contributors_enabled":false,"is_translator":false,"is_translation_enabled":false,"profile_background_color":"F5F8FA","profile_background_image_url":null,"profile_background_image_url_https":null,"profile_background_tile":false,"profile_image_url":"http://pbs.twimg.com/profile_images/859336923864637442/LkYQKYuM_normal.jpg","profile_image_url_https":"https://pbs.twimg.com/profile_images/859336923864637442/LkYQKYuM_normal.jpg","profile_link_color":"1DA1F2","profile_sidebar_border_color":"C0DEED","profile_sidebar_fill_color":"DDEEF6","profile_text_color":"333333","profile_use_background_image":true,"has_extended_profile":true,"default_profile":true,"default_profile_image":false,"following":false,"follow_request_sent":false,"notifications":false,"translator_type":"none"},"geo":null,"coordinates":null,"place":null,"contributors":null,"is_quote_status":false,"retweet_count":57,"favorite_count":0,"favorited":false,"retweeted":false,"possibly_sensitive":false,"lang":"ja"},{"created_at":"Sun Jul 09 19:00:02 +0000 2017","id":884125005516128300,"id_str":"884125005516128257","text":"見せるのも見るのもどっちも好き♡♡\nLINEくれたら写メ送るよ♥\n\n#裏垢女子\n#見せ合い募集なう\nhttps://t.co/fEJvVKLYXI","truncated":false,"entities":{"hashtags":[{"text":"裏垢女子","indices":[34,39]},{"text":"見せ合い募集なう","indices":[40,49]}],"symbols":[],"user_mentions":[],"urls":[],"media":[{"id":863353878326132700,"id_str":"863353878326132738","indices":[50,73],"media_url":"http://pbs.twimg.com/media/C_s_xzEVwAI3Vze.jpg","media_url_https":"https://pbs.twimg.com/media/C_s_xzEVwAI3Vze.jpg","url":"https://t.co/fEJvVKLYXI","display_url":"pic.twitter.com/fEJvVKLYXI","expanded_url":"https://twitter.com/dubamub/status/863353936417181697/photo/1","type":"photo","sizes":{"thumb":{"w":150,"h":150,"resize":"crop"},"large":{"w":580,"h":435,"resize":"fit"},"small":{"w":580,"h":435,"resize":"fit"},"medium":{"w":580,"h":435,"resize":"fit"}},"source_status_id":863353936417181700,"source_status_id_str":"863353936417181697","source_user_id":715112866525806600,"source_user_id_str":"715112866525806592"}]},"extended_entities":{"media":[{"id":863353878326132700,"id_str":"863353878326132738","indices":[50,73],"media_url":"http://pbs.twimg.com/media/C_s_xzEVwAI3Vze.jpg","media_url_https":"https://pbs.twimg.com/media/C_s_xzEVwAI3Vze.jpg","url":"https://t.co/fEJvVKLYXI","display_url":"pic.twitter.com/fEJvVKLYXI","expanded_url":"https://twitter.com/dubamub/status/863353936417181697/photo/1","type":"photo","sizes":{"thumb":{"w":150,"h":150,"resize":"crop"},"large":{"w":580,"h":435,"resize":"fit"},"small":{"w":580,"h":435,"resize":"fit"},"medium":{"w":580,"h":435,"resize":"fit"}},"source_status_id":863353936417181700,"source_status_id_str":"863353936417181697","source_user_id":715112866525806600,"source_user_id_str":"715112866525806592"},{"id":863353902162296800,"id_str":"863353902162296833","indices":[50,73],"media_url":"http://pbs.twimg.com/media/C_s_zL3UwAESefY.jpg","media_url_https":"https://pbs.twimg.com/media/C_s_zL3UwAESefY.jpg","url":"https://t.co/fEJvVKLYXI","display_url":"pic.twitter.com/fEJvVKLYXI","expanded_url":"https://twitter.com/dubamub/status/863353936417181697/photo/1","type":"photo","sizes":{"thumb":{"w":150,"h":150,"resize":"crop"},"large":{"w":580,"h":435,"resize":"fit"},"small":{"w":580,"h":435,"resize":"fit"},"medium":{"w":580,"h":435,"resize":"fit"}},"source_status_id":863353936417181700,"source_status_id_str":"863353936417181697","source_user_id":715112866525806600,"source_user_id_str":"715112866525806592"},{"id":863353911754629100,"id_str":"863353911754629120","indices":[50,73],"media_url":"http://pbs.twimg.com/media/C_s_zvmUIAASR8M.jpg","media_url_https":"https://pbs.twimg.com/media/C_s_zvmUIAASR8M.jpg","url":"https://t.co/fEJvVKLYXI","display_url":"pic.twitter.com/fEJvVKLYXI","expanded_url":"https://twitter.com/dubamub/status/863353936417181697/photo/1","type":"photo","sizes":{"small":{"w":360,"h":360,"resize":"fit"},"medium":{"w":360,"h":360,"resize":"fit"},"thumb":{"w":150,"h":150,"resize":"crop"},"large":{"w":360,"h":360,"resize":"fit"}},"source_status_id":863353936417181700,"source_status_id_str":"863353936417181697","source_user_id":715112866525806600,"source_user_id_str":"715112866525806592"}]},"metadata":{"iso_language_code":"ja","result_type":"recent"},"source":"<a href=\"https://twitter.com/\" rel=\"nofollow\">dfuef yyywpm</a>","in_reply_to_status_id":null,"in_reply_to_status_id_str":null,"in_reply_to_user_id":null,"in_reply_to_user_id_str":null,"in_reply_to_screen_name":null,"user":{"id":856415444948836400,"id_str":"856415444948836354","name":"みゆ✿見せあい垢","screen_name":"mi_yu_ss","location":"","description":"いわゆる裏垢女子💕おぱーい晒して喜んでます笑💕ぇち動画欲しい人📸見せあいしたい人LINEしてね〜💕ふぉろー貰えると喜びます ✨✨ ※DM基本見てません💦","url":null,"entities":{"description":{"urls":[]}},"protected":false,"followers_count":268,"friends_count":7,"listed_count":1,"created_at":"Mon Apr 24 07:52:08 +0000 2017","favourites_count":0,"utc_offset":-25200,"time_zone":"Pacific Time (US & Canada)","geo_enabled":false,"verified":false,"statuses_count":9,"lang":"ja","contributors_enabled":false,"is_translator":false,"is_translation_enabled":false,"profile_background_color":"F5F8FA","profile_background_image_url":null,"profile_background_image_url_https":null,"profile_background_tile":false,"profile_image_url":"http://pbs.twimg.com/profile_images/879975880981757952/N8nx0pTx_normal.jpg","profile_image_url_https":"https://pbs.twimg.com/profile_images/879975880981757952/N8nx0pTx_normal.jpg","profile_banner_url":"https://pbs.twimg.com/profile_banners/856415444948836354/1498637583","profile_link_color":"1DA1F2","profile_sidebar_border_color":"C0DEED","profile_sidebar_fill_color":"DDEEF6","profile_text_color":"333333","profile_use_background_image":true,"has_extended_profile":false,"default_profile":true,"default_profile_image":false,"following":false,"follow_request_sent":false,"notifications":false,"translator_type":"none"},"geo":null,"coordinates":null,"place":null,"contributors":null,"is_quote_status":false,"retweet_count":46,"favorite_count":0,"favorited":false,"retweeted":false,"possibly_sensitive":false,"lang":"ja"},{"created_at":"Sun Jul 09 19:00:02 +0000 2017","id":884125005319098400,"id_str":"884125005319098368","text":"見るのも見せるのもどっちも好き♡♡\nLINEくれたら写メ送るよ♥\n\n#裏垢女子\n#見せ合い募集なう\nhttps://t.co/mdbrHOuxTD","truncated":false,"entities":{"hashtags":[{"text":"裏垢女子","indices":[34,39]},{"text":"見せ合い募集なう","indices":[40,49]}],"symbols":[],"user_mentions":[],"urls":[],"media":[{"id":863353878326132700,"id_str":"863353878326132738","indices":[50,73],"media_url":"http://pbs.twimg.com/media/C_s_xzEVwAI3Vze.jpg","media_url_https":"https://pbs.twimg.com/media/C_s_xzEVwAI3Vze.jpg","url":"https://t.co/mdbrHOuxTD","display_url":"pic.twitter.com/mdbrHOuxTD","expanded_url":"https://twitter.com/dubamub/status/863353936417181697/photo/1","type":"photo","sizes":{"thumb":{"w":150,"h":150,"resize":"crop"},"large":{"w":580,"h":435,"resize":"fit"},"small":{"w":580,"h":435,"resize":"fit"},"medium":{"w":580,"h":435,"resize":"fit"}},"source_status_id":863353936417181700,"source_status_id_str":"863353936417181697","source_user_id":715112866525806600,"source_user_id_str":"715112866525806592"}]},"extended_entities":{"media":[{"id":863353878326132700,"id_str":"863353878326132738","indices":[50,73],"media_url":"http://pbs.twimg.com/media/C_s_xzEVwAI3Vze.jpg","media_url_https":"https://pbs.twimg.com/media/C_s_xzEVwAI3Vze.jpg","url":"https://t.co/mdbrHOuxTD","display_url":"pic.twitter.com/mdbrHOuxTD","expanded_url":"https://twitter.com/dubamub/status/863353936417181697/photo/1","type":"photo","sizes":{"thumb":{"w":150,"h":150,"resize":"crop"},"large":{"w":580,"h":435,"resize":"fit"},"small":{"w":580,"h":435,"resize":"fit"},"medium":{"w":580,"h":435,"resize":"fit"}},"source_status_id":863353936417181700,"source_status_id_str":"863353936417181697","source_user_id":715112866525806600,"source_user_id_str":"715112866525806592"},{"id":863353902162296800,"id_str":"863353902162296833","indices":[50,73],"media_url":"http://pbs.twimg.com/media/C_s_zL3UwAESefY.jpg","media_url_https":"https://pbs.twimg.com/media/C_s_zL3UwAESefY.jpg","url":"https://t.co/mdbrHOuxTD","display_url":"pic.twitter.com/mdbrHOuxTD","expanded_url":"https://twitter.com/dubamub/status/863353936417181697/photo/1","type":"photo","sizes":{"thumb":{"w":150,"h":150,"resize":"crop"},"large":{"w":580,"h":435,"resize":"fit"},"small":{"w":580,"h":435,"resize":"fit"},"medium":{"w":580,"h":435,"resize":"fit"}},"source_status_id":863353936417181700,"source_status_id_str":"863353936417181697","source_user_id":715112866525806600,"source_user_id_str":"715112866525806592"},{"id":863353911754629100,"id_str":"863353911754629120","indices":[50,73],"media_url":"http://pbs.twimg.com/media/C_s_zvmUIAASR8M.jpg","media_url_https":"https://pbs.twimg.com/media/C_s_zvmUIAASR8M.jpg","url":"https://t.co/mdbrHOuxTD","display_url":"pic.twitter.com/mdbrHOuxTD","expanded_url":"https://twitter.com/dubamub/status/863353936417181697/photo/1","type":"photo","sizes":{"small":{"w":360,"h":360,"resize":"fit"},"medium":{"w":360,"h":360,"resize":"fit"},"thumb":{"w":150,"h":150,"resize":"crop"},"large":{"w":360,"h":360,"resize":"fit"}},"source_status_id":863353936417181700,"source_status_id_str":"863353936417181697","source_user_id":715112866525806600,"source_user_id_str":"715112866525806592"}]},"metadata":{"iso_language_code":"ja","result_type":"recent"},"source":"<a href=\"https://twitter.com/\" rel=\"nofollow\">x7s2iu 3falx8</a>","in_reply_to_status_id":null,"in_reply_to_status_id_str":null,"in_reply_to_user_id":null,"in_reply_to_user_id_str":null,"in_reply_to_screen_name":null,"user":{"id":873863871861215200,"id_str":"873863871861215233","name":"みゆ✿見せあい垢","screen_name":"miyu_ing","location":"","description":"いわゆる裏垢女子💕おぱーい晒して喜んでます笑💕ぇち動画欲しい人📸見せあいしたい人LINEしてね〜💕ふぉろー貰えると喜びます ✨✨ ※DM基本見てません💦","url":null,"entities":{"description":{"urls":[]}},"protected":false,"followers_count":37,"friends_count":9,"listed_count":0,"created_at":"Sun Jun 11 11:25:57 +0000 2017","favourites_count":0,"utc_offset":-25200,"time_zone":"Pacific Time (US & Canada)","geo_enabled":false,"verified":false,"statuses_count":9,"lang":"ja","contributors_enabled":false,"is_translator":false,"is_translation_enabled":false,"profile_background_color":"F5F8FA","profile_background_image_url":null,"profile_background_image_url_https":null,"profile_background_tile":false,"profile_image_url":"http://pbs.twimg.com/profile_images/879972645726412802/Wum2WDik_normal.jpg","profile_image_url_https":"https://pbs.twimg.com/profile_images/879972645726412802/Wum2WDik_normal.jpg","profile_banner_url":"https://pbs.twimg.com/profile_banners/873863871861215233/1498636810","profile_link_color":"1DA1F2","profile_sidebar_border_color":"C0DEED","profile_sidebar_fill_color":"DDEEF6","profile_text_color":"333333","profile_use_background_image":true,"has_extended_profile":false,"default_profile":true,"default_profile_image":false,"following":false,"follow_request_sent":false,"notifications":false,"translator_type":"none"},"geo":null,"coordinates":null,"place":null,"contributors":null,"is_quote_status":false,"retweet_count":51,"favorite_count":0,"favorited":false,"retweeted":false,"possibly_sensitive":false,"lang":"ja"},{"created_at":"Sun Jul 09 19:00:02 +0000 2017","id":884125005310705700,"id_str":"884125005310705665","text":"エロムビ撮影完了（笑）←\nLINEくれたら見せてもいいよー♪\n感想ききたい(*´Д｀)\n\nQR載せとくので友達追加してねー\nhttps://t.co/5RrlYeLiQq","truncated":false,"entities":{"hashtags":[],"symbols":[],"user_mentions":[],"urls":[],"media":[{"id":857848978313838600,"id_str":"857848978313838592","indices":[62,85],"media_url":"http://pbs.twimg.com/media/C-exGcdUAAAK6Lf.jpg","media_url_https":"https://pbs.twimg.com/media/C-exGcdUAAAK6Lf.jpg","url":"https://t.co/5RrlYeLiQq","display_url":"pic.twitter.com/5RrlYeLiQq","expanded_url":"https://twitter.com/befovec/status/857849009775431681/photo/1","type":"photo","sizes":{"large":{"w":580,"h":773,"resize":"fit"},"thumb":{"w":150,"h":150,"resize":"crop"},"medium":{"w":580,"h":773,"resize":"fit"},"small":{"w":510,"h":680,"resize":"fit"}},"source_status_id":857849009775431700,"source_status_id_str":"857849009775431681","source_user_id":715111575732924400,"source_user_id_str":"715111575732924416"}]},"extended_entities":{"media":[{"id":857848978313838600,"id_str":"857848978313838592","indices":[62,85],"media_url":"http://pbs.twimg.com/media/C-exGcdUAAAK6Lf.jpg","media_url_https":"https://pbs.twimg.com/media/C-exGcdUAAAK6Lf.jpg","url":"https://t.co/5RrlYeLiQq","display_url":"pic.twitter.com/5RrlYeLiQq","expanded_url":"https://twitter.com/befovec/status/857849009775431681/photo/1","type":"photo","sizes":{"large":{"w":580,"h":773,"resize":"fit"},"thumb":{"w":150,"h":150,"resize":"crop"},"medium":{"w":580,"h":773,"resize":"fit"},"small":{"w":510,"h":680,"resize":"fit"}},"source_status_id":857849009775431700,"source_status_id_str":"857849009775431681","source_user_id":715111575732924400,"source_user_id_str":"715111575732924416"},{"id":857848995284107300,"id_str":"857848995284107264","indices":[62,85],"media_url":"http://pbs.twimg.com/media/C-exHbrVwAAG-9W.jpg","media_url_https":"https://pbs.twimg.com/media/C-exHbrVwAAG-9W.jpg","url":"https://t.co/5RrlYeLiQq","display_url":"pic.twitter.com/5RrlYeLiQq","expanded_url":"https://twitter.com/befovec/status/857849009775431681/photo/1","type":"photo","sizes":{"medium":{"w":310,"h":310,"resize":"fit"},"thumb":{"w":150,"h":150,"resize":"crop"},"small":{"w":310,"h":310,"resize":"fit"},"large":{"w":310,"h":310,"resize":"fit"}},"source_status_id":857849009775431700,"source_status_id_str":"857849009775431681","source_user_id":715111575732924400,"source_user_id_str":"715111575732924416"}]},"metadata":{"iso_language_code":"ja","result_type":"recent"},"source":"<a href=\"https://twitter.com/\" rel=\"nofollow\">iouuu taaaas</a>","in_reply_to_status_id":null,"in_reply_to_status_id_str":null,"in_reply_to_user_id":null,"in_reply_to_user_id_str":null,"in_reply_to_screen_name":null,"user":{"id":856445569920680000,"id_str":"856445569920679936","name":"cocoaが自撮る垢☻","screen_name":"cocco_ash","location":"","description":"エロ自撮りが趣味←　おぱーい晒して喜んでますｗｗ　動画はLINE貰えたら送りますよー(*´Д｀)","url":null,"entities":{"description":{"urls":[]}},"protected":false,"followers_count":189,"friends_count":7,"listed_count":0,"created_at":"Mon Apr 24 09:51:50 +0000 2017","favourites_count":0,"utc_offset":-25200,"time_zone":"Pacific Time (US & Canada)","geo_enabled":false,"verified":false,"statuses_count":10,"lang":"ja","contributors_enabled":false,"is_translator":false,"is_translation_enabled":false,"profile_background_color":"F5F8FA","profile_background_image_url":null,"profile_background_image_url_https":null,"profile_background_tile":false,"profile_image_url":"http://pbs.twimg.com/profile_images/856843551522537473/zWekTmbm_normal.jpg","profile_image_url_https":"https://pbs.twimg.com/profile_images/856843551522537473/zWekTmbm_normal.jpg","profile_link_color":"1DA1F2","profile_sidebar_border_color":"C0DEED","profile_sidebar_fill_color":"DDEEF6","profile_text_color":"333333","profile_use_background_image":true,"has_extended_profile":false,"default_profile":true,"default_profile_image":false,"following":false,"follow_request_sent":false,"notifications":false,"translator_type":"none"},"geo":null,"coordinates":null,"place":null,"contributors":null,"is_quote_status":false,"retweet_count":53,"favorite_count":0,"favorited":false,"retweeted":false,"possibly_sensitive":false,"lang":"ja"}],"search_metadata":{"completed_in":0.074,"max_id":884128781673185300,"max_id_str":"884128781673185281","next_results":"?max_id=884125005310705664&q=lang%3Aja%20min_retweets%3A50&include_entities=1","query":"lang%3Aja+min_retweets%3A50","refresh_url":"?since_id=884128781673185281&q=lang%3Aja%20min_retweets%3A50&include_entities=1","count":15,"since_id":0,"since_id_str":"0"}}