{"statuses":[{"created_at":"Fri Jul 07 13:20:26 +0000 2017","id":883314767691108400,"id_str":"883314767691108353","text":"TOKYO MX第1話再放送、このあと22:30よりスタートです！\nすでにご覧の方も、見逃した方も、是非お楽しみください！\n#アポクリファ https://t.co/z3d68e2Zyf","truncated":false,"entities":{"hashtags":[{"text":"アポクリファ","indices":[62,69]}],"symbols":[],"user_mentions":[],"urls":[],"media":[{"id":883314655032074200,"id_str":"883314655032074244","indices":[70,93],"media_url":"http://pbs.twimg.com/media/DEIp_64VYAQ1dlk.jpg","media_url_https":"https://pbs.twimg.com/media/DEIp_64VYAQ1dlk.jpg","url":"https://t.co/z3d68e2Zyf","display_url":"pic.twitter.com/z3d68e2Zyf","expanded_url":"https://twitter.com/FateApocryphaTV/status/883314767691108353/photo/1","type":"photo","sizes":{"medium":{"w":1200,"h":675,"resize":"fit"},"thumb":{"w":150,"h":150,"resize":"crop"},"large":{"w":1920,"h":1080,"resize":"fit"},"small":{"w":680,"h":383,"resize":"fit"}}}]},"extended_entities":{"media":[{"id":883314655032074200,"id_str":"883314655032074244","indices":[70,93],"media_url":"http://pbs.twimg.com/media/DEIp_64VYAQ1dlk.jpg","media_url_https":"https://pbs.twimg.com/media/DEIp_64VYAQ1dlk.jpg","url":"https://t.co/z3d68e2Zyf","display_url":"pic.twitter.com/z3d68e2Zyf","expanded_url":"https://twitter.com/FateApocryphaTV/status/883314767691108353/photo/1","type":"photo","sizes":{"medium":{"w":1200,"h":675,"resize":"fit"},"thumb":{"w":150,"h":150,"resize":"crop"},"large":{"w":1920,"h":1080,"resize":"fit"},"small":{"w":680,"h":383,"resize":"fit"}}}]},"metadata":{"iso_language_code":"ja","result_type":"recent"},"source":"<a href=\"http://twitter.com\" rel=\"nofollow\">Twitter Web Client</a>","in_reply_to_status_id":null,"in_reply_to_status_id_str":null,"in_reply_to_user_id":null,"in_reply_to_user_id_str":null,"in_reply_to_screen_name":null,"user":{"id":813281546035544000,"id_str":"813281546035544064","name":"Fate/Apocrypha","screen_name":"FateApocryphaTV","location":"ルーマニア・トゥリファス","description":"2017.07 ON TV\n 原作：東出祐一郎／TYPE-MOON キャラクター原案：近衛乙嗣 監督：浅井義之 シリーズ構成：東出祐一郎 キャラクターデザイン：山田有慶 音楽：横山克 制作：A-1 Pictures  ハッシュタグ：#アポクリファ 公式サイト：https://t.co/Ym3UvA0Kcl","url":"https://t.co/Ym3UvA0Kcl","entities":{"url":{"urls":[{"url":"https://t.co/Ym3UvA0Kcl","expanded_url":"http://fate-apocrypha.com/","display_url":"fate-apocrypha.com","indices":[0,23]}]},"description":{"urls":[{"url":"https://t.co/Ym3UvA0Kcl","expanded_url":"http://fate-apocrypha.com/","display_url":"fate-apocrypha.com","indices":[130,153]}]}},"protected":false,"followers_count":94297,"friends_count":26,"listed_count":1112,"created_at":"Mon Dec 26 07:13:25 +0000 2016","favourites_count":0,"utc_offset":32400,"time_zone":"Tokyo","geo_enabled":false,"verified":true,"statuses_count":318,"lang":"ja","contributors_enabled":false,"is_translator":false,"is_translation_enabled":false,"profile_background_color":"000000","profile_background_image_url":"http://abs.twimg.com/images/themes/theme1/bg.png","profile_background_image_url_https":"https://abs.twimg.com/images/themes/theme1/bg.png","profile_background_tile":false,"profile_image_url":"http://pbs.twimg.com/profile_images/815209340680294400/x1W1mpSl_normal.jpg","profile_image_url_https":"https://pbs.twimg.com/profile_images/815209340680294400/x1W1mpSl_normal.jpg","profile_banner_url":"https://pbs.twimg.com/profile_banners/813281546035544064/1497106923","profile_link_color":"E81C4F","profile_sidebar_border_color":"000000","profile_sidebar_fill_color":"000000","profile_text_color":"000000","profile_use_background_image":false,"has_extended_profile":false,"default_profile":false,"default_profile_image":false,"following":false,"follow_request_sent":false,"notifications":false,"translator_type":"none"},"geo":null,"coordinates":null,"place":null,"contributors":null,"is_quote_status":false,"retweet_count":136,"favorite_count":70,"favorited":false,"retweeted":false,"possibly_sensitive":false,"lang":"ja"},{"created_at":"Fri Jul 07 13:20:21 +0000 2017","id":883314744827957200,"id_str":"883314744827957249","text":"【315プロNight!】配信ページはこちらから！→https://t.co/XSjIr7xI4P　これからも315プロNight!をよろしくお願い致します。7/21からの配信再開もお楽しみに！　#SideM","truncated":false,"entities":{"hashtags":[{"text":"SideM","indices":[98,104]}],"symbols":[],"user_mentions":[],"urls":[{"url":"https://t.co/XSjIr7xI4P","expanded_url":"http://ch.nicovideo.jp/sidem/video","display_url":"ch.nicovideo.jp/sidem/video","indices":[26,49]}]},"metadata":{"iso_language_code":"ja","result_type":"recent"},"source":"<a href=\"http://twitter.com\" rel=\"nofollow\">Twitter Web Client</a>","in_reply_to_status_id":null,"in_reply_to_status_id_str":null,"in_reply_to_user_id":null,"in_reply_to_user_id_str":null,"in_reply_to_screen_name":null,"user":{"id":3152493228,"id_str":"3152493228","name":"アイドルマスターSideM ランティス","screen_name":"SideM_lantis","location":"Lantis","description":"ドラマチックアイドル育成カードゲーム「アイドルマスター SideM」CD、ラジオなど、音楽関連の情報をお届けします。","url":"http://t.co/FnC32vkDtl","entities":{"url":{"urls":[{"url":"http://t.co/FnC32vkDtl","expanded_url":"http://www.lantis.jp/sidem/","display_url":"lantis.jp/sidem/","indices":[0,22]}]},"description":{"urls":[]}},"protected":false,"followers_count":60134,"friends_count":3,"listed_count":2142,"created_at":"Mon Apr 13 09:20:25 +0000 2015","favourites_count":0,"utc_offset":null,"time_zone":null,"geo_enabled":false,"verified":false,"statuses_count":1119,"lang":"ja","contributors_enabled":false,"is_translator":false,"is_translation_enabled":false,"profile_background_color":"000000","profile_background_image_url":"http://abs.twimg.com/images/themes/theme1/bg.png","profile_background_image_url_https":"https://abs.twimg.com/images/themes/theme1/bg.png","profile_background_tile":false,"profile_image_url":"http://pbs.twimg.com/profile_images/590104160265080832/2XWC29ur_normal.jpg","profile_image_url_https":"https://pbs.twimg.com/profile_images/590104160265080832/2XWC29ur_normal.jpg","profile_link_color":"3B94D9","profile_sidebar_border_color":"000000","profile_sidebar_fill_color":"000000","profile_text_color":"000000","profile_use_background_image":false,"has_extended_profile":true,"default_profile":false,"default_profile_image":false,"following":false,"follow_request_sent":false,"notifications":false,"translator_type":"none"},"geo":null,"coordinates":null,"place":null,"contributors":null,"is_quote_status":false,"retweet_count":81,"favorite_count":94,"favorited":false,"retweeted":false,"possibly_sensitive":false,"lang":"ja"},{"created_at":"Fri Jul 07 13:20:19 +0000 2017","id":883314737190117400,"id_str":"883314737190117376","text":"紙兎ロペとミニオンとLINE LIVEたくさんハートありがとうございましたぁーーーっ！！七夕のお願い、紙兎ロペに、LiSA作ってもらっちゃいました。そして、ポップコーンの歌コラボさせていただきましたっ☻映画館でみてねーーっ！！… https://t.co/nHXIPct2PI","truncated":true,"entities":{"hashtags":[],"symbols":[],"user_mentions":[],"urls":[{"url":"https://t.co/nHXIPct2PI","expanded_url":"https://twitter.com/i/web/status/883314737190117376","display_url":"twitter.com/i/web/status/8…","indices":[115,138]}]},"metadata":{"iso_language_code":"ja","result_type":"recent"},"source":"<a href=\"http://twitter.com/download/iphone\" rel=\"nofollow\">Twitter for iPhone</a>","in_reply_to_status_id":null,"in_reply_to_status_id_str":null,"in_reply_to_user_id":null,"in_reply_to_user_id_str":null,"in_reply_to_screen_name":null,"user":{"id":109515557,"id_str":"109515557","name":"LiSA","screen_name":"LiSA_OLiVE","location":"","description":"☆LiSA☆歌うたいます「今日もいい日だっ」☻YAEVA MUSiC  ☻TVアニメ「僕のヒーローアカデミア」EDテーマ「だってアタシのヒーロー。」８月２日発売決定！ ☻NEW ALBUM 「LiTTLE DEViL PARADE」発売中！☻全国13ヶ所ホールツアー決定😈","url":"https://t.co/0zKFBrcG6s","entities":{"url":{"urls":[{"url":"https://t.co/0zKFBrcG6s","expanded_url":"http://www.lxixsxa.com/","display_url":"lxixsxa.com","indices":[0,23]}]},"description":{"urls":[]}},"protected":false,"followers_count":518955,"friends_count":80705,"listed_count":5935,"created_at":"Fri Jan 29 09:14:34 +0000 2010","favourites_count":3310,"utc_offset":32400,"time_zone":"Tokyo","geo_enabled":false,"verified":true,"statuses_count":71973,"lang":"ja","contributors_enabled":false,"is_translator":false,"is_translation_enabled":true,"profile_background_color":"FF00C8","profile_background_image_url":"http://pbs.twimg.com/profile_background_images/368355954/bg.gif","profile_background_image_url_https":"https://pbs.twimg.com/profile_background_images/368355954/bg.gif","profile_background_tile":false,"profile_image_url":"http://pbs.twimg.com/profile_images/848372039480033285/yP82xgjB_normal.jpg","profile_image_url_https":"https://pbs.twimg.com/profile_images/848372039480033285/yP82xgjB_normal.jpg","profile_banner_url":"https://pbs.twimg.com/profile_banners/109515557/1493644789","profile_link_color":"FF00C8","profile_sidebar_border_color":"FF00C8","profile_sidebar_fill_color":"FBFF0A","profile_text_color":"0E0614","profile_use_background_image":true,"has_extended_profile":false,"default_profile":false,"default_profile_image":false,"following":false,"follow_request_sent":false,"notifications":false,"translator_type":"none"},"geo":null,"coordinates":null,"place":null,"contributors":null,"is_quote_status":false,"retweet_count":105,"favorite_count":332,"favorited":false,"retweeted":false,"possibly_sensitive":false,"lang":"ja"},{"created_at":"Fri Jul 07 13:19:52 +0000 2017","id":883314626376589300,"id_str":"883314626376589312","text":"織姫の1年間。 https://t.co/ApKtf2t9F2","truncated":false,"entities":{"hashtags":[],"symbols":[],"user_mentions":[],"urls":[],"media":[{"id":883314599574904800,"id_str":"883314599574904833","indices":[8,31],"media_url":"http://pbs.twimg.com/media/DEIp8sSUIAEPk_x.jpg","media_url_https":"https://pbs.twimg.com/media/DEIp8sSUIAEPk_x.jpg","url":"https://t.co/ApKtf2t9F2","display_url":"pic.twitter.com/ApKtf2t9F2","expanded_url":"https://twitter.com/odorukodomo8910/status/883314626376589312/photo/1","type":"photo","sizes":{"small":{"w":680,"h":680,"resize":"fit"},"thumb":{"w":150,"h":150,"resize":"crop"},"medium":{"w":1200,"h":1200,"resize":"fit"},"large":{"w":2048,"h":2048,"resize":"fit"}}}]},"extended_entities":{"media":[{"id":883314599574904800,"id_str":"883314599574904833","indices":[8,31],"media_url":"http://pbs.twimg.com/media/DEIp8sSUIAEPk_x.jpg","media_url_https":"https://pbs.twimg.com/media/DEIp8sSUIAEPk_x.jpg","url":"https://t.co/ApKtf2t9F2","display_url":"pic.twitter.com/ApKtf2t9F2","expanded_url":"https://twitter.com/odorukodomo8910/status/883314626376589312/photo/1","type":"photo","sizes":{"small":{"w":680,"h":680,"resize":"fit"},"thumb":{"w":150,"h":150,"resize":"crop"},"medium":{"w":1200,"h":1200,"resize":"fit"},"large":{"w":2048,"h":2048,"resize":"fit"}}},{"id":883314609179971600,"id_str":"883314609179971585","indices":[8,31],"media_url":"http://pbs.twimg.com/media/DEIp9QEV0AElRbj.jpg","media_url_https":"https://pbs.twimg.com/media/DEIp9QEV0AElRbj.jpg","url":"https://t.co/ApKtf2t9F2","display_url":"pic.twitter.com/ApKtf2t9F2","expanded_url":"https://twitter.com/odorukodomo8910/status/883314626376589312/photo/1","type":"photo","sizes":{"small":{"w":680,"h":680,"resize":"fit"},"thumb":{"w":150,"h":150,"resize":"crop"},"medium":{"w":1200,"h":1200,"resize":"fit"},"large":{"w":2048,"h":2048,"resize":"fit"}}},{"id":883314616259846100,"id_str":"883314616259846144","indices":[8,31],"media_url":"http://pbs.twimg.com/media/DEIp9qcUIAAguAw.jpg","media_url_https":"https://pbs.twimg.com/media/DEIp9qcUIAAguAw.jpg","url":"https://t.co/ApKtf2t9F2","display_url":"pic.twitter.com/ApKtf2t9F2","expanded_url":"https://twitter.com/odorukodomo8910/status/883314626376589312/photo/1","type":"photo","sizes":{"small":{"w":680,"h":680,"resize":"fit"},"thumb":{"w":150,"h":150,"resize":"crop"},"medium":{"w":1200,"h":1200,"resize":"fit"},"large":{"w":2048,"h":2048,"resize":"fit"}}},{"id":883314617522413600,"id_str":"883314617522413568","indices":[8,31],"media_url":"http://pbs.twimg.com/media/DEIp9vJVYAA_R2V.jpg","media_url_https":"https://pbs.twimg.com/media/DEIp9vJVYAA_R2V.jpg","url":"https://t.co/ApKtf2t9F2","display_url":"pic.twitter.com/ApKtf2t9F2","expanded_url":"https://twitter.com/odorukodomo8910/status/883314626376589312/photo/1","type":"photo","sizes":{"small":{"w":680,"h":680,"resize":"fit"},"thumb":{"w":150,"h":150,"resize":"crop"},"medium":{"w":1200,"h":1200,"resize":"fit"},"large":{"w":2000,"h":2000,"resize":"fit"}}}]},"metadata":{"iso_language_code":"ja","result_type":"recent"},"source":"<a href=\"http://twitter.com/download/iphone\" rel=\"nofollow\">Twitter for iPhone</a>","in_reply_to_status_id":null,"in_reply_to_status_id_str":null,"in_reply_to_user_id":null,"in_reply_to_user_id_str":null,"in_reply_to_screen_name":null,"user":{"id":4726228676,"id_str":"4726228676","name":"羊の目。","screen_name":"odorukodomo8910","location":"odorukodomo8910@gmail.com","description":"アイコンはちょんぬさん。だいたいいつも腹痛。 イラストのご使用、転載はご遠慮くださいませ。グッズは下記URLから。 https://t.co/0aKQ9d2Fw3 イラスト依頼、お仕事などは下記アドレスからお待ちしております。","url":"https://t.co/Qzt5K6fd9W","entities":{"url":{"urls":[{"url":"https://t.co/Qzt5K6fd9W","expanded_url":"https://suzuri.jp/akt_0606","display_url":"suzuri.jp/akt_0606","indices":[0,23]}]},"description":{"urls":[{"url":"https://t.co/0aKQ9d2Fw3","expanded_url":"http://hitsuzinome.thebase.in","display_url":"hitsuzinome.thebase.in","indices":[58,81]}]}},"protected":false,"followers_count":73126,"friends_count":350,"listed_count":411,"created_at":"Fri Jan 08 02:22:44 +0000 2016","favourites_count":10414,"utc_offset":null,"time_zone":null,"geo_enabled":false,"verified":false,"statuses_count":9342,"lang":"ja","contributors_enabled":false,"is_translator":false,"is_translation_enabled":false,"profile_background_color":"F5F8FA","profile_background_image_url":null,"profile_background_image_url_https":null,"profile_background_tile":false,"profile_image_url":"http://pbs.twimg.com/profile_images/773818405006643200/pCi-erw__normal.jpg","profile_image_url_https":"https://pbs.twimg.com/profile_images/773818405006643200/pCi-erw__normal.jpg","profile_banner_url":"https://pbs.twimg.com/profile_banners/4726228676/1476019311","profile_link_color":"1DA1F2","profile_sidebar_border_color":"C0DEED","profile_sidebar_fill_color":"DDEEF6","profile_text_color":"333333","profile_use_background_image":true,"has_extended_profile":false,"default_profile":true,"default_profile_image":false,"following":false,"follow_request_sent":false,"notifications":false,"translator_type":"none"},"geo":null,"coordinates":null,"place":null,"contributors":null,"is_quote_status":false,"retweet_count":199,"favorite_count":473,"favorited":false,"retweeted":false,"possibly_sensitive":false,"lang":"ja"},{"created_at":"Fri Jul 07 13:19:50 +0000 2017","id":883314614737424400,"id_str":"883314614737424384","text":"試合後の様子です。\n今日もご声援ありがとうございました！\n#ジャイアンツ #巨人 #今こそ一丸 https://t.co/i4C3WZNmaY","truncated":false,"entities":{"hashtags":[{"text":"ジャイアンツ","indices":[29,36]},{"text":"巨人","indices":[37,40]},{"text":"今こそ一丸","indices":[41,47]}],"symbols":[],"user_mentions":[],"urls":[],"media":[{"id":883314160330694700,"id_str":"883314160330694657","indices":[48,71],"media_url":"http://pbs.twimg.com/ext_tw_video_thumb/883314160330694657/pu/img/k3mfLUi4udHZLOo-.jpg","media_url_https":"https://pbs.twimg.com/ext_tw_video_thumb/883314160330694657/pu/img/k3mfLUi4udHZLOo-.jpg","url":"https://t.co/i4C3WZNmaY","display_url":"pic.twitter.com/i4C3WZNmaY","expanded_url":"https://twitter.com/TokyoGiants/status/883314614737424384/video/1","type":"photo","sizes":{"small":{"w":340,"h":191,"resize":"fit"},"thumb":{"w":150,"h":150,"resize":"crop"},"medium":{"w":600,"h":338,"resize":"fit"},"large":{"w":1024,"h":576,"resize":"fit"}}}]},"extended_entities":{"media":[{"id":883314160330694700,"id_str":"883314160330694657","indices":[48,71],"media_url":"http://pbs.twimg.com/ext_tw_video_thumb/883314160330694657/pu/img/k3mfLUi4udHZLOo-.jpg","media_url_https":"https://pbs.twimg.com/ext_tw_video_thumb/883314160330694657/pu/img/k3mfLUi4udHZLOo-.jpg","url":"https://t.co/i4C3WZNmaY","display_url":"pic.twitter.com/i4C3WZNmaY","expanded_url":"https://twitter.com/TokyoGiants/status/883314614737424384/video/1","type":"video","sizes":{"small":{"w":340,"h":191,"resize":"fit"},"thumb":{"w":150,"h":150,"resize":"crop"},"medium":{"w":600,"h":338,"resize":"fit"},"large":{"w":1024,"h":576,"resize":"fit"}},"video_info":{"aspect_ratio":[16,9],"duration_millis":60000,"variants":[{"bitrate":320000,"content_type":"video/mp4","url":"https://video.twimg.com/ext_tw_video/883314160330694657/pu/vid/320x180/RX3ak9TDmNcGvrgM.mp4"},{"content_type":"application/x-mpegURL","url":"https://video.twimg.com/ext_tw_video/883314160330694657/pu/pl/rEv9oN3hikT6r_lN.m3u8"},{"bitrate":2176000,"content_type":"video/mp4","url":"https://video.twimg.com/ext_tw_video/883314160330694657/pu/vid/1280x720/z2-GSA5zoaOICmhf.mp4"},{"bitrate":832000,"content_type":"video/mp4","url":"https://video.twimg.com/ext_tw_video/883314160330694657/pu/vid/640x360/3xelIlpbabvMDwzx.mp4"}]},"additional_media_info":{"monetizable":false}}]},"metadata":{"iso_language_code":"ja","result_type":"recent"},"source":"<a href=\"http://twitter.com/download/iphone\" rel=\"nofollow\">Twitter for iPhone</a>","in_reply_to_status_id":null,"in_reply_to_status_id_str":null,"in_reply_to_user_id":null,"in_reply_to_user_id_str":null,"in_reply_to_screen_name":null,"user":{"id":766180214284124200,"id_str":"766180214284124160","name":"読売ジャイアンツ（Giants）","screen_name":"TokyoGiants","location":"東京都","description":"読売巨人軍の公式Twitterアカウントです。ジャイアンツ広報部員の面々がツイートしています。※画像の二次利用及び無断転載は禁止とさせていただきます。","url":"https://t.co/TrBCnJvlh8","entities":{"url":{"urls":[{"url":"https://t.co/TrBCnJvlh8","expanded_url":"http://www.giants.jp","display_url":"giants.jp","indices":[0,23]}]},"description":{"urls":[]}},"protected":false,"followers_count":125506,"friends_count":0,"listed_count":661,"created_at":"Thu Aug 18 07:49:32 +0000 2016","favourites_count":87,"utc_offset":32400,"time_zone":"Tokyo","geo_enabled":false,"verified":true,"statuses_count":3555,"lang":"ja","contributors_enabled":false,"is_translator":false,"is_translation_enabled":false,"profile_background_color":"000000","profile_background_image_url":"http://abs.twimg.com/images/themes/theme1/bg.png","profile_background_image_url_https":"https://abs.twimg.com/images/themes/theme1/bg.png","profile_background_tile":false,"profile_image_url":"http://pbs.twimg.com/profile_images/775148743393812480/ctsO8WFs_normal.jpg","profile_image_url_https":"https://pbs.twimg.com/profile_images/775148743393812480/ctsO8WFs_normal.jpg","profile_banner_url":"https://pbs.twimg.com/profile_banners/766180214284124160/1488789465","profile_link_color":"FF691F","profile_sidebar_border_color":"000000","profile_sidebar_fill_color":"000000","profile_text_color":"000000","profile_use_background_image":false,"has_extended_profile":false,"default_profile":false,"default_profile_image":false,"following":false,"follow_request_sent":false,"notifications":false,"translator_type":"none"},"geo":null,"coordinates":null,"place":null,"contributors":null,"is_quote_status":false,"retweet_count":71,"favorite_count":241,"favorited":false,"retweeted":false,"possibly_sensitive":false,"lang":"ja"},{"created_at":"Fri Jul 07 13:19:21 +0000 2017","id":883314496852213800,"id_str":"883314496852213765","text":"ナナチチチチチチチチ https://t.co/xiS6vqtnau","truncated":false,"entities":{"hashtags":[],"symbols":[],"user_mentions":[],"urls":[],"media":[{"id":883314450400329700,"id_str":"883314450400329728","indices":[11,34],"media_url":"http://pbs.twimg.com/media/DEIp0AkUwAA1OwV.jpg","media_url_https":"https://pbs.twimg.com/media/DEIp0AkUwAA1OwV.jpg","url":"https://t.co/xiS6vqtnau","display_url":"pic.twitter.com/xiS6vqtnau","expanded_url":"https://twitter.com/_smiyao/status/883314496852213765/photo/1","type":"photo","sizes":{"medium":{"w":932,"h":1172,"resize":"fit"},"small":{"w":541,"h":680,"resize":"fit"},"thumb":{"w":150,"h":150,"resize":"crop"},"large":{"w":932,"h":1172,"resize":"fit"}}}]},"extended_entities":{"media":[{"id":883314450400329700,"id_str":"883314450400329728","indices":[11,34],"media_url":"http://pbs.twimg.com/media/DEIp0AkUwAA1OwV.jpg","media_url_https":"https://pbs.twimg.com/media/DEIp0AkUwAA1OwV.jpg","url":"https://t.co/xiS6vqtnau","display_url":"pic.twitter.com/xiS6vqtnau","expanded_url":"https://twitter.com/_smiyao/status/883314496852213765/photo/1","type":"photo","sizes":{"medium":{"w":932,"h":1172,"resize":"fit"},"small":{"w":541,"h":680,"resize":"fit"},"thumb":{"w":150,"h":150,"resize":"crop"},"large":{"w":932,"h":1172,"resize":"fit"}}}]},"metadata":{"iso_language_code":"ja","result_type":"recent"},"source":"<a href=\"http://twitter.com\" rel=\"nofollow\">Twitter Web Client</a>","in_reply_to_status_id":null,"in_reply_to_status_id_str":null,"in_reply_to_user_id":null,"in_reply_to_user_id_str":null,"in_reply_to_screen_name":null,"user":{"id":4677774978,"id_str":"4677774978","name":"すみやお","screen_name":"_smiyao","location":"埼玉県民","description":"男性向けのツイートする不健全アカウント、RT内容、酔って騒ぐことなど おきをつけて  けもフレ竿役出る\n8月終わるまではご依頼お引き受けできません  https://t.co/rsIzXYcfIa https://t.co/ufx0m5kZAY","url":"https://t.co/gK4iE0uxjC","entities":{"url":{"urls":[{"url":"https://t.co/gK4iE0uxjC","expanded_url":"http://adramskodorogurusomuae.tumblr.com/","display_url":"adramskodorogurusomuae.tumblr.com","indices":[0,23]}]},"description":{"urls":[{"url":"https://t.co/rsIzXYcfIa","expanded_url":"http://www.pixiv.net/member.php?id=7246","display_url":"pixiv.net/member.php?id=…","indices":[75,98]},{"url":"https://t.co/ufx0m5kZAY","expanded_url":"http://nijie.info/members.php?id=35767","display_url":"nijie.info/members.php?id…","indices":[99,122]}]}},"protected":false,"followers_count":61926,"friends_count":1104,"listed_count":1379,"created_at":"Wed Dec 30 11:53:39 +0000 2015","favourites_count":37818,"utc_offset":32400,"time_zone":"Tokyo","geo_enabled":false,"verified":false,"statuses_count":71036,"lang":"ja","contributors_enabled":false,"is_translator":false,"is_translation_enabled":false,"profile_background_color":"000000","profile_background_image_url":"http://abs.twimg.com/images/themes/theme1/bg.png","profile_background_image_url_https":"https://abs.twimg.com/images/themes/theme1/bg.png","profile_background_tile":false,"profile_image_url":"http://pbs.twimg.com/profile_images/881876626283220992/3wgtFuI__normal.jpg","profile_image_url_https":"https://pbs.twimg.com/profile_images/881876626283220992/3wgtFuI__normal.jpg","profile_banner_url":"https://pbs.twimg.com/profile_banners/4677774978/1490720720","profile_link_color":"FA743E","profile_sidebar_border_color":"000000","profile_sidebar_fill_color":"000000","profile_text_color":"000000","profile_use_background_image":false,"has_extended_profile":false,"default_profile":false,"default_profile_image":false,"following":false,"follow_request_sent":false,"notifications":false,"translator_type":"none"},"geo":null,"coordinates":null,"place":null,"contributors":null,"is_quote_status":false,"retweet_count":57,"favorite_count":94,"favorited":false,"retweeted":false,"possibly_sensitive":true,"lang":"ja"},{"created_at":"Fri Jul 07 13:18:33 +0000 2017","id":883314295831838700,"id_str":"883314295831838721","text":"夏も秋も冬も春も、365日いつだって一緒だ。お前たちに、幸せ届けられるように頑張るぜー！","truncated":false,"entities":{"hashtags":[],"symbols":[],"user_mentions":[],"urls":[]},"metadata":{"iso_language_code":"ja","result_type":"recent"},"source":"<a href=\"http://twitter.com/download/iphone\" rel=\"nofollow\">Twitter for iPhone</a>","in_reply_to_status_id":null,"in_reply_to_status_id_str":null,"in_reply_to_user_id":null,"in_reply_to_user_id_str":null,"in_reply_to_screen_name":null,"user":{"id":980068106,"id_str":"980068106","name":"来栖 翔","screen_name":"Syo_K_SH","location":"","description":"シャイニング事務所所属／6月9日生まれ／O型／愛知県出身／【Comment】お前たちの笑顔は俺が守る！一緒に最高の夢、追いかけようぜ！","url":"https://t.co/sjLVjT1PJ7","entities":{"url":{"urls":[{"url":"https://t.co/sjLVjT1PJ7","expanded_url":"http://www.utapri.com/sp/twitter/","display_url":"utapri.com/sp/twitter/","indices":[0,23]}]},"description":{"urls":[]}},"protected":false,"followers_count":264922,"friends_count":13,"listed_count":45789,"created_at":"Fri Nov 30 08:52:13 +0000 2012","favourites_count":7,"utc_offset":32400,"time_zone":"Tokyo","geo_enabled":false,"verified":false,"statuses_count":964,"lang":"ja","contributors_enabled":false,"is_translator":false,"is_translation_enabled":false,"profile_background_color":"FFFFFF","profile_background_image_url":"http://pbs.twimg.com/profile_background_images/730646851/5cb6d16199e2e2fa3836fc00b7f80699.jpeg","profile_background_image_url_https":"https://pbs.twimg.com/profile_background_images/730646851/5cb6d16199e2e2fa3836fc00b7f80699.jpeg","profile_background_tile":false,"profile_image_url":"http://pbs.twimg.com/profile_images/883302603500642307/XWHTyx9E_normal.jpg","profile_image_url_https":"https://pbs.twimg.com/profile_images/883302603500642307/XWHTyx9E_normal.jpg","profile_link_color":"F5829B","profile_sidebar_border_color":"FFFFFF","profile_sidebar_fill_color":"DDEEF6","profile_text_color":"333333","profile_use_background_image":true,"has_extended_profile":false,"default_profile":false,"default_profile_image":false,"following":false,"follow_request_sent":false,"notifications":false,"translator_type":"none"},"geo":null,"coordinates":null,"place":null,"contributors":null,"is_quote_status":false,"retweet_count":3681,"favorite_count":6885,"favorited":false,"retweeted":false,"lang":"ja"},{"created_at":"Fri Jul 07 13:17:55 +0000 2017","id":883314133487071200,"id_str":"883314133487071232","text":"福島Thanks！七夕パーティー最高チュゥ〜♡\n織姫♡＼(^o^)／♡彦星 https://t.co/lTlNU7b3hV","truncated":false,"entities":{"hashtags":[],"symbols":[],"user_mentions":[],"urls":[],"media":[{"id":883314122850320400,"id_str":"883314122850320384","indices":[38,61],"media_url":"http://pbs.twimg.com/media/DEIpg8WUQAA4xYv.jpg","media_url_https":"https://pbs.twimg.com/media/DEIpg8WUQAA4xYv.jpg","url":"https://t.co/lTlNU7b3hV","display_url":"pic.twitter.com/lTlNU7b3hV","expanded_url":"https://twitter.com/daisukeasakura/status/883314133487071232/photo/1","type":"photo","sizes":{"medium":{"w":900,"h":1200,"resize":"fit"},"small":{"w":510,"h":680,"resize":"fit"},"large":{"w":1108,"h":1478,"resize":"fit"},"thumb":{"w":150,"h":150,"resize":"crop"}}}]},"extended_entities":{"media":[{"id":883314122850320400,"id_str":"883314122850320384","indices":[38,61],"media_url":"http://pbs.twimg.com/media/DEIpg8WUQAA4xYv.jpg","media_url_https":"https://pbs.twimg.com/media/DEIpg8WUQAA4xYv.jpg","url":"https://t.co/lTlNU7b3hV","display_url":"pic.twitter.com/lTlNU7b3hV","expanded_url":"https://twitter.com/daisukeasakura/status/883314133487071232/photo/1","type":"photo","sizes":{"medium":{"w":900,"h":1200,"resize":"fit"},"small":{"w":510,"h":680,"resize":"fit"},"large":{"w":1108,"h":1478,"resize":"fit"},"thumb":{"w":150,"h":150,"resize":"crop"}}}]},"metadata":{"iso_language_code":"ja","result_type":"recent"},"source":"<a href=\"http://twitter.com/download/iphone\" rel=\"nofollow\">Twitter for iPhone</a>","in_reply_to_status_id":null,"in_reply_to_status_id_str":null,"in_reply_to_user_id":null,"in_reply_to_user_id_str":null,"in_reply_to_screen_name":null,"user":{"id":120056093,"id_str":"120056093","name":"浅倉大介","screen_name":"daisukeasakura","location":"","description":"最新情報はこちら(*ﾟ▽ﾟ)ﾉ http://t.co/Fia3EFATgA","url":"http://t.co/Fia3EFATgA","entities":{"url":{"urls":[{"url":"http://t.co/Fia3EFATgA","expanded_url":"http://www.danet.ne.jp","display_url":"danet.ne.jp","indices":[0,22]}]},"description":{"urls":[{"url":"http://t.co/Fia3EFATgA","expanded_url":"http://www.danet.ne.jp","display_url":"danet.ne.jp","indices":[16,38]}]}},"protected":false,"followers_count":55500,"friends_count":486,"listed_count":3061,"created_at":"Fri Mar 05 10:14:44 +0000 2010","favourites_count":1879,"utc_offset":32400,"time_zone":"Tokyo","geo_enabled":false,"verified":false,"statuses_count":21301,"lang":"ja","contributors_enabled":false,"is_translator":false,"is_translation_enabled":false,"profile_background_color":"131516","profile_background_image_url":"http://abs.twimg.com/images/themes/theme14/bg.gif","profile_background_image_url_https":"https://abs.twimg.com/images/themes/theme14/bg.gif","profile_background_tile":true,"profile_image_url":"http://pbs.twimg.com/profile_images/684004625079402496/lo3akPtO_normal.jpg","profile_image_url_https":"https://pbs.twimg.com/profile_images/684004625079402496/lo3akPtO_normal.jpg","profile_banner_url":"https://pbs.twimg.com/profile_banners/120056093/1451922676","profile_link_color":"009999","profile_sidebar_border_color":"EEEEEE","profile_sidebar_fill_color":"EFEFEF","profile_text_color":"333333","profile_use_background_image":true,"has_extended_profile":true,"default_profile":false,"default_profile_image":false,"following":false,"follow_request_sent":false,"notifications":false,"translator_type":"none"},"geo":null,"coordinates":null,"place":null,"contributors":null,"is_quote_status":false,"retweet_count":69,"favorite_count":149,"favorited":false,"retweeted":false,"possibly_sensitive":false,"lang":"ja"},{"created_at":"Fri Jul 07 13:17:53 +0000 2017","id":883314124138004500,"id_str":"883314124138004481","text":"【ドリーム・オン・アイス】#宇野昌磨 （写真：坂本清） #figurestake #フィギュアスケート #ドリームオンアイス https://t.co/G3UUwqCdXD","truncated":false,"entities":{"hashtags":[{"text":"宇野昌磨","indices":[13,18]},{"text":"figurestake","indices":[28,40]},{"text":"フィギュアスケート","indices":[41,51]},{"text":"ドリームオンアイス","indices":[52,62]}],"symbols":[],"user_mentions":[],"urls":[],"media":[{"id":883314108266725400,"id_str":"883314108266725378","indices":[63,86],"media_url":"http://pbs.twimg.com/media/DEIpgGBUQAIHzvB.jpg","media_url_https":"https://pbs.twimg.com/media/DEIpgGBUQAIHzvB.jpg","url":"https://t.co/G3UUwqCdXD","display_url":"pic.twitter.com/G3UUwqCdXD","expanded_url":"https://twitter.com/sn_figure/status/883314124138004481/photo/1","type":"photo","sizes":{"medium":{"w":427,"h":640,"resize":"fit"},"small":{"w":427,"h":640,"resize":"fit"},"large":{"w":427,"h":640,"resize":"fit"},"thumb":{"w":150,"h":150,"resize":"crop"}}}]},"extended_entities":{"media":[{"id":883314108266725400,"id_str":"883314108266725378","indices":[63,86],"media_url":"http://pbs.twimg.com/media/DEIpgGBUQAIHzvB.jpg","media_url_https":"https://pbs.twimg.com/media/DEIpgGBUQAIHzvB.jpg","url":"https://t.co/G3UUwqCdXD","display_url":"pic.twitter.com/G3UUwqCdXD","expanded_url":"https://twitter.com/sn_figure/status/883314124138004481/photo/1","type":"photo","sizes":{"medium":{"w":427,"h":640,"resize":"fit"},"small":{"w":427,"h":640,"resize":"fit"},"large":{"w":427,"h":640,"resize":"fit"},"thumb":{"w":150,"h":150,"resize":"crop"}}},{"id":883314109000712200,"id_str":"883314109000712192","indices":[63,86],"media_url":"http://pbs.twimg.com/media/DEIpgIwUAAALuVB.jpg","media_url_https":"https://pbs.twimg.com/media/DEIpgIwUAAALuVB.jpg","url":"https://t.co/G3UUwqCdXD","display_url":"pic.twitter.com/G3UUwqCdXD","expanded_url":"https://twitter.com/sn_figure/status/883314124138004481/photo/1","type":"photo","sizes":{"small":{"w":640,"h":427,"resize":"fit"},"thumb":{"w":150,"h":150,"resize":"crop"},"large":{"w":640,"h":427,"resize":"fit"},"medium":{"w":640,"h":427,"resize":"fit"}}},{"id":883314109516664800,"id_str":"883314109516664833","indices":[63,86],"media_url":"http://pbs.twimg.com/media/DEIpgKrU0AEQszg.jpg","media_url_https":"https://pbs.twimg.com/media/DEIpgKrU0AEQszg.jpg","url":"https://t.co/G3UUwqCdXD","display_url":"pic.twitter.com/G3UUwqCdXD","expanded_url":"https://twitter.com/sn_figure/status/883314124138004481/photo/1","type":"photo","sizes":{"small":{"w":427,"h":640,"resize":"fit"},"medium":{"w":427,"h":640,"resize":"fit"},"thumb":{"w":150,"h":150,"resize":"crop"},"large":{"w":427,"h":640,"resize":"fit"}}},{"id":883314108874936300,"id_str":"883314108874936320","indices":[63,86],"media_url":"http://pbs.twimg.com/media/DEIpgISU0AAmSE1.jpg","media_url_https":"https://pbs.twimg.com/media/DEIpgISU0AAmSE1.jpg","url":"https://t.co/G3UUwqCdXD","display_url":"pic.twitter.com/G3UUwqCdXD","expanded_url":"https://twitter.com/sn_figure/status/883314124138004481/photo/1","type":"photo","sizes":{"medium":{"w":427,"h":640,"resize":"fit"},"small":{"w":427,"h":640,"resize":"fit"},"large":{"w":427,"h":640,"resize":"fit"},"thumb":{"w":150,"h":150,"resize":"crop"}}}]},"metadata":{"iso_language_code":"ja","result_type":"recent"},"source":"<a href=\"http://twitter.com\" rel=\"nofollow\">Twitter Web Client</a>","in_reply_to_status_id":null,"in_reply_to_status_id_str":null,"in_reply_to_user_id":null,"in_reply_to_user_id_str":null,"in_reply_to_screen_name":null,"user":{"id":381860768,"id_str":"381860768","name":"スポーツナビ　フィギュアスケート編集","screen_name":"sn_figure","location":"日本","description":"スポーツナビ編集部フィギュアスケート担当の公式Twitterです。フィギュア関する最新のニュース、コラム、大会の実況などをお届けします。アプリ版スポーツナビはこちら iOS版⇒https://t.co/73BNZQ9HGG Android版⇒ https://t.co/p39ywttXc4","url":"https://t.co/eof4PHylgS","entities":{"url":{"urls":[{"url":"https://t.co/eof4PHylgS","expanded_url":"https://sports.yahoo.co.jp/figureskate/","display_url":"sports.yahoo.co.jp/figureskate/","indices":[0,23]}]},"description":{"urls":[{"url":"https://t.co/73BNZQ9HGG","expanded_url":"http://ow.ly/9i5x304WE8u","display_url":"ow.ly/9i5x304WE8u","indices":[88,111]},{"url":"https://t.co/p39ywttXc4","expanded_url":"http://ow.ly/ON1I304WE9l","display_url":"ow.ly/ON1I304WE9l","indices":[122,145]}]}},"protected":false,"followers_count":46195,"friends_count":9,"listed_count":981,"created_at":"Thu Sep 29 02:15:05 +0000 2011","favourites_count":0,"utc_offset":32400,"time_zone":"Tokyo","geo_enabled":false,"verified":true,"statuses_count":3864,"lang":"ja","contributors_enabled":false,"is_translator":false,"is_translation_enabled":false,"profile_background_color":"C0DEED","profile_background_image_url":"http://pbs.twimg.com/profile_background_images/378800000085903425/8f4b7f6baabec44eeca4018ea5165ff6.jpeg","profile_background_image_url_https":"https://pbs.twimg.com/profile_background_images/378800000085903425/8f4b7f6baabec44eeca4018ea5165ff6.jpeg","profile_background_tile":false,"profile_image_url":"http://pbs.twimg.com/profile_images/875578968581079041/6PkTdSxA_normal.jpg","profile_image_url_https":"https://pbs.twimg.com/profile_images/875578968581079041/6PkTdSxA_normal.jpg","profile_banner_url":"https://pbs.twimg.com/profile_banners/381860768/1441087998","profile_link_color":"0084B4","profile_sidebar_border_color":"FFFFFF","profile_sidebar_fill_color":"DDEEF6","profile_text_color":"333333","profile_use_background_image":true,"has_extended_profile":false,"default_profile":false,"default_profile_image":false,"following":false,"follow_request_sent":false,"notifications":false,"translator_type":"none"},"geo":null,"coordinates":null,"place":null,"contributors":null,"is_quote_status":false,"retweet_count":119,"favorite_count":125,"favorited":false,"retweeted":false,"possibly_sensitive":false,"lang":"ja"},{"created_at":"Fri Jul 07 13:17:41 +0000 2017","id":883314076146741200,"id_str":"883314076146741248","text":"【鬼灯の冷徹ゆったり現世バカンス弐in奈良健康ランド】いよいよ明日7/8(土)から！ANIMAREALの新作展示とは…？\n\nhttps://t.co/lWv7cTOalv https://t.co/cY5Y6XEum1","truncated":false,"entities":{"hashtags":[],"symbols":[],"user_mentions":[],"urls":[{"url":"https://t.co/lWv7cTOalv","expanded_url":"http://hozuki2.narakenkoland.net","display_url":"hozuki2.narakenkoland.net","indices":[62,85]}],"media":[{"id":883314065724002300,"id_str":"883314065724002307","indices":[86,109],"media_url":"http://pbs.twimg.com/media/DEIpdniV0AM_E3p.jpg","media_url_https":"https://pbs.twimg.com/media/DEIpdniV0AM_E3p.jpg","url":"https://t.co/cY5Y6XEum1","display_url":"pic.twitter.com/cY5Y6XEum1","expanded_url":"https://twitter.com/hozukiofficial/status/883314076146741248/photo/1","type":"photo","sizes":{"medium":{"w":1200,"h":1200,"resize":"fit"},"small":{"w":680,"h":680,"resize":"fit"},"thumb":{"w":150,"h":150,"resize":"crop"},"large":{"w":2048,"h":2048,"resize":"fit"}}}]},"extended_entities":{"media":[{"id":883314065724002300,"id_str":"883314065724002307","indices":[86,109],"media_url":"http://pbs.twimg.com/media/DEIpdniV0AM_E3p.jpg","media_url_https":"https://pbs.twimg.com/media/DEIpdniV0AM_E3p.jpg","url":"https://t.co/cY5Y6XEum1","display_url":"pic.twitter.com/cY5Y6XEum1","expanded_url":"https://twitter.com/hozukiofficial/status/883314076146741248/photo/1","type":"photo","sizes":{"medium":{"w":1200,"h":1200,"resize":"fit"},"small":{"w":680,"h":680,"resize":"fit"},"thumb":{"w":150,"h":150,"resize":"crop"},"large":{"w":2048,"h":2048,"resize":"fit"}}},{"id":883314065719808000,"id_str":"883314065719808000","indices":[86,109],"media_url":"http://pbs.twimg.com/media/DEIpdnhV0AAr9oT.jpg","media_url_https":"https://pbs.twimg.com/media/DEIpdnhV0AAr9oT.jpg","url":"https://t.co/cY5Y6XEum1","display_url":"pic.twitter.com/cY5Y6XEum1","expanded_url":"https://twitter.com/hozukiofficial/status/883314076146741248/photo/1","type":"photo","sizes":{"small":{"w":680,"h":680,"resize":"fit"},"thumb":{"w":150,"h":150,"resize":"crop"},"medium":{"w":1200,"h":1200,"resize":"fit"},"large":{"w":2048,"h":2048,"resize":"fit"}}}]},"metadata":{"iso_language_code":"ja","result_type":"recent"},"source":"<a href=\"http://twitter.com/download/iphone\" rel=\"nofollow\">Twitter for iPhone</a>","in_reply_to_status_id":null,"in_reply_to_status_id_str":null,"in_reply_to_user_id":null,"in_reply_to_user_id_str":null,"in_reply_to_screen_name":null,"user":{"id":2835793441,"id_str":"2835793441","name":"「鬼灯の冷徹」公式アカウント","screen_name":"hozukiofficial","location":"閻魔庁","description":"モーニングで連載中の「鬼灯の冷徹」公式アカウントです。 グッズ情報を主に「鬼灯の冷徹」に関する情報をお届けいたします！ ※個別のリプライは原則行いません。予めご了承下さい。 ©江口夏実／講談社　©江口夏実・講談社／鬼灯の冷徹製作委員会","url":null,"entities":{"description":{"urls":[]}},"protected":false,"followers_count":59711,"friends_count":9,"listed_count":850,"created_at":"Tue Sep 30 06:52:36 +0000 2014","favourites_count":5,"utc_offset":32400,"time_zone":"Seoul","geo_enabled":true,"verified":false,"statuses_count":1236,"lang":"ja","contributors_enabled":false,"is_translator":false,"is_translation_enabled":false,"profile_background_color":"C0DEED","profile_background_image_url":"http://abs.twimg.com/images/themes/theme1/bg.png","profile_background_image_url_https":"https://abs.twimg.com/images/themes/theme1/bg.png","profile_background_tile":false,"profile_image_url":"http://pbs.twimg.com/profile_images/517136742319521792/mWGI61FR_normal.jpeg","profile_image_url_https":"https://pbs.twimg.com/profile_images/517136742319521792/mWGI61FR_normal.jpeg","profile_link_color":"1DA1F2","profile_sidebar_border_color":"C0DEED","profile_sidebar_fill_color":"DDEEF6","profile_text_color":"333333","profile_use_background_image":true,"has_extended_profile":false,"default_profile":true,"default_profile_image":false,"following":false,"follow_request_sent":false,"notifications":false,"translator_type":"none"},"geo":null,"coordinates":null,"place":null,"contributors":null,"is_quote_status":false,"retweet_count":117,"favorite_count":134,"favorited":false,"retweeted":false,"possibly_sensitive":false,"lang":"ja"},{"created_at":"Fri Jul 07 13:17:39 +0000 2017","id":883314066642489300,"id_str":"883314066642489345","text":"一昨日から今日（7月5～7日）までの降水の時間変化．ほぼずっと九州のどこかしらで積乱雲群や線状の降水システムが形成・発達してる．福岡県朝倉では5日からの総雨量が600mm超え．異常です．今夜から明日8日にかけても九州北部では大雨と… https://t.co/W8jM8wu1Hg","truncated":true,"entities":{"hashtags":[],"symbols":[],"user_mentions":[],"urls":[{"url":"https://t.co/W8jM8wu1Hg","expanded_url":"https://twitter.com/i/web/status/883314066642489345","display_url":"twitter.com/i/web/status/8…","indices":[117,140]}]},"metadata":{"iso_language_code":"ja","result_type":"recent"},"source":"<a href=\"http://twitter.com\" rel=\"nofollow\">Twitter Web Client</a>","in_reply_to_status_id":null,"in_reply_to_status_id_str":null,"in_reply_to_user_id":null,"in_reply_to_user_id_str":null,"in_reply_to_screen_name":null,"user":{"id":2533292042,"id_str":"2533292042","name":"荒木健太郎","screen_name":"arakencloud","location":"Tsukuba, Ibaraki, Japan","description":"雲研究者．気象庁気象研究所研究官．防災・減災を目標に，豪雨・豪雪・竜巻などをもたらす雲の仕組みを研究してます．著書「雲の中では何が起こっているのか」https://t.co/GDsivPgD9E まとめ「艦これ気象学」「地震雲を不安に思う方へ」https://t.co/SruFKgdnWB #関東雪結晶 発信は個人の見解です","url":"https://t.co/iHUdX2815e","entities":{"url":{"urls":[{"url":"https://t.co/iHUdX2815e","expanded_url":"http://www.mri-jma.go.jp/Dep/fo/fo3/araki/","display_url":"mri-jma.go.jp/Dep/fo/fo3/ara…","indices":[0,23]}]},"description":{"urls":[{"url":"https://t.co/GDsivPgD9E","expanded_url":"http://goo.gl/8XhjCf","display_url":"goo.gl/8XhjCf","indices":[74,97]},{"url":"https://t.co/SruFKgdnWB","expanded_url":"http://goo.gl/wKafS6","display_url":"goo.gl/wKafS6","indices":[122,145]}]}},"protected":false,"followers_count":29224,"friends_count":262,"listed_count":838,"created_at":"Thu May 29 19:51:40 +0000 2014","favourites_count":25691,"utc_offset":null,"time_zone":null,"geo_enabled":true,"verified":false,"statuses_count":5861,"lang":"ja","contributors_enabled":false,"is_translator":false,"is_translation_enabled":false,"profile_background_color":"C0DEED","profile_background_image_url":"http://pbs.twimg.com/profile_background_images/472113021926404097/dKYoqIyg.jpeg","profile_background_image_url_https":"https://pbs.twimg.com/profile_background_images/472113021926404097/dKYoqIyg.jpeg","profile_background_tile":true,"profile_image_url":"http://pbs.twimg.com/profile_images/750407308140638210/aWCDTJdT_normal.jpg","profile_image_url_https":"https://pbs.twimg.com/profile_images/750407308140638210/aWCDTJdT_normal.jpg","profile_banner_url":"https://pbs.twimg.com/profile_banners/2533292042/1498824427","profile_link_color":"0084B4","profile_sidebar_border_color":"FFFFFF","profile_sidebar_fill_color":"DDEEF6","profile_text_color":"333333","profile_use_background_image":true,"has_extended_profile":true,"default_profile":false,"default_profile_image":false,"following":false,"follow_request_sent":false,"notifications":false,"translator_type":"none"},"geo":null,"coordinates":null,"place":null,"contributors":null,"is_quote_status":false,"retweet_count":51,"favorite_count":23,"favorited":false,"retweeted":false,"possibly_sensitive":false,"lang":"ja"},{"created_at":"Fri Jul 07 13:17:29 +0000 2017","id":883314025752178700,"id_str":"883314025752178691","text":"【315プロNight!】アーカイブは、これからチャンネル会員に登録された方もお聞き頂くことができますので、この機会にぜひチェックしてください！ #SideM","truncated":false,"entities":{"hashtags":[{"text":"SideM","indices":[73,79]}],"symbols":[],"user_mentions":[],"urls":[]},"metadata":{"iso_language_code":"ja","result_type":"recent"},"source":"<a href=\"http://twitter.com\" rel=\"nofollow\">Twitter Web Client</a>","in_reply_to_status_id":null,"in_reply_to_status_id_str":null,"in_reply_to_user_id":null,"in_reply_to_user_id_str":null,"in_reply_to_screen_name":null,"user":{"id":3152493228,"id_str":"3152493228","name":"アイドルマスターSideM ランティス","screen_name":"SideM_lantis","location":"Lantis","description":"ドラマチックアイドル育成カードゲーム「アイドルマスター SideM」CD、ラジオなど、音楽関連の情報をお届けします。","url":"http://t.co/FnC32vkDtl","entities":{"url":{"urls":[{"url":"http://t.co/FnC32vkDtl","expanded_url":"http://www.lantis.jp/sidem/","display_url":"lantis.jp/sidem/","indices":[0,22]}]},"description":{"urls":[]}},"protected":false,"followers_count":60134,"friends_count":3,"listed_count":2142,"created_at":"Mon Apr 13 09:20:25 +0000 2015","favourites_count":0,"utc_offset":null,"time_zone":null,"geo_enabled":false,"verified":false,"statuses_count":1119,"lang":"ja","contributors_enabled":false,"is_translator":false,"is_translation_enabled":false,"profile_background_color":"000000","profile_background_image_url":"http://abs.twimg.com/images/themes/theme1/bg.png","profile_background_image_url_https":"https://abs.twimg.com/images/themes/theme1/bg.png","profile_background_tile":false,"profile_image_url":"http://pbs.twimg.com/profile_images/590104160265080832/2XWC29ur_normal.jpg","profile_image_url_https":"https://pbs.twimg.com/profile_images/590104160265080832/2XWC29ur_normal.jpg","profile_link_color":"3B94D9","profile_sidebar_border_color":"000000","profile_sidebar_fill_color":"000000","profile_text_color":"000000","profile_use_background_image":false,"has_extended_profile":true,"default_profile":false,"default_profile_image":false,"following":false,"follow_request_sent":false,"notifications":false,"translator_type":"none"},"geo":null,"coordinates":null,"place":null,"contributors":null,"is_quote_status":false,"retweet_count":90,"favorite_count":102,"favorited":false,"retweeted":false,"lang":"ja"},{"created_at":"Fri Jul 07 13:17:22 +0000 2017","id":883313997352648700,"id_str":"883313997352648704","text":"こねたものたちが将棋で遊ぶまんが（今朝の夢に出てきた駒が登場します） https://t.co/mAVKTC5UgY","truncated":false,"entities":{"hashtags":[],"symbols":[],"user_mentions":[],"urls":[],"media":[{"id":883313609513631700,"id_str":"883313609513631744","indices":[35,58],"media_url":"http://pbs.twimg.com/media/DEIpDEBUAAABjxV.png","media_url_https":"https://pbs.twimg.com/media/DEIpDEBUAAABjxV.png","url":"https://t.co/mAVKTC5UgY","display_url":"pic.twitter.com/mAVKTC5UgY","expanded_url":"https://twitter.com/Jecy_Losika/status/883313997352648704/photo/1","type":"photo","sizes":{"large":{"w":500,"h":967,"resize":"fit"},"small":{"w":352,"h":680,"resize":"fit"},"thumb":{"w":150,"h":150,"resize":"crop"},"medium":{"w":500,"h":967,"resize":"fit"}}}]},"extended_entities":{"media":[{"id":883313609513631700,"id_str":"883313609513631744","indices":[35,58],"media_url":"http://pbs.twimg.com/media/DEIpDEBUAAABjxV.png","media_url_https":"https://pbs.twimg.com/media/DEIpDEBUAAABjxV.png","url":"https://t.co/mAVKTC5UgY","display_url":"pic.twitter.com/mAVKTC5UgY","expanded_url":"https://twitter.com/Jecy_Losika/status/883313997352648704/photo/1","type":"photo","sizes":{"large":{"w":500,"h":967,"resize":"fit"},"small":{"w":352,"h":680,"resize":"fit"},"thumb":{"w":150,"h":150,"resize":"crop"},"medium":{"w":500,"h":967,"resize":"fit"}}}]},"metadata":{"iso_language_code":"ja","result_type":"recent"},"source":"<a href=\"http://twitter.com\" rel=\"nofollow\">Twitter Web Client</a>","in_reply_to_status_id":null,"in_reply_to_status_id_str":null,"in_reply_to_user_id":null,"in_reply_to_user_id_str":null,"in_reply_to_screen_name":null,"user":{"id":398013112,"id_str":"398013112","name":"ジェシー（LINEスタンプ第4弾）","screen_name":"Jecy_Losika","location":"Kanagawa, Japan","description":"イラストレーター メルヘン・ファンタジーから科学・哲学まで、いろんな題材を絵に描いています。個人では「こむぎこをこねたもの」「ローシカ」シリーズ、哲学の絵本化プロジェクト「僕らが描いた世界」など。 ◆マイナビニュース「週刊こむぎ」連載中","url":"https://t.co/ZLBZdSVuZG","entities":{"url":{"urls":[{"url":"https://t.co/ZLBZdSVuZG","expanded_url":"http://jecy.main.jp/","display_url":"jecy.main.jp","indices":[0,23]}]},"description":{"urls":[]}},"protected":false,"followers_count":7703,"friends_count":467,"listed_count":201,"created_at":"Tue Oct 25 13:18:03 +0000 2011","favourites_count":25817,"utc_offset":32400,"time_zone":"Tokyo","geo_enabled":false,"verified":false,"statuses_count":39776,"lang":"ja","contributors_enabled":false,"is_translator":false,"is_translation_enabled":false,"profile_background_color":"EAF6F7","profile_background_image_url":"http://abs.twimg.com/images/themes/theme1/bg.png","profile_background_image_url_https":"https://abs.twimg.com/images/themes/theme1/bg.png","profile_background_tile":false,"profile_image_url":"http://pbs.twimg.com/profile_images/2534216152/p1q8onws7f59vzxz8bab_normal.jpeg","profile_image_url_https":"https://pbs.twimg.com/profile_images/2534216152/p1q8onws7f59vzxz8bab_normal.jpeg","profile_banner_url":"https://pbs.twimg.com/profile_banners/398013112/1349170905","profile_link_color":"0084B4","profile_sidebar_border_color":"FFFFFF","profile_sidebar_fill_color":"B3DBE3","profile_text_color":"333333","profile_use_background_image":false,"has_extended_profile":true,"default_profile":false,"default_profile_image":false,"following":false,"follow_request_sent":false,"notifications":false,"translator_type":"none"},"geo":null,"coordinates":null,"place":null,"contributors":null,"is_quote_status":false,"retweet_count":53,"favorite_count":75,"favorited":false,"retweeted":false,"possibly_sensitive":false,"lang":"ja"},{"created_at":"Fri Jul 07 13:17:19 +0000 2017","id":883313983196864500,"id_str":"883313983196864517","text":"今日は七夕ということで、ラジベパでは惜しくも捨てられてしまったお願いをしておくね。\n\n　☆\n┏┻┓\n\n　美\n　白\n　！\n\n┗━┛\n\nそして7/7はボイトレ男子、吹織鼓弓の誕生日！(´∇｀)\nということでイベントの時の写真を美白ve… https://t.co/FWmjrVOLS1","truncated":true,"entities":{"hashtags":[],"symbols":[],"user_mentions":[],"urls":[{"url":"https://t.co/FWmjrVOLS1","expanded_url":"https://twitter.com/i/web/status/883313983196864517","display_url":"twitter.com/i/web/status/8…","indices":[117,140]}]},"metadata":{"iso_language_code":"ja","result_type":"recent"},"source":"<a href=\"http://twitter.com/download/android\" rel=\"nofollow\">Twitter for Android</a>","in_reply_to_status_id":null,"in_reply_to_status_id_str":null,"in_reply_to_user_id":null,"in_reply_to_user_id_str":null,"in_reply_to_screen_name":null,"user":{"id":161983062,"id_str":"161983062","name":"河本啓佑","screen_name":"koumoto1118","location":"","description":"声優やってます。これからも頑張って生きます。『CYBORG009 CALL OF JUSTICE』島村ジョー\n『美男高校地球防衛部LOVE!LOVE!』別府月彦『私がモテてどうすんだ』七島希『ALL OUT!! 』客人考助『ISUCA』浅野真一郎『東京ＥＳＰ』東京太郎『勇しぶ。』ラウル・チェイサー","url":null,"entities":{"description":{"urls":[]}},"protected":false,"followers_count":22526,"friends_count":261,"listed_count":822,"created_at":"Fri Jul 02 08:37:17 +0000 2010","favourites_count":64,"utc_offset":32400,"time_zone":"Tokyo","geo_enabled":true,"verified":false,"statuses_count":3769,"lang":"ja","contributors_enabled":false,"is_translator":false,"is_translation_enabled":false,"profile_background_color":"C0DEED","profile_background_image_url":"http://abs.twimg.com/images/themes/theme1/bg.png","profile_background_image_url_https":"https://abs.twimg.com/images/themes/theme1/bg.png","profile_background_tile":false,"profile_image_url":"http://pbs.twimg.com/profile_images/815531017691746304/z4dyaICw_normal.jpg","profile_image_url_https":"https://pbs.twimg.com/profile_images/815531017691746304/z4dyaICw_normal.jpg","profile_banner_url":"https://pbs.twimg.com/profile_banners/161983062/1483273183","profile_link_color":"1DA1F2","profile_sidebar_border_color":"C0DEED","profile_sidebar_fill_color":"DDEEF6","profile_text_color":"333333","profile_use_background_image":true,"has_extended_profile":false,"default_profile":true,"default_profile_image":false,"following":false,"follow_request_sent":false,"notifications":false,"translator_type":"none"},"geo":null,"coordinates":null,"place":null,"contributors":null,"is_quote_status":false,"retweet_count":128,"favorite_count":272,"favorited":false,"retweeted":false,"possibly_sensitive":false,"lang":"ja"},{"created_at":"Fri Jul 07 13:17:17 +0000 2017","id":883313975173103600,"id_str":"883313975173103616","text":"ただ今、土生瑞穂がSHOWROOM配信中です🎂\nぜひご覧ください🎮\n#欅坂46\n#SHOWROOM\nhttps://t.co/hZ12wYYGTz","truncated":false,"entities":{"hashtags":[{"text":"欅坂46","indices":[34,39]},{"text":"SHOWROOM","indices":[40,49]}],"symbols":[],"user_mentions":[],"urls":[{"url":"https://t.co/hZ12wYYGTz","expanded_url":"https://www.showroom-live.com/46_MIZUHO_HABU","display_url":"showroom-live.com/46_MIZUHO_HABU","indices":[50,73]}]},"metadata":{"iso_language_code":"ja","result_type":"recent"},"source":"<a href=\"http://www.echofon.com/\" rel=\"nofollow\">Echofon</a>","in_reply_to_status_id":null,"in_reply_to_status_id_str":null,"in_reply_to_user_id":null,"in_reply_to_user_id_str":null,"in_reply_to_screen_name":null,"user":{"id":3433403638,"id_str":"3433403638","name":"欅坂46","screen_name":"keyakizaka46","location":"","description":"秋元康 総合プロデュース、乃木坂46に続く「坂道シリーズ」第2弾。2015年8月21日、乃木坂46結成から4年後の同じ日・同じ場所で結成。応募総数22,509名の中から選ばれたメンバーで2016年4月6日「サイレントマジョリティー」でデビュー!2017年7月19日1stアルバム「真っ白なものは汚したくなる」リリース予定","url":"https://t.co/Rpjth8X8lU","entities":{"url":{"urls":[{"url":"https://t.co/Rpjth8X8lU","expanded_url":"http://www.keyakizaka46.com/","display_url":"keyakizaka46.com","indices":[0,23]}]},"description":{"urls":[]}},"protected":false,"followers_count":415474,"friends_count":0,"listed_count":2121,"created_at":"Thu Aug 20 22:00:08 +0000 2015","favourites_count":0,"utc_offset":null,"time_zone":null,"geo_enabled":false,"verified":true,"statuses_count":901,"lang":"ja","contributors_enabled":false,"is_translator":false,"is_translation_enabled":false,"profile_background_color":"000000","profile_background_image_url":"http://abs.twimg.com/images/themes/theme1/bg.png","profile_background_image_url_https":"https://abs.twimg.com/images/themes/theme1/bg.png","profile_background_tile":false,"profile_image_url":"http://pbs.twimg.com/profile_images/875580356996415488/tN4jYZEL_normal.jpg","profile_image_url_https":"https://pbs.twimg.com/profile_images/875580356996415488/tN4jYZEL_normal.jpg","profile_banner_url":"https://pbs.twimg.com/profile_banners/3433403638/1450171390","profile_link_color":"5FB955","profile_sidebar_border_color":"000000","profile_sidebar_fill_color":"000000","profile_text_color":"000000","profile_use_background_image":false,"has_extended_profile":false,"default_profile":false,"default_profile_image":false,"following":false,"follow_request_sent":false,"notifications":false,"translator_type":"none"},"geo":null,"coordinates":null,"place":null,"contributors":null,"is_quote_status":false,"retweet_count":351,"favorite_count":1178,"favorited":false,"retweeted":false,"possibly_sensitive":false,"lang":"ja"}],"search_metadata":{"completed_in":0.05,"max_id":883314767691108400,"max_id_str":"883314767691108353","next_results":"?max_id=883313975173103615&q=lang%3Aja%20min_retweets%3A50&include_entities=1","query":"lang%3Aja+min_retweets%3A50","refresh_url":"?since_id=883314767691108353&q=lang%3Aja%20min_retweets%3A50&include_entities=1","count":15,"since_id":0,"since_id_str":"0"}}