{"statuses":[{"created_at":"Sun Jul 09 01:19:00 +0000 2017","id":883857990633218000,"id_str":"883857990633218049","text":"こんな赤ちゃんと第一回目からざっくばらんな話してます。この人、ヤバイです。 https://t.co/62MDjDseHH","truncated":false,"entities":{"hashtags":[],"symbols":[],"user_mentions":[],"urls":[{"url":"https://t.co/62MDjDseHH","expanded_url":"https://twitter.com/sarara_ya/status/883844018882224129","display_url":"twitter.com/sarara_ya/stat…","indices":[38,61]}]},"metadata":{"iso_language_code":"ja","result_type":"recent"},"source":"<a href=\"http://twitter.com/download/iphone\" rel=\"nofollow\">Twitter for iPhone</a>","in_reply_to_status_id":null,"in_reply_to_status_id_str":null,"in_reply_to_user_id":null,"in_reply_to_user_id_str":null,"in_reply_to_screen_name":null,"user":{"id":4065828913,"id_str":"4065828913","name":"高槻かなこ","screen_name":"Kanako_tktk","location":"","description":"あいむたかつきんぐ。 歌・声優 / 「ラブライブ！サンシャイン!!」Aqours 国木田花丸役 / TVアニメ「恋と嘘」加藤 役 / 文化放送超A&G＋「かなことさらら」毎週日曜18:30〜 / 木曜21時〜電撃PlayStationLive / https://t.co/TmmFwsnRQJ","url":"https://t.co/ceAHIrRPFS","entities":{"url":{"urls":[{"url":"https://t.co/ceAHIrRPFS","expanded_url":"http://artist.amuse.co.jp/artist/takatsuki_kanako/","display_url":"artist.amuse.co.jp/artist/takatsu…","indices":[0,23]}]},"description":{"urls":[{"url":"https://t.co/TmmFwsnRQJ","expanded_url":"http://Instagram.com/kanako.tktk","display_url":"Instagram.com/kanako.tktk","indices":[124,147]}]}},"protected":false,"followers_count":164869,"friends_count":96,"listed_count":5780,"created_at":"Fri Oct 30 06:25:44 +0000 2015","favourites_count":132,"utc_offset":null,"time_zone":null,"geo_enabled":false,"verified":false,"statuses_count":2294,"lang":"ja","contributors_enabled":false,"is_translator":false,"is_translation_enabled":false,"profile_background_color":"C0DEED","profile_background_image_url":"http://abs.twimg.com/images/themes/theme1/bg.png","profile_background_image_url_https":"https://abs.twimg.com/images/themes/theme1/bg.png","profile_background_tile":false,"profile_image_url":"http://pbs.twimg.com/profile_images/859002645524041728/5Lw7sD_q_normal.jpg","profile_image_url_https":"https://pbs.twimg.com/profile_images/859002645524041728/5Lw7sD_q_normal.jpg","profile_banner_url":"https://pbs.twimg.com/profile_banners/4065828913/1493911155","profile_link_color":"1DA1F2","profile_sidebar_border_color":"C0DEED","profile_sidebar_fill_color":"DDEEF6","profile_text_color":"333333","profile_use_background_image":true,"has_extended_profile":true,"default_profile":true,"default_profile_image":false,"following":false,"follow_request_sent":false,"notifications":false,"translator_type":"none"},"geo":null,"coordinates":null,"place":null,"contributors":null,"is_quote_status":true,"quoted_status_id":883844018882224100,"quoted_status_id_str":"883844018882224129","quoted_status":{"created_at":"Sun Jul 09 00:23:29 +0000 2017","id":883844018882224100,"id_str":"883844018882224129","text":"きょうは友達の結婚式だー！と、ご祝儀包んでいそいそと式場に向かっていて、参列する友人に「今日って挙式から出席だよね？」ってラインしたら、nヵ月後の今日が挙式だったことを教わる。まちがえたー！(赤ちゃんなので仕方ない)","truncated":false,"entities":{"hashtags":[],"symbols":[],"user_mentions":[],"urls":[]},"metadata":{"iso_language_code":"ja","result_type":"recent"},"source":"<a href=\"http://twitter.com/download/iphone\" rel=\"nofollow\">Twitter for iPhone</a>","in_reply_to_status_id":null,"in_reply_to_status_id_str":null,"in_reply_to_user_id":null,"in_reply_to_user_id_str":null,"in_reply_to_screen_name":null,"user":{"id":431544187,"id_str":"431544187","name":"八島さらら","screen_name":"sarara_ya","location":"サイド7","description":"(アミュレートの新人声優です) 「アイドル事変」星菜夏月🍙 「CARAVAN STORIES」ロロミュ「超游世界」チンニォウ「ナゾトキネ」山墨芳英「アノニマス・コード」澤衣梨心「クレーンゲール」小夜「トリックスター」エイル「セブンナイツ」ユイ「グリムノーツ」ラ・ベル「櫻子さんの足下には死体が埋まっている」チカ","url":"https://t.co/nCB2QRH97X","entities":{"url":{"urls":[{"url":"https://t.co/nCB2QRH97X","expanded_url":"http://amuleto.jp/talents/yashima.html","display_url":"amuleto.jp/talents/yashim…","indices":[0,23]}]},"description":{"urls":[]}},"protected":false,"followers_count":17237,"friends_count":270,"listed_count":804,"created_at":"Thu Dec 08 11:56:57 +0000 2011","favourites_count":7275,"utc_offset":-25200,"time_zone":"Pacific Time (US & Canada)","geo_enabled":false,"verified":false,"statuses_count":18826,"lang":"ja","contributors_enabled":false,"is_translator":false,"is_translation_enabled":false,"profile_background_color":"000000","profile_background_image_url":"http://abs.twimg.com/images/themes/theme1/bg.png","profile_background_image_url_https":"https://abs.twimg.com/images/themes/theme1/bg.png","profile_background_tile":false,"profile_image_url":"http://pbs.twimg.com/profile_images/876791765080002561/E1OWcroN_normal.jpg","profile_image_url_https":"https://pbs.twimg.com/profile_images/876791765080002561/E1OWcroN_normal.jpg","profile_banner_url":"https://pbs.twimg.com/profile_banners/431544187/1479188653","profile_link_color":"E81C4F","profile_sidebar_border_color":"000000","profile_sidebar_fill_color":"000000","profile_text_color":"000000","profile_use_background_image":false,"has_extended_profile":false,"default_profile":false,"default_profile_image":false,"following":false,"follow_request_sent":false,"notifications":false,"translator_type":"none"},"geo":null,"coordinates":null,"place":null,"contributors":null,"is_quote_status":false,"retweet_count":45,"favorite_count":144,"favorited":false,"retweeted":false,"lang":"ja"},"retweet_count":65,"favorite_count":239,"favorited":false,"retweeted":false,"possibly_sensitive":false,"lang":"ja"},{"created_at":"Sun Jul 09 01:17:41 +0000 2017","id":883857658263904300,"id_str":"883857658263904256","text":"38話ありがとうございました！\n飛彩が選択した運命。小姫の世界で一番のドクターになっての言葉がこの選択を導いたと思います。\n1人の人としてではなく、ドクターとしての判断をした飛彩に拍手、、！\n大我とも和解ができ松本くんとようやくだねと話してました☺️","truncated":false,"entities":{"hashtags":[],"symbols":[],"user_mentions":[],"urls":[]},"metadata":{"iso_language_code":"ja","result_type":"recent"},"source":"<a href=\"http://twitter.com/download/iphone\" rel=\"nofollow\">Twitter for iPhone</a>","in_reply_to_status_id":null,"in_reply_to_status_id_str":null,"in_reply_to_user_id":null,"in_reply_to_user_id_str":null,"in_reply_to_screen_name":null,"user":{"id":4298015179,"id_str":"4298015179","name":"瀬戸利樹","screen_name":"seto1007toshiki","location":"","description":"『仮面ライダーエグゼイド』鏡 飛彩/仮面ライダーブレイブ 役 毎週日曜8時 テレビ朝日系 にて放送中","url":"https://t.co/SyocNZn9y6","entities":{"url":{"urls":[{"url":"https://t.co/SyocNZn9y6","expanded_url":"http://www.ken-on.co.jp/seto/","display_url":"ken-on.co.jp/seto/","indices":[0,23]}]},"description":{"urls":[]}},"protected":false,"followers_count":51275,"friends_count":23,"listed_count":869,"created_at":"Fri Nov 20 06:13:01 +0000 2015","favourites_count":0,"utc_offset":null,"time_zone":null,"geo_enabled":false,"verified":true,"statuses_count":612,"lang":"ja","contributors_enabled":false,"is_translator":false,"is_translation_enabled":false,"profile_background_color":"C0DEED","profile_background_image_url":"http://abs.twimg.com/images/themes/theme1/bg.png","profile_background_image_url_https":"https://abs.twimg.com/images/themes/theme1/bg.png","profile_background_tile":false,"profile_image_url":"http://pbs.twimg.com/profile_images/667588530034466817/ESWlT4MW_normal.png","profile_image_url_https":"https://pbs.twimg.com/profile_images/667588530034466817/ESWlT4MW_normal.png","profile_banner_url":"https://pbs.twimg.com/profile_banners/4298015179/1475151163","profile_link_color":"1DA1F2","profile_sidebar_border_color":"C0DEED","profile_sidebar_fill_color":"DDEEF6","profile_text_color":"333333","profile_use_background_image":true,"has_extended_profile":false,"default_profile":true,"default_profile_image":false,"following":false,"follow_request_sent":false,"notifications":false,"translator_type":"none"},"geo":null,"coordinates":null,"place":null,"contributors":null,"is_quote_status":false,"retweet_count":316,"favorite_count":529,"favorited":false,"retweeted":false,"lang":"ja"},{"created_at":"Sun Jul 09 01:17:12 +0000 2017","id":883857537417728000,"id_str":"883857537417728000","text":"ばれました。 #アザラシ https://t.co/ZrcoBda7xq","truncated":false,"entities":{"hashtags":[{"text":"アザラシ","indices":[7,12]}],"symbols":[],"user_mentions":[],"urls":[],"media":[{"id":883857493532618800,"id_str":"883857493532618752","indices":[13,36],"media_url":"http://pbs.twimg.com/media/DEQXtR4UMAAYeSF.jpg","media_url_https":"https://pbs.twimg.com/media/DEQXtR4UMAAYeSF.jpg","url":"https://t.co/ZrcoBda7xq","display_url":"pic.twitter.com/ZrcoBda7xq","expanded_url":"https://twitter.com/Kyoto_Aquarium/status/883857537417728000/photo/1","type":"photo","sizes":{"small":{"w":680,"h":453,"resize":"fit"},"thumb":{"w":150,"h":150,"resize":"crop"},"medium":{"w":700,"h":466,"resize":"fit"},"large":{"w":700,"h":466,"resize":"fit"}}}]},"extended_entities":{"media":[{"id":883857493532618800,"id_str":"883857493532618752","indices":[13,36],"media_url":"http://pbs.twimg.com/media/DEQXtR4UMAAYeSF.jpg","media_url_https":"https://pbs.twimg.com/media/DEQXtR4UMAAYeSF.jpg","url":"https://t.co/ZrcoBda7xq","display_url":"pic.twitter.com/ZrcoBda7xq","expanded_url":"https://twitter.com/Kyoto_Aquarium/status/883857537417728000/photo/1","type":"photo","sizes":{"small":{"w":680,"h":453,"resize":"fit"},"thumb":{"w":150,"h":150,"resize":"crop"},"medium":{"w":700,"h":466,"resize":"fit"},"large":{"w":700,"h":466,"resize":"fit"}}}]},"metadata":{"iso_language_code":"ja","result_type":"recent"},"source":"<a href=\"http://twitter.com\" rel=\"nofollow\">Twitter Web Client</a>","in_reply_to_status_id":null,"in_reply_to_status_id_str":null,"in_reply_to_user_id":null,"in_reply_to_user_id_str":null,"in_reply_to_screen_name":null,"user":{"id":1230467258,"id_str":"1230467258","name":"京都水族館【公式】","screen_name":"Kyoto_Aquarium","location":"京都市下京区観喜寺町35-1（梅小路公園内）","description":"京都水族館公式Twitterアカウントです。 いきものの様子や、日々の出来事をつぶやいています。過去に投稿したいきもの・催しなどは、展示していない場合があります。","url":"https://t.co/vkaKC7BNgT","entities":{"url":{"urls":[{"url":"https://t.co/vkaKC7BNgT","expanded_url":"http://www.kyoto-aquarium.com/","display_url":"kyoto-aquarium.com","indices":[0,23]}]},"description":{"urls":[]}},"protected":false,"followers_count":260619,"friends_count":155,"listed_count":1327,"created_at":"Fri Mar 01 17:04:11 +0000 2013","favourites_count":350,"utc_offset":32400,"time_zone":"Osaka","geo_enabled":true,"verified":false,"statuses_count":3164,"lang":"ja","contributors_enabled":false,"is_translator":false,"is_translation_enabled":false,"profile_background_color":"C0DEED","profile_background_image_url":"http://pbs.twimg.com/profile_background_images/378800000123400431/e63a3d4e1a968492afd01b848b59cd4a.jpeg","profile_background_image_url_https":"https://pbs.twimg.com/profile_background_images/378800000123400431/e63a3d4e1a968492afd01b848b59cd4a.jpeg","profile_background_tile":false,"profile_image_url":"http://pbs.twimg.com/profile_images/646126094605615104/mEANPoOZ_normal.jpg","profile_image_url_https":"https://pbs.twimg.com/profile_images/646126094605615104/mEANPoOZ_normal.jpg","profile_banner_url":"https://pbs.twimg.com/profile_banners/1230467258/1499321611","profile_link_color":"0084B4","profile_sidebar_border_color":"FFFFFF","profile_sidebar_fill_color":"DDEEF6","profile_text_color":"333333","profile_use_background_image":true,"has_extended_profile":false,"default_profile":false,"default_profile_image":false,"following":false,"follow_request_sent":false,"notifications":false,"translator_type":"none"},"geo":null,"coordinates":null,"place":null,"contributors":null,"is_quote_status":false,"retweet_count":50,"favorite_count":81,"favorited":false,"retweeted":false,"possibly_sensitive":false,"lang":"ja"},{"created_at":"Sun Jul 09 01:17:09 +0000 2017","id":883857522964156400,"id_str":"883857522964156417","text":"あ。土地買うのとマンション建てなきゃダメじゃん 無理だ","truncated":false,"entities":{"hashtags":[],"symbols":[],"user_mentions":[],"urls":[]},"metadata":{"iso_language_code":"ja","result_type":"recent"},"source":"<a href=\"http://twitter.com/download/iphone\" rel=\"nofollow\">Twitter for iPhone</a>","in_reply_to_status_id":null,"in_reply_to_status_id_str":null,"in_reply_to_user_id":null,"in_reply_to_user_id_str":null,"in_reply_to_screen_name":null,"user":{"id":368078659,"id_str":"368078659","name":"あほのさかた@じょういしし☆しろやしゃ","screen_name":"sakatansab","location":"いつもここに居るよ","description":"対リスナー用反撃アカ&暴走連ポエムツイートアカ。フォロー返しは適当です。いつも応援してくれてありがとう。返信できてなくてごめんね。しっかり感じて、見てるからね！！！！！！！！！！！！！！","url":null,"entities":{"description":{"urls":[]}},"protected":false,"followers_count":131154,"friends_count":812,"listed_count":2521,"created_at":"Mon Sep 05 01:50:34 +0000 2011","favourites_count":1992,"utc_offset":28800,"time_zone":"Irkutsk","geo_enabled":false,"verified":false,"statuses_count":15155,"lang":"ja","contributors_enabled":false,"is_translator":false,"is_translation_enabled":true,"profile_background_color":"C0DEED","profile_background_image_url":"http://abs.twimg.com/images/themes/theme1/bg.png","profile_background_image_url_https":"https://abs.twimg.com/images/themes/theme1/bg.png","profile_background_tile":false,"profile_image_url":"http://pbs.twimg.com/profile_images/763708889451732992/gdyMC2u2_normal.jpg","profile_image_url_https":"https://pbs.twimg.com/profile_images/763708889451732992/gdyMC2u2_normal.jpg","profile_banner_url":"https://pbs.twimg.com/profile_banners/368078659/1495785022","profile_link_color":"1DA1F2","profile_sidebar_border_color":"C0DEED","profile_sidebar_fill_color":"DDEEF6","profile_text_color":"333333","profile_use_background_image":true,"has_extended_profile":false,"default_profile":true,"default_profile_image":false,"following":false,"follow_request_sent":false,"notifications":false,"translator_type":"none"},"geo":null,"coordinates":null,"place":null,"contributors":null,"is_quote_status":false,"retweet_count":67,"favorite_count":1008,"favorited":false,"retweeted":false,"lang":"ja"},{"created_at":"Sun Jul 09 01:15:01 +0000 2017","id":883856984377663500,"id_str":"883856984377663488","text":"見るのも見せるのもどっちも好き♡♡\nLINEくれたら写メ送るよ♥\n\n#裏垢女子\n#見せ合い募集なう\nhttps://t.co/KaxwjcVxcD","truncated":false,"entities":{"hashtags":[{"text":"裏垢女子","indices":[34,39]},{"text":"見せ合い募集なう","indices":[40,49]}],"symbols":[],"user_mentions":[],"urls":[],"media":[{"id":863353878326132700,"id_str":"863353878326132738","indices":[50,73],"media_url":"http://pbs.twimg.com/media/C_s_xzEVwAI3Vze.jpg","media_url_https":"https://pbs.twimg.com/media/C_s_xzEVwAI3Vze.jpg","url":"https://t.co/KaxwjcVxcD","display_url":"pic.twitter.com/KaxwjcVxcD","expanded_url":"https://twitter.com/dubamub/status/863353936417181697/photo/1","type":"photo","sizes":{"thumb":{"w":150,"h":150,"resize":"crop"},"large":{"w":580,"h":435,"resize":"fit"},"small":{"w":580,"h":435,"resize":"fit"},"medium":{"w":580,"h":435,"resize":"fit"}},"source_status_id":863353936417181700,"source_status_id_str":"863353936417181697","source_user_id":715112866525806600,"source_user_id_str":"715112866525806592"}]},"extended_entities":{"media":[{"id":863353878326132700,"id_str":"863353878326132738","indices":[50,73],"media_url":"http://pbs.twimg.com/media/C_s_xzEVwAI3Vze.jpg","media_url_https":"https://pbs.twimg.com/media/C_s_xzEVwAI3Vze.jpg","url":"https://t.co/KaxwjcVxcD","display_url":"pic.twitter.com/KaxwjcVxcD","expanded_url":"https://twitter.com/dubamub/status/863353936417181697/photo/1","type":"photo","sizes":{"thumb":{"w":150,"h":150,"resize":"crop"},"large":{"w":580,"h":435,"resize":"fit"},"small":{"w":580,"h":435,"resize":"fit"},"medium":{"w":580,"h":435,"resize":"fit"}},"source_status_id":863353936417181700,"source_status_id_str":"863353936417181697","source_user_id":715112866525806600,"source_user_id_str":"715112866525806592"},{"id":863353902162296800,"id_str":"863353902162296833","indices":[50,73],"media_url":"http://pbs.twimg.com/media/C_s_zL3UwAESefY.jpg","media_url_https":"https://pbs.twimg.com/media/C_s_zL3UwAESefY.jpg","url":"https://t.co/KaxwjcVxcD","display_url":"pic.twitter.com/KaxwjcVxcD","expanded_url":"https://twitter.com/dubamub/status/863353936417181697/photo/1","type":"photo","sizes":{"thumb":{"w":150,"h":150,"resize":"crop"},"large":{"w":580,"h":435,"resize":"fit"},"small":{"w":580,"h":435,"resize":"fit"},"medium":{"w":580,"h":435,"resize":"fit"}},"source_status_id":863353936417181700,"source_status_id_str":"863353936417181697","source_user_id":715112866525806600,"source_user_id_str":"715112866525806592"},{"id":863353911754629100,"id_str":"863353911754629120","indices":[50,73],"media_url":"http://pbs.twimg.com/media/C_s_zvmUIAASR8M.jpg","media_url_https":"https://pbs.twimg.com/media/C_s_zvmUIAASR8M.jpg","url":"https://t.co/KaxwjcVxcD","display_url":"pic.twitter.com/KaxwjcVxcD","expanded_url":"https://twitter.com/dubamub/status/863353936417181697/photo/1","type":"photo","sizes":{"small":{"w":360,"h":360,"resize":"fit"},"medium":{"w":360,"h":360,"resize":"fit"},"thumb":{"w":150,"h":150,"resize":"crop"},"large":{"w":360,"h":360,"resize":"fit"}},"source_status_id":863353936417181700,"source_status_id_str":"863353936417181697","source_user_id":715112866525806600,"source_user_id_str":"715112866525806592"}]},"metadata":{"iso_language_code":"ja","result_type":"recent"},"source":"<a href=\"https://twitter.com\" rel=\"nofollow\">ccc fggyyy</a>","in_reply_to_status_id":null,"in_reply_to_status_id_str":null,"in_reply_to_user_id":null,"in_reply_to_user_id_str":null,"in_reply_to_screen_name":null,"user":{"id":838286099621371900,"id_str":"838286099621371905","name":"みゆ✿見せあい募集垢","screen_name":"mm_i_yu","location":"","description":"いわゆる裏垢女子♡おぱーい晒して喜んでます笑♡ぇち動画欲しい人&見せあいしたい人LINEしてね〜💕ふぉろー貰えると喜びます ♥ ♥ ※DM基本見てません×","url":null,"entities":{"description":{"urls":[]}},"protected":false,"followers_count":524,"friends_count":246,"listed_count":0,"created_at":"Sun Mar 05 07:12:35 +0000 2017","favourites_count":0,"utc_offset":-25200,"time_zone":"Pacific Time (US & Canada)","geo_enabled":false,"verified":false,"statuses_count":8,"lang":"ja","contributors_enabled":false,"is_translator":false,"is_translation_enabled":false,"profile_background_color":"F5F8FA","profile_background_image_url":null,"profile_background_image_url_https":null,"profile_background_tile":false,"profile_image_url":"http://pbs.twimg.com/profile_images/870110818829873152/N8Ez-XUN_normal.jpg","profile_image_url_https":"https://pbs.twimg.com/profile_images/870110818829873152/N8Ez-XUN_normal.jpg","profile_banner_url":"https://pbs.twimg.com/profile_banners/838286099621371905/1496285569","profile_link_color":"1DA1F2","profile_sidebar_border_color":"C0DEED","profile_sidebar_fill_color":"DDEEF6","profile_text_color":"333333","profile_use_background_image":true,"has_extended_profile":false,"default_profile":true,"default_profile_image":false,"following":false,"follow_request_sent":false,"notifications":false,"translator_type":"none"},"geo":null,"coordinates":null,"place":null,"contributors":null,"is_quote_status":false,"retweet_count":53,"favorite_count":0,"favorited":false,"retweeted":false,"possibly_sensitive":false,"lang":"ja"},{"created_at":"Sun Jul 09 01:14:57 +0000 2017","id":883856968829485000,"id_str":"883856968829485056","text":"きょうは #かなことさらら 第一回配信の日〜👶🏻👶🏻","truncated":false,"entities":{"hashtags":[{"text":"かなことさらら","indices":[5,13]}],"symbols":[],"user_mentions":[],"urls":[]},"metadata":{"iso_language_code":"ja","result_type":"recent"},"source":"<a href=\"http://twitter.com/download/iphone\" rel=\"nofollow\">Twitter for iPhone</a>","in_reply_to_status_id":null,"in_reply_to_status_id_str":null,"in_reply_to_user_id":null,"in_reply_to_user_id_str":null,"in_reply_to_screen_name":null,"user":{"id":4065828913,"id_str":"4065828913","name":"高槻かなこ","screen_name":"Kanako_tktk","location":"","description":"あいむたかつきんぐ。 歌・声優 / 「ラブライブ！サンシャイン!!」Aqours 国木田花丸役 / TVアニメ「恋と嘘」加藤 役 / 文化放送超A&G＋「かなことさらら」毎週日曜18:30〜 / 木曜21時〜電撃PlayStationLive / https://t.co/TmmFwsnRQJ","url":"https://t.co/ceAHIrRPFS","entities":{"url":{"urls":[{"url":"https://t.co/ceAHIrRPFS","expanded_url":"http://artist.amuse.co.jp/artist/takatsuki_kanako/","display_url":"artist.amuse.co.jp/artist/takatsu…","indices":[0,23]}]},"description":{"urls":[{"url":"https://t.co/TmmFwsnRQJ","expanded_url":"http://Instagram.com/kanako.tktk","display_url":"Instagram.com/kanako.tktk","indices":[124,147]}]}},"protected":false,"followers_count":164869,"friends_count":96,"listed_count":5780,"created_at":"Fri Oct 30 06:25:44 +0000 2015","favourites_count":132,"utc_offset":null,"time_zone":null,"geo_enabled":false,"verified":false,"statuses_count":2294,"lang":"ja","contributors_enabled":false,"is_translator":false,"is_translation_enabled":false,"profile_background_color":"C0DEED","profile_background_image_url":"http://abs.twimg.com/images/themes/theme1/bg.png","profile_background_image_url_https":"https://abs.twimg.com/images/themes/theme1/bg.png","profile_background_tile":false,"profile_image_url":"http://pbs.twimg.com/profile_images/859002645524041728/5Lw7sD_q_normal.jpg","profile_image_url_https":"https://pbs.twimg.com/profile_images/859002645524041728/5Lw7sD_q_normal.jpg","profile_banner_url":"https://pbs.twimg.com/profile_banners/4065828913/1493911155","profile_link_color":"1DA1F2","profile_sidebar_border_color":"C0DEED","profile_sidebar_fill_color":"DDEEF6","profile_text_color":"333333","profile_use_background_image":true,"has_extended_profile":true,"default_profile":true,"default_profile_image":false,"following":false,"follow_request_sent":false,"notifications":false,"translator_type":"none"},"geo":null,"coordinates":null,"place":null,"contributors":null,"is_quote_status":false,"retweet_count":92,"favorite_count":396,"favorited":false,"retweeted":false,"lang":"ja"},{"created_at":"Sun Jul 09 01:14:49 +0000 2017","id":883856935526604800,"id_str":"883856935526604800","text":"ん？ https://t.co/mx1oWg3mEk","truncated":false,"entities":{"hashtags":[],"symbols":[],"user_mentions":[],"urls":[],"media":[{"id":883856924071960600,"id_str":"883856924071960577","indices":[3,26],"media_url":"http://pbs.twimg.com/media/DEQXMIeUIAE2X5p.jpg","media_url_https":"https://pbs.twimg.com/media/DEQXMIeUIAE2X5p.jpg","url":"https://t.co/mx1oWg3mEk","display_url":"pic.twitter.com/mx1oWg3mEk","expanded_url":"https://twitter.com/eight_ten_810/status/883856935526604800/photo/1","type":"photo","sizes":{"large":{"w":1408,"h":2048,"resize":"fit"},"thumb":{"w":150,"h":150,"resize":"crop"},"medium":{"w":825,"h":1200,"resize":"fit"},"small":{"w":468,"h":680,"resize":"fit"}}}]},"extended_entities":{"media":[{"id":883856924071960600,"id_str":"883856924071960577","indices":[3,26],"media_url":"http://pbs.twimg.com/media/DEQXMIeUIAE2X5p.jpg","media_url_https":"https://pbs.twimg.com/media/DEQXMIeUIAE2X5p.jpg","url":"https://t.co/mx1oWg3mEk","display_url":"pic.twitter.com/mx1oWg3mEk","expanded_url":"https://twitter.com/eight_ten_810/status/883856935526604800/photo/1","type":"photo","sizes":{"large":{"w":1408,"h":2048,"resize":"fit"},"thumb":{"w":150,"h":150,"resize":"crop"},"medium":{"w":825,"h":1200,"resize":"fit"},"small":{"w":468,"h":680,"resize":"fit"}}},{"id":883856924072005600,"id_str":"883856924072005633","indices":[3,26],"media_url":"http://pbs.twimg.com/media/DEQXMIeU0AExObs.jpg","media_url_https":"https://pbs.twimg.com/media/DEQXMIeU0AExObs.jpg","url":"https://t.co/mx1oWg3mEk","display_url":"pic.twitter.com/mx1oWg3mEk","expanded_url":"https://twitter.com/eight_ten_810/status/883856935526604800/photo/1","type":"photo","sizes":{"medium":{"w":668,"h":1200,"resize":"fit"},"large":{"w":820,"h":1472,"resize":"fit"},"thumb":{"w":150,"h":150,"resize":"crop"},"small":{"w":379,"h":680,"resize":"fit"}}},{"id":883856924067807200,"id_str":"883856924067807232","indices":[3,26],"media_url":"http://pbs.twimg.com/media/DEQXMIdUwAAf2C9.jpg","media_url_https":"https://pbs.twimg.com/media/DEQXMIdUwAAf2C9.jpg","url":"https://t.co/mx1oWg3mEk","display_url":"pic.twitter.com/mx1oWg3mEk","expanded_url":"https://twitter.com/eight_ten_810/status/883856935526604800/photo/1","type":"photo","sizes":{"thumb":{"w":150,"h":150,"resize":"crop"},"medium":{"w":640,"h":483,"resize":"fit"},"small":{"w":640,"h":483,"resize":"fit"},"large":{"w":640,"h":483,"resize":"fit"}}}]},"metadata":{"iso_language_code":"ja","result_type":"recent"},"source":"<a href=\"http://twitter.com/#!/download/ipad\" rel=\"nofollow\">Twitter for iPad</a>","in_reply_to_status_id":null,"in_reply_to_status_id_str":null,"in_reply_to_user_id":null,"in_reply_to_user_id_str":null,"in_reply_to_screen_name":null,"user":{"id":745663507664769000,"id_str":"745663507664769026","name":"野獣先輩","screen_name":"eight_ten_810","location":"東京都世田谷区北沢３丁目２３−１４","description":"24歳、学生です。好きな飲み物はアイスティーです(迫真)ホモの兄貴達はフォローしてくれよな〜頼むよ〜 (自動ツイートじゃ)ないです。","url":null,"entities":{"description":{"urls":[]}},"protected":false,"followers_count":6695,"friends_count":6607,"listed_count":51,"created_at":"Wed Jun 22 17:03:28 +0000 2016","favourites_count":7246,"utc_offset":-25200,"time_zone":"Pacific Time (US & Canada)","geo_enabled":false,"verified":false,"statuses_count":3648,"lang":"ja","contributors_enabled":false,"is_translator":false,"is_translation_enabled":false,"profile_background_color":"F5F8FA","profile_background_image_url":null,"profile_background_image_url_https":null,"profile_background_tile":false,"profile_image_url":"http://pbs.twimg.com/profile_images/876606154801008640/6vTQESpw_normal.jpg","profile_image_url_https":"https://pbs.twimg.com/profile_images/876606154801008640/6vTQESpw_normal.jpg","profile_banner_url":"https://pbs.twimg.com/profile_banners/745663507664769026/1466615129","profile_link_color":"1DA1F2","profile_sidebar_border_color":"C0DEED","profile_sidebar_fill_color":"DDEEF6","profile_text_color":"333333","profile_use_background_image":true,"has_extended_profile":true,"default_profile":true,"default_profile_image":false,"following":false,"follow_request_sent":false,"notifications":false,"translator_type":"none"},"geo":null,"coordinates":null,"place":null,"contributors":null,"is_quote_status":false,"retweet_count":47,"favorite_count":75,"favorited":false,"retweeted":false,"possibly_sensitive":true,"lang":"ja"},{"created_at":"Sun Jul 09 01:14:28 +0000 2017","id":883856847999914000,"id_str":"883856847999913984","text":"昨晩の『SHELOCK 4』を観て、シャーロック・ホームズ熱が収まらないみなさんに、こちらをご紹介します。サー・アーサー・コナンドイルの『シャーロック・ホームズ』を、翻訳著作権に配慮して全部再邦訳したという大変気合の入ったサイトで… https://t.co/JCPNUaOKLn","truncated":true,"entities":{"hashtags":[],"symbols":[],"user_mentions":[],"urls":[{"url":"https://t.co/JCPNUaOKLn","expanded_url":"https://twitter.com/i/web/status/883856847999913984","display_url":"twitter.com/i/web/status/8…","indices":[117,140]}]},"metadata":{"iso_language_code":"ja","result_type":"recent"},"source":"<a href=\"http://twitter.com/#!/download/ipad\" rel=\"nofollow\">Twitter for iPad</a>","in_reply_to_status_id":null,"in_reply_to_status_id_str":null,"in_reply_to_user_id":null,"in_reply_to_user_id_str":null,"in_reply_to_screen_name":null,"user":{"id":300688514,"id_str":"300688514","name":"たられば","screen_name":"tarareba722","location":"東京","description":"編集者／Webの編集者になりました／単行本も作ります／だいたいニコニコしています／Fav→／宮崎哲弥／永井均／大屋雄裕／呉智英／鴻上尚史／高島俊男／東浩紀／士郎正宗／西原理恵子／伊坂幸太郎／みなもと太郎／瀧波ユカリ／中村珍／リアル脱出ゲーム／まどマギ／嵐／おかざき真里／ゆうきまさみ／羽海野チカ／末次由紀／小山宙哉","url":null,"entities":{"description":{"urls":[]}},"protected":false,"followers_count":95746,"friends_count":691,"listed_count":3070,"created_at":"Wed May 18 05:53:52 +0000 2011","favourites_count":65051,"utc_offset":32400,"time_zone":"Tokyo","geo_enabled":false,"verified":false,"statuses_count":51663,"lang":"ja","contributors_enabled":false,"is_translator":false,"is_translation_enabled":false,"profile_background_color":"C0DEED","profile_background_image_url":"http://abs.twimg.com/images/themes/theme1/bg.png","profile_background_image_url_https":"https://abs.twimg.com/images/themes/theme1/bg.png","profile_background_tile":false,"profile_image_url":"http://pbs.twimg.com/profile_images/583102148214296578/x-sAJjw__normal.jpg","profile_image_url_https":"https://pbs.twimg.com/profile_images/583102148214296578/x-sAJjw__normal.jpg","profile_banner_url":"https://pbs.twimg.com/profile_banners/300688514/1420012579","profile_link_color":"1DA1F2","profile_sidebar_border_color":"C0DEED","profile_sidebar_fill_color":"DDEEF6","profile_text_color":"333333","profile_use_background_image":true,"has_extended_profile":false,"default_profile":true,"default_profile_image":false,"following":false,"follow_request_sent":false,"notifications":false,"translator_type":"none"},"geo":null,"coordinates":null,"place":null,"contributors":null,"is_quote_status":true,"quoted_status_id":470100235151081500,"quoted_status_id_str":"470100235151081472","quoted_status":{"created_at":"Sat May 24 07:13:24 +0000 2014","id":470100235151081500,"id_str":"470100235151081472","text":"すげー！　『シャーロック・ホームズ』の全作品（長編４、短編56）を無料で公開しているサイトがあるのですね。著作権を侵害しないよう全作品を改めて訳し直しているところが特にすばらしい。先日から読み漁っています。 http://t.co/ublG4UjpAz","truncated":false,"entities":{"hashtags":[],"symbols":[],"user_mentions":[],"urls":[{"url":"http://t.co/ublG4UjpAz","expanded_url":"http://www.221b.jp/","display_url":"221b.jp","indices":[104,126]}]},"metadata":{"iso_language_code":"ja","result_type":"recent"},"source":"<a href=\"http://twipple.jp/\" rel=\"nofollow\">ついっぷる　</a>","in_reply_to_status_id":null,"in_reply_to_status_id_str":null,"in_reply_to_user_id":null,"in_reply_to_user_id_str":null,"in_reply_to_screen_name":null,"user":{"id":300688514,"id_str":"300688514","name":"たられば","screen_name":"tarareba722","location":"東京","description":"編集者／Webの編集者になりました／単行本も作ります／だいたいニコニコしています／Fav→／宮崎哲弥／永井均／大屋雄裕／呉智英／鴻上尚史／高島俊男／東浩紀／士郎正宗／西原理恵子／伊坂幸太郎／みなもと太郎／瀧波ユカリ／中村珍／リアル脱出ゲーム／まどマギ／嵐／おかざき真里／ゆうきまさみ／羽海野チカ／末次由紀／小山宙哉","url":null,"entities":{"description":{"urls":[]}},"protected":false,"followers_count":95746,"friends_count":691,"listed_count":3070,"created_at":"Wed May 18 05:53:52 +0000 2011","favourites_count":65051,"utc_offset":32400,"time_zone":"Tokyo","geo_enabled":false,"verified":false,"statuses_count":51663,"lang":"ja","contributors_enabled":false,"is_translator":false,"is_translation_enabled":false,"profile_background_color":"C0DEED","profile_background_image_url":"http://abs.twimg.com/images/themes/theme1/bg.png","profile_background_image_url_https":"https://abs.twimg.com/images/themes/theme1/bg.png","profile_background_tile":false,"profile_image_url":"http://pbs.twimg.com/profile_images/583102148214296578/x-sAJjw__normal.jpg","profile_image_url_https":"https://pbs.twimg.com/profile_images/583102148214296578/x-sAJjw__normal.jpg","profile_banner_url":"https://pbs.twimg.com/profile_banners/300688514/1420012579","profile_link_color":"1DA1F2","profile_sidebar_border_color":"C0DEED","profile_sidebar_fill_color":"DDEEF6","profile_text_color":"333333","profile_use_background_image":true,"has_extended_profile":false,"default_profile":true,"default_profile_image":false,"following":false,"follow_request_sent":false,"notifications":false,"translator_type":"none"},"geo":null,"coordinates":null,"place":null,"contributors":null,"is_quote_status":false,"retweet_count":1400,"favorite_count":2911,"favorited":false,"retweeted":false,"possibly_sensitive":false,"lang":"ja"},"retweet_count":69,"favorite_count":75,"favorited":false,"retweeted":false,"possibly_sensitive":false,"lang":"ja"},{"created_at":"Sun Jul 09 01:13:23 +0000 2017","id":883856573457514500,"id_str":"883856573457514496","text":"昨日、二丁目の友達が経営してるバーに遊びに行ったらお店がめちゃめちゃ混んでて回転しきれないってなって、急遽カウンターに入って提供するドリンクの氷をコップにいれる作業を手伝った。アルバイトみたいな感じで凄く楽しかった☺️一生懸命した","truncated":false,"entities":{"hashtags":[],"symbols":[],"user_mentions":[],"urls":[]},"metadata":{"iso_language_code":"ja","result_type":"recent"},"source":"<a href=\"http://twitter.com/download/iphone\" rel=\"nofollow\">Twitter for iPhone</a>","in_reply_to_status_id":null,"in_reply_to_status_id_str":null,"in_reply_to_user_id":null,"in_reply_to_user_id_str":null,"in_reply_to_screen_name":null,"user":{"id":220332457,"id_str":"220332457","name":"きゃりーぱみゅぱみゅ","screen_name":"pamyurin","location":"ASOBISYSTEM","description":"きゃりーなんとかです。","url":null,"entities":{"description":{"urls":[]}},"protected":false,"followers_count":4919072,"friends_count":287,"listed_count":16516,"created_at":"Sat Nov 27 13:30:22 +0000 2010","favourites_count":14,"utc_offset":-36000,"time_zone":"Hawaii","geo_enabled":false,"verified":true,"statuses_count":14382,"lang":"ja","contributors_enabled":false,"is_translator":false,"is_translation_enabled":true,"profile_background_color":"C0DEED","profile_background_image_url":"http://abs.twimg.com/images/themes/theme1/bg.png","profile_background_image_url_https":"https://abs.twimg.com/images/themes/theme1/bg.png","profile_background_tile":false,"profile_image_url":"http://pbs.twimg.com/profile_images/851946420554711040/z51oPSy8_normal.jpg","profile_image_url_https":"https://pbs.twimg.com/profile_images/851946420554711040/z51oPSy8_normal.jpg","profile_banner_url":"https://pbs.twimg.com/profile_banners/220332457/1462937798","profile_link_color":"1DA1F2","profile_sidebar_border_color":"C0DEED","profile_sidebar_fill_color":"DDEEF6","profile_text_color":"333333","profile_use_background_image":true,"has_extended_profile":false,"default_profile":true,"default_profile_image":false,"following":false,"follow_request_sent":false,"notifications":false,"translator_type":"none"},"geo":null,"coordinates":null,"place":null,"contributors":null,"is_quote_status":false,"retweet_count":204,"favorite_count":1600,"favorited":false,"retweeted":false,"lang":"ja"},{"created_at":"Sun Jul 09 01:12:34 +0000 2017","id":883856370524495900,"id_str":"883856370524495873","text":"俺も管理人さんなりたい。マンションに管理人さんって家賃貰えまくりなんじゃ(単純","truncated":false,"entities":{"hashtags":[],"symbols":[],"user_mentions":[],"urls":[]},"metadata":{"iso_language_code":"ja","result_type":"recent"},"source":"<a href=\"http://twitter.com/download/iphone\" rel=\"nofollow\">Twitter for iPhone</a>","in_reply_to_status_id":null,"in_reply_to_status_id_str":null,"in_reply_to_user_id":null,"in_reply_to_user_id_str":null,"in_reply_to_screen_name":null,"user":{"id":368078659,"id_str":"368078659","name":"あほのさかた@じょういしし☆しろやしゃ","screen_name":"sakatansab","location":"いつもここに居るよ","description":"対リスナー用反撃アカ&暴走連ポエムツイートアカ。フォロー返しは適当です。いつも応援してくれてありがとう。返信できてなくてごめんね。しっかり感じて、見てるからね！！！！！！！！！！！！！！","url":null,"entities":{"description":{"urls":[]}},"protected":false,"followers_count":131154,"friends_count":812,"listed_count":2521,"created_at":"Mon Sep 05 01:50:34 +0000 2011","favourites_count":1992,"utc_offset":28800,"time_zone":"Irkutsk","geo_enabled":false,"verified":false,"statuses_count":15155,"lang":"ja","contributors_enabled":false,"is_translator":false,"is_translation_enabled":true,"profile_background_color":"C0DEED","profile_background_image_url":"http://abs.twimg.com/images/themes/theme1/bg.png","profile_background_image_url_https":"https://abs.twimg.com/images/themes/theme1/bg.png","profile_background_tile":false,"profile_image_url":"http://pbs.twimg.com/profile_images/763708889451732992/gdyMC2u2_normal.jpg","profile_image_url_https":"https://pbs.twimg.com/profile_images/763708889451732992/gdyMC2u2_normal.jpg","profile_banner_url":"https://pbs.twimg.com/profile_banners/368078659/1495785022","profile_link_color":"1DA1F2","profile_sidebar_border_color":"C0DEED","profile_sidebar_fill_color":"DDEEF6","profile_text_color":"333333","profile_use_background_image":true,"has_extended_profile":false,"default_profile":true,"default_profile_image":false,"following":false,"follow_request_sent":false,"notifications":false,"translator_type":"none"},"geo":null,"coordinates":null,"place":null,"contributors":null,"is_quote_status":false,"retweet_count":90,"favorite_count":1446,"favorited":false,"retweeted":false,"lang":"ja"},{"created_at":"Sun Jul 09 01:11:40 +0000 2017","id":883856145022046200,"id_str":"883856145022046208","text":"【本日！】\n『YUKEMURI FESTA Vol.4＠羽田空港』です！暑いので気を付けて来て下さいね...！こまめに水分補給！(&gt;_&lt;)\n\n会場の近くにずんだシェイクが売っていました！ふわああぁ美味しいぃ！！！(º﹃º )… https://t.co/ZhGs3Y9iEt","truncated":true,"entities":{"hashtags":[],"symbols":[],"user_mentions":[],"urls":[{"url":"https://t.co/ZhGs3Y9iEt","expanded_url":"https://twitter.com/i/web/status/883856145022046208","display_url":"twitter.com/i/web/status/8…","indices":[120,143]}]},"metadata":{"iso_language_code":"ja","result_type":"recent"},"source":"<a href=\"http://twitter.com/download/iphone\" rel=\"nofollow\">Twitter for iPhone</a>","in_reply_to_status_id":null,"in_reply_to_status_id_str":null,"in_reply_to_user_id":null,"in_reply_to_user_id_str":null,"in_reply_to_screen_name":null,"user":{"id":548967323,"id_str":"548967323","name":"桑原由気（くわはらゆうき）","screen_name":"yuuki_0624","location":"▷▷マウスプロモーション","description":"声優。ギャグが好きです。￤小林さんちのメイドラゴン トール￤灼熱の卓球娘 出雲ほくと￤なりあ☆がーるず いなほ￤庶民サンプル 白亜￤ハコネちゃん ミヤ￤ひめゴト 有川ひめ￤機動戦士ガンダム鉄血のオルフェンズ クッキー￤ディバゲ ガウェイン￤セントールの悩み 獄楽希￤NARUTO コミチ、ひまわり￤ナナシス 晴海シンジュ","url":"https://t.co/e1RoIdV0rq","entities":{"url":{"urls":[{"url":"https://t.co/e1RoIdV0rq","expanded_url":"http://ameblo.jp/ufufu0624/","display_url":"ameblo.jp/ufufu0624/","indices":[0,23]}]},"description":{"urls":[]}},"protected":false,"followers_count":48707,"friends_count":434,"listed_count":1623,"created_at":"Mon Apr 09 05:33:09 +0000 2012","favourites_count":36481,"utc_offset":null,"time_zone":null,"geo_enabled":false,"verified":false,"statuses_count":12886,"lang":"ja","contributors_enabled":false,"is_translator":false,"is_translation_enabled":false,"profile_background_color":"C0DEED","profile_background_image_url":"http://pbs.twimg.com/profile_background_images/508416105/88.gif","profile_background_image_url_https":"https://pbs.twimg.com/profile_background_images/508416105/88.gif","profile_background_tile":true,"profile_image_url":"http://pbs.twimg.com/profile_images/820943429584588801/3rVpEUbG_normal.jpg","profile_image_url_https":"https://pbs.twimg.com/profile_images/820943429584588801/3rVpEUbG_normal.jpg","profile_banner_url":"https://pbs.twimg.com/profile_banners/548967323/1484228373","profile_link_color":"E69C9C","profile_sidebar_border_color":"C0DEED","profile_sidebar_fill_color":"DDEEF6","profile_text_color":"333333","profile_use_background_image":true,"has_extended_profile":true,"default_profile":false,"default_profile_image":false,"following":false,"follow_request_sent":false,"notifications":false,"translator_type":"none"},"geo":null,"coordinates":null,"place":null,"contributors":null,"is_quote_status":false,"retweet_count":84,"favorite_count":131,"favorited":false,"retweeted":false,"possibly_sensitive":false,"lang":"ja"},{"created_at":"Sun Jul 09 01:10:50 +0000 2017","id":883855935361359900,"id_str":"883855935361359873","text":"ばかやろー東京のやちんなめんなよ なんでこんな高いのココ そんな価値ないよ！！でも住むしかないみたいな感じやぞ","truncated":false,"entities":{"hashtags":[],"symbols":[],"user_mentions":[],"urls":[]},"metadata":{"iso_language_code":"ja","result_type":"recent"},"source":"<a href=\"http://twitter.com/download/iphone\" rel=\"nofollow\">Twitter for iPhone</a>","in_reply_to_status_id":null,"in_reply_to_status_id_str":null,"in_reply_to_user_id":null,"in_reply_to_user_id_str":null,"in_reply_to_screen_name":null,"user":{"id":368078659,"id_str":"368078659","name":"あほのさかた@じょういしし☆しろやしゃ","screen_name":"sakatansab","location":"いつもここに居るよ","description":"対リスナー用反撃アカ&暴走連ポエムツイートアカ。フォロー返しは適当です。いつも応援してくれてありがとう。返信できてなくてごめんね。しっかり感じて、見てるからね！！！！！！！！！！！！！！","url":null,"entities":{"description":{"urls":[]}},"protected":false,"followers_count":131154,"friends_count":812,"listed_count":2521,"created_at":"Mon Sep 05 01:50:34 +0000 2011","favourites_count":1992,"utc_offset":28800,"time_zone":"Irkutsk","geo_enabled":false,"verified":false,"statuses_count":15155,"lang":"ja","contributors_enabled":false,"is_translator":false,"is_translation_enabled":true,"profile_background_color":"C0DEED","profile_background_image_url":"http://abs.twimg.com/images/themes/theme1/bg.png","profile_background_image_url_https":"https://abs.twimg.com/images/themes/theme1/bg.png","profile_background_tile":false,"profile_image_url":"http://pbs.twimg.com/profile_images/763708889451732992/gdyMC2u2_normal.jpg","profile_image_url_https":"https://pbs.twimg.com/profile_images/763708889451732992/gdyMC2u2_normal.jpg","profile_banner_url":"https://pbs.twimg.com/profile_banners/368078659/1495785022","profile_link_color":"1DA1F2","profile_sidebar_border_color":"C0DEED","profile_sidebar_fill_color":"DDEEF6","profile_text_color":"333333","profile_use_background_image":true,"has_extended_profile":false,"default_profile":true,"default_profile_image":false,"following":false,"follow_request_sent":false,"notifications":false,"translator_type":"none"},"geo":null,"coordinates":null,"place":null,"contributors":null,"is_quote_status":false,"retweet_count":98,"favorite_count":1537,"favorited":false,"retweeted":false,"lang":"ja"},{"created_at":"Sun Jul 09 01:09:01 +0000 2017","id":883855474722058200,"id_str":"883855474722058241","text":"【猛暑日】東京都心では35℃の予想 熱中症対策をしっかりと\nhttps://t.co/xXPUO39f8g\n\n9日は、東日本と北日本を中心に高気圧に覆われて晴れて、気温が高くなりそうです。西日本も30℃前後と蒸し暑さは続きます。 https://t.co/1ps5kkHzrm","truncated":false,"entities":{"hashtags":[],"symbols":[],"user_mentions":[],"urls":[{"url":"https://t.co/xXPUO39f8g","expanded_url":"http://news.livedoor.com/article/detail/13311585/","display_url":"news.livedoor.com/article/detail…","indices":[30,53]}],"media":[{"id":883850677465751600,"id_str":"883850677465751552","indices":[115,138],"media_url":"http://pbs.twimg.com/media/DEQRgiDVoAANHZ0.png","media_url_https":"https://pbs.twimg.com/media/DEQRgiDVoAANHZ0.png","url":"https://t.co/1ps5kkHzrm","display_url":"pic.twitter.com/1ps5kkHzrm","expanded_url":"https://twitter.com/livedoornews/status/883855474722058241/photo/1","type":"photo","sizes":{"small":{"w":620,"h":348,"resize":"fit"},"large":{"w":620,"h":348,"resize":"fit"},"thumb":{"w":150,"h":150,"resize":"crop"},"medium":{"w":620,"h":348,"resize":"fit"}}}]},"extended_entities":{"media":[{"id":883850677465751600,"id_str":"883850677465751552","indices":[115,138],"media_url":"http://pbs.twimg.com/media/DEQRgiDVoAANHZ0.png","media_url_https":"https://pbs.twimg.com/media/DEQRgiDVoAANHZ0.png","url":"https://t.co/1ps5kkHzrm","display_url":"pic.twitter.com/1ps5kkHzrm","expanded_url":"https://twitter.com/livedoornews/status/883855474722058241/photo/1","type":"photo","sizes":{"small":{"w":620,"h":348,"resize":"fit"},"large":{"w":620,"h":348,"resize":"fit"},"thumb":{"w":150,"h":150,"resize":"crop"},"medium":{"w":620,"h":348,"resize":"fit"}}}]},"metadata":{"iso_language_code":"ja","result_type":"recent"},"source":"<a href=\"https://about.twitter.com/products/tweetdeck\" rel=\"nofollow\">TweetDeck</a>","in_reply_to_status_id":null,"in_reply_to_status_id_str":null,"in_reply_to_user_id":null,"in_reply_to_user_id_str":null,"in_reply_to_screen_name":null,"user":{"id":17306975,"id_str":"17306975","name":"ライブドアニュース","screen_name":"livedoornews","location":"","description":"LINE →https://t.co/yhJO0o7Jns／FB → https://t.co/LHTCuyIEjr／インスタ／→https://t.co/SpmVgPtfCG","url":"http://t.co/Q4Bh3OCfgY","entities":{"url":{"urls":[{"url":"http://t.co/Q4Bh3OCfgY","expanded_url":"http://news.livedoor.com/","display_url":"news.livedoor.com","indices":[0,22]}]},"description":{"urls":[{"url":"https://t.co/yhJO0o7Jns","expanded_url":"http://goo.gl/upBgKP","display_url":"goo.gl/upBgKP","indices":[6,29]},{"url":"https://t.co/LHTCuyIEjr","expanded_url":"http://goo.gl/nDULhn","display_url":"goo.gl/nDULhn","indices":[35,58]},{"url":"https://t.co/SpmVgPtfCG","expanded_url":"http://goo.gl/cHGD9G","display_url":"goo.gl/cHGD9G","indices":[65,88]}]}},"protected":false,"followers_count":426936,"friends_count":86,"listed_count":6127,"created_at":"Tue Nov 11 09:56:31 +0000 2008","favourites_count":2607,"utc_offset":32400,"time_zone":"Tokyo","geo_enabled":false,"verified":true,"statuses_count":176314,"lang":"ja","contributors_enabled":false,"is_translator":false,"is_translation_enabled":false,"profile_background_color":"FFFFFF","profile_background_image_url":"http://pbs.twimg.com/profile_background_images/378800000085828060/4b07c1d868c917fb65a3d64a20904cd5.jpeg","profile_background_image_url_https":"https://pbs.twimg.com/profile_background_images/378800000085828060/4b07c1d868c917fb65a3d64a20904cd5.jpeg","profile_background_tile":false,"profile_image_url":"http://pbs.twimg.com/profile_images/875662964988166149/whdJTD2I_normal.jpg","profile_image_url_https":"https://pbs.twimg.com/profile_images/875662964988166149/whdJTD2I_normal.jpg","profile_link_color":"51ADD4","profile_sidebar_border_color":"FFFFFF","profile_sidebar_fill_color":"95E8EC","profile_text_color":"3C3940","profile_use_background_image":true,"has_extended_profile":false,"default_profile":false,"default_profile_image":false,"following":false,"follow_request_sent":false,"notifications":false,"translator_type":"none"},"geo":null,"coordinates":null,"place":null,"contributors":null,"is_quote_status":false,"retweet_count":493,"favorite_count":129,"favorited":false,"retweeted":false,"possibly_sensitive":false,"lang":"ja"},{"created_at":"Sun Jul 09 01:08:57 +0000 2017","id":883855457835565000,"id_str":"883855457835565065","text":"なんで後出しの転載の方が20倍も再生されてるの…おかしいよ… https://t.co/GszvxeZzwN","truncated":false,"entities":{"hashtags":[],"symbols":[],"user_mentions":[],"urls":[],"media":[{"id":883855453314142200,"id_str":"883855453314142208","indices":[31,54],"media_url":"http://pbs.twimg.com/media/DEQV2heU0AAA5IF.jpg","media_url_https":"https://pbs.twimg.com/media/DEQV2heU0AAA5IF.jpg","url":"https://t.co/GszvxeZzwN","display_url":"pic.twitter.com/GszvxeZzwN","expanded_url":"https://twitter.com/nitikapo/status/883855457835565065/photo/1","type":"photo","sizes":{"medium":{"w":749,"h":526,"resize":"fit"},"small":{"w":680,"h":478,"resize":"fit"},"thumb":{"w":150,"h":150,"resize":"crop"},"large":{"w":749,"h":526,"resize":"fit"}}}]},"extended_entities":{"media":[{"id":883855453314142200,"id_str":"883855453314142208","indices":[31,54],"media_url":"http://pbs.twimg.com/media/DEQV2heU0AAA5IF.jpg","media_url_https":"https://pbs.twimg.com/media/DEQV2heU0AAA5IF.jpg","url":"https://t.co/GszvxeZzwN","display_url":"pic.twitter.com/GszvxeZzwN","expanded_url":"https://twitter.com/nitikapo/status/883855457835565065/photo/1","type":"photo","sizes":{"medium":{"w":749,"h":526,"resize":"fit"},"small":{"w":680,"h":478,"resize":"fit"},"thumb":{"w":150,"h":150,"resize":"crop"},"large":{"w":749,"h":526,"resize":"fit"}}},{"id":883855453305708500,"id_str":"883855453305708544","indices":[31,54],"media_url":"http://pbs.twimg.com/media/DEQV2hcUIAAw413.jpg","media_url_https":"https://pbs.twimg.com/media/DEQV2hcUIAAw413.jpg","url":"https://t.co/GszvxeZzwN","display_url":"pic.twitter.com/GszvxeZzwN","expanded_url":"https://twitter.com/nitikapo/status/883855457835565065/photo/1","type":"photo","sizes":{"small":{"w":666,"h":170,"resize":"fit"},"large":{"w":666,"h":170,"resize":"fit"},"thumb":{"w":150,"h":150,"resize":"crop"},"medium":{"w":666,"h":170,"resize":"fit"}}}]},"metadata":{"iso_language_code":"ja","result_type":"recent"},"source":"<a href=\"http://twitter.com/download/iphone\" rel=\"nofollow\">Twitter for iPhone</a>","in_reply_to_status_id":null,"in_reply_to_status_id_str":null,"in_reply_to_user_id":null,"in_reply_to_user_id_str":null,"in_reply_to_screen_name":null,"user":{"id":115055017,"id_str":"115055017","name":"ふにちか@金曜日“Ｍ”－36a","screen_name":"nitikapo","location":"","description":"漫画描いてます。なにかご連絡などがあれば gemeren@yahoo.co.jp またはＤＭ、pixivのダイレクトメッセージでお願いします pixiv→https://t.co/ajJhTXc0aC","url":"https://t.co/zwefSDBQTy","entities":{"url":{"urls":[{"url":"https://t.co/zwefSDBQTy","expanded_url":"http://funnyrocket.web.fc2.com/","display_url":"funnyrocket.web.fc2.com","indices":[0,23]}]},"description":{"urls":[{"url":"https://t.co/ajJhTXc0aC","expanded_url":"https://pixiv.me/tegakihuni","display_url":"pixiv.me/tegakihuni","indices":[77,100]}]}},"protected":false,"followers_count":24648,"friends_count":232,"listed_count":675,"created_at":"Wed Feb 17 13:28:48 +0000 2010","favourites_count":44,"utc_offset":32400,"time_zone":"Tokyo","geo_enabled":false,"verified":false,"statuses_count":63553,"lang":"ja","contributors_enabled":false,"is_translator":false,"is_translation_enabled":false,"profile_background_color":"C0DEED","profile_background_image_url":"http://abs.twimg.com/images/themes/theme1/bg.png","profile_background_image_url_https":"https://abs.twimg.com/images/themes/theme1/bg.png","profile_background_tile":false,"profile_image_url":"http://pbs.twimg.com/profile_images/518406721258016768/MacLQsHK_normal.png","profile_image_url_https":"https://pbs.twimg.com/profile_images/518406721258016768/MacLQsHK_normal.png","profile_banner_url":"https://pbs.twimg.com/profile_banners/115055017/1444612998","profile_link_color":"0084B4","profile_sidebar_border_color":"C0DEED","profile_sidebar_fill_color":"DDEEF6","profile_text_color":"333333","profile_use_background_image":true,"has_extended_profile":true,"default_profile":false,"default_profile_image":false,"following":false,"follow_request_sent":false,"notifications":false,"translator_type":"none"},"geo":null,"coordinates":null,"place":null,"contributors":null,"is_quote_status":false,"retweet_count":52,"favorite_count":30,"favorited":false,"retweeted":false,"possibly_sensitive":false,"lang":"ja"},{"created_at":"Sun Jul 09 01:08:50 +0000 2017","id":883855430434213900,"id_str":"883855430434213892","text":"昨日低浮上ごめんねねねね😆\n\n今日はなるたけツイートするです！！！","truncated":false,"entities":{"hashtags":[],"symbols":[],"user_mentions":[],"urls":[]},"metadata":{"iso_language_code":"ja","result_type":"recent"},"source":"<a href=\"http://twitter.com/download/iphone\" rel=\"nofollow\">Twitter for iPhone</a>","in_reply_to_status_id":null,"in_reply_to_status_id_str":null,"in_reply_to_user_id":null,"in_reply_to_user_id_str":null,"in_reply_to_screen_name":null,"user":{"id":784459100742492200,"id_str":"784459100742492161","name":"💛田中くん@よく喋る💛","screen_name":"tanakakb","location":"ジャイアンツの4番でした","description":"禁断ボーイズ田中のサブアカ。ねっとりと田中を知りたい人はフォローしてね😉DMは見てるけどあんまり返せない！深い悩みがあったら送ってねー！フォロバも頑張ります！💛付けてくれたら最高かよ〜☺︎田中か平田好きならよく喋るも付けてね！😈メイン→@bakastanaka","url":null,"entities":{"description":{"urls":[]}},"protected":false,"followers_count":70388,"friends_count":15991,"listed_count":137,"created_at":"Fri Oct 07 18:23:18 +0000 2016","favourites_count":2525,"utc_offset":null,"time_zone":null,"geo_enabled":false,"verified":false,"statuses_count":1825,"lang":"ja","contributors_enabled":false,"is_translator":false,"is_translation_enabled":false,"profile_background_color":"F5F8FA","profile_background_image_url":null,"profile_background_image_url_https":null,"profile_background_tile":false,"profile_image_url":"http://pbs.twimg.com/profile_images/875532204671025153/6bUVlixN_normal.jpg","profile_image_url_https":"https://pbs.twimg.com/profile_images/875532204671025153/6bUVlixN_normal.jpg","profile_banner_url":"https://pbs.twimg.com/profile_banners/784459100742492161/1499341780","profile_link_color":"1DA1F2","profile_sidebar_border_color":"C0DEED","profile_sidebar_fill_color":"DDEEF6","profile_text_color":"333333","profile_use_background_image":true,"has_extended_profile":false,"default_profile":true,"default_profile_image":false,"following":false,"follow_request_sent":false,"notifications":false,"translator_type":"none"},"geo":null,"coordinates":null,"place":null,"contributors":null,"is_quote_status":false,"retweet_count":78,"favorite_count":799,"favorited":false,"retweeted":false,"lang":"ja"}],"search_metadata":{"completed_in":0.118,"max_id":883857990633218000,"max_id_str":"883857990633218049","next_results":"?max_id=883855430434213891&q=lang%3Aja%20min_retweets%3A50&include_entities=1","query":"lang%3Aja+min_retweets%3A50","refresh_url":"?since_id=883857990633218049&q=lang%3Aja%20min_retweets%3A50&include_entities=1","count":15,"since_id":0,"since_id_str":"0"}}