{"statuses":[{"created_at":"Sun Jul 09 09:38:56 +0000 2017","id":883983800987930600,"id_str":"883983800987930625","text":"この説唱えた奴ちょっと出てこい https://t.co/2ZZ6eaHcGn","truncated":false,"entities":{"hashtags":[],"symbols":[],"user_mentions":[],"urls":[],"media":[{"id":883983795761823700,"id_str":"883983795761823744","indices":[16,39],"media_url":"http://pbs.twimg.com/media/DESKlCWVwAApxZW.jpg","media_url_https":"https://pbs.twimg.com/media/DESKlCWVwAApxZW.jpg","url":"https://t.co/2ZZ6eaHcGn","display_url":"pic.twitter.com/2ZZ6eaHcGn","expanded_url":"https://twitter.com/5_bo_chan/status/883983800987930625/photo/1","type":"photo","sizes":{"small":{"w":320,"h":180,"resize":"fit"},"large":{"w":320,"h":180,"resize":"fit"},"thumb":{"w":150,"h":150,"resize":"crop"},"medium":{"w":320,"h":180,"resize":"fit"}}}]},"extended_entities":{"media":[{"id":883983795761823700,"id_str":"883983795761823744","indices":[16,39],"media_url":"http://pbs.twimg.com/media/DESKlCWVwAApxZW.jpg","media_url_https":"https://pbs.twimg.com/media/DESKlCWVwAApxZW.jpg","url":"https://t.co/2ZZ6eaHcGn","display_url":"pic.twitter.com/2ZZ6eaHcGn","expanded_url":"https://twitter.com/5_bo_chan/status/883983800987930625/photo/1","type":"photo","sizes":{"small":{"w":320,"h":180,"resize":"fit"},"large":{"w":320,"h":180,"resize":"fit"},"thumb":{"w":150,"h":150,"resize":"crop"},"medium":{"w":320,"h":180,"resize":"fit"}}}]},"metadata":{"iso_language_code":"ja","result_type":"recent"},"source":"<a href=\"http://twitter.com/download/iphone\" rel=\"nofollow\">Twitter for iPhone</a>","in_reply_to_status_id":null,"in_reply_to_status_id_str":null,"in_reply_to_user_id":null,"in_reply_to_user_id_str":null,"in_reply_to_screen_name":null,"user":{"id":881745531252363300,"id_str":"881745531252363264","name":"5%の確率で川に落ちるボーちゃん","screen_name":"5_bo_chan","location":"bio参照","description":"不快なことつぶやく ５%(とは言っていない)","url":null,"entities":{"description":{"urls":[]}},"protected":false,"followers_count":14864,"friends_count":0,"listed_count":32,"created_at":"Mon Jul 03 05:24:51 +0000 2017","favourites_count":0,"utc_offset":null,"time_zone":null,"geo_enabled":false,"verified":false,"statuses_count":100,"lang":"ja","contributors_enabled":false,"is_translator":false,"is_translation_enabled":false,"profile_background_color":"F5F8FA","profile_background_image_url":null,"profile_background_image_url_https":null,"profile_background_tile":false,"profile_image_url":"http://pbs.twimg.com/profile_images/881745968713973764/kTQyNP3G_normal.jpg","profile_image_url_https":"https://pbs.twimg.com/profile_images/881745968713973764/kTQyNP3G_normal.jpg","profile_banner_url":"https://pbs.twimg.com/profile_banners/881745531252363264/1499059601","profile_link_color":"1DA1F2","profile_sidebar_border_color":"C0DEED","profile_sidebar_fill_color":"DDEEF6","profile_text_color":"333333","profile_use_background_image":true,"has_extended_profile":false,"default_profile":true,"default_profile_image":false,"following":false,"follow_request_sent":false,"notifications":false,"translator_type":"none"},"geo":null,"coordinates":null,"place":null,"contributors":null,"is_quote_status":false,"retweet_count":88,"favorite_count":113,"favorited":false,"retweeted":false,"possibly_sensitive":false,"lang":"ja"},{"created_at":"Sun Jul 09 09:38:11 +0000 2017","id":883983613141729300,"id_str":"883983613141729280","text":"７月１０日(月)\n#気になる芸能ピックアップ\n\n▽嵐　▽Sexy Zone\n▽杉咲花　▽神木隆之介\n▽高橋一生　 ほか\n\n※内容は変更になる可能性があります\n#アサデス","truncated":false,"entities":{"hashtags":[{"text":"気になる芸能ピックアップ","indices":[9,22]},{"text":"アサデス","indices":[79,84]}],"symbols":[],"user_mentions":[],"urls":[]},"metadata":{"iso_language_code":"ja","result_type":"recent"},"source":"<a href=\"http://twitter.com/download/android\" rel=\"nofollow\">Twitter for Android</a>","in_reply_to_status_id":null,"in_reply_to_status_id_str":null,"in_reply_to_user_id":null,"in_reply_to_user_id_str":null,"in_reply_to_screen_name":null,"user":{"id":747988871632216000,"id_str":"747988871632216064","name":"アサデス。公式","screen_name":"asadesu0600","location":"福岡県福岡市長浜","description":"KBCテレビ「アサデス。KBC」(月〜金 6:00〜8:00)「アサデス。九州山口」(月〜木 9:55〜)の公式アカウントです。アサデスならではのエンタメ情報(話題のアーティストや人気タレントの情報)の他、地元・福岡に密着したコーナーの最新情報を更新します。アサデス。スタッフ(@asadesu_staff)も公式です。","url":"https://t.co/830clQGEAy","entities":{"url":{"urls":[{"url":"https://t.co/830clQGEAy","expanded_url":"http://www.kbc.co.jp/tv/asadesu/","display_url":"kbc.co.jp/tv/asadesu/","indices":[0,23]}]},"description":{"urls":[]}},"protected":false,"followers_count":11582,"friends_count":2,"listed_count":101,"created_at":"Wed Jun 29 03:03:38 +0000 2016","favourites_count":418,"utc_offset":-25200,"time_zone":"Pacific Time (US & Canada)","geo_enabled":false,"verified":false,"statuses_count":714,"lang":"ja","contributors_enabled":false,"is_translator":false,"is_translation_enabled":false,"profile_background_color":"000000","profile_background_image_url":"http://abs.twimg.com/images/themes/theme1/bg.png","profile_background_image_url_https":"https://abs.twimg.com/images/themes/theme1/bg.png","profile_background_tile":false,"profile_image_url":"http://pbs.twimg.com/profile_images/748346967403597825/2EL0YQ0c_normal.jpg","profile_image_url_https":"https://pbs.twimg.com/profile_images/748346967403597825/2EL0YQ0c_normal.jpg","profile_banner_url":"https://pbs.twimg.com/profile_banners/747988871632216064/1467254837","profile_link_color":"F58EA8","profile_sidebar_border_color":"000000","profile_sidebar_fill_color":"000000","profile_text_color":"000000","profile_use_background_image":false,"has_extended_profile":false,"default_profile":false,"default_profile_image":false,"following":false,"follow_request_sent":false,"notifications":false,"translator_type":"none"},"geo":null,"coordinates":null,"place":null,"contributors":null,"is_quote_status":false,"retweet_count":64,"favorite_count":61,"favorited":false,"retweeted":false,"lang":"ja"},{"created_at":"Sun Jul 09 09:37:53 +0000 2017","id":883983537925308400,"id_str":"883983537925308416","text":"アンロクハイタッチ会✨\n2日間終わりました！\nご来場頂きました皆様、ほんとうにありがとうございました！\n\n応援、質問、イベントの御感想、沢山の言葉を受け取りました✨\nアンロクはもっと色んなことをして参ります！\n\nこれからも頑張りますので、よろしくお願い致します！\n#アンロク","truncated":false,"entities":{"hashtags":[{"text":"アンロク","indices":[132,137]}],"symbols":[],"user_mentions":[],"urls":[]},"metadata":{"iso_language_code":"ja","result_type":"recent"},"source":"<a href=\"http://twitter.com/download/iphone\" rel=\"nofollow\">Twitter for iPhone</a>","in_reply_to_status_id":null,"in_reply_to_status_id_str":null,"in_reply_to_user_id":null,"in_reply_to_user_id_str":null,"in_reply_to_screen_name":null,"user":{"id":3789057558,"id_str":"3789057558","name":"土岐 隼一","screen_name":"tokishunichi","location":"東京都","description":"WITH LINE所属／土岐隼一の公式アカウントです。新人の声優でございます。まだまだ多くはありませんが出演情報と、ちょっとした日常や聞いてもらいたい事をつぶやければなと思います！注)ポンコツなんで誤字ったときは許してください。 ※事務所スタッフがつぶやくこともあります。","url":"https://t.co/vtVZhn5i4s","entities":{"url":{"urls":[{"url":"https://t.co/vtVZhn5i4s","expanded_url":"http://www.withline.jp/talent/?id=shunichi_toki","display_url":"withline.jp/talent/?id=shu…","indices":[0,23]}]},"description":{"urls":[]}},"protected":false,"followers_count":33173,"friends_count":124,"listed_count":2185,"created_at":"Mon Oct 05 06:06:17 +0000 2015","favourites_count":126,"utc_offset":null,"time_zone":null,"geo_enabled":false,"verified":false,"statuses_count":1372,"lang":"ja","contributors_enabled":false,"is_translator":false,"is_translation_enabled":false,"profile_background_color":"000000","profile_background_image_url":"http://abs.twimg.com/images/themes/theme1/bg.png","profile_background_image_url_https":"https://abs.twimg.com/images/themes/theme1/bg.png","profile_background_tile":false,"profile_image_url":"http://pbs.twimg.com/profile_images/762826474109841408/na5cPinz_normal.jpg","profile_image_url_https":"https://pbs.twimg.com/profile_images/762826474109841408/na5cPinz_normal.jpg","profile_link_color":"ABB8C2","profile_sidebar_border_color":"000000","profile_sidebar_fill_color":"000000","profile_text_color":"000000","profile_use_background_image":false,"has_extended_profile":true,"default_profile":false,"default_profile_image":false,"following":false,"follow_request_sent":false,"notifications":false,"translator_type":"none"},"geo":null,"coordinates":null,"place":null,"contributors":null,"is_quote_status":false,"retweet_count":54,"favorite_count":128,"favorited":false,"retweeted":false,"lang":"ja"},{"created_at":"Sun Jul 09 09:37:04 +0000 2017","id":883983331473236000,"id_str":"883983331473235969","text":"ニコニコで見て久々に描きたくなったこなちゃん\nらき☆すたのアニメが…10年まe https://t.co/MvcyJM1IvV","truncated":false,"entities":{"hashtags":[],"symbols":[],"user_mentions":[],"urls":[],"media":[{"id":883983317854330900,"id_str":"883983317854330881","indices":[40,63],"media_url":"http://pbs.twimg.com/media/DESKJOAUIAEG0ql.jpg","media_url_https":"https://pbs.twimg.com/media/DESKJOAUIAEG0ql.jpg","url":"https://t.co/MvcyJM1IvV","display_url":"pic.twitter.com/MvcyJM1IvV","expanded_url":"https://twitter.com/sakura_hanpen/status/883983331473235969/photo/1","type":"photo","sizes":{"medium":{"w":494,"h":800,"resize":"fit"},"large":{"w":494,"h":800,"resize":"fit"},"thumb":{"w":150,"h":150,"resize":"crop"},"small":{"w":420,"h":680,"resize":"fit"}}}]},"extended_entities":{"media":[{"id":883983317854330900,"id_str":"883983317854330881","indices":[40,63],"media_url":"http://pbs.twimg.com/media/DESKJOAUIAEG0ql.jpg","media_url_https":"https://pbs.twimg.com/media/DESKJOAUIAEG0ql.jpg","url":"https://t.co/MvcyJM1IvV","display_url":"pic.twitter.com/MvcyJM1IvV","expanded_url":"https://twitter.com/sakura_hanpen/status/883983331473235969/photo/1","type":"photo","sizes":{"medium":{"w":494,"h":800,"resize":"fit"},"large":{"w":494,"h":800,"resize":"fit"},"thumb":{"w":150,"h":150,"resize":"crop"},"small":{"w":420,"h":680,"resize":"fit"}}}]},"metadata":{"iso_language_code":"ja","result_type":"recent"},"source":"<a href=\"http://twitter.com\" rel=\"nofollow\">Twitter Web Client</a>","in_reply_to_status_id":null,"in_reply_to_status_id_str":null,"in_reply_to_user_id":null,"in_reply_to_user_id_str":null,"in_reply_to_screen_name":null,"user":{"id":43352641,"id_str":"43352641","name":"桜はんぺん","screen_name":"sakura_hanpen","location":"千葉と埼玉のすきま","description":"まったりと絵を描きながら生きています。リプ返事かなり遅いです。よく忘れます。ごめんなさい","url":"http://t.co/BTc8fsNYwt","entities":{"url":{"urls":[{"url":"http://t.co/BTc8fsNYwt","expanded_url":"http://petitecerisier.moo.jp/","display_url":"petitecerisier.moo.jp","indices":[0,22]}]},"description":{"urls":[]}},"protected":false,"followers_count":54431,"friends_count":465,"listed_count":1647,"created_at":"Fri May 29 15:44:05 +0000 2009","favourites_count":276,"utc_offset":32400,"time_zone":"Tokyo","geo_enabled":false,"verified":false,"statuses_count":14240,"lang":"ja","contributors_enabled":false,"is_translator":false,"is_translation_enabled":false,"profile_background_color":"FFFFFF","profile_background_image_url":"http://pbs.twimg.com/profile_background_images/251942364/back.jpg","profile_background_image_url_https":"https://pbs.twimg.com/profile_background_images/251942364/back.jpg","profile_background_tile":false,"profile_image_url":"http://pbs.twimg.com/profile_images/541181515111989250/LHLyAZ0l_normal.png","profile_image_url_https":"https://pbs.twimg.com/profile_images/541181515111989250/LHLyAZ0l_normal.png","profile_banner_url":"https://pbs.twimg.com/profile_banners/43352641/1496988336","profile_link_color":"B40B43","profile_sidebar_border_color":"CC3366","profile_sidebar_fill_color":"E5507E","profile_text_color":"362720","profile_use_background_image":true,"has_extended_profile":false,"default_profile":false,"default_profile_image":false,"following":false,"follow_request_sent":false,"notifications":false,"translator_type":"none"},"geo":null,"coordinates":null,"place":null,"contributors":null,"is_quote_status":false,"retweet_count":66,"favorite_count":98,"favorited":false,"retweeted":false,"possibly_sensitive":false,"lang":"ja"},{"created_at":"Sun Jul 09 09:36:49 +0000 2017","id":883983267250159600,"id_str":"883983267250159620","text":"インタビューしてもらいました！！\n\n有難や！！！\n発売まであと3日、、、、\n今日も、歌練してきました、、、帰ったらダンスや、、、、ラスト、、、追い込むで、、、、 https://t.co/y0mn3bQZ62","truncated":false,"entities":{"hashtags":[],"symbols":[],"user_mentions":[],"urls":[{"url":"https://t.co/y0mn3bQZ62","expanded_url":"https://twitter.com/animatetimes/status/883974128893542404","display_url":"twitter.com/animatetimes/s…","indices":[81,104]}]},"metadata":{"iso_language_code":"ja","result_type":"recent"},"source":"<a href=\"http://twitter.com/download/iphone\" rel=\"nofollow\">Twitter for iPhone</a>","in_reply_to_status_id":null,"in_reply_to_status_id_str":null,"in_reply_to_user_id":null,"in_reply_to_user_id_str":null,"in_reply_to_screen_name":null,"user":{"id":3403618094,"id_str":"3403618094","name":"畠中祐","screen_name":"tasukubar0817","location":"","description":"賢プロダクションで声優をやってます！ 畠中祐（はたなかたすく）です！遊馬、潮、生駒、上鳴、豪、尚史、日佐人、昴、タイガ、納村、井上、エド、マイキー、トーマスなどなどの声をやってます。今年は、なんっっでもやりますよ！！なんでも吸収。","url":null,"entities":{"description":{"urls":[]}},"protected":false,"followers_count":61263,"friends_count":361,"listed_count":1447,"created_at":"Mon Aug 31 12:26:45 +0000 2015","favourites_count":1825,"utc_offset":null,"time_zone":null,"geo_enabled":false,"verified":false,"statuses_count":6302,"lang":"ja","contributors_enabled":false,"is_translator":false,"is_translation_enabled":false,"profile_background_color":"C0DEED","profile_background_image_url":"http://abs.twimg.com/images/themes/theme1/bg.png","profile_background_image_url_https":"https://abs.twimg.com/images/themes/theme1/bg.png","profile_background_tile":false,"profile_image_url":"http://pbs.twimg.com/profile_images/845056624104423424/aF9-jNff_normal.jpg","profile_image_url_https":"https://pbs.twimg.com/profile_images/845056624104423424/aF9-jNff_normal.jpg","profile_banner_url":"https://pbs.twimg.com/profile_banners/3403618094/1460045051","profile_link_color":"1DA1F2","profile_sidebar_border_color":"C0DEED","profile_sidebar_fill_color":"DDEEF6","profile_text_color":"333333","profile_use_background_image":true,"has_extended_profile":true,"default_profile":true,"default_profile_image":false,"following":false,"follow_request_sent":false,"notifications":false,"translator_type":"none"},"geo":null,"coordinates":null,"place":null,"contributors":null,"is_quote_status":true,"quoted_status_id":883974128893542400,"quoted_status_id_str":"883974128893542404","quoted_status":{"created_at":"Sun Jul 09 09:00:30 +0000 2017","id":883974128893542400,"id_str":"883974128893542404","text":"【ニュース】歌唱力のルーツはお風呂場！声優・畠中祐さんアーティストデビューの心境を語る https://t.co/6QNOXVKA6o https://t.co/Ao0YWnkubT","truncated":false,"entities":{"hashtags":[],"symbols":[],"user_mentions":[],"urls":[{"url":"https://t.co/6QNOXVKA6o","expanded_url":"http://www.animatetimes.com/news/details.php?id=1499392960","display_url":"animatetimes.com/news/details.p…","indices":[44,67]}],"media":[{"id":883974127429632000,"id_str":"883974127429632001","indices":[68,91],"media_url":"http://pbs.twimg.com/media/DESByRAUQAEZcgD.jpg","media_url_https":"https://pbs.twimg.com/media/DESByRAUQAEZcgD.jpg","url":"https://t.co/Ao0YWnkubT","display_url":"pic.twitter.com/Ao0YWnkubT","expanded_url":"https://twitter.com/animatetimes/status/883974128893542404/photo/1","type":"photo","sizes":{"small":{"w":640,"h":427,"resize":"fit"},"medium":{"w":640,"h":427,"resize":"fit"},"thumb":{"w":150,"h":150,"resize":"crop"},"large":{"w":640,"h":427,"resize":"fit"}}}]},"extended_entities":{"media":[{"id":883974127429632000,"id_str":"883974127429632001","indices":[68,91],"media_url":"http://pbs.twimg.com/media/DESByRAUQAEZcgD.jpg","media_url_https":"https://pbs.twimg.com/media/DESByRAUQAEZcgD.jpg","url":"https://t.co/Ao0YWnkubT","display_url":"pic.twitter.com/Ao0YWnkubT","expanded_url":"https://twitter.com/animatetimes/status/883974128893542404/photo/1","type":"photo","sizes":{"small":{"w":640,"h":427,"resize":"fit"},"medium":{"w":640,"h":427,"resize":"fit"},"thumb":{"w":150,"h":150,"resize":"crop"},"large":{"w":640,"h":427,"resize":"fit"}}}]},"metadata":{"iso_language_code":"ja","result_type":"recent"},"source":"<a href=\"http://www.animatetimes.com/\" rel=\"nofollow\">AT自動つぶやき</a>","in_reply_to_status_id":null,"in_reply_to_status_id_str":null,"in_reply_to_user_id":null,"in_reply_to_user_id_str":null,"in_reply_to_screen_name":null,"user":{"id":131032996,"id_str":"131032996","name":"アニメイトタイムズ公式","screen_name":"animatetimes","location":"","description":"【2016年4月27日　アニメイトTVからアニメイトタイムズへ名称を変更いたしました】アニメの事ならアニメイトタイムズ！声優/アニメニュース・声優ラジオ・PV配信などアニメに関する情報が満載です！なお、Twitter上でのお問い合わせにはお答えできかねますので、ご了承下さい。","url":"https://t.co/4mRfhHM40v","entities":{"url":{"urls":[{"url":"https://t.co/4mRfhHM40v","expanded_url":"http://www.animatetimes.com/","display_url":"animatetimes.com","indices":[0,23]}]},"description":{"urls":[]}},"protected":false,"followers_count":432041,"friends_count":138,"listed_count":4677,"created_at":"Fri Apr 09 02:23:25 +0000 2010","favourites_count":3,"utc_offset":32400,"time_zone":"Tokyo","geo_enabled":false,"verified":true,"statuses_count":106835,"lang":"ja","contributors_enabled":false,"is_translator":false,"is_translation_enabled":false,"profile_background_color":"A4C1F8","profile_background_image_url":"http://pbs.twimg.com/profile_background_images/748475550/725e192c10ee68a56f71268102f265bd.jpeg","profile_background_image_url_https":"https://pbs.twimg.com/profile_background_images/748475550/725e192c10ee68a56f71268102f265bd.jpeg","profile_background_tile":false,"profile_image_url":"http://pbs.twimg.com/profile_images/848188319515131904/R3YGR03o_normal.jpg","profile_image_url_https":"https://pbs.twimg.com/profile_images/848188319515131904/R3YGR03o_normal.jpg","profile_banner_url":"https://pbs.twimg.com/profile_banners/131032996/1461722034","profile_link_color":"385EAA","profile_sidebar_border_color":"FFFFFF","profile_sidebar_fill_color":"DDEEF6","profile_text_color":"333333","profile_use_background_image":false,"has_extended_profile":true,"default_profile":false,"default_profile_image":false,"following":false,"follow_request_sent":false,"notifications":false,"translator_type":"none"},"geo":null,"coordinates":null,"place":null,"contributors":null,"is_quote_status":false,"retweet_count":92,"favorite_count":177,"favorited":false,"retweeted":false,"possibly_sensitive":false,"lang":"ja"},"retweet_count":75,"favorite_count":123,"favorited":false,"retweeted":false,"possibly_sensitive":false,"lang":"ja"},{"created_at":"Sun Jul 09 09:36:33 +0000 2017","id":883983199717646300,"id_str":"883983199717646336","text":"HiGH&amp;LOW THE LAND \n7月9日（日）ゲスト‼️\nTHE RAMPAGE from EXILE TRIBE\n🌟山本彰吾\n🌟岩谷翔吾\n🌟龍\n🌟鈴木昂秀\n#THERAMPAGE\n#DirtyDisco\n#HIGH_LOW… https://t.co/qpYSN9noFp","truncated":true,"entities":{"hashtags":[{"text":"THERAMPAGE","indices":[86,97]},{"text":"DirtyDisco","indices":[98,109]},{"text":"HIGH_LOW","indices":[110,119]}],"symbols":[],"user_mentions":[],"urls":[{"url":"https://t.co/qpYSN9noFp","expanded_url":"https://twitter.com/i/web/status/883983199717646336","display_url":"twitter.com/i/web/status/8…","indices":[121,144]}]},"metadata":{"iso_language_code":"ja","result_type":"recent"},"source":"<a href=\"http://twitter.com/download/iphone\" rel=\"nofollow\">Twitter for iPhone</a>","in_reply_to_status_id":null,"in_reply_to_status_id_str":null,"in_reply_to_user_id":null,"in_reply_to_user_id_str":null,"in_reply_to_screen_name":null,"user":{"id":870085312050978800,"id_str":"870085312050978816","name":"【公式】HiGH&LOW×よみうりランド","screen_name":"HiGHLOW_LAND","location":"","description":"映画「HiGH&LOW」が仕掛ける最強の夏祭り。2017年6月14日（水）～9月10日（日）まで、よみうりランドにて開催!!","url":"https://t.co/R1ueBLQHSU","entities":{"url":{"urls":[{"url":"https://t.co/R1ueBLQHSU","expanded_url":"http://high-low.jp/theland/index.php","display_url":"high-low.jp/theland/index.…","indices":[0,23]}]},"description":{"urls":[]}},"protected":false,"followers_count":60194,"friends_count":55,"listed_count":130,"created_at":"Thu Jun 01 01:11:18 +0000 2017","favourites_count":14,"utc_offset":-25200,"time_zone":"Pacific Time (US & Canada)","geo_enabled":false,"verified":false,"statuses_count":139,"lang":"ja","contributors_enabled":false,"is_translator":false,"is_translation_enabled":false,"profile_background_color":"000000","profile_background_image_url":"http://abs.twimg.com/images/themes/theme1/bg.png","profile_background_image_url_https":"https://abs.twimg.com/images/themes/theme1/bg.png","profile_background_tile":false,"profile_image_url":"http://pbs.twimg.com/profile_images/870233932377112576/iJ27wfjV_normal.jpg","profile_image_url_https":"https://pbs.twimg.com/profile_images/870233932377112576/iJ27wfjV_normal.jpg","profile_banner_url":"https://pbs.twimg.com/profile_banners/870085312050978816/1496286513","profile_link_color":"0084B4","profile_sidebar_border_color":"000000","profile_sidebar_fill_color":"000000","profile_text_color":"000000","profile_use_background_image":false,"has_extended_profile":false,"default_profile":false,"default_profile_image":false,"following":false,"follow_request_sent":false,"notifications":false,"translator_type":"none"},"geo":null,"coordinates":null,"place":null,"contributors":null,"is_quote_status":false,"retweet_count":133,"favorite_count":608,"favorited":false,"retweeted":false,"possibly_sensitive":false,"lang":"ja"},{"created_at":"Sun Jul 09 09:35:26 +0000 2017","id":883982919672381400,"id_str":"883982919672381440","text":"昼に予告していたやつ。\nInstagramに公開しました❗️\n→https://t.co/I6x6oYKiaY\nこの台本の中に何を書いていたのか！YOチェック！\n#愛ある #日テレ #7月16日Sun夜10時スタート #福士蒼汰… https://t.co/3tiVpqUUK6","truncated":true,"entities":{"hashtags":[{"text":"愛ある","indices":[81,85]},{"text":"日テレ","indices":[86,90]},{"text":"7月16日Sun夜10時スタート","indices":[91,108]},{"text":"福士蒼汰","indices":[109,114]}],"symbols":[],"user_mentions":[],"urls":[{"url":"https://t.co/I6x6oYKiaY","expanded_url":"https://www.instagram.com/aiaru_ntv","display_url":"instagram.com/aiaru_ntv","indices":[32,55]},{"url":"https://t.co/3tiVpqUUK6","expanded_url":"https://twitter.com/i/web/status/883982919672381440","display_url":"twitter.com/i/web/status/8…","indices":[116,139]}]},"metadata":{"iso_language_code":"ja","result_type":"recent"},"source":"<a href=\"http://twitter.com/download/iphone\" rel=\"nofollow\">Twitter for iPhone</a>","in_reply_to_status_id":null,"in_reply_to_status_id_str":null,"in_reply_to_user_id":null,"in_reply_to_user_id_str":null,"in_reply_to_screen_name":null,"user":{"id":862635184264314900,"id_str":"862635184264314880","name":"［公式］愛してたって、秘密はある。","screen_name":"aiaru_ntv","location":"","description":"7月16日スタート！日テレ系日曜ドラマ「愛してたって、秘密はある。」公式アカウント！恋人に絶対言えない「秘密」が幸せの絶頂で暴かれるー！？自問自答ラブミステリー！★Instagram→https://t.co/l7cDLqyQXV #福士蒼汰 #川口春奈 #遠藤憲一 #鈴木保奈美 #愛ある","url":"https://t.co/YRR03x6Enr","entities":{"url":{"urls":[{"url":"https://t.co/YRR03x6Enr","expanded_url":"http://www.ntv.co.jp/aishitetatte/","display_url":"ntv.co.jp/aishitetatte/","indices":[0,23]}]},"description":{"urls":[{"url":"https://t.co/l7cDLqyQXV","expanded_url":"https://www.instagram.com/aiaru_ntv","display_url":"instagram.com/aiaru_ntv","indices":[92,115]}]}},"protected":false,"followers_count":18008,"friends_count":19,"listed_count":65,"created_at":"Thu May 11 11:47:09 +0000 2017","favourites_count":0,"utc_offset":null,"time_zone":null,"geo_enabled":false,"verified":false,"statuses_count":129,"lang":"ja","contributors_enabled":false,"is_translator":false,"is_translation_enabled":false,"profile_background_color":"F5F8FA","profile_background_image_url":null,"profile_background_image_url_https":null,"profile_background_tile":false,"profile_image_url":"http://pbs.twimg.com/profile_images/874807050735304704/S4bTTDo4_normal.jpg","profile_image_url_https":"https://pbs.twimg.com/profile_images/874807050735304704/S4bTTDo4_normal.jpg","profile_banner_url":"https://pbs.twimg.com/profile_banners/862635184264314880/1497405202","profile_link_color":"1DA1F2","profile_sidebar_border_color":"C0DEED","profile_sidebar_fill_color":"DDEEF6","profile_text_color":"333333","profile_use_background_image":true,"has_extended_profile":false,"default_profile":true,"default_profile_image":false,"following":false,"follow_request_sent":false,"notifications":false,"translator_type":"none"},"geo":null,"coordinates":null,"place":null,"contributors":null,"is_quote_status":false,"retweet_count":63,"favorite_count":195,"favorited":false,"retweeted":false,"possibly_sensitive":false,"lang":"ja"},{"created_at":"Sun Jul 09 09:34:49 +0000 2017","id":883982764923539500,"id_str":"883982764923539457","text":"ミリシタ四コマ。精一杯のフォローをいれる麗花さんの漫画を描きました。 https://t.co/Nrt6f34bAH","truncated":false,"entities":{"hashtags":[],"symbols":[],"user_mentions":[],"urls":[],"media":[{"id":883982557523583000,"id_str":"883982557523582976","indices":[35,58],"media_url":"http://pbs.twimg.com/media/DESJc9jVoAAF7XH.jpg","media_url_https":"https://pbs.twimg.com/media/DESJc9jVoAAF7XH.jpg","url":"https://t.co/Nrt6f34bAH","display_url":"pic.twitter.com/Nrt6f34bAH","expanded_url":"https://twitter.com/you2sei/status/883982764923539457/photo/1","type":"photo","sizes":{"small":{"w":383,"h":680,"resize":"fit"},"large":{"w":619,"h":1100,"resize":"fit"},"thumb":{"w":150,"h":150,"resize":"crop"},"medium":{"w":619,"h":1100,"resize":"fit"}}}]},"extended_entities":{"media":[{"id":883982557523583000,"id_str":"883982557523582976","indices":[35,58],"media_url":"http://pbs.twimg.com/media/DESJc9jVoAAF7XH.jpg","media_url_https":"https://pbs.twimg.com/media/DESJc9jVoAAF7XH.jpg","url":"https://t.co/Nrt6f34bAH","display_url":"pic.twitter.com/Nrt6f34bAH","expanded_url":"https://twitter.com/you2sei/status/883982764923539457/photo/1","type":"photo","sizes":{"small":{"w":383,"h":680,"resize":"fit"},"large":{"w":619,"h":1100,"resize":"fit"},"thumb":{"w":150,"h":150,"resize":"crop"},"medium":{"w":619,"h":1100,"resize":"fit"}}}]},"metadata":{"iso_language_code":"ja","result_type":"recent"},"source":"<a href=\"http://twitter.com\" rel=\"nofollow\">Twitter Web Client</a>","in_reply_to_status_id":null,"in_reply_to_status_id_str":null,"in_reply_to_user_id":null,"in_reply_to_user_id_str":null,"in_reply_to_screen_name":null,"user":{"id":89943642,"id_str":"89943642","name":"優等生","screen_name":"you2sei","location":"東京","description":"やよいちゃんの誕生日のアニメが完成した ニコニコ動画：https://t.co/FKNnkjT7m9　YouTube：https://t.co/9fb6OvELTF","url":"http://t.co/kYYge4reub","entities":{"url":{"urls":[{"url":"http://t.co/kYYge4reub","expanded_url":"http://www.pixiv.net/member.php?id=171184","display_url":"pixiv.net/member.php?id=…","indices":[0,22]}]},"description":{"urls":[{"url":"https://t.co/FKNnkjT7m9","expanded_url":"http://www.nicovideo.jp/watch/sm30884482","display_url":"nicovideo.jp/watch/sm308844…","indices":[27,50]},{"url":"https://t.co/9fb6OvELTF","expanded_url":"https://www.youtube.com/watch?v=kB_7_-7roRU","display_url":"youtube.com/watch?v=kB_7_-…","indices":[59,82]}]}},"protected":false,"followers_count":19552,"friends_count":380,"listed_count":619,"created_at":"Sat Nov 14 14:13:09 +0000 2009","favourites_count":0,"utc_offset":32400,"time_zone":"Tokyo","geo_enabled":false,"verified":false,"statuses_count":25553,"lang":"ja","contributors_enabled":false,"is_translator":false,"is_translation_enabled":false,"profile_background_color":"FFF04D","profile_background_image_url":"http://abs.twimg.com/images/themes/theme19/bg.gif","profile_background_image_url_https":"https://abs.twimg.com/images/themes/theme19/bg.gif","profile_background_tile":false,"profile_image_url":"http://pbs.twimg.com/profile_images/855444000119021568/OFEtdPTp_normal.jpg","profile_image_url_https":"https://pbs.twimg.com/profile_images/855444000119021568/OFEtdPTp_normal.jpg","profile_link_color":"FFCC4D","profile_sidebar_border_color":"FFFFFF","profile_sidebar_fill_color":"F6FFD1","profile_text_color":"333333","profile_use_background_image":true,"has_extended_profile":false,"default_profile":false,"default_profile_image":false,"following":false,"follow_request_sent":false,"notifications":false,"translator_type":"none"},"geo":null,"coordinates":null,"place":null,"contributors":null,"is_quote_status":false,"retweet_count":102,"favorite_count":122,"favorited":false,"retweeted":false,"possibly_sensitive":false,"lang":"ja"},{"created_at":"Sun Jul 09 09:34:33 +0000 2017","id":883982697449758700,"id_str":"883982697449758720","text":"🐶「ないんかい！！！」 https://t.co/2eatK9R2VT","truncated":false,"entities":{"hashtags":[],"symbols":[],"user_mentions":[],"urls":[],"media":[{"id":883982686854852600,"id_str":"883982686854852608","indices":[12,35],"media_url":"http://pbs.twimg.com/media/DESJkfWUMAA-F7h.jpg","media_url_https":"https://pbs.twimg.com/media/DESJkfWUMAA-F7h.jpg","url":"https://t.co/2eatK9R2VT","display_url":"pic.twitter.com/2eatK9R2VT","expanded_url":"https://twitter.com/kiritampopopo/status/883982697449758720/photo/1","type":"photo","sizes":{"large":{"w":1927,"h":2047,"resize":"fit"},"medium":{"w":1130,"h":1200,"resize":"fit"},"thumb":{"w":150,"h":150,"resize":"crop"},"small":{"w":640,"h":680,"resize":"fit"}}}]},"extended_entities":{"media":[{"id":883982686854852600,"id_str":"883982686854852608","indices":[12,35],"media_url":"http://pbs.twimg.com/media/DESJkfWUMAA-F7h.jpg","media_url_https":"https://pbs.twimg.com/media/DESJkfWUMAA-F7h.jpg","url":"https://t.co/2eatK9R2VT","display_url":"pic.twitter.com/2eatK9R2VT","expanded_url":"https://twitter.com/kiritampopopo/status/883982697449758720/photo/1","type":"photo","sizes":{"large":{"w":1927,"h":2047,"resize":"fit"},"medium":{"w":1130,"h":1200,"resize":"fit"},"thumb":{"w":150,"h":150,"resize":"crop"},"small":{"w":640,"h":680,"resize":"fit"}}},{"id":883982686854893600,"id_str":"883982686854893569","indices":[12,35],"media_url":"http://pbs.twimg.com/media/DESJkfWU0AEv574.jpg","media_url_https":"https://pbs.twimg.com/media/DESJkfWU0AEv574.jpg","url":"https://t.co/2eatK9R2VT","display_url":"pic.twitter.com/2eatK9R2VT","expanded_url":"https://twitter.com/kiritampopopo/status/883982697449758720/photo/1","type":"photo","sizes":{"medium":{"w":384,"h":399,"resize":"fit"},"thumb":{"w":150,"h":150,"resize":"crop"},"large":{"w":384,"h":399,"resize":"fit"},"small":{"w":384,"h":399,"resize":"fit"}}},{"id":883982686859153400,"id_str":"883982686859153408","indices":[12,35],"media_url":"http://pbs.twimg.com/media/DESJkfXV0AAeqhI.jpg","media_url_https":"https://pbs.twimg.com/media/DESJkfXV0AAeqhI.jpg","url":"https://t.co/2eatK9R2VT","display_url":"pic.twitter.com/2eatK9R2VT","expanded_url":"https://twitter.com/kiritampopopo/status/883982697449758720/photo/1","type":"photo","sizes":{"small":{"w":680,"h":546,"resize":"fit"},"medium":{"w":1200,"h":963,"resize":"fit"},"thumb":{"w":150,"h":150,"resize":"crop"},"large":{"w":2048,"h":1643,"resize":"fit"}}}]},"metadata":{"iso_language_code":"ja","result_type":"recent"},"source":"<a href=\"http://twitter.com/download/iphone\" rel=\"nofollow\">Twitter for iPhone</a>","in_reply_to_status_id":null,"in_reply_to_status_id_str":null,"in_reply_to_user_id":null,"in_reply_to_user_id_str":null,"in_reply_to_screen_name":null,"user":{"id":2423119477,"id_str":"2423119477","name":"🍥きりたんぽ🍥","screen_name":"kiritampopopo","location":"いつか皆に恩返しができますように...","description":"YouTubeやってますInstagramやってます🍥🍥 ｢きりたんぽ｣で検索してちょーらい🦁🐹🎉🎉https://t.co/duCGeQX5Cc 🙊🐷🐯🐶  会うと｢意外と小さいんだね｣って言われます。","url":"https://t.co/pd6dzl7Bnp","entities":{"url":{"urls":[{"url":"https://t.co/pd6dzl7Bnp","expanded_url":"https://m.youtube.com/channel/UC0elp2101KAxbaAMzInGerA","display_url":"m.youtube.com/channel/UC0elp…","indices":[0,23]}]},"description":{"urls":[{"url":"https://t.co/duCGeQX5Cc","expanded_url":"https://www.instagram.com/kiritampopopo/","display_url":"instagram.com/kiritampopopo/","indices":[50,73]}]}},"protected":false,"followers_count":161499,"friends_count":244,"listed_count":396,"created_at":"Wed Apr 02 03:14:36 +0000 2014","favourites_count":33393,"utc_offset":null,"time_zone":null,"geo_enabled":true,"verified":false,"statuses_count":18067,"lang":"ja","contributors_enabled":false,"is_translator":false,"is_translation_enabled":false,"profile_background_color":"131516","profile_background_image_url":"http://abs.twimg.com/images/themes/theme14/bg.gif","profile_background_image_url_https":"https://abs.twimg.com/images/themes/theme14/bg.gif","profile_background_tile":true,"profile_image_url":"http://pbs.twimg.com/profile_images/882939375260127233/JWcrgbNu_normal.jpg","profile_image_url_https":"https://pbs.twimg.com/profile_images/882939375260127233/JWcrgbNu_normal.jpg","profile_banner_url":"https://pbs.twimg.com/profile_banners/2423119477/1499344164","profile_link_color":"F5ABB5","profile_sidebar_border_color":"000000","profile_sidebar_fill_color":"000000","profile_text_color":"000000","profile_use_background_image":true,"has_extended_profile":true,"default_profile":false,"default_profile_image":false,"following":false,"follow_request_sent":false,"notifications":false,"translator_type":"none"},"geo":null,"coordinates":null,"place":null,"contributors":null,"is_quote_status":false,"retweet_count":49,"favorite_count":570,"favorited":false,"retweeted":false,"possibly_sensitive":false,"lang":"ja"},{"created_at":"Sun Jul 09 09:34:06 +0000 2017","id":883982586543865900,"id_str":"883982586543865858","text":"髪ぼさあ、なっとる\nけど\nぺたり https://t.co/bLWf8XRU1e","truncated":false,"entities":{"hashtags":[],"symbols":[],"user_mentions":[],"urls":[],"media":[{"id":883982579707199500,"id_str":"883982579707199489","indices":[17,40],"media_url":"http://pbs.twimg.com/media/DESJeQMUwAE5xPy.jpg","media_url_https":"https://pbs.twimg.com/media/DESJeQMUwAE5xPy.jpg","url":"https://t.co/bLWf8XRU1e","display_url":"pic.twitter.com/bLWf8XRU1e","expanded_url":"https://twitter.com/mei_tnk/status/883982586543865858/photo/1","type":"photo","sizes":{"large":{"w":1241,"h":1240,"resize":"fit"},"thumb":{"w":150,"h":150,"resize":"crop"},"medium":{"w":1200,"h":1199,"resize":"fit"},"small":{"w":680,"h":679,"resize":"fit"}}}]},"extended_entities":{"media":[{"id":883982579707199500,"id_str":"883982579707199489","indices":[17,40],"media_url":"http://pbs.twimg.com/media/DESJeQMUwAE5xPy.jpg","media_url_https":"https://pbs.twimg.com/media/DESJeQMUwAE5xPy.jpg","url":"https://t.co/bLWf8XRU1e","display_url":"pic.twitter.com/bLWf8XRU1e","expanded_url":"https://twitter.com/mei_tnk/status/883982586543865858/photo/1","type":"photo","sizes":{"large":{"w":1241,"h":1240,"resize":"fit"},"thumb":{"w":150,"h":150,"resize":"crop"},"medium":{"w":1200,"h":1199,"resize":"fit"},"small":{"w":680,"h":679,"resize":"fit"}}}]},"metadata":{"iso_language_code":"ja","result_type":"recent"},"source":"<a href=\"http://twitter.com/download/iphone\" rel=\"nofollow\">Twitter for iPhone</a>","in_reply_to_status_id":null,"in_reply_to_status_id_str":null,"in_reply_to_user_id":null,"in_reply_to_user_id_str":null,"in_reply_to_screen_name":null,"user":{"id":1851484472,"id_str":"1851484472","name":"田中芽衣","screen_name":"mei_tnk","location":"Qualiam","description":"(17)高校3年生 official / Creative director @mememi_official「先に生まれただけの僕」金井恵美 役 1st写真集 ‘‘ HELLO NEW ME ‘‘発売中！","url":"https://t.co/QKsIZLWDyW","entities":{"url":{"urls":[{"url":"https://t.co/QKsIZLWDyW","expanded_url":"http://Instagram.com/mei_tnk","display_url":"Instagram.com/mei_tnk","indices":[0,23]}]},"description":{"urls":[]}},"protected":false,"followers_count":229964,"friends_count":280,"listed_count":819,"created_at":"Tue Sep 10 13:19:32 +0000 2013","favourites_count":18222,"utc_offset":null,"time_zone":null,"geo_enabled":false,"verified":false,"statuses_count":22256,"lang":"ja","contributors_enabled":false,"is_translator":false,"is_translation_enabled":false,"profile_background_color":"C0DEED","profile_background_image_url":"http://abs.twimg.com/images/themes/theme1/bg.png","profile_background_image_url_https":"https://abs.twimg.com/images/themes/theme1/bg.png","profile_background_tile":false,"profile_image_url":"http://pbs.twimg.com/profile_images/870851849733103616/w_z1MkVm_normal.jpg","profile_image_url_https":"https://pbs.twimg.com/profile_images/870851849733103616/w_z1MkVm_normal.jpg","profile_banner_url":"https://pbs.twimg.com/profile_banners/1851484472/1496462255","profile_link_color":"1DA1F2","profile_sidebar_border_color":"C0DEED","profile_sidebar_fill_color":"DDEEF6","profile_text_color":"333333","profile_use_background_image":true,"has_extended_profile":true,"default_profile":true,"default_profile_image":false,"following":false,"follow_request_sent":false,"notifications":false,"translator_type":"none"},"geo":null,"coordinates":null,"place":null,"contributors":null,"is_quote_status":false,"retweet_count":99,"favorite_count":1299,"favorited":false,"retweeted":false,"possibly_sensitive":false,"lang":"ja"},{"created_at":"Sun Jul 09 09:33:58 +0000 2017","id":883982549814452200,"id_str":"883982549814452224","text":"ちびアサと静謐 https://t.co/1CamlAa0Jl","truncated":false,"entities":{"hashtags":[],"symbols":[],"user_mentions":[],"urls":[],"media":[{"id":883982379290734600,"id_str":"883982379290734592","indices":[8,31],"media_url":"http://pbs.twimg.com/media/DESJSllUMAAhP3W.jpg","media_url_https":"https://pbs.twimg.com/media/DESJSllUMAAhP3W.jpg","url":"https://t.co/1CamlAa0Jl","display_url":"pic.twitter.com/1CamlAa0Jl","expanded_url":"https://twitter.com/mekakuri470/status/883982549814452224/photo/1","type":"photo","sizes":{"thumb":{"w":150,"h":150,"resize":"crop"},"large":{"w":703,"h":1180,"resize":"fit"},"small":{"w":405,"h":680,"resize":"fit"},"medium":{"w":703,"h":1180,"resize":"fit"}}}]},"extended_entities":{"media":[{"id":883982379290734600,"id_str":"883982379290734592","indices":[8,31],"media_url":"http://pbs.twimg.com/media/DESJSllUMAAhP3W.jpg","media_url_https":"https://pbs.twimg.com/media/DESJSllUMAAhP3W.jpg","url":"https://t.co/1CamlAa0Jl","display_url":"pic.twitter.com/1CamlAa0Jl","expanded_url":"https://twitter.com/mekakuri470/status/883982549814452224/photo/1","type":"photo","sizes":{"thumb":{"w":150,"h":150,"resize":"crop"},"large":{"w":703,"h":1180,"resize":"fit"},"small":{"w":405,"h":680,"resize":"fit"},"medium":{"w":703,"h":1180,"resize":"fit"}}}]},"metadata":{"iso_language_code":"ja","result_type":"recent"},"source":"<a href=\"http://twitter.com\" rel=\"nofollow\">Twitter Web Client</a>","in_reply_to_status_id":null,"in_reply_to_status_id_str":null,"in_reply_to_user_id":null,"in_reply_to_user_id_str":null,"in_reply_to_screen_name":null,"user":{"id":615944931,"id_str":"615944931","name":"めかくり@ドリカム来るまでガチャ禁","screen_name":"mekakuri470","location":"","description":"アホ毛とジト目が大好きな超雑食系お絵かき学生 。Fateとか時々創作。　　　　　　　　　　　　　　　　詳細→https://t.co/iHba7nldDs　　　pixiv→https://t.co/eEwQLXkcVa\n　　　　　　お題箱→https://t.co/aG4d64Jj9s","url":"https://t.co/3ZxX21zkuG","entities":{"url":{"urls":[{"url":"https://t.co/3ZxX21zkuG","expanded_url":"http://ridil.jp/","display_url":"ridil.jp","indices":[0,23]}]},"description":{"urls":[{"url":"https://t.co/iHba7nldDs","expanded_url":"http://twpf.jp/mekakuri470","display_url":"twpf.jp/mekakuri470","indices":[54,77]},{"url":"https://t.co/eEwQLXkcVa","expanded_url":"http://pixiv.me/otacon250","display_url":"pixiv.me/otacon250","indices":[86,109]},{"url":"https://t.co/aG4d64Jj9s","expanded_url":"http://odaibako.net/u/mekakuri470","display_url":"odaibako.net/u/mekakuri470","indices":[120,143]}]}},"protected":false,"followers_count":9238,"friends_count":534,"listed_count":134,"created_at":"Sat Jun 23 06:24:26 +0000 2012","favourites_count":38916,"utc_offset":32400,"time_zone":"Tokyo","geo_enabled":true,"verified":false,"statuses_count":29096,"lang":"ja","contributors_enabled":false,"is_translator":false,"is_translation_enabled":false,"profile_background_color":"FFF04D","profile_background_image_url":"http://abs.twimg.com/images/themes/theme19/bg.gif","profile_background_image_url_https":"https://abs.twimg.com/images/themes/theme19/bg.gif","profile_background_tile":false,"profile_image_url":"http://pbs.twimg.com/profile_images/876795376950403072/N9YHpClN_normal.jpg","profile_image_url_https":"https://pbs.twimg.com/profile_images/876795376950403072/N9YHpClN_normal.jpg","profile_banner_url":"https://pbs.twimg.com/profile_banners/615944931/1485324173","profile_link_color":"F5790C","profile_sidebar_border_color":"FFFFFF","profile_sidebar_fill_color":"F6FFD1","profile_text_color":"333333","profile_use_background_image":true,"has_extended_profile":true,"default_profile":false,"default_profile_image":false,"following":false,"follow_request_sent":false,"notifications":false,"translator_type":"none"},"geo":null,"coordinates":null,"place":null,"contributors":null,"is_quote_status":false,"retweet_count":58,"favorite_count":89,"favorited":false,"retweeted":false,"possibly_sensitive":false,"lang":"ja"},{"created_at":"Sun Jul 09 09:33:50 +0000 2017","id":883982516583108600,"id_str":"883982516583108609","text":"「レオくん、メリーゴーラウンドに乗る」の巻。\nスイッチくんはずっとしがみついていました👀💥\n#RakutenEagles #seibulions https://t.co/0OW2iFd4iB","truncated":false,"entities":{"hashtags":[{"text":"RakutenEagles","indices":[46,60]},{"text":"seibulions","indices":[61,72]}],"symbols":[],"user_mentions":[],"urls":[],"media":[{"id":883982502972489700,"id_str":"883982502972489732","indices":[73,96],"media_url":"http://pbs.twimg.com/ext_tw_video_thumb/883982502972489732/pu/img/J0bu2e5NUSHPFUSW.jpg","media_url_https":"https://pbs.twimg.com/ext_tw_video_thumb/883982502972489732/pu/img/J0bu2e5NUSHPFUSW.jpg","url":"https://t.co/0OW2iFd4iB","display_url":"pic.twitter.com/0OW2iFd4iB","expanded_url":"https://twitter.com/Rakuten__Eagles/status/883982516583108609/video/1","type":"photo","sizes":{"large":{"w":568,"h":320,"resize":"fit"},"thumb":{"w":150,"h":150,"resize":"crop"},"small":{"w":340,"h":192,"resize":"fit"},"medium":{"w":568,"h":320,"resize":"fit"}}}]},"extended_entities":{"media":[{"id":883982502972489700,"id_str":"883982502972489732","indices":[73,96],"media_url":"http://pbs.twimg.com/ext_tw_video_thumb/883982502972489732/pu/img/J0bu2e5NUSHPFUSW.jpg","media_url_https":"https://pbs.twimg.com/ext_tw_video_thumb/883982502972489732/pu/img/J0bu2e5NUSHPFUSW.jpg","url":"https://t.co/0OW2iFd4iB","display_url":"pic.twitter.com/0OW2iFd4iB","expanded_url":"https://twitter.com/Rakuten__Eagles/status/883982516583108609/video/1","type":"video","sizes":{"large":{"w":568,"h":320,"resize":"fit"},"thumb":{"w":150,"h":150,"resize":"crop"},"small":{"w":340,"h":192,"resize":"fit"},"medium":{"w":568,"h":320,"resize":"fit"}},"video_info":{"aspect_ratio":[71,40],"duration_millis":25416,"variants":[{"content_type":"application/x-mpegURL","url":"https://video.twimg.com/ext_tw_video/883982502972489732/pu/pl/o7lRj_H7r7u7hmyh.m3u8"},{"bitrate":320000,"content_type":"video/mp4","url":"https://video.twimg.com/ext_tw_video/883982502972489732/pu/vid/318x180/pijj4XTTWqh0u6fX.mp4"}]},"additional_media_info":{"monetizable":false}}]},"metadata":{"iso_language_code":"ja","result_type":"recent"},"source":"<a href=\"http://www.radian6.com\" rel=\"nofollow\">Radian6 -Social Media Management</a>","in_reply_to_status_id":null,"in_reply_to_status_id_str":null,"in_reply_to_user_id":null,"in_reply_to_user_id_str":null,"in_reply_to_screen_name":null,"user":{"id":122025185,"id_str":"122025185","name":"楽天イーグルス","screen_name":"Rakuten__Eagles","location":"東北","description":"楽天イーグルス公式Twitterです。 ※画像の二次利用及び無断転載は禁止とさせていただきます。","url":"https://t.co/iu5AiE9qAH","entities":{"url":{"urls":[{"url":"https://t.co/iu5AiE9qAH","expanded_url":"http://www.rakuteneagles.jp/","display_url":"rakuteneagles.jp","indices":[0,23]}]},"description":{"urls":[]}},"protected":false,"followers_count":529953,"friends_count":172,"listed_count":4078,"created_at":"Thu Mar 11 10:26:29 +0000 2010","favourites_count":337,"utc_offset":32400,"time_zone":"Tokyo","geo_enabled":true,"verified":true,"statuses_count":18781,"lang":"ja","contributors_enabled":false,"is_translator":false,"is_translation_enabled":false,"profile_background_color":"990000","profile_background_image_url":"http://pbs.twimg.com/profile_background_images/378800000176888726/Y27Nhc9J.jpeg","profile_background_image_url_https":"https://pbs.twimg.com/profile_background_images/378800000176888726/Y27Nhc9J.jpeg","profile_background_tile":false,"profile_image_url":"http://pbs.twimg.com/profile_images/881697352033067008/WSdtj-o4_normal.jpg","profile_image_url_https":"https://pbs.twimg.com/profile_images/881697352033067008/WSdtj-o4_normal.jpg","profile_banner_url":"https://pbs.twimg.com/profile_banners/122025185/1499047987","profile_link_color":"990000","profile_sidebar_border_color":"000000","profile_sidebar_fill_color":"F3F3F3","profile_text_color":"333333","profile_use_background_image":false,"has_extended_profile":false,"default_profile":false,"default_profile_image":false,"following":false,"follow_request_sent":false,"notifications":false,"translator_type":"none"},"geo":null,"coordinates":null,"place":null,"contributors":null,"is_quote_status":false,"retweet_count":88,"favorite_count":143,"favorited":false,"retweeted":false,"possibly_sensitive":false,"lang":"ja"},{"created_at":"Sun Jul 09 09:33:14 +0000 2017","id":883982365021749200,"id_str":"883982365021749248","text":"オジマンディアス王が来ない当カルデア英雄王のいよいよ七夕神頼み。 https://t.co/4pjnJln8Gq","truncated":false,"entities":{"hashtags":[],"symbols":[],"user_mentions":[],"urls":[],"media":[{"id":883982240912363500,"id_str":"883982240912363521","indices":[33,56],"media_url":"http://pbs.twimg.com/media/DESJKiFV0AE_gDB.jpg","media_url_https":"https://pbs.twimg.com/media/DESJKiFV0AE_gDB.jpg","url":"https://t.co/4pjnJln8Gq","display_url":"pic.twitter.com/4pjnJln8Gq","expanded_url":"https://twitter.com/sioopaoo_7_10/status/883982365021749248/photo/1","type":"photo","sizes":{"medium":{"w":850,"h":1200,"resize":"fit"},"large":{"w":1074,"h":1517,"resize":"fit"},"thumb":{"w":150,"h":150,"resize":"crop"},"small":{"w":481,"h":680,"resize":"fit"}}}]},"extended_entities":{"media":[{"id":883982240912363500,"id_str":"883982240912363521","indices":[33,56],"media_url":"http://pbs.twimg.com/media/DESJKiFV0AE_gDB.jpg","media_url_https":"https://pbs.twimg.com/media/DESJKiFV0AE_gDB.jpg","url":"https://t.co/4pjnJln8Gq","display_url":"pic.twitter.com/4pjnJln8Gq","expanded_url":"https://twitter.com/sioopaoo_7_10/status/883982365021749248/photo/1","type":"photo","sizes":{"medium":{"w":850,"h":1200,"resize":"fit"},"large":{"w":1074,"h":1517,"resize":"fit"},"thumb":{"w":150,"h":150,"resize":"crop"},"small":{"w":481,"h":680,"resize":"fit"}}},{"id":883982241495261200,"id_str":"883982241495261184","indices":[33,56],"media_url":"http://pbs.twimg.com/media/DESJKkQUIAAnF0S.jpg","media_url_https":"https://pbs.twimg.com/media/DESJKkQUIAAnF0S.jpg","url":"https://t.co/4pjnJln8Gq","display_url":"pic.twitter.com/4pjnJln8Gq","expanded_url":"https://twitter.com/sioopaoo_7_10/status/883982365021749248/photo/1","type":"photo","sizes":{"medium":{"w":850,"h":1200,"resize":"fit"},"large":{"w":1074,"h":1517,"resize":"fit"},"thumb":{"w":150,"h":150,"resize":"crop"},"small":{"w":481,"h":680,"resize":"fit"}}}]},"metadata":{"iso_language_code":"ja","result_type":"recent"},"source":"<a href=\"https://about.twitter.com/products/tweetdeck\" rel=\"nofollow\">TweetDeck</a>","in_reply_to_status_id":null,"in_reply_to_status_id_str":null,"in_reply_to_user_id":null,"in_reply_to_user_id_str":null,"in_reply_to_screen_name":null,"user":{"id":148368114,"id_str":"148368114","name":"NATO🏹☀️夏コミ3日目❤ポ01a","screen_name":"sioopaoo_7_10","location":"トゥメル人の獣","description":"なと、と読みます。男女問わず成人向けを好きなように好きな時に描いていますので未成年の方はご遠慮下さい。お仕事のご連絡はeni0.nat000@gmail.comにてお願い致します。 メッセージやお題はこちらから❤https://t.co/5tZibFCNRA","url":"https://t.co/C1CH0wMkAl","entities":{"url":{"urls":[{"url":"https://t.co/C1CH0wMkAl","expanded_url":"http://www.pixiv.net/member.php?id=166896","display_url":"pixiv.net/member.php?id=…","indices":[0,23]}]},"description":{"urls":[{"url":"https://t.co/5tZibFCNRA","expanded_url":"http://odaibako.net/u/sioopaoo_7_10","display_url":"odaibako.net/u/sioopaoo_7_10","indices":[106,129]}]}},"protected":false,"followers_count":16775,"friends_count":82,"listed_count":317,"created_at":"Wed May 26 14:34:47 +0000 2010","favourites_count":5158,"utc_offset":-36000,"time_zone":"Hawaii","geo_enabled":false,"verified":false,"statuses_count":67972,"lang":"ja","contributors_enabled":false,"is_translator":false,"is_translation_enabled":false,"profile_background_color":"1A1B1F","profile_background_image_url":"http://abs.twimg.com/images/themes/theme9/bg.gif","profile_background_image_url_https":"https://abs.twimg.com/images/themes/theme9/bg.gif","profile_background_tile":false,"profile_image_url":"http://pbs.twimg.com/profile_images/882985046516224002/4LRKxOxS_normal.jpg","profile_image_url_https":"https://pbs.twimg.com/profile_images/882985046516224002/4LRKxOxS_normal.jpg","profile_banner_url":"https://pbs.twimg.com/profile_banners/148368114/1496279040","profile_link_color":"F22771","profile_sidebar_border_color":"FFFFFF","profile_sidebar_fill_color":"252429","profile_text_color":"666666","profile_use_background_image":true,"has_extended_profile":false,"default_profile":false,"default_profile_image":false,"following":false,"follow_request_sent":false,"notifications":false,"translator_type":"none"},"geo":null,"coordinates":null,"place":null,"contributors":null,"is_quote_status":false,"retweet_count":120,"favorite_count":226,"favorited":false,"retweeted":false,"possibly_sensitive":false,"lang":"ja"},{"created_at":"Sun Jul 09 09:33:01 +0000 2017","id":883982312744132600,"id_str":"883982312744132612","text":"帰ります♪\nありがとう、Eric＆Naoko。 https://t.co/o9NVIHTs8Z","truncated":false,"entities":{"hashtags":[],"symbols":[],"user_mentions":[],"urls":[],"media":[{"id":883982290208129000,"id_str":"883982290208129025","indices":[24,47],"media_url":"http://pbs.twimg.com/media/DESJNZuXgAEr30d.jpg","media_url_https":"https://pbs.twimg.com/media/DESJNZuXgAEr30d.jpg","url":"https://t.co/o9NVIHTs8Z","display_url":"pic.twitter.com/o9NVIHTs8Z","expanded_url":"https://twitter.com/SPC_nishikata/status/883982312744132612/photo/1","type":"photo","sizes":{"large":{"w":1280,"h":960,"resize":"fit"},"small":{"w":680,"h":510,"resize":"fit"},"thumb":{"w":150,"h":150,"resize":"crop"},"medium":{"w":1200,"h":900,"resize":"fit"}}}]},"extended_entities":{"media":[{"id":883982290208129000,"id_str":"883982290208129025","indices":[24,47],"media_url":"http://pbs.twimg.com/media/DESJNZuXgAEr30d.jpg","media_url_https":"https://pbs.twimg.com/media/DESJNZuXgAEr30d.jpg","url":"https://t.co/o9NVIHTs8Z","display_url":"pic.twitter.com/o9NVIHTs8Z","expanded_url":"https://twitter.com/SPC_nishikata/status/883982312744132612/photo/1","type":"photo","sizes":{"large":{"w":1280,"h":960,"resize":"fit"},"small":{"w":680,"h":510,"resize":"fit"},"thumb":{"w":150,"h":150,"resize":"crop"},"medium":{"w":1200,"h":900,"resize":"fit"}}}]},"metadata":{"iso_language_code":"ja","result_type":"recent"},"source":"<a href=\"http://www.echofon.com/\" rel=\"nofollow\">Echofon</a>","in_reply_to_status_id":null,"in_reply_to_status_id_str":null,"in_reply_to_user_id":null,"in_reply_to_user_id_str":null,"in_reply_to_screen_name":null,"user":{"id":334486909,"id_str":"334486909","name":"西片明人","screen_name":"SPC_nishikata","location":"ライブハウス","description":"ライブサウンドエンジニア。 SPC peakperformance代表 / 東北ライブハウス大作戦本部長 / 幡ヶ谷再生大学一期生","url":"https://t.co/uxq7tqYngO","entities":{"url":{"urls":[{"url":"https://t.co/uxq7tqYngO","expanded_url":"http://www.livehouse-daisakusen.com/","display_url":"livehouse-daisakusen.com","indices":[0,23]}]},"description":{"urls":[]}},"protected":false,"followers_count":18328,"friends_count":490,"listed_count":298,"created_at":"Wed Jul 13 05:14:05 +0000 2011","favourites_count":0,"utc_offset":32400,"time_zone":"Tokyo","geo_enabled":false,"verified":false,"statuses_count":12502,"lang":"ja","contributors_enabled":false,"is_translator":false,"is_translation_enabled":false,"profile_background_color":"C0DEED","profile_background_image_url":"http://abs.twimg.com/images/themes/theme1/bg.png","profile_background_image_url_https":"https://abs.twimg.com/images/themes/theme1/bg.png","profile_background_tile":false,"profile_image_url":"http://pbs.twimg.com/profile_images/569051593899659265/KdC9fRzl_normal.jpeg","profile_image_url_https":"https://pbs.twimg.com/profile_images/569051593899659265/KdC9fRzl_normal.jpeg","profile_banner_url":"https://pbs.twimg.com/profile_banners/334486909/1476920317","profile_link_color":"1DA1F2","profile_sidebar_border_color":"C0DEED","profile_sidebar_fill_color":"DDEEF6","profile_text_color":"333333","profile_use_background_image":true,"has_extended_profile":false,"default_profile":true,"default_profile_image":false,"following":false,"follow_request_sent":false,"notifications":false,"translator_type":"none"},"geo":null,"coordinates":null,"place":null,"contributors":null,"is_quote_status":false,"retweet_count":57,"favorite_count":155,"favorited":false,"retweeted":false,"possibly_sensitive":false,"lang":"ja"},{"created_at":"Sun Jul 09 09:32:39 +0000 2017","id":883982219378806800,"id_str":"883982219378806785","text":"トロたくだよぉ..🤤","truncated":false,"entities":{"hashtags":[],"symbols":[],"user_mentions":[],"urls":[]},"metadata":{"iso_language_code":"ja","result_type":"recent"},"source":"<a href=\"http://twitter.com/download/iphone\" rel=\"nofollow\">Twitter for iPhone</a>","in_reply_to_status_id":null,"in_reply_to_status_id_str":null,"in_reply_to_user_id":null,"in_reply_to_user_id_str":null,"in_reply_to_screen_name":null,"user":{"id":2856790058,"id_str":"2856790058","name":"渡辺美優紀","screen_name":"miyukiofficial9","location":"日本","description":"https://t.co/XJqDlrW8pn","url":"https://t.co/2ut48eaNBb","entities":{"url":{"urls":[{"url":"https://t.co/2ut48eaNBb","expanded_url":"http://Instagram.com/miyukichan919","display_url":"Instagram.com/miyukichan919","indices":[0,23]}]},"description":{"urls":[{"url":"https://t.co/XJqDlrW8pn","expanded_url":"https://ameblo.jp/watanabemiyuki-official/","display_url":"ameblo.jp/watanabemiyuki…","indices":[0,23]}]}},"protected":false,"followers_count":589647,"friends_count":1,"listed_count":5829,"created_at":"Wed Oct 15 13:57:40 +0000 2014","favourites_count":69,"utc_offset":null,"time_zone":null,"geo_enabled":false,"verified":true,"statuses_count":248,"lang":"ja","contributors_enabled":false,"is_translator":false,"is_translation_enabled":false,"profile_background_color":"C0DEED","profile_background_image_url":"http://abs.twimg.com/images/themes/theme1/bg.png","profile_background_image_url_https":"https://abs.twimg.com/images/themes/theme1/bg.png","profile_background_tile":false,"profile_image_url":"http://pbs.twimg.com/profile_images/871534179636228099/ibYlCgJy_normal.jpg","profile_image_url_https":"https://pbs.twimg.com/profile_images/871534179636228099/ibYlCgJy_normal.jpg","profile_banner_url":"https://pbs.twimg.com/profile_banners/2856790058/1475379663","profile_link_color":"1DA1F2","profile_sidebar_border_color":"C0DEED","profile_sidebar_fill_color":"DDEEF6","profile_text_color":"333333","profile_use_background_image":true,"has_extended_profile":true,"default_profile":true,"default_profile_image":false,"following":false,"follow_request_sent":false,"notifications":false,"translator_type":"none"},"geo":null,"coordinates":null,"place":null,"contributors":null,"is_quote_status":false,"retweet_count":109,"favorite_count":622,"favorited":false,"retweeted":false,"lang":"ja"}],"search_metadata":{"completed_in":0.1,"max_id":883983800987930600,"max_id_str":"883983800987930625","next_results":"?max_id=883982219378806784&q=lang%3Aja%20min_retweets%3A50&include_entities=1","query":"lang%3Aja+min_retweets%3A50","refresh_url":"?since_id=883983800987930625&q=lang%3Aja%20min_retweets%3A50&include_entities=1","count":15,"since_id":0,"since_id_str":"0"}}