{"statuses":[{"created_at":"Sat Jul 08 15:20:49 +0000 2017","id":883707449760333800,"id_str":"883707449760333824","text":"このシェイクスピアって人、儂より4歳歳下です。\n\n #Apocrypha","truncated":false,"entities":{"hashtags":[{"text":"Apocrypha","indices":[26,36]}],"symbols":[],"user_mentions":[],"urls":[]},"metadata":{"iso_language_code":"ja","result_type":"recent"},"source":"<a href=\"http://twitter.com/download/iphone\" rel=\"nofollow\">Twitter for iPhone</a>","in_reply_to_status_id":null,"in_reply_to_status_id_str":null,"in_reply_to_user_id":null,"in_reply_to_user_id_str":null,"in_reply_to_screen_name":null,"user":{"id":478157613,"id_str":"478157613","name":"石田三成","screen_name":"zibumitunari","location":"佐和山城","description":"石田三成。420年前は五奉行職。山崎、小牧長久手、忍城攻め、関ヶ原に出陣。現在はツイッタ―で活動。 好物は近江鮎の塩焼きと大福と茶。 治部少輔です。話が合う者は気軽にフォローをしてくれると有難い。","url":"https://t.co/CtRRMU8KSO","entities":{"url":{"urls":[{"url":"https://t.co/CtRRMU8KSO","expanded_url":"https://ja.m.wikipedia.org/wiki/%E7%9F%B3%E7%94%B0%E4%B8%89%E6%88%90","display_url":"ja.m.wikipedia.org/wiki/%E7%9F%B3…","indices":[0,23]}]},"description":{"urls":[]}},"protected":false,"followers_count":115918,"friends_count":3051,"listed_count":1111,"created_at":"Sun Jan 29 23:57:45 +0000 2012","favourites_count":49023,"utc_offset":null,"time_zone":null,"geo_enabled":false,"verified":false,"statuses_count":49378,"lang":"ja","contributors_enabled":false,"is_translator":false,"is_translation_enabled":false,"profile_background_color":"C0DEED","profile_background_image_url":"http://abs.twimg.com/images/themes/theme1/bg.png","profile_background_image_url_https":"https://abs.twimg.com/images/themes/theme1/bg.png","profile_background_tile":false,"profile_image_url":"http://pbs.twimg.com/profile_images/883501986624057344/pm5i4JiU_normal.jpg","profile_image_url_https":"https://pbs.twimg.com/profile_images/883501986624057344/pm5i4JiU_normal.jpg","profile_banner_url":"https://pbs.twimg.com/profile_banners/478157613/1489228790","profile_link_color":"1DA1F2","profile_sidebar_border_color":"C0DEED","profile_sidebar_fill_color":"DDEEF6","profile_text_color":"333333","profile_use_background_image":true,"has_extended_profile":false,"default_profile":true,"default_profile_image":false,"following":false,"follow_request_sent":false,"notifications":false,"translator_type":"none"},"geo":null,"coordinates":null,"place":null,"contributors":null,"is_quote_status":false,"retweet_count":66,"favorite_count":52,"favorited":false,"retweeted":false,"lang":"ja"},{"created_at":"Sat Jul 08 15:20:38 +0000 2017","id":883707403224588300,"id_str":"883707403224588290","text":"シェイクスピア、動くと困った人感が数倍増だ……！ #アポクリファ","truncated":false,"entities":{"hashtags":[{"text":"アポクリファ","indices":[25,32]}],"symbols":[],"user_mentions":[],"urls":[]},"metadata":{"iso_language_code":"ja","result_type":"recent"},"source":"<a href=\"http://twitter.com/download/iphone\" rel=\"nofollow\">Twitter for iPhone</a>","in_reply_to_status_id":null,"in_reply_to_status_id_str":null,"in_reply_to_user_id":null,"in_reply_to_user_id_str":null,"in_reply_to_screen_name":null,"user":{"id":88376329,"id_str":"88376329","name":"三田誠/Makoto Sanda","screen_name":"makoto_sanda","location":"","description":"『ロード・エルメロイⅡ世の事件簿』『創神と喪神のマギウス』『レンタルマギカ』『レッドドラゴン（ケイオスドラゴン原案）』『クロス×レガリア』などを書いてる文筆業の三田誠です。リンクはアマゾンの著者ページになってます。","url":"https://t.co/RfhsznOfvM","entities":{"url":{"urls":[{"url":"https://t.co/RfhsznOfvM","expanded_url":"https://www.amazon.co.jp/%E4%B8%89%E7%94%B0%E8%AA%A0/e/B003UWSK34/","display_url":"amazon.co.jp/%E4%B8%89%E7%9…","indices":[0,23]}]},"description":{"urls":[]}},"protected":false,"followers_count":32398,"friends_count":476,"listed_count":1473,"created_at":"Sun Nov 08 07:59:08 +0000 2009","favourites_count":276,"utc_offset":32400,"time_zone":"Osaka","geo_enabled":false,"verified":false,"statuses_count":39336,"lang":"ja","contributors_enabled":false,"is_translator":false,"is_translation_enabled":false,"profile_background_color":"C0DEED","profile_background_image_url":"http://abs.twimg.com/images/themes/theme1/bg.png","profile_background_image_url_https":"https://abs.twimg.com/images/themes/theme1/bg.png","profile_background_tile":false,"profile_image_url":"http://pbs.twimg.com/profile_images/875737127207657475/mot3Ka-P_normal.jpg","profile_image_url_https":"https://pbs.twimg.com/profile_images/875737127207657475/mot3Ka-P_normal.jpg","profile_link_color":"1DA1F2","profile_sidebar_border_color":"C0DEED","profile_sidebar_fill_color":"DDEEF6","profile_text_color":"333333","profile_use_background_image":true,"has_extended_profile":false,"default_profile":true,"default_profile_image":false,"following":false,"follow_request_sent":false,"notifications":false,"translator_type":"none"},"geo":null,"coordinates":null,"place":null,"contributors":null,"is_quote_status":false,"retweet_count":60,"favorite_count":44,"favorited":false,"retweeted":false,"lang":"ja"},{"created_at":"Sat Jul 08 15:20:22 +0000 2017","id":883707336946180100,"id_str":"883707336946180097","text":"活撃 刀剣乱舞の公式推奨twitterハッシュタグが\n「#活撃」から「#活撃刀剣乱舞」に変更されたので\n\n#活撃刀剣乱舞 　でツイートするようにしましょう（今週こそトレンド入りさせよう）","truncated":false,"entities":{"hashtags":[{"text":"活撃","indices":[28,31]},{"text":"活撃刀剣乱舞","indices":[35,42]},{"text":"活撃刀剣乱舞","indices":[53,60]}],"symbols":[],"user_mentions":[],"urls":[]},"metadata":{"iso_language_code":"ja","result_type":"recent"},"source":"<a href=\"http://twitter.com\" rel=\"nofollow\">Twitter Web Client</a>","in_reply_to_status_id":null,"in_reply_to_status_id_str":null,"in_reply_to_user_id":null,"in_reply_to_user_id_str":null,"in_reply_to_screen_name":null,"user":{"id":2984106056,"id_str":"2984106056","name":"刀剣乱舞攻略速報【とうらぶ】※非公式","screen_name":"toukenkouryaku","location":"当サイトは非公式サイトです","description":"【重要】非公式ファンサイトのアカウントです。刀剣乱舞公式サイト → https://t.co/bMlNMyS5xt 刀剣乱舞のレシピ、攻略情報、グッズ、ニュース、刀剣展示情報を収集し発信中。 初心者向け情報→ https://t.co/dzrhxIEo6V 過去の記事も定期的に再ツイートしてます 個人垢→ @matokanx","url":"https://t.co/8RDL5CnqI5","entities":{"url":{"urls":[{"url":"https://t.co/8RDL5CnqI5","expanded_url":"http://xn--dkqp0gri91r38rn1wmlurtz.com/","display_url":"刀剣乱舞攻略速報.com","indices":[0,23]}]},"description":{"urls":[{"url":"https://t.co/bMlNMyS5xt","expanded_url":"http://bit.ly/1L0Xqzu","display_url":"bit.ly/1L0Xqzu","indices":[34,57]},{"url":"https://t.co/dzrhxIEo6V","expanded_url":"http://bit.ly/1OVzmxR","display_url":"bit.ly/1OVzmxR","indices":[105,128]}]}},"protected":false,"followers_count":148901,"friends_count":190,"listed_count":2762,"created_at":"Thu Jan 15 12:15:21 +0000 2015","favourites_count":186,"utc_offset":32400,"time_zone":"Tokyo","geo_enabled":false,"verified":false,"statuses_count":16440,"lang":"ja","contributors_enabled":false,"is_translator":false,"is_translation_enabled":true,"profile_background_color":"C0DEED","profile_background_image_url":"http://abs.twimg.com/images/themes/theme1/bg.png","profile_background_image_url_https":"https://abs.twimg.com/images/themes/theme1/bg.png","profile_background_tile":false,"profile_image_url":"http://pbs.twimg.com/profile_images/848015684080549888/t8wLwr0X_normal.jpg","profile_image_url_https":"https://pbs.twimg.com/profile_images/848015684080549888/t8wLwr0X_normal.jpg","profile_link_color":"1DA1F2","profile_sidebar_border_color":"C0DEED","profile_sidebar_fill_color":"DDEEF6","profile_text_color":"333333","profile_use_background_image":true,"has_extended_profile":false,"default_profile":true,"default_profile_image":false,"following":false,"follow_request_sent":false,"notifications":false,"translator_type":"none"},"geo":null,"coordinates":null,"place":null,"contributors":null,"is_quote_status":false,"retweet_count":49,"favorite_count":36,"favorited":false,"retweeted":false,"lang":"ja"},{"created_at":"Sat Jul 08 15:19:53 +0000 2017","id":883707216192192500,"id_str":"883707216192192513","text":"テーマ曲まで派手だなコイツ！　#アポクリファ","truncated":false,"entities":{"hashtags":[{"text":"アポクリファ","indices":[15,22]}],"symbols":[],"user_mentions":[],"urls":[]},"metadata":{"iso_language_code":"ja","result_type":"recent"},"source":"<a href=\"http://twitter.com\" rel=\"nofollow\">Twitter Web Client</a>","in_reply_to_status_id":null,"in_reply_to_status_id_str":null,"in_reply_to_user_id":null,"in_reply_to_user_id_str":null,"in_reply_to_screen_name":null,"user":{"id":18525889,"id_str":"18525889","name":"東出祐一郎","screen_name":"Higashide_Yu","location":"東京","description":"ライター。仕事に関しては公式サイトへ。\n（15/01/30）公式サイト完成しました。近年の仕事一覧やコンタクト用メールフォームなど。よろしくです。","url":"http://t.co/0JeXOgPxkz","entities":{"url":{"urls":[{"url":"http://t.co/0JeXOgPxkz","expanded_url":"http://higashide-y.com/","display_url":"higashide-y.com","indices":[0,22]}]},"description":{"urls":[]}},"protected":false,"followers_count":24883,"friends_count":1032,"listed_count":913,"created_at":"Thu Jan 01 08:55:57 +0000 2009","favourites_count":2,"utc_offset":32400,"time_zone":"Tokyo","geo_enabled":false,"verified":false,"statuses_count":18585,"lang":"ja","contributors_enabled":false,"is_translator":false,"is_translation_enabled":false,"profile_background_color":"9AE4E8","profile_background_image_url":"http://pbs.twimg.com/profile_background_images/390373961/TokyoBabel_sorami.jpg","profile_background_image_url_https":"https://pbs.twimg.com/profile_background_images/390373961/TokyoBabel_sorami.jpg","profile_background_tile":false,"profile_image_url":"http://pbs.twimg.com/profile_images/2175426843/569649560_normal.jpg","profile_image_url_https":"https://pbs.twimg.com/profile_images/2175426843/569649560_normal.jpg","profile_link_color":"0084B4","profile_sidebar_border_color":"BDDCAD","profile_sidebar_fill_color":"DDFFCC","profile_text_color":"333333","profile_use_background_image":true,"has_extended_profile":false,"default_profile":false,"default_profile_image":false,"following":false,"follow_request_sent":false,"notifications":false,"translator_type":"none"},"geo":null,"coordinates":null,"place":null,"contributors":null,"is_quote_status":false,"retweet_count":49,"favorite_count":30,"favorited":false,"retweeted":false,"lang":"ja"},{"created_at":"Sat Jul 08 15:19:36 +0000 2017","id":883707143186128900,"id_str":"883707143186128898","text":"ジャックちゃんと一緒に歩いていたお母さんこと六導玲霞さんの礼装描かせて頂いてますです　#アポクリファ #FGO　https://t.co/0HOidImu6N","truncated":false,"entities":{"hashtags":[{"text":"アポクリファ","indices":[43,50]},{"text":"FGO","indices":[51,55]}],"symbols":[],"user_mentions":[],"urls":[{"url":"https://t.co/0HOidImu6N","expanded_url":"https://twitter.com/otmm/status/719458654563344384","display_url":"twitter.com/otmm/status/71…","indices":[56,79]}]},"metadata":{"iso_language_code":"ja","result_type":"recent"},"source":"<a href=\"http://janetter.net/\" rel=\"nofollow\">Janetter</a>","in_reply_to_status_id":null,"in_reply_to_status_id_str":null,"in_reply_to_user_id":null,"in_reply_to_user_id_str":null,"in_reply_to_screen_name":null,"user":{"id":14168373,"id_str":"14168373","name":"ReDrop/おつまみ@3日目シ75a","screen_name":"otmm","location":"","description":"宮本スモーク(@smokeRDP)とReDrop名義で漫画を描いたりイラストを描いたりしています。読み方は”レッドロップ”です。監獄学園スピンオフ「副会長ガンバル。」GA文庫「中古でも恋がしたい！」挿絵など。※成人向もあげますのでフォローの際はご注意下さい","url":"https://t.co/K1THdG4Wtn","entities":{"url":{"urls":[{"url":"https://t.co/K1THdG4Wtn","expanded_url":"http://www.redrop.net/","display_url":"redrop.net","indices":[0,23]}]},"description":{"urls":[]}},"protected":false,"followers_count":68239,"friends_count":252,"listed_count":1898,"created_at":"Tue Mar 18 06:28:30 +0000 2008","favourites_count":570,"utc_offset":32400,"time_zone":"Tokyo","geo_enabled":false,"verified":false,"statuses_count":7585,"lang":"ja","contributors_enabled":false,"is_translator":false,"is_translation_enabled":false,"profile_background_color":"170807","profile_background_image_url":"http://pbs.twimg.com/profile_background_images/378800000046877669/e6394fb64a906f1cd2fc2a99701e7fce.png","profile_background_image_url_https":"https://pbs.twimg.com/profile_background_images/378800000046877669/e6394fb64a906f1cd2fc2a99701e7fce.png","profile_background_tile":true,"profile_image_url":"http://pbs.twimg.com/profile_images/495920954137001984/dkmaWGPb_normal.png","profile_image_url_https":"https://pbs.twimg.com/profile_images/495920954137001984/dkmaWGPb_normal.png","profile_banner_url":"https://pbs.twimg.com/profile_banners/14168373/1415942687","profile_link_color":"C9878B","profile_sidebar_border_color":"EDE4C2","profile_sidebar_fill_color":"BAD1C2","profile_text_color":"BAA8A8","profile_use_background_image":true,"has_extended_profile":false,"default_profile":false,"default_profile_image":false,"following":false,"follow_request_sent":false,"notifications":false,"translator_type":"none"},"geo":null,"coordinates":null,"place":null,"contributors":null,"is_quote_status":true,"quoted_status_id":719458654563344400,"quoted_status_id_str":"719458654563344384","quoted_status":{"created_at":"Mon Apr 11 09:34:44 +0000 2016","id":719458654563344400,"id_str":"719458654563344384","text":"「Fate/Grand Order」にて開催中のダ・ヴィンチちゃんイベントに登場する概念礼装「柔らかな慈愛」のイラストを描かせて頂きました！六導玲霞です、よろしくお願い致します～。https://t.co/QeepUcyUQ9 https://t.co/UnTUWfRh5Z","truncated":false,"entities":{"hashtags":[],"symbols":[],"user_mentions":[],"urls":[{"url":"https://t.co/QeepUcyUQ9","expanded_url":"http://news.fate-go.jp/2016/koolug/","display_url":"news.fate-go.jp/2016/koolug/","indices":[90,113]}],"media":[{"id":719458652189405200,"id_str":"719458652189405184","indices":[114,137],"media_url":"http://pbs.twimg.com/media/CfwH1RJUsAAWjo3.png","media_url_https":"https://pbs.twimg.com/media/CfwH1RJUsAAWjo3.png","url":"https://t.co/UnTUWfRh5Z","display_url":"pic.twitter.com/UnTUWfRh5Z","expanded_url":"https://twitter.com/otmm/status/719458654563344384/photo/1","type":"photo","sizes":{"thumb":{"w":150,"h":150,"resize":"crop"},"medium":{"w":512,"h":875,"resize":"fit"},"large":{"w":512,"h":875,"resize":"fit"},"small":{"w":340,"h":581,"resize":"fit"}}}]},"extended_entities":{"media":[{"id":719458652189405200,"id_str":"719458652189405184","indices":[114,137],"media_url":"http://pbs.twimg.com/media/CfwH1RJUsAAWjo3.png","media_url_https":"https://pbs.twimg.com/media/CfwH1RJUsAAWjo3.png","url":"https://t.co/UnTUWfRh5Z","display_url":"pic.twitter.com/UnTUWfRh5Z","expanded_url":"https://twitter.com/otmm/status/719458654563344384/photo/1","type":"photo","sizes":{"thumb":{"w":150,"h":150,"resize":"crop"},"medium":{"w":512,"h":875,"resize":"fit"},"large":{"w":512,"h":875,"resize":"fit"},"small":{"w":340,"h":581,"resize":"fit"}}}]},"metadata":{"iso_language_code":"ja","result_type":"recent"},"source":"<a href=\"http://janetter.net/\" rel=\"nofollow\">Janetter</a>","in_reply_to_status_id":null,"in_reply_to_status_id_str":null,"in_reply_to_user_id":null,"in_reply_to_user_id_str":null,"in_reply_to_screen_name":null,"user":{"id":14168373,"id_str":"14168373","name":"ReDrop/おつまみ@3日目シ75a","screen_name":"otmm","location":"","description":"宮本スモーク(@smokeRDP)とReDrop名義で漫画を描いたりイラストを描いたりしています。読み方は”レッドロップ”です。監獄学園スピンオフ「副会長ガンバル。」GA文庫「中古でも恋がしたい！」挿絵など。※成人向もあげますのでフォローの際はご注意下さい","url":"https://t.co/K1THdG4Wtn","entities":{"url":{"urls":[{"url":"https://t.co/K1THdG4Wtn","expanded_url":"http://www.redrop.net/","display_url":"redrop.net","indices":[0,23]}]},"description":{"urls":[]}},"protected":false,"followers_count":68239,"friends_count":252,"listed_count":1898,"created_at":"Tue Mar 18 06:28:30 +0000 2008","favourites_count":570,"utc_offset":32400,"time_zone":"Tokyo","geo_enabled":false,"verified":false,"statuses_count":7585,"lang":"ja","contributors_enabled":false,"is_translator":false,"is_translation_enabled":false,"profile_background_color":"170807","profile_background_image_url":"http://pbs.twimg.com/profile_background_images/378800000046877669/e6394fb64a906f1cd2fc2a99701e7fce.png","profile_background_image_url_https":"https://pbs.twimg.com/profile_background_images/378800000046877669/e6394fb64a906f1cd2fc2a99701e7fce.png","profile_background_tile":true,"profile_image_url":"http://pbs.twimg.com/profile_images/495920954137001984/dkmaWGPb_normal.png","profile_image_url_https":"https://pbs.twimg.com/profile_images/495920954137001984/dkmaWGPb_normal.png","profile_banner_url":"https://pbs.twimg.com/profile_banners/14168373/1415942687","profile_link_color":"C9878B","profile_sidebar_border_color":"EDE4C2","profile_sidebar_fill_color":"BAD1C2","profile_text_color":"BAA8A8","profile_use_background_image":true,"has_extended_profile":false,"default_profile":false,"default_profile_image":false,"following":false,"follow_request_sent":false,"notifications":false,"translator_type":"none"},"geo":null,"coordinates":null,"place":null,"contributors":null,"is_quote_status":false,"retweet_count":1878,"favorite_count":2275,"favorited":false,"retweeted":false,"possibly_sensitive":false,"lang":"ja"},"retweet_count":57,"favorite_count":39,"favorited":false,"retweeted":false,"possibly_sensitive":false,"lang":"ja"},{"created_at":"Sat Jul 08 15:19:31 +0000 2017","id":883707125343469600,"id_str":"883707125343469568","text":"待って心霊動画\nまた声入ってんじゃん、、、\nなんなの(;_;)","truncated":false,"entities":{"hashtags":[],"symbols":[],"user_mentions":[],"urls":[]},"metadata":{"iso_language_code":"ja","result_type":"recent"},"source":"<a href=\"http://twitter.com/download/iphone\" rel=\"nofollow\">Twitter for iPhone</a>","in_reply_to_status_id":null,"in_reply_to_status_id_str":null,"in_reply_to_user_id":null,"in_reply_to_user_id_str":null,"in_reply_to_screen_name":null,"user":{"id":2507536920,"id_str":"2507536920","name":"ンダホ【Fischer's】","screen_name":"ndahoFischers","location":"ーUUUM所属ー","description":"フィッシャーズというチャンネルでYouTubeやってます！ 登録者275万人突破！🌟ふざけTシャツ🌟軍団アカ→(@Fischershome) 贈り物はUUUM宛で！ 野球⚾️遊助さん🌻モンスト🃏が好きです♪ 今日の一言【冷房が買いたい！】","url":"https://www.youtube.com/channel/UCibEhpu5HP45-w7Bq1ZIulw","entities":{"url":{"urls":[{"url":"https://www.youtube.com/channel/UCibEhpu5HP45-w7Bq1ZIulw","expanded_url":null,"indices":[0,56]}]},"description":{"urls":[]}},"protected":false,"followers_count":616953,"friends_count":704,"listed_count":1684,"created_at":"Mon May 19 14:19:27 +0000 2014","favourites_count":25777,"utc_offset":null,"time_zone":null,"geo_enabled":true,"verified":false,"statuses_count":20446,"lang":"ja","contributors_enabled":false,"is_translator":false,"is_translation_enabled":false,"profile_background_color":"C0DEED","profile_background_image_url":"http://abs.twimg.com/images/themes/theme1/bg.png","profile_background_image_url_https":"https://abs.twimg.com/images/themes/theme1/bg.png","profile_background_tile":false,"profile_image_url":"http://pbs.twimg.com/profile_images/851108389119590400/sBEvHBpU_normal.jpg","profile_image_url_https":"https://pbs.twimg.com/profile_images/851108389119590400/sBEvHBpU_normal.jpg","profile_banner_url":"https://pbs.twimg.com/profile_banners/2507536920/1482746978","profile_link_color":"1DA1F2","profile_sidebar_border_color":"C0DEED","profile_sidebar_fill_color":"DDEEF6","profile_text_color":"333333","profile_use_background_image":true,"has_extended_profile":true,"default_profile":true,"default_profile_image":false,"following":false,"follow_request_sent":false,"notifications":false,"translator_type":"none"},"geo":null,"coordinates":null,"place":null,"contributors":null,"is_quote_status":false,"retweet_count":239,"favorite_count":1482,"favorited":false,"retweeted":false,"lang":"ja"},{"created_at":"Sat Jul 08 15:18:52 +0000 2017","id":883706961279057900,"id_str":"883706961279057920","text":"たとえ一発でも、当てられる子は、一握り…\n#クラシカロイド　#真夜中のクラシカロイド　#etv","truncated":false,"entities":{"hashtags":[{"text":"クラシカロイド","indices":[21,29]},{"text":"真夜中のクラシカロイド","indices":[30,42]},{"text":"etv","indices":[43,47]}],"symbols":[],"user_mentions":[],"urls":[]},"metadata":{"iso_language_code":"ja","result_type":"recent"},"source":"<a href=\"http://twitter.com\" rel=\"nofollow\">Twitter Web Client</a>","in_reply_to_status_id":null,"in_reply_to_status_id_str":null,"in_reply_to_user_id":null,"in_reply_to_user_id_str":null,"in_reply_to_screen_name":null,"user":{"id":3266113345,"id_str":"3266113345","name":"クラシカロイド_BNP","screen_name":"Classica_BNP","location":"音楽が盛んな地方都市","description":"2017/4/8より毎週(土)真夜中の24時～NHK Eテレにて再放送＆10月より第2シリーズ放送決定！TVアニメ「クラシカロイド」のBN Picturesによる公式Twitterです。O.A.中の呟き多め。※個別返信は行っておりません。【BNP公式HP】https://t.co/o7jrK13kjG","url":"https://t.co/ueSSGsSgeX","entities":{"url":{"urls":[{"url":"https://t.co/ueSSGsSgeX","expanded_url":"http://www.classicaloid.net/","display_url":"classicaloid.net","indices":[0,23]}]},"description":{"urls":[{"url":"https://t.co/o7jrK13kjG","expanded_url":"http://www.bn-pictures.co.jp","display_url":"bn-pictures.co.jp","indices":[128,151]}]}},"protected":false,"followers_count":21554,"friends_count":6,"listed_count":412,"created_at":"Thu Jul 02 13:28:53 +0000 2015","favourites_count":226,"utc_offset":null,"time_zone":null,"geo_enabled":false,"verified":true,"statuses_count":1309,"lang":"ja","contributors_enabled":false,"is_translator":false,"is_translation_enabled":false,"profile_background_color":"000000","profile_background_image_url":"http://abs.twimg.com/images/themes/theme1/bg.png","profile_background_image_url_https":"https://abs.twimg.com/images/themes/theme1/bg.png","profile_background_tile":false,"profile_image_url":"http://pbs.twimg.com/profile_images/881174813317808128/6mvfermQ_normal.jpg","profile_image_url_https":"https://pbs.twimg.com/profile_images/881174813317808128/6mvfermQ_normal.jpg","profile_banner_url":"https://pbs.twimg.com/profile_banners/3266113345/1475994141","profile_link_color":"89C9FA","profile_sidebar_border_color":"000000","profile_sidebar_fill_color":"000000","profile_text_color":"000000","profile_use_background_image":false,"has_extended_profile":false,"default_profile":false,"default_profile_image":false,"following":false,"follow_request_sent":false,"notifications":false,"translator_type":"none"},"geo":null,"coordinates":null,"place":null,"contributors":null,"is_quote_status":false,"retweet_count":54,"favorite_count":52,"favorited":false,"retweeted":false,"lang":"ja"},{"created_at":"Sat Jul 08 15:18:39 +0000 2017","id":883706904727310300,"id_str":"883706904727310338","text":"ありがとう https://t.co/6TbWdqJzko","truncated":false,"entities":{"hashtags":[],"symbols":[],"user_mentions":[],"urls":[],"media":[{"id":883706854517358600,"id_str":"883706854517358592","indices":[6,29],"media_url":"http://pbs.twimg.com/media/DEOOs70VwAAorCV.jpg","media_url_https":"https://pbs.twimg.com/media/DEOOs70VwAAorCV.jpg","url":"https://t.co/6TbWdqJzko","display_url":"pic.twitter.com/6TbWdqJzko","expanded_url":"https://twitter.com/motimotipon/status/883706904727310338/photo/1","type":"photo","sizes":{"medium":{"w":1000,"h":765,"resize":"fit"},"large":{"w":1000,"h":765,"resize":"fit"},"small":{"w":680,"h":520,"resize":"fit"},"thumb":{"w":150,"h":150,"resize":"crop"}}}]},"extended_entities":{"media":[{"id":883706854517358600,"id_str":"883706854517358592","indices":[6,29],"media_url":"http://pbs.twimg.com/media/DEOOs70VwAAorCV.jpg","media_url_https":"https://pbs.twimg.com/media/DEOOs70VwAAorCV.jpg","url":"https://t.co/6TbWdqJzko","display_url":"pic.twitter.com/6TbWdqJzko","expanded_url":"https://twitter.com/motimotipon/status/883706904727310338/photo/1","type":"photo","sizes":{"medium":{"w":1000,"h":765,"resize":"fit"},"large":{"w":1000,"h":765,"resize":"fit"},"small":{"w":680,"h":520,"resize":"fit"},"thumb":{"w":150,"h":150,"resize":"crop"}}}]},"metadata":{"iso_language_code":"ja","result_type":"recent"},"source":"<a href=\"http://twitter.com\" rel=\"nofollow\">Twitter Web Client</a>","in_reply_to_status_id":null,"in_reply_to_status_id_str":null,"in_reply_to_user_id":null,"in_reply_to_user_id_str":null,"in_reply_to_screen_name":null,"user":{"id":514444344,"id_str":"514444344","name":"ぽん柑","screen_name":"motimotipon","location":"","description":"ただのオタクな成人腐女子ですʕº̫͡ºʔアイドルが好き。ヘッダーはばたちゃんから♥リクエストBOX→https://t.co/H8iL11HSlv","url":null,"entities":{"description":{"urls":[{"url":"https://t.co/H8iL11HSlv","expanded_url":"http://odaibako.net/u/motimotipon","display_url":"odaibako.net/u/motimotipon","indices":[50,73]}]}},"protected":false,"followers_count":5102,"friends_count":433,"listed_count":87,"created_at":"Sun Mar 04 15:15:50 +0000 2012","favourites_count":1355,"utc_offset":null,"time_zone":null,"geo_enabled":false,"verified":false,"statuses_count":89,"lang":"ja","contributors_enabled":false,"is_translator":false,"is_translation_enabled":false,"profile_background_color":"642D8B","profile_background_image_url":"http://pbs.twimg.com/profile_background_images/731621800/1f6156e2083a5b678dc2e32b558ac55a.jpeg","profile_background_image_url_https":"https://pbs.twimg.com/profile_background_images/731621800/1f6156e2083a5b678dc2e32b558ac55a.jpeg","profile_background_tile":true,"profile_image_url":"http://pbs.twimg.com/profile_images/878692854964510721/9ohuBLQ2_normal.jpg","profile_image_url_https":"https://pbs.twimg.com/profile_images/878692854964510721/9ohuBLQ2_normal.jpg","profile_banner_url":"https://pbs.twimg.com/profile_banners/514444344/1495600862","profile_link_color":"FF0000","profile_sidebar_border_color":"FFFFFF","profile_sidebar_fill_color":"7AC3EE","profile_text_color":"3D1957","profile_use_background_image":true,"has_extended_profile":false,"default_profile":false,"default_profile_image":false,"following":false,"follow_request_sent":false,"notifications":false,"translator_type":"none"},"geo":null,"coordinates":null,"place":null,"contributors":null,"is_quote_status":false,"retweet_count":66,"favorite_count":149,"favorited":false,"retweeted":false,"possibly_sensitive":false,"lang":"ja"},{"created_at":"Sat Jul 08 15:18:18 +0000 2017","id":883706816156258300,"id_str":"883706816156258304","text":"小説出してた頃と視聴者の見方が逆転している謎の神父。　#アポクリファ","truncated":false,"entities":{"hashtags":[{"text":"アポクリファ","indices":[27,34]}],"symbols":[],"user_mentions":[],"urls":[]},"metadata":{"iso_language_code":"ja","result_type":"recent"},"source":"<a href=\"http://twitter.com\" rel=\"nofollow\">Twitter Web Client</a>","in_reply_to_status_id":null,"in_reply_to_status_id_str":null,"in_reply_to_user_id":null,"in_reply_to_user_id_str":null,"in_reply_to_screen_name":null,"user":{"id":18525889,"id_str":"18525889","name":"東出祐一郎","screen_name":"Higashide_Yu","location":"東京","description":"ライター。仕事に関しては公式サイトへ。\n（15/01/30）公式サイト完成しました。近年の仕事一覧やコンタクト用メールフォームなど。よろしくです。","url":"http://t.co/0JeXOgPxkz","entities":{"url":{"urls":[{"url":"http://t.co/0JeXOgPxkz","expanded_url":"http://higashide-y.com/","display_url":"higashide-y.com","indices":[0,22]}]},"description":{"urls":[]}},"protected":false,"followers_count":24883,"friends_count":1032,"listed_count":913,"created_at":"Thu Jan 01 08:55:57 +0000 2009","favourites_count":2,"utc_offset":32400,"time_zone":"Tokyo","geo_enabled":false,"verified":false,"statuses_count":18585,"lang":"ja","contributors_enabled":false,"is_translator":false,"is_translation_enabled":false,"profile_background_color":"9AE4E8","profile_background_image_url":"http://pbs.twimg.com/profile_background_images/390373961/TokyoBabel_sorami.jpg","profile_background_image_url_https":"https://pbs.twimg.com/profile_background_images/390373961/TokyoBabel_sorami.jpg","profile_background_tile":false,"profile_image_url":"http://pbs.twimg.com/profile_images/2175426843/569649560_normal.jpg","profile_image_url_https":"https://pbs.twimg.com/profile_images/2175426843/569649560_normal.jpg","profile_link_color":"0084B4","profile_sidebar_border_color":"BDDCAD","profile_sidebar_fill_color":"DDFFCC","profile_text_color":"333333","profile_use_background_image":true,"has_extended_profile":false,"default_profile":false,"default_profile_image":false,"following":false,"follow_request_sent":false,"notifications":false,"translator_type":"none"},"geo":null,"coordinates":null,"place":null,"contributors":null,"is_quote_status":false,"retweet_count":355,"favorite_count":169,"favorited":false,"retweeted":false,"lang":"ja"},{"created_at":"Sat Jul 08 15:17:30 +0000 2017","id":883706617992142800,"id_str":"883706617992142848","text":"セミ様・・・・お美しい\n\n#アポクリファ https://t.co/Ys6iqiP9tK","truncated":false,"entities":{"hashtags":[{"text":"アポクリファ","indices":[13,20]}],"symbols":[],"user_mentions":[],"urls":[],"media":[{"id":883706547116712000,"id_str":"883706547116711937","indices":[21,44],"media_url":"http://pbs.twimg.com/media/DEOObCqUIAEdSyC.jpg","media_url_https":"https://pbs.twimg.com/media/DEOObCqUIAEdSyC.jpg","url":"https://t.co/Ys6iqiP9tK","display_url":"pic.twitter.com/Ys6iqiP9tK","expanded_url":"https://twitter.com/FateGrandOrder/status/883706617992142848/photo/1","type":"photo","sizes":{"medium":{"w":1200,"h":675,"resize":"fit"},"small":{"w":680,"h":383,"resize":"fit"},"thumb":{"w":150,"h":150,"resize":"crop"},"large":{"w":1200,"h":675,"resize":"fit"}}}]},"extended_entities":{"media":[{"id":883706547116712000,"id_str":"883706547116711937","indices":[21,44],"media_url":"http://pbs.twimg.com/media/DEOObCqUIAEdSyC.jpg","media_url_https":"https://pbs.twimg.com/media/DEOObCqUIAEdSyC.jpg","url":"https://t.co/Ys6iqiP9tK","display_url":"pic.twitter.com/Ys6iqiP9tK","expanded_url":"https://twitter.com/FateGrandOrder/status/883706617992142848/photo/1","type":"photo","sizes":{"medium":{"w":1200,"h":675,"resize":"fit"},"small":{"w":680,"h":383,"resize":"fit"},"thumb":{"w":150,"h":150,"resize":"crop"},"large":{"w":1200,"h":675,"resize":"fit"}}}]},"metadata":{"iso_language_code":"ja","result_type":"recent"},"source":"<a href=\"http://twitter.com\" rel=\"nofollow\">Twitter Web Client</a>","in_reply_to_status_id":null,"in_reply_to_status_id_str":null,"in_reply_to_user_id":null,"in_reply_to_user_id_str":null,"in_reply_to_screen_name":null,"user":{"id":2700391326,"id_str":"2700391326","name":"Fate/GrandOrderまとめ速報","screen_name":"FateGrandOrder","location":"","description":"Fate/GrandOrder配信！攻略、イラスト、おもしろ画像、グッズ情報、豆知識など。別に・・・・課金してしまっても構わんのだろう？#FateGO　#FGO","url":"http://t.co/k3JVYoDOiZ","entities":{"url":{"urls":[{"url":"http://t.co/k3JVYoDOiZ","expanded_url":"http://fatego.jp/","display_url":"fatego.jp","indices":[0,22]}]},"description":{"urls":[]}},"protected":false,"followers_count":69833,"friends_count":4004,"listed_count":755,"created_at":"Sat Aug 02 09:13:07 +0000 2014","favourites_count":20,"utc_offset":null,"time_zone":null,"geo_enabled":false,"verified":false,"statuses_count":44701,"lang":"ja","contributors_enabled":false,"is_translator":false,"is_translation_enabled":false,"profile_background_color":"C0DEED","profile_background_image_url":"http://abs.twimg.com/images/themes/theme1/bg.png","profile_background_image_url_https":"https://abs.twimg.com/images/themes/theme1/bg.png","profile_background_tile":false,"profile_image_url":"http://pbs.twimg.com/profile_images/495498936564477953/su0if-7j_normal.png","profile_image_url_https":"https://pbs.twimg.com/profile_images/495498936564477953/su0if-7j_normal.png","profile_banner_url":"https://pbs.twimg.com/profile_banners/2700391326/1433911097","profile_link_color":"1DA1F2","profile_sidebar_border_color":"C0DEED","profile_sidebar_fill_color":"DDEEF6","profile_text_color":"333333","profile_use_background_image":true,"has_extended_profile":false,"default_profile":true,"default_profile_image":false,"following":false,"follow_request_sent":false,"notifications":false,"translator_type":"none"},"geo":null,"coordinates":null,"place":null,"contributors":null,"is_quote_status":false,"retweet_count":93,"favorite_count":135,"favorited":false,"retweeted":false,"possibly_sensitive":false,"lang":"ja"},{"created_at":"Sat Jul 08 15:17:03 +0000 2017","id":883706502325850100,"id_str":"883706502325850112","text":"ホルツ北海道公演お疲れ様ー！そしてありがとう！！みんなすごいいい笑顔だったよー！😭とみたんとのざきさんもおかえり！トラライの予約もありがとねー！😭💞 https://t.co/PG1W4VnMYS","truncated":false,"entities":{"hashtags":[],"symbols":[],"user_mentions":[],"urls":[],"media":[{"id":883706489298231300,"id_str":"883706489298231296","indices":[75,98],"media_url":"http://pbs.twimg.com/media/DEOOXrRUIAA_vuW.jpg","media_url_https":"https://pbs.twimg.com/media/DEOOXrRUIAA_vuW.jpg","url":"https://t.co/PG1W4VnMYS","display_url":"pic.twitter.com/PG1W4VnMYS","expanded_url":"https://twitter.com/nicodance_Aoi/status/883706502325850112/photo/1","type":"photo","sizes":{"small":{"w":511,"h":680,"resize":"fit"},"thumb":{"w":150,"h":150,"resize":"crop"},"medium":{"w":901,"h":1200,"resize":"fit"},"large":{"w":1538,"h":2048,"resize":"fit"}}}]},"extended_entities":{"media":[{"id":883706489298231300,"id_str":"883706489298231296","indices":[75,98],"media_url":"http://pbs.twimg.com/media/DEOOXrRUIAA_vuW.jpg","media_url_https":"https://pbs.twimg.com/media/DEOOXrRUIAA_vuW.jpg","url":"https://t.co/PG1W4VnMYS","display_url":"pic.twitter.com/PG1W4VnMYS","expanded_url":"https://twitter.com/nicodance_Aoi/status/883706502325850112/photo/1","type":"photo","sizes":{"small":{"w":511,"h":680,"resize":"fit"},"thumb":{"w":150,"h":150,"resize":"crop"},"medium":{"w":901,"h":1200,"resize":"fit"},"large":{"w":1538,"h":2048,"resize":"fit"}}}]},"metadata":{"iso_language_code":"ja","result_type":"recent"},"source":"<a href=\"http://twitter.com/download/iphone\" rel=\"nofollow\">Twitter for iPhone</a>","in_reply_to_status_id":null,"in_reply_to_status_id_str":null,"in_reply_to_user_id":null,"in_reply_to_user_id_str":null,"in_reply_to_screen_name":null,"user":{"id":373498853,"id_str":"373498853","name":"あおい🚀（めせもあ。）@今川碧海🚦","screen_name":"nicodance_Aoi","location":"砂岡事務所","description":"めせもあ。の赤担当 エイティーンエモーション あおいです。第28回JUNON BOY審査員特別賞 今川碧海です！【先生と僕/めせもあ。/トラフィックライト。】 ニコニコ⇛mylist/28506261 youtube⇛ https://t.co/yMlns9esCZ","url":"https://t.co/Y3Ollw4ENM","entities":{"url":{"urls":[{"url":"https://t.co/Y3Ollw4ENM","expanded_url":"http://www.musumen.com/","display_url":"musumen.com","indices":[0,23]}]},"description":{"urls":[{"url":"https://t.co/yMlns9esCZ","expanded_url":"http://bit.ly/1kQRWek","display_url":"bit.ly/1kQRWek","indices":[110,133]}]}},"protected":false,"followers_count":107282,"friends_count":427,"listed_count":2265,"created_at":"Wed Sep 14 17:50:07 +0000 2011","favourites_count":1814,"utc_offset":32400,"time_zone":"Tokyo","geo_enabled":false,"verified":false,"statuses_count":18607,"lang":"ja","contributors_enabled":false,"is_translator":false,"is_translation_enabled":false,"profile_background_color":"FAE20D","profile_background_image_url":"http://pbs.twimg.com/profile_background_images/737601264/baad08c59d271c369c2c694d67b41fa5.jpeg","profile_background_image_url_https":"https://pbs.twimg.com/profile_background_images/737601264/baad08c59d271c369c2c694d67b41fa5.jpeg","profile_background_tile":false,"profile_image_url":"http://pbs.twimg.com/profile_images/880836696366923776/1H8axL2-_normal.jpg","profile_image_url_https":"https://pbs.twimg.com/profile_images/880836696366923776/1H8axL2-_normal.jpg","profile_banner_url":"https://pbs.twimg.com/profile_banners/373498853/1441952647","profile_link_color":"DD2E44","profile_sidebar_border_color":"000000","profile_sidebar_fill_color":"FFFFFF","profile_text_color":"30D117","profile_use_background_image":true,"has_extended_profile":false,"default_profile":false,"default_profile_image":false,"following":false,"follow_request_sent":false,"notifications":false,"translator_type":"none"},"geo":null,"coordinates":null,"place":null,"contributors":null,"is_quote_status":false,"retweet_count":72,"favorite_count":376,"favorited":false,"retweeted":false,"possibly_sensitive":false,"lang":"ja"},{"created_at":"Sat Jul 08 15:16:46 +0000 2017","id":883706429948928000,"id_str":"883706429948928000","text":"バースデ～！🎉 https://t.co/x12dkbdaMY","truncated":false,"entities":{"hashtags":[],"symbols":[],"user_mentions":[],"urls":[],"media":[{"id":883706415168106500,"id_str":"883706415168106496","indices":[8,31],"media_url":"http://pbs.twimg.com/media/DEOOTXHUMAABFBo.jpg","media_url_https":"https://pbs.twimg.com/media/DEOOTXHUMAABFBo.jpg","url":"https://t.co/x12dkbdaMY","display_url":"pic.twitter.com/x12dkbdaMY","expanded_url":"https://twitter.com/5mizo_taku9/status/883706429948928000/photo/1","type":"photo","sizes":{"medium":{"w":675,"h":1200,"resize":"fit"},"small":{"w":383,"h":680,"resize":"fit"},"thumb":{"w":150,"h":150,"resize":"crop"},"large":{"w":1080,"h":1920,"resize":"fit"}}}]},"extended_entities":{"media":[{"id":883706415168106500,"id_str":"883706415168106496","indices":[8,31],"media_url":"http://pbs.twimg.com/media/DEOOTXHUMAABFBo.jpg","media_url_https":"https://pbs.twimg.com/media/DEOOTXHUMAABFBo.jpg","url":"https://t.co/x12dkbdaMY","display_url":"pic.twitter.com/x12dkbdaMY","expanded_url":"https://twitter.com/5mizo_taku9/status/883706429948928000/photo/1","type":"photo","sizes":{"medium":{"w":675,"h":1200,"resize":"fit"},"small":{"w":383,"h":680,"resize":"fit"},"thumb":{"w":150,"h":150,"resize":"crop"},"large":{"w":1080,"h":1920,"resize":"fit"}}}]},"metadata":{"iso_language_code":"ja","result_type":"recent"},"source":"<a href=\"http://twitter.com/download/android\" rel=\"nofollow\">Twitter for Android</a>","in_reply_to_status_id":null,"in_reply_to_status_id_str":null,"in_reply_to_user_id":null,"in_reply_to_user_id_str":null,"in_reply_to_screen_name":null,"user":{"id":3318360613,"id_str":"3318360613","name":"溝口 琢矢","screen_name":"5mizo_taku9","location":"東京","description":"アミューズ所属。'や'は弓矢の'矢'です。｢オーバーリング・ギフト｣。｢ドリフェス！｣DearDream。｢オカンの嫁入り｣。｢仮面ライダーゴースト｣…etc, https://t.co/TcVbcFud48","url":"https://t.co/yXuf5fifNW","entities":{"url":{"urls":[{"url":"https://t.co/yXuf5fifNW","expanded_url":"http://s.ameblo.jp/mizotakudays/","display_url":"s.ameblo.jp/mizotakudays/","indices":[0,23]}]},"description":{"urls":[{"url":"https://t.co/TcVbcFud48","expanded_url":"http://artist.amuse.co.jp/artist/mizoguchi_takuya/","display_url":"artist.amuse.co.jp/artist/mizoguc…","indices":[81,104]}]}},"protected":false,"followers_count":26990,"friends_count":204,"listed_count":1062,"created_at":"Tue Aug 18 04:01:02 +0000 2015","favourites_count":1093,"utc_offset":null,"time_zone":null,"geo_enabled":false,"verified":true,"statuses_count":3339,"lang":"ja","contributors_enabled":false,"is_translator":false,"is_translation_enabled":false,"profile_background_color":"C0DEED","profile_background_image_url":"http://abs.twimg.com/images/themes/theme1/bg.png","profile_background_image_url_https":"https://abs.twimg.com/images/themes/theme1/bg.png","profile_background_tile":false,"profile_image_url":"http://pbs.twimg.com/profile_images/882112571125321729/oRLc38XE_normal.jpg","profile_image_url_https":"https://pbs.twimg.com/profile_images/882112571125321729/oRLc38XE_normal.jpg","profile_banner_url":"https://pbs.twimg.com/profile_banners/3318360613/1484975960","profile_link_color":"1DA1F2","profile_sidebar_border_color":"C0DEED","profile_sidebar_fill_color":"DDEEF6","profile_text_color":"333333","profile_use_background_image":true,"has_extended_profile":true,"default_profile":true,"default_profile_image":false,"following":false,"follow_request_sent":false,"notifications":false,"translator_type":"none"},"geo":null,"coordinates":null,"place":null,"contributors":null,"is_quote_status":false,"retweet_count":151,"favorite_count":356,"favorited":false,"retweeted":false,"possibly_sensitive":false,"lang":"ja"},{"created_at":"Sat Jul 08 15:16:37 +0000 2017","id":883706392481103900,"id_str":"883706392481103873","text":"うわぁぁああああ！！！！！\nありがとうございます…！！！\n私のためにこんな素敵なものを……泣ける、もうっ、幸せ！！！！！\nみなさまも素敵なメッセージを\nありがとうございます❣️❣️\n‧⁺◟( ᵒ̴̶̷̥́ ·̫ ᵒ̴̶̷̣̥̀ )… https://t.co/ROAjBxNzSf","truncated":true,"entities":{"hashtags":[],"symbols":[],"user_mentions":[],"urls":[{"url":"https://t.co/ROAjBxNzSf","expanded_url":"https://twitter.com/i/web/status/883706392481103873","display_url":"twitter.com/i/web/status/8…","indices":[117,140]}]},"metadata":{"iso_language_code":"ja","result_type":"recent"},"source":"<a href=\"http://twitter.com/download/iphone\" rel=\"nofollow\">Twitter for iPhone</a>","in_reply_to_status_id":null,"in_reply_to_status_id_str":null,"in_reply_to_user_id":null,"in_reply_to_user_id_str":null,"in_reply_to_screen_name":null,"user":{"id":3300363097,"id_str":"3300363097","name":"安野希世乃 official","screen_name":"Yaskiyo_manager","location":"","description":"声優 安野希世乃のOfficial Twitterです。 本人の呟きはもちろん、出演情報やマネージャーからのオフショット等もお届けします！  1st ミニアルバム「涙。」7月26日（水）発売 ！https://t.co/chbqmJsRwJ","url":"https://t.co/QO9jhT98o9","entities":{"url":{"urls":[{"url":"https://t.co/QO9jhT98o9","expanded_url":"http://ameblo.jp/kiyono-yasuno/","display_url":"ameblo.jp/kiyono-yasuno/","indices":[0,23]}]},"description":{"urls":[{"url":"https://t.co/chbqmJsRwJ","expanded_url":"http://www.jvcmusic.co.jp/flyingdog/-/Artist/A025792.html","display_url":"jvcmusic.co.jp/flyingdog/-/Ar…","indices":[97,120]}]}},"protected":false,"followers_count":71134,"friends_count":10,"listed_count":2541,"created_at":"Wed Jul 29 08:17:43 +0000 2015","favourites_count":0,"utc_offset":-25200,"time_zone":"Pacific Time (US & Canada)","geo_enabled":true,"verified":false,"statuses_count":1249,"lang":"ja","contributors_enabled":false,"is_translator":false,"is_translation_enabled":false,"profile_background_color":"0099B9","profile_background_image_url":"http://abs.twimg.com/images/themes/theme4/bg.gif","profile_background_image_url_https":"https://abs.twimg.com/images/themes/theme4/bg.gif","profile_background_tile":false,"profile_image_url":"http://pbs.twimg.com/profile_images/876112728917659649/GZ9cnxo0_normal.jpg","profile_image_url_https":"https://pbs.twimg.com/profile_images/876112728917659649/GZ9cnxo0_normal.jpg","profile_banner_url":"https://pbs.twimg.com/profile_banners/3300363097/1456336783","profile_link_color":"0099B9","profile_sidebar_border_color":"5ED4DC","profile_sidebar_fill_color":"95E8EC","profile_text_color":"3C3940","profile_use_background_image":true,"has_extended_profile":true,"default_profile":false,"default_profile_image":false,"following":false,"follow_request_sent":false,"notifications":false,"translator_type":"none"},"geo":null,"coordinates":null,"place":null,"contributors":null,"is_quote_status":true,"quoted_status_id":883702464796479500,"quoted_status_id_str":"883702464796479492","quoted_status":{"created_at":"Sat Jul 08 15:01:00 +0000 2017","id":883702464796479500,"id_str":"883702464796479492","text":"【安野希世乃さん江】\nそしてなんと！\n今日はぼたん役・安野希世乃さんのお誕生日でもあるのです！\n安野さん、お誕生日おめでとうございます！！\nハッピーでステキな一年になりますように。\n#あんハピ https://t.co/eam8k4jEwi","truncated":false,"entities":{"hashtags":[{"text":"あんハピ","indices":[91,96]}],"symbols":[],"user_mentions":[],"urls":[],"media":[{"id":883698465728938000,"id_str":"883698465728937984","indices":[97,120],"media_url":"http://pbs.twimg.com/media/DEOHEpJUwAAxri_.jpg","media_url_https":"https://pbs.twimg.com/media/DEOHEpJUwAAxri_.jpg","url":"https://t.co/eam8k4jEwi","display_url":"pic.twitter.com/eam8k4jEwi","expanded_url":"https://twitter.com/annehappy_anime/status/883702464796479492/photo/1","type":"photo","sizes":{"medium":{"w":960,"h":720,"resize":"fit"},"small":{"w":680,"h":510,"resize":"fit"},"thumb":{"w":150,"h":150,"resize":"crop"},"large":{"w":960,"h":720,"resize":"fit"}}}]},"extended_entities":{"media":[{"id":883698465728938000,"id_str":"883698465728937984","indices":[97,120],"media_url":"http://pbs.twimg.com/media/DEOHEpJUwAAxri_.jpg","media_url_https":"https://pbs.twimg.com/media/DEOHEpJUwAAxri_.jpg","url":"https://t.co/eam8k4jEwi","display_url":"pic.twitter.com/eam8k4jEwi","expanded_url":"https://twitter.com/annehappy_anime/status/883702464796479492/photo/1","type":"photo","sizes":{"medium":{"w":960,"h":720,"resize":"fit"},"small":{"w":680,"h":510,"resize":"fit"},"thumb":{"w":150,"h":150,"resize":"crop"},"large":{"w":960,"h":720,"resize":"fit"}}}]},"metadata":{"iso_language_code":"ja","result_type":"recent"},"source":"<a href=\"https://about.twitter.com/products/tweetdeck\" rel=\"nofollow\">TweetDeck</a>","in_reply_to_status_id":null,"in_reply_to_status_id_str":null,"in_reply_to_user_id":null,"in_reply_to_user_id_str":null,"in_reply_to_screen_name":null,"user":{"id":4145882354,"id_str":"4145882354","name":"TVアニメ「あんハピ♪」公式","screen_name":"annehappy_anime","location":"天之御船学園","description":"TVアニメ「あんハピ♪」の公式アカウントです。 ふびんな女の子たちが繰り広げる励まし系学園コメディ。BD/DVDシリーズリリース中！ https://t.co/mQisVXvi2S #あんハピ","url":null,"entities":{"description":{"urls":[{"url":"https://t.co/mQisVXvi2S","expanded_url":"http://anne-happy.com/","display_url":"anne-happy.com","indices":[67,90]}]}},"protected":false,"followers_count":54608,"friends_count":16,"listed_count":841,"created_at":"Fri Nov 06 12:15:55 +0000 2015","favourites_count":1,"utc_offset":32400,"time_zone":"Tokyo","geo_enabled":true,"verified":false,"statuses_count":1754,"lang":"ja","contributors_enabled":false,"is_translator":false,"is_translation_enabled":false,"profile_background_color":"000000","profile_background_image_url":"http://abs.twimg.com/images/themes/theme1/bg.png","profile_background_image_url_https":"https://abs.twimg.com/images/themes/theme1/bg.png","profile_background_tile":false,"profile_image_url":"http://pbs.twimg.com/profile_images/876334581334421505/JKv9VH8c_normal.jpg","profile_image_url_https":"https://pbs.twimg.com/profile_images/876334581334421505/JKv9VH8c_normal.jpg","profile_banner_url":"https://pbs.twimg.com/profile_banners/4145882354/1467794078","profile_link_color":"F5ABB5","profile_sidebar_border_color":"000000","profile_sidebar_fill_color":"000000","profile_text_color":"000000","profile_use_background_image":false,"has_extended_profile":false,"default_profile":false,"default_profile_image":false,"following":false,"follow_request_sent":false,"notifications":false,"translator_type":"none"},"geo":null,"coordinates":null,"place":null,"contributors":null,"is_quote_status":false,"retweet_count":266,"favorite_count":327,"favorited":false,"retweeted":false,"possibly_sensitive":false,"lang":"ja"},"retweet_count":131,"favorite_count":258,"favorited":false,"retweeted":false,"possibly_sensitive":false,"lang":"ja"},{"created_at":"Sat Jul 08 15:16:31 +0000 2017","id":883706368993054700,"id_str":"883706368993054721","text":"日付過ぎまして、今日！7月9日！\n日曜21:00〜 フジテレビ\n「 #警視庁いきもの係 」\n第1話が放送されます！！\nやっと初回が始まるぅぅう🐶🐱🐰\n家族みんなでこのドラマを見て、笑ったり癒されたりしてほしいなぁと思います！😊 https://t.co/3KXio0nXcV","truncated":false,"entities":{"hashtags":[{"text":"警視庁いきもの係","indices":[34,43]}],"symbols":[],"user_mentions":[],"urls":[],"media":[{"id":883706360256380900,"id_str":"883706360256380928","indices":[114,137],"media_url":"http://pbs.twimg.com/media/DEOOQKjVwAAZy_L.jpg","media_url_https":"https://pbs.twimg.com/media/DEOOQKjVwAAZy_L.jpg","url":"https://t.co/3KXio0nXcV","display_url":"pic.twitter.com/3KXio0nXcV","expanded_url":"https://twitter.com/H_KANNA_0203/status/883706368993054721/photo/1","type":"photo","sizes":{"medium":{"w":1200,"h":900,"resize":"fit"},"thumb":{"w":150,"h":150,"resize":"crop"},"small":{"w":680,"h":510,"resize":"fit"},"large":{"w":1478,"h":1108,"resize":"fit"}}}]},"extended_entities":{"media":[{"id":883706360256380900,"id_str":"883706360256380928","indices":[114,137],"media_url":"http://pbs.twimg.com/media/DEOOQKjVwAAZy_L.jpg","media_url_https":"https://pbs.twimg.com/media/DEOOQKjVwAAZy_L.jpg","url":"https://t.co/3KXio0nXcV","display_url":"pic.twitter.com/3KXio0nXcV","expanded_url":"https://twitter.com/H_KANNA_0203/status/883706368993054721/photo/1","type":"photo","sizes":{"medium":{"w":1200,"h":900,"resize":"fit"},"thumb":{"w":150,"h":150,"resize":"crop"},"small":{"w":680,"h":510,"resize":"fit"},"large":{"w":1478,"h":1108,"resize":"fit"}}}]},"metadata":{"iso_language_code":"ja","result_type":"recent"},"source":"<a href=\"http://twitter.com/download/iphone\" rel=\"nofollow\">Twitter for iPhone</a>","in_reply_to_status_id":null,"in_reply_to_status_id_str":null,"in_reply_to_user_id":null,"in_reply_to_user_id_str":null,"in_reply_to_screen_name":null,"user":{"id":2377035565,"id_str":"2377035565","name":"橋本環奈","screen_name":"H_KANNA_0203","location":"","description":"18歳「奇跡」早見かんな役「セーラー服と機関銃-卒業-」星泉役「暗殺教室」律役「ハルチカ」穂村千夏役「銀魂」神楽役 7月14日公開「斉木楠雄のΨ難」照橋心美役 10月21日公開「警視庁いきもの係」薄圭子役 日曜21:00〜7月9日スタート","url":null,"entities":{"description":{"urls":[]}},"protected":false,"followers_count":612571,"friends_count":136,"listed_count":3089,"created_at":"Fri Mar 07 12:21:11 +0000 2014","favourites_count":5928,"utc_offset":-25200,"time_zone":"Pacific Time (US & Canada)","geo_enabled":false,"verified":true,"statuses_count":2354,"lang":"ja","contributors_enabled":false,"is_translator":false,"is_translation_enabled":false,"profile_background_color":"C0DEED","profile_background_image_url":"http://abs.twimg.com/images/themes/theme1/bg.png","profile_background_image_url_https":"https://abs.twimg.com/images/themes/theme1/bg.png","profile_background_tile":false,"profile_image_url":"http://pbs.twimg.com/profile_images/881828073309478916/_KQ5MToJ_normal.jpg","profile_image_url_https":"https://pbs.twimg.com/profile_images/881828073309478916/_KQ5MToJ_normal.jpg","profile_banner_url":"https://pbs.twimg.com/profile_banners/2377035565/1493053098","profile_link_color":"1DA1F2","profile_sidebar_border_color":"C0DEED","profile_sidebar_fill_color":"DDEEF6","profile_text_color":"333333","profile_use_background_image":true,"has_extended_profile":true,"default_profile":true,"default_profile_image":false,"following":false,"follow_request_sent":false,"notifications":false,"translator_type":"none"},"geo":null,"coordinates":null,"place":null,"contributors":null,"is_quote_status":false,"retweet_count":267,"favorite_count":1146,"favorited":false,"retweeted":false,"possibly_sensitive":false,"lang":"ja"},{"created_at":"Sat Jul 08 15:16:13 +0000 2017","id":883706295534051300,"id_str":"883706295534051329","text":"ガチャ災厄の前兆だ。","truncated":false,"entities":{"hashtags":[],"symbols":[],"user_mentions":[],"urls":[]},"metadata":{"iso_language_code":"ja","result_type":"recent"},"source":"<a href=\"http://twitter.com/download/iphone\" rel=\"nofollow\">Twitter for iPhone</a>","in_reply_to_status_id":null,"in_reply_to_status_id_str":null,"in_reply_to_user_id":null,"in_reply_to_user_id_str":null,"in_reply_to_screen_name":null,"user":{"id":828158172359585800,"id_str":"828158172359585792","name":"FGOの話をするマーリン","screen_name":"Merlin_kaiko","location":"全て遠き理想郷","description":"王の話は飽きたからね。FGOの話でもしようか。こう見えて1500歳を超えるお爺さんなものでね。 このアカウントはフィクションのフィクション完全な非公式さ。ネタバレ有･ツイ消し有･割と色んな話もする･ツイートの転載は禁止だよ･このアカウントの考察は公式とは関係ないよ･不快に感じたらリムーブしてね。","url":"https://t.co/NtAp9EJPBj","entities":{"url":{"urls":[{"url":"https://t.co/NtAp9EJPBj","expanded_url":"http://www.fate-go.jp/","display_url":"fate-go.jp","indices":[0,23]}]},"description":{"urls":[]}},"protected":false,"followers_count":17313,"friends_count":359,"listed_count":113,"created_at":"Sun Feb 05 08:27:49 +0000 2017","favourites_count":1,"utc_offset":null,"time_zone":null,"geo_enabled":false,"verified":false,"statuses_count":480,"lang":"ja","contributors_enabled":false,"is_translator":false,"is_translation_enabled":false,"profile_background_color":"F5F8FA","profile_background_image_url":null,"profile_background_image_url_https":null,"profile_background_tile":false,"profile_image_url":"http://pbs.twimg.com/profile_images/872886781766586368/5MMfn3ou_normal.jpg","profile_image_url_https":"https://pbs.twimg.com/profile_images/872886781766586368/5MMfn3ou_normal.jpg","profile_banner_url":"https://pbs.twimg.com/profile_banners/828158172359585792/1491058874","profile_link_color":"1DA1F2","profile_sidebar_border_color":"C0DEED","profile_sidebar_fill_color":"DDEEF6","profile_text_color":"333333","profile_use_background_image":true,"has_extended_profile":false,"default_profile":true,"default_profile_image":false,"following":false,"follow_request_sent":false,"notifications":false,"translator_type":"none"},"geo":null,"coordinates":null,"place":null,"contributors":null,"is_quote_status":false,"retweet_count":67,"favorite_count":52,"favorited":false,"retweeted":false,"lang":"ja"}],"search_metadata":{"completed_in":0.081,"max_id":883707449760333800,"max_id_str":"883707449760333824","next_results":"?max_id=883706295534051328&q=lang%3Aja%20min_retweets%3A50&include_entities=1","query":"lang%3Aja+min_retweets%3A50","refresh_url":"?since_id=883707449760333824&q=lang%3Aja%20min_retweets%3A50&include_entities=1","count":15,"since_id":0,"since_id_str":"0"}}