{"statuses":[{"created_at":"Fri Jul 07 03:40:20 +0000 2017","id":883168779366092800,"id_str":"883168779366092801","text":"今後も当アカウントから、HE★VENSの活動の様子やメンバーのコメントをお届けしていきます。引き続きHE★VENSをよろしくお願いします。（STAFF)","truncated":false,"entities":{"hashtags":[],"symbols":[],"user_mentions":[],"urls":[]},"metadata":{"iso_language_code":"ja","result_type":"recent"},"source":"<a href=\"http://twitter.com\" rel=\"nofollow\">Twitter Web Client</a>","in_reply_to_status_id":null,"in_reply_to_status_id_str":null,"in_reply_to_user_id":null,"in_reply_to_user_id_str":null,"in_reply_to_screen_name":null,"user":{"id":883070157647519700,"id_str":"883070157647519744","name":"HE★VENS_staff","screen_name":"HEAVENS_staff","location":"","description":"レイジングエンターテインメント所属「HE★VENS」公式Twitterです。※当アカウントへのお客様からのご質問にはお答え致しかねます。","url":"https://t.co/A3AVkuETK8","entities":{"url":{"urls":[{"url":"https://t.co/A3AVkuETK8","expanded_url":"http://www.utapri.com/sp/heavens/","display_url":"utapri.com/sp/heavens/","indices":[0,23]}]},"description":{"urls":[]}},"protected":false,"followers_count":39381,"friends_count":0,"listed_count":978,"created_at":"Thu Jul 06 21:08:27 +0000 2017","favourites_count":0,"utc_offset":-25200,"time_zone":"Pacific Time (US & Canada)","geo_enabled":false,"verified":false,"statuses_count":11,"lang":"ja","contributors_enabled":false,"is_translator":false,"is_translation_enabled":false,"profile_background_color":"F5F8FA","profile_background_image_url":null,"profile_background_image_url_https":null,"profile_background_tile":false,"profile_image_url":"http://pbs.twimg.com/profile_images/883084070820773888/tiorWMrq_normal.jpg","profile_image_url_https":"https://pbs.twimg.com/profile_images/883084070820773888/tiorWMrq_normal.jpg","profile_banner_url":"https://pbs.twimg.com/profile_banners/883070157647519744/1499378709","profile_link_color":"1DA1F2","profile_sidebar_border_color":"C0DEED","profile_sidebar_fill_color":"DDEEF6","profile_text_color":"333333","profile_use_background_image":true,"has_extended_profile":false,"default_profile":true,"default_profile_image":false,"following":false,"follow_request_sent":false,"notifications":false,"translator_type":"none"},"geo":null,"coordinates":null,"place":null,"contributors":null,"is_quote_status":false,"retweet_count":303,"favorite_count":418,"favorited":false,"retweeted":false,"lang":"ja"},{"created_at":"Fri Jul 07 03:39:37 +0000 2017","id":883168600307056600,"id_str":"883168600307056641","text":"魅力のない都市 名古屋を 魅力ある街にする方法選手権の結果\n\n最優秀賞\n時代を安土桃山時代に戻す\n\n金賞\n 和やか（名古屋）にする\n\n入選\n名古屋ファーストの会を作る\n\nモリゾーとキッコロ 再登板\n\n名古屋県なのか愛知市なのかハッキリする\n\n名古屋舞台のアニメを京アニに依頼する","truncated":false,"entities":{"hashtags":[],"symbols":[],"user_mentions":[],"urls":[]},"metadata":{"iso_language_code":"ja","result_type":"recent"},"source":"<a href=\"http://twitter.com/download/iphone\" rel=\"nofollow\">Twitter for iPhone</a>","in_reply_to_status_id":null,"in_reply_to_status_id_str":null,"in_reply_to_user_id":null,"in_reply_to_user_id_str":null,"in_reply_to_screen_name":null,"user":{"id":2803477274,"id_str":"2803477274","name":"坊主","screen_name":"bozu_108","location":"日本","description":"ポケモンgoのやり過ぎで坊主バー破門になりました。坊主だけじゃ食ってけないので新宿ゴールデン街でバーテン始めました。神社の絵馬の個人情報保護シール「神のみぞシール」作りました。この垢は暇つぶしで見る位にして下さい。坊さんだらけのフットサルチーム作りました。対戦相手募集中。皆さんの悩みや不安を選手権で解決したいと思ってま","url":null,"entities":{"description":{"urls":[]}},"protected":false,"followers_count":235065,"friends_count":39609,"listed_count":1324,"created_at":"Thu Sep 11 10:41:30 +0000 2014","favourites_count":20875,"utc_offset":null,"time_zone":null,"geo_enabled":true,"verified":false,"statuses_count":1245,"lang":"ja","contributors_enabled":false,"is_translator":false,"is_translation_enabled":false,"profile_background_color":"C0DEED","profile_background_image_url":"http://abs.twimg.com/images/themes/theme1/bg.png","profile_background_image_url_https":"https://abs.twimg.com/images/themes/theme1/bg.png","profile_background_tile":false,"profile_image_url":"http://pbs.twimg.com/profile_images/778304121187078144/-SViugXh_normal.jpg","profile_image_url_https":"https://pbs.twimg.com/profile_images/778304121187078144/-SViugXh_normal.jpg","profile_banner_url":"https://pbs.twimg.com/profile_banners/2803477274/1475491730","profile_link_color":"1DA1F2","profile_sidebar_border_color":"C0DEED","profile_sidebar_fill_color":"DDEEF6","profile_text_color":"333333","profile_use_background_image":true,"has_extended_profile":false,"default_profile":true,"default_profile_image":false,"following":false,"follow_request_sent":false,"notifications":false,"translator_type":"none"},"geo":null,"coordinates":null,"place":null,"contributors":null,"is_quote_status":false,"retweet_count":95,"favorite_count":93,"favorited":false,"retweeted":false,"lang":"ja"},{"created_at":"Fri Jul 07 03:38:38 +0000 2017","id":883168352058744800,"id_str":"883168352058744832","text":"映画「悪と仮面のルール」に出演します\n中村文則さんの作品はどれも好きで、今回の実写化の出演は役者として１つ夢が叶った感じです\nやったぜ\n是非チェックして下さい https://t.co/JNNLqBVLZA","truncated":false,"entities":{"hashtags":[],"symbols":[],"user_mentions":[],"urls":[],"media":[{"id":883168341602574300,"id_str":"883168341602574337","indices":[80,103],"media_url":"http://pbs.twimg.com/media/DEGk7W4XoAE9CRE.jpg","media_url_https":"https://pbs.twimg.com/media/DEGk7W4XoAE9CRE.jpg","url":"https://t.co/JNNLqBVLZA","display_url":"pic.twitter.com/JNNLqBVLZA","expanded_url":"https://twitter.com/ryo_staff/status/883168352058744832/photo/1","type":"photo","sizes":{"large":{"w":960,"h":1280,"resize":"fit"},"thumb":{"w":150,"h":150,"resize":"crop"},"medium":{"w":900,"h":1200,"resize":"fit"},"small":{"w":510,"h":680,"resize":"fit"}}}]},"extended_entities":{"media":[{"id":883168341602574300,"id_str":"883168341602574337","indices":[80,103],"media_url":"http://pbs.twimg.com/media/DEGk7W4XoAE9CRE.jpg","media_url_https":"https://pbs.twimg.com/media/DEGk7W4XoAE9CRE.jpg","url":"https://t.co/JNNLqBVLZA","display_url":"pic.twitter.com/JNNLqBVLZA","expanded_url":"https://twitter.com/ryo_staff/status/883168352058744832/photo/1","type":"photo","sizes":{"large":{"w":960,"h":1280,"resize":"fit"},"thumb":{"w":150,"h":150,"resize":"crop"},"medium":{"w":900,"h":1200,"resize":"fit"},"small":{"w":510,"h":680,"resize":"fit"}}}]},"metadata":{"iso_language_code":"ja","result_type":"recent"},"source":"<a href=\"http://twitter.com/download/iphone\" rel=\"nofollow\">Twitter for iPhone</a>","in_reply_to_status_id":null,"in_reply_to_status_id_str":null,"in_reply_to_user_id":null,"in_reply_to_user_id_str":null,"in_reply_to_screen_name":null,"user":{"id":1727505991,"id_str":"1727505991","name":"吉沢亮&STAFF","screen_name":"ryo_staff","location":"","description":"㈱アミューズ所属 吉沢亮&スタッフ公式アカウント。ラストコップ/銀魂 沖田総悟/トモダチゲーム主演/斉木楠雄のΨ難 海藤瞬/ぼくは麻理のなか 小森/リバーズ・エッジ 山田一郎★5/20発売 写真集『One day off』https://t.co/4tnh3wjMpf","url":"https://t.co/K3jSzVoOp7","entities":{"url":{"urls":[{"url":"https://t.co/K3jSzVoOp7","expanded_url":"http://a.amob.jp/yoshizawa/","display_url":"a.amob.jp/yoshizawa/","indices":[0,23]}]},"description":{"urls":[{"url":"https://t.co/4tnh3wjMpf","expanded_url":"https://www.wani.co.jp/special/onedayoff/","display_url":"wani.co.jp/special/oneday…","indices":[111,134]}]}},"protected":false,"followers_count":109920,"friends_count":27,"listed_count":889,"created_at":"Wed Sep 04 03:45:00 +0000 2013","favourites_count":1,"utc_offset":null,"time_zone":null,"geo_enabled":true,"verified":false,"statuses_count":2350,"lang":"ja","contributors_enabled":false,"is_translator":false,"is_translation_enabled":false,"profile_background_color":"C0DEED","profile_background_image_url":"http://abs.twimg.com/images/themes/theme1/bg.png","profile_background_image_url_https":"https://abs.twimg.com/images/themes/theme1/bg.png","profile_background_tile":false,"profile_image_url":"http://pbs.twimg.com/profile_images/784829816667197440/i2ZXcISn_normal.jpg","profile_image_url_https":"https://pbs.twimg.com/profile_images/784829816667197440/i2ZXcISn_normal.jpg","profile_banner_url":"https://pbs.twimg.com/profile_banners/1727505991/1489522499","profile_link_color":"1DA1F2","profile_sidebar_border_color":"C0DEED","profile_sidebar_fill_color":"DDEEF6","profile_text_color":"333333","profile_use_background_image":true,"has_extended_profile":true,"default_profile":true,"default_profile_image":false,"following":false,"follow_request_sent":false,"notifications":false,"translator_type":"none"},"geo":null,"coordinates":null,"place":null,"contributors":null,"is_quote_status":false,"retweet_count":135,"favorite_count":355,"favorited":false,"retweeted":false,"possibly_sensitive":false,"lang":"ja"},{"created_at":"Fri Jul 07 03:37:10 +0000 2017","id":883167984059109400,"id_str":"883167984059109376","text":"おはようございます！！\n\n日本は今なんじですか？٩(ˊ࿀ˋ⋆)و","truncated":false,"entities":{"hashtags":[],"symbols":[],"user_mentions":[],"urls":[]},"metadata":{"iso_language_code":"ja","result_type":"recent"},"source":"<a href=\"http://twitter.com/download/iphone\" rel=\"nofollow\">Twitter for iPhone</a>","in_reply_to_status_id":null,"in_reply_to_status_id_str":null,"in_reply_to_user_id":null,"in_reply_to_user_id_str":null,"in_reply_to_screen_name":null,"user":{"id":2510433450,"id_str":"2510433450","name":"大平峻也","screen_name":"trampshunya","location":"","description":"放映新社所属の大平峻也です！！ 今日も素敵な1日になりますように★","url":"https://t.co/aLlnXAoURe","entities":{"url":{"urls":[{"url":"https://t.co/aLlnXAoURe","expanded_url":"https://ohira-shunya.com","display_url":"ohira-shunya.com","indices":[0,23]}]},"description":{"urls":[]}},"protected":false,"followers_count":62584,"friends_count":611,"listed_count":2632,"created_at":"Tue May 20 13:43:26 +0000 2014","favourites_count":694,"utc_offset":null,"time_zone":null,"geo_enabled":false,"verified":false,"statuses_count":1938,"lang":"ja","contributors_enabled":false,"is_translator":false,"is_translation_enabled":false,"profile_background_color":"C0DEED","profile_background_image_url":"http://abs.twimg.com/images/themes/theme1/bg.png","profile_background_image_url_https":"https://abs.twimg.com/images/themes/theme1/bg.png","profile_background_tile":false,"profile_image_url":"http://pbs.twimg.com/profile_images/660721208124534784/TAh3vrcs_normal.jpg","profile_image_url_https":"https://pbs.twimg.com/profile_images/660721208124534784/TAh3vrcs_normal.jpg","profile_banner_url":"https://pbs.twimg.com/profile_banners/2510433450/1496890679","profile_link_color":"1DA1F2","profile_sidebar_border_color":"C0DEED","profile_sidebar_fill_color":"DDEEF6","profile_text_color":"333333","profile_use_background_image":true,"has_extended_profile":true,"default_profile":true,"default_profile_image":false,"following":false,"follow_request_sent":false,"notifications":false,"translator_type":"none"},"geo":null,"coordinates":null,"place":null,"contributors":null,"is_quote_status":false,"retweet_count":98,"favorite_count":234,"favorited":false,"retweeted":false,"lang":"ja"},{"created_at":"Fri Jul 07 03:37:05 +0000 2017","id":883167961455837200,"id_str":"883167961455837184","text":"おはようございます☀\n\n零星様から織姫様の皆にプレゼントです🎋\nこのアカウントをフォロー&amp;いいね&amp;RTしてくれた方から抽選で2名、さくぜろ缶バッチ全3種と、さくぜろチェキを1枚プレゼントします🎁\n抽選結果は当選者にDMでお知らせ致… https://t.co/LU21Q1hXpl","truncated":true,"entities":{"hashtags":[],"symbols":[],"user_mentions":[],"urls":[{"url":"https://t.co/LU21Q1hXpl","expanded_url":"https://twitter.com/i/web/status/883167961455837184","display_url":"twitter.com/i/web/status/8…","indices":[125,148]}]},"metadata":{"iso_language_code":"ja","result_type":"recent"},"source":"<a href=\"http://twitter.com/download/iphone\" rel=\"nofollow\">Twitter for iPhone</a>","in_reply_to_status_id":null,"in_reply_to_status_id_str":null,"in_reply_to_user_id":null,"in_reply_to_user_id_str":null,"in_reply_to_screen_name":null,"user":{"id":746603618,"id_str":"746603618","name":"零☆今夜重大告知","screen_name":"x_zero1223","location":"xrossdaria@yahoo.co.jp","description":"助走開始。歌い手。軽率にフォローして。初リプですとリプ頂ければフォロバします！推し名→零嬢 キャス→https://t.co/wLjCTrdFrL line@→https://t.co/qBeXnx7Hc9","url":"https://t.co/kNSoeYRr7b","entities":{"url":{"urls":[{"url":"https://t.co/kNSoeYRr7b","expanded_url":"http://www.nicovideo.jp/mylist/34662057?sort=1","display_url":"nicovideo.jp/mylist/3466205…","indices":[0,23]}]},"description":{"urls":[{"url":"https://t.co/wLjCTrdFrL","expanded_url":"http://twitcasting.tv/c:x_zero_cas","display_url":"twitcasting.tv/c:x_zero_cas","indices":[50,73]},{"url":"https://t.co/qBeXnx7Hc9","expanded_url":"http://ur2.link/BSym","display_url":"ur2.link/BSym","indices":[80,103]}]}},"protected":false,"followers_count":21633,"friends_count":13304,"listed_count":312,"created_at":"Thu Aug 09 05:23:14 +0000 2012","favourites_count":39570,"utc_offset":28800,"time_zone":"Irkutsk","geo_enabled":true,"verified":false,"statuses_count":30272,"lang":"ja","contributors_enabled":false,"is_translator":false,"is_translation_enabled":false,"profile_background_color":"C0DEED","profile_background_image_url":"http://abs.twimg.com/images/themes/theme1/bg.png","profile_background_image_url_https":"https://abs.twimg.com/images/themes/theme1/bg.png","profile_background_tile":false,"profile_image_url":"http://pbs.twimg.com/profile_images/728223781609594880/qR73tGh1_normal.jpg","profile_image_url_https":"https://pbs.twimg.com/profile_images/728223781609594880/qR73tGh1_normal.jpg","profile_banner_url":"https://pbs.twimg.com/profile_banners/746603618/1487554720","profile_link_color":"1DA1F2","profile_sidebar_border_color":"C0DEED","profile_sidebar_fill_color":"DDEEF6","profile_text_color":"333333","profile_use_background_image":true,"has_extended_profile":false,"default_profile":true,"default_profile_image":false,"following":false,"follow_request_sent":false,"notifications":false,"translator_type":"none"},"geo":null,"coordinates":null,"place":null,"contributors":null,"is_quote_status":false,"retweet_count":113,"favorite_count":133,"favorited":false,"retweeted":false,"possibly_sensitive":false,"lang":"ja"},{"created_at":"Fri Jul 07 03:36:58 +0000 2017","id":883167933903405000,"id_str":"883167933903405056","text":"★┷┓\n┃身┃\n┃長┃\n┃が┃\n┃あ┃\n┃と┃\n┃二┃\n┃十┃\n┃㌢┃\n┃伸┃\n┃び┃\n┃ま┃\n┃す┃\n┃よ┃\n┃う┃\n┃に┃\n┗━★","truncated":false,"entities":{"hashtags":[],"symbols":[],"user_mentions":[],"urls":[]},"metadata":{"iso_language_code":"ja","result_type":"recent"},"source":"<a href=\"http://twitter.com/download/iphone\" rel=\"nofollow\">Twitter for iPhone</a>","in_reply_to_status_id":null,"in_reply_to_status_id_str":null,"in_reply_to_user_id":null,"in_reply_to_user_id_str":null,"in_reply_to_screen_name":null,"user":{"id":4513131312,"id_str":"4513131312","name":"富田美憂","screen_name":"miyju_tomita","location":"","description":"アミューズ所属。声優･歌。/アイカツスターズ！虹野ゆめ/メイドインアビス リコ/ひなこのーと 夏川くいな/温泉むすめ 鬼怒川日向(AKATSUKI)/ガヴリールドロップアウト 天真＝ガヴリール＝ホワイト/おしえて！ギャル子ちゃん オタ子 and more... WEB連載 富田美憂『17歳。』","url":"https://t.co/aFXI9casHP","entities":{"url":{"urls":[{"url":"https://t.co/aFXI9casHP","expanded_url":"http://artist.amuse.co.jp/artist/tomita_miyu","display_url":"artist.amuse.co.jp/artist/tomita_…","indices":[0,23]}]},"description":{"urls":[]}},"protected":false,"followers_count":27043,"friends_count":105,"listed_count":729,"created_at":"Thu Dec 10 01:58:12 +0000 2015","favourites_count":89,"utc_offset":null,"time_zone":null,"geo_enabled":false,"verified":false,"statuses_count":2236,"lang":"ja","contributors_enabled":false,"is_translator":false,"is_translation_enabled":false,"profile_background_color":"F5F8FA","profile_background_image_url":null,"profile_background_image_url_https":null,"profile_background_tile":false,"profile_image_url":"http://pbs.twimg.com/profile_images/876406623920472064/O6gWbY2C_normal.jpg","profile_image_url_https":"https://pbs.twimg.com/profile_images/876406623920472064/O6gWbY2C_normal.jpg","profile_banner_url":"https://pbs.twimg.com/profile_banners/4513131312/1488980790","profile_link_color":"1DA1F2","profile_sidebar_border_color":"C0DEED","profile_sidebar_fill_color":"DDEEF6","profile_text_color":"333333","profile_use_background_image":true,"has_extended_profile":true,"default_profile":true,"default_profile_image":false,"following":false,"follow_request_sent":false,"notifications":false,"translator_type":"none"},"geo":null,"coordinates":null,"place":null,"contributors":null,"is_quote_status":false,"retweet_count":91,"favorite_count":168,"favorited":false,"retweeted":false,"lang":"ja"},{"created_at":"Fri Jul 07 03:36:01 +0000 2017","id":883167696581345300,"id_str":"883167696581345281","text":"今日は七夕。梅雨の雲が切れて星が見えたなら、織姫星と彦星をさがしてみてください。\n（今年は満月前の明るい月が出ていますので天の川は見つけにくいかもしれません） https://t.co/hEWlJWE648","truncated":false,"entities":{"hashtags":[],"symbols":[],"user_mentions":[],"urls":[],"media":[{"id":883167665283633200,"id_str":"883167665283633152","indices":[80,103],"media_url":"http://pbs.twimg.com/media/DEGkT_ZXkAAAJRe.jpg","media_url_https":"https://pbs.twimg.com/media/DEGkT_ZXkAAAJRe.jpg","url":"https://t.co/hEWlJWE648","display_url":"pic.twitter.com/hEWlJWE648","expanded_url":"https://twitter.com/KAGAYA_11949/status/883167696581345281/photo/1","type":"photo","sizes":{"small":{"w":596,"h":680,"resize":"fit"},"thumb":{"w":150,"h":150,"resize":"crop"},"medium":{"w":897,"h":1024,"resize":"fit"},"large":{"w":897,"h":1024,"resize":"fit"}}}]},"extended_entities":{"media":[{"id":883167665283633200,"id_str":"883167665283633152","indices":[80,103],"media_url":"http://pbs.twimg.com/media/DEGkT_ZXkAAAJRe.jpg","media_url_https":"https://pbs.twimg.com/media/DEGkT_ZXkAAAJRe.jpg","url":"https://t.co/hEWlJWE648","display_url":"pic.twitter.com/hEWlJWE648","expanded_url":"https://twitter.com/KAGAYA_11949/status/883167696581345281/photo/1","type":"photo","sizes":{"small":{"w":596,"h":680,"resize":"fit"},"thumb":{"w":150,"h":150,"resize":"crop"},"medium":{"w":897,"h":1024,"resize":"fit"},"large":{"w":897,"h":1024,"resize":"fit"}}}]},"metadata":{"iso_language_code":"ja","result_type":"recent"},"source":"<a href=\"http://twitter.com\" rel=\"nofollow\">Twitter Web Client</a>","in_reply_to_status_id":null,"in_reply_to_status_id_str":null,"in_reply_to_user_id":null,"in_reply_to_user_id_str":null,"in_reply_to_screen_name":null,"user":{"id":283928817,"id_str":"283928817","name":"KAGAYA","screen_name":"KAGAYA_11949","location":"東京都","description":"空をご覧ください、今夜も星が輝いています。星空の魅力や情報をわかりやすくお知らせしていきたいです。仕事では星座や宇宙をテーマに作品制作しています。代表作はプラネタリウム映像「銀河鉄道の夜」。機材等や日常のツイートは@kagaya_work で。","url":"http://t.co/bsO47wbCQv","entities":{"url":{"urls":[{"url":"http://t.co/bsO47wbCQv","expanded_url":"http://www.kagayastudio.com/","display_url":"kagayastudio.com","indices":[0,22]}]},"description":{"urls":[]}},"protected":false,"followers_count":362298,"friends_count":13,"listed_count":5272,"created_at":"Mon Apr 18 08:53:09 +0000 2011","favourites_count":24980,"utc_offset":32400,"time_zone":"Tokyo","geo_enabled":false,"verified":true,"statuses_count":7354,"lang":"ja","contributors_enabled":false,"is_translator":false,"is_translation_enabled":false,"profile_background_color":"000000","profile_background_image_url":"http://pbs.twimg.com/profile_background_images/234513930/blueearth.jpg","profile_background_image_url_https":"https://pbs.twimg.com/profile_background_images/234513930/blueearth.jpg","profile_background_tile":false,"profile_image_url":"http://pbs.twimg.com/profile_images/855035973050159105/ksdloz-2_normal.jpg","profile_image_url_https":"https://pbs.twimg.com/profile_images/855035973050159105/ksdloz-2_normal.jpg","profile_banner_url":"https://pbs.twimg.com/profile_banners/283928817/1445602722","profile_link_color":"3F21B8","profile_sidebar_border_color":"000000","profile_sidebar_fill_color":"A8BFFF","profile_text_color":"1F256E","profile_use_background_image":true,"has_extended_profile":true,"default_profile":false,"default_profile_image":false,"following":false,"follow_request_sent":false,"notifications":false,"translator_type":"none"},"geo":null,"coordinates":null,"place":null,"contributors":null,"is_quote_status":false,"retweet_count":723,"favorite_count":843,"favorited":false,"retweeted":false,"possibly_sensitive":false,"lang":"ja"},{"created_at":"Fri Jul 07 03:35:59 +0000 2017","id":883167686280101900,"id_str":"883167686280101888","text":"浜田さんに頭をはたかれた時、カメラ目線で｢母さん、いま浜田さんに頭をはたかれました。東京出てきて役者やって20年になります。母さん、役者になって良かった｣みたいな事を言えばよかったと収録後に反省したのはここだけの話でどうかひとつ。ダウンタウンなう｢本音でハシゴ酒｣ 今夜出ます。","truncated":false,"entities":{"hashtags":[],"symbols":[],"user_mentions":[],"urls":[]},"metadata":{"iso_language_code":"ja","result_type":"recent"},"source":"<a href=\"http://yubitter.com/\" rel=\"nofollow\">yubitter</a>","in_reply_to_status_id":null,"in_reply_to_status_id_str":null,"in_reply_to_user_id":null,"in_reply_to_user_id_str":null,"in_reply_to_screen_name":null,"user":{"id":538665604,"id_str":"538665604","name":"佐藤二朗","screen_name":"actor_satojiro","location":"","description":"俳優・演劇ユニット｢ちからわざ｣主宰。2017年もよろしくお願いします。","url":"http://t.co/hzH2o5bkPg","entities":{"url":{"urls":[{"url":"http://t.co/hzH2o5bkPg","expanded_url":"http://satojiro.com","display_url":"satojiro.com","indices":[0,22]}]},"description":{"urls":[]}},"protected":false,"followers_count":497650,"friends_count":81,"listed_count":1991,"created_at":"Wed Mar 28 02:46:21 +0000 2012","favourites_count":21,"utc_offset":28800,"time_zone":"Irkutsk","geo_enabled":false,"verified":false,"statuses_count":1946,"lang":"ja","contributors_enabled":false,"is_translator":false,"is_translation_enabled":false,"profile_background_color":"C0DEED","profile_background_image_url":"http://pbs.twimg.com/profile_background_images/479138917711507456/H7ev1foq.jpeg","profile_background_image_url_https":"https://pbs.twimg.com/profile_background_images/479138917711507456/H7ev1foq.jpeg","profile_background_tile":true,"profile_image_url":"http://pbs.twimg.com/profile_images/747844781166960640/svgqwHVN_normal.jpg","profile_image_url_https":"https://pbs.twimg.com/profile_images/747844781166960640/svgqwHVN_normal.jpg","profile_link_color":"87D32F","profile_sidebar_border_color":"FFFFFF","profile_sidebar_fill_color":"DDEEF6","profile_text_color":"333333","profile_use_background_image":true,"has_extended_profile":false,"default_profile":false,"default_profile_image":false,"following":false,"follow_request_sent":false,"notifications":false,"translator_type":"none"},"geo":null,"coordinates":null,"place":null,"contributors":null,"is_quote_status":false,"retweet_count":312,"favorite_count":1165,"favorited":false,"retweeted":false,"lang":"ja"},{"created_at":"Fri Jul 07 03:35:22 +0000 2017","id":883167531493544000,"id_str":"883167531493543936","text":"今日は横アリハマーナで対バンです。\n\nリハ観てこよ。\n\n薫\n\nhttps://t.co/Lc4IxIM732 https://t.co/VwrwpdMAYB","truncated":false,"entities":{"hashtags":[],"symbols":[],"user_mentions":[],"urls":[{"url":"https://t.co/Lc4IxIM732","expanded_url":"https://www.instagram.com/p/BWOvn11FeUm/","display_url":"instagram.com/p/BWOvn11FeUm/","indices":[31,54]}],"media":[{"id":883167480985813000,"id_str":"883167480985812994","indices":[55,78],"media_url":"http://pbs.twimg.com/media/DEGkJQ1WAAI9uz0.jpg","media_url_https":"https://pbs.twimg.com/media/DEGkJQ1WAAI9uz0.jpg","url":"https://t.co/VwrwpdMAYB","display_url":"pic.twitter.com/VwrwpdMAYB","expanded_url":"https://twitter.com/DIRENGREY_JP/status/883167531493543936/photo/1","type":"photo","sizes":{"medium":{"w":900,"h":1200,"resize":"fit"},"thumb":{"w":150,"h":150,"resize":"crop"},"large":{"w":1536,"h":2048,"resize":"fit"},"small":{"w":510,"h":680,"resize":"fit"}}}]},"extended_entities":{"media":[{"id":883167480985813000,"id_str":"883167480985812994","indices":[55,78],"media_url":"http://pbs.twimg.com/media/DEGkJQ1WAAI9uz0.jpg","media_url_https":"https://pbs.twimg.com/media/DEGkJQ1WAAI9uz0.jpg","url":"https://t.co/VwrwpdMAYB","display_url":"pic.twitter.com/VwrwpdMAYB","expanded_url":"https://twitter.com/DIRENGREY_JP/status/883167531493543936/photo/1","type":"photo","sizes":{"medium":{"w":900,"h":1200,"resize":"fit"},"thumb":{"w":150,"h":150,"resize":"crop"},"large":{"w":1536,"h":2048,"resize":"fit"},"small":{"w":510,"h":680,"resize":"fit"}}}]},"metadata":{"iso_language_code":"ja","result_type":"recent"},"source":"<a href=\"http://twitter.com\" rel=\"nofollow\">Twitter Web Client</a>","in_reply_to_status_id":null,"in_reply_to_status_id_str":null,"in_reply_to_user_id":null,"in_reply_to_user_id_str":null,"in_reply_to_screen_name":null,"user":{"id":296139337,"id_str":"296139337","name":"DIR EN GREY","screen_name":"DIRENGREY_JP","location":"","description":"DIR EN GREY OFFICIAL Twitter","url":"http://t.co/OtsW5oOwv7","entities":{"url":{"urls":[{"url":"http://t.co/OtsW5oOwv7","expanded_url":"http://www.direngrey.co.jp","display_url":"direngrey.co.jp","indices":[0,22]}]},"description":{"urls":[]}},"protected":false,"followers_count":85303,"friends_count":0,"listed_count":1128,"created_at":"Tue May 10 08:11:21 +0000 2011","favourites_count":0,"utc_offset":32400,"time_zone":"Tokyo","geo_enabled":false,"verified":true,"statuses_count":1260,"lang":"ja","contributors_enabled":false,"is_translator":false,"is_translation_enabled":false,"profile_background_color":"0A0A0A","profile_background_image_url":"http://abs.twimg.com/images/themes/theme1/bg.png","profile_background_image_url_https":"https://abs.twimg.com/images/themes/theme1/bg.png","profile_background_tile":false,"profile_image_url":"http://pbs.twimg.com/profile_images/1350537670/s_dir_twitter_logo_normal.jpg","profile_image_url_https":"https://pbs.twimg.com/profile_images/1350537670/s_dir_twitter_logo_normal.jpg","profile_link_color":"D7DADB","profile_sidebar_border_color":"C0DEED","profile_sidebar_fill_color":"212121","profile_text_color":"757375","profile_use_background_image":false,"has_extended_profile":false,"default_profile":false,"default_profile_image":false,"following":false,"follow_request_sent":false,"notifications":false,"translator_type":"none"},"geo":null,"coordinates":null,"place":null,"contributors":null,"is_quote_status":false,"retweet_count":340,"favorite_count":384,"favorited":false,"retweeted":false,"possibly_sensitive":false,"lang":"ja"},{"created_at":"Fri Jul 07 03:35:14 +0000 2017","id":883167497666482200,"id_str":"883167497666482176","text":"愛を込めて、我らHE★VENSが紡ぐ至高の音色を贈ろう……。そして、共に喜びを分かち合おうではないか……。（シオン）","truncated":false,"entities":{"hashtags":[],"symbols":[],"user_mentions":[],"urls":[]},"metadata":{"iso_language_code":"ja","result_type":"recent"},"source":"<a href=\"http://twitter.com\" rel=\"nofollow\">Twitter Web Client</a>","in_reply_to_status_id":null,"in_reply_to_status_id_str":null,"in_reply_to_user_id":null,"in_reply_to_user_id_str":null,"in_reply_to_screen_name":null,"user":{"id":883070157647519700,"id_str":"883070157647519744","name":"HE★VENS_staff","screen_name":"HEAVENS_staff","location":"","description":"レイジングエンターテインメント所属「HE★VENS」公式Twitterです。※当アカウントへのお客様からのご質問にはお答え致しかねます。","url":"https://t.co/A3AVkuETK8","entities":{"url":{"urls":[{"url":"https://t.co/A3AVkuETK8","expanded_url":"http://www.utapri.com/sp/heavens/","display_url":"utapri.com/sp/heavens/","indices":[0,23]}]},"description":{"urls":[]}},"protected":false,"followers_count":39381,"friends_count":0,"listed_count":978,"created_at":"Thu Jul 06 21:08:27 +0000 2017","favourites_count":0,"utc_offset":-25200,"time_zone":"Pacific Time (US & Canada)","geo_enabled":false,"verified":false,"statuses_count":11,"lang":"ja","contributors_enabled":false,"is_translator":false,"is_translation_enabled":false,"profile_background_color":"F5F8FA","profile_background_image_url":null,"profile_background_image_url_https":null,"profile_background_tile":false,"profile_image_url":"http://pbs.twimg.com/profile_images/883084070820773888/tiorWMrq_normal.jpg","profile_image_url_https":"https://pbs.twimg.com/profile_images/883084070820773888/tiorWMrq_normal.jpg","profile_banner_url":"https://pbs.twimg.com/profile_banners/883070157647519744/1499378709","profile_link_color":"1DA1F2","profile_sidebar_border_color":"C0DEED","profile_sidebar_fill_color":"DDEEF6","profile_text_color":"333333","profile_use_background_image":true,"has_extended_profile":false,"default_profile":true,"default_profile_image":false,"following":false,"follow_request_sent":false,"notifications":false,"translator_type":"none"},"geo":null,"coordinates":null,"place":null,"contributors":null,"is_quote_status":false,"retweet_count":1645,"favorite_count":2553,"favorited":false,"retweeted":false,"lang":"ja"},{"created_at":"Fri Jul 07 03:35:02 +0000 2017","id":883167447942955000,"id_str":"883167447942955009","text":"ㅤ\n　 🌈\n┏ ┻ ┓\n🎗 シ 🎗\n⛓ ョ ⛓\n🎗 タ 🎗\n⛓ の ⛓\n🎗 彼 🎗\n　 氏\n　 が\n白 出\n石 来\n涼 ま\n子 す\n　 よ\n　 う\n　 に\n#ホシに願いを込めて\nhttps://t.co/OLIcsLYgEe\n\n…年下が好きだとは言ったがまさかそこまでとは…","truncated":false,"entities":{"hashtags":[{"text":"ホシに願いを込めて","indices":[78,88]}],"symbols":[],"user_mentions":[],"urls":[{"url":"https://t.co/OLIcsLYgEe","expanded_url":"https://shindanmaker.com/366459","display_url":"shindanmaker.com/366459","indices":[89,112]}]},"metadata":{"iso_language_code":"ja","result_type":"recent"},"source":"<a href=\"http://twitter.com/download/iphone\" rel=\"nofollow\">Twitter for iPhone</a>","in_reply_to_status_id":null,"in_reply_to_status_id_str":null,"in_reply_to_user_id":null,"in_reply_to_user_id_str":null,"in_reply_to_screen_name":null,"user":{"id":860869646,"id_str":"860869646","name":"白石涼子","screen_name":"RyokoShiraishi_","location":"(株)青二プロダクション TOKYO JAPAN","description":"声優。奈良県出身→関西弁。アニメ・吹替・ゲーム・キャラクターなど声のお仕事。自分らしく不器用なりにマイペースに。雲チョコラBBぺんぎん蕎麦ビール猫ドライブ【ライブ】かんぐぅりょっちツアーin奈良9/2(土)名古屋9/3(日)東京9/9(土)","url":"https://t.co/Y2R7MLGvti","entities":{"url":{"urls":[{"url":"https://t.co/Y2R7MLGvti","expanded_url":"http://ryo-ko-pentan.jugem.jp","display_url":"ryo-ko-pentan.jugem.jp","indices":[0,23]}]},"description":{"urls":[]}},"protected":false,"followers_count":89474,"friends_count":524,"listed_count":3058,"created_at":"Thu Oct 04 04:46:20 +0000 2012","favourites_count":137,"utc_offset":28800,"time_zone":"Irkutsk","geo_enabled":false,"verified":false,"statuses_count":10201,"lang":"ja","contributors_enabled":false,"is_translator":false,"is_translation_enabled":false,"profile_background_color":"642D8B","profile_background_image_url":"http://pbs.twimg.com/profile_background_images/771774009/269fa7af88feb06b79ce5298eb4598e2.gif","profile_background_image_url_https":"https://pbs.twimg.com/profile_background_images/771774009/269fa7af88feb06b79ce5298eb4598e2.gif","profile_background_tile":true,"profile_image_url":"http://pbs.twimg.com/profile_images/877852906287910912/TjwStL8k_normal.jpg","profile_image_url_https":"https://pbs.twimg.com/profile_images/877852906287910912/TjwStL8k_normal.jpg","profile_banner_url":"https://pbs.twimg.com/profile_banners/860869646/1498292846","profile_link_color":"3C88FA","profile_sidebar_border_color":"FFFFFF","profile_sidebar_fill_color":"DDEEF6","profile_text_color":"333333","profile_use_background_image":true,"has_extended_profile":true,"default_profile":false,"default_profile_image":false,"following":false,"follow_request_sent":false,"notifications":false,"translator_type":"none"},"geo":null,"coordinates":null,"place":null,"contributors":null,"is_quote_status":false,"retweet_count":59,"favorite_count":103,"favorited":false,"retweeted":false,"possibly_sensitive":false,"lang":"ja"},{"created_at":"Fri Jul 07 03:35:02 +0000 2017","id":883167445296357400,"id_str":"883167445296357376","text":"【速報 JUST IN 】宮内庁 眞子さまの婚約内定発表を延期 豪雨災害で #nhk_news https://t.co/f5WMas14JX","truncated":false,"entities":{"hashtags":[{"text":"nhk_news","indices":[38,47]}],"symbols":[],"user_mentions":[],"urls":[{"url":"https://t.co/f5WMas14JX","expanded_url":"http://www3.nhk.or.jp/news/html/20170707/k10011048221000.html","display_url":"www3.nhk.or.jp/news/html/2017…","indices":[48,71]}]},"metadata":{"iso_language_code":"ja","result_type":"recent"},"source":"<a href=\"http://www.nhk.or.jp/\" rel=\"nofollow\">NHK</a>","in_reply_to_status_id":null,"in_reply_to_status_id_str":null,"in_reply_to_user_id":null,"in_reply_to_user_id_str":null,"in_reply_to_screen_name":null,"user":{"id":204245399,"id_str":"204245399","name":"NHKニュース","screen_name":"nhk_news","location":"東京都渋谷区神南2-2-1","description":"NHKニュースの公式アカウントです。最新のニュースを24時間休みなくお届けします。 http://t.co/Q11WanxIUh をご確認、ご了承ください。問い合わせは http://t.co/QHu5wdeNyR","url":"https://t.co/8JA06ePKUg","entities":{"url":{"urls":[{"url":"https://t.co/8JA06ePKUg","expanded_url":"http://nhk.jp/news","display_url":"nhk.jp/news","indices":[0,23]}]},"description":{"urls":[{"url":"http://t.co/Q11WanxIUh","expanded_url":"http://nhk.jp/rules","display_url":"nhk.jp/rules","indices":[42,64]},{"url":"http://t.co/QHu5wdeNyR","expanded_url":"http://www.nhk.or.jp/css/","display_url":"nhk.or.jp/css/","indices":[85,107]}]}},"protected":false,"followers_count":2296497,"friends_count":15,"listed_count":58497,"created_at":"Mon Oct 18 08:15:29 +0000 2010","favourites_count":0,"utc_offset":32400,"time_zone":"Tokyo","geo_enabled":false,"verified":true,"statuses_count":294180,"lang":"ja","contributors_enabled":false,"is_translator":false,"is_translation_enabled":true,"profile_background_color":"C0DEED","profile_background_image_url":"http://pbs.twimg.com/profile_background_images/828499082087796737/ppZx0TZa.jpg","profile_background_image_url_https":"https://pbs.twimg.com/profile_background_images/828499082087796737/ppZx0TZa.jpg","profile_background_tile":false,"profile_image_url":"http://pbs.twimg.com/profile_images/712261429701713920/mkdC8tNc_normal.jpg","profile_image_url_https":"https://pbs.twimg.com/profile_images/712261429701713920/mkdC8tNc_normal.jpg","profile_banner_url":"https://pbs.twimg.com/profile_banners/204245399/1401946722","profile_link_color":"0084B4","profile_sidebar_border_color":"C0DEED","profile_sidebar_fill_color":"DDEEF6","profile_text_color":"333333","profile_use_background_image":true,"has_extended_profile":false,"default_profile":false,"default_profile_image":false,"following":false,"follow_request_sent":false,"notifications":false,"translator_type":"none"},"geo":null,"coordinates":null,"place":null,"contributors":null,"is_quote_status":false,"retweet_count":165,"favorite_count":45,"favorited":false,"retweeted":false,"possibly_sensitive":false,"lang":"ja"},{"created_at":"Fri Jul 07 03:34:22 +0000 2017","id":883167280057598000,"id_str":"883167280057597952","text":"【宮内庁 眞子さまの婚約内定発表を延期 豪雨災害で】\n宮内庁は、九州北部の記録的な豪雨で大きな被害が出ていることを受け、8日に予定していた秋篠宮ご夫妻の長女の眞子さまと同級生の小室圭さんの婚約内定の発表や二人そろっての記者会見を延期することを決めました。","truncated":false,"entities":{"hashtags":[],"symbols":[],"user_mentions":[],"urls":[]},"metadata":{"iso_language_code":"ja","result_type":"recent"},"source":"<a href=\"https://unnerv.jp/@UN_NERV\" rel=\"nofollow\">特務機関NERV MAGI</a>","in_reply_to_status_id":null,"in_reply_to_status_id_str":null,"in_reply_to_user_id":null,"in_reply_to_user_id_str":null,"in_reply_to_screen_name":null,"user":{"id":116548789,"id_str":"116548789","name":"特務機関NERV","screen_name":"UN_NERV","location":"第3新東京市","description":"U.N.NERV\r\nネルフです。本アカウントからの返信やRTは行えません。発表のみを行うアカウントとなります。お問い合わせなどは広報アカウント @NERVPR 宛にお願いいたします。ヤシマ作戦公式アカウントです。ヤシマ作戦及び本アカウントはエヴァンゲリオン版権元のご理解とご協力により、公認ですが非公式です。","url":"https://t.co/h4VV1lfQxP","entities":{"url":{"urls":[{"url":"https://t.co/h4VV1lfQxP","expanded_url":"https://unnerv.jp/@UN_NERV","display_url":"unnerv.jp/@UN_NERV","indices":[0,23]}]},"description":{"urls":[]}},"protected":false,"followers_count":424187,"friends_count":101,"listed_count":17133,"created_at":"Mon Feb 22 21:35:21 +0000 2010","favourites_count":1,"utc_offset":32400,"time_zone":"Tokyo","geo_enabled":false,"verified":false,"statuses_count":176285,"lang":"ja","contributors_enabled":false,"is_translator":false,"is_translation_enabled":false,"profile_background_color":"808080","profile_background_image_url":"http://pbs.twimg.com/profile_background_images/77623949/img74d96c6fzik8zj.png","profile_background_image_url_https":"https://pbs.twimg.com/profile_background_images/77623949/img74d96c6fzik8zj.png","profile_background_tile":false,"profile_image_url":"http://pbs.twimg.com/profile_images/1874890040/un_nerv_normal.png","profile_image_url_https":"https://pbs.twimg.com/profile_images/1874890040/un_nerv_normal.png","profile_banner_url":"https://pbs.twimg.com/profile_banners/116548789/1352202156","profile_link_color":"A8A8A8","profile_sidebar_border_color":"C20F0F","profile_sidebar_fill_color":"000000","profile_text_color":"D41515","profile_use_background_image":true,"has_extended_profile":false,"default_profile":false,"default_profile_image":false,"following":false,"follow_request_sent":false,"notifications":false,"translator_type":"none"},"geo":null,"coordinates":null,"place":null,"contributors":null,"is_quote_status":false,"retweet_count":121,"favorite_count":38,"favorited":false,"retweeted":false,"lang":"ja"},{"created_at":"Fri Jul 07 03:34:21 +0000 2017","id":883167275779465200,"id_str":"883167275779465216","text":"【2017年7月7日 12:34 NHK】\n宮内庁 眞子さまの婚約内定発表を延期 豪雨災害で\nhttps://t.co/NuPbY0ylcV","truncated":false,"entities":{"hashtags":[],"symbols":[],"user_mentions":[],"urls":[{"url":"https://t.co/NuPbY0ylcV","expanded_url":"http://nerv.link/NWY7rq","display_url":"nerv.link/NWY7rq","indices":[47,70]}]},"metadata":{"iso_language_code":"ja","result_type":"recent"},"source":"<a href=\"https://unnerv.jp/@UN_NERV\" rel=\"nofollow\">特務機関NERV MAGI</a>","in_reply_to_status_id":null,"in_reply_to_status_id_str":null,"in_reply_to_user_id":null,"in_reply_to_user_id_str":null,"in_reply_to_screen_name":null,"user":{"id":116548789,"id_str":"116548789","name":"特務機関NERV","screen_name":"UN_NERV","location":"第3新東京市","description":"U.N.NERV\r\nネルフです。本アカウントからの返信やRTは行えません。発表のみを行うアカウントとなります。お問い合わせなどは広報アカウント @NERVPR 宛にお願いいたします。ヤシマ作戦公式アカウントです。ヤシマ作戦及び本アカウントはエヴァンゲリオン版権元のご理解とご協力により、公認ですが非公式です。","url":"https://t.co/h4VV1lfQxP","entities":{"url":{"urls":[{"url":"https://t.co/h4VV1lfQxP","expanded_url":"https://unnerv.jp/@UN_NERV","display_url":"unnerv.jp/@UN_NERV","indices":[0,23]}]},"description":{"urls":[]}},"protected":false,"followers_count":424187,"friends_count":101,"listed_count":17133,"created_at":"Mon Feb 22 21:35:21 +0000 2010","favourites_count":1,"utc_offset":32400,"time_zone":"Tokyo","geo_enabled":false,"verified":false,"statuses_count":176285,"lang":"ja","contributors_enabled":false,"is_translator":false,"is_translation_enabled":false,"profile_background_color":"808080","profile_background_image_url":"http://pbs.twimg.com/profile_background_images/77623949/img74d96c6fzik8zj.png","profile_background_image_url_https":"https://pbs.twimg.com/profile_background_images/77623949/img74d96c6fzik8zj.png","profile_background_tile":false,"profile_image_url":"http://pbs.twimg.com/profile_images/1874890040/un_nerv_normal.png","profile_image_url_https":"https://pbs.twimg.com/profile_images/1874890040/un_nerv_normal.png","profile_banner_url":"https://pbs.twimg.com/profile_banners/116548789/1352202156","profile_link_color":"A8A8A8","profile_sidebar_border_color":"C20F0F","profile_sidebar_fill_color":"000000","profile_text_color":"D41515","profile_use_background_image":true,"has_extended_profile":false,"default_profile":false,"default_profile_image":false,"following":false,"follow_request_sent":false,"notifications":false,"translator_type":"none"},"geo":null,"coordinates":null,"place":null,"contributors":null,"is_quote_status":false,"retweet_count":52,"favorite_count":19,"favorited":false,"retweeted":false,"possibly_sensitive":false,"lang":"ja"},{"created_at":"Fri Jul 07 03:34:00 +0000 2017","id":883167185488625700,"id_str":"883167185488625664","text":"【METAL BUILD最新作】\n7月14日（金）22時～配信の『ソレスタルステーション00』にて詳細が発表されるこの機体！\n特設ページで公開中の画像をチェックしつつ、ご期待ください。\n→… https://t.co/RRZpGETY1L","truncated":true,"entities":{"hashtags":[],"symbols":[],"user_mentions":[],"urls":[{"url":"https://t.co/RRZpGETY1L","expanded_url":"https://twitter.com/i/web/status/883167185488625664","display_url":"twitter.com/i/web/status/8…","indices":[96,119]}]},"metadata":{"iso_language_code":"ja","result_type":"recent"},"source":"<a href=\"http://bi.garage.co.jp/\" rel=\"nofollow\">Tweetmanager Series</a>","in_reply_to_status_id":null,"in_reply_to_status_id_str":null,"in_reply_to_user_id":null,"in_reply_to_user_id_str":null,"in_reply_to_screen_name":null,"user":{"id":93363010,"id_str":"93363010","name":"バンダイコレクターズ事業部公式（魂フィ）","screen_name":"t_features","location":"東京都台東区駒形","description":"株式会社バンダイ コレクターズ事業部公式ツイッターアカウントです。ROBOT魂の話題は #t_robot 、フィギュアーツは #t_shf 、超合金は #t_chogokin 、その他商品は #t_nations のハッシュタグでどうぞ。 なお、問い合わせ回答等には非対応ですのでご了承下さい。","url":"http://t.co/DXGXOYGlp0","entities":{"url":{"urls":[{"url":"http://t.co/DXGXOYGlp0","expanded_url":"http://tamashii.jp/","display_url":"tamashii.jp","indices":[0,22]}]},"description":{"urls":[]}},"protected":false,"followers_count":64625,"friends_count":22266,"listed_count":2143,"created_at":"Sun Nov 29 09:17:38 +0000 2009","favourites_count":11129,"utc_offset":32400,"time_zone":"Tokyo","geo_enabled":false,"verified":true,"statuses_count":32143,"lang":"ja","contributors_enabled":false,"is_translator":false,"is_translation_enabled":false,"profile_background_color":"FFFFFF","profile_background_image_url":"http://pbs.twimg.com/profile_background_images/540716264365109249/ReTX0wGU.jpeg","profile_background_image_url_https":"https://pbs.twimg.com/profile_background_images/540716264365109249/ReTX0wGU.jpeg","profile_background_tile":true,"profile_image_url":"http://pbs.twimg.com/profile_images/875517041217724416/r_E-ZrtW_normal.jpg","profile_image_url_https":"https://pbs.twimg.com/profile_images/875517041217724416/r_E-ZrtW_normal.jpg","profile_banner_url":"https://pbs.twimg.com/profile_banners/93363010/1498855861","profile_link_color":"4603FF","profile_sidebar_border_color":"FFFFFF","profile_sidebar_fill_color":"E3E2DE","profile_text_color":"544E61","profile_use_background_image":true,"has_extended_profile":false,"default_profile":false,"default_profile_image":false,"following":false,"follow_request_sent":false,"notifications":false,"translator_type":"none"},"geo":null,"coordinates":null,"place":null,"contributors":null,"is_quote_status":false,"retweet_count":75,"favorite_count":37,"favorited":false,"retweeted":false,"possibly_sensitive":false,"lang":"ja"}],"search_metadata":{"completed_in":0.064,"max_id":883168779366092800,"max_id_str":"883168779366092801","next_results":"?max_id=883167185488625663&q=lang%3Aja%20min_retweets%3A50&include_entities=1","query":"lang%3Aja+min_retweets%3A50","refresh_url":"?since_id=883168779366092801&q=lang%3Aja%20min_retweets%3A50&include_entities=1","count":15,"since_id":0,"since_id_str":"0"}}