{"statuses":[{"created_at":"Thu Jul 06 21:15:01 +0000 2017","id":883071814326288400,"id_str":"883071814326288384","text":"見せるのも見るのもどっちも好き♥♥\nLINEくれたら写メ送るよ♡\n\n#裏垢女子\n#見せ合い募集なう\nhttps://t.co/aW9LwD5TP0","truncated":false,"entities":{"hashtags":[{"text":"裏垢女子","indices":[34,39]},{"text":"見せ合い募集なう","indices":[40,49]}],"symbols":[],"user_mentions":[],"urls":[],"media":[{"id":863353610402373600,"id_str":"863353610402373632","indices":[50,73],"media_url":"http://pbs.twimg.com/media/C_s_iM-VoAAFSwq.jpg","media_url_https":"https://pbs.twimg.com/media/C_s_iM-VoAAFSwq.jpg","url":"https://t.co/aW9LwD5TP0","display_url":"pic.twitter.com/aW9LwD5TP0","expanded_url":"https://twitter.com/dubamub/status/863353665767129089/photo/1","type":"photo","sizes":{"medium":{"w":580,"h":772,"resize":"fit"},"large":{"w":580,"h":772,"resize":"fit"},"thumb":{"w":150,"h":150,"resize":"crop"},"small":{"w":511,"h":680,"resize":"fit"}},"source_status_id":863353665767129100,"source_status_id_str":"863353665767129089","source_user_id":715112866525806600,"source_user_id_str":"715112866525806592"}]},"extended_entities":{"media":[{"id":863353610402373600,"id_str":"863353610402373632","indices":[50,73],"media_url":"http://pbs.twimg.com/media/C_s_iM-VoAAFSwq.jpg","media_url_https":"https://pbs.twimg.com/media/C_s_iM-VoAAFSwq.jpg","url":"https://t.co/aW9LwD5TP0","display_url":"pic.twitter.com/aW9LwD5TP0","expanded_url":"https://twitter.com/dubamub/status/863353665767129089/photo/1","type":"photo","sizes":{"medium":{"w":580,"h":772,"resize":"fit"},"large":{"w":580,"h":772,"resize":"fit"},"thumb":{"w":150,"h":150,"resize":"crop"},"small":{"w":511,"h":680,"resize":"fit"}},"source_status_id":863353665767129100,"source_status_id_str":"863353665767129089","source_user_id":715112866525806600,"source_user_id_str":"715112866525806592"},{"id":863353622054056000,"id_str":"863353622054055937","indices":[50,73],"media_url":"http://pbs.twimg.com/media/C_s_i4YUMAEzG9c.jpg","media_url_https":"https://pbs.twimg.com/media/C_s_i4YUMAEzG9c.jpg","url":"https://t.co/aW9LwD5TP0","display_url":"pic.twitter.com/aW9LwD5TP0","expanded_url":"https://twitter.com/dubamub/status/863353665767129089/photo/1","type":"photo","sizes":{"small":{"w":360,"h":360,"resize":"fit"},"medium":{"w":360,"h":360,"resize":"fit"},"thumb":{"w":150,"h":150,"resize":"crop"},"large":{"w":360,"h":360,"resize":"fit"}},"source_status_id":863353665767129100,"source_status_id_str":"863353665767129089","source_user_id":715112866525806600,"source_user_id_str":"715112866525806592"},{"id":863353653049999400,"id_str":"863353653049999360","indices":[50,73],"media_url":"http://pbs.twimg.com/media/C_s_kr2UwAAZEQi.jpg","media_url_https":"https://pbs.twimg.com/media/C_s_kr2UwAAZEQi.jpg","url":"https://t.co/aW9LwD5TP0","display_url":"pic.twitter.com/aW9LwD5TP0","expanded_url":"https://twitter.com/dubamub/status/863353665767129089/photo/1","type":"photo","sizes":{"thumb":{"w":150,"h":150,"resize":"crop"},"large":{"w":580,"h":435,"resize":"fit"},"small":{"w":580,"h":435,"resize":"fit"},"medium":{"w":580,"h":435,"resize":"fit"}},"source_status_id":863353665767129100,"source_status_id_str":"863353665767129089","source_user_id":715112866525806600,"source_user_id_str":"715112866525806592"}]},"metadata":{"iso_language_code":"ja","result_type":"recent"},"source":"<a href=\"https://twitter.com\" rel=\"nofollow\">ccc fggyyy</a>","in_reply_to_status_id":null,"in_reply_to_status_id_str":null,"in_reply_to_user_id":null,"in_reply_to_user_id_str":null,"in_reply_to_screen_name":null,"user":{"id":838286099621371900,"id_str":"838286099621371905","name":"みゆ✿見せあい募集垢","screen_name":"mm_i_yu","location":"","description":"いわゆる裏垢女子♡おぱーい晒して喜んでます笑♡ぇち動画欲しい人&見せあいしたい人LINEしてね〜💕ふぉろー貰えると喜びます ♥ ♥ ※DM基本見てません×","url":null,"entities":{"description":{"urls":[]}},"protected":false,"followers_count":485,"friends_count":247,"listed_count":0,"created_at":"Sun Mar 05 07:12:35 +0000 2017","favourites_count":0,"utc_offset":-25200,"time_zone":"Pacific Time (US & Canada)","geo_enabled":false,"verified":false,"statuses_count":9,"lang":"ja","contributors_enabled":false,"is_translator":false,"is_translation_enabled":false,"profile_background_color":"F5F8FA","profile_background_image_url":null,"profile_background_image_url_https":null,"profile_background_tile":false,"profile_image_url":"http://pbs.twimg.com/profile_images/870110818829873152/N8Ez-XUN_normal.jpg","profile_image_url_https":"https://pbs.twimg.com/profile_images/870110818829873152/N8Ez-XUN_normal.jpg","profile_banner_url":"https://pbs.twimg.com/profile_banners/838286099621371905/1496285569","profile_link_color":"1DA1F2","profile_sidebar_border_color":"C0DEED","profile_sidebar_fill_color":"DDEEF6","profile_text_color":"333333","profile_use_background_image":true,"has_extended_profile":false,"default_profile":true,"default_profile_image":false,"following":false,"follow_request_sent":false,"notifications":false,"translator_type":"none"},"geo":null,"coordinates":null,"place":null,"contributors":null,"is_quote_status":false,"retweet_count":55,"favorite_count":0,"favorited":false,"retweeted":false,"possibly_sensitive":false,"lang":"ja"},{"created_at":"Thu Jul 06 21:13:01 +0000 2017","id":883071311391608800,"id_str":"883071311391608832","text":"フィリピン中部でマグニチュード６．５の地震 ２人死亡 #nhk_news https://t.co/W2RTVJ1TiM","truncated":false,"entities":{"hashtags":[{"text":"nhk_news","indices":[27,36]}],"symbols":[],"user_mentions":[],"urls":[{"url":"https://t.co/W2RTVJ1TiM","expanded_url":"http://www3.nhk.or.jp/news/html/20170707/k10011047671000.html","display_url":"www3.nhk.or.jp/news/html/2017…","indices":[37,60]}]},"metadata":{"iso_language_code":"ja","result_type":"recent"},"source":"<a href=\"http://www.nhk.or.jp/\" rel=\"nofollow\">NHK</a>","in_reply_to_status_id":null,"in_reply_to_status_id_str":null,"in_reply_to_user_id":null,"in_reply_to_user_id_str":null,"in_reply_to_screen_name":null,"user":{"id":204245399,"id_str":"204245399","name":"NHKニュース","screen_name":"nhk_news","location":"東京都渋谷区神南2-2-1","description":"NHKニュースの公式アカウントです。最新のニュースを24時間休みなくお届けします。 http://t.co/Q11WanxIUh をご確認、ご了承ください。問い合わせは http://t.co/QHu5wdeNyR","url":"https://t.co/8JA06ePKUg","entities":{"url":{"urls":[{"url":"https://t.co/8JA06ePKUg","expanded_url":"http://nhk.jp/news","display_url":"nhk.jp/news","indices":[0,23]}]},"description":{"urls":[{"url":"http://t.co/Q11WanxIUh","expanded_url":"http://nhk.jp/rules","display_url":"nhk.jp/rules","indices":[42,64]},{"url":"http://t.co/QHu5wdeNyR","expanded_url":"http://www.nhk.or.jp/css/","display_url":"nhk.or.jp/css/","indices":[85,107]}]}},"protected":false,"followers_count":2296312,"friends_count":15,"listed_count":58499,"created_at":"Mon Oct 18 08:15:29 +0000 2010","favourites_count":0,"utc_offset":32400,"time_zone":"Tokyo","geo_enabled":false,"verified":true,"statuses_count":294125,"lang":"ja","contributors_enabled":false,"is_translator":false,"is_translation_enabled":true,"profile_background_color":"C0DEED","profile_background_image_url":"http://pbs.twimg.com/profile_background_images/828499082087796737/ppZx0TZa.jpg","profile_background_image_url_https":"https://pbs.twimg.com/profile_background_images/828499082087796737/ppZx0TZa.jpg","profile_background_tile":false,"profile_image_url":"http://pbs.twimg.com/profile_images/712261429701713920/mkdC8tNc_normal.jpg","profile_image_url_https":"https://pbs.twimg.com/profile_images/712261429701713920/mkdC8tNc_normal.jpg","profile_banner_url":"https://pbs.twimg.com/profile_banners/204245399/1401946722","profile_link_color":"0084B4","profile_sidebar_border_color":"C0DEED","profile_sidebar_fill_color":"DDEEF6","profile_text_color":"333333","profile_use_background_image":true,"has_extended_profile":false,"default_profile":false,"default_profile_image":false,"following":false,"follow_request_sent":false,"notifications":false,"translator_type":"none"},"geo":null,"coordinates":null,"place":null,"contributors":null,"is_quote_status":false,"retweet_count":63,"favorite_count":18,"favorited":false,"retweeted":false,"possibly_sensitive":false,"lang":"ja"},{"created_at":"Thu Jul 06 21:10:18 +0000 2017","id":883070626176548900,"id_str":"883070626176548864","text":"おはようございます✨\n\nとても早く起きてしまったのでもう一回寝ます。","truncated":false,"entities":{"hashtags":[],"symbols":[],"user_mentions":[],"urls":[]},"metadata":{"iso_language_code":"ja","result_type":"recent"},"source":"<a href=\"http://twitter.com/download/iphone\" rel=\"nofollow\">Twitter for iPhone</a>","in_reply_to_status_id":null,"in_reply_to_status_id_str":null,"in_reply_to_user_id":null,"in_reply_to_user_id_str":null,"in_reply_to_screen_name":null,"user":{"id":870273615513567200,"id_str":"870273615513567232","name":"SEKAI","screen_name":"sekai_official_","location":"","description":"EXILE/FTHEB/FANTASTICS instagram https://t.co/h4oit17jWD","url":"https://t.co/NUecQDXB5W","entities":{"url":{"urls":[{"url":"https://t.co/NUecQDXB5W","expanded_url":"http://m.ex-m.jp","display_url":"m.ex-m.jp","indices":[0,23]}]},"description":{"urls":[{"url":"https://t.co/h4oit17jWD","expanded_url":"http://Instagram.com/exile_sekai_official","display_url":"Instagram.com/exile_sekai_of…","indices":[33,56]}]}},"protected":false,"followers_count":51654,"friends_count":90,"listed_count":112,"created_at":"Thu Jun 01 13:39:33 +0000 2017","favourites_count":53,"utc_offset":null,"time_zone":null,"geo_enabled":false,"verified":false,"statuses_count":73,"lang":"ja","contributors_enabled":false,"is_translator":false,"is_translation_enabled":false,"profile_background_color":"F5F8FA","profile_background_image_url":null,"profile_background_image_url_https":null,"profile_background_tile":false,"profile_image_url":"http://pbs.twimg.com/profile_images/870477826402639872/mcAG5oHc_normal.jpg","profile_image_url_https":"https://pbs.twimg.com/profile_images/870477826402639872/mcAG5oHc_normal.jpg","profile_banner_url":"https://pbs.twimg.com/profile_banners/870273615513567232/1496373131","profile_link_color":"1DA1F2","profile_sidebar_border_color":"C0DEED","profile_sidebar_fill_color":"DDEEF6","profile_text_color":"333333","profile_use_background_image":true,"has_extended_profile":true,"default_profile":true,"default_profile_image":false,"following":false,"follow_request_sent":false,"notifications":false,"translator_type":"none"},"geo":null,"coordinates":null,"place":null,"contributors":null,"is_quote_status":false,"retweet_count":56,"favorite_count":632,"favorited":false,"retweeted":false,"lang":"ja"},{"created_at":"Thu Jul 06 21:04:46 +0000 2017","id":883069234875478000,"id_str":"883069234875478016","text":"テンタクルズ！！！！！ https://t.co/um2EJ3IIEq","truncated":false,"entities":{"hashtags":[],"symbols":[],"user_mentions":[],"urls":[],"media":[{"id":883069083574390800,"id_str":"883069083574390784","indices":[12,35],"media_url":"http://pbs.twimg.com/media/DEFKpx6U0AA05GB.jpg","media_url_https":"https://pbs.twimg.com/media/DEFKpx6U0AA05GB.jpg","url":"https://t.co/um2EJ3IIEq","display_url":"pic.twitter.com/um2EJ3IIEq","expanded_url":"https://twitter.com/hizake/status/883069234875478016/photo/1","type":"photo","sizes":{"small":{"w":425,"h":680,"resize":"fit"},"thumb":{"w":150,"h":150,"resize":"crop"},"large":{"w":1200,"h":1920,"resize":"fit"},"medium":{"w":750,"h":1200,"resize":"fit"}}}]},"extended_entities":{"media":[{"id":883069083574390800,"id_str":"883069083574390784","indices":[12,35],"media_url":"http://pbs.twimg.com/media/DEFKpx6U0AA05GB.jpg","media_url_https":"https://pbs.twimg.com/media/DEFKpx6U0AA05GB.jpg","url":"https://t.co/um2EJ3IIEq","display_url":"pic.twitter.com/um2EJ3IIEq","expanded_url":"https://twitter.com/hizake/status/883069234875478016/photo/1","type":"photo","sizes":{"small":{"w":425,"h":680,"resize":"fit"},"thumb":{"w":150,"h":150,"resize":"crop"},"large":{"w":1200,"h":1920,"resize":"fit"},"medium":{"w":750,"h":1200,"resize":"fit"}}}]},"metadata":{"iso_language_code":"ja","result_type":"recent"},"source":"<a href=\"http://twitter.com\" rel=\"nofollow\">Twitter Web Client</a>","in_reply_to_status_id":null,"in_reply_to_status_id_str":null,"in_reply_to_user_id":null,"in_reply_to_user_id_str":null,"in_reply_to_screen_name":null,"user":{"id":102006360,"id_str":"102006360","name":"ひざけ","screen_name":"hizake","location":"ﾏﾝﾒﾝﾐ","description":"スプラトゥーン中心にお絵描きしてますので！ 何かございましたらこちらhizake0310@gmail.com お題箱https://t.co/NQXEQtrrEC","url":"https://t.co/qIzVZZaHFB","entities":{"url":{"urls":[{"url":"https://t.co/qIzVZZaHFB","expanded_url":"http://hizake.tumblr.com/","display_url":"hizake.tumblr.com","indices":[0,23]}]},"description":{"urls":[{"url":"https://t.co/NQXEQtrrEC","expanded_url":"http://odaibako.net/u/hizake","display_url":"odaibako.net/u/hizake","indices":[58,81]}]}},"protected":false,"followers_count":7969,"friends_count":1019,"listed_count":252,"created_at":"Tue Jan 05 08:46:32 +0000 2010","favourites_count":6581,"utc_offset":32400,"time_zone":"Osaka","geo_enabled":true,"verified":false,"statuses_count":101238,"lang":"ja","contributors_enabled":false,"is_translator":false,"is_translation_enabled":false,"profile_background_color":"C0DEED","profile_background_image_url":"http://pbs.twimg.com/profile_background_images/126426300/ma_____.jpg","profile_background_image_url_https":"https://pbs.twimg.com/profile_background_images/126426300/ma_____.jpg","profile_background_tile":false,"profile_image_url":"http://pbs.twimg.com/profile_images/835246977474408448/phJ_PZxI_normal.jpg","profile_image_url_https":"https://pbs.twimg.com/profile_images/835246977474408448/phJ_PZxI_normal.jpg","profile_banner_url":"https://pbs.twimg.com/profile_banners/102006360/1489334202","profile_link_color":"0084B4","profile_sidebar_border_color":"C0DEED","profile_sidebar_fill_color":"DDEEF6","profile_text_color":"333333","profile_use_background_image":true,"has_extended_profile":false,"default_profile":false,"default_profile_image":false,"following":false,"follow_request_sent":false,"notifications":false,"translator_type":"none"},"geo":null,"coordinates":null,"place":null,"contributors":null,"is_quote_status":false,"retweet_count":64,"favorite_count":118,"favorited":false,"retweeted":false,"possibly_sensitive":false,"lang":"ja"},{"created_at":"Thu Jul 06 21:03:24 +0000 2017","id":883068889575309300,"id_str":"883068889575309312","text":"@12cafe_au_lait @teruponjsrk 避難勧告でとるけ、解消されるまで自宅待機だそうです笑 学校に電話したよ😂","truncated":false,"entities":{"hashtags":[],"symbols":[],"user_mentions":[{"screen_name":"12cafe_au_lait","name":"松永","id":710112393041289200,"id_str":"710112393041289216","indices":[0,15]},{"screen_name":"teruponjsrk","name":"くろてる","id":731243745224466400,"id_str":"731243745224466432","indices":[16,28]}],"urls":[]},"metadata":{"iso_language_code":"ja","result_type":"recent"},"source":"<a href=\"http://twitter.com/download/iphone\" rel=\"nofollow\">Twitter for iPhone</a>","in_reply_to_status_id":883068360623247400,"in_reply_to_status_id_str":"883068360623247360","in_reply_to_user_id":710112393041289200,"in_reply_to_user_id_str":"710112393041289216","in_reply_to_screen_name":"12cafe_au_lait","user":{"id":714316452157726700,"id_str":"714316452157726720","name":"利佳","screen_name":"bule_lily","location":"","description":"千代→八幡1-6👉2-3｜凌雲白虎｜photo｜生徒会｜","url":"https://t.co/FVKdBYN1Qm","entities":{"url":{"urls":[{"url":"https://t.co/FVKdBYN1Qm","expanded_url":"http://Instagram.com/orion_39","display_url":"Instagram.com/orion_39","indices":[0,23]}]},"description":{"urls":[]}},"protected":false,"followers_count":227,"friends_count":218,"listed_count":1,"created_at":"Mon Mar 28 05:01:28 +0000 2016","favourites_count":550,"utc_offset":null,"time_zone":null,"geo_enabled":false,"verified":false,"statuses_count":864,"lang":"en","contributors_enabled":false,"is_translator":false,"is_translation_enabled":false,"profile_background_color":"F5F8FA","profile_background_image_url":null,"profile_background_image_url_https":null,"profile_background_tile":false,"profile_image_url":"http://pbs.twimg.com/profile_images/859769949971259392/avFJztx7_normal.jpg","profile_image_url_https":"https://pbs.twimg.com/profile_images/859769949971259392/avFJztx7_normal.jpg","profile_banner_url":"https://pbs.twimg.com/profile_banners/714316452157726720/1493970311","profile_link_color":"1DA1F2","profile_sidebar_border_color":"C0DEED","profile_sidebar_fill_color":"DDEEF6","profile_text_color":"333333","profile_use_background_image":true,"has_extended_profile":true,"default_profile":true,"default_profile_image":false,"following":false,"follow_request_sent":false,"notifications":false,"translator_type":"none"},"geo":null,"coordinates":null,"place":null,"contributors":null,"is_quote_status":false,"retweet_count":48,"favorite_count":21,"favorited":false,"retweeted":false,"lang":"ja"},{"created_at":"Thu Jul 06 21:02:04 +0000 2017","id":883068553968050200,"id_str":"883068553968050176","text":"NEWS更新\n『主題歌決定！レントンと共に「父の想い」継ぐ楽曲。尾崎裕哉「Glory Days」』\nhttps://t.co/emjSgTZgXc\n#エウレカ #eureka_HE https://t.co/W9557zpguL","truncated":false,"entities":{"hashtags":[{"text":"エウレカ","indices":[74,79]},{"text":"eureka_HE","indices":[80,90]}],"symbols":[],"user_mentions":[],"urls":[{"url":"https://t.co/emjSgTZgXc","expanded_url":"http://eurekaseven.jp/news/?p=107","display_url":"eurekaseven.jp/news/?p=107","indices":[50,73]}],"media":[{"id":883068550885158900,"id_str":"883068550885158912","indices":[91,114],"media_url":"http://pbs.twimg.com/media/DEFKKxfUMAAHS3X.jpg","media_url_https":"https://pbs.twimg.com/media/DEFKKxfUMAAHS3X.jpg","url":"https://t.co/W9557zpguL","display_url":"pic.twitter.com/W9557zpguL","expanded_url":"https://twitter.com/EUREKA_HI_EVO/status/883068553968050176/photo/1","type":"photo","sizes":{"medium":{"w":1200,"h":800,"resize":"fit"},"small":{"w":680,"h":453,"resize":"fit"},"thumb":{"w":150,"h":150,"resize":"crop"},"large":{"w":2048,"h":1365,"resize":"fit"}}}]},"extended_entities":{"media":[{"id":883068550885158900,"id_str":"883068550885158912","indices":[91,114],"media_url":"http://pbs.twimg.com/media/DEFKKxfUMAAHS3X.jpg","media_url_https":"https://pbs.twimg.com/media/DEFKKxfUMAAHS3X.jpg","url":"https://t.co/W9557zpguL","display_url":"pic.twitter.com/W9557zpguL","expanded_url":"https://twitter.com/EUREKA_HI_EVO/status/883068553968050176/photo/1","type":"photo","sizes":{"medium":{"w":1200,"h":800,"resize":"fit"},"small":{"w":680,"h":453,"resize":"fit"},"thumb":{"w":150,"h":150,"resize":"crop"},"large":{"w":2048,"h":1365,"resize":"fit"}}}]},"metadata":{"iso_language_code":"ja","result_type":"recent"},"source":"<a href=\"http://eurekaseven.jp/\" rel=\"nofollow\">eureka_honban</a>","in_reply_to_status_id":null,"in_reply_to_status_id_str":null,"in_reply_to_user_id":null,"in_reply_to_user_id_str":null,"in_reply_to_screen_name":null,"user":{"id":443016117,"id_str":"443016117","name":"エウレカセブン　ハイエボリューション公式","screen_name":"EUREKA_HI_EVO","location":"","description":"アニメ『交響詩篇エウレカセブン ハイエボリューション』の公式アカウントです。 感動のＴＶシリーズから12年――劇場３部作で始動／総監督：京田知己、脚本：佐藤大、キャラクターデザイン：吉田健一、アニメーション制作：ボンズ／公式ハッシュタグ #エウレカ、#eureka_HE","url":"https://t.co/SzlXFPfx15","entities":{"url":{"urls":[{"url":"https://t.co/SzlXFPfx15","expanded_url":"http://eurekaseven.jp","display_url":"eurekaseven.jp","indices":[0,23]}]},"description":{"urls":[]}},"protected":false,"followers_count":37184,"friends_count":0,"listed_count":1067,"created_at":"Wed Dec 21 18:27:24 +0000 2011","favourites_count":3,"utc_offset":32400,"time_zone":"Tokyo","geo_enabled":false,"verified":false,"statuses_count":1445,"lang":"ja","contributors_enabled":false,"is_translator":false,"is_translation_enabled":false,"profile_background_color":"020E14","profile_background_image_url":"http://pbs.twimg.com/profile_background_images/389015852/ESAOkeyvisual1700_C_.jpg","profile_background_image_url_https":"https://pbs.twimg.com/profile_background_images/389015852/ESAOkeyvisual1700_C_.jpg","profile_background_tile":true,"profile_image_url":"http://pbs.twimg.com/profile_images/883070318733950976/cDvzqJeX_normal.jpg","profile_image_url_https":"https://pbs.twimg.com/profile_images/883070318733950976/cDvzqJeX_normal.jpg","profile_banner_url":"https://pbs.twimg.com/profile_banners/443016117/1489719602","profile_link_color":"153452","profile_sidebar_border_color":"889A9C","profile_sidebar_fill_color":"F5F5F5","profile_text_color":"333333","profile_use_background_image":true,"has_extended_profile":false,"default_profile":false,"default_profile_image":false,"following":false,"follow_request_sent":false,"notifications":false,"translator_type":"none"},"geo":null,"coordinates":null,"place":null,"contributors":null,"is_quote_status":false,"retweet_count":134,"favorite_count":125,"favorited":false,"retweeted":false,"possibly_sensitive":false,"lang":"ja"},{"created_at":"Thu Jul 06 21:01:10 +0000 2017","id":883068327857238000,"id_str":"883068327857238016","text":"＼新ポスタービジュアル解禁／\n山﨑さん演じる斉木をはじめ、やっかいすぎる仲間が大集合のポスターが完成‼\n\n「やれやれ、たかが文化祭で、地球滅亡の危機とはな。」\n\n一体何が起こっちゃうのでしょう🤔恋❤友情🤝そして超能力🖐️が吹き荒れ… https://t.co/en1BOXm7u6","truncated":true,"entities":{"hashtags":[],"symbols":[],"user_mentions":[],"urls":[{"url":"https://t.co/en1BOXm7u6","expanded_url":"https://twitter.com/i/web/status/883068327857238016","display_url":"twitter.com/i/web/status/8…","indices":[117,140]}]},"metadata":{"iso_language_code":"ja","result_type":"recent"},"source":"<a href=\"http://twitter.com/download/android\" rel=\"nofollow\">Twitter for Android</a>","in_reply_to_status_id":null,"in_reply_to_status_id_str":null,"in_reply_to_user_id":null,"in_reply_to_user_id_str":null,"in_reply_to_screen_name":null,"user":{"id":753778873569988600,"id_str":"753778873569988608","name":"映画『斉木楠雄のΨ難』公式","screen_name":"saikikusuomovie","location":"","description":"10月21日（土）公開！映画『斉木楠雄のΨ難』公式Twitter  映画に関する最新情報をお届け！ 脚本・監督：#福田雄一 出演：#山﨑賢人、#橋本環奈、#新井浩文、#吉沢亮、#笠原秀幸、#ムロツヨシ、#佐藤二朗、#賀来賢人、#内田有紀、#田辺誠一 原作：#麻生周一（集英社「週刊少年ジャンプ」連載）","url":"https://t.co/EGwPob2rF2","entities":{"url":{"urls":[{"url":"https://t.co/EGwPob2rF2","expanded_url":"http://saikikusuo-movie.jp","display_url":"saikikusuo-movie.jp","indices":[0,23]}]},"description":{"urls":[]}},"protected":false,"followers_count":38206,"friends_count":13,"listed_count":163,"created_at":"Fri Jul 15 02:31:02 +0000 2016","favourites_count":143,"utc_offset":null,"time_zone":null,"geo_enabled":false,"verified":false,"statuses_count":131,"lang":"ja","contributors_enabled":false,"is_translator":false,"is_translation_enabled":false,"profile_background_color":"F5F8FA","profile_background_image_url":null,"profile_background_image_url_https":null,"profile_background_tile":false,"profile_image_url":"http://pbs.twimg.com/profile_images/877838991927631872/XRW8rRx__normal.jpg","profile_image_url_https":"https://pbs.twimg.com/profile_images/877838991927631872/XRW8rRx__normal.jpg","profile_banner_url":"https://pbs.twimg.com/profile_banners/753778873569988608/1489547234","profile_link_color":"1DA1F2","profile_sidebar_border_color":"C0DEED","profile_sidebar_fill_color":"DDEEF6","profile_text_color":"333333","profile_use_background_image":true,"has_extended_profile":false,"default_profile":true,"default_profile_image":false,"following":false,"follow_request_sent":false,"notifications":false,"translator_type":"none"},"geo":null,"coordinates":null,"place":null,"contributors":null,"is_quote_status":false,"retweet_count":221,"favorite_count":418,"favorited":false,"retweeted":false,"possibly_sensitive":false,"lang":"ja"},{"created_at":"Thu Jul 06 21:01:03 +0000 2017","id":883068296349732900,"id_str":"883068296349732864","text":"ちょ、なんでそんな上から……… https://t.co/VRBOa2zzGS","truncated":false,"entities":{"hashtags":[],"symbols":[],"user_mentions":[],"urls":[],"media":[{"id":883068294063833100,"id_str":"883068294063833088","indices":[16,39],"media_url":"http://pbs.twimg.com/media/DEFJ70wVwAAAcSl.jpg","media_url_https":"https://pbs.twimg.com/media/DEFJ70wVwAAAcSl.jpg","url":"https://t.co/VRBOa2zzGS","display_url":"pic.twitter.com/VRBOa2zzGS","expanded_url":"https://twitter.com/gudetama_sanrio/status/883068296349732864/photo/1","type":"photo","sizes":{"medium":{"w":800,"h":450,"resize":"fit"},"small":{"w":680,"h":383,"resize":"fit"},"large":{"w":800,"h":450,"resize":"fit"},"thumb":{"w":150,"h":150,"resize":"crop"}}}]},"extended_entities":{"media":[{"id":883068294063833100,"id_str":"883068294063833088","indices":[16,39],"media_url":"http://pbs.twimg.com/media/DEFJ70wVwAAAcSl.jpg","media_url_https":"https://pbs.twimg.com/media/DEFJ70wVwAAAcSl.jpg","url":"https://t.co/VRBOa2zzGS","display_url":"pic.twitter.com/VRBOa2zzGS","expanded_url":"https://twitter.com/gudetama_sanrio/status/883068296349732864/photo/1","type":"photo","sizes":{"medium":{"w":800,"h":450,"resize":"fit"},"small":{"w":680,"h":383,"resize":"fit"},"large":{"w":800,"h":450,"resize":"fit"},"thumb":{"w":150,"h":150,"resize":"crop"}}}]},"metadata":{"iso_language_code":"ja","result_type":"recent"},"source":"<a href=\"http://engagemanager.tribalmedia.co.jp/\" rel=\"nofollow\">EngageManager</a>","in_reply_to_status_id":null,"in_reply_to_status_id_str":null,"in_reply_to_user_id":null,"in_reply_to_user_id_str":null,"in_reply_to_screen_name":null,"user":{"id":2393904000,"id_str":"2393904000","name":"ぐでたま【公式】","screen_name":"gudetama_sanrio","location":"","description":"毎日つぶやくのめんどくさい。だるい。エラい人がやれっていうからやるけど、どーせ食われるだけだし。\r\nサンリオのソーシャルメディアポリシー　http://t.co/zmngDXVI6F","url":"http://t.co/QHcf4c5eEU","entities":{"url":{"urls":[{"url":"http://t.co/QHcf4c5eEU","expanded_url":"http://www.sanrio.co.jp/character/gudetama/","display_url":"sanrio.co.jp/character/gude…","indices":[0,22]}]},"description":{"urls":[{"url":"http://t.co/zmngDXVI6F","expanded_url":"http://www.sanrio.co.jp/social/policy/","display_url":"sanrio.co.jp/social/policy/","indices":[69,91]}]}},"protected":false,"followers_count":793494,"friends_count":8,"listed_count":3971,"created_at":"Mon Mar 17 06:36:37 +0000 2014","favourites_count":0,"utc_offset":32400,"time_zone":"Tokyo","geo_enabled":false,"verified":true,"statuses_count":1951,"lang":"ja","contributors_enabled":false,"is_translator":false,"is_translation_enabled":false,"profile_background_color":"C6E2EE","profile_background_image_url":"http://pbs.twimg.com/profile_background_images/468658331758755841/ftzleVkF.jpeg","profile_background_image_url_https":"https://pbs.twimg.com/profile_background_images/468658331758755841/ftzleVkF.jpeg","profile_background_tile":true,"profile_image_url":"http://pbs.twimg.com/profile_images/875640059969417216/8lBCTZbI_normal.jpg","profile_image_url_https":"https://pbs.twimg.com/profile_images/875640059969417216/8lBCTZbI_normal.jpg","profile_banner_url":"https://pbs.twimg.com/profile_banners/2393904000/1403157963","profile_link_color":"FAB81E","profile_sidebar_border_color":"FFFFFF","profile_sidebar_fill_color":"DDEEF6","profile_text_color":"333333","profile_use_background_image":true,"has_extended_profile":true,"default_profile":false,"default_profile_image":false,"following":false,"follow_request_sent":false,"notifications":false,"translator_type":"none"},"geo":null,"coordinates":null,"place":null,"contributors":null,"is_quote_status":false,"retweet_count":394,"favorite_count":906,"favorited":false,"retweeted":false,"possibly_sensitive":false,"lang":"ja"},{"created_at":"Thu Jul 06 21:00:50 +0000 2017","id":883068244327899100,"id_str":"883068244327899140","text":"今日は7月7日（旧暦閏5月14日）の金曜日\n二十四節気「小暑（しょうしょ）」7/7〜7/22頃\n蝉が鳴き始め、本格的に暑くなる頃。\n暑中見舞いを出すのもこの時期です。\n\n暦生活\nhttps://t.co/oRp7UTgXDV… https://t.co/Vzal5mNwwP","truncated":true,"entities":{"hashtags":[],"symbols":[],"user_mentions":[],"urls":[{"url":"https://t.co/oRp7UTgXDV","expanded_url":"http://www.543life.com/","display_url":"543life.com","indices":[89,112]},{"url":"https://t.co/Vzal5mNwwP","expanded_url":"https://twitter.com/i/web/status/883068244327899140","display_url":"twitter.com/i/web/status/8…","indices":[114,137]}]},"metadata":{"iso_language_code":"ja","result_type":"recent"},"source":"<a href=\"http://www.hootsuite.com\" rel=\"nofollow\">Hootsuite</a>","in_reply_to_status_id":null,"in_reply_to_status_id_str":null,"in_reply_to_user_id":null,"in_reply_to_user_id_str":null,"in_reply_to_screen_name":null,"user":{"id":837167466,"id_str":"837167466","name":"暦生活","screen_name":"543life","location":"大阪市","description":"日本には四季のほかに二十四節気、七十二候という季節があるのをご存知ですか？旧暦にまつわる旬の食材や季節の風物詩、その他いろいろ、古きよき日本の情緒をつぶやきます♪ 運営サイト「暦生活」にも是非お立ち寄りください。 新日本カレンダー こよみ好きによるつぶやきです♪","url":"https://t.co/dIn7WeGTLs","entities":{"url":{"urls":[{"url":"https://t.co/dIn7WeGTLs","expanded_url":"http://www.543life.com/","display_url":"543life.com","indices":[0,23]}]},"description":{"urls":[]}},"protected":false,"followers_count":117305,"friends_count":1447,"listed_count":2090,"created_at":"Fri Sep 21 06:48:07 +0000 2012","favourites_count":2794,"utc_offset":null,"time_zone":null,"geo_enabled":false,"verified":false,"statuses_count":7385,"lang":"ja","contributors_enabled":false,"is_translator":false,"is_translation_enabled":false,"profile_background_color":"F1C557","profile_background_image_url":"http://pbs.twimg.com/profile_background_images/676114765/85e67d386c17bbff5aa69856a27c5811.jpeg","profile_background_image_url_https":"https://pbs.twimg.com/profile_background_images/676114765/85e67d386c17bbff5aa69856a27c5811.jpeg","profile_background_tile":false,"profile_image_url":"http://pbs.twimg.com/profile_images/848137144124096512/ECfF6VZO_normal.jpg","profile_image_url_https":"https://pbs.twimg.com/profile_images/848137144124096512/ECfF6VZO_normal.jpg","profile_banner_url":"https://pbs.twimg.com/profile_banners/837167466/1498185789","profile_link_color":"FAC02C","profile_sidebar_border_color":"FFFFFF","profile_sidebar_fill_color":"DDEEF6","profile_text_color":"333333","profile_use_background_image":true,"has_extended_profile":false,"default_profile":false,"default_profile_image":false,"following":false,"follow_request_sent":false,"notifications":false,"translator_type":"none"},"geo":null,"coordinates":null,"place":null,"contributors":null,"is_quote_status":false,"retweet_count":178,"favorite_count":150,"favorited":false,"retweeted":false,"possibly_sensitive":false,"lang":"ja"},{"created_at":"Thu Jul 06 21:00:13 +0000 2017","id":883068088534487000,"id_str":"883068088534487041","text":"みくるの短冊：お裁縫がうまくなりますように・お料理が上手になりますように\n有希の短冊：調和・変革\n古泉の短冊：疲れからか、不幸にも黒塗りの高級車に追突してしまう・後輩をかばいすべての責任を負った三浦に対し、車の主、暴力団員谷岡に言い渡された示談の条件とは…。","truncated":false,"entities":{"hashtags":[],"symbols":[],"user_mentions":[],"urls":[]},"metadata":{"iso_language_code":"ja","result_type":"recent"},"source":"<a href=\"https://twitter.com/jidan_no_jouken\" rel=\"nofollow\">下北沢の路上</a>","in_reply_to_status_id":null,"in_reply_to_status_id_str":null,"in_reply_to_user_id":null,"in_reply_to_user_id_str":null,"in_reply_to_screen_name":null,"user":{"id":2569492147,"id_str":"2569492147","name":"黒塗りの高級車に追突してしまうbot","screen_name":"jidan_no_jouken","location":"下北沢","description":"試合を終えて家路へ向かうサッカー部員達。疲れからか、不幸にも黒塗りの高級車に追突してしまう。後輩をかばいすべての責任を負った三浦に対し、車の主、暴力団員谷岡に言い渡された示談の条件とは…。","url":null,"entities":{"description":{"urls":[]}},"protected":false,"followers_count":109191,"friends_count":1,"listed_count":1447,"created_at":"Sun Jun 15 18:46:10 +0000 2014","favourites_count":1,"utc_offset":null,"time_zone":null,"geo_enabled":false,"verified":false,"statuses_count":11662,"lang":"ja","contributors_enabled":false,"is_translator":false,"is_translation_enabled":false,"profile_background_color":"C0DEED","profile_background_image_url":"http://pbs.twimg.com/profile_background_images/498748430911410176/Gjwgg1v1.jpeg","profile_background_image_url_https":"https://pbs.twimg.com/profile_background_images/498748430911410176/Gjwgg1v1.jpeg","profile_background_tile":true,"profile_image_url":"http://pbs.twimg.com/profile_images/883007239790895104/9zKRwvvM_normal.jpg","profile_image_url_https":"https://pbs.twimg.com/profile_images/883007239790895104/9zKRwvvM_normal.jpg","profile_banner_url":"https://pbs.twimg.com/profile_banners/2569492147/1402858519","profile_link_color":"0084B4","profile_sidebar_border_color":"FFFFFF","profile_sidebar_fill_color":"DDEEF6","profile_text_color":"333333","profile_use_background_image":true,"has_extended_profile":false,"default_profile":false,"default_profile_image":false,"following":false,"follow_request_sent":false,"notifications":false,"translator_type":"none"},"geo":null,"coordinates":null,"place":null,"contributors":null,"is_quote_status":false,"retweet_count":62,"favorite_count":70,"favorited":false,"retweeted":false,"lang":"ja"},{"created_at":"Thu Jul 06 21:00:11 +0000 2017","id":883068081345617900,"id_str":"883068081345617925","text":"他人の評価に臆病にならず、やりたいことに忠実に生きよう。あなたの人生はあなたのものだ、その価値を決めるのも、それを楽しむのもあなただ。他人にあれこれ評価してもらう必要などない。自分で自分を自信を持って評価できる生き方をしよう。","truncated":false,"entities":{"hashtags":[],"symbols":[],"user_mentions":[],"urls":[]},"metadata":{"iso_language_code":"ja","result_type":"recent"},"source":"<a href=\"http://www.hootsuite.com\" rel=\"nofollow\">Hootsuite</a>","in_reply_to_status_id":null,"in_reply_to_status_id_str":null,"in_reply_to_user_id":null,"in_reply_to_user_id_str":null,"in_reply_to_screen_name":null,"user":{"id":145227371,"id_str":"145227371","name":"メンタリスト DaiGo＠160万部突破","screen_name":"Mentalist_DaiGo","location":"実はニコニコ生放送トップランカー","description":"心理学動画無料公開中 →https://t.co/YIMxT6UEBD 作家、大学教授、企業顧問、慶応大卒 英国発祥のメンタリズムを日本に初めて紹介。心理学を応用し、ITサービスから遺伝子検査まで様々なプロダクトを開発中、著書は累計160万部。一日10冊以上本を読み、 ２匹の愛猫をこよなく愛する静岡生まれの引きこもり","url":"https://t.co/anIJo23XQK","entities":{"url":{"urls":[{"url":"https://t.co/anIJo23XQK","expanded_url":"http://daigo.jp","display_url":"daigo.jp","indices":[0,23]}]},"description":{"urls":[{"url":"https://t.co/YIMxT6UEBD","expanded_url":"https://goo.gl/2YdXWu","display_url":"goo.gl/2YdXWu","indices":[12,35]}]}},"protected":false,"followers_count":256122,"friends_count":370,"listed_count":2260,"created_at":"Tue May 18 12:40:37 +0000 2010","favourites_count":2,"utc_offset":-36000,"time_zone":"Hawaii","geo_enabled":false,"verified":true,"statuses_count":3037,"lang":"ja","contributors_enabled":false,"is_translator":false,"is_translation_enabled":false,"profile_background_color":"030303","profile_background_image_url":"http://pbs.twimg.com/profile_background_images/769932682/3fe0012dc2c01a64ebb926bbe2ef24af.jpeg","profile_background_image_url_https":"https://pbs.twimg.com/profile_background_images/769932682/3fe0012dc2c01a64ebb926bbe2ef24af.jpeg","profile_background_tile":false,"profile_image_url":"http://pbs.twimg.com/profile_images/621560845126905856/ZplMroMz_normal.png","profile_image_url_https":"https://pbs.twimg.com/profile_images/621560845126905856/ZplMroMz_normal.png","profile_banner_url":"https://pbs.twimg.com/profile_banners/145227371/1431222731","profile_link_color":"89C9FA","profile_sidebar_border_color":"000000","profile_sidebar_fill_color":"DDEEF6","profile_text_color":"333333","profile_use_background_image":true,"has_extended_profile":false,"default_profile":false,"default_profile_image":false,"following":false,"follow_request_sent":false,"notifications":false,"translator_type":"none"},"geo":null,"coordinates":null,"place":null,"contributors":null,"is_quote_status":false,"retweet_count":86,"favorite_count":255,"favorited":false,"retweeted":false,"lang":"ja"},{"created_at":"Thu Jul 06 21:00:06 +0000 2017","id":883068060659195900,"id_str":"883068060659195905","text":"今日も87万円の報酬を獲得された主婦の方がいらっしゃいました。一度信じてみませんか？\nLINEIDはnbai4　#バイナリー　#お金　#副業　#ネットビジネス　#バイオプ　https://t.co/5TYUbBplFI https://t.co/2JcUNO61T5","truncated":false,"entities":{"hashtags":[{"text":"バイナリー","indices":[56,62]},{"text":"お金","indices":[63,66]},{"text":"副業","indices":[67,70]},{"text":"ネットビジネス","indices":[71,79]},{"text":"バイオプ","indices":[80,85]}],"symbols":[],"user_mentions":[],"urls":[{"url":"https://t.co/5TYUbBplFI","expanded_url":"https://goo.gl/wntqfc","display_url":"goo.gl/wntqfc","indices":[86,109]}],"media":[{"id":883068057853153300,"id_str":"883068057853153280","indices":[110,133],"media_url":"http://pbs.twimg.com/media/DEFJuEzU0AAKKMv.jpg","media_url_https":"https://pbs.twimg.com/media/DEFJuEzU0AAKKMv.jpg","url":"https://t.co/2JcUNO61T5","display_url":"pic.twitter.com/2JcUNO61T5","expanded_url":"https://twitter.com/rimaEssex/status/883068060659195905/photo/1","type":"photo","sizes":{"large":{"w":1108,"h":1478,"resize":"fit"},"medium":{"w":900,"h":1200,"resize":"fit"},"thumb":{"w":150,"h":150,"resize":"crop"},"small":{"w":510,"h":680,"resize":"fit"}}}]},"extended_entities":{"media":[{"id":883068057853153300,"id_str":"883068057853153280","indices":[110,133],"media_url":"http://pbs.twimg.com/media/DEFJuEzU0AAKKMv.jpg","media_url_https":"https://pbs.twimg.com/media/DEFJuEzU0AAKKMv.jpg","url":"https://t.co/2JcUNO61T5","display_url":"pic.twitter.com/2JcUNO61T5","expanded_url":"https://twitter.com/rimaEssex/status/883068060659195905/photo/1","type":"photo","sizes":{"large":{"w":1108,"h":1478,"resize":"fit"},"medium":{"w":900,"h":1200,"resize":"fit"},"thumb":{"w":150,"h":150,"resize":"crop"},"small":{"w":510,"h":680,"resize":"fit"}}}]},"metadata":{"iso_language_code":"ja","result_type":"recent"},"source":"<a href=\"http://twitter.com/\" rel=\"nofollow\">つぶせん１１の大事なAPI</a>","in_reply_to_status_id":null,"in_reply_to_status_id_str":null,"in_reply_to_user_id":null,"in_reply_to_user_id_str":null,"in_reply_to_screen_name":null,"user":{"id":101683375,"id_str":"101683375","name":"野村（バイナリ案内）","screen_name":"rimaEssex","location":"LINEID→nbai4","description":"以前のLINEデータが消えてしまいましたので新しいアカウントを作りました。連絡がつかない方多々おられますので新しいIDに連絡ください。突然連絡が途切れ不安にさせてしまい申し訳ありません。\n在宅で出来るバイナリーというものをLINEの方で案内しております。当然、無料案内です。　#バイナリー　#バイナリーオプション #副業","url":null,"entities":{"description":{"urls":[]}},"protected":false,"followers_count":5423,"friends_count":3900,"listed_count":2,"created_at":"Mon Jan 04 06:43:28 +0000 2010","favourites_count":0,"utc_offset":3600,"time_zone":"London","geo_enabled":false,"verified":false,"statuses_count":6,"lang":"ja","contributors_enabled":false,"is_translator":false,"is_translation_enabled":false,"profile_background_color":"EDECE9","profile_background_image_url":"http://abs.twimg.com/images/themes/theme3/bg.gif","profile_background_image_url_https":"https://abs.twimg.com/images/themes/theme3/bg.gif","profile_background_tile":false,"profile_image_url":"http://pbs.twimg.com/profile_images/863576562729234432/TDQG-yVj_normal.jpg","profile_image_url_https":"https://pbs.twimg.com/profile_images/863576562729234432/TDQG-yVj_normal.jpg","profile_link_color":"088253","profile_sidebar_border_color":"D3D2CF","profile_sidebar_fill_color":"E3E2DE","profile_text_color":"634047","profile_use_background_image":true,"has_extended_profile":false,"default_profile":false,"default_profile_image":false,"following":false,"follow_request_sent":false,"notifications":false,"translator_type":"none"},"geo":null,"coordinates":null,"place":null,"contributors":null,"is_quote_status":false,"retweet_count":100,"favorite_count":0,"favorited":false,"retweeted":false,"possibly_sensitive":false,"lang":"ja"},{"created_at":"Thu Jul 06 21:00:05 +0000 2017","id":883068054099304400,"id_str":"883068054099304448","text":"劇場アニメ『交響詩篇エウレカセブン　ハイエボリューション１』新予告映像とポスターが公開 https://t.co/N5ysjnta3p https://t.co/krmgBHxPhW","truncated":false,"entities":{"hashtags":[],"symbols":[],"user_mentions":[],"urls":[{"url":"https://t.co/N5ysjnta3p","expanded_url":"https://www.famitsu.com/news/201707/07137121.html","display_url":"famitsu.com/news/201707/07…","indices":[44,67]}],"media":[{"id":883068051821690900,"id_str":"883068051821690880","indices":[68,91],"media_url":"http://pbs.twimg.com/media/DEFJtuVUAAAtddD.jpg","media_url_https":"https://pbs.twimg.com/media/DEFJtuVUAAAtddD.jpg","url":"https://t.co/krmgBHxPhW","display_url":"pic.twitter.com/krmgBHxPhW","expanded_url":"https://twitter.com/famitsu/status/883068054099304448/photo/1","type":"photo","sizes":{"small":{"w":452,"h":640,"resize":"fit"},"thumb":{"w":150,"h":150,"resize":"crop"},"medium":{"w":452,"h":640,"resize":"fit"},"large":{"w":452,"h":640,"resize":"fit"}}}]},"extended_entities":{"media":[{"id":883068051821690900,"id_str":"883068051821690880","indices":[68,91],"media_url":"http://pbs.twimg.com/media/DEFJtuVUAAAtddD.jpg","media_url_https":"https://pbs.twimg.com/media/DEFJtuVUAAAtddD.jpg","url":"https://t.co/krmgBHxPhW","display_url":"pic.twitter.com/krmgBHxPhW","expanded_url":"https://twitter.com/famitsu/status/883068054099304448/photo/1","type":"photo","sizes":{"small":{"w":452,"h":640,"resize":"fit"},"thumb":{"w":150,"h":150,"resize":"crop"},"medium":{"w":452,"h":640,"resize":"fit"},"large":{"w":452,"h":640,"resize":"fit"}}}]},"metadata":{"iso_language_code":"ja","result_type":"recent"},"source":"<a href=\"http://twitter.com/famitsu\" rel=\"nofollow\">famibot</a>","in_reply_to_status_id":null,"in_reply_to_status_id_str":null,"in_reply_to_user_id":null,"in_reply_to_user_id_str":null,"in_reply_to_screen_name":null,"user":{"id":5921162,"id_str":"5921162","name":"ファミ通.com","screen_name":"famitsu","location":"","description":"ゲーム、エンタメ情報を配信中！ たまにバルスします。ゲームファンの集うコミュニティもやってます！ \r\nhttp://t.co/a3O2txRfb0","url":"http://t.co/ZLvO6GceyR","entities":{"url":{"urls":[{"url":"http://t.co/ZLvO6GceyR","expanded_url":"http://www.famitsu.com/guc/","display_url":"famitsu.com/guc/","indices":[0,22]}]},"description":{"urls":[{"url":"http://t.co/a3O2txRfb0","expanded_url":"http://www.famitsu.com/","display_url":"famitsu.com","indices":[51,73]}]}},"protected":false,"followers_count":535403,"friends_count":48770,"listed_count":10336,"created_at":"Thu May 10 05:03:05 +0000 2007","favourites_count":120,"utc_offset":32400,"time_zone":"Tokyo","geo_enabled":true,"verified":true,"statuses_count":168812,"lang":"ja","contributors_enabled":false,"is_translator":false,"is_translation_enabled":false,"profile_background_color":"C0DEED","profile_background_image_url":"http://abs.twimg.com/images/themes/theme1/bg.png","profile_background_image_url_https":"https://abs.twimg.com/images/themes/theme1/bg.png","profile_background_tile":false,"profile_image_url":"http://pbs.twimg.com/profile_images/875565477493301248/PyHHkLLI_normal.jpg","profile_image_url_https":"https://pbs.twimg.com/profile_images/875565477493301248/PyHHkLLI_normal.jpg","profile_link_color":"1DA1F2","profile_sidebar_border_color":"C0DEED","profile_sidebar_fill_color":"DDEEF6","profile_text_color":"333333","profile_use_background_image":true,"has_extended_profile":false,"default_profile":true,"default_profile_image":false,"following":false,"follow_request_sent":false,"notifications":false,"translator_type":"none"},"geo":null,"coordinates":null,"place":null,"contributors":null,"is_quote_status":false,"retweet_count":81,"favorite_count":53,"favorited":false,"retweeted":false,"possibly_sensitive":false,"lang":"ja"},{"created_at":"Thu Jul 06 21:00:04 +0000 2017","id":883068050072678400,"id_str":"883068050072678400","text":"【全国の天気】(7日06:00) https://t.co/x7YRCRPFtj きょうも西日本では、大雨になる所があるでしょう。九州や中国、四国は雨が降ったりやんだりで、九州を中心..","truncated":false,"entities":{"hashtags":[],"symbols":[],"user_mentions":[],"urls":[{"url":"https://t.co/x7YRCRPFtj","expanded_url":"http://www.tenki.jp/","display_url":"tenki.jp","indices":[17,40]}]},"metadata":{"iso_language_code":"ja","result_type":"recent"},"source":"<a href=\"http://www.tenki.jp/\" rel=\"nofollow\">tenki.jp</a>","in_reply_to_status_id":null,"in_reply_to_status_id_str":null,"in_reply_to_user_id":null,"in_reply_to_user_id_str":null,"in_reply_to_screen_name":null,"user":{"id":43041891,"id_str":"43041891","name":"tenki.jp","screen_name":"tenkijp","location":"日本の空","description":"日本気象協会が運営する天気予報専門メディア『tenki.jp』 台風、地震などの防災気象情報から、市区町村毎の詳しい天気予報や、気象予報士によるわかりやすい天気解説など豊富な気象情報をお届けします。※読みは「てんきじぇーぴー」です。","url":"http://t.co/Afw3ZhpJ39","entities":{"url":{"urls":[{"url":"http://t.co/Afw3ZhpJ39","expanded_url":"http://tenki.jp/","display_url":"tenki.jp","indices":[0,22]}]},"description":{"urls":[]}},"protected":false,"followers_count":2578878,"friends_count":164,"listed_count":35569,"created_at":"Thu May 28 03:53:58 +0000 2009","favourites_count":19,"utc_offset":32400,"time_zone":"Tokyo","geo_enabled":false,"verified":true,"statuses_count":19096,"lang":"ja","contributors_enabled":false,"is_translator":false,"is_translation_enabled":false,"profile_background_color":"ECECEC","profile_background_image_url":"http://pbs.twimg.com/profile_background_images/606337827865886721/Kv29mahs.png","profile_background_image_url_https":"https://pbs.twimg.com/profile_background_images/606337827865886721/Kv29mahs.png","profile_background_tile":true,"profile_image_url":"http://pbs.twimg.com/profile_images/473482990178156544/QukY2N-0_normal.png","profile_image_url_https":"https://pbs.twimg.com/profile_images/473482990178156544/QukY2N-0_normal.png","profile_banner_url":"https://pbs.twimg.com/profile_banners/43041891/1494811246","profile_link_color":"0061CA","profile_sidebar_border_color":"829D5E","profile_sidebar_fill_color":"99CC33","profile_text_color":"3E4415","profile_use_background_image":true,"has_extended_profile":false,"default_profile":false,"default_profile_image":false,"following":false,"follow_request_sent":false,"notifications":false,"translator_type":"none"},"geo":null,"coordinates":null,"place":null,"contributors":null,"is_quote_status":false,"retweet_count":54,"favorite_count":17,"favorited":false,"retweeted":false,"possibly_sensitive":false,"lang":"ja"},{"created_at":"Thu Jul 06 21:00:04 +0000 2017","id":883068048676069400,"id_str":"883068048676069376","text":"私は嘘で募集するほど暇じゃありません。本当に稼ぎたい人だけ連絡下さい。無料です。LINEID→bainarisf\nhttps://t.co/A7eeTfTBxf　#バイナリー　#バイナリーオプション　#副業　#おこづかい　#お金持ち https://t.co/rc7XkpTOtP","truncated":false,"entities":{"hashtags":[{"text":"バイナリー","indices":[81,87]},{"text":"バイナリーオプション","indices":[88,99]},{"text":"副業","indices":[100,103]},{"text":"おこづかい","indices":[104,110]},{"text":"お金持ち","indices":[111,116]}],"symbols":[],"user_mentions":[],"urls":[{"url":"https://t.co/A7eeTfTBxf","expanded_url":"https://goo.gl/gpmcR4","display_url":"goo.gl/gpmcR4","indices":[57,80]}],"media":[{"id":883068046486548500,"id_str":"883068046486548480","indices":[117,140],"media_url":"http://pbs.twimg.com/media/DEFJtadUMAAeP7v.jpg","media_url_https":"https://pbs.twimg.com/media/DEFJtadUMAAeP7v.jpg","url":"https://t.co/rc7XkpTOtP","display_url":"pic.twitter.com/rc7XkpTOtP","expanded_url":"https://twitter.com/dashiruibahan/status/883068048676069376/photo/1","type":"photo","sizes":{"small":{"w":576,"h":524,"resize":"fit"},"large":{"w":576,"h":524,"resize":"fit"},"thumb":{"w":150,"h":150,"resize":"crop"},"medium":{"w":576,"h":524,"resize":"fit"}}}]},"extended_entities":{"media":[{"id":883068046486548500,"id_str":"883068046486548480","indices":[117,140],"media_url":"http://pbs.twimg.com/media/DEFJtadUMAAeP7v.jpg","media_url_https":"https://pbs.twimg.com/media/DEFJtadUMAAeP7v.jpg","url":"https://t.co/rc7XkpTOtP","display_url":"pic.twitter.com/rc7XkpTOtP","expanded_url":"https://twitter.com/dashiruibahan/status/883068048676069376/photo/1","type":"photo","sizes":{"small":{"w":576,"h":524,"resize":"fit"},"large":{"w":576,"h":524,"resize":"fit"},"thumb":{"w":150,"h":150,"resize":"crop"},"medium":{"w":576,"h":524,"resize":"fit"}}}]},"metadata":{"iso_language_code":"ja","result_type":"recent"},"source":"<a href=\"http://twitter.com/\" rel=\"nofollow\">zerotubusen12</a>","in_reply_to_status_id":null,"in_reply_to_status_id_str":null,"in_reply_to_user_id":null,"in_reply_to_user_id_str":null,"in_reply_to_screen_name":null,"user":{"id":129696001,"id_str":"129696001","name":"生田　竜二","screen_name":"dashiruibahan","location":"LINEID→bainarisf","description":"投資や副業が初めての方でも気軽に声をかけてください。私はプロですので安心して頂けると思います。無料で相談に乗らせて頂きます。 #バイナリー　#バイナリーオプション　#副業　#おこづかい　#お金持ち　　#投資","url":null,"entities":{"description":{"urls":[]}},"protected":false,"followers_count":6788,"friends_count":4667,"listed_count":2,"created_at":"Mon Apr 05 03:58:40 +0000 2010","favourites_count":0,"utc_offset":-25200,"time_zone":"Arizona","geo_enabled":false,"verified":false,"statuses_count":3,"lang":"ja","contributors_enabled":false,"is_translator":false,"is_translation_enabled":false,"profile_background_color":"8B542B","profile_background_image_url":"http://abs.twimg.com/images/themes/theme8/bg.gif","profile_background_image_url_https":"https://abs.twimg.com/images/themes/theme8/bg.gif","profile_background_tile":false,"profile_image_url":"http://pbs.twimg.com/profile_images/858971680823103488/P4w8ogB4_normal.jpg","profile_image_url_https":"https://pbs.twimg.com/profile_images/858971680823103488/P4w8ogB4_normal.jpg","profile_link_color":"9D582E","profile_sidebar_border_color":"D9B17E","profile_sidebar_fill_color":"EADEAA","profile_text_color":"333333","profile_use_background_image":true,"has_extended_profile":false,"default_profile":false,"default_profile_image":false,"following":false,"follow_request_sent":false,"notifications":false,"translator_type":"none"},"geo":null,"coordinates":null,"place":null,"contributors":null,"is_quote_status":false,"retweet_count":104,"favorite_count":0,"favorited":false,"retweeted":false,"possibly_sensitive":false,"lang":"ja"}],"search_metadata":{"completed_in":0.095,"max_id":883071814326288400,"max_id_str":"883071814326288384","next_results":"?max_id=883068048676069375&q=lang%3Aja%20min_retweets%3A50&include_entities=1","query":"lang%3Aja+min_retweets%3A50","refresh_url":"?since_id=883071814326288384&q=lang%3Aja%20min_retweets%3A50&include_entities=1","count":15,"since_id":0,"since_id_str":"0"}}