{"statuses":[{"created_at":"Sat Jul 08 05:18:27 +0000 2017","id":883555859673923600,"id_str":"883555859673923584","text":"【試合前】\nレアード選手も。 #lovefighters https://t.co/c3TsjVE80h","truncated":false,"entities":{"hashtags":[{"text":"lovefighters","indices":[15,28]}],"symbols":[],"user_mentions":[],"urls":[],"media":[{"id":883555840191373300,"id_str":"883555840191373312","indices":[29,52],"media_url":"http://pbs.twimg.com/media/DEMFWvnUIAAbh6h.jpg","media_url_https":"https://pbs.twimg.com/media/DEMFWvnUIAAbh6h.jpg","url":"https://t.co/c3TsjVE80h","display_url":"pic.twitter.com/c3TsjVE80h","expanded_url":"https://twitter.com/PacificleagueTV/status/883555859673923584/photo/1","type":"photo","sizes":{"medium":{"w":960,"h":540,"resize":"fit"},"large":{"w":960,"h":540,"resize":"fit"},"thumb":{"w":150,"h":150,"resize":"crop"},"small":{"w":680,"h":383,"resize":"fit"}}}]},"extended_entities":{"media":[{"id":883555840191373300,"id_str":"883555840191373312","indices":[29,52],"media_url":"http://pbs.twimg.com/media/DEMFWvnUIAAbh6h.jpg","media_url_https":"https://pbs.twimg.com/media/DEMFWvnUIAAbh6h.jpg","url":"https://t.co/c3TsjVE80h","display_url":"pic.twitter.com/c3TsjVE80h","expanded_url":"https://twitter.com/PacificleagueTV/status/883555859673923584/photo/1","type":"photo","sizes":{"medium":{"w":960,"h":540,"resize":"fit"},"large":{"w":960,"h":540,"resize":"fit"},"thumb":{"w":150,"h":150,"resize":"crop"},"small":{"w":680,"h":383,"resize":"fit"}}}]},"metadata":{"iso_language_code":"ja","result_type":"recent"},"source":"<a href=\"http://twitter.com\" rel=\"nofollow\">Twitter Web Client</a>","in_reply_to_status_id":883555757005848600,"in_reply_to_status_id_str":"883555757005848577","in_reply_to_user_id":1903573940,"in_reply_to_user_id_str":"1903573940","in_reply_to_screen_name":"PacificleagueTV","user":{"id":1903573940,"id_str":"1903573940","name":"パ・リーグTV公式","screen_name":"PacificleagueTV","location":"北海道・東北・埼玉・千葉・大阪・神戸・福岡","description":"パ・リーグTV公式ツイッター。パ・リーグTVではパ・リーグ主催全試合のライブ映像を、スマホ・PC・タブレットで、いつでもどこでもお楽しみいただけます！","url":"http://t.co/mn7U7IEtWs","entities":{"url":{"urls":[{"url":"http://t.co/mn7U7IEtWs","expanded_url":"http://tv.pacificleague.jp/","display_url":"tv.pacificleague.jp","indices":[0,22]}]},"description":{"urls":[]}},"protected":false,"followers_count":169355,"friends_count":1010,"listed_count":1304,"created_at":"Wed Sep 25 09:35:11 +0000 2013","favourites_count":2091,"utc_offset":32400,"time_zone":"Tokyo","geo_enabled":false,"verified":true,"statuses_count":42544,"lang":"ja","contributors_enabled":false,"is_translator":false,"is_translation_enabled":false,"profile_background_color":"C0DEED","profile_background_image_url":"http://pbs.twimg.com/profile_background_images/637582710706323456/46wfb0sT.jpg","profile_background_image_url_https":"https://pbs.twimg.com/profile_background_images/637582710706323456/46wfb0sT.jpg","profile_background_tile":false,"profile_image_url":"http://pbs.twimg.com/profile_images/702734074553569280/Nnmf4o7y_normal.jpg","profile_image_url_https":"https://pbs.twimg.com/profile_images/702734074553569280/Nnmf4o7y_normal.jpg","profile_banner_url":"https://pbs.twimg.com/profile_banners/1903573940/1490525571","profile_link_color":"0084B4","profile_sidebar_border_color":"000000","profile_sidebar_fill_color":"DDEEF6","profile_text_color":"333333","profile_use_background_image":true,"has_extended_profile":false,"default_profile":false,"default_profile_image":false,"following":false,"follow_request_sent":false,"notifications":false,"translator_type":"regular"},"geo":null,"coordinates":null,"place":null,"contributors":null,"is_quote_status":false,"retweet_count":126,"favorite_count":160,"favorited":false,"retweeted":false,"possibly_sensitive":false,"lang":"ja"},{"created_at":"Sat Jul 08 05:18:02 +0000 2017","id":883555757005848600,"id_str":"883555757005848577","text":"【試合前】\nタオルを追加。 #lovefighters https://t.co/BDgsfcTMmc","truncated":false,"entities":{"hashtags":[{"text":"lovefighters","indices":[14,27]}],"symbols":[],"user_mentions":[],"urls":[],"media":[{"id":883555530051956700,"id_str":"883555530051956736","indices":[28,51],"media_url":"http://pbs.twimg.com/tweet_video_thumb/DEMFEsQUMAAWEHL.jpg","media_url_https":"https://pbs.twimg.com/tweet_video_thumb/DEMFEsQUMAAWEHL.jpg","url":"https://t.co/BDgsfcTMmc","display_url":"pic.twitter.com/BDgsfcTMmc","expanded_url":"https://twitter.com/PacificleagueTV/status/883555757005848577/photo/1","type":"photo","sizes":{"large":{"w":400,"h":224,"resize":"fit"},"thumb":{"w":150,"h":150,"resize":"crop"},"small":{"w":340,"h":190,"resize":"fit"},"medium":{"w":400,"h":224,"resize":"fit"}}}]},"extended_entities":{"media":[{"id":883555530051956700,"id_str":"883555530051956736","indices":[28,51],"media_url":"http://pbs.twimg.com/tweet_video_thumb/DEMFEsQUMAAWEHL.jpg","media_url_https":"https://pbs.twimg.com/tweet_video_thumb/DEMFEsQUMAAWEHL.jpg","url":"https://t.co/BDgsfcTMmc","display_url":"pic.twitter.com/BDgsfcTMmc","expanded_url":"https://twitter.com/PacificleagueTV/status/883555757005848577/photo/1","type":"animated_gif","sizes":{"large":{"w":400,"h":224,"resize":"fit"},"thumb":{"w":150,"h":150,"resize":"crop"},"small":{"w":340,"h":190,"resize":"fit"},"medium":{"w":400,"h":224,"resize":"fit"}},"video_info":{"aspect_ratio":[25,14],"variants":[{"bitrate":0,"content_type":"video/mp4","url":"https://video.twimg.com/tweet_video/DEMFEsQUMAAWEHL.mp4"}]}}]},"metadata":{"iso_language_code":"ja","result_type":"recent"},"source":"<a href=\"http://twitter.com\" rel=\"nofollow\">Twitter Web Client</a>","in_reply_to_status_id":883554663445876700,"in_reply_to_status_id_str":"883554663445876736","in_reply_to_user_id":1903573940,"in_reply_to_user_id_str":"1903573940","in_reply_to_screen_name":"PacificleagueTV","user":{"id":1903573940,"id_str":"1903573940","name":"パ・リーグTV公式","screen_name":"PacificleagueTV","location":"北海道・東北・埼玉・千葉・大阪・神戸・福岡","description":"パ・リーグTV公式ツイッター。パ・リーグTVではパ・リーグ主催全試合のライブ映像を、スマホ・PC・タブレットで、いつでもどこでもお楽しみいただけます！","url":"http://t.co/mn7U7IEtWs","entities":{"url":{"urls":[{"url":"http://t.co/mn7U7IEtWs","expanded_url":"http://tv.pacificleague.jp/","display_url":"tv.pacificleague.jp","indices":[0,22]}]},"description":{"urls":[]}},"protected":false,"followers_count":169355,"friends_count":1010,"listed_count":1304,"created_at":"Wed Sep 25 09:35:11 +0000 2013","favourites_count":2091,"utc_offset":32400,"time_zone":"Tokyo","geo_enabled":false,"verified":true,"statuses_count":42544,"lang":"ja","contributors_enabled":false,"is_translator":false,"is_translation_enabled":false,"profile_background_color":"C0DEED","profile_background_image_url":"http://pbs.twimg.com/profile_background_images/637582710706323456/46wfb0sT.jpg","profile_background_image_url_https":"https://pbs.twimg.com/profile_background_images/637582710706323456/46wfb0sT.jpg","profile_background_tile":false,"profile_image_url":"http://pbs.twimg.com/profile_images/702734074553569280/Nnmf4o7y_normal.jpg","profile_image_url_https":"https://pbs.twimg.com/profile_images/702734074553569280/Nnmf4o7y_normal.jpg","profile_banner_url":"https://pbs.twimg.com/profile_banners/1903573940/1490525571","profile_link_color":"0084B4","profile_sidebar_border_color":"000000","profile_sidebar_fill_color":"DDEEF6","profile_text_color":"333333","profile_use_background_image":true,"has_extended_profile":false,"default_profile":false,"default_profile_image":false,"following":false,"follow_request_sent":false,"notifications":false,"translator_type":"regular"},"geo":null,"coordinates":null,"place":null,"contributors":null,"is_quote_status":false,"retweet_count":153,"favorite_count":195,"favorited":false,"retweeted":false,"possibly_sensitive":false,"lang":"ja"},{"created_at":"Sat Jul 08 05:17:27 +0000 2017","id":883555607197786100,"id_str":"883555607197786117","text":"【スタメン】日本ハム－ソフトバンク（札幌ドーム）\n◆ 日本ハム\n（一）中田\n（左）松本\n（中）西川\n（三）レアード\n（指）大谷\n（右）ドレイク\n（二）石井一\n（捕）清水\n（遊）中島卓\nP.井口\n☆大谷がDH。1番に中田。西川が3番。\n#lovefighters","truncated":false,"entities":{"hashtags":[{"text":"lovefighters","indices":[117,130]}],"symbols":[],"user_mentions":[],"urls":[]},"metadata":{"iso_language_code":"ja","result_type":"recent"},"source":"<a href=\"http://twitter.com\" rel=\"nofollow\">Twitter Web Client</a>","in_reply_to_status_id":null,"in_reply_to_status_id_str":null,"in_reply_to_user_id":null,"in_reply_to_user_id_str":null,"in_reply_to_screen_name":null,"user":{"id":2462822395,"id_str":"2462822395","name":"ベースボールキング","screen_name":"BaseballkingJP","location":"プロ野球を明るく！楽しく！","description":"野球情報サイト『BASEBALL KING（ベースボールキング）』の公式アカウントです。ニュースやコラムなど、日米の野球情報を中心につぶやきます！","url":"https://t.co/397sqtZDjn","entities":{"url":{"urls":[{"url":"https://t.co/397sqtZDjn","expanded_url":"https://baseballking.jp/","display_url":"baseballking.jp","indices":[0,23]}]},"description":{"urls":[]}},"protected":false,"followers_count":106148,"friends_count":16970,"listed_count":1003,"created_at":"Fri Apr 25 06:59:48 +0000 2014","favourites_count":24,"utc_offset":32400,"time_zone":"Tokyo","geo_enabled":true,"verified":false,"statuses_count":34482,"lang":"ja","contributors_enabled":false,"is_translator":false,"is_translation_enabled":false,"profile_background_color":"C0DEED","profile_background_image_url":"http://abs.twimg.com/images/themes/theme1/bg.png","profile_background_image_url_https":"https://abs.twimg.com/images/themes/theme1/bg.png","profile_background_tile":false,"profile_image_url":"http://pbs.twimg.com/profile_images/875552573691838464/ifZIMyu__normal.jpg","profile_image_url_https":"https://pbs.twimg.com/profile_images/875552573691838464/ifZIMyu__normal.jpg","profile_banner_url":"https://pbs.twimg.com/profile_banners/2462822395/1474890379","profile_link_color":"4A913C","profile_sidebar_border_color":"000000","profile_sidebar_fill_color":"000000","profile_text_color":"000000","profile_use_background_image":true,"has_extended_profile":false,"default_profile":false,"default_profile_image":false,"following":false,"follow_request_sent":false,"notifications":false,"translator_type":"none"},"geo":null,"coordinates":null,"place":null,"contributors":null,"is_quote_status":false,"retweet_count":282,"favorite_count":101,"favorited":false,"retweeted":false,"lang":"ja"},{"created_at":"Sat Jul 08 05:17:19 +0000 2017","id":883555577325994000,"id_str":"883555577325993986","text":"デビュー2年目。記念日。7/8。\nたくさんのおめでとうをありがとうございます！\n\n本日ゼンジン！ほんとに暑いから気をつけてね。\n\n#ゼンジン未到とロワジール","truncated":false,"entities":{"hashtags":[{"text":"ゼンジン未到とロワジール","indices":[65,78]}],"symbols":[],"user_mentions":[],"urls":[]},"metadata":{"iso_language_code":"ja","result_type":"recent"},"source":"<a href=\"http://twitter.com/download/iphone\" rel=\"nofollow\">Twitter for iPhone</a>","in_reply_to_status_id":null,"in_reply_to_status_id_str":null,"in_reply_to_user_id":null,"in_reply_to_user_id_str":null,"in_reply_to_screen_name":null,"user":{"id":2451543655,"id_str":"2451543655","name":"Motoki Ohmori","screen_name":"MTK_1733","location":"Japan","description":"🦄Mrs. GREEN APPLE Instagram https://t.co/hKX3Yda1Pw 20yrs old🦄","url":"https://t.co/g1nFsxaZBC","entities":{"url":{"urls":[{"url":"https://t.co/g1nFsxaZBC","expanded_url":"http://mrsgreenapple.com","display_url":"mrsgreenapple.com","indices":[0,23]}]},"description":{"urls":[{"url":"https://t.co/hKX3Yda1Pw","expanded_url":"https://www.instagram.com/motoki000/","display_url":"instagram.com/motoki000/","indices":[28,51]}]}},"protected":false,"followers_count":77612,"friends_count":167,"listed_count":988,"created_at":"Fri Apr 18 15:31:17 +0000 2014","favourites_count":1128,"utc_offset":28800,"time_zone":"Irkutsk","geo_enabled":false,"verified":true,"statuses_count":10165,"lang":"ja","contributors_enabled":false,"is_translator":false,"is_translation_enabled":false,"profile_background_color":"C0DEED","profile_background_image_url":"http://abs.twimg.com/images/themes/theme1/bg.png","profile_background_image_url_https":"https://abs.twimg.com/images/themes/theme1/bg.png","profile_background_tile":false,"profile_image_url":"http://pbs.twimg.com/profile_images/815211325848567808/FFEjc6S0_normal.jpg","profile_image_url_https":"https://pbs.twimg.com/profile_images/815211325848567808/FFEjc6S0_normal.jpg","profile_banner_url":"https://pbs.twimg.com/profile_banners/2451543655/1497104389","profile_link_color":"1DA1F2","profile_sidebar_border_color":"C0DEED","profile_sidebar_fill_color":"DDEEF6","profile_text_color":"333333","profile_use_background_image":true,"has_extended_profile":true,"default_profile":true,"default_profile_image":false,"following":false,"follow_request_sent":false,"notifications":false,"translator_type":"none"},"geo":null,"coordinates":null,"place":null,"contributors":null,"is_quote_status":false,"retweet_count":183,"favorite_count":643,"favorited":false,"retweeted":false,"lang":"ja"},{"created_at":"Sat Jul 08 05:17:12 +0000 2017","id":883555544748834800,"id_str":"883555544748834816","text":"暑いねぇ https://t.co/ttNebZdH6F","truncated":false,"entities":{"hashtags":[],"symbols":[],"user_mentions":[],"urls":[],"media":[{"id":883555516173004800,"id_str":"883555516173004800","indices":[5,28],"media_url":"http://pbs.twimg.com/media/DEMFD4jUMAADnXp.jpg","media_url_https":"https://pbs.twimg.com/media/DEMFD4jUMAADnXp.jpg","url":"https://t.co/ttNebZdH6F","display_url":"pic.twitter.com/ttNebZdH6F","expanded_url":"https://twitter.com/Shikou_ver2/status/883555544748834816/photo/1","type":"photo","sizes":{"large":{"w":607,"h":846,"resize":"fit"},"thumb":{"w":150,"h":150,"resize":"crop"},"small":{"w":488,"h":680,"resize":"fit"},"medium":{"w":607,"h":846,"resize":"fit"}}}]},"extended_entities":{"media":[{"id":883555516173004800,"id_str":"883555516173004800","indices":[5,28],"media_url":"http://pbs.twimg.com/media/DEMFD4jUMAADnXp.jpg","media_url_https":"https://pbs.twimg.com/media/DEMFD4jUMAADnXp.jpg","url":"https://t.co/ttNebZdH6F","display_url":"pic.twitter.com/ttNebZdH6F","expanded_url":"https://twitter.com/Shikou_ver2/status/883555544748834816/photo/1","type":"photo","sizes":{"large":{"w":607,"h":846,"resize":"fit"},"thumb":{"w":150,"h":150,"resize":"crop"},"small":{"w":488,"h":680,"resize":"fit"},"medium":{"w":607,"h":846,"resize":"fit"}}}]},"metadata":{"iso_language_code":"ja","result_type":"recent"},"source":"<a href=\"http://twitter.com\" rel=\"nofollow\">Twitter Web Client</a>","in_reply_to_status_id":null,"in_reply_to_status_id_str":null,"in_reply_to_user_id":null,"in_reply_to_user_id_str":null,"in_reply_to_screen_name":null,"user":{"id":3182203345,"id_str":"3182203345","name":"試行。","screen_name":"Shikou_ver2","location":"","description":"","url":null,"entities":{"description":{"urls":[]}},"protected":false,"followers_count":3709,"friends_count":280,"listed_count":193,"created_at":"Fri May 01 22:24:01 +0000 2015","favourites_count":11886,"utc_offset":28800,"time_zone":"Irkutsk","geo_enabled":false,"verified":false,"statuses_count":4627,"lang":"ja","contributors_enabled":false,"is_translator":false,"is_translation_enabled":false,"profile_background_color":"2FC2EF","profile_background_image_url":"http://abs.twimg.com/images/themes/theme9/bg.gif","profile_background_image_url_https":"https://abs.twimg.com/images/themes/theme9/bg.gif","profile_background_tile":false,"profile_image_url":"http://pbs.twimg.com/profile_images/874292612869505025/2RQM_gKH_normal.jpg","profile_image_url_https":"https://pbs.twimg.com/profile_images/874292612869505025/2RQM_gKH_normal.jpg","profile_link_color":"2FC2EF","profile_sidebar_border_color":"000000","profile_sidebar_fill_color":"000000","profile_text_color":"000000","profile_use_background_image":true,"has_extended_profile":false,"default_profile":false,"default_profile_image":false,"following":false,"follow_request_sent":false,"notifications":false,"translator_type":"none"},"geo":null,"coordinates":null,"place":null,"contributors":null,"is_quote_status":false,"retweet_count":58,"favorite_count":84,"favorited":false,"retweeted":false,"possibly_sensitive":true,"lang":"ja"},{"created_at":"Sat Jul 08 05:15:20 +0000 2017","id":883555075188113400,"id_str":"883555075188113409","text":"続いて、源氏ノ舞台はKen Yokoyama!! #mik2017","truncated":false,"entities":{"hashtags":[{"text":"mik2017","indices":[25,33]}],"symbols":[],"user_mentions":[],"urls":[]},"metadata":{"iso_language_code":"ja","result_type":"recent"},"source":"<a href=\"http://twitter.com\" rel=\"nofollow\">Twitter Web Client</a>","in_reply_to_status_id":null,"in_reply_to_status_id_str":null,"in_reply_to_user_id":null,"in_reply_to_user_id_str":null,"in_reply_to_screen_name":null,"user":{"id":328927830,"id_str":"328927830","name":"京都大作戦","screen_name":"MI_KYOTO","location":"kyoto,japan","description":"「京都大作戦」オフィシャルtwitter！ 京都大作戦2017開催決定!!","url":"https://t.co/aQT5PyUMew","entities":{"url":{"urls":[{"url":"https://t.co/aQT5PyUMew","expanded_url":"http://kyoto-daisakusen.kyoto/","display_url":"kyoto-daisakusen.kyoto","indices":[0,23]}]},"description":{"urls":[]}},"protected":false,"followers_count":160804,"friends_count":6,"listed_count":1380,"created_at":"Mon Jul 04 08:27:23 +0000 2011","favourites_count":1,"utc_offset":32400,"time_zone":"Tokyo","geo_enabled":true,"verified":false,"statuses_count":1297,"lang":"ja","contributors_enabled":false,"is_translator":false,"is_translation_enabled":false,"profile_background_color":"C0C4B2","profile_background_image_url":"http://pbs.twimg.com/profile_background_images/572593430400729088/LqZKIR6w.jpeg","profile_background_image_url_https":"https://pbs.twimg.com/profile_background_images/572593430400729088/LqZKIR6w.jpeg","profile_background_tile":false,"profile_image_url":"http://pbs.twimg.com/profile_images/807057214984720385/Mow32Bbz_normal.jpg","profile_image_url_https":"https://pbs.twimg.com/profile_images/807057214984720385/Mow32Bbz_normal.jpg","profile_banner_url":"https://pbs.twimg.com/profile_banners/328927830/1484362982","profile_link_color":"0084B4","profile_sidebar_border_color":"FFFFFF","profile_sidebar_fill_color":"B51F26","profile_text_color":"333333","profile_use_background_image":true,"has_extended_profile":false,"default_profile":false,"default_profile_image":false,"following":false,"follow_request_sent":false,"notifications":false,"translator_type":"none"},"geo":null,"coordinates":null,"place":null,"contributors":null,"is_quote_status":false,"retweet_count":49,"favorite_count":145,"favorited":false,"retweeted":false,"lang":"ja"},{"created_at":"Sat Jul 08 05:15:03 +0000 2017","id":883555006581948400,"id_str":"883555006581948420","text":"50歩ヒャッホオオウ！ https://t.co/26HH5fjynW","truncated":false,"entities":{"hashtags":[],"symbols":[],"user_mentions":[],"urls":[],"media":[{"id":883555004589551600,"id_str":"883555004589551616","indices":[12,35],"media_url":"http://pbs.twimg.com/media/DEMEmGwUMAAEJbl.jpg","media_url_https":"https://pbs.twimg.com/media/DEMEmGwUMAAEJbl.jpg","url":"https://t.co/26HH5fjynW","display_url":"pic.twitter.com/26HH5fjynW","expanded_url":"https://twitter.com/bokete_pop/status/883555006581948420/photo/1","type":"photo","sizes":{"large":{"w":600,"h":600,"resize":"fit"},"medium":{"w":600,"h":600,"resize":"fit"},"thumb":{"w":150,"h":150,"resize":"crop"},"small":{"w":600,"h":600,"resize":"fit"}}}]},"extended_entities":{"media":[{"id":883555004589551600,"id_str":"883555004589551616","indices":[12,35],"media_url":"http://pbs.twimg.com/media/DEMEmGwUMAAEJbl.jpg","media_url_https":"https://pbs.twimg.com/media/DEMEmGwUMAAEJbl.jpg","url":"https://t.co/26HH5fjynW","display_url":"pic.twitter.com/26HH5fjynW","expanded_url":"https://twitter.com/bokete_pop/status/883555006581948420/photo/1","type":"photo","sizes":{"large":{"w":600,"h":600,"resize":"fit"},"medium":{"w":600,"h":600,"resize":"fit"},"thumb":{"w":150,"h":150,"resize":"crop"},"small":{"w":600,"h":600,"resize":"fit"}}}]},"metadata":{"iso_language_code":"ja","result_type":"recent"},"source":"<a href=\"http://bokete.jp\" rel=\"nofollow\">ボケてApp</a>","in_reply_to_status_id":null,"in_reply_to_status_id_str":null,"in_reply_to_user_id":null,"in_reply_to_user_id_str":null,"in_reply_to_screen_name":null,"user":{"id":785072058006851600,"id_str":"785072058006851584","name":"ボケて（人気）","screen_name":"bokete_pop","location":"","description":"非公式ボケてbotです。人気のボケを投稿しているよ。","url":"https://t.co/drEdgqBwb1","entities":{"url":{"urls":[{"url":"https://t.co/drEdgqBwb1","expanded_url":"http://bokete.jp","display_url":"bokete.jp","indices":[0,23]}]},"description":{"urls":[]}},"protected":false,"followers_count":144030,"friends_count":1,"listed_count":432,"created_at":"Sun Oct 09 10:58:59 +0000 2016","favourites_count":3,"utc_offset":32400,"time_zone":"Tokyo","geo_enabled":false,"verified":false,"statuses_count":37225,"lang":"ja","contributors_enabled":false,"is_translator":false,"is_translation_enabled":false,"profile_background_color":"F5F8FA","profile_background_image_url":null,"profile_background_image_url_https":null,"profile_background_tile":false,"profile_image_url":"http://pbs.twimg.com/profile_images/785073612495605760/hoEMzozH_normal.jpg","profile_image_url_https":"https://pbs.twimg.com/profile_images/785073612495605760/hoEMzozH_normal.jpg","profile_link_color":"1DA1F2","profile_sidebar_border_color":"C0DEED","profile_sidebar_fill_color":"DDEEF6","profile_text_color":"333333","profile_use_background_image":true,"has_extended_profile":false,"default_profile":true,"default_profile_image":false,"following":false,"follow_request_sent":false,"notifications":false,"translator_type":"none"},"geo":null,"coordinates":null,"place":null,"contributors":null,"is_quote_status":false,"retweet_count":49,"favorite_count":85,"favorited":false,"retweeted":false,"possibly_sensitive":true,"lang":"ja"},{"created_at":"Sat Jul 08 05:15:01 +0000 2017","id":883554996565844000,"id_str":"883554996565843968","text":"見せるのも見るのもどっちも好き♡♡\nLINEくれたら写メ送るよ♥\n\n#裏垢女子\n#見せ合い募集なう\nhttps://t.co/KaxwjcVxcD","truncated":false,"entities":{"hashtags":[{"text":"裏垢女子","indices":[34,39]},{"text":"見せ合い募集なう","indices":[40,49]}],"symbols":[],"user_mentions":[],"urls":[],"media":[{"id":863353878326132700,"id_str":"863353878326132738","indices":[50,73],"media_url":"http://pbs.twimg.com/media/C_s_xzEVwAI3Vze.jpg","media_url_https":"https://pbs.twimg.com/media/C_s_xzEVwAI3Vze.jpg","url":"https://t.co/KaxwjcVxcD","display_url":"pic.twitter.com/KaxwjcVxcD","expanded_url":"https://twitter.com/dubamub/status/863353936417181697/photo/1","type":"photo","sizes":{"thumb":{"w":150,"h":150,"resize":"crop"},"large":{"w":580,"h":435,"resize":"fit"},"small":{"w":580,"h":435,"resize":"fit"},"medium":{"w":580,"h":435,"resize":"fit"}},"source_status_id":863353936417181700,"source_status_id_str":"863353936417181697","source_user_id":715112866525806600,"source_user_id_str":"715112866525806592"}]},"extended_entities":{"media":[{"id":863353878326132700,"id_str":"863353878326132738","indices":[50,73],"media_url":"http://pbs.twimg.com/media/C_s_xzEVwAI3Vze.jpg","media_url_https":"https://pbs.twimg.com/media/C_s_xzEVwAI3Vze.jpg","url":"https://t.co/KaxwjcVxcD","display_url":"pic.twitter.com/KaxwjcVxcD","expanded_url":"https://twitter.com/dubamub/status/863353936417181697/photo/1","type":"photo","sizes":{"thumb":{"w":150,"h":150,"resize":"crop"},"large":{"w":580,"h":435,"resize":"fit"},"small":{"w":580,"h":435,"resize":"fit"},"medium":{"w":580,"h":435,"resize":"fit"}},"source_status_id":863353936417181700,"source_status_id_str":"863353936417181697","source_user_id":715112866525806600,"source_user_id_str":"715112866525806592"},{"id":863353902162296800,"id_str":"863353902162296833","indices":[50,73],"media_url":"http://pbs.twimg.com/media/C_s_zL3UwAESefY.jpg","media_url_https":"https://pbs.twimg.com/media/C_s_zL3UwAESefY.jpg","url":"https://t.co/KaxwjcVxcD","display_url":"pic.twitter.com/KaxwjcVxcD","expanded_url":"https://twitter.com/dubamub/status/863353936417181697/photo/1","type":"photo","sizes":{"thumb":{"w":150,"h":150,"resize":"crop"},"large":{"w":580,"h":435,"resize":"fit"},"small":{"w":580,"h":435,"resize":"fit"},"medium":{"w":580,"h":435,"resize":"fit"}},"source_status_id":863353936417181700,"source_status_id_str":"863353936417181697","source_user_id":715112866525806600,"source_user_id_str":"715112866525806592"},{"id":863353911754629100,"id_str":"863353911754629120","indices":[50,73],"media_url":"http://pbs.twimg.com/media/C_s_zvmUIAASR8M.jpg","media_url_https":"https://pbs.twimg.com/media/C_s_zvmUIAASR8M.jpg","url":"https://t.co/KaxwjcVxcD","display_url":"pic.twitter.com/KaxwjcVxcD","expanded_url":"https://twitter.com/dubamub/status/863353936417181697/photo/1","type":"photo","sizes":{"small":{"w":360,"h":360,"resize":"fit"},"medium":{"w":360,"h":360,"resize":"fit"},"thumb":{"w":150,"h":150,"resize":"crop"},"large":{"w":360,"h":360,"resize":"fit"}},"source_status_id":863353936417181700,"source_status_id_str":"863353936417181697","source_user_id":715112866525806600,"source_user_id_str":"715112866525806592"}]},"metadata":{"iso_language_code":"ja","result_type":"recent"},"source":"<a href=\"https://twitter.com\" rel=\"nofollow\">ccc fggyyy</a>","in_reply_to_status_id":null,"in_reply_to_status_id_str":null,"in_reply_to_user_id":null,"in_reply_to_user_id_str":null,"in_reply_to_screen_name":null,"user":{"id":838286099621371900,"id_str":"838286099621371905","name":"みゆ✿見せあい募集垢","screen_name":"mm_i_yu","location":"","description":"いわゆる裏垢女子♡おぱーい晒して喜んでます笑♡ぇち動画欲しい人&見せあいしたい人LINEしてね〜💕ふぉろー貰えると喜びます ♥ ♥ ※DM基本見てません×","url":null,"entities":{"description":{"urls":[]}},"protected":false,"followers_count":510,"friends_count":246,"listed_count":0,"created_at":"Sun Mar 05 07:12:35 +0000 2017","favourites_count":0,"utc_offset":-25200,"time_zone":"Pacific Time (US & Canada)","geo_enabled":false,"verified":false,"statuses_count":8,"lang":"ja","contributors_enabled":false,"is_translator":false,"is_translation_enabled":false,"profile_background_color":"F5F8FA","profile_background_image_url":null,"profile_background_image_url_https":null,"profile_background_tile":false,"profile_image_url":"http://pbs.twimg.com/profile_images/870110818829873152/N8Ez-XUN_normal.jpg","profile_image_url_https":"https://pbs.twimg.com/profile_images/870110818829873152/N8Ez-XUN_normal.jpg","profile_banner_url":"https://pbs.twimg.com/profile_banners/838286099621371905/1496285569","profile_link_color":"1DA1F2","profile_sidebar_border_color":"C0DEED","profile_sidebar_fill_color":"DDEEF6","profile_text_color":"333333","profile_use_background_image":true,"has_extended_profile":false,"default_profile":true,"default_profile_image":false,"following":false,"follow_request_sent":false,"notifications":false,"translator_type":"none"},"geo":null,"coordinates":null,"place":null,"contributors":null,"is_quote_status":false,"retweet_count":53,"favorite_count":0,"favorited":false,"retweeted":false,"possibly_sensitive":false,"lang":"ja"},{"created_at":"Sat Jul 08 05:14:56 +0000 2017","id":883554973828522000,"id_str":"883554973828521984","text":"青春妄想おじさん","truncated":false,"entities":{"hashtags":[],"symbols":[],"user_mentions":[],"urls":[]},"metadata":{"iso_language_code":"ja","result_type":"recent"},"source":"<a href=\"https://about.twitter.com/products/tweetdeck\" rel=\"nofollow\">TweetDeck</a>","in_reply_to_status_id":null,"in_reply_to_status_id_str":null,"in_reply_to_user_id":null,"in_reply_to_user_id_str":null,"in_reply_to_screen_name":null,"user":{"id":1458686947,"id_str":"1458686947","name":"KI-SENRA","screen_name":"senra_kise","location":"NAGOYAJAPAN","description":"SENRA♡ ✎ I love Singing. Music is all about me! Nagoya. Entertainer. main→( @sen_sen_sen_sen )","url":"https://t.co/jbdg4oAoad","entities":{"url":{"urls":[{"url":"https://t.co/jbdg4oAoad","expanded_url":"http://com.nicovideo.jp/community/co325225","display_url":"com.nicovideo.jp/community/co32…","indices":[0,23]}]},"description":{"urls":[]}},"protected":false,"followers_count":94367,"friends_count":63384,"listed_count":1788,"created_at":"Sun May 26 03:50:04 +0000 2013","favourites_count":1093,"utc_offset":null,"time_zone":null,"geo_enabled":false,"verified":false,"statuses_count":4788,"lang":"ja","contributors_enabled":false,"is_translator":false,"is_translation_enabled":false,"profile_background_color":"C0DEED","profile_background_image_url":"http://abs.twimg.com/images/themes/theme1/bg.png","profile_background_image_url_https":"https://abs.twimg.com/images/themes/theme1/bg.png","profile_background_tile":false,"profile_image_url":"http://pbs.twimg.com/profile_images/763748374768082944/syG17wd__normal.jpg","profile_image_url_https":"https://pbs.twimg.com/profile_images/763748374768082944/syG17wd__normal.jpg","profile_banner_url":"https://pbs.twimg.com/profile_banners/1458686947/1470974747","profile_link_color":"1DA1F2","profile_sidebar_border_color":"C0DEED","profile_sidebar_fill_color":"DDEEF6","profile_text_color":"333333","profile_use_background_image":true,"has_extended_profile":false,"default_profile":true,"default_profile_image":false,"following":false,"follow_request_sent":false,"notifications":false,"translator_type":"none"},"geo":null,"coordinates":null,"place":null,"contributors":null,"is_quote_status":false,"retweet_count":106,"favorite_count":1287,"favorited":false,"retweeted":false,"lang":"ja"},{"created_at":"Sat Jul 08 05:13:51 +0000 2017","id":883554703799234600,"id_str":"883554703799234561","text":"志狼くんに着て欲しいじゃん","truncated":false,"entities":{"hashtags":[],"symbols":[],"user_mentions":[],"urls":[]},"metadata":{"iso_language_code":"ja","result_type":"recent"},"source":"<a href=\"http://twitter.com/download/iphone\" rel=\"nofollow\">Twitter for iPhone</a>","in_reply_to_status_id":null,"in_reply_to_status_id_str":null,"in_reply_to_user_id":null,"in_reply_to_user_id_str":null,"in_reply_to_screen_name":null,"user":{"id":2152793994,"id_str":"2152793994","name":"古畑恵介","screen_name":"KSK__F","location":"","description":"SMA所属 新人声優です。 『アイドルマスターSideM』橘志狼/『劇団アルタイル』大崎イズモ https://t.co/t2nuAiPvrN『プンママと一緒』毎週月曜放送中〜","url":"https://t.co/eOHBEP9TLO","entities":{"url":{"urls":[{"url":"https://t.co/eOHBEP9TLO","expanded_url":"http://www.sma.co.jp/artists/keisukefuruhata","display_url":"sma.co.jp/artists/keisuk…","indices":[0,23]}]},"description":{"urls":[{"url":"https://t.co/t2nuAiPvrN","expanded_url":"http://OPENREC.tv","display_url":"OPENREC.tv","indices":[48,71]}]}},"protected":false,"followers_count":20232,"friends_count":218,"listed_count":1943,"created_at":"Thu Oct 24 11:37:36 +0000 2013","favourites_count":8343,"utc_offset":null,"time_zone":null,"geo_enabled":true,"verified":false,"statuses_count":11568,"lang":"ja","contributors_enabled":false,"is_translator":false,"is_translation_enabled":false,"profile_background_color":"C0DEED","profile_background_image_url":"http://abs.twimg.com/images/themes/theme1/bg.png","profile_background_image_url_https":"https://abs.twimg.com/images/themes/theme1/bg.png","profile_background_tile":false,"profile_image_url":"http://pbs.twimg.com/profile_images/878324220253487106/i-zVxYdr_normal.jpg","profile_image_url_https":"https://pbs.twimg.com/profile_images/878324220253487106/i-zVxYdr_normal.jpg","profile_banner_url":"https://pbs.twimg.com/profile_banners/2152793994/1471703598","profile_link_color":"1DA1F2","profile_sidebar_border_color":"C0DEED","profile_sidebar_fill_color":"DDEEF6","profile_text_color":"333333","profile_use_background_image":true,"has_extended_profile":false,"default_profile":true,"default_profile_image":false,"following":false,"follow_request_sent":false,"notifications":false,"translator_type":"none"},"geo":null,"coordinates":null,"place":null,"contributors":null,"is_quote_status":false,"retweet_count":59,"favorite_count":136,"favorited":false,"retweeted":false,"lang":"ja"},{"created_at":"Sat Jul 08 05:13:51 +0000 2017","id":883554703279235100,"id_str":"883554703279235072","text":"女の子「これ見て～！」\n\n男の子「ん？どれ？（グイッ）」\n\n女の子「あっ・・・　これこれ！！      //」","truncated":false,"entities":{"hashtags":[],"symbols":[],"user_mentions":[],"urls":[]},"metadata":{"iso_language_code":"ja","result_type":"recent"},"source":"<a href=\"https://about.twitter.com/products/tweetdeck\" rel=\"nofollow\">TweetDeck</a>","in_reply_to_status_id":null,"in_reply_to_status_id_str":null,"in_reply_to_user_id":null,"in_reply_to_user_id_str":null,"in_reply_to_screen_name":null,"user":{"id":1458686947,"id_str":"1458686947","name":"KI-SENRA","screen_name":"senra_kise","location":"NAGOYAJAPAN","description":"SENRA♡ ✎ I love Singing. Music is all about me! Nagoya. Entertainer. main→( @sen_sen_sen_sen )","url":"https://t.co/jbdg4oAoad","entities":{"url":{"urls":[{"url":"https://t.co/jbdg4oAoad","expanded_url":"http://com.nicovideo.jp/community/co325225","display_url":"com.nicovideo.jp/community/co32…","indices":[0,23]}]},"description":{"urls":[]}},"protected":false,"followers_count":94367,"friends_count":63384,"listed_count":1788,"created_at":"Sun May 26 03:50:04 +0000 2013","favourites_count":1093,"utc_offset":null,"time_zone":null,"geo_enabled":false,"verified":false,"statuses_count":4788,"lang":"ja","contributors_enabled":false,"is_translator":false,"is_translation_enabled":false,"profile_background_color":"C0DEED","profile_background_image_url":"http://abs.twimg.com/images/themes/theme1/bg.png","profile_background_image_url_https":"https://abs.twimg.com/images/themes/theme1/bg.png","profile_background_tile":false,"profile_image_url":"http://pbs.twimg.com/profile_images/763748374768082944/syG17wd__normal.jpg","profile_image_url_https":"https://pbs.twimg.com/profile_images/763748374768082944/syG17wd__normal.jpg","profile_banner_url":"https://pbs.twimg.com/profile_banners/1458686947/1470974747","profile_link_color":"1DA1F2","profile_sidebar_border_color":"C0DEED","profile_sidebar_fill_color":"DDEEF6","profile_text_color":"333333","profile_use_background_image":true,"has_extended_profile":false,"default_profile":true,"default_profile_image":false,"following":false,"follow_request_sent":false,"notifications":false,"translator_type":"none"},"geo":null,"coordinates":null,"place":null,"contributors":null,"is_quote_status":false,"retweet_count":151,"favorite_count":1549,"favorited":false,"retweeted":false,"lang":"ja"},{"created_at":"Sat Jul 08 05:13:48 +0000 2017","id":883554690759249900,"id_str":"883554690759249920","text":"【FAガール展】\n怪談でごわす\n何気なく展示してありますが、あの呪いのニッパー(本物…多分)です。実際、刃が欠けた究極のニッパーをあのメーカーからこの展示のためにお借りしました。夜な夜な飛び回っているとか、いないとか…… https://t.co/kKaBiOpjYN","truncated":true,"entities":{"hashtags":[],"symbols":[],"user_mentions":[],"urls":[{"url":"https://t.co/kKaBiOpjYN","expanded_url":"https://twitter.com/i/web/status/883554690759249920","display_url":"twitter.com/i/web/status/8…","indices":[111,134]}]},"metadata":{"iso_language_code":"ja","result_type":"recent"},"source":"<a href=\"https://mobile.twitter.com\" rel=\"nofollow\">Twitter Lite</a>","in_reply_to_status_id":null,"in_reply_to_status_id_str":null,"in_reply_to_user_id":null,"in_reply_to_user_id_str":null,"in_reply_to_screen_name":null,"user":{"id":799446962449760300,"id_str":"799446962449760256","name":"「フレームアームズ・ガール」アニメ公式","screen_name":"fagirl_official","location":"東京都立川市","description":"アニメ『フレームアームズ・ガール』の公式Twitterアカウントです。アニメの\"きゃっきゃうふふ\"な最新情報をつぶやいていきます。BD1～4巻好評予約受付中。ミュージックアルバム3週連続リリース中。 #FAガール","url":"https://t.co/eihTXRZw0M","entities":{"url":{"urls":[{"url":"https://t.co/eihTXRZw0M","expanded_url":"http://fagirl.com/","display_url":"fagirl.com","indices":[0,23]}]},"description":{"urls":[]}},"protected":false,"followers_count":23308,"friends_count":91,"listed_count":536,"created_at":"Fri Nov 18 02:59:43 +0000 2016","favourites_count":1877,"utc_offset":32400,"time_zone":"Tokyo","geo_enabled":false,"verified":false,"statuses_count":2107,"lang":"ja","contributors_enabled":false,"is_translator":false,"is_translation_enabled":false,"profile_background_color":"F5F8FA","profile_background_image_url":null,"profile_background_image_url_https":null,"profile_background_tile":false,"profile_image_url":"http://pbs.twimg.com/profile_images/875590039907868677/MoHqDtgu_normal.jpg","profile_image_url_https":"https://pbs.twimg.com/profile_images/875590039907868677/MoHqDtgu_normal.jpg","profile_banner_url":"https://pbs.twimg.com/profile_banners/799446962449760256/1499405759","profile_link_color":"1DA1F2","profile_sidebar_border_color":"C0DEED","profile_sidebar_fill_color":"DDEEF6","profile_text_color":"333333","profile_use_background_image":true,"has_extended_profile":false,"default_profile":true,"default_profile_image":false,"following":false,"follow_request_sent":false,"notifications":false,"translator_type":"none"},"geo":null,"coordinates":null,"place":null,"contributors":null,"is_quote_status":false,"retweet_count":61,"favorite_count":53,"favorited":false,"retweeted":false,"possibly_sensitive":false,"lang":"ja"},{"created_at":"Sat Jul 08 05:13:42 +0000 2017","id":883554663445876700,"id_str":"883554663445876736","text":"【試合前】\nパーティーピーポーな雰囲気。 #lovefighters https://t.co/rwU112yQsb","truncated":false,"entities":{"hashtags":[{"text":"lovefighters","indices":[21,34]}],"symbols":[],"user_mentions":[],"urls":[],"media":[{"id":883554629367218200,"id_str":"883554629367218177","indices":[35,58],"media_url":"http://pbs.twimg.com/media/DEMEQQ8VwAEAuZK.jpg","media_url_https":"https://pbs.twimg.com/media/DEMEQQ8VwAEAuZK.jpg","url":"https://t.co/rwU112yQsb","display_url":"pic.twitter.com/rwU112yQsb","expanded_url":"https://twitter.com/PacificleagueTV/status/883554663445876736/photo/1","type":"photo","sizes":{"thumb":{"w":150,"h":150,"resize":"crop"},"medium":{"w":960,"h":540,"resize":"fit"},"large":{"w":960,"h":540,"resize":"fit"},"small":{"w":680,"h":383,"resize":"fit"}}}]},"extended_entities":{"media":[{"id":883554629367218200,"id_str":"883554629367218177","indices":[35,58],"media_url":"http://pbs.twimg.com/media/DEMEQQ8VwAEAuZK.jpg","media_url_https":"https://pbs.twimg.com/media/DEMEQQ8VwAEAuZK.jpg","url":"https://t.co/rwU112yQsb","display_url":"pic.twitter.com/rwU112yQsb","expanded_url":"https://twitter.com/PacificleagueTV/status/883554663445876736/photo/1","type":"photo","sizes":{"thumb":{"w":150,"h":150,"resize":"crop"},"medium":{"w":960,"h":540,"resize":"fit"},"large":{"w":960,"h":540,"resize":"fit"},"small":{"w":680,"h":383,"resize":"fit"}}}]},"metadata":{"iso_language_code":"ja","result_type":"recent"},"source":"<a href=\"http://twitter.com\" rel=\"nofollow\">Twitter Web Client</a>","in_reply_to_status_id":null,"in_reply_to_status_id_str":null,"in_reply_to_user_id":null,"in_reply_to_user_id_str":null,"in_reply_to_screen_name":null,"user":{"id":1903573940,"id_str":"1903573940","name":"パ・リーグTV公式","screen_name":"PacificleagueTV","location":"北海道・東北・埼玉・千葉・大阪・神戸・福岡","description":"パ・リーグTV公式ツイッター。パ・リーグTVではパ・リーグ主催全試合のライブ映像を、スマホ・PC・タブレットで、いつでもどこでもお楽しみいただけます！","url":"http://t.co/mn7U7IEtWs","entities":{"url":{"urls":[{"url":"http://t.co/mn7U7IEtWs","expanded_url":"http://tv.pacificleague.jp/","display_url":"tv.pacificleague.jp","indices":[0,22]}]},"description":{"urls":[]}},"protected":false,"followers_count":169355,"friends_count":1010,"listed_count":1304,"created_at":"Wed Sep 25 09:35:11 +0000 2013","favourites_count":2091,"utc_offset":32400,"time_zone":"Tokyo","geo_enabled":false,"verified":true,"statuses_count":42544,"lang":"ja","contributors_enabled":false,"is_translator":false,"is_translation_enabled":false,"profile_background_color":"C0DEED","profile_background_image_url":"http://pbs.twimg.com/profile_background_images/637582710706323456/46wfb0sT.jpg","profile_background_image_url_https":"https://pbs.twimg.com/profile_background_images/637582710706323456/46wfb0sT.jpg","profile_background_tile":false,"profile_image_url":"http://pbs.twimg.com/profile_images/702734074553569280/Nnmf4o7y_normal.jpg","profile_image_url_https":"https://pbs.twimg.com/profile_images/702734074553569280/Nnmf4o7y_normal.jpg","profile_banner_url":"https://pbs.twimg.com/profile_banners/1903573940/1490525571","profile_link_color":"0084B4","profile_sidebar_border_color":"000000","profile_sidebar_fill_color":"DDEEF6","profile_text_color":"333333","profile_use_background_image":true,"has_extended_profile":false,"default_profile":false,"default_profile_image":false,"following":false,"follow_request_sent":false,"notifications":false,"translator_type":"regular"},"geo":null,"coordinates":null,"place":null,"contributors":null,"is_quote_status":false,"retweet_count":309,"favorite_count":444,"favorited":false,"retweeted":false,"possibly_sensitive":false,"lang":"ja"},{"created_at":"Sat Jul 08 05:13:35 +0000 2017","id":883554634782040000,"id_str":"883554634782040064","text":"今更だけどYPTの衣装しっぽ付いてんじゃん","truncated":false,"entities":{"hashtags":[],"symbols":[],"user_mentions":[],"urls":[]},"metadata":{"iso_language_code":"ja","result_type":"recent"},"source":"<a href=\"http://twitter.com/download/iphone\" rel=\"nofollow\">Twitter for iPhone</a>","in_reply_to_status_id":null,"in_reply_to_status_id_str":null,"in_reply_to_user_id":null,"in_reply_to_user_id_str":null,"in_reply_to_screen_name":null,"user":{"id":2152793994,"id_str":"2152793994","name":"古畑恵介","screen_name":"KSK__F","location":"","description":"SMA所属 新人声優です。 『アイドルマスターSideM』橘志狼/『劇団アルタイル』大崎イズモ https://t.co/t2nuAiPvrN『プンママと一緒』毎週月曜放送中〜","url":"https://t.co/eOHBEP9TLO","entities":{"url":{"urls":[{"url":"https://t.co/eOHBEP9TLO","expanded_url":"http://www.sma.co.jp/artists/keisukefuruhata","display_url":"sma.co.jp/artists/keisuk…","indices":[0,23]}]},"description":{"urls":[{"url":"https://t.co/t2nuAiPvrN","expanded_url":"http://OPENREC.tv","display_url":"OPENREC.tv","indices":[48,71]}]}},"protected":false,"followers_count":20232,"friends_count":218,"listed_count":1943,"created_at":"Thu Oct 24 11:37:36 +0000 2013","favourites_count":8343,"utc_offset":null,"time_zone":null,"geo_enabled":true,"verified":false,"statuses_count":11568,"lang":"ja","contributors_enabled":false,"is_translator":false,"is_translation_enabled":false,"profile_background_color":"C0DEED","profile_background_image_url":"http://abs.twimg.com/images/themes/theme1/bg.png","profile_background_image_url_https":"https://abs.twimg.com/images/themes/theme1/bg.png","profile_background_tile":false,"profile_image_url":"http://pbs.twimg.com/profile_images/878324220253487106/i-zVxYdr_normal.jpg","profile_image_url_https":"https://pbs.twimg.com/profile_images/878324220253487106/i-zVxYdr_normal.jpg","profile_banner_url":"https://pbs.twimg.com/profile_banners/2152793994/1471703598","profile_link_color":"1DA1F2","profile_sidebar_border_color":"C0DEED","profile_sidebar_fill_color":"DDEEF6","profile_text_color":"333333","profile_use_background_image":true,"has_extended_profile":false,"default_profile":true,"default_profile_image":false,"following":false,"follow_request_sent":false,"notifications":false,"translator_type":"none"},"geo":null,"coordinates":null,"place":null,"contributors":null,"is_quote_status":false,"retweet_count":58,"favorite_count":131,"favorited":false,"retweeted":false,"lang":"ja"},{"created_at":"Sat Jul 08 05:13:14 +0000 2017","id":883554549377540100,"id_str":"883554549377540096","text":"いざ自分の好きなようにしろと言われるとなにがしたいことかわからない不ャスター https://t.co/bQ9VyRM35S","truncated":false,"entities":{"hashtags":[],"symbols":[],"user_mentions":[],"urls":[],"media":[{"id":883554527458111500,"id_str":"883554527458111488","indices":[39,62],"media_url":"http://pbs.twimg.com/media/DEMEKVTUMAA0wrn.png","media_url_https":"https://pbs.twimg.com/media/DEMEKVTUMAA0wrn.png","url":"https://t.co/bQ9VyRM35S","display_url":"pic.twitter.com/bQ9VyRM35S","expanded_url":"https://twitter.com/so_tk/status/883554549377540096/photo/1","type":"photo","sizes":{"small":{"w":479,"h":680,"resize":"fit"},"thumb":{"w":150,"h":150,"resize":"crop"},"large":{"w":583,"h":827,"resize":"fit"},"medium":{"w":583,"h":827,"resize":"fit"}}}]},"extended_entities":{"media":[{"id":883554527458111500,"id_str":"883554527458111488","indices":[39,62],"media_url":"http://pbs.twimg.com/media/DEMEKVTUMAA0wrn.png","media_url_https":"https://pbs.twimg.com/media/DEMEKVTUMAA0wrn.png","url":"https://t.co/bQ9VyRM35S","display_url":"pic.twitter.com/bQ9VyRM35S","expanded_url":"https://twitter.com/so_tk/status/883554549377540096/photo/1","type":"photo","sizes":{"small":{"w":479,"h":680,"resize":"fit"},"thumb":{"w":150,"h":150,"resize":"crop"},"large":{"w":583,"h":827,"resize":"fit"},"medium":{"w":583,"h":827,"resize":"fit"}}},{"id":883554537528676400,"id_str":"883554537528676352","indices":[39,62],"media_url":"http://pbs.twimg.com/media/DEMEK60U0AAcD_N.png","media_url_https":"https://pbs.twimg.com/media/DEMEK60U0AAcD_N.png","url":"https://t.co/bQ9VyRM35S","display_url":"pic.twitter.com/bQ9VyRM35S","expanded_url":"https://twitter.com/so_tk/status/883554549377540096/photo/1","type":"photo","sizes":{"small":{"w":479,"h":680,"resize":"fit"},"thumb":{"w":150,"h":150,"resize":"crop"},"large":{"w":583,"h":827,"resize":"fit"},"medium":{"w":583,"h":827,"resize":"fit"}}},{"id":883554543799214100,"id_str":"883554543799214080","indices":[39,62],"media_url":"http://pbs.twimg.com/media/DEMELSLVoAAfMek.png","media_url_https":"https://pbs.twimg.com/media/DEMELSLVoAAfMek.png","url":"https://t.co/bQ9VyRM35S","display_url":"pic.twitter.com/bQ9VyRM35S","expanded_url":"https://twitter.com/so_tk/status/883554549377540096/photo/1","type":"photo","sizes":{"thumb":{"w":150,"h":150,"resize":"crop"},"medium":{"w":583,"h":827,"resize":"fit"},"large":{"w":583,"h":827,"resize":"fit"},"small":{"w":479,"h":680,"resize":"fit"}}},{"id":883554546982633500,"id_str":"883554546982633474","indices":[39,62],"media_url":"http://pbs.twimg.com/media/DEMELeCUwAIvJC8.png","media_url_https":"https://pbs.twimg.com/media/DEMELeCUwAIvJC8.png","url":"https://t.co/bQ9VyRM35S","display_url":"pic.twitter.com/bQ9VyRM35S","expanded_url":"https://twitter.com/so_tk/status/883554549377540096/photo/1","type":"photo","sizes":{"small":{"w":496,"h":548,"resize":"fit"},"thumb":{"w":150,"h":150,"resize":"crop"},"large":{"w":496,"h":548,"resize":"fit"},"medium":{"w":496,"h":548,"resize":"fit"}}}]},"metadata":{"iso_language_code":"ja","result_type":"recent"},"source":"<a href=\"https://tabtter.jp\" rel=\"nofollow\">Tabtter</a>","in_reply_to_status_id":null,"in_reply_to_status_id_str":null,"in_reply_to_user_id":null,"in_reply_to_user_id_str":null,"in_reply_to_screen_name":null,"user":{"id":281516419,"id_str":"281516419","name":"棹武／アガルタクリア済み","screen_name":"so_tk","location":"オケアノスで溺死","description":"番外です　／連絡先kmt.krc@gmail.com／なんでもフォーム：https://t.co/NYsuWyTlC0","url":"https://t.co/Cwgj98qaTi","entities":{"url":{"urls":[{"url":"https://t.co/Cwgj98qaTi","expanded_url":"http://privatter.net/p/1641565","display_url":"privatter.net/p/1641565","indices":[0,23]}]},"description":{"urls":[{"url":"https://t.co/NYsuWyTlC0","expanded_url":"https://docs.google.com/forms/d/e/1FAIpQLSc5hm64JCTLkN3ipJbbU9BxrtYbi0zjC6CCNVfJCFmhdGLZMA/viewform","display_url":"docs.google.com/forms/d/e/1FAI…","indices":[36,59]}]}},"protected":false,"followers_count":4325,"friends_count":284,"listed_count":125,"created_at":"Wed Apr 13 12:48:02 +0000 2011","favourites_count":8811,"utc_offset":32400,"time_zone":"Tokyo","geo_enabled":false,"verified":false,"statuses_count":20615,"lang":"ja","contributors_enabled":false,"is_translator":false,"is_translation_enabled":false,"profile_background_color":"C0DEED","profile_background_image_url":"http://pbs.twimg.com/profile_background_images/451757971656015872/ZKH4Q0Tm.jpeg","profile_background_image_url_https":"https://pbs.twimg.com/profile_background_images/451757971656015872/ZKH4Q0Tm.jpeg","profile_background_tile":true,"profile_image_url":"http://pbs.twimg.com/profile_images/880231596783095808/iTcKe_fK_normal.jpg","profile_image_url_https":"https://pbs.twimg.com/profile_images/880231596783095808/iTcKe_fK_normal.jpg","profile_banner_url":"https://pbs.twimg.com/profile_banners/281516419/1473037677","profile_link_color":"0084B4","profile_sidebar_border_color":"FFFFFF","profile_sidebar_fill_color":"DDEEF6","profile_text_color":"333333","profile_use_background_image":true,"has_extended_profile":true,"default_profile":false,"default_profile_image":false,"following":false,"follow_request_sent":false,"notifications":false,"translator_type":"none"},"geo":null,"coordinates":null,"place":null,"contributors":null,"is_quote_status":false,"retweet_count":109,"favorite_count":206,"favorited":false,"retweeted":false,"possibly_sensitive":false,"lang":"ja"}],"search_metadata":{"completed_in":0.077,"max_id":883555859673923600,"max_id_str":"883555859673923584","next_results":"?max_id=883554549377540095&q=lang%3Aja%20min_retweets%3A50&include_entities=1","query":"lang%3Aja+min_retweets%3A50","refresh_url":"?since_id=883555859673923584&q=lang%3Aja%20min_retweets%3A50&include_entities=1","count":15,"since_id":0,"since_id_str":"0"}}