{"statuses":[{"created_at":"Fri Jul 07 11:40:01 +0000 2017","id":883289495461703700,"id_str":"883289495461703681","text":"★┷┓\n┃か┃\n┃あ┃\n┃さ┃\n┃ん┃\n┃に┃\n┃ツ┃\n┃イ┃\n┃ッ┃\n┃タ┃\n┃｜┃\n┃バ┃\n┃レ┃\n┃た┃\n┃か┃\n┃ら┃\n┃だ┃\n┃れ┃\n┃か┃\n┃た┃\n┃す┃\n┃け┃\n┃て┃\n┗━🎋","truncated":false,"entities":{"hashtags":[],"symbols":[],"user_mentions":[],"urls":[]},"metadata":{"iso_language_code":"ja","result_type":"recent"},"source":"<a href=\"http://twitter.com/download/iphone\" rel=\"nofollow\">Twitter for iPhone</a>","in_reply_to_status_id":null,"in_reply_to_status_id_str":null,"in_reply_to_user_id":null,"in_reply_to_user_id_str":null,"in_reply_to_screen_name":null,"user":{"id":2934830738,"id_str":"2934830738","name":"ころん@すとぷり","screen_name":"Colon56N","location":"お誘い⇒colon123456n@gmail.com","description":"歌ってみた・YouTube・ツイキャスをメインに活動している者です。聴いて⇒【https://t.co/eSCd3qcH5P】サブ垢⇒【@colon56nsab】すとぷり⇒【@StPri_info】ツイキャス⇒【https://t.co/TAbBY3MH7i】 フォローお気軽に|ｮω･`)♪","url":"https://t.co/qDImSYUBGw","entities":{"url":{"urls":[{"url":"https://t.co/qDImSYUBGw","expanded_url":"https://www.youtube.com/channel/UCJtMfSSPKuW22GXfkaN7DOA","display_url":"youtube.com/channel/UCJtMf…","indices":[0,23]}]},"description":{"urls":[{"url":"https://t.co/eSCd3qcH5P","expanded_url":"http://www.nicovideo.jp/mylist/47483756","display_url":"nicovideo.jp/mylist/47483756","indices":[39,62]},{"url":"https://t.co/TAbBY3MH7i","expanded_url":"https://goo.gl/kwYUnk","display_url":"goo.gl/kwYUnk","indices":[106,129]}]}},"protected":false,"followers_count":43087,"friends_count":132,"listed_count":699,"created_at":"Thu Dec 18 13:05:20 +0000 2014","favourites_count":37334,"utc_offset":-25200,"time_zone":"Pacific Time (US & Canada)","geo_enabled":true,"verified":false,"statuses_count":8389,"lang":"ja","contributors_enabled":false,"is_translator":false,"is_translation_enabled":false,"profile_background_color":"000000","profile_background_image_url":"http://abs.twimg.com/images/themes/theme1/bg.png","profile_background_image_url_https":"https://abs.twimg.com/images/themes/theme1/bg.png","profile_background_tile":false,"profile_image_url":"http://pbs.twimg.com/profile_images/875750464322584577/lx9bx02c_normal.jpg","profile_image_url_https":"https://pbs.twimg.com/profile_images/875750464322584577/lx9bx02c_normal.jpg","profile_banner_url":"https://pbs.twimg.com/profile_banners/2934830738/1497803695","profile_link_color":"1B95E0","profile_sidebar_border_color":"000000","profile_sidebar_fill_color":"000000","profile_text_color":"000000","profile_use_background_image":false,"has_extended_profile":false,"default_profile":false,"default_profile_image":false,"following":false,"follow_request_sent":false,"notifications":false,"translator_type":"none"},"geo":null,"coordinates":null,"place":null,"contributors":null,"is_quote_status":false,"retweet_count":92,"favorite_count":462,"favorited":false,"retweeted":false,"lang":"ja"},{"created_at":"Fri Jul 07 11:38:30 +0000 2017","id":883289117001359400,"id_str":"883289117001359360","text":"7月29日(土)に行われるRoselia 1st Live Rosenlied 追加公演ライブビューイングが開催！開催情報やチケットスケジュールなど、詳細はURLをチェック！https://t.co/0BhIyZfSc1 https://t.co/KQWhouxrTO","truncated":false,"entities":{"hashtags":[],"symbols":[],"user_mentions":[],"urls":[{"url":"https://t.co/0BhIyZfSc1","expanded_url":"http://liveviewing.jp/contents/roselia/","display_url":"liveviewing.jp/contents/rosel…","indices":[87,110]}],"media":[{"id":883289106473549800,"id_str":"883289106473549824","indices":[111,134],"media_url":"http://pbs.twimg.com/media/DEISwzFUAAAzOFc.jpg","media_url_https":"https://pbs.twimg.com/media/DEISwzFUAAAzOFc.jpg","url":"https://t.co/KQWhouxrTO","display_url":"pic.twitter.com/KQWhouxrTO","expanded_url":"https://twitter.com/bang_dream_info/status/883289117001359360/photo/1","type":"photo","sizes":{"thumb":{"w":150,"h":150,"resize":"crop"},"small":{"w":680,"h":319,"resize":"fit"},"medium":{"w":701,"h":329,"resize":"fit"},"large":{"w":701,"h":329,"resize":"fit"}}}]},"extended_entities":{"media":[{"id":883289106473549800,"id_str":"883289106473549824","indices":[111,134],"media_url":"http://pbs.twimg.com/media/DEISwzFUAAAzOFc.jpg","media_url_https":"https://pbs.twimg.com/media/DEISwzFUAAAzOFc.jpg","url":"https://t.co/KQWhouxrTO","display_url":"pic.twitter.com/KQWhouxrTO","expanded_url":"https://twitter.com/bang_dream_info/status/883289117001359360/photo/1","type":"photo","sizes":{"thumb":{"w":150,"h":150,"resize":"crop"},"small":{"w":680,"h":319,"resize":"fit"},"medium":{"w":701,"h":329,"resize":"fit"},"large":{"w":701,"h":329,"resize":"fit"}}}]},"metadata":{"iso_language_code":"ja","result_type":"recent"},"source":"<a href=\"http://twitter.com\" rel=\"nofollow\">Twitter Web Client</a>","in_reply_to_status_id":null,"in_reply_to_status_id_str":null,"in_reply_to_user_id":null,"in_reply_to_user_id_str":null,"in_reply_to_screen_name":null,"user":{"id":3009772568,"id_str":"3009772568","name":"BanG Dream!（バンドリ！）公式","screen_name":"bang_dream_info","location":"","description":"キャラクター×リアルライブがリンクする次世代ガールズバンドプロジェクト「バンドリ！」公式ツイッター  ★2017年8月21日4thライブ日本武道館公演決定 ★月刊ブシロード「コミック版バンドリ！」連載中","url":"https://t.co/7zxacpSm0e","entities":{"url":{"urls":[{"url":"https://t.co/7zxacpSm0e","expanded_url":"http://bang-dream.com","display_url":"bang-dream.com","indices":[0,23]}]},"description":{"urls":[]}},"protected":false,"followers_count":211500,"friends_count":57,"listed_count":1498,"created_at":"Thu Feb 05 05:23:23 +0000 2015","favourites_count":3,"utc_offset":-25200,"time_zone":"Pacific Time (US & Canada)","geo_enabled":true,"verified":true,"statuses_count":3462,"lang":"ja","contributors_enabled":false,"is_translator":false,"is_translation_enabled":false,"profile_background_color":"000000","profile_background_image_url":"http://abs.twimg.com/images/themes/theme1/bg.png","profile_background_image_url_https":"https://abs.twimg.com/images/themes/theme1/bg.png","profile_background_tile":false,"profile_image_url":"http://pbs.twimg.com/profile_images/875580699486507008/_qScCKQd_normal.jpg","profile_image_url_https":"https://pbs.twimg.com/profile_images/875580699486507008/_qScCKQd_normal.jpg","profile_banner_url":"https://pbs.twimg.com/profile_banners/3009772568/1497588418","profile_link_color":"E4007F","profile_sidebar_border_color":"000000","profile_sidebar_fill_color":"000000","profile_text_color":"000000","profile_use_background_image":false,"has_extended_profile":false,"default_profile":false,"default_profile_image":false,"following":false,"follow_request_sent":false,"notifications":false,"translator_type":"none"},"geo":null,"coordinates":null,"place":null,"contributors":null,"is_quote_status":false,"retweet_count":89,"favorite_count":117,"favorited":false,"retweeted":false,"possibly_sensitive":false,"lang":"ja"},{"created_at":"Fri Jul 07 11:38:29 +0000 2017","id":883289113222197200,"id_str":"883289113222197248","text":"又吉、吠えた。 #dragons https://t.co/0nlVXW942H","truncated":false,"entities":{"hashtags":[{"text":"dragons","indices":[8,16]}],"symbols":[],"user_mentions":[],"urls":[],"media":[{"id":883288979742662700,"id_str":"883288979742662656","indices":[17,40],"media_url":"http://pbs.twimg.com/tweet_video_thumb/DEISpa-UIAA6KqR.jpg","media_url_https":"https://pbs.twimg.com/tweet_video_thumb/DEISpa-UIAA6KqR.jpg","url":"https://t.co/0nlVXW942H","display_url":"pic.twitter.com/0nlVXW942H","expanded_url":"https://twitter.com/dnomotoke/status/883289113222197248/photo/1","type":"photo","sizes":{"small":{"w":340,"h":191,"resize":"fit"},"large":{"w":640,"h":360,"resize":"fit"},"thumb":{"w":150,"h":150,"resize":"crop"},"medium":{"w":600,"h":338,"resize":"fit"}}}]},"extended_entities":{"media":[{"id":883288979742662700,"id_str":"883288979742662656","indices":[17,40],"media_url":"http://pbs.twimg.com/tweet_video_thumb/DEISpa-UIAA6KqR.jpg","media_url_https":"https://pbs.twimg.com/tweet_video_thumb/DEISpa-UIAA6KqR.jpg","url":"https://t.co/0nlVXW942H","display_url":"pic.twitter.com/0nlVXW942H","expanded_url":"https://twitter.com/dnomotoke/status/883289113222197248/photo/1","type":"animated_gif","sizes":{"small":{"w":340,"h":191,"resize":"fit"},"large":{"w":640,"h":360,"resize":"fit"},"thumb":{"w":150,"h":150,"resize":"crop"},"medium":{"w":600,"h":338,"resize":"fit"}},"video_info":{"aspect_ratio":[16,9],"variants":[{"bitrate":0,"content_type":"video/mp4","url":"https://video.twimg.com/tweet_video/DEISpa-UIAA6KqR.mp4"}]}}]},"metadata":{"iso_language_code":"ja","result_type":"recent"},"source":"<a href=\"http://twitter.com\" rel=\"nofollow\">Twitter Web Client</a>","in_reply_to_status_id":null,"in_reply_to_status_id_str":null,"in_reply_to_user_id":null,"in_reply_to_user_id_str":null,"in_reply_to_screen_name":null,"user":{"id":456566796,"id_str":"456566796","name":"のもとけ","screen_name":"dnomotoke","location":"中日ドラゴンズ新応援歌「アンセム」","description":"中日ドラゴンズファンです 実況したりしなかったり。使えそうで使えない透過素材を作ります。ドラゴンズ情報/NPB情報/プロ野球GIF/春季キャンプ/秋季キャンプ/U-23/アジアウインターリーグ ほか","url":"https://t.co/r59Y4mXPFG","entities":{"url":{"urls":[{"url":"https://t.co/r59Y4mXPFG","expanded_url":"http://www.nicovideo.jp/watch/sm25679907","display_url":"nicovideo.jp/watch/sm256799…","indices":[0,23]}]},"description":{"urls":[]}},"protected":false,"followers_count":14683,"friends_count":1221,"listed_count":203,"created_at":"Fri Jan 06 11:49:16 +0000 2012","favourites_count":31569,"utc_offset":32400,"time_zone":"Tokyo","geo_enabled":false,"verified":false,"statuses_count":99191,"lang":"ja","contributors_enabled":false,"is_translator":false,"is_translation_enabled":true,"profile_background_color":"FFFFFF","profile_background_image_url":"http://pbs.twimg.com/profile_background_images/827760928/9ffa2a8cb158d72e510ecf06aaadc77a.png","profile_background_image_url_https":"https://pbs.twimg.com/profile_background_images/827760928/9ffa2a8cb158d72e510ecf06aaadc77a.png","profile_background_tile":false,"profile_image_url":"http://pbs.twimg.com/profile_images/798687234920546304/AZZZU8fV_normal.png","profile_image_url_https":"https://pbs.twimg.com/profile_images/798687234920546304/AZZZU8fV_normal.png","profile_banner_url":"https://pbs.twimg.com/profile_banners/456566796/1483308371","profile_link_color":"0021DF","profile_sidebar_border_color":"FFFFFF","profile_sidebar_fill_color":"DDEEF6","profile_text_color":"333333","profile_use_background_image":true,"has_extended_profile":false,"default_profile":false,"default_profile_image":false,"following":false,"follow_request_sent":false,"notifications":false,"translator_type":"none"},"geo":null,"coordinates":null,"place":null,"contributors":null,"is_quote_status":false,"retweet_count":75,"favorite_count":96,"favorited":false,"retweeted":false,"possibly_sensitive":false,"lang":"ja"},{"created_at":"Fri Jul 07 11:38:22 +0000 2017","id":883289079818801200,"id_str":"883289079818801152","text":"＜#ナラタージュに願いを＞ツイートから💫\n\nみなさんの願い事、叶いますように...💗\n#ナラタージュ https://t.co/TGqwrMzauT","truncated":false,"entities":{"hashtags":[{"text":"ナラタージュに願いを","indices":[1,12]},{"text":"ナラタージュ","indices":[43,50]}],"symbols":[],"user_mentions":[],"urls":[],"media":[{"id":883289064111198200,"id_str":"883289064111198208","indices":[51,74],"media_url":"http://pbs.twimg.com/media/DEISuVRV0AAyBBM.jpg","media_url_https":"https://pbs.twimg.com/media/DEISuVRV0AAyBBM.jpg","url":"https://t.co/TGqwrMzauT","display_url":"pic.twitter.com/TGqwrMzauT","expanded_url":"https://twitter.com/narratagemovie/status/883289079818801152/photo/1","type":"photo","sizes":{"small":{"w":680,"h":680,"resize":"fit"},"thumb":{"w":150,"h":150,"resize":"crop"},"large":{"w":1200,"h":1200,"resize":"fit"},"medium":{"w":1200,"h":1200,"resize":"fit"}}}]},"extended_entities":{"media":[{"id":883289064111198200,"id_str":"883289064111198208","indices":[51,74],"media_url":"http://pbs.twimg.com/media/DEISuVRV0AAyBBM.jpg","media_url_https":"https://pbs.twimg.com/media/DEISuVRV0AAyBBM.jpg","url":"https://t.co/TGqwrMzauT","display_url":"pic.twitter.com/TGqwrMzauT","expanded_url":"https://twitter.com/narratagemovie/status/883289079818801152/photo/1","type":"photo","sizes":{"small":{"w":680,"h":680,"resize":"fit"},"thumb":{"w":150,"h":150,"resize":"crop"},"large":{"w":1200,"h":1200,"resize":"fit"},"medium":{"w":1200,"h":1200,"resize":"fit"}}}]},"metadata":{"iso_language_code":"ja","result_type":"recent"},"source":"<a href=\"http://twitter.com\" rel=\"nofollow\">Twitter Web Client</a>","in_reply_to_status_id":null,"in_reply_to_status_id_str":null,"in_reply_to_user_id":null,"in_reply_to_user_id_str":null,"in_reply_to_screen_name":null,"user":{"id":752526833782927400,"id_str":"752526833782927360","name":"映画『ナラタージュ』","screen_name":"narratagemovie","location":"","description":"【主演：松本潤×ヒロイン：有村架純×監督：行定勲】 禁断の純愛物語、待望の映画化！ 10月7日全国ロードショー","url":"https://t.co/1nNQZbNweg","entities":{"url":{"urls":[{"url":"https://t.co/1nNQZbNweg","expanded_url":"http://narratage.com/","display_url":"narratage.com","indices":[0,23]}]},"description":{"urls":[]}},"protected":false,"followers_count":102682,"friends_count":10,"listed_count":338,"created_at":"Mon Jul 11 15:35:53 +0000 2016","favourites_count":0,"utc_offset":32400,"time_zone":"Tokyo","geo_enabled":false,"verified":false,"statuses_count":90,"lang":"ja","contributors_enabled":false,"is_translator":false,"is_translation_enabled":false,"profile_background_color":"F5F8FA","profile_background_image_url":null,"profile_background_image_url_https":null,"profile_background_tile":false,"profile_image_url":"http://pbs.twimg.com/profile_images/849064089066233856/fTiGqHBn_normal.jpg","profile_image_url_https":"https://pbs.twimg.com/profile_images/849064089066233856/fTiGqHBn_normal.jpg","profile_banner_url":"https://pbs.twimg.com/profile_banners/752526833782927360/1491267647","profile_link_color":"1DA1F2","profile_sidebar_border_color":"C0DEED","profile_sidebar_fill_color":"DDEEF6","profile_text_color":"333333","profile_use_background_image":true,"has_extended_profile":false,"default_profile":true,"default_profile_image":false,"following":false,"follow_request_sent":false,"notifications":false,"translator_type":"none"},"geo":null,"coordinates":null,"place":null,"contributors":null,"is_quote_status":false,"retweet_count":77,"favorite_count":231,"favorited":false,"retweeted":false,"possibly_sensitive":false,"lang":"ja"},{"created_at":"Fri Jul 07 11:37:59 +0000 2017","id":883288983534313500,"id_str":"883288983534313473","text":"【INFO】\n『NUMBER 9 TOUR』メイキング第2弾配信！\nsenseで特殊能力を披露した、ジャン・彪馬・楽に密着した名古屋公演メイキングをスターダストチャンネルにて公開！\nhttps://t.co/qT4zNWPTk5… https://t.co/EAL1c455K5","truncated":true,"entities":{"hashtags":[],"symbols":[],"user_mentions":[],"urls":[{"url":"https://t.co/qT4zNWPTk5","expanded_url":"http://stardust-ch.jp/feature/p/number9tour","display_url":"stardust-ch.jp/feature/p/numb…","indices":[91,114]},{"url":"https://t.co/EAL1c455K5","expanded_url":"https://twitter.com/i/web/status/883288983534313473","display_url":"twitter.com/i/web/status/8…","indices":[116,139]}]},"metadata":{"iso_language_code":"ja","result_type":"recent"},"source":"<a href=\"http://twitter.com\" rel=\"nofollow\">Twitter Web Client</a>","in_reply_to_status_id":null,"in_reply_to_status_id_str":null,"in_reply_to_user_id":null,"in_reply_to_user_id_str":null,"in_reply_to_screen_name":null,"user":{"id":3678263784,"id_str":"3678263784","name":"SUPER★DRAGON","screen_name":"Supdra_staff","location":"","description":"9人組ミクスチャーユニット, 玲於・毅・ジャン・颯・壮吾・洸希・彪馬・和哉・楽 【RELEASE】6/28  2ndSG「ワチャ-ガチャ！」ドライブヘッド主題歌【LIVE】8/18豊洲PIT、8/27ZeppOsakaBayside #スパドラ","url":"https://t.co/dMFIJkeirE","entities":{"url":{"urls":[{"url":"https://t.co/dMFIJkeirE","expanded_url":"http://super-dragon.jp","display_url":"super-dragon.jp","indices":[0,23]}]},"description":{"urls":[]}},"protected":false,"followers_count":28663,"friends_count":37,"listed_count":215,"created_at":"Fri Sep 25 05:51:47 +0000 2015","favourites_count":0,"utc_offset":-25200,"time_zone":"Pacific Time (US & Canada)","geo_enabled":false,"verified":false,"statuses_count":3547,"lang":"ja","contributors_enabled":false,"is_translator":false,"is_translation_enabled":false,"profile_background_color":"000000","profile_background_image_url":"http://abs.twimg.com/images/themes/theme1/bg.png","profile_background_image_url_https":"https://abs.twimg.com/images/themes/theme1/bg.png","profile_background_tile":false,"profile_image_url":"http://pbs.twimg.com/profile_images/875540461120765952/m84b_LYh_normal.jpg","profile_image_url_https":"https://pbs.twimg.com/profile_images/875540461120765952/m84b_LYh_normal.jpg","profile_banner_url":"https://pbs.twimg.com/profile_banners/3678263784/1493467480","profile_link_color":"ABB8C2","profile_sidebar_border_color":"000000","profile_sidebar_fill_color":"000000","profile_text_color":"000000","profile_use_background_image":false,"has_extended_profile":false,"default_profile":false,"default_profile_image":false,"following":false,"follow_request_sent":false,"notifications":false,"translator_type":"none"},"geo":null,"coordinates":null,"place":null,"contributors":null,"is_quote_status":false,"retweet_count":52,"favorite_count":221,"favorited":false,"retweeted":false,"possibly_sensitive":false,"lang":"ja"},{"created_at":"Fri Jul 07 11:37:49 +0000 2017","id":883288943373852700,"id_str":"883288943373852672","text":"今日の動画です！！！\n\nてつやのシールだらけの車を売ることにしました https://t.co/f8zuOBgOWG @YouTubeさんから","truncated":false,"entities":{"hashtags":[],"symbols":[],"user_mentions":[{"screen_name":"YouTube","name":"YouTube","id":10228272,"id_str":"10228272","indices":[59,67]}],"urls":[{"url":"https://t.co/f8zuOBgOWG","expanded_url":"https://youtu.be/tMqYFFwKWps","display_url":"youtu.be/tMqYFFwKWps","indices":[35,58]}]},"metadata":{"iso_language_code":"ja","result_type":"recent"},"source":"<a href=\"http://twitter.com\" rel=\"nofollow\">Twitter Web Client</a>","in_reply_to_status_id":null,"in_reply_to_status_id_str":null,"in_reply_to_user_id":null,"in_reply_to_user_id_str":null,"in_reply_to_screen_name":null,"user":{"id":2173047390,"id_str":"2173047390","name":"てつや【東海オンエア】","screen_name":"TO_TETSUYA","location":"2013年10月12日チャンネル開設","description":"今話題のYouTuberってやつです。10月30日生まれ。 岡崎市公認「観光伝道師」アメブロ「日報〜東海オンエアの毎日丸裸〜」日曜日担当のオレンジ色のリーダー","url":"https://t.co/aGClUmZslk","entities":{"url":{"urls":[{"url":"https://t.co/aGClUmZslk","expanded_url":"http://m.youtube.com/channel/UCutJqz56653xV2wwSvut_hQ","display_url":"m.youtube.com/channel/UCutJq…","indices":[0,23]}]},"description":{"urls":[]}},"protected":false,"followers_count":756238,"friends_count":159,"listed_count":1876,"created_at":"Mon Nov 04 00:36:05 +0000 2013","favourites_count":7999,"utc_offset":32400,"time_zone":"Tokyo","geo_enabled":true,"verified":false,"statuses_count":29562,"lang":"ja","contributors_enabled":false,"is_translator":false,"is_translation_enabled":false,"profile_background_color":"000000","profile_background_image_url":"http://abs.twimg.com/images/themes/theme1/bg.png","profile_background_image_url_https":"https://abs.twimg.com/images/themes/theme1/bg.png","profile_background_tile":false,"profile_image_url":"http://pbs.twimg.com/profile_images/848199707390169088/ohnrRlkL_normal.jpg","profile_image_url_https":"https://pbs.twimg.com/profile_images/848199707390169088/ohnrRlkL_normal.jpg","profile_banner_url":"https://pbs.twimg.com/profile_banners/2173047390/1497965242","profile_link_color":"FF691F","profile_sidebar_border_color":"000000","profile_sidebar_fill_color":"000000","profile_text_color":"000000","profile_use_background_image":false,"has_extended_profile":true,"default_profile":false,"default_profile_image":false,"following":false,"follow_request_sent":false,"notifications":false,"translator_type":"none"},"geo":null,"coordinates":null,"place":null,"contributors":null,"is_quote_status":false,"retweet_count":70,"favorite_count":394,"favorited":false,"retweeted":false,"possibly_sensitive":false,"lang":"ja"},{"created_at":"Fri Jul 07 11:37:34 +0000 2017","id":883288880400564200,"id_str":"883288880400564224","text":"カリおっさんの新婚生活 https://t.co/mUHjFQ1Ff8","truncated":false,"entities":{"hashtags":[],"symbols":[],"user_mentions":[],"urls":[],"media":[{"id":883288852680523800,"id_str":"883288852680523778","indices":[12,35],"media_url":"http://pbs.twimg.com/media/DEISiBoVwAImjxP.jpg","media_url_https":"https://pbs.twimg.com/media/DEISiBoVwAImjxP.jpg","url":"https://t.co/mUHjFQ1Ff8","display_url":"pic.twitter.com/mUHjFQ1Ff8","expanded_url":"https://twitter.com/yaponishi/status/883288880400564224/photo/1","type":"photo","sizes":{"medium":{"w":750,"h":1000,"resize":"fit"},"thumb":{"w":150,"h":150,"resize":"crop"},"large":{"w":750,"h":1000,"resize":"fit"},"small":{"w":510,"h":680,"resize":"fit"}}}]},"extended_entities":{"media":[{"id":883288852680523800,"id_str":"883288852680523778","indices":[12,35],"media_url":"http://pbs.twimg.com/media/DEISiBoVwAImjxP.jpg","media_url_https":"https://pbs.twimg.com/media/DEISiBoVwAImjxP.jpg","url":"https://t.co/mUHjFQ1Ff8","display_url":"pic.twitter.com/mUHjFQ1Ff8","expanded_url":"https://twitter.com/yaponishi/status/883288880400564224/photo/1","type":"photo","sizes":{"medium":{"w":750,"h":1000,"resize":"fit"},"thumb":{"w":150,"h":150,"resize":"crop"},"large":{"w":750,"h":1000,"resize":"fit"},"small":{"w":510,"h":680,"resize":"fit"}}}]},"metadata":{"iso_language_code":"ja","result_type":"recent"},"source":"<a href=\"http://twitter.com\" rel=\"nofollow\">Twitter Web Client</a>","in_reply_to_status_id":null,"in_reply_to_status_id_str":null,"in_reply_to_user_id":null,"in_reply_to_user_id_str":null,"in_reply_to_screen_name":null,"user":{"id":250245837,"id_str":"250245837","name":"yapo@金曜東シ-02b","screen_name":"yaponishi","location":"","description":"イラストレーターをやってます。お仕事募集中です。ご相談はこちらまで  [howaitokyatto@hotmail.com]   pixiv→https://t.co/jPeqs26ANS    tumblr→https://t.co/jib1zueZUr","url":"http://t.co/Aw4V8XHxPZ","entities":{"url":{"urls":[{"url":"http://t.co/Aw4V8XHxPZ","expanded_url":"http://harataira.info/~yapo/index.html","display_url":"harataira.info/~yapo/index.ht…","indices":[0,22]}]},"description":{"urls":[{"url":"https://t.co/jPeqs26ANS","expanded_url":"http://pixiv.me/yaponishi","display_url":"pixiv.me/yaponishi","indices":[71,94]},{"url":"https://t.co/jib1zueZUr","expanded_url":"http://yapo-man.tumblr.com/","display_url":"yapo-man.tumblr.com","indices":[105,128]}]}},"protected":false,"followers_count":67313,"friends_count":360,"listed_count":1575,"created_at":"Thu Feb 10 18:20:43 +0000 2011","favourites_count":5734,"utc_offset":32400,"time_zone":"Tokyo","geo_enabled":false,"verified":false,"statuses_count":42709,"lang":"ja","contributors_enabled":false,"is_translator":false,"is_translation_enabled":false,"profile_background_color":"C0DEED","profile_background_image_url":"http://abs.twimg.com/images/themes/theme1/bg.png","profile_background_image_url_https":"https://abs.twimg.com/images/themes/theme1/bg.png","profile_background_tile":false,"profile_image_url":"http://pbs.twimg.com/profile_images/875698556551561217/2hXZ6zUy_normal.jpg","profile_image_url_https":"https://pbs.twimg.com/profile_images/875698556551561217/2hXZ6zUy_normal.jpg","profile_link_color":"1DA1F2","profile_sidebar_border_color":"C0DEED","profile_sidebar_fill_color":"DDEEF6","profile_text_color":"333333","profile_use_background_image":true,"has_extended_profile":true,"default_profile":true,"default_profile_image":false,"following":false,"follow_request_sent":false,"notifications":false,"translator_type":"none"},"geo":null,"coordinates":null,"place":null,"contributors":null,"is_quote_status":false,"retweet_count":59,"favorite_count":120,"favorited":false,"retweeted":false,"possibly_sensitive":false,"lang":"ja"},{"created_at":"Fri Jul 07 11:37:27 +0000 2017","id":883288849211957200,"id_str":"883288849211957248","text":"願いごとはたくさんあります。\nどれが１番にもならない願いごとがたくさんあります。\n七夕だからそんなことを少し思います。🎋\n\n素敵な週末を💫\n#七夕 #tanabata #tokyo… https://t.co/8BrLwpY6EB","truncated":false,"entities":{"hashtags":[{"text":"七夕","indices":[70,73]},{"text":"tanabata","indices":[74,83]},{"text":"tokyo","indices":[84,90]}],"symbols":[],"user_mentions":[],"urls":[{"url":"https://t.co/8BrLwpY6EB","expanded_url":"https://www.instagram.com/p/BWPnHhIlhuu/","display_url":"instagram.com/p/BWPnHhIlhuu/","indices":[92,115]}]},"metadata":{"iso_language_code":"ja","result_type":"recent"},"source":"<a href=\"http://instagram.com\" rel=\"nofollow\">Instagram</a>","in_reply_to_status_id":null,"in_reply_to_status_id_str":null,"in_reply_to_user_id":null,"in_reply_to_user_id_str":null,"in_reply_to_screen_name":null,"user":{"id":175292499,"id_str":"175292499","name":"宇野実彩子 AAA","screen_name":"uno_uno_0716","location":"","description":"AAA宇野実彩子です。♡   https://t.co/vI0rZGNNmW","url":null,"entities":{"description":{"urls":[{"url":"https://t.co/vI0rZGNNmW","expanded_url":"http://instagram.com/misako_uno_aaa","display_url":"instagram.com/misako_uno_aaa","indices":[15,38]}]}},"protected":false,"followers_count":943814,"friends_count":58,"listed_count":5816,"created_at":"Fri Aug 06 05:45:06 +0000 2010","favourites_count":0,"utc_offset":null,"time_zone":null,"geo_enabled":false,"verified":true,"statuses_count":3977,"lang":"ja","contributors_enabled":false,"is_translator":false,"is_translation_enabled":false,"profile_background_color":"C0DEED","profile_background_image_url":"http://abs.twimg.com/images/themes/theme1/bg.png","profile_background_image_url_https":"https://abs.twimg.com/images/themes/theme1/bg.png","profile_background_tile":false,"profile_image_url":"http://pbs.twimg.com/profile_images/848347777713045504/UQZvEaFv_normal.jpg","profile_image_url_https":"https://pbs.twimg.com/profile_images/848347777713045504/UQZvEaFv_normal.jpg","profile_banner_url":"https://pbs.twimg.com/profile_banners/175292499/1491096848","profile_link_color":"1DA1F2","profile_sidebar_border_color":"C0DEED","profile_sidebar_fill_color":"DDEEF6","profile_text_color":"333333","profile_use_background_image":true,"has_extended_profile":false,"default_profile":true,"default_profile_image":false,"following":false,"follow_request_sent":false,"notifications":false,"translator_type":"none"},"geo":null,"coordinates":null,"place":null,"contributors":null,"is_quote_status":false,"retweet_count":776,"favorite_count":3464,"favorited":false,"retweeted":false,"possibly_sensitive":false,"lang":"ja"},{"created_at":"Fri Jul 07 11:36:50 +0000 2017","id":883288697134694400,"id_str":"883288697134694400","text":"流行の最先端キャッツによるハンドスピナー大会、開催中！ https://t.co/gFaUGLDQ0h","truncated":false,"entities":{"hashtags":[],"symbols":[],"user_mentions":[],"urls":[],"media":[{"id":883288660426215400,"id_str":"883288660426215425","indices":[28,51],"media_url":"http://pbs.twimg.com/media/DEISW1bV0AEfCr5.jpg","media_url_https":"https://pbs.twimg.com/media/DEISW1bV0AEfCr5.jpg","url":"https://t.co/gFaUGLDQ0h","display_url":"pic.twitter.com/gFaUGLDQ0h","expanded_url":"https://twitter.com/CatApartment/status/883288697134694400/photo/1","type":"photo","sizes":{"small":{"w":680,"h":680,"resize":"fit"},"thumb":{"w":150,"h":150,"resize":"crop"},"medium":{"w":1200,"h":1200,"resize":"fit"},"large":{"w":2048,"h":2048,"resize":"fit"}}}]},"extended_entities":{"media":[{"id":883288660426215400,"id_str":"883288660426215425","indices":[28,51],"media_url":"http://pbs.twimg.com/media/DEISW1bV0AEfCr5.jpg","media_url_https":"https://pbs.twimg.com/media/DEISW1bV0AEfCr5.jpg","url":"https://t.co/gFaUGLDQ0h","display_url":"pic.twitter.com/gFaUGLDQ0h","expanded_url":"https://twitter.com/CatApartment/status/883288697134694400/photo/1","type":"photo","sizes":{"small":{"w":680,"h":680,"resize":"fit"},"thumb":{"w":150,"h":150,"resize":"crop"},"medium":{"w":1200,"h":1200,"resize":"fit"},"large":{"w":2048,"h":2048,"resize":"fit"}}},{"id":883288660417798100,"id_str":"883288660417798144","indices":[28,51],"media_url":"http://pbs.twimg.com/media/DEISW1ZVYAArylH.jpg","media_url_https":"https://pbs.twimg.com/media/DEISW1ZVYAArylH.jpg","url":"https://t.co/gFaUGLDQ0h","display_url":"pic.twitter.com/gFaUGLDQ0h","expanded_url":"https://twitter.com/CatApartment/status/883288697134694400/photo/1","type":"photo","sizes":{"small":{"w":680,"h":680,"resize":"fit"},"thumb":{"w":150,"h":150,"resize":"crop"},"medium":{"w":1200,"h":1200,"resize":"fit"},"large":{"w":2048,"h":2048,"resize":"fit"}}}]},"metadata":{"iso_language_code":"ja","result_type":"recent"},"source":"<a href=\"http://twitter.com/download/iphone\" rel=\"nofollow\">Twitter for iPhone</a>","in_reply_to_status_id":null,"in_reply_to_status_id_str":null,"in_reply_to_user_id":null,"in_reply_to_user_id_str":null,"in_reply_to_screen_name":null,"user":{"id":3014340192,"id_str":"3014340192","name":"京都町家猫カフェ キャットアパートメント","screen_name":"CatApartment","location":"京都府 京都市 上京区 一条大宮東入る下石橋南半町54-1","description":"キャットアパートメントコーヒー。 京都西陣の築百年の町家にできたスペシャルティコーヒーの飲める猫カフェ（ご利用は中学生以上）。075-748-0188 予約不可 平日12時〜21時（19:30L.O. ）土日祝12時〜19時（18時L.O.）月・火曜定休 システムなどはHPをご覧下さい。（画像無断転用はご遠慮下さい）","url":"https://t.co/af466U1AZC","entities":{"url":{"urls":[{"url":"https://t.co/af466U1AZC","expanded_url":"http://www.cat-apartment-coffee.com","display_url":"cat-apartment-coffee.com","indices":[0,23]}]},"description":{"urls":[]}},"protected":false,"followers_count":60243,"friends_count":24,"listed_count":1119,"created_at":"Mon Feb 09 13:34:31 +0000 2015","favourites_count":66161,"utc_offset":null,"time_zone":null,"geo_enabled":false,"verified":false,"statuses_count":11231,"lang":"ja","contributors_enabled":false,"is_translator":false,"is_translation_enabled":false,"profile_background_color":"C0DEED","profile_background_image_url":"http://abs.twimg.com/images/themes/theme1/bg.png","profile_background_image_url_https":"https://abs.twimg.com/images/themes/theme1/bg.png","profile_background_tile":false,"profile_image_url":"http://pbs.twimg.com/profile_images/575702535341654017/KLzxsIHc_normal.jpeg","profile_image_url_https":"https://pbs.twimg.com/profile_images/575702535341654017/KLzxsIHc_normal.jpeg","profile_banner_url":"https://pbs.twimg.com/profile_banners/3014340192/1437538027","profile_link_color":"1DA1F2","profile_sidebar_border_color":"C0DEED","profile_sidebar_fill_color":"DDEEF6","profile_text_color":"333333","profile_use_background_image":true,"has_extended_profile":false,"default_profile":true,"default_profile_image":false,"following":false,"follow_request_sent":false,"notifications":false,"translator_type":"none"},"geo":null,"coordinates":null,"place":null,"contributors":null,"is_quote_status":false,"retweet_count":60,"favorite_count":151,"favorited":false,"retweeted":false,"possibly_sensitive":false,"lang":"ja"},{"created_at":"Fri Jul 07 11:36:41 +0000 2017","id":883288657376944100,"id_str":"883288657376944128","text":"pixivに投稿しました つめあわせ30 #pixiv  https://t.co/mvTgaKLx1z","truncated":false,"entities":{"hashtags":[{"text":"pixiv","indices":[21,27]}],"symbols":[],"user_mentions":[],"urls":[{"url":"https://t.co/mvTgaKLx1z","expanded_url":"https://www.pixiv.net/member_illust.php?illust_id=63749925&mode=medium","display_url":"pixiv.net/member_illust.…","indices":[29,52]}]},"metadata":{"iso_language_code":"ja","result_type":"recent"},"source":"<a href=\"http://twitter.com\" rel=\"nofollow\">Twitter Web Client</a>","in_reply_to_status_id":null,"in_reply_to_status_id_str":null,"in_reply_to_user_id":null,"in_reply_to_user_id_str":null,"in_reply_to_screen_name":null,"user":{"id":324391547,"id_str":"324391547","name":"アボガド6","screen_name":"avogado6","location":"","description":"化学が好きな一般人です。映像作品とか創ってます。http://t.co/ipBsbge0ll","url":"http://t.co/EiHogSmY2Z","entities":{"url":{"urls":[{"url":"http://t.co/EiHogSmY2Z","expanded_url":"http://avogado6.wix.com/6022e-plus20","display_url":"avogado6.wix.com/6022e-plus20","indices":[0,22]}]},"description":{"urls":[{"url":"http://t.co/ipBsbge0ll","expanded_url":"http://www.nicovideo.jp/mylist/28725264","display_url":"nicovideo.jp/mylist/28725264","indices":[24,46]}]}},"protected":false,"followers_count":220228,"friends_count":27,"listed_count":1875,"created_at":"Sun Jun 26 14:46:50 +0000 2011","favourites_count":36,"utc_offset":-25200,"time_zone":"Pacific Time (US & Canada)","geo_enabled":false,"verified":false,"statuses_count":3198,"lang":"ja","contributors_enabled":false,"is_translator":false,"is_translation_enabled":false,"profile_background_color":"000000","profile_background_image_url":"http://pbs.twimg.com/profile_background_images/873958585/01311c34236282338aeee06442317e97.jpeg","profile_background_image_url_https":"https://pbs.twimg.com/profile_background_images/873958585/01311c34236282338aeee06442317e97.jpeg","profile_background_tile":false,"profile_image_url":"http://pbs.twimg.com/profile_images/715865999673675777/imuBDN9A_normal.jpg","profile_image_url_https":"https://pbs.twimg.com/profile_images/715865999673675777/imuBDN9A_normal.jpg","profile_banner_url":"https://pbs.twimg.com/profile_banners/324391547/1431398698","profile_link_color":"8F0072","profile_sidebar_border_color":"FFFFFF","profile_sidebar_fill_color":"FFFFFF","profile_text_color":"333333","profile_use_background_image":true,"has_extended_profile":false,"default_profile":false,"default_profile_image":false,"following":false,"follow_request_sent":false,"notifications":false,"translator_type":"none"},"geo":null,"coordinates":null,"place":null,"contributors":null,"is_quote_status":false,"retweet_count":78,"favorite_count":391,"favorited":false,"retweeted":false,"possibly_sensitive":false,"lang":"ja"},{"created_at":"Fri Jul 07 11:36:35 +0000 2017","id":883288632131440600,"id_str":"883288632131440640","text":"さらに7/22(土)8:50の回上映後の舞台挨拶は、全国の劇場で生中継致します🎥✨\nお近くの劇場でぜひご覧ください🍃\n\n詳細はこちら⇒https://t.co/Bj4flCpckc\n#ここさけ https://t.co/IBY5Gk3hmI","truncated":false,"entities":{"hashtags":[{"text":"ここさけ","indices":[91,96]}],"symbols":[],"user_mentions":[],"urls":[{"url":"https://t.co/Bj4flCpckc","expanded_url":"http://kokosake-movie.jp/greeting/","display_url":"kokosake-movie.jp/greeting/","indices":[67,90]},{"url":"https://t.co/IBY5Gk3hmI","expanded_url":"https://twitter.com/kokosake_movie/status/883285344237387776","display_url":"twitter.com/kokosake_movie…","indices":[97,120]}]},"metadata":{"iso_language_code":"ja","result_type":"recent"},"source":"<a href=\"http://twitter.com/download/iphone\" rel=\"nofollow\">Twitter for iPhone</a>","in_reply_to_status_id":null,"in_reply_to_status_id_str":null,"in_reply_to_user_id":null,"in_reply_to_user_id_str":null,"in_reply_to_screen_name":null,"user":{"id":827476633833533400,"id_str":"827476633833533440","name":"実写映画『心が叫びたがってるんだ。』","screen_name":"kokosake_movie","location":"","description":"この夏、一番泣ける最高の感動作💘大ヒット劇場版オリジナルアニメ #ここさけ 待望の実写化🎬 7️⃣月2️⃣2️⃣日(土)全国ロードショー🎉 #心が叫びたがってるんだ #中島健人 #芳根京子 #石井杏奈 #寛一郎 Instagram➡https://t.co/w6fWKdIvT1","url":"https://t.co/PWjRFWqOGS","entities":{"url":{"urls":[{"url":"https://t.co/PWjRFWqOGS","expanded_url":"http://kokosake-movie.jp/","display_url":"kokosake-movie.jp","indices":[0,23]}]},"description":{"urls":[{"url":"https://t.co/w6fWKdIvT1","expanded_url":"https://www.instagram.com/kokosake_movie/","display_url":"instagram.com/kokosake_movie/","indices":[116,139]}]}},"protected":false,"followers_count":38238,"friends_count":21,"listed_count":95,"created_at":"Fri Feb 03 11:19:38 +0000 2017","favourites_count":58,"utc_offset":32400,"time_zone":"Tokyo","geo_enabled":false,"verified":true,"statuses_count":443,"lang":"ja","contributors_enabled":false,"is_translator":false,"is_translation_enabled":false,"profile_background_color":"000000","profile_background_image_url":"http://abs.twimg.com/images/themes/theme1/bg.png","profile_background_image_url_https":"https://abs.twimg.com/images/themes/theme1/bg.png","profile_background_tile":false,"profile_image_url":"http://pbs.twimg.com/profile_images/841785571924103168/8wFqHaMz_normal.jpg","profile_image_url_https":"https://pbs.twimg.com/profile_images/841785571924103168/8wFqHaMz_normal.jpg","profile_banner_url":"https://pbs.twimg.com/profile_banners/827476633833533440/1489532315","profile_link_color":"0090CC","profile_sidebar_border_color":"000000","profile_sidebar_fill_color":"000000","profile_text_color":"000000","profile_use_background_image":false,"has_extended_profile":false,"default_profile":false,"default_profile_image":false,"following":false,"follow_request_sent":false,"notifications":false,"translator_type":"none"},"geo":null,"coordinates":null,"place":null,"contributors":null,"is_quote_status":true,"quoted_status_id":883285344237387800,"quoted_status_id_str":"883285344237387776","quoted_status":{"created_at":"Fri Jul 07 11:23:31 +0000 2017","id":883285344237387800,"id_str":"883285344237387776","text":"TOHOシネマズ新宿にて、初日舞台挨拶が決定しました❗️\n\n【日時】7/22(土)8:50の回上映後／12:00の回上映前\n【登壇者(予定)】中島健人、芳根京子、石井杏奈、寛一郎、熊澤尚人監督\n\n詳細はこちら⇒… https://t.co/ryt3APouFT","truncated":true,"entities":{"hashtags":[],"symbols":[],"user_mentions":[],"urls":[{"url":"https://t.co/ryt3APouFT","expanded_url":"https://twitter.com/i/web/status/883285344237387776","display_url":"twitter.com/i/web/status/8…","indices":[107,130]}]},"metadata":{"iso_language_code":"ja","result_type":"recent"},"source":"<a href=\"http://twitter.com/download/iphone\" rel=\"nofollow\">Twitter for iPhone</a>","in_reply_to_status_id":null,"in_reply_to_status_id_str":null,"in_reply_to_user_id":null,"in_reply_to_user_id_str":null,"in_reply_to_screen_name":null,"user":{"id":827476633833533400,"id_str":"827476633833533440","name":"実写映画『心が叫びたがってるんだ。』","screen_name":"kokosake_movie","location":"","description":"この夏、一番泣ける最高の感動作💘大ヒット劇場版オリジナルアニメ #ここさけ 待望の実写化🎬 7️⃣月2️⃣2️⃣日(土)全国ロードショー🎉 #心が叫びたがってるんだ #中島健人 #芳根京子 #石井杏奈 #寛一郎 Instagram➡https://t.co/w6fWKdIvT1","url":"https://t.co/PWjRFWqOGS","entities":{"url":{"urls":[{"url":"https://t.co/PWjRFWqOGS","expanded_url":"http://kokosake-movie.jp/","display_url":"kokosake-movie.jp","indices":[0,23]}]},"description":{"urls":[{"url":"https://t.co/w6fWKdIvT1","expanded_url":"https://www.instagram.com/kokosake_movie/","display_url":"instagram.com/kokosake_movie/","indices":[116,139]}]}},"protected":false,"followers_count":38238,"friends_count":21,"listed_count":95,"created_at":"Fri Feb 03 11:19:38 +0000 2017","favourites_count":58,"utc_offset":32400,"time_zone":"Tokyo","geo_enabled":false,"verified":true,"statuses_count":443,"lang":"ja","contributors_enabled":false,"is_translator":false,"is_translation_enabled":false,"profile_background_color":"000000","profile_background_image_url":"http://abs.twimg.com/images/themes/theme1/bg.png","profile_background_image_url_https":"https://abs.twimg.com/images/themes/theme1/bg.png","profile_background_tile":false,"profile_image_url":"http://pbs.twimg.com/profile_images/841785571924103168/8wFqHaMz_normal.jpg","profile_image_url_https":"https://pbs.twimg.com/profile_images/841785571924103168/8wFqHaMz_normal.jpg","profile_banner_url":"https://pbs.twimg.com/profile_banners/827476633833533440/1489532315","profile_link_color":"0090CC","profile_sidebar_border_color":"000000","profile_sidebar_fill_color":"000000","profile_text_color":"000000","profile_use_background_image":false,"has_extended_profile":false,"default_profile":false,"default_profile_image":false,"following":false,"follow_request_sent":false,"notifications":false,"translator_type":"none"},"geo":null,"coordinates":null,"place":null,"contributors":null,"is_quote_status":false,"retweet_count":328,"favorite_count":640,"favorited":false,"retweeted":false,"possibly_sensitive":false,"lang":"ja"},"retweet_count":99,"favorite_count":180,"favorited":false,"retweeted":false,"possibly_sensitive":false,"lang":"ja"},{"created_at":"Fri Jul 07 11:36:33 +0000 2017","id":883288623000412200,"id_str":"883288623000412160","text":"「いつか運命の人に出会えますように。」\n\n#七夕の願いごと","truncated":false,"entities":{"hashtags":[{"text":"七夕の願いごと","indices":[21,29]}],"symbols":[],"user_mentions":[],"urls":[]},"metadata":{"iso_language_code":"ja","result_type":"recent"},"source":"<a href=\"http://twitter.com/download/iphone\" rel=\"nofollow\">Twitter for iPhone</a>","in_reply_to_status_id":null,"in_reply_to_status_id_str":null,"in_reply_to_user_id":null,"in_reply_to_user_id_str":null,"in_reply_to_screen_name":null,"user":{"id":4266191599,"id_str":"4266191599","name":"うたさん","screen_name":"joker_budou","location":"とうきょう","description":"フォローすると幸せになります。Follow Me.","url":null,"entities":{"description":{"urls":[]}},"protected":false,"followers_count":179273,"friends_count":99987,"listed_count":499,"created_at":"Tue Nov 17 09:13:48 +0000 2015","favourites_count":10014,"utc_offset":-25200,"time_zone":"Pacific Time (US & Canada)","geo_enabled":true,"verified":false,"statuses_count":4045,"lang":"ja","contributors_enabled":false,"is_translator":false,"is_translation_enabled":false,"profile_background_color":"C0DEED","profile_background_image_url":"http://abs.twimg.com/images/themes/theme1/bg.png","profile_background_image_url_https":"https://abs.twimg.com/images/themes/theme1/bg.png","profile_background_tile":false,"profile_image_url":"http://pbs.twimg.com/profile_images/825428894207447040/KpiUnrup_normal.jpg","profile_image_url_https":"https://pbs.twimg.com/profile_images/825428894207447040/KpiUnrup_normal.jpg","profile_banner_url":"https://pbs.twimg.com/profile_banners/4266191599/1485632999","profile_link_color":"1DA1F2","profile_sidebar_border_color":"C0DEED","profile_sidebar_fill_color":"DDEEF6","profile_text_color":"333333","profile_use_background_image":true,"has_extended_profile":false,"default_profile":true,"default_profile_image":false,"following":false,"follow_request_sent":false,"notifications":false,"translator_type":"none"},"geo":null,"coordinates":null,"place":null,"contributors":null,"is_quote_status":false,"retweet_count":101,"favorite_count":455,"favorited":false,"retweeted":false,"lang":"ja"},{"created_at":"Fri Jul 07 11:36:15 +0000 2017","id":883288549897814000,"id_str":"883288549897814017","text":"(*ΦДΦ)おととい熊さんがでたので森さんぽはしばらくおあずけになりました。\n(๑φдφ)なりました。。。 https://t.co/98FsaVQwII","truncated":false,"entities":{"hashtags":[],"symbols":[],"user_mentions":[],"urls":[],"media":[{"id":883288539881807900,"id_str":"883288539881807873","indices":[54,77],"media_url":"http://pbs.twimg.com/media/DEISP0XUIAETsmn.jpg","media_url_https":"https://pbs.twimg.com/media/DEISP0XUIAETsmn.jpg","url":"https://t.co/98FsaVQwII","display_url":"pic.twitter.com/98FsaVQwII","expanded_url":"https://twitter.com/myumyulovemyu/status/883288549897814017/photo/1","type":"photo","sizes":{"small":{"w":680,"h":680,"resize":"fit"},"thumb":{"w":150,"h":150,"resize":"crop"},"medium":{"w":740,"h":740,"resize":"fit"},"large":{"w":740,"h":740,"resize":"fit"}}}]},"extended_entities":{"media":[{"id":883288539881807900,"id_str":"883288539881807873","indices":[54,77],"media_url":"http://pbs.twimg.com/media/DEISP0XUIAETsmn.jpg","media_url_https":"https://pbs.twimg.com/media/DEISP0XUIAETsmn.jpg","url":"https://t.co/98FsaVQwII","display_url":"pic.twitter.com/98FsaVQwII","expanded_url":"https://twitter.com/myumyulovemyu/status/883288549897814017/photo/1","type":"photo","sizes":{"small":{"w":680,"h":680,"resize":"fit"},"thumb":{"w":150,"h":150,"resize":"crop"},"medium":{"w":740,"h":740,"resize":"fit"},"large":{"w":740,"h":740,"resize":"fit"}}}]},"metadata":{"iso_language_code":"ja","result_type":"recent"},"source":"<a href=\"http://twitter.com/download/iphone\" rel=\"nofollow\">Twitter for iPhone</a>","in_reply_to_status_id":883288105779830800,"in_reply_to_status_id_str":"883288105779830784","in_reply_to_user_id":180813834,"in_reply_to_user_id_str":"180813834","in_reply_to_screen_name":"myumyulovemyu","user":{"id":180813834,"id_str":"180813834","name":"もも　と　みらい","screen_name":"myumyulovemyu","location":"北海道。あと東京と静岡と。","description":"モモ、ズズ、チャチャ、チィチィ、ルル、モフモフ、うっしー、しろちゃ、ビビの9匹の猫と一緒に暮らしながら北海道の田舎でお菓子とお茶の小さなお店をやっています。うちの猫はおしゃべりなので猫も呟きます。フォトブック『りすが遊びにやって来る森のcafeの12ヶ月』『9匹のねこが暮らす森のカフェの12ヶ月』発売中です(ºㅅº*)","url":null,"entities":{"description":{"urls":[]}},"protected":false,"followers_count":177301,"friends_count":87,"listed_count":3569,"created_at":"Fri Aug 20 15:12:44 +0000 2010","favourites_count":2635,"utc_offset":32400,"time_zone":"Tokyo","geo_enabled":true,"verified":false,"statuses_count":6585,"lang":"ja","contributors_enabled":false,"is_translator":false,"is_translation_enabled":false,"profile_background_color":"0099B9","profile_background_image_url":"http://pbs.twimg.com/profile_background_images/448816599/kabegami.jpg","profile_background_image_url_https":"https://pbs.twimg.com/profile_background_images/448816599/kabegami.jpg","profile_background_tile":true,"profile_image_url":"http://pbs.twimg.com/profile_images/3442704502/1426507ad2109c3ba8948a5273b117e7_normal.jpeg","profile_image_url_https":"https://pbs.twimg.com/profile_images/3442704502/1426507ad2109c3ba8948a5273b117e7_normal.jpeg","profile_banner_url":"https://pbs.twimg.com/profile_banners/180813834/1450085225","profile_link_color":"0099B9","profile_sidebar_border_color":"5ED4DC","profile_sidebar_fill_color":"95E8EC","profile_text_color":"3C3940","profile_use_background_image":true,"has_extended_profile":false,"default_profile":false,"default_profile_image":false,"following":false,"follow_request_sent":false,"notifications":false,"translator_type":"none"},"geo":null,"coordinates":null,"place":null,"contributors":null,"is_quote_status":false,"retweet_count":94,"favorite_count":282,"favorited":false,"retweeted":false,"possibly_sensitive":false,"lang":"ja"},{"created_at":"Fri Jul 07 11:36:14 +0000 2017","id":883288546051633200,"id_str":"883288546051633152","text":"【INFO】本日21時予定のメンテナンス再開時刻を、22時に変更させていただきます。サーバー及びネットワークの状況により、再度時刻を変更する場合がございます。皆様にはご迷惑をおかけしますが何卒ご理解とご協力をお願い申し上げます。","truncated":false,"entities":{"hashtags":[],"symbols":[],"user_mentions":[],"urls":[]},"metadata":{"iso_language_code":"ja","result_type":"recent"},"source":"<a href=\"http://twitter.com\" rel=\"nofollow\">Twitter Web Client</a>","in_reply_to_status_id":null,"in_reply_to_status_id_str":null,"in_reply_to_user_id":null,"in_reply_to_user_id_str":null,"in_reply_to_screen_name":null,"user":{"id":813683139637755900,"id_str":"813683139637755904","name":"【運営】Bプロ 無敵＊デンジャラス","screen_name":"BPRO_game","location":"Twitterからの個別返信は行っておりません","description":"【総合プロデュース 西川貴教×企画・原作 志倉千代丸】が手掛けるB-PROJECTのスマートフォン向けアプリゲーム『無敵＊デンジャラス』運営公式アカウントです。⇒https://t.co/IDJfdMhd6J #Bプロ","url":"https://t.co/IDJfdMhd6J","entities":{"url":{"urls":[{"url":"https://t.co/IDJfdMhd6J","expanded_url":"http://www.bprogame.com/","display_url":"bprogame.com","indices":[0,23]}]},"description":{"urls":[{"url":"https://t.co/IDJfdMhd6J","expanded_url":"http://www.bprogame.com/","display_url":"bprogame.com","indices":[81,104]}]}},"protected":false,"followers_count":125568,"friends_count":1,"listed_count":1129,"created_at":"Tue Dec 27 09:49:12 +0000 2016","favourites_count":1,"utc_offset":32400,"time_zone":"Tokyo","geo_enabled":false,"verified":true,"statuses_count":164,"lang":"ja","contributors_enabled":false,"is_translator":false,"is_translation_enabled":false,"profile_background_color":"F5F8FA","profile_background_image_url":null,"profile_background_image_url_https":null,"profile_background_tile":false,"profile_image_url":"http://pbs.twimg.com/profile_images/821315591403245568/E9WxytoH_normal.jpg","profile_image_url_https":"https://pbs.twimg.com/profile_images/821315591403245568/E9WxytoH_normal.jpg","profile_banner_url":"https://pbs.twimg.com/profile_banners/813683139637755904/1484534332","profile_link_color":"1DA1F2","profile_sidebar_border_color":"C0DEED","profile_sidebar_fill_color":"DDEEF6","profile_text_color":"333333","profile_use_background_image":true,"has_extended_profile":false,"default_profile":true,"default_profile_image":false,"following":false,"follow_request_sent":false,"notifications":false,"translator_type":"none"},"geo":null,"coordinates":null,"place":null,"contributors":null,"is_quote_status":false,"retweet_count":383,"favorite_count":469,"favorited":false,"retweeted":false,"lang":"ja"},{"created_at":"Fri Jul 07 11:35:47 +0000 2017","id":883288431001874400,"id_str":"883288431001874432","text":"＜#ナラタージュに願いを＞ツイートから💫\n\nみなさんの願い事、叶いますように...💗\n#ナラタージュ https://t.co/CF9LP2LWRr","truncated":false,"entities":{"hashtags":[{"text":"ナラタージュに願いを","indices":[1,12]},{"text":"ナラタージュ","indices":[43,50]}],"symbols":[],"user_mentions":[],"urls":[],"media":[{"id":883288357148610600,"id_str":"883288357148610561","indices":[51,74],"media_url":"http://pbs.twimg.com/media/DEISFLoU0AE2WQI.jpg","media_url_https":"https://pbs.twimg.com/media/DEISFLoU0AE2WQI.jpg","url":"https://t.co/CF9LP2LWRr","display_url":"pic.twitter.com/CF9LP2LWRr","expanded_url":"https://twitter.com/narratagemovie/status/883288431001874432/photo/1","type":"photo","sizes":{"small":{"w":680,"h":680,"resize":"fit"},"thumb":{"w":150,"h":150,"resize":"crop"},"large":{"w":1200,"h":1200,"resize":"fit"},"medium":{"w":1200,"h":1200,"resize":"fit"}}}]},"extended_entities":{"media":[{"id":883288357148610600,"id_str":"883288357148610561","indices":[51,74],"media_url":"http://pbs.twimg.com/media/DEISFLoU0AE2WQI.jpg","media_url_https":"https://pbs.twimg.com/media/DEISFLoU0AE2WQI.jpg","url":"https://t.co/CF9LP2LWRr","display_url":"pic.twitter.com/CF9LP2LWRr","expanded_url":"https://twitter.com/narratagemovie/status/883288431001874432/photo/1","type":"photo","sizes":{"small":{"w":680,"h":680,"resize":"fit"},"thumb":{"w":150,"h":150,"resize":"crop"},"large":{"w":1200,"h":1200,"resize":"fit"},"medium":{"w":1200,"h":1200,"resize":"fit"}}}]},"metadata":{"iso_language_code":"ja","result_type":"recent"},"source":"<a href=\"http://twitter.com\" rel=\"nofollow\">Twitter Web Client</a>","in_reply_to_status_id":null,"in_reply_to_status_id_str":null,"in_reply_to_user_id":null,"in_reply_to_user_id_str":null,"in_reply_to_screen_name":null,"user":{"id":752526833782927400,"id_str":"752526833782927360","name":"映画『ナラタージュ』","screen_name":"narratagemovie","location":"","description":"【主演：松本潤×ヒロイン：有村架純×監督：行定勲】 禁断の純愛物語、待望の映画化！ 10月7日全国ロードショー","url":"https://t.co/1nNQZbNweg","entities":{"url":{"urls":[{"url":"https://t.co/1nNQZbNweg","expanded_url":"http://narratage.com/","display_url":"narratage.com","indices":[0,23]}]},"description":{"urls":[]}},"protected":false,"followers_count":102682,"friends_count":10,"listed_count":338,"created_at":"Mon Jul 11 15:35:53 +0000 2016","favourites_count":0,"utc_offset":32400,"time_zone":"Tokyo","geo_enabled":false,"verified":false,"statuses_count":90,"lang":"ja","contributors_enabled":false,"is_translator":false,"is_translation_enabled":false,"profile_background_color":"F5F8FA","profile_background_image_url":null,"profile_background_image_url_https":null,"profile_background_tile":false,"profile_image_url":"http://pbs.twimg.com/profile_images/849064089066233856/fTiGqHBn_normal.jpg","profile_image_url_https":"https://pbs.twimg.com/profile_images/849064089066233856/fTiGqHBn_normal.jpg","profile_banner_url":"https://pbs.twimg.com/profile_banners/752526833782927360/1491267647","profile_link_color":"1DA1F2","profile_sidebar_border_color":"C0DEED","profile_sidebar_fill_color":"DDEEF6","profile_text_color":"333333","profile_use_background_image":true,"has_extended_profile":false,"default_profile":true,"default_profile_image":false,"following":false,"follow_request_sent":false,"notifications":false,"translator_type":"none"},"geo":null,"coordinates":null,"place":null,"contributors":null,"is_quote_status":false,"retweet_count":126,"favorite_count":336,"favorited":false,"retweeted":false,"possibly_sensitive":false,"lang":"ja"}],"search_metadata":{"completed_in":0.065,"max_id":883289495461703700,"max_id_str":"883289495461703681","next_results":"?max_id=883288431001874431&q=lang%3Aja%20min_retweets%3A50&include_entities=1","query":"lang%3Aja+min_retweets%3A50","refresh_url":"?since_id=883289495461703681&q=lang%3Aja%20min_retweets%3A50&include_entities=1","count":15,"since_id":0,"since_id_str":"0"}}