{"statuses":[{"created_at":"Wed Jul 05 13:38:24 +0000 2017","id":882594514413559800,"id_str":"882594514413559813","text":"おい俺様のクレイジーとSerenadeは何位なんだ！ https://t.co/ksIHVWYi2Q","truncated":false,"entities":{"hashtags":[],"symbols":[],"user_mentions":[],"urls":[{"url":"https://t.co/ksIHVWYi2Q","expanded_url":"https://twitter.com/yuukiizawa/status/882581088735944710","display_url":"twitter.com/yuukiizawa/sta…","indices":[27,50]}]},"metadata":{"iso_language_code":"ja","result_type":"recent"},"source":"<a href=\"http://twitter.com/download/iphone\" rel=\"nofollow\">Twitter for iPhone</a>","in_reply_to_status_id":null,"in_reply_to_status_id_str":null,"in_reply_to_user_id":null,"in_reply_to_user_id_str":null,"in_reply_to_screen_name":null,"user":{"id":333934002,"id_str":"333934002","name":"米原幸佑","screen_name":"kosk0313","location":"","description":"●舞台「遠い夏のゴッホ」@銀河劇場7.14〜7.23 大阪森ノ宮ピロティーホール7.29〜30 その他詳しくは↓","url":"https://t.co/SZgUCAPbu9","entities":{"url":{"urls":[{"url":"https://t.co/SZgUCAPbu9","expanded_url":"http://www.runandgun.jp/yonehara/","display_url":"runandgun.jp/yonehara/","indices":[0,23]}]},"description":{"urls":[]}},"protected":false,"followers_count":29782,"friends_count":5,"listed_count":1066,"created_at":"Tue Jul 12 09:38:56 +0000 2011","favourites_count":17,"utc_offset":32400,"time_zone":"Tokyo","geo_enabled":false,"verified":false,"statuses_count":5934,"lang":"ja","contributors_enabled":false,"is_translator":false,"is_translation_enabled":false,"profile_background_color":"131516","profile_background_image_url":"http://abs.twimg.com/images/themes/theme14/bg.gif","profile_background_image_url_https":"https://abs.twimg.com/images/themes/theme14/bg.gif","profile_background_tile":true,"profile_image_url":"http://pbs.twimg.com/profile_images/875658444883099650/gdYcCgVf_normal.jpg","profile_image_url_https":"https://pbs.twimg.com/profile_images/875658444883099650/gdYcCgVf_normal.jpg","profile_banner_url":"https://pbs.twimg.com/profile_banners/333934002/1495929036","profile_link_color":"009999","profile_sidebar_border_color":"EEEEEE","profile_sidebar_fill_color":"EFEFEF","profile_text_color":"333333","profile_use_background_image":true,"has_extended_profile":true,"default_profile":false,"default_profile_image":false,"following":false,"follow_request_sent":false,"notifications":false,"translator_type":"none"},"geo":null,"coordinates":null,"place":null,"contributors":null,"is_quote_status":true,"quoted_status_id":882581088735944700,"quoted_status_id_str":"882581088735944710","quoted_status":{"created_at":"Wed Jul 05 12:45:03 +0000 2017","id":882581088735944700,"id_str":"882581088735944710","text":"それにしても僕が歌ってる「circus」と「もしも」がまさかの11位同率でTOP10に入ってなかったのはショックだったなー🤤\n\nもっと心に届くように歌わないとな。","truncated":false,"entities":{"hashtags":[],"symbols":[],"user_mentions":[],"urls":[]},"metadata":{"iso_language_code":"ja","result_type":"recent"},"source":"<a href=\"http://www.echofon.com/\" rel=\"nofollow\">Echofon</a>","in_reply_to_status_id":null,"in_reply_to_status_id_str":null,"in_reply_to_user_id":null,"in_reply_to_user_id_str":null,"in_reply_to_screen_name":null,"user":{"id":402003651,"id_str":"402003651","name":"井澤勇貴","screen_name":"YuukiIzawa","location":"東京都","description":"役者。instagram→ 130yuki","url":"https://t.co/NGqo7vGmTq","entities":{"url":{"urls":[{"url":"https://t.co/NGqo7vGmTq","expanded_url":"http://s.ameblo.jp/avex-izawa/","display_url":"s.ameblo.jp/avex-izawa/","indices":[0,23]}]},"description":{"urls":[]}},"protected":false,"followers_count":38074,"friends_count":52,"listed_count":1782,"created_at":"Mon Oct 31 12:07:38 +0000 2011","favourites_count":2,"utc_offset":null,"time_zone":null,"geo_enabled":false,"verified":true,"statuses_count":15359,"lang":"ja","contributors_enabled":false,"is_translator":false,"is_translation_enabled":false,"profile_background_color":"C0DEED","profile_background_image_url":"http://abs.twimg.com/images/themes/theme1/bg.png","profile_background_image_url_https":"https://abs.twimg.com/images/themes/theme1/bg.png","profile_background_tile":false,"profile_image_url":"http://pbs.twimg.com/profile_images/848115762476662784/7m4MJUo8_normal.jpg","profile_image_url_https":"https://pbs.twimg.com/profile_images/848115762476662784/7m4MJUo8_normal.jpg","profile_banner_url":"https://pbs.twimg.com/profile_banners/402003651/1435505422","profile_link_color":"1DA1F2","profile_sidebar_border_color":"C0DEED","profile_sidebar_fill_color":"DDEEF6","profile_text_color":"333333","profile_use_background_image":true,"has_extended_profile":false,"default_profile":true,"default_profile_image":false,"following":false,"follow_request_sent":false,"notifications":false,"translator_type":"none"},"geo":null,"coordinates":null,"place":null,"contributors":null,"is_quote_status":false,"retweet_count":188,"favorite_count":543,"favorited":false,"retweeted":false,"lang":"ja"},"retweet_count":64,"favorite_count":100,"favorited":false,"retweeted":false,"possibly_sensitive":false,"lang":"ja"},{"created_at":"Wed Jul 05 13:38:22 +0000 2017","id":882594505467191300,"id_str":"882594505467191297","text":"目の前にリア充。\n彼氏が片手で自転車を押しながら彼女と手を繋いで歩いている。\n両手で押した方が自転車が安定しますよ。って教えてあげるのが優しさだよね。","truncated":false,"entities":{"hashtags":[],"symbols":[],"user_mentions":[],"urls":[]},"metadata":{"iso_language_code":"ja","result_type":"recent"},"source":"<a href=\"http://twitter.com/download/iphone\" rel=\"nofollow\">Twitter for iPhone</a>","in_reply_to_status_id":null,"in_reply_to_status_id_str":null,"in_reply_to_user_id":null,"in_reply_to_user_id_str":null,"in_reply_to_screen_name":null,"user":{"id":224959418,"id_str":"224959418","name":"ミオヤマザキ","screen_name":"mio_yamazaki","location":"東京","description":"『殺されてもいいって位に、誰かを愛した事ありますか？』 https://t.co/T2BSfhKOY2 【ニコ動】https://t.co/Ipezv3uqTU 【755】 https://t.co/b4nSi1e6tY","url":"https://t.co/KBlYtwcwtV","entities":{"url":{"urls":[{"url":"https://t.co/KBlYtwcwtV","expanded_url":"http://www.mioyamazaki.jp","display_url":"mioyamazaki.jp","indices":[0,23]}]},"description":{"urls":[{"url":"https://t.co/T2BSfhKOY2","expanded_url":"http://www.mioyamazaki.jp/antithese/","display_url":"mioyamazaki.jp/antithese/","indices":[28,51]},{"url":"https://t.co/Ipezv3uqTU","expanded_url":"http://www.nicovideo.jp/mylist/47221924","display_url":"nicovideo.jp/mylist/47221924","indices":[57,80]},{"url":"https://t.co/b4nSi1e6tY","expanded_url":"https://7gogo.jp/q0u3kYVjkFK_","display_url":"7gogo.jp/q0u3kYVjkFK_","indices":[87,110]}]}},"protected":false,"followers_count":74354,"friends_count":0,"listed_count":592,"created_at":"Fri Dec 10 09:00:00 +0000 2010","favourites_count":30552,"utc_offset":32400,"time_zone":"Tokyo","geo_enabled":false,"verified":true,"statuses_count":48347,"lang":"ja","contributors_enabled":false,"is_translator":false,"is_translation_enabled":false,"profile_background_color":"000000","profile_background_image_url":"http://abs.twimg.com/images/themes/theme1/bg.png","profile_background_image_url_https":"https://abs.twimg.com/images/themes/theme1/bg.png","profile_background_tile":false,"profile_image_url":"http://pbs.twimg.com/profile_images/875987693343186945/Y-4yBv3p_normal.jpg","profile_image_url_https":"https://pbs.twimg.com/profile_images/875987693343186945/Y-4yBv3p_normal.jpg","profile_banner_url":"https://pbs.twimg.com/profile_banners/224959418/1497734887","profile_link_color":"CC0000","profile_sidebar_border_color":"000000","profile_sidebar_fill_color":"000000","profile_text_color":"000000","profile_use_background_image":false,"has_extended_profile":false,"default_profile":false,"default_profile_image":false,"following":false,"follow_request_sent":false,"notifications":false,"translator_type":"none"},"geo":null,"coordinates":null,"place":null,"contributors":null,"is_quote_status":false,"retweet_count":60,"favorite_count":207,"favorited":false,"retweeted":false,"lang":"ja"},{"created_at":"Wed Jul 05 13:38:20 +0000 2017","id":882594498642980900,"id_str":"882594498642980866","text":"【WDTマニアックス】\n再現ドラマのママ役は説教カラオケで説教食らってた人。だから泣くのも2回目。","truncated":false,"entities":{"hashtags":[],"symbols":[],"user_mentions":[],"urls":[]},"metadata":{"iso_language_code":"ja","result_type":"recent"},"source":"<a href=\"http://twitter.com/download/iphone\" rel=\"nofollow\">Twitter for iPhone</a>","in_reply_to_status_id":null,"in_reply_to_status_id_str":null,"in_reply_to_user_id":null,"in_reply_to_user_id_str":null,"in_reply_to_screen_name":null,"user":{"id":105466408,"id_str":"105466408","name":"藤井健太郎","screen_name":"kentaro_fujii","location":"赤坂","description":"テレビ番組作ってます。水曜日のダウンタウン / クイズ☆正解は一年後・芸人キャノンボール / クイズ☆スター名鑑・クイズ☆タレント名鑑・テベ・コンヒーロ 他","url":"https://t.co/jqTukvSuLv","entities":{"url":{"urls":[{"url":"https://t.co/jqTukvSuLv","expanded_url":"https://soundcloud.com/k-f-8","display_url":"soundcloud.com/k-f-8","indices":[0,23]}]},"description":{"urls":[]}},"protected":false,"followers_count":45045,"friends_count":277,"listed_count":537,"created_at":"Sat Jan 16 12:34:07 +0000 2010","favourites_count":0,"utc_offset":32400,"time_zone":"Tokyo","geo_enabled":true,"verified":false,"statuses_count":5814,"lang":"ja","contributors_enabled":false,"is_translator":false,"is_translation_enabled":false,"profile_background_color":"131516","profile_background_image_url":"http://pbs.twimg.com/profile_background_images/249423224/_____.jpg_","profile_background_image_url_https":"https://pbs.twimg.com/profile_background_images/249423224/_____.jpg_","profile_background_tile":true,"profile_image_url":"http://pbs.twimg.com/profile_images/768436730579922945/AkPwM2lR_normal.jpg","profile_image_url_https":"https://pbs.twimg.com/profile_images/768436730579922945/AkPwM2lR_normal.jpg","profile_banner_url":"https://pbs.twimg.com/profile_banners/105466408/1385058588","profile_link_color":"009999","profile_sidebar_border_color":"EEEEEE","profile_sidebar_fill_color":"EFEFEF","profile_text_color":"333333","profile_use_background_image":true,"has_extended_profile":false,"default_profile":false,"default_profile_image":false,"following":false,"follow_request_sent":false,"notifications":false,"translator_type":"none"},"geo":null,"coordinates":null,"place":null,"contributors":null,"is_quote_status":false,"retweet_count":89,"favorite_count":95,"favorited":false,"retweeted":false,"lang":"ja"},{"created_at":"Wed Jul 05 13:38:09 +0000 2017","id":882594450815434800,"id_str":"882594450815434752","text":"【※ギルド参加をお急ぎください！】\n#殺シアム最敵性実験大祭 への参加には、いずれかのキャラで『衝動篇 2章』をクリアし、ギルドに加入する必要があります。\nまた、最初は一部ギルドからマッチングを開始し、順次対象ギルドを増やしていく予定です。詳細はゲーム内お知らせをご確認ください。","truncated":false,"entities":{"hashtags":[{"text":"殺シアム最敵性実験大祭","indices":[18,30]}],"symbols":[],"user_mentions":[],"urls":[]},"metadata":{"iso_language_code":"ja","result_type":"recent"},"source":"<a href=\"http://twitter.com\" rel=\"nofollow\">Twitter Web Client</a>","in_reply_to_status_id":null,"in_reply_to_status_id_str":null,"in_reply_to_user_id":null,"in_reply_to_user_id_str":null,"in_reply_to_screen_name":null,"user":{"id":818752826025181200,"id_str":"818752826025181184","name":"SINoALICE -シノアリス-","screen_name":"sinoalice_jp","location":"","description":"ヨコオタロウ×スクエニ×ポケラボ がおくる新作スマホ向けゲーム #シノアリス 公式Twitterアカウントです。\n◆アプリDLはこちら\n⇒https://t.co/0Bvhhbs0A4\n◆公式LINE@はこちら⇒https://t.co/PMEq2MRxjO","url":"https://t.co/DKtf1B4qVc","entities":{"url":{"urls":[{"url":"https://t.co/DKtf1B4qVc","expanded_url":"http://sinoalice.jp","display_url":"sinoalice.jp","indices":[0,23]}]},"description":{"urls":[{"url":"https://t.co/0Bvhhbs0A4","expanded_url":"https://app.adjust.com/pgmu79","display_url":"app.adjust.com/pgmu79","indices":[69,92]},{"url":"https://t.co/PMEq2MRxjO","expanded_url":"https://line.me/R/ti/p/%40kzc6995v","display_url":"line.me/R/ti/p/%40kzc6…","indices":[106,129]}]}},"protected":false,"followers_count":476960,"friends_count":25,"listed_count":2212,"created_at":"Tue Jan 10 09:34:20 +0000 2017","favourites_count":0,"utc_offset":32400,"time_zone":"Tokyo","geo_enabled":false,"verified":true,"statuses_count":237,"lang":"ja","contributors_enabled":false,"is_translator":false,"is_translation_enabled":false,"profile_background_color":"000000","profile_background_image_url":"http://abs.twimg.com/images/themes/theme1/bg.png","profile_background_image_url_https":"https://abs.twimg.com/images/themes/theme1/bg.png","profile_background_tile":false,"profile_image_url":"http://pbs.twimg.com/profile_images/832048740965851136/FdKSkqlu_normal.jpg","profile_image_url_https":"https://pbs.twimg.com/profile_images/832048740965851136/FdKSkqlu_normal.jpg","profile_banner_url":"https://pbs.twimg.com/profile_banners/818752826025181184/1496718704","profile_link_color":"ABB8C2","profile_sidebar_border_color":"000000","profile_sidebar_fill_color":"000000","profile_text_color":"000000","profile_use_background_image":false,"has_extended_profile":false,"default_profile":false,"default_profile_image":false,"following":false,"follow_request_sent":false,"notifications":false,"translator_type":"none"},"geo":null,"coordinates":null,"place":null,"contributors":null,"is_quote_status":false,"retweet_count":529,"favorite_count":447,"favorited":false,"retweeted":false,"lang":"ja"},{"created_at":"Wed Jul 05 13:38:02 +0000 2017","id":882594420440285200,"id_str":"882594420440285186","text":"東峰村の住民から救助求める通報相次ぐ　福岡 #nhk_news https://t.co/Yh4hl1qa2N","truncated":false,"entities":{"hashtags":[{"text":"nhk_news","indices":[22,31]}],"symbols":[],"user_mentions":[],"urls":[{"url":"https://t.co/Yh4hl1qa2N","expanded_url":"http://www3.nhk.or.jp/news/html/20170705/k10011045131000.html","display_url":"www3.nhk.or.jp/news/html/2017…","indices":[32,55]}]},"metadata":{"iso_language_code":"ja","result_type":"recent"},"source":"<a href=\"http://www.nhk.or.jp/\" rel=\"nofollow\">NHK</a>","in_reply_to_status_id":null,"in_reply_to_status_id_str":null,"in_reply_to_user_id":null,"in_reply_to_user_id_str":null,"in_reply_to_screen_name":null,"user":{"id":204245399,"id_str":"204245399","name":"NHKニュース","screen_name":"nhk_news","location":"東京都渋谷区神南2-2-1","description":"NHKニュースの公式アカウントです。最新のニュースを24時間休みなくお届けします。 http://t.co/Q11WanxIUh をご確認、ご了承ください。問い合わせは http://t.co/QHu5wdeNyR","url":"https://t.co/8JA06ePKUg","entities":{"url":{"urls":[{"url":"https://t.co/8JA06ePKUg","expanded_url":"http://nhk.jp/news","display_url":"nhk.jp/news","indices":[0,23]}]},"description":{"urls":[{"url":"http://t.co/Q11WanxIUh","expanded_url":"http://nhk.jp/rules","display_url":"nhk.jp/rules","indices":[42,64]},{"url":"http://t.co/QHu5wdeNyR","expanded_url":"http://www.nhk.or.jp/css/","display_url":"nhk.or.jp/css/","indices":[85,107]}]}},"protected":false,"followers_count":2295574,"friends_count":15,"listed_count":58495,"created_at":"Mon Oct 18 08:15:29 +0000 2010","favourites_count":0,"utc_offset":32400,"time_zone":"Tokyo","geo_enabled":false,"verified":true,"statuses_count":293852,"lang":"ja","contributors_enabled":false,"is_translator":false,"is_translation_enabled":true,"profile_background_color":"C0DEED","profile_background_image_url":"http://pbs.twimg.com/profile_background_images/828499082087796737/ppZx0TZa.jpg","profile_background_image_url_https":"https://pbs.twimg.com/profile_background_images/828499082087796737/ppZx0TZa.jpg","profile_background_tile":false,"profile_image_url":"http://pbs.twimg.com/profile_images/712261429701713920/mkdC8tNc_normal.jpg","profile_image_url_https":"https://pbs.twimg.com/profile_images/712261429701713920/mkdC8tNc_normal.jpg","profile_banner_url":"https://pbs.twimg.com/profile_banners/204245399/1401946722","profile_link_color":"0084B4","profile_sidebar_border_color":"C0DEED","profile_sidebar_fill_color":"DDEEF6","profile_text_color":"333333","profile_use_background_image":true,"has_extended_profile":false,"default_profile":false,"default_profile_image":false,"following":false,"follow_request_sent":false,"notifications":false,"translator_type":"none"},"geo":null,"coordinates":null,"place":null,"contributors":null,"is_quote_status":false,"retweet_count":67,"favorite_count":13,"favorited":false,"retweeted":false,"possibly_sensitive":false,"lang":"ja"},{"created_at":"Wed Jul 05 13:37:47 +0000 2017","id":882594358649733100,"id_str":"882594358649733122","text":"LIVE最高でした！\nジャケット借りちゃいました^_^ https://t.co/9q968YSHUG","truncated":false,"entities":{"hashtags":[],"symbols":[],"user_mentions":[],"urls":[],"media":[{"id":882594341025230800,"id_str":"882594341025230848","indices":[28,51],"media_url":"http://pbs.twimg.com/media/DD-a4IGUMAAlv_t.jpg","media_url_https":"https://pbs.twimg.com/media/DD-a4IGUMAAlv_t.jpg","url":"https://t.co/9q968YSHUG","display_url":"pic.twitter.com/9q968YSHUG","expanded_url":"https://twitter.com/akiyamayoshihir/status/882594358649733122/photo/1","type":"photo","sizes":{"small":{"w":680,"h":680,"resize":"fit"},"large":{"w":2048,"h":2048,"resize":"fit"},"thumb":{"w":150,"h":150,"resize":"crop"},"medium":{"w":1200,"h":1200,"resize":"fit"}}}]},"extended_entities":{"media":[{"id":882594341025230800,"id_str":"882594341025230848","indices":[28,51],"media_url":"http://pbs.twimg.com/media/DD-a4IGUMAAlv_t.jpg","media_url_https":"https://pbs.twimg.com/media/DD-a4IGUMAAlv_t.jpg","url":"https://t.co/9q968YSHUG","display_url":"pic.twitter.com/9q968YSHUG","expanded_url":"https://twitter.com/akiyamayoshihir/status/882594358649733122/photo/1","type":"photo","sizes":{"small":{"w":680,"h":680,"resize":"fit"},"large":{"w":2048,"h":2048,"resize":"fit"},"thumb":{"w":150,"h":150,"resize":"crop"},"medium":{"w":1200,"h":1200,"resize":"fit"}}}]},"metadata":{"iso_language_code":"ja","result_type":"recent"},"source":"<a href=\"http://twitter.com/download/iphone\" rel=\"nofollow\">Twitter for iPhone</a>","in_reply_to_status_id":null,"in_reply_to_status_id_str":null,"in_reply_to_user_id":null,"in_reply_to_user_id_str":null,"in_reply_to_screen_name":null,"user":{"id":135510432,"id_str":"135510432","name":"秋山　成勲 추 성훈","screen_name":"akiyamayoshihir","location":"OSAKA  TOKYO  KOREA","description":"格闘技などやってます！추 성훈 (choo sunghoon) チャイルドボディーセラピスト資格取得 Instagram https://t.co/3H67ug0NEM","url":"https://t.co/D7c7txk4R2","entities":{"url":{"urls":[{"url":"https://t.co/D7c7txk4R2","expanded_url":"http://ameblo.jp/yoshihiro-akiyama/","display_url":"ameblo.jp/yoshihiro-akiy…","indices":[0,23]}]},"description":{"urls":[{"url":"https://t.co/3H67ug0NEM","expanded_url":"https://Instagram.com/akiyamachoo/","display_url":"Instagram.com/akiyamachoo/","indices":[61,84]}]}},"protected":false,"followers_count":96738,"friends_count":220,"listed_count":1380,"created_at":"Wed Apr 21 14:13:38 +0000 2010","favourites_count":279,"utc_offset":null,"time_zone":null,"geo_enabled":true,"verified":true,"statuses_count":7677,"lang":"ja","contributors_enabled":false,"is_translator":false,"is_translation_enabled":false,"profile_background_color":"C0DEED","profile_background_image_url":"http://abs.twimg.com/images/themes/theme1/bg.png","profile_background_image_url_https":"https://abs.twimg.com/images/themes/theme1/bg.png","profile_background_tile":false,"profile_image_url":"http://pbs.twimg.com/profile_images/878809279557271552/H6XDlz52_normal.jpg","profile_image_url_https":"https://pbs.twimg.com/profile_images/878809279557271552/H6XDlz52_normal.jpg","profile_link_color":"1DA1F2","profile_sidebar_border_color":"C0DEED","profile_sidebar_fill_color":"DDEEF6","profile_text_color":"333333","profile_use_background_image":true,"has_extended_profile":false,"default_profile":true,"default_profile_image":false,"following":false,"follow_request_sent":false,"notifications":false,"translator_type":"none"},"geo":null,"coordinates":null,"place":null,"contributors":null,"is_quote_status":false,"retweet_count":70,"favorite_count":118,"favorited":false,"retweeted":false,"possibly_sensitive":false,"lang":"ja"},{"created_at":"Wed Jul 05 13:37:43 +0000 2017","id":882594342715572200,"id_str":"882594342715572225","text":"舞台MOJO🤠\n\n最高にカッコよかったです🙌🏻🔥\n\nTAKAHIROさん千秋楽まで身体に気をつけて頑張ってください✨\n\n#mojo https://t.co/7bcWN3zj3y","truncated":false,"entities":{"hashtags":[{"text":"mojo","indices":[60,65]}],"symbols":[],"user_mentions":[],"urls":[],"media":[{"id":882594333467197400,"id_str":"882594333467197444","indices":[66,89],"media_url":"http://pbs.twimg.com/media/DD-a3r8VwAQ8I_6.jpg","media_url_https":"https://pbs.twimg.com/media/DD-a3r8VwAQ8I_6.jpg","url":"https://t.co/7bcWN3zj3y","display_url":"pic.twitter.com/7bcWN3zj3y","expanded_url":"https://twitter.com/T_IWATA_EX_3JSB/status/882594342715572225/photo/1","type":"photo","sizes":{"thumb":{"w":150,"h":150,"resize":"crop"},"medium":{"w":1200,"h":900,"resize":"fit"},"small":{"w":680,"h":510,"resize":"fit"},"large":{"w":1478,"h":1108,"resize":"fit"}}}]},"extended_entities":{"media":[{"id":882594333467197400,"id_str":"882594333467197444","indices":[66,89],"media_url":"http://pbs.twimg.com/media/DD-a3r8VwAQ8I_6.jpg","media_url_https":"https://pbs.twimg.com/media/DD-a3r8VwAQ8I_6.jpg","url":"https://t.co/7bcWN3zj3y","display_url":"pic.twitter.com/7bcWN3zj3y","expanded_url":"https://twitter.com/T_IWATA_EX_3JSB/status/882594342715572225/photo/1","type":"photo","sizes":{"thumb":{"w":150,"h":150,"resize":"crop"},"medium":{"w":1200,"h":900,"resize":"fit"},"small":{"w":680,"h":510,"resize":"fit"},"large":{"w":1478,"h":1108,"resize":"fit"}}}]},"metadata":{"iso_language_code":"ja","result_type":"recent"},"source":"<a href=\"http://twitter.com/download/iphone\" rel=\"nofollow\">Twitter for iPhone</a>","in_reply_to_status_id":null,"in_reply_to_status_id_str":null,"in_reply_to_user_id":null,"in_reply_to_user_id_str":null,"in_reply_to_screen_name":null,"user":{"id":3836540300,"id_str":"3836540300","name":"Takanori Iwata","screen_name":"T_IWATA_EX_3JSB","location":"Tokyo, JAPAN","description":"岩田剛典 (Dancer/Actor/a member of ‘EXILE’ and ‘The 3rd J Soul Brothers’ in Japan.)","url":"https://t.co/tIwDJnf60E","entities":{"url":{"urls":[{"url":"https://t.co/tIwDJnf60E","expanded_url":"https://m.youtube.com/watch?v=vS7-JPj8V-Q","display_url":"m.youtube.com/watch?v=vS7-JP…","indices":[0,23]}]},"description":{"urls":[]}},"protected":false,"followers_count":1565698,"friends_count":137,"listed_count":2586,"created_at":"Fri Oct 09 12:58:54 +0000 2015","favourites_count":136,"utc_offset":-25200,"time_zone":"Pacific Time (US & Canada)","geo_enabled":true,"verified":true,"statuses_count":875,"lang":"ja","contributors_enabled":false,"is_translator":false,"is_translation_enabled":false,"profile_background_color":"C0DEED","profile_background_image_url":"http://abs.twimg.com/images/themes/theme1/bg.png","profile_background_image_url_https":"https://abs.twimg.com/images/themes/theme1/bg.png","profile_background_tile":false,"profile_image_url":"http://pbs.twimg.com/profile_images/847859713119105024/5o620jiE_normal.jpg","profile_image_url_https":"https://pbs.twimg.com/profile_images/847859713119105024/5o620jiE_normal.jpg","profile_banner_url":"https://pbs.twimg.com/profile_banners/3836540300/1489420755","profile_link_color":"1DA1F2","profile_sidebar_border_color":"C0DEED","profile_sidebar_fill_color":"DDEEF6","profile_text_color":"333333","profile_use_background_image":true,"has_extended_profile":false,"default_profile":true,"default_profile_image":false,"following":false,"follow_request_sent":false,"notifications":false,"translator_type":"none"},"geo":null,"coordinates":null,"place":null,"contributors":null,"is_quote_status":false,"retweet_count":2314,"favorite_count":9661,"favorited":false,"retweeted":false,"possibly_sensitive":false,"lang":"ja"},{"created_at":"Wed Jul 05 13:37:40 +0000 2017","id":882594329641996300,"id_str":"882594329641996288","text":"九州北部の大雨，福岡県朝倉では今日5日9時〜22時で合計513.5mmの降水を観測．7月の総降水量の平年値は354.1mmですが，これを遥かに超える雨がわずか半日で降っています．大雨はまだ続きます．避難を完了された方，油断禁物です… https://t.co/YOpXMSvqgw","truncated":true,"entities":{"hashtags":[],"symbols":[],"user_mentions":[],"urls":[{"url":"https://t.co/YOpXMSvqgw","expanded_url":"https://twitter.com/i/web/status/882594329641996288","display_url":"twitter.com/i/web/status/8…","indices":[117,140]}]},"metadata":{"iso_language_code":"ja","result_type":"recent"},"source":"<a href=\"http://twitter.com/download/iphone\" rel=\"nofollow\">Twitter for iPhone</a>","in_reply_to_status_id":null,"in_reply_to_status_id_str":null,"in_reply_to_user_id":null,"in_reply_to_user_id_str":null,"in_reply_to_screen_name":null,"user":{"id":2533292042,"id_str":"2533292042","name":"荒木健太郎","screen_name":"arakencloud","location":"Tsukuba, Ibaraki, Japan","description":"雲研究者．気象庁気象研究所研究官．防災・減災を目標に，豪雨・豪雪・竜巻などをもたらす雲の仕組みを研究してます．著書「雲の中では何が起こっているのか」https://t.co/GDsivPgD9E まとめ「艦これ気象学」「地震雲を不安に思う方へ」https://t.co/SruFKgdnWB #関東雪結晶 発信は個人の見解です","url":"https://t.co/iHUdX2815e","entities":{"url":{"urls":[{"url":"https://t.co/iHUdX2815e","expanded_url":"http://www.mri-jma.go.jp/Dep/fo/fo3/araki/","display_url":"mri-jma.go.jp/Dep/fo/fo3/ara…","indices":[0,23]}]},"description":{"urls":[{"url":"https://t.co/GDsivPgD9E","expanded_url":"http://goo.gl/8XhjCf","display_url":"goo.gl/8XhjCf","indices":[74,97]},{"url":"https://t.co/SruFKgdnWB","expanded_url":"http://goo.gl/wKafS6","display_url":"goo.gl/wKafS6","indices":[122,145]}]}},"protected":false,"followers_count":28963,"friends_count":261,"listed_count":819,"created_at":"Thu May 29 19:51:40 +0000 2014","favourites_count":25617,"utc_offset":null,"time_zone":null,"geo_enabled":true,"verified":false,"statuses_count":5833,"lang":"ja","contributors_enabled":false,"is_translator":false,"is_translation_enabled":false,"profile_background_color":"C0DEED","profile_background_image_url":"http://pbs.twimg.com/profile_background_images/472113021926404097/dKYoqIyg.jpeg","profile_background_image_url_https":"https://pbs.twimg.com/profile_background_images/472113021926404097/dKYoqIyg.jpeg","profile_background_tile":true,"profile_image_url":"http://pbs.twimg.com/profile_images/750407308140638210/aWCDTJdT_normal.jpg","profile_image_url_https":"https://pbs.twimg.com/profile_images/750407308140638210/aWCDTJdT_normal.jpg","profile_banner_url":"https://pbs.twimg.com/profile_banners/2533292042/1498824427","profile_link_color":"0084B4","profile_sidebar_border_color":"FFFFFF","profile_sidebar_fill_color":"DDEEF6","profile_text_color":"333333","profile_use_background_image":true,"has_extended_profile":true,"default_profile":false,"default_profile_image":false,"following":false,"follow_request_sent":false,"notifications":false,"translator_type":"none"},"geo":null,"coordinates":null,"place":null,"contributors":null,"is_quote_status":false,"retweet_count":66,"favorite_count":21,"favorited":false,"retweeted":false,"possibly_sensitive":false,"lang":"ja"},{"created_at":"Wed Jul 05 13:37:32 +0000 2017","id":882594293604417500,"id_str":"882594293604417536","text":"初日を無事に迎えました✨✨\n平日のお忙しい中、会場まで足を運んでくださりありがとうございました！\nまだまだ上を目指していくので、是非観にいらしてくださいねっ😊♪\n\n反省点や悩むところはまだあるけれど、とりあえず自分に…お疲れさまっ… https://t.co/cbAIrnQKul","truncated":true,"entities":{"hashtags":[],"symbols":[],"user_mentions":[],"urls":[{"url":"https://t.co/cbAIrnQKul","expanded_url":"https://twitter.com/i/web/status/882594293604417536","display_url":"twitter.com/i/web/status/8…","indices":[117,140]}]},"metadata":{"iso_language_code":"ja","result_type":"recent"},"source":"<a href=\"http://twitter.com/download/iphone\" rel=\"nofollow\">Twitter for iPhone</a>","in_reply_to_status_id":null,"in_reply_to_status_id_str":null,"in_reply_to_user_id":null,"in_reply_to_user_id_str":null,"in_reply_to_screen_name":null,"user":{"id":1419890600,"id_str":"1419890600","name":"伊藤  彩沙 (いとう あやさ)","screen_name":"ayasa_ito","location":"東京⇄京都","description":"声優です 〇バンドリ: 市ヶ谷有咲 〇ミルキィホームズフェザーズ:明神川アリス〇めがみめぐり: ツクモ ○ヴァンガードG:弥富サヤ ○アヤユカ ○レヴュー・スタァライト:花柳香子 9/22〜24 インスタ→ https://t.co/8ckbMbskPs 宝塚とアイドルと甘いもの","url":"https://t.co/4PGOrgSaAw","entities":{"url":{"urls":[{"url":"https://t.co/4PGOrgSaAw","expanded_url":"http://s.ameblo.jp/ito-ayasa/","display_url":"s.ameblo.jp/ito-ayasa/","indices":[0,23]}]},"description":{"urls":[{"url":"https://t.co/8ckbMbskPs","expanded_url":"https://www.instagram.com/ayasacream/","display_url":"instagram.com/ayasacream/","indices":[104,127]}]}},"protected":false,"followers_count":59896,"friends_count":335,"listed_count":1971,"created_at":"Sat May 11 05:59:43 +0000 2013","favourites_count":3596,"utc_offset":-25200,"time_zone":"Pacific Time (US & Canada)","geo_enabled":false,"verified":false,"statuses_count":7973,"lang":"ja","contributors_enabled":false,"is_translator":false,"is_translation_enabled":false,"profile_background_color":"C0DEED","profile_background_image_url":"http://abs.twimg.com/images/themes/theme1/bg.png","profile_background_image_url_https":"https://abs.twimg.com/images/themes/theme1/bg.png","profile_background_tile":false,"profile_image_url":"http://pbs.twimg.com/profile_images/871025572188626944/nbKgfCua_normal.jpg","profile_image_url_https":"https://pbs.twimg.com/profile_images/871025572188626944/nbKgfCua_normal.jpg","profile_banner_url":"https://pbs.twimg.com/profile_banners/1419890600/1497508788","profile_link_color":"1DA1F2","profile_sidebar_border_color":"C0DEED","profile_sidebar_fill_color":"DDEEF6","profile_text_color":"333333","profile_use_background_image":true,"has_extended_profile":false,"default_profile":true,"default_profile_image":false,"following":false,"follow_request_sent":false,"notifications":false,"translator_type":"none"},"geo":null,"coordinates":null,"place":null,"contributors":null,"is_quote_status":false,"retweet_count":52,"favorite_count":153,"favorited":false,"retweeted":false,"possibly_sensitive":false,"lang":"ja"},{"created_at":"Wed Jul 05 13:37:17 +0000 2017","id":882594232862556200,"id_str":"882594232862556161","text":"錦戸亮ちゃん本人が撮影したいわしトルネード https://t.co/FN37NJCUt6","truncated":false,"entities":{"hashtags":[],"symbols":[],"user_mentions":[],"urls":[],"media":[{"id":882593993242034200,"id_str":"882593993242034176","indices":[22,45],"media_url":"http://pbs.twimg.com/ext_tw_video_thumb/882593993242034176/pu/img/pl7LSqfuovc5aWIV.jpg","media_url_https":"https://pbs.twimg.com/ext_tw_video_thumb/882593993242034176/pu/img/pl7LSqfuovc5aWIV.jpg","url":"https://t.co/FN37NJCUt6","display_url":"pic.twitter.com/FN37NJCUt6","expanded_url":"https://twitter.com/ke8574/status/882594232862556161/video/1","type":"photo","sizes":{"small":{"w":340,"h":191,"resize":"fit"},"thumb":{"w":150,"h":150,"resize":"crop"},"medium":{"w":600,"h":338,"resize":"fit"},"large":{"w":1024,"h":576,"resize":"fit"}}}]},"extended_entities":{"media":[{"id":882593993242034200,"id_str":"882593993242034176","indices":[22,45],"media_url":"http://pbs.twimg.com/ext_tw_video_thumb/882593993242034176/pu/img/pl7LSqfuovc5aWIV.jpg","media_url_https":"https://pbs.twimg.com/ext_tw_video_thumb/882593993242034176/pu/img/pl7LSqfuovc5aWIV.jpg","url":"https://t.co/FN37NJCUt6","display_url":"pic.twitter.com/FN37NJCUt6","expanded_url":"https://twitter.com/ke8574/status/882594232862556161/video/1","type":"video","sizes":{"small":{"w":340,"h":191,"resize":"fit"},"thumb":{"w":150,"h":150,"resize":"crop"},"medium":{"w":600,"h":338,"resize":"fit"},"large":{"w":1024,"h":576,"resize":"fit"}},"video_info":{"aspect_ratio":[16,9],"duration_millis":25484,"variants":[{"bitrate":2176000,"content_type":"video/mp4","url":"https://video.twimg.com/ext_tw_video/882593993242034176/pu/vid/1280x720/kHG0FBSyRsPVSaDz.mp4"},{"bitrate":832000,"content_type":"video/mp4","url":"https://video.twimg.com/ext_tw_video/882593993242034176/pu/vid/640x360/aM4z5FLGcA4hEbzH.mp4"},{"content_type":"application/x-mpegURL","url":"https://video.twimg.com/ext_tw_video/882593993242034176/pu/pl/aeOq8_PFa8Q07vWe.m3u8"},{"bitrate":320000,"content_type":"video/mp4","url":"https://video.twimg.com/ext_tw_video/882593993242034176/pu/vid/320x180/4nbqi-bwd9mGwjJ5.mp4"}]},"additional_media_info":{"monetizable":false}}]},"metadata":{"iso_language_code":"ja","result_type":"recent"},"source":"<a href=\"http://twitter.com/download/iphone\" rel=\"nofollow\">Twitter for iPhone</a>","in_reply_to_status_id":null,"in_reply_to_status_id_str":null,"in_reply_to_user_id":null,"in_reply_to_user_id_str":null,"in_reply_to_screen_name":null,"user":{"id":310086897,"id_str":"310086897","name":"椎名","screen_name":"ke8574","location":"","description":"90年/大倉担。人により程度は異なりますが、その計画により関ジャニ∞への依存が生じます。実況(ネタバレ注意)多め。Mr.Children/娘。/椎名林檎さん/キュウソネコカミ/SHISHAMO。TLを追いきれないためフォロバはお休みしています。","url":null,"entities":{"description":{"urls":[]}},"protected":false,"followers_count":89137,"friends_count":149,"listed_count":666,"created_at":"Fri Jun 03 05:16:44 +0000 2011","favourites_count":1956,"utc_offset":32400,"time_zone":"Tokyo","geo_enabled":false,"verified":false,"statuses_count":42634,"lang":"ja","contributors_enabled":false,"is_translator":false,"is_translation_enabled":false,"profile_background_color":"C0DEED","profile_background_image_url":"http://abs.twimg.com/images/themes/theme1/bg.png","profile_background_image_url_https":"https://abs.twimg.com/images/themes/theme1/bg.png","profile_background_tile":false,"profile_image_url":"http://pbs.twimg.com/profile_images/2640210159/7026661ebada91bb86f392f1832d71b9_normal.jpeg","profile_image_url_https":"https://pbs.twimg.com/profile_images/2640210159/7026661ebada91bb86f392f1832d71b9_normal.jpeg","profile_banner_url":"https://pbs.twimg.com/profile_banners/310086897/1497027005","profile_link_color":"1DA1F2","profile_sidebar_border_color":"C0DEED","profile_sidebar_fill_color":"DDEEF6","profile_text_color":"333333","profile_use_background_image":true,"has_extended_profile":false,"default_profile":true,"default_profile_image":false,"following":false,"follow_request_sent":false,"notifications":false,"translator_type":"none"},"geo":null,"coordinates":null,"place":null,"contributors":null,"is_quote_status":false,"retweet_count":102,"favorite_count":393,"favorited":false,"retweeted":false,"possibly_sensitive":false,"lang":"ja"},{"created_at":"Wed Jul 05 13:37:16 +0000 2017","id":882594230325043200,"id_str":"882594230325043204","text":"ユリちゃそ #ビキニの日 https://t.co/0PObofVWw6","truncated":false,"entities":{"hashtags":[{"text":"ビキニの日","indices":[6,12]}],"symbols":[],"user_mentions":[],"urls":[],"media":[{"id":882592701761245200,"id_str":"882592701761245185","indices":[13,36],"media_url":"http://pbs.twimg.com/media/DD-ZYtXU0AEUw6J.jpg","media_url_https":"https://pbs.twimg.com/media/DD-ZYtXU0AEUw6J.jpg","url":"https://t.co/0PObofVWw6","display_url":"pic.twitter.com/0PObofVWw6","expanded_url":"https://twitter.com/_P_i_y_o_/status/882594230325043204/photo/1","type":"photo","sizes":{"thumb":{"w":150,"h":150,"resize":"crop"},"large":{"w":1138,"h":2048,"resize":"fit"},"medium":{"w":667,"h":1200,"resize":"fit"},"small":{"w":378,"h":680,"resize":"fit"}}}]},"extended_entities":{"media":[{"id":882592701761245200,"id_str":"882592701761245185","indices":[13,36],"media_url":"http://pbs.twimg.com/media/DD-ZYtXU0AEUw6J.jpg","media_url_https":"https://pbs.twimg.com/media/DD-ZYtXU0AEUw6J.jpg","url":"https://t.co/0PObofVWw6","display_url":"pic.twitter.com/0PObofVWw6","expanded_url":"https://twitter.com/_P_i_y_o_/status/882594230325043204/photo/1","type":"photo","sizes":{"thumb":{"w":150,"h":150,"resize":"crop"},"large":{"w":1138,"h":2048,"resize":"fit"},"medium":{"w":667,"h":1200,"resize":"fit"},"small":{"w":378,"h":680,"resize":"fit"}}},{"id":882593074454581200,"id_str":"882593074454581248","indices":[13,36],"media_url":"http://pbs.twimg.com/media/DD-ZuZwV0AA_uK5.jpg","media_url_https":"https://pbs.twimg.com/media/DD-ZuZwV0AA_uK5.jpg","url":"https://t.co/0PObofVWw6","display_url":"pic.twitter.com/0PObofVWw6","expanded_url":"https://twitter.com/_P_i_y_o_/status/882594230325043204/photo/1","type":"photo","sizes":{"medium":{"w":847,"h":1200,"resize":"fit"},"small":{"w":480,"h":680,"resize":"fit"},"thumb":{"w":150,"h":150,"resize":"crop"},"large":{"w":1446,"h":2048,"resize":"fit"}}}]},"metadata":{"iso_language_code":"ja","result_type":"recent"},"source":"<a href=\"http://twitter.com\" rel=\"nofollow\">Twitter Web Client</a>","in_reply_to_status_id":null,"in_reply_to_status_id_str":null,"in_reply_to_user_id":null,"in_reply_to_user_id_str":null,"in_reply_to_screen_name":null,"user":{"id":126475980,"id_str":"126475980","name":"Ｐｉｙｏ௵てーきゅう14巻8/10日！","screen_name":"_P_i_y_o_","location":"","description":"漫画「てーきゅう」の絵を描いてるほうです( ´◡` )  / てーきゅう最新話はこちら→https://t.co/tC5LfLzzzK","url":"https://t.co/khjWv03buc","entities":{"url":{"urls":[{"url":"https://t.co/khjWv03buc","expanded_url":"http://pixiv.me/piyo460","display_url":"pixiv.me/piyo460","indices":[0,23]}]},"description":{"urls":[{"url":"https://t.co/tC5LfLzzzK","expanded_url":"http://comic-earthstar.jp/detail/tekyu/","display_url":"comic-earthstar.jp/detail/tekyu/","indices":[44,67]}]}},"protected":false,"followers_count":6390,"friends_count":3495,"listed_count":152,"created_at":"Fri Mar 26 00:30:05 +0000 2010","favourites_count":134,"utc_offset":-36000,"time_zone":"Hawaii","geo_enabled":false,"verified":false,"statuses_count":4507,"lang":"ja","contributors_enabled":false,"is_translator":false,"is_translation_enabled":false,"profile_background_color":"EBEBEB","profile_background_image_url":"http://pbs.twimg.com/profile_background_images/378800000016086561/5a8b34d985e706a672f25dab5e55cd6e.jpeg","profile_background_image_url_https":"https://pbs.twimg.com/profile_background_images/378800000016086561/5a8b34d985e706a672f25dab5e55cd6e.jpeg","profile_background_tile":false,"profile_image_url":"http://pbs.twimg.com/profile_images/428538231651459072/j9UFRz1A_normal.jpeg","profile_image_url_https":"https://pbs.twimg.com/profile_images/428538231651459072/j9UFRz1A_normal.jpeg","profile_banner_url":"https://pbs.twimg.com/profile_banners/126475980/1491055771","profile_link_color":"D13EC7","profile_sidebar_border_color":"FFFFFF","profile_sidebar_fill_color":"F3F3F3","profile_text_color":"333333","profile_use_background_image":true,"has_extended_profile":true,"default_profile":false,"default_profile_image":false,"following":false,"follow_request_sent":false,"notifications":false,"translator_type":"none"},"geo":null,"coordinates":null,"place":null,"contributors":null,"is_quote_status":false,"retweet_count":64,"favorite_count":108,"favorited":false,"retweeted":false,"possibly_sensitive":false,"lang":"ja"},{"created_at":"Wed Jul 05 13:37:12 +0000 2017","id":882594212222390300,"id_str":"882594212222390272","text":"代表：【結果速報】#FIBAU19　16ラウンド\n\n🏀試合終了\n日本🇯🇵(#JPN) ● 55-57 ○ イタリア🇮🇹(#ITA)\n💻https://t.co/1Dorff43y6 \n\n残り2.4秒で追いつくが大接戦をものに出来ず… https://t.co/AEO9ppxNhB","truncated":true,"entities":{"hashtags":[{"text":"FIBAU19","indices":[9,17]},{"text":"JPN","indices":[37,41]},{"text":"ITA","indices":[60,64]}],"symbols":[],"user_mentions":[],"urls":[{"url":"https://t.co/1Dorff43y6","expanded_url":"http://www.fiba.com/world/u19/2017/0507/Japan-Italy","display_url":"fiba.com/world/u19/2017…","indices":[67,90]},{"url":"https://t.co/AEO9ppxNhB","expanded_url":"https://twitter.com/i/web/status/882594212222390272","display_url":"twitter.com/i/web/status/8…","indices":[117,140]}]},"metadata":{"iso_language_code":"ja","result_type":"recent"},"source":"<a href=\"http://twitter.com\" rel=\"nofollow\">Twitter Web Client</a>","in_reply_to_status_id":null,"in_reply_to_status_id_str":null,"in_reply_to_user_id":null,"in_reply_to_user_id_str":null,"in_reply_to_screen_name":null,"user":{"id":157114892,"id_str":"157114892","name":"日本バスケットボール協会(JBA)","screen_name":"JAPANBASKETBALL","location":"日本 東京","description":"公益財団法人日本バスケットボール協会(JBA)の公式アカウントです。日本代表 #AkatsukiFive の活動をはじめ、国内外の大会等の情報を発信していきます。","url":"https://t.co/upl2Jhkhjj","entities":{"url":{"urls":[{"url":"https://t.co/upl2Jhkhjj","expanded_url":"http://www.japanbasketball.jp/","display_url":"japanbasketball.jp","indices":[0,23]}]},"description":{"urls":[]}},"protected":false,"followers_count":106365,"friends_count":140,"listed_count":872,"created_at":"Fri Jun 18 22:27:15 +0000 2010","favourites_count":0,"utc_offset":32400,"time_zone":"Tokyo","geo_enabled":false,"verified":true,"statuses_count":13556,"lang":"ja","contributors_enabled":false,"is_translator":false,"is_translation_enabled":false,"profile_background_color":"FFFFFF","profile_background_image_url":"http://pbs.twimg.com/profile_background_images/344918034408148683/2adb648390d77cc2f2df1adc172e092d.jpeg","profile_background_image_url_https":"https://pbs.twimg.com/profile_background_images/344918034408148683/2adb648390d77cc2f2df1adc172e092d.jpeg","profile_background_tile":true,"profile_image_url":"http://pbs.twimg.com/profile_images/746693164543549442/NMiwUlwY_normal.jpg","profile_image_url_https":"https://pbs.twimg.com/profile_images/746693164543549442/NMiwUlwY_normal.jpg","profile_banner_url":"https://pbs.twimg.com/profile_banners/157114892/1474561316","profile_link_color":"E81C4F","profile_sidebar_border_color":"FFFFFF","profile_sidebar_fill_color":"FCFCFC","profile_text_color":"333333","profile_use_background_image":true,"has_extended_profile":false,"default_profile":false,"default_profile_image":false,"following":false,"follow_request_sent":false,"notifications":false,"translator_type":"none"},"geo":null,"coordinates":null,"place":null,"contributors":null,"is_quote_status":false,"retweet_count":133,"favorite_count":179,"favorited":false,"retweeted":false,"possibly_sensitive":false,"lang":"ja"},{"created_at":"Wed Jul 05 13:36:59 +0000 2017","id":882594156236881900,"id_str":"882594156236881920","text":"ふくおかのほうがいまあめがやばいってききましたか #mygirl  そしてみんなだいじょぶですか？しんぱいでもーいのってます！！ きをつけてくださいね！！","truncated":false,"entities":{"hashtags":[{"text":"mygirl","indices":[25,32]}],"symbols":[],"user_mentions":[],"urls":[]},"metadata":{"iso_language_code":"ja","result_type":"recent"},"source":"<a href=\"http://twitter.com/download/iphone\" rel=\"nofollow\">Twitter for iPhone</a>","in_reply_to_status_id":null,"in_reply_to_status_id_str":null,"in_reply_to_user_id":null,"in_reply_to_user_id_str":null,"in_reply_to_screen_name":null,"user":{"id":1482148992,"id_str":"1482148992","name":"인수","screen_name":"k10208888","location":"항상 마이걸 마음 🎗","description":"마이걸 받아라 #MyGirl #Myname #인수마일 #ALIVE","url":"https://t.co/EzIy4tWouG","entities":{"url":{"urls":[{"url":"https://t.co/EzIy4tWouG","expanded_url":"http://Instagram.com/insoo_casper","display_url":"Instagram.com/insoo_casper","indices":[0,23]}]},"description":{"urls":[]}},"protected":false,"followers_count":62256,"friends_count":29,"listed_count":590,"created_at":"Tue Jun 04 12:32:35 +0000 2013","favourites_count":655,"utc_offset":32400,"time_zone":"Seoul","geo_enabled":false,"verified":true,"statuses_count":12167,"lang":"ko","contributors_enabled":false,"is_translator":false,"is_translation_enabled":false,"profile_background_color":"C0DEED","profile_background_image_url":"http://abs.twimg.com/images/themes/theme1/bg.png","profile_background_image_url_https":"https://abs.twimg.com/images/themes/theme1/bg.png","profile_background_tile":false,"profile_image_url":"http://pbs.twimg.com/profile_images/853747728010010625/-rKDF37V_normal.jpg","profile_image_url_https":"https://pbs.twimg.com/profile_images/853747728010010625/-rKDF37V_normal.jpg","profile_banner_url":"https://pbs.twimg.com/profile_banners/1482148992/1492268814","profile_link_color":"1DA1F2","profile_sidebar_border_color":"C0DEED","profile_sidebar_fill_color":"DDEEF6","profile_text_color":"333333","profile_use_background_image":true,"has_extended_profile":true,"default_profile":true,"default_profile_image":false,"following":false,"follow_request_sent":false,"notifications":false,"translator_type":"none"},"geo":null,"coordinates":null,"place":null,"contributors":null,"is_quote_status":false,"retweet_count":72,"favorite_count":153,"favorited":false,"retweeted":false,"lang":"ja"},{"created_at":"Wed Jul 05 13:36:47 +0000 2017","id":882594108073582600,"id_str":"882594108073582592","text":"岩田剛典 Instagram ストーリー\nhttps://t.co/J5uCswtsa1 https://t.co/KCAodz1fJw","truncated":false,"entities":{"hashtags":[],"symbols":[],"user_mentions":[],"urls":[{"url":"https://t.co/J5uCswtsa1","expanded_url":"http://instagram.com/takanori_iwata_official","display_url":"instagram.com/takanori_iwata…","indices":[21,44]}],"media":[{"id":882594096195354600,"id_str":"882594096195354626","indices":[45,68],"media_url":"http://pbs.twimg.com/media/DD-ap4CUwAI8-d5.jpg","media_url_https":"https://pbs.twimg.com/media/DD-ap4CUwAI8-d5.jpg","url":"https://t.co/KCAodz1fJw","display_url":"pic.twitter.com/KCAodz1fJw","expanded_url":"https://twitter.com/exile_news__/status/882594108073582592/photo/1","type":"photo","sizes":{"medium":{"w":675,"h":1200,"resize":"fit"},"thumb":{"w":150,"h":150,"resize":"crop"},"large":{"w":1080,"h":1921,"resize":"fit"},"small":{"w":382,"h":680,"resize":"fit"}}}]},"extended_entities":{"media":[{"id":882594096195354600,"id_str":"882594096195354626","indices":[45,68],"media_url":"http://pbs.twimg.com/media/DD-ap4CUwAI8-d5.jpg","media_url_https":"https://pbs.twimg.com/media/DD-ap4CUwAI8-d5.jpg","url":"https://t.co/KCAodz1fJw","display_url":"pic.twitter.com/KCAodz1fJw","expanded_url":"https://twitter.com/exile_news__/status/882594108073582592/photo/1","type":"photo","sizes":{"medium":{"w":675,"h":1200,"resize":"fit"},"thumb":{"w":150,"h":150,"resize":"crop"},"large":{"w":1080,"h":1921,"resize":"fit"},"small":{"w":382,"h":680,"resize":"fit"}}},{"id":882594096199508000,"id_str":"882594096199507970","indices":[45,68],"media_url":"http://pbs.twimg.com/media/DD-ap4DUIAImZZt.jpg","media_url_https":"https://pbs.twimg.com/media/DD-ap4DUIAImZZt.jpg","url":"https://t.co/KCAodz1fJw","display_url":"pic.twitter.com/KCAodz1fJw","expanded_url":"https://twitter.com/exile_news__/status/882594108073582592/photo/1","type":"photo","sizes":{"thumb":{"w":150,"h":150,"resize":"crop"},"small":{"w":382,"h":680,"resize":"fit"},"medium":{"w":675,"h":1200,"resize":"fit"},"large":{"w":1080,"h":1921,"resize":"fit"}}}]},"metadata":{"iso_language_code":"ja","result_type":"recent"},"source":"<a href=\"http://twitter.com/download/iphone\" rel=\"nofollow\">Twitter for iPhone</a>","in_reply_to_status_id":null,"in_reply_to_status_id_str":null,"in_reply_to_user_id":null,"in_reply_to_user_id_str":null,"in_reply_to_screen_name":null,"user":{"id":837539383708287000,"id_str":"837539383708286978","name":"【新垢】EXILE TRIBE 最新情報","screen_name":"exile_news__","location":"","description":"EXILE / 三代目J Soul Brothers / GENERATIONS / EXILE TRIBE / 劇団EXILE / E.G. family / LDH / 最新情報配信アカウント! unofficial ! フォロー🙏 問い合わせ&要望&情報提供はリプ.DMからお願いします🙇🙇🙇","url":"https://t.co/aWDCQ9T9Dg","entities":{"url":{"urls":[{"url":"https://t.co/aWDCQ9T9Dg","expanded_url":"http://plaza.rakuten.co.jp/exiletribenews/","display_url":"plaza.rakuten.co.jp/exiletribenews/","indices":[0,23]}]},"description":{"urls":[]}},"protected":false,"followers_count":39121,"friends_count":64,"listed_count":73,"created_at":"Fri Mar 03 05:45:24 +0000 2017","favourites_count":12,"utc_offset":null,"time_zone":null,"geo_enabled":false,"verified":false,"statuses_count":1784,"lang":"ja","contributors_enabled":false,"is_translator":false,"is_translation_enabled":false,"profile_background_color":"F5F8FA","profile_background_image_url":null,"profile_background_image_url_https":null,"profile_background_tile":false,"profile_image_url":"http://pbs.twimg.com/profile_images/875646382958288898/mJ4mIs60_normal.jpg","profile_image_url_https":"https://pbs.twimg.com/profile_images/875646382958288898/mJ4mIs60_normal.jpg","profile_banner_url":"https://pbs.twimg.com/profile_banners/837539383708286978/1489819961","profile_link_color":"1DA1F2","profile_sidebar_border_color":"C0DEED","profile_sidebar_fill_color":"DDEEF6","profile_text_color":"333333","profile_use_background_image":true,"has_extended_profile":false,"default_profile":true,"default_profile_image":false,"following":false,"follow_request_sent":false,"notifications":false,"translator_type":"none"},"geo":null,"coordinates":null,"place":null,"contributors":null,"is_quote_status":false,"retweet_count":93,"favorite_count":539,"favorited":false,"retweeted":false,"possibly_sensitive":false,"lang":"ja"},{"created_at":"Wed Jul 05 13:36:43 +0000 2017","id":882594087995531300,"id_str":"882594087995531264","text":"ぶにゅにぃ https://t.co/qaA94qAzA2","truncated":false,"entities":{"hashtags":[],"symbols":[],"user_mentions":[],"urls":[],"media":[{"id":882594021297733600,"id_str":"882594021297733632","indices":[6,29],"media_url":"http://pbs.twimg.com/media/DD-alhBVwAAmj8T.jpg","media_url_https":"https://pbs.twimg.com/media/DD-alhBVwAAmj8T.jpg","url":"https://t.co/qaA94qAzA2","display_url":"pic.twitter.com/qaA94qAzA2","expanded_url":"https://twitter.com/namako771/status/882594087995531264/photo/1","type":"photo","sizes":{"large":{"w":1500,"h":1209,"resize":"fit"},"thumb":{"w":150,"h":150,"resize":"crop"},"small":{"w":680,"h":548,"resize":"fit"},"medium":{"w":1200,"h":967,"resize":"fit"}}}]},"extended_entities":{"media":[{"id":882594021297733600,"id_str":"882594021297733632","indices":[6,29],"media_url":"http://pbs.twimg.com/media/DD-alhBVwAAmj8T.jpg","media_url_https":"https://pbs.twimg.com/media/DD-alhBVwAAmj8T.jpg","url":"https://t.co/qaA94qAzA2","display_url":"pic.twitter.com/qaA94qAzA2","expanded_url":"https://twitter.com/namako771/status/882594087995531264/photo/1","type":"photo","sizes":{"large":{"w":1500,"h":1209,"resize":"fit"},"thumb":{"w":150,"h":150,"resize":"crop"},"small":{"w":680,"h":548,"resize":"fit"},"medium":{"w":1200,"h":967,"resize":"fit"}}}]},"metadata":{"iso_language_code":"ja","result_type":"recent"},"source":"<a href=\"http://twitter.com\" rel=\"nofollow\">Twitter Web Client</a>","in_reply_to_status_id":null,"in_reply_to_status_id_str":null,"in_reply_to_user_id":null,"in_reply_to_user_id_str":null,"in_reply_to_screen_name":null,"user":{"id":827519607560761300,"id_str":"827519607560761345","name":"なまこぶし","screen_name":"namako771","location":"なみうちぎわ","description":"なまこポケモンが2時間ごとに鳴きます。\n ※イラストの無断転載と自作発言等はご遠慮ください。","url":null,"entities":{"description":{"urls":[]}},"protected":false,"followers_count":2283,"friends_count":2,"listed_count":27,"created_at":"Fri Feb 03 14:10:23 +0000 2017","favourites_count":23,"utc_offset":null,"time_zone":null,"geo_enabled":false,"verified":false,"statuses_count":2907,"lang":"ja","contributors_enabled":false,"is_translator":false,"is_translation_enabled":false,"profile_background_color":"000000","profile_background_image_url":"http://abs.twimg.com/images/themes/theme1/bg.png","profile_background_image_url_https":"https://abs.twimg.com/images/themes/theme1/bg.png","profile_background_tile":false,"profile_image_url":"http://pbs.twimg.com/profile_images/875707086398660610/8d4MJR06_normal.jpg","profile_image_url_https":"https://pbs.twimg.com/profile_images/875707086398660610/8d4MJR06_normal.jpg","profile_banner_url":"https://pbs.twimg.com/profile_banners/827519607560761345/1486285424","profile_link_color":"91D2FA","profile_sidebar_border_color":"000000","profile_sidebar_fill_color":"000000","profile_text_color":"000000","profile_use_background_image":false,"has_extended_profile":false,"default_profile":false,"default_profile_image":false,"following":false,"follow_request_sent":false,"notifications":false,"translator_type":"none"},"geo":null,"coordinates":null,"place":null,"contributors":null,"is_quote_status":false,"retweet_count":59,"favorite_count":93,"favorited":false,"retweeted":false,"possibly_sensitive":false,"lang":"ja"}],"search_metadata":{"completed_in":0.119,"max_id":882594514413559800,"max_id_str":"882594514413559813","next_results":"?max_id=882594087995531263&q=lang%3Aja%20min_retweets%3A50&include_entities=1","query":"lang%3Aja+min_retweets%3A50","refresh_url":"?since_id=882594514413559813&q=lang%3Aja%20min_retweets%3A50&include_entities=1","count":15,"since_id":0,"since_id_str":"0"}}