{"statuses":[{"created_at":"Tue Jul 04 23:36:02 +0000 2017","id":882382523044569100,"id_str":"882382523044569088","text":"島根県・広島県 各地に避難指示や勧告 #nhk_news https://t.co/CNpyUMNDdb","truncated":false,"entities":{"hashtags":[{"text":"nhk_news","indices":[19,28]}],"symbols":[],"user_mentions":[],"urls":[{"url":"https://t.co/CNpyUMNDdb","expanded_url":"http://www3.nhk.or.jp/news/html/20170705/k10011043371000.html","display_url":"www3.nhk.or.jp/news/html/2017…","indices":[29,52]}]},"metadata":{"iso_language_code":"ja","result_type":"recent"},"source":"<a href=\"http://www.nhk.or.jp/\" rel=\"nofollow\">NHK</a>","in_reply_to_status_id":null,"in_reply_to_status_id_str":null,"in_reply_to_user_id":null,"in_reply_to_user_id_str":null,"in_reply_to_screen_name":null,"user":{"id":204245399,"id_str":"204245399","name":"NHKニュース","screen_name":"nhk_news","location":"東京都渋谷区神南2-2-1","description":"NHKニュースの公式アカウントです。最新のニュースを24時間休みなくお届けします。 http://t.co/Q11WanxIUh をご確認、ご了承ください。問い合わせは http://t.co/QHu5wdeNyR","url":"https://t.co/8JA06ePKUg","entities":{"url":{"urls":[{"url":"https://t.co/8JA06ePKUg","expanded_url":"http://nhk.jp/news","display_url":"nhk.jp/news","indices":[0,23]}]},"description":{"urls":[{"url":"http://t.co/Q11WanxIUh","expanded_url":"http://nhk.jp/rules","display_url":"nhk.jp/rules","indices":[42,64]},{"url":"http://t.co/QHu5wdeNyR","expanded_url":"http://www.nhk.or.jp/css/","display_url":"nhk.or.jp/css/","indices":[85,107]}]}},"protected":false,"followers_count":2294786,"friends_count":15,"listed_count":58478,"created_at":"Mon Oct 18 08:15:29 +0000 2010","favourites_count":0,"utc_offset":32400,"time_zone":"Tokyo","geo_enabled":false,"verified":true,"statuses_count":293664,"lang":"ja","contributors_enabled":false,"is_translator":false,"is_translation_enabled":true,"profile_background_color":"C0DEED","profile_background_image_url":"http://pbs.twimg.com/profile_background_images/828499082087796737/ppZx0TZa.jpg","profile_background_image_url_https":"https://pbs.twimg.com/profile_background_images/828499082087796737/ppZx0TZa.jpg","profile_background_tile":false,"profile_image_url":"http://pbs.twimg.com/profile_images/712261429701713920/mkdC8tNc_normal.jpg","profile_image_url_https":"https://pbs.twimg.com/profile_images/712261429701713920/mkdC8tNc_normal.jpg","profile_banner_url":"https://pbs.twimg.com/profile_banners/204245399/1401946722","profile_link_color":"0084B4","profile_sidebar_border_color":"C0DEED","profile_sidebar_fill_color":"DDEEF6","profile_text_color":"333333","profile_use_background_image":true,"has_extended_profile":false,"default_profile":false,"default_profile_image":false,"following":false,"follow_request_sent":false,"notifications":false,"translator_type":"none"},"geo":null,"coordinates":null,"place":null,"contributors":null,"is_quote_status":false,"retweet_count":62,"favorite_count":17,"favorited":false,"retweeted":false,"possibly_sensitive":false,"lang":"ja"},{"created_at":"Tue Jul 04 23:35:07 +0000 2017","id":882382294593421300,"id_str":"882382294593421313","text":"おはようホイちゃん。\n気持ちのいい朝だね。 https://t.co/U8UZetnknu","truncated":false,"entities":{"hashtags":[],"symbols":[],"user_mentions":[],"urls":[],"media":[{"id":882382279439339500,"id_str":"882382279439339520","indices":[22,45],"media_url":"http://pbs.twimg.com/media/DD7aAhIU0AAChwk.jpg","media_url_https":"https://pbs.twimg.com/media/DD7aAhIU0AAChwk.jpg","url":"https://t.co/U8UZetnknu","display_url":"pic.twitter.com/U8UZetnknu","expanded_url":"https://twitter.com/HOIPPU_0722/status/882382294593421313/photo/1","type":"photo","sizes":{"small":{"w":552,"h":680,"resize":"fit"},"large":{"w":1662,"h":2048,"resize":"fit"},"medium":{"w":974,"h":1200,"resize":"fit"},"thumb":{"w":150,"h":150,"resize":"crop"}}}]},"extended_entities":{"media":[{"id":882382279439339500,"id_str":"882382279439339520","indices":[22,45],"media_url":"http://pbs.twimg.com/media/DD7aAhIU0AAChwk.jpg","media_url_https":"https://pbs.twimg.com/media/DD7aAhIU0AAChwk.jpg","url":"https://t.co/U8UZetnknu","display_url":"pic.twitter.com/U8UZetnknu","expanded_url":"https://twitter.com/HOIPPU_0722/status/882382294593421313/photo/1","type":"photo","sizes":{"small":{"w":552,"h":680,"resize":"fit"},"large":{"w":1662,"h":2048,"resize":"fit"},"medium":{"w":974,"h":1200,"resize":"fit"},"thumb":{"w":150,"h":150,"resize":"crop"}}},{"id":882382279460372500,"id_str":"882382279460372480","indices":[22,45],"media_url":"http://pbs.twimg.com/media/DD7aAhNVwAAqA4V.jpg","media_url_https":"https://pbs.twimg.com/media/DD7aAhNVwAAqA4V.jpg","url":"https://t.co/U8UZetnknu","display_url":"pic.twitter.com/U8UZetnknu","expanded_url":"https://twitter.com/HOIPPU_0722/status/882382294593421313/photo/1","type":"photo","sizes":{"medium":{"w":900,"h":1200,"resize":"fit"},"thumb":{"w":150,"h":150,"resize":"crop"},"large":{"w":1536,"h":2048,"resize":"fit"},"small":{"w":510,"h":680,"resize":"fit"}}},{"id":882382279439302700,"id_str":"882382279439302656","indices":[22,45],"media_url":"http://pbs.twimg.com/media/DD7aAhIUQAAcb9P.jpg","media_url_https":"https://pbs.twimg.com/media/DD7aAhIUQAAcb9P.jpg","url":"https://t.co/U8UZetnknu","display_url":"pic.twitter.com/U8UZetnknu","expanded_url":"https://twitter.com/HOIPPU_0722/status/882382294593421313/photo/1","type":"photo","sizes":{"small":{"w":510,"h":680,"resize":"fit"},"large":{"w":1536,"h":2048,"resize":"fit"},"thumb":{"w":150,"h":150,"resize":"crop"},"medium":{"w":900,"h":1200,"resize":"fit"}}}]},"metadata":{"iso_language_code":"ja","result_type":"recent"},"source":"<a href=\"http://twitter.com/download/iphone\" rel=\"nofollow\">Twitter for iPhone</a>","in_reply_to_status_id":null,"in_reply_to_status_id_str":null,"in_reply_to_user_id":null,"in_reply_to_user_id_str":null,"in_reply_to_screen_name":null,"user":{"id":3642094932,"id_str":"3642094932","name":"ホイップ@ねこ休み展","screen_name":"HOIPPU_0722","location":"","description":"甘え猫ホイップ(ホイティッシュホイルド♀ちくわ柄)と漫画好きホイ主の日常。基本的にゆるいので日々にお疲れの方はどうぞ。無断転載は禁止です。ブログはこちら↓","url":"https://t.co/cCuLV37jtZ","entities":{"url":{"urls":[{"url":"https://t.co/cCuLV37jtZ","expanded_url":"http://nekonavi.jp/archives/author/hoippu_0722","display_url":"nekonavi.jp/archives/autho…","indices":[0,23]}]},"description":{"urls":[]}},"protected":false,"followers_count":131216,"friends_count":179,"listed_count":1788,"created_at":"Mon Sep 21 22:20:26 +0000 2015","favourites_count":34422,"utc_offset":null,"time_zone":null,"geo_enabled":true,"verified":false,"statuses_count":11958,"lang":"ja","contributors_enabled":false,"is_translator":false,"is_translation_enabled":false,"profile_background_color":"C0DEED","profile_background_image_url":"http://abs.twimg.com/images/themes/theme1/bg.png","profile_background_image_url_https":"https://abs.twimg.com/images/themes/theme1/bg.png","profile_background_tile":false,"profile_image_url":"http://pbs.twimg.com/profile_images/830275686375895041/7tjk0iA-_normal.jpg","profile_image_url_https":"https://pbs.twimg.com/profile_images/830275686375895041/7tjk0iA-_normal.jpg","profile_banner_url":"https://pbs.twimg.com/profile_banners/3642094932/1443105215","profile_link_color":"1DA1F2","profile_sidebar_border_color":"C0DEED","profile_sidebar_fill_color":"DDEEF6","profile_text_color":"333333","profile_use_background_image":true,"has_extended_profile":true,"default_profile":true,"default_profile_image":false,"following":false,"follow_request_sent":false,"notifications":false,"translator_type":"none"},"geo":null,"coordinates":null,"place":null,"contributors":null,"is_quote_status":false,"retweet_count":95,"favorite_count":411,"favorited":false,"retweeted":false,"possibly_sensitive":false,"lang":"ja"},{"created_at":"Tue Jul 04 23:34:46 +0000 2017","id":882382206773059600,"id_str":"882382206773059584","text":"【ＨＰ更新】次回のこち星ではなんと欅坂46ファーストアルバム『真っ白なものは汚したくなる』から『太陽は見上げる人を選ばない』を銀河系初ＯＡします！他にも過去の放送の様子や新しい情報もアップされているのでＨＰをチェック！ https://t.co/rSYUSww6pO","truncated":false,"entities":{"hashtags":[],"symbols":[],"user_mentions":[],"urls":[{"url":"https://t.co/rSYUSww6pO","expanded_url":"http://www.1242.com/radio/keyaki/","display_url":"1242.com/radio/keyaki/","indices":[110,133]}]},"metadata":{"iso_language_code":"ja","result_type":"recent"},"source":"<a href=\"http://twitter.com/download/android\" rel=\"nofollow\">Twitter for Android</a>","in_reply_to_status_id":null,"in_reply_to_status_id_str":null,"in_reply_to_user_id":null,"in_reply_to_user_id_str":null,"in_reply_to_screen_name":null,"user":{"id":823447720090181600,"id_str":"823447720090181632","name":"欅坂46こちら有楽町星空放送局","screen_name":"kochihoshi","location":"","description":"FM93AM1242ニッポン放送をキーステーションにお届けしています『欅坂46 こちら有楽町星空放送局』の番組公式twitterです☆\n#欅坂46こち星 をつけて呟いてね。\n番組ホームページ→https://t.co/0XFzUpgnxy","url":null,"entities":{"description":{"urls":[{"url":"https://t.co/0XFzUpgnxy","expanded_url":"http://1242.com/radio/keyaki/","display_url":"1242.com/radio/keyaki/","indices":[96,119]}]}},"protected":false,"followers_count":49745,"friends_count":2,"listed_count":282,"created_at":"Mon Jan 23 08:30:10 +0000 2017","favourites_count":0,"utc_offset":null,"time_zone":null,"geo_enabled":false,"verified":false,"statuses_count":151,"lang":"ja","contributors_enabled":false,"is_translator":false,"is_translation_enabled":false,"profile_background_color":"F5F8FA","profile_background_image_url":null,"profile_background_image_url_https":null,"profile_background_tile":false,"profile_image_url":"http://pbs.twimg.com/profile_images/825005190482792453/tu0WoYxi_normal.jpg","profile_image_url_https":"https://pbs.twimg.com/profile_images/825005190482792453/tu0WoYxi_normal.jpg","profile_banner_url":"https://pbs.twimg.com/profile_banners/823447720090181632/1485535425","profile_link_color":"1DA1F2","profile_sidebar_border_color":"C0DEED","profile_sidebar_fill_color":"DDEEF6","profile_text_color":"333333","profile_use_background_image":true,"has_extended_profile":false,"default_profile":true,"default_profile_image":false,"following":false,"follow_request_sent":false,"notifications":false,"translator_type":"none"},"geo":null,"coordinates":null,"place":null,"contributors":null,"is_quote_status":false,"retweet_count":88,"favorite_count":199,"favorited":false,"retweeted":false,"possibly_sensitive":false,"lang":"ja"},{"created_at":"Tue Jul 04 23:34:23 +0000 2017","id":882382109213589500,"id_str":"882382109213589504","text":"結婚発表のソン・ジュンギ、新居の購入が話題。今年1月、ソウル梨泰院（イテウォン）に100億ウォン（約10億円）の住宅を購入。大地面積182坪で地上2階、地下1階の建物面積は110坪…\nつづき⇒… https://t.co/TTGOmx2ukA","truncated":true,"entities":{"hashtags":[],"symbols":[],"user_mentions":[],"urls":[{"url":"https://t.co/TTGOmx2ukA","expanded_url":"https://twitter.com/i/web/status/882382109213589504","display_url":"twitter.com/i/web/status/8…","indices":[98,121]}]},"metadata":{"iso_language_code":"ja","result_type":"recent"},"source":"<a href=\"http://www.wowkorea.jp/\" rel=\"nofollow\">read_tweet12345</a>","in_reply_to_status_id":null,"in_reply_to_status_id_str":null,"in_reply_to_user_id":null,"in_reply_to_user_id_str":null,"in_reply_to_screen_name":null,"user":{"id":146066313,"id_str":"146066313","name":"韓流ツイッター","screen_name":"kor_celebrities","location":"","description":"k-pop、韓流俳優などのエンタメ情報をたまにつぶやいています。韓国芸能人のツイッター→k-pop、韓流俳優などのエンタメ情報をたまにつぶやいています。韓国芸能人のツイッター→https://t.co/J6bgBQxZkz  インスタグラム→https://t.co/bYUmAjZ62c","url":null,"entities":{"description":{"urls":[{"url":"https://t.co/J6bgBQxZkz","expanded_url":"http://www.korea-twitter.com","display_url":"korea-twitter.com","indices":[88,111]},{"url":"https://t.co/bYUmAjZ62c","expanded_url":"http://kpop-instagram.com","display_url":"kpop-instagram.com","indices":[121,144]}]}},"protected":false,"followers_count":543177,"friends_count":12451,"listed_count":3392,"created_at":"Thu May 20 14:29:40 +0000 2010","favourites_count":467,"utc_offset":32400,"time_zone":"Osaka","geo_enabled":false,"verified":false,"statuses_count":151318,"lang":"ja","contributors_enabled":false,"is_translator":false,"is_translation_enabled":false,"profile_background_color":"C0DEED","profile_background_image_url":"http://abs.twimg.com/images/themes/theme1/bg.png","profile_background_image_url_https":"https://abs.twimg.com/images/themes/theme1/bg.png","profile_background_tile":false,"profile_image_url":"http://pbs.twimg.com/profile_images/857066336995782660/EFKM8zC8_normal.jpg","profile_image_url_https":"https://pbs.twimg.com/profile_images/857066336995782660/EFKM8zC8_normal.jpg","profile_link_color":"1DA1F2","profile_sidebar_border_color":"C0DEED","profile_sidebar_fill_color":"DDEEF6","profile_text_color":"333333","profile_use_background_image":true,"has_extended_profile":false,"default_profile":true,"default_profile_image":false,"following":false,"follow_request_sent":false,"notifications":false,"translator_type":"none"},"geo":null,"coordinates":null,"place":null,"contributors":null,"is_quote_status":false,"retweet_count":83,"favorite_count":120,"favorited":false,"retweeted":false,"possibly_sensitive":false,"lang":"ja"},{"created_at":"Tue Jul 04 23:34:00 +0000 2017","id":882382014204198900,"id_str":"882382014204198912","text":"おはようございます。みなさんの１日が幸せでありますように。そしてランチで出たデザートのリンゴの皮が井上の髪形風ではありませんように https://t.co/Xd7RJrMyeu","truncated":false,"entities":{"hashtags":[],"symbols":[],"user_mentions":[],"urls":[],"media":[{"id":882381994876850200,"id_str":"882381994876850176","indices":[66,89],"media_url":"http://pbs.twimg.com/media/DD7Zv9DV0AAj4aM.jpg","media_url_https":"https://pbs.twimg.com/media/DD7Zv9DV0AAj4aM.jpg","url":"https://t.co/Xd7RJrMyeu","display_url":"pic.twitter.com/Xd7RJrMyeu","expanded_url":"https://twitter.com/gakuishida/status/882382014204198912/photo/1","type":"photo","sizes":{"medium":{"w":675,"h":1200,"resize":"fit"},"small":{"w":383,"h":680,"resize":"fit"},"thumb":{"w":150,"h":150,"resize":"crop"},"large":{"w":1152,"h":2048,"resize":"fit"}}}]},"extended_entities":{"media":[{"id":882381994876850200,"id_str":"882381994876850176","indices":[66,89],"media_url":"http://pbs.twimg.com/media/DD7Zv9DV0AAj4aM.jpg","media_url_https":"https://pbs.twimg.com/media/DD7Zv9DV0AAj4aM.jpg","url":"https://t.co/Xd7RJrMyeu","display_url":"pic.twitter.com/Xd7RJrMyeu","expanded_url":"https://twitter.com/gakuishida/status/882382014204198912/photo/1","type":"photo","sizes":{"medium":{"w":675,"h":1200,"resize":"fit"},"small":{"w":383,"h":680,"resize":"fit"},"thumb":{"w":150,"h":150,"resize":"crop"},"large":{"w":1152,"h":2048,"resize":"fit"}}}]},"metadata":{"iso_language_code":"ja","result_type":"recent"},"source":"<a href=\"http://twitter.com/download/android\" rel=\"nofollow\">Twitter for Android</a>","in_reply_to_status_id":null,"in_reply_to_status_id_str":null,"in_reply_to_user_id":null,"in_reply_to_user_id_str":null,"in_reply_to_screen_name":null,"user":{"id":327434362,"id_str":"327434362","name":"NON STYLE　石田 明","screen_name":"gakuishida","location":"","description":"ノンスタ石田です。白い方です。ネタ書いてる方です。骨よく折れる方です。嫌われてない方です。よろしくです。漫才・脚本・演出・作家・おもちゃ開発など。ラインスタンプhttps://t.co/AZxtVl9Wjf","url":"https://t.co/0qPD0KzymP","entities":{"url":{"urls":[{"url":"https://t.co/0qPD0KzymP","expanded_url":"http://m.blogs.yahoo.co.jp/nonstyleshiro_blog","display_url":"m.blogs.yahoo.co.jp/nonstyleshiro_…","indices":[0,23]}]},"description":{"urls":[{"url":"https://t.co/AZxtVl9Wjf","expanded_url":"https://store.line.me/stickershop/product/1347811","display_url":"store.line.me/stickershop/pr…","indices":[80,103]}]}},"protected":false,"followers_count":392368,"friends_count":417,"listed_count":1360,"created_at":"Fri Jul 01 15:21:08 +0000 2011","favourites_count":14,"utc_offset":-36000,"time_zone":"Hawaii","geo_enabled":true,"verified":true,"statuses_count":7770,"lang":"ja","contributors_enabled":false,"is_translator":false,"is_translation_enabled":false,"profile_background_color":"C0DEED","profile_background_image_url":"http://abs.twimg.com/images/themes/theme1/bg.png","profile_background_image_url_https":"https://abs.twimg.com/images/themes/theme1/bg.png","profile_background_tile":false,"profile_image_url":"http://pbs.twimg.com/profile_images/863206437790470144/DBwo-lRV_normal.jpg","profile_image_url_https":"https://pbs.twimg.com/profile_images/863206437790470144/DBwo-lRV_normal.jpg","profile_banner_url":"https://pbs.twimg.com/profile_banners/327434362/1358086200","profile_link_color":"1DA1F2","profile_sidebar_border_color":"C0DEED","profile_sidebar_fill_color":"DDEEF6","profile_text_color":"333333","profile_use_background_image":true,"has_extended_profile":false,"default_profile":true,"default_profile_image":false,"following":false,"follow_request_sent":false,"notifications":false,"translator_type":"none"},"geo":null,"coordinates":null,"place":null,"contributors":null,"is_quote_status":false,"retweet_count":373,"favorite_count":1416,"favorited":false,"retweeted":false,"possibly_sensitive":false,"lang":"ja"},{"created_at":"Tue Jul 04 23:33:39 +0000 2017","id":882381924316004400,"id_str":"882381924316004352","text":"お仕事向かってます☔︎\n\n髪の毛切りたーいっ\n長いから いつも適当にひとつにまとめてる🐰 https://t.co/eMUyhicKAT","truncated":false,"entities":{"hashtags":[],"symbols":[],"user_mentions":[],"urls":[],"media":[{"id":882381900848877600,"id_str":"882381900848877568","indices":[45,68],"media_url":"http://pbs.twimg.com/media/DD7ZqexU0AAupMp.jpg","media_url_https":"https://pbs.twimg.com/media/DD7ZqexU0AAupMp.jpg","url":"https://t.co/eMUyhicKAT","display_url":"pic.twitter.com/eMUyhicKAT","expanded_url":"https://twitter.com/ICECREAMFUKO/status/882381924316004352/photo/1","type":"photo","sizes":{"thumb":{"w":150,"h":150,"resize":"crop"},"medium":{"w":900,"h":1200,"resize":"fit"},"large":{"w":1536,"h":2048,"resize":"fit"},"small":{"w":510,"h":680,"resize":"fit"}}}]},"extended_entities":{"media":[{"id":882381900848877600,"id_str":"882381900848877568","indices":[45,68],"media_url":"http://pbs.twimg.com/media/DD7ZqexU0AAupMp.jpg","media_url_https":"https://pbs.twimg.com/media/DD7ZqexU0AAupMp.jpg","url":"https://t.co/eMUyhicKAT","display_url":"pic.twitter.com/eMUyhicKAT","expanded_url":"https://twitter.com/ICECREAMFUKO/status/882381924316004352/photo/1","type":"photo","sizes":{"thumb":{"w":150,"h":150,"resize":"crop"},"medium":{"w":900,"h":1200,"resize":"fit"},"large":{"w":1536,"h":2048,"resize":"fit"},"small":{"w":510,"h":680,"resize":"fit"}}},{"id":882381900848840700,"id_str":"882381900848840704","indices":[45,68],"media_url":"http://pbs.twimg.com/media/DD7ZqexUQAABc-d.jpg","media_url_https":"https://pbs.twimg.com/media/DD7ZqexUQAABc-d.jpg","url":"https://t.co/eMUyhicKAT","display_url":"pic.twitter.com/eMUyhicKAT","expanded_url":"https://twitter.com/ICECREAMFUKO/status/882381924316004352/photo/1","type":"photo","sizes":{"large":{"w":957,"h":1277,"resize":"fit"},"thumb":{"w":150,"h":150,"resize":"crop"},"medium":{"w":899,"h":1200,"resize":"fit"},"small":{"w":510,"h":680,"resize":"fit"}}},{"id":882381900853108700,"id_str":"882381900853108736","indices":[45,68],"media_url":"http://pbs.twimg.com/media/DD7ZqeyVYAAbXSA.jpg","media_url_https":"https://pbs.twimg.com/media/DD7ZqeyVYAAbXSA.jpg","url":"https://t.co/eMUyhicKAT","display_url":"pic.twitter.com/eMUyhicKAT","expanded_url":"https://twitter.com/ICECREAMFUKO/status/882381924316004352/photo/1","type":"photo","sizes":{"medium":{"w":899,"h":1200,"resize":"fit"},"thumb":{"w":150,"h":150,"resize":"crop"},"small":{"w":510,"h":680,"resize":"fit"},"large":{"w":957,"h":1277,"resize":"fit"}}}]},"metadata":{"iso_language_code":"ja","result_type":"recent"},"source":"<a href=\"http://twitter.com/download/iphone\" rel=\"nofollow\">Twitter for iPhone</a>","in_reply_to_status_id":null,"in_reply_to_status_id_str":null,"in_reply_to_user_id":null,"in_reply_to_user_id_str":null,"in_reply_to_screen_name":null,"user":{"id":3037251684,"id_str":"3037251684","name":"矢倉楓子","screen_name":"ICECREAMFUKO","location":"","description":"NMB48 team BⅡ ふぅちゃん☺︎🐰好きな食べもの アイスクリーム。MBS 『TEPPENラジオ』毎週火曜 深夜0時0分〜 ktv『NMBとまなぶくん』毎週木曜 深夜0時25分〜","url":"https://t.co/S9J9KM5Y5i","entities":{"url":{"urls":[{"url":"https://t.co/S9J9KM5Y5i","expanded_url":"https://www.instagram.com/fufu_ice/","display_url":"instagram.com/fufu_ice/","indices":[0,23]}]},"description":{"urls":[]}},"protected":false,"followers_count":185711,"friends_count":139,"listed_count":3145,"created_at":"Mon Feb 23 04:09:11 +0000 2015","favourites_count":57,"utc_offset":null,"time_zone":null,"geo_enabled":false,"verified":true,"statuses_count":2189,"lang":"ja","contributors_enabled":false,"is_translator":false,"is_translation_enabled":false,"profile_background_color":"C0DEED","profile_background_image_url":"http://abs.twimg.com/images/themes/theme1/bg.png","profile_background_image_url_https":"https://abs.twimg.com/images/themes/theme1/bg.png","profile_background_tile":false,"profile_image_url":"http://pbs.twimg.com/profile_images/747108945982955520/NzuTWT6X_normal.jpg","profile_image_url_https":"https://pbs.twimg.com/profile_images/747108945982955520/NzuTWT6X_normal.jpg","profile_banner_url":"https://pbs.twimg.com/profile_banners/3037251684/1466946835","profile_link_color":"1DA1F2","profile_sidebar_border_color":"C0DEED","profile_sidebar_fill_color":"DDEEF6","profile_text_color":"333333","profile_use_background_image":true,"has_extended_profile":true,"default_profile":true,"default_profile_image":false,"following":false,"follow_request_sent":false,"notifications":false,"translator_type":"none"},"geo":null,"coordinates":null,"place":null,"contributors":null,"is_quote_status":false,"retweet_count":77,"favorite_count":352,"favorited":false,"retweeted":false,"possibly_sensitive":false,"lang":"ja"},{"created_at":"Tue Jul 04 23:32:48 +0000 2017","id":882381713158004700,"id_str":"882381713158004736","text":"今日手術受けてきます。\n長年付き添った肘なのですごく感謝してますし寂しい気持ちはありますが今は前を向けてます。\n\n先はすごく長く地味な期間が続くと思いますが必ずまたチームの力になる為ファンのみなさんの前に立つ為リハビリ頑張りたいと思います。","truncated":false,"entities":{"hashtags":[],"symbols":[],"user_mentions":[],"urls":[]},"metadata":{"iso_language_code":"ja","result_type":"recent"},"source":"<a href=\"http://twitter.com/download/iphone\" rel=\"nofollow\">Twitter for iPhone</a>","in_reply_to_status_id":null,"in_reply_to_status_id_str":null,"in_reply_to_user_id":null,"in_reply_to_user_id_str":null,"in_reply_to_screen_name":null,"user":{"id":2925158299,"id_str":"2925158299","name":"中村勝","screen_name":"masru_nakamura","location":"","description":"北海道日本ハムファイターズの中村勝です。 よろしくお願いします！","url":null,"entities":{"description":{"urls":[]}},"protected":false,"followers_count":41550,"friends_count":40,"listed_count":488,"created_at":"Wed Dec 10 03:44:04 +0000 2014","favourites_count":4,"utc_offset":null,"time_zone":null,"geo_enabled":false,"verified":true,"statuses_count":103,"lang":"ja","contributors_enabled":false,"is_translator":false,"is_translation_enabled":false,"profile_background_color":"C0DEED","profile_background_image_url":"http://abs.twimg.com/images/themes/theme1/bg.png","profile_background_image_url_https":"https://abs.twimg.com/images/themes/theme1/bg.png","profile_background_tile":false,"profile_image_url":"http://pbs.twimg.com/profile_images/542532837816025089/YgM2cVmY_normal.jpeg","profile_image_url_https":"https://pbs.twimg.com/profile_images/542532837816025089/YgM2cVmY_normal.jpeg","profile_banner_url":"https://pbs.twimg.com/profile_banners/2925158299/1443800881","profile_link_color":"1DA1F2","profile_sidebar_border_color":"C0DEED","profile_sidebar_fill_color":"DDEEF6","profile_text_color":"333333","profile_use_background_image":true,"has_extended_profile":true,"default_profile":true,"default_profile_image":false,"following":false,"follow_request_sent":false,"notifications":false,"translator_type":"none"},"geo":null,"coordinates":null,"place":null,"contributors":null,"is_quote_status":false,"retweet_count":166,"favorite_count":410,"favorited":false,"retweeted":false,"lang":"ja"},{"created_at":"Tue Jul 04 23:30:55 +0000 2017","id":882381236861153300,"id_str":"882381236861153281","text":"ちょっと早く会社来たんで試しにパワポで漫画のネーム描いてみたらメチャクチャ捗ってビビってる。コマの高さとかも整理機能で自動で修正してくれるし普通に漫画作成ソフトになる。必要十分な機能揃っててやばい。 https://t.co/2lGyjU60TY","truncated":false,"entities":{"hashtags":[],"symbols":[],"user_mentions":[],"urls":[],"media":[{"id":882381064898920400,"id_str":"882381064898920449","indices":[100,123],"media_url":"http://pbs.twimg.com/media/DD7Y50nUwAEMbw4.jpg","media_url_https":"https://pbs.twimg.com/media/DD7Y50nUwAEMbw4.jpg","url":"https://t.co/2lGyjU60TY","display_url":"pic.twitter.com/2lGyjU60TY","expanded_url":"https://twitter.com/onoderasan001/status/882381236861153281/photo/1","type":"photo","sizes":{"small":{"w":680,"h":437,"resize":"fit"},"medium":{"w":1200,"h":770,"resize":"fit"},"thumb":{"w":150,"h":150,"resize":"crop"},"large":{"w":1240,"h":796,"resize":"fit"}}}]},"extended_entities":{"media":[{"id":882381064898920400,"id_str":"882381064898920449","indices":[100,123],"media_url":"http://pbs.twimg.com/media/DD7Y50nUwAEMbw4.jpg","media_url_https":"https://pbs.twimg.com/media/DD7Y50nUwAEMbw4.jpg","url":"https://t.co/2lGyjU60TY","display_url":"pic.twitter.com/2lGyjU60TY","expanded_url":"https://twitter.com/onoderasan001/status/882381236861153281/photo/1","type":"photo","sizes":{"small":{"w":680,"h":437,"resize":"fit"},"medium":{"w":1200,"h":770,"resize":"fit"},"thumb":{"w":150,"h":150,"resize":"crop"},"large":{"w":1240,"h":796,"resize":"fit"}}}]},"metadata":{"iso_language_code":"ja","result_type":"recent"},"source":"<a href=\"https://about.twitter.com/products/tweetdeck\" rel=\"nofollow\">TweetDeck</a>","in_reply_to_status_id":null,"in_reply_to_status_id_str":null,"in_reply_to_user_id":null,"in_reply_to_user_id_str":null,"in_reply_to_screen_name":null,"user":{"id":3491448265,"id_str":"3491448265","name":"おのでらさん","screen_name":"onoderasan001","location":"ガルパンとA3とペダルとヒロアカ","description":"漫画好きな人はみんな友達 。 #コミケ童話 描いてます","url":"https://t.co/PXukOddXbz","entities":{"url":{"urls":[{"url":"https://t.co/PXukOddXbz","expanded_url":"http://www.pixiv.net/member.php?id=98883","display_url":"pixiv.net/member.php?id=…","indices":[0,23]}]},"description":{"urls":[]}},"protected":false,"followers_count":52238,"friends_count":1472,"listed_count":826,"created_at":"Tue Sep 08 09:13:10 +0000 2015","favourites_count":18075,"utc_offset":32400,"time_zone":"Tokyo","geo_enabled":false,"verified":false,"statuses_count":3763,"lang":"ja","contributors_enabled":false,"is_translator":false,"is_translation_enabled":false,"profile_background_color":"C0DEED","profile_background_image_url":"http://abs.twimg.com/images/themes/theme1/bg.png","profile_background_image_url_https":"https://abs.twimg.com/images/themes/theme1/bg.png","profile_background_tile":false,"profile_image_url":"http://pbs.twimg.com/profile_images/853177589241847808/FQtQT9y6_normal.jpg","profile_image_url_https":"https://pbs.twimg.com/profile_images/853177589241847808/FQtQT9y6_normal.jpg","profile_banner_url":"https://pbs.twimg.com/profile_banners/3491448265/1493652577","profile_link_color":"1DA1F2","profile_sidebar_border_color":"C0DEED","profile_sidebar_fill_color":"DDEEF6","profile_text_color":"333333","profile_use_background_image":true,"has_extended_profile":true,"default_profile":true,"default_profile_image":false,"following":false,"follow_request_sent":false,"notifications":false,"translator_type":"none"},"geo":null,"coordinates":null,"place":null,"contributors":null,"is_quote_status":false,"retweet_count":85,"favorite_count":73,"favorited":false,"retweeted":false,"possibly_sensitive":false,"lang":"ja"},{"created_at":"Tue Jul 04 23:30:19 +0000 2017","id":882381088391221200,"id_str":"882381088391221250","text":"「僕たちがやりました」第1話予告120秒 \n僕やりの見どころが、ギュッとつまってます👍🏻✨ ぜひ、ご期待ください😌 https://t.co/jseNRaXlPg","truncated":false,"entities":{"hashtags":[],"symbols":[],"user_mentions":[],"urls":[{"url":"https://t.co/jseNRaXlPg","expanded_url":"https://www.youtube.com/watch?v=UN7M-Bn2A7U&feature=share","display_url":"youtube.com/watch?v=UN7M-B…","indices":[58,81]}]},"metadata":{"iso_language_code":"ja","result_type":"recent"},"source":"<a href=\"http://twitter.com/download/iphone\" rel=\"nofollow\">Twitter for iPhone</a>","in_reply_to_status_id":null,"in_reply_to_status_id_str":null,"in_reply_to_user_id":null,"in_reply_to_user_id_str":null,"in_reply_to_screen_name":null,"user":{"id":861829251103809500,"id_str":"861829251103809536","name":"火9ドラマ『僕たちがやりました』公式","screen_name":"bokuyari_ktv","location":"東京","description":"7月18日スタート 火曜よる9時 関西テレビ・フジテレビ系📺✨ 公式Instagram→https://t.co/bU4LVSxGoQ #窪田正孝 #永野芽郁 #新田真剣佑 #間宮祥太朗 #葉山奨之 #今野浩喜 #川栄李奈 #岡崎紗絵 #板尾創路 #榊原郁恵 #水川あさみ #三浦翔平 #古田新太","url":"https://t.co/XT8CA8N2uA","entities":{"url":{"urls":[{"url":"https://t.co/XT8CA8N2uA","expanded_url":"http://ktv.jp/bokuyari/","display_url":"ktv.jp/bokuyari/","indices":[0,23]}]},"description":{"urls":[{"url":"https://t.co/bU4LVSxGoQ","expanded_url":"http://Instagram.com/bokuyari_ktv/","display_url":"Instagram.com/bokuyari_ktv/","indices":[44,67]}]}},"protected":false,"followers_count":78254,"friends_count":18,"listed_count":155,"created_at":"Tue May 09 06:24:40 +0000 2017","favourites_count":7,"utc_offset":-25200,"time_zone":"Pacific Time (US & Canada)","geo_enabled":false,"verified":true,"statuses_count":161,"lang":"ja","contributors_enabled":false,"is_translator":false,"is_translation_enabled":false,"profile_background_color":"F5F8FA","profile_background_image_url":null,"profile_background_image_url_https":null,"profile_background_tile":false,"profile_image_url":"http://pbs.twimg.com/profile_images/868930869389541376/5_XOWkTj_normal.jpg","profile_image_url_https":"https://pbs.twimg.com/profile_images/868930869389541376/5_XOWkTj_normal.jpg","profile_banner_url":"https://pbs.twimg.com/profile_banners/861829251103809536/1498195816","profile_link_color":"1DA1F2","profile_sidebar_border_color":"C0DEED","profile_sidebar_fill_color":"DDEEF6","profile_text_color":"333333","profile_use_background_image":true,"has_extended_profile":false,"default_profile":true,"default_profile_image":false,"following":false,"follow_request_sent":false,"notifications":false,"translator_type":"none"},"geo":null,"coordinates":null,"place":null,"contributors":null,"is_quote_status":false,"retweet_count":118,"favorite_count":386,"favorited":false,"retweeted":false,"possibly_sensitive":false,"lang":"ja"},{"created_at":"Tue Jul 04 23:30:06 +0000 2017","id":882381031885594600,"id_str":"882381031885594624","text":"[明日から開催] 横浜ベイシェラトンの「スイーツパレード」木・金曜の夜限定でマンゴー＆桃スイーツが食べ放題 - https://t.co/v5VsEU2A2q https://t.co/VW7aK816CA","truncated":false,"entities":{"hashtags":[],"symbols":[],"user_mentions":[],"urls":[{"url":"https://t.co/v5VsEU2A2q","expanded_url":"https://www.fashion-press.net/news/30609","display_url":"fashion-press.net/news/30609","indices":[56,79]}],"media":[{"id":882381029956173800,"id_str":"882381029956173825","indices":[80,103],"media_url":"http://pbs.twimg.com/media/DD7Y3ycUwAE4qdm.jpg","media_url_https":"https://pbs.twimg.com/media/DD7Y3ycUwAE4qdm.jpg","url":"https://t.co/VW7aK816CA","display_url":"pic.twitter.com/VW7aK816CA","expanded_url":"https://twitter.com/fashionpressnet/status/882381031885594624/photo/1","type":"photo","sizes":{"small":{"w":600,"h":400,"resize":"fit"},"medium":{"w":600,"h":400,"resize":"fit"},"thumb":{"w":150,"h":150,"resize":"crop"},"large":{"w":600,"h":400,"resize":"fit"}}}]},"extended_entities":{"media":[{"id":882381029956173800,"id_str":"882381029956173825","indices":[80,103],"media_url":"http://pbs.twimg.com/media/DD7Y3ycUwAE4qdm.jpg","media_url_https":"https://pbs.twimg.com/media/DD7Y3ycUwAE4qdm.jpg","url":"https://t.co/VW7aK816CA","display_url":"pic.twitter.com/VW7aK816CA","expanded_url":"https://twitter.com/fashionpressnet/status/882381031885594624/photo/1","type":"photo","sizes":{"small":{"w":600,"h":400,"resize":"fit"},"medium":{"w":600,"h":400,"resize":"fit"},"thumb":{"w":150,"h":150,"resize":"crop"},"large":{"w":600,"h":400,"resize":"fit"}}}]},"metadata":{"iso_language_code":"ja","result_type":"recent"},"source":"<a href=\"http://www.fashion-press.net/\" rel=\"nofollow\">Fashion Press</a>","in_reply_to_status_id":null,"in_reply_to_status_id_str":null,"in_reply_to_user_id":null,"in_reply_to_user_id_str":null,"in_reply_to_screen_name":null,"user":{"id":168816611,"id_str":"168816611","name":"Fashion Press","screen_name":"fashionpressnet","location":"","description":"ファッションWEBマガジン「ファッションプレス」公式アカウント。 【Instagram】http://t.co/3myapCJ1Ax【Facebook】http://t.co/8FFmQA2set","url":"http://t.co/rSEGQEqMH0","entities":{"url":{"urls":[{"url":"http://t.co/rSEGQEqMH0","expanded_url":"http://www.fashion-press.net/","display_url":"fashion-press.net","indices":[0,22]}]},"description":{"urls":[{"url":"http://t.co/3myapCJ1Ax","expanded_url":"http://instagram.com/fashionpressjp","display_url":"instagram.com/fashionpressjp","indices":[44,66]},{"url":"http://t.co/8FFmQA2set","expanded_url":"http://www.facebook.com/FashionPress.net","display_url":"facebook.com/FashionPress.n…","indices":[76,98]}]}},"protected":false,"followers_count":2266430,"friends_count":1,"listed_count":8927,"created_at":"Tue Jul 20 21:38:17 +0000 2010","favourites_count":0,"utc_offset":32400,"time_zone":"Tokyo","geo_enabled":false,"verified":true,"statuses_count":80271,"lang":"ja","contributors_enabled":false,"is_translator":false,"is_translation_enabled":false,"profile_background_color":"F5F8FA","profile_background_image_url":"http://abs.twimg.com/images/themes/theme14/bg.gif","profile_background_image_url_https":"https://abs.twimg.com/images/themes/theme14/bg.gif","profile_background_tile":false,"profile_image_url":"http://pbs.twimg.com/profile_images/491483872677228544/fuq52Rp2_normal.jpeg","profile_image_url_https":"https://pbs.twimg.com/profile_images/491483872677228544/fuq52Rp2_normal.jpeg","profile_banner_url":"https://pbs.twimg.com/profile_banners/168816611/1444307408","profile_link_color":"343738","profile_sidebar_border_color":"FFFFFF","profile_sidebar_fill_color":"DDEEF6","profile_text_color":"333333","profile_use_background_image":true,"has_extended_profile":false,"default_profile":false,"default_profile_image":false,"following":false,"follow_request_sent":false,"notifications":false,"translator_type":"none"},"geo":null,"coordinates":null,"place":null,"contributors":null,"is_quote_status":false,"retweet_count":79,"favorite_count":186,"favorited":false,"retweeted":false,"possibly_sensitive":false,"lang":"ja"},{"created_at":"Tue Jul 04 23:30:02 +0000 2017","id":882381015888478200,"id_str":"882381015888478208","text":"暇してる人いるかな？\nオフパコ興味あるー？♥♥\n\n絡み希望の人はLINEでメッセ送ってね(●・ω・●)\nhttps://t.co/daLLiMxfFQ","truncated":false,"entities":{"hashtags":[],"symbols":[],"user_mentions":[],"urls":[],"media":[{"id":881713116613976000,"id_str":"881713116613976064","indices":[52,75],"media_url":"http://pbs.twimg.com/media/DDx5aHWUIAAofSr.jpg","media_url_https":"https://pbs.twimg.com/media/DDx5aHWUIAAofSr.jpg","url":"https://t.co/daLLiMxfFQ","display_url":"pic.twitter.com/daLLiMxfFQ","expanded_url":"https://twitter.com/dubamub/status/881713148885057536/photo/1","type":"photo","sizes":{"thumb":{"w":150,"h":150,"resize":"crop"},"large":{"w":580,"h":435,"resize":"fit"},"small":{"w":580,"h":435,"resize":"fit"},"medium":{"w":580,"h":435,"resize":"fit"}},"source_status_id":881713148885057500,"source_status_id_str":"881713148885057536","source_user_id":715112866525806600,"source_user_id_str":"715112866525806592"}]},"extended_entities":{"media":[{"id":881713116613976000,"id_str":"881713116613976064","indices":[52,75],"media_url":"http://pbs.twimg.com/media/DDx5aHWUIAAofSr.jpg","media_url_https":"https://pbs.twimg.com/media/DDx5aHWUIAAofSr.jpg","url":"https://t.co/daLLiMxfFQ","display_url":"pic.twitter.com/daLLiMxfFQ","expanded_url":"https://twitter.com/dubamub/status/881713148885057536/photo/1","type":"photo","sizes":{"thumb":{"w":150,"h":150,"resize":"crop"},"large":{"w":580,"h":435,"resize":"fit"},"small":{"w":580,"h":435,"resize":"fit"},"medium":{"w":580,"h":435,"resize":"fit"}},"source_status_id":881713148885057500,"source_status_id_str":"881713148885057536","source_user_id":715112866525806600,"source_user_id_str":"715112866525806592"},{"id":881713128207024100,"id_str":"881713128207024129","indices":[52,75],"media_url":"http://pbs.twimg.com/media/DDx5ayiUAAEDwkP.jpg","media_url_https":"https://pbs.twimg.com/media/DDx5ayiUAAEDwkP.jpg","url":"https://t.co/daLLiMxfFQ","display_url":"pic.twitter.com/daLLiMxfFQ","expanded_url":"https://twitter.com/dubamub/status/881713148885057536/photo/1","type":"photo","sizes":{"small":{"w":360,"h":360,"resize":"fit"},"medium":{"w":360,"h":360,"resize":"fit"},"thumb":{"w":150,"h":150,"resize":"crop"},"large":{"w":360,"h":360,"resize":"fit"}},"source_status_id":881713148885057500,"source_status_id_str":"881713148885057536","source_user_id":715112866525806600,"source_user_id_str":"715112866525806592"},{"id":881713141754626000,"id_str":"881713141754626049","indices":[52,75],"media_url":"http://pbs.twimg.com/media/DDx5blAUAAEP4qO.jpg","media_url_https":"https://pbs.twimg.com/media/DDx5blAUAAEP4qO.jpg","url":"https://t.co/daLLiMxfFQ","display_url":"pic.twitter.com/daLLiMxfFQ","expanded_url":"https://twitter.com/dubamub/status/881713148885057536/photo/1","type":"photo","sizes":{"thumb":{"w":150,"h":150,"resize":"crop"},"large":{"w":580,"h":435,"resize":"fit"},"small":{"w":580,"h":435,"resize":"fit"},"medium":{"w":580,"h":435,"resize":"fit"}},"source_status_id":881713148885057500,"source_status_id_str":"881713148885057536","source_user_id":715112866525806600,"source_user_id_str":"715112866525806592"}]},"metadata":{"iso_language_code":"ja","result_type":"recent"},"source":"<a href=\"https://twitter.com\" rel=\"nofollow\">ccc fggyyy</a>","in_reply_to_status_id":null,"in_reply_to_status_id_str":null,"in_reply_to_user_id":null,"in_reply_to_user_id_str":null,"in_reply_to_screen_name":null,"user":{"id":844804721114165200,"id_str":"844804721114165248","name":"いろは☻おふぱこ募集 💕","screen_name":"iroha_tam","location":"","description":"オフパコ募集垢←興味ある人いますか(●・ω・●)？彼氏とかいりません！相性良ければセフでも💕セクロスはスポーツ(*`・ω・)ですｗ","url":null,"entities":{"description":{"urls":[]}},"protected":false,"followers_count":200,"friends_count":159,"listed_count":0,"created_at":"Thu Mar 23 06:55:16 +0000 2017","favourites_count":0,"utc_offset":-25200,"time_zone":"Pacific Time (US & Canada)","geo_enabled":false,"verified":false,"statuses_count":11,"lang":"ja","contributors_enabled":false,"is_translator":false,"is_translation_enabled":false,"profile_background_color":"F5F8FA","profile_background_image_url":null,"profile_background_image_url_https":null,"profile_background_tile":false,"profile_image_url":"http://pbs.twimg.com/profile_images/870113473966899200/Ti4v9ICg_normal.jpg","profile_image_url_https":"https://pbs.twimg.com/profile_images/870113473966899200/Ti4v9ICg_normal.jpg","profile_banner_url":"https://pbs.twimg.com/profile_banners/844804721114165248/1496286209","profile_link_color":"1DA1F2","profile_sidebar_border_color":"C0DEED","profile_sidebar_fill_color":"DDEEF6","profile_text_color":"333333","profile_use_background_image":true,"has_extended_profile":false,"default_profile":true,"default_profile_image":false,"following":false,"follow_request_sent":false,"notifications":false,"translator_type":"none"},"geo":null,"coordinates":null,"place":null,"contributors":null,"is_quote_status":false,"retweet_count":57,"favorite_count":0,"favorited":false,"retweeted":false,"possibly_sensitive":false,"lang":"ja"},{"created_at":"Tue Jul 04 23:30:02 +0000 2017","id":882381015397748700,"id_str":"882381015397748738","text":"＼いちおしセブン投稿キャンペーン／\n抽選で、豪華賞品が当たる！\n☆応募方法\n①@711SEJ をフォロー\n②いち推し商品の【写真orイラスト】を用意\n③ #セブンイレブンの日 と #いちおしセブン を付けてツイート♪\n\nhttps://t.co/gOnB5BsMvF","truncated":false,"entities":{"hashtags":[{"text":"セブンイレブンの日","indices":[77,87]},{"text":"いちおしセブン","indices":[90,98]}],"symbols":[],"user_mentions":[{"screen_name":"711SEJ","name":"セブン‐イレブン・ジャパン","id":132355708,"id_str":"132355708","indices":[39,46]}],"urls":[{"url":"https://t.co/gOnB5BsMvF","expanded_url":"https://cards.twitter.com/cards/26subg/4hn9m","display_url":"cards.twitter.com/cards/26subg/4…","indices":[110,133]}]},"metadata":{"iso_language_code":"ja","result_type":"recent"},"source":"<a href=\"https://ads.twitter.com\" rel=\"nofollow\">Twitter Ads</a>","in_reply_to_status_id":null,"in_reply_to_status_id_str":null,"in_reply_to_user_id":null,"in_reply_to_user_id_str":null,"in_reply_to_screen_name":null,"user":{"id":132355708,"id_str":"132355708","name":"セブン‐イレブン・ジャパン","screen_name":"711SEJ","location":"","description":"セブン-イレブン公式アカウント。商品やセール・キャンペーン情報をツイートしていきます！※店舗、商品のお問合せは下記窓口へお願い致します。https://t.co/52MoaYtM9G 0120-711-372(月曜〜土曜9時30分～17時30分) ソーシャルメディアの利用規約 https://t.co/oHOEEyAMmZ","url":"https://t.co/wh0AMQXznc","entities":{"url":{"urls":[{"url":"https://t.co/wh0AMQXznc","expanded_url":"http://www.sej.co.jp/","display_url":"sej.co.jp","indices":[0,23]}]},"description":{"urls":[{"url":"https://t.co/52MoaYtM9G","expanded_url":"http://bit.ly/1dSjlwt","display_url":"bit.ly/1dSjlwt","indices":[68,91]},{"url":"https://t.co/oHOEEyAMmZ","expanded_url":"http://bit.ly/1WafZee","display_url":"bit.ly/1WafZee","indices":[139,162]}]}},"protected":false,"followers_count":2430734,"friends_count":8213,"listed_count":6872,"created_at":"Tue Apr 13 01:01:12 +0000 2010","favourites_count":2520,"utc_offset":32400,"time_zone":"Tokyo","geo_enabled":false,"verified":true,"statuses_count":803332,"lang":"ja","contributors_enabled":false,"is_translator":false,"is_translation_enabled":false,"profile_background_color":"9AE4E8","profile_background_image_url":"http://pbs.twimg.com/profile_background_images/461626592507072513/n-Vh0--j.jpeg","profile_background_image_url_https":"https://pbs.twimg.com/profile_background_images/461626592507072513/n-Vh0--j.jpeg","profile_background_tile":true,"profile_image_url":"http://pbs.twimg.com/profile_images/875639017512906752/qMa3uhuo_normal.jpg","profile_image_url_https":"https://pbs.twimg.com/profile_images/875639017512906752/qMa3uhuo_normal.jpg","profile_banner_url":"https://pbs.twimg.com/profile_banners/132355708/1491267612","profile_link_color":"0084B4","profile_sidebar_border_color":"FFFFFF","profile_sidebar_fill_color":"DDFFCC","profile_text_color":"333333","profile_use_background_image":true,"has_extended_profile":false,"default_profile":false,"default_profile_image":false,"following":false,"follow_request_sent":false,"notifications":false,"translator_type":"none"},"geo":null,"coordinates":null,"place":null,"contributors":null,"is_quote_status":false,"retweet_count":78,"favorite_count":113,"favorited":false,"retweeted":false,"possibly_sensitive":false,"lang":"ja"},{"created_at":"Tue Jul 04 23:30:02 +0000 2017","id":882381014395375600,"id_str":"882381014395375617","text":"お金欲しいなら連絡下さい。LINE下さい。nbai4\n　https://t.co/5TYUbBplFI https://t.co/r5CGBF8UvW","truncated":false,"entities":{"hashtags":[],"symbols":[],"user_mentions":[],"urls":[{"url":"https://t.co/5TYUbBplFI","expanded_url":"https://goo.gl/wntqfc","display_url":"goo.gl/wntqfc","indices":[28,51]}],"media":[{"id":882381012658815000,"id_str":"882381012658814977","indices":[52,75],"media_url":"http://pbs.twimg.com/media/DD7Y2yAUAAEJGc5.jpg","media_url_https":"https://pbs.twimg.com/media/DD7Y2yAUAAEJGc5.jpg","url":"https://t.co/r5CGBF8UvW","display_url":"pic.twitter.com/r5CGBF8UvW","expanded_url":"https://twitter.com/rimaEssex/status/882381014395375617/photo/1","type":"photo","sizes":{"small":{"w":497,"h":487,"resize":"fit"},"large":{"w":497,"h":487,"resize":"fit"},"thumb":{"w":150,"h":150,"resize":"crop"},"medium":{"w":497,"h":487,"resize":"fit"}}}]},"extended_entities":{"media":[{"id":882381012658815000,"id_str":"882381012658814977","indices":[52,75],"media_url":"http://pbs.twimg.com/media/DD7Y2yAUAAEJGc5.jpg","media_url_https":"https://pbs.twimg.com/media/DD7Y2yAUAAEJGc5.jpg","url":"https://t.co/r5CGBF8UvW","display_url":"pic.twitter.com/r5CGBF8UvW","expanded_url":"https://twitter.com/rimaEssex/status/882381014395375617/photo/1","type":"photo","sizes":{"small":{"w":497,"h":487,"resize":"fit"},"large":{"w":497,"h":487,"resize":"fit"},"thumb":{"w":150,"h":150,"resize":"crop"},"medium":{"w":497,"h":487,"resize":"fit"}}}]},"metadata":{"iso_language_code":"ja","result_type":"recent"},"source":"<a href=\"http://twitter.com/\" rel=\"nofollow\">zerotubusen11</a>","in_reply_to_status_id":null,"in_reply_to_status_id_str":null,"in_reply_to_user_id":null,"in_reply_to_user_id_str":null,"in_reply_to_screen_name":null,"user":{"id":101683375,"id_str":"101683375","name":"野村（バイナリ案内）","screen_name":"rimaEssex","location":"LINEID→nbai4","description":"以前のLINEデータが消えてしまいましたので新しいアカウントを作りました。連絡がつかない方多々おられますので新しいIDに連絡ください。突然連絡が途切れ不安にさせてしまい申し訳ありません。\n在宅で出来るバイナリーというものをLINEの方で案内しております。当然、無料案内です。　#バイナリー　#バイナリーオプション #副業","url":null,"entities":{"description":{"urls":[]}},"protected":false,"followers_count":9011,"friends_count":3887,"listed_count":2,"created_at":"Mon Jan 04 06:43:28 +0000 2010","favourites_count":0,"utc_offset":3600,"time_zone":"London","geo_enabled":false,"verified":false,"statuses_count":4,"lang":"ja","contributors_enabled":false,"is_translator":false,"is_translation_enabled":false,"profile_background_color":"EDECE9","profile_background_image_url":"http://abs.twimg.com/images/themes/theme3/bg.gif","profile_background_image_url_https":"https://abs.twimg.com/images/themes/theme3/bg.gif","profile_background_tile":false,"profile_image_url":"http://pbs.twimg.com/profile_images/863576562729234432/TDQG-yVj_normal.jpg","profile_image_url_https":"https://pbs.twimg.com/profile_images/863576562729234432/TDQG-yVj_normal.jpg","profile_link_color":"088253","profile_sidebar_border_color":"D3D2CF","profile_sidebar_fill_color":"E3E2DE","profile_text_color":"634047","profile_use_background_image":true,"has_extended_profile":false,"default_profile":false,"default_profile_image":false,"following":false,"follow_request_sent":false,"notifications":false,"translator_type":"none"},"geo":null,"coordinates":null,"place":null,"contributors":null,"is_quote_status":false,"retweet_count":101,"favorite_count":0,"favorited":false,"retweeted":false,"possibly_sensitive":false,"lang":"ja"},{"created_at":"Tue Jul 04 23:30:02 +0000 2017","id":882381013183103000,"id_str":"882381013183102976","text":"おふパコできる人いる？ｗ\n興味あったらLINE下さい(´・ω・｀)\n\nLINEQRで追加してー\n基本DM見てません(；´Д｀)\nhttps://t.co/z2UzUrv3i3","truncated":false,"entities":{"hashtags":[],"symbols":[],"user_mentions":[],"urls":[],"media":[{"id":857848717784657900,"id_str":"857848717784657921","indices":[64,87],"media_url":"http://pbs.twimg.com/media/C-ew3R6UMAELBHC.jpg","media_url_https":"https://pbs.twimg.com/media/C-ew3R6UMAELBHC.jpg","url":"https://t.co/z2UzUrv3i3","display_url":"pic.twitter.com/z2UzUrv3i3","expanded_url":"https://twitter.com/befovec/status/857848740098461697/photo/1","type":"photo","sizes":{"small":{"w":360,"h":360,"resize":"fit"},"thumb":{"w":150,"h":150,"resize":"crop"},"medium":{"w":360,"h":360,"resize":"fit"},"large":{"w":360,"h":360,"resize":"fit"}},"source_status_id":857848740098461700,"source_status_id_str":"857848740098461697","source_user_id":715111575732924400,"source_user_id_str":"715111575732924416"}]},"extended_entities":{"media":[{"id":857848717784657900,"id_str":"857848717784657921","indices":[64,87],"media_url":"http://pbs.twimg.com/media/C-ew3R6UMAELBHC.jpg","media_url_https":"https://pbs.twimg.com/media/C-ew3R6UMAELBHC.jpg","url":"https://t.co/z2UzUrv3i3","display_url":"pic.twitter.com/z2UzUrv3i3","expanded_url":"https://twitter.com/befovec/status/857848740098461697/photo/1","type":"photo","sizes":{"small":{"w":360,"h":360,"resize":"fit"},"thumb":{"w":150,"h":150,"resize":"crop"},"medium":{"w":360,"h":360,"resize":"fit"},"large":{"w":360,"h":360,"resize":"fit"}},"source_status_id":857848740098461700,"source_status_id_str":"857848740098461697","source_user_id":715111575732924400,"source_user_id_str":"715111575732924416"},{"id":857848724470485000,"id_str":"857848724470484992","indices":[64,87],"media_url":"http://pbs.twimg.com/media/C-ew3q0V0AAK6d1.jpg","media_url_https":"https://pbs.twimg.com/media/C-ew3q0V0AAK6d1.jpg","url":"https://t.co/z2UzUrv3i3","display_url":"pic.twitter.com/z2UzUrv3i3","expanded_url":"https://twitter.com/befovec/status/857848740098461697/photo/1","type":"photo","sizes":{"thumb":{"w":150,"h":150,"resize":"crop"},"medium":{"w":580,"h":774,"resize":"fit"},"large":{"w":580,"h":774,"resize":"fit"},"small":{"w":510,"h":680,"resize":"fit"}},"source_status_id":857848740098461700,"source_status_id_str":"857848740098461697","source_user_id":715111575732924400,"source_user_id_str":"715111575732924416"}]},"metadata":{"iso_language_code":"ja","result_type":"recent"},"source":"<a href=\"https://twitter.com/\" rel=\"nofollow\">uxasi wavyu</a>","in_reply_to_status_id":null,"in_reply_to_status_id_str":null,"in_reply_to_user_id":null,"in_reply_to_user_id_str":null,"in_reply_to_screen_name":null,"user":{"id":858686818979467300,"id_str":"858686818979467264","name":"ちえ♥オフパコ垢","screen_name":"chie_chiepi","location":"","description":"JD20( ･Θ･)ゞ基本的に発情してるんでｗｗオフパコしましょーｗｗｗ←優しくて清潔感ある年上の方で！","url":null,"entities":{"description":{"urls":[]}},"protected":false,"followers_count":130,"friends_count":7,"listed_count":0,"created_at":"Sun Apr 30 14:17:46 +0000 2017","favourites_count":0,"utc_offset":-25200,"time_zone":"Pacific Time (US & Canada)","geo_enabled":false,"verified":false,"statuses_count":9,"lang":"ja","contributors_enabled":false,"is_translator":false,"is_translation_enabled":false,"profile_background_color":"F5F8FA","profile_background_image_url":null,"profile_background_image_url_https":null,"profile_background_tile":false,"profile_image_url":"http://pbs.twimg.com/profile_images/859344126759899136/DEbNe-FF_normal.jpg","profile_image_url_https":"https://pbs.twimg.com/profile_images/859344126759899136/DEbNe-FF_normal.jpg","profile_link_color":"1DA1F2","profile_sidebar_border_color":"C0DEED","profile_sidebar_fill_color":"DDEEF6","profile_text_color":"333333","profile_use_background_image":true,"has_extended_profile":true,"default_profile":true,"default_profile_image":false,"following":false,"follow_request_sent":false,"notifications":false,"translator_type":"none"},"geo":null,"coordinates":null,"place":null,"contributors":null,"is_quote_status":false,"retweet_count":57,"favorite_count":0,"favorited":false,"retweeted":false,"possibly_sensitive":false,"lang":"ja"},{"created_at":"Tue Jul 04 23:30:01 +0000 2017","id":882381012767920100,"id_str":"882381012767920128","text":"おふパコできる人いる？ｗ\n興味あったらLINE下さい(´・ω・｀)\n\nLINEQRで追加してー\n基本DM見てません(；´Д｀)\nhttps://t.co/PPSnvdjlXQ","truncated":false,"entities":{"hashtags":[],"symbols":[],"user_mentions":[],"urls":[],"media":[{"id":857848717784657900,"id_str":"857848717784657921","indices":[64,87],"media_url":"http://pbs.twimg.com/media/C-ew3R6UMAELBHC.jpg","media_url_https":"https://pbs.twimg.com/media/C-ew3R6UMAELBHC.jpg","url":"https://t.co/PPSnvdjlXQ","display_url":"pic.twitter.com/PPSnvdjlXQ","expanded_url":"https://twitter.com/befovec/status/857848740098461697/photo/1","type":"photo","sizes":{"small":{"w":360,"h":360,"resize":"fit"},"thumb":{"w":150,"h":150,"resize":"crop"},"medium":{"w":360,"h":360,"resize":"fit"},"large":{"w":360,"h":360,"resize":"fit"}},"source_status_id":857848740098461700,"source_status_id_str":"857848740098461697","source_user_id":715111575732924400,"source_user_id_str":"715111575732924416"}]},"extended_entities":{"media":[{"id":857848717784657900,"id_str":"857848717784657921","indices":[64,87],"media_url":"http://pbs.twimg.com/media/C-ew3R6UMAELBHC.jpg","media_url_https":"https://pbs.twimg.com/media/C-ew3R6UMAELBHC.jpg","url":"https://t.co/PPSnvdjlXQ","display_url":"pic.twitter.com/PPSnvdjlXQ","expanded_url":"https://twitter.com/befovec/status/857848740098461697/photo/1","type":"photo","sizes":{"small":{"w":360,"h":360,"resize":"fit"},"thumb":{"w":150,"h":150,"resize":"crop"},"medium":{"w":360,"h":360,"resize":"fit"},"large":{"w":360,"h":360,"resize":"fit"}},"source_status_id":857848740098461700,"source_status_id_str":"857848740098461697","source_user_id":715111575732924400,"source_user_id_str":"715111575732924416"},{"id":857848724470485000,"id_str":"857848724470484992","indices":[64,87],"media_url":"http://pbs.twimg.com/media/C-ew3q0V0AAK6d1.jpg","media_url_https":"https://pbs.twimg.com/media/C-ew3q0V0AAK6d1.jpg","url":"https://t.co/PPSnvdjlXQ","display_url":"pic.twitter.com/PPSnvdjlXQ","expanded_url":"https://twitter.com/befovec/status/857848740098461697/photo/1","type":"photo","sizes":{"thumb":{"w":150,"h":150,"resize":"crop"},"medium":{"w":580,"h":774,"resize":"fit"},"large":{"w":580,"h":774,"resize":"fit"},"small":{"w":510,"h":680,"resize":"fit"}},"source_status_id":857848740098461700,"source_status_id_str":"857848740098461697","source_user_id":715111575732924400,"source_user_id_str":"715111575732924416"}]},"metadata":{"iso_language_code":"ja","result_type":"recent"},"source":"<a href=\"https://twitter.com/\" rel=\"nofollow\">ofzfqj k1duzu</a>","in_reply_to_status_id":null,"in_reply_to_status_id_str":null,"in_reply_to_user_id":null,"in_reply_to_user_id_str":null,"in_reply_to_screen_name":null,"user":{"id":867177196762394600,"id_str":"867177196762394624","name":"チエ→おふぱこ垢","screen_name":"chieshell","location":"","description":"JD20( ･Θ･)ゞ基本的に発情してるんでｗｗオフパコしましょーｗｗｗ←優しくて清潔感ある年上の方で！","url":null,"entities":{"description":{"urls":[]}},"protected":false,"followers_count":107,"friends_count":56,"listed_count":0,"created_at":"Wed May 24 00:35:29 +0000 2017","favourites_count":0,"utc_offset":-25200,"time_zone":"Pacific Time (US & Canada)","geo_enabled":false,"verified":false,"statuses_count":10,"lang":"ja","contributors_enabled":false,"is_translator":false,"is_translation_enabled":false,"profile_background_color":"F5F8FA","profile_background_image_url":null,"profile_background_image_url_https":null,"profile_background_tile":false,"profile_image_url":"http://pbs.twimg.com/profile_images/870201108806770689/p2WN7vN5_normal.jpg","profile_image_url_https":"https://pbs.twimg.com/profile_images/870201108806770689/p2WN7vN5_normal.jpg","profile_link_color":"1DA1F2","profile_sidebar_border_color":"C0DEED","profile_sidebar_fill_color":"DDEEF6","profile_text_color":"333333","profile_use_background_image":true,"has_extended_profile":false,"default_profile":true,"default_profile_image":false,"following":false,"follow_request_sent":false,"notifications":false,"translator_type":"none"},"geo":null,"coordinates":null,"place":null,"contributors":null,"is_quote_status":false,"retweet_count":57,"favorite_count":0,"favorited":false,"retweeted":false,"possibly_sensitive":false,"lang":"ja"}],"search_metadata":{"completed_in":0.081,"max_id":882382523044569100,"max_id_str":"882382523044569088","next_results":"?max_id=882381012767920127&q=lang%3Aja%20min_retweets%3A50&include_entities=1","query":"lang%3Aja+min_retweets%3A50","refresh_url":"?since_id=882382523044569088&q=lang%3Aja%20min_retweets%3A50&include_entities=1","count":15,"since_id":0,"since_id_str":"0"}}