{"statuses":[{"created_at":"Sat Jul 08 01:18:40 +0000 2017","id":883495516075507700,"id_str":"883495516075507713","text":"休日のオジさんみたいな食べ方をするカワウソ:ちいたん☆ https://t.co/X6wEfT3sOy","truncated":false,"entities":{"hashtags":[],"symbols":[],"user_mentions":[],"urls":[],"media":[{"id":883494941967622100,"id_str":"883494941967622144","indices":[28,51],"media_url":"http://pbs.twimg.com/ext_tw_video_thumb/883494941967622144/pu/img/-BLaPhOUKjWHB9y8.jpg","media_url_https":"https://pbs.twimg.com/ext_tw_video_thumb/883494941967622144/pu/img/-BLaPhOUKjWHB9y8.jpg","url":"https://t.co/X6wEfT3sOy","display_url":"pic.twitter.com/X6wEfT3sOy","expanded_url":"https://twitter.com/love_otter_love/status/883495516075507713/video/1","type":"photo","sizes":{"small":{"w":340,"h":604,"resize":"fit"},"large":{"w":720,"h":1280,"resize":"fit"},"thumb":{"w":150,"h":150,"resize":"crop"},"medium":{"w":600,"h":1067,"resize":"fit"}}}]},"extended_entities":{"media":[{"id":883494941967622100,"id_str":"883494941967622144","indices":[28,51],"media_url":"http://pbs.twimg.com/ext_tw_video_thumb/883494941967622144/pu/img/-BLaPhOUKjWHB9y8.jpg","media_url_https":"https://pbs.twimg.com/ext_tw_video_thumb/883494941967622144/pu/img/-BLaPhOUKjWHB9y8.jpg","url":"https://t.co/X6wEfT3sOy","display_url":"pic.twitter.com/X6wEfT3sOy","expanded_url":"https://twitter.com/love_otter_love/status/883495516075507713/video/1","type":"video","sizes":{"small":{"w":340,"h":604,"resize":"fit"},"large":{"w":720,"h":1280,"resize":"fit"},"thumb":{"w":150,"h":150,"resize":"crop"},"medium":{"w":600,"h":1067,"resize":"fit"}},"video_info":{"aspect_ratio":[9,16],"duration_millis":78833,"variants":[{"bitrate":320000,"content_type":"video/mp4","url":"https://video.twimg.com/ext_tw_video/883494941967622144/pu/vid/180x320/aXvOyl6nUYqn3eUe.mp4"},{"content_type":"application/x-mpegURL","url":"https://video.twimg.com/ext_tw_video/883494941967622144/pu/pl/gohWANuLua7jzscG.m3u8"},{"bitrate":2176000,"content_type":"video/mp4","url":"https://video.twimg.com/ext_tw_video/883494941967622144/pu/vid/720x1280/5TJFtTAQv8UMTohS.mp4"},{"bitrate":832000,"content_type":"video/mp4","url":"https://video.twimg.com/ext_tw_video/883494941967622144/pu/vid/360x640/2ISF0ZiMBEf3wFwi.mp4"}]},"additional_media_info":{"monetizable":false}}]},"metadata":{"iso_language_code":"ja","result_type":"recent"},"source":"<a href=\"http://twitter.com/download/iphone\" rel=\"nofollow\">Twitter for iPhone</a>","in_reply_to_status_id":null,"in_reply_to_status_id_str":null,"in_reply_to_user_id":null,"in_reply_to_user_id_str":null,"in_reply_to_screen_name":null,"user":{"id":2733351320,"id_str":"2733351320","name":"カワウソのちぃたん☆💙","screen_name":"love_otter_love","location":"","description":"コツメカワウソの誕生時からの成長記録をお届けします。 けもフレ推しはコツメカワウソちゃん★２０１７年４月１０日生♀️OTTER。 RTしてくれた方、小動物好きさん無言フォローごめんなさい。 迷い犬、猫情報あればＲＴします、拡散に使ってください🐦 BLOG：https://t.co/v6GrfVtR2O","url":"https://t.co/M98KoTKN7i","entities":{"url":{"urls":[{"url":"https://t.co/M98KoTKN7i","expanded_url":"https://www.youtube.com/channel/UCAOjDi_onmdabYIN7x7laNg?sub_confirmation=1","display_url":"youtube.com/channel/UCAOjD…","indices":[0,23]}]},"description":{"urls":[{"url":"https://t.co/v6GrfVtR2O","expanded_url":"http://ameblo.jp/kawaii-other/","display_url":"ameblo.jp/kawaii-other/","indices":[128,151]}]}},"protected":false,"followers_count":218436,"friends_count":76503,"listed_count":267,"created_at":"Fri Aug 15 02:00:41 +0000 2014","favourites_count":20570,"utc_offset":-25200,"time_zone":"Pacific Time (US & Canada)","geo_enabled":false,"verified":false,"statuses_count":11346,"lang":"ja","contributors_enabled":false,"is_translator":false,"is_translation_enabled":false,"profile_background_color":"000000","profile_background_image_url":"http://abs.twimg.com/images/themes/theme1/bg.png","profile_background_image_url_https":"https://abs.twimg.com/images/themes/theme1/bg.png","profile_background_tile":false,"profile_image_url":"http://pbs.twimg.com/profile_images/877989171469701120/OSPEsRXR_normal.jpg","profile_image_url_https":"https://pbs.twimg.com/profile_images/877989171469701120/OSPEsRXR_normal.jpg","profile_banner_url":"https://pbs.twimg.com/profile_banners/2733351320/1499245451","profile_link_color":"981CEB","profile_sidebar_border_color":"000000","profile_sidebar_fill_color":"000000","profile_text_color":"000000","profile_use_background_image":false,"has_extended_profile":true,"default_profile":false,"default_profile_image":false,"following":false,"follow_request_sent":false,"notifications":false,"translator_type":"none"},"geo":null,"coordinates":null,"place":null,"contributors":null,"is_quote_status":false,"retweet_count":54,"favorite_count":98,"favorited":false,"retweeted":false,"possibly_sensitive":false,"lang":"ja"},{"created_at":"Sat Jul 08 01:17:30 +0000 2017","id":883495223724097500,"id_str":"883495223724097536","text":"おはようございます！\n舞台『黒子のバスケ』OVER-DRIVE東京公演最後の二公演！！！\nくろステでアイアシアターに来るのも明日で終わりかー。ほんと早い。りゅうさんも感慨深そうだ。\n残り三公演、限界突破！！！\n\n中屋敷さんが劇場に… https://t.co/7rUtZOy7on","truncated":true,"entities":{"hashtags":[],"symbols":[],"user_mentions":[],"urls":[{"url":"https://t.co/7rUtZOy7on","expanded_url":"https://twitter.com/i/web/status/883495223724097536","display_url":"twitter.com/i/web/status/8…","indices":[117,140]}]},"metadata":{"iso_language_code":"ja","result_type":"recent"},"source":"<a href=\"http://twitter.com/download/iphone\" rel=\"nofollow\">Twitter for iPhone</a>","in_reply_to_status_id":null,"in_reply_to_status_id_str":null,"in_reply_to_user_id":null,"in_reply_to_user_id_str":null,"in_reply_to_screen_name":null,"user":{"id":4002479900,"id_str":"4002479900","name":"安里 勇哉【TOKYO流星群】","screen_name":"asa10_y","location":"OKINAWA→TOKYO","description":"新感覚エンターテイメントショーボーイズ、TOKYO流星群。ルビーパレード所属。沖縄県出身。なんくるないさです。最新出演作 舞台『黒子のバスケ』OVER-DRIVE  火神大我役   TVアニメ『王室教師ハイネ』カイ役","url":"https://t.co/0eCfZrQOLa","entities":{"url":{"urls":[{"url":"https://t.co/0eCfZrQOLa","expanded_url":"http://ameblo.jp/yu-yaasato/","display_url":"ameblo.jp/yu-yaasato/","indices":[0,23]}]},"description":{"urls":[]}},"protected":false,"followers_count":29744,"friends_count":130,"listed_count":1332,"created_at":"Sat Oct 24 13:04:52 +0000 2015","favourites_count":0,"utc_offset":null,"time_zone":null,"geo_enabled":true,"verified":false,"statuses_count":1963,"lang":"en","contributors_enabled":false,"is_translator":false,"is_translation_enabled":false,"profile_background_color":"C0DEED","profile_background_image_url":"http://abs.twimg.com/images/themes/theme1/bg.png","profile_background_image_url_https":"https://abs.twimg.com/images/themes/theme1/bg.png","profile_background_tile":false,"profile_image_url":"http://pbs.twimg.com/profile_images/657915192915853314/5tI4hEFf_normal.jpg","profile_image_url_https":"https://pbs.twimg.com/profile_images/657915192915853314/5tI4hEFf_normal.jpg","profile_banner_url":"https://pbs.twimg.com/profile_banners/4002479900/1497438058","profile_link_color":"1DA1F2","profile_sidebar_border_color":"C0DEED","profile_sidebar_fill_color":"DDEEF6","profile_text_color":"333333","profile_use_background_image":true,"has_extended_profile":true,"default_profile":true,"default_profile_image":false,"following":false,"follow_request_sent":false,"notifications":false,"translator_type":"none"},"geo":null,"coordinates":null,"place":null,"contributors":null,"is_quote_status":false,"retweet_count":58,"favorite_count":141,"favorited":false,"retweeted":false,"possibly_sensitive":false,"lang":"ja"},{"created_at":"Sat Jul 08 01:17:23 +0000 2017","id":883495192782807000,"id_str":"883495192782807040","text":"昨日は悲しい知らせがあったために皆さんにおめでとうございませんでした ごめんなさい..遅れたけど,,おめでとうございます！また、大雨で福岡をはじめたくさんの方々が被害を受けていると聞きました、、みなさんも気をつけてくださいね!すご… https://t.co/tRGS33niDL","truncated":true,"entities":{"hashtags":[],"symbols":[],"user_mentions":[],"urls":[{"url":"https://t.co/tRGS33niDL","expanded_url":"https://twitter.com/i/web/status/883495192782807040","display_url":"twitter.com/i/web/status/8…","indices":[117,140]}]},"metadata":{"iso_language_code":"ja","result_type":"recent"},"source":"<a href=\"http://twitter.com/download/iphone\" rel=\"nofollow\">Twitter for iPhone</a>","in_reply_to_status_id":null,"in_reply_to_status_id_str":null,"in_reply_to_user_id":null,"in_reply_to_user_id_str":null,"in_reply_to_screen_name":null,"user":{"id":2599373066,"id_str":"2599373066","name":"윤성모","screen_name":"RomeoSM2123","location":"","description":"* The future is with M.W * forever.. )","url":null,"entities":{"description":{"urls":[]}},"protected":false,"followers_count":27894,"friends_count":43,"listed_count":515,"created_at":"Wed Jul 02 07:46:25 +0000 2014","favourites_count":20,"utc_offset":null,"time_zone":null,"geo_enabled":true,"verified":false,"statuses_count":247,"lang":"ko","contributors_enabled":false,"is_translator":false,"is_translation_enabled":false,"profile_background_color":"C0DEED","profile_background_image_url":"http://abs.twimg.com/images/themes/theme1/bg.png","profile_background_image_url_https":"https://abs.twimg.com/images/themes/theme1/bg.png","profile_background_tile":false,"profile_image_url":"http://pbs.twimg.com/profile_images/697391425265098752/jVNMGlZm_normal.jpg","profile_image_url_https":"https://pbs.twimg.com/profile_images/697391425265098752/jVNMGlZm_normal.jpg","profile_banner_url":"https://pbs.twimg.com/profile_banners/2599373066/1451697924","profile_link_color":"1DA1F2","profile_sidebar_border_color":"C0DEED","profile_sidebar_fill_color":"DDEEF6","profile_text_color":"333333","profile_use_background_image":true,"has_extended_profile":true,"default_profile":true,"default_profile_image":false,"following":false,"follow_request_sent":false,"notifications":false,"translator_type":"none"},"geo":null,"coordinates":null,"place":null,"contributors":null,"is_quote_status":false,"retweet_count":103,"favorite_count":361,"favorited":false,"retweeted":false,"possibly_sensitive":false,"lang":"ja"},{"created_at":"Sat Jul 08 01:17:06 +0000 2017","id":883495122066743300,"id_str":"883495122066743296","text":"LOUDOG貰った！ https://t.co/tnbcVFKUt2","truncated":false,"entities":{"hashtags":[],"symbols":[],"user_mentions":[],"urls":[],"media":[{"id":883495117545287700,"id_str":"883495117545287681","indices":[11,34],"media_url":"http://pbs.twimg.com/media/DELOIOIUMAEt_5y.jpg","media_url_https":"https://pbs.twimg.com/media/DELOIOIUMAEt_5y.jpg","url":"https://t.co/tnbcVFKUt2","display_url":"pic.twitter.com/tnbcVFKUt2","expanded_url":"https://twitter.com/takuma10feet/status/883495122066743296/photo/1","type":"photo","sizes":{"large":{"w":1108,"h":1478,"resize":"fit"},"thumb":{"w":150,"h":150,"resize":"crop"},"medium":{"w":900,"h":1200,"resize":"fit"},"small":{"w":510,"h":680,"resize":"fit"}}}]},"extended_entities":{"media":[{"id":883495117545287700,"id_str":"883495117545287681","indices":[11,34],"media_url":"http://pbs.twimg.com/media/DELOIOIUMAEt_5y.jpg","media_url_https":"https://pbs.twimg.com/media/DELOIOIUMAEt_5y.jpg","url":"https://t.co/tnbcVFKUt2","display_url":"pic.twitter.com/tnbcVFKUt2","expanded_url":"https://twitter.com/takuma10feet/status/883495122066743296/photo/1","type":"photo","sizes":{"large":{"w":1108,"h":1478,"resize":"fit"},"thumb":{"w":150,"h":150,"resize":"crop"},"medium":{"w":900,"h":1200,"resize":"fit"},"small":{"w":510,"h":680,"resize":"fit"}}}]},"metadata":{"iso_language_code":"ja","result_type":"recent"},"source":"<a href=\"http://www.echofon.com/\" rel=\"nofollow\">Echofon</a>","in_reply_to_status_id":null,"in_reply_to_status_id_str":null,"in_reply_to_user_id":null,"in_reply_to_user_id_str":null,"in_reply_to_screen_name":null,"user":{"id":141139056,"id_str":"141139056","name":"タクマ 10-FEET","screen_name":"takuma10feet","location":"京都","description":"タクマといいます。10-FEETというバンドやってます。京都は左京区下鴨生まれのマクリン幼稚園→下鴨小学校→比叡平小学校→皇子山中学→北大津→大阪経済法科大学→メタルの世界→10-FEET。見知らぬ人の中からも自分とは環境や趣味や感性が違う人など共感出来る人などランダムにフォローします。よろしくです。","url":"https://t.co/KNXFyQoFMf","entities":{"url":{"urls":[{"url":"https://t.co/KNXFyQoFMf","expanded_url":"http://www.10-feet.kyoto","display_url":"10-feet.kyoto","indices":[0,23]}]},"description":{"urls":[]}},"protected":false,"followers_count":278841,"friends_count":1612,"listed_count":3227,"created_at":"Fri May 07 08:20:26 +0000 2010","favourites_count":53,"utc_offset":32400,"time_zone":"Tokyo","geo_enabled":false,"verified":true,"statuses_count":9996,"lang":"ja","contributors_enabled":false,"is_translator":false,"is_translation_enabled":false,"profile_background_color":"C0DEED","profile_background_image_url":"http://abs.twimg.com/images/themes/theme1/bg.png","profile_background_image_url_https":"https://abs.twimg.com/images/themes/theme1/bg.png","profile_background_tile":false,"profile_image_url":"http://pbs.twimg.com/profile_images/808953570670178304/HK0x4axM_normal.jpg","profile_image_url_https":"https://pbs.twimg.com/profile_images/808953570670178304/HK0x4axM_normal.jpg","profile_link_color":"1DA1F2","profile_sidebar_border_color":"C0DEED","profile_sidebar_fill_color":"DDEEF6","profile_text_color":"333333","profile_use_background_image":true,"has_extended_profile":false,"default_profile":true,"default_profile_image":false,"following":false,"follow_request_sent":false,"notifications":false,"translator_type":"none"},"geo":null,"coordinates":null,"place":null,"contributors":null,"is_quote_status":false,"retweet_count":54,"favorite_count":308,"favorited":false,"retweeted":false,"possibly_sensitive":false,"lang":"ja"},{"created_at":"Sat Jul 08 01:17:03 +0000 2017","id":883495111220281300,"id_str":"883495111220281344","text":"表面をかりかりにしたいホットケーキ名人は、弱火でじっくり焼いた後に、トースターで焼くことを覚えた。表面かりかり！中はふわふわ！","truncated":false,"entities":{"hashtags":[],"symbols":[],"user_mentions":[],"urls":[]},"metadata":{"iso_language_code":"ja","result_type":"recent"},"source":"<a href=\"http://twitter.com/download/iphone\" rel=\"nofollow\">Twitter for iPhone</a>","in_reply_to_status_id":null,"in_reply_to_status_id_str":null,"in_reply_to_user_id":null,"in_reply_to_user_id_str":null,"in_reply_to_screen_name":null,"user":{"id":109515557,"id_str":"109515557","name":"LiSA","screen_name":"LiSA_OLiVE","location":"","description":"☆LiSA☆歌うたいます「今日もいい日だっ」☻YAEVA MUSiC  ☻TVアニメ「僕のヒーローアカデミア」EDテーマ「だってアタシのヒーロー。」８月２日発売決定！ ☻NEW ALBUM 「LiTTLE DEViL PARADE」発売中！☻全国13ヶ所ホールツアー決定😈","url":"https://t.co/0zKFBrcG6s","entities":{"url":{"urls":[{"url":"https://t.co/0zKFBrcG6s","expanded_url":"http://www.lxixsxa.com/","display_url":"lxixsxa.com","indices":[0,23]}]},"description":{"urls":[]}},"protected":false,"followers_count":519426,"friends_count":80704,"listed_count":5931,"created_at":"Fri Jan 29 09:14:34 +0000 2010","favourites_count":3313,"utc_offset":32400,"time_zone":"Tokyo","geo_enabled":false,"verified":true,"statuses_count":71987,"lang":"ja","contributors_enabled":false,"is_translator":false,"is_translation_enabled":true,"profile_background_color":"FF00C8","profile_background_image_url":"http://pbs.twimg.com/profile_background_images/368355954/bg.gif","profile_background_image_url_https":"https://pbs.twimg.com/profile_background_images/368355954/bg.gif","profile_background_tile":false,"profile_image_url":"http://pbs.twimg.com/profile_images/848372039480033285/yP82xgjB_normal.jpg","profile_image_url_https":"https://pbs.twimg.com/profile_images/848372039480033285/yP82xgjB_normal.jpg","profile_banner_url":"https://pbs.twimg.com/profile_banners/109515557/1493644789","profile_link_color":"FF00C8","profile_sidebar_border_color":"FF00C8","profile_sidebar_fill_color":"FBFF0A","profile_text_color":"0E0614","profile_use_background_image":true,"has_extended_profile":false,"default_profile":false,"default_profile_image":false,"following":false,"follow_request_sent":false,"notifications":false,"translator_type":"none"},"geo":null,"coordinates":null,"place":null,"contributors":null,"is_quote_status":false,"retweet_count":70,"favorite_count":340,"favorited":false,"retweeted":false,"lang":"ja"},{"created_at":"Sat Jul 08 01:16:42 +0000 2017","id":883495021705482200,"id_str":"883495021705482241","text":"仮面ライダーエグゼイド\n第38話「涙のperiod」\n明日あさ8時から放送です！\n花家大我の命が外科医・鏡飛彩の両腕に託される！？\n彼らの運命がたどりつく涙のperiodとは……？\nhttps://t.co/jzJqsg3wuo\n#エグゼイド　#仮面ライダー","truncated":false,"entities":{"hashtags":[{"text":"エグゼイド","indices":[115,121]},{"text":"仮面ライダー","indices":[122,129]}],"symbols":[],"user_mentions":[],"urls":[{"url":"https://t.co/jzJqsg3wuo","expanded_url":"http://www.toei.co.jp/tv/ex-aid/story/1210062_2606.html","display_url":"toei.co.jp/tv/ex-aid/stor…","indices":[91,114]}]},"metadata":{"iso_language_code":"ja","result_type":"recent"},"source":"<a href=\"http://twitter.com\" rel=\"nofollow\">Twitter Web Client</a>","in_reply_to_status_id":null,"in_reply_to_status_id_str":null,"in_reply_to_user_id":null,"in_reply_to_user_id_str":null,"in_reply_to_screen_name":null,"user":{"id":131457770,"id_str":"131457770","name":"高橋悠也","screen_name":"yuya_takahashi","location":"東京","description":"UNIBIRD主宰。主に物語を書いてます。「仮面ライダーエグゼイド」日曜8時から放送中／劇場版「仮面ライダーエグゼイド トゥルー・エンディング」今夏8/5（土）全国公開／映画「曇天に笑う」2018年全国公開","url":"https://t.co/psltDvr3PP","entities":{"url":{"urls":[{"url":"https://t.co/psltDvr3PP","expanded_url":"http://www.unibird.com","display_url":"unibird.com","indices":[0,23]}]},"description":{"urls":[]}},"protected":false,"followers_count":4590,"friends_count":124,"listed_count":197,"created_at":"Sat Apr 10 09:39:22 +0000 2010","favourites_count":3,"utc_offset":32400,"time_zone":"Tokyo","geo_enabled":false,"verified":false,"statuses_count":3375,"lang":"ja","contributors_enabled":false,"is_translator":false,"is_translation_enabled":false,"profile_background_color":"FFFFFF","profile_background_image_url":"http://pbs.twimg.com/profile_background_images/345660046/__________.jpg","profile_background_image_url_https":"https://pbs.twimg.com/profile_background_images/345660046/__________.jpg","profile_background_tile":true,"profile_image_url":"http://pbs.twimg.com/profile_images/673075658201796608/dxaVzHVv_normal.jpg","profile_image_url_https":"https://pbs.twimg.com/profile_images/673075658201796608/dxaVzHVv_normal.jpg","profile_link_color":"000000","profile_sidebar_border_color":"000000","profile_sidebar_fill_color":"E8E8E8","profile_text_color":"000000","profile_use_background_image":true,"has_extended_profile":false,"default_profile":false,"default_profile_image":false,"following":false,"follow_request_sent":false,"notifications":false,"translator_type":"none"},"geo":null,"coordinates":null,"place":null,"contributors":null,"is_quote_status":false,"retweet_count":52,"favorite_count":37,"favorited":false,"retweeted":false,"possibly_sensitive":false,"lang":"ja"},{"created_at":"Sat Jul 08 01:16:06 +0000 2017","id":883494872195276800,"id_str":"883494872195276800","text":"「傷物語〈Ⅲ冷血篇〉」Blu-ray/DVDカウントダウン\n【7月8日、発売マデ後4日】 https://t.co/tpw0QWGaI4","truncated":false,"entities":{"hashtags":[],"symbols":[],"user_mentions":[],"urls":[],"media":[{"id":883494865467617300,"id_str":"883494865467617281","indices":[45,68],"media_url":"http://pbs.twimg.com/media/DELN5jEUMAEJQrS.jpg","media_url_https":"https://pbs.twimg.com/media/DELN5jEUMAEJQrS.jpg","url":"https://t.co/tpw0QWGaI4","display_url":"pic.twitter.com/tpw0QWGaI4","expanded_url":"https://twitter.com/nisioisin_anime/status/883494872195276800/photo/1","type":"photo","sizes":{"medium":{"w":1200,"h":675,"resize":"fit"},"thumb":{"w":150,"h":150,"resize":"crop"},"small":{"w":680,"h":382,"resize":"fit"},"large":{"w":1334,"h":750,"resize":"fit"}}}]},"extended_entities":{"media":[{"id":883494865467617300,"id_str":"883494865467617281","indices":[45,68],"media_url":"http://pbs.twimg.com/media/DELN5jEUMAEJQrS.jpg","media_url_https":"https://pbs.twimg.com/media/DELN5jEUMAEJQrS.jpg","url":"https://t.co/tpw0QWGaI4","display_url":"pic.twitter.com/tpw0QWGaI4","expanded_url":"https://twitter.com/nisioisin_anime/status/883494872195276800/photo/1","type":"photo","sizes":{"medium":{"w":1200,"h":675,"resize":"fit"},"thumb":{"w":150,"h":150,"resize":"crop"},"small":{"w":680,"h":382,"resize":"fit"},"large":{"w":1334,"h":750,"resize":"fit"}}}]},"metadata":{"iso_language_code":"ja","result_type":"recent"},"source":"<a href=\"http://twitter.com/download/iphone\" rel=\"nofollow\">Twitter for iPhone</a>","in_reply_to_status_id":null,"in_reply_to_status_id_str":null,"in_reply_to_user_id":null,"in_reply_to_user_id_str":null,"in_reply_to_screen_name":null,"user":{"id":428697509,"id_str":"428697509","name":"西尾維新アニメプロジェクト","screen_name":"nisioisin_anime","location":"","description":"「西尾維新アニメプロジェクト」公式 『傷物語〈Ⅲ冷血篇〉』『クビキリサイクル 青色サヴァンと戯言遣い』","url":"https://t.co/7EvAmkpX2P","entities":{"url":{"urls":[{"url":"https://t.co/7EvAmkpX2P","expanded_url":"http://www.monogatari-series.com/","display_url":"monogatari-series.com","indices":[0,23]}]},"description":{"urls":[]}},"protected":false,"followers_count":399651,"friends_count":6,"listed_count":3664,"created_at":"Mon Dec 05 02:32:02 +0000 2011","favourites_count":0,"utc_offset":28800,"time_zone":"Irkutsk","geo_enabled":false,"verified":true,"statuses_count":3165,"lang":"ja","contributors_enabled":false,"is_translator":false,"is_translation_enabled":false,"profile_background_color":"FFFFFF","profile_background_image_url":"http://pbs.twimg.com/profile_background_images/378704179/bg_twitter2.gif","profile_background_image_url_https":"https://pbs.twimg.com/profile_background_images/378704179/bg_twitter2.gif","profile_background_tile":true,"profile_image_url":"http://pbs.twimg.com/profile_images/1682638323/icon_normal.jpg","profile_image_url_https":"https://pbs.twimg.com/profile_images/1682638323/icon_normal.jpg","profile_banner_url":"https://pbs.twimg.com/profile_banners/428697509/1482983782","profile_link_color":"0084B4","profile_sidebar_border_color":"DEDEDE","profile_sidebar_fill_color":"F0F0F0","profile_text_color":"333333","profile_use_background_image":true,"has_extended_profile":false,"default_profile":false,"default_profile_image":false,"following":false,"follow_request_sent":false,"notifications":false,"translator_type":"none"},"geo":null,"coordinates":null,"place":null,"contributors":null,"is_quote_status":false,"retweet_count":69,"favorite_count":107,"favorited":false,"retweeted":false,"possibly_sensitive":false,"lang":"ja"},{"created_at":"Sat Jul 08 01:15:45 +0000 2017","id":883494781212479500,"id_str":"883494781212479488","text":"まもなく、TBS系列にてハロー張りネズミチームが「王様のブランチ」に生出演します！みなさま、ぜひ見てくださいね〜！！( ◠‿◠ )テレビに張り寝ズ視👀！ https://t.co/MwgZ783oYa","truncated":false,"entities":{"hashtags":[],"symbols":[],"user_mentions":[],"urls":[],"media":[{"id":883494769304797200,"id_str":"883494769304797192","indices":[77,100],"media_url":"http://pbs.twimg.com/media/DELNz81UAAgWiiY.jpg","media_url_https":"https://pbs.twimg.com/media/DELNz81UAAgWiiY.jpg","url":"https://t.co/MwgZ783oYa","display_url":"pic.twitter.com/MwgZ783oYa","expanded_url":"https://twitter.com/hello_hrnzm/status/883494781212479488/photo/1","type":"photo","sizes":{"small":{"w":680,"h":510,"resize":"fit"},"medium":{"w":1024,"h":768,"resize":"fit"},"large":{"w":1024,"h":768,"resize":"fit"},"thumb":{"w":150,"h":150,"resize":"crop"}}}]},"extended_entities":{"media":[{"id":883494769304797200,"id_str":"883494769304797192","indices":[77,100],"media_url":"http://pbs.twimg.com/media/DELNz81UAAgWiiY.jpg","media_url_https":"https://pbs.twimg.com/media/DELNz81UAAgWiiY.jpg","url":"https://t.co/MwgZ783oYa","display_url":"pic.twitter.com/MwgZ783oYa","expanded_url":"https://twitter.com/hello_hrnzm/status/883494781212479488/photo/1","type":"photo","sizes":{"small":{"w":680,"h":510,"resize":"fit"},"medium":{"w":1024,"h":768,"resize":"fit"},"large":{"w":1024,"h":768,"resize":"fit"},"thumb":{"w":150,"h":150,"resize":"crop"}}}]},"metadata":{"iso_language_code":"ja","result_type":"recent"},"source":"<a href=\"http://twitter.com/download/iphone\" rel=\"nofollow\">Twitter for iPhone</a>","in_reply_to_status_id":null,"in_reply_to_status_id_str":null,"in_reply_to_user_id":null,"in_reply_to_user_id_str":null,"in_reply_to_screen_name":null,"user":{"id":844776549102436400,"id_str":"844776549102436358","name":"ハロー張りネズミ【公式】ハロネズ","screen_name":"hello_hrnzm","location":"あかつか探偵事務所","description":"TBS7月期新金曜ドラマ【ハロー張りネズミ】番組公式アカウントです。７月１４日金曜よる10時スタート！初回は15分拡大！○原作:弘兼憲史○出演:瑛太、深田恭子、森田剛、山口智子、ほか ○脚本・演出:大根仁 ○番組公式Instagram https://t.co/5z5ifRKyLg","url":"https://t.co/KUCqy4chc1","entities":{"url":{"urls":[{"url":"https://t.co/KUCqy4chc1","expanded_url":"http://www.tbs.co.jp/hello-harinezumi/","display_url":"tbs.co.jp/hello-harinezu…","indices":[0,23]}]},"description":{"urls":[{"url":"https://t.co/5z5ifRKyLg","expanded_url":"http://Instagram.com/hello_harinezumi","display_url":"Instagram.com/hello_harinezu…","indices":[118,141]}]}},"protected":false,"followers_count":19105,"friends_count":23,"listed_count":104,"created_at":"Thu Mar 23 05:03:19 +0000 2017","favourites_count":64,"utc_offset":null,"time_zone":null,"geo_enabled":false,"verified":false,"statuses_count":76,"lang":"ja","contributors_enabled":false,"is_translator":false,"is_translation_enabled":false,"profile_background_color":"F5F8FA","profile_background_image_url":null,"profile_background_image_url_https":null,"profile_background_tile":false,"profile_image_url":"http://pbs.twimg.com/profile_images/878076466713346048/DqHyqP5c_normal.jpg","profile_image_url_https":"https://pbs.twimg.com/profile_images/878076466713346048/DqHyqP5c_normal.jpg","profile_banner_url":"https://pbs.twimg.com/profile_banners/844776549102436358/1497843497","profile_link_color":"1DA1F2","profile_sidebar_border_color":"C0DEED","profile_sidebar_fill_color":"DDEEF6","profile_text_color":"333333","profile_use_background_image":true,"has_extended_profile":false,"default_profile":true,"default_profile_image":false,"following":false,"follow_request_sent":false,"notifications":false,"translator_type":"none"},"geo":null,"coordinates":null,"place":null,"contributors":null,"is_quote_status":false,"retweet_count":59,"favorite_count":127,"favorited":false,"retweeted":false,"possibly_sensitive":false,"lang":"ja"},{"created_at":"Sat Jul 08 01:15:29 +0000 2017","id":883494714036506600,"id_str":"883494714036506626","text":"こんにちは！今日も暑いですね💦\n\nフォロー&amp;RTで #酒粕甘酒毎日当たる\n\n【応募の流れ】\n①フォロー\n②リツイート\n③即時抽選\n※当選された方のみへの連絡です\n\nケース販売も実施中！\n▶︎… https://t.co/hwivESWzr5","truncated":true,"entities":{"hashtags":[{"text":"酒粕甘酒毎日当たる","indices":[30,40]}],"symbols":[],"user_mentions":[],"urls":[{"url":"https://t.co/hwivESWzr5","expanded_url":"https://twitter.com/i/web/status/883494714036506626","display_url":"twitter.com/i/web/status/8…","indices":[101,124]}]},"metadata":{"iso_language_code":"ja","result_type":"recent"},"source":"<a href=\"http://twitter.com\" rel=\"nofollow\">Twitter Web Client</a>","in_reply_to_status_id":null,"in_reply_to_status_id_str":null,"in_reply_to_user_id":null,"in_reply_to_user_id_str":null,"in_reply_to_screen_name":null,"user":{"id":828408461528424400,"id_str":"828408461528424449","name":"メロディアン ハーモニーファイン","screen_name":"melodianhf","location":"大阪 八尾市 旭ヶ丘 1-33","description":"美と健康と笑顔と幸せをお届け。株式会社メロディアンハーモニーファインの公式アカウントです。","url":"https://t.co/ojPf68G2b5","entities":{"url":{"urls":[{"url":"https://t.co/ojPf68G2b5","expanded_url":"http://www.melodianhf.jp/","display_url":"melodianhf.jp","indices":[0,23]}]},"description":{"urls":[]}},"protected":false,"followers_count":6586,"friends_count":230,"listed_count":6,"created_at":"Mon Feb 06 01:02:23 +0000 2017","favourites_count":133,"utc_offset":32400,"time_zone":"Osaka","geo_enabled":false,"verified":false,"statuses_count":4935,"lang":"ja","contributors_enabled":false,"is_translator":false,"is_translation_enabled":false,"profile_background_color":"000000","profile_background_image_url":"http://abs.twimg.com/images/themes/theme1/bg.png","profile_background_image_url_https":"https://abs.twimg.com/images/themes/theme1/bg.png","profile_background_tile":false,"profile_image_url":"http://pbs.twimg.com/profile_images/836201119755841536/X1WjW8JP_normal.jpg","profile_image_url_https":"https://pbs.twimg.com/profile_images/836201119755841536/X1WjW8JP_normal.jpg","profile_banner_url":"https://pbs.twimg.com/profile_banners/828408461528424449/1488340928","profile_link_color":"FF691F","profile_sidebar_border_color":"000000","profile_sidebar_fill_color":"000000","profile_text_color":"000000","profile_use_background_image":false,"has_extended_profile":false,"default_profile":false,"default_profile_image":false,"following":false,"follow_request_sent":false,"notifications":false,"translator_type":"none"},"geo":null,"coordinates":null,"place":null,"contributors":null,"is_quote_status":false,"retweet_count":78,"favorite_count":8,"favorited":false,"retweeted":false,"possibly_sensitive":false,"lang":"ja"},{"created_at":"Sat Jul 08 01:15:24 +0000 2017","id":883494696344879100,"id_str":"883494696344879104","text":"【CD特典】7月26日発売 KUROFUNE 1st ミニアルバム「FACE 2 FAITH」の特典「D-Four Productionオフィシャル ミニクリアファイル」のデザインを解禁！対象店舗はこちらをご覧ください♪… https://t.co/g1GvcQzYX7","truncated":true,"entities":{"hashtags":[],"symbols":[],"user_mentions":[],"urls":[{"url":"https://t.co/g1GvcQzYX7","expanded_url":"https://twitter.com/i/web/status/883494696344879104","display_url":"twitter.com/i/web/status/8…","indices":[112,135]}]},"metadata":{"iso_language_code":"ja","result_type":"recent"},"source":"<a href=\"http://twitter.com\" rel=\"nofollow\">Twitter Web Client</a>","in_reply_to_status_id":null,"in_reply_to_status_id_str":null,"in_reply_to_user_id":null,"in_reply_to_user_id_str":null,"in_reply_to_screen_name":null,"user":{"id":3319673209,"id_str":"3319673209","name":"【公式】ドリフェス！","screen_name":"dfes_official","location":"","description":"2.5次元アイドル応援プロジェクト「ドリフェス！」公式アカウントです。iOS、Android用アプリも好評配信中♪ 個別返信はしておりません。ハッシュタグは #dfes","url":"https://t.co/RQbiJaumvy","entities":{"url":{"urls":[{"url":"https://t.co/RQbiJaumvy","expanded_url":"http://www.dream-fes.com","display_url":"dream-fes.com","indices":[0,23]}]},"description":{"urls":[]}},"protected":false,"followers_count":48550,"friends_count":14,"listed_count":880,"created_at":"Wed Aug 19 04:48:20 +0000 2015","favourites_count":0,"utc_offset":32400,"time_zone":"Tokyo","geo_enabled":false,"verified":true,"statuses_count":2374,"lang":"ja","contributors_enabled":false,"is_translator":false,"is_translation_enabled":false,"profile_background_color":"C0DEED","profile_background_image_url":"http://abs.twimg.com/images/themes/theme1/bg.png","profile_background_image_url_https":"https://abs.twimg.com/images/themes/theme1/bg.png","profile_background_tile":false,"profile_image_url":"http://pbs.twimg.com/profile_images/875600733894098944/qzOjFOXb_normal.jpg","profile_image_url_https":"https://pbs.twimg.com/profile_images/875600733894098944/qzOjFOXb_normal.jpg","profile_banner_url":"https://pbs.twimg.com/profile_banners/3319673209/1495594715","profile_link_color":"1DA1F2","profile_sidebar_border_color":"C0DEED","profile_sidebar_fill_color":"DDEEF6","profile_text_color":"333333","profile_use_background_image":true,"has_extended_profile":false,"default_profile":true,"default_profile_image":false,"following":false,"follow_request_sent":false,"notifications":false,"translator_type":"none"},"geo":null,"coordinates":null,"place":null,"contributors":null,"is_quote_status":false,"retweet_count":125,"favorite_count":150,"favorited":false,"retweeted":false,"possibly_sensitive":false,"lang":"ja"},{"created_at":"Sat Jul 08 01:15:08 +0000 2017","id":883494627432476700,"id_str":"883494627432476672","text":"【パッケージ情報】提督の皆様、おはようございます。本日は『劇場版 艦これ』Blu-ray限定仕様のカドカワストア【神楽酒保】オリジナル特典を展開！和仕様の特製湯呑みと市松文様をベースにしたミニ風呂敷がセットに。詳細はコチラ… https://t.co/vaXySKFSgf","truncated":true,"entities":{"hashtags":[],"symbols":[],"user_mentions":[],"urls":[{"url":"https://t.co/vaXySKFSgf","expanded_url":"https://twitter.com/i/web/status/883494627432476672","display_url":"twitter.com/i/web/status/8…","indices":[113,136]}]},"metadata":{"iso_language_code":"ja","result_type":"recent"},"source":"<a href=\"http://twitter.com\" rel=\"nofollow\">Twitter Web Client</a>","in_reply_to_status_id":null,"in_reply_to_status_id_str":null,"in_reply_to_user_id":null,"in_reply_to_user_id_str":null,"in_reply_to_screen_name":null,"user":{"id":2457944924,"id_str":"2457944924","name":"アニメ『艦これ』公式","screen_name":"anime_KanColle","location":"","description":"アニメ『艦これ』公式Twitterアカウントです。アニメの最新情報などを随時つぶやいていきますので、よろしくお願いします！","url":"http://t.co/m7eRVKVCSF","entities":{"url":{"urls":[{"url":"http://t.co/m7eRVKVCSF","expanded_url":"http://kancolle-anime.jp/","display_url":"kancolle-anime.jp","indices":[0,22]}]},"description":{"urls":[]}},"protected":false,"followers_count":226558,"friends_count":6,"listed_count":4002,"created_at":"Tue Apr 22 10:33:48 +0000 2014","favourites_count":0,"utc_offset":null,"time_zone":null,"geo_enabled":false,"verified":false,"statuses_count":410,"lang":"ja","contributors_enabled":false,"is_translator":false,"is_translation_enabled":false,"profile_background_color":"C0DEED","profile_background_image_url":"http://abs.twimg.com/images/themes/theme1/bg.png","profile_background_image_url_https":"https://abs.twimg.com/images/themes/theme1/bg.png","profile_background_tile":false,"profile_image_url":"http://pbs.twimg.com/profile_images/860308641009721346/bolhdf13_normal.jpg","profile_image_url_https":"https://pbs.twimg.com/profile_images/860308641009721346/bolhdf13_normal.jpg","profile_link_color":"1DA1F2","profile_sidebar_border_color":"C0DEED","profile_sidebar_fill_color":"DDEEF6","profile_text_color":"333333","profile_use_background_image":true,"has_extended_profile":false,"default_profile":true,"default_profile_image":false,"following":false,"follow_request_sent":false,"notifications":false,"translator_type":"none"},"geo":null,"coordinates":null,"place":null,"contributors":null,"is_quote_status":false,"retweet_count":62,"favorite_count":68,"favorited":false,"retweeted":false,"possibly_sensitive":false,"lang":"ja"},{"created_at":"Sat Jul 08 01:15:03 +0000 2017","id":883494605659848700,"id_str":"883494605659848704","text":"#心が乱れたときに見るgif \nポンデ...ピコっ！\nhttps://t.co/hDQ5cscSYH","truncated":false,"entities":{"hashtags":[{"text":"心が乱れたときに見るgif","indices":[0,14]}],"symbols":[],"user_mentions":[],"urls":[],"media":[{"id":718273067361943600,"id_str":"718273067361943552","indices":[27,50],"media_url":"http://pbs.twimg.com/tweet_video_thumb/CffRjJfWwAAwGR5.jpg","media_url_https":"https://pbs.twimg.com/tweet_video_thumb/CffRjJfWwAAwGR5.jpg","url":"https://t.co/hDQ5cscSYH","display_url":"pic.twitter.com/hDQ5cscSYH","expanded_url":"http://twitter.com/DAKUN87/status/718273253517697028/photo/1","type":"photo","sizes":{"medium":{"w":296,"h":298,"resize":"fit"},"thumb":{"w":150,"h":150,"resize":"crop"},"small":{"w":296,"h":298,"resize":"fit"},"large":{"w":296,"h":298,"resize":"fit"}},"source_status_id":718273253517697000,"source_status_id_str":"718273253517697028","source_user_id":182776712,"source_user_id_str":"182776712"}]},"extended_entities":{"media":[{"id":718273067361943600,"id_str":"718273067361943552","indices":[27,50],"media_url":"http://pbs.twimg.com/tweet_video_thumb/CffRjJfWwAAwGR5.jpg","media_url_https":"https://pbs.twimg.com/tweet_video_thumb/CffRjJfWwAAwGR5.jpg","url":"https://t.co/hDQ5cscSYH","display_url":"pic.twitter.com/hDQ5cscSYH","expanded_url":"http://twitter.com/DAKUN87/status/718273253517697028/photo/1","type":"animated_gif","sizes":{"medium":{"w":296,"h":298,"resize":"fit"},"thumb":{"w":150,"h":150,"resize":"crop"},"small":{"w":296,"h":298,"resize":"fit"},"large":{"w":296,"h":298,"resize":"fit"}},"source_status_id":718273253517697000,"source_status_id_str":"718273253517697028","source_user_id":182776712,"source_user_id_str":"182776712","video_info":{"aspect_ratio":[148,149],"variants":[{"bitrate":0,"content_type":"video/mp4","url":"https://video.twimg.com/tweet_video/CffRjJfWwAAwGR5.mp4"}]}}]},"metadata":{"iso_language_code":"ja","result_type":"recent"},"source":"<a href=\"https://www.google.co.jp/?gfe_rd=cr\" rel=\"nofollow\">ツイッター for　iOS</a>","in_reply_to_status_id":null,"in_reply_to_status_id_str":null,"in_reply_to_user_id":null,"in_reply_to_user_id_str":null,"in_reply_to_screen_name":null,"user":{"id":3658526774,"id_str":"3658526774","name":"心が乱れた時に見るgifのBOT","screen_name":"kokoro_gif_bot","location":"（´-`）.｡oO（フォローちゃんと返すよ…","description":"（´-`）.｡oO（#心が乱れた時に見るgif を呟いていくよ…@midareru_gifBOTで心が乱れた時はこのBOTで心を鎮めて… #follow #followme #相互フォロー※おっぱいのgifはこちらに移しました@thounyuu1","url":null,"entities":{"description":{"urls":[]}},"protected":false,"followers_count":76571,"friends_count":34587,"listed_count":691,"created_at":"Wed Sep 23 10:20:22 +0000 2015","favourites_count":780,"utc_offset":-25200,"time_zone":"Pacific Time (US & Canada)","geo_enabled":false,"verified":false,"statuses_count":17143,"lang":"ja","contributors_enabled":false,"is_translator":false,"is_translation_enabled":false,"profile_background_color":"C0DEED","profile_background_image_url":"http://abs.twimg.com/images/themes/theme1/bg.png","profile_background_image_url_https":"https://abs.twimg.com/images/themes/theme1/bg.png","profile_background_tile":false,"profile_image_url":"http://pbs.twimg.com/profile_images/725578944498397184/52qFLIQ7_normal.jpg","profile_image_url_https":"https://pbs.twimg.com/profile_images/725578944498397184/52qFLIQ7_normal.jpg","profile_banner_url":"https://pbs.twimg.com/profile_banners/3658526774/1443003810","profile_link_color":"1DA1F2","profile_sidebar_border_color":"C0DEED","profile_sidebar_fill_color":"DDEEF6","profile_text_color":"333333","profile_use_background_image":true,"has_extended_profile":false,"default_profile":true,"default_profile_image":false,"following":false,"follow_request_sent":false,"notifications":false,"translator_type":"none"},"geo":null,"coordinates":null,"place":null,"contributors":null,"is_quote_status":false,"retweet_count":49,"favorite_count":70,"favorited":false,"retweeted":false,"possibly_sensitive":false,"lang":"ja"},{"created_at":"Sat Jul 08 01:15:01 +0000 2017","id":883494598621806600,"id_str":"883494598621806592","text":"見るのも見せるのもどっちも好き♡♡\nLINEくれたら写メ送るよ♥\n\n#裏垢女子\n#見せ合い募集なう\nhttps://t.co/KaxwjcVxcD","truncated":false,"entities":{"hashtags":[{"text":"裏垢女子","indices":[34,39]},{"text":"見せ合い募集なう","indices":[40,49]}],"symbols":[],"user_mentions":[],"urls":[],"media":[{"id":863353878326132700,"id_str":"863353878326132738","indices":[50,73],"media_url":"http://pbs.twimg.com/media/C_s_xzEVwAI3Vze.jpg","media_url_https":"https://pbs.twimg.com/media/C_s_xzEVwAI3Vze.jpg","url":"https://t.co/KaxwjcVxcD","display_url":"pic.twitter.com/KaxwjcVxcD","expanded_url":"https://twitter.com/dubamub/status/863353936417181697/photo/1","type":"photo","sizes":{"thumb":{"w":150,"h":150,"resize":"crop"},"large":{"w":580,"h":435,"resize":"fit"},"small":{"w":580,"h":435,"resize":"fit"},"medium":{"w":580,"h":435,"resize":"fit"}},"source_status_id":863353936417181700,"source_status_id_str":"863353936417181697","source_user_id":715112866525806600,"source_user_id_str":"715112866525806592"}]},"extended_entities":{"media":[{"id":863353878326132700,"id_str":"863353878326132738","indices":[50,73],"media_url":"http://pbs.twimg.com/media/C_s_xzEVwAI3Vze.jpg","media_url_https":"https://pbs.twimg.com/media/C_s_xzEVwAI3Vze.jpg","url":"https://t.co/KaxwjcVxcD","display_url":"pic.twitter.com/KaxwjcVxcD","expanded_url":"https://twitter.com/dubamub/status/863353936417181697/photo/1","type":"photo","sizes":{"thumb":{"w":150,"h":150,"resize":"crop"},"large":{"w":580,"h":435,"resize":"fit"},"small":{"w":580,"h":435,"resize":"fit"},"medium":{"w":580,"h":435,"resize":"fit"}},"source_status_id":863353936417181700,"source_status_id_str":"863353936417181697","source_user_id":715112866525806600,"source_user_id_str":"715112866525806592"},{"id":863353902162296800,"id_str":"863353902162296833","indices":[50,73],"media_url":"http://pbs.twimg.com/media/C_s_zL3UwAESefY.jpg","media_url_https":"https://pbs.twimg.com/media/C_s_zL3UwAESefY.jpg","url":"https://t.co/KaxwjcVxcD","display_url":"pic.twitter.com/KaxwjcVxcD","expanded_url":"https://twitter.com/dubamub/status/863353936417181697/photo/1","type":"photo","sizes":{"thumb":{"w":150,"h":150,"resize":"crop"},"large":{"w":580,"h":435,"resize":"fit"},"small":{"w":580,"h":435,"resize":"fit"},"medium":{"w":580,"h":435,"resize":"fit"}},"source_status_id":863353936417181700,"source_status_id_str":"863353936417181697","source_user_id":715112866525806600,"source_user_id_str":"715112866525806592"},{"id":863353911754629100,"id_str":"863353911754629120","indices":[50,73],"media_url":"http://pbs.twimg.com/media/C_s_zvmUIAASR8M.jpg","media_url_https":"https://pbs.twimg.com/media/C_s_zvmUIAASR8M.jpg","url":"https://t.co/KaxwjcVxcD","display_url":"pic.twitter.com/KaxwjcVxcD","expanded_url":"https://twitter.com/dubamub/status/863353936417181697/photo/1","type":"photo","sizes":{"small":{"w":360,"h":360,"resize":"fit"},"medium":{"w":360,"h":360,"resize":"fit"},"thumb":{"w":150,"h":150,"resize":"crop"},"large":{"w":360,"h":360,"resize":"fit"}},"source_status_id":863353936417181700,"source_status_id_str":"863353936417181697","source_user_id":715112866525806600,"source_user_id_str":"715112866525806592"}]},"metadata":{"iso_language_code":"ja","result_type":"recent"},"source":"<a href=\"https://twitter.com\" rel=\"nofollow\">ccc fggyyy</a>","in_reply_to_status_id":null,"in_reply_to_status_id_str":null,"in_reply_to_user_id":null,"in_reply_to_user_id_str":null,"in_reply_to_screen_name":null,"user":{"id":838286099621371900,"id_str":"838286099621371905","name":"みゆ✿見せあい募集垢","screen_name":"mm_i_yu","location":"","description":"いわゆる裏垢女子♡おぱーい晒して喜んでます笑♡ぇち動画欲しい人&見せあいしたい人LINEしてね〜💕ふぉろー貰えると喜びます ♥ ♥ ※DM基本見てません×","url":null,"entities":{"description":{"urls":[]}},"protected":false,"followers_count":509,"friends_count":246,"listed_count":0,"created_at":"Sun Mar 05 07:12:35 +0000 2017","favourites_count":0,"utc_offset":-25200,"time_zone":"Pacific Time (US & Canada)","geo_enabled":false,"verified":false,"statuses_count":8,"lang":"ja","contributors_enabled":false,"is_translator":false,"is_translation_enabled":false,"profile_background_color":"F5F8FA","profile_background_image_url":null,"profile_background_image_url_https":null,"profile_background_tile":false,"profile_image_url":"http://pbs.twimg.com/profile_images/870110818829873152/N8Ez-XUN_normal.jpg","profile_image_url_https":"https://pbs.twimg.com/profile_images/870110818829873152/N8Ez-XUN_normal.jpg","profile_banner_url":"https://pbs.twimg.com/profile_banners/838286099621371905/1496285569","profile_link_color":"1DA1F2","profile_sidebar_border_color":"C0DEED","profile_sidebar_fill_color":"DDEEF6","profile_text_color":"333333","profile_use_background_image":true,"has_extended_profile":false,"default_profile":true,"default_profile_image":false,"following":false,"follow_request_sent":false,"notifications":false,"translator_type":"none"},"geo":null,"coordinates":null,"place":null,"contributors":null,"is_quote_status":false,"retweet_count":54,"favorite_count":1,"favorited":false,"retweeted":false,"possibly_sensitive":false,"lang":"ja"},{"created_at":"Sat Jul 08 01:15:00 +0000 2017","id":883494594242936800,"id_str":"883494594242936832","text":"【世界初】シドニーに「すべて無料」のスーパーが誕生\nhttps://t.co/ssOdCeqPUa\n\n賞味期限切れ前でも処分されてしまうような食品を、大手スーパーなどから譲り受けて提供。生活に困っている人々の支援も狙う。 https://t.co/50JA0BLe7j","truncated":false,"entities":{"hashtags":[],"symbols":[],"user_mentions":[],"urls":[{"url":"https://t.co/ssOdCeqPUa","expanded_url":"http://news.livedoor.com/article/detail/13308300/","display_url":"news.livedoor.com/article/detail…","indices":[26,49]}],"media":[{"id":883493488360161300,"id_str":"883493488360161281","indices":[111,134],"media_url":"http://pbs.twimg.com/media/DELMpY8UAAEWWl2.jpg","media_url_https":"https://pbs.twimg.com/media/DELMpY8UAAEWWl2.jpg","url":"https://t.co/50JA0BLe7j","display_url":"pic.twitter.com/50JA0BLe7j","expanded_url":"https://twitter.com/livedoornews/status/883494594242936832/photo/1","type":"photo","sizes":{"large":{"w":640,"h":480,"resize":"fit"},"thumb":{"w":150,"h":150,"resize":"crop"},"medium":{"w":640,"h":480,"resize":"fit"},"small":{"w":640,"h":480,"resize":"fit"}}}]},"extended_entities":{"media":[{"id":883493488360161300,"id_str":"883493488360161281","indices":[111,134],"media_url":"http://pbs.twimg.com/media/DELMpY8UAAEWWl2.jpg","media_url_https":"https://pbs.twimg.com/media/DELMpY8UAAEWWl2.jpg","url":"https://t.co/50JA0BLe7j","display_url":"pic.twitter.com/50JA0BLe7j","expanded_url":"https://twitter.com/livedoornews/status/883494594242936832/photo/1","type":"photo","sizes":{"large":{"w":640,"h":480,"resize":"fit"},"thumb":{"w":150,"h":150,"resize":"crop"},"medium":{"w":640,"h":480,"resize":"fit"},"small":{"w":640,"h":480,"resize":"fit"}}}]},"metadata":{"iso_language_code":"ja","result_type":"recent"},"source":"<a href=\"https://about.twitter.com/products/tweetdeck\" rel=\"nofollow\">TweetDeck</a>","in_reply_to_status_id":null,"in_reply_to_status_id_str":null,"in_reply_to_user_id":null,"in_reply_to_user_id_str":null,"in_reply_to_screen_name":null,"user":{"id":17306975,"id_str":"17306975","name":"ライブドアニュース","screen_name":"livedoornews","location":"","description":"LINE →https://t.co/yhJO0o7Jns／FB → https://t.co/LHTCuyIEjr／インスタ／→https://t.co/SpmVgPtfCG","url":"http://t.co/Q4Bh3OCfgY","entities":{"url":{"urls":[{"url":"http://t.co/Q4Bh3OCfgY","expanded_url":"http://news.livedoor.com/","display_url":"news.livedoor.com","indices":[0,22]}]},"description":{"urls":[{"url":"https://t.co/yhJO0o7Jns","expanded_url":"http://goo.gl/upBgKP","display_url":"goo.gl/upBgKP","indices":[6,29]},{"url":"https://t.co/LHTCuyIEjr","expanded_url":"http://goo.gl/nDULhn","display_url":"goo.gl/nDULhn","indices":[35,58]},{"url":"https://t.co/SpmVgPtfCG","expanded_url":"http://goo.gl/cHGD9G","display_url":"goo.gl/cHGD9G","indices":[65,88]}]}},"protected":false,"followers_count":424621,"friends_count":86,"listed_count":6124,"created_at":"Tue Nov 11 09:56:31 +0000 2008","favourites_count":2607,"utc_offset":32400,"time_zone":"Tokyo","geo_enabled":false,"verified":true,"statuses_count":176264,"lang":"ja","contributors_enabled":false,"is_translator":false,"is_translation_enabled":false,"profile_background_color":"FFFFFF","profile_background_image_url":"http://pbs.twimg.com/profile_background_images/378800000085828060/4b07c1d868c917fb65a3d64a20904cd5.jpeg","profile_background_image_url_https":"https://pbs.twimg.com/profile_background_images/378800000085828060/4b07c1d868c917fb65a3d64a20904cd5.jpeg","profile_background_tile":false,"profile_image_url":"http://pbs.twimg.com/profile_images/875662964988166149/whdJTD2I_normal.jpg","profile_image_url_https":"https://pbs.twimg.com/profile_images/875662964988166149/whdJTD2I_normal.jpg","profile_link_color":"51ADD4","profile_sidebar_border_color":"FFFFFF","profile_sidebar_fill_color":"95E8EC","profile_text_color":"3C3940","profile_use_background_image":true,"has_extended_profile":false,"default_profile":false,"default_profile_image":false,"following":false,"follow_request_sent":false,"notifications":false,"translator_type":"none"},"geo":null,"coordinates":null,"place":null,"contributors":null,"is_quote_status":false,"retweet_count":172,"favorite_count":174,"favorited":false,"retweeted":false,"possibly_sensitive":false,"lang":"ja"},{"created_at":"Sat Jul 08 01:13:21 +0000 2017","id":883494179740852200,"id_str":"883494179740852224","text":"来たーーーーっっっ‼️‼️‼️‼️\n直訴した甲斐があったぜっっ‼️‼️‼️\n勝訴だ、勝訴っっ‼️‼️‼️🤣🤣🤣\n名古屋、大阪、福岡の皆様‼️\n行きまっせーーーっっ‼️‼️‼️ https://t.co/yFsvBeNocO","truncated":false,"entities":{"hashtags":[],"symbols":[],"user_mentions":[],"urls":[{"url":"https://t.co/yFsvBeNocO","expanded_url":"https://twitter.com/gintama_film/status/883490826709422081","display_url":"twitter.com/gintama_film/s…","indices":[88,111]}]},"metadata":{"iso_language_code":"ja","result_type":"recent"},"source":"<a href=\"http://twitter.com/download/iphone\" rel=\"nofollow\">Twitter for iPhone</a>","in_reply_to_status_id":null,"in_reply_to_status_id_str":null,"in_reply_to_user_id":null,"in_reply_to_user_id_str":null,"in_reply_to_screen_name":null,"user":{"id":1703325756,"id_str":"1703325756","name":"福田 雄一","screen_name":"fukuda_u1","location":"","description":"","url":null,"entities":{"description":{"urls":[]}},"protected":false,"followers_count":149990,"friends_count":64,"listed_count":1133,"created_at":"Tue Aug 27 00:58:29 +0000 2013","favourites_count":74,"utc_offset":32400,"time_zone":"Tokyo","geo_enabled":true,"verified":false,"statuses_count":4540,"lang":"ja","contributors_enabled":false,"is_translator":false,"is_translation_enabled":false,"profile_background_color":"C0DEED","profile_background_image_url":"http://abs.twimg.com/images/themes/theme1/bg.png","profile_background_image_url_https":"https://abs.twimg.com/images/themes/theme1/bg.png","profile_background_tile":false,"profile_image_url":"http://pbs.twimg.com/profile_images/869771727147900928/K43MbKeS_normal.jpg","profile_image_url_https":"https://pbs.twimg.com/profile_images/869771727147900928/K43MbKeS_normal.jpg","profile_banner_url":"https://pbs.twimg.com/profile_banners/1703325756/1493101457","profile_link_color":"1DA1F2","profile_sidebar_border_color":"C0DEED","profile_sidebar_fill_color":"DDEEF6","profile_text_color":"333333","profile_use_background_image":true,"has_extended_profile":false,"default_profile":true,"default_profile_image":false,"following":false,"follow_request_sent":false,"notifications":false,"translator_type":"none"},"geo":null,"coordinates":null,"place":null,"contributors":null,"is_quote_status":true,"quoted_status_id":883490826709422100,"quoted_status_id_str":"883490826709422081","quoted_status":{"created_at":"Sat Jul 08 01:00:02 +0000 2017","id":883490826709422100,"id_str":"883490826709422081","text":"夏だ！祭りだ！銀魂だ！！7/15(土)名古屋、大阪、福岡で舞台挨拶決定！\n小栗さん、長澤さん、佐藤さん、福田監督が日本列島を縦断します。\nチケットや劇場の詳細は公式サイトをチェック →　https://t.co/ami2YWNKXH https://t.co/80gJwv4Jab","truncated":false,"entities":{"hashtags":[],"symbols":[],"user_mentions":[],"urls":[{"url":"https://t.co/ami2YWNKXH","expanded_url":"http://www.gintama-film.com","display_url":"gintama-film.com","indices":[93,116]}],"media":[{"id":883316893574062100,"id_str":"883316893574062080","indices":[117,140],"media_url":"http://pbs.twimg.com/media/DEIsCOGVYAANF1p.jpg","media_url_https":"https://pbs.twimg.com/media/DEIsCOGVYAANF1p.jpg","url":"https://t.co/80gJwv4Jab","display_url":"pic.twitter.com/80gJwv4Jab","expanded_url":"https://twitter.com/gintama_film/status/883490826709422081/photo/1","type":"photo","sizes":{"large":{"w":1728,"h":972,"resize":"fit"},"medium":{"w":1200,"h":675,"resize":"fit"},"small":{"w":680,"h":383,"resize":"fit"},"thumb":{"w":150,"h":150,"resize":"crop"}}}]},"extended_entities":{"media":[{"id":883316893574062100,"id_str":"883316893574062080","indices":[117,140],"media_url":"http://pbs.twimg.com/media/DEIsCOGVYAANF1p.jpg","media_url_https":"https://pbs.twimg.com/media/DEIsCOGVYAANF1p.jpg","url":"https://t.co/80gJwv4Jab","display_url":"pic.twitter.com/80gJwv4Jab","expanded_url":"https://twitter.com/gintama_film/status/883490826709422081/photo/1","type":"photo","sizes":{"large":{"w":1728,"h":972,"resize":"fit"},"medium":{"w":1200,"h":675,"resize":"fit"},"small":{"w":680,"h":383,"resize":"fit"},"thumb":{"w":150,"h":150,"resize":"crop"}}}]},"metadata":{"iso_language_code":"ja","result_type":"recent"},"source":"<a href=\"https://ads.twitter.com\" rel=\"nofollow\">Twitter Ads</a>","in_reply_to_status_id":null,"in_reply_to_status_id_str":null,"in_reply_to_user_id":null,"in_reply_to_user_id_str":null,"in_reply_to_screen_name":null,"user":{"id":742990922053476400,"id_str":"742990922053476353","name":"映画『銀魂』公式","screen_name":"gintama_film","location":"宇宙一バカな侍だ、コノヤロー！！","description":"7/14（金）全国公開！出演: #小栗旬 #菅田将暉 #橋本環奈 #柳楽優弥 #新井浩文 #吉沢亮 #早見あかり #ムロツヨシ #長澤まさみ #岡田将生 #佐藤二朗 #菜々緒 #安田顕 #中村勘九郎 #堂本剛 監督: #福田雄一 。原作:#空知英秋 主題歌: #UVERworld #映画銀魂","url":"https://t.co/ouY8dPAuVA","entities":{"url":{"urls":[{"url":"https://t.co/ouY8dPAuVA","expanded_url":"http://gintama-film.com","display_url":"gintama-film.com","indices":[0,23]}]},"description":{"urls":[]}},"protected":false,"followers_count":374838,"friends_count":16,"listed_count":1505,"created_at":"Wed Jun 15 08:03:34 +0000 2016","favourites_count":0,"utc_offset":32400,"time_zone":"Tokyo","geo_enabled":false,"verified":true,"statuses_count":378228,"lang":"ja","contributors_enabled":false,"is_translator":false,"is_translation_enabled":false,"profile_background_color":"F5F8FA","profile_background_image_url":null,"profile_background_image_url_https":null,"profile_background_tile":false,"profile_image_url":"http://pbs.twimg.com/profile_images/856317082475966464/lFnmsf0P_normal.jpg","profile_image_url_https":"https://pbs.twimg.com/profile_images/856317082475966464/lFnmsf0P_normal.jpg","profile_banner_url":"https://pbs.twimg.com/profile_banners/742990922053476353/1494498690","profile_link_color":"1DA1F2","profile_sidebar_border_color":"C0DEED","profile_sidebar_fill_color":"DDEEF6","profile_text_color":"333333","profile_use_background_image":true,"has_extended_profile":false,"default_profile":true,"default_profile_image":false,"following":false,"follow_request_sent":false,"notifications":false,"translator_type":"none"},"geo":null,"coordinates":null,"place":null,"contributors":null,"is_quote_status":false,"retweet_count":490,"favorite_count":1063,"favorited":false,"retweeted":false,"possibly_sensitive":false,"lang":"ja"},"retweet_count":118,"favorite_count":247,"favorited":false,"retweeted":false,"possibly_sensitive":false,"lang":"ja"}],"search_metadata":{"completed_in":0.055,"max_id":883495516075507700,"max_id_str":"883495516075507713","next_results":"?max_id=883494179740852223&q=lang%3Aja%20min_retweets%3A50&include_entities=1","query":"lang%3Aja+min_retweets%3A50","refresh_url":"?since_id=883495516075507713&q=lang%3Aja%20min_retweets%3A50&include_entities=1","count":15,"since_id":0,"since_id_str":"0"}}