{"statuses":[{"created_at":"Fri Jul 07 13:39:45 +0000 2017","id":883319629648543700,"id_str":"883319629648543744","text":"応援してくれる人がいるってことが、どんなに幸せか……みんなに会う度に感じるよ。だからこの気持ちを形にして、恩返ししないとって思ってる！ぼくたちのＭＶも楽しみにしててねっ♪それまで、サラバダサラダバー☆彡☆彡☆彡☆彡","truncated":false,"entities":{"hashtags":[],"symbols":[],"user_mentions":[],"urls":[]},"metadata":{"iso_language_code":"ja","result_type":"recent"},"source":"<a href=\"http://twitter.com/download/iphone\" rel=\"nofollow\">Twitter for iPhone</a>","in_reply_to_status_id":null,"in_reply_to_status_id_str":null,"in_reply_to_user_id":null,"in_reply_to_user_id_str":null,"in_reply_to_screen_name":null,"user":{"id":980077472,"id_str":"980077472","name":"寿 嶺二","screen_name":"Reiji_K_SH","location":"","description":"シャイニング事務所所属／7月13日生まれ／B型／埼玉県出身／【Comment】ぼくのLOVEが届きますよ～に♪みんなのアイドル、寿嶺二をヨ・ロ・シ・クね☆","url":"https://t.co/sjLVjT1PJ7","entities":{"url":{"urls":[{"url":"https://t.co/sjLVjT1PJ7","expanded_url":"http://www.utapri.com/sp/twitter/","display_url":"utapri.com/sp/twitter/","indices":[0,23]}]},"description":{"urls":[]}},"protected":false,"followers_count":253876,"friends_count":14,"listed_count":45103,"created_at":"Fri Nov 30 09:00:06 +0000 2012","favourites_count":0,"utc_offset":32400,"time_zone":"Tokyo","geo_enabled":false,"verified":false,"statuses_count":1321,"lang":"ja","contributors_enabled":false,"is_translator":false,"is_translation_enabled":false,"profile_background_color":"FFFFFF","profile_background_image_url":"http://pbs.twimg.com/profile_background_images/730647682/52182450deb2bdfbc385e78d6abe71c1.jpeg","profile_background_image_url_https":"https://pbs.twimg.com/profile_background_images/730647682/52182450deb2bdfbc385e78d6abe71c1.jpeg","profile_background_tile":false,"profile_image_url":"http://pbs.twimg.com/profile_images/883304452324642818/SR7FxoF-_normal.jpg","profile_image_url_https":"https://pbs.twimg.com/profile_images/883304452324642818/SR7FxoF-_normal.jpg","profile_link_color":"62B172","profile_sidebar_border_color":"FFFFFF","profile_sidebar_fill_color":"DDEEF6","profile_text_color":"333333","profile_use_background_image":true,"has_extended_profile":false,"default_profile":false,"default_profile_image":false,"following":false,"follow_request_sent":false,"notifications":false,"translator_type":"none"},"geo":null,"coordinates":null,"place":null,"contributors":null,"is_quote_status":false,"retweet_count":3348,"favorite_count":5589,"favorited":false,"retweeted":false,"lang":"ja"},{"created_at":"Fri Jul 07 13:39:14 +0000 2017","id":883319498140299300,"id_str":"883319498140299264","text":"【悲報】九条、一曲目でマスク取れる。 https://t.co/QydVhvvTYb","truncated":false,"entities":{"hashtags":[],"symbols":[],"user_mentions":[],"urls":[],"media":[{"id":883319488929648600,"id_str":"883319488929648640","indices":[19,42],"media_url":"http://pbs.twimg.com/media/DEIuZSjU0AAmh3n.jpg","media_url_https":"https://pbs.twimg.com/media/DEIuZSjU0AAmh3n.jpg","url":"https://t.co/QydVhvvTYb","display_url":"pic.twitter.com/QydVhvvTYb","expanded_url":"https://twitter.com/kr1216_takemasa/status/883319498140299264/photo/1","type":"photo","sizes":{"large":{"w":750,"h":1000,"resize":"fit"},"medium":{"w":750,"h":1000,"resize":"fit"},"thumb":{"w":150,"h":150,"resize":"crop"},"small":{"w":510,"h":680,"resize":"fit"}}}]},"extended_entities":{"media":[{"id":883319488929648600,"id_str":"883319488929648640","indices":[19,42],"media_url":"http://pbs.twimg.com/media/DEIuZSjU0AAmh3n.jpg","media_url_https":"https://pbs.twimg.com/media/DEIuZSjU0AAmh3n.jpg","url":"https://t.co/QydVhvvTYb","display_url":"pic.twitter.com/QydVhvvTYb","expanded_url":"https://twitter.com/kr1216_takemasa/status/883319498140299264/photo/1","type":"photo","sizes":{"large":{"w":750,"h":1000,"resize":"fit"},"medium":{"w":750,"h":1000,"resize":"fit"},"thumb":{"w":150,"h":150,"resize":"crop"},"small":{"w":510,"h":680,"resize":"fit"}}}]},"metadata":{"iso_language_code":"ja","result_type":"recent"},"source":"<a href=\"http://twitter.com/download/iphone\" rel=\"nofollow\">Twitter for iPhone</a>","in_reply_to_status_id":null,"in_reply_to_status_id_str":null,"in_reply_to_user_id":null,"in_reply_to_user_id_str":null,"in_reply_to_screen_name":null,"user":{"id":770886809291108400,"id_str":"770886809291108352","name":"【己龍】九条武政","screen_name":"kr1216_takemasa","location":"日本","description":"己龍 ギター九条武政 Official twitterです。 己龍 16thマキシシングル 「私ハ傀儡、猿轡ノ人形」 2017年4月5日(水)4タイプ同時発売 己龍47都道府県単独巡業「傀露蒿儡」決定！ ー千秋楽ー 8月13日(日)【東京】豊洲PIT","url":"https://t.co/UxiI7sIjaK","entities":{"url":{"urls":[{"url":"https://t.co/UxiI7sIjaK","expanded_url":"http://www.kiryu-web.net/","display_url":"kiryu-web.net","indices":[0,23]}]},"description":{"urls":[]}},"protected":false,"followers_count":30395,"friends_count":151,"listed_count":487,"created_at":"Wed Aug 31 07:31:52 +0000 2016","favourites_count":30,"utc_offset":null,"time_zone":null,"geo_enabled":false,"verified":false,"statuses_count":1961,"lang":"ja","contributors_enabled":false,"is_translator":false,"is_translation_enabled":false,"profile_background_color":"000000","profile_background_image_url":"http://abs.twimg.com/images/themes/theme1/bg.png","profile_background_image_url_https":"https://abs.twimg.com/images/themes/theme1/bg.png","profile_background_tile":false,"profile_image_url":"http://pbs.twimg.com/profile_images/879973149852418049/iQ245oLI_normal.jpg","profile_image_url_https":"https://pbs.twimg.com/profile_images/879973149852418049/iQ245oLI_normal.jpg","profile_banner_url":"https://pbs.twimg.com/profile_banners/770886809291108352/1472739031","profile_link_color":"19CF86","profile_sidebar_border_color":"000000","profile_sidebar_fill_color":"000000","profile_text_color":"000000","profile_use_background_image":false,"has_extended_profile":true,"default_profile":false,"default_profile_image":false,"following":false,"follow_request_sent":false,"notifications":false,"translator_type":"none"},"geo":null,"coordinates":null,"place":null,"contributors":null,"is_quote_status":false,"retweet_count":95,"favorite_count":207,"favorited":false,"retweeted":false,"possibly_sensitive":false,"lang":"ja"},{"created_at":"Fri Jul 07 13:38:58 +0000 2017","id":883319429827711000,"id_str":"883319429827710977","text":"今まで毎回最後は今生の別れかなんかかよって感じのツイートだったけど今回のカジュアルのごきげんようまたねんじゃなが最高にもえるからいつもこれくらいでいいよ　次のファンミで会えるみたいなノリでいいよ","truncated":false,"entities":{"hashtags":[],"symbols":[],"user_mentions":[],"urls":[]},"metadata":{"iso_language_code":"ja","result_type":"recent"},"source":"<a href=\"http://twitter.com\" rel=\"nofollow\">Twitter Web Client</a>","in_reply_to_status_id":null,"in_reply_to_status_id_str":null,"in_reply_to_user_id":null,"in_reply_to_user_id_str":null,"in_reply_to_screen_name":null,"user":{"id":771545726408986600,"id_str":"771545726408986624","name":"🔰ゆ子","screen_name":"kon_kko","location":"うたの☆プリンスさまっ♪","description":"３６５日全部捧げます","url":"https://t.co/08X32vR6rC","entities":{"url":{"urls":[{"url":"https://t.co/08X32vR6rC","expanded_url":"https://twitter.com/konnyaku_land","display_url":"twitter.com/konnyaku_land","indices":[0,23]}]},"description":{"urls":[]}},"protected":false,"followers_count":6523,"friends_count":138,"listed_count":135,"created_at":"Fri Sep 02 03:10:10 +0000 2016","favourites_count":1841,"utc_offset":32400,"time_zone":"Tokyo","geo_enabled":false,"verified":false,"statuses_count":22063,"lang":"ja","contributors_enabled":false,"is_translator":false,"is_translation_enabled":false,"profile_background_color":"000000","profile_background_image_url":"http://abs.twimg.com/images/themes/theme1/bg.png","profile_background_image_url_https":"https://abs.twimg.com/images/themes/theme1/bg.png","profile_background_tile":false,"profile_image_url":"http://pbs.twimg.com/profile_images/815377925587374080/PjEvHvaq_normal.jpg","profile_image_url_https":"https://pbs.twimg.com/profile_images/815377925587374080/PjEvHvaq_normal.jpg","profile_banner_url":"https://pbs.twimg.com/profile_banners/771545726408986624/1498434187","profile_link_color":"7FDBB6","profile_sidebar_border_color":"000000","profile_sidebar_fill_color":"000000","profile_text_color":"000000","profile_use_background_image":false,"has_extended_profile":true,"default_profile":false,"default_profile_image":false,"following":false,"follow_request_sent":false,"notifications":false,"translator_type":"none"},"geo":null,"coordinates":null,"place":null,"contributors":null,"is_quote_status":false,"retweet_count":61,"favorite_count":96,"favorited":false,"retweeted":false,"lang":"ja"},{"created_at":"Fri Jul 07 13:38:16 +0000 2017","id":883319256665931800,"id_str":"883319256665931776","text":"【1st①】今日は、NGT48 1st Anniversary DVD&amp;Blu-rayの発売日。\n\nお渡し会が蔦屋書店新潟万代さんで行われ、かとみな（加藤美南）、れなぽん（長谷川玲奈）は七夕ってことで浴衣姿でした。\n\nご参加いただ… https://t.co/RNNQMIyfiN","truncated":true,"entities":{"hashtags":[],"symbols":[],"user_mentions":[],"urls":[{"url":"https://t.co/RNNQMIyfiN","expanded_url":"https://twitter.com/i/web/status/883319256665931776","display_url":"twitter.com/i/web/status/8…","indices":[121,144]}]},"metadata":{"iso_language_code":"ja","result_type":"recent"},"source":"<a href=\"http://twitter.com/download/iphone\" rel=\"nofollow\">Twitter for iPhone</a>","in_reply_to_status_id":null,"in_reply_to_status_id_str":null,"in_reply_to_user_id":null,"in_reply_to_user_id_str":null,"in_reply_to_screen_name":null,"user":{"id":3055311578,"id_str":"3055311578","name":"official_NGT48","screen_name":"official_NGT48","location":"万代ラブラ2を中心に新潟県全域","description":"国内5つめの48グループとして新潟県に誕生したNGT48の公式ツイッター。今村悦朗劇場支配人のもと、キャプテン北原里英をはじめ25名（県内出身11名）のメンバーが、卒業生の想いとともに、新潟の魅力を学び、その素晴らしさを全国に発信していくことを目標に活動していきます。「悦朗報」をお届けできるよう日々つぶやいて参ります。","url":"https://t.co/h8gElOjUTU","entities":{"url":{"urls":[{"url":"https://t.co/h8gElOjUTU","expanded_url":"http://ngt48.jp/","display_url":"ngt48.jp","indices":[0,23]}]},"description":{"urls":[]}},"protected":false,"followers_count":104488,"friends_count":65,"listed_count":1136,"created_at":"Mon Mar 02 07:42:12 +0000 2015","favourites_count":8,"utc_offset":28800,"time_zone":"Irkutsk","geo_enabled":true,"verified":true,"statuses_count":5702,"lang":"ja","contributors_enabled":false,"is_translator":false,"is_translation_enabled":false,"profile_background_color":"000000","profile_background_image_url":"http://abs.twimg.com/images/themes/theme1/bg.png","profile_background_image_url_https":"https://abs.twimg.com/images/themes/theme1/bg.png","profile_background_tile":false,"profile_image_url":"http://pbs.twimg.com/profile_images/864095937165012992/ZkF4zrgF_normal.jpg","profile_image_url_https":"https://pbs.twimg.com/profile_images/864095937165012992/ZkF4zrgF_normal.jpg","profile_banner_url":"https://pbs.twimg.com/profile_banners/3055311578/1497881535","profile_link_color":"DD2E44","profile_sidebar_border_color":"000000","profile_sidebar_fill_color":"000000","profile_text_color":"000000","profile_use_background_image":false,"has_extended_profile":true,"default_profile":false,"default_profile_image":false,"following":false,"follow_request_sent":false,"notifications":false,"translator_type":"none"},"geo":null,"coordinates":null,"place":null,"contributors":null,"is_quote_status":false,"retweet_count":50,"favorite_count":168,"favorited":false,"retweeted":false,"possibly_sensitive":false,"lang":"ja"},{"created_at":"Fri Jul 07 13:37:52 +0000 2017","id":883319153263657000,"id_str":"883319153263656960","text":"★┷┓\n┃ダ┃\n┃ン┃\n┃デ┃\n┃ィ┃\n┃な┃\n┃声┃\n┃に┃\n┃な┃\n┃れ┃\n┃ま┃\n┃す┃\n┃よ┃\n┃う┃\n┃に┃\n┗━★","truncated":false,"entities":{"hashtags":[],"symbols":[],"user_mentions":[],"urls":[]},"metadata":{"iso_language_code":"ja","result_type":"recent"},"source":"<a href=\"http://twitter.com\" rel=\"nofollow\">Twitter Web Client</a>","in_reply_to_status_id":null,"in_reply_to_status_id_str":null,"in_reply_to_user_id":null,"in_reply_to_user_id_str":null,"in_reply_to_screen_name":null,"user":{"id":2762648323,"id_str":"2762648323","name":"こいろ(5) 歌ってみた投稿したよ！","screen_name":"koiro5sai","location":"Øどせい","description":"ニコニコ動画https://t.co/dfA9GhTORo YouTube https://t.co/IH3LEDjW3e OPENREC https://t.co/Nm9CeOGB2V 連絡koiwaikoiro@yahoo.co.jp アイコンは妹作！イラストや動画の無断転載 使用はだめ！茶碗蒸しマスターにいろはなる！！！！","url":"https://t.co/ZVSwfk7vW0","entities":{"url":{"urls":[{"url":"https://t.co/ZVSwfk7vW0","expanded_url":"http://www.nicovideo.jp/user/13835037","display_url":"nicovideo.jp/user/13835037","indices":[0,23]}]},"description":{"urls":[{"url":"https://t.co/dfA9GhTORo","expanded_url":"https://goo.gl/BwBOIu","display_url":"goo.gl/BwBOIu","indices":[6,29]},{"url":"https://t.co/IH3LEDjW3e","expanded_url":"http://goo.gl/sYGb1c","display_url":"goo.gl/sYGb1c","indices":[38,61]},{"url":"https://t.co/Nm9CeOGB2V","expanded_url":"https://goo.gl/ekRoOv","display_url":"goo.gl/ekRoOv","indices":[70,93]}]}},"protected":false,"followers_count":44525,"friends_count":44,"listed_count":673,"created_at":"Sun Aug 24 14:22:32 +0000 2014","favourites_count":291,"utc_offset":-25200,"time_zone":"Pacific Time (US & Canada)","geo_enabled":false,"verified":false,"statuses_count":13702,"lang":"ja","contributors_enabled":false,"is_translator":false,"is_translation_enabled":false,"profile_background_color":"000000","profile_background_image_url":"http://abs.twimg.com/images/themes/theme1/bg.png","profile_background_image_url_https":"https://abs.twimg.com/images/themes/theme1/bg.png","profile_background_tile":false,"profile_image_url":"http://pbs.twimg.com/profile_images/855404226213695488/Lnr2sCxU_normal.jpg","profile_image_url_https":"https://pbs.twimg.com/profile_images/855404226213695488/Lnr2sCxU_normal.jpg","profile_banner_url":"https://pbs.twimg.com/profile_banners/2762648323/1492817736","profile_link_color":"91D2FA","profile_sidebar_border_color":"000000","profile_sidebar_fill_color":"000000","profile_text_color":"000000","profile_use_background_image":false,"has_extended_profile":false,"default_profile":false,"default_profile_image":false,"following":false,"follow_request_sent":false,"notifications":false,"translator_type":"none"},"geo":null,"coordinates":null,"place":null,"contributors":null,"is_quote_status":false,"retweet_count":83,"favorite_count":271,"favorited":false,"retweeted":false,"lang":"ja"},{"created_at":"Fri Jul 07 13:37:49 +0000 2017","id":883319141012131800,"id_str":"883319141012131840","text":"きっとこのページは https://t.co/cuDh007Nsh","truncated":false,"entities":{"hashtags":[],"symbols":[],"user_mentions":[],"urls":[],"media":[{"id":883318575167004700,"id_str":"883318575167004672","indices":[10,33],"media_url":"http://pbs.twimg.com/media/DEItkGhVYAAbCg4.jpg","media_url_https":"https://pbs.twimg.com/media/DEItkGhVYAAbCg4.jpg","url":"https://t.co/cuDh007Nsh","display_url":"pic.twitter.com/cuDh007Nsh","expanded_url":"https://twitter.com/demirinz/status/883319141012131840/photo/1","type":"photo","sizes":{"thumb":{"w":150,"h":150,"resize":"crop"},"small":{"w":488,"h":680,"resize":"fit"},"medium":{"w":502,"h":700,"resize":"fit"},"large":{"w":502,"h":700,"resize":"fit"}}}]},"extended_entities":{"media":[{"id":883318575167004700,"id_str":"883318575167004672","indices":[10,33],"media_url":"http://pbs.twimg.com/media/DEItkGhVYAAbCg4.jpg","media_url_https":"https://pbs.twimg.com/media/DEItkGhVYAAbCg4.jpg","url":"https://t.co/cuDh007Nsh","display_url":"pic.twitter.com/cuDh007Nsh","expanded_url":"https://twitter.com/demirinz/status/883319141012131840/photo/1","type":"photo","sizes":{"thumb":{"w":150,"h":150,"resize":"crop"},"small":{"w":488,"h":680,"resize":"fit"},"medium":{"w":502,"h":700,"resize":"fit"},"large":{"w":502,"h":700,"resize":"fit"}}}]},"metadata":{"iso_language_code":"ja","result_type":"recent"},"source":"<a href=\"http://twitter.com\" rel=\"nofollow\">Twitter Web Client</a>","in_reply_to_status_id":null,"in_reply_to_status_id_str":null,"in_reply_to_user_id":null,"in_reply_to_user_id_str":null,"in_reply_to_screen_name":null,"user":{"id":2880479310,"id_str":"2880479310","name":"出水杏","screen_name":"demirinz","location":"","description":"でみず あん です。絵を描いたり","url":"https://t.co/Hf8ZVLXb7P","entities":{"url":{"urls":[{"url":"https://t.co/Hf8ZVLXb7P","expanded_url":"http://pigcastle.web.fc2.com","display_url":"pigcastle.web.fc2.com","indices":[0,23]}]},"description":{"urls":[]}},"protected":false,"followers_count":8511,"friends_count":214,"listed_count":311,"created_at":"Tue Oct 28 08:32:35 +0000 2014","favourites_count":7162,"utc_offset":28800,"time_zone":"Irkutsk","geo_enabled":false,"verified":false,"statuses_count":4063,"lang":"ja","contributors_enabled":false,"is_translator":false,"is_translation_enabled":false,"profile_background_color":"000000","profile_background_image_url":"http://abs.twimg.com/images/themes/theme1/bg.png","profile_background_image_url_https":"https://abs.twimg.com/images/themes/theme1/bg.png","profile_background_tile":false,"profile_image_url":"http://pbs.twimg.com/profile_images/876129876947881984/4qc4w50q_normal.jpg","profile_image_url_https":"https://pbs.twimg.com/profile_images/876129876947881984/4qc4w50q_normal.jpg","profile_link_color":"94D487","profile_sidebar_border_color":"000000","profile_sidebar_fill_color":"000000","profile_text_color":"000000","profile_use_background_image":false,"has_extended_profile":false,"default_profile":false,"default_profile_image":false,"following":false,"follow_request_sent":false,"notifications":false,"translator_type":"none"},"geo":null,"coordinates":null,"place":null,"contributors":null,"is_quote_status":false,"retweet_count":49,"favorite_count":74,"favorited":false,"retweeted":false,"possibly_sensitive":false,"lang":"ja"},{"created_at":"Fri Jul 07 13:37:39 +0000 2017","id":883319099543044100,"id_str":"883319099543044097","text":"あなたの事が…す…ス…( ˘ω˘ ) ｽﾔｧ…","truncated":false,"entities":{"hashtags":[],"symbols":[],"user_mentions":[],"urls":[]},"metadata":{"iso_language_code":"ja","result_type":"recent"},"source":"<a href=\"http://twitter.com/download/iphone\" rel=\"nofollow\">Twitter for iPhone</a>","in_reply_to_status_id":null,"in_reply_to_status_id_str":null,"in_reply_to_user_id":null,"in_reply_to_user_id_str":null,"in_reply_to_screen_name":null,"user":{"id":396497748,"id_str":"396497748","name":"よきき","screen_name":"y_cute_","location":"↓チャンネル登録よろしくお願いします！","description":"病的に愛して 美容系(?)youtuber 超高校級の陰キャラ お仕事のご依頼はこちらから → yst.cute@gmail.com 💫 毎日19時半に動画投稿しています 💫 基本引きこもりです。メイクは正直嫌い","url":"https://t.co/axJ9o89wxg","entities":{"url":{"urls":[{"url":"https://t.co/axJ9o89wxg","expanded_url":"https://www.youtube.com/channel/UCuA3GbcPjRPesHaeRIvfIIQ?sub_confirmation=1","display_url":"youtube.com/channel/UCuA3G…","indices":[0,23]}]},"description":{"urls":[]}},"protected":false,"followers_count":108133,"friends_count":195,"listed_count":537,"created_at":"Sun Oct 23 10:50:54 +0000 2011","favourites_count":28091,"utc_offset":28800,"time_zone":"Irkutsk","geo_enabled":true,"verified":false,"statuses_count":8203,"lang":"ja","contributors_enabled":false,"is_translator":false,"is_translation_enabled":false,"profile_background_color":"C0DEED","profile_background_image_url":"http://pbs.twimg.com/profile_background_images/378800000011023925/28e15a50422a8f83470a1d3c345c0719.jpeg","profile_background_image_url_https":"https://pbs.twimg.com/profile_background_images/378800000011023925/28e15a50422a8f83470a1d3c345c0719.jpeg","profile_background_tile":false,"profile_image_url":"http://pbs.twimg.com/profile_images/882772523045146624/jAT1YWnc_normal.jpg","profile_image_url_https":"https://pbs.twimg.com/profile_images/882772523045146624/jAT1YWnc_normal.jpg","profile_banner_url":"https://pbs.twimg.com/profile_banners/396497748/1499404737","profile_link_color":"0084B4","profile_sidebar_border_color":"FFFFFF","profile_sidebar_fill_color":"DDEEF6","profile_text_color":"333333","profile_use_background_image":true,"has_extended_profile":true,"default_profile":false,"default_profile_image":false,"following":false,"follow_request_sent":false,"notifications":false,"translator_type":"none"},"geo":null,"coordinates":null,"place":null,"contributors":null,"is_quote_status":false,"retweet_count":62,"favorite_count":485,"favorited":false,"retweeted":false,"lang":"ja"},{"created_at":"Fri Jul 07 13:37:31 +0000 2017","id":883319068941402100,"id_str":"883319068941402112","text":"フラット君はエルメロイ教室に来る前はロッコ先生の生徒だったのです。  ＃アポクリファ","truncated":false,"entities":{"hashtags":[{"text":"アポクリファ","indices":[35,42]}],"symbols":[],"user_mentions":[],"urls":[]},"metadata":{"iso_language_code":"ja","result_type":"recent"},"source":"<a href=\"https://sites.google.com/site/tweentwitterclient/\" rel=\"nofollow\">Tween</a>","in_reply_to_status_id":null,"in_reply_to_status_id_str":null,"in_reply_to_user_id":null,"in_reply_to_user_id_str":null,"in_reply_to_screen_name":null,"user":{"id":88228269,"id_str":"88228269","name":"成田良悟＠Fake４巻四月発売","screen_name":"ryohgo_narita","location":"自宅","description":"『バッカーノ！』『デュラララ！！』などを書いている成田良悟と申します。全てのレスにお返事する事はできませんが、御意見や呟きはありがたく読ませて頂いております……！　ＴＶや映画、アニメなどの感想等を呟く事がありますので、ネタバレに御注意下さい。","url":null,"entities":{"description":{"urls":[]}},"protected":false,"followers_count":134058,"friends_count":403,"listed_count":5175,"created_at":"Sat Nov 07 17:23:00 +0000 2009","favourites_count":0,"utc_offset":-36000,"time_zone":"Hawaii","geo_enabled":false,"verified":true,"statuses_count":24526,"lang":"ja","contributors_enabled":false,"is_translator":false,"is_translation_enabled":false,"profile_background_color":"C0DEED","profile_background_image_url":"http://pbs.twimg.com/profile_background_images/51793834/gun.jpg","profile_background_image_url_https":"https://pbs.twimg.com/profile_background_images/51793834/gun.jpg","profile_background_tile":true,"profile_image_url":"http://pbs.twimg.com/profile_images/3461890542/74e75121b1251fe57db897682f7e3cdf_normal.png","profile_image_url_https":"https://pbs.twimg.com/profile_images/3461890542/74e75121b1251fe57db897682f7e3cdf_normal.png","profile_link_color":"0084B4","profile_sidebar_border_color":"C0DEED","profile_sidebar_fill_color":"DDEEF6","profile_text_color":"333333","profile_use_background_image":true,"has_extended_profile":false,"default_profile":false,"default_profile_image":false,"following":false,"follow_request_sent":false,"notifications":false,"translator_type":"none"},"geo":null,"coordinates":null,"place":null,"contributors":null,"is_quote_status":false,"retweet_count":107,"favorite_count":88,"favorited":false,"retweeted":false,"lang":"ja"},{"created_at":"Fri Jul 07 13:37:28 +0000 2017","id":883319052403220500,"id_str":"883319052403220480","text":"七夕の今日皆はどんな願い事をしましたか？\n\n匡ならきっと「怜治さんの最後のEOS、絶対に勝たせる」とかですかね。\n僕自身もこのひと夏にその想いをかけてみたい。\nリアルイヤー。結果が分かってるとかじゃなくて、想いの強さが景色を変えて… https://t.co/oyhxjxf8zV","truncated":true,"entities":{"hashtags":[],"symbols":[],"user_mentions":[],"urls":[{"url":"https://t.co/oyhxjxf8zV","expanded_url":"https://twitter.com/i/web/status/883319052403220480","display_url":"twitter.com/i/web/status/8…","indices":[117,140]}]},"metadata":{"iso_language_code":"ja","result_type":"recent"},"source":"<a href=\"http://twitter.com/download/iphone\" rel=\"nofollow\">Twitter for iPhone</a>","in_reply_to_status_id":null,"in_reply_to_status_id_str":null,"in_reply_to_user_id":null,"in_reply_to_user_id_str":null,"in_reply_to_screen_name":null,"user":{"id":915345050,"id_str":"915345050","name":"仲田博喜","screen_name":"nakadahiroki","location":"オスカープロモーション","description":"俳優です。よろしくお願いします。 /「 プリンス・オブ・ストライドTHE LIVE STAGE」妹尾匡役 ６月17日～６月25日/「バグバスターズ」黄月明紀役/「ツキステ。」シリーズ 弥生春役/「真・三國無双」劉備役/「遙かなる時空の中で5風花記」高杉晋作役/「戦国無双～四国遠征の章～」明智光秀役","url":"https://t.co/IgqXmpRNiB","entities":{"url":{"urls":[{"url":"https://t.co/IgqXmpRNiB","expanded_url":"http://ameblo.jp/nakada1017/","display_url":"ameblo.jp/nakada1017/","indices":[0,23]}]},"description":{"urls":[]}},"protected":false,"followers_count":22085,"friends_count":173,"listed_count":981,"created_at":"Tue Oct 30 19:37:04 +0000 2012","favourites_count":31947,"utc_offset":32400,"time_zone":"Tokyo","geo_enabled":true,"verified":false,"statuses_count":4534,"lang":"ja","contributors_enabled":false,"is_translator":false,"is_translation_enabled":false,"profile_background_color":"C0DEED","profile_background_image_url":"http://abs.twimg.com/images/themes/theme1/bg.png","profile_background_image_url_https":"https://abs.twimg.com/images/themes/theme1/bg.png","profile_background_tile":false,"profile_image_url":"http://pbs.twimg.com/profile_images/873921471231295488/Ro0wxvP1_normal.jpg","profile_image_url_https":"https://pbs.twimg.com/profile_images/873921471231295488/Ro0wxvP1_normal.jpg","profile_banner_url":"https://pbs.twimg.com/profile_banners/915345050/1497195437","profile_link_color":"1DA1F2","profile_sidebar_border_color":"C0DEED","profile_sidebar_fill_color":"DDEEF6","profile_text_color":"333333","profile_use_background_image":true,"has_extended_profile":true,"default_profile":true,"default_profile_image":false,"following":false,"follow_request_sent":false,"notifications":false,"translator_type":"none"},"geo":null,"coordinates":null,"place":null,"contributors":null,"is_quote_status":false,"retweet_count":148,"favorite_count":337,"favorited":false,"retweeted":false,"possibly_sensitive":false,"lang":"ja"},{"created_at":"Fri Jul 07 13:37:25 +0000 2017","id":883319040894091300,"id_str":"883319040894091264","text":"水かけ祭りまで1カ月!!\n夏の思い出に是非遊びに来て下さいイエエエエエエエエェエエエエェーーーーーーーーーイ！！！！ https://t.co/wmswRvx1wg","truncated":false,"entities":{"hashtags":[],"symbols":[],"user_mentions":[],"urls":[],"media":[{"id":883318745468239900,"id_str":"883318745468239872","indices":[59,82],"media_url":"http://pbs.twimg.com/ext_tw_video_thumb/883318745468239872/pu/img/V6dHJvW730RXbgbi.jpg","media_url_https":"https://pbs.twimg.com/ext_tw_video_thumb/883318745468239872/pu/img/V6dHJvW730RXbgbi.jpg","url":"https://t.co/wmswRvx1wg","display_url":"pic.twitter.com/wmswRvx1wg","expanded_url":"https://twitter.com/ikezaki_YEAH/status/883319040894091264/video/1","type":"photo","sizes":{"large":{"w":960,"h":540,"resize":"fit"},"small":{"w":340,"h":191,"resize":"fit"},"thumb":{"w":150,"h":150,"resize":"crop"},"medium":{"w":600,"h":338,"resize":"fit"}}}]},"extended_entities":{"media":[{"id":883318745468239900,"id_str":"883318745468239872","indices":[59,82],"media_url":"http://pbs.twimg.com/ext_tw_video_thumb/883318745468239872/pu/img/V6dHJvW730RXbgbi.jpg","media_url_https":"https://pbs.twimg.com/ext_tw_video_thumb/883318745468239872/pu/img/V6dHJvW730RXbgbi.jpg","url":"https://t.co/wmswRvx1wg","display_url":"pic.twitter.com/wmswRvx1wg","expanded_url":"https://twitter.com/ikezaki_YEAH/status/883319040894091264/video/1","type":"video","sizes":{"large":{"w":960,"h":540,"resize":"fit"},"small":{"w":340,"h":191,"resize":"fit"},"thumb":{"w":150,"h":150,"resize":"crop"},"medium":{"w":600,"h":338,"resize":"fit"}},"video_info":{"aspect_ratio":[16,9],"duration_millis":45155,"variants":[{"bitrate":832000,"content_type":"video/mp4","url":"https://video.twimg.com/ext_tw_video/883318745468239872/pu/vid/640x360/su__8FoejUcmGW7x.mp4"},{"bitrate":320000,"content_type":"video/mp4","url":"https://video.twimg.com/ext_tw_video/883318745468239872/pu/vid/320x180/FomYwpBlFnrmGMwW.mp4"},{"content_type":"application/x-mpegURL","url":"https://video.twimg.com/ext_tw_video/883318745468239872/pu/pl/4mNysLSlpncrOJvR.m3u8"}]},"additional_media_info":{"monetizable":false}}]},"metadata":{"iso_language_code":"ja","result_type":"recent"},"source":"<a href=\"http://twitter.com/download/iphone\" rel=\"nofollow\">Twitter for iPhone</a>","in_reply_to_status_id":null,"in_reply_to_status_id_str":null,"in_reply_to_user_id":null,"in_reply_to_user_id_str":null,"in_reply_to_screen_name":null,"user":{"id":314687999,"id_str":"314687999","name":"サンシャイン池崎 超公式","screen_name":"ikezaki_YEAH","location":"イエーーーーイ(家)","description":"コロコロコミック40周年！コロコロ大使やってます！『池崎-1グランプリ2015 』優勝！！！YouTubeで空前絶後超絶怒涛のギャラクシーチャンネルはじめました。","url":"https://t.co/QbymUheA4i","entities":{"url":{"urls":[{"url":"https://t.co/QbymUheA4i","expanded_url":"http://www.watanabepro.co.jp/mypage/40000114/","display_url":"watanabepro.co.jp/mypage/4000011…","indices":[0,23]}]},"description":{"urls":[]}},"protected":false,"followers_count":132317,"friends_count":3759,"listed_count":356,"created_at":"Fri Jun 10 17:07:17 +0000 2011","favourites_count":474,"utc_offset":null,"time_zone":null,"geo_enabled":false,"verified":true,"statuses_count":9241,"lang":"ja","contributors_enabled":false,"is_translator":false,"is_translation_enabled":false,"profile_background_color":"0099B9","profile_background_image_url":"http://abs.twimg.com/images/themes/theme4/bg.gif","profile_background_image_url_https":"https://abs.twimg.com/images/themes/theme4/bg.gif","profile_background_tile":false,"profile_image_url":"http://pbs.twimg.com/profile_images/872091100869148672/8GR-umWp_normal.jpg","profile_image_url_https":"https://pbs.twimg.com/profile_images/872091100869148672/8GR-umWp_normal.jpg","profile_banner_url":"https://pbs.twimg.com/profile_banners/314687999/1434029869","profile_link_color":"0099B9","profile_sidebar_border_color":"5ED4DC","profile_sidebar_fill_color":"95E8EC","profile_text_color":"3C3940","profile_use_background_image":true,"has_extended_profile":true,"default_profile":false,"default_profile_image":false,"following":false,"follow_request_sent":false,"notifications":false,"translator_type":"none"},"geo":null,"coordinates":null,"place":null,"contributors":null,"is_quote_status":false,"retweet_count":83,"favorite_count":204,"favorited":false,"retweeted":false,"possibly_sensitive":false,"lang":"ja"},{"created_at":"Fri Jul 07 13:37:22 +0000 2017","id":883319029355561000,"id_str":"883319029355560961","text":"TOKYO MXにて第1話再放送スタートいたしました。\n聖杯大戦、開幕！\n皆さまぜひ最後までご覧ください。\n#アポクリファ https://t.co/QefNoWvV9e","truncated":false,"entities":{"hashtags":[{"text":"アポクリファ","indices":[54,61]}],"symbols":[],"user_mentions":[],"urls":[],"media":[{"id":883319022304976900,"id_str":"883319022304976896","indices":[62,85],"media_url":"http://pbs.twimg.com/media/DEIt-IPVYAAshBd.jpg","media_url_https":"https://pbs.twimg.com/media/DEIt-IPVYAAshBd.jpg","url":"https://t.co/QefNoWvV9e","display_url":"pic.twitter.com/QefNoWvV9e","expanded_url":"https://twitter.com/FateApocryphaTV/status/883319029355560961/photo/1","type":"photo","sizes":{"medium":{"w":1200,"h":675,"resize":"fit"},"small":{"w":680,"h":383,"resize":"fit"},"thumb":{"w":150,"h":150,"resize":"crop"},"large":{"w":1200,"h":675,"resize":"fit"}}}]},"extended_entities":{"media":[{"id":883319022304976900,"id_str":"883319022304976896","indices":[62,85],"media_url":"http://pbs.twimg.com/media/DEIt-IPVYAAshBd.jpg","media_url_https":"https://pbs.twimg.com/media/DEIt-IPVYAAshBd.jpg","url":"https://t.co/QefNoWvV9e","display_url":"pic.twitter.com/QefNoWvV9e","expanded_url":"https://twitter.com/FateApocryphaTV/status/883319029355560961/photo/1","type":"photo","sizes":{"medium":{"w":1200,"h":675,"resize":"fit"},"small":{"w":680,"h":383,"resize":"fit"},"thumb":{"w":150,"h":150,"resize":"crop"},"large":{"w":1200,"h":675,"resize":"fit"}}}]},"metadata":{"iso_language_code":"ja","result_type":"recent"},"source":"<a href=\"http://twitter.com/download/iphone\" rel=\"nofollow\">Twitter for iPhone</a>","in_reply_to_status_id":null,"in_reply_to_status_id_str":null,"in_reply_to_user_id":null,"in_reply_to_user_id_str":null,"in_reply_to_screen_name":null,"user":{"id":813281546035544000,"id_str":"813281546035544064","name":"Fate/Apocrypha","screen_name":"FateApocryphaTV","location":"ルーマニア・トゥリファス","description":"2017.07 ON TV\n 原作：東出祐一郎／TYPE-MOON キャラクター原案：近衛乙嗣 監督：浅井義之 シリーズ構成：東出祐一郎 キャラクターデザイン：山田有慶 音楽：横山克 制作：A-1 Pictures  ハッシュタグ：#アポクリファ 公式サイト：https://t.co/Ym3UvA0Kcl","url":"https://t.co/Ym3UvA0Kcl","entities":{"url":{"urls":[{"url":"https://t.co/Ym3UvA0Kcl","expanded_url":"http://fate-apocrypha.com/","display_url":"fate-apocrypha.com","indices":[0,23]}]},"description":{"urls":[{"url":"https://t.co/Ym3UvA0Kcl","expanded_url":"http://fate-apocrypha.com/","display_url":"fate-apocrypha.com","indices":[130,153]}]}},"protected":false,"followers_count":94312,"friends_count":26,"listed_count":1112,"created_at":"Mon Dec 26 07:13:25 +0000 2016","favourites_count":0,"utc_offset":32400,"time_zone":"Tokyo","geo_enabled":false,"verified":true,"statuses_count":319,"lang":"ja","contributors_enabled":false,"is_translator":false,"is_translation_enabled":false,"profile_background_color":"000000","profile_background_image_url":"http://abs.twimg.com/images/themes/theme1/bg.png","profile_background_image_url_https":"https://abs.twimg.com/images/themes/theme1/bg.png","profile_background_tile":false,"profile_image_url":"http://pbs.twimg.com/profile_images/815209340680294400/x1W1mpSl_normal.jpg","profile_image_url_https":"https://pbs.twimg.com/profile_images/815209340680294400/x1W1mpSl_normal.jpg","profile_banner_url":"https://pbs.twimg.com/profile_banners/813281546035544064/1497106923","profile_link_color":"E81C4F","profile_sidebar_border_color":"000000","profile_sidebar_fill_color":"000000","profile_text_color":"000000","profile_use_background_image":false,"has_extended_profile":false,"default_profile":false,"default_profile_image":false,"following":false,"follow_request_sent":false,"notifications":false,"translator_type":"none"},"geo":null,"coordinates":null,"place":null,"contributors":null,"is_quote_status":false,"retweet_count":154,"favorite_count":135,"favorited":false,"retweeted":false,"possibly_sensitive":false,"lang":"ja"},{"created_at":"Fri Jul 07 13:37:18 +0000 2017","id":883319010871332900,"id_str":"883319010871332865","text":"うたプリかるた\n｢ん｣→んじゃな","truncated":false,"entities":{"hashtags":[],"symbols":[],"user_mentions":[],"urls":[]},"metadata":{"iso_language_code":"ja","result_type":"recent"},"source":"<a href=\"http://twitter.com/download/iphone\" rel=\"nofollow\">Twitter for iPhone</a>","in_reply_to_status_id":null,"in_reply_to_status_id_str":null,"in_reply_to_user_id":null,"in_reply_to_user_id_str":null,"in_reply_to_screen_name":null,"user":{"id":1420525027,"id_str":"1420525027","name":"ぺこ太","screen_name":"peco_pecos","location":"","description":"utpr中心に思い付いたままに呟きます。必読→《https://t.co/vMxLCL9VRf》 無断転載はいけないよ。（Reprint is prohibited）/18↑垢【@peco_pecos18】/シャニライ垢【@Speco_Hpeco】","url":"https://t.co/qUjuwHGdH5","entities":{"url":{"urls":[{"url":"https://t.co/qUjuwHGdH5","expanded_url":"https://pixiv.me/pecopeco_s","display_url":"pixiv.me/pecopeco_s","indices":[0,23]}]},"description":{"urls":[{"url":"https://t.co/vMxLCL9VRf","expanded_url":"http://twpf.jp/peco_pecos","display_url":"twpf.jp/peco_pecos","indices":[24,47]}]}},"protected":false,"followers_count":2870,"friends_count":182,"listed_count":60,"created_at":"Sat May 11 12:16:17 +0000 2013","favourites_count":14078,"utc_offset":28800,"time_zone":"Irkutsk","geo_enabled":false,"verified":false,"statuses_count":16698,"lang":"ja","contributors_enabled":false,"is_translator":false,"is_translation_enabled":false,"profile_background_color":"000000","profile_background_image_url":"http://abs.twimg.com/images/themes/theme1/bg.png","profile_background_image_url_https":"https://abs.twimg.com/images/themes/theme1/bg.png","profile_background_tile":false,"profile_image_url":"http://pbs.twimg.com/profile_images/878506030744731648/V9hdm_bD_normal.jpg","profile_image_url_https":"https://pbs.twimg.com/profile_images/878506030744731648/V9hdm_bD_normal.jpg","profile_banner_url":"https://pbs.twimg.com/profile_banners/1420525027/1498910255","profile_link_color":"FA743E","profile_sidebar_border_color":"000000","profile_sidebar_fill_color":"000000","profile_text_color":"000000","profile_use_background_image":false,"has_extended_profile":true,"default_profile":false,"default_profile_image":false,"following":false,"follow_request_sent":false,"notifications":false,"translator_type":"none"},"geo":null,"coordinates":null,"place":null,"contributors":null,"is_quote_status":false,"retweet_count":50,"favorite_count":74,"favorited":false,"retweeted":false,"lang":"ja"},{"created_at":"Fri Jul 07 13:37:17 +0000 2017","id":883319007721340900,"id_str":"883319007721340930","text":"【動画】Carry Forward／浦島坂田船 https://t.co/Um8697ltAA  投稿しました。\n\nyoutubeにも上がりました！見やすい方でどうぞ！","truncated":false,"entities":{"hashtags":[],"symbols":[],"user_mentions":[],"urls":[{"url":"https://t.co/Um8697ltAA","expanded_url":"https://youtu.be/3yJgcUo1BiY","display_url":"youtu.be/3yJgcUo1BiY","indices":[24,47]}]},"metadata":{"iso_language_code":"ja","result_type":"recent"},"source":"<a href=\"http://twitter.com/download/iphone\" rel=\"nofollow\">Twitter for iPhone</a>","in_reply_to_status_id":null,"in_reply_to_status_id_str":null,"in_reply_to_user_id":null,"in_reply_to_user_id_str":null,"in_reply_to_screen_name":null,"user":{"id":108223197,"id_str":"108223197","name":"となりの坂田。@浦島坂田船","screen_name":"sakatandao","location":"企画はこちらへsakata_info@yahoo.co.jp","description":"あほの坂田、となりの坂田という二つの名前でネット中心に活動してます。ラインでも色々お知らせしてるよ検索してみて👉《@ lgz4390q》 youtubeもやってるので気軽に登録してね！👉《https://t.co/9FPxmKmiXF》","url":"https://t.co/XxJSl8kHga","entities":{"url":{"urls":[{"url":"https://t.co/XxJSl8kHga","expanded_url":"http://com.nicovideo.jp/community/co15480","display_url":"com.nicovideo.jp/community/co15…","indices":[0,23]}]},"description":{"urls":[{"url":"https://t.co/9FPxmKmiXF","expanded_url":"https://m.youtube.com/channel/UCvOX0NWMvYrgSV15vuxV4Pg","display_url":"m.youtube.com/channel/UCvOX0…","indices":[94,117]}]}},"protected":false,"followers_count":401923,"friends_count":1175,"listed_count":6916,"created_at":"Mon Jan 25 07:18:05 +0000 2010","favourites_count":4503,"utc_offset":-25200,"time_zone":"Pacific Time (US & Canada)","geo_enabled":false,"verified":true,"statuses_count":1486,"lang":"ja","contributors_enabled":false,"is_translator":false,"is_translation_enabled":false,"profile_background_color":"C0DEED","profile_background_image_url":"http://pbs.twimg.com/profile_background_images/136408029/____________.jpg","profile_background_image_url_https":"https://pbs.twimg.com/profile_background_images/136408029/____________.jpg","profile_background_tile":false,"profile_image_url":"http://pbs.twimg.com/profile_images/853961833744547842/ypUnwuNe_normal.jpg","profile_image_url_https":"https://pbs.twimg.com/profile_images/853961833744547842/ypUnwuNe_normal.jpg","profile_banner_url":"https://pbs.twimg.com/profile_banners/108223197/1420547626","profile_link_color":"E81C4F","profile_sidebar_border_color":"C1C9EB","profile_sidebar_fill_color":"DDEEF6","profile_text_color":"333333","profile_use_background_image":true,"has_extended_profile":true,"default_profile":false,"default_profile_image":false,"following":false,"follow_request_sent":false,"notifications":false,"translator_type":"none"},"geo":null,"coordinates":null,"place":null,"contributors":null,"is_quote_status":false,"retweet_count":534,"favorite_count":1960,"favorited":false,"retweeted":false,"possibly_sensitive":false,"lang":"ja"},{"created_at":"Fri Jul 07 13:37:17 +0000 2017","id":883319006307864600,"id_str":"883319006307864577","text":"モイ！iPhoneからキャス配信中 - おつかれぴーや https://t.co/ofm9hIkhpO","truncated":false,"entities":{"hashtags":[],"symbols":[],"user_mentions":[],"urls":[{"url":"https://t.co/ofm9hIkhpO","expanded_url":"http://cas.st/16fa5f04","display_url":"cas.st/16fa5f04","indices":[28,51]}]},"metadata":{"iso_language_code":"ja","result_type":"recent"},"source":"<a href=\"http://twitcasting.tv/\" rel=\"nofollow\">TwitCasting</a>","in_reply_to_status_id":null,"in_reply_to_status_id_str":null,"in_reply_to_user_id":null,"in_reply_to_user_id_str":null,"in_reply_to_screen_name":null,"user":{"id":3704744353,"id_str":"3704744353","name":"☆イニ☆＆じん＆JIN サブ","screen_name":"JINSJINS1027","location":"東京","description":"(@JINJIN1027)のサブ垢。/ 鍵垢で送れないリプはこっちに送ってくれると嬉しいです！/ じんクラスタ略して… じんクラの皆が支え","url":"https://t.co/sKUhQ9IFXE","entities":{"url":{"urls":[{"url":"https://t.co/sKUhQ9IFXE","expanded_url":"https://www.instagram.com/jinjin10272/","display_url":"instagram.com/jinjin10272/","indices":[0,23]}]},"description":{"urls":[]}},"protected":false,"followers_count":162549,"friends_count":85048,"listed_count":472,"created_at":"Sun Sep 27 14:53:58 +0000 2015","favourites_count":77952,"utc_offset":-25200,"time_zone":"Pacific Time (US & Canada)","geo_enabled":false,"verified":false,"statuses_count":30531,"lang":"ja","contributors_enabled":false,"is_translator":false,"is_translation_enabled":false,"profile_background_color":"C0DEED","profile_background_image_url":"http://abs.twimg.com/images/themes/theme1/bg.png","profile_background_image_url_https":"https://abs.twimg.com/images/themes/theme1/bg.png","profile_background_tile":false,"profile_image_url":"http://pbs.twimg.com/profile_images/681521936417947648/O1ug589h_normal.jpg","profile_image_url_https":"https://pbs.twimg.com/profile_images/681521936417947648/O1ug589h_normal.jpg","profile_banner_url":"https://pbs.twimg.com/profile_banners/3704744353/1474256445","profile_link_color":"1DA1F2","profile_sidebar_border_color":"C0DEED","profile_sidebar_fill_color":"DDEEF6","profile_text_color":"333333","profile_use_background_image":true,"has_extended_profile":false,"default_profile":true,"default_profile_image":false,"following":false,"follow_request_sent":false,"notifications":false,"translator_type":"none"},"geo":null,"coordinates":null,"place":null,"contributors":null,"is_quote_status":false,"retweet_count":87,"favorite_count":643,"favorited":false,"retweeted":false,"possibly_sensitive":false,"lang":"ja"},{"created_at":"Fri Jul 07 13:36:59 +0000 2017","id":883318930932023300,"id_str":"883318930932023297","text":"んじゃな←しりとりで勝てる","truncated":false,"entities":{"hashtags":[],"symbols":[],"user_mentions":[],"urls":[]},"metadata":{"iso_language_code":"ja","result_type":"recent"},"source":"<a href=\"http://twitter.com/download/iphone\" rel=\"nofollow\">Twitter for iPhone</a>","in_reply_to_status_id":null,"in_reply_to_status_id_str":null,"in_reply_to_user_id":null,"in_reply_to_user_id_str":null,"in_reply_to_screen_name":null,"user":{"id":2297177268,"id_str":"2297177268","name":"えい🌈","screen_name":"_Ei_A","location":"深い森の奥","description":"御曹司が好きです┊R18:@_ei_a_┊https://t.co/43ID8IrtUe","url":"https://t.co/a9EhXCuXpG","entities":{"url":{"urls":[{"url":"https://t.co/a9EhXCuXpG","expanded_url":"http://www.pixiv.net/member.php?id=9253428","display_url":"pixiv.net/member.php?id=…","indices":[0,23]}]},"description":{"urls":[{"url":"https://t.co/43ID8IrtUe","expanded_url":"http://twpf.jp/_Ei_A","display_url":"twpf.jp/_Ei_A","indices":[21,44]}]}},"protected":false,"followers_count":1203,"friends_count":126,"listed_count":29,"created_at":"Sat Jan 18 03:30:06 +0000 2014","favourites_count":8151,"utc_offset":32400,"time_zone":"Tokyo","geo_enabled":false,"verified":false,"statuses_count":54432,"lang":"ja","contributors_enabled":false,"is_translator":false,"is_translation_enabled":false,"profile_background_color":"F3F3F2","profile_background_image_url":"http://pbs.twimg.com/profile_background_images/439446130372259841/1aEcfLNT.png","profile_background_image_url_https":"https://pbs.twimg.com/profile_background_images/439446130372259841/1aEcfLNT.png","profile_background_tile":true,"profile_image_url":"http://pbs.twimg.com/profile_images/878977776388251649/BZHHvxVf_normal.jpg","profile_image_url_https":"https://pbs.twimg.com/profile_images/878977776388251649/BZHHvxVf_normal.jpg","profile_banner_url":"https://pbs.twimg.com/profile_banners/2297177268/1491089829","profile_link_color":"17184B","profile_sidebar_border_color":"FFFFFF","profile_sidebar_fill_color":"EBF8FF","profile_text_color":"94090C","profile_use_background_image":false,"has_extended_profile":true,"default_profile":false,"default_profile_image":false,"following":false,"follow_request_sent":false,"notifications":false,"translator_type":"none"},"geo":null,"coordinates":null,"place":null,"contributors":null,"is_quote_status":false,"retweet_count":79,"favorite_count":78,"favorited":false,"retweeted":false,"lang":"ja"}],"search_metadata":{"completed_in":0.086,"max_id":883319629648543700,"max_id_str":"883319629648543744","next_results":"?max_id=883318930932023296&q=lang%3Aja%20min_retweets%3A50&include_entities=1","query":"lang%3Aja+min_retweets%3A50","refresh_url":"?since_id=883319629648543744&q=lang%3Aja%20min_retweets%3A50&include_entities=1","count":15,"since_id":0,"since_id_str":"0"}}