{"statuses":[{"created_at":"Thu Jul 06 07:39:35 +0000 2017","id":882866604035276800,"id_str":"882866604035276804","text":"コウさんまだかなー","truncated":false,"entities":{"hashtags":[],"symbols":[],"user_mentions":[],"urls":[]},"metadata":{"iso_language_code":"ja","result_type":"recent"},"source":"<a href=\"http://twitter.com/download/iphone\" rel=\"nofollow\">Twitter for iPhone</a>","in_reply_to_status_id":null,"in_reply_to_status_id_str":null,"in_reply_to_user_id":null,"in_reply_to_user_id_str":null,"in_reply_to_screen_name":null,"user":{"id":704585978824949800,"id_str":"704585978824949760","name":"村上喜紀","screen_name":"mhu_yoshiki","location":"","description":"アクロスエンタテインメント 村上喜紀です。京都府舞鶴市出身 メッセージは全て読ませて頂いております。感謝を込めて。","url":"https://t.co/SsKQefGN3a","entities":{"url":{"urls":[{"url":"https://t.co/SsKQefGN3a","expanded_url":"http://across-ent.com/","display_url":"across-ent.com","indices":[0,23]}]},"description":{"urls":[]}},"protected":false,"followers_count":14769,"friends_count":152,"listed_count":507,"created_at":"Tue Mar 01 08:36:02 +0000 2016","favourites_count":3847,"utc_offset":32400,"time_zone":"Tokyo","geo_enabled":false,"verified":false,"statuses_count":4751,"lang":"ja","contributors_enabled":false,"is_translator":false,"is_translation_enabled":false,"profile_background_color":"F5F8FA","profile_background_image_url":null,"profile_background_image_url_https":null,"profile_background_tile":false,"profile_image_url":"http://pbs.twimg.com/profile_images/876140413643403265/5czU7voo_normal.jpg","profile_image_url_https":"https://pbs.twimg.com/profile_images/876140413643403265/5czU7voo_normal.jpg","profile_link_color":"1DA1F2","profile_sidebar_border_color":"C0DEED","profile_sidebar_fill_color":"DDEEF6","profile_text_color":"333333","profile_use_background_image":true,"has_extended_profile":true,"default_profile":true,"default_profile_image":false,"following":false,"follow_request_sent":false,"notifications":false,"translator_type":"none"},"geo":null,"coordinates":null,"place":null,"contributors":null,"is_quote_status":false,"retweet_count":69,"favorite_count":92,"favorited":false,"retweeted":false,"lang":"ja"},{"created_at":"Thu Jul 06 07:37:42 +0000 2017","id":882866127751139300,"id_str":"882866127751139328","text":"いつでもどこでもヘソ天。 https://t.co/eoGQrYozSR","truncated":false,"entities":{"hashtags":[],"symbols":[],"user_mentions":[],"urls":[],"media":[{"id":882866116703301600,"id_str":"882866116703301632","indices":[13,36],"media_url":"http://pbs.twimg.com/media/DECSDjZUMAAnyH-.jpg","media_url_https":"https://pbs.twimg.com/media/DECSDjZUMAAnyH-.jpg","url":"https://t.co/eoGQrYozSR","display_url":"pic.twitter.com/eoGQrYozSR","expanded_url":"https://twitter.com/milkymirukun/status/882866127751139328/photo/1","type":"photo","sizes":{"medium":{"w":900,"h":1200,"resize":"fit"},"thumb":{"w":150,"h":150,"resize":"crop"},"large":{"w":1536,"h":2048,"resize":"fit"},"small":{"w":510,"h":680,"resize":"fit"}}}]},"extended_entities":{"media":[{"id":882866116703301600,"id_str":"882866116703301632","indices":[13,36],"media_url":"http://pbs.twimg.com/media/DECSDjZUMAAnyH-.jpg","media_url_https":"https://pbs.twimg.com/media/DECSDjZUMAAnyH-.jpg","url":"https://t.co/eoGQrYozSR","display_url":"pic.twitter.com/eoGQrYozSR","expanded_url":"https://twitter.com/milkymirukun/status/882866127751139328/photo/1","type":"photo","sizes":{"medium":{"w":900,"h":1200,"resize":"fit"},"thumb":{"w":150,"h":150,"resize":"crop"},"large":{"w":1536,"h":2048,"resize":"fit"},"small":{"w":510,"h":680,"resize":"fit"}}},{"id":882866116745248800,"id_str":"882866116745248768","indices":[13,36],"media_url":"http://pbs.twimg.com/media/DECSDjjUQAAVzO2.jpg","media_url_https":"https://pbs.twimg.com/media/DECSDjjUQAAVzO2.jpg","url":"https://t.co/eoGQrYozSR","display_url":"pic.twitter.com/eoGQrYozSR","expanded_url":"https://twitter.com/milkymirukun/status/882866127751139328/photo/1","type":"photo","sizes":{"medium":{"w":900,"h":1200,"resize":"fit"},"thumb":{"w":150,"h":150,"resize":"crop"},"large":{"w":1536,"h":2048,"resize":"fit"},"small":{"w":510,"h":680,"resize":"fit"}}},{"id":882866116753670100,"id_str":"882866116753670144","indices":[13,36],"media_url":"http://pbs.twimg.com/media/DECSDjlUwAAnoAv.jpg","media_url_https":"https://pbs.twimg.com/media/DECSDjlUwAAnoAv.jpg","url":"https://t.co/eoGQrYozSR","display_url":"pic.twitter.com/eoGQrYozSR","expanded_url":"https://twitter.com/milkymirukun/status/882866127751139328/photo/1","type":"photo","sizes":{"medium":{"w":900,"h":1200,"resize":"fit"},"thumb":{"w":150,"h":150,"resize":"crop"},"large":{"w":1536,"h":2048,"resize":"fit"},"small":{"w":510,"h":680,"resize":"fit"}}}]},"metadata":{"iso_language_code":"ja","result_type":"recent"},"source":"<a href=\"http://twitter.com/download/iphone\" rel=\"nofollow\">Twitter for iPhone</a>","in_reply_to_status_id":null,"in_reply_to_status_id_str":null,"in_reply_to_user_id":null,"in_reply_to_user_id_str":null,"in_reply_to_screen_name":null,"user":{"id":813740523911381000,"id_str":"813740523911380993","name":"ミル","screen_name":"milkymirukun","location":"JAPAN","description":"ミル ♂性格:超やんちゃ ツンデレ ⚠︎無断転載禁止です instagram→https://t.co/sFDPrNTeUI ねこナビブログはこちらからどうぞ〜↓","url":"https://t.co/FNEK4X25wj","entities":{"url":{"urls":[{"url":"https://t.co/FNEK4X25wj","expanded_url":"http://nekonavi.jp/archives/author/milkymirukun","display_url":"nekonavi.jp/archives/autho…","indices":[0,23]}]},"description":{"urls":[{"url":"https://t.co/sFDPrNTeUI","expanded_url":"https://www.instagram.com/mirukunmom/","display_url":"instagram.com/mirukunmom/","indices":[39,62]}]}},"protected":false,"followers_count":111750,"friends_count":139,"listed_count":1017,"created_at":"Tue Dec 27 13:37:14 +0000 2016","favourites_count":5944,"utc_offset":null,"time_zone":null,"geo_enabled":false,"verified":false,"statuses_count":1089,"lang":"ja","contributors_enabled":false,"is_translator":false,"is_translation_enabled":false,"profile_background_color":"F5F8FA","profile_background_image_url":null,"profile_background_image_url_https":null,"profile_background_tile":false,"profile_image_url":"http://pbs.twimg.com/profile_images/882556355403333632/zGBAtVHi_normal.jpg","profile_image_url_https":"https://pbs.twimg.com/profile_images/882556355403333632/zGBAtVHi_normal.jpg","profile_banner_url":"https://pbs.twimg.com/profile_banners/813740523911380993/1493203732","profile_link_color":"1DA1F2","profile_sidebar_border_color":"C0DEED","profile_sidebar_fill_color":"DDEEF6","profile_text_color":"333333","profile_use_background_image":true,"has_extended_profile":false,"default_profile":true,"default_profile_image":false,"following":false,"follow_request_sent":false,"notifications":false,"translator_type":"none"},"geo":null,"coordinates":null,"place":null,"contributors":null,"is_quote_status":false,"retweet_count":165,"favorite_count":502,"favorited":false,"retweeted":false,"possibly_sensitive":false,"lang":"ja"},{"created_at":"Thu Jul 06 07:36:05 +0000 2017","id":882865722346545200,"id_str":"882865722346545152","text":"「夏バテしないように、ひじき食べました！」\n\nと、写真付きで唐突に安野さんからLINEが笑\n\nそういえば、夏はミネラルをとらなきゃいけないんですよって安野さんに教えてもらった記憶が。\n意外と安野さんは食べ物の栄養素に詳しいんですよ… https://t.co/lL7D8ooFTB","truncated":true,"entities":{"hashtags":[],"symbols":[],"user_mentions":[],"urls":[{"url":"https://t.co/lL7D8ooFTB","expanded_url":"https://twitter.com/i/web/status/882865722346545152","display_url":"twitter.com/i/web/status/8…","indices":[117,140]}]},"metadata":{"iso_language_code":"ja","result_type":"recent"},"source":"<a href=\"http://twitter.com/download/iphone\" rel=\"nofollow\">Twitter for iPhone</a>","in_reply_to_status_id":null,"in_reply_to_status_id_str":null,"in_reply_to_user_id":null,"in_reply_to_user_id_str":null,"in_reply_to_screen_name":null,"user":{"id":3300363097,"id_str":"3300363097","name":"安野希世乃 official","screen_name":"Yaskiyo_manager","location":"","description":"声優 安野希世乃のOfficial Twitterです。 本人の呟きはもちろん、出演情報やマネージャーからのオフショット等もお届けします！  1st ミニアルバム「涙。」7月26日（水）発売 ！https://t.co/chbqmJsRwJ","url":"https://t.co/QO9jhT98o9","entities":{"url":{"urls":[{"url":"https://t.co/QO9jhT98o9","expanded_url":"http://ameblo.jp/kiyono-yasuno/","display_url":"ameblo.jp/kiyono-yasuno/","indices":[0,23]}]},"description":{"urls":[{"url":"https://t.co/chbqmJsRwJ","expanded_url":"http://www.jvcmusic.co.jp/flyingdog/-/Artist/A025792.html","display_url":"jvcmusic.co.jp/flyingdog/-/Ar…","indices":[97,120]}]}},"protected":false,"followers_count":70827,"friends_count":10,"listed_count":2533,"created_at":"Wed Jul 29 08:17:43 +0000 2015","favourites_count":0,"utc_offset":-25200,"time_zone":"Pacific Time (US & Canada)","geo_enabled":true,"verified":false,"statuses_count":1243,"lang":"ja","contributors_enabled":false,"is_translator":false,"is_translation_enabled":false,"profile_background_color":"0099B9","profile_background_image_url":"http://abs.twimg.com/images/themes/theme4/bg.gif","profile_background_image_url_https":"https://abs.twimg.com/images/themes/theme4/bg.gif","profile_background_tile":false,"profile_image_url":"http://pbs.twimg.com/profile_images/876112728917659649/GZ9cnxo0_normal.jpg","profile_image_url_https":"https://pbs.twimg.com/profile_images/876112728917659649/GZ9cnxo0_normal.jpg","profile_banner_url":"https://pbs.twimg.com/profile_banners/3300363097/1456336783","profile_link_color":"0099B9","profile_sidebar_border_color":"5ED4DC","profile_sidebar_fill_color":"95E8EC","profile_text_color":"3C3940","profile_use_background_image":true,"has_extended_profile":true,"default_profile":false,"default_profile_image":false,"following":false,"follow_request_sent":false,"notifications":false,"translator_type":"none"},"geo":null,"coordinates":null,"place":null,"contributors":null,"is_quote_status":false,"retweet_count":67,"favorite_count":191,"favorited":false,"retweeted":false,"possibly_sensitive":false,"lang":"ja"},{"created_at":"Thu Jul 06 07:35:11 +0000 2017","id":882865496839737300,"id_str":"882865496839737345","text":"★┷┓\n┃５┃\n┃０┃\n┃０┃\n┃０┃\n┃兆┃\n┃円┃\n┃欲┃\n┃し┃\n┃い┃\n┃！┃\n┗━★","truncated":false,"entities":{"hashtags":[],"symbols":[],"user_mentions":[],"urls":[]},"metadata":{"iso_language_code":"ja","result_type":"recent"},"source":"<a href=\"http://tapbots.com/tweetbot\" rel=\"nofollow\">Tweetbot for iΟS</a>","in_reply_to_status_id":null,"in_reply_to_status_id_str":null,"in_reply_to_user_id":null,"in_reply_to_user_id_str":null,"in_reply_to_screen_name":null,"user":{"id":231926590,"id_str":"231926590","name":"ななひら🍎7/15どーほり17シスライ","screen_name":"nanahira","location":"","description":"歌ってます✩\n\n歌唱/仮歌/CVなどのご依頼・お問い合わせはこちらまで ✉ confetto.7@gmail.com  icon: @megacycle13 header:@nekot1","url":"https://t.co/ifAnONG8bG","entities":{"url":{"urls":[{"url":"https://t.co/ifAnONG8bG","expanded_url":"http://confetto.chu.jp","display_url":"confetto.chu.jp","indices":[0,23]}]},"description":{"urls":[]}},"protected":false,"followers_count":41584,"friends_count":1355,"listed_count":1216,"created_at":"Wed Dec 29 21:11:00 +0000 2010","favourites_count":35041,"utc_offset":-36000,"time_zone":"Hawaii","geo_enabled":false,"verified":false,"statuses_count":59373,"lang":"ja","contributors_enabled":false,"is_translator":false,"is_translation_enabled":false,"profile_background_color":"FFDBE9","profile_background_image_url":"http://pbs.twimg.com/profile_background_images/474429975995498496/2jjiiHuX.jpeg","profile_background_image_url_https":"https://pbs.twimg.com/profile_background_images/474429975995498496/2jjiiHuX.jpeg","profile_background_tile":true,"profile_image_url":"http://pbs.twimg.com/profile_images/854659159706423296/sc6-FUka_normal.jpg","profile_image_url_https":"https://pbs.twimg.com/profile_images/854659159706423296/sc6-FUka_normal.jpg","profile_banner_url":"https://pbs.twimg.com/profile_banners/231926590/1481095671","profile_link_color":"F5ABB5","profile_sidebar_border_color":"FFFFFF","profile_sidebar_fill_color":"DDEEF6","profile_text_color":"333333","profile_use_background_image":true,"has_extended_profile":false,"default_profile":false,"default_profile_image":false,"following":false,"follow_request_sent":false,"notifications":false,"translator_type":"none"},"geo":null,"coordinates":null,"place":null,"contributors":null,"is_quote_status":false,"retweet_count":47,"favorite_count":70,"favorited":false,"retweeted":false,"lang":"ja"},{"created_at":"Thu Jul 06 07:34:19 +0000 2017","id":882865276311621600,"id_str":"882865276311621632","text":"休憩時間は街を探索してカフェとかによく行くんだ！\n\n先日行ったのはパンケーキのお店でね…「幸せのパンケーキ」っていうんだけど、本当に幸せになれたよ…！美味しかったぁ\n\nオススメ(*´◒`*)♡ https://t.co/jkzuOsHhDC","truncated":false,"entities":{"hashtags":[],"symbols":[],"user_mentions":[],"urls":[],"media":[{"id":882865263229640700,"id_str":"882865263229640710","indices":[97,120],"media_url":"http://pbs.twimg.com/media/DECRR39VoAY_i2_.jpg","media_url_https":"https://pbs.twimg.com/media/DECRR39VoAY_i2_.jpg","url":"https://t.co/jkzuOsHhDC","display_url":"pic.twitter.com/jkzuOsHhDC","expanded_url":"https://twitter.com/marika_0222/status/882865276311621632/photo/1","type":"photo","sizes":{"medium":{"w":1200,"h":892,"resize":"fit"},"small":{"w":680,"h":506,"resize":"fit"},"thumb":{"w":150,"h":150,"resize":"crop"},"large":{"w":2048,"h":1523,"resize":"fit"}}}]},"extended_entities":{"media":[{"id":882865263229640700,"id_str":"882865263229640710","indices":[97,120],"media_url":"http://pbs.twimg.com/media/DECRR39VoAY_i2_.jpg","media_url_https":"https://pbs.twimg.com/media/DECRR39VoAY_i2_.jpg","url":"https://t.co/jkzuOsHhDC","display_url":"pic.twitter.com/jkzuOsHhDC","expanded_url":"https://twitter.com/marika_0222/status/882865276311621632/photo/1","type":"photo","sizes":{"medium":{"w":1200,"h":892,"resize":"fit"},"small":{"w":680,"h":506,"resize":"fit"},"thumb":{"w":150,"h":150,"resize":"crop"},"large":{"w":2048,"h":1523,"resize":"fit"}}}]},"metadata":{"iso_language_code":"ja","result_type":"recent"},"source":"<a href=\"http://twitter.com/download/iphone\" rel=\"nofollow\">Twitter for iPhone</a>","in_reply_to_status_id":null,"in_reply_to_status_id_str":null,"in_reply_to_user_id":null,"in_reply_to_user_id_str":null,"in_reply_to_screen_name":null,"user":{"id":1363724040,"id_str":"1363724040","name":"高野 麻里佳","screen_name":"marika_0222","location":"","description":"こうの まりか です☆【隔週木曜日】 #モンハンラジオ 【毎週金曜日】 #ウマ娘 ぱかラジッ！ 【不定期レギュラー番組】 #まりくわ #ゴージャス動画 #GMチャンネル #ゲーがく #DFF_A 公式生放送 【夏アニメ】 #イセスマ","url":"https://t.co/dZCErSDNtB","entities":{"url":{"urls":[{"url":"https://t.co/dZCErSDNtB","expanded_url":"https://mausu.net/talent/kouno-marika.html","display_url":"mausu.net/talent/kouno-m…","indices":[0,23]}]},"description":{"urls":[]}},"protected":false,"followers_count":92347,"friends_count":850,"listed_count":2179,"created_at":"Fri Apr 19 06:35:06 +0000 2013","favourites_count":3977,"utc_offset":null,"time_zone":null,"geo_enabled":false,"verified":false,"statuses_count":19301,"lang":"ja","contributors_enabled":false,"is_translator":false,"is_translation_enabled":false,"profile_background_color":"C0DEED","profile_background_image_url":"http://abs.twimg.com/images/themes/theme1/bg.png","profile_background_image_url_https":"https://abs.twimg.com/images/themes/theme1/bg.png","profile_background_tile":false,"profile_image_url":"http://pbs.twimg.com/profile_images/878288987047079936/EN4vvHwW_normal.jpg","profile_image_url_https":"https://pbs.twimg.com/profile_images/878288987047079936/EN4vvHwW_normal.jpg","profile_banner_url":"https://pbs.twimg.com/profile_banners/1363724040/1498483315","profile_link_color":"1DA1F2","profile_sidebar_border_color":"C0DEED","profile_sidebar_fill_color":"DDEEF6","profile_text_color":"333333","profile_use_background_image":true,"has_extended_profile":false,"default_profile":true,"default_profile_image":false,"following":false,"follow_request_sent":false,"notifications":false,"translator_type":"none"},"geo":null,"coordinates":null,"place":null,"contributors":null,"is_quote_status":false,"retweet_count":50,"favorite_count":190,"favorited":false,"retweeted":false,"possibly_sensitive":false,"lang":"ja"},{"created_at":"Thu Jul 06 07:34:05 +0000 2017","id":882865218983940100,"id_str":"882865218983940096","text":"黒羽根利規捕手コメント②\n\n「神奈川出身で横浜育ち。横浜のファンは温かく、ファームの時もすご\nく応援してくださって支えられました。横浜を離れるのはとても寂しい気持ちがありますが、これからは日本ハムで活躍することがＤｅＮＡファンへの恩返しだと思っているので、引き続き頑張ります」","truncated":false,"entities":{"hashtags":[],"symbols":[],"user_mentions":[],"urls":[]},"metadata":{"iso_language_code":"ja","result_type":"recent"},"source":"<a href=\"http://twitter.com\" rel=\"nofollow\">Twitter Web Client</a>","in_reply_to_status_id":null,"in_reply_to_status_id_str":null,"in_reply_to_user_id":null,"in_reply_to_user_id_str":null,"in_reply_to_screen_name":null,"user":{"id":711220455252754400,"id_str":"711220455252754433","name":"ベイスターズ情報@サンスポ","screen_name":"sanspo_baystars","location":"日本","description":"ハマの願い、星に届け！ サンケイスポーツがお届けするベイスターズ情報です。番記者が、いろいろつぶやきます。2016年5月3日、タブロイド特別版「BAY☆スタ」を発行しました！","url":null,"entities":{"description":{"urls":[]}},"protected":false,"followers_count":25386,"friends_count":38,"listed_count":380,"created_at":"Sat Mar 19 15:59:05 +0000 2016","favourites_count":95,"utc_offset":-25200,"time_zone":"Pacific Time (US & Canada)","geo_enabled":false,"verified":false,"statuses_count":1451,"lang":"ja","contributors_enabled":false,"is_translator":false,"is_translation_enabled":false,"profile_background_color":"0099B9","profile_background_image_url":"http://abs.twimg.com/images/themes/theme4/bg.gif","profile_background_image_url_https":"https://abs.twimg.com/images/themes/theme4/bg.gif","profile_background_tile":false,"profile_image_url":"http://pbs.twimg.com/profile_images/719365961686458369/QKYlK0vX_normal.jpg","profile_image_url_https":"https://pbs.twimg.com/profile_images/719365961686458369/QKYlK0vX_normal.jpg","profile_banner_url":"https://pbs.twimg.com/profile_banners/711220455252754433/1460344948","profile_link_color":"0099B9","profile_sidebar_border_color":"5ED4DC","profile_sidebar_fill_color":"95E8EC","profile_text_color":"3C3940","profile_use_background_image":true,"has_extended_profile":false,"default_profile":false,"default_profile_image":false,"following":false,"follow_request_sent":false,"notifications":false,"translator_type":"none"},"geo":null,"coordinates":null,"place":null,"contributors":null,"is_quote_status":false,"retweet_count":160,"favorite_count":211,"favorited":false,"retweeted":false,"lang":"ja"},{"created_at":"Thu Jul 06 07:33:41 +0000 2017","id":882865116609482800,"id_str":"882865116609482752","text":"＜明日、最新情報解禁‼\n🎋明日7月7日（金）【七夕の日】に、映画『#BLEACH』の最新情報を解禁👊 心して待て‼#映画ブリーチ https://t.co/9V8Sg3hFWA","truncated":false,"entities":{"hashtags":[{"text":"BLEACH","indices":[33,40]},{"text":"映画ブリーチ","indices":[57,64]}],"symbols":[],"user_mentions":[],"urls":[],"media":[{"id":882864936359276500,"id_str":"882864936359276544","indices":[65,88],"media_url":"http://pbs.twimg.com/media/DECQ-2RXsAACPm8.jpg","media_url_https":"https://pbs.twimg.com/media/DECQ-2RXsAACPm8.jpg","url":"https://t.co/9V8Sg3hFWA","display_url":"pic.twitter.com/9V8Sg3hFWA","expanded_url":"https://twitter.com/bleach_moviejp/status/882865116609482752/photo/1","type":"photo","sizes":{"medium":{"w":800,"h":450,"resize":"fit"},"small":{"w":680,"h":383,"resize":"fit"},"large":{"w":800,"h":450,"resize":"fit"},"thumb":{"w":150,"h":150,"resize":"crop"}}}]},"extended_entities":{"media":[{"id":882864936359276500,"id_str":"882864936359276544","indices":[65,88],"media_url":"http://pbs.twimg.com/media/DECQ-2RXsAACPm8.jpg","media_url_https":"https://pbs.twimg.com/media/DECQ-2RXsAACPm8.jpg","url":"https://t.co/9V8Sg3hFWA","display_url":"pic.twitter.com/9V8Sg3hFWA","expanded_url":"https://twitter.com/bleach_moviejp/status/882865116609482752/photo/1","type":"photo","sizes":{"medium":{"w":800,"h":450,"resize":"fit"},"small":{"w":680,"h":383,"resize":"fit"},"large":{"w":800,"h":450,"resize":"fit"},"thumb":{"w":150,"h":150,"resize":"crop"}}}]},"metadata":{"iso_language_code":"ja","result_type":"recent"},"source":"<a href=\"http://twitter.com\" rel=\"nofollow\">Twitter Web Client</a>","in_reply_to_status_id":null,"in_reply_to_status_id_str":null,"in_reply_to_user_id":null,"in_reply_to_user_id_str":null,"in_reply_to_screen_name":null,"user":{"id":766246754954145800,"id_str":"766246754954145792","name":"映画『BLEACH』公式","screen_name":"bleach_moviejp","location":"","description":"2018年全国ロードショー。主演 #福士蒼汰×監督 #佐藤信介。最強タッグで待望の実写映画化！エンターテイメント超大作『#BLEACH』公式アカウントです。#映画ブリーチ","url":"https://t.co/B4ZtBKQm01","entities":{"url":{"urls":[{"url":"https://t.co/B4ZtBKQm01","expanded_url":"http://bleach-movie.jp","display_url":"bleach-movie.jp","indices":[0,23]}]},"description":{"urls":[]}},"protected":false,"followers_count":18348,"friends_count":6,"listed_count":101,"created_at":"Thu Aug 18 12:13:57 +0000 2016","favourites_count":46,"utc_offset":-25200,"time_zone":"Pacific Time (US & Canada)","geo_enabled":false,"verified":false,"statuses_count":93,"lang":"ja","contributors_enabled":false,"is_translator":false,"is_translation_enabled":false,"profile_background_color":"F5F8FA","profile_background_image_url":null,"profile_background_image_url_https":null,"profile_background_tile":false,"profile_image_url":"http://pbs.twimg.com/profile_images/766360748096225280/7Wnk8F6P_normal.jpg","profile_image_url_https":"https://pbs.twimg.com/profile_images/766360748096225280/7Wnk8F6P_normal.jpg","profile_banner_url":"https://pbs.twimg.com/profile_banners/766246754954145792/1471549631","profile_link_color":"1DA1F2","profile_sidebar_border_color":"C0DEED","profile_sidebar_fill_color":"DDEEF6","profile_text_color":"333333","profile_use_background_image":true,"has_extended_profile":false,"default_profile":true,"default_profile_image":false,"following":false,"follow_request_sent":false,"notifications":false,"translator_type":"none"},"geo":null,"coordinates":null,"place":null,"contributors":null,"is_quote_status":false,"retweet_count":197,"favorite_count":210,"favorited":false,"retweeted":false,"possibly_sensitive":false,"lang":"ja"},{"created_at":"Thu Jul 06 07:33:28 +0000 2017","id":882865064256061400,"id_str":"882865064256061440","text":"平成29年7月5日からの大雨による災害にかかる災害救助法適用地域に対する支援措置について\n詳しくはドコモからのお知らせをご覧ください⇒https://t.co/EQy4yzKl95 https://t.co/4SzAzoAf3o","truncated":false,"entities":{"hashtags":[],"symbols":[],"user_mentions":[],"urls":[{"url":"https://t.co/EQy4yzKl95","expanded_url":"http://docomo.eng.mg/1fec0","display_url":"docomo.eng.mg/1fec0","indices":[67,90]}],"media":[{"id":882865061550735400,"id_str":"882865061550735361","indices":[91,114],"media_url":"http://pbs.twimg.com/media/DECRGIpVwAEnxWE.jpg","media_url_https":"https://pbs.twimg.com/media/DECRGIpVwAEnxWE.jpg","url":"https://t.co/4SzAzoAf3o","display_url":"pic.twitter.com/4SzAzoAf3o","expanded_url":"https://twitter.com/docomo/status/882865064256061440/photo/1","type":"photo","sizes":{"medium":{"w":800,"h":450,"resize":"fit"},"small":{"w":680,"h":383,"resize":"fit"},"large":{"w":800,"h":450,"resize":"fit"},"thumb":{"w":150,"h":150,"resize":"crop"}}}]},"extended_entities":{"media":[{"id":882865061550735400,"id_str":"882865061550735361","indices":[91,114],"media_url":"http://pbs.twimg.com/media/DECRGIpVwAEnxWE.jpg","media_url_https":"https://pbs.twimg.com/media/DECRGIpVwAEnxWE.jpg","url":"https://t.co/4SzAzoAf3o","display_url":"pic.twitter.com/4SzAzoAf3o","expanded_url":"https://twitter.com/docomo/status/882865064256061440/photo/1","type":"photo","sizes":{"medium":{"w":800,"h":450,"resize":"fit"},"small":{"w":680,"h":383,"resize":"fit"},"large":{"w":800,"h":450,"resize":"fit"},"thumb":{"w":150,"h":150,"resize":"crop"}}}]},"metadata":{"iso_language_code":"ja","result_type":"recent"},"source":"<a href=\"http://engagemanager.tribalmedia.co.jp/\" rel=\"nofollow\">EngageManager</a>","in_reply_to_status_id":null,"in_reply_to_status_id_str":null,"in_reply_to_user_id":null,"in_reply_to_user_id_str":null,"in_reply_to_screen_name":null,"user":{"id":125646716,"id_str":"125646716","name":"NTTドコモ","screen_name":"docomo","location":"","description":"NTTドコモ公式アカウントです。ドコモの商品やキャンペーン情報など、さまざまな取組みをご紹介していきます。\r\n※公式アカウントでのご意見に対する個別回答などは控えさせていただきます。\r\nお問い合わせ⇒http://t.co/bwKR22fOn4","url":"http://t.co/D5KDtiCwmL","entities":{"url":{"urls":[{"url":"http://t.co/D5KDtiCwmL","expanded_url":"http://www.nttdocomo.co.jp/","display_url":"nttdocomo.co.jp","indices":[0,22]}]},"description":{"urls":[{"url":"http://t.co/bwKR22fOn4","expanded_url":"http://bit.ly/oil5zP","display_url":"bit.ly/oil5zP","indices":[100,122]}]}},"protected":false,"followers_count":268082,"friends_count":0,"listed_count":4968,"created_at":"Tue Mar 23 12:42:15 +0000 2010","favourites_count":0,"utc_offset":32400,"time_zone":"Tokyo","geo_enabled":false,"verified":true,"statuses_count":3435,"lang":"ja","contributors_enabled":false,"is_translator":false,"is_translation_enabled":false,"profile_background_color":"B4D5E8","profile_background_image_url":"http://pbs.twimg.com/profile_background_images/378800000087003857/665dae29e1131aaacedb33f39ad4ad8a.jpeg","profile_background_image_url_https":"https://pbs.twimg.com/profile_background_images/378800000087003857/665dae29e1131aaacedb33f39ad4ad8a.jpeg","profile_background_tile":true,"profile_image_url":"http://pbs.twimg.com/profile_images/462139603302903808/5-460jff_normal.png","profile_image_url_https":"https://pbs.twimg.com/profile_images/462139603302903808/5-460jff_normal.png","profile_banner_url":"https://pbs.twimg.com/profile_banners/125646716/1495592404","profile_link_color":"CC0033","profile_sidebar_border_color":"FFFFFF","profile_sidebar_fill_color":"EEEEEE","profile_text_color":"333333","profile_use_background_image":true,"has_extended_profile":false,"default_profile":false,"default_profile_image":false,"following":false,"follow_request_sent":false,"notifications":false,"translator_type":"none"},"geo":null,"coordinates":null,"place":null,"contributors":null,"is_quote_status":false,"retweet_count":51,"favorite_count":27,"favorited":false,"retweeted":false,"possibly_sensitive":false,"lang":"ja"},{"created_at":"Thu Jul 06 07:33:28 +0000 2017","id":882865064230789100,"id_str":"882865064230789120","text":"今日はアイカツスターズの日！\n「明日は七夕だゾ☆晴れるかなぁ？」\n「えぇ、きっと素敵な星空が見えますとも。」 https://t.co/tfFhz0kIQD","truncated":false,"entities":{"hashtags":[],"symbols":[],"user_mentions":[],"urls":[],"media":[{"id":882865047826976800,"id_str":"882865047826976768","indices":[55,78],"media_url":"http://pbs.twimg.com/media/DECRFVhV0AAQl75.jpg","media_url_https":"https://pbs.twimg.com/media/DECRFVhV0AAQl75.jpg","url":"https://t.co/tfFhz0kIQD","display_url":"pic.twitter.com/tfFhz0kIQD","expanded_url":"https://twitter.com/TorahArc/status/882865064230789120/photo/1","type":"photo","sizes":{"large":{"w":1071,"h":1526,"resize":"fit"},"small":{"w":477,"h":680,"resize":"fit"},"thumb":{"w":150,"h":150,"resize":"crop"},"medium":{"w":842,"h":1200,"resize":"fit"}}}]},"extended_entities":{"media":[{"id":882865047826976800,"id_str":"882865047826976768","indices":[55,78],"media_url":"http://pbs.twimg.com/media/DECRFVhV0AAQl75.jpg","media_url_https":"https://pbs.twimg.com/media/DECRFVhV0AAQl75.jpg","url":"https://t.co/tfFhz0kIQD","display_url":"pic.twitter.com/tfFhz0kIQD","expanded_url":"https://twitter.com/TorahArc/status/882865064230789120/photo/1","type":"photo","sizes":{"large":{"w":1071,"h":1526,"resize":"fit"},"small":{"w":477,"h":680,"resize":"fit"},"thumb":{"w":150,"h":150,"resize":"crop"},"medium":{"w":842,"h":1200,"resize":"fit"}}}]},"metadata":{"iso_language_code":"ja","result_type":"recent"},"source":"<a href=\"http://twitter.com/download/android\" rel=\"nofollow\">Twitter for Android</a>","in_reply_to_status_id":null,"in_reply_to_status_id_str":null,"in_reply_to_user_id":null,"in_reply_to_user_id_str":null,"in_reply_to_screen_name":null,"user":{"id":542692330,"id_str":"542692330","name":"橋口隼人","screen_name":"TorahArc","location":"練馬区","description":"業界の片隅で細々とアニメーターやってます。気軽に絡んでください～ アイカツスターズ２年目突入！  リクエストBOXはこちら https://t.co/Vpv8xDeu1w","url":null,"entities":{"description":{"urls":[{"url":"https://t.co/Vpv8xDeu1w","expanded_url":"http://odaibako.net/u/TorahArc","display_url":"odaibako.net/u/TorahArc","indices":[62,85]}]}},"protected":false,"followers_count":8654,"friends_count":821,"listed_count":338,"created_at":"Sun Apr 01 17:06:59 +0000 2012","favourites_count":6352,"utc_offset":32400,"time_zone":"Tokyo","geo_enabled":true,"verified":false,"statuses_count":42256,"lang":"ja","contributors_enabled":false,"is_translator":false,"is_translation_enabled":false,"profile_background_color":"C0DEED","profile_background_image_url":"http://pbs.twimg.com/profile_background_images/450895878060900352/q-MLBxQ-.jpeg","profile_background_image_url_https":"https://pbs.twimg.com/profile_background_images/450895878060900352/q-MLBxQ-.jpeg","profile_background_tile":true,"profile_image_url":"http://pbs.twimg.com/profile_images/718023060318584832/rTzsk4SL_normal.jpg","profile_image_url_https":"https://pbs.twimg.com/profile_images/718023060318584832/rTzsk4SL_normal.jpg","profile_banner_url":"https://pbs.twimg.com/profile_banners/542692330/1471949759","profile_link_color":"FF7F00","profile_sidebar_border_color":"FFFFFF","profile_sidebar_fill_color":"DDEEF6","profile_text_color":"333333","profile_use_background_image":true,"has_extended_profile":true,"default_profile":false,"default_profile_image":false,"following":false,"follow_request_sent":false,"notifications":false,"translator_type":"none"},"geo":null,"coordinates":null,"place":null,"contributors":null,"is_quote_status":false,"retweet_count":64,"favorite_count":88,"favorited":false,"retweeted":false,"possibly_sensitive":false,"lang":"ja"},{"created_at":"Thu Jul 06 07:33:08 +0000 2017","id":882864979497463800,"id_str":"882864979497463808","text":"@joujinakata123 譲治さんはサイドMに出ましょう。","truncated":false,"entities":{"hashtags":[],"symbols":[],"user_mentions":[{"screen_name":"joujinakata123","name":"中田譲治","id":343286186,"id_str":"343286186","indices":[0,15]}],"urls":[]},"metadata":{"iso_language_code":"ja","result_type":"recent"},"source":"<a href=\"http://twitter.com/download/iphone\" rel=\"nofollow\">Twitter for iPhone</a>","in_reply_to_status_id":882854441459765200,"in_reply_to_status_id_str":"882854441459765250","in_reply_to_user_id":343286186,"in_reply_to_user_id_str":"343286186","in_reply_to_screen_name":"joujinakata123","user":{"id":119076814,"id_str":"119076814","name":"杉田智和","screen_name":"sugitaLOV","location":"甘々とサンダーボルト宙域","description":"Everyday、渦中者","url":"https://t.co/KS6WQhJ6E8","entities":{"url":{"urls":[{"url":"https://t.co/KS6WQhJ6E8","expanded_url":"http://www.arcsystemworks.jp/getsueigakuen/","display_url":"arcsystemworks.jp/getsueigakuen/","indices":[0,23]}]},"description":{"urls":[]}},"protected":false,"followers_count":1321367,"friends_count":418,"listed_count":30413,"created_at":"Tue Mar 02 16:07:29 +0000 2010","favourites_count":5,"utc_offset":-36000,"time_zone":"Hawaii","geo_enabled":false,"verified":false,"statuses_count":35148,"lang":"ja","contributors_enabled":false,"is_translator":false,"is_translation_enabled":false,"profile_background_color":"9EA7AB","profile_background_image_url":"http://pbs.twimg.com/profile_background_images/363307248/88209813.jpg","profile_background_image_url_https":"https://pbs.twimg.com/profile_background_images/363307248/88209813.jpg","profile_background_tile":false,"profile_image_url":"http://pbs.twimg.com/profile_images/857923729132630017/BqeviBBI_normal.jpg","profile_image_url_https":"https://pbs.twimg.com/profile_images/857923729132630017/BqeviBBI_normal.jpg","profile_banner_url":"https://pbs.twimg.com/profile_banners/119076814/1493380236","profile_link_color":"009999","profile_sidebar_border_color":"EEEEEE","profile_sidebar_fill_color":"EFEFEF","profile_text_color":"333333","profile_use_background_image":true,"has_extended_profile":false,"default_profile":false,"default_profile_image":false,"following":false,"follow_request_sent":false,"notifications":false,"translator_type":"none"},"geo":null,"coordinates":null,"place":null,"contributors":null,"is_quote_status":false,"retweet_count":304,"favorite_count":465,"favorited":false,"retweeted":false,"lang":"ja"},{"created_at":"Thu Jul 06 07:33:06 +0000 2017","id":882864970987323400,"id_str":"882864970987323392","text":"今日はお久しぶりに髪を切ってきました〜♪\nみねさんにとってもカッコよくカットして頂いて、新井さんにとっても素敵にセットして頂きました(*'-'*)\n暑いーーー(　˙-˙　) https://t.co/5q2vQAMTUW","truncated":false,"entities":{"hashtags":[],"symbols":[],"user_mentions":[],"urls":[],"media":[{"id":882864952020672500,"id_str":"882864952020672513","indices":[87,110],"media_url":"http://pbs.twimg.com/media/DECQ_wnVoAEwOWe.jpg","media_url_https":"https://pbs.twimg.com/media/DECQ_wnVoAEwOWe.jpg","url":"https://t.co/5q2vQAMTUW","display_url":"pic.twitter.com/5q2vQAMTUW","expanded_url":"https://twitter.com/akazawa_taro/status/882864970987323392/photo/1","type":"photo","sizes":{"medium":{"w":675,"h":1200,"resize":"fit"},"thumb":{"w":150,"h":150,"resize":"crop"},"large":{"w":720,"h":1280,"resize":"fit"},"small":{"w":383,"h":680,"resize":"fit"}}}]},"extended_entities":{"media":[{"id":882864952020672500,"id_str":"882864952020672513","indices":[87,110],"media_url":"http://pbs.twimg.com/media/DECQ_wnVoAEwOWe.jpg","media_url_https":"https://pbs.twimg.com/media/DECQ_wnVoAEwOWe.jpg","url":"https://t.co/5q2vQAMTUW","display_url":"pic.twitter.com/5q2vQAMTUW","expanded_url":"https://twitter.com/akazawa_taro/status/882864970987323392/photo/1","type":"photo","sizes":{"medium":{"w":675,"h":1200,"resize":"fit"},"thumb":{"w":150,"h":150,"resize":"crop"},"large":{"w":720,"h":1280,"resize":"fit"},"small":{"w":383,"h":680,"resize":"fit"}}},{"id":882864952012296200,"id_str":"882864952012296192","indices":[87,110],"media_url":"http://pbs.twimg.com/media/DECQ_wlV0AA0nCD.jpg","media_url_https":"https://pbs.twimg.com/media/DECQ_wlV0AA0nCD.jpg","url":"https://t.co/5q2vQAMTUW","display_url":"pic.twitter.com/5q2vQAMTUW","expanded_url":"https://twitter.com/akazawa_taro/status/882864970987323392/photo/1","type":"photo","sizes":{"medium":{"w":675,"h":1200,"resize":"fit"},"small":{"w":383,"h":680,"resize":"fit"},"thumb":{"w":150,"h":150,"resize":"crop"},"large":{"w":720,"h":1280,"resize":"fit"}}}]},"metadata":{"iso_language_code":"ja","result_type":"recent"},"source":"<a href=\"http://twitter.com/download/iphone\" rel=\"nofollow\">Twitter for iPhone</a>","in_reply_to_status_id":null,"in_reply_to_status_id_str":null,"in_reply_to_user_id":null,"in_reply_to_user_id_str":null,"in_reply_to_screen_name":null,"user":{"id":793335794031222800,"id_str":"793335794031222784","name":"赤澤遼太郎","screen_name":"akazawa_taro","location":"Space Craft Entertainment","description":"2017年もよろしくお願い致します。今年の目標は、笑顔でいることです。この犬はココと言います(*'-'*)","url":"https://t.co/t1ugRqwcLR","entities":{"url":{"urls":[{"url":"https://t.co/t1ugRqwcLR","expanded_url":"http://s.ameblo.jp/ryotaro-akazawa/","display_url":"s.ameblo.jp/ryotaro-akazaw…","indices":[0,23]}]},"description":{"urls":[]}},"protected":false,"followers_count":30030,"friends_count":119,"listed_count":1427,"created_at":"Tue Nov 01 06:16:07 +0000 2016","favourites_count":157,"utc_offset":null,"time_zone":null,"geo_enabled":false,"verified":false,"statuses_count":748,"lang":"ja","contributors_enabled":false,"is_translator":false,"is_translation_enabled":false,"profile_background_color":"F5F8FA","profile_background_image_url":null,"profile_background_image_url_https":null,"profile_background_tile":false,"profile_image_url":"http://pbs.twimg.com/profile_images/864840012814098434/gXMUvqTM_normal.jpg","profile_image_url_https":"https://pbs.twimg.com/profile_images/864840012814098434/gXMUvqTM_normal.jpg","profile_banner_url":"https://pbs.twimg.com/profile_banners/793335794031222784/1486998573","profile_link_color":"1DA1F2","profile_sidebar_border_color":"C0DEED","profile_sidebar_fill_color":"DDEEF6","profile_text_color":"333333","profile_use_background_image":true,"has_extended_profile":true,"default_profile":true,"default_profile_image":false,"following":false,"follow_request_sent":false,"notifications":false,"translator_type":"none"},"geo":null,"coordinates":null,"place":null,"contributors":null,"is_quote_status":false,"retweet_count":123,"favorite_count":350,"favorited":false,"retweeted":false,"possibly_sensitive":false,"lang":"ja"},{"created_at":"Thu Jul 06 07:32:24 +0000 2017","id":882864793656229900,"id_str":"882864793656229888","text":"本日21時。震えて待ちな、愚民どもーッ！！！＼(^O^)／ RT @ensemble_stars: 〜月刊あんさんぶるスタジオ！がリニューアルします！新MCは小野友樹さん（晃牙役）と神尾晋一郎さん（紅郎役）！〜 https://t.co/l15L5DywQK","truncated":false,"entities":{"hashtags":[],"symbols":[],"user_mentions":[{"screen_name":"ensemble_stars","name":"【公式】あんさんぶるスターズ！","id":2848709654,"id_str":"2848709654","indices":[33,48]}],"urls":[{"url":"https://t.co/l15L5DywQK","expanded_url":"https://twitter.com/i/web/status/882433906510897152","display_url":"twitter.com/i/web/status/8…","indices":[106,129]}]},"metadata":{"iso_language_code":"ja","result_type":"recent"},"source":"<a href=\"http://twipple.jp/\" rel=\"nofollow\">ついっぷる for iPhone</a>","in_reply_to_status_id":null,"in_reply_to_status_id_str":null,"in_reply_to_user_id":null,"in_reply_to_user_id_str":null,"in_reply_to_screen_name":null,"user":{"id":157031823,"id_str":"157031823","name":"小野友樹","screen_name":"onoyuki19840622","location":"防音室","description":"手毛深い声優・小野友樹(おのゆーき)です！元気に楽しくつぶやきます(^^ゞ","url":"http://t.co/VAp2Pfgb8P","entities":{"url":{"urls":[{"url":"http://t.co/VAp2Pfgb8P","expanded_url":"http://www.onoyuki.com/","display_url":"onoyuki.com","indices":[0,22]}]},"description":{"urls":[]}},"protected":false,"followers_count":443073,"friends_count":188,"listed_count":10580,"created_at":"Fri Jun 18 17:08:40 +0000 2010","favourites_count":0,"utc_offset":32400,"time_zone":"Tokyo","geo_enabled":false,"verified":false,"statuses_count":11715,"lang":"ja","contributors_enabled":false,"is_translator":false,"is_translation_enabled":false,"profile_background_color":"000000","profile_background_image_url":"http://pbs.twimg.com/profile_background_images/113819308/bg.jpg","profile_background_image_url_https":"https://pbs.twimg.com/profile_background_images/113819308/bg.jpg","profile_background_tile":false,"profile_image_url":"http://pbs.twimg.com/profile_images/612636806790709248/coe94nLf_normal.jpg","profile_image_url_https":"https://pbs.twimg.com/profile_images/612636806790709248/coe94nLf_normal.jpg","profile_link_color":"BD4D28","profile_sidebar_border_color":"FFFFFF","profile_sidebar_fill_color":"F7DA93","profile_text_color":"000000","profile_use_background_image":true,"has_extended_profile":false,"default_profile":false,"default_profile_image":false,"following":false,"follow_request_sent":false,"notifications":false,"translator_type":"none"},"geo":null,"coordinates":null,"place":null,"contributors":null,"is_quote_status":false,"retweet_count":178,"favorite_count":326,"favorited":false,"retweeted":false,"possibly_sensitive":false,"lang":"ja"},{"created_at":"Thu Jul 06 07:32:20 +0000 2017","id":882864779093721100,"id_str":"882864779093721088","text":"今回のポイント交換所からは、セレンファーレン・ファミリーの面々をホームキャラとしてお迎えすることができます。\nイベントptを集めて、ホームキャラをお迎えしましょう♪ #ダメプリ https://t.co/dzIbqLFpDl","truncated":false,"entities":{"hashtags":[{"text":"ダメプリ","indices":[83,88]}],"symbols":[],"user_mentions":[],"urls":[],"media":[{"id":882864400125747200,"id_str":"882864400125747200","indices":[89,112],"media_url":"http://pbs.twimg.com/media/DECQfopVYAAPAzw.jpg","media_url_https":"https://pbs.twimg.com/media/DECQfopVYAAPAzw.jpg","url":"https://t.co/dzIbqLFpDl","display_url":"pic.twitter.com/dzIbqLFpDl","expanded_url":"https://twitter.com/dame_prince/status/882864779093721088/photo/1","type":"photo","sizes":{"large":{"w":750,"h":1334,"resize":"fit"},"medium":{"w":675,"h":1200,"resize":"fit"},"thumb":{"w":150,"h":150,"resize":"crop"},"small":{"w":382,"h":680,"resize":"fit"}}}]},"extended_entities":{"media":[{"id":882864400125747200,"id_str":"882864400125747200","indices":[89,112],"media_url":"http://pbs.twimg.com/media/DECQfopVYAAPAzw.jpg","media_url_https":"https://pbs.twimg.com/media/DECQfopVYAAPAzw.jpg","url":"https://t.co/dzIbqLFpDl","display_url":"pic.twitter.com/dzIbqLFpDl","expanded_url":"https://twitter.com/dame_prince/status/882864779093721088/photo/1","type":"photo","sizes":{"large":{"w":750,"h":1334,"resize":"fit"},"medium":{"w":675,"h":1200,"resize":"fit"},"thumb":{"w":150,"h":150,"resize":"crop"},"small":{"w":382,"h":680,"resize":"fit"}}}]},"metadata":{"iso_language_code":"ja","result_type":"recent"},"source":"<a href=\"http://twitter.com\" rel=\"nofollow\">Twitter Web Client</a>","in_reply_to_status_id":null,"in_reply_to_status_id_str":null,"in_reply_to_user_id":null,"in_reply_to_user_id_str":null,"in_reply_to_screen_name":null,"user":{"id":3119395514,"id_str":"3119395514","name":"【公式】DAME×PRINCE","screen_name":"dame_prince","location":"イナコ","description":"アニメイト30周年記念アプリに選ばれました！乙女ゲームアプリ「DAME×PRINCE（デイム×プリンス）」、通称ダメプリの公式Twitterです。 ゲームの最新情報やキャラクター情報などをゆるっとお届けします！\n ※お問合わせは基本的にゲーム内フォームよりお願いいたします。","url":"https://t.co/W1Z2UT7L4r","entities":{"url":{"urls":[{"url":"https://t.co/W1Z2UT7L4r","expanded_url":"http://dame-prince.anipani.jp/","display_url":"dame-prince.anipani.jp","indices":[0,23]}]},"description":{"urls":[]}},"protected":false,"followers_count":37889,"friends_count":21,"listed_count":478,"created_at":"Tue Mar 31 07:14:03 +0000 2015","favourites_count":28,"utc_offset":32400,"time_zone":"Tokyo","geo_enabled":false,"verified":true,"statuses_count":1343,"lang":"ja","contributors_enabled":false,"is_translator":false,"is_translation_enabled":false,"profile_background_color":"FAB2E1","profile_background_image_url":"http://pbs.twimg.com/profile_background_images/591484018090053632/jYYZeTBo.png","profile_background_image_url_https":"https://pbs.twimg.com/profile_background_images/591484018090053632/jYYZeTBo.png","profile_background_tile":false,"profile_image_url":"http://pbs.twimg.com/profile_images/875550545473282049/EIyE3m8b_normal.jpg","profile_image_url_https":"https://pbs.twimg.com/profile_images/875550545473282049/EIyE3m8b_normal.jpg","profile_banner_url":"https://pbs.twimg.com/profile_banners/3119395514/1497524187","profile_link_color":"9447E3","profile_sidebar_border_color":"000000","profile_sidebar_fill_color":"000000","profile_text_color":"000000","profile_use_background_image":true,"has_extended_profile":true,"default_profile":false,"default_profile_image":false,"following":false,"follow_request_sent":false,"notifications":false,"translator_type":"none"},"geo":null,"coordinates":null,"place":null,"contributors":null,"is_quote_status":false,"retweet_count":74,"favorite_count":109,"favorited":false,"retweeted":false,"possibly_sensitive":false,"lang":"ja"},{"created_at":"Thu Jul 06 07:32:17 +0000 2017","id":882864766779236400,"id_str":"882864766779236352","text":"黒羽根利規捕手コメント①\n\n「横浜ＤｅＮＡベイスターズでの12 年間、良いことも悪いことも、とてもいい経験をさせてもらいました。三浦大輔さんと初めて１軍でバッテリーを組んだ、2011 年8 月14 日相模原球場での試合が一番思い出に残っています」","truncated":false,"entities":{"hashtags":[],"symbols":[],"user_mentions":[],"urls":[]},"metadata":{"iso_language_code":"ja","result_type":"recent"},"source":"<a href=\"http://twitter.com\" rel=\"nofollow\">Twitter Web Client</a>","in_reply_to_status_id":null,"in_reply_to_status_id_str":null,"in_reply_to_user_id":null,"in_reply_to_user_id_str":null,"in_reply_to_screen_name":null,"user":{"id":711220455252754400,"id_str":"711220455252754433","name":"ベイスターズ情報@サンスポ","screen_name":"sanspo_baystars","location":"日本","description":"ハマの願い、星に届け！ サンケイスポーツがお届けするベイスターズ情報です。番記者が、いろいろつぶやきます。2016年5月3日、タブロイド特別版「BAY☆スタ」を発行しました！","url":null,"entities":{"description":{"urls":[]}},"protected":false,"followers_count":25386,"friends_count":38,"listed_count":380,"created_at":"Sat Mar 19 15:59:05 +0000 2016","favourites_count":95,"utc_offset":-25200,"time_zone":"Pacific Time (US & Canada)","geo_enabled":false,"verified":false,"statuses_count":1451,"lang":"ja","contributors_enabled":false,"is_translator":false,"is_translation_enabled":false,"profile_background_color":"0099B9","profile_background_image_url":"http://abs.twimg.com/images/themes/theme4/bg.gif","profile_background_image_url_https":"https://abs.twimg.com/images/themes/theme4/bg.gif","profile_background_tile":false,"profile_image_url":"http://pbs.twimg.com/profile_images/719365961686458369/QKYlK0vX_normal.jpg","profile_image_url_https":"https://pbs.twimg.com/profile_images/719365961686458369/QKYlK0vX_normal.jpg","profile_banner_url":"https://pbs.twimg.com/profile_banners/711220455252754433/1460344948","profile_link_color":"0099B9","profile_sidebar_border_color":"5ED4DC","profile_sidebar_fill_color":"95E8EC","profile_text_color":"3C3940","profile_use_background_image":true,"has_extended_profile":false,"default_profile":false,"default_profile_image":false,"following":false,"follow_request_sent":false,"notifications":false,"translator_type":"none"},"geo":null,"coordinates":null,"place":null,"contributors":null,"is_quote_status":false,"retweet_count":194,"favorite_count":263,"favorited":false,"retweeted":false,"lang":"ja"},{"created_at":"Thu Jul 06 07:32:14 +0000 2017","id":882864750857605100,"id_str":"882864750857605125","text":"たくさんのフレンズに見てもらえますように！あず希はマゾなコウテイペンギン役です https://t.co/Wdi2SJaj4Q","truncated":false,"entities":{"hashtags":[],"symbols":[],"user_mentions":[],"urls":[],"media":[{"id":882864741844009000,"id_str":"882864741844008961","indices":[40,63],"media_url":"http://pbs.twimg.com/media/DECQzhpUQAExuKg.jpg","media_url_https":"https://pbs.twimg.com/media/DECQzhpUQAExuKg.jpg","url":"https://t.co/Wdi2SJaj4Q","display_url":"pic.twitter.com/Wdi2SJaj4Q","expanded_url":"https://twitter.com/azuki_five/status/882864750857605125/photo/1","type":"photo","sizes":{"small":{"w":680,"h":458,"resize":"fit"},"thumb":{"w":150,"h":150,"resize":"crop"},"medium":{"w":800,"h":539,"resize":"fit"},"large":{"w":800,"h":539,"resize":"fit"}}}]},"extended_entities":{"media":[{"id":882864741844009000,"id_str":"882864741844008961","indices":[40,63],"media_url":"http://pbs.twimg.com/media/DECQzhpUQAExuKg.jpg","media_url_https":"https://pbs.twimg.com/media/DECQzhpUQAExuKg.jpg","url":"https://t.co/Wdi2SJaj4Q","display_url":"pic.twitter.com/Wdi2SJaj4Q","expanded_url":"https://twitter.com/azuki_five/status/882864750857605125/photo/1","type":"photo","sizes":{"small":{"w":680,"h":458,"resize":"fit"},"thumb":{"w":150,"h":150,"resize":"crop"},"medium":{"w":800,"h":539,"resize":"fit"},"large":{"w":800,"h":539,"resize":"fit"}}}]},"metadata":{"iso_language_code":"ja","result_type":"recent"},"source":"<a href=\"http://twitter.com/download/iphone\" rel=\"nofollow\">Twitter for iPhone</a>","in_reply_to_status_id":null,"in_reply_to_status_id_str":null,"in_reply_to_user_id":null,"in_reply_to_user_id_str":null,"in_reply_to_screen_name":null,"user":{"id":715807383075819500,"id_str":"715807383075819521","name":"あず希@AV女優","screen_name":"azuki_five","location":"LINX 渋谷区代々木1-38-1 モダンビル6F","description":"143㎝Eカップパイパンアナル処女コスプレイヤー漫画家アイドルオナホールAV女優","url":"https://t.co/XF841bbNg4","entities":{"url":{"urls":[{"url":"https://t.co/XF841bbNg4","expanded_url":"http://azukichi.blog.jp","display_url":"azukichi.blog.jp","indices":[0,23]}]},"description":{"urls":[]}},"protected":false,"followers_count":61501,"friends_count":648,"listed_count":637,"created_at":"Fri Apr 01 07:45:54 +0000 2016","favourites_count":2636,"utc_offset":32400,"time_zone":"Tokyo","geo_enabled":false,"verified":false,"statuses_count":5740,"lang":"ja","contributors_enabled":false,"is_translator":false,"is_translation_enabled":false,"profile_background_color":"F5F8FA","profile_background_image_url":null,"profile_background_image_url_https":null,"profile_background_tile":false,"profile_image_url":"http://pbs.twimg.com/profile_images/874093617647722497/ETaMGK-H_normal.jpg","profile_image_url_https":"https://pbs.twimg.com/profile_images/874093617647722497/ETaMGK-H_normal.jpg","profile_banner_url":"https://pbs.twimg.com/profile_banners/715807383075819521/1481009213","profile_link_color":"1DA1F2","profile_sidebar_border_color":"C0DEED","profile_sidebar_fill_color":"DDEEF6","profile_text_color":"333333","profile_use_background_image":true,"has_extended_profile":true,"default_profile":true,"default_profile_image":false,"following":false,"follow_request_sent":false,"notifications":false,"translator_type":"none"},"geo":null,"coordinates":null,"place":null,"contributors":null,"is_quote_status":false,"retweet_count":48,"favorite_count":81,"favorited":false,"retweeted":false,"possibly_sensitive":true,"lang":"ja"}],"search_metadata":{"completed_in":0.094,"max_id":882866604035276800,"max_id_str":"882866604035276804","next_results":"?max_id=882864750857605124&q=lang%3Aja%20min_retweets%3A50&include_entities=1","query":"lang%3Aja+min_retweets%3A50","refresh_url":"?since_id=882866604035276804&q=lang%3Aja%20min_retweets%3A50&include_entities=1","count":15,"since_id":0,"since_id_str":"0"}}