{"statuses":[{"created_at":"Sun Jul 09 05:38:28 +0000 2017","id":883923285997572100,"id_str":"883923285997572096","text":"なんとー！！今日のらき☆すたのイベント、ニコ生配信もあります！\n会場へ来れない皆様にも、見ていただける配慮…嬉しい！！\nぜひ、タイムシフトだったり、リアルタイムで見てみたり！コメント書いてねヽ(*´∀｀)ノ\n https://t.co/dHcvLItPbM","truncated":false,"entities":{"hashtags":[],"symbols":[],"user_mentions":[],"urls":[{"url":"https://t.co/dHcvLItPbM","expanded_url":"https://twitter.com/wasisho/status/882803885550784512","display_url":"twitter.com/wasisho/status…","indices":[105,128]}]},"metadata":{"iso_language_code":"ja","result_type":"recent"},"source":"<a href=\"http://covelline.com/feather/\" rel=\"nofollow\">feather for iOS </a>","in_reply_to_status_id":null,"in_reply_to_status_id_str":null,"in_reply_to_user_id":null,"in_reply_to_user_id_str":null,"in_reply_to_screen_name":null,"user":{"id":106039584,"id_str":"106039584","name":"加藤英美里","screen_name":"Emiryun","location":"西アドゥリンモグハウス  白吟青","description":"声優の加藤英美里です。加藤英美里ＦＣやってますっ。ブログ・動画・壁紙・掲示板・グッズも現在製作中です(*'▽'*)ＦＣ限定イベントなども。https://t.co/1T0RNfdUEQ","url":"https://t.co/7QVaYMNaPx","entities":{"url":{"urls":[{"url":"https://t.co/7QVaYMNaPx","expanded_url":"https://www.emirelax.com/","display_url":"emirelax.com","indices":[0,23]}]},"description":{"urls":[{"url":"https://t.co/1T0RNfdUEQ","expanded_url":"http://emirelax.com","display_url":"emirelax.com","indices":[69,92]}]}},"protected":false,"followers_count":352834,"friends_count":266,"listed_count":12619,"created_at":"Mon Jan 18 09:00:14 +0000 2010","favourites_count":52,"utc_offset":32400,"time_zone":"Tokyo","geo_enabled":false,"verified":true,"statuses_count":16608,"lang":"ja","contributors_enabled":false,"is_translator":false,"is_translation_enabled":false,"profile_background_color":"FF9999","profile_background_image_url":"http://pbs.twimg.com/profile_background_images/456345342/twitter__.jpg","profile_background_image_url_https":"https://pbs.twimg.com/profile_background_images/456345342/twitter__.jpg","profile_background_tile":false,"profile_image_url":"http://pbs.twimg.com/profile_images/808139038511116288/kQQgJNnZ_normal.jpg","profile_image_url_https":"https://pbs.twimg.com/profile_images/808139038511116288/kQQgJNnZ_normal.jpg","profile_banner_url":"https://pbs.twimg.com/profile_banners/106039584/1482005745","profile_link_color":"F08080","profile_sidebar_border_color":"EEEEEE","profile_sidebar_fill_color":"D7CDF7","profile_text_color":"707070","profile_use_background_image":true,"has_extended_profile":true,"default_profile":false,"default_profile_image":false,"following":false,"follow_request_sent":false,"notifications":false,"translator_type":"none"},"geo":null,"coordinates":null,"place":null,"contributors":null,"is_quote_status":true,"quoted_status_id":882803885550784500,"quoted_status_id_str":"882803885550784512","quoted_status":{"created_at":"Thu Jul 06 03:30:22 +0000 2017","id":882803885550784500,"id_str":"882803885550784512","text":"柊姉妹誕生祭☆トークイベントをニコ生配信いたします！\n【ニコ生(2017/07/09 16:00開始)】\n柊姉妹誕生祭☆トークイベント「まともにはじめなさいよっ！（仮）」\n#らきすた #加藤英美里 #福原香織 #声優 #鷲宮 #聖地 https://t.co/3QEL95CGOL","truncated":false,"entities":{"hashtags":[{"text":"らきすた","indices":[86,91]},{"text":"加藤英美里","indices":[92,98]},{"text":"福原香織","indices":[99,104]},{"text":"声優","indices":[105,108]},{"text":"鷲宮","indices":[109,112]},{"text":"聖地","indices":[113,116]}],"symbols":[],"user_mentions":[],"urls":[{"url":"https://t.co/3QEL95CGOL","expanded_url":"http://nico.ms/lv302088523","display_url":"nico.ms/lv302088523","indices":[117,140]}]},"metadata":{"iso_language_code":"ja","result_type":"recent"},"source":"<a href=\"http://twitter.com\" rel=\"nofollow\">Twitter Web Client</a>","in_reply_to_status_id":null,"in_reply_to_status_id_str":null,"in_reply_to_user_id":null,"in_reply_to_user_id_str":null,"in_reply_to_screen_name":null,"user":{"id":204602132,"id_str":"204602132","name":"久喜市商工会鷲宮支所（旧鷲宮商工会）","screen_name":"wasisho","location":"埼玉県久喜市鷲宮地区","description":"埼玉県久喜市鷲宮地区の久喜市商工会鷲宮支所（旧鷲宮商工会）事業紹介や鷲宮地域観光振興情報・らき☆すた関連イベント等の他、会員事業のお知らせを発信していきます。鷲宮関連の話題は「 #鷲宮 」ハッシュタグを主に使用しております。","url":"https://t.co/pwFU9xyTyU","entities":{"url":{"urls":[{"url":"https://t.co/pwFU9xyTyU","expanded_url":"http://www.wasimiya.org/","display_url":"wasimiya.org","indices":[0,23]}]},"description":{"urls":[]}},"protected":false,"followers_count":1596,"friends_count":30,"listed_count":63,"created_at":"Tue Oct 19 02:01:57 +0000 2010","favourites_count":8,"utc_offset":32400,"time_zone":"Tokyo","geo_enabled":true,"verified":false,"statuses_count":1952,"lang":"ja","contributors_enabled":false,"is_translator":false,"is_translation_enabled":false,"profile_background_color":"C0DEED","profile_background_image_url":"http://abs.twimg.com/images/themes/theme1/bg.png","profile_background_image_url_https":"https://abs.twimg.com/images/themes/theme1/bg.png","profile_background_tile":false,"profile_image_url":"http://pbs.twimg.com/profile_images/662452736118554624/RK_SYDBn_normal.jpg","profile_image_url_https":"https://pbs.twimg.com/profile_images/662452736118554624/RK_SYDBn_normal.jpg","profile_banner_url":"https://pbs.twimg.com/profile_banners/204602132/1401348848","profile_link_color":"1DA1F2","profile_sidebar_border_color":"C0DEED","profile_sidebar_fill_color":"DDEEF6","profile_text_color":"333333","profile_use_background_image":true,"has_extended_profile":false,"default_profile":true,"default_profile_image":false,"following":false,"follow_request_sent":false,"notifications":false,"translator_type":"none"},"geo":null,"coordinates":null,"place":null,"contributors":null,"is_quote_status":false,"retweet_count":190,"favorite_count":151,"favorited":false,"retweeted":false,"possibly_sensitive":false,"lang":"ja"},"retweet_count":59,"favorite_count":60,"favorited":false,"retweeted":false,"possibly_sensitive":false,"lang":"ja"},{"created_at":"Sun Jul 09 05:38:11 +0000 2017","id":883923216548233200,"id_str":"883923216548233217","text":"1/2【福島県 記録的短時間大雨情報 2017年07月09日 14:38】\n１４時１０分福島県で記録的短時間大雨\n檜枝岐村付近で約１００ミリ\n▼この情報は、災害の発生につながるような稀にしか観測しない雨量であることをお知らせするものです。","truncated":false,"entities":{"hashtags":[],"symbols":[],"user_mentions":[],"urls":[]},"metadata":{"iso_language_code":"ja","result_type":"recent"},"source":"<a href=\"https://unnerv.jp/@UN_NERV\" rel=\"nofollow\">特務機関NERV MAGI</a>","in_reply_to_status_id":null,"in_reply_to_status_id_str":null,"in_reply_to_user_id":null,"in_reply_to_user_id_str":null,"in_reply_to_screen_name":null,"user":{"id":116548789,"id_str":"116548789","name":"特務機関NERV","screen_name":"UN_NERV","location":"第3新東京市","description":"U.N.NERV\r\nネルフです。本アカウントからの返信やRTは行えません。発表のみを行うアカウントとなります。お問い合わせなどは広報アカウント @NERVPR 宛にお願いいたします。ヤシマ作戦公式アカウントです。ヤシマ作戦及び本アカウントはエヴァンゲリオン版権元のご理解とご協力により、公認ですが非公式です。","url":"https://t.co/h4VV1lfQxP","entities":{"url":{"urls":[{"url":"https://t.co/h4VV1lfQxP","expanded_url":"https://unnerv.jp/@UN_NERV","display_url":"unnerv.jp/@UN_NERV","indices":[0,23]}]},"description":{"urls":[]}},"protected":false,"followers_count":424407,"friends_count":101,"listed_count":17128,"created_at":"Mon Feb 22 21:35:21 +0000 2010","favourites_count":1,"utc_offset":32400,"time_zone":"Tokyo","geo_enabled":false,"verified":false,"statuses_count":176539,"lang":"ja","contributors_enabled":false,"is_translator":false,"is_translation_enabled":false,"profile_background_color":"808080","profile_background_image_url":"http://pbs.twimg.com/profile_background_images/77623949/img74d96c6fzik8zj.png","profile_background_image_url_https":"https://pbs.twimg.com/profile_background_images/77623949/img74d96c6fzik8zj.png","profile_background_tile":false,"profile_image_url":"http://pbs.twimg.com/profile_images/1874890040/un_nerv_normal.png","profile_image_url_https":"https://pbs.twimg.com/profile_images/1874890040/un_nerv_normal.png","profile_banner_url":"https://pbs.twimg.com/profile_banners/116548789/1352202156","profile_link_color":"A8A8A8","profile_sidebar_border_color":"C20F0F","profile_sidebar_fill_color":"000000","profile_text_color":"D41515","profile_use_background_image":true,"has_extended_profile":false,"default_profile":false,"default_profile_image":false,"following":false,"follow_request_sent":false,"notifications":false,"translator_type":"none"},"geo":null,"coordinates":null,"place":null,"contributors":null,"is_quote_status":false,"retweet_count":89,"favorite_count":13,"favorited":false,"retweeted":false,"lang":"ja"},{"created_at":"Sun Jul 09 05:37:36 +0000 2017","id":883923067440779300,"id_str":"883923067440779264","text":"最初の印象が悪くても、人を見事に虜にしてしまうのが山本耕史殿\n\n対して相手の印象を更に悪化させてしまう恐れがあるのが儂……\n\n皆はやまこーを見習おう https://t.co/367c8jMBzW","truncated":false,"entities":{"hashtags":[],"symbols":[],"user_mentions":[],"urls":[],"media":[{"id":883923059580608500,"id_str":"883923059580608512","indices":[75,98],"media_url":"http://pbs.twimg.com/media/DERTVucUIAArcmd.jpg","media_url_https":"https://pbs.twimg.com/media/DERTVucUIAArcmd.jpg","url":"https://t.co/367c8jMBzW","display_url":"pic.twitter.com/367c8jMBzW","expanded_url":"https://twitter.com/zibumitunari/status/883923067440779264/photo/1","type":"photo","sizes":{"medium":{"w":750,"h":863,"resize":"fit"},"small":{"w":591,"h":680,"resize":"fit"},"large":{"w":750,"h":863,"resize":"fit"},"thumb":{"w":150,"h":150,"resize":"crop"}}}]},"extended_entities":{"media":[{"id":883923059580608500,"id_str":"883923059580608512","indices":[75,98],"media_url":"http://pbs.twimg.com/media/DERTVucUIAArcmd.jpg","media_url_https":"https://pbs.twimg.com/media/DERTVucUIAArcmd.jpg","url":"https://t.co/367c8jMBzW","display_url":"pic.twitter.com/367c8jMBzW","expanded_url":"https://twitter.com/zibumitunari/status/883923067440779264/photo/1","type":"photo","sizes":{"medium":{"w":750,"h":863,"resize":"fit"},"small":{"w":591,"h":680,"resize":"fit"},"large":{"w":750,"h":863,"resize":"fit"},"thumb":{"w":150,"h":150,"resize":"crop"}}},{"id":883923059572211700,"id_str":"883923059572211713","indices":[75,98],"media_url":"http://pbs.twimg.com/media/DERTVuaUAAElf_w.jpg","media_url_https":"https://pbs.twimg.com/media/DERTVuaUAAElf_w.jpg","url":"https://t.co/367c8jMBzW","display_url":"pic.twitter.com/367c8jMBzW","expanded_url":"https://twitter.com/zibumitunari/status/883923067440779264/photo/1","type":"photo","sizes":{"large":{"w":737,"h":414,"resize":"fit"},"thumb":{"w":150,"h":150,"resize":"crop"},"small":{"w":680,"h":382,"resize":"fit"},"medium":{"w":737,"h":414,"resize":"fit"}}}]},"metadata":{"iso_language_code":"ja","result_type":"recent"},"source":"<a href=\"http://twitter.com/download/iphone\" rel=\"nofollow\">Twitter for iPhone</a>","in_reply_to_status_id":null,"in_reply_to_status_id_str":null,"in_reply_to_user_id":null,"in_reply_to_user_id_str":null,"in_reply_to_screen_name":null,"user":{"id":478157613,"id_str":"478157613","name":"石田三成","screen_name":"zibumitunari","location":"佐和山城","description":"石田三成。420年前は五奉行職。山崎、小牧長久手、忍城攻め、関ヶ原に出陣。現在はツイッタ―で活動。 好物は近江鮎の塩焼きと大福と茶。 治部少輔です。話が合う者は気軽にフォローをしてくれると有難い。","url":"https://t.co/CtRRMU8KSO","entities":{"url":{"urls":[{"url":"https://t.co/CtRRMU8KSO","expanded_url":"https://ja.m.wikipedia.org/wiki/%E7%9F%B3%E7%94%B0%E4%B8%89%E6%88%90","display_url":"ja.m.wikipedia.org/wiki/%E7%9F%B3…","indices":[0,23]}]},"description":{"urls":[]}},"protected":false,"followers_count":115929,"friends_count":3051,"listed_count":1110,"created_at":"Sun Jan 29 23:57:45 +0000 2012","favourites_count":49044,"utc_offset":null,"time_zone":null,"geo_enabled":false,"verified":false,"statuses_count":49388,"lang":"ja","contributors_enabled":false,"is_translator":false,"is_translation_enabled":false,"profile_background_color":"C0DEED","profile_background_image_url":"http://abs.twimg.com/images/themes/theme1/bg.png","profile_background_image_url_https":"https://abs.twimg.com/images/themes/theme1/bg.png","profile_background_tile":false,"profile_image_url":"http://pbs.twimg.com/profile_images/883501986624057344/pm5i4JiU_normal.jpg","profile_image_url_https":"https://pbs.twimg.com/profile_images/883501986624057344/pm5i4JiU_normal.jpg","profile_banner_url":"https://pbs.twimg.com/profile_banners/478157613/1489228790","profile_link_color":"1DA1F2","profile_sidebar_border_color":"C0DEED","profile_sidebar_fill_color":"DDEEF6","profile_text_color":"333333","profile_use_background_image":true,"has_extended_profile":false,"default_profile":true,"default_profile_image":false,"following":false,"follow_request_sent":false,"notifications":false,"translator_type":"none"},"geo":null,"coordinates":null,"place":null,"contributors":null,"is_quote_status":false,"retweet_count":52,"favorite_count":93,"favorited":false,"retweeted":false,"possibly_sensitive":false,"lang":"ja"},{"created_at":"Sun Jul 09 05:37:20 +0000 2017","id":883923000046698500,"id_str":"883923000046698498","text":"推しスマホリング発売中✨\n誰でも使いやすいデザインにしたくてロゴ風にしてみました！黒と金かっこいい！ヲタバレ回避もばっちり！😘😘\nhttps://t.co/yO5qCnUCH8 https://t.co/XIYYTii2bH","truncated":false,"entities":{"hashtags":[],"symbols":[],"user_mentions":[],"urls":[{"url":"https://t.co/yO5qCnUCH8","expanded_url":"http://shopping.akb48-group.com/selection/detail/1/57038","display_url":"shopping.akb48-group.com/selection/deta…","indices":[65,88]}],"media":[{"id":883922995059630100,"id_str":"883922995059630081","indices":[89,112],"media_url":"http://pbs.twimg.com/media/DERTR-FUIAEfjyp.jpg","media_url_https":"https://pbs.twimg.com/media/DERTR-FUIAEfjyp.jpg","url":"https://t.co/XIYYTii2bH","display_url":"pic.twitter.com/XIYYTii2bH","expanded_url":"https://twitter.com/mionnn_48/status/883923000046698498/photo/1","type":"photo","sizes":{"small":{"w":498,"h":498,"resize":"fit"},"thumb":{"w":150,"h":150,"resize":"crop"},"medium":{"w":498,"h":498,"resize":"fit"},"large":{"w":498,"h":498,"resize":"fit"}}}]},"extended_entities":{"media":[{"id":883922995059630100,"id_str":"883922995059630081","indices":[89,112],"media_url":"http://pbs.twimg.com/media/DERTR-FUIAEfjyp.jpg","media_url_https":"https://pbs.twimg.com/media/DERTR-FUIAEfjyp.jpg","url":"https://t.co/XIYYTii2bH","display_url":"pic.twitter.com/XIYYTii2bH","expanded_url":"https://twitter.com/mionnn_48/status/883923000046698498/photo/1","type":"photo","sizes":{"small":{"w":498,"h":498,"resize":"fit"},"thumb":{"w":150,"h":150,"resize":"crop"},"medium":{"w":498,"h":498,"resize":"fit"},"large":{"w":498,"h":498,"resize":"fit"}}}]},"metadata":{"iso_language_code":"ja","result_type":"recent"},"source":"<a href=\"http://twitter.com/download/iphone\" rel=\"nofollow\">Twitter for iPhone</a>","in_reply_to_status_id":null,"in_reply_to_status_id_str":null,"in_reply_to_user_id":null,"in_reply_to_user_id_str":null,"in_reply_to_screen_name":null,"user":{"id":727094565744726000,"id_str":"727094565744726017","name":"向井地美音","screen_name":"mionnn_48","location":"","description":"AKB48 TeamK みーおんこと向井地美音です。埼玉県から来ました。桜の木になろう新規です。","url":"https://t.co/UnYGa9myu8","entities":{"url":{"urls":[{"url":"https://t.co/UnYGa9myu8","expanded_url":"https://www.instagram.com/___mion.m/","display_url":"instagram.com/___mion.m/","indices":[0,23]}]},"description":{"urls":[]}},"protected":false,"followers_count":155979,"friends_count":110,"listed_count":1824,"created_at":"Mon May 02 11:17:08 +0000 2016","favourites_count":58,"utc_offset":32400,"time_zone":"Tokyo","geo_enabled":false,"verified":true,"statuses_count":1425,"lang":"ja","contributors_enabled":false,"is_translator":false,"is_translation_enabled":false,"profile_background_color":"F5F8FA","profile_background_image_url":null,"profile_background_image_url_https":null,"profile_background_tile":false,"profile_image_url":"http://pbs.twimg.com/profile_images/793314361427136512/7LWEnB59_normal.jpg","profile_image_url_https":"https://pbs.twimg.com/profile_images/793314361427136512/7LWEnB59_normal.jpg","profile_banner_url":"https://pbs.twimg.com/profile_banners/727094565744726017/1469279952","profile_link_color":"1DA1F2","profile_sidebar_border_color":"C0DEED","profile_sidebar_fill_color":"DDEEF6","profile_text_color":"333333","profile_use_background_image":true,"has_extended_profile":true,"default_profile":true,"default_profile_image":false,"following":false,"follow_request_sent":false,"notifications":false,"translator_type":"none"},"geo":null,"coordinates":null,"place":null,"contributors":null,"is_quote_status":false,"retweet_count":57,"favorite_count":221,"favorited":false,"retweeted":false,"possibly_sensitive":false,"lang":"ja"},{"created_at":"Sun Jul 09 05:37:04 +0000 2017","id":883922934875672600,"id_str":"883922934875672576","text":"名刺交換してクレメンス https://t.co/6H5B5H21yE","truncated":false,"entities":{"hashtags":[],"symbols":[],"user_mentions":[],"urls":[],"media":[{"id":883922925778157600,"id_str":"883922925778157569","indices":[12,35],"media_url":"http://pbs.twimg.com/media/DERTN7_UwAE-YhK.jpg","media_url_https":"https://pbs.twimg.com/media/DERTN7_UwAE-YhK.jpg","url":"https://t.co/6H5B5H21yE","display_url":"pic.twitter.com/6H5B5H21yE","expanded_url":"https://twitter.com/azuki_five/status/883922934875672576/photo/1","type":"photo","sizes":{"large":{"w":793,"h":1024,"resize":"fit"},"thumb":{"w":150,"h":150,"resize":"crop"},"medium":{"w":793,"h":1024,"resize":"fit"},"small":{"w":527,"h":680,"resize":"fit"}}}]},"extended_entities":{"media":[{"id":883922925778157600,"id_str":"883922925778157569","indices":[12,35],"media_url":"http://pbs.twimg.com/media/DERTN7_UwAE-YhK.jpg","media_url_https":"https://pbs.twimg.com/media/DERTN7_UwAE-YhK.jpg","url":"https://t.co/6H5B5H21yE","display_url":"pic.twitter.com/6H5B5H21yE","expanded_url":"https://twitter.com/azuki_five/status/883922934875672576/photo/1","type":"photo","sizes":{"large":{"w":793,"h":1024,"resize":"fit"},"thumb":{"w":150,"h":150,"resize":"crop"},"medium":{"w":793,"h":1024,"resize":"fit"},"small":{"w":527,"h":680,"resize":"fit"}}}]},"metadata":{"iso_language_code":"ja","result_type":"recent"},"source":"<a href=\"http://twitter.com/download/iphone\" rel=\"nofollow\">Twitter for iPhone</a>","in_reply_to_status_id":null,"in_reply_to_status_id_str":null,"in_reply_to_user_id":null,"in_reply_to_user_id_str":null,"in_reply_to_screen_name":null,"user":{"id":715807383075819500,"id_str":"715807383075819521","name":"あず希@AV女優","screen_name":"azuki_five","location":"LINX 渋谷区代々木1-38-1 モダンビル6F","description":"143㎝Eカップパイパンアナル処女コスプレイヤー漫画家アイドルオナホールAV女優","url":"https://t.co/XF841bbNg4","entities":{"url":{"urls":[{"url":"https://t.co/XF841bbNg4","expanded_url":"http://azukichi.blog.jp","display_url":"azukichi.blog.jp","indices":[0,23]}]},"description":{"urls":[]}},"protected":false,"followers_count":61676,"friends_count":648,"listed_count":637,"created_at":"Fri Apr 01 07:45:54 +0000 2016","favourites_count":2637,"utc_offset":32400,"time_zone":"Tokyo","geo_enabled":false,"verified":false,"statuses_count":5761,"lang":"ja","contributors_enabled":false,"is_translator":false,"is_translation_enabled":false,"profile_background_color":"F5F8FA","profile_background_image_url":null,"profile_background_image_url_https":null,"profile_background_tile":false,"profile_image_url":"http://pbs.twimg.com/profile_images/874093617647722497/ETaMGK-H_normal.jpg","profile_image_url_https":"https://pbs.twimg.com/profile_images/874093617647722497/ETaMGK-H_normal.jpg","profile_banner_url":"https://pbs.twimg.com/profile_banners/715807383075819521/1481009213","profile_link_color":"1DA1F2","profile_sidebar_border_color":"C0DEED","profile_sidebar_fill_color":"DDEEF6","profile_text_color":"333333","profile_use_background_image":true,"has_extended_profile":true,"default_profile":true,"default_profile_image":false,"following":false,"follow_request_sent":false,"notifications":false,"translator_type":"none"},"geo":null,"coordinates":null,"place":null,"contributors":null,"is_quote_status":false,"retweet_count":59,"favorite_count":114,"favorited":false,"retweeted":false,"possibly_sensitive":true,"lang":"ja"},{"created_at":"Sun Jul 09 05:35:34 +0000 2017","id":883922554674528300,"id_str":"883922554674528256","text":"来週のらじおとゲストにいがらしみきお先生が来ます！","truncated":false,"entities":{"hashtags":[],"symbols":[],"user_mentions":[],"urls":[]},"metadata":{"iso_language_code":"ja","result_type":"recent"},"source":"<a href=\"http://www.echofon.com/\" rel=\"nofollow\">Echofon</a>","in_reply_to_status_id":null,"in_reply_to_status_id_str":null,"in_reply_to_user_id":null,"in_reply_to_user_id_str":null,"in_reply_to_screen_name":null,"user":{"id":85536388,"id_str":"85536388","name":"伊集院光","screen_name":"HikaruIjuin","location":"東京都","description":"基本ラジオをお聴きいただいている人へ向けてつぶやいています。方針としてスナック感覚でブロックします。意味がよくわからないのでブロックとか。基本楽しくなるためのものなので、すみません。","url":null,"entities":{"description":{"urls":[]}},"protected":false,"followers_count":1413043,"friends_count":22,"listed_count":16057,"created_at":"Tue Oct 27 09:45:36 +0000 2009","favourites_count":6,"utc_offset":32400,"time_zone":"Tokyo","geo_enabled":false,"verified":false,"statuses_count":30991,"lang":"ja","contributors_enabled":false,"is_translator":false,"is_translation_enabled":false,"profile_background_color":"1A1B1F","profile_background_image_url":"http://abs.twimg.com/images/themes/theme9/bg.gif","profile_background_image_url_https":"https://abs.twimg.com/images/themes/theme9/bg.gif","profile_background_tile":false,"profile_image_url":"http://pbs.twimg.com/profile_images/684075940415066112/ygyzvz4Z_normal.jpg","profile_image_url_https":"https://pbs.twimg.com/profile_images/684075940415066112/ygyzvz4Z_normal.jpg","profile_link_color":"2FC2EF","profile_sidebar_border_color":"181A1E","profile_sidebar_fill_color":"252429","profile_text_color":"666666","profile_use_background_image":true,"has_extended_profile":false,"default_profile":false,"default_profile_image":false,"following":false,"follow_request_sent":false,"notifications":false,"translator_type":"none"},"geo":null,"coordinates":null,"place":null,"contributors":null,"is_quote_status":false,"retweet_count":48,"favorite_count":65,"favorited":false,"retweeted":false,"lang":"ja"},{"created_at":"Sun Jul 09 05:35:02 +0000 2017","id":883922423577362400,"id_str":"883922423577362433","text":"今日の主役の1人、西川選手のタイムリーで先制！\n#lovefighters #宇宙一のその先へ https://t.co/ZowydZJa8k","truncated":false,"entities":{"hashtags":[{"text":"lovefighters","indices":[24,37]},{"text":"宇宙一のその先へ","indices":[38,47]}],"symbols":[],"user_mentions":[],"urls":[],"media":[{"id":883922050791784400,"id_str":"883922050791784449","indices":[48,71],"media_url":"http://pbs.twimg.com/amplify_video_thumb/883922050791784449/img/u6_JkY6Hkw2zoJ57.jpg","media_url_https":"https://pbs.twimg.com/amplify_video_thumb/883922050791784449/img/u6_JkY6Hkw2zoJ57.jpg","url":"https://t.co/ZowydZJa8k","display_url":"pic.twitter.com/ZowydZJa8k","expanded_url":"https://twitter.com/FightersPR/status/883922423577362433/video/1","type":"photo","sizes":{"large":{"w":960,"h":540,"resize":"fit"},"small":{"w":340,"h":191,"resize":"fit"},"thumb":{"w":150,"h":150,"resize":"crop"},"medium":{"w":600,"h":338,"resize":"fit"}}}]},"extended_entities":{"media":[{"id":883922050791784400,"id_str":"883922050791784449","indices":[48,71],"media_url":"http://pbs.twimg.com/amplify_video_thumb/883922050791784449/img/u6_JkY6Hkw2zoJ57.jpg","media_url_https":"https://pbs.twimg.com/amplify_video_thumb/883922050791784449/img/u6_JkY6Hkw2zoJ57.jpg","url":"https://t.co/ZowydZJa8k","display_url":"pic.twitter.com/ZowydZJa8k","expanded_url":"https://twitter.com/FightersPR/status/883922423577362433/video/1","type":"video","sizes":{"large":{"w":960,"h":540,"resize":"fit"},"small":{"w":340,"h":191,"resize":"fit"},"thumb":{"w":150,"h":150,"resize":"crop"},"medium":{"w":600,"h":338,"resize":"fit"}},"video_info":{"aspect_ratio":[16,9],"duration_millis":29697,"variants":[{"bitrate":320000,"content_type":"video/mp4","url":"https://video.twimg.com/amplify_video/883922050791784449/vid/320x180/EF-Fij9GiKsO71q8.mp4"},{"content_type":"application/x-mpegURL","url":"https://video.twimg.com/amplify_video/883922050791784449/pl/UKUSOzRn2nmx_f4E.m3u8"},{"bitrate":832000,"content_type":"video/mp4","url":"https://video.twimg.com/amplify_video/883922050791784449/vid/640x360/m8tn8si9e95H5WDV.mp4"}]},"additional_media_info":{"title":"","description":"","embeddable":true,"monetizable":false}}]},"metadata":{"iso_language_code":"ja","result_type":"recent"},"source":"<a href=\"https://studio.twitter.com\" rel=\"nofollow\">Media Studio</a>","in_reply_to_status_id":null,"in_reply_to_status_id_str":null,"in_reply_to_user_id":null,"in_reply_to_user_id_str":null,"in_reply_to_screen_name":null,"user":{"id":2991223079,"id_str":"2991223079","name":"北海道日本ハムファイターズ公式","screen_name":"FightersPR","location":"北海道","description":"北海道日本ハムファイターズの公式アカウントです。沢山の情報をつぶやきますのでお楽しみに！一丸となって日本一を、いや宇宙一を目指しましょう！ファイターズの応援宜しくお願いします！！ ※スパム行為や過度の誹謗中傷などに関しましては通報またはブロックをさせて頂くことがありますのでご了承ください。","url":"https://t.co/SA73lnjwFO","entities":{"url":{"urls":[{"url":"https://t.co/SA73lnjwFO","expanded_url":"http://www.fighters.co.jp","display_url":"fighters.co.jp","indices":[0,23]}]},"description":{"urls":[]}},"protected":false,"followers_count":646023,"friends_count":73,"listed_count":1459,"created_at":"Thu Jan 22 02:52:41 +0000 2015","favourites_count":329,"utc_offset":-25200,"time_zone":"Pacific Time (US & Canada)","geo_enabled":false,"verified":true,"statuses_count":5508,"lang":"ja","contributors_enabled":false,"is_translator":false,"is_translation_enabled":false,"profile_background_color":"C0DEED","profile_background_image_url":"http://pbs.twimg.com/profile_background_images/563589746245386241/LWHTm-3G.jpeg","profile_background_image_url_https":"https://pbs.twimg.com/profile_background_images/563589746245386241/LWHTm-3G.jpeg","profile_background_tile":true,"profile_image_url":"http://pbs.twimg.com/profile_images/881859077759918084/AwPe9WXG_normal.jpg","profile_image_url_https":"https://pbs.twimg.com/profile_images/881859077759918084/AwPe9WXG_normal.jpg","profile_banner_url":"https://pbs.twimg.com/profile_banners/2991223079/1499181526","profile_link_color":"1B95E0","profile_sidebar_border_color":"000000","profile_sidebar_fill_color":"000000","profile_text_color":"000000","profile_use_background_image":true,"has_extended_profile":false,"default_profile":false,"default_profile_image":false,"following":false,"follow_request_sent":false,"notifications":false,"translator_type":"none"},"geo":null,"coordinates":null,"place":null,"contributors":null,"is_quote_status":false,"retweet_count":361,"favorite_count":833,"favorited":false,"retweeted":false,"possibly_sensitive":false,"lang":"ja"},{"created_at":"Sun Jul 09 05:34:44 +0000 2017","id":883922346326671400,"id_str":"883922346326671360","text":"ファーム】\n埼玉西武は2回に40分にわたる攻撃で8点を奪いました。 #seibulions https://t.co/0LCn4RLanB","truncated":false,"entities":{"hashtags":[{"text":"seibulions","indices":[34,45]}],"symbols":[],"user_mentions":[],"urls":[],"media":[{"id":883922331449516000,"id_str":"883922331449516033","indices":[46,69],"media_url":"http://pbs.twimg.com/media/DERSrV8VYAEXe6x.jpg","media_url_https":"https://pbs.twimg.com/media/DERSrV8VYAEXe6x.jpg","url":"https://t.co/0LCn4RLanB","display_url":"pic.twitter.com/0LCn4RLanB","expanded_url":"https://twitter.com/PacificleagueTV/status/883922346326671360/photo/1","type":"photo","sizes":{"thumb":{"w":150,"h":150,"resize":"crop"},"small":{"w":680,"h":383,"resize":"fit"},"large":{"w":960,"h":540,"resize":"fit"},"medium":{"w":960,"h":540,"resize":"fit"}}}]},"extended_entities":{"media":[{"id":883922331449516000,"id_str":"883922331449516033","indices":[46,69],"media_url":"http://pbs.twimg.com/media/DERSrV8VYAEXe6x.jpg","media_url_https":"https://pbs.twimg.com/media/DERSrV8VYAEXe6x.jpg","url":"https://t.co/0LCn4RLanB","display_url":"pic.twitter.com/0LCn4RLanB","expanded_url":"https://twitter.com/PacificleagueTV/status/883922346326671360/photo/1","type":"photo","sizes":{"thumb":{"w":150,"h":150,"resize":"crop"},"small":{"w":680,"h":383,"resize":"fit"},"large":{"w":960,"h":540,"resize":"fit"},"medium":{"w":960,"h":540,"resize":"fit"}}}]},"metadata":{"iso_language_code":"ja","result_type":"recent"},"source":"<a href=\"http://twitter.com\" rel=\"nofollow\">Twitter Web Client</a>","in_reply_to_status_id":null,"in_reply_to_status_id_str":null,"in_reply_to_user_id":null,"in_reply_to_user_id_str":null,"in_reply_to_screen_name":null,"user":{"id":1903573940,"id_str":"1903573940","name":"パ・リーグTV公式","screen_name":"PacificleagueTV","location":"北海道・東北・埼玉・千葉・大阪・神戸・福岡","description":"パ・リーグTV公式ツイッター。パ・リーグTVではパ・リーグ主催全試合のライブ映像を、スマホ・PC・タブレットで、いつでもどこでもお楽しみいただけます！","url":"http://t.co/mn7U7IEtWs","entities":{"url":{"urls":[{"url":"http://t.co/mn7U7IEtWs","expanded_url":"http://tv.pacificleague.jp/","display_url":"tv.pacificleague.jp","indices":[0,22]}]},"description":{"urls":[]}},"protected":false,"followers_count":169660,"friends_count":1011,"listed_count":1302,"created_at":"Wed Sep 25 09:35:11 +0000 2013","favourites_count":2091,"utc_offset":32400,"time_zone":"Tokyo","geo_enabled":false,"verified":true,"statuses_count":42619,"lang":"ja","contributors_enabled":false,"is_translator":false,"is_translation_enabled":false,"profile_background_color":"C0DEED","profile_background_image_url":"http://pbs.twimg.com/profile_background_images/637582710706323456/46wfb0sT.jpg","profile_background_image_url_https":"https://pbs.twimg.com/profile_background_images/637582710706323456/46wfb0sT.jpg","profile_background_tile":false,"profile_image_url":"http://pbs.twimg.com/profile_images/702734074553569280/Nnmf4o7y_normal.jpg","profile_image_url_https":"https://pbs.twimg.com/profile_images/702734074553569280/Nnmf4o7y_normal.jpg","profile_banner_url":"https://pbs.twimg.com/profile_banners/1903573940/1490525571","profile_link_color":"0084B4","profile_sidebar_border_color":"000000","profile_sidebar_fill_color":"DDEEF6","profile_text_color":"333333","profile_use_background_image":true,"has_extended_profile":false,"default_profile":false,"default_profile_image":false,"following":false,"follow_request_sent":false,"notifications":false,"translator_type":"regular"},"geo":null,"coordinates":null,"place":null,"contributors":null,"is_quote_status":false,"retweet_count":270,"favorite_count":176,"favorited":false,"retweeted":false,"possibly_sensitive":false,"lang":"ja"},{"created_at":"Sun Jul 09 05:34:15 +0000 2017","id":883922225543249900,"id_str":"883922225543249921","text":"【猛暑】札幌で3日連続の真夏日 7月上旬では1892年以来、125年ぶり\nhttps://t.co/1lM1kTZYcw\n\n9日、正午までの道内の最高気温は浦河町中杵臼で32.3℃。高温注意情報が発表されるなど厳しい暑さが続いてい… https://t.co/ymCT0gvKf5","truncated":true,"entities":{"hashtags":[],"symbols":[],"user_mentions":[],"urls":[{"url":"https://t.co/1lM1kTZYcw","expanded_url":"http://news.livedoor.com/article/detail/13312883/","display_url":"news.livedoor.com/article/detail…","indices":[37,60]},{"url":"https://t.co/ymCT0gvKf5","expanded_url":"https://twitter.com/i/web/status/883922225543249921","display_url":"twitter.com/i/web/status/8…","indices":[117,140]}]},"metadata":{"iso_language_code":"ja","result_type":"recent"},"source":"<a href=\"http://twitter.com\" rel=\"nofollow\">Twitter Web Client</a>","in_reply_to_status_id":null,"in_reply_to_status_id_str":null,"in_reply_to_user_id":null,"in_reply_to_user_id_str":null,"in_reply_to_screen_name":null,"user":{"id":17306975,"id_str":"17306975","name":"ライブドアニュース","screen_name":"livedoornews","location":"","description":"LINE →https://t.co/yhJO0o7Jns／FB → https://t.co/LHTCuyIEjr／インスタ／→https://t.co/SpmVgPtfCG","url":"http://t.co/Q4Bh3OCfgY","entities":{"url":{"urls":[{"url":"http://t.co/Q4Bh3OCfgY","expanded_url":"http://news.livedoor.com/","display_url":"news.livedoor.com","indices":[0,22]}]},"description":{"urls":[{"url":"https://t.co/yhJO0o7Jns","expanded_url":"http://goo.gl/upBgKP","display_url":"goo.gl/upBgKP","indices":[6,29]},{"url":"https://t.co/LHTCuyIEjr","expanded_url":"http://goo.gl/nDULhn","display_url":"goo.gl/nDULhn","indices":[35,58]},{"url":"https://t.co/SpmVgPtfCG","expanded_url":"http://goo.gl/cHGD9G","display_url":"goo.gl/cHGD9G","indices":[65,88]}]}},"protected":false,"followers_count":426987,"friends_count":86,"listed_count":6128,"created_at":"Tue Nov 11 09:56:31 +0000 2008","favourites_count":2607,"utc_offset":32400,"time_zone":"Tokyo","geo_enabled":false,"verified":true,"statuses_count":176324,"lang":"ja","contributors_enabled":false,"is_translator":false,"is_translation_enabled":false,"profile_background_color":"FFFFFF","profile_background_image_url":"http://pbs.twimg.com/profile_background_images/378800000085828060/4b07c1d868c917fb65a3d64a20904cd5.jpeg","profile_background_image_url_https":"https://pbs.twimg.com/profile_background_images/378800000085828060/4b07c1d868c917fb65a3d64a20904cd5.jpeg","profile_background_tile":false,"profile_image_url":"http://pbs.twimg.com/profile_images/875662964988166149/whdJTD2I_normal.jpg","profile_image_url_https":"https://pbs.twimg.com/profile_images/875662964988166149/whdJTD2I_normal.jpg","profile_link_color":"51ADD4","profile_sidebar_border_color":"FFFFFF","profile_sidebar_fill_color":"95E8EC","profile_text_color":"3C3940","profile_use_background_image":true,"has_extended_profile":false,"default_profile":false,"default_profile_image":false,"following":false,"follow_request_sent":false,"notifications":false,"translator_type":"none"},"geo":null,"coordinates":null,"place":null,"contributors":null,"is_quote_status":false,"retweet_count":177,"favorite_count":85,"favorited":false,"retweeted":false,"possibly_sensitive":false,"lang":"ja"},{"created_at":"Sun Jul 09 05:32:42 +0000 2017","id":883921835133292500,"id_str":"883921835133292544","text":"髪色が暗くなりました。最近でいちばん暗いです。メイプルストーリーニコ生もうすこしです！ #メイプルストーリー https://t.co/Ga7ksn40xc","truncated":false,"entities":{"hashtags":[{"text":"メイプルストーリー","indices":[44,54]}],"symbols":[],"user_mentions":[],"urls":[],"media":[{"id":883921828296536000,"id_str":"883921828296536064","indices":[55,78],"media_url":"http://pbs.twimg.com/media/DERSODjUMAACNrq.jpg","media_url_https":"https://pbs.twimg.com/media/DERSODjUMAACNrq.jpg","url":"https://t.co/Ga7ksn40xc","display_url":"pic.twitter.com/Ga7ksn40xc","expanded_url":"https://twitter.com/aimi_sound/status/883921835133292544/photo/1","type":"photo","sizes":{"small":{"w":680,"h":510,"resize":"fit"},"medium":{"w":1000,"h":750,"resize":"fit"},"large":{"w":1000,"h":750,"resize":"fit"},"thumb":{"w":150,"h":150,"resize":"crop"}}}]},"extended_entities":{"media":[{"id":883921828296536000,"id_str":"883921828296536064","indices":[55,78],"media_url":"http://pbs.twimg.com/media/DERSODjUMAACNrq.jpg","media_url_https":"https://pbs.twimg.com/media/DERSODjUMAACNrq.jpg","url":"https://t.co/Ga7ksn40xc","display_url":"pic.twitter.com/Ga7ksn40xc","expanded_url":"https://twitter.com/aimi_sound/status/883921835133292544/photo/1","type":"photo","sizes":{"small":{"w":680,"h":510,"resize":"fit"},"medium":{"w":1000,"h":750,"resize":"fit"},"large":{"w":1000,"h":750,"resize":"fit"},"thumb":{"w":150,"h":150,"resize":"crop"}}}]},"metadata":{"iso_language_code":"ja","result_type":"recent"},"source":"<a href=\"http://twitter.com/download/iphone\" rel=\"nofollow\">Twitter for iPhone</a>","in_reply_to_status_id":null,"in_reply_to_status_id_str":null,"in_reply_to_user_id":null,"in_reply_to_user_id_str":null,"in_reply_to_screen_name":null,"user":{"id":253177157,"id_str":"253177157","name":"愛美","screen_name":"aimi_sound","location":"HiBiKi","description":"AIMI（1991/12/25） VoiceActress/Singer","url":"https://t.co/G2gMi4HcrN","entities":{"url":{"urls":[{"url":"https://t.co/G2gMi4HcrN","expanded_url":"https://www.instagram.com/aimin_official/","display_url":"instagram.com/aimin_official/","indices":[0,23]}]},"description":{"urls":[]}},"protected":false,"followers_count":130653,"friends_count":558,"listed_count":5149,"created_at":"Wed Feb 16 18:24:01 +0000 2011","favourites_count":134,"utc_offset":32400,"time_zone":"Tokyo","geo_enabled":false,"verified":false,"statuses_count":18179,"lang":"ja","contributors_enabled":false,"is_translator":false,"is_translation_enabled":false,"profile_background_color":"C0DEED","profile_background_image_url":"http://pbs.twimg.com/profile_background_images/210029488/aimi-texture0.jpg","profile_background_image_url_https":"https://pbs.twimg.com/profile_background_images/210029488/aimi-texture0.jpg","profile_background_tile":true,"profile_image_url":"http://pbs.twimg.com/profile_images/857779009806974977/OLLZmr8K_normal.jpg","profile_image_url_https":"https://pbs.twimg.com/profile_images/857779009806974977/OLLZmr8K_normal.jpg","profile_banner_url":"https://pbs.twimg.com/profile_banners/253177157/1471715658","profile_link_color":"0084B4","profile_sidebar_border_color":"C0DEED","profile_sidebar_fill_color":"DDEEF6","profile_text_color":"333333","profile_use_background_image":true,"has_extended_profile":false,"default_profile":false,"default_profile_image":false,"following":false,"follow_request_sent":false,"notifications":false,"translator_type":"none"},"geo":null,"coordinates":null,"place":null,"contributors":null,"is_quote_status":false,"retweet_count":194,"favorite_count":591,"favorited":false,"retweeted":false,"possibly_sensitive":false,"lang":"ja"},{"created_at":"Sun Jul 09 05:32:38 +0000 2017","id":883921817789898800,"id_str":"883921817789898752","text":"TrySail初アリーナツアーの口火を切る横浜公演！ https://t.co/8ZmEvwC3S9","truncated":false,"entities":{"hashtags":[],"symbols":[],"user_mentions":[],"urls":[],"media":[{"id":883921809283850200,"id_str":"883921809283850240","indices":[27,50],"media_url":"http://pbs.twimg.com/media/DERSM8uVoAADY6o.jpg","media_url_https":"https://pbs.twimg.com/media/DERSM8uVoAADY6o.jpg","url":"https://t.co/8ZmEvwC3S9","display_url":"pic.twitter.com/8ZmEvwC3S9","expanded_url":"https://twitter.com/rioyk711/status/883921817789898752/photo/1","type":"photo","sizes":{"thumb":{"w":150,"h":150,"resize":"crop"},"medium":{"w":1200,"h":848,"resize":"fit"},"small":{"w":680,"h":481,"resize":"fit"},"large":{"w":1662,"h":1175,"resize":"fit"}}}]},"extended_entities":{"media":[{"id":883921809283850200,"id_str":"883921809283850240","indices":[27,50],"media_url":"http://pbs.twimg.com/media/DERSM8uVoAADY6o.jpg","media_url_https":"https://pbs.twimg.com/media/DERSM8uVoAADY6o.jpg","url":"https://t.co/8ZmEvwC3S9","display_url":"pic.twitter.com/8ZmEvwC3S9","expanded_url":"https://twitter.com/rioyk711/status/883921817789898752/photo/1","type":"photo","sizes":{"thumb":{"w":150,"h":150,"resize":"crop"},"medium":{"w":1200,"h":848,"resize":"fit"},"small":{"w":680,"h":481,"resize":"fit"},"large":{"w":1662,"h":1175,"resize":"fit"}}}]},"metadata":{"iso_language_code":"ja","result_type":"recent"},"source":"<a href=\"http://twitter.com/download/iphone\" rel=\"nofollow\">Twitter for iPhone</a>","in_reply_to_status_id":null,"in_reply_to_status_id_str":null,"in_reply_to_user_id":null,"in_reply_to_user_id_str":null,"in_reply_to_screen_name":null,"user":{"id":415522047,"id_str":"415522047","name":"りお","screen_name":"rioyk711","location":"PSL FINAL","description":"いきづまる。 https://t.co/U4U5cmDudm","url":"https://t.co/NnAk5L3IPt","entities":{"url":{"urls":[{"url":"https://t.co/NnAk5L3IPt","expanded_url":"http://rioyk711.tumblr.com/post/152859885174/trysail","display_url":"rioyk711.tumblr.com/post/152859885…","indices":[0,23]}]},"description":{"urls":[{"url":"https://t.co/U4U5cmDudm","expanded_url":"http://touch.pixiv.net/member.php?id=1497509","display_url":"touch.pixiv.net/member.php?id=…","indices":[7,30]}]}},"protected":false,"followers_count":2588,"friends_count":1063,"listed_count":117,"created_at":"Fri Nov 18 13:05:29 +0000 2011","favourites_count":117404,"utc_offset":32400,"time_zone":"Tokyo","geo_enabled":true,"verified":false,"statuses_count":265981,"lang":"ja","contributors_enabled":false,"is_translator":false,"is_translation_enabled":false,"profile_background_color":"C0DEED","profile_background_image_url":"http://abs.twimg.com/images/themes/theme1/bg.png","profile_background_image_url_https":"https://abs.twimg.com/images/themes/theme1/bg.png","profile_background_tile":false,"profile_image_url":"http://pbs.twimg.com/profile_images/875758641118236672/uz5xyB9B_normal.jpg","profile_image_url_https":"https://pbs.twimg.com/profile_images/875758641118236672/uz5xyB9B_normal.jpg","profile_banner_url":"https://pbs.twimg.com/profile_banners/415522047/1495551228","profile_link_color":"1DA1F2","profile_sidebar_border_color":"C0DEED","profile_sidebar_fill_color":"DDEEF6","profile_text_color":"333333","profile_use_background_image":true,"has_extended_profile":true,"default_profile":true,"default_profile_image":false,"following":false,"follow_request_sent":false,"notifications":false,"translator_type":"none"},"geo":null,"coordinates":null,"place":null,"contributors":null,"is_quote_status":false,"retweet_count":72,"favorite_count":116,"favorited":false,"retweeted":false,"possibly_sensitive":false,"lang":"ja"},{"created_at":"Sun Jul 09 05:32:34 +0000 2017","id":883921800991604700,"id_str":"883921800991604736","text":"㊗️ネオタイワンに参加決定キュ〜！\n期間：7月19〜31日\n場所：伊勢丹新宿店本館5階『ネオタイワン』\nイルカのイルカくんの新作Tシャツやコラボ服などを販売予定でキュ〜🐬\nhttps://t.co/Q9Ncgg0Us8 https://t.co/Z8y9HaWuSr","truncated":false,"entities":{"hashtags":[],"symbols":[],"user_mentions":[],"urls":[{"url":"https://t.co/Q9Ncgg0Us8","expanded_url":"https://www.facebook.com/events/635373520000113/","display_url":"facebook.com/events/6353735…","indices":[86,109]}],"media":[{"id":883921522494128100,"id_str":"883921522494128132","indices":[110,133],"media_url":"http://pbs.twimg.com/ext_tw_video_thumb/883921522494128132/pu/img/vxowgeo_CVLtJ5Mn.jpg","media_url_https":"https://pbs.twimg.com/ext_tw_video_thumb/883921522494128132/pu/img/vxowgeo_CVLtJ5Mn.jpg","url":"https://t.co/Z8y9HaWuSr","display_url":"pic.twitter.com/Z8y9HaWuSr","expanded_url":"https://twitter.com/illckr/status/883921800991604736/video/1","type":"photo","sizes":{"small":{"w":340,"h":340,"resize":"fit"},"thumb":{"w":150,"h":150,"resize":"crop"},"medium":{"w":600,"h":600,"resize":"fit"},"large":{"w":720,"h":720,"resize":"fit"}}}]},"extended_entities":{"media":[{"id":883921522494128100,"id_str":"883921522494128132","indices":[110,133],"media_url":"http://pbs.twimg.com/ext_tw_video_thumb/883921522494128132/pu/img/vxowgeo_CVLtJ5Mn.jpg","media_url_https":"https://pbs.twimg.com/ext_tw_video_thumb/883921522494128132/pu/img/vxowgeo_CVLtJ5Mn.jpg","url":"https://t.co/Z8y9HaWuSr","display_url":"pic.twitter.com/Z8y9HaWuSr","expanded_url":"https://twitter.com/illckr/status/883921800991604736/video/1","type":"video","sizes":{"small":{"w":340,"h":340,"resize":"fit"},"thumb":{"w":150,"h":150,"resize":"crop"},"medium":{"w":600,"h":600,"resize":"fit"},"large":{"w":720,"h":720,"resize":"fit"}},"video_info":{"aspect_ratio":[1,1],"duration_millis":11867,"variants":[{"bitrate":320000,"content_type":"video/mp4","url":"https://video.twimg.com/ext_tw_video/883921522494128132/pu/vid/240x240/IDdWOmcgCSY6zdMP.mp4"},{"bitrate":832000,"content_type":"video/mp4","url":"https://video.twimg.com/ext_tw_video/883921522494128132/pu/vid/480x480/zxW3o2gvR4z9eZQb.mp4"},{"bitrate":1280000,"content_type":"video/mp4","url":"https://video.twimg.com/ext_tw_video/883921522494128132/pu/vid/720x720/TCjwvmVQ1lcPWV-s.mp4"},{"content_type":"application/x-mpegURL","url":"https://video.twimg.com/ext_tw_video/883921522494128132/pu/pl/uy2YuWizN2YeYXSs.m3u8"}]},"additional_media_info":{"monetizable":false}}]},"metadata":{"iso_language_code":"ja","result_type":"recent"},"source":"<a href=\"http://twitter.com\" rel=\"nofollow\">Twitter Web Client</a>","in_reply_to_status_id":null,"in_reply_to_status_id_str":null,"in_reply_to_user_id":null,"in_reply_to_user_id_str":null,"in_reply_to_screen_name":null,"user":{"id":2611596283,"id_str":"2611596283","name":"イルカのイルカくん","screen_name":"illckr","location":"","description":"職業：セラピスト","url":"https://t.co/gEudpgtaDb","entities":{"url":{"urls":[{"url":"https://t.co/gEudpgtaDb","expanded_url":"https://store.line.me/stickershop/product/1108540/ja","display_url":"store.line.me/stickershop/pr…","indices":[0,23]}]},"description":{"urls":[]}},"protected":false,"followers_count":16858,"friends_count":16046,"listed_count":137,"created_at":"Tue Jul 08 12:22:10 +0000 2014","favourites_count":4747,"utc_offset":32400,"time_zone":"Tokyo","geo_enabled":true,"verified":false,"statuses_count":3204,"lang":"ja","contributors_enabled":false,"is_translator":false,"is_translation_enabled":false,"profile_background_color":"0099B9","profile_background_image_url":"http://abs.twimg.com/images/themes/theme4/bg.gif","profile_background_image_url_https":"https://abs.twimg.com/images/themes/theme4/bg.gif","profile_background_tile":false,"profile_image_url":"http://pbs.twimg.com/profile_images/660665170369245184/Cu0ki8_K_normal.jpg","profile_image_url_https":"https://pbs.twimg.com/profile_images/660665170369245184/Cu0ki8_K_normal.jpg","profile_banner_url":"https://pbs.twimg.com/profile_banners/2611596283/1405156006","profile_link_color":"0099B9","profile_sidebar_border_color":"5ED4DC","profile_sidebar_fill_color":"95E8EC","profile_text_color":"3C3940","profile_use_background_image":true,"has_extended_profile":false,"default_profile":false,"default_profile_image":false,"following":false,"follow_request_sent":false,"notifications":false,"translator_type":"none"},"geo":null,"coordinates":null,"place":null,"contributors":null,"is_quote_status":false,"retweet_count":62,"favorite_count":103,"favorited":false,"retweeted":false,"possibly_sensitive":false,"lang":"ja"},{"created_at":"Sun Jul 09 05:32:13 +0000 2017","id":883921713116860400,"id_str":"883921713116860417","text":"ま、まだ出さないで…！（す、すごい勃起してる…） https://t.co/2IURWVtOBu","truncated":false,"entities":{"hashtags":[],"symbols":[],"user_mentions":[],"urls":[],"media":[{"id":883921707144106000,"id_str":"883921707144105984","indices":[25,48],"media_url":"http://pbs.twimg.com/tweet_video_thumb/DERSHAOU0AATTLj.jpg","media_url_https":"https://pbs.twimg.com/tweet_video_thumb/DERSHAOU0AATTLj.jpg","url":"https://t.co/2IURWVtOBu","display_url":"pic.twitter.com/2IURWVtOBu","expanded_url":"https://twitter.com/bot_erection/status/883921713116860417/photo/1","type":"photo","sizes":{"small":{"w":340,"h":218,"resize":"fit"},"medium":{"w":478,"h":306,"resize":"fit"},"thumb":{"w":150,"h":150,"resize":"crop"},"large":{"w":478,"h":306,"resize":"fit"}}}]},"extended_entities":{"media":[{"id":883921707144106000,"id_str":"883921707144105984","indices":[25,48],"media_url":"http://pbs.twimg.com/tweet_video_thumb/DERSHAOU0AATTLj.jpg","media_url_https":"https://pbs.twimg.com/tweet_video_thumb/DERSHAOU0AATTLj.jpg","url":"https://t.co/2IURWVtOBu","display_url":"pic.twitter.com/2IURWVtOBu","expanded_url":"https://twitter.com/bot_erection/status/883921713116860417/photo/1","type":"animated_gif","sizes":{"small":{"w":340,"h":218,"resize":"fit"},"medium":{"w":478,"h":306,"resize":"fit"},"thumb":{"w":150,"h":150,"resize":"crop"},"large":{"w":478,"h":306,"resize":"fit"}},"video_info":{"aspect_ratio":[239,153],"variants":[{"bitrate":0,"content_type":"video/mp4","url":"https://video.twimg.com/tweet_video/DERSHAOU0AATTLj.mp4"}]}}]},"metadata":{"iso_language_code":"ja","result_type":"recent"},"source":"<a href=\"http://tapbots.com/tweetbot\" rel=\"nofollow\">Tweetbot for iΟS</a>","in_reply_to_status_id":null,"in_reply_to_status_id_str":null,"in_reply_to_user_id":null,"in_reply_to_user_id_str":null,"in_reply_to_screen_name":null,"user":{"id":3310890074,"id_str":"3310890074","name":"勃起タイムbot","screen_name":"bot_erection","location":"勃起タイムきららミラク","description":"女の子に勃起の反応をさせる手動botです。1周年を迎えました。三次元成分はありません。リプで画像を送って頂ければ使うかもしれません。当アカウントは勃起タイムbot以外のアカウントを所有しておりませんので他の類似アカウントにご注意ください。","url":null,"entities":{"description":{"urls":[]}},"protected":false,"followers_count":91832,"friends_count":10421,"listed_count":1281,"created_at":"Sun Aug 09 21:17:53 +0000 2015","favourites_count":214,"utc_offset":null,"time_zone":null,"geo_enabled":false,"verified":false,"statuses_count":6173,"lang":"ja","contributors_enabled":false,"is_translator":false,"is_translation_enabled":false,"profile_background_color":"000000","profile_background_image_url":"http://abs.twimg.com/images/themes/theme1/bg.png","profile_background_image_url_https":"https://abs.twimg.com/images/themes/theme1/bg.png","profile_background_tile":false,"profile_image_url":"http://pbs.twimg.com/profile_images/848007068665520128/P7YWuh9I_normal.jpg","profile_image_url_https":"https://pbs.twimg.com/profile_images/848007068665520128/P7YWuh9I_normal.jpg","profile_link_color":"F5ABB5","profile_sidebar_border_color":"000000","profile_sidebar_fill_color":"000000","profile_text_color":"000000","profile_use_background_image":false,"has_extended_profile":false,"default_profile":false,"default_profile_image":false,"following":false,"follow_request_sent":false,"notifications":false,"translator_type":"none"},"geo":null,"coordinates":null,"place":null,"contributors":null,"is_quote_status":false,"retweet_count":87,"favorite_count":160,"favorited":false,"retweeted":false,"possibly_sensitive":false,"lang":"ja"},{"created_at":"Sun Jul 09 05:30:50 +0000 2017","id":883921366885343200,"id_str":"883921366885343233","text":"ラブライブ！サンシャイン！！４コマ１９７ https://t.co/VGC5NK83mx","truncated":false,"entities":{"hashtags":[],"symbols":[],"user_mentions":[],"urls":[],"media":[{"id":883921325160452100,"id_str":"883921325160452096","indices":[21,44],"media_url":"http://pbs.twimg.com/media/DERRwxOU0AAbWPv.jpg","media_url_https":"https://pbs.twimg.com/media/DERRwxOU0AAbWPv.jpg","url":"https://t.co/VGC5NK83mx","display_url":"pic.twitter.com/VGC5NK83mx","expanded_url":"https://twitter.com/saneyaro111/status/883921366885343233/photo/1","type":"photo","sizes":{"large":{"w":704,"h":2048,"resize":"fit"},"thumb":{"w":150,"h":150,"resize":"crop"},"small":{"w":234,"h":680,"resize":"fit"},"medium":{"w":412,"h":1200,"resize":"fit"}}}]},"extended_entities":{"media":[{"id":883921325160452100,"id_str":"883921325160452096","indices":[21,44],"media_url":"http://pbs.twimg.com/media/DERRwxOU0AAbWPv.jpg","media_url_https":"https://pbs.twimg.com/media/DERRwxOU0AAbWPv.jpg","url":"https://t.co/VGC5NK83mx","display_url":"pic.twitter.com/VGC5NK83mx","expanded_url":"https://twitter.com/saneyaro111/status/883921366885343233/photo/1","type":"photo","sizes":{"large":{"w":704,"h":2048,"resize":"fit"},"thumb":{"w":150,"h":150,"resize":"crop"},"small":{"w":234,"h":680,"resize":"fit"},"medium":{"w":412,"h":1200,"resize":"fit"}}}]},"metadata":{"iso_language_code":"ja","result_type":"recent"},"source":"<a href=\"http://twitter.com\" rel=\"nofollow\">Twitter Web Client</a>","in_reply_to_status_id":null,"in_reply_to_status_id_str":null,"in_reply_to_user_id":null,"in_reply_to_user_id_str":null,"in_reply_to_screen_name":null,"user":{"id":2644666338,"id_str":"2644666338","name":"さね野郎","screen_name":"saneyaro111","location":"僕ラブの会場","description":"ほのりん推しだよ！ ラブライブ！サンシャイン！！の四コマ書くよ！ 黒澤姉妹ダイルビおじさんだよ！","url":"https://t.co/Mxu4SGOXtF","entities":{"url":{"urls":[{"url":"https://t.co/Mxu4SGOXtF","expanded_url":"http://saneyaro11.exblog.jp/","display_url":"saneyaro11.exblog.jp","indices":[0,23]}]},"description":{"urls":[]}},"protected":false,"followers_count":42846,"friends_count":153,"listed_count":887,"created_at":"Mon Jul 14 09:05:20 +0000 2014","favourites_count":11430,"utc_offset":null,"time_zone":null,"geo_enabled":false,"verified":false,"statuses_count":11029,"lang":"ja","contributors_enabled":false,"is_translator":false,"is_translation_enabled":false,"profile_background_color":"000000","profile_background_image_url":"http://abs.twimg.com/images/themes/theme1/bg.png","profile_background_image_url_https":"https://abs.twimg.com/images/themes/theme1/bg.png","profile_background_tile":false,"profile_image_url":"http://pbs.twimg.com/profile_images/778205112774778880/Sh5xOedK_normal.jpg","profile_image_url_https":"https://pbs.twimg.com/profile_images/778205112774778880/Sh5xOedK_normal.jpg","profile_banner_url":"https://pbs.twimg.com/profile_banners/2644666338/1492081279","profile_link_color":"E81C4F","profile_sidebar_border_color":"000000","profile_sidebar_fill_color":"000000","profile_text_color":"000000","profile_use_background_image":false,"has_extended_profile":true,"default_profile":false,"default_profile_image":false,"following":false,"follow_request_sent":false,"notifications":false,"translator_type":"none"},"geo":null,"coordinates":null,"place":null,"contributors":null,"is_quote_status":false,"retweet_count":74,"favorite_count":150,"favorited":false,"retweeted":false,"possibly_sensitive":false,"lang":"ja"},{"created_at":"Sun Jul 09 05:30:31 +0000 2017","id":883921284219809800,"id_str":"883921284219809792","text":"ウィーラー選手の同点2ランをどうぞ！\n#RakutenEagles #ファンの声援が選手のチカラになる #Weloveウィーラー #ウィーラー大魔王 https://t.co/UEmlj3Dm3Z","truncated":false,"entities":{"hashtags":[{"text":"RakutenEagles","indices":[19,33]},{"text":"ファンの声援が選手のチカラになる","indices":[34,51]},{"text":"Weloveウィーラー","indices":[52,64]},{"text":"ウィーラー大魔王","indices":[65,74]}],"symbols":[],"user_mentions":[],"urls":[],"media":[{"id":883920866387439600,"id_str":"883920866387439617","indices":[75,98],"media_url":"http://pbs.twimg.com/media/DERRuAaV0AAWhJS.jpg","media_url_https":"https://pbs.twimg.com/media/DERRuAaV0AAWhJS.jpg","url":"https://t.co/UEmlj3Dm3Z","display_url":"pic.twitter.com/UEmlj3Dm3Z","expanded_url":"https://twitter.com/Rakuten__Eagles/status/883921284219809792/video/1","type":"photo","sizes":{"small":{"w":680,"h":383,"resize":"fit"},"medium":{"w":1200,"h":675,"resize":"fit"},"large":{"w":1280,"h":720,"resize":"fit"},"thumb":{"w":150,"h":150,"resize":"crop"}}}]},"extended_entities":{"media":[{"id":883920866387439600,"id_str":"883920866387439617","indices":[75,98],"media_url":"http://pbs.twimg.com/media/DERRuAaV0AAWhJS.jpg","media_url_https":"https://pbs.twimg.com/media/DERRuAaV0AAWhJS.jpg","url":"https://t.co/UEmlj3Dm3Z","display_url":"pic.twitter.com/UEmlj3Dm3Z","expanded_url":"https://twitter.com/Rakuten__Eagles/status/883921284219809792/video/1","type":"video","sizes":{"small":{"w":680,"h":383,"resize":"fit"},"medium":{"w":1200,"h":675,"resize":"fit"},"large":{"w":1280,"h":720,"resize":"fit"},"thumb":{"w":150,"h":150,"resize":"crop"}},"video_info":{"aspect_ratio":[16,9],"duration_millis":22173,"variants":[{"bitrate":832000,"content_type":"video/mp4","url":"https://video.twimg.com/amplify_video/883920866387439617/vid/640x360/yeukRYjG1M-QOcs3.mp4"},{"content_type":"application/x-mpegURL","url":"https://video.twimg.com/amplify_video/883920866387439617/pl/9s9k02lLHL6b2HTT.m3u8"},{"bitrate":320000,"content_type":"video/mp4","url":"https://video.twimg.com/amplify_video/883920866387439617/vid/320x180/0IDhXlH1p19_DfeG.mp4"},{"bitrate":2176000,"content_type":"video/mp4","url":"https://video.twimg.com/amplify_video/883920866387439617/vid/1280x720/v09kjb7FFt_RtYh8.mp4"}]},"additional_media_info":{"title":"[S]0709 E-L 3回裏 ウィーラー選手 2ランホームラン","description":"@Rakuten__Eagles","embeddable":true,"monetizable":false}}]},"metadata":{"iso_language_code":"ja","result_type":"recent"},"source":"<a href=\"http://snappytv.com\" rel=\"nofollow\">SnappyTV.com</a>","in_reply_to_status_id":null,"in_reply_to_status_id_str":null,"in_reply_to_user_id":null,"in_reply_to_user_id_str":null,"in_reply_to_screen_name":null,"user":{"id":122025185,"id_str":"122025185","name":"楽天イーグルス","screen_name":"Rakuten__Eagles","location":"東北","description":"楽天イーグルス公式Twitterです。 ※画像の二次利用及び無断転載は禁止とさせていただきます。","url":"https://t.co/iu5AiE9qAH","entities":{"url":{"urls":[{"url":"https://t.co/iu5AiE9qAH","expanded_url":"http://www.rakuteneagles.jp/","display_url":"rakuteneagles.jp","indices":[0,23]}]},"description":{"urls":[]}},"protected":false,"followers_count":529634,"friends_count":172,"listed_count":4080,"created_at":"Thu Mar 11 10:26:29 +0000 2010","favourites_count":337,"utc_offset":32400,"time_zone":"Tokyo","geo_enabled":true,"verified":true,"statuses_count":18772,"lang":"ja","contributors_enabled":false,"is_translator":false,"is_translation_enabled":false,"profile_background_color":"990000","profile_background_image_url":"http://pbs.twimg.com/profile_background_images/378800000176888726/Y27Nhc9J.jpeg","profile_background_image_url_https":"https://pbs.twimg.com/profile_background_images/378800000176888726/Y27Nhc9J.jpeg","profile_background_tile":false,"profile_image_url":"http://pbs.twimg.com/profile_images/881697352033067008/WSdtj-o4_normal.jpg","profile_image_url_https":"https://pbs.twimg.com/profile_images/881697352033067008/WSdtj-o4_normal.jpg","profile_banner_url":"https://pbs.twimg.com/profile_banners/122025185/1499047987","profile_link_color":"990000","profile_sidebar_border_color":"000000","profile_sidebar_fill_color":"F3F3F3","profile_text_color":"333333","profile_use_background_image":false,"has_extended_profile":false,"default_profile":false,"default_profile_image":false,"following":false,"follow_request_sent":false,"notifications":false,"translator_type":"none"},"geo":null,"coordinates":null,"place":null,"contributors":null,"is_quote_status":false,"retweet_count":141,"favorite_count":336,"favorited":false,"retweeted":false,"possibly_sensitive":false,"lang":"ja"}],"search_metadata":{"completed_in":0.067,"max_id":883923285997572100,"max_id_str":"883923285997572096","next_results":"?max_id=883921284219809791&q=lang%3Aja%20min_retweets%3A50&include_entities=1","query":"lang%3Aja+min_retweets%3A50","refresh_url":"?since_id=883923285997572096&q=lang%3Aja%20min_retweets%3A50&include_entities=1","count":15,"since_id":0,"since_id_str":"0"}}