{"statuses":[{"created_at":"Sun Jul 09 09:20:51 +0000 2017","id":883979250922946600,"id_str":"883979250922946560","text":"2幕や3幕を振り返りつつ、4幕、5幕準備も進んでいます。\n4幕はデュエット衣装は勿論、魔界のハロウィンパーティー衣装もあったりします。どちらも見応えがありますので、ご期待ください。\n＃ツキステ https://t.co/aRCfFnBiT4","truncated":false,"entities":{"hashtags":[{"text":"ツキステ","indices":[91,96]}],"symbols":[],"user_mentions":[],"urls":[],"media":[{"id":883979210087309300,"id_str":"883979210087309312","indices":[97,120],"media_url":"http://pbs.twimg.com/media/DESGaHYVoAAtZIE.jpg","media_url_https":"https://pbs.twimg.com/media/DESGaHYVoAAtZIE.jpg","url":"https://t.co/aRCfFnBiT4","display_url":"pic.twitter.com/aRCfFnBiT4","expanded_url":"https://twitter.com/tsukista/status/883979250922946560/photo/1","type":"photo","sizes":{"large":{"w":1263,"h":1331,"resize":"fit"},"thumb":{"w":150,"h":150,"resize":"crop"},"medium":{"w":1139,"h":1200,"resize":"fit"},"small":{"w":645,"h":680,"resize":"fit"}}}]},"extended_entities":{"media":[{"id":883979210087309300,"id_str":"883979210087309312","indices":[97,120],"media_url":"http://pbs.twimg.com/media/DESGaHYVoAAtZIE.jpg","media_url_https":"https://pbs.twimg.com/media/DESGaHYVoAAtZIE.jpg","url":"https://t.co/aRCfFnBiT4","display_url":"pic.twitter.com/aRCfFnBiT4","expanded_url":"https://twitter.com/tsukista/status/883979250922946560/photo/1","type":"photo","sizes":{"large":{"w":1263,"h":1331,"resize":"fit"},"thumb":{"w":150,"h":150,"resize":"crop"},"medium":{"w":1139,"h":1200,"resize":"fit"},"small":{"w":645,"h":680,"resize":"fit"}}},{"id":883979224360419300,"id_str":"883979224360419328","indices":[97,120],"media_url":"http://pbs.twimg.com/media/DESGa8jUAAAmXPS.jpg","media_url_https":"https://pbs.twimg.com/media/DESGa8jUAAAmXPS.jpg","url":"https://t.co/aRCfFnBiT4","display_url":"pic.twitter.com/aRCfFnBiT4","expanded_url":"https://twitter.com/tsukista/status/883979250922946560/photo/1","type":"photo","sizes":{"small":{"w":629,"h":680,"resize":"fit"},"large":{"w":1141,"h":1234,"resize":"fit"},"thumb":{"w":150,"h":150,"resize":"crop"},"medium":{"w":1110,"h":1200,"resize":"fit"}}},{"id":883979236779761700,"id_str":"883979236779761664","indices":[97,120],"media_url":"http://pbs.twimg.com/media/DESGbq0UIAAxc5U.jpg","media_url_https":"https://pbs.twimg.com/media/DESGbq0UIAAxc5U.jpg","url":"https://t.co/aRCfFnBiT4","display_url":"pic.twitter.com/aRCfFnBiT4","expanded_url":"https://twitter.com/tsukista/status/883979250922946560/photo/1","type":"photo","sizes":{"medium":{"w":1200,"h":1066,"resize":"fit"},"thumb":{"w":150,"h":150,"resize":"crop"},"small":{"w":680,"h":604,"resize":"fit"},"large":{"w":1290,"h":1146,"resize":"fit"}}},{"id":883979247026552800,"id_str":"883979247026552833","indices":[97,120],"media_url":"http://pbs.twimg.com/media/DESGcQ_VwAEWT-1.jpg","media_url_https":"https://pbs.twimg.com/media/DESGcQ_VwAEWT-1.jpg","url":"https://t.co/aRCfFnBiT4","display_url":"pic.twitter.com/aRCfFnBiT4","expanded_url":"https://twitter.com/tsukista/status/883979250922946560/photo/1","type":"photo","sizes":{"small":{"w":328,"h":436,"resize":"fit"},"large":{"w":328,"h":436,"resize":"fit"},"medium":{"w":328,"h":436,"resize":"fit"},"thumb":{"w":150,"h":150,"resize":"crop"}}}]},"metadata":{"iso_language_code":"ja","result_type":"recent"},"source":"<a href=\"http://twitter.com/download/android\" rel=\"nofollow\">Twitter for Android</a>","in_reply_to_status_id":null,"in_reply_to_status_id_str":null,"in_reply_to_user_id":null,"in_reply_to_user_id_str":null,"in_reply_to_screen_name":null,"user":{"id":4519137854,"id_str":"4519137854","name":"ツキステ。公式","screen_name":"tsukista","location":"","description":"舞台版『ツキウタ。』 2.5次元ダンスライブ「ツキウタ。」ステージ（通称：ツキステ。）の公式アカウントです。\n※基本的に個別の返信はいたしません※","url":"https://t.co/jLcKqaV1wx","entities":{"url":{"urls":[{"url":"https://t.co/jLcKqaV1wx","expanded_url":"http://www.tsukista.com/","display_url":"tsukista.com","indices":[0,23]}]},"description":{"urls":[]}},"protected":false,"followers_count":30121,"friends_count":31,"listed_count":917,"created_at":"Thu Dec 10 15:24:28 +0000 2015","favourites_count":170,"utc_offset":32400,"time_zone":"Tokyo","geo_enabled":false,"verified":false,"statuses_count":3382,"lang":"ja","contributors_enabled":false,"is_translator":false,"is_translation_enabled":false,"profile_background_color":"000000","profile_background_image_url":"http://abs.twimg.com/images/themes/theme1/bg.png","profile_background_image_url_https":"https://abs.twimg.com/images/themes/theme1/bg.png","profile_background_tile":false,"profile_image_url":"http://pbs.twimg.com/profile_images/693023577973596161/Nv_y81AZ_normal.png","profile_image_url_https":"https://pbs.twimg.com/profile_images/693023577973596161/Nv_y81AZ_normal.png","profile_banner_url":"https://pbs.twimg.com/profile_banners/4519137854/1492441019","profile_link_color":"FFCC4D","profile_sidebar_border_color":"000000","profile_sidebar_fill_color":"000000","profile_text_color":"000000","profile_use_background_image":false,"has_extended_profile":false,"default_profile":false,"default_profile_image":false,"following":false,"follow_request_sent":false,"notifications":false,"translator_type":"none"},"geo":null,"coordinates":null,"place":null,"contributors":null,"is_quote_status":false,"retweet_count":87,"favorite_count":119,"favorited":false,"retweeted":false,"possibly_sensitive":false,"lang":"ja"},{"created_at":"Sun Jul 09 09:18:31 +0000 2017","id":883978663321944000,"id_str":"883978663321944064","text":"動画投稿！朝4時に奇跡を起こしてしまった男達の話。謝っておこう、なんかすみません。\n\n【３人実況】全員で『世界最速脱出』に成功！朝4時に起きた奇跡！？【 Friday the 13th: The Game 】＃15 https://t.co/yJ4kngk25n","truncated":false,"entities":{"hashtags":[],"symbols":[],"user_mentions":[],"urls":[{"url":"https://t.co/yJ4kngk25n","expanded_url":"https://www.youtube.com/watch?v=_s6WCzGellE&feature=share","display_url":"youtube.com/watch?v=_s6WCz…","indices":[108,131]}]},"metadata":{"iso_language_code":"ja","result_type":"recent"},"source":"<a href=\"http://twitter.com/download/iphone\" rel=\"nofollow\">Twitter for iPhone</a>","in_reply_to_status_id":null,"in_reply_to_status_id_str":null,"in_reply_to_user_id":null,"in_reply_to_user_id_str":null,"in_reply_to_screen_name":null,"user":{"id":161219477,"id_str":"161219477","name":"レトルト","screen_name":"retokani","location":"東京","description":"いろんなゲームを実況中、リプはきまぐれです。ひぃひぃ。 youtubeでも活動中⇒https://t.co/G0Mu3M2Fbf 連絡先（なかなか返信できなくてすみません）⇒retoruto64@yahoo.co.jp","url":"https://t.co/vSuAmAIscr","entities":{"url":{"urls":[{"url":"https://t.co/vSuAmAIscr","expanded_url":"http://ch.nicovideo.jp/retort","display_url":"ch.nicovideo.jp/retort","indices":[0,23]}]},"description":{"urls":[{"url":"https://t.co/G0Mu3M2Fbf","expanded_url":"https://www.youtube.com/user/retokani","display_url":"youtube.com/user/retokani","indices":[41,64]}]}},"protected":false,"followers_count":394015,"friends_count":114,"listed_count":7336,"created_at":"Wed Jun 30 08:24:26 +0000 2010","favourites_count":42,"utc_offset":null,"time_zone":null,"geo_enabled":false,"verified":false,"statuses_count":11672,"lang":"ja","contributors_enabled":false,"is_translator":false,"is_translation_enabled":false,"profile_background_color":"0099B9","profile_background_image_url":"http://pbs.twimg.com/profile_background_images/319569467/4.jpg","profile_background_image_url_https":"https://pbs.twimg.com/profile_background_images/319569467/4.jpg","profile_background_tile":false,"profile_image_url":"http://pbs.twimg.com/profile_images/787873225099190274/o-4ddIPi_normal.png","profile_image_url_https":"https://pbs.twimg.com/profile_images/787873225099190274/o-4ddIPi_normal.png","profile_banner_url":"https://pbs.twimg.com/profile_banners/161219477/1435666550","profile_link_color":"FA743E","profile_sidebar_border_color":"5ED4DC","profile_sidebar_fill_color":"95E8EC","profile_text_color":"3C3940","profile_use_background_image":true,"has_extended_profile":true,"default_profile":false,"default_profile_image":false,"following":false,"follow_request_sent":false,"notifications":false,"translator_type":"none"},"geo":null,"coordinates":null,"place":null,"contributors":null,"is_quote_status":false,"retweet_count":130,"favorite_count":539,"favorited":false,"retweeted":false,"possibly_sensitive":false,"lang":"ja"},{"created_at":"Sun Jul 09 09:18:00 +0000 2017","id":883978535127404500,"id_str":"883978535127404544","text":"【信じられない…】3色のボールペンのみで描かれた肖像画がリアルすぎる\nhttps://t.co/cEc5cCXQgD\n\n使うのは赤・青・緑のみ。米アーティストの作品で、立体的な陰影がまるで写真のようです。 https://t.co/HTb6jVNGU7","truncated":false,"entities":{"hashtags":[],"symbols":[],"user_mentions":[],"urls":[{"url":"https://t.co/cEc5cCXQgD","expanded_url":"http://news.livedoor.com/article/detail/13312949/","display_url":"news.livedoor.com/article/detail…","indices":[35,58]}],"media":[{"id":883973718975799300,"id_str":"883973718975799296","indices":[103,126],"media_url":"http://pbs.twimg.com/media/DESBafZVYAAIwFC.jpg","media_url_https":"https://pbs.twimg.com/media/DESBafZVYAAIwFC.jpg","url":"https://t.co/HTb6jVNGU7","display_url":"pic.twitter.com/HTb6jVNGU7","expanded_url":"https://twitter.com/livedoornews/status/883978535127404544/photo/1","type":"photo","sizes":{"small":{"w":600,"h":400,"resize":"fit"},"medium":{"w":600,"h":400,"resize":"fit"},"thumb":{"w":150,"h":150,"resize":"crop"},"large":{"w":600,"h":400,"resize":"fit"}}}]},"extended_entities":{"media":[{"id":883973718975799300,"id_str":"883973718975799296","indices":[103,126],"media_url":"http://pbs.twimg.com/media/DESBafZVYAAIwFC.jpg","media_url_https":"https://pbs.twimg.com/media/DESBafZVYAAIwFC.jpg","url":"https://t.co/HTb6jVNGU7","display_url":"pic.twitter.com/HTb6jVNGU7","expanded_url":"https://twitter.com/livedoornews/status/883978535127404544/photo/1","type":"photo","sizes":{"small":{"w":600,"h":400,"resize":"fit"},"medium":{"w":600,"h":400,"resize":"fit"},"thumb":{"w":150,"h":150,"resize":"crop"},"large":{"w":600,"h":400,"resize":"fit"}}}]},"metadata":{"iso_language_code":"ja","result_type":"recent"},"source":"<a href=\"https://about.twitter.com/products/tweetdeck\" rel=\"nofollow\">TweetDeck</a>","in_reply_to_status_id":null,"in_reply_to_status_id_str":null,"in_reply_to_user_id":null,"in_reply_to_user_id_str":null,"in_reply_to_screen_name":null,"user":{"id":17306975,"id_str":"17306975","name":"ライブドアニュース","screen_name":"livedoornews","location":"","description":"LINE →https://t.co/yhJO0o7Jns／FB → https://t.co/LHTCuyIEjr／インスタ／→https://t.co/SpmVgPtfCG","url":"http://t.co/Q4Bh3OCfgY","entities":{"url":{"urls":[{"url":"http://t.co/Q4Bh3OCfgY","expanded_url":"http://news.livedoor.com/","display_url":"news.livedoor.com","indices":[0,22]}]},"description":{"urls":[{"url":"https://t.co/yhJO0o7Jns","expanded_url":"http://goo.gl/upBgKP","display_url":"goo.gl/upBgKP","indices":[6,29]},{"url":"https://t.co/LHTCuyIEjr","expanded_url":"http://goo.gl/nDULhn","display_url":"goo.gl/nDULhn","indices":[35,58]},{"url":"https://t.co/SpmVgPtfCG","expanded_url":"http://goo.gl/cHGD9G","display_url":"goo.gl/cHGD9G","indices":[65,88]}]}},"protected":false,"followers_count":426981,"friends_count":86,"listed_count":6130,"created_at":"Tue Nov 11 09:56:31 +0000 2008","favourites_count":2607,"utc_offset":32400,"time_zone":"Tokyo","geo_enabled":false,"verified":true,"statuses_count":176337,"lang":"ja","contributors_enabled":false,"is_translator":false,"is_translation_enabled":false,"profile_background_color":"FFFFFF","profile_background_image_url":"http://pbs.twimg.com/profile_background_images/378800000085828060/4b07c1d868c917fb65a3d64a20904cd5.jpeg","profile_background_image_url_https":"https://pbs.twimg.com/profile_background_images/378800000085828060/4b07c1d868c917fb65a3d64a20904cd5.jpeg","profile_background_tile":false,"profile_image_url":"http://pbs.twimg.com/profile_images/875662964988166149/whdJTD2I_normal.jpg","profile_image_url_https":"https://pbs.twimg.com/profile_images/875662964988166149/whdJTD2I_normal.jpg","profile_link_color":"51ADD4","profile_sidebar_border_color":"FFFFFF","profile_sidebar_fill_color":"95E8EC","profile_text_color":"3C3940","profile_use_background_image":true,"has_extended_profile":false,"default_profile":false,"default_profile_image":false,"following":false,"follow_request_sent":false,"notifications":false,"translator_type":"none"},"geo":null,"coordinates":null,"place":null,"contributors":null,"is_quote_status":false,"retweet_count":139,"favorite_count":162,"favorited":false,"retweeted":false,"possibly_sensitive":false,"lang":"ja"},{"created_at":"Sun Jul 09 09:18:00 +0000 2017","id":883978533327913000,"id_str":"883978533327912960","text":"【C92新作】 『 夕立 』 抱き枕 ・夏コミ新作『時雨』と対で併せただいま製作中です！ https://t.co/bFyzfFgSAD","truncated":false,"entities":{"hashtags":[],"symbols":[],"user_mentions":[],"urls":[],"media":[{"id":883978295880040400,"id_str":"883978295880040448","indices":[45,68],"media_url":"http://pbs.twimg.com/media/DESFk5sVwAADWDk.jpg","media_url_https":"https://pbs.twimg.com/media/DESFk5sVwAADWDk.jpg","url":"https://t.co/bFyzfFgSAD","display_url":"pic.twitter.com/bFyzfFgSAD","expanded_url":"https://twitter.com/shirorokitsune/status/883978533327912960/photo/1","type":"photo","sizes":{"large":{"w":550,"h":790,"resize":"fit"},"thumb":{"w":150,"h":150,"resize":"crop"},"small":{"w":473,"h":680,"resize":"fit"},"medium":{"w":550,"h":790,"resize":"fit"}}}]},"extended_entities":{"media":[{"id":883978295880040400,"id_str":"883978295880040448","indices":[45,68],"media_url":"http://pbs.twimg.com/media/DESFk5sVwAADWDk.jpg","media_url_https":"https://pbs.twimg.com/media/DESFk5sVwAADWDk.jpg","url":"https://t.co/bFyzfFgSAD","display_url":"pic.twitter.com/bFyzfFgSAD","expanded_url":"https://twitter.com/shirorokitsune/status/883978533327912960/photo/1","type":"photo","sizes":{"large":{"w":550,"h":790,"resize":"fit"},"thumb":{"w":150,"h":150,"resize":"crop"},"small":{"w":473,"h":680,"resize":"fit"},"medium":{"w":550,"h":790,"resize":"fit"}}}]},"metadata":{"iso_language_code":"ja","result_type":"recent"},"source":"<a href=\"http://twitter.com\" rel=\"nofollow\">Twitter Web Client</a>","in_reply_to_status_id":883978200065257500,"in_reply_to_status_id_str":"883978200065257473","in_reply_to_user_id":82225566,"in_reply_to_user_id_str":"82225566","in_reply_to_screen_name":"shirorokitsune","user":{"id":82225566,"id_str":"82225566","name":"しろきつね *1日目Ａ-46a","screen_name":"shirorokitsune","location":"白い狐の住む社","description":"絵描き。サークル『白い狐の住む社』。  pixiv : https://t.co/aXWcU3ptRn mail:shiroikitsunenosumuyashiro@hotmail.co.jp","url":"https://t.co/qza5cmKBaU","entities":{"url":{"urls":[{"url":"https://t.co/qza5cmKBaU","expanded_url":"http://shiroikitsunenosumuyashiro.net/","display_url":"shiroikitsunenosumuyashiro.net","indices":[0,23]}]},"description":{"urls":[{"url":"https://t.co/aXWcU3ptRn","expanded_url":"http://pixiv.me/shirokitsune","display_url":"pixiv.me/shirokitsune","indices":[28,51]}]}},"protected":false,"followers_count":29549,"friends_count":1167,"listed_count":931,"created_at":"Tue Oct 13 23:50:08 +0000 2009","favourites_count":19305,"utc_offset":32400,"time_zone":"Tokyo","geo_enabled":false,"verified":false,"statuses_count":25567,"lang":"ja","contributors_enabled":false,"is_translator":false,"is_translation_enabled":false,"profile_background_color":"FFFFFF","profile_background_image_url":"http://pbs.twimg.com/profile_background_images/378800000161072858/6NHlgLXy.jpeg","profile_background_image_url_https":"https://pbs.twimg.com/profile_background_images/378800000161072858/6NHlgLXy.jpeg","profile_background_tile":false,"profile_image_url":"http://pbs.twimg.com/profile_images/876282184297992192/BIbgej7G_normal.jpg","profile_image_url_https":"https://pbs.twimg.com/profile_images/876282184297992192/BIbgej7G_normal.jpg","profile_banner_url":"https://pbs.twimg.com/profile_banners/82225566/1478698223","profile_link_color":"70D6D6","profile_sidebar_border_color":"FFFFFF","profile_sidebar_fill_color":"DDEEF6","profile_text_color":"333333","profile_use_background_image":true,"has_extended_profile":true,"default_profile":false,"default_profile_image":false,"following":false,"follow_request_sent":false,"notifications":false,"translator_type":"none"},"geo":null,"coordinates":null,"place":null,"contributors":null,"is_quote_status":false,"retweet_count":46,"favorite_count":76,"favorited":false,"retweeted":false,"possibly_sensitive":false,"lang":"ja"},{"created_at":"Sun Jul 09 09:17:35 +0000 2017","id":883978427702755300,"id_str":"883978427702755328","text":"畠山 遼 ブログを更新しました。 『21試合目・22試合目・23試合目☆』\nhttps://t.co/ZztBgkdy0Y\n#畠山遼\n#アメブロ","truncated":false,"entities":{"hashtags":[{"text":"畠山遼","indices":[62,66]},{"text":"アメブロ","indices":[67,72]}],"symbols":[],"user_mentions":[],"urls":[{"url":"https://t.co/ZztBgkdy0Y","expanded_url":"http://ameblo.jp/hatakeyama-ryo/entry-12291105669.html?timestamp=1499591855","display_url":"ameblo.jp/hatakeyama-ryo…","indices":[38,61]}]},"metadata":{"iso_language_code":"ja","result_type":"recent"},"source":"<a href=\"http://www.apple.com\" rel=\"nofollow\">iOS</a>","in_reply_to_status_id":null,"in_reply_to_status_id_str":null,"in_reply_to_user_id":null,"in_reply_to_user_id_str":null,"in_reply_to_screen_name":null,"user":{"id":416444228,"id_str":"416444228","name":"畠山 遼","screen_name":"hatakeyama_ryo","location":"","description":"公式ファンクラブ https://t.co/8U1b1U4pTk","url":"https://t.co/zg27w6E8fi","entities":{"url":{"urls":[{"url":"https://t.co/zg27w6E8fi","expanded_url":"http://s.ameblo.jp/hatakeyama-ryo/","display_url":"s.ameblo.jp/hatakeyama-ryo/","indices":[0,23]}]},"description":{"urls":[{"url":"https://t.co/8U1b1U4pTk","expanded_url":"http://village-ganbaro.net/","display_url":"village-ganbaro.net","indices":[9,32]}]}},"protected":false,"followers_count":16820,"friends_count":339,"listed_count":1482,"created_at":"Sat Nov 19 18:02:06 +0000 2011","favourites_count":526,"utc_offset":null,"time_zone":null,"geo_enabled":true,"verified":false,"statuses_count":3400,"lang":"ja","contributors_enabled":false,"is_translator":false,"is_translation_enabled":false,"profile_background_color":"C0DEED","profile_background_image_url":"http://abs.twimg.com/images/themes/theme1/bg.png","profile_background_image_url_https":"https://abs.twimg.com/images/themes/theme1/bg.png","profile_background_tile":false,"profile_image_url":"http://pbs.twimg.com/profile_images/878158604871782400/MkaQCfvY_normal.jpg","profile_image_url_https":"https://pbs.twimg.com/profile_images/878158604871782400/MkaQCfvY_normal.jpg","profile_banner_url":"https://pbs.twimg.com/profile_banners/416444228/1498204303","profile_link_color":"1DA1F2","profile_sidebar_border_color":"C0DEED","profile_sidebar_fill_color":"DDEEF6","profile_text_color":"333333","profile_use_background_image":true,"has_extended_profile":false,"default_profile":true,"default_profile_image":false,"following":false,"follow_request_sent":false,"notifications":false,"translator_type":"none"},"geo":null,"coordinates":null,"place":null,"contributors":null,"is_quote_status":false,"retweet_count":73,"favorite_count":89,"favorited":false,"retweeted":false,"possibly_sensitive":false,"lang":"ja"},{"created_at":"Sun Jul 09 09:17:25 +0000 2017","id":883978386799972400,"id_str":"883978386799972353","text":"【携帯の充電器設置 Wi-Fi無料開放の場所】九州北部の豪雨で、携帯電話の大手３社は、福岡県や大分県などの施設で、携帯電話の充電器を設置したり、ネットを無料で使えるように、いわゆるWi-Fiを開放したりするサービスを行っています。https://t.co/3g99mvLAjD","truncated":false,"entities":{"hashtags":[],"symbols":[],"user_mentions":[],"urls":[{"url":"https://t.co/3g99mvLAjD","expanded_url":"https://www3.nhk.or.jp/news/html/20170709/k10011051071000.html?utm_int=news-new_contents_list-items_016","display_url":"www3.nhk.or.jp/news/html/2017…","indices":[115,138]}]},"metadata":{"iso_language_code":"ja","result_type":"recent"},"source":"<a href=\"http://twitter.com\" rel=\"nofollow\">Twitter Web Client</a>","in_reply_to_status_id":null,"in_reply_to_status_id_str":null,"in_reply_to_user_id":null,"in_reply_to_user_id_str":null,"in_reply_to_screen_name":null,"user":{"id":256401886,"id_str":"256401886","name":"ＮＨＫ生活・防災","screen_name":"nhk_seikatsu","location":"東京都渋谷区神南","description":"あなたの「生活を守る」情報を届けるＮＨＫの公式アカウントです。 地震や台風、大雨、大雪など災害に関する情報や防災減災につながる情報、それに子育てや悪質商法など暮らしに関する情報をお伝えします（利用規約: https://t.co/Q11WanxIUh フォローについて:https://t.co/8lVsvM27YP )","url":"http://t.co/343D44tdfS","entities":{"url":{"urls":[{"url":"http://t.co/343D44tdfS","expanded_url":"http://www.nhk.or.jp/seikatsu-blog/","display_url":"nhk.or.jp/seikatsu-blog/","indices":[0,22]}]},"description":{"urls":[{"url":"https://t.co/Q11WanxIUh","expanded_url":"http://nhk.jp/rules","display_url":"nhk.jp/rules","indices":[102,125]},{"url":"https://t.co/8lVsvM27YP","expanded_url":"http://nhk.jp/tw_f","display_url":"nhk.jp/tw_f","indices":[135,158]}]}},"protected":false,"followers_count":739753,"friends_count":114,"listed_count":27407,"created_at":"Wed Feb 23 07:30:32 +0000 2011","favourites_count":0,"utc_offset":32400,"time_zone":"Tokyo","geo_enabled":false,"verified":true,"statuses_count":40029,"lang":"ja","contributors_enabled":false,"is_translator":false,"is_translation_enabled":false,"profile_background_color":"000000","profile_background_image_url":"http://abs.twimg.com/images/themes/theme1/bg.png","profile_background_image_url_https":"https://abs.twimg.com/images/themes/theme1/bg.png","profile_background_tile":false,"profile_image_url":"http://pbs.twimg.com/profile_images/875555563890802688/DfZ3cJIo_normal.jpg","profile_image_url_https":"https://pbs.twimg.com/profile_images/875555563890802688/DfZ3cJIo_normal.jpg","profile_link_color":"FA743E","profile_sidebar_border_color":"000000","profile_sidebar_fill_color":"000000","profile_text_color":"000000","profile_use_background_image":false,"has_extended_profile":false,"default_profile":false,"default_profile_image":false,"following":false,"follow_request_sent":false,"notifications":false,"translator_type":"none"},"geo":null,"coordinates":null,"place":null,"contributors":null,"is_quote_status":false,"retweet_count":53,"favorite_count":19,"favorited":false,"retweeted":false,"possibly_sensitive":false,"lang":"ja"},{"created_at":"Sun Jul 09 09:17:10 +0000 2017","id":883978324887781400,"id_str":"883978324887781376","text":"シネマティックコンサート横浜公演、休憩です！ロビーには、ローズヒップのフィギュアと、戦車型ネックレスを展示中！気に入って頂けましたら、バンダイビジュアルクラブで予約受付中です！⇒https://t.co/lYdFW7YKuF… https://t.co/UJuj6YPm9v","truncated":true,"entities":{"hashtags":[],"symbols":[],"user_mentions":[],"urls":[{"url":"https://t.co/lYdFW7YKuF","expanded_url":"https://bvc.bandaivisual.co.jp/feature/119/","display_url":"bvc.bandaivisual.co.jp/feature/119/","indices":[89,112]},{"url":"https://t.co/UJuj6YPm9v","expanded_url":"https://twitter.com/i/web/status/883978324887781376","display_url":"twitter.com/i/web/status/8…","indices":[114,137]}]},"metadata":{"iso_language_code":"ja","result_type":"recent"},"source":"<a href=\"http://twitter.com/download/iphone\" rel=\"nofollow\">Twitter for iPhone</a>","in_reply_to_status_id":null,"in_reply_to_status_id_str":null,"in_reply_to_user_id":null,"in_reply_to_user_id_str":null,"in_reply_to_screen_name":null,"user":{"id":580916046,"id_str":"580916046","name":"「ガールズ＆パンツァー」公式アカウント","screen_name":"garupan","location":"茨城県東茨城郡大洗町","description":"「ガールズ＆パンツァー 劇場版」BD&DVD好評発売中！「ガールズ＆パンツァー 最終章」は全6話で劇場イベント上映！第1話は2017年12月9日公開予定！パンツァーフォー！","url":"https://t.co/A6G1VN84qe","entities":{"url":{"urls":[{"url":"https://t.co/A6G1VN84qe","expanded_url":"http://girls-und-panzer.jp/","display_url":"girls-und-panzer.jp","indices":[0,23]}]},"description":{"urls":[]}},"protected":false,"followers_count":159199,"friends_count":131,"listed_count":3706,"created_at":"Tue May 15 12:15:17 +0000 2012","favourites_count":153,"utc_offset":-25200,"time_zone":"Pacific Time (US & Canada)","geo_enabled":false,"verified":true,"statuses_count":23079,"lang":"ja","contributors_enabled":false,"is_translator":false,"is_translation_enabled":false,"profile_background_color":"C0DEED","profile_background_image_url":"http://abs.twimg.com/images/themes/theme1/bg.png","profile_background_image_url_https":"https://abs.twimg.com/images/themes/theme1/bg.png","profile_background_tile":false,"profile_image_url":"http://pbs.twimg.com/profile_images/824154368693993472/7H3J35LI_normal.jpg","profile_image_url_https":"https://pbs.twimg.com/profile_images/824154368693993472/7H3J35LI_normal.jpg","profile_banner_url":"https://pbs.twimg.com/profile_banners/580916046/1480593040","profile_link_color":"1DA1F2","profile_sidebar_border_color":"C0DEED","profile_sidebar_fill_color":"DDEEF6","profile_text_color":"333333","profile_use_background_image":true,"has_extended_profile":true,"default_profile":true,"default_profile_image":false,"following":false,"follow_request_sent":false,"notifications":false,"translator_type":"none"},"geo":null,"coordinates":null,"place":null,"contributors":null,"is_quote_status":false,"retweet_count":65,"favorite_count":78,"favorited":false,"retweeted":false,"possibly_sensitive":false,"lang":"ja"},{"created_at":"Sun Jul 09 09:15:48 +0000 2017","id":883977980225114100,"id_str":"883977980225114112","text":"TrySailさん、福原綾香さん、本番前のお忙しい中ありがとうございました☆すてきなライブになりますように！！\nそして山本彩乃さん、鈴木このみさん、どうぞよろしくお願いいたします♪\nキミまちにぎわってきたー！\n写真2枚目は来週のテ… https://t.co/n8i2iLwAPg","truncated":true,"entities":{"hashtags":[],"symbols":[],"user_mentions":[],"urls":[{"url":"https://t.co/n8i2iLwAPg","expanded_url":"https://twitter.com/i/web/status/883977980225114112","display_url":"twitter.com/i/web/status/8…","indices":[117,140]}]},"metadata":{"iso_language_code":"ja","result_type":"recent"},"source":"<a href=\"http://www.echofon.com/\" rel=\"nofollow\">Echofon</a>","in_reply_to_status_id":null,"in_reply_to_status_id_str":null,"in_reply_to_user_id":null,"in_reply_to_user_id_str":null,"in_reply_to_screen_name":null,"user":{"id":763402504797204500,"id_str":"763402504797204480","name":"阿澄佳奈","screen_name":"0812asumikana","location":"東京","description":"声優です。2016/8/12より舞台ペルソナ3のラスト公演に向けてツイッターを始めました。おかげさまで無事終わりましてツイッターは少しの間お休みしていましたが、2017/6/3よりあらためまして再開。よろしくどうぞ٩( ᐛ )و","url":"https://t.co/aIYn9dolJT","entities":{"url":{"urls":[{"url":"https://t.co/aIYn9dolJT","expanded_url":"http://yaplog.jp/asumibiyori/","display_url":"yaplog.jp/asumibiyori/","indices":[0,23]}]},"description":{"urls":[]}},"protected":false,"followers_count":103994,"friends_count":200,"listed_count":2150,"created_at":"Wed Aug 10 15:51:55 +0000 2016","favourites_count":0,"utc_offset":null,"time_zone":null,"geo_enabled":false,"verified":false,"statuses_count":2329,"lang":"en","contributors_enabled":false,"is_translator":false,"is_translation_enabled":false,"profile_background_color":"F5F8FA","profile_background_image_url":null,"profile_background_image_url_https":null,"profile_background_tile":false,"profile_image_url":"http://pbs.twimg.com/profile_images/871010619796869122/IVdERKJj_normal.jpg","profile_image_url_https":"https://pbs.twimg.com/profile_images/871010619796869122/IVdERKJj_normal.jpg","profile_banner_url":"https://pbs.twimg.com/profile_banners/763402504797204480/1496503163","profile_link_color":"1DA1F2","profile_sidebar_border_color":"C0DEED","profile_sidebar_fill_color":"DDEEF6","profile_text_color":"333333","profile_use_background_image":true,"has_extended_profile":true,"default_profile":true,"default_profile_image":false,"following":false,"follow_request_sent":false,"notifications":false,"translator_type":"none"},"geo":null,"coordinates":null,"place":null,"contributors":null,"is_quote_status":false,"retweet_count":55,"favorite_count":139,"favorited":false,"retweeted":false,"possibly_sensitive":false,"lang":"ja"},{"created_at":"Sun Jul 09 09:15:35 +0000 2017","id":883977923937550300,"id_str":"883977923937550336","text":"客席からの質問『GENERATIONSメンバーで兄こまやるとしたらどんな配役？』\n⇨ショコラ🐶＝メンディーさん\n千秋＝玲於さん\n国光＝隼さん\n高嶺＝片寄さん\nお兄＝亜嵐さん\nせとか＝龍友さん\n矢高先生＝裕太さん\n皆さんショコラから決めていくようです🤣💕","truncated":false,"entities":{"hashtags":[],"symbols":[],"user_mentions":[],"urls":[]},"metadata":{"iso_language_code":"ja","result_type":"recent"},"source":"<a href=\"http://twitter.com/download/iphone\" rel=\"nofollow\">Twitter for iPhone</a>","in_reply_to_status_id":883977769591349200,"in_reply_to_status_id_str":"883977769591349249","in_reply_to_user_id":763281638470004700,"in_reply_to_user_id_str":"763281638470004737","in_reply_to_screen_name":"anikoma_movie","user":{"id":763281638470004700,"id_str":"763281638470004737","name":"映画『兄に愛されすぎて困ってます』公式","screen_name":"anikoma_movie","location":"","description":"映画『兄に愛されすぎて困ってます』公式Twitterです。2017.6.30（金）全国ロードショー！ドラマは2017.4.12（水）深夜より、日本テレビ他で放送スタート！ ♡公式Instagram→https://t.co/PPVn3uhvC0 #兄こま","url":"https://t.co/f21AagyUBF","entities":{"url":{"urls":[{"url":"https://t.co/f21AagyUBF","expanded_url":"http://anikoma-movie.jp/","display_url":"anikoma-movie.jp","indices":[0,23]}]},"description":{"urls":[{"url":"https://t.co/PPVn3uhvC0","expanded_url":"https://www.instagram.com/anikoma_movie/","display_url":"instagram.com/anikoma_movie/","indices":[99,122]}]}},"protected":false,"followers_count":195708,"friends_count":20,"listed_count":297,"created_at":"Wed Aug 10 07:51:38 +0000 2016","favourites_count":4,"utc_offset":null,"time_zone":null,"geo_enabled":false,"verified":false,"statuses_count":1132,"lang":"ja","contributors_enabled":false,"is_translator":false,"is_translation_enabled":false,"profile_background_color":"F5F8FA","profile_background_image_url":null,"profile_background_image_url_https":null,"profile_background_tile":false,"profile_image_url":"http://pbs.twimg.com/profile_images/811768830242353153/kkD1baIc_normal.jpg","profile_image_url_https":"https://pbs.twimg.com/profile_images/811768830242353153/kkD1baIc_normal.jpg","profile_banner_url":"https://pbs.twimg.com/profile_banners/763281638470004737/1482375747","profile_link_color":"1DA1F2","profile_sidebar_border_color":"C0DEED","profile_sidebar_fill_color":"DDEEF6","profile_text_color":"333333","profile_use_background_image":true,"has_extended_profile":false,"default_profile":true,"default_profile_image":false,"following":false,"follow_request_sent":false,"notifications":false,"translator_type":"none"},"geo":null,"coordinates":null,"place":null,"contributors":null,"is_quote_status":false,"retweet_count":298,"favorite_count":1076,"favorited":false,"retweeted":false,"lang":"ja"},{"created_at":"Sun Jul 09 09:15:30 +0000 2017","id":883977902210990100,"id_str":"883977902210990080","text":"みりあ帰り風俗ワンチャンやんないよ","truncated":false,"entities":{"hashtags":[],"symbols":[],"user_mentions":[],"urls":[]},"metadata":{"iso_language_code":"ja","result_type":"recent"},"source":"<a href=\"https://nephy.jp/projects/miria\" rel=\"nofollow\">赤城みりあㅤㅤㅤㅤㅤㅤㅤㅤㅤㅤㅤㅤㅤㅤㅤㅤㅤㅤㅤㅤㅤㅤㅤㅤㅤㅤㅤ</a>","in_reply_to_status_id":null,"in_reply_to_status_id_str":null,"in_reply_to_user_id":null,"in_reply_to_user_id_str":null,"in_reply_to_screen_name":null,"user":{"id":727839922799841300,"id_str":"727839922799841281","name":"みりあやんないよbot","screen_name":"MiriaYannaiyo","location":"最終更新日: 2017/7/6","description":"みりあ15分に一度フォローしてる人のツイートを拾ってやんないよ（すべて自動投稿です） 莉嘉ちゃんやんなよ みりあも自動でフォロー返しやーるー！ みりあもリプライ返信やーるー！（NEW: 文章生成アルゴリズムを改良したのでネタ要素が増えました）","url":"https://t.co/WP1xo4JOOp","entities":{"url":{"urls":[{"url":"https://t.co/WP1xo4JOOp","expanded_url":"https://nephy.jp/projects/miria","display_url":"nephy.jp/projects/miria","indices":[0,23]}]},"description":{"urls":[]}},"protected":false,"followers_count":15481,"friends_count":15249,"listed_count":103,"created_at":"Wed May 04 12:38:55 +0000 2016","favourites_count":24973,"utc_offset":32400,"time_zone":"Tokyo","geo_enabled":false,"verified":false,"statuses_count":61649,"lang":"ja","contributors_enabled":false,"is_translator":false,"is_translation_enabled":false,"profile_background_color":"F5F8FA","profile_background_image_url":null,"profile_background_image_url_https":null,"profile_background_tile":false,"profile_image_url":"http://pbs.twimg.com/profile_images/727841615461539841/O6zdKT-Z_normal.jpg","profile_image_url_https":"https://pbs.twimg.com/profile_images/727841615461539841/O6zdKT-Z_normal.jpg","profile_banner_url":"https://pbs.twimg.com/profile_banners/727839922799841281/1474531452","profile_link_color":"1DA1F2","profile_sidebar_border_color":"C0DEED","profile_sidebar_fill_color":"DDEEF6","profile_text_color":"333333","profile_use_background_image":true,"has_extended_profile":true,"default_profile":true,"default_profile_image":false,"following":false,"follow_request_sent":false,"notifications":false,"translator_type":"none"},"geo":null,"coordinates":null,"place":null,"contributors":null,"is_quote_status":false,"retweet_count":56,"favorite_count":61,"favorited":false,"retweeted":false,"lang":"ja"},{"created_at":"Sun Jul 09 09:15:01 +0000 2017","id":883977783294033900,"id_str":"883977783294033920","text":"見せるのも見るのもどっちも好き♥♥\nLINEくれたら写メ送るよ♡\n\n#裏垢女子\n#見せ合い募集なう\nhttps://t.co/aW9LwD5TP0","truncated":false,"entities":{"hashtags":[{"text":"裏垢女子","indices":[34,39]},{"text":"見せ合い募集なう","indices":[40,49]}],"symbols":[],"user_mentions":[],"urls":[],"media":[{"id":863353610402373600,"id_str":"863353610402373632","indices":[50,73],"media_url":"http://pbs.twimg.com/media/C_s_iM-VoAAFSwq.jpg","media_url_https":"https://pbs.twimg.com/media/C_s_iM-VoAAFSwq.jpg","url":"https://t.co/aW9LwD5TP0","display_url":"pic.twitter.com/aW9LwD5TP0","expanded_url":"https://twitter.com/dubamub/status/863353665767129089/photo/1","type":"photo","sizes":{"medium":{"w":580,"h":772,"resize":"fit"},"large":{"w":580,"h":772,"resize":"fit"},"thumb":{"w":150,"h":150,"resize":"crop"},"small":{"w":511,"h":680,"resize":"fit"}},"source_status_id":863353665767129100,"source_status_id_str":"863353665767129089","source_user_id":715112866525806600,"source_user_id_str":"715112866525806592"}]},"extended_entities":{"media":[{"id":863353610402373600,"id_str":"863353610402373632","indices":[50,73],"media_url":"http://pbs.twimg.com/media/C_s_iM-VoAAFSwq.jpg","media_url_https":"https://pbs.twimg.com/media/C_s_iM-VoAAFSwq.jpg","url":"https://t.co/aW9LwD5TP0","display_url":"pic.twitter.com/aW9LwD5TP0","expanded_url":"https://twitter.com/dubamub/status/863353665767129089/photo/1","type":"photo","sizes":{"medium":{"w":580,"h":772,"resize":"fit"},"large":{"w":580,"h":772,"resize":"fit"},"thumb":{"w":150,"h":150,"resize":"crop"},"small":{"w":511,"h":680,"resize":"fit"}},"source_status_id":863353665767129100,"source_status_id_str":"863353665767129089","source_user_id":715112866525806600,"source_user_id_str":"715112866525806592"},{"id":863353622054056000,"id_str":"863353622054055937","indices":[50,73],"media_url":"http://pbs.twimg.com/media/C_s_i4YUMAEzG9c.jpg","media_url_https":"https://pbs.twimg.com/media/C_s_i4YUMAEzG9c.jpg","url":"https://t.co/aW9LwD5TP0","display_url":"pic.twitter.com/aW9LwD5TP0","expanded_url":"https://twitter.com/dubamub/status/863353665767129089/photo/1","type":"photo","sizes":{"small":{"w":360,"h":360,"resize":"fit"},"medium":{"w":360,"h":360,"resize":"fit"},"thumb":{"w":150,"h":150,"resize":"crop"},"large":{"w":360,"h":360,"resize":"fit"}},"source_status_id":863353665767129100,"source_status_id_str":"863353665767129089","source_user_id":715112866525806600,"source_user_id_str":"715112866525806592"},{"id":863353653049999400,"id_str":"863353653049999360","indices":[50,73],"media_url":"http://pbs.twimg.com/media/C_s_kr2UwAAZEQi.jpg","media_url_https":"https://pbs.twimg.com/media/C_s_kr2UwAAZEQi.jpg","url":"https://t.co/aW9LwD5TP0","display_url":"pic.twitter.com/aW9LwD5TP0","expanded_url":"https://twitter.com/dubamub/status/863353665767129089/photo/1","type":"photo","sizes":{"thumb":{"w":150,"h":150,"resize":"crop"},"large":{"w":580,"h":435,"resize":"fit"},"small":{"w":580,"h":435,"resize":"fit"},"medium":{"w":580,"h":435,"resize":"fit"}},"source_status_id":863353665767129100,"source_status_id_str":"863353665767129089","source_user_id":715112866525806600,"source_user_id_str":"715112866525806592"}]},"metadata":{"iso_language_code":"ja","result_type":"recent"},"source":"<a href=\"https://twitter.com\" rel=\"nofollow\">ccc fggyyy</a>","in_reply_to_status_id":null,"in_reply_to_status_id_str":null,"in_reply_to_user_id":null,"in_reply_to_user_id_str":null,"in_reply_to_screen_name":null,"user":{"id":838286099621371900,"id_str":"838286099621371905","name":"みゆ✿見せあい募集垢","screen_name":"mm_i_yu","location":"","description":"いわゆる裏垢女子♡おぱーい晒して喜んでます笑♡ぇち動画欲しい人&見せあいしたい人LINEしてね〜💕ふぉろー貰えると喜びます ♥ ♥ ※DM基本見てません×","url":null,"entities":{"description":{"urls":[]}},"protected":false,"followers_count":530,"friends_count":246,"listed_count":0,"created_at":"Sun Mar 05 07:12:35 +0000 2017","favourites_count":0,"utc_offset":-25200,"time_zone":"Pacific Time (US & Canada)","geo_enabled":false,"verified":false,"statuses_count":8,"lang":"ja","contributors_enabled":false,"is_translator":false,"is_translation_enabled":false,"profile_background_color":"F5F8FA","profile_background_image_url":null,"profile_background_image_url_https":null,"profile_background_tile":false,"profile_image_url":"http://pbs.twimg.com/profile_images/870110818829873152/N8Ez-XUN_normal.jpg","profile_image_url_https":"https://pbs.twimg.com/profile_images/870110818829873152/N8Ez-XUN_normal.jpg","profile_banner_url":"https://pbs.twimg.com/profile_banners/838286099621371905/1496285569","profile_link_color":"1DA1F2","profile_sidebar_border_color":"C0DEED","profile_sidebar_fill_color":"DDEEF6","profile_text_color":"333333","profile_use_background_image":true,"has_extended_profile":false,"default_profile":true,"default_profile_image":false,"following":false,"follow_request_sent":false,"notifications":false,"translator_type":"none"},"geo":null,"coordinates":null,"place":null,"contributors":null,"is_quote_status":false,"retweet_count":53,"favorite_count":0,"favorited":false,"retweeted":false,"possibly_sensitive":false,"lang":"ja"},{"created_at":"Sun Jul 09 09:14:58 +0000 2017","id":883977769591349200,"id_str":"883977769591349249","text":"客席からの質問『兄こまメンバーはプライベートでは何をしてる？』\n⇨だいたい芹川兄弟が一緒にいてそれに呼ばれることが多いそうです😳💕理由は「お兄の家で飲みたい」から🤣💕お兄の家で飲むときはだいたい杉野さんが「兄こま見たい！」と提案して兄のこま鑑賞会になるそうです😆✌🏻💕","truncated":false,"entities":{"hashtags":[],"symbols":[],"user_mentions":[],"urls":[]},"metadata":{"iso_language_code":"ja","result_type":"recent"},"source":"<a href=\"http://twitter.com/download/iphone\" rel=\"nofollow\">Twitter for iPhone</a>","in_reply_to_status_id":883977641388159000,"in_reply_to_status_id_str":"883977641388158976","in_reply_to_user_id":763281638470004700,"in_reply_to_user_id_str":"763281638470004737","in_reply_to_screen_name":"anikoma_movie","user":{"id":763281638470004700,"id_str":"763281638470004737","name":"映画『兄に愛されすぎて困ってます』公式","screen_name":"anikoma_movie","location":"","description":"映画『兄に愛されすぎて困ってます』公式Twitterです。2017.6.30（金）全国ロードショー！ドラマは2017.4.12（水）深夜より、日本テレビ他で放送スタート！ ♡公式Instagram→https://t.co/PPVn3uhvC0 #兄こま","url":"https://t.co/f21AagyUBF","entities":{"url":{"urls":[{"url":"https://t.co/f21AagyUBF","expanded_url":"http://anikoma-movie.jp/","display_url":"anikoma-movie.jp","indices":[0,23]}]},"description":{"urls":[{"url":"https://t.co/PPVn3uhvC0","expanded_url":"https://www.instagram.com/anikoma_movie/","display_url":"instagram.com/anikoma_movie/","indices":[99,122]}]}},"protected":false,"followers_count":195708,"friends_count":20,"listed_count":297,"created_at":"Wed Aug 10 07:51:38 +0000 2016","favourites_count":4,"utc_offset":null,"time_zone":null,"geo_enabled":false,"verified":false,"statuses_count":1132,"lang":"ja","contributors_enabled":false,"is_translator":false,"is_translation_enabled":false,"profile_background_color":"F5F8FA","profile_background_image_url":null,"profile_background_image_url_https":null,"profile_background_tile":false,"profile_image_url":"http://pbs.twimg.com/profile_images/811768830242353153/kkD1baIc_normal.jpg","profile_image_url_https":"https://pbs.twimg.com/profile_images/811768830242353153/kkD1baIc_normal.jpg","profile_banner_url":"https://pbs.twimg.com/profile_banners/763281638470004737/1482375747","profile_link_color":"1DA1F2","profile_sidebar_border_color":"C0DEED","profile_sidebar_fill_color":"DDEEF6","profile_text_color":"333333","profile_use_background_image":true,"has_extended_profile":false,"default_profile":true,"default_profile_image":false,"following":false,"follow_request_sent":false,"notifications":false,"translator_type":"none"},"geo":null,"coordinates":null,"place":null,"contributors":null,"is_quote_status":false,"retweet_count":88,"favorite_count":753,"favorited":false,"retweeted":false,"lang":"ja"},{"created_at":"Sun Jul 09 09:14:35 +0000 2017","id":883977671893426200,"id_str":"883977671893426176","text":"【ユネスコ世界遺産に「沖ノ島」日本推薦の構成資産すべて登録】ユネスコの世界遺産委員会で日本が推薦していた福岡県の「『神宿る島』宗像・沖ノ島と関連遺産群」は８つの構成資産すべてが世界文化遺産に登録されることが決まりました。https://t.co/szFdULyM1U","truncated":false,"entities":{"hashtags":[],"symbols":[],"user_mentions":[],"urls":[{"url":"https://t.co/szFdULyM1U","expanded_url":"https://www3.nhk.or.jp/news/html/20170709/k10011051201000.html?utm_int=all_contents_just-in_001","display_url":"www3.nhk.or.jp/news/html/2017…","indices":[110,133]}]},"metadata":{"iso_language_code":"ja","result_type":"recent"},"source":"<a href=\"http://twitter.com\" rel=\"nofollow\">Twitter Web Client</a>","in_reply_to_status_id":null,"in_reply_to_status_id_str":null,"in_reply_to_user_id":null,"in_reply_to_user_id_str":null,"in_reply_to_screen_name":null,"user":{"id":256401886,"id_str":"256401886","name":"ＮＨＫ生活・防災","screen_name":"nhk_seikatsu","location":"東京都渋谷区神南","description":"あなたの「生活を守る」情報を届けるＮＨＫの公式アカウントです。 地震や台風、大雨、大雪など災害に関する情報や防災減災につながる情報、それに子育てや悪質商法など暮らしに関する情報をお伝えします（利用規約: https://t.co/Q11WanxIUh フォローについて:https://t.co/8lVsvM27YP )","url":"http://t.co/343D44tdfS","entities":{"url":{"urls":[{"url":"http://t.co/343D44tdfS","expanded_url":"http://www.nhk.or.jp/seikatsu-blog/","display_url":"nhk.or.jp/seikatsu-blog/","indices":[0,22]}]},"description":{"urls":[{"url":"https://t.co/Q11WanxIUh","expanded_url":"http://nhk.jp/rules","display_url":"nhk.jp/rules","indices":[102,125]},{"url":"https://t.co/8lVsvM27YP","expanded_url":"http://nhk.jp/tw_f","display_url":"nhk.jp/tw_f","indices":[135,158]}]}},"protected":false,"followers_count":739753,"friends_count":114,"listed_count":27407,"created_at":"Wed Feb 23 07:30:32 +0000 2011","favourites_count":0,"utc_offset":32400,"time_zone":"Tokyo","geo_enabled":false,"verified":true,"statuses_count":40029,"lang":"ja","contributors_enabled":false,"is_translator":false,"is_translation_enabled":false,"profile_background_color":"000000","profile_background_image_url":"http://abs.twimg.com/images/themes/theme1/bg.png","profile_background_image_url_https":"https://abs.twimg.com/images/themes/theme1/bg.png","profile_background_tile":false,"profile_image_url":"http://pbs.twimg.com/profile_images/875555563890802688/DfZ3cJIo_normal.jpg","profile_image_url_https":"https://pbs.twimg.com/profile_images/875555563890802688/DfZ3cJIo_normal.jpg","profile_link_color":"FA743E","profile_sidebar_border_color":"000000","profile_sidebar_fill_color":"000000","profile_text_color":"000000","profile_use_background_image":false,"has_extended_profile":false,"default_profile":false,"default_profile_image":false,"following":false,"follow_request_sent":false,"notifications":false,"translator_type":"none"},"geo":null,"coordinates":null,"place":null,"contributors":null,"is_quote_status":false,"retweet_count":66,"favorite_count":35,"favorited":false,"retweeted":false,"possibly_sensitive":false,"lang":"ja"},{"created_at":"Sun Jul 09 09:14:27 +0000 2017","id":883977641388159000,"id_str":"883977641388158976","text":"客席からの質問『役を演じるにあたって心がけてたこと』\n⇨「かっこよく！」とすごく言われて、それを気をつけていた片寄さん…歩く姿だけは誉められたそうです😳💕お兄はいつもかっこいいですよね…‼️🤣💕","truncated":false,"entities":{"hashtags":[],"symbols":[],"user_mentions":[],"urls":[]},"metadata":{"iso_language_code":"ja","result_type":"recent"},"source":"<a href=\"http://twitter.com/download/iphone\" rel=\"nofollow\">Twitter for iPhone</a>","in_reply_to_status_id":883977568214368300,"in_reply_to_status_id_str":"883977568214368256","in_reply_to_user_id":763281638470004700,"in_reply_to_user_id_str":"763281638470004737","in_reply_to_screen_name":"anikoma_movie","user":{"id":763281638470004700,"id_str":"763281638470004737","name":"映画『兄に愛されすぎて困ってます』公式","screen_name":"anikoma_movie","location":"","description":"映画『兄に愛されすぎて困ってます』公式Twitterです。2017.6.30（金）全国ロードショー！ドラマは2017.4.12（水）深夜より、日本テレビ他で放送スタート！ ♡公式Instagram→https://t.co/PPVn3uhvC0 #兄こま","url":"https://t.co/f21AagyUBF","entities":{"url":{"urls":[{"url":"https://t.co/f21AagyUBF","expanded_url":"http://anikoma-movie.jp/","display_url":"anikoma-movie.jp","indices":[0,23]}]},"description":{"urls":[{"url":"https://t.co/PPVn3uhvC0","expanded_url":"https://www.instagram.com/anikoma_movie/","display_url":"instagram.com/anikoma_movie/","indices":[99,122]}]}},"protected":false,"followers_count":195708,"friends_count":20,"listed_count":297,"created_at":"Wed Aug 10 07:51:38 +0000 2016","favourites_count":4,"utc_offset":null,"time_zone":null,"geo_enabled":false,"verified":false,"statuses_count":1132,"lang":"ja","contributors_enabled":false,"is_translator":false,"is_translation_enabled":false,"profile_background_color":"F5F8FA","profile_background_image_url":null,"profile_background_image_url_https":null,"profile_background_tile":false,"profile_image_url":"http://pbs.twimg.com/profile_images/811768830242353153/kkD1baIc_normal.jpg","profile_image_url_https":"https://pbs.twimg.com/profile_images/811768830242353153/kkD1baIc_normal.jpg","profile_banner_url":"https://pbs.twimg.com/profile_banners/763281638470004737/1482375747","profile_link_color":"1DA1F2","profile_sidebar_border_color":"C0DEED","profile_sidebar_fill_color":"DDEEF6","profile_text_color":"333333","profile_use_background_image":true,"has_extended_profile":false,"default_profile":true,"default_profile_image":false,"following":false,"follow_request_sent":false,"notifications":false,"translator_type":"none"},"geo":null,"coordinates":null,"place":null,"contributors":null,"is_quote_status":false,"retweet_count":70,"favorite_count":534,"favorited":false,"retweeted":false,"lang":"ja"},{"created_at":"Sun Jul 09 09:14:10 +0000 2017","id":883977568214368300,"id_str":"883977568214368256","text":"リーダーの警察官＝千葉さん\n破天荒の新人警察官＝片寄さん\nできる女子警察官＝土屋さん\n交番のおまわりさん＝杉野さん\nキレもの警察官＝草川さん\nで警察チームをつくってどんどん事件を解決していくストーリーだそう💓","truncated":false,"entities":{"hashtags":[],"symbols":[],"user_mentions":[],"urls":[]},"metadata":{"iso_language_code":"ja","result_type":"recent"},"source":"<a href=\"http://twitter.com/download/iphone\" rel=\"nofollow\">Twitter for iPhone</a>","in_reply_to_status_id":883977543803478000,"in_reply_to_status_id_str":"883977543803478018","in_reply_to_user_id":763281638470004700,"in_reply_to_user_id_str":"763281638470004737","in_reply_to_screen_name":"anikoma_movie","user":{"id":763281638470004700,"id_str":"763281638470004737","name":"映画『兄に愛されすぎて困ってます』公式","screen_name":"anikoma_movie","location":"","description":"映画『兄に愛されすぎて困ってます』公式Twitterです。2017.6.30（金）全国ロードショー！ドラマは2017.4.12（水）深夜より、日本テレビ他で放送スタート！ ♡公式Instagram→https://t.co/PPVn3uhvC0 #兄こま","url":"https://t.co/f21AagyUBF","entities":{"url":{"urls":[{"url":"https://t.co/f21AagyUBF","expanded_url":"http://anikoma-movie.jp/","display_url":"anikoma-movie.jp","indices":[0,23]}]},"description":{"urls":[{"url":"https://t.co/PPVn3uhvC0","expanded_url":"https://www.instagram.com/anikoma_movie/","display_url":"instagram.com/anikoma_movie/","indices":[99,122]}]}},"protected":false,"followers_count":195708,"friends_count":20,"listed_count":297,"created_at":"Wed Aug 10 07:51:38 +0000 2016","favourites_count":4,"utc_offset":null,"time_zone":null,"geo_enabled":false,"verified":false,"statuses_count":1132,"lang":"ja","contributors_enabled":false,"is_translator":false,"is_translation_enabled":false,"profile_background_color":"F5F8FA","profile_background_image_url":null,"profile_background_image_url_https":null,"profile_background_tile":false,"profile_image_url":"http://pbs.twimg.com/profile_images/811768830242353153/kkD1baIc_normal.jpg","profile_image_url_https":"https://pbs.twimg.com/profile_images/811768830242353153/kkD1baIc_normal.jpg","profile_banner_url":"https://pbs.twimg.com/profile_banners/763281638470004737/1482375747","profile_link_color":"1DA1F2","profile_sidebar_border_color":"C0DEED","profile_sidebar_fill_color":"DDEEF6","profile_text_color":"333333","profile_use_background_image":true,"has_extended_profile":false,"default_profile":true,"default_profile_image":false,"following":false,"follow_request_sent":false,"notifications":false,"translator_type":"none"},"geo":null,"coordinates":null,"place":null,"contributors":null,"is_quote_status":false,"retweet_count":95,"favorite_count":589,"favorited":false,"retweeted":false,"lang":"ja"}],"search_metadata":{"completed_in":0.067,"max_id":883979250922946600,"max_id_str":"883979250922946560","next_results":"?max_id=883977568214368255&q=lang%3Aja%20min_retweets%3A50&include_entities=1","query":"lang%3Aja+min_retweets%3A50","refresh_url":"?since_id=883979250922946560&q=lang%3Aja%20min_retweets%3A50&include_entities=1","count":15,"since_id":0,"since_id_str":"0"}}