{"statuses":[{"created_at":"Fri Jul 07 19:32:06 +0000 2017","id":883408301634986000,"id_str":"883408301634985984","text":"芸人？蝋人形？浜崎あゆみ、バラエティー番組進出は大失敗 https://t.co/S6omtMWBGr\n7/8 朝のトレンド\n幸ちゃん\n時間の支配者\nバズリズム\nナイトスクープ\n将国のアルタイル\nSMAP\nベイジャン\nセルケト\nReLIFE\n健二郎さん\n九州豪雨災害時","truncated":false,"entities":{"hashtags":[],"symbols":[],"user_mentions":[],"urls":[{"url":"https://t.co/S6omtMWBGr","expanded_url":"http://monosoku.com/ayu-variety-sippai/","display_url":"monosoku.com/ayu-variety-si…","indices":[28,51]}]},"metadata":{"iso_language_code":"ja","result_type":"recent"},"source":"<a href=\"http://twitter.com/download/iphone\" rel=\"nofollow\">Twitter for iPhone</a>","in_reply_to_status_id":null,"in_reply_to_status_id_str":null,"in_reply_to_user_id":null,"in_reply_to_user_id_str":null,"in_reply_to_screen_name":null,"user":{"id":853696766834647000,"id_str":"853696766834647040","name":"Hamasaki","screen_name":"Hamasakidesuyo","location":"","description":"はまさきですよ( ¨̮ ) #犬 #スイーツ #台湾 #相互フォロー #肉","url":null,"entities":{"description":{"urls":[]}},"protected":false,"followers_count":515,"friends_count":559,"listed_count":1,"created_at":"Sun Apr 16 19:49:04 +0000 2017","favourites_count":858,"utc_offset":null,"time_zone":null,"geo_enabled":false,"verified":false,"statuses_count":2361,"lang":"ja","contributors_enabled":false,"is_translator":false,"is_translation_enabled":false,"profile_background_color":"F5F8FA","profile_background_image_url":null,"profile_background_image_url_https":null,"profile_background_tile":false,"profile_image_url":"http://pbs.twimg.com/profile_images/853697888253124608/3Nu1Ggwz_normal.jpg","profile_image_url_https":"https://pbs.twimg.com/profile_images/853697888253124608/3Nu1Ggwz_normal.jpg","profile_banner_url":"https://pbs.twimg.com/profile_banners/853696766834647040/1492372443","profile_link_color":"1DA1F2","profile_sidebar_border_color":"C0DEED","profile_sidebar_fill_color":"DDEEF6","profile_text_color":"333333","profile_use_background_image":true,"has_extended_profile":true,"default_profile":true,"default_profile_image":false,"following":false,"follow_request_sent":false,"notifications":false,"translator_type":"none"},"geo":null,"coordinates":null,"place":null,"contributors":null,"is_quote_status":false,"retweet_count":107,"favorite_count":107,"favorited":false,"retweeted":false,"possibly_sensitive":false,"lang":"ja"},{"created_at":"Fri Jul 07 19:32:03 +0000 2017","id":883408286258561000,"id_str":"883408286258561024","text":"リディアンモード  ♪KISS\nなかなかいいバンドだったと思う💫\n(*˙꒳˙*)‧⁺✧︎*\nhttps://t.co/xCWwQjiSwI","truncated":false,"entities":{"hashtags":[],"symbols":[],"user_mentions":[],"urls":[{"url":"https://t.co/xCWwQjiSwI","expanded_url":"https://www.youtube.com/watch?v=FmObm6w8Lbs","display_url":"youtube.com/watch?v=FmObm6…","indices":[46,69]}]},"metadata":{"iso_language_code":"ja","result_type":"recent"},"source":"<a href=\"http://twitter.com/download/iphone\" rel=\"nofollow\">Twitter for iPhone</a>","in_reply_to_status_id":null,"in_reply_to_status_id_str":null,"in_reply_to_user_id":null,"in_reply_to_user_id_str":null,"in_reply_to_screen_name":null,"user":{"id":238409978,"id_str":"238409978","name":"チョコレート・チップス@ちょこかわいい","screen_name":"jun_chocochip","location":"お菓子の国","description":"CHOCOLATE CHIPSというBANDの『じゅん』です。天才プロミュージシャン♪ ファン常時募集中！詳細はサイトまで☆ #相互フォロー ちょこかわいい♡ #ちょこかわいい 同盟(ワサラー団) アイコン(@0518_ne)","url":"http://t.co/cEkSq7jtu6","entities":{"url":{"urls":[{"url":"http://t.co/cEkSq7jtu6","expanded_url":"http://chocochip.jp","display_url":"chocochip.jp","indices":[0,22]}]},"description":{"urls":[]}},"protected":false,"followers_count":996254,"friends_count":38011,"listed_count":193,"created_at":"Sat Jan 15 03:18:54 +0000 2011","favourites_count":67733,"utc_offset":32400,"time_zone":"Tokyo","geo_enabled":false,"verified":false,"statuses_count":7373,"lang":"ja","contributors_enabled":false,"is_translator":false,"is_translation_enabled":false,"profile_background_color":"C29E69","profile_background_image_url":"http://pbs.twimg.com/profile_background_images/193000976/010805sweets094-trans.png","profile_background_image_url_https":"https://pbs.twimg.com/profile_background_images/193000976/010805sweets094-trans.png","profile_background_tile":true,"profile_image_url":"http://pbs.twimg.com/profile_images/876601277764870144/CF53BAv7_normal.jpg","profile_image_url_https":"https://pbs.twimg.com/profile_images/876601277764870144/CF53BAv7_normal.jpg","profile_banner_url":"https://pbs.twimg.com/profile_banners/238409978/1483197132","profile_link_color":"944F29","profile_sidebar_border_color":"FFFFFF","profile_sidebar_fill_color":"A1885C","profile_text_color":"6B3710","profile_use_background_image":true,"has_extended_profile":true,"default_profile":false,"default_profile_image":false,"following":false,"follow_request_sent":false,"notifications":false,"translator_type":"none"},"geo":null,"coordinates":null,"place":null,"contributors":null,"is_quote_status":false,"retweet_count":53,"favorite_count":57,"favorited":false,"retweeted":false,"possibly_sensitive":false,"lang":"ja"},{"created_at":"Fri Jul 07 19:31:57 +0000 2017","id":883408262493642800,"id_str":"883408262493642752","text":"芸人？蝋人形？浜崎あゆみ、バラエティー番組進出は大失敗 https://t.co/gDguGYX30u\n7/8 朝のトレンド\n幸ちゃん\n時間の支配者\nバズリズム\nナイトスクープ\n将国のアルタイル\nSMAP\nベイジャン\nセルケト\nReLIFE\n健二郎さん\n九州豪雨災害時","truncated":false,"entities":{"hashtags":[],"symbols":[],"user_mentions":[],"urls":[{"url":"https://t.co/gDguGYX30u","expanded_url":"http://monosoku.com/ayu-variety-sippai/","display_url":"monosoku.com/ayu-variety-si…","indices":[28,51]}]},"metadata":{"iso_language_code":"ja","result_type":"recent"},"source":"<a href=\"http://twitter.com/download/iphone\" rel=\"nofollow\">Twitter for iPhone</a>","in_reply_to_status_id":null,"in_reply_to_status_id_str":null,"in_reply_to_user_id":null,"in_reply_to_user_id_str":null,"in_reply_to_screen_name":null,"user":{"id":853861260894494700,"id_str":"853861260894494720","name":"黒の教科書","screen_name":"black_textbook","location":"","description":"エンｯ！","url":null,"entities":{"description":{"urls":[]}},"protected":false,"followers_count":176,"friends_count":178,"listed_count":1,"created_at":"Mon Apr 17 06:42:43 +0000 2017","favourites_count":853,"utc_offset":null,"time_zone":null,"geo_enabled":false,"verified":false,"statuses_count":3427,"lang":"ja","contributors_enabled":false,"is_translator":false,"is_translation_enabled":false,"profile_background_color":"F5F8FA","profile_background_image_url":null,"profile_background_image_url_https":null,"profile_background_tile":false,"profile_image_url":"http://pbs.twimg.com/profile_images/853862366844407808/KNHJMLSX_normal.jpg","profile_image_url_https":"https://pbs.twimg.com/profile_images/853862366844407808/KNHJMLSX_normal.jpg","profile_banner_url":"https://pbs.twimg.com/profile_banners/853861260894494720/1492411634","profile_link_color":"1DA1F2","profile_sidebar_border_color":"C0DEED","profile_sidebar_fill_color":"DDEEF6","profile_text_color":"333333","profile_use_background_image":true,"has_extended_profile":true,"default_profile":true,"default_profile_image":false,"following":false,"follow_request_sent":false,"notifications":false,"translator_type":"none"},"geo":null,"coordinates":null,"place":null,"contributors":null,"is_quote_status":false,"retweet_count":107,"favorite_count":107,"favorited":false,"retweeted":false,"possibly_sensitive":false,"lang":"ja"},{"created_at":"Fri Jul 07 19:31:12 +0000 2017","id":883408074202939400,"id_str":"883408074202939392","text":"ジャニーズファンに衝撃！セクシー女優の明日花キララが肉体関係を告白\nhttps://t.co/MKbvQFKk44\n7/8 朝のトレンド\n幸ちゃん\n時間の支配者\nバズリズム\nナイトスクープ\n将国のアルタイル\nSMAP\nベイジャン\nセルケト\nReLIFE\n健二郎さん\n九州豪雨災害時","truncated":false,"entities":{"hashtags":[],"symbols":[],"user_mentions":[],"urls":[{"url":"https://t.co/MKbvQFKk44","expanded_url":"http://monosoku.com/asukakirara-johnnys/","display_url":"monosoku.com/asukakirara-jo…","indices":[34,57]}]},"metadata":{"iso_language_code":"ja","result_type":"recent"},"source":"<a href=\"http://twitter.com/download/iphone\" rel=\"nofollow\">Twitter for iPhone</a>","in_reply_to_status_id":null,"in_reply_to_status_id_str":null,"in_reply_to_user_id":null,"in_reply_to_user_id_str":null,"in_reply_to_screen_name":null,"user":{"id":853861260894494700,"id_str":"853861260894494720","name":"黒の教科書","screen_name":"black_textbook","location":"","description":"エンｯ！","url":null,"entities":{"description":{"urls":[]}},"protected":false,"followers_count":176,"friends_count":178,"listed_count":1,"created_at":"Mon Apr 17 06:42:43 +0000 2017","favourites_count":853,"utc_offset":null,"time_zone":null,"geo_enabled":false,"verified":false,"statuses_count":3427,"lang":"ja","contributors_enabled":false,"is_translator":false,"is_translation_enabled":false,"profile_background_color":"F5F8FA","profile_background_image_url":null,"profile_background_image_url_https":null,"profile_background_tile":false,"profile_image_url":"http://pbs.twimg.com/profile_images/853862366844407808/KNHJMLSX_normal.jpg","profile_image_url_https":"https://pbs.twimg.com/profile_images/853862366844407808/KNHJMLSX_normal.jpg","profile_banner_url":"https://pbs.twimg.com/profile_banners/853861260894494720/1492411634","profile_link_color":"1DA1F2","profile_sidebar_border_color":"C0DEED","profile_sidebar_fill_color":"DDEEF6","profile_text_color":"333333","profile_use_background_image":true,"has_extended_profile":true,"default_profile":true,"default_profile_image":false,"following":false,"follow_request_sent":false,"notifications":false,"translator_type":"none"},"geo":null,"coordinates":null,"place":null,"contributors":null,"is_quote_status":false,"retweet_count":107,"favorite_count":107,"favorited":false,"retweeted":false,"possibly_sensitive":false,"lang":"ja"},{"created_at":"Fri Jul 07 19:30:37 +0000 2017","id":883407925493891100,"id_str":"883407925493891072","text":"ジャニーズファンに衝撃！セクシー女優の明日花キララが肉体関係を告白\nhttps://t.co/32LPdKwvEb\n7/8 朝のトレンド\n幸ちゃん\n時間の支配者\nバズリズム\nナイトスクープ\n将国のアルタイル\nSMAP\nベイジャン\nセルケト\nReLIFE\n健二郎さん\n九州豪雨災害時","truncated":false,"entities":{"hashtags":[],"symbols":[],"user_mentions":[],"urls":[{"url":"https://t.co/32LPdKwvEb","expanded_url":"http://monosoku.com/asukakirara-johnnys/","display_url":"monosoku.com/asukakirara-jo…","indices":[34,57]}]},"metadata":{"iso_language_code":"ja","result_type":"recent"},"source":"<a href=\"http://twitter.com/download/iphone\" rel=\"nofollow\">Twitter for iPhone</a>","in_reply_to_status_id":null,"in_reply_to_status_id_str":null,"in_reply_to_user_id":null,"in_reply_to_user_id_str":null,"in_reply_to_screen_name":null,"user":{"id":853696766834647000,"id_str":"853696766834647040","name":"Hamasaki","screen_name":"Hamasakidesuyo","location":"","description":"はまさきですよ( ¨̮ ) #犬 #スイーツ #台湾 #相互フォロー #肉","url":null,"entities":{"description":{"urls":[]}},"protected":false,"followers_count":515,"friends_count":559,"listed_count":1,"created_at":"Sun Apr 16 19:49:04 +0000 2017","favourites_count":858,"utc_offset":null,"time_zone":null,"geo_enabled":false,"verified":false,"statuses_count":2361,"lang":"ja","contributors_enabled":false,"is_translator":false,"is_translation_enabled":false,"profile_background_color":"F5F8FA","profile_background_image_url":null,"profile_background_image_url_https":null,"profile_background_tile":false,"profile_image_url":"http://pbs.twimg.com/profile_images/853697888253124608/3Nu1Ggwz_normal.jpg","profile_image_url_https":"https://pbs.twimg.com/profile_images/853697888253124608/3Nu1Ggwz_normal.jpg","profile_banner_url":"https://pbs.twimg.com/profile_banners/853696766834647040/1492372443","profile_link_color":"1DA1F2","profile_sidebar_border_color":"C0DEED","profile_sidebar_fill_color":"DDEEF6","profile_text_color":"333333","profile_use_background_image":true,"has_extended_profile":true,"default_profile":true,"default_profile_image":false,"following":false,"follow_request_sent":false,"notifications":false,"translator_type":"none"},"geo":null,"coordinates":null,"place":null,"contributors":null,"is_quote_status":false,"retweet_count":107,"favorite_count":107,"favorited":false,"retweeted":false,"possibly_sensitive":false,"lang":"ja"},{"created_at":"Fri Jul 07 19:30:05 +0000 2017","id":883407791339085800,"id_str":"883407791339085824","text":"オフパコできる人いる？ｗ\n興味あったらとりまLINE下さい(●・ω・●)\nhttps://t.co/qb9Jubrvpa","truncated":false,"entities":{"hashtags":[],"symbols":[],"user_mentions":[],"urls":[],"media":[{"id":881713173170081800,"id_str":"881713173170081792","indices":[37,60],"media_url":"http://pbs.twimg.com/media/DDx5daCV0AAKKsi.jpg","media_url_https":"https://pbs.twimg.com/media/DDx5daCV0AAKKsi.jpg","url":"https://t.co/qb9Jubrvpa","display_url":"pic.twitter.com/qb9Jubrvpa","expanded_url":"https://twitter.com/dubamub/status/881713205113782272/photo/1","type":"photo","sizes":{"thumb":{"w":150,"h":150,"resize":"crop"},"large":{"w":580,"h":435,"resize":"fit"},"small":{"w":580,"h":435,"resize":"fit"},"medium":{"w":580,"h":435,"resize":"fit"}},"source_status_id":881713205113782300,"source_status_id_str":"881713205113782272","source_user_id":715112866525806600,"source_user_id_str":"715112866525806592"}]},"extended_entities":{"media":[{"id":881713173170081800,"id_str":"881713173170081792","indices":[37,60],"media_url":"http://pbs.twimg.com/media/DDx5daCV0AAKKsi.jpg","media_url_https":"https://pbs.twimg.com/media/DDx5daCV0AAKKsi.jpg","url":"https://t.co/qb9Jubrvpa","display_url":"pic.twitter.com/qb9Jubrvpa","expanded_url":"https://twitter.com/dubamub/status/881713205113782272/photo/1","type":"photo","sizes":{"thumb":{"w":150,"h":150,"resize":"crop"},"large":{"w":580,"h":435,"resize":"fit"},"small":{"w":580,"h":435,"resize":"fit"},"medium":{"w":580,"h":435,"resize":"fit"}},"source_status_id":881713205113782300,"source_status_id_str":"881713205113782272","source_user_id":715112866525806600,"source_user_id_str":"715112866525806592"},{"id":881713185874628600,"id_str":"881713185874628609","indices":[37,60],"media_url":"http://pbs.twimg.com/media/DDx5eJXV0AEOV3X.jpg","media_url_https":"https://pbs.twimg.com/media/DDx5eJXV0AEOV3X.jpg","url":"https://t.co/qb9Jubrvpa","display_url":"pic.twitter.com/qb9Jubrvpa","expanded_url":"https://twitter.com/dubamub/status/881713205113782272/photo/1","type":"photo","sizes":{"large":{"w":580,"h":773,"resize":"fit"},"thumb":{"w":150,"h":150,"resize":"crop"},"medium":{"w":580,"h":773,"resize":"fit"},"small":{"w":510,"h":680,"resize":"fit"}},"source_status_id":881713205113782300,"source_status_id_str":"881713205113782272","source_user_id":715112866525806600,"source_user_id_str":"715112866525806592"},{"id":881713195911585800,"id_str":"881713195911585792","indices":[37,60],"media_url":"http://pbs.twimg.com/media/DDx5euwVoAAvY3c.jpg","media_url_https":"https://pbs.twimg.com/media/DDx5euwVoAAvY3c.jpg","url":"https://t.co/qb9Jubrvpa","display_url":"pic.twitter.com/qb9Jubrvpa","expanded_url":"https://twitter.com/dubamub/status/881713205113782272/photo/1","type":"photo","sizes":{"small":{"w":360,"h":360,"resize":"fit"},"medium":{"w":360,"h":360,"resize":"fit"},"thumb":{"w":150,"h":150,"resize":"crop"},"large":{"w":360,"h":360,"resize":"fit"}},"source_status_id":881713205113782300,"source_status_id_str":"881713205113782272","source_user_id":715112866525806600,"source_user_id_str":"715112866525806592"}]},"metadata":{"iso_language_code":"ja","result_type":"recent"},"source":"<a href=\"https://twitter.com\" rel=\"nofollow\">ccc fggyyy</a>","in_reply_to_status_id":null,"in_reply_to_status_id_str":null,"in_reply_to_user_id":null,"in_reply_to_user_id_str":null,"in_reply_to_screen_name":null,"user":{"id":844804721114165200,"id_str":"844804721114165248","name":"いろは☻おふぱこ募集 💕","screen_name":"iroha_tam","location":"","description":"オフパコ募集垢←興味ある人いますか(●・ω・●)？彼氏とかいりません！相性良ければセフでも💕セクロスはスポーツ(*`・ω・)ですｗ","url":null,"entities":{"description":{"urls":[]}},"protected":false,"followers_count":209,"friends_count":159,"listed_count":0,"created_at":"Thu Mar 23 06:55:16 +0000 2017","favourites_count":0,"utc_offset":-25200,"time_zone":"Pacific Time (US & Canada)","geo_enabled":false,"verified":false,"statuses_count":11,"lang":"ja","contributors_enabled":false,"is_translator":false,"is_translation_enabled":false,"profile_background_color":"F5F8FA","profile_background_image_url":null,"profile_background_image_url_https":null,"profile_background_tile":false,"profile_image_url":"http://pbs.twimg.com/profile_images/870113473966899200/Ti4v9ICg_normal.jpg","profile_image_url_https":"https://pbs.twimg.com/profile_images/870113473966899200/Ti4v9ICg_normal.jpg","profile_banner_url":"https://pbs.twimg.com/profile_banners/844804721114165248/1496286209","profile_link_color":"1DA1F2","profile_sidebar_border_color":"C0DEED","profile_sidebar_fill_color":"DDEEF6","profile_text_color":"333333","profile_use_background_image":true,"has_extended_profile":false,"default_profile":true,"default_profile_image":false,"following":false,"follow_request_sent":false,"notifications":false,"translator_type":"none"},"geo":null,"coordinates":null,"place":null,"contributors":null,"is_quote_status":false,"retweet_count":53,"favorite_count":0,"favorited":false,"retweeted":false,"possibly_sensitive":false,"lang":"ja"},{"created_at":"Fri Jul 07 19:30:04 +0000 2017","id":883407788017188900,"id_str":"883407788017188865","text":"オフパコできる人いる？ｗ\n興味あったらとりまLINE下さい(●・ω・●)\nhttps://t.co/B1duOPBP1b","truncated":false,"entities":{"hashtags":[],"symbols":[],"user_mentions":[],"urls":[],"media":[{"id":881713173170081800,"id_str":"881713173170081792","indices":[37,60],"media_url":"http://pbs.twimg.com/media/DDx5daCV0AAKKsi.jpg","media_url_https":"https://pbs.twimg.com/media/DDx5daCV0AAKKsi.jpg","url":"https://t.co/B1duOPBP1b","display_url":"pic.twitter.com/B1duOPBP1b","expanded_url":"https://twitter.com/dubamub/status/881713205113782272/photo/1","type":"photo","sizes":{"thumb":{"w":150,"h":150,"resize":"crop"},"large":{"w":580,"h":435,"resize":"fit"},"small":{"w":580,"h":435,"resize":"fit"},"medium":{"w":580,"h":435,"resize":"fit"}},"source_status_id":881713205113782300,"source_status_id_str":"881713205113782272","source_user_id":715112866525806600,"source_user_id_str":"715112866525806592"}]},"extended_entities":{"media":[{"id":881713173170081800,"id_str":"881713173170081792","indices":[37,60],"media_url":"http://pbs.twimg.com/media/DDx5daCV0AAKKsi.jpg","media_url_https":"https://pbs.twimg.com/media/DDx5daCV0AAKKsi.jpg","url":"https://t.co/B1duOPBP1b","display_url":"pic.twitter.com/B1duOPBP1b","expanded_url":"https://twitter.com/dubamub/status/881713205113782272/photo/1","type":"photo","sizes":{"thumb":{"w":150,"h":150,"resize":"crop"},"large":{"w":580,"h":435,"resize":"fit"},"small":{"w":580,"h":435,"resize":"fit"},"medium":{"w":580,"h":435,"resize":"fit"}},"source_status_id":881713205113782300,"source_status_id_str":"881713205113782272","source_user_id":715112866525806600,"source_user_id_str":"715112866525806592"},{"id":881713185874628600,"id_str":"881713185874628609","indices":[37,60],"media_url":"http://pbs.twimg.com/media/DDx5eJXV0AEOV3X.jpg","media_url_https":"https://pbs.twimg.com/media/DDx5eJXV0AEOV3X.jpg","url":"https://t.co/B1duOPBP1b","display_url":"pic.twitter.com/B1duOPBP1b","expanded_url":"https://twitter.com/dubamub/status/881713205113782272/photo/1","type":"photo","sizes":{"large":{"w":580,"h":773,"resize":"fit"},"thumb":{"w":150,"h":150,"resize":"crop"},"medium":{"w":580,"h":773,"resize":"fit"},"small":{"w":510,"h":680,"resize":"fit"}},"source_status_id":881713205113782300,"source_status_id_str":"881713205113782272","source_user_id":715112866525806600,"source_user_id_str":"715112866525806592"},{"id":881713195911585800,"id_str":"881713195911585792","indices":[37,60],"media_url":"http://pbs.twimg.com/media/DDx5euwVoAAvY3c.jpg","media_url_https":"https://pbs.twimg.com/media/DDx5euwVoAAvY3c.jpg","url":"https://t.co/B1duOPBP1b","display_url":"pic.twitter.com/B1duOPBP1b","expanded_url":"https://twitter.com/dubamub/status/881713205113782272/photo/1","type":"photo","sizes":{"small":{"w":360,"h":360,"resize":"fit"},"medium":{"w":360,"h":360,"resize":"fit"},"thumb":{"w":150,"h":150,"resize":"crop"},"large":{"w":360,"h":360,"resize":"fit"}},"source_status_id":881713205113782300,"source_status_id_str":"881713205113782272","source_user_id":715112866525806600,"source_user_id_str":"715112866525806592"}]},"metadata":{"iso_language_code":"ja","result_type":"recent"},"source":"<a href=\"https://twitter.com/\" rel=\"nofollow\">x7s2iu 3falx8</a>","in_reply_to_status_id":null,"in_reply_to_status_id_str":null,"in_reply_to_user_id":null,"in_reply_to_user_id_str":null,"in_reply_to_screen_name":null,"user":{"id":873887848671330300,"id_str":"873887848671330305","name":"いろは@おふぱこ募集←","screen_name":"iro_hamm","location":"","description":"オフパコ募集垢←興味ある人いますか(●・ω・●)？彼氏とかいりません！相性良ければセフでも💕セクロスはスポーツ(*`・ω・)ですｗ","url":null,"entities":{"description":{"urls":[]}},"protected":false,"followers_count":26,"friends_count":9,"listed_count":0,"created_at":"Sun Jun 11 13:01:13 +0000 2017","favourites_count":0,"utc_offset":-25200,"time_zone":"Pacific Time (US & Canada)","geo_enabled":false,"verified":false,"statuses_count":10,"lang":"ja","contributors_enabled":false,"is_translator":false,"is_translation_enabled":false,"profile_background_color":"F5F8FA","profile_background_image_url":null,"profile_background_image_url_https":null,"profile_background_tile":false,"profile_image_url":"http://pbs.twimg.com/profile_images/879979557184339968/L5oHRbw7_normal.jpg","profile_image_url_https":"https://pbs.twimg.com/profile_images/879979557184339968/L5oHRbw7_normal.jpg","profile_banner_url":"https://pbs.twimg.com/profile_banners/873887848671330305/1498638465","profile_link_color":"1DA1F2","profile_sidebar_border_color":"C0DEED","profile_sidebar_fill_color":"DDEEF6","profile_text_color":"333333","profile_use_background_image":true,"has_extended_profile":false,"default_profile":true,"default_profile_image":false,"following":false,"follow_request_sent":false,"notifications":false,"translator_type":"none"},"geo":null,"coordinates":null,"place":null,"contributors":null,"is_quote_status":false,"retweet_count":46,"favorite_count":0,"favorited":false,"retweeted":false,"possibly_sensitive":false,"lang":"ja"},{"created_at":"Fri Jul 07 19:30:03 +0000 2017","id":883407784359804900,"id_str":"883407784359804929","text":"今の収入で満足ですか？バイナリーオプションお教えします。無料です。\n気軽にLINEID→bainarisfまでご連絡ください。https://t.co/A7eeTfTBxf\n#バイナリー #バイナリーオプション   #お金稼ぎ… https://t.co/CifsUrZ3CU","truncated":true,"entities":{"hashtags":[{"text":"バイナリー","indices":[87,93]},{"text":"バイナリーオプション","indices":[94,105]},{"text":"お金稼ぎ","indices":[108,113]}],"symbols":[],"user_mentions":[],"urls":[{"url":"https://t.co/A7eeTfTBxf","expanded_url":"https://goo.gl/gpmcR4","display_url":"goo.gl/gpmcR4","indices":[63,86]},{"url":"https://t.co/CifsUrZ3CU","expanded_url":"https://twitter.com/i/web/status/883407784359804929","display_url":"twitter.com/i/web/status/8…","indices":[115,138]}]},"metadata":{"iso_language_code":"ja","result_type":"recent"},"source":"<a href=\"http://twitter.com/\" rel=\"nofollow\">zerotubusen12</a>","in_reply_to_status_id":null,"in_reply_to_status_id_str":null,"in_reply_to_user_id":null,"in_reply_to_user_id_str":null,"in_reply_to_screen_name":null,"user":{"id":129696001,"id_str":"129696001","name":"生田　竜二","screen_name":"dashiruibahan","location":"LINEID→bainarisf","description":"投資や副業が初めての方でも気軽に声をかけてください。私はプロですので安心して頂けると思います。無料で相談に乗らせて頂きます。 #バイナリー　#バイナリーオプション　#副業　#おこづかい　#お金持ち　　#投資","url":null,"entities":{"description":{"urls":[]}},"protected":false,"followers_count":6805,"friends_count":4655,"listed_count":2,"created_at":"Mon Apr 05 03:58:40 +0000 2010","favourites_count":0,"utc_offset":-25200,"time_zone":"Arizona","geo_enabled":false,"verified":false,"statuses_count":4,"lang":"ja","contributors_enabled":false,"is_translator":false,"is_translation_enabled":false,"profile_background_color":"8B542B","profile_background_image_url":"http://abs.twimg.com/images/themes/theme8/bg.gif","profile_background_image_url_https":"https://abs.twimg.com/images/themes/theme8/bg.gif","profile_background_tile":false,"profile_image_url":"http://pbs.twimg.com/profile_images/858971680823103488/P4w8ogB4_normal.jpg","profile_image_url_https":"https://pbs.twimg.com/profile_images/858971680823103488/P4w8ogB4_normal.jpg","profile_link_color":"9D582E","profile_sidebar_border_color":"D9B17E","profile_sidebar_fill_color":"EADEAA","profile_text_color":"333333","profile_use_background_image":true,"has_extended_profile":false,"default_profile":false,"default_profile_image":false,"following":false,"follow_request_sent":false,"notifications":false,"translator_type":"none"},"geo":null,"coordinates":null,"place":null,"contributors":null,"is_quote_status":false,"retweet_count":102,"favorite_count":0,"favorited":false,"retweeted":false,"possibly_sensitive":false,"lang":"ja"},{"created_at":"Fri Jul 07 19:30:02 +0000 2017","id":883407780773625900,"id_str":"883407780773625857","text":"オフパコ興味ある人いる？？\n基本夕方以降ひましてます(´・ω・｀)\n\nQRでLINE追加してメッセ下さいー\n\n基本DM見てません(；´Д｀)\nhttps://t.co/p4euqdeYN3","truncated":false,"entities":{"hashtags":[],"symbols":[],"user_mentions":[],"urls":[],"media":[{"id":857848766732189700,"id_str":"857848766732189696","indices":[71,94],"media_url":"http://pbs.twimg.com/media/C-ew6IQUQAA7AIA.jpg","media_url_https":"https://pbs.twimg.com/media/C-ew6IQUQAA7AIA.jpg","url":"https://t.co/p4euqdeYN3","display_url":"pic.twitter.com/p4euqdeYN3","expanded_url":"https://twitter.com/befovec/status/857848785308762112/photo/1","type":"photo","sizes":{"thumb":{"w":150,"h":150,"resize":"crop"},"medium":{"w":580,"h":774,"resize":"fit"},"large":{"w":580,"h":774,"resize":"fit"},"small":{"w":510,"h":680,"resize":"fit"}},"source_status_id":857848785308762100,"source_status_id_str":"857848785308762112","source_user_id":715111575732924400,"source_user_id_str":"715111575732924416"}]},"extended_entities":{"media":[{"id":857848766732189700,"id_str":"857848766732189696","indices":[71,94],"media_url":"http://pbs.twimg.com/media/C-ew6IQUQAA7AIA.jpg","media_url_https":"https://pbs.twimg.com/media/C-ew6IQUQAA7AIA.jpg","url":"https://t.co/p4euqdeYN3","display_url":"pic.twitter.com/p4euqdeYN3","expanded_url":"https://twitter.com/befovec/status/857848785308762112/photo/1","type":"photo","sizes":{"thumb":{"w":150,"h":150,"resize":"crop"},"medium":{"w":580,"h":774,"resize":"fit"},"large":{"w":580,"h":774,"resize":"fit"},"small":{"w":510,"h":680,"resize":"fit"}},"source_status_id":857848785308762100,"source_status_id_str":"857848785308762112","source_user_id":715111575732924400,"source_user_id_str":"715111575732924416"},{"id":857848775875874800,"id_str":"857848775875874816","indices":[71,94],"media_url":"http://pbs.twimg.com/media/C-ew6qUV0AAbq1x.jpg","media_url_https":"https://pbs.twimg.com/media/C-ew6qUV0AAbq1x.jpg","url":"https://t.co/p4euqdeYN3","display_url":"pic.twitter.com/p4euqdeYN3","expanded_url":"https://twitter.com/befovec/status/857848785308762112/photo/1","type":"photo","sizes":{"small":{"w":360,"h":360,"resize":"fit"},"thumb":{"w":150,"h":150,"resize":"crop"},"medium":{"w":360,"h":360,"resize":"fit"},"large":{"w":360,"h":360,"resize":"fit"}},"source_status_id":857848785308762100,"source_status_id_str":"857848785308762112","source_user_id":715111575732924400,"source_user_id_str":"715111575732924416"}]},"metadata":{"iso_language_code":"ja","result_type":"recent"},"source":"<a href=\"https://twitter.com/\" rel=\"nofollow\">hoxki niewrt</a>","in_reply_to_status_id":null,"in_reply_to_status_id_str":null,"in_reply_to_user_id":null,"in_reply_to_user_id_str":null,"in_reply_to_screen_name":null,"user":{"id":858362104499249200,"id_str":"858362104499249156","name":"ちえ→オフパコ垢","screen_name":"chie_chiiz","location":"","description":"JD20(´・ω・｀)軽いセクロス依存症←おふぱことか興味ありすぎてｗ年上で優しい人いたら誘って(´・ω・｀)","url":null,"entities":{"description":{"urls":[]}},"protected":false,"followers_count":163,"friends_count":7,"listed_count":0,"created_at":"Sat Apr 29 16:47:28 +0000 2017","favourites_count":0,"utc_offset":-25200,"time_zone":"Pacific Time (US & Canada)","geo_enabled":false,"verified":false,"statuses_count":11,"lang":"ja","contributors_enabled":false,"is_translator":false,"is_translation_enabled":false,"profile_background_color":"F5F8FA","profile_background_image_url":null,"profile_background_image_url_https":null,"profile_background_tile":false,"profile_image_url":"http://pbs.twimg.com/profile_images/859040349573988352/9QTuPb_T_normal.jpg","profile_image_url_https":"https://pbs.twimg.com/profile_images/859040349573988352/9QTuPb_T_normal.jpg","profile_link_color":"1DA1F2","profile_sidebar_border_color":"C0DEED","profile_sidebar_fill_color":"DDEEF6","profile_text_color":"333333","profile_use_background_image":true,"has_extended_profile":true,"default_profile":true,"default_profile_image":false,"following":false,"follow_request_sent":false,"notifications":false,"translator_type":"none"},"geo":null,"coordinates":null,"place":null,"contributors":null,"is_quote_status":false,"retweet_count":56,"favorite_count":0,"favorited":false,"retweeted":false,"possibly_sensitive":false,"lang":"ja"},{"created_at":"Fri Jul 07 19:30:02 +0000 2017","id":883407780593270800,"id_str":"883407780593270784","text":"オフパコ興味ある人いる？？\nリアルで絡める人だけLINE送ってね(●・ω・●)\nhttps://t.co/ZebPLDLzeS","truncated":false,"entities":{"hashtags":[],"symbols":[],"user_mentions":[],"urls":[],"media":[{"id":881713116613976000,"id_str":"881713116613976064","indices":[40,63],"media_url":"http://pbs.twimg.com/media/DDx5aHWUIAAofSr.jpg","media_url_https":"https://pbs.twimg.com/media/DDx5aHWUIAAofSr.jpg","url":"https://t.co/ZebPLDLzeS","display_url":"pic.twitter.com/ZebPLDLzeS","expanded_url":"https://twitter.com/dubamub/status/881713148885057536/photo/1","type":"photo","sizes":{"thumb":{"w":150,"h":150,"resize":"crop"},"large":{"w":580,"h":435,"resize":"fit"},"small":{"w":580,"h":435,"resize":"fit"},"medium":{"w":580,"h":435,"resize":"fit"}},"source_status_id":881713148885057500,"source_status_id_str":"881713148885057536","source_user_id":715112866525806600,"source_user_id_str":"715112866525806592"}]},"extended_entities":{"media":[{"id":881713116613976000,"id_str":"881713116613976064","indices":[40,63],"media_url":"http://pbs.twimg.com/media/DDx5aHWUIAAofSr.jpg","media_url_https":"https://pbs.twimg.com/media/DDx5aHWUIAAofSr.jpg","url":"https://t.co/ZebPLDLzeS","display_url":"pic.twitter.com/ZebPLDLzeS","expanded_url":"https://twitter.com/dubamub/status/881713148885057536/photo/1","type":"photo","sizes":{"thumb":{"w":150,"h":150,"resize":"crop"},"large":{"w":580,"h":435,"resize":"fit"},"small":{"w":580,"h":435,"resize":"fit"},"medium":{"w":580,"h":435,"resize":"fit"}},"source_status_id":881713148885057500,"source_status_id_str":"881713148885057536","source_user_id":715112866525806600,"source_user_id_str":"715112866525806592"},{"id":881713128207024100,"id_str":"881713128207024129","indices":[40,63],"media_url":"http://pbs.twimg.com/media/DDx5ayiUAAEDwkP.jpg","media_url_https":"https://pbs.twimg.com/media/DDx5ayiUAAEDwkP.jpg","url":"https://t.co/ZebPLDLzeS","display_url":"pic.twitter.com/ZebPLDLzeS","expanded_url":"https://twitter.com/dubamub/status/881713148885057536/photo/1","type":"photo","sizes":{"small":{"w":360,"h":360,"resize":"fit"},"medium":{"w":360,"h":360,"resize":"fit"},"thumb":{"w":150,"h":150,"resize":"crop"},"large":{"w":360,"h":360,"resize":"fit"}},"source_status_id":881713148885057500,"source_status_id_str":"881713148885057536","source_user_id":715112866525806600,"source_user_id_str":"715112866525806592"},{"id":881713141754626000,"id_str":"881713141754626049","indices":[40,63],"media_url":"http://pbs.twimg.com/media/DDx5blAUAAEP4qO.jpg","media_url_https":"https://pbs.twimg.com/media/DDx5blAUAAEP4qO.jpg","url":"https://t.co/ZebPLDLzeS","display_url":"pic.twitter.com/ZebPLDLzeS","expanded_url":"https://twitter.com/dubamub/status/881713148885057536/photo/1","type":"photo","sizes":{"thumb":{"w":150,"h":150,"resize":"crop"},"large":{"w":580,"h":435,"resize":"fit"},"small":{"w":580,"h":435,"resize":"fit"},"medium":{"w":580,"h":435,"resize":"fit"}},"source_status_id":881713148885057500,"source_status_id_str":"881713148885057536","source_user_id":715112866525806600,"source_user_id_str":"715112866525806592"}]},"metadata":{"iso_language_code":"ja","result_type":"recent"},"source":"<a href=\"https://twitter.com/\" rel=\"nofollow\">dfuef yyywpm</a>","in_reply_to_status_id":null,"in_reply_to_status_id_str":null,"in_reply_to_user_id":null,"in_reply_to_user_id_str":null,"in_reply_to_screen_name":null,"user":{"id":856418469385969700,"id_str":"856418469385969666","name":"いろは@おふぱこ募集","screen_name":"irohharo","location":"","description":"オフパコ募集垢←興味ある人いますか(●・ω・●)？彼氏とかいりません！相性良ければセフでも💕セクロスはスポーツ(*`・ω・)ですｗ","url":null,"entities":{"description":{"urls":[]}},"protected":false,"followers_count":175,"friends_count":8,"listed_count":0,"created_at":"Mon Apr 24 08:04:09 +0000 2017","favourites_count":0,"utc_offset":-25200,"time_zone":"Pacific Time (US & Canada)","geo_enabled":false,"verified":false,"statuses_count":10,"lang":"ja","contributors_enabled":false,"is_translator":false,"is_translation_enabled":false,"profile_background_color":"F5F8FA","profile_background_image_url":null,"profile_background_image_url_https":null,"profile_background_tile":false,"profile_image_url":"http://pbs.twimg.com/profile_images/879982257984872448/MI8KqjBo_normal.jpg","profile_image_url_https":"https://pbs.twimg.com/profile_images/879982257984872448/MI8KqjBo_normal.jpg","profile_banner_url":"https://pbs.twimg.com/profile_banners/856418469385969666/1498639109","profile_link_color":"1DA1F2","profile_sidebar_border_color":"C0DEED","profile_sidebar_fill_color":"DDEEF6","profile_text_color":"333333","profile_use_background_image":true,"has_extended_profile":false,"default_profile":true,"default_profile_image":false,"following":false,"follow_request_sent":false,"notifications":false,"translator_type":"none"},"geo":null,"coordinates":null,"place":null,"contributors":null,"is_quote_status":false,"retweet_count":49,"favorite_count":0,"favorited":false,"retweeted":false,"possibly_sensitive":false,"lang":"ja"},{"created_at":"Fri Jul 07 19:30:02 +0000 2017","id":883407779733553200,"id_str":"883407779733553152","text":"おふぱこ募集なうなう\n\nリアルで絡める人だけLINEして！\nLINEはQRで追加してねー\n\n基本DM見てません(；´Д｀)\nhttps://t.co/38aGjawyAB","truncated":false,"entities":{"hashtags":[],"symbols":[],"user_mentions":[],"urls":[],"media":[{"id":857848717784657900,"id_str":"857848717784657921","indices":[62,85],"media_url":"http://pbs.twimg.com/media/C-ew3R6UMAELBHC.jpg","media_url_https":"https://pbs.twimg.com/media/C-ew3R6UMAELBHC.jpg","url":"https://t.co/38aGjawyAB","display_url":"pic.twitter.com/38aGjawyAB","expanded_url":"https://twitter.com/befovec/status/857848740098461697/photo/1","type":"photo","sizes":{"small":{"w":360,"h":360,"resize":"fit"},"thumb":{"w":150,"h":150,"resize":"crop"},"medium":{"w":360,"h":360,"resize":"fit"},"large":{"w":360,"h":360,"resize":"fit"}},"source_status_id":857848740098461700,"source_status_id_str":"857848740098461697","source_user_id":715111575732924400,"source_user_id_str":"715111575732924416"}]},"extended_entities":{"media":[{"id":857848717784657900,"id_str":"857848717784657921","indices":[62,85],"media_url":"http://pbs.twimg.com/media/C-ew3R6UMAELBHC.jpg","media_url_https":"https://pbs.twimg.com/media/C-ew3R6UMAELBHC.jpg","url":"https://t.co/38aGjawyAB","display_url":"pic.twitter.com/38aGjawyAB","expanded_url":"https://twitter.com/befovec/status/857848740098461697/photo/1","type":"photo","sizes":{"small":{"w":360,"h":360,"resize":"fit"},"thumb":{"w":150,"h":150,"resize":"crop"},"medium":{"w":360,"h":360,"resize":"fit"},"large":{"w":360,"h":360,"resize":"fit"}},"source_status_id":857848740098461700,"source_status_id_str":"857848740098461697","source_user_id":715111575732924400,"source_user_id_str":"715111575732924416"},{"id":857848724470485000,"id_str":"857848724470484992","indices":[62,85],"media_url":"http://pbs.twimg.com/media/C-ew3q0V0AAK6d1.jpg","media_url_https":"https://pbs.twimg.com/media/C-ew3q0V0AAK6d1.jpg","url":"https://t.co/38aGjawyAB","display_url":"pic.twitter.com/38aGjawyAB","expanded_url":"https://twitter.com/befovec/status/857848740098461697/photo/1","type":"photo","sizes":{"thumb":{"w":150,"h":150,"resize":"crop"},"medium":{"w":580,"h":774,"resize":"fit"},"large":{"w":580,"h":774,"resize":"fit"},"small":{"w":510,"h":680,"resize":"fit"}},"source_status_id":857848740098461700,"source_status_id_str":"857848740098461697","source_user_id":715111575732924400,"source_user_id_str":"715111575732924416"}]},"metadata":{"iso_language_code":"ja","result_type":"recent"},"source":"<a href=\"https://twitter.com/\" rel=\"nofollow\">trfgk atgfpm</a>","in_reply_to_status_id":null,"in_reply_to_status_id_str":null,"in_reply_to_user_id":null,"in_reply_to_user_id_str":null,"in_reply_to_screen_name":null,"user":{"id":868742772735434800,"id_str":"868742772735434753","name":"チエ→おふぱこ垢","screen_name":"chieeetm","location":"","description":"♡ディズニー大好き♡JD20( ･Θ･)ゞ　基本的に発情してるんでｗｗオフパコしましょーｗｗｗ←優しくて清潔感ある年上の方で！","url":null,"entities":{"description":{"urls":[]}},"protected":false,"followers_count":88,"friends_count":9,"listed_count":0,"created_at":"Sun May 28 08:16:32 +0000 2017","favourites_count":0,"utc_offset":-25200,"time_zone":"Pacific Time (US & Canada)","geo_enabled":false,"verified":false,"statuses_count":9,"lang":"ja","contributors_enabled":false,"is_translator":false,"is_translation_enabled":false,"profile_background_color":"000000","profile_background_image_url":"http://abs.twimg.com/images/themes/theme1/bg.png","profile_background_image_url_https":"https://abs.twimg.com/images/themes/theme1/bg.png","profile_background_tile":false,"profile_image_url":"http://pbs.twimg.com/profile_images/871649669494915073/W8cB4ycl_normal.jpg","profile_image_url_https":"https://pbs.twimg.com/profile_images/871649669494915073/W8cB4ycl_normal.jpg","profile_link_color":"F58EA8","profile_sidebar_border_color":"000000","profile_sidebar_fill_color":"000000","profile_text_color":"000000","profile_use_background_image":false,"has_extended_profile":false,"default_profile":false,"default_profile_image":false,"following":false,"follow_request_sent":false,"notifications":false,"translator_type":"none"},"geo":null,"coordinates":null,"place":null,"contributors":null,"is_quote_status":false,"retweet_count":57,"favorite_count":0,"favorited":false,"retweeted":false,"possibly_sensitive":false,"lang":"ja"},{"created_at":"Fri Jul 07 19:30:02 +0000 2017","id":883407779351756800,"id_str":"883407779351756801","text":"おふぱこ募集なうなう\n\nリアルで絡める人だけLINEして！\nLINEはQRで追加してねー\n\n基本DM見てません(；´Д｀)\nhttps://t.co/wFRlyBjoWm","truncated":false,"entities":{"hashtags":[],"symbols":[],"user_mentions":[],"urls":[],"media":[{"id":857848717784657900,"id_str":"857848717784657921","indices":[62,85],"media_url":"http://pbs.twimg.com/media/C-ew3R6UMAELBHC.jpg","media_url_https":"https://pbs.twimg.com/media/C-ew3R6UMAELBHC.jpg","url":"https://t.co/wFRlyBjoWm","display_url":"pic.twitter.com/wFRlyBjoWm","expanded_url":"https://twitter.com/befovec/status/857848740098461697/photo/1","type":"photo","sizes":{"small":{"w":360,"h":360,"resize":"fit"},"thumb":{"w":150,"h":150,"resize":"crop"},"medium":{"w":360,"h":360,"resize":"fit"},"large":{"w":360,"h":360,"resize":"fit"}},"source_status_id":857848740098461700,"source_status_id_str":"857848740098461697","source_user_id":715111575732924400,"source_user_id_str":"715111575732924416"}]},"extended_entities":{"media":[{"id":857848717784657900,"id_str":"857848717784657921","indices":[62,85],"media_url":"http://pbs.twimg.com/media/C-ew3R6UMAELBHC.jpg","media_url_https":"https://pbs.twimg.com/media/C-ew3R6UMAELBHC.jpg","url":"https://t.co/wFRlyBjoWm","display_url":"pic.twitter.com/wFRlyBjoWm","expanded_url":"https://twitter.com/befovec/status/857848740098461697/photo/1","type":"photo","sizes":{"small":{"w":360,"h":360,"resize":"fit"},"thumb":{"w":150,"h":150,"resize":"crop"},"medium":{"w":360,"h":360,"resize":"fit"},"large":{"w":360,"h":360,"resize":"fit"}},"source_status_id":857848740098461700,"source_status_id_str":"857848740098461697","source_user_id":715111575732924400,"source_user_id_str":"715111575732924416"},{"id":857848724470485000,"id_str":"857848724470484992","indices":[62,85],"media_url":"http://pbs.twimg.com/media/C-ew3q0V0AAK6d1.jpg","media_url_https":"https://pbs.twimg.com/media/C-ew3q0V0AAK6d1.jpg","url":"https://t.co/wFRlyBjoWm","display_url":"pic.twitter.com/wFRlyBjoWm","expanded_url":"https://twitter.com/befovec/status/857848740098461697/photo/1","type":"photo","sizes":{"thumb":{"w":150,"h":150,"resize":"crop"},"medium":{"w":580,"h":774,"resize":"fit"},"large":{"w":580,"h":774,"resize":"fit"},"small":{"w":510,"h":680,"resize":"fit"}},"source_status_id":857848740098461700,"source_status_id_str":"857848740098461697","source_user_id":715111575732924400,"source_user_id_str":"715111575732924416"}]},"metadata":{"iso_language_code":"ja","result_type":"recent"},"source":"<a href=\"https://twitter.com/\" rel=\"nofollow\">adkon xwyuu</a>","in_reply_to_status_id":null,"in_reply_to_status_id_str":null,"in_reply_to_user_id":null,"in_reply_to_user_id_str":null,"in_reply_to_screen_name":null,"user":{"id":869431041341087700,"id_str":"869431041341087744","name":"ちえ→おふパコ垢","screen_name":"chi_chiiee","location":"","description":"JD20( ･Θ･)ゞ基本的に発情してるんでｗｗオフパコしましょーｗｗｗ年上で優しい人いたら誘って←","url":null,"entities":{"description":{"urls":[]}},"protected":false,"followers_count":87,"friends_count":9,"listed_count":0,"created_at":"Tue May 30 05:51:28 +0000 2017","favourites_count":0,"utc_offset":-25200,"time_zone":"Pacific Time (US & Canada)","geo_enabled":false,"verified":false,"statuses_count":9,"lang":"ja","contributors_enabled":false,"is_translator":false,"is_translation_enabled":false,"profile_background_color":"F5F8FA","profile_background_image_url":null,"profile_background_image_url_https":null,"profile_background_tile":false,"profile_image_url":"http://pbs.twimg.com/profile_images/869873882206842881/oiuK5igs_normal.jpg","profile_image_url_https":"https://pbs.twimg.com/profile_images/869873882206842881/oiuK5igs_normal.jpg","profile_link_color":"1DA1F2","profile_sidebar_border_color":"C0DEED","profile_sidebar_fill_color":"DDEEF6","profile_text_color":"333333","profile_use_background_image":true,"has_extended_profile":true,"default_profile":true,"default_profile_image":false,"following":false,"follow_request_sent":false,"notifications":false,"translator_type":"none"},"geo":null,"coordinates":null,"place":null,"contributors":null,"is_quote_status":false,"retweet_count":57,"favorite_count":0,"favorited":false,"retweeted":false,"possibly_sensitive":false,"lang":"ja"},{"created_at":"Fri Jul 07 19:30:01 +0000 2017","id":883407778563276800,"id_str":"883407778563276800","text":"オフパコ興味ある人いる？？\n基本夕方以降ひましてます(´・ω・｀)\n\nQRでLINE追加してメッセ下さいー\n\n基本DM見てません(；´Д｀)\nhttps://t.co/4IoHUnpV9O","truncated":false,"entities":{"hashtags":[],"symbols":[],"user_mentions":[],"urls":[],"media":[{"id":857848766732189700,"id_str":"857848766732189696","indices":[71,94],"media_url":"http://pbs.twimg.com/media/C-ew6IQUQAA7AIA.jpg","media_url_https":"https://pbs.twimg.com/media/C-ew6IQUQAA7AIA.jpg","url":"https://t.co/4IoHUnpV9O","display_url":"pic.twitter.com/4IoHUnpV9O","expanded_url":"https://twitter.com/befovec/status/857848785308762112/photo/1","type":"photo","sizes":{"thumb":{"w":150,"h":150,"resize":"crop"},"medium":{"w":580,"h":774,"resize":"fit"},"large":{"w":580,"h":774,"resize":"fit"},"small":{"w":510,"h":680,"resize":"fit"}},"source_status_id":857848785308762100,"source_status_id_str":"857848785308762112","source_user_id":715111575732924400,"source_user_id_str":"715111575732924416"}]},"extended_entities":{"media":[{"id":857848766732189700,"id_str":"857848766732189696","indices":[71,94],"media_url":"http://pbs.twimg.com/media/C-ew6IQUQAA7AIA.jpg","media_url_https":"https://pbs.twimg.com/media/C-ew6IQUQAA7AIA.jpg","url":"https://t.co/4IoHUnpV9O","display_url":"pic.twitter.com/4IoHUnpV9O","expanded_url":"https://twitter.com/befovec/status/857848785308762112/photo/1","type":"photo","sizes":{"thumb":{"w":150,"h":150,"resize":"crop"},"medium":{"w":580,"h":774,"resize":"fit"},"large":{"w":580,"h":774,"resize":"fit"},"small":{"w":510,"h":680,"resize":"fit"}},"source_status_id":857848785308762100,"source_status_id_str":"857848785308762112","source_user_id":715111575732924400,"source_user_id_str":"715111575732924416"},{"id":857848775875874800,"id_str":"857848775875874816","indices":[71,94],"media_url":"http://pbs.twimg.com/media/C-ew6qUV0AAbq1x.jpg","media_url_https":"https://pbs.twimg.com/media/C-ew6qUV0AAbq1x.jpg","url":"https://t.co/4IoHUnpV9O","display_url":"pic.twitter.com/4IoHUnpV9O","expanded_url":"https://twitter.com/befovec/status/857848785308762112/photo/1","type":"photo","sizes":{"small":{"w":360,"h":360,"resize":"fit"},"thumb":{"w":150,"h":150,"resize":"crop"},"medium":{"w":360,"h":360,"resize":"fit"},"large":{"w":360,"h":360,"resize":"fit"}},"source_status_id":857848785308762100,"source_status_id_str":"857848785308762112","source_user_id":715111575732924400,"source_user_id_str":"715111575732924416"}]},"metadata":{"iso_language_code":"ja","result_type":"recent"},"source":"<a href=\"https://twitter.com/\" rel=\"nofollow\">uxasi wavyu</a>","in_reply_to_status_id":null,"in_reply_to_status_id_str":null,"in_reply_to_user_id":null,"in_reply_to_user_id_str":null,"in_reply_to_screen_name":null,"user":{"id":858686818979467300,"id_str":"858686818979467264","name":"ちえ♥オフパコ垢","screen_name":"chie_chiepi","location":"","description":"JD20( ･Θ･)ゞ基本的に発情してるんでｗｗオフパコしましょーｗｗｗ←優しくて清潔感ある年上の方で！","url":null,"entities":{"description":{"urls":[]}},"protected":false,"followers_count":137,"friends_count":7,"listed_count":0,"created_at":"Sun Apr 30 14:17:46 +0000 2017","favourites_count":0,"utc_offset":-25200,"time_zone":"Pacific Time (US & Canada)","geo_enabled":false,"verified":false,"statuses_count":10,"lang":"ja","contributors_enabled":false,"is_translator":false,"is_translation_enabled":false,"profile_background_color":"F5F8FA","profile_background_image_url":null,"profile_background_image_url_https":null,"profile_background_tile":false,"profile_image_url":"http://pbs.twimg.com/profile_images/859344126759899136/DEbNe-FF_normal.jpg","profile_image_url_https":"https://pbs.twimg.com/profile_images/859344126759899136/DEbNe-FF_normal.jpg","profile_link_color":"1DA1F2","profile_sidebar_border_color":"C0DEED","profile_sidebar_fill_color":"DDEEF6","profile_text_color":"333333","profile_use_background_image":true,"has_extended_profile":true,"default_profile":true,"default_profile_image":false,"following":false,"follow_request_sent":false,"notifications":false,"translator_type":"none"},"geo":null,"coordinates":null,"place":null,"contributors":null,"is_quote_status":false,"retweet_count":56,"favorite_count":0,"favorited":false,"retweeted":false,"possibly_sensitive":false,"lang":"ja"},{"created_at":"Fri Jul 07 19:30:01 +0000 2017","id":883407778500366300,"id_str":"883407778500366336","text":"オフパコ興味ある人いる？？\n基本夕方以降ひましてます(´・ω・｀)\n\nQRでLINE追加してメッセ下さいー\n\n基本DM見てません(；´Д｀)\nhttps://t.co/eD7aLgwIga","truncated":false,"entities":{"hashtags":[],"symbols":[],"user_mentions":[],"urls":[],"media":[{"id":857848766732189700,"id_str":"857848766732189696","indices":[71,94],"media_url":"http://pbs.twimg.com/media/C-ew6IQUQAA7AIA.jpg","media_url_https":"https://pbs.twimg.com/media/C-ew6IQUQAA7AIA.jpg","url":"https://t.co/eD7aLgwIga","display_url":"pic.twitter.com/eD7aLgwIga","expanded_url":"https://twitter.com/befovec/status/857848785308762112/photo/1","type":"photo","sizes":{"thumb":{"w":150,"h":150,"resize":"crop"},"medium":{"w":580,"h":774,"resize":"fit"},"large":{"w":580,"h":774,"resize":"fit"},"small":{"w":510,"h":680,"resize":"fit"}},"source_status_id":857848785308762100,"source_status_id_str":"857848785308762112","source_user_id":715111575732924400,"source_user_id_str":"715111575732924416"}]},"extended_entities":{"media":[{"id":857848766732189700,"id_str":"857848766732189696","indices":[71,94],"media_url":"http://pbs.twimg.com/media/C-ew6IQUQAA7AIA.jpg","media_url_https":"https://pbs.twimg.com/media/C-ew6IQUQAA7AIA.jpg","url":"https://t.co/eD7aLgwIga","display_url":"pic.twitter.com/eD7aLgwIga","expanded_url":"https://twitter.com/befovec/status/857848785308762112/photo/1","type":"photo","sizes":{"thumb":{"w":150,"h":150,"resize":"crop"},"medium":{"w":580,"h":774,"resize":"fit"},"large":{"w":580,"h":774,"resize":"fit"},"small":{"w":510,"h":680,"resize":"fit"}},"source_status_id":857848785308762100,"source_status_id_str":"857848785308762112","source_user_id":715111575732924400,"source_user_id_str":"715111575732924416"},{"id":857848775875874800,"id_str":"857848775875874816","indices":[71,94],"media_url":"http://pbs.twimg.com/media/C-ew6qUV0AAbq1x.jpg","media_url_https":"https://pbs.twimg.com/media/C-ew6qUV0AAbq1x.jpg","url":"https://t.co/eD7aLgwIga","display_url":"pic.twitter.com/eD7aLgwIga","expanded_url":"https://twitter.com/befovec/status/857848785308762112/photo/1","type":"photo","sizes":{"small":{"w":360,"h":360,"resize":"fit"},"thumb":{"w":150,"h":150,"resize":"crop"},"medium":{"w":360,"h":360,"resize":"fit"},"large":{"w":360,"h":360,"resize":"fit"}},"source_status_id":857848785308762100,"source_status_id_str":"857848785308762112","source_user_id":715111575732924400,"source_user_id_str":"715111575732924416"}]},"metadata":{"iso_language_code":"ja","result_type":"recent"},"source":"<a href=\"https://twitter.com/\" rel=\"nofollow\">nocruy suelos</a>","in_reply_to_status_id":null,"in_reply_to_status_id_str":null,"in_reply_to_user_id":null,"in_reply_to_user_id_str":null,"in_reply_to_screen_name":null,"user":{"id":869486622282104800,"id_str":"869486622282104832","name":"ちえ♥オフパコ垢","screen_name":"chiechiess","location":"","description":"JD20( ･Θ･)ゞ基本的に発情してるんでｗｗオフパコしましょーｗｗｗ←優しくて清潔感ある年上の方で！","url":null,"entities":{"description":{"urls":[]}},"protected":false,"followers_count":43,"friends_count":9,"listed_count":0,"created_at":"Tue May 30 09:32:19 +0000 2017","favourites_count":0,"utc_offset":-25200,"time_zone":"Pacific Time (US & Canada)","geo_enabled":false,"verified":false,"statuses_count":4,"lang":"ja","contributors_enabled":false,"is_translator":false,"is_translation_enabled":false,"profile_background_color":"F5F8FA","profile_background_image_url":null,"profile_background_image_url_https":null,"profile_background_tile":false,"profile_image_url":"http://pbs.twimg.com/profile_images/869890420808884224/2T1owNLa_normal.jpg","profile_image_url_https":"https://pbs.twimg.com/profile_images/869890420808884224/2T1owNLa_normal.jpg","profile_link_color":"1DA1F2","profile_sidebar_border_color":"C0DEED","profile_sidebar_fill_color":"DDEEF6","profile_text_color":"333333","profile_use_background_image":true,"has_extended_profile":true,"default_profile":true,"default_profile_image":false,"following":false,"follow_request_sent":false,"notifications":false,"translator_type":"none"},"geo":null,"coordinates":null,"place":null,"contributors":null,"is_quote_status":false,"retweet_count":55,"favorite_count":0,"favorited":false,"retweeted":false,"possibly_sensitive":false,"lang":"ja"},{"created_at":"Fri Jul 07 19:30:01 +0000 2017","id":883407778085195800,"id_str":"883407778085195776","text":"おふパコできる人いる？ｗ\n興味あったらLINE下さい(´・ω・｀)\n\nLINEQRで追加してー\n基本DM見てません(；´Д｀)\nhttps://t.co/6X14R6c4Kr","truncated":false,"entities":{"hashtags":[],"symbols":[],"user_mentions":[],"urls":[],"media":[{"id":857848717784657900,"id_str":"857848717784657921","indices":[64,87],"media_url":"http://pbs.twimg.com/media/C-ew3R6UMAELBHC.jpg","media_url_https":"https://pbs.twimg.com/media/C-ew3R6UMAELBHC.jpg","url":"https://t.co/6X14R6c4Kr","display_url":"pic.twitter.com/6X14R6c4Kr","expanded_url":"https://twitter.com/befovec/status/857848740098461697/photo/1","type":"photo","sizes":{"small":{"w":360,"h":360,"resize":"fit"},"thumb":{"w":150,"h":150,"resize":"crop"},"medium":{"w":360,"h":360,"resize":"fit"},"large":{"w":360,"h":360,"resize":"fit"}},"source_status_id":857848740098461700,"source_status_id_str":"857848740098461697","source_user_id":715111575732924400,"source_user_id_str":"715111575732924416"}]},"extended_entities":{"media":[{"id":857848717784657900,"id_str":"857848717784657921","indices":[64,87],"media_url":"http://pbs.twimg.com/media/C-ew3R6UMAELBHC.jpg","media_url_https":"https://pbs.twimg.com/media/C-ew3R6UMAELBHC.jpg","url":"https://t.co/6X14R6c4Kr","display_url":"pic.twitter.com/6X14R6c4Kr","expanded_url":"https://twitter.com/befovec/status/857848740098461697/photo/1","type":"photo","sizes":{"small":{"w":360,"h":360,"resize":"fit"},"thumb":{"w":150,"h":150,"resize":"crop"},"medium":{"w":360,"h":360,"resize":"fit"},"large":{"w":360,"h":360,"resize":"fit"}},"source_status_id":857848740098461700,"source_status_id_str":"857848740098461697","source_user_id":715111575732924400,"source_user_id_str":"715111575732924416"},{"id":857848724470485000,"id_str":"857848724470484992","indices":[64,87],"media_url":"http://pbs.twimg.com/media/C-ew3q0V0AAK6d1.jpg","media_url_https":"https://pbs.twimg.com/media/C-ew3q0V0AAK6d1.jpg","url":"https://t.co/6X14R6c4Kr","display_url":"pic.twitter.com/6X14R6c4Kr","expanded_url":"https://twitter.com/befovec/status/857848740098461697/photo/1","type":"photo","sizes":{"thumb":{"w":150,"h":150,"resize":"crop"},"medium":{"w":580,"h":774,"resize":"fit"},"large":{"w":580,"h":774,"resize":"fit"},"small":{"w":510,"h":680,"resize":"fit"}},"source_status_id":857848740098461700,"source_status_id_str":"857848740098461697","source_user_id":715111575732924400,"source_user_id_str":"715111575732924416"}]},"metadata":{"iso_language_code":"ja","result_type":"recent"},"source":"<a href=\"https://twitter.com/\" rel=\"nofollow\">dhsu asjisa</a>","in_reply_to_status_id":null,"in_reply_to_status_id_str":null,"in_reply_to_user_id":null,"in_reply_to_user_id_str":null,"in_reply_to_screen_name":null,"user":{"id":855703966608277500,"id_str":"855703966608277504","name":"ちえ→おふパコ垢","screen_name":"chie_chimm","location":"","description":"JD20( ･Θ･)ゞ基本的に発情してるんでｗｗオフパコしましょーｗｗｗ年上で優しい人いたら誘って←","url":null,"entities":{"description":{"urls":[]}},"protected":false,"followers_count":209,"friends_count":7,"listed_count":0,"created_at":"Sat Apr 22 08:44:58 +0000 2017","favourites_count":0,"utc_offset":-25200,"time_zone":"Pacific Time (US & Canada)","geo_enabled":false,"verified":false,"statuses_count":8,"lang":"ja","contributors_enabled":false,"is_translator":false,"is_translation_enabled":false,"profile_background_color":"F5F8FA","profile_background_image_url":null,"profile_background_image_url_https":null,"profile_background_tile":false,"profile_image_url":"http://pbs.twimg.com/profile_images/857173434056495104/Rm80RxDe_normal.jpg","profile_image_url_https":"https://pbs.twimg.com/profile_images/857173434056495104/Rm80RxDe_normal.jpg","profile_link_color":"1DA1F2","profile_sidebar_border_color":"C0DEED","profile_sidebar_fill_color":"DDEEF6","profile_text_color":"333333","profile_use_background_image":true,"has_extended_profile":true,"default_profile":true,"default_profile_image":false,"following":false,"follow_request_sent":false,"notifications":false,"translator_type":"none"},"geo":null,"coordinates":null,"place":null,"contributors":null,"is_quote_status":false,"retweet_count":56,"favorite_count":0,"favorited":false,"retweeted":false,"possibly_sensitive":false,"lang":"ja"}],"search_metadata":{"completed_in":0.092,"max_id":883408301634986000,"max_id_str":"883408301634985984","next_results":"?max_id=883407778085195775&q=lang%3Aja%20min_retweets%3A50&include_entities=1","query":"lang%3Aja+min_retweets%3A50","refresh_url":"?since_id=883408301634985984&q=lang%3Aja%20min_retweets%3A50&include_entities=1","count":15,"since_id":0,"since_id_str":"0"}}