{"statuses":[{"created_at":"Thu Jul 06 11:20:33 +0000 2017","id":882922208800063500,"id_str":"882922208800063489","text":"止まない雨は無いのである\nhttps://t.co/Ys22NfJGdb https://t.co/s80X1QPR2n","truncated":false,"entities":{"hashtags":[],"symbols":[],"user_mentions":[],"urls":[{"url":"https://t.co/Ys22NfJGdb","expanded_url":"https://youtu.be/ofEqKkwD3tc","display_url":"youtu.be/ofEqKkwD3tc","indices":[13,36]}],"media":[{"id":882922195705409500,"id_str":"882922195705409538","indices":[37,60],"media_url":"http://pbs.twimg.com/media/DEDFDx9UMAILS4i.jpg","media_url_https":"https://pbs.twimg.com/media/DEDFDx9UMAILS4i.jpg","url":"https://t.co/s80X1QPR2n","display_url":"pic.twitter.com/s80X1QPR2n","expanded_url":"https://twitter.com/Osiri_Joe/status/882922208800063489/photo/1","type":"photo","sizes":{"medium":{"w":1200,"h":900,"resize":"fit"},"thumb":{"w":150,"h":150,"resize":"crop"},"small":{"w":680,"h":510,"resize":"fit"},"large":{"w":2048,"h":1536,"resize":"fit"}}}]},"extended_entities":{"media":[{"id":882922195705409500,"id_str":"882922195705409538","indices":[37,60],"media_url":"http://pbs.twimg.com/media/DEDFDx9UMAILS4i.jpg","media_url_https":"https://pbs.twimg.com/media/DEDFDx9UMAILS4i.jpg","url":"https://t.co/s80X1QPR2n","display_url":"pic.twitter.com/s80X1QPR2n","expanded_url":"https://twitter.com/Osiri_Joe/status/882922208800063489/photo/1","type":"photo","sizes":{"medium":{"w":1200,"h":900,"resize":"fit"},"thumb":{"w":150,"h":150,"resize":"crop"},"small":{"w":680,"h":510,"resize":"fit"},"large":{"w":2048,"h":1536,"resize":"fit"}}}]},"metadata":{"iso_language_code":"ja","result_type":"recent"},"source":"<a href=\"http://twitter.com/download/iphone\" rel=\"nofollow\">Twitter for iPhone</a>","in_reply_to_status_id":null,"in_reply_to_status_id_str":null,"in_reply_to_user_id":null,"in_reply_to_user_id_str":null,"in_reply_to_screen_name":null,"user":{"id":289244234,"id_str":"289244234","name":"カワグチ ジン","screen_name":"Osiri_Joe","location":"仲間家","description":"無所属YouTuber 企業の方の窓口はこちらです chichisagasu@yahoo.co.jp","url":"https://t.co/OdnHPWO8JJ","entities":{"url":{"urls":[{"url":"https://t.co/OdnHPWO8JJ","expanded_url":"https://www.instagram.com/kurtcojain/","display_url":"instagram.com/kurtcojain/","indices":[0,23]}]},"description":{"urls":[]}},"protected":false,"followers_count":158493,"friends_count":184,"listed_count":385,"created_at":"Thu Apr 28 08:51:38 +0000 2011","favourites_count":47187,"utc_offset":-36000,"time_zone":"Hawaii","geo_enabled":true,"verified":false,"statuses_count":13420,"lang":"ja","contributors_enabled":false,"is_translator":false,"is_translation_enabled":false,"profile_background_color":"C0DEED","profile_background_image_url":"http://abs.twimg.com/images/themes/theme1/bg.png","profile_background_image_url_https":"https://abs.twimg.com/images/themes/theme1/bg.png","profile_background_tile":false,"profile_image_url":"http://pbs.twimg.com/profile_images/867466083560808448/hZo5bUyA_normal.jpg","profile_image_url_https":"https://pbs.twimg.com/profile_images/867466083560808448/hZo5bUyA_normal.jpg","profile_banner_url":"https://pbs.twimg.com/profile_banners/289244234/1495655206","profile_link_color":"1DA1F2","profile_sidebar_border_color":"C0DEED","profile_sidebar_fill_color":"DDEEF6","profile_text_color":"333333","profile_use_background_image":true,"has_extended_profile":true,"default_profile":true,"default_profile_image":false,"following":false,"follow_request_sent":false,"notifications":false,"translator_type":"none"},"geo":null,"coordinates":null,"place":null,"contributors":null,"is_quote_status":false,"retweet_count":157,"favorite_count":788,"favorited":false,"retweeted":false,"possibly_sensitive":false,"lang":"ja"},{"created_at":"Thu Jul 06 11:19:03 +0000 2017","id":882921832222867500,"id_str":"882921832222867456","text":"【わくバン/7thコンサート】\n8/19(土)金沢公演のチケットが残り僅かとなりました。\nご希望の方はくれぐれもお早めに！\nWEB(https://t.co/QrLiwtSakf)またはローソン・ミニストップ店頭Loppiにて。… https://t.co/zTXoVqc0Rk","truncated":true,"entities":{"hashtags":[],"symbols":[],"user_mentions":[],"urls":[{"url":"https://t.co/QrLiwtSakf","expanded_url":"http://l-tike.com/wakuban7th/","display_url":"l-tike.com/wakuban7th/","indices":[66,89]},{"url":"https://t.co/zTXoVqc0Rk","expanded_url":"https://twitter.com/i/web/status/882921832222867456","display_url":"twitter.com/i/web/status/8…","indices":[116,139]}]},"metadata":{"iso_language_code":"ja","result_type":"recent"},"source":"<a href=\"http://twitter.com\" rel=\"nofollow\">Twitter Web Client</a>","in_reply_to_status_id":null,"in_reply_to_status_id_str":null,"in_reply_to_user_id":null,"in_reply_to_user_id_str":null,"in_reply_to_screen_name":null,"user":{"id":2370850627,"id_str":"2370850627","name":"わくわくプロジェクト","screen_name":"wkwkproject","location":"あなたのココロです。","description":"★ゲーム実況者わくわくバンド⇒湯毛/ ヒラノ課長/フジ/フルコン/せらみかる ★わくわくプロジェクトチャンネル https://t.co/j32Um8Dns4  ★ゲーム実況わくわくフェスティバル https://t.co/LNdwvhpLyU  ★それいけ！ゲーム実況わくわく荘","url":"https://t.co/jJJInkle9z","entities":{"url":{"urls":[{"url":"https://t.co/jJJInkle9z","expanded_url":"http://wkwkproject.com/","display_url":"wkwkproject.com","indices":[0,23]}]},"description":{"urls":[{"url":"https://t.co/j32Um8Dns4","expanded_url":"http://goo.gl/gPdB7g","display_url":"goo.gl/gPdB7g","indices":[56,79]},{"url":"https://t.co/LNdwvhpLyU","expanded_url":"http://wkwkfes.com","display_url":"wkwkfes.com","indices":[99,122]}]}},"protected":false,"followers_count":22406,"friends_count":63,"listed_count":361,"created_at":"Mon Mar 03 19:26:54 +0000 2014","favourites_count":1612,"utc_offset":32400,"time_zone":"Seoul","geo_enabled":false,"verified":false,"statuses_count":13006,"lang":"ja","contributors_enabled":false,"is_translator":false,"is_translation_enabled":false,"profile_background_color":"C0DEED","profile_background_image_url":"http://abs.twimg.com/images/themes/theme1/bg.png","profile_background_image_url_https":"https://abs.twimg.com/images/themes/theme1/bg.png","profile_background_tile":false,"profile_image_url":"http://pbs.twimg.com/profile_images/862645048470405121/ZTLnTrgo_normal.jpg","profile_image_url_https":"https://pbs.twimg.com/profile_images/862645048470405121/ZTLnTrgo_normal.jpg","profile_banner_url":"https://pbs.twimg.com/profile_banners/2370850627/1460615429","profile_link_color":"1DA1F2","profile_sidebar_border_color":"C0DEED","profile_sidebar_fill_color":"DDEEF6","profile_text_color":"333333","profile_use_background_image":true,"has_extended_profile":false,"default_profile":true,"default_profile_image":false,"following":false,"follow_request_sent":false,"notifications":false,"translator_type":"none"},"geo":null,"coordinates":null,"place":null,"contributors":null,"is_quote_status":false,"retweet_count":60,"favorite_count":194,"favorited":false,"retweeted":false,"possibly_sensitive":false,"lang":"ja"},{"created_at":"Thu Jul 06 11:18:31 +0000 2017","id":882921698068119600,"id_str":"882921698068119552","text":"で、でた〜ｗｗｗｗｗｗｗ「なきそう」とか「消えちゃいたい」とか病みツイートした後突然「思い出のどこかにあるあの人の匂いを、今も覚えてる」とかいうイタいポエム書いて「私、悟りました」アピール奴〜ｗｗｗｗｗｗｗｗｗｗｗ","truncated":false,"entities":{"hashtags":[],"symbols":[],"user_mentions":[],"urls":[]},"metadata":{"iso_language_code":"ja","result_type":"recent"},"source":"<a href=\"http://twittbot.net/\" rel=\"nofollow\">twittbot.net</a>","in_reply_to_status_id":null,"in_reply_to_status_id_str":null,"in_reply_to_user_id":null,"in_reply_to_user_id_str":null,"in_reply_to_screen_name":null,"user":{"id":595383148,"id_str":"595383148","name":"奴bot","screen_name":"de_detaawwwww","location":"本物です","description":"なんで私が奴ってるかわかる？ (LINEスタンプ→https://t.co/MfWaUKkmJN) (その他→https://t.co/qYZx8LNf8J)","url":"https://t.co/MnDZDKXSQl","entities":{"url":{"urls":[{"url":"https://t.co/MnDZDKXSQl","expanded_url":"http://twpf.jp/de_detaawwwww","display_url":"twpf.jp/de_detaawwwww","indices":[0,23]}]},"description":{"urls":[{"url":"https://t.co/MfWaUKkmJN","expanded_url":"http://line.me/S/sticker/1208244","display_url":"line.me/S/sticker/1208…","indices":[25,48]},{"url":"https://t.co/qYZx8LNf8J","expanded_url":"http://suzuri.jp/Yakko_Nakano","display_url":"suzuri.jp/Yakko_Nakano","indices":[55,78]}]}},"protected":false,"followers_count":442568,"friends_count":41757,"listed_count":2923,"created_at":"Thu May 31 10:43:02 +0000 2012","favourites_count":0,"utc_offset":28800,"time_zone":"Irkutsk","geo_enabled":false,"verified":false,"statuses_count":49123,"lang":"ja","contributors_enabled":false,"is_translator":false,"is_translation_enabled":false,"profile_background_color":"C0DEED","profile_background_image_url":"http://pbs.twimg.com/profile_background_images/566655568/wcgegrvo1od9huthxn93.jpeg","profile_background_image_url_https":"https://pbs.twimg.com/profile_background_images/566655568/wcgegrvo1od9huthxn93.jpeg","profile_background_tile":true,"profile_image_url":"http://pbs.twimg.com/profile_images/880797528416894977/Q6x-GY55_normal.jpg","profile_image_url_https":"https://pbs.twimg.com/profile_images/880797528416894977/Q6x-GY55_normal.jpg","profile_banner_url":"https://pbs.twimg.com/profile_banners/595383148/1490372269","profile_link_color":"0084B4","profile_sidebar_border_color":"C0DEED","profile_sidebar_fill_color":"DDEEF6","profile_text_color":"333333","profile_use_background_image":true,"has_extended_profile":false,"default_profile":false,"default_profile_image":false,"following":false,"follow_request_sent":false,"notifications":false,"translator_type":"none"},"geo":null,"coordinates":null,"place":null,"contributors":null,"is_quote_status":false,"retweet_count":55,"favorite_count":141,"favorited":false,"retweeted":false,"lang":"ja"},{"created_at":"Thu Jul 06 11:18:25 +0000 2017","id":882921673955000300,"id_str":"882921673955000321","text":"シバター、よろしいならば戦争だ https://t.co/oU8YSujQsc @YouTubeさんから\n\n吹いたwwwwwwまさかの展開だったwwwwwww","truncated":false,"entities":{"hashtags":[],"symbols":[],"user_mentions":[{"screen_name":"YouTube","name":"YouTube","id":10228272,"id_str":"10228272","indices":[40,48]}],"urls":[{"url":"https://t.co/oU8YSujQsc","expanded_url":"https://youtu.be/ofEqKkwD3tc","display_url":"youtu.be/ofEqKkwD3tc","indices":[16,39]}]},"metadata":{"iso_language_code":"ja","result_type":"recent"},"source":"<a href=\"http://twitter.com\" rel=\"nofollow\">Twitter Web Client</a>","in_reply_to_status_id":null,"in_reply_to_status_id_str":null,"in_reply_to_user_id":null,"in_reply_to_user_id_str":null,"in_reply_to_screen_name":null,"user":{"id":308221465,"id_str":"308221465","name":"冬夜＠ＰＳ４プレゼント企画実施中❤","screen_name":"touya_jubeat","location":"Japanese DANCER＆YouTuber","description":"冬夜のチャンネル→https://t.co/X7BdPHAgKh 全国で踊ってみた等活動の【チームsexy】リーダーでYouTuber ニコ動→https://t.co/UHTCDTBowZ ツムツム全スキルマ/ポケGO 図鑑235匹4000万XP/リバ大戦４級","url":"https://t.co/X7BdPHAgKh","entities":{"url":{"urls":[{"url":"https://t.co/X7BdPHAgKh","expanded_url":"https://www.youtube.com/c/TOUYAsexy","display_url":"youtube.com/c/TOUYAsexy","indices":[0,23]}]},"description":{"urls":[{"url":"https://t.co/X7BdPHAgKh","expanded_url":"https://www.youtube.com/c/TOUYAsexy","display_url":"youtube.com/c/TOUYAsexy","indices":[9,32]},{"url":"https://t.co/UHTCDTBowZ","expanded_url":"http://www.nicovideo.jp/mylist/32574473","display_url":"nicovideo.jp/mylist/32574473","indices":[72,95]}]}},"protected":false,"followers_count":88031,"friends_count":8996,"listed_count":405,"created_at":"Tue May 31 01:28:41 +0000 2011","favourites_count":199113,"utc_offset":32400,"time_zone":"Tokyo","geo_enabled":false,"verified":false,"statuses_count":97315,"lang":"ja","contributors_enabled":false,"is_translator":false,"is_translation_enabled":false,"profile_background_color":"000000","profile_background_image_url":"http://abs.twimg.com/images/themes/theme10/bg.gif","profile_background_image_url_https":"https://abs.twimg.com/images/themes/theme10/bg.gif","profile_background_tile":false,"profile_image_url":"http://pbs.twimg.com/profile_images/841652770897723392/PIz6mH52_normal.jpg","profile_image_url_https":"https://pbs.twimg.com/profile_images/841652770897723392/PIz6mH52_normal.jpg","profile_banner_url":"https://pbs.twimg.com/profile_banners/308221465/1496502282","profile_link_color":"F5ABB5","profile_sidebar_border_color":"000000","profile_sidebar_fill_color":"000000","profile_text_color":"000000","profile_use_background_image":false,"has_extended_profile":true,"default_profile":false,"default_profile_image":false,"following":false,"follow_request_sent":false,"notifications":false,"translator_type":"none"},"geo":null,"coordinates":null,"place":null,"contributors":null,"is_quote_status":false,"retweet_count":73,"favorite_count":112,"favorited":false,"retweeted":false,"possibly_sensitive":false,"lang":"ja"},{"created_at":"Thu Jul 06 11:18:04 +0000 2017","id":882921584683397100,"id_str":"882921584683397120","text":"４－５の７回２死三塁\n山本が三遊間を破る同点タイムリー\nジョンソンはここで交代","truncated":false,"entities":{"hashtags":[],"symbols":[],"user_mentions":[],"urls":[]},"metadata":{"iso_language_code":"ja","result_type":"recent"},"source":"<a href=\"http://twitter.com\" rel=\"nofollow\">Twitter Web Client</a>","in_reply_to_status_id":null,"in_reply_to_status_id_str":null,"in_reply_to_user_id":null,"in_reply_to_user_id_str":null,"in_reply_to_screen_name":null,"user":{"id":244033344,"id_str":"244033344","name":"スポーツ報知・巨人取材班","screen_name":"hochi_giants","location":"宮崎・宮崎市、沖縄・那覇市、東京ドーム、よみうりランドなど","description":"スポーツ報知の巨人担当記者のツイッターです。キャンプの様子からペナントレースの様子、舞台裏をつぶやいていきたいと思います。","url":"https://t.co/GT14Gz59EH","entities":{"url":{"urls":[{"url":"https://t.co/GT14Gz59EH","expanded_url":"http://www.hochi.co.jp/giants/","display_url":"hochi.co.jp/giants/","indices":[0,23]}]},"description":{"urls":[]}},"protected":false,"followers_count":124748,"friends_count":52,"listed_count":1371,"created_at":"Fri Jan 28 10:45:14 +0000 2011","favourites_count":12,"utc_offset":32400,"time_zone":"Tokyo","geo_enabled":true,"verified":false,"statuses_count":24755,"lang":"ja","contributors_enabled":false,"is_translator":false,"is_translation_enabled":false,"profile_background_color":"000000","profile_background_image_url":"http://abs.twimg.com/images/themes/theme1/bg.png","profile_background_image_url_https":"https://abs.twimg.com/images/themes/theme1/bg.png","profile_background_tile":false,"profile_image_url":"http://pbs.twimg.com/profile_images/655550607911096320/gVqyrlpS_normal.jpg","profile_image_url_https":"https://pbs.twimg.com/profile_images/655550607911096320/gVqyrlpS_normal.jpg","profile_link_color":"FA743E","profile_sidebar_border_color":"000000","profile_sidebar_fill_color":"000000","profile_text_color":"000000","profile_use_background_image":false,"has_extended_profile":false,"default_profile":false,"default_profile_image":false,"following":false,"follow_request_sent":false,"notifications":false,"translator_type":"none"},"geo":null,"coordinates":null,"place":null,"contributors":null,"is_quote_status":false,"retweet_count":83,"favorite_count":133,"favorited":false,"retweeted":false,"lang":"ja"},{"created_at":"Thu Jul 06 11:18:04 +0000 2017","id":882921583437688800,"id_str":"882921583437688833","text":"【#mczblast 】\n8/2発売「BLAST！」のジャケ写はもうご覧になりましたか？\n店舗別特典トレカの絵柄はこちらのURLからご覧ください♪\n\nhttps://t.co/fyCbm53Tsx\n\n#momoclo… https://t.co/EcyzoJfGQF","truncated":true,"entities":{"hashtags":[{"text":"mczblast","indices":[1,10]},{"text":"momoclo","indices":[100,108]}],"symbols":[],"user_mentions":[],"urls":[{"url":"https://t.co/fyCbm53Tsx","expanded_url":"http://www.evilline.com/momoclo/blast/","display_url":"evilline.com/momoclo/blast/","indices":[75,98]},{"url":"https://t.co/EcyzoJfGQF","expanded_url":"https://twitter.com/i/web/status/882921583437688833","display_url":"twitter.com/i/web/status/8…","indices":[110,133]}]},"metadata":{"iso_language_code":"ja","result_type":"recent"},"source":"<a href=\"https://studio.twitter.com\" rel=\"nofollow\">Media Studio</a>","in_reply_to_status_id":null,"in_reply_to_status_id_str":null,"in_reply_to_user_id":null,"in_reply_to_user_id_str":null,"in_reply_to_screen_name":null,"user":{"id":362896668,"id_str":"362896668","name":"ももクロ KING PR","screen_name":"momoclo_king_pr","location":"東京都文京区","description":"キングレコード公式「ももいろクローバーZ」twitter。 EVIL LINE RECORDS / キングレコードの「ももいろクローバーZ」スタッフが、お知らせや最新情報をつぶやきます。 8/2（水）NEW SINGLE「BLAST！」発売決定！","url":"https://t.co/Zsmo69A07V","entities":{"url":{"urls":[{"url":"https://t.co/Zsmo69A07V","expanded_url":"http://www.evilline.com/momoclo/blast","display_url":"evilline.com/momoclo/blast","indices":[0,23]}]},"description":{"urls":[]}},"protected":false,"followers_count":124076,"friends_count":18,"listed_count":2454,"created_at":"Sat Aug 27 04:55:04 +0000 2011","favourites_count":0,"utc_offset":null,"time_zone":null,"geo_enabled":false,"verified":false,"statuses_count":1541,"lang":"ja","contributors_enabled":false,"is_translator":false,"is_translation_enabled":false,"profile_background_color":"000000","profile_background_image_url":"http://abs.twimg.com/images/themes/theme1/bg.png","profile_background_image_url_https":"https://abs.twimg.com/images/themes/theme1/bg.png","profile_background_tile":false,"profile_image_url":"http://pbs.twimg.com/profile_images/876771669989142532/5Faz_ASv_normal.jpg","profile_image_url_https":"https://pbs.twimg.com/profile_images/876771669989142532/5Faz_ASv_normal.jpg","profile_banner_url":"https://pbs.twimg.com/profile_banners/362896668/1497873662","profile_link_color":"F5ABB5","profile_sidebar_border_color":"000000","profile_sidebar_fill_color":"000000","profile_text_color":"000000","profile_use_background_image":false,"has_extended_profile":false,"default_profile":false,"default_profile_image":false,"following":false,"follow_request_sent":false,"notifications":false,"translator_type":"none"},"geo":null,"coordinates":null,"place":null,"contributors":null,"is_quote_status":false,"retweet_count":68,"favorite_count":163,"favorited":false,"retweeted":false,"possibly_sensitive":false,"lang":"ja"},{"created_at":"Thu Jul 06 11:18:03 +0000 2017","id":882921580459769900,"id_str":"882921580459769856","text":"LINE LIVEにて、7/2(日)「#TAEMINTHE1stSTAGE日本武道館」公演の一部楽曲の放送が急遽決定!!余韻冷めぬ「初ソロステージ」を再編集版にて、もう一度その目で見るチャンス!! 視聴予約はこちらから→https://t.co/iWhdMXUvPO\n#テミン","truncated":false,"entities":{"hashtags":[{"text":"TAEMINTHE1stSTAGE日本武道館","indices":[19,42]},{"text":"テミン","indices":[134,138]}],"symbols":[],"user_mentions":[],"urls":[{"url":"https://t.co/iWhdMXUvPO","expanded_url":"https://live.line.me/channels/21/upcoming/3886209","display_url":"live.line.me/channels/21/up…","indices":[110,133]}]},"metadata":{"iso_language_code":"ja","result_type":"recent"},"source":"<a href=\"http://twitter.com/download/iphone\" rel=\"nofollow\">Twitter for iPhone</a>","in_reply_to_status_id":null,"in_reply_to_status_id_str":null,"in_reply_to_user_id":null,"in_reply_to_user_id_str":null,"in_reply_to_screen_name":null,"user":{"id":427122847,"id_str":"427122847","name":"SHINetter シャイニッター","screen_name":"shinetter","location":"","description":"UNIVERSAL MUSIC EMI Records のスタッフが主にSHINeeのリリース情報をつぶやきます。","url":"https://t.co/JoCcrfz9NO","entities":{"url":{"urls":[{"url":"https://t.co/JoCcrfz9NO","expanded_url":"http://shinee.jp/","display_url":"shinee.jp","indices":[0,23]}]},"description":{"urls":[]}},"protected":false,"followers_count":134270,"friends_count":0,"listed_count":1016,"created_at":"Sat Dec 03 04:19:47 +0000 2011","favourites_count":0,"utc_offset":32400,"time_zone":"Tokyo","geo_enabled":true,"verified":true,"statuses_count":1442,"lang":"ja","contributors_enabled":false,"is_translator":false,"is_translation_enabled":false,"profile_background_color":"44A688","profile_background_image_url":"http://pbs.twimg.com/profile_background_images/558622410/shineech_0507_S.jpg","profile_background_image_url_https":"https://pbs.twimg.com/profile_background_images/558622410/shineech_0507_S.jpg","profile_background_tile":false,"profile_image_url":"http://pbs.twimg.com/profile_images/875606884044099584/E6E7Hqsn_normal.jpg","profile_image_url_https":"https://pbs.twimg.com/profile_images/875606884044099584/E6E7Hqsn_normal.jpg","profile_banner_url":"https://pbs.twimg.com/profile_banners/427122847/1486617372","profile_link_color":"44A688","profile_sidebar_border_color":"C0DEED","profile_sidebar_fill_color":"DDEEF6","profile_text_color":"333333","profile_use_background_image":true,"has_extended_profile":false,"default_profile":false,"default_profile_image":false,"following":false,"follow_request_sent":false,"notifications":false,"translator_type":"none"},"geo":null,"coordinates":null,"place":null,"contributors":null,"is_quote_status":false,"retweet_count":174,"favorite_count":248,"favorited":false,"retweeted":false,"possibly_sensitive":false,"lang":"ja"},{"created_at":"Thu Jul 06 11:18:00 +0000 2017","id":882921567964901400,"id_str":"882921567964901377","text":"きららジャンプ用のスターバックスのイラストは\nごちうさプレイマットの第3弾として印刷するために描きました🐸\nごちうさプレイマットするのはこれで最後にします。背景は描きなおします。 https://t.co/ANnMfpQsWn","truncated":false,"entities":{"hashtags":[],"symbols":[],"user_mentions":[],"urls":[],"media":[{"id":882920524078235600,"id_str":"882920524078235648","indices":[90,113],"media_url":"http://pbs.twimg.com/media/DEDDieqVwAACNs-.jpg","media_url_https":"https://pbs.twimg.com/media/DEDDieqVwAACNs-.jpg","url":"https://t.co/ANnMfpQsWn","display_url":"pic.twitter.com/ANnMfpQsWn","expanded_url":"https://twitter.com/NNPS_KM_SONYA/status/882921567964901377/photo/1","type":"photo","sizes":{"small":{"w":680,"h":397,"resize":"fit"},"medium":{"w":1200,"h":700,"resize":"fit"},"thumb":{"w":150,"h":150,"resize":"crop"},"large":{"w":1417,"h":827,"resize":"fit"}}}]},"extended_entities":{"media":[{"id":882920524078235600,"id_str":"882920524078235648","indices":[90,113],"media_url":"http://pbs.twimg.com/media/DEDDieqVwAACNs-.jpg","media_url_https":"https://pbs.twimg.com/media/DEDDieqVwAACNs-.jpg","url":"https://t.co/ANnMfpQsWn","display_url":"pic.twitter.com/ANnMfpQsWn","expanded_url":"https://twitter.com/NNPS_KM_SONYA/status/882921567964901377/photo/1","type":"photo","sizes":{"small":{"w":680,"h":397,"resize":"fit"},"medium":{"w":1200,"h":700,"resize":"fit"},"thumb":{"w":150,"h":150,"resize":"crop"},"large":{"w":1417,"h":827,"resize":"fit"}}},{"id":882920568827256800,"id_str":"882920568827256832","indices":[90,113],"media_url":"http://pbs.twimg.com/media/DEDDlFXVoAAYKZC.jpg","media_url_https":"https://pbs.twimg.com/media/DEDDlFXVoAAYKZC.jpg","url":"https://t.co/ANnMfpQsWn","display_url":"pic.twitter.com/ANnMfpQsWn","expanded_url":"https://twitter.com/NNPS_KM_SONYA/status/882921567964901377/photo/1","type":"photo","sizes":{"small":{"w":680,"h":406,"resize":"fit"},"thumb":{"w":150,"h":150,"resize":"crop"},"large":{"w":2048,"h":1223,"resize":"fit"},"medium":{"w":1200,"h":716,"resize":"fit"}}},{"id":882920610820534300,"id_str":"882920610820534283","indices":[90,113],"media_url":"http://pbs.twimg.com/media/DEDDnhzUMAsda0d.jpg","media_url_https":"https://pbs.twimg.com/media/DEDDnhzUMAsda0d.jpg","url":"https://t.co/ANnMfpQsWn","display_url":"pic.twitter.com/ANnMfpQsWn","expanded_url":"https://twitter.com/NNPS_KM_SONYA/status/882921567964901377/photo/1","type":"photo","sizes":{"large":{"w":2048,"h":1034,"resize":"fit"},"thumb":{"w":150,"h":150,"resize":"crop"},"medium":{"w":1200,"h":606,"resize":"fit"},"small":{"w":680,"h":343,"resize":"fit"}}}]},"metadata":{"iso_language_code":"ja","result_type":"recent"},"source":"<a href=\"http://twitter.com\" rel=\"nofollow\">Twitter Web Client</a>","in_reply_to_status_id":null,"in_reply_to_status_id_str":null,"in_reply_to_user_id":null,"in_reply_to_user_id_str":null,"in_reply_to_screen_name":null,"user":{"id":2567480089,"id_str":"2567480089","name":"ことかす","screen_name":"NNPS_KM_SONYA","location":"愛知県","description":"ルナさんやったじゃないすか～🔔😇🔔","url":"https://t.co/6MuevlpiYf","entities":{"url":{"urls":[{"url":"https://t.co/6MuevlpiYf","expanded_url":"http://www.pixiv.net/member.php?id=2734137","display_url":"pixiv.net/member.php?id=…","indices":[0,23]}]},"description":{"urls":[]}},"protected":false,"followers_count":18451,"friends_count":315,"listed_count":377,"created_at":"Sat Jun 14 17:11:30 +0000 2014","favourites_count":1388,"utc_offset":28800,"time_zone":"Irkutsk","geo_enabled":false,"verified":false,"statuses_count":4376,"lang":"ja","contributors_enabled":false,"is_translator":false,"is_translation_enabled":false,"profile_background_color":"000000","profile_background_image_url":"http://abs.twimg.com/images/themes/theme2/bg.gif","profile_background_image_url_https":"https://abs.twimg.com/images/themes/theme2/bg.gif","profile_background_tile":false,"profile_image_url":"http://pbs.twimg.com/profile_images/869549440092184576/-pAH7aRp_normal.jpg","profile_image_url_https":"https://pbs.twimg.com/profile_images/869549440092184576/-pAH7aRp_normal.jpg","profile_banner_url":"https://pbs.twimg.com/profile_banners/2567480089/1490975054","profile_link_color":"006400","profile_sidebar_border_color":"000000","profile_sidebar_fill_color":"000000","profile_text_color":"000000","profile_use_background_image":false,"has_extended_profile":true,"default_profile":false,"default_profile_image":false,"following":false,"follow_request_sent":false,"notifications":false,"translator_type":"none"},"geo":null,"coordinates":null,"place":null,"contributors":null,"is_quote_status":false,"retweet_count":51,"favorite_count":57,"favorited":false,"retweeted":false,"possibly_sensitive":false,"lang":"ja"},{"created_at":"Thu Jul 06 11:17:59 +0000 2017","id":882921564492120000,"id_str":"882921564492120064","text":"そういう甘い考えでいると痛い目にあうよ。\n憲法の精神は主権在民だよ。\n責任は取らせる。見ていなさい。なう。 https://t.co/4Vz6dAIrfy","truncated":false,"entities":{"hashtags":[],"symbols":[],"user_mentions":[],"urls":[{"url":"https://t.co/4Vz6dAIrfy","expanded_url":"https://twitter.com/3c73850c43db429/status/882835374363508737","display_url":"twitter.com/3c73850c43db42…","indices":[54,77]}]},"metadata":{"iso_language_code":"ja","result_type":"recent"},"source":"<a href=\"http://twitter.com/download/android\" rel=\"nofollow\">Twitter for Android</a>","in_reply_to_status_id":null,"in_reply_to_status_id_str":null,"in_reply_to_user_id":null,"in_reply_to_user_id_str":null,"in_reply_to_screen_name":null,"user":{"id":362401254,"id_str":"362401254","name":"高須克弥","screen_name":"katsuyatakasu","location":"","description":"","url":null,"entities":{"description":{"urls":[]}},"protected":false,"followers_count":227917,"friends_count":256,"listed_count":2176,"created_at":"Fri Aug 26 10:14:42 +0000 2011","favourites_count":610,"utc_offset":32400,"time_zone":"Tokyo","geo_enabled":true,"verified":true,"statuses_count":65508,"lang":"ja","contributors_enabled":false,"is_translator":false,"is_translation_enabled":false,"profile_background_color":"C0DEED","profile_background_image_url":"http://abs.twimg.com/images/themes/theme1/bg.png","profile_background_image_url_https":"https://abs.twimg.com/images/themes/theme1/bg.png","profile_background_tile":false,"profile_image_url":"http://pbs.twimg.com/profile_images/798320119411658753/gkPbBajq_normal.jpg","profile_image_url_https":"https://pbs.twimg.com/profile_images/798320119411658753/gkPbBajq_normal.jpg","profile_banner_url":"https://pbs.twimg.com/profile_banners/362401254/1476925981","profile_link_color":"1DA1F2","profile_sidebar_border_color":"C0DEED","profile_sidebar_fill_color":"DDEEF6","profile_text_color":"333333","profile_use_background_image":true,"has_extended_profile":false,"default_profile":true,"default_profile_image":false,"following":false,"follow_request_sent":false,"notifications":false,"translator_type":"none"},"geo":null,"coordinates":null,"place":{"id":"594fa6c6bc5b5ba9","url":"https://api.twitter.com/1.1/geo/id/594fa6c6bc5b5ba9.json","place_type":"city","name":"Minato-ku","full_name":"Minato-ku, Tokyo","country_code":"JP","country":"Japan","contained_within":[],"bounding_box":{"type":"Polygon","coordinates":[[[139.708754,35.622973],[139.782004,35.622973],[139.782004,35.682605],[139.708754,35.682605]]]},"attributes":{}},"contributors":null,"is_quote_status":true,"quoted_status_id":882835374363508700,"quoted_status_id_str":"882835374363508737","quoted_status":{"created_at":"Thu Jul 06 05:35:30 +0000 2017","id":882835374363508700,"id_str":"882835374363508737","text":"@anonymous201504 しかも今日のひるおびでは『国会で名誉毀損しても刑事及び民事の責任なし』『それは議員の特権』等と主張。\n高須クリニックの件を例に挙げて高須院長にまで喧嘩を売ってました。 https://t.co/SbKhj9RAOe","truncated":false,"entities":{"hashtags":[],"symbols":[],"user_mentions":[{"screen_name":"anonymous201504","name":"アノニマス ポスト","id":3147651630,"id_str":"3147651630","indices":[0,16]}],"urls":[],"media":[{"id":882835362728607700,"id_str":"882835362728607745","indices":[101,124],"media_url":"http://pbs.twimg.com/media/DEB2Fb6XgAEdqcR.jpg","media_url_https":"https://pbs.twimg.com/media/DEB2Fb6XgAEdqcR.jpg","url":"https://t.co/SbKhj9RAOe","display_url":"pic.twitter.com/SbKhj9RAOe","expanded_url":"https://twitter.com/3c73850c43db429/status/882835374363508737/photo/1","type":"photo","sizes":{"medium":{"w":1024,"h":654,"resize":"fit"},"thumb":{"w":150,"h":150,"resize":"crop"},"large":{"w":1024,"h":654,"resize":"fit"},"small":{"w":680,"h":434,"resize":"fit"}}}]},"extended_entities":{"media":[{"id":882835362728607700,"id_str":"882835362728607745","indices":[101,124],"media_url":"http://pbs.twimg.com/media/DEB2Fb6XgAEdqcR.jpg","media_url_https":"https://pbs.twimg.com/media/DEB2Fb6XgAEdqcR.jpg","url":"https://t.co/SbKhj9RAOe","display_url":"pic.twitter.com/SbKhj9RAOe","expanded_url":"https://twitter.com/3c73850c43db429/status/882835374363508737/photo/1","type":"photo","sizes":{"medium":{"w":1024,"h":654,"resize":"fit"},"thumb":{"w":150,"h":150,"resize":"crop"},"large":{"w":1024,"h":654,"resize":"fit"},"small":{"w":680,"h":434,"resize":"fit"}}}]},"metadata":{"iso_language_code":"ja","result_type":"recent"},"source":"<a href=\"http://twitter.com/download/android\" rel=\"nofollow\">Twitter for Android</a>","in_reply_to_status_id":882822580075475000,"in_reply_to_status_id_str":"882822580075474944","in_reply_to_user_id":3147651630,"in_reply_to_user_id_str":"3147651630","in_reply_to_screen_name":"anonymous201504","user":{"id":4765629594,"id_str":"4765629594","name":"た","screen_name":"3c73850c43db429","location":"","description":"","url":null,"entities":{"description":{"urls":[]}},"protected":false,"followers_count":372,"friends_count":467,"listed_count":3,"created_at":"Sat Jan 16 01:22:11 +0000 2016","favourites_count":7065,"utc_offset":null,"time_zone":null,"geo_enabled":true,"verified":false,"statuses_count":8366,"lang":"ja","contributors_enabled":false,"is_translator":false,"is_translation_enabled":false,"profile_background_color":"F5F8FA","profile_background_image_url":null,"profile_background_image_url_https":null,"profile_background_tile":false,"profile_image_url":"http://pbs.twimg.com/profile_images/829620250521899008/TmvtpycJ_normal.jpg","profile_image_url_https":"https://pbs.twimg.com/profile_images/829620250521899008/TmvtpycJ_normal.jpg","profile_link_color":"1DA1F2","profile_sidebar_border_color":"C0DEED","profile_sidebar_fill_color":"DDEEF6","profile_text_color":"333333","profile_use_background_image":true,"has_extended_profile":false,"default_profile":true,"default_profile_image":false,"following":false,"follow_request_sent":false,"notifications":false,"translator_type":"none"},"geo":null,"coordinates":null,"place":null,"contributors":null,"is_quote_status":false,"retweet_count":13,"favorite_count":15,"favorited":false,"retweeted":false,"possibly_sensitive":false,"lang":"ja"},"retweet_count":77,"favorite_count":136,"favorited":false,"retweeted":false,"possibly_sensitive":false,"lang":"ja"},{"created_at":"Thu Jul 06 11:17:28 +0000 2017","id":882921434263068700,"id_str":"882921434263068674","text":"お気に入り　#2017自分が選ぶ今年上半期の4枚 https://t.co/Qxgy6fBSrS","truncated":false,"entities":{"hashtags":[{"text":"2017自分が選ぶ今年上半期の4枚","indices":[6,24]}],"symbols":[],"user_mentions":[],"urls":[],"media":[{"id":882921310262710300,"id_str":"882921310262710272","indices":[25,48],"media_url":"http://pbs.twimg.com/media/DEDEQPbU0AAY8xy.jpg","media_url_https":"https://pbs.twimg.com/media/DEDEQPbU0AAY8xy.jpg","url":"https://t.co/Qxgy6fBSrS","display_url":"pic.twitter.com/Qxgy6fBSrS","expanded_url":"https://twitter.com/nomiya38/status/882921434263068674/photo/1","type":"photo","sizes":{"large":{"w":700,"h":990,"resize":"fit"},"thumb":{"w":150,"h":150,"resize":"crop"},"small":{"w":481,"h":680,"resize":"fit"},"medium":{"w":700,"h":990,"resize":"fit"}}}]},"extended_entities":{"media":[{"id":882921310262710300,"id_str":"882921310262710272","indices":[25,48],"media_url":"http://pbs.twimg.com/media/DEDEQPbU0AAY8xy.jpg","media_url_https":"https://pbs.twimg.com/media/DEDEQPbU0AAY8xy.jpg","url":"https://t.co/Qxgy6fBSrS","display_url":"pic.twitter.com/Qxgy6fBSrS","expanded_url":"https://twitter.com/nomiya38/status/882921434263068674/photo/1","type":"photo","sizes":{"large":{"w":700,"h":990,"resize":"fit"},"thumb":{"w":150,"h":150,"resize":"crop"},"small":{"w":481,"h":680,"resize":"fit"},"medium":{"w":700,"h":990,"resize":"fit"}}},{"id":882921340331630600,"id_str":"882921340331630592","indices":[25,48],"media_url":"http://pbs.twimg.com/media/DEDER_cUIAAEcc7.jpg","media_url_https":"https://pbs.twimg.com/media/DEDER_cUIAAEcc7.jpg","url":"https://t.co/Qxgy6fBSrS","display_url":"pic.twitter.com/Qxgy6fBSrS","expanded_url":"https://twitter.com/nomiya38/status/882921434263068674/photo/1","type":"photo","sizes":{"large":{"w":700,"h":990,"resize":"fit"},"thumb":{"w":150,"h":150,"resize":"crop"},"medium":{"w":700,"h":990,"resize":"fit"},"small":{"w":481,"h":680,"resize":"fit"}}},{"id":882921361387044900,"id_str":"882921361387044864","indices":[25,48],"media_url":"http://pbs.twimg.com/media/DEDETN4UQAAFmBo.jpg","media_url_https":"https://pbs.twimg.com/media/DEDETN4UQAAFmBo.jpg","url":"https://t.co/Qxgy6fBSrS","display_url":"pic.twitter.com/Qxgy6fBSrS","expanded_url":"https://twitter.com/nomiya38/status/882921434263068674/photo/1","type":"photo","sizes":{"large":{"w":700,"h":990,"resize":"fit"},"thumb":{"w":150,"h":150,"resize":"crop"},"medium":{"w":700,"h":990,"resize":"fit"},"small":{"w":481,"h":680,"resize":"fit"}}},{"id":882921384753508400,"id_str":"882921384753508352","indices":[25,48],"media_url":"http://pbs.twimg.com/media/DEDEUk7UMAAp5wE.jpg","media_url_https":"https://pbs.twimg.com/media/DEDEUk7UMAAp5wE.jpg","url":"https://t.co/Qxgy6fBSrS","display_url":"pic.twitter.com/Qxgy6fBSrS","expanded_url":"https://twitter.com/nomiya38/status/882921434263068674/photo/1","type":"photo","sizes":{"large":{"w":700,"h":990,"resize":"fit"},"thumb":{"w":150,"h":150,"resize":"crop"},"medium":{"w":700,"h":990,"resize":"fit"},"small":{"w":481,"h":680,"resize":"fit"}}}]},"metadata":{"iso_language_code":"ja","result_type":"recent"},"source":"<a href=\"http://twitter.com\" rel=\"nofollow\">Twitter Web Client</a>","in_reply_to_status_id":null,"in_reply_to_status_id_str":null,"in_reply_to_user_id":null,"in_reply_to_user_id_str":null,"in_reply_to_screen_name":null,"user":{"id":294436172,"id_str":"294436172","name":"のみや","screen_name":"nomiya38","location":"","description":"【Buku Buku】海辺みたいな創作イラストを描いてます。同人誌の通販:https://t.co/reQWJw2Qu2","url":"https://t.co/et3nnuCgmQ","entities":{"url":{"urls":[{"url":"https://t.co/et3nnuCgmQ","expanded_url":"http://nomiya38.tumblr.com/","display_url":"nomiya38.tumblr.com","indices":[0,23]}]},"description":{"urls":[{"url":"https://t.co/reQWJw2Qu2","expanded_url":"http://alice-books.com/item/list/all?circle_id=4495","display_url":"alice-books.com/item/list/all?…","indices":[37,60]}]}},"protected":false,"followers_count":23534,"friends_count":331,"listed_count":536,"created_at":"Sat May 07 04:32:20 +0000 2011","favourites_count":3307,"utc_offset":32400,"time_zone":"Tokyo","geo_enabled":false,"verified":false,"statuses_count":4369,"lang":"ja","contributors_enabled":false,"is_translator":false,"is_translation_enabled":false,"profile_background_color":"0099B9","profile_background_image_url":"http://abs.twimg.com/images/themes/theme4/bg.gif","profile_background_image_url_https":"https://abs.twimg.com/images/themes/theme4/bg.gif","profile_background_tile":false,"profile_image_url":"http://pbs.twimg.com/profile_images/787630238431780864/nwk_pzhY_normal.jpg","profile_image_url_https":"https://pbs.twimg.com/profile_images/787630238431780864/nwk_pzhY_normal.jpg","profile_banner_url":"https://pbs.twimg.com/profile_banners/294436172/1476620238","profile_link_color":"0099B9","profile_sidebar_border_color":"5ED4DC","profile_sidebar_fill_color":"95E8EC","profile_text_color":"3C3940","profile_use_background_image":true,"has_extended_profile":true,"default_profile":false,"default_profile_image":false,"following":false,"follow_request_sent":false,"notifications":false,"translator_type":"none"},"geo":null,"coordinates":null,"place":null,"contributors":null,"is_quote_status":false,"retweet_count":70,"favorite_count":168,"favorited":false,"retweeted":false,"possibly_sensitive":false,"lang":"ja"},{"created_at":"Thu Jul 06 11:17:06 +0000 2017","id":882921343301279700,"id_str":"882921343301279744","text":"スタンプまたでてるーー！！！\n\n今かいました☺︎ https://t.co/Ry7lq5VeZA","truncated":false,"entities":{"hashtags":[],"symbols":[],"user_mentions":[],"urls":[{"url":"https://t.co/Ry7lq5VeZA","expanded_url":"https://twitter.com/kemo_anime/status/882778642941476864","display_url":"twitter.com/kemo_anime/sta…","indices":[25,48]}]},"metadata":{"iso_language_code":"ja","result_type":"recent"},"source":"<a href=\"http://twitter.com/download/iphone\" rel=\"nofollow\">Twitter for iPhone</a>","in_reply_to_status_id":null,"in_reply_to_status_id_str":null,"in_reply_to_user_id":null,"in_reply_to_user_id_str":null,"in_reply_to_screen_name":null,"user":{"id":297833968,"id_str":"297833968","name":"内田彩","screen_name":"aya_uchida","location":"日本","description":"『ラブライブ！』南ことり『宇宙戦艦ヤマト2199』岬百合亜『絶対絶望少女』苗木こまる『トリニティセブン』神無月アリン『絶滅危愚少女』等々力あまね『あいまいみー』麻衣『DEVIL SURVIVOR 2 』新田維緒 『ビビッドレッド・オペレーション』四宮ひまわり『ストライクウィッチーズ劇場版』服部静夏","url":"https://t.co/cu7xYYQWGK","entities":{"url":{"urls":[{"url":"https://t.co/cu7xYYQWGK","expanded_url":"https://aya-uchida.net/","display_url":"aya-uchida.net","indices":[0,23]}]},"description":{"urls":[]}},"protected":false,"followers_count":731649,"friends_count":304,"listed_count":15540,"created_at":"Fri May 13 06:02:06 +0000 2011","favourites_count":7,"utc_offset":32400,"time_zone":"Tokyo","geo_enabled":false,"verified":true,"statuses_count":12007,"lang":"ja","contributors_enabled":false,"is_translator":false,"is_translation_enabled":false,"profile_background_color":"642D8B","profile_background_image_url":"http://abs.twimg.com/images/themes/theme10/bg.gif","profile_background_image_url_https":"https://abs.twimg.com/images/themes/theme10/bg.gif","profile_background_tile":true,"profile_image_url":"http://pbs.twimg.com/profile_images/797425725728964608/e1bI8lp3_normal.jpg","profile_image_url_https":"https://pbs.twimg.com/profile_images/797425725728964608/e1bI8lp3_normal.jpg","profile_banner_url":"https://pbs.twimg.com/profile_banners/297833968/1455189203","profile_link_color":"E8BC4C","profile_sidebar_border_color":"266B91","profile_sidebar_fill_color":"7AC3EE","profile_text_color":"3D1957","profile_use_background_image":true,"has_extended_profile":true,"default_profile":false,"default_profile_image":false,"following":false,"follow_request_sent":false,"notifications":false,"translator_type":"none"},"geo":null,"coordinates":null,"place":null,"contributors":null,"is_quote_status":true,"quoted_status_id":882778642941476900,"quoted_status_id_str":"882778642941476864","quoted_status":{"created_at":"Thu Jul 06 01:50:04 +0000 2017","id":882778642941476900,"id_str":"882778642941476864","text":"いきなりですが……\nしゃべる！けものフレンズ LINEスタンプ第2弾が出来ました！\n今回も使いやすい（？）24種類です♪\nhttps://t.co/epGvYKjX5K\n\n#けものフレンズ　#LINEスタンプ https://t.co/Om6EQxZ9Ie","truncated":false,"entities":{"hashtags":[{"text":"けものフレンズ","indices":[86,94]},{"text":"LINEスタンプ","indices":[95,104]}],"symbols":[],"user_mentions":[],"urls":[{"url":"https://t.co/epGvYKjX5K","expanded_url":"https://line.me/S/sticker/8913","display_url":"line.me/S/sticker/8913","indices":[61,84]}],"media":[{"id":882778635773530100,"id_str":"882778635773530112","indices":[105,128],"media_url":"http://pbs.twimg.com/media/DEBCffiV0AAr6FQ.jpg","media_url_https":"https://pbs.twimg.com/media/DEBCffiV0AAr6FQ.jpg","url":"https://t.co/Om6EQxZ9Ie","display_url":"pic.twitter.com/Om6EQxZ9Ie","expanded_url":"https://twitter.com/kemo_anime/status/882778642941476864/photo/1","type":"photo","sizes":{"medium":{"w":562,"h":460,"resize":"fit"},"thumb":{"w":150,"h":150,"resize":"crop"},"small":{"w":562,"h":460,"resize":"fit"},"large":{"w":562,"h":460,"resize":"fit"}}}]},"extended_entities":{"media":[{"id":882778635773530100,"id_str":"882778635773530112","indices":[105,128],"media_url":"http://pbs.twimg.com/media/DEBCffiV0AAr6FQ.jpg","media_url_https":"https://pbs.twimg.com/media/DEBCffiV0AAr6FQ.jpg","url":"https://t.co/Om6EQxZ9Ie","display_url":"pic.twitter.com/Om6EQxZ9Ie","expanded_url":"https://twitter.com/kemo_anime/status/882778642941476864/photo/1","type":"photo","sizes":{"medium":{"w":562,"h":460,"resize":"fit"},"thumb":{"w":150,"h":150,"resize":"crop"},"small":{"w":562,"h":460,"resize":"fit"},"large":{"w":562,"h":460,"resize":"fit"}}},{"id":882778635765129200,"id_str":"882778635765129216","indices":[105,128],"media_url":"http://pbs.twimg.com/media/DEBCffgVoAA1cxs.jpg","media_url_https":"https://pbs.twimg.com/media/DEBCffgVoAA1cxs.jpg","url":"https://t.co/Om6EQxZ9Ie","display_url":"pic.twitter.com/Om6EQxZ9Ie","expanded_url":"https://twitter.com/kemo_anime/status/882778642941476864/photo/1","type":"photo","sizes":{"large":{"w":240,"h":240,"resize":"fit"},"small":{"w":240,"h":240,"resize":"fit"},"thumb":{"w":150,"h":150,"resize":"crop"},"medium":{"w":240,"h":240,"resize":"fit"}}}]},"metadata":{"iso_language_code":"ja","result_type":"recent"},"source":"<a href=\"http://twitter.com/download/iphone\" rel=\"nofollow\">Twitter for iPhone</a>","in_reply_to_status_id":null,"in_reply_to_status_id_str":null,"in_reply_to_user_id":null,"in_reply_to_user_id_str":null,"in_reply_to_screen_name":null,"user":{"id":2801592695,"id_str":"2801592695","name":"けものフレンズ＠公式アカウント","screen_name":"kemo_anime","location":"ジャパリパーク","description":"「けものフレンズ」の公式Twitterです。ジャパリパークからアニメの情報を中心に、イベントやグッズなどプロジェクトのあれやこれやをお届けします！テレビアニメは毎週火曜日深夜1:35よりテレビ東京ほかで放送中です！　ハッシュタグは #けものフレンズ","url":"https://t.co/4vYG5e77ai","entities":{"url":{"urls":[{"url":"https://t.co/4vYG5e77ai","expanded_url":"http://kemono-friends.jp/","display_url":"kemono-friends.jp","indices":[0,23]}]},"description":{"urls":[]}},"protected":false,"followers_count":143684,"friends_count":111,"listed_count":1837,"created_at":"Fri Oct 03 08:32:14 +0000 2014","favourites_count":435,"utc_offset":32400,"time_zone":"Tokyo","geo_enabled":true,"verified":false,"statuses_count":1822,"lang":"ja","contributors_enabled":false,"is_translator":false,"is_translation_enabled":false,"profile_background_color":"80AD1F","profile_background_image_url":"http://pbs.twimg.com/profile_background_images/567162175580430338/80asjKfD.jpeg","profile_background_image_url_https":"https://pbs.twimg.com/profile_background_images/567162175580430338/80asjKfD.jpeg","profile_background_tile":true,"profile_image_url":"http://pbs.twimg.com/profile_images/712812877439062017/xZNnGcXW_normal.jpg","profile_image_url_https":"https://pbs.twimg.com/profile_images/712812877439062017/xZNnGcXW_normal.jpg","profile_banner_url":"https://pbs.twimg.com/profile_banners/2801592695/1459412411","profile_link_color":"FFCC4D","profile_sidebar_border_color":"000000","profile_sidebar_fill_color":"000000","profile_text_color":"000000","profile_use_background_image":true,"has_extended_profile":false,"default_profile":false,"default_profile_image":false,"following":false,"follow_request_sent":false,"notifications":false,"translator_type":"none"},"geo":null,"coordinates":null,"place":null,"contributors":null,"is_quote_status":false,"retweet_count":13666,"favorite_count":11774,"favorited":false,"retweeted":false,"possibly_sensitive":false,"lang":"ja"},"retweet_count":127,"favorite_count":395,"favorited":false,"retweeted":false,"possibly_sensitive":false,"lang":"ja"},{"created_at":"Thu Jul 06 11:15:47 +0000 2017","id":882921012593008600,"id_str":"882921012593008640","text":"｢ディズニー七夕デイズ｣\nTDL七夕グリーティングは明日最終日です\nhttps://t.co/FnFEoXnHdn https://t.co/8QH1gDRVPU","truncated":false,"entities":{"hashtags":[],"symbols":[],"user_mentions":[],"urls":[{"url":"https://t.co/FnFEoXnHdn","expanded_url":"http://dlove.jp/mezzomiki/2017/06/15/tokyo-disney-land-tanabata-greeting/","display_url":"dlove.jp/mezzomiki/2017…","indices":[34,57]}],"media":[{"id":882920996805632000,"id_str":"882920996805632000","indices":[58,81],"media_url":"http://pbs.twimg.com/media/DEDD9_tVYAAw3P0.jpg","media_url_https":"https://pbs.twimg.com/media/DEDD9_tVYAAw3P0.jpg","url":"https://t.co/8QH1gDRVPU","display_url":"pic.twitter.com/8QH1gDRVPU","expanded_url":"https://twitter.com/MezzoMikiD/status/882921012593008640/photo/1","type":"photo","sizes":{"medium":{"w":900,"h":1200,"resize":"fit"},"thumb":{"w":150,"h":150,"resize":"crop"},"large":{"w":1535,"h":2047,"resize":"fit"},"small":{"w":510,"h":680,"resize":"fit"}}}]},"extended_entities":{"media":[{"id":882920996805632000,"id_str":"882920996805632000","indices":[58,81],"media_url":"http://pbs.twimg.com/media/DEDD9_tVYAAw3P0.jpg","media_url_https":"https://pbs.twimg.com/media/DEDD9_tVYAAw3P0.jpg","url":"https://t.co/8QH1gDRVPU","display_url":"pic.twitter.com/8QH1gDRVPU","expanded_url":"https://twitter.com/MezzoMikiD/status/882921012593008640/photo/1","type":"photo","sizes":{"medium":{"w":900,"h":1200,"resize":"fit"},"thumb":{"w":150,"h":150,"resize":"crop"},"large":{"w":1535,"h":2047,"resize":"fit"},"small":{"w":510,"h":680,"resize":"fit"}}},{"id":882920996818214900,"id_str":"882920996818214912","indices":[58,81],"media_url":"http://pbs.twimg.com/media/DEDD9_wVYAAcTc6.jpg","media_url_https":"https://pbs.twimg.com/media/DEDD9_wVYAAcTc6.jpg","url":"https://t.co/8QH1gDRVPU","display_url":"pic.twitter.com/8QH1gDRVPU","expanded_url":"https://twitter.com/MezzoMikiD/status/882921012593008640/photo/1","type":"photo","sizes":{"large":{"w":1535,"h":2048,"resize":"fit"},"thumb":{"w":150,"h":150,"resize":"crop"},"medium":{"w":899,"h":1200,"resize":"fit"},"small":{"w":510,"h":680,"resize":"fit"}}},{"id":882920996813942800,"id_str":"882920996813942784","indices":[58,81],"media_url":"http://pbs.twimg.com/media/DEDD9_vUMAAyX1H.jpg","media_url_https":"https://pbs.twimg.com/media/DEDD9_vUMAAyX1H.jpg","url":"https://t.co/8QH1gDRVPU","display_url":"pic.twitter.com/8QH1gDRVPU","expanded_url":"https://twitter.com/MezzoMikiD/status/882921012593008640/photo/1","type":"photo","sizes":{"small":{"w":510,"h":680,"resize":"fit"},"thumb":{"w":150,"h":150,"resize":"crop"},"large":{"w":1536,"h":2048,"resize":"fit"},"medium":{"w":900,"h":1200,"resize":"fit"}}},{"id":882920996835016700,"id_str":"882920996835016704","indices":[58,81],"media_url":"http://pbs.twimg.com/media/DEDD9_0VwAAqEt_.jpg","media_url_https":"https://pbs.twimg.com/media/DEDD9_0VwAAqEt_.jpg","url":"https://t.co/8QH1gDRVPU","display_url":"pic.twitter.com/8QH1gDRVPU","expanded_url":"https://twitter.com/MezzoMikiD/status/882921012593008640/photo/1","type":"photo","sizes":{"medium":{"w":900,"h":1200,"resize":"fit"},"thumb":{"w":150,"h":150,"resize":"crop"},"large":{"w":1536,"h":2048,"resize":"fit"},"small":{"w":510,"h":680,"resize":"fit"}}}]},"metadata":{"iso_language_code":"ja","result_type":"recent"},"source":"<a href=\"http://twitter.com/download/iphone\" rel=\"nofollow\">Twitter for iPhone</a>","in_reply_to_status_id":null,"in_reply_to_status_id_str":null,"in_reply_to_user_id":null,"in_reply_to_user_id_str":null,"in_reply_to_screen_name":null,"user":{"id":1587275148,"id_str":"1587275148","name":"MezzoMikiのディズニーブログ","screen_name":"MezzoMikiD","location":"","description":"東京ディズニーランド・ディズニーシーのグッズ・お土産・ショー・グリーティング・レストラン パーク外のディズニーグッズ、イベントの紹介☆  情報発信用アカウントのためリプライへのお返事はこちらからはいたしかねますのでご了承ください 画像の転載もお控えください","url":"https://t.co/N16i9HIZib","entities":{"url":{"urls":[{"url":"https://t.co/N16i9HIZib","expanded_url":"http://dlove.jp/mezzomiki/","display_url":"dlove.jp/mezzomiki/","indices":[0,23]}]},"description":{"urls":[]}},"protected":false,"followers_count":459720,"friends_count":3,"listed_count":1577,"created_at":"Fri Jul 12 01:58:02 +0000 2013","favourites_count":6,"utc_offset":32400,"time_zone":"Tokyo","geo_enabled":false,"verified":false,"statuses_count":36708,"lang":"ja","contributors_enabled":false,"is_translator":false,"is_translation_enabled":false,"profile_background_color":"C0DEED","profile_background_image_url":"http://abs.twimg.com/images/themes/theme1/bg.png","profile_background_image_url_https":"https://abs.twimg.com/images/themes/theme1/bg.png","profile_background_tile":false,"profile_image_url":"http://pbs.twimg.com/profile_images/442074495847628800/DJRkP5Yn_normal.jpeg","profile_image_url_https":"https://pbs.twimg.com/profile_images/442074495847628800/DJRkP5Yn_normal.jpeg","profile_banner_url":"https://pbs.twimg.com/profile_banners/1587275148/1394234891","profile_link_color":"1DA1F2","profile_sidebar_border_color":"C0DEED","profile_sidebar_fill_color":"DDEEF6","profile_text_color":"333333","profile_use_background_image":true,"has_extended_profile":true,"default_profile":true,"default_profile_image":false,"following":false,"follow_request_sent":false,"notifications":false,"translator_type":"none"},"geo":null,"coordinates":null,"place":null,"contributors":null,"is_quote_status":false,"retweet_count":84,"favorite_count":306,"favorited":false,"retweeted":false,"possibly_sensitive":false,"lang":"ja"},{"created_at":"Thu Jul 06 11:15:24 +0000 2017","id":882920915251544000,"id_str":"882920915251544066","text":"神化後「二人のキズナ Two for all」！マインスイーパーとアンチブロックの組み合わせは闇属性では希少！SSターン短縮を所持する為、敵の攻撃ターンを3ターン増加させるSSが早めに使えてgood！ #モンスト https://t.co/OkN3WZWo33","truncated":false,"entities":{"hashtags":[{"text":"モンスト","indices":[101,106]}],"symbols":[],"user_mentions":[],"urls":[],"media":[{"id":882920748163014700,"id_str":"882920748163014656","indices":[107,130],"media_url":"http://pbs.twimg.com/media/DEDDvhcUIAAeMRN.jpg","media_url_https":"https://pbs.twimg.com/media/DEDDvhcUIAAeMRN.jpg","url":"https://t.co/OkN3WZWo33","display_url":"pic.twitter.com/OkN3WZWo33","expanded_url":"https://twitter.com/monst_chas/status/882920915251544066/photo/1","type":"photo","sizes":{"medium":{"w":400,"h":773,"resize":"fit"},"thumb":{"w":150,"h":150,"resize":"crop"},"large":{"w":400,"h":773,"resize":"fit"},"small":{"w":352,"h":680,"resize":"fit"}}}]},"extended_entities":{"media":[{"id":882920748163014700,"id_str":"882920748163014656","indices":[107,130],"media_url":"http://pbs.twimg.com/media/DEDDvhcUIAAeMRN.jpg","media_url_https":"https://pbs.twimg.com/media/DEDDvhcUIAAeMRN.jpg","url":"https://t.co/OkN3WZWo33","display_url":"pic.twitter.com/OkN3WZWo33","expanded_url":"https://twitter.com/monst_chas/status/882920915251544066/photo/1","type":"photo","sizes":{"medium":{"w":400,"h":773,"resize":"fit"},"thumb":{"w":150,"h":150,"resize":"crop"},"large":{"w":400,"h":773,"resize":"fit"},"small":{"w":352,"h":680,"resize":"fit"}}}]},"metadata":{"iso_language_code":"ja","result_type":"recent"},"source":"<a href=\"http://twitter.com\" rel=\"nofollow\">Twitter Web Client</a>","in_reply_to_status_id":null,"in_reply_to_status_id_str":null,"in_reply_to_user_id":null,"in_reply_to_user_id_str":null,"in_reply_to_screen_name":null,"user":{"id":2420290687,"id_str":"2420290687","name":"ちゃす@モンスト","screen_name":"monst_chas","location":"モンスト公式HP","description":"(*^^*)XFLAGの中のモンストの中の人のちゃすです。モンスターストライク（モンスト）に関する色んな情報やゲームのことをツイートしていきます～！ #モンスト（お問い合わせやご要望⇒ https://t.co/xFCcLkiuak ）（お便り募集⇒ https://t.co/Rob7JEoCgK）","url":"http://t.co/370g3tlpKb","entities":{"url":{"urls":[{"url":"http://t.co/370g3tlpKb","expanded_url":"http://www.monster-strike.com/","display_url":"monster-strike.com","indices":[0,22]}]},"description":{"urls":[{"url":"https://t.co/xFCcLkiuak","expanded_url":"http://www.monster-strike.com/support/","display_url":"monster-strike.com/support/","indices":[93,116]},{"url":"https://t.co/Rob7JEoCgK","expanded_url":"http://goo.gl/forms/ZUo4t2g2G1","display_url":"goo.gl/forms/ZUo4t2g2…","indices":[126,149]}]}},"protected":false,"followers_count":379056,"friends_count":42,"listed_count":1009,"created_at":"Mon Mar 31 09:34:29 +0000 2014","favourites_count":29,"utc_offset":28800,"time_zone":"Irkutsk","geo_enabled":false,"verified":true,"statuses_count":7181,"lang":"ja","contributors_enabled":false,"is_translator":false,"is_translation_enabled":false,"profile_background_color":"FF6699","profile_background_image_url":"http://abs.twimg.com/images/themes/theme11/bg.gif","profile_background_image_url_https":"https://abs.twimg.com/images/themes/theme11/bg.gif","profile_background_tile":true,"profile_image_url":"http://pbs.twimg.com/profile_images/876754785495531521/18iqHzhV_normal.jpg","profile_image_url_https":"https://pbs.twimg.com/profile_images/876754785495531521/18iqHzhV_normal.jpg","profile_banner_url":"https://pbs.twimg.com/profile_banners/2420290687/1498721827","profile_link_color":"B40B43","profile_sidebar_border_color":"CC3366","profile_sidebar_fill_color":"E5507E","profile_text_color":"362720","profile_use_background_image":true,"has_extended_profile":false,"default_profile":false,"default_profile_image":false,"following":false,"follow_request_sent":false,"notifications":false,"translator_type":"none"},"geo":null,"coordinates":null,"place":null,"contributors":null,"is_quote_status":false,"retweet_count":76,"favorite_count":88,"favorited":false,"retweeted":false,"possibly_sensitive":false,"lang":"ja"},{"created_at":"Thu Jul 06 11:15:24 +0000 2017","id":882920912592314400,"id_str":"882920912592314373","text":"知ってる人は知ってると思うけど…わいYouTubeからミクチャに移ったん人間どす😦\n\n去年の10月頃にYouTubeはじめてミクチャ今年の3月頃はじめた\n\n動画消してるけど、アカウント🖐🏻）） https://t.co/CdVI0senl4","truncated":false,"entities":{"hashtags":[],"symbols":[],"user_mentions":[],"urls":[],"media":[{"id":882920905705308200,"id_str":"882920905705308160","indices":[97,120],"media_url":"http://pbs.twimg.com/media/DEDD4sVUwAAiOtQ.jpg","media_url_https":"https://pbs.twimg.com/media/DEDD4sVUwAAiOtQ.jpg","url":"https://t.co/CdVI0senl4","display_url":"pic.twitter.com/CdVI0senl4","expanded_url":"https://twitter.com/soruto154/status/882920912592314373/photo/1","type":"photo","sizes":{"large":{"w":750,"h":1334,"resize":"fit"},"medium":{"w":675,"h":1200,"resize":"fit"},"thumb":{"w":150,"h":150,"resize":"crop"},"small":{"w":382,"h":680,"resize":"fit"}}}]},"extended_entities":{"media":[{"id":882920905705308200,"id_str":"882920905705308160","indices":[97,120],"media_url":"http://pbs.twimg.com/media/DEDD4sVUwAAiOtQ.jpg","media_url_https":"https://pbs.twimg.com/media/DEDD4sVUwAAiOtQ.jpg","url":"https://t.co/CdVI0senl4","display_url":"pic.twitter.com/CdVI0senl4","expanded_url":"https://twitter.com/soruto154/status/882920912592314373/photo/1","type":"photo","sizes":{"large":{"w":750,"h":1334,"resize":"fit"},"medium":{"w":675,"h":1200,"resize":"fit"},"thumb":{"w":150,"h":150,"resize":"crop"},"small":{"w":382,"h":680,"resize":"fit"}}}]},"metadata":{"iso_language_code":"ja","result_type":"recent"},"source":"<a href=\"http://twitter.com/download/iphone\" rel=\"nofollow\">Twitter for iPhone</a>","in_reply_to_status_id":null,"in_reply_to_status_id_str":null,"in_reply_to_user_id":null,"in_reply_to_user_id_str":null,"in_reply_to_screen_name":null,"user":{"id":2730698640,"id_str":"2730698640","name":"佐藤 そると は 鼻のJK👃🏻","screen_name":"soruto154","location":"しおらｰはfamily","description":"一般人を極めがかった人間","url":"https://t.co/JvnbksqCt4","entities":{"url":{"urls":[{"url":"https://t.co/JvnbksqCt4","expanded_url":"http://Instagram.com/soruto154","display_url":"Instagram.com/soruto154","indices":[0,23]}]},"description":{"urls":[]}},"protected":false,"followers_count":97965,"friends_count":60,"listed_count":110,"created_at":"Thu Aug 14 02:05:25 +0000 2014","favourites_count":7105,"utc_offset":null,"time_zone":null,"geo_enabled":true,"verified":false,"statuses_count":4705,"lang":"ja","contributors_enabled":false,"is_translator":false,"is_translation_enabled":false,"profile_background_color":"C0DEED","profile_background_image_url":"http://abs.twimg.com/images/themes/theme1/bg.png","profile_background_image_url_https":"https://abs.twimg.com/images/themes/theme1/bg.png","profile_background_tile":false,"profile_image_url":"http://pbs.twimg.com/profile_images/881081261611114496/M3LqpcDT_normal.jpg","profile_image_url_https":"https://pbs.twimg.com/profile_images/881081261611114496/M3LqpcDT_normal.jpg","profile_banner_url":"https://pbs.twimg.com/profile_banners/2730698640/1498971756","profile_link_color":"1DA1F2","profile_sidebar_border_color":"C0DEED","profile_sidebar_fill_color":"DDEEF6","profile_text_color":"333333","profile_use_background_image":true,"has_extended_profile":false,"default_profile":true,"default_profile_image":false,"following":false,"follow_request_sent":false,"notifications":false,"translator_type":"none"},"geo":null,"coordinates":null,"place":null,"contributors":null,"is_quote_status":false,"retweet_count":52,"favorite_count":992,"favorited":false,"retweeted":false,"possibly_sensitive":false,"lang":"ja"},{"created_at":"Thu Jul 06 11:15:24 +0000 2017","id":882920912424546300,"id_str":"882920912424546305","text":"本当の幸せってのは、\n頑張って、すんげぇ頑張って、\nでも失敗して、壁にぶつかって、\nときに人に裏切られて、\nでもいつか本当に大事な仲間に出会い、\n本当の愛や絆に包まれていくことだよ。\n\n映画「劇場版 SPEC～天～」より https://t.co/hWeaEuIMpz","truncated":false,"entities":{"hashtags":[],"symbols":[],"user_mentions":[],"urls":[],"media":[{"id":761744730816254000,"id_str":"761744730816253953","indices":[111,134],"media_url":"http://pbs.twimg.com/media/CpJCy_nUEAE1h-1.jpg","media_url_https":"https://pbs.twimg.com/media/CpJCy_nUEAE1h-1.jpg","url":"https://t.co/hWeaEuIMpz","display_url":"pic.twitter.com/hWeaEuIMpz","expanded_url":"http://twitter.com/time720/status/761744833610260481/photo/1","type":"photo","sizes":{"small":{"w":353,"h":500,"resize":"fit"},"thumb":{"w":150,"h":150,"resize":"crop"},"large":{"w":353,"h":500,"resize":"fit"},"medium":{"w":353,"h":500,"resize":"fit"}},"source_status_id":761744833610260500,"source_status_id_str":"761744833610260481","source_user_id":4853636893,"source_user_id_str":"4853636893"}]},"extended_entities":{"media":[{"id":761744730816254000,"id_str":"761744730816253953","indices":[111,134],"media_url":"http://pbs.twimg.com/media/CpJCy_nUEAE1h-1.jpg","media_url_https":"https://pbs.twimg.com/media/CpJCy_nUEAE1h-1.jpg","url":"https://t.co/hWeaEuIMpz","display_url":"pic.twitter.com/hWeaEuIMpz","expanded_url":"http://twitter.com/time720/status/761744833610260481/photo/1","type":"photo","sizes":{"small":{"w":353,"h":500,"resize":"fit"},"thumb":{"w":150,"h":150,"resize":"crop"},"large":{"w":353,"h":500,"resize":"fit"},"medium":{"w":353,"h":500,"resize":"fit"}},"source_status_id":761744833610260500,"source_status_id_str":"761744833610260481","source_user_id":4853636893,"source_user_id_str":"4853636893"}]},"metadata":{"iso_language_code":"ja","result_type":"recent"},"source":"<a href=\"http://twittbot.net/\" rel=\"nofollow\">twittbot.net</a>","in_reply_to_status_id":null,"in_reply_to_status_id_str":null,"in_reply_to_user_id":null,"in_reply_to_user_id_str":null,"in_reply_to_screen_name":null,"user":{"id":4853636893,"id_str":"4853636893","name":"魔法の言葉","screen_name":"time720","location":"","description":"心に響いた名言や日々思ったことをつぶやいていきます。","url":null,"entities":{"description":{"urls":[]}},"protected":false,"followers_count":130034,"friends_count":82918,"listed_count":199,"created_at":"Wed Feb 03 10:20:37 +0000 2016","favourites_count":90,"utc_offset":-25200,"time_zone":"Pacific Time (US & Canada)","geo_enabled":false,"verified":false,"statuses_count":7591,"lang":"ja","contributors_enabled":false,"is_translator":false,"is_translation_enabled":false,"profile_background_color":"F5F8FA","profile_background_image_url":null,"profile_background_image_url_https":null,"profile_background_tile":false,"profile_image_url":"http://pbs.twimg.com/profile_images/694830606828441600/HQTKUoqm_normal.jpg","profile_image_url_https":"https://pbs.twimg.com/profile_images/694830606828441600/HQTKUoqm_normal.jpg","profile_link_color":"1DA1F2","profile_sidebar_border_color":"C0DEED","profile_sidebar_fill_color":"DDEEF6","profile_text_color":"333333","profile_use_background_image":true,"has_extended_profile":false,"default_profile":true,"default_profile_image":false,"following":false,"follow_request_sent":false,"notifications":false,"translator_type":"none"},"geo":null,"coordinates":null,"place":null,"contributors":null,"is_quote_status":false,"retweet_count":69,"favorite_count":224,"favorited":false,"retweeted":false,"possibly_sensitive":false,"lang":"ja"}],"search_metadata":{"completed_in":0.065,"max_id":882922208800063500,"max_id_str":"882922208800063489","next_results":"?max_id=882920912424546304&q=lang%3Aja%20min_retweets%3A50&include_entities=1","query":"lang%3Aja+min_retweets%3A50","refresh_url":"?since_id=882922208800063489&q=lang%3Aja%20min_retweets%3A50&include_entities=1","count":15,"since_id":0,"since_id_str":"0"}}