{"statuses":[{"created_at":"Thu Jul 06 05:51:51 +0000 2017","id":882839489239957500,"id_str":"882839489239957505","text":"声出しも兼ねて、たまに家で巌窟王をやるんだけど、｢クハハハハ！｣｢ゼェアッ！｣｢慈悲などいらぬ！！｣｢ううううぐううおおおああああがあああああ！！！｣……壁が薄かったら通報されてるよなぁといつも思う🔥","truncated":false,"entities":{"hashtags":[],"symbols":[],"user_mentions":[],"urls":[]},"metadata":{"iso_language_code":"ja","result_type":"recent"},"source":"<a href=\"http://twitter.com/download/android\" rel=\"nofollow\">Twitter for Android</a>","in_reply_to_status_id":null,"in_reply_to_status_id_str":null,"in_reply_to_user_id":null,"in_reply_to_user_id_str":null,"in_reply_to_screen_name":null,"user":{"id":200406959,"id_str":"200406959","name":"島﨑信長(島崎信長)","screen_name":"nobunaga_s","location":"ひまわり畑 or 斬撃皇帝騎士団","description":"青二プロダクション所属の声優です。 アイコン画像はちょこ庵さん(@Chocoan09)のイラストを使用させていただいてます🌻","url":"https://t.co/tyuHgpLBLN","entities":{"url":{"urls":[{"url":"https://t.co/tyuHgpLBLN","expanded_url":"http://ameblo.jp/nobunagashimazaki/","display_url":"ameblo.jp/nobunagashimaz…","indices":[0,23]}]},"description":{"urls":[]}},"protected":false,"followers_count":664980,"friends_count":669,"listed_count":11904,"created_at":"Sat Oct 09 06:15:24 +0000 2010","favourites_count":0,"utc_offset":32400,"time_zone":"Tokyo","geo_enabled":false,"verified":false,"statuses_count":21685,"lang":"ja","contributors_enabled":false,"is_translator":false,"is_translation_enabled":false,"profile_background_color":"C0DEED","profile_background_image_url":"http://abs.twimg.com/images/themes/theme1/bg.png","profile_background_image_url_https":"https://abs.twimg.com/images/themes/theme1/bg.png","profile_background_tile":false,"profile_image_url":"http://pbs.twimg.com/profile_images/828914274588258304/3LyFQVAj_normal.jpg","profile_image_url_https":"https://pbs.twimg.com/profile_images/828914274588258304/3LyFQVAj_normal.jpg","profile_banner_url":"https://pbs.twimg.com/profile_banners/200406959/1482747087","profile_link_color":"1DA1F2","profile_sidebar_border_color":"C0DEED","profile_sidebar_fill_color":"DDEEF6","profile_text_color":"333333","profile_use_background_image":true,"has_extended_profile":true,"default_profile":true,"default_profile_image":false,"following":false,"follow_request_sent":false,"notifications":false,"translator_type":"none"},"geo":null,"coordinates":null,"place":null,"contributors":null,"is_quote_status":false,"retweet_count":11079,"favorite_count":16069,"favorited":false,"retweeted":false,"lang":"ja"},{"created_at":"Thu Jul 06 03:47:43 +0000 2017","id":882808249317285900,"id_str":"882808249317285888","text":"7月19日(水)発売の1stアルバム「真っ白なものは汚したくなる」初回仕様限定盤TYPE-B収録の『エキセントリック』のMusic Videoを欅坂46 OFFICIAL YouTube CHANNELで公開しました🎥\n#欅坂46\nhttps://t.co/at0Yuhoq88","truncated":false,"entities":{"hashtags":[{"text":"欅坂46","indices":[110,115]}],"symbols":[],"user_mentions":[],"urls":[{"url":"https://t.co/at0Yuhoq88","expanded_url":"https://youtu.be/65v7JSBpQ4U","display_url":"youtu.be/65v7JSBpQ4U","indices":[116,139]}]},"metadata":{"iso_language_code":"ja","result_type":"recent"},"source":"<a href=\"http://www.echofon.com/\" rel=\"nofollow\">Echofon</a>","in_reply_to_status_id":null,"in_reply_to_status_id_str":null,"in_reply_to_user_id":null,"in_reply_to_user_id_str":null,"in_reply_to_screen_name":null,"user":{"id":3433403638,"id_str":"3433403638","name":"欅坂46","screen_name":"keyakizaka46","location":"","description":"秋元康 総合プロデュース、乃木坂46に続く「坂道シリーズ」第2弾。2015年8月21日、乃木坂46結成から4年後の同じ日・同じ場所で結成。応募総数22,509名の中から選ばれたメンバーで2016年4月6日「サイレントマジョリティー」でデビュー!2017年7月19日1stアルバム「真っ白なものは汚したくなる」リリース予定","url":"https://t.co/Rpjth8X8lU","entities":{"url":{"urls":[{"url":"https://t.co/Rpjth8X8lU","expanded_url":"http://www.keyakizaka46.com/","display_url":"keyakizaka46.com","indices":[0,23]}]},"description":{"urls":[]}},"protected":false,"followers_count":412488,"friends_count":0,"listed_count":2110,"created_at":"Thu Aug 20 22:00:08 +0000 2015","favourites_count":0,"utc_offset":null,"time_zone":null,"geo_enabled":false,"verified":true,"statuses_count":894,"lang":"ja","contributors_enabled":false,"is_translator":false,"is_translation_enabled":false,"profile_background_color":"000000","profile_background_image_url":"http://abs.twimg.com/images/themes/theme1/bg.png","profile_background_image_url_https":"https://abs.twimg.com/images/themes/theme1/bg.png","profile_background_tile":false,"profile_image_url":"http://pbs.twimg.com/profile_images/875580356996415488/tN4jYZEL_normal.jpg","profile_image_url_https":"https://pbs.twimg.com/profile_images/875580356996415488/tN4jYZEL_normal.jpg","profile_banner_url":"https://pbs.twimg.com/profile_banners/3433403638/1450171390","profile_link_color":"5FB955","profile_sidebar_border_color":"000000","profile_sidebar_fill_color":"000000","profile_text_color":"000000","profile_use_background_image":false,"has_extended_profile":false,"default_profile":false,"default_profile_image":false,"following":false,"follow_request_sent":false,"notifications":false,"translator_type":"none"},"geo":null,"coordinates":null,"place":null,"contributors":null,"is_quote_status":false,"retweet_count":7280,"favorite_count":17975,"favorited":false,"retweeted":false,"possibly_sensitive":false,"lang":"ja"},{"created_at":"Thu Jul 06 03:44:12 +0000 2017","id":882807366898524200,"id_str":"882807366898524161","text":"バイアグラ100ml男もかなりパワーワードだけど、松居一代さんのwikiのバイアグラードン大学教授もかなりヤベェ https://t.co/kpHdPBLcOC","truncated":false,"entities":{"hashtags":[],"symbols":[],"user_mentions":[],"urls":[],"media":[{"id":882807358874939400,"id_str":"882807358874939393","indices":[57,80],"media_url":"http://pbs.twimg.com/media/DEBcnZbXcAE29pU.jpg","media_url_https":"https://pbs.twimg.com/media/DEBcnZbXcAE29pU.jpg","url":"https://t.co/kpHdPBLcOC","display_url":"pic.twitter.com/kpHdPBLcOC","expanded_url":"https://twitter.com/kashima1114/status/882807366898524161/photo/1","type":"photo","sizes":{"large":{"w":750,"h":1334,"resize":"fit"},"medium":{"w":675,"h":1200,"resize":"fit"},"thumb":{"w":150,"h":150,"resize":"crop"},"small":{"w":382,"h":680,"resize":"fit"}}}]},"extended_entities":{"media":[{"id":882807358874939400,"id_str":"882807358874939393","indices":[57,80],"media_url":"http://pbs.twimg.com/media/DEBcnZbXcAE29pU.jpg","media_url_https":"https://pbs.twimg.com/media/DEBcnZbXcAE29pU.jpg","url":"https://t.co/kpHdPBLcOC","display_url":"pic.twitter.com/kpHdPBLcOC","expanded_url":"https://twitter.com/kashima1114/status/882807366898524161/photo/1","type":"photo","sizes":{"large":{"w":750,"h":1334,"resize":"fit"},"medium":{"w":675,"h":1200,"resize":"fit"},"thumb":{"w":150,"h":150,"resize":"crop"},"small":{"w":382,"h":680,"resize":"fit"}}},{"id":882807358900105200,"id_str":"882807358900105220","indices":[57,80],"media_url":"http://pbs.twimg.com/media/DEBcnZhXcAQALqZ.jpg","media_url_https":"https://pbs.twimg.com/media/DEBcnZhXcAQALqZ.jpg","url":"https://t.co/kpHdPBLcOC","display_url":"pic.twitter.com/kpHdPBLcOC","expanded_url":"https://twitter.com/kashima1114/status/882807366898524161/photo/1","type":"photo","sizes":{"large":{"w":750,"h":1334,"resize":"fit"},"medium":{"w":675,"h":1200,"resize":"fit"},"thumb":{"w":150,"h":150,"resize":"crop"},"small":{"w":382,"h":680,"resize":"fit"}}}]},"metadata":{"iso_language_code":"ja","result_type":"recent"},"source":"<a href=\"http://twitter.com/download/iphone\" rel=\"nofollow\">Twitter for iPhone</a>","in_reply_to_status_id":null,"in_reply_to_status_id_str":null,"in_reply_to_user_id":null,"in_reply_to_user_id_str":null,"in_reply_to_screen_name":null,"user":{"id":159027027,"id_str":"159027027","name":"かしまω","screen_name":"kashima1114","location":"","description":"社会人20↑/2次元、3次元なんもかんも貪る/最近は映画、海外ドラマがhot/長年のスパイディ推し","url":null,"entities":{"description":{"urls":[]}},"protected":false,"followers_count":161,"friends_count":165,"listed_count":3,"created_at":"Thu Jun 24 07:34:12 +0000 2010","favourites_count":4775,"utc_offset":-36000,"time_zone":"Hawaii","geo_enabled":false,"verified":false,"statuses_count":39218,"lang":"ja","contributors_enabled":false,"is_translator":false,"is_translation_enabled":false,"profile_background_color":"B2DFDA","profile_background_image_url":"http://abs.twimg.com/images/themes/theme13/bg.gif","profile_background_image_url_https":"https://abs.twimg.com/images/themes/theme13/bg.gif","profile_background_tile":false,"profile_image_url":"http://pbs.twimg.com/profile_images/875878846548983808/K9UpXlhr_normal.jpg","profile_image_url_https":"https://pbs.twimg.com/profile_images/875878846548983808/K9UpXlhr_normal.jpg","profile_banner_url":"https://pbs.twimg.com/profile_banners/159027027/1498395070","profile_link_color":"FFCC4D","profile_sidebar_border_color":"FFFFFF","profile_sidebar_fill_color":"FFFFFF","profile_text_color":"333333","profile_use_background_image":true,"has_extended_profile":true,"default_profile":false,"default_profile_image":false,"following":false,"follow_request_sent":false,"notifications":false,"translator_type":"none"},"geo":null,"coordinates":null,"place":null,"contributors":null,"is_quote_status":false,"retweet_count":5172,"favorite_count":4545,"favorited":false,"retweeted":false,"possibly_sensitive":false,"lang":"ja"},{"created_at":"Thu Jul 06 03:04:14 +0000 2017","id":882797308923887600,"id_str":"882797308923887616","text":"海賊のおじさんが財宝の呪いでTSして幼女になってしまう漫画です https://t.co/1o8WGMqpyY","truncated":false,"entities":{"hashtags":[],"symbols":[],"user_mentions":[],"urls":[],"media":[{"id":882797253454307300,"id_str":"882797253454307329","indices":[32,55],"media_url":"http://pbs.twimg.com/media/DEBTbLzVoAEyvIj.png","media_url_https":"https://pbs.twimg.com/media/DEBTbLzVoAEyvIj.png","url":"https://t.co/1o8WGMqpyY","display_url":"pic.twitter.com/1o8WGMqpyY","expanded_url":"https://twitter.com/bushi218/status/882797308923887616/photo/1","type":"photo","sizes":{"medium":{"w":700,"h":990,"resize":"fit"},"small":{"w":481,"h":680,"resize":"fit"},"large":{"w":700,"h":990,"resize":"fit"},"thumb":{"w":150,"h":150,"resize":"crop"}}}]},"extended_entities":{"media":[{"id":882797253454307300,"id_str":"882797253454307329","indices":[32,55],"media_url":"http://pbs.twimg.com/media/DEBTbLzVoAEyvIj.png","media_url_https":"https://pbs.twimg.com/media/DEBTbLzVoAEyvIj.png","url":"https://t.co/1o8WGMqpyY","display_url":"pic.twitter.com/1o8WGMqpyY","expanded_url":"https://twitter.com/bushi218/status/882797308923887616/photo/1","type":"photo","sizes":{"medium":{"w":700,"h":990,"resize":"fit"},"small":{"w":481,"h":680,"resize":"fit"},"large":{"w":700,"h":990,"resize":"fit"},"thumb":{"w":150,"h":150,"resize":"crop"}}},{"id":882797268688019500,"id_str":"882797268688019457","indices":[32,55],"media_url":"http://pbs.twimg.com/media/DEBTcEjVoAEokMa.png","media_url_https":"https://pbs.twimg.com/media/DEBTcEjVoAEokMa.png","url":"https://t.co/1o8WGMqpyY","display_url":"pic.twitter.com/1o8WGMqpyY","expanded_url":"https://twitter.com/bushi218/status/882797308923887616/photo/1","type":"photo","sizes":{"small":{"w":481,"h":680,"resize":"fit"},"thumb":{"w":150,"h":150,"resize":"crop"},"large":{"w":700,"h":990,"resize":"fit"},"medium":{"w":700,"h":990,"resize":"fit"}}},{"id":882797281962897400,"id_str":"882797281962897409","indices":[32,55],"media_url":"http://pbs.twimg.com/media/DEBTc2AUMAEfFbK.png","media_url_https":"https://pbs.twimg.com/media/DEBTc2AUMAEfFbK.png","url":"https://t.co/1o8WGMqpyY","display_url":"pic.twitter.com/1o8WGMqpyY","expanded_url":"https://twitter.com/bushi218/status/882797308923887616/photo/1","type":"photo","sizes":{"large":{"w":700,"h":990,"resize":"fit"},"thumb":{"w":150,"h":150,"resize":"crop"},"small":{"w":481,"h":680,"resize":"fit"},"medium":{"w":700,"h":990,"resize":"fit"}}},{"id":882797296945045500,"id_str":"882797296945045504","indices":[32,55],"media_url":"http://pbs.twimg.com/media/DEBTdt0VoAA9-gC.png","media_url_https":"https://pbs.twimg.com/media/DEBTdt0VoAA9-gC.png","url":"https://t.co/1o8WGMqpyY","display_url":"pic.twitter.com/1o8WGMqpyY","expanded_url":"https://twitter.com/bushi218/status/882797308923887616/photo/1","type":"photo","sizes":{"medium":{"w":700,"h":990,"resize":"fit"},"small":{"w":481,"h":680,"resize":"fit"},"thumb":{"w":150,"h":150,"resize":"crop"},"large":{"w":700,"h":990,"resize":"fit"}}}]},"metadata":{"iso_language_code":"ja","result_type":"recent"},"source":"<a href=\"http://twitter.com\" rel=\"nofollow\">Twitter Web Client</a>","in_reply_to_status_id":null,"in_reply_to_status_id_str":null,"in_reply_to_user_id":null,"in_reply_to_user_id_str":null,"in_reply_to_screen_name":null,"user":{"id":757154880,"id_str":"757154880","name":"ぶし＠新都社","screen_name":"bushi218","location":"日本・茨城県","description":"悪役とかニッチなエロとかリョナとか女の子とか描く人\n悪役シスターさんTogetterまとめ→ https://t.co/C2QUqZxQxp\n\n過去に描いた漫画→https://t.co/5Lv9cP7szz\n\n お題箱→https://t.co/WhjPxceYeb","url":"https://t.co/5Lv9cP7szz","entities":{"url":{"urls":[{"url":"https://t.co/5Lv9cP7szz","expanded_url":"http://bushimatome.mitsu-hide.com/","display_url":"bushimatome.mitsu-hide.com","indices":[0,23]}]},"description":{"urls":[{"url":"https://t.co/C2QUqZxQxp","expanded_url":"https://togetter.com/li/1084385","display_url":"togetter.com/li/1084385","indices":[47,70]},{"url":"https://t.co/5Lv9cP7szz","expanded_url":"http://bushimatome.mitsu-hide.com/","display_url":"bushimatome.mitsu-hide.com","indices":[81,104]},{"url":"https://t.co/WhjPxceYeb","expanded_url":"http://odaibako.net/u/bushi218","display_url":"odaibako.net/u/bushi218","indices":[111,134]}]}},"protected":false,"followers_count":9230,"friends_count":633,"listed_count":184,"created_at":"Tue Aug 14 13:27:22 +0000 2012","favourites_count":7526,"utc_offset":28800,"time_zone":"Irkutsk","geo_enabled":false,"verified":false,"statuses_count":56751,"lang":"ja","contributors_enabled":false,"is_translator":false,"is_translation_enabled":false,"profile_background_color":"000000","profile_background_image_url":"http://abs.twimg.com/images/themes/theme1/bg.png","profile_background_image_url_https":"https://abs.twimg.com/images/themes/theme1/bg.png","profile_background_tile":false,"profile_image_url":"http://pbs.twimg.com/profile_images/789511157866299392/ZKEAEMg8_normal.jpg","profile_image_url_https":"https://pbs.twimg.com/profile_images/789511157866299392/ZKEAEMg8_normal.jpg","profile_link_color":"FAB81E","profile_sidebar_border_color":"000000","profile_sidebar_fill_color":"000000","profile_text_color":"000000","profile_use_background_image":false,"has_extended_profile":true,"default_profile":false,"default_profile_image":false,"following":false,"follow_request_sent":false,"notifications":false,"translator_type":"none"},"geo":null,"coordinates":null,"place":null,"contributors":null,"is_quote_status":false,"retweet_count":6115,"favorite_count":8445,"favorited":false,"retweeted":false,"possibly_sensitive":true,"lang":"ja"},{"created_at":"Thu Jul 06 03:00:10 +0000 2017","id":882796283022295000,"id_str":"882796283022295040","text":"【動画】「あの花」岡田麿里が監督＆脚本、映画『さよならの朝に約束の花をかざろう』公開決定 - キャラ原案・吉田明彦、音楽・川井憲次 - https://t.co/9x10d4eCOY https://t.co/XUKuATWdyM","truncated":false,"entities":{"hashtags":[],"symbols":[],"user_mentions":[],"urls":[{"url":"https://t.co/9x10d4eCOY","expanded_url":"https://www.fashion-press.net/news/31912","display_url":"fashion-press.net/news/31912","indices":[68,91]}],"media":[{"id":882796266652016600,"id_str":"882796266652016640","indices":[92,115],"media_url":"http://pbs.twimg.com/media/DEBShvrVoAA7IhE.jpg","media_url_https":"https://pbs.twimg.com/media/DEBShvrVoAA7IhE.jpg","url":"https://t.co/XUKuATWdyM","display_url":"pic.twitter.com/XUKuATWdyM","expanded_url":"https://twitter.com/fashionpressnet/status/882796283022295040/photo/1","type":"photo","sizes":{"small":{"w":680,"h":349,"resize":"fit"},"large":{"w":852,"h":437,"resize":"fit"},"thumb":{"w":150,"h":150,"resize":"crop"},"medium":{"w":852,"h":437,"resize":"fit"}}}]},"extended_entities":{"media":[{"id":882796266652016600,"id_str":"882796266652016640","indices":[92,115],"media_url":"http://pbs.twimg.com/media/DEBShvrVoAA7IhE.jpg","media_url_https":"https://pbs.twimg.com/media/DEBShvrVoAA7IhE.jpg","url":"https://t.co/XUKuATWdyM","display_url":"pic.twitter.com/XUKuATWdyM","expanded_url":"https://twitter.com/fashionpressnet/status/882796283022295040/photo/1","type":"photo","sizes":{"small":{"w":680,"h":349,"resize":"fit"},"large":{"w":852,"h":437,"resize":"fit"},"thumb":{"w":150,"h":150,"resize":"crop"},"medium":{"w":852,"h":437,"resize":"fit"}}},{"id":882796271836082200,"id_str":"882796271836082176","indices":[92,115],"media_url":"http://pbs.twimg.com/media/DEBSiC_UMAAQApc.jpg","media_url_https":"https://pbs.twimg.com/media/DEBSiC_UMAAQApc.jpg","url":"https://t.co/XUKuATWdyM","display_url":"pic.twitter.com/XUKuATWdyM","expanded_url":"https://twitter.com/fashionpressnet/status/882796283022295040/photo/1","type":"photo","sizes":{"medium":{"w":852,"h":434,"resize":"fit"},"thumb":{"w":150,"h":150,"resize":"crop"},"small":{"w":680,"h":346,"resize":"fit"},"large":{"w":852,"h":434,"resize":"fit"}}},{"id":882796274931482600,"id_str":"882796274931482624","indices":[92,115],"media_url":"http://pbs.twimg.com/media/DEBSiOhUQAA5Kje.jpg","media_url_https":"https://pbs.twimg.com/media/DEBSiOhUQAA5Kje.jpg","url":"https://t.co/XUKuATWdyM","display_url":"pic.twitter.com/XUKuATWdyM","expanded_url":"https://twitter.com/fashionpressnet/status/882796283022295040/photo/1","type":"photo","sizes":{"small":{"w":680,"h":354,"resize":"fit"},"thumb":{"w":150,"h":150,"resize":"crop"},"medium":{"w":835,"h":435,"resize":"fit"},"large":{"w":835,"h":435,"resize":"fit"}}},{"id":882796279847239700,"id_str":"882796279847239680","indices":[92,115],"media_url":"http://pbs.twimg.com/media/DEBSig1UwAAOgul.jpg","media_url_https":"https://pbs.twimg.com/media/DEBSig1UwAAOgul.jpg","url":"https://t.co/XUKuATWdyM","display_url":"pic.twitter.com/XUKuATWdyM","expanded_url":"https://twitter.com/fashionpressnet/status/882796283022295040/photo/1","type":"photo","sizes":{"large":{"w":500,"h":707,"resize":"fit"},"thumb":{"w":150,"h":150,"resize":"crop"},"medium":{"w":500,"h":707,"resize":"fit"},"small":{"w":481,"h":680,"resize":"fit"}}}]},"metadata":{"iso_language_code":"ja","result_type":"recent"},"source":"<a href=\"http://www.fashion-press.net/\" rel=\"nofollow\">Fashion Press</a>","in_reply_to_status_id":null,"in_reply_to_status_id_str":null,"in_reply_to_user_id":null,"in_reply_to_user_id_str":null,"in_reply_to_screen_name":null,"user":{"id":168816611,"id_str":"168816611","name":"Fashion Press","screen_name":"fashionpressnet","location":"","description":"ファッションWEBマガジン「ファッションプレス」公式アカウント。 【Instagram】http://t.co/3myapCJ1Ax【Facebook】http://t.co/8FFmQA2set","url":"http://t.co/rSEGQEqMH0","entities":{"url":{"urls":[{"url":"http://t.co/rSEGQEqMH0","expanded_url":"http://www.fashion-press.net/","display_url":"fashion-press.net","indices":[0,22]}]},"description":{"urls":[{"url":"http://t.co/3myapCJ1Ax","expanded_url":"http://instagram.com/fashionpressjp","display_url":"instagram.com/fashionpressjp","indices":[44,66]},{"url":"http://t.co/8FFmQA2set","expanded_url":"http://www.facebook.com/FashionPress.net","display_url":"facebook.com/FashionPress.n…","indices":[76,98]}]}},"protected":false,"followers_count":2272413,"friends_count":2,"listed_count":8931,"created_at":"Tue Jul 20 21:38:17 +0000 2010","favourites_count":0,"utc_offset":32400,"time_zone":"Tokyo","geo_enabled":false,"verified":true,"statuses_count":80369,"lang":"ja","contributors_enabled":false,"is_translator":false,"is_translation_enabled":false,"profile_background_color":"F5F8FA","profile_background_image_url":"http://abs.twimg.com/images/themes/theme14/bg.gif","profile_background_image_url_https":"https://abs.twimg.com/images/themes/theme14/bg.gif","profile_background_tile":false,"profile_image_url":"http://pbs.twimg.com/profile_images/491483872677228544/fuq52Rp2_normal.jpeg","profile_image_url_https":"https://pbs.twimg.com/profile_images/491483872677228544/fuq52Rp2_normal.jpeg","profile_banner_url":"https://pbs.twimg.com/profile_banners/168816611/1444307408","profile_link_color":"343738","profile_sidebar_border_color":"FFFFFF","profile_sidebar_fill_color":"DDEEF6","profile_text_color":"333333","profile_use_background_image":true,"has_extended_profile":false,"default_profile":false,"default_profile_image":false,"following":false,"follow_request_sent":false,"notifications":false,"translator_type":"none"},"geo":null,"coordinates":null,"place":null,"contributors":null,"is_quote_status":false,"retweet_count":5436,"favorite_count":8435,"favorited":false,"retweeted":false,"possibly_sensitive":false,"lang":"ja"},{"created_at":"Thu Jul 06 02:42:28 +0000 2017","id":882791830944751600,"id_str":"882791830944751616","text":"大学の寝てるやつに射精したった https://t.co/0rkNsgkGLF","truncated":false,"entities":{"hashtags":[],"symbols":[],"user_mentions":[],"urls":[],"media":[{"id":882791697297494000,"id_str":"882791697297494016","indices":[16,39],"media_url":"http://pbs.twimg.com/ext_tw_video_thumb/882791697297494016/pu/img/YVtm2S1H4-u3oI69.jpg","media_url_https":"https://pbs.twimg.com/ext_tw_video_thumb/882791697297494016/pu/img/YVtm2S1H4-u3oI69.jpg","url":"https://t.co/0rkNsgkGLF","display_url":"pic.twitter.com/0rkNsgkGLF","expanded_url":"https://twitter.com/GUNDAM_GAIJI/status/882791830944751616/video/1","type":"photo","sizes":{"thumb":{"w":150,"h":150,"resize":"crop"},"medium":{"w":540,"h":810,"resize":"fit"},"large":{"w":540,"h":810,"resize":"fit"},"small":{"w":340,"h":510,"resize":"fit"}}}]},"extended_entities":{"media":[{"id":882791697297494000,"id_str":"882791697297494016","indices":[16,39],"media_url":"http://pbs.twimg.com/ext_tw_video_thumb/882791697297494016/pu/img/YVtm2S1H4-u3oI69.jpg","media_url_https":"https://pbs.twimg.com/ext_tw_video_thumb/882791697297494016/pu/img/YVtm2S1H4-u3oI69.jpg","url":"https://t.co/0rkNsgkGLF","display_url":"pic.twitter.com/0rkNsgkGLF","expanded_url":"https://twitter.com/GUNDAM_GAIJI/status/882791830944751616/video/1","type":"video","sizes":{"thumb":{"w":150,"h":150,"resize":"crop"},"medium":{"w":540,"h":810,"resize":"fit"},"large":{"w":540,"h":810,"resize":"fit"},"small":{"w":340,"h":510,"resize":"fit"}},"video_info":{"aspect_ratio":[2,3],"duration_millis":15542,"variants":[{"bitrate":320000,"content_type":"video/mp4","url":"https://video.twimg.com/ext_tw_video/882791697297494016/pu/vid/212x320/LaWioYxbD3dkIgHs.mp4"},{"content_type":"application/x-mpegURL","url":"https://video.twimg.com/ext_tw_video/882791697297494016/pu/pl/InSiUuzEwRzbXtgN.m3u8"},{"bitrate":832000,"content_type":"video/mp4","url":"https://video.twimg.com/ext_tw_video/882791697297494016/pu/vid/426x640/7Y9G30GAymVjgF2e.mp4"}]},"additional_media_info":{"monetizable":false}}]},"metadata":{"iso_language_code":"ja","result_type":"recent"},"source":"<a href=\"http://twitter.com/download/iphone\" rel=\"nofollow\">Twitter for iPhone</a>","in_reply_to_status_id":null,"in_reply_to_status_id_str":null,"in_reply_to_user_id":null,"in_reply_to_user_id_str":null,"in_reply_to_screen_name":null,"user":{"id":795630398248079400,"id_str":"795630398248079360","name":"ガンダムMBon童貞プレイヤーbot","screen_name":"GUNDAM_GAIJI","location":"","description":"","url":null,"entities":{"description":{"urls":[]}},"protected":false,"followers_count":201,"friends_count":26,"listed_count":12,"created_at":"Mon Nov 07 14:14:03 +0000 2016","favourites_count":1,"utc_offset":null,"time_zone":null,"geo_enabled":false,"verified":false,"statuses_count":8,"lang":"ja","contributors_enabled":false,"is_translator":false,"is_translation_enabled":false,"profile_background_color":"F5F8FA","profile_background_image_url":null,"profile_background_image_url_https":null,"profile_background_tile":false,"profile_image_url":"http://pbs.twimg.com/profile_images/862526006006906880/nWt9SQMj_normal.jpg","profile_image_url_https":"https://pbs.twimg.com/profile_images/862526006006906880/nWt9SQMj_normal.jpg","profile_banner_url":"https://pbs.twimg.com/profile_banners/795630398248079360/1494477201","profile_link_color":"1DA1F2","profile_sidebar_border_color":"C0DEED","profile_sidebar_fill_color":"DDEEF6","profile_text_color":"333333","profile_use_background_image":true,"has_extended_profile":false,"default_profile":true,"default_profile_image":false,"following":false,"follow_request_sent":false,"notifications":false,"translator_type":"none"},"geo":null,"coordinates":null,"place":null,"contributors":null,"is_quote_status":false,"retweet_count":7299,"favorite_count":6941,"favorited":false,"retweeted":false,"possibly_sensitive":true,"lang":"ja"},{"created_at":"Thu Jul 06 01:50:04 +0000 2017","id":882778642941476900,"id_str":"882778642941476864","text":"いきなりですが……\nしゃべる！けものフレンズ LINEスタンプ第2弾が出来ました！\n今回も使いやすい（？）24種類です♪\nhttps://t.co/epGvYKjX5K\n\n#けものフレンズ　#LINEスタンプ https://t.co/Om6EQxZ9Ie","truncated":false,"entities":{"hashtags":[{"text":"けものフレンズ","indices":[86,94]},{"text":"LINEスタンプ","indices":[95,104]}],"symbols":[],"user_mentions":[],"urls":[{"url":"https://t.co/epGvYKjX5K","expanded_url":"https://line.me/S/sticker/8913","display_url":"line.me/S/sticker/8913","indices":[61,84]}],"media":[{"id":882778635773530100,"id_str":"882778635773530112","indices":[105,128],"media_url":"http://pbs.twimg.com/media/DEBCffiV0AAr6FQ.jpg","media_url_https":"https://pbs.twimg.com/media/DEBCffiV0AAr6FQ.jpg","url":"https://t.co/Om6EQxZ9Ie","display_url":"pic.twitter.com/Om6EQxZ9Ie","expanded_url":"https://twitter.com/kemo_anime/status/882778642941476864/photo/1","type":"photo","sizes":{"medium":{"w":562,"h":460,"resize":"fit"},"thumb":{"w":150,"h":150,"resize":"crop"},"small":{"w":562,"h":460,"resize":"fit"},"large":{"w":562,"h":460,"resize":"fit"}}}]},"extended_entities":{"media":[{"id":882778635773530100,"id_str":"882778635773530112","indices":[105,128],"media_url":"http://pbs.twimg.com/media/DEBCffiV0AAr6FQ.jpg","media_url_https":"https://pbs.twimg.com/media/DEBCffiV0AAr6FQ.jpg","url":"https://t.co/Om6EQxZ9Ie","display_url":"pic.twitter.com/Om6EQxZ9Ie","expanded_url":"https://twitter.com/kemo_anime/status/882778642941476864/photo/1","type":"photo","sizes":{"medium":{"w":562,"h":460,"resize":"fit"},"thumb":{"w":150,"h":150,"resize":"crop"},"small":{"w":562,"h":460,"resize":"fit"},"large":{"w":562,"h":460,"resize":"fit"}}},{"id":882778635765129200,"id_str":"882778635765129216","indices":[105,128],"media_url":"http://pbs.twimg.com/media/DEBCffgVoAA1cxs.jpg","media_url_https":"https://pbs.twimg.com/media/DEBCffgVoAA1cxs.jpg","url":"https://t.co/Om6EQxZ9Ie","display_url":"pic.twitter.com/Om6EQxZ9Ie","expanded_url":"https://twitter.com/kemo_anime/status/882778642941476864/photo/1","type":"photo","sizes":{"large":{"w":240,"h":240,"resize":"fit"},"small":{"w":240,"h":240,"resize":"fit"},"thumb":{"w":150,"h":150,"resize":"crop"},"medium":{"w":240,"h":240,"resize":"fit"}}}]},"metadata":{"iso_language_code":"ja","result_type":"recent"},"source":"<a href=\"http://twitter.com/download/iphone\" rel=\"nofollow\">Twitter for iPhone</a>","in_reply_to_status_id":null,"in_reply_to_status_id_str":null,"in_reply_to_user_id":null,"in_reply_to_user_id_str":null,"in_reply_to_screen_name":null,"user":{"id":2801592695,"id_str":"2801592695","name":"けものフレンズ＠公式アカウント","screen_name":"kemo_anime","location":"ジャパリパーク","description":"「けものフレンズ」の公式Twitterです。ジャパリパークからアニメの情報を中心に、イベントやグッズなどプロジェクトのあれやこれやをお届けします！テレビアニメは毎週火曜日深夜1:35よりテレビ東京ほかで放送中です！　ハッシュタグは #けものフレンズ","url":"https://t.co/4vYG5e77ai","entities":{"url":{"urls":[{"url":"https://t.co/4vYG5e77ai","expanded_url":"http://kemono-friends.jp/","display_url":"kemono-friends.jp","indices":[0,23]}]},"description":{"urls":[]}},"protected":false,"followers_count":143632,"friends_count":111,"listed_count":1837,"created_at":"Fri Oct 03 08:32:14 +0000 2014","favourites_count":435,"utc_offset":32400,"time_zone":"Tokyo","geo_enabled":true,"verified":false,"statuses_count":1821,"lang":"ja","contributors_enabled":false,"is_translator":false,"is_translation_enabled":false,"profile_background_color":"80AD1F","profile_background_image_url":"http://pbs.twimg.com/profile_background_images/567162175580430338/80asjKfD.jpeg","profile_background_image_url_https":"https://pbs.twimg.com/profile_background_images/567162175580430338/80asjKfD.jpeg","profile_background_tile":true,"profile_image_url":"http://pbs.twimg.com/profile_images/712812877439062017/xZNnGcXW_normal.jpg","profile_image_url_https":"https://pbs.twimg.com/profile_images/712812877439062017/xZNnGcXW_normal.jpg","profile_banner_url":"https://pbs.twimg.com/profile_banners/2801592695/1459412411","profile_link_color":"FFCC4D","profile_sidebar_border_color":"000000","profile_sidebar_fill_color":"000000","profile_text_color":"000000","profile_use_background_image":true,"has_extended_profile":false,"default_profile":false,"default_profile_image":false,"following":false,"follow_request_sent":false,"notifications":false,"translator_type":"none"},"geo":null,"coordinates":null,"place":null,"contributors":null,"is_quote_status":false,"retweet_count":12094,"favorite_count":10265,"favorited":false,"retweeted":false,"possibly_sensitive":false,"lang":"ja"},{"created_at":"Thu Jul 06 01:29:18 +0000 2017","id":882773418491256800,"id_str":"882773418491256832","text":"🎁プレゼントキャンペーン🎁\nナイルのソロ初来日を記念して、FRESH!にて共演した與真司郎(AAA)さんとナイルのサイン色紙をセットで1名様にプレゼント😆💕\nフォロー&amp;RTで応募完了♪ 7/9〆切\n\n💿▷… https://t.co/jnhsnciQvH","truncated":true,"entities":{"hashtags":[],"symbols":[],"user_mentions":[],"urls":[{"url":"https://t.co/jnhsnciQvH","expanded_url":"https://twitter.com/i/web/status/882773418491256832","display_url":"twitter.com/i/web/status/8…","indices":[108,131]}]},"metadata":{"iso_language_code":"ja","result_type":"recent"},"source":"<a href=\"http://twitter.com/download/iphone\" rel=\"nofollow\">Twitter for iPhone</a>","in_reply_to_status_id":null,"in_reply_to_status_id_str":null,"in_reply_to_user_id":null,"in_reply_to_user_id_str":null,"in_reply_to_screen_name":null,"user":{"id":874512233933414400,"id_str":"874512233933414400","name":"Niall Horan JP","screen_name":"niall_horan_JP","location":"","description":"ユニバーサルインターナショナルによるナイル・ホーラン @niall_horan_JP 日本版公式ツイッター。最新ニュースをいち早くお届け！企画等にて投稿頂いた画像や動画は弊社のプロモーション目的で使用させて頂くことがございます。予めご了承ください。","url":"https://t.co/ePLqoihE8y","entities":{"url":{"urls":[{"url":"https://t.co/ePLqoihE8y","expanded_url":"http://www.universal-music.co.jp/niall-horan/","display_url":"universal-music.co.jp/niall-horan/","indices":[0,23]}]},"description":{"urls":[]}},"protected":false,"followers_count":9683,"friends_count":196,"listed_count":20,"created_at":"Tue Jun 13 06:22:19 +0000 2017","favourites_count":2,"utc_offset":32400,"time_zone":"Tokyo","geo_enabled":false,"verified":false,"statuses_count":90,"lang":"ja","contributors_enabled":false,"is_translator":false,"is_translation_enabled":false,"profile_background_color":"000000","profile_background_image_url":"http://abs.twimg.com/images/themes/theme1/bg.png","profile_background_image_url_https":"https://abs.twimg.com/images/themes/theme1/bg.png","profile_background_tile":false,"profile_image_url":"http://pbs.twimg.com/profile_images/877341077136564225/-j_WoeFd_normal.jpg","profile_image_url_https":"https://pbs.twimg.com/profile_images/877341077136564225/-j_WoeFd_normal.jpg","profile_banner_url":"https://pbs.twimg.com/profile_banners/874512233933414400/1497335510","profile_link_color":"ABB8C2","profile_sidebar_border_color":"000000","profile_sidebar_fill_color":"000000","profile_text_color":"000000","profile_use_background_image":false,"has_extended_profile":true,"default_profile":false,"default_profile_image":false,"following":false,"follow_request_sent":false,"notifications":false,"translator_type":"none"},"geo":null,"coordinates":null,"place":null,"contributors":null,"is_quote_status":false,"retweet_count":5844,"favorite_count":5951,"favorited":false,"retweeted":false,"possibly_sensitive":false,"lang":"ja"},{"created_at":"Thu Jul 06 01:14:47 +0000 2017","id":882769764334026800,"id_str":"882769764334026752","text":"現在「艦これ」運営鎮守府では、「艦これ」【夏】イベント2017：期間限定海域の作戦準備を進めています。今夏の作戦海域展開規模は、「大規模作戦」となる予定です。今夏展開予定の本作戦に参加を検討している提督の皆さん、艦隊戦力の拡充と戦備の充実をどうぞよろしくお願い致します！\n#艦これ","truncated":false,"entities":{"hashtags":[{"text":"艦これ","indices":[136,140]}],"symbols":[],"user_mentions":[],"urls":[]},"metadata":{"iso_language_code":"ja","result_type":"recent"},"source":"<a href=\"http://twitter.com\" rel=\"nofollow\">Twitter Web Client</a>","in_reply_to_status_id":null,"in_reply_to_status_id_str":null,"in_reply_to_user_id":null,"in_reply_to_user_id_str":null,"in_reply_to_screen_name":null,"user":{"id":294025417,"id_str":"294025417","name":"「艦これ」開発/運営","screen_name":"KanColle_STAFF","location":"東京都港区","description":"「艦隊これくしょん -艦これ-」開発/運営公式ツイッターです。メンテナンス情報やアップデート/イベント展開情報等を、できるだけ早く提督の皆さんにお伝えするよう努めます。「艦これ」は今春四周年を迎え、そして五年目の夏に突入しようとしています！応援頂いている提督の皆さん、本当にありがとうございます。","url":null,"entities":{"description":{"urls":[]}},"protected":false,"followers_count":1380126,"friends_count":27,"listed_count":21642,"created_at":"Fri May 06 11:59:23 +0000 2011","favourites_count":0,"utc_offset":28800,"time_zone":"Irkutsk","geo_enabled":false,"verified":false,"statuses_count":11591,"lang":"ja","contributors_enabled":false,"is_translator":false,"is_translation_enabled":false,"profile_background_color":"C0DEED","profile_background_image_url":"http://pbs.twimg.com/profile_background_images/378800000032757150/d7b9f7b5ef2f01620e4f0bf5f88018f7.jpeg","profile_background_image_url_https":"https://pbs.twimg.com/profile_background_images/378800000032757150/d7b9f7b5ef2f01620e4f0bf5f88018f7.jpeg","profile_background_tile":false,"profile_image_url":"http://pbs.twimg.com/profile_images/882038346788216832/o8p7QBfG_normal.jpg","profile_image_url_https":"https://pbs.twimg.com/profile_images/882038346788216832/o8p7QBfG_normal.jpg","profile_link_color":"0084B4","profile_sidebar_border_color":"FFFFFF","profile_sidebar_fill_color":"DDEEF6","profile_text_color":"333333","profile_use_background_image":true,"has_extended_profile":false,"default_profile":false,"default_profile_image":false,"following":false,"follow_request_sent":false,"notifications":false,"translator_type":"none"},"geo":null,"coordinates":null,"place":null,"contributors":null,"is_quote_status":false,"retweet_count":6012,"favorite_count":3325,"favorited":false,"retweeted":false,"lang":"ja"},{"created_at":"Thu Jul 06 01:01:57 +0000 2017","id":882766534568853500,"id_str":"882766534568853504","text":"【GAME2/2】「うたの☆プリンスさまっ♪Amazing Aria &amp; Sweet Serenade LOVE」新規ストーリー「まじかるイチコ☆リターンズ」キャラクター紹介を掲載しました。#utapri_AASSL… https://t.co/q7lXs5Rwz6","truncated":true,"entities":{"hashtags":[{"text":"utapri_AASSL","indices":[99,112]}],"symbols":[],"user_mentions":[],"urls":[{"url":"https://t.co/q7lXs5Rwz6","expanded_url":"https://twitter.com/i/web/status/882766534568853504","display_url":"twitter.com/i/web/status/8…","indices":[114,137]}]},"metadata":{"iso_language_code":"ja","result_type":"recent"},"source":"<a href=\"http://twitter.com\" rel=\"nofollow\">Twitter Web Client</a>","in_reply_to_status_id":null,"in_reply_to_status_id_str":null,"in_reply_to_user_id":null,"in_reply_to_user_id_str":null,"in_reply_to_screen_name":null,"user":{"id":402547102,"id_str":"402547102","name":"utapri_official","screen_name":"utapri_official","location":"","description":"「うたの☆プリンスさまっ♪」公式twitterです。 うた☆プリに関する情報をお知らせします。 ★当アカウントへのお客様からのご質問はお答え致しかねます。 お問い合わせはブロッコリーユーザーサポートまでお願い申し上げます。［ユーザーサポート］https://t.co/xRDBWd6chD","url":"http://t.co/33RXcz6lND","entities":{"url":{"urls":[{"url":"http://t.co/33RXcz6lND","expanded_url":"http://www.utapri.com","display_url":"utapri.com","indices":[0,22]}]},"description":{"urls":[{"url":"https://t.co/xRDBWd6chD","expanded_url":"http://www.broccoli.co.jp/support/","display_url":"broccoli.co.jp/support/","indices":[121,144]}]}},"protected":false,"followers_count":465260,"friends_count":14,"listed_count":11645,"created_at":"Tue Nov 01 07:25:18 +0000 2011","favourites_count":0,"utc_offset":32400,"time_zone":"Tokyo","geo_enabled":false,"verified":false,"statuses_count":2394,"lang":"ja","contributors_enabled":false,"is_translator":false,"is_translation_enabled":false,"profile_background_color":"FFFFCC","profile_background_image_url":"http://pbs.twimg.com/profile_background_images/451011471976046594/sugMw9yI.jpeg","profile_background_image_url_https":"https://pbs.twimg.com/profile_background_images/451011471976046594/sugMw9yI.jpeg","profile_background_tile":false,"profile_image_url":"http://pbs.twimg.com/profile_images/875613182164779008/-eOqe25Z_normal.jpg","profile_image_url_https":"https://pbs.twimg.com/profile_images/875613182164779008/-eOqe25Z_normal.jpg","profile_banner_url":"https://pbs.twimg.com/profile_banners/402547102/1491058816","profile_link_color":"0084B4","profile_sidebar_border_color":"FFFFFF","profile_sidebar_fill_color":"E8FFFE","profile_text_color":"333333","profile_use_background_image":false,"has_extended_profile":false,"default_profile":false,"default_profile_image":false,"following":false,"follow_request_sent":false,"notifications":false,"translator_type":"none"},"geo":null,"coordinates":null,"place":null,"contributors":null,"is_quote_status":false,"retweet_count":16720,"favorite_count":18180,"favorited":false,"retweeted":false,"possibly_sensitive":false,"lang":"ja"},{"created_at":"Thu Jul 06 01:00:06 +0000 2017","id":882766070141956100,"id_str":"882766070141956096","text":"＼締切まであと少し／\nリプライで当たりがわかる「ウィルキンソン・ハード無糖ドライ」キャンペーン実施中！！\n① @asahibeer_jp をフォロー\n②この投稿をRT\n今すぐチャレンジっ！！\n#ウィルキンソンハードプレゼント… https://t.co/4qT2uc5rIR","truncated":true,"entities":{"hashtags":[{"text":"ウィルキンソンハードプレゼント","indices":[96,112]}],"symbols":[],"user_mentions":[{"screen_name":"asahibeer_jp","name":"アサヒビール ASAHIBEER","id":561669474,"id_str":"561669474","indices":[55,68]}],"urls":[{"url":"https://t.co/4qT2uc5rIR","expanded_url":"https://twitter.com/i/web/status/882766070141956096","display_url":"twitter.com/i/web/status/8…","indices":[114,137]}]},"metadata":{"iso_language_code":"ja","result_type":"recent"},"source":"<a href=\"http://engagemanager.tribalmedia.co.jp/\" rel=\"nofollow\">EngageManager</a>","in_reply_to_status_id":null,"in_reply_to_status_id_str":null,"in_reply_to_user_id":null,"in_reply_to_user_id_str":null,"in_reply_to_screen_name":null,"user":{"id":561669474,"id_str":"561669474","name":"アサヒビール ASAHIBEER","screen_name":"asahibeer_jp","location":"","description":"アサヒビール公式です！飲酒は20歳になってから。飲酒運転は法律で禁止されています。フォローは20歳以上の方限定です。 【ご利用規約】https://t.co/87vTVzXt5G【お問い合わせ】https://t.co/2cgJAsil8T","url":"http://t.co/JKM5mqm9OI","entities":{"url":{"urls":[{"url":"http://t.co/JKM5mqm9OI","expanded_url":"http://www.asahibeer.co.jp/","display_url":"asahibeer.co.jp","indices":[0,22]}]},"description":{"urls":[{"url":"https://t.co/87vTVzXt5G","expanded_url":"https://goo.gl/LxiI3c","display_url":"goo.gl/LxiI3c","indices":[66,89]},{"url":"https://t.co/2cgJAsil8T","expanded_url":"https://goo.gl/aOceCQ","display_url":"goo.gl/aOceCQ","indices":[97,120]}]}},"protected":false,"followers_count":614162,"friends_count":30,"listed_count":1430,"created_at":"Tue Apr 24 00:28:13 +0000 2012","favourites_count":0,"utc_offset":32400,"time_zone":"Tokyo","geo_enabled":false,"verified":true,"statuses_count":572935,"lang":"ja","contributors_enabled":false,"is_translator":false,"is_translation_enabled":false,"profile_background_color":"FFFFFF","profile_background_image_url":"http://pbs.twimg.com/profile_background_images/378800000182351567/6y9isvcT.jpeg","profile_background_image_url_https":"https://pbs.twimg.com/profile_background_images/378800000182351567/6y9isvcT.jpeg","profile_background_tile":false,"profile_image_url":"http://pbs.twimg.com/profile_images/551878698152914944/JwmVmkeK_normal.png","profile_image_url_https":"https://pbs.twimg.com/profile_images/551878698152914944/JwmVmkeK_normal.png","profile_banner_url":"https://pbs.twimg.com/profile_banners/561669474/1496216924","profile_link_color":"0084B4","profile_sidebar_border_color":"FFFFFF","profile_sidebar_fill_color":"DDEEF6","profile_text_color":"333333","profile_use_background_image":true,"has_extended_profile":false,"default_profile":false,"default_profile_image":false,"following":false,"follow_request_sent":false,"notifications":false,"translator_type":"none"},"geo":null,"coordinates":null,"place":null,"contributors":null,"is_quote_status":false,"retweet_count":9487,"favorite_count":555,"favorited":false,"retweeted":false,"possibly_sensitive":false,"lang":"ja"},{"created_at":"Thu Jul 06 00:59:38 +0000 2017","id":882765950520393700,"id_str":"882765950520393728","text":"【フォロー&amp;RTで応募完了】 \nファンタジービーチの新作は”セイレーンの冠”を彷彿させるデザイン♡\nその美しさに見惚れる…♡\nSowali - ソワリ -を抽選で1名様にプレゼント！… https://t.co/MOCJzjPF0c","truncated":true,"entities":{"hashtags":[],"symbols":[],"user_mentions":[],"urls":[{"url":"https://t.co/MOCJzjPF0c","expanded_url":"https://twitter.com/i/web/status/882765950520393728","display_url":"twitter.com/i/web/status/8…","indices":[97,120]}]},"metadata":{"iso_language_code":"ja","result_type":"recent"},"source":"<a href=\"http://twitter.com\" rel=\"nofollow\">Twitter Web Client</a>","in_reply_to_status_id":null,"in_reply_to_status_id_str":null,"in_reply_to_user_id":null,"in_reply_to_user_id_str":null,"in_reply_to_screen_name":null,"user":{"id":350588237,"id_str":"350588237","name":"mayla classic","screen_name":"mayla_classic","location":"大阪府堺市","description":"出会った瞬間、体温が2℃あがる靴","url":"https://t.co/XUqUDaRT9g","entities":{"url":{"urls":[{"url":"https://t.co/XUqUDaRT9g","expanded_url":"http://mayla.jp","display_url":"mayla.jp","indices":[0,23]}]},"description":{"urls":[]}},"protected":false,"followers_count":201887,"friends_count":0,"listed_count":1169,"created_at":"Mon Aug 08 00:57:21 +0000 2011","favourites_count":18014,"utc_offset":32400,"time_zone":"Tokyo","geo_enabled":true,"verified":true,"statuses_count":5334,"lang":"ja","contributors_enabled":false,"is_translator":false,"is_translation_enabled":false,"profile_background_color":"FFFFFF","profile_background_image_url":"http://pbs.twimg.com/profile_background_images/443184949542137857/V9p8Bi_1.jpeg","profile_background_image_url_https":"https://pbs.twimg.com/profile_background_images/443184949542137857/V9p8Bi_1.jpeg","profile_background_tile":true,"profile_image_url":"http://pbs.twimg.com/profile_images/656021618230083584/BAc7JkQ9_normal.jpg","profile_image_url_https":"https://pbs.twimg.com/profile_images/656021618230083584/BAc7JkQ9_normal.jpg","profile_banner_url":"https://pbs.twimg.com/profile_banners/350588237/1499082163","profile_link_color":"EBDCDA","profile_sidebar_border_color":"FFFFFF","profile_sidebar_fill_color":"E6F6F9","profile_text_color":"333333","profile_use_background_image":true,"has_extended_profile":false,"default_profile":false,"default_profile_image":false,"following":false,"follow_request_sent":false,"notifications":false,"translator_type":"none"},"geo":null,"coordinates":null,"place":{"id":"452706fe6c7ad597","url":"https://api.twitter.com/1.1/geo/id/452706fe6c7ad597.json","place_type":"city","name":"Izumiotsu-shi","full_name":"Izumiotsu-shi, Osaka","country_code":"JP","country":"Japan","contained_within":[],"bounding_box":{"type":"Polygon","coordinates":[[[135.36716,34.481483],[135.446341,34.481483],[135.446341,34.532941],[135.36716,34.532941]]]},"attributes":{}},"contributors":null,"is_quote_status":false,"retweet_count":18312,"favorite_count":4250,"favorited":false,"retweeted":false,"possibly_sensitive":false,"lang":"ja"},{"created_at":"Thu Jul 06 00:41:03 +0000 2017","id":882761274970460200,"id_str":"882761274970460160","text":"夫にオタク趣味やめてもらうために妻が勝手に趣味の道具を捨てるのが流行ってるらしいけど\nオタク趣味がなくなった男は酒かセックスかギャンブルくらいしか楽しみがなくなるからアル中になるか浮気するかギャンブル狂いになるかで逆に大変なことになると思うんだけど\nそのへん覚悟してやめさせてる？","truncated":false,"entities":{"hashtags":[],"symbols":[],"user_mentions":[],"urls":[]},"metadata":{"iso_language_code":"ja","result_type":"recent"},"source":"<a href=\"http://twitter.com/download/iphone\" rel=\"nofollow\">Twitter for iPhone</a>","in_reply_to_status_id":null,"in_reply_to_status_id_str":null,"in_reply_to_user_id":null,"in_reply_to_user_id_str":null,"in_reply_to_screen_name":null,"user":{"id":756151424216469500,"id_str":"756151424216469506","name":"落伍犬","screen_name":"rakugoinu","location":"東京","description":"人間をやめて犬になりました🐶","url":null,"entities":{"description":{"urls":[]}},"protected":false,"followers_count":2570,"friends_count":775,"listed_count":85,"created_at":"Thu Jul 21 15:38:42 +0000 2016","favourites_count":27782,"utc_offset":-25200,"time_zone":"Pacific Time (US & Canada)","geo_enabled":false,"verified":false,"statuses_count":25521,"lang":"ja","contributors_enabled":false,"is_translator":false,"is_translation_enabled":false,"profile_background_color":"F5F8FA","profile_background_image_url":null,"profile_background_image_url_https":null,"profile_background_tile":false,"profile_image_url":"http://pbs.twimg.com/profile_images/841630282444759041/ohLcISdH_normal.jpg","profile_image_url_https":"https://pbs.twimg.com/profile_images/841630282444759041/ohLcISdH_normal.jpg","profile_banner_url":"https://pbs.twimg.com/profile_banners/756151424216469506/1489495272","profile_link_color":"1DA1F2","profile_sidebar_border_color":"C0DEED","profile_sidebar_fill_color":"DDEEF6","profile_text_color":"333333","profile_use_background_image":true,"has_extended_profile":true,"default_profile":true,"default_profile_image":false,"following":false,"follow_request_sent":false,"notifications":false,"translator_type":"none"},"geo":null,"coordinates":null,"place":null,"contributors":null,"is_quote_status":false,"retweet_count":6124,"favorite_count":4263,"favorited":false,"retweeted":false,"lang":"ja"},{"created_at":"Thu Jul 06 00:04:21 +0000 2017","id":882752038391627800,"id_str":"882752038391627776","text":"あらためまして。\nこの日。 https://t.co/1cD8VdMTPZ","truncated":false,"entities":{"hashtags":[],"symbols":[],"user_mentions":[],"urls":[],"media":[{"id":882752032796430300,"id_str":"882752032796430336","indices":[14,37],"media_url":"http://pbs.twimg.com/media/DEAqS_uV0AAxVqm.jpg","media_url_https":"https://pbs.twimg.com/media/DEAqS_uV0AAxVqm.jpg","url":"https://t.co/1cD8VdMTPZ","display_url":"pic.twitter.com/1cD8VdMTPZ","expanded_url":"https://twitter.com/UVERworld_dR2/status/882752038391627776/photo/1","type":"photo","sizes":{"large":{"w":1192,"h":428,"resize":"fit"},"thumb":{"w":150,"h":150,"resize":"crop"},"small":{"w":680,"h":244,"resize":"fit"},"medium":{"w":1192,"h":428,"resize":"fit"}}}]},"extended_entities":{"media":[{"id":882752032796430300,"id_str":"882752032796430336","indices":[14,37],"media_url":"http://pbs.twimg.com/media/DEAqS_uV0AAxVqm.jpg","media_url_https":"https://pbs.twimg.com/media/DEAqS_uV0AAxVqm.jpg","url":"https://t.co/1cD8VdMTPZ","display_url":"pic.twitter.com/1cD8VdMTPZ","expanded_url":"https://twitter.com/UVERworld_dR2/status/882752038391627776/photo/1","type":"photo","sizes":{"large":{"w":1192,"h":428,"resize":"fit"},"thumb":{"w":150,"h":150,"resize":"crop"},"small":{"w":680,"h":244,"resize":"fit"},"medium":{"w":1192,"h":428,"resize":"fit"}}}]},"metadata":{"iso_language_code":"ja","result_type":"recent"},"source":"<a href=\"http://twitter.com/download/iphone\" rel=\"nofollow\">Twitter for iPhone</a>","in_reply_to_status_id":882624065986371600,"in_reply_to_status_id_str":"882624065986371584","in_reply_to_user_id":150742452,"in_reply_to_user_id_str":"150742452","in_reply_to_screen_name":"UVERworld_dR2","user":{"id":150742452,"id_str":"150742452","name":"UVERworld_Staff_dRⅡ","screen_name":"UVERworld_dR2","location":"東京都","description":"どうも。UVERworldのスタッフです。 マル秘話はほどほどに。。。 注：基本的に、お問い合わせは受け付けていません。それぞれの事項のお問い合わせにお願いします。 本人もたまに登場します。","url":"https://t.co/koLALyUiHb","entities":{"url":{"urls":[{"url":"https://t.co/koLALyUiHb","expanded_url":"http://www.uverworld.com","display_url":"uverworld.com","indices":[0,23]}]},"description":{"urls":[]}},"protected":false,"followers_count":366115,"friends_count":148,"listed_count":2349,"created_at":"Tue Jun 01 18:13:28 +0000 2010","favourites_count":7,"utc_offset":32400,"time_zone":"Tokyo","geo_enabled":true,"verified":true,"statuses_count":27979,"lang":"ja","contributors_enabled":false,"is_translator":false,"is_translation_enabled":false,"profile_background_color":"C0DEED","profile_background_image_url":"http://abs.twimg.com/images/themes/theme1/bg.png","profile_background_image_url_https":"https://abs.twimg.com/images/themes/theme1/bg.png","profile_background_tile":false,"profile_image_url":"http://pbs.twimg.com/profile_images/822057816378642432/Ev4abe3T_normal.jpg","profile_image_url_https":"https://pbs.twimg.com/profile_images/822057816378642432/Ev4abe3T_normal.jpg","profile_banner_url":"https://pbs.twimg.com/profile_banners/150742452/1499299414","profile_link_color":"1DA1F2","profile_sidebar_border_color":"C0DEED","profile_sidebar_fill_color":"DDEEF6","profile_text_color":"333333","profile_use_background_image":true,"has_extended_profile":false,"default_profile":true,"default_profile_image":false,"following":false,"follow_request_sent":false,"notifications":false,"translator_type":"none"},"geo":null,"coordinates":null,"place":null,"contributors":null,"is_quote_status":false,"retweet_count":6968,"favorite_count":16341,"favorited":false,"retweeted":false,"possibly_sensitive":false,"lang":"ja"},{"created_at":"Thu Jul 06 00:03:52 +0000 2017","id":882751915599183900,"id_str":"882751915599183872","text":"ガンプラを捨てた嫁で炎上する一方で、旦那と私で同じバルバトスを買ってしまい、旦那に「塗装に失敗したからお前のバルバトスくれ」と言われ大喧嘩に発展した夫婦もここにいます。","truncated":false,"entities":{"hashtags":[],"symbols":[],"user_mentions":[],"urls":[]},"metadata":{"iso_language_code":"ja","result_type":"recent"},"source":"<a href=\"http://twitter.com/download/iphone\" rel=\"nofollow\">Twitter for iPhone</a>","in_reply_to_status_id":null,"in_reply_to_status_id_str":null,"in_reply_to_user_id":null,"in_reply_to_user_id_str":null,"in_reply_to_screen_name":null,"user":{"id":791108146324398100,"id_str":"791108146324398084","name":"うさみん＠1歳子育て中","screen_name":"usamin_usa","location":"","description":"絵とか趣味で描きます。絶賛1歳児子育て中。子育てとか未知の領域。日々テンパってる。自分用にほしいものをどんどんつぶやきます。","url":"https://t.co/ZBrqtYvX5a","entities":{"url":{"urls":[{"url":"https://t.co/ZBrqtYvX5a","expanded_url":"http://usamin00.seesaa.net/","display_url":"usamin00.seesaa.net","indices":[0,23]}]},"description":{"urls":[]}},"protected":false,"followers_count":79,"friends_count":34,"listed_count":1,"created_at":"Wed Oct 26 02:44:14 +0000 2016","favourites_count":31,"utc_offset":null,"time_zone":null,"geo_enabled":false,"verified":false,"statuses_count":199,"lang":"ja","contributors_enabled":false,"is_translator":false,"is_translation_enabled":false,"profile_background_color":"F5F8FA","profile_background_image_url":null,"profile_background_image_url_https":null,"profile_background_tile":false,"profile_image_url":"http://pbs.twimg.com/profile_images/806516048715354114/Zz1D8XMa_normal.jpg","profile_image_url_https":"https://pbs.twimg.com/profile_images/806516048715354114/Zz1D8XMa_normal.jpg","profile_banner_url":"https://pbs.twimg.com/profile_banners/791108146324398084/1478483571","profile_link_color":"1DA1F2","profile_sidebar_border_color":"C0DEED","profile_sidebar_fill_color":"DDEEF6","profile_text_color":"333333","profile_use_background_image":true,"has_extended_profile":false,"default_profile":true,"default_profile_image":false,"following":false,"follow_request_sent":false,"notifications":false,"translator_type":"none"},"geo":null,"coordinates":null,"place":null,"contributors":null,"is_quote_status":false,"retweet_count":4897,"favorite_count":3788,"favorited":false,"retweeted":false,"lang":"ja"}],"search_metadata":{"completed_in":0.714,"max_id":882839489239957500,"max_id_str":"882839489239957505","next_results":"?max_id=882751915599183871&q=lang%3Aja%20min_retweets%3A5000&include_entities=1","query":"lang%3Aja+min_retweets%3A5000","refresh_url":"?since_id=882839489239957505&q=lang%3Aja%20min_retweets%3A5000&include_entities=1","count":15,"since_id":0,"since_id_str":"0"}}